Name,X,Y,BlueF,GreenF,RedF,Parallax,RadialVelocity,Variable?
FrontS77255,32.6631,-28.2748,1.489e-18,2.026e-18,2.730e-18,0.0005,1.95,0
FrontS77256,32.1918,-28.0077,1.002e-16,9.570e-17,6.272e-17,-0.0001,1.97,0
FrontS77257,32.6379,-27.1993,4.255e-19,6.611e-19,1.198e-18,-0.0001,-1.04,0
FrontS77258,32.2186,-28.1950,9.045e-17,8.914e-17,6.081e-17,0.0007,0.3,0
FrontS77259,32.6887,-26.7238,5.017e-17,4.939e-17,3.474e-17,0.0007,-2.63,0
FrontS77263,32.6068,-27.7244,3.913e-17,4.187e-17,3.432e-17,0.0004,1.97,0
FrontS77264,31.9620,-28.6546,4.845e-19,7.632e-19,1.410e-18,0.0002,4.77,0
FrontS77265,33.2146,-27.4508,2.971e-18,3.716e-18,4.215e-18,0.0006,-3.81,0
FrontS77266,31.3995,-27.2451,2.582e-16,5.558e-16,2.068e-15,0.0001,1.75,0
FrontS77267,32.4759,-28.6273,9.564e-19,1.356e-18,2.031e-18,0.001,-0.1,0
FrontS77269,32.3299,-28.4374,1.194e-19,2.050e-19,4.670e-19,0.0007,3.27,0
FrontS77270,31.7469,-28.1706,9.393e-17,8.935e-17,5.994e-17,0.0005,-1.35,0
FrontS77271,32.2141,-28.0461,2.342e-16,3.336e-16,5.041e-16,0.0009,2.14,0
FrontS77272,32.5254,-28.0533,1.332e-18,1.856e-18,2.598e-18,0.0004,-0.52,0
FrontS77273,33.3806,-28.5238,3.381e-20,6.839e-20,2.146e-19,0.0005,2.31,0
FrontS77274,32.1141,-27.7720,3.584e-16,2.941e-16,1.479e-16,0.0011,-4.34,0
FrontS77275,32.7066,-28.5440,1.507e-18,1.926e-18,2.280e-18,0.0009,-1.32,0
FrontS77276,33.0008,-28.0572,3.195e-17,3.420e-17,2.910e-17,0.0007,-2.46,0
FrontS77278,31.9190,-28.4930,3.938e-16,7.526e-16,2.115e-15,0.0019,0.23,0
FrontS77279,31.9231,-27.5500,6.740e-20,1.278e-19,3.536e-19,0.0003,3.09,0
FrontS77280,31.6465,-27.5857,1.680e-13,1.099e-13,3.433e-14,-0.0,1.26,0
FrontS77281,32.7210,-27.9574,2.162e-15,1.693e-15,7.679e-16,0.0012,-1.67,1
FrontS77282,32.7716,-27.6481,2.497e-16,2.215e-16,1.246e-16,0.0005,-2.2,0
FrontS77284,31.6781,-28.0044,1.281e-19,2.210e-19,4.988e-19,0.0002,-0.12,0
FrontS77285,32.5175,-27.4276,1.747e-16,2.988e-16,6.363e-16,-0.0001,-2.9,0
FrontS77286,33.4642,-28.3547,9.178e-20,1.584e-19,3.570e-19,0.0009,-4.95,0
FrontS77287,32.6280,-27.8527,3.710e-16,3.266e-16,1.789e-16,0.0013,-2.42,0
FrontS77288,32.4151,-27.5814,2.165e-17,2.420e-17,2.197e-17,0.0002,-1.13,0
FrontS77290,32.3229,-28.9662,2.348e-18,3.000e-18,3.549e-18,0.0002,-4.54,0
FrontS77291,32.5197,-27.8782,1.858e-17,2.191e-17,2.153e-17,0.0005,-0.22,0
FrontS77292,31.2070,-27.1935,3.672e-20,6.966e-20,1.975e-19,0.0003,3.59,0
FrontS77293,33.1407,-27.7440,1.497e-15,1.144e-15,4.636e-16,0.0006,5.01,0
FrontS77294,32.4307,-27.7665,2.403e-20,4.714e-20,1.383e-19,0.0006,-1.12,0
FrontS77295,32.9492,-28.4607,6.460e-16,5.372e-16,2.574e-16,-0.0003,2.68,0
FrontS77296,32.2609,-28.5549,1.702e-16,2.812e-16,5.791e-16,-0.0005,-2.38,0
FrontS77298,31.8326,-26.7048,9.497e-18,1.131e-17,1.159e-17,0.0009,3.25,0
FrontS77301,32.9405,-27.4692,2.609e-16,2.307e-16,1.291e-16,0.0,-3.4,0
FrontS77302,31.9032,-28.6022,1.280e-17,1.432e-17,1.324e-17,0.0006,-2.02,0
FrontS77304,32.8119,-28.4341,4.989e-16,4.205e-16,2.122e-16,-0.0002,-0.78,0
FrontS77306,33.2207,-27.0888,8.579e-12,6.160e-12,2.334e-12,-0.0005,0.78,0
FrontS77307,34.3447,-27.6697,5.805e-16,4.814e-16,2.420e-16,0.0004,1.02,0
FrontS77308,32.7387,-27.9748,1.785e-16,1.592e-16,9.302e-17,0.0002,-1.06,0
FrontS77309,32.4633,-27.8862,4.119e-12,3.171e-12,1.355e-12,0.0002,2.58,0
FrontS77310,34.1226,-29.0301,7.736e-17,1.389e-16,3.242e-16,0.0007,5.07,0
FrontS77311,32.7649,-28.3908,2.894e-18,3.546e-18,3.986e-18,0.0007,-3.72,0
FrontS77312,32.5138,-27.8591,1.196e-16,2.775e-16,1.129e-15,0.0004,0.51,0
FrontS77315,32.1356,-26.6828,9.080e-19,1.222e-18,1.665e-18,-0.0004,3.34,0
FrontS77316,33.0328,-28.1263,2.438e-16,2.163e-16,1.240e-16,0.0007,-1.66,0
FrontS77317,31.3685,-28.6280,8.144e-16,1.304e-15,2.445e-15,0.0007,-3.91,0
FrontS77318,31.8200,-27.2951,5.458e-17,5.411e-17,3.746e-17,0.0001,2.45,0
FrontS77319,32.7568,-27.6299,9.548e-20,1.765e-19,4.414e-19,0.0002,3.17,0
FrontS77321,32.3257,-26.8982,1.718e-18,2.391e-18,3.227e-18,0.0002,-0.24,0
FrontS77322,32.1454,-27.4549,2.278e-16,3.995e-16,9.537e-16,0.0004,-2.31,0
FrontS77323,32.0109,-27.1312,9.089e-19,1.253e-18,1.789e-18,0.0005,2.63,0
FrontS77325,31.8356,-28.4253,1.961e-16,4.202e-16,1.464e-15,-0.0003,4.89,0
FrontS77326,32.7909,-28.7220,3.067e-16,6.477e-16,2.154e-15,0.0005,3.1,0
FrontS77327,33.4523,-28.1634,2.684e-16,4.701e-16,1.122e-15,0.0012,-2.02,0
FrontS77328,32.6488,-28.5300,2.730e-16,2.377e-16,1.268e-16,-0.0,1.62,0
FrontS77329,33.2551,-28.1857,5.965e-20,1.126e-19,3.112e-19,0.0008,-4.65,0
FrontS77330,31.7661,-27.4899,2.659e-17,2.875e-17,2.336e-17,0.0008,2.88,0
FrontS77331,31.8538,-27.8089,1.574e-12,1.046e-12,3.325e-13,0.0001,0.93,0
FrontS77332,31.8903,-27.1320,1.337e-16,1.271e-16,7.983e-17,0.0005,-0.5,0
FrontS77334,31.7486,-27.7279,5.866e-17,5.966e-17,4.481e-17,0.0011,-2.44,0
FrontS77335,32.3760,-28.4290,1.960e-17,2.261e-17,2.161e-17,0.0009,1.09,0
FrontS77336,33.0747,-27.8613,8.524e-20,1.485e-19,3.403e-19,-0.0006,-3.4,0
FrontS77337,31.8466,-26.9601,3.199e-16,2.806e-16,1.562e-16,0.0008,-2.87,0
FrontS77339,31.0822,-26.5597,9.889e-18,1.102e-17,1.013e-17,-0.0001,-4.76,0
FrontS77341,31.5669,-28.5642,9.873e-20,1.699e-19,3.791e-19,-0.0004,2.14,0
FrontS77343,32.8343,-28.0079,1.575e-16,2.868e-16,6.797e-16,0.0003,1.46,0
FrontS77344,31.9100,-27.3837,2.190e-16,3.485e-16,6.502e-16,0.0012,-0.84,0
FrontS77345,33.5514,-28.9361,3.079e-17,3.323e-17,2.812e-17,0.0005,-3.53,0
FrontS77347,32.5021,-28.1150,1.213e-11,1.094e-11,6.677e-12,0.0003,0.11,1
FrontS77348,32.1220,-26.8669,1.149e-15,2.743e-15,1.228e-14,-0.0006,-2.73,0
FrontS77351,32.8527,-27.5897,6.030e-17,5.980e-17,4.345e-17,-0.0,2.17,0
FrontS77352,32.2432,-27.3046,6.634e-17,1.172e-16,2.739e-16,0.0001,0.2,0
FrontS77353,32.1750,-27.4477,1.126e-15,9.055e-16,4.315e-16,-0.0003,1.57,0
FrontS77354,32.9577,-27.7487,2.337e-20,4.813e-20,1.491e-19,0.0006,2.33,0
FrontS77356,31.9336,-27.4974,6.750e-16,5.721e-16,3.002e-16,0.0008,0.43,0
FrontS77357,33.0498,-27.3955,1.939e-16,3.091e-16,5.975e-16,0.0005,0.67,0
FrontS77358,32.7732,-28.0421,4.005e-16,6.191e-16,1.126e-15,0.0007,2.73,0
FrontS77361,31.7783,-27.6594,1.061e-18,1.540e-18,2.393e-18,0.0003,-1.78,0
FrontS77362,32.4584,-27.8736,2.454e-17,2.735e-17,2.453e-17,0.0003,0.87,0
FrontS77363,31.8246,-28.4028,1.842e-16,1.702e-16,1.032e-16,0.0008,-0.25,0
FrontS77364,32.6905,-28.5688,1.004e-18,1.445e-18,2.180e-18,0.0002,-1.03,0
FrontS77366,32.4998,-28.1125,9.025e-18,1.013e-17,9.260e-18,0.001,-0.53,0
FrontS77367,32.7923,-27.6003,6.868e-16,1.495e-15,5.238e-15,0.0015,2.24,0
FrontS77368,32.1102,-28.0775,9.004e-12,7.009e-12,3.084e-12,0.0008,-1.87,1
FrontS77369,33.2941,-28.4908,9.724e-20,1.706e-19,3.912e-19,0.0007,0.21,0
FrontS77370,31.8399,-27.4715,1.619e-16,1.451e-16,8.174e-17,0.0011,2.57,0
FrontS77371,32.0576,-26.9256,8.222e-17,8.070e-17,5.513e-17,0.0013,2.77,0
FrontS77372,31.8482,-27.6311,2.779e-17,2.866e-17,2.242e-17,0.0,-0.19,0
FrontS77374,31.7940,-27.6324,6.943e-19,9.559e-19,1.333e-18,0.001,2.87,0
FrontS77375,32.9638,-28.7198,3.350e-20,6.307e-20,1.694e-19,0.0001,2.83,0
FrontS77376,32.5418,-28.1273,1.146e-16,1.051e-16,6.396e-17,0.0003,3.49,0
FrontS77377,32.9730,-28.9164,6.214e-17,6.090e-17,4.332e-17,0.0006,-2.07,0
FrontS77378,33.1328,-27.7422,1.908e-16,3.286e-16,7.544e-16,0.0003,2.86,0
FrontS77379,32.1168,-27.4171,1.944e-18,2.645e-18,3.648e-18,0.0003,2.62,0
FrontS77382,33.0120,-28.4322,1.576e-15,1.246e-15,5.342e-16,-0.0004,-2.56,1
FrontS77383,32.5680,-28.3593,2.015e-17,2.038e-17,1.564e-17,0.0009,1.59,0
FrontS77384,32.4733,-27.2609,5.509e-12,5.891e-12,4.815e-12,0.0011,-3.33,1
FrontS77386,33.2787,-27.3031,2.518e-18,3.181e-18,3.752e-18,0.0004,-4.84,0
FrontS77387,33.3226,-28.2512,1.234e-17,1.456e-17,1.433e-17,0.0006,-4.17,0
FrontS77388,32.2710,-27.3389,4.104e-16,7.995e-16,2.336e-15,0.0002,-0.45,0
FrontS77391,32.6560,-27.2706,1.730e-17,1.908e-17,1.769e-17,0.0001,-0.57,0
FrontS77400,32.4567,-27.5931,6.556e-20,1.136e-19,2.539e-19,-0.0001,-5.16,0
FrontS77401,32.7075,-27.9532,1.616e-16,1.478e-16,9.004e-17,0.0012,4.05,0
FrontS77404,31.8392,-28.5611,5.702e-17,5.658e-17,3.927e-17,0.0004,4.89,0
FrontS77406,32.0981,-27.3142,7.269e-20,1.283e-19,2.970e-19,0.0007,2.98,0
FrontS77407,32.2868,-27.1494,6.219e-16,1.373e-15,5.415e-15,0.0014,2.66,0
FrontS77408,32.5763,-27.5886,9.844e-20,1.759e-19,4.435e-19,0.0011,-0.09,0
FrontS77409,33.0006,-28.3252,1.762e-19,2.992e-19,6.564e-19,0.0003,-0.48,0
FrontS77410,32.5827,-28.4372,4.456e-17,4.236e-17,2.845e-17,0.0008,1.22,0
FrontS77411,32.6468,-28.8688,3.562e-17,3.587e-17,2.583e-17,-0.0007,3.0,0
FrontS77412,31.6599,-27.4492,3.351e-16,3.059e-16,1.804e-16,0.0007,-0.82,0
FrontS77413,32.6919,-28.2072,3.747e-17,3.838e-17,2.931e-17,0.0011,3.05,0
FrontS77417,32.2180,-27.8700,9.465e-16,8.101e-16,4.347e-16,-0.0003,2.38,0
FrontS77418,32.1778,-27.8711,7.115e-12,4.954e-12,1.752e-12,0.0013,1.68,0
FrontS77421,33.7413,-28.1958,1.795e-19,3.084e-19,6.776e-19,0.0003,-0.98,0
FrontS77422,32.3435,-27.4625,3.534e-18,4.231e-18,4.379e-18,0.0002,1.31,0
FrontS77423,33.5513,-27.4627,5.054e-18,6.389e-18,7.418e-18,-0.0005,-2.84,0
FrontS77424,31.8662,-27.2565,1.399e-18,1.989e-18,2.995e-18,0.0008,-0.8,0
FrontS77426,32.5967,-27.5139,1.975e-12,1.325e-12,4.329e-13,0.001,-3.0,0
FrontS77428,32.7123,-28.1293,1.044e-17,1.170e-17,1.103e-17,0.0003,0.75,0
FrontS77429,31.4899,-27.5327,1.216e-15,1.004e-15,4.786e-16,0.0006,-0.95,0
FrontS77430,32.6638,-28.7395,4.421e-20,7.481e-20,1.649e-19,0.0009,-1.0,0
FrontS77431,32.8218,-26.9269,1.516e-15,1.207e-15,5.719e-16,0.0001,-2.87,0
FrontS77433,31.4247,-26.9873,8.354e-18,9.419e-18,8.946e-18,0.0002,-0.51,0
FrontS77435,32.3330,-27.9660,1.140e-17,1.248e-17,1.071e-17,-0.0001,1.71,0
FrontS77436,31.2682,-26.9440,1.109e-20,2.183e-20,6.463e-20,0.0008,5.44,0
FrontS77437,32.7500,-27.1097,1.644e-18,2.088e-18,2.465e-18,0.0007,-3.11,0
FrontS77438,32.5472,-27.2395,1.142e-20,2.478e-20,9.072e-20,-0.0003,-3.08,0
FrontS77439,31.7870,-27.2367,1.903e-20,4.113e-20,1.451e-19,0.001,1.11,0
FrontS77440,31.6894,-27.3035,4.575e-16,3.767e-16,1.869e-16,0.0005,2.73,0
FrontS77442,31.8352,-26.7730,7.013e-19,1.116e-18,2.038e-18,0.0003,2.34,0
FrontS77444,31.9515,-26.9750,2.645e-18,3.418e-18,4.164e-18,0.0007,-0.45,0
FrontS77445,33.0338,-28.5040,2.097e-20,4.308e-20,1.402e-19,0.0002,-0.27,0
FrontS77446,32.7724,-27.2382,5.023e-20,8.840e-20,2.087e-19,0.0006,3.75,0
FrontS77447,32.7906,-27.0185,2.334e-17,2.570e-17,2.227e-17,0.0006,-4.89,0
FrontS77448,31.6029,-27.3777,4.332e-19,6.652e-19,1.137e-18,0.0004,0.15,0
FrontS77450,32.0440,-26.6548,9.181e-18,1.029e-17,9.417e-18,0.0011,0.17,0
FrontS77451,33.7652,-28.2379,3.375e-16,2.716e-16,1.296e-16,0.001,4.58,0
FrontS77452,31.8800,-27.4736,1.381e-18,1.900e-18,2.702e-18,0.001,-0.79,0
FrontS77454,32.6185,-28.1035,4.233e-12,2.919e-12,9.976e-13,0.001,-3.06,0
FrontS77455,32.3479,-27.9467,2.260e-17,2.317e-17,1.809e-17,0.0007,1.97,0
FrontS77457,32.2441,-27.3201,4.295e-16,1.073e-15,5.063e-15,0.0004,-3.63,0
FrontS77458,32.4841,-27.1057,2.469e-20,4.745e-20,1.371e-19,-0.0003,1.23,0
FrontS77459,31.4058,-27.7794,8.723e-16,6.853e-16,3.105e-16,0.0008,-1.16,0
FrontS77460,33.2808,-28.1817,4.013e-19,5.972e-19,9.842e-19,0.0003,2.61,0
FrontS77461,32.0771,-27.8909,1.093e-16,1.063e-16,7.198e-17,0.0008,2.56,0
FrontS77463,32.7844,-28.3676,8.695e-17,1.530e-16,3.439e-16,0.0004,0.19,0
FrontS77464,31.3098,-26.7414,3.182e-17,3.306e-17,2.551e-17,0.001,2.5,0
FrontS77465,33.1670,-27.7799,7.052e-20,1.222e-19,2.670e-19,0.0003,-1.49,0
FrontS77466,32.0352,-27.3857,2.834e-16,2.525e-16,1.450e-16,0.0006,-3.11,0
FrontS77467,32.4033,-28.1219,1.943e-16,3.783e-16,1.070e-15,0.0006,-2.67,0
FrontS77473,32.7088,-28.0784,6.951e-16,5.837e-16,3.037e-16,0.0011,4.3,0
FrontS77474,31.8833,-27.5410,1.334e-20,2.873e-20,1.020e-19,0.0003,-1.37,0
FrontS77475,33.2145,-28.7160,5.508e-16,4.792e-16,2.576e-16,0.0002,-0.99,0
FrontS77477,32.7331,-27.4359,1.769e-15,1.382e-15,6.049e-16,-0.0004,-2.23,1
FrontS77478,32.3826,-27.5674,1.268e-16,1.148e-16,6.773e-17,-0.0002,-1.08,0
FrontS77481,32.3765,-26.4700,6.442e-17,6.110e-17,3.945e-17,0.0004,-0.15,0
FrontS77482,32.4956,-27.4940,1.995e-16,3.308e-16,6.966e-16,-0.0,-4.59,0
FrontS77485,32.2951,-27.4566,4.717e-16,8.209e-16,1.890e-15,0.0013,-0.44,0
FrontS77487,31.7422,-27.5986,3.273e-20,6.342e-20,1.771e-19,0.0001,-1.76,0
FrontS77489,33.1461,-27.5663,2.249e-19,3.488e-19,6.134e-19,0.0006,-2.52,0
FrontS77490,31.3195,-28.2995,1.379e-16,2.376e-16,5.093e-16,0.0003,-0.52,0
FrontS77491,32.8109,-27.3520,1.746e-15,1.412e-15,6.730e-16,-0.0003,0.16,0
FrontS77492,32.0930,-27.1631,4.432e-16,3.819e-16,2.015e-16,0.0009,-4.06,0
FrontS77493,32.5500,-28.3882,1.123e-17,1.226e-17,1.062e-17,0.0007,-2.06,0
FrontS77494,31.7134,-28.1509,4.383e-18,5.647e-18,7.180e-18,0.0004,-3.93,0
FrontS77495,32.0360,-27.7637,4.096e-16,7.946e-16,2.331e-15,0.0007,-2.43,0
FrontS77498,32.2850,-26.9247,2.865e-18,3.688e-18,4.486e-18,0.0003,4.18,0
FrontS77499,32.6000,-26.6203,2.365e-17,2.386e-17,1.835e-17,-0.0006,0.38,0
FrontS77500,33.1350,-27.8333,5.671e-17,5.753e-17,4.229e-17,-0.0001,2.26,0
FrontS77501,33.3497,-28.3278,4.165e-19,6.531e-19,1.190e-18,0.0015,0.88,0
FrontS77503,31.2242,-27.8150,2.468e-18,3.189e-18,3.847e-18,0.0009,2.33,0
FrontS77504,33.0759,-28.1575,3.339e-16,5.148e-16,9.389e-16,0.0008,-2.35,0
FrontS77505,33.0079,-28.7510,3.056e-18,3.838e-18,4.430e-18,-0.0,-3.98,0
FrontS77508,33.8054,-27.9454,1.485e-16,2.935e-16,9.062e-16,0.0004,3.49,0
FrontS77509,32.4776,-28.7110,3.883e-18,4.793e-18,5.240e-18,0.001,3.81,0
FrontS77512,33.0240,-28.3911,2.159e-17,2.325e-17,1.936e-17,0.0004,-3.57,0
FrontS77513,32.5780,-27.6569,6.937e-17,7.032e-17,5.379e-17,0.0008,0.88,0
FrontS77514,31.8795,-26.9088,1.154e-15,9.429e-16,4.589e-16,0.0007,-1.7,0
FrontS77515,32.3840,-27.4517,2.406e-16,2.090e-16,1.153e-16,0.0015,-1.12,0
FrontS77516,32.5905,-27.4520,7.460e-18,8.129e-18,7.258e-18,0.0006,4.21,0
FrontS77517,32.3271,-27.5619,1.062e-19,1.941e-19,4.707e-19,0.0009,-3.3,0
FrontS77518,32.0877,-27.2176,1.984e-17,2.163e-17,1.872e-17,0.0004,-1.17,0
FrontS77519,32.7727,-28.1653,1.987e-16,1.894e-16,1.276e-16,-0.0003,-4.72,0
FrontS77520,32.2819,-27.3219,7.769e-18,9.833e-18,1.133e-17,0.0001,-0.53,0
FrontS77521,31.9460,-27.9685,1.572e-15,1.263e-15,5.786e-16,0.0009,3.39,0
FrontS77522,31.5572,-27.7581,8.388e-19,1.156e-18,1.638e-18,0.001,-0.1,0
FrontS77523,31.9109,-28.5823,1.346e-18,1.844e-18,2.440e-18,0.0007,3.37,0
FrontS77524,32.3213,-28.1070,3.238e-18,4.033e-18,4.703e-18,0.0014,-4.63,0
FrontS77525,32.1873,-27.0528,5.113e-19,7.351e-19,1.106e-18,0.0006,-3.69,0
FrontS77526,32.9948,-27.1410,6.229e-18,7.421e-18,7.960e-18,-0.0,2.83,1
FrontS77527,32.5352,-27.7019,3.358e-16,8.072e-16,3.493e-15,-0.0003,-2.05,0
FrontS77528,33.4477,-27.7288,1.129e-20,2.425e-20,8.715e-20,0.0007,2.38,0
FrontS77529,31.5686,-28.1288,2.655e-16,4.936e-16,1.261e-15,-0.0001,0.34,0
FrontS77530,33.3084,-28.6000,1.274e-17,1.532e-17,1.563e-17,0.0003,-4.76,0
FrontS77531,33.3478,-28.3044,2.800e-19,4.232e-19,7.441e-19,0.0004,-4.44,0
FrontS77532,31.4972,-27.6469,3.867e-19,5.957e-19,1.076e-18,0.0003,0.13,0
FrontS77533,32.6685,-27.7817,2.096e-15,1.650e-15,7.164e-16,0.001,1.87,1
FrontS77534,31.8241,-26.5833,1.179e-18,1.677e-18,2.450e-18,0.001,-4.28,0
FrontS77535,32.2207,-27.7027,1.958e-16,4.179e-16,1.469e-15,-0.0003,3.09,0
FrontS77536,33.2459,-27.7309,4.889e-18,6.028e-18,6.740e-18,0.0007,4.91,0
FrontS77537,32.9047,-28.3951,9.390e-19,1.359e-18,2.122e-18,0.0015,-2.56,0
FrontS77538,33.1720,-27.8723,1.398e-16,2.566e-16,6.584e-16,0.0006,-0.04,0
FrontS77540,31.5345,-26.5253,4.768e-19,7.017e-19,1.149e-18,0.0004,-3.38,0
FrontS77541,32.5105,-28.0720,1.162e-17,1.257e-17,1.108e-17,-0.0001,2.08,0
FrontS77542,32.9095,-27.2701,1.697e-16,3.065e-16,7.699e-16,0.0009,1.73,0
FrontS77544,32.4241,-27.3864,2.858e-17,2.942e-17,2.288e-17,-0.0003,1.59,0
FrontS77547,32.9888,-26.9742,5.087e-18,5.828e-18,5.671e-18,0.0003,-0.17,0
FrontS77548,31.9135,-27.7308,4.541e-18,5.040e-18,4.658e-18,0.0009,1.66,0
FrontS77549,31.9812,-27.6212,7.605e-18,8.897e-18,9.041e-18,0.0005,-3.58,0
FrontS77550,31.1463,-28.1976,1.776e-16,2.898e-16,5.842e-16,-0.0001,-3.2,0
FrontS77551,32.5093,-28.2095,1.137e-15,9.148e-16,4.351e-16,-0.0001,0.51,0
FrontS77552,31.9725,-27.2466,8.219e-19,1.152e-18,1.758e-18,-0.0004,-1.64,0
FrontS77555,33.3204,-28.3802,3.109e-16,2.722e-16,1.536e-16,0.0003,-5.36,0
FrontS77556,31.3070,-26.5338,1.802e-16,3.200e-16,7.873e-16,0.001,4.34,0
FrontS77557,32.3879,-28.1159,3.744e-17,3.868e-17,3.025e-17,0.0011,1.02,0
FrontS77558,33.1948,-27.3848,3.528e-20,6.855e-20,1.941e-19,0.0014,-0.26,0
FrontS77559,33.9993,-28.2801,1.458e-20,3.022e-20,9.696e-20,0.0006,-0.83,0
FrontS77560,32.1917,-28.3190,4.039e-19,6.117e-19,1.013e-18,0.0004,-4.54,0
FrontS77562,33.2189,-28.3073,6.094e-15,4.719e-15,2.022e-15,0.0006,3.21,0
FrontS77563,31.5069,-27.1127,3.115e-17,3.194e-17,2.438e-17,0.0009,1.07,0
FrontS77564,32.9283,-27.0050,6.325e-17,6.802e-17,5.664e-17,0.0002,-5.31,0
FrontS77566,32.1703,-28.0892,4.345e-16,1.112e-15,5.765e-15,-0.0003,0.19,0
FrontS77567,32.3746,-28.0745,1.808e-20,3.684e-20,1.157e-19,0.0003,0.72,0
FrontS77568,32.3902,-28.1915,2.622e-16,2.471e-16,1.532e-16,0.001,0.35,0
FrontS77569,32.3866,-27.8853,1.289e-18,1.835e-18,2.729e-18,0.0001,2.56,0
FrontS77570,32.5896,-27.8413,4.373e-15,3.310e-15,1.333e-15,0.0005,1.18,0
FrontS77572,31.7628,-27.1920,5.330e-19,8.151e-19,1.419e-18,0.0005,-1.2,0
FrontS77574,32.4626,-28.8268,1.342e-17,1.553e-17,1.482e-17,0.0003,-3.52,0
FrontS77575,33.0361,-27.3152,1.297e-16,1.202e-16,7.475e-17,0.0006,-4.77,0
FrontS77576,33.2877,-28.1205,2.977e-19,4.962e-19,1.022e-18,0.0013,-3.12,0
FrontS77577,31.6364,-28.2012,3.064e-19,4.912e-19,9.164e-19,0.0003,4.65,0
FrontS77578,32.6782,-28.5633,1.299e-11,1.024e-11,4.447e-12,-0.0,-0.9,1
FrontS77579,32.8156,-27.9853,5.956e-18,6.960e-18,6.978e-18,0.0008,-2.69,0
FrontS77580,31.1788,-27.8805,1.724e-16,1.589e-16,9.870e-17,0.0001,3.28,0
FrontS77583,32.5482,-28.9866,1.592e-11,1.325e-11,6.555e-12,0.0004,-5.04,1
FrontS77584,32.1289,-27.7957,4.203e-12,2.840e-12,9.440e-13,-0.0001,3.92,0
FrontS77585,32.7348,-28.5046,6.364e-12,4.507e-12,1.685e-12,0.0007,-3.19,0
FrontS77587,31.5763,-27.2254,8.768e-17,1.872e-16,6.582e-16,0.0003,3.67,0
FrontS77588,32.1486,-27.2405,6.015e-18,7.472e-18,8.483e-18,0.0006,3.82,0
FrontS77589,32.1388,-28.6246,3.389e-17,3.767e-17,3.425e-17,0.0005,1.07,0
FrontS77591,32.3191,-29.1232,4.450e-18,5.269e-18,5.385e-18,0.0004,-2.95,0
FrontS77592,32.5390,-27.7767,2.123e-16,3.522e-16,7.168e-16,0.0013,0.7,0
FrontS77593,32.4952,-27.5941,2.247e-17,2.390e-17,1.960e-17,0.0002,0.81,0
FrontS77595,32.0734,-28.5622,2.082e-16,1.880e-16,1.111e-16,0.0008,0.2,0
FrontS77596,32.5929,-26.8593,4.786e-19,7.314e-19,1.291e-18,0.001,4.39,0
FrontS77597,31.7262,-28.0202,1.425e-16,1.377e-16,9.073e-17,0.0005,-4.7,0
FrontS77598,33.1441,-28.0433,3.458e-17,3.526e-17,2.681e-17,-0.0004,3.63,0
FrontS77599,32.6916,-27.4600,2.842e-18,3.657e-18,4.337e-18,0.0002,-4.49,0
FrontS77600,33.0969,-27.9106,4.096e-19,6.369e-19,1.150e-18,0.0016,1.89,0
FrontS77601,32.3240,-27.8569,4.940e-16,4.349e-16,2.369e-16,0.0005,-0.23,0
FrontS77602,33.8810,-27.2564,6.317e-16,5.212e-16,2.587e-16,0.0006,5.32,0
FrontS77603,31.8680,-27.0644,4.700e-18,5.718e-18,6.192e-18,0.0001,2.82,0
FrontS77604,33.4429,-27.7582,2.867e-17,3.172e-17,2.861e-17,0.001,3.41,0
FrontS77605,32.9603,-28.3535,5.305e-12,4.208e-12,1.900e-12,0.0004,-3.07,1
FrontS77606,32.2136,-28.9252,5.869e-17,5.956e-17,4.249e-17,-0.0009,0.43,0
FrontS77607,31.8474,-28.1045,4.689e-16,9.145e-16,2.569e-15,0.0012,-3.59,0
FrontS77608,32.3076,-28.3972,8.281e-17,1.594e-16,4.540e-16,-0.0001,-4.07,0
FrontS77610,31.4144,-26.8764,2.343e-16,3.979e-16,8.395e-16,0.0008,3.4,0
FrontS77611,31.9636,-27.4141,9.415e-19,1.408e-18,2.298e-18,0.0017,-3.16,0
FrontS77612,32.2395,-28.8301,1.824e-17,1.986e-17,1.676e-17,0.0007,-1.71,0
FrontS77613,33.3759,-28.6856,1.254e-11,9.144e-12,3.546e-12,-0.0001,2.81,0
FrontS77614,32.0701,-27.6571,1.077e-16,1.018e-16,6.639e-17,-0.0,3.75,0
FrontS77617,32.4855,-28.1531,1.161e-15,9.432e-16,4.408e-16,0.0015,-0.17,0
FrontS77618,31.9277,-27.7470,2.090e-17,2.354e-17,2.188e-17,0.0008,0.68,0
FrontS77619,32.7873,-28.8496,1.526e-19,2.605e-19,5.663e-19,0.0013,2.62,0
FrontS77620,33.6228,-27.8622,5.793e-17,5.893e-17,4.314e-17,0.0003,1.19,0
FrontS77622,32.4551,-27.9832,9.474e-17,9.199e-17,6.054e-17,0.0005,-0.12,0
FrontS77623,31.8519,-27.3642,1.754e-16,1.682e-16,1.119e-16,0.0006,3.41,0
FrontS77625,33.1457,-27.5998,3.295e-18,4.395e-18,5.884e-18,0.0009,-3.9,0
FrontS77626,32.9264,-27.2536,5.070e-20,1.039e-19,3.240e-19,0.0001,3.47,0
FrontS77630,33.0946,-27.7116,3.618e-16,3.287e-16,1.926e-16,0.0002,-0.39,0
FrontS77631,31.1657,-27.0699,4.692e-20,8.689e-20,2.266e-19,0.0009,1.64,0
FrontS77632,32.5955,-28.3092,1.092e-11,7.785e-12,2.836e-12,0.0006,-1.98,0
FrontS77633,32.1656,-27.5592,1.145e-16,2.252e-16,6.632e-16,0.0011,1.88,0
FrontS77635,32.3679,-27.9501,6.270e-18,7.250e-18,7.117e-18,0.0007,1.1,0
FrontS77636,31.0818,-26.8100,5.584e-16,1.098e-15,3.305e-15,0.001,-1.84,0
FrontS77637,33.1348,-28.0774,5.155e-19,7.322e-19,1.093e-18,0.0012,0.11,0
FrontS77638,31.9913,-26.9677,3.689e-18,4.766e-18,5.994e-18,-0.0005,-2.97,0
FrontS77640,32.2632,-28.5247,3.819e-17,3.851e-17,2.804e-17,-0.0001,0.52,0
FrontS77642,39.7312,-24.6238,6.104e-16,5.209e-16,2.839e-16,0.0006,3.33,0
FrontS77643,38.0840,-27.5580,3.747e-17,4.156e-17,3.584e-17,0.0002,3.85,0
FrontS77644,31.2267,-26.4569,2.524e-20,5.190e-20,1.727e-19,0.0011,2.56,0
FrontS77645,37.6429,-31.6131,2.690e-20,5.470e-20,1.755e-19,0.0001,-3.5,0
FrontS77646,32.4899,-36.0540,8.673e-17,1.577e-16,3.848e-16,0.0012,-5.09,0
FrontS77648,33.1680,-29.3481,7.591e-20,1.389e-19,3.496e-19,0.0001,-0.2,0
FrontS77649,26.7203,-28.9648,8.854e-20,1.551e-19,3.649e-19,0.0013,-3.61,0
FrontS77651,32.9963,-28.8398,2.119e-20,4.261e-20,1.323e-19,-0.0001,-1.42,0
FrontS77652,33.0328,-32.6014,2.159e-19,3.474e-19,6.634e-19,0.0008,5.22,0
FrontS77656,32.6016,-35.7138,2.514e-12,1.709e-12,5.548e-13,0.0008,6.23,0
FrontS77657,27.8750,-28.1665,1.314e-20,2.829e-20,9.896e-20,0.0002,-7.67,0
FrontS77659,30.0128,-23.2114,3.996e-16,1.039e-15,5.297e-15,0.0013,0.29,0
FrontS77662,31.4724,-24.9705,7.222e-19,1.098e-18,1.920e-18,0.0008,6.52,0
FrontS77663,32.7378,-24.7917,5.229e-17,5.091e-17,3.490e-17,0.0013,-3.53,0
FrontS77667,35.2882,-28.1587,1.008e-19,1.772e-19,4.145e-19,0.0001,8.27,0
FrontS77668,32.4757,-36.7720,2.781e-20,5.584e-20,1.724e-19,-0.0002,-3.87,0
FrontS77670,32.8923,-24.9901,4.111e-20,7.605e-20,1.942e-19,0.001,7.43,0
FrontS77671,40.1845,-33.7762,1.180e-20,2.517e-20,8.886e-20,0.0002,1.72,0
FrontS77672,34.0975,-24.3263,6.598e-19,1.001e-18,1.712e-18,0.0014,3.21,0
FrontS77673,36.0677,-33.1440,5.365e-19,8.075e-19,1.333e-18,0.0018,7.27,0
FrontS77675,33.3862,-29.7486,1.317e-18,1.816e-18,2.546e-18,0.0004,4.23,0
FrontS77677,32.7704,-32.3290,7.925e-18,9.454e-18,1.021e-17,-0.0,5.45,0
FrontS77680,39.0683,-26.8366,6.716e-20,1.225e-19,3.141e-19,0.0004,7.3,0
FrontS77682,28.8962,-30.9495,3.275e-20,6.613e-20,2.057e-19,0.0003,-4.53,0
FrontS77683,27.9005,-32.6512,2.735e-20,5.362e-20,1.573e-19,0.0012,-5.77,0
FrontS77686,30.9069,-24.9532,8.053e-19,1.161e-18,1.705e-18,0.0006,-2.96,0
FrontS77687,40.4396,-28.6978,2.434e-18,3.112e-18,3.630e-18,0.0008,-6.72,0
FrontS77688,25.8277,-25.9037,2.191e-19,3.505e-19,6.520e-19,-0.0002,0.34,0
FrontS77689,32.9194,-23.4065,2.173e-20,4.393e-20,1.343e-19,0.0001,2.55,0
FrontS77690,31.9873,-27.8063,2.288e-20,4.407e-20,1.242e-19,0.0004,-7.01,0
FrontS77691,35.9127,-28.3460,6.690e-19,9.747e-19,1.508e-18,-0.0001,0.03,0
FrontS77692,29.4945,-31.4363,9.159e-19,1.281e-18,1.844e-18,0.0,7.04,0
FrontS77693,27.5289,-24.7183,1.888e-20,3.699e-20,1.094e-19,-0.0002,0.23,0
FrontS77695,30.6561,-32.7887,4.747e-20,8.919e-20,2.458e-19,0.0005,8.28,0
FrontS77696,30.3545,-23.7176,1.269e-18,1.652e-18,2.043e-18,-0.0006,-0.3,0
FrontS77699,40.1367,-27.3776,3.452e-18,4.258e-18,4.881e-18,0.0008,1.16,0
FrontS77700,44.3796,-38.2164,2.482e-16,2.153e-16,1.163e-16,0.0006,8.84,0
FrontS77704,30.6262,-25.5482,3.203e-17,3.416e-17,2.764e-17,0.0009,3.56,0
FrontS77707,28.9438,-27.6922,1.020e-18,1.453e-18,2.200e-18,0.001,0.99,0
FrontS77709,36.9971,-27.9338,1.174e-20,2.544e-20,9.179e-20,0.0006,0.51,0
FrontS77710,31.9272,-27.4335,1.573e-18,2.029e-18,2.489e-18,0.0006,0.44,0
FrontS77711,33.0310,-30.2289,8.532e-17,8.039e-17,5.124e-17,0.0006,5.81,0
FrontS77714,36.6686,-27.2379,2.091e-17,2.395e-17,2.266e-17,0.0006,-4.53,0
FrontS77716,35.9319,-33.5659,1.579e-20,3.423e-20,1.224e-19,0.0004,-2.25,0
FrontS77718,40.8863,-26.5508,4.322e-20,7.606e-20,1.785e-19,0.0002,-3.78,0
FrontS77721,34.7585,-29.5612,3.805e-20,6.971e-20,1.764e-19,0.001,1.53,0
FrontS77722,36.2069,-28.5657,4.457e-20,8.076e-20,2.037e-19,0.0008,-5.14,0
FrontS77723,31.0780,-27.1838,8.572e-16,7.168e-16,3.613e-16,-0.0003,1.26,0
FrontS77724,42.4288,-31.8637,7.472e-17,7.343e-17,5.058e-17,0.0008,-3.84,0
FrontS77726,31.5894,-34.4467,1.767e-20,3.587e-20,1.126e-19,0.0003,0.17,0
FrontS77727,35.2614,-32.6231,1.276e-19,2.192e-19,4.623e-19,-0.0002,7.36,0
FrontS77728,35.3649,-27.9345,2.138e-20,4.390e-20,1.409e-19,0.0009,-2.35,0
FrontS77730,31.5520,-27.5017,2.236e-15,1.722e-15,7.535e-16,-0.0003,3.41,1
FrontS77732,28.5858,-30.6722,1.691e-17,1.813e-17,1.531e-17,0.0,-0.83,0
FrontS77733,27.9346,-18.4234,3.204e-16,6.220e-16,1.784e-15,0.0001,4.62,0
FrontS77735,34.5996,-33.2962,3.429e-19,5.673e-19,1.146e-18,-0.0004,4.21,0
FrontS77737,42.4280,-30.7209,1.175e-18,1.583e-18,2.228e-18,0.0004,3.4,0
FrontS77738,33.7014,-18.4896,1.543e-19,2.610e-19,5.480e-19,-0.0004,-9.06,0
FrontS77739,35.9076,-33.4247,8.917e-20,1.551e-19,3.461e-19,0.001,-0.24,0
FrontS77741,39.9533,-37.7801,4.567e-12,5.219e-12,4.924e-12,0.0006,-5.6,0
FrontS77742,25.1764,-30.9604,2.013e-20,3.922e-20,1.137e-19,0.0005,7.28,0
FrontS77744,42.0870,-33.8112,3.998e-19,6.238e-19,1.074e-18,0.0008,-7.81,0
FrontS77746,32.5043,-24.1668,7.422e-19,1.046e-18,1.571e-18,0.0003,2.14,0
FrontS77747,27.7686,-26.7211,3.558e-18,4.296e-18,4.513e-18,0.0011,-6.64,0
FrontS77749,32.5638,-20.9447,2.929e-18,3.748e-18,4.584e-18,0.0006,3.56,0
FrontS77751,29.9661,-26.3800,1.648e-17,1.852e-17,1.682e-17,0.0017,1.95,0
FrontS77752,34.6571,-39.6523,2.547e-19,4.081e-19,7.654e-19,0.0005,4.4,0
FrontS77753,30.4044,-27.5501,1.635e-19,2.765e-19,5.946e-19,0.0005,1.65,0
FrontS77754,34.3855,-33.7405,1.207e-20,2.700e-20,1.074e-19,0.0007,2.16,0
FrontS77755,32.6017,-27.4763,4.623e-20,8.622e-20,2.195e-19,0.0014,2.84,0
FrontS77756,25.1411,-25.5347,4.475e-18,5.163e-18,4.958e-18,0.0003,1.19,0
FrontS77759,35.3439,-31.8461,1.730e-19,2.942e-19,6.194e-19,0.0009,-1.54,0
FrontS77761,34.6604,-29.5431,3.975e-19,5.798e-19,9.041e-19,0.0007,4.19,0
FrontS77766,30.2014,-19.7657,5.208e-19,7.513e-19,1.145e-18,0.0009,-3.57,0
FrontS77767,35.9196,-25.7722,3.315e-18,4.014e-18,4.442e-18,0.0007,-8.0,0
FrontS77768,35.5643,-31.4263,1.834e-18,2.372e-18,2.901e-18,-0.0001,-3.11,0
FrontS77769,28.9288,-32.4548,1.827e-18,2.534e-18,3.573e-18,0.0006,-0.36,0
FrontS77771,28.9624,-33.1353,1.115e-19,2.035e-19,5.161e-19,0.0002,4.03,0
FrontS77776,36.4413,-34.2348,3.883e-17,4.124e-17,3.487e-17,0.0008,8.1,0
FrontS77777,35.0097,-38.1736,4.698e-17,4.655e-17,3.164e-17,-0.0003,-8.43,0
FrontS77778,20.8775,-25.7218,1.621e-15,4.393e-15,2.560e-14,-0.0005,6.27,0
FrontS77779,30.5825,-25.1793,2.507e-20,4.588e-20,1.144e-19,0.0012,3.45,0
FrontS77782,37.6770,-30.3498,5.004e-17,4.963e-17,3.414e-17,0.0007,-2.86,0
FrontS77783,35.9357,-33.4200,3.618e-16,3.090e-16,1.674e-16,0.0006,3.72,0
FrontS77784,25.2202,-29.4653,5.524e-20,1.004e-19,2.459e-19,0.0005,6.94,0
FrontS77785,30.4006,-27.1520,1.793e-20,3.655e-20,1.132e-19,0.001,-0.36,0
FrontS77787,27.0181,-23.2510,4.166e-20,8.666e-20,2.928e-19,0.0014,-5.66,0
FrontS77788,36.9802,-27.8940,1.789e-15,1.379e-15,5.811e-16,0.0006,-2.39,0
FrontS77789,29.6460,-23.6705,7.836e-17,1.544e-16,4.391e-16,0.0003,6.01,0
FrontS77791,35.7497,-25.4275,8.729e-20,1.590e-19,4.013e-19,0.0012,-1.71,0
FrontS77792,24.4237,-28.2216,1.262e-18,1.708e-18,2.237e-18,0.0006,8.45,0
FrontS77793,31.6108,-28.7431,2.049e-16,3.927e-16,1.078e-15,0.0008,0.4,0
FrontS77795,35.8519,-27.8783,4.454e-16,8.140e-16,1.977e-15,0.0003,-1.28,0
FrontS77797,33.4492,-29.6044,1.166e-20,2.412e-20,7.654e-20,-0.0001,-4.73,0
FrontS77798,35.2311,-30.8479,9.497e-17,8.780e-17,5.637e-17,0.0012,6.08,0
FrontS77799,34.8345,-27.8807,5.012e-20,9.258e-20,2.390e-19,0.0006,1.29,0
FrontS77801,31.9175,-28.3619,3.846e-17,4.001e-17,3.204e-17,0.0007,-6.1,0
FrontS77802,30.1457,-23.3581,5.646e-20,1.080e-19,2.999e-19,0.0003,7.7,0
FrontS77804,34.7548,-31.1925,3.383e-16,7.302e-16,2.567e-15,0.0005,-0.02,0
FrontS77805,32.5882,-23.8048,5.087e-18,6.123e-18,6.478e-18,0.0004,-6.17,0
FrontS77808,33.2808,-21.3316,1.155e-19,1.961e-19,3.988e-19,-0.0003,7.01,0
FrontS77811,21.8924,-37.2159,4.230e-20,8.496e-20,2.612e-19,0.0007,-5.27,0
FrontS77812,34.1354,-32.0018,1.015e-11,6.954e-12,2.368e-12,0.0007,-3.87,0
FrontS77814,30.9503,-21.9577,6.273e-20,1.117e-19,2.630e-19,0.0006,-6.97,0
FrontS77820,35.1893,-29.8245,1.919e-20,3.611e-20,9.810e-20,-0.0,8.03,0
FrontS77821,28.8124,-30.4134,2.316e-20,4.554e-20,1.334e-19,-0.0002,6.96,0
FrontS77822,32.3494,-31.0496,2.724e-20,5.630e-20,1.826e-19,0.0012,-2.96,0
FrontS77823,35.3896,-22.8097,2.886e-20,5.607e-20,1.603e-19,0.0006,2.34,0
FrontS77824,42.8459,-36.6454,4.209e-19,6.198e-19,1.031e-18,0.0001,-0.7,0
FrontS77827,31.1070,-23.4863,6.166e-20,1.175e-19,3.207e-19,0.0003,-5.53,0
FrontS77828,35.3899,-25.8441,1.480e-17,1.644e-17,1.494e-17,-0.0007,-1.86,0
FrontS77833,35.3363,-28.3942,4.747e-18,5.603e-18,5.828e-18,-0.0007,2.65,0
FrontS77834,21.4455,-26.7772,4.236e-17,4.078e-17,2.854e-17,-0.0007,4.33,0
FrontS77837,33.5393,-30.0710,1.918e-18,2.720e-18,3.988e-18,0.0002,-7.36,0
FrontS77841,33.4932,-21.4492,1.278e-19,2.139e-19,4.682e-19,-0.0001,6.56,0
FrontS77842,28.7901,-25.8689,6.803e-20,1.277e-19,3.319e-19,0.0003,3.62,0
FrontS77843,33.0732,-25.4807,5.628e-20,1.013e-19,2.399e-19,0.0012,4.49,0
FrontS77844,23.4764,-28.9317,2.256e-17,2.264e-17,1.587e-17,0.0012,0.02,0
FrontS77846,31.0414,-27.1584,2.943e-20,5.428e-20,1.420e-19,0.0002,1.57,0
FrontS77847,28.2814,-25.3353,1.558e-19,2.795e-19,6.503e-19,0.0004,-7.09,0
FrontS77848,33.9310,-29.2236,2.853e-20,5.867e-20,1.873e-19,0.0011,-7.07,0
FrontS77849,33.8788,-30.0332,1.462e-20,3.214e-20,1.152e-19,0.0003,0.9,0
FrontS77850,36.3898,-33.7145,1.672e-16,3.434e-16,1.066e-15,0.0001,-5.26,0
FrontS77852,30.6978,-21.8061,4.876e-20,9.163e-20,2.432e-19,0.0008,4.19,0
FrontS77853,27.0073,-21.2354,5.816e-19,8.406e-19,1.313e-18,0.0002,1.42,0
FrontS77855,29.5078,-21.5212,2.658e-18,3.418e-18,4.033e-18,0.0007,-5.41,0
FrontS77856,27.3172,-20.5971,1.128e-20,2.358e-20,7.982e-20,-0.0004,-8.06,0
FrontS77857,28.0685,-24.3162,7.117e-18,8.149e-18,7.571e-18,0.0009,-3.86,0
FrontS77858,27.3704,-22.6610,1.669e-20,3.698e-20,1.382e-19,0.001,-0.04,0
FrontS77861,29.8478,-32.3875,5.263e-17,5.407e-17,4.099e-17,0.0005,2.24,0
FrontS77862,32.5214,-29.4700,4.630e-20,8.481e-20,2.114e-19,0.0008,7.64,0
FrontS77866,25.3865,-29.8534,5.523e-17,5.685e-17,4.391e-17,0.0007,3.16,0
FrontS77870,29.8954,-24.5845,3.260e-18,4.054e-18,4.453e-18,-0.0007,5.41,0
FrontS77871,36.8440,-33.5247,1.033e-15,8.537e-16,4.280e-16,0.0008,-7.13,0
FrontS77873,40.2271,-28.3524,1.947e-18,2.494e-18,2.974e-18,0.0007,4.49,0
FrontS77874,44.5681,-37.7452,1.168e-20,2.395e-20,7.777e-20,-0.0006,5.22,0
FrontS77875,26.9435,-30.0234,1.069e-16,2.003e-16,5.177e-16,0.0008,-4.15,0
FrontS77877,29.6505,-23.2328,3.065e-20,5.904e-20,1.677e-19,0.0003,-4.38,0
FrontS77878,28.6518,-28.3556,1.796e-18,2.345e-18,2.929e-18,0.0006,-1.45,0
FrontS77879,40.8858,-28.8221,5.898e-15,1.933e-14,1.607e-13,0.0008,2.13,0
FrontS77880,32.0486,-30.6656,4.728e-19,7.211e-19,1.187e-18,0.0014,0.44,0
FrontS77881,31.9063,-32.0630,3.512e-17,3.458e-17,2.524e-17,0.0009,8.18,0
FrontS77882,26.6432,-24.3333,3.238e-20,6.475e-20,1.926e-19,0.0004,8.29,0
FrontS77884,27.1507,-28.6233,2.105e-19,3.513e-19,7.301e-19,0.0007,-8.02,0
FrontS77888,30.7561,-29.0164,1.341e-19,2.179e-19,4.339e-19,0.0001,-1.87,0
FrontS77890,28.5387,-27.1434,1.690e-18,2.314e-18,3.306e-18,0.0002,6.47,0
FrontS77892,26.2513,-30.9008,1.808e-17,2.031e-17,1.888e-17,0.0007,4.62,0
FrontS77893,27.7360,-36.6902,3.894e-17,3.936e-17,3.010e-17,-0.0004,-1.55,0
FrontS77895,34.7912,-23.1351,2.635e-17,2.836e-17,2.322e-17,-0.0002,5.26,0
FrontS77896,37.1385,-32.4069,3.532e-17,3.579e-17,2.528e-17,-0.0012,8.09,0
FrontS77897,27.2598,-28.1843,4.577e-18,5.513e-18,5.812e-18,0.001,0.1,0
FrontS77900,35.8264,-25.8819,2.597e-19,4.114e-19,7.862e-19,0.0005,-5.03,0
FrontS77901,32.1567,-26.2059,3.836e-20,7.034e-20,1.866e-19,0.0009,-3.92,0
FrontS77902,36.2985,-29.7312,1.326e-20,2.785e-20,9.205e-20,-0.0002,6.13,0
FrontS77903,34.6670,-35.6999,1.017e-20,2.204e-20,8.115e-20,-0.0,0.04,0
FrontS77904,35.3633,-25.4564,1.342e-19,2.272e-19,4.862e-19,0.0005,-2.42,0
FrontS77905,28.0716,-26.9543,1.582e-20,3.544e-20,1.357e-19,0.0001,5.89,0
FrontS77906,25.4258,-27.9668,1.406e-20,2.981e-20,9.949e-20,0.001,8.3,0
FrontS77907,32.8938,-36.0466,8.117e-18,9.709e-18,9.828e-18,0.0006,7.36,0
FrontS77908,28.0031,-23.1052,5.223e-20,9.444e-20,2.247e-19,-0.0003,3.52,0
FrontS77911,33.5730,-30.0942,1.677e-20,3.588e-20,1.276e-19,0.0008,-6.41,0
FrontS77912,31.6515,-23.2082,3.010e-17,3.285e-17,2.825e-17,0.0008,0.94,1
FrontS77913,34.2743,-33.1472,5.597e-20,1.118e-19,3.274e-19,-0.0005,-6.61,0
FrontS77915,31.4551,-28.5877,2.067e-19,3.301e-19,6.387e-19,-0.0,2.71,0
FrontS77917,27.6041,-22.3175,1.268e-19,2.280e-19,5.696e-19,0.0001,6.51,0
FrontS77923,34.2283,-26.2449,1.362e-18,1.922e-18,2.781e-18,0.0009,-6.42,0
FrontS77924,30.1361,-27.5660,3.664e-20,7.255e-20,2.095e-19,0.0006,3.49,0
FrontS77926,29.2370,-24.4314,2.423e-17,2.554e-17,2.062e-17,0.0007,-0.39,0
FrontS77929,36.6112,-26.7871,3.773e-17,3.692e-17,2.591e-17,-0.0004,0.71,0
FrontS77930,34.6854,-31.9687,2.130e-18,2.774e-18,3.433e-18,0.0006,-5.11,0
FrontS77931,34.4261,-25.8493,3.648e-20,6.804e-20,1.799e-19,0.0009,-5.76,0
FrontS77932,27.6161,-24.6176,2.924e-17,3.050e-17,2.478e-17,0.0005,0.31,0
FrontS77935,34.2678,-36.6303,1.033e-18,1.462e-18,2.126e-18,0.0001,6.25,0
FrontS77936,37.5029,-27.1033,2.114e-19,3.286e-19,6.033e-19,0.0001,-8.52,0
FrontS77937,34.1842,-20.2682,8.210e-18,9.781e-18,9.755e-18,0.0005,-6.66,0
FrontS77939,32.7325,-27.7903,1.646e-19,2.795e-19,6.279e-19,-0.0001,2.04,0
FrontS77940,35.4531,-30.8218,4.723e-19,6.996e-19,1.105e-18,0.0017,4.76,0
FrontS77942,28.9235,-19.6203,3.919e-20,7.725e-20,2.282e-19,0.0,-8.82,0
FrontS77943,34.5619,-20.5540,4.574e-20,8.377e-20,2.121e-19,0.001,5.9,0
FrontS77948,33.0491,-23.6559,5.305e-16,4.658e-16,2.648e-16,0.0002,-2.44,0
FrontS77949,32.2758,-28.5344,3.074e-18,3.723e-18,3.844e-18,0.0006,4.79,0
FrontS77952,30.5865,-25.3885,1.665e-16,3.312e-16,1.001e-15,0.0011,-7.23,0
FrontS77953,30.1942,-27.0901,6.893e-17,7.059e-17,5.310e-17,0.0003,-4.63,0
FrontS77955,29.2134,-28.5284,1.194e-18,1.628e-18,2.247e-18,0.0012,5.21,0
FrontS77956,34.2341,-18.3874,1.556e-20,3.293e-20,1.129e-19,0.0004,6.98,0
FrontS77958,31.9784,-21.3367,1.013e-17,1.175e-17,1.188e-17,0.0002,0.29,0
FrontS77960,29.1193,-26.1689,1.721e-18,2.286e-18,3.001e-18,0.0013,4.56,0
FrontS77963,33.6888,-25.2593,1.569e-18,2.082e-18,2.673e-18,-0.0001,-9.04,0
FrontS77964,28.9688,-28.5879,1.691e-20,3.774e-20,1.505e-19,0.0001,-1.54,0
FrontS77967,28.5017,-28.7637,5.048e-18,6.445e-18,7.729e-18,0.0004,-3.31,0
FrontS77971,28.1905,-27.0592,1.491e-20,3.191e-20,1.087e-19,0.0011,4.9,0
FrontS77972,40.3122,-28.7653,1.975e-19,3.173e-19,6.220e-19,0.0,8.24,0
FrontS77974,34.5357,-27.8758,1.168e-11,8.962e-12,3.737e-12,0.0007,3.67,1
FrontS77975,39.2785,-24.3321,3.983e-20,7.515e-20,1.944e-19,-0.0002,-4.01,0
FrontS77977,31.2329,-27.1809,1.631e-20,3.287e-20,1.021e-19,0.0005,-2.13,0
FrontS77980,31.9135,-21.9961,8.880e-18,1.060e-17,1.060e-17,0.0001,-7.99,0
FrontS77981,34.0733,-25.5497,7.020e-19,1.025e-18,1.616e-18,0.0011,-3.67,0
FrontS77982,32.1891,-33.5934,2.424e-16,3.837e-16,7.231e-16,0.0002,5.3,0
FrontS77983,36.9846,-35.0548,1.147e-20,2.473e-20,8.638e-20,0.002,0.66,0
FrontS77987,34.6362,-27.9848,2.608e-18,3.472e-18,4.461e-18,-0.0,-6.08,0
FrontS77988,33.0130,-26.3761,4.982e-17,4.958e-17,3.473e-17,0.0007,0.21,0
FrontS77991,30.1496,-27.7274,1.180e-17,1.352e-17,1.293e-17,0.0008,-6.99,0
FrontS77994,31.5341,-27.4256,1.424e-20,2.914e-20,8.926e-20,-0.0003,-4.77,0
FrontS78000,35.2627,-31.1637,1.438e-16,2.891e-16,8.834e-16,0.0,-8.54,0
FrontS78001,42.3054,-35.9082,4.135e-20,7.188e-20,1.584e-19,-0.0002,0.57,0
FrontS78002,26.9088,-22.5346,1.257e-20,2.659e-20,8.888e-20,0.0002,-7.05,0
FrontS78006,31.1100,-30.3257,1.442e-20,3.079e-20,1.127e-19,0.0008,-2.39,0
FrontS78007,32.6666,-27.8906,6.161e-17,6.038e-17,4.218e-17,-0.0002,6.17,0
FrontS78008,28.4057,-27.0591,1.482e-16,2.876e-16,8.429e-16,0.0005,-5.7,0
FrontS78011,38.0559,-37.1653,9.092e-19,1.234e-18,1.733e-18,0.0003,5.62,0
FrontS78014,31.8582,-27.6998,5.521e-12,4.152e-12,1.677e-12,0.0006,6.49,0
FrontS78016,28.4447,-25.0970,1.019e-20,2.166e-20,7.420e-20,-0.0005,-6.37,0
FrontS78017,22.7899,-25.0949,3.256e-17,3.270e-17,2.490e-17,0.0001,5.97,0
FrontS78018,31.9900,-31.4934,2.760e-18,3.531e-18,4.123e-18,-0.0002,2.12,0
FrontS78020,24.1518,-20.7006,1.216e-16,1.107e-16,6.653e-17,0.0003,-2.09,0
FrontS78024,27.7120,-26.9007,2.070e-19,3.297e-19,6.433e-19,0.001,-2.99,0
FrontS78025,33.4830,-21.6465,8.290e-19,1.155e-18,1.645e-18,-0.0004,-5.22,0
FrontS78026,32.2575,-25.0268,7.210e-20,1.434e-19,4.385e-19,0.0003,0.41,0
FrontS78027,40.5143,-25.6906,8.089e-17,7.496e-17,4.734e-17,-0.0001,3.73,0
FrontS78028,30.2919,-22.6624,1.436e-18,1.955e-18,2.598e-18,0.0,4.02,0
FrontS78029,31.5162,-29.4553,7.657e-18,8.991e-18,9.248e-18,0.0006,6.07,0
FrontS78032,38.8272,-23.5437,1.858e-18,2.581e-18,3.599e-18,0.0005,5.19,0
FrontS78033,33.2014,-33.6853,2.751e-18,3.803e-18,5.195e-18,0.0012,2.08,0
FrontS78034,32.2262,-21.9856,3.843e-16,6.165e-16,1.214e-15,0.001,-8.13,0
FrontS78036,28.4398,-29.4016,5.835e-20,1.059e-19,2.688e-19,0.0005,-7.3,0
FrontS78040,34.0442,-26.0583,3.981e-18,5.009e-18,5.919e-18,0.0002,0.81,0
FrontS78041,35.4438,-35.7132,1.300e-11,9.338e-12,3.514e-12,0.0005,-1.42,0
FrontS78042,34.1143,-30.3250,2.197e-20,4.438e-20,1.372e-19,0.0004,-6.22,0
FrontS78044,30.3837,-21.6909,2.561e-17,2.776e-17,2.299e-17,0.0001,-8.54,0
FrontS78050,31.3254,-27.0520,2.808e-18,3.431e-18,3.783e-18,0.0002,0.87,0
FrontS78051,33.5152,-22.1419,4.245e-16,7.541e-16,1.747e-15,0.0013,8.08,0
FrontS78052,39.6047,-34.3595,1.133e-18,1.496e-18,1.897e-18,0.0014,-0.27,0
FrontS78053,30.0173,-25.8543,1.768e-18,2.417e-18,3.309e-18,0.001,-3.56,0
FrontS78055,31.5264,-29.1663,6.657e-20,1.140e-19,2.569e-19,0.0006,3.14,0
FrontS78056,28.1340,-24.6337,7.501e-19,1.076e-18,1.616e-18,0.0007,-1.22,0
FrontS78060,27.1796,-25.0757,8.259e-18,9.567e-18,9.421e-18,-0.0001,0.31,0
FrontS78061,28.5979,-29.7785,1.269e-19,2.156e-19,4.625e-19,0.0005,6.21,0
FrontS78062,34.0972,-27.4066,3.475e-19,5.527e-19,1.052e-18,0.0007,-0.8,0
FrontS78066,30.2946,-25.8884,9.584e-17,1.808e-16,4.663e-16,0.0006,5.52,0
FrontS78068,41.2224,-28.4867,8.479e-19,1.226e-18,1.907e-18,0.0,2.11,0
FrontS78069,30.1306,-32.5053,9.745e-17,9.301e-17,6.240e-17,0.0008,4.76,0
FrontS78071,33.0714,-32.6767,1.028e-19,1.784e-19,4.223e-19,0.0007,3.79,0
FrontS78072,36.0938,-28.1563,5.101e-19,7.489e-19,1.195e-18,0.0012,-3.99,0
FrontS78073,30.9306,-21.7965,1.652e-18,2.135e-18,2.713e-18,0.0004,3.35,0
FrontS78076,31.5416,-34.0470,1.055e-16,2.092e-16,6.072e-16,0.0007,4.39,0
FrontS78077,33.0708,-30.8594,4.312e-12,2.970e-12,1.012e-12,0.0002,6.89,0
FrontS78078,37.7793,-41.5486,5.021e-16,4.214e-16,2.173e-16,-0.0001,6.37,0
FrontS78079,35.9932,-25.3451,6.341e-12,4.426e-12,1.648e-12,0.0009,-3.93,0
FrontS78080,28.5649,-27.8240,2.511e-18,3.330e-18,4.074e-18,-0.0001,0.96,0
FrontS78081,28.0155,-23.6758,3.787e-19,5.760e-19,9.653e-19,0.0003,-5.24,0
FrontS78082,36.0207,-30.1604,1.845e-18,2.521e-18,3.564e-18,-0.0002,0.8,0
FrontS78083,38.7621,-28.6999,1.115e-19,1.855e-19,3.987e-19,0.001,0.34,0
FrontS78086,30.1048,-24.9945,2.446e-20,4.799e-20,1.403e-19,-0.0002,0.59,0
FrontS78087,37.2679,-27.9868,1.808e-18,2.286e-18,2.682e-18,-0.0,-3.23,0
FrontS78089,34.7215,-28.8808,1.670e-18,2.219e-18,2.892e-18,0.0009,0.73,0
FrontS78096,30.8081,-23.0717,1.152e-20,2.391e-20,7.961e-20,0.0005,5.42,0
FrontS78098,25.3319,-26.3734,9.809e-16,8.389e-16,4.479e-16,0.0003,0.07,0
FrontS78099,34.9039,-24.0022,9.158e-18,1.027e-17,9.703e-18,0.0012,-5.07,0
FrontS78100,26.7709,-27.5117,1.405e-17,1.601e-17,1.518e-17,0.0009,6.55,0
FrontS78102,31.6088,-32.7381,2.676e-18,3.329e-18,3.740e-18,0.0,-4.69,0
FrontS78105,33.6310,-29.4848,5.605e-16,1.201e-15,4.192e-15,0.0011,-3.07,0
FrontS78108,40.4285,-33.7758,8.454e-19,1.143e-18,1.607e-18,0.0014,-5.42,0
FrontS78113,27.2863,-30.9788,9.257e-18,1.115e-17,1.180e-17,0.0009,6.53,0
FrontS78114,38.4330,-31.9685,2.329e-16,3.741e-16,7.179e-16,0.0008,2.65,0
FrontS78116,23.6100,-24.6181,1.593e-20,3.050e-20,8.616e-20,0.0006,-3.08,0
FrontS78117,29.8312,-27.9233,8.385e-19,1.199e-18,1.855e-18,0.0005,1.14,0
FrontS78120,38.1157,-24.8009,5.912e-18,7.070e-18,7.282e-18,0.0002,5.3,0
FrontS78121,33.9075,-28.3770,1.983e-20,3.988e-20,1.232e-19,0.001,-6.14,0
FrontS78122,32.5725,-21.0138,1.974e-20,4.165e-20,1.462e-19,0.0009,-1.52,0
FrontS78123,25.0383,-20.1693,8.460e-20,1.546e-19,3.739e-19,0.0004,0.01,0
FrontS78125,30.4720,-26.7607,1.616e-20,3.258e-20,1.005e-19,-0.0004,-4.47,0
FrontS78126,39.5145,-32.2665,1.186e-19,1.964e-19,4.191e-19,0.0004,7.12,0
FrontS78127,35.3917,-30.1099,2.055e-20,3.795e-20,9.658e-20,0.0001,0.96,0
FrontS78128,30.0926,-22.2336,2.797e-17,2.996e-17,2.525e-17,0.0005,2.86,0
FrontS78129,30.7731,-25.2896,1.575e-19,2.676e-19,5.944e-19,0.0003,6.49,0
FrontS78130,34.2837,-36.0961,3.735e-18,4.608e-18,5.119e-18,0.0001,1.39,0
FrontS78131,41.8650,-25.3834,2.462e-15,7.099e-15,4.450e-14,0.0009,1.69,0
FrontS78132,31.8913,-25.0643,9.779e-18,1.131e-17,1.108e-17,0.001,5.82,0
FrontS78134,27.5918,-25.1434,1.348e-20,2.813e-20,8.922e-20,0.0017,2.93,0
FrontS78136,32.6688,-22.2420,2.418e-17,2.748e-17,2.481e-17,0.0005,-7.95,0
FrontS78141,36.1603,-34.2436,3.215e-18,3.921e-18,4.323e-18,0.0004,-5.97,0
FrontS78144,28.6269,-25.3372,5.274e-17,5.185e-17,3.566e-17,-0.0002,-6.3,0
FrontS78146,28.2850,-31.4764,1.596e-19,2.822e-19,6.458e-19,0.0006,-8.43,0
FrontS78147,31.0915,-25.9883,2.335e-18,3.237e-18,4.533e-18,0.0009,4.21,0
FrontS78148,25.9414,-25.7439,2.558e-20,5.379e-20,1.742e-19,0.0001,6.79,0
FrontS78149,32.4117,-32.4831,2.192e-20,4.538e-20,1.462e-19,0.0009,-0.12,0
FrontS78150,33.2617,-30.3756,4.761e-20,9.117e-20,2.642e-19,0.0005,1.56,0
FrontS78152,31.2317,-34.2532,3.611e-17,3.546e-17,2.503e-17,0.0009,1.97,0
FrontS78156,28.0241,-20.3574,3.988e-20,7.865e-20,2.385e-19,0.001,-4.03,0
FrontS78157,32.3699,-21.2050,2.255e-19,3.605e-19,6.740e-19,0.0003,-3.1,0
FrontS78159,30.3626,-27.7299,2.834e-16,2.452e-16,1.330e-16,0.0003,-1.72,0
FrontS78161,34.1662,-37.8343,1.838e-18,2.395e-18,3.077e-18,0.0006,-5.22,0
FrontS78163,31.2507,-22.9407,3.127e-20,6.108e-20,1.672e-19,0.0006,1.82,0
FrontS78165,30.8189,-27.0630,1.470e-18,1.996e-18,2.786e-18,-0.0001,-4.5,0
FrontS78166,40.4322,-29.4566,7.808e-18,9.169e-18,9.224e-18,0.0011,3.16,0
FrontS78167,27.6784,-29.7100,2.531e-17,2.740e-17,2.354e-17,0.0011,-9.12,0
FrontS78171,33.2552,-31.1996,4.298e-16,6.784e-16,1.268e-15,0.0008,2.44,0
FrontS78172,32.8843,-29.6399,2.310e-19,3.780e-19,7.760e-19,0.0007,4.31,0
FrontS78175,41.0010,-31.4234,4.892e-17,4.941e-17,3.693e-17,0.0,1.23,0
FrontS78176,33.6654,-28.1608,7.035e-17,6.693e-17,4.400e-17,-0.0001,2.43,0
FrontS78177,30.5379,-23.1652,6.724e-16,1.549e-15,6.218e-15,0.0013,-1.84,0
FrontS78178,29.1228,-24.5222,7.190e-18,8.664e-18,8.819e-18,0.0001,8.62,0
FrontS78181,31.8567,-27.2420,1.157e-17,1.299e-17,1.218e-17,0.0002,3.0,0
FrontS78182,36.3460,-26.3459,4.122e-19,6.619e-19,1.221e-18,-0.0,-5.96,0
FrontS78183,27.8398,-29.7946,7.855e-17,7.481e-17,4.768e-17,0.0007,1.58,0
FrontS78184,26.8595,-20.1844,4.135e-17,4.286e-17,3.196e-17,0.0013,3.19,0
FrontS78185,32.4708,-27.9750,6.934e-19,9.974e-19,1.477e-18,0.0007,5.3,0
FrontS78186,35.4466,-23.3406,2.867e-20,5.341e-20,1.355e-19,0.0008,-2.0,0
FrontS78188,32.3709,-19.4224,2.410e-18,3.185e-18,4.029e-18,0.0008,4.01,0
FrontS78190,29.9868,-25.6049,7.473e-17,7.221e-17,4.883e-17,0.0005,-1.11,0
FrontS78191,28.5527,-20.8342,4.486e-19,6.777e-19,1.142e-18,0.001,-2.86,0
FrontS78192,32.5521,-32.7764,1.466e-17,1.644e-17,1.502e-17,0.0,5.96,0
FrontS78194,26.9493,-22.6775,1.545e-19,2.777e-19,6.865e-19,-0.0003,-8.19,0
FrontS78195,30.9245,-25.4517,9.979e-19,1.332e-18,1.722e-18,0.0003,-4.64,0
FrontS78196,28.6266,-25.7893,8.642e-16,2.247e-15,1.172e-14,-0.0002,8.59,0
FrontS78199,24.9748,-21.9646,1.529e-16,3.211e-16,1.061e-15,0.0013,-5.94,0
FrontS78200,30.8271,-28.8048,3.670e-20,7.697e-20,2.647e-19,0.0013,4.35,0
FrontS78201,24.5975,-20.5730,2.354e-19,3.974e-19,8.589e-19,0.0006,0.09,0
FrontS78204,31.0878,-23.2561,4.440e-20,8.423e-20,2.362e-19,0.0002,-1.28,0
FrontS78205,33.2208,-35.4074,8.512e-19,1.219e-18,1.847e-18,0.0009,-1.32,0
FrontS78213,29.2718,-28.4508,2.918e-16,2.488e-16,1.349e-16,0.0002,-0.48,0
FrontS78214,34.2276,-30.6276,1.015e-19,1.679e-19,3.554e-19,0.0002,5.92,0
FrontS78215,25.9464,-27.5103,2.873e-16,6.229e-16,2.227e-15,0.0,6.4,0
FrontS78216,34.5381,-20.3012,1.023e-17,1.193e-17,1.197e-17,-0.0003,8.1,0
FrontS78217,29.0512,-23.2685,3.347e-19,5.232e-19,9.481e-19,0.0004,-7.49,0
FrontS78218,36.5883,-38.7109,3.431e-19,5.528e-19,1.042e-18,0.0008,-7.45,0
FrontS78220,23.3176,-22.3785,2.164e-12,1.441e-12,4.665e-13,0.0002,8.23,0
FrontS78221,27.8834,-30.6878,3.171e-18,3.958e-18,4.434e-18,-0.0006,-5.9,0
FrontS78223,37.5993,-24.7039,1.202e-16,1.168e-16,8.266e-17,-0.0001,-8.04,0
FrontS78224,32.0754,-25.3469,5.290e-20,1.008e-19,2.837e-19,0.0,1.73,0
FrontS78227,32.0878,-28.2705,1.403e-18,1.989e-18,3.026e-18,0.0008,2.34,0
FrontS78228,30.5816,-25.7923,5.991e-18,7.559e-18,8.590e-18,0.0,0.06,0
FrontS78229,39.0778,-23.3921,2.018e-16,3.161e-16,5.896e-16,0.0001,-1.99,0
FrontS78231,30.0738,-26.1106,1.102e-18,1.558e-18,2.198e-18,0.0005,5.78,0
FrontS78233,35.1052,-23.0404,5.642e-20,9.720e-20,2.208e-19,0.0004,-1.4,0
FrontS78235,30.6176,-26.5010,4.014e-12,2.696e-12,9.071e-13,0.0008,-7.8,0
FrontS78236,23.6173,-22.0350,1.004e-17,1.205e-17,1.210e-17,0.0002,-2.02,0
FrontS78237,34.9460,-21.8902,6.724e-18,8.113e-18,8.728e-18,-0.0002,-8.69,0
FrontS78238,27.0513,-33.2404,3.409e-20,6.472e-20,1.778e-19,0.0004,-8.39,0
FrontS78239,25.3388,-22.9081,2.098e-19,3.489e-19,7.529e-19,0.001,-6.8,0
FrontS78240,30.9240,-25.9364,1.785e-19,3.062e-19,6.630e-19,0.0008,-5.77,0
FrontS78241,28.9427,-27.2173,4.547e-19,6.620e-19,1.037e-18,0.0004,-2.34,0
FrontS78242,30.8355,-30.1084,9.308e-18,1.086e-17,1.100e-17,0.0011,-4.41,0
FrontS78243,34.5939,-25.7426,1.282e-18,1.733e-18,2.385e-18,0.0005,-0.3,0
FrontS78245,38.6056,-29.5174,2.906e-20,5.831e-20,1.766e-19,0.0011,-3.43,0
FrontS78247,28.9002,-32.0407,8.560e-19,1.215e-18,1.799e-18,0.0009,2.99,0
FrontS78248,30.3278,-31.2977,1.912e-18,2.578e-18,3.542e-18,0.0008,7.22,0
FrontS78252,27.5870,-21.6974,1.803e-18,2.452e-18,3.410e-18,0.0008,-0.52,0
FrontS78253,32.7424,-25.2161,1.950e-19,3.111e-19,5.902e-19,0.0008,-6.97,0
FrontS78254,31.4399,-34.0106,5.641e-19,8.304e-19,1.319e-18,0.0001,7.33,0
FrontS78255,24.4320,-25.8830,4.987e-16,4.155e-16,2.084e-16,0.0,5.5,0
FrontS78256,28.5075,-25.2280,9.151e-16,7.669e-16,3.840e-16,0.0003,4.86,0
FrontS78258,34.7494,-27.1260,3.536e-18,4.537e-18,5.489e-18,0.0001,1.29,0
FrontS78259,33.6188,-22.0457,1.154e-19,2.069e-19,4.911e-19,0.0005,-5.28,0
FrontS78260,30.9161,-29.1243,1.166e-18,1.591e-18,2.249e-18,0.0009,-3.85,0
FrontS78261,36.9043,-29.6368,5.622e-20,1.114e-19,3.293e-19,0.0003,7.8,0
FrontS78262,35.3598,-28.4059,2.311e-12,2.662e-12,2.521e-12,0.0009,-2.01,0
FrontS78263,32.3847,-17.4061,4.390e-18,5.422e-18,5.929e-18,-0.0,-3.56,0
FrontS78266,35.7142,-27.1092,5.352e-17,5.472e-17,4.150e-17,0.0002,-3.09,0
FrontS78267,36.8421,-27.5668,1.634e-15,4.564e-15,2.813e-14,0.0006,1.83,0
FrontS78271,28.3594,-21.4108,1.344e-17,1.548e-17,1.517e-17,-0.0001,2.02,0
FrontS78272,27.9363,-24.6712,7.304e-17,6.747e-17,4.164e-17,0.0001,-2.01,0
FrontS78275,25.7562,-32.4845,5.841e-20,1.037e-19,2.504e-19,0.0015,7.23,0
FrontS78276,37.8431,-37.6168,1.221e-17,1.290e-17,1.043e-17,0.0006,-2.43,0
FrontS78281,37.4230,-34.5368,9.047e-16,1.968e-15,7.167e-15,-0.0002,-8.11,0
FrontS78283,26.6241,-27.3368,1.017e-19,1.695e-19,3.559e-19,0.0007,-7.26,0
FrontS78284,38.3470,-42.4037,6.087e-19,8.906e-19,1.365e-18,0.0003,-3.7,0
FrontS78285,40.3306,-24.7150,7.734e-19,1.083e-18,1.539e-18,0.0007,7.16,0
FrontS78287,28.1880,-22.8045,2.083e-20,3.925e-20,1.064e-19,0.0012,1.97,0
FrontS78294,34.9891,-36.0701,1.749e-17,1.954e-17,1.731e-17,0.0005,-5.68,0
FrontS78296,38.9227,-31.0282,1.440e-20,3.005e-20,1.012e-19,0.0007,-2.76,0
FrontS78298,41.1896,-37.7981,1.690e-20,3.448e-20,1.067e-19,0.0002,3.96,0
FrontS78300,28.9050,-23.7598,1.953e-16,1.784e-16,1.047e-16,0.001,-4.48,0
FrontS78302,44.1059,-21.0371,1.012e-18,1.451e-18,2.268e-18,-0.0005,-1.99,0
FrontS78303,35.1647,-21.8254,2.130e-17,2.182e-17,1.721e-17,0.0003,-8.9,0
FrontS78304,36.3874,-26.9515,7.295e-18,8.641e-18,8.999e-18,-0.0001,3.94,0
FrontS78305,33.1828,-22.4789,5.436e-20,1.011e-19,2.656e-19,-0.0005,-1.68,0
FrontS78307,29.5223,-24.5241,1.542e-16,2.380e-16,4.195e-16,0.0001,0.35,0
FrontS78308,30.7463,-22.9164,9.926e-18,1.168e-17,1.172e-17,0.0006,5.17,0
FrontS78310,28.3907,-24.7366,7.951e-17,1.292e-16,2.542e-16,0.0011,-8.87,0
FrontS78314,29.2294,-22.4854,2.214e-19,3.559e-19,7.013e-19,0.0004,0.02,0
FrontS78315,39.3414,-24.9427,1.937e-16,1.739e-16,1.028e-16,0.0008,-4.21,0
FrontS78316,38.5862,-32.2690,2.145e-17,2.306e-17,1.988e-17,0.0,3.62,0
FrontS78319,41.2232,-38.9536,1.758e-20,3.637e-20,1.236e-19,0.0013,2.98,0
FrontS78321,31.4759,-23.7922,2.434e-17,2.452e-17,1.799e-17,0.0002,3.61,0
FrontS78326,27.5975,-24.5005,1.828e-18,2.525e-18,3.655e-18,0.0011,1.48,0
FrontS78328,26.1658,-20.8890,4.690e-19,6.844e-19,1.061e-18,-0.0001,4.23,0
FrontS78332,27.1659,-20.1321,3.212e-20,6.680e-20,2.223e-19,0.0009,-7.36,0
FrontS78334,26.4092,-22.0513,5.737e-20,1.154e-19,3.502e-19,0.0003,4.57,0
FrontS78338,33.6645,-32.5097,3.518e-20,6.400e-20,1.599e-19,-0.0001,-1.8,0
FrontS78339,31.4712,-31.2835,1.381e-20,2.843e-20,9.309e-20,0.0006,1.46,0
FrontS78340,26.4961,-23.8051,6.908e-13,4.595e-13,1.498e-13,0.001,-2.81,0
FrontS78341,34.9556,-34.7377,1.579e-16,2.435e-16,4.313e-16,0.0001,5.79,0
FrontS78342,38.1689,-37.5897,7.049e-18,8.497e-18,9.240e-18,0.0013,8.17,0
FrontS78344,31.8735,-24.1688,1.718e-19,2.805e-19,5.577e-19,0.0001,7.61,0
FrontS78345,37.5953,-30.4214,1.489e-18,2.088e-18,2.995e-18,0.0006,-7.15,0
FrontS78347,29.3865,-19.9725,4.497e-20,8.246e-20,2.036e-19,0.0002,-3.45,0
FrontS78350,29.5531,-18.8945,4.578e-20,8.875e-20,2.445e-19,0.0001,3.99,0
FrontS78352,29.5495,-23.0525,7.454e-19,1.085e-18,1.635e-18,0.001,3.15,0
FrontS78353,26.6321,-31.5334,3.282e-17,3.617e-17,3.104e-17,0.0011,-5.15,0
FrontS78355,33.5788,-24.9097,1.269e-19,2.001e-19,3.857e-19,0.0009,-7.35,0
FrontS78356,27.0866,-24.5214,6.957e-18,8.440e-18,9.081e-18,0.0008,-8.99,0
FrontS78357,31.0805,-31.4908,4.521e-18,5.385e-18,5.808e-18,-0.0001,-6.06,0
FrontS78359,39.5333,-29.9571,1.737e-19,2.801e-19,5.622e-19,0.0007,4.2,0
FrontS78363,30.5463,-29.3940,4.161e-19,6.691e-19,1.323e-18,0.0006,3.2,0
FrontS78364,33.1413,-36.1619,1.351e-18,1.804e-18,2.452e-18,0.0011,1.43,0
FrontS78366,29.1024,-29.5814,7.078e-18,8.253e-18,8.505e-18,0.001,2.03,0
FrontS78367,35.6432,-21.6184,2.006e-19,3.226e-19,6.135e-19,0.0006,0.98,0
FrontS78368,33.0936,-36.2242,2.097e-19,3.356e-19,6.394e-19,0.0011,4.61,0
FrontS78371,34.8556,-31.8046,1.333e-18,1.879e-18,2.867e-18,0.0002,1.0,0
FrontS78372,25.6409,-25.4665,3.071e-16,2.665e-16,1.468e-16,0.0006,0.4,0
FrontS78373,25.3623,-32.3660,4.917e-12,4.050e-12,2.033e-12,0.0008,7.82,1
FrontS78378,24.3217,-29.2140,5.368e-20,1.026e-19,2.851e-19,0.0013,-5.22,0
FrontS78379,35.0568,-29.3125,4.186e-18,5.074e-18,5.197e-18,0.0011,-5.79,0
FrontS78381,33.9735,-33.0447,2.244e-16,4.540e-16,1.412e-15,-0.0005,-1.67,0
FrontS78383,34.3474,-29.3358,3.770e-16,7.143e-16,1.888e-15,0.001,3.55,0
FrontS78384,30.5149,-27.1398,5.914e-17,5.802e-17,4.189e-17,0.0003,-1.64,0
FrontS78385,42.0605,-33.3548,2.757e-18,3.507e-18,4.089e-18,0.0006,-5.5,0
FrontS78386,31.5027,-28.1117,1.121e-19,1.916e-19,4.161e-19,0.0008,-3.84,0
FrontS78387,21.9478,-25.5912,2.464e-20,4.864e-20,1.452e-19,0.0014,7.77,0
FrontS78388,31.1555,-31.4271,4.849e-16,8.888e-16,2.192e-15,0.0006,7.19,0
FrontS78390,31.6414,-30.9001,9.811e-19,1.494e-18,2.480e-18,0.0003,-1.74,0
FrontS78391,24.8808,-26.3224,2.352e-19,3.676e-19,6.639e-19,0.0005,-0.72,0
FrontS78393,36.2807,-21.4006,2.877e-17,3.071e-17,2.520e-17,0.0003,3.58,0
FrontS78394,28.2413,-21.9813,7.890e-18,9.330e-18,9.368e-18,-0.0002,-6.74,0
FrontS78395,33.0861,-25.7767,1.705e-20,3.587e-20,1.184e-19,0.0006,0.16,0
FrontS78397,37.2891,-31.8285,1.090e-17,1.227e-17,1.127e-17,0.001,-1.72,0
FrontS78398,35.0597,-34.1415,1.857e-17,2.027e-17,1.698e-17,0.0007,2.13,0
FrontS78399,27.7643,-33.2824,3.283e-18,4.205e-18,4.980e-18,-0.0001,-5.54,0
FrontS78400,39.5090,-30.3048,8.925e-20,1.633e-19,3.932e-19,0.0002,0.27,0
FrontS78401,33.5191,-21.0066,7.375e-17,1.316e-16,3.151e-16,0.0005,4.39,0
FrontS78403,37.9362,-24.2094,2.684e-20,4.641e-20,1.092e-19,0.0005,-1.24,0
FrontS78405,33.0715,-42.9449,2.274e-18,3.059e-18,3.937e-18,0.0012,9.38,0
FrontS78408,35.8252,-30.9800,2.518e-18,3.412e-18,4.493e-18,0.0009,6.89,0
FrontS78413,36.3290,-36.3534,1.127e-20,2.154e-20,5.711e-20,0.0009,8.53,0
FrontS78415,34.7031,-37.0972,8.913e-17,8.361e-17,5.389e-17,0.0009,-5.9,0
FrontS78416,34.0863,-26.2051,5.399e-19,8.305e-19,1.423e-18,0.0001,-7.37,0
FrontS78419,38.1165,-36.7613,1.887e-20,3.395e-20,8.244e-20,-0.0002,7.17,0
FrontS78420,26.5294,-32.1080,1.436e-20,2.910e-20,8.854e-20,0.0004,-0.19,0
FrontS78422,35.8921,-34.3293,3.157e-16,5.096e-16,9.550e-16,-0.0006,-3.87,0
FrontS78423,35.9680,-25.0630,7.807e-20,1.283e-19,2.518e-19,0.0006,8.17,0
FrontS78428,26.9895,-32.7559,3.153e-16,6.144e-16,1.746e-15,0.0009,4.74,0
FrontS78429,29.2995,-26.3053,1.404e-19,2.364e-19,4.990e-19,0.0001,3.39,0
FrontS78430,40.2071,-27.4261,2.559e-17,2.679e-17,2.089e-17,0.0003,6.02,0
FrontS78431,26.7444,-21.9984,1.303e-17,1.472e-17,1.322e-17,0.0003,3.58,0
FrontS78432,29.7152,-26.8453,8.364e-19,1.188e-18,1.833e-18,0.0002,-9.05,0
FrontS78433,36.3285,-33.4534,3.157e-18,3.966e-18,4.711e-18,0.0012,-5.8,0
FrontS78435,36.5020,-39.3137,9.317e-20,1.588e-19,3.425e-19,0.0002,3.45,0
FrontS78437,29.0650,-23.2723,2.051e-18,2.764e-18,3.709e-18,0.0011,6.6,0
FrontS78438,42.3005,-30.2021,6.098e-16,9.615e-16,1.777e-15,0.0012,6.47,0
FrontS78439,31.4087,-24.5419,5.556e-16,1.045e-15,2.928e-15,0.001,-1.68,0
FrontS78441,26.1776,-19.8116,5.795e-19,8.380e-19,1.326e-18,0.0011,6.07,0
FrontS78442,32.9552,-30.0073,1.093e-11,1.003e-11,6.165e-12,0.0007,3.37,1
FrontS78443,30.2248,-25.9060,1.362e-18,1.816e-18,2.459e-18,0.0005,-3.77,0
FrontS78444,33.2000,-25.1588,2.052e-20,4.193e-20,1.311e-19,0.0007,0.95,0
FrontS78445,28.9660,-26.7282,2.249e-18,3.096e-18,4.332e-18,0.0008,-5.47,0
FrontS78446,36.8694,-27.7101,3.768e-20,6.693e-20,1.608e-19,0.0,-8.52,0
FrontS78447,34.4673,-28.9149,2.075e-20,4.154e-20,1.227e-19,0.0002,-6.63,0
FrontS78450,43.5988,-38.8677,1.198e-19,1.869e-19,3.335e-19,-0.0006,6.82,0
FrontS78452,20.8894,-25.3775,1.713e-18,2.287e-18,3.028e-18,0.0004,0.04,0
FrontS78453,34.5526,-31.5528,1.379e-20,3.011e-20,1.052e-19,0.0006,-3.32,0
FrontS78454,28.0149,-24.7254,5.372e-18,6.721e-18,7.748e-18,0.0012,-3.3,0
FrontS78456,30.8041,-18.5144,3.895e-20,6.799e-20,1.553e-19,0.0002,-5.35,0
FrontS78458,26.7779,-27.1392,5.671e-17,5.615e-17,3.878e-17,0.0007,1.42,0
FrontS78459,23.9041,-28.0022,6.122e-19,8.948e-19,1.451e-18,0.0012,-7.77,0
FrontS78460,35.4602,-30.9424,1.029e-20,2.023e-20,6.031e-20,-0.0002,-6.79,0
FrontS78461,35.9715,-32.4109,3.177e-17,3.435e-17,2.831e-17,0.0003,6.03,0
FrontS78463,29.6790,-24.3712,4.893e-18,6.350e-18,8.047e-18,-0.0009,-4.23,0
FrontS78466,36.1492,-39.5798,2.362e-16,2.174e-16,1.293e-16,-0.0,-7.97,0
FrontS78472,40.3797,-33.7423,1.866e-18,2.609e-18,3.766e-18,0.001,7.35,0
FrontS78473,40.4112,-28.1500,1.779e-16,3.278e-16,8.755e-16,0.0003,-6.67,0
FrontS78474,37.8571,-34.8003,2.407e-20,4.439e-20,1.160e-19,0.0005,-6.25,0
FrontS78476,30.3934,-30.0439,4.342e-12,3.021e-12,1.038e-12,0.0002,5.97,0
FrontS78478,36.7175,-27.0434,1.517e-20,3.012e-20,8.966e-20,0.0002,5.27,0
FrontS78479,39.7592,-38.0506,1.750e-20,3.208e-20,7.887e-20,0.0005,-8.7,0
FrontS78480,29.0759,-20.6596,1.260e-16,1.137e-16,6.650e-17,0.0003,-1.29,0
FrontS78484,29.5604,-25.2976,9.696e-17,1.735e-16,4.131e-16,0.0006,2.82,0
FrontS78485,31.6736,-24.2676,2.909e-20,6.173e-20,2.053e-19,0.0013,-6.14,0
FrontS78486,29.4307,-22.2599,3.063e-19,4.883e-19,9.317e-19,-0.0003,7.24,0
FrontS78489,26.2505,-29.1372,2.303e-17,2.387e-17,1.874e-17,-0.0003,-5.7,0
FrontS78494,27.5368,-37.9995,1.173e-18,1.635e-18,2.293e-18,0.0,-6.96,0
FrontS78495,31.9341,-19.1711,1.243e-19,2.234e-19,5.437e-19,0.0011,-3.99,0
FrontS78497,35.5263,-28.0512,4.790e-16,7.525e-16,1.395e-15,-0.0008,-2.84,0
FrontS78498,39.7156,-29.7742,3.695e-20,7.419e-20,2.204e-19,0.0007,1.59,0
FrontS78499,35.0505,-31.5842,3.058e-12,2.065e-12,6.861e-13,0.0006,-8.27,0
FrontS78501,41.7979,-35.3433,3.081e-17,3.199e-17,2.473e-17,0.0,-6.1,0
FrontS78502,32.4478,-35.7800,4.439e-20,8.337e-20,2.193e-19,0.0013,5.0,0
FrontS78505,35.8596,-33.4446,1.157e-18,1.565e-18,2.090e-18,0.0006,-8.63,0
FrontS78506,39.1699,-34.8804,1.514e-18,2.133e-18,3.182e-18,0.001,5.3,0
FrontS78507,30.7887,-29.3630,1.260e-19,2.225e-19,5.135e-19,0.0009,-7.54,0
FrontS78508,35.8152,-26.3001,1.855e-19,2.933e-19,5.278e-19,-0.0002,-4.75,0
FrontS78509,37.1857,-38.7155,1.919e-19,3.176e-19,6.487e-19,0.0002,5.04,0
FrontS78510,30.2686,-29.7625,2.578e-18,3.236e-18,3.699e-18,0.0003,5.6,0
FrontS78511,31.0452,-29.8670,2.670e-16,2.333e-16,1.335e-16,0.001,6.0,0
FrontS78512,34.8335,-24.6943,1.462e-16,1.325e-16,7.802e-17,0.0005,-6.98,0
FrontS78513,34.3772,-27.0650,4.269e-18,5.061e-18,5.057e-18,0.0005,6.27,0
FrontS78518,30.7158,-29.3202,6.832e-19,9.995e-19,1.581e-18,-0.0001,-5.76,0
FrontS78520,31.0170,-19.3251,1.646e-18,2.257e-18,3.135e-18,0.0003,3.84,0
FrontS78521,33.2019,-26.0567,1.620e-16,1.490e-16,8.977e-17,0.0003,2.25,0
FrontS78523,33.6123,-27.6109,1.074e-18,1.432e-18,1.863e-18,0.0006,0.5,0
FrontS78524,26.3113,-25.9867,3.433e-17,3.332e-17,2.209e-17,-0.0004,-2.52,0
FrontS78526,35.6389,-20.0585,2.698e-18,3.562e-18,4.564e-18,0.0004,2.82,0
FrontS78527,40.5126,-36.8376,1.801e-18,2.445e-18,3.358e-18,0.0013,8.45,0
FrontS78528,30.7931,-27.5949,4.089e-19,6.176e-19,1.069e-18,0.0007,0.74,0
FrontS78530,31.9113,-34.1700,1.146e-16,1.047e-16,6.267e-17,0.0006,-2.74,0
FrontS78532,36.2214,-26.0224,3.610e-17,3.742e-17,2.781e-17,-0.0001,-1.35,0
FrontS78533,35.0368,-25.0227,9.872e-17,9.366e-17,6.112e-17,0.0004,-8.38,0
FrontS78536,40.5924,-32.3722,1.854e-17,2.084e-17,1.904e-17,0.0001,-8.1,0
FrontS78537,30.7517,-30.2685,2.423e-20,4.822e-20,1.448e-19,0.0005,5.07,0
FrontS78539,33.9218,-30.2311,3.536e-19,5.574e-19,1.005e-18,0.0009,3.66,0
FrontS78540,30.1441,-25.6000,2.353e-19,3.652e-19,6.461e-19,0.0002,1.11,0
FrontS78543,32.6438,-28.5253,7.435e-12,6.501e-12,3.620e-12,0.0002,-8.4,1
FrontS78544,36.0898,-30.1041,3.366e-18,4.118e-18,4.504e-18,0.0003,-5.41,0
FrontS78545,27.3188,-24.2665,2.796e-12,1.845e-12,5.959e-13,-0.0003,5.33,0
FrontS78547,32.5160,-25.8542,1.829e-18,2.579e-18,3.756e-18,-0.0,7.78,0
FrontS78550,27.5951,-21.7831,9.652e-16,8.204e-16,4.278e-16,-0.001,-1.71,0
FrontS78553,27.7658,-21.0412,2.085e-19,3.430e-19,7.135e-19,0.001,7.8,0
FrontS78554,35.3636,-34.2847,3.669e-20,6.483e-20,1.491e-19,0.0011,-8.93,0
FrontS78555,30.8713,-29.9344,1.224e-19,2.121e-19,4.795e-19,-0.0001,-2.51,0
FrontS78556,26.5178,-26.0435,4.078e-16,3.473e-16,1.800e-16,-0.0002,-6.46,0
FrontS78559,35.0774,-28.1461,1.183e-16,1.093e-16,6.871e-17,0.0005,-7.41,0
FrontS78560,33.4519,-26.2835,8.837e-18,1.077e-17,1.166e-17,-0.0003,-4.89,0
FrontS78561,31.4018,-21.3335,2.877e-16,5.106e-16,1.229e-15,0.0004,-3.1,0
FrontS78562,30.3356,-25.9383,1.053e-17,1.199e-17,1.177e-17,0.0012,2.17,0
FrontS78564,25.6434,-26.8578,2.368e-18,2.921e-18,3.307e-18,0.0004,4.15,0
FrontS78568,37.8520,-37.3415,1.365e-20,2.917e-20,1.048e-19,-0.0002,-5.3,0
FrontS78569,30.7045,-22.7758,1.207e-17,1.310e-17,1.143e-17,0.0,2.0,0
FrontS78570,29.0061,-26.2542,6.625e-18,8.284e-18,9.288e-18,0.0012,2.47,0
FrontS78571,31.2507,-27.3919,8.572e-19,1.285e-18,2.218e-18,0.0001,-2.42,0
FrontS78572,28.8482,-22.0433,1.262e-20,2.495e-20,7.194e-20,-0.0002,-3.0,0
FrontS78573,35.3511,-27.9176,4.226e-18,5.172e-18,5.577e-18,0.0016,-7.65,0
FrontS78574,30.8065,-22.3501,2.397e-16,4.378e-16,1.100e-15,0.0017,3.84,0
FrontS78575,30.1586,-29.6275,9.832e-19,1.410e-18,2.109e-18,0.0008,4.81,0
FrontS78576,30.2958,-26.7859,2.519e-16,4.358e-16,9.901e-16,0.0012,4.28,0
FrontS78578,37.7098,-31.7229,3.933e-18,5.113e-18,6.306e-18,0.0016,7.21,0
FrontS78583,29.1648,-31.3310,1.154e-11,1.046e-11,6.002e-12,0.0009,4.82,1
FrontS78584,37.7855,-32.6455,5.094e-19,7.916e-19,1.415e-18,0.0002,-6.72,0
FrontS78588,35.5256,-31.4522,8.020e-19,1.115e-18,1.567e-18,0.0004,-5.28,0
FrontS78591,32.8825,-26.7873,2.552e-18,3.354e-18,4.319e-18,0.0,4.74,0
FrontS78592,44.6331,-39.6531,4.869e-16,8.602e-16,1.936e-15,0.0006,3.0,0
FrontS78593,41.9173,-33.0827,1.030e-16,1.733e-16,3.666e-16,-0.0002,1.3,0
FrontS78595,38.0390,-29.8395,1.301e-20,2.781e-20,9.732e-20,0.0007,0.5,0
FrontS78597,27.8317,-30.3028,2.626e-18,3.484e-18,4.577e-18,0.0007,0.94,0
FrontS78598,35.5218,-35.7136,1.799e-16,3.365e-16,9.321e-16,0.0,-8.85,0
FrontS78600,36.4065,-39.6852,8.573e-20,1.569e-19,3.788e-19,0.0004,3.2,0
FrontS78603,33.7124,-29.2140,1.393e-19,2.472e-19,5.747e-19,-0.0002,-3.35,0
FrontS78604,27.2151,-28.7471,1.367e-19,2.256e-19,4.399e-19,-0.0,-2.61,0
FrontS78605,29.1723,-27.0049,5.761e-19,8.666e-19,1.386e-18,0.0009,2.7,0
FrontS78607,36.2934,-33.8000,4.486e-20,8.137e-20,2.059e-19,0.0005,5.96,0
FrontS78608,31.3490,-24.2803,2.365e-18,3.347e-18,4.956e-18,0.0003,-2.5,0
FrontS78610,39.8174,-34.1192,5.277e-20,9.877e-20,2.602e-19,0.0016,8.78,0
FrontS78612,35.4597,-24.7101,4.171e-20,7.634e-20,1.912e-19,0.0008,-0.72,0
FrontS78616,33.5173,-30.1676,4.572e-18,5.545e-18,5.979e-18,0.0012,3.84,0
FrontS78617,33.4425,-24.2251,1.591e-20,3.354e-20,1.136e-19,-0.0001,4.13,0
FrontS78618,30.5355,-28.9854,3.521e-16,3.171e-16,1.896e-16,-0.0003,1.78,0
FrontS78620,36.2420,-36.3273,5.182e-17,5.360e-17,4.166e-17,0.0005,-1.51,0
FrontS78621,32.6590,-32.1502,3.137e-16,4.853e-16,8.272e-16,0.0007,4.1,0
FrontS78622,29.3070,-23.3235,1.389e-18,1.918e-18,2.727e-18,0.0004,-3.4,0
FrontS78627,36.1908,-32.7375,1.000e-16,9.455e-17,6.187e-17,0.0004,7.44,0
FrontS78629,31.2270,-23.6301,2.350e-19,3.755e-19,7.240e-19,-0.0002,8.09,0
FrontS78632,31.9065,-32.8383,5.303e-18,6.639e-18,7.400e-18,-0.0001,5.36,0
FrontS78641,32.5959,-23.8766,4.552e-18,5.820e-18,7.061e-18,0.001,-5.34,0
FrontS78646,26.8709,-25.4351,2.240e-20,4.562e-20,1.388e-19,0.0002,-8.27,0
FrontS78651,33.8386,-24.5351,1.501e-18,2.144e-18,3.258e-18,0.0004,5.52,0
FrontS78652,31.0590,-27.7859,1.018e-19,1.763e-19,4.027e-19,0.0009,-4.8,0
FrontS78653,27.9403,-24.4599,2.085e-18,2.837e-18,4.028e-18,-0.0001,-5.62,0
FrontS78654,35.9521,-31.7321,8.288e-17,8.098e-17,5.742e-17,-0.0001,-1.6,0
FrontS78655,36.2381,-35.2853,1.457e-20,3.076e-20,1.070e-19,0.0005,-0.52,0
FrontS78656,23.7572,-23.2086,7.868e-12,5.417e-12,1.868e-12,0.0001,8.71,0
FrontS78657,35.9229,-27.9253,3.220e-19,5.079e-19,9.021e-19,0.001,1.89,0
FrontS78658,34.8002,-29.4344,2.181e-16,1.975e-16,1.141e-16,0.0003,-3.94,0
FrontS78659,32.1458,-26.1673,9.880e-19,1.501e-18,2.503e-18,0.0011,2.01,0
FrontS78660,36.5415,-32.5129,3.032e-16,5.485e-16,1.382e-15,0.0013,-1.59,0
FrontS78667,30.8737,-23.4144,5.568e-20,1.025e-19,2.608e-19,0.0012,6.76,0
FrontS78668,36.5145,-32.0391,2.186e-16,3.588e-16,7.299e-16,0.0002,-1.85,0
FrontS78669,27.5034,-26.5637,4.969e-18,5.989e-18,6.208e-18,0.0009,1.58,0
FrontS78670,37.0939,-23.4900,1.135e-19,1.964e-19,4.425e-19,-0.0006,-0.55,0
FrontS78671,34.0689,-27.8245,3.016e-19,4.496e-19,7.354e-19,-0.0002,7.89,0
FrontS78672,36.8617,-22.0728,5.087e-13,3.322e-13,1.046e-13,0.0015,6.48,0
FrontS78673,32.9321,-37.6718,3.708e-20,6.798e-20,1.724e-19,0.0003,-2.62,0
FrontS78674,35.0828,-30.0297,1.019e-18,1.387e-18,1.931e-18,0.0012,7.29,0
FrontS78676,25.7271,-25.3365,2.886e-17,2.999e-17,2.272e-17,0.0004,5.95,0
FrontS78677,30.1675,-23.8541,2.845e-19,5.041e-19,1.174e-18,0.0002,7.47,0
FrontS78681,33.2635,-30.1081,1.467e-19,2.369e-19,4.528e-19,-0.0002,0.39,0
FrontS78684,42.2467,-38.1013,4.938e-20,8.492e-20,1.889e-19,0.0002,8.3,0
FrontS78685,36.9122,-27.5292,1.046e-20,2.124e-20,6.671e-20,-0.0001,-2.81,0
FrontS78686,30.4161,-28.4254,1.062e-19,1.959e-19,4.969e-19,0.0011,-5.92,0
FrontS78687,24.4408,-24.9408,1.061e-16,9.893e-17,6.302e-17,-0.0003,7.7,0
FrontS78688,36.9016,-29.9304,4.886e-18,6.230e-18,7.428e-18,0.0007,-8.21,0
FrontS78689,40.2965,-27.7230,1.074e-20,2.306e-20,8.071e-20,-0.0003,1.18,0
FrontS78695,35.3801,-22.1327,1.474e-20,3.010e-20,9.246e-20,0.0008,-6.25,0
FrontS78696,31.3221,-38.0795,2.327e-17,2.414e-17,1.853e-17,-0.0003,5.19,0
FrontS78697,32.4505,-28.1747,6.985e-18,8.240e-18,8.347e-18,-0.0006,4.62,0
FrontS78698,31.9311,-30.2732,1.370e-16,1.238e-16,7.215e-17,0.0016,-7.5,0
FrontS78699,28.1436,-24.9857,2.916e-18,3.906e-18,5.191e-18,-0.0001,-0.85,0
FrontS78700,39.3127,-27.6797,4.036e-18,4.808e-18,5.209e-18,-0.0003,-5.0,0
FrontS78705,32.4368,-33.6663,6.939e-19,1.047e-18,1.761e-18,0.0007,-0.87,0
FrontS78707,28.1096,-22.8286,5.917e-17,1.075e-16,2.729e-16,0.0006,-5.98,0
FrontS78708,30.2163,-24.2801,1.581e-20,3.357e-20,1.154e-19,0.0003,-7.36,0
FrontS78709,22.1553,-32.1329,5.638e-17,5.438e-17,3.649e-17,0.0004,4.51,0
FrontS78710,36.3111,-37.9027,1.823e-20,3.800e-20,1.230e-19,0.0008,6.21,0
FrontS78712,37.8601,-29.1813,1.572e-18,1.953e-18,2.217e-18,0.0003,-4.95,0
FrontS78714,30.4076,-27.3821,5.733e-18,6.775e-18,6.876e-18,0.0006,-2.32,0
FrontS78715,26.1829,-24.1943,1.687e-19,2.733e-19,5.544e-19,-0.0003,-0.76,0
FrontS78716,37.2632,-33.6697,1.145e-20,2.475e-20,8.753e-20,0.0,1.87,0
FrontS78717,34.3225,-26.0092,2.792e-16,2.482e-16,1.350e-16,0.0006,6.59,0
FrontS78718,32.9919,-33.9657,5.304e-18,6.332e-18,6.530e-18,-0.0004,8.41,0
FrontS78720,35.9816,-25.4232,4.510e-17,4.839e-17,4.006e-17,-0.0005,-7.72,0
FrontS78724,36.0629,-29.9173,2.573e-18,3.567e-18,4.996e-18,-0.0007,-1.02,0
FrontS78725,30.2668,-31.1595,5.585e-18,6.986e-18,8.089e-18,0.0009,-0.78,0
FrontS78728,34.3980,-25.8793,6.453e-20,1.147e-19,2.721e-19,0.0007,-6.63,0
FrontS78729,40.8622,-35.1816,8.775e-19,1.316e-18,2.197e-18,0.0002,6.75,0
FrontS78730,30.3688,-28.4125,1.249e-19,2.264e-19,5.439e-19,-0.0,-2.57,0
FrontS78731,33.9655,-31.0145,2.335e-16,4.393e-16,1.156e-15,0.002,-6.98,0
FrontS78736,28.7611,-28.5965,5.276e-16,8.005e-16,1.390e-15,0.0006,-0.26,0
FrontS78738,32.7260,-26.9271,1.807e-17,2.079e-17,2.037e-17,0.0005,-5.12,0
FrontS78739,43.5204,-26.1001,1.107e-16,1.072e-16,7.174e-17,0.0006,8.27,0
FrontS78740,32.7354,-32.4949,7.022e-20,1.368e-19,3.799e-19,0.0003,3.51,0
FrontS78741,40.4972,-23.3489,2.685e-20,5.543e-20,1.811e-19,0.0012,-5.89,0
FrontS78742,29.8600,-20.9561,2.548e-19,4.054e-19,7.504e-19,0.001,-3.59,0
FrontS78743,30.0120,-22.4702,2.402e-18,3.171e-18,4.059e-18,0.0009,-2.05,0
FrontS78744,36.4618,-30.2701,1.587e-20,3.557e-20,1.351e-19,0.0001,4.55,0
FrontS78745,30.6018,-23.8580,1.171e-20,2.462e-20,8.206e-20,0.0007,-8.39,0
FrontS78746,39.0527,-28.1767,1.349e-16,1.231e-16,7.273e-17,-0.0004,-4.72,0
FrontS78749,38.7612,-26.3735,1.226e-11,9.146e-12,3.611e-12,-0.0005,7.7,0
FrontS78751,35.5204,-36.8826,1.331e-17,1.484e-17,1.312e-17,0.0007,-3.68,0
FrontS78752,25.7184,-30.7982,2.330e-18,3.110e-18,4.107e-18,0.0004,-2.21,0
FrontS78753,31.5267,-27.0971,7.641e-19,1.141e-18,1.853e-18,-0.0008,-2.83,0
FrontS78754,32.5759,-26.2127,3.815e-18,4.463e-18,4.274e-18,0.0009,6.5,0
FrontS78755,30.2535,-30.2275,3.001e-17,3.077e-17,2.359e-17,0.0011,-4.43,0
FrontS78757,36.7303,-31.4829,1.234e-20,2.688e-20,9.477e-20,-0.0002,2.35,0
FrontS78759,32.1531,-34.9560,2.847e-18,3.635e-18,4.424e-18,0.0008,8.96,0
FrontS78760,29.9542,-32.4421,3.720e-16,3.381e-16,1.957e-16,0.0008,-0.57,0
FrontS78762,32.5856,-31.2390,3.938e-18,4.856e-18,5.171e-18,0.0004,6.02,0
FrontS78767,32.2202,-34.8849,1.721e-12,1.517e-12,8.756e-13,0.001,-1.97,0
FrontS78768,31.9857,-27.8991,2.381e-16,4.040e-16,8.741e-16,-0.0006,2.74,0
FrontS78769,29.2460,-25.8769,2.382e-19,3.873e-19,7.487e-19,0.0006,6.97,0
FrontS78770,44.1694,-36.8718,8.116e-19,1.180e-18,1.823e-18,0.0004,3.72,0
FrontS78771,30.5215,-30.7289,1.814e-19,2.979e-19,5.792e-19,-0.0,7.44,0
FrontS78772,28.3287,-26.4920,3.827e-20,6.983e-20,1.806e-19,0.0013,-8.16,0
FrontS78773,37.8570,-28.7061,1.537e-19,2.600e-19,5.503e-19,0.0009,6.82,0
FrontS78774,32.5025,-27.6484,1.704e-20,3.778e-20,1.375e-19,0.0007,3.71,0
FrontS78775,28.0921,-23.0535,6.059e-19,9.106e-19,1.486e-18,-0.0003,-0.49,0
FrontS78776,32.7793,-31.7767,3.788e-19,5.892e-19,1.031e-18,0.0006,4.18,0
FrontS78779,28.7060,-30.4029,1.650e-16,1.518e-16,9.179e-17,0.0008,2.12,0
FrontS78783,36.3537,-30.6133,1.166e-17,1.339e-17,1.289e-17,0.0007,5.99,0
FrontS78784,36.1523,-29.8647,5.007e-18,6.090e-18,6.749e-18,0.0003,2.76,0
FrontS78785,27.5911,-29.8524,3.233e-20,6.386e-20,1.871e-19,0.0012,-7.21,0
FrontS78786,27.3220,-27.9642,5.177e-19,7.352e-19,1.080e-18,-0.0005,2.39,0
FrontS78787,27.2428,-26.6857,5.775e-18,7.114e-18,7.969e-18,-0.0,-1.88,0
FrontS78788,30.9424,-24.7589,1.081e-16,1.020e-16,6.631e-17,0.0007,-5.55,0
FrontS78790,29.5815,-27.7267,1.024e-18,1.447e-18,2.134e-18,-0.0001,2.96,0
FrontS78794,35.9619,-25.1262,3.495e-19,5.744e-19,1.166e-18,0.0003,-2.81,0
FrontS78795,31.0337,-30.3860,6.524e-18,7.755e-18,7.644e-18,0.0002,-4.72,0
FrontS78796,28.4914,-27.9279,2.400e-16,3.402e-16,4.979e-16,-0.0009,4.3,0
FrontS78797,28.9198,-23.2675,4.928e-19,7.650e-19,1.371e-18,0.0005,5.22,0
FrontS78799,31.4116,-28.3029,1.456e-19,2.452e-19,4.984e-19,0.0001,-7.41,0
FrontS78800,33.1909,-33.2526,1.225e-16,1.124e-16,7.051e-17,0.0007,1.32,0
FrontS78801,26.6689,-33.6801,8.637e-12,6.171e-12,2.271e-12,0.0012,-0.91,0
FrontS78803,30.8369,-30.3984,7.026e-20,1.236e-19,2.904e-19,0.0002,4.17,0
FrontS78804,29.4122,-32.2543,3.987e-18,5.115e-18,6.041e-18,0.0006,7.28,0
FrontS78807,28.7447,-30.4227,6.059e-16,9.627e-16,1.803e-15,0.001,3.04,0
FrontS78809,36.3766,-24.7123,1.275e-20,2.784e-20,1.069e-19,0.0011,-8.39,0
FrontS78811,28.2299,-27.8030,4.659e-19,6.847e-19,1.143e-18,-0.0001,0.74,0
FrontS78812,29.8893,-24.1168,1.103e-16,1.128e-16,8.265e-17,0.0009,-1.49,0
FrontS78814,32.3270,-28.2662,4.784e-19,7.174e-19,1.172e-18,0.0009,-5.8,0
FrontS78816,29.4958,-33.2867,2.317e-20,4.656e-20,1.425e-19,0.0009,-4.13,0
FrontS78817,33.3663,-30.6772,4.839e-20,9.265e-20,2.543e-19,-0.0007,0.28,0
FrontS78818,42.5849,-26.2266,1.903e-16,3.854e-16,1.162e-15,0.0005,6.19,0
FrontS78819,34.2743,-24.4696,1.634e-16,2.686e-16,5.340e-16,0.0013,-0.68,0
FrontS78820,29.8861,-34.9319,1.336e-19,2.190e-19,4.515e-19,0.0009,-1.73,0
FrontS78821,31.6020,-21.8416,7.795e-17,1.303e-16,2.609e-16,-0.0003,1.83,0
FrontS78825,29.3290,-30.5480,4.407e-17,4.829e-17,4.346e-17,0.001,8.45,0
FrontS78828,27.3243,-21.9896,4.885e-18,6.138e-18,6.963e-18,0.0007,-2.22,0
FrontS78830,27.3382,-26.0343,1.499e-20,3.193e-20,1.110e-19,0.0003,3.78,0
FrontS78834,33.9591,-24.9071,1.537e-19,2.583e-19,5.470e-19,0.0008,-8.96,0
FrontS78835,27.8985,-30.9756,5.657e-16,4.887e-16,2.624e-16,0.0008,3.03,0
FrontS78842,32.4048,-30.1025,1.445e-20,3.002e-20,9.685e-20,0.0002,-7.99,0
FrontS78843,26.3781,-23.4973,4.710e-20,9.001e-20,2.528e-19,0.0011,7.39,0
FrontS78848,31.3380,-26.7726,1.952e-18,2.635e-18,3.433e-18,0.0011,-0.05,0
FrontS78849,34.4800,-24.3923,1.026e-17,1.263e-17,1.425e-17,0.001,-1.05,0
FrontS78850,23.5649,-23.4988,5.174e-18,6.469e-18,7.270e-18,-0.0002,-8.23,0
FrontS78854,24.2748,-18.3510,6.697e-19,9.694e-19,1.501e-18,0.0006,8.09,0
FrontS78856,38.4917,-28.4854,3.844e-18,4.595e-18,4.940e-18,0.0001,-4.28,0
FrontS78857,25.3626,-24.6830,6.034e-19,8.594e-19,1.298e-18,-0.0004,6.51,0
FrontS78858,23.2293,-27.3898,4.882e-12,3.424e-12,1.201e-12,0.0003,-0.76,0
FrontS78859,29.7832,-24.6032,4.355e-18,5.251e-18,5.370e-18,0.001,0.62,0
FrontS78864,34.0515,-35.7882,3.213e-16,6.059e-16,1.604e-15,0.0009,3.26,0
FrontS78865,32.6796,-21.0772,1.015e-19,1.823e-19,4.352e-19,0.0003,-1.75,0
FrontS78868,34.9014,-26.5456,2.532e-16,2.195e-16,1.198e-16,0.0001,-1.06,0
FrontS78869,32.8953,-31.1965,3.969e-17,4.213e-17,3.316e-17,-0.0002,-5.36,0
FrontS78871,31.2373,-37.4474,4.425e-19,6.810e-19,1.213e-18,-0.0005,-5.6,0
FrontS78872,29.8334,-27.6312,6.202e-12,4.424e-12,1.595e-12,0.0011,-7.23,0
FrontS78873,37.6629,-24.3583,2.123e-17,2.255e-17,1.806e-17,0.0,0.48,0
FrontS78875,31.7269,-31.0417,2.778e-19,4.209e-19,7.074e-19,0.0004,-1.28,0
FrontS78877,31.7561,-25.3743,1.386e-16,2.399e-16,5.211e-16,0.0,3.56,0
FrontS78882,30.5568,-28.1000,3.469e-18,4.510e-18,5.385e-18,0.0006,2.24,0
FrontS78884,39.2766,-26.8408,2.116e-18,2.780e-18,3.439e-18,0.0005,0.67,0
FrontS78886,25.7465,-29.4787,8.842e-18,1.001e-17,9.001e-18,0.0006,-7.92,0
FrontS78887,40.7849,-26.1817,2.746e-20,5.541e-20,1.704e-19,-0.0005,6.69,0
FrontS78888,32.9190,-24.5198,1.318e-17,1.423e-17,1.233e-17,0.0002,-4.56,0
FrontS78891,39.9209,-28.9307,2.047e-16,1.842e-16,1.106e-16,0.0006,8.06,0
FrontS78893,29.3301,-28.2734,1.074e-20,2.349e-20,8.640e-20,0.0007,-1.54,0
FrontS78894,35.2164,-25.0902,6.625e-17,1.112e-16,2.306e-16,0.0005,-1.17,0
FrontS78897,34.6436,-34.5672,1.174e-16,1.911e-16,3.857e-16,0.0006,1.22,0
FrontS78900,38.0602,-36.6020,1.923e-20,3.967e-20,1.341e-19,0.001,1.94,0
FrontS78901,29.7171,-21.1636,2.508e-20,4.788e-20,1.281e-19,0.0003,3.97,0
FrontS78902,36.1144,-34.1759,1.972e-16,3.564e-16,8.782e-16,0.0009,-6.0,0
FrontS78903,33.2254,-21.4997,2.962e-17,3.181e-17,2.611e-17,0.0002,-2.86,0
FrontS78904,36.5321,-30.7549,3.278e-17,6.373e-17,1.885e-16,0.0006,-2.37,0
FrontS78905,26.0140,-25.7591,1.038e-18,1.452e-18,2.023e-18,0.0007,-2.57,0
FrontS78906,33.1158,-32.4823,1.675e-17,1.759e-17,1.410e-17,0.0009,-2.16,0
FrontS78907,39.0605,-34.6986,2.418e-20,5.082e-20,1.650e-19,0.0008,-5.27,0
FrontS78908,35.3794,-25.0535,1.359e-19,2.349e-19,5.304e-19,0.0008,6.58,0
FrontS78910,30.4820,-28.8534,1.773e-19,3.102e-19,7.333e-19,0.0,-6.27,0
FrontS78911,41.0682,-30.3811,7.175e-20,1.309e-19,3.235e-19,0.0005,-3.31,0
FrontS78912,38.3634,-31.7728,1.652e-18,2.268e-18,3.188e-18,0.0007,1.06,0
FrontS78914,25.7290,-31.9116,6.176e-17,6.379e-17,4.748e-17,0.0009,-3.59,0
FrontS78915,29.3884,-28.1442,5.184e-19,7.359e-19,1.088e-18,-0.0001,-3.32,0
FrontS78916,27.6386,-22.7258,1.503e-20,3.343e-20,1.257e-19,0.0011,1.28,0
FrontS78918,31.8118,-17.0152,3.428e-20,6.354e-20,1.724e-19,0.0008,4.45,0
FrontS78920,34.1529,-34.0237,1.423e-20,2.830e-20,8.724e-20,0.0009,-8.07,0
FrontS78922,27.4536,-29.7845,2.897e-18,3.465e-18,3.712e-18,0.0005,0.37,0
FrontS78926,32.0079,-24.0280,6.084e-17,1.013e-16,2.013e-16,0.0009,2.57,0
FrontS78927,36.4113,-32.8600,1.097e-20,2.105e-20,5.888e-20,0.0004,-3.51,0
FrontS78928,35.4833,-29.3943,2.969e-18,3.865e-18,4.763e-18,0.0008,1.77,0
FrontS78929,36.3952,-26.1391,2.327e-19,3.968e-19,8.334e-19,-0.0002,-5.54,0
FrontS78930,36.4879,-27.8775,6.814e-18,8.717e-18,1.054e-17,0.0002,3.67,0
FrontS78931,29.0000,-27.8835,8.246e-20,1.398e-19,2.986e-19,0.001,-5.89,0
FrontS78933,38.0772,-29.0524,6.209e-16,1.224e-15,3.615e-15,0.0005,2.05,0
FrontS78934,42.9457,-29.3439,2.027e-18,2.701e-18,3.589e-18,0.0013,2.7,0
FrontS78935,29.3189,-25.6289,9.591e-19,1.377e-18,2.069e-18,0.0007,3.92,0
FrontS78937,39.9747,-26.6039,1.564e-17,1.761e-17,1.602e-17,0.0008,3.84,0
FrontS78938,31.2854,-24.0259,9.196e-17,8.654e-17,5.259e-17,0.0005,-2.98,0
FrontS78939,33.2053,-25.6982,7.780e-19,1.126e-18,1.767e-18,0.001,3.54,0
FrontS78941,38.6520,-32.7910,1.049e-20,2.188e-20,7.106e-20,-0.0003,-8.47,0
FrontS78942,30.0350,-22.2432,2.430e-17,2.615e-17,2.199e-17,0.001,5.54,0
FrontS78945,30.0198,-18.6802,2.867e-19,4.425e-19,7.653e-19,0.0011,4.72,0
FrontS78946,28.7331,-39.0866,3.077e-20,5.851e-20,1.603e-19,-0.0004,-4.35,0
FrontS78948,33.6528,-35.3933,2.424e-20,4.633e-20,1.269e-19,-0.0006,-5.92,0
FrontS78950,31.6820,-24.0965,5.744e-20,1.065e-19,2.863e-19,0.0013,-4.92,0
FrontS78952,27.5381,-29.8627,8.929e-12,8.091e-12,4.724e-12,0.0003,7.78,1
FrontS78954,39.4738,-30.9517,1.485e-17,1.594e-17,1.361e-17,0.0016,-1.71,0
FrontS78955,28.4328,-25.7291,1.257e-20,2.584e-20,8.480e-20,0.0004,-4.87,0
FrontS78956,32.8138,-26.5352,8.733e-19,1.258e-18,1.915e-18,0.0006,-4.64,0
FrontS78958,28.3108,-25.5523,2.661e-19,4.342e-19,8.319e-19,0.0001,-6.53,0
FrontS78963,33.1525,-27.2030,2.245e-17,2.318e-17,1.784e-17,-0.0006,6.26,0
FrontS78968,36.9985,-26.2961,5.448e-18,6.477e-18,6.749e-18,0.0009,-3.61,0
FrontS78970,28.3413,-20.0870,9.477e-20,1.693e-19,4.088e-19,0.0004,8.11,0
FrontS78972,32.1399,-30.3986,1.692e-18,2.337e-18,3.417e-18,0.0011,5.93,0
FrontS78977,40.9847,-29.4660,1.230e-17,1.434e-17,1.381e-17,0.0005,-1.21,0
FrontS78978,31.9793,-20.0354,2.371e-19,3.781e-19,6.905e-19,-0.0004,5.02,0
FrontS78981,34.1384,-30.8855,4.887e-20,8.942e-20,2.246e-19,0.0011,7.12,0
FrontS78983,29.7070,-26.3119,7.830e-17,7.691e-17,5.250e-17,0.0005,-6.79,0
FrontS78984,30.4619,-26.1734,6.770e-17,6.517e-17,4.292e-17,0.0012,-6.6,0
FrontS78986,32.6690,-27.1689,1.041e-15,2.548e-15,1.162e-14,0.0008,-7.33,0
FrontS78987,31.7715,-25.4609,5.382e-20,9.420e-20,2.243e-19,0.001,1.57,0
FrontS78988,35.8197,-27.5691,4.447e-20,9.203e-20,2.919e-19,0.001,4.51,0
FrontS78989,27.2132,-28.8629,4.103e-19,6.099e-19,1.033e-18,-0.0002,2.16,0
FrontS78990,34.7568,-22.0481,2.995e-19,4.805e-19,9.169e-19,0.0003,3.26,0
FrontS78991,38.4080,-26.1749,4.535e-20,8.410e-20,2.110e-19,0.0004,-3.51,0
FrontS78992,37.1062,-26.1339,2.569e-16,4.324e-16,9.127e-16,0.0005,-7.15,0
FrontS78993,34.7495,-26.7769,1.839e-20,3.511e-20,9.752e-20,0.0007,-5.21,0
FrontS78994,34.9182,-36.9897,1.942e-20,4.028e-20,1.372e-19,0.0011,-1.28,0
FrontS78995,30.6019,-23.5888,3.580e-17,3.544e-17,2.569e-17,0.0004,-1.19,0
FrontS78998,42.4401,-30.4757,5.442e-20,1.061e-19,3.063e-19,0.0013,8.26,0
FrontS79000,29.6637,-26.5228,5.460e-20,1.002e-19,2.671e-19,0.0004,-6.12,0
FrontS79001,33.5056,-22.7659,1.015e-20,2.112e-20,7.055e-20,0.0004,-4.43,0
FrontS79002,28.7101,-22.6097,8.294e-12,6.462e-12,2.822e-12,0.0001,5.17,1
FrontS79003,30.2035,-21.7837,2.832e-19,4.360e-19,7.763e-19,-0.0008,6.63,0
FrontS79004,20.1413,-21.3739,3.112e-17,3.403e-17,2.926e-17,0.0004,-3.53,0
FrontS79006,34.0545,-21.8000,2.441e-16,2.196e-16,1.264e-16,0.0008,-4.95,0
FrontS79007,30.8502,-30.5560,1.644e-19,2.688e-19,5.511e-19,0.001,-8.14,0
FrontS79008,27.1479,-19.9942,1.300e-20,2.815e-20,1.028e-19,0.0003,3.11,0
FrontS79011,26.5588,-24.9535,1.222e-20,2.317e-20,6.105e-20,0.0003,0.45,0
FrontS79012,33.4922,-26.4055,1.106e-11,7.837e-12,2.914e-12,-0.0007,-0.67,0
FrontS79013,32.5791,-21.9343,4.078e-16,3.542e-16,1.988e-16,0.0011,-0.17,0
FrontS79015,34.2342,-18.2197,2.134e-17,2.287e-17,1.927e-17,0.0001,-9.64,0
FrontS79017,26.2448,-20.0462,1.215e-17,1.374e-17,1.304e-17,0.0002,-2.33,0
FrontS79018,31.3611,-33.8807,1.965e-20,4.080e-20,1.291e-19,0.0003,-0.45,0
FrontS79019,28.6648,-26.4815,9.421e-16,1.394e-15,2.231e-15,0.0003,-5.93,0
FrontS79020,34.7827,-26.1423,1.691e-18,2.212e-18,2.793e-18,0.0001,-6.5,0
FrontS79021,31.3517,-33.1899,1.299e-17,1.556e-17,1.583e-17,0.0007,-8.49,0
FrontS79023,29.4394,-28.3213,5.394e-20,1.011e-19,2.664e-19,0.0003,5.46,0
FrontS79025,32.1581,-24.8666,2.108e-20,4.109e-20,1.166e-19,0.0004,1.29,0
FrontS79026,30.7351,-28.0247,1.631e-19,2.837e-19,6.484e-19,0.0007,-4.19,0
FrontS79028,34.1800,-23.5085,2.222e-20,4.908e-20,1.803e-19,-0.0002,7.07,0
FrontS79029,30.5472,-27.3403,1.984e-20,4.001e-20,1.250e-19,0.0007,-6.9,0
FrontS79030,41.3478,-38.1789,1.887e-19,3.096e-19,6.267e-19,0.0005,2.23,0
FrontS79031,33.9653,-21.7152,6.335e-17,1.105e-16,2.542e-16,0.0012,-1.29,0
FrontS79034,37.2399,-25.5310,3.808e-19,5.481e-19,8.619e-19,0.0011,-8.92,0
FrontS79036,35.3300,-40.6834,9.730e-20,1.759e-19,4.265e-19,0.0002,-4.68,0
FrontS79037,35.2288,-24.7539,8.698e-17,8.404e-17,5.757e-17,0.0003,0.75,0
FrontS79038,29.4628,-33.0874,2.436e-18,3.230e-18,4.196e-18,0.0006,-6.92,0
FrontS79039,27.8534,-32.1208,7.627e-17,1.258e-16,2.514e-16,0.0008,6.45,0
FrontS79042,35.6912,-24.4636,8.371e-18,1.063e-17,1.240e-17,0.0005,4.14,0
FrontS79043,34.9348,-24.6803,1.107e-19,2.003e-19,4.829e-19,0.001,0.98,0
FrontS79044,28.3340,-32.2872,1.821e-19,3.026e-19,6.053e-19,0.001,-6.68,0
FrontS79045,31.3801,-26.0556,8.865e-20,1.573e-19,3.840e-19,0.0006,1.04,0
FrontS79047,32.3714,-32.5904,1.823e-18,2.489e-18,3.413e-18,0.0014,5.49,0
FrontS79050,32.4154,-22.2905,1.348e-19,2.288e-19,4.750e-19,-0.0001,-8.23,0
FrontS79051,24.3402,-22.2510,5.217e-18,6.470e-18,7.142e-18,0.0007,4.18,0
FrontS79054,41.6410,-28.5019,3.260e-19,5.046e-19,9.239e-19,0.0009,-7.64,0
FrontS79055,34.8953,-23.0442,2.194e-20,4.189e-20,1.192e-19,0.0014,7.65,0
FrontS79056,42.1003,-29.9032,4.954e-16,8.906e-16,2.157e-15,-0.0001,-8.06,0
FrontS79057,36.9695,-29.0779,1.212e-20,2.455e-20,7.587e-20,0.0011,5.22,0
FrontS79060,29.7621,-29.2166,8.520e-17,8.470e-17,6.089e-17,0.0016,8.23,0
FrontS79061,31.4594,-34.1612,3.014e-19,4.923e-19,9.891e-19,0.0012,2.0,0
FrontS79063,41.3596,-28.3023,1.953e-20,3.847e-20,1.190e-19,0.0009,-3.95,0
FrontS79064,35.1336,-24.3194,8.568e-17,8.374e-17,5.772e-17,0.0007,2.18,0
FrontS79066,32.6957,-24.6321,4.319e-19,6.739e-19,1.241e-18,0.0019,4.7,0
FrontS79069,34.7991,-30.7578,2.481e-18,3.353e-18,4.318e-18,0.0014,-6.87,0
FrontS79071,36.3985,-24.0849,9.594e-18,1.073e-17,9.870e-18,0.0007,-2.85,0
FrontS79075,38.7755,-31.1069,2.863e-19,4.470e-19,8.420e-19,0.0,0.67,0
FrontS79076,35.2276,-29.1370,2.660e-20,4.974e-20,1.297e-19,0.0008,-4.75,0
FrontS79078,35.8997,-25.4066,1.801e-20,3.805e-20,1.301e-19,0.0009,-8.84,0
FrontS79079,40.9088,-34.2715,8.067e-19,1.104e-18,1.549e-18,0.0003,5.69,0
FrontS79080,34.6228,-41.0798,1.686e-19,2.834e-19,6.077e-19,0.0007,-5.34,0
FrontS79081,34.0856,-25.4401,2.717e-17,2.841e-17,2.272e-17,-0.0,0.32,0
FrontS79082,36.5597,-26.6656,9.113e-18,1.046e-17,1.042e-17,0.0008,-5.43,0
FrontS79083,32.7755,-25.0155,6.727e-20,1.238e-19,3.155e-19,0.0003,2.49,0
FrontS79084,28.8754,-24.9964,2.252e-18,2.966e-18,3.761e-18,0.0004,-0.43,0
FrontS79085,42.1375,-32.4551,4.241e-19,6.539e-19,1.155e-18,0.0007,5.13,0
FrontS79086,34.8352,-18.0470,2.727e-19,4.501e-19,9.255e-19,0.0008,-0.53,0
FrontS79087,32.5986,-25.1400,6.233e-20,1.125e-19,2.706e-19,0.0004,0.07,0
FrontS79088,32.9920,-27.4961,1.105e-17,1.321e-17,1.388e-17,0.0005,-7.16,0
FrontS79090,36.8747,-31.3564,4.642e-20,9.284e-20,2.847e-19,0.0009,1.71,0
FrontS79091,30.7950,-26.9866,3.606e-17,3.774e-17,3.002e-17,0.0005,-4.34,0
FrontS79092,35.8408,-36.6024,2.165e-19,3.578e-19,7.131e-19,0.0004,-0.64,0
FrontS79096,37.1558,-29.8927,4.266e-20,7.758e-20,1.951e-19,0.0007,2.51,0
FrontS79098,30.4353,-27.9412,6.407e-17,6.599e-17,5.226e-17,0.0002,-7.39,0
FrontS79101,22.6465,-28.5662,2.964e-20,5.996e-20,1.898e-19,0.001,3.61,0
FrontS79102,28.0962,-18.0678,2.044e-18,2.902e-18,4.351e-18,0.0013,-9.05,0
FrontS79103,34.9318,-25.9060,4.214e-20,8.312e-20,2.408e-19,0.001,6.52,0
FrontS79106,29.5225,-30.7169,9.092e-19,1.283e-18,1.867e-18,0.0006,-1.94,0
FrontS79108,33.9770,-29.0314,6.416e-12,5.461e-12,2.919e-12,0.0006,-0.71,1
FrontS79110,27.5665,-22.9468,6.645e-18,7.724e-18,7.389e-18,0.0008,-3.04,0
FrontS79111,34.5143,-31.2760,4.291e-18,5.388e-18,6.298e-18,-0.0001,-1.16,0
FrontS79112,36.1029,-28.7054,3.415e-20,6.567e-20,1.797e-19,0.0006,-7.49,0
FrontS79114,35.3526,-29.1719,7.627e-18,8.884e-18,8.773e-18,0.0009,3.01,0
FrontS79116,26.1728,-31.6059,2.527e-16,4.287e-16,9.495e-16,-0.0003,-5.84,0
FrontS79119,35.2463,-26.2377,1.063e-20,2.240e-20,7.689e-20,-0.0001,3.99,0
FrontS79120,29.4092,-30.4476,1.411e-20,2.954e-20,9.581e-20,0.0013,-4.34,0
FrontS79123,28.3539,-26.5061,2.066e-20,4.358e-20,1.479e-19,0.0012,-2.46,0
FrontS79125,32.2206,-31.8660,2.716e-20,5.536e-20,1.723e-19,0.0006,8.71,0
FrontS79128,37.5502,-22.9923,6.861e-17,6.580e-17,4.380e-17,0.0009,-1.08,0
FrontS79129,33.4206,-26.6071,9.914e-17,9.877e-17,6.850e-17,0.0002,7.51,0
FrontS79130,31.9058,-33.7806,3.357e-17,3.709e-17,3.290e-17,0.0009,4.5,0
FrontS79132,27.4476,-21.9131,3.455e-12,2.326e-12,7.575e-13,0.0006,-3.95,0
FrontS79133,37.0393,-29.9757,3.618e-16,3.216e-16,1.837e-16,-0.0,-6.85,0
FrontS79138,28.4331,-24.4113,5.238e-18,6.402e-18,6.814e-18,0.0002,3.18,0
FrontS79139,31.6991,-23.7701,1.776e-17,1.892e-17,1.557e-17,0.0006,-1.94,0
FrontS79140,36.2727,-27.8583,1.105e-17,1.321e-17,1.344e-17,0.001,-4.69,0
FrontS79141,36.4370,-25.7770,2.036e-20,4.404e-20,1.567e-19,0.0003,7.44,0
FrontS79142,31.2703,-22.7495,2.192e-20,4.402e-20,1.302e-19,0.0007,6.21,0
FrontS79143,34.7044,-38.7199,3.199e-19,5.090e-19,9.706e-19,-0.0001,0.58,0
FrontS79144,30.7670,-25.3291,1.649e-20,3.172e-20,8.850e-20,0.0009,-4.31,0
FrontS79147,32.4708,-26.9357,1.640e-18,2.142e-18,2.688e-18,0.0005,-3.71,0
FrontS79149,36.6991,-28.0658,1.121e-19,2.088e-19,5.322e-19,0.0024,-6.97,0
FrontS79151,37.1466,-26.9097,3.612e-16,3.194e-16,1.822e-16,0.001,6.52,0
FrontS79152,30.2452,-23.4832,3.306e-20,6.011e-20,1.523e-19,-0.0003,-4.82,0
FrontS79153,30.0601,-30.5702,5.648e-12,3.873e-12,1.372e-12,0.0001,6.69,0
FrontS79154,42.4808,-34.1130,2.763e-20,5.290e-20,1.425e-19,-0.0007,-5.59,0
FrontS79155,33.8950,-28.8472,1.409e-17,1.588e-17,1.448e-17,0.0005,-3.12,0
FrontS79156,34.2485,-21.7736,1.083e-19,1.741e-19,3.329e-19,0.0004,2.8,0
FrontS79157,28.6258,-27.9476,4.425e-16,6.714e-16,1.177e-15,-0.0,1.47,0
FrontS79160,34.8388,-22.5938,7.553e-19,1.083e-18,1.625e-18,0.0005,7.21,0
FrontS79161,30.6837,-23.1494,2.154e-19,3.523e-19,7.210e-19,0.0,5.95,0
FrontS79163,23.1068,-18.3371,7.712e-19,1.062e-18,1.504e-18,0.0009,1.91,0
FrontS79166,37.6676,-35.4863,4.231e-12,3.027e-12,1.110e-12,0.0008,4.31,0
FrontS79167,32.1835,-26.9959,2.938e-18,3.646e-18,4.052e-18,-0.0005,1.79,0
FrontS79168,23.2568,-21.5111,4.980e-18,5.904e-18,6.064e-18,0.001,8.05,0
FrontS79170,34.2230,-20.8273,2.117e-19,3.280e-19,5.805e-19,0.0001,-6.9,0
FrontS79171,35.7447,-32.3932,5.279e-18,6.467e-18,7.085e-18,0.001,2.84,0
FrontS79172,31.1706,-28.1878,2.050e-18,2.653e-18,3.274e-18,0.0007,3.07,0
FrontS79177,38.0042,-30.5834,2.776e-18,3.270e-18,3.408e-18,0.0006,2.58,0
FrontS79180,28.6937,-26.4931,9.367e-19,1.367e-18,2.142e-18,-0.0002,-5.8,0
FrontS79182,32.8590,-20.1826,2.012e-19,3.470e-19,7.903e-19,-0.0,7.09,0
FrontS79184,32.2380,-26.2638,3.806e-17,4.212e-17,3.711e-17,0.0001,1.12,0
FrontS79185,29.7090,-25.8491,7.487e-20,1.311e-19,3.089e-19,0.0002,4.73,0
FrontS79186,32.6475,-20.9128,1.888e-18,2.607e-18,3.628e-18,0.0009,-5.59,0
FrontS79187,32.5843,-24.7434,4.940e-18,5.827e-18,5.905e-18,0.0002,-7.2,0
FrontS79188,40.6135,-25.3992,5.921e-19,8.542e-19,1.304e-18,0.0,1.19,0
FrontS79189,28.1868,-38.6932,7.905e-17,7.785e-17,5.351e-17,0.0015,1.28,0
FrontS79193,29.4449,-24.5140,3.255e-16,6.414e-16,1.920e-15,0.0007,6.19,0
FrontS79467,20.4925,-42.4450,1.899e-20,4.132e-20,1.450e-19,0.0008,-6.73,0
FrontS79468,18.1017,-44.9944,3.199e-17,3.151e-17,2.175e-17,0.0003,-10.84,0
FrontS79473,23.5995,-42.0025,1.975e-19,3.259e-19,6.821e-19,0.0006,-2.36,0
FrontS79474,18.8764,-43.7427,1.329e-20,2.623e-20,7.906e-20,0.0003,-8.94,0
FrontS79475,19.7196,-44.7782,8.689e-17,8.519e-17,5.840e-17,0.0007,-4.46,0
FrontS79479,17.1132,-43.7806,1.421e-11,1.075e-11,4.556e-12,0.0003,-7.49,1
FrontS79492,19.9824,-43.7462,9.027e-18,1.030e-17,9.765e-18,0.0005,-6.86,0
FrontS79495,17.4765,-42.1064,1.176e-20,2.468e-20,8.564e-20,0.0001,-12.43,0
FrontS79496,16.9472,-43.9011,3.133e-20,6.194e-20,1.892e-19,0.0014,-7.91,0
FrontS79498,20.0256,-42.5953,9.787e-17,9.217e-17,5.832e-17,0.0012,-3.27,0
FrontS79504,17.8327,-43.6088,1.152e-19,1.953e-19,4.156e-19,0.0006,-3.84,0
FrontS79505,17.2212,-41.7358,4.170e-18,5.031e-18,5.291e-18,0.001,-12.66,0
FrontS79507,17.6254,-42.7259,3.315e-19,5.237e-19,9.553e-19,0.0007,-1.68,0
FrontS79509,20.5741,-43.5664,2.499e-19,4.007e-19,7.648e-19,0.0011,-2.96,0
FrontS79510,20.3374,-43.3890,5.430e-20,9.447e-20,2.192e-19,0.0007,-8.12,0
FrontS79523,21.4935,-43.8608,3.740e-16,5.357e-16,8.154e-16,-0.0006,-7.41,0
FrontS79527,19.5650,-41.8862,1.015e-17,1.134e-17,1.035e-17,0.0001,-2.85,0
FrontS79530,20.8489,-41.2836,9.346e-19,1.304e-18,1.890e-18,0.0001,-3.55,0
FrontS79532,20.6681,-43.8423,1.202e-17,1.392e-17,1.399e-17,0.0011,-4.36,0
FrontS79542,16.4073,-40.1370,5.149e-18,5.896e-18,5.645e-18,0.0008,-5.71,0
FrontS79544,20.2017,-42.4898,3.537e-20,6.166e-20,1.475e-19,0.0002,-3.64,0
FrontS79545,19.7904,-44.6283,3.567e-20,6.665e-20,1.785e-19,-0.0004,-6.97,0
FrontS79546,18.2125,-41.4673,2.909e-17,3.193e-17,2.781e-17,0.0004,-9.33,0
FrontS79555,22.6419,-42.6858,2.458e-19,3.873e-19,7.131e-19,0.0015,-9.15,0
FrontS79560,19.6964,-42.9575,1.065e-19,1.812e-19,3.971e-19,0.0011,-7.71,0
FrontS79566,18.0539,-44.5393,2.420e-14,7.852e-14,6.581e-13,0.0009,-12.28,0
FrontS79572,18.2909,-44.6036,3.808e-20,7.334e-20,2.092e-19,0.0005,-2.62,0
FrontS79580,14.0867,-43.0305,1.241e-18,1.674e-18,2.320e-18,0.0001,-7.42,0
FrontS79581,17.0499,-44.5925,2.252e-18,2.891e-18,3.555e-18,-0.0001,-8.71,0
FrontS79582,23.3120,-44.7562,1.604e-19,2.704e-19,5.707e-19,0.0002,-10.82,0
FrontS79591,23.6951,-43.1132,2.220e-20,4.321e-20,1.276e-19,0.0005,-7.45,0
FrontS79596,18.6577,-42.5568,1.453e-19,2.454e-19,5.232e-19,0.001,-4.86,0
FrontS79598,23.6831,-44.7120,5.939e-20,9.928e-20,2.032e-19,-0.0003,-9.36,0
FrontS79599,24.8635,-40.3950,2.428e-18,3.068e-18,3.513e-18,0.0003,-4.48,0
FrontS79608,18.5892,-43.5779,1.151e-19,1.982e-19,4.514e-19,0.0004,-4.81,0
FrontS79613,20.4107,-42.7092,2.771e-17,2.845e-17,2.191e-17,0.0008,-9.87,0
FrontS79624,21.4358,-44.6416,3.735e-20,6.501e-20,1.483e-19,0.0002,-5.56,0
FrontS79625,23.4563,-41.4119,2.463e-19,3.877e-19,7.148e-19,0.0008,-4.74,0
FrontS79632,17.8789,-43.8188,3.158e-20,6.067e-20,1.764e-19,0.0005,-7.41,0
FrontS79636,17.4170,-43.0338,1.053e-19,1.875e-19,4.562e-19,0.0001,-6.48,0
FrontS79641,22.7986,-43.6254,3.134e-19,4.910e-19,8.594e-19,0.0002,-8.58,0
FrontS79644,20.2245,-43.1911,4.103e-20,8.072e-20,2.338e-19,0.0002,-8.23,0
FrontS79647,14.1871,-41.0334,8.115e-17,7.990e-17,5.508e-17,0.0005,-1.91,0
FrontS79652,16.6518,-43.9311,2.273e-16,2.004e-16,1.141e-16,0.0004,-9.19,0
FrontS79668,20.6257,-43.5794,1.803e-17,2.087e-17,1.952e-17,-0.0007,-10.38,0
FrontS79669,21.8005,-44.0398,1.204e-20,2.569e-20,8.986e-20,0.001,-2.82,0
FrontS79678,21.5286,-43.1898,1.905e-16,1.678e-16,9.607e-17,0.0013,-5.17,0
FrontS79681,17.9906,-44.4947,3.773e-18,4.420e-18,4.435e-18,0.0006,-4.03,0
FrontS79682,21.8566,-39.8952,3.219e-16,6.412e-16,1.857e-15,0.0011,-6.66,0
FrontS79683,14.9126,-44.6087,1.473e-18,1.870e-18,2.168e-18,-0.0005,-4.9,0
FrontS79694,19.4809,-42.2656,1.179e-20,2.484e-20,8.530e-20,0.0001,-2.95,0
FrontS79702,22.7780,-44.9800,2.031e-17,2.282e-17,2.080e-17,0.0005,-11.53,0
FrontS79703,20.6467,-44.0326,1.102e-20,2.178e-20,6.657e-20,-0.0001,-11.1,0
FrontS79716,16.8123,-40.3722,4.728e-16,9.358e-16,2.795e-15,0.0006,-12.33,0
FrontS79719,21.8720,-42.9217,2.552e-20,4.637e-20,1.122e-19,0.0001,-8.22,0
FrontS79734,15.0756,-42.5969,1.457e-16,2.729e-16,6.954e-16,-0.0003,-7.77,0
FrontS79735,21.3535,-43.4736,1.594e-18,2.166e-18,2.989e-18,0.0004,-6.31,0
FrontS79736,21.5436,-43.2181,1.952e-18,2.582e-18,3.292e-18,0.0006,-5.06,0
FrontS79737,17.6064,-38.4437,2.064e-17,2.158e-17,1.696e-17,0.0018,-5.24,0
FrontS79745,18.7381,-44.9306,1.075e-19,1.737e-19,3.311e-19,-0.0005,-7.23,0
FrontS79752,16.3365,-42.0519,2.476e-20,4.616e-20,1.183e-19,0.0008,-6.83,0
FrontS79761,21.7823,-44.9199,4.660e-16,1.031e-15,3.837e-15,0.0001,-7.65,0
FrontS79763,17.9674,-43.2959,3.952e-16,7.199e-16,1.741e-15,0.0001,-6.13,0
FrontS79768,18.3023,-43.4347,1.366e-19,2.283e-19,4.671e-19,-0.0006,-9.14,0
FrontS79771,19.3664,-43.1324,8.443e-17,1.569e-16,4.183e-16,-0.0007,-7.77,0
FrontS79777,22.9407,-44.8834,1.439e-20,2.827e-20,8.370e-20,0.0009,-7.3,0
FrontS79778,19.6114,-42.4228,3.503e-17,3.431e-17,2.422e-17,0.001,-7.76,0
FrontS79783,20.2240,-44.5070,3.965e-17,3.963e-17,2.877e-17,0.0004,-11.86,0
FrontS79789,18.5199,-44.3728,1.841e-20,3.727e-20,1.153e-19,0.0009,-8.15,0
FrontS79793,21.6397,-43.8462,2.077e-20,4.126e-20,1.271e-19,0.0014,-10.31,0
FrontS79798,18.5378,-44.1488,1.813e-20,3.759e-20,1.221e-19,0.0004,-6.87,0
FrontS79804,20.5267,-44.7982,3.124e-17,3.133e-17,2.350e-17,0.0001,-3.36,0
FrontS79811,20.8713,-44.5462,3.799e-16,4.870e-16,6.058e-16,0.0,-11.79,0
FrontS79814,23.5083,-41.8878,5.464e-20,9.545e-20,2.175e-19,0.0006,-6.38,0
FrontS79815,17.1922,-42.9562,3.317e-20,6.173e-20,1.559e-19,-0.0,-6.86,0
FrontS79823,21.0232,-43.4670,3.450e-19,5.389e-19,9.898e-19,0.0009,-3.41,0
FrontS79833,20.1273,-44.8634,2.046e-20,3.884e-20,1.090e-19,0.0001,-10.89,0
FrontS79843,16.8903,-41.3021,8.715e-16,6.782e-16,2.965e-16,0.0002,-3.64,0
FrontS79844,18.6900,-43.7591,5.211e-20,9.712e-20,2.597e-19,0.0012,-10.75,0
FrontS79857,15.2121,-42.2128,4.060e-17,4.062e-17,2.898e-17,0.0006,-11.41,0
FrontS79874,16.7077,-44.6065,1.034e-19,1.902e-19,4.729e-19,-0.0003,-5.73,0
FrontS79876,22.3801,-43.7046,6.727e-17,1.126e-16,2.453e-16,0.0009,-8.05,0
FrontS79894,15.5759,-40.5537,6.238e-20,1.077e-19,2.356e-19,0.0004,-6.8,0
FrontS79897,18.7927,-42.4608,4.338e-18,5.242e-18,5.591e-18,0.0005,-7.95,0
FrontS79898,22.3428,-43.6269,3.747e-17,3.753e-17,2.765e-17,0.0005,-7.83,0
FrontS79900,19.1313,-42.1160,1.296e-17,1.530e-17,1.535e-17,0.001,-6.87,0
FrontS79913,20.1669,-44.5164,4.150e-20,7.962e-20,2.200e-19,0.0008,-11.06,0
FrontS79915,18.0961,-42.8920,5.536e-19,7.945e-19,1.210e-18,0.0006,-2.8,0
FrontS79916,19.3167,-43.8486,2.726e-18,3.537e-18,4.211e-18,0.0001,-3.4,0
FrontS79929,18.1982,-42.4441,2.165e-20,4.213e-20,1.263e-19,0.0007,-5.69,0
FrontS79930,19.2240,-44.2500,5.946e-20,1.036e-19,2.419e-19,0.0014,-7.3,0
FrontS79933,21.5499,-39.9002,1.408e-16,1.259e-16,7.542e-17,0.0007,-5.16,0
FrontS79939,17.8281,-42.0486,8.663e-18,9.861e-18,9.212e-18,0.0003,-6.39,0
FrontS79959,16.4422,-42.0744,1.139e-20,2.563e-20,1.022e-19,0.0007,-6.14,0
FrontS79964,16.1630,-43.9028,2.147e-18,2.788e-18,3.312e-18,0.0001,-6.22,0
FrontS79969,21.1511,-44.8669,1.218e-16,1.944e-16,3.588e-16,0.0004,-9.2,0
FrontS79974,18.1392,-40.2977,1.580e-20,3.226e-20,1.012e-19,0.0005,-7.12,0
FrontS79978,21.6847,-44.0620,2.178e-20,4.171e-20,1.170e-19,0.0003,-7.47,0
FrontS79979,20.2660,-44.1622,1.806e-20,3.670e-20,1.184e-19,0.0005,-8.63,0
FrontS79983,17.0889,-42.1690,1.285e-20,2.647e-20,8.622e-20,0.0006,-4.53,0
FrontS79984,22.3393,-44.7912,2.196e-18,2.786e-18,3.211e-18,0.0007,-7.49,0
FrontS79993,20.2736,-42.4133,2.713e-17,2.955e-17,2.437e-17,-0.0003,-5.12,0
FrontS79995,19.6437,-41.2996,5.943e-12,4.136e-12,1.384e-12,0.0007,-7.51,0
FrontS79997,19.5797,-42.2169,2.229e-20,4.244e-20,1.130e-19,0.0003,-6.95,0
FrontS79998,19.6850,-43.8326,2.533e-16,2.141e-16,1.151e-16,0.0012,-6.55,0
FrontS79999,16.8925,-44.0392,3.655e-18,4.372e-18,4.610e-18,0.0004,-11.27,0
FrontS80000,17.4500,-43.9075,1.660e-20,3.419e-20,1.144e-19,0.0003,-2.27,0
FrontS80001,17.6184,-44.6249,1.425e-11,1.235e-11,6.870e-12,0.0014,-10.13,1
FrontS80006,15.5625,-43.1005,6.259e-19,8.598e-19,1.196e-18,0.0004,-8.39,0
FrontS80014,23.5600,-44.9184,1.634e-18,2.252e-18,3.123e-18,0.0009,-12.66,0
FrontS80015,17.0101,-43.4541,2.157e-18,2.699e-18,3.028e-18,0.0008,-11.82,0
FrontS80018,23.0263,-43.9266,3.448e-20,6.748e-20,1.947e-19,0.0001,-8.64,0
FrontS80024,16.7481,-41.3340,2.892e-18,3.609e-18,4.198e-18,0.0005,-4.77,0
FrontS80025,19.2050,-44.0700,1.278e-20,2.739e-20,9.692e-20,-0.0001,-10.26,0
FrontS80029,18.2538,-42.6707,1.215e-20,2.535e-20,8.637e-20,-0.0004,-6.63,0
FrontS80030,18.1981,-41.4142,1.628e-19,2.782e-19,6.220e-19,0.0008,-11.79,0
FrontS80033,20.5585,-42.2502,1.248e-19,2.099e-19,4.413e-19,-0.0,-10.4,0
FrontS80037,20.6020,-44.7028,8.148e-20,1.429e-19,3.275e-19,0.0013,-7.59,0
FrontS80044,21.7089,-44.0979,2.263e-18,3.017e-18,3.924e-18,0.0009,-6.8,0
FrontS80047,20.4706,-42.6970,6.330e-20,1.100e-19,2.599e-19,0.0002,-8.69,0
FrontS80050,16.2318,-44.6448,3.169e-19,4.883e-19,8.656e-19,0.0007,-2.29,0
FrontS80059,19.6162,-42.6123,8.683e-12,6.459e-12,2.622e-12,-0.0003,-6.6,0
FrontS80060,18.9114,-41.1695,1.245e-20,2.738e-20,1.010e-19,0.0008,-8.88,0
FrontS80067,16.9860,-44.0942,1.450e-19,2.560e-19,5.841e-19,0.0012,-3.38,0
FrontS80077,19.6566,-44.3898,8.872e-17,8.536e-17,5.680e-17,0.0015,-3.95,0
FrontS80079,18.2006,-44.3139,3.900e-19,5.556e-19,8.294e-19,0.0005,-9.64,0
FrontS80087,18.6310,-42.4054,3.047e-20,5.632e-20,1.450e-19,0.0008,-7.98,0
FrontS80097,19.4367,-44.2905,5.517e-20,9.363e-20,2.009e-19,0.0013,-9.18,0
FrontS80106,20.6550,-44.9919,3.848e-19,5.591e-19,8.753e-19,0.0004,-7.19,0
FrontS80108,18.9627,-39.7501,3.182e-20,6.148e-20,1.781e-19,0.0012,-10.82,0
FrontS80110,19.4276,-44.5202,4.303e-20,8.297e-20,2.336e-19,0.0001,-4.4,0
FrontS80122,18.0970,-40.9061,1.208e-20,2.549e-20,8.550e-20,0.0002,-4.19,0
FrontS80124,17.9754,-44.5181,4.120e-19,6.110e-19,9.915e-19,0.0004,-5.53,0
FrontS80126,22.2695,-41.9029,1.394e-18,1.886e-18,2.472e-18,0.0008,-4.68,0
FrontS80127,18.3379,-41.6832,1.539e-16,2.724e-16,6.504e-16,-0.0002,-11.77,0
FrontS80129,15.0135,-44.6508,7.130e-20,1.216e-19,2.711e-19,0.0,-8.13,0
FrontS80133,18.5308,-40.6579,8.729e-18,9.928e-18,9.180e-18,0.0005,-10.42,0
FrontS80138,15.6786,-41.1444,2.121e-20,3.941e-20,9.817e-20,0.0006,-12.13,0
FrontS80139,18.3356,-43.7945,2.999e-20,5.543e-20,1.473e-19,-0.0005,-2.82,0
FrontS80142,17.3791,-41.3148,9.066e-19,1.222e-18,1.621e-18,0.0011,-10.47,0
FrontS80156,20.9101,-43.0643,1.708e-19,2.686e-19,4.850e-19,-0.0003,-4.81,0
FrontS80160,16.9434,-41.9599,3.709e-18,4.224e-18,3.973e-18,0.0002,-3.78,0
FrontS80163,19.6820,-41.9878,2.108e-20,4.031e-20,1.144e-19,-0.0002,-11.58,0
FrontS80171,18.6535,-44.7642,7.285e-18,8.868e-18,9.422e-18,0.0001,-8.59,0
FrontS80176,19.3398,-44.4458,2.224e-17,2.288e-17,1.756e-17,0.0006,-9.31,0
FrontS80178,18.0160,-41.2323,1.788e-20,3.665e-20,1.171e-19,0.0015,-10.87,0
FrontS80179,19.7962,-42.8824,1.083e-20,2.191e-20,6.776e-20,0.001,-12.05,0
FrontS80187,19.2538,-44.7368,8.452e-20,1.508e-19,3.611e-19,0.0004,-2.9,0
FrontS80193,16.0086,-44.7590,2.489e-16,3.936e-16,7.214e-16,0.0005,-9.98,0
FrontS80202,18.0072,-44.6336,4.875e-20,8.863e-20,2.212e-19,0.0002,-7.05,0
FrontS80208,17.4210,-44.2810,1.145e-20,2.491e-20,9.211e-20,-0.0007,-10.39,0
FrontS80222,19.6037,-43.0363,2.518e-19,4.035e-19,7.568e-19,0.0002,-8.01,0
FrontS80226,21.0832,-43.2745,3.972e-18,4.583e-18,4.401e-18,0.0002,-10.04,0
FrontS80229,24.4619,-42.9000,1.557e-19,2.648e-19,5.574e-19,-0.0001,-11.71,0
FrontS80231,18.4268,-44.4654,3.269e-19,4.769e-19,7.435e-19,0.0003,-7.92,0
FrontS80238,20.0376,-42.7154,7.978e-16,1.583e-15,4.578e-15,0.0005,-4.93,0
FrontS80246,19.3453,-43.1049,1.447e-20,2.888e-20,8.646e-20,-0.0002,-10.8,0
FrontS80248,19.4084,-44.0897,4.833e-17,4.784e-17,3.466e-17,0.0009,-11.13,0
FrontS80255,24.2761,-44.2684,3.664e-20,6.660e-20,1.631e-19,-0.0001,-10.81,0
FrontS80258,19.4642,-43.9593,3.418e-20,7.111e-20,2.402e-19,0.0006,-3.65,0
FrontS80264,15.7011,-43.6052,2.757e-18,3.473e-18,4.056e-18,0.0001,-2.25,0
FrontS80270,18.2055,-44.6629,2.646e-19,4.217e-19,8.302e-19,0.0003,-11.85,0
FrontS80276,19.3002,-42.7355,1.598e-12,1.052e-12,3.407e-13,0.0007,-8.08,0
FrontS80277,15.4431,-42.6370,5.703e-18,6.789e-18,6.954e-18,0.0001,-6.14,0
FrontS80279,18.0217,-43.6385,1.006e-11,7.193e-12,2.726e-12,0.001,-1.84,0
FrontS80283,18.9950,-43.4097,3.630e-20,6.977e-20,1.933e-19,0.001,-10.19,0
FrontS80285,25.4111,-44.5854,6.217e-20,1.114e-19,2.659e-19,0.0001,-8.57,0
FrontS80287,16.6046,-42.1874,1.523e-20,3.087e-20,9.769e-20,0.0001,-10.43,0
FrontS80288,17.2621,-44.7797,3.650e-19,5.751e-19,1.017e-18,0.001,-1.82,0
FrontS80290,19.6657,-42.3131,2.641e-20,4.647e-20,1.075e-19,0.0007,-4.68,0
FrontS80298,17.2342,-43.8294,8.965e-18,1.022e-17,9.463e-18,0.0004,-3.37,0
FrontS80300,21.1378,-43.8502,5.202e-20,9.338e-20,2.341e-19,0.0006,-6.93,0
FrontS80301,19.2967,-43.8393,4.841e-20,8.916e-20,2.226e-19,0.0002,-6.88,0
FrontS80309,20.6365,-43.1465,5.881e-17,1.041e-16,2.508e-16,0.0004,-11.77,0
FrontS80318,16.6231,-43.7956,5.023e-20,8.835e-20,2.036e-19,0.0007,-8.15,0
FrontS80330,20.6791,-44.1535,7.591e-19,1.059e-18,1.535e-18,0.0002,-7.64,0
FrontS80335,19.9563,-44.1706,3.621e-17,3.565e-17,2.602e-17,0.0009,-12.2,0
FrontS80364,15.7163,-42.4822,5.279e-20,9.447e-20,2.203e-19,0.0011,-10.24,0
FrontS80366,15.6214,-41.5964,1.863e-16,3.419e-16,8.738e-16,0.0009,-2.15,0
FrontS80367,17.2569,-43.1497,2.303e-19,3.864e-19,7.892e-19,0.0009,-6.17,0
FrontS80371,22.8001,-42.9431,1.263e-20,2.751e-20,1.003e-19,0.0003,-9.98,0
FrontS80384,15.1905,-41.3228,4.346e-20,8.528e-20,2.406e-19,0.0011,-11.85,0
FrontS80386,17.9156,-42.4359,1.930e-19,3.082e-19,5.963e-19,0.0,-8.32,0
FrontS80392,14.7349,-40.6374,1.310e-18,1.723e-18,2.148e-18,0.0014,-4.86,0
FrontS80400,17.9135,-42.3754,3.151e-17,3.084e-17,2.164e-17,0.0002,-5.96,0
FrontS80401,22.7556,-43.5859,1.467e-18,1.910e-18,2.364e-18,-0.0001,-12.26,0
FrontS80402,21.2024,-43.8236,3.412e-20,6.363e-20,1.682e-19,0.0009,-6.02,0
FrontS80408,18.7644,-42.8468,6.327e-18,7.538e-18,7.517e-18,0.0009,-9.03,0
FrontS80411,21.7093,-44.4820,3.378e-19,5.003e-19,7.901e-19,0.0008,-9.99,0
FrontS80423,16.1982,-42.6495,2.559e-18,3.212e-18,3.721e-18,0.0005,-9.36,0
FrontS80429,17.2318,-43.2727,7.216e-18,8.374e-18,8.465e-18,-0.0,-11.55,0
FrontS80434,17.7855,-41.0036,1.625e-18,2.156e-18,2.768e-18,0.0008,-10.98,0
FrontS80435,21.8605,-42.6101,3.383e-16,5.137e-16,8.498e-16,0.0002,-8.45,0
FrontS80438,15.4976,-44.6006,3.244e-18,4.142e-18,4.967e-18,-0.0001,-12.46,0
FrontS80442,21.4592,-44.3923,1.027e-20,2.199e-20,7.493e-20,-0.0006,-11.82,0
FrontS80454,21.8777,-39.4523,4.813e-20,8.735e-20,2.125e-19,0.0012,-8.4,0
FrontS80455,18.0382,-44.6633,9.451e-19,1.220e-18,1.556e-18,0.0006,-6.66,0
FrontS80457,21.4604,-42.0342,2.386e-20,4.690e-20,1.416e-19,0.0005,-3.83,0
FrontS80458,18.1159,-42.2515,3.581e-19,5.539e-19,9.825e-19,0.0005,-7.6,0
FrontS80463,18.4575,-44.6393,8.985e-18,1.024e-17,9.855e-18,0.0007,-1.42,0
FrontS80465,14.7498,-44.7302,1.157e-18,1.638e-18,2.393e-18,0.0002,-10.94,0
FrontS80467,20.4255,-43.5995,2.371e-18,2.918e-18,3.154e-18,0.0003,-8.91,0
FrontS80472,18.6643,-44.2699,1.358e-18,1.811e-18,2.363e-18,0.0008,-4.83,0
FrontS80477,20.3850,-43.1859,4.990e-20,8.895e-20,2.211e-19,0.0007,-11.76,0
FrontS80486,17.6219,-41.9026,2.366e-20,4.523e-20,1.281e-19,0.0002,-10.62,0
FrontS80495,19.5191,-44.9486,6.153e-17,6.157e-17,4.487e-17,0.0007,-5.32,0
FrontS80497,19.5037,-40.7814,2.139e-17,2.253e-17,1.824e-17,0.0002,-2.58,0
FrontS80501,16.9589,-42.9317,3.130e-18,3.819e-18,4.047e-18,0.0005,-7.25,0
FrontS80503,17.7424,-44.1231,2.136e-19,3.413e-19,6.513e-19,0.0006,-8.46,0
FrontS80513,17.7121,-42.4220,1.927e-18,2.500e-18,3.065e-18,0.0001,-1.89,0
FrontS80515,20.2106,-41.0994,1.388e-20,2.781e-20,8.681e-20,0.0002,-4.39,0
FrontS80518,20.7250,-44.3512,1.259e-18,1.634e-18,1.962e-18,0.0007,-3.5,0
FrontS80519,22.0382,-44.5388,2.756e-19,4.482e-19,8.616e-19,0.0008,-5.04,0
FrontS80534,16.5078,-42.7183,6.909e-16,5.713e-16,2.853e-16,0.0001,-8.2,0
FrontS80538,28.5555,-43.7347,2.090e-17,2.061e-17,1.499e-17,0.0007,4.14,0
FrontS80539,28.4202,-43.5740,2.825e-20,5.016e-20,1.175e-19,0.0002,3.99,0
FrontS80540,27.0673,-43.5528,1.162e-18,1.535e-18,1.971e-18,0.0004,3.81,0
FrontS80542,28.2337,-43.7138,4.082e-18,4.637e-18,4.355e-18,0.0008,3.89,0
FrontS80543,29.0586,-44.9717,2.465e-16,4.242e-16,9.488e-16,0.0017,4.0,0
FrontS80545,28.0138,-44.0255,2.680e-20,4.928e-20,1.265e-19,-0.0008,3.82,0
FrontS80546,27.8550,-43.9434,1.561e-20,2.841e-20,7.227e-20,0.0005,3.81,0
FrontS80547,28.6609,-43.3674,3.380e-12,2.792e-12,1.398e-12,0.0,4.11,1
FrontS80550,27.3987,-42.5886,1.805e-16,4.340e-16,1.983e-15,0.0002,3.72,0
FrontS80551,28.3553,-44.5115,4.365e-19,5.947e-19,7.923e-19,0.0001,4.09,0
FrontS80553,28.5105,-43.4678,3.305e-18,3.793e-18,3.587e-18,0.0001,4.04,0
FrontS80556,30.1575,-42.4539,4.779e-19,6.411e-19,8.242e-19,0.0002,4.35,0
FrontS80557,28.9222,-43.6201,1.015e-17,1.039e-17,8.096e-18,-0.0002,4.06,0
FrontS80560,28.3881,-43.6969,6.855e-17,1.357e-16,4.206e-16,0.0003,3.95,0
FrontS80561,27.2240,-42.7651,4.483e-20,7.605e-20,1.583e-19,0.0004,3.94,0
FrontS80565,28.8793,-44.5226,8.591e-17,7.693e-17,4.385e-17,0.001,4.23,0
FrontS80569,27.3993,-44.7564,6.764e-19,8.964e-19,1.163e-18,0.0005,3.81,0
FrontS80572,27.9002,-43.4500,2.372e-20,4.478e-20,1.171e-19,0.0004,3.94,0
FrontS80574,27.0963,-43.1442,4.551e-19,6.182e-19,8.429e-19,0.0002,3.99,0
FrontS80576,28.3469,-43.7635,1.417e-19,2.231e-19,4.115e-19,0.0002,4.04,0
FrontS80578,28.4603,-43.8684,4.860e-18,5.775e-18,5.783e-18,0.0004,4.09,0
FrontS80583,28.7021,-43.5285,1.933e-20,3.293e-20,7.123e-20,0.001,3.88,0
FrontS80587,29.5803,-44.0792,1.022e-20,2.028e-20,6.157e-20,-0.0006,4.19,0
FrontS80589,28.5288,-43.7873,6.483e-19,8.713e-19,1.152e-18,0.0002,3.97,0
FrontS80592,27.9109,-43.0638,3.944e-17,3.831e-17,2.601e-17,-0.0003,3.62,0
FrontS80593,28.3908,-43.8019,2.180e-19,3.218e-19,5.171e-19,0.0001,3.97,0
FrontS80598,28.4014,-43.8399,5.184e-17,5.049e-17,3.494e-17,0.0,4.01,0
FrontS80599,29.4684,-44.7303,4.607e-20,8.078e-20,1.941e-19,-0.0008,3.97,0
FrontS80606,28.5851,-42.9072,4.538e-12,3.975e-12,2.180e-12,0.0011,4.07,1
FrontS80607,28.3222,-43.6294,1.097e-19,1.728e-19,3.192e-19,-0.0004,3.95,0
FrontS80611,28.5095,-42.6040,1.684e-19,2.640e-19,4.669e-19,0.0007,4.05,0
FrontS80614,28.2551,-43.6617,7.248e-20,1.152e-19,2.205e-19,0.0002,3.97,0
FrontS80615,28.3797,-43.7484,9.792e-13,6.973e-13,2.458e-13,0.0001,4.01,0
FrontS80617,28.4472,-42.0929,3.507e-12,2.838e-12,1.364e-12,0.0004,4.0,1
FrontS80618,28.3085,-43.5932,8.057e-17,1.707e-16,5.871e-16,0.0013,3.96,0
FrontS80620,28.3566,-43.5897,3.104e-20,5.006e-20,9.792e-20,0.0,3.91,0
FrontS80621,27.9521,-43.3127,1.491e-17,1.559e-17,1.229e-17,-0.0002,3.89,0
FrontS80624,28.3016,-42.6364,8.963e-20,1.432e-19,2.753e-19,0.0005,3.97,0
FrontS80625,29.3025,-43.9566,1.278e-17,1.309e-17,1.011e-17,0.0008,3.92,0
FrontS80627,28.3158,-43.6503,2.728e-16,2.178e-16,1.023e-16,0.0,3.85,0
FrontS80629,28.4540,-43.3549,9.316e-17,8.275e-17,4.721e-17,-0.0002,4.0,0
FrontS80633,28.6457,-43.7347,3.576e-19,4.950e-19,7.034e-19,0.001,4.0,0
FrontS80636,28.5866,-43.9583,1.626e-17,1.667e-17,1.231e-17,-0.0005,3.99,0
FrontS80637,28.1437,-43.5318,2.351e-18,2.885e-18,3.117e-18,0.0003,3.74,0
FrontS80639,28.2524,-43.8322,1.319e-17,1.382e-17,1.144e-17,-0.0,4.03,0
FrontS80641,28.4658,-44.2410,4.242e-19,6.172e-19,9.765e-19,0.0003,4.18,0
FrontS80645,28.4101,-43.7437,3.371e-19,4.501e-19,6.172e-19,0.0004,4.17,0
FrontS80648,28.3821,-43.8371,1.005e-19,1.590e-19,2.992e-19,-0.0001,3.97,0
FrontS80649,28.3145,-43.7477,1.366e-19,2.122e-19,3.851e-19,0.0004,3.94,0
FrontS80650,27.9637,-43.7341,2.171e-19,3.236e-19,5.081e-19,0.001,3.83,0
FrontS80652,28.5645,-44.0681,2.776e-20,4.886e-20,1.123e-19,0.001,4.12,0
FrontS80654,28.9005,-44.6890,3.011e-17,2.918e-17,2.025e-17,0.0002,4.11,0
FrontS80657,28.5497,-42.4683,3.070e-19,4.218e-19,5.576e-19,0.0005,4.09,0
FrontS80661,28.3516,-43.7596,5.499e-18,6.027e-18,5.312e-18,-0.0002,4.04,0
FrontS80662,28.1904,-43.7895,6.145e-19,8.376e-19,1.147e-18,0.0007,3.87,0
FrontS80663,28.3290,-43.9191,5.721e-18,6.584e-18,6.293e-18,0.0003,4.1,0
FrontS80665,28.6535,-43.9087,1.510e-19,2.220e-19,3.595e-19,0.0007,4.0,0
FrontS80666,28.2219,-43.4696,9.515e-19,1.221e-18,1.463e-18,0.0005,3.81,0
FrontS80667,28.3214,-43.9480,5.097e-18,5.643e-18,5.147e-18,-0.0006,3.94,0
FrontS80669,28.2894,-43.2649,1.456e-18,1.875e-18,2.381e-18,0.0002,3.85,0
FrontS80673,27.9181,-44.8430,9.675e-20,1.503e-19,2.648e-19,-0.0001,3.81,0
FrontS80676,28.3450,-43.8064,3.102e-20,5.850e-20,1.587e-19,0.0006,3.97,0
FrontS80677,28.4655,-43.9126,9.130e-20,1.409e-19,2.518e-19,0.0007,4.0,0
FrontS80678,28.7577,-41.3882,3.385e-12,2.489e-12,9.491e-13,0.0001,4.14,0
FrontS80679,28.5370,-43.9608,5.160e-18,5.572e-18,4.852e-18,0.0005,4.02,0
FrontS80681,28.6156,-43.6026,5.065e-19,6.772e-19,8.539e-19,0.0,4.06,0
FrontS80684,28.2349,-44.1489,4.171e-19,5.730e-19,8.233e-19,-0.0,3.9,0
FrontS80686,28.3336,-43.5667,1.852e-20,3.316e-20,7.907e-20,0.0007,3.98,0
FrontS80688,28.4096,-43.7077,1.507e-18,2.040e-18,2.751e-18,0.0001,4.16,0
FrontS80692,28.3600,-43.8406,4.521e-20,7.942e-20,1.845e-19,0.0008,3.96,0
FrontS80693,28.5159,-43.7552,8.771e-19,1.119e-18,1.314e-18,-0.0001,3.92,0
FrontS80694,28.0459,-43.7561,4.112e-18,4.612e-18,4.195e-18,-0.0001,3.81,0
FrontS80695,28.5196,-43.5678,1.596e-20,2.924e-20,7.161e-20,-0.0002,3.87,0
FrontS80696,27.4109,-42.8133,2.993e-19,4.290e-19,6.467e-19,0.0007,4.06,0
FrontS80698,27.5569,-43.9765,1.134e-17,1.204e-17,9.949e-18,-0.0003,3.78,0
FrontS80699,28.6814,-43.0143,2.890e-19,4.167e-19,6.515e-19,0.0011,4.33,0
FrontS80704,28.4105,-43.2900,2.533e-20,4.386e-20,1.014e-19,0.0003,3.83,0
FrontS80706,28.2912,-44.3051,1.036e-17,1.151e-17,9.894e-18,0.0001,4.0,0
FrontS80707,28.1009,-43.8683,4.403e-13,2.940e-13,9.516e-14,0.0007,4.08,0
FrontS80710,28.2675,-43.5102,1.109e-16,1.735e-16,3.170e-16,0.0,4.0,0
FrontS80711,28.8538,-44.4685,1.808e-20,3.483e-20,9.691e-20,0.0005,4.0,0
FrontS80712,28.3562,-43.7509,1.274e-18,1.566e-18,1.744e-18,0.0,3.99,0
FrontS80717,28.3162,-43.8975,7.027e-20,1.168e-19,2.341e-19,0.0,3.98,0
FrontS80718,28.1200,-43.0412,2.428e-19,3.592e-19,6.105e-19,0.0014,3.64,0
FrontS80720,29.5823,-44.4988,1.398e-16,1.139e-16,5.331e-17,0.0011,3.9,0
FrontS80721,28.4026,-43.6006,9.945e-17,1.465e-16,2.379e-16,-0.0003,3.77,0
FrontS80722,28.6149,-44.3712,7.448e-17,1.243e-16,2.554e-16,0.0009,4.21,0
FrontS80727,28.0101,-43.7100,3.565e-18,4.047e-18,3.863e-18,0.0009,3.84,0
FrontS80728,26.2801,-41.1265,3.843e-16,8.865e-16,3.506e-15,0.0008,3.97,0
FrontS80731,28.2024,-43.5037,3.510e-20,6.174e-20,1.422e-19,0.0006,4.08,0
FrontS80732,28.7521,-43.7914,1.624e-17,1.679e-17,1.326e-17,0.0015,3.95,0
FrontS80733,27.5553,-42.6031,2.977e-18,3.529e-18,3.614e-18,0.0003,4.04,0
FrontS80734,28.3556,-43.7446,1.460e-12,1.212e-12,5.816e-13,0.0006,4.03,0
FrontS80735,28.6155,-43.2958,3.063e-19,4.389e-19,6.509e-19,0.0007,4.14,0
FrontS80738,28.3353,-43.7263,2.070e-18,2.362e-18,2.343e-18,-0.0007,3.9,0
FrontS80741,27.1385,-44.8820,2.368e-20,4.361e-20,1.081e-19,0.0,3.88,0
FrontS80743,28.8488,-43.3273,2.722e-16,6.377e-16,2.791e-15,0.0001,4.07,0
FrontS80748,30.1281,-42.5275,5.452e-17,1.006e-16,2.597e-16,0.0006,4.04,0
FrontS80749,26.9515,-41.7181,7.680e-18,8.287e-18,7.101e-18,0.0006,3.91,0
FrontS80751,28.3091,-43.6019,2.479e-19,3.562e-19,5.480e-19,0.0012,4.09,0
FrontS80752,27.9667,-43.7305,1.082e-20,2.171e-20,6.544e-20,-0.001,3.74,0
FrontS80755,27.6923,-44.2813,2.472e-16,1.998e-16,9.489e-17,0.0004,3.89,0
FrontS80756,28.1015,-43.2553,6.879e-17,1.258e-16,3.126e-16,0.0003,4.01,0
FrontS80757,28.3477,-43.7343,2.104e-19,3.204e-19,5.396e-19,0.0009,3.96,0
FrontS80758,26.8988,-43.1785,2.679e-19,3.976e-19,6.311e-19,0.0009,3.97,0
FrontS80760,28.7075,-43.5298,7.694e-17,6.979e-17,4.190e-17,-0.0002,4.03,0
FrontS80762,28.4829,-43.9944,3.657e-18,4.220e-18,4.107e-18,0.0002,3.95,0
FrontS80763,28.7975,-44.0130,1.957e-17,2.000e-17,1.542e-17,0.0001,3.86,0
FrontS80768,28.3711,-43.3943,2.491e-20,4.369e-20,9.898e-20,0.0004,3.93,0
FrontS80769,28.3184,-43.9125,8.470e-18,8.733e-18,6.669e-18,-0.0003,3.93,0
FrontS80770,28.2029,-43.3303,7.820e-20,1.235e-19,2.251e-19,0.0003,3.99,0
FrontS80771,27.2906,-44.3841,5.740e-20,9.395e-20,1.923e-19,0.0001,3.43,0
FrontS80772,29.8592,-44.1093,1.493e-20,2.717e-20,6.751e-20,0.0002,4.03,0
FrontS80777,28.5121,-43.8340,8.206e-17,7.644e-17,4.980e-17,0.0001,4.12,0
FrontS80778,27.9096,-42.2383,5.753e-18,6.311e-18,5.303e-18,-0.0002,4.2,0
FrontS80780,27.8767,-42.8541,1.355e-17,1.422e-17,1.108e-17,0.0012,3.9,0
FrontS80781,27.2450,-44.0384,7.693e-20,1.251e-19,2.581e-19,0.0005,3.76,0
FrontS80785,28.9681,-43.9474,3.080e-17,2.822e-17,1.700e-17,0.0,3.95,0
FrontS80786,28.6991,-43.9199,3.295e-17,5.316e-17,1.065e-16,0.0,4.08,0
FrontS80790,28.0689,-43.8319,3.009e-20,5.288e-20,1.237e-19,0.0005,3.93,0
FrontS80793,29.1248,-44.1289,8.305e-19,1.007e-18,1.079e-18,0.001,4.17,0
FrontS80794,27.7600,-43.9377,2.000e-17,1.907e-17,1.273e-17,0.0005,3.89,0
FrontS80795,28.4556,-43.3362,4.171e-20,7.389e-20,1.751e-19,0.0003,3.94,0
FrontS80796,28.3253,-43.9333,1.436e-18,1.932e-18,2.516e-18,-0.0002,3.91,0
FrontS80797,28.6730,-43.8913,2.476e-18,2.943e-18,3.074e-18,0.0005,4.11,0
FrontS80798,27.8395,-41.4094,6.007e-17,5.366e-17,3.149e-17,0.0005,4.26,0
FrontS80799,28.5653,-43.5427,2.139e-16,5.134e-16,2.252e-15,0.0002,3.86,0
FrontS80802,27.5391,-44.4046,9.774e-17,1.785e-16,4.670e-16,0.0002,3.68,0
FrontS80803,28.4239,-44.0289,1.288e-19,1.909e-19,3.217e-19,0.0006,3.84,0
FrontS80808,28.4104,-43.9515,1.090e-19,1.806e-19,3.744e-19,0.0,3.99,0
FrontS80811,27.9540,-44.7632,4.961e-18,5.346e-18,4.608e-18,0.0008,4.11,0
FrontS80812,27.7168,-43.1320,1.314e-18,1.587e-18,1.684e-18,0.0,3.95,0
FrontS80813,28.9006,-43.7802,1.192e-20,2.080e-20,4.677e-20,0.0002,3.95,0
FrontS80815,28.4057,-43.7207,1.971e-18,2.393e-18,2.637e-18,0.0,4.01,0
FrontS80816,28.1317,-43.5816,1.937e-19,2.814e-19,4.373e-19,0.0002,4.03,0
FrontS80817,28.0809,-43.9705,1.601e-20,2.775e-20,6.261e-20,0.0003,3.97,0
FrontS80822,28.2179,-43.3403,9.255e-20,1.450e-19,2.594e-19,0.0004,3.88,0
FrontS80823,29.8158,-44.1844,2.170e-20,3.614e-20,7.487e-20,-0.0,4.16,0
FrontS80824,28.4073,-44.3287,2.357e-20,4.135e-20,9.793e-20,0.0003,4.1,0
FrontS80825,28.4163,-44.4277,4.132e-17,8.760e-17,3.011e-16,0.0009,4.2,0
FrontS80827,27.5991,-43.2790,1.522e-19,2.397e-19,4.370e-19,0.0005,3.88,0
FrontS80829,27.8236,-43.9813,1.195e-19,1.880e-19,3.492e-19,0.0007,3.97,0
FrontS80833,27.6783,-43.9512,1.292e-16,1.086e-16,5.635e-17,0.001,3.66,0
FrontS80835,28.0274,-43.5562,1.446e-18,1.706e-18,1.748e-18,-0.0004,3.7,0
FrontS80837,29.1705,-44.0468,2.625e-18,3.267e-18,3.610e-18,0.0002,3.97,0
FrontS80839,28.3808,-43.8157,4.270e-17,7.813e-17,2.030e-16,0.0004,4.05,0
FrontS80840,27.1865,-43.3140,1.938e-20,3.568e-20,8.927e-20,0.0005,3.93,0
FrontS80848,28.1715,-43.9953,1.974e-13,3.256e-13,6.684e-13,0.0005,4.0,0
FrontS80850,28.3368,-43.7372,2.609e-17,2.619e-17,1.924e-17,0.0001,3.88,0
FrontS80851,28.4584,-43.8318,1.635e-12,1.129e-12,3.970e-13,0.0001,4.05,0
FrontS80852,28.3288,-43.7840,6.852e-18,7.085e-18,5.480e-18,-0.0002,3.93,0
FrontS80858,27.0720,-42.8436,6.933e-19,8.952e-19,1.102e-18,0.0011,3.64,0
FrontS80860,28.6114,-43.9913,4.031e-18,4.547e-18,4.107e-18,0.0008,3.94,0
FrontS80869,28.4867,-43.6714,7.948e-19,1.139e-18,1.702e-18,-0.0007,3.91,0
FrontS80870,27.3077,-44.9623,2.089e-19,3.038e-19,4.706e-19,0.0004,3.57,0
FrontS80871,28.5655,-43.8789,1.058e-20,1.953e-20,5.172e-20,0.0004,4.03,0
FrontS80872,28.4655,-42.5960,2.935e-20,5.373e-20,1.361e-19,0.0005,4.19,0
FrontS80874,28.8301,-44.7190,1.715e-20,3.131e-20,7.860e-20,0.0003,4.02,0
FrontS80875,28.2261,-43.6006,4.940e-20,8.302e-20,1.758e-19,0.0018,3.79,0
FrontS80881,28.3926,-43.6468,2.190e-18,2.625e-18,2.704e-18,0.0001,4.0,0
FrontS80882,28.2660,-43.9346,1.202e-18,1.466e-18,1.537e-18,0.0008,4.14,0
FrontS80883,28.3822,-43.9966,2.584e-19,3.837e-19,6.226e-19,-0.0,4.04,0
FrontS80884,26.1618,-42.7809,2.735e-13,1.871e-13,6.229e-14,-0.0006,3.78,0
FrontS80885,28.8416,-43.6834,3.062e-20,5.522e-20,1.312e-19,0.0003,4.17,0
FrontS80886,28.0784,-43.7605,3.123e-12,2.902e-12,1.858e-12,0.0003,3.92,1
FrontS80887,28.2578,-43.8448,2.703e-20,4.689e-20,1.070e-19,0.0001,3.86,0
FrontS80888,28.3002,-44.0248,1.691e-19,2.611e-19,4.665e-19,0.0001,3.9,0
FrontS80889,27.8398,-43.8121,2.300e-17,2.240e-17,1.535e-17,0.0006,3.81,0
FrontS80895,28.7531,-42.9382,6.496e-20,1.079e-19,2.264e-19,0.0001,3.97,0
FrontS80896,29.0881,-43.2242,7.908e-20,1.283e-19,2.415e-19,0.0003,3.95,0
FrontS80897,28.2304,-43.8620,7.824e-17,1.543e-16,4.393e-16,-0.0003,3.97,0
FrontS80898,28.4769,-43.8391,2.354e-20,4.082e-20,9.264e-20,0.0,3.96,0
FrontS80900,28.4462,-43.4409,6.592e-18,6.934e-18,5.546e-18,-0.0009,3.89,0
FrontS80901,28.2867,-44.0612,9.068e-19,1.155e-18,1.395e-18,0.0008,3.92,0
FrontS80903,27.9390,-44.2144,2.031e-18,2.413e-18,2.516e-18,0.0006,4.03,0
FrontS80906,28.4769,-43.1065,1.894e-16,3.576e-16,9.520e-16,0.0007,4.15,0
FrontS80907,29.0463,-43.8722,1.634e-20,3.024e-20,7.700e-20,-0.0002,4.15,0
FrontS80912,28.0968,-43.3180,4.721e-17,7.749e-17,1.539e-16,0.0007,3.83,0
FrontS80916,28.4431,-43.7277,4.797e-17,6.810e-17,9.737e-17,0.0,4.03,0
FrontS80917,28.4389,-43.6228,2.373e-19,3.419e-19,5.378e-19,0.0004,3.95,0
FrontS80918,29.1269,-43.9015,2.159e-17,2.191e-17,1.641e-17,0.001,4.17,0
FrontS80919,27.7800,-42.8103,9.448e-19,1.205e-18,1.436e-18,0.0005,4.04,0
FrontS80920,27.8834,-43.1456,2.297e-20,3.935e-20,8.445e-20,0.0005,3.77,0
FrontS80923,28.2146,-42.5217,9.691e-17,8.808e-17,5.161e-17,-0.0008,4.2,0
FrontS80924,28.1805,-43.9645,1.505e-19,2.257e-19,3.677e-19,0.0001,4.12,0
FrontS80925,28.5313,-43.1799,1.092e-20,2.136e-20,6.311e-20,0.0006,3.98,0
FrontS80926,28.3144,-43.7903,1.020e-17,1.025e-17,7.564e-18,0.0005,3.98,0
FrontS80928,28.5354,-44.1715,1.178e-16,3.000e-16,1.487e-15,0.0004,4.1,0
FrontS80930,29.2907,-43.2003,1.259e-18,1.630e-18,2.028e-18,0.0006,4.19,0
FrontS80932,29.3439,-44.5634,1.960e-20,3.640e-20,9.351e-20,0.0004,4.12,0
FrontS80933,28.4392,-43.7092,1.138e-16,1.830e-16,3.643e-16,0.0003,4.17,0
FrontS80934,27.2491,-43.9923,2.523e-18,2.787e-18,2.509e-18,0.0,3.86,0
FrontS80936,28.6071,-43.6921,3.863e-19,5.470e-19,8.245e-19,0.0003,4.07,0
FrontS80937,28.2620,-43.6872,2.671e-17,2.500e-17,1.642e-17,0.0004,4.03,0
FrontS80938,26.1621,-42.5920,1.651e-17,1.711e-17,1.327e-17,-0.0003,3.97,0
FrontS80940,28.3456,-43.7558,1.741e-18,2.155e-18,2.417e-18,0.0003,4.1,0
FrontS80941,28.8159,-43.6376,1.088e-16,2.210e-16,7.123e-16,-0.0006,3.95,0
FrontS80942,28.7364,-44.1806,3.144e-20,5.763e-20,1.431e-19,0.0007,4.04,0
FrontS80943,26.6472,-42.9282,1.110e-16,2.014e-16,4.856e-16,0.0001,3.81,0
FrontS80944,27.6864,-42.4597,4.226e-20,7.340e-20,1.646e-19,-0.0,3.85,0
FrontS80947,29.2956,-44.5349,4.412e-17,4.180e-17,2.725e-17,0.0006,3.93,0
FrontS80948,27.3456,-44.0293,2.822e-18,3.408e-18,3.501e-18,0.0013,3.66,0
FrontS80949,27.3088,-43.4011,1.505e-19,2.192e-19,3.463e-19,-0.0,3.95,0
FrontS80950,28.2882,-43.8350,5.336e-17,4.743e-17,2.671e-17,0.0007,3.88,0
FrontS80951,27.7841,-43.2947,3.634e-17,3.293e-17,1.888e-17,-0.0002,3.79,0
FrontS80957,28.1957,-43.2524,8.016e-18,8.796e-18,7.676e-18,0.0001,3.8,0
FrontS80963,28.0332,-43.8573,4.632e-19,6.545e-19,9.844e-19,0.0006,3.8,0
FrontS80964,27.9412,-43.4245,2.767e-20,4.989e-20,1.189e-19,0.0001,3.68,0
FrontS80967,28.4964,-43.7506,1.178e-18,1.489e-18,1.758e-18,0.0007,3.99,0
FrontS80970,28.6498,-44.1504,1.417e-18,1.737e-18,1.970e-18,0.0005,4.03,0
FrontS80971,28.4703,-43.1293,6.181e-20,1.028e-19,2.156e-19,0.0012,3.98,0
FrontS80973,28.2384,-43.8550,1.590e-18,1.975e-18,2.206e-18,0.0007,4.06,0
FrontS80974,28.0560,-43.2954,2.938e-18,3.515e-18,3.665e-18,0.0003,4.01,0
FrontS80977,28.7012,-43.9488,9.303e-20,1.526e-19,2.932e-19,0.0005,3.94,0
FrontS80981,28.7071,-43.6543,7.647e-17,1.455e-16,4.012e-16,-0.0003,4.12,0
FrontS80982,28.0003,-44.6497,3.950e-17,3.556e-17,2.173e-17,0.0003,3.86,0
FrontS80983,28.2458,-43.8837,4.897e-19,6.821e-19,9.663e-19,0.0003,4.13,0
FrontS80986,27.6416,-43.3657,7.609e-20,1.291e-19,2.799e-19,0.0008,4.05,0
FrontS80988,28.6706,-43.4458,6.257e-17,5.707e-17,3.436e-17,0.0006,4.1,0
FrontS80994,27.5550,-42.8368,1.357e-19,1.945e-19,2.859e-19,-0.0003,4.1,0
FrontS80997,28.4105,-43.8145,5.313e-20,9.307e-20,2.207e-19,-0.0006,4.09,0
FrontS80999,28.8851,-43.8111,2.148e-16,3.789e-16,9.290e-16,-0.0002,4.06,0
FrontS81000,28.6778,-43.9928,4.904e-19,6.945e-19,9.939e-19,0.0007,3.84,0
FrontS81004,27.9148,-43.6080,1.426e-16,3.055e-16,1.070e-15,-0.0002,3.74,0
FrontS81005,28.5422,-44.4206,1.531e-19,2.434e-19,4.648e-19,0.0007,3.95,0
FrontS81006,28.1860,-43.9340,1.787e-18,2.214e-18,2.462e-18,0.0001,3.83,0
FrontS81008,28.3162,-43.6992,1.272e-20,2.436e-20,6.948e-20,0.0006,3.82,0
FrontS81012,28.6527,-43.7219,1.411e-20,2.618e-20,6.939e-20,-0.0002,3.97,0
FrontS81013,28.3479,-43.5491,3.397e-19,4.829e-19,7.061e-19,0.0005,3.86,0
FrontS81014,28.6209,-44.0740,1.076e-18,1.387e-18,1.760e-18,-0.0006,4.01,0
FrontS81016,28.2530,-43.6714,5.049e-19,6.876e-19,9.300e-19,0.0005,3.92,0
FrontS81017,28.6112,-44.9196,2.532e-19,3.602e-19,5.242e-19,-0.0001,3.83,0
FrontS81020,27.9734,-43.5961,9.235e-19,1.165e-18,1.352e-18,0.0001,3.82,0
FrontS81021,28.0258,-43.8254,8.375e-18,8.874e-18,7.470e-18,0.0006,3.89,0
FrontS81022,28.3372,-44.3029,1.850e-19,2.655e-19,4.136e-19,-0.0,3.93,0
FrontS81024,28.3335,-43.7405,4.797e-17,4.314e-17,2.559e-17,0.0005,3.92,0
FrontS81027,28.3489,-43.6754,3.907e-17,7.008e-17,1.736e-16,-0.0003,3.9,0
FrontS81028,28.3364,-43.7499,2.938e-18,3.377e-18,3.255e-18,0.0005,3.85,0
FrontS81035,29.0901,-44.9663,5.571e-20,9.374e-20,1.898e-19,0.0004,3.87,0
FrontS81038,28.3623,-43.6700,1.594e-20,3.046e-20,8.420e-20,-0.0004,3.93,0
FrontS81039,27.7081,-44.1295,5.701e-17,5.174e-17,3.139e-17,-0.0001,3.77,0
FrontS81040,28.3113,-43.8133,2.249e-20,4.213e-20,1.126e-19,0.0001,4.0,0
FrontS81045,28.8093,-43.0700,7.405e-19,9.847e-19,1.306e-18,0.001,4.1,0
FrontS81046,27.6853,-42.9414,9.534e-18,1.022e-17,8.605e-18,0.0006,4.03,0
FrontS81047,28.3694,-43.6950,1.733e-19,2.565e-19,4.087e-19,-0.0003,3.94,0
FrontS81048,27.1501,-41.3553,4.006e-19,5.517e-19,7.901e-19,-0.0004,4.16,0
FrontS81050,29.2720,-43.3771,5.773e-18,6.366e-18,5.566e-18,0.0001,4.38,0
FrontS81052,27.9057,-42.9468,2.076e-20,3.785e-20,9.469e-20,0.0011,3.99,0
FrontS81056,28.0730,-43.7835,2.159e-12,1.661e-12,6.909e-13,-0.0,3.58,1
FrontS81059,28.9848,-44.2562,2.111e-19,3.001e-19,4.596e-19,0.0007,3.99,0
FrontS81062,28.4696,-43.4308,4.745e-19,5.925e-19,6.931e-19,0.0001,4.11,0
FrontS81064,28.4200,-43.7706,1.488e-16,3.430e-16,1.379e-15,0.0001,3.9,0
FrontS81065,28.5149,-43.6745,4.522e-20,7.763e-20,1.718e-19,0.0007,3.86,0
FrontS81067,28.1636,-43.8322,1.887e-18,2.331e-18,2.530e-18,0.0008,3.95,0
FrontS81071,28.2786,-44.0489,9.216e-20,1.418e-19,2.457e-19,-0.0001,3.9,0
FrontS81074,28.4901,-43.2611,1.158e-20,2.129e-20,5.363e-20,0.0006,4.02,0
FrontS81075,28.4559,-43.7210,4.330e-20,7.357e-20,1.572e-19,-0.0002,4.1,0
FrontS81076,29.3773,-42.5509,3.712e-16,2.858e-16,1.217e-16,0.0011,4.41,0
FrontS81080,27.8982,-42.9457,1.819e-18,2.235e-18,2.386e-18,0.0001,3.82,0
FrontS81081,28.0432,-43.6895,2.191e-12,1.551e-12,5.412e-13,0.0011,3.69,0
FrontS81082,27.4997,-44.0557,2.031e-12,1.381e-12,4.629e-13,-0.001,3.81,0
FrontS81084,28.1534,-43.1217,1.600e-20,2.788e-20,6.521e-20,0.0003,3.87,0
FrontS81085,28.3616,-43.7409,2.603e-19,3.522e-19,4.745e-19,0.0003,3.95,0
FrontS81087,29.2365,-44.5578,5.657e-17,8.320e-17,1.384e-16,0.0013,4.05,0
FrontS81088,28.0184,-44.8541,1.040e-18,1.339e-18,1.654e-18,0.0009,3.88,0
FrontS81089,28.4382,-43.9421,1.226e-19,1.943e-19,3.719e-19,0.0009,4.2,0
FrontS81090,28.3872,-42.6020,6.423e-18,6.776e-18,5.389e-18,0.0008,4.07,0
FrontS81094,28.1410,-43.6459,6.635e-20,1.135e-19,2.483e-19,-0.0002,4.04,0
FrontS81095,27.4554,-43.4925,1.991e-19,3.062e-19,5.364e-19,0.0005,4.03,0
FrontS81096,28.3579,-43.1330,3.007e-16,2.447e-16,1.153e-16,0.0004,4.04,0
FrontS81097,27.6649,-43.1832,1.966e-18,2.368e-18,2.576e-18,0.0005,4.07,0
FrontS81098,28.5035,-43.5790,9.040e-19,1.164e-18,1.448e-18,0.0001,4.11,0
FrontS81102,28.4277,-43.8785,1.142e-19,1.618e-19,2.482e-19,0.0003,3.98,0
FrontS81105,28.6812,-44.0530,5.221e-12,4.059e-12,1.720e-12,0.0003,4.2,1
FrontS81110,28.2697,-43.3456,7.726e-17,1.330e-16,2.902e-16,0.0002,3.71,0
FrontS81111,27.7638,-42.3353,3.835e-12,2.811e-12,1.043e-12,0.001,3.89,0
FrontS81113,27.5940,-44.3453,3.495e-20,6.369e-20,1.642e-19,0.0007,3.6,0
FrontS81114,28.2548,-43.3861,3.580e-19,5.075e-19,7.437e-19,0.0007,4.14,0
FrontS81121,28.1835,-43.3031,3.153e-19,4.537e-19,6.810e-19,0.0008,3.86,0
FrontS81122,28.3752,-43.8667,9.013e-17,8.287e-17,4.938e-17,0.0,4.08,0
FrontS81123,28.3693,-43.6462,5.737e-18,6.372e-18,5.718e-18,-0.0001,3.84,0
FrontS81125,28.4250,-43.7259,3.802e-18,4.229e-18,3.815e-18,0.0005,3.94,0
FrontS81126,28.7546,-44.2824,1.084e-18,1.413e-18,1.835e-18,-0.0005,4.1,0
FrontS81127,28.3698,-43.4207,3.976e-18,4.565e-18,4.564e-18,-0.0001,3.9,0
FrontS81131,28.5499,-44.3162,2.721e-16,6.216e-16,2.440e-15,-0.0003,4.07,0
FrontS81136,28.6816,-43.8440,2.739e-17,2.804e-17,2.137e-17,0.0006,3.97,0
FrontS81137,27.9160,-44.0359,9.301e-18,9.554e-18,7.524e-18,0.0005,3.92,0
FrontS81138,27.6633,-44.8942,4.233e-19,6.181e-19,9.370e-19,0.0008,3.88,0
FrontS81139,29.0379,-44.0265,2.541e-18,3.063e-18,3.276e-18,0.0004,4.24,0
FrontS81140,28.6152,-43.8405,3.180e-20,5.743e-20,1.333e-19,0.0004,4.17,0
FrontS81142,28.4828,-44.1289,7.054e-20,1.177e-19,2.473e-19,-0.0004,4.11,0
FrontS81143,28.3793,-44.1722,3.251e-17,3.198e-17,2.279e-17,0.0002,3.97,0
FrontS81146,28.2782,-43.7439,6.450e-20,1.031e-19,1.955e-19,0.0005,3.92,0
FrontS81147,28.0402,-43.9478,7.167e-20,1.165e-19,2.284e-19,0.0003,3.92,0
FrontS81149,27.3567,-44.1817,6.288e-18,6.797e-18,5.807e-18,-0.0001,4.06,0
FrontS81150,28.4818,-43.6223,4.566e-19,6.415e-19,9.403e-19,0.0005,4.1,0
FrontS81155,28.6379,-43.2448,3.285e-17,3.106e-17,2.060e-17,-0.0005,4.08,0
FrontS81160,27.4080,-43.2574,1.484e-16,3.906e-16,2.055e-15,0.0011,3.64,0
FrontS81165,29.0761,-43.3238,7.212e-17,6.411e-17,3.745e-17,-0.0003,4.1,0
FrontS81166,27.2354,-43.4796,2.348e-16,4.620e-16,1.363e-15,0.0003,3.85,0
FrontS81168,28.3052,-43.7330,7.986e-18,8.251e-18,6.419e-18,0.0012,3.94,0
FrontS81170,28.4501,-43.8323,1.527e-19,2.372e-19,4.356e-19,-0.0,3.99,0
FrontS81173,28.6484,-44.7643,1.802e-18,2.111e-18,2.165e-18,0.0015,3.92,0
FrontS81176,28.1229,-43.0754,5.085e-17,4.739e-17,2.917e-17,0.0001,4.03,0
FrontS81178,29.0662,-43.9628,9.578e-20,1.537e-19,2.864e-19,0.0006,4.02,0
FrontS81180,28.2611,-43.7499,4.557e-18,5.151e-18,4.806e-18,0.0006,3.9,0
FrontS81181,28.1927,-43.8415,2.882e-20,4.983e-20,1.135e-19,-0.0002,3.94,0
FrontS81185,27.8819,-43.5810,6.368e-17,1.004e-16,1.851e-16,-0.0001,3.99,0
FrontS81187,28.6587,-43.6406,2.249e-19,3.112e-19,4.466e-19,0.0011,3.95,0
FrontS81188,28.1680,-44.0085,9.217e-19,1.216e-18,1.551e-18,0.0005,3.68,0
FrontS81189,28.3922,-43.8897,4.996e-17,4.451e-17,2.529e-17,-0.0006,4.01,0
FrontS81190,27.4937,-41.7085,6.741e-13,4.579e-13,1.499e-13,-0.0007,3.98,0
FrontS81191,28.1254,-43.2343,1.420e-20,2.862e-20,8.983e-20,0.0003,3.9,0
FrontS81192,28.2624,-43.7001,2.552e-20,4.430e-20,9.794e-20,0.0014,3.78,0
FrontS81193,28.3989,-43.7796,2.980e-19,4.287e-19,6.452e-19,0.0004,4.1,0
FrontS81194,28.3169,-44.0339,2.386e-20,4.366e-20,1.110e-19,0.0006,4.04,0
FrontS81195,28.3076,-43.7290,7.478e-19,9.308e-19,1.082e-18,0.0004,3.91,0
FrontS81196,28.5255,-43.6876,1.132e-19,1.741e-19,3.060e-19,0.0009,4.12,0
FrontS81197,28.2301,-44.1808,2.998e-19,4.120e-19,5.787e-19,0.0007,3.87,0
FrontS81201,28.4340,-44.0346,8.142e-18,8.707e-18,7.031e-18,0.0005,4.1,0
FrontS81202,28.1924,-43.6026,1.634e-18,2.033e-18,2.294e-18,0.0002,4.04,0
FrontS81203,28.4260,-43.6387,2.356e-20,4.199e-20,1.000e-19,0.0001,3.94,0
FrontS81204,28.4286,-43.8181,2.752e-20,5.034e-20,1.255e-19,0.0006,4.06,0
FrontS81206,28.3532,-43.7572,1.273e-17,1.312e-17,9.904e-18,0.0007,3.97,0
FrontS81209,28.3245,-43.7771,9.481e-20,1.495e-19,2.679e-19,-0.0002,3.96,0
FrontS81210,29.2252,-43.8104,2.054e-18,2.444e-18,2.549e-18,0.0002,4.15,0
FrontS81213,28.4783,-43.4928,2.298e-19,3.333e-19,5.365e-19,0.0,3.88,0
FrontS81216,28.2330,-43.9482,2.605e-17,2.540e-17,1.731e-17,0.0003,3.82,0
FrontS81220,28.2826,-43.3439,1.138e-16,1.831e-16,3.546e-16,-0.0002,4.05,0
FrontS81221,28.4323,-44.0134,7.452e-20,1.120e-19,1.889e-19,-0.0009,3.96,0
FrontS81224,28.0990,-43.7734,2.383e-13,1.571e-13,4.863e-14,0.0002,3.87,0
FrontS81225,29.9276,-43.6539,1.396e-19,2.092e-19,3.367e-19,0.0007,4.24,0
FrontS81227,29.0723,-41.9758,1.747e-20,3.317e-20,8.824e-20,0.0009,4.23,0
FrontS81232,28.2917,-43.4834,6.292e-17,5.829e-17,3.443e-17,0.0004,3.91,0
FrontS81234,28.7511,-41.4035,4.705e-18,5.271e-18,4.711e-18,-0.0003,4.55,0
FrontS81235,28.3117,-43.0856,4.578e-17,4.208e-17,2.570e-17,0.0,4.1,0
FrontS81236,29.4253,-42.7499,1.180e-17,1.293e-17,1.130e-17,0.0003,4.13,0
FrontS81238,29.1420,-44.2934,2.548e-18,3.036e-18,3.079e-18,0.0002,4.13,0
FrontS81239,28.3193,-43.3787,2.839e-20,4.577e-20,8.917e-20,-0.0002,3.9,0
FrontS81240,28.7075,-43.8857,8.557e-17,7.586e-17,4.525e-17,0.0003,3.9,0
FrontS81242,29.0203,-44.0630,9.584e-18,9.672e-18,7.026e-18,0.0002,4.19,0
FrontS81243,28.7011,-44.3661,5.761e-19,7.354e-19,8.930e-19,-0.0009,3.89,0
FrontS81244,30.0749,-44.2723,5.628e-12,4.653e-12,2.205e-12,-0.0002,4.28,1
FrontS81246,29.0550,-43.1941,4.502e-19,6.256e-19,8.869e-19,0.0001,4.07,0
FrontS81248,29.0700,-44.7225,2.553e-19,3.705e-19,5.509e-19,-0.0001,4.13,0
FrontS81249,27.7762,-43.7500,4.754e-18,5.401e-18,4.931e-18,-0.0005,3.75,0
FrontS81250,28.1226,-43.2706,2.585e-12,1.749e-12,5.932e-13,0.0011,3.88,0
FrontS81251,29.0902,-44.7020,1.028e-12,6.556e-13,2.011e-13,0.0009,3.93,0
FrontS81253,27.5284,-42.6357,2.966e-20,5.217e-20,1.241e-19,0.0004,3.9,0
FrontS81255,28.4557,-44.1220,6.554e-19,8.952e-19,1.292e-18,0.0003,4.12,0
FrontS81256,28.4100,-43.7905,2.247e-19,3.144e-19,4.476e-19,0.0009,4.05,0
FrontS81259,28.3352,-43.7082,1.255e-16,2.899e-16,1.154e-15,0.0008,3.88,0
FrontS81260,25.4665,-43.7280,4.075e-17,3.922e-17,2.606e-17,-0.0001,3.53,0
FrontS81261,28.9228,-44.8319,5.996e-17,8.698e-17,1.373e-16,0.0001,3.94,0
FrontS81262,28.4391,-43.7932,8.887e-17,1.442e-16,2.720e-16,-0.0007,3.93,0
FrontS81263,28.4030,-43.8209,4.610e-12,3.773e-12,1.866e-12,0.0001,4.18,1
FrontS81264,27.5130,-42.8568,8.815e-18,9.136e-18,7.285e-18,0.0009,3.69,0
FrontS81265,29.5439,-44.5883,7.252e-18,7.908e-18,6.761e-18,0.0003,4.24,0
FrontS81267,28.3246,-43.5608,5.327e-19,7.508e-19,1.104e-18,-0.0003,3.96,0
FrontS81269,28.5651,-44.6568,5.332e-19,7.082e-19,9.565e-19,0.0004,4.02,0
FrontS81270,28.2194,-42.7806,2.414e-16,2.065e-16,1.124e-16,-0.0003,4.07,0
FrontS81273,28.1400,-43.5752,2.384e-17,2.266e-17,1.443e-17,0.001,3.92,0
FrontS81274,28.3145,-43.7857,2.685e-20,4.723e-20,1.086e-19,0.0005,3.99,0
FrontS81275,28.5468,-43.5498,2.874e-18,3.349e-18,3.380e-18,-0.0006,4.04,0
FrontS81283,27.2555,-43.3105,1.165e-20,2.393e-20,7.979e-20,0.0001,3.75,0
FrontS81284,29.0018,-43.7555,1.204e-20,2.252e-20,6.029e-20,0.0006,4.2,0
FrontS81288,33.3327,-42.1712,1.678e-20,2.849e-20,5.871e-20,-0.0006,4.81,0
FrontS81289,28.2795,-43.9140,1.378e-19,2.245e-19,4.260e-19,0.0002,4.03,0
FrontS81291,28.7640,-43.1202,9.084e-20,1.452e-19,2.741e-19,0.0007,4.07,0
FrontS81295,26.4230,-42.9298,2.344e-20,4.271e-20,1.058e-19,0.0005,3.86,0
FrontS81296,28.3403,-43.7449,1.469e-17,1.406e-17,9.203e-18,-0.0005,3.91,0
FrontS81298,28.4098,-44.0094,1.152e-20,2.239e-20,6.590e-20,-0.0004,3.92,0
FrontS81299,26.9888,-41.9772,4.919e-20,8.910e-20,2.153e-19,0.0013,3.94,0
FrontS81301,28.5964,-43.8147,4.435e-19,6.281e-19,9.357e-19,0.0001,3.99,0
FrontS81303,28.0253,-43.2746,1.120e-19,1.626e-19,2.578e-19,0.0,4.04,0
FrontS81304,28.3579,-44.2207,1.422e-12,9.777e-13,3.289e-13,0.0002,3.76,0
FrontS81305,28.8546,-44.0568,7.668e-20,1.259e-19,2.612e-19,0.0007,4.06,0
FrontS81306,27.7134,-43.5596,1.215e-18,1.493e-18,1.616e-18,0.0008,3.91,0
FrontS81307,28.7023,-43.6190,1.127e-17,1.228e-17,1.082e-17,0.0003,4.12,0
FrontS81308,28.2228,-43.3000,1.711e-16,3.563e-16,1.176e-15,0.0009,3.98,0
FrontS81309,28.5822,-44.0955,3.071e-16,2.469e-16,1.176e-16,-0.0009,3.91,0
FrontS81310,28.1558,-43.6092,1.683e-16,3.688e-16,1.405e-15,0.0003,3.75,0
FrontS81311,28.6182,-43.8292,1.384e-19,2.077e-19,3.430e-19,-0.0004,4.04,0
FrontS81312,28.3111,-43.6404,2.965e-12,2.565e-12,1.348e-12,-0.0005,3.75,1
FrontS81313,28.0958,-43.5959,3.345e-15,2.444e-15,9.497e-16,-0.0001,3.98,0
FrontS81320,28.6483,-43.8008,1.659e-16,2.825e-16,6.260e-16,0.0004,4.04,0
FrontS81321,28.4028,-43.7477,5.626e-18,6.445e-18,6.130e-18,-0.0001,4.35,0
FrontS81322,28.2802,-44.0070,1.421e-16,1.213e-16,6.155e-17,0.0009,3.82,0
FrontS81324,28.3280,-43.8493,1.873e-18,2.105e-18,2.013e-18,0.0001,4.11,0
FrontS81325,28.2304,-43.5497,1.254e-17,1.293e-17,1.007e-17,-0.0001,3.95,0
FrontS81327,28.4951,-43.7856,4.686e-19,6.770e-19,1.060e-18,0.0004,4.03,0
FrontS81329,28.0645,-43.4608,9.672e-18,1.099e-17,1.003e-17,0.0012,3.94,0
FrontS81330,28.2467,-43.9587,4.436e-20,8.526e-20,2.270e-19,0.0005,3.95,0
FrontS81331,28.2773,-43.4353,2.847e-19,4.166e-19,6.569e-19,-0.0,3.83,0
FrontS81333,27.8644,-43.6024,4.087e-16,3.528e-16,1.904e-16,-0.0002,3.94,0
FrontS81335,28.3113,-44.0676,3.895e-20,6.768e-20,1.580e-19,0.0008,4.1,0
FrontS81336,28.4674,-43.9944,8.000e-20,1.242e-19,2.256e-19,-0.0005,4.15,0
FrontS81337,28.3010,-43.2818,2.311e-18,2.664e-18,2.537e-18,0.0016,4.03,0
FrontS81338,28.0484,-43.5995,8.888e-18,9.895e-18,8.729e-18,0.0007,3.76,0
FrontS81339,28.1097,-43.5886,1.016e-16,2.282e-16,8.938e-16,0.0,3.87,0
FrontS81343,28.4110,-43.3050,1.538e-19,2.377e-19,4.226e-19,0.0005,3.95,0
FrontS81344,28.5063,-44.2274,2.185e-20,3.950e-20,9.401e-20,0.0004,3.93,0
FrontS81345,28.5196,-44.0314,1.215e-20,2.308e-20,6.256e-20,-0.0004,4.22,0
FrontS81346,28.3602,-44.0988,4.194e-18,4.668e-18,4.288e-18,0.0002,3.98,0
FrontS81350,28.1654,-43.5202,1.509e-16,1.338e-16,7.629e-17,0.0007,3.75,0
FrontS81351,28.8791,-44.0851,1.004e-19,1.581e-19,2.790e-19,0.0,4.27,0
FrontS81352,28.2687,-44.0737,3.361e-19,4.800e-19,7.127e-19,-0.0,3.87,0
FrontS81353,28.5681,-43.3290,5.132e-19,7.560e-19,1.214e-18,0.0004,4.06,0
FrontS81354,27.9834,-43.3468,7.325e-17,6.376e-17,3.509e-17,0.0003,4.01,0
FrontS81355,28.1322,-44.1010,2.536e-12,2.421e-12,1.635e-12,0.0006,3.73,1
FrontS81356,28.0929,-43.4833,1.716e-16,1.464e-16,7.985e-17,0.0005,3.88,0
FrontS81357,28.8846,-43.7322,1.745e-16,3.891e-16,1.451e-15,0.0,4.13,0
FrontS81358,28.1830,-44.1482,2.221e-17,2.254e-17,1.710e-17,-0.0008,3.8,0
FrontS81360,28.5736,-43.3604,6.254e-17,5.946e-17,3.900e-17,0.0003,4.05,0
FrontS81361,28.1213,-43.1318,5.974e-20,9.379e-20,1.704e-19,0.0002,3.9,0
FrontS81368,28.3614,-44.0618,2.545e-16,4.326e-16,8.944e-16,0.0002,3.93,0
FrontS81370,28.1305,-43.1002,2.653e-20,4.432e-20,9.120e-20,-0.0,3.91,0
FrontS81371,28.3811,-43.8942,1.740e-16,1.467e-16,7.670e-17,-0.0004,4.11,0
FrontS81372,28.3599,-43.6634,2.581e-16,2.111e-16,1.050e-16,0.0011,3.81,0
FrontS81373,28.3075,-43.7802,2.403e-17,2.393e-17,1.776e-17,0.0012,3.94,0
FrontS81374,28.4668,-43.8042,2.862e-19,4.173e-19,6.532e-19,-0.0001,3.94,0
FrontS81375,28.2051,-44.1560,2.862e-19,4.077e-19,5.962e-19,-0.0001,3.95,0
FrontS81378,28.1810,-43.4550,4.130e-17,3.868e-17,2.385e-17,-0.0004,3.72,0
FrontS81379,28.6557,-44.2574,4.554e-20,7.500e-20,1.495e-19,0.0009,3.86,0
FrontS81380,28.4362,-44.0276,1.316e-18,1.704e-18,2.089e-18,0.0009,3.89,0
FrontS81382,28.1935,-43.3446,1.154e-16,1.016e-16,5.857e-17,0.0005,3.91,0
FrontS81383,28.0590,-43.9546,1.817e-17,1.788e-17,1.274e-17,0.0004,3.88,0
FrontS81384,28.6728,-43.8861,1.611e-17,1.658e-17,1.254e-17,0.0011,4.21,0
FrontS81385,28.5796,-43.7354,3.239e-17,3.020e-17,1.927e-17,0.0002,3.96,0
FrontS81386,28.3919,-44.2280,5.817e-16,7.814e-16,1.051e-15,-0.0004,3.97,0
FrontS81387,28.6331,-44.3308,2.103e-19,3.204e-19,5.268e-19,0.0001,4.02,0
FrontS81388,28.2162,-43.9583,5.194e-16,1.279e-15,5.897e-15,-0.0002,4.05,0
FrontS81389,28.5939,-43.9414,4.685e-18,5.175e-18,4.577e-18,-0.0004,4.17,0
FrontS81390,28.7020,-43.6646,9.843e-18,1.024e-17,8.229e-18,0.0007,3.88,0
FrontS81391,28.6779,-43.9311,1.900e-18,2.376e-18,2.630e-18,0.0005,4.12,0
FrontS81395,28.6856,-43.4702,4.343e-19,5.621e-19,7.194e-19,0.0006,4.26,0
FrontS81396,28.4215,-43.8280,5.980e-20,1.007e-19,2.112e-19,0.0001,4.16,0
FrontS81397,28.2964,-43.8703,1.296e-19,2.030e-19,3.669e-19,0.0013,4.12,0
FrontS81398,28.1625,-43.5957,6.870e-17,6.233e-17,3.633e-17,0.0003,3.84,0
FrontS81399,28.7713,-44.2652,5.416e-16,4.346e-16,1.917e-16,0.0001,4.07,1
FrontS81400,28.0908,-44.1603,2.509e-17,2.427e-17,1.624e-17,-0.0001,3.89,0
FrontS81401,28.2093,-43.8197,4.615e-20,7.646e-20,1.549e-19,-0.0002,4.04,0
FrontS81404,28.4257,-43.6060,5.434e-17,4.996e-17,3.033e-17,0.0004,3.84,0
FrontS81405,28.5980,-43.7289,1.223e-20,2.388e-20,7.070e-20,0.0008,4.02,0
FrontS81406,28.0917,-43.7960,3.395e-18,3.867e-18,3.503e-18,-0.0,3.83,0
FrontS81407,28.0851,-43.6029,3.375e-16,2.748e-16,1.311e-16,0.0001,3.74,0
FrontS81408,28.5393,-43.5514,5.222e-18,5.775e-18,5.040e-18,0.0016,4.15,0
FrontS81409,27.8145,-43.5222,1.707e-20,3.115e-20,7.825e-20,-0.0007,3.82,0
FrontS81410,28.6206,-44.7725,4.591e-18,5.020e-18,4.474e-18,0.0002,4.0,0
FrontS81411,28.1978,-43.5752,9.409e-20,1.373e-19,2.245e-19,0.0009,3.8,0
FrontS81412,28.8413,-43.7816,3.155e-17,2.910e-17,1.870e-17,-0.0,4.12,0
FrontS81413,28.3783,-43.3071,1.924e-19,3.013e-19,5.381e-19,-0.0001,3.97,0
FrontS81417,28.5215,-43.8619,2.156e-17,2.275e-17,1.872e-17,0.0007,4.06,0
FrontS81418,28.4739,-43.6291,1.661e-18,2.134e-18,2.569e-18,0.0001,4.1,0
FrontS81419,28.0980,-43.6680,2.883e-13,4.238e-13,6.418e-13,0.0004,3.94,0
FrontS81421,28.1567,-43.2617,8.763e-17,1.709e-16,5.062e-16,-0.0002,3.84,0
FrontS81422,28.1296,-43.7104,2.440e-17,2.377e-17,1.679e-17,0.0013,3.98,0
FrontS81423,28.3717,-43.5991,4.358e-20,7.308e-20,1.565e-19,0.0007,4.12,0
FrontS81424,28.6799,-43.8871,7.219e-17,6.092e-17,3.195e-17,0.0009,4.12,0
FrontS81425,27.8584,-43.8239,1.993e-17,1.879e-17,1.184e-17,-0.0004,3.74,0
FrontS81426,28.1475,-43.6560,2.695e-18,3.163e-18,3.197e-18,0.0005,4.03,0
FrontS81427,28.3197,-43.3387,4.959e-17,4.621e-17,2.789e-17,0.0011,3.76,0
FrontS81429,28.7522,-44.0759,6.986e-18,7.323e-18,5.693e-18,-0.0002,4.16,0
FrontS81430,28.5103,-43.4494,2.684e-20,4.885e-20,1.178e-19,0.0002,4.01,0
FrontS81431,28.4448,-43.7380,4.522e-17,7.861e-17,1.843e-16,-0.0,4.07,0
FrontS81432,28.2074,-43.9261,4.530e-18,5.135e-18,4.761e-18,0.0008,3.93,0
FrontS81433,28.2931,-43.9040,2.253e-20,3.906e-20,8.734e-20,0.0006,3.97,0
FrontS81435,28.1467,-43.4750,1.291e-16,1.790e-16,2.564e-16,0.0002,3.94,0
FrontS81436,28.3290,-44.0058,8.157e-17,1.923e-16,7.957e-16,0.0004,3.77,0
FrontS81438,28.0222,-43.2107,1.735e-18,2.102e-18,2.272e-18,0.0004,3.84,0
FrontS81439,27.9921,-43.5492,2.634e-18,3.178e-18,3.318e-18,0.0006,3.82,0
FrontS81440,28.1781,-43.6001,2.314e-19,3.402e-19,5.381e-19,0.0002,3.61,0
FrontS81441,28.2006,-43.6170,3.377e-17,3.109e-17,1.966e-17,0.0004,3.98,0
FrontS81442,28.4992,-43.5901,5.359e-19,7.358e-19,1.026e-18,0.0001,4.18,0
FrontS81444,28.2502,-43.2946,5.014e-17,1.089e-16,3.963e-16,0.0012,3.99,0
FrontS81445,28.3489,-44.0775,5.213e-18,5.738e-18,5.062e-18,-0.0011,3.99,0
FrontS81446,28.5422,-43.7027,1.523e-17,1.578e-17,1.232e-17,0.0013,3.93,0
FrontS81447,28.3798,-44.0254,8.146e-17,1.454e-16,3.484e-16,-0.0006,4.1,0
FrontS81449,28.4172,-44.1885,9.714e-18,9.270e-18,6.100e-18,0.0005,4.03,0
FrontS81450,28.3266,-43.8224,1.808e-18,2.262e-18,2.725e-18,0.0008,4.1,0
FrontS81451,27.8225,-44.0700,7.380e-18,7.732e-18,6.139e-18,0.0005,3.99,0
FrontS81452,28.1184,-43.4329,5.299e-18,5.827e-18,5.037e-18,0.0002,3.88,0
FrontS81453,28.9278,-43.8947,1.630e-17,1.612e-17,1.117e-17,0.0007,3.87,0
FrontS81459,28.7713,-43.8552,4.383e-20,7.283e-20,1.541e-19,0.0007,4.01,0
FrontS81460,28.6048,-43.8869,3.376e-16,7.016e-16,2.339e-15,0.0018,4.15,0
FrontS81462,28.3449,-43.6664,2.329e-20,3.879e-20,8.179e-20,-0.0011,3.89,0
FrontS81463,28.4731,-43.5810,8.675e-17,7.550e-17,4.173e-17,0.0002,4.02,0
FrontS81465,27.9757,-43.6672,1.470e-17,1.516e-17,1.184e-17,-0.0006,3.67,0
FrontS81466,28.5729,-44.0700,9.890e-20,1.635e-19,3.302e-19,0.001,3.76,0
FrontS81468,28.5627,-44.3039,2.617e-18,3.535e-18,4.601e-18,0.0007,4.08,0
FrontS81469,28.3374,-43.9577,2.751e-17,2.860e-17,2.190e-17,-0.0002,4.08,0
FrontS81470,28.3395,-43.6622,1.028e-18,1.398e-18,1.937e-18,-0.0001,3.74,0
FrontS81471,28.2963,-43.1876,1.254e-16,3.161e-16,1.505e-15,-0.0006,3.92,0
FrontS81472,28.6221,-43.7379,3.835e-17,3.620e-17,2.332e-17,0.0008,4.02,0
FrontS81473,28.3016,-43.9476,2.526e-18,3.036e-18,3.154e-18,0.001,3.92,0
FrontS81474,28.4016,-44.1544,2.047e-20,3.652e-20,8.966e-20,0.0002,4.06,0
FrontS81475,28.1858,-44.0192,1.057e-16,9.064e-17,4.742e-17,0.0001,4.02,0
FrontS81478,28.9202,-43.6440,2.211e-19,3.132e-19,4.515e-19,0.0006,4.14,0
FrontS81479,28.3140,-43.6992,4.712e-17,4.580e-17,3.236e-17,0.0001,3.92,0
FrontS81481,28.4176,-43.9654,6.263e-19,8.657e-19,1.215e-18,-0.0007,3.79,0
FrontS81482,28.4187,-43.9604,9.321e-17,1.851e-16,5.652e-16,0.0002,3.94,0
FrontS81483,27.9258,-43.7247,8.680e-17,7.802e-17,4.405e-17,-0.0001,4.07,0
FrontS81484,27.9911,-43.4307,4.260e-16,3.384e-16,1.540e-16,-0.0003,3.93,0
FrontS81486,28.1750,-43.1306,5.615e-16,4.562e-16,2.142e-16,0.0005,3.95,0
FrontS81492,28.1916,-43.2479,4.429e-17,4.298e-17,2.819e-17,-0.0005,3.9,0
FrontS81495,28.2494,-43.9773,1.335e-18,1.730e-18,2.076e-18,-0.0006,4.01,0
FrontS81496,28.5245,-43.6705,7.146e-17,6.722e-17,4.333e-17,0.0,3.95,0
FrontS81497,28.2036,-43.7947,2.033e-20,3.524e-20,8.160e-20,0.001,3.98,0
FrontS81498,28.0357,-43.0509,1.772e-16,1.548e-16,8.697e-17,0.0005,3.92,0
FrontS81499,28.7250,-44.0727,3.740e-12,2.758e-12,1.090e-12,0.0007,3.9,0
FrontS81501,28.2486,-43.8941,5.914e-19,8.364e-19,1.233e-18,0.0006,3.85,0
FrontS81502,28.2479,-43.4553,5.475e-12,4.065e-12,1.604e-12,0.0002,3.92,0
FrontS81504,28.4264,-43.6370,1.554e-19,2.326e-19,3.855e-19,-0.0006,4.04,0
FrontS81506,27.9950,-43.3812,6.124e-20,1.009e-19,2.001e-19,0.0008,3.91,0
FrontS81507,28.4837,-43.7678,9.180e-16,7.247e-16,3.129e-16,0.0007,4.07,1
FrontS81509,28.6102,-43.4110,5.950e-17,5.456e-17,3.257e-17,0.0,3.89,0
FrontS81510,27.9373,-43.5880,6.066e-17,5.447e-17,3.183e-17,-0.0005,3.83,0
FrontS81511,27.9708,-43.9075,6.507e-20,1.072e-19,2.238e-19,0.0,3.98,0
FrontS81512,28.3612,-44.0574,3.748e-18,4.436e-18,4.346e-18,0.0002,4.12,0
FrontS81513,27.9216,-43.9558,2.055e-20,3.527e-20,7.856e-20,0.001,4.0,0
FrontS81515,28.1441,-43.6746,1.647e-17,1.645e-17,1.207e-17,0.0007,4.07,0
FrontS81516,28.3849,-44.2163,5.954e-17,1.126e-16,3.028e-16,0.0004,4.06,0
FrontS81517,28.4093,-44.1824,9.992e-18,1.054e-17,8.562e-18,0.0004,4.04,0
FrontS81519,28.2406,-43.7018,1.311e-18,1.610e-18,1.802e-18,0.0001,4.02,0
FrontS81520,29.6033,-43.7125,6.189e-19,8.175e-19,1.069e-18,0.0005,4.1,0
FrontS81521,27.1462,-42.1804,7.500e-17,1.084e-16,1.721e-16,0.0003,3.76,0
FrontS81523,29.3121,-42.9095,9.298e-14,6.174e-14,1.943e-14,-0.0004,4.34,0
FrontS81524,26.5634,-42.9975,1.024e-16,8.677e-17,4.549e-17,0.0003,3.86,0
FrontS81525,27.0706,-42.6853,3.030e-18,3.754e-18,4.293e-18,0.0006,3.9,0
FrontS81528,27.0247,-44.1805,2.099e-20,3.904e-20,1.005e-19,-0.0006,3.83,0
FrontS81531,27.7685,-41.8014,2.737e-12,2.000e-12,7.745e-13,0.0006,4.18,0
FrontS81538,27.5338,-41.8507,2.162e-18,2.604e-18,2.847e-18,0.0008,4.2,0
FrontS81539,27.7606,-42.0121,1.092e-19,1.813e-19,3.881e-19,0.0006,4.14,0
FrontS81542,29.1097,-42.5933,4.568e-17,7.837e-17,1.723e-16,0.0007,4.14,0
FrontS81550,27.2302,-44.4764,9.659e-17,1.522e-16,2.809e-16,0.0,3.87,0
FrontS81556,27.8575,-41.8576,1.439e-19,2.244e-19,3.964e-19,0.0002,4.19,0
FrontS81558,29.8147,-44.2710,3.080e-19,4.698e-19,7.943e-19,0.0006,4.11,0
FrontS81563,29.7061,-44.9968,1.102e-17,1.162e-17,9.107e-18,0.001,4.07,0
FrontS81565,26.8754,-42.3978,1.066e-18,1.388e-18,1.657e-18,0.0001,3.69,0
FrontS81566,29.0360,-42.5581,2.136e-20,3.780e-20,9.059e-20,-0.0002,4.02,0
FrontS81567,28.0506,-41.7868,4.301e-20,6.937e-20,1.309e-19,0.0008,4.33,0
FrontS81570,27.1486,-42.1075,5.004e-19,7.378e-19,1.194e-18,-0.0004,3.91,0
FrontS81571,29.7396,-43.6541,3.105e-17,5.540e-17,1.316e-16,0.0003,4.38,0
FrontS81572,26.9028,-44.0432,2.426e-12,1.737e-12,6.420e-13,0.0007,3.66,0
FrontS81576,28.4864,-42.1878,2.855e-20,4.819e-20,1.030e-19,0.0003,4.05,0
FrontS81577,28.6101,-41.9409,2.633e-20,4.763e-20,1.205e-19,0.0003,4.18,0
FrontS81579,27.1217,-43.8687,2.787e-19,4.171e-19,6.940e-19,0.0,3.87,0
FrontS81581,26.8531,-42.5395,9.305e-19,1.233e-18,1.600e-18,0.0006,3.78,0
FrontS81584,30.2508,-44.1774,1.931e-20,3.607e-20,9.351e-20,-0.0002,3.97,0
FrontS81586,29.4111,-42.9106,2.125e-20,3.869e-20,9.413e-20,0.0003,4.38,0
FrontS81589,29.8896,-44.6765,1.162e-12,7.973e-13,2.698e-13,0.0006,4.0,0
FrontS81592,29.4777,-44.8837,4.066e-16,3.175e-16,1.411e-16,0.0005,3.91,0
FrontS81593,27.1470,-42.7724,4.102e-17,7.780e-17,2.067e-16,-0.0001,3.94,0
FrontS81594,28.9303,-42.3926,1.243e-20,2.422e-20,6.984e-20,-0.0008,4.31,0
FrontS81595,29.9111,-43.5906,1.035e-19,1.619e-19,2.936e-19,0.0004,4.04,0
FrontS81598,26.8635,-43.7242,3.040e-12,2.200e-12,8.154e-13,0.0015,3.72,0
FrontS81599,27.5196,-42.0398,1.256e-20,2.332e-20,6.025e-20,-0.0001,3.98,0
FrontS81603,27.2176,-44.5018,7.360e-19,9.778e-19,1.202e-18,0.0003,3.7,0
FrontS81605,26.7532,-43.2505,9.925e-20,1.596e-19,3.176e-19,0.0002,3.82,0
FrontS81606,27.0457,-43.5680,5.095e-20,9.005e-20,2.130e-19,0.0002,3.79,0
FrontS81613,27.6342,-44.8420,4.654e-20,7.953e-20,1.808e-19,0.0004,3.73,0
FrontS81615,26.9654,-42.8816,1.914e-16,2.973e-16,5.368e-16,0.0008,4.02,0
FrontS81616,29.6766,-43.4043,9.944e-19,1.375e-18,1.874e-18,0.0008,4.08,0
FrontS81617,27.7353,-42.1248,4.023e-17,4.003e-17,2.906e-17,-0.0003,4.0,0
FrontS81618,26.7809,-43.5489,1.005e-19,1.586e-19,2.963e-19,0.0008,3.82,0
FrontS81620,27.3819,-42.1072,1.311e-18,1.598e-18,1.691e-18,-0.0002,4.06,0
FrontS81623,26.9408,-41.9458,1.103e-16,1.800e-16,3.500e-16,0.0001,3.81,0
FrontS81624,26.6355,-42.4951,1.874e-17,1.839e-17,1.265e-17,-0.0,3.88,0
FrontS84639,31.3254,7.4324,1.750e-16,1.646e-16,1.032e-16,0.0008,4.72,0
FrontS84642,32.0717,7.3215,6.246e-19,9.485e-19,1.658e-18,0.0003,5.11,0
FrontS84644,31.4043,7.9566,1.668e-20,3.514e-20,1.153e-19,-0.0,5.37,0
FrontS84647,32.0529,6.7933,3.121e-19,5.098e-19,1.025e-18,0.0018,4.18,0
FrontS84648,31.7147,6.9837,4.391e-18,5.686e-18,6.963e-18,0.0007,4.18,0
FrontS84652,32.2517,7.2273,2.533e-17,2.750e-17,2.356e-17,0.0006,4.77,0
FrontS84653,32.2928,7.3733,1.794e-16,1.666e-16,1.041e-16,0.0,5.35,0
FrontS84657,30.9010,6.7549,1.588e-19,2.816e-19,6.555e-19,0.0004,4.42,0
FrontS84659,31.9049,7.3011,6.067e-19,9.254e-19,1.581e-18,0.0007,4.74,0
FrontS84660,32.4763,6.9094,1.713e-20,3.539e-20,1.122e-19,0.0014,4.59,0
FrontS84661,31.9695,7.1826,7.451e-20,1.313e-19,3.090e-19,0.0013,4.39,0
FrontS84665,32.2620,7.7561,3.628e-18,4.571e-18,5.231e-18,0.0015,5.57,0
FrontS84666,32.3623,6.7994,9.914e-17,9.532e-17,6.187e-17,-0.0004,4.45,0
FrontS84669,31.8097,6.2928,5.207e-20,9.681e-20,2.531e-19,0.0009,4.3,0
FrontS84670,32.8429,7.8742,1.191e-19,2.008e-19,4.203e-19,0.0002,5.6,0
FrontS84671,32.8752,7.1232,6.097e-20,1.118e-19,2.817e-19,-0.0,5.06,0
FrontS84672,31.3415,7.8245,5.958e-17,6.036e-17,4.584e-17,0.0006,5.27,0
FrontS84673,32.2248,6.2037,3.539e-20,7.244e-20,2.296e-19,0.0004,4.22,0
FrontS84675,32.0424,6.9307,2.633e-16,4.566e-16,1.065e-15,0.0008,4.22,0
FrontS84676,31.8804,7.3319,7.961e-18,9.294e-18,9.112e-18,0.0017,4.76,0
FrontS84679,32.3449,7.2037,3.978e-17,4.020e-17,3.078e-17,0.0001,4.94,0
FrontS84680,31.3709,7.4823,6.106e-20,1.175e-19,3.399e-19,0.0014,4.82,0
FrontS84681,32.9695,7.7068,1.151e-19,2.005e-19,4.415e-19,0.0002,5.36,0
FrontS84682,30.9876,7.4329,1.597e-16,1.473e-16,9.230e-17,0.0001,4.83,0
FrontS84684,32.1453,7.2674,5.533e-16,4.581e-16,2.271e-16,0.0007,5.06,0
FrontS84685,32.4574,7.1604,7.129e-17,7.116e-17,5.210e-17,0.0002,4.83,0
FrontS84686,32.6232,7.4208,7.341e-12,5.186e-12,1.830e-12,0.001,5.38,0
FrontS84688,32.0450,7.2464,7.742e-20,1.411e-19,3.541e-19,0.0006,4.56,0
FrontS84689,31.8789,7.3088,1.076e-19,1.800e-19,3.653e-19,0.0005,4.89,0
FrontS84691,32.0736,7.3568,1.519e-15,2.765e-15,7.130e-15,-0.0002,5.15,0
FrontS84692,31.8447,7.4827,3.739e-19,6.117e-19,1.246e-18,0.0008,5.1,0
FrontS84693,32.0251,8.1730,7.325e-17,1.457e-16,4.363e-16,-0.0001,5.66,0
FrontS84694,30.6539,6.7912,1.391e-17,1.591e-17,1.498e-17,0.0008,4.57,0
FrontS84696,32.0321,7.1788,1.551e-16,1.451e-16,9.069e-17,0.0004,4.32,0
FrontS84697,32.2415,6.4225,1.223e-20,2.279e-20,6.012e-20,0.0006,4.38,0
FrontS84698,31.9324,7.7077,6.800e-20,1.138e-19,2.385e-19,-0.0,5.32,0
FrontS84700,31.8964,7.3308,2.595e-18,3.370e-18,4.330e-18,0.0014,4.74,0
FrontS84701,33.7623,7.8384,1.413e-20,3.109e-20,1.194e-19,0.0006,5.1,0
FrontS84702,32.1288,6.9322,1.705e-15,4.310e-15,2.083e-14,0.0005,4.01,0
FrontS84703,32.1327,7.3100,2.201e-18,2.938e-18,3.892e-18,-0.0,5.17,0
FrontS84704,32.2553,7.3827,8.902e-20,1.608e-19,3.888e-19,0.0004,5.46,0
FrontS84705,32.7920,8.1208,1.041e-20,2.451e-20,1.059e-19,0.0014,5.64,0
FrontS84706,32.8107,6.5172,3.691e-19,5.977e-19,1.163e-18,0.0006,4.47,0
FrontS84708,32.1407,6.1338,1.126e-19,2.016e-19,4.925e-19,0.0007,4.21,0
FrontS84710,32.0527,7.2838,1.009e-20,2.148e-20,7.383e-20,0.0003,4.8,0
FrontS84711,31.9470,7.1418,5.103e-19,7.472e-19,1.165e-18,-0.0001,4.31,0
FrontS84712,31.9775,7.7418,1.579e-19,2.750e-19,6.362e-19,0.0011,5.46,0
FrontS84716,31.8420,7.4478,3.337e-19,5.507e-19,1.076e-18,0.0011,4.88,0
FrontS84717,32.0727,7.2390,6.398e-19,8.549e-19,1.147e-18,0.0004,4.39,0
FrontS84718,32.6985,7.0460,1.105e-20,2.443e-20,9.143e-20,0.0014,4.92,0
FrontS84719,32.0192,7.3472,1.774e-18,2.367e-18,3.037e-18,0.0011,5.18,0
FrontS84720,32.0477,7.2813,4.300e-19,6.517e-19,1.106e-18,0.0003,4.55,0
FrontS84721,31.6754,7.0222,2.802e-18,3.624e-18,4.374e-18,0.0001,4.22,0
FrontS84723,31.8781,7.3829,1.819e-18,2.448e-18,3.247e-18,0.001,4.96,0
FrontS84728,32.0032,7.3805,2.685e-20,5.111e-20,1.439e-19,0.0006,5.07,0
FrontS84729,31.9496,7.3360,2.291e-19,3.695e-19,7.203e-19,0.0,4.91,0
FrontS84730,32.0282,7.2848,3.435e-18,4.459e-18,5.498e-18,-0.0008,4.65,0
FrontS84731,32.6675,8.2111,4.259e-18,5.412e-18,6.352e-18,0.0003,5.54,0
FrontS84733,32.0562,7.5220,2.044e-20,4.313e-20,1.419e-19,0.0007,5.38,0
FrontS84734,32.2230,7.3043,4.837e-20,8.899e-20,2.255e-19,0.0006,5.28,0
FrontS84737,31.8125,7.4612,1.213e-16,1.149e-16,7.555e-17,0.0005,4.92,0
FrontS84738,31.6339,7.3655,2.821e-19,4.586e-19,8.826e-19,0.001,4.95,0
FrontS84739,32.2034,7.2366,5.263e-20,9.750e-20,2.476e-19,0.0003,4.89,0
FrontS84742,32.0328,7.0741,4.419e-17,4.555e-17,3.507e-17,0.0006,4.23,0
FrontS84743,32.1218,7.8107,1.322e-16,3.118e-16,1.300e-15,0.0002,5.41,0
FrontS84745,31.9226,7.6538,1.093e-15,9.167e-16,4.708e-16,0.0005,5.36,0
FrontS84746,32.1263,7.2935,1.448e-20,2.976e-20,9.583e-20,0.0001,5.3,0
FrontS84747,31.7780,7.2088,8.213e-18,9.218e-18,8.461e-18,0.0001,4.42,0
FrontS84748,32.3218,7.3981,1.350e-17,1.506e-17,1.377e-17,0.0,5.53,0
FrontS84750,31.3822,7.4149,8.929e-18,1.065e-17,1.062e-17,0.0004,4.81,0
FrontS84751,32.1447,7.2452,8.169e-12,5.652e-12,2.026e-12,0.0002,4.65,0
FrontS84753,32.1219,7.2831,1.063e-16,1.574e-16,2.490e-16,0.0004,5.01,0
FrontS84756,32.0688,7.2460,5.235e-16,1.106e-15,3.853e-15,0.0005,4.39,0
FrontS84758,32.2063,7.2326,1.132e-15,1.901e-15,4.038e-15,0.0015,4.96,0
FrontS84759,31.6331,5.9504,1.140e-19,1.980e-19,4.571e-19,0.0016,4.18,0
FrontS84761,31.6775,6.7556,1.384e-16,1.401e-16,1.002e-16,0.0005,4.03,0
FrontS84762,31.6224,7.0703,5.279e-20,1.004e-19,2.722e-19,0.0006,4.27,0
FrontS84764,32.5607,7.3694,6.593e-19,9.881e-19,1.712e-18,0.0012,5.23,0
FrontS84765,31.4269,7.0287,1.266e-20,2.613e-20,8.554e-20,0.0006,4.47,0
FrontS84766,32.1010,7.2716,5.120e-19,7.703e-19,1.337e-18,0.0009,4.62,0
FrontS84772,33.9558,7.9067,7.635e-20,1.359e-19,3.281e-19,0.0001,5.15,0
FrontS84773,32.0516,7.5550,3.978e-18,5.060e-18,6.127e-18,0.0004,5.48,0
FrontS84774,31.8927,7.6776,1.456e-17,1.686e-17,1.686e-17,0.0002,5.28,0
FrontS84775,31.3074,7.6178,2.315e-16,2.064e-16,1.213e-16,-0.0001,4.94,0
FrontS84777,32.2276,7.4047,1.912e-20,4.092e-20,1.417e-19,0.0009,5.48,0
FrontS84779,32.2157,7.1601,8.906e-17,9.149e-17,6.791e-17,0.0004,4.67,0
FrontS84781,32.1047,7.2287,1.838e-20,3.509e-20,9.820e-20,0.0005,4.43,0
FrontS84782,32.0735,7.2875,1.903e-18,2.446e-18,3.025e-18,0.0,4.83,0
FrontS84784,32.0892,7.2590,6.020e-20,1.113e-19,2.845e-19,0.0003,4.58,0
FrontS84787,31.4848,6.8726,1.709e-11,1.287e-11,5.200e-12,0.0004,4.12,0
FrontS84788,32.1250,7.8937,9.706e-18,1.118e-17,1.053e-17,-0.0,5.67,0
FrontS84790,32.3793,7.6216,8.191e-20,1.519e-19,3.949e-19,0.0005,5.6,0
FrontS84793,31.5009,6.4412,2.842e-18,3.773e-18,4.914e-18,-0.0,4.04,0
FrontS84795,30.8567,6.6361,1.128e-12,1.744e-12,3.011e-12,0.0007,4.49,0
FrontS84798,32.3976,6.9824,2.183e-17,2.435e-17,2.185e-17,0.0008,4.57,0
FrontS84799,33.0511,7.0903,1.074e-15,8.757e-16,4.157e-16,0.0011,4.86,0
FrontS84800,32.0775,7.2717,2.037e-17,2.318e-17,2.175e-17,0.0002,4.65,0
FrontS84801,31.9856,7.5565,1.357e-20,2.853e-20,9.496e-20,0.0004,5.18,0
FrontS84803,32.1667,7.2653,5.391e-17,5.335e-17,3.783e-17,0.0005,5.09,0
FrontS84804,31.7677,7.1808,1.574e-16,3.167e-16,9.822e-16,0.0006,4.5,0
FrontS84806,32.3117,7.5226,2.681e-16,6.002e-16,2.354e-15,0.0006,5.59,0
FrontS84807,31.2644,7.3610,3.919e-18,4.965e-18,5.940e-18,0.0007,4.73,0
FrontS84808,32.1143,7.4839,2.489e-20,4.768e-20,1.292e-19,0.0011,5.39,0
FrontS84812,32.1121,8.3625,1.051e-20,2.183e-20,7.447e-20,0.0,5.48,0
FrontS84813,32.1595,7.3996,5.232e-18,6.441e-18,7.352e-18,0.001,5.43,0
FrontS84814,32.4702,7.3772,2.364e-18,3.095e-18,3.784e-18,0.0012,5.47,0
FrontS84816,32.1635,7.0596,5.238e-18,6.647e-18,8.034e-18,0.0009,4.4,0
FrontS84820,31.8489,7.3710,4.959e-16,4.289e-16,2.285e-16,0.0003,4.81,0
FrontS84821,32.2756,7.6850,8.661e-19,1.309e-18,2.189e-18,0.0009,5.6,0
FrontS84822,32.8361,8.5079,4.349e-19,7.092e-19,1.414e-18,0.0003,5.45,0
FrontS84823,31.8681,7.0300,1.398e-18,2.072e-18,3.365e-18,0.0008,4.08,0
FrontS84824,32.7453,6.6550,4.564e-18,5.902e-18,7.245e-18,0.0009,4.35,0
FrontS84825,32.2839,7.1154,3.119e-20,6.101e-20,1.838e-19,0.0003,4.66,0
FrontS84826,32.1437,7.2648,1.476e-18,2.040e-18,2.768e-18,0.0002,4.53,0
FrontS84827,32.3650,7.6632,4.645e-19,7.115e-19,1.211e-18,0.0007,5.66,0
FrontS84828,32.0598,6.5021,5.769e-19,8.713e-19,1.485e-18,0.0006,4.2,0
FrontS84829,30.9803,6.8231,2.229e-17,2.476e-17,2.272e-17,0.0011,4.33,0
FrontS84830,30.6402,6.5748,5.464e-19,8.289e-19,1.382e-18,0.0004,4.47,0
FrontS84832,31.9119,5.8293,1.033e-18,1.435e-18,2.006e-18,0.0007,4.26,0
FrontS84833,31.4415,7.3058,9.876e-20,1.799e-19,4.437e-19,0.0007,4.69,0
FrontS84834,32.6595,7.1338,5.190e-20,9.681e-20,2.565e-19,-0.0001,4.7,0
FrontS84835,32.2321,7.4881,1.080e-19,1.904e-19,4.506e-19,0.0005,5.58,0
FrontS84837,31.9145,7.5608,6.332e-20,1.244e-19,3.568e-19,0.0001,5.32,0
FrontS84838,32.5780,8.1469,5.037e-18,6.313e-18,7.293e-18,0.0013,5.67,0
FrontS84839,31.9250,7.0986,2.545e-20,5.325e-20,1.848e-19,0.0002,4.32,0
FrontS84841,31.8529,7.1001,5.037e-20,9.450e-20,2.538e-19,0.0015,4.26,0
FrontS84842,31.7951,7.1493,7.863e-20,1.384e-19,3.333e-19,0.0012,4.4,0
FrontS84843,31.7493,7.4021,1.140e-18,1.648e-18,2.578e-18,0.0001,4.83,0
FrontS84847,34.1917,8.5873,4.755e-19,7.169e-19,1.179e-18,0.0004,5.26,0
FrontS84848,31.2521,7.2514,2.322e-16,4.584e-16,1.302e-15,0.0008,4.62,0
FrontS84849,31.9429,7.1878,5.624e-20,1.047e-19,2.862e-19,0.0006,4.43,0
FrontS84850,31.9518,8.0372,1.049e-16,9.782e-17,6.272e-17,0.0001,5.4,0
FrontS84852,32.0532,7.3201,5.418e-20,1.094e-19,3.389e-19,0.0009,4.95,0
FrontS84853,32.4347,6.2225,2.345e-17,2.445e-17,2.025e-17,0.0003,4.36,0
FrontS84854,31.8862,7.3371,1.712e-18,2.329e-18,3.191e-18,0.0016,4.83,0
FrontS84856,31.7748,7.3536,3.741e-20,8.171e-20,2.943e-19,-0.0004,4.87,0
FrontS84858,31.9261,8.0219,2.865e-20,5.619e-20,1.602e-19,0.001,5.37,0
FrontS84860,32.5503,7.4544,4.869e-17,5.033e-17,3.890e-17,0.0009,5.21,0
FrontS84861,32.7456,7.3817,1.332e-20,2.748e-20,9.110e-20,0.0001,5.26,0
FrontS84865,29.9409,6.7167,8.546e-18,9.497e-18,8.450e-18,0.001,4.75,0
FrontS84867,32.4435,7.5893,5.671e-19,8.617e-19,1.546e-18,-0.0002,5.73,0
FrontS84868,32.1904,7.5574,3.495e-18,4.679e-18,6.271e-18,-0.0001,5.62,0
FrontS84871,32.0821,7.2070,9.249e-20,1.643e-19,3.933e-19,-0.0003,4.18,0
FrontS84873,32.5635,7.0891,6.147e-20,1.184e-19,3.228e-19,-0.0003,4.75,0
FrontS84874,32.3794,7.4059,1.561e-17,1.751e-17,1.560e-17,0.0006,5.35,0
FrontS84875,31.3339,7.0250,1.227e-20,2.475e-20,7.560e-20,0.0001,4.47,0
FrontS84876,32.0262,7.4473,1.139e-20,2.486e-20,9.013e-20,0.0008,5.19,0
FrontS84877,32.1589,7.5887,3.959e-18,5.316e-18,7.124e-18,0.001,5.54,0
FrontS84882,32.4279,8.2262,1.170e-15,9.432e-16,4.420e-16,-0.0002,5.48,0
FrontS84883,32.3200,7.0304,3.088e-18,4.233e-18,5.782e-18,0.0,4.49,0
FrontS84884,31.3416,7.8059,5.815e-16,8.883e-16,1.581e-15,0.0007,4.88,0
FrontS84885,32.0898,7.4651,1.357e-18,1.982e-18,2.995e-18,0.0008,5.38,0
FrontS84887,32.4128,7.7023,1.331e-20,2.917e-20,1.016e-19,0.0011,5.57,0
FrontS84888,31.7477,7.7473,1.985e-17,2.128e-17,1.785e-17,0.0011,5.39,0
FrontS84889,32.8119,7.8145,1.287e-19,2.318e-19,5.552e-19,0.0015,5.53,0
FrontS84890,32.1520,7.7594,1.174e-19,2.092e-19,4.973e-19,0.0004,5.57,0
FrontS84891,32.0427,7.0501,7.353e-20,1.266e-19,2.874e-19,0.0011,4.26,0
FrontS84892,32.2714,7.2788,7.148e-19,1.043e-18,1.595e-18,0.0003,5.12,0
FrontS84893,29.7772,8.6387,4.283e-19,6.747e-19,1.234e-18,-0.0005,5.13,0
FrontS84894,32.0915,7.0011,6.529e-20,1.131e-19,2.587e-19,0.0008,4.24,0
FrontS84896,32.0666,7.7615,3.253e-18,4.262e-18,5.325e-18,0.0011,5.52,0
FrontS84897,32.2060,7.1795,3.248e-19,5.098e-19,9.792e-19,0.0011,4.6,0
FrontS84898,32.0991,7.5135,5.060e-20,9.688e-20,2.768e-19,0.0005,5.37,0
FrontS84899,32.1642,7.1124,7.014e-19,1.023e-18,1.621e-18,0.0004,4.39,0
FrontS84900,31.3804,7.1263,1.638e-20,3.310e-20,1.034e-19,0.0002,4.29,0
FrontS84901,31.9663,7.2031,1.521e-17,1.639e-17,1.374e-17,0.0007,4.34,0
FrontS84902,31.7040,7.5763,1.738e-18,2.532e-18,3.861e-18,0.0004,5.17,0
FrontS84903,31.6710,7.2856,6.215e-19,9.345e-19,1.537e-18,0.0006,4.65,0
FrontS84907,32.5213,7.4052,3.947e-19,5.914e-19,9.844e-19,-0.0,5.45,0
FrontS84909,33.0286,7.3199,2.257e-16,4.261e-16,1.165e-15,0.0013,5.3,0
FrontS84910,32.3036,7.6769,2.957e-19,4.701e-19,8.888e-19,-0.0001,5.61,0
FrontS84911,31.8443,7.6637,3.332e-16,2.885e-16,1.575e-16,0.0012,5.21,0
FrontS84912,32.0965,7.1189,1.214e-20,2.569e-20,8.661e-20,0.0009,4.27,0
FrontS84915,32.0276,7.1322,4.286e-18,5.602e-18,7.135e-18,0.0007,4.12,0
FrontS84916,32.3136,7.7579,1.782e-15,1.358e-15,5.679e-16,-0.0001,5.64,0
FrontS84921,30.7894,7.5767,7.257e-17,6.936e-17,4.735e-17,0.0007,4.97,0
FrontS84928,32.1410,7.3014,6.347e-18,7.647e-18,8.087e-18,0.0004,5.17,0
FrontS84929,32.0383,7.3080,8.264e-19,1.236e-18,2.028e-18,0.0016,4.8,0
FrontS84930,30.6841,6.1563,1.093e-20,2.277e-20,7.564e-20,0.0008,4.43,0
FrontS84932,31.8095,7.2770,1.679e-20,3.451e-20,1.119e-19,0.0008,4.59,0
FrontS84933,31.5846,6.2751,7.786e-20,1.371e-19,3.226e-19,0.0004,4.07,0
FrontS84934,32.3667,7.7271,1.035e-20,2.070e-20,6.183e-20,0.0001,5.64,0
FrontS84936,32.6412,7.5101,2.961e-20,5.694e-20,1.577e-19,-0.0003,5.28,0
FrontS84938,32.0912,7.2800,3.240e-20,6.823e-20,2.263e-19,0.0007,4.66,0
FrontS84942,32.4340,4.8035,3.849e-19,5.837e-19,1.010e-18,0.0001,4.47,0
FrontS84943,33.2404,7.1133,5.054e-19,7.828e-19,1.352e-18,0.0005,5.01,0
FrontS84944,32.3236,7.7109,5.060e-20,3.250e-20,1.011e-20,0.0003,5.57,0
FrontS84945,32.0786,7.2458,2.736e-20,5.123e-20,1.354e-19,0.0002,4.51,0
FrontS84946,32.3422,7.6089,3.223e-17,3.340e-17,2.576e-17,0.0002,5.71,0
FrontS84947,33.1604,7.2635,1.769e-16,1.649e-16,1.079e-16,0.0002,5.22,0
FrontS84948,32.3181,6.0875,2.735e-19,4.640e-19,1.028e-18,0.0002,4.46,0
FrontS84949,32.0840,7.2998,4.150e-18,5.038e-18,5.497e-18,0.0007,4.89,0
FrontS84950,33.3115,7.5547,2.274e-19,3.692e-19,7.094e-19,0.0022,5.09,0
FrontS84951,32.0977,7.2430,3.747e-20,6.837e-20,1.748e-19,-0.0001,4.45,0
FrontS84952,32.1291,7.2688,2.276e-16,5.329e-16,2.205e-15,0.0009,4.82,0
FrontS84954,30.0734,7.0264,3.847e-18,4.796e-18,5.328e-18,0.0003,4.76,0
FrontS84955,31.4245,5.6369,1.176e-17,1.427e-17,1.512e-17,0.0008,4.26,0
FrontS84956,33.0523,7.6328,2.859e-19,4.794e-19,1.014e-18,0.0004,5.31,0
FrontS84957,33.0197,7.8193,1.490e-11,1.185e-11,5.180e-12,0.0011,5.39,1
FrontS84959,32.9172,7.7582,1.001e-17,1.172e-17,1.143e-17,0.0007,5.44,0
FrontS84961,32.3041,7.2687,1.325e-16,1.277e-16,8.492e-17,0.0009,5.01,0
FrontS84962,32.1503,7.3246,2.533e-19,3.748e-19,6.197e-19,0.0012,5.46,0
FrontS84964,30.0723,7.2528,3.515e-20,6.822e-20,1.877e-19,0.0009,4.83,0
FrontS84967,31.4828,7.8167,2.602e-19,4.223e-19,8.302e-19,0.0007,5.23,0
FrontS84970,31.1671,7.5395,3.862e-16,6.507e-16,1.399e-15,0.0003,4.9,0
FrontS84971,30.3370,6.2391,8.119e-20,1.519e-19,3.968e-19,0.0006,4.47,0
FrontS84973,32.1039,7.2002,1.707e-19,3.013e-19,6.918e-19,0.0013,4.3,0
FrontS84974,32.1972,7.3172,1.053e-16,9.821e-17,6.140e-17,0.0003,5.26,0
FrontS84977,31.7334,7.2969,3.075e-20,6.095e-20,1.777e-19,0.0015,4.57,0
FrontS84978,33.0560,6.5984,2.405e-17,2.603e-17,2.179e-17,0.0007,4.5,0
FrontS84979,31.8046,6.9427,9.549e-19,1.519e-18,2.791e-18,0.0005,4.23,0
FrontS84980,33.2517,7.3785,3.264e-20,6.351e-20,1.794e-19,0.0011,5.07,0
FrontS84982,32.1914,7.4296,6.331e-19,9.762e-19,1.723e-18,-0.0007,5.49,0
FrontS84983,32.2511,6.8488,4.976e-20,8.977e-20,2.107e-19,0.0005,4.23,0
FrontS84985,31.8930,6.3803,3.367e-16,6.584e-16,1.862e-15,0.0003,4.34,0
FrontS84986,32.3167,7.4405,2.551e-19,4.274e-19,8.708e-19,0.001,5.42,0
FrontS84988,32.1286,7.3470,8.234e-12,5.765e-12,2.005e-12,0.0008,5.48,0
FrontS84989,32.0874,7.2810,1.386e-19,2.381e-19,5.073e-19,0.0009,4.77,0
FrontS84990,32.4529,6.8574,1.844e-19,3.145e-19,7.000e-19,0.0001,4.51,0
FrontS84991,31.9229,7.0028,8.568e-19,1.302e-18,2.202e-18,0.0005,4.12,0
FrontS84992,32.0725,7.3246,1.088e-20,2.372e-20,8.361e-20,0.0007,5.13,0
FrontS84993,32.8784,6.3023,2.137e-18,2.918e-18,4.010e-18,0.0007,4.59,0
FrontS84994,32.7090,6.7388,1.640e-19,2.839e-19,6.384e-19,0.0003,4.58,0
FrontS84995,32.1228,7.3048,3.768e-17,6.541e-17,1.490e-16,0.0011,5.15,0
FrontS84996,32.3782,7.2609,1.231e-20,2.567e-20,8.542e-20,0.0005,4.98,0
FrontS84997,32.6779,7.6178,3.730e-19,6.063e-19,1.183e-18,-0.0001,5.59,0
FrontS84998,34.7559,9.5755,2.129e-20,4.124e-20,1.198e-19,-0.0003,5.0,0
FrontS84999,31.7923,7.1160,4.700e-16,1.003e-15,3.473e-15,0.0008,4.27,0
FrontS85000,31.6695,5.8709,2.509e-20,4.921e-20,1.472e-19,0.0006,4.33,0
FrontS85003,32.0019,7.1608,5.124e-17,4.990e-17,3.475e-17,-0.0007,4.31,0
FrontS85006,32.1787,7.3033,3.647e-16,6.225e-16,1.350e-15,0.0005,5.34,0
FrontS85008,32.1620,7.9167,1.983e-18,2.580e-18,3.206e-18,0.0001,5.4,0
FrontS85009,32.0994,7.0408,3.356e-19,5.183e-19,9.375e-19,0.0003,4.21,0
FrontS85011,33.5593,7.0142,4.861e-19,7.895e-19,1.534e-18,0.0011,4.92,0
FrontS85012,32.2436,7.2041,1.948e-19,3.265e-19,6.942e-19,0.0016,4.75,0
FrontS85013,31.3287,7.0930,2.612e-19,4.053e-19,7.087e-19,0.0003,4.37,0
FrontS85014,32.0163,7.3675,1.208e-19,2.140e-19,5.179e-19,-0.0004,4.99,0
FrontS85015,31.8112,7.2909,1.091e-19,2.073e-19,5.468e-19,0.0002,4.56,0
FrontS85017,32.1336,7.2690,4.984e-20,8.874e-20,2.032e-19,0.0003,4.8,0
FrontS85018,32.0147,7.2654,4.281e-17,4.496e-17,3.562e-17,0.0009,4.39,0
FrontS85019,31.6138,8.2404,1.173e-16,1.148e-16,7.967e-17,0.0009,5.36,0
FrontS85020,32.3848,7.2544,7.943e-17,8.036e-17,6.137e-17,0.0014,4.95,0
FrontS85021,32.8110,6.7570,2.111e-19,3.312e-19,5.949e-19,0.0004,4.64,0
FrontS85022,32.3447,7.2889,2.563e-17,2.863e-17,2.564e-17,0.0008,5.15,0
FrontS85024,32.1444,7.7969,8.752e-18,1.079e-17,1.235e-17,0.0008,5.48,0
FrontS85025,32.4450,7.3264,6.409e-19,9.420e-19,1.474e-18,-0.0009,5.23,0
FrontS85026,32.0584,5.9946,1.535e-20,3.183e-20,1.052e-19,0.0006,4.38,0
FrontS85028,32.4394,8.1619,1.469e-19,2.515e-19,5.696e-19,0.0003,5.45,0
FrontS85029,31.4004,7.2791,4.145e-19,6.586e-19,1.190e-18,0.0009,4.68,0
FrontS85031,32.1139,6.5866,5.749e-19,8.519e-19,1.353e-18,0.001,4.29,0
FrontS85032,31.7986,7.2733,6.651e-18,7.959e-18,8.538e-18,0.0008,4.62,0
FrontS85033,31.8366,7.4223,5.255e-18,6.815e-18,8.466e-18,0.0005,4.99,0
FrontS85037,32.1179,7.2716,2.170e-18,2.988e-18,4.166e-18,0.0008,4.79,0
FrontS85038,31.8835,7.7311,2.490e-19,4.136e-19,8.274e-19,0.0007,5.34,0
FrontS85048,32.3067,7.1165,3.084e-20,5.924e-20,1.673e-19,0.0004,4.76,0
FrontS85050,32.1451,7.2903,1.057e-19,1.890e-19,4.633e-19,0.0006,5.24,0
FrontS85051,33.4577,8.2318,8.802e-19,1.247e-18,1.894e-18,0.0003,5.33,0
FrontS85052,32.1098,7.2870,2.040e-18,2.690e-18,3.385e-18,0.0007,5.05,0
FrontS85053,31.8177,5.9394,1.884e-17,2.067e-17,1.832e-17,0.0,4.28,0
FrontS85055,33.5192,7.7628,1.941e-16,3.001e-16,5.402e-16,0.0013,5.17,0
FrontS85056,32.0636,7.2207,4.225e-18,5.162e-18,5.691e-18,0.0012,4.33,0
FrontS85059,32.2354,7.3074,1.407e-18,2.075e-18,3.202e-18,0.0003,5.28,0
FrontS85060,32.0785,7.6632,8.426e-19,1.246e-18,2.073e-18,0.0004,5.45,0
FrontS85062,32.8040,6.9113,9.366e-12,7.139e-12,2.936e-12,0.0001,4.64,1
FrontS85063,31.7587,7.3599,2.183e-18,2.856e-18,3.494e-18,0.0011,4.63,0
FrontS85064,31.8956,7.2711,3.237e-20,5.892e-20,1.486e-19,0.0005,4.58,0
FrontS85066,32.1219,7.2269,1.391e-18,1.993e-18,3.085e-18,0.001,4.44,0
FrontS85070,32.2948,7.1306,5.488e-18,6.695e-18,7.249e-18,0.0007,4.6,0
FrontS85071,32.1408,7.1284,8.871e-19,1.272e-18,1.992e-18,0.0014,4.51,0
FrontS85072,32.0836,7.2865,2.545e-16,2.330e-16,1.363e-16,0.0007,4.81,0
FrontS85074,31.6752,7.9587,1.024e-20,2.360e-20,9.451e-20,0.0009,5.29,0
FrontS85076,32.1567,6.7795,5.143e-18,6.488e-18,7.369e-18,-0.0002,4.05,0
FrontS85078,32.0528,7.1836,1.267e-16,2.103e-16,4.225e-16,0.0006,4.36,0
FrontS85080,31.8682,7.2531,4.049e-18,5.227e-18,6.310e-18,0.0005,4.56,0
FrontS85081,32.2552,7.5632,6.159e-20,1.087e-19,2.521e-19,0.0008,5.53,0
FrontS85082,31.9263,7.3726,3.050e-18,3.949e-18,4.824e-18,0.001,4.94,0
FrontS85083,31.8676,7.3672,1.404e-20,2.948e-20,1.009e-19,0.001,4.81,0
FrontS85084,32.0013,7.5433,1.211e-16,1.151e-16,7.551e-17,0.0009,5.49,0
FrontS85085,31.9505,7.4362,7.035e-17,1.312e-16,3.514e-16,0.0004,5.09,0
FrontS85087,32.3344,7.2174,8.438e-20,1.444e-19,3.304e-19,0.0007,4.91,0
FrontS85088,32.0877,6.8853,5.596e-20,1.044e-19,2.651e-19,0.0017,4.09,0
FrontS85089,32.0626,7.7254,1.841e-12,1.224e-12,3.965e-13,-0.0003,5.54,0
FrontS85091,31.9004,7.2378,2.534e-19,4.293e-19,9.608e-19,0.0005,4.57,0
FrontS85092,32.1786,7.1382,3.669e-16,5.389e-16,8.540e-16,-0.0004,4.29,0
FrontS85093,32.3306,7.1308,2.428e-16,4.692e-16,1.335e-15,-0.0001,4.72,0
FrontS85094,32.4944,7.4655,9.178e-17,8.540e-17,5.524e-17,-0.0007,5.5,0
FrontS85096,32.0818,7.5104,4.793e-18,5.975e-18,6.771e-18,-0.0002,5.5,0
FrontS85097,32.1429,7.0551,1.721e-16,2.700e-16,4.966e-16,0.0004,4.33,0
FrontS85099,32.1482,7.2848,3.486e-19,5.481e-19,1.010e-18,-0.0003,5.1,0
FrontS85100,31.8681,7.5557,2.085e-16,1.970e-16,1.287e-16,0.0015,5.36,0
FrontS85101,32.1265,7.5377,2.425e-16,2.163e-16,1.203e-16,0.0012,5.72,0
FrontS85104,32.2241,7.2449,4.426e-16,3.747e-16,1.921e-16,0.0008,4.96,0
FrontS85105,31.6944,7.3765,7.196e-17,7.175e-17,5.153e-17,0.0002,4.62,0
FrontS85106,32.1534,7.4748,9.828e-17,9.580e-17,6.449e-17,0.0007,5.43,0
FrontS85107,32.0382,7.4548,5.066e-19,8.099e-19,1.554e-18,0.0006,5.31,0
FrontS85108,32.0084,7.3232,1.538e-19,2.465e-19,4.615e-19,0.0008,4.86,0
FrontS85109,32.2853,7.1340,5.443e-17,5.612e-17,4.262e-17,0.0,4.63,0
FrontS85110,31.7583,7.2253,1.096e-11,8.842e-12,4.219e-12,0.0001,4.45,1
FrontS85111,32.1801,7.4202,3.160e-16,5.491e-16,1.213e-15,0.0005,5.45,0
FrontS85112,32.2339,7.1341,1.782e-17,1.916e-17,1.629e-17,0.0007,4.58,0
FrontS85113,32.1448,7.1245,1.381e-15,3.035e-15,1.142e-14,-0.0002,4.18,0
FrontS85115,31.8079,7.1905,1.488e-16,3.286e-16,1.224e-15,0.0009,4.38,0
FrontS85116,31.9112,7.3803,4.323e-20,8.020e-20,2.147e-19,0.0012,4.95,0
FrontS85117,31.8321,7.1972,6.561e-18,8.538e-18,1.090e-17,0.0008,4.27,0
FrontS85118,32.2446,7.2654,1.201e-17,1.450e-17,1.529e-17,0.0004,5.53,0
FrontS85119,31.9772,7.2032,2.354e-17,2.679e-17,2.519e-17,0.001,4.33,0
FrontS85120,31.9883,7.2031,4.057e-16,3.673e-16,2.084e-16,0.0003,4.5,0
FrontS85121,32.4071,7.4380,2.908e-19,4.479e-19,7.749e-19,0.0009,5.47,0
FrontS85122,31.9986,7.3908,2.447e-20,5.127e-20,1.749e-19,0.0013,5.1,0
FrontS85123,31.7611,7.1457,2.509e-17,2.575e-17,2.014e-17,0.001,4.4,0
FrontS85125,32.3589,7.3778,6.181e-17,5.845e-17,3.846e-17,0.0001,5.37,0
FrontS85127,32.1693,7.4238,1.586e-17,1.769e-17,1.651e-17,0.0011,5.52,0
FrontS85128,31.9499,7.3282,2.608e-16,2.493e-16,1.686e-16,0.0004,4.68,0
FrontS85129,31.5549,6.9978,6.330e-16,5.493e-16,3.033e-16,0.0004,4.31,0
FrontS85132,31.5126,7.1190,8.901e-16,7.562e-16,4.068e-16,-0.0004,4.43,0
FrontS85133,31.9228,6.9450,2.510e-16,2.233e-16,1.303e-16,0.0013,4.05,0
FrontS85135,32.3237,7.4889,1.314e-16,1.333e-16,1.028e-16,0.0007,5.52,0
FrontS85136,32.1096,7.2943,4.150e-16,3.722e-16,2.185e-16,0.0003,5.16,0
FrontS85137,31.9027,7.4253,8.921e-12,6.417e-12,2.487e-12,-0.0006,5.08,0
FrontS85141,32.1902,7.5481,4.301e-17,4.362e-17,3.258e-17,0.0012,5.54,0
FrontS85142,31.9535,7.2646,8.649e-16,7.105e-16,3.504e-16,0.0006,4.76,0
FrontS85143,32.2343,7.4594,1.408e-20,2.827e-20,8.567e-20,0.0014,5.52,0
FrontS85144,31.6070,7.2044,2.839e-16,2.515e-16,1.423e-16,0.0004,4.39,0
FrontS85145,31.6636,7.3684,4.353e-17,4.541e-17,3.592e-17,0.0013,4.57,0
FrontS85148,31.9913,6.9453,2.516e-17,2.733e-17,2.380e-17,0.0014,4.05,0
FrontS85149,32.3123,7.3830,1.476e-16,1.372e-16,8.321e-17,-0.0,5.53,0
FrontS85150,31.7106,7.1912,3.917e-16,6.902e-16,1.606e-15,0.0004,4.55,0
FrontS85151,32.0341,7.5221,5.363e-15,4.123e-15,1.719e-15,0.0013,5.41,1
FrontS85153,32.1919,7.3126,1.009e-16,9.772e-17,6.605e-17,0.0013,5.23,0
FrontS85154,32.2260,7.2576,9.326e-16,2.050e-15,7.763e-15,0.0006,5.39,0
FrontS85155,32.0606,6.8841,6.335e-16,5.165e-16,2.417e-16,0.0004,3.97,0
FrontS85156,32.1011,7.4167,2.864e-18,3.838e-18,4.931e-18,0.0016,5.3,0
FrontS85157,32.1938,6.9914,4.209e-20,7.824e-20,1.970e-19,0.0001,4.46,0
FrontS85160,32.0973,7.1861,6.418e-19,9.481e-19,1.481e-18,0.0006,4.19,0
FrontS85162,32.5434,7.3363,4.957e-19,7.580e-19,1.318e-18,0.001,5.35,0
FrontS85164,31.7177,7.1699,7.720e-16,6.270e-16,3.034e-16,0.0008,4.14,0
FrontS85167,31.6662,7.0275,1.580e-19,2.629e-19,5.352e-19,-0.0001,4.17,0
FrontS85170,31.7804,7.1783,2.341e-18,2.932e-18,3.481e-18,0.0008,4.19,0
FrontS85171,32.0512,7.3606,2.430e-18,3.311e-18,4.551e-18,0.0014,5.12,0
FrontS85172,32.2323,7.2512,1.177e-15,2.709e-15,1.109e-14,0.0002,5.51,0
FrontS85173,32.4688,7.7526,1.437e-17,1.697e-17,1.669e-17,0.001,5.55,0
FrontS85174,32.2361,7.4456,8.972e-18,1.160e-17,1.379e-17,0.0005,5.56,0
FrontS85175,32.2135,6.8555,1.279e-18,1.736e-18,2.381e-18,0.0012,4.11,0
FrontS85176,32.3311,7.4759,2.329e-16,2.095e-16,1.207e-16,0.0005,5.45,0
FrontS85178,32.0745,7.2497,1.323e-17,1.536e-17,1.499e-17,0.0006,4.29,0
FrontS85179,31.9847,7.5347,1.730e-17,2.020e-17,1.921e-17,0.0011,5.41,0
FrontS85180,31.9878,7.3978,4.813e-17,5.118e-17,4.191e-17,-0.0001,5.51,0
FrontS85181,32.0361,7.2852,8.203e-16,6.802e-16,3.370e-16,0.0012,4.7,0
FrontS85182,31.7924,7.1817,1.466e-19,2.252e-19,3.946e-19,0.0003,4.36,0
FrontS85183,32.3022,7.4974,1.847e-19,3.160e-19,6.897e-19,-0.0001,5.54,0
FrontS85184,32.1259,7.2533,2.317e-20,4.722e-20,1.507e-19,0.0017,4.56,0
FrontS85185,32.1401,7.2957,9.339e-18,1.082e-17,1.032e-17,0.0009,5.1,0
FrontS85186,32.0133,6.8889,1.455e-19,2.488e-19,5.482e-19,0.0002,4.09,0
FrontS85187,31.6496,7.3107,1.277e-18,1.662e-18,1.985e-18,0.0004,4.59,0
FrontS85188,32.0135,7.2011,1.073e-16,1.059e-16,7.405e-17,0.0003,4.34,0
FrontS85189,32.3202,7.5663,2.544e-17,2.684e-17,2.143e-17,-0.0004,5.5,0
FrontS85190,32.3325,6.9454,1.486e-15,1.214e-15,5.971e-16,0.0004,4.41,0
FrontS85191,32.1651,7.3416,1.700e-20,3.503e-20,1.149e-19,0.0001,5.41,0
FrontS85193,32.2819,7.4867,5.805e-20,1.054e-19,2.558e-19,0.0009,5.51,0
FrontS85194,32.1492,6.8064,7.955e-17,7.572e-17,4.912e-17,0.0007,4.2,0
FrontS85195,32.1135,7.3231,1.519e-15,1.245e-15,5.738e-16,0.001,5.25,0
FrontS85196,32.4574,7.0525,1.169e-15,9.287e-16,4.251e-16,0.0009,4.77,0
FrontS85199,31.9898,7.3141,3.369e-17,3.534e-17,2.828e-17,0.0008,4.77,0
FrontS85200,32.1633,7.0253,5.110e-17,5.431e-17,4.301e-17,0.0015,4.42,0
FrontS85201,31.7330,7.1169,1.640e-17,1.958e-17,2.018e-17,-0.0004,4.25,0
FrontS85202,32.4521,7.2875,4.096e-17,4.198e-17,3.312e-17,0.0011,5.21,0
FrontS85204,31.6762,7.2403,2.645e-12,3.609e-12,4.900e-12,0.0018,4.58,0
FrontS85205,31.9166,7.2483,1.701e-16,1.558e-16,9.464e-17,0.0006,4.52,0
FrontS85206,31.7598,7.1170,4.584e-17,4.878e-17,3.820e-17,0.0004,4.43,0
FrontS85207,32.2366,7.5522,1.170e-15,2.798e-15,1.235e-14,0.001,5.63,0
FrontS85208,31.9430,7.3106,3.290e-18,4.525e-18,6.180e-18,0.0002,4.82,0
FrontS85209,31.7585,7.5510,1.437e-18,2.063e-18,3.108e-18,0.0005,5.14,0
FrontS85212,31.9197,7.3352,2.259e-19,3.551e-19,6.354e-19,0.0002,4.87,0
FrontS85213,31.8710,7.0461,9.700e-18,1.047e-17,9.063e-18,0.0007,4.27,0
FrontS85214,32.1403,7.4680,1.714e-17,1.975e-17,1.914e-17,0.0012,5.34,0
FrontS85215,32.0097,7.1327,1.224e-18,1.669e-18,2.364e-18,0.0007,4.38,0
FrontS85216,32.5968,7.1138,2.252e-15,1.763e-15,7.641e-16,0.0004,4.87,1
FrontS85217,32.2567,7.1462,4.163e-19,6.360e-19,1.077e-18,0.0005,4.32,0
FrontS85218,31.8942,7.2857,5.953e-19,9.018e-19,1.543e-18,0.0011,4.78,0
FrontS85219,31.9781,7.3230,9.297e-20,1.622e-19,3.568e-19,0.0007,4.91,0
FrontS85220,31.5494,7.0958,1.531e-16,1.428e-16,8.924e-17,0.0004,4.24,0
FrontS85221,32.4966,7.0889,1.998e-18,2.741e-18,3.782e-18,-0.0,4.74,0
FrontS85222,32.4346,7.0526,5.081e-19,8.087e-19,1.466e-18,0.0006,4.5,0
FrontS85223,31.7110,7.5513,6.733e-16,1.088e-15,2.111e-15,0.0008,5.04,0
FrontS85225,32.2752,7.5037,1.482e-19,2.541e-19,5.603e-19,0.0002,5.65,0
FrontS85227,31.5770,6.7801,5.165e-17,5.270e-17,4.059e-17,-0.0007,4.25,0
FrontS85228,31.9112,7.1179,3.772e-17,3.839e-17,2.912e-17,-0.0001,4.05,0
FrontS85229,32.0090,7.3081,4.419e-18,5.364e-18,5.865e-18,0.0015,4.66,0
FrontS85230,32.0689,7.3523,1.246e-19,2.143e-19,4.769e-19,0.0004,5.41,0
FrontS85231,32.4695,7.2387,1.267e-19,2.186e-19,4.816e-19,0.0011,5.12,0
FrontS85233,32.1469,7.6762,2.277e-19,3.739e-19,7.746e-19,0.0009,5.53,0
FrontS85234,32.3456,6.9999,1.535e-20,3.322e-20,1.218e-19,0.0,4.5,0
FrontS85236,32.1349,7.6784,2.041e-20,3.953e-20,1.115e-19,0.0,5.52,0
FrontS85238,32.2081,7.3954,5.095e-16,8.891e-16,1.977e-15,0.0007,5.51,0
FrontS85240,32.3602,7.7193,2.862e-16,6.322e-16,2.382e-15,0.0002,5.66,0
FrontS85241,32.1620,7.3181,4.796e-19,7.600e-19,1.423e-18,0.001,5.45,0
FrontS85242,31.8461,7.2721,1.664e-16,1.555e-16,1.005e-16,0.0,4.7,0
FrontS85243,31.8475,7.6130,2.123e-18,2.919e-18,4.132e-18,-0.0,5.5,0
FrontS85244,32.2169,6.9633,3.168e-18,4.151e-18,5.301e-18,0.0003,4.4,0
FrontS85245,32.0845,7.0367,1.065e-15,1.633e-15,2.847e-15,-0.0007,4.11,0
FrontS85246,32.5272,7.1626,5.310e-20,9.899e-20,2.583e-19,0.0005,5.03,0
FrontS85247,32.3731,7.2294,1.397e-15,2.801e-15,8.345e-15,0.0007,4.8,0
FrontS85251,31.9067,7.4772,3.286e-16,2.781e-16,1.434e-16,0.0003,5.21,0
FrontS85252,31.9886,7.0851,2.905e-14,2.001e-14,6.753e-15,0.0006,4.25,0
FrontS85253,31.9833,7.0646,2.741e-15,2.124e-15,9.223e-16,0.0008,4.35,1
FrontS85254,31.9802,7.0440,2.897e-15,2.245e-15,9.598e-16,-0.0004,4.05,0
FrontS85255,31.9316,7.0303,3.010e-16,2.633e-16,1.482e-16,0.0004,4.3,0
FrontS85256,31.9384,7.0403,1.267e-14,9.027e-15,3.433e-15,0.0008,4.14,0
FrontS85257,32.3559,7.5653,1.224e-19,1.946e-19,3.657e-19,0.0006,5.61,0
FrontS85258,32.3599,7.5216,3.208e-14,2.310e-14,8.558e-15,0.0014,5.61,0
FrontS85259,31.8394,6.9456,1.410e-16,3.174e-16,1.211e-15,0.0005,4.3,0
FrontS85260,32.4202,7.6304,1.118e-14,7.816e-15,2.904e-15,0.0009,5.62,0
FrontS85261,31.7954,6.9114,9.708e-15,7.256e-15,2.857e-15,0.0002,4.23,0
FrontS85262,31.7353,6.8794,3.395e-18,4.459e-18,5.760e-18,0.0004,4.06,0
FrontS85263,32.5126,7.6577,3.047e-16,2.840e-16,1.719e-16,0.0005,5.68,0
FrontS85264,32.5196,7.6600,1.823e-14,1.297e-14,4.564e-15,0.001,5.63,0
FrontS85265,32.5782,7.7215,9.170e-16,7.857e-16,4.129e-16,0.0003,5.5,0
FrontS85266,31.6176,6.8444,1.644e-14,1.124e-14,3.963e-15,0.0005,4.08,0
FrontS85267,32.6629,7.7054,2.010e-15,1.651e-15,7.891e-16,0.0006,5.54,0
FrontS85268,32.6884,7.6838,4.011e-15,3.052e-15,1.258e-15,0.0002,5.55,1
FrontS85269,32.7129,7.7233,3.545e-12,3.010e-12,1.578e-12,0.0009,5.6,0
FrontS85270,31.5591,6.8471,1.292e-14,9.069e-15,3.215e-15,0.0006,4.31,0
FrontS85271,31.4337,6.8228,1.617e-16,2.242e-16,3.113e-16,0.0009,4.2,0
FrontS85272,32.8225,7.7234,1.806e-16,3.127e-16,7.055e-16,0.0001,5.43,0
FrontS85273,31.3989,6.8331,2.989e-14,2.137e-14,7.893e-15,0.001,4.23,0
FrontS85274,32.9258,7.7190,3.185e-16,2.928e-16,1.762e-16,-0.0004,5.48,0
FrontS85275,32.9662,7.6859,6.063e-16,5.173e-16,2.744e-16,0.001,5.56,0
FrontS85276,32.9781,7.7710,2.925e-16,2.574e-16,1.430e-16,0.0009,5.33,0
FrontS85277,31.2037,6.8310,1.992e-16,1.813e-16,1.090e-16,0.0011,4.32,0
FrontS85278,33.0475,7.7211,3.138e-15,2.281e-15,8.728e-16,0.0004,5.49,0
FrontS85279,33.0247,7.6904,5.016e-15,3.705e-15,1.453e-15,0.0013,5.39,0
FrontS85280,31.0990,6.8608,7.450e-14,5.239e-14,1.898e-14,0.0004,4.52,0
FrontS85281,33.1129,7.6871,3.259e-16,5.100e-16,9.153e-16,0.0008,5.4,0
FrontS85282,31.0466,6.8589,2.251e-15,1.736e-15,7.469e-16,0.0004,4.52,1
FrontS85283,30.9970,6.8873,3.273e-19,5.220e-19,9.819e-19,0.0001,4.55,0
FrontS85284,33.2854,7.6758,3.975e-15,2.997e-15,1.257e-15,0.0006,5.13,1
FrontS85285,31.0084,6.9124,9.850e-15,7.031e-15,2.630e-15,0.0007,4.4,0
FrontS85286,30.9460,6.9256,8.058e-15,6.079e-15,2.512e-15,-0.0,4.47,0
FrontS85287,30.9187,6.9851,4.747e-19,7.536e-19,1.417e-18,0.0008,4.62,0
FrontS85288,33.4885,7.5503,6.817e-15,5.018e-15,1.991e-15,0.0012,5.09,0
FrontS85289,30.8198,6.9984,3.560e-15,2.689e-15,1.091e-15,0.0008,4.67,0
FrontS85290,30.9134,7.0383,2.707e-15,2.119e-15,9.243e-16,0.001,4.7,1
FrontS85291,30.8068,7.0503,3.677e-16,3.357e-16,1.989e-16,0.0005,4.65,0
FrontS85292,30.8235,7.0807,1.557e-14,1.109e-14,4.196e-15,0.0002,4.56,0
FrontS85293,33.4779,7.4422,1.010e-14,7.515e-15,2.956e-15,0.0001,5.0,0
FrontS85294,33.6445,7.4015,7.851e-15,6.062e-15,2.571e-15,0.0004,5.1,0
FrontS85295,33.5253,7.3841,1.770e-15,1.434e-15,6.851e-16,0.0006,5.11,0
FrontS85296,33.7392,7.3180,1.021e-14,7.362e-15,2.881e-15,0.0008,5.23,0
FrontS85297,33.7813,7.2836,9.345e-15,6.605e-15,2.506e-15,0.0007,5.11,0
FrontS85298,30.6235,7.2856,2.264e-19,3.659e-19,7.113e-19,0.0006,4.78,0
FrontS85299,33.7021,7.2299,1.056e-14,7.733e-15,2.882e-15,-0.0003,5.0,0
FrontS85300,30.5805,7.3444,1.356e-17,1.558e-17,1.509e-17,0.0006,4.75,0
FrontS85301,30.5476,7.3968,6.463e-16,5.333e-16,2.637e-16,-0.0004,4.85,0
FrontS85302,30.5202,7.4414,5.708e-15,4.301e-15,1.798e-15,-0.0004,4.75,1
FrontS85303,30.5070,7.4811,1.098e-14,7.692e-15,2.697e-15,0.0011,4.84,0
FrontS85304,30.5814,7.5105,4.656e-16,9.195e-16,2.754e-15,0.0009,4.9,0
FrontS85305,30.4575,7.5676,4.356e-16,3.774e-16,1.965e-16,0.0011,4.74,0
FrontS85306,33.8200,6.9299,1.330e-16,1.281e-16,8.478e-17,0.0001,4.79,0
FrontS85307,30.4694,7.6799,6.160e-16,5.568e-16,3.295e-16,0.0004,4.78,0
FrontS85308,33.8803,6.8365,1.496e-15,1.160e-15,5.251e-16,0.001,4.81,0
FrontS85309,30.5798,7.7822,2.869e-14,2.037e-14,7.503e-15,0.0005,4.81,0
FrontS85310,33.7516,6.7269,3.505e-16,3.108e-16,1.749e-16,0.0008,4.86,0
FrontS85311,33.8631,6.6930,1.436e-17,1.587e-17,1.393e-17,0.0004,4.81,0
FrontS85312,33.7219,6.6246,3.162e-15,2.444e-15,1.067e-15,0.0009,4.83,1
FrontS85313,33.7190,6.5578,5.658e-16,4.559e-16,2.246e-16,0.0011,4.74,0
FrontS85314,33.7870,6.5142,3.996e-16,3.432e-16,1.860e-16,0.0,4.82,0
FrontS85315,30.5547,8.0802,3.137e-15,2.434e-15,1.081e-15,0.0003,5.09,1
FrontS85316,30.4082,8.1507,8.939e-15,6.728e-15,2.865e-15,0.0002,5.1,0
FrontS85317,30.4038,8.2088,6.380e-14,4.243e-14,1.344e-14,0.0009,4.85,0
FrontS85318,30.5672,8.2191,1.180e-14,8.343e-15,3.043e-15,0.0011,5.17,0
FrontS85319,30.5013,8.2753,2.130e-16,3.401e-16,6.427e-16,0.001,5.14,0
FrontS85320,30.5225,8.4044,2.373e-15,1.836e-15,8.123e-16,0.0009,5.12,1
FrontS85321,30.5549,8.3838,4.948e-15,3.394e-15,1.169e-15,0.0007,5.09,0
FrontS85322,33.6721,6.1282,1.067e-17,1.266e-17,1.272e-17,0.0003,4.54,0
FrontS85323,33.8515,5.9572,3.812e-17,3.968e-17,3.083e-17,0.0005,4.63,0
FrontS85324,33.5493,5.9628,4.047e-14,2.779e-14,9.724e-15,0.0014,4.5,0
FrontS85325,30.6752,8.7404,5.014e-15,3.726e-15,1.470e-15,0.0006,5.25,0
FrontS85326,33.3573,5.8735,1.692e-14,1.206e-14,4.462e-15,0.0012,4.49,0
FrontS85327,30.7079,8.8104,5.866e-15,4.399e-15,1.842e-15,0.0,5.33,1
FrontS85328,30.7322,8.8724,5.418e-15,4.219e-15,1.778e-15,0.0008,5.12,1
FrontS85329,31.0123,8.8552,8.819e-15,6.423e-15,2.420e-15,0.0006,5.23,0
FrontS85330,30.8218,8.9967,2.344e-16,3.888e-16,7.882e-16,0.0002,5.3,0
FrontS85331,33.1996,5.5636,2.216e-15,1.714e-15,7.528e-16,-0.0001,4.34,1
FrontS85332,33.3955,5.5392,1.613e-14,1.187e-14,4.474e-15,0.0009,4.4,0
FrontS85333,33.1593,5.4604,2.648e-15,2.090e-15,9.576e-16,0.0003,4.7,1
FrontS85334,33.2233,5.4804,1.102e-14,7.886e-15,3.043e-15,0.0001,4.42,0
FrontS85335,33.1079,5.2801,6.085e-17,6.045e-17,4.277e-17,0.0006,4.52,0
FrontS85336,32.9491,5.2554,5.686e-15,4.209e-15,1.660e-15,0.0004,4.5,0
FrontS85337,33.1507,5.2110,3.413e-15,2.762e-15,1.270e-15,0.0003,4.48,0
FrontS85338,32.9219,5.2263,2.884e-16,4.132e-16,6.077e-16,0.001,4.35,0
FrontS85339,31.9691,7.0979,2.649e-16,5.202e-16,1.531e-15,0.001,4.27,0
FrontS85340,31.9707,7.0912,1.086e-16,2.075e-16,5.719e-16,0.0007,4.38,0
FrontS85342,31.9067,7.0488,1.009e-19,1.676e-19,3.573e-19,-0.0005,4.23,0
FrontS85343,31.9578,7.0690,8.229e-14,5.460e-14,1.815e-14,0.0005,4.39,0
FrontS85345,31.8626,7.0584,4.011e-18,5.266e-18,6.539e-18,0.0007,4.35,0
FrontS85346,31.8630,7.0263,6.170e-16,5.495e-16,3.080e-16,0.001,4.13,0
FrontS85348,32.3568,7.5495,8.203e-18,9.535e-18,9.394e-18,0.0006,5.52,0
FrontS85350,31.8466,7.0316,3.230e-16,2.852e-16,1.582e-16,0.0009,4.3,0
FrontS85351,32.4405,7.4989,3.402e-18,4.711e-18,6.432e-18,0.0005,5.59,0
FrontS85352,32.4294,7.4927,7.039e-20,1.297e-19,3.318e-19,0.0011,5.4,0
FrontS85353,32.4410,7.5365,3.570e-15,2.825e-15,1.261e-15,0.0006,5.66,1
FrontS85354,31.7678,6.9607,5.671e-16,4.735e-16,2.314e-16,0.0011,4.25,0
FrontS85355,31.7254,6.9930,2.683e-16,2.596e-16,1.770e-16,0.0005,4.12,0
FrontS85356,32.4688,7.5548,1.222e-16,2.210e-16,5.293e-16,0.0003,5.71,0
FrontS85357,31.6861,6.9541,8.092e-16,6.424e-16,2.991e-16,0.0003,4.2,0
FrontS85358,32.5472,7.5785,1.980e-16,3.490e-16,8.100e-16,0.0005,5.47,0
FrontS85360,32.5458,7.5967,1.160e-16,1.062e-16,6.536e-17,0.0014,5.44,0
FrontS85361,31.6883,6.9505,2.682e-19,4.279e-19,7.837e-19,0.0011,4.18,0
FrontS85362,32.6075,7.5537,1.561e-16,1.510e-16,1.036e-16,-0.0003,5.47,0
FrontS85363,31.7075,6.9877,2.618e-18,3.462e-18,4.357e-18,0.0008,4.18,0
FrontS85364,31.6912,6.9573,1.430e-16,1.284e-16,7.579e-17,-0.0004,4.13,0
FrontS85365,32.6656,7.6365,2.200e-18,2.845e-18,3.518e-18,-0.0,5.53,0
FrontS85366,31.6265,6.9880,3.605e-19,5.630e-19,1.055e-18,0.0015,4.13,0
FrontS85367,32.6580,7.6309,1.003e-15,8.373e-16,4.227e-16,0.0006,5.48,0
FrontS85368,32.6924,7.5874,1.433e-11,1.084e-11,4.533e-12,-0.0002,5.32,1
FrontS85369,31.4716,6.9354,5.227e-16,4.697e-16,2.657e-16,-0.0002,4.22,0
FrontS85370,31.5379,6.8904,1.394e-16,2.888e-16,9.416e-16,0.001,4.15,0
FrontS85371,32.7916,7.5951,5.506e-18,6.850e-18,7.412e-18,0.0002,5.38,0
FrontS85372,32.7723,7.5771,1.030e-16,9.828e-17,6.482e-17,0.0008,5.53,0
FrontS85373,31.4389,6.8841,6.173e-17,6.251e-17,4.553e-17,0.0005,4.3,0
FrontS85376,32.9080,7.6048,6.570e-20,1.150e-19,2.587e-19,0.0004,5.24,0
FrontS85377,31.4179,6.8561,1.510e-16,2.543e-16,5.390e-16,0.0006,4.25,0
FrontS85378,32.8356,7.6363,1.030e-16,9.887e-17,6.457e-17,0.0007,5.57,0
FrontS85379,32.8343,7.6371,2.973e-16,2.664e-16,1.536e-16,0.0005,5.39,0
FrontS85380,32.9465,7.6122,5.968e-16,8.877e-16,1.438e-15,0.0008,5.26,0
FrontS85382,31.3183,7.0254,1.724e-16,2.793e-16,5.542e-16,0.0012,4.53,0
FrontS85383,31.4133,6.9542,2.725e-15,2.151e-15,9.574e-16,0.0006,4.44,1
FrontS85384,32.9846,7.5994,5.342e-15,4.016e-15,1.652e-15,0.0003,5.36,0
FrontS85385,33.0281,7.5948,1.684e-14,1.218e-14,4.421e-15,-0.0001,5.45,0
FrontS85386,33.0753,7.6177,1.121e-16,2.124e-16,5.962e-16,0.0008,5.29,0
FrontS85387,32.9641,7.5520,2.253e-16,1.954e-16,1.085e-16,0.0005,5.21,0
FrontS85388,31.2951,6.9751,1.898e-15,1.454e-15,6.308e-16,0.0012,4.37,1
FrontS85390,33.0388,7.5840,6.919e-12,4.876e-12,1.750e-12,0.0009,5.26,0
FrontS85391,32.9942,7.5321,1.288e-15,3.450e-15,1.896e-14,0.0008,5.29,0
FrontS85392,33.1287,7.5535,3.952e-16,5.990e-16,1.020e-15,0.0001,5.37,0
FrontS85393,33.1337,7.5583,1.447e-14,1.045e-14,3.874e-15,0.0005,5.16,0
FrontS85394,33.0744,7.5518,2.559e-18,3.290e-18,3.855e-18,0.0006,5.29,0
FrontS85395,33.1238,7.5888,5.262e-15,3.835e-15,1.521e-15,0.0006,5.21,0
FrontS85396,33.2005,7.4872,8.767e-12,7.470e-12,3.929e-12,0.0007,5.13,1
FrontS85397,33.2031,7.4789,3.982e-16,6.967e-16,1.628e-15,0.0004,5.17,0
FrontS85398,31.0591,7.0535,6.592e-19,1.005e-18,1.673e-18,-0.0001,4.51,0
FrontS85399,33.1510,7.5206,6.320e-16,5.372e-16,2.741e-16,0.0008,5.22,0
FrontS85400,31.1397,7.0462,3.808e-17,4.009e-17,3.216e-17,0.0008,4.46,0
FrontS85401,31.0836,7.0753,3.418e-20,7.159e-20,2.341e-19,0.0001,4.41,0
FrontS85402,30.9898,7.0545,1.932e-15,1.554e-15,7.098e-16,0.0012,4.6,0
FrontS85403,30.9458,7.1556,4.503e-17,4.852e-17,4.085e-17,0.0007,4.7,0
FrontS85404,33.1481,7.4621,6.681e-16,5.201e-16,2.248e-16,0.0001,5.3,0
FrontS85405,33.1701,7.4639,1.751e-18,2.380e-18,3.226e-18,-0.001,5.37,0
FrontS85406,33.3764,7.4226,2.372e-19,4.102e-19,9.133e-19,0.0013,5.1,0
FrontS85407,31.0472,7.0733,9.871e-18,1.145e-17,1.114e-17,0.0004,4.46,0
FrontS85408,33.4679,7.3938,3.860e-18,4.831e-18,5.473e-18,0.0004,5.11,0
FrontS85409,30.9871,7.1502,3.685e-16,5.361e-16,8.490e-16,-0.0,4.63,0
FrontS85411,33.3117,7.3361,4.009e-18,4.964e-18,5.486e-18,0.0011,5.14,0
FrontS85413,30.7601,7.2234,6.388e-18,7.719e-18,8.187e-18,0.0005,4.75,0
FrontS85414,33.4768,7.3164,4.519e-19,6.825e-19,1.167e-18,-0.0004,5.07,0
FrontS85415,33.4805,7.2887,8.657e-17,8.611e-17,5.992e-17,0.0005,4.95,0
FrontS85416,30.7421,7.2667,7.311e-16,1.267e-15,2.837e-15,0.0002,4.55,0
FrontS85417,33.5337,7.2959,9.555e-16,7.526e-16,3.398e-16,0.0003,5.08,0
FrontS85418,30.8632,7.2968,1.098e-15,8.717e-16,4.065e-16,0.0015,4.83,0
FrontS85419,33.3552,7.2678,1.402e-16,2.369e-16,4.977e-16,0.001,5.14,0
FrontS85420,33.4078,7.2186,1.203e-16,2.287e-16,6.200e-16,0.0005,4.97,0
FrontS85421,30.7251,7.3634,1.234e-14,9.214e-15,3.647e-15,-0.0001,4.71,0
FrontS85422,30.8248,7.3502,7.493e-17,7.198e-17,4.911e-17,0.0006,4.8,0
FrontS85423,30.6526,7.4012,8.354e-12,6.315e-12,2.591e-12,0.0002,4.88,1
FrontS85424,33.6555,7.1265,2.636e-16,4.556e-16,9.951e-16,0.0013,4.86,0
FrontS85425,33.5987,7.1333,2.252e-12,1.470e-12,4.510e-13,0.0013,4.86,0
FrontS85426,33.5870,7.0961,3.560e-15,2.606e-15,1.022e-15,0.0003,4.95,0
FrontS85427,33.3768,7.1170,2.707e-15,2.206e-15,1.041e-15,0.0,4.93,0
FrontS85428,30.6788,7.4608,4.534e-17,4.856e-17,4.170e-17,0.0009,4.84,0
FrontS85429,33.5007,7.0382,1.639e-16,1.571e-16,1.041e-16,0.0007,4.86,0
FrontS85430,30.3453,7.5548,1.357e-15,1.106e-15,5.204e-16,0.0007,4.83,0
FrontS85432,33.5677,7.0067,8.047e-17,1.272e-16,2.462e-16,0.0,5.04,0
FrontS85433,33.7298,6.9655,4.944e-20,3.269e-20,1.021e-20,-0.0005,4.84,0
FrontS85434,30.5915,7.5717,1.703e-19,2.765e-19,5.641e-19,0.0001,4.85,0
FrontS85435,30.6411,7.5954,2.084e-19,3.514e-19,7.268e-19,0.0006,4.91,0
FrontS85436,30.7130,7.6611,2.248e-17,2.430e-17,1.983e-17,0.0005,4.92,0
FrontS85437,33.4937,6.9365,5.112e-17,5.214e-17,3.929e-17,0.0006,4.86,0
FrontS85438,30.6382,7.6554,5.641e-17,5.697e-17,4.320e-17,0.0009,4.92,0
FrontS85439,33.5846,6.8708,4.346e-15,3.250e-15,1.303e-15,0.0015,4.94,0
FrontS85440,33.5160,6.8284,1.199e-16,1.128e-16,7.397e-17,0.0002,4.7,0
FrontS85441,30.5561,7.7539,5.013e-12,3.474e-12,1.161e-12,0.0008,4.99,0
FrontS85442,30.5260,7.7589,2.754e-20,5.583e-20,1.740e-19,0.0006,4.94,0
FrontS85443,33.6882,6.7136,1.668e-18,2.348e-18,3.345e-18,0.0007,4.73,0
FrontS85444,33.6663,6.7346,8.638e-15,6.492e-15,2.593e-15,0.001,4.68,0
FrontS85447,33.6857,6.6059,3.315e-16,2.968e-16,1.740e-16,0.0002,4.8,0
FrontS85448,33.7373,6.6281,1.925e-16,2.920e-16,5.045e-16,0.0003,4.73,0
FrontS85449,33.4580,6.5288,1.016e-14,7.265e-15,2.678e-15,-0.0,4.66,0
FrontS85450,33.5598,6.5636,1.133e-16,1.038e-16,6.354e-17,0.0003,4.55,0
FrontS85451,30.8093,7.9986,4.281e-15,3.205e-15,1.276e-15,-0.0001,5.13,0
FrontS85452,33.6816,6.5087,1.649e-16,1.428e-16,7.656e-17,0.0011,4.44,0
FrontS85456,33.4657,6.4476,5.044e-17,5.794e-17,5.326e-17,0.0001,4.64,0
FrontS85457,30.3848,8.1232,1.868e-11,1.441e-11,6.313e-12,0.0005,5.04,1
FrontS85458,33.3889,6.3585,2.021e-16,3.368e-16,6.730e-16,0.0018,4.64,0
FrontS85459,33.5578,6.3472,7.998e-16,6.280e-16,2.724e-16,0.0003,4.73,0
FrontS85460,33.5896,6.2917,1.326e-16,3.065e-16,1.267e-15,0.0007,4.48,0
FrontS85462,33.2998,6.2545,5.921e-20,1.128e-19,3.123e-19,0.0008,4.56,0
FrontS85463,33.5678,6.3869,7.531e-20,1.381e-19,3.440e-19,0.0007,4.56,0
FrontS85464,33.4294,6.3345,1.614e-14,1.189e-14,4.644e-15,0.0003,4.63,0
FrontS85465,30.7192,8.2916,3.894e-18,5.203e-18,6.655e-18,-0.0002,5.2,0
FrontS85466,30.6074,8.3426,3.223e-18,3.999e-18,4.334e-18,0.0005,5.1,0
FrontS85467,30.7265,8.4388,1.935e-14,1.376e-14,5.096e-15,0.0006,5.27,0
FrontS85468,33.4690,6.1189,8.184e-19,1.150e-18,1.666e-18,0.0001,4.55,0
FrontS85469,30.6632,8.4540,9.614e-16,7.661e-16,3.508e-16,-0.0002,5.12,0
FrontS85470,33.4237,6.2091,1.110e-16,1.022e-16,6.387e-17,-0.0004,4.57,0
FrontS85471,33.3045,6.0789,3.639e-16,7.417e-16,2.329e-15,0.0009,4.56,0
FrontS85472,33.3938,6.0033,3.475e-15,2.701e-15,1.163e-15,0.0004,4.57,1
FrontS85473,30.8981,8.4798,4.578e-16,6.823e-16,1.128e-15,-0.0002,5.28,0
FrontS85474,33.4996,5.8719,1.659e-15,1.344e-15,6.339e-16,0.0007,4.66,0
FrontS85475,33.4042,5.8763,1.655e-17,1.882e-17,1.791e-17,0.0002,4.49,0
FrontS85476,33.3848,5.9251,3.962e-12,2.698e-12,9.020e-13,0.0001,4.55,0
FrontS85478,31.0544,8.6605,4.584e-16,3.862e-16,1.989e-16,0.0004,5.19,0
FrontS85479,33.0543,5.7487,3.763e-18,4.682e-18,5.248e-18,0.0008,4.37,0
FrontS85480,30.9651,8.7452,2.541e-16,2.302e-16,1.330e-16,0.0002,5.18,0
FrontS85481,31.0799,8.8753,6.686e-16,5.389e-16,2.542e-16,0.0004,5.38,0
FrontS85482,30.9490,8.9391,4.936e-17,5.226e-17,4.150e-17,0.0008,5.13,0
FrontS85483,31.0695,8.6713,3.324e-20,6.381e-20,1.783e-19,0.0,5.2,0
FrontS85484,31.0444,8.9828,6.940e-17,6.714e-17,4.530e-17,-0.0002,5.28,0
FrontS85485,33.4080,5.7768,7.766e-16,6.725e-16,3.600e-16,-0.0001,4.49,0
FrontS85486,33.2264,5.3692,8.979e-19,1.428e-18,2.632e-18,0.0002,4.36,0
FrontS85487,33.1553,5.6424,4.267e-18,5.471e-18,6.541e-18,0.0004,4.42,0
FrontS85489,30.9855,9.0057,1.620e-16,1.514e-16,9.214e-17,0.0003,5.25,0
FrontS85490,33.0080,5.5170,1.567e-11,1.228e-11,5.528e-12,0.0009,4.45,1
FrontS85491,31.1868,9.2695,8.447e-17,8.667e-17,6.332e-17,-0.0006,5.09,0
FrontS85492,31.3561,8.8872,5.102e-20,9.686e-20,2.622e-19,-0.0003,5.2,0
FrontS85493,33.0024,5.4750,2.235e-16,4.047e-16,1.011e-15,0.0001,4.21,0
FrontS85494,31.1839,9.1426,2.965e-16,2.644e-16,1.532e-16,-0.0001,5.12,0
FrontS85495,32.9779,5.4100,6.451e-15,4.868e-15,1.909e-15,0.0005,4.38,0
FrontS85496,32.8541,5.1805,1.441e-20,2.924e-20,9.452e-20,0.0008,4.46,0
FrontS85497,31.3430,9.1588,2.306e-20,4.686e-20,1.460e-19,0.0005,5.25,0
FrontS85499,31.4413,9.1912,2.737e-20,5.518e-20,1.655e-19,0.0016,5.24,0
FrontS85500,31.4204,9.1713,3.169e-17,3.673e-17,3.437e-17,0.0005,5.32,0
FrontS85501,32.9538,5.2415,1.349e-20,2.820e-20,9.313e-20,0.0006,4.39,0
FrontS85503,31.4788,9.6061,3.449e-17,3.638e-17,2.993e-17,0.0008,5.4,0
FrontS85505,32.7473,5.0785,2.648e-19,4.281e-19,8.361e-19,0.0009,4.43,0
FrontS85506,31.6326,9.3485,6.947e-16,5.603e-16,2.519e-16,0.0009,5.28,0
FrontS85507,31.6719,9.3822,3.060e-15,2.382e-15,1.041e-15,0.0009,5.47,1
FrontS85508,32.4122,4.9082,1.293e-16,2.380e-16,6.037e-16,0.0007,4.54,0
FrontS85509,31.6184,9.4831,7.287e-15,5.387e-15,2.096e-15,0.0003,5.42,0
FrontS85510,32.4156,4.8353,9.990e-12,1.048e-11,8.151e-12,-0.0006,4.46,1
FrontS85511,31.8088,9.8987,1.402e-18,1.852e-18,2.407e-18,0.0005,5.35,0
FrontS85512,32.4962,5.0010,5.273e-16,1.027e-15,2.977e-15,0.0003,4.38,0
FrontS85513,31.7687,9.6060,3.134e-15,2.436e-15,1.070e-15,0.0008,5.34,1
FrontS88369,42.2364,5.1538,1.504e-16,1.366e-16,8.223e-17,0.0001,-1.0,0
FrontS88373,42.4760,6.4277,1.695e-19,2.590e-19,4.400e-19,-0.0001,-0.05,0
FrontS88375,43.2064,6.2823,6.223e-17,5.805e-17,3.710e-17,0.0003,-0.22,0
FrontS88376,42.9154,6.1403,1.754e-20,3.550e-20,1.098e-19,0.0004,-0.28,0
FrontS88377,43.6222,6.5568,1.014e-19,1.752e-19,3.988e-19,0.0008,0.16,0
FrontS88381,42.6824,6.4752,1.607e-16,1.447e-16,8.612e-17,0.0015,0.27,0
FrontS88383,42.4048,6.4536,2.598e-20,4.513e-20,1.074e-19,0.0004,0.44,0
FrontS88384,42.1528,6.1876,4.562e-18,5.661e-18,6.295e-18,0.0003,-0.3,0
FrontS88385,41.7333,6.9705,2.083e-17,2.227e-17,1.775e-17,0.0006,0.95,0
FrontS88387,43.2989,6.3616,1.806e-17,1.980e-17,1.671e-17,0.0004,-0.03,0
FrontS88389,41.0994,6.2298,1.598e-18,2.092e-18,2.681e-18,0.0006,0.41,0
FrontS88392,42.5005,6.7073,1.935e-20,3.736e-20,1.079e-19,-0.0003,0.95,0
FrontS88394,42.3277,6.0877,1.670e-17,1.755e-17,1.421e-17,0.0001,-0.53,0
FrontS88397,44.4910,7.7465,8.818e-19,1.222e-18,1.698e-18,-0.0002,0.75,0
FrontS88398,43.2821,6.8268,4.359e-20,7.454e-20,1.621e-19,-0.0002,0.57,0
FrontS88401,42.4420,6.4014,3.993e-16,3.328e-16,1.670e-16,0.0008,-0.02,0
FrontS88402,42.4106,6.5913,2.206e-18,2.938e-18,3.875e-18,0.0011,0.75,0
FrontS88403,42.2978,6.4949,1.161e-20,2.422e-20,8.022e-20,0.0011,0.61,0
FrontS88404,42.1828,5.7658,1.161e-16,1.085e-16,6.981e-17,0.0011,-0.51,0
FrontS88405,42.3984,6.6735,3.183e-16,6.068e-16,1.739e-15,0.0006,0.93,0
FrontS88408,43.6192,6.6545,1.013e-19,1.731e-19,3.777e-19,0.0008,0.17,0
FrontS88409,42.3652,5.1656,5.066e-19,7.310e-19,1.119e-18,0.0003,-0.97,0
FrontS88411,42.3825,6.3940,1.235e-18,1.721e-18,2.359e-18,0.0009,0.06,0
FrontS88413,42.3037,6.5290,5.657e-18,7.080e-18,8.198e-18,0.0008,0.61,0
FrontS88414,40.7388,6.5899,2.089e-18,2.740e-18,3.596e-18,-0.0005,0.61,0
FrontS88415,42.2163,6.0348,2.320e-20,4.588e-20,1.343e-19,0.0004,-0.42,0
FrontS88417,43.2573,7.5271,9.450e-19,1.244e-18,1.607e-18,0.0007,1.06,0
FrontS88418,43.4700,5.8037,5.495e-17,1.062e-16,2.921e-16,0.0006,-0.56,0
FrontS88419,42.6294,6.4384,4.220e-16,7.617e-16,1.878e-15,0.0012,0.22,0
FrontS88422,40.8030,6.7138,2.454e-19,4.080e-19,8.301e-19,-0.0001,0.8,0
FrontS88425,43.2789,6.4998,2.581e-19,4.102e-19,7.647e-19,0.0002,0.11,0
FrontS88426,42.0073,6.3891,3.991e-17,4.056e-17,2.914e-17,0.0012,0.25,0
FrontS88427,42.4200,6.4427,1.548e-20,3.273e-20,1.121e-19,0.0012,0.31,0
FrontS88430,41.8126,6.5706,8.822e-20,1.467e-19,3.110e-19,0.0007,0.63,0
FrontS88431,42.4929,6.4596,8.944e-19,1.219e-18,1.697e-18,0.0004,0.36,0
FrontS88432,41.9507,6.7215,1.658e-12,1.153e-12,4.121e-13,0.001,0.85,0
FrontS88434,42.4564,5.5349,3.807e-19,5.626e-19,8.977e-19,0.0,-0.69,0
FrontS88435,42.6615,6.5213,2.276e-18,2.907e-18,3.351e-18,-0.0001,0.49,0
FrontS88436,42.7506,5.8949,1.507e-16,2.256e-16,3.707e-16,0.0012,-0.54,0
FrontS88437,42.2434,6.5158,8.815e-18,9.755e-18,9.073e-18,0.0008,0.55,0
FrontS88442,44.0055,6.2993,7.337e-20,1.277e-19,2.958e-19,0.0007,0.03,0
FrontS88443,42.8752,7.1580,5.979e-18,7.010e-18,7.148e-18,0.0002,1.34,0
FrontS88446,43.0007,6.8564,5.401e-17,5.244e-17,3.496e-17,0.0003,0.66,0
FrontS88447,42.1951,6.4760,6.107e-16,4.977e-16,2.474e-16,0.0007,0.43,0
FrontS88448,42.3457,6.4702,3.581e-19,5.315e-19,8.864e-19,0.0003,0.53,0
FrontS88449,42.2632,6.0242,1.445e-18,1.892e-18,2.362e-18,0.0005,-0.47,0
FrontS88450,42.3790,6.6314,2.943e-16,6.043e-16,1.940e-15,0.0002,0.85,0
FrontS88451,42.3306,8.7523,7.124e-20,1.257e-19,2.891e-19,0.0004,1.66,0
FrontS88452,42.2127,6.4287,2.227e-17,2.316e-17,1.829e-17,0.0002,0.24,0
FrontS88454,42.5141,6.3298,2.089e-20,4.135e-20,1.217e-19,0.0002,-0.17,0
FrontS88460,42.2744,6.7800,3.010e-19,4.858e-19,9.389e-19,-0.0,0.98,0
FrontS88461,42.0406,5.7033,9.482e-18,1.149e-17,1.180e-17,0.0008,-0.55,0
FrontS88462,42.5270,6.3054,1.364e-17,1.513e-17,1.304e-17,-0.0005,-0.27,0
FrontS88463,43.1192,5.9511,2.887e-16,2.402e-16,1.194e-16,0.0002,-0.5,0
FrontS88468,42.4743,6.3497,1.567e-20,3.224e-20,1.043e-19,0.0003,-0.29,0
FrontS88469,42.6634,7.8759,1.246e-16,1.845e-16,2.924e-16,0.0011,1.13,0
FrontS88470,42.2276,6.2936,7.553e-17,1.318e-16,3.071e-16,0.0003,-0.16,1
FrontS88471,42.4688,6.5173,1.009e-17,1.124e-17,1.013e-17,0.0006,0.64,0
FrontS88473,42.2195,6.3724,3.877e-19,6.441e-19,1.303e-18,-0.0008,-0.01,0
FrontS88474,42.4310,6.2514,2.308e-16,2.108e-16,1.222e-16,0.0008,-0.37,0
FrontS88475,42.3070,6.1797,3.353e-19,5.149e-19,9.129e-19,0.0005,-0.33,0
FrontS88477,42.3126,6.5017,8.168e-18,9.333e-18,9.152e-18,0.0011,0.58,0
FrontS88478,41.9862,6.0610,8.616e-17,8.635e-17,6.229e-17,0.0008,-0.37,0
FrontS88479,42.4087,6.4092,1.730e-16,2.774e-16,5.322e-16,0.0008,-0.0,0
FrontS88481,42.4353,6.2797,4.449e-18,5.469e-18,6.059e-18,0.0007,-0.42,0
FrontS88482,42.8413,5.8275,1.992e-17,2.226e-17,2.040e-17,0.0006,-0.72,0
FrontS88483,42.7688,6.6839,5.827e-20,1.070e-19,2.796e-19,0.0004,0.74,0
FrontS88484,42.4834,6.4510,1.588e-20,3.227e-20,1.037e-19,-0.0001,0.37,0
FrontS88485,42.2519,5.1625,1.359e-20,2.997e-20,1.101e-19,0.0009,-0.72,0
FrontS88486,42.6363,6.4265,1.516e-16,2.928e-16,7.995e-16,0.0014,0.13,0
FrontS88487,41.8780,6.1019,2.928e-17,3.188e-17,2.625e-17,0.0002,-0.16,0
FrontS88488,42.3188,8.2475,6.853e-18,8.395e-18,9.035e-18,0.0003,1.62,0
FrontS88490,42.3718,6.5840,7.307e-20,1.292e-19,3.038e-19,0.0004,0.78,0
FrontS88491,42.0934,6.1162,3.466e-19,4.832e-19,6.804e-19,0.0006,-0.19,0
FrontS88492,43.0521,4.8850,1.672e-18,2.225e-18,2.824e-18,0.0003,-1.05,0
FrontS88493,42.3897,6.7525,6.095e-18,7.295e-18,7.733e-18,0.0001,0.94,0
FrontS88494,42.4543,6.4294,3.819e-16,3.219e-16,1.661e-16,0.0006,0.15,0
FrontS88499,42.4771,6.6469,7.505e-19,1.098e-18,1.743e-18,0.0002,0.87,0
FrontS88500,42.9815,6.1065,4.861e-18,5.655e-18,5.580e-18,-0.0002,-0.42,0
FrontS88501,41.7557,6.5548,1.059e-15,2.051e-15,5.846e-15,0.001,0.53,0
FrontS88502,42.3049,6.3617,1.219e-19,2.022e-19,4.305e-19,0.0008,0.14,0
FrontS88503,42.7270,6.4725,4.291e-18,5.089e-18,5.214e-18,0.0003,0.16,0
FrontS88504,42.9107,6.5004,6.509e-18,7.209e-18,6.234e-18,0.0,0.35,0
FrontS88505,42.8292,5.2199,1.102e-20,2.227e-20,6.845e-20,0.0008,-0.77,0
FrontS88507,42.8718,6.5531,5.908e-20,9.675e-20,2.002e-19,0.0005,0.25,0
FrontS88510,42.0632,6.5524,1.905e-16,3.383e-16,7.936e-16,0.0008,0.76,0
FrontS88511,42.4689,6.4795,4.582e-17,4.509e-17,3.258e-17,0.0015,0.5,0
FrontS88514,43.6814,6.3360,7.062e-19,1.027e-18,1.580e-18,0.0013,0.08,0
FrontS88520,42.3280,7.1400,1.494e-19,2.600e-19,5.830e-19,0.0001,1.47,0
FrontS88521,42.4387,5.6334,7.284e-20,1.249e-19,2.796e-19,0.0009,-1.03,0
FrontS88522,41.4290,6.5513,1.031e-16,1.705e-16,3.436e-16,0.0007,0.84,0
FrontS88527,41.4598,7.0722,5.236e-20,9.491e-20,2.362e-19,0.0006,1.28,0
FrontS88529,43.4562,6.2226,1.631e-16,2.940e-16,6.904e-16,0.0005,-0.23,0
FrontS88530,40.6378,6.2086,1.126e-18,1.532e-18,2.081e-18,0.0008,0.35,0
FrontS88534,43.3401,6.8319,1.261e-19,2.083e-19,4.367e-19,-0.0,0.55,0
FrontS88539,41.2541,6.9770,8.304e-18,9.769e-18,9.585e-18,0.0006,0.82,0
FrontS88540,42.6393,6.7441,1.668e-19,2.846e-19,6.187e-19,0.0007,0.88,0
FrontS88544,42.2610,6.4625,4.252e-17,4.362e-17,3.408e-17,0.0007,0.36,0
FrontS88545,42.6156,6.5065,2.058e-16,1.831e-16,1.069e-16,0.0003,0.49,0
FrontS88546,41.6090,4.9230,6.851e-20,1.160e-19,2.497e-19,0.0002,-1.02,0
FrontS88548,42.2834,6.5802,1.799e-17,1.991e-17,1.793e-17,0.001,0.73,0
FrontS88552,43.6285,6.3148,7.926e-19,1.099e-18,1.555e-18,-0.0,-0.3,0
FrontS88553,41.9704,6.7092,4.550e-17,4.642e-17,3.364e-17,-0.0001,0.77,0
FrontS88554,43.2827,5.4849,6.471e-19,9.154e-19,1.348e-18,0.0002,-0.69,0
FrontS88555,42.4389,6.0962,1.817e-18,2.359e-18,2.993e-18,0.0002,-0.6,0
FrontS88556,42.5140,6.4673,1.584e-20,3.164e-20,9.232e-20,0.0006,0.32,0
FrontS88559,42.3058,6.4540,5.404e-18,6.094e-18,5.640e-18,0.0003,0.36,0
FrontS88560,42.6429,6.1398,1.035e-19,1.742e-19,3.693e-19,-0.0,-0.36,0
FrontS88561,41.8767,6.5571,1.061e-18,1.394e-18,1.810e-18,0.0006,0.68,0
FrontS88563,41.2716,5.8333,3.959e-20,7.664e-20,2.159e-19,0.0003,-0.2,0
FrontS88564,42.2978,4.2908,5.027e-18,6.326e-18,7.176e-18,0.0007,-1.15,0
FrontS88565,42.8538,6.9109,2.183e-16,1.965e-16,1.149e-16,0.0003,1.13,0
FrontS88566,41.9611,6.9011,8.350e-19,1.152e-18,1.639e-18,0.0002,1.05,0
FrontS88567,42.4749,6.6361,7.582e-20,1.250e-19,2.538e-19,0.0008,0.86,0
FrontS88568,42.7033,6.6036,2.608e-19,4.127e-19,7.888e-19,0.0009,0.52,0
FrontS88571,42.5508,6.4443,6.771e-18,7.880e-18,7.878e-18,0.0006,0.25,0
FrontS88572,42.6660,6.6169,4.505e-19,6.843e-19,1.220e-18,0.0009,0.72,0
FrontS88579,42.5266,6.4229,3.059e-16,7.436e-16,3.474e-15,0.0001,0.04,0
FrontS88580,42.2765,6.0152,9.148e-17,8.223e-17,4.952e-17,0.0005,-0.43,0
FrontS88581,41.7064,6.1141,3.446e-19,5.382e-19,9.723e-19,0.0005,-0.13,0
FrontS88582,43.4391,6.4912,6.637e-18,7.873e-18,8.224e-18,0.0003,0.44,0
FrontS88583,40.7480,7.2495,3.681e-19,5.766e-19,1.069e-18,0.0008,1.24,0
FrontS88584,41.6977,4.6463,8.525e-19,1.207e-18,1.799e-18,0.0005,-1.04,0
FrontS88586,42.9007,6.1459,4.083e-19,6.117e-19,1.020e-18,-0.0001,-0.58,0
FrontS88588,42.3750,6.4540,8.888e-19,1.263e-18,1.867e-18,0.0006,0.61,0
FrontS88589,42.3127,7.2433,9.619e-20,1.653e-19,3.726e-19,0.0006,1.31,0
FrontS88592,42.4321,6.3771,4.811e-20,8.705e-20,2.146e-19,0.0007,-0.1,0
FrontS88594,42.1182,6.8716,3.249e-19,5.043e-19,8.840e-19,0.0009,1.08,0
FrontS88595,42.7097,6.4440,8.065e-18,9.173e-18,8.514e-18,0.0001,0.28,0
FrontS88599,43.0770,6.7957,6.241e-20,1.179e-19,3.212e-19,0.0007,0.87,0
FrontS88602,41.7531,5.7836,2.886e-20,5.366e-20,1.422e-19,-0.0005,-0.46,0
FrontS88604,42.5736,6.7242,2.354e-17,2.426e-17,1.844e-17,0.0006,0.87,0
FrontS88606,42.1364,6.7850,1.480e-16,1.337e-16,7.958e-17,0.0004,0.98,0
FrontS88607,42.2776,6.8272,1.583e-19,2.607e-19,5.178e-19,0.001,1.11,0
FrontS88608,42.0620,6.4375,4.458e-18,5.772e-18,7.015e-18,0.0003,0.56,0
FrontS88611,42.3666,6.4296,1.890e-20,3.452e-20,8.817e-20,0.0004,0.25,0
FrontS88612,42.1304,6.1066,4.032e-17,4.091e-17,3.086e-17,0.0002,-0.21,0
FrontS88613,41.9806,6.7868,2.383e-20,4.615e-20,1.242e-19,0.0009,0.88,0
FrontS88614,41.4944,6.1052,2.378e-20,4.431e-20,1.158e-19,0.0005,-0.02,0
FrontS88615,42.1213,6.3245,1.292e-20,2.721e-20,9.144e-20,-0.0006,0.08,0
FrontS88618,41.1710,6.7216,1.544e-16,2.354e-16,4.024e-16,0.001,0.9,0
FrontS88619,42.8479,6.3863,1.202e-19,1.976e-19,3.925e-19,0.0006,-0.07,0
FrontS88620,42.3507,7.1904,3.121e-18,3.697e-18,3.792e-18,0.0001,1.33,0
FrontS88624,42.6205,6.3857,4.403e-19,7.017e-19,1.355e-18,0.0005,-0.01,0
FrontS88625,43.0154,6.5918,7.155e-12,5.879e-12,2.738e-12,0.0003,0.3,1
FrontS88628,41.2173,5.5426,1.123e-16,2.185e-16,6.225e-16,0.0009,-0.07,0
FrontS88630,42.5646,6.4575,1.825e-14,6.272e-14,5.957e-13,0.001,0.29,0
FrontS88631,41.5629,7.3961,1.028e-18,1.452e-18,2.180e-18,0.0002,1.13,0
FrontS88632,42.8263,6.2837,1.676e-19,2.629e-19,4.955e-19,0.0002,-0.35,1
FrontS88633,41.4144,6.6301,6.504e-18,7.854e-18,8.227e-18,0.0008,0.75,0
FrontS88635,42.8179,6.6368,4.512e-16,3.692e-16,1.778e-16,0.0002,0.74,0
FrontS88636,42.5137,5.5606,6.261e-12,4.474e-12,1.612e-12,0.0007,-0.65,0
FrontS88638,42.1774,6.3120,3.320e-16,7.900e-16,3.520e-15,0.001,-0.05,0
FrontS88639,42.2731,8.4117,3.902e-18,4.774e-18,5.238e-18,0.0003,1.71,0
FrontS88640,42.9066,6.2720,1.924e-19,3.199e-19,6.585e-19,0.0007,-0.28,0
FrontS88641,42.7645,5.6497,1.163e-19,1.932e-19,3.968e-19,0.001,-0.6,0
FrontS88643,42.8534,6.8297,2.692e-17,2.771e-17,2.130e-17,0.0001,1.01,0
FrontS88644,42.3589,6.4138,5.192e-19,7.494e-19,1.164e-18,0.0001,0.27,0
FrontS88645,42.1044,5.6830,2.463e-16,3.660e-16,5.879e-16,0.0003,-0.75,0
FrontS88647,42.5608,6.4558,1.841e-19,2.944e-19,5.786e-19,0.001,0.24,0
FrontS88649,42.4169,6.4331,3.716e-20,6.822e-20,1.743e-19,-0.0005,-0.01,0
FrontS88651,42.5731,6.4747,5.448e-17,5.342e-17,3.864e-17,-0.0002,0.33,0
FrontS88652,42.4482,6.4963,1.178e-19,2.033e-19,4.605e-19,0.0004,0.68,0
FrontS88656,41.8858,6.8886,7.794e-18,8.790e-18,8.357e-18,0.0005,0.85,0
FrontS88658,42.3755,6.4081,2.235e-18,2.943e-18,3.837e-18,0.0011,0.08,0
FrontS88659,42.9863,6.3415,5.160e-12,3.580e-12,1.279e-12,0.0012,0.01,0
FrontS88661,42.6798,6.5705,3.361e-17,3.567e-17,2.890e-17,0.0001,0.38,0
FrontS88662,43.0022,6.3723,2.566e-16,2.288e-16,1.317e-16,0.0005,-0.24,0
FrontS88663,42.5220,6.5066,3.304e-16,2.960e-16,1.732e-16,0.0001,0.59,0
FrontS88664,42.2229,6.4981,4.074e-16,3.469e-16,1.828e-16,0.0001,0.54,0
FrontS88665,43.4182,6.5171,3.357e-16,7.815e-16,3.312e-15,0.0011,0.2,0
FrontS88666,42.9127,6.8575,8.494e-17,1.324e-16,2.310e-16,-0.0003,0.64,0
FrontS88667,42.5686,6.4676,1.387e-16,1.211e-16,6.766e-17,0.0014,0.51,0
FrontS88669,42.0154,6.4671,6.479e-17,6.191e-17,4.208e-17,0.0007,0.52,0
FrontS88670,42.9139,6.4496,2.910e-19,4.144e-19,6.502e-19,0.0005,0.09,0
FrontS88672,42.6824,6.2300,2.350e-17,2.502e-17,2.076e-17,0.0006,-0.23,0
FrontS88673,41.8846,6.4200,1.497e-16,3.139e-16,1.057e-15,0.0011,0.32,0
FrontS88674,43.0307,7.0091,1.236e-16,1.866e-16,3.084e-16,0.0002,0.99,0
FrontS88676,42.6394,6.4641,6.715e-17,6.628e-17,4.824e-17,-0.0006,0.33,0
FrontS88678,42.5242,6.6990,3.118e-18,3.781e-18,4.018e-18,0.0004,1.03,0
FrontS88679,41.7135,6.8144,1.322e-15,1.032e-15,4.453e-16,0.0008,0.87,1
FrontS88682,42.2070,6.5704,1.711e-16,1.604e-16,9.878e-17,0.0009,0.63,0
FrontS88683,42.8598,6.6012,2.886e-16,2.441e-16,1.281e-16,0.0008,0.58,0
FrontS88684,42.6599,6.8156,1.686e-19,2.809e-19,5.809e-19,0.0005,0.97,0
FrontS88685,42.5756,6.9287,1.746e-16,1.613e-16,9.787e-17,-0.0,1.01,0
FrontS88687,42.5643,6.4433,9.962e-17,9.272e-17,5.820e-17,0.0009,0.39,0
FrontS88688,41.9355,6.1974,1.825e-17,2.024e-17,1.858e-17,-0.0005,-0.08,0
FrontS88689,41.9279,6.7256,4.016e-17,3.965e-17,2.845e-17,0.0016,1.07,0
FrontS88690,42.7556,6.1221,1.264e-16,1.147e-16,6.775e-17,0.0005,-0.59,0
FrontS88691,42.3020,6.2443,1.036e-18,1.342e-18,1.692e-18,0.0016,-0.16,0
FrontS88692,42.5948,6.1960,1.188e-20,2.319e-20,6.895e-20,0.0011,-0.43,0
FrontS88693,41.9310,6.2655,2.777e-18,3.661e-18,4.508e-18,0.0007,0.14,0
FrontS88694,42.0408,6.4787,1.118e-17,1.257e-17,1.133e-17,0.0004,0.54,0
FrontS88695,42.9770,6.9850,5.416e-16,4.737e-16,2.581e-16,0.001,0.92,0
FrontS88696,42.0776,6.0820,6.812e-17,6.314e-17,3.942e-17,0.0001,-0.5,0
FrontS88698,41.9946,6.3029,3.303e-17,3.336e-17,2.429e-17,-0.0005,0.1,0
FrontS88699,42.7241,6.7996,1.234e-11,9.799e-12,4.538e-12,0.0006,1.07,1
FrontS88700,42.1544,6.5959,1.062e-11,8.476e-12,3.934e-12,-0.0001,0.71,1
FrontS88701,42.7374,6.1807,2.657e-19,4.358e-19,8.434e-19,0.0001,-0.33,0
FrontS88702,42.9430,6.4156,9.220e-17,8.943e-17,5.824e-17,0.0004,0.08,0
FrontS88703,42.2688,6.8321,8.902e-20,1.501e-19,3.313e-19,0.0003,1.16,0
FrontS88705,42.7616,6.5556,1.471e-20,3.019e-20,9.565e-20,0.0004,0.51,0
FrontS88706,42.3713,6.6392,9.983e-20,1.760e-19,3.993e-19,-0.0,0.77,0
FrontS88707,42.5443,6.0805,1.285e-19,2.234e-19,4.864e-19,0.0002,-0.56,0
FrontS88708,42.0724,5.8457,5.288e-12,3.699e-12,1.303e-12,0.0004,-0.48,0
FrontS88709,42.2409,6.5953,2.571e-16,4.678e-16,1.190e-15,-0.0,0.63,0
FrontS88710,41.9436,6.8428,1.440e-19,2.260e-19,4.174e-19,0.0005,1.04,0
FrontS88711,42.5623,6.3205,2.734e-16,4.669e-16,1.037e-15,0.0011,-0.21,0
FrontS88712,42.6098,6.7031,2.243e-19,3.558e-19,6.659e-19,0.0006,0.79,0
FrontS88713,42.3655,6.3251,5.333e-20,1.005e-19,2.549e-19,0.0005,-0.38,0
FrontS88714,42.8472,6.5742,3.187e-16,2.747e-16,1.493e-16,-0.0004,0.57,0
FrontS88715,42.9699,6.7645,3.753e-18,4.473e-18,4.691e-18,0.0003,0.7,0
FrontS88716,41.9547,5.9755,3.507e-20,6.376e-20,1.625e-19,-0.0001,-0.6,0
FrontS88717,42.2634,6.5194,7.985e-17,1.285e-16,2.431e-16,-0.0002,0.57,0
FrontS88719,42.3888,6.8112,5.631e-12,3.869e-12,1.316e-12,0.0011,1.12,0
FrontS88720,42.6953,6.8523,1.029e-16,1.917e-16,5.057e-16,-0.0002,0.86,0
FrontS88721,42.4748,6.7403,2.487e-16,2.218e-16,1.329e-16,0.0008,1.18,0
FrontS88722,42.0537,6.5569,1.366e-20,2.674e-20,7.569e-20,0.0005,0.72,0
FrontS88724,42.6301,6.3217,1.698e-20,3.401e-20,1.038e-19,0.0002,-0.27,0
FrontS88725,42.4593,6.5218,4.013e-17,4.219e-17,3.233e-17,0.0005,0.68,0
FrontS88726,41.9560,6.4654,1.708e-20,3.464e-20,1.108e-19,0.0013,0.27,0
FrontS88727,42.2606,6.3543,1.084e-17,1.264e-17,1.202e-17,-0.0002,-0.03,0
FrontS88728,41.9251,6.5018,1.918e-15,1.526e-15,6.788e-16,0.0001,0.54,1
FrontS88729,42.7506,6.5177,7.313e-20,1.305e-19,3.121e-19,0.0004,0.46,0
FrontS88730,42.9938,6.4694,4.052e-17,4.172e-17,3.137e-17,0.0001,0.09,0
FrontS88731,42.6172,6.2210,1.098e-11,8.772e-12,3.934e-12,0.0008,-0.29,1
FrontS88732,42.4264,6.6972,2.142e-15,1.669e-15,7.203e-16,0.0008,0.88,1
FrontS88733,42.6938,6.8378,2.159e-16,1.889e-16,1.035e-16,0.0009,1.1,0
FrontS88735,42.8331,6.5142,3.462e-17,3.460e-17,2.463e-17,0.0007,0.64,0
FrontS88737,42.4240,6.4337,5.057e-20,8.968e-20,2.166e-19,0.0005,0.32,0
FrontS88739,42.9456,6.4806,1.295e-16,1.192e-16,7.252e-17,0.0006,0.23,0
FrontS88740,42.4102,6.1613,8.210e-17,8.192e-17,5.931e-17,0.0004,-0.36,0
FrontS88741,42.4829,6.2302,1.205e-18,1.592e-18,1.985e-18,0.0014,-0.43,0
FrontS88743,42.3040,6.1799,1.156e-15,9.825e-16,5.145e-16,0.0001,-0.41,0
FrontS88745,42.4945,6.6120,7.752e-19,1.147e-18,1.831e-18,-0.0,0.84,0
FrontS88746,42.3282,6.2481,7.620e-18,8.564e-18,8.031e-18,0.0002,-0.37,0
FrontS88747,42.1145,6.5038,4.989e-20,9.301e-20,2.512e-19,0.0001,0.59,0
FrontS88749,43.1120,6.4021,3.489e-16,3.072e-16,1.675e-16,0.0009,0.12,0
FrontS88751,42.5409,6.7158,2.249e-16,3.671e-16,7.172e-16,0.0006,0.75,0
FrontS88752,42.5380,6.4510,6.932e-17,1.271e-16,3.189e-16,-0.0002,0.48,0
FrontS88754,41.9385,6.3219,4.610e-18,5.458e-18,5.411e-18,-0.0001,0.24,0
FrontS88755,41.8402,6.4705,5.184e-19,7.934e-19,1.342e-18,0.0001,0.64,0
FrontS88756,41.7862,6.7455,2.767e-19,4.346e-19,8.107e-19,-0.0,0.89,0
FrontS88757,42.7464,6.3171,8.871e-12,6.367e-12,2.390e-12,-0.0002,0.04,0
FrontS88759,42.5494,6.7410,2.144e-20,4.252e-20,1.258e-19,0.0016,0.98,0
FrontS88761,42.5914,6.5683,1.980e-16,3.400e-16,7.708e-16,0.0007,0.68,0
FrontS88764,42.9590,6.3290,2.908e-17,3.048e-17,2.385e-17,0.0004,-0.22,0
FrontS88765,42.6200,6.3094,8.558e-20,1.475e-19,3.378e-19,0.0001,-0.45,0
FrontS88767,42.2652,6.5568,2.899e-17,3.005e-17,2.384e-17,0.0001,0.67,0
FrontS88770,41.6319,6.0770,3.746e-19,5.705e-19,9.829e-19,0.001,-0.1,0
FrontS88773,42.8523,6.5645,1.045e-15,8.131e-16,3.437e-16,0.0006,0.54,1
FrontS88774,42.5525,6.7520,8.135e-16,6.831e-16,3.560e-16,0.0012,1.04,0
FrontS88775,41.8250,6.7111,2.883e-16,2.518e-16,1.354e-16,-0.0001,0.82,0
FrontS88776,43.3314,6.4050,2.552e-20,4.825e-20,1.309e-19,0.0002,-0.02,0
FrontS88777,42.3524,6.2412,4.985e-17,5.192e-17,3.994e-17,0.0011,-0.39,0
FrontS88778,42.0376,6.2786,2.027e-16,1.817e-16,1.035e-16,0.0001,-0.04,0
FrontS88779,42.3714,6.1047,8.228e-17,1.514e-16,3.939e-16,-0.0002,-0.4,0
FrontS88780,42.5133,6.0085,1.697e-16,3.106e-16,7.878e-16,-0.0001,-0.66,0
FrontS88781,42.9767,6.2621,6.301e-19,9.299e-19,1.540e-18,0.0001,-0.31,0
FrontS88782,42.2579,6.7402,6.337e-17,6.176e-17,4.277e-17,0.0004,0.98,0
FrontS88784,42.2123,6.4193,4.327e-18,5.124e-18,5.058e-18,0.0004,0.14,0
FrontS88785,41.9657,6.7946,5.114e-17,4.918e-17,3.374e-17,0.0005,1.05,0
FrontS88786,42.2425,6.1978,1.845e-15,1.407e-15,6.044e-16,0.0003,-0.22,1
FrontS88787,42.2424,6.4755,9.274e-12,7.305e-12,3.314e-12,0.0013,0.72,1
FrontS88788,42.3819,6.7708,2.466e-16,4.592e-16,1.158e-15,0.0002,0.84,0
FrontS88790,42.7861,6.4110,8.287e-17,7.867e-17,4.911e-17,0.0006,-0.13,0
FrontS88791,42.9700,5.9479,2.300e-20,4.744e-20,1.521e-19,0.0003,-0.62,0
FrontS88792,42.0818,6.5106,2.929e-20,5.295e-20,1.272e-19,0.0007,0.55,0
FrontS88793,42.6664,6.4839,1.334e-20,2.904e-20,1.079e-19,0.0003,0.27,0
FrontS88794,42.7864,6.2604,8.583e-20,1.419e-19,2.880e-19,0.0007,-0.47,0
FrontS88795,43.0021,6.8829,3.614e-18,4.166e-18,4.037e-18,0.0005,0.7,0
FrontS88796,41.6939,6.7782,1.676e-16,1.507e-16,8.838e-17,0.0015,0.83,0
FrontS88798,42.2343,6.2291,1.496e-18,2.004e-18,2.583e-18,-0.0001,-0.24,0
FrontS88800,43.2349,6.5389,1.028e-16,1.004e-16,6.882e-17,0.0006,0.25,0
FrontS88801,42.4173,5.9677,2.792e-17,2.909e-17,2.309e-17,0.0,-0.71,0
FrontS88802,42.5953,6.6589,5.944e-16,9.298e-16,1.690e-15,0.0,0.88,0
FrontS88805,42.4382,6.6916,3.616e-16,3.007e-16,1.493e-16,0.001,0.77,0
FrontS88806,42.7803,6.5663,1.055e-20,2.184e-20,7.108e-20,0.0002,0.52,0
FrontS88808,42.5033,6.6138,8.393e-20,1.473e-19,3.405e-19,0.001,0.76,0
FrontS88810,41.9239,6.1654,1.861e-20,3.804e-20,1.249e-19,0.0002,-0.09,0
FrontS88811,42.0866,6.6598,6.513e-16,5.333e-16,2.550e-16,-0.0002,0.93,0
FrontS88812,42.2728,6.7549,4.674e-20,8.755e-20,2.285e-19,0.0007,0.91,0
FrontS88813,42.4412,6.2068,2.741e-18,3.496e-18,4.090e-18,0.0005,-0.3,0
FrontS88814,42.5453,6.2488,2.114e-16,1.805e-16,9.269e-17,0.0003,-0.34,0
FrontS88816,42.5698,6.6419,8.057e-19,1.114e-18,1.551e-18,0.0018,0.79,0
FrontS88818,42.6749,6.6155,9.039e-18,9.797e-18,8.095e-18,-0.0002,1.11,0
FrontS88820,42.6288,6.5507,1.281e-16,1.160e-16,6.946e-17,0.0008,0.69,0
FrontS88821,42.4356,6.9016,8.995e-19,1.279e-18,1.941e-18,0.0003,1.11,0
FrontS88822,42.3697,6.1260,1.050e-18,1.471e-18,2.177e-18,0.0002,-0.69,0
FrontS88823,43.0252,6.5202,2.445e-16,2.014e-16,9.538e-17,0.0009,0.23,0
FrontS88824,42.8654,6.4112,2.343e-18,3.001e-18,3.692e-18,0.0016,0.08,0
FrontS88825,41.9958,6.6172,2.112e-17,2.264e-17,1.873e-17,0.0012,0.66,0
FrontS88826,42.6043,6.6316,1.700e-16,2.968e-16,6.982e-16,0.0001,0.98,0
FrontS88828,42.6080,6.2743,4.050e-18,4.860e-18,5.174e-18,0.0007,-0.3,0
FrontS88829,42.0784,6.2912,1.970e-17,2.094e-17,1.667e-17,0.0004,-0.03,0
FrontS88830,42.6122,6.2507,4.453e-18,5.651e-18,6.744e-18,0.0006,-0.59,0
FrontS88831,41.8124,6.1961,3.294e-12,2.244e-12,7.536e-13,-0.0,-0.11,0
FrontS88832,42.4744,6.7282,1.056e-16,9.577e-17,5.670e-17,0.0001,0.96,0
FrontS88834,42.2249,6.0901,2.711e-16,2.432e-16,1.420e-16,0.0015,-0.39,0
FrontS88835,42.6366,6.8054,4.935e-18,5.900e-18,6.432e-18,-0.0002,0.96,0
FrontS88836,42.2392,6.2016,7.218e-16,1.421e-15,4.098e-15,0.0009,-0.48,0
FrontS88837,42.2544,6.0414,1.129e-14,8.105e-15,3.056e-15,0.0,-0.58,0
FrontS88839,42.8041,6.6816,1.597e-16,1.491e-16,9.233e-17,0.0009,0.58,0
FrontS88841,42.6644,6.6588,2.523e-16,6.236e-16,2.904e-15,0.0016,0.72,0
FrontS88842,42.2080,6.1267,2.027e-16,3.001e-16,4.824e-16,0.0012,-0.33,0
FrontS88843,42.6259,6.6996,2.138e-16,2.047e-16,1.338e-16,-0.0,0.77,0
FrontS88844,42.6097,6.7934,9.359e-17,8.655e-17,5.182e-17,-0.0001,0.97,0
FrontS88845,42.7064,6.8042,7.790e-17,1.284e-16,2.678e-16,0.0011,1.03,0
FrontS88846,42.7016,6.6812,4.559e-20,7.824e-20,1.746e-19,0.0007,0.8,0
FrontS88847,42.6933,6.6991,2.091e-19,3.466e-19,7.282e-19,0.0002,0.65,0
FrontS88848,42.1297,6.2320,9.890e-17,9.345e-17,5.912e-17,-0.0004,-0.06,0
FrontS88849,42.7156,6.7497,7.340e-18,8.362e-18,8.129e-18,0.0012,0.8,0
FrontS88850,42.1766,6.2152,6.809e-16,5.842e-16,3.140e-16,0.0006,-0.2,0
FrontS88853,42.8936,6.8110,2.913e-19,4.515e-19,8.177e-19,0.0005,0.62,0
FrontS88854,42.3112,6.3611,1.062e-18,1.512e-18,2.228e-18,0.0004,0.07,0
FrontS88856,42.1870,6.2631,1.763e-19,2.888e-19,5.676e-19,0.0,-0.15,0
FrontS88857,42.7753,6.6678,4.921e-20,8.462e-20,1.885e-19,0.0006,0.82,0
FrontS88858,42.3935,6.6094,1.768e-20,3.568e-20,1.073e-19,-0.0001,0.72,0
FrontS88859,42.2023,6.1062,8.410e-18,9.729e-18,9.052e-18,0.0005,-0.17,0
FrontS88860,42.6886,6.7887,1.510e-15,2.646e-15,6.031e-15,0.0,0.97,0
FrontS88862,42.2921,6.2397,2.618e-16,4.993e-16,1.407e-15,0.0016,-0.24,0
FrontS88863,42.6615,6.6922,3.351e-17,3.433e-17,2.634e-17,-0.0009,0.9,0
FrontS88864,42.7793,6.7308,4.553e-17,4.594e-17,3.439e-17,0.0007,0.91,0
FrontS88865,42.1773,6.1033,3.809e-19,5.628e-19,9.168e-19,-0.0001,-0.32,0
FrontS88866,42.2696,6.1228,2.963e-18,3.574e-18,3.771e-18,0.0001,-0.48,0
FrontS88868,42.6345,6.6880,7.866e-17,7.512e-17,4.959e-17,0.0,0.76,0
FrontS88869,42.6284,6.7385,1.493e-18,1.958e-18,2.377e-18,0.0013,1.12,0
FrontS88870,42.0168,5.9950,3.951e-18,4.676e-18,4.593e-18,-0.0,-0.35,0
FrontS88873,42.7054,6.6576,2.746e-20,4.974e-20,1.205e-19,0.0,0.63,0
FrontS88874,42.7008,6.7746,7.307e-17,1.218e-16,2.563e-16,0.0015,0.91,0
FrontS88875,41.9911,6.0216,5.854e-18,7.092e-18,7.442e-18,0.0009,-0.3,0
FrontS88876,42.7472,6.6635,3.502e-17,3.637e-17,2.832e-17,0.0,0.69,0
FrontS88877,42.5746,6.6065,7.872e-17,7.554e-17,5.114e-17,0.0008,0.76,0
FrontS88878,42.7167,6.8093,5.174e-15,3.903e-15,1.644e-15,0.0001,0.88,1
FrontS88880,42.0744,6.0169,5.804e-19,8.087e-19,1.114e-18,0.0008,-0.5,0
FrontS88881,42.6708,6.7673,2.534e-18,3.210e-18,3.687e-18,0.0004,0.77,0
FrontS88884,42.1774,6.2051,1.334e-12,9.042e-13,2.897e-13,-0.0002,-0.34,0
FrontS88886,42.1509,6.1104,3.644e-16,3.183e-16,1.687e-16,0.0002,-0.34,0
FrontS88887,42.7473,6.6915,2.144e-16,1.866e-16,1.011e-16,0.0012,0.89,0
FrontS88890,42.5544,6.8483,2.491e-18,3.212e-18,3.966e-18,0.0001,0.95,0
FrontS88891,42.2879,6.0663,4.468e-18,5.060e-18,4.863e-18,0.0006,-0.41,0
FrontS88893,42.8189,6.8205,6.971e-20,1.278e-19,3.284e-19,0.0005,0.83,0
FrontS88894,42.6176,6.8371,1.320e-20,2.639e-20,7.808e-20,0.0003,1.09,0
FrontS88895,42.7928,6.8201,8.979e-16,7.270e-16,3.512e-16,0.0003,0.9,0
FrontS88896,42.9749,6.6730,3.586e-19,5.679e-19,1.043e-18,0.0006,0.57,0
FrontS88897,42.1786,6.2130,5.853e-17,5.656e-17,3.789e-17,0.0011,-0.18,0
FrontS88898,42.1424,6.0044,4.993e-19,7.290e-19,1.113e-18,0.0004,-0.53,0
FrontS88899,42.3006,6.0993,4.081e-12,3.168e-12,1.439e-12,-0.0003,-0.64,1
FrontS88901,42.7137,6.8995,5.644e-18,6.588e-18,6.417e-18,-0.0001,0.98,0
FrontS88902,42.6358,6.7650,2.793e-19,4.307e-19,7.687e-19,0.001,0.84,0
FrontS88903,42.2125,6.0223,9.486e-19,1.332e-18,1.928e-18,-0.0,-0.48,0
FrontS88904,42.2475,6.0627,1.789e-20,3.599e-20,1.075e-19,0.0011,-0.42,0
FrontS88905,42.5381,6.7600,1.897e-20,3.632e-20,1.004e-19,0.0005,0.87,0
FrontS88906,42.2339,6.1112,1.883e-15,1.514e-15,7.153e-16,0.001,-0.41,0
FrontS88907,42.7158,6.7441,1.101e-18,1.525e-18,2.203e-18,0.0004,0.77,0
FrontS88908,42.0782,5.9358,9.981e-19,1.431e-18,2.226e-18,0.0007,-0.52,0
FrontS88909,42.1570,6.0408,2.294e-17,2.432e-17,2.032e-17,0.0012,-0.36,0
FrontS88912,42.0075,6.1167,4.891e-17,9.257e-17,2.418e-16,0.0007,-0.21,0
FrontS88913,42.0810,6.1856,2.427e-15,1.867e-15,8.067e-16,0.0009,-0.26,1
FrontS88914,42.1219,6.1804,1.930e-16,1.713e-16,9.747e-17,0.0004,-0.23,0
FrontS88915,42.1654,6.1471,3.082e-17,3.224e-17,2.591e-17,-0.0006,-0.19,0
FrontS88916,42.0632,6.0340,1.041e-16,9.487e-17,5.692e-17,0.0004,-0.42,0
FrontS88917,42.7581,6.8031,2.870e-17,2.892e-17,2.192e-17,0.0001,0.84,0
FrontS88918,42.8817,6.8101,1.358e-20,2.780e-20,8.924e-20,-0.0003,0.78,0
FrontS88919,42.7702,6.7510,2.813e-19,4.417e-19,8.168e-19,0.0002,0.94,0
FrontS88921,42.7524,6.9067,2.045e-16,4.648e-16,1.867e-15,0.0001,0.99,0
FrontS88922,41.9722,5.9759,2.478e-15,1.958e-15,8.821e-16,-0.0,-0.5,1
FrontS88923,42.7489,6.9109,1.999e-18,2.460e-18,2.839e-18,0.0001,1.12,0
FrontS88924,42.3045,6.0922,1.472e-19,2.498e-19,5.444e-19,0.001,-0.53,0
FrontS88925,42.6755,6.8485,1.483e-16,2.715e-16,6.652e-16,0.0008,0.99,0
FrontS88926,41.9392,5.9558,1.630e-20,3.300e-20,1.034e-19,0.0003,-0.52,0
FrontS88928,42.7364,6.7530,4.027e-18,4.916e-18,5.218e-18,0.0006,0.81,0
FrontS88929,42.9400,7.0757,8.430e-17,7.909e-17,5.062e-17,0.0004,1.14,0
FrontS88930,42.7838,6.9568,1.522e-20,3.060e-20,9.625e-20,0.0,1.1,0
FrontS88931,42.6973,6.8189,7.962e-12,6.032e-12,2.493e-12,0.0008,0.92,1
FrontS88932,42.1369,5.9706,4.563e-19,7.088e-19,1.246e-18,0.001,-0.5,0
FrontS88933,42.8324,6.8426,1.011e-17,1.148e-17,1.058e-17,-0.0005,0.66,0
FrontS88935,42.8353,6.8887,5.803e-18,7.152e-18,7.958e-18,-0.0004,1.09,0
FrontS88936,41.9172,5.9655,1.185e-17,1.294e-17,1.102e-17,0.0002,-0.34,0
FrontS88937,42.0976,6.0382,1.470e-15,1.135e-15,4.847e-16,0.0005,-0.39,1
FrontS88938,42.6910,6.6946,2.656e-18,3.333e-18,3.747e-18,0.0004,0.71,0
FrontS88939,42.7738,6.8905,5.574e-15,1.664e-14,1.177e-13,0.0016,0.84,0
FrontS88940,42.8733,6.7702,1.343e-18,1.748e-18,2.198e-18,0.0008,0.69,0
FrontS88942,42.9678,6.9532,5.063e-20,8.770e-20,1.964e-19,0.0001,0.93,0
FrontS88944,43.0406,6.9880,1.039e-16,9.827e-17,6.394e-17,0.0017,1.06,0
FrontS88945,42.8026,6.8609,1.194e-15,9.882e-16,4.888e-16,0.0004,0.93,0
FrontS88947,42.9322,6.8834,2.372e-17,2.368e-17,1.731e-17,-0.0,0.76,0
FrontS88948,42.0625,6.0029,7.494e-18,8.699e-18,8.121e-18,0.0006,-0.37,0
FrontS88949,42.2696,6.0689,1.013e-11,9.088e-12,5.270e-12,0.0004,-0.52,1
FrontS88950,42.8140,6.8758,1.626e-18,2.115e-18,2.687e-18,0.0001,0.93,0
FrontS88951,42.1340,5.9932,1.707e-18,2.260e-18,2.941e-18,0.0015,-0.55,0
FrontS88952,42.1221,5.8572,1.146e-16,1.043e-16,6.207e-17,0.0009,-0.73,0
FrontS88954,43.0118,6.9955,1.226e-20,2.526e-20,8.267e-20,-0.0007,0.8,0
FrontS88956,42.0556,5.9135,5.113e-20,9.587e-20,2.650e-19,0.0005,-0.68,0
FrontS88960,42.5453,6.6402,6.727e-16,5.626e-16,2.854e-16,-0.0001,0.72,0
FrontS88961,42.9142,7.0976,3.460e-20,6.455e-20,1.661e-19,0.0004,1.12,0
FrontS88963,42.0380,6.1000,8.599e-17,8.695e-17,6.417e-17,-0.0005,-0.24,0
FrontS88964,42.6161,6.8581,3.492e-16,3.121e-16,1.770e-16,0.0007,1.1,0
FrontS88965,42.8767,6.9407,8.071e-16,6.598e-16,3.267e-16,-0.0003,1.04,0
FrontS88967,42.1435,5.8488,4.351e-17,6.245e-17,9.596e-17,0.0004,-0.55,0
FrontS88968,43.0582,6.9664,2.416e-20,4.471e-20,1.134e-19,-0.0005,0.75,0
FrontS88971,42.9156,6.9945,1.702e-18,2.246e-18,2.809e-18,-0.0007,0.98,0
FrontS88972,42.8443,6.9011,3.409e-16,5.865e-16,1.285e-15,0.0013,0.92,0
FrontS88973,42.8234,6.9677,9.948e-17,2.072e-16,6.863e-16,0.0008,0.89,0
FrontS88975,42.8918,7.0437,4.337e-17,8.436e-17,2.342e-16,0.0003,1.12,0
FrontS88978,42.8591,6.9419,5.566e-17,5.389e-17,3.681e-17,0.0006,0.96,0
FrontS88979,42.0938,5.9891,1.589e-16,1.445e-16,8.804e-17,0.0007,-0.54,0
FrontS88980,42.7991,6.9101,1.533e-16,1.359e-16,7.673e-17,0.0007,0.9,0
FrontS88981,42.2006,5.9546,5.988e-17,5.529e-17,3.541e-17,0.0003,-0.36,0
FrontS88983,42.9315,6.9774,1.196e-16,3.016e-16,1.428e-15,0.0012,0.98,0
FrontS88984,42.6174,6.9304,4.686e-18,5.488e-18,5.723e-18,0.0006,1.27,0
FrontS88985,42.8245,6.9135,1.276e-16,1.175e-16,7.046e-17,-0.0001,1.02,0
FrontS88986,43.0586,6.9057,1.465e-18,1.949e-18,2.540e-18,0.0005,0.79,0
FrontS88987,41.8130,5.8579,4.708e-19,6.372e-19,8.760e-19,0.0011,-0.32,0
FrontS88988,42.8028,6.9545,7.253e-12,6.349e-12,3.474e-12,0.0011,1.02,1
FrontS88989,41.9769,5.9743,2.003e-19,3.143e-19,5.573e-19,0.0004,-0.24,0
FrontS88991,42.0112,6.0331,6.949e-20,1.242e-19,2.911e-19,-0.0002,-0.29,0
FrontS88993,43.0497,6.9808,1.578e-16,2.357e-16,3.897e-16,0.0004,0.8,0
FrontS88994,42.1579,5.9213,6.565e-16,5.231e-16,2.370e-16,-0.0001,-0.45,0
FrontS88995,42.0523,5.9183,4.740e-19,6.965e-19,1.127e-18,0.0001,-0.54,0
FrontS88996,43.0438,7.1990,1.003e-17,1.090e-17,9.282e-18,-0.0002,1.02,0
FrontS88997,43.0308,7.0141,1.743e-16,1.563e-16,8.933e-17,0.0011,1.02,0
FrontS88998,42.9807,7.0289,5.866e-18,6.850e-18,6.695e-18,0.0005,1.01,0
FrontS88999,43.0785,6.9376,1.780e-20,3.420e-20,9.363e-20,0.0,1.05,0
FrontS89000,42.0451,6.0144,2.849e-16,2.387e-16,1.192e-16,0.0013,-0.32,0
FrontS89002,42.9076,7.1188,3.003e-20,5.713e-20,1.572e-19,-0.0,1.16,0
FrontS89003,42.8311,6.7695,7.125e-12,4.949e-12,1.815e-12,0.0011,0.75,0
FrontS89004,42.8362,7.0460,2.468e-16,2.188e-16,1.275e-16,0.0005,0.94,0
FrontS89006,42.1077,5.8387,1.013e-19,1.811e-19,4.424e-19,0.0012,-0.65,0
FrontS89007,42.0388,5.8542,6.501e-18,7.530e-18,7.359e-18,0.0002,-0.67,0
FrontS89008,41.9734,5.9469,2.096e-20,4.127e-20,1.235e-19,0.0006,-0.3,0
FrontS89012,43.0190,6.9912,2.459e-17,2.705e-17,2.307e-17,0.0012,1.0,0
FrontS89013,42.9315,7.1335,1.109e-20,2.363e-20,8.416e-20,0.0005,1.28,0
FrontS89015,41.8002,5.7107,1.842e-20,3.774e-20,1.223e-19,-0.0,-0.47,0
FrontS89018,41.7072,5.8581,2.018e-18,2.670e-18,3.519e-18,0.0006,-0.26,0
FrontS89019,42.9899,7.1146,4.530e-12,3.183e-12,1.135e-12,0.0007,0.94,0
FrontS89020,42.8262,6.9816,8.386e-17,7.885e-17,4.858e-17,0.0003,1.14,0
FrontS89022,42.9055,6.9851,4.856e-17,4.692e-17,3.144e-17,0.0003,0.79,0
FrontS89023,43.0506,7.1005,1.873e-17,2.063e-17,1.778e-17,0.0006,0.93,0
FrontS89024,42.0988,5.7786,2.800e-18,3.419e-18,3.650e-18,0.0009,-0.67,0
FrontS89025,41.8883,5.6827,4.912e-18,5.705e-18,5.438e-18,0.0003,-0.74,0
FrontS89026,42.0154,5.8074,1.312e-20,2.736e-20,9.321e-20,0.0004,-0.58,0
FrontS89027,41.9063,5.8645,1.850e-19,2.965e-19,5.688e-19,0.0,-0.49,0
FrontS89029,42.8625,7.1001,1.017e-16,9.337e-17,5.826e-17,0.0005,1.19,0
FrontS89030,43.0281,7.1105,1.814e-18,2.285e-18,2.711e-18,0.0008,1.07,0
FrontS89031,43.1656,7.1427,6.350e-19,9.027e-19,1.395e-18,0.0003,0.99,0
FrontS89032,42.8762,6.9936,7.389e-17,7.366e-17,5.280e-17,0.0008,0.84,0
FrontS89033,41.7928,5.8151,1.349e-19,2.272e-19,5.024e-19,-0.0001,-0.41,0
FrontS89034,42.1086,5.9270,1.301e-15,1.047e-15,4.976e-16,0.0005,-0.48,0
FrontS89035,43.0173,7.1045,1.327e-16,3.341e-16,1.675e-15,0.0002,1.17,0
FrontS89036,41.9218,5.9257,5.167e-17,5.254e-17,3.884e-17,0.0008,-0.47,0
FrontS89037,43.1714,7.0541,2.558e-17,2.724e-17,2.303e-17,0.0005,1.09,0
FrontS89038,41.7966,5.9118,5.302e-20,9.396e-20,2.224e-19,0.0001,-0.27,0
FrontS89039,41.9769,5.8378,3.584e-17,3.552e-17,2.484e-17,0.0003,-0.45,0
FrontS89040,41.8509,5.8705,3.016e-12,2.098e-12,7.449e-13,0.0003,-0.34,0
FrontS89042,41.8670,5.9166,2.643e-16,3.919e-16,6.395e-16,0.0008,-0.33,0
FrontS89044,42.9544,7.1573,1.051e-19,1.789e-19,3.998e-19,0.0006,0.99,0
FrontS89045,42.8823,7.1890,1.575e-18,2.124e-18,2.880e-18,0.0004,1.13,0
FrontS89046,42.8180,6.9064,1.994e-20,3.909e-20,1.138e-19,0.0009,0.67,0
FrontS89048,43.0332,7.2685,2.330e-18,3.036e-18,3.605e-18,0.0006,1.11,0
FrontS89049,42.8462,6.9167,3.264e-18,4.076e-18,4.683e-18,0.0006,0.96,0
FrontS89051,42.9561,7.0832,2.060e-17,3.765e-17,9.326e-17,-0.0002,1.0,0
FrontS89052,41.8104,5.7308,1.749e-20,3.432e-20,9.812e-20,-0.0001,-0.51,0
FrontS89055,42.8370,7.0441,6.700e-18,8.250e-18,8.735e-18,-0.0006,1.2,0
FrontS89056,42.0100,5.7684,1.630e-18,2.253e-18,3.148e-18,-0.0006,-0.52,0
FrontS89058,41.7672,5.7438,6.875e-17,6.674e-17,4.527e-17,0.0003,-0.55,0
FrontS89059,41.8457,5.7949,1.292e-19,2.303e-19,5.480e-19,0.0009,-0.39,0
FrontS89060,43.0878,7.1801,4.984e-20,8.987e-20,2.141e-19,0.001,1.07,0
FrontS89061,42.9656,7.1354,1.657e-18,2.235e-18,2.909e-18,0.0006,1.18,0
FrontS89063,41.8680,5.7402,3.890e-16,3.268e-16,1.643e-16,-0.0002,-0.4,0
FrontS89064,41.8406,5.6846,1.969e-17,2.166e-17,1.987e-17,0.0005,-0.48,0
FrontS89065,41.6301,5.6208,4.959e-18,5.755e-18,5.446e-18,-0.0004,-0.6,0
FrontS89066,41.7481,5.6840,9.567e-12,6.878e-12,2.499e-12,0.001,-0.47,0
FrontS89067,41.8146,5.6542,6.249e-19,8.388e-19,1.131e-18,-0.0005,-0.48,0
FrontS89068,43.2539,7.3990,8.151e-18,9.847e-18,1.062e-17,0.0008,0.91,0
FrontS89069,43.1674,7.3256,2.735e-19,4.023e-19,6.700e-19,0.0005,0.99,0
FrontS89070,41.9065,5.7105,5.554e-19,7.876e-19,1.201e-18,0.0003,-0.67,0
FrontS89072,41.9490,5.6844,1.046e-17,1.254e-17,1.288e-17,0.0004,-0.58,0
FrontS89073,41.7503,5.6027,9.414e-19,1.207e-18,1.486e-18,-0.0003,-0.42,0
FrontS89074,41.8802,5.6012,2.352e-17,2.528e-17,2.126e-17,0.0004,-0.4,0
FrontS89075,41.9032,5.7852,1.043e-16,9.271e-17,5.217e-17,-0.0001,-0.56,0
FrontS89076,41.6938,5.8488,4.206e-16,3.565e-16,1.866e-16,-0.0004,-0.19,0
FrontS89077,43.0892,7.0716,2.925e-16,2.584e-16,1.442e-16,0.0014,0.81,0
FrontS89078,43.2018,7.1890,1.555e-17,1.663e-17,1.340e-17,-0.0004,0.98,0
FrontS89079,41.7515,5.6141,7.981e-20,1.328e-19,2.801e-19,0.0008,-0.46,0
FrontS89080,41.7292,5.7565,4.738e-16,8.006e-16,1.742e-15,-0.0003,-0.43,0
FrontS89081,43.1456,7.3083,1.728e-16,1.575e-16,9.545e-17,0.0006,1.03,0
FrontS89082,43.0975,7.2483,4.268e-16,1.029e-15,4.619e-15,0.001,1.09,0
FrontS89083,43.1694,7.2702,1.719e-16,1.507e-16,8.164e-17,0.0011,0.9,0
FrontS89084,41.7068,5.6144,2.462e-20,4.824e-20,1.375e-19,-0.0003,-0.32,0
FrontS89086,42.9773,7.0615,6.019e-13,3.985e-13,1.287e-13,0.0005,1.13,0
FrontS89087,41.6869,5.6213,2.828e-16,5.978e-16,2.005e-15,0.0005,-0.73,0
FrontS89088,43.1930,7.3852,1.724e-15,1.383e-15,6.497e-16,0.0002,1.17,0
FrontS89089,43.2669,7.2906,6.015e-17,5.746e-17,3.921e-17,0.0004,1.04,0
FrontS89090,43.2533,7.3369,1.557e-19,2.553e-19,5.204e-19,0.0002,0.95,0
FrontS89091,43.3487,7.3499,2.451e-16,2.239e-16,1.344e-16,0.0005,1.03,0
FrontS89092,41.7870,5.6328,1.364e-18,1.813e-18,2.345e-18,-0.0002,-0.47,0
FrontS89094,43.3930,7.3882,9.606e-18,1.064e-17,9.667e-18,0.0005,1.08,0
FrontS89095,41.6228,5.6024,9.136e-19,1.321e-18,2.026e-18,-0.0001,-0.42,0
FrontS89096,41.6577,5.5360,2.286e-16,2.034e-16,1.131e-16,0.0006,-0.61,0
FrontS89097,41.7565,5.4895,3.028e-18,3.806e-18,4.287e-18,-0.0,-0.74,0
FrontS89099,43.0644,7.2759,2.767e-20,5.673e-20,1.775e-19,-0.0002,1.16,0
FrontS89100,41.8172,5.6952,7.134e-19,1.055e-18,1.729e-18,0.0005,-0.58,0
FrontS89101,41.6850,5.5610,5.877e-19,8.513e-19,1.319e-18,0.0002,-0.53,0
FrontS89103,41.5979,5.4133,3.463e-20,6.696e-20,1.867e-19,0.0004,-0.6,0
FrontS89104,43.5019,7.2404,2.429e-13,1.601e-13,4.952e-14,0.0009,0.87,0
FrontS89105,41.8186,5.4638,3.578e-17,3.607e-17,2.744e-17,0.0006,-0.62,0
FrontS89107,43.2989,7.3934,1.204e-17,1.328e-17,1.137e-17,0.0003,1.15,0
FrontS89108,43.3217,7.3950,3.983e-18,4.904e-18,5.383e-18,0.0009,0.92,0
FrontS89109,41.6252,5.3749,1.201e-19,2.014e-19,4.358e-19,0.0003,-0.48,0
FrontS89110,41.7078,5.5861,7.458e-20,1.335e-19,3.118e-19,0.0003,-0.42,0
FrontS89111,43.1814,7.4320,1.104e-17,1.336e-17,1.416e-17,0.0013,1.09,0
FrontS89114,41.5315,5.3883,6.078e-12,4.099e-12,1.412e-12,0.0003,-0.39,0
FrontS89116,43.2359,7.3112,6.427e-12,4.875e-12,2.039e-12,0.0006,0.86,1
FrontS89117,43.2721,7.3806,1.807e-16,1.592e-16,8.937e-17,0.0003,1.06,0
FrontS89118,41.5536,5.4914,3.636e-19,5.528e-19,9.290e-19,0.0006,-0.31,0
FrontS89119,43.0879,7.2576,3.527e-18,4.511e-18,5.324e-18,0.0005,0.92,0
FrontS89120,43.1559,7.3319,1.846e-16,1.597e-16,8.800e-17,-0.0002,1.03,0
FrontS89121,43.2140,7.4479,3.374e-17,4.858e-17,7.348e-17,0.0013,0.97,0
FrontS89122,41.6746,5.6464,1.432e-12,1.559e-12,1.350e-12,-0.0003,-0.66,0
FrontS89123,41.6887,5.6515,1.186e-15,9.667e-16,4.399e-16,0.0006,-0.39,0
FrontS89124,43.3129,7.3250,4.026e-15,3.071e-15,1.260e-15,0.0004,1.06,1
FrontS89125,43.3256,7.3468,2.550e-16,3.893e-16,6.487e-16,0.0006,1.07,0
FrontS89126,41.6339,5.5556,4.240e-14,3.018e-14,1.070e-14,0.0005,-0.44,0
FrontS89127,41.6702,5.5590,1.353e-16,1.248e-16,7.711e-17,0.001,-0.61,0
FrontS89128,41.7431,5.6017,1.090e-14,7.744e-15,2.816e-15,0.0013,-0.55,0
FrontS89129,43.1861,7.3271,4.726e-16,1.217e-15,6.224e-15,0.0006,1.11,0
FrontS89130,43.2447,7.3809,2.205e-15,1.614e-15,6.346e-16,-0.0003,1.12,0
FrontS89131,41.7403,5.5288,6.685e-17,6.118e-17,3.722e-17,0.0004,-0.66,0
FrontS89132,41.7037,5.4955,3.048e-15,2.296e-15,9.416e-16,0.0009,-0.56,0
FrontS89133,41.7138,5.4706,1.780e-15,1.441e-15,6.746e-16,0.0003,-0.69,0
FrontS89134,41.7791,5.5208,5.023e-14,3.400e-14,1.138e-14,0.0002,-0.34,0
FrontS89135,43.1540,7.4146,5.553e-17,5.314e-17,3.530e-17,0.0003,1.15,0
FrontS89136,43.1247,7.4103,3.353e-15,2.476e-15,9.969e-16,0.0011,1.19,0
FrontS89137,41.7489,5.4009,1.513e-14,1.079e-14,4.099e-15,-0.0009,-0.75,0
FrontS89138,43.1048,7.4203,1.642e-16,1.495e-16,9.163e-17,0.0003,1.2,0
FrontS89139,41.8573,5.4719,7.237e-16,5.970e-16,3.010e-16,0.0002,-0.78,0
FrontS89140,41.8028,5.3667,4.483e-17,4.506e-17,3.275e-17,0.0002,-0.74,0
FrontS89141,41.8351,5.3978,1.431e-15,1.186e-15,5.681e-16,0.0001,-0.63,0
FrontS89142,41.8858,5.4145,6.022e-16,4.933e-16,2.308e-16,0.0006,-0.76,0
FrontS89143,43.0464,7.4656,5.234e-17,5.163e-17,3.662e-17,-0.0001,1.35,0
FrontS89144,43.0811,7.5445,1.891e-12,1.440e-12,6.057e-13,0.0001,1.22,0
FrontS89145,41.9640,5.4097,8.818e-17,8.400e-17,5.492e-17,0.0009,-0.78,0
FrontS89146,43.0287,7.5723,1.381e-12,9.444e-13,3.125e-13,-0.0001,1.19,0
FrontS89147,43.0323,7.5440,1.723e-14,1.210e-14,4.321e-15,0.0002,1.26,0
FrontS89148,42.0001,5.3847,3.149e-15,2.357e-15,9.480e-16,-0.0001,-0.74,0
FrontS89149,42.9388,7.5776,7.264e-15,5.333e-15,2.028e-15,0.001,1.25,0
FrontS89150,42.8959,7.5610,4.283e-16,3.574e-16,1.809e-16,-0.0001,1.45,0
FrontS89151,42.0246,5.3140,1.365e-15,1.054e-15,4.669e-16,0.0003,-0.71,1
FrontS89152,42.8227,7.5507,5.080e-16,4.281e-16,2.287e-16,0.0002,1.27,0
FrontS89153,42.0685,5.2869,2.409e-16,4.595e-16,1.228e-15,0.0006,-0.56,0
FrontS89154,42.8210,7.5900,1.020e-16,1.860e-16,4.561e-16,0.0016,1.59,0
FrontS89155,42.8089,7.6218,1.121e-16,2.360e-16,8.131e-16,-0.0001,1.19,0
FrontS89156,42.1236,5.2676,2.840e-16,4.598e-16,8.623e-16,0.0008,-0.81,0
FrontS89157,42.1517,5.2837,1.015e-14,6.853e-15,2.319e-15,0.0014,-0.78,0
FrontS89158,42.7207,7.6038,7.074e-16,5.823e-16,2.950e-16,-0.0002,1.39,0
FrontS89159,42.1923,5.2909,6.165e-16,5.267e-16,2.676e-16,-0.0008,-0.84,0
FrontS89160,42.2425,5.2153,8.862e-15,6.450e-15,2.376e-15,0.0009,-0.68,0
FrontS89161,42.5902,7.6350,1.565e-14,1.126e-14,4.085e-15,0.0002,1.38,0
FrontS89162,42.2716,5.2783,1.078e-16,1.002e-16,6.419e-17,0.0001,-0.89,0
FrontS89163,42.5965,7.6667,1.835e-14,1.360e-14,5.652e-15,0.0004,1.66,0
FrontS89164,42.2879,5.2045,2.305e-16,4.093e-16,9.866e-16,0.0005,-0.69,0
FrontS89165,42.6393,7.6222,5.410e-14,3.750e-14,1.263e-14,0.0011,1.29,0
FrontS89166,42.3648,5.1802,1.284e-14,8.760e-15,3.008e-15,0.0011,-0.93,0
FrontS89167,42.4696,5.1751,6.791e-17,6.441e-17,4.211e-17,0.0004,-1.12,0
FrontS89168,42.4691,7.5710,4.710e-16,3.947e-16,2.008e-16,0.0002,1.52,0
FrontS89169,42.4533,5.2637,2.747e-14,1.870e-14,6.361e-15,0.0008,-1.11,0
FrontS89170,42.4106,7.6939,2.001e-14,1.439e-14,5.443e-15,0.0007,1.43,0
FrontS89171,42.4283,7.6863,2.097e-15,1.577e-15,6.493e-16,0.0002,1.23,0
FrontS89172,42.3100,7.5855,1.481e-17,1.642e-17,1.415e-17,0.0,1.41,0
FrontS89173,42.4766,5.1290,3.285e-15,2.655e-15,1.209e-15,0.0004,-1.11,0
FrontS89174,42.3591,7.7365,1.836e-15,1.412e-15,5.975e-16,0.0002,1.65,1
FrontS89176,42.2109,7.6829,1.423e-14,1.031e-14,3.786e-15,0.0006,1.26,0
FrontS89177,42.6914,5.1648,2.255e-16,4.928e-16,1.741e-15,0.0,-0.94,0
FrontS89178,42.2932,7.6975,3.126e-16,2.933e-16,1.827e-16,0.0005,1.23,0
FrontS89179,42.2329,7.6964,1.018e-15,8.461e-16,4.172e-16,0.0015,1.53,0
FrontS89180,42.7705,5.1183,3.504e-16,2.823e-16,1.334e-16,0.0012,-1.07,0
FrontS89181,42.1045,7.6548,2.722e-15,2.039e-15,8.324e-16,0.0009,1.49,0
FrontS89182,42.8859,5.1993,2.479e-19,3.957e-19,7.465e-19,0.0001,-0.97,0
FrontS89183,42.8772,5.2255,7.478e-12,5.298e-12,1.949e-12,-0.0001,-0.94,0
FrontS89184,42.0005,7.5813,8.056e-12,5.860e-12,2.184e-12,-0.0002,1.5,0
FrontS89185,41.9313,7.6261,4.721e-17,8.879e-17,2.284e-16,0.0007,1.61,0
FrontS89186,43.0424,5.2312,1.453e-14,1.015e-14,3.728e-15,0.0012,-1.11,0
FrontS89187,43.0947,5.1787,4.815e-16,8.749e-16,2.112e-15,0.0001,-0.83,0
FrontS89188,41.7799,7.6528,1.522e-14,1.039e-14,3.622e-15,-0.0002,1.34,0
FrontS89189,43.1322,5.2532,2.547e-15,1.903e-15,7.908e-16,0.0011,-0.95,1
FrontS89190,43.0676,5.3165,3.834e-14,2.583e-14,8.429e-15,0.0017,-1.25,0
FrontS89191,43.1603,5.2473,6.358e-17,6.254e-17,4.407e-17,0.0008,-1.04,0
FrontS89192,41.6259,7.6277,1.608e-15,1.243e-15,5.168e-16,0.0003,1.3,1
FrontS89193,41.5945,7.5854,6.229e-15,4.460e-15,1.639e-15,0.001,1.41,0
FrontS89194,43.2215,5.2672,1.635e-16,2.879e-16,6.791e-16,0.0008,-0.88,0
FrontS89195,41.4747,7.6278,8.920e-16,7.147e-16,3.189e-16,0.0014,1.26,0
FrontS89196,43.4567,5.2479,3.098e-15,2.386e-15,1.051e-15,0.0,-0.91,1
FrontS89197,43.3188,5.3122,1.060e-11,8.097e-12,3.436e-12,0.0007,-0.91,1
FrontS89198,43.4705,5.3292,1.861e-16,3.037e-16,6.114e-16,-0.0001,-0.77,0
FrontS89199,43.3838,5.4404,2.098e-15,1.631e-15,7.511e-16,-0.0005,-0.8,1
FrontS89200,41.3004,7.5264,2.390e-16,5.048e-16,1.725e-15,0.0003,1.31,0
FrontS89201,41.3623,7.4963,2.931e-12,2.012e-12,6.760e-13,0.0008,1.06,0
FrontS89202,41.2468,7.4874,2.510e-14,1.772e-14,6.330e-15,0.0008,1.35,0
FrontS89203,43.5924,5.4952,5.966e-15,4.289e-15,1.648e-15,0.0003,-0.74,0
FrontS89204,43.7098,5.4092,4.421e-15,3.283e-15,1.276e-15,0.0014,-0.95,0
FrontS89205,41.1866,7.3845,6.877e-16,6.175e-16,3.462e-16,-0.0002,1.02,0
FrontS89206,41.1689,7.3584,1.832e-14,1.249e-14,4.313e-15,0.0006,1.45,0
FrontS89207,41.1331,7.3215,1.668e-14,1.172e-14,4.253e-15,-0.0006,1.03,0
FrontS89208,43.9791,5.5001,1.506e-14,1.101e-14,4.265e-15,0.0006,-0.75,0
FrontS89209,41.1101,7.2697,1.410e-15,1.151e-15,5.593e-16,0.0007,1.26,0
FrontS89210,40.9797,7.2779,7.748e-15,5.682e-15,2.203e-15,0.0014,1.14,0
FrontS89211,44.0173,5.5966,2.265e-15,1.820e-15,8.148e-16,-0.001,-0.63,1
FrontS89212,40.9626,7.1821,1.408e-15,1.105e-15,4.926e-16,-0.0,1.18,1
FrontS89213,44.0675,5.6712,6.538e-12,4.711e-12,1.703e-12,-0.0,-0.54,0
FrontS89215,41.0201,7.0355,1.423e-11,1.154e-11,5.392e-12,0.0,0.91,1
FrontS89216,40.8101,7.0794,9.664e-17,2.049e-16,7.038e-16,-0.0001,0.83,0
FrontS89217,44.0917,5.8614,5.092e-17,8.272e-17,1.607e-16,0.0007,-0.53,0
FrontS89218,40.7230,7.0105,2.002e-15,1.501e-15,6.040e-16,0.0003,0.95,0
FrontS89219,44.3035,5.8728,1.306e-12,8.775e-13,2.984e-13,0.0011,-0.26,0
FrontS89221,44.4528,5.9175,3.922e-15,3.028e-15,1.267e-15,0.0007,-0.18,1
FrontS89222,40.6674,6.8115,3.867e-14,2.669e-14,8.932e-15,0.0001,0.88,0
FrontS89223,44.3325,6.0675,7.201e-16,5.745e-16,2.611e-16,-0.0002,-0.27,0
FrontS89224,40.5096,6.8264,2.408e-15,1.878e-15,8.369e-16,0.0004,0.58,1
FrontS89225,44.5339,6.1142,4.130e-17,6.415e-17,1.147e-16,0.0007,-0.29,0
FrontS89226,44.4196,6.2063,1.752e-15,1.316e-15,5.545e-16,0.0004,-0.11,1
FrontS89227,44.4056,6.2631,1.315e-11,1.037e-11,4.576e-12,0.0001,0.02,1
FrontS89228,44.5305,6.2593,3.603e-12,2.491e-12,8.737e-13,0.0002,-0.33,0
FrontS89229,40.5590,6.5011,2.553e-15,1.961e-15,8.009e-16,0.0005,0.79,1
FrontS89230,44.4860,6.3839,5.288e-16,4.343e-16,2.177e-16,0.0011,-0.19,0
FrontS89231,44.5097,6.3869,4.272e-16,3.500e-16,1.731e-16,0.0006,0.09,0
FrontS89232,40.4459,6.3582,4.412e-20,8.082e-20,2.095e-19,0.0001,0.42,0
FrontS89233,44.6002,6.4622,7.673e-16,6.682e-16,3.546e-16,0.0006,0.04,0
FrontS89234,40.4779,6.3468,1.704e-15,1.384e-15,6.431e-16,0.0005,0.66,0
FrontS89235,44.5618,6.6727,8.857e-15,6.106e-15,2.134e-15,0.001,0.07,0
FrontS89236,44.6111,6.6904,3.201e-17,3.253e-17,2.451e-17,0.0004,0.03,0
FrontS89237,44.5823,6.7596,7.524e-16,5.868e-16,2.651e-16,0.0004,0.43,0
FrontS89238,44.5527,6.7996,8.926e-17,8.405e-17,5.367e-17,0.0008,0.44,0
FrontS89239,44.6540,6.7995,2.106e-16,1.958e-16,1.195e-16,-0.0001,0.49,0
FrontS89240,44.6498,6.8966,1.022e-14,7.222e-15,2.638e-15,0.001,0.43,0
FrontS89241,44.5981,7.0199,1.630e-17,1.861e-17,1.750e-17,-0.0003,0.54,0
FrontS89242,40.3905,5.9504,5.339e-16,4.566e-16,2.443e-16,0.0003,0.16,0
FrontS89243,40.4062,5.8376,1.856e-15,1.449e-15,6.418e-16,0.0001,0.16,1
FrontS89244,40.5185,5.8122,7.938e-16,6.477e-16,3.140e-16,0.0005,0.04,0
FrontS89245,44.6351,7.1692,1.641e-14,1.162e-14,4.118e-15,0.0007,0.33,0
FrontS89246,44.6361,7.3545,3.483e-16,2.943e-16,1.514e-16,0.0014,0.49,0
FrontS89247,40.5722,5.7128,2.174e-14,1.481e-14,5.074e-15,0.0002,-0.21,0
FrontS89248,40.5836,5.5457,9.593e-18,1.136e-17,1.138e-17,0.0008,-0.1,0
FrontS89249,44.4465,7.3973,2.220e-14,1.589e-14,6.134e-15,0.0005,0.86,0
FrontS89250,40.6567,5.5005,8.443e-12,6.381e-12,2.708e-12,0.0001,-0.26,1
FrontS89251,40.6317,5.3504,1.784e-15,1.352e-15,5.643e-16,0.0002,-0.29,1
FrontS89252,40.6688,5.3982,1.001e-15,8.014e-16,3.734e-16,-0.0009,-0.38,0
FrontS89253,40.7166,5.3877,2.877e-15,2.269e-15,1.009e-15,-0.0,-0.28,1
FrontS89254,40.7288,5.2246,4.781e-15,3.594e-15,1.529e-15,0.0008,-0.3,1
FrontS89255,44.1886,7.7699,1.660e-15,1.306e-15,5.734e-16,0.0008,0.79,1
FrontS89256,40.9068,5.2329,7.734e-16,6.310e-16,3.105e-16,0.0003,-0.42,0
FrontS89257,44.0688,7.8338,3.430e-16,3.153e-16,1.929e-16,0.0003,1.22,0
FrontS89258,44.1091,7.9309,1.064e-15,8.519e-16,4.087e-16,0.0012,1.22,0
FrontS89259,43.9580,7.9214,8.391e-17,7.852e-17,4.788e-17,0.0005,1.18,0
FrontS89260,41.0323,4.9527,4.100e-12,2.863e-12,1.021e-12,0.0007,-0.76,0
FrontS89261,43.9257,8.1106,5.289e-15,3.771e-15,1.381e-15,-0.0001,1.38,0
FrontS89262,43.7036,8.0098,7.778e-18,9.722e-18,1.107e-17,0.0002,0.99,0
FrontS89263,41.2575,4.8639,1.216e-14,8.345e-15,2.895e-15,0.0006,-0.71,0
FrontS89264,43.6569,8.2066,1.263e-14,8.557e-15,2.911e-15,0.0004,1.19,0
FrontS89265,41.3841,4.7185,6.460e-16,1.492e-15,5.897e-15,0.0004,-0.68,0
FrontS89266,41.4578,4.7130,4.497e-15,3.436e-15,1.445e-15,0.0,-0.8,0
FrontS89267,41.6264,4.7316,2.751e-15,2.009e-15,7.764e-16,0.0006,-0.79,0
FrontS89268,41.6725,4.6970,8.490e-16,7.082e-16,3.388e-16,0.0011,-0.98,0
FrontS89269,41.7167,4.6537,1.983e-15,1.514e-15,6.309e-16,0.0011,-0.77,1
FrontS89270,41.8381,4.6182,7.264e-17,7.275e-17,5.126e-17,0.0001,-0.91,0
FrontS89271,41.8760,4.5564,3.466e-17,3.482e-17,2.557e-17,-0.0006,-1.1,0
FrontS89272,42.0083,4.5460,4.227e-16,8.084e-16,2.233e-15,0.0008,-1.1,0
FrontS89273,42.1390,4.6274,1.712e-15,1.323e-15,5.914e-16,-0.0005,-0.94,1
FrontS89274,42.2804,4.5494,1.305e-14,9.416e-15,3.472e-15,0.0008,-1.14,0
FrontS89275,42.6320,8.3343,3.278e-15,2.487e-15,9.956e-16,-0.0001,1.37,0
FrontS89276,42.4446,4.5497,3.380e-15,2.530e-15,9.815e-16,0.0003,-1.07,0
FrontS89277,42.2999,8.4252,1.212e-15,9.742e-16,4.694e-16,0.001,1.76,0
FrontS89278,42.8154,4.6382,2.424e-15,1.877e-15,7.963e-16,0.0002,-1.22,1
FrontS89279,42.1837,8.3405,3.048e-14,2.164e-14,7.811e-15,-0.0002,1.79,0
FrontS89280,42.8856,4.5611,1.276e-15,1.003e-15,4.480e-16,0.0003,-1.14,1
FrontS89281,41.9113,8.3325,1.805e-15,1.428e-15,6.430e-16,0.0007,1.51,1
FrontS89282,41.6827,8.2744,7.051e-16,5.740e-16,2.724e-16,0.0003,1.38,0
FrontS89283,43.2107,4.6124,1.206e-16,1.142e-16,7.437e-17,0.0008,-1.08,0
FrontS89284,41.5962,8.3020,1.195e-14,8.573e-15,3.223e-15,0.0002,1.64,0
FrontS89285,41.4496,8.0831,1.625e-14,1.166e-14,4.158e-15,-0.0003,1.41,0
FrontS89286,41.3482,8.1514,8.965e-15,6.511e-15,2.569e-15,0.0008,1.55,0
FrontS89287,43.4599,4.8350,8.028e-17,1.458e-16,3.704e-16,0.0006,-1.11,0
FrontS89288,41.2981,8.0052,1.618e-16,1.525e-16,9.761e-17,0.0017,1.37,0
FrontS89289,43.9239,4.8357,4.216e-15,3.086e-15,1.169e-15,0.0006,-1.01,0
FrontS89290,40.8664,7.9198,3.312e-15,2.449e-15,9.897e-16,0.0002,1.38,0
FrontS89291,44.2984,4.9120,6.739e-16,5.357e-16,2.489e-16,0.0008,-1.03,0
FrontS89292,44.2168,5.0517,1.625e-19,2.500e-19,4.409e-19,0.0009,-0.86,0
FrontS89293,44.3150,5.1247,1.740e-16,1.525e-16,8.421e-17,0.0002,-1.11,0
FrontS89294,44.6048,5.0999,7.975e-12,6.517e-12,3.303e-12,0.0011,-0.87,1
FrontS89295,44.6653,5.2022,6.763e-16,1.347e-15,4.139e-15,0.0007,-0.74,0
FrontS89296,40.3576,7.4786,7.028e-15,5.286e-15,2.217e-15,0.0006,1.16,0
FrontS89297,41.8560,5.5037,2.062e-18,2.644e-18,3.258e-18,0.0005,-0.49,0
FrontS89298,41.8167,5.5023,2.012e-16,1.820e-16,1.088e-16,0.0003,-0.7,0
FrontS89300,41.7884,5.4062,1.067e-16,1.021e-16,6.720e-17,0.0012,-0.58,0
FrontS89301,41.8476,5.3991,1.898e-17,2.098e-17,1.880e-17,0.0003,-0.75,0
FrontS89302,41.8626,5.4646,3.366e-15,2.511e-15,1.058e-15,-0.0004,-0.52,1
FrontS89303,41.8238,5.3848,1.371e-16,2.456e-16,6.080e-16,0.0002,-0.91,0
FrontS89304,41.9558,5.4958,4.208e-17,4.415e-17,3.481e-17,0.0002,-0.65,0
FrontS89305,42.9847,7.3924,1.566e-14,1.073e-14,3.766e-15,-0.0003,1.32,0
FrontS89306,42.0290,5.4824,1.609e-16,2.718e-16,5.553e-16,0.0004,-0.69,0
FrontS89307,43.0388,7.4952,6.771e-12,4.681e-12,1.684e-12,0.0002,0.95,0
FrontS89308,42.8599,7.3328,2.213e-16,3.418e-16,6.304e-16,0.0001,1.26,0
FrontS89309,41.8846,5.3316,3.133e-15,2.352e-15,9.832e-16,0.0008,-0.85,1
FrontS89310,42.9972,7.4485,1.183e-18,1.653e-18,2.386e-18,0.0004,1.15,0
FrontS89311,42.9997,7.4634,1.634e-18,2.092e-18,2.425e-18,0.0007,1.28,0
FrontS89312,42.8752,7.3486,5.182e-17,5.118e-17,3.522e-17,0.0002,1.09,0
FrontS89313,42.8511,7.4809,2.017e-17,2.234e-17,2.078e-17,0.001,1.07,0
FrontS89314,42.8397,7.4622,7.594e-18,8.761e-18,8.705e-18,-0.0002,1.18,0
FrontS89315,42.8902,7.5844,7.391e-20,1.298e-19,2.864e-19,0.0004,1.39,0
FrontS89316,42.8859,7.5001,1.151e-19,1.911e-19,3.832e-19,0.001,1.26,0
FrontS89317,42.9065,7.6254,3.656e-16,7.209e-16,2.148e-15,-0.0,1.26,0
FrontS89318,42.0728,5.4436,2.189e-17,2.327e-17,1.866e-17,0.0004,-0.84,0
FrontS89319,42.1348,5.3423,2.495e-16,2.047e-16,9.948e-17,-0.0,-0.76,0
FrontS89320,42.8172,7.5454,1.667e-16,1.510e-16,8.885e-17,0.0005,1.06,0
FrontS89321,42.9749,7.6267,2.939e-17,3.046e-17,2.418e-17,0.0005,0.97,0
FrontS89322,42.0987,5.3295,8.726e-16,2.290e-15,1.206e-14,0.001,-0.96,0
FrontS89323,42.2218,5.3976,9.809e-15,6.997e-15,2.480e-15,0.0001,-0.84,0
FrontS89324,42.0231,5.2425,3.339e-16,3.021e-16,1.823e-16,-0.0002,-0.97,0
FrontS89325,42.0847,5.3435,5.653e-16,1.046e-15,2.734e-15,0.0014,-0.77,0
FrontS89326,42.2022,5.3470,4.143e-19,6.065e-19,9.720e-19,0.0004,-0.86,0
FrontS89327,42.7409,7.5208,1.108e-15,9.287e-16,4.674e-16,0.0002,1.11,0
FrontS89328,42.7228,7.5568,1.103e-15,9.198e-16,4.743e-16,0.0004,1.16,0
FrontS89329,42.1419,5.1771,2.645e-20,5.068e-20,1.369e-19,0.0007,-0.92,0
FrontS89330,42.1734,5.2822,2.034e-16,3.421e-16,6.976e-16,-0.0003,-0.74,0
FrontS89331,42.6335,7.6058,2.317e-16,2.092e-16,1.240e-16,-0.0005,1.61,0
FrontS89332,42.5733,7.6945,1.319e-20,2.780e-20,9.596e-20,0.0004,1.41,0
FrontS89334,42.2802,5.2491,1.469e-15,1.149e-15,5.080e-16,0.0001,-0.88,1
FrontS89335,42.3469,5.1974,3.698e-16,3.314e-16,1.917e-16,-0.0002,-0.94,0
FrontS89336,42.2023,5.1994,1.035e-16,1.921e-16,4.861e-16,0.0008,-0.73,0
FrontS89337,42.5595,7.6290,6.868e-16,5.621e-16,2.658e-16,-0.0002,1.34,0
FrontS89338,42.3232,5.0975,1.874e-16,1.674e-16,1.000e-16,0.0006,-0.78,0
FrontS89339,42.4325,5.1900,8.603e-17,7.910e-17,4.792e-17,0.0007,-1.01,0
FrontS89340,42.2650,5.2606,2.476e-19,3.747e-19,6.268e-19,0.0002,-0.9,0
FrontS89341,42.5166,7.5884,1.675e-20,3.407e-20,1.047e-19,0.0013,1.56,0
FrontS89342,42.4431,5.2334,3.629e-16,3.146e-16,1.699e-16,0.0003,-0.9,0
FrontS89344,42.6080,5.3420,8.225e-16,1.357e-15,2.747e-15,-0.0002,-0.85,0
FrontS89345,42.4427,7.6329,2.527e-16,2.296e-16,1.295e-16,0.0008,1.48,0
FrontS89347,42.3674,7.6205,1.065e-18,1.479e-18,2.041e-18,0.0003,1.65,0
FrontS89348,42.5158,5.3762,1.221e-16,1.755e-16,2.712e-16,0.0,-1.05,0
FrontS89349,42.4247,7.5963,1.791e-17,1.909e-17,1.613e-17,-0.0005,1.09,0
FrontS89350,42.3023,7.6812,1.743e-16,3.612e-16,1.234e-15,0.0003,1.34,0
FrontS89352,42.4691,5.2579,1.136e-18,1.478e-18,1.834e-18,0.001,-0.91,0
FrontS89353,42.6043,5.2219,1.676e-16,2.926e-16,6.559e-16,0.0007,-0.75,0
FrontS89354,42.6236,5.2821,6.465e-17,6.109e-17,4.045e-17,-0.0002,-0.86,0
FrontS89356,42.8068,5.3013,1.720e-15,1.322e-15,5.526e-16,0.0007,-0.99,1
FrontS89357,42.2275,7.6383,2.135e-20,3.980e-20,1.052e-19,0.0,1.47,0
FrontS89358,42.6336,5.1588,6.380e-15,4.708e-15,1.929e-15,0.0008,-1.05,0
FrontS89359,42.2015,7.6454,2.243e-16,1.925e-16,1.038e-16,0.0001,1.55,0
FrontS89360,42.9328,5.2180,2.189e-18,2.743e-18,3.111e-18,0.0007,-1.01,0
FrontS89361,42.2619,7.6489,3.226e-16,7.318e-16,2.955e-15,0.0006,1.57,0
FrontS89362,42.8796,5.4037,1.671e-16,3.822e-16,1.477e-15,0.0009,-0.85,0
FrontS89363,41.9191,7.7807,2.027e-17,2.085e-17,1.602e-17,0.0006,1.41,0
FrontS89364,42.9198,5.2885,1.937e-15,1.524e-15,6.904e-16,0.0007,-0.9,1
FrontS89365,42.1782,7.6539,1.192e-20,2.466e-20,8.066e-20,0.0006,1.52,0
FrontS89366,41.8792,7.5326,2.769e-14,1.872e-14,6.331e-15,0.0001,1.29,0
FrontS89367,42.9331,5.2662,1.766e-18,2.303e-18,2.933e-18,0.0004,-1.0,0
FrontS89369,42.7738,5.2292,1.243e-19,2.155e-19,4.854e-19,0.0001,-1.07,0
FrontS89371,43.0243,5.3712,2.070e-15,1.583e-15,6.770e-16,0.0004,-0.63,1
FrontS89372,43.1673,5.3055,3.725e-18,4.812e-18,5.793e-18,0.0007,-1.03,0
FrontS89373,41.6273,7.6662,5.608e-15,3.907e-15,1.422e-15,0.0009,1.35,0
FrontS89374,43.0743,5.2566,2.171e-16,4.352e-16,1.352e-15,0.0007,-1.05,0
FrontS89375,43.1081,5.1963,1.194e-16,1.132e-16,7.235e-17,0.0013,-0.76,0
FrontS89376,43.1893,5.2412,1.269e-17,1.435e-17,1.338e-17,-0.0001,-1.16,0
FrontS89377,43.2066,5.2615,3.758e-19,5.638e-19,9.489e-19,-0.0004,-1.17,0
FrontS89378,43.2899,5.3465,1.232e-18,1.777e-18,2.741e-18,-0.0002,-0.96,0
FrontS89379,43.2401,5.3439,4.454e-18,5.474e-18,5.954e-18,0.001,-0.76,0
FrontS89380,41.7294,7.5427,9.056e-17,1.573e-16,3.662e-16,0.0006,1.38,0
FrontS89381,41.5178,7.4830,5.258e-16,1.269e-15,5.526e-15,0.001,1.51,0
FrontS89382,41.8241,7.4124,1.536e-11,1.282e-11,6.272e-12,-0.0002,1.45,1
FrontS89383,43.2546,5.5329,5.275e-16,4.494e-16,2.330e-16,0.0011,-0.69,0
FrontS89385,43.5731,5.3172,4.162e-18,5.188e-18,6.085e-18,0.0002,-0.66,0
FrontS89386,43.3128,5.4021,4.016e-16,9.693e-16,4.346e-15,0.0005,-0.89,0
FrontS89387,41.6050,7.4220,8.717e-17,8.114e-17,5.231e-17,0.0006,1.4,0
FrontS89388,41.3253,7.4387,5.103e-15,3.635e-15,1.350e-15,0.0002,1.27,0
FrontS89389,43.7600,5.4379,1.342e-15,1.022e-15,4.391e-16,0.0006,-0.93,0
FrontS89390,43.6103,5.4080,1.177e-18,1.546e-18,1.962e-18,-0.0009,-0.65,0
FrontS89391,41.4696,7.3965,1.268e-14,8.941e-15,3.256e-15,-0.0005,1.21,0
FrontS89392,43.5962,5.4125,4.991e-17,4.792e-17,3.268e-17,0.0,-0.77,0
FrontS89393,41.4174,7.3177,1.316e-15,1.029e-15,4.440e-16,0.0003,0.95,0
FrontS89394,41.3347,7.3571,1.172e-11,8.691e-12,3.482e-12,0.0005,1.2,0
FrontS89395,41.2686,7.3684,1.194e-16,2.099e-16,4.750e-16,0.0009,1.23,0
FrontS89396,43.8683,5.4110,1.181e-16,1.946e-16,3.989e-16,0.0008,-0.68,0
FrontS89397,41.1206,7.3693,3.003e-16,2.519e-16,1.324e-16,0.0011,1.37,0
FrontS89399,41.2490,7.2372,4.017e-20,7.449e-20,1.940e-19,0.001,1.3,0
FrontS89401,44.1278,5.4756,3.173e-16,5.782e-16,1.443e-15,-0.0002,-0.85,0
FrontS89402,41.0834,7.2389,1.680e-16,1.543e-16,9.588e-17,0.0003,1.06,0
FrontS89404,43.9579,5.6616,9.196e-20,1.566e-19,3.317e-19,-0.0006,-0.54,0
FrontS89405,40.8337,7.2487,7.726e-20,1.350e-19,3.135e-19,0.0011,1.05,0
FrontS89406,43.9536,5.7062,1.481e-17,1.646e-17,1.540e-17,0.0011,-0.39,0
FrontS89407,41.0515,7.0750,3.754e-16,7.241e-16,1.980e-15,0.0012,1.2,0
FrontS89408,41.0429,7.0617,4.568e-18,5.589e-18,6.119e-18,0.0007,0.98,0
FrontS89409,44.1853,5.7006,6.206e-17,6.031e-17,4.103e-17,0.0002,-0.77,0
FrontS89410,40.8453,7.0868,5.980e-16,9.392e-16,1.757e-15,-0.0003,1.04,0
FrontS89411,40.5735,7.1956,8.826e-20,1.520e-19,3.396e-19,0.0011,1.23,0
FrontS89412,44.0590,5.8655,9.390e-16,7.405e-16,3.357e-16,0.0002,-0.55,0
FrontS89413,40.7831,7.0725,3.947e-17,3.894e-17,2.703e-17,-0.0004,0.9,0
FrontS89414,44.0230,5.9642,1.315e-15,1.013e-15,4.343e-16,0.0007,-0.3,1
FrontS89415,40.7897,6.9047,4.067e-16,7.291e-16,1.824e-15,0.0004,0.79,0
FrontS89416,44.0663,5.9503,1.668e-17,1.811e-17,1.483e-17,0.0001,-0.11,0
FrontS89417,44.0721,5.9382,1.659e-15,1.363e-15,6.486e-16,0.0015,-0.65,0
FrontS89418,44.1620,6.0530,3.067e-14,2.162e-14,8.064e-15,0.0002,-0.46,0
FrontS89420,44.2199,6.0202,5.985e-16,5.057e-16,2.666e-16,0.0005,-0.42,0
FrontS89421,44.1861,6.1757,2.575e-15,1.885e-15,7.088e-16,0.0001,-0.06,0
FrontS89422,40.7928,6.6895,5.283e-16,4.506e-16,2.413e-16,0.0001,0.63,0
FrontS89423,40.5600,6.7240,2.953e-16,5.135e-16,1.149e-15,0.0013,0.77,0
FrontS89424,40.5529,6.8590,1.757e-16,3.006e-16,6.661e-16,-0.0002,0.83,0
FrontS89425,40.7076,6.6050,1.682e-16,1.503e-16,8.251e-17,0.0002,0.61,0
FrontS89426,44.5763,6.1531,3.380e-18,4.375e-18,5.105e-18,0.0001,-0.09,0
FrontS89427,44.7091,6.1608,5.050e-16,4.414e-16,2.326e-16,0.0003,-0.43,0
FrontS89428,44.2317,6.2517,2.041e-14,1.419e-14,4.913e-15,-0.0004,-0.21,0
FrontS89429,44.6563,6.2872,7.892e-16,6.259e-16,2.890e-16,-0.0005,-0.32,0
FrontS89430,40.5845,6.5020,9.973e-17,1.756e-16,4.201e-16,0.0002,0.54,0
FrontS89432,44.6891,6.4542,4.047e-16,3.386e-16,1.756e-16,0.0002,-0.12,0
FrontS89433,40.5513,6.3602,1.109e-17,1.234e-17,1.091e-17,0.0008,0.6,0
FrontS89434,40.5013,6.3286,3.820e-18,4.846e-18,5.642e-18,0.0014,0.46,0
FrontS89435,40.3762,6.4720,1.069e-16,1.026e-16,6.717e-17,0.0006,0.7,0
FrontS89436,44.5197,6.5530,2.756e-16,2.466e-16,1.381e-16,0.0007,0.11,0
FrontS89437,44.5399,6.7198,3.407e-12,2.326e-12,7.690e-13,-0.0,0.26,0
FrontS89438,44.8659,6.7552,8.928e-16,7.319e-16,3.493e-16,-0.0001,0.16,0
FrontS89439,40.4695,6.2425,1.819e-16,3.244e-16,7.668e-16,0.0011,0.3,0
FrontS89440,44.5111,6.7125,2.405e-15,1.800e-15,7.594e-16,-0.0,0.15,1
FrontS89441,40.5441,6.1463,1.035e-16,2.004e-16,5.814e-16,0.0002,0.37,0
FrontS89442,40.4870,6.1752,1.040e-17,1.085e-17,8.530e-18,0.001,0.64,0
FrontS89443,40.3646,6.0094,8.182e-12,6.214e-12,2.667e-12,0.0004,0.09,1
FrontS89444,44.3357,6.5840,1.251e-15,9.616e-16,4.072e-16,0.001,0.13,1
FrontS89445,44.6227,6.9343,1.774e-14,1.286e-14,4.770e-15,0.0008,0.35,0
FrontS89446,40.5725,5.8925,4.212e-17,4.255e-17,2.981e-17,0.0006,0.29,0
FrontS89447,44.5095,7.0663,1.781e-15,5.446e-15,3.928e-14,-0.0001,0.62,0
FrontS89448,44.4624,7.1969,5.852e-19,8.399e-19,1.263e-18,-0.0001,0.55,0
FrontS89449,44.5614,7.0983,1.471e-15,1.193e-15,5.514e-16,-0.0001,0.57,0
FrontS89450,40.5372,5.9308,1.719e-16,1.449e-16,7.598e-17,0.0004,0.23,0
FrontS89451,44.3302,6.9405,2.905e-15,2.142e-15,8.833e-16,0.0008,0.25,0
FrontS89452,44.5913,7.1831,3.639e-16,7.190e-16,2.067e-15,0.0013,0.49,0
FrontS89453,40.5554,5.6921,5.241e-20,9.685e-20,2.555e-19,0.001,-0.01,0
FrontS89454,44.3572,7.1539,7.738e-18,9.178e-18,9.176e-18,0.0001,0.68,1
FrontS89456,40.7761,5.8100,3.679e-16,3.098e-16,1.559e-16,0.0006,-0.2,0
FrontS89458,44.2488,7.3450,5.768e-17,5.451e-17,3.431e-17,0.0001,0.59,0
FrontS89459,40.8611,5.6374,1.560e-16,2.989e-16,8.278e-16,0.0006,-0.08,0
FrontS89460,40.7151,5.3951,2.139e-19,3.437e-19,6.525e-19,0.0011,-0.42,0
FrontS89461,44.2983,7.4775,2.988e-17,3.121e-17,2.470e-17,0.0005,0.79,0
FrontS89462,44.1758,7.5445,3.020e-14,2.036e-14,6.648e-15,-0.0002,0.67,0
FrontS89463,44.1431,7.4138,1.209e-15,9.746e-16,4.666e-16,0.001,0.78,0
FrontS89465,40.8501,5.3322,4.997e-19,7.962e-19,1.529e-18,0.0011,-0.25,0
FrontS89466,44.2095,7.7502,2.711e-15,2.111e-15,9.173e-16,0.0001,0.84,1
FrontS89467,40.9604,5.3045,1.053e-17,1.173e-17,1.071e-17,0.0009,-0.56,0
FrontS89468,44.0870,7.7704,4.132e-17,4.025e-17,2.673e-17,0.001,1.07,0
FrontS89469,44.1581,7.9021,2.541e-16,4.284e-16,9.151e-16,0.0003,0.97,0
FrontS89470,44.0284,7.9547,1.638e-16,2.694e-16,5.503e-16,0.0001,1.07,0
FrontS89471,40.8179,4.8731,4.519e-16,3.730e-16,1.885e-16,0.0003,-0.73,0
FrontS89472,44.1410,8.1732,4.619e-20,8.709e-20,2.406e-19,0.0002,1.06,0
FrontS89473,43.9408,8.0326,2.815e-16,2.472e-16,1.351e-16,0.0001,1.27,0
FrontS89474,41.2336,5.0687,4.506e-18,5.154e-18,4.997e-18,0.0007,-0.63,0
FrontS89475,41.3667,5.1205,2.024e-16,3.399e-16,7.386e-16,0.0009,-0.75,0
FrontS89476,41.2654,4.9673,1.748e-16,3.398e-16,9.588e-16,-0.0001,-0.68,0
FrontS89477,41.4495,5.0017,3.246e-16,5.703e-16,1.292e-15,0.0008,-0.65,0
FrontS89478,41.2074,4.7153,7.872e-15,5.400e-15,1.902e-15,0.0002,-0.62,0
FrontS89479,41.3209,4.6677,5.778e-19,8.127e-19,1.194e-18,0.0003,-0.86,0
FrontS89480,41.4949,4.8863,9.199e-17,1.359e-16,2.202e-16,0.0012,-0.7,0
FrontS89481,41.6026,4.8747,1.045e-16,1.010e-16,6.802e-17,0.0001,-1.05,0
FrontS89482,43.3278,8.1853,1.985e-15,1.441e-15,5.645e-16,0.001,1.43,0
FrontS89483,43.3342,8.1897,4.523e-15,3.207e-15,1.191e-15,0.0015,1.39,0
FrontS89487,42.9573,8.1826,1.163e-16,1.122e-16,7.909e-17,0.0005,1.41,0
FrontS89488,41.9173,4.7349,6.561e-15,4.682e-15,1.748e-15,0.0004,-1.01,0
FrontS89490,41.9401,4.6671,9.317e-16,7.827e-16,3.903e-16,0.0002,-1.09,0
FrontS89492,42.6688,8.3402,2.348e-14,1.606e-14,5.713e-15,0.001,1.53,0
FrontS89493,42.2264,4.4852,1.035e-16,1.004e-16,6.724e-17,0.0013,-1.33,0
FrontS89494,42.3580,8.1757,4.976e-16,1.003e-15,3.102e-15,0.0006,1.31,0
FrontS89495,42.5734,4.6044,1.515e-18,2.107e-18,3.010e-18,-0.001,-1.22,0
FrontS89497,42.5592,4.5349,5.161e-16,4.401e-16,2.396e-16,0.0003,-1.13,0
FrontS89498,42.6977,4.6058,3.466e-16,6.342e-16,1.617e-15,0.0011,-1.19,0
FrontS89499,42.7703,4.5945,9.909e-17,1.727e-16,3.970e-16,0.0012,-1.28,0
FrontS89501,42.8576,4.3794,1.290e-18,1.772e-18,2.449e-18,-0.0002,-1.17,0
FrontS89502,42.0200,8.0672,3.440e-17,3.381e-17,2.409e-17,0.0007,1.42,0
FrontS89503,42.8987,4.5683,5.217e-18,6.356e-18,6.673e-18,0.001,-1.14,0
FrontS89504,41.7887,8.2791,2.620e-16,4.198e-16,8.104e-16,0.0001,1.83,0
FrontS89505,43.2865,4.5971,7.366e-19,1.108e-18,1.774e-18,0.0009,-1.06,0
FrontS89506,41.5198,8.0173,4.879e-17,4.885e-17,3.512e-17,0.0008,1.57,0
FrontS89507,43.1269,4.6786,1.045e-17,1.203e-17,1.157e-17,0.0005,-1.32,0
FrontS89508,43.4332,4.4624,6.845e-16,5.395e-16,2.334e-16,0.0005,-1.18,0
FrontS89509,41.5029,8.1847,5.225e-17,8.385e-17,1.605e-16,0.0006,1.63,0
FrontS89510,41.2933,7.9739,3.586e-16,7.719e-16,2.788e-15,0.0,1.44,0
FrontS89511,43.5567,4.8458,2.158e-19,3.315e-19,5.866e-19,0.0001,-1.0,0
FrontS89512,43.5285,4.8908,1.515e-17,1.685e-17,1.498e-17,0.0008,-0.98,0
FrontS89513,41.2999,7.9121,3.450e-17,6.392e-17,1.673e-16,0.0005,1.66,0
FrontS89514,40.8651,8.0410,1.019e-16,1.744e-16,3.743e-16,0.0002,1.5,0
FrontS89515,43.8545,5.0554,1.147e-16,2.283e-16,6.757e-16,0.0011,-0.85,0
FrontS89516,43.6409,5.2453,7.700e-16,1.089e-15,1.558e-15,-0.0008,-0.84,0
FrontS89517,40.6955,7.8587,1.061e-16,1.916e-16,4.837e-16,0.0004,1.36,0
FrontS89518,40.6056,7.8238,1.035e-15,7.892e-16,3.369e-16,0.0005,1.5,0
FrontS89519,44.2620,5.1844,5.597e-18,6.429e-18,6.094e-18,0.0,-0.89,0
FrontS89520,44.5513,5.1652,3.520e-16,3.155e-16,1.754e-16,0.0003,-0.88,0
FrontS89522,40.4021,7.5305,1.492e-15,1.136e-15,4.897e-16,0.0004,1.19,1
FrontS89523,44.4853,5.4736,1.914e-20,3.711e-20,1.047e-19,0.0007,-0.58,0
FrontS89524,44.7541,5.4178,2.944e-18,3.766e-18,4.538e-18,0.0016,-0.78,0
FrontS89525,40.2769,7.3434,2.542e-20,4.820e-20,1.316e-19,0.0001,1.12,0
FrontS89526,39.9777,7.3745,2.749e-19,4.322e-19,7.847e-19,0.0,1.24,0
FrontS89527,40.2387,7.1046,5.085e-15,3.943e-15,1.716e-15,0.0005,1.04,1
FrontS89528,39.7693,7.2917,5.435e-16,4.584e-16,2.361e-16,0.0004,1.03,0
FrontS91166,14.9509,-30.5218,1.078e-18,1.447e-18,1.936e-18,0.0012,9.27,0
FrontS91168,14.5117,-31.1867,1.684e-17,1.665e-17,1.211e-17,0.0006,9.07,0
FrontS91172,15.1323,-30.1923,9.827e-17,1.856e-16,4.814e-16,0.0,12.27,0
FrontS91174,14.6570,-31.0064,3.069e-20,5.927e-20,1.721e-19,0.0007,9.56,0
FrontS91177,14.8439,-30.7890,4.892e-19,6.956e-19,1.022e-18,0.0003,9.28,0
FrontS91179,15.0618,-30.3788,1.454e-20,2.763e-20,7.825e-20,0.0006,10.18,0
FrontS91181,15.9312,-29.1555,1.154e-19,1.913e-19,4.050e-19,0.0006,13.6,0
FrontS91182,15.1713,-30.1605,6.020e-18,6.800e-18,6.242e-18,0.0001,12.27,0
FrontS91183,14.9352,-30.3585,1.675e-16,1.509e-16,8.544e-17,0.0004,10.49,0
FrontS91189,15.0621,-30.3467,1.733e-20,3.279e-20,8.635e-20,0.0004,10.03,0
FrontS91190,15.3933,-29.9301,1.024e-18,1.258e-18,1.387e-18,0.0005,13.31,0
FrontS91191,15.2551,-29.8827,6.076e-19,8.479e-19,1.170e-18,-0.0004,12.16,0
FrontS91194,15.1465,-30.2909,2.766e-20,5.301e-20,1.503e-19,0.0,11.05,0
FrontS91195,14.9839,-30.5537,1.169e-16,2.029e-16,4.755e-16,0.0005,9.31,0
FrontS91196,15.0347,-30.3847,4.308e-18,5.330e-18,5.842e-18,-0.0001,9.87,0
FrontS91197,14.4958,-31.0473,1.115e-17,1.246e-17,1.117e-17,-0.0004,9.14,0
FrontS91200,15.1679,-30.2876,4.586e-17,4.473e-17,3.116e-17,-0.0003,11.18,0
FrontS91204,15.3557,-29.9284,1.962e-17,2.243e-17,2.054e-17,0.0009,13.18,0
FrontS91205,15.2001,-30.0926,6.276e-20,1.089e-19,2.451e-19,-0.0002,12.4,0
FrontS91206,15.6782,-29.7830,3.877e-17,3.731e-17,2.510e-17,0.0,12.43,0
FrontS91208,14.6102,-31.1365,6.045e-20,1.023e-19,2.212e-19,0.0002,9.09,0
FrontS91209,15.4502,-29.8338,5.428e-20,9.109e-20,1.868e-19,0.0007,13.28,0
FrontS91210,15.2370,-30.2080,5.667e-19,8.124e-19,1.259e-18,-0.0004,11.82,0
FrontS91212,15.3414,-29.7900,1.670e-20,3.093e-20,8.334e-20,0.0003,12.5,0
FrontS91213,15.6463,-29.5313,5.456e-20,9.443e-20,2.060e-19,0.0006,13.42,0
FrontS91214,14.9743,-30.3827,3.299e-20,5.946e-20,1.459e-19,-0.0,9.56,0
FrontS91215,15.0761,-30.3067,3.193e-17,3.065e-17,2.088e-17,0.0005,10.15,0
FrontS91216,15.1651,-30.2880,1.767e-19,2.805e-19,5.257e-19,-0.0001,10.99,0
FrontS91217,15.4307,-29.8503,4.857e-19,6.744e-19,9.675e-19,0.0002,13.25,0
FrontS91219,15.9979,-29.1265,6.952e-19,9.405e-19,1.251e-18,-0.0001,13.62,0
FrontS91220,15.1910,-30.2888,1.965e-20,3.838e-20,1.122e-19,0.0003,12.38,0
FrontS91223,15.1164,-30.2521,1.236e-16,1.855e-16,3.052e-16,-0.0004,10.96,0
FrontS91226,15.0242,-30.4838,4.202e-18,4.883e-18,4.698e-18,0.0006,10.37,0
FrontS91229,15.1656,-30.2208,7.837e-20,1.327e-19,2.770e-19,0.0003,12.13,0
FrontS91230,15.0435,-30.4133,5.345e-19,7.441e-19,1.065e-18,0.0002,10.19,0
FrontS91231,15.3246,-30.0485,1.008e-18,1.363e-18,1.903e-18,0.0007,12.69,0
FrontS91235,15.0894,-30.4188,1.356e-18,1.808e-18,2.394e-18,0.001,10.11,0
FrontS91240,15.1649,-30.1402,6.813e-18,7.465e-18,6.570e-18,-0.0008,12.01,0
FrontS91242,15.1639,-30.2949,1.788e-19,2.645e-19,4.376e-19,0.0007,11.25,0
FrontS91243,15.0784,-30.4690,1.678e-16,3.375e-16,1.018e-15,0.0007,9.67,0
FrontS91245,15.4402,-30.0527,1.144e-16,1.689e-16,2.814e-16,0.001,11.97,0
FrontS91250,15.1321,-30.2267,6.350e-19,8.794e-19,1.237e-18,-0.0001,11.68,0
FrontS91253,15.2113,-30.0362,2.919e-18,3.467e-18,3.659e-18,0.0002,12.2,0
FrontS91255,15.2589,-30.1534,8.730e-18,9.394e-18,8.080e-18,0.0004,12.76,0
FrontS91256,15.2479,-30.2008,1.661e-20,3.129e-20,8.551e-20,-0.0002,12.5,0
FrontS91257,15.1303,-30.2343,4.623e-19,6.510e-19,9.529e-19,-0.0003,11.47,0
FrontS91258,14.6820,-30.9124,2.578e-19,3.839e-19,6.138e-19,0.0003,9.15,0
FrontS91260,15.0325,-30.4054,5.808e-20,1.041e-19,2.468e-19,0.0007,10.11,0
FrontS91266,15.1226,-30.3303,9.039e-20,1.523e-19,3.090e-19,0.0003,10.74,0
FrontS91268,14.8979,-30.6050,4.708e-16,3.735e-16,1.723e-16,0.0003,9.23,0
FrontS91271,15.0974,-30.2278,1.943e-16,3.764e-16,1.077e-15,0.001,10.57,0
FrontS91275,15.2446,-30.1614,1.723e-16,1.473e-16,7.645e-17,0.0006,12.72,0
FrontS91276,15.1474,-30.1087,3.570e-18,4.139e-18,3.948e-18,0.0002,11.68,0
FrontS91277,15.2343,-30.2364,2.664e-18,3.335e-18,3.895e-18,0.001,12.44,0
FrontS91278,15.1857,-30.2506,2.471e-16,2.142e-16,1.139e-16,0.0001,11.7,0
FrontS91282,15.2677,-29.8078,4.012e-20,7.482e-20,1.938e-19,0.0006,12.2,0
FrontS91284,14.8758,-30.5089,1.554e-18,2.020e-18,2.502e-18,0.0003,9.58,0
FrontS91287,15.3610,-30.0549,6.892e-18,7.582e-18,6.714e-18,0.0008,12.81,0
FrontS91294,15.1505,-30.2635,5.520e-18,6.653e-18,6.990e-18,-0.0008,11.71,0
FrontS91297,15.0138,-30.3529,3.966e-16,6.776e-16,1.487e-15,0.0005,10.0,0
FrontS91299,15.2488,-30.0269,1.445e-18,1.859e-18,2.221e-18,0.0001,13.06,0
FrontS91302,15.1767,-30.1847,1.382e-17,1.515e-17,1.312e-17,0.0008,12.39,0
FrontS91303,15.2794,-29.8841,1.909e-12,1.293e-12,4.410e-13,0.0013,12.2,0
FrontS91304,15.1247,-30.2417,3.492e-18,4.295e-18,4.711e-18,0.0008,11.28,0
FrontS91305,15.1503,-30.2937,8.710e-20,1.460e-19,3.071e-19,0.0007,10.69,0
FrontS91308,15.1965,-30.2047,2.240e-18,2.799e-18,3.243e-18,0.0002,12.36,0
FrontS91309,15.1599,-30.2835,5.623e-19,7.765e-19,1.058e-18,-0.0003,11.15,0
FrontS91312,15.3337,-30.1121,5.741e-20,9.741e-20,2.096e-19,0.0008,12.2,0
FrontS91314,15.2491,-30.1137,1.961e-19,2.804e-19,4.235e-19,0.0007,12.86,0
FrontS91315,15.6497,-29.3465,2.324e-16,4.626e-16,1.390e-15,0.0001,13.05,0
FrontS91316,15.0850,-30.3557,2.656e-18,3.095e-18,3.111e-18,0.001,10.31,0
FrontS91318,14.7463,-30.9473,1.627e-20,3.259e-20,9.780e-20,0.0002,9.44,0
FrontS91321,15.1725,-30.1866,1.134e-20,2.235e-20,6.472e-20,-0.0001,12.23,0
FrontS91323,15.1374,-30.3093,2.048e-18,2.501e-18,2.701e-18,0.0004,10.66,0
FrontS91327,15.1581,-30.2286,3.890e-16,3.196e-16,1.615e-16,0.0005,11.96,0
FrontS91328,15.2857,-29.9693,8.597e-17,7.752e-17,4.721e-17,0.0003,12.53,0
FrontS91330,15.2093,-30.0646,4.347e-19,6.046e-19,9.048e-19,0.0,12.68,0
FrontS91331,15.1433,-30.2245,2.656e-18,3.299e-18,3.607e-18,0.0011,11.47,0
FrontS91332,15.9865,-28.9439,8.757e-18,9.778e-18,9.029e-18,-0.0002,13.62,0
FrontS91333,15.1423,-30.2562,7.170e-19,9.451e-19,1.211e-18,0.0004,11.35,0
FrontS91334,15.1214,-30.2646,4.453e-20,7.339e-20,1.553e-19,0.001,10.84,0
FrontS91335,15.2757,-29.9527,1.751e-19,2.752e-19,5.248e-19,0.0005,13.09,0
FrontS91338,15.1087,-30.2277,1.989e-20,3.969e-20,1.201e-19,0.0005,11.2,0
FrontS91340,15.0834,-30.2365,5.291e-19,7.250e-19,9.982e-19,0.0006,11.06,0
FrontS91341,15.0043,-30.4283,3.051e-20,5.439e-20,1.290e-19,0.0005,9.52,0
FrontS91342,15.4206,-29.9414,4.439e-18,4.881e-18,4.277e-18,-0.0,12.83,0
FrontS91343,14.7846,-30.4699,7.003e-19,9.670e-19,1.320e-18,-0.0001,10.31,0
FrontS91344,15.2183,-30.0095,7.654e-18,8.557e-18,7.607e-18,0.0005,12.1,0
FrontS91345,14.8413,-30.7004,7.505e-19,9.853e-19,1.242e-18,-0.0,9.4,0
FrontS91349,14.9830,-30.5276,8.448e-19,1.093e-18,1.330e-18,-0.0003,9.3,0
FrontS91351,15.4150,-29.9169,1.799e-16,1.484e-16,7.286e-17,0.0002,13.04,0
FrontS91352,14.6833,-31.0086,6.709e-12,5.945e-12,3.466e-12,-0.0002,9.21,1
FrontS91359,15.3382,-30.0635,4.527e-20,7.982e-20,1.775e-19,0.001,12.58,0
FrontS91360,15.1420,-30.2980,1.067e-20,2.143e-20,6.264e-20,0.0005,10.53,0
FrontS91361,15.2518,-30.1922,1.843e-20,3.581e-20,1.011e-19,0.0008,12.54,0
FrontS91364,15.2354,-29.9829,4.585e-17,4.178e-17,2.448e-17,-0.0002,12.62,0
FrontS91365,15.1316,-30.1886,1.206e-17,1.313e-17,1.134e-17,0.0004,11.58,0
FrontS91369,15.0644,-30.2956,6.927e-18,7.586e-18,6.406e-18,0.0006,10.6,0
FrontS91371,14.5344,-30.8366,3.552e-20,6.162e-20,1.424e-19,0.0,9.94,0
FrontS91372,14.9055,-30.5538,9.721e-17,8.444e-17,4.583e-17,0.0004,9.41,0
FrontS91374,15.1621,-30.2921,9.834e-20,1.719e-19,4.012e-19,0.0004,10.45,0
FrontS91375,15.1355,-30.2948,1.244e-18,1.711e-18,2.406e-18,-0.0002,10.68,0
FrontS91376,15.3091,-30.2074,6.005e-17,1.183e-16,3.466e-16,0.0002,11.61,0
FrontS91379,15.1591,-30.2249,6.975e-17,6.342e-17,3.652e-17,0.0001,11.94,0
FrontS91381,14.6694,-30.9917,7.016e-17,1.314e-16,3.515e-16,0.0004,9.1,0
FrontS91382,15.2572,-30.1401,2.009e-20,3.707e-20,9.277e-20,0.0006,12.8,0
FrontS91383,15.4597,-29.8538,1.023e-20,2.198e-20,7.589e-20,-0.0001,13.24,0
FrontS91390,15.0357,-30.5449,2.277e-18,2.958e-18,3.520e-18,0.0004,10.13,0
FrontS91394,15.1345,-30.3099,7.847e-19,1.028e-18,1.334e-18,0.0001,10.92,0
FrontS91395,14.9911,-30.5012,1.903e-18,2.338e-18,2.535e-18,0.0004,9.37,0
FrontS91396,15.1397,-30.1729,2.435e-18,2.987e-18,3.300e-18,0.0011,11.89,0
FrontS91397,15.0204,-30.2726,1.142e-17,1.197e-17,9.560e-18,0.0023,10.82,0
FrontS91398,15.1304,-30.2839,5.942e-20,1.110e-19,2.902e-19,0.0002,10.73,0
FrontS91400,14.9828,-30.3593,3.609e-19,5.293e-19,8.220e-19,0.0005,10.04,0
FrontS91402,15.4359,-29.8186,1.752e-19,2.755e-19,5.019e-19,-0.0007,13.33,0
FrontS91403,15.0735,-30.3105,2.909e-17,5.692e-17,1.659e-16,0.0008,10.22,0
FrontS91404,14.7188,-31.0581,5.131e-19,6.953e-19,9.248e-19,0.0008,9.74,0
FrontS91406,15.1704,-30.2314,1.425e-20,2.751e-20,7.987e-20,0.0001,11.74,0
FrontS91408,14.9663,-30.3961,1.912e-17,1.986e-17,1.530e-17,0.0009,10.05,0
FrontS91409,14.9831,-30.5056,9.537e-18,1.065e-17,9.552e-18,0.0002,9.3,0
FrontS91413,15.3425,-30.0578,1.526e-18,1.955e-18,2.316e-18,-0.0001,13.11,0
FrontS91414,15.1764,-30.1896,4.972e-16,3.965e-16,1.771e-16,0.0003,12.18,0
FrontS91415,15.1484,-30.3657,7.015e-17,6.407e-17,3.959e-17,0.0002,10.71,0
FrontS91416,15.1248,-30.2343,1.142e-16,1.949e-16,4.139e-16,0.0005,11.44,0
FrontS91425,15.2460,-30.3068,1.210e-20,2.596e-20,9.282e-20,0.0004,11.36,0
FrontS91429,14.8075,-30.6447,1.767e-17,1.751e-17,1.236e-17,0.0005,9.23,0
FrontS91430,15.1834,-30.1927,5.561e-20,9.357e-20,2.005e-19,0.0013,11.98,0
FrontS91431,15.3499,-30.0129,4.358e-20,7.581e-20,1.661e-19,-0.0003,12.56,0
FrontS91432,15.1313,-30.1888,9.090e-17,1.642e-16,4.003e-16,-0.0001,11.69,0
FrontS91433,15.2224,-30.1097,2.334e-20,4.304e-20,1.121e-19,0.0004,12.76,0
FrontS91434,14.9076,-30.6071,3.850e-19,5.802e-19,9.685e-19,0.0008,9.26,0
FrontS91436,15.2838,-30.1451,7.856e-19,1.074e-18,1.468e-18,0.0011,12.88,0
FrontS91437,15.1040,-30.2112,1.234e-19,1.984e-19,3.919e-19,0.0011,11.4,0
FrontS91438,14.9018,-30.5781,7.980e-19,1.093e-18,1.538e-18,0.0004,9.33,0
FrontS91439,14.4235,-31.5488,9.743e-17,1.730e-16,4.065e-16,0.0008,9.45,0
FrontS91440,15.3618,-29.7846,5.639e-19,7.672e-19,1.069e-18,0.0005,13.21,0
FrontS91441,15.2814,-30.1797,1.690e-20,3.000e-20,7.042e-20,0.0008,12.7,0
FrontS91442,15.1628,-30.1801,6.952e-19,9.828e-19,1.416e-18,0.0002,12.4,0
FrontS91444,14.9946,-30.3412,9.521e-19,1.263e-18,1.581e-18,-0.0004,10.46,0
FrontS91445,15.1071,-30.4091,2.978e-17,3.069e-17,2.334e-17,0.0,9.85,0
FrontS91448,15.2631,-30.1097,9.399e-19,1.318e-18,1.831e-18,0.0013,12.78,0
FrontS91452,14.9055,-30.7503,3.312e-17,3.187e-17,2.168e-17,0.0011,9.53,0
FrontS91459,15.2842,-30.1741,2.071e-16,1.747e-16,9.090e-17,0.0001,12.37,0
FrontS91462,15.0992,-30.3690,4.796e-20,7.493e-20,1.379e-19,0.0002,10.47,0
FrontS91464,15.1805,-30.2463,3.830e-17,3.822e-17,2.732e-17,0.0003,11.53,0
FrontS91466,15.0032,-30.2110,8.775e-19,1.235e-18,1.790e-18,0.0006,11.11,0
FrontS91467,15.5278,-29.6474,1.855e-16,1.601e-16,8.437e-17,0.0002,13.22,0
FrontS91468,15.1108,-30.6678,8.637e-19,1.112e-18,1.384e-18,0.0011,10.8,0
FrontS91469,15.0491,-30.3663,3.188e-20,5.561e-20,1.265e-19,0.0003,10.06,0
FrontS91471,15.1248,-30.3159,1.199e-16,2.058e-16,4.502e-16,0.0002,10.66,0
FrontS91472,15.0159,-30.4219,9.414e-20,1.553e-19,3.278e-19,-0.0003,9.69,0
FrontS91479,15.2183,-30.3170,6.074e-17,5.727e-17,3.678e-17,0.0009,11.45,0
FrontS91480,15.0756,-30.2509,1.592e-18,2.021e-18,2.320e-18,0.0,10.59,0
FrontS91481,15.1268,-30.0816,1.520e-18,2.005e-18,2.554e-18,0.0012,11.81,0
FrontS91484,15.2627,-30.2197,1.381e-19,2.216e-19,4.388e-19,-0.0009,12.62,0
FrontS91485,15.2563,-30.1135,1.133e-18,1.555e-18,2.040e-18,-0.0007,12.85,0
FrontS91486,15.2404,-30.0463,2.467e-18,2.950e-18,3.177e-18,-0.0006,13.02,0
FrontS91487,15.1629,-30.1605,1.293e-19,2.040e-19,3.831e-19,0.0005,12.15,0
FrontS91488,15.3429,-29.8401,6.144e-20,1.058e-19,2.317e-19,-0.0003,12.32,0
FrontS91490,15.1980,-30.2562,7.807e-20,1.343e-19,3.055e-19,0.0006,12.41,0
FrontS91491,14.8008,-30.5364,6.319e-19,8.702e-19,1.238e-18,0.0001,10.13,0
FrontS91493,15.1248,-30.3443,2.612e-17,2.639e-17,1.937e-17,0.0002,10.48,0
FrontS91494,15.1054,-30.3103,3.067e-20,5.406e-20,1.300e-19,0.0008,10.49,0
FrontS91495,14.9691,-30.3718,7.488e-19,1.007e-18,1.353e-18,0.0008,9.55,0
FrontS91499,15.1727,-30.2699,2.768e-20,5.496e-20,1.653e-19,0.0004,11.8,0
FrontS91501,15.1406,-30.2596,7.958e-19,1.071e-18,1.396e-18,0.0011,11.22,0
FrontS91502,15.0958,-30.4846,2.961e-16,5.275e-16,1.256e-15,-0.0006,10.58,0
FrontS91504,15.1617,-30.1947,1.167e-18,1.533e-18,1.995e-18,0.0007,12.2,0
FrontS91508,15.0543,-30.3953,1.081e-19,1.786e-19,3.514e-19,-0.0,9.92,0
FrontS91509,15.0663,-30.3319,2.672e-18,3.230e-18,3.476e-18,0.0004,10.54,0
FrontS91513,14.9863,-30.5359,1.787e-16,4.213e-16,1.883e-15,0.0001,9.35,0
FrontS91514,15.3092,-30.0897,1.174e-19,2.015e-19,4.461e-19,0.0002,13.0,0
FrontS91515,14.8092,-30.8695,3.195e-20,5.806e-20,1.433e-19,0.0009,9.6,0
FrontS91517,15.1971,-30.1483,3.659e-19,5.547e-19,9.189e-19,0.0009,12.5,0
FrontS91518,15.1916,-30.2826,3.154e-20,5.841e-20,1.519e-19,0.0002,12.09,0
FrontS91519,14.9866,-30.6082,1.132e-17,1.185e-17,9.480e-18,0.0005,9.45,0
FrontS91522,15.1551,-30.2672,6.089e-17,6.017e-17,4.100e-17,0.0008,11.36,0
FrontS91523,14.7183,-31.0059,8.043e-19,1.047e-18,1.303e-18,-0.0005,9.61,0
FrontS91524,15.0321,-30.1759,1.879e-20,3.338e-20,7.729e-20,-0.0004,11.22,0
FrontS91525,15.3386,-30.0011,1.480e-20,2.900e-20,8.206e-20,0.0001,12.7,0
FrontS91526,15.1882,-30.2412,1.776e-20,3.516e-20,1.055e-19,0.0013,11.48,0
FrontS91528,14.9790,-30.5513,8.118e-19,1.155e-18,1.659e-18,0.0005,10.01,0
FrontS91530,15.2777,-30.1983,1.819e-19,2.768e-19,4.896e-19,0.0009,12.56,0
FrontS91532,15.2128,-30.0104,2.223e-18,2.621e-18,2.631e-18,0.0007,12.95,0
FrontS91533,14.9884,-30.1093,4.789e-17,4.781e-17,3.515e-17,0.0006,11.24,0
FrontS91534,14.9015,-30.0240,5.658e-16,1.594e-15,9.576e-15,0.0004,11.23,0
FrontS91535,14.9821,-30.3701,2.083e-18,2.672e-18,3.319e-18,0.0001,9.98,0
FrontS91536,15.2240,-30.2933,4.426e-18,5.041e-18,4.818e-18,0.0,11.59,0
FrontS91537,15.1210,-30.1423,1.047e-18,1.429e-18,1.913e-18,0.0002,12.4,0
FrontS91538,15.0549,-30.2618,5.930e-18,7.143e-18,7.112e-18,0.0015,10.58,0
FrontS91541,15.0436,-30.3559,7.046e-12,5.791e-12,2.766e-12,0.0006,10.01,1
FrontS91542,15.2125,-30.0920,2.088e-16,3.698e-16,8.826e-16,0.0014,12.58,0
FrontS91543,15.0648,-30.2984,3.935e-19,5.743e-19,9.111e-19,0.0005,10.71,0
FrontS91544,15.0278,-30.2554,8.202e-17,7.552e-17,4.820e-17,0.0011,10.49,0
FrontS91547,14.9192,-30.5283,3.515e-18,4.297e-18,4.730e-18,0.0005,9.29,0
FrontS91550,15.4032,-30.4163,4.843e-20,8.791e-20,2.123e-19,-0.0002,12.91,0
FrontS91552,15.2318,-30.4095,2.933e-18,3.584e-18,3.977e-18,0.0008,10.67,0
FrontS91553,14.8828,-30.2775,2.568e-12,1.815e-12,6.607e-13,0.0002,9.57,0
FrontS91554,14.9666,-30.0469,5.627e-16,4.477e-16,2.120e-16,0.0001,11.67,0
FrontS91555,15.2273,-30.5598,1.869e-18,2.277e-18,2.476e-18,0.0,9.49,0
FrontS91556,15.1036,-30.1740,3.069e-20,5.687e-20,1.510e-19,0.0002,11.47,0
FrontS91560,15.1689,-30.1269,2.120e-17,2.111e-17,1.500e-17,-0.0003,12.55,0
FrontS91562,15.2777,-30.5096,5.591e-16,4.636e-16,2.248e-16,0.0002,9.75,0
FrontS91564,15.0491,-30.4232,1.366e-16,1.229e-16,7.240e-17,0.0002,10.03,0
FrontS91566,15.1993,-30.2022,4.174e-20,7.621e-20,1.920e-19,0.0006,12.42,0
FrontS91567,14.8269,-30.3208,1.675e-16,2.615e-16,4.783e-16,0.0007,9.43,0
FrontS91568,15.1123,-30.3728,1.110e-18,1.525e-18,2.173e-18,0.0009,10.25,0
FrontS91569,15.1038,-30.2807,1.039e-18,1.376e-18,1.757e-18,0.0011,10.7,0
FrontS91571,15.4283,-30.4695,1.595e-16,2.935e-16,7.380e-16,0.0005,13.19,0
FrontS91572,15.0996,-29.9935,4.837e-17,4.770e-17,3.283e-17,0.0011,12.92,0
FrontS91573,15.0686,-30.2349,2.569e-19,3.815e-19,6.267e-19,-0.0,10.91,0
FrontS91574,15.1212,-30.4607,2.479e-16,3.873e-16,7.067e-16,-0.0004,9.94,0
FrontS91575,15.1561,-30.4053,3.412e-12,2.392e-12,8.374e-13,-0.0004,10.65,0
FrontS91576,15.0982,-30.2901,1.218e-16,1.055e-16,5.890e-17,0.0004,10.9,0
FrontS91577,15.2692,-30.3852,2.516e-16,5.460e-16,1.974e-15,-0.0006,11.29,0
FrontS91578,15.0848,-30.0527,6.755e-19,9.110e-19,1.217e-18,0.0003,12.79,0
FrontS91579,14.9689,-30.2054,6.267e-20,1.088e-19,2.389e-19,0.0005,10.19,0
FrontS91580,15.0610,-30.1887,4.650e-20,8.422e-20,2.091e-19,-0.0001,11.2,0
FrontS91581,15.1936,-30.0186,1.063e-19,1.807e-19,3.974e-19,0.0011,12.4,0
FrontS91583,15.2665,-30.2241,1.182e-17,1.326e-17,1.178e-17,0.0001,12.62,0
FrontS91584,15.0403,-30.4958,1.727e-17,1.788e-17,1.356e-17,0.0003,10.03,0
FrontS91585,15.0663,-30.5356,2.407e-20,4.419e-20,1.124e-19,-0.0002,9.83,0
FrontS91586,15.1069,-30.4705,4.595e-18,5.368e-18,5.165e-18,0.0004,9.77,0
FrontS91587,15.1521,-30.2793,1.754e-17,1.961e-17,1.754e-17,0.0011,11.22,0
FrontS91588,14.9813,-30.4549,7.966e-18,8.756e-18,7.840e-18,0.0003,9.7,0
FrontS91589,15.1974,-30.3599,7.279e-17,7.053e-17,4.576e-17,0.0015,10.11,0
FrontS91591,15.1514,-30.0445,2.435e-17,2.665e-17,2.291e-17,0.0005,12.6,0
FrontS91594,14.9945,-30.0540,1.184e-16,1.070e-16,6.226e-17,0.0009,12.07,0
FrontS91595,15.3048,-30.1009,9.600e-19,1.295e-18,1.750e-18,-0.0,12.88,0
FrontS91596,15.0223,-30.3008,1.554e-19,2.409e-19,4.282e-19,0.0004,10.04,0
FrontS91597,14.8411,-30.4002,3.295e-16,7.619e-16,3.196e-15,0.0012,9.28,0
FrontS91600,15.2093,-30.3670,1.842e-17,1.800e-17,1.293e-17,0.0008,11.08,0
FrontS91601,15.2096,-30.3472,1.876e-16,1.666e-16,9.303e-17,0.0006,10.97,0
FrontS91603,15.1542,-30.2750,5.295e-19,7.283e-19,9.785e-19,-0.0002,11.26,0
FrontS91605,15.2674,-30.2289,4.167e-17,8.739e-17,2.953e-16,0.0003,12.51,0
FrontS91606,15.1993,-30.3623,1.110e-19,1.804e-19,3.499e-19,0.0009,11.11,0
FrontS91607,14.9154,-30.3041,7.430e-16,5.885e-16,2.556e-16,0.0006,9.53,0
FrontS91608,15.1486,-30.0498,1.115e-16,2.665e-16,1.188e-15,0.0001,12.81,0
FrontS91609,15.0277,-30.2819,1.681e-16,1.527e-16,9.048e-17,0.0003,10.41,0
FrontS91610,15.0702,-30.1264,2.554e-19,3.794e-19,6.244e-19,0.0008,11.68,0
FrontS91611,15.0874,-30.4030,1.093e-16,2.110e-16,6.121e-16,0.0001,10.05,0
FrontS91612,15.1011,-30.2372,4.154e-17,4.121e-17,2.951e-17,0.001,10.52,0
FrontS91614,15.1031,-30.1931,3.060e-17,3.079e-17,2.251e-17,0.0005,11.44,0
FrontS91616,15.0503,-30.3839,1.124e-20,2.061e-20,5.271e-20,0.0002,9.93,0
FrontS91617,15.0058,-30.3862,4.017e-12,2.806e-12,1.029e-12,-0.0002,10.1,0
FrontS91618,15.3566,-30.1176,1.070e-16,9.933e-17,6.057e-17,-0.0001,13.08,0
FrontS91619,15.1918,-30.3596,7.995e-12,6.320e-12,2.854e-12,0.0009,10.25,1
FrontS91620,15.2414,-30.2538,3.058e-18,3.567e-18,3.495e-18,0.0002,12.44,0
FrontS91621,14.9186,-30.1959,1.718e-19,2.635e-19,4.651e-19,0.0001,9.55,0
FrontS91622,15.2369,-30.5069,2.244e-15,1.666e-15,6.596e-16,0.0007,9.83,0
FrontS91623,15.1104,-30.1301,9.932e-19,1.351e-18,1.859e-18,0.0009,12.08,0
FrontS91626,15.1473,-30.1665,1.823e-17,1.903e-17,1.547e-17,0.0009,12.4,0
FrontS91627,15.0219,-30.0790,1.991e-16,1.703e-16,8.826e-17,-0.0,11.96,0
FrontS91628,15.1836,-30.4133,3.132e-19,4.627e-19,7.629e-19,0.0001,10.19,0
FrontS91629,15.0551,-30.0935,2.159e-20,3.721e-20,7.864e-20,0.0003,11.96,0
FrontS91631,15.4563,-30.3797,1.849e-20,3.683e-20,1.088e-19,0.0004,12.11,0
FrontS91632,14.9442,-30.2009,3.303e-16,7.282e-16,2.624e-15,0.0005,10.3,0
FrontS91633,15.2029,-30.3244,9.298e-17,1.634e-16,3.832e-16,-0.0002,11.27,0
FrontS91634,15.1316,-30.0777,1.266e-18,1.613e-18,1.858e-18,0.0006,12.32,0
FrontS91635,14.9827,-30.0606,2.734e-17,2.593e-17,1.714e-17,0.0006,12.94,0
FrontS91636,15.1728,-30.1790,1.956e-12,1.366e-12,4.664e-13,-0.0005,11.93,0
FrontS91637,15.0490,-30.0147,2.066e-17,2.106e-17,1.621e-17,0.0007,12.97,0
FrontS91639,15.2810,-30.1322,6.808e-20,1.173e-19,2.580e-19,-0.0001,12.69,0
FrontS91640,15.2173,-30.1763,1.336e-16,2.091e-16,3.873e-16,0.0006,12.42,0
FrontS91641,15.0467,-30.3841,1.404e-16,2.678e-16,7.641e-16,0.0003,9.85,0
FrontS91644,15.1663,-30.1277,9.670e-16,7.575e-16,3.316e-16,-0.0001,12.32,1
FrontS91646,15.4349,-30.3056,1.153e-18,1.466e-18,1.733e-18,0.0006,13.2,0
FrontS91647,15.2107,-30.0431,8.244e-17,7.114e-17,3.731e-17,0.0008,12.66,0
FrontS91648,15.0893,-30.3931,2.441e-17,2.489e-17,1.871e-17,0.0012,9.92,0
FrontS91649,15.1897,-30.3066,2.929e-19,4.430e-19,7.752e-19,0.0002,11.26,0
FrontS91650,15.1798,-30.2532,1.086e-20,2.063e-20,5.920e-20,-0.0002,12.29,0
FrontS91652,14.9993,-30.0550,1.967e-17,2.038e-17,1.526e-17,0.0011,12.29,0
FrontS91653,15.0264,-29.9887,3.889e-16,3.115e-16,1.429e-16,0.0004,12.33,0
FrontS91654,15.0231,-30.4013,1.252e-20,2.489e-20,7.670e-20,0.0014,9.99,0
FrontS91655,15.2089,-30.3293,5.182e-17,5.167e-17,3.760e-17,0.0007,11.16,0
FrontS91656,15.0001,-30.0917,4.365e-17,4.163e-17,2.698e-17,0.0011,11.46,0
FrontS91657,15.0886,-30.1578,1.613e-18,2.026e-18,2.377e-18,-0.0,11.56,0
FrontS91658,15.2080,-30.1379,6.617e-12,4.934e-12,1.989e-12,0.0012,12.61,0
FrontS91659,15.1384,-30.2483,5.074e-18,5.816e-18,5.525e-18,0.0009,11.39,0
FrontS91660,15.0739,-30.0801,1.847e-19,2.757e-19,4.486e-19,0.0003,12.71,0
FrontS91662,15.3235,-30.4526,4.478e-18,5.312e-18,5.487e-18,0.0007,9.56,0
FrontS91663,14.9382,-30.1094,3.710e-12,2.832e-12,1.154e-12,0.0012,10.67,1
FrontS91664,15.0713,-30.4459,2.702e-16,2.281e-16,1.210e-16,0.0004,10.1,0
FrontS91665,14.9663,-30.5111,6.827e-19,9.950e-19,1.507e-18,-0.0,9.36,0
FrontS91666,14.9925,-30.4857,1.057e-16,9.496e-17,5.633e-17,-0.0002,9.38,0
FrontS91667,15.2726,-30.4303,5.651e-18,6.563e-18,6.293e-18,0.0009,10.77,0
FrontS91668,15.0366,-30.0109,3.479e-19,5.530e-19,1.018e-18,0.0014,12.9,0
FrontS91669,15.2420,-30.4582,3.541e-20,6.413e-20,1.554e-19,0.0011,10.83,0
FrontS91671,15.1089,-30.3342,4.672e-18,5.355e-18,5.003e-18,0.0003,10.13,0
FrontS91672,15.3040,-30.4436,2.523e-19,3.730e-19,5.993e-19,0.0002,11.15,0
FrontS91673,15.2160,-30.3513,3.710e-17,3.814e-17,2.882e-17,0.0013,10.91,0
FrontS91674,15.1500,-30.2984,4.599e-19,6.557e-19,9.664e-19,0.0003,11.1,0
FrontS91676,14.9960,-30.3470,4.558e-18,5.497e-18,5.846e-18,0.0003,9.9,0
FrontS91677,14.9467,-30.0619,4.620e-16,3.952e-16,2.131e-16,-0.0001,11.3,0
FrontS91678,15.1709,-30.0694,7.556e-19,9.867e-19,1.244e-18,0.0005,12.69,0
FrontS91680,14.9538,-30.3535,3.669e-18,4.559e-18,5.102e-18,0.0006,9.59,0
FrontS91681,15.1365,-30.2193,8.498e-19,1.131e-18,1.491e-18,0.001,11.53,0
FrontS91682,15.2141,-30.2799,2.660e-17,4.884e-17,1.241e-16,0.0006,11.6,0
FrontS91683,15.1216,-30.4081,2.293e-16,1.843e-16,8.683e-17,0.0001,10.46,0
FrontS91684,15.2744,-30.2980,2.235e-17,2.292e-17,1.752e-17,-0.0001,11.86,0
FrontS91685,15.0831,-30.1049,1.345e-18,1.795e-18,2.331e-18,0.0011,12.36,0
FrontS91686,15.0195,-30.1452,1.539e-12,1.045e-12,3.466e-13,0.0008,11.21,0
FrontS91687,15.2065,-30.1463,3.868e-16,3.242e-16,1.607e-16,-0.0003,12.38,0
FrontS91688,15.3807,-30.0166,1.531e-19,2.420e-19,4.732e-19,-0.0008,13.12,0
FrontS91689,15.1157,-30.1604,1.745e-18,2.131e-18,2.319e-18,0.0005,11.8,0
FrontS91690,15.3094,-30.4369,7.591e-16,6.220e-16,3.066e-16,0.0001,11.08,0
FrontS91691,14.9252,-30.2440,2.401e-16,2.100e-16,1.167e-16,0.0001,9.54,0
FrontS91694,15.2826,-30.1087,6.017e-16,4.942e-16,2.403e-16,0.0001,12.99,0
FrontS91695,15.0127,-30.5358,2.248e-20,4.217e-20,1.112e-19,0.0002,9.38,0
FrontS91696,15.2813,-30.4001,4.736e-18,5.807e-18,6.257e-18,0.0008,11.23,0
FrontS91699,15.0414,-30.4445,4.428e-17,4.410e-17,3.067e-17,0.0009,9.65,0
FrontS91700,15.0810,-30.4611,5.574e-18,6.382e-18,6.350e-18,0.0004,9.62,0
FrontS91701,15.1761,-30.2877,6.537e-19,9.652e-19,1.541e-18,0.0002,11.52,0
FrontS91703,15.0586,-30.3798,1.361e-19,2.239e-19,4.501e-19,0.0,10.03,0
FrontS91704,15.1065,-29.9022,2.205e-17,2.298e-17,1.767e-17,0.0007,13.18,0
FrontS91706,15.2235,-30.1875,1.215e-16,2.288e-16,5.977e-16,0.0,12.4,0
FrontS91707,14.9724,-30.1583,6.324e-17,1.023e-16,2.017e-16,0.0002,10.31,0
FrontS91708,14.9884,-30.2320,3.794e-17,3.654e-17,2.455e-17,0.0008,9.94,0
FrontS91709,15.0113,-30.2362,4.601e-20,8.130e-20,1.860e-19,0.0007,10.25,0
FrontS91711,15.0671,-30.4251,2.911e-18,3.718e-18,4.313e-18,-0.0003,9.81,0
FrontS91712,15.1644,-30.3728,3.656e-19,5.372e-19,8.149e-19,0.0009,10.24,0
FrontS91714,15.2416,-30.0319,1.163e-18,1.515e-18,1.857e-18,0.001,13.04,0
FrontS91716,15.3214,-29.9581,2.189e-19,3.124e-19,4.608e-19,-0.0003,13.21,0
FrontS91718,15.0100,-30.3863,1.384e-17,1.482e-17,1.290e-17,0.0008,9.68,0
FrontS91719,15.2742,-30.0172,6.245e-12,5.435e-12,2.973e-12,0.0005,13.07,1
FrontS91721,14.9839,-30.5207,3.620e-17,3.497e-17,2.395e-17,0.0004,9.36,0
FrontS91722,15.0925,-30.3702,8.276e-19,1.125e-18,1.549e-18,0.0004,10.15,0
FrontS91723,15.0279,-30.3722,4.889e-18,5.651e-18,5.433e-18,0.001,9.82,0
FrontS91724,15.0742,-30.4172,2.618e-16,4.850e-16,1.219e-15,-0.0004,9.8,0
FrontS91725,14.9667,-30.5560,1.987e-16,5.563e-16,3.398e-15,0.0002,9.53,0
FrontS91728,15.0473,-30.3800,9.920e-18,1.134e-17,1.118e-17,0.0011,9.95,0
FrontS91729,15.0446,-30.4629,1.581e-18,2.004e-18,2.405e-18,0.0004,9.68,0
FrontS91730,14.9572,-30.4513,6.122e-19,8.380e-19,1.121e-18,0.0012,9.59,0
FrontS91731,15.2628,-30.0634,3.320e-17,3.332e-17,2.457e-17,-0.0005,12.9,0
FrontS91732,15.1831,-30.0780,6.780e-12,5.109e-12,2.066e-12,0.0002,12.58,0
FrontS91733,15.0206,-30.3669,2.163e-18,2.607e-18,2.701e-18,0.0004,9.82,0
FrontS91736,14.9333,-30.4065,2.261e-17,2.286e-17,1.673e-17,-0.0001,9.49,0
FrontS91738,15.2770,-29.9251,1.853e-17,1.880e-17,1.403e-17,0.0004,13.27,0
FrontS91740,15.0384,-30.3588,2.912e-18,3.396e-18,3.518e-18,0.001,9.88,0
FrontS91744,15.3083,-30.1229,4.242e-12,3.548e-12,1.842e-12,-0.0005,12.96,1
FrontS91745,15.2981,-29.9923,2.870e-20,5.132e-20,1.257e-19,0.0001,13.19,0
FrontS91746,14.8903,-30.5706,1.127e-16,1.055e-16,6.687e-17,-0.0001,9.33,0
FrontS91747,15.0454,-30.4887,8.560e-12,6.501e-12,2.788e-12,0.0007,9.51,1
FrontS91748,14.9712,-30.5617,1.864e-18,2.431e-18,2.897e-18,0.0005,9.36,0
FrontS91749,15.2908,-29.9720,1.563e-18,1.996e-18,2.368e-18,0.0004,13.18,0
FrontS91750,15.3493,-30.0945,1.787e-16,3.258e-16,8.022e-16,-0.0009,13.07,0
FrontS91751,15.0225,-30.5036,2.001e-16,5.216e-16,2.805e-15,0.0012,9.47,0
FrontS91752,14.8658,-30.5745,9.191e-20,1.572e-19,3.385e-19,0.0009,9.35,0
FrontS91753,15.3399,-29.9732,2.497e-12,1.666e-12,5.568e-13,0.0,13.1,0
FrontS91754,15.2396,-29.9843,7.496e-18,8.638e-18,7.991e-18,0.0007,13.11,0
FrontS91755,15.0132,-30.4796,4.830e-18,5.270e-18,4.510e-18,0.0007,9.66,0
FrontS91757,15.2868,-30.1536,1.801e-18,2.472e-18,3.460e-18,0.0001,12.71,0
FrontS91758,14.9569,-30.4639,2.901e-16,2.482e-16,1.321e-16,0.0005,9.61,0
FrontS91760,14.9928,-30.5296,2.000e-18,2.649e-18,3.334e-18,0.0002,9.39,0
FrontS91761,15.0246,-30.5911,6.273e-18,7.146e-18,6.919e-18,0.0,9.44,0
FrontS91762,15.2226,-29.8763,1.943e-17,2.122e-17,1.862e-17,0.0001,13.04,0
FrontS91763,14.9938,-30.4681,1.378e-12,9.203e-13,3.006e-13,-0.0006,9.46,0
FrontS91764,15.0032,-30.5230,1.958e-16,2.987e-16,5.207e-16,-0.0004,9.52,0
FrontS91769,15.2982,-29.9460,3.056e-17,3.096e-17,2.289e-17,0.0007,13.21,0
FrontS91770,15.3773,-29.8523,9.035e-18,1.018e-17,9.494e-18,0.0008,13.3,0
FrontS91771,14.9314,-30.6191,1.517e-16,1.411e-16,8.866e-17,-0.0006,9.27,0
FrontS91772,15.0154,-30.4405,1.091e-16,9.662e-17,5.394e-17,0.0005,9.87,0
FrontS91774,14.9902,-30.5381,1.974e-20,3.579e-20,9.059e-20,-0.0006,9.52,0
FrontS91775,15.2938,-29.8580,4.251e-12,2.959e-12,1.047e-12,0.0008,13.03,0
FrontS91776,14.9646,-30.5417,7.110e-20,1.244e-19,2.845e-19,0.0006,9.54,0
FrontS91778,14.8911,-30.5070,9.441e-20,1.548e-19,3.009e-19,0.0,9.36,0
FrontS91779,14.9746,-30.5448,1.154e-18,1.565e-18,2.091e-18,0.0008,9.44,0
FrontS91780,15.0080,-30.5282,4.202e-19,6.174e-19,9.767e-19,-0.0002,9.44,0
FrontS91781,15.3217,-30.0193,6.839e-16,5.646e-16,2.676e-16,0.001,13.12,0
FrontS91785,15.4291,-29.8222,2.056e-20,3.819e-20,9.863e-20,0.0003,13.11,0
FrontS91786,14.8757,-30.6361,9.567e-19,1.306e-18,1.808e-18,0.001,9.24,0
FrontS91787,14.9655,-30.5975,1.975e-16,1.702e-16,9.243e-17,0.0006,9.36,0
FrontS91788,15.0272,-30.4926,1.413e-15,1.106e-15,4.997e-16,0.0001,9.56,1
FrontS91789,15.2952,-29.9807,4.842e-18,5.389e-18,4.916e-18,0.0004,13.07,0
FrontS91791,15.2704,-30.0142,2.542e-16,4.762e-16,1.261e-15,0.0007,12.86,0
FrontS91793,14.8585,-30.7004,2.936e-20,5.599e-20,1.510e-19,0.0007,9.24,0
FrontS91794,14.8101,-30.7067,9.037e-18,1.042e-17,9.788e-18,0.0007,9.25,0
FrontS91796,14.9411,-30.5605,1.328e-16,1.171e-16,6.587e-17,-0.0001,9.38,0
FrontS91798,14.9361,-30.4950,3.741e-20,6.279e-20,1.335e-19,-0.0001,9.49,0
FrontS91799,15.3011,-30.0588,9.211e-18,1.076e-17,1.060e-17,0.0001,12.85,0
FrontS91801,14.9370,-30.5354,2.697e-17,2.783e-17,2.103e-17,0.0008,9.43,0
FrontS91802,14.9310,-30.6941,1.416e-16,1.220e-16,6.798e-17,-0.0007,9.53,0
FrontS91804,14.8660,-30.6838,2.311e-16,2.088e-16,1.254e-16,0.0004,9.26,0
FrontS91806,14.9209,-30.6374,4.091e-16,5.905e-16,9.348e-16,0.0001,9.32,0
FrontS91808,14.9121,-30.5887,1.006e-19,1.705e-19,3.610e-19,-0.0004,9.27,0
FrontS91809,15.3800,-29.8428,3.885e-18,4.473e-18,4.287e-18,0.0004,13.15,0
FrontS91810,14.8396,-30.6775,1.641e-16,1.466e-16,8.232e-17,0.0001,9.34,0
FrontS91811,15.3722,-29.9099,1.701e-18,2.283e-18,2.960e-18,0.0003,12.96,0
FrontS91812,14.9192,-30.7194,5.143e-17,4.990e-17,3.407e-17,-0.0002,9.35,0
FrontS91814,14.9772,-30.5521,1.972e-18,2.510e-18,2.954e-18,0.0007,9.5,0
FrontS91815,14.9658,-30.6095,1.929e-17,2.008e-17,1.522e-17,0.0009,9.33,0
FrontS91816,15.3023,-29.9003,1.305e-20,2.482e-20,6.848e-20,0.0006,13.08,0
FrontS91818,15.3462,-29.8230,1.297e-16,2.579e-16,7.482e-16,0.001,12.99,0
FrontS91820,15.3584,-29.9288,8.289e-19,1.063e-18,1.268e-18,0.001,13.06,0
FrontS91821,15.4089,-29.8373,3.349e-17,3.353e-17,2.484e-17,0.0009,13.24,0
FrontS91822,14.9698,-30.6542,2.231e-18,2.840e-18,3.346e-18,0.0006,9.42,0
FrontS91823,15.4553,-29.8499,1.675e-16,2.671e-16,5.268e-16,-0.0002,13.07,0
FrontS91825,15.3744,-29.8272,9.676e-12,7.465e-12,3.202e-12,-0.0006,13.2,1
FrontS91827,14.7948,-30.7368,4.213e-18,4.959e-18,5.121e-18,0.0014,9.28,0
FrontS91828,15.3463,-29.9161,2.126e-16,4.400e-16,1.437e-15,0.0016,13.09,0
FrontS91829,15.5341,-29.7011,3.683e-20,6.749e-20,1.705e-19,0.0002,13.29,0
FrontS91830,15.3446,-29.8923,1.516e-20,2.761e-20,6.876e-20,-0.0004,13.08,0
FrontS91831,14.8679,-30.6526,2.903e-15,2.190e-15,8.800e-16,0.0003,9.46,0
FrontS91833,15.4450,-29.7314,3.339e-19,4.903e-19,7.627e-19,0.0002,13.26,0
FrontS91834,14.8628,-30.7372,7.107e-17,1.380e-16,3.806e-16,-0.0002,9.3,0
FrontS91836,15.3757,-29.8404,1.842e-20,3.681e-20,1.114e-19,-0.0006,13.14,0
FrontS91838,14.9591,-30.6409,1.411e-18,1.843e-18,2.294e-18,0.0001,9.39,0
FrontS91839,14.7616,-30.7300,3.326e-17,7.240e-17,2.595e-16,0.0015,9.3,0
FrontS91844,14.8313,-30.7275,5.928e-12,4.670e-12,2.104e-12,0.0004,9.29,1
FrontS91846,14.9051,-30.7612,1.776e-20,3.745e-20,1.287e-19,0.0007,9.42,0
FrontS91847,15.4310,-29.6758,1.406e-16,2.456e-16,5.628e-16,0.0006,13.34,0
FrontS91848,15.5051,-29.8335,6.297e-17,9.228e-17,1.454e-16,-0.0006,13.3,0
FrontS91849,15.3825,-29.7892,3.592e-19,5.315e-19,8.576e-19,0.0001,13.14,0
FrontS91852,15.4329,-29.7170,2.287e-16,5.244e-16,2.145e-15,0.0005,13.22,0
FrontS91853,14.7416,-30.6839,4.075e-16,3.356e-16,1.661e-16,0.0003,9.36,0
FrontS91854,15.4650,-29.7113,7.732e-18,8.439e-18,7.382e-18,0.0012,13.26,0
FrontS91856,15.4529,-29.8107,2.612e-19,3.877e-19,6.132e-19,0.0009,13.13,0
FrontS91857,15.4121,-29.7348,3.504e-19,5.075e-19,7.756e-19,0.0004,13.14,0
FrontS91858,14.8421,-30.7830,3.419e-18,3.924e-18,3.585e-18,0.0001,9.35,0
FrontS91860,15.4714,-29.7745,9.417e-17,8.594e-17,5.269e-17,0.0003,13.2,0
FrontS91861,15.4550,-29.7092,5.025e-17,9.514e-17,2.568e-16,0.0008,13.36,0
FrontS91862,14.8530,-30.7043,1.901e-17,1.864e-17,1.304e-17,0.001,9.27,0
FrontS91864,15.5328,-29.6504,1.479e-18,1.863e-18,2.229e-18,0.0009,13.28,0
FrontS91865,15.4683,-29.7557,1.403e-15,1.082e-15,4.530e-16,-0.0002,13.18,1
FrontS91866,15.4635,-29.6422,1.230e-17,1.275e-17,9.898e-18,0.0002,13.23,0
FrontS91868,14.8761,-30.7623,5.887e-16,4.791e-16,2.375e-16,0.0009,9.34,0
FrontS91874,14.7973,-30.8424,1.362e-16,1.172e-16,6.196e-17,0.0011,9.26,0
FrontS91875,15.4182,-29.7455,2.425e-19,3.545e-19,5.719e-19,0.0008,13.15,0
FrontS91876,15.4931,-29.6661,9.124e-17,8.326e-17,5.108e-17,0.0003,13.3,0
FrontS91879,15.5686,-29.6350,5.789e-16,1.203e-15,3.835e-15,-0.0007,13.27,0
FrontS91880,14.6680,-30.8932,3.434e-20,6.194e-20,1.594e-19,0.0,9.17,0
FrontS91881,14.7082,-30.7598,5.067e-16,4.285e-16,2.145e-16,0.0002,9.22,0
FrontS91883,14.7083,-30.8811,9.912e-16,7.766e-16,3.510e-16,0.0005,9.26,1
FrontS91884,14.6812,-30.9968,2.103e-20,4.459e-20,1.505e-19,0.0001,9.26,0
FrontS91885,15.5617,-29.6804,1.182e-16,1.084e-16,6.944e-17,0.0007,13.17,0
FrontS91887,14.7965,-30.8016,3.144e-12,2.176e-12,7.393e-13,0.0007,9.32,0
FrontS91889,15.5167,-29.6315,1.608e-15,1.236e-15,5.248e-16,0.0008,13.29,1
FrontS91891,14.7627,-30.7669,5.491e-20,9.915e-20,2.424e-19,-0.0002,9.35,0
FrontS91893,14.7035,-30.9011,6.298e-16,4.856e-16,2.150e-16,-0.0007,9.23,0
FrontS91894,15.5092,-29.6901,7.806e-14,5.281e-14,1.699e-14,0.0014,13.27,0
FrontS91895,15.5408,-29.6207,5.706e-12,4.938e-12,2.579e-12,0.0002,13.27,1
FrontS91896,15.5547,-29.6156,6.662e-16,5.444e-16,2.561e-16,0.0004,13.28,0
FrontS91897,15.5578,-29.6064,6.705e-15,4.725e-15,1.762e-15,0.0002,13.26,0
FrontS91898,15.5424,-29.6024,1.558e-14,1.057e-14,3.640e-15,0.0007,13.25,0
FrontS91899,15.5137,-29.6664,1.259e-14,8.779e-15,3.131e-15,-0.0,13.27,0
FrontS91900,15.5544,-29.5992,1.527e-12,1.018e-12,3.420e-13,0.0003,13.31,0
FrontS91901,14.7625,-30.8466,1.456e-15,1.090e-15,4.473e-16,0.0011,9.34,1
FrontS91902,14.7575,-30.8922,1.087e-15,8.751e-16,4.217e-16,0.0006,9.37,0
FrontS91903,15.5329,-29.6136,1.658e-15,1.330e-15,6.332e-16,0.0003,13.19,0
FrontS91904,15.5434,-29.5915,1.819e-15,1.390e-15,5.825e-16,0.0003,13.24,1
FrontS91905,15.5186,-29.6380,1.172e-16,2.584e-16,9.351e-16,0.0006,13.13,0
FrontS91906,15.5029,-29.6746,2.070e-16,1.703e-16,8.805e-17,-0.0002,13.12,0
FrontS91907,15.5125,-29.6452,6.563e-17,6.201e-17,3.923e-17,0.0007,13.1,0
FrontS91908,15.5089,-29.6322,1.751e-14,1.240e-14,4.446e-15,0.0007,13.1,0
FrontS91909,15.4969,-29.6388,2.551e-12,1.839e-12,6.604e-13,0.0007,13.08,0
FrontS91910,15.5210,-29.6183,3.139e-17,3.249e-17,2.553e-17,0.0005,13.09,0
FrontS91911,14.7484,-30.9058,9.948e-16,7.788e-16,3.474e-16,0.0001,9.41,1
FrontS91912,15.4917,-29.6532,1.374e-14,9.750e-15,3.624e-15,0.0002,13.05,0
FrontS91913,14.7942,-30.8485,5.363e-17,5.151e-17,3.415e-17,0.0012,9.53,0
FrontS91914,14.7947,-30.8593,2.198e-15,1.701e-15,7.070e-16,0.0,9.52,1
FrontS91915,15.4888,-29.6061,3.456e-17,3.169e-17,1.985e-17,-0.0,13.03,0
FrontS91916,14.7677,-30.9136,2.731e-15,2.062e-15,8.381e-16,0.0002,9.53,0
FrontS91917,14.7903,-30.8795,3.621e-15,2.669e-15,1.049e-15,0.0002,9.54,0
FrontS91918,15.4555,-29.6852,3.070e-15,2.259e-15,9.089e-16,0.0009,12.92,0
FrontS91919,15.4497,-29.6977,5.341e-15,3.786e-15,1.440e-15,0.0001,12.86,0
FrontS91920,14.8314,-30.8177,4.268e-14,2.955e-14,9.968e-15,0.0007,9.71,0
FrontS91921,14.8086,-30.8784,1.300e-16,1.130e-16,6.069e-17,-0.0002,9.6,0
FrontS91922,14.8243,-30.8429,2.593e-17,2.741e-17,2.198e-17,-0.0,9.7,0
FrontS91923,14.8352,-30.8247,1.187e-16,1.073e-16,6.625e-17,0.0003,9.75,0
FrontS91924,14.8452,-30.8160,9.805e-16,7.795e-16,3.696e-16,0.0002,9.75,0
FrontS91925,14.8806,-30.7691,4.665e-16,3.776e-16,1.814e-16,-0.0001,9.84,0
FrontS91926,15.4210,-29.7072,1.277e-16,1.109e-16,6.192e-17,0.0008,12.66,0
FrontS91927,14.8879,-30.7912,6.038e-16,4.991e-16,2.412e-16,0.0009,9.84,0
FrontS91928,14.8759,-30.8004,2.061e-18,2.711e-18,3.592e-18,0.0002,9.86,0
FrontS91929,14.8842,-30.7988,4.076e-16,3.361e-16,1.637e-16,0.0011,9.94,0
FrontS91930,15.3854,-29.7223,7.447e-15,5.310e-15,1.953e-15,0.0001,12.63,0
FrontS91931,14.8846,-30.8002,1.325e-14,9.489e-15,3.535e-15,0.0014,9.91,0
FrontS91932,14.9097,-30.7628,4.603e-15,3.332e-15,1.263e-15,0.0005,10.03,0
FrontS91933,14.9561,-30.7258,7.846e-15,5.724e-15,2.173e-15,-0.0001,10.19,0
FrontS91934,15.3314,-29.8110,2.325e-14,1.652e-14,6.224e-15,0.0004,12.37,0
FrontS91935,14.9503,-30.7215,9.617e-15,7.051e-15,2.686e-15,0.0009,10.23,0
FrontS91936,15.3185,-29.7875,4.883e-15,3.569e-15,1.387e-15,0.0007,12.37,0
FrontS91937,15.0046,-30.6458,1.213e-14,8.697e-15,3.174e-15,0.0005,10.38,0
FrontS91938,14.9816,-30.6717,5.045e-17,4.625e-17,2.812e-17,0.0002,10.31,0
FrontS91939,15.2650,-29.8600,6.226e-18,7.254e-18,6.878e-18,0.0014,12.11,0
FrontS91940,15.2413,-29.8666,1.553e-16,1.372e-16,7.459e-17,-0.0001,12.05,0
FrontS91941,15.0174,-30.6366,5.948e-16,4.900e-16,2.369e-16,-0.0002,10.42,0
FrontS91942,15.0421,-30.6114,5.760e-15,4.313e-15,1.766e-15,0.0003,10.54,0
FrontS91943,15.2180,-29.9180,8.460e-17,7.923e-17,5.042e-17,0.0003,11.95,0
FrontS91944,15.0728,-30.5862,5.706e-15,4.129e-15,1.535e-15,0.0003,10.63,0
FrontS91945,15.0672,-30.5721,6.332e-16,5.002e-16,2.148e-16,0.0007,10.68,1
FrontS91946,15.1125,-30.5298,2.155e-14,1.482e-14,5.067e-15,0.0002,10.82,0
FrontS91947,15.1051,-30.5256,3.408e-15,2.599e-15,1.085e-15,0.0004,10.81,0
FrontS91948,15.1322,-29.9918,2.056e-15,1.595e-15,6.945e-16,0.0001,11.64,1
FrontS91949,15.1168,-30.0492,2.437e-16,4.142e-16,9.073e-16,0.0006,11.58,0
FrontS91950,15.1221,-30.4999,4.958e-15,3.590e-15,1.381e-15,0.0001,10.86,0
FrontS91951,15.1341,-30.0434,1.788e-15,1.341e-15,5.447e-16,0.0014,11.61,1
FrontS91952,15.1943,-30.4102,2.352e-16,1.983e-16,1.002e-16,0.0008,11.12,0
FrontS91953,15.0759,-30.0968,5.961e-16,4.744e-16,2.180e-16,0.0002,11.4,0
FrontS91954,15.2152,-30.3948,4.008e-16,3.300e-16,1.627e-16,0.0002,11.2,0
FrontS91955,15.0530,-30.1383,9.287e-15,6.484e-15,2.336e-15,0.0003,11.31,0
FrontS91956,15.2365,-30.3713,8.866e-17,8.753e-17,6.180e-17,0.0004,11.27,0
FrontS91957,15.0177,-30.1658,5.865e-16,4.621e-16,2.094e-16,0.0005,11.21,0
FrontS91958,15.2717,-30.3346,2.545e-15,1.870e-15,7.443e-16,0.0004,11.38,0
FrontS91959,14.9671,-30.2410,7.792e-16,6.098e-16,2.765e-16,0.0001,11.0,1
FrontS91960,14.9518,-30.2679,3.903e-19,5.621e-19,8.627e-19,0.0008,10.97,0
FrontS91961,15.3448,-30.2233,1.137e-18,1.553e-18,2.201e-18,0.0009,11.65,0
FrontS91962,14.9408,-30.2947,6.520e-17,1.123e-16,2.545e-16,0.0011,10.88,0
FrontS91963,14.9246,-30.3099,6.220e-13,4.090e-13,1.322e-13,-0.0004,10.81,0
FrontS91964,15.4325,-30.1252,5.522e-12,3.869e-12,1.376e-12,0.0012,11.89,0
FrontS91965,15.4205,-30.1463,6.359e-15,4.354e-15,1.505e-15,0.0008,11.88,0
FrontS91966,14.8302,-30.4186,4.013e-15,2.947e-15,1.179e-15,0.0008,10.57,0
FrontS91967,14.8234,-30.4476,5.034e-17,4.864e-17,3.371e-17,0.0002,10.5,0
FrontS91968,14.8205,-30.4602,1.221e-14,8.480e-15,3.021e-15,0.0004,10.42,0
FrontS91969,14.7942,-30.4757,7.489e-15,5.268e-15,1.836e-15,0.0002,10.37,0
FrontS91970,14.7769,-30.5206,5.691e-15,4.225e-15,1.681e-15,0.0006,10.35,0
FrontS91971,15.5500,-29.9331,6.681e-15,4.864e-15,1.854e-15,0.0006,12.31,0
FrontS91972,15.5553,-29.9055,2.537e-15,1.947e-15,8.244e-16,0.0003,12.38,1
FrontS91973,14.7186,-30.5967,1.659e-14,1.132e-14,3.827e-15,-0.0001,10.12,0
FrontS91974,15.6081,-29.8529,3.416e-16,2.822e-16,1.387e-16,0.0003,12.54,0
FrontS91975,14.6656,-30.6745,1.056e-15,8.018e-16,3.339e-16,0.0001,10.0,0
FrontS91976,15.6186,-29.7898,1.558e-15,1.194e-15,5.025e-16,0.0001,12.6,1
FrontS91977,15.6219,-29.7576,4.763e-13,3.173e-13,1.016e-13,-0.0001,12.75,0
FrontS91978,15.6766,-29.7230,1.188e-14,8.370e-15,3.047e-15,0.0,12.77,0
FrontS91979,15.6921,-29.6975,1.376e-16,1.256e-16,7.294e-17,0.0008,12.83,0
FrontS91980,15.6672,-29.6922,1.142e-15,9.473e-16,4.502e-16,-0.0008,12.85,0
FrontS91981,15.7186,-29.6739,6.551e-16,5.260e-16,2.412e-16,0.0007,12.95,0
FrontS91982,15.7063,-29.6435,5.523e-14,3.647e-14,1.152e-14,0.0007,12.95,0
FrontS91983,15.7596,-29.6042,1.954e-16,1.725e-16,9.740e-17,0.0006,13.01,0
FrontS91985,14.7709,-30.8485,5.507e-16,4.409e-16,2.004e-16,0.0006,9.4,0
FrontS91986,15.5109,-29.6631,6.956e-17,1.186e-16,2.534e-16,0.0007,13.16,0
FrontS91987,14.7429,-30.9255,3.589e-17,3.562e-17,2.574e-17,0.0003,9.31,0
FrontS91988,14.7542,-30.8753,6.372e-19,9.279e-19,1.425e-18,0.0006,9.45,0
FrontS91989,14.7915,-30.8242,3.450e-17,3.459e-17,2.399e-17,0.0008,9.46,0
FrontS91990,14.7501,-30.8712,4.980e-16,4.142e-16,2.120e-16,0.0006,9.44,0
FrontS91991,15.4817,-29.6119,6.055e-16,4.886e-16,2.321e-16,0.0003,13.06,0
FrontS91993,14.8258,-30.8124,1.383e-15,1.025e-15,4.137e-16,0.0012,9.61,0
FrontS91994,15.4160,-29.7702,5.148e-16,4.233e-16,2.078e-16,0.0008,12.86,0
FrontS91995,14.7875,-30.8313,1.497e-16,1.359e-16,7.837e-17,0.0006,9.57,0
FrontS91996,14.8154,-30.8179,3.345e-16,2.583e-16,1.158e-16,0.0003,9.61,0
FrontS91997,15.4481,-29.6662,7.882e-12,6.094e-12,2.637e-12,0.0009,12.93,1
FrontS91998,15.4366,-29.7400,9.047e-16,6.991e-16,2.957e-16,0.0011,12.84,1
FrontS91999,15.4110,-29.7482,2.781e-17,2.930e-17,2.370e-17,0.0009,12.79,0
FrontS92000,15.4253,-29.7130,1.512e-17,1.512e-17,1.061e-17,0.0006,12.81,0
FrontS92001,15.4229,-29.7218,8.855e-17,1.640e-16,4.335e-16,-0.0007,12.75,0
FrontS92002,15.3868,-29.7326,2.642e-17,2.654e-17,1.912e-17,0.0011,12.72,0
FrontS92003,15.3525,-29.8113,1.151e-18,1.504e-18,1.906e-18,0.0002,12.59,0
FrontS92004,15.3940,-29.6927,1.621e-16,2.850e-16,6.389e-16,0.0004,12.73,0
FrontS92005,15.4059,-29.7648,1.386e-16,1.230e-16,6.926e-17,-0.0,12.69,0
FrontS92006,15.3967,-29.7555,1.677e-16,3.049e-16,7.944e-16,0.0003,12.62,0
FrontS92007,15.3476,-29.7819,1.358e-14,9.364e-15,3.205e-15,0.0009,12.56,0
FrontS92008,15.3661,-29.7240,2.475e-12,1.715e-12,6.031e-13,0.001,12.68,0
FrontS92009,15.3631,-29.6961,5.782e-16,4.610e-16,2.040e-16,-0.0001,12.63,0
FrontS92010,15.3971,-29.7917,4.518e-18,5.200e-18,4.868e-18,0.0003,12.62,0
FrontS92011,15.2949,-29.8435,5.139e-18,6.283e-18,6.745e-18,0.0004,12.38,0
FrontS92012,14.8552,-30.7659,9.742e-18,1.066e-17,8.976e-18,-0.0008,9.92,0
FrontS92013,15.0099,-30.6494,7.448e-17,7.017e-17,4.426e-17,0.0007,10.25,0
FrontS92014,15.3611,-29.7438,4.152e-19,6.163e-19,1.007e-18,-0.0002,12.47,0
FrontS92015,14.9727,-30.6667,2.911e-18,3.500e-18,3.719e-18,0.0005,10.24,0
FrontS92016,14.9233,-30.7137,1.036e-15,8.103e-16,3.542e-16,0.0004,10.08,1
FrontS92017,15.2902,-29.8603,2.376e-16,3.908e-16,7.664e-16,0.0009,12.26,0
FrontS92018,15.3147,-29.8304,1.982e-19,3.082e-19,5.536e-19,0.0006,12.37,0
FrontS92021,15.2599,-29.8956,1.148e-16,1.049e-16,6.423e-17,-0.0001,12.1,0
FrontS92023,15.1978,-29.9071,2.270e-16,1.915e-16,9.940e-17,0.0006,11.93,0
FrontS92024,14.9935,-30.6782,2.020e-16,1.827e-16,1.045e-16,0.0002,10.37,0
FrontS92025,15.0699,-30.5612,8.342e-18,8.842e-18,7.294e-18,0.0012,10.65,0
FrontS92027,15.0298,-30.5535,3.723e-16,3.235e-16,1.766e-16,0.0008,10.55,0
FrontS92028,15.1776,-30.0046,1.031e-15,8.050e-16,3.608e-16,0.0008,11.81,1
FrontS92029,15.1355,-30.0031,5.105e-16,4.050e-16,1.881e-16,-0.0005,11.69,0
FrontS92030,15.1571,-29.9603,2.980e-15,2.268e-15,9.425e-16,0.0005,11.78,0
FrontS92031,15.1779,-30.0026,2.502e-16,2.187e-16,1.234e-16,0.001,11.76,0
FrontS92032,15.1188,-30.4815,7.798e-19,1.071e-18,1.508e-18,-0.0001,10.9,0
FrontS92033,15.1124,-30.0187,4.265e-16,3.483e-16,1.661e-16,0.0002,11.6,0
FrontS92034,15.1200,-30.0661,5.464e-12,4.129e-12,1.690e-12,0.0008,11.56,1
FrontS92036,15.0861,-30.1032,9.516e-17,8.497e-17,5.047e-17,0.0009,11.44,0
FrontS92037,15.2569,-30.3348,4.884e-16,4.146e-16,2.125e-16,0.0007,11.34,0
FrontS92038,15.0337,-30.1396,1.406e-16,3.126e-16,1.241e-15,-0.0009,11.29,0
FrontS92039,15.2601,-30.3471,2.481e-15,1.820e-15,7.405e-16,-0.0001,11.32,0
FrontS92040,15.0263,-30.1570,1.050e-15,8.554e-16,3.911e-16,0.0001,11.25,0
FrontS92042,14.9880,-30.1926,1.950e-15,1.517e-15,6.593e-16,-0.0001,11.1,1
FrontS92043,14.9392,-30.2712,3.871e-17,5.431e-17,7.898e-17,0.0007,10.89,0
FrontS92044,14.9065,-30.2722,8.352e-16,6.492e-16,2.783e-16,-0.0,10.89,1
FrontS92045,14.8909,-30.2807,2.477e-19,3.795e-19,6.502e-19,-0.0001,10.86,0
FrontS92046,15.3403,-30.1869,8.992e-16,7.407e-16,3.701e-16,0.0009,11.73,0
FrontS92047,15.4294,-30.1260,1.434e-17,1.497e-17,1.202e-17,0.0007,11.85,0
FrontS92048,15.4159,-30.1657,4.334e-20,7.898e-20,1.915e-19,0.0006,11.86,0
FrontS92050,15.3848,-30.1187,1.194e-16,1.069e-16,6.192e-17,0.0013,11.91,0
FrontS92051,14.8110,-30.4476,2.238e-16,2.000e-16,1.131e-16,0.0006,10.52,0
FrontS92052,14.7979,-30.4664,5.867e-16,4.631e-16,2.153e-16,0.0004,10.47,0
FrontS92054,15.4401,-30.0298,1.594e-15,1.300e-15,6.097e-16,0.0003,12.26,0
FrontS92055,15.5427,-29.9654,7.971e-20,1.379e-19,2.965e-19,0.0005,12.29,0
FrontS92056,15.5452,-29.9204,1.104e-16,1.017e-16,6.140e-17,0.0009,12.37,0
FrontS92058,14.7474,-30.6112,1.585e-16,1.382e-16,7.495e-17,-0.0001,10.09,0
FrontS92059,14.6772,-30.6598,8.003e-15,5.606e-15,1.966e-15,0.0008,10.09,0
FrontS92062,15.7168,-29.6886,2.497e-18,3.131e-18,3.525e-18,0.0003,12.78,0
FrontS92063,15.7079,-29.6832,4.863e-16,4.073e-16,2.067e-16,0.0006,12.74,0
FrontS92064,15.6776,-29.7102,1.958e-17,2.002e-17,1.480e-17,0.0009,12.82,0
FrontS92065,14.5648,-30.8012,2.300e-20,4.673e-20,1.412e-19,0.0004,9.73,0
FrontS92066,15.7259,-29.6164,3.008e-14,2.063e-14,6.816e-15,0.0003,13.04,0
FrontS92067,14.5806,-30.8549,2.277e-17,2.230e-17,1.521e-17,0.0003,9.57,0
FrontS92069,14.5417,-30.9620,7.235e-16,5.928e-16,2.948e-16,0.0006,9.35,0
FrontS92070,15.7660,-29.5356,1.407e-19,2.218e-19,4.225e-19,0.001,13.19,0
FrontS92071,14.5184,-30.9466,4.030e-17,4.187e-17,3.319e-17,0.0004,9.38,0
FrontS92072,15.8304,-29.4160,4.094e-15,1.335e-14,1.092e-13,0.0005,13.28,0
FrontS92073,14.4676,-31.0482,9.298e-18,9.711e-18,7.521e-18,-0.0003,9.27,0
FrontS92074,15.8096,-29.4404,1.069e-19,1.783e-19,3.582e-19,0.001,13.34,0
FrontS92075,8.4215,-1.6264,1.949e-18,5.628e-18,3.692e-17,0.0426,1.84,0
FrontS92076,-1.6806,-1.7454,4.344e-17,9.598e-17,3.574e-16,0.0401,-0.65,0
FrontS92077,3.0498,-0.9781,2.393e-18,6.677e-18,4.278e-17,0.0407,0.95,0
FrontS92078,4.0301,-0.0837,7.531e-19,2.172e-18,1.379e-17,0.0273,0.68,0
FrontS92079,19.9585,-2.4068,8.811e-18,1.783e-17,5.344e-17,0.0272,2.35,0
FrontS92080,0.6054,-0.4349,4.125e-15,5.768e-15,8.506e-15,0.0389,0.29,0
FrontS92081,5.8423,0.7430,3.694e-15,4.989e-15,6.694e-15,0.0292,1.16,0
FrontS92082,7.9643,-3.9244,3.658e-12,3.455e-12,2.196e-12,0.0699,1.08,0
FrontS92084,17.2468,2.5542,6.263e-16,1.120e-15,2.662e-15,0.0374,2.65,0
FrontS92085,-1.3229,2.6359,3.166e-08,3.007e-08,1.974e-08,0.0339,-0.87,1
FrontS92086,-24.8510,-3.1196,4.610e-15,6.644e-15,1.009e-14,0.0327,-2.91,0
FrontS92087,4.8219,0.9868,2.249e-16,4.710e-16,1.556e-15,0.0562,0.78,0
FrontS92088,2.2461,5.0028,6.345e-15,9.419e-15,1.510e-14,0.0471,0.47,0
FrontS92089,-19.8612,0.4480,1.458e-16,1.008e-16,3.447e-17,0.0388,-2.83,0
FrontS92090,2.0284,-3.2989,3.666e-15,5.169e-15,7.574e-15,0.0357,1.38,0
FrontS92092,7.5281,-0.7059,3.616e-14,4.138e-14,3.925e-14,0.0382,1.86,0
FrontS92093,3.4090,-0.3326,2.657e-14,2.928e-14,2.569e-14,0.0132,0.26,0
FrontS92095,-0.8504,1.3372,1.628e-18,5.163e-18,4.093e-17,0.0443,-0.2,0
FrontS92097,-2.4423,1.2677,5.985e-13,9.864e-13,2.004e-12,0.0271,-0.41,0
FrontS92099,29.5537,0.9634,2.908e-15,4.559e-15,8.419e-15,0.0393,3.24,0
FrontS92101,-9.4815,0.5148,4.049e-14,4.564e-14,4.157e-14,0.0279,-1.5,0
FrontS92103,-10.6692,1.0334,1.314e-15,2.267e-15,4.993e-15,0.0391,-2.24,0
FrontS92105,-13.9070,-0.4547,1.770e-14,1.951e-14,1.742e-14,0.0168,-1.12,0
FrontS92106,1.0346,4.2297,1.489e-16,1.035e-16,3.605e-17,0.0378,0.59,0
FrontS92107,8.7725,-2.7825,1.081e-19,3.926e-19,3.967e-18,0.0327,1.92,0
FrontS92108,-3.2997,-1.1858,2.714e-08,2.271e-08,1.118e-08,0.0242,-0.47,1
FrontS92109,-4.0972,-1.0354,1.646e-18,4.693e-18,2.914e-17,0.0239,-0.56,0
FrontS92110,4.7397,-2.7616,9.557e-19,2.467e-18,1.329e-17,0.0256,0.71,0
FrontS92111,-6.0059,1.8443,6.356e-17,1.345e-16,4.540e-16,0.036,-1.74,0
FrontS92113,1.7022,-2.8433,2.966e-08,2.086e-08,7.514e-09,0.0354,1.34,0
FrontS92114,-28.6184,-0.2560,2.093e-14,2.612e-14,2.946e-14,0.0382,-3.23,0
FrontS92116,-1.2980,-2.4708,1.730e-19,5.657e-19,4.818e-18,0.0332,-0.45,0
FrontS92117,-0.1090,0.0216,7.253e-18,1.719e-17,7.404e-17,0.0363,-0.07,0
FrontS92118,-3.7710,-2.5874,1.807e-15,2.929e-15,5.601e-15,0.0405,-1.1,0
FrontS92119,1.8294,2.9881,1.565e-15,2.506e-15,4.902e-15,0.0317,0.55,0
FrontS92120,-33.1598,1.1222,5.125e-17,1.095e-16,3.729e-16,0.0285,-2.96,0
FrontS92121,17.3503,0.3121,7.544e-13,1.138e-12,1.953e-12,0.0345,2.61,0
FrontS92122,-4.0435,4.8049,5.772e-16,9.567e-16,1.933e-15,0.0332,-1.37,0
FrontS92124,-37.5757,1.2049,3.403e-13,5.807e-13,1.307e-12,0.0162,-2.32,0
FrontS92125,7.8562,3.9824,3.501e-17,8.207e-17,3.448e-16,0.0689,1.06,0
FrontS92128,-15.6885,-1.2875,2.944e-12,5.290e-12,1.241e-11,0.0333,-2.41,0
FrontS92129,3.5649,2.2011,1.186e-16,8.220e-17,2.807e-17,0.0325,0.95,0
FrontS92130,-19.4982,-3.9711,1.184e-18,4.152e-18,3.918e-17,0.0558,-2.53,0
FrontS92131,6.8393,-5.6036,7.158e-16,1.275e-15,2.936e-15,0.0346,1.9,0
FrontS92132,29.8361,1.4481,2.415e-14,2.899e-14,3.006e-14,0.029,2.95,0
FrontS92134,40.3580,-2.2416,1.076e-14,1.534e-14,2.281e-14,0.0482,3.56,0
FrontS92137,-11.2891,-2.0590,8.761e-18,1.918e-17,6.737e-17,0.0333,-2.12,0
FrontS92139,6.1787,-2.1322,1.233e-17,2.715e-17,1.009e-16,0.0241,0.82,0
FrontS92140,42.7781,-5.1249,1.352e-12,1.913e-12,2.918e-12,0.0554,3.64,0
FrontS92141,17.3517,3.6748,4.280e-19,1.458e-18,1.353e-17,0.0291,2.27,0
FrontS92142,-2.5615,-3.9524,2.041e-16,4.189e-16,1.287e-15,0.0433,-0.66,0
FrontS92143,12.8285,-4.2727,6.020e-19,1.737e-18,1.140e-17,0.0322,2.29,0
FrontS92145,0.1986,0.8068,4.659e-15,6.528e-15,9.079e-15,0.0279,0.04,0
FrontS92146,0.9484,1.4369,4.380e-16,7.649e-16,1.670e-15,0.0355,0.78,0
FrontS92147,7.6833,7.5234,6.632e-12,6.139e-12,3.705e-12,0.1014,0.87,0
FrontS92148,-33.7354,0.9776,2.222e-19,9.055e-19,1.191e-17,0.0608,-3.3,0
FrontS92149,-0.4389,4.1678,4.632e-16,8.773e-16,2.338e-15,0.0414,-0.15,0
FrontS92150,-43.1236,2.7835,3.894e-16,6.140e-16,1.128e-15,0.0209,-2.69,0
FrontS92151,-6.9066,-14.1963,5.716e-13,5.925e-13,4.608e-13,0.1053,-0.71,0
FrontS92152,11.4133,2.1762,5.658e-16,1.160e-15,3.654e-15,0.1289,1.25,0
FrontS92153,0.7518,2.9281,1.276e-17,3.232e-17,1.616e-16,0.0361,1.25,0
FrontS92154,-30.9635,-6.8275,1.844e-15,3.048e-15,6.309e-15,0.0703,-3.01,0
FrontS92155,-4.9854,2.5447,2.120e-12,1.751e-12,8.636e-13,0.0332,-1.33,0
FrontS92156,-31.0152,-0.0077,5.269e-13,4.852e-13,2.978e-13,0.0304,-3.06,0
FrontS92157,-23.7175,-1.6378,1.342e-16,2.509e-16,6.729e-16,0.0272,-2.54,0
FrontS92158,10.1493,0.8460,3.437e-16,6.342e-16,1.650e-15,0.0312,1.85,0
FrontS92159,3.1415,1.0290,7.231e-20,2.738e-19,3.136e-18,0.0148,0.26,0
FrontS92160,6.5599,0.6275,1.012e-16,2.145e-16,7.449e-16,0.0619,0.98,0
FrontS92161,-4.2926,-2.4566,4.492e-14,5.147e-14,4.823e-14,0.0328,-1.19,0
FrontS92163,7.9488,1.8569,1.895e-14,2.406e-14,2.792e-14,0.0411,1.8,0
FrontS92164,-1.0295,3.5486,2.068e-14,2.765e-14,3.584e-14,0.0366,-1.05,0
FrontS92165,-24.2172,0.1176,1.014e-16,1.635e-16,3.227e-16,0.0122,-1.55,0
FrontS92166,-2.2263,-0.5543,5.022e-19,1.574e-18,1.238e-17,0.0368,-1.23,0
FrontS92168,22.2279,-0.8653,1.261e-12,1.072e-12,5.368e-13,0.0258,2.33,0
FrontS92169,5.9229,-1.2626,1.300e-16,9.233e-17,3.405e-17,0.0389,1.64,0
FrontS92170,-7.9727,0.4661,3.119e-13,3.019e-13,2.005e-13,0.0324,-1.66,0
FrontS92171,18.8715,-0.7260,4.471e-18,1.067e-17,4.514e-17,0.0193,1.6,0
FrontS92172,-4.2187,1.1341,2.089e-18,5.535e-18,3.010e-17,0.0354,-1.66,0
FrontS92173,-20.5219,-0.8065,2.417e-18,7.060e-18,4.616e-17,0.0351,-2.87,0
FrontS92175,-3.5991,3.6325,4.930e-19,1.463e-18,1.032e-17,0.0321,-1.15,0
FrontS92176,3.1094,-1.4334,3.653e-17,6.928e-17,1.895e-16,0.0329,1.02,0
FrontS92177,0.6244,-0.6754,5.345e-20,2.020e-19,2.350e-18,0.0354,0.24,0
FrontS92178,28.3213,2.7179,3.376e-08,2.336e-08,8.194e-09,0.0315,2.96,0
FrontS92179,3.7700,-5.7527,2.568e-15,3.799e-15,6.111e-15,0.0266,0.66,0
FrontS92180,-23.1622,0.6417,5.394e-13,8.529e-13,1.653e-12,0.0299,-2.7,0
FrontS92181,8.3784,0.1049,3.966e-18,8.586e-18,3.064e-17,0.0098,0.56,0
FrontS92183,24.0517,1.1657,5.310e-15,6.821e-15,8.258e-15,0.0234,2.23,0
FrontS92184,-1.9411,-0.8438,1.920e-16,3.660e-16,1.016e-15,0.0375,-1.14,0
FrontS92185,18.2596,0.0921,1.895e-17,3.907e-17,1.220e-16,0.0299,2.4,0
FrontS92186,2.7757,-0.1701,9.892e-20,3.439e-19,3.237e-18,0.0302,0.59,0
FrontS92187,-6.0639,2.2413,3.881e-14,4.505e-14,4.493e-14,0.0341,-1.62,0
FrontS92188,14.6493,-1.6573,7.792e-18,1.782e-17,7.029e-17,0.0293,2.1,0
FrontS92189,5.4183,0.5701,5.296e-18,1.201e-17,4.896e-17,0.0306,1.35,0
FrontS92190,-0.5555,0.5841,5.190e-19,1.465e-18,8.753e-18,0.0251,-0.09,0
FrontS92191,11.7490,-9.2934,4.458e-12,3.682e-12,1.766e-12,0.0537,1.81,0
FrontS92192,-4.6375,-1.6802,2.206e-16,1.527e-16,5.486e-17,0.0477,-0.93,0
FrontS92193,3.1853,-0.1114,4.406e-18,1.156e-17,6.063e-17,0.0399,1.0,0
FrontS92194,-1.0270,3.5094,5.595e-16,9.599e-16,2.083e-15,0.0402,-0.44,0
FrontS92195,16.8944,-0.3546,1.391e-14,1.767e-14,2.099e-14,0.0305,2.43,0
FrontS92196,-2.1517,-2.6293,6.444e-19,1.921e-18,1.353e-17,0.0348,-1.28,0
FrontS92198,0.2921,3.1437,5.666e-15,7.887e-15,1.083e-14,0.0345,0.3,0
FrontS92199,-26.4705,-0.4074,2.295e-16,3.865e-16,8.102e-16,0.0194,-2.08,0
FrontS92201,18.1644,1.8677,2.272e-08,1.897e-08,9.689e-09,0.0261,2.08,1
FrontS92202,10.0239,-2.6987,3.143e-19,1.164e-18,1.272e-17,0.0315,1.92,0
FrontS92203,3.3599,0.4892,7.718e-20,2.580e-19,2.281e-18,0.0164,0.28,0
FrontS92204,0.3166,-1.0072,7.470e-13,7.070e-13,4.373e-13,0.0341,0.16,0
FrontS92205,1.5517,-0.2422,4.488e-20,1.646e-19,1.811e-18,0.0173,0.16,0
FrontS92206,0.9446,0.4634,1.048e-16,1.893e-16,4.872e-16,0.0156,0.08,0
FrontS92207,0.6119,-0.1442,9.014e-17,1.857e-16,6.072e-16,0.0374,0.21,0
FrontS92208,-30.4272,3.9401,3.993e-16,7.530e-16,1.976e-15,0.0438,-3.24,0
FrontS92209,5.1814,-1.0391,1.618e-16,1.119e-16,3.760e-17,0.0348,1.76,0
FrontS92210,1.3369,2.3671,1.203e-16,8.398e-17,2.991e-17,0.0351,0.78,0
FrontS92211,8.2518,0.8812,5.745e-17,1.117e-16,3.175e-16,0.0225,0.98,0
FrontS92212,5.8551,-1.2011,9.301e-18,1.943e-17,6.530e-17,0.0275,1.02,0
FrontS92213,-11.6754,1.2990,6.456e-15,9.252e-15,1.409e-14,0.0467,-2.06,0
FrontS92214,12.4223,-0.0698,3.031e-15,4.425e-15,6.836e-15,0.0247,1.55,0
FrontS92215,3.0049,0.9109,1.587e-15,2.348e-15,3.756e-15,0.0311,0.77,0
FrontS92216,4.7688,-2.7031,1.614e-17,4.148e-17,2.142e-16,0.0349,1.7,0
FrontS92217,4.7964,3.6549,1.122e-15,1.760e-15,3.231e-15,0.0282,0.93,0
FrontS92218,-5.9496,-0.1759,3.137e-13,3.140e-13,2.227e-13,0.0391,-1.58,0
FrontS92219,44.3263,-2.8406,3.135e-19,9.560e-19,7.061e-18,0.0227,2.88,0
FrontS92222,-4.6424,0.1549,5.839e-14,6.097e-14,5.013e-14,0.0271,-0.76,0
FrontS92223,-36.0470,5.0587,1.139e-16,2.313e-16,7.354e-16,0.0285,-3.1,0
FrontS92224,-27.5312,-6.5372,4.351e-12,1.005e-11,4.152e-11,0.041,-3.13,0
FrontS92225,-28.5766,1.7667,2.237e-14,3.051e-14,4.186e-14,0.0605,-3.08,0
FrontS92226,6.3499,-3.2224,4.709e-17,3.300e-17,1.180e-17,0.0219,0.77,0
FrontS92227,-1.8606,-1.5295,1.904e-19,5.915e-19,4.618e-18,0.0197,-0.2,0
FrontS92228,-16.3880,-0.7228,1.446e-15,1.948e-15,2.674e-15,0.0131,-1.18,0
FrontS92229,-9.0429,0.6628,1.627e-17,3.485e-17,1.236e-16,0.0207,-0.98,0
FrontS92230,-3.7212,0.2454,1.178e-16,2.231e-16,6.010e-16,0.0357,-1.62,0
FrontS92231,0.1915,-2.2822,2.431e-17,4.629e-17,1.239e-16,0.036,1.04,0
FrontS92232,-19.6301,1.2716,2.496e-17,5.309e-17,1.780e-16,0.0169,-1.58,0
FrontS92233,-23.3592,-2.7450,1.810e-13,1.804e-13,1.299e-13,0.0323,-2.77,0
FrontS92234,-8.2846,-0.8316,7.704e-14,8.151e-14,6.567e-14,0.0211,-0.91,0
FrontS92235,-5.4069,-0.2369,8.043e-18,1.982e-17,9.324e-17,0.0254,-0.79,0
FrontS92236,12.1668,-0.5367,3.479e-18,8.912e-18,4.552e-17,0.0285,1.89,0
FrontS92237,14.4339,-1.2976,1.471e-15,1.992e-15,2.755e-15,0.0158,1.22,0
FrontS92238,-1.0957,-4.6219,1.649e-15,2.528e-15,4.350e-15,0.034,-0.51,0
FrontS92239,-14.5082,0.8423,1.513e-18,4.257e-18,2.573e-17,0.0202,-1.43,0
FrontS92240,-1.2075,2.7897,1.285e-15,2.125e-15,4.196e-15,0.0362,-1.23,0
FrontS92241,4.6075,3.1511,3.354e-17,7.039e-17,2.383e-16,0.0326,1.3,0
FrontS92242,-2.5265,3.0934,3.514e-16,6.533e-16,1.753e-15,0.0349,-1.54,0
FrontS92243,-0.4603,1.9440,6.057e-19,1.927e-18,1.503e-17,0.0381,-0.25,0
FrontS92244,-18.4547,-3.5421,8.469e-19,2.381e-18,1.476e-17,0.0302,-2.41,0
FrontS92247,-3.9508,-3.5023,3.053e-18,8.163e-18,4.551e-17,0.0416,-1.05,0
FrontS92248,-13.0754,-4.4582,2.233e-18,6.361e-18,4.037e-17,0.0342,-2.4,0
FrontS92249,-0.2591,0.9463,1.653e-17,3.660e-17,1.398e-16,0.0325,-0.09,0
FrontS92250,10.6110,-1.2111,1.644e-16,2.942e-16,7.139e-16,0.023,1.22,0
FrontS92251,-1.6687,1.1779,6.236e-18,1.486e-17,6.497e-17,0.0404,-0.64,0
FrontS92252,5.6761,-2.5724,1.858e-13,1.799e-13,1.188e-13,0.0292,1.04,0
FrontS92253,-10.6017,2.0715,4.894e-12,1.195e-11,5.610e-11,0.0308,-1.91,0
FrontS92254,1.7530,0.1413,3.285e-16,6.398e-16,1.898e-15,0.0554,0.3,0
FrontS92255,-6.9025,-1.7239,1.926e-17,4.478e-17,1.872e-16,0.0344,-1.75,0
FrontS92256,23.5421,-0.7476,2.883e-13,2.711e-13,1.726e-13,0.0212,2.13,0
FrontS92257,12.8877,0.8316,1.669e-14,2.235e-14,2.887e-14,0.0397,2.36,0
FrontS92258,-4.2330,2.7629,2.759e-15,3.779e-15,5.368e-15,0.0297,-0.9,0
FrontS92259,4.4232,1.7662,4.348e-15,7.267e-15,1.479e-14,0.0724,0.59,0
FrontS92260,-8.3252,-1.6692,1.434e-13,1.500e-13,1.178e-13,0.0397,-1.96,0
FrontS92263,-35.0960,-1.5869,2.722e-14,3.659e-14,5.058e-14,0.0669,-3.26,0
FrontS92264,14.6767,0.1930,2.030e-20,7.433e-20,8.136e-19,0.0215,1.48,0
FrontS92265,-28.5708,-2.0956,2.245e-19,7.052e-19,5.438e-18,0.0201,-2.26,0
FrontS92266,-3.3150,2.2252,6.690e-17,1.399e-16,4.794e-16,0.0399,-1.1,0
FrontS92267,-13.0288,2.4265,2.686e-17,5.944e-17,2.245e-16,0.0395,-2.36,0
FrontS92268,-12.1564,-2.0935,6.430e-18,1.296e-17,4.112e-17,0.0225,-1.37,0
FrontS92269,-10.9542,-0.1251,1.882e-13,1.711e-13,1.016e-13,0.0178,-0.99,0
FrontS92270,24.2229,-2.6743,8.039e-17,1.467e-16,3.531e-16,0.018,1.87,0
FrontS92272,0.4329,2.6150,2.162e-09,1.403e-09,4.380e-10,0.0391,0.22,0
FrontS92273,0.3335,-1.7437,2.743e-15,4.302e-15,7.652e-15,0.0365,0.45,0
FrontS92274,-1.7464,3.4737,2.318e-19,7.807e-19,7.251e-18,0.0344,-0.9,0
FrontS92276,-21.9698,-0.2031,9.811e-17,1.960e-16,5.943e-16,0.0379,-2.96,0
FrontS92277,-2.2621,0.6785,1.295e-18,4.576e-18,4.607e-17,0.0466,-0.49,0
FrontS92278,-6.0879,1.9961,1.062e-15,1.817e-15,4.031e-15,0.0546,-1.03,0
FrontS92279,-3.6345,-0.1752,3.205e-16,2.131e-16,6.769e-17,0.043,-0.84,0
FrontS92280,-34.9583,0.1328,4.205e-19,1.175e-18,7.043e-18,0.0157,-2.19,0
FrontS92281,-4.2971,-0.8507,1.762e-17,3.673e-17,1.203e-16,0.0298,-0.85,0
FrontS92283,8.4766,1.3345,1.195e-12,2.121e-12,5.112e-12,0.0209,0.91,0
FrontS92284,2.5842,1.2845,5.648e-18,1.248e-17,4.637e-17,0.0287,0.57,0
FrontS92285,-1.2394,-0.7267,1.483e-18,4.484e-18,3.198e-17,0.0227,-0.17,0
FrontS92286,6.5663,0.6166,3.617e-13,6.285e-13,1.460e-12,0.0339,1.64,0
FrontS92288,-1.3746,2.1672,1.007e-12,8.551e-13,4.444e-13,0.0323,-0.48,0
FrontS92289,-15.6954,3.8165,1.941e-14,2.325e-14,2.448e-14,0.0381,-2.58,0
FrontS92290,10.1798,0.8313,7.134e-19,2.170e-18,1.593e-17,0.0199,1.05,0
FrontS92291,-4.3818,0.0449,4.855e-16,8.062e-16,1.619e-15,0.0264,-0.75,0
FrontS92292,-42.7903,0.4354,2.312e-18,5.545e-18,2.542e-17,0.0135,-2.24,0
FrontS92294,-18.3478,0.3127,9.557e-16,1.542e-15,3.083e-15,0.0262,-2.16,0
FrontS92295,-14.0478,-3.1661,2.593e-18,7.211e-18,4.258e-17,0.0396,-2.53,0
FrontS92296,0.5197,-1.4328,8.112e-13,1.490e-12,3.756e-12,0.0365,0.46,0
FrontS92297,25.5038,2.7651,7.532e-18,1.705e-17,6.822e-17,0.0547,2.95,0
FrontS92298,-12.2784,-0.2183,1.244e-17,2.970e-17,1.342e-16,0.0389,-2.33,0
FrontS92299,-2.7844,0.5764,1.508e-17,3.385e-17,1.350e-16,0.0278,-0.53,0
FrontS92300,28.7648,1.8397,2.788e-19,1.094e-18,1.371e-17,0.0619,3.04,0
FrontS92302,-9.7839,-3.7551,9.291e-15,1.317e-14,1.966e-14,0.0407,-2.02,0
FrontS92305,-24.5392,-1.6028,4.930e-16,8.156e-16,1.602e-15,0.0257,-2.55,0
FrontS92306,29.2815,2.0816,1.574e-13,1.677e-13,1.393e-13,0.0348,3.09,0
FrontS92307,4.8606,-0.7217,2.954e-14,3.171e-14,2.721e-14,0.0185,0.5,0
FrontS92308,5.8879,-0.2080,1.149e-15,2.002e-15,4.354e-15,0.0546,0.98,0
FrontS92309,-14.5165,4.2220,2.171e-16,3.979e-16,1.049e-15,0.0438,-2.42,0
FrontS92310,0.0191,-0.2395,5.001e-18,1.118e-17,4.248e-17,0.0191,0.0,0
FrontS92311,-10.6190,0.8922,4.050e-18,9.387e-18,3.931e-17,0.025,-1.44,0
FrontS92312,13.5700,-3.4859,7.195e-16,1.200e-15,2.550e-15,0.0303,2.17,0
FrontS92314,2.7591,-1.3662,1.472e-16,2.599e-16,6.094e-16,0.035,1.35,0
FrontS92315,5.0563,-0.3611,1.539e-14,1.865e-14,2.015e-14,0.0389,1.59,0
FrontS92316,-12.7081,-1.9590,1.404e-19,4.705e-19,4.190e-18,0.0238,-1.55,0
FrontS92317,6.5460,-2.5827,1.007e-19,4.656e-19,8.203e-18,0.078,0.85,0
FrontS92319,-34.1421,0.2086,5.202e-17,1.046e-16,3.274e-16,0.0249,-2.84,0
FrontS92320,4.5984,-2.2310,4.524e-14,5.124e-14,4.871e-14,0.0315,1.14,0
FrontS92322,22.6462,-1.5462,1.618e-17,3.160e-17,9.129e-17,0.0199,2.01,0
FrontS92323,-1.4090,-1.6958,7.358e-16,1.237e-15,2.613e-15,0.035,-1.09,0
FrontS92324,0.4079,2.9711,8.698e-14,9.313e-14,7.789e-14,0.0354,0.64,0
FrontS92325,-1.2450,1.4230,3.045e-12,2.623e-12,1.374e-12,0.0348,-0.8,0
FrontS92327,-18.1191,-1.1297,1.710e-19,4.987e-19,3.425e-18,0.0177,-1.49,0
FrontS92328,-19.3250,-6.3604,1.405e-15,2.350e-15,4.935e-15,0.0405,-2.78,0
FrontS92329,4.2393,-2.9487,6.617e-14,7.393e-14,6.618e-14,0.0337,1.33,0
FrontS92330,-7.2378,-0.4907,2.039e-15,2.306e-15,2.056e-15,0.0084,-0.46,0
FrontS92331,-13.8250,1.3238,1.235e-13,1.313e-13,1.055e-13,0.0302,-2.12,0
FrontS92332,1.1982,0.2728,3.908e-18,7.904e-18,2.404e-17,0.0105,0.08,0
FrontS92333,-8.0468,-3.1017,1.419e-14,1.872e-14,2.340e-14,0.0365,-1.97,0
FrontS92334,13.1213,-1.4045,1.450e-19,5.332e-19,5.701e-18,0.0341,2.37,0
FrontS92335,-6.3130,1.7743,1.446e-16,2.626e-16,6.670e-16,0.0246,-0.87,0
FrontS92336,20.6213,1.2054,3.955e-14,4.341e-14,3.708e-14,0.0295,2.5,0
FrontS92338,-13.7008,-2.1632,5.551e-17,1.113e-16,3.375e-16,0.0345,-2.41,0
FrontS92340,20.4215,-1.4191,5.028e-13,9.142e-13,2.368e-12,0.0241,2.09,0
FrontS92341,-2.9463,-2.0080,4.810e-17,9.474e-17,2.726e-16,0.0311,-0.75,0
FrontS92343,-23.9664,-0.5951,1.474e-14,1.530e-14,1.231e-14,0.0103,-1.43,0
FrontS92344,28.4762,-1.9511,9.801e-20,3.168e-19,2.714e-18,0.0184,2.11,0
FrontS92345,8.6797,2.4176,2.657e-18,7.309e-18,4.205e-17,0.0293,1.64,0
FrontS92346,22.7433,9.4118,1.072e-17,2.987e-17,1.836e-16,0.0735,2.46,0
FrontS92347,-8.5844,0.4091,1.122e-16,2.048e-16,5.054e-16,0.0222,-0.98,0
FrontS92349,-26.1909,1.3912,5.669e-13,5.317e-13,3.248e-13,0.0265,-2.61,0
FrontS92352,40.6102,-0.2481,8.252e-18,1.744e-17,5.940e-17,0.0131,2.22,0
FrontS92353,-3.0275,-0.7387,1.180e-14,1.514e-14,1.903e-14,0.0409,-0.99,0
FrontS92354,19.1226,-7.9190,1.729e-17,4.107e-17,1.840e-16,0.054,2.51,0
FrontS92356,4.9055,-2.3728,4.735e-17,9.723e-17,3.121e-16,0.0374,1.74,0
FrontS92357,26.9314,-3.9703,7.015e-16,1.316e-15,3.478e-15,0.0643,2.9,0
FrontS92359,-8.9391,-0.3235,4.048e-16,5.764e-16,8.666e-16,0.01,-0.59,0
FrontS92360,0.4553,0.4500,1.148e-12,1.897e-12,3.913e-12,0.0313,0.13,0
FrontS92361,12.1062,2.2867,8.300e-20,3.695e-19,6.009e-18,0.026,1.66,0
FrontS92362,5.3966,-1.3864,7.180e-13,1.631e-12,6.468e-12,0.0309,1.18,0
FrontS92363,-6.1467,-1.0423,4.570e-14,4.762e-14,3.762e-14,0.025,-0.92,0
FrontS92364,-4.5185,1.1370,5.772e-14,6.491e-14,6.185e-14,0.036,-1.78,0
FrontS92365,3.6680,2.8327,4.468e-13,4.360e-13,2.969e-13,0.0424,1.0,0
FrontS92366,-7.7189,3.0677,6.099e-13,1.029e-12,2.211e-12,0.0444,-1.62,0
FrontS92371,5.4952,-0.4744,1.064e-19,3.615e-19,3.221e-18,0.0218,0.66,0
FrontS92372,-31.6959,-1.3099,2.043e-15,3.484e-15,7.586e-15,0.0553,-3.26,0
FrontS92373,-0.3518,2.1750,4.458e-16,7.020e-16,1.257e-15,0.0242,-0.06,0
FrontS92374,-1.2209,-0.3128,3.173e-18,7.973e-18,3.973e-17,0.0451,-0.27,0
FrontS92375,9.5084,-0.8229,1.176e-15,1.885e-15,3.649e-15,0.0285,1.47,0
FrontS92376,3.6836,-1.0550,4.739e-13,9.353e-13,2.842e-12,0.0285,0.66,0
FrontS92377,-12.6659,-4.2153,2.046e-17,4.275e-17,1.451e-16,0.0342,-2.28,0
FrontS92378,-0.6778,-0.0554,1.092e-17,3.080e-17,1.861e-16,0.0355,-0.28,0
FrontS92379,24.4255,-2.5298,5.226e-14,5.223e-14,3.801e-14,0.0168,1.83,0
FrontS92380,18.6358,-2.8207,3.243e-18,9.422e-18,6.342e-17,0.0667,2.28,0
FrontS92381,14.3609,6.7132,5.693e-19,1.903e-18,1.645e-17,0.0424,2.39,0
FrontS92382,19.5026,-1.5687,4.252e-14,4.698e-14,4.259e-14,0.0236,2.06,0
FrontS92383,9.9914,-0.3781,2.281e-17,4.418e-17,1.245e-16,0.0295,1.65,0
FrontS92385,-11.7621,-2.0761,5.466e-18,1.198e-17,4.559e-17,0.0188,-1.1,0
FrontS92386,-3.9777,1.2929,1.004e-16,6.890e-17,2.401e-17,0.0299,-0.87,0
FrontS92387,-17.1577,0.2166,4.120e-17,2.806e-17,9.811e-18,0.019,-1.57,0
FrontS92389,2.2074,-3.1437,1.504e-17,3.391e-17,1.382e-16,0.0316,0.71,0
FrontS92390,1.3636,-1.7759,5.401e-08,4.668e-08,2.484e-08,0.0373,0.95,1
FrontS92391,41.6289,-2.6194,1.392e-17,3.163e-17,1.252e-16,0.0249,3.01,0
FrontS92392,-29.9479,-0.4211,6.605e-15,8.629e-15,1.040e-14,0.0295,-2.91,0
FrontS92393,1.2879,3.5814,4.034e-15,5.753e-15,8.539e-15,0.0355,1.22,0
FrontS92395,-4.0627,-0.8064,6.255e-15,8.712e-15,1.200e-14,0.0382,-1.7,0
FrontS92396,20.7057,-1.4977,7.623e-14,8.406e-14,7.507e-14,0.0382,2.9,0
FrontS92397,-30.6057,-2.4611,3.714e-13,3.551e-13,2.352e-13,0.0358,-3.17,0
FrontS92398,24.4448,1.1689,1.896e-17,3.866e-17,1.256e-16,0.0205,2.11,0
FrontS92400,6.2990,4.0398,1.289e-14,1.750e-14,2.473e-14,0.0456,1.29,0
FrontS92401,2.4746,0.2561,1.299e-11,9.856e-12,4.151e-12,0.0371,1.38,1
FrontS92402,-9.5607,0.2429,3.256e-18,5.958e-18,1.444e-17,0.0075,-0.57,0
FrontS92403,-6.9787,3.5370,3.389e-16,6.388e-16,1.743e-15,0.0414,-1.64,0
FrontS92404,-5.2408,-0.2601,1.168e-20,6.123e-20,1.418e-18,0.0395,-1.54,0
FrontS92405,1.3582,-2.6603,1.032e-15,1.630e-15,3.058e-15,0.0378,0.75,0
FrontS92406,5.9949,0.2233,3.355e-16,6.266e-16,1.702e-15,0.0431,1.39,0
FrontS92407,-9.2475,1.6751,3.270e-15,4.070e-15,4.541e-15,0.0194,-0.95,0
FrontS92408,5.9935,-0.2927,2.904e-18,7.630e-18,4.244e-17,0.0341,1.6,0
FrontS92409,7.2266,-0.3493,1.804e-16,3.236e-16,7.456e-16,0.0204,0.77,0
FrontS92411,-7.5538,-0.2584,2.140e-15,3.081e-15,4.648e-15,0.0272,-1.17,0
FrontS92412,-8.7705,-3.9265,3.221e-12,2.481e-12,1.070e-12,0.0276,-1.38,0
FrontS92413,30.5405,-2.5307,3.669e-18,8.315e-18,3.281e-17,0.0221,2.48,0
FrontS92415,0.9933,1.0973,1.973e-14,2.386e-14,2.500e-14,0.0243,0.14,0
FrontS92416,7.0608,2.6053,6.087e-13,5.567e-13,3.467e-13,0.0367,1.88,0
FrontS92417,7.4391,-0.7714,1.419e-15,2.226e-15,4.110e-15,0.0297,1.41,0
FrontS92418,2.4891,-5.3006,7.194e-17,1.491e-16,4.876e-16,0.0322,0.9,0
FrontS92419,32.4616,-0.8786,1.370e-15,2.060e-15,3.352e-15,0.0178,2.28,0
FrontS92421,-0.7606,0.4713,2.555e-15,3.144e-15,3.317e-15,0.0091,-0.05,0
FrontS92422,13.7241,4.1525,5.582e-18,1.278e-17,5.226e-17,0.0234,1.51,0
FrontS92424,-3.8137,8.0877,2.217e-16,4.439e-16,1.313e-15,0.0433,-0.96,0
FrontS92425,-5.8428,4.0814,2.659e-15,4.037e-15,7.007e-15,0.0356,-1.82,0
FrontS92426,12.2144,-1.8272,1.354e-16,2.541e-16,6.557e-16,0.0226,1.41,0
FrontS92428,-32.2330,-1.7607,2.980e-18,6.755e-18,2.606e-17,0.014,-1.94,0
FrontS92432,-1.3393,-0.2308,9.303e-15,1.197e-14,1.473e-14,0.0276,-0.23,0
FrontS92433,33.9659,-8.2246,2.999e-14,4.519e-14,7.981e-14,0.1125,2.98,0
FrontS92434,0.3096,1.7419,7.908e-08,5.919e-08,2.303e-08,0.0374,0.33,0
FrontS92435,0.3532,-4.6684,5.437e-13,5.289e-13,3.759e-13,0.0352,1.53,0
FrontS92436,2.1238,0.9932,5.468e-13,1.070e-12,3.047e-12,0.0358,1.24,0
FrontS92437,10.0762,2.0993,3.812e-19,1.158e-18,8.032e-18,0.0269,1.5,0
FrontS92438,-9.9667,-1.8663,1.156e-12,2.160e-12,5.555e-12,0.0357,-2.14,0
FrontS92439,18.5512,1.0114,4.129e-17,7.892e-17,2.203e-16,0.0184,1.63,0
FrontS92440,-3.1446,-0.5901,1.013e-18,2.344e-18,9.359e-18,0.0096,-0.21,0
FrontS92441,-22.4176,-2.7361,5.529e-13,1.102e-12,3.371e-12,0.0281,-2.53,0
FrontS92442,15.9257,3.3072,2.055e-08,1.419e-08,4.865e-09,0.0318,2.43,0
FrontS92443,5.5391,1.8831,1.751e-17,4.257e-17,1.949e-16,0.0393,1.5,0
FrontS92444,13.6033,18.6666,1.939e-12,2.026e-12,1.589e-12,0.1149,1.35,0
FrontS92445,24.9483,17.5184,4.220e-12,6.371e-12,1.079e-11,0.0311,2.66,0
FrontS92446,-25.0024,3.8559,3.832e-18,1.027e-17,5.799e-17,0.028,-2.6,0
FrontS92447,4.0263,18.3850,3.392e-17,7.744e-17,3.045e-16,0.034,2.0,0
FrontS92448,-0.0627,-11.0664,1.114e-12,9.768e-13,5.497e-13,0.0325,0.02,0
FrontS92449,0.5761,-6.2063,4.662e-12,4.079e-12,2.187e-12,0.0257,0.1,0
FrontS92450,5.0167,8.2365,5.087e-17,1.107e-16,4.065e-16,0.0392,1.48,0
FrontS92451,-28.9757,4.4821,2.146e-14,2.680e-14,3.088e-14,0.0321,-3.05,0
FrontS92452,-16.1913,-11.4275,5.638e-15,7.749e-15,1.101e-14,0.027,-2.09,0
FrontS92453,4.9535,12.6680,1.185e-17,2.991e-17,1.486e-16,0.0355,1.9,0
FrontS92454,-4.6462,-7.1302,6.310e-14,7.239e-14,6.901e-14,0.045,-1.02,0
FrontS92455,-1.3251,-10.4635,5.354e-12,4.284e-12,2.070e-12,0.031,-0.38,0
FrontS92456,33.1915,-5.9939,9.345e-18,2.455e-17,1.286e-16,0.0498,3.37,0
FrontS92457,-5.4016,-12.7255,3.911e-14,4.685e-14,5.033e-14,0.0432,-1.21,0
FrontS92458,-6.2534,-3.7511,1.223e-17,2.837e-17,1.197e-16,0.038,-1.72,0
FrontS92459,-4.5614,8.1018,1.198e-12,1.080e-12,6.248e-13,0.0288,-0.97,0
FrontS92460,-1.0664,-0.8900,3.601e-16,6.318e-16,1.415e-15,0.0309,-0.28,0
FrontS92461,3.4269,22.2972,1.690e-16,3.468e-16,1.165e-15,0.0485,0.51,0
FrontS92462,0.5882,-0.3996,1.368e-08,1.366e-08,9.863e-09,0.0226,0.08,1
FrontS92463,9.6826,-17.1614,3.740e-16,6.533e-16,1.491e-15,0.0295,2.0,0
FrontS92464,2.9684,4.2212,1.058e-15,1.735e-15,3.495e-15,0.034,1.42,0
FrontS92465,-17.4891,21.4562,1.376e-13,1.485e-13,1.260e-13,0.038,-2.53,0
FrontS92466,-5.1100,-8.6281,2.712e-12,2.195e-12,1.000e-12,0.0327,-1.5,0
FrontS92467,-16.2710,-13.8155,1.432e-13,1.507e-13,1.175e-13,0.0313,-2.36,0
FrontS92468,9.9943,-9.4011,4.992e-14,6.253e-14,7.217e-14,0.051,1.65,0
FrontS92469,-4.4506,-8.0360,2.705e-16,5.143e-16,1.430e-15,0.0468,-0.86,0
FrontS92470,-6.8751,-24.6138,1.920e-18,5.547e-18,3.531e-17,0.0363,-1.73,0
FrontS92471,-0.0841,-8.2148,2.467e-13,2.437e-13,1.765e-13,0.0312,0.03,0
FrontS92472,-15.3308,-3.4598,2.200e-16,4.410e-16,1.402e-15,0.0513,-2.22,0
FrontS92473,-2.6396,8.2164,1.005e-13,1.121e-13,9.881e-14,0.0394,-0.97,0
FrontS92474,13.3944,-6.0128,8.598e-17,5.932e-17,2.091e-17,0.0286,2.03,0
FrontS92475,-3.7242,5.1053,1.985e-13,1.943e-13,1.346e-13,0.0344,-1.56,0
FrontS92476,-10.8209,-0.7551,4.214e-13,6.563e-13,1.227e-12,0.0343,-2.2,0
FrontS92477,7.9805,33.5475,1.234e-16,2.447e-16,7.123e-16,0.0393,1.17,0
FrontS92478,3.9491,-10.8578,7.377e-13,6.690e-13,3.916e-13,0.0414,1.16,0
FrontS92479,-1.2710,2.6188,4.742e-13,4.811e-13,3.411e-13,0.0696,-0.18,0
FrontS92480,10.0653,13.6362,9.134e-19,2.772e-18,1.999e-17,0.0293,1.8,0
FrontS92481,-27.3123,-1.0582,2.308e-12,1.849e-12,8.302e-13,0.0207,-2.27,1
FrontS92482,-12.4756,-5.8793,5.230e-14,6.043e-14,5.793e-14,0.0253,-1.57,0
FrontS92483,-8.8375,-3.7553,1.056e-13,1.081e-13,7.943e-14,0.0309,-1.71,0
FrontS92484,23.6815,12.0935,1.913e-19,7.930e-19,1.141e-17,0.0567,2.75,0
FrontS92485,6.4663,21.0568,1.321e-10,1.035e-10,4.508e-11,0.0885,0.68,1
FrontS92486,17.8236,3.8325,9.003e-15,1.146e-14,1.351e-14,0.026,2.14,0
FrontS92487,14.7806,-8.7171,6.726e-19,1.865e-18,1.160e-17,0.0277,2.04,0
FrontS92488,9.3063,20.3836,4.642e-16,9.337e-16,2.962e-15,0.0727,1.05,0
FrontS92489,9.7162,-17.9273,5.720e-18,1.363e-17,5.772e-17,0.049,1.56,0
FrontS92490,18.9451,-7.6893,2.876e-16,5.478e-16,1.485e-15,0.0386,2.83,0
FrontS92491,18.8445,-33.6723,2.379e-13,2.559e-13,2.086e-13,0.0408,2.39,0
FrontS92492,1.7417,0.5639,1.177e-19,4.065e-19,3.847e-18,0.0264,0.27,0
FrontS92493,15.2872,15.8194,1.132e-12,2.042e-12,5.177e-12,0.05,2.05,0
FrontS92494,-26.3530,10.3574,9.876e-15,1.293e-14,1.630e-14,0.0429,-3.15,0
FrontS92495,17.0059,1.3580,2.234e-15,3.124e-15,4.329e-15,0.0233,1.83,0
FrontS92496,17.3997,25.2284,3.610e-13,3.418e-13,2.161e-13,0.0282,2.27,0
FrontS92497,10.8982,6.7486,2.702e-16,5.665e-16,1.955e-15,0.0605,1.53,0
FrontS92498,14.5577,-3.3159,1.276e-12,2.039e-12,3.879e-12,0.0407,2.49,0
FrontS92499,-7.8705,6.9463,3.050e-17,7.153e-17,3.036e-16,0.0369,-2.09,0
FrontS92500,-6.0617,-5.6366,5.450e-14,6.130e-14,5.648e-14,0.0321,-1.58,0
FrontS92501,12.6233,-10.9645,6.156e-12,4.950e-12,2.236e-12,0.0311,2.19,1
FrontS92502,-5.2450,-12.1308,9.775e-13,8.615e-13,4.669e-13,0.0284,-1.13,0
FrontS92503,-4.0678,-16.5303,1.705e-18,4.611e-18,2.687e-17,0.03,-1.24,0
FrontS92504,26.9353,-14.3745,8.555e-17,1.774e-16,5.676e-16,0.0301,2.92,0
FrontS92505,2.8377,8.8505,9.274e-12,7.017e-12,2.981e-12,0.0276,0.55,1
FrontS92506,-16.5188,12.4546,3.064e-13,5.862e-13,1.640e-12,0.0333,-2.65,0
FrontS92508,-5.7545,-27.9028,1.596e-12,1.336e-12,6.980e-13,0.0357,-1.32,0
FrontS92509,11.5815,12.0347,2.491e-13,2.558e-13,1.961e-13,0.0367,2.3,0
FrontS92510,-2.8690,-8.4460,1.050e-15,1.574e-15,2.592e-15,0.0204,-0.33,0
FrontS92511,8.1294,6.9811,1.626e-16,2.931e-16,6.993e-16,0.0282,1.39,0
FrontS92512,-10.8465,-5.5225,6.110e-14,6.780e-14,6.167e-14,0.0283,-1.75,0
FrontS92513,-24.1947,-1.8845,3.794e-12,3.065e-12,1.469e-12,0.0244,-2.36,0
FrontS92514,7.8717,6.7428,1.200e-14,1.509e-14,1.789e-14,0.0334,1.96,0
FrontS92515,-5.5043,-6.1927,1.155e-12,1.063e-12,6.649e-13,0.0314,-1.37,0
FrontS92516,-5.9792,-10.2738,2.875e-17,5.983e-17,2.021e-16,0.0219,-0.64,0
FrontS92517,-5.0822,-3.4464,1.275e-12,1.072e-12,5.397e-13,0.0318,-1.25,0
FrontS92518,-7.9868,4.8262,9.014e-17,1.914e-16,6.789e-16,0.0342,-1.93,0
FrontS92519,-15.2454,9.5979,7.722e-17,1.550e-16,4.733e-16,0.0281,-2.2,0
FrontS92520,-2.7114,3.3802,7.256e-13,6.706e-13,4.202e-13,0.035,-1.37,0
FrontS92521,-2.7552,18.0148,8.188e-14,9.834e-14,9.975e-14,0.0414,-0.69,0
FrontS92522,3.3723,-18.1461,1.084e-17,2.651e-17,1.195e-16,0.0517,0.63,0
FrontS92523,-27.4376,-15.4504,1.011e-18,2.772e-18,1.686e-17,0.0292,-2.78,0
FrontS92524,-12.2710,-6.3497,1.406e-16,9.293e-17,2.882e-17,0.0283,-1.91,0
FrontS92525,-33.1004,1.1668,4.752e-17,9.658e-17,3.074e-16,0.0418,-3.37,0
FrontS92526,-4.1008,3.8737,8.307e-12,6.581e-12,2.912e-12,0.0509,-0.77,0
FrontS92527,33.5214,17.9958,3.967e-17,8.639e-17,3.038e-16,0.0418,3.16,0
FrontS92528,5.8004,3.6785,1.503e-12,1.264e-12,6.508e-13,0.0291,1.12,0
FrontS92529,11.7577,6.3782,8.027e-16,1.299e-15,2.541e-15,0.0284,1.79,0
FrontS92530,36.5576,-28.3388,1.282e-16,8.853e-17,3.136e-17,0.0362,3.2,0
FrontS92531,-31.8453,3.7625,4.894e-17,1.000e-16,3.222e-16,0.0353,-3.26,0
FrontS92532,0.2637,-5.8959,1.294e-16,2.350e-16,5.910e-16,0.0306,0.09,0
FrontS92533,-19.5256,3.5697,1.502e-15,2.634e-15,6.056e-15,0.0498,-2.62,0
FrontS92534,-1.9271,3.9408,1.143e-13,1.187e-13,9.506e-14,0.0258,-0.3,0
FrontS92535,-2.3873,14.2291,2.210e-16,3.796e-16,8.524e-16,0.0305,-0.98,0
FrontS92536,-25.9005,-2.2433,6.507e-14,7.338e-14,6.766e-14,0.0469,-3.07,0
FrontS92537,-0.2996,-6.4274,3.798e-13,3.742e-13,2.668e-13,0.0342,-0.35,0
FrontS92538,-0.5977,4.0951,1.959e-16,1.356e-16,4.662e-17,0.0417,-0.21,0
FrontS92539,-5.0102,-11.3217,3.421e-12,2.858e-12,1.469e-12,0.0283,-0.87,0
FrontS92540,-38.9418,-6.0750,2.421e-15,4.795e-15,1.459e-14,0.1158,-3.2,0
FrontS92541,21.3981,24.8554,2.433e-20,1.029e-19,1.485e-18,0.043,2.47,0
FrontS92542,4.9049,-16.6049,1.778e-16,3.599e-16,1.080e-15,0.034,2.1,0
FrontS92543,18.2926,-13.7924,1.925e-11,3.778e-11,1.076e-10,0.0658,2.17,0
FrontS92544,-12.1351,9.1581,2.457e-13,2.482e-13,1.787e-13,0.0283,-1.96,0
FrontS92545,21.1078,-14.7692,1.521e-12,1.501e-12,1.037e-12,0.0737,2.31,0
FrontS92546,1.6674,3.9257,2.393e-12,4.748e-12,1.412e-11,0.0494,0.31,0
FrontS92547,-3.4943,7.5975,2.986e-14,3.697e-14,3.944e-14,0.0335,-1.38,0
FrontS92548,-18.6440,-25.3441,2.661e-12,5.868e-12,2.150e-11,0.0416,-2.4,0
FrontS92549,-12.8107,-11.1372,1.087e-17,2.306e-17,7.566e-17,0.0335,-2.33,0
FrontS92550,-23.7872,-4.7336,1.360e-17,3.037e-17,1.213e-16,0.0281,-2.58,0
FrontS92551,-6.1194,-6.4952,3.467e-14,3.968e-14,3.763e-14,0.0332,-1.75,0
FrontS92552,3.9990,-0.0125,7.255e-15,9.361e-15,1.156e-14,0.0282,0.73,0
FrontS92553,-1.8473,-1.7333,1.984e-15,3.163e-15,6.052e-15,0.0377,-1.0,0
FrontS92554,9.3163,8.0225,2.871e-16,5.596e-16,1.594e-15,0.0454,1.74,0
FrontS92555,-6.2452,7.7157,1.495e-14,1.882e-14,2.265e-14,0.0478,-1.25,0
FrontS92556,8.8683,6.9534,1.987e-15,2.815e-15,4.171e-15,0.0239,1.13,0
FrontS92557,0.7063,0.2685,1.829e-18,4.769e-18,2.555e-17,0.0332,0.3,0
FrontS92558,9.7072,3.2300,1.209e-12,1.006e-12,5.193e-13,0.0251,1.33,0
FrontS92559,-2.2082,-10.0019,1.706e-14,2.089e-14,2.227e-14,0.0254,-0.29,0
FrontS92560,25.3137,-1.3653,2.438e-13,2.356e-13,1.628e-13,0.0264,2.59,0
FrontS92561,-5.8545,9.6688,5.540e-15,7.182e-15,9.048e-15,0.0216,-0.8,0
FrontS92562,13.9591,-2.2230,4.377e-14,5.038e-14,4.793e-14,0.0311,2.29,0
FrontS92563,-7.4601,-6.7300,1.064e-13,1.124e-13,8.920e-14,0.0272,-1.28,0
FrontS92564,8.4321,3.4860,2.385e-13,2.665e-13,2.417e-13,0.0768,1.07,0
FrontS92565,-11.2093,-11.0830,1.701e-13,2.844e-13,5.946e-13,0.0234,-1.28,0
FrontS92566,1.7117,-30.3746,6.932e-16,1.188e-15,2.623e-15,0.058,0.35,0
FrontS92567,22.3304,-27.8571,3.832e-14,4.606e-14,4.869e-14,0.0484,2.51,0
FrontS92568,14.9232,-38.5636,1.284e-17,3.343e-17,1.781e-16,0.0946,1.29,0
FrontS92569,-5.4757,2.3097,5.409e-19,1.447e-18,8.069e-18,0.0259,-0.81,0
FrontS92570,5.8535,5.2295,1.590e-17,3.392e-17,1.215e-16,0.0207,0.63,0
FrontS92571,7.2292,5.6384,3.876e-12,8.339e-12,2.975e-11,0.0324,1.61,0
FrontS92572,-9.5342,8.6271,8.852e-17,1.724e-16,4.896e-16,0.0314,-1.98,0
FrontS92573,24.3472,29.6406,4.222e-18,1.371e-17,1.139e-16,0.0842,2.14,0
FrontS92574,6.4529,-4.7408,2.297e-16,4.575e-16,1.393e-15,0.0403,1.63,0
FrontS92575,8.5577,-4.4468,6.373e-12,1.445e-11,5.725e-11,0.0403,1.98,0
FrontS92576,5.0747,-6.2300,3.808e-14,4.766e-14,5.713e-14,0.0499,0.97,0
FrontS92577,11.2988,-11.1144,1.401e-13,1.428e-13,1.066e-13,0.0234,1.44,0
FrontS92578,14.3822,12.3605,2.310e-14,3.152e-14,4.315e-14,0.0482,2.21,0
FrontS92579,-4.4319,-11.8905,7.690e-17,1.732e-16,6.832e-16,0.0637,-0.59,0
FrontS92580,-9.6926,-3.9907,6.578e-13,1.390e-12,4.799e-12,0.0389,-2.14,0
FrontS92581,-7.7204,-18.2977,1.931e-12,3.211e-12,6.449e-12,0.0695,-0.97,0
FrontS92582,17.1771,-4.9354,1.959e-17,4.648e-17,2.030e-16,0.0307,2.46,0
FrontS92583,-10.8025,-0.6249,8.775e-15,1.088e-14,1.269e-14,0.0289,-1.69,0
FrontS92584,15.9785,-1.1126,6.241e-13,6.035e-13,4.130e-13,0.0501,2.36,0
FrontS92585,17.2823,6.7721,4.882e-08,3.554e-08,1.361e-08,0.0387,2.64,0
FrontS92586,-15.3301,-12.4869,2.438e-17,5.990e-17,2.834e-16,0.0338,-2.53,0
FrontS92587,39.3288,-17.3188,9.332e-17,1.956e-16,6.570e-16,0.0664,3.36,0
FrontS92588,-3.2668,2.7246,3.809e-13,3.822e-13,2.741e-13,0.0367,-1.72,0
FrontS92589,-3.9489,-2.2395,1.427e-18,3.927e-18,2.395e-17,0.0244,-0.54,0
FrontS92590,2.0841,8.9507,1.349e-15,2.121e-15,3.991e-15,0.0287,0.43,0
FrontS92591,1.8880,-1.4798,3.606e-08,2.695e-08,1.100e-08,0.0282,0.36,0
FrontS92592,-5.1874,-16.4785,6.339e-16,9.804e-16,1.756e-15,0.0275,-1.07,0
FrontS92593,5.5934,8.2142,6.262e-16,1.007e-15,1.916e-15,0.0247,0.77,0
FrontS92594,13.4100,-35.6235,6.965e-19,2.304e-18,2.068e-17,0.0428,1.73,0
FrontS92595,-5.9400,-3.1586,4.386e-13,4.150e-13,2.593e-13,0.0317,-1.48,0
FrontS92596,2.4929,6.7031,4.495e-13,7.760e-13,1.759e-12,0.025,0.37,0
FrontS92597,3.7496,-2.9747,1.570e-13,1.764e-13,1.566e-13,0.0524,0.68,0
FrontS92598,-7.6423,4.5096,5.122e-14,6.048e-14,6.110e-14,0.0326,-1.78,0
FrontS92599,-3.0116,5.5497,8.578e-16,1.288e-15,2.149e-15,0.0296,-0.68,0
FrontS92600,8.0513,6.1606,1.528e-11,3.202e-11,1.103e-10,0.0684,1.07,0
FrontS92601,0.8610,-6.1393,6.619e-18,1.765e-17,9.902e-17,0.0258,0.15,0
FrontS92602,-8.4555,6.9089,2.203e-12,3.345e-12,5.839e-12,0.0299,-1.6,0
FrontS92603,0.8142,-3.4609,4.070e-09,2.683e-09,8.788e-10,0.0307,0.23,0
FrontS92604,4.8151,5.0110,9.040e-13,8.947e-13,6.277e-13,0.0354,1.69,0
FrontS92605,1.8237,-3.5092,4.267e-16,7.071e-16,1.435e-15,0.0303,0.42,0
FrontS92606,1.3001,-7.9514,1.018e-17,2.370e-17,1.029e-16,0.0334,0.69,0
FrontS92607,7.1364,-7.6575,1.152e-17,2.611e-17,1.077e-16,0.0258,1.14,0
FrontS92608,6.7755,-0.8241,3.792e-08,2.612e-08,8.890e-09,0.0403,1.66,0
FrontS92609,-6.2154,-0.3903,2.589e-11,2.020e-11,8.673e-12,0.032,-1.54,0
FrontS92610,-7.4728,-0.7367,3.004e-11,2.118e-11,7.876e-12,0.0325,-1.7,0
FrontS92611,10.1282,0.0168,8.175e-11,6.044e-11,2.357e-11,0.0388,2.15,0
FrontS92612,-9.4521,-0.6226,1.465e-11,1.133e-11,4.810e-12,0.0336,-1.99,1
FrontS92613,11.5726,0.2714,8.466e-13,1.438e-12,3.066e-12,0.0369,2.31,0
FrontS92614,12.1132,-1.0836,1.480e-11,1.153e-11,4.967e-12,0.0367,2.35,1
FrontS92615,13.3825,-0.3832,4.375e-12,3.748e-12,1.936e-12,0.0361,2.38,0
FrontS92616,13.9353,-0.7779,2.171e-12,4.416e-12,1.367e-11,0.0334,2.39,0
FrontS92617,13.1432,0.5380,1.708e-12,1.428e-12,7.343e-13,0.0326,2.29,0
FrontS92618,-16.2222,-0.2229,2.291e-11,1.705e-11,6.907e-12,0.0373,-2.61,0
FrontS92619,13.9945,-0.6647,1.704e-11,1.248e-11,5.104e-12,0.0308,2.17,0
FrontS92620,-18.3056,-0.3540,3.172e-13,3.363e-13,2.649e-13,0.0396,-2.75,0
FrontS92621,-18.6548,0.1780,1.086e-12,1.713e-12,3.236e-12,0.0433,-2.73,0
FrontS92622,11.7704,0.5064,1.907e-08,1.315e-08,4.465e-09,0.028,1.73,0
FrontS92623,-19.5661,0.2277,2.682e-11,2.009e-11,8.263e-12,0.0469,-2.73,0
FrontS92624,-20.7653,-0.5558,1.295e-13,1.414e-13,1.253e-13,0.0498,-2.79,0
FrontS92625,-18.5841,0.5809,7.549e-11,5.561e-11,2.175e-11,0.0554,-2.49,0
FrontS92626,7.8469,-0.0210,8.451e-13,7.560e-13,4.344e-13,0.0246,1.05,0
FrontS92627,6.6130,-0.6658,6.278e-13,5.733e-13,3.467e-13,0.0239,0.88,0
FrontS92628,4.5346,0.4110,3.066e-13,5.994e-13,1.756e-12,0.0241,0.59,0
FrontS92629,-11.5857,-0.9049,1.610e-11,3.612e-11,1.357e-10,0.0733,-1.48,0
FrontS92630,2.4289,-0.5595,2.179e-08,1.592e-08,5.900e-09,0.0234,0.33,0
FrontS92631,-2.4465,0.8545,3.142e-13,3.604e-13,3.458e-13,0.0857,-0.31,0
FrontS92632,-0.9562,-0.0421,1.791e-11,1.327e-11,5.191e-12,0.0227,-0.12,0
FrontS92633,-2.6619,-0.1792,4.848e-12,3.992e-12,1.892e-12,0.0232,-0.33,0
FrontS92634,-4.0957,0.7609,3.018e-13,2.868e-13,1.857e-13,0.0225,-0.52,0
FrontS92635,26.9221,0.2608,1.313e-10,9.707e-11,4.013e-11,0.0815,2.78,0
FrontS92636,32.3545,2.3800,1.979e-07,1.634e-07,8.291e-08,0.0802,3.08,1
FrontS92637,32.9680,-0.7808,6.872e-11,5.075e-11,2.078e-11,0.0664,3.21,0
FrontS92638,40.0406,0.0938,1.578e-11,1.254e-11,5.797e-12,0.0582,3.56,0
FrontS92639,-13.1850,0.4691,1.952e-14,2.312e-14,2.340e-14,0.0218,-1.45,0
FrontS92640,-15.7914,-0.2033,6.920e-11,4.878e-11,1.758e-11,0.0235,-1.71,0
FrontS92641,-18.1804,0.5102,9.914e-11,6.954e-11,2.412e-11,0.0236,-1.97,0
FrontS92642,-21.3877,-0.3058,3.665e-09,2.344e-09,7.079e-10,0.0235,-2.13,0
FrontS92646,-32.6227,0.7833,5.338e-11,3.878e-11,1.466e-11,0.0252,-2.78,0
FrontS92647,42.8867,-0.5332,6.388e-11,4.440e-11,1.515e-11,0.028,3.21,0
FrontS92648,39.3407,0.1802,1.806e-08,1.237e-08,4.227e-09,0.0268,3.05,0
FrontS92649,-44.6865,-0.6317,3.856e-08,3.012e-08,1.291e-08,0.0282,-3.22,1
FrontS92653,27.6481,-0.2107,3.129e-11,2.145e-11,7.570e-12,0.0206,2.31,0
FrontS92654,23.7024,-0.3517,2.239e-12,1.740e-12,7.742e-13,0.0213,2.04,0
FrontS92659,11.9533,0.1220,1.312e-17,2.902e-17,1.111e-16,0.0163,1.07,0
FrontS92662,5.6166,-0.6893,2.690e-11,1.838e-11,6.087e-12,0.0188,0.55,0
FrontS92663,2.9982,-0.2354,1.193e-17,2.575e-17,9.159e-17,0.0169,0.27,0
FrontS92668,-8.6212,0.2929,6.370e-12,4.816e-12,1.989e-12,0.0161,-0.76,1
FrontS92669,-12.4051,-0.2003,1.484e-11,1.050e-11,3.795e-12,0.0165,-1.06,0
FrontS92671,-18.0401,0.3635,1.175e-13,2.447e-13,8.254e-13,0.0159,-1.44,0
FrontS92672,-21.1147,0.3964,5.094e-12,3.805e-12,1.522e-12,0.0166,-1.63,0
FrontS92684,42.3866,-0.5825,2.748e-12,2.019e-12,8.178e-13,0.0183,2.55,0
FrontS92685,40.5382,-0.3253,1.091e-10,7.348e-11,2.469e-11,0.0166,2.43,0
FrontS92686,35.6681,0.3830,1.831e-13,1.686e-13,1.050e-13,0.0168,2.25,0
FrontS92688,26.7357,-0.1096,7.769e-12,5.770e-12,2.238e-12,0.0159,1.86,0
FrontS92689,21.4258,0.2596,1.524e-11,1.091e-11,3.915e-12,0.0155,1.56,0
FrontS92693,11.2798,0.2699,2.467e-14,2.485e-14,1.820e-14,0.0134,0.85,0
FrontS92694,8.8830,-0.0597,4.343e-12,3.254e-12,1.332e-12,0.0142,0.69,1
FrontS92695,5.8005,-0.2703,1.325e-12,1.003e-12,4.246e-13,0.0134,0.46,0
FrontS92696,3.0121,-0.0051,5.786e-13,4.671e-13,2.190e-13,0.0134,0.23,0
FrontS92697,0.4443,0.3374,6.141e-13,5.016e-13,2.449e-13,0.013,0.03,0
FrontS92699,-5.0870,-0.3561,1.689e-19,5.530e-19,4.520e-18,0.0127,-0.39,0
FrontS92703,-16.9214,0.3956,1.813e-12,1.330e-12,5.394e-13,0.0137,-1.21,0
FrontS92704,-21.0873,0.0864,6.629e-12,4.797e-12,1.857e-12,0.0124,-1.45,0
FrontS92705,-24.4567,-0.2002,1.392e-13,1.225e-13,6.616e-14,0.0131,-1.61,0
FrontS92706,-29.9991,-0.3151,9.091e-13,7.336e-13,3.567e-13,0.0132,-1.86,0
FrontS92720,35.3915,0.0925,2.224e-13,1.893e-13,1.016e-13,0.0121,2.02,0
FrontS92721,30.7486,-0.0380,5.945e-12,4.291e-12,1.640e-12,0.0119,1.83,0
FrontS92722,25.6879,-0.4312,6.411e-13,5.053e-13,2.270e-13,0.0132,1.64,0
FrontS92724,17.7790,0.2053,7.983e-12,5.315e-12,1.651e-12,0.0116,1.18,0
FrontS92728,5.6395,-0.0680,1.679e-13,3.098e-13,7.745e-13,0.0109,0.39,0
FrontS92729,2.9960,0.2556,1.678e-12,1.290e-12,5.556e-13,0.0115,0.21,1
FrontS92731,7.4476,1.1471,3.330e-15,5.126e-15,8.940e-15,0.039,1.85,0
FrontS92732,8.7774,-1.1529,3.474e-12,2.840e-12,1.409e-12,0.0368,2.01,0
FrontS92733,-8.0543,-2.1692,3.346e-11,2.344e-11,8.430e-12,0.0333,-1.86,0
FrontS92734,9.2882,1.5017,2.322e-13,2.432e-13,1.920e-13,0.0371,2.14,1
FrontS92735,-9.2844,-0.0521,1.517e-14,1.969e-14,2.328e-14,0.0347,-2.01,0
FrontS92736,-9.9826,1.0367,1.964e-14,2.398e-14,2.641e-14,0.0344,-2.16,0
FrontS92737,-12.0918,-0.1573,2.768e-15,4.053e-15,6.456e-15,0.034,-2.31,0
FrontS92738,-12.0932,-0.0531,5.549e-16,9.627e-16,2.239e-15,0.0346,-2.35,0
FrontS92739,-11.2016,0.9463,1.986e-13,2.055e-13,1.582e-13,0.0366,-2.28,0
FrontS92740,-14.6396,-0.2255,7.495e-17,1.516e-16,4.748e-16,0.0356,-2.53,0
FrontS92741,-15.2584,0.1663,1.410e-13,1.492e-13,1.173e-13,0.0366,-2.58,0
FrontS92742,12.8205,-0.0680,1.833e-12,1.544e-12,7.695e-13,0.0309,2.16,0
FrontS92743,12.6043,-1.3362,1.027e-12,9.402e-13,5.792e-13,0.031,2.11,0
FrontS92744,-19.3725,0.4441,2.034e-16,1.380e-16,4.479e-17,0.0394,-2.84,0
FrontS92745,12.8801,0.5190,5.758e-18,1.430e-17,6.919e-17,0.0302,2.03,0
FrontS92746,12.9522,1.4831,1.148e-15,1.822e-15,3.388e-15,0.0289,1.94,0
FrontS92747,11.1504,-0.1713,1.840e-12,1.507e-12,7.541e-13,0.0284,1.75,0
FrontS92748,-19.6894,-1.1697,4.169e-11,3.078e-11,1.212e-11,0.0456,-2.77,0
FrontS92749,9.3810,-0.5630,7.817e-12,5.765e-12,2.224e-12,0.028,1.52,0
FrontS92750,8.8463,-2.1061,7.043e-13,6.106e-13,3.407e-13,0.0264,1.33,0
FrontS92751,7.4949,1.1749,3.908e-13,3.751e-13,2.460e-13,0.0263,1.17,0
FrontS92752,7.4407,1.9733,2.320e-13,2.238e-13,1.483e-13,0.0252,1.06,0
FrontS92753,-13.9575,1.2098,1.881e-10,1.388e-10,5.298e-11,0.0571,-2.0,0
FrontS92754,-14.7706,-0.2730,2.873e-13,3.142e-13,2.650e-13,0.065,-1.98,0
FrontS92755,-15.3670,-3.6669,3.780e-12,3.414e-12,1.985e-12,0.0679,-1.93,0
FrontS92756,-10.1913,-1.6142,9.324e-12,7.832e-12,3.914e-12,0.0675,-1.38,0
FrontS92757,-8.0969,5.8264,3.459e-16,7.455e-16,2.631e-15,0.0678,-1.15,0
FrontS92758,1.4629,-0.2749,3.254e-17,2.439e-17,1.012e-17,0.024,0.21,0
FrontS92759,-2.3828,-2.1126,8.818e-12,7.909e-12,4.731e-12,0.0906,-0.29,0
FrontS92760,-0.4493,-0.4969,4.955e-18,1.282e-17,6.639e-17,0.024,-0.06,0
FrontS92761,6.8671,-2.4391,7.274e-12,1.017e-11,1.417e-11,0.0978,0.84,0
FrontS92762,-3.6590,0.4470,1.998e-12,5.385e-12,3.140e-11,0.0228,-0.46,0
FrontS92763,-4.0631,1.2346,3.964e-12,3.141e-12,1.415e-12,0.0235,-0.53,1
FrontS92764,-3.9965,-0.0114,6.405e-16,1.161e-15,2.942e-15,0.0223,-0.48,0
FrontS92765,27.3206,3.4813,1.183e-14,1.805e-14,3.094e-14,0.0756,2.88,0
FrontS92766,21.3634,-3.7223,2.857e-12,4.272e-12,6.783e-12,0.0596,2.62,0
FrontS92767,-8.5864,-0.9048,1.173e-16,2.158e-16,5.770e-16,0.0234,-1.04,0
FrontS92768,-12.4157,1.7404,2.132e-12,1.741e-12,8.051e-13,0.0239,-1.49,0
FrontS92769,37.0438,-0.9243,2.153e-15,3.675e-15,7.943e-15,0.0507,3.5,0
FrontS92770,-14.9315,-0.9846,6.890e-13,1.036e-12,1.771e-12,0.0242,-1.68,0
FrontS92771,-15.4003,0.1717,1.397e-14,1.683e-14,1.799e-14,0.022,-1.65,0
FrontS92772,-17.3052,1.1074,1.288e-11,9.369e-12,3.720e-12,0.0234,-1.9,0
FrontS92774,-19.6404,0.0263,2.119e-13,4.947e-13,2.024e-12,0.0236,-2.09,0
FrontS92775,-22.7732,0.3532,3.060e-13,2.987e-13,2.048e-13,0.0239,-2.21,0
FrontS92778,-28.0694,-0.5980,7.246e-15,9.649e-15,1.240e-14,0.0256,-2.66,0
FrontS92779,-29.6027,0.4864,6.306e-13,5.617e-13,3.227e-13,0.0267,-2.74,0
FrontS92780,38.1029,1.8224,3.440e-12,2.873e-12,1.406e-12,0.03,3.18,0
FrontS92781,34.7790,1.2876,6.748e-13,5.891e-13,3.298e-13,0.0293,3.12,0
FrontS92782,-33.5480,-1.5983,2.092e-12,1.726e-12,8.776e-13,0.0302,-3.08,0
FrontS92783,-42.3400,-1.0935,4.672e-13,7.873e-13,1.689e-12,0.029,-3.23,0
FrontS92784,33.1117,-0.9987,1.258e-13,1.194e-13,7.877e-14,0.0251,2.79,0
FrontS92786,27.0909,0.9729,5.036e-17,3.500e-17,1.242e-17,0.0236,2.45,0
FrontS92789,26.2274,-0.8473,9.689e-12,7.200e-12,2.882e-12,0.0209,2.25,0
FrontS92793,16.6009,-0.2278,2.675e-17,6.257e-17,2.549e-16,0.02,1.55,0
FrontS92795,14.4365,-0.2505,6.258e-13,5.473e-13,2.958e-13,0.0183,1.32,0
FrontS92797,10.9523,-0.5888,8.294e-16,1.208e-15,1.859e-15,0.0181,1.05,0
FrontS92799,6.7364,-0.0378,5.523e-14,5.582e-14,4.048e-14,0.0164,0.6,0
FrontS92801,4.2891,-0.3305,3.508e-12,2.885e-12,1.400e-12,0.0178,0.39,0
FrontS92802,2.9122,0.6345,1.565e-14,1.745e-14,1.556e-14,0.0175,0.29,0
FrontS92804,-1.0709,0.4680,5.173e-13,4.453e-13,2.373e-13,0.0178,-0.1,0
FrontS92806,-4.6312,-0.3280,2.436e-15,3.195e-15,4.114e-15,0.0162,-0.42,0
FrontS92807,-6.1797,0.4645,7.716e-16,1.106e-15,1.711e-15,0.0158,-0.55,0
FrontS92808,-7.5167,-0.9953,4.175e-13,9.301e-13,3.488e-12,0.0168,-0.68,0
FrontS92809,-10.4658,-0.3509,4.178e-12,3.318e-12,1.480e-12,0.0172,-0.93,1
FrontS92810,-12.3297,-0.7464,1.251e-14,1.493e-14,1.539e-14,0.0164,-1.06,0
FrontS92812,-17.7635,-0.3024,3.429e-14,3.721e-14,3.052e-14,0.0177,-1.44,0
FrontS92813,-17.8538,-0.3668,9.202e-19,2.602e-18,1.594e-17,0.0153,-1.39,0
FrontS92815,-19.4198,1.4878,1.102e-19,3.347e-19,2.456e-18,0.0162,-1.52,0
FrontS92817,-32.2808,-1.1123,1.954e-12,1.523e-12,6.680e-13,0.017,-2.18,1
FrontS92819,-30.7011,0.1737,1.794e-14,1.946e-14,1.699e-14,0.0181,-2.26,0
FrontS92829,42.9832,-0.4648,4.708e-13,8.822e-13,2.339e-12,0.0193,2.64,0
FrontS92830,44.7993,-1.1470,2.528e-12,1.856e-12,7.365e-13,0.0178,2.63,0
FrontS92834,31.2203,0.2932,1.450e-13,1.260e-13,6.953e-14,0.0144,1.98,0
FrontS92836,27.7814,-1.0462,3.110e-11,2.189e-11,7.813e-12,0.0143,1.82,0
FrontS92837,23.5294,-0.0996,9.962e-12,6.901e-12,2.490e-12,0.0153,1.67,0
FrontS92839,16.7202,-0.0056,5.888e-12,4.288e-12,1.614e-12,0.0162,1.3,0
FrontS92840,15.4994,-0.9453,4.546e-12,3.376e-12,1.331e-12,0.0135,1.15,0
FrontS92842,11.2776,-0.2617,2.066e-14,2.138e-14,1.643e-14,0.0137,0.86,0
FrontS92844,6.5001,-0.3909,1.596e-18,3.960e-18,1.820e-17,0.0135,0.5,0
FrontS92845,4.4916,-0.1259,6.990e-12,5.072e-12,1.974e-12,0.0132,0.35,0
FrontS92847,0.7201,0.6050,1.025e-17,2.121e-17,6.569e-17,0.014,0.05,0
FrontS92848,-1.4536,-0.0680,3.301e-15,4.203e-15,4.933e-15,0.0137,-0.12,0
FrontS92850,-5.1466,0.0850,1.117e-12,9.070e-13,4.276e-13,0.0133,-0.4,0
FrontS92852,-10.7026,-0.8621,4.365e-13,9.357e-13,3.313e-12,0.0132,-0.8,0
FrontS92857,-24.3338,0.1726,3.580e-15,4.696e-15,5.984e-15,0.0143,-1.64,0
FrontS92860,-28.7092,1.1133,9.778e-14,8.744e-14,5.082e-14,0.0133,-1.82,0
FrontS92864,-42.3582,-0.1247,9.875e-18,2.221e-17,8.956e-17,0.0154,-2.42,0
FrontS92865,-42.7443,0.5877,6.651e-14,6.706e-14,4.747e-14,0.0162,-2.47,0
FrontS92881,24.8873,0.2303,1.018e-12,8.147e-13,3.813e-13,0.0114,1.53,0
FrontS92883,17.7570,-0.3342,1.602e-13,2.195e-13,3.191e-13,0.0113,1.19,0
FrontS92884,21.0373,0.6564,5.520e-12,4.101e-12,1.647e-12,0.013,1.41,0
FrontS92885,13.6809,0.0804,6.358e-13,5.167e-13,2.394e-13,0.0124,0.93,0
FrontS92890,2.6586,0.4664,8.038e-13,6.453e-13,2.878e-13,0.011,0.19,1
FrontS92892,-2.0049,0.3381,2.198e-13,1.908e-13,1.003e-13,0.0128,-0.15,0
FrontS92894,-6.6310,-0.6730,4.251e-13,3.398e-13,1.594e-13,0.0108,-0.46,0
