Name,X,Y,BlueF,GreenF,RedF,Parallax,RadialVelocity,Variable?
BottomS15753,39.3406,-11.0553,2.393e-20,3.375e-20,4.698e-20,-0.0002,32.99,0
BottomS15755,39.4914,-11.1681,9.200e-20,1.141e-19,1.323e-19,-0.0001,30.9,0
BottomS15757,39.5233,-11.3121,2.226e-19,2.546e-19,2.439e-19,0.0003,30.57,0
BottomS15762,39.4881,-11.1634,4.205e-17,6.204e-17,1.024e-16,-0.0001,31.16,0
BottomS15763,39.4798,-11.1397,5.870e-20,7.686e-20,9.988e-20,-0.0006,32.27,0
BottomS15764,39.4810,-11.1759,1.857e-18,1.863e-18,1.318e-18,0.0011,30.84,0
BottomS15768,39.4815,-11.1610,8.148e-18,1.793e-17,6.402e-17,0.0001,31.05,0
BottomS15769,39.5734,-11.2219,6.069e-18,5.377e-18,2.963e-18,0.0009,29.74,0
BottomS15771,39.4979,-11.1666,4.034e-20,5.782e-20,8.530e-20,0.001,31.02,0
BottomS15777,39.4555,-11.1216,1.996e-19,2.575e-19,3.047e-19,0.0001,33.26,0
BottomS15778,39.3251,-10.7908,2.909e-19,3.289e-19,3.090e-19,0.0,33.57,0
BottomS15780,39.4709,-11.1678,1.247e-20,1.895e-20,3.312e-20,-0.0001,31.08,0
BottomS15781,39.4675,-11.1602,3.856e-19,4.347e-19,3.969e-19,0.0013,31.29,0
BottomS15782,39.5431,-11.2049,1.424e-19,1.754e-19,1.952e-19,-0.0001,30.02,0
BottomS15783,39.4317,-11.1158,1.747e-13,1.197e-13,4.192e-14,0.0014,33.45,0
BottomS15784,39.5140,-11.2037,1.447e-20,2.132e-20,3.411e-20,0.0006,30.15,0
BottomS15789,39.4892,-11.1723,4.268e-20,5.819e-20,7.935e-20,0.0004,31.04,0
BottomS15790,39.6685,-11.4380,3.847e-18,7.263e-18,1.975e-17,0.0001,29.51,0
BottomS15794,39.5679,-11.1760,2.538e-19,2.920e-19,2.853e-19,0.0004,31.27,0
BottomS15795,39.4651,-11.1712,4.011e-18,3.586e-18,2.080e-18,-0.0005,31.35,0
BottomS15798,39.5403,-11.2430,2.319e-20,3.469e-20,5.906e-20,0.0001,29.76,0
BottomS15799,39.1625,-11.0390,1.442e-17,1.266e-17,7.167e-18,0.0004,32.83,0
BottomS15802,39.5105,-11.1520,9.117e-20,1.233e-19,1.577e-19,0.0005,31.07,0
BottomS15803,39.7390,-11.3125,1.784e-18,1.792e-18,1.292e-18,-0.0001,30.3,0
BottomS15804,39.4265,-11.1865,2.465e-20,3.548e-20,5.369e-20,0.0006,31.73,0
BottomS15805,39.3491,-11.0617,1.651e-20,2.395e-20,3.852e-20,-0.0008,33.8,0
BottomS15806,39.5524,-11.2064,5.749e-17,1.512e-16,8.166e-16,-0.0002,30.35,1
BottomS15808,39.4717,-11.1427,1.414e-19,1.743e-19,1.875e-19,0.0006,32.14,1
BottomS15810,39.2980,-10.9843,3.610e-18,7.229e-18,2.187e-17,-0.0001,34.28,0
BottomS15811,39.5470,-11.3390,1.994e-20,2.919e-20,4.576e-20,0.0006,30.71,0
BottomS15812,39.4809,-11.1880,1.468e-20,2.194e-20,3.627e-20,0.0003,31.03,0
BottomS15816,39.4082,-10.9832,9.466e-20,1.149e-19,1.241e-19,0.0006,33.79,0
BottomS15818,39.0707,-10.7856,1.567e-19,1.868e-19,1.949e-19,0.0001,34.43,0
BottomS15822,39.4680,-11.1596,1.047e-17,8.813e-18,4.484e-18,0.0004,31.74,0
BottomS15823,39.2529,-10.8332,7.306e-20,9.865e-20,1.349e-19,-0.0004,34.57,0
BottomS15831,39.0678,-10.7642,4.472e-17,8.026e-17,1.979e-16,-0.0002,34.53,0
BottomS15840,39.5325,-11.2178,2.072e-19,2.381e-19,2.283e-19,0.001,30.26,0
BottomS15842,40.1076,-11.6587,7.591e-20,1.081e-19,1.635e-19,-0.0004,29.64,0
BottomS15846,39.4743,-11.1382,2.992e-18,2.789e-18,1.806e-18,-0.0002,32.46,0
BottomS15851,39.4849,-11.1216,2.751e-19,3.367e-19,3.542e-19,0.0002,32.36,0
BottomS15852,39.5044,-11.1733,2.161e-19,2.634e-19,2.844e-19,-0.0004,30.74,0
BottomS15855,39.5153,-11.2025,2.132e-18,3.732e-18,8.765e-18,-0.0004,30.24,0
BottomS15860,39.3386,-11.0543,1.579e-18,1.633e-18,1.324e-18,-0.0003,33.37,0
BottomS15864,39.4753,-11.1325,5.519e-14,7.664e-14,1.067e-13,-0.0003,32.86,0
BottomS15868,39.2925,-10.9822,9.779e-18,1.520e-17,2.607e-17,-0.0001,34.22,0
BottomS15869,39.4833,-11.1369,1.902e-13,1.377e-13,5.102e-14,0.0011,32.32,0
BottomS15870,39.5153,-11.2164,1.907e-19,2.228e-19,2.161e-19,0.0004,30.24,0
BottomS15875,39.5533,-11.2277,3.878e-20,5.104e-20,6.526e-20,0.0,29.8,0
BottomS15878,39.3091,-11.0791,3.972e-18,3.962e-18,2.761e-18,0.0004,33.04,0
BottomS15884,39.4529,-11.2093,2.081e-18,4.358e-18,1.403e-17,-0.001,31.36,0
BottomS15888,39.5448,-11.1583,4.525e-18,7.779e-18,1.749e-17,0.0003,31.22,0
BottomS15894,39.4945,-11.1392,7.337e-18,1.100e-17,1.889e-17,0.0005,31.87,0
BottomS15898,39.4922,-11.2014,2.737e-18,2.572e-18,1.625e-18,-0.0003,31.04,0
BottomS15899,39.5043,-11.1489,3.268e-20,4.398e-20,6.040e-20,0.0007,31.21,0
BottomS15904,39.4736,-11.1497,1.126e-20,1.624e-20,2.524e-20,-0.001,31.4,0
BottomS15905,39.4746,-11.1310,1.006e-19,1.228e-19,1.386e-19,0.0006,32.27,0
BottomS15906,39.4223,-11.1791,4.393e-13,3.476e-13,1.562e-13,-0.0001,31.91,1
BottomS15909,39.4827,-11.1649,1.305e-19,1.645e-19,1.947e-19,0.0006,30.83,0
BottomS15913,39.2135,-10.8793,1.140e-20,1.784e-20,3.288e-20,-0.0002,34.58,0
BottomS15914,39.3657,-11.1583,1.596e-19,1.897e-19,1.950e-19,0.0009,32.24,0
BottomS15915,39.6940,-11.3450,2.836e-18,2.791e-18,1.938e-18,-0.0006,29.8,0
BottomS15916,39.5031,-11.1788,1.295e-17,1.114e-17,5.691e-18,-0.0001,30.57,0
BottomS15921,39.4768,-11.1275,2.447e-13,1.753e-13,6.503e-14,0.0002,32.38,0
BottomS15926,39.9950,-11.8301,5.849e-20,7.903e-20,1.052e-19,0.0001,29.29,0
BottomS15927,39.5054,-11.1889,5.173e-19,5.668e-19,4.974e-19,0.0001,30.47,0
BottomS15929,39.5721,-11.2160,4.260e-20,6.032e-20,8.784e-20,0.0004,30.48,0
BottomS15932,39.4743,-11.0647,1.465e-19,1.756e-19,1.875e-19,0.0006,32.68,0
BottomS15940,39.4044,-11.0952,8.453e-18,1.433e-17,3.079e-17,-0.0002,33.36,0
BottomS15943,39.4784,-11.1841,2.709e-18,2.581e-18,1.670e-18,-0.0005,31.03,0
BottomS15944,39.5485,-11.2382,2.034e-13,1.794e-13,9.927e-14,0.001,29.73,1
BottomS15951,39.4760,-11.1439,2.245e-18,3.260e-18,5.247e-18,0.0003,32.27,0
BottomS15952,39.5247,-11.1644,6.183e-20,8.329e-20,1.136e-19,-0.0005,30.65,0
BottomS15954,39.2092,-10.7865,2.551e-18,2.536e-18,1.844e-18,0.0007,34.66,0
BottomS15956,39.4786,-11.1564,2.368e-20,3.721e-20,6.938e-20,0.0001,31.54,0
BottomS15957,39.3528,-11.1277,8.268e-18,7.112e-18,3.839e-18,0.0012,32.55,0
BottomS15964,39.3768,-10.9506,1.385e-17,1.196e-17,6.420e-18,-0.0006,33.86,0
BottomS15966,39.5254,-11.1554,1.817e-18,1.709e-18,1.125e-18,0.001,31.06,0
BottomS15967,39.4055,-11.1101,5.028e-19,5.601e-19,4.949e-19,-0.0002,33.37,0
BottomS15968,39.4674,-11.1418,4.726e-19,5.249e-19,4.862e-19,0.0001,32.66,0
BottomS15970,39.4399,-11.1273,9.825e-18,2.124e-17,7.629e-17,0.0003,33.16,0
BottomS15973,39.4785,-11.1605,5.599e-18,9.661e-18,2.182e-17,0.0002,31.35,0
BottomS15975,39.4425,-11.1263,6.968e-18,1.444e-17,4.782e-17,-0.0001,32.97,0
BottomS15977,39.6301,-11.2798,4.432e-18,7.424e-18,1.536e-17,0.0004,29.68,0
BottomS15978,39.6550,-11.1675,1.161e-19,1.441e-19,1.658e-19,-0.0,31.51,0
BottomS15979,39.4622,-11.1668,2.050e-20,2.967e-20,4.563e-20,0.0,31.73,0
BottomS15985,39.3884,-11.0784,1.060e-20,1.702e-20,3.151e-20,0.0004,33.53,0
BottomS15986,39.3812,-11.0949,1.772e-20,2.661e-20,4.316e-20,0.0005,33.03,0
BottomS15988,39.2175,-10.6104,1.928e-17,1.680e-17,8.941e-18,-0.0001,33.81,0
BottomS15989,39.2924,-10.8561,1.535e-19,1.838e-19,1.937e-19,0.0008,34.41,0
BottomS15998,39.4816,-11.1387,6.708e-18,1.582e-17,6.690e-17,-0.0009,32.72,0
BottomS16000,39.5087,-11.1994,5.870e-19,5.992e-19,4.563e-19,-0.0001,30.21,0
BottomS16003,39.4979,-11.1505,2.246e-19,2.693e-19,2.871e-19,0.0002,31.67,0
BottomS16007,39.4761,-11.1760,1.000e-20,1.516e-20,2.604e-20,-0.0003,31.34,0
BottomS16008,39.4555,-11.1772,2.118e-13,1.476e-13,5.225e-14,0.0001,31.01,0
BottomS16009,39.7008,-11.3141,4.978e-20,7.299e-20,1.131e-19,0.0007,29.83,0
BottomS16010,39.4315,-10.9256,1.115e-19,1.419e-19,1.702e-19,0.0,33.07,0
BottomS16013,39.5028,-11.1530,4.511e-19,5.321e-19,5.179e-19,-0.0004,31.56,0
BottomS16014,39.4926,-11.0943,6.642e-14,4.509e-14,1.445e-14,0.0005,32.57,0
BottomS16015,39.5305,-11.2338,7.143e-18,1.379e-17,3.768e-17,-0.0005,29.78,0
BottomS16016,39.4728,-11.1337,9.451e-20,1.228e-19,1.498e-19,-0.0002,32.64,0
BottomS16019,39.5067,-11.2030,1.953e-18,1.936e-18,1.367e-18,0.0001,30.45,0
BottomS16020,39.4801,-11.1180,4.875e-20,6.446e-20,8.173e-20,0.0009,33.17,0
BottomS16026,39.3990,-11.0920,2.413e-20,3.369e-20,4.860e-20,0.0006,33.57,0
BottomS16029,39.3976,-11.1701,8.411e-19,9.170e-19,7.763e-19,-0.0004,32.1,0
BottomS16033,39.6364,-11.2626,9.821e-20,1.255e-19,1.435e-19,0.0003,29.83,0
BottomS16034,39.4138,-11.1418,8.905e-20,1.114e-19,1.311e-19,-0.0003,32.56,0
BottomS16042,39.4052,-11.0962,2.299e-19,2.746e-19,2.895e-19,-0.0009,33.55,0
BottomS16043,39.4863,-11.1377,2.035e-18,2.069e-18,1.515e-18,0.0004,32.05,0
BottomS16045,39.4478,-11.0329,3.509e-18,3.235e-18,2.017e-18,0.0003,33.5,0
BottomS16046,39.4890,-11.1250,1.199e-20,1.777e-20,2.832e-20,-0.0001,32.34,0
BottomS16048,39.6342,-11.2721,2.147e-19,2.491e-19,2.361e-19,0.0006,30.11,0
BottomS16049,39.5261,-11.1678,4.171e-20,5.618e-20,7.189e-20,0.0001,31.18,0
BottomS16051,39.4848,-11.1578,1.193e-20,1.853e-20,3.257e-20,0.0003,31.54,0
BottomS16052,39.4948,-11.1536,2.152e-20,3.135e-20,4.957e-20,-0.0003,30.95,0
BottomS16055,39.6229,-11.3147,1.316e-18,1.309e-18,9.545e-19,-0.0002,29.52,0
BottomS16056,39.4956,-11.2190,1.312e-17,2.984e-17,1.217e-16,0.0006,30.85,1
BottomS16057,39.3894,-11.1409,2.264e-18,4.419e-18,1.259e-17,0.0001,32.38,0
BottomS16059,39.5267,-11.1895,3.269e-19,3.738e-19,3.680e-19,0.0011,30.38,0
BottomS16060,39.4281,-11.0956,5.593e-20,7.610e-20,1.007e-19,0.0002,33.6,0
BottomS16063,39.4844,-11.1500,5.214e-18,4.788e-18,2.880e-18,-0.0007,31.57,0
BottomS16069,39.4819,-11.1883,8.976e-18,8.171e-18,4.730e-18,0.0003,30.71,0
BottomS16071,39.4554,-11.1294,2.947e-19,3.336e-19,3.120e-19,-0.0003,32.67,0
BottomS16075,39.4812,-11.1626,3.318e-20,4.775e-20,7.092e-20,0.0,30.92,0
BottomS16080,39.4617,-11.1462,1.233e-19,1.506e-19,1.703e-19,0.0002,32.22,0
BottomS16083,39.5252,-11.1805,1.708e-19,2.188e-19,2.633e-19,-0.0002,30.86,0
BottomS16084,39.4218,-10.9589,8.361e-20,1.007e-19,1.099e-19,-0.0004,33.34,0
BottomS16088,39.4870,-11.1843,2.725e-20,3.793e-20,5.435e-20,-0.0007,31.17,0
BottomS16089,39.5495,-11.1825,2.562e-20,3.721e-20,6.009e-20,-0.0004,30.85,0
BottomS16090,39.5047,-11.2049,1.809e-20,2.696e-20,4.495e-20,-0.0007,30.47,0
BottomS16096,39.5182,-11.1573,7.517e-20,9.419e-20,1.125e-19,0.0005,31.4,0
BottomS16097,39.5091,-11.1904,4.335e-18,4.025e-18,2.561e-18,0.0,30.62,0
BottomS16098,39.4403,-11.1646,2.551e-18,2.502e-18,1.709e-18,0.0,31.94,0
BottomS16100,39.4398,-11.1463,2.389e-18,2.274e-18,1.501e-18,0.0004,33.04,0
BottomS16103,39.7371,-11.3535,4.744e-18,4.262e-18,2.593e-18,0.0005,29.58,0
BottomS16104,39.4718,-11.1275,2.333e-18,2.372e-18,1.714e-18,0.0004,32.78,0
BottomS16105,39.7757,-11.3508,1.641e-18,1.568e-18,1.029e-18,0.0004,30.33,0
BottomS16106,39.4285,-11.1248,1.584e-19,1.974e-19,2.242e-19,0.0003,32.76,0
BottomS16110,39.4962,-11.2066,1.421e-18,1.436e-18,1.097e-18,0.0011,30.16,0
BottomS16112,39.3309,-11.0442,1.281e-19,1.559e-19,1.738e-19,0.0003,33.61,0
BottomS16113,39.4647,-11.2230,5.722e-17,4.420e-17,1.887e-17,0.0,30.07,1
BottomS16115,39.5453,-11.0379,8.753e-18,1.598e-17,3.928e-17,0.0001,33.38,0
BottomS16117,39.4228,-11.0856,3.345e-13,2.597e-13,1.179e-13,-0.0001,33.71,1
BottomS16118,39.4354,-11.0392,1.756e-18,1.693e-18,1.156e-18,0.0006,33.99,0
BottomS16119,39.5916,-11.1595,7.211e-20,8.850e-20,9.941e-20,0.0002,29.76,0
BottomS16122,39.5047,-11.2405,2.694e-18,2.575e-18,1.694e-18,0.0001,29.75,0
BottomS16124,39.5562,-11.0402,4.355e-19,5.293e-19,5.504e-19,0.0001,34.0,0
BottomS16125,39.4345,-11.1611,3.184e-19,3.624e-19,3.349e-19,0.0001,32.03,0
BottomS16128,39.4390,-11.1384,1.333e-19,1.672e-19,1.929e-19,0.001,32.97,0
BottomS16129,39.5603,-11.1330,8.443e-18,7.618e-18,4.577e-18,0.0003,30.87,0
BottomS16130,39.5338,-11.1450,3.617e-18,5.765e-18,1.095e-17,0.0011,31.45,0
BottomS16131,39.5170,-11.2475,4.511e-20,6.311e-20,8.957e-20,0.0002,29.88,0
BottomS16132,39.5395,-11.1971,1.721e-17,1.440e-17,7.161e-18,0.0002,30.62,0
BottomS16133,39.3518,-11.0932,1.063e-16,8.058e-17,3.302e-17,0.0002,33.62,0
BottomS16134,39.4603,-11.0504,5.748e-19,6.265e-19,5.156e-19,0.0004,34.09,0
BottomS16135,39.5664,-11.2501,6.375e-19,7.128e-19,6.604e-19,0.0007,29.6,0
BottomS16136,39.5570,-11.1492,3.781e-18,3.499e-18,2.250e-18,0.0004,30.54,0
BottomS16137,39.3629,-11.0399,1.926e-17,2.884e-17,4.694e-17,0.0003,34.11,0
BottomS16139,39.3775,-11.1232,1.041e-18,1.068e-18,8.234e-19,0.0004,33.44,0
BottomS16141,39.5764,-11.1641,1.059e-17,2.264e-17,8.129e-17,0.0001,30.25,0
BottomS16143,39.6062,-11.2151,1.121e-18,1.111e-18,8.078e-19,-0.0009,29.79,0
BottomS16144,39.4217,-11.1127,4.533e-17,3.642e-17,1.726e-17,-0.0008,33.34,0
BottomS16146,39.4008,-11.1163,4.472e-20,6.427e-20,9.843e-20,0.0003,33.59,0
BottomS16147,39.4081,-11.0193,1.910e-17,3.439e-17,8.155e-17,-0.0003,34.2,0
BottomS16148,39.4411,-11.1790,5.134e-18,4.503e-18,2.512e-18,0.0004,31.71,0
BottomS16149,39.4492,-11.2294,1.031e-17,1.761e-17,3.813e-17,-0.0004,29.77,0
BottomS16151,39.5163,-11.1701,7.311e-19,8.088e-19,7.318e-19,0.0002,31.37,0
BottomS16153,39.4899,-11.1111,3.143e-13,3.057e-13,2.092e-13,0.0006,32.57,1
BottomS16155,39.6007,-11.1601,1.340e-17,1.166e-17,6.326e-18,0.001,29.76,0
BottomS16156,39.3668,-11.1150,4.635e-20,6.071e-20,7.774e-20,0.0001,33.72,0
BottomS16158,39.4860,-11.1227,3.553e-19,3.983e-19,3.580e-19,0.0001,32.44,0
BottomS16159,39.3968,-11.0196,1.625e-17,3.415e-17,1.156e-16,0.0006,34.31,1
BottomS16160,39.5959,-11.1802,2.262e-18,2.272e-18,1.638e-18,-0.0003,29.74,0
BottomS16161,39.5381,-11.1239,4.780e-18,8.608e-18,2.137e-17,-0.0003,31.86,0
BottomS16162,39.3399,-11.1184,1.052e-17,1.641e-17,2.864e-17,-0.0002,34.26,0
BottomS16164,39.4295,-11.1521,1.446e-20,2.277e-20,4.138e-20,0.0005,32.4,0
BottomS16165,39.5547,-11.2210,1.201e-16,9.072e-17,3.761e-17,0.0005,29.88,1
BottomS16168,39.3990,-11.1649,4.353e-17,3.666e-17,1.887e-17,-0.0,32.27,0
BottomS16169,39.4344,-11.0765,4.997e-18,9.508e-18,2.562e-17,-0.0005,33.84,0
BottomS16170,39.4024,-11.1632,6.070e-18,5.439e-18,3.094e-18,-0.0005,32.79,0
BottomS16171,39.5766,-11.1571,4.714e-17,3.867e-17,1.861e-17,0.0004,30.63,0
BottomS16172,39.3151,-11.0893,1.192e-17,9.934e-18,5.116e-18,0.0003,34.15,0
BottomS16174,39.5480,-11.1257,2.889e-18,2.840e-18,2.026e-18,-0.0001,31.37,0
BottomS16175,39.4999,-11.1835,7.088e-20,8.824e-20,1.002e-19,-0.0002,30.97,0
BottomS16177,39.5016,-11.1785,1.389e-18,1.418e-18,1.084e-18,0.0005,31.05,0
BottomS16178,39.5406,-11.1858,4.755e-19,5.075e-19,4.066e-19,-0.0003,30.6,0
BottomS16179,39.4559,-11.2392,5.246e-18,8.856e-18,1.862e-17,0.0008,30.84,0
BottomS16182,39.5128,-11.0829,1.260e-19,1.568e-19,1.753e-19,0.0002,32.84,0
BottomS16186,39.5405,-11.1387,2.497e-20,3.629e-20,5.506e-20,-0.0008,30.56,0
BottomS16188,39.3563,-11.0812,9.710e-18,8.361e-18,4.562e-18,0.0005,34.2,0
BottomS16189,39.5889,-11.1273,1.212e-20,1.976e-20,4.058e-20,0.0003,30.49,0
BottomS16190,39.4330,-11.1852,1.245e-18,1.325e-18,1.128e-18,0.0001,31.51,0
BottomS16192,39.4547,-11.0630,2.157e-17,1.743e-17,8.053e-18,0.0001,33.97,0
BottomS16193,39.4354,-11.1073,1.626e-17,1.357e-17,6.925e-18,0.0,33.31,0
BottomS16194,39.4075,-11.1214,1.814e-20,2.734e-20,4.626e-20,0.0006,33.17,0
BottomS16196,39.5053,-11.1657,1.023e-18,1.025e-18,7.257e-19,0.0001,30.68,0
BottomS16197,39.4623,-11.1307,7.377e-18,1.086e-17,1.762e-17,-0.0002,32.37,0
BottomS16199,39.4443,-11.1162,4.745e-19,5.179e-19,4.353e-19,0.0001,33.29,0
BottomS16200,39.3867,-11.0265,4.974e-19,5.333e-19,4.316e-19,0.0003,34.33,0
BottomS16201,39.5385,-11.2175,6.718e-18,1.265e-17,3.363e-17,-0.0002,29.96,0
BottomS16203,39.5749,-11.3417,3.093e-19,3.455e-19,3.105e-19,0.0009,29.45,0
BottomS16204,39.6170,-11.1621,2.309e-18,2.234e-18,1.520e-18,-0.0006,30.5,0
BottomS16207,39.5598,-11.1402,1.855e-13,1.884e-13,1.437e-13,0.0008,30.63,1
BottomS16208,39.5636,-11.1137,1.312e-20,2.007e-20,3.498e-20,-0.001,31.69,0
BottomS16209,39.4989,-11.0805,4.407e-19,4.871e-19,4.440e-19,-0.0004,33.47,0
BottomS16210,39.4059,-11.0883,4.588e-18,4.217e-18,2.593e-18,-0.0,33.79,0
BottomS16212,39.5076,-11.0964,5.918e-18,5.615e-18,3.592e-18,-0.0003,33.1,0
BottomS16214,39.3958,-11.1492,7.766e-18,6.639e-18,3.474e-18,-0.001,33.48,0
BottomS16219,39.5180,-11.0866,6.401e-18,5.550e-18,2.990e-18,-0.0004,32.98,0
BottomS16221,39.5769,-11.1854,3.205e-17,7.657e-17,3.369e-16,-0.0,30.55,1
BottomS16222,39.3287,-11.1662,1.034e-19,1.375e-19,1.802e-19,-0.0006,33.79,0
BottomS16223,39.5336,-11.2300,9.837e-20,1.256e-19,1.529e-19,0.001,29.73,0
BottomS16224,39.3577,-11.1377,1.963e-13,1.472e-13,5.795e-14,0.0002,32.67,0
BottomS16229,39.4200,-11.2318,1.093e-18,1.124e-18,8.711e-19,0.0001,29.9,0
BottomS16230,39.4404,-11.1823,7.069e-19,7.748e-19,6.547e-19,0.0001,31.44,0
BottomS16231,39.4858,-11.1716,7.920e-19,8.388e-19,6.755e-19,-0.0005,31.31,0
BottomS16232,39.4942,-11.1012,1.812e-18,1.755e-18,1.225e-18,-0.0001,32.83,0
BottomS16233,39.4821,-11.1763,2.222e-19,2.507e-19,2.248e-19,0.0,31.07,0
BottomS16235,39.5695,-11.1836,1.529e-17,1.263e-17,6.392e-18,0.0011,30.36,0
BottomS16236,39.5295,-11.1608,3.898e-18,3.731e-18,2.396e-18,-0.0001,30.65,0
BottomS16240,39.4399,-11.1695,9.249e-20,1.165e-19,1.376e-19,-0.0005,31.76,0
BottomS16243,39.4566,-11.2015,1.140e-19,1.472e-19,1.779e-19,0.0003,30.7,0
BottomS16244,39.5657,-11.1215,3.934e-17,3.087e-17,1.366e-17,0.0002,30.0,0
BottomS16247,39.5249,-11.1307,4.527e-18,4.347e-18,2.943e-18,-0.0005,31.49,0
BottomS16248,39.5420,-11.2243,3.492e-19,4.153e-19,4.386e-19,-0.0005,29.84,0
BottomS16249,39.5287,-11.1565,3.810e-20,5.340e-20,7.448e-20,-0.0001,31.35,0
BottomS16250,39.4370,-11.1384,1.016e-16,7.766e-17,3.222e-17,0.0009,32.61,1
BottomS16252,39.6135,-11.1243,8.701e-19,9.467e-19,7.918e-19,0.001,30.95,0
BottomS16253,39.4003,-11.1690,1.513e-17,1.284e-17,6.835e-18,0.0008,32.29,0
BottomS16254,39.4934,-11.3099,1.329e-17,2.932e-17,1.132e-16,0.0003,30.0,1
BottomS16255,39.3732,-11.2529,8.219e-20,1.066e-19,1.338e-19,-0.0003,29.65,0
BottomS16256,39.4574,-11.1883,1.062e-13,7.203e-14,2.427e-14,0.0006,31.13,0
BottomS16257,39.5086,-11.0229,2.779e-19,3.243e-19,3.214e-19,0.0003,34.1,0
BottomS16258,39.4593,-11.1174,2.431e-20,3.791e-20,6.620e-20,-0.0002,32.73,0
BottomS16259,39.4462,-11.0764,6.298e-13,4.870e-13,2.144e-13,0.0003,33.81,1
BottomS16260,39.4256,-11.0794,2.663e-17,6.874e-17,3.561e-16,-0.0009,33.86,1
BottomS16261,39.5049,-11.1357,1.634e-19,2.038e-19,2.302e-19,-0.0001,31.94,0
BottomS16262,39.5220,-11.0953,6.024e-20,8.668e-20,1.347e-19,0.0003,32.46,0
BottomS16263,39.4982,-11.0525,1.280e-17,1.118e-17,6.398e-18,0.0001,34.07,0
BottomS16264,39.5237,-11.1201,4.200e-20,6.262e-20,1.033e-19,0.0007,32.06,0
BottomS16265,39.5000,-11.2016,3.991e-17,3.272e-17,1.657e-17,-0.0004,30.22,0
BottomS16266,39.4725,-11.1894,6.793e-17,5.190e-17,2.145e-17,-0.0006,31.53,1
BottomS16267,39.5035,-11.2678,2.079e-18,2.044e-18,1.430e-18,0.0006,29.65,0
BottomS16268,39.4470,-11.1313,7.841e-18,1.294e-17,2.679e-17,0.001,32.54,0
BottomS16270,39.5487,-11.0708,9.907e-20,1.212e-19,1.379e-19,-0.0002,34.04,0
BottomS16271,39.4000,-11.0588,2.665e-18,2.566e-18,1.687e-18,0.0003,34.13,0
BottomS16272,39.5449,-11.2285,1.235e-20,1.898e-20,3.255e-20,-0.0009,29.77,0
BottomS16273,39.5687,-11.1418,6.368e-18,6.069e-18,3.801e-18,-0.0004,31.05,0
BottomS16274,39.4178,-11.1202,1.672e-17,1.414e-17,7.381e-18,0.0002,33.21,0
BottomS16275,39.4836,-11.1596,2.292e-19,2.713e-19,2.713e-19,0.0002,31.09,0
BottomS16277,39.3973,-11.1501,1.607e-20,2.259e-20,3.266e-20,-0.0004,33.79,0
BottomS16280,39.4654,-11.1254,3.865e-17,2.987e-17,1.303e-17,0.0011,32.55,0
BottomS16281,39.5235,-11.1698,3.294e-13,2.724e-13,1.365e-13,0.0001,31.26,1
BottomS16284,39.5542,-11.1001,7.593e-18,1.483e-17,4.124e-17,0.0005,32.67,0
BottomS16287,39.4110,-11.1433,5.892e-18,1.117e-17,3.053e-17,0.0006,33.08,0
BottomS16290,39.3954,-11.0365,6.151e-18,1.046e-17,2.306e-17,0.0001,34.15,0
BottomS16291,39.5099,-11.1820,1.418e-19,1.656e-19,1.664e-19,0.0008,30.97,0
BottomS16293,39.5009,-11.1525,3.602e-13,2.677e-13,1.032e-13,0.0001,31.46,0
BottomS16294,39.4613,-11.1429,7.566e-18,1.093e-17,1.693e-17,0.001,32.27,0
BottomS16295,39.4576,-11.1700,1.373e-20,2.107e-20,3.713e-20,0.0005,31.59,0
BottomS16298,39.4529,-11.1655,3.740e-19,4.542e-19,4.667e-19,-0.0001,31.77,0
BottomS16299,39.4469,-11.1373,1.475e-19,1.857e-19,2.120e-19,0.0001,32.43,0
BottomS16300,39.4436,-11.1594,1.290e-17,2.748e-17,9.149e-17,-0.0003,31.96,0
BottomS16301,39.5070,-11.1285,4.271e-19,4.839e-19,4.439e-19,-0.0012,32.06,0
BottomS16302,39.4557,-11.1609,4.055e-18,3.629e-18,2.186e-18,-0.0,31.84,0
BottomS16305,39.4459,-11.1333,3.351e-19,3.881e-19,3.670e-19,-0.0006,32.76,0
BottomS16307,39.4678,-11.1298,2.146e-18,2.074e-18,1.386e-18,0.0005,32.4,0
BottomS16310,39.4350,-11.1174,3.109e-19,3.635e-19,3.577e-19,-0.0004,33.0,0
BottomS16311,39.4329,-11.1707,4.712e-13,4.278e-13,2.613e-13,0.0,31.83,1
BottomS16313,39.4765,-11.1403,6.059e-18,5.455e-18,3.171e-18,0.0005,32.16,0
BottomS16314,39.4999,-11.1492,1.058e-17,8.779e-18,4.349e-18,0.0005,31.64,0
BottomS16315,39.5061,-11.1820,1.125e-17,1.001e-17,5.800e-18,0.0005,30.93,0
BottomS16316,39.4528,-11.1336,1.014e-17,1.749e-17,3.714e-17,-0.0007,32.43,0
BottomS16318,39.4474,-11.1529,9.601e-19,1.048e-18,9.228e-19,-0.0004,32.07,0
BottomS16319,39.4703,-11.1620,1.695e-19,2.119e-19,2.459e-19,-0.0007,31.7,0
BottomS16320,39.4875,-11.1259,1.329e-17,1.166e-17,6.447e-18,-0.0002,32.36,0
BottomS16321,39.4446,-11.1514,8.831e-18,1.567e-17,3.855e-17,0.0006,32.17,0
BottomS16324,39.4703,-11.1369,4.595e-18,4.199e-18,2.603e-18,0.0006,32.31,0
BottomS16325,39.4634,-11.1522,1.639e-17,1.394e-17,7.192e-18,-0.0004,31.96,0
BottomS16326,39.4525,-11.1573,5.186e-18,4.767e-18,2.887e-18,0.0,31.96,0
BottomS16327,39.4803,-11.1399,3.353e-18,5.834e-18,1.319e-17,0.0005,32.09,0
BottomS16328,39.4431,-11.1302,6.419e-18,5.813e-18,3.313e-18,-0.0002,32.74,1
BottomS16330,39.4343,-11.1331,3.665e-13,3.584e-13,2.437e-13,-0.0003,32.8,1
BottomS16332,39.4598,-11.1656,2.601e-18,2.531e-18,1.723e-18,-0.0001,31.72,0
BottomS16333,39.4826,-11.1370,6.394e-18,5.921e-18,3.580e-18,0.0009,32.1,0
BottomS16334,39.5100,-11.1563,2.361e-20,3.194e-20,4.234e-20,-0.0005,31.26,0
BottomS16335,39.4559,-11.1284,1.383e-17,2.348e-17,5.141e-17,-0.0011,32.57,0
BottomS16336,39.4509,-11.1533,5.027e-20,7.340e-20,1.131e-19,-0.0,32.06,0
BottomS16337,39.5022,-11.1438,1.676e-18,1.686e-18,1.195e-18,0.0001,31.71,0
BottomS16340,39.4141,-11.1425,5.614e-20,7.590e-20,9.928e-20,-0.0001,32.54,0
BottomS16341,39.4856,-11.1558,1.066e-18,1.115e-18,9.136e-19,0.0003,31.69,0
BottomS16343,39.5103,-11.1273,9.410e-20,1.307e-19,1.900e-19,-0.0005,31.99,0
BottomS16344,39.5030,-11.1436,1.188e-17,3.257e-17,1.924e-16,0.0004,31.71,1
BottomS16346,39.4434,-11.1427,7.995e-20,1.049e-19,1.310e-19,-0.0001,32.31,0
BottomS16348,39.4899,-11.1521,5.384e-20,7.416e-20,1.017e-19,-0.0005,31.63,0
BottomS16349,39.4544,-11.1398,2.900e-17,2.347e-17,1.074e-17,-0.0001,32.31,0
BottomS16350,39.4743,-11.1404,5.871e-18,1.170e-17,3.570e-17,-0.0001,32.11,0
BottomS16352,39.4166,-11.1303,2.179e-18,2.082e-18,1.387e-18,-0.0006,32.6,0
BottomS16353,39.5316,-11.1482,3.070e-19,3.626e-19,3.529e-19,-0.0006,31.46,0
BottomS16354,39.4461,-11.1447,5.153e-19,5.625e-19,4.927e-19,0.0,32.25,0
BottomS16355,39.5064,-11.1349,1.250e-16,9.220e-17,3.471e-17,0.0003,31.93,0
BottomS16357,39.5222,-11.1481,1.649e-13,1.146e-13,4.062e-14,-0.0004,31.55,0
BottomS16358,39.4423,-11.1420,1.351e-17,1.149e-17,6.057e-18,0.0007,32.39,0
BottomS16359,39.4888,-11.1602,2.386e-13,1.653e-13,5.805e-14,0.0003,31.5,0
BottomS16360,39.4335,-11.1490,3.237e-19,3.740e-19,3.707e-19,0.0005,32.42,0
BottomS16361,39.4638,-11.1601,3.953e-18,6.712e-18,1.423e-17,-0.0006,31.79,0
BottomS16362,39.5080,-11.1581,1.450e-17,2.597e-17,6.191e-17,0.0006,31.44,0
BottomS16363,39.4733,-11.1659,6.280e-19,6.909e-19,6.258e-19,0.0004,31.61,0
BottomS16365,39.4894,-11.1351,1.023e-17,8.968e-18,4.862e-18,-0.0002,32.07,0
BottomS16366,39.4490,-11.1384,3.733e-18,6.962e-18,1.822e-17,0.0001,32.33,0
BottomS16367,39.4417,-11.1400,6.168e-18,1.205e-17,3.427e-17,-0.0004,32.41,0
BottomS16368,39.4914,-11.1391,1.903e-17,1.592e-17,7.810e-18,-0.0,32.03,0
BottomS16369,39.4542,-11.1540,2.497e-13,1.779e-13,6.227e-14,-0.0001,32.0,0
BottomS16372,39.4350,-11.1401,8.706e-18,7.624e-18,4.148e-18,0.0007,32.43,0
BottomS16373,39.4618,-11.1415,3.820e-18,3.622e-18,2.334e-18,-0.0007,32.17,0
BottomS16374,39.4695,-11.1657,5.893e-18,1.184e-17,3.771e-17,-0.0002,31.62,0
BottomS16377,39.5015,-11.1439,1.081e-18,1.131e-18,9.164e-19,-0.0,31.76,0
BottomS16379,39.4898,-11.1320,2.303e-17,1.813e-17,8.287e-18,0.0002,32.11,0
BottomS16382,39.4602,-11.1732,1.715e-17,2.573e-17,4.377e-17,-0.0003,31.55,0
BottomS16383,39.5155,-11.1434,1.562e-19,1.851e-19,1.933e-19,0.0002,31.72,0
BottomS16384,39.4365,-11.1357,1.677e-17,1.406e-17,6.950e-18,0.0005,32.54,0
BottomS16385,39.5044,-11.1402,1.223e-17,1.034e-17,5.449e-18,0.0004,31.84,0
BottomS16386,39.4944,-11.1486,3.249e-18,5.703e-18,1.276e-17,0.0005,31.78,0
BottomS16389,39.4999,-11.1494,1.434e-19,1.779e-19,1.994e-19,-0.0001,31.68,0
BottomS16390,39.4573,-11.1641,2.735e-20,3.793e-20,5.441e-20,0.0004,31.82,0
BottomS16392,39.4363,-11.1451,1.256e-17,1.082e-17,5.730e-18,-0.0002,32.35,0
BottomS16394,39.4970,-11.1399,5.293e-20,7.048e-20,9.028e-20,-0.0001,31.9,0
BottomS16395,39.5102,-11.1393,2.325e-19,2.762e-19,2.862e-19,0.0004,31.79,0
BottomS16396,39.5027,-11.1192,4.037e-19,4.520e-19,4.022e-19,-0.0002,32.19,0
BottomS16398,39.5172,-11.1386,5.867e-20,7.706e-20,9.596e-20,0.0004,31.81,0
BottomS16400,39.5222,-11.1358,1.832e-17,1.560e-17,7.914e-18,-0.0003,31.74,0
BottomS16401,39.5202,-11.1426,8.233e-14,1.061e-13,1.231e-13,0.0,31.61,0
BottomS16402,39.5183,-11.1445,1.185e-18,1.196e-18,8.914e-19,-0.0006,31.69,0
BottomS16403,39.4948,-11.1222,2.267e-19,2.630e-19,2.628e-19,0.0005,32.23,0
BottomS16407,39.5226,-11.1375,1.456e-18,1.420e-18,9.754e-19,-0.0008,31.67,0
BottomS16411,39.4472,-11.1616,2.108e-19,2.464e-19,2.385e-19,0.0001,31.93,0
BottomS16412,39.4991,-11.1204,3.667e-18,6.189e-18,1.314e-17,0.0002,32.21,0
BottomS16413,39.5088,-11.1407,2.554e-17,1.970e-17,8.547e-18,-0.0008,31.8,0
BottomS16416,39.4450,-11.1451,9.723e-18,1.736e-17,4.054e-17,-0.0007,32.27,0
BottomS16417,39.4555,-11.1605,6.953e-18,6.055e-18,3.310e-18,0.0,31.81,0
BottomS16418,39.4425,-11.1534,4.677e-18,4.536e-18,2.963e-18,0.0003,32.09,0
BottomS16419,39.4358,-11.1388,1.976e-19,2.398e-19,2.539e-19,-0.0001,32.4,0
BottomS16420,39.5100,-11.1335,3.032e-18,2.853e-18,1.781e-18,0.0001,31.91,0
BottomS16421,39.4353,-11.1605,4.863e-19,5.554e-19,5.398e-19,-0.0001,32.05,0
BottomS16422,39.4496,-11.1491,6.144e-18,5.740e-18,3.541e-18,-0.0009,32.12,0
BottomS16423,39.4409,-11.1505,4.034e-18,6.202e-18,1.066e-17,-0.0007,32.17,0
BottomS16424,39.4464,-11.1319,9.933e-20,1.265e-19,1.528e-19,0.0002,32.47,0
BottomS16429,39.5216,-11.1217,3.234e-13,2.328e-13,8.615e-14,-0.0003,32.01,0
BottomS16431,39.4450,-11.1573,1.721e-16,1.274e-16,4.877e-17,0.0002,32.03,0
BottomS16432,39.4586,-11.1639,9.333e-18,2.169e-17,9.208e-17,0.0009,31.79,1
BottomS16433,39.4177,-11.1646,2.348e-18,4.486e-18,1.223e-17,0.0004,32.11,0
BottomS16435,39.5004,-11.1446,4.677e-17,1.049e-16,4.057e-16,0.0,31.76,1
BottomS16437,39.4525,-11.1460,1.719e-17,1.459e-17,7.902e-18,-0.0002,32.17,0
BottomS16438,39.4629,-11.1481,1.423e-18,1.424e-18,1.035e-18,-0.0004,32.04,0
BottomS16439,39.4437,-11.1543,3.944e-18,3.696e-18,2.356e-18,0.0001,32.08,0
BottomS16440,39.5085,-11.1477,1.560e-16,1.186e-16,5.050e-17,0.0002,31.64,1
BottomS16441,39.4256,-11.1208,3.675e-19,3.978e-19,3.454e-19,0.0001,32.74,0
BottomS16442,39.5083,-11.1424,4.107e-19,4.555e-19,4.120e-19,0.0002,31.74,0
BottomS16443,39.4314,-11.1436,1.158e-17,1.874e-17,3.756e-17,0.0008,32.37,0
BottomS16444,39.4498,-11.1559,5.840e-18,5.277e-18,3.144e-18,-0.0005,32.03,0
BottomS16447,39.4377,-11.1487,5.389e-18,5.033e-18,3.244e-18,-0.0001,32.14,0
BottomS16449,39.4399,-11.1687,8.326e-19,8.845e-19,7.540e-19,0.0001,31.84,0
BottomS16450,39.5081,-11.1188,4.354e-18,3.953e-18,2.339e-18,-0.0004,32.13,0
BottomS16451,39.4932,-11.1345,6.220e-18,5.369e-18,2.936e-18,0.0009,31.99,0
BottomS16452,39.4372,-11.1830,1.849e-19,2.185e-19,2.236e-19,-0.0001,31.7,0
BottomS16454,39.5021,-11.1460,6.788e-17,5.238e-17,2.280e-17,-0.0005,31.8,1
BottomS16457,39.5105,-11.1300,1.051e-20,1.630e-20,3.039e-20,-0.0001,31.94,0
BottomS16459,39.4314,-11.1590,1.169e-17,1.922e-17,3.788e-17,0.0012,32.08,0
BottomS16464,39.5077,-11.1592,8.289e-19,8.866e-19,7.398e-19,0.0,31.62,0
BottomS16465,39.4220,-11.1423,6.191e-17,5.182e-17,2.639e-17,-0.0002,32.35,0
BottomS16469,39.4440,-11.1655,3.601e-20,4.910e-20,6.597e-20,-0.0009,31.89,0
BottomS16472,39.5121,-11.1474,1.404e-18,1.403e-18,1.047e-18,-0.0008,31.73,0
BottomS16473,39.5435,-11.1460,2.851e-18,2.707e-18,1.782e-18,0.0001,31.52,0
BottomS16476,39.4374,-11.1557,1.069e-18,1.099e-18,8.214e-19,0.0001,32.09,0
BottomS16477,39.4473,-11.1523,1.426e-17,1.226e-17,6.421e-18,0.0003,32.1,0
BottomS16478,39.4631,-11.1606,3.592e-14,2.349e-14,7.262e-15,0.0001,31.81,0
BottomS16479,39.4257,-11.1571,7.428e-18,6.340e-18,3.246e-18,-0.0008,32.13,0
BottomS16480,39.5132,-11.1285,1.011e-19,1.227e-19,1.325e-19,-0.0006,31.97,0
BottomS16481,39.4519,-11.1550,5.744e-18,5.127e-18,2.989e-18,-0.0005,32.0,0
BottomS16483,39.5455,-11.1488,3.472e-13,2.698e-13,1.165e-13,-0.0005,31.38,1
BottomS16484,39.4392,-11.1613,1.641e-18,2.894e-18,6.715e-18,-0.0001,31.94,0
BottomS16485,39.4495,-11.1586,1.060e-17,2.032e-17,5.614e-17,0.0001,31.87,0
BottomS16486,39.5477,-11.1291,7.659e-20,1.046e-19,1.390e-19,-0.0007,31.77,0
BottomS16487,39.5235,-11.1478,3.934e-20,5.075e-20,6.338e-20,-0.0001,31.67,0
BottomS16488,39.4277,-11.1462,4.122e-19,4.680e-19,4.318e-19,0.0013,32.17,0
BottomS16493,39.4453,-11.1468,3.117e-19,3.707e-19,3.860e-19,0.0006,32.15,0
BottomS16494,39.5096,-11.1107,4.490e-18,4.059e-18,2.468e-18,-0.0007,32.21,0
BottomS16495,39.5220,-11.1413,1.437e-16,4.506e-16,3.465e-15,0.0001,31.77,1
BottomS16496,39.4135,-11.1557,6.390e-18,1.214e-17,3.286e-17,-0.0002,32.17,0
BottomS16497,39.4061,-11.1405,1.029e-19,1.303e-19,1.519e-19,0.0004,32.38,0
BottomS16498,39.5381,-11.1371,8.418e-18,1.922e-17,8.083e-17,-0.0008,31.75,0
BottomS16499,39.4227,-11.1554,2.232e-18,2.211e-18,1.578e-18,0.0,32.22,0
BottomS16500,39.4251,-11.1581,3.429e-19,4.138e-19,4.424e-19,0.0,32.05,0
BottomS16501,39.4404,-11.1714,1.081e-20,1.714e-20,3.277e-20,-0.0001,31.81,0
BottomS16502,39.5198,-11.1102,2.558e-17,2.148e-17,1.097e-17,-0.0011,32.14,0
BottomS16503,39.5468,-11.1508,1.205e-13,8.234e-14,2.725e-14,0.0008,31.39,0
BottomS16505,39.4183,-11.1432,9.075e-18,1.527e-17,3.343e-17,-0.0001,32.28,0
BottomS16506,39.5193,-11.1195,2.129e-19,2.542e-19,2.628e-19,0.0004,32.04,0
BottomS16507,39.4062,-11.1520,4.108e-20,5.831e-20,8.411e-20,-0.0008,32.19,0
BottomS16508,39.5076,-11.1342,1.579e-19,2.007e-19,2.390e-19,-0.0001,31.92,0
BottomS16510,39.4361,-11.1559,2.760e-20,3.850e-20,5.597e-20,0.0,32.12,0
BottomS16511,39.4363,-11.1701,1.978e-17,1.705e-17,8.942e-18,0.0001,31.88,0
BottomS16514,39.4224,-11.1595,1.679e-18,1.768e-18,1.425e-18,0.0006,32.07,0
BottomS16517,39.5018,-11.1223,6.246e-20,8.003e-20,9.639e-20,-0.0004,32.09,0
BottomS16519,39.5224,-11.1178,2.483e-19,2.831e-19,2.780e-19,-0.0007,32.04,0
BottomS16520,39.4177,-11.1489,8.082e-18,7.217e-18,4.200e-18,0.0009,32.28,0
BottomS16523,39.5538,-11.1348,4.787e-18,8.917e-18,2.420e-17,0.0003,31.7,0
BottomS16525,39.5278,-11.1211,1.153e-13,7.843e-14,2.627e-14,0.0001,31.99,0
BottomS16530,39.4123,-11.1416,1.060e-18,1.108e-18,8.941e-19,0.0004,32.3,0
BottomS16531,39.4101,-11.1454,3.094e-18,3.024e-18,2.061e-18,0.0003,32.26,0
BottomS16532,39.4151,-11.1556,2.598e-18,2.498e-18,1.724e-18,0.0,32.1,0
BottomS16533,39.5545,-11.1467,1.166e-15,8.192e-16,2.924e-16,-0.0009,31.54,0
BottomS16534,39.5452,-11.1403,1.090e-19,1.306e-19,1.392e-19,0.0004,31.66,0
BottomS16535,39.5384,-11.1350,7.796e-18,6.948e-18,3.841e-18,0.0003,31.78,0
BottomS16536,39.4274,-11.1714,5.333e-17,4.267e-17,1.915e-17,0.0004,31.92,1
BottomS16537,39.4294,-11.1786,4.284e-17,3.601e-17,1.829e-17,0.0009,31.8,0
BottomS16538,39.5189,-11.1059,8.651e-20,1.127e-19,1.429e-19,0.0001,32.15,0
BottomS16539,39.5105,-11.1009,1.033e-15,7.258e-16,2.688e-16,-0.0003,32.18,0
BottomS16540,39.5039,-11.0920,3.548e-16,2.406e-16,8.347e-17,0.0006,32.37,0
BottomS16541,39.4875,-11.0870,1.746e-18,1.631e-18,1.076e-18,0.001,32.43,0
BottomS16542,39.4898,-11.0712,5.270e-19,5.624e-19,4.644e-19,-0.0006,32.61,0
BottomS16543,39.4737,-11.2299,1.215e-15,8.611e-16,3.075e-16,-0.0001,31.21,0
BottomS16544,39.4655,-11.0513,3.204e-17,2.616e-17,1.251e-17,0.0005,32.94,0
BottomS16545,39.4582,-11.0553,2.547e-16,1.855e-16,7.130e-17,0.0007,32.85,0
BottomS16546,39.4532,-11.0392,3.103e-17,5.176e-17,1.119e-16,0.0003,33.04,0
BottomS16547,39.5089,-11.2618,1.413e-16,1.042e-16,4.137e-17,-0.0002,30.75,0
BottomS16548,39.5189,-11.2691,6.431e-16,4.478e-16,1.611e-16,0.0001,30.68,0
BottomS16549,39.4247,-11.0124,2.030e-16,1.504e-16,6.219e-17,-0.0003,33.31,0
BottomS16550,39.4185,-11.0135,4.135e-18,6.635e-18,1.282e-17,0.0,33.44,0
BottomS16551,39.4164,-10.9977,3.773e-17,2.954e-17,1.333e-17,0.0021,33.56,0
BottomS16552,39.3944,-10.9875,3.797e-17,3.100e-17,1.460e-17,0.0004,33.7,0
BottomS16553,39.3952,-10.9858,9.067e-18,1.732e-17,4.806e-17,-0.0,33.72,0
BottomS16554,39.3692,-10.9671,7.608e-18,7.236e-18,4.759e-18,0.0004,33.95,0
BottomS16555,39.3690,-10.9552,9.895e-16,6.877e-16,2.402e-16,0.0002,33.96,0
BottomS16556,39.3610,-10.9560,2.336e-14,1.538e-14,4.919e-15,0.0002,33.96,0
BottomS16557,39.3531,-10.9478,1.705e-17,1.383e-17,6.808e-18,0.0003,34.05,0
BottomS16558,39.6099,-11.3513,7.496e-16,5.246e-16,1.822e-16,0.0001,29.8,0
BottomS16559,39.3295,-10.9296,1.804e-13,1.271e-13,4.644e-14,-0.0001,34.15,0
BottomS16561,39.3383,-10.9416,4.732e-16,3.430e-16,1.268e-16,0.001,34.22,0
BottomS16562,39.3156,-10.9270,6.202e-17,4.841e-17,2.161e-17,-0.0001,34.34,1
BottomS16563,39.6390,-11.3736,5.105e-17,4.143e-17,1.913e-17,0.0,29.53,0
BottomS16564,39.6539,-11.3823,2.200e-16,1.617e-16,6.260e-17,0.0009,29.47,0
BottomS16565,39.3068,-10.9243,1.708e-18,1.639e-18,1.110e-18,-0.0002,34.56,0
BottomS16566,39.6649,-11.3848,3.849e-18,3.565e-18,2.176e-18,-0.0005,29.3,0
BottomS16567,39.2794,-10.9034,2.658e-16,1.955e-16,7.649e-17,0.0,34.49,0
BottomS16568,39.2715,-10.8987,4.936e-16,3.524e-16,1.277e-16,-0.0005,34.68,0
BottomS16569,39.6616,-11.3741,1.205e-16,8.887e-17,3.585e-17,-0.0001,29.41,0
BottomS16570,39.6999,-11.4089,2.011e-17,4.188e-17,1.405e-16,0.0005,29.31,1
BottomS16571,39.2427,-10.8878,2.032e-17,1.736e-17,8.991e-18,-0.0001,34.72,0
BottomS16572,39.7096,-11.4042,9.115e-18,1.486e-17,2.959e-17,0.0002,29.24,0
BottomS16573,39.2519,-10.8993,5.954e-16,4.141e-16,1.457e-16,-0.0005,34.57,0
BottomS16574,39.7032,-11.3841,1.058e-16,7.803e-17,3.168e-17,-0.0006,29.24,0
BottomS16575,39.2378,-10.9011,4.254e-17,3.423e-17,1.627e-17,0.0011,34.54,0
BottomS16576,39.7307,-11.4092,9.397e-16,6.495e-16,2.267e-16,-0.0003,29.24,0
BottomS16577,39.7169,-11.3932,6.006e-18,1.214e-17,3.791e-17,0.0004,29.31,0
BottomS16578,39.2414,-10.9146,2.020e-16,1.491e-16,5.897e-17,-0.0006,34.49,0
BottomS16579,39.2198,-10.8972,2.884e-15,1.929e-15,6.145e-16,0.0007,34.51,0
BottomS16580,39.7119,-11.3642,1.151e-19,1.563e-19,2.089e-19,-0.0009,29.46,0
BottomS16581,39.2246,-10.9142,4.182e-16,3.055e-16,1.163e-16,-0.0003,34.44,0
BottomS16582,39.2243,-10.9186,6.982e-16,4.911e-16,1.784e-16,-0.0001,34.5,0
BottomS16583,39.2165,-10.9184,2.756e-16,1.918e-16,6.905e-17,-0.0002,34.36,0
BottomS16584,39.2275,-10.9323,8.519e-17,6.382e-17,2.612e-17,0.0015,34.29,1
BottomS16585,39.7194,-11.3521,2.699e-15,1.797e-15,5.774e-16,0.0005,29.58,0
BottomS16588,39.2364,-10.9532,2.457e-16,1.776e-16,6.689e-17,-0.0003,33.98,0
BottomS16589,39.7229,-11.3261,6.762e-18,6.198e-18,3.592e-18,0.0007,29.97,0
BottomS16590,39.7048,-11.3177,2.383e-16,1.793e-16,7.358e-17,-0.0002,29.96,0
BottomS16591,39.7094,-11.3070,6.444e-16,4.577e-16,1.627e-16,0.0004,30.13,0
BottomS16592,39.2632,-11.0102,9.976e-17,7.485e-17,3.049e-17,0.0003,33.59,1
BottomS16593,39.2622,-11.0025,6.708e-18,6.029e-18,3.547e-18,-0.0,33.7,0
BottomS16594,39.2671,-11.0211,7.565e-18,1.580e-17,5.082e-17,0.0003,33.37,0
BottomS16595,39.2646,-11.0301,8.624e-19,9.605e-19,8.427e-19,-0.0008,33.29,0
BottomS16596,39.6568,-11.2486,3.230e-17,2.635e-17,1.280e-17,0.0002,30.59,0
BottomS16597,39.6687,-11.2421,2.241e-16,1.680e-16,6.676e-17,-0.0001,30.68,0
BottomS16598,39.6543,-11.2311,5.258e-19,6.076e-19,5.779e-19,0.0009,30.76,0
BottomS16599,39.6587,-11.2239,3.753e-13,2.977e-13,1.341e-13,0.0002,30.92,1
BottomS16600,39.6382,-11.2002,4.586e-16,3.218e-16,1.168e-16,-0.0003,31.13,0
BottomS16601,39.6264,-11.1904,5.654e-19,6.189e-19,5.507e-19,0.0006,31.16,0
BottomS16602,39.6230,-11.1732,3.461e-17,2.883e-17,1.457e-17,-0.0001,31.35,0
BottomS16603,39.3489,-11.1269,1.868e-16,1.331e-16,4.967e-17,0.0004,32.48,0
BottomS16604,39.5953,-11.1531,6.900e-17,5.305e-17,2.191e-17,0.0003,31.57,1
BottomS16605,39.5845,-11.1352,6.577e-16,4.499e-16,1.543e-16,-0.0006,31.67,0
BottomS16606,39.3776,-11.1691,1.224e-16,8.807e-17,3.361e-17,-0.0002,32.12,0
BottomS16607,39.3871,-11.1837,2.679e-13,1.865e-13,6.494e-14,0.0003,32.02,0
BottomS16608,39.3983,-11.1990,1.431e-19,1.806e-19,2.166e-19,-0.0007,31.78,0
BottomS16609,39.5443,-11.0788,6.930e-17,5.488e-17,2.548e-17,0.0004,32.15,0
BottomS16610,39.5246,-11.0745,1.105e-16,8.426e-17,3.546e-17,-0.0001,32.26,1
BottomS16611,39.4422,-11.2418,5.528e-16,3.923e-16,1.430e-16,-0.0004,31.48,0
BottomS16612,39.4503,-11.2518,1.818e-17,1.490e-17,7.463e-18,-0.0011,31.39,0
BottomS16613,39.4873,-11.0235,1.897e-18,1.920e-18,1.401e-18,-0.0002,32.62,0
BottomS16614,39.4820,-11.0132,2.719e-17,2.336e-17,1.260e-17,0.0001,32.77,0
BottomS16615,39.4523,-10.9943,9.188e-19,9.824e-19,8.193e-19,-0.0001,33.01,0
BottomS16616,39.4496,-10.9860,8.861e-18,1.507e-17,3.216e-17,0.0009,33.09,0
BottomS16617,39.4309,-10.9705,6.447e-18,5.847e-18,3.421e-18,0.0002,33.16,0
BottomS16618,39.5192,-11.3324,3.441e-18,6.248e-18,1.540e-17,0.0002,30.76,0
BottomS16619,39.4163,-10.9528,1.774e-17,1.470e-17,7.091e-18,0.0007,33.28,0
BottomS16620,39.3918,-10.9276,1.954e-17,1.696e-17,9.219e-18,-0.0001,33.51,0
BottomS16621,39.3802,-10.9289,8.494e-17,6.420e-17,2.750e-17,0.0006,33.61,1
BottomS16622,39.5725,-11.3773,6.753e-16,4.713e-16,1.620e-16,0.0007,30.32,0
BottomS16623,39.3532,-10.9047,9.798e-17,7.628e-17,3.321e-17,0.0002,33.78,1
BottomS16624,39.3541,-10.9031,6.305e-17,4.979e-17,2.300e-17,-0.0,33.76,1
BottomS16625,39.3368,-10.8815,1.003e-16,7.854e-17,3.485e-17,-0.0005,33.86,1
BottomS16626,39.6157,-11.4038,1.355e-16,1.003e-16,3.980e-17,0.0001,29.98,0
BottomS16627,39.6456,-11.4333,7.526e-17,5.954e-17,2.625e-17,-0.0005,29.75,1
BottomS16628,39.6658,-11.4460,2.508e-18,2.413e-18,1.568e-18,-0.0001,29.66,0
BottomS16629,39.2995,-10.8649,1.745e-16,1.349e-16,5.848e-17,-0.0004,34.25,1
BottomS16630,39.2649,-10.8261,6.269e-18,9.444e-18,1.619e-17,0.0003,34.34,0
BottomS16631,39.2439,-10.8110,4.636e-18,7.468e-18,1.482e-17,0.0001,34.29,0
BottomS16632,39.6994,-11.4744,7.898e-17,6.115e-17,2.527e-17,0.0002,29.38,1
BottomS16633,39.7109,-11.4735,3.488e-16,2.429e-16,8.827e-17,0.0008,29.41,0
BottomS16634,39.7272,-11.4878,7.098e-16,5.007e-16,1.850e-16,0.0003,29.29,0
BottomS16636,39.7565,-11.4950,3.974e-16,2.884e-16,1.077e-16,0.0012,29.19,0
BottomS16638,39.7421,-11.4812,7.303e-18,1.585e-17,5.712e-17,0.0004,29.24,0
BottomS16639,39.7717,-11.4918,3.853e-18,3.529e-18,2.192e-18,-0.0002,29.18,0
BottomS16640,39.7959,-11.5354,2.735e-17,2.123e-17,9.095e-18,0.0007,29.16,0
BottomS16641,39.7687,-11.4858,6.900e-18,6.274e-18,3.665e-18,0.0001,29.12,0
BottomS16642,39.7940,-11.5022,1.049e-16,8.256e-17,3.673e-17,0.0011,29.14,1
BottomS16643,39.1554,-10.7875,4.856e-18,4.534e-18,2.700e-18,0.0011,34.77,0
BottomS16644,39.8153,-11.5132,6.503e-16,4.780e-16,1.864e-16,-0.001,29.09,0
BottomS16645,39.7825,-11.4690,1.515e-13,1.022e-13,3.357e-14,-0.0005,29.18,0
BottomS16646,39.1461,-10.8042,1.393e-17,1.211e-17,6.845e-18,0.0004,34.8,0
BottomS16647,39.1119,-10.7807,5.561e-16,3.963e-16,1.397e-16,0.0005,34.6,0
BottomS16648,39.8066,-11.4782,4.596e-16,3.337e-16,1.280e-16,0.0012,29.16,0
BottomS16649,39.8056,-11.4676,5.692e-17,4.637e-17,2.149e-17,0.0002,29.21,0
BottomS16650,39.8388,-11.4921,6.331e-17,5.135e-17,2.445e-17,-0.0006,29.16,0
BottomS16651,39.8335,-11.4841,3.454e-17,2.912e-17,1.453e-17,0.0011,29.3,0
BottomS16652,39.1340,-10.8325,3.128e-13,2.168e-13,7.661e-14,-0.0002,34.53,0
BottomS16654,39.8202,-11.4555,6.473e-16,4.733e-16,1.776e-16,0.0003,29.39,0
BottomS16655,39.8256,-11.4526,6.924e-17,5.259e-17,2.188e-17,0.0004,29.5,1
BottomS16656,39.1403,-10.8576,3.466e-18,5.674e-18,1.139e-17,0.0011,34.22,0
BottomS16657,39.1534,-10.8934,2.828e-16,2.152e-16,8.706e-17,0.0007,34.22,0
BottomS16658,39.1601,-10.8925,9.674e-17,7.293e-17,2.948e-17,-0.0004,34.08,0
BottomS16659,39.1545,-10.9083,5.822e-16,4.087e-16,1.432e-16,0.0007,33.99,0
BottomS16660,39.8192,-11.4027,9.976e-18,8.443e-18,4.270e-18,-0.0001,29.86,0
BottomS16661,39.7984,-11.3777,3.659e-16,2.574e-16,9.186e-17,0.0002,29.94,0
BottomS16662,39.1787,-10.9379,9.091e-18,8.204e-18,4.827e-18,-0.0004,33.73,0
BottomS16663,39.1883,-10.9441,4.090e-16,2.955e-16,1.126e-16,0.0001,33.71,0
BottomS16664,39.1949,-10.9696,1.556e-16,1.142e-16,4.400e-17,-0.0001,33.52,0
BottomS16666,39.7542,-11.3053,6.186e-17,4.928e-17,2.227e-17,-0.0002,30.47,1
BottomS16667,39.7332,-11.2895,1.525e-16,1.162e-16,4.862e-17,-0.0005,30.48,1
BottomS16668,39.2333,-11.0276,1.096e-16,8.013e-17,3.076e-17,-0.0001,33.13,0
BottomS16669,39.2387,-11.0444,1.738e-13,1.237e-13,4.502e-14,0.0003,33.0,0
BottomS16670,39.6927,-11.2352,8.794e-17,6.703e-17,2.766e-17,-0.0002,30.93,1
BottomS16671,39.6931,-11.2192,8.810e-17,6.961e-17,3.272e-17,0.0001,31.05,0
BottomS16672,39.2804,-11.0882,5.766e-16,4.033e-16,1.409e-16,-0.0003,32.71,0
BottomS16673,39.2868,-11.1116,3.827e-19,4.348e-19,4.033e-19,0.0003,32.59,0
BottomS16674,39.2990,-11.1279,1.482e-17,1.244e-17,6.383e-18,-0.0001,32.51,0
BottomS16675,39.6375,-11.1518,2.263e-17,1.819e-17,8.388e-18,-0.0008,31.56,0
BottomS16676,39.6220,-11.1294,1.711e-17,1.412e-17,6.798e-18,0.0001,31.72,0
BottomS16677,39.5960,-11.1182,3.349e-18,5.597e-18,1.149e-17,-0.0,31.78,0
BottomS16678,39.5909,-11.0954,1.779e-16,1.311e-16,5.054e-17,0.0,31.91,0
BottomS16679,39.3849,-11.2179,4.608e-16,3.392e-16,1.305e-16,0.0003,31.8,0
BottomS16680,39.5570,-11.0597,7.142e-14,4.734e-14,1.562e-14,-0.0007,32.24,0
BottomS16681,39.4052,-11.2474,4.391e-19,5.144e-19,5.223e-19,-0.0004,31.6,0
BottomS16682,39.4209,-11.2641,5.222e-18,4.782e-18,2.841e-18,-0.0001,31.42,0
BottomS16683,39.4432,-11.2858,9.465e-16,6.567e-16,2.349e-16,-0.0,31.36,0
BottomS16684,39.4893,-10.9858,2.812e-16,1.985e-16,7.331e-17,0.0001,32.74,0
BottomS16685,39.4652,-10.9696,1.179e-16,9.055e-17,3.947e-17,0.0,32.85,1
BottomS16686,39.4989,-11.3282,2.246e-16,1.635e-16,6.289e-17,0.0007,30.98,0
BottomS16687,39.5028,-11.3603,7.060e-16,4.919e-16,1.756e-16,0.0007,30.9,0
BottomS16688,39.5174,-11.3687,3.328e-18,5.528e-18,1.149e-17,-0.0001,30.71,0
BottomS16689,39.5458,-11.3762,4.323e-18,3.956e-18,2.331e-18,0.0001,30.58,0
BottomS16690,39.3852,-10.8884,8.627e-17,7.037e-17,3.304e-17,-0.0004,33.43,0
BottomS16691,39.3636,-10.8772,5.565e-17,4.569e-17,2.216e-17,-0.0003,33.58,0
BottomS16692,39.5969,-11.4279,1.048e-15,6.969e-16,2.235e-16,-0.0004,30.28,0
BottomS16693,39.3426,-10.8580,2.805e-17,2.294e-17,1.098e-17,-0.0006,33.7,0
BottomS16694,39.6369,-11.4587,3.992e-18,8.108e-18,2.495e-17,0.0001,30.1,0
BottomS16695,39.6343,-11.4567,3.228e-16,2.292e-16,8.256e-17,0.0002,29.91,0
BottomS16697,39.2663,-10.7941,7.411e-17,5.789e-17,2.594e-17,0.0002,34.11,1
BottomS16698,39.6908,-11.4948,6.787e-17,5.306e-17,2.344e-17,-0.0,29.65,1
BottomS16699,39.2525,-10.7825,7.361e-18,6.609e-18,3.934e-18,0.0003,34.22,0
BottomS16700,39.2499,-10.7846,3.028e-17,7.326e-17,3.408e-16,-0.0002,34.34,1
BottomS16701,39.2334,-10.7809,2.304e-13,1.599e-13,5.671e-14,0.0001,34.31,0
BottomS16702,39.2171,-10.7736,4.900e-17,3.910e-17,1.786e-17,0.0005,34.41,0
BottomS16703,39.7727,-11.5523,1.185e-15,8.015e-16,2.705e-16,0.0009,29.38,0
BottomS16704,39.1687,-10.7309,9.655e-16,6.787e-16,2.485e-16,0.0005,34.55,0
BottomS16705,39.1645,-10.7274,1.147e-19,1.379e-19,1.422e-19,-0.0003,34.56,0
BottomS16706,39.1293,-10.6965,1.180e-19,1.458e-19,1.630e-19,0.0006,34.66,0
BottomS16707,39.8039,-11.5737,1.837e-17,1.494e-17,7.259e-18,0.0006,29.12,0
BottomS16708,39.1139,-10.7046,2.791e-13,1.975e-13,7.261e-14,0.0004,34.79,0
BottomS16709,39.1333,-10.7302,2.062e-18,2.028e-18,1.416e-18,0.0002,34.8,0
BottomS16710,39.1076,-10.7006,2.603e-17,2.165e-17,1.105e-17,0.0,34.81,0
BottomS16711,39.1084,-10.7126,3.043e-15,2.050e-15,6.666e-16,0.0001,34.76,0
BottomS16712,39.8562,-11.5839,8.664e-18,7.716e-18,4.317e-18,-0.0005,29.01,0
BottomS16713,39.4477,-11.1782,2.823e-16,2.144e-16,9.000e-17,-0.0004,31.76,0
BottomS16714,39.5089,-11.1042,1.334e-18,1.367e-18,1.009e-18,0.0,32.25,0
BottomS16715,39.4375,-11.1952,5.266e-19,5.682e-19,4.795e-19,-0.0003,31.68,0
BottomS16716,39.4530,-11.1972,1.362e-16,1.065e-16,4.817e-17,0.0003,31.52,1
BottomS16717,39.4569,-11.2082,8.314e-18,7.311e-18,4.009e-18,-0.0003,31.44,0
BottomS16718,39.4562,-11.2076,1.355e-17,1.196e-17,6.857e-18,0.0,31.44,0
BottomS16720,39.4664,-11.0759,1.522e-19,1.903e-19,2.213e-19,0.0001,32.76,0
BottomS16721,39.4799,-11.2293,9.381e-19,9.890e-19,7.799e-19,0.0007,31.13,0
BottomS16722,39.4627,-11.0606,3.421e-19,4.020e-19,3.952e-19,-0.0016,32.84,0
BottomS16723,39.4637,-11.0538,2.879e-19,3.307e-19,3.141e-19,0.0005,32.92,0
BottomS16724,39.4879,-11.2518,4.053e-17,3.207e-17,1.479e-17,0.0003,30.95,0
BottomS16725,39.4526,-11.0544,5.034e-18,4.793e-18,3.081e-18,-0.0003,33.0,0
BottomS16727,39.5233,-11.2637,1.204e-16,9.184e-17,3.954e-17,-0.0005,30.5,1
BottomS16728,39.5191,-11.2712,3.593e-13,3.458e-13,2.347e-13,-0.0002,30.6,1
BottomS16731,39.4135,-11.0109,1.898e-16,1.427e-16,5.973e-17,0.0006,33.49,1
BottomS16732,39.5397,-11.3011,1.903e-17,4.341e-17,1.703e-16,-0.0001,30.44,1
BottomS16734,39.5565,-11.2895,8.626e-17,6.418e-17,2.548e-17,0.001,30.29,0
BottomS16735,39.5768,-11.3398,9.298e-19,1.832e-18,5.466e-18,-0.0003,30.0,0
BottomS16736,39.3740,-10.9780,2.578e-17,2.255e-17,1.210e-17,-0.0,33.9,0
BottomS16738,39.5973,-11.3395,5.436e-18,8.914e-18,1.726e-17,0.0006,29.86,0
BottomS16740,39.6082,-11.3315,2.563e-17,2.000e-17,8.752e-18,0.0002,29.8,0
BottomS16741,39.5953,-11.3379,1.278e-17,1.141e-17,6.675e-18,-0.0,29.76,0
BottomS16742,39.5928,-11.3215,6.387e-18,1.111e-17,2.477e-17,-0.0002,29.85,0
BottomS16743,39.6140,-11.3528,6.182e-20,8.379e-20,1.129e-19,-0.0,29.7,0
BottomS16744,39.3027,-10.9177,6.601e-17,5.130e-17,2.264e-17,0.0001,34.37,1
BottomS16745,39.6479,-11.3728,2.755e-18,2.643e-18,1.721e-18,0.0006,29.52,0
BottomS16747,39.6323,-11.3583,3.878e-20,5.179e-20,6.922e-20,0.0014,29.52,0
BottomS16748,39.6608,-11.3964,1.111e-15,7.602e-16,2.480e-16,0.0003,29.39,0
BottomS16749,39.2946,-10.9180,1.196e-20,1.866e-20,3.376e-20,0.0009,34.52,0
BottomS16750,39.2808,-10.9054,8.553e-18,1.546e-17,3.797e-17,-0.0004,34.54,0
BottomS16751,39.6807,-11.3929,7.110e-18,1.530e-17,5.507e-17,-0.0001,29.35,0
BottomS16752,39.3040,-10.9294,1.762e-19,2.117e-19,2.247e-19,0.0003,34.52,0
BottomS16753,39.6740,-11.3996,4.736e-18,4.384e-18,2.700e-18,0.0006,29.28,0
BottomS16754,39.6683,-11.3686,1.476e-19,1.778e-19,1.903e-19,0.0004,29.35,0
BottomS16755,39.2619,-10.8845,7.596e-18,1.287e-17,2.803e-17,-0.0003,34.68,0
BottomS16756,39.6835,-11.3827,1.077e-15,7.267e-16,2.499e-16,0.0004,29.25,0
BottomS16757,39.6578,-11.3535,9.215e-20,1.153e-19,1.312e-19,-0.0004,29.24,0
BottomS16759,39.6804,-11.3809,5.968e-20,7.868e-20,9.898e-20,0.0003,29.28,0
BottomS16760,39.7135,-11.4105,1.445e-18,1.493e-18,1.190e-18,-0.0011,29.26,0
BottomS16761,39.2685,-10.9318,6.922e-18,6.247e-18,3.623e-18,-0.0001,34.63,0
BottomS16762,39.7140,-11.4146,4.962e-18,8.122e-18,1.610e-17,0.0004,29.19,0
BottomS16763,39.7020,-11.3841,3.462e-18,3.207e-18,1.962e-18,0.0004,29.3,0
BottomS16764,39.2411,-10.8961,1.023e-19,1.275e-19,1.392e-19,-0.0004,34.59,0
BottomS16767,39.2390,-10.9148,8.327e-18,1.365e-17,2.701e-17,0.0001,34.54,0
BottomS16769,39.6829,-11.3470,1.222e-17,2.327e-17,6.362e-17,0.0003,29.46,0
BottomS16770,39.2514,-10.9387,5.561e-18,5.013e-18,3.025e-18,0.0011,34.44,0
BottomS16771,39.2666,-10.9461,5.465e-18,4.948e-18,2.997e-18,-0.0002,34.36,0
BottomS16772,39.2389,-10.9232,3.999e-17,3.309e-17,1.614e-17,0.0001,34.43,0
BottomS16775,39.2082,-10.9276,2.376e-18,2.320e-18,1.609e-18,0.0008,34.34,0
BottomS16776,39.2705,-10.9748,1.083e-17,9.241e-18,4.781e-18,-0.0003,34.13,0
BottomS16777,39.2579,-10.9716,6.597e-16,4.558e-16,1.616e-16,-0.0007,34.16,0
BottomS16778,39.2412,-10.9526,1.220e-17,1.054e-17,5.886e-18,-0.0002,34.11,0
BottomS16780,39.7180,-11.3387,1.181e-17,1.855e-17,3.366e-17,0.0003,29.86,0
BottomS16781,39.2481,-10.9656,9.506e-19,1.010e-18,8.535e-19,0.0007,33.95,0
BottomS16782,39.7305,-11.3403,3.519e-18,6.138e-18,1.421e-17,0.0003,29.86,0
BottomS16783,39.7122,-11.3116,5.098e-17,4.063e-17,1.840e-17,-0.0005,30.08,1
BottomS16787,39.2669,-11.0049,3.396e-17,2.921e-17,1.497e-17,-0.0004,33.59,0
BottomS16788,39.2865,-11.0320,1.386e-16,4.309e-16,3.319e-15,0.0002,33.44,1
BottomS16789,39.6667,-11.2523,3.073e-18,5.949e-18,1.683e-17,0.0009,30.52,0
BottomS16791,39.2741,-11.0268,4.692e-20,6.475e-20,9.019e-20,-0.0007,33.36,0
BottomS16792,39.6702,-11.2347,1.057e-18,1.078e-18,8.384e-19,-0.0001,30.79,0
BottomS16793,39.3144,-11.0618,3.048e-16,2.215e-16,8.537e-17,-0.001,33.05,0
BottomS16794,39.2967,-11.0700,1.016e-16,7.761e-17,3.270e-17,0.0001,33.08,0
BottomS16796,39.6471,-11.2099,1.086e-16,8.221e-17,3.588e-17,0.001,31.02,1
BottomS16797,39.6482,-11.1970,2.343e-16,1.702e-16,6.504e-17,-0.0002,31.08,0
BottomS16798,39.6195,-11.1838,6.468e-18,1.233e-17,3.404e-17,0.0003,31.21,0
BottomS16800,39.6037,-11.1660,7.915e-17,5.971e-17,2.542e-17,0.0004,31.48,1
BottomS16802,39.3624,-11.1425,7.143e-19,7.659e-19,6.361e-19,-0.0003,32.25,0
BottomS16806,39.5586,-11.1019,6.398e-18,5.849e-18,3.560e-18,-0.0,32.09,0
BottomS16807,39.4184,-11.1977,2.127e-14,1.429e-14,4.545e-15,0.0004,31.81,0
BottomS16810,39.5340,-11.0664,5.071e-18,4.739e-18,2.997e-18,-0.0006,32.27,0
BottomS16811,39.4189,-11.2304,1.103e-17,9.881e-18,5.696e-18,0.0004,31.63,0
BottomS16812,39.4360,-11.2396,2.940e-18,2.754e-18,1.688e-18,0.0004,31.5,0
BottomS16813,39.4576,-11.2554,1.565e-18,1.623e-18,1.323e-18,0.0006,31.26,0
BottomS16814,39.4673,-11.2621,6.048e-18,1.330e-17,4.782e-17,-0.0011,31.3,0
BottomS16816,39.4684,-11.0120,8.242e-17,6.204e-17,2.594e-17,-0.0007,32.85,1
BottomS16817,39.4663,-11.0128,6.826e-19,7.148e-19,5.809e-19,-0.001,32.9,0
BottomS16819,39.4067,-10.9626,1.048e-20,1.705e-20,3.303e-20,-0.0005,33.37,0
BottomS16820,39.5081,-11.3217,1.504e-17,1.272e-17,6.522e-18,-0.0001,30.83,0
BottomS16821,39.5479,-11.3348,5.738e-20,7.626e-20,9.780e-20,-0.0003,30.64,0
BottomS16822,39.5190,-11.3287,2.816e-16,2.082e-16,7.997e-17,-0.0,30.79,0
BottomS16823,39.3758,-10.9148,6.913e-20,9.041e-20,1.163e-19,-0.0004,33.6,0
BottomS16824,39.5895,-11.3643,1.016e-18,1.042e-18,7.903e-19,0.0007,30.26,0
BottomS16825,39.3526,-10.8925,3.526e-17,2.822e-17,1.324e-17,0.0002,33.86,0
BottomS16826,39.3845,-10.9480,2.128e-19,2.331e-19,2.054e-19,0.0003,33.6,0
BottomS16830,39.3163,-10.8649,1.068e-17,1.999e-17,5.237e-17,-0.0006,33.98,0
BottomS16834,39.2841,-10.8390,9.481e-16,6.567e-16,2.270e-16,0.0003,34.28,0
BottomS16835,39.6817,-11.4418,9.820e-19,9.985e-19,7.631e-19,-0.0008,29.62,0
BottomS16836,39.6639,-11.4475,5.216e-17,4.046e-17,1.733e-17,0.0009,29.65,0
BottomS16837,39.6792,-11.4521,4.600e-18,4.176e-18,2.571e-18,0.0004,29.48,0
BottomS16838,39.2618,-10.8376,1.386e-17,1.258e-17,7.437e-18,-0.0001,34.43,0
BottomS16840,39.7490,-11.4863,3.864e-19,4.389e-19,4.141e-19,-0.0006,29.32,0
BottomS16842,39.2342,-10.8141,2.052e-18,2.035e-18,1.476e-18,-0.0,34.49,0
BottomS16843,39.2146,-10.8148,1.431e-17,1.269e-17,7.050e-18,-0.0004,34.52,0
BottomS16844,39.2180,-10.8324,1.021e-17,8.583e-18,4.481e-18,0.0002,34.66,0
BottomS16845,39.2585,-10.8685,6.060e-18,5.516e-18,3.310e-18,0.0009,34.58,0
BottomS16847,39.1967,-10.8048,6.061e-20,8.081e-20,1.073e-19,-0.0001,34.72,0
BottomS16848,39.7535,-11.4878,1.456e-17,1.333e-17,8.217e-18,0.0006,29.19,0
BottomS16849,39.7564,-11.4863,7.281e-19,7.631e-19,6.121e-19,0.0006,29.25,0
BottomS16851,39.7914,-11.5163,2.123e-20,3.053e-20,4.706e-20,-0.0003,29.19,0
BottomS16852,39.2152,-10.8642,1.326e-17,2.168e-17,4.516e-17,-0.0003,34.75,0
BottomS16853,39.1759,-10.8064,9.608e-18,1.560e-17,3.062e-17,-0.0007,34.84,0
BottomS16854,39.1827,-10.8284,9.380e-19,9.563e-19,7.493e-19,0.0005,34.73,0
BottomS16855,39.7759,-11.4733,7.969e-18,1.545e-17,4.308e-17,0.0006,29.16,0
BottomS16856,39.8043,-11.4803,5.546e-17,4.271e-17,1.804e-17,-0.0007,29.19,0
BottomS16858,39.8019,-11.4988,6.134e-19,6.974e-19,6.279e-19,0.0002,29.14,0
BottomS16859,39.1227,-10.7711,1.293e-17,2.999e-17,1.200e-16,-0.0008,34.8,1
BottomS16861,39.8185,-11.4914,1.210e-18,1.216e-18,8.979e-19,0.0009,29.2,0
BottomS16862,39.1403,-10.8198,8.209e-19,8.473e-19,6.542e-19,0.0005,34.63,0
BottomS16864,39.8019,-11.4249,3.078e-16,2.261e-16,8.637e-17,-0.0004,29.39,0
BottomS16865,39.8252,-11.4797,8.432e-17,6.653e-17,3.047e-17,0.0008,29.33,1
BottomS16866,39.8456,-11.5007,6.296e-18,1.065e-17,2.289e-17,0.0005,29.33,0
BottomS16867,39.8028,-11.4592,7.654e-19,8.550e-19,7.481e-19,0.0001,29.43,0
BottomS16868,39.1612,-10.8566,5.240e-18,8.978e-18,1.997e-17,0.0003,34.57,0
BottomS16869,39.1308,-10.8373,3.133e-18,3.174e-18,2.351e-18,0.0004,34.46,0
BottomS16870,39.8020,-11.4413,1.257e-18,1.322e-18,1.068e-18,-0.0,29.48,0
BottomS16871,39.7900,-11.4171,3.389e-17,5.602e-17,1.158e-16,0.0005,29.52,0
BottomS16872,39.1524,-10.8809,4.233e-17,3.355e-17,1.554e-17,0.0003,34.32,0
BottomS16873,39.8115,-11.4241,9.530e-17,7.419e-17,3.196e-17,0.0001,29.55,1
BottomS16875,39.2178,-10.9607,4.237e-17,3.489e-17,1.724e-17,-0.0006,33.82,0
BottomS16876,39.7893,-11.3909,7.101e-19,7.544e-19,6.215e-19,0.0008,29.73,0
BottomS16878,39.1873,-10.9391,3.380e-19,3.978e-19,3.935e-19,0.0003,33.88,0
BottomS16879,39.7711,-11.3807,3.672e-19,4.285e-19,4.126e-19,-0.0001,29.73,0
BottomS16882,39.7278,-11.2951,8.383e-19,8.876e-19,7.099e-19,0.0002,30.44,0
BottomS16884,39.7555,-11.3095,7.684e-18,6.690e-18,3.695e-18,0.001,30.36,0
BottomS16885,39.2173,-10.9916,2.715e-17,2.163e-17,1.018e-17,-0.0005,33.43,0
BottomS16886,39.2361,-11.0173,8.827e-17,6.602e-17,2.772e-17,0.0002,33.31,1
BottomS16887,39.7336,-11.2629,5.589e-16,3.897e-16,1.372e-16,-0.0003,30.76,0
BottomS16888,39.6787,-11.2577,8.957e-18,7.388e-18,3.556e-18,0.0005,30.6,0
BottomS16890,39.6887,-11.2212,6.451e-18,1.211e-17,3.270e-17,0.0004,31.07,0
BottomS16891,39.6850,-11.2184,2.862e-19,3.187e-19,2.891e-19,-0.0002,31.06,0
BottomS16892,39.2762,-11.0880,3.481e-14,5.156e-14,8.068e-14,0.0004,32.67,0
BottomS16893,39.2613,-11.1036,2.886e-16,2.115e-16,8.398e-17,0.0005,32.6,0
BottomS16894,39.3095,-11.1111,1.059e-19,1.291e-19,1.465e-19,-0.0001,32.56,0
BottomS16895,39.2992,-11.1283,1.010e-18,1.125e-18,9.778e-19,-0.0008,32.42,0
BottomS16896,39.6116,-11.1636,3.516e-18,3.464e-18,2.369e-18,0.0003,31.42,0
BottomS16897,39.3144,-11.1470,7.074e-18,1.530e-17,5.542e-17,-0.0003,32.28,0
BottomS16898,39.6288,-11.1285,1.526e-17,2.305e-17,3.924e-17,-0.0,31.73,0
BottomS16899,39.3498,-11.1731,9.262e-17,7.128e-17,3.080e-17,-0.0006,32.15,1
BottomS16900,39.5922,-11.1063,3.564e-18,3.272e-18,1.989e-18,0.0,31.81,0
BottomS16901,39.5716,-11.0938,3.916e-19,4.582e-19,4.578e-19,0.0002,31.99,0
BottomS16902,39.5782,-11.0813,3.472e-17,6.812e-17,1.955e-16,0.0008,31.98,0
BottomS16903,39.5532,-11.0592,7.190e-18,6.672e-18,4.068e-18,-0.0005,32.19,0
BottomS16904,39.5407,-11.0467,2.793e-18,2.632e-18,1.708e-18,0.001,32.27,0
BottomS16905,39.5334,-11.0413,9.623e-19,1.004e-18,7.657e-19,0.0003,32.37,0
BottomS16906,39.4321,-11.2603,7.338e-17,5.564e-17,2.325e-17,0.0001,31.5,1
BottomS16907,39.4433,-11.2836,2.301e-17,4.748e-17,1.552e-16,0.0008,31.37,1
BottomS16908,39.5041,-11.0178,2.937e-17,2.320e-17,1.073e-17,-0.0002,32.53,0
BottomS16909,39.4856,-10.9633,4.319e-19,4.782e-19,4.362e-19,0.0003,32.75,0
BottomS16910,39.4627,-10.9699,9.303e-19,9.465e-19,6.844e-19,0.0003,32.9,0
BottomS16912,39.5037,-11.3458,4.232e-18,3.839e-18,2.301e-18,-0.0003,30.95,0
BottomS16913,39.4585,-10.9495,2.686e-18,2.688e-18,1.919e-18,0.0006,33.08,0
BottomS16914,39.5366,-11.3731,9.367e-19,1.035e-18,9.039e-19,-0.0001,30.7,0
BottomS16915,39.3978,-10.9228,2.078e-18,2.214e-18,1.781e-18,0.0002,33.33,0
BottomS16916,39.5941,-11.3893,8.472e-19,9.280e-19,7.816e-19,0.0002,30.39,0
BottomS16917,39.3641,-10.8884,4.678e-18,4.440e-18,2.905e-18,0.0002,33.63,0
BottomS16918,39.3531,-10.8725,1.579e-17,1.311e-17,6.817e-18,0.0001,33.7,0
BottomS16919,39.5844,-11.4259,2.969e-17,2.453e-17,1.216e-17,0.0003,30.25,0
BottomS16920,39.3339,-10.8676,5.677e-17,4.437e-17,1.996e-17,0.0004,33.74,0
BottomS16921,39.3660,-10.8665,9.037e-17,6.873e-17,2.865e-17,-0.0003,33.59,1
BottomS16922,39.3594,-10.8597,2.441e-20,3.644e-20,5.978e-20,0.0005,33.6,0
BottomS16923,39.6915,-11.4940,2.161e-18,2.154e-18,1.482e-18,0.0003,29.81,0
BottomS16924,39.6901,-11.5138,1.056e-17,1.807e-17,3.957e-17,0.0007,29.73,0
BottomS16925,39.3180,-10.8449,5.535e-18,5.087e-18,3.154e-18,0.0002,33.97,0
BottomS16926,39.2477,-10.7775,1.069e-17,1.561e-17,2.542e-17,0.0001,34.19,0
BottomS16927,39.6742,-11.4811,2.661e-18,2.609e-18,1.846e-18,-0.0003,29.87,0
BottomS16928,39.2108,-10.7751,4.541e-18,4.263e-18,2.686e-18,-0.0001,34.43,0
BottomS16929,39.2568,-10.7985,3.156e-18,5.142e-18,1.007e-17,0.001,34.11,0
BottomS16930,39.2253,-10.7674,2.062e-20,3.119e-20,5.230e-20,0.0004,34.32,0
BottomS16931,39.7268,-11.5309,6.890e-17,5.217e-17,2.133e-17,0.0004,29.55,1
BottomS16932,39.6796,-11.4649,8.054e-19,8.723e-19,7.316e-19,-0.0002,29.76,0
BottomS16933,39.2171,-10.7642,6.188e-19,6.503e-19,5.409e-19,-0.0001,34.47,0
BottomS16935,39.1652,-10.7101,1.467e-16,1.125e-16,4.699e-17,-0.0006,34.6,1
BottomS16936,39.2000,-10.7759,2.074e-13,1.975e-13,1.292e-13,0.0,34.47,1
BottomS16937,39.8415,-11.6185,3.319e-19,3.900e-19,3.941e-19,-0.0001,29.3,0
BottomS16938,39.8289,-11.5854,9.220e-17,6.945e-17,2.859e-17,-0.0002,29.23,1
BottomS16939,39.7675,-11.5226,2.522e-17,2.066e-17,1.010e-17,-0.0004,29.33,0
BottomS16940,39.8249,-11.5742,1.482e-17,1.278e-17,7.032e-18,0.001,29.13,0
BottomS16941,39.1272,-10.7069,1.132e-19,1.370e-19,1.491e-19,0.001,34.76,0
BottomS16942,39.7922,-11.5480,1.179e-16,8.807e-17,3.590e-17,-0.0004,29.17,0
BottomS16943,39.1418,-10.7400,1.432e-16,1.061e-16,4.229e-17,0.0007,34.81,0
BottomS16944,39.8871,-11.6324,1.001e-18,1.063e-18,8.571e-19,0.0002,29.07,0
BottomS16945,39.0885,-10.7044,3.081e-19,3.432e-19,3.124e-19,-0.0001,34.89,0
BottomS16946,39.8480,-11.5808,9.222e-17,7.241e-17,3.217e-17,0.0003,29.03,1
BottomS16947,39.1268,-10.7478,2.936e-17,2.386e-17,1.152e-17,0.0001,34.77,0
BottomS16949,39.0794,-10.7094,2.315e-18,2.296e-18,1.558e-18,0.0003,34.78,0
BottomS16950,39.1188,-10.7683,1.011e-19,1.228e-19,1.267e-19,0.0007,34.8,0
BottomS16952,39.0592,-10.6995,2.890e-17,2.390e-17,1.214e-17,0.0008,34.81,0
BottomS16953,34.6074,-12.0328,2.347e-20,3.693e-20,6.773e-20,0.0001,35.9,0
BottomS16955,34.6236,-12.0091,1.731e-18,1.707e-18,1.228e-18,0.0003,36.38,0
BottomS16956,34.5644,-12.0038,7.290e-18,1.572e-17,5.375e-17,0.0,36.64,0
BottomS16960,34.4486,-12.0744,1.201e-20,1.947e-20,3.750e-20,0.0007,34.98,0
BottomS16962,34.5781,-12.0912,1.225e-20,1.963e-20,3.692e-20,0.0001,34.96,0
BottomS16963,34.4641,-12.0879,2.869e-19,3.333e-19,3.209e-19,0.0003,34.93,0
BottomS16968,34.3153,-11.9779,1.157e-20,1.725e-20,2.773e-20,-0.0004,35.76,0
BottomS16969,34.5573,-12.0008,5.925e-20,7.889e-20,1.002e-19,0.0002,36.45,0
BottomS16970,34.5383,-12.0595,1.418e-17,1.244e-17,6.811e-18,-0.0009,34.9,0
BottomS16975,34.5440,-12.0105,4.435e-20,6.078e-20,8.568e-20,-0.0,36.28,0
BottomS16985,34.5957,-12.0204,1.293e-18,1.318e-18,9.948e-19,-0.0001,36.3,0
BottomS16986,34.3172,-12.1257,6.393e-18,5.701e-18,3.387e-18,-0.001,34.68,0
BottomS16990,34.6366,-12.0674,5.686e-18,5.287e-18,3.281e-18,-0.0002,35.65,0
BottomS16993,34.4707,-12.1004,5.933e-19,7.031e-19,7.223e-19,0.0002,34.5,0
BottomS16996,34.2684,-11.4767,8.757e-19,8.566e-19,5.804e-19,0.0002,36.95,0
BottomS16998,34.5973,-11.8038,1.455e-18,1.413e-18,9.898e-19,0.0006,37.31,0
BottomS16999,34.5999,-12.0253,5.259e-18,4.939e-18,3.241e-18,0.0005,35.97,0
BottomS17000,34.5640,-12.0187,5.441e-20,7.236e-20,9.760e-20,0.0001,36.17,0
BottomS17003,34.5309,-11.9942,5.587e-19,6.101e-19,5.250e-19,-0.0001,36.28,0
BottomS17005,34.4194,-11.9987,1.487e-18,1.488e-18,1.077e-18,0.0002,35.57,0
BottomS17006,34.5514,-12.0906,4.683e-20,6.483e-20,9.219e-20,0.0011,34.76,0
BottomS17008,34.6054,-12.0042,1.166e-18,1.124e-18,7.515e-19,0.0002,36.27,0
BottomS17014,34.5166,-12.0189,3.255e-20,4.357e-20,5.774e-20,0.001,35.65,0
BottomS17015,34.5690,-12.0133,1.339e-18,1.375e-18,1.041e-18,-0.0,36.28,0
BottomS17017,34.2264,-11.9552,1.080e-17,2.531e-17,1.050e-16,0.0006,35.62,1
BottomS17018,34.5625,-12.0439,1.908e-20,2.924e-20,4.977e-20,-0.0009,35.22,0
BottomS17019,34.5768,-11.9789,3.112e-20,4.451e-20,6.890e-20,-0.0002,36.89,0
BottomS17020,34.5269,-12.1619,1.221e-19,1.552e-19,1.804e-19,0.0008,34.43,0
BottomS17022,34.6224,-11.9568,1.837e-17,3.889e-17,1.346e-16,-0.0,36.93,1
BottomS17026,34.5585,-12.0352,1.449e-17,2.600e-17,6.344e-17,-0.0001,35.36,0
BottomS17027,34.7744,-12.1240,1.133e-18,1.174e-18,9.102e-19,-0.0004,35.86,0
BottomS17030,34.6078,-12.1002,1.505e-18,1.536e-18,1.169e-18,-0.0002,34.88,0
BottomS17044,34.6330,-11.9957,3.601e-18,6.039e-18,1.252e-17,-0.0005,36.61,0
BottomS17045,34.4075,-12.1411,6.274e-20,8.094e-20,1.012e-19,-0.0003,34.74,0
BottomS17046,34.6844,-12.0658,1.359e-19,1.572e-19,1.517e-19,-0.0008,35.63,0
BottomS17049,34.6259,-12.0538,6.263e-19,7.167e-19,6.623e-19,0.0007,35.64,0
BottomS17050,34.5493,-12.0592,1.417e-20,2.138e-20,3.575e-20,-0.0,34.97,0
BottomS17052,34.5576,-12.0231,5.617e-20,7.930e-20,1.108e-19,0.0003,35.75,0
BottomS17054,34.4940,-12.0421,2.993e-19,3.386e-19,3.216e-19,0.0004,35.27,0
BottomS17056,34.5674,-12.0350,2.402e-17,1.978e-17,9.582e-18,-0.0004,35.45,0
BottomS17058,34.5588,-12.0240,5.711e-20,7.993e-20,1.122e-19,0.0,35.73,0
BottomS17059,35.0945,-12.1885,1.648e-19,2.086e-19,2.359e-19,-0.0006,35.85,0
BottomS17060,34.5479,-12.0277,9.163e-18,1.699e-17,4.455e-17,-0.0002,35.23,0
BottomS17064,34.3562,-12.0538,2.855e-18,2.676e-18,1.738e-18,0.0005,35.18,0
BottomS17070,34.8061,-11.9026,3.310e-18,4.711e-18,7.055e-18,0.0002,36.95,0
BottomS17079,34.5168,-12.0322,1.817e-20,2.749e-20,4.464e-20,-0.0002,35.25,0
BottomS17086,34.2743,-12.2057,1.704e-19,2.025e-19,2.136e-19,0.0009,34.74,0
BottomS17090,34.5237,-12.0357,2.627e-20,3.750e-20,5.614e-20,0.0002,35.36,0
BottomS17091,34.5777,-11.9996,2.412e-18,2.414e-18,1.752e-18,0.0011,36.63,0
BottomS17092,34.8173,-11.8975,2.032e-20,2.909e-20,4.310e-20,-0.0008,36.91,0
BottomS17093,34.6097,-12.0513,6.762e-20,8.851e-20,1.064e-19,-0.0011,35.57,0
BottomS17094,34.5409,-12.0258,3.407e-20,4.782e-20,6.936e-20,0.0,35.37,0
BottomS17101,34.4587,-12.0291,7.462e-18,6.599e-18,3.624e-18,-0.0004,35.54,0
BottomS17103,34.8208,-11.7916,7.715e-20,1.022e-19,1.286e-19,-0.0001,37.18,0
BottomS17104,34.5729,-12.0399,4.202e-18,4.012e-18,2.728e-18,-0.0001,35.31,0
BottomS17105,34.5655,-11.9272,9.861e-20,1.182e-19,1.244e-19,0.0003,37.09,0
BottomS17111,34.4845,-12.0141,7.284e-20,9.366e-20,1.144e-19,-0.0005,35.59,0
BottomS17112,34.8584,-11.5313,8.915e-19,9.405e-19,7.408e-19,-0.0008,37.16,0
BottomS17116,34.5740,-12.0328,2.613e-19,2.969e-19,2.771e-19,-0.0004,35.58,0
BottomS17122,34.5353,-11.9557,6.232e-19,6.823e-19,6.026e-19,-0.0007,36.93,0
BottomS17124,34.5911,-12.3666,1.611e-18,3.287e-18,1.056e-17,0.0007,34.48,0
BottomS17125,34.5617,-12.0214,3.082e-20,4.350e-20,6.306e-20,0.0006,36.02,0
BottomS17126,34.5965,-12.3288,1.014e-20,1.518e-20,2.508e-20,0.0007,34.27,0
BottomS17131,34.5584,-12.0217,2.641e-18,2.668e-18,1.963e-18,-0.0002,36.09,0
BottomS17132,34.5601,-11.7307,1.467e-20,2.189e-20,3.551e-20,-0.0005,37.26,0
BottomS17133,34.5783,-12.0289,9.227e-18,8.112e-18,4.419e-18,-0.0004,35.81,0
BottomS17143,34.5181,-12.0266,3.889e-19,4.377e-19,4.065e-19,-0.0001,35.45,0
BottomS17148,34.4426,-12.0282,1.097e-19,1.388e-19,1.640e-19,0.0,35.42,0
BottomS17149,34.6644,-12.0243,1.484e-20,2.195e-20,3.610e-20,0.0005,36.18,0
BottomS17152,34.3050,-12.1977,4.166e-18,8.617e-18,2.897e-17,-0.0,34.88,0
BottomS17155,34.5680,-12.0249,7.972e-18,6.739e-18,3.606e-18,0.0004,35.76,0
BottomS17157,34.5664,-12.0125,1.031e-17,1.842e-17,4.325e-17,-0.0008,36.42,0
BottomS17158,34.6544,-11.9501,1.364e-17,1.183e-17,6.100e-18,0.0002,36.97,0
BottomS17160,34.6300,-11.9818,1.425e-20,2.178e-20,3.860e-20,-0.0002,36.86,0
BottomS17161,34.3692,-12.1415,1.656e-19,1.961e-19,2.024e-19,-0.0001,34.73,0
BottomS17164,34.4958,-12.0941,7.563e-19,8.111e-19,6.548e-19,-0.001,34.62,0
BottomS17166,34.5479,-12.0249,1.020e-18,1.059e-18,8.527e-19,0.0007,35.62,0
BottomS17168,34.5954,-12.0369,1.831e-19,2.310e-19,2.593e-19,0.0003,35.66,0
BottomS17171,34.4686,-11.9800,7.534e-19,7.955e-19,6.367e-19,0.0,36.16,0
BottomS17172,34.4758,-11.9884,1.015e-20,1.600e-20,2.989e-20,-0.0003,36.06,0
BottomS17173,34.7711,-12.1027,1.092e-18,1.143e-18,9.150e-19,-0.0002,35.63,0
BottomS17176,34.5730,-12.0226,1.289e-17,2.623e-17,7.955e-17,0.0002,36.35,0
BottomS17182,34.4611,-11.9182,3.484e-13,2.459e-13,9.123e-14,0.0004,36.65,0
BottomS17186,34.5437,-12.0096,1.232e-20,1.778e-20,2.664e-20,0.0001,36.2,0
BottomS17187,34.4661,-11.8345,1.452e-17,1.220e-17,6.445e-18,0.0005,36.9,0
BottomS17188,34.5344,-12.1420,2.314e-20,3.323e-20,5.060e-20,-0.0002,34.56,0
BottomS17190,34.5407,-12.0070,7.648e-20,9.963e-20,1.237e-19,0.0,36.14,0
BottomS17191,34.5405,-11.9354,5.094e-20,7.070e-20,9.846e-20,-0.0007,36.73,0
BottomS17197,34.4785,-11.9921,5.789e-20,7.879e-20,1.071e-19,-0.0002,35.9,0
BottomS17199,34.2202,-11.7924,3.029e-19,3.372e-19,3.084e-19,-0.0001,36.17,0
BottomS17202,34.5799,-12.0238,1.651e-17,3.831e-17,1.517e-16,-0.0001,36.56,1
BottomS17203,34.2923,-12.0857,2.569e-18,2.525e-18,1.693e-18,0.0001,35.01,0
BottomS17205,34.5461,-12.0148,3.712e-13,2.842e-13,1.238e-13,0.0003,36.38,1
BottomS17206,34.5875,-12.0275,1.028e-19,1.306e-19,1.524e-19,0.0001,35.85,0
BottomS17212,34.5861,-12.0462,4.415e-20,5.948e-20,8.107e-20,-0.0004,35.32,0
BottomS17215,34.4943,-11.9891,1.054e-20,1.642e-20,2.911e-20,0.0,35.96,0
BottomS17216,34.1236,-12.0682,1.759e-20,2.751e-20,4.902e-20,0.0002,35.18,0
BottomS17218,34.6037,-12.0230,5.916e-19,6.463e-19,5.587e-19,0.0005,36.13,0
BottomS17222,34.4943,-12.0089,6.327e-20,8.607e-20,1.115e-19,0.0004,35.74,0
BottomS17224,34.6472,-11.9485,1.907e-19,2.250e-19,2.297e-19,0.0002,36.87,0
BottomS17226,34.6387,-12.1108,1.047e-18,1.096e-18,8.743e-19,0.0003,35.13,0
BottomS17229,34.4238,-12.1340,5.255e-19,5.936e-19,5.505e-19,-0.0001,34.63,0
BottomS17231,34.5335,-12.0636,1.050e-17,1.597e-17,2.699e-17,-0.0003,35.0,0
BottomS17232,34.5811,-12.0109,2.187e-20,3.134e-20,4.860e-20,-0.0009,36.36,0
BottomS17233,34.5534,-11.5604,1.919e-18,1.760e-18,1.063e-18,0.0007,37.39,0
BottomS17234,34.5284,-11.9886,1.395e-20,2.148e-20,3.797e-20,0.0001,36.36,0
BottomS17236,34.5671,-12.0167,8.776e-18,1.575e-17,3.792e-17,0.0013,36.29,0
BottomS17237,34.5356,-12.0269,7.998e-19,8.258e-19,6.442e-19,-0.0006,35.31,0
BottomS17244,34.5598,-12.0304,3.264e-13,2.415e-13,9.249e-14,-0.0,35.33,0
BottomS17249,34.5606,-12.0086,6.536e-19,7.125e-19,6.072e-19,0.0005,36.51,0
BottomS17251,34.4248,-11.8733,3.088e-19,3.673e-19,3.854e-19,-0.0004,36.59,0
BottomS17252,34.7707,-11.9848,1.067e-20,1.617e-20,2.794e-20,0.0005,36.27,0
BottomS17254,34.6741,-12.0260,4.354e-20,6.058e-20,8.639e-20,0.0008,36.18,0
BottomS17258,34.5671,-12.1554,3.990e-19,4.348e-19,3.775e-19,-0.0007,34.59,0
BottomS17261,34.7364,-12.2233,1.561e-19,1.920e-19,2.200e-19,-0.0002,34.99,0
BottomS17263,34.3125,-12.0004,2.705e-19,3.138e-19,2.957e-19,-0.0003,35.51,0
BottomS17265,34.6146,-12.0388,3.007e-18,2.926e-18,1.891e-18,-0.0,35.75,0
BottomS17266,34.6156,-11.7086,1.041e-17,2.116e-17,6.764e-17,0.0002,37.36,0
BottomS17267,34.9911,-13.1049,6.294e-19,6.658e-19,5.577e-19,0.0007,34.85,0
BottomS17273,34.6810,-12.0736,1.188e-13,1.045e-13,6.025e-14,0.0,35.76,0
BottomS17274,34.5405,-12.0362,1.885e-17,4.141e-17,1.531e-16,-0.001,35.13,1
BottomS17276,34.4934,-11.9692,1.363e-20,2.120e-20,3.687e-20,0.0003,36.14,0
BottomS17277,34.5464,-12.0711,3.256e-18,5.697e-18,1.272e-17,-0.0006,34.92,0
BottomS17279,34.5229,-12.0507,5.039e-14,3.324e-14,1.084e-14,0.0002,35.07,0
BottomS17281,34.6699,-11.9129,6.412e-18,5.847e-18,3.504e-18,0.001,37.07,0
BottomS17285,34.5669,-12.0207,2.193e-19,2.561e-19,2.559e-19,0.0002,36.16,0
BottomS17289,34.6511,-12.1520,1.731e-18,1.685e-18,1.173e-18,0.0003,34.88,0
BottomS17290,34.5301,-11.9833,9.099e-20,1.203e-19,1.560e-19,0.0011,36.31,0
BottomS17291,34.5180,-12.0472,1.018e-19,1.268e-19,1.409e-19,0.0005,35.02,0
BottomS17292,34.5522,-12.0244,5.741e-18,5.047e-18,2.806e-18,-0.0003,35.29,0
BottomS17293,34.5982,-11.9835,1.717e-17,1.477e-17,7.863e-18,0.0004,36.99,0
BottomS17294,34.5399,-11.9754,4.072e-18,6.940e-18,1.473e-17,-0.0005,36.61,0
BottomS17295,34.3435,-11.8634,3.612e-19,3.892e-19,3.388e-19,0.0001,36.67,0
BottomS17298,34.6011,-12.0296,3.920e-17,3.164e-17,1.495e-17,0.0007,35.92,0
BottomS17299,34.6039,-12.0331,1.564e-18,1.593e-18,1.203e-18,0.0006,35.78,0
BottomS17301,34.5723,-11.9964,5.869e-19,6.742e-19,6.358e-19,-0.0001,36.72,0
BottomS17302,34.6241,-12.0862,3.146e-17,2.555e-17,1.251e-17,0.0002,35.11,0
BottomS17303,34.5299,-11.9746,3.481e-17,2.735e-17,1.192e-17,0.0004,36.76,0
BottomS17308,34.6987,-11.9830,1.919e-20,2.682e-20,3.984e-20,-0.0,36.69,0
BottomS17309,34.5875,-12.0498,4.538e-17,6.620e-17,1.057e-16,0.0008,35.38,0
BottomS17311,34.5571,-11.9577,5.971e-17,4.729e-17,2.207e-17,-0.0003,36.94,0
BottomS17312,34.4539,-12.0903,4.652e-18,4.349e-18,2.667e-18,-0.0004,34.48,0
BottomS17313,34.6799,-12.1339,4.992e-18,4.592e-18,2.736e-18,-0.0002,35.18,0
BottomS17314,34.5283,-12.0148,1.216e-18,1.239e-18,9.742e-19,-0.0002,35.78,0
BottomS17315,34.5686,-12.0963,1.219e-17,1.075e-17,6.136e-18,0.0002,34.82,0
BottomS17317,34.4985,-11.9342,2.651e-13,1.876e-13,6.834e-14,-0.0001,36.8,0
BottomS17318,34.5889,-11.9995,3.759e-18,6.174e-18,1.217e-17,0.0,36.59,0
BottomS17319,34.6407,-12.0244,2.725e-18,2.677e-18,1.894e-18,0.0005,36.23,0
BottomS17320,34.5296,-12.0915,1.861e-13,2.141e-13,2.154e-13,-0.0007,34.4,0
BottomS17321,34.6309,-12.0632,6.601e-14,8.825e-14,1.209e-13,-0.0008,35.44,0
BottomS17322,34.5656,-12.1764,1.537e-17,3.019e-17,8.709e-17,0.0,34.52,0
BottomS17324,34.5235,-11.9264,4.143e-17,3.180e-17,1.389e-17,0.0001,36.85,0
BottomS17325,34.6302,-12.0879,7.316e-18,1.066e-17,1.651e-17,0.0008,35.15,0
BottomS17326,34.6202,-11.9179,3.740e-18,6.628e-18,1.617e-17,0.0005,37.2,0
BottomS17327,34.5374,-12.1079,1.593e-16,1.202e-16,5.064e-17,0.0001,34.8,1
BottomS17328,34.4927,-11.8960,1.785e-17,1.512e-17,7.661e-18,0.0001,36.92,0
BottomS17329,34.4269,-11.9639,6.798e-19,7.560e-19,6.937e-19,0.0008,35.98,0
BottomS17330,34.6234,-11.9589,3.145e-20,4.417e-20,6.555e-20,0.0001,36.69,0
BottomS17331,34.6186,-12.0556,2.920e-18,2.675e-18,1.629e-18,-0.0006,34.99,0
BottomS17332,34.6240,-11.9218,6.470e-18,1.140e-17,2.533e-17,0.0007,37.2,0
BottomS17333,34.5175,-12.1023,6.436e-20,8.491e-20,1.087e-19,-0.0006,34.64,0
BottomS17334,34.6917,-11.9778,5.889e-17,4.529e-17,1.984e-17,0.0009,36.59,1
BottomS17335,34.5145,-12.1190,7.012e-17,5.437e-17,2.437e-17,-0.0004,34.71,1
BottomS17336,34.5922,-12.0071,2.454e-19,3.025e-19,3.244e-19,-0.0007,36.31,0
BottomS17338,34.6205,-12.0281,1.024e-17,9.247e-18,5.418e-18,-0.0005,37.1,0
BottomS17339,34.6144,-11.9780,3.555e-13,2.743e-13,1.188e-13,0.001,36.92,1
BottomS17340,34.4203,-12.0435,2.688e-18,2.656e-18,1.908e-18,0.0003,35.29,0
BottomS17341,34.6471,-11.9719,5.503e-18,9.797e-18,2.356e-17,-0.0,36.76,0
BottomS17342,34.6071,-12.0166,7.176e-19,7.978e-19,6.945e-19,0.0005,36.23,0
BottomS17343,34.6486,-12.0273,1.219e-19,1.503e-19,1.635e-19,0.0004,36.11,0
BottomS17344,34.5142,-12.0065,2.301e-14,1.525e-14,4.669e-15,-0.0001,36.18,0
BottomS17346,34.6376,-11.9487,2.535e-13,2.032e-13,9.439e-14,-0.0007,36.81,1
BottomS17348,34.5758,-11.9879,1.329e-17,1.146e-17,6.164e-18,-0.0005,36.58,0
BottomS17349,34.6267,-12.1268,5.657e-20,7.237e-20,8.383e-20,-0.0005,34.45,0
BottomS17350,34.5359,-11.9236,1.945e-18,1.860e-18,1.188e-18,-0.0003,37.22,0
BottomS17351,34.4545,-12.0913,1.393e-16,1.026e-16,4.009e-17,0.0003,34.76,0
BottomS17353,34.5684,-12.0487,3.839e-20,5.415e-20,7.670e-20,-0.001,35.31,0
BottomS17355,34.6175,-12.0417,1.470e-17,1.252e-17,6.641e-18,-0.0002,35.43,0
BottomS17357,34.4060,-11.9926,4.315e-18,4.079e-18,2.541e-18,0.0012,35.67,0
BottomS17359,34.5065,-11.9836,5.977e-18,8.379e-18,1.199e-17,0.0003,36.49,0
BottomS17363,34.5993,-12.0820,1.205e-17,2.772e-17,1.137e-16,-0.0006,35.16,1
BottomS17364,34.6196,-12.0474,8.088e-19,8.855e-19,7.992e-19,0.0004,35.39,0
BottomS17367,34.4684,-12.0946,4.132e-18,8.106e-18,2.344e-17,-0.0004,34.56,0
BottomS17369,34.5026,-12.0366,2.525e-17,2.162e-17,1.183e-17,0.0006,35.24,0
BottomS17371,34.6742,-12.0817,2.288e-18,2.236e-18,1.562e-18,0.0,34.91,0
BottomS17372,34.6029,-12.0001,3.569e-17,2.750e-17,1.223e-17,0.0004,36.59,0
BottomS17373,34.4694,-12.0258,3.728e-18,3.275e-18,1.891e-18,0.0002,35.42,0
BottomS17374,34.6332,-12.1789,5.338e-13,3.967e-13,1.542e-13,-0.0001,34.67,0
BottomS17375,34.5739,-12.0303,1.132e-17,9.693e-18,5.035e-18,0.0014,35.64,0
BottomS17376,34.5013,-11.9217,1.114e-19,1.385e-19,1.521e-19,0.0002,36.86,0
BottomS17377,34.4988,-12.0835,2.909e-18,2.832e-18,1.947e-18,-0.0001,34.89,0
BottomS17378,34.7218,-12.0388,1.983e-19,2.461e-19,2.759e-19,-0.0004,36.06,0
BottomS17379,34.5335,-11.9634,1.170e-19,1.425e-19,1.501e-19,0.0006,36.89,0
BottomS17381,34.5733,-12.0373,1.515e-20,2.215e-20,3.588e-20,-0.0005,35.36,0
BottomS17382,34.4762,-11.9211,4.409e-19,5.086e-19,4.981e-19,-0.0008,36.94,0
BottomS17383,34.6255,-12.0917,1.339e-19,1.709e-19,2.041e-19,0.0003,34.75,0
BottomS17385,34.4575,-11.9883,7.013e-18,1.197e-17,2.585e-17,0.0001,35.97,0
BottomS17387,34.5951,-12.0175,2.315e-18,2.209e-18,1.396e-18,-0.0004,36.33,0
BottomS17389,34.5730,-11.9514,7.182e-18,1.243e-17,2.815e-17,-0.0009,36.86,0
BottomS17391,34.6593,-12.0637,5.603e-19,6.420e-19,6.169e-19,-0.0005,35.58,0
BottomS17392,34.3973,-12.0973,1.211e-20,1.936e-20,3.525e-20,-0.0002,34.9,0
BottomS17393,34.5236,-12.0486,1.807e-20,2.768e-20,4.651e-20,0.0007,35.03,0
BottomS17394,34.4638,-11.9664,3.011e-20,4.156e-20,5.742e-20,-0.0006,36.28,0
BottomS17395,34.5864,-12.0331,9.155e-19,9.913e-19,8.225e-19,0.0007,35.65,0
BottomS17396,34.6039,-12.0459,9.172e-18,1.903e-17,6.075e-17,-0.0006,34.8,0
BottomS17398,34.6003,-12.0027,4.843e-13,3.614e-13,1.446e-13,-0.0002,36.48,0
BottomS17400,34.4353,-11.9050,1.738e-17,1.490e-17,7.704e-18,0.0008,36.82,0
BottomS17401,34.5050,-11.9435,2.201e-18,2.114e-18,1.424e-18,-0.0002,37.19,0
BottomS17402,34.7435,-12.0086,6.476e-19,7.443e-19,6.997e-19,0.0004,36.39,0
BottomS17406,34.4919,-12.0022,8.359e-18,7.914e-18,4.987e-18,-0.0,35.82,0
BottomS17408,34.4942,-12.0838,2.589e-14,1.718e-14,5.681e-15,0.0013,34.71,0
BottomS17409,34.4612,-12.1204,7.342e-18,1.479e-17,4.536e-17,0.0001,34.85,0
BottomS17412,34.6044,-11.9575,1.987e-20,2.933e-20,4.689e-20,0.0001,36.86,0
BottomS17413,34.6090,-11.9572,9.238e-19,9.424e-19,7.315e-19,-0.0001,37.01,0
BottomS17415,34.4575,-12.0194,2.035e-17,3.656e-17,8.727e-17,-0.0005,35.51,0
BottomS17417,34.5541,-12.0873,2.224e-18,2.127e-18,1.353e-18,-0.0001,34.75,0
BottomS17422,34.5149,-11.9419,3.653e-18,3.411e-18,2.143e-18,-0.0,36.5,0
BottomS17423,34.5852,-12.0181,7.822e-19,8.624e-19,7.863e-19,0.0001,36.26,0
BottomS17424,34.5105,-11.9583,1.616e-17,1.357e-17,6.967e-18,-0.0007,36.81,0
BottomS17426,34.6162,-12.0625,1.068e-17,9.171e-18,4.812e-18,-0.0008,35.19,0
BottomS17428,34.5531,-12.0480,1.054e-19,1.390e-19,1.734e-19,0.0001,35.28,0
BottomS17429,34.4787,-11.9574,2.748e-18,2.703e-18,1.840e-18,0.0002,36.17,0
BottomS17431,34.5543,-11.9553,1.560e-17,2.467e-17,4.717e-17,-0.0001,36.92,0
BottomS17432,34.5361,-11.9854,3.739e-18,3.723e-18,2.628e-18,0.0006,36.47,0
BottomS17433,34.6316,-12.0682,6.093e-18,5.354e-18,2.909e-18,0.0,35.37,0
BottomS17439,34.5690,-11.9922,1.949e-17,1.645e-17,8.337e-18,-0.0001,36.65,0
BottomS17440,34.6280,-12.0757,1.161e-18,1.196e-18,9.084e-19,0.0001,35.63,0
BottomS17441,34.5559,-12.1369,2.763e-20,3.869e-20,5.622e-20,0.0008,34.53,0
BottomS17443,34.6612,-12.0852,1.131e-17,2.092e-17,5.625e-17,0.0001,34.72,0
BottomS17445,34.6039,-11.9707,1.071e-20,1.638e-20,2.847e-20,-0.0006,37.01,0
BottomS17446,34.5692,-12.0215,1.226e-20,1.798e-20,2.838e-20,0.0008,36.07,0
BottomS17447,34.5867,-12.0160,1.404e-17,1.228e-17,6.988e-18,0.0004,36.04,0
BottomS17448,34.6307,-11.9144,9.177e-19,9.364e-19,7.319e-19,0.0001,37.07,0
BottomS17449,34.5724,-12.0379,1.361e-17,2.326e-17,4.999e-17,0.0004,35.58,0
BottomS17450,34.5896,-12.0670,2.218e-17,3.375e-17,5.521e-17,0.0006,35.21,0
BottomS17451,34.5035,-12.0800,3.260e-20,4.688e-20,7.468e-20,0.0003,34.93,0
BottomS17453,34.5806,-11.9776,1.519e-17,2.692e-17,6.229e-17,0.0001,36.76,0
BottomS17454,34.5006,-12.0460,1.516e-16,1.099e-16,4.193e-17,0.0001,34.98,0
BottomS17455,34.6363,-11.9292,6.752e-17,5.204e-17,2.329e-17,0.0003,37.13,1
BottomS17457,34.5081,-12.0547,2.665e-17,2.116e-17,9.599e-18,0.0003,35.07,0
BottomS17458,34.6031,-11.9997,2.448e-18,2.492e-18,1.878e-18,0.0003,36.61,0
BottomS17462,34.6162,-12.0203,3.746e-20,4.907e-20,6.253e-20,0.0004,36.12,0
BottomS17463,34.6299,-12.0035,5.077e-19,5.961e-19,6.093e-19,0.0003,36.32,0
BottomS17464,34.6131,-11.9994,3.536e-18,3.454e-18,2.438e-18,-0.0004,36.49,0
BottomS17465,34.5363,-12.0538,3.666e-19,3.953e-19,3.412e-19,-0.0002,34.95,0
BottomS17467,34.5857,-12.0222,6.126e-18,1.177e-17,3.358e-17,-0.0002,36.2,0
BottomS17468,34.5014,-12.0329,5.386e-17,4.287e-17,1.945e-17,0.0,35.38,0
BottomS17469,34.6038,-11.9917,7.307e-19,8.184e-19,7.429e-19,0.0007,36.75,0
BottomS17470,34.5392,-12.0458,5.588e-17,4.315e-17,1.937e-17,-0.0,35.13,1
BottomS17472,34.6195,-12.0104,4.445e-20,5.984e-20,7.946e-20,0.0,36.41,0
BottomS17475,34.5195,-12.0330,1.151e-13,7.718e-14,2.515e-14,0.0005,35.49,0
BottomS17476,34.6234,-12.0034,1.718e-18,1.766e-18,1.328e-18,0.0007,36.49,0
BottomS17477,34.5048,-12.0402,9.774e-18,1.748e-17,4.157e-17,-0.0002,35.19,0
BottomS17478,34.6231,-11.9899,7.481e-19,7.848e-19,6.274e-19,-0.0002,36.71,0
BottomS17481,34.6299,-12.0254,1.637e-18,1.670e-18,1.257e-18,0.0004,36.13,0
BottomS17482,34.5135,-12.0485,2.175e-20,3.242e-20,5.334e-20,-0.0001,35.11,0
BottomS17483,34.6229,-11.9956,4.750e-18,4.430e-18,2.777e-18,-0.0007,36.45,0
BottomS17485,34.6250,-11.9830,4.505e-16,3.260e-16,1.244e-16,-0.0002,36.66,0
BottomS17487,34.5145,-12.0397,2.707e-17,7.018e-17,3.723e-16,0.0002,35.29,1
BottomS17488,34.5094,-12.0428,2.723e-17,6.073e-17,2.281e-16,0.001,35.14,1
BottomS17489,34.6064,-11.9996,2.993e-13,2.170e-13,8.234e-14,-0.0003,36.64,0
BottomS17492,34.6068,-12.0053,5.407e-18,5.026e-18,3.042e-18,-0.0007,36.37,0
BottomS17493,34.5031,-12.0298,4.194e-19,4.688e-19,4.152e-19,0.0004,35.5,0
BottomS17495,34.5007,-12.0549,2.879e-19,3.374e-19,3.265e-19,0.0004,35.0,0
BottomS17496,34.4855,-12.0194,7.018e-17,5.460e-17,2.320e-17,0.0001,35.52,1
BottomS17498,34.5325,-12.0597,6.496e-18,5.756e-18,3.300e-18,-0.0001,34.94,0
BottomS17500,34.6380,-11.9996,2.192e-17,1.865e-17,9.816e-18,-0.0003,36.53,0
BottomS17501,34.6268,-12.0163,1.294e-17,2.248e-17,5.176e-17,0.0012,36.24,0
BottomS17505,34.5021,-12.0422,6.726e-19,7.442e-19,6.923e-19,-0.0002,35.29,0
BottomS17506,34.6317,-12.0002,5.323e-18,4.876e-18,2.925e-18,0.0005,36.58,0
BottomS17507,34.5994,-11.9960,5.485e-17,4.342e-17,1.995e-17,-0.0001,36.65,1
BottomS17508,34.6442,-12.0016,3.284e-18,2.987e-18,1.814e-18,0.0004,36.34,0
BottomS17510,34.4913,-12.0381,3.007e-19,3.502e-19,3.437e-19,0.0003,35.11,0
BottomS17511,34.6087,-11.9948,1.153e-19,1.514e-19,1.868e-19,-0.0004,36.49,0
BottomS17513,34.6351,-12.0099,1.345e-18,1.387e-18,1.083e-18,0.0001,36.31,0
BottomS17514,34.4897,-12.0542,8.018e-18,7.176e-18,4.069e-18,-0.0002,35.03,0
BottomS17515,34.4917,-12.0551,5.702e-17,4.512e-17,2.123e-17,0.0003,35.09,0
BottomS17516,34.6169,-12.0086,7.840e-17,6.008e-17,2.531e-17,0.0,36.44,1
BottomS17517,34.5181,-12.0509,3.822e-19,4.313e-19,3.903e-19,0.0004,35.18,0
BottomS17518,34.4935,-12.0446,5.046e-18,4.934e-18,3.311e-18,-0.0001,35.11,0
BottomS17519,34.6194,-11.9991,2.722e-13,1.979e-13,7.459e-14,-0.0003,36.4,0
BottomS17520,34.6219,-11.9948,1.837e-17,1.590e-17,8.319e-18,0.0004,36.55,0
BottomS17521,34.5092,-12.0442,3.076e-17,2.524e-17,1.243e-17,-0.0005,35.2,0
BottomS17522,34.5096,-12.0466,7.571e-18,6.939e-18,4.266e-18,-0.0003,35.04,0
BottomS17524,34.6126,-11.9930,6.262e-18,1.087e-17,2.511e-17,0.0012,36.71,0
BottomS17525,34.6290,-12.0131,2.639e-18,2.511e-18,1.643e-18,-0.0005,36.28,0
BottomS17526,34.4907,-12.0602,1.774e-18,1.710e-18,1.110e-18,0.0003,34.83,0
BottomS17527,34.6192,-12.0095,8.181e-19,8.271e-19,6.143e-19,0.0,36.3,0
BottomS17529,34.6225,-12.0153,7.835e-19,8.282e-19,6.821e-19,0.0006,36.19,0
BottomS17531,34.5288,-12.0172,8.685e-18,1.539e-17,3.616e-17,0.0006,35.68,0
BottomS17533,34.4835,-12.0400,2.751e-20,3.936e-20,6.001e-20,0.0003,35.24,0
BottomS17537,34.6337,-12.0021,5.574e-18,4.918e-18,2.635e-18,0.0004,36.76,0
BottomS17539,34.4729,-12.0612,8.427e-20,1.108e-19,1.404e-19,0.0003,35.12,0
BottomS17540,34.5032,-12.0371,1.616e-19,1.854e-19,1.773e-19,-0.0,35.29,0
BottomS17541,34.6181,-11.9922,3.660e-13,2.938e-13,1.417e-13,0.0007,36.71,1
BottomS17544,34.6339,-12.0012,1.546e-18,1.573e-18,1.166e-18,0.0001,36.41,0
BottomS17545,34.6508,-11.9906,3.487e-20,4.816e-20,6.476e-20,-0.0002,36.68,0
BottomS17547,34.6378,-12.0013,6.690e-16,4.720e-16,1.676e-16,0.0,36.71,0
BottomS17551,34.5068,-12.0473,3.409e-19,4.027e-19,4.098e-19,-0.0006,35.2,0
BottomS17552,34.6476,-11.9999,9.145e-14,6.537e-14,2.314e-14,-0.0003,36.47,0
BottomS17554,34.6171,-11.9996,1.386e-19,1.709e-19,1.897e-19,-0.0,36.63,0
BottomS17555,34.6553,-11.9934,8.549e-18,1.416e-17,2.835e-17,0.0008,36.56,0
BottomS17558,34.4749,-12.0689,6.746e-18,1.226e-17,3.075e-17,0.0007,34.87,0
BottomS17559,34.5053,-12.0503,3.948e-19,4.159e-19,3.347e-19,0.0007,35.05,0
BottomS17562,34.6444,-11.9778,4.632e-19,5.108e-19,4.619e-19,0.0003,36.87,0
BottomS17563,34.5071,-12.0542,3.379e-17,2.733e-17,1.281e-17,-0.0008,34.87,0
BottomS17565,34.6335,-12.0084,1.607e-20,2.480e-20,4.388e-20,-0.0007,36.4,0
BottomS17566,34.4928,-12.0500,1.703e-19,2.118e-19,2.369e-19,0.0001,35.22,0
BottomS17570,34.5000,-12.0577,1.705e-17,1.381e-17,6.579e-18,0.0,34.91,0
BottomS17571,34.4910,-12.0431,3.944e-20,5.543e-20,7.937e-20,-0.0008,35.23,0
BottomS17572,34.4712,-12.0659,8.531e-20,1.091e-19,1.365e-19,0.0,34.97,0
BottomS17573,34.4731,-12.0763,3.463e-19,3.744e-19,3.111e-19,-0.0002,34.77,0
BottomS17574,34.4705,-12.0343,1.528e-19,1.799e-19,1.752e-19,0.0,35.3,0
BottomS17575,34.6402,-11.9990,6.227e-20,8.558e-20,1.155e-19,0.0003,36.53,0
BottomS17577,34.6660,-12.0145,4.058e-20,5.390e-20,6.784e-20,-0.0002,36.27,0
BottomS17579,34.6693,-12.0038,2.919e-18,2.744e-18,1.698e-18,-0.0001,36.45,0
BottomS17581,34.4775,-12.0465,1.588e-18,1.591e-18,1.146e-18,-0.0004,35.16,0
BottomS17582,34.6542,-11.9954,1.168e-17,1.867e-17,3.474e-17,0.0001,36.48,0
BottomS17583,34.6693,-12.0054,3.313e-19,3.866e-19,3.873e-19,0.0001,36.44,0
BottomS17584,34.4675,-12.0736,2.571e-19,2.971e-19,2.831e-19,0.0005,34.73,0
BottomS17585,34.4702,-12.0626,1.176e-19,1.569e-19,2.080e-19,0.0005,34.97,0
BottomS17588,34.6557,-11.9850,5.720e-20,7.614e-20,1.037e-19,-0.0004,36.68,0
BottomS17590,34.6783,-11.9992,1.400e-17,3.012e-17,1.092e-16,0.0002,36.61,1
BottomS17591,34.4550,-12.0527,1.262e-17,1.110e-17,6.101e-18,-0.0009,35.06,0
BottomS17595,34.6317,-11.9912,4.651e-18,4.252e-18,2.631e-18,0.001,36.5,0
BottomS17596,34.6412,-11.9885,6.590e-20,8.768e-20,1.131e-19,-0.0005,36.76,0
BottomS17597,34.6434,-11.9876,5.481e-17,1.537e-16,9.477e-16,0.0011,36.62,1
BottomS17601,34.4383,-12.0723,5.835e-19,6.456e-19,5.524e-19,0.001,34.83,0
BottomS17602,34.4559,-12.0525,1.536e-16,1.178e-16,4.982e-17,-0.0008,35.06,1
BottomS17604,34.6329,-11.9962,1.518e-17,3.146e-17,1.016e-16,0.0001,36.53,0
BottomS17606,34.4642,-12.0686,3.430e-13,2.575e-13,1.046e-13,-0.0008,34.89,0
BottomS17607,34.6594,-11.9789,9.868e-19,1.065e-18,8.605e-19,0.0003,36.65,0
BottomS17609,34.4762,-12.0660,1.227e-19,1.489e-19,1.598e-19,0.0002,34.94,0
BottomS17613,34.4246,-12.0624,6.430e-19,6.427e-19,4.815e-19,-0.0001,35.04,0
BottomS17614,34.6510,-11.9975,1.578e-17,1.353e-17,7.268e-18,0.0004,36.61,0
BottomS17619,34.4336,-12.0662,1.576e-18,2.872e-18,7.207e-18,-0.0,34.98,0
BottomS17621,34.6772,-11.9677,4.039e-19,4.553e-19,4.141e-19,0.0004,36.8,0
BottomS17622,34.4285,-12.0664,2.886e-17,2.245e-17,9.993e-18,-0.0002,35.14,0
BottomS17623,34.4634,-12.0700,1.435e-13,1.016e-13,3.610e-14,0.0005,34.88,0
BottomS17624,34.6828,-11.9913,3.489e-20,4.767e-20,6.608e-20,-0.0002,36.51,0
BottomS17626,34.6716,-11.9673,7.099e-20,9.215e-20,1.138e-19,-0.0008,36.76,0
BottomS17627,34.4599,-12.0485,2.014e-18,2.005e-18,1.443e-18,-0.0003,35.09,0
BottomS17628,34.4239,-12.0579,2.573e-19,3.035e-19,3.176e-19,0.0005,34.99,0
BottomS17631,34.4719,-12.0589,3.244e-13,2.436e-13,1.002e-13,0.0005,35.17,0
BottomS17633,34.6880,-11.9778,8.470e-18,7.678e-18,4.658e-18,0.0007,36.62,0
BottomS17635,34.7081,-11.9884,1.483e-17,1.297e-17,7.014e-18,-0.0006,36.49,0
BottomS17636,34.4514,-12.0730,4.210e-17,3.260e-17,1.433e-17,-0.0001,35.06,1
BottomS17638,34.6753,-11.9943,3.511e-18,3.292e-18,2.196e-18,0.001,36.56,0
BottomS17639,34.7020,-11.9850,3.927e-20,5.596e-20,8.141e-20,0.0005,36.77,0
BottomS17641,34.4167,-12.0884,6.501e-18,6.067e-18,3.823e-18,-0.0002,35.06,0
BottomS17642,34.6716,-11.9877,3.934e-17,3.025e-17,1.295e-17,-0.0007,36.66,0
BottomS17643,34.6944,-11.9521,1.583e-19,1.997e-19,2.273e-19,0.0,36.84,0
BottomS17644,34.7097,-11.9720,5.012e-19,5.523e-19,4.916e-19,0.0006,36.7,0
BottomS17646,34.4594,-12.0617,3.893e-19,4.481e-19,4.299e-19,-0.0003,35.14,0
BottomS17647,34.6984,-11.9870,2.119e-20,3.049e-20,4.584e-20,0.0,36.44,0
BottomS17648,34.6801,-11.9656,7.252e-17,5.309e-17,2.072e-17,0.0006,36.69,0
BottomS17649,34.4271,-12.0758,5.258e-19,6.068e-19,5.915e-19,0.0001,34.78,0
BottomS17651,34.4267,-12.0475,3.412e-17,2.731e-17,1.261e-17,0.0006,35.19,0
BottomS17652,34.4491,-12.0911,2.891e-17,2.312e-17,1.026e-17,-0.0001,34.72,0
BottomS17654,34.6850,-11.9783,2.386e-16,1.710e-16,6.522e-17,0.0017,36.73,0
BottomS17655,34.4563,-12.0648,1.387e-19,1.729e-19,2.018e-19,0.0002,35.17,0
BottomS17656,34.7056,-11.9906,4.675e-19,5.240e-19,4.684e-19,-0.0003,36.45,0
BottomS17658,34.4356,-12.0741,1.206e-17,1.058e-17,6.107e-18,-0.0001,34.97,0
BottomS17660,34.4380,-12.0768,2.998e-17,2.525e-17,1.292e-17,-0.0004,35.05,0
BottomS17661,34.6965,-11.9702,1.665e-20,2.544e-20,4.411e-20,0.0001,36.7,0
BottomS17665,34.4453,-12.0837,8.716e-18,7.556e-18,3.964e-18,0.0002,34.9,0
BottomS17666,34.3973,-12.0926,9.133e-20,1.150e-19,1.360e-19,0.0002,34.86,0
BottomS17667,34.7191,-11.9677,2.026e-18,2.040e-18,1.504e-18,-0.0003,36.68,0
BottomS17668,34.7063,-11.9462,3.946e-17,3.253e-17,1.594e-17,0.0,36.87,0
BottomS17671,34.4344,-12.0686,1.136e-18,1.151e-18,8.365e-19,-0.0001,35.1,0
BottomS17674,34.7227,-11.9670,7.244e-17,5.683e-17,2.536e-17,0.0009,36.86,1
BottomS17676,34.7212,-11.9567,1.713e-18,1.690e-18,1.220e-18,0.0001,36.93,0
BottomS17678,34.7091,-11.9953,7.010e-17,5.508e-17,2.503e-17,-0.0,36.46,1
BottomS17679,34.3990,-12.0675,1.290e-18,1.372e-18,1.097e-18,0.0006,35.17,0
BottomS17680,34.7128,-11.9607,9.637e-18,8.435e-18,4.654e-18,-0.0,36.67,0
BottomS17681,34.3990,-12.0665,6.490e-17,5.091e-17,2.194e-17,0.001,34.98,1
BottomS17682,34.4067,-12.0727,4.416e-16,3.230e-16,1.276e-16,0.0004,35.05,0
BottomS17683,34.4132,-12.0828,9.268e-16,6.258e-16,2.076e-16,-0.0006,34.74,0
BottomS17684,34.4058,-12.0913,3.155e-17,2.577e-17,1.210e-17,-0.0004,34.89,0
BottomS17685,34.7187,-11.9485,4.616e-16,3.230e-16,1.154e-16,0.0,36.84,0
BottomS17686,34.7292,-11.9321,5.586e-16,4.273e-16,1.761e-16,0.0,36.92,0
BottomS17687,34.4020,-12.1180,4.208e-17,3.559e-17,1.814e-17,-0.0004,34.73,0
BottomS17688,34.7175,-11.9221,3.954e-13,3.333e-13,1.708e-13,0.0011,36.85,1
BottomS17689,34.7079,-11.9054,3.731e-18,7.697e-18,2.474e-17,-0.0004,37.09,0
BottomS17690,34.4172,-12.1461,2.643e-15,1.806e-15,6.055e-16,-0.0009,34.54,0
BottomS17691,34.4279,-12.1537,1.449e-17,1.202e-17,5.888e-18,-0.0003,34.67,0
BottomS17692,34.7009,-11.8776,9.851e-17,7.462e-17,3.156e-17,-0.0002,36.94,1
BottomS17693,34.6884,-11.8728,4.284e-17,3.416e-17,1.524e-17,0.0008,37.22,0
BottomS17694,34.6831,-11.8692,1.653e-16,1.275e-16,5.490e-17,0.0001,37.22,1
BottomS17695,34.6832,-11.8564,2.744e-18,4.861e-18,1.131e-17,-0.0003,37.12,0
BottomS17696,34.6767,-11.8576,4.996e-16,3.497e-16,1.221e-16,0.0001,37.2,0
BottomS17697,34.6496,-11.8498,1.895e-16,1.445e-16,6.050e-17,0.0004,37.35,0
BottomS17698,34.4653,-12.1998,2.157e-17,1.872e-17,9.802e-18,0.0006,34.78,0
BottomS17699,34.6486,-11.8380,2.465e-16,1.821e-16,7.071e-17,-0.0001,37.09,0
BottomS17700,34.4899,-12.2177,8.367e-16,5.527e-16,1.822e-16,-0.0002,34.34,0
BottomS17701,34.4986,-12.2221,4.042e-18,4.030e-18,2.789e-18,0.0004,34.43,0
BottomS17702,34.5146,-12.2272,2.096e-17,1.750e-17,8.833e-18,-0.0003,34.44,0
BottomS17703,34.6158,-11.8232,4.826e-16,3.560e-16,1.453e-16,0.0005,37.33,0
BottomS17704,34.6050,-11.8185,1.056e-17,9.456e-18,5.463e-18,0.0006,37.26,0
BottomS17706,34.5677,-11.7911,1.956e-13,1.350e-13,4.692e-14,0.0006,37.34,0
BottomS17707,34.5624,-11.7958,2.234e-18,2.301e-18,1.733e-18,-0.0005,37.42,0
BottomS17708,34.5694,-12.2477,8.455e-17,6.568e-17,2.844e-17,0.0006,34.19,1
BottomS17709,34.5803,-12.2543,8.179e-17,6.085e-17,2.358e-17,-0.0009,34.5,0
BottomS17710,34.5822,-12.2487,5.176e-20,6.530e-20,7.468e-20,-0.0002,34.51,0
BottomS17711,34.5997,-12.2414,1.979e-16,1.447e-16,5.509e-17,-0.0004,34.66,0
BottomS17712,34.5109,-11.7866,1.010e-15,6.952e-16,2.334e-16,0.0001,37.22,0
BottomS17713,34.6230,-12.2466,3.333e-17,2.679e-17,1.241e-17,-0.0,34.71,0
BottomS17714,34.4836,-11.7884,2.766e-15,1.906e-15,6.461e-16,-0.0001,37.03,0
BottomS17715,34.4758,-11.7950,2.186e-16,1.588e-16,6.076e-17,0.0004,37.14,0
BottomS17716,34.4578,-11.7816,1.365e-16,1.027e-16,4.208e-17,-0.0006,36.88,0
BottomS17717,34.4522,-11.8043,3.016e-16,2.235e-16,9.023e-17,0.0004,36.93,0
BottomS17719,34.6954,-12.2525,1.376e-15,9.685e-16,3.413e-16,-0.0002,34.67,0
BottomS17720,34.4234,-11.8145,1.966e-18,1.918e-18,1.356e-18,0.0,36.87,0
BottomS17721,34.4151,-11.8352,1.588e-16,1.206e-16,4.953e-17,0.0008,36.55,0
BottomS17722,34.3933,-11.8109,3.171e-17,8.092e-17,4.213e-16,-0.0008,36.77,1
BottomS17723,34.7366,-12.2179,5.985e-18,1.080e-17,2.753e-17,-0.0005,35.03,0
BottomS17724,34.7373,-12.2052,1.640e-16,1.237e-16,5.016e-17,-0.0,34.83,0
BottomS17726,34.3560,-11.8466,1.378e-16,1.013e-16,3.930e-17,0.0004,36.63,0
BottomS17727,34.7899,-12.1939,8.808e-14,6.495e-14,2.499e-14,0.0004,35.18,0
BottomS17728,34.7724,-12.1764,4.510e-17,3.679e-17,1.762e-17,-0.0001,35.35,0
BottomS17729,34.3391,-11.8768,4.366e-17,7.275e-17,1.482e-16,0.0004,36.3,0
BottomS17730,34.3235,-11.8987,5.845e-17,4.484e-17,1.887e-17,-0.0009,36.1,1
BottomS17731,34.8202,-12.1512,1.739e-16,1.309e-16,5.603e-17,-0.0001,35.63,1
BottomS17732,34.3093,-11.8957,8.372e-17,6.646e-17,3.068e-17,-0.0011,36.05,1
BottomS17733,34.8290,-12.1195,1.725e-18,1.724e-18,1.278e-18,0.0007,35.95,0
BottomS17734,34.3110,-11.9334,3.716e-16,2.617e-16,9.431e-17,0.0002,36.12,0
BottomS17736,34.8372,-12.0985,2.985e-17,2.414e-17,1.121e-17,-0.0004,35.87,0
BottomS17737,34.2891,-11.9538,7.676e-18,1.378e-17,3.333e-17,-0.0005,35.86,0
BottomS17738,34.8511,-12.0734,5.311e-14,3.562e-14,1.174e-14,-0.0,36.03,0
BottomS17739,34.2716,-11.9768,5.180e-18,4.763e-18,2.894e-18,0.0003,35.61,0
BottomS17740,34.8535,-12.0530,5.041e-18,4.817e-18,3.211e-18,0.0005,35.89,0
BottomS17741,34.8449,-12.0338,4.952e-17,4.044e-17,1.979e-17,0.0008,36.28,0
BottomS17742,34.2652,-12.0269,3.387e-17,2.909e-17,1.522e-17,-0.0002,35.39,0
BottomS17743,34.8636,-12.0047,1.420e-13,1.632e-13,1.563e-13,0.0005,36.47,0
BottomS17744,34.8573,-11.9894,4.273e-18,4.058e-18,2.617e-18,-0.0004,36.23,0
BottomS17745,34.2630,-12.0732,1.835e-19,2.203e-19,2.322e-19,-0.0001,35.14,0
BottomS17746,34.8666,-11.9538,6.156e-16,4.309e-16,1.503e-16,-0.0003,36.6,0
BottomS17747,34.2752,-12.0958,9.304e-16,6.567e-16,2.325e-16,0.0002,34.87,0
BottomS17749,34.8375,-11.9245,2.444e-15,1.700e-15,5.941e-16,-0.0002,36.66,0
BottomS17750,34.2875,-12.1390,1.989e-16,1.461e-16,5.913e-17,-0.001,34.87,0
BottomS17751,34.8410,-11.8882,3.216e-13,2.307e-13,8.574e-14,0.0012,36.81,0
BottomS17752,34.8263,-11.8801,1.213e-16,9.008e-17,3.517e-17,-0.0004,36.84,0
BottomS17753,34.8182,-11.8678,1.898e-16,1.401e-16,5.611e-17,-0.0013,37.02,0
BottomS17754,34.3243,-12.1865,1.291e-16,9.849e-17,4.205e-17,0.0004,34.66,1
BottomS17755,34.3328,-12.1973,1.365e-18,1.479e-18,1.258e-18,-0.0001,34.52,0
BottomS17756,34.7769,-11.8307,1.040e-16,8.255e-17,3.861e-17,-0.0004,37.04,0
BottomS17757,34.7879,-11.8290,4.894e-16,3.542e-16,1.334e-16,0.0,36.92,0
BottomS17758,34.3281,-12.2485,1.113e-17,9.520e-18,5.199e-18,-0.0003,34.54,0
BottomS17759,34.3633,-12.2430,4.342e-18,7.316e-18,1.519e-17,-0.0005,34.4,0
BottomS17760,34.3765,-12.2671,1.961e-16,1.461e-16,5.842e-17,-0.0001,34.38,0
BottomS17761,34.7482,-11.7759,5.358e-16,3.741e-16,1.310e-16,0.0001,37.21,0
BottomS17762,34.3932,-12.2880,2.496e-15,1.700e-15,5.836e-16,0.0003,34.38,0
BottomS17763,34.3996,-12.2898,3.113e-19,3.704e-19,3.881e-19,0.0005,34.43,0
BottomS17764,34.4044,-12.2898,5.355e-14,6.997e-14,8.845e-14,-0.0003,34.49,0
BottomS17765,34.4417,-12.3079,6.101e-14,4.120e-14,1.330e-14,0.0005,34.34,0
BottomS17766,34.6714,-11.7309,1.123e-17,9.733e-18,5.352e-18,-0.0002,37.34,0
BottomS17767,34.6659,-11.7393,6.055e-18,5.364e-18,3.051e-18,0.0005,37.48,0
BottomS17768,34.4701,-12.3374,2.483e-17,2.006e-17,9.600e-18,0.0009,34.4,0
BottomS17769,34.5044,-12.3457,2.041e-15,1.449e-15,5.143e-16,0.0008,34.39,0
BottomS17770,34.5071,-12.3353,2.476e-16,1.782e-16,6.891e-17,0.0,34.35,0
BottomS17771,34.5296,-12.3527,1.887e-17,1.607e-17,8.687e-18,0.0001,34.25,0
BottomS17772,34.5861,-11.6885,2.170e-16,1.540e-16,5.537e-17,-0.0009,37.28,0
BottomS17773,34.5560,-12.3504,5.601e-17,4.399e-17,1.904e-17,0.0003,34.35,1
BottomS17774,34.5609,-12.3538,1.962e-17,1.627e-17,8.467e-18,-0.0,34.34,0
BottomS17775,34.5392,-11.6870,1.493e-17,1.264e-17,6.543e-18,-0.0002,37.51,0
BottomS17776,34.6028,-12.3636,3.685e-16,2.699e-16,1.087e-16,0.0001,34.29,0
BottomS17777,34.6260,-12.3660,3.997e-16,2.820e-16,1.034e-16,-0.0009,34.42,0
BottomS17778,34.6265,-12.3301,1.259e-15,8.785e-16,3.060e-16,0.0009,34.58,0
BottomS17779,34.4782,-11.7019,1.300e-16,9.555e-17,3.718e-17,0.0005,37.26,0
BottomS17780,34.6557,-12.3330,1.292e-17,2.651e-17,8.440e-17,-0.0005,34.55,0
BottomS17781,34.4383,-11.6978,5.868e-16,4.105e-16,1.463e-16,0.0002,36.98,0
BottomS17782,34.6950,-12.3389,1.754e-15,1.165e-15,3.697e-16,-0.0004,34.58,0
BottomS17783,34.4078,-11.6983,9.280e-19,9.522e-19,7.315e-19,0.0002,37.04,0
BottomS17784,34.7274,-12.3238,1.392e-16,1.010e-16,3.751e-17,-0.0008,34.76,0
BottomS17785,34.3724,-11.7045,7.880e-17,6.414e-17,3.018e-17,0.0002,36.86,0
BottomS17786,34.3636,-11.7141,1.101e-17,9.816e-18,5.741e-18,-0.0003,36.91,0
BottomS17787,34.7729,-12.3068,7.271e-16,5.345e-16,2.093e-16,0.0008,34.87,0
BottomS17788,34.3505,-11.7454,1.182e-17,1.097e-17,6.848e-18,-0.0001,36.81,0
BottomS17789,34.3137,-11.7361,1.137e-15,7.743e-16,2.639e-16,-0.0004,36.78,0
BottomS17790,34.3092,-11.7662,2.439e-13,1.723e-13,6.180e-14,-0.0001,36.57,0
BottomS17792,34.2778,-11.7817,2.960e-18,2.863e-18,1.970e-18,-0.0005,36.6,0
BottomS17793,34.2729,-11.7913,2.431e-16,1.716e-16,6.181e-17,-0.0001,36.5,0
BottomS17794,34.2561,-11.7906,4.537e-18,8.156e-18,1.957e-17,-0.0002,36.36,0
BottomS17795,34.2537,-11.8123,3.215e-13,3.351e-13,2.505e-13,-0.0003,36.2,1
BottomS17796,34.2366,-11.8188,1.891e-16,1.418e-16,5.573e-17,-0.0004,36.13,0
BottomS17797,34.9122,-12.2219,8.313e-17,6.358e-17,2.805e-17,0.0003,35.54,1
BottomS17798,34.9111,-12.1682,1.061e-16,8.096e-17,3.388e-17,-0.0,35.54,1
BottomS17799,34.9111,-12.1744,1.746e-18,1.790e-18,1.318e-18,-0.0003,35.67,0
BottomS17800,34.9276,-12.1596,4.051e-18,7.502e-18,1.919e-17,-0.0,35.66,0
BottomS17801,34.9357,-12.1524,1.400e-15,9.948e-16,3.655e-16,-0.0006,35.82,0
BottomS17802,34.9379,-12.1160,8.849e-20,1.155e-19,1.422e-19,-0.0001,36.12,0
BottomS17803,34.9456,-12.1083,8.316e-17,6.597e-17,3.042e-17,0.0011,36.08,0
BottomS17804,34.1997,-11.9365,1.114e-17,9.436e-18,4.912e-18,0.0009,35.82,0
BottomS17805,34.1752,-11.9751,2.777e-16,1.996e-16,7.427e-17,0.0003,35.66,0
BottomS17806,34.1744,-12.0004,2.608e-17,2.131e-17,1.046e-17,0.0009,35.47,0
BottomS17807,34.9509,-12.0354,1.878e-17,1.574e-17,8.028e-18,0.0008,36.32,0
BottomS17808,34.1777,-12.0290,1.650e-17,1.356e-17,6.636e-18,0.0003,35.57,0
BottomS17809,34.9541,-12.0044,1.193e-16,8.677e-17,3.256e-17,-0.0004,36.5,0
BottomS17810,34.1473,-12.0679,3.796e-13,3.215e-13,1.645e-13,0.0004,35.33,1
BottomS17811,34.2047,-12.0753,2.338e-16,1.661e-16,6.310e-17,0.0013,34.97,0
BottomS17812,34.9280,-11.9507,8.294e-18,7.331e-18,4.190e-18,0.0009,36.55,0
BottomS17813,34.1992,-12.1089,1.353e-17,1.193e-17,6.797e-18,0.0006,34.87,0
BottomS17814,34.9537,-11.9046,1.871e-17,1.669e-17,9.542e-18,-0.0008,36.71,0
BottomS17815,34.9468,-11.8872,5.094e-17,3.933e-17,1.755e-17,0.0011,36.84,1
BottomS17816,34.9263,-11.8748,5.689e-18,8.411e-18,1.396e-17,0.0005,36.73,0
BottomS17817,34.9056,-11.8589,1.641e-16,1.261e-16,5.359e-17,-0.0003,36.52,1
BottomS17819,34.2384,-12.2185,1.956e-13,1.692e-13,9.309e-14,-0.0,34.81,1
BottomS17820,34.8957,-11.8105,9.417e-18,1.788e-17,4.681e-17,0.0013,37.09,0
BottomS17821,34.2332,-12.2599,1.048e-17,9.247e-18,5.077e-18,0.0005,34.7,0
BottomS17822,34.8517,-11.7858,9.705e-17,7.461e-17,3.235e-17,-0.0005,37.1,1
BottomS17823,34.2840,-12.2871,7.338e-17,5.767e-17,2.473e-17,-0.0004,34.53,1
BottomS17824,34.8204,-11.7466,9.253e-17,7.095e-17,2.967e-17,0.0002,37.16,1
BottomS17825,34.2975,-12.3182,4.232e-18,4.155e-18,3.019e-18,-0.001,34.36,0
BottomS17826,34.3345,-12.3092,1.977e-16,1.506e-16,6.109e-17,0.0003,34.35,0
BottomS17827,34.7870,-11.6959,4.129e-13,3.286e-13,1.461e-13,0.0001,37.2,1
BottomS17828,34.7602,-11.7048,3.095e-18,6.334e-18,1.956e-17,-0.0006,37.33,0
BottomS17829,34.7710,-11.6944,2.455e-17,1.969e-17,9.466e-18,0.0001,37.24,0
BottomS17830,34.3806,-12.3854,5.123e-17,4.084e-17,1.866e-17,-0.0,34.2,1
BottomS17831,34.3758,-12.3783,6.368e-17,4.939e-17,2.216e-17,-0.0007,34.46,1
BottomS17832,34.7238,-11.6600,4.314e-18,7.998e-18,2.111e-17,0.0011,37.33,0
BottomS17833,34.6717,-11.6296,7.840e-18,1.343e-17,3.021e-17,-0.0008,37.22,0
BottomS17834,34.4348,-12.4102,2.524e-19,2.968e-19,3.057e-19,-0.0006,34.57,0
BottomS17835,34.6500,-11.6337,4.318e-17,3.553e-17,1.706e-17,0.0002,37.24,0
BottomS17836,34.6363,-11.6478,3.510e-16,2.461e-16,8.825e-17,-0.0004,37.24,0
BottomS17837,34.6258,-11.6404,1.146e-17,2.690e-17,1.116e-16,0.0002,37.45,1
BottomS17838,34.5410,-12.4650,4.601e-18,1.042e-17,4.051e-17,-0.0002,34.32,0
BottomS17839,34.5550,-12.4417,6.513e-17,5.028e-17,2.142e-17,0.0002,34.31,1
BottomS17840,34.5498,-11.5865,1.978e-17,1.768e-17,1.046e-17,0.0004,37.48,0
BottomS17841,34.5773,-12.4335,8.235e-20,1.091e-19,1.433e-19,-0.0,34.42,0
BottomS17842,34.6029,-12.4191,1.002e-18,1.052e-18,8.248e-19,0.0001,34.23,0
BottomS17843,34.4914,-11.6201,6.387e-17,5.076e-17,2.366e-17,-0.0,37.3,0
BottomS17844,34.4715,-11.5951,8.884e-16,6.155e-16,2.053e-16,0.001,37.14,0
BottomS17845,34.6687,-12.4293,8.459e-16,5.975e-16,2.120e-16,0.0003,34.41,0
BottomS17846,34.6885,-12.4362,2.460e-15,1.696e-15,6.032e-16,0.0006,34.73,0
BottomS17847,34.7125,-12.4239,1.362e-18,1.388e-18,1.019e-18,0.0004,34.57,0
BottomS17848,34.7175,-12.3968,5.059e-18,4.617e-18,2.802e-18,-0.0001,34.69,0
BottomS17849,34.4071,-12.0978,2.706e-18,2.487e-18,1.530e-18,-0.0004,34.93,0
BottomS17850,34.7334,-11.9397,1.220e-17,1.037e-17,5.406e-18,0.0005,36.82,0
BottomS17851,34.6920,-11.9451,3.717e-18,3.376e-18,2.060e-18,0.0009,36.91,0
BottomS17854,34.6985,-11.9223,3.378e-16,2.376e-16,8.940e-17,0.0006,36.87,0
BottomS17857,34.7007,-11.8925,3.323e-20,4.635e-20,6.607e-20,-0.0007,37.11,0
BottomS17858,34.4418,-12.1541,3.977e-18,3.934e-18,2.794e-18,0.0002,34.61,0
BottomS17859,34.6876,-11.8867,1.384e-17,2.565e-17,6.397e-17,0.0001,37.22,0
BottomS17861,34.6672,-11.8867,3.868e-18,6.007e-18,1.056e-17,0.0003,37.04,0
BottomS17862,34.4304,-12.1728,1.968e-19,2.306e-19,2.302e-19,-0.0001,34.66,0
BottomS17865,34.4785,-12.1930,2.835e-20,3.973e-20,5.887e-20,-0.0003,34.49,0
BottomS17866,34.4596,-12.2046,2.405e-20,3.618e-20,6.042e-20,-0.0002,34.42,0
BottomS17867,34.4843,-12.2307,2.801e-16,2.089e-16,8.151e-17,0.0002,34.43,0
BottomS17868,34.4699,-12.1933,7.238e-20,9.530e-20,1.211e-19,0.0005,34.36,0
BottomS17869,34.6476,-11.8442,2.874e-17,6.169e-17,2.155e-16,0.0002,37.22,1
BottomS17872,34.5974,-11.8283,7.974e-19,8.997e-19,8.028e-19,-0.001,37.22,0
BottomS17873,34.5919,-11.8067,1.210e-16,9.411e-17,4.191e-17,0.0003,37.39,1
BottomS17877,34.5579,-12.2427,7.360e-18,1.326e-17,3.239e-17,-0.0002,34.41,0
BottomS17878,34.5662,-11.8247,9.495e-18,1.870e-17,5.235e-17,0.0005,36.93,0
BottomS17880,34.5629,-12.1987,5.193e-20,7.261e-20,1.018e-19,-0.0001,34.44,0
BottomS17881,34.5530,-11.8063,3.177e-16,2.299e-16,8.795e-17,0.001,37.17,0
BottomS17882,34.5316,-11.7916,6.717e-18,6.199e-18,3.689e-18,0.0003,37.19,0
BottomS17883,34.6013,-12.2533,8.105e-18,7.004e-18,3.764e-18,-0.0001,34.43,0
BottomS17884,34.6033,-12.2473,4.931e-19,5.629e-19,5.183e-19,0.0005,34.36,0
BottomS17885,34.5140,-11.8111,7.997e-20,1.067e-19,1.414e-19,0.0009,37.22,0
BottomS17887,34.6241,-12.2412,1.163e-17,2.307e-17,6.968e-17,-0.0,34.65,0
BottomS17888,34.4997,-11.8358,6.583e-18,5.836e-18,3.335e-18,-0.0009,37.01,0
BottomS17889,34.6482,-12.2278,3.172e-16,2.115e-16,6.644e-17,-0.0002,34.64,0
BottomS17891,34.6732,-12.2516,7.464e-18,1.133e-17,1.967e-17,-0.0003,34.73,0
BottomS17892,34.6825,-12.2653,2.337e-17,1.903e-17,9.143e-18,0.0007,34.73,0
BottomS17893,34.6746,-12.2284,1.218e-17,2.306e-17,6.054e-17,0.0003,34.8,0
BottomS17895,34.4152,-11.8149,8.511e-20,1.038e-19,1.119e-19,0.0007,36.71,0
BottomS17897,34.7112,-12.2167,1.041e-16,8.139e-17,3.504e-17,0.0007,34.76,1
BottomS17898,34.7240,-12.2055,1.312e-17,1.155e-17,6.313e-18,-0.0001,34.83,0
BottomS17899,34.7249,-12.2050,2.172e-17,3.506e-17,6.756e-17,-0.0001,35.01,0
BottomS17900,34.3721,-11.8177,1.274e-17,1.137e-17,6.622e-18,0.0003,36.6,0
BottomS17901,34.3695,-11.8309,3.253e-17,2.632e-17,1.251e-17,-0.0001,36.48,0
BottomS17903,34.7797,-12.2136,7.592e-18,1.186e-17,2.152e-17,-0.0002,35.21,0
BottomS17904,34.7726,-12.2028,5.950e-18,1.342e-17,5.115e-17,-0.0001,35.28,0
BottomS17905,34.3580,-11.8754,6.201e-18,5.601e-18,3.272e-18,-0.0003,36.37,0
BottomS17907,34.7715,-12.1687,4.207e-19,5.227e-19,5.956e-19,0.0006,35.48,0
BottomS17909,34.3018,-11.9094,1.598e-17,1.328e-17,6.545e-18,-0.0006,36.15,0
BottomS17910,34.3614,-11.9121,8.189e-19,8.699e-19,7.244e-19,0.0002,36.04,0
BottomS17911,34.3309,-11.8943,5.063e-16,3.604e-16,1.364e-16,-0.0002,36.23,0
BottomS17913,34.2980,-11.9080,5.118e-17,4.015e-17,1.738e-17,-0.0008,36.28,1
BottomS17915,34.3076,-11.9202,1.008e-20,1.570e-20,2.755e-20,0.0002,35.99,0
BottomS17916,34.3238,-11.9530,2.848e-18,2.835e-18,2.009e-18,0.0001,35.98,0
BottomS17917,34.8357,-12.0877,2.240e-18,2.198e-18,1.567e-18,-0.0001,35.92,0
BottomS17918,34.8213,-12.0628,1.091e-17,9.706e-18,5.625e-18,-0.0005,36.12,0
BottomS17920,34.8484,-12.0521,2.103e-18,2.131e-18,1.554e-18,0.0002,36.25,0
BottomS17922,34.8218,-12.0654,3.442e-18,3.344e-18,2.304e-18,0.0003,36.08,0
BottomS17924,34.8384,-12.0294,4.448e-18,4.231e-18,2.742e-18,-0.0002,36.36,0
BottomS17925,34.2736,-12.0441,1.438e-18,1.488e-18,1.171e-18,0.0002,35.39,0
BottomS17929,34.8648,-11.9736,8.707e-19,9.288e-19,7.484e-19,-0.0004,36.41,0
BottomS17930,34.2952,-12.0727,9.482e-19,9.494e-19,7.153e-19,-0.0014,35.24,0
BottomS17931,34.2821,-12.0883,7.981e-20,1.067e-19,1.367e-19,0.0006,35.23,0
BottomS17932,34.8540,-11.9485,7.347e-18,1.422e-17,3.948e-17,0.0002,36.46,0
BottomS17933,34.2819,-12.1136,1.756e-20,2.553e-20,3.844e-20,0.0012,35.11,0
BottomS17934,34.8436,-11.9238,3.755e-18,3.484e-18,2.245e-18,-0.0004,36.76,0
BottomS17936,34.8756,-11.8847,9.388e-17,7.108e-17,2.835e-17,0.0004,36.81,0
BottomS17937,34.8904,-11.8803,5.108e-19,5.571e-19,5.000e-19,0.0004,36.9,0
BottomS17939,34.8042,-11.8874,3.163e-18,4.983e-18,9.212e-18,-0.0004,36.93,0
BottomS17940,34.8204,-11.8684,7.090e-20,9.379e-20,1.200e-19,0.0008,36.78,0
BottomS17941,34.3454,-12.1812,1.232e-16,9.501e-17,4.064e-17,-0.0004,34.77,1
BottomS17942,34.3432,-12.2060,7.082e-18,1.285e-17,3.221e-17,0.0002,34.48,0
BottomS17943,34.8107,-11.8183,8.647e-17,7.045e-17,3.236e-17,-0.0,37.26,0
BottomS17944,34.3765,-12.1951,2.179e-19,2.624e-19,2.735e-19,0.0007,34.46,0
BottomS17946,34.7848,-11.8075,1.392e-16,1.018e-16,3.871e-17,0.0002,36.96,0
BottomS17947,34.7493,-11.8033,3.640e-18,3.541e-18,2.444e-18,0.0005,37.14,0
BottomS17948,34.3594,-12.2707,1.284e-17,2.426e-17,6.464e-17,0.0008,34.54,0
BottomS17950,34.7369,-11.7861,1.066e-17,1.787e-17,3.745e-17,0.0002,37.2,0
BottomS17952,34.4440,-12.2895,1.017e-16,2.801e-16,1.685e-15,-0.0004,34.33,1
BottomS17953,34.4081,-12.3122,8.169e-20,1.074e-19,1.391e-19,-0.0008,34.38,0
BottomS17955,34.6674,-11.7485,4.523e-18,7.025e-18,1.268e-17,0.0007,37.38,0
BottomS17956,34.7180,-11.7331,9.657e-19,1.017e-18,8.113e-19,0.0004,37.2,0
BottomS17957,34.6660,-11.7276,5.903e-17,4.591e-17,2.021e-17,-0.0007,37.39,1
BottomS17958,34.6885,-11.7103,1.320e-17,1.122e-17,5.841e-18,0.0002,37.28,0
BottomS17959,34.6210,-11.6889,4.358e-13,3.157e-13,1.191e-13,-0.0005,37.19,0
BottomS17960,34.4562,-12.3062,2.956e-16,2.184e-16,8.542e-17,-0.0003,34.42,0
BottomS17962,34.5070,-12.3850,1.335e-16,1.036e-16,4.465e-17,0.0008,34.32,1
BottomS17965,34.5682,-11.7102,7.404e-17,6.142e-17,3.024e-17,0.0005,37.15,0
BottomS17966,34.5639,-12.3557,1.073e-19,1.480e-19,2.062e-19,-0.0,34.3,0
BottomS17967,34.5384,-11.6882,2.382e-18,2.270e-18,1.477e-18,0.0002,37.19,0
BottomS17968,34.5451,-12.3097,1.315e-17,2.110e-17,3.939e-17,0.0008,34.25,0
BottomS17970,34.5106,-11.6539,5.890e-17,4.629e-17,2.075e-17,-0.0002,37.34,1
BottomS17971,34.6085,-12.3408,3.640e-19,4.170e-19,4.117e-19,-0.0003,34.45,0
BottomS17972,34.6263,-12.3494,1.058e-17,2.084e-17,6.042e-17,-0.0001,34.5,0
BottomS17973,34.6396,-12.3786,1.900e-20,3.047e-20,5.997e-20,0.0016,34.66,0
BottomS17974,34.6514,-12.3437,1.034e-17,8.967e-18,4.706e-18,0.0005,34.46,0
BottomS17975,34.4668,-11.6938,5.295e-19,5.771e-19,4.843e-19,0.0014,36.98,0
BottomS17977,34.4454,-11.7056,6.690e-18,1.150e-17,2.625e-17,0.0,37.16,0
BottomS17978,34.6846,-12.3393,1.316e-17,1.107e-17,5.479e-18,0.0007,34.6,0
BottomS17980,34.7169,-12.3349,6.387e-18,5.839e-18,3.465e-18,-0.0002,34.76,0
BottomS17981,34.7200,-12.3046,5.262e-19,5.909e-19,5.362e-19,-0.0001,34.59,0
BottomS17982,34.7418,-12.3224,1.977e-17,1.776e-17,1.011e-17,-0.0003,34.7,0
BottomS17983,34.3445,-11.6882,2.593e-18,2.621e-18,1.908e-18,-0.0008,36.65,0
BottomS17984,34.7686,-12.3146,6.613e-18,1.067e-17,2.087e-17,0.0002,34.82,0
BottomS17985,34.7753,-12.2933,1.712e-17,4.715e-17,2.770e-16,0.0004,35.06,1
BottomS17989,34.8245,-12.2956,2.093e-18,1.990e-18,1.259e-18,0.0001,34.98,0
BottomS17990,34.3176,-11.7922,1.837e-18,1.774e-18,1.229e-18,0.0001,36.33,0
BottomS17991,34.3047,-11.7715,9.775e-18,8.264e-18,4.382e-18,-0.0001,36.66,0
BottomS17992,34.8562,-12.2530,4.251e-18,3.909e-18,2.418e-18,-0.0006,35.37,0
BottomS17993,34.2772,-11.7825,5.262e-20,7.521e-20,1.096e-19,-0.0002,36.51,0
BottomS17994,34.2770,-11.7775,3.327e-16,2.454e-16,9.643e-17,0.0009,36.44,0
BottomS17995,34.8632,-12.2240,2.809e-18,5.782e-18,1.892e-17,-0.0001,35.41,0
BottomS17996,34.8903,-12.1956,1.878e-17,1.529e-17,7.551e-18,-0.0001,35.46,0
BottomS17997,34.2381,-11.8249,4.717e-20,6.721e-20,1.040e-19,-0.0007,36.14,0
BottomS17998,34.2294,-11.8484,4.510e-17,3.462e-17,1.471e-17,-0.0008,36.11,0
BottomS17999,34.8767,-12.1892,1.116e-17,9.314e-18,4.570e-18,0.0001,35.68,0
BottomS18001,34.9152,-12.1952,3.070e-20,4.077e-20,5.385e-20,-0.0,35.23,0
BottomS18002,34.9073,-12.1295,5.460e-17,4.345e-17,1.979e-17,0.0009,35.83,0
BottomS18003,34.1928,-11.9119,2.900e-16,2.167e-16,8.575e-17,0.0,35.85,0
BottomS18005,34.2081,-11.8936,6.901e-17,5.271e-17,2.201e-17,-0.0004,35.89,1
BottomS18007,34.9299,-12.0941,2.982e-17,2.389e-17,1.113e-17,0.001,35.92,0
BottomS18008,34.9424,-12.0908,2.955e-19,3.484e-19,3.531e-19,-0.0,36.13,0
BottomS18010,34.8794,-12.0680,2.410e-16,6.809e-16,4.320e-15,0.0003,35.93,1
BottomS18011,34.1853,-12.0113,6.337e-17,5.118e-17,2.350e-17,0.0009,35.47,0
BottomS18012,34.2051,-11.9958,1.534e-17,1.325e-17,7.173e-18,0.0006,35.32,0
BottomS18013,34.2232,-12.0221,2.078e-16,1.551e-16,6.284e-17,0.0004,35.41,0
BottomS18015,34.9506,-11.9824,4.054e-13,3.849e-13,2.515e-13,-0.0004,36.35,1
BottomS18016,34.9644,-11.9904,1.318e-18,1.337e-18,9.994e-19,-0.0002,36.28,0
BottomS18017,34.2021,-12.0795,9.784e-18,8.373e-18,4.481e-18,-0.0004,35.14,0
BottomS18019,34.2274,-12.1012,8.794e-18,7.499e-18,3.973e-18,-0.0003,35.08,0
BottomS18020,34.2305,-12.1080,6.924e-18,6.138e-18,3.375e-18,0.0,35.17,0
BottomS18021,34.8988,-11.9246,3.477e-18,3.159e-18,1.840e-18,-0.0003,36.46,0
BottomS18022,34.2101,-12.1474,3.640e-17,2.946e-17,1.367e-17,-0.0005,34.9,0
BottomS18023,34.9150,-11.8944,3.746e-17,6.322e-17,1.325e-16,0.0005,36.67,0
BottomS18024,34.9379,-11.8676,4.363e-19,4.927e-19,4.642e-19,0.0006,36.74,0
BottomS18025,34.1974,-12.1820,1.261e-17,2.630e-17,9.142e-17,0.0004,34.78,0
BottomS18026,34.9406,-11.8363,3.868e-19,4.450e-19,4.097e-19,0.0014,36.79,0
BottomS18027,34.2215,-12.2161,2.036e-19,2.444e-19,2.623e-19,-0.0001,34.77,0
BottomS18028,34.2389,-12.2203,1.882e-19,2.381e-19,2.800e-19,0.0003,34.56,0
BottomS18030,34.2226,-12.2662,2.331e-16,1.718e-16,6.767e-17,0.0007,34.76,0
BottomS18031,34.8220,-11.8017,2.007e-17,1.718e-17,9.395e-18,-0.0004,37.07,0
BottomS18032,34.8710,-11.7531,3.267e-19,3.751e-19,3.594e-19,0.0001,37.13,0
BottomS18033,34.8015,-11.7645,2.433e-17,1.984e-17,9.584e-18,0.0001,37.21,0
BottomS18037,34.8259,-11.7414,7.713e-20,9.907e-20,1.176e-19,-0.0007,37.13,0
BottomS18039,34.3329,-12.3340,6.939e-18,6.375e-18,3.954e-18,0.0,34.71,0
BottomS18040,34.8129,-11.7037,6.317e-19,6.923e-19,6.114e-19,0.0,37.18,0
BottomS18041,34.3621,-12.4118,1.042e-18,1.023e-18,7.441e-19,0.0004,34.39,0
BottomS18042,34.3600,-12.3788,8.449e-18,7.457e-18,4.272e-18,-0.0,34.34,0
BottomS18043,34.3553,-12.3601,2.288e-20,3.565e-20,6.334e-20,0.001,34.51,0
BottomS18044,34.7285,-11.6838,2.365e-20,3.281e-20,4.569e-20,0.0005,37.43,0
BottomS18046,34.4225,-12.3882,2.244e-20,3.226e-20,4.925e-20,0.0009,34.29,0
BottomS18047,34.4686,-12.4113,3.961e-17,3.099e-17,1.399e-17,0.0002,34.44,0
BottomS18048,34.4417,-12.3793,2.835e-13,2.819e-13,2.030e-13,-0.0003,34.19,1
BottomS18049,34.4893,-12.4044,4.591e-17,3.682e-17,1.737e-17,0.0003,34.41,0
BottomS18051,34.4970,-12.4352,1.341e-16,1.037e-16,4.293e-17,-0.0001,34.36,1
BottomS18052,34.5203,-12.4230,4.690e-19,5.394e-19,5.232e-19,0.0002,34.24,0
BottomS18053,34.5459,-12.4633,8.500e-19,9.559e-19,8.599e-19,-0.0007,34.41,0
BottomS18054,34.5627,-12.4724,1.571e-19,1.974e-19,2.287e-19,0.0003,34.39,0
BottomS18057,34.5445,-11.6184,6.498e-18,5.977e-18,3.693e-18,-0.0012,37.42,0
BottomS18058,34.5998,-12.4169,1.038e-17,8.675e-18,4.398e-18,0.0005,34.55,0
BottomS18059,34.5017,-11.6070,5.263e-18,1.018e-17,2.806e-17,0.0014,37.43,0
BottomS18060,34.6293,-12.4033,1.422e-19,1.793e-19,2.166e-19,0.0007,34.57,0
BottomS18061,34.4790,-11.6395,9.723e-18,1.495e-17,2.603e-17,-0.0007,37.24,0
BottomS18062,34.4786,-11.6549,2.477e-18,2.347e-18,1.545e-18,0.0008,37.16,0
BottomS18063,34.4121,-11.5431,1.073e-20,1.758e-20,3.563e-20,-0.0002,37.13,0
BottomS18064,34.4289,-11.6192,4.931e-17,3.973e-17,1.833e-17,-0.0009,37.15,0
BottomS18065,34.7259,-12.4786,3.709e-20,5.060e-20,6.841e-20,0.001,34.74,0
BottomS18066,34.4054,-11.6352,8.606e-17,6.611e-17,2.904e-17,0.0006,37.19,1
BottomS18067,34.7295,-12.3936,1.486e-17,3.143e-17,1.040e-16,-0.0002,34.53,0
BottomS18068,34.7596,-12.4169,2.575e-20,3.693e-20,5.531e-20,0.0002,34.69,0
BottomS18070,34.3443,-11.6181,4.091e-17,3.442e-17,1.828e-17,0.0003,37.09,0
BottomS18076,38.0648,-12.6064,3.672e-19,4.250e-19,4.145e-19,0.0001,35.98,0
BottomS18077,37.7331,-12.5204,2.973e-18,5.588e-18,1.486e-17,0.0003,33.2,0
BottomS18079,37.9923,-12.6662,6.653e-18,1.135e-17,2.560e-17,-0.0002,34.86,0
BottomS18082,38.0279,-12.7315,8.788e-19,9.443e-19,8.127e-19,0.0002,35.24,0
BottomS18088,37.9292,-12.5235,5.258e-18,4.653e-18,2.698e-18,-0.0,34.26,0
BottomS18089,38.1864,-12.4840,2.462e-18,2.403e-18,1.664e-18,-0.0002,36.45,0
BottomS18094,37.9236,-12.3436,1.387e-20,2.035e-20,3.253e-20,0.0003,35.12,0
BottomS18095,38.0689,-12.5674,1.194e-20,1.890e-20,3.479e-20,-0.0011,36.45,0
BottomS18096,37.9996,-12.5817,2.395e-20,3.602e-20,6.054e-20,-0.0002,34.35,0
BottomS18098,38.0072,-12.5709,5.128e-13,3.892e-13,1.597e-13,0.0001,35.2,1
BottomS18102,37.6990,-12.4523,7.069e-20,9.456e-20,1.258e-19,0.0006,33.57,0
BottomS18103,37.9642,-12.5455,2.293e-18,2.240e-18,1.539e-18,0.0017,34.48,0
BottomS18106,38.0008,-12.5538,6.869e-19,7.821e-19,7.327e-19,0.0004,35.06,0
BottomS18109,38.0771,-12.6500,5.930e-18,1.127e-17,3.095e-17,-0.0001,35.59,0
BottomS18112,38.3748,-12.5583,4.194e-19,4.860e-19,4.755e-19,0.0011,37.18,0
BottomS18113,38.0135,-12.5841,6.934e-19,7.607e-19,6.731e-19,0.0009,35.42,0
BottomS18116,37.9514,-12.6504,1.066e-20,1.769e-20,3.472e-20,0.0004,34.51,0
BottomS18119,38.0141,-12.5751,3.623e-20,4.954e-20,6.852e-20,0.0006,35.66,0
BottomS18121,38.0289,-12.5748,2.219e-19,2.767e-19,3.176e-19,0.0001,36.28,0
BottomS18123,37.5792,-12.4501,6.656e-20,8.997e-20,1.220e-19,-0.0006,33.43,0
BottomS18127,37.9667,-12.5854,1.387e-18,1.379e-18,1.013e-18,0.0,34.23,0
BottomS18128,38.0167,-12.5821,3.254e-20,4.474e-20,6.323e-20,-0.0,35.31,0
BottomS18135,38.0032,-12.5789,3.232e-20,4.768e-20,7.585e-20,0.0005,34.26,0
BottomS18137,38.1586,-12.5969,4.941e-19,5.562e-19,5.120e-19,-0.0004,36.63,0
BottomS18147,37.8364,-12.6132,1.653e-18,1.650e-18,1.162e-18,-0.0008,33.23,0
BottomS18150,38.0290,-12.5597,1.948e-19,2.334e-19,2.389e-19,0.0012,36.14,0
BottomS18151,38.2091,-12.6850,1.805e-18,1.707e-18,1.056e-18,0.0002,36.11,0
BottomS18153,38.0158,-12.5529,1.376e-18,1.378e-18,9.751e-19,0.0006,36.15,0
BottomS18157,38.0012,-12.5450,7.195e-19,7.508e-19,5.695e-19,0.0002,35.2,0
BottomS18158,38.1152,-12.6330,5.484e-18,9.624e-18,2.266e-17,-0.0006,36.12,0
BottomS18160,37.5880,-12.5146,9.089e-20,1.159e-19,1.391e-19,0.0005,33.09,0
BottomS18161,37.8979,-12.6075,2.511e-20,3.742e-20,5.947e-20,0.0007,33.89,0
BottomS18165,37.8006,-12.6116,7.393e-19,7.916e-19,6.534e-19,0.0004,33.29,0
BottomS18171,37.9973,-12.5619,3.773e-20,5.541e-20,8.755e-20,0.0001,34.42,0
BottomS18173,37.8048,-12.5274,4.607e-20,6.453e-20,9.204e-20,-0.0005,33.34,0
BottomS18174,38.0426,-12.6017,4.490e-19,5.089e-19,4.639e-19,-0.0001,35.68,0
BottomS18175,38.0015,-12.5718,1.158e-17,1.005e-17,5.614e-18,0.0003,34.91,0
BottomS18176,37.9469,-12.6033,1.866e-13,1.258e-13,4.279e-14,0.0002,34.17,0
BottomS18177,38.0529,-12.5748,2.520e-16,6.949e-16,3.963e-15,-0.0003,36.14,1
BottomS18181,38.0070,-12.5652,1.256e-17,1.063e-17,5.690e-18,0.0001,35.28,0
BottomS18185,38.0196,-12.5528,1.699e-20,2.435e-20,3.846e-20,-0.0004,36.25,0
BottomS18187,38.0693,-12.4579,1.509e-18,1.549e-18,1.183e-18,0.0008,35.93,0
BottomS18191,38.1791,-12.4775,9.710e-18,8.388e-18,4.589e-18,0.0005,36.58,0
BottomS18192,38.1515,-12.6352,5.549e-19,6.278e-19,5.868e-19,0.0,36.14,0
BottomS18194,38.3397,-12.5480,3.546e-19,3.926e-19,3.540e-19,-0.0003,37.21,0
BottomS18197,38.1244,-12.5452,3.211e-19,3.829e-19,3.965e-19,-0.0002,36.82,0
BottomS18198,37.8713,-12.5398,2.119e-18,2.083e-18,1.423e-18,-0.0,33.52,0
BottomS18201,38.3313,-12.6411,1.123e-19,1.370e-19,1.510e-19,-0.0001,36.93,0
BottomS18202,38.1110,-12.5196,7.431e-18,6.812e-18,4.155e-18,0.0003,36.44,0
BottomS18205,37.9826,-12.5112,1.122e-19,1.410e-19,1.583e-19,0.0006,34.93,0
BottomS18208,38.2212,-12.5526,1.668e-18,1.664e-18,1.173e-18,0.0003,37.05,0
BottomS18209,38.0115,-12.5574,2.787e-20,3.912e-20,5.605e-20,-0.0004,35.68,0
BottomS18212,38.3525,-12.5857,1.712e-18,1.703e-18,1.234e-18,0.0004,37.29,0
BottomS18216,37.8976,-12.5238,1.556e-18,1.542e-18,1.115e-18,-0.0001,33.99,0
BottomS18218,38.0190,-12.5882,1.924e-20,2.975e-20,5.110e-20,-0.0003,35.45,0
BottomS18219,37.9444,-12.6369,2.768e-18,2.584e-18,1.642e-18,0.0003,34.36,0
BottomS18220,38.0949,-12.5677,1.512e-20,2.165e-20,3.297e-20,-0.0008,36.66,0
BottomS18221,37.5148,-12.6750,1.644e-12,7.692e-12,1.441e-10,-0.0002,33.19,0
BottomS18225,37.9907,-12.5672,2.298e-20,3.086e-20,4.176e-20,-0.0008,34.15,0
BottomS18226,37.8309,-12.5576,1.863e-16,5.748e-16,4.507e-15,0.0001,33.19,1
BottomS18227,37.6693,-12.5386,4.819e-18,4.457e-18,2.680e-18,-0.0003,32.98,0
BottomS18228,37.7573,-12.8248,1.328e-19,1.596e-19,1.633e-19,0.0005,34.12,0
BottomS18232,37.8742,-12.4611,1.131e-17,1.014e-17,5.772e-18,0.0004,34.25,0
BottomS18233,38.0020,-12.5721,7.268e-20,9.587e-20,1.198e-19,0.0004,34.48,0
BottomS18238,38.0189,-12.5667,2.072e-19,2.502e-19,2.670e-19,-0.0001,36.05,0
BottomS18240,38.0926,-12.4884,7.189e-18,6.186e-18,3.287e-18,0.0001,36.08,0
BottomS18242,38.0277,-12.5715,4.658e-19,5.012e-19,4.207e-19,-0.0001,36.19,0
BottomS18243,38.0048,-12.5636,8.721e-19,9.278e-19,7.518e-19,-0.0008,35.09,0
BottomS18247,38.0360,-12.5650,5.497e-20,7.458e-20,9.960e-20,0.0001,36.08,0
BottomS18250,38.1476,-12.6185,1.517e-17,2.141e-17,3.136e-17,-0.0,36.46,0
BottomS18251,38.0208,-12.4547,3.641e-20,5.289e-20,8.426e-20,0.0002,35.29,0
BottomS18254,37.9931,-12.5580,4.621e-18,4.295e-18,2.593e-18,-0.0002,34.58,0
BottomS18255,38.4733,-12.5910,6.504e-19,7.054e-19,6.062e-19,0.0007,37.32,0
BottomS18262,38.0513,-12.6567,2.574e-17,6.381e-17,2.954e-16,0.0004,35.35,1
BottomS18267,38.0082,-12.5660,9.065e-19,9.592e-19,7.502e-19,-0.0001,35.27,0
BottomS18268,37.8395,-12.5700,1.663e-18,1.718e-18,1.280e-18,0.0009,33.18,0
BottomS18270,37.9962,-12.5698,1.419e-20,2.054e-20,3.100e-20,-0.0003,34.16,1
BottomS18271,37.9774,-12.5560,5.220e-20,7.193e-20,1.033e-19,0.0002,34.12,0
BottomS18275,38.0019,-12.5699,4.668e-17,3.721e-17,1.683e-17,0.0005,34.94,0
BottomS18278,38.0151,-12.5667,2.557e-18,2.395e-18,1.524e-18,0.0002,35.78,0
BottomS18280,37.9256,-12.6239,1.034e-18,1.062e-18,8.148e-19,0.0005,34.05,0
BottomS18281,38.0453,-12.5567,1.459e-18,1.469e-18,1.074e-18,0.0001,36.24,0
BottomS18282,38.0098,-12.5646,1.872e-13,1.310e-13,4.593e-14,0.0002,35.67,0
BottomS18286,38.1817,-12.6213,7.762e-19,7.983e-19,6.010e-19,0.0003,36.6,0
BottomS18288,38.1161,-12.6659,1.555e-19,2.002e-19,2.427e-19,-0.001,35.83,0
BottomS18289,38.1859,-12.5982,5.653e-19,5.858e-19,4.677e-19,-0.0003,36.89,0
BottomS18290,38.0049,-12.5613,4.583e-18,9.210e-18,2.763e-17,-0.0005,35.16,0
BottomS18292,37.9617,-12.5689,3.727e-19,4.144e-19,3.715e-19,-0.0007,34.12,0
BottomS18293,38.0997,-12.4802,1.367e-19,1.645e-19,1.808e-19,-0.0001,36.13,0
BottomS18294,38.0644,-12.5409,1.732e-20,2.634e-20,4.369e-20,0.0004,36.33,0
BottomS18296,38.0040,-12.5592,4.986e-20,6.792e-20,8.947e-20,0.0002,35.14,0
BottomS18298,38.0055,-12.5557,2.351e-18,2.092e-18,1.244e-18,-0.0002,35.3,0
BottomS18302,37.9968,-12.5139,2.209e-17,1.992e-17,1.137e-17,0.0001,35.24,0
BottomS18305,37.9917,-12.5896,4.176e-20,6.154e-20,9.817e-20,0.0,34.74,0
BottomS18306,38.0676,-12.6105,9.281e-20,1.189e-19,1.445e-19,0.0004,36.6,0
BottomS18308,37.9972,-12.5606,9.502e-18,1.717e-17,4.355e-17,-0.0002,34.62,0
BottomS18309,37.9296,-12.5758,6.071e-18,1.143e-17,3.046e-17,-0.0001,33.69,0
BottomS18310,38.0698,-12.5745,2.013e-20,2.978e-20,4.922e-20,0.0002,36.02,0
BottomS18311,37.8678,-12.4762,1.313e-20,2.093e-20,3.860e-20,-0.0001,34.09,0
BottomS18312,37.9546,-12.5144,1.101e-18,1.083e-18,7.717e-19,-0.0005,34.51,0
BottomS18317,37.9935,-12.6113,1.785e-17,1.568e-17,8.596e-18,-0.0002,34.22,0
BottomS18318,37.9992,-12.5353,1.763e-20,2.586e-20,4.308e-20,0.0003,35.26,0
BottomS18321,38.0185,-12.6534,8.145e-18,1.273e-17,2.245e-17,0.0011,35.1,0
BottomS18323,37.9258,-12.5580,3.647e-19,4.194e-19,4.006e-19,0.0006,33.91,0
BottomS18331,37.9630,-12.6306,1.104e-17,2.254e-17,7.272e-17,-0.0006,33.43,0
BottomS18332,38.1508,-12.6334,1.128e-18,1.192e-18,9.356e-19,-0.0002,36.94,0
BottomS18333,38.1458,-12.5004,2.995e-13,2.112e-13,7.603e-14,-0.0001,36.91,0
BottomS18334,38.0005,-12.6022,7.381e-15,4.812e-15,1.509e-15,0.0011,34.75,0
BottomS18335,38.0492,-12.4966,1.282e-17,1.056e-17,5.238e-18,-0.0002,36.2,0
BottomS18336,38.0315,-12.5815,4.501e-13,3.459e-13,1.520e-13,-0.0002,35.55,1
BottomS18337,37.9771,-12.6083,1.935e-18,1.900e-18,1.363e-18,-0.0,34.02,0
BottomS18338,38.0198,-12.4273,2.943e-19,3.528e-19,3.613e-19,0.0003,35.87,0
BottomS18340,37.9914,-12.5072,1.007e-17,9.066e-18,5.084e-18,-0.0003,35.07,0
BottomS18343,38.0259,-12.5700,5.492e-18,1.104e-17,3.409e-17,-0.0004,35.65,0
BottomS18346,38.0199,-12.6252,1.205e-18,1.275e-18,1.049e-18,-0.0007,35.18,0
BottomS18347,38.0007,-12.4765,4.107e-14,2.671e-14,8.228e-15,-0.0,35.47,0
BottomS18348,37.9637,-12.6062,2.766e-19,3.151e-19,2.926e-19,-0.0001,34.17,0
BottomS18349,38.1148,-12.6290,4.421e-19,5.307e-19,5.456e-19,-0.0007,36.55,0
BottomS18350,38.0155,-12.6086,7.544e-20,9.872e-20,1.253e-19,0.0004,35.11,0
BottomS18351,38.0032,-12.6276,8.128e-18,7.542e-18,4.578e-18,0.0,34.75,0
BottomS18352,38.0630,-12.5966,1.539e-17,2.516e-17,4.896e-17,-0.0002,35.88,0
BottomS18354,38.0371,-12.5863,4.487e-20,6.330e-20,8.940e-20,0.0011,35.8,0
BottomS18355,38.0402,-12.6087,1.120e-17,1.819e-17,3.651e-17,0.0008,35.65,0
BottomS18356,38.0703,-12.5462,5.814e-18,9.727e-18,2.039e-17,-0.0005,36.46,0
BottomS18358,38.0863,-12.5854,7.500e-18,6.974e-18,4.253e-18,0.0004,36.34,0
BottomS18359,38.0797,-12.6608,2.020e-18,2.010e-18,1.432e-18,0.0013,35.56,0
BottomS18361,38.1432,-12.6262,2.158e-20,3.260e-20,5.669e-20,-0.0005,36.72,0
BottomS18364,38.1277,-12.5134,6.459e-14,4.167e-14,1.263e-14,0.0009,36.93,0
BottomS18365,38.0215,-12.5511,4.069e-18,7.328e-18,1.749e-17,-0.0008,35.49,0
BottomS18370,37.9670,-12.4844,1.007e-16,7.727e-17,3.390e-17,0.0003,34.68,1
BottomS18371,37.9637,-12.5427,1.470e-18,1.538e-18,1.175e-18,0.0001,34.09,0
BottomS18372,37.9709,-12.6175,5.533e-17,1.212e-16,4.437e-16,0.0001,34.12,1
BottomS18373,37.9850,-12.6338,7.267e-18,1.077e-17,1.787e-17,0.0012,34.21,0
BottomS18377,38.0716,-12.5278,5.473e-17,4.402e-17,2.020e-17,0.0002,36.46,0
BottomS18379,38.0913,-12.5612,3.178e-19,3.748e-19,3.854e-19,-0.0003,36.41,0
BottomS18380,37.9052,-12.5715,1.155e-17,9.678e-18,4.773e-18,-0.0001,33.54,0
BottomS18381,38.1343,-12.5278,2.409e-20,3.598e-20,5.853e-20,0.0002,36.92,0
BottomS18383,37.9190,-12.5461,5.616e-17,4.295e-17,1.812e-17,0.0009,33.73,1
BottomS18384,37.8457,-12.5448,3.410e-19,3.950e-19,3.840e-19,0.0002,33.66,0
BottomS18385,38.1317,-12.6634,6.587e-19,7.227e-19,6.265e-19,0.0014,37.17,0
BottomS18386,37.9494,-12.5383,1.192e-19,1.475e-19,1.663e-19,-0.0001,33.84,0
BottomS18387,38.1096,-12.5511,1.346e-19,1.756e-19,2.145e-19,-0.0001,36.7,0
BottomS18388,37.8827,-12.5480,2.836e-13,2.215e-13,9.702e-14,0.0005,33.64,1
BottomS18389,37.9363,-12.5462,5.514e-18,8.632e-18,1.580e-17,0.001,34.06,0
BottomS18390,37.9923,-12.6021,8.509e-18,7.700e-18,4.435e-18,-0.0002,34.84,0
BottomS18391,38.0152,-12.5624,2.083e-17,3.299e-17,6.096e-17,-0.0002,35.86,0
BottomS18397,37.9961,-12.5790,1.307e-18,1.323e-18,9.713e-19,-0.0001,34.86,0
BottomS18398,37.9261,-12.5417,2.813e-18,2.630e-18,1.664e-18,-0.0,33.61,0
BottomS18399,38.0960,-12.6382,1.020e-19,1.278e-19,1.463e-19,-0.0009,36.93,0
BottomS18400,38.0514,-12.5062,5.350e-18,8.609e-18,1.610e-17,-0.0002,36.23,0
BottomS18401,38.0131,-12.5397,7.476e-19,8.104e-19,6.935e-19,0.0013,35.39,0
BottomS18402,37.8496,-12.6373,1.579e-13,1.084e-13,3.627e-14,0.0001,33.32,0
BottomS18403,38.0431,-12.4894,3.043e-18,5.309e-18,1.221e-17,0.0003,36.9,0
BottomS18404,37.9001,-12.5082,1.064e-20,1.647e-20,2.823e-20,-0.0001,33.31,0
BottomS18406,37.9983,-12.5706,9.180e-18,8.149e-18,4.738e-18,-0.0006,34.88,0
BottomS18407,37.9309,-12.5518,2.702e-19,3.152e-19,3.141e-19,0.0003,33.91,0
BottomS18412,37.8843,-12.5240,1.239e-20,1.958e-20,3.574e-20,0.0003,34.02,0
BottomS18415,37.9191,-12.5032,4.291e-16,2.941e-16,1.040e-16,0.0005,33.82,0
BottomS18417,38.0363,-12.5140,1.099e-20,1.689e-20,2.892e-20,0.0004,35.9,0
BottomS18418,38.0425,-12.6395,8.979e-19,9.455e-19,7.708e-19,-0.0,36.09,0
BottomS18420,38.0798,-12.6369,8.497e-18,7.199e-18,3.853e-18,-0.0006,36.48,0
BottomS18421,37.9687,-12.5572,6.042e-20,7.693e-20,9.117e-20,0.0003,34.47,0
BottomS18422,38.0736,-12.5689,5.804e-17,4.451e-17,1.912e-17,-0.0004,36.52,0
BottomS18423,38.0206,-12.5153,4.104e-19,4.741e-19,4.613e-19,0.0003,35.71,0
BottomS18425,37.9425,-12.5649,2.800e-18,5.487e-18,1.563e-17,-0.0008,34.14,0
BottomS18426,38.0250,-12.4881,2.101e-17,1.791e-17,9.273e-18,-0.0007,36.24,0
BottomS18430,37.9533,-12.5869,2.003e-18,2.043e-18,1.561e-18,0.0005,33.81,0
BottomS18432,38.0286,-12.6344,1.081e-17,1.845e-17,4.150e-17,-0.0009,36.34,0
BottomS18433,37.8726,-12.5829,2.432e-17,1.992e-17,9.570e-18,-0.0,33.49,0
BottomS18435,37.9754,-12.4956,1.068e-17,9.627e-18,5.756e-18,0.0004,34.87,0
BottomS18436,38.1923,-12.5218,2.496e-18,2.431e-18,1.687e-18,0.0,37.2,0
BottomS18437,38.0662,-12.5934,1.485e-20,2.265e-20,3.785e-20,0.0006,36.11,0
BottomS18440,37.9742,-12.5581,1.403e-14,9.146e-15,2.868e-15,0.0001,34.4,0
BottomS18441,38.0178,-12.5675,1.186e-17,2.982e-17,1.462e-16,-0.0009,35.71,1
BottomS18442,37.9689,-12.5505,2.792e-20,4.024e-20,6.146e-20,0.0007,34.41,0
BottomS18444,37.9620,-12.5350,1.754e-19,2.045e-19,2.007e-19,-0.0006,34.37,0
BottomS18449,37.9364,-12.5338,1.038e-20,1.626e-20,2.974e-20,0.0005,34.22,0
BottomS18450,38.0319,-12.5994,1.087e-20,1.750e-20,3.333e-20,0.0013,35.37,0
BottomS18451,38.0472,-12.5968,1.493e-18,1.583e-18,1.271e-18,0.0009,35.67,0
BottomS18452,37.9610,-12.5508,3.232e-13,2.348e-13,9.276e-14,0.0005,34.31,0
BottomS18453,38.0491,-12.5985,2.647e-18,2.424e-18,1.505e-18,0.0008,35.65,0
BottomS18456,37.9820,-12.5364,1.585e-17,1.326e-17,6.634e-18,0.0006,34.91,0
BottomS18457,37.9545,-12.5442,3.275e-20,4.759e-20,7.180e-20,-0.0004,34.33,0
BottomS18459,38.0476,-12.5961,5.077e-20,7.011e-20,9.556e-20,0.0005,35.88,0
BottomS18460,37.9737,-12.5389,5.752e-19,6.630e-19,6.236e-19,-0.0004,34.63,0
BottomS18461,38.0638,-12.6118,9.264e-17,6.905e-17,2.755e-17,-0.0002,35.98,0
BottomS18467,38.0545,-12.5909,1.500e-19,1.897e-19,2.235e-19,-0.0007,35.95,0
BottomS18469,37.9466,-12.5303,2.994e-18,2.918e-18,1.991e-18,0.0011,34.37,0
BottomS18470,37.9499,-12.5413,5.584e-18,4.905e-18,2.783e-18,0.0003,34.21,0
BottomS18472,38.0404,-12.5760,4.627e-20,6.192e-20,8.066e-20,0.0001,35.79,0
BottomS18474,38.0310,-12.6046,2.278e-18,2.264e-18,1.684e-18,-0.0006,35.41,0
BottomS18478,38.0949,-12.6174,9.811e-18,8.341e-18,4.354e-18,0.0003,36.11,0
BottomS18480,38.0400,-12.5986,2.404e-20,3.430e-20,5.287e-20,0.0005,35.6,0
BottomS18482,38.0545,-12.5848,9.213e-18,1.715e-17,4.660e-17,0.0007,35.92,0
BottomS18483,37.9407,-12.5174,3.987e-18,3.604e-18,2.085e-18,0.0,34.27,0
BottomS18486,38.0428,-12.6137,5.844e-19,6.124e-19,4.704e-19,0.0014,35.53,0
BottomS18487,37.9347,-12.5385,9.755e-18,1.643e-17,3.440e-17,0.0002,33.95,0
BottomS18488,38.0623,-12.5830,3.954e-18,3.650e-18,2.215e-18,-0.0004,36.05,0
BottomS18489,37.9175,-12.5255,5.807e-19,6.270e-19,5.175e-19,0.0002,34.09,0
BottomS18492,37.9689,-12.5234,5.475e-19,5.640e-19,4.491e-19,-0.0003,34.69,0
BottomS18493,38.0726,-12.6147,1.204e-17,1.872e-17,3.290e-17,0.0006,35.83,0
BottomS18496,38.0739,-12.5914,3.129e-19,3.655e-19,3.658e-19,-0.0008,36.05,0
BottomS18497,37.9869,-12.5351,1.760e-13,1.435e-13,6.839e-14,0.0005,34.97,1
BottomS18498,38.0638,-12.5950,2.280e-17,1.914e-17,9.478e-18,-0.0009,35.99,0
BottomS18500,38.0493,-12.6057,1.403e-18,1.494e-18,1.216e-18,-0.0003,35.75,0
BottomS18501,37.9619,-12.5038,6.446e-18,5.528e-18,2.992e-18,-0.0007,34.7,0
BottomS18504,38.0797,-12.6081,3.850e-17,3.129e-17,1.515e-17,-0.0,36.16,0
BottomS18506,37.9491,-12.5328,1.965e-13,1.467e-13,6.088e-14,0.0001,34.31,1
BottomS18508,38.1072,-12.6292,1.016e-17,8.419e-18,4.296e-18,0.0003,36.19,0
BottomS18509,37.9518,-12.5182,2.720e-20,3.780e-20,5.243e-20,-0.0003,34.49,0
BottomS18512,38.0588,-12.6075,4.887e-18,4.452e-18,2.654e-18,0.0003,35.8,0
BottomS18513,38.0747,-12.6024,5.618e-18,5.077e-18,2.959e-18,0.0004,35.97,0
BottomS18514,38.0466,-12.5954,3.798e-13,3.161e-13,1.553e-13,-0.0001,35.6,1
BottomS18515,37.9455,-12.5527,1.769e-18,1.851e-18,1.435e-18,0.0001,34.08,0
BottomS18516,38.1139,-12.6226,2.647e-19,3.144e-19,3.122e-19,-0.0006,36.28,0
BottomS18517,37.9652,-12.5401,4.196e-19,4.645e-19,4.272e-19,0.0012,34.52,0
BottomS18518,38.0780,-12.6118,2.246e-19,2.654e-19,2.639e-19,-0.001,35.97,0
BottomS18520,37.8969,-12.5236,4.701e-18,7.622e-18,1.489e-17,0.001,33.93,0
BottomS18521,38.0962,-12.6267,9.206e-18,7.941e-18,4.399e-18,-0.0002,36.1,0
BottomS18523,38.0968,-12.6159,3.955e-17,3.090e-17,1.425e-17,0.0006,36.08,0
BottomS18525,37.9825,-12.5062,5.129e-18,1.107e-17,3.854e-17,-0.0002,34.88,0
BottomS18527,38.0845,-12.6147,1.181e-17,2.230e-17,6.059e-17,-0.0004,36.1,0
BottomS18528,38.0547,-12.5954,1.724e-20,2.527e-20,4.099e-20,0.0003,35.81,0
BottomS18530,38.0694,-12.6285,5.800e-18,8.768e-18,1.509e-17,-0.0004,35.67,0
BottomS18531,37.9581,-12.5052,1.429e-17,2.027e-17,3.033e-17,0.0004,34.66,0
BottomS18532,37.9467,-12.5269,2.759e-19,3.151e-19,3.003e-19,-0.0002,34.33,0
BottomS18533,37.9018,-12.5040,2.964e-18,2.957e-18,2.172e-18,-0.0008,34.2,0
BottomS18534,37.9415,-12.5181,1.160e-17,1.915e-17,3.788e-17,0.0011,34.37,0
BottomS18536,37.9592,-12.5279,5.107e-18,4.933e-18,3.209e-18,0.0004,34.54,0
BottomS18537,38.0804,-12.6217,7.171e-18,6.489e-18,3.894e-18,0.0001,35.84,0
BottomS18540,38.0882,-12.6121,7.574e-19,7.714e-19,5.882e-19,0.0002,36.0,0
BottomS18541,38.0699,-12.6241,1.902e-18,1.837e-18,1.280e-18,0.0002,35.8,0
BottomS18544,37.9137,-12.5175,1.052e-18,1.067e-18,8.020e-19,0.0004,34.17,0
BottomS18547,37.9358,-12.4874,9.465e-17,7.126e-17,2.907e-17,-0.0002,34.47,1
BottomS18549,37.9217,-12.5276,1.379e-20,2.056e-20,3.452e-20,0.0,34.0,0
BottomS18550,38.0629,-12.5936,2.412e-13,1.731e-13,6.581e-14,0.0013,35.88,0
BottomS18551,38.0964,-12.6244,1.111e-20,1.760e-20,3.292e-20,-0.0003,35.99,0
BottomS18555,38.1204,-12.6146,2.310e-20,3.298e-20,4.954e-20,-0.0007,36.45,0
BottomS18561,37.9010,-12.5099,7.639e-19,7.616e-19,5.703e-19,0.0,34.15,0
BottomS18562,37.9392,-12.5186,4.109e-19,4.550e-19,3.979e-19,-0.0004,34.46,0
BottomS18563,37.9494,-12.5029,7.937e-18,6.729e-18,3.610e-18,0.0009,34.55,0
BottomS18565,38.1102,-12.6111,2.975e-20,4.058e-20,5.609e-20,-0.0004,36.32,0
BottomS18566,37.9368,-12.5051,3.836e-20,5.376e-20,7.659e-20,-0.0004,34.43,0
BottomS18568,38.0479,-12.6033,2.391e-18,2.422e-18,1.781e-18,0.0014,35.61,0
BottomS18570,37.8980,-12.4919,2.894e-20,4.008e-20,5.711e-20,0.0007,34.19,0
BottomS18572,38.0961,-12.6335,8.847e-18,1.230e-17,1.784e-17,0.0009,35.94,0
BottomS18574,37.9144,-12.5051,1.657e-20,2.665e-20,5.074e-20,0.001,34.38,0
BottomS18575,37.9134,-12.5260,5.845e-18,9.059e-18,1.640e-17,0.0002,34.06,0
BottomS18576,38.0786,-12.6298,4.974e-18,5.034e-18,3.718e-18,0.0004,35.83,0
BottomS18577,38.0788,-12.6565,3.764e-13,2.807e-13,1.129e-13,0.0002,35.61,0
BottomS18580,38.1207,-12.6429,2.526e-19,2.947e-19,2.965e-19,-0.0,36.09,0
BottomS18583,37.9290,-12.5068,7.984e-18,7.082e-18,3.942e-18,-0.0,34.5,0
BottomS18584,37.9087,-12.4854,4.600e-20,6.458e-20,9.353e-20,0.0007,34.45,0
BottomS18585,37.8850,-12.5052,2.773e-18,2.648e-18,1.775e-18,0.0005,34.02,0
BottomS18586,37.9266,-12.5158,7.861e-20,1.005e-19,1.252e-19,-0.0001,34.12,0
BottomS18587,38.0873,-12.6264,1.501e-19,1.821e-19,1.915e-19,0.0003,35.85,0
BottomS18588,37.9266,-12.5240,4.729e-18,4.427e-18,2.709e-18,-0.0004,34.27,0
BottomS18590,37.9217,-12.4806,2.129e-18,2.161e-18,1.590e-18,0.0006,34.44,0
BottomS18591,37.9074,-12.4895,3.209e-20,4.448e-20,6.178e-20,-0.0007,34.31,0
BottomS18592,37.8926,-12.4618,9.320e-19,1.033e-18,9.387e-19,0.0003,34.29,0
BottomS18593,37.9118,-12.4980,5.613e-20,7.173e-20,8.564e-20,-0.0006,34.19,0
BottomS18595,38.0661,-12.6283,1.732e-17,1.382e-17,6.654e-18,0.0005,35.69,0
BottomS18597,37.9477,-12.4909,2.235e-19,2.850e-19,3.433e-19,0.0,34.7,0
BottomS18598,37.9076,-12.4982,2.997e-19,3.504e-19,3.533e-19,0.0004,34.2,0
BottomS18599,37.9352,-12.5055,4.088e-18,6.499e-18,1.228e-17,0.0001,34.37,0
BottomS18601,37.9235,-12.4897,1.541e-18,1.579e-18,1.196e-18,0.0009,34.49,0
BottomS18603,38.1030,-12.6295,1.108e-20,1.828e-20,3.656e-20,-0.0006,36.15,0
BottomS18604,38.1266,-12.6482,6.379e-19,6.853e-19,5.747e-19,0.0,36.09,0
BottomS18606,38.1385,-12.6270,4.904e-20,6.817e-20,9.694e-20,-0.0003,36.36,0
BottomS18607,38.1126,-12.6479,3.662e-18,3.493e-18,2.227e-18,-0.0002,35.87,0
BottomS18608,37.8872,-12.4697,2.090e-13,1.451e-13,5.065e-14,-0.0002,34.31,0
BottomS18609,38.1137,-12.6472,2.881e-20,4.099e-20,6.259e-20,-0.0004,36.0,0
BottomS18610,38.0983,-12.6283,3.904e-19,4.507e-19,4.261e-19,-0.0012,35.92,0
BottomS18611,37.9008,-12.4926,6.769e-19,7.878e-19,7.564e-19,-0.0002,34.27,0
BottomS18614,37.8829,-12.4848,4.056e-19,4.482e-19,3.936e-19,-0.0006,34.19,0
BottomS18617,37.8928,-12.4690,1.619e-17,1.395e-17,7.514e-18,-0.0001,34.38,0
BottomS18620,37.9014,-12.4891,5.007e-17,3.900e-17,1.708e-17,-0.0004,34.31,1
BottomS18621,38.1381,-12.6527,1.361e-17,1.107e-17,5.282e-18,0.0002,36.22,0
BottomS18624,37.8710,-12.4839,1.769e-19,2.180e-19,2.423e-19,0.0,34.12,0
BottomS18625,37.8754,-12.4923,2.281e-18,2.233e-18,1.483e-18,0.0006,34.05,0
BottomS18627,37.8995,-12.4696,2.876e-18,2.835e-18,1.911e-18,-0.0004,34.44,0
BottomS18630,38.1259,-12.6376,4.228e-14,2.817e-14,8.978e-15,0.0006,36.24,0
BottomS18631,37.8829,-12.4726,9.192e-19,9.572e-19,7.275e-19,-0.0012,34.26,0
BottomS18634,37.9123,-12.4812,2.800e-20,3.929e-20,5.568e-20,0.0003,34.45,0
BottomS18636,38.0856,-12.6418,1.953e-19,2.348e-19,2.511e-19,-0.0001,35.67,0
BottomS18637,37.8735,-12.4887,1.712e-20,2.732e-20,5.082e-20,-0.0006,34.2,0
BottomS18638,37.9169,-12.4753,5.932e-18,1.132e-17,3.187e-17,0.0003,34.57,0
BottomS18640,37.8929,-12.4802,1.114e-18,1.185e-18,1.005e-18,0.0,34.4,0
BottomS18642,37.9257,-12.4741,9.162e-19,9.872e-19,8.216e-19,0.0001,34.48,0
BottomS18645,37.9145,-12.4718,2.285e-18,4.032e-18,9.161e-18,0.0004,34.56,0
BottomS18646,38.1419,-12.6787,4.318e-14,4.167e-14,2.911e-14,0.0005,35.94,0
BottomS18649,38.1252,-12.6534,1.054e-18,1.080e-18,7.999e-19,0.0001,35.92,0
BottomS18650,38.0937,-12.6389,3.645e-20,4.980e-20,6.924e-20,-0.0003,35.89,0
BottomS18652,37.8888,-12.4744,3.073e-18,5.021e-18,1.010e-17,0.0002,34.32,0
BottomS18653,37.8643,-12.4840,9.072e-19,9.852e-19,8.200e-19,0.0,33.96,0
BottomS18654,37.8674,-12.4652,5.837e-19,6.570e-19,6.181e-19,-0.0,34.29,0
BottomS18658,38.1633,-12.6645,9.885e-18,9.338e-18,5.798e-18,-0.0001,36.18,0
BottomS18659,37.8902,-12.4595,2.583e-20,3.638e-20,5.311e-20,0.0005,34.39,0
BottomS18662,38.1241,-12.6453,2.314e-19,2.756e-19,2.895e-19,-0.0001,36.02,0
BottomS18665,37.8485,-12.4655,3.125e-18,2.853e-18,1.760e-18,-0.0,34.04,0
BottomS18666,38.1569,-12.6638,3.028e-13,2.161e-13,7.710e-14,-0.0002,36.07,0
BottomS18667,38.1487,-12.6592,3.884e-17,3.169e-17,1.533e-17,-0.0008,36.01,0
BottomS18668,38.1419,-12.6595,1.810e-17,1.525e-17,7.821e-18,0.0004,35.96,0
BottomS18669,37.8673,-12.4682,4.116e-16,3.015e-16,1.130e-16,-0.0001,34.32,0
BottomS18670,38.1397,-12.6638,1.112e-16,8.827e-17,3.987e-17,0.0002,35.92,1
BottomS18671,37.8773,-12.4694,1.545e-16,1.167e-16,4.777e-17,0.0007,34.42,1
BottomS18672,37.8822,-12.4737,1.077e-16,8.247e-17,3.416e-17,0.0008,34.36,1
BottomS18673,37.8841,-12.4648,6.779e-20,8.954e-20,1.094e-19,-0.0002,34.33,0
BottomS18675,37.8795,-12.4506,1.903e-18,4.409e-18,1.831e-17,0.0006,34.46,0
BottomS18676,38.1193,-12.6690,9.418e-16,6.548e-16,2.338e-16,0.0001,35.79,0
BottomS18677,37.9039,-12.4587,1.165e-16,9.057e-17,3.803e-17,-0.0002,34.47,1
BottomS18679,37.8945,-12.4488,1.953e-13,1.360e-13,4.643e-14,-0.0001,34.55,0
BottomS18680,37.9165,-12.4551,7.087e-18,6.558e-18,3.905e-18,0.0,34.59,0
BottomS18681,37.9120,-12.4478,3.639e-17,2.810e-17,1.206e-17,0.0,34.62,0
BottomS18682,38.1051,-12.6857,3.074e-20,4.475e-20,7.123e-20,0.0005,35.54,0
BottomS18683,38.0916,-12.6837,6.182e-16,4.376e-16,1.578e-16,-0.0002,35.46,0
BottomS18684,37.9168,-12.4372,4.561e-19,5.201e-19,4.875e-19,0.0007,34.71,0
BottomS18685,38.0793,-12.6816,1.346e-18,1.397e-18,1.078e-18,-0.001,35.46,0
BottomS18686,37.9404,-12.4478,1.064e-17,9.212e-18,5.021e-18,-0.0,34.96,0
BottomS18687,38.0646,-12.6795,2.040e-17,1.665e-17,7.845e-18,0.0005,35.4,0
BottomS18688,37.9525,-12.4495,3.173e-17,2.603e-17,1.256e-17,0.0002,34.87,0
BottomS18689,38.0594,-12.6813,6.886e-17,5.253e-17,2.154e-17,0.0,35.34,1
BottomS18690,38.0478,-12.6829,1.909e-17,1.642e-17,8.407e-18,-0.0005,35.28,0
BottomS18691,37.9730,-12.4484,6.318e-17,4.951e-17,2.147e-17,0.001,35.07,1
BottomS18692,38.0311,-12.6902,1.294e-16,9.989e-17,4.424e-17,-0.0005,35.2,1
BottomS18693,37.9943,-12.4523,8.906e-17,7.215e-17,3.360e-17,0.001,35.13,0
BottomS18694,37.9847,-12.4417,8.699e-18,1.598e-17,4.063e-17,0.0011,35.28,0
BottomS18695,37.9835,-12.4385,1.947e-15,1.336e-15,4.520e-16,-0.0006,35.14,0
BottomS18696,38.0213,-12.6909,7.847e-16,5.485e-16,1.978e-16,0.0006,35.0,0
BottomS18697,38.0084,-12.4452,2.981e-18,5.575e-18,1.486e-17,0.0001,35.27,0
BottomS18698,37.9995,-12.6914,4.732e-17,3.684e-17,1.590e-17,0.0002,34.9,1
BottomS18699,38.0220,-12.4365,2.368e-17,1.904e-17,9.149e-18,0.0002,35.47,0
BottomS18700,37.9866,-12.6834,3.371e-16,2.449e-16,9.748e-17,-0.0,34.75,0
BottomS18701,38.0357,-12.4344,1.018e-17,9.140e-18,5.342e-18,-0.0006,35.59,0
BottomS18702,37.9639,-12.6930,5.412e-16,3.850e-16,1.384e-16,0.0,34.64,0
BottomS18703,37.9645,-12.6846,1.887e-17,1.597e-17,8.315e-18,0.001,34.56,0
BottomS18704,37.9534,-12.6936,5.733e-17,4.378e-17,1.850e-17,0.0007,34.53,1
BottomS18705,37.9305,-12.6914,1.298e-17,2.477e-17,7.195e-17,0.0001,34.38,0
BottomS18706,38.0926,-12.4317,9.559e-18,8.396e-18,4.599e-18,0.0004,35.83,0
BottomS18707,37.9156,-12.6905,5.841e-18,5.291e-18,3.173e-18,0.0009,34.47,0
BottomS18708,38.0867,-12.4415,9.331e-16,6.376e-16,2.271e-16,0.0002,35.84,0
BottomS18710,38.1201,-12.4406,4.877e-16,3.497e-16,1.256e-16,-0.0005,36.03,0
BottomS18711,38.1243,-12.4422,1.065e-17,9.964e-18,6.097e-18,0.0005,36.04,0
BottomS18712,37.8678,-12.6928,9.134e-17,7.015e-17,3.051e-17,0.0006,34.04,1
BottomS18713,38.1348,-12.4391,4.095e-17,3.272e-17,1.520e-17,0.0,36.03,0
BottomS18714,38.1486,-12.4404,3.245e-16,2.407e-16,9.479e-17,-0.0002,36.16,0
BottomS18715,37.8531,-12.6863,7.227e-18,6.628e-18,4.222e-18,0.0004,34.06,0
BottomS18716,38.1579,-12.4471,8.216e-20,1.032e-19,1.190e-19,-0.0007,36.4,0
BottomS18717,38.1832,-12.4465,1.456e-16,1.121e-16,4.826e-17,-0.0001,36.36,1
BottomS18718,38.1835,-12.4478,4.540e-20,6.224e-20,8.690e-20,-0.0002,36.39,0
BottomS18720,38.2013,-12.4522,4.184e-13,3.521e-13,1.821e-13,0.0001,36.45,1
BottomS18721,37.8245,-12.6768,5.000e-18,4.590e-18,2.780e-18,0.0001,33.8,0
BottomS18722,37.8060,-12.6705,8.374e-17,6.547e-17,2.923e-17,-0.0008,33.73,1
BottomS18723,37.8036,-12.6656,4.844e-16,3.430e-16,1.206e-16,0.0,33.67,0
BottomS18724,37.7770,-12.6642,2.439e-16,1.769e-16,6.772e-17,0.0009,33.63,0
BottomS18725,38.2536,-12.4569,2.234e-16,1.667e-16,6.843e-17,-0.0005,36.79,0
BottomS18726,38.2486,-12.4706,8.348e-18,7.113e-18,3.874e-18,0.0003,36.72,0
BottomS18727,37.7430,-12.6612,3.028e-17,2.469e-17,1.202e-17,0.0007,33.31,0
BottomS18728,37.7305,-12.6639,7.547e-17,5.717e-17,2.427e-17,0.0001,33.49,1
BottomS18729,38.2886,-12.4768,4.165e-16,2.970e-16,1.078e-16,0.0004,36.97,0
BottomS18730,38.2857,-12.4754,1.264e-17,1.130e-17,6.593e-18,-0.0006,36.93,0
BottomS18731,37.7206,-12.6437,2.010e-17,1.760e-17,9.651e-18,-0.0001,33.26,0
BottomS18732,37.7084,-12.6405,1.095e-17,9.799e-18,5.643e-18,0.0001,33.3,0
BottomS18733,38.3166,-12.4855,4.838e-16,3.397e-16,1.254e-16,0.0009,37.03,0
BottomS18734,37.6940,-12.6353,3.539e-17,2.923e-17,1.397e-17,0.0001,33.13,0
BottomS18735,38.3251,-12.5000,2.094e-16,1.498e-16,5.663e-17,-0.0005,37.13,0
BottomS18736,38.3455,-12.5019,2.201e-16,1.615e-16,6.194e-17,0.0004,37.17,0
BottomS18737,37.6310,-12.6274,3.172e-16,2.258e-16,8.431e-17,-0.0005,33.12,0
BottomS18738,38.3792,-12.5057,2.666e-17,4.174e-17,7.629e-17,-0.0008,37.24,0
BottomS18739,38.3771,-12.5116,4.288e-13,3.203e-13,1.293e-13,0.0004,37.19,0
BottomS18740,37.6560,-12.6037,2.785e-16,2.041e-16,7.842e-17,-0.0007,32.92,0
BottomS18741,37.6264,-12.6051,5.860e-17,4.644e-17,2.149e-17,-0.0005,33.07,0
BottomS18742,38.3734,-12.5376,2.565e-16,1.882e-16,7.293e-17,0.0001,37.27,0
BottomS18743,37.6218,-12.5878,1.645e-17,2.368e-17,3.634e-17,-0.0005,32.9,0
BottomS18744,37.6283,-12.5818,1.301e-17,1.841e-17,2.664e-17,0.0004,32.91,0
BottomS18745,37.6079,-12.5736,6.165e-18,5.396e-18,2.964e-18,0.0001,33.01,0
BottomS18746,37.6106,-12.5772,3.971e-17,3.312e-17,1.659e-17,0.0,32.99,0
BottomS18747,37.5752,-12.5703,4.025e-14,2.656e-14,8.710e-15,0.0004,32.97,0
BottomS18748,37.5962,-12.5611,2.685e-20,4.037e-20,6.591e-20,-0.0002,32.83,0
BottomS18749,37.5930,-12.5539,6.050e-17,4.656e-17,1.946e-17,0.0001,32.94,1
BottomS18750,38.4177,-12.5821,1.840e-16,1.362e-16,5.531e-17,0.0008,37.32,0
BottomS18751,38.4194,-12.5960,3.542e-17,3.011e-17,1.510e-17,0.0001,37.34,0
BottomS18752,37.5987,-12.5375,1.804e-16,1.340e-16,5.383e-17,0.0005,32.95,0
BottomS18753,38.4094,-12.6012,4.265e-18,1.020e-17,4.701e-17,-0.0008,37.18,0
BottomS18754,38.4127,-12.6114,6.698e-17,5.496e-17,2.645e-17,-0.0007,37.24,0
BottomS18755,37.6202,-12.5137,3.077e-18,5.769e-18,1.498e-17,0.0009,33.02,0
BottomS18756,38.4375,-12.6235,6.705e-16,4.685e-16,1.616e-16,0.0003,37.23,0
BottomS18757,38.4040,-12.6312,1.290e-17,1.103e-17,5.703e-18,0.0009,37.19,0
BottomS18758,37.6027,-12.4939,2.198e-16,1.620e-16,6.454e-17,-0.0003,33.16,0
BottomS18759,38.3931,-12.6425,1.052e-17,8.850e-18,4.621e-18,-0.0003,36.96,0
BottomS18760,37.6100,-12.4860,1.816e-13,1.858e-13,1.406e-13,-0.0005,33.02,1
BottomS18761,38.3995,-12.6629,1.714e-15,1.173e-15,4.143e-16,0.0004,36.98,0
BottomS18762,38.3986,-12.6642,3.031e-13,2.152e-13,8.073e-14,0.0004,36.89,0
BottomS18763,37.6458,-12.4643,1.621e-18,1.663e-18,1.212e-18,-0.0011,33.42,0
BottomS18764,37.6502,-12.4447,4.605e-17,3.662e-17,1.633e-17,0.0001,33.46,1
BottomS18765,38.3518,-12.6863,9.617e-18,8.775e-18,5.306e-18,0.0,36.78,0
BottomS18766,37.6743,-12.4422,3.979e-18,6.102e-18,1.093e-17,-0.0004,33.59,0
BottomS18767,38.3349,-12.6960,3.741e-16,2.607e-16,9.026e-17,0.0003,36.7,0
BottomS18768,38.3097,-12.7018,2.009e-15,1.348e-15,4.467e-16,-0.0002,36.55,0
BottomS18769,38.3062,-12.7139,5.421e-14,7.212e-14,9.647e-14,0.0,36.46,0
BottomS18770,37.7065,-12.4041,1.061e-16,8.535e-17,3.893e-17,-0.0004,33.96,0
BottomS18771,38.2682,-12.7214,1.318e-17,1.152e-17,6.457e-18,0.0006,36.14,0
BottomS18772,38.2585,-12.7295,8.367e-16,5.896e-16,2.065e-16,0.0005,36.09,0
BottomS18773,38.2395,-12.7331,8.911e-17,6.995e-17,3.149e-17,0.0009,35.93,1
BottomS18774,37.7858,-12.3873,1.331e-20,1.995e-20,3.362e-20,0.0005,34.25,0
BottomS18775,37.8091,-12.3820,3.954e-20,5.851e-20,9.383e-20,-0.0001,34.29,0
BottomS18776,37.8312,-12.3740,4.822e-17,3.815e-17,1.675e-17,-0.0001,34.54,1
BottomS18777,37.8442,-12.3692,2.008e-16,1.524e-16,6.183e-17,-0.0007,34.58,0
BottomS18778,37.8724,-12.3641,2.179e-19,2.624e-19,2.713e-19,-0.0002,34.71,0
BottomS18779,38.1129,-12.7702,8.092e-16,5.754e-16,2.030e-16,0.0004,35.31,0
BottomS18780,37.9307,-12.3726,5.666e-17,4.441e-17,2.058e-17,0.0003,34.88,1
BottomS18781,38.0680,-12.7596,5.619e-15,3.711e-15,1.146e-15,0.0005,35.17,0
BottomS18782,38.0346,-12.7705,3.297e-17,2.633e-17,1.182e-17,-0.0008,35.0,0
BottomS18783,37.9989,-12.7648,1.480e-17,1.311e-17,7.161e-18,-0.0003,34.83,0
BottomS18784,37.9629,-12.7628,4.539e-17,3.424e-17,1.428e-17,0.0002,34.79,0
BottomS18785,38.0562,-12.3655,1.256e-17,1.112e-17,6.000e-18,-0.0001,35.57,0
BottomS18786,38.1113,-12.3649,5.913e-17,4.623e-17,2.065e-17,0.0002,35.82,1
BottomS18787,38.1606,-12.3675,9.609e-18,2.014e-17,6.561e-17,0.0001,36.13,0
BottomS18788,37.8760,-12.7542,4.834e-20,6.611e-20,9.357e-20,0.0006,34.4,0
BottomS18789,37.8395,-12.7552,1.925e-15,1.316e-15,4.503e-16,0.0004,34.16,0
BottomS18790,37.7691,-12.7506,8.577e-18,1.410e-17,2.917e-17,-0.0006,33.88,0
BottomS18791,38.2210,-12.3899,3.455e-17,2.949e-17,1.597e-17,-0.0008,36.39,0
BottomS18792,37.7305,-12.7466,8.699e-17,6.698e-17,2.978e-17,-0.0004,33.72,1
BottomS18793,38.2850,-12.4088,4.969e-16,3.463e-16,1.218e-16,-0.0004,36.58,0
BottomS18794,38.3463,-12.4001,3.883e-19,4.524e-19,4.429e-19,0.0007,36.69,0
BottomS18795,38.3474,-12.4156,8.583e-16,6.009e-16,2.184e-16,0.0015,36.66,0
BottomS18796,37.6551,-12.6947,3.507e-13,2.652e-13,1.078e-13,0.001,33.44,0
BottomS18797,38.4032,-12.4392,1.678e-16,1.285e-16,5.294e-17,-0.0006,37.0,1
BottomS18798,37.6264,-12.6779,3.954e-16,2.885e-16,1.116e-16,0.0006,33.26,0
BottomS18799,38.4814,-12.4489,3.202e-18,2.913e-18,1.751e-18,0.0005,36.98,0
BottomS18800,37.5896,-12.6562,5.900e-18,5.256e-18,3.010e-18,0.0005,33.21,0
BottomS18801,37.9046,-12.4680,6.508e-17,5.420e-17,2.606e-17,-0.0001,34.52,0
BottomS18802,38.1039,-12.6680,2.121e-14,1.378e-14,4.324e-15,0.0009,35.67,0
BottomS18804,38.1139,-12.6658,2.350e-19,2.746e-19,2.704e-19,0.0002,35.63,0
BottomS18805,38.1068,-12.6792,4.308e-18,4.025e-18,2.541e-18,-0.0002,35.63,0
BottomS18806,38.0894,-12.6618,1.961e-17,1.671e-17,8.556e-18,-0.0003,35.54,0
BottomS18807,37.9164,-12.4631,7.177e-19,8.209e-19,7.674e-19,0.0001,34.5,0
BottomS18808,37.9250,-12.4600,1.379e-19,1.768e-19,2.058e-19,-0.0003,34.66,0
BottomS18809,37.9178,-12.4666,4.825e-17,3.974e-17,1.959e-17,-0.0001,34.65,0
BottomS18810,38.0884,-12.6685,6.410e-18,5.629e-18,3.166e-18,-0.0002,35.56,0
BottomS18811,38.0765,-12.6724,1.541e-17,1.338e-17,7.010e-18,0.0,35.51,0
BottomS18812,38.0669,-12.6729,2.641e-17,5.878e-17,2.242e-16,-0.0003,35.47,1
BottomS18813,37.9312,-12.4487,2.577e-19,3.036e-19,3.133e-19,0.0006,34.74,0
BottomS18815,37.9548,-12.4594,1.080e-17,2.691e-17,1.264e-16,-0.0002,34.93,1
BottomS18817,38.0591,-12.6867,6.782e-19,7.419e-19,6.099e-19,0.0012,35.23,0
BottomS18818,37.9660,-12.4647,3.653e-20,4.977e-20,6.785e-20,-0.0003,34.99,0
BottomS18819,38.0609,-12.6850,1.764e-19,2.184e-19,2.466e-19,0.0003,35.32,0
BottomS18821,38.0359,-12.6850,1.118e-17,1.870e-17,3.964e-17,-0.0001,35.08,0
BottomS18822,38.0430,-12.6798,3.919e-20,5.669e-20,8.481e-20,-0.0002,35.13,0
BottomS18823,38.0519,-12.6895,2.595e-17,2.168e-17,1.066e-17,-0.0002,35.36,0
BottomS18824,37.9928,-12.4517,1.612e-20,2.352e-20,3.846e-20,-0.0004,35.21,0
BottomS18825,38.0310,-12.6816,6.176e-18,1.022e-17,2.082e-17,-0.0002,35.09,0
BottomS18828,38.0128,-12.6844,8.269e-20,1.012e-19,1.123e-19,0.0004,34.94,0
BottomS18830,38.0187,-12.6799,4.095e-18,3.791e-18,2.305e-18,-0.0008,35.15,0
BottomS18831,38.0247,-12.6837,1.299e-17,2.574e-17,7.757e-17,-0.0003,35.24,0
BottomS18832,38.0008,-12.4395,1.782e-13,1.283e-13,4.818e-14,0.0003,35.22,0
BottomS18833,38.0041,-12.4291,8.503e-17,6.389e-17,2.590e-17,0.0005,35.34,1
BottomS18834,37.9792,-12.6833,1.402e-16,1.059e-16,4.406e-17,0.0001,34.63,1
BottomS18835,38.0413,-12.4281,1.346e-18,1.399e-18,1.090e-18,-0.0008,35.5,0
BottomS18836,37.9716,-12.6864,3.980e-18,3.563e-18,2.012e-18,-0.0009,34.61,0
BottomS18838,37.9717,-12.6888,5.670e-17,4.351e-17,1.904e-17,0.0004,34.8,1
BottomS18842,38.0464,-12.4322,6.498e-18,5.821e-18,3.360e-18,0.0004,35.65,0
BottomS18844,38.0641,-12.4382,3.504e-13,2.643e-13,1.097e-13,0.0003,35.67,1
BottomS18845,37.9489,-12.6862,5.792e-20,7.355e-20,8.632e-20,-0.0001,34.59,0
BottomS18846,37.9204,-12.6832,2.010e-18,2.724e-18,3.548e-18,-0.0005,34.4,0
BottomS18848,37.9230,-12.6891,8.752e-19,9.229e-19,7.509e-19,0.0001,34.35,0
BottomS18850,38.1255,-12.4476,2.515e-17,2.087e-17,1.051e-17,0.0004,36.08,0
BottomS18851,38.1087,-12.4602,5.933e-18,5.379e-18,3.225e-18,-0.0001,35.97,0
BottomS18852,37.8659,-12.6815,1.545e-18,1.463e-18,9.383e-19,-0.0011,34.1,0
BottomS18853,38.1375,-12.4455,4.860e-17,3.965e-17,1.854e-17,0.0007,36.11,0
BottomS18856,37.8819,-12.6715,1.321e-17,2.456e-17,6.385e-17,0.0006,34.07,0
BottomS18857,37.8845,-12.6668,1.368e-18,1.431e-18,1.136e-18,0.0008,34.02,0
BottomS18858,38.1473,-12.4387,5.640e-19,6.188e-19,5.528e-19,0.0006,36.24,0
BottomS18859,37.8557,-12.6763,3.360e-17,2.853e-17,1.444e-17,-0.0004,33.97,0
BottomS18860,37.8514,-12.6671,2.074e-18,2.068e-18,1.443e-18,0.0001,33.94,0
BottomS18861,38.1552,-12.4453,2.662e-13,1.898e-13,7.148e-14,0.0001,36.27,0
BottomS18862,38.1547,-12.4536,8.871e-18,1.617e-17,3.966e-17,0.0005,36.2,0
BottomS18863,38.1807,-12.4440,1.141e-17,9.950e-18,5.331e-18,-0.0003,36.41,0
BottomS18864,37.7879,-12.6891,1.918e-17,1.558e-17,7.280e-18,-0.0002,33.76,0
BottomS18866,38.1955,-12.4591,1.279e-17,2.421e-17,6.836e-17,-0.0001,36.51,0
BottomS18867,37.8407,-12.6646,3.195e-18,2.942e-18,1.818e-18,-0.0004,33.89,0
BottomS18868,37.7813,-12.6780,2.548e-19,3.036e-19,3.200e-19,-0.0003,33.71,0
BottomS18869,37.8084,-12.6632,3.190e-20,4.568e-20,6.839e-20,0.0012,33.72,0
BottomS18870,37.8240,-12.6552,7.289e-18,7.023e-18,4.683e-18,0.0002,33.68,0
BottomS18872,38.2557,-12.4624,2.582e-17,2.229e-17,1.152e-17,-0.0001,36.67,0
BottomS18873,38.2234,-12.4667,3.460e-18,3.319e-18,2.242e-18,0.0,36.56,0
BottomS18874,37.7511,-12.6611,1.056e-18,1.106e-18,8.822e-19,0.0008,33.49,0
BottomS18876,37.7263,-12.6579,8.225e-16,5.866e-16,2.253e-16,-0.0,33.47,0
BottomS18877,38.1960,-12.4983,4.953e-16,3.544e-16,1.289e-16,-0.0004,36.7,0
BottomS18878,38.2687,-12.4785,3.353e-18,3.036e-18,1.791e-18,-0.0002,36.88,0
BottomS18879,37.7481,-12.6495,3.605e-17,3.139e-17,1.673e-17,-0.0006,33.31,0
BottomS18880,37.7557,-12.6413,7.653e-18,6.569e-18,3.624e-18,0.0005,33.38,0
BottomS18881,38.2928,-12.4922,2.179e-16,1.622e-16,6.512e-17,-0.0003,36.97,0
BottomS18882,37.7063,-12.6570,1.911e-17,1.682e-17,9.396e-18,0.0001,33.36,0
BottomS18883,38.2489,-12.4996,9.294e-18,1.762e-17,4.661e-17,0.0003,36.92,0
BottomS18884,37.7224,-12.6287,2.175e-19,2.735e-19,3.046e-19,0.0007,33.34,0
BottomS18885,37.7386,-12.6303,2.525e-18,2.652e-18,2.131e-18,-0.0002,33.31,0
BottomS18886,37.6345,-12.6339,3.205e-18,5.370e-18,1.113e-17,0.0003,33.13,0
BottomS18887,37.7059,-12.6300,2.488e-17,1.957e-17,9.174e-18,0.0005,33.13,0
BottomS18888,38.3473,-12.5100,1.105e-20,1.834e-20,3.759e-20,-0.0004,37.13,0
BottomS18889,38.3414,-12.4995,4.281e-19,4.714e-19,4.147e-19,0.0001,37.14,0
BottomS18890,38.3389,-12.5117,7.548e-18,1.483e-17,4.398e-17,0.0008,37.16,0
BottomS18891,38.3652,-12.5163,7.484e-19,7.995e-19,6.654e-19,0.0002,37.3,0
BottomS18897,38.4094,-12.5320,4.683e-20,6.431e-20,9.000e-20,-0.0001,37.37,0
BottomS18898,37.5766,-12.6050,6.995e-18,6.109e-18,3.354e-18,0.0015,32.9,0
BottomS18899,37.6536,-12.5877,3.663e-18,5.415e-18,8.659e-18,0.0007,32.92,0
BottomS18900,38.3875,-12.5539,1.714e-13,1.180e-13,4.216e-14,-0.0,37.32,0
BottomS18901,38.3760,-12.5530,8.198e-18,1.391e-17,3.053e-17,0.0001,37.35,0
BottomS18902,38.3950,-12.5563,6.652e-18,1.237e-17,3.268e-17,0.0011,37.41,0
BottomS18903,38.4092,-12.5524,1.070e-17,9.671e-18,5.493e-18,0.0004,37.32,0
BottomS18904,37.6640,-12.5455,2.380e-19,2.803e-19,2.936e-19,0.0002,32.95,0
BottomS18905,37.6509,-12.5573,1.553e-19,1.881e-19,2.020e-19,0.0007,32.94,0
BottomS18906,37.6178,-12.5391,8.174e-18,7.696e-18,5.041e-18,0.0005,32.82,0
BottomS18907,38.3691,-12.5783,5.675e-13,2.843e-12,5.975e-11,0.0007,37.36,0
BottomS18908,38.4182,-12.5934,4.098e-18,7.574e-18,1.965e-17,0.0002,37.35,0
BottomS18909,37.6026,-12.5544,2.052e-18,2.013e-18,1.379e-18,0.0004,32.95,0
BottomS18910,37.5947,-12.5452,1.741e-16,1.281e-16,4.835e-17,0.0006,32.82,0
BottomS18911,37.6029,-12.5306,6.301e-19,6.604e-19,5.408e-19,0.0002,32.84,0
BottomS18914,38.4177,-12.6187,6.460e-18,5.514e-18,2.947e-18,-0.0002,37.16,0
BottomS18915,37.6008,-12.5332,9.698e-18,2.208e-17,8.547e-17,-0.0004,32.95,0
BottomS18916,37.5824,-12.5085,1.033e-17,9.166e-18,5.100e-18,0.0015,33.14,0
BottomS18917,37.5882,-12.5059,4.740e-18,4.606e-18,3.124e-18,-0.0004,32.88,0
BottomS18918,38.4220,-12.6191,1.858e-17,1.555e-17,7.866e-18,-0.0006,37.22,0
BottomS18919,37.5954,-12.4999,1.858e-18,3.437e-18,9.058e-18,-0.0001,33.03,0
BottomS18920,37.5994,-12.4797,6.607e-18,1.042e-17,1.992e-17,0.0002,33.26,0
BottomS18922,37.5968,-12.4925,8.758e-17,6.803e-17,3.057e-17,-0.0003,33.18,1
BottomS18924,37.6114,-12.4676,9.572e-18,1.962e-17,6.094e-17,-0.0003,33.1,0
BottomS18925,37.6341,-12.4743,3.659e-18,3.411e-18,2.042e-18,-0.0003,33.3,0
BottomS18926,37.5877,-12.4396,2.970e-18,2.934e-18,2.098e-18,0.0,33.41,0
BottomS18927,38.3476,-12.6665,1.998e-17,1.728e-17,9.036e-18,-0.0002,36.78,0
BottomS18929,37.6431,-12.4502,2.620e-20,3.760e-20,5.628e-20,-0.0002,33.32,0
BottomS18930,38.3377,-12.6769,2.867e-18,2.737e-18,1.809e-18,0.0005,36.78,0
BottomS18931,37.6588,-12.4197,7.286e-16,5.371e-16,2.040e-16,-0.0001,33.62,0
BottomS18932,38.3158,-12.6817,7.289e-18,6.338e-18,3.376e-18,0.0,36.54,0
BottomS18934,38.3347,-12.7080,4.874e-18,4.495e-18,2.685e-18,0.0006,36.57,0
BottomS18935,37.7636,-12.4570,4.203e-20,5.933e-20,8.864e-20,-0.0001,33.75,0
BottomS18936,37.7188,-12.4074,5.043e-18,9.095e-18,2.265e-17,0.0007,33.73,0
BottomS18937,38.2859,-12.7315,1.137e-15,7.917e-16,2.900e-16,-0.0003,36.25,0
BottomS18939,38.2334,-12.7125,1.248e-18,1.252e-18,8.734e-19,0.0002,36.06,0
BottomS18940,37.7630,-12.3935,5.103e-19,6.049e-19,5.967e-19,0.0,34.02,0
BottomS18942,38.2254,-12.7461,4.623e-18,7.803e-18,1.606e-17,-0.0006,35.95,0
BottomS18943,37.8198,-12.3921,2.000e-16,1.441e-16,5.541e-17,0.0003,34.21,0
BottomS18944,37.8246,-12.3819,3.826e-19,4.473e-19,4.624e-19,0.0003,34.5,0
BottomS18946,38.1277,-12.7266,1.115e-19,1.349e-19,1.442e-19,0.0009,35.46,0
BottomS18947,37.9271,-12.4074,3.254e-19,3.859e-19,3.870e-19,0.0003,34.85,0
BottomS18948,37.8636,-12.3508,2.540e-17,6.329e-17,3.053e-16,-0.0001,34.71,1
BottomS18949,38.1314,-12.7404,6.324e-20,8.532e-20,1.090e-19,-0.001,35.66,0
BottomS18950,37.9228,-12.3642,3.198e-16,2.401e-16,9.505e-17,-0.0005,35.16,0
BottomS18951,38.1121,-12.7663,1.414e-17,1.200e-17,6.230e-18,-0.0005,35.42,0
BottomS18952,38.0555,-12.7657,7.439e-18,6.180e-18,3.158e-18,-0.0004,35.21,0
BottomS18955,38.0144,-12.3708,4.788e-18,8.852e-18,2.319e-17,-0.0004,35.43,0
BottomS18957,38.0547,-12.3741,7.250e-18,6.676e-18,4.139e-18,-0.0005,35.56,0
BottomS18958,38.0951,-12.3879,1.317e-17,1.077e-17,5.388e-18,0.0006,35.75,0
BottomS18959,38.0874,-12.3605,9.150e-18,7.808e-18,4.080e-18,-0.0005,35.73,0
BottomS18960,37.9174,-12.7387,7.208e-17,5.822e-17,2.687e-17,0.0009,34.51,0
BottomS18961,38.1132,-12.3959,7.316e-19,7.504e-19,5.951e-19,0.0005,35.81,0
BottomS18962,38.2098,-12.3581,2.097e-19,2.671e-19,3.154e-19,0.0007,36.16,0
BottomS18963,38.2293,-12.3673,6.715e-17,5.270e-17,2.280e-17,0.0008,36.23,1
BottomS18964,37.7940,-12.7308,3.264e-17,2.687e-17,1.297e-17,0.0002,34.07,0
BottomS18965,38.2305,-12.3995,9.475e-17,7.031e-17,2.805e-17,-0.0004,36.39,0
BottomS18966,38.2347,-12.4023,3.077e-19,3.295e-19,2.748e-19,0.0006,36.53,0
BottomS18967,38.2875,-12.3798,1.303e-18,1.364e-18,1.102e-18,0.0007,36.55,0
BottomS18968,37.7445,-12.7391,1.217e-15,8.442e-16,2.933e-16,-0.0004,33.82,0
BottomS18969,38.2819,-12.3957,4.332e-19,4.871e-19,4.624e-19,0.0001,36.55,0
BottomS18970,37.6025,-12.7342,3.848e-18,6.438e-18,1.330e-17,0.0,33.62,0
BottomS18972,38.4131,-12.4206,9.064e-17,6.881e-17,2.785e-17,-0.0002,37.11,0
BottomS18973,38.3563,-12.4345,5.423e-18,1.157e-17,3.890e-17,0.0003,36.68,0
BottomS18974,37.6665,-12.6728,4.201e-20,5.327e-20,6.262e-20,-0.0007,33.29,0
BottomS18975,38.3729,-12.4490,1.835e-18,3.241e-18,7.526e-18,0.0004,36.93,0
BottomS18976,37.6238,-12.6647,4.889e-19,5.702e-19,5.486e-19,0.0007,33.28,0
BottomS18977,37.5048,-12.6706,1.194e-18,1.270e-18,1.063e-18,0.0004,33.14,0
BottomS18978,37.5766,-12.6541,8.502e-17,6.687e-17,3.009e-17,0.0009,33.23,1
BottomS18979,37.5383,-12.6477,5.586e-18,5.491e-18,3.743e-18,-0.0,33.05,0
BottomS18980,38.4561,-12.4964,1.256e-17,1.089e-17,5.916e-18,-0.0001,37.28,0
BottomS18981,38.4716,-12.5101,6.155e-16,4.266e-16,1.482e-16,0.0003,37.18,0
BottomS18982,37.4692,-12.6284,5.817e-18,5.105e-18,2.812e-18,-0.0002,32.88,0
BottomS51356,8.5322,-1.1134,3.398e-19,3.234e-19,2.100e-19,-0.0003,124.5,0
BottomS51357,8.5831,-1.1174,2.151e-18,3.734e-18,8.630e-18,-0.0002,121.9,0
BottomS51359,8.5474,-1.0961,3.312e-19,3.135e-19,2.068e-19,0.0004,124.29,0
BottomS51360,8.5376,-1.1007,8.557e-19,1.625e-18,4.477e-18,0.0005,122.78,0
BottomS51361,8.5636,-1.0940,1.250e-18,2.632e-18,8.862e-18,-0.0,123.81,0
BottomS51364,8.5493,-1.0997,3.323e-20,3.786e-20,3.687e-20,0.0002,122.13,0
BottomS51367,8.5548,-1.0919,1.853e-18,4.382e-18,1.843e-17,-0.0005,122.23,1
BottomS51368,8.5696,-1.1050,1.159e-19,1.257e-19,1.092e-19,0.0001,119.89,0
BottomS51369,8.5647,-1.1011,3.015e-19,2.964e-19,2.070e-19,-0.0003,123.63,0
BottomS51373,8.5438,-1.0949,1.554e-18,3.246e-18,1.049e-17,0.0008,122.62,0
BottomS51375,8.5403,-1.1313,2.539e-20,3.071e-20,3.268e-20,0.0001,124.92,0
BottomS51376,8.5720,-1.1229,2.744e-19,2.772e-19,2.117e-19,0.0003,121.63,0
BottomS51378,8.5592,-1.0743,1.297e-19,1.374e-19,1.145e-19,0.0008,123.99,0
BottomS51379,8.5252,-1.0797,1.278e-17,9.964e-18,4.300e-18,-0.0001,124.75,1
BottomS51381,8.5483,-1.0767,3.163e-19,3.245e-19,2.439e-19,-0.0004,123.14,0
BottomS51385,8.5389,-1.0710,5.103e-18,4.107e-18,1.868e-18,0.0001,119.52,0
BottomS51386,8.5719,-1.1053,7.554e-18,5.922e-18,2.754e-18,-0.0009,123.88,0
BottomS51387,8.5446,-1.0888,3.016e-19,2.898e-19,1.941e-19,-0.0005,122.36,0
BottomS51388,8.5591,-1.0945,3.911e-19,3.825e-19,2.678e-19,0.0007,122.19,0
BottomS51389,8.5653,-1.0735,1.518e-20,1.908e-20,2.199e-20,-0.0009,125.07,0
BottomS51390,8.5431,-1.0911,1.444e-14,9.274e-15,2.869e-15,-0.0007,121.4,0
BottomS51391,8.5745,-1.0992,2.308e-18,1.977e-18,1.039e-18,0.0002,123.03,0
BottomS51392,8.5259,-1.0969,2.190e-20,2.817e-20,3.432e-20,0.0003,122.33,0
BottomS51393,8.5591,-1.0814,4.715e-19,4.389e-19,2.668e-19,-0.0003,122.89,0
BottomS51395,8.5448,-1.0976,3.009e-19,2.849e-19,1.840e-19,-0.001,122.0,0
BottomS51400,8.5364,-1.0722,1.371e-20,1.702e-20,1.894e-20,0.0002,120.67,0
BottomS51403,8.5645,-1.0883,1.451e-18,1.274e-18,7.242e-19,0.0001,123.5,0
BottomS51405,8.5717,-1.0915,7.363e-19,7.024e-19,4.564e-19,-0.0001,119.67,0
BottomS51406,8.5430,-1.0879,2.973e-18,2.562e-18,1.356e-18,0.0001,124.83,0
BottomS51408,8.5464,-1.0655,1.137e-19,1.233e-19,1.026e-19,0.0001,123.18,0
BottomS51411,8.5570,-1.1029,7.964e-17,5.576e-17,1.977e-17,0.0002,121.27,0
BottomS51413,8.5466,-1.1092,4.753e-20,5.377e-20,4.984e-20,0.0006,125.03,0
BottomS51417,8.5224,-1.1136,1.368e-19,1.411e-19,1.077e-19,0.0002,119.55,0
BottomS51418,8.5595,-1.1171,2.297e-18,1.923e-18,9.894e-19,-0.0004,120.62,0
BottomS51419,8.5613,-1.1114,5.000e-19,1.010e-18,3.218e-18,0.0001,123.02,0
BottomS51422,8.5295,-1.0946,2.251e-19,2.345e-19,1.781e-19,0.0005,121.19,0
BottomS51423,8.5514,-1.0952,4.387e-19,4.315e-19,2.994e-19,-0.0006,122.35,0
BottomS51424,8.5417,-1.1119,3.014e-19,2.921e-19,2.016e-19,-0.0007,123.07,0
BottomS51426,8.5581,-1.0885,6.911e-19,6.340e-19,3.835e-19,-0.001,123.07,0
BottomS51428,8.5183,-1.1249,3.832e-19,9.082e-19,3.878e-18,0.0001,124.25,0
BottomS51430,8.5795,-1.0940,3.028e-18,2.379e-18,1.054e-18,0.0002,124.97,0
BottomS51431,8.5246,-1.0832,3.827e-20,4.532e-20,4.773e-20,-0.0006,119.27,0
BottomS51437,8.5333,-1.1084,1.043e-18,1.553e-18,2.496e-18,-0.0008,125.5,0
BottomS51438,8.5595,-1.0659,5.144e-19,9.067e-19,2.205e-18,-0.0004,124.66,0
BottomS51439,8.5751,-1.0978,5.661e-19,5.105e-19,3.083e-19,0.0003,123.83,0
BottomS51440,8.5620,-1.0673,1.644e-20,2.077e-20,2.469e-20,-0.0001,119.27,0
BottomS51441,8.5751,-1.0925,1.663e-17,1.322e-17,6.136e-18,-0.0005,123.27,0
BottomS51442,8.5825,-1.0562,5.682e-19,1.092e-18,2.996e-18,-0.0006,122.4,0
BottomS51446,8.5405,-1.0892,1.117e-18,1.027e-18,6.153e-19,-0.0009,120.18,0
BottomS51448,8.5247,-1.0947,3.113e-18,6.617e-18,2.258e-17,0.0001,121.25,1
BottomS51450,8.5638,-1.0957,2.701e-14,1.829e-14,6.089e-15,0.0002,125.16,0
BottomS51452,8.5664,-1.0720,8.088e-17,5.830e-17,2.213e-17,-0.0001,122.39,0
BottomS51454,8.5304,-1.1000,4.151e-14,2.892e-14,1.009e-14,-0.0007,119.56,0
BottomS51456,8.5466,-1.1237,1.868e-20,2.237e-20,2.346e-20,0.0008,121.8,0
BottomS51457,8.5496,-1.1351,1.174e-18,1.805e-18,3.040e-18,0.0009,120.75,0
BottomS51463,8.5499,-1.1106,3.521e-20,3.899e-20,3.551e-20,-0.0002,121.36,0
BottomS51464,8.5578,-1.0953,4.843e-20,5.937e-20,6.484e-20,-0.0001,123.73,0
BottomS51466,8.5348,-1.0788,9.145e-19,1.604e-18,3.748e-18,0.0002,122.15,0
BottomS51469,8.5691,-1.0961,1.160e-18,2.201e-18,5.693e-18,-0.0006,122.4,0
BottomS51470,8.5287,-1.0742,1.211e-19,1.305e-19,1.093e-19,0.0002,125.93,0
BottomS51471,8.5513,-1.0907,1.494e-20,1.985e-20,2.559e-20,0.0004,119.35,0
BottomS51472,8.5435,-1.1067,1.650e-19,1.626e-19,1.148e-19,-0.0001,119.81,0
BottomS51473,8.5407,-1.1092,8.592e-18,6.823e-18,3.100e-18,0.0003,121.19,1
BottomS51476,8.5334,-1.1168,1.265e-18,1.122e-18,6.375e-19,0.0007,122.34,0
BottomS51477,8.5510,-1.0642,2.186e-18,3.248e-18,5.212e-18,-0.0001,120.43,0
BottomS51478,8.5585,-1.1041,6.478e-18,5.288e-18,2.567e-18,-0.0003,124.88,0
BottomS51479,8.5498,-1.0846,1.136e-20,1.439e-20,1.717e-20,-0.0006,122.0,0
BottomS51481,8.5431,-1.0917,3.689e-20,4.310e-20,4.353e-20,-0.0005,124.03,0
BottomS51487,8.5730,-1.0844,1.069e-17,8.311e-18,3.667e-18,-0.0003,120.12,1
BottomS51488,8.5727,-1.0723,8.973e-19,1.299e-18,1.965e-18,0.0002,121.54,0
BottomS51489,8.5393,-1.0844,6.283e-19,5.872e-19,3.753e-19,-0.0007,119.49,0
BottomS51490,8.5780,-1.1232,5.215e-14,3.698e-14,1.364e-14,0.0001,121.88,0
BottomS51492,8.5468,-1.0791,1.189e-18,2.698e-18,1.065e-17,-0.0001,122.73,0
BottomS51493,8.5435,-1.1010,7.106e-19,6.724e-19,4.184e-19,-0.0001,124.16,0
BottomS51495,8.5489,-1.1403,1.013e-19,1.088e-19,9.187e-20,0.0006,119.53,0
BottomS51498,8.5618,-1.0709,1.198e-17,9.287e-18,3.999e-18,-0.0001,125.17,1
BottomS51499,8.5382,-1.1103,6.646e-14,5.411e-14,2.620e-14,-0.0002,123.88,1
BottomS51500,8.5423,-1.1179,7.795e-17,5.638e-17,2.148e-17,0.0003,118.89,0
BottomS51501,8.5637,-1.1061,4.496e-20,5.129e-20,4.967e-20,-0.0005,122.87,0
BottomS51502,8.5338,-1.1098,1.782e-18,3.486e-18,1.042e-17,-0.0002,120.62,0
BottomS51503,8.5667,-1.1087,7.182e-20,7.985e-20,7.249e-20,-0.0,125.26,0
BottomS51508,8.5649,-1.0799,1.834e-16,1.284e-16,4.636e-17,-0.0005,122.79,0
BottomS51511,8.5526,-1.1289,6.494e-20,7.864e-20,8.039e-20,0.0003,122.5,0
BottomS51514,8.5607,-1.1167,3.198e-19,5.589e-19,1.334e-18,0.0001,121.1,0
BottomS51515,8.5655,-1.0546,5.835e-20,6.824e-20,6.773e-20,0.0004,119.72,0
BottomS51516,8.5500,-1.1005,2.795e-18,5.462e-18,1.575e-17,0.0004,120.08,0
BottomS51517,8.5479,-1.1184,1.613e-19,1.720e-19,1.415e-19,0.001,119.91,0
BottomS51518,8.5552,-1.1150,2.150e-20,2.634e-20,2.880e-20,-0.0006,123.55,0
BottomS51520,8.5421,-1.1317,7.100e-18,5.736e-18,2.677e-18,0.0,122.69,0
BottomS51522,8.5384,-1.1061,1.569e-20,2.085e-20,2.684e-20,0.0009,122.76,0
BottomS51524,8.5397,-1.1182,1.596e-19,1.633e-19,1.212e-19,-0.0004,121.16,0
BottomS51527,8.5661,-1.1320,9.162e-19,8.144e-19,4.683e-19,0.0001,122.29,0
BottomS51528,8.5251,-1.1104,4.234e-18,3.436e-18,1.586e-18,0.001,122.02,0
BottomS51533,8.5419,-1.1201,2.043e-19,2.047e-19,1.485e-19,-0.0009,118.84,0
BottomS51536,8.5412,-1.0790,6.566e-19,6.026e-19,3.819e-19,0.0005,120.43,0
BottomS51539,8.5608,-1.1133,2.012e-18,1.720e-18,9.201e-19,-0.0002,120.76,0
BottomS51541,8.5462,-1.1169,4.033e-18,3.328e-18,1.618e-18,-0.0006,121.06,0
BottomS51545,8.5358,-1.0953,1.404e-20,1.714e-20,1.884e-20,0.0008,120.98,0
BottomS51549,8.5590,-1.0708,7.651e-19,7.089e-19,4.416e-19,-0.0,125.31,0
BottomS51553,8.5302,-1.1104,9.401e-19,8.915e-19,5.653e-19,0.0003,120.85,0
BottomS51554,8.5579,-1.0747,1.896e-18,1.658e-18,9.510e-19,-0.0002,120.17,0
BottomS51555,8.5462,-1.1030,3.540e-20,4.114e-20,4.068e-20,0.0007,125.1,0
BottomS51557,8.5631,-1.1126,4.069e-18,3.211e-18,1.458e-18,0.0005,123.25,0
BottomS51559,8.5291,-1.1113,5.838e-19,5.310e-19,3.196e-19,0.0002,120.96,0
BottomS51562,8.5488,-1.1141,4.530e-19,4.364e-19,2.873e-19,0.0,123.26,0
BottomS51565,8.5541,-1.1097,4.245e-20,5.298e-20,5.772e-20,0.0005,123.47,0
BottomS51566,8.5622,-1.1001,1.453e-20,1.932e-20,2.464e-20,0.0008,121.76,0
BottomS51570,8.5730,-1.1032,9.350e-19,8.725e-19,5.472e-19,0.0005,125.09,0
BottomS51571,8.5664,-1.0736,2.036e-18,1.739e-18,9.192e-19,0.0008,122.45,0
BottomS51572,8.5636,-1.1009,1.624e-20,2.101e-20,2.513e-20,0.0008,121.48,0
BottomS51573,8.5454,-1.0935,9.198e-19,1.738e-18,4.546e-18,-0.0,123.97,0
BottomS51576,8.5508,-1.1256,4.688e-20,5.290e-20,4.802e-20,0.0005,119.24,0
BottomS51583,8.5237,-1.1035,3.566e-19,6.867e-19,1.944e-18,0.0007,121.07,0
BottomS51585,8.5592,-1.0977,2.203e-18,1.847e-18,9.399e-19,0.0003,125.17,0
BottomS51588,8.5501,-1.1009,3.704e-14,2.639e-14,1.003e-14,-0.0006,123.72,0
BottomS51589,8.5784,-1.0876,4.491e-20,5.005e-20,4.492e-20,0.0002,122.36,0
BottomS51596,8.5538,-1.1156,1.739e-18,2.656e-18,4.464e-18,0.0012,120.37,0
BottomS51597,8.5465,-1.0764,1.649e-18,1.502e-18,8.912e-19,0.0,119.45,0
BottomS51602,8.5275,-1.1125,1.021e-20,1.379e-20,1.821e-20,0.0001,120.79,0
BottomS51603,8.5581,-1.0513,1.220e-18,1.970e-18,3.743e-18,-0.0004,123.7,0
BottomS51605,8.5754,-1.0726,2.267e-18,6.074e-18,3.312e-17,-0.0005,119.13,1
BottomS51606,8.5631,-1.0872,1.012e-19,1.084e-19,9.365e-20,0.0005,124.47,0
BottomS51608,8.5700,-1.0822,3.261e-19,5.601e-19,1.232e-18,0.0006,120.01,0
BottomS51609,8.5674,-1.1261,2.043e-19,2.177e-19,1.820e-19,0.0004,121.51,0
BottomS51610,8.5926,-1.1052,4.645e-20,5.456e-20,5.501e-20,0.0005,123.49,0
BottomS51615,8.5245,-1.0940,2.439e-18,3.746e-18,6.576e-18,0.0001,121.44,0
BottomS51616,8.5447,-1.1210,1.224e-18,1.137e-18,6.950e-19,-0.0004,125.76,0
BottomS51620,8.5475,-1.0870,1.699e-19,1.706e-19,1.233e-19,-0.0006,124.65,0
BottomS51622,8.5479,-1.1087,6.619e-14,5.466e-14,2.762e-14,0.0001,121.7,1
BottomS51623,8.5653,-1.1033,4.448e-18,1.030e-17,4.204e-17,-0.0003,124.93,1
BottomS51624,8.5547,-1.1096,1.835e-18,1.581e-18,8.661e-19,-0.0001,121.9,0
BottomS51625,8.5696,-1.0949,2.144e-19,3.512e-19,6.898e-19,0.0012,122.18,0
BottomS51629,8.5891,-1.0987,4.489e-18,3.633e-18,1.690e-18,-0.0002,124.72,0
BottomS51630,8.5435,-1.0906,5.799e-18,4.646e-18,2.121e-18,0.0003,123.69,0
BottomS51631,8.5763,-1.0517,1.383e-19,1.460e-19,1.208e-19,0.0007,121.81,0
BottomS51633,8.5702,-1.1096,1.641e-16,1.138e-16,3.927e-17,-0.0005,121.75,0
BottomS51635,8.5506,-1.0641,8.159e-19,7.173e-19,4.061e-19,0.0005,125.94,0
BottomS51637,8.5644,-1.0823,7.541e-19,6.960e-19,4.152e-19,-0.0006,121.68,0
BottomS51639,8.5594,-1.1064,3.941e-19,3.913e-19,2.759e-19,-0.0003,122.47,0
BottomS51640,8.5157,-1.1015,1.152e-18,1.004e-18,5.418e-19,0.0002,122.87,0
BottomS51642,8.5692,-1.1067,7.692e-14,6.365e-14,3.190e-14,0.0008,121.38,1
BottomS51644,8.5708,-1.1211,4.000e-20,5.074e-20,5.806e-20,0.0005,121.75,0
BottomS51645,8.5338,-1.0828,7.417e-18,5.985e-18,2.854e-18,-0.0001,121.74,0
BottomS51646,8.5239,-1.1059,5.394e-19,1.007e-18,2.631e-18,-0.0002,125.27,0
BottomS51648,8.5543,-1.1140,3.167e-18,2.704e-18,1.412e-18,-0.0003,120.24,0
BottomS51651,8.5349,-1.0641,1.609e-18,1.385e-18,7.569e-19,-0.0002,125.2,0
BottomS51652,8.5515,-1.0855,1.694e-18,2.590e-18,4.409e-18,0.0001,121.0,0
BottomS51653,8.5432,-1.0849,4.067e-18,6.244e-18,1.108e-17,-0.0006,124.91,0
BottomS51654,8.5282,-1.1205,1.611e-18,3.683e-18,1.462e-17,0.0002,122.5,1
BottomS51658,8.5416,-1.0702,8.028e-18,6.270e-18,2.794e-18,0.0001,120.55,1
BottomS51659,8.5372,-1.0911,1.860e-18,3.292e-18,7.527e-18,0.0007,120.18,0
BottomS51660,8.5589,-1.1247,2.310e-17,1.805e-17,7.809e-18,0.0001,125.42,1
BottomS51665,8.5423,-1.0743,3.881e-20,4.608e-20,4.793e-20,-0.0004,122.42,0
BottomS51666,8.5357,-1.1329,3.955e-19,7.995e-19,2.559e-18,-0.0003,120.31,0
BottomS51669,8.5563,-1.1046,5.910e-20,6.683e-20,6.320e-20,0.0005,123.88,0
BottomS51670,8.5883,-1.1004,2.763e-19,2.796e-19,1.973e-19,0.0,126.13,0
BottomS51671,8.5244,-1.1093,9.826e-20,1.069e-19,9.237e-20,-0.0001,122.16,0
BottomS51673,8.5674,-1.1308,2.435e-19,2.559e-19,2.019e-19,0.0007,125.78,0
BottomS51678,8.5478,-1.0716,1.161e-18,1.012e-18,5.746e-19,0.0006,121.52,0
BottomS51679,8.5301,-1.1042,1.371e-19,1.457e-19,1.221e-19,0.0001,124.95,0
BottomS51680,8.5732,-1.0960,8.884e-19,1.480e-18,3.089e-18,0.0006,124.56,0
BottomS51682,8.5496,-1.1001,4.276e-19,4.087e-19,2.776e-19,0.0001,122.08,0
BottomS51683,8.5521,-1.0754,1.450e-18,1.289e-18,7.379e-19,-0.0005,125.07,0
BottomS51684,8.5599,-1.0924,1.117e-20,1.473e-20,1.799e-20,0.0004,123.56,0
BottomS51686,8.5304,-1.0816,4.517e-18,9.437e-18,3.160e-17,-0.0001,121.32,1
BottomS51687,8.5498,-1.1220,9.217e-20,1.001e-19,8.654e-20,-0.0001,123.96,0
BottomS51689,8.5445,-1.1159,1.358e-20,1.723e-20,2.020e-20,0.0,124.21,0
BottomS51692,8.5334,-1.0749,2.077e-19,2.175e-19,1.778e-19,-0.0007,121.43,0
BottomS51693,8.5368,-1.0990,4.306e-19,4.186e-19,2.833e-19,0.0005,125.61,0
BottomS51696,8.5465,-1.1074,1.315e-18,1.133e-18,6.128e-19,-0.001,124.76,0
BottomS51699,8.5936,-1.0904,1.070e-18,1.728e-18,3.503e-18,-0.0006,122.85,0
BottomS51700,8.5378,-1.0588,3.888e-19,3.993e-19,2.915e-19,0.0001,121.87,0
BottomS51705,8.5574,-1.1011,7.059e-19,6.620e-19,4.312e-19,-0.0004,123.47,0
BottomS51707,8.5632,-1.0680,3.295e-19,3.183e-19,2.227e-19,-0.0005,125.9,0
BottomS51708,8.5409,-1.1147,4.108e-19,4.029e-19,2.722e-19,0.0004,122.01,0
BottomS51709,8.5377,-1.1026,2.947e-19,3.090e-19,2.407e-19,0.0011,120.11,0
BottomS51710,8.5418,-1.0714,7.700e-19,1.200e-18,2.119e-18,-0.0002,125.3,0
BottomS51711,8.5494,-1.1208,3.273e-19,3.173e-19,2.173e-19,0.0008,124.5,0
BottomS51713,8.5536,-1.1034,5.358e-20,5.971e-20,5.227e-20,-0.0004,121.8,0
BottomS51714,8.5210,-1.0897,1.490e-19,1.668e-19,1.569e-19,-0.0002,120.41,0
BottomS51715,8.5444,-1.0909,2.482e-19,2.474e-19,1.764e-19,-0.0002,123.27,0
BottomS51716,8.5497,-1.1252,3.212e-20,3.968e-20,4.261e-20,-0.0005,122.59,0
BottomS51717,8.5659,-1.1199,1.267e-20,1.595e-20,1.805e-20,-0.0007,124.16,0
BottomS51719,8.5669,-1.1102,5.654e-14,3.942e-14,1.390e-14,-0.0001,124.79,0
BottomS51720,8.5682,-1.0810,1.904e-18,2.693e-18,4.001e-18,-0.0012,125.08,0
BottomS51730,8.5326,-1.1404,1.756e-19,1.842e-19,1.470e-19,-0.0002,124.78,0
BottomS51731,8.5475,-1.0744,1.895e-18,2.936e-18,5.444e-18,-0.0002,125.11,0
BottomS51733,8.5379,-1.0956,2.592e-18,2.369e-18,1.380e-18,-0.0002,122.44,0
BottomS51735,8.5355,-1.0731,5.012e-14,3.575e-14,1.377e-14,0.0012,123.14,0
BottomS51738,8.5990,-1.0998,1.499e-18,1.269e-18,6.473e-19,0.0001,126.27,0
BottomS51739,8.5703,-1.0849,6.807e-19,1.177e-18,2.658e-18,0.0001,122.21,0
BottomS51742,8.5781,-1.0946,4.870e-19,1.129e-18,4.783e-18,-0.0002,124.91,0
BottomS51745,8.5779,-1.0703,2.025e-20,2.423e-20,2.535e-20,0.0001,119.45,0
BottomS51747,8.5289,-1.0828,6.764e-18,5.494e-18,2.516e-18,0.0,119.78,0
BottomS51748,8.5243,-1.0875,1.504e-18,1.377e-18,8.372e-19,-0.0005,119.56,0
BottomS51749,8.5910,-1.0968,3.468e-19,6.569e-19,1.820e-18,-0.0006,121.24,0
BottomS51752,8.5769,-1.0572,3.010e-18,2.560e-18,1.308e-18,0.0004,120.25,0
BottomS51753,8.5697,-1.0964,7.222e-20,7.972e-20,6.871e-20,-0.0007,123.29,0
BottomS51754,8.5679,-1.0763,1.955e-18,1.727e-18,9.871e-19,-0.0003,123.31,0
BottomS51756,8.5581,-1.0888,9.215e-19,8.607e-19,5.351e-19,0.0,122.61,0
BottomS51757,8.5438,-1.1257,2.018e-20,2.481e-20,2.726e-20,-0.0011,124.34,0
BottomS51759,8.5299,-1.1171,1.049e-17,8.475e-18,4.048e-18,0.0005,125.89,0
BottomS51760,8.5690,-1.0888,1.987e-18,1.724e-18,9.338e-19,0.0005,124.03,0
BottomS51762,8.5668,-1.1004,3.378e-18,2.689e-18,1.229e-18,0.0009,120.32,0
BottomS51764,8.5803,-1.0898,1.042e-19,1.163e-19,1.068e-19,-0.0005,120.25,0
BottomS51766,8.5382,-1.0943,6.844e-19,6.216e-19,3.829e-19,-0.0002,121.12,0
BottomS51767,8.5758,-1.0747,1.063e-19,1.122e-19,8.866e-20,-0.0004,125.18,0
BottomS51768,8.5271,-1.0938,6.605e-19,5.952e-19,3.428e-19,-0.0002,119.85,0
BottomS51769,8.5460,-1.0800,6.242e-19,5.761e-19,3.522e-19,0.0001,124.83,0
BottomS51770,8.5395,-1.1013,2.056e-19,2.307e-19,2.129e-19,-0.0004,120.37,0
BottomS51771,8.5378,-1.0914,2.238e-18,4.679e-18,1.536e-17,-0.0001,120.26,0
BottomS51772,8.5719,-1.0814,1.043e-18,1.789e-18,4.084e-18,-0.0005,122.08,0
BottomS51773,8.5339,-1.0883,2.485e-19,2.505e-19,1.801e-19,0.0008,122.59,0
BottomS51777,8.5573,-1.0907,7.859e-19,6.906e-19,3.877e-19,0.0004,123.51,0
BottomS51780,8.5295,-1.1273,6.015e-19,5.834e-19,4.011e-19,0.0007,120.59,0
BottomS51781,8.5784,-1.0663,1.006e-18,9.578e-19,6.158e-19,-0.0002,123.27,0
BottomS51782,8.5738,-1.0928,4.095e-20,4.898e-20,5.182e-20,0.0004,120.86,0
BottomS51786,8.5682,-1.1028,3.677e-19,3.642e-19,2.511e-19,-0.0009,122.36,0
BottomS51788,8.5243,-1.1161,4.573e-14,3.349e-14,1.284e-14,0.0008,124.73,0
BottomS51789,8.5559,-1.0832,4.446e-18,3.682e-18,1.771e-18,-0.0007,121.45,0
BottomS51792,8.5315,-1.1093,8.776e-20,9.205e-20,7.188e-20,0.0004,122.21,0
BottomS51793,8.5655,-1.0691,1.563e-17,1.193e-17,5.049e-18,-0.0002,124.4,1
BottomS51794,8.5876,-1.1039,1.148e-18,2.415e-18,8.080e-18,-0.0002,119.25,0
BottomS51799,8.3205,-1.2425,4.558e-20,5.381e-20,5.443e-20,-0.0001,122.7,0
BottomS51801,8.6863,-1.2820,2.572e-20,3.384e-20,4.267e-20,0.0002,127.55,0
BottomS51815,8.5952,-0.9456,9.657e-20,1.087e-19,9.939e-20,-0.0004,122.49,0
BottomS51816,8.7223,-1.0662,1.225e-20,1.600e-20,1.924e-20,0.0006,124.78,0
BottomS51817,8.6282,-1.1839,3.930e-20,4.810e-20,5.095e-20,0.0002,124.02,0
BottomS51829,8.7968,-1.1703,2.526e-20,3.034e-20,3.112e-20,0.0003,120.5,0
BottomS51830,8.7302,-1.0331,2.077e-19,2.039e-19,1.419e-19,-0.0003,127.44,0
BottomS51832,8.3565,-1.0913,1.685e-18,2.658e-18,4.884e-18,-0.0012,122.18,0
BottomS51836,8.7228,-0.9736,1.096e-18,9.733e-19,5.424e-19,0.0005,120.12,0
BottomS51838,8.7237,-1.0956,1.538e-18,1.396e-18,8.610e-19,0.0011,124.44,0
BottomS51841,8.4115,-1.2704,2.068e-20,2.465e-20,2.514e-20,-0.0005,121.15,0
BottomS51842,8.4475,-1.0672,8.822e-20,9.909e-20,8.957e-20,-0.0001,117.56,0
BottomS51847,8.5131,-1.0767,2.528e-20,3.037e-20,3.210e-20,-0.0004,123.13,0
BottomS51848,8.3679,-0.8881,2.388e-19,2.438e-19,1.899e-19,-0.0001,123.93,0
BottomS51849,8.4766,-1.0571,9.329e-20,1.014e-19,8.603e-20,-0.0006,124.83,0
BottomS51852,8.7155,-1.0616,1.404e-18,2.837e-18,8.703e-18,0.0001,117.84,0
BottomS51857,8.2125,-1.1951,1.858e-20,2.308e-20,2.653e-20,0.0005,119.84,0
BottomS51858,8.2319,-1.1785,1.791e-20,2.301e-20,2.759e-20,-0.0005,125.1,0
BottomS51862,8.5666,-1.0402,1.459e-19,1.540e-19,1.271e-19,0.0001,119.42,0
BottomS51866,8.8064,-1.2400,2.044e-19,2.202e-19,1.895e-19,-0.0007,126.52,0
BottomS51868,8.6460,-1.1615,4.789e-19,9.147e-19,2.519e-18,-0.0006,119.96,0
BottomS51876,8.3231,-0.9954,5.569e-14,5.065e-14,3.074e-14,0.0007,127.79,1
BottomS51879,8.3497,-1.1534,1.588e-18,2.209e-18,3.195e-18,-0.0009,120.85,0
BottomS51880,8.6552,-1.0971,3.303e-20,3.794e-20,3.686e-20,-0.0002,120.46,0
BottomS51884,8.6762,-1.2821,9.354e-20,1.049e-19,9.620e-20,-0.0009,121.31,0
BottomS51889,8.6922,-1.0652,2.010e-19,2.098e-19,1.629e-19,-0.0007,123.33,0
BottomS51892,8.7007,-1.0220,3.419e-20,3.913e-20,3.862e-20,0.0001,123.97,0
BottomS51893,8.5874,-1.2496,4.274e-19,4.143e-19,2.737e-19,-0.0003,116.75,0
BottomS51896,8.5287,-0.9064,2.016e-19,2.080e-19,1.624e-19,0.0004,128.29,0
BottomS51900,8.6455,-1.0069,1.431e-19,1.525e-19,1.258e-19,0.001,126.95,0
BottomS51911,8.6393,-1.1468,4.321e-18,3.532e-18,1.740e-18,0.0,122.84,0
BottomS51914,8.6217,-1.0422,3.191e-20,3.963e-20,4.324e-20,0.0004,126.37,0
BottomS51915,8.5378,-1.2628,2.442e-19,4.442e-19,1.132e-18,-0.0005,127.53,0
BottomS51918,8.5084,-0.8973,5.591e-19,9.015e-19,1.744e-18,-0.0007,128.11,0
BottomS51921,8.6982,-1.2119,1.796e-20,2.353e-20,2.970e-20,0.0,123.66,0
BottomS51922,8.5352,-1.3387,2.066e-19,2.054e-19,1.515e-19,0.0001,120.9,0
BottomS51926,8.5378,-0.9951,1.365e-20,1.742e-20,2.094e-20,-0.0005,124.08,0
BottomS51927,8.4925,-1.0029,3.716e-20,4.310e-20,4.208e-20,-0.0004,121.39,0
BottomS51929,8.5783,-0.9203,8.916e-20,1.029e-19,1.035e-19,0.0001,118.81,0
BottomS51933,8.7066,-1.1552,3.968e-20,4.564e-20,4.472e-20,0.0004,126.6,0
BottomS51937,8.5574,-0.9837,1.669e-14,1.148e-14,3.861e-15,-0.0002,117.95,0
BottomS51938,8.5319,-1.1812,8.284e-19,1.335e-18,2.600e-18,-0.0003,127.68,0
BottomS51939,8.4735,-0.8982,1.071e-18,1.929e-18,4.635e-18,0.0004,120.95,0
BottomS51941,8.4458,-1.2747,2.179e-19,2.186e-19,1.535e-19,-0.0001,123.2,0
BottomS51944,8.5459,-0.9488,2.801e-20,3.494e-20,4.059e-20,-0.0004,126.37,0
BottomS51945,8.5117,-1.1729,1.403e-20,1.733e-20,1.958e-20,-0.0005,127.13,0
BottomS51947,8.4465,-1.1459,2.444e-20,2.936e-20,3.089e-20,0.0007,124.36,0
BottomS51953,8.6010,-1.3308,6.385e-14,4.542e-14,1.709e-14,0.0002,121.95,0
BottomS51954,8.7608,-1.1350,1.055e-20,1.440e-20,1.872e-20,-0.0003,122.5,0
BottomS51955,8.5332,-1.0025,8.479e-20,9.717e-20,9.231e-20,0.0007,126.95,0
BottomS51957,8.6732,-1.0748,2.217e-18,3.651e-18,7.334e-18,-0.0004,126.64,0
BottomS51964,8.6098,-1.0375,2.041e-20,2.621e-20,3.136e-20,0.0005,128.36,0
BottomS51965,8.5215,-1.0106,9.077e-19,1.517e-18,3.184e-18,0.0004,125.37,0
BottomS51969,8.8269,-1.3448,2.160e-19,2.213e-19,1.672e-19,0.0005,124.41,0
BottomS51975,8.4414,-1.0167,1.774e-18,1.549e-18,8.726e-19,-0.0001,122.49,0
BottomS51976,8.4790,-1.1969,5.659e-19,9.726e-19,2.112e-18,-0.0004,121.46,0
BottomS51977,8.5673,-0.8946,9.580e-19,8.425e-19,4.713e-19,0.0006,126.92,0
BottomS51980,8.5311,-1.2954,1.727e-20,2.102e-20,2.345e-20,0.0007,123.62,0
BottomS51989,8.2723,-1.2645,1.184e-18,1.020e-18,5.567e-19,0.0005,128.75,0
BottomS51990,8.4975,-1.2701,1.009e-19,1.038e-19,8.018e-20,0.0004,116.83,0
BottomS52001,8.4035,-1.0779,2.137e-19,2.163e-19,1.629e-19,0.0003,117.56,0
BottomS52006,8.6265,-0.9403,2.789e-19,2.823e-19,2.174e-19,-0.0001,119.21,0
BottomS52012,8.5199,-0.8717,7.557e-20,8.410e-20,7.928e-20,0.0003,128.09,0
BottomS52015,8.5206,-1.2657,9.199e-20,9.388e-20,7.192e-20,-0.0002,123.9,0
BottomS52022,8.5450,-1.1198,1.771e-14,1.369e-14,5.855e-15,-0.0005,120.07,0
BottomS52024,8.5378,-1.2309,1.559e-20,2.008e-20,2.473e-20,0.0001,123.34,0
BottomS52026,8.4738,-0.9888,2.271e-18,5.866e-18,2.991e-17,0.0003,116.58,1
BottomS52027,8.6480,-0.9765,3.181e-19,3.203e-19,2.413e-19,0.0003,127.85,0
BottomS52029,8.2861,-1.1277,4.568e-15,3.037e-15,9.903e-16,-0.0003,117.58,0
BottomS52033,8.5348,-1.1250,1.196e-19,1.261e-19,9.993e-20,-0.0003,125.8,0
BottomS52034,8.7564,-0.9992,6.885e-20,7.716e-20,7.213e-20,0.0008,121.03,0
BottomS52041,8.3247,-1.1636,1.611e-19,1.727e-19,1.390e-19,0.0,123.1,0
BottomS52049,8.4528,-1.1500,1.452e-19,1.533e-19,1.208e-19,-0.0005,119.09,0
BottomS52050,8.6221,-1.1992,2.018e-19,2.074e-19,1.557e-19,-0.0003,117.45,0
BottomS52052,8.4438,-1.0587,1.540e-19,1.584e-19,1.217e-19,-0.0,125.42,0
BottomS52055,8.6237,-1.2609,6.743e-19,1.085e-18,2.129e-18,-0.0004,124.57,0
BottomS52057,8.4365,-1.1040,6.724e-20,7.153e-20,5.732e-20,0.0004,126.24,0
BottomS52065,8.6846,-1.2091,5.322e-14,3.754e-14,1.361e-14,0.0005,116.77,0
BottomS52072,8.5715,-1.0541,2.630e-19,2.651e-19,1.959e-19,0.0003,125.77,0
BottomS52076,8.4534,-1.1255,1.327e-18,2.708e-18,8.309e-18,0.0004,117.75,0
BottomS52083,8.5705,-1.0018,1.324e-20,1.758e-20,2.338e-20,0.0005,123.51,0
BottomS52089,8.6989,-1.0398,1.295e-18,1.133e-18,6.164e-19,-0.0004,126.28,0
BottomS52090,8.5871,-0.9455,1.266e-20,1.580e-20,1.779e-20,-0.0002,123.25,0
BottomS52091,8.6143,-1.0663,1.637e-18,2.589e-18,4.956e-18,-0.0006,119.4,0
BottomS52096,8.4848,-0.8980,3.046e-18,5.741e-18,1.496e-17,0.0,128.49,0
BottomS52097,8.6677,-1.1918,4.271e-19,4.034e-19,2.659e-19,-0.0003,124.38,0
BottomS52099,8.4923,-1.1575,3.563e-19,7.414e-19,2.458e-18,-0.0004,123.53,0
BottomS52104,8.6158,-1.0612,1.117e-19,1.247e-19,1.118e-19,-0.0004,120.87,0
BottomS52105,8.6803,-1.0302,4.731e-20,5.665e-20,5.971e-20,0.0007,117.23,0
BottomS52106,8.5423,-0.9786,2.035e-18,1.798e-18,9.754e-19,-0.0009,123.21,0
BottomS52109,8.8321,-1.0944,2.069e-20,2.552e-20,2.873e-20,0.0001,117.38,0
BottomS52110,8.5380,-1.2624,1.817e-20,2.317e-20,2.872e-20,-0.0007,125.02,0
BottomS52122,8.8235,-0.9354,2.970e-19,2.869e-19,1.985e-19,0.0005,128.53,0
BottomS52125,8.6117,-0.9892,1.627e-19,1.734e-19,1.413e-19,-0.0004,118.95,0
BottomS52126,8.6613,-1.1269,2.743e-20,3.166e-20,3.142e-20,0.001,124.21,0
BottomS52129,8.3893,-0.9690,4.732e-20,5.503e-20,5.552e-20,0.0004,125.82,0
BottomS52132,8.6571,-1.2647,8.053e-20,8.546e-20,6.945e-20,-0.0004,126.03,0
BottomS52134,8.4460,-1.1574,3.398e-19,3.373e-19,2.394e-19,-0.0008,116.88,0
BottomS52136,8.5233,-1.2083,1.028e-20,1.368e-20,1.808e-20,-0.0002,121.95,0
BottomS52139,8.5729,-1.0800,1.024e-20,1.336e-20,1.672e-20,-0.0002,119.53,0
BottomS52142,8.4657,-1.0892,2.401e-18,4.825e-18,1.461e-17,0.0009,126.98,0
BottomS52143,8.6139,-1.4014,3.844e-20,4.545e-20,4.519e-20,0.0004,124.48,0
BottomS52147,8.5432,-1.2400,1.070e-19,1.184e-19,1.019e-19,0.0003,124.04,0
BottomS52155,8.6938,-0.8676,6.131e-19,5.729e-19,3.527e-19,-0.0,128.05,0
BottomS52160,8.5317,-0.8648,2.648e-18,6.018e-18,2.456e-17,-0.0008,122.04,1
BottomS52161,8.6584,-1.3042,1.328e-18,2.306e-18,5.357e-18,0.0012,126.47,0
BottomS52162,8.7404,-1.0667,1.134e-19,1.216e-19,1.048e-19,0.0012,128.12,0
BottomS52170,8.4141,-1.0275,2.337e-14,1.605e-14,5.385e-15,-0.0003,126.46,0
BottomS52176,8.4419,-1.0101,2.531e-19,2.501e-19,1.790e-19,0.0002,124.4,0
BottomS52177,8.7521,-1.2209,2.656e-20,3.114e-20,3.113e-20,0.0003,121.2,0
BottomS52180,8.5812,-0.9904,1.856e-20,2.373e-20,2.822e-20,0.0003,118.41,0
BottomS52187,8.5697,-1.1141,5.289e-20,6.180e-20,6.145e-20,-0.0002,123.6,0
BottomS52188,8.5895,-1.0858,3.895e-19,6.654e-19,1.453e-18,-0.0001,126.94,0
BottomS52189,8.5993,-1.2202,9.461e-20,1.014e-19,8.229e-20,-0.0001,124.14,0
BottomS52197,8.4031,-1.2153,4.355e-20,4.911e-20,4.602e-20,0.0005,124.93,0
BottomS52199,8.5402,-1.3060,2.464e-20,3.190e-20,3.838e-20,0.0005,122.0,0
BottomS52201,8.6236,-1.0854,1.388e-19,1.523e-19,1.278e-19,-0.0002,121.96,0
BottomS52202,8.5002,-1.0653,2.157e-20,2.693e-20,3.077e-20,0.0007,120.3,0
BottomS52209,8.6980,-1.0327,2.282e-18,4.260e-18,1.146e-17,0.0013,126.83,0
BottomS52211,8.4323,-1.0795,5.230e-19,8.349e-19,1.626e-18,0.0003,121.98,0
BottomS52215,8.5881,-1.0179,3.344e-20,4.033e-20,4.290e-20,0.0007,122.2,0
BottomS52216,8.4313,-1.1686,1.023e-19,1.077e-19,8.874e-20,0.0005,125.67,0
BottomS52218,8.4749,-1.2218,1.450e-18,2.990e-18,9.611e-18,0.0,119.91,0
BottomS52221,8.5759,-1.0925,2.044e-20,2.475e-20,2.776e-20,-0.0003,125.18,0
BottomS52237,8.5179,-0.9924,1.263e-20,1.623e-20,1.993e-20,0.0005,123.34,0
BottomS52241,8.4385,-1.0069,7.255e-14,5.742e-14,2.592e-14,0.0001,127.31,1
BottomS52243,8.6818,-1.2968,6.474e-20,7.280e-20,6.840e-20,-0.0002,124.57,0
BottomS52247,8.7532,-1.1916,7.654e-19,6.847e-19,3.997e-19,-0.0007,118.64,0
BottomS52251,8.6718,-1.1308,1.990e-18,3.758e-18,1.009e-17,0.0001,124.37,0
BottomS52252,8.5443,-1.2485,2.020e-19,2.125e-19,1.679e-19,0.0005,121.36,0
BottomS52255,8.4646,-1.1923,1.465e-18,2.664e-18,6.495e-18,0.0001,122.8,0
BottomS52263,8.3679,-1.1865,1.225e-18,1.760e-18,2.690e-18,0.0001,127.99,0
BottomS52264,8.4506,-1.1386,1.689e-19,1.798e-19,1.504e-19,0.0002,124.01,0
BottomS52265,8.5679,-1.1653,8.776e-19,8.075e-19,5.017e-19,0.0005,121.56,0
BottomS52266,8.5261,-1.0007,8.816e-19,1.727e-18,4.884e-18,-0.0013,118.52,0
BottomS52267,8.6791,-1.2712,3.996e-19,7.581e-19,2.107e-18,0.0001,125.16,0
BottomS52269,8.6407,-0.9569,1.123e-18,9.852e-19,5.648e-19,-0.0,121.33,0
BottomS52272,8.6645,-1.0227,3.815e-20,4.414e-20,4.328e-20,-0.0003,118.97,0
BottomS52273,8.4203,-1.2388,6.705e-14,4.897e-14,1.872e-14,0.0003,125.05,0
BottomS52274,8.4293,-1.1692,1.437e-20,1.874e-20,2.247e-20,0.0011,126.4,0
BottomS52276,8.6761,-1.2878,9.477e-15,7.147e-15,2.994e-15,0.0005,125.09,0
BottomS52280,8.4535,-1.0730,1.934e-20,2.313e-20,2.353e-20,0.0007,125.91,0
BottomS52281,8.3979,-0.9272,2.083e-18,3.674e-18,8.449e-18,-0.0009,117.52,0
BottomS52285,8.6467,-0.9019,2.731e-18,2.280e-18,1.154e-18,-0.0003,121.19,0
BottomS52291,8.6403,-0.9851,3.677e-20,4.155e-20,3.943e-20,-0.001,117.82,0
BottomS52292,8.5028,-1.2262,1.608e-20,2.013e-20,2.350e-20,0.0003,127.64,0
BottomS52293,8.3312,-1.3164,6.277e-18,1.205e-17,3.341e-17,-0.0009,124.66,0
BottomS52300,8.5695,-0.9058,1.914e-20,2.454e-20,2.929e-20,-0.0009,118.24,0
BottomS52302,8.6981,-1.3687,4.573e-18,3.812e-18,1.860e-18,0.0004,127.9,0
BottomS52305,8.4692,-1.1223,1.379e-20,1.855e-20,2.477e-20,0.0002,119.9,0
BottomS52306,8.5937,-1.0688,2.360e-18,4.881e-18,1.622e-17,0.0002,125.85,0
BottomS52311,8.5526,-1.1810,5.757e-20,6.705e-20,6.784e-20,-0.0001,127.1,0
BottomS52312,8.5811,-1.2643,3.480e-20,4.080e-20,4.134e-20,-0.0001,126.71,0
BottomS52315,8.5613,-1.2064,6.808e-20,7.661e-20,6.924e-20,-0.0002,120.67,0
BottomS52317,8.5187,-1.2083,5.444e-19,5.058e-19,3.148e-19,-0.0002,123.9,0
BottomS52318,8.4486,-1.0395,8.082e-20,8.725e-20,7.420e-20,-0.0004,122.22,0
BottomS52321,8.5655,-1.2257,1.321e-18,1.140e-18,5.862e-19,0.0005,121.5,0
BottomS52322,8.5897,-1.1245,1.918e-19,2.085e-19,1.775e-19,-0.0003,124.47,0
BottomS52327,8.5741,-1.1385,1.453e-18,1.312e-18,7.510e-19,0.0005,124.2,0
BottomS52329,8.4561,-0.9205,2.271e-19,2.376e-19,1.915e-19,-0.0001,117.16,0
BottomS52330,8.5551,-1.2834,8.155e-19,1.462e-18,3.589e-18,0.0003,125.24,0
BottomS52332,8.4057,-1.0523,6.903e-19,1.135e-18,2.315e-18,0.0003,122.17,0
BottomS52339,8.5740,-1.3856,4.662e-19,8.256e-19,1.920e-18,-0.0008,121.11,0
BottomS52342,8.3368,-0.9904,1.321e-19,1.448e-19,1.273e-19,-0.0002,127.09,0
BottomS52343,8.8474,-1.1172,4.442e-20,4.934e-20,4.515e-20,0.0002,119.54,0
BottomS52351,8.4140,-1.2622,9.082e-20,9.857e-20,8.650e-20,0.0005,126.42,0
BottomS52361,8.6459,-1.1724,2.284e-18,1.967e-18,1.016e-18,0.0008,117.03,0
BottomS52362,8.3873,-1.1768,2.022e-20,2.629e-20,3.224e-20,-0.0002,123.95,0
BottomS52363,8.5178,-0.8657,7.145e-20,7.722e-20,6.679e-20,0.0012,121.52,0
BottomS52365,8.7436,-1.1334,5.038e-20,6.009e-20,6.033e-20,-0.0006,121.43,0
BottomS52367,8.4617,-1.0561,2.701e-19,2.690e-19,1.899e-19,0.0006,127.43,0
BottomS52371,8.5391,-1.0962,4.245e-19,4.243e-19,2.974e-19,0.0002,122.82,0
BottomS52372,8.5939,-0.9119,1.061e-20,1.367e-20,1.604e-20,0.0002,127.29,0
BottomS52374,8.7020,-1.3910,1.956e-20,2.471e-20,2.842e-20,0.0001,127.86,0
BottomS52377,8.7810,-1.2823,7.054e-14,5.297e-14,2.226e-14,-0.0003,125.88,1
BottomS52381,8.4771,-1.1225,3.002e-19,2.868e-19,1.953e-19,-0.0004,122.66,0
BottomS52382,8.6319,-0.9723,4.672e-18,3.665e-18,1.694e-18,0.0002,126.44,0
BottomS52384,8.7213,-1.2847,1.271e-18,2.458e-18,7.102e-18,0.0004,127.87,0
BottomS52385,8.4522,-0.9788,5.678e-20,6.391e-20,6.001e-20,0.0,124.17,0
BottomS52392,8.7395,-0.9651,9.699e-20,1.153e-19,1.172e-19,0.0003,116.96,0
BottomS52395,8.5575,-1.2436,1.264e-19,1.430e-19,1.309e-19,-0.0008,125.63,0
BottomS52397,8.5382,-1.0305,1.394e-19,1.458e-19,1.193e-19,-0.0009,125.26,0
BottomS52399,8.5234,-1.1517,8.078e-20,8.851e-20,7.723e-20,0.0001,117.53,0
BottomS52401,8.4734,-1.2235,1.508e-20,2.060e-20,2.801e-20,0.0004,127.92,0
BottomS52405,8.7514,-0.9639,2.906e-19,2.951e-19,2.112e-19,0.0004,118.99,0
BottomS52407,8.6791,-1.2449,2.679e-20,3.390e-20,3.791e-20,-0.0002,124.49,0
BottomS52408,8.5214,-1.0916,6.408e-19,1.366e-18,4.748e-18,-0.0002,118.44,0
BottomS52410,8.3752,-1.0453,2.565e-20,3.004e-20,3.014e-20,-0.0003,119.61,0
BottomS52411,8.6546,-1.1289,4.958e-14,4.609e-14,2.764e-14,0.0006,127.77,1
BottomS52424,8.6566,-0.9608,9.828e-20,1.127e-19,1.063e-19,0.0004,127.26,0
BottomS52428,8.4281,-0.9140,1.846e-20,2.240e-20,2.435e-20,0.0002,127.16,0
BottomS52430,8.4605,-1.1233,2.160e-19,3.741e-19,8.585e-19,0.0003,124.75,0
BottomS52434,8.5851,-1.1613,2.603e-19,2.699e-19,2.157e-19,-0.0002,119.1,0
BottomS52437,8.6459,-1.1254,1.244e-18,1.945e-18,3.503e-18,0.0003,126.95,0
BottomS52446,8.6329,-1.1298,2.226e-20,2.648e-20,2.750e-20,-0.0009,124.7,0
BottomS52447,8.7112,-1.1546,3.206e-19,3.248e-19,2.436e-19,-0.0002,124.35,0
BottomS52448,8.7526,-0.9224,6.842e-19,6.526e-19,4.256e-19,0.0004,125.14,0
BottomS52455,8.7316,-1.1849,3.620e-20,4.313e-20,4.685e-20,-0.0,124.6,0
BottomS52460,8.6355,-0.8892,1.087e-18,9.518e-19,5.469e-19,-0.0002,116.56,0
BottomS52466,8.3488,-1.0049,2.957e-19,5.357e-19,1.343e-18,-0.0002,128.0,0
BottomS52468,8.6247,-1.1050,1.989e-19,2.049e-19,1.570e-19,-0.0003,120.37,0
BottomS52470,8.4906,-1.0058,1.942e-19,3.379e-19,7.629e-19,-0.0002,123.27,0
BottomS52479,8.5493,-0.9072,1.941e-19,1.869e-19,1.239e-19,0.0003,118.42,0
BottomS52482,8.3469,-0.9970,1.116e-20,1.497e-20,2.031e-20,0.0003,123.05,0
BottomS52487,8.3753,-1.2847,2.371e-19,2.414e-19,1.758e-19,0.0003,124.52,0
BottomS52492,8.2843,-1.2801,1.213e-20,1.638e-20,2.187e-20,-0.0003,123.41,0
BottomS52493,8.7537,-1.1634,7.076e-19,6.379e-19,3.790e-19,-0.0,128.01,0
BottomS52502,8.5411,-1.2329,1.369e-20,1.822e-20,2.340e-20,0.0009,121.34,0
BottomS52504,8.5885,-0.9990,3.677e-20,4.149e-20,3.825e-20,0.0001,126.42,0
BottomS52505,8.8214,-1.1252,1.536e-18,2.742e-18,6.852e-18,-0.0,117.81,0
BottomS52507,8.4983,-1.0662,1.134e-20,1.451e-20,1.745e-20,0.0002,120.84,0
BottomS52511,8.5502,-1.1567,2.412e-18,2.029e-18,1.027e-18,-0.0,125.14,0
BottomS52512,8.4806,-1.1411,1.642e-15,1.088e-15,3.430e-16,0.0002,122.95,0
BottomS52520,8.4467,-1.0079,7.364e-19,1.315e-18,3.078e-18,0.0,125.45,0
BottomS52522,8.5589,-1.1255,9.373e-19,8.031e-19,4.317e-19,-0.0001,126.21,0
BottomS52524,8.6050,-1.2589,2.068e-20,2.491e-20,2.599e-20,-0.0007,118.67,0
BottomS52528,8.2881,-1.0269,1.128e-20,1.370e-20,1.486e-20,0.0003,124.68,0
BottomS52530,8.4152,-0.9261,6.268e-19,5.672e-19,3.405e-19,-0.0,120.15,0
BottomS52533,8.6899,-1.0482,2.428e-20,2.812e-20,2.821e-20,-0.0008,118.66,0
BottomS52535,8.7631,-1.1016,4.807e-20,5.727e-20,6.036e-20,0.0008,117.11,0
BottomS52543,8.4920,-0.9103,3.126e-18,5.134e-18,9.959e-18,-0.0003,125.93,0
BottomS52546,8.6953,-0.8751,3.222e-20,3.773e-20,3.663e-20,0.0006,125.9,0
BottomS52547,8.5279,-0.9948,5.339e-19,5.184e-19,3.566e-19,0.0001,124.85,0
BottomS52552,8.5079,-1.0495,6.024e-19,5.791e-19,3.887e-19,0.0008,125.83,0
BottomS52555,8.6334,-1.2292,1.071e-18,1.897e-18,4.486e-18,0.0011,118.92,0
BottomS52559,8.6263,-0.9899,1.439e-18,2.556e-18,6.264e-18,0.0002,117.12,0
BottomS52565,8.4941,-0.9146,2.809e-18,5.008e-18,1.176e-17,-0.0002,123.45,0
BottomS52581,8.5049,-1.0623,1.783e-18,2.883e-18,5.720e-18,0.0005,124.47,0
BottomS52586,8.6080,-1.1643,9.488e-19,2.047e-18,7.443e-18,-0.0005,118.18,0
BottomS52588,8.5950,-0.9210,3.145e-20,3.745e-20,3.919e-20,0.0009,121.41,0
BottomS52592,8.5316,-1.0824,7.305e-20,8.005e-20,7.268e-20,0.001,127.82,0
BottomS52593,8.7108,-0.9252,4.069e-20,4.869e-20,5.152e-20,-0.0,121.91,0
BottomS52598,8.6437,-1.1664,2.728e-19,2.728e-19,1.944e-19,0.0007,123.72,0
BottomS52604,8.7371,-1.0848,2.827e-20,3.517e-20,3.974e-20,0.0001,119.52,0
BottomS52605,8.4814,-1.0327,7.870e-19,7.210e-19,4.283e-19,0.0003,125.19,0
BottomS52608,8.4043,-0.9736,1.205e-19,1.353e-19,1.229e-19,-0.0001,119.99,0
BottomS52610,8.5665,-1.2322,1.760e-20,2.216e-20,2.615e-20,0.0006,127.71,0
BottomS52614,8.6236,-1.2394,2.607e-19,2.643e-19,2.025e-19,0.0001,124.61,0
BottomS52615,8.6043,-1.2345,3.194e-20,3.847e-20,4.128e-20,-0.0002,116.79,0
BottomS52617,8.3458,-0.9686,6.174e-19,9.019e-19,1.441e-18,0.0005,122.55,0
BottomS52619,8.6542,-0.9484,1.911e-14,1.327e-14,4.483e-15,-0.0005,124.15,0
BottomS52622,8.6631,-0.9712,2.030e-20,2.447e-20,2.606e-20,-0.0002,117.45,0
BottomS52624,8.5346,-1.2756,2.045e-18,1.724e-18,8.914e-19,0.0008,117.13,0
BottomS52625,8.5947,-1.2798,1.074e-20,1.439e-20,1.896e-20,-0.0002,120.11,0
BottomS52630,8.3584,-1.4087,2.995e-19,2.994e-19,2.200e-19,0.0004,119.04,0
BottomS52631,8.5192,-1.0552,3.529e-20,4.106e-20,4.106e-20,-0.0005,123.79,0
BottomS52637,8.7332,-1.2012,1.328e-20,1.699e-20,2.058e-20,-0.0,121.27,0
BottomS52638,8.4144,-1.1119,1.801e-20,2.179e-20,2.297e-20,-0.0001,123.01,0
BottomS52640,8.5993,-1.0605,1.898e-20,2.323e-20,2.533e-20,0.0,119.32,0
BottomS52646,8.7101,-1.1377,5.489e-20,6.260e-20,5.879e-20,0.0,119.44,0
BottomS52649,8.2779,-1.0924,1.079e-18,1.513e-18,2.264e-18,-0.0,120.4,0
BottomS52653,8.4043,-1.1795,3.418e-14,2.457e-14,9.678e-15,0.0,120.22,0
BottomS52657,8.5914,-1.1914,1.054e-20,1.387e-20,1.692e-20,-0.0,117.12,0
BottomS52661,8.3864,-1.0429,9.079e-19,1.736e-18,4.941e-18,-0.0008,121.73,0
BottomS52662,8.5451,-1.1031,3.732e-19,3.604e-19,2.403e-19,-0.0006,121.1,0
BottomS52668,8.5820,-1.3629,3.698e-20,4.306e-20,4.336e-20,0.0009,127.83,0
BottomS52669,8.6497,-1.2286,6.798e-14,4.789e-14,1.733e-14,0.0006,118.74,0
BottomS52676,8.4081,-1.4066,1.364e-19,1.504e-19,1.328e-19,-0.0001,118.49,0
BottomS52677,8.5272,-1.0186,1.519e-20,1.840e-20,2.037e-20,0.0,123.44,0
BottomS52678,8.6652,-1.0391,3.461e-19,3.431e-19,2.380e-19,-0.0001,123.78,0
BottomS52679,8.6218,-0.9217,3.747e-20,4.231e-20,3.922e-20,0.0002,123.07,0
BottomS52681,8.7761,-1.0472,8.608e-20,9.248e-20,8.024e-20,0.0004,123.27,0
BottomS52682,8.3735,-1.0821,2.670e-18,4.543e-18,9.596e-18,0.0003,128.24,0
BottomS52690,8.2750,-1.3788,2.031e-19,2.028e-19,1.455e-19,0.0,124.5,0
BottomS52693,8.5620,-1.2028,1.046e-18,9.571e-19,5.873e-19,-0.0006,124.83,0
BottomS52698,8.5492,-1.1552,2.561e-20,3.109e-20,3.447e-20,-0.0003,124.57,0
BottomS52699,8.7564,-1.2445,2.146e-19,2.141e-19,1.527e-19,0.0003,117.78,0
BottomS52700,8.3054,-1.1113,4.826e-18,4.109e-18,2.108e-18,0.0007,126.33,0
BottomS52703,8.3713,-1.0025,2.052e-18,1.745e-18,8.781e-19,0.0003,121.67,0
BottomS52709,8.4546,-1.2793,3.158e-18,5.835e-18,1.445e-17,0.0009,124.46,0
BottomS52722,8.4126,-0.9782,1.277e-19,1.365e-19,1.121e-19,0.0002,122.24,0
BottomS52728,8.5003,-1.2974,5.604e-20,6.131e-20,5.185e-20,0.0003,123.93,0
BottomS52731,8.7573,-1.1027,1.984e-18,1.769e-18,9.999e-19,-0.0002,116.8,0
BottomS52738,8.3848,-1.1083,6.149e-19,6.100e-19,4.458e-19,-0.0004,121.93,0
BottomS52745,8.6410,-0.8326,4.540e-19,6.797e-19,1.085e-18,-0.001,128.28,0
BottomS52749,8.6373,-0.8614,2.747e-14,1.975e-14,7.325e-15,0.0007,120.95,0
BottomS52751,8.5639,-1.1874,1.124e-18,1.679e-18,2.668e-18,-0.0004,123.61,0
BottomS52752,8.6780,-1.2848,9.956e-19,8.923e-19,5.135e-19,0.0007,125.73,0
BottomS52753,8.5062,-1.0150,4.645e-14,4.091e-14,2.257e-14,-0.0004,127.44,1
BottomS52757,8.6624,-1.2226,2.136e-18,3.597e-18,7.640e-18,0.001,116.86,0
BottomS52758,8.5642,-1.1542,2.997e-19,2.987e-19,2.142e-19,0.0,122.94,0
BottomS52759,8.4285,-1.1562,5.852e-20,6.757e-20,6.456e-20,0.0004,118.37,0
BottomS52761,8.6547,-1.2912,1.800e-18,2.920e-18,5.940e-18,-0.0002,128.23,0
BottomS52763,8.5066,-0.9900,6.524e-20,7.846e-20,8.108e-20,-0.0001,126.06,0
BottomS52764,8.4725,-1.2837,7.842e-20,8.537e-20,7.562e-20,-0.0006,126.14,0
BottomS52765,8.6504,-1.2114,9.737e-20,1.108e-19,1.055e-19,0.0004,117.5,0
BottomS52767,8.4822,-1.3719,1.574e-20,2.208e-20,3.227e-20,0.0002,122.86,0
BottomS52768,8.6303,-1.2581,7.432e-19,1.270e-18,2.739e-18,-0.0006,124.21,0
BottomS52781,8.4013,-1.0319,1.249e-18,3.021e-18,1.386e-17,-0.0003,122.07,1
BottomS52791,8.3422,-0.8851,6.771e-19,1.092e-18,2.027e-18,0.0,128.57,0
BottomS52801,8.8677,-1.1023,5.166e-20,5.539e-20,4.540e-20,0.0007,122.21,0
BottomS52804,8.4821,-0.7428,4.713e-20,5.281e-20,4.646e-20,0.0013,118.07,0
BottomS52808,8.6605,-1.1176,2.301e-20,2.785e-20,2.978e-20,-0.0,123.77,0
BottomS52814,8.5855,-1.1865,1.543e-18,2.329e-18,4.074e-18,0.0004,122.88,0
BottomS52815,8.4758,-0.9262,5.073e-19,4.958e-19,3.286e-19,0.0,118.76,0
BottomS52816,8.6120,-1.3508,1.055e-18,1.452e-18,1.986e-18,-0.0006,122.67,0
BottomS52817,8.3981,-1.2381,1.178e-20,1.482e-20,1.700e-20,-0.0008,122.02,0
BottomS52819,8.5810,-1.2136,1.387e-18,3.016e-18,1.096e-17,0.0003,121.65,0
BottomS52821,8.5417,-1.2653,1.144e-18,1.068e-18,6.632e-19,0.0005,119.61,0
BottomS52824,8.4604,-1.2462,3.245e-19,3.241e-19,2.389e-19,-0.0,126.67,0
BottomS52830,8.8699,-1.2112,7.404e-19,6.734e-19,3.829e-19,-0.0001,125.05,0
BottomS52832,8.4147,-1.2302,1.274e-18,2.343e-18,6.051e-18,0.0001,121.4,0
BottomS52837,8.5992,-0.9482,5.879e-18,4.687e-18,2.217e-18,0.0012,126.7,0
BottomS52840,8.5941,-0.8582,1.647e-18,2.748e-18,5.524e-18,-0.0006,128.25,0
BottomS52846,8.6244,-1.0063,1.807e-19,1.894e-19,1.482e-19,-0.0003,118.44,0
BottomS52853,8.5133,-1.0711,1.746e-18,3.544e-18,1.107e-17,0.0007,119.8,0
BottomS52857,8.6587,-0.9828,2.134e-20,2.546e-20,2.639e-20,-0.0007,119.25,0
BottomS52859,8.7092,-1.2819,3.138e-20,3.749e-20,4.014e-20,0.0002,117.99,0
BottomS52861,8.5020,-1.1370,5.270e-14,3.889e-14,1.507e-14,0.0002,119.71,0
BottomS52866,8.6982,-1.1060,3.090e-20,3.854e-20,4.453e-20,-0.0001,128.56,0
BottomS52869,8.7004,-0.8951,1.841e-18,3.793e-18,1.226e-17,-0.0003,126.08,0
BottomS52870,8.4908,-1.1692,1.224e-19,1.334e-19,1.176e-19,0.0007,123.42,0
BottomS52873,8.6672,-1.0037,1.940e-18,1.643e-18,8.440e-19,-0.0001,122.57,0
BottomS52875,8.5589,-1.1069,1.587e-19,1.736e-19,1.460e-19,-0.0006,125.34,0
BottomS52878,8.6764,-1.2157,1.666e-20,2.049e-20,2.275e-20,0.0004,122.47,0
BottomS52879,8.4385,-1.1082,7.380e-20,7.709e-20,6.077e-20,0.0004,127.12,0
BottomS52880,8.5322,-1.1862,1.368e-20,1.706e-20,1.980e-20,-0.0003,127.57,0
BottomS52887,8.6100,-1.0600,1.830e-20,2.388e-20,2.961e-20,-0.0,117.23,0
BottomS52888,8.4577,-1.0967,2.614e-18,2.164e-18,1.079e-18,0.0002,126.85,0
BottomS52892,8.4939,-0.9211,1.478e-20,1.899e-20,2.298e-20,0.0001,124.93,0
BottomS52894,8.7077,-1.3336,1.281e-20,1.702e-20,2.285e-20,-0.0004,117.36,0
BottomS52900,8.5021,-1.1027,4.621e-18,8.643e-18,2.244e-17,0.0004,124.79,0
BottomS52911,8.7305,-1.0341,1.870e-20,2.348e-20,2.671e-20,-0.0011,124.79,0
BottomS52915,8.5591,-0.9414,7.826e-19,1.569e-18,4.664e-18,0.0,123.59,0
BottomS52916,8.4372,-1.0752,3.877e-20,4.465e-20,4.250e-20,0.0003,121.44,0
BottomS52919,8.3846,-1.0753,1.834e-19,1.830e-19,1.363e-19,-0.0001,125.19,0
BottomS52925,8.5585,-1.1491,4.543e-20,5.225e-20,4.911e-20,-0.0001,119.09,0
BottomS52928,8.7354,-1.1030,3.370e-14,2.326e-14,7.908e-15,0.0001,123.85,0
BottomS52930,8.7648,-0.9390,2.732e-20,3.278e-20,3.508e-20,0.0007,124.49,0
BottomS52935,8.6130,-0.9075,5.843e-20,6.527e-20,5.988e-20,-0.0001,121.11,0
BottomS52938,8.6255,-0.9911,1.825e-18,3.417e-18,9.514e-18,0.0001,122.42,0
BottomS52945,8.4085,-0.9891,1.237e-18,1.108e-18,6.473e-19,-0.0006,124.98,0
BottomS52952,8.6303,-1.0682,6.215e-20,6.819e-20,5.826e-20,-0.0013,124.62,0
BottomS52956,8.4501,-1.1640,5.290e-14,3.661e-14,1.263e-14,-0.0001,127.87,0
BottomS52957,8.4398,-1.2811,4.693e-19,4.449e-19,2.804e-19,0.0008,116.69,0
BottomS52963,8.4031,-0.9682,2.522e-19,2.586e-19,2.030e-19,0.0002,126.4,0
BottomS52964,8.6828,-0.9773,4.769e-15,3.112e-15,9.498e-16,-0.0006,122.05,0
BottomS52969,8.4586,-0.9437,8.207e-20,9.259e-20,8.599e-20,-0.0004,119.92,0
BottomS52976,8.9152,-1.0559,1.216e-17,8.992e-18,3.529e-18,-0.0004,123.71,0
BottomS52982,8.6210,-1.0088,1.341e-20,1.754e-20,2.208e-20,-0.0008,124.73,0
BottomS52984,8.4565,-0.9370,1.421e-18,2.226e-18,4.007e-18,0.0001,117.1,0
BottomS52998,8.5043,-1.3129,1.240e-19,1.280e-19,1.015e-19,0.0005,119.44,0
BottomS53002,8.3949,-1.0790,1.590e-20,2.088e-20,2.651e-20,-0.0001,117.43,0
BottomS53008,8.8013,-1.2448,5.574e-20,6.167e-20,5.354e-20,-0.0007,126.22,0
BottomS53015,8.6249,-1.0734,1.706e-19,1.725e-19,1.260e-19,0.0001,119.37,0
BottomS53017,8.7636,-1.0638,1.056e-18,9.142e-19,5.049e-19,-0.0005,127.56,0
BottomS53020,8.6177,-0.7594,1.130e-19,1.223e-19,1.018e-19,0.0006,121.55,0
BottomS53021,8.4177,-1.3056,1.913e-20,2.281e-20,2.403e-20,0.0001,119.94,0
BottomS53024,8.5041,-1.2194,1.099e-19,1.146e-19,9.427e-20,0.0005,119.21,0
BottomS53025,8.5761,-1.1970,1.557e-20,1.872e-20,1.966e-20,-0.0004,124.01,0
BottomS53026,8.6521,-1.0232,1.949e-20,2.438e-20,2.719e-20,-0.0,120.45,0
BottomS53028,8.5792,-0.9481,7.209e-19,6.485e-19,3.788e-19,0.0003,123.14,0
BottomS53029,8.6765,-0.8094,9.464e-18,7.257e-18,3.111e-18,0.0001,118.88,1
BottomS53030,8.7072,-1.1446,3.234e-20,3.761e-20,3.593e-20,-0.0,125.91,0
BottomS53037,8.8052,-1.1845,6.190e-14,5.348e-14,2.843e-14,-0.0002,124.91,1
BottomS53042,8.6955,-1.1765,1.181e-20,1.583e-20,2.053e-20,-0.0001,123.55,0
BottomS53044,8.4517,-1.2230,1.821e-18,3.410e-18,9.189e-18,-0.0008,120.43,0
BottomS53049,8.2895,-0.9753,9.298e-15,6.205e-15,2.010e-15,0.0001,123.09,0
BottomS53057,8.5263,-1.0793,5.786e-20,6.437e-20,5.717e-20,-0.0003,126.62,0
BottomS53061,8.5616,-1.1835,1.128e-19,1.177e-19,9.431e-20,-0.0001,119.52,0
BottomS53063,8.3722,-0.8732,1.231e-20,1.670e-20,2.317e-20,-0.0002,125.73,0
BottomS53067,8.6334,-1.2719,1.822e-14,1.219e-14,3.998e-15,0.0001,116.87,0
BottomS53070,8.4278,-1.0121,6.214e-20,7.086e-20,6.760e-20,0.0,119.51,0
BottomS53074,8.4361,-0.8795,1.479e-18,1.264e-18,6.658e-19,-0.0002,128.08,0
BottomS53076,8.5820,-0.9673,4.932e-14,3.674e-14,1.478e-14,0.0004,118.3,0
BottomS53083,8.5579,-0.9400,7.131e-19,1.562e-18,5.610e-18,-0.0001,117.98,0
BottomS53085,8.6456,-1.3817,6.395e-19,5.854e-19,3.580e-19,0.0002,126.5,0
BottomS53086,8.7052,-1.0799,8.933e-19,1.961e-18,7.163e-18,0.0005,122.95,0
BottomS53088,8.7097,-1.1751,1.252e-20,1.633e-20,2.069e-20,0.0003,124.16,0
BottomS53089,8.5454,-1.2039,4.154e-20,4.967e-20,5.154e-20,-0.0,119.22,0
BottomS53090,8.7747,-1.1129,2.477e-19,2.358e-19,1.532e-19,0.0002,123.17,0
BottomS53091,8.4322,-1.1250,9.461e-20,1.049e-19,9.164e-20,0.0,118.97,0
BottomS53092,8.4655,-1.2024,5.788e-19,9.949e-19,2.173e-18,0.0006,118.65,0
BottomS53097,8.5950,-0.9267,9.450e-20,1.040e-19,9.042e-20,-0.0005,122.79,0
BottomS53102,8.3786,-1.1174,2.317e-19,4.029e-19,9.195e-19,0.0002,121.34,0
BottomS53105,8.7328,-1.0897,2.833e-19,2.881e-19,2.066e-19,-0.0,120.34,0
BottomS53110,8.7297,-1.0409,3.021e-18,4.886e-18,9.532e-18,-0.0002,118.02,0
BottomS53123,8.6366,-1.0281,9.721e-20,1.006e-19,7.648e-20,-0.0,117.57,0
BottomS53129,8.4926,-0.8018,1.177e-18,1.048e-18,5.854e-19,-0.0002,117.74,0
BottomS53131,8.4644,-1.0567,6.330e-20,7.160e-20,6.908e-20,-0.0005,123.38,0
BottomS53133,8.5060,-1.0714,1.716e-19,1.790e-19,1.388e-19,0.0005,127.4,0
BottomS53141,8.6407,-0.9956,1.347e-18,3.188e-18,1.362e-17,-0.0009,119.99,1
BottomS53151,8.5584,-1.2615,3.317e-20,3.959e-20,4.133e-20,0.0,123.66,0
BottomS53152,8.5431,-1.3218,8.755e-19,1.521e-18,3.515e-18,0.0006,125.33,0
BottomS53157,8.3857,-1.1539,2.635e-14,1.782e-14,6.059e-15,-0.0003,127.62,0
BottomS53160,8.4575,-1.0917,1.803e-18,3.228e-18,7.631e-18,-0.0,124.34,0
BottomS53161,8.5019,-0.9690,2.470e-19,2.691e-19,2.238e-19,-0.0005,124.5,0
BottomS53167,8.7552,-1.2006,4.906e-20,5.664e-20,5.242e-20,-0.0004,123.23,0
BottomS53168,8.4195,-1.2699,1.841e-20,2.300e-20,2.499e-20,0.0005,117.88,0
BottomS53172,8.4338,-1.0757,5.486e-14,4.081e-14,1.641e-14,-0.0005,122.52,0
BottomS53176,8.6778,-0.9619,2.449e-18,2.025e-18,9.778e-19,0.0007,118.79,0
BottomS53179,8.6331,-1.1835,1.416e-20,1.762e-20,1.982e-20,0.0004,122.48,0
BottomS53186,8.4791,-1.2330,2.993e-20,3.453e-20,3.341e-20,0.0007,123.72,0
BottomS53188,8.6530,-1.2109,1.023e-20,1.388e-20,1.847e-20,-0.0005,117.65,0
BottomS53189,8.5960,-0.9924,3.914e-20,4.729e-20,5.033e-20,0.0007,118.86,0
BottomS53196,8.5627,-0.9329,1.047e-18,1.751e-18,3.636e-18,0.0003,120.46,0
BottomS53198,8.5823,-1.3239,4.022e-19,9.060e-19,3.477e-18,0.0011,124.38,0
BottomS53199,8.2992,-1.1308,1.620e-20,1.959e-20,2.131e-20,0.0002,121.45,0
BottomS53202,8.6276,-1.0636,1.188e-18,1.060e-18,6.110e-19,0.0,117.59,0
BottomS53204,8.3130,-1.1802,1.566e-20,1.981e-20,2.334e-20,0.0001,116.54,0
BottomS53210,8.3060,-1.1545,1.199e-19,1.214e-19,8.807e-20,0.0007,119.16,0
BottomS53212,8.6379,-1.2412,3.430e-20,4.076e-20,4.127e-20,0.0002,117.56,0
BottomS53216,8.6650,-0.8923,6.119e-19,1.206e-18,3.591e-18,-0.0008,117.38,0
BottomS53218,8.7238,-0.8591,6.337e-14,4.928e-14,2.166e-14,0.0003,121.49,1
BottomS53220,8.6086,-1.0554,1.474e-18,1.277e-18,6.921e-19,0.0001,122.82,0
BottomS53223,8.5506,-0.8277,1.813e-20,2.289e-20,2.716e-20,0.0011,123.71,0
BottomS53225,8.6172,-0.9851,1.362e-18,1.208e-18,6.749e-19,-0.0004,117.42,0
BottomS53227,8.6515,-1.3757,3.776e-20,4.378e-20,4.300e-20,-0.0003,125.42,0
BottomS53229,8.6535,-1.1480,4.229e-19,4.040e-19,2.670e-19,0.0002,125.49,0
BottomS53230,8.6145,-1.1778,1.895e-19,1.880e-19,1.298e-19,0.0003,123.61,0
BottomS53234,8.4099,-1.1433,2.299e-14,1.587e-14,5.278e-15,0.0008,119.73,0
BottomS53238,8.6418,-1.2614,2.146e-19,2.233e-19,1.679e-19,0.0002,124.77,0
BottomS53240,8.4945,-1.1206,7.835e-19,1.542e-18,4.588e-18,-0.0008,124.7,0
BottomS53244,8.5894,-1.0974,1.394e-20,1.811e-20,2.240e-20,0.0,126.88,0
BottomS53253,8.5987,-1.1196,2.967e-20,3.665e-20,3.898e-20,0.0,128.08,0
BottomS53255,8.6311,-1.0807,1.095e-18,1.931e-18,4.391e-18,-0.0011,127.3,0
BottomS53260,8.5657,-0.8677,1.077e-19,1.140e-19,9.393e-20,-0.0007,117.4,0
BottomS53264,8.7433,-1.0378,7.489e-20,8.540e-20,7.878e-20,-0.0001,127.32,0
BottomS53269,8.4974,-0.9711,1.552e-19,2.487e-19,4.733e-19,-0.0004,125.07,0
BottomS53274,8.4948,-0.9612,1.092e-20,1.438e-20,1.888e-20,0.001,126.91,0
BottomS53282,8.8322,-1.0068,1.108e-18,1.934e-18,4.428e-18,-0.001,118.6,0
BottomS53283,8.5570,-1.2103,5.894e-19,8.916e-19,1.572e-18,-0.0004,123.04,0
BottomS53286,8.7024,-0.9315,1.085e-14,7.006e-15,2.085e-15,0.0005,118.05,0
BottomS53287,8.6918,-0.9016,2.563e-19,2.515e-19,1.773e-19,0.0002,125.86,0
BottomS53292,8.5116,-1.0502,2.866e-18,6.157e-18,2.197e-17,0.0004,121.04,1
BottomS53295,8.5280,-0.9400,4.120e-20,4.394e-20,3.697e-20,0.0006,117.09,0
BottomS53296,8.6149,-1.2596,2.667e-20,3.283e-20,3.602e-20,0.0004,118.03,0
BottomS53300,8.5691,-1.1913,1.758e-19,1.831e-19,1.429e-19,-0.0003,118.36,0
BottomS53305,8.3809,-1.2523,1.596e-18,1.471e-18,9.250e-19,-0.0001,120.72,0
BottomS53306,8.4391,-1.0189,3.249e-19,3.136e-19,2.039e-19,0.0001,125.17,0
BottomS53307,8.6677,-1.1035,8.292e-20,8.969e-20,7.883e-20,-0.0004,121.48,0
BottomS53308,8.7540,-0.9691,2.029e-19,2.138e-19,1.700e-19,0.0002,121.34,0
BottomS53310,8.7366,-0.8077,7.001e-14,5.009e-14,1.847e-14,0.0002,118.59,0
BottomS53312,8.5921,-1.2563,7.879e-14,6.029e-14,2.526e-14,0.0004,125.82,1
BottomS53324,8.4080,-1.2133,4.703e-19,4.442e-19,2.848e-19,0.0002,117.81,0
BottomS53325,8.4941,-1.2716,3.854e-20,4.807e-20,5.366e-20,0.0003,117.14,0
BottomS53326,8.5287,-0.8282,1.483e-20,1.914e-20,2.334e-20,0.0002,123.77,0
BottomS53329,8.8163,-0.8808,3.175e-14,2.389e-14,9.540e-15,-0.0003,119.01,0
BottomS53330,8.7662,-1.0111,1.038e-19,1.123e-19,9.548e-20,-0.0003,123.47,0
BottomS53332,8.4221,-1.3475,1.237e-19,1.291e-19,1.044e-19,-0.0,117.87,0
BottomS53334,8.6737,-1.0208,3.822e-20,4.629e-20,4.968e-20,-0.0006,128.4,0
BottomS53342,8.5766,-0.8881,5.356e-14,3.799e-14,1.436e-14,0.0006,123.01,0
BottomS53343,8.4518,-0.9654,4.008e-20,4.671e-20,4.631e-20,0.0003,121.47,0
BottomS53348,8.4729,-1.1370,1.284e-18,2.688e-18,8.998e-18,0.0005,122.08,0
BottomS53349,8.5935,-0.9028,4.024e-19,3.977e-19,2.733e-19,-0.0007,127.28,0
BottomS53354,8.6510,-1.2250,5.363e-20,6.125e-20,5.693e-20,-0.0005,120.77,0
BottomS53355,8.8289,-1.0403,2.338e-20,2.864e-20,3.109e-20,-0.0008,116.67,0
BottomS53356,8.5721,-1.0569,1.797e-18,1.469e-18,7.310e-19,-0.0002,126.58,0
BottomS53362,8.6640,-0.8829,3.853e-20,4.437e-20,4.171e-20,-0.0007,122.4,0
BottomS53363,8.4274,-1.0689,4.283e-19,8.412e-19,2.514e-18,0.0002,126.97,0
BottomS53364,8.7240,-0.9987,2.268e-20,2.784e-20,2.971e-20,0.0001,120.54,0
BottomS53373,8.6052,-1.0134,9.274e-20,1.015e-19,8.572e-20,0.0003,127.28,0
BottomS53375,8.5567,-1.0701,4.058e-20,4.575e-20,4.171e-20,-0.0001,119.24,0
BottomS53384,8.5464,-0.9869,2.193e-19,2.309e-19,1.833e-19,0.0002,117.6,0
BottomS53388,8.6030,-1.0414,1.710e-20,2.092e-20,2.318e-20,0.0002,125.91,0
BottomS53393,8.5007,-0.9477,5.158e-19,4.766e-19,3.072e-19,-0.0004,121.76,0
BottomS53396,8.6346,-1.1237,1.559e-19,1.689e-19,1.388e-19,-0.001,123.49,0
BottomS53408,8.4404,-0.8702,1.363e-17,3.515e-17,1.858e-16,-0.0006,119.39,1
BottomS53409,8.5993,-1.1815,1.524e-20,2.114e-20,2.951e-20,-0.0009,120.04,0
BottomS53411,8.3275,-1.0314,2.182e-20,2.651e-20,2.904e-20,-0.0006,126.88,0
BottomS53414,8.6679,-1.0954,3.610e-20,4.243e-20,4.139e-20,0.0006,125.71,0
BottomS53419,8.5837,-1.0573,3.463e-20,4.160e-20,4.270e-20,0.0012,123.91,0
BottomS53423,8.5140,-1.2034,3.792e-20,4.576e-20,5.032e-20,-0.0002,127.12,0
BottomS53427,8.4289,-1.2880,8.231e-19,1.591e-18,4.450e-18,-0.0005,128.08,0
BottomS53436,8.6162,-1.0565,4.130e-18,8.752e-18,3.049e-17,-0.001,120.84,1
BottomS53444,8.6447,-1.2071,4.496e-19,4.291e-19,2.724e-19,-0.0002,121.81,0
BottomS53452,8.8054,-0.9752,4.923e-20,6.150e-20,6.767e-20,-0.0002,118.86,0
BottomS53453,8.7526,-1.2337,2.861e-19,4.596e-19,8.971e-19,0.0004,128.4,0
BottomS53460,8.4045,-1.3036,6.094e-20,7.096e-20,6.884e-20,-0.0002,128.58,0
BottomS53462,8.5417,-1.0331,2.032e-18,1.743e-18,9.083e-19,0.0004,120.13,0
BottomS53467,8.4732,-0.9839,6.715e-20,7.870e-20,7.734e-20,0.0006,126.55,0
BottomS53471,8.6361,-1.0466,2.015e-19,2.037e-19,1.550e-19,-0.0002,118.74,0
BottomS53472,8.5519,-1.0015,6.230e-19,5.897e-19,3.900e-19,0.0004,119.5,0
BottomS53475,8.6402,-1.2381,2.445e-20,2.956e-20,3.198e-20,0.0001,124.39,0
BottomS53480,8.5483,-0.8489,1.994e-20,2.505e-20,2.775e-20,-0.0004,127.37,0
BottomS53481,8.5373,-1.1017,1.955e-20,2.271e-20,2.275e-20,0.0,120.48,0
BottomS53484,8.5929,-1.0729,1.349e-20,1.816e-20,2.487e-20,-0.0004,120.0,0
BottomS53485,8.3620,-1.0072,8.201e-14,5.878e-14,2.296e-14,-0.0001,118.83,0
BottomS53490,8.4745,-1.0604,3.685e-18,2.907e-18,1.327e-18,-0.0003,124.77,0
BottomS53505,8.5913,-0.9517,1.081e-18,9.742e-19,5.881e-19,0.0007,117.74,0
BottomS53511,8.7522,-1.1961,1.281e-19,1.447e-19,1.322e-19,0.0004,126.91,0
BottomS53513,8.4183,-1.2292,1.290e-19,1.374e-19,1.124e-19,0.0002,124.29,0
BottomS53514,8.5515,-0.9585,1.773e-19,1.745e-19,1.274e-19,0.0004,122.47,0
BottomS53515,8.3975,-0.9444,1.258e-19,1.364e-19,1.184e-19,-0.0003,121.54,0
BottomS53519,8.4267,-0.9942,1.866e-14,1.272e-14,4.259e-15,-0.0008,127.65,0
BottomS53520,8.5400,-1.0998,7.702e-19,7.147e-19,4.545e-19,0.0007,122.34,0
BottomS53521,8.2329,-0.9932,1.138e-20,1.522e-20,1.994e-20,0.0005,128.1,0
BottomS53530,8.5679,-1.1646,9.188e-19,1.724e-18,4.497e-18,0.0004,124.69,0
BottomS53533,8.4765,-0.8896,1.601e-19,1.642e-19,1.250e-19,0.0001,126.59,0
BottomS53537,8.3138,-1.2188,3.819e-20,4.580e-20,5.001e-20,0.0004,117.09,0
BottomS53539,8.6586,-1.1551,2.493e-19,2.489e-19,1.844e-19,0.0003,123.88,0
BottomS53547,8.5860,-1.0774,1.352e-20,1.795e-20,2.276e-20,0.0004,122.19,0
BottomS53548,8.5982,-1.1402,3.482e-18,4.950e-18,7.467e-18,0.0007,127.34,0
BottomS53552,5.0374,-2.8776,2.214e-14,1.512e-14,5.023e-15,0.0003,111.63,0
BottomS53555,5.0324,-2.9046,1.947e-19,1.970e-19,1.452e-19,0.0002,112.85,0
BottomS53558,5.0512,-2.9077,7.459e-20,8.628e-20,8.131e-20,-0.0004,112.14,0
BottomS53560,5.0006,-2.9501,8.908e-19,8.263e-19,5.198e-19,-0.0005,114.53,0
BottomS53561,5.0326,-2.9056,5.635e-20,6.806e-20,7.011e-20,0.0002,112.92,0
BottomS53562,4.9730,-2.9066,1.658e-20,2.060e-20,2.329e-20,0.0004,113.8,0
BottomS53566,5.0432,-2.9083,1.114e-18,9.886e-19,5.592e-19,-0.0006,112.16,0
BottomS53570,5.0184,-2.9227,1.105e-18,1.002e-18,6.015e-19,-0.0004,114.34,0
BottomS53577,4.9928,-2.8906,3.057e-19,2.988e-19,2.132e-19,0.0004,113.12,0
BottomS53582,5.0386,-2.9029,2.227e-20,2.849e-20,3.421e-20,-0.0008,111.78,0
BottomS53586,5.0415,-2.8636,9.509e-19,8.919e-19,5.603e-19,-0.0002,111.45,0
BottomS53587,5.0354,-2.9093,3.931e-20,4.634e-20,4.610e-20,-0.0006,113.74,0
BottomS53591,5.0369,-2.9268,1.641e-19,1.802e-19,1.514e-19,0.0004,113.65,0
BottomS53593,5.0450,-2.9006,5.565e-19,9.630e-19,2.203e-18,0.0,111.61,0
BottomS53595,5.0356,-2.9086,4.587e-15,2.966e-15,9.073e-16,-0.0008,112.89,0
BottomS53597,5.0286,-2.9088,1.094e-19,1.159e-19,9.327e-20,0.0002,114.0,0
BottomS53600,5.0093,-2.8841,1.543e-20,1.874e-20,2.042e-20,-0.0005,112.81,0
BottomS53602,5.0217,-2.8809,3.308e-19,3.165e-19,2.060e-19,-0.0005,112.38,0
BottomS53607,5.0359,-2.9039,2.235e-19,2.244e-19,1.655e-19,-0.0001,111.94,0
BottomS53614,5.0742,-2.9110,3.934e-18,3.246e-18,1.602e-18,0.0003,111.75,0
BottomS53618,5.0276,-2.9176,1.105e-18,1.831e-18,3.779e-18,0.0,114.02,0
BottomS53619,5.0187,-2.9195,8.287e-14,6.926e-14,3.520e-14,0.0001,114.26,1
BottomS53621,5.1110,-2.8847,1.533e-19,1.526e-19,1.081e-19,0.0011,111.37,0
BottomS53626,5.0296,-2.9079,2.158e-20,2.652e-20,2.825e-20,0.0003,113.55,0
BottomS53628,5.0382,-2.9199,2.392e-20,3.032e-20,3.574e-20,0.0,113.26,0
BottomS53630,4.9583,-2.9637,3.890e-19,3.890e-19,2.790e-19,0.0001,114.52,0
BottomS53632,5.0328,-2.8935,9.287e-19,8.407e-19,4.762e-19,-0.0003,111.92,0
BottomS53635,5.0687,-3.0743,4.257e-20,4.889e-20,4.686e-20,0.0006,113.41,0
BottomS53636,5.0539,-2.9231,6.612e-19,5.710e-19,3.071e-19,-0.0014,112.61,0
BottomS53644,5.0372,-2.9186,9.539e-19,1.400e-18,2.286e-18,0.0002,113.57,0
BottomS53649,5.0248,-2.9123,5.877e-20,6.453e-20,5.750e-20,-0.0006,114.18,0
BottomS53652,5.0149,-2.9042,3.534e-19,3.453e-19,2.343e-19,0.0002,113.58,0
BottomS53655,5.0022,-2.9304,1.283e-20,1.735e-20,2.330e-20,0.0008,114.41,0
BottomS53660,5.0325,-2.9230,1.416e-20,1.848e-20,2.260e-20,-0.0008,113.68,0
BottomS53663,5.0181,-2.9543,8.069e-20,8.592e-20,6.995e-20,0.0005,114.08,0
BottomS53676,5.0319,-2.9098,4.591e-19,8.329e-19,2.074e-18,-0.0002,113.57,0
BottomS53677,5.0094,-2.9049,1.213e-18,1.073e-18,5.893e-19,-0.0008,113.5,0
BottomS53681,4.9709,-2.8936,2.310e-19,2.347e-19,1.750e-19,-0.0006,113.45,0
BottomS53684,5.0345,-2.9085,2.062e-18,1.743e-18,9.086e-19,0.0006,113.24,0
BottomS53685,5.0147,-2.9306,1.749e-18,2.753e-18,5.051e-18,0.0001,114.52,0
BottomS53688,5.0253,-2.9106,1.155e-18,2.463e-18,8.417e-18,-0.0006,113.85,0
BottomS53693,4.9128,-2.9777,1.579e-20,2.134e-20,2.896e-20,0.0002,114.49,0
BottomS53696,5.0731,-2.8965,2.340e-18,4.081e-18,9.244e-18,0.0002,111.43,0
BottomS53697,5.0237,-2.9114,6.281e-19,5.733e-19,3.488e-19,0.0004,113.82,0
BottomS53698,5.0549,-2.8880,4.264e-18,1.066e-17,5.041e-17,-0.0001,111.14,1
BottomS53701,5.0388,-2.9084,2.046e-18,3.496e-18,7.643e-18,-0.0001,112.1,0
BottomS53702,5.0248,-2.9055,2.271e-19,2.380e-19,1.926e-19,-0.0005,113.63,0
BottomS53703,5.0403,-2.9036,2.894e-19,2.770e-19,1.847e-19,0.001,111.8,0
BottomS53704,5.0221,-2.9440,5.770e-19,5.181e-19,3.000e-19,-0.0004,114.13,0
BottomS53706,5.0489,-2.8816,7.759e-19,7.247e-19,4.602e-19,-0.0001,111.14,0
BottomS53708,5.0394,-2.9073,1.073e-20,1.468e-20,2.014e-20,-0.0003,111.94,0
BottomS53711,4.9866,-2.9009,1.865e-20,2.367e-20,2.727e-20,-0.0003,113.41,0
BottomS53715,5.0285,-2.8876,2.260e-20,2.674e-20,2.790e-20,0.0001,112.13,0
BottomS53720,5.0302,-2.9115,1.351e-18,1.271e-18,7.973e-19,0.0005,113.9,0
BottomS53721,5.0376,-2.9083,1.077e-18,9.293e-19,5.127e-19,0.0005,112.48,0
BottomS53724,5.0236,-2.9016,3.506e-17,1.046e-16,7.335e-16,-0.0001,113.05,1
BottomS53727,4.9822,-2.9317,4.543e-14,3.173e-14,1.118e-14,-0.001,114.19,0
BottomS53728,4.9908,-2.9233,4.439e-20,4.829e-20,4.216e-20,0.0003,114.26,0
BottomS53745,5.0319,-2.9228,4.399e-19,4.235e-19,2.867e-19,0.001,113.95,0
BottomS53746,5.0323,-2.9043,3.367e-18,2.829e-18,1.447e-18,-0.0006,112.29,0
BottomS53762,5.0134,-2.9166,3.884e-18,3.235e-18,1.615e-18,0.0011,114.13,0
BottomS53768,5.0380,-2.9160,3.740e-19,3.843e-19,2.929e-19,0.0002,113.39,0
BottomS53769,5.0389,-2.9083,6.500e-20,7.317e-20,6.707e-20,-0.0002,112.27,0
BottomS53771,5.0434,-2.8873,1.994e-18,4.219e-18,1.424e-17,0.0008,111.15,0
BottomS53772,5.0368,-2.9016,6.240e-20,6.809e-20,5.935e-20,-0.0002,111.64,0
BottomS53773,5.0262,-2.9106,3.318e-19,6.111e-19,1.605e-18,0.001,113.83,0
BottomS53776,5.0588,-2.9280,2.622e-18,4.010e-18,6.767e-18,-0.0002,112.8,0
BottomS53779,5.0320,-2.8807,1.134e-14,7.539e-15,2.494e-15,0.0002,112.01,0
BottomS53781,5.0344,-2.9185,5.803e-19,5.606e-19,3.811e-19,-0.0004,113.65,0
BottomS53782,5.0478,-2.8697,8.918e-19,7.818e-19,4.173e-19,0.0005,111.42,0
BottomS53786,5.0255,-2.9483,2.035e-20,2.607e-20,2.985e-20,0.0004,114.05,0
BottomS53791,5.0520,-2.8957,1.097e-19,1.204e-19,1.038e-19,0.0014,111.35,0
BottomS53793,4.9958,-2.9828,1.011e-20,1.326e-20,1.670e-20,-0.0001,114.41,0
BottomS53795,5.0644,-2.9058,5.016e-15,7.051e-15,9.983e-15,-0.0004,111.63,0
BottomS53796,5.0031,-2.8636,1.069e-20,1.384e-20,1.718e-20,0.001,112.57,0
BottomS53797,5.0352,-2.9029,1.004e-19,1.079e-19,9.207e-20,-0.0011,111.68,0
BottomS53800,5.0558,-2.8384,9.118e-20,1.021e-19,9.009e-20,0.0008,111.3,0
BottomS53804,5.0090,-2.9244,7.090e-20,8.078e-20,7.574e-20,0.0003,114.29,0
BottomS53810,5.0312,-2.8995,5.577e-19,1.150e-18,3.576e-18,0.0003,112.29,0
BottomS53811,5.0169,-2.9011,1.823e-19,1.875e-19,1.500e-19,0.0003,113.3,0
BottomS53813,5.0082,-2.8989,1.040e-18,9.942e-19,6.527e-19,0.0,113.41,0
BottomS53814,5.0265,-2.9487,1.304e-19,1.347e-19,1.054e-19,-0.0004,114.0,0
BottomS53815,5.0308,-2.9045,6.866e-19,1.107e-18,2.162e-18,-0.0003,112.94,0
BottomS53821,4.9437,-2.8775,1.063e-19,1.255e-19,1.311e-19,-0.0002,113.44,0
BottomS53823,5.0448,-2.8972,4.717e-20,5.511e-20,5.448e-20,0.0003,111.39,0
BottomS53824,5.0768,-2.8794,1.375e-19,1.413e-19,1.079e-19,0.0007,111.09,0
BottomS53827,5.0326,-2.9147,4.556e-20,5.183e-20,4.902e-20,-0.0003,113.8,0
BottomS53828,5.0218,-2.8735,9.673e-20,1.047e-19,9.015e-20,-0.0006,112.15,0
BottomS53829,5.0418,-2.9256,3.043e-19,3.040e-19,2.237e-19,-0.0001,113.29,0
BottomS53830,5.0320,-2.9067,9.835e-20,1.060e-19,9.048e-20,-0.0002,113.55,0
BottomS53833,5.0326,-2.9060,3.197e-19,3.094e-19,2.073e-19,-0.0007,113.02,0
BottomS53834,5.0540,-2.9070,2.436e-19,2.523e-19,2.020e-19,-0.0007,111.8,0
BottomS53838,5.0386,-2.9072,1.496e-19,1.651e-19,1.441e-19,0.0006,112.08,0
BottomS53839,5.0401,-2.9341,4.826e-20,5.434e-20,5.208e-20,0.0006,113.59,0
BottomS53841,5.0285,-2.9121,1.544e-20,1.904e-20,2.143e-20,0.0001,113.7,0
BottomS53843,5.0391,-2.8871,1.345e-20,1.728e-20,2.089e-20,0.0008,111.72,0
BottomS53856,5.0172,-2.9008,8.149e-19,1.561e-18,4.385e-18,0.0002,113.13,0
BottomS53859,5.0380,-2.8569,4.225e-14,3.070e-14,1.164e-14,0.0001,111.79,0
BottomS53862,5.0436,-2.8744,2.779e-20,3.366e-20,3.567e-20,0.0009,111.34,0
BottomS53864,5.0123,-2.9161,2.110e-18,3.052e-18,4.842e-18,-0.0008,114.34,0
BottomS53865,5.0594,-2.8857,2.100e-20,2.644e-20,3.195e-20,0.0014,111.09,0
BottomS53869,5.0134,-2.9321,7.480e-20,8.052e-20,6.719e-20,0.0,114.55,0
BottomS53871,4.9894,-2.8611,1.311e-19,1.377e-19,1.100e-19,-0.0006,112.59,0
BottomS53872,5.0337,-2.9078,6.010e-19,5.549e-19,3.446e-19,-0.0011,113.26,0
BottomS53873,5.0343,-2.9057,2.892e-20,3.427e-20,3.527e-20,-0.0002,112.44,0
BottomS53877,4.9857,-2.9131,1.115e-19,1.194e-19,9.565e-20,0.0004,113.93,0
BottomS53885,5.0655,-2.8985,4.929e-19,4.750e-19,3.130e-19,0.0001,111.42,0
BottomS53889,5.0389,-2.9024,6.050e-20,7.101e-20,6.940e-20,-0.0005,111.64,0
BottomS53893,5.0356,-2.9018,1.237e-19,1.355e-19,1.170e-19,0.0004,111.72,0
BottomS53895,5.0345,-2.9071,4.577e-20,5.106e-20,4.591e-20,-0.0003,112.88,0
BottomS53898,5.0586,-2.8886,1.658e-18,2.343e-18,3.446e-18,-0.0006,111.04,0
BottomS53901,5.0520,-2.8956,3.378e-20,3.985e-20,4.114e-20,0.0003,111.33,0
BottomS53904,5.0283,-2.9105,1.543e-20,2.053e-20,2.725e-20,-0.0002,113.92,0
BottomS53905,5.1179,-2.8129,6.484e-20,7.016e-20,6.079e-20,0.0003,110.95,0
BottomS53917,5.0352,-2.8902,1.896e-20,2.406e-20,2.769e-20,0.0001,111.78,0
BottomS53921,5.0653,-2.9504,2.415e-19,2.496e-19,1.950e-19,-0.0,113.06,0
BottomS53922,5.0282,-2.8814,2.312e-19,3.993e-19,9.036e-19,0.0005,112.04,0
BottomS53924,5.0509,-2.8878,1.020e-20,1.282e-20,1.413e-20,0.0001,111.39,0
BottomS53927,5.0549,-2.9128,4.407e-20,5.265e-20,5.657e-20,-0.0002,112.17,0
BottomS53928,5.0410,-2.9113,1.316e-18,2.682e-18,8.613e-18,-0.0001,112.5,0
BottomS53932,5.0608,-2.9434,3.130e-20,3.697e-20,3.731e-20,-0.0001,113.11,0
BottomS53935,5.0236,-2.8892,7.964e-19,1.234e-18,2.179e-18,-0.0005,112.5,0
BottomS53951,5.0885,-2.8400,1.955e-18,1.652e-18,8.742e-19,-0.0009,111.09,0
BottomS53953,5.0570,-2.9457,2.903e-18,2.477e-18,1.251e-18,0.0,113.07,0
BottomS53959,5.0145,-2.8931,3.625e-20,4.260e-20,4.360e-20,0.0005,113.08,0
BottomS53960,5.0348,-2.8849,6.833e-14,4.964e-14,1.863e-14,0.0009,111.8,0
BottomS53969,4.9810,-2.8549,4.225e-18,9.624e-18,3.910e-17,-0.0002,112.67,1
BottomS53970,5.0356,-2.9066,1.849e-18,1.553e-18,7.789e-19,0.0001,112.58,0
BottomS53975,5.0498,-2.9083,3.229e-20,3.960e-20,4.265e-20,0.0003,112.11,0
BottomS53976,5.0308,-2.8110,8.550e-19,7.718e-19,4.642e-19,-0.0005,111.8,0
BottomS53978,5.0401,-2.9162,1.293e-19,1.338e-19,1.061e-19,-0.0006,113.08,0
BottomS53990,5.0484,-2.9070,3.925e-18,9.556e-18,4.401e-17,0.0005,111.96,1
BottomS53991,5.0351,-2.9084,1.226e-18,1.089e-18,6.311e-19,0.0,112.85,0
BottomS53993,4.9837,-2.9126,1.186e-18,2.778e-18,1.121e-17,-0.0,113.78,0
BottomS54000,5.0233,-2.8985,1.299e-20,1.628e-20,1.848e-20,0.0003,112.93,0
BottomS54005,4.9728,-2.9312,4.640e-19,4.416e-19,2.836e-19,-0.0,114.29,0
BottomS54009,4.9323,-2.8693,6.050e-18,4.845e-18,2.232e-18,-0.0004,113.29,0
BottomS54012,5.0147,-2.9187,3.990e-19,3.767e-19,2.453e-19,-0.0003,114.17,0
BottomS54020,5.0146,-2.9906,1.077e-14,7.356e-15,2.369e-15,-0.0007,114.09,0
BottomS54022,4.9753,-3.0107,1.392e-20,1.749e-20,1.998e-20,-0.0009,114.32,0
BottomS54023,5.0350,-2.9075,3.787e-20,4.404e-20,4.389e-20,0.0002,113.07,0
BottomS54033,5.0407,-2.9249,6.179e-20,7.229e-20,6.953e-20,0.0004,113.35,0
BottomS54041,5.0220,-2.9024,1.812e-20,2.278e-20,2.646e-20,0.0007,113.38,0
BottomS54051,5.0848,-2.8762,5.156e-19,4.857e-19,3.227e-19,0.0001,111.14,0
BottomS54054,5.0432,-2.8978,2.347e-20,2.791e-20,2.889e-20,0.0002,111.42,0
BottomS54057,5.0302,-2.9112,1.220e-20,1.689e-20,2.318e-20,0.0007,113.7,0
BottomS54059,5.0823,-2.9342,1.351e-18,1.961e-18,2.988e-18,-0.0003,112.48,0
BottomS54060,5.0306,-2.9134,3.149e-19,6.419e-19,2.004e-18,-0.0006,113.65,0
BottomS54064,5.0458,-2.9323,2.636e-19,2.575e-19,1.820e-19,-0.0002,113.2,0
BottomS54067,5.0479,-2.9120,2.529e-19,2.416e-19,1.580e-19,0.0009,112.33,0
BottomS54070,5.0538,-2.8931,4.577e-20,5.675e-20,6.235e-20,0.0002,111.17,0
BottomS54076,5.0287,-2.9766,1.355e-20,1.683e-20,1.874e-20,0.0004,114.1,0
BottomS54085,5.0249,-2.9190,1.629e-20,1.942e-20,2.100e-20,0.0006,114.15,0
BottomS54086,5.0290,-2.9097,1.359e-19,1.465e-19,1.245e-19,0.0005,113.99,0
BottomS54089,5.0120,-2.9601,2.216e-19,2.193e-19,1.596e-19,0.0005,114.49,0
BottomS54091,5.0369,-2.9104,3.258e-14,2.270e-14,7.840e-15,-0.0,112.91,0
BottomS54092,5.0030,-2.8937,1.438e-20,1.837e-20,2.132e-20,-0.0004,112.96,0
BottomS54094,5.0210,-2.9603,3.490e-18,5.222e-18,8.957e-18,0.0009,114.21,0
BottomS54097,4.9516,-2.9458,1.095e-18,2.209e-18,6.526e-18,0.0002,114.37,0
BottomS54100,5.0518,-2.9037,3.666e-18,5.973e-18,1.157e-17,0.0006,111.53,0
BottomS54101,5.0255,-2.9231,1.019e-18,1.625e-18,3.148e-18,0.0003,114.17,0
BottomS54103,4.9893,-2.9570,1.267e-20,1.732e-20,2.431e-20,-0.0001,114.47,0
BottomS54105,5.0400,-2.9015,3.254e-20,3.784e-20,3.770e-20,0.0002,111.55,0
BottomS54107,5.0198,-2.9290,1.039e-18,9.297e-19,5.356e-19,0.0005,114.36,0
BottomS54109,5.0463,-2.8962,4.157e-19,7.661e-19,1.982e-18,0.0007,111.38,0
BottomS54113,5.0339,-2.9042,4.038e-18,3.249e-18,1.469e-18,0.0005,112.42,0
BottomS54116,5.0658,-2.9083,2.122e-20,2.589e-20,2.803e-20,-0.0002,112.01,0
BottomS54119,5.0038,-2.9090,1.584e-18,2.796e-18,6.460e-18,0.0001,113.93,0
BottomS54123,5.0419,-2.9071,4.438e-19,4.253e-19,2.740e-19,-0.0003,112.0,0
BottomS54124,5.0291,-2.9039,7.181e-19,6.566e-19,4.150e-19,-0.0006,113.05,0
BottomS54125,5.0322,-2.9002,1.034e-20,1.320e-20,1.583e-20,0.0002,112.24,0
BottomS54126,5.0589,-2.8476,1.290e-20,1.678e-20,2.105e-20,0.0005,111.23,0
BottomS54137,5.0372,-2.9027,7.509e-18,1.302e-17,2.996e-17,-0.0001,111.7,0
BottomS54141,5.0411,-2.8887,1.012e-19,1.091e-19,8.920e-20,-0.0009,111.42,0
BottomS54150,5.0369,-2.9095,1.725e-18,1.404e-18,6.680e-19,0.0003,113.69,0
BottomS54159,5.0141,-2.9692,2.514e-20,2.910e-20,2.919e-20,0.0011,114.26,0
BottomS54161,5.0218,-2.9284,1.612e-18,1.477e-18,9.108e-19,0.0001,114.55,0
BottomS54164,5.0485,-2.9339,1.681e-19,1.846e-19,1.644e-19,0.0004,113.08,0
BottomS54167,5.0417,-2.8721,1.300e-20,1.696e-20,2.108e-20,-0.001,111.46,0
BottomS54170,5.0391,-2.9047,1.381e-18,1.222e-18,6.704e-19,0.0,111.62,0
BottomS54175,5.0202,-2.9028,6.988e-20,7.777e-20,7.247e-20,-0.0001,113.29,0
BottomS54180,5.0374,-2.9083,8.351e-19,7.856e-19,5.083e-19,-0.0013,111.83,0
BottomS54185,5.0686,-2.8898,2.753e-18,4.728e-18,1.040e-17,0.0006,111.37,0
BottomS54194,5.0346,-2.9115,8.654e-19,1.337e-18,2.360e-18,-0.0006,113.6,0
BottomS54195,5.0360,-2.9261,5.258e-14,3.689e-14,1.318e-14,-0.0002,113.48,0
BottomS54196,5.0303,-2.9004,2.593e-19,2.705e-19,2.093e-19,0.0007,112.51,0
BottomS54198,5.0384,-2.9315,9.692e-19,1.786e-18,4.695e-18,0.0001,113.53,0
BottomS54202,4.9803,-2.8481,1.806e-20,2.352e-20,2.880e-20,-0.0003,112.69,0
BottomS54203,4.9765,-2.8956,7.396e-20,8.143e-20,7.244e-20,0.0002,113.45,0
BottomS54204,4.9489,-2.9710,2.836e-18,2.374e-18,1.217e-18,0.0004,114.35,0
BottomS54207,4.9089,-2.7753,4.563e-20,5.215e-20,5.006e-20,-0.0002,112.79,0
BottomS54212,5.0258,-2.8992,7.723e-19,6.869e-19,3.900e-19,0.0007,112.86,0
BottomS54215,5.0596,-2.9423,1.472e-20,1.819e-20,2.019e-20,0.0003,113.03,0
BottomS54216,5.0243,-2.9194,1.661e-14,1.128e-14,3.778e-15,0.0004,114.24,0
BottomS54218,5.0271,-2.9078,1.038e-20,1.350e-20,1.677e-20,0.0002,113.45,0
BottomS54220,5.0155,-2.9028,1.083e-19,1.211e-19,1.075e-19,0.0003,113.49,0
BottomS54224,5.0278,-2.9093,7.241e-19,6.578e-19,3.934e-19,0.0012,114.05,0
BottomS54225,5.0327,-2.9098,4.186e-14,3.657e-14,2.040e-14,0.0007,113.44,1
BottomS54226,5.0217,-2.9157,5.683e-18,4.519e-18,2.032e-18,-0.0003,114.18,1
BottomS54227,5.0324,-2.8983,3.321e-20,3.984e-20,4.350e-20,-0.0009,112.09,0
BottomS54230,5.0396,-2.9170,3.118e-19,5.058e-19,9.661e-19,0.0001,113.17,0
BottomS54231,4.9931,-2.9403,3.506e-19,3.557e-19,2.699e-19,-0.0002,114.49,0
BottomS54235,5.0350,-2.9082,5.078e-20,5.584e-20,4.985e-20,0.0004,113.02,0
BottomS54236,5.0315,-2.8978,2.305e-20,2.841e-20,3.247e-20,0.0006,112.38,0
BottomS54241,5.0282,-2.8808,2.892e-20,3.539e-20,3.857e-20,0.0001,112.0,0
BottomS54245,5.0485,-2.8713,3.262e-20,3.948e-20,4.098e-20,0.0004,111.3,0
BottomS54253,5.0769,-2.8772,5.147e-14,5.156e-14,3.748e-14,0.0004,111.13,1
BottomS54257,4.9707,-2.8470,6.450e-20,7.500e-20,7.788e-20,0.0004,112.75,0
BottomS54259,5.0550,-2.9194,1.075e-19,1.225e-19,1.141e-19,-0.0002,112.48,0
BottomS54261,5.1025,-2.8208,3.474e-20,4.116e-20,4.332e-20,-0.0006,110.97,0
BottomS54262,5.0342,-2.9111,2.088e-19,2.172e-19,1.749e-19,0.0,113.78,0
BottomS54264,5.0335,-2.9080,4.678e-19,8.115e-19,1.806e-18,0.0001,113.19,0
BottomS54265,5.0416,-2.9036,3.757e-20,4.560e-20,4.990e-20,-0.0004,111.43,0
BottomS54271,5.0249,-2.9125,1.433e-19,1.511e-19,1.206e-19,0.0005,113.88,0
BottomS54275,4.9979,-2.9365,7.125e-20,8.013e-20,7.277e-20,0.0001,114.39,0
BottomS54277,5.0350,-2.9077,4.711e-20,5.556e-20,5.476e-20,-0.0,112.84,0
BottomS54280,4.9536,-2.9197,2.352e-14,1.590e-14,5.340e-15,-0.0,114.0,0
BottomS54290,5.0027,-2.9045,1.018e-19,1.062e-19,8.687e-20,0.0,113.65,0
BottomS54292,5.0529,-2.8837,5.822e-20,6.627e-20,6.145e-20,0.0004,111.18,0
BottomS54294,5.0268,-2.9212,3.151e-20,3.690e-20,3.685e-20,-0.0004,114.0,0
BottomS54295,5.0330,-2.9117,2.849e-18,2.441e-18,1.310e-18,0.0003,113.79,0
BottomS54296,5.0435,-2.9001,4.429e-15,6.323e-15,9.721e-15,0.0006,111.43,0
BottomS54297,5.0823,-2.9561,3.210e-14,2.215e-14,7.613e-15,0.0006,112.83,0
BottomS54304,5.0632,-2.9256,2.053e-20,2.536e-20,2.880e-20,-0.0011,112.43,0
BottomS54308,5.0381,-2.9097,1.289e-19,1.390e-19,1.147e-19,0.0,112.01,0
BottomS54309,5.0504,-2.9177,1.028e-20,1.241e-20,1.360e-20,-0.0007,112.48,0
BottomS54320,5.1096,-2.8992,4.693e-19,4.640e-19,3.265e-19,0.0009,111.7,0
BottomS54323,5.0430,-2.8929,1.188e-20,1.463e-20,1.588e-20,0.0004,111.49,0
BottomS54335,5.0277,-2.9132,6.189e-20,6.923e-20,6.081e-20,0.001,114.01,0
BottomS54336,5.0296,-2.9080,1.183e-20,1.466e-20,1.636e-20,-0.0007,113.46,0
BottomS54339,5.0536,-2.8968,1.721e-20,2.105e-20,2.312e-20,-0.0001,111.23,0
BottomS54340,5.0788,-2.8950,3.716e-20,4.336e-20,4.417e-20,-0.0009,111.44,0
BottomS54345,5.0270,-2.9021,1.552e-20,2.083e-20,2.699e-20,0.0011,113.13,0
BottomS54346,5.0221,-2.9223,2.302e-19,2.342e-19,1.733e-19,0.0004,114.29,0
BottomS54347,5.0124,-2.8813,1.769e-18,2.960e-18,6.218e-18,-0.0003,112.67,0
BottomS54350,5.0354,-2.9053,2.331e-19,2.311e-19,1.685e-19,-0.0006,112.3,0
BottomS54351,5.0030,-2.9163,2.763e-19,2.907e-19,2.225e-19,-0.0004,114.11,0
BottomS54354,5.0149,-2.9289,4.436e-20,5.253e-20,5.280e-20,0.0003,114.31,0
BottomS54355,5.0175,-2.9214,5.349e-18,4.277e-18,1.970e-18,0.0,114.26,0
BottomS54359,5.0136,-2.8654,9.014e-18,7.206e-18,3.295e-18,-0.0004,112.33,1
BottomS54360,5.0414,-2.8947,2.665e-18,2.435e-18,1.418e-18,0.0008,111.38,0
BottomS54363,5.0196,-2.9561,5.074e-19,1.041e-18,3.197e-18,-0.0005,114.51,0
BottomS54364,5.0542,-2.8886,8.308e-20,9.457e-20,8.844e-20,0.0005,111.12,0
BottomS54366,5.0615,-2.8921,5.027e-18,1.360e-17,7.875e-17,-0.0001,111.09,1
BottomS54367,5.0463,-2.8788,1.104e-19,1.225e-19,1.075e-19,0.0001,111.06,0
BottomS54369,5.0455,-2.8868,5.859e-14,4.112e-14,1.526e-14,0.0001,111.29,0
BottomS54372,5.0478,-2.8986,2.786e-14,2.085e-14,8.632e-15,-0.0,111.38,0
BottomS54373,5.0237,-2.8866,7.876e-19,7.223e-19,4.328e-19,-0.0001,112.41,0
BottomS54374,5.0433,-2.9029,2.086e-18,1.874e-18,1.071e-18,0.0,111.59,0
BottomS54375,5.0573,-2.9491,6.523e-19,1.107e-18,2.391e-18,0.0004,113.57,0
BottomS54377,5.0141,-2.9032,1.244e-19,1.285e-19,9.891e-20,0.0001,113.77,0
BottomS54378,5.0514,-2.9012,6.301e-18,4.981e-18,2.203e-18,-0.0005,111.17,0
BottomS54379,5.0382,-2.9382,6.797e-19,6.125e-19,3.528e-19,0.0002,113.8,0
BottomS54380,5.0553,-2.8967,6.435e-19,5.938e-19,3.631e-19,0.0003,111.42,0
BottomS54381,5.0514,-2.9157,2.120e-19,2.379e-19,2.195e-19,0.0009,112.43,0
BottomS54382,5.0283,-2.9040,4.046e-19,3.867e-19,2.586e-19,0.0005,113.97,0
BottomS54383,5.0213,-2.9279,1.565e-17,1.269e-17,5.989e-18,0.0003,114.45,0
BottomS54385,5.0168,-2.9028,1.158e-20,1.532e-20,1.956e-20,-0.0004,113.5,0
BottomS54388,5.0422,-2.9025,1.666e-20,2.242e-20,3.083e-20,-0.0004,111.58,0
BottomS54389,5.0502,-2.9099,3.583e-19,6.333e-19,1.419e-18,0.0007,111.96,0
BottomS54393,5.0669,-2.9047,1.608e-18,1.451e-18,8.318e-19,0.0004,111.03,0
BottomS54395,5.0526,-2.8984,9.728e-19,1.608e-18,3.285e-18,-0.0004,111.46,0
BottomS54396,5.0334,-2.9260,1.710e-18,3.906e-18,1.484e-17,0.0001,113.86,0
BottomS54398,5.0548,-2.9334,8.814e-20,9.062e-20,7.172e-20,0.0011,113.16,0
BottomS54400,5.0253,-2.9148,3.958e-18,3.235e-18,1.598e-18,0.0001,113.86,0
BottomS54401,5.0288,-2.9177,1.055e-20,1.455e-20,2.090e-20,-0.0009,114.09,0
BottomS54402,5.0256,-2.8865,2.513e-19,5.131e-19,1.673e-18,0.0002,112.01,0
BottomS54404,5.0006,-2.8760,1.172e-20,1.674e-20,2.450e-20,-0.0002,112.72,0
BottomS54406,5.0736,-2.8905,1.228e-19,1.353e-19,1.136e-19,-0.0003,111.28,0
BottomS54407,5.0305,-2.9061,1.368e-18,1.245e-18,7.529e-19,0.0001,113.93,1
BottomS54411,5.0373,-2.9354,6.225e-18,1.076e-17,2.386e-17,-0.0,113.67,0
BottomS54412,5.0364,-2.9264,1.175e-20,1.518e-20,1.865e-20,0.0003,113.63,0
BottomS54413,5.0473,-2.8847,1.559e-19,1.636e-19,1.302e-19,-0.0003,111.57,0
BottomS54415,5.0332,-2.9213,2.117e-20,2.719e-20,3.237e-20,0.0006,114.0,0
BottomS54419,5.0446,-2.9047,2.838e-14,1.970e-14,6.884e-15,-0.0007,111.48,0
BottomS54423,5.0401,-2.8946,8.723e-19,1.520e-18,3.520e-18,0.0006,111.63,0
BottomS54424,5.0445,-2.8894,1.934e-18,1.620e-18,8.471e-19,0.0006,111.37,0
BottomS54427,5.0144,-2.9394,1.856e-18,1.632e-18,8.954e-19,0.0003,114.39,0
BottomS54428,5.0390,-2.9047,4.670e-20,5.299e-20,5.026e-20,0.0,112.43,0
BottomS54433,5.0271,-2.8863,1.965e-14,1.346e-14,4.668e-15,0.0001,112.06,0
BottomS54434,5.0257,-2.8961,4.684e-20,5.531e-20,5.520e-20,-0.0005,112.63,0
BottomS54437,5.0479,-2.9427,5.292e-19,4.949e-19,3.130e-19,-0.0006,113.67,0
BottomS54439,5.0473,-2.9139,3.809e-19,6.698e-19,1.547e-18,-0.0002,111.43,0
BottomS54440,5.0398,-2.9027,7.450e-19,6.744e-19,3.920e-19,0.0002,112.24,0
BottomS54441,5.0432,-2.8825,2.313e-18,3.502e-18,5.842e-18,-0.0006,111.18,0
BottomS54442,5.0187,-2.8871,3.058e-18,2.510e-18,1.178e-18,-0.0004,112.56,0
BottomS54444,5.0196,-2.9117,5.506e-20,6.263e-20,5.779e-20,-0.0004,114.01,0
BottomS54446,5.0511,-2.9065,4.435e-18,7.704e-18,1.771e-17,-0.0,112.19,0
BottomS54447,5.0322,-2.9146,6.951e-19,1.423e-18,4.377e-18,0.0008,113.34,0
BottomS54448,5.0373,-2.9092,2.074e-14,1.409e-14,4.626e-15,-0.0006,112.69,0
BottomS54449,5.0261,-2.8652,3.109e-20,3.779e-20,4.119e-20,0.0005,111.55,0
BottomS54452,5.0457,-2.9177,2.006e-19,2.160e-19,1.750e-19,-0.0001,112.65,0
BottomS54453,5.0402,-2.8920,1.470e-19,3.134e-19,1.084e-18,0.0003,111.23,0
BottomS54454,5.0224,-2.9154,6.667e-19,6.112e-19,3.697e-19,0.0013,113.77,0
BottomS54455,5.0120,-2.9138,3.012e-18,2.483e-18,1.214e-18,0.0006,113.99,0
BottomS54457,5.0532,-2.9072,1.472e-19,1.571e-19,1.299e-19,0.0007,111.22,0
BottomS54458,5.0141,-2.9249,1.137e-18,1.836e-18,3.678e-18,0.0005,114.53,0
BottomS54459,5.0528,-2.9064,1.881e-18,1.710e-18,9.832e-19,0.0002,111.69,0
BottomS54460,5.0133,-2.8675,1.378e-18,1.216e-18,6.931e-19,-0.0001,112.13,0
BottomS54462,5.0262,-2.9203,1.117e-18,1.017e-18,5.984e-19,-0.0001,114.14,0
BottomS54463,5.0409,-2.8809,2.738e-18,5.448e-18,1.657e-17,-0.0009,111.06,0
BottomS54465,5.0280,-2.9207,2.191e-20,2.523e-20,2.478e-20,0.0006,113.85,0
BottomS54466,5.0523,-2.9068,1.668e-18,1.470e-18,8.407e-19,0.0002,111.99,0
BottomS54470,5.0214,-2.9210,7.812e-14,6.751e-14,3.698e-14,-0.0001,114.1,1
BottomS54471,5.0476,-2.9039,1.744e-19,1.867e-19,1.535e-19,0.0009,111.43,0
BottomS54474,5.0536,-2.9192,1.481e-20,1.841e-20,2.157e-20,0.0004,112.47,0
BottomS54477,5.0442,-2.8875,3.140e-20,3.627e-20,3.547e-20,-0.0002,111.63,0
BottomS54478,5.0270,-2.8863,1.677e-20,2.074e-20,2.363e-20,0.0004,111.83,0
BottomS54479,5.0070,-2.9108,3.528e-19,6.033e-19,1.341e-18,0.0013,114.01,0
BottomS54480,5.0269,-2.8562,5.182e-20,5.584e-20,4.885e-20,0.0001,111.76,0
BottomS54481,5.0184,-2.9079,4.592e-18,3.802e-18,1.848e-18,0.0002,114.23,0
BottomS54486,5.0222,-2.8955,7.610e-18,6.137e-18,2.828e-18,0.0011,113.25,0
BottomS54487,5.0319,-2.9085,2.812e-20,3.401e-20,3.594e-20,-0.0003,113.24,0
BottomS54489,5.0171,-2.9220,1.529e-18,2.882e-18,7.962e-18,-0.0006,114.21,0
BottomS54490,5.0109,-2.9376,4.479e-20,5.185e-20,5.076e-20,-0.0004,114.33,0
BottomS54493,5.0375,-2.9229,7.142e-20,7.780e-20,6.665e-20,-0.0009,113.53,0
BottomS54494,5.0344,-2.9127,9.348e-19,9.118e-19,6.225e-19,0.0001,113.18,0
BottomS54498,5.0279,-2.9262,2.990e-20,3.547e-20,3.691e-20,-0.0004,113.79,0
BottomS54499,5.0392,-2.9234,1.020e-20,1.270e-20,1.453e-20,0.0001,113.52,0
BottomS54503,5.0275,-2.8990,6.812e-20,7.428e-20,6.541e-20,0.0009,112.63,0
BottomS54504,5.0231,-2.9031,4.115e-20,4.607e-20,4.097e-20,0.0002,113.58,0
BottomS54506,5.0447,-2.8962,5.952e-19,5.545e-19,3.607e-19,-0.0001,111.39,0
BottomS54507,5.0242,-2.9237,5.858e-20,6.545e-20,5.790e-20,-0.0003,114.21,0
BottomS54508,5.0332,-2.9150,6.079e-20,6.995e-20,6.631e-20,0.0004,113.59,0
BottomS54510,5.0336,-2.9013,4.696e-20,5.164e-20,4.694e-20,-0.0005,112.08,0
BottomS54511,5.0254,-2.8863,4.174e-20,4.984e-20,5.256e-20,-0.001,112.1,0
BottomS54512,5.0498,-2.9108,3.298e-20,4.082e-20,4.517e-20,0.0004,111.45,0
BottomS54514,5.0236,-2.9211,6.856e-14,4.838e-14,1.811e-14,-0.0008,114.22,0
BottomS54516,5.0450,-2.8876,1.496e-18,1.312e-18,7.184e-19,0.0005,111.1,0
BottomS54518,5.0233,-2.8893,1.665e-18,2.952e-18,6.976e-18,0.0003,112.42,0
BottomS54523,5.0173,-2.9275,2.026e-19,2.091e-19,1.587e-19,-0.0011,114.23,0
BottomS54524,5.0020,-2.9175,1.233e-18,1.719e-18,2.497e-18,-0.0002,114.23,0
BottomS54525,5.0322,-2.9051,1.026e-18,1.732e-18,3.677e-18,-0.0001,112.72,0
BottomS54526,5.0289,-2.9336,4.757e-19,4.802e-19,3.445e-19,0.0002,114.18,0
BottomS54527,5.0281,-2.8923,3.651e-18,2.895e-18,1.320e-18,0.0002,111.28,0
BottomS54529,5.0278,-2.8967,6.132e-14,4.956e-14,2.315e-14,-0.0003,111.91,1
BottomS54530,5.0073,-2.8864,9.974e-20,1.128e-19,1.042e-19,-0.0004,112.9,0
BottomS54533,5.0544,-2.8975,2.342e-19,2.422e-19,1.903e-19,-0.0004,111.39,0
BottomS54534,5.0569,-2.9092,9.131e-18,7.313e-18,3.392e-18,-0.0002,111.23,0
BottomS54535,5.0525,-2.9102,5.870e-19,8.730e-19,1.417e-18,-0.0008,112.02,0
BottomS54536,5.0316,-2.9113,1.684e-18,1.462e-18,7.960e-19,-0.001,113.25,0
BottomS54538,5.0156,-2.8935,3.756e-20,4.393e-20,4.515e-20,0.0,113.51,0
BottomS54539,5.0280,-2.9154,9.011e-20,1.002e-19,8.943e-20,0.0006,113.83,0
BottomS54540,5.0353,-2.9196,2.481e-18,2.132e-18,1.108e-18,0.0004,113.57,0
BottomS54543,5.0505,-2.9072,1.930e-19,2.009e-19,1.564e-19,0.0007,111.96,0
BottomS54546,5.0492,-2.8913,1.753e-18,1.539e-18,8.804e-19,-0.0003,111.21,0
BottomS54548,5.0397,-2.9052,1.380e-18,2.428e-18,5.604e-18,-0.0007,112.1,0
BottomS54550,5.0395,-2.8839,1.950e-18,3.245e-18,6.661e-18,0.0001,110.99,0
BottomS54551,5.0214,-2.9094,1.821e-18,1.581e-18,8.606e-19,-0.0003,113.87,0
BottomS54552,5.0274,-2.8855,6.540e-19,5.874e-19,3.273e-19,-0.0002,111.91,0
BottomS54553,5.0336,-2.9028,3.247e-19,6.606e-19,2.075e-18,-0.0003,112.42,0
BottomS54557,5.0427,-2.9104,5.861e-19,5.423e-19,3.468e-19,-0.0001,111.54,0
BottomS54558,5.0371,-2.8991,1.666e-19,3.018e-19,7.274e-19,-0.0008,111.72,0
BottomS54561,5.0218,-2.9028,9.026e-19,1.542e-18,3.305e-18,-0.0006,114.24,0
BottomS54562,5.0258,-2.9039,2.434e-14,1.624e-14,5.414e-15,-0.0003,113.16,0
BottomS54563,5.0426,-2.8889,1.184e-18,1.054e-18,6.124e-19,0.0003,111.22,0
BottomS54564,5.0405,-2.9040,1.504e-19,1.666e-19,1.451e-19,0.0008,112.02,0
BottomS54566,5.0357,-2.9004,2.400e-20,2.885e-20,3.094e-20,0.0001,112.1,0
BottomS54569,5.0536,-2.9274,5.367e-20,6.129e-20,5.788e-20,-0.0002,112.91,0
BottomS54571,5.0430,-2.9050,1.207e-19,1.306e-19,1.123e-19,0.0003,111.7,0
BottomS54573,5.0437,-2.9179,3.638e-18,3.136e-18,1.621e-18,-0.0005,113.06,0
BottomS54574,5.0556,-2.9024,5.277e-20,6.310e-20,6.495e-20,-0.0004,111.51,0
BottomS54576,5.0474,-2.8929,1.257e-18,1.106e-18,6.046e-19,-0.0007,111.61,0
BottomS54577,5.0241,-2.9229,3.003e-19,2.966e-19,2.159e-19,0.0004,114.15,0
BottomS54578,5.0567,-2.8804,1.633e-20,2.118e-20,2.671e-20,0.0009,111.18,0
BottomS54581,5.0342,-2.9120,3.081e-20,3.874e-20,4.417e-20,0.0003,113.09,0
BottomS54582,5.0510,-2.8988,2.899e-18,4.784e-18,9.794e-18,-0.0013,111.59,0
BottomS54584,5.1155,-2.8755,9.119e-19,8.486e-19,5.365e-19,-0.001,111.23,0
BottomS54585,5.0565,-2.8271,1.217e-18,2.588e-18,8.992e-18,0.0005,111.32,0
BottomS54586,5.0447,-2.8424,1.989e-19,2.031e-19,1.518e-19,0.0004,111.54,0
BottomS54589,5.1089,-2.8406,1.806e-20,2.347e-20,2.881e-20,0.0001,110.87,0
BottomS54590,4.9753,-2.9688,7.133e-19,7.500e-19,5.769e-19,0.0009,114.54,0
BottomS54591,5.0636,-2.9667,1.821e-20,2.271e-20,2.490e-20,0.0006,113.25,0
BottomS54592,5.0780,-2.9513,1.668e-19,1.759e-19,1.367e-19,0.0009,112.78,0
BottomS54593,5.0730,-2.8221,3.071e-19,2.924e-19,1.970e-19,0.0,111.13,0
BottomS54594,5.0711,-2.9578,5.789e-20,6.297e-20,5.264e-20,0.0001,112.96,0
BottomS54600,5.1263,-2.8443,5.766e-14,4.487e-14,1.968e-14,-0.0006,110.87,1
BottomS54612,5.1231,-2.8874,6.616e-19,6.186e-19,3.910e-19,-0.0006,111.3,0
BottomS54614,5.1180,-2.8495,5.461e-20,6.108e-20,5.659e-20,0.0002,110.93,0
BottomS54617,4.9643,-2.8875,4.130e-20,4.794e-20,4.679e-20,-0.0006,113.35,0
BottomS54618,4.9728,-2.9138,4.342e-20,5.100e-20,5.202e-20,0.0004,114.01,0
BottomS54628,4.9582,-2.9391,1.436e-20,1.859e-20,2.194e-20,-0.0001,114.23,0
BottomS54629,5.0666,-2.9587,7.760e-20,8.561e-20,7.356e-20,-0.0013,113.12,0
BottomS54631,4.9722,-2.9089,1.912e-20,2.323e-20,2.548e-20,-0.0006,113.74,0
BottomS54632,5.0603,-2.9662,1.956e-20,2.415e-20,2.705e-20,-0.0002,113.29,0
BottomS54634,5.1104,-2.8478,3.608e-19,3.390e-19,2.186e-19,0.0,111.04,0
BottomS54640,4.9547,-2.9162,1.096e-20,1.460e-20,1.976e-20,0.0004,113.95,0
BottomS54645,5.0107,-2.9924,2.115e-20,2.710e-20,3.179e-20,-0.0004,114.26,0
BottomS54652,4.9852,-2.9705,6.794e-14,4.948e-14,1.900e-14,0.0001,114.51,0
BottomS54663,4.9993,-2.8530,1.352e-18,2.286e-18,5.072e-18,-0.0007,112.6,0
BottomS54666,5.1135,-2.9033,4.723e-20,5.345e-20,4.854e-20,0.0003,111.79,0
BottomS54667,4.9478,-2.9583,2.039e-19,2.145e-19,1.790e-19,-0.0007,114.55,0
BottomS54669,5.0698,-2.8072,2.328e-20,2.912e-20,3.293e-20,0.0004,111.17,0
BottomS54671,5.0494,-2.8231,8.594e-19,7.822e-19,4.672e-19,-0.0004,111.41,0
BottomS54674,5.1298,-2.8552,2.146e-18,1.831e-18,9.370e-19,0.0014,111.15,0
BottomS54677,4.9749,-2.9971,2.276e-19,2.375e-19,1.807e-19,-0.0003,114.38,0
BottomS54682,4.9538,-2.9559,3.747e-19,3.824e-19,2.760e-19,-0.0004,114.38,0
BottomS54693,5.0848,-2.9360,3.726e-20,4.452e-20,4.570e-20,-0.0002,112.39,0
BottomS54694,5.0584,-2.9653,6.671e-20,8.072e-20,8.486e-20,0.0,113.32,0
BottomS54697,6.7664,0.5792,2.060e-19,2.042e-19,1.483e-19,0.001,109.21,0
BottomS54699,6.7673,0.5671,1.021e-20,1.353e-20,1.733e-20,-0.0002,112.02,0
BottomS54701,6.7872,0.5520,1.826e-20,2.194e-20,2.238e-20,-0.0001,109.26,0
BottomS54702,6.7605,0.5690,9.197e-19,1.695e-18,4.276e-18,0.0006,109.15,0
BottomS54704,6.7636,0.5703,2.275e-18,1.948e-18,1.064e-18,-0.0001,110.06,0
BottomS54705,6.7814,0.5776,4.323e-19,3.983e-19,2.488e-19,0.0004,111.7,0
BottomS54706,6.7604,0.5597,1.641e-18,2.506e-18,4.362e-18,-0.0003,108.42,0
BottomS54707,6.7698,0.5783,1.323e-20,1.656e-20,1.857e-20,0.0003,109.5,0
BottomS54708,6.7512,0.5529,4.208e-19,4.384e-19,3.431e-19,0.0003,112.11,0
BottomS54709,6.7772,0.5604,6.328e-20,7.374e-20,7.503e-20,-0.0005,110.2,0
BottomS54710,6.7520,0.5604,1.996e-19,2.015e-19,1.495e-19,0.0002,109.92,0
BottomS54711,6.7680,0.5770,5.033e-19,4.823e-19,3.338e-19,0.0003,111.99,0
BottomS54712,6.7764,0.5574,1.224e-18,1.073e-18,5.999e-19,-0.0,110.01,0
BottomS54713,6.7618,0.5497,1.103e-20,1.388e-20,1.636e-20,-0.0005,110.95,0
BottomS54714,6.7588,0.5661,3.808e-19,6.000e-19,1.122e-18,-0.0002,110.47,0
BottomS54716,6.7915,0.5744,1.099e-19,1.186e-19,9.843e-20,0.0008,111.87,0
BottomS54718,6.7654,0.5773,2.039e-19,2.072e-19,1.537e-19,-0.0004,109.31,0
BottomS54723,6.7591,0.5582,4.617e-19,4.438e-19,2.973e-19,-0.0001,108.2,0
BottomS54725,6.7673,0.5590,5.614e-20,6.263e-20,5.671e-20,0.0001,111.99,0
BottomS54726,6.7698,0.5741,1.198e-18,1.136e-18,7.346e-19,-0.0004,110.01,0
BottomS54730,6.7792,0.5640,4.910e-19,8.842e-19,2.183e-18,0.0001,109.27,0
BottomS54732,6.7875,0.5681,6.386e-20,7.450e-20,7.252e-20,0.0005,109.19,0
BottomS54733,6.7736,0.5594,2.081e-19,2.093e-19,1.580e-19,0.0003,109.65,0
BottomS54734,6.7898,0.5676,5.335e-15,7.878e-15,1.241e-14,0.0001,110.44,0
BottomS54736,6.7813,0.5711,5.662e-14,4.933e-14,2.751e-14,0.0004,108.49,1
BottomS54738,6.7829,0.5520,7.218e-19,1.668e-18,7.087e-18,-0.0004,109.84,0
BottomS54742,6.7524,0.5627,1.159e-18,1.781e-18,3.168e-18,-0.0001,111.51,0
BottomS54743,6.7746,0.5587,1.678e-20,2.128e-20,2.470e-20,-0.0004,111.35,0
BottomS54746,6.7931,0.5662,4.716e-18,4.061e-18,2.095e-18,-0.0001,112.68,0
BottomS54748,6.7846,0.5519,7.403e-18,5.696e-18,2.412e-18,0.0004,112.81,0
BottomS54750,6.7883,0.5628,3.461e-19,3.342e-19,2.189e-19,-0.0003,108.76,0
BottomS54754,6.7805,0.5869,1.864e-18,3.845e-18,1.297e-17,0.0005,108.17,0
BottomS54757,6.7694,0.5475,4.883e-20,5.586e-20,5.390e-20,0.0011,110.42,0
BottomS54758,6.7768,0.5824,2.918e-19,2.888e-19,2.070e-19,0.0002,111.76,0
BottomS54761,6.7752,0.5412,4.793e-18,1.069e-17,4.068e-17,0.0003,111.65,1
BottomS54764,6.7818,0.5553,5.353e-19,8.303e-19,1.501e-18,0.0005,109.79,0
BottomS54765,6.7683,0.5515,6.537e-18,5.200e-18,2.306e-18,0.0004,108.54,0
BottomS54770,6.7557,0.5689,2.715e-18,6.589e-18,3.082e-17,-0.0008,112.21,1
BottomS54772,6.7673,0.5660,3.970e-19,3.770e-19,2.506e-19,-0.0003,110.84,0
BottomS54773,6.7756,0.5538,9.982e-19,9.221e-19,5.629e-19,-0.0,109.26,0
BottomS54776,6.7511,0.5582,1.736e-19,1.821e-19,1.428e-19,-0.0002,109.99,0
BottomS54777,6.7850,0.5609,1.763e-20,2.418e-20,3.365e-20,-0.0003,108.71,0
BottomS54779,6.7662,0.5535,4.005e-17,2.945e-17,1.171e-17,0.0002,109.1,0
BottomS54780,6.7571,0.5515,1.256e-19,1.308e-19,1.038e-19,-0.0,109.73,0
BottomS54781,6.7681,0.5731,4.900e-20,6.101e-20,6.618e-20,0.0006,108.82,0
BottomS54782,6.7951,0.5659,4.025e-19,7.739e-19,2.202e-18,-0.0004,111.51,0
BottomS54783,6.7835,0.5732,2.257e-20,2.930e-20,3.588e-20,-0.0003,112.29,0
BottomS54784,6.7751,0.5587,7.425e-20,8.261e-20,7.426e-20,-0.0001,111.63,0
BottomS54786,6.7511,0.5549,4.856e-14,3.564e-14,1.398e-14,0.0001,111.13,0
BottomS54788,6.7931,0.5614,7.889e-19,1.513e-18,4.098e-18,-0.0006,108.75,0
BottomS54790,6.7776,0.5611,1.274e-18,2.290e-18,5.765e-18,-0.0,111.51,0
BottomS54791,6.7812,0.5604,1.165e-14,7.481e-15,2.311e-15,-0.0003,109.17,0
BottomS54793,6.7832,0.5666,5.271e-18,4.246e-18,2.002e-18,0.0003,112.03,0
BottomS54795,6.7569,0.5661,3.655e-19,3.535e-19,2.328e-19,0.0001,111.68,0
BottomS54799,6.7785,0.5423,1.268e-18,2.443e-18,6.932e-18,0.0003,107.98,0
BottomS54800,6.7614,0.5607,8.833e-20,9.708e-20,8.514e-20,0.0003,109.52,0
BottomS54804,6.7569,0.5763,5.185e-18,4.106e-18,1.953e-18,-0.0004,110.99,0
BottomS54809,6.7758,0.5479,2.792e-20,3.382e-20,3.740e-20,0.0003,111.85,0
BottomS54810,6.7617,0.5508,1.941e-18,3.541e-18,8.880e-18,-0.0006,111.11,0
BottomS54811,6.7740,0.5663,5.871e-14,5.445e-14,3.488e-14,0.0,109.23,1
BottomS54812,6.7686,0.5497,1.833e-20,2.299e-20,2.718e-20,0.0001,109.29,0
BottomS54813,6.7663,0.5539,6.326e-19,5.717e-19,3.414e-19,0.0008,108.13,0
BottomS54814,6.7637,0.5764,1.032e-20,1.357e-20,1.779e-20,0.0003,111.54,0
BottomS54815,6.7595,0.5540,2.117e-18,3.783e-18,9.131e-18,-0.0004,109.85,0
BottomS54816,6.7742,0.5880,2.438e-19,2.450e-19,1.828e-19,-0.0006,109.7,0
BottomS54817,6.7584,0.5507,3.437e-19,3.400e-19,2.440e-19,-0.0003,110.12,0
BottomS54820,6.7598,0.5663,5.566e-20,6.535e-20,6.653e-20,-0.0,111.2,0
BottomS54821,6.7678,0.5635,6.112e-20,7.126e-20,7.005e-20,-0.0003,111.44,0
BottomS54822,6.7597,0.5572,3.332e-20,4.114e-20,4.671e-20,-0.0003,110.38,0
BottomS54823,6.7844,0.5729,5.141e-20,6.049e-20,5.865e-20,0.0003,108.67,0
BottomS54826,6.7531,0.5519,5.367e-20,6.567e-20,7.145e-20,0.0008,109.96,0
BottomS54828,6.7611,0.5578,1.399e-18,2.406e-18,5.144e-18,0.0002,112.5,0
BottomS54829,6.7829,0.5619,6.579e-19,1.180e-18,2.849e-18,0.0003,108.28,0
BottomS54833,6.7379,0.5713,9.241e-18,7.551e-18,3.764e-18,-0.0002,112.16,0
BottomS54836,6.7709,0.5675,4.672e-19,4.493e-19,3.051e-19,0.001,111.14,0
BottomS54841,6.7873,0.5634,6.806e-20,7.848e-20,7.870e-20,0.0009,112.37,0
BottomS54843,6.7700,0.5463,1.045e-20,1.341e-20,1.677e-20,0.0001,109.58,0
BottomS54848,6.7701,0.5679,9.480e-20,1.133e-19,1.128e-19,-0.0004,111.45,0
BottomS54849,6.7630,0.5544,4.010e-19,3.871e-19,2.592e-19,-0.0,110.65,0
BottomS54850,6.7641,0.5448,1.514e-18,2.972e-18,8.994e-18,0.0005,108.61,0
BottomS54853,6.7693,0.5739,4.488e-20,5.336e-20,5.423e-20,-0.0002,111.62,0
BottomS54855,6.7680,0.5645,3.379e-20,3.981e-20,3.942e-20,-0.0009,111.65,0
BottomS54856,6.7783,0.5659,1.914e-18,3.284e-18,7.254e-18,0.0006,111.29,0
BottomS54858,6.7633,0.5682,1.050e-18,1.948e-18,4.997e-18,0.0001,109.14,0
BottomS54859,6.7558,0.5691,1.500e-18,1.321e-18,7.418e-19,-0.0001,111.14,0
BottomS54861,6.7555,0.5532,8.092e-20,8.713e-20,7.155e-20,0.0004,108.66,0
BottomS54866,6.7667,0.5773,1.584e-18,1.452e-18,8.626e-19,-0.0004,112.04,0
BottomS54867,6.7657,0.5534,2.980e-20,3.573e-20,3.637e-20,0.0011,109.01,0
BottomS54870,6.7917,0.5526,6.936e-19,6.555e-19,4.319e-19,-0.0009,110.22,0
BottomS54875,6.7739,0.5656,2.538e-19,2.622e-19,2.019e-19,-0.0001,111.2,0
BottomS54877,6.7535,0.5639,2.388e-18,3.495e-18,5.478e-18,-0.0002,109.65,0
BottomS54881,6.7659,0.5780,1.165e-19,1.210e-19,9.530e-20,-0.0001,111.11,0
BottomS54882,6.7568,0.5614,3.628e-20,4.124e-20,3.944e-20,-0.0003,109.19,0
BottomS54885,6.7861,0.5484,1.439e-19,1.561e-19,1.366e-19,-0.0009,108.65,0
BottomS54886,6.7548,0.5632,7.495e-19,1.451e-18,4.197e-18,-0.0001,110.01,0
BottomS54887,6.7817,0.5772,1.285e-17,9.974e-18,4.193e-18,-0.0007,108.88,1
BottomS54889,6.7650,0.5484,1.504e-19,1.633e-19,1.398e-19,-0.0002,108.66,0
BottomS54890,6.7805,0.5569,1.975e-18,3.107e-18,5.651e-18,-0.0008,109.2,0
BottomS54891,6.7858,0.5760,1.735e-18,2.791e-18,5.272e-18,-0.0001,110.61,0
BottomS54892,6.7730,0.5501,6.100e-20,6.846e-20,6.342e-20,0.0004,111.65,0
BottomS54893,6.7608,0.5526,5.677e-18,4.496e-18,2.077e-18,0.0008,109.41,0
BottomS54894,6.7817,0.5500,9.829e-18,7.724e-18,3.553e-18,-0.0001,108.61,1
BottomS54897,6.7564,0.5528,1.114e-18,1.005e-18,5.840e-19,0.0003,111.21,0
BottomS54898,6.7643,0.5670,8.814e-18,6.673e-18,2.869e-18,0.0009,110.2,0
BottomS54899,6.7618,0.5696,2.333e-19,2.236e-19,1.551e-19,0.0002,110.57,0
BottomS54902,6.7767,0.5696,1.268e-18,1.157e-18,6.732e-19,-0.0008,112.04,0
BottomS54903,6.7839,0.5652,1.292e-17,9.873e-18,4.078e-18,0.0001,111.45,1
BottomS54904,6.7832,0.5565,1.869e-19,1.942e-19,1.536e-19,-0.0001,111.37,0
BottomS54906,6.7659,0.5665,1.435e-20,1.854e-20,2.343e-20,-0.0004,110.59,0
BottomS54907,6.7666,0.5760,5.262e-18,4.325e-18,2.147e-18,0.0,109.42,0
BottomS54908,6.7629,0.5631,5.927e-20,6.460e-20,5.403e-20,0.0001,111.25,0
BottomS54912,6.7853,0.5611,4.784e-20,5.707e-20,5.817e-20,0.0004,112.31,0
BottomS54914,6.7801,0.5727,3.955e-19,3.859e-19,2.717e-19,-0.0001,108.94,0
BottomS54915,6.7688,0.5717,3.743e-19,3.695e-19,2.637e-19,0.0005,111.35,0
BottomS54917,6.7632,0.5765,1.340e-18,1.210e-18,7.057e-19,-0.0006,110.28,0
BottomS54918,6.7875,0.5605,7.276e-19,6.794e-19,4.162e-19,0.0004,108.91,0
BottomS54922,6.7640,0.5584,2.644e-20,3.131e-20,3.166e-20,-0.0006,109.09,0
BottomS54925,6.7718,0.5508,6.261e-19,1.189e-18,3.261e-18,0.0002,110.93,0
BottomS54926,6.7832,0.5603,5.195e-20,6.274e-20,6.592e-20,-0.0009,110.61,0
BottomS54927,6.7812,0.5719,1.301e-19,1.396e-19,1.167e-19,-0.0002,109.37,0
BottomS54928,6.7677,0.5639,1.076e-20,1.415e-20,1.804e-20,0.0003,109.76,0
BottomS54929,6.7793,0.5561,1.141e-20,1.446e-20,1.670e-20,-0.0014,112.35,0
BottomS54930,6.7832,0.5593,5.886e-19,5.651e-19,3.678e-19,0.0001,109.24,0
BottomS54931,6.7600,0.5590,7.398e-19,1.356e-18,3.353e-18,-0.0002,109.78,0
BottomS54933,6.7601,0.5554,1.839e-20,2.372e-20,2.846e-20,0.0,109.44,0
BottomS54936,6.7625,0.5587,1.003e-20,1.245e-20,1.455e-20,-0.0003,109.46,0
BottomS54937,6.7693,0.5702,3.006e-19,2.906e-19,1.910e-19,-0.0002,110.35,0
BottomS54938,6.7766,0.5488,6.655e-19,1.212e-18,2.940e-18,-0.0,108.87,0
BottomS54942,6.9097,0.5165,2.676e-20,3.310e-20,3.643e-20,-0.0005,107.22,0
BottomS54943,6.8022,0.5238,1.113e-18,2.028e-18,5.107e-18,0.0002,110.43,0
BottomS54950,6.8163,0.5787,9.387e-20,1.095e-19,1.106e-19,0.0002,110.41,0
BottomS54953,6.7451,0.5266,1.388e-19,1.516e-19,1.243e-19,-0.0002,112.62,0
BottomS54959,6.7265,0.5785,4.483e-20,5.128e-20,4.840e-20,0.0005,109.1,0
BottomS54960,6.6521,0.6124,3.565e-15,5.041e-15,7.575e-15,0.0008,113.05,0
BottomS54962,6.6544,0.5208,7.116e-19,6.500e-19,4.036e-19,-0.0003,112.38,0
BottomS54963,6.6920,0.5041,1.233e-18,1.799e-18,2.885e-18,-0.0005,109.32,0
BottomS54964,6.7985,0.5994,1.819e-14,1.252e-14,4.176e-15,-0.0004,108.95,0
BottomS54967,6.7688,0.5526,4.183e-20,4.691e-20,4.396e-20,0.0003,111.44,0
BottomS54974,6.7355,0.6091,1.606e-19,1.668e-19,1.256e-19,-0.0002,113.13,0
BottomS54978,6.7457,0.6504,6.788e-19,6.016e-19,3.440e-19,0.0005,109.24,0
BottomS54980,6.7650,0.5029,5.948e-19,5.470e-19,3.184e-19,0.0005,112.14,0
BottomS54981,6.6645,0.6151,1.453e-18,2.418e-18,5.014e-18,0.0001,113.08,0
BottomS54983,6.6688,0.5956,4.059e-19,3.959e-19,2.822e-19,0.0002,109.18,0
BottomS54985,6.7739,0.5554,2.028e-20,2.650e-20,3.227e-20,0.0002,111.77,0
BottomS54986,6.8968,0.6501,1.607e-19,1.837e-19,1.760e-19,-0.0004,113.28,0
BottomS54991,6.7571,0.6475,1.044e-14,6.912e-15,2.246e-15,-0.0003,110.08,0
BottomS54994,6.7401,0.6145,3.773e-14,2.676e-14,9.491e-15,-0.0013,112.94,0
BottomS54998,6.7947,0.5686,1.205e-18,2.261e-18,5.901e-18,0.0002,112.26,0
BottomS55002,6.7751,0.6961,3.344e-20,3.909e-20,4.018e-20,-0.0001,108.99,0
BottomS55008,6.7348,0.5905,2.916e-19,2.954e-19,2.232e-19,-0.0003,108.79,0
BottomS55009,6.7169,0.5100,1.934e-20,2.510e-20,3.003e-20,-0.0007,112.63,0
BottomS55012,6.6225,0.6756,1.538e-20,1.949e-20,2.300e-20,-0.0003,111.48,0
BottomS55024,6.7578,0.4890,1.004e-18,1.677e-18,3.433e-18,0.0003,111.25,0
BottomS55029,6.7348,0.6284,1.660e-18,3.193e-18,9.166e-18,-0.0002,112.15,0
BottomS55030,6.8162,0.5883,4.392e-20,5.169e-20,5.259e-20,0.0005,112.83,0
BottomS55034,6.6474,0.5495,1.027e-20,1.348e-20,1.671e-20,0.0003,110.14,0
BottomS55037,6.4841,0.4718,1.063e-19,1.177e-19,1.028e-19,0.0017,111.11,0
BottomS55043,6.7067,0.5427,2.805e-20,3.419e-20,3.635e-20,-0.0,107.87,0
BottomS55046,6.8004,0.5165,2.292e-19,2.355e-19,1.778e-19,-0.0006,111.39,0
BottomS55053,6.7425,0.6189,3.157e-20,3.454e-20,3.064e-20,-0.0003,109.4,0
BottomS55054,6.8293,0.5587,1.476e-20,1.792e-20,1.923e-20,-0.0009,108.71,0
BottomS55055,6.7319,0.5679,1.970e-20,2.323e-20,2.443e-20,0.0007,111.23,0
BottomS55059,6.7185,0.6184,4.069e-19,3.852e-19,2.497e-19,-0.0008,107.46,0
BottomS55063,6.7363,0.6077,3.978e-20,4.770e-20,4.947e-20,0.0,109.96,0
BottomS55064,6.8646,0.6682,1.920e-20,2.469e-20,2.952e-20,-0.0002,109.59,0
BottomS55065,6.8570,0.5550,8.589e-20,8.599e-20,6.307e-20,-0.0004,111.8,0
BottomS55067,6.6611,0.6078,2.259e-20,2.697e-20,2.931e-20,0.0002,111.53,0
BottomS55071,6.7640,0.5794,2.226e-19,2.314e-19,1.757e-19,0.001,111.39,0
BottomS55076,6.7740,0.5314,4.242e-20,4.943e-20,4.744e-20,0.0001,110.64,0
BottomS55077,6.8646,0.6228,2.545e-20,3.039e-20,3.234e-20,-0.0007,110.0,0
BottomS55079,6.6554,0.4957,1.737e-20,2.258e-20,2.738e-20,0.0004,108.94,0
BottomS55081,6.7312,0.4864,1.035e-20,1.351e-20,1.724e-20,0.0001,108.34,0
BottomS55082,6.7177,0.5664,1.717e-20,2.087e-20,2.322e-20,-0.0008,107.4,0
BottomS55083,6.7440,0.6383,2.860e-20,3.411e-20,3.657e-20,-0.0006,111.27,0
BottomS55086,6.6693,0.5616,6.029e-19,5.567e-19,3.413e-19,0.0006,110.03,0
BottomS55088,6.9433,0.5508,4.594e-20,5.292e-20,5.168e-20,-0.0,113.94,0
BottomS55091,6.6590,0.6795,1.713e-18,3.372e-18,9.603e-18,-0.0001,109.73,0
BottomS55097,6.7951,0.5808,3.989e-20,4.553e-20,4.296e-20,0.0001,112.56,0
BottomS55100,6.7903,0.5438,1.088e-20,1.334e-20,1.497e-20,-0.0008,108.45,0
BottomS55101,6.9393,0.5794,1.602e-19,1.658e-19,1.306e-19,0.0007,113.33,0
BottomS55106,6.6934,0.5703,1.126e-19,1.252e-19,1.152e-19,0.0,112.94,0
BottomS55108,6.8577,0.6266,2.375e-19,2.418e-19,1.787e-19,-0.0002,113.98,0
BottomS55109,6.8686,0.5791,1.664e-19,1.772e-19,1.429e-19,-0.0004,110.34,0
BottomS55111,6.8445,0.4038,2.956e-20,3.626e-20,4.001e-20,-0.0006,111.68,0
BottomS55112,6.7187,0.5213,1.950e-18,4.514e-18,1.919e-17,0.0002,107.19,1
BottomS55113,6.8375,0.5282,7.448e-18,2.245e-17,1.572e-16,0.0013,113.81,1
BottomS55124,6.7433,0.6174,8.926e-18,2.610e-17,1.770e-16,-0.0007,111.38,1
BottomS55125,6.7778,0.6201,1.625e-20,1.956e-20,2.058e-20,0.0004,111.58,0
BottomS55128,6.7548,0.5835,5.331e-20,6.147e-20,5.728e-20,-0.0007,113.35,0
BottomS55130,6.7019,0.6230,1.769e-19,1.795e-19,1.347e-19,0.0007,110.23,0
BottomS55132,6.7018,0.4304,1.233e-19,1.377e-19,1.239e-19,-0.0009,108.72,0
BottomS55136,6.6792,0.5947,8.667e-20,9.587e-20,8.817e-20,0.0005,108.6,0
BottomS55140,6.8729,0.5077,2.136e-19,2.210e-19,1.692e-19,-0.0006,111.19,0
BottomS55141,6.7547,0.5770,5.689e-20,6.516e-20,6.073e-20,0.001,106.91,0
BottomS55147,6.7255,0.5390,5.560e-14,4.326e-14,1.877e-14,0.0002,113.61,1
BottomS55149,6.5294,0.5760,3.087e-19,3.017e-19,1.994e-19,-0.0005,106.84,0
BottomS55151,6.9099,0.5993,7.042e-20,7.575e-20,6.413e-20,-0.0003,112.11,0
BottomS55159,6.8727,0.5759,3.967e-14,2.836e-14,1.040e-14,-0.0001,108.22,0
BottomS55163,6.6460,0.4944,6.799e-19,6.983e-19,5.268e-19,-0.0002,109.56,0
BottomS55168,6.9351,0.5938,7.314e-20,8.401e-20,7.702e-20,0.0006,106.93,0
BottomS55169,6.7104,0.6470,7.669e-19,1.320e-18,2.970e-18,-0.0001,108.43,0
BottomS55176,6.9589,0.5273,2.045e-19,2.063e-19,1.559e-19,0.0001,112.63,0
BottomS55179,6.7342,0.5413,5.791e-19,8.238e-19,1.209e-18,-0.0009,111.13,0
BottomS55183,6.8266,0.4916,9.498e-19,8.651e-19,5.144e-19,-0.0004,108.67,0
BottomS55186,6.6089,0.4846,5.670e-19,5.529e-19,3.740e-19,0.0004,107.11,0
BottomS55190,6.6684,0.5274,6.395e-19,1.080e-18,2.256e-18,0.0008,108.35,0
BottomS55191,6.8135,0.6264,1.218e-19,1.263e-19,9.893e-20,0.0003,107.79,0
BottomS55193,6.7847,0.4804,2.027e-19,2.064e-19,1.522e-19,-0.0003,111.08,0
BottomS55199,6.9519,0.6001,6.783e-19,1.074e-18,2.093e-18,0.0009,112.66,0
BottomS55208,6.6546,0.5198,7.382e-20,8.209e-20,7.209e-20,-0.0006,111.14,0
BottomS55214,6.7164,0.5119,5.677e-20,6.844e-20,7.277e-20,-0.0004,107.18,0
BottomS55227,6.8086,0.5170,2.518e-19,2.644e-19,2.062e-19,0.0001,109.63,0
BottomS55231,6.6825,0.6084,1.752e-20,2.250e-20,2.682e-20,0.0002,112.05,0
BottomS55232,6.8524,0.5153,3.113e-20,3.843e-20,4.193e-20,-0.0002,112.0,0
BottomS55234,6.8845,0.5322,6.340e-20,7.393e-20,7.412e-20,-0.0009,113.73,0
BottomS55241,6.8444,0.5928,2.675e-20,3.259e-20,3.515e-20,0.0001,109.09,0
BottomS55246,6.8627,0.6733,4.996e-19,9.543e-19,2.542e-18,0.0004,107.32,0
BottomS55247,6.7859,0.6031,1.435e-18,1.953e-18,2.583e-18,0.0002,110.84,0
BottomS55251,6.8193,0.4873,5.256e-20,6.005e-20,5.705e-20,0.0008,108.25,0
BottomS55253,6.8843,0.5973,1.914e-19,1.957e-19,1.456e-19,0.0001,107.66,0
BottomS55255,6.8372,0.5271,1.719e-20,2.277e-20,3.037e-20,-0.0003,110.09,0
BottomS55256,6.8136,0.5501,3.783e-20,4.360e-20,4.199e-20,-0.0003,112.92,0
BottomS55259,6.9172,0.6365,5.343e-14,4.136e-14,1.763e-14,-0.0,110.96,1
BottomS55263,6.6502,0.4520,2.219e-18,1.881e-18,9.769e-19,-0.0004,110.87,0
BottomS55265,6.7422,0.6417,1.316e-19,1.450e-19,1.255e-19,-0.0005,112.35,0
BottomS55266,6.5748,0.5990,1.991e-19,2.013e-19,1.497e-19,-0.0004,112.43,0
BottomS55268,6.9114,0.4807,3.338e-19,3.182e-19,2.156e-19,0.0003,112.29,0
BottomS55269,6.8597,0.5487,1.258e-19,1.291e-19,1.015e-19,0.0002,108.64,0
BottomS55276,6.7560,0.6723,1.411e-19,1.540e-19,1.326e-19,0.0002,108.73,0
BottomS55281,6.7614,0.6430,2.365e-14,1.614e-14,5.387e-15,-0.0004,112.37,0
BottomS55290,6.7175,0.5454,5.654e-19,5.163e-19,3.056e-19,-0.0002,112.0,0
BottomS55291,6.8322,0.6263,2.765e-19,2.817e-19,2.090e-19,0.0003,113.21,0
BottomS55298,6.6838,0.5503,6.796e-20,7.464e-20,6.494e-20,0.0001,110.48,0
BottomS55300,6.7704,0.5579,1.430e-18,2.502e-18,5.627e-18,-0.0001,112.63,0
BottomS55307,6.7282,0.4263,1.231e-20,1.691e-20,2.294e-20,0.0001,108.52,0
BottomS55311,6.8506,0.5834,6.984e-19,1.021e-18,1.643e-18,0.0006,108.47,0
BottomS55323,6.7345,0.4726,1.289e-19,1.363e-19,1.113e-19,0.0009,107.96,0
BottomS55327,6.6834,0.6171,8.204e-20,9.253e-20,8.629e-20,0.0002,111.03,0
BottomS55333,6.7086,0.4820,6.339e-20,7.034e-20,6.114e-20,-0.0002,106.72,0
BottomS55345,6.7997,0.6407,2.111e-20,2.553e-20,2.786e-20,0.0003,112.83,0
BottomS55349,6.9010,0.5058,2.813e-19,2.869e-19,2.130e-19,-0.0,110.91,0
BottomS55351,6.6375,0.6526,3.466e-18,7.806e-18,3.086e-17,-0.0,113.27,1
BottomS55356,6.7853,0.6215,9.934e-19,8.490e-19,4.502e-19,-0.0006,109.29,0
BottomS55359,6.8695,0.4983,9.297e-19,1.293e-18,1.896e-18,-0.0002,113.06,0
BottomS55362,6.8153,0.5221,2.878e-18,2.276e-18,1.056e-18,-0.0003,106.89,0
BottomS55366,6.7512,0.5079,3.298e-18,2.883e-18,1.536e-18,0.0005,111.82,0
BottomS55371,6.8452,0.6566,1.659e-19,1.746e-19,1.409e-19,0.0004,113.52,0
BottomS55377,6.8131,0.5956,9.798e-19,2.173e-18,8.180e-18,0.0002,113.57,0
BottomS55378,6.5984,0.5788,9.351e-19,2.067e-18,7.646e-18,0.0006,108.35,0
BottomS55384,6.8534,0.6976,1.223e-20,1.523e-20,1.767e-20,0.0003,107.81,0
BottomS55387,6.6405,0.6095,4.470e-19,9.743e-19,3.453e-18,0.0008,113.52,0
BottomS55388,6.8492,0.6459,1.775e-20,2.268e-20,2.745e-20,-0.0005,107.13,0
BottomS55392,6.6679,0.5431,1.527e-20,1.994e-20,2.468e-20,0.001,108.83,0
BottomS55393,6.7482,0.5815,5.449e-19,5.035e-19,3.145e-19,0.0004,107.63,0
BottomS55395,6.8638,0.6591,6.606e-19,6.396e-19,4.426e-19,0.0003,110.72,0
BottomS55397,6.8919,0.5869,1.396e-20,1.852e-20,2.299e-20,-0.0003,109.94,0
BottomS55401,6.7870,0.5702,3.912e-20,4.687e-20,4.902e-20,0.0,109.06,0
BottomS55404,6.7417,0.6544,1.641e-20,2.105e-20,2.580e-20,0.0002,109.06,0
BottomS55413,6.6472,0.5036,4.202e-20,5.105e-20,5.463e-20,-0.0007,108.43,0
BottomS55417,6.6909,0.6130,1.847e-20,2.341e-20,2.734e-20,-0.001,112.71,0
BottomS55418,6.7735,0.7252,4.227e-18,3.557e-18,1.851e-18,0.0001,109.06,0
BottomS55427,6.7008,0.6208,2.808e-19,2.727e-19,1.900e-19,-0.0003,107.95,0
BottomS55428,6.7785,0.5600,1.565e-20,1.982e-20,2.397e-20,0.0007,108.85,0
BottomS55436,6.6060,0.5962,1.506e-19,1.507e-19,1.103e-19,-0.0004,112.69,0
BottomS55440,6.8153,0.5017,2.382e-18,4.449e-18,1.197e-17,0.0002,107.12,0
BottomS55441,6.7650,0.7181,3.746e-14,2.602e-14,9.173e-15,0.0002,112.41,0
BottomS55443,6.8409,0.6261,4.262e-19,7.632e-19,1.843e-18,0.0003,107.56,0
BottomS55447,6.7423,0.5614,8.166e-19,7.562e-19,4.583e-19,0.0001,109.36,0
BottomS55448,6.6484,0.5586,1.086e-20,1.345e-20,1.489e-20,0.0005,111.97,0
BottomS55457,6.9021,0.6088,1.554e-20,1.916e-20,2.170e-20,0.0006,107.33,0
BottomS55464,6.7296,0.5701,5.345e-14,4.450e-14,2.227e-14,-0.0006,108.56,1
BottomS55467,6.8993,0.4900,3.613e-20,4.254e-20,4.319e-20,0.0006,112.71,0
BottomS55474,6.7901,0.5793,1.312e-19,1.403e-19,1.141e-19,0.0007,109.46,0
BottomS55475,6.6985,0.5329,2.385e-18,3.971e-18,8.196e-18,0.0008,108.06,0
BottomS55492,6.7556,0.5507,1.489e-19,1.536e-19,1.198e-19,-0.0002,112.84,0
BottomS55494,6.7782,0.5454,2.865e-19,2.706e-19,1.762e-19,-0.0011,108.06,0
BottomS55501,6.8578,0.4859,1.786e-18,1.572e-18,8.852e-19,0.0001,113.7,0
BottomS55510,6.6502,0.5139,1.215e-18,1.097e-18,6.254e-19,-0.0001,113.17,0
BottomS55516,6.7111,0.4956,1.371e-18,2.580e-18,6.869e-18,-0.0006,107.55,0
BottomS55522,6.6381,0.6270,3.203e-18,6.257e-18,1.825e-17,0.0,111.79,0
BottomS55539,6.7798,0.6152,5.698e-20,6.662e-20,6.603e-20,-0.0005,108.25,0
BottomS55541,6.8342,0.5925,1.122e-18,9.883e-19,5.638e-19,0.0007,113.44,0
BottomS55544,6.6885,0.4943,1.713e-20,2.119e-20,2.307e-20,-0.0006,108.52,0
BottomS55546,6.7179,0.5185,3.929e-20,4.683e-20,4.790e-20,-0.0004,111.93,0
BottomS55558,6.7557,0.5604,1.226e-18,1.093e-18,6.256e-19,0.0009,111.34,0
BottomS55563,6.6607,0.4847,1.002e-20,1.317e-20,1.698e-20,0.0005,111.8,0
BottomS55564,6.7687,0.5801,1.834e-19,1.815e-19,1.299e-19,-0.0003,107.89,0
BottomS55567,6.6615,0.5678,1.423e-18,1.277e-18,7.200e-19,-0.0007,111.64,0
BottomS55571,6.6657,0.5215,6.759e-20,7.548e-20,6.771e-20,0.0005,112.58,0
BottomS55574,6.6931,0.5516,2.381e-20,2.829e-20,2.943e-20,-0.0002,112.09,0
BottomS55581,6.9140,0.6131,5.447e-19,4.995e-19,3.109e-19,-0.0003,112.65,0
BottomS55582,6.7493,0.6745,1.436e-19,1.479e-19,1.150e-19,0.0002,108.4,0
BottomS55588,6.8815,0.5586,6.574e-14,5.011e-14,2.026e-14,0.0007,108.16,0
BottomS55590,6.7296,0.5619,1.338e-18,2.227e-18,4.765e-18,-0.0001,111.66,0
BottomS55592,6.6876,0.5943,1.306e-19,1.342e-19,1.047e-19,0.0002,107.53,0
BottomS55595,6.7670,0.7424,1.118e-18,1.828e-18,3.804e-18,0.0009,112.36,0
BottomS55602,6.7814,0.4477,4.491e-14,3.273e-14,1.240e-14,0.0014,108.58,0
BottomS55605,6.8324,0.5211,6.424e-19,1.475e-18,5.710e-18,-0.0,111.05,0
BottomS55606,6.7082,0.6141,2.060e-19,2.066e-19,1.496e-19,0.0002,109.74,0
BottomS55609,6.7880,0.6382,1.366e-19,1.423e-19,1.140e-19,0.0005,112.64,0
BottomS55615,6.7011,0.5027,5.412e-20,5.661e-20,4.542e-20,-0.0005,107.87,0
BottomS55621,6.5830,0.5898,1.751e-20,2.179e-20,2.362e-20,-0.0002,109.29,0
BottomS55622,6.5859,0.5091,1.399e-20,1.784e-20,2.066e-20,0.0,110.42,0
BottomS55623,6.6961,0.5583,1.258e-20,1.688e-20,2.201e-20,-0.0006,107.12,0
BottomS55624,6.7081,0.5576,2.389e-20,2.895e-20,3.081e-20,0.0001,113.39,0
BottomS55625,6.9014,0.5930,1.714e-18,3.149e-18,7.816e-18,0.0008,111.92,0
BottomS55628,6.7101,0.5421,2.750e-14,1.886e-14,6.328e-15,-0.0007,108.28,0
BottomS55633,6.7487,0.5599,4.609e-19,8.324e-19,2.036e-18,0.0004,109.2,0
BottomS55635,6.7349,0.6009,2.501e-20,3.122e-20,3.446e-20,-0.0002,110.6,0
BottomS55638,6.7865,0.6226,3.101e-19,3.094e-19,2.246e-19,-0.0006,110.55,0
BottomS55643,6.5871,0.4847,6.290e-14,4.750e-14,1.937e-14,-0.0002,108.13,1
BottomS55647,6.9258,0.5679,1.315e-20,1.745e-20,2.250e-20,0.0006,114.11,0
BottomS55648,6.7706,0.5314,1.039e-19,1.109e-19,9.285e-20,-0.0001,107.75,0
BottomS55657,6.6947,0.5362,1.791e-19,1.869e-19,1.530e-19,-0.0002,109.89,0
BottomS55658,6.9564,0.6128,3.665e-19,6.391e-19,1.472e-18,0.0003,112.08,0
BottomS55659,6.7780,0.5511,2.963e-19,2.904e-19,1.992e-19,-0.0002,110.99,0
BottomS55662,6.7568,0.6283,6.034e-19,5.544e-19,3.454e-19,0.0008,108.12,0
BottomS55667,6.6754,0.5810,1.589e-20,1.890e-20,1.945e-20,-0.001,112.8,0
BottomS55668,6.7198,0.6907,7.366e-20,8.313e-20,7.357e-20,-0.0001,112.32,0
BottomS55669,6.6774,0.6502,1.285e-17,3.234e-17,1.524e-16,-0.0002,109.36,1
BottomS55672,6.6822,0.5431,1.584e-20,2.077e-20,2.634e-20,0.0001,109.61,0
BottomS55673,6.7320,0.6190,3.630e-20,4.157e-20,4.092e-20,0.0,107.81,0
BottomS55679,6.6526,0.4702,5.545e-19,1.038e-18,2.789e-18,0.0005,107.39,0
BottomS55685,6.7732,0.5220,9.267e-20,1.031e-19,9.342e-20,-0.0007,108.67,0
BottomS55690,6.7510,0.5022,1.187e-20,1.580e-20,2.055e-20,0.0007,110.83,0
BottomS55692,6.8685,0.4710,5.058e-14,3.855e-14,1.580e-14,-0.0005,108.87,1
BottomS55701,6.7063,0.5524,2.307e-20,2.824e-20,3.132e-20,-0.0006,112.01,0
BottomS55703,6.7790,0.5065,4.071e-19,7.373e-19,1.754e-18,0.0003,107.7,0
BottomS55705,6.6216,0.5763,7.553e-20,8.099e-20,7.133e-20,0.0002,109.45,0
BottomS55710,6.7453,0.4677,2.462e-20,3.042e-20,3.349e-20,0.0003,112.8,0
BottomS55714,6.7032,0.5329,2.914e-20,3.436e-20,3.575e-20,-0.0006,107.9,0
BottomS55715,6.7472,0.4885,4.508e-19,8.103e-19,1.925e-18,-0.0008,112.76,0
BottomS55717,6.6312,0.5958,1.363e-20,1.710e-20,1.982e-20,-0.0008,113.45,0
BottomS55720,6.8869,0.7429,4.743e-19,1.025e-18,3.646e-18,0.0002,112.47,0
BottomS55721,6.9451,0.5819,7.156e-19,1.424e-18,4.251e-18,-0.0012,107.35,0
BottomS55724,6.5934,0.5260,5.396e-14,4.801e-14,2.756e-14,-0.0006,112.9,1
BottomS55725,6.8555,0.4572,1.369e-19,1.500e-19,1.279e-19,-0.0004,114.05,0
BottomS55734,6.8168,0.5119,2.955e-20,3.733e-20,4.331e-20,-0.0001,108.63,0
BottomS55738,6.6845,0.5560,2.942e-19,2.969e-19,2.226e-19,0.0003,111.55,0
BottomS55742,6.8272,0.6187,9.105e-20,1.038e-19,9.890e-20,0.0003,111.47,0
BottomS55743,6.8519,0.5699,2.257e-14,1.566e-14,5.366e-15,-0.0001,108.0,0
BottomS55747,6.7764,0.5555,1.712e-20,2.289e-20,2.984e-20,0.0005,107.86,0
BottomS55749,6.9201,0.5545,3.121e-19,3.064e-19,2.169e-19,-0.0006,113.11,0
BottomS55755,6.6077,0.5120,5.488e-20,6.275e-20,5.973e-20,0.0003,108.44,0
BottomS55760,6.7453,0.5864,2.218e-20,2.812e-20,3.178e-20,-0.0006,107.87,0
BottomS55763,6.7866,0.6928,3.132e-14,2.177e-14,7.479e-15,-0.0003,112.42,0
BottomS55764,6.7563,0.5518,1.335e-18,1.187e-18,6.891e-19,-0.0,112.26,0
BottomS55765,6.8453,0.5629,2.181e-18,3.396e-18,6.208e-18,0.0002,107.72,0
BottomS55768,6.7133,0.4888,8.349e-20,9.420e-20,8.390e-20,-0.0006,109.07,0
BottomS55775,6.8733,0.5598,1.412e-19,1.538e-19,1.358e-19,-0.0007,107.64,0
BottomS55777,6.7354,0.6488,2.990e-19,2.834e-19,1.853e-19,0.0002,107.1,0
BottomS55778,6.8841,0.5819,1.071e-18,9.681e-19,5.603e-19,-0.0006,113.31,0
BottomS55781,6.8650,0.5512,7.825e-20,8.546e-20,7.146e-20,0.0004,108.51,0
BottomS55787,6.5876,0.5532,1.399e-19,1.475e-19,1.196e-19,-0.0001,110.56,0
BottomS55790,6.6387,0.5540,2.148e-20,2.778e-20,3.441e-20,0.0001,112.42,0
BottomS55800,6.8203,0.5857,3.191e-20,3.777e-20,3.792e-20,0.0005,113.55,0
BottomS55803,6.8478,0.6022,3.400e-20,4.168e-20,4.481e-20,-0.0004,108.38,0
BottomS55808,6.7313,0.5123,2.343e-20,2.750e-20,2.774e-20,-0.0,108.41,0
BottomS55812,6.7551,0.5840,3.942e-19,3.734e-19,2.445e-19,-0.0005,110.69,0
BottomS55814,6.6880,0.5667,5.026e-19,9.617e-19,2.647e-18,0.0009,112.77,0
BottomS55825,6.6998,0.5842,3.893e-19,6.883e-19,1.625e-18,0.0009,113.96,0
BottomS55826,6.8424,0.6476,1.006e-18,8.538e-19,4.317e-19,-0.0003,113.59,0
BottomS55828,6.9263,0.5676,6.870e-14,5.265e-14,2.229e-14,0.0003,111.48,1
BottomS55831,6.5345,0.5740,3.076e-20,3.851e-20,4.465e-20,0.0001,107.72,0
BottomS55832,6.9158,0.5990,2.210e-19,2.231e-19,1.593e-19,0.0002,111.6,0
BottomS55834,6.7478,0.5605,1.686e-20,2.176e-20,2.715e-20,-0.0,109.18,0
BottomS55835,6.6235,0.5747,6.092e-20,7.051e-20,6.859e-20,0.0006,110.19,0
BottomS55838,6.8676,0.5133,1.917e-20,2.408e-20,2.830e-20,-0.0002,108.89,0
BottomS55839,6.7302,0.4594,8.671e-19,7.806e-19,4.549e-19,0.0006,113.58,0
BottomS55840,6.8642,0.6490,3.030e-20,3.501e-20,3.411e-20,-0.0001,108.37,0
BottomS55842,6.8045,0.5659,4.399e-19,6.938e-19,1.266e-18,-0.0001,113.98,0
BottomS55850,6.7953,0.6371,8.358e-20,8.915e-20,7.488e-20,0.0008,114.02,0
BottomS55855,6.8704,0.6251,2.023e-20,2.614e-20,3.174e-20,0.0008,109.31,0
BottomS55856,6.7314,0.5679,9.930e-20,1.124e-19,1.017e-19,0.0001,107.17,0
BottomS55857,6.8062,0.6146,1.889e-19,1.937e-19,1.458e-19,-0.0002,112.69,0
BottomS55858,6.7475,0.5824,8.722e-20,9.370e-20,7.892e-20,0.0006,108.91,0
BottomS55859,6.9032,0.6314,9.165e-19,8.201e-19,4.706e-19,0.0008,111.38,0
BottomS55862,6.5050,0.5106,1.481e-19,1.550e-19,1.212e-19,-0.0002,110.64,0
BottomS55869,6.7301,0.4981,1.383e-20,1.811e-20,2.236e-20,-0.0,111.65,0
BottomS55872,6.7496,0.5358,1.477e-18,1.223e-18,6.159e-19,-0.0,112.0,0
BottomS55882,6.7961,0.5581,2.580e-20,3.191e-20,3.727e-20,-0.0012,111.87,0
BottomS55887,6.9233,0.5992,1.092e-19,1.171e-19,9.741e-20,-0.0003,109.35,0
BottomS55894,6.8417,0.6313,4.704e-20,5.404e-20,5.300e-20,-0.0011,113.17,0
BottomS55900,6.9326,0.6075,1.767e-18,2.570e-18,4.075e-18,0.0001,112.84,0
BottomS55901,6.7056,0.4428,1.096e-18,2.063e-18,5.505e-18,0.0004,107.4,0
BottomS55906,6.7262,0.5320,8.413e-20,9.067e-20,7.499e-20,0.0005,110.03,0
BottomS55912,6.6929,0.7088,1.591e-18,1.366e-18,7.372e-19,0.0004,112.32,0
BottomS55930,10.4017,1.5855,1.635e-20,2.076e-20,2.456e-20,-0.001,111.47,0
BottomS55933,10.4074,1.6573,9.137e-20,9.782e-20,8.396e-20,-0.0007,107.96,0
BottomS55935,10.3994,1.6400,4.255e-19,4.032e-19,2.726e-19,-0.0003,109.53,0
BottomS55942,10.3945,1.6485,1.046e-20,1.321e-20,1.597e-20,-0.0006,108.62,0
BottomS55946,10.4007,1.6323,3.212e-19,3.342e-19,2.503e-19,-0.0005,110.5,0
BottomS55950,10.4030,1.6289,4.791e-19,8.890e-19,2.326e-18,-0.0001,110.79,0
BottomS55951,10.4037,1.6338,1.088e-18,2.040e-18,5.324e-18,0.0011,110.01,0
BottomS55953,10.4094,1.6623,7.877e-19,1.619e-18,5.405e-18,-0.001,107.85,0
BottomS55967,10.3977,1.6376,1.002e-19,1.101e-19,9.282e-20,0.0004,110.03,0
BottomS55975,10.4184,1.5999,8.342e-19,7.390e-19,4.194e-19,-0.0004,110.43,0
BottomS55987,10.4170,1.6929,7.053e-19,1.234e-18,2.926e-18,0.0001,107.73,0
BottomS55991,10.3960,1.7106,8.098e-20,9.004e-20,8.143e-20,0.0005,107.0,0
BottomS56001,10.3991,1.6426,2.830e-19,2.712e-19,1.739e-19,0.0002,108.81,0
BottomS56004,10.3944,1.6392,1.189e-20,1.475e-20,1.654e-20,0.0003,109.4,0
BottomS56005,10.4016,1.6174,2.471e-18,2.060e-18,1.036e-18,-0.0,111.08,0
BottomS56011,10.4198,1.6051,4.119e-19,7.693e-19,2.036e-18,-0.0002,110.15,0
BottomS56012,10.4038,1.6222,4.392e-18,3.539e-18,1.634e-18,0.0003,111.12,0
BottomS56013,10.3928,1.6546,1.798e-18,4.101e-18,1.713e-17,0.0002,108.63,1
BottomS56015,10.4114,1.6458,2.580e-19,2.590e-19,1.896e-19,0.0,108.91,0
BottomS56023,10.4006,1.6421,1.055e-20,1.381e-20,1.667e-20,-0.0001,108.87,0
BottomS56025,10.3965,1.6469,3.508e-20,4.307e-20,4.827e-20,0.0001,108.31,0
BottomS56027,10.3937,1.6345,3.233e-20,3.964e-20,4.508e-20,-0.0002,110.04,0
BottomS56029,10.4017,1.6374,3.591e-20,4.125e-20,4.063e-20,-0.0004,110.24,0
BottomS56032,10.3989,1.6401,5.068e-20,5.945e-20,5.982e-20,0.0004,110.03,0
BottomS56033,10.4021,1.6371,5.386e-16,3.518e-16,1.117e-16,0.0003,110.29,0
BottomS56037,10.4048,1.6929,1.887e-20,2.320e-20,2.535e-20,-0.0015,106.98,0
BottomS56038,10.4074,1.5147,9.704e-19,1.826e-18,4.717e-18,-0.0001,111.38,0
BottomS56045,10.4021,1.6140,1.650e-18,2.977e-18,7.197e-18,0.0001,111.34,0
BottomS56052,10.4114,1.6025,2.870e-19,2.862e-19,1.996e-19,0.0005,110.72,0
BottomS56053,10.4098,1.6364,4.498e-20,5.148e-20,4.856e-20,-0.0005,109.45,0
BottomS56054,10.3977,1.6265,2.634e-20,3.176e-20,3.309e-20,0.0001,110.54,0
BottomS56055,10.4017,1.6421,2.334e-20,2.850e-20,3.180e-20,0.0004,108.94,0
BottomS56057,10.4008,1.6635,6.708e-20,7.774e-20,7.773e-20,0.0002,107.51,0
BottomS56058,10.3998,1.6377,1.663e-20,2.007e-20,2.154e-20,0.0,110.34,0
BottomS56060,10.3968,1.6468,4.182e-20,4.524e-20,3.805e-20,-0.0,108.14,0
BottomS56064,10.3907,1.6477,1.093e-18,9.521e-19,5.157e-19,0.0011,108.63,0
BottomS56068,10.4030,1.6244,1.167e-18,1.632e-18,2.342e-18,0.0004,111.13,0
BottomS56072,10.3995,1.6441,7.869e-20,8.556e-20,7.371e-20,-0.0002,108.77,0
BottomS56073,10.3919,1.6668,1.189e-19,1.271e-19,1.052e-19,-0.0003,108.17,0
BottomS56084,10.3998,1.6408,8.993e-19,1.601e-18,3.762e-18,-0.0006,109.02,0
BottomS56085,10.4019,1.6515,2.806e-14,2.028e-14,7.825e-15,0.0007,107.86,0
BottomS56093,10.4034,1.6372,7.659e-20,8.573e-20,7.684e-20,-0.0007,110.04,0
BottomS56096,10.4047,1.6352,1.535e-18,2.405e-18,4.312e-18,0.0,110.63,0
BottomS56097,10.3837,1.6107,3.510e-19,3.420e-19,2.383e-19,-0.0001,110.19,0
BottomS56098,10.4337,1.7390,7.383e-20,8.940e-20,9.397e-20,0.0005,107.75,0
BottomS56099,10.4111,1.5658,6.084e-19,5.652e-19,3.545e-19,0.0003,111.29,0
BottomS56100,10.4005,1.5543,2.217e-19,2.144e-19,1.401e-19,-0.0,111.58,0
BottomS56103,10.4048,1.7665,3.909e-20,4.652e-20,4.885e-20,0.0005,106.7,0
BottomS56106,10.4062,1.6563,1.566e-19,1.626e-19,1.304e-19,-0.0003,107.76,0
BottomS56108,10.4162,1.6067,1.887e-18,4.368e-18,1.826e-17,-0.0005,110.64,1
BottomS56118,10.4031,1.6392,4.517e-19,4.296e-19,2.819e-19,0.0005,109.54,0
BottomS56123,10.4247,1.6158,2.620e-19,2.615e-19,1.890e-19,0.0004,109.87,0
BottomS56124,10.3901,1.6595,3.261e-14,2.268e-14,8.259e-15,0.0007,108.11,0
BottomS56127,10.3996,1.6759,1.134e-19,1.181e-19,9.124e-20,0.0,107.09,0
BottomS56130,10.3997,1.6424,1.029e-19,1.100e-19,8.673e-20,0.0007,108.23,0
BottomS56132,10.4088,1.6392,2.891e-18,2.268e-18,1.029e-18,-0.0001,110.43,0
BottomS56134,10.4020,1.6465,2.431e-20,2.718e-20,2.513e-20,0.0005,108.73,0
BottomS56138,10.4074,1.6154,1.945e-14,1.333e-14,4.551e-15,-0.0004,111.08,0
BottomS56139,10.3948,1.6494,2.092e-18,3.532e-18,7.417e-18,-0.0009,107.99,0
BottomS56149,10.3915,1.6447,9.181e-20,1.023e-19,9.353e-20,0.0004,109.06,0
BottomS56156,10.4060,1.7274,1.688e-20,2.164e-20,2.622e-20,0.0002,106.78,0
BottomS56158,10.4019,1.6359,7.865e-19,1.311e-18,2.754e-18,0.0001,110.35,0
BottomS56161,10.4013,1.6393,5.505e-19,5.254e-19,3.503e-19,-0.0002,110.11,0
BottomS56171,10.3990,1.6517,3.208e-19,3.219e-19,2.402e-19,-0.0007,107.74,0
BottomS56172,10.4214,1.6365,2.691e-19,2.684e-19,1.866e-19,0.0002,109.31,0
BottomS56173,10.3991,1.6507,3.944e-20,4.305e-20,3.598e-20,-0.0008,107.68,0
BottomS56180,10.3978,1.6799,6.600e-20,7.509e-20,7.172e-20,0.0002,106.99,0
BottomS56182,10.3891,1.7827,1.642e-19,1.729e-19,1.387e-19,0.0007,107.05,0
BottomS56183,10.3995,1.5964,3.028e-20,3.688e-20,3.973e-20,0.0012,111.49,0
BottomS56187,10.3935,1.6401,8.676e-18,6.737e-18,2.843e-18,-0.0003,109.35,0
BottomS56192,10.3924,1.6543,9.673e-19,8.835e-19,5.343e-19,-0.0006,108.55,0
BottomS56195,10.4032,1.6370,2.763e-19,2.791e-19,2.128e-19,-0.0006,109.67,0
BottomS56198,10.4037,1.6567,8.811e-19,1.521e-18,3.490e-18,-0.0005,107.83,0
BottomS56200,10.3916,1.6485,8.681e-20,9.413e-20,8.159e-20,-0.0002,108.72,0
BottomS56201,10.3998,1.5962,1.252e-19,1.276e-19,1.001e-19,0.0002,111.44,0
BottomS56203,10.3938,1.6802,3.332e-18,2.843e-18,1.471e-18,0.0002,107.74,0
BottomS56204,10.4063,1.6458,8.739e-19,1.345e-18,2.421e-18,0.0002,108.11,0
BottomS56206,10.3964,1.5985,7.304e-20,8.083e-20,7.215e-20,-0.0,111.42,0
BottomS56212,10.4001,1.6265,1.141e-20,1.397e-20,1.541e-20,-0.0002,110.96,0
BottomS56213,10.3948,1.6424,1.396e-20,1.728e-20,1.982e-20,0.0001,108.97,0
BottomS56221,10.3979,1.6378,2.757e-14,1.944e-14,7.088e-15,-0.0006,109.9,0
BottomS56224,10.4038,1.6575,1.195e-19,1.326e-19,1.152e-19,-0.0003,107.5,0
BottomS56230,10.4029,1.6488,1.404e-20,1.717e-20,1.846e-20,0.0004,108.47,0
BottomS56234,10.4003,1.6559,1.189e-19,1.323e-19,1.196e-19,0.0003,107.38,0
BottomS56236,10.4012,1.6812,7.314e-19,1.779e-18,8.038e-18,-0.0,106.98,0
BottomS56238,10.3978,1.5929,8.050e-19,1.620e-18,4.937e-18,-0.0001,111.49,0
BottomS56240,10.4008,1.6565,2.090e-20,2.570e-20,2.845e-20,-0.0004,108.07,0
BottomS56244,10.4077,1.6457,4.417e-14,3.168e-14,1.143e-14,-0.0005,107.75,0
BottomS56246,10.4033,1.6534,3.642e-20,4.241e-20,4.322e-20,0.0008,107.49,0
BottomS56248,10.3995,1.6397,8.096e-19,1.296e-18,2.402e-18,0.0,110.12,0
BottomS56250,10.3991,1.6356,1.043e-19,1.094e-19,8.783e-20,-0.0001,109.68,0
BottomS56256,10.4035,1.6585,5.466e-20,6.412e-20,6.359e-20,-0.0012,107.37,0
BottomS56257,10.4101,1.5684,3.288e-19,3.110e-19,1.987e-19,0.0008,111.22,0
BottomS56260,10.4031,1.6401,1.770e-19,1.816e-19,1.444e-19,-0.0015,109.73,0
BottomS56264,10.4090,1.5873,1.060e-17,2.972e-17,1.829e-16,0.0003,111.39,1
BottomS56268,10.4212,1.5754,3.390e-19,3.637e-19,2.977e-19,-0.0003,110.79,0
BottomS56272,10.4033,1.6407,5.594e-19,1.048e-18,2.789e-18,0.0003,108.93,0
BottomS56275,10.4093,1.6006,1.139e-18,1.030e-18,5.834e-19,0.0,110.98,0
BottomS56278,10.3905,1.6860,7.420e-19,6.716e-19,3.912e-19,-0.0003,107.47,0
BottomS56280,10.3943,1.6282,1.644e-19,1.627e-19,1.141e-19,0.0005,110.43,0
BottomS56282,10.4049,1.6075,1.022e-19,1.071e-19,8.433e-20,-0.0004,111.33,0
BottomS56290,10.3958,1.6195,2.487e-18,5.098e-18,1.634e-17,-0.0009,110.83,0
BottomS56293,10.4119,1.6484,2.308e-18,1.901e-18,9.300e-19,-0.0003,108.85,0
BottomS56307,10.4008,1.6618,1.618e-20,2.051e-20,2.441e-20,0.0001,107.22,0
BottomS56308,10.4104,1.6378,1.047e-20,1.346e-20,1.658e-20,0.0014,109.41,0
BottomS56315,10.4019,1.6716,6.918e-19,6.495e-19,4.059e-19,0.0004,107.1,0
BottomS56317,10.4001,1.6436,2.950e-19,2.901e-19,1.969e-19,-0.0003,108.49,0
BottomS56318,10.4028,1.6188,1.383e-19,1.473e-19,1.170e-19,0.0004,110.57,0
BottomS56323,10.4181,1.6070,2.616e-18,2.224e-18,1.154e-18,-0.0001,111.54,0
BottomS56324,10.3866,1.6333,2.720e-19,2.646e-19,1.855e-19,-0.0005,110.94,0
BottomS56325,10.4177,1.6499,2.953e-19,3.057e-19,2.406e-19,0.0006,107.29,0
BottomS56326,10.4220,1.6613,2.185e-20,2.702e-20,3.035e-20,-0.0015,107.02,0
BottomS56329,10.4064,1.6189,1.290e-18,1.071e-18,5.332e-19,0.0007,110.96,0
BottomS56330,10.4078,1.6418,1.717e-20,2.205e-20,2.652e-20,0.0008,108.24,0
BottomS56332,10.3893,1.6320,2.120e-19,2.197e-19,1.653e-19,-0.0006,110.71,0
BottomS56335,10.4173,1.6296,2.888e-18,2.435e-18,1.241e-18,0.0007,110.21,0
BottomS56336,10.3974,1.6362,2.867e-18,2.387e-18,1.191e-18,0.0003,109.76,0
BottomS56338,10.4099,1.6374,1.833e-18,3.978e-18,1.441e-17,-0.0003,109.58,0
BottomS56339,10.4151,1.6175,1.328e-19,1.426e-19,1.214e-19,0.0001,110.82,0
BottomS56341,10.3897,1.6417,2.384e-18,5.782e-18,2.755e-17,0.0009,109.13,1
BottomS56342,10.4227,1.6408,1.513e-20,2.040e-20,2.804e-20,-0.0006,108.89,0
BottomS56343,10.3914,1.6438,1.795e-18,1.485e-18,7.374e-19,-0.0005,108.55,0
BottomS56344,10.3918,1.6215,5.793e-20,6.718e-20,6.617e-20,0.0,110.83,0
BottomS56347,10.3972,1.6462,4.107e-20,4.753e-20,4.631e-20,-0.0,107.93,0
BottomS56349,10.4233,1.6404,3.575e-20,4.308e-20,4.573e-20,-0.0001,109.21,0
BottomS56351,10.3873,1.6363,1.102e-18,9.510e-19,5.304e-19,0.0001,111.02,0
BottomS56353,10.4070,1.6365,5.743e-17,4.102e-17,1.460e-17,-0.0007,109.77,0
BottomS56354,10.4054,1.6481,2.577e-18,3.615e-18,5.303e-18,-0.0002,107.75,0
BottomS56357,10.4144,1.6471,3.266e-19,5.947e-19,1.436e-18,-0.0,108.74,0
BottomS56359,10.4162,1.6279,5.693e-20,6.844e-20,6.999e-20,0.0012,110.5,0
BottomS56363,10.4044,1.6249,1.801e-18,1.515e-18,7.450e-19,0.0011,110.75,0
BottomS56364,10.3990,1.6191,1.579e-18,3.124e-18,9.221e-18,0.0,110.98,0
BottomS56365,10.3978,1.6607,5.078e-20,6.083e-20,6.468e-20,-0.0007,107.16,0
BottomS56368,10.4017,1.6196,2.705e-19,2.679e-19,1.919e-19,0.0,111.0,0
BottomS56371,10.4084,1.6319,2.121e-19,2.244e-19,1.746e-19,0.0003,110.5,0
BottomS56377,10.4043,1.6476,5.626e-19,5.347e-19,3.417e-19,0.0004,107.93,0
BottomS56381,10.3948,1.6517,2.283e-20,2.709e-20,2.660e-20,0.0016,107.56,0
BottomS56382,10.3881,1.6283,6.076e-18,4.862e-18,2.276e-18,0.0003,111.15,0
BottomS56383,10.4076,1.6328,1.686e-18,2.735e-18,5.336e-18,0.0006,110.51,0
BottomS56389,10.4130,1.6473,2.055e-18,3.757e-18,9.696e-18,0.0008,108.04,0
BottomS56390,10.4027,1.6472,7.022e-19,6.231e-19,3.558e-19,0.0004,107.78,0
BottomS56391,10.3936,1.6217,2.966e-19,2.894e-19,1.981e-19,0.0002,110.6,0
BottomS56392,10.4091,1.6684,8.391e-19,7.538e-19,4.272e-19,-0.0007,107.04,0
BottomS56393,10.4118,1.6294,8.906e-20,9.626e-20,8.298e-20,0.0004,110.28,0
BottomS56394,10.3863,1.6596,5.284e-18,4.221e-18,1.987e-18,0.0005,107.32,0
BottomS56395,10.3875,1.6393,1.360e-18,1.171e-18,6.329e-19,-0.0001,109.56,0
BottomS56397,10.3874,1.6529,6.865e-20,7.871e-20,7.715e-20,0.0006,107.61,0
BottomS56398,10.4009,1.6469,1.637e-19,1.696e-19,1.306e-19,-0.0002,108.66,0
BottomS56400,10.3977,1.6485,1.670e-18,3.946e-18,1.677e-17,-0.001,108.47,1
BottomS56401,10.4048,1.6455,1.648e-18,3.344e-18,1.050e-17,-0.0006,108.44,0
BottomS56407,10.4119,1.6452,4.629e-20,5.064e-20,4.494e-20,0.0003,108.67,0
BottomS56413,10.4037,1.6449,1.419e-17,1.072e-17,4.376e-18,-0.0,108.19,1
BottomS56414,10.4061,1.6642,4.475e-19,7.450e-19,1.580e-18,0.0017,107.09,0
BottomS56415,10.3843,1.6219,8.546e-19,7.626e-19,4.326e-19,-0.0003,111.13,0
BottomS56417,10.4141,1.6313,1.181e-18,1.047e-18,5.871e-19,-0.0002,110.68,0
BottomS56418,10.3911,1.6332,4.511e-20,5.160e-20,5.029e-20,0.0009,110.06,0
BottomS56420,10.4257,1.6350,1.024e-18,9.106e-19,5.206e-19,0.0001,110.11,0
BottomS56421,10.3972,1.6430,7.784e-18,6.213e-18,2.905e-18,0.0011,108.8,0
BottomS56423,10.4025,1.6615,1.857e-19,1.875e-19,1.364e-19,0.0003,107.3,0
BottomS56426,10.3999,1.6331,8.423e-19,1.386e-18,2.769e-18,0.0003,110.14,0
BottomS56427,10.3833,1.6298,4.250e-18,3.333e-18,1.489e-18,0.0,110.34,0
BottomS56430,10.4037,1.6609,7.611e-19,1.304e-18,2.923e-18,-0.0001,107.37,0
BottomS56439,10.4077,1.6343,2.676e-19,5.046e-19,1.314e-18,-0.0002,110.29,0
BottomS56440,10.3926,1.6431,2.334e-18,5.062e-18,1.890e-17,-0.0002,107.86,1
BottomS56444,10.4141,1.6302,1.224e-14,8.198e-15,2.744e-15,-0.0001,111.15,0
BottomS56446,10.3778,1.6418,1.203e-20,1.612e-20,2.118e-20,-0.001,109.17,0
BottomS56447,10.4159,1.6396,2.540e-19,2.398e-19,1.562e-19,0.0002,109.41,0
BottomS56448,10.4173,1.6432,2.562e-18,2.321e-18,1.389e-18,0.0001,108.91,0
BottomS56454,10.4020,1.6302,9.113e-20,9.917e-20,8.238e-20,0.0007,110.59,0
BottomS56459,10.3920,1.6345,1.448e-18,2.882e-18,8.529e-18,0.0001,110.19,0
BottomS56461,10.4098,1.6227,7.981e-19,7.668e-19,5.066e-19,-0.0002,111.14,0
BottomS56465,10.3896,1.6305,5.006e-18,3.822e-18,1.652e-18,-0.0004,111.0,0
BottomS56466,10.4099,1.6520,1.177e-18,1.030e-18,5.679e-19,0.0008,107.63,0
BottomS56467,10.3944,1.6562,8.905e-19,1.690e-18,4.354e-18,-0.0002,108.16,0
BottomS56468,10.3977,1.6509,3.636e-18,8.993e-18,4.452e-17,-0.0004,108.09,1
BottomS56469,10.4003,1.6494,1.801e-18,2.883e-18,5.490e-18,-0.0002,107.93,0
BottomS56471,10.3913,1.6690,3.298e-19,3.139e-19,2.100e-19,-0.0003,107.03,0
BottomS56472,10.3963,1.6494,9.431e-19,1.656e-18,3.958e-18,-0.0,108.42,0
BottomS56473,10.3925,1.6368,1.990e-20,2.412e-20,2.696e-20,-0.0005,109.63,0
BottomS56474,10.3974,1.6188,9.555e-19,2.002e-18,6.877e-18,-0.0001,111.08,0
BottomS56477,10.4203,1.6309,3.003e-20,3.502e-20,3.602e-20,0.0005,111.27,0
BottomS56479,10.3999,1.6437,2.972e-15,1.987e-15,6.208e-16,-0.0002,108.46,0
BottomS56482,10.3921,1.6367,4.925e-14,4.145e-14,2.111e-14,0.0002,109.96,1
BottomS56483,10.3994,1.6426,1.056e-18,2.631e-18,1.316e-17,0.0001,108.82,1
BottomS56485,10.3921,1.6632,3.170e-17,2.310e-17,8.803e-18,0.0003,107.14,0
BottomS56489,10.4233,1.6528,3.425e-19,3.292e-19,2.209e-19,0.0007,107.24,0
BottomS56490,10.4126,1.6395,6.807e-20,7.916e-20,7.933e-20,-0.0,109.55,0
BottomS56491,10.3944,1.6278,5.510e-19,9.898e-19,2.289e-18,-0.0007,110.63,0
BottomS56492,10.3907,1.6420,2.516e-20,2.842e-20,2.667e-20,0.0009,108.88,0
BottomS56493,10.3957,1.6407,1.595e-19,1.597e-19,1.159e-19,-0.0002,109.27,0
BottomS56500,10.4127,1.6290,4.894e-18,3.871e-18,1.758e-18,0.0004,110.95,0
BottomS56502,10.3914,1.6685,7.534e-19,6.735e-19,4.016e-19,-0.0008,107.08,0
BottomS56503,10.4146,1.6441,1.872e-18,1.572e-18,7.858e-19,0.0006,108.34,0
BottomS56508,10.3949,1.6525,1.796e-18,3.082e-18,7.146e-18,0.0003,107.77,0
BottomS56510,10.4072,1.6501,2.626e-18,4.454e-18,9.335e-18,-0.0005,108.13,0
BottomS56512,10.3818,1.6320,2.734e-19,2.810e-19,2.191e-19,-0.0003,110.35,0
BottomS56514,10.4039,1.6375,1.427e-20,1.839e-20,2.226e-20,-0.0003,110.12,0
BottomS56516,10.4110,1.6382,5.767e-18,4.550e-18,2.115e-18,-0.0002,109.67,0
BottomS56517,10.4108,1.6391,7.950e-20,8.611e-20,7.601e-20,-0.0001,109.52,0
BottomS56523,10.3977,1.6434,1.216e-18,1.990e-18,3.915e-18,0.0003,109.05,0
BottomS56524,10.3824,1.6340,1.169e-20,1.430e-20,1.493e-20,0.0006,109.74,0
BottomS56527,10.3984,1.6303,2.533e-19,2.450e-19,1.623e-19,-0.0003,110.79,0
BottomS56528,10.4035,1.6555,1.290e-18,1.122e-18,6.215e-19,-0.0003,107.53,0
BottomS56529,10.4003,1.6361,2.582e-20,3.171e-20,3.423e-20,-0.0001,109.91,0
BottomS56532,10.3999,1.6365,2.512e-20,2.959e-20,3.023e-20,0.0003,110.25,0
BottomS56533,10.4001,1.6300,1.023e-18,1.751e-18,3.770e-18,-0.0005,110.79,0
BottomS56535,10.3996,1.6348,1.044e-19,1.109e-19,9.120e-20,0.0009,110.23,0
BottomS56536,10.4034,1.6301,7.362e-19,7.298e-19,5.168e-19,0.0005,110.76,0
BottomS56537,10.4009,1.6420,2.249e-18,3.543e-18,6.470e-18,-0.0,108.98,0
BottomS56540,10.3987,1.6256,1.621e-18,1.414e-18,7.788e-19,0.0006,110.97,0
BottomS56542,10.3990,1.6453,9.530e-19,8.162e-19,4.301e-19,-0.0002,108.15,0
BottomS56543,10.3965,1.6334,4.560e-20,5.318e-20,5.242e-20,-0.0001,110.81,0
BottomS56545,10.4001,1.6291,1.975e-20,2.454e-20,2.773e-20,-0.0004,110.85,0
BottomS56547,10.4003,1.6322,5.396e-19,1.004e-18,2.694e-18,0.0003,110.53,0
BottomS56548,10.3996,1.6251,1.282e-19,1.323e-19,1.065e-19,-0.0005,111.11,0
BottomS56550,10.3994,1.6256,4.215e-18,3.521e-18,1.740e-18,0.0002,111.01,0
BottomS56551,10.3977,1.6241,1.141e-20,1.414e-20,1.624e-20,-0.0002,111.02,0
BottomS56555,10.3952,1.6302,1.274e-17,9.621e-18,3.981e-18,-0.0006,110.82,1
BottomS56556,10.4045,1.6508,1.076e-14,1.442e-14,1.971e-14,-0.0004,107.79,0
BottomS56557,10.4039,1.6538,4.484e-19,4.383e-19,2.908e-19,-0.0003,107.6,0
BottomS56558,10.3980,1.6274,1.869e-19,1.907e-19,1.404e-19,-0.0003,110.72,0
BottomS56559,10.3996,1.6501,1.313e-18,1.130e-18,6.009e-19,0.0007,107.83,0
BottomS56560,10.3974,1.6258,4.625e-14,3.308e-14,1.268e-14,-0.0004,110.83,0
BottomS56561,10.4077,1.6550,2.779e-18,6.036e-18,2.244e-17,0.001,107.63,1
BottomS56567,10.3961,1.6273,1.036e-20,1.362e-20,1.716e-20,0.0002,110.71,0
BottomS56568,10.4037,1.6529,1.654e-18,2.943e-18,6.702e-18,-0.0001,107.87,0
BottomS56570,10.4016,1.6362,4.883e-19,7.533e-19,1.312e-18,0.0001,110.19,0
BottomS56573,10.4009,1.6543,1.119e-18,9.992e-19,5.542e-19,0.0001,107.55,0
BottomS56574,10.3978,1.6291,9.167e-20,1.023e-19,9.256e-20,0.0003,110.84,0
BottomS56577,10.3980,1.6248,3.870e-18,3.212e-18,1.557e-18,-0.0007,110.96,0
BottomS56578,10.4078,1.6517,3.444e-19,3.365e-19,2.269e-19,-0.0006,108.05,0
BottomS56579,10.4021,1.6512,7.655e-20,8.436e-20,7.241e-20,0.0,107.88,0
BottomS56583,10.4051,1.6521,7.776e-19,7.665e-19,5.194e-19,0.0003,107.73,0
BottomS56585,10.3978,1.6280,3.979e-19,6.119e-19,1.042e-18,-0.0002,110.93,0
BottomS56587,10.3978,1.6281,1.219e-18,1.067e-18,5.880e-19,0.0002,110.71,0
BottomS56588,10.3986,1.6301,2.761e-18,4.076e-18,6.327e-18,-0.0006,110.76,0
BottomS56589,10.4045,1.6570,3.882e-19,3.733e-19,2.466e-19,-0.0006,107.62,0
BottomS56590,10.4000,1.6311,1.353e-20,1.716e-20,1.996e-20,-0.0004,110.66,0
BottomS56591,10.3985,1.6310,5.926e-18,4.762e-18,2.104e-18,-0.0008,110.56,0
BottomS56595,10.3966,1.6230,7.392e-19,6.524e-19,3.796e-19,-0.0,110.88,0
BottomS56596,10.3980,1.6255,8.404e-19,7.329e-19,4.043e-19,0.0002,110.97,0
BottomS56597,10.4080,1.6601,1.363e-18,1.217e-18,7.231e-19,-0.0,107.39,0
BottomS56598,10.3974,1.6268,7.545e-19,1.468e-18,4.081e-18,-0.0004,110.88,0
BottomS56599,10.4030,1.6507,1.315e-20,1.612e-20,1.779e-20,0.0001,108.01,0
BottomS56600,10.3962,1.6308,1.029e-17,8.546e-18,4.116e-18,-0.0004,110.7,0
BottomS56601,10.3993,1.6262,1.290e-20,1.718e-20,2.239e-20,-0.0011,110.66,0
BottomS56603,10.3958,1.6309,1.000e-18,8.664e-19,4.787e-19,0.0001,110.8,0
BottomS56605,10.3968,1.6237,8.514e-19,1.522e-18,3.699e-18,0.0001,110.94,0
BottomS56609,10.3984,1.6232,2.403e-19,2.465e-19,1.815e-19,0.0005,111.09,0
BottomS56611,10.4034,1.6501,9.629e-19,9.050e-19,5.890e-19,-0.0003,107.91,0
BottomS56612,10.3966,1.6202,1.073e-18,9.385e-19,5.119e-19,-0.0003,111.0,0
BottomS56614,10.4073,1.6551,4.226e-14,3.175e-14,1.261e-14,0.0003,107.76,0
BottomS56615,10.3987,1.6255,1.500e-19,1.601e-19,1.304e-19,0.0007,110.91,0
BottomS56616,10.3989,1.6229,2.495e-18,5.472e-18,1.952e-17,0.0014,110.91,1
BottomS56621,10.3982,1.6317,2.815e-20,3.372e-20,3.460e-20,0.0008,110.51,0
BottomS56622,10.4002,1.6218,5.400e-18,4.266e-18,1.916e-18,-0.0004,111.01,1
BottomS56623,10.3973,1.6220,1.901e-14,1.966e-14,1.475e-14,0.0003,110.96,1
BottomS56624,10.4024,1.6626,1.498e-20,1.938e-20,2.465e-20,-0.0009,107.29,0
BottomS56627,10.4021,1.6308,1.476e-19,1.511e-19,1.158e-19,-0.0002,110.69,0
BottomS56631,10.4003,1.6297,8.423e-19,1.345e-18,2.541e-18,0.0003,110.56,0
BottomS56633,10.4032,1.6494,6.920e-19,6.370e-19,3.841e-19,-0.0013,107.92,0
BottomS56634,10.4016,1.6252,6.358e-19,5.555e-19,3.108e-19,-0.0003,110.9,0
BottomS56635,10.3969,1.6280,2.908e-19,6.194e-19,2.128e-18,0.0005,110.58,0
BottomS56636,10.4060,1.6512,4.134e-19,4.030e-19,2.807e-19,-0.0003,107.84,0
BottomS56637,10.4057,1.6558,8.419e-19,7.390e-19,4.131e-19,0.0003,107.79,0
BottomS56640,10.3975,1.6167,1.070e-18,9.633e-19,5.709e-19,0.0011,111.06,0
BottomS56641,10.4032,1.6523,1.365e-18,1.219e-18,6.926e-19,0.0007,107.71,0
BottomS56648,10.3991,1.6276,7.030e-19,1.297e-18,3.191e-18,-0.0007,110.86,0
BottomS56649,10.4059,1.6625,1.010e-14,6.917e-15,2.341e-15,0.0007,107.25,0
BottomS56652,10.3974,1.6224,6.761e-20,7.560e-20,6.918e-20,-0.0004,111.07,0
BottomS56653,10.3985,1.6288,2.116e-19,3.713e-19,8.558e-19,0.0005,110.59,0
BottomS56658,10.3987,1.6199,4.321e-20,4.945e-20,4.506e-20,0.0004,111.15,0
BottomS56660,10.4047,1.6617,2.905e-14,2.002e-14,7.063e-15,0.0008,107.44,0
BottomS56662,10.4041,1.6596,1.258e-20,1.574e-20,1.836e-20,0.0006,107.57,0
BottomS56663,10.4004,1.6185,4.870e-20,5.392e-20,4.705e-20,0.0009,111.28,0
BottomS56664,10.4055,1.6579,3.821e-18,3.093e-18,1.450e-18,0.0,107.61,0
BottomS56667,10.4080,1.6597,9.475e-18,7.716e-18,3.627e-18,0.0003,107.67,0
BottomS56668,10.3992,1.6523,3.355e-18,2.778e-18,1.392e-18,0.0002,107.72,0
BottomS56671,10.3972,1.6254,1.357e-18,1.191e-18,6.455e-19,-0.0008,110.71,0
BottomS56672,10.4043,1.6588,2.553e-14,1.788e-14,6.454e-15,-0.0,107.59,0
BottomS56673,10.3997,1.6232,1.180e-20,1.638e-20,2.248e-20,-0.0001,110.78,0
BottomS56674,10.4013,1.6601,4.456e-20,4.968e-20,4.419e-20,0.0006,107.43,0
BottomS56675,10.4043,1.6654,1.915e-18,1.711e-18,9.640e-19,0.0004,107.36,0
BottomS56677,10.4053,1.6571,1.373e-18,2.163e-18,3.873e-18,-0.0003,107.54,0
BottomS56679,10.4077,1.6617,1.688e-18,3.491e-18,1.157e-17,0.0008,107.58,0
BottomS56680,10.3973,1.6197,9.703e-18,7.558e-18,3.310e-18,0.0004,111.08,1
BottomS56681,10.4054,1.6634,1.307e-14,8.843e-15,2.906e-15,-0.0,107.52,0
BottomS56682,10.3951,1.6220,1.558e-18,2.984e-18,8.512e-18,0.0004,110.88,0
BottomS56683,10.3944,1.6198,7.776e-19,7.455e-19,4.839e-19,-0.0001,110.95,0
BottomS56687,10.4058,1.6634,9.831e-19,8.843e-19,5.223e-19,0.0001,107.57,0
BottomS56688,10.4052,1.6606,2.268e-20,2.962e-20,3.691e-20,-0.0007,107.5,0
BottomS56691,10.3953,1.6206,4.333e-20,4.941e-20,4.595e-20,0.0005,111.19,0
BottomS56695,10.4061,1.6700,1.963e-19,1.924e-19,1.385e-19,0.0005,107.34,0
BottomS56697,10.4036,1.6636,5.879e-18,1.509e-17,7.572e-17,-0.0002,107.41,1
BottomS56699,10.4065,1.6623,1.970e-18,1.768e-18,1.015e-18,0.0003,107.41,0
BottomS56701,10.4087,1.6669,7.064e-18,5.584e-18,2.540e-18,0.0,107.34,1
BottomS56704,10.4019,1.6633,1.992e-18,4.230e-18,1.447e-17,0.0003,107.52,0
BottomS56705,10.4010,1.6174,2.156e-20,2.728e-20,3.111e-20,-0.0003,111.15,0
BottomS56706,10.4028,1.6606,1.079e-20,1.432e-20,1.821e-20,0.0,107.53,0
BottomS56707,10.3951,1.6162,2.819e-19,5.390e-19,1.449e-18,0.0004,111.04,0
BottomS56708,10.4063,1.6623,5.744e-18,4.806e-18,2.365e-18,0.0001,107.56,0
BottomS56710,10.3983,1.6132,2.292e-18,3.862e-18,8.210e-18,0.0005,111.28,0
BottomS56713,10.4011,1.6532,1.754e-19,1.819e-19,1.379e-19,0.0,107.84,0
BottomS56714,10.4068,1.6658,5.149e-19,4.621e-19,2.687e-19,0.0006,107.38,0
BottomS56716,10.3977,1.6228,2.611e-20,3.086e-20,3.078e-20,0.0006,110.9,0
BottomS56718,10.3981,1.6180,1.287e-20,1.630e-20,1.895e-20,0.0006,110.99,0
BottomS56720,10.3961,1.6098,3.893e-18,3.310e-18,1.683e-18,-0.0005,111.22,0
BottomS56721,10.3975,1.6151,1.633e-19,1.607e-19,1.104e-19,0.0007,111.02,0
BottomS56723,10.4029,1.6646,4.733e-20,5.429e-20,5.263e-20,0.0005,107.32,0
BottomS56724,10.3958,1.6219,4.555e-19,8.619e-19,2.270e-18,-0.0005,111.05,0
BottomS56725,10.4071,1.6728,2.780e-19,5.139e-19,1.273e-18,-0.0004,107.35,0
BottomS56726,10.4050,1.6681,3.962e-14,2.870e-14,1.105e-14,0.0003,107.29,0
BottomS56727,10.3961,1.6127,1.153e-17,9.085e-18,4.096e-18,0.0008,111.05,1
BottomS56733,10.4042,1.6620,1.627e-18,1.408e-18,7.809e-19,0.0,107.62,0
BottomS56736,10.3947,1.6185,1.258e-18,2.764e-18,1.019e-17,-0.0006,110.89,0
BottomS56740,10.3983,1.6161,7.623e-20,7.985e-20,6.354e-20,-0.0,111.18,0
BottomS56741,10.4065,1.6693,6.798e-14,5.471e-14,2.512e-14,-0.0001,107.45,1
BottomS56742,10.4026,1.6673,7.351e-18,5.805e-18,2.687e-18,-0.0002,107.48,0
BottomS56746,10.3962,1.6162,4.142e-18,3.393e-18,1.607e-18,-0.0001,110.95,0
BottomS56748,10.3953,1.6115,1.992e-18,1.754e-18,9.693e-19,-0.0001,111.06,0
BottomS56749,10.4052,1.6730,4.423e-19,7.541e-19,1.640e-18,-0.0,107.37,0
BottomS56750,10.3979,1.6067,7.267e-19,7.007e-19,4.554e-19,0.0011,111.2,0
BottomS56751,10.4058,1.6721,4.737e-20,5.748e-20,6.433e-20,0.001,107.31,0
BottomS56755,10.4026,1.6743,8.742e-19,1.790e-18,5.690e-18,0.0,107.4,0
BottomS56759,10.3978,1.6088,2.739e-19,2.795e-19,2.125e-19,-0.0,111.19,0
BottomS56761,10.3974,1.6128,9.931e-20,1.062e-19,8.916e-20,-0.0002,111.09,0
BottomS56762,10.3980,1.6119,5.404e-18,4.583e-18,2.334e-18,0.0006,111.12,0
BottomS56763,10.4023,1.6702,2.345e-20,2.928e-20,3.301e-20,0.0006,107.38,0
BottomS56764,10.3928,1.5994,2.334e-18,4.831e-18,1.575e-17,0.0002,111.09,0
BottomS56768,10.3988,1.6112,2.761e-19,2.637e-19,1.733e-19,0.0005,111.04,0
BottomS56769,10.4066,1.6741,2.258e-18,2.054e-18,1.218e-18,0.0004,107.29,0
BottomS56770,10.3958,1.6064,2.842e-18,5.173e-18,1.333e-17,-0.0002,111.29,0
BottomS56771,10.4045,1.6709,4.132e-20,4.681e-20,4.391e-20,0.0003,107.36,0
BottomS56776,10.3932,1.6056,2.709e-19,2.720e-19,1.970e-19,-0.0001,111.06,0
BottomS56777,10.4075,1.6695,1.168e-18,1.039e-18,6.046e-19,-0.0001,107.43,0
BottomS56778,10.3908,1.6079,6.792e-19,6.139e-19,3.640e-19,-0.0003,110.96,0
BottomS56781,10.3937,1.6092,2.041e-19,2.015e-19,1.435e-19,-0.0001,111.03,0
BottomS56784,10.4086,1.6821,1.815e-18,1.568e-18,8.560e-19,0.0004,107.19,0
BottomS56786,10.4089,1.6722,8.487e-19,7.710e-19,4.566e-19,0.0008,107.41,0
BottomS56787,10.4072,1.6705,1.642e-18,2.956e-18,7.030e-18,-0.0004,107.33,0
BottomS56788,10.3951,1.6034,7.865e-20,8.500e-20,7.425e-20,-0.0006,111.15,0
BottomS56789,10.4050,1.6707,9.668e-19,1.655e-18,3.679e-18,0.0006,107.32,0
BottomS56791,10.3982,1.6079,1.295e-18,2.261e-18,5.088e-18,0.0006,111.09,0
BottomS56792,10.3931,1.6140,3.161e-18,2.529e-18,1.199e-18,0.0007,110.88,0
BottomS56793,10.4125,1.6768,4.607e-19,4.514e-19,3.193e-19,-0.0005,107.44,0
BottomS56794,10.3974,1.6101,7.518e-18,6.153e-18,2.980e-18,-0.0005,111.18,0
BottomS56795,10.3938,1.6084,6.255e-20,6.686e-20,5.475e-20,0.0003,110.94,0
BottomS56796,10.4083,1.6732,2.924e-17,2.123e-17,8.278e-18,-0.0006,107.46,0
BottomS56798,10.4077,1.6768,5.757e-17,4.194e-17,1.637e-17,0.0003,107.3,0
BottomS56799,10.3953,1.6049,9.888e-19,9.203e-19,5.607e-19,0.0011,111.2,0
BottomS56800,10.3944,1.6022,5.455e-17,3.726e-17,1.240e-17,0.0004,111.23,0
BottomS56801,10.3955,1.5994,1.278e-17,9.772e-18,3.992e-18,0.0005,111.26,1
BottomS56802,10.3954,1.5981,9.825e-18,8.027e-18,3.808e-18,-0.0006,111.33,0
BottomS56803,10.3961,1.5986,2.658e-19,2.752e-19,2.075e-19,0.0,111.3,0
BottomS56804,10.3967,1.5977,1.628e-16,1.132e-16,4.068e-17,0.0,111.43,0
BottomS56805,10.4050,1.6846,1.564e-16,1.053e-16,3.562e-17,0.0009,107.12,0
BottomS56806,10.4049,1.6861,2.093e-17,1.591e-17,6.452e-18,0.0006,107.05,0
BottomS56807,10.3969,1.5930,2.910e-17,2.185e-17,9.061e-18,0.0001,111.44,1
BottomS56808,10.4038,1.6866,6.724e-14,5.361e-14,2.374e-14,0.0007,106.98,1
BottomS56809,10.4032,1.6896,2.593e-19,4.013e-19,6.968e-19,-0.0005,106.92,0
BottomS56810,10.4049,1.6925,2.421e-17,1.802e-17,7.180e-18,0.0003,106.91,0
BottomS56811,10.3988,1.5924,2.933e-17,2.192e-17,8.756e-18,-0.0002,111.57,0
BottomS56812,10.3984,1.5877,1.869e-16,1.247e-16,4.010e-17,0.0005,111.56,0
BottomS56814,10.4025,1.6944,8.673e-14,6.968e-14,3.268e-14,0.0001,106.92,1
BottomS56815,10.4023,1.6907,3.711e-18,5.829e-18,1.087e-17,-0.0003,106.94,0
BottomS56816,10.4018,1.6914,3.094e-17,2.360e-17,9.545e-18,0.0006,107.0,1
BottomS56817,10.4013,1.6952,1.754e-17,1.311e-17,5.271e-18,-0.0002,106.95,0
BottomS56818,10.4023,1.5862,7.050e-18,5.619e-18,2.548e-18,0.0004,111.54,1
BottomS56819,10.3990,1.6933,6.701e-18,5.009e-18,2.058e-18,-0.0002,107.01,0
BottomS56820,10.3993,1.6943,4.296e-18,3.617e-18,1.846e-18,-0.0001,106.99,0
BottomS56821,10.4030,1.5899,2.413e-17,1.882e-17,8.262e-18,0.0005,111.44,0
BottomS56822,10.3977,1.6936,2.458e-18,2.030e-18,9.615e-19,-0.0005,107.06,0
BottomS56823,10.3980,1.6951,1.171e-18,1.906e-18,3.871e-18,-0.0002,107.04,0
BottomS56824,10.3970,1.6927,8.809e-17,6.261e-17,2.249e-17,-0.0007,107.14,0
BottomS56825,10.3966,1.6934,6.434e-17,4.689e-17,1.732e-17,-0.0004,107.19,0
BottomS56826,10.4073,1.5867,3.235e-20,4.105e-20,4.677e-20,0.0009,111.32,0
BottomS56827,10.3960,1.6910,9.519e-15,6.521e-15,2.210e-15,-0.0001,107.21,0
BottomS56828,10.4072,1.5925,2.222e-17,1.671e-17,6.774e-18,-0.001,111.18,0
BottomS56829,10.4080,1.5913,2.128e-17,1.578e-17,5.995e-18,-0.0,111.13,0
BottomS56830,10.3943,1.6871,4.170e-18,3.413e-18,1.606e-18,-0.0009,107.35,0
BottomS56831,10.3938,1.6879,3.707e-19,6.360e-19,1.409e-18,-0.0005,107.42,0
BottomS56832,10.4076,1.5969,8.698e-15,5.774e-15,1.853e-15,-0.0007,111.0,0
BottomS56833,10.3933,1.6850,2.794e-17,2.059e-17,8.121e-18,0.0002,107.59,0
BottomS56834,10.3922,1.6840,1.371e-16,9.566e-17,3.408e-17,0.0002,107.63,0
BottomS56835,10.3928,1.6805,3.005e-17,2.313e-17,9.787e-18,-0.0002,107.69,0
BottomS56836,10.3916,1.6802,1.171e-18,1.877e-18,3.607e-18,0.0009,107.75,0
BottomS56837,10.3913,1.6768,9.151e-19,1.609e-18,3.728e-18,-0.0003,107.79,0
BottomS56839,10.4115,1.6074,5.770e-17,4.112e-17,1.500e-17,-0.0005,110.58,0
BottomS56840,10.3911,1.6690,4.415e-17,3.288e-17,1.292e-17,0.0001,108.07,0
BottomS56841,10.4128,1.6112,8.685e-18,6.461e-18,2.617e-18,-0.0005,110.39,0
BottomS56842,10.4135,1.6124,1.910e-17,1.441e-17,5.851e-18,-0.0003,110.26,1
BottomS56843,10.4131,1.6172,5.464e-18,4.537e-18,2.289e-18,0.0002,110.18,0
BottomS56844,10.4146,1.6178,3.077e-17,2.241e-17,8.849e-18,0.0004,110.12,0
BottomS56845,10.4137,1.6214,4.564e-17,3.347e-17,1.306e-17,0.0003,109.93,0
BottomS56846,10.3880,1.6578,1.342e-16,9.321e-17,3.215e-17,-0.0004,108.58,0
BottomS56847,10.3865,1.6564,2.620e-16,1.795e-16,5.976e-17,0.0006,108.62,0
BottomS56849,10.4148,1.6289,2.132e-17,1.593e-17,6.279e-18,-0.0004,109.71,0
BottomS56850,10.4153,1.6305,3.634e-17,2.692e-17,1.074e-17,0.0005,109.58,0
BottomS56851,10.4160,1.6334,9.859e-18,7.651e-18,3.334e-18,0.0007,109.45,0
BottomS56852,10.3860,1.6457,1.327e-16,9.147e-17,3.137e-17,-0.0004,109.06,0
BottomS56853,10.3870,1.6426,3.852e-17,2.823e-17,1.060e-17,0.0004,109.19,0
BottomS56854,10.4159,1.6408,2.299e-17,1.769e-17,7.626e-18,-0.0007,109.22,1
BottomS56855,10.3847,1.6358,1.402e-18,2.043e-18,3.165e-18,-0.0008,109.43,0
BottomS56856,10.3854,1.6359,2.763e-17,1.970e-17,7.323e-18,-0.001,109.43,0
BottomS56857,10.3852,1.6338,3.384e-18,2.830e-18,1.419e-18,-0.0003,109.47,0
BottomS56859,10.4154,1.6558,2.499e-16,1.688e-16,5.694e-17,0.0001,108.73,0
BottomS56860,10.3844,1.6194,1.185e-18,2.324e-18,6.805e-18,0.0003,109.98,0
BottomS56861,10.3851,1.6180,3.163e-18,2.689e-18,1.464e-18,-0.0002,110.04,0
BottomS56862,10.3844,1.6149,7.460e-18,2.031e-17,1.188e-16,-0.0003,110.09,1
BottomS56863,10.3857,1.6153,4.980e-18,4.176e-18,2.088e-18,-0.0002,110.11,0
BottomS56864,10.4147,1.6654,6.951e-14,5.234e-14,2.111e-14,-0.0007,108.3,0
BottomS56865,10.4171,1.6745,3.231e-18,2.580e-18,1.201e-18,-0.0003,108.14,0
BottomS56866,10.3856,1.6069,3.575e-17,2.571e-17,9.983e-18,-0.0002,110.37,0
BottomS56867,10.3850,1.6042,8.018e-18,6.157e-18,2.673e-18,-0.0002,110.45,1
BottomS56868,10.4159,1.6792,5.496e-17,3.776e-17,1.295e-17,0.0007,107.98,0
BottomS56869,10.4147,1.6860,9.826e-19,1.943e-18,5.645e-18,-0.0003,107.76,0
BottomS56870,10.4148,1.6877,5.885e-17,4.245e-17,1.603e-17,-0.0004,107.76,0
BottomS56871,10.3872,1.5934,1.655e-17,1.221e-17,4.731e-18,-0.0002,110.83,0
BottomS56872,10.3872,1.5935,1.822e-16,1.269e-16,4.330e-17,-0.0005,110.87,0
BottomS56873,10.4144,1.6921,6.488e-17,4.672e-17,1.844e-17,0.0008,107.57,0
BottomS56874,10.4148,1.6923,2.337e-19,2.474e-19,2.041e-19,0.0004,107.49,0
BottomS56875,10.3869,1.5810,9.115e-19,1.577e-18,3.534e-18,-0.0006,111.02,0
BottomS56876,10.4155,1.7032,4.308e-19,9.667e-19,3.645e-18,-0.0003,107.42,0
BottomS56877,10.4149,1.7015,8.869e-17,6.396e-17,2.382e-17,0.0009,107.31,0
BottomS56878,10.3902,1.5799,2.581e-18,2.235e-18,1.196e-18,-0.0004,111.31,0
BottomS56879,10.4118,1.7066,2.748e-17,2.101e-17,8.828e-18,0.0,107.17,1
BottomS56880,10.3913,1.5741,3.156e-19,3.259e-19,2.431e-19,0.0001,111.33,0
BottomS56881,10.4111,1.7042,5.016e-17,3.515e-17,1.266e-17,0.0004,107.13,0
BottomS56882,10.4103,1.7070,8.512e-17,6.262e-17,2.414e-17,-0.0002,107.01,0
BottomS56883,10.3918,1.5686,1.960e-17,1.362e-17,4.897e-18,0.0,111.54,0
BottomS56884,10.3933,1.5706,2.235e-18,1.897e-18,1.025e-18,0.0013,111.57,0
BottomS56885,10.4088,1.7149,4.359e-18,3.758e-18,1.995e-18,0.0007,106.98,0
BottomS56886,10.3941,1.5625,3.986e-17,2.920e-17,1.128e-17,0.0003,111.64,0
BottomS56887,10.3951,1.5638,4.664e-14,3.668e-14,1.599e-14,-0.0004,111.61,1
BottomS56888,10.4083,1.7183,1.003e-18,1.621e-18,3.144e-18,-0.0003,106.92,0
BottomS56889,10.4064,1.7201,1.828e-17,1.368e-17,5.501e-18,0.0001,106.77,0
BottomS56890,10.4051,1.7208,6.111e-18,4.900e-18,2.261e-18,-0.0002,106.8,0
BottomS56891,10.4048,1.7191,2.404e-20,2.844e-20,2.926e-20,0.0004,106.83,0
BottomS56892,10.3998,1.5591,1.387e-17,1.112e-17,5.033e-18,0.0005,111.71,1
BottomS56893,10.4043,1.7187,6.701e-17,4.830e-17,1.793e-17,-0.0004,106.82,0
BottomS56894,10.3987,1.5577,3.679e-17,2.684e-17,1.046e-17,-0.0008,111.77,0
BottomS56895,10.3990,1.5609,6.581e-19,1.019e-18,1.821e-18,0.0003,111.67,0
BottomS56896,10.4006,1.5573,2.571e-20,3.165e-20,3.460e-20,-0.0007,111.72,0
BottomS56897,10.4002,1.7264,6.250e-18,5.210e-18,2.539e-18,-0.0008,106.83,0
BottomS56898,10.4013,1.7224,1.018e-17,7.910e-18,3.465e-18,-0.0003,106.73,1
BottomS56899,10.4009,1.7208,4.533e-17,3.311e-17,1.283e-17,0.0003,106.81,0
BottomS56900,10.3973,1.7188,4.113e-14,2.823e-14,9.794e-15,0.0001,106.9,0
BottomS56901,10.3978,1.7171,2.296e-18,1.939e-18,1.026e-18,-0.0006,106.89,0
BottomS56902,10.3980,1.7176,5.233e-19,5.265e-19,3.963e-19,0.0002,106.9,0
BottomS56903,10.3964,1.7209,6.601e-17,4.722e-17,1.759e-17,0.0007,106.97,0
BottomS56904,10.3959,1.7134,1.279e-17,9.961e-18,4.330e-18,0.0002,106.99,1
BottomS56905,10.3951,1.7174,2.084e-17,1.657e-17,7.197e-18,0.0,107.14,1
BottomS56906,10.3947,1.7106,4.460e-18,3.684e-18,1.757e-18,0.0007,107.11,0
BottomS56907,10.4082,1.5695,1.455e-16,9.814e-17,3.339e-17,-0.0001,111.34,0
BottomS56908,10.4093,1.5698,7.580e-19,7.176e-19,4.604e-19,-0.0001,111.32,0
BottomS56909,10.3919,1.7082,1.622e-16,1.103e-16,3.674e-17,-0.0002,107.25,0
BottomS56910,10.3914,1.7038,2.013e-18,1.744e-18,9.601e-19,0.0009,107.32,0
BottomS56911,10.3915,1.7042,3.353e-17,2.481e-17,1.015e-17,-0.0,107.35,0
BottomS56912,10.3905,1.7021,4.396e-19,4.299e-19,2.925e-19,0.0006,107.37,0
BottomS56913,10.3901,1.7016,5.076e-20,5.872e-20,5.553e-20,-0.0,107.5,0
BottomS56914,10.4141,1.5809,1.714e-19,3.510e-19,1.114e-18,0.0008,110.92,0
BottomS56915,10.4131,1.5858,1.053e-18,1.644e-18,2.938e-18,-0.0,110.83,0
BottomS56916,10.4149,1.5878,3.309e-17,2.391e-17,9.015e-18,-0.0,110.8,0
BottomS56917,10.4146,1.5899,4.252e-18,3.636e-18,1.894e-18,-0.0007,110.68,0
BottomS56918,10.3856,1.6943,6.983e-18,5.832e-18,2.972e-18,0.0001,107.84,0
BottomS56919,10.3852,1.6874,1.245e-16,8.918e-17,3.291e-17,0.0001,107.94,0
BottomS56920,10.4182,1.5923,2.688e-19,2.707e-19,2.022e-19,0.0008,110.47,0
BottomS56921,10.4157,1.6039,3.638e-17,2.758e-17,1.116e-17,-0.0003,110.32,0
BottomS56922,10.3839,1.6781,2.116e-18,3.690e-18,8.365e-18,-0.0003,108.23,0
BottomS56923,10.3825,1.6773,3.111e-17,2.391e-17,1.022e-17,0.0001,108.24,0
BottomS56924,10.4191,1.6081,1.510e-19,1.528e-19,1.171e-19,-0.0004,110.13,0
BottomS56925,10.3831,1.6706,5.353e-17,3.800e-17,1.362e-17,0.0,108.47,0
BottomS56926,10.4184,1.6193,4.756e-14,3.553e-14,1.487e-14,0.0001,109.84,1
BottomS56927,10.3821,1.6635,3.364e-18,2.830e-18,1.380e-18,-0.0001,108.58,0
BottomS56928,10.3821,1.6614,1.387e-18,1.240e-18,7.304e-19,0.0001,108.72,0
BottomS56929,10.3808,1.6582,2.098e-17,1.548e-17,6.091e-18,0.0001,108.81,0
BottomS56930,10.4203,1.6324,1.561e-14,1.081e-14,3.698e-15,-0.0003,109.49,0
BottomS56931,10.3805,1.6510,8.023e-18,6.429e-18,2.923e-18,0.0002,108.94,0
BottomS56932,10.4222,1.6322,1.423e-17,1.091e-17,4.579e-18,0.0009,109.42,1
BottomS56933,10.3820,1.6405,1.864e-16,1.315e-16,4.560e-17,0.0002,109.27,0
BottomS56934,10.3799,1.6409,1.367e-18,1.199e-18,6.637e-19,0.0008,109.27,0
BottomS56935,10.4210,1.6450,3.035e-18,2.570e-18,1.352e-18,-0.0,109.11,0
BottomS56936,10.3802,1.6329,1.360e-17,1.036e-17,4.349e-18,0.0001,109.47,1
BottomS56937,10.3815,1.6311,1.701e-19,1.813e-19,1.432e-19,-0.0004,109.52,0
BottomS56938,10.4226,1.6568,1.343e-17,9.953e-18,3.889e-18,-0.0005,108.84,0
BottomS56939,10.4209,1.6652,1.893e-18,4.763e-18,2.311e-17,0.0007,108.55,1
BottomS56940,10.3808,1.6177,1.708e-17,1.301e-17,5.269e-18,0.0005,109.92,0
BottomS56941,10.3803,1.6161,7.396e-17,5.213e-17,1.894e-17,-0.0004,109.87,0
BottomS56943,10.3789,1.6069,1.118e-18,1.026e-18,6.208e-19,-0.0003,110.08,0
BottomS56944,10.4217,1.6778,1.015e-17,8.217e-18,3.764e-18,0.0004,108.23,0
BottomS56946,10.3800,1.5957,3.492e-19,3.644e-19,2.901e-19,0.0001,110.43,0
BottomS56947,10.3805,1.5881,2.346e-16,1.618e-16,5.800e-17,0.0001,110.61,0
BottomS56948,10.3809,1.5860,5.148e-17,3.657e-17,1.364e-17,0.0002,110.63,0
BottomS56949,10.3826,1.5867,1.674e-20,2.154e-20,2.654e-20,-0.0006,110.74,0
BottomS56950,10.4210,1.6962,3.284e-18,2.798e-18,1.504e-18,0.0003,107.73,0
BottomS56951,10.3806,1.5711,5.559e-18,4.574e-18,2.238e-18,-0.001,110.9,0
BottomS56952,10.3821,1.5776,7.051e-20,7.874e-20,7.097e-20,-0.0006,110.93,0
BottomS56953,10.3843,1.5749,2.203e-17,1.641e-17,6.718e-18,0.0006,111.05,0
BottomS56954,10.3838,1.5672,5.780e-17,4.170e-17,1.563e-17,-0.0012,111.07,0
BottomS56955,10.4185,1.7166,7.943e-19,1.301e-18,2.528e-18,-0.0009,107.39,0
BottomS56956,10.3850,1.5666,5.696e-17,3.953e-17,1.367e-17,0.0003,111.13,0
BottomS56957,10.4152,1.7163,1.063e-18,1.751e-18,3.367e-18,0.0004,107.31,0
BottomS56958,10.3877,1.5601,3.961e-14,3.510e-14,1.933e-14,0.0008,111.33,1
BottomS56959,10.4156,1.7211,3.095e-18,2.528e-18,1.248e-18,0.0002,107.14,0
BottomS56960,10.4157,1.7260,2.290e-17,1.647e-17,6.116e-18,0.0011,107.07,0
BottomS56961,10.3882,1.5551,2.526e-19,2.329e-19,1.403e-19,-0.0009,111.47,0
BottomS56962,10.3872,1.5456,1.068e-17,8.382e-18,3.779e-18,0.0004,111.5,1
BottomS56963,10.4130,1.7334,1.576e-18,1.405e-18,7.891e-19,-0.0003,106.88,0
BottomS56964,10.4118,1.7322,2.750e-17,2.050e-17,8.510e-18,0.0006,106.96,1
BottomS56965,10.3917,1.5441,1.681e-14,1.129e-14,3.793e-15,0.0004,111.63,0
BottomS56966,10.4104,1.7344,1.962e-18,1.675e-18,8.856e-19,-0.0005,106.84,0
BottomS56967,10.3920,1.5402,1.885e-16,1.306e-16,4.426e-17,0.0003,111.64,0
BottomS56968,10.3940,1.5428,2.674e-17,2.068e-17,9.059e-18,-0.0003,111.71,1
BottomS56969,10.4088,1.7441,5.042e-17,3.632e-17,1.358e-17,-0.0003,106.72,0
BottomS56970,10.4052,1.7403,6.374e-17,4.502e-17,1.579e-17,0.0004,106.74,0
BottomS56971,10.3957,1.5425,1.567e-18,1.411e-18,8.077e-19,0.0004,111.8,0
BottomS56972,10.3965,1.5391,1.529e-16,1.076e-16,3.752e-17,-0.0001,111.78,0
BottomS56973,10.4044,1.7424,2.941e-17,2.146e-17,8.014e-18,-0.0001,106.76,0
BottomS56974,10.3991,1.5406,2.062e-18,1.714e-18,8.680e-19,-0.0003,111.75,0
BottomS56975,10.3987,1.5360,4.746e-19,8.019e-19,1.719e-18,0.0005,111.74,0
BottomS56976,10.3998,1.5366,2.215e-16,1.514e-16,5.298e-17,0.0,111.78,0
BottomS56977,10.4007,1.7417,2.443e-16,1.642e-16,5.505e-17,-0.0002,106.71,0
BottomS56978,10.4005,1.7402,4.487e-15,2.866e-15,8.832e-16,0.0002,106.78,0
BottomS56979,10.3996,1.7422,8.649e-18,7.057e-18,3.424e-18,-0.0003,106.76,0
BottomS56980,10.3985,1.7395,3.499e-17,2.598e-17,1.026e-17,0.0005,106.85,0
BottomS56981,10.3968,1.7344,9.899e-15,6.431e-15,1.903e-15,-0.0008,106.9,0
BottomS56982,10.4073,1.5410,3.855e-17,2.769e-17,1.029e-17,-0.0008,111.52,0
BottomS56983,10.4059,1.5426,3.390e-17,2.416e-17,8.829e-18,-0.0008,111.57,0
BottomS56984,10.3935,1.7326,8.031e-17,5.627e-17,1.904e-17,0.0001,106.95,0
BottomS56985,10.4094,1.5483,1.294e-18,2.746e-18,8.990e-18,0.0007,111.4,0
BottomS56986,10.3923,1.7322,3.531e-17,2.522e-17,9.616e-18,-0.0003,107.09,0
BottomS56987,10.3906,1.7324,8.001e-17,5.572e-17,1.991e-17,-0.0005,106.98,0
BottomS56988,10.4116,1.5462,5.242e-17,3.781e-17,1.397e-17,-0.0009,111.37,0
BottomS56989,10.4116,1.5558,2.360e-18,5.561e-18,2.347e-17,-0.0006,111.3,1
BottomS56990,10.4135,1.5562,7.741e-19,1.447e-18,3.816e-18,0.0005,111.23,0
BottomS56991,10.3881,1.7242,1.023e-17,7.790e-18,3.331e-18,0.0005,107.22,1
BottomS56992,10.4134,1.5646,2.956e-18,2.489e-18,1.262e-18,0.0005,111.1,0
BottomS56993,10.4144,1.5638,4.468e-19,4.316e-19,2.893e-19,-0.0004,111.02,0
BottomS56995,10.3843,1.7153,4.987e-18,4.012e-18,1.862e-18,0.0001,107.62,0
BottomS56996,10.4179,1.5724,1.955e-20,2.489e-20,2.982e-20,-0.0003,110.84,0
BottomS56997,10.3834,1.7027,1.413e-14,9.631e-15,3.287e-15,-0.0002,107.69,0
BottomS56998,10.3846,1.7001,5.693e-18,4.482e-18,2.019e-18,-0.0003,107.76,0
BottomS56999,10.3968,1.6008,1.250e-19,1.313e-19,1.013e-19,0.0005,111.27,0
BottomS57000,10.3969,1.6012,1.422e-18,1.892e-18,2.477e-18,-0.0001,111.3,0
BottomS57002,10.3963,1.6022,3.451e-19,5.616e-19,1.120e-18,0.0004,111.37,0
BottomS57003,10.3960,1.5993,4.807e-20,5.508e-20,5.004e-20,0.0007,111.41,0
BottomS57004,10.3963,1.6040,4.603e-18,3.768e-18,1.835e-18,0.0002,111.37,0
BottomS57005,10.3952,1.5967,9.423e-18,7.316e-18,3.119e-18,0.0003,111.4,1
BottomS57006,10.3979,1.5974,3.534e-18,7.847e-18,3.054e-17,-0.0003,111.43,1
BottomS57008,10.4049,1.6823,2.052e-17,1.562e-17,6.394e-18,0.0007,107.01,0
BottomS57009,10.4041,1.6837,9.817e-18,7.656e-18,3.393e-18,0.0008,106.98,1
BottomS57010,10.4031,1.6915,5.230e-19,4.806e-19,2.888e-19,0.0003,106.93,0
BottomS57011,10.3982,1.5970,3.610e-18,2.850e-18,1.294e-18,0.0001,111.5,0
BottomS57012,10.4016,1.6023,1.473e-17,1.064e-17,4.028e-18,-0.0002,111.49,0
BottomS57014,10.4027,1.5893,5.346e-14,5.106e-14,3.392e-14,0.0001,111.52,1
BottomS57015,10.3989,1.5941,5.320e-20,6.312e-20,6.448e-20,-0.0003,111.51,0
BottomS57016,10.4059,1.6954,3.455e-17,2.692e-17,1.172e-17,-0.0001,106.98,0
BottomS57020,10.4023,1.5850,3.143e-17,2.229e-17,8.077e-18,-0.0,111.56,0
BottomS57021,10.4009,1.6885,1.474e-19,1.586e-19,1.286e-19,-0.0006,107.0,0
BottomS57022,10.4047,1.5919,2.349e-17,1.813e-17,7.458e-18,-0.0003,111.42,1
BottomS57023,10.4021,1.6931,2.545e-18,2.216e-18,1.230e-18,0.0003,107.0,0
BottomS57024,10.4010,1.5869,2.658e-17,2.016e-17,8.210e-18,-0.0004,111.52,1
BottomS57025,10.4037,1.5872,1.137e-18,2.726e-18,1.250e-17,-0.0006,111.48,1
BottomS57028,10.3984,1.6859,1.582e-18,1.462e-18,8.702e-19,0.0004,107.12,0
BottomS57029,10.3975,1.6902,2.026e-16,1.330e-16,4.131e-17,0.0004,107.15,0
BottomS57030,10.3969,1.6882,2.986e-19,2.977e-19,2.079e-19,0.0008,107.24,0
BottomS57031,10.3972,1.6919,9.141e-19,1.292e-18,1.957e-18,-0.0006,107.18,0
BottomS57034,10.3970,1.6911,1.065e-17,8.316e-18,3.697e-18,0.0,107.23,1
BottomS57035,10.4095,1.5929,5.341e-18,4.321e-18,2.009e-18,0.0009,111.25,0
BottomS57036,10.4068,1.5964,1.537e-19,1.612e-19,1.316e-19,0.0011,111.11,0
BottomS57037,10.3953,1.6876,7.333e-18,5.853e-18,2.707e-18,-0.0003,107.36,0
BottomS57038,10.4083,1.5970,1.165e-18,1.070e-18,6.500e-19,0.0005,111.14,0
BottomS57039,10.3927,1.6898,8.438e-17,6.058e-17,2.321e-17,-0.0002,107.44,0
BottomS57042,10.4102,1.6041,4.730e-19,9.120e-19,2.628e-18,0.0006,110.82,0
BottomS57044,10.3915,1.6782,1.362e-18,1.227e-18,7.094e-19,0.0003,107.75,0
BottomS57045,10.4081,1.6041,2.108e-18,4.489e-18,1.596e-17,-0.0001,110.76,1
BottomS57046,10.3924,1.6779,2.227e-18,3.885e-18,8.614e-18,-0.0,107.84,0
BottomS57049,10.4102,1.6102,1.629e-20,2.028e-20,2.368e-20,-0.0005,110.53,0
BottomS57050,10.4108,1.6089,4.812e-18,8.192e-18,1.687e-17,-0.0003,110.51,0
BottomS57051,10.3904,1.6657,6.345e-20,7.274e-20,7.054e-20,-0.0005,108.17,0
BottomS57052,10.4127,1.6115,3.491e-18,2.999e-18,1.598e-18,-0.0008,110.41,0
BottomS57054,10.4139,1.6114,3.981e-18,3.412e-18,1.814e-18,0.0002,110.27,0
BottomS57055,10.4119,1.6139,5.079e-20,5.543e-20,4.993e-20,0.0007,110.21,0
BottomS57056,10.3880,1.6604,2.712e-18,6.385e-18,2.842e-17,0.001,108.57,1
BottomS57060,10.4147,1.6256,1.416e-19,1.606e-19,1.501e-19,0.0009,109.82,0
BottomS57061,10.4124,1.6327,1.230e-18,1.160e-18,7.341e-19,-0.0004,109.56,0
BottomS57062,10.3854,1.6560,9.772e-18,7.526e-18,3.187e-18,-0.0008,108.72,1
BottomS57064,10.3868,1.6522,3.914e-20,4.645e-20,4.823e-20,0.0005,108.8,0
BottomS57066,10.3870,1.6518,1.321e-17,9.686e-18,3.906e-18,0.0002,108.83,0
BottomS57067,10.3857,1.6422,5.590e-19,5.385e-19,3.570e-19,0.0006,109.18,0
BottomS57071,10.4135,1.6479,3.265e-18,2.611e-18,1.190e-18,0.0005,108.96,0
BottomS57072,10.4156,1.6470,1.264e-18,2.263e-18,5.354e-18,0.0004,109.04,0
BottomS57073,10.4146,1.6396,1.706e-17,1.331e-17,5.870e-18,-0.0004,109.27,1
BottomS57076,10.4161,1.6588,1.541e-19,1.555e-19,1.155e-19,0.0011,108.6,0
BottomS57077,10.3845,1.6264,1.730e-18,2.953e-18,6.527e-18,0.0003,109.7,0
BottomS57078,10.3844,1.6211,3.688e-20,4.388e-20,4.651e-20,-0.0005,109.95,0
BottomS57080,10.3874,1.6222,7.548e-20,8.640e-20,8.515e-20,0.0001,109.89,0
BottomS57081,10.3846,1.6133,2.079e-19,2.103e-19,1.563e-19,-0.0,110.2,0
BottomS57084,10.3846,1.6141,1.486e-19,1.516e-19,1.098e-19,0.0002,110.17,0
BottomS57085,10.3870,1.6094,3.018e-18,2.538e-18,1.273e-18,0.0007,110.33,0
BottomS57086,10.3896,1.6134,6.675e-18,5.344e-18,2.387e-18,-0.0001,110.28,1
BottomS57087,10.3861,1.6055,3.765e-18,3.215e-18,1.733e-18,0.0002,110.52,0
BottomS57088,10.3857,1.6014,1.858e-17,1.364e-17,5.385e-18,-0.0004,110.55,0
BottomS57089,10.3863,1.6023,1.444e-20,1.809e-20,2.089e-20,-0.0005,110.53,0
BottomS57091,10.3879,1.5949,2.448e-18,4.106e-18,8.574e-18,-0.0004,110.75,0
BottomS57095,10.4156,1.6982,6.649e-17,4.726e-17,1.730e-17,0.0008,107.51,0
BottomS57097,10.4143,1.6989,5.402e-20,6.213e-20,5.783e-20,-0.0003,107.42,0
BottomS57098,10.4146,1.6976,8.867e-19,8.110e-19,4.812e-19,-0.001,107.3,0
BottomS57099,10.3886,1.5838,1.517e-19,1.542e-19,1.131e-19,-0.0,111.11,0
BottomS57100,10.4133,1.7043,5.201e-18,4.259e-18,2.013e-18,0.0004,107.26,0
BottomS57102,10.3895,1.5803,6.988e-20,7.605e-20,6.649e-20,-0.0004,111.28,0
BottomS57103,10.4117,1.7066,3.147e-20,3.814e-20,4.155e-20,0.0001,107.22,0
BottomS57104,10.3919,1.5791,5.341e-19,4.798e-19,2.838e-19,0.0,111.35,0
BottomS57106,10.3894,1.5653,1.120e-18,1.015e-18,5.964e-19,-0.0002,111.42,0
BottomS57107,10.4124,1.7037,3.063e-18,2.680e-18,1.526e-18,0.0001,107.11,0
BottomS57109,10.4097,1.7078,2.351e-14,1.604e-14,5.572e-15,0.0001,107.05,0
BottomS57110,10.4093,1.7136,6.330e-19,1.003e-18,1.789e-18,0.0005,106.91,0
BottomS57113,10.4077,1.7153,1.217e-19,1.221e-19,8.709e-20,0.0002,106.88,0
BottomS57114,10.3955,1.5715,5.431e-18,4.260e-18,1.975e-18,-0.0002,111.53,0
BottomS57116,10.4077,1.7157,1.191e-17,9.409e-18,4.248e-18,0.0002,106.84,1
BottomS57117,10.3954,1.5703,1.213e-18,2.072e-18,4.522e-18,0.0009,111.63,0
BottomS57118,10.4073,1.7157,7.123e-19,1.315e-18,3.446e-18,-0.0002,106.85,0
BottomS57121,10.4041,1.7221,2.100e-18,3.678e-18,8.592e-18,-0.0002,106.8,0
BottomS57123,10.4051,1.7229,2.611e-19,2.659e-19,1.970e-19,-0.0003,106.84,0
BottomS57124,10.4005,1.7176,6.079e-19,5.867e-19,3.928e-19,-0.0011,106.8,0
BottomS57125,10.3999,1.5612,3.395e-19,6.091e-19,1.498e-18,0.0004,111.62,0
BottomS57126,10.4011,1.7144,1.836e-17,1.365e-17,5.385e-18,0.0004,106.86,0
BottomS57127,10.4007,1.7245,1.244e-19,1.362e-19,1.193e-19,-0.0002,106.78,0
BottomS57128,10.4026,1.5590,5.397e-19,9.848e-19,2.443e-18,-0.0007,111.68,0
BottomS57129,10.3999,1.7160,3.034e-19,3.037e-19,2.208e-19,-0.0003,106.88,0
BottomS57130,10.4042,1.5620,2.563e-20,3.222e-20,3.523e-20,0.0008,111.7,0
BottomS57131,10.4008,1.5627,6.368e-19,1.181e-18,3.077e-18,0.0004,111.64,0
BottomS57132,10.4052,1.5560,6.975e-20,8.322e-20,8.423e-20,0.0006,111.59,0
BottomS57133,10.4069,1.5652,5.362e-20,6.085e-20,5.526e-20,0.0003,111.5,0
BottomS57136,10.3962,1.7183,7.055e-19,6.313e-19,3.701e-19,0.0,107.06,0
BottomS57137,10.4062,1.5690,8.755e-20,9.241e-20,7.575e-20,0.0005,111.39,0
BottomS57138,10.4083,1.5674,9.333e-18,7.409e-18,3.354e-18,-0.0003,111.41,1
BottomS57139,10.3927,1.7117,4.010e-20,4.525e-20,4.076e-20,-0.0004,107.17,0
BottomS57140,10.3940,1.7120,2.915e-19,4.613e-19,8.358e-19,-0.0001,107.17,0
BottomS57141,10.4084,1.5706,1.892e-17,1.450e-17,6.231e-18,0.0001,111.41,1
BottomS57142,10.3931,1.7090,2.596e-20,3.263e-20,3.782e-20,0.0001,107.18,0
BottomS57143,10.4094,1.5736,1.010e-18,1.921e-18,5.300e-18,0.0006,111.27,0
BottomS57145,10.3896,1.7033,2.227e-18,3.799e-18,8.163e-18,-0.0004,107.39,0
BottomS57146,10.4127,1.5754,5.870e-19,5.839e-19,4.140e-19,-0.0004,111.08,0
BottomS57147,10.4131,1.5755,3.066e-18,2.531e-18,1.198e-18,0.0,111.08,0
BottomS57148,10.3925,1.6995,4.136e-17,3.044e-17,1.194e-17,-0.0008,107.5,0
BottomS57149,10.3911,1.7011,3.049e-18,2.423e-18,1.084e-18,0.0005,107.54,0
BottomS57151,10.3867,1.6963,8.435e-18,6.760e-18,3.168e-18,0.0004,107.62,0
BottomS57153,10.4132,1.5972,2.497e-18,2.086e-18,1.049e-18,0.0003,110.7,0
BottomS57154,10.4169,1.5848,3.025e-18,2.511e-18,1.245e-18,0.0002,110.73,0
BottomS57155,10.4165,1.5921,4.760e-19,7.178e-19,1.230e-18,0.0004,110.59,0
BottomS57157,10.3843,1.6883,5.816e-19,1.064e-18,2.604e-18,0.0004,107.99,0
BottomS57159,10.4161,1.5983,4.337e-19,4.141e-19,2.698e-19,0.0003,110.4,0
BottomS57160,10.3866,1.6718,3.007e-20,3.920e-20,4.816e-20,-0.0004,108.25,0
BottomS57161,10.3846,1.6740,8.431e-19,1.494e-18,3.481e-18,-0.0007,108.31,0
BottomS57162,10.3834,1.6753,2.372e-18,1.977e-18,1.025e-18,0.0004,108.31,0
BottomS57165,10.3875,1.6600,3.328e-20,4.003e-20,4.141e-20,0.0,108.58,0
BottomS57166,10.4191,1.6184,2.287e-18,1.978e-18,1.068e-18,-0.0003,109.85,0
BottomS57168,10.3811,1.6627,4.760e-18,3.948e-18,1.923e-18,-0.0001,108.63,0
BottomS57169,10.4224,1.6236,2.830e-14,1.920e-14,6.349e-15,-0.0001,109.71,0
BottomS57170,10.4229,1.6247,2.272e-18,1.924e-18,1.026e-18,0.0003,109.62,0
BottomS57172,10.3831,1.6501,2.375e-19,2.333e-19,1.641e-19,0.0,109.0,0
BottomS57174,10.3831,1.6411,1.030e-16,7.022e-17,2.335e-17,-0.0007,109.26,0
BottomS57175,10.4245,1.6378,4.706e-19,8.180e-19,1.908e-18,0.0004,109.29,0
BottomS57176,10.4207,1.6324,1.248e-18,1.850e-18,2.956e-18,-0.0011,109.45,0
BottomS57177,10.3831,1.6364,7.220e-20,7.834e-20,6.595e-20,0.0003,109.38,0
BottomS57178,10.3819,1.6365,4.235e-19,6.739e-19,1.256e-18,-0.0003,109.38,0
BottomS57180,10.3808,1.6305,1.033e-18,9.286e-19,5.300e-19,-0.0001,109.55,0
BottomS57182,10.3843,1.6239,5.108e-18,3.886e-18,1.625e-18,-0.0002,109.78,1
BottomS57183,10.4220,1.6575,3.347e-20,4.181e-20,4.619e-20,-0.0001,108.79,0
BottomS57184,10.3813,1.6252,4.635e-19,4.458e-19,3.013e-19,0.0,109.65,0
BottomS57187,10.3794,1.6094,4.332e-17,3.103e-17,1.174e-17,-0.0,110.03,0
BottomS57188,10.4186,1.6723,3.483e-18,2.853e-18,1.367e-18,-0.0003,108.32,0
BottomS57189,10.4213,1.6763,1.365e-17,1.065e-17,4.584e-18,0.0005,108.26,1
BottomS57190,10.3862,1.6141,6.193e-17,4.425e-17,1.619e-17,-0.0003,110.1,0
BottomS57191,10.3812,1.5993,3.505e-18,3.017e-18,1.609e-18,0.0003,110.33,0
BottomS57192,10.4192,1.6928,4.733e-19,4.502e-19,2.900e-19,0.0004,107.91,0
BottomS57193,10.4179,1.6831,4.603e-18,3.668e-18,1.632e-18,-0.0006,107.97,0
BottomS57194,10.3803,1.5940,1.145e-18,1.019e-18,5.842e-19,-0.0006,110.46,0
BottomS57195,10.4203,1.6923,7.080e-19,6.261e-19,3.526e-19,-0.0003,107.81,0
BottomS57196,10.4225,1.7090,2.220e-20,2.730e-20,3.063e-20,-0.0001,107.56,0
BottomS57197,10.4174,1.6912,1.425e-19,1.417e-19,1.043e-19,0.0002,107.76,0
BottomS57198,10.4191,1.7026,2.352e-18,1.949e-18,9.627e-19,0.0003,107.62,0
BottomS57199,10.3817,1.5755,1.265e-18,2.011e-18,3.952e-18,-0.0007,110.91,0
BottomS57200,10.3852,1.5825,7.085e-20,8.200e-20,8.011e-20,0.0002,110.86,0
BottomS57203,10.3846,1.5760,6.060e-17,4.554e-17,1.811e-17,-0.0003,111.05,0
BottomS57204,10.3851,1.5694,1.247e-18,1.145e-18,6.908e-19,-0.0003,111.15,0
BottomS57205,10.4177,1.7044,2.022e-19,2.996e-19,4.821e-19,-0.0007,107.34,0
BottomS57206,10.3842,1.5620,1.233e-17,9.586e-18,4.168e-18,-0.0006,111.2,1
BottomS57207,10.4155,1.7150,1.877e-18,1.591e-18,8.260e-19,0.0001,107.27,0
BottomS57210,10.3872,1.5580,1.469e-19,1.657e-19,1.501e-19,-0.0002,111.37,0
BottomS57211,10.4111,1.7221,4.319e-17,3.112e-17,1.194e-17,0.0006,107.05,0
BottomS57212,10.4159,1.7330,1.255e-17,9.255e-18,3.654e-18,0.0003,106.98,0
BottomS57213,10.4153,1.7362,1.806e-20,2.160e-20,2.326e-20,-0.0002,106.93,0
BottomS57214,10.3897,1.5399,1.659e-17,1.237e-17,4.884e-18,0.0007,111.53,0
BottomS57215,10.3918,1.5636,1.004e-19,1.119e-19,1.017e-19,0.0004,111.6,0
BottomS57216,10.3939,1.5581,5.087e-18,1.006e-17,2.956e-17,-0.0002,111.58,1
BottomS57218,10.3916,1.5443,2.744e-20,3.061e-20,2.860e-20,-0.0002,111.57,0
BottomS57220,10.4088,1.7320,2.664e-19,4.681e-19,1.051e-18,0.0,106.79,0
BottomS57221,10.4100,1.7419,4.230e-20,4.838e-20,4.551e-20,-0.0,106.82,0
BottomS57222,10.3936,1.5437,4.850e-19,4.835e-19,3.444e-19,-0.0006,111.7,0
BottomS57223,10.3920,1.5357,2.599e-18,2.124e-18,1.043e-18,-0.0004,111.71,0
BottomS57225,10.4047,1.7301,3.979e-14,2.842e-14,1.043e-14,0.0,106.76,0
BottomS57226,10.3961,1.5256,1.521e-20,1.935e-20,2.381e-20,-0.0005,111.79,0
BottomS57227,10.4069,1.7556,8.019e-18,6.327e-18,2.793e-18,0.0006,106.78,0
BottomS57228,10.4009,1.7373,1.040e-17,8.157e-18,3.503e-18,0.0001,106.72,1
BottomS57229,10.3987,1.5509,1.233e-17,9.105e-18,3.564e-18,-0.0002,111.7,0
BottomS57231,10.4019,1.7439,2.172e-19,2.297e-19,1.787e-19,-0.0008,106.65,0
BottomS57232,10.4041,1.7458,8.490e-20,1.015e-19,1.057e-19,-0.0003,106.73,0
BottomS57237,10.3977,1.7392,5.338e-20,6.026e-20,5.492e-20,-0.0004,106.79,0
BottomS57239,10.4090,1.5443,1.118e-19,1.271e-19,1.183e-19,0.0005,111.61,0
BottomS57240,10.4046,1.5543,4.718e-18,3.878e-18,1.848e-18,0.001,111.6,0
BottomS57241,10.3943,1.7364,3.734e-20,4.221e-20,3.986e-20,-0.0005,107.0,0
BottomS57242,10.3935,1.7371,3.209e-19,3.297e-19,2.554e-19,0.0005,106.93,0
BottomS57243,10.3965,1.7324,9.245e-18,6.989e-18,3.008e-18,0.0004,106.95,1
BottomS57244,10.4110,1.5518,2.236e-20,2.645e-20,2.733e-20,0.0002,111.35,0
BottomS57247,10.3928,1.7356,4.091e-19,7.088e-19,1.555e-18,0.0001,107.03,0
BottomS57248,10.4088,1.5580,1.068e-18,9.644e-19,5.592e-19,0.0003,111.44,0
BottomS57249,10.3906,1.7336,5.750e-17,4.055e-17,1.445e-17,-0.0002,107.19,0
BottomS57251,10.3902,1.7197,3.336e-18,5.971e-18,1.396e-17,0.0002,107.22,0
BottomS57252,10.4125,1.5639,8.367e-19,1.584e-18,4.453e-18,0.0002,111.19,0
BottomS57253,10.3898,1.7167,3.560e-18,2.924e-18,1.468e-18,0.0002,107.34,0
BottomS57254,10.3893,1.7125,2.733e-20,3.088e-20,2.925e-20,0.0002,107.31,0
BottomS57255,10.3830,1.7245,1.381e-20,1.901e-20,2.618e-20,-0.0008,107.49,0
BottomS57257,10.4164,1.5693,1.340e-18,1.166e-18,6.406e-19,-0.0004,110.93,0
BottomS57258,10.4152,1.5762,1.033e-18,1.649e-18,3.194e-18,0.0003,110.82,0
BottomS57259,10.4191,1.5778,2.929e-19,6.461e-19,2.348e-18,0.0001,110.75,0
BottomS57261,10.4209,1.5813,8.173e-19,1.466e-18,3.496e-18,-0.0001,110.7,0
BottomS57262,10.3850,1.6888,1.058e-19,1.123e-19,8.907e-20,0.0004,107.95,0
BottomS57263,10.4221,1.5814,9.549e-18,7.391e-18,3.202e-18,0.0003,110.61,1
BottomS57265,10.4203,1.5893,1.175e-17,9.030e-18,3.936e-18,-0.0,110.48,1
BottomS57266,10.3773,1.6976,1.005e-17,7.956e-18,3.630e-18,-0.0004,108.14,1
BottomS57268,10.4187,1.6054,5.587e-19,1.099e-18,3.284e-18,-0.0,110.14,0
BottomS57275,7.5589,-4.3154,2.080e-20,2.561e-20,2.791e-20,0.0001,119.4,0
BottomS57281,7.5926,-4.2536,3.748e-14,2.950e-14,1.262e-14,-0.0009,118.53,1
BottomS57289,7.5416,-4.2881,5.664e-19,9.217e-19,1.814e-18,0.0,119.53,0
BottomS57290,7.5686,-4.3142,3.660e-20,4.289e-20,4.398e-20,-0.0001,119.32,0
BottomS57291,7.5542,-4.3200,1.243e-19,1.316e-19,1.072e-19,0.0007,120.66,0
BottomS57294,7.5430,-4.2897,2.321e-20,2.758e-20,2.857e-20,-0.0001,119.5,0
BottomS57299,7.5543,-4.3161,2.922e-19,2.976e-19,2.237e-19,0.0013,120.46,0
BottomS57301,7.5041,-4.3310,2.278e-20,2.927e-20,3.524e-20,0.0004,120.91,0
BottomS57304,7.5577,-4.3349,1.202e-14,7.982e-15,2.636e-15,-0.0005,120.86,0
BottomS57305,7.5596,-4.3362,8.099e-19,7.534e-19,4.718e-19,-0.0003,120.6,0
BottomS57326,7.5631,-4.2751,2.054e-20,2.418e-20,2.561e-20,-0.0003,119.02,0
BottomS57329,7.5572,-4.3119,9.665e-19,1.462e-18,2.385e-18,-0.0002,119.35,0
BottomS57332,7.5294,-4.3470,5.867e-19,1.130e-18,3.121e-18,-0.0002,121.22,0
BottomS57334,7.5068,-4.3399,4.310e-20,5.081e-20,5.088e-20,0.0004,121.0,0
BottomS57337,7.5577,-4.3122,4.686e-20,5.543e-20,5.527e-20,-0.0007,119.52,0
BottomS57338,7.5590,-4.2768,6.047e-19,5.659e-19,3.564e-19,0.0007,118.97,0
BottomS57342,7.5561,-4.3112,2.324e-18,4.720e-18,1.474e-17,-0.001,119.54,0
BottomS57350,7.5272,-4.3889,1.418e-20,1.788e-20,2.007e-20,-0.0007,121.14,0
BottomS57357,7.5583,-4.3171,7.820e-19,7.341e-19,4.693e-19,0.0005,120.48,0
BottomS57358,7.5436,-4.3341,2.844e-14,1.969e-14,6.605e-15,-0.0003,121.15,0
BottomS57359,7.5801,-4.3089,1.547e-18,3.208e-18,1.085e-17,-0.0004,119.07,0
BottomS57360,7.5938,-4.2562,3.581e-18,7.598e-18,2.585e-17,-0.0007,118.65,1
BottomS57369,7.5580,-4.3157,8.060e-19,1.410e-18,3.182e-18,0.0001,119.57,0
BottomS57371,7.5698,-4.2636,2.205e-20,2.831e-20,3.333e-20,-0.0002,118.82,0
BottomS57381,7.5533,-4.3113,5.405e-19,5.087e-19,3.249e-19,0.0001,119.74,0
BottomS57382,7.5649,-4.2898,2.368e-20,2.849e-20,3.116e-20,-0.0002,118.8,0
BottomS57383,7.5504,-4.3138,1.666e-19,1.811e-19,1.586e-19,-0.001,120.21,0
BottomS57385,7.5647,-4.3035,2.806e-20,3.475e-20,3.990e-20,-0.0004,118.95,0
BottomS57395,7.5454,-4.3187,4.065e-14,3.266e-14,1.482e-14,0.0004,120.69,1
BottomS57396,7.5651,-4.3135,2.393e-19,2.423e-19,1.836e-19,-0.0001,119.27,0
BottomS57398,7.5528,-4.2987,1.032e-18,9.154e-19,5.117e-19,-0.0001,119.32,0
BottomS57405,7.5249,-4.3043,5.896e-20,6.698e-20,6.326e-20,-0.0006,120.33,0
BottomS57406,7.5259,-4.3460,2.233e-20,2.729e-20,2.887e-20,-0.0009,121.29,0
BottomS57414,7.5799,-4.3593,4.895e-18,4.004e-18,1.877e-18,0.0003,120.32,0
BottomS57415,7.6119,-4.3451,1.946e-14,1.570e-14,7.317e-15,0.0001,119.78,0
BottomS57419,7.5571,-4.3035,2.570e-19,2.566e-19,1.884e-19,0.0003,119.13,0
BottomS57421,7.6313,-4.2199,1.122e-19,1.295e-19,1.214e-19,0.0003,118.63,0
BottomS57424,7.5571,-4.3149,4.192e-20,4.876e-20,4.743e-20,-0.0003,119.79,0
BottomS57425,7.5573,-4.3161,1.347e-18,2.719e-18,8.273e-18,-0.0002,120.15,0
BottomS57427,7.5319,-4.3290,7.905e-20,8.881e-20,8.208e-20,0.0001,121.15,0
BottomS57429,7.5585,-4.3395,5.491e-20,6.329e-20,6.064e-20,0.0006,120.89,0
BottomS57430,7.5441,-4.3029,3.163e-20,3.957e-20,4.403e-20,-0.0007,119.73,0
BottomS57431,7.5397,-4.3023,1.647e-20,2.175e-20,2.709e-20,0.0005,120.0,0
BottomS57432,7.5128,-4.3172,1.873e-19,1.891e-19,1.387e-19,-0.0003,120.84,0
BottomS57443,7.6012,-4.2784,1.699e-20,2.299e-20,2.939e-20,-0.0005,118.52,0
BottomS57445,7.5662,-4.3696,1.356e-20,1.680e-20,1.859e-20,-0.0001,120.71,0
BottomS57447,7.5643,-4.2866,1.244e-18,2.768e-18,1.092e-17,0.0002,118.96,0
BottomS57452,7.5583,-4.3188,6.144e-20,6.771e-20,5.846e-20,0.0,120.26,0
BottomS57455,7.5243,-4.3039,2.386e-20,2.757e-20,2.733e-20,-0.0002,120.38,0
BottomS57458,7.5686,-4.3060,1.311e-20,1.680e-20,2.006e-20,0.0001,119.01,0
BottomS57460,7.6097,-4.3099,1.407e-20,1.761e-20,1.961e-20,0.0007,118.85,0
BottomS57461,7.5679,-4.3143,3.683e-18,2.994e-18,1.391e-18,0.0,119.3,0
BottomS57462,7.5396,-4.3201,1.089e-20,1.460e-20,2.007e-20,0.0001,120.85,0
BottomS57463,7.5528,-4.3222,7.758e-19,1.298e-18,2.747e-18,0.0005,120.8,0
BottomS57466,7.5671,-4.2895,1.101e-20,1.449e-20,1.826e-20,0.0005,118.76,0
BottomS57467,7.5565,-4.3139,4.794e-19,8.786e-19,2.190e-18,0.0006,119.51,0
BottomS57468,7.5603,-4.3113,9.207e-19,1.680e-18,4.206e-18,0.0,119.21,0
BottomS57469,7.5482,-4.2882,8.639e-19,1.514e-18,3.577e-18,0.0003,119.23,0
BottomS57471,7.5250,-4.3152,2.523e-20,3.068e-20,3.233e-20,-0.0002,120.74,0
BottomS57474,7.5727,-4.3431,2.435e-19,2.547e-19,2.013e-19,-0.0001,120.21,0
BottomS57479,7.5668,-4.3559,1.089e-20,1.463e-20,1.937e-20,-0.0004,120.62,0
BottomS57480,7.5444,-4.3306,8.587e-20,9.723e-20,8.709e-20,-0.0009,121.13,0
BottomS57483,7.5653,-4.3238,1.258e-19,1.295e-19,1.012e-19,-0.0,119.95,0
BottomS57489,7.5638,-4.3261,1.480e-19,1.551e-19,1.196e-19,-0.0001,120.26,0
BottomS57491,7.5625,-4.3268,1.992e-20,2.709e-20,3.579e-20,0.0001,120.35,0
BottomS57507,7.5515,-4.3131,8.825e-19,1.637e-18,4.069e-18,-0.0001,120.18,0
BottomS57511,7.4852,-4.3448,1.620e-18,1.377e-18,7.006e-19,-0.0003,120.96,0
BottomS57513,7.5478,-4.2810,1.768e-20,2.272e-20,2.655e-20,0.0003,119.0,0
BottomS57514,7.5613,-4.3137,2.268e-15,8.908e-15,1.080e-13,-0.0008,119.34,0
BottomS57517,7.5641,-4.3092,1.295e-19,1.362e-19,1.111e-19,0.0001,119.17,0
BottomS57528,7.4687,-4.3416,2.033e-19,2.122e-19,1.672e-19,0.0003,121.12,0
BottomS57529,7.6124,-4.3780,9.369e-19,2.014e-18,6.940e-18,0.0003,119.88,0
BottomS57533,7.5590,-4.3098,2.658e-19,2.843e-19,2.296e-19,0.0009,119.17,0
BottomS57542,7.5795,-4.2451,4.832e-20,5.453e-20,4.888e-20,0.0003,118.47,0
BottomS57544,7.5893,-4.2966,6.600e-19,6.407e-19,4.434e-19,0.0006,118.76,0
BottomS57548,7.5253,-4.3065,1.825e-20,2.146e-20,2.169e-20,0.0001,120.39,0
BottomS57549,7.5561,-4.3395,2.223e-19,2.304e-19,1.776e-19,0.0002,120.94,0
BottomS57557,7.5515,-4.3640,6.956e-20,7.893e-20,7.277e-20,0.0003,120.66,0
BottomS57559,7.5554,-4.3136,2.157e-18,4.163e-18,1.179e-17,0.0005,119.75,0
BottomS57562,7.5563,-4.3102,4.295e-20,4.830e-20,4.376e-20,-0.0003,119.41,0
BottomS57563,7.5865,-4.3335,1.045e-18,2.162e-18,7.167e-18,0.0005,119.79,0
BottomS57570,7.5328,-4.3285,3.630e-19,6.896e-19,1.865e-18,-0.0006,120.95,0
BottomS57573,7.5554,-4.3150,2.482e-19,2.554e-19,1.978e-19,-0.0006,120.52,0
BottomS57574,7.5561,-4.3183,5.879e-20,6.650e-20,6.181e-20,0.0006,120.53,0
BottomS57575,7.6707,-4.3441,8.602e-19,8.005e-19,4.869e-19,-0.001,119.39,0
BottomS57578,7.5389,-4.3251,7.224e-19,6.638e-19,4.021e-19,-0.0007,120.9,0
BottomS57593,7.5540,-4.3110,2.762e-20,3.350e-20,3.722e-20,0.0001,119.56,0
BottomS57594,7.5620,-4.3210,5.939e-20,7.372e-20,8.025e-20,-0.0002,120.09,0
BottomS57595,7.5217,-4.3099,1.763e-20,2.252e-20,2.598e-20,0.0003,120.76,0
BottomS57599,7.5552,-4.3233,9.469e-19,8.361e-19,4.612e-19,-0.0006,120.56,0
BottomS57600,7.5603,-4.2917,6.993e-19,1.249e-18,2.908e-18,-0.0005,118.93,0
BottomS57601,7.5545,-4.3144,6.085e-19,6.013e-19,4.227e-19,0.0007,120.18,0
BottomS57603,7.5426,-4.3311,3.591e-18,3.074e-18,1.599e-18,-0.0005,121.12,0
BottomS57604,7.5682,-4.3187,5.285e-19,9.626e-19,2.471e-18,-0.0001,119.57,0
BottomS57605,7.5633,-4.2970,1.546e-19,1.678e-19,1.428e-19,0.0004,118.8,0
BottomS57610,7.5963,-4.3089,1.993e-20,2.437e-20,2.596e-20,0.0005,119.1,0
BottomS57616,7.6094,-4.2889,2.656e-20,3.102e-20,3.162e-20,-0.0014,118.74,0
BottomS57621,7.5536,-4.3141,1.600e-18,2.716e-18,6.037e-18,-0.0009,120.15,0
BottomS57622,7.5609,-4.3194,3.676e-19,3.377e-19,2.081e-19,0.0006,119.99,0
BottomS57624,7.5403,-4.3251,1.551e-18,1.405e-18,8.176e-19,0.0004,120.96,0
BottomS57625,7.5604,-4.3347,7.213e-19,6.725e-19,4.280e-19,0.0004,120.62,0
BottomS57629,7.5115,-4.3611,1.352e-18,1.162e-18,6.278e-19,0.0001,121.21,0
BottomS57636,7.5491,-4.2986,3.541e-19,5.698e-19,1.121e-18,-0.0004,119.43,0
BottomS57642,7.5598,-4.2877,1.116e-18,1.732e-18,3.063e-18,0.0007,118.81,0
BottomS57643,7.5436,-4.3067,5.996e-18,5.057e-18,2.499e-18,0.0007,120.05,0
BottomS57644,7.5418,-4.3102,3.421e-20,4.098e-20,4.246e-20,-0.0003,120.97,0
BottomS57646,7.5524,-4.3132,6.949e-20,7.943e-20,7.141e-20,-0.0001,120.06,0
BottomS57648,7.5341,-4.3024,1.193e-18,2.401e-18,7.159e-18,0.0002,120.27,0
BottomS57649,7.5591,-4.3155,2.589e-18,2.214e-18,1.190e-18,0.0002,119.74,0
BottomS57650,7.5684,-4.3359,4.700e-18,8.731e-18,2.322e-17,0.0,120.36,0
BottomS57654,7.5606,-4.2971,6.954e-14,6.087e-14,3.420e-14,-0.0006,119.01,1
BottomS57655,7.5475,-4.3367,6.276e-18,4.951e-18,2.143e-18,0.0007,121.11,0
BottomS57657,7.5547,-4.3074,2.536e-20,3.116e-20,3.485e-20,-0.0,119.6,0
BottomS57658,7.5709,-4.2898,8.151e-19,7.580e-19,4.705e-19,0.0002,118.81,0
BottomS57659,7.5532,-4.3074,3.848e-18,3.086e-18,1.454e-18,0.0005,119.54,0
BottomS57660,7.5604,-4.3329,1.773e-20,2.326e-20,2.960e-20,-0.0003,121.29,0
BottomS57661,7.5469,-4.3053,1.106e-19,1.143e-19,9.101e-20,-0.0004,119.81,0
BottomS57662,7.5687,-4.3181,1.474e-18,2.227e-18,3.848e-18,0.0007,119.63,0
BottomS57663,7.5564,-4.3198,2.607e-19,2.528e-19,1.726e-19,0.0007,120.63,0
BottomS57664,7.5749,-4.3215,1.177e-19,1.233e-19,9.529e-20,-0.0003,119.56,0
BottomS57670,7.5719,-4.3254,4.493e-20,4.893e-20,4.247e-20,-0.0003,119.63,0
BottomS57671,7.5808,-4.3084,5.767e-19,5.307e-19,3.233e-19,0.0005,118.65,0
BottomS57673,7.5485,-4.3069,1.160e-14,8.284e-15,3.060e-15,0.0002,119.97,0
BottomS57676,7.5332,-4.3127,3.002e-19,2.852e-19,1.887e-19,-0.0004,120.6,0
BottomS57677,7.5763,-4.3165,1.954e-19,1.906e-19,1.352e-19,0.0009,119.19,0
BottomS57678,7.5660,-4.3023,5.139e-19,4.638e-19,2.749e-19,-0.001,118.91,0
BottomS57679,7.5632,-4.3110,1.145e-20,1.427e-20,1.663e-20,0.0005,119.23,0
BottomS57680,7.5611,-4.2976,3.076e-20,3.612e-20,3.589e-20,0.0007,119.01,0
BottomS57681,7.5430,-4.3126,1.281e-20,1.676e-20,2.119e-20,0.0005,120.57,0
BottomS57692,7.5496,-4.3154,4.222e-14,2.992e-14,1.067e-14,0.0003,120.78,0
BottomS57694,7.5495,-4.3254,9.461e-18,7.152e-18,2.951e-18,0.0005,120.82,1
BottomS57695,7.5642,-4.3148,1.028e-19,1.123e-19,9.472e-20,-0.0002,119.1,0
BottomS57696,7.5701,-4.3141,1.349e-19,1.424e-19,1.129e-19,0.0004,119.18,0
BottomS57697,7.5549,-4.3083,4.819e-19,4.384e-19,2.623e-19,0.0003,119.52,0
BottomS57700,7.5765,-4.2974,1.232e-19,1.296e-19,1.019e-19,0.0004,118.6,0
BottomS57701,7.5696,-4.3119,1.761e-18,3.319e-18,8.659e-18,0.0002,119.14,0
BottomS57706,7.5615,-4.3316,1.302e-17,9.988e-18,4.205e-18,0.0005,120.62,1
BottomS57708,7.5568,-4.3117,7.953e-19,7.134e-19,4.126e-19,0.0005,119.48,0
BottomS57711,7.5735,-4.3180,5.216e-18,4.148e-18,1.925e-18,0.0008,119.36,0
BottomS57712,7.5736,-4.3377,6.987e-19,1.332e-18,3.513e-18,-0.0,120.37,0
BottomS57713,7.5562,-4.3110,1.966e-19,2.028e-19,1.580e-19,0.0006,119.65,0
BottomS57716,7.5558,-4.3284,2.238e-18,1.927e-18,9.833e-19,0.0006,120.94,0
BottomS57717,7.5622,-4.3138,2.761e-20,3.342e-20,3.543e-20,0.0007,119.59,0
BottomS57719,7.5570,-4.3041,3.418e-19,3.301e-19,2.245e-19,-0.0006,119.37,0
BottomS57720,7.5720,-4.3123,4.736e-18,3.757e-18,1.721e-18,0.0002,119.0,0
BottomS57723,7.5709,-4.3006,4.107e-19,3.853e-19,2.524e-19,0.0007,118.76,0
BottomS57727,7.5693,-4.3281,1.182e-18,1.920e-18,3.664e-18,0.0,121.02,0
BottomS57728,7.5553,-4.3310,3.600e-19,3.551e-19,2.488e-19,0.0002,120.92,0
BottomS57729,7.5529,-4.3387,1.004e-18,1.846e-18,4.575e-18,0.0002,121.17,0
BottomS57731,7.5697,-4.3050,2.076e-18,1.862e-18,1.096e-18,-0.0004,118.7,0
BottomS57733,7.5357,-4.3254,3.198e-19,3.382e-19,2.761e-19,0.0001,121.08,0
BottomS57734,7.5495,-4.3221,7.098e-19,6.629e-19,4.178e-19,-0.0008,120.8,0
BottomS57735,7.5769,-4.2959,4.255e-18,3.522e-18,1.709e-18,0.0002,118.76,0
BottomS57739,7.5686,-4.2906,2.720e-18,2.272e-18,1.131e-18,-0.0,118.65,0
BottomS57742,7.5628,-4.3144,7.517e-20,7.865e-20,6.395e-20,-0.0002,119.38,0
BottomS57743,7.5594,-4.3183,1.654e-17,1.240e-17,5.013e-18,0.0005,120.05,0
BottomS57744,7.5428,-4.3280,1.162e-18,1.081e-18,6.651e-19,-0.0002,121.08,0
BottomS57745,7.5721,-4.3200,3.048e-20,3.484e-20,3.309e-20,0.0,119.47,0
BottomS57746,7.5768,-4.3092,4.199e-19,7.301e-19,1.717e-18,-0.0008,119.14,0
BottomS57747,7.5890,-4.3045,5.340e-14,3.832e-14,1.456e-14,-0.0001,118.93,0
BottomS57748,7.5530,-4.3332,2.741e-18,7.075e-18,3.528e-17,-0.0002,120.76,1
BottomS57750,7.5482,-4.3147,1.046e-18,9.438e-19,5.534e-19,0.0004,120.38,0
BottomS57751,7.5637,-4.3064,7.500e-19,1.434e-18,3.919e-18,-0.0,119.16,0
BottomS57753,7.5704,-4.3181,1.519e-19,1.542e-19,1.191e-19,-0.0006,119.44,0
BottomS57754,7.5738,-4.3065,3.947e-18,3.160e-18,1.496e-18,-0.0004,118.98,0
BottomS57756,7.5522,-4.3281,4.477e-14,3.183e-14,1.175e-14,0.0005,120.98,0
BottomS57758,7.5554,-4.3156,1.426e-18,2.546e-18,6.039e-18,-0.0006,120.03,0
BottomS57760,7.5418,-4.3237,8.946e-19,1.500e-18,3.053e-18,-0.0002,120.86,0
BottomS57762,7.5578,-4.3192,2.794e-17,1.977e-17,7.324e-18,-0.0003,120.18,0
BottomS57764,7.5346,-4.3064,4.752e-20,5.355e-20,4.903e-20,-0.0001,120.39,0
BottomS57765,7.5395,-4.3262,1.861e-18,3.951e-18,1.348e-17,0.0003,121.08,0
BottomS57767,7.5324,-4.3337,7.552e-19,1.448e-18,3.899e-18,-0.0003,121.37,0
BottomS57768,7.5394,-4.3278,1.002e-13,7.564e-14,3.139e-14,-0.0001,121.08,1
BottomS57770,7.5765,-4.3230,1.735e-19,1.864e-19,1.532e-19,-0.0001,119.69,0
BottomS57776,7.5525,-4.3355,1.042e-17,7.969e-18,3.380e-18,0.0001,120.96,1
BottomS57777,7.5500,-4.3246,2.885e-18,5.195e-18,1.262e-17,-0.0004,120.87,0
BottomS57778,7.5625,-4.3004,1.170e-18,1.078e-18,6.749e-19,-0.0,118.79,0
BottomS57782,7.5746,-4.3038,1.247e-18,1.957e-18,3.447e-18,-0.0,118.51,0
BottomS57784,7.5432,-4.3030,1.067e-18,1.008e-18,6.314e-19,0.0006,119.97,0
BottomS57785,7.5610,-4.3181,4.540e-19,4.260e-19,2.741e-19,-0.0009,119.19,0
BottomS57786,7.5752,-4.3074,5.295e-18,7.643e-18,1.165e-17,0.0005,118.79,0
BottomS57787,7.5618,-4.3233,1.248e-18,1.110e-18,6.283e-19,0.0001,120.23,0
BottomS57788,7.5677,-4.3261,1.414e-18,2.463e-18,5.624e-18,0.0,119.96,0
BottomS57789,7.5773,-4.3012,3.964e-18,3.309e-18,1.641e-18,0.0004,118.77,0
BottomS57790,7.5534,-4.2927,7.274e-18,5.768e-18,2.689e-18,-0.0003,119.23,0
BottomS57791,7.5523,-4.3023,5.244e-20,5.926e-20,5.557e-20,0.0,119.08,0
BottomS57793,7.5633,-4.2944,3.399e-20,3.856e-20,3.487e-20,0.0003,118.85,0
BottomS57794,7.5762,-4.3046,1.836e-20,2.294e-20,2.518e-20,-0.0001,118.77,0
BottomS57796,7.5668,-4.3336,3.206e-19,3.092e-19,2.054e-19,0.0009,120.42,0
BottomS57797,7.5507,-4.3026,1.115e-18,2.121e-18,5.802e-18,0.0002,118.74,0
BottomS57799,7.5378,-4.3188,7.861e-19,6.882e-19,3.786e-19,0.0007,121.08,0
BottomS57800,7.5628,-4.3155,1.082e-18,1.614e-18,2.690e-18,0.0003,119.54,0
BottomS57804,7.5676,-4.3102,2.692e-18,6.489e-18,2.980e-17,0.0004,118.96,1
BottomS57806,7.5549,-4.3460,3.523e-19,3.295e-19,2.134e-19,-0.0006,121.09,0
BottomS57809,7.5491,-4.3070,5.858e-18,1.301e-17,5.054e-17,-0.0007,118.9,1
BottomS57810,7.5406,-4.3165,2.215e-18,3.661e-18,7.420e-18,0.0005,120.76,0
BottomS57813,7.5776,-4.3256,6.984e-19,6.273e-19,3.496e-19,-0.0003,119.55,0
BottomS57815,7.5438,-4.3473,7.245e-18,5.542e-18,2.378e-18,-0.0002,120.91,0
BottomS57818,7.5437,-4.3416,2.651e-19,2.767e-19,2.208e-19,0.0012,121.18,0
BottomS57821,7.5767,-4.3114,1.005e-18,1.646e-18,3.313e-18,-0.0004,118.92,0
BottomS57822,7.5265,-4.3148,2.983e-18,6.083e-18,2.006e-17,0.0006,120.81,1
BottomS57825,7.5632,-4.3077,5.645e-18,4.400e-18,1.953e-18,0.0003,119.0,0
BottomS57826,7.5624,-4.3163,8.711e-20,9.480e-20,8.029e-20,0.0008,119.53,0
BottomS57831,7.5589,-4.3104,5.513e-18,4.558e-18,2.273e-18,-0.0001,119.24,0
BottomS57834,7.5416,-4.3219,5.303e-14,3.751e-14,1.398e-14,0.0001,120.92,0
BottomS57835,7.5691,-4.3150,1.939e-18,1.734e-18,9.989e-19,0.0002,119.35,0
BottomS57836,7.5480,-4.3222,6.110e-20,7.007e-20,6.535e-20,-0.0006,120.67,0
BottomS57837,7.5487,-4.3232,4.899e-19,4.896e-19,3.614e-19,0.0003,120.96,0
BottomS57839,7.5453,-4.3210,6.884e-14,5.649e-14,2.786e-14,0.0003,120.78,1
BottomS57842,7.5449,-4.3242,7.838e-19,7.344e-19,4.616e-19,-0.0003,120.94,0
BottomS57846,7.5727,-4.3056,9.688e-19,8.398e-19,4.584e-19,0.0009,118.91,0
BottomS57849,7.5419,-4.3270,3.598e-19,6.607e-19,1.721e-18,0.0003,121.01,0
BottomS57851,7.5404,-4.3273,5.374e-14,4.432e-14,2.113e-14,-0.0003,121.09,1
BottomS57852,7.5482,-4.3238,4.758e-19,8.739e-19,2.152e-18,-0.0005,120.79,0
BottomS57854,7.5425,-4.3237,1.013e-18,8.874e-19,4.782e-19,-0.0004,121.02,0
BottomS57857,7.5736,-4.3075,1.715e-19,1.769e-19,1.341e-19,-0.0001,118.92,0
BottomS57858,7.5461,-4.3180,5.177e-19,4.923e-19,3.145e-19,-0.0001,120.57,0
BottomS57860,7.5490,-4.3268,1.090e-17,8.357e-18,3.515e-18,0.0005,120.87,1
BottomS57861,7.5703,-4.3055,1.026e-18,9.152e-19,5.347e-19,0.0,119.01,0
BottomS57864,7.5680,-4.3062,5.894e-18,4.664e-18,2.143e-18,0.0,118.97,0
BottomS57865,7.5414,-4.3263,3.409e-20,3.933e-20,3.889e-20,0.0004,121.05,0
BottomS57869,7.5769,-4.3070,1.393e-17,1.085e-17,4.824e-18,-0.001,118.76,1
BottomS57871,7.5449,-4.3242,1.208e-19,1.403e-19,1.331e-19,-0.0002,120.88,0
BottomS57874,7.5394,-4.3271,1.326e-18,1.159e-18,6.501e-19,0.0005,121.11,0
BottomS57879,7.5442,-4.3209,6.876e-20,7.808e-20,7.253e-20,-0.0,120.69,0
BottomS57880,7.5448,-4.3266,6.919e-18,5.298e-18,2.277e-18,0.0006,121.01,0
BottomS57881,7.5703,-4.3019,8.906e-19,8.260e-19,5.002e-19,-0.0,118.88,0
BottomS57882,7.5741,-4.3053,2.074e-20,2.754e-20,3.485e-20,0.0006,118.69,0
BottomS57883,7.5747,-4.3055,2.764e-18,6.031e-18,2.234e-17,0.0002,118.91,1
BottomS57884,7.5444,-4.3246,1.152e-18,1.930e-18,4.125e-18,0.0004,120.96,0
BottomS57885,7.5677,-4.3079,8.262e-19,1.277e-18,2.368e-18,-0.0004,118.98,0
BottomS57886,7.5680,-4.3060,5.410e-19,9.289e-19,2.002e-18,0.0001,118.94,0
BottomS57887,7.5651,-4.3112,7.541e-20,8.492e-20,8.103e-20,0.0003,119.14,0
BottomS57888,7.5697,-4.3083,1.825e-20,2.183e-20,2.363e-20,-0.0007,118.95,0
BottomS57889,7.5699,-4.3051,9.963e-19,8.991e-19,5.441e-19,-0.0004,118.8,0
BottomS57890,7.5419,-4.3247,2.602e-19,2.660e-19,2.010e-19,0.0005,121.02,0
BottomS57891,7.5462,-4.3214,2.848e-14,1.973e-14,6.854e-15,-0.0003,120.84,0
BottomS57895,7.5705,-4.3014,4.483e-19,4.198e-19,2.622e-19,-0.0005,118.68,0
BottomS57896,7.5690,-4.3046,1.918e-20,2.567e-20,3.311e-20,0.0004,118.95,0
BottomS57900,7.5622,-4.3128,1.955e-18,1.671e-18,8.932e-19,0.0001,119.25,0
BottomS57903,7.5441,-4.3270,6.974e-19,6.397e-19,3.952e-19,-0.0005,120.94,0
BottomS57906,7.5442,-4.3255,4.635e-19,4.391e-19,2.826e-19,0.0001,121.0,0
BottomS57908,7.5379,-4.3241,7.337e-19,1.443e-18,4.204e-18,-0.0007,121.03,0
BottomS57910,7.5680,-4.3094,2.158e-14,1.459e-14,4.981e-15,0.0003,119.03,0
BottomS57914,7.5422,-4.3298,2.309e-18,2.035e-18,1.087e-18,0.0001,120.96,0
BottomS57916,7.5725,-4.3078,7.682e-19,1.252e-18,2.558e-18,-0.0006,119.0,0
BottomS57917,7.5706,-4.3014,1.139e-20,1.582e-20,2.324e-20,-0.0007,118.79,0
BottomS57921,7.5745,-4.3057,6.510e-19,6.404e-19,4.451e-19,-0.0005,118.82,0
BottomS57922,7.5682,-4.3057,1.475e-17,1.100e-17,4.334e-18,0.0001,118.94,0
BottomS57923,7.5435,-4.3300,1.432e-18,2.817e-18,7.952e-18,-0.0002,121.26,0
BottomS57927,7.5756,-4.3087,4.947e-19,4.916e-19,3.592e-19,-0.0002,118.96,0
BottomS57929,7.5747,-4.3027,7.093e-14,5.373e-14,2.255e-14,-0.0005,118.66,1
BottomS57931,7.5739,-4.3069,1.660e-18,1.461e-18,7.962e-19,-0.0005,118.93,0
BottomS57933,7.5793,-4.2978,8.112e-18,6.342e-18,2.867e-18,-0.0002,118.68,0
BottomS57935,7.5421,-4.3251,9.174e-19,8.367e-19,4.913e-19,-0.0002,121.08,0
BottomS57942,7.5421,-4.3277,9.581e-18,7.384e-18,3.170e-18,0.0001,121.02,1
BottomS57946,7.5719,-4.3026,7.294e-19,6.698e-19,3.897e-19,-0.0003,118.8,0
BottomS57947,7.5689,-4.3027,1.427e-18,2.672e-18,7.266e-18,-0.0004,118.96,0
BottomS57948,7.5799,-4.2980,1.983e-14,1.349e-14,4.652e-15,-0.0006,118.63,0
BottomS57950,7.5688,-4.3058,5.472e-20,6.032e-20,5.211e-20,0.0012,118.86,0
BottomS57951,7.5450,-4.3281,6.846e-19,1.440e-18,4.974e-18,-0.0,120.98,0
BottomS57953,7.5740,-4.3039,8.567e-19,1.708e-18,5.031e-18,-0.0002,118.8,0
BottomS57954,7.5325,-4.3325,1.723e-18,1.481e-18,8.046e-19,0.0003,121.2,0
BottomS57955,7.5377,-4.3237,2.157e-20,2.585e-20,2.737e-20,0.0006,121.03,0
BottomS57957,7.5404,-4.3309,7.030e-19,1.271e-18,3.055e-18,-0.0001,121.14,0
BottomS57958,7.5339,-4.3319,3.148e-18,2.724e-18,1.474e-18,0.0006,121.09,0
BottomS57959,7.5772,-4.2973,3.048e-19,3.135e-19,2.273e-19,-0.0001,118.67,0
BottomS57961,7.5753,-4.3009,5.638e-19,5.378e-19,3.657e-19,-0.0001,118.61,0
BottomS57963,7.5396,-4.3308,8.010e-14,5.983e-14,2.354e-14,-0.0,121.19,0
BottomS57967,7.5353,-4.3308,1.006e-18,9.339e-19,5.677e-19,0.0008,121.25,0
BottomS57968,7.5741,-4.3058,6.708e-15,4.427e-15,1.435e-15,-0.0002,119.03,0
BottomS57971,7.5769,-4.3048,1.921e-17,5.045e-17,2.828e-16,-0.0002,118.85,1
BottomS57973,7.5816,-4.2981,8.262e-19,7.777e-19,4.832e-19,-0.0,118.73,0
BottomS57974,7.5748,-4.3073,1.574e-18,2.890e-18,7.621e-18,-0.0001,118.89,0
BottomS57975,7.5346,-4.3333,1.069e-17,8.438e-18,3.756e-18,0.0005,121.28,1
BottomS57982,7.5798,-4.2990,3.099e-18,2.587e-18,1.340e-18,-0.0004,118.75,0
BottomS57983,7.5819,-4.2991,1.227e-18,1.084e-18,6.193e-19,-0.0001,118.57,0
BottomS57985,7.5821,-4.2990,2.787e-19,2.733e-19,1.960e-19,0.0002,118.61,0
BottomS57986,7.5732,-4.3020,3.466e-20,4.425e-20,5.274e-20,-0.0002,118.68,0
BottomS57988,7.5322,-4.3374,1.395e-19,1.480e-19,1.211e-19,0.0002,121.26,0
BottomS57989,7.5347,-4.3346,1.362e-17,1.023e-17,4.293e-18,0.0005,121.31,1
BottomS57991,7.5329,-4.3278,2.345e-19,2.334e-19,1.716e-19,-0.0007,121.07,0
BottomS57992,7.5432,-4.3270,2.561e-18,2.145e-18,1.122e-18,-0.0002,121.04,0
BottomS57995,7.5869,-4.2926,1.093e-19,1.092e-19,8.076e-20,-0.0002,118.57,0
BottomS57996,7.5795,-4.2965,8.680e-15,5.809e-15,1.889e-15,-0.0011,118.57,0
BottomS57999,7.5293,-4.3321,3.480e-18,2.906e-18,1.449e-18,-0.0004,121.12,0
BottomS58000,7.5818,-4.2961,1.663e-20,2.145e-20,2.599e-20,0.0002,118.82,0
BottomS58002,7.5382,-4.3304,8.276e-19,7.392e-19,4.221e-19,0.0001,121.19,0
BottomS58005,7.5315,-4.3361,3.774e-19,3.747e-19,2.633e-19,-0.001,121.25,0
BottomS58006,7.5409,-4.3302,4.469e-19,4.302e-19,2.976e-19,0.0005,121.2,0
BottomS58013,7.5891,-4.2922,5.450e-19,5.538e-19,4.063e-19,0.0003,118.66,0
BottomS58014,7.5803,-4.3037,1.407e-18,2.521e-18,6.099e-18,-0.0001,118.79,0
BottomS58015,7.5390,-4.3295,1.636e-18,1.463e-18,8.258e-19,0.0003,121.16,0
BottomS58017,7.5309,-4.3306,1.862e-19,1.924e-19,1.461e-19,-0.0004,121.23,0
BottomS58018,7.5820,-4.3039,2.383e-19,2.369e-19,1.713e-19,0.0004,118.57,0
BottomS58019,7.5338,-4.3377,4.491e-18,8.498e-18,2.245e-17,0.0,121.36,0
BottomS58021,7.5272,-4.3368,9.733e-19,8.702e-19,4.956e-19,0.0001,121.03,0
BottomS58022,7.5844,-4.2973,6.513e-20,7.350e-20,6.960e-20,-0.0,118.52,0
BottomS58025,7.5289,-4.3341,1.769e-17,1.332e-17,5.426e-18,-0.0001,121.2,1
BottomS58027,7.5287,-4.3329,8.733e-19,1.536e-18,3.504e-18,-0.0001,121.16,0
BottomS58030,7.5245,-4.3392,2.460e-18,2.125e-18,1.122e-18,-0.0001,121.06,0
BottomS58031,7.5315,-4.3383,1.466e-19,1.543e-19,1.218e-19,0.0004,121.26,0
BottomS58032,7.5326,-4.3328,2.235e-20,2.962e-20,3.901e-20,-0.0003,121.23,0
BottomS58034,7.5791,-4.2949,4.065e-18,6.048e-18,1.017e-17,-0.0001,118.77,0
BottomS58040,7.5306,-4.3359,2.417e-14,1.735e-14,6.364e-15,0.0002,121.08,0
BottomS58041,7.5889,-4.2953,3.523e-19,3.508e-19,2.503e-19,-0.0006,118.75,0
BottomS58042,7.5309,-4.3362,1.078e-18,9.746e-19,5.904e-19,0.0005,121.14,0
BottomS58046,7.5879,-4.2895,5.666e-14,5.344e-14,3.512e-14,-0.0005,118.77,1
BottomS58048,7.5888,-4.2970,2.620e-19,2.621e-19,1.983e-19,0.0002,118.53,0
BottomS58049,7.5344,-4.3397,1.778e-17,1.394e-17,5.976e-18,0.0004,121.34,1
BottomS58050,7.5232,-4.3361,3.500e-14,2.718e-14,1.221e-14,0.0003,121.33,1
BottomS58054,7.5912,-4.2944,1.312e-20,1.711e-20,2.207e-20,0.0007,118.81,0
BottomS58055,7.5862,-4.2915,7.759e-19,6.816e-19,3.834e-19,0.0004,118.65,0
BottomS58056,7.5184,-4.3385,2.196e-18,1.812e-18,9.231e-19,0.0,121.33,0
BottomS58057,7.5912,-4.2890,2.156e-14,1.466e-14,4.948e-15,0.0001,118.5,0
BottomS58058,7.5280,-4.3337,2.762e-19,2.817e-19,2.124e-19,-0.0002,121.17,0
BottomS58059,7.5879,-4.2928,8.722e-19,7.992e-19,4.800e-19,-0.0005,118.61,0
BottomS58064,7.5909,-4.2914,1.870e-20,2.432e-20,2.937e-20,0.0002,118.63,0
BottomS58065,7.5247,-4.3405,1.119e-18,1.974e-18,4.543e-18,-0.0002,121.18,0
BottomS58068,7.5269,-4.3374,1.048e-18,1.601e-18,2.885e-18,0.0001,121.22,0
BottomS58070,7.5936,-4.2878,3.007e-19,2.978e-19,2.104e-19,-0.0007,118.67,0
BottomS58071,7.5226,-4.3390,2.751e-17,2.096e-17,8.819e-18,-0.0002,121.1,1
BottomS58072,7.5222,-4.3370,1.104e-17,8.461e-18,3.671e-18,-0.0001,121.17,1
BottomS58073,7.5227,-4.3368,6.341e-14,5.034e-14,2.304e-14,0.0001,121.18,1
BottomS58074,7.5924,-4.2910,3.315e-18,2.704e-18,1.349e-18,0.0002,118.52,0
BottomS58075,7.5220,-4.3425,7.757e-19,6.775e-19,3.922e-19,-0.0001,121.14,0
BottomS58076,7.5232,-4.3427,2.558e-18,2.069e-18,9.569e-19,-0.0002,121.39,0
BottomS58077,7.5214,-4.3455,1.886e-19,2.009e-19,1.701e-19,0.0006,121.2,0
BottomS58078,7.5254,-4.3458,1.197e-16,8.603e-17,3.173e-17,0.0001,121.34,0
BottomS58079,7.5231,-4.3495,4.948e-19,4.716e-19,3.047e-19,-0.0012,121.29,0
BottomS58081,7.5285,-4.3495,2.584e-18,2.267e-18,1.284e-18,0.0003,121.39,0
BottomS58082,7.5852,-4.2802,1.493e-18,2.977e-18,9.183e-18,-0.0002,118.49,0
BottomS58083,7.5858,-4.2760,1.441e-16,1.018e-16,3.650e-17,0.0006,118.56,0
BottomS58084,7.5284,-4.3553,8.708e-18,6.562e-18,2.762e-18,0.0004,121.17,1
BottomS58085,7.5307,-4.3570,5.034e-17,3.564e-17,1.320e-17,-0.0001,121.34,0
BottomS58086,7.5309,-4.3591,3.041e-19,4.923e-19,9.395e-19,0.0011,121.31,0
BottomS58087,7.5771,-4.2726,1.599e-16,1.108e-16,3.900e-17,-0.0001,118.65,0
BottomS58088,7.5344,-4.3616,9.255e-19,1.824e-18,5.320e-18,-0.0011,121.05,0
BottomS58089,7.5775,-4.2707,6.248e-14,5.083e-14,2.474e-14,0.0006,118.49,1
BottomS58090,7.5763,-4.2685,4.560e-17,3.217e-17,1.168e-17,0.0001,118.58,0
BottomS58091,7.5374,-4.3641,7.986e-15,5.413e-15,1.734e-15,-0.0001,121.2,0
BottomS58092,7.5739,-4.2643,1.389e-18,1.217e-18,6.641e-19,0.0008,118.7,0
BottomS58093,7.5417,-4.3649,5.860e-19,1.005e-18,2.183e-18,-0.0001,121.16,0
BottomS58094,7.5442,-4.3663,1.904e-18,2.630e-18,3.827e-18,0.0004,121.28,0
BottomS58095,7.5512,-4.3638,1.659e-16,1.164e-16,4.251e-17,0.0006,120.92,0
BottomS58096,7.5494,-4.3666,5.581e-17,3.941e-17,1.481e-17,-0.0009,121.03,0
BottomS58098,7.5604,-4.2654,4.327e-18,3.657e-18,1.846e-18,-0.0001,119.03,0
BottomS58099,7.5549,-4.3668,1.678e-18,1.442e-18,7.698e-19,0.0004,120.91,0
BottomS58100,7.5580,-4.3692,1.076e-14,7.391e-15,2.439e-15,0.0006,120.91,0
BottomS58101,7.5540,-4.2625,1.018e-17,7.812e-18,3.356e-18,-0.0002,119.07,1
BottomS58102,7.5614,-4.3685,4.888e-17,3.546e-17,1.352e-17,0.0008,120.82,0
BottomS58103,7.5648,-4.3676,3.088e-17,2.267e-17,8.948e-18,0.0009,120.72,0
BottomS58104,7.5475,-4.2671,1.090e-17,8.410e-18,3.606e-18,0.0006,119.16,1
BottomS58105,7.5689,-4.3643,1.955e-17,1.479e-17,6.197e-18,0.0001,120.76,1
BottomS58106,7.5421,-4.2641,2.725e-18,4.177e-18,7.206e-18,0.0001,119.23,0
BottomS58107,7.5418,-4.2670,2.975e-16,2.072e-16,7.291e-17,-0.0001,119.25,0
BottomS58108,7.5740,-4.3595,1.777e-18,3.941e-18,1.451e-17,-0.0,120.66,0
BottomS58109,7.5368,-4.2705,6.644e-17,4.792e-17,1.806e-17,0.0001,119.46,0
BottomS58110,7.5343,-4.2715,7.575e-17,5.243e-17,1.786e-17,0.0006,119.45,0
BottomS58111,7.5287,-4.2679,7.091e-17,4.878e-17,1.707e-17,-0.0001,119.48,0
BottomS58112,7.5292,-4.2726,1.068e-17,8.658e-18,4.265e-18,-0.0011,119.69,0
BottomS58113,7.5254,-4.2705,2.230e-17,1.691e-17,6.893e-18,-0.0,119.62,1
BottomS58114,7.5899,-4.3555,3.511e-18,2.812e-18,1.292e-18,0.0001,120.23,0
BottomS58115,7.5227,-4.2774,2.312e-17,1.756e-17,7.194e-18,-0.0001,119.81,0
BottomS58116,7.5955,-4.3557,1.540e-17,1.213e-17,5.355e-18,0.0002,120.11,1
BottomS58117,7.5155,-4.2773,3.159e-19,3.054e-19,2.121e-19,-0.0,119.9,0
BottomS58120,7.6053,-4.3490,4.615e-18,3.801e-18,1.918e-18,-0.0002,119.84,0
BottomS58122,7.6039,-4.3411,2.377e-17,1.806e-17,7.401e-18,-0.0003,119.7,1
BottomS58124,7.5070,-4.2951,1.441e-18,2.774e-18,7.818e-18,0.0,120.06,0
BottomS58125,7.5020,-4.2988,6.201e-17,4.515e-17,1.656e-17,-0.0001,120.5,0
BottomS58126,7.4999,-4.2992,6.492e-18,5.321e-18,2.597e-18,-0.0,120.24,0
BottomS58127,7.5000,-4.2995,7.674e-16,5.163e-16,1.711e-16,-0.0002,120.34,0
BottomS58128,7.6167,-4.3272,1.416e-18,1.214e-18,6.585e-19,0.0006,119.42,0
BottomS58129,7.6172,-4.3237,1.222e-17,9.662e-18,4.224e-18,0.0006,119.18,1
BottomS58130,7.6167,-4.3200,7.777e-17,5.307e-17,1.767e-17,0.0005,119.21,0
BottomS58131,7.6178,-4.3211,1.291e-17,9.969e-18,4.198e-18,-0.0005,119.39,1
BottomS58132,7.4951,-4.3151,1.226e-18,1.079e-18,5.930e-19,0.001,120.82,0
BottomS58133,7.4956,-4.3184,1.034e-19,1.202e-19,1.164e-19,-0.0006,120.91,0
BottomS58134,7.6182,-4.3097,2.722e-16,1.915e-16,6.774e-17,0.0006,118.98,0
BottomS58135,7.6204,-4.3073,8.703e-18,6.807e-18,2.951e-18,0.0008,119.1,1
BottomS58136,7.4938,-4.3284,2.648e-17,2.023e-17,8.632e-18,0.0005,120.97,0
BottomS58137,7.4872,-4.3325,8.158e-18,6.377e-18,2.880e-18,-0.0007,120.81,1
BottomS58138,7.6186,-4.2997,2.772e-18,5.098e-18,1.260e-17,-0.0003,118.81,0
BottomS58139,7.6206,-4.2967,3.489e-14,3.430e-14,2.421e-14,0.0008,118.86,1
BottomS58140,7.6222,-4.2929,1.345e-17,1.029e-17,4.365e-18,-0.0003,118.56,1
BottomS58141,7.6241,-4.2873,3.297e-17,2.412e-17,9.214e-18,-0.0003,118.55,0
BottomS58142,7.4949,-4.3433,1.339e-18,1.189e-18,6.853e-19,0.0002,121.07,0
BottomS58143,7.4929,-4.3491,3.147e-17,2.401e-17,9.712e-18,-0.0004,121.37,0
BottomS58144,7.6180,-4.2831,3.793e-18,3.074e-18,1.492e-18,-0.0005,118.67,0
BottomS58145,7.4902,-4.3557,9.966e-19,9.508e-19,6.078e-19,0.0005,121.17,0
BottomS58146,7.4967,-4.3557,2.444e-17,1.856e-17,8.172e-18,-0.0005,121.34,1
BottomS58147,7.4950,-4.3595,1.115e-18,2.326e-18,7.973e-18,0.0001,121.26,0
BottomS58148,7.4973,-4.3610,1.162e-17,9.038e-18,3.891e-18,0.0003,121.19,1
BottomS58149,7.4982,-4.3647,2.323e-17,1.673e-17,6.132e-18,-0.0005,121.46,0
BottomS58150,7.4994,-4.3660,3.814e-17,2.731e-17,1.051e-17,0.0006,121.35,0
BottomS58151,7.4975,-4.3707,2.419e-18,4.837e-18,1.492e-17,-0.0013,121.34,0
BottomS58152,7.6072,-4.2641,1.055e-16,7.231e-17,2.531e-17,-0.0002,118.48,0
BottomS58153,7.6105,-4.2573,9.776e-17,6.915e-17,2.512e-17,-0.0003,118.51,0
BottomS58155,7.6053,-4.2575,1.549e-20,2.073e-20,2.733e-20,0.0004,118.54,0
BottomS58156,7.5125,-4.3802,6.462e-18,5.197e-18,2.421e-18,0.001,121.42,0
BottomS58157,7.6050,-4.2493,5.958e-19,1.118e-18,3.004e-18,0.0002,118.48,0
BottomS58158,7.6030,-4.2471,4.778e-19,7.582e-19,1.407e-18,-0.0003,118.69,0
BottomS58159,7.5150,-4.3871,2.737e-17,2.006e-17,7.753e-18,-0.0004,121.47,0
BottomS58160,7.5911,-4.2482,1.007e-18,9.100e-19,5.338e-19,0.0001,118.72,0
BottomS58161,7.5952,-4.2440,1.786e-18,1.453e-18,7.145e-19,0.0003,118.71,0
BottomS58162,7.5884,-4.2435,3.358e-19,3.341e-19,2.430e-19,0.0004,118.58,0
BottomS58163,7.5860,-4.2433,2.713e-17,2.018e-17,7.828e-18,-0.0002,118.59,0
BottomS58164,7.5312,-4.3935,3.916e-18,3.258e-18,1.570e-18,0.0003,121.15,0
BottomS58165,7.5859,-4.2399,6.006e-16,4.170e-16,1.470e-16,0.0002,118.6,0
BottomS58166,7.5335,-4.3875,3.280e-17,2.520e-17,1.053e-17,0.0001,121.17,0
BottomS58167,7.5399,-4.3929,6.642e-17,4.656e-17,1.692e-17,0.0002,120.98,0
BottomS58168,7.5428,-4.3931,8.926e-18,6.793e-18,2.863e-18,0.0001,121.23,1
BottomS58169,7.5480,-4.3912,1.755e-18,3.511e-18,1.038e-17,-0.0004,121.22,0
BottomS58170,7.5664,-4.2365,6.073e-19,5.565e-19,3.256e-19,-0.0002,118.77,0
BottomS58171,7.5504,-4.3925,7.569e-19,1.171e-18,2.080e-18,-0.0007,121.14,0
BottomS58172,7.5580,-4.2403,1.800e-18,2.940e-18,5.979e-18,0.0001,118.84,0
BottomS58173,7.5574,-4.2422,1.567e-16,1.080e-16,3.728e-17,0.0006,118.88,0
BottomS58174,7.5589,-4.3883,7.260e-16,4.846e-16,1.505e-16,-0.0,120.87,0
BottomS58175,7.5524,-4.2416,5.062e-20,6.235e-20,6.728e-20,0.0004,119.03,0
BottomS58176,7.5703,-4.3933,6.767e-19,1.381e-18,4.257e-18,0.0006,120.67,0
BottomS58177,7.5410,-4.2409,1.687e-16,1.158e-16,3.917e-17,0.0003,119.27,0
BottomS58179,7.5363,-4.2455,7.537e-17,5.466e-17,2.090e-17,0.0001,119.32,0
BottomS58180,7.5842,-4.3927,4.738e-18,3.854e-18,1.845e-18,0.0002,120.61,0
BottomS58181,7.5837,-4.3826,4.167e-18,3.375e-18,1.632e-18,0.0003,120.68,0
BottomS58182,7.5278,-4.2507,1.014e-18,1.719e-18,3.770e-18,0.0004,119.43,0
BottomS58183,7.5234,-4.2504,1.362e-16,9.473e-17,3.194e-17,0.0006,119.45,0
BottomS58184,7.5214,-4.2549,3.965e-18,3.260e-18,1.643e-18,0.0002,119.67,0
BottomS58185,7.5987,-4.3787,1.772e-19,1.767e-19,1.287e-19,-0.0004,120.32,0
BottomS58186,7.5137,-4.2562,2.257e-18,1.978e-18,1.108e-18,-0.0003,119.65,0
BottomS58187,7.5105,-4.2579,2.990e-19,5.917e-19,1.764e-18,-0.0001,119.66,0
BottomS58188,7.6043,-4.3664,2.683e-18,2.205e-18,1.079e-18,0.0013,119.96,0
BottomS58190,7.4986,-4.2600,1.134e-16,8.134e-17,2.995e-17,0.0002,119.9,0
BottomS58191,7.6129,-4.3603,5.240e-18,3.847e-18,1.529e-18,0.0006,119.79,0
BottomS58192,7.6182,-4.3592,8.292e-18,6.636e-18,3.043e-18,-0.0008,119.96,1
BottomS58193,7.4926,-4.2709,2.424e-18,2.016e-18,9.724e-19,-0.0003,119.98,0
BottomS58194,7.4922,-4.2818,3.258e-17,2.454e-17,1.011e-17,-0.0001,120.23,0
BottomS58196,7.6258,-4.3442,1.026e-17,8.003e-18,3.548e-18,0.001,119.67,1
BottomS58197,7.6285,-4.3460,6.910e-17,4.898e-17,1.797e-17,-0.0002,119.57,0
BottomS58198,7.4825,-4.2957,4.324e-18,3.619e-18,1.794e-18,-0.0012,120.47,0
BottomS58200,7.6309,-4.3334,2.596e-18,2.153e-18,1.064e-18,0.0003,119.48,0
BottomS58201,7.6321,-4.3300,1.731e-19,1.769e-19,1.350e-19,0.0003,119.4,0
BottomS58202,7.6352,-4.3246,9.752e-17,6.902e-17,2.548e-17,-0.0002,119.22,0
BottomS58203,7.4694,-4.3112,1.593e-16,1.161e-16,4.309e-17,0.0001,120.65,0
BottomS58204,7.6408,-4.3170,3.638e-19,3.589e-19,2.457e-19,0.0004,119.13,0
BottomS58205,7.4701,-4.3173,9.752e-19,1.807e-18,4.783e-18,-0.0008,120.78,0
BottomS58206,7.6446,-4.3102,6.750e-18,5.329e-18,2.336e-18,0.0003,118.89,0
BottomS58207,7.4717,-4.3229,1.973e-17,1.466e-17,5.944e-18,0.0005,120.79,0
BottomS58208,7.6408,-4.3032,2.988e-17,2.284e-17,9.750e-18,-0.0002,119.03,1
BottomS58209,7.4711,-4.3305,1.211e-18,2.715e-18,1.067e-17,-0.0003,121.02,0
BottomS58210,7.4739,-4.3313,1.264e-18,1.127e-18,6.397e-19,0.0007,120.98,0
BottomS58211,7.4679,-4.3417,3.874e-17,2.832e-17,1.107e-17,0.0,121.01,0
BottomS58213,7.4748,-4.3436,9.849e-17,6.953e-17,2.466e-17,-0.0002,120.99,0
BottomS58214,7.6420,-4.2820,8.790e-17,6.090e-17,2.181e-17,-0.0002,118.78,0
BottomS58215,7.6407,-4.2759,2.458e-17,1.726e-17,6.272e-18,0.0007,118.87,0
BottomS58216,7.6408,-4.2744,2.287e-14,1.573e-14,5.297e-15,-0.0002,118.62,0
BottomS58218,7.6394,-4.2661,8.710e-19,8.264e-19,5.476e-19,-0.0004,118.76,0
BottomS58219,7.4803,-4.3663,3.447e-19,3.320e-19,2.165e-19,-0.0002,121.33,0
BottomS58220,7.6338,-4.2607,6.058e-14,5.229e-14,2.798e-14,-0.0009,118.55,1
BottomS58221,7.4824,-4.3735,2.423e-18,2.050e-18,1.037e-18,0.0005,121.36,0
BottomS58222,7.4800,-4.3795,1.527e-19,1.580e-19,1.263e-19,-0.0003,121.48,0
BottomS58223,7.6287,-4.2511,5.594e-17,4.033e-17,1.523e-17,-0.0007,118.46,0
BottomS58224,7.4865,-4.3848,9.091e-19,8.648e-19,5.546e-19,-0.0001,121.42,0
BottomS58225,7.4873,-4.3863,5.832e-17,4.192e-17,1.597e-17,0.0002,121.32,0
BottomS58226,7.6251,-4.2394,5.001e-17,3.547e-17,1.332e-17,0.0,118.43,0
BottomS58227,7.4889,-4.3951,1.650e-17,1.256e-17,5.201e-18,0.0003,121.3,1
BottomS58228,7.4898,-4.3968,5.032e-18,4.312e-18,2.268e-18,0.0,121.42,0
BottomS58229,7.6151,-4.2327,9.080e-17,6.576e-17,2.604e-17,0.0006,118.42,0
BottomS58230,7.6157,-4.2367,8.882e-17,6.261e-17,2.210e-17,-0.0002,118.57,0
BottomS58231,7.6144,-4.2276,1.228e-18,1.137e-18,6.934e-19,-0.0002,118.55,0
BottomS58233,7.5105,-4.4030,3.279e-18,2.695e-18,1.344e-18,0.0002,121.28,0
BottomS58234,7.5972,-4.2280,4.696e-17,3.457e-17,1.400e-17,-0.0005,118.7,0
BottomS58236,7.5198,-4.4122,2.863e-18,6.136e-18,2.160e-17,0.0001,121.3,1
BottomS58237,7.5931,-4.2227,5.275e-20,6.586e-20,7.348e-20,0.0,118.67,0
BottomS58238,7.5892,-4.2202,6.013e-16,3.945e-16,1.242e-16,-0.0,118.57,0
BottomS58239,7.5283,-4.4067,3.165e-16,2.137e-16,7.428e-17,-0.0008,121.47,0
BottomS58240,7.5800,-4.2199,2.131e-14,2.295e-14,1.899e-14,0.0005,118.74,1
BottomS58241,7.5369,-4.4059,1.422e-17,1.062e-17,4.376e-18,-0.0002,120.98,0
BottomS58242,7.5405,-4.4107,2.091e-17,1.528e-17,5.906e-18,0.0002,121.02,0
BottomS58243,7.5467,-4.4123,1.041e-16,7.563e-17,2.835e-17,0.0002,121.0,0
BottomS58244,7.5640,-4.2232,1.438e-18,2.447e-18,5.089e-18,-0.0009,118.69,0
BottomS58245,7.5524,-4.4135,4.663e-17,3.379e-17,1.301e-17,-0.0003,120.99,0
BottomS58246,7.5584,-4.4156,3.699e-16,2.501e-16,8.141e-17,0.0001,121.11,0
BottomS58247,7.5585,-4.4061,1.160e-15,7.664e-16,2.453e-16,0.0006,120.93,0
BottomS58248,7.5448,-4.2186,1.442e-20,1.891e-20,2.338e-20,-0.0,119.02,0
BottomS58249,7.5702,-4.4063,1.028e-16,7.161e-17,2.602e-17,0.0005,121.05,0
BottomS58250,7.5397,-4.2267,1.093e-16,7.644e-17,2.639e-17,-0.0012,119.04,0
BottomS58251,7.5757,-4.4006,1.939e-16,1.361e-16,4.855e-17,-0.0001,120.78,0
BottomS58252,7.5830,-4.4044,5.168e-14,4.729e-14,2.873e-14,0.0002,120.6,1
BottomS58253,7.5311,-4.2386,2.443e-17,1.718e-17,6.156e-18,-0.0,119.09,0
BottomS58254,7.5247,-4.2333,5.762e-20,6.880e-20,6.911e-20,-0.0,119.16,0
BottomS58255,7.5193,-4.2348,3.054e-18,2.541e-18,1.279e-18,0.0003,119.4,0
BottomS58256,7.5970,-4.3922,1.596e-19,1.699e-19,1.374e-19,-0.0002,120.34,0
BottomS58257,7.5257,-4.3423,8.027e-18,6.426e-18,3.037e-18,0.0005,121.24,0
BottomS58259,7.5227,-4.3466,1.890e-20,2.481e-20,3.121e-20,0.0009,121.34,0
BottomS58260,7.5862,-4.2867,2.672e-18,2.288e-18,1.182e-18,-0.0005,118.68,0
BottomS58262,7.5882,-4.2853,8.150e-19,7.287e-19,4.278e-19,0.001,118.35,0
BottomS58264,7.5882,-4.2818,9.604e-19,8.725e-19,5.208e-19,-0.0008,118.67,0
BottomS58265,7.5274,-4.3532,5.677e-19,1.003e-18,2.318e-18,0.0005,121.34,0
BottomS58267,7.5828,-4.2793,2.005e-19,3.109e-19,5.672e-19,-0.0001,118.48,0
BottomS58268,7.5826,-4.2766,3.636e-19,3.620e-19,2.646e-19,-0.0002,118.64,0
BottomS58269,7.5342,-4.3574,3.910e-19,6.619e-19,1.383e-18,-0.0001,121.24,0
BottomS58270,7.5325,-4.3566,2.032e-18,4.046e-18,1.228e-17,-0.0003,121.11,0
BottomS58271,7.5803,-4.2752,4.864e-19,9.281e-19,2.494e-18,-0.0002,118.64,0
BottomS58272,7.5332,-4.3582,2.861e-20,3.313e-20,3.344e-20,-0.0007,121.28,0
BottomS58274,7.5750,-4.2728,9.503e-20,1.044e-19,8.981e-20,0.0002,118.67,0
BottomS58276,7.5746,-4.2678,2.572e-17,1.962e-17,8.124e-18,0.0003,118.79,1
BottomS58279,7.5670,-4.2702,1.378e-17,1.064e-17,4.465e-18,-0.0,118.81,1
BottomS58282,7.5674,-4.2721,1.217e-17,9.610e-18,4.420e-18,0.0005,118.66,0
BottomS58284,7.5555,-4.3675,5.350e-20,5.903e-20,5.354e-20,0.0001,120.96,0
BottomS58285,7.5628,-4.2651,5.974e-20,7.058e-20,7.009e-20,0.0001,118.79,0
BottomS58287,7.5601,-4.2582,1.080e-17,8.067e-18,3.311e-18,0.0003,118.78,0
BottomS58288,7.5578,-4.2714,1.257e-16,8.570e-17,3.032e-17,-0.0002,119.05,0
BottomS58290,7.5597,-4.3648,4.453e-19,4.312e-19,3.000e-19,-0.0003,121.09,0
BottomS58291,7.5604,-4.3610,1.276e-17,9.648e-18,3.900e-18,-0.0003,120.85,0
BottomS58292,7.5613,-4.3633,3.176e-14,2.320e-14,8.902e-15,0.0007,120.82,0
BottomS58293,7.5439,-4.2608,2.496e-19,2.535e-19,1.921e-19,0.0001,119.19,0
BottomS58294,7.5493,-4.2706,1.070e-18,1.922e-18,4.800e-18,-0.0002,119.16,0
BottomS58295,7.5459,-4.2689,6.787e-18,5.592e-18,2.650e-18,-0.0002,119.03,0
BottomS58296,7.5429,-4.2682,4.787e-17,3.464e-17,1.274e-17,0.0002,119.34,0
BottomS58297,7.5714,-4.3647,7.530e-18,5.689e-18,2.416e-18,-0.0007,120.54,1
BottomS58299,7.5382,-4.2674,2.609e-19,2.446e-19,1.573e-19,-0.0004,119.59,0
BottomS58300,7.5342,-4.2667,5.295e-18,4.138e-18,1.840e-18,-0.0002,119.28,0
BottomS58301,7.5799,-4.3639,4.929e-20,5.710e-20,5.802e-20,-0.0,120.44,0
BottomS58303,7.5810,-4.3573,5.057e-19,4.980e-19,3.375e-19,-0.0,120.29,0
BottomS58304,7.5318,-4.2752,7.205e-17,5.115e-17,1.895e-17,-0.0003,119.49,0
BottomS58305,7.5846,-4.3543,6.081e-20,6.548e-20,5.436e-20,0.0006,120.35,0
BottomS58306,7.5280,-4.2774,2.672e-19,2.785e-19,2.188e-19,-0.0007,119.71,0
BottomS58307,7.5257,-4.2757,2.029e-18,1.702e-18,8.902e-19,0.0006,119.76,0
BottomS58308,7.5225,-4.2768,1.959e-17,1.284e-17,4.063e-18,-0.0005,119.75,0
BottomS58309,7.5928,-4.3609,2.862e-19,2.921e-19,2.249e-19,-0.0001,120.15,0
BottomS58312,7.5968,-4.3511,3.713e-20,4.733e-20,5.503e-20,-0.0007,120.03,0
BottomS58315,7.5984,-4.3435,5.824e-18,4.730e-18,2.287e-18,-0.0001,119.81,0
BottomS58316,7.6044,-4.3443,1.052e-18,2.466e-18,1.071e-17,0.0,119.76,0
BottomS58317,7.6061,-4.3376,1.820e-18,1.543e-18,8.369e-19,0.0,119.64,0
BottomS58318,7.5105,-4.2927,1.740e-16,1.181e-16,3.974e-17,0.0001,120.02,0
BottomS58319,7.5072,-4.2933,3.623e-19,3.418e-19,2.233e-19,0.0001,120.14,0
BottomS58320,7.6066,-4.3416,2.085e-20,2.829e-20,3.755e-20,0.0002,119.69,0
BottomS58321,7.5084,-4.2940,6.704e-14,4.976e-14,1.951e-14,0.0001,120.18,0
BottomS58322,7.5076,-4.2962,2.436e-17,1.821e-17,7.298e-18,0.0003,120.27,0
BottomS58325,7.4948,-4.3060,1.517e-18,3.008e-18,8.718e-18,-0.0006,120.51,0
BottomS58327,7.5058,-4.3042,2.330e-18,4.722e-18,1.436e-17,0.0003,120.48,0
BottomS58329,7.4943,-4.3161,3.847e-18,3.179e-18,1.547e-18,0.0009,120.94,0
BottomS58330,7.4932,-4.3134,2.911e-17,2.126e-17,8.041e-18,0.0008,120.59,0
BottomS58335,7.6177,-4.3092,1.733e-18,3.311e-18,9.296e-18,-0.0002,119.0,0
BottomS58337,7.4955,-4.3292,1.747e-18,1.476e-18,7.710e-19,0.0001,120.8,0
BottomS58338,7.4859,-4.3372,5.277e-19,4.882e-19,2.994e-19,0.0005,121.15,0
BottomS58339,7.6214,-4.2953,2.625e-17,1.965e-17,8.198e-18,0.0002,118.69,1
BottomS58340,7.4880,-4.3407,1.005e-17,2.927e-17,1.904e-16,-0.0002,121.07,1
BottomS58341,7.6249,-4.2914,3.951e-20,4.612e-20,4.657e-20,0.0001,118.88,0
BottomS58342,7.4923,-4.3422,1.821e-18,1.608e-18,9.159e-19,-0.0007,121.05,0
BottomS58344,7.6210,-4.2888,6.846e-19,6.197e-19,3.597e-19,0.0001,118.69,0
BottomS58345,7.6170,-4.2865,3.657e-18,3.157e-18,1.641e-18,-0.0003,118.71,0
BottomS58346,7.4914,-4.3490,1.638e-18,2.371e-18,3.733e-18,-0.001,121.28,0
BottomS58349,7.4925,-4.3571,1.320e-17,1.056e-17,4.748e-18,0.0001,121.33,1
BottomS58351,7.6116,-4.2763,4.228e-19,3.968e-19,2.492e-19,0.0007,118.58,0
BottomS58352,7.4933,-4.3618,3.270e-20,3.780e-20,3.807e-20,0.0001,121.29,0
BottomS58354,7.6161,-4.2678,2.270e-20,2.707e-20,2.820e-20,-0.0005,118.43,0
BottomS58356,7.6143,-4.2645,6.798e-18,5.578e-18,2.725e-18,0.0002,118.42,0
BottomS58357,7.6124,-4.2655,1.487e-17,1.134e-17,4.557e-18,-0.001,118.63,0
BottomS58358,7.6024,-4.2689,1.269e-18,2.350e-18,5.890e-18,-0.0005,118.35,0
BottomS58359,7.6088,-4.2601,1.349e-17,9.915e-18,3.971e-18,-0.0004,118.54,0
BottomS58360,7.5013,-4.3764,3.837e-18,3.184e-18,1.574e-18,-0.0004,121.31,0
BottomS58362,7.5993,-4.2581,1.052e-18,1.980e-18,5.381e-18,0.0001,118.5,0
BottomS58363,7.5055,-4.3787,4.464e-20,5.394e-20,5.674e-20,0.001,121.35,0
BottomS58365,7.5160,-4.3773,1.525e-18,1.947e-18,2.318e-18,0.0005,121.49,0
BottomS58367,7.5173,-4.3833,2.188e-19,2.288e-19,1.790e-19,-0.0005,121.32,0
BottomS58368,7.5209,-4.3799,1.451e-17,1.137e-17,5.092e-18,-0.0004,121.47,1
BottomS58369,7.5928,-4.2441,2.039e-17,1.452e-17,5.347e-18,0.0007,118.6,0
BottomS58371,7.5187,-4.3885,3.870e-19,3.817e-19,2.577e-19,0.0006,121.23,0
BottomS58373,7.5267,-4.3848,1.918e-18,3.200e-18,6.659e-18,0.0013,121.13,0
BottomS58376,7.5793,-4.2519,6.024e-18,4.657e-18,1.997e-18,-0.0002,118.75,0
BottomS58377,7.5356,-4.3937,1.227e-18,1.730e-18,2.573e-18,0.0008,121.12,0
BottomS58378,7.5634,-4.2308,4.045e-20,4.533e-20,4.121e-20,0.0001,118.91,0
BottomS58380,7.5429,-4.3908,5.556e-19,1.070e-18,2.982e-18,0.0007,121.12,0
BottomS58381,7.5485,-4.3858,2.132e-17,1.620e-17,6.799e-18,0.0004,121.2,0
BottomS58382,7.5690,-4.2386,3.741e-18,6.998e-18,1.893e-17,0.0004,118.83,0
BottomS58383,7.5529,-4.3874,1.554e-17,1.150e-17,4.500e-18,0.0004,121.1,0
BottomS58386,7.5543,-4.3845,3.822e-18,3.238e-18,1.690e-18,0.0002,120.77,0
BottomS58387,7.5527,-4.2430,6.675e-19,1.055e-18,1.978e-18,0.0004,118.84,0
BottomS58389,7.5540,-4.2520,1.347e-18,1.139e-18,5.905e-19,-0.0006,118.83,0
BottomS58390,7.5446,-4.2425,1.628e-17,1.218e-17,4.797e-18,-0.0003,118.97,0
BottomS58391,7.5433,-4.2449,7.310e-18,5.969e-18,2.876e-18,-0.0003,119.02,0
BottomS58392,7.5727,-4.3918,1.228e-18,2.032e-18,3.995e-18,0.0001,120.93,0
BottomS58393,7.5699,-4.3783,6.872e-19,1.144e-18,2.431e-18,0.0002,120.61,0
BottomS58397,7.5311,-4.2519,2.881e-20,3.339e-20,3.177e-20,-0.0002,119.25,0
BottomS58398,7.5882,-4.3798,2.979e-20,3.830e-20,4.543e-20,0.0002,120.48,0
BottomS58399,7.5204,-4.2431,5.611e-18,4.553e-18,2.238e-18,-0.0001,119.37,0
BottomS58400,7.5926,-4.3823,1.345e-18,2.008e-18,3.328e-18,0.0001,120.44,0
BottomS58401,7.5949,-4.3793,1.133e-18,2.028e-18,4.642e-18,0.0005,120.45,0
BottomS58402,7.6001,-4.3845,2.340e-16,1.611e-16,5.467e-17,0.0002,120.51,0
BottomS58405,7.5111,-4.2586,1.623e-17,1.250e-17,5.255e-18,0.0003,119.61,1
BottomS58406,7.5104,-4.2664,7.360e-17,5.252e-17,1.936e-17,-0.0,119.93,0
BottomS58407,7.6025,-4.3566,1.012e-20,1.414e-20,2.032e-20,-0.0001,119.92,0
BottomS58408,7.5109,-4.2729,1.440e-17,1.127e-17,4.875e-18,0.0007,119.65,1
BottomS58409,7.6164,-4.3676,6.242e-19,5.422e-19,3.054e-19,0.0001,119.86,0
BottomS58410,7.5007,-4.2656,2.809e-18,2.373e-18,1.239e-18,0.0005,119.84,0
BottomS58411,7.6134,-4.3572,7.729e-19,6.919e-19,3.993e-19,-0.0005,119.92,0
BottomS58413,7.4965,-4.2805,7.678e-19,7.089e-19,4.522e-19,-0.0003,120.12,0
BottomS58414,7.4935,-4.2802,2.158e-18,1.837e-18,9.476e-19,0.0006,119.95,0
BottomS58415,7.6189,-4.3462,1.448e-19,1.546e-19,1.252e-19,-0.0004,119.69,0
BottomS58416,7.4850,-4.2832,2.774e-18,2.343e-18,1.228e-18,-0.0002,120.14,0
BottomS58417,7.4823,-4.2888,1.050e-16,7.402e-17,2.751e-17,-0.0005,120.32,0
BottomS58418,7.6248,-4.3479,2.403e-14,2.552e-14,2.079e-14,0.0002,119.72,1
BottomS58419,7.4810,-4.2908,1.136e-16,7.793e-17,2.648e-17,0.0007,120.43,0
BottomS58420,7.6355,-4.3428,1.302e-17,9.816e-18,4.191e-18,0.0001,119.57,1
BottomS58421,7.4787,-4.2933,1.673e-14,1.147e-14,3.877e-15,-0.0011,120.38,0
BottomS58422,7.6292,-4.3408,5.926e-19,1.016e-18,2.224e-18,-0.0007,119.47,0
BottomS58423,7.4823,-4.3010,1.934e-15,1.254e-15,3.943e-16,0.0003,120.49,0
BottomS58425,7.6361,-4.3168,2.526e-17,1.849e-17,7.166e-18,0.0008,119.16,0
BottomS58426,7.4765,-4.3115,5.699e-19,5.357e-19,3.431e-19,-0.0009,120.83,0
BottomS58427,7.6387,-4.3177,3.934e-18,3.151e-18,1.460e-18,0.0002,119.04,0
BottomS58428,7.6363,-4.3144,3.455e-18,2.884e-18,1.408e-18,0.0001,119.14,0
BottomS58429,7.6313,-4.3123,1.271e-19,1.369e-19,1.135e-19,-0.0,118.97,0
BottomS58431,7.6312,-4.3150,3.992e-18,3.406e-18,1.848e-18,-0.0001,119.11,0
BottomS58433,7.6421,-4.3032,7.850e-18,6.084e-18,2.623e-18,-0.0005,118.97,0
BottomS58434,7.4685,-4.3351,6.610e-19,1.068e-18,2.100e-18,0.0001,121.16,0
BottomS58436,7.4678,-4.3405,1.620e-19,1.719e-19,1.421e-19,-0.0001,120.98,0
BottomS58437,7.4732,-4.3413,1.891e-20,2.393e-20,2.761e-20,0.0004,121.09,0
BottomS58438,7.6360,-4.2886,2.989e-18,4.662e-18,8.329e-18,-0.0007,118.57,0
BottomS58439,7.6454,-4.2861,3.301e-18,2.711e-18,1.302e-18,-0.0002,118.72,0
BottomS58440,7.4869,-4.3399,1.791e-20,2.377e-20,2.942e-20,-0.0009,121.12,0
BottomS58441,7.4689,-4.3553,1.999e-18,1.752e-18,1.010e-18,0.0001,121.21,0
BottomS58442,7.6439,-4.2735,4.039e-19,3.917e-19,2.588e-19,0.0009,118.61,0
BottomS58444,7.6419,-4.2699,2.481e-17,1.979e-17,8.912e-18,0.0001,118.57,1
BottomS58446,7.4734,-4.3660,1.108e-18,1.869e-18,3.880e-18,-0.0011,121.31,0
BottomS58447,7.4731,-4.3687,3.347e-17,2.525e-17,1.021e-17,0.0004,121.36,0
BottomS58448,7.6463,-4.2555,1.144e-18,2.502e-18,9.021e-18,-0.0002,118.36,0
BottomS58450,7.4699,-4.3803,1.129e-18,2.357e-18,7.765e-18,0.0001,121.34,0
BottomS58452,7.6299,-4.2539,1.515e-17,1.162e-17,5.067e-18,-0.0003,118.43,1
BottomS58453,7.4767,-4.3839,6.880e-19,1.229e-18,2.871e-18,0.0001,121.47,0
BottomS58455,7.6292,-4.2424,2.046e-17,1.550e-17,6.640e-18,-0.0007,118.36,1
BottomS58456,7.6227,-4.2425,3.281e-19,3.314e-19,2.411e-19,0.0,118.45,0
BottomS58457,7.4936,-4.3893,4.400e-14,3.138e-14,1.148e-14,-0.0001,121.45,0
BottomS58458,7.4826,-4.3961,7.695e-19,7.271e-19,4.654e-19,0.0001,121.35,0
BottomS58459,7.6158,-4.2410,3.823e-19,3.693e-19,2.440e-19,-0.0001,118.49,0
BottomS58460,7.4918,-4.3992,3.332e-20,3.937e-20,4.050e-20,0.0003,121.42,0
BottomS58462,7.5099,-4.3837,7.138e-18,5.951e-18,2.885e-18,0.0004,121.53,0
BottomS58463,7.5053,-4.3947,7.889e-19,7.331e-19,4.471e-19,-0.0004,121.48,0
BottomS58465,7.5986,-4.2313,1.402e-19,1.462e-19,1.165e-19,-0.0007,118.61,0
BottomS58467,7.5956,-4.2267,6.890e-18,5.583e-18,2.623e-18,0.0002,118.7,0
BottomS58469,7.5212,-4.3965,5.982e-17,4.383e-17,1.653e-17,-0.0002,121.24,0
BottomS58470,7.5292,-4.4017,7.203e-17,5.101e-17,1.897e-17,-0.0002,121.27,0
BottomS58471,7.5856,-4.2269,2.451e-18,2.286e-18,1.410e-18,0.0005,118.52,0
BottomS58473,7.5214,-4.4092,1.274e-18,2.931e-18,1.195e-17,-0.0004,121.27,0
BottomS58474,7.5886,-4.2207,9.473e-18,7.521e-18,3.512e-18,0.0005,118.61,0
BottomS58476,7.5368,-4.4126,6.468e-14,5.050e-14,2.245e-14,-0.0009,121.21,1
BottomS58477,7.5442,-4.4133,3.747e-17,2.701e-17,1.027e-17,-0.0001,121.03,0
BottomS58479,7.5753,-4.2309,2.373e-19,2.425e-19,1.870e-19,-0.0006,118.77,0
BottomS58480,7.5689,-4.2266,1.136e-20,1.535e-20,2.020e-20,0.0,118.86,0
BottomS58481,7.5618,-4.2157,4.109e-18,3.477e-18,1.742e-18,0.0002,118.93,0
BottomS58483,7.5576,-4.2287,1.481e-16,1.001e-16,3.380e-17,0.001,118.98,0
BottomS58486,7.5627,-4.4090,4.439e-19,4.097e-19,2.547e-19,0.0008,121.0,0
BottomS58487,7.5702,-4.4107,5.626e-14,4.153e-14,1.637e-14,-0.0005,120.88,0
BottomS58488,7.5741,-4.4039,3.811e-18,3.086e-18,1.420e-18,0.0009,120.82,0
BottomS58489,7.5768,-4.4091,4.059e-17,2.873e-17,1.036e-17,0.0005,120.75,0
BottomS58491,7.5814,-4.4015,2.068e-16,1.445e-16,5.034e-17,-0.0007,120.83,0
BottomS58492,7.5248,-4.2159,1.342e-20,1.810e-20,2.394e-20,-0.0003,119.38,0
BottomS58493,7.5838,-4.3959,1.467e-18,1.306e-18,7.151e-19,0.0007,120.55,0
BottomS58494,7.5248,-4.2392,2.933e-18,6.017e-18,1.953e-17,0.0001,119.33,1
BottomS58495,7.5905,-4.3932,3.092e-18,7.036e-18,2.703e-17,0.0002,120.49,1
BottomS58496,7.5216,-4.2420,3.259e-18,2.710e-18,1.343e-18,-0.0005,119.44,0
BottomS58497,7.5180,-4.2447,3.289e-18,2.717e-18,1.367e-18,0.0005,119.45,0
BottomS58498,7.6041,-4.3974,1.279e-18,1.102e-18,6.002e-19,-0.0003,120.33,0
BottomS58499,7.5087,-4.2361,2.923e-19,2.794e-19,1.836e-19,-0.0001,119.5,0
BottomS58500,7.6039,-4.3831,1.469e-18,2.318e-18,4.325e-18,0.0006,120.21,0
BottomS58501,7.5034,-4.2438,1.991e-17,1.496e-17,6.064e-18,0.0007,119.61,0
BottomS58503,7.6234,-4.3923,7.388e-18,5.579e-18,2.208e-18,0.0003,120.17,0
BottomS58504,6.4617,-2.3726,2.647e-19,2.561e-19,1.741e-19,0.0003,114.22,0
BottomS58505,6.4786,-2.3571,1.801e-18,3.595e-18,1.095e-17,-0.0004,113.93,0
BottomS58508,6.4783,-2.3138,1.405e-18,2.737e-18,8.046e-18,-0.0003,111.73,0
BottomS58510,6.4855,-2.3417,3.488e-20,3.928e-20,3.564e-20,-0.0006,111.74,0
BottomS58519,6.4860,-2.3404,2.079e-19,2.210e-19,1.789e-19,0.0003,111.79,0
BottomS58527,6.4560,-2.3628,2.200e-20,2.700e-20,2.996e-20,-0.0004,113.97,0
BottomS58533,6.4923,-2.3413,6.404e-20,6.990e-20,6.163e-20,-0.0008,111.46,0
BottomS58537,6.4821,-2.3284,6.613e-19,5.975e-19,3.597e-19,0.0,111.71,0
BottomS58541,6.4767,-2.3539,2.482e-20,3.057e-20,3.243e-20,-0.0011,113.84,0
BottomS58551,6.3838,-2.3911,3.672e-20,4.174e-20,4.068e-20,0.0004,113.68,0
BottomS58552,6.4763,-2.3488,1.325e-18,2.426e-18,5.969e-18,0.0003,113.37,0
BottomS58554,6.4756,-2.3507,2.117e-20,2.605e-20,2.864e-20,0.0007,113.55,0
BottomS58555,6.5016,-2.3528,2.582e-20,3.219e-20,3.612e-20,0.0005,112.29,0
BottomS58557,6.4676,-2.3402,1.058e-18,9.324e-19,5.106e-19,-0.0003,112.74,0
BottomS58561,6.4965,-2.3593,5.774e-14,4.265e-14,1.740e-14,-0.0,112.63,0
BottomS58574,6.4843,-2.3441,1.912e-19,2.015e-19,1.600e-19,0.0001,112.39,0
BottomS58577,6.4681,-2.3506,1.164e-18,1.042e-18,6.165e-19,-0.0001,113.51,0
BottomS58582,6.4755,-2.3988,2.103e-18,1.690e-18,8.054e-19,0.0,113.77,0
BottomS58584,6.4823,-2.3355,4.742e-18,3.944e-18,1.902e-18,-0.0003,111.91,0
BottomS58595,6.5014,-2.3217,8.117e-19,7.372e-19,4.587e-19,-0.0002,110.53,0
BottomS58596,6.4734,-2.4674,1.294e-20,1.606e-20,1.844e-20,0.0007,113.65,0
BottomS58599,6.4975,-2.3292,1.820e-19,1.897e-19,1.505e-19,0.0002,110.86,0
BottomS58600,6.4670,-2.3533,3.937e-20,4.497e-20,4.324e-20,-0.0005,113.63,0
BottomS58602,6.4733,-2.3571,1.149e-18,2.211e-18,6.153e-18,0.0002,114.09,0
BottomS58605,6.4974,-2.3312,2.591e-19,2.719e-19,2.130e-19,0.0013,110.95,0
BottomS58606,6.4851,-2.3392,5.359e-20,5.955e-20,5.456e-20,0.0008,111.29,0
BottomS58625,6.4874,-2.3477,1.185e-19,1.276e-19,1.040e-19,-0.0003,112.8,0
BottomS58627,6.4929,-2.3376,2.481e-20,2.984e-20,3.213e-20,-0.0003,111.14,0
BottomS58632,6.4836,-2.3647,1.956e-19,1.946e-19,1.373e-19,0.0008,113.78,0
BottomS58635,6.4833,-2.3456,6.400e-20,7.339e-20,7.373e-20,-0.0007,113.1,0
BottomS58636,6.4832,-2.3438,2.003e-18,3.252e-18,6.422e-18,0.0,112.91,0
BottomS58639,6.5014,-2.3383,9.524e-19,8.647e-19,5.031e-19,0.0005,111.17,0
BottomS58641,6.5218,-2.3027,8.083e-19,7.149e-19,4.088e-19,0.0007,110.49,0
BottomS58647,6.5258,-2.3063,8.553e-19,1.420e-18,2.922e-18,0.0002,110.75,0
BottomS58650,6.5458,-2.2868,7.483e-19,6.715e-19,4.012e-19,0.0005,110.62,0
BottomS58651,6.5145,-2.3119,4.922e-19,1.046e-18,3.578e-18,-0.0002,110.59,0
BottomS58654,6.5055,-2.3626,3.145e-19,3.083e-19,2.162e-19,0.0007,112.45,0
BottomS58658,6.4864,-2.3395,1.201e-18,2.243e-18,6.000e-18,0.0004,111.26,0
BottomS58661,6.4827,-2.3537,1.622e-18,1.441e-18,8.254e-19,-0.0003,113.71,0
BottomS58662,6.4983,-2.3338,2.889e-18,2.392e-18,1.231e-18,-0.0001,110.97,0
BottomS58663,6.4890,-2.2401,6.016e-19,1.166e-18,3.231e-18,0.0003,111.28,0
BottomS58664,6.4665,-2.3711,1.699e-18,1.406e-18,6.847e-19,-0.0003,114.24,0
BottomS58668,6.4823,-2.3427,1.797e-20,2.229e-20,2.582e-20,0.0005,112.34,0
BottomS58677,6.4890,-2.3431,2.857e-20,3.342e-20,3.342e-20,0.0001,111.39,0
BottomS58680,6.4838,-2.3448,1.860e-14,1.289e-14,4.433e-15,0.0004,112.6,0
BottomS58687,6.4827,-2.3537,1.741e-20,2.073e-20,2.106e-20,-0.0001,113.66,0
BottomS58689,6.4817,-2.3354,1.001e-18,9.255e-19,5.531e-19,0.0001,111.62,0
BottomS58691,6.4884,-2.3387,1.039e-20,1.377e-20,1.788e-20,-0.0003,111.25,0
BottomS58692,6.4404,-2.3914,2.758e-18,5.804e-18,1.879e-17,0.0002,114.35,1
BottomS58696,6.5097,-2.3095,7.650e-19,6.953e-19,4.157e-19,-0.0006,110.56,0
BottomS58703,6.4870,-2.3369,1.199e-19,1.247e-19,9.843e-20,-0.0005,111.27,0
BottomS58712,6.4869,-2.3455,6.095e-20,6.829e-20,6.192e-20,-0.0002,111.98,0
BottomS58715,6.4784,-2.3427,1.347e-16,4.473e-16,3.805e-15,-0.0001,112.63,1
BottomS58717,6.4557,-2.3777,1.087e-18,2.619e-18,1.218e-17,0.0,114.24,1
BottomS58725,6.4776,-2.3420,3.259e-20,3.929e-20,4.214e-20,-0.0007,113.52,0
BottomS58731,6.4789,-2.3465,5.018e-15,3.341e-15,1.050e-15,0.0002,112.92,0
BottomS58735,6.4859,-2.3549,1.265e-18,1.090e-18,5.643e-19,-0.0002,113.0,0
BottomS58736,6.4828,-2.3465,7.660e-19,1.512e-18,4.657e-18,0.0004,113.16,0
BottomS58738,6.4709,-2.3526,2.648e-14,1.903e-14,6.808e-15,-0.0002,113.61,0
BottomS58739,6.5518,-2.2917,5.324e-14,3.902e-14,1.561e-14,-0.0001,110.73,0
BottomS58743,6.4651,-2.3688,1.024e-19,1.028e-19,7.707e-20,0.0009,114.21,0
BottomS58744,6.4650,-2.3323,1.842e-18,3.508e-18,9.370e-18,0.0008,112.45,0
BottomS58747,6.4868,-2.3457,3.955e-19,7.546e-19,2.061e-18,0.0006,111.43,0
BottomS58753,6.4839,-2.3437,1.223e-18,1.082e-18,6.195e-19,0.0002,112.12,0
BottomS58754,6.4831,-2.3426,4.107e-20,4.978e-20,5.409e-20,0.0003,111.89,0
BottomS58759,6.4934,-2.3329,6.229e-14,4.748e-14,2.082e-14,-0.0003,110.89,1
BottomS58762,6.4820,-2.3430,5.271e-14,4.960e-14,3.235e-14,0.0,113.0,1
BottomS58763,6.4799,-2.3417,5.907e-19,1.235e-18,4.102e-18,-0.0003,112.44,0
BottomS58769,6.4844,-2.3475,1.995e-19,2.025e-19,1.485e-19,0.0001,112.69,0
BottomS58776,6.4840,-2.3413,3.635e-19,3.801e-19,2.904e-19,0.0004,111.63,0
BottomS58779,6.4944,-2.3242,1.680e-20,2.147e-20,2.549e-20,-0.0002,110.7,0
BottomS58780,6.4585,-2.3572,1.096e-18,2.056e-18,5.758e-18,0.0001,113.6,0
BottomS58782,6.4845,-2.3451,2.611e-19,2.498e-19,1.653e-19,-0.0,112.79,0
BottomS58784,6.4749,-2.3505,1.725e-14,1.166e-14,4.010e-15,-0.0003,113.7,0
BottomS58788,6.4859,-2.3342,1.515e-20,2.021e-20,2.524e-20,-0.0004,111.13,0
BottomS58789,6.5097,-2.3226,7.702e-15,5.189e-15,1.665e-15,-0.0005,110.81,0
BottomS58793,6.4574,-2.3475,1.456e-14,1.346e-14,8.102e-15,0.0005,113.1,0
BottomS58797,6.4891,-2.3451,1.615e-20,2.044e-20,2.492e-20,-0.0003,112.06,0
BottomS58800,6.4553,-2.3809,4.451e-19,4.151e-19,2.733e-19,0.0004,114.3,0
BottomS58801,6.4851,-2.3429,1.130e-20,1.496e-20,1.907e-20,-0.0,111.75,0
BottomS58815,6.5166,-2.3705,1.269e-19,1.410e-19,1.225e-19,-0.0004,112.38,0
BottomS58821,6.4422,-2.3693,6.643e-20,7.110e-20,5.884e-20,0.0004,113.92,0
BottomS58828,6.4819,-2.3471,3.245e-20,3.639e-20,3.339e-20,0.0006,113.19,0
BottomS58834,6.5092,-2.3376,1.429e-18,2.393e-18,4.975e-18,0.0008,111.6,0
BottomS58835,6.4644,-2.3761,1.580e-20,2.066e-20,2.474e-20,0.0006,114.33,0
BottomS58841,6.4887,-2.3303,1.550e-20,2.000e-20,2.389e-20,0.0001,111.0,0
BottomS58847,6.4845,-2.3476,1.682e-19,1.780e-19,1.422e-19,-0.0005,113.2,0
BottomS58852,6.4856,-2.3349,2.106e-20,2.518e-20,2.561e-20,0.0004,111.43,0
BottomS58858,6.4912,-2.3373,1.107e-20,1.414e-20,1.712e-20,0.0001,111.27,0
BottomS58868,6.5275,-2.3301,4.120e-20,4.508e-20,3.850e-20,0.0009,111.29,0
BottomS58878,6.4098,-2.3793,5.047e-14,3.659e-14,1.389e-14,0.0002,113.73,0
BottomS58879,6.4775,-2.3476,1.059e-20,1.319e-20,1.546e-20,0.0007,113.33,0
BottomS58881,6.4974,-2.3264,7.937e-19,1.253e-18,2.237e-18,-0.0005,110.65,0
BottomS58883,6.5025,-2.3283,3.573e-14,2.515e-14,9.230e-15,-0.0,110.86,0
BottomS58884,6.5131,-2.3465,9.457e-20,9.747e-20,7.605e-20,-0.0001,111.86,0
BottomS58885,6.4997,-2.3010,7.418e-20,8.200e-20,7.302e-20,-0.0008,110.85,0
BottomS58890,6.4690,-2.3513,1.919e-20,2.300e-20,2.445e-20,-0.0008,113.65,0
BottomS58893,6.4771,-2.3293,4.128e-18,3.126e-18,1.323e-18,0.0003,110.67,0
BottomS58894,6.4795,-2.3413,4.718e-14,3.478e-14,1.379e-14,-0.0001,112.42,0
BottomS58896,6.5075,-2.3386,2.362e-18,4.741e-18,1.422e-17,0.0002,110.87,0
BottomS58901,6.4764,-2.3566,5.755e-18,4.302e-18,1.736e-18,-0.0006,114.01,0
BottomS58905,6.4827,-2.3259,2.324e-18,3.786e-18,7.406e-18,0.0008,110.75,0
BottomS58912,6.4914,-2.3527,7.467e-20,8.028e-20,6.763e-20,0.0005,112.76,0
BottomS58913,6.4865,-2.3531,3.712e-14,3.305e-14,1.849e-14,0.0003,113.11,1
BottomS58915,6.4718,-2.3259,7.556e-20,8.633e-20,7.802e-20,-0.0003,111.82,0
BottomS58918,6.4864,-2.3559,1.668e-18,1.469e-18,8.237e-19,0.0004,113.57,0
BottomS58922,6.4762,-2.3327,1.602e-20,1.993e-20,2.212e-20,0.0007,110.72,0
BottomS58923,6.4809,-2.3529,5.092e-19,4.590e-19,2.675e-19,0.0004,113.72,0
BottomS58924,6.4968,-2.3454,3.359e-18,5.119e-18,8.764e-18,0.0003,111.78,0
BottomS58925,6.5012,-2.3295,2.255e-18,3.391e-18,5.917e-18,-0.0002,110.57,0
BottomS58926,6.5008,-2.3386,3.431e-20,4.027e-20,4.001e-20,-0.0,110.87,0
BottomS58927,6.4983,-2.3389,2.156e-20,2.718e-20,3.116e-20,0.0005,111.5,0
BottomS58930,6.4896,-2.3416,1.436e-18,1.299e-18,7.667e-19,0.0002,111.76,0
BottomS58934,6.4929,-2.3433,2.527e-18,2.144e-18,1.118e-18,-0.0002,111.19,0
BottomS58937,6.4740,-2.3346,9.442e-19,1.301e-18,1.828e-18,0.0001,112.18,0
BottomS58938,6.4772,-2.3450,1.014e-20,1.401e-20,1.931e-20,0.0002,113.54,0
BottomS58940,6.4788,-2.3563,2.441e-19,2.432e-19,1.703e-19,-0.0001,113.85,0
BottomS58947,6.4780,-2.3369,3.677e-20,4.146e-20,3.820e-20,-0.0001,112.23,0
BottomS58950,6.4823,-2.3419,2.506e-19,2.498e-19,1.779e-19,-0.0001,112.32,0
BottomS58955,6.4746,-2.3538,9.425e-19,8.245e-19,4.612e-19,0.0007,113.75,0
BottomS58956,6.4959,-2.3372,3.055e-19,3.104e-19,2.341e-19,0.0002,110.89,0
BottomS58957,6.5008,-2.3470,5.493e-19,5.100e-19,3.167e-19,0.0005,110.79,0
BottomS58964,6.5045,-2.3203,9.950e-20,1.094e-19,9.840e-20,0.0007,110.78,0
BottomS58965,6.4528,-2.3605,2.606e-18,4.965e-18,1.398e-17,0.0002,114.29,0
BottomS58967,6.4963,-2.3443,1.331e-18,1.157e-18,6.251e-19,-0.0004,110.98,0
BottomS58968,6.4763,-2.3499,5.652e-18,4.645e-18,2.206e-18,0.0,113.61,0
BottomS58969,6.4772,-2.3424,1.101e-19,1.174e-19,9.467e-20,0.0002,112.65,0
BottomS58970,6.4829,-2.3495,6.724e-19,6.335e-19,4.064e-19,0.0003,113.24,0
BottomS58972,6.4889,-2.3260,5.879e-19,5.580e-19,3.619e-19,-0.0003,111.16,0
BottomS58975,6.4841,-2.3679,1.509e-20,1.973e-20,2.428e-20,0.0002,113.89,0
BottomS58976,6.4895,-2.3215,1.846e-17,1.441e-17,6.334e-18,-0.0,110.57,1
BottomS58977,6.4760,-2.3421,1.190e-18,1.914e-18,3.698e-18,0.0,113.61,0
BottomS58979,6.4958,-2.3538,1.210e-18,3.021e-18,1.413e-17,0.0001,112.62,1
BottomS58983,6.4855,-2.3466,2.529e-19,2.466e-19,1.717e-19,0.0005,112.49,0
BottomS58984,6.4887,-2.3249,1.545e-19,1.625e-19,1.279e-19,-0.0008,111.01,0
BottomS58989,6.4932,-2.3442,1.813e-18,3.027e-18,6.327e-18,-0.0001,111.7,0
BottomS58990,6.4982,-2.3642,1.093e-20,1.465e-20,1.970e-20,0.0002,113.54,0
BottomS58994,6.5063,-2.3428,4.765e-20,5.441e-20,5.261e-20,0.0006,111.06,0
BottomS58996,6.4864,-2.3305,3.611e-19,6.061e-19,1.291e-18,0.0001,111.46,0
BottomS58997,6.4745,-2.3573,1.974e-18,1.608e-18,7.661e-19,-0.001,113.97,0
BottomS58998,6.4925,-2.3346,4.100e-14,3.083e-14,1.266e-14,-0.0003,111.27,1
BottomS58999,6.4766,-2.3283,5.308e-20,6.481e-20,6.831e-20,-0.0014,110.6,0
BottomS59001,6.4872,-2.3488,1.036e-18,2.185e-18,7.485e-18,-0.0003,112.87,0
BottomS59002,6.4853,-2.3589,4.704e-19,4.543e-19,3.110e-19,0.0,113.99,0
BottomS59006,6.5057,-2.3392,1.078e-18,9.541e-19,5.327e-19,0.0006,110.89,0
BottomS59007,6.4855,-2.3557,1.062e-19,1.203e-19,1.112e-19,-0.0001,113.89,0
BottomS59008,6.4889,-2.3357,7.626e-19,1.224e-18,2.304e-18,-0.0003,111.05,0
BottomS59014,6.4829,-2.3357,9.270e-20,1.056e-19,9.608e-20,-0.0001,111.59,0
BottomS59017,6.4822,-2.3479,2.080e-20,2.645e-20,3.268e-20,0.0001,113.5,0
BottomS59019,6.5048,-2.3285,5.878e-20,6.767e-20,6.835e-20,-0.0,110.53,0
BottomS59022,6.4681,-2.3419,1.631e-19,1.665e-19,1.282e-19,0.0005,113.37,0
BottomS59023,6.4921,-2.3452,3.220e-20,3.950e-20,4.339e-20,-0.0005,111.7,0
BottomS59024,6.4820,-2.3322,6.248e-19,1.061e-18,2.245e-18,0.0006,110.95,0
BottomS59027,6.4812,-2.3294,9.669e-14,7.593e-14,3.416e-14,-0.0002,111.09,1
BottomS59029,6.4632,-2.3476,1.035e-18,9.024e-19,4.897e-19,0.0013,113.35,0
BottomS59030,6.4903,-2.3563,9.823e-20,1.082e-19,9.121e-20,0.0003,112.85,0
BottomS59032,6.4771,-2.3308,2.426e-20,3.027e-20,3.406e-20,-0.0002,111.32,0
BottomS59033,6.4866,-2.3448,2.116e-18,1.902e-18,1.071e-18,-0.0002,112.31,0
BottomS59034,6.4830,-2.3393,9.983e-19,9.883e-19,6.850e-19,0.0001,112.14,0
BottomS59035,6.4689,-2.3630,3.292e-19,3.369e-19,2.495e-19,0.0002,114.07,0
BottomS59036,6.4921,-2.3427,9.827e-19,9.305e-19,5.993e-19,0.0002,111.8,0
BottomS59037,6.4896,-2.3411,1.531e-19,1.645e-19,1.368e-19,-0.0003,111.34,0
BottomS59038,6.4872,-2.3375,1.312e-20,1.685e-20,2.067e-20,0.0004,111.32,0
BottomS59039,6.4606,-2.3480,8.283e-19,7.375e-19,4.273e-19,-0.0007,113.76,0
BottomS59041,6.4997,-2.3415,1.319e-19,1.392e-19,1.121e-19,0.0007,111.31,0
BottomS59042,6.4899,-2.3578,7.861e-19,6.966e-19,3.941e-19,-0.0001,114.08,0
BottomS59044,6.4919,-2.3521,1.803e-18,1.520e-18,7.727e-19,0.0009,113.24,0
BottomS59045,6.4983,-2.3252,1.309e-19,1.372e-19,1.116e-19,0.0002,110.66,0
BottomS59046,6.4988,-2.3571,1.761e-19,1.743e-19,1.238e-19,0.0001,112.74,0
BottomS59050,6.4898,-2.3266,2.270e-19,2.385e-19,1.895e-19,0.0002,110.66,0
BottomS59053,6.4845,-2.3441,2.053e-14,1.596e-14,6.965e-15,-0.001,112.34,1
BottomS59055,6.4810,-2.3596,1.979e-17,1.444e-17,5.719e-18,-0.0,113.98,0
BottomS59057,6.4943,-2.3523,1.450e-19,1.485e-19,1.107e-19,0.0001,112.57,0
BottomS59059,6.4767,-2.3518,2.282e-20,2.669e-20,2.773e-20,0.0002,113.2,0
BottomS59060,6.4900,-2.3381,4.141e-15,6.144e-15,1.021e-14,0.0015,111.22,0
BottomS59063,6.4773,-2.3387,4.445e-20,5.137e-20,5.060e-20,-0.0003,112.38,0
BottomS59064,6.4978,-2.3362,2.910e-20,3.340e-20,3.248e-20,0.0006,110.87,0
BottomS59065,6.4844,-2.3420,1.200e-20,1.521e-20,1.808e-20,0.0001,111.95,0
BottomS59068,6.4775,-2.3291,5.292e-20,6.066e-20,5.766e-20,0.0004,111.02,0
BottomS59069,6.4792,-2.3594,7.289e-18,5.987e-18,3.027e-18,-0.0004,113.88,0
BottomS59071,6.4860,-2.3523,3.267e-20,3.906e-20,3.990e-20,-0.0001,113.39,0
BottomS59072,6.4903,-2.3392,4.559e-20,5.343e-20,5.323e-20,-0.0002,111.86,0
BottomS59074,6.4855,-2.3308,6.658e-19,6.098e-19,3.806e-19,0.0005,111.28,0
BottomS59075,6.5062,-2.3381,2.054e-18,1.741e-18,8.894e-19,-0.0007,111.03,0
BottomS59076,6.4927,-2.3443,1.244e-18,1.880e-18,3.185e-18,0.001,111.28,0
BottomS59079,6.4698,-2.3478,1.302e-20,1.663e-20,2.012e-20,-0.0008,113.98,0
BottomS59080,6.4879,-2.3364,6.543e-20,7.809e-20,7.985e-20,0.0005,111.68,0
BottomS59081,6.4706,-2.3383,7.275e-19,1.397e-18,4.036e-18,-0.0,113.79,0
BottomS59084,6.4719,-2.3616,1.867e-18,3.771e-18,1.164e-17,0.0007,113.95,0
BottomS59086,6.4862,-2.3507,8.970e-18,6.993e-18,3.135e-18,-0.0003,113.64,1
BottomS59088,6.4748,-2.3468,6.617e-20,7.603e-20,7.558e-20,0.0004,113.2,0
BottomS59091,6.4763,-2.3529,2.167e-18,3.658e-18,7.750e-18,0.0003,113.8,0
BottomS59093,6.4929,-2.3281,7.513e-20,8.113e-20,6.677e-20,-0.0003,110.7,0
BottomS59094,6.4703,-2.3532,9.829e-19,1.451e-18,2.411e-18,-0.0011,113.62,0
BottomS59096,6.4683,-2.3463,2.461e-14,1.845e-14,7.653e-15,0.0001,113.38,1
BottomS59099,6.5028,-2.3423,2.521e-20,3.212e-20,3.848e-20,0.0004,111.35,0
BottomS59100,6.4754,-2.3521,9.257e-20,9.925e-20,8.390e-20,0.0012,113.7,0
BottomS59101,6.4930,-2.3363,1.737e-18,3.221e-18,8.231e-18,0.0001,111.09,0
BottomS59103,6.4722,-2.3539,6.042e-14,4.850e-14,2.245e-14,0.0004,113.87,1
BottomS59104,6.4751,-2.3511,1.775e-19,1.805e-19,1.296e-19,0.0003,113.66,0
BottomS59106,6.4982,-2.3286,7.887e-19,1.515e-18,4.294e-18,0.0002,110.76,0
BottomS59108,6.4706,-2.3577,1.215e-18,2.387e-18,7.147e-18,0.0002,114.1,0
BottomS59112,6.5016,-2.3370,7.129e-19,1.349e-18,3.675e-18,-0.0001,111.17,0
BottomS59113,6.4697,-2.3583,2.495e-19,2.461e-19,1.772e-19,-0.0008,113.91,0
BottomS59114,6.4696,-2.3532,1.155e-20,1.474e-20,1.728e-20,0.0004,113.52,0
BottomS59116,6.4977,-2.3375,2.107e-20,2.717e-20,3.369e-20,-0.0007,111.29,0
BottomS59119,6.4706,-2.3512,4.593e-19,7.932e-19,1.720e-18,-0.0005,113.79,0
BottomS59120,6.4709,-2.3555,1.384e-18,2.057e-18,3.475e-18,0.0001,113.92,0
BottomS59122,6.4714,-2.3512,1.541e-20,1.874e-20,2.024e-20,-0.0002,113.46,0
BottomS59123,6.4958,-2.3382,4.746e-19,4.445e-19,2.798e-19,0.0003,111.34,0
BottomS59124,6.4928,-2.3376,4.606e-18,3.789e-18,1.877e-18,-0.0005,111.4,0
BottomS59129,6.4634,-2.3643,7.506e-19,1.362e-18,3.406e-18,-0.0009,114.14,0
BottomS59131,6.4701,-2.3633,1.898e-20,2.386e-20,2.687e-20,-0.0001,114.11,0
BottomS59132,6.4755,-2.3465,1.192e-20,1.565e-20,1.883e-20,0.0004,113.02,0
BottomS59135,6.4684,-2.3542,5.213e-20,5.952e-20,5.392e-20,-0.0007,113.63,0
BottomS59139,6.4644,-2.3545,4.201e-19,3.928e-19,2.527e-19,0.0004,113.76,0
BottomS59141,6.4631,-2.3537,2.316e-18,1.845e-18,8.286e-19,-0.001,113.77,0
BottomS59143,6.4942,-2.3437,3.064e-19,3.018e-19,2.043e-19,0.0001,111.82,0
BottomS59146,6.4666,-2.3564,1.779e-16,1.182e-16,3.698e-17,0.0005,113.68,0
BottomS59148,6.4634,-2.3596,1.647e-18,1.411e-18,7.656e-19,0.0002,113.92,0
BottomS59152,6.4643,-2.3505,3.439e-19,7.316e-19,2.590e-18,0.0007,113.53,0
BottomS59155,6.4671,-2.3511,6.229e-18,8.893e-18,1.315e-17,-0.0001,113.56,0
BottomS59158,6.4720,-2.3515,1.345e-18,2.242e-18,4.631e-18,0.0005,113.46,0
BottomS59159,6.5079,-2.3309,1.048e-19,1.070e-19,7.995e-20,-0.0008,110.83,0
BottomS59160,6.4717,-2.3513,1.922e-18,1.655e-18,9.137e-19,-0.0005,113.84,0
BottomS59162,6.5056,-2.3352,2.474e-18,2.147e-18,1.123e-18,-0.0004,111.08,0
BottomS59164,6.5075,-2.3359,2.121e-17,1.636e-17,7.027e-18,-0.0007,110.94,1
BottomS59167,6.5025,-2.3328,1.343e-19,1.451e-19,1.209e-19,-0.0004,111.33,0
BottomS59168,6.4621,-2.3507,4.580e-19,4.367e-19,2.929e-19,0.0001,113.3,0
BottomS59171,6.5042,-2.3274,4.333e-19,4.261e-19,2.989e-19,-0.0007,110.73,0
BottomS59174,6.5108,-2.3372,3.797e-14,2.729e-14,1.037e-14,0.0001,111.17,0
BottomS59175,6.4666,-2.3536,1.862e-19,1.863e-19,1.359e-19,-0.0002,113.54,0
BottomS59176,6.4642,-2.3551,7.409e-19,1.171e-18,2.185e-18,0.0004,113.54,0
BottomS59177,6.4582,-2.3629,1.510e-19,1.692e-19,1.548e-19,-0.0004,113.77,0
BottomS59181,6.5128,-2.3275,9.822e-19,2.044e-18,6.602e-18,-0.0006,110.99,0
BottomS59182,6.4624,-2.3568,1.484e-14,1.019e-14,3.620e-15,0.0006,113.52,0
BottomS59183,6.5077,-2.3359,2.336e-19,2.342e-19,1.759e-19,-0.0001,111.16,0
BottomS59184,6.5191,-2.3223,6.710e-19,1.278e-18,3.567e-18,0.0005,110.85,0
BottomS59186,6.5063,-2.3236,1.558e-20,1.988e-20,2.293e-20,-0.0004,110.82,0
BottomS59187,6.4662,-2.3508,1.727e-18,2.890e-18,5.915e-18,0.0,113.3,0
BottomS59188,6.5048,-2.3360,1.022e-19,1.025e-19,7.513e-20,0.0004,111.16,0
BottomS59189,6.4671,-2.3527,6.179e-19,5.808e-19,3.695e-19,-0.0004,113.71,0
BottomS59191,6.4633,-2.3550,8.913e-19,1.809e-18,5.519e-18,-0.0009,113.73,0
BottomS59192,6.5060,-2.3310,8.027e-20,9.162e-20,8.580e-20,0.0001,111.17,0
BottomS59194,6.4620,-2.3562,4.604e-19,4.361e-19,2.896e-19,-0.0007,113.86,0
BottomS59196,6.4632,-2.3575,2.685e-20,3.175e-20,3.302e-20,0.0005,113.75,0
BottomS59198,6.5020,-2.3323,5.309e-20,6.104e-20,5.812e-20,0.0003,111.13,0
BottomS59199,6.5131,-2.3322,1.767e-18,3.036e-18,6.728e-18,-0.0003,111.12,0
BottomS59200,6.5075,-2.3309,4.257e-19,3.826e-19,2.309e-19,-0.0006,110.96,0
BottomS59201,6.4625,-2.3627,1.129e-18,1.629e-18,2.556e-18,-0.0001,113.9,0
BottomS59202,6.4513,-2.3582,5.825e-19,1.372e-18,5.788e-18,0.0003,113.84,0
BottomS59203,6.5047,-2.3306,3.194e-20,3.806e-20,3.931e-20,0.0003,111.22,0
BottomS59205,6.4558,-2.3638,3.666e-19,3.393e-19,2.156e-19,-0.0002,113.85,0
BottomS59207,6.5177,-2.3211,9.993e-19,2.595e-18,1.322e-17,-0.0003,110.91,1
BottomS59209,6.4594,-2.3566,1.269e-20,1.692e-20,2.141e-20,0.0004,113.64,0
BottomS59212,6.4603,-2.3606,7.234e-19,1.233e-18,2.664e-18,-0.0004,113.87,0
BottomS59217,6.5154,-2.3216,1.066e-19,1.089e-19,8.313e-20,-0.0004,110.79,0
BottomS59219,6.5103,-2.3194,2.564e-20,3.109e-20,3.483e-20,0.0004,110.83,0
BottomS59220,6.5112,-2.3249,9.290e-18,7.350e-18,3.358e-18,-0.0007,111.08,1
BottomS59221,6.5122,-2.3253,1.817e-18,1.541e-18,8.256e-19,0.0001,111.1,0
BottomS59222,6.5162,-2.3238,1.549e-17,1.193e-17,4.929e-18,-0.0007,111.21,1
BottomS59223,6.5214,-2.3183,1.106e-19,1.084e-19,7.681e-20,0.0006,110.8,0
BottomS59225,6.5095,-2.3305,1.543e-18,1.260e-18,6.121e-19,-0.0008,111.16,0
BottomS59229,6.4598,-2.3607,1.858e-18,1.574e-18,8.037e-19,0.0006,113.78,0
BottomS59233,6.5179,-2.3247,3.035e-18,2.447e-18,1.132e-18,-0.0001,111.14,0
BottomS59237,6.4454,-2.3687,2.763e-14,1.926e-14,6.573e-15,0.0002,113.81,0
BottomS59242,6.4430,-2.3659,1.110e-18,9.689e-19,5.451e-19,-0.0005,113.73,0
BottomS59243,6.5220,-2.3260,3.069e-19,3.082e-19,2.188e-19,-0.0005,111.12,0
BottomS59248,6.4495,-2.3671,6.850e-19,1.092e-18,2.078e-18,0.0011,113.86,0
BottomS59249,6.5165,-2.3252,1.072e-17,2.823e-17,1.554e-16,-0.0009,111.0,1
BottomS59252,6.4442,-2.3654,1.282e-18,1.212e-18,7.798e-19,-0.001,113.83,0
BottomS59253,6.4468,-2.3730,1.418e-20,1.786e-20,2.088e-20,0.0001,113.96,0
BottomS59255,6.4500,-2.3665,7.852e-19,1.411e-18,3.497e-18,0.0003,113.78,0
BottomS59256,6.4466,-2.3659,1.511e-19,1.473e-19,1.019e-19,-0.0001,113.75,0
BottomS59257,6.4419,-2.3698,4.096e-19,3.769e-19,2.204e-19,-0.0004,113.69,0
BottomS59259,6.4426,-2.3733,5.380e-14,4.886e-14,2.894e-14,0.0002,113.84,1
BottomS59260,6.4431,-2.3714,2.434e-20,3.012e-20,3.288e-20,-0.0002,113.73,0
BottomS59261,6.4502,-2.3689,1.496e-19,1.605e-19,1.348e-19,-0.0005,113.82,0
BottomS59262,6.4389,-2.3647,2.315e-20,2.690e-20,2.605e-20,0.0001,113.89,0
BottomS59264,6.4401,-2.3722,1.853e-19,1.924e-19,1.482e-19,-0.0004,113.89,0
BottomS59268,6.4515,-2.3660,4.887e-18,3.985e-18,1.885e-18,0.0007,113.75,0
BottomS59275,6.5280,-2.3174,1.426e-17,1.080e-17,4.258e-18,0.0008,111.08,0
BottomS59276,6.5204,-2.3171,4.641e-19,4.290e-19,2.622e-19,-0.0003,111.03,0
BottomS59277,6.5251,-2.3207,1.064e-19,1.149e-19,9.842e-20,0.0002,110.89,0
BottomS59281,6.4427,-2.3720,2.733e-17,1.973e-17,7.554e-18,0.0002,113.92,0
BottomS59282,6.4408,-2.3731,2.840e-17,2.168e-17,8.820e-18,-0.0011,113.89,0
BottomS59283,6.5249,-2.3173,1.606e-16,1.082e-16,3.543e-17,0.0004,110.94,0
BottomS59284,6.4412,-2.3717,4.857e-17,3.615e-17,1.510e-17,0.0001,113.82,0
BottomS59285,6.4415,-2.3706,4.117e-17,2.953e-17,1.085e-17,0.0005,113.78,0
BottomS59286,6.5249,-2.3194,9.249e-18,6.706e-18,2.596e-18,0.0005,111.02,0
BottomS59287,6.5298,-2.3166,8.738e-19,1.230e-18,1.746e-18,-0.0,111.02,0
BottomS59288,6.5266,-2.3183,1.360e-17,1.038e-17,4.437e-18,0.0004,111.02,1
BottomS59289,6.4404,-2.3690,4.493e-18,3.741e-18,1.805e-18,0.0001,113.71,0
BottomS59290,6.4398,-2.3683,1.395e-17,1.090e-17,4.752e-18,0.0001,113.81,1
BottomS59291,6.5293,-2.3200,2.530e-19,2.543e-19,1.910e-19,0.0012,111.14,0
BottomS59292,6.5267,-2.3215,2.628e-19,2.589e-19,1.830e-19,-0.0009,111.06,0
BottomS59293,6.5308,-2.3206,2.132e-19,2.106e-19,1.526e-19,-0.0001,111.08,0
BottomS59295,6.4403,-2.3650,1.863e-17,1.390e-17,5.427e-18,0.0,113.71,0
BottomS59296,6.5258,-2.3251,6.402e-18,5.206e-18,2.482e-18,0.0001,111.27,0
BottomS59297,6.4409,-2.3643,4.048e-14,2.887e-14,1.062e-14,-0.0004,113.6,0
BottomS59298,6.4400,-2.3639,4.080e-17,2.974e-17,1.187e-17,0.0006,113.56,0
BottomS59299,6.4395,-2.3631,1.447e-19,1.425e-19,1.037e-19,-0.0007,113.65,0
BottomS59300,6.4391,-2.3617,1.294e-16,9.093e-17,3.291e-17,-0.0003,113.48,0
BottomS59301,6.4418,-2.3589,1.625e-18,1.439e-18,8.055e-19,0.0006,113.51,0
BottomS59302,6.5284,-2.3272,4.630e-20,5.118e-20,4.554e-20,0.0002,111.3,0
BottomS59304,6.5266,-2.3301,1.018e-17,7.752e-18,3.298e-18,0.0003,111.42,0
BottomS59305,6.4418,-2.3562,3.121e-19,3.078e-19,2.270e-19,-0.0002,113.37,0
BottomS59306,6.4435,-2.3560,9.814e-19,8.970e-19,5.175e-19,0.0002,113.41,0
BottomS59307,6.4396,-2.3558,4.059e-18,3.497e-18,1.864e-18,0.0,113.29,0
BottomS59308,6.4476,-2.3490,6.247e-19,5.782e-19,3.581e-19,-0.0001,113.16,0
BottomS59309,6.4407,-2.3534,1.501e-18,1.344e-18,7.789e-19,-0.0002,113.27,0
BottomS59310,6.5256,-2.3355,6.203e-15,4.142e-15,1.353e-15,0.0003,111.57,0
BottomS59311,6.5249,-2.3374,1.724e-17,1.336e-17,5.951e-18,0.0014,111.54,1
BottomS59312,6.4418,-2.3495,1.784e-18,1.632e-18,9.420e-19,-0.0009,113.18,0
BottomS59313,6.4423,-2.3498,4.283e-18,3.582e-18,1.743e-18,0.0004,113.22,0
BottomS59314,6.4441,-2.3475,2.936e-17,2.238e-17,9.123e-18,0.0005,113.22,0
BottomS59315,6.5230,-2.3435,1.804e-16,1.273e-16,4.648e-17,0.0007,111.79,0
BottomS59316,6.5259,-2.3416,1.477e-18,1.314e-18,7.439e-19,-0.0006,111.69,0
BottomS59317,6.4439,-2.3428,2.688e-17,1.964e-17,7.446e-18,0.0005,113.03,0
BottomS59318,6.5247,-2.3460,1.593e-17,1.290e-17,5.828e-18,-0.0003,111.83,1
BottomS59319,6.4459,-2.3423,4.806e-17,3.475e-17,1.344e-17,-0.0007,112.94,0
BottomS59320,6.4482,-2.3399,2.992e-16,2.028e-16,6.772e-17,-0.0002,112.8,0
BottomS59321,6.5234,-2.3503,6.837e-18,5.385e-18,2.397e-18,0.0005,111.87,1
BottomS59322,6.5198,-2.3501,1.900e-16,1.343e-16,5.014e-17,0.0,111.99,0
BottomS59324,6.5170,-2.3570,5.043e-17,3.695e-17,1.427e-17,-0.0004,112.14,0
BottomS59326,6.4475,-2.3341,1.223e-18,2.349e-18,6.300e-18,-0.0003,112.78,0
BottomS59327,6.5181,-2.3572,3.384e-17,2.519e-17,1.041e-17,-0.0,112.2,0
BottomS59328,6.5185,-2.3575,6.215e-17,4.565e-17,1.755e-17,0.0004,112.27,0
BottomS59329,6.4544,-2.3283,3.052e-19,3.214e-19,2.581e-19,-0.0002,112.45,0
BottomS59330,6.5122,-2.3619,1.220e-18,1.051e-18,5.821e-19,0.0002,112.35,0
BottomS59331,6.5132,-2.3641,1.201e-16,8.287e-17,2.823e-17,-0.0004,112.44,0
BottomS59332,6.5125,-2.3656,5.273e-16,3.497e-16,1.130e-16,0.0003,112.38,0
BottomS59333,6.4541,-2.3241,1.447e-19,1.395e-19,9.351e-20,0.0008,112.5,0
BottomS59334,6.5129,-2.3642,6.244e-19,5.661e-19,3.456e-19,0.0003,112.33,0
BottomS59335,6.5105,-2.3696,3.652e-19,3.513e-19,2.426e-19,-0.0001,112.57,0
BottomS59336,6.4607,-2.3159,2.371e-16,1.616e-16,5.401e-17,-0.0002,112.09,0
BottomS59337,6.4583,-2.3153,9.516e-18,7.513e-18,3.436e-18,0.0006,112.19,1
BottomS59338,6.4596,-2.3163,1.124e-14,1.426e-14,1.625e-14,0.0001,112.21,0
BottomS59339,6.4600,-2.3126,1.752e-16,1.194e-16,4.073e-17,-0.0,112.13,0
BottomS59340,6.4612,-2.3167,3.423e-17,2.461e-17,9.113e-18,-0.0,112.25,0
BottomS59341,6.5044,-2.3756,1.039e-18,9.556e-19,5.642e-19,0.0002,112.74,0
BottomS59342,6.5047,-2.3771,3.283e-16,2.266e-16,7.521e-17,0.0002,112.86,0
BottomS59343,6.4660,-2.3050,3.428e-17,2.486e-17,9.726e-18,0.0,111.84,0
BottomS59344,6.5002,-2.3880,2.512e-17,1.906e-17,8.062e-18,0.0006,112.98,1
BottomS59345,6.4694,-2.3009,2.311e-17,1.723e-17,7.123e-18,0.0004,111.83,0
BottomS59346,6.4998,-2.3857,7.238e-18,5.942e-18,2.810e-18,0.0005,112.93,0
BottomS59347,6.4715,-2.3029,7.797e-15,5.184e-15,1.685e-15,-0.0,111.75,0
BottomS59348,6.4712,-2.3028,1.458e-18,2.592e-18,6.204e-18,0.0002,111.83,0
BottomS59349,6.4744,-2.2941,1.406e-18,1.211e-18,6.572e-19,-0.0002,111.53,0
BottomS59350,6.4930,-2.3974,1.817e-16,1.250e-16,4.200e-17,-0.0005,113.17,0
BottomS59351,6.4782,-2.2948,3.925e-19,3.841e-19,2.627e-19,-0.0,111.54,0
BottomS59352,6.4783,-2.2928,5.257e-17,3.874e-17,1.506e-17,-0.0004,111.45,0
BottomS59353,6.4876,-2.4005,3.395e-14,2.399e-14,8.377e-15,0.0008,113.46,0
BottomS59354,6.4811,-2.2900,1.225e-17,9.752e-18,4.464e-18,0.0,111.37,1
BottomS59355,6.4859,-2.3989,9.970e-17,6.826e-17,2.337e-17,0.0004,113.4,0
BottomS59356,6.4840,-2.4045,4.817e-19,4.659e-19,3.044e-19,0.0002,113.51,0
BottomS59357,6.4822,-2.4048,5.000e-14,3.943e-14,1.792e-14,0.0005,113.64,1
BottomS59358,6.4884,-2.2837,5.257e-17,3.648e-17,1.266e-17,-0.0002,111.2,0
BottomS59359,6.4788,-2.4049,1.458e-17,1.094e-17,4.473e-18,-0.0005,113.63,0
BottomS59360,6.4909,-2.2808,3.589e-18,2.911e-18,1.330e-18,0.0001,111.1,0
BottomS59361,6.4924,-2.2825,3.208e-17,2.248e-17,8.301e-18,0.0001,111.11,0
BottomS59362,6.4731,-2.4134,1.176e-16,8.430e-17,3.157e-17,-0.0003,113.77,0
BottomS59363,6.4963,-2.2764,5.385e-20,6.199e-20,6.053e-20,-0.0001,110.97,0
BottomS59364,6.4991,-2.2701,8.741e-17,6.182e-17,2.226e-17,0.0001,110.91,0
BottomS59365,6.4695,-2.4083,8.506e-19,1.397e-18,2.727e-18,-0.0016,113.92,0
BottomS59366,6.4665,-2.4142,7.479e-18,5.899e-18,2.696e-18,-0.001,113.88,1
BottomS59367,6.4649,-2.4137,3.803e-18,3.145e-18,1.513e-18,-0.0003,113.96,0
BottomS59368,6.4622,-2.4191,2.617e-16,1.783e-16,5.866e-17,0.0003,113.91,0
BottomS59369,6.5080,-2.2665,1.177e-20,1.524e-20,1.893e-20,0.0003,110.79,0
BottomS59370,6.5080,-2.2705,4.480e-18,3.675e-18,1.750e-18,-0.0004,110.63,0
BottomS59371,6.5110,-2.2670,7.774e-17,5.339e-17,1.899e-17,0.0009,110.73,0
BottomS59372,6.5142,-2.2649,7.888e-16,5.088e-16,1.485e-16,-0.0003,110.72,0
BottomS59373,6.5175,-2.2635,9.425e-18,7.516e-18,3.335e-18,0.0007,110.56,1
BottomS59374,6.4495,-2.4241,5.211e-17,3.677e-17,1.352e-17,-0.0002,114.25,0
BottomS59375,6.5208,-2.2612,1.210e-18,1.017e-18,5.397e-19,-0.0004,110.55,0
BottomS59376,6.5220,-2.2632,8.372e-18,6.990e-18,3.566e-18,0.0001,110.48,0
BottomS59377,6.5233,-2.2652,2.261e-17,1.724e-17,6.913e-18,0.0005,110.48,0
BottomS59378,6.4512,-2.3594,1.409e-18,2.492e-18,5.834e-18,0.0009,113.66,0
BottomS59379,6.4456,-2.3635,1.910e-20,2.420e-20,2.893e-20,0.001,113.7,0
BottomS59380,6.4359,-2.3679,6.933e-19,1.076e-18,1.933e-18,-0.0002,113.76,0
BottomS59382,6.5288,-2.3227,7.136e-18,5.882e-18,2.844e-18,-0.0002,111.11,0
BottomS59384,6.5249,-2.3301,2.775e-18,2.368e-18,1.273e-18,-0.0002,111.29,0
BottomS59387,6.4426,-2.3611,3.826e-19,3.858e-19,2.751e-19,-0.0001,113.44,0
BottomS59388,6.4451,-2.3582,4.204e-14,3.980e-14,2.584e-14,-0.0006,113.53,1
BottomS59389,6.4464,-2.3561,1.055e-16,7.597e-17,2.804e-17,-0.0001,113.33,0
BottomS59390,6.5258,-2.3313,1.165e-18,1.011e-18,5.583e-19,0.0,111.36,0
BottomS59391,6.4398,-2.3597,1.049e-18,1.803e-18,3.836e-18,0.0002,113.38,0
BottomS59392,6.5242,-2.3345,6.531e-20,7.725e-20,7.638e-20,0.0003,111.51,0
BottomS59393,6.4397,-2.3565,1.371e-18,1.144e-18,5.830e-19,-0.0003,113.29,0
BottomS59394,6.5244,-2.3363,1.260e-19,1.384e-19,1.247e-19,0.0002,111.52,0
BottomS59395,6.5279,-2.3353,3.386e-19,3.335e-19,2.364e-19,0.0003,111.49,0
BottomS59398,6.4499,-2.3432,1.517e-17,1.263e-17,6.298e-18,-0.0009,112.95,0
BottomS59399,6.5160,-2.3428,5.663e-14,4.482e-14,2.046e-14,-0.0002,111.78,1
BottomS59401,6.4449,-2.3483,4.203e-18,3.536e-18,1.768e-18,-0.0,113.19,0
BottomS59402,6.5255,-2.3419,1.053e-17,8.056e-18,3.400e-18,-0.0001,111.65,1
BottomS59403,6.4451,-2.3462,2.672e-19,2.699e-19,2.035e-19,0.0002,113.11,0
BottomS59404,6.4495,-2.3441,5.633e-18,4.485e-18,2.021e-18,-0.0005,113.05,0
BottomS59406,6.5203,-2.3457,1.167e-18,1.684e-18,2.656e-18,0.0006,111.82,0
BottomS59407,6.4440,-2.3371,1.930e-17,1.531e-17,7.106e-18,0.0001,112.87,0
BottomS59408,6.4544,-2.3337,6.545e-20,7.637e-20,7.347e-20,-0.0005,112.63,0
BottomS59409,6.4570,-2.3342,2.200e-19,2.192e-19,1.485e-19,-0.0008,112.62,0
BottomS59410,6.5140,-2.3552,5.404e-20,6.060e-20,5.611e-20,0.0005,112.28,0
BottomS59411,6.5182,-2.3494,2.053e-18,3.700e-18,9.198e-18,-0.0005,112.04,0
BottomS59412,6.4539,-2.3338,2.290e-18,1.954e-18,1.037e-18,-0.0004,112.75,0
BottomS59416,6.4552,-2.3317,3.174e-19,3.142e-19,2.267e-19,0.0005,112.58,0
BottomS59417,6.4503,-2.3279,2.993e-17,2.318e-17,9.853e-18,0.0004,112.57,1
BottomS59418,6.4579,-2.3199,2.026e-20,2.488e-20,2.675e-20,0.0002,112.33,0
BottomS59420,6.4525,-2.3306,5.668e-19,9.491e-19,2.007e-18,0.0008,112.61,0
BottomS59422,6.5067,-2.3762,8.532e-18,6.845e-18,3.170e-18,0.0006,112.76,0
BottomS59423,6.5116,-2.3668,8.462e-17,5.702e-17,1.931e-17,-0.0,112.57,0
BottomS59424,6.4621,-2.3162,1.155e-18,2.255e-18,6.384e-18,-0.0007,112.13,0
BottomS59425,6.4571,-2.3134,4.526e-18,3.716e-18,1.813e-18,-0.0005,112.19,0
BottomS59426,6.5081,-2.3714,4.467e-20,5.179e-20,4.933e-20,-0.0009,112.57,0
BottomS59427,6.5075,-2.3755,4.465e-20,5.361e-20,5.743e-20,-0.0005,112.7,0
BottomS59429,6.5040,-2.3704,8.414e-20,9.657e-20,9.204e-20,0.0002,112.69,0
BottomS59430,6.4999,-2.3851,1.537e-19,1.599e-19,1.246e-19,-0.0011,112.98,0
BottomS59431,6.5039,-2.3812,8.726e-19,7.728e-19,4.361e-19,0.0,112.83,0
BottomS59432,6.4631,-2.3133,8.707e-19,1.825e-18,5.958e-18,0.0002,112.12,0
BottomS59434,6.4984,-2.3843,2.062e-18,1.747e-18,8.858e-19,0.0004,113.01,0
BottomS59435,6.4980,-2.3944,2.577e-17,1.935e-17,7.721e-18,-0.0004,113.11,0
BottomS59436,6.4699,-2.2986,7.751e-19,1.396e-18,3.257e-18,0.0009,111.8,0
BottomS59437,6.4972,-2.3912,2.000e-18,1.678e-18,8.454e-19,0.0002,113.14,0
BottomS59438,6.4738,-2.2921,1.056e-16,7.601e-17,2.797e-17,-0.0001,111.66,0
BottomS59440,6.4911,-2.3868,1.661e-19,1.696e-19,1.281e-19,-0.0001,113.16,0
BottomS59442,6.4802,-2.2937,5.743e-19,5.479e-19,3.516e-19,0.0002,111.43,0
BottomS59443,6.4803,-2.2916,2.655e-17,1.996e-17,8.018e-18,-0.0003,111.39,0
BottomS59445,6.4835,-2.2918,6.451e-18,5.334e-18,2.666e-18,0.0005,111.32,0
BottomS59446,6.4837,-2.2826,1.004e-18,8.860e-19,5.027e-19,-0.0003,111.34,0
BottomS59447,6.4882,-2.2765,2.919e-19,2.984e-19,2.319e-19,-0.0002,111.18,0
BottomS59448,6.4854,-2.2897,8.719e-19,1.351e-18,2.403e-18,0.0007,111.19,0
BottomS59451,6.4746,-2.4107,2.249e-19,3.941e-19,9.079e-19,0.0005,113.78,0
BottomS59452,6.4966,-2.2690,3.216e-18,2.565e-18,1.198e-18,0.0002,111.12,0
BottomS59453,6.4934,-2.2886,6.609e-20,7.063e-20,5.802e-20,-0.0001,111.03,0
BottomS59454,6.5010,-2.2725,2.705e-18,2.242e-18,1.122e-18,0.0003,111.02,0
BottomS59455,6.4684,-2.4191,8.745e-19,1.922e-18,7.043e-18,-0.0,113.98,0
BottomS59456,6.5013,-2.2759,2.835e-19,2.903e-19,2.251e-19,0.0002,110.98,0
BottomS59457,6.5020,-2.2695,6.305e-18,4.830e-18,2.126e-18,-0.0002,110.95,0
BottomS59458,6.5052,-2.2729,1.429e-18,1.216e-18,6.213e-19,0.0007,110.77,0
BottomS59459,6.4595,-2.4271,3.908e-19,3.799e-19,2.577e-19,0.0004,114.02,0
BottomS59460,6.5063,-2.2743,6.708e-18,5.365e-18,2.498e-18,0.0004,110.79,0
BottomS59462,6.4548,-2.4259,4.596e-18,9.454e-18,3.009e-17,0.0003,114.12,1
BottomS59463,6.5157,-2.2643,1.083e-18,1.006e-18,5.993e-19,-0.0,110.6,0
BottomS59465,6.5191,-2.2695,3.478e-18,2.986e-18,1.629e-18,-0.0001,110.49,0
BottomS59466,6.5215,-2.2659,1.565e-19,1.617e-19,1.284e-19,0.0003,110.51,0
BottomS59467,6.5224,-2.2606,2.065e-20,2.422e-20,2.409e-20,-0.0007,110.38,0
BottomS59468,6.5218,-2.2805,1.184e-18,1.062e-18,5.956e-19,0.0001,110.52,0
BottomS59469,6.4438,-2.4275,2.623e-18,2.212e-18,1.165e-18,0.001,114.35,0
BottomS59470,6.4441,-2.4179,3.599e-20,4.278e-20,4.477e-20,0.0014,114.36,0
BottomS59473,6.4332,-2.4295,1.675e-19,1.742e-19,1.339e-19,0.0011,114.37,0
BottomS59474,6.4425,-2.4181,9.626e-19,1.961e-18,6.240e-18,0.0003,114.37,0
BottomS59475,8.6071,2.6213,1.149e-18,1.844e-18,3.475e-18,-0.0002,108.89,0
BottomS59476,8.5365,2.5032,2.109e-18,1.824e-18,9.708e-19,0.0007,109.53,0
BottomS59478,8.5407,2.5953,5.260e-20,5.851e-20,5.394e-20,-0.0002,109.45,0
BottomS59484,8.5147,2.5974,1.098e-18,1.014e-18,6.294e-19,0.0005,110.5,0
BottomS59487,8.5790,2.6191,5.661e-20,6.306e-20,5.844e-20,0.0,108.96,0
BottomS59491,8.5394,2.5853,7.580e-20,8.393e-20,7.314e-20,-0.0001,109.59,0
BottomS59492,8.5545,2.5920,3.457e-20,4.089e-20,4.048e-20,0.0004,109.23,0
BottomS59499,8.5398,2.5881,7.681e-20,8.541e-20,7.874e-20,0.0005,109.55,0
BottomS59500,8.5519,2.5918,2.914e-18,6.444e-18,2.459e-17,-0.0,109.2,1
BottomS59501,8.4749,2.5201,3.263e-19,5.488e-19,1.143e-18,-0.0002,110.12,0
BottomS59504,8.5424,2.5912,3.013e-20,3.368e-20,3.067e-20,-0.0009,109.33,0
BottomS59505,8.5684,2.6102,3.482e-19,3.425e-19,2.314e-19,0.0007,109.06,0
BottomS59507,8.5415,2.6012,6.792e-20,7.698e-20,7.356e-20,0.0012,109.68,0
BottomS59514,8.5530,2.5751,1.941e-20,2.540e-20,3.142e-20,-0.0004,109.03,0
BottomS59515,8.5383,2.5935,1.074e-20,1.465e-20,1.937e-20,-0.0005,109.72,0
BottomS59517,8.5265,2.5782,2.677e-19,2.529e-19,1.619e-19,0.0003,109.95,0
BottomS59522,8.5408,2.5918,5.969e-19,5.588e-19,3.529e-19,0.0005,109.47,0
BottomS59523,8.5539,2.5900,6.769e-19,1.083e-18,2.039e-18,0.0009,108.94,0
BottomS59531,8.5390,2.5957,2.653e-19,2.635e-19,1.795e-19,-0.0002,109.81,0
BottomS59534,8.5165,2.6225,5.608e-18,8.348e-18,1.344e-17,-0.0006,110.42,0
BottomS59536,8.5198,2.6081,1.511e-18,2.805e-18,7.463e-18,-0.0003,110.46,0
BottomS59542,8.5703,2.5446,2.807e-19,4.727e-19,1.033e-18,0.0001,109.06,0
BottomS59543,8.5549,2.5627,3.534e-20,4.185e-20,4.183e-20,-0.0005,109.19,0
BottomS59544,8.5336,2.6078,2.059e-20,2.495e-20,2.663e-20,0.0003,110.2,0
BottomS59548,8.5437,2.5927,2.474e-19,2.474e-19,1.814e-19,0.0002,109.3,0
BottomS59549,8.4597,2.5636,1.155e-19,1.228e-19,9.983e-20,0.0002,110.51,0
BottomS59552,8.5687,2.5593,1.168e-20,1.605e-20,2.186e-20,0.0009,108.96,0
BottomS59553,8.5392,2.5897,1.528e-20,1.983e-20,2.319e-20,0.0002,109.49,0
BottomS59558,8.6513,2.6325,5.115e-20,5.998e-20,5.985e-20,0.0003,108.97,0
BottomS59562,8.5462,2.5907,4.665e-20,5.412e-20,5.240e-20,0.0001,109.15,0
BottomS59564,8.5050,2.6041,3.975e-19,6.327e-19,1.196e-18,0.0003,110.77,0
BottomS59565,8.5386,2.6260,1.186e-18,1.012e-18,5.078e-19,-0.0002,109.87,0
BottomS59567,8.5728,2.6744,1.311e-18,2.221e-18,4.750e-18,-0.0002,109.65,0
BottomS59568,8.5127,2.6052,5.819e-19,1.290e-18,4.838e-18,0.0008,110.62,0
BottomS59569,8.5210,2.5944,4.737e-20,5.367e-20,5.095e-20,-0.0006,110.24,0
BottomS59571,8.5324,2.5908,2.068e-20,2.534e-20,2.682e-20,-0.0007,110.05,0
BottomS59573,8.4367,2.5348,2.054e-19,2.116e-19,1.639e-19,-0.0009,110.4,0
BottomS59582,8.5346,2.6023,1.218e-20,1.493e-20,1.623e-20,-0.0002,110.08,0
BottomS59588,8.5428,2.5946,2.624e-19,2.602e-19,1.803e-19,0.0001,109.27,0
BottomS59596,8.5960,2.5838,1.178e-20,1.547e-20,1.947e-20,-0.0005,108.85,0
BottomS59600,8.5120,2.6538,6.876e-19,1.204e-18,2.756e-18,-0.0001,110.39,0
BottomS59601,8.5237,2.6036,1.882e-18,3.091e-18,6.163e-18,-0.0001,110.52,0
BottomS59605,8.5412,2.5729,2.447e-20,3.133e-20,3.810e-20,0.0011,109.58,0
BottomS59606,8.5770,2.5570,1.029e-20,1.363e-20,1.778e-20,-0.0004,108.82,0
BottomS59619,8.5442,2.5948,2.364e-18,4.940e-18,1.677e-17,-0.0007,109.3,1
BottomS59621,8.5387,2.5943,4.175e-19,3.726e-19,2.140e-19,0.0002,109.6,0
BottomS59625,8.5521,2.6075,1.954e-14,1.295e-14,4.308e-15,-0.0003,109.44,0
BottomS59629,8.5408,2.5986,7.410e-20,8.459e-20,7.912e-20,0.0009,109.65,0
BottomS59630,8.5410,2.6063,3.034e-19,3.008e-19,2.064e-19,-0.0003,109.89,0
BottomS59631,8.5384,2.5951,2.547e-19,2.579e-19,1.846e-19,0.0004,109.78,0
BottomS59632,8.4755,2.5900,2.346e-19,2.370e-19,1.782e-19,-0.0003,110.69,0
BottomS59637,8.5247,2.6113,1.408e-18,1.204e-18,6.153e-19,0.0004,110.28,0
BottomS59645,8.5330,2.6298,4.263e-14,3.006e-14,1.089e-14,0.0001,110.08,0
BottomS59646,8.5525,2.6050,2.082e-20,2.686e-20,3.386e-20,-0.0004,109.4,0
BottomS59653,8.5167,2.6577,1.799e-18,3.984e-18,1.476e-17,-0.0002,110.24,1
BottomS59655,8.5335,2.5841,1.109e-19,1.165e-19,9.277e-20,-0.0002,109.81,0
BottomS59656,8.5753,2.5941,1.361e-20,1.707e-20,1.989e-20,0.0003,108.7,0
BottomS59659,8.5215,2.5743,3.438e-18,6.269e-18,1.517e-17,-0.0006,109.82,0
BottomS59668,8.5164,2.5936,3.889e-18,3.235e-18,1.574e-18,-0.0001,110.4,0
BottomS59671,8.4454,2.5723,2.624e-19,2.597e-19,1.879e-19,-0.0006,110.73,0
BottomS59672,8.5071,2.5750,6.938e-19,6.151e-19,3.419e-19,0.0003,110.38,0
BottomS59677,8.5155,2.5741,2.257e-19,2.271e-19,1.655e-19,0.0,110.12,0
BottomS59683,8.5390,2.6048,4.841e-19,8.211e-19,1.761e-18,-0.001,109.92,0
BottomS59689,8.4719,2.6859,3.586e-19,3.444e-19,2.268e-19,-0.0002,110.89,0
BottomS59699,8.5346,2.5803,1.084e-20,1.355e-20,1.576e-20,0.0003,109.69,0
BottomS59703,8.5166,2.6502,7.949e-19,7.175e-19,4.202e-19,0.0006,110.35,0
BottomS59704,8.5566,2.5976,1.379e-19,1.420e-19,1.080e-19,0.0001,109.03,0
BottomS59708,8.5426,2.5869,2.684e-14,1.880e-14,6.895e-15,0.0005,109.32,0
BottomS59709,8.5198,2.5996,1.799e-19,1.826e-19,1.336e-19,-0.0004,110.38,0
BottomS59713,8.5383,2.5951,3.400e-19,5.389e-19,9.904e-19,-0.0001,109.83,0
BottomS59716,8.5577,2.6042,7.089e-19,6.823e-19,4.529e-19,-0.0004,109.12,0
BottomS59718,8.5245,2.6174,1.261e-18,1.176e-18,7.230e-19,0.0009,110.44,0
BottomS59723,8.5340,2.5679,1.292e-19,1.358e-19,1.088e-19,-0.0004,109.67,0
BottomS59724,8.5261,2.6121,2.908e-20,3.417e-20,3.548e-20,-0.0004,110.59,0
BottomS59725,8.5585,2.6156,3.511e-20,4.147e-20,4.162e-20,0.0002,109.14,0
BottomS59728,8.5288,2.5953,1.229e-20,1.676e-20,2.248e-20,0.0007,110.26,0
BottomS59729,8.5492,2.5764,1.660e-14,1.122e-14,3.693e-15,0.0004,109.07,0
BottomS59730,8.5597,2.5942,4.040e-14,2.984e-14,1.228e-14,0.0002,109.09,0
BottomS59738,8.5462,2.5976,9.050e-19,1.850e-18,5.712e-18,-0.0003,109.16,0
BottomS59739,8.5458,2.5680,1.297e-18,1.163e-18,6.818e-19,-0.0,109.31,0
BottomS59741,8.5611,2.5841,1.059e-20,1.368e-20,1.613e-20,-0.0003,108.96,0
BottomS59742,8.5595,2.5934,1.040e-18,8.951e-19,4.927e-19,0.0003,108.72,0
BottomS59747,8.5399,2.5760,1.726e-19,1.759e-19,1.320e-19,0.0002,109.2,0
BottomS59750,8.5115,2.5777,5.910e-20,6.460e-20,5.729e-20,0.0013,110.51,0
BottomS59751,8.5213,2.6148,2.893e-18,2.412e-18,1.171e-18,-0.0003,110.63,0
BottomS59753,8.5644,2.5862,8.683e-19,1.476e-18,3.335e-18,-0.0002,108.94,0
BottomS59754,8.5534,2.5953,1.616e-17,1.204e-17,4.943e-18,-0.0005,109.01,0
BottomS59756,8.5609,2.6140,3.791e-19,7.781e-19,2.438e-18,-0.0004,109.13,0
BottomS59757,8.5745,2.5863,2.792e-14,1.931e-14,6.744e-15,0.0004,108.94,0
BottomS59758,8.5454,2.5827,1.622e-17,1.188e-17,4.536e-18,0.0002,109.25,0
BottomS59762,8.5466,2.6095,2.096e-19,2.272e-19,1.948e-19,-0.0007,109.6,0
BottomS59763,8.5240,2.6015,3.895e-14,2.721e-14,9.679e-15,0.0001,110.54,0
BottomS59764,8.5162,2.5999,3.559e-20,4.110e-20,3.991e-20,-0.0003,110.64,0
BottomS59767,8.5564,2.5579,1.754e-18,3.379e-18,9.673e-18,0.0,109.37,0
BottomS59768,8.5676,2.6025,2.236e-19,2.407e-19,2.056e-19,0.0003,108.87,0
BottomS59769,8.5213,2.5649,1.065e-20,1.378e-20,1.744e-20,0.0004,109.85,0
BottomS59770,8.5491,2.5842,8.319e-19,1.722e-18,5.761e-18,0.0009,109.16,0
BottomS59771,8.5535,2.5927,8.677e-19,7.920e-19,4.603e-19,-0.0004,108.95,0
BottomS59773,8.5657,2.6082,2.382e-14,2.490e-14,1.953e-14,-0.0001,109.19,1
BottomS59774,8.5433,2.5788,1.222e-18,1.049e-18,5.558e-19,-0.0005,109.33,0
BottomS59775,8.5527,2.5908,2.117e-14,1.997e-14,1.248e-14,0.0007,108.97,1
BottomS59776,8.5193,2.6015,3.678e-20,4.334e-20,4.306e-20,-0.0005,110.5,0
BottomS59777,8.5238,2.6206,3.434e-18,2.785e-18,1.320e-18,-0.0001,110.41,0
BottomS59778,8.5228,2.5932,2.651e-19,2.563e-19,1.703e-19,-0.0011,110.3,0
BottomS59780,8.5363,2.5845,7.570e-20,8.210e-20,7.044e-20,0.0005,109.62,0
BottomS59781,8.5414,2.5871,3.004e-19,2.822e-19,1.842e-19,-0.0006,109.42,0
BottomS59782,8.5451,2.6159,8.592e-20,9.328e-20,8.012e-20,-0.0001,109.66,0
BottomS59783,8.5707,2.5864,3.575e-15,2.365e-15,7.624e-16,-0.0001,108.7,0
BottomS59789,8.5507,2.5849,1.458e-19,1.494e-19,1.154e-19,-0.0001,109.06,0
BottomS59792,8.5749,2.5495,1.135e-18,9.797e-19,5.348e-19,0.0003,108.77,0
BottomS59795,8.5135,2.6050,1.033e-19,1.111e-19,9.183e-20,-0.0002,110.52,0
BottomS59796,8.5343,2.6041,3.699e-19,3.519e-19,2.320e-19,0.0003,109.95,0
BottomS59798,8.5134,2.5854,1.422e-19,1.450e-19,1.110e-19,-0.0008,110.4,0
BottomS59799,8.5398,2.6208,1.240e-19,1.372e-19,1.200e-19,-0.0009,109.95,0
BottomS59800,8.5377,2.6310,7.364e-18,5.809e-18,2.659e-18,-0.0004,110.01,0
BottomS59801,8.5625,2.6126,2.362e-18,2.075e-18,1.109e-18,0.0003,109.23,0
BottomS59802,8.5396,2.5716,1.486e-20,1.961e-20,2.403e-20,0.0009,109.52,0
BottomS59804,8.5393,2.5973,2.490e-14,1.876e-14,7.448e-15,0.0,109.64,0
BottomS59805,8.5460,2.5849,1.257e-16,8.443e-17,2.767e-17,0.0006,109.31,0
BottomS59809,8.5392,2.6155,2.633e-18,3.859e-18,5.972e-18,0.0005,110.1,0
BottomS59810,8.5364,2.6019,4.007e-18,9.043e-18,3.505e-17,0.0004,110.05,1
BottomS59812,8.5316,2.5796,3.012e-19,3.139e-19,2.373e-19,0.0008,109.81,0
BottomS59814,8.5373,2.6039,3.769e-19,5.774e-19,1.042e-18,0.0006,109.77,0
BottomS59817,8.5531,2.5886,5.987e-18,5.038e-18,2.614e-18,-0.0,108.98,0
BottomS59818,8.5371,2.5886,4.062e-19,3.799e-19,2.421e-19,-0.0009,109.68,0
BottomS59819,8.5136,2.5653,8.322e-19,7.727e-19,4.682e-19,-0.0014,110.17,0
BottomS59821,8.5340,2.6062,2.663e-18,2.341e-18,1.290e-18,-0.0003,110.49,0
BottomS59822,8.5333,2.5898,8.937e-20,9.813e-20,8.604e-20,0.0,109.84,0
BottomS59824,8.5399,2.5939,3.515e-18,3.074e-18,1.639e-18,0.0002,109.58,0
BottomS59827,8.5473,2.6207,2.378e-18,2.057e-18,1.123e-18,0.0005,109.77,0
BottomS59828,8.5405,2.5633,2.124e-18,5.114e-18,2.205e-17,0.0001,109.45,1
BottomS59830,8.5536,2.5826,1.083e-18,1.716e-18,3.145e-18,0.0005,108.84,0
BottomS59832,8.5351,2.6083,1.438e-19,1.441e-19,1.041e-19,0.0002,110.11,0
BottomS59834,8.5339,2.5958,1.430e-20,1.799e-20,2.067e-20,-0.0008,110.16,0
BottomS59836,8.5197,2.5771,1.855e-19,1.937e-19,1.563e-19,0.0001,110.13,0
BottomS59838,8.5607,2.6108,3.718e-20,4.197e-20,4.058e-20,-0.0009,109.19,0
BottomS59839,8.5293,2.6277,1.953e-18,2.717e-18,3.899e-18,-0.0004,110.04,0
BottomS59842,8.5437,2.6228,7.125e-19,6.640e-19,4.166e-19,0.0004,109.98,0
BottomS59843,8.5256,2.6039,4.745e-20,5.421e-20,5.173e-20,0.0001,110.36,0
BottomS59845,8.5425,2.6142,9.717e-18,7.684e-18,3.443e-18,0.0002,109.75,1
BottomS59849,8.5402,2.6324,8.227e-19,7.762e-19,4.856e-19,-0.0002,110.14,0
BottomS59850,8.5447,2.5863,3.393e-18,2.788e-18,1.369e-18,0.0001,109.03,0
BottomS59852,8.5547,2.6013,5.855e-19,9.949e-19,2.142e-18,-0.0005,109.06,0
BottomS59853,8.5017,2.5766,2.253e-19,2.267e-19,1.658e-19,0.0004,110.27,0
BottomS59855,8.5264,2.5792,2.821e-19,2.894e-19,2.124e-19,-0.0005,109.98,0
BottomS59856,8.5460,2.6048,4.101e-18,3.426e-18,1.683e-18,-0.0001,109.58,0
BottomS59857,8.5405,2.6148,1.195e-18,1.026e-18,5.343e-19,-0.0002,109.96,0
BottomS59858,8.5417,2.6137,3.209e-19,3.141e-19,2.114e-19,0.0006,109.84,0
BottomS59860,8.5431,2.6158,8.474e-19,7.617e-19,4.436e-19,0.0003,109.72,0
BottomS59861,8.5402,2.5771,2.540e-19,2.489e-19,1.755e-19,0.0009,109.56,1
BottomS59863,8.5398,2.5773,7.912e-18,6.236e-18,2.789e-18,-0.0008,109.63,1
BottomS59865,8.5358,2.5812,1.626e-20,1.946e-20,1.964e-20,-0.0001,109.67,0
BottomS59867,8.5385,2.5720,3.635e-19,5.715e-19,1.056e-18,0.0004,109.46,0
BottomS59872,8.5351,2.5706,6.125e-19,6.176e-19,4.432e-19,-0.0004,109.51,0
BottomS59873,8.5336,2.5852,2.320e-19,2.227e-19,1.497e-19,0.0005,109.79,0
BottomS59874,8.5358,2.6179,2.612e-20,3.063e-20,3.124e-20,0.0002,110.11,0
BottomS59875,8.5377,2.6108,1.931e-18,3.357e-18,7.666e-18,-0.0002,110.02,0
BottomS59877,8.5426,2.6193,6.521e-19,6.349e-19,4.335e-19,0.0002,109.91,0
BottomS59878,8.5398,2.6100,1.870e-18,1.636e-18,9.071e-19,-0.0003,109.93,0
BottomS59881,8.5417,2.6193,1.012e-18,8.846e-19,4.930e-19,-0.0014,110.0,0
BottomS59882,8.5264,2.5718,2.572e-18,4.287e-18,8.785e-18,0.0004,109.91,0
BottomS59883,8.5293,2.5810,1.600e-18,1.437e-18,8.320e-19,0.0008,109.91,0
BottomS59885,8.5461,2.6137,3.531e-18,2.832e-18,1.333e-18,0.0007,109.56,0
BottomS59886,8.5453,2.6140,1.442e-20,1.886e-20,2.331e-20,-0.0001,109.58,0
BottomS59887,8.5400,2.5809,1.157e-19,1.205e-19,9.309e-20,-0.0001,109.49,0
BottomS59888,8.5494,2.6160,7.397e-19,6.600e-19,3.981e-19,0.0002,109.45,0
BottomS59889,8.5359,2.5739,1.160e-17,8.835e-18,3.721e-18,0.0007,109.68,1
BottomS59890,8.5426,2.6101,2.865e-20,3.420e-20,3.558e-20,0.0008,109.9,0
BottomS59892,8.5465,2.6141,1.942e-19,2.051e-19,1.651e-19,0.0001,109.65,0
BottomS59897,8.5447,2.6152,3.259e-20,3.580e-20,3.163e-20,-0.0,109.67,0
BottomS59898,8.5398,2.5780,3.066e-19,5.165e-19,1.105e-18,0.0007,109.44,0
BottomS59900,8.5375,2.5779,7.674e-20,8.770e-20,8.276e-20,0.0009,109.56,0
BottomS59901,8.5479,2.6216,7.278e-20,8.059e-20,7.238e-20,0.0002,109.86,0
BottomS59902,8.5446,2.6068,2.905e-18,7.192e-18,3.517e-17,0.0004,109.65,1
BottomS59903,8.5408,2.6123,1.572e-18,1.395e-18,7.813e-19,0.0009,109.89,0
BottomS59904,8.5354,2.5671,5.423e-20,6.258e-20,6.071e-20,0.0012,109.48,0
BottomS59907,8.5366,2.5814,5.199e-20,6.128e-20,6.259e-20,-0.0001,109.68,0
BottomS59908,8.5492,2.6056,4.163e-19,4.132e-19,3.037e-19,0.0003,109.38,0
BottomS59910,8.5408,2.6140,3.552e-20,4.439e-20,5.027e-20,0.0004,109.88,0
BottomS59911,8.5455,2.6193,6.928e-19,6.242e-19,3.518e-19,-0.0004,109.65,0
BottomS59913,8.5323,2.5682,1.124e-18,2.325e-18,7.836e-18,-0.0008,109.63,0
BottomS59917,8.5435,2.5998,4.373e-14,3.115e-14,1.173e-14,-0.0,109.55,0
BottomS59918,8.5455,2.6137,1.115e-17,8.706e-18,3.769e-18,0.0009,109.68,1
BottomS59919,8.5228,2.5678,3.927e-19,7.879e-19,2.401e-18,-0.0005,109.96,0
BottomS59920,8.5424,2.6176,4.037e-20,4.657e-20,4.451e-20,-0.0001,109.85,0
BottomS59922,8.5436,2.5802,1.108e-19,1.244e-19,1.141e-19,0.001,109.33,0
BottomS59923,8.5355,2.5811,5.852e-18,4.999e-18,2.587e-18,0.0,109.66,0
BottomS59924,8.5313,2.5724,1.567e-19,1.619e-19,1.210e-19,-0.0001,109.67,0
BottomS59925,8.5315,2.5801,4.662e-19,4.349e-19,2.672e-19,-0.0008,109.75,0
BottomS59927,8.5406,2.5657,2.745e-20,3.300e-20,3.444e-20,0.0001,109.28,0
BottomS59933,8.5488,2.6222,5.402e-18,1.460e-17,8.572e-17,0.0003,109.89,1
BottomS59934,8.5393,2.6187,2.810e-20,3.602e-20,4.129e-20,0.0004,109.91,0
BottomS59937,8.5493,2.6223,1.074e-20,1.408e-20,1.736e-20,0.0001,109.67,0
BottomS59941,8.5433,2.6248,4.292e-19,4.215e-19,2.927e-19,-0.0005,109.98,0
BottomS59943,8.5302,2.5743,2.252e-14,1.565e-14,5.413e-15,-0.0001,109.75,0
BottomS59945,8.5333,2.5786,2.939e-20,3.583e-20,3.795e-20,-0.0003,109.79,0
BottomS59947,8.5472,2.6256,4.389e-19,1.025e-18,4.331e-18,-0.0,109.82,0
BottomS59948,8.5448,2.6144,1.042e-20,1.346e-20,1.642e-20,0.0009,109.74,0
BottomS59949,8.5414,2.6243,8.278e-19,1.266e-18,2.209e-18,0.0003,109.94,0
BottomS59952,8.5429,2.6199,1.138e-14,7.698e-15,2.517e-15,0.0002,109.97,0
BottomS59953,8.5331,2.5683,1.839e-20,2.286e-20,2.616e-20,0.0004,109.37,0
BottomS59955,8.5430,2.6163,8.123e-19,1.256e-18,2.299e-18,0.0001,109.89,0
BottomS59956,8.5486,2.6327,2.093e-18,4.193e-18,1.252e-17,0.0003,109.76,0
BottomS59957,8.5456,2.6356,1.629e-19,1.638e-19,1.220e-19,0.0003,110.1,0
BottomS59958,8.5302,2.5684,2.279e-18,1.944e-18,1.065e-18,-0.0003,109.8,0
BottomS59965,8.5414,2.6221,1.890e-19,1.918e-19,1.431e-19,0.0002,109.87,0
BottomS59966,8.5482,2.6264,3.864e-14,3.688e-14,2.389e-14,-0.0004,109.72,1
BottomS59967,8.5462,2.6232,3.094e-19,2.894e-19,1.788e-19,-0.0005,109.89,0
BottomS59971,8.5451,2.6224,1.109e-20,1.371e-20,1.552e-20,-0.0006,109.78,0
BottomS59973,8.5307,2.5649,5.061e-20,5.735e-20,5.477e-20,0.0009,109.68,0
BottomS59975,8.5313,2.5652,1.094e-19,1.224e-19,1.074e-19,0.0001,109.73,0
BottomS59976,8.5339,2.5727,1.166e-18,1.605e-18,2.312e-18,0.0003,109.61,0
BottomS59978,8.5320,2.5673,2.828e-19,2.801e-19,1.938e-19,-0.0008,109.73,0
BottomS59979,8.5388,2.6214,2.657e-18,2.371e-18,1.322e-18,0.0002,110.03,0
BottomS59980,8.5437,2.6320,2.607e-18,2.142e-18,1.049e-18,0.0001,110.03,0
BottomS59982,8.5441,2.6175,6.681e-18,1.796e-17,9.745e-17,0.0004,109.69,1
BottomS59985,8.5315,2.5663,5.590e-19,1.123e-18,3.391e-18,0.0005,109.52,0
BottomS59987,8.5478,2.6248,2.180e-18,1.828e-18,9.006e-19,-0.0005,109.74,0
BottomS59988,8.5460,2.6286,1.158e-17,9.122e-18,4.151e-18,-0.0009,109.78,1
BottomS59989,8.5470,2.6254,2.041e-19,1.976e-19,1.288e-19,0.0001,109.84,0
BottomS59990,8.5470,2.6216,2.759e-14,1.942e-14,6.967e-15,0.0005,109.62,0
BottomS59991,8.5313,2.5598,5.218e-20,5.565e-20,4.712e-20,0.0002,109.67,0
BottomS59993,8.5342,2.5668,4.279e-20,4.762e-20,4.157e-20,-0.0005,109.52,0
BottomS59996,8.5478,2.6232,9.953e-20,1.023e-19,7.968e-20,0.0002,109.95,0
BottomS59999,8.5474,2.6248,1.418e-18,1.276e-18,7.253e-19,-0.0008,109.75,0
BottomS60002,8.5535,2.6287,7.467e-18,5.994e-18,2.844e-18,0.0001,109.68,0
BottomS60003,8.5470,2.6354,6.191e-20,6.978e-20,6.440e-20,-0.0004,109.8,0
BottomS60004,8.5345,2.5688,1.005e-19,1.066e-19,8.528e-20,-0.0001,109.53,0
BottomS60005,8.5542,2.6428,5.964e-19,5.420e-19,3.139e-19,0.0001,109.73,0
BottomS60009,8.5311,2.5610,3.341e-17,2.489e-17,9.902e-18,0.0008,109.63,0
BottomS60010,8.5445,2.6355,2.986e-20,3.603e-20,3.754e-20,0.0011,109.91,0
BottomS60013,8.5531,2.6348,2.489e-18,3.951e-18,7.509e-18,-0.0004,109.64,0
BottomS60019,8.5333,2.5593,3.185e-20,3.716e-20,3.856e-20,-0.0003,109.45,0
BottomS60022,8.5457,2.6241,1.359e-18,1.178e-18,6.511e-19,-0.0005,109.9,0
BottomS60026,8.5453,2.6292,6.974e-20,7.780e-20,7.065e-20,0.0001,109.83,0
BottomS60027,8.5454,2.6345,4.416e-18,3.226e-18,1.276e-18,-0.0002,109.79,0
BottomS60028,8.5263,2.5593,2.029e-18,4.051e-18,1.264e-17,-0.0004,109.84,0
BottomS60029,8.5527,2.6354,1.187e-18,1.770e-18,2.875e-18,-0.0002,109.67,0
BottomS60035,8.5242,2.5581,6.969e-20,7.484e-20,6.381e-20,0.0,109.9,0
BottomS60036,8.5485,2.6265,3.296e-18,2.747e-18,1.417e-18,-0.0005,109.76,0
BottomS60038,8.5301,2.5562,1.841e-18,3.765e-18,1.214e-17,0.0003,109.77,0
BottomS60045,8.5347,2.5566,5.371e-14,3.866e-14,1.440e-14,0.0,109.47,0
BottomS60047,8.5453,2.6359,5.372e-18,4.217e-18,1.861e-18,0.0004,109.58,0
BottomS60048,8.5506,2.6424,2.337e-20,2.771e-20,2.866e-20,0.0002,109.74,0
BottomS60049,8.5326,2.5549,3.758e-14,3.150e-14,1.619e-14,-0.0002,109.57,1
BottomS60050,8.5351,2.5546,2.530e-18,4.041e-18,7.771e-18,-0.0,109.54,0
BottomS60054,8.5463,2.6432,3.281e-14,2.278e-14,8.036e-15,0.0,109.86,0
BottomS60056,8.5433,2.6400,1.839e-20,2.286e-20,2.605e-20,0.0001,109.99,0
BottomS60057,8.5306,2.5504,2.146e-19,2.422e-19,2.190e-19,-0.0007,109.46,0
BottomS60059,8.5314,2.5509,2.621e-20,3.168e-20,3.477e-20,-0.0006,109.48,0
BottomS60060,8.5299,2.5476,2.990e-18,2.506e-18,1.237e-18,-0.0006,109.66,0
BottomS60061,8.5513,2.6372,1.757e-18,3.150e-18,7.603e-18,0.0002,109.79,0
BottomS60065,8.5432,2.6392,3.071e-18,5.131e-18,1.058e-17,-0.0002,109.92,0
BottomS60066,8.5358,2.5445,3.896e-14,2.742e-14,9.494e-15,-0.0,109.48,0
BottomS60068,8.5256,2.5460,1.589e-20,1.918e-20,1.972e-20,-0.0003,109.96,0
BottomS60069,8.5334,2.5537,3.118e-19,3.089e-19,2.266e-19,-0.0001,109.59,0
BottomS60070,8.5349,2.5371,7.289e-17,5.245e-17,1.974e-17,-0.0003,109.39,0
BottomS60072,8.5246,2.5450,1.163e-20,1.535e-20,1.926e-20,-0.0001,109.56,0
BottomS60076,8.5563,2.6520,1.786e-18,1.534e-18,7.901e-19,0.0,109.82,0
BottomS60078,8.5347,2.5470,5.681e-18,4.574e-18,2.196e-18,0.0001,109.37,0
BottomS60081,8.5458,2.6439,3.039e-18,2.560e-18,1.289e-18,0.0005,109.81,0
BottomS60083,8.5511,2.6487,1.219e-17,9.383e-18,3.998e-18,-0.0,109.78,1
BottomS60086,8.5476,2.6524,9.112e-20,1.020e-19,9.125e-20,-0.0001,109.78,0
BottomS60088,8.5276,2.5449,4.775e-19,4.322e-19,2.548e-19,0.0008,109.38,0
BottomS60090,8.5295,2.5374,2.599e-19,2.490e-19,1.641e-19,0.0003,109.55,0
BottomS60092,8.5540,2.6483,2.000e-20,2.456e-20,2.618e-20,-0.0001,109.76,0
BottomS60095,8.5244,2.5355,5.224e-18,4.432e-18,2.296e-18,-0.0004,109.57,0
BottomS60096,8.5232,2.5388,9.230e-17,6.357e-17,2.205e-17,0.0005,109.69,0
BottomS60097,8.5534,2.6483,8.909e-19,7.983e-19,4.561e-19,-0.0003,109.75,0
BottomS60099,8.5511,2.6454,9.261e-18,7.020e-18,2.889e-18,0.0005,109.73,1
BottomS60100,8.5497,2.6456,3.581e-18,2.936e-18,1.424e-18,-0.0001,109.87,0
BottomS60101,8.5275,2.5396,1.195e-20,1.561e-20,1.917e-20,0.0003,109.61,0
BottomS60102,8.5496,2.6510,2.557e-18,2.222e-18,1.155e-18,0.0006,109.79,0
BottomS60103,8.5301,2.5419,3.608e-18,2.871e-18,1.362e-18,0.001,109.49,0
BottomS60104,8.5464,2.6490,1.880e-18,3.116e-18,6.152e-18,-0.0006,109.88,0
BottomS60105,8.5322,2.5380,7.392e-17,5.221e-17,1.886e-17,-0.0003,109.42,0
BottomS60106,8.5340,2.5433,2.212e-16,1.528e-16,5.218e-17,-0.0007,109.3,0
BottomS60107,8.5352,2.5388,5.498e-14,4.223e-14,1.805e-14,0.0004,109.37,1
BottomS60108,8.5349,2.5372,2.610e-17,1.828e-17,6.698e-18,0.0004,109.46,0
BottomS60109,8.5407,2.6528,3.566e-18,2.966e-18,1.470e-18,0.001,109.88,0
BottomS60110,8.5408,2.6525,1.444e-17,1.102e-17,4.570e-18,-0.0,109.81,1
BottomS60111,8.5408,2.6533,1.265e-18,2.580e-18,8.153e-18,-0.0006,109.91,0
BottomS60112,8.5409,2.5356,1.359e-16,9.259e-17,3.089e-17,0.0008,109.3,0
BottomS60113,8.5419,2.5395,1.954e-18,1.631e-18,8.397e-19,0.0001,109.48,0
BottomS60114,8.5431,2.5410,7.119e-19,6.346e-19,3.602e-19,-0.0003,109.25,0
BottomS60115,8.5360,2.6548,7.652e-18,5.834e-18,2.529e-18,0.0003,110.03,0
BottomS60116,8.5333,2.6541,8.083e-18,6.135e-18,2.520e-18,0.0001,110.23,1
BottomS60117,8.5330,2.6563,7.175e-19,6.926e-19,4.756e-19,-0.0003,109.95,0
BottomS60118,8.5331,2.6590,6.512e-19,6.226e-19,3.933e-19,-0.0001,110.21,0
BottomS60119,8.5495,2.5381,5.117e-20,5.795e-20,5.451e-20,0.0007,109.12,0
BottomS60120,8.5294,2.6560,6.368e-19,1.222e-18,3.394e-18,-0.0009,109.95,0
BottomS60121,8.5489,2.5305,1.615e-19,1.725e-19,1.386e-19,-0.0,109.41,0
BottomS60122,8.5270,2.6580,2.777e-16,1.829e-16,5.883e-17,0.0002,110.25,0
BottomS60123,8.5530,2.5341,1.086e-17,8.420e-18,3.721e-18,0.0004,109.32,1
BottomS60124,8.5550,2.5324,3.488e-16,2.438e-16,8.657e-17,0.0001,109.27,0
BottomS60125,8.5215,2.6556,1.222e-18,1.831e-18,2.953e-18,0.0002,110.16,0
BottomS60126,8.5192,2.6535,2.278e-18,1.964e-18,1.062e-18,-0.0001,110.07,0
BottomS60127,8.5226,2.6578,1.456e-14,1.783e-14,1.986e-14,0.0001,110.11,0
BottomS60128,8.5174,2.6588,2.383e-16,1.545e-16,4.825e-17,-0.0002,110.29,0
BottomS60129,8.5609,2.5348,3.422e-14,3.379e-14,2.430e-14,-0.0004,108.98,1
BottomS60130,8.5144,2.6526,5.501e-18,4.220e-18,1.884e-18,0.0003,110.3,1
BottomS60131,8.5103,2.6542,3.369e-17,2.513e-17,1.041e-17,-0.0004,110.36,0
BottomS60132,8.5107,2.6528,6.082e-18,4.784e-18,2.161e-18,0.0002,110.3,0
BottomS60133,8.5078,2.6527,3.654e-17,2.688e-17,1.061e-17,-0.0006,110.56,0
BottomS60134,8.5677,2.5367,1.343e-20,1.727e-20,2.149e-20,0.0004,108.97,0
BottomS60135,8.5708,2.5390,1.318e-19,1.322e-19,9.745e-20,0.0005,108.93,0
BottomS60136,8.5038,2.6574,1.966e-18,1.602e-18,7.701e-19,0.0,110.51,0
BottomS60137,8.5733,2.5429,1.107e-14,1.446e-14,1.799e-14,0.0007,108.96,0
BottomS60138,8.5765,2.5392,4.486e-17,3.326e-17,1.283e-17,0.0005,109.11,0
BottomS60139,8.5816,2.5370,1.919e-17,1.496e-17,6.421e-18,0.0009,108.97,1
BottomS60140,8.5821,2.5364,3.634e-18,2.934e-18,1.355e-18,-0.0003,108.88,0
BottomS60142,8.4908,2.6517,1.273e-17,9.251e-18,3.426e-18,-0.0005,110.74,0
BottomS60143,8.4926,2.6528,6.434e-17,4.532e-17,1.689e-17,0.0001,110.48,0
BottomS60144,8.4903,2.6513,3.877e-20,4.437e-20,4.141e-20,0.0002,110.63,0
BottomS60146,8.4855,2.6496,4.852e-17,3.345e-17,1.177e-17,-0.0003,110.63,0
BottomS60147,8.5911,2.5445,4.391e-18,6.215e-18,9.168e-18,-0.0001,108.93,0
BottomS60148,8.5929,2.5453,2.460e-17,1.806e-17,7.222e-18,0.0005,108.68,0
BottomS60149,8.4857,2.6462,1.402e-18,2.683e-18,7.469e-18,-0.0002,110.63,0
BottomS60150,8.4803,2.6431,3.449e-14,3.403e-14,2.368e-14,-0.0001,111.04,1
BottomS60151,8.5991,2.5471,4.612e-19,4.611e-19,3.259e-19,-0.0001,108.54,0
BottomS60152,8.4807,2.6405,1.304e-19,1.436e-19,1.239e-19,0.0003,110.57,0
BottomS60153,8.5977,2.5486,5.861e-18,5.002e-18,2.571e-18,-0.0006,108.59,0
BottomS60154,8.4777,2.6396,7.587e-19,7.154e-19,4.665e-19,-0.0002,110.45,0
BottomS60155,8.4734,2.6387,1.214e-16,8.504e-17,3.017e-17,-0.0001,110.77,0
BottomS60156,8.4721,2.6392,3.533e-16,2.433e-16,8.303e-17,0.0003,110.73,0
BottomS60157,8.5986,2.5542,1.044e-18,1.702e-18,3.499e-18,0.0004,108.76,0
BottomS60158,8.6111,2.5531,3.243e-18,2.780e-18,1.478e-18,-0.0006,108.63,0
BottomS60159,8.6070,2.5586,7.751e-17,5.400e-17,1.873e-17,0.0004,108.68,0
BottomS60160,8.6107,2.5592,3.745e-17,2.725e-17,1.011e-17,0.0003,108.55,0
BottomS60161,8.6136,2.5595,1.690e-16,1.180e-16,4.222e-17,0.0003,108.53,0
BottomS60162,8.6116,2.5637,3.955e-18,3.116e-18,1.416e-18,-0.0008,108.77,0
BottomS60163,8.6182,2.5626,2.015e-17,1.586e-17,7.161e-18,0.0006,108.74,1
BottomS60164,8.6197,2.5649,5.510e-17,3.949e-17,1.463e-17,0.0006,108.43,0
BottomS60165,8.4636,2.6229,3.349e-18,2.734e-18,1.304e-18,-0.0007,110.84,0
BottomS60166,8.4633,2.6206,1.582e-16,1.106e-16,3.839e-17,0.0001,110.69,0
BottomS60167,8.6224,2.5727,1.741e-18,3.172e-18,8.001e-18,-0.0007,108.58,0
BottomS60168,8.6173,2.5747,4.342e-17,3.265e-17,1.340e-17,0.0,108.7,0
BottomS60169,8.6251,2.5767,2.195e-18,1.856e-18,9.921e-19,0.0003,108.53,0
BottomS60170,8.6235,2.5790,1.818e-14,1.244e-14,4.308e-15,0.0004,108.57,0
BottomS60171,8.6262,2.5815,7.329e-18,6.126e-18,3.096e-18,-0.0003,108.66,0
BottomS60172,8.4525,2.6083,6.225e-18,1.523e-17,7.188e-17,0.0002,110.82,1
BottomS60173,8.4579,2.6033,5.278e-18,4.053e-18,1.755e-18,-0.0002,110.66,0
BottomS60174,8.6197,2.5894,1.048e-17,7.761e-18,3.189e-18,-0.0004,108.79,0
BottomS60175,8.4474,2.6007,1.772e-18,1.522e-18,8.039e-19,-0.0011,110.6,0
BottomS60176,8.6255,2.5953,4.476e-19,7.698e-19,1.737e-18,-0.0003,108.37,0
BottomS60177,8.6291,2.5967,6.338e-17,4.495e-17,1.619e-17,0.0016,108.51,0
BottomS60178,8.4501,2.5916,1.786e-16,1.235e-16,4.189e-17,0.0008,110.78,0
BottomS60179,8.6344,2.6018,2.340e-18,2.042e-18,1.084e-18,-0.0,108.57,0
BottomS60180,8.4494,2.5867,1.331e-17,1.014e-17,4.117e-18,0.0003,110.6,1
BottomS60181,8.6311,2.6081,3.171e-19,4.525e-19,6.747e-19,-0.0006,108.81,0
BottomS60182,8.4501,2.5784,5.253e-18,4.373e-18,2.274e-18,-0.0004,110.71,0
BottomS60183,8.6218,2.6180,1.508e-18,1.356e-18,8.112e-19,0.0005,108.79,0
BottomS60184,8.4500,2.5737,2.167e-16,1.438e-16,4.695e-17,-0.0002,110.8,0
BottomS60185,8.4511,2.5709,3.459e-18,2.848e-18,1.347e-18,-0.0002,110.7,0
BottomS60186,8.6206,2.6240,9.739e-17,6.788e-17,2.453e-17,0.0003,109.12,0
BottomS60187,8.4545,2.5655,1.318e-18,2.332e-18,5.409e-18,-0.0007,110.46,0
BottomS60189,8.6194,2.6346,2.595e-19,2.683e-19,2.070e-19,-0.0007,109.02,0
BottomS60190,8.6219,2.6344,2.986e-17,2.138e-17,7.767e-18,0.0001,108.82,0
BottomS60191,8.6214,2.6416,6.368e-17,4.486e-17,1.594e-17,0.0001,108.97,0
BottomS60192,8.4592,2.5494,1.480e-17,1.109e-17,4.659e-18,0.0004,110.27,1
BottomS60193,8.4628,2.5474,1.285e-19,1.374e-19,1.159e-19,-0.0004,110.44,0
BottomS60194,8.4677,2.5403,7.110e-19,1.253e-18,2.996e-18,0.0009,110.42,0
BottomS60195,8.6106,2.6521,1.705e-16,1.184e-16,3.987e-17,0.0007,109.19,0
BottomS60196,8.6066,2.6522,2.173e-17,1.609e-17,6.266e-18,-0.0001,109.04,0
BottomS60197,8.6061,2.6578,3.547e-17,2.628e-17,1.019e-17,0.001,109.27,0
BottomS60198,8.6012,2.6575,2.932e-18,2.461e-18,1.266e-18,0.0002,109.39,0
BottomS60199,8.5982,2.6630,6.152e-16,4.195e-16,1.392e-16,-0.0003,109.27,0
BottomS60200,8.5940,2.6637,3.389e-17,2.502e-17,9.761e-18,0.0,109.38,0
BottomS60201,8.5937,2.6746,5.479e-17,3.853e-17,1.395e-17,0.0004,109.42,0
BottomS60202,8.4899,2.5212,5.003e-18,4.266e-18,2.142e-18,-0.0002,109.93,0
BottomS60203,8.5877,2.6775,1.644e-17,1.253e-17,5.266e-18,0.0001,109.56,1
BottomS60204,8.5828,2.6778,4.904e-14,3.691e-14,1.554e-14,0.0006,109.36,1
BottomS60205,8.5782,2.6822,1.805e-18,1.500e-18,7.712e-19,-0.0004,109.42,0
BottomS60206,8.5728,2.6825,1.855e-18,3.443e-18,9.182e-18,-0.0004,109.91,0
BottomS60207,8.5669,2.6802,3.057e-19,3.097e-19,2.333e-19,-0.0004,109.45,0
BottomS60208,8.5141,2.5113,2.381e-19,2.377e-19,1.676e-19,0.0004,109.62,0
BottomS60209,8.5594,2.6847,2.674e-17,1.980e-17,7.774e-18,0.0007,109.83,0
BottomS60210,8.5553,2.6872,6.655e-17,4.831e-17,1.827e-17,0.0006,109.64,0
BottomS60211,8.5271,2.4975,4.884e-14,3.722e-14,1.517e-14,0.0002,109.47,0
BottomS60212,8.5474,2.6933,1.927e-16,1.362e-16,4.923e-17,-0.0004,109.94,0
BottomS60213,8.5404,2.6876,1.051e-17,8.205e-18,3.480e-18,0.0004,110.09,1
BottomS60214,8.5436,2.5034,4.540e-17,3.303e-17,1.270e-17,0.0002,109.13,0
BottomS60215,8.5479,2.4928,3.967e-17,2.901e-17,1.112e-17,0.0001,109.26,0
BottomS60217,8.5594,2.5013,1.994e-17,1.544e-17,6.547e-18,0.0001,109.29,1
BottomS60218,8.5644,2.5009,3.368e-18,2.770e-18,1.352e-18,-0.0004,109.26,0
BottomS60219,8.5076,2.6922,4.666e-16,3.125e-16,1.013e-16,0.0007,110.39,0
BottomS60220,8.5037,2.6892,1.213e-17,9.150e-18,3.901e-18,-0.0004,110.31,1
BottomS60221,8.5817,2.5041,1.647e-16,1.103e-16,3.723e-17,-0.0001,108.92,0
BottomS60222,8.5811,2.5003,2.902e-20,3.490e-20,3.736e-20,0.0003,109.11,0
BottomS60223,8.5901,2.5053,1.622e-16,1.163e-16,4.195e-17,0.0001,108.88,0
BottomS60224,8.6011,2.5133,8.828e-18,6.871e-18,3.039e-18,0.0013,108.83,1
BottomS60225,8.4794,2.6791,2.035e-17,1.557e-17,6.747e-18,0.0008,110.52,1
BottomS60226,8.4703,2.6778,8.448e-17,5.920e-17,2.143e-17,-0.0005,110.75,0
BottomS60227,8.6095,2.5178,5.566e-18,4.486e-18,2.046e-18,0.0002,108.5,0
BottomS60228,8.4563,2.6702,1.594e-18,1.401e-18,7.716e-19,0.0001,110.74,0
BottomS60229,8.4525,2.6686,1.875e-17,1.412e-17,6.007e-18,-0.0002,110.69,1
BottomS60230,8.6315,2.5282,2.192e-18,1.900e-18,1.020e-18,-0.0003,108.54,0
BottomS60231,8.6375,2.5273,3.309e-17,2.441e-17,9.265e-18,0.0003,108.68,0
BottomS60232,8.4344,2.6575,8.670e-19,7.924e-19,4.884e-19,-0.0004,110.84,0
BottomS60234,8.6455,2.5472,1.394e-14,1.223e-14,6.745e-15,-0.0005,108.43,0
BottomS60235,8.4292,2.6398,1.449e-17,1.126e-17,4.813e-18,0.0012,111.02,1
BottomS60236,8.6561,2.5584,2.223e-19,4.345e-19,1.233e-18,0.0004,108.59,0
BottomS60237,8.4160,2.6287,1.495e-17,1.100e-17,4.366e-18,-0.001,110.86,0
BottomS60238,8.4139,2.6217,5.360e-18,4.074e-18,1.784e-18,-0.0001,111.02,0
BottomS60239,8.5426,2.6525,2.209e-19,2.227e-19,1.642e-19,-0.0001,110.12,0
BottomS60240,8.5427,2.6543,2.067e-17,1.522e-17,5.896e-18,-0.0007,109.95,0
BottomS60243,8.5419,2.6542,5.926e-18,4.835e-18,2.242e-18,-0.0001,109.91,0
BottomS60246,8.5402,2.5415,1.039e-17,8.071e-18,3.518e-18,-0.0003,109.4,1
BottomS60247,8.5377,2.6493,1.034e-17,8.372e-18,3.886e-18,-0.0005,110.24,0
BottomS60250,8.5434,2.5451,1.408e-19,1.447e-19,1.109e-19,0.0004,109.49,0
BottomS60251,8.5320,2.6478,2.514e-19,3.919e-19,7.064e-19,0.0004,110.11,0
BottomS60253,8.5321,2.6479,1.893e-18,1.767e-18,1.105e-18,-0.001,110.04,0
BottomS60254,8.5495,2.5446,6.153e-19,1.101e-18,2.665e-18,-0.0009,109.32,0
BottomS60255,8.5322,2.6553,1.052e-18,9.545e-19,5.816e-19,-0.0001,110.25,0
BottomS60256,8.5479,2.5410,1.016e-18,8.853e-19,4.838e-19,-0.0,109.37,0
BottomS60258,8.5518,2.5406,5.909e-20,6.757e-20,6.370e-20,-0.0005,109.2,0
BottomS60259,8.5275,2.6486,1.869e-18,1.614e-18,8.866e-19,-0.0,110.3,0
BottomS60260,8.5539,2.5371,7.322e-18,5.914e-18,2.705e-18,0.0001,109.09,0
BottomS60261,8.5285,2.6541,3.228e-19,6.304e-19,1.779e-18,-0.0007,110.17,0
BottomS60262,8.5265,2.6610,7.335e-19,1.289e-18,2.935e-18,-0.0003,110.33,0
BottomS60264,8.5557,2.5424,1.768e-18,2.660e-18,4.472e-18,-0.0003,109.25,0
BottomS60265,8.5608,2.5416,6.311e-18,5.178e-18,2.475e-18,0.0003,109.15,0
BottomS60267,8.5219,2.6566,2.113e-19,2.047e-19,1.379e-19,-0.0002,110.18,0
BottomS60268,8.5174,2.6554,4.633e-19,6.708e-19,1.058e-18,-0.0,110.21,0
BottomS60269,8.5151,2.6513,4.405e-20,5.126e-20,5.180e-20,-0.0002,110.46,0
BottomS60270,8.5602,2.5369,4.262e-19,8.453e-19,2.549e-18,0.0002,109.05,0
BottomS60271,8.5609,2.5347,2.076e-19,2.144e-19,1.607e-19,-0.001,109.19,0
BottomS60278,8.5060,2.6520,2.407e-18,2.116e-18,1.195e-18,-0.0004,110.58,0
BottomS60279,8.5716,2.5427,2.154e-20,2.766e-20,3.407e-20,-0.0002,108.98,0
BottomS60280,8.5652,2.5370,1.311e-17,9.995e-18,4.318e-18,0.0001,109.0,1
BottomS60282,8.5076,2.6525,4.246e-20,4.835e-20,4.418e-20,0.0006,110.69,0
BottomS60283,8.5048,2.6466,2.849e-19,2.842e-19,2.031e-19,0.0003,110.45,0
BottomS60284,8.5038,2.6466,1.071e-18,9.514e-19,5.334e-19,0.0004,110.73,0
BottomS60285,8.5768,2.5341,1.782e-19,1.794e-19,1.356e-19,-0.0002,108.77,0
BottomS60286,8.4966,2.6486,3.761e-17,2.810e-17,1.113e-17,0.0008,110.47,0
BottomS60288,8.4966,2.6572,1.322e-18,1.188e-18,7.059e-19,-0.0001,110.65,0
BottomS60289,8.4994,2.6480,4.723e-18,1.239e-17,6.652e-17,0.0006,110.6,1
BottomS60290,8.5845,2.5420,6.785e-18,5.572e-18,2.818e-18,0.0004,109.07,0
BottomS60293,8.5887,2.5436,3.910e-18,3.185e-18,1.498e-18,0.0002,108.66,0
BottomS60294,8.4899,2.6452,5.536e-19,1.206e-18,4.461e-18,0.0013,110.71,0
BottomS60295,8.4914,2.6464,7.882e-19,1.249e-18,2.287e-18,0.0002,110.54,0
BottomS60296,8.4891,2.6444,3.654e-19,3.640e-19,2.599e-19,0.0007,110.63,0
BottomS60299,8.4831,2.6465,4.622e-19,8.970e-19,2.567e-18,0.0008,110.61,0
BottomS60300,8.4881,2.6382,1.151e-17,8.901e-18,3.681e-18,0.0007,110.65,1
BottomS60302,8.5925,2.5447,2.361e-18,4.003e-18,8.803e-18,-0.0002,108.7,0
BottomS60305,8.6015,2.5458,4.569e-18,3.626e-18,1.644e-18,0.0002,108.7,1
BottomS60306,8.4761,2.6377,9.711e-19,8.344e-19,4.553e-19,0.0003,110.76,0
BottomS60307,8.4722,2.6428,1.607e-18,2.612e-18,5.040e-18,0.0002,110.76,0
BottomS60309,8.6019,2.5559,1.615e-16,1.144e-16,4.240e-17,-0.0002,108.88,0
BottomS60310,8.4623,2.6380,4.322e-14,4.049e-14,2.591e-14,0.0001,110.72,1
BottomS60311,8.4730,2.6360,5.966e-19,5.864e-19,4.185e-19,-0.0004,110.89,0
BottomS60312,8.5979,2.5589,3.775e-18,3.180e-18,1.605e-18,0.0012,108.75,0
BottomS60314,8.6150,2.5563,3.866e-18,4.932e-18,5.746e-18,0.0006,108.74,0
BottomS60317,8.6162,2.5610,6.853e-19,6.258e-19,3.739e-19,0.0005,108.63,0
BottomS60318,8.6168,2.5612,1.230e-18,2.318e-18,6.295e-18,0.0001,108.61,0
BottomS60319,8.4664,2.6269,4.357e-19,4.378e-19,3.187e-19,0.0001,110.87,0
BottomS60320,8.6212,2.5650,4.605e-20,5.487e-20,5.702e-20,0.001,108.65,0
BottomS60321,8.6183,2.5656,6.913e-17,5.007e-17,1.870e-17,-0.0009,108.74,0
BottomS60323,8.6152,2.5742,1.157e-19,1.217e-19,9.636e-20,-0.0001,108.52,0
BottomS60324,8.6281,2.5698,6.890e-19,1.310e-18,3.471e-18,0.0,108.69,0
BottomS60325,8.4667,2.6176,6.740e-19,5.803e-19,3.231e-19,0.0006,110.71,0
BottomS60327,8.6106,2.5792,7.918e-19,7.227e-19,4.296e-19,0.0002,108.76,0
BottomS60329,8.4580,2.6133,2.311e-18,1.940e-18,9.403e-19,-0.0001,110.82,0
BottomS60330,8.4647,2.6079,5.716e-20,6.330e-20,5.705e-20,0.0004,110.96,0
BottomS60333,8.4471,2.6068,3.939e-19,3.790e-19,2.405e-19,0.0007,110.64,0
BottomS60334,8.6187,2.5899,2.709e-18,2.255e-18,1.103e-18,0.0002,108.67,0
BottomS60335,8.6226,2.5889,1.479e-18,2.513e-18,5.577e-18,-0.0006,108.76,0
BottomS60338,8.4691,2.5958,1.449e-17,1.110e-17,4.585e-18,0.0001,110.57,1
BottomS60339,8.4488,2.5964,3.397e-17,2.572e-17,1.069e-17,0.0003,110.9,0
BottomS60340,8.6234,2.6014,1.291e-16,9.275e-17,3.403e-17,-0.0,108.87,0
BottomS60341,8.4495,2.5949,1.511e-18,1.332e-18,7.319e-19,0.001,110.77,0
BottomS60342,8.4563,2.5879,8.274e-18,6.416e-18,2.847e-18,-0.0002,110.64,1
BottomS60343,8.6221,2.5999,2.070e-19,2.089e-19,1.601e-19,0.0012,108.74,0
BottomS60344,8.6293,2.6039,1.185e-17,8.816e-18,3.570e-18,-0.0002,108.78,0
BottomS60345,8.6236,2.6118,8.453e-19,7.672e-19,4.605e-19,0.0005,108.95,0
BottomS60346,8.6152,2.6166,5.426e-20,6.417e-20,6.547e-20,-0.0003,108.79,0
BottomS60347,8.6161,2.6132,2.772e-18,2.310e-18,1.166e-18,0.0003,108.84,0
BottomS60348,8.6242,2.6170,3.369e-18,4.758e-18,6.963e-18,-0.0002,108.6,0
BottomS60349,8.6275,2.6126,1.955e-17,1.498e-17,6.298e-18,-0.0003,108.82,1
BottomS60350,8.4484,2.5706,1.391e-17,1.044e-17,4.088e-18,-0.0,110.64,0
BottomS60351,8.4587,2.5716,1.576e-17,1.223e-17,5.142e-18,-0.0003,110.51,1
BottomS60354,8.6176,2.6274,2.410e-17,1.891e-17,8.488e-18,0.0003,108.78,1
BottomS60356,8.4575,2.5546,1.573e-16,1.092e-16,3.726e-17,-0.0008,110.62,0
BottomS60357,8.4524,2.5581,3.290e-17,2.488e-17,1.036e-17,0.0005,110.46,0
BottomS60358,8.4591,2.5564,7.558e-19,1.455e-18,4.001e-18,0.0,110.6,0
BottomS60359,8.4741,2.5552,2.039e-17,1.521e-17,6.242e-18,0.0002,110.38,0
BottomS60360,8.6135,2.6377,1.616e-18,1.357e-18,6.878e-19,0.0005,109.11,0
BottomS60362,8.6099,2.6476,2.118e-19,2.185e-19,1.661e-19,0.0005,109.04,0
BottomS60363,8.6061,2.6564,5.624e-20,6.374e-20,5.972e-20,0.0005,109.19,0
BottomS60364,8.6191,2.6493,8.119e-17,5.551e-17,1.908e-17,0.0001,108.98,0
BottomS60365,8.6081,2.6514,4.760e-18,1.313e-17,7.685e-17,-0.0005,109.07,1
BottomS60367,8.6018,2.6591,1.048e-18,9.106e-19,5.010e-19,-0.0008,109.23,0
BottomS60368,8.5997,2.6592,3.065e-19,5.780e-19,1.553e-18,0.0005,109.3,0
BottomS60369,8.6034,2.6499,1.191e-16,8.144e-17,2.849e-17,0.0,109.22,0
BottomS60370,8.5978,2.6596,7.549e-18,6.075e-18,2.976e-18,-0.0008,109.3,0
BottomS60371,8.4769,2.5248,1.744e-17,1.341e-17,5.772e-18,-0.0002,109.97,1
BottomS60373,8.5919,2.6707,7.643e-19,1.377e-18,3.346e-18,-0.0011,109.52,0
BottomS60374,8.5934,2.6619,1.909e-19,1.849e-19,1.286e-19,0.0001,109.23,0
BottomS60375,8.5902,2.6647,2.400e-18,1.993e-18,1.013e-18,-0.0005,109.42,0
BottomS60376,8.4926,2.5139,3.545e-20,4.248e-20,4.504e-20,-0.0,109.88,0
BottomS60378,8.4973,2.5082,1.712e-19,1.808e-19,1.421e-19,0.0002,109.81,0
BottomS60379,8.5796,2.6801,2.701e-18,5.807e-18,2.072e-17,0.0004,109.5,1
BottomS60380,8.5707,2.6652,1.538e-18,1.285e-18,6.480e-19,0.0002,109.64,0
BottomS60381,8.5736,2.6931,1.190e-18,1.086e-18,6.460e-19,0.0002,109.47,0
BottomS60382,8.5671,2.6767,5.093e-19,1.081e-18,3.749e-18,-0.0006,109.45,0
BottomS60383,8.5635,2.6744,1.382e-18,2.152e-18,3.857e-18,0.0002,109.73,0
BottomS60384,8.5575,2.6669,4.248e-18,3.325e-18,1.437e-18,-0.0004,109.86,0
BottomS60385,8.5199,2.5023,8.372e-19,7.524e-19,4.332e-19,0.0004,109.58,0
BottomS60386,8.5568,2.6931,5.640e-18,4.636e-18,2.160e-18,-0.0003,109.8,0
BottomS60387,8.5288,2.5100,9.615e-18,7.910e-18,3.889e-18,0.0004,109.49,0
BottomS60388,8.5321,2.5021,8.082e-19,7.332e-19,4.466e-19,0.0005,109.39,0
BottomS60389,8.5391,2.5194,4.102e-19,4.107e-19,2.960e-19,-0.0003,109.37,0
BottomS60390,8.5396,2.5017,1.011e-18,1.806e-18,4.172e-18,0.0001,109.39,0
BottomS60391,8.5382,2.4901,9.366e-19,8.467e-19,5.090e-19,0.0007,109.28,0
BottomS60392,8.5432,2.5073,6.142e-17,4.247e-17,1.471e-17,0.0,109.39,0
BottomS60395,8.5168,2.6886,6.904e-19,1.134e-18,2.213e-18,0.0002,110.1,0
BottomS60396,8.5702,2.5074,2.070e-18,1.661e-18,7.943e-19,-0.0002,108.87,0
BottomS60399,8.5126,2.6964,4.164e-17,3.023e-17,1.135e-17,-0.0005,110.33,0
BottomS60401,8.4964,2.6838,1.383e-17,1.033e-17,4.112e-18,0.0006,110.46,0
BottomS60403,8.4938,2.6768,5.631e-17,4.119e-17,1.587e-17,0.0005,110.4,0
BottomS60405,8.4806,2.6849,1.865e-20,2.331e-20,2.631e-20,0.0002,110.51,0
BottomS60406,8.4674,2.6700,2.226e-18,1.851e-18,9.592e-19,-0.0001,110.81,0
BottomS60407,8.4741,2.6899,7.860e-19,1.738e-18,6.479e-18,0.0003,110.49,0
BottomS60408,8.6062,2.5165,4.028e-19,3.884e-19,2.581e-19,0.0001,108.73,0
BottomS60409,8.4563,2.6704,1.307e-17,1.002e-17,4.144e-18,0.0006,110.8,1
BottomS60410,8.6052,2.5240,8.019e-18,5.997e-18,2.396e-18,-0.0005,108.89,0
BottomS60412,8.4581,2.6693,1.949e-19,1.933e-19,1.332e-19,0.0004,110.68,0
BottomS60413,8.4532,2.6599,8.317e-15,7.929e-15,5.214e-15,0.0001,110.51,0
BottomS60414,8.4626,2.6570,6.864e-15,4.618e-15,1.491e-15,-0.0002,110.58,0
BottomS60415,8.4558,2.6482,5.416e-19,5.115e-19,3.386e-19,-0.0003,110.77,0
BottomS60416,8.6435,2.5281,1.171e-19,1.260e-19,1.092e-19,0.0006,108.53,0
BottomS60417,8.4439,2.6542,3.012e-17,2.247e-17,8.901e-18,-0.0007,110.81,0
BottomS60418,8.4538,2.6443,4.733e-20,5.244e-20,4.795e-20,-0.0006,110.93,0
BottomS60421,8.4238,2.6388,9.389e-20,9.529e-20,7.161e-20,-0.0001,110.76,0
BottomS60422,8.4275,2.6326,1.186e-18,1.049e-18,5.949e-19,0.0002,110.74,0
BottomS60423,8.6450,2.5632,3.018e-18,2.489e-18,1.185e-18,-0.0001,108.52,0
BottomS60424,8.4107,2.6258,2.652e-14,2.157e-14,9.943e-15,-0.0004,111.04,1
BottomS60425,8.4251,2.6170,3.213e-20,3.832e-20,3.864e-20,0.0001,111.1,0
BottomS60426,8.6760,2.5727,8.381e-20,9.005e-20,7.866e-20,0.0003,108.61,0
BottomS60427,8.6481,2.5845,3.355e-20,3.983e-20,3.944e-20,-0.0003,108.43,0
BottomS60428,8.6414,2.5925,1.057e-20,1.404e-20,1.774e-20,0.0002,108.89,0
BottomS60429,8.4125,2.6008,5.067e-19,4.953e-19,3.508e-19,-0.0002,110.79,0
BottomS60431,9.3907,-3.4122,1.392e-19,1.531e-19,1.304e-19,0.0011,115.78,0
BottomS60432,9.3728,-3.4211,9.747e-20,1.061e-19,8.936e-20,-0.0002,114.85,0
BottomS60441,9.3322,-3.3754,1.333e-20,1.681e-20,1.936e-20,0.0005,113.01,0
BottomS60442,9.3049,-3.4049,2.164e-14,1.506e-14,5.270e-15,-0.0,111.95,0
BottomS60443,9.3246,-3.3960,5.497e-19,5.044e-19,3.113e-19,-0.0003,112.11,0
BottomS60452,9.3673,-3.3673,1.239e-18,1.085e-18,6.073e-19,-0.0002,114.03,0
BottomS60455,9.3537,-3.3991,8.517e-20,9.565e-20,8.992e-20,-0.0004,113.41,0
BottomS60457,9.3354,-3.3999,2.150e-20,2.669e-20,2.967e-20,-0.0002,112.17,0
BottomS60458,9.3610,-3.4065,1.879e-14,2.135e-14,1.942e-14,-0.0003,114.51,0
BottomS60461,9.3398,-3.4802,9.065e-20,9.725e-20,8.182e-20,0.0003,113.76,0
BottomS60462,9.3617,-3.4067,8.713e-20,9.899e-20,9.150e-20,0.0004,114.93,0
BottomS60464,9.4095,-3.4293,1.314e-20,1.702e-20,2.178e-20,-0.0003,115.74,0
BottomS60469,9.3607,-3.4091,8.621e-20,9.610e-20,8.311e-20,-0.0003,114.49,0
BottomS60473,9.3750,-3.3995,4.709e-20,5.602e-20,5.605e-20,-0.0005,115.12,0
BottomS60475,9.3576,-3.3987,4.005e-20,4.722e-20,4.792e-20,-0.0006,113.76,0
BottomS60476,9.2317,-3.3844,1.432e-19,1.506e-19,1.180e-19,0.0,111.77,0
BottomS60478,9.3355,-3.3311,2.443e-20,2.999e-20,3.337e-20,0.0001,113.61,0
BottomS60481,9.3622,-3.4020,5.141e-19,4.909e-19,3.178e-19,-0.0004,114.85,0
BottomS60482,9.3519,-3.4241,1.527e-18,2.346e-18,3.977e-18,-0.0004,113.48,0
BottomS60483,9.3617,-3.4090,5.784e-19,5.812e-19,4.109e-19,-0.0004,114.71,0
BottomS60508,9.3990,-3.4060,1.485e-19,1.672e-19,1.535e-19,0.0001,115.76,0
BottomS60510,9.3858,-3.4059,2.616e-19,2.547e-19,1.760e-19,-0.0002,115.58,0
BottomS60513,9.3625,-3.4032,4.794e-19,4.449e-19,2.718e-19,-0.0001,114.64,0
BottomS60515,9.4059,-3.3988,1.730e-20,2.256e-20,2.741e-20,-0.0001,115.84,0
BottomS60519,9.3207,-3.3768,8.340e-20,9.451e-20,8.824e-20,0.0003,112.59,0
BottomS60520,9.3403,-3.4280,7.058e-20,8.177e-20,8.009e-20,0.0003,113.35,0
BottomS60521,9.3623,-3.4104,1.396e-20,1.717e-20,1.989e-20,-0.0001,114.46,0
BottomS60523,9.3607,-3.3954,5.808e-14,4.222e-14,1.580e-14,0.0008,114.03,0
BottomS60529,9.3614,-3.3982,3.541e-19,3.654e-19,2.798e-19,-0.0002,114.19,0
BottomS60538,9.3675,-3.4195,2.393e-20,2.946e-20,3.322e-20,0.0005,114.65,0
BottomS60546,9.2808,-3.4479,1.632e-18,4.298e-18,2.321e-17,-0.0006,112.33,1
BottomS60548,9.5006,-3.4700,3.163e-19,3.157e-19,2.236e-19,0.0002,115.68,0
BottomS60549,9.3420,-3.4248,5.844e-19,1.195e-18,3.836e-18,-0.0001,113.26,0
BottomS60550,9.3599,-3.4083,4.814e-14,3.369e-14,1.234e-14,0.0002,114.33,0
BottomS60551,9.4096,-3.4060,6.205e-20,7.366e-20,7.328e-20,-0.0008,115.77,0
BottomS60552,9.3408,-3.4121,4.363e-14,3.631e-14,1.839e-14,0.001,112.83,1
BottomS60554,9.3521,-3.3508,1.860e-18,3.897e-18,1.296e-17,0.0002,113.73,0
BottomS60558,9.2904,-3.4200,1.158e-19,1.229e-19,9.848e-20,0.0004,111.88,0
BottomS60564,9.3520,-3.4098,8.969e-14,7.408e-14,3.784e-14,-0.0001,113.05,1
BottomS60571,9.3578,-3.3934,7.449e-19,1.241e-18,2.581e-18,0.0006,113.86,0
BottomS60576,9.3899,-3.4068,5.311e-18,4.219e-18,1.889e-18,-0.0004,115.79,0
BottomS60579,9.2869,-3.3862,6.611e-19,1.117e-18,2.413e-18,-0.0004,112.07,0
BottomS60585,9.3610,-3.4130,2.521e-19,2.721e-19,2.304e-19,-0.0002,114.17,0
BottomS60590,9.4629,-3.3998,1.706e-18,3.675e-18,1.342e-17,0.0008,116.06,0
BottomS60592,9.3593,-3.3993,1.641e-20,2.111e-20,2.488e-20,0.0001,113.9,0
BottomS60595,9.3312,-3.3795,6.642e-14,4.923e-14,1.904e-14,0.0007,112.99,0
BottomS60604,9.3667,-3.3998,8.075e-19,7.207e-19,4.197e-19,0.0002,114.61,0
BottomS60609,9.3621,-3.4123,8.747e-20,9.786e-20,8.722e-20,-0.0003,114.75,0
BottomS60612,9.2774,-3.4155,9.530e-20,9.835e-20,7.598e-20,-0.0009,112.09,0
BottomS60616,9.3640,-3.4016,2.690e-14,2.669e-14,1.865e-14,0.0,114.37,1
BottomS60618,9.2538,-3.3975,1.029e-20,1.312e-20,1.604e-20,-0.0002,111.82,0
BottomS60625,9.4258,-3.4373,2.335e-20,2.947e-20,3.444e-20,0.0001,115.63,0
BottomS60626,9.4805,-3.4141,1.326e-19,1.491e-19,1.370e-19,0.0001,116.13,0
BottomS60630,9.2783,-3.4081,6.311e-19,6.121e-19,4.080e-19,-0.0007,111.95,0
BottomS60631,9.3392,-3.3881,1.120e-18,2.045e-18,4.887e-18,-0.0004,113.1,0
BottomS60633,9.3119,-3.4142,6.089e-20,7.013e-20,6.831e-20,-0.0001,112.09,0
BottomS60637,9.3490,-3.4008,1.622e-18,2.303e-18,3.520e-18,0.0003,112.76,0
BottomS60640,9.2111,-3.4075,9.935e-14,7.515e-14,3.073e-14,-0.0001,111.85,1
BottomS60642,9.3917,-3.3931,1.244e-18,1.138e-18,6.766e-19,0.0004,115.33,0
BottomS60645,9.4683,-3.4640,2.320e-20,3.008e-20,3.714e-20,0.0005,115.6,0
BottomS60646,9.3510,-3.4197,2.430e-20,3.002e-20,3.343e-20,0.0002,113.41,0
BottomS60659,9.3552,-3.3914,8.839e-14,6.590e-14,2.614e-14,-0.0001,113.75,0
BottomS60664,9.4687,-3.3960,3.740e-19,3.550e-19,2.343e-19,-0.0002,115.97,0
BottomS60666,9.3014,-3.3202,1.730e-18,2.823e-18,5.524e-18,-0.0,113.16,0
BottomS60667,9.3516,-3.4025,2.838e-20,3.571e-20,3.942e-20,0.0003,112.99,0
BottomS60674,9.3490,-3.4089,1.294e-20,1.638e-20,1.958e-20,0.001,112.72,0
BottomS60682,9.3598,-3.3773,3.181e-14,2.272e-14,8.468e-15,-0.0008,113.96,0
BottomS60685,9.3459,-3.3944,1.302e-18,2.293e-18,5.401e-18,0.0,113.07,0
BottomS60687,9.3525,-3.4150,5.952e-20,7.052e-20,7.041e-20,0.0,113.53,0
BottomS60688,9.3581,-3.4020,2.134e-18,1.838e-18,9.790e-19,-0.0002,113.63,0
BottomS60692,9.3568,-3.4063,1.817e-19,1.947e-19,1.569e-19,0.0007,113.62,0
BottomS60693,9.3787,-3.3970,1.025e-18,1.717e-18,3.477e-18,-0.0001,115.08,0
BottomS60699,9.3591,-3.4289,2.171e-20,2.925e-20,3.818e-20,0.0008,114.11,0
BottomS60700,9.3374,-3.4046,1.345e-20,1.741e-20,2.041e-20,0.001,112.26,0
BottomS60702,9.4909,-3.4396,3.085e-19,2.915e-19,1.839e-19,-0.0005,115.97,0
BottomS60705,9.4109,-3.4195,1.183e-19,1.249e-19,1.023e-19,-0.0003,115.92,0
BottomS60706,9.3771,-3.4248,1.122e-18,1.002e-18,5.585e-19,0.0003,115.0,0
BottomS60717,9.3669,-3.3604,1.470e-20,1.922e-20,2.371e-20,0.0007,114.12,0
BottomS60721,9.3647,-3.4236,1.602e-20,2.079e-20,2.558e-20,0.0007,114.51,0
BottomS60723,9.3870,-3.4006,7.543e-18,5.985e-18,2.690e-18,-0.0003,115.62,1
BottomS60724,9.3340,-3.3994,3.426e-18,7.361e-18,2.643e-17,0.0002,112.24,1
BottomS60725,9.3392,-3.3819,3.080e-19,3.129e-19,2.347e-19,0.0004,113.15,0
BottomS60736,9.3580,-3.4053,5.562e-19,5.085e-19,3.175e-19,-0.0001,113.53,0
BottomS60740,9.3566,-3.4115,2.561e-20,3.159e-20,3.510e-20,0.001,113.53,0
BottomS60742,9.3582,-3.5035,2.145e-19,2.214e-19,1.698e-19,0.0002,114.02,0
BottomS60744,9.3439,-3.4020,1.544e-19,1.646e-19,1.318e-19,-0.0003,112.58,0
BottomS60746,9.3359,-3.3807,1.636e-19,1.728e-19,1.380e-19,-0.0004,112.86,0
BottomS60747,9.3571,-3.4079,8.729e-19,7.839e-19,4.805e-19,0.0012,112.98,0
BottomS60750,9.3811,-3.4384,1.999e-19,2.215e-19,1.919e-19,-0.0001,114.85,0
BottomS60752,9.3699,-3.3961,6.463e-19,9.858e-19,1.797e-18,-0.0007,114.6,0
BottomS60753,9.4494,-3.4673,1.098e-19,1.137e-19,8.524e-20,-0.0005,115.39,0
BottomS60755,9.4027,-3.4423,1.532e-19,1.603e-19,1.328e-19,0.0003,115.29,0
BottomS60757,9.3072,-3.4225,3.376e-14,2.286e-14,7.911e-15,-0.0002,112.27,0
BottomS60767,9.3966,-3.3771,8.825e-14,6.767e-14,2.914e-14,-0.0004,114.94,1
BottomS60768,9.3490,-3.4111,1.745e-19,1.883e-19,1.539e-19,-0.0002,113.22,0
BottomS60773,9.3815,-3.4343,4.935e-19,7.637e-19,1.317e-18,-0.0,114.86,0
BottomS60778,9.3833,-3.3838,1.298e-19,1.420e-19,1.206e-19,0.0005,114.91,0
BottomS60785,9.4393,-3.4224,1.676e-14,1.147e-14,3.869e-15,-0.0004,115.93,0
BottomS60786,9.3343,-3.4028,4.435e-20,4.952e-20,4.653e-20,0.0007,112.26,0
BottomS60789,9.3633,-3.3931,4.543e-19,4.557e-19,3.227e-19,-0.0,114.18,0
BottomS60790,9.3878,-3.4093,1.333e-20,1.643e-20,1.821e-20,0.0002,115.81,0
BottomS60791,9.4880,-3.5070,2.159e-20,2.710e-20,3.176e-20,-0.0006,115.28,0
BottomS60792,9.3385,-3.4009,1.233e-20,1.608e-20,1.973e-20,0.001,112.38,0
BottomS60793,9.3543,-3.3893,1.080e-20,1.449e-20,1.920e-20,-0.0,113.55,0
BottomS60794,9.3918,-3.3753,5.200e-20,6.179e-20,6.595e-20,-0.0002,114.9,0
BottomS60806,9.3005,-3.4203,4.238e-19,3.954e-19,2.498e-19,-0.0004,112.22,0
BottomS60807,9.3581,-3.4012,1.071e-18,9.287e-19,5.075e-19,0.0003,113.2,0
BottomS60808,9.3705,-3.4061,2.129e-20,2.759e-20,3.370e-20,-0.0002,115.32,0
BottomS60812,9.4139,-3.4684,1.148e-18,1.746e-18,2.996e-18,0.0002,114.94,0
BottomS60815,9.3265,-3.3905,1.239e-20,1.624e-20,2.007e-20,-0.0005,112.23,0
BottomS60816,9.3641,-3.3952,1.131e-18,2.035e-18,4.807e-18,0.0009,114.14,0
BottomS60819,9.3671,-3.3446,2.879e-19,2.799e-19,1.917e-19,0.0004,114.0,0
BottomS60826,9.3590,-3.4040,1.352e-20,1.815e-20,2.437e-20,-0.0006,113.73,0
BottomS60830,9.3672,-3.4038,1.127e-19,1.178e-19,9.132e-20,0.0006,114.91,0
BottomS60839,9.3186,-3.4804,3.086e-14,2.253e-14,8.744e-15,0.0003,113.34,0
BottomS60840,9.3869,-3.4045,2.670e-20,3.392e-20,4.084e-20,0.0003,115.67,0
BottomS60841,9.3391,-3.3995,2.166e-20,2.734e-20,3.174e-20,-0.0003,112.37,0
BottomS60842,9.4275,-3.4201,7.756e-20,8.343e-20,7.307e-20,-0.0006,115.97,0
BottomS60844,9.3406,-3.4112,1.222e-18,1.110e-18,6.442e-19,0.0002,112.61,0
BottomS60845,9.3673,-3.4012,2.991e-20,3.781e-20,4.380e-20,0.0004,114.98,0
BottomS60846,9.2934,-3.4126,1.227e-19,1.316e-19,1.087e-19,0.0006,111.92,0
BottomS60848,9.3950,-3.3879,3.097e-14,2.123e-14,7.107e-15,-0.0006,115.29,0
BottomS60851,9.3518,-3.3966,3.196e-20,3.761e-20,3.648e-20,0.0001,113.41,0
BottomS60852,9.3406,-3.4021,9.106e-20,9.474e-20,7.522e-20,0.0,112.39,0
BottomS60859,9.3418,-3.3948,4.327e-19,4.262e-19,2.943e-19,-0.0003,112.53,0
BottomS60860,9.3524,-3.4061,4.743e-20,5.651e-20,5.905e-20,0.0001,112.76,0
BottomS60864,9.3597,-3.4072,4.890e-19,8.784e-19,2.154e-18,-0.0003,114.4,0
BottomS60866,9.3486,-3.4042,1.476e-19,1.479e-19,1.099e-19,0.0001,112.65,0
BottomS60873,9.3805,-3.4151,1.957e-19,2.003e-19,1.550e-19,-0.0005,115.48,0
BottomS60876,9.3606,-3.4086,9.230e-19,8.172e-19,4.604e-19,0.0004,114.62,0
BottomS60885,9.3582,-3.4052,2.332e-19,2.266e-19,1.564e-19,0.0014,113.35,0
BottomS60887,9.3543,-3.4184,4.726e-20,5.611e-20,5.871e-20,0.0001,113.62,0
BottomS60888,9.3046,-3.4059,1.569e-19,1.704e-19,1.473e-19,-0.0009,111.87,0
BottomS60889,9.3656,-3.4037,1.520e-19,1.623e-19,1.301e-19,0.0,114.84,0
BottomS60891,9.3627,-3.4121,1.702e-19,1.705e-19,1.228e-19,-0.0005,115.18,0
BottomS60912,9.3461,-3.3901,1.615e-20,2.060e-20,2.447e-20,-0.0004,113.14,0
BottomS60924,9.3755,-3.3947,2.132e-18,1.805e-18,9.495e-19,0.0001,115.05,0
BottomS60926,9.3754,-3.3995,2.541e-19,4.483e-19,1.041e-18,-0.0005,115.21,0
BottomS60927,9.3622,-3.4052,2.456e-19,2.472e-19,1.738e-19,0.0006,114.98,0
BottomS60928,9.3770,-3.3981,5.454e-19,5.148e-19,3.458e-19,-0.0003,115.38,0
BottomS60930,9.3552,-3.3589,4.467e-19,4.325e-19,2.836e-19,-0.0007,113.74,0
BottomS60933,9.3427,-3.4279,2.308e-20,2.891e-20,3.343e-20,-0.0007,113.23,0
BottomS60934,9.3694,-3.4267,9.466e-20,1.042e-19,9.131e-20,-0.0006,114.47,0
BottomS60936,9.3776,-3.4090,1.837e-19,1.929e-19,1.519e-19,-0.0007,115.59,0
BottomS60938,9.3518,-3.4103,5.674e-20,6.705e-20,6.753e-20,0.0008,112.73,0
BottomS60940,9.3405,-3.4047,7.445e-20,8.525e-20,8.071e-20,-0.0004,112.41,0
BottomS60943,9.3289,-3.4047,1.804e-18,1.504e-18,7.592e-19,-0.0002,112.09,0
BottomS60944,9.3424,-3.3985,8.295e-20,8.764e-20,7.187e-20,0.0011,112.81,0
BottomS60945,9.3646,-3.4038,2.288e-18,1.839e-18,8.944e-19,-0.0011,115.1,0
BottomS60950,9.3047,-3.4005,4.921e-18,8.014e-18,1.538e-17,0.0007,111.91,0
BottomS60952,9.3531,-3.3911,3.429e-20,4.139e-20,4.546e-20,-0.0011,113.48,0
BottomS60954,9.3614,-3.4512,1.591e-19,1.720e-19,1.467e-19,0.0005,114.16,0
BottomS60956,9.3438,-3.4020,1.298e-18,1.105e-18,5.724e-19,0.0003,112.55,0
BottomS60958,9.3495,-3.4088,6.840e-14,5.450e-14,2.442e-14,0.0003,112.61,1
BottomS60962,9.3611,-3.4022,2.048e-20,2.582e-20,3.015e-20,-0.0006,114.51,0
BottomS60963,9.4549,-3.3805,3.909e-19,3.738e-19,2.567e-19,-0.0005,115.76,0
BottomS60971,9.3456,-3.4028,3.058e-18,5.390e-18,1.233e-17,-0.001,112.66,0
BottomS60972,9.3611,-3.4159,4.812e-20,5.181e-20,4.366e-20,0.0006,114.11,0
BottomS60973,9.3604,-3.3987,9.045e-15,6.163e-15,2.074e-15,0.0001,113.95,0
BottomS60980,9.3957,-3.4109,1.142e-20,1.435e-20,1.702e-20,-0.0,115.75,0
BottomS60981,9.3645,-3.4049,1.488e-20,2.073e-20,2.975e-20,-0.0003,114.96,0
BottomS60987,9.5107,-3.4823,1.592e-19,3.006e-19,7.976e-19,-0.0002,115.79,0
BottomS60995,9.3986,-3.4274,4.706e-20,5.495e-20,5.374e-20,0.0002,115.55,0
BottomS60998,9.4244,-3.3896,1.832e-18,3.734e-18,1.184e-17,0.0,115.84,0
BottomS60999,9.3626,-3.4207,6.660e-18,5.381e-18,2.552e-18,0.0002,114.37,0
BottomS61000,9.3521,-3.4004,1.176e-20,1.554e-20,1.989e-20,-0.0001,113.27,0
BottomS61009,9.3640,-3.3993,1.938e-19,1.976e-19,1.536e-19,-0.0005,114.4,0
BottomS61012,9.3585,-3.4112,2.051e-19,2.143e-19,1.677e-19,-0.0002,113.93,0
BottomS61015,9.3806,-3.4041,6.341e-14,4.528e-14,1.716e-14,0.0002,115.5,0
BottomS61017,9.3148,-3.3579,1.298e-18,3.015e-18,1.233e-17,0.0001,112.87,0
BottomS61020,9.2159,-3.3886,2.875e-18,5.759e-18,1.710e-17,-0.0008,111.65,0
BottomS61021,9.3429,-3.3978,1.039e-20,1.382e-20,1.855e-20,-0.0002,112.75,0
BottomS61024,9.3799,-3.3847,1.161e-20,1.514e-20,1.885e-20,-0.0002,115.0,0
BottomS61027,9.4430,-3.3805,3.792e-18,3.149e-18,1.551e-18,-0.0001,115.53,0
BottomS61041,9.3697,-3.4101,3.695e-20,4.389e-20,4.365e-20,-0.0001,115.04,0
BottomS61048,9.3570,-3.4071,1.881e-19,1.919e-19,1.466e-19,-0.0008,112.89,0
BottomS61054,9.3597,-3.4065,1.443e-19,1.462e-19,1.069e-19,-0.001,114.3,0
BottomS61056,9.3239,-3.3935,7.697e-14,6.091e-14,2.871e-14,-0.0004,112.3,1
BottomS61059,9.3557,-3.4130,1.914e-20,2.287e-20,2.422e-20,-0.0003,113.57,0
BottomS61061,9.3440,-3.3923,1.270e-19,1.408e-19,1.250e-19,-0.0004,112.82,0
BottomS61068,9.4152,-3.4491,1.469e-18,2.357e-18,4.300e-18,-0.0,115.31,0
BottomS61072,9.3587,-3.4245,2.250e-20,2.806e-20,3.195e-20,0.0,114.0,0
BottomS61075,9.3620,-3.4042,6.124e-19,1.183e-18,3.349e-18,0.0003,114.88,0
BottomS61078,9.3376,-3.4215,6.622e-14,5.484e-14,2.765e-14,-0.0001,112.9,1
BottomS61082,9.3363,-3.4058,1.640e-18,3.717e-18,1.503e-17,-0.0013,112.27,1
BottomS61086,9.3228,-3.3420,4.749e-18,3.938e-18,1.906e-18,-0.0005,113.15,0
BottomS61088,9.3363,-3.4014,3.175e-20,3.688e-20,3.649e-20,-0.0,112.3,0
BottomS61091,9.3796,-3.4036,1.082e-20,1.544e-20,2.311e-20,-0.0003,115.66,0
BottomS61092,9.3482,-3.4156,1.949e-18,2.777e-18,4.124e-18,0.0002,113.24,0
BottomS61093,9.3561,-3.4106,2.381e-18,2.015e-18,1.057e-18,-0.0002,113.13,0
BottomS61094,9.3046,-3.3737,4.347e-20,4.934e-20,4.784e-20,-0.0001,112.5,0
BottomS61097,9.3664,-3.4099,1.175e-19,1.232e-19,9.696e-20,0.0001,114.92,0
BottomS61098,9.3601,-3.4050,5.357e-19,4.972e-19,3.104e-19,0.0003,114.73,0
BottomS61102,9.3700,-3.4512,9.854e-19,1.508e-18,2.645e-18,0.0005,114.21,0
BottomS61103,9.4160,-3.3877,1.299e-20,1.821e-20,2.537e-20,-0.0004,115.41,0
BottomS61106,9.4039,-3.3801,4.348e-18,3.633e-18,1.825e-18,-0.0,115.32,0
BottomS61107,9.3625,-3.4312,6.872e-20,7.432e-20,6.264e-20,-0.0002,114.08,0
BottomS61108,9.2944,-3.4480,2.008e-20,2.659e-20,3.364e-20,-0.0004,112.71,0
BottomS61111,9.3519,-3.4234,7.119e-19,6.813e-19,4.614e-19,0.0001,113.55,0
BottomS61119,9.3872,-3.3554,5.871e-19,5.605e-19,3.736e-19,-0.0006,114.48,0
BottomS61122,9.3885,-3.3931,3.161e-19,3.341e-19,2.650e-19,-0.0002,115.43,0
BottomS61127,9.3582,-3.4191,2.311e-19,2.455e-19,2.053e-19,-0.0002,113.96,0
BottomS61130,9.3731,-3.4082,6.208e-20,7.437e-20,7.798e-20,0.0001,115.48,0
BottomS61132,9.3289,-3.4238,4.384e-20,4.906e-20,4.394e-20,-0.0004,112.6,0
BottomS61136,9.3034,-3.3987,6.407e-20,6.959e-20,6.090e-20,0.0001,111.98,0
BottomS61145,9.3584,-3.4018,1.070e-18,2.064e-18,5.725e-18,-0.0003,113.84,0
BottomS61149,9.3390,-3.3717,1.956e-18,3.133e-18,5.833e-18,-0.0001,113.38,0
BottomS61152,9.3384,-3.4365,2.063e-18,3.558e-18,7.556e-18,0.0003,113.51,0
BottomS61153,9.3854,-3.4082,1.762e-20,2.168e-20,2.338e-20,-0.0004,115.64,0
BottomS61158,9.3205,-3.3974,6.921e-20,7.983e-20,7.360e-20,-0.0003,112.18,0
BottomS61165,9.4086,-3.3487,2.891e-20,3.533e-20,3.833e-20,0.0006,114.79,0
BottomS61170,9.3792,-3.3512,1.490e-18,1.400e-18,8.829e-19,0.0002,114.13,0
BottomS61171,9.3727,-3.3945,1.648e-19,1.853e-19,1.685e-19,-0.0005,114.86,0
BottomS61172,9.3178,-3.3907,1.356e-20,1.783e-20,2.287e-20,-0.0001,112.03,0
BottomS61174,9.3745,-3.4014,8.098e-20,9.110e-20,8.554e-20,0.0001,115.14,0
BottomS61178,9.3619,-3.4112,2.033e-18,1.744e-18,9.202e-19,-0.0003,115.02,0
BottomS61180,9.3636,-3.4117,7.337e-20,8.297e-20,7.901e-20,0.0007,114.57,0
BottomS61181,9.2820,-3.3947,1.646e-19,1.774e-19,1.446e-19,-0.0004,111.81,0
BottomS61186,9.3720,-3.4160,1.026e-20,1.366e-20,1.822e-20,0.0001,114.92,0
BottomS61193,9.3408,-3.4024,2.569e-19,2.617e-19,1.946e-19,0.0003,112.42,0
BottomS61201,9.3206,-3.3764,6.383e-19,5.913e-19,3.705e-19,0.0002,112.65,0
BottomS61204,9.3371,-3.3612,1.126e-19,1.242e-19,1.063e-19,0.0001,113.33,0
BottomS61218,9.3093,-3.3420,1.329e-20,1.757e-20,2.206e-20,0.0003,112.87,0
BottomS61221,9.3486,-3.3979,5.232e-19,1.084e-18,3.549e-18,0.0007,112.79,0
BottomS61227,9.3534,-3.4037,1.760e-20,2.181e-20,2.475e-20,0.0,112.89,0
BottomS61231,9.3591,-3.3816,5.987e-14,4.539e-14,1.921e-14,0.0011,113.75,1
BottomS61234,9.3464,-3.4161,1.911e-20,2.352e-20,2.624e-20,0.0002,113.1,0
BottomS61236,9.3447,-3.4066,1.002e-20,1.324e-20,1.701e-20,-0.0004,113.04,0
BottomS61237,9.3526,-3.3949,1.871e-20,2.550e-20,3.667e-20,-0.0001,113.53,0
BottomS61240,9.3677,-3.3961,2.916e-18,2.485e-18,1.290e-18,0.0002,115.39,0
BottomS61241,9.3564,-3.4410,7.912e-19,1.588e-18,4.867e-18,-0.0002,113.82,0
BottomS61243,9.3671,-3.4092,5.737e-14,4.329e-14,1.804e-14,-0.0003,115.0,1
BottomS61245,9.3428,-3.3994,1.497e-18,1.308e-18,7.417e-19,-0.001,112.86,0
BottomS61246,9.3533,-3.4125,1.801e-18,1.520e-18,7.552e-19,-0.0001,113.75,0
BottomS61247,9.3469,-3.4256,1.504e-19,1.563e-19,1.252e-19,-0.0003,113.36,0
BottomS61248,9.3605,-3.4103,9.720e-19,9.118e-19,5.670e-19,0.0002,114.17,0
BottomS61249,9.3473,-3.4162,2.150e-19,2.186e-19,1.619e-19,0.0009,112.74,0
BottomS61255,9.3541,-3.3936,4.264e-18,3.521e-18,1.724e-18,0.0008,112.79,0
BottomS61260,9.3749,-3.4202,1.782e-18,3.776e-18,1.342e-17,0.0014,115.16,0
BottomS61263,9.3504,-3.3961,1.400e-20,1.816e-20,2.251e-20,-0.0006,112.76,0
BottomS61264,9.3436,-3.4056,4.611e-18,3.763e-18,1.849e-18,-0.0001,112.74,0
BottomS61265,9.3765,-3.3746,2.756e-19,2.662e-19,1.841e-19,0.0005,115.94,0
BottomS61266,9.3262,-3.4181,4.897e-14,3.954e-14,1.877e-14,-0.0005,112.35,1
BottomS61275,9.3704,-3.4140,2.095e-18,2.760e-18,3.599e-18,-0.0008,114.97,0
BottomS61277,9.3930,-3.4303,8.716e-20,9.442e-20,8.140e-20,-0.0002,115.72,0
BottomS61280,9.3714,-3.4218,1.106e-17,8.738e-18,3.840e-18,0.0005,115.0,1
BottomS61281,9.3894,-3.4416,4.850e-14,3.384e-14,1.186e-14,-0.0003,115.22,0
BottomS61282,9.3643,-3.3973,5.591e-14,4.673e-14,2.354e-14,0.0,114.26,1
BottomS61283,9.3460,-3.4191,1.283e-18,2.603e-18,7.840e-18,0.0002,112.69,0
BottomS61284,9.3731,-3.3981,3.036e-19,3.015e-19,2.067e-19,0.0001,114.83,0
BottomS61285,9.3788,-3.4050,1.171e-19,1.296e-19,1.104e-19,0.0,115.23,0
BottomS61286,9.3235,-3.4229,3.281e-19,3.336e-19,2.574e-19,0.0007,112.06,0
BottomS61287,9.3935,-3.3943,2.601e-14,1.758e-14,5.964e-15,0.001,115.75,0
BottomS61288,9.3646,-3.4147,1.279e-19,1.373e-19,1.118e-19,0.0004,114.21,0
BottomS61289,9.3676,-3.4036,3.687e-19,6.618e-19,1.608e-18,-0.0004,114.81,0
BottomS61292,9.3550,-3.4239,3.513e-19,3.384e-19,2.286e-19,0.0005,113.27,0
BottomS61293,9.3927,-3.4173,9.255e-19,1.761e-18,4.759e-18,0.0006,115.62,0
BottomS61294,9.3601,-3.3847,8.759e-20,9.553e-20,8.308e-20,-0.0006,114.02,0
BottomS61298,9.3696,-3.4129,3.796e-19,3.780e-19,2.697e-19,-0.0001,115.02,0
BottomS61300,9.3780,-3.4121,9.063e-18,7.285e-18,3.378e-18,0.0008,115.23,0
BottomS61302,9.3541,-3.4270,9.163e-20,1.009e-19,9.149e-20,0.0003,113.17,0
BottomS61303,9.3827,-3.4026,1.506e-17,1.124e-17,4.734e-18,0.0001,115.47,1
BottomS61304,9.3908,-3.3946,1.186e-18,1.053e-18,6.230e-19,0.0004,115.56,0
BottomS61306,9.3511,-3.3949,2.146e-20,2.570e-20,2.747e-20,0.0007,112.8,0
BottomS61307,9.3345,-3.4087,4.336e-18,1.123e-17,5.735e-17,-0.0003,112.42,1
BottomS61309,9.3490,-3.4208,1.704e-20,2.114e-20,2.411e-20,-0.0013,113.39,0
BottomS61311,9.3639,-3.4192,3.711e-18,6.721e-18,1.639e-17,-0.0007,114.41,0
BottomS61316,9.3238,-3.3942,6.684e-20,7.718e-20,7.256e-20,0.0002,112.16,0
BottomS61319,9.3633,-3.4376,4.499e-19,4.465e-19,3.230e-19,-0.0003,114.36,0
BottomS61320,9.3583,-3.3854,6.772e-19,1.277e-18,3.351e-18,-0.0011,113.83,0
BottomS61322,9.3984,-3.3980,4.716e-19,8.985e-19,2.341e-18,-0.0006,115.84,0
BottomS61323,9.3602,-3.4129,7.895e-20,8.770e-20,8.178e-20,0.0001,114.07,0
BottomS61324,9.3907,-3.4141,4.177e-14,2.920e-14,1.071e-14,0.0003,115.75,0
BottomS61325,9.3555,-3.3740,1.703e-18,2.819e-18,5.533e-18,0.0006,113.74,0
BottomS61326,9.3468,-3.4085,1.620e-18,1.418e-18,7.633e-19,-0.0001,113.02,0
BottomS61329,9.3310,-3.4059,2.230e-18,1.905e-18,9.860e-19,-0.0008,112.21,0
BottomS61330,9.3864,-3.4047,1.450e-17,1.113e-17,4.617e-18,-0.0004,115.56,1
BottomS61331,9.3503,-3.4132,2.175e-19,2.277e-19,1.837e-19,-0.0004,112.77,0
BottomS61332,9.3772,-3.3827,1.858e-17,1.396e-17,5.650e-18,0.0001,115.4,0
BottomS61333,9.3436,-3.3872,3.636e-20,4.225e-20,4.162e-20,0.0004,112.59,0
BottomS61334,9.3508,-3.4217,9.574e-19,1.806e-18,5.065e-18,0.0006,113.55,0
BottomS61336,9.3572,-3.4095,2.879e-20,3.438e-20,3.655e-20,0.0,113.04,0
BottomS61338,9.3410,-3.4084,2.283e-20,2.884e-20,3.279e-20,-0.0003,112.3,0
BottomS61339,9.3864,-3.3932,2.617e-20,3.198e-20,3.472e-20,-0.0,115.69,0
BottomS61340,9.3502,-3.3876,1.100e-20,1.463e-20,1.891e-20,-0.0004,112.52,0
BottomS61341,9.3535,-3.4088,1.106e-20,1.477e-20,1.949e-20,0.0002,113.37,0
BottomS61344,9.3739,-3.3961,1.566e-18,2.725e-18,6.153e-18,-0.0004,115.09,0
BottomS61345,9.3793,-3.4170,5.390e-20,6.339e-20,6.444e-20,-0.0007,115.5,0
BottomS61347,9.3605,-3.3864,1.208e-18,1.094e-18,6.227e-19,0.0001,113.95,0
BottomS61349,9.3646,-3.4044,6.066e-19,5.748e-19,3.660e-19,-0.0001,114.82,0
BottomS61350,9.3549,-3.4352,2.924e-20,3.460e-20,3.488e-20,-0.0006,113.82,0
BottomS61352,9.3447,-3.4185,2.086e-20,2.643e-20,3.060e-20,-0.0011,112.24,0
BottomS61356,9.3706,-3.4143,4.514e-14,3.460e-14,1.506e-14,-0.001,115.09,1
BottomS61357,9.3568,-3.4234,7.074e-18,5.508e-18,2.365e-18,0.0011,113.74,0
BottomS61360,9.3533,-3.4221,4.462e-17,3.219e-17,1.203e-17,0.0001,113.5,0
BottomS61361,9.3482,-3.3927,2.751e-20,3.206e-20,3.173e-20,0.0,113.28,0
BottomS61362,9.3505,-3.4048,2.075e-19,2.184e-19,1.766e-19,-0.0001,112.66,0
BottomS61364,9.3347,-3.3930,1.843e-19,2.068e-19,1.881e-19,-0.0001,112.09,0
BottomS61367,9.3736,-3.4154,5.124e-14,3.902e-14,1.635e-14,0.0,115.08,1
BottomS61368,9.3391,-3.4101,2.700e-20,3.210e-20,3.290e-20,-0.0,112.32,0
BottomS61369,9.3855,-3.4134,1.191e-19,1.282e-19,1.075e-19,-0.0001,115.71,0
BottomS61370,9.3708,-3.4044,1.542e-18,1.361e-18,7.977e-19,-0.0002,115.06,0
BottomS61372,9.3368,-3.3844,7.607e-20,8.208e-20,7.005e-20,0.0005,112.24,0
BottomS61373,9.3516,-3.4189,3.385e-20,4.127e-20,4.654e-20,0.0001,113.46,0
BottomS61374,9.3812,-3.4236,8.527e-18,6.759e-18,2.951e-18,-0.0002,115.43,1
BottomS61376,9.3656,-3.3907,1.057e-18,9.144e-19,4.994e-19,-0.0001,114.34,0
BottomS61377,9.3505,-3.4061,7.183e-20,8.094e-20,7.199e-20,0.0005,113.25,0
BottomS61378,9.3660,-3.4216,7.780e-19,7.129e-19,4.351e-19,-0.0007,114.9,0
BottomS61379,9.3756,-3.3849,3.045e-18,2.618e-18,1.369e-18,0.0001,115.09,0
BottomS61380,9.3628,-3.3852,2.791e-19,2.834e-19,2.057e-19,0.0002,114.19,0
BottomS61381,9.3925,-3.4217,5.108e-14,3.698e-14,1.386e-14,0.0002,115.84,0
BottomS61384,9.3537,-3.4153,8.079e-20,8.730e-20,7.623e-20,0.0,113.02,0
BottomS61385,9.4055,-3.4214,8.770e-19,1.530e-18,3.542e-18,0.0004,115.71,0
BottomS61386,9.3779,-3.4154,3.418e-18,2.798e-18,1.313e-18,0.0,115.32,0
BottomS61388,9.3374,-3.4045,1.151e-18,1.030e-18,6.021e-19,-0.0,112.31,0
BottomS61389,9.3796,-3.4324,1.114e-19,1.260e-19,1.145e-19,-0.0007,115.71,0
BottomS61391,9.3371,-3.3972,9.439e-20,1.043e-19,9.119e-20,0.0003,112.4,0
BottomS61392,9.3582,-3.3869,1.677e-20,2.110e-20,2.471e-20,0.0002,113.73,0
BottomS61393,9.3466,-3.4280,2.143e-18,1.821e-18,9.467e-19,0.0001,112.78,0
BottomS61395,9.3535,-3.4127,4.515e-19,4.410e-19,3.043e-19,0.0006,113.31,0
BottomS61396,9.3486,-3.3880,1.129e-18,1.009e-18,5.756e-19,-0.0002,113.22,0
BottomS61398,9.3020,-3.4085,2.436e-19,2.391e-19,1.716e-19,-0.0005,111.91,0
BottomS61400,9.3411,-3.3961,5.444e-20,6.063e-20,5.495e-20,0.0003,112.36,0
BottomS61401,9.3458,-3.4303,7.039e-19,6.497e-19,4.074e-19,-0.0002,113.38,0
BottomS61402,9.3704,-3.4241,5.292e-18,4.394e-18,2.137e-18,-0.0004,115.15,0
BottomS61404,9.3646,-3.4084,1.347e-18,2.650e-18,7.744e-18,0.0,114.3,0
BottomS61405,9.3511,-3.4079,2.639e-17,2.017e-17,8.355e-18,0.0004,112.68,1
BottomS61406,9.3738,-3.4086,2.090e-19,3.880e-19,9.646e-19,-0.0008,115.0,0
BottomS61407,9.3598,-3.4213,4.237e-14,2.976e-14,1.050e-14,0.0004,113.97,0
BottomS61409,9.3595,-3.4294,5.785e-18,4.693e-18,2.155e-18,0.0003,114.06,0
BottomS61410,9.3676,-3.4016,8.059e-20,9.207e-20,8.620e-20,0.0007,114.77,0
BottomS61411,9.3513,-3.4014,1.157e-19,1.307e-19,1.160e-19,-0.0001,112.65,0
BottomS61412,9.3444,-3.3724,6.303e-19,9.721e-19,1.629e-18,-0.0005,112.75,0
BottomS61413,9.3550,-3.4086,9.731e-19,9.208e-19,5.828e-19,0.0,113.55,0
BottomS61415,9.3812,-3.3852,1.064e-20,1.382e-20,1.632e-20,0.0005,115.86,0
BottomS61419,9.3802,-3.4324,1.056e-17,8.514e-18,4.022e-18,0.0006,115.15,0
BottomS61423,9.3760,-3.4064,2.680e-17,2.034e-17,8.566e-18,0.0007,115.3,1
BottomS61427,9.3504,-3.4058,8.918e-18,7.093e-18,3.246e-18,0.0008,113.31,0
BottomS61431,9.3381,-3.3956,1.617e-18,1.502e-18,8.878e-19,0.0006,112.26,0
BottomS61433,9.3684,-3.4056,1.893e-19,2.004e-19,1.621e-19,0.0009,115.21,0
BottomS61439,9.3643,-3.4195,1.315e-18,1.202e-18,7.359e-19,-0.0002,114.74,0
BottomS61443,9.3926,-3.4036,1.438e-17,1.130e-17,5.097e-18,-0.0,115.51,1
BottomS61445,9.3470,-3.4049,1.911e-20,2.412e-20,2.888e-20,-0.0008,112.81,0
BottomS61446,9.3905,-3.4151,2.458e-18,2.171e-18,1.187e-18,0.0005,115.85,0
BottomS61447,9.3525,-3.4175,9.578e-19,9.006e-19,5.667e-19,-0.0006,113.18,0
BottomS61449,9.3711,-3.4148,3.675e-19,3.630e-19,2.536e-19,-0.0001,115.06,0
BottomS61451,9.3513,-3.3783,2.751e-17,2.071e-17,8.397e-18,-0.0006,112.02,0
BottomS61453,9.3394,-3.4285,2.071e-19,2.071e-19,1.474e-19,0.0001,112.34,0
BottomS61457,9.3234,-3.4556,5.203e-14,3.895e-14,1.564e-14,0.0002,113.37,0
BottomS61462,9.4486,-3.3751,4.375e-20,4.998e-20,4.608e-20,0.0003,115.63,0
BottomS61463,9.3366,-3.4613,1.238e-20,1.603e-20,1.957e-20,0.0003,113.49,0
BottomS61465,9.4248,-3.4431,1.418e-19,1.489e-19,1.169e-19,0.0003,115.47,0
BottomS61467,9.4090,-3.3534,1.411e-19,1.453e-19,1.117e-19,-0.0004,114.88,0
BottomS61469,9.3159,-3.4620,1.180e-19,1.246e-19,1.001e-19,0.0006,113.18,0
BottomS61471,9.3255,-3.3504,4.662e-20,5.486e-20,5.516e-20,0.0006,113.28,0
BottomS61474,9.2875,-3.3546,5.977e-20,6.949e-20,6.929e-20,0.0012,112.64,0
BottomS61486,9.4626,-3.4294,3.797e-20,4.510e-20,4.606e-20,-0.0004,116.05,0
BottomS61489,9.4683,-3.4238,2.082e-20,2.495e-20,2.679e-20,0.0009,116.1,0
BottomS61490,9.2826,-3.4461,1.161e-17,3.253e-17,1.986e-16,0.0005,112.53,1
BottomS61496,9.3125,-3.3560,3.682e-20,4.622e-20,5.273e-20,0.0009,112.79,0
BottomS61502,9.3239,-3.3513,8.849e-19,8.101e-19,5.042e-19,0.0003,113.03,0
BottomS61504,9.4196,-3.3722,1.016e-18,1.750e-18,3.965e-18,0.0008,115.08,0
BottomS61509,9.2761,-3.3618,3.155e-18,5.689e-18,1.393e-17,0.0003,112.19,0
BottomS61511,9.4643,-3.3922,1.862e-20,2.331e-20,2.732e-20,-0.0003,115.9,0
BottomS61512,9.2551,-3.3684,2.563e-20,3.276e-20,4.005e-20,0.0001,112.08,0
BottomS61519,9.2486,-3.4011,4.034e-20,4.752e-20,4.849e-20,0.0003,111.79,0
BottomS61521,9.4239,-3.3726,2.147e-18,3.296e-18,5.687e-18,-0.0001,115.43,0
BottomS61525,9.4694,-3.4313,1.269e-19,1.423e-19,1.317e-19,-0.0008,116.1,0
BottomS61529,9.2531,-3.3996,1.536e-20,2.074e-20,2.707e-20,0.0006,111.78,0
BottomS61534,9.4262,-3.3705,3.711e-19,3.584e-19,2.442e-19,0.0002,115.29,0
BottomS61543,9.3086,-3.3653,4.962e-20,5.909e-20,5.894e-20,0.0003,112.8,0
BottomS61544,9.4656,-3.4267,1.957e-20,2.300e-20,2.305e-20,-0.0002,115.86,0
BottomS61553,9.4518,-3.3686,1.698e-20,2.115e-20,2.453e-20,-0.0003,115.56,0
BottomS61554,9.4481,-3.4375,1.566e-19,1.644e-19,1.293e-19,-0.0002,115.97,0
BottomS61555,9.2713,-3.4258,7.092e-20,8.006e-20,7.103e-20,0.0004,112.15,0
BottomS61556,9.4148,-3.4554,3.015e-19,2.972e-19,2.137e-19,0.0002,115.09,0
BottomS61562,9.2682,-3.3846,2.264e-19,2.382e-19,1.914e-19,-0.0001,111.94,0
BottomS61564,9.4619,-3.3885,1.417e-20,1.906e-20,2.520e-20,-0.0001,115.98,0
BottomS61568,9.4139,-3.4689,5.145e-20,6.028e-20,5.914e-20,-0.0,114.98,0
BottomS61569,9.5592,-1.7683,6.976e-20,7.866e-20,7.058e-20,-0.0004,115.52,0
BottomS61570,9.5558,-1.7731,1.388e-19,1.409e-19,1.031e-19,0.0002,116.25,0
BottomS61574,9.6133,-1.7808,7.353e-20,8.210e-20,7.447e-20,-0.0001,113.85,0
BottomS61576,9.5714,-1.7699,8.350e-20,9.187e-20,8.135e-20,-0.0001,114.95,0
BottomS61577,9.5029,-1.7523,1.751e-19,1.802e-19,1.408e-19,0.0006,117.25,0
BottomS61580,9.6098,-1.7709,7.857e-20,8.630e-20,7.618e-20,-0.0003,113.94,0
BottomS61582,9.5413,-1.7625,4.175e-20,4.549e-20,4.046e-20,0.0011,117.69,0
BottomS61584,9.5715,-1.7752,8.235e-20,9.032e-20,8.015e-20,0.0003,114.88,0
BottomS61585,9.5739,-1.7772,1.833e-20,2.369e-20,2.864e-20,0.0006,114.3,0
BottomS61592,9.5294,-1.7645,1.736e-20,2.455e-20,3.713e-20,-0.0015,117.36,0
BottomS61608,9.5422,-1.7656,1.924e-20,2.443e-20,2.846e-20,0.0004,117.67,0
BottomS61609,9.5544,-1.7721,9.869e-19,1.554e-18,2.761e-18,-0.0006,116.23,0
BottomS61610,9.5623,-1.7688,3.867e-19,3.605e-19,2.225e-19,-0.0001,115.27,0
BottomS61612,9.5696,-1.7735,1.002e-19,1.055e-19,8.483e-20,-0.0008,114.6,0
BottomS61614,9.5600,-1.7719,4.873e-14,4.220e-14,2.297e-14,-0.0002,115.79,1
BottomS61617,9.6974,-1.7998,2.148e-19,2.254e-19,1.757e-19,0.0004,113.35,0
BottomS61619,9.5823,-1.7729,1.471e-20,1.864e-20,2.181e-20,-0.0001,115.21,0
BottomS61622,9.6221,-1.7828,2.859e-20,3.540e-20,3.870e-20,-0.0006,114.05,0
BottomS61623,9.5543,-1.7696,1.242e-20,1.606e-20,2.008e-20,-0.0003,116.38,0
BottomS61624,9.5433,-1.7653,1.067e-20,1.400e-20,1.780e-20,-0.0002,117.36,0
BottomS61626,9.5752,-1.7711,1.684e-20,2.167e-20,2.507e-20,-0.0001,114.34,0
BottomS61627,9.6125,-1.7883,4.560e-20,5.295e-20,5.064e-20,0.001,113.71,0
BottomS61629,9.5363,-1.7652,3.314e-20,3.841e-20,3.774e-20,-0.0004,117.63,0
BottomS61639,9.5500,-1.7645,1.132e-20,1.480e-20,1.793e-20,-0.0001,116.88,0
BottomS61644,9.5296,-1.7594,1.448e-20,1.951e-20,2.480e-20,-0.0004,117.67,0
BottomS61646,9.5320,-1.7581,3.654e-18,8.548e-18,3.630e-17,-0.0003,117.41,1
BottomS61651,9.5577,-1.7659,2.930e-14,2.037e-14,7.230e-15,0.0001,116.07,0
BottomS61652,9.5690,-1.7753,1.886e-18,2.729e-18,4.274e-18,0.0005,115.04,0
BottomS61653,9.5593,-1.7669,7.584e-19,6.527e-19,3.585e-19,0.0004,115.72,0
BottomS61660,9.5541,-1.7736,3.175e-19,3.074e-19,2.148e-19,-0.0003,116.55,0
BottomS61661,9.5507,-1.7720,3.587e-14,2.770e-14,1.200e-14,-0.0004,116.97,1
BottomS61665,9.5360,-1.7645,2.287e-19,2.285e-19,1.633e-19,-0.0003,117.69,0
BottomS61679,9.5675,-1.7719,3.767e-20,4.394e-20,4.332e-20,-0.0004,114.67,0
BottomS61684,9.5627,-1.7674,2.882e-18,2.415e-18,1.215e-18,-0.0005,115.44,0
BottomS61685,9.6442,-1.7907,2.245e-14,1.521e-14,5.001e-15,0.001,113.63,0
BottomS61689,9.5344,-1.7646,4.293e-19,4.058e-19,2.603e-19,0.0006,117.5,0
BottomS61694,9.5643,-1.7687,3.784e-19,5.913e-19,1.065e-18,0.0002,115.17,0
BottomS61696,9.4330,-1.7417,1.296e-20,1.664e-20,1.964e-20,0.0006,118.19,0
BottomS61697,9.5065,-1.7586,1.213e-18,2.797e-18,1.124e-17,-0.0005,118.33,0
BottomS61699,9.5675,-1.7713,1.108e-19,1.152e-19,8.971e-20,-0.0003,115.14,0
BottomS61701,9.5295,-1.7641,3.233e-20,3.960e-20,4.307e-20,-0.0005,117.32,0
BottomS61707,9.7086,-1.8008,2.227e-20,2.660e-20,2.690e-20,-0.0004,113.44,0
BottomS61708,9.4999,-1.7580,1.436e-19,1.507e-19,1.134e-19,-0.0002,118.39,0
BottomS61709,9.5830,-1.7747,3.926e-14,3.690e-14,2.434e-14,0.0004,114.37,1
BottomS61713,9.5653,-1.7689,1.407e-19,1.506e-19,1.265e-19,0.0005,115.02,0
BottomS61718,9.5879,-1.7740,3.363e-20,3.929e-20,3.860e-20,0.0,113.92,0
BottomS61723,9.5359,-1.7630,7.873e-19,1.282e-18,2.541e-18,-0.0014,117.66,0
BottomS61725,9.5565,-1.7711,1.177e-20,1.527e-20,1.876e-20,0.0004,116.09,0
BottomS61727,9.5574,-1.7673,1.677e-20,2.060e-20,2.193e-20,-0.0002,116.48,0
BottomS61730,9.6085,-1.7798,2.113e-19,2.155e-19,1.630e-19,0.0002,113.71,0
BottomS61733,9.5606,-1.7712,3.350e-18,5.071e-18,8.855e-18,-0.0006,115.51,0
BottomS61735,9.5296,-1.7652,2.495e-19,2.499e-19,1.809e-19,0.0004,117.38,0
BottomS61745,9.5237,-1.7588,2.295e-20,2.902e-20,3.341e-20,-0.0002,117.81,0
BottomS61754,9.4982,-1.7553,2.225e-18,3.438e-18,6.329e-18,-0.0001,118.36,0
BottomS61755,9.5607,-1.7661,4.608e-19,4.190e-19,2.596e-19,-0.0,115.67,0
BottomS61765,9.5481,-1.7700,3.608e-18,6.639e-18,1.722e-17,-0.0006,116.78,0
BottomS61766,9.5358,-1.7640,1.584e-20,1.913e-20,2.107e-20,-0.0005,117.83,0
BottomS61772,9.5677,-1.7701,2.671e-19,5.060e-19,1.410e-18,-0.0003,115.12,0
BottomS61775,9.5567,-1.7681,2.077e-19,2.178e-19,1.732e-19,0.0002,116.5,0
BottomS61777,9.5380,-1.7617,3.540e-14,2.467e-14,8.304e-15,-0.0001,116.87,0
BottomS61778,9.5562,-1.7682,1.701e-19,1.725e-19,1.284e-19,-0.0003,116.12,0
BottomS61790,9.5879,-1.7729,3.762e-19,3.581e-19,2.376e-19,0.0007,113.99,0
BottomS61791,9.5554,-1.7703,2.606e-18,4.113e-18,7.606e-18,-0.0005,116.44,0
BottomS61793,9.4945,-1.7583,1.099e-19,1.161e-19,9.693e-20,-0.0002,118.35,0
BottomS61797,9.5770,-1.7769,5.516e-20,6.174e-20,5.680e-20,-0.0002,114.34,0
BottomS61803,9.5537,-1.7664,2.625e-19,2.661e-19,1.930e-19,-0.0001,116.48,0
BottomS61807,9.5497,-1.7613,3.822e-20,4.323e-20,3.912e-20,0.0003,116.37,0
BottomS61808,9.5223,-1.7671,2.085e-18,3.742e-18,8.666e-18,-0.0003,117.74,0
BottomS61809,9.5515,-1.7671,9.553e-20,1.027e-19,8.637e-20,0.0001,116.82,0
BottomS61810,9.4631,-1.7475,3.752e-19,7.510e-19,2.236e-18,0.0004,117.86,0
BottomS61816,9.4992,-1.7552,2.070e-20,2.426e-20,2.534e-20,-0.0001,118.19,0
BottomS61817,9.5437,-1.7708,1.072e-18,9.625e-19,5.723e-19,0.0003,117.55,0
BottomS61823,9.5499,-1.7615,2.688e-20,3.366e-20,3.724e-20,0.0,117.07,0
BottomS61831,9.5513,-1.7618,6.475e-19,1.205e-18,3.164e-18,-0.0001,116.62,0
BottomS61836,9.4369,-1.7442,1.860e-19,1.913e-19,1.482e-19,0.0001,118.2,0
BottomS61840,9.5633,-1.7648,1.781e-19,1.789e-19,1.292e-19,0.0003,115.49,0
BottomS61843,9.5591,-1.7650,2.887e-19,2.715e-19,1.677e-19,0.0002,115.79,0
BottomS61849,9.5725,-1.7658,1.118e-20,1.467e-20,1.852e-20,-0.0003,114.54,0
BottomS61850,9.5646,-1.7713,1.957e-20,2.381e-20,2.540e-20,-0.0002,115.1,0
BottomS61851,9.5354,-1.7646,8.892e-20,1.020e-19,9.737e-20,0.0001,117.32,0
BottomS61854,9.5377,-1.7588,2.830e-20,3.658e-20,4.350e-20,-0.0006,117.38,0
BottomS61855,9.5576,-1.7681,1.505e-20,1.875e-20,2.126e-20,0.0003,116.05,0
BottomS61857,9.5498,-1.7678,1.489e-20,1.934e-20,2.431e-20,0.0004,117.23,0
BottomS61863,9.5708,-1.7703,1.459e-20,1.809e-20,2.116e-20,-0.0003,114.73,0
BottomS61868,9.5562,-1.7754,8.135e-20,8.513e-20,6.787e-20,-0.0003,115.73,0
BottomS61870,9.5610,-1.7655,5.869e-15,3.811e-15,1.187e-15,0.0006,115.13,0
BottomS61873,9.5453,-1.7672,6.319e-20,7.176e-20,6.466e-20,0.0002,116.79,0
BottomS61875,9.6767,-1.7926,1.563e-20,1.996e-20,2.295e-20,-0.0002,113.72,0
BottomS61877,9.5611,-1.7719,1.358e-19,1.469e-19,1.239e-19,0.0002,115.59,0
BottomS61878,9.5677,-1.7543,5.424e-19,9.495e-19,2.199e-18,0.0004,114.65,0
BottomS61879,9.5909,-1.7913,6.453e-19,5.942e-19,3.577e-19,-0.0001,113.78,0
BottomS61880,9.5642,-1.7593,9.849e-20,1.064e-19,8.821e-20,-0.0008,115.5,0
BottomS61883,9.5504,-1.7576,2.960e-18,2.429e-18,1.217e-18,0.0,117.43,0
BottomS61884,9.5826,-1.7493,3.558e-19,6.767e-19,1.790e-18,0.0003,113.83,0
BottomS61889,9.5204,-1.7497,3.406e-20,3.836e-20,3.456e-20,0.0003,118.25,0
BottomS61892,9.5395,-1.7736,1.444e-18,1.273e-18,7.285e-19,0.0003,117.64,0
BottomS61893,9.5597,-1.7740,2.943e-20,3.732e-20,4.236e-20,0.0001,115.79,0
BottomS61895,9.5248,-1.7656,4.722e-20,5.330e-20,5.062e-20,0.0003,118.21,0
BottomS61896,9.5530,-1.7363,1.380e-18,2.849e-18,9.448e-18,-0.0013,117.92,0
BottomS61898,9.5630,-1.7749,1.016e-19,1.092e-19,8.992e-20,0.0,115.18,0
BottomS61900,9.5281,-1.7533,2.962e-18,2.547e-18,1.345e-18,0.0001,118.17,0
BottomS61903,9.5587,-1.7555,5.488e-18,4.779e-18,2.544e-18,0.0003,116.24,0
BottomS61904,9.5790,-1.7860,3.026e-18,2.630e-18,1.484e-18,0.0006,114.3,0
BottomS61905,9.5303,-1.7481,5.695e-19,5.347e-19,3.258e-19,0.0002,117.8,0
BottomS61907,9.5825,-1.7790,3.503e-18,2.839e-18,1.351e-18,-0.0003,114.02,0
BottomS61908,9.5757,-1.7764,9.135e-19,1.725e-18,4.671e-18,-0.0001,114.47,0
BottomS61910,9.5754,-1.7876,6.477e-20,7.142e-20,6.339e-20,0.0001,114.48,0
BottomS61912,9.5567,-1.7527,1.275e-20,1.637e-20,1.941e-20,0.0003,116.91,0
BottomS61913,9.5641,-1.7646,5.787e-14,4.240e-14,1.692e-14,-0.0002,115.32,0
BottomS61914,9.5571,-1.7638,6.612e-20,7.495e-20,7.001e-20,-0.0003,116.17,0
BottomS61915,9.5626,-1.7775,2.598e-14,2.830e-14,2.406e-14,-0.0,115.51,0
BottomS61922,9.5240,-1.7656,1.588e-20,2.031e-20,2.469e-20,-0.0005,117.8,0
BottomS61924,9.5795,-1.7619,4.269e-14,3.153e-14,1.239e-14,0.0005,114.5,0
BottomS61930,9.5541,-1.7682,2.189e-18,1.932e-18,1.093e-18,-0.0001,116.38,0
BottomS61935,9.5862,-1.7783,1.708e-20,2.238e-20,2.879e-20,-0.0003,114.03,0
BottomS61937,9.5330,-1.7664,2.066e-17,1.496e-17,5.655e-18,0.0001,117.94,0
BottomS61938,9.5828,-1.7526,4.944e-20,5.802e-20,5.997e-20,-0.0004,115.1,0
BottomS61941,9.5653,-1.7581,1.069e-18,1.853e-18,4.153e-18,-0.0002,114.56,0
BottomS61943,9.5762,-1.7616,2.725e-19,2.851e-19,2.278e-19,-0.0002,114.53,0
BottomS61945,9.5525,-1.7556,4.538e-14,3.845e-14,2.043e-14,0.0001,116.71,1
BottomS61947,9.5756,-1.7679,4.293e-18,3.434e-18,1.586e-18,0.0006,114.87,0
BottomS61948,9.5720,-1.7601,5.352e-18,4.314e-18,2.039e-18,-0.001,115.24,0
BottomS61949,9.5621,-1.7533,3.483e-19,3.373e-19,2.241e-19,-0.0004,115.59,0
BottomS61954,9.5365,-1.7706,5.462e-18,4.325e-18,1.975e-18,0.0001,117.71,1
BottomS61956,9.5458,-1.7671,2.759e-19,5.200e-19,1.392e-18,0.0005,116.95,0
BottomS61957,9.5681,-1.7805,1.243e-18,1.082e-18,5.853e-19,-0.0005,114.67,0
BottomS61958,9.5398,-1.7534,1.371e-19,1.397e-19,1.034e-19,0.001,117.36,0
BottomS61960,9.5575,-1.7805,5.217e-18,4.340e-18,2.126e-18,0.0005,115.79,0
BottomS61961,9.5493,-1.7815,5.195e-19,4.751e-19,2.930e-19,-0.0001,116.64,0
BottomS61962,9.5635,-1.7978,2.612e-20,3.321e-20,3.876e-20,-0.0004,114.77,0
BottomS61963,9.5620,-1.7554,4.769e-19,4.577e-19,2.882e-19,-0.0002,115.64,0
BottomS61965,9.5377,-1.7614,6.007e-19,5.469e-19,3.339e-19,-0.0009,117.52,0
BottomS61967,9.5644,-1.7629,3.220e-19,3.274e-19,2.342e-19,0.0001,115.46,0
BottomS61969,9.5694,-1.7522,2.946e-18,2.423e-18,1.192e-18,-0.0002,114.95,0
BottomS61972,9.5567,-1.7684,2.550e-20,3.314e-20,4.185e-20,-0.0001,116.17,0
BottomS61973,9.5392,-1.7731,1.019e-18,1.514e-18,2.482e-18,-0.0005,117.1,0
BottomS61974,9.5894,-1.7782,3.992e-19,4.027e-19,2.960e-19,0.0006,113.93,0
BottomS61976,9.5887,-1.7673,2.722e-20,3.348e-20,3.742e-20,0.0011,113.88,0
BottomS61977,9.5724,-1.7822,1.095e-19,1.190e-19,1.013e-19,0.0007,114.28,0
BottomS61978,9.5653,-1.7589,1.267e-19,1.447e-19,1.324e-19,0.0006,114.61,0
BottomS61979,9.5327,-1.7520,3.372e-18,9.015e-18,4.975e-17,0.0001,118.05,1
BottomS61981,9.5707,-1.7620,1.234e-19,1.333e-19,1.088e-19,0.0001,114.77,0
BottomS61982,9.5656,-1.7747,1.307e-19,1.347e-19,9.974e-20,0.0001,114.98,0
BottomS61983,9.5500,-1.7584,9.744e-19,8.417e-19,4.507e-19,-0.0003,116.88,0
BottomS61984,9.5426,-1.7843,2.826e-17,2.122e-17,8.663e-18,0.0003,117.92,0
BottomS61985,9.5606,-1.7767,1.313e-19,1.418e-19,1.220e-19,0.0008,115.27,0
BottomS61986,9.5527,-1.7528,6.049e-20,6.862e-20,6.385e-20,0.0003,117.65,0
BottomS61987,9.5634,-1.7867,7.159e-19,6.411e-19,3.708e-19,-0.0002,115.46,0
BottomS61992,9.5709,-1.7483,1.362e-20,1.721e-20,2.049e-20,-0.0002,114.07,0
BottomS61993,9.5567,-1.7735,1.306e-18,1.121e-18,5.713e-19,-0.0001,115.95,0
BottomS61997,9.5586,-1.7539,4.527e-20,5.588e-20,6.269e-20,0.0001,116.76,0
BottomS62000,9.5690,-1.7682,1.261e-18,1.158e-18,6.997e-19,0.0004,114.97,0
BottomS62002,9.5651,-1.7583,1.279e-18,2.355e-18,6.129e-18,0.0008,115.74,0
BottomS62006,9.5555,-1.7660,1.336e-19,1.343e-19,9.985e-20,0.0013,116.19,0
BottomS62008,9.5144,-1.7852,2.835e-19,2.835e-19,2.094e-19,-0.0003,118.2,0
BottomS62013,9.5679,-1.7798,4.730e-20,5.450e-20,5.123e-20,0.0008,114.98,0
BottomS62014,9.5773,-1.7746,1.289e-20,1.783e-20,2.559e-20,-0.0003,114.26,0
BottomS62020,9.5362,-1.7728,2.684e-19,2.694e-19,1.927e-19,0.0004,117.81,0
BottomS62024,9.5378,-1.7674,1.641e-19,1.742e-19,1.395e-19,-0.0004,117.59,0
BottomS62026,9.5890,-1.7978,1.041e-20,1.364e-20,1.712e-20,0.0004,113.88,0
BottomS62027,9.5354,-1.7609,2.271e-19,2.254e-19,1.633e-19,0.0002,117.86,0
BottomS62028,9.5497,-1.7501,7.387e-19,6.545e-19,3.670e-19,-0.0003,117.76,0
BottomS62029,9.5332,-1.7706,2.536e-19,2.750e-19,2.311e-19,-0.0004,117.96,0
BottomS62030,9.5301,-1.7630,8.983e-20,9.657e-20,8.028e-20,0.0001,118.11,0
BottomS62031,9.5629,-1.7685,1.534e-18,1.387e-18,8.150e-19,-0.0,115.24,0
BottomS62035,9.5534,-1.7651,9.856e-19,9.432e-19,6.200e-19,-0.0002,116.9,0
BottomS62036,9.5530,-1.7661,9.425e-20,9.964e-20,7.906e-20,-0.0007,116.74,0
BottomS62038,9.5478,-1.7656,4.628e-20,5.558e-20,5.758e-20,0.0001,117.13,0
BottomS62040,9.5688,-1.7703,1.250e-18,1.052e-18,5.389e-19,-0.0002,114.83,0
BottomS62041,9.5628,-1.7678,9.479e-19,8.569e-19,5.201e-19,0.0007,115.2,0
BottomS62042,9.5673,-1.7738,7.447e-18,6.046e-18,2.868e-18,0.0001,114.98,0
BottomS62045,9.5745,-1.7719,1.011e-19,1.110e-19,9.925e-20,-0.0002,114.6,0
BottomS62046,9.5669,-1.7691,1.909e-20,2.372e-20,2.716e-20,-0.0005,114.99,0
BottomS62048,9.5674,-1.7710,5.879e-20,6.367e-20,5.500e-20,0.0001,115.03,0
BottomS62049,9.5499,-1.7664,1.099e-19,1.271e-19,1.203e-19,-0.0002,116.72,0
BottomS62051,9.5687,-1.7689,7.874e-19,7.098e-19,4.223e-19,-0.0002,114.94,0
BottomS62055,9.5527,-1.7711,4.825e-19,4.559e-19,2.920e-19,0.0006,116.61,0
BottomS62057,9.5474,-1.7681,3.679e-19,3.660e-19,2.535e-19,-0.0002,116.98,0
BottomS62058,9.5503,-1.7636,5.648e-19,5.170e-19,3.125e-19,-0.0001,117.0,0
BottomS62062,9.5423,-1.7649,3.573e-19,3.433e-19,2.365e-19,0.0003,117.36,0
BottomS62064,9.5747,-1.7714,2.126e-19,2.159e-19,1.649e-19,0.0001,114.71,0
BottomS62066,9.5686,-1.7698,1.203e-20,1.668e-20,2.305e-20,0.0005,115.08,0
BottomS62067,9.5497,-1.7673,4.163e-14,2.953e-14,1.082e-14,-0.0004,116.94,0
BottomS62069,9.5438,-1.7654,6.285e-20,6.775e-20,5.744e-20,-0.0007,117.25,0
BottomS62070,9.5707,-1.7722,1.409e-18,2.773e-18,7.933e-18,-0.0006,114.91,0
BottomS62071,9.5403,-1.7640,4.600e-18,3.796e-18,1.862e-18,0.0001,117.43,0
BottomS62072,9.5502,-1.7682,1.464e-19,1.525e-19,1.174e-19,0.0003,117.03,0
BottomS62074,9.5707,-1.7749,4.178e-14,3.116e-14,1.281e-14,-0.0002,114.8,0
BottomS62077,9.5505,-1.7661,4.175e-14,2.943e-14,1.060e-14,0.0002,116.82,0
BottomS62080,9.5403,-1.7708,5.496e-18,4.438e-18,2.028e-18,-0.0001,117.44,0
BottomS62081,9.5371,-1.7653,2.272e-18,3.959e-18,8.784e-18,-0.0006,117.58,0
BottomS62082,9.5484,-1.7652,5.516e-19,8.494e-19,1.459e-18,-0.0002,117.05,0
BottomS62083,9.5469,-1.7660,5.373e-19,5.044e-19,3.137e-19,-0.0004,116.95,0
BottomS62086,9.5716,-1.7713,2.733e-20,3.312e-20,3.628e-20,0.0009,114.7,0
BottomS62089,9.5439,-1.7668,4.702e-19,9.848e-19,3.375e-18,0.0001,117.26,0
BottomS62091,9.5471,-1.7673,5.682e-18,4.607e-18,2.265e-18,0.0001,117.06,0
BottomS62098,9.5663,-1.7678,3.235e-20,3.782e-20,3.777e-20,-0.0004,115.23,0
BottomS62099,9.5664,-1.7712,2.805e-20,3.395e-20,3.600e-20,-0.0002,114.94,0
BottomS62101,9.5405,-1.7645,4.780e-18,3.869e-18,1.824e-18,0.0002,117.48,0
BottomS62102,9.5418,-1.7646,5.021e-19,1.080e-18,3.823e-18,0.0006,117.48,0
BottomS62104,9.5722,-1.7711,7.737e-20,8.392e-20,7.270e-20,0.0008,114.8,0
BottomS62105,9.5450,-1.7647,1.332e-19,1.415e-19,1.145e-19,0.0008,117.26,0
BottomS62106,9.5663,-1.7703,6.606e-19,6.274e-19,4.058e-19,-0.0002,115.08,0
BottomS62107,9.5426,-1.7640,4.199e-19,4.128e-19,2.994e-19,0.0002,117.26,0
BottomS62108,9.5737,-1.7669,7.099e-19,1.433e-18,4.306e-18,-0.0005,114.81,0
BottomS62109,9.5465,-1.7676,1.398e-20,1.816e-20,2.306e-20,0.0005,117.02,0
BottomS62112,9.5754,-1.7723,3.525e-19,3.422e-19,2.351e-19,-0.0005,114.72,0
BottomS62114,9.5676,-1.7671,1.155e-20,1.485e-20,1.826e-20,-0.0006,115.03,0
BottomS62115,9.5658,-1.7722,2.835e-20,3.424e-20,3.563e-20,0.0001,115.23,0
BottomS62118,9.5692,-1.7715,8.554e-19,1.435e-18,3.049e-18,0.0004,114.99,0
BottomS62120,9.5417,-1.7674,8.953e-19,8.029e-19,4.791e-19,0.0009,117.28,0
BottomS62121,9.5686,-1.7708,1.136e-18,1.033e-18,6.269e-19,0.0006,115.12,0
BottomS62122,9.5720,-1.7696,9.244e-19,8.530e-19,5.285e-19,-0.001,115.04,0
BottomS62123,9.5746,-1.7738,5.035e-14,3.789e-14,1.546e-14,0.0004,114.74,1
BottomS62124,9.5756,-1.7749,2.831e-20,3.305e-20,3.359e-20,-0.0009,114.7,0
BottomS62125,9.5403,-1.7648,8.174e-19,7.281e-19,4.074e-19,0.0004,117.32,0
BottomS62127,9.5729,-1.7730,2.440e-14,1.681e-14,5.879e-15,0.0001,114.97,0
BottomS62128,9.5348,-1.7651,5.232e-20,5.910e-20,5.306e-20,-0.0005,117.47,0
BottomS62130,9.5755,-1.7741,1.213e-18,1.043e-18,5.537e-19,0.0009,114.58,0
BottomS62131,9.5469,-1.7659,5.312e-18,4.281e-18,1.985e-18,0.0003,116.91,0
BottomS62133,9.5411,-1.7658,1.178e-19,1.316e-19,1.180e-19,-0.0002,117.32,0
BottomS62135,9.5472,-1.7675,9.239e-19,1.535e-18,3.137e-18,0.0006,116.92,0
BottomS62139,9.5737,-1.7731,5.742e-20,6.463e-20,5.763e-20,-0.0008,114.62,0
BottomS62140,9.5401,-1.7655,1.943e-18,1.635e-18,8.369e-19,0.0007,117.33,0
BottomS62141,9.5709,-1.7708,3.996e-20,4.507e-20,4.185e-20,-0.0002,114.82,0
BottomS62144,9.5409,-1.7644,8.557e-20,9.682e-20,8.726e-20,-0.0003,117.24,0
BottomS62145,9.5790,-1.7700,6.560e-20,7.619e-20,7.191e-20,0.0,114.58,0
BottomS62149,9.5376,-1.7638,1.154e-20,1.459e-20,1.767e-20,0.0004,117.57,0
BottomS62150,9.5791,-1.7709,3.542e-19,3.409e-19,2.217e-19,0.0008,114.53,0
BottomS62151,9.5401,-1.7662,1.612e-18,3.664e-18,1.481e-17,-0.0004,117.45,1
BottomS62153,9.5759,-1.7697,1.871e-14,1.315e-14,4.648e-15,0.0004,114.68,0
BottomS62155,9.5755,-1.7706,4.610e-14,3.323e-14,1.220e-14,0.0003,114.8,0
BottomS62156,9.5718,-1.7729,5.667e-19,1.088e-18,3.035e-18,-0.0002,114.99,0
BottomS62163,9.5685,-1.7740,3.224e-14,2.433e-14,1.002e-14,-0.0005,115.16,1
BottomS62165,9.5791,-1.7685,2.864e-19,2.856e-19,2.087e-19,0.0001,114.61,0
BottomS62166,9.5790,-1.7731,1.723e-18,2.725e-18,5.131e-18,-0.0003,114.53,0
BottomS62167,9.5364,-1.7619,1.255e-15,2.335e-15,6.198e-15,0.0003,117.59,0
BottomS62168,9.5361,-1.7654,7.898e-19,7.498e-19,4.596e-19,-0.0004,117.43,0
BottomS62169,9.5833,-1.7728,1.185e-19,1.288e-19,1.134e-19,0.0007,114.63,0
BottomS62172,9.5359,-1.7656,3.931e-20,4.679e-20,4.875e-20,0.0007,117.41,0
BottomS62175,9.5347,-1.7654,1.967e-17,1.438e-17,5.699e-18,-0.0002,117.69,0
BottomS62177,9.5746,-1.7717,2.820e-19,2.760e-19,1.914e-19,-0.0009,114.58,0
BottomS62181,9.5345,-1.7672,1.025e-17,8.028e-18,3.468e-18,-0.0007,117.46,1
BottomS62183,9.5337,-1.7638,4.072e-17,2.973e-17,1.110e-17,0.001,117.38,0
BottomS62185,9.5811,-1.7748,1.845e-19,1.841e-19,1.337e-19,0.0002,114.58,0
BottomS62186,9.5795,-1.7718,1.560e-19,1.583e-19,1.217e-19,-0.0008,114.63,0
BottomS62187,9.5425,-1.7652,1.358e-19,1.416e-19,1.103e-19,0.0002,117.19,0
BottomS62190,9.5834,-1.7709,8.010e-19,7.466e-19,4.598e-19,-0.0,114.54,0
BottomS62193,9.5370,-1.7639,3.575e-20,4.197e-20,4.121e-20,-0.0006,117.31,0
BottomS62194,9.5292,-1.7630,8.810e-20,9.555e-20,7.777e-20,0.0006,117.5,0
BottomS62195,9.5825,-1.7749,5.464e-19,8.486e-19,1.516e-18,0.0001,114.59,0
BottomS62196,9.5802,-1.7718,3.597e-18,3.034e-18,1.489e-18,0.0001,114.58,0
BottomS62199,9.5381,-1.7655,1.471e-19,1.548e-19,1.310e-19,-0.0004,117.37,0
BottomS62200,9.5282,-1.7639,1.412e-17,1.162e-17,5.586e-18,0.0007,117.56,0
BottomS62201,9.5363,-1.7646,2.937e-14,2.078e-14,7.547e-15,-0.0008,117.36,0
BottomS62202,9.5333,-1.7641,2.121e-14,1.444e-14,4.910e-15,-0.0003,117.42,0
BottomS62207,9.5804,-1.7741,9.477e-19,8.319e-19,4.834e-19,0.0002,114.74,0
BottomS62209,9.5887,-1.7738,2.396e-18,3.771e-18,6.903e-18,-0.0011,114.48,0
BottomS62210,9.5436,-1.7650,6.963e-19,1.437e-18,4.629e-18,0.0003,117.04,0
BottomS62211,9.5868,-1.7733,6.927e-19,6.402e-19,3.891e-19,-0.0,114.51,1
BottomS62212,9.5313,-1.7618,3.464e-18,2.979e-18,1.593e-18,0.0009,117.59,0
BottomS62213,9.5295,-1.7646,1.558e-20,2.067e-20,2.750e-20,0.0005,117.75,0
BottomS62215,9.5293,-1.7600,2.046e-18,1.688e-18,8.367e-19,-0.0002,117.59,0
BottomS62216,9.5292,-1.7645,5.409e-18,4.485e-18,2.287e-18,0.0009,117.47,0
BottomS62218,9.5276,-1.7650,1.076e-18,1.787e-18,3.601e-18,-0.0001,117.42,0
BottomS62219,9.5784,-1.7714,1.093e-18,9.837e-19,5.910e-19,0.0004,114.94,0
BottomS62220,9.5216,-1.7625,1.944e-18,3.206e-18,6.229e-18,0.0001,117.6,0
BottomS62224,9.5871,-1.7725,3.572e-20,4.007e-20,3.534e-20,0.0013,114.48,0
BottomS62226,9.5281,-1.7654,5.860e-19,1.015e-18,2.278e-18,0.001,117.57,0
BottomS62227,9.5255,-1.7666,3.969e-19,3.721e-19,2.405e-19,0.0001,117.5,0
BottomS62236,9.5212,-1.7615,7.298e-18,5.725e-18,2.535e-18,0.0003,117.7,1
BottomS62237,9.5917,-1.7759,6.877e-19,1.288e-18,3.416e-18,0.0002,114.51,0
BottomS62238,9.5923,-1.7740,1.271e-16,9.021e-17,3.221e-17,0.001,114.55,0
BottomS62239,9.5265,-1.7630,1.966e-18,1.807e-18,1.077e-18,0.0,117.43,0
BottomS62240,9.5873,-1.7734,1.189e-18,1.138e-18,7.455e-19,0.0004,114.72,0
BottomS62241,9.5289,-1.7619,1.439e-18,1.298e-18,7.653e-19,0.0007,117.28,0
BottomS62242,9.5344,-1.7636,7.070e-17,4.994e-17,1.801e-17,0.0003,117.09,0
BottomS62243,9.5821,-1.7721,1.511e-17,1.198e-17,5.305e-18,0.0005,115.02,0
BottomS62244,9.5760,-1.7722,3.625e-18,3.051e-18,1.532e-18,-0.0003,115.22,0
BottomS62245,9.5405,-1.7655,2.548e-17,2.021e-17,9.128e-18,0.0005,116.76,0
BottomS62246,9.5422,-1.7667,5.000e-14,3.525e-14,1.304e-14,-0.0003,116.68,0
BottomS62247,9.5450,-1.7672,6.649e-18,5.385e-18,2.566e-18,-0.0001,116.57,0
BottomS62249,9.5508,-1.7680,7.377e-19,6.604e-19,3.977e-19,0.0004,116.32,0
BottomS62250,9.5552,-1.7693,1.181e-16,8.140e-17,2.844e-17,-0.0002,116.13,0
BottomS62251,9.5559,-1.7689,5.356e-17,3.756e-17,1.385e-17,0.0003,116.1,0
BottomS62252,9.5565,-1.7669,3.188e-17,2.323e-17,8.954e-18,-0.0001,116.09,0
BottomS62253,9.5635,-1.7715,2.553e-16,1.748e-16,5.940e-17,-0.0003,115.8,0
BottomS62254,9.5683,-1.7727,5.335e-18,4.314e-18,2.069e-18,-0.0009,115.62,0
BottomS62255,9.5675,-1.7724,2.904e-18,2.541e-18,1.370e-18,-0.0001,115.62,0
BottomS62256,9.5713,-1.7717,4.631e-14,3.257e-14,1.180e-14,0.0005,115.51,0
BottomS62257,9.5749,-1.7717,5.195e-20,5.618e-20,4.626e-20,0.001,115.38,0
BottomS62258,9.5354,-1.7619,1.377e-18,1.201e-18,6.756e-19,-0.0005,116.94,0
BottomS62259,9.5840,-1.7740,2.625e-19,2.674e-19,2.017e-19,-0.0002,115.06,0
BottomS62260,9.5862,-1.7747,2.524e-17,1.858e-17,7.329e-18,0.0006,115.0,0
BottomS62261,9.5916,-1.7771,7.364e-17,5.202e-17,1.901e-17,0.0008,114.8,0
BottomS62262,9.5907,-1.7758,5.030e-18,3.951e-18,1.735e-18,0.0006,114.75,0
BottomS62263,9.5144,-1.7584,3.060e-18,5.815e-18,1.541e-17,-0.0007,117.45,0
BottomS62264,9.6031,-1.7797,7.263e-18,5.846e-18,2.663e-18,-0.0004,114.5,0
BottomS62265,9.6025,-1.7775,2.178e-17,1.606e-17,6.472e-18,0.0,114.45,0
BottomS62266,9.5077,-1.7565,1.272e-16,8.913e-17,3.237e-17,0.0009,117.81,0
BottomS62267,9.5028,-1.7551,4.624e-18,3.739e-18,1.713e-18,0.0004,117.86,0
BottomS62268,9.6146,-1.7821,6.898e-18,5.345e-18,2.397e-18,-0.0003,114.11,1
BottomS62269,9.5001,-1.7547,5.086e-20,5.438e-20,4.663e-20,-0.0005,118.02,0
BottomS62270,9.6186,-1.7823,1.817e-16,1.262e-16,4.243e-17,-0.0003,114.01,0
BottomS62271,9.4964,-1.7554,1.377e-17,1.076e-17,4.545e-18,-0.0003,118.18,1
BottomS62272,9.4958,-1.7560,1.285e-18,1.124e-18,6.279e-19,0.0011,118.25,0
BottomS62273,9.4869,-1.7529,4.920e-15,3.364e-15,1.101e-15,-0.0005,118.33,0
BottomS62274,9.6301,-1.7832,9.602e-19,9.200e-19,5.946e-19,-0.0002,113.7,0
BottomS62275,9.4878,-1.7537,1.180e-16,8.084e-17,2.885e-17,-0.0004,118.4,0
BottomS62276,9.6334,-1.7864,2.718e-14,1.856e-14,6.429e-15,-0.0003,113.61,0
BottomS62277,9.6278,-1.7839,1.813e-17,1.461e-17,6.979e-18,0.0001,113.58,0
BottomS62278,9.4799,-1.7528,6.675e-17,4.755e-17,1.800e-17,-0.0008,118.51,0
BottomS62279,9.4783,-1.7515,1.491e-16,1.042e-16,3.660e-17,-0.0002,118.58,0
BottomS62280,9.4791,-1.7533,2.373e-14,1.897e-14,8.498e-15,0.0003,118.52,1
BottomS62281,9.4777,-1.7516,3.236e-18,2.753e-18,1.383e-18,0.0001,118.58,0
BottomS62282,9.6349,-1.7835,5.219e-17,3.941e-17,1.684e-17,0.0005,113.52,0
BottomS62283,9.6365,-1.7854,1.191e-16,7.966e-17,2.526e-17,-0.0,113.5,0
BottomS62284,9.6383,-1.7845,6.043e-19,5.509e-19,3.303e-19,0.0,113.5,0
BottomS62285,9.6381,-1.7846,1.486e-18,1.250e-18,6.481e-19,-0.0003,113.58,0
BottomS62286,9.6400,-1.7836,2.982e-20,3.477e-20,3.403e-20,-0.0004,113.59,0
BottomS62287,9.6358,-1.7837,4.372e-20,4.958e-20,4.711e-20,0.0003,113.6,0
BottomS62288,9.6394,-1.7851,2.105e-16,1.445e-16,4.917e-17,-0.0003,113.62,0
BottomS62289,9.4821,-1.7532,1.986e-18,3.330e-18,6.999e-18,0.0001,118.42,0
BottomS62290,9.6366,-1.7839,1.649e-17,1.267e-17,5.367e-18,-0.001,113.71,1
BottomS62291,9.6324,-1.7825,3.106e-17,2.268e-17,8.790e-18,0.0009,113.83,0
BottomS62292,9.6331,-1.7832,8.795e-18,6.688e-18,2.871e-18,0.0006,113.85,0
BottomS62293,9.6275,-1.7811,2.568e-18,2.355e-18,1.417e-18,-0.0,113.88,0
BottomS62294,9.4919,-1.7566,2.327e-18,2.029e-18,1.118e-18,0.0006,118.06,0
BottomS62295,9.4918,-1.7560,1.664e-16,1.149e-16,3.989e-17,0.001,118.03,0
BottomS62296,9.6207,-1.7814,2.999e-17,2.263e-17,9.547e-18,0.0007,114.14,1
BottomS62297,9.6165,-1.7802,1.474e-18,1.259e-18,6.735e-19,-0.0015,114.28,0
BottomS62298,9.4955,-1.7565,4.251e-17,3.074e-17,1.169e-17,-0.0002,117.71,0
BottomS62299,9.6142,-1.7779,8.613e-17,5.969e-17,2.122e-17,-0.0007,114.45,0
BottomS62300,9.6091,-1.7786,6.472e-17,4.516e-17,1.632e-17,0.0006,114.55,0
BottomS62301,9.5113,-1.7601,1.327e-16,9.252e-17,3.146e-17,-0.0008,117.41,0
BottomS62302,9.5142,-1.7609,4.424e-17,3.146e-17,1.153e-17,0.0002,117.28,0
BottomS62303,9.6018,-1.7763,9.615e-18,7.317e-18,3.142e-18,-0.0005,114.84,1
BottomS62304,9.5215,-1.7605,5.339e-20,6.047e-20,5.577e-20,0.0002,117.07,0
BottomS62305,9.5852,-1.7732,4.450e-18,3.615e-18,1.683e-18,0.0003,115.25,0
BottomS62306,9.5850,-1.7711,3.135e-14,2.213e-14,8.154e-15,-0.0003,115.27,0
BottomS62307,9.5353,-1.7660,1.316e-16,9.371e-17,3.564e-17,-0.0006,116.67,0
BottomS62308,9.5369,-1.7657,1.942e-17,1.444e-17,5.751e-18,-0.0005,116.61,0
BottomS62309,9.5705,-1.7699,4.399e-14,4.342e-14,2.962e-14,0.0004,115.68,1
BottomS62312,9.5578,-1.7674,1.296e-17,9.825e-18,3.922e-18,-0.0002,116.04,0
BottomS62313,9.5521,-1.7651,1.189e-14,7.573e-15,2.328e-15,0.0004,116.21,0
BottomS62314,9.5548,-1.7655,7.672e-17,5.647e-17,2.129e-17,0.0002,116.13,0
BottomS62315,9.5431,-1.7640,1.463e-16,1.012e-16,3.493e-17,-0.0004,116.45,0
BottomS62316,9.5777,-1.7749,7.359e-19,6.609e-19,3.907e-19,0.0008,115.5,0
BottomS62317,9.5286,-1.7615,1.581e-17,1.178e-17,4.851e-18,0.0008,116.81,0
BottomS62318,9.5254,-1.7599,2.422e-18,1.987e-18,9.516e-19,0.0006,116.89,0
BottomS62319,9.5913,-1.7761,4.122e-17,3.068e-17,1.224e-17,0.0005,115.15,0
BottomS62321,9.6012,-1.7789,8.686e-15,5.942e-15,1.983e-15,0.0003,114.85,0
BottomS62322,9.5103,-1.7558,5.210e-20,6.072e-20,6.054e-20,0.0003,117.3,0
BottomS62323,9.5041,-1.7549,2.339e-17,1.811e-17,7.818e-18,0.0006,117.51,1
BottomS62324,9.4954,-1.7530,1.750e-17,1.296e-17,5.315e-18,-0.0001,117.64,0
BottomS62325,9.6229,-1.7834,2.076e-17,1.546e-17,6.271e-18,0.0007,114.38,0
BottomS62326,9.4884,-1.7533,8.148e-17,5.709e-17,2.034e-17,0.0,117.82,0
BottomS62327,9.6299,-1.7838,1.628e-18,2.788e-18,6.332e-18,-0.0002,114.18,0
BottomS62328,9.6310,-1.7850,4.459e-18,3.854e-18,2.042e-18,0.0001,114.14,0
BottomS62329,9.6365,-1.7848,1.055e-18,9.496e-19,5.566e-19,-0.0009,114.0,0
BottomS62330,9.6377,-1.7859,2.416e-17,1.817e-17,7.160e-18,-0.0007,113.92,0
BottomS62331,9.4689,-1.7485,8.101e-19,1.408e-18,3.307e-18,-0.0,118.22,0
BottomS62332,9.6463,-1.7884,7.314e-18,5.857e-18,2.654e-18,0.0002,113.75,1
BottomS62333,9.4667,-1.7486,6.354e-17,4.459e-17,1.579e-17,-0.0003,118.36,0
BottomS62334,9.6499,-1.7882,4.636e-17,3.472e-17,1.368e-17,0.0003,113.68,0
BottomS62335,9.6577,-1.7906,4.281e-19,3.940e-19,2.460e-19,-0.0002,113.56,0
BottomS62336,9.4615,-1.7475,4.677e-17,3.271e-17,1.185e-17,-0.0002,118.58,0
BottomS62337,9.4535,-1.7449,7.206e-17,2.397e-16,2.141e-15,0.0001,118.53,1
BottomS62338,9.6603,-1.7899,6.886e-16,4.449e-16,1.359e-16,0.0004,113.47,0
BottomS62339,9.4543,-1.7476,1.612e-17,1.156e-17,4.302e-18,-0.0002,118.66,0
BottomS62340,9.6622,-1.7890,4.647e-17,3.417e-17,1.311e-17,0.0002,113.44,0
BottomS62341,9.4506,-1.7456,1.093e-16,7.901e-17,2.915e-17,-0.0007,118.65,0
BottomS62342,9.4501,-1.7459,1.814e-17,1.384e-17,5.999e-18,-0.0002,118.7,1
BottomS62343,9.6603,-1.7898,2.200e-18,4.898e-18,1.908e-17,-0.0006,113.41,1
BottomS62344,9.6657,-1.7902,2.091e-18,1.840e-18,1.019e-18,0.0008,113.38,0
BottomS62345,9.6659,-1.7903,7.821e-18,6.347e-18,3.044e-18,0.0002,113.44,0
BottomS62346,9.4477,-1.7459,5.829e-17,4.017e-17,1.361e-17,0.0005,118.61,0
BottomS62347,9.6643,-1.7899,7.733e-19,7.033e-19,4.255e-19,-0.0005,113.47,0
BottomS62348,9.6673,-1.7894,6.842e-17,4.907e-17,1.912e-17,0.0002,113.51,0
BottomS62350,9.6589,-1.7893,1.386e-16,9.774e-17,3.631e-17,0.0009,113.57,0
BottomS62351,9.6547,-1.7863,1.312e-18,1.148e-18,6.265e-19,0.0012,113.67,0
BottomS62352,9.4619,-1.7495,6.285e-19,6.009e-19,4.081e-19,-0.0011,118.33,0
BottomS62353,9.4643,-1.7504,8.137e-18,6.365e-18,2.865e-18,-0.0011,118.29,1
BottomS62354,9.6497,-1.7874,4.704e-19,4.211e-19,2.427e-19,-0.0004,113.89,0
BottomS62355,9.4756,-1.7528,2.616e-18,2.246e-18,1.146e-18,0.0003,118.15,0
BottomS62356,9.4723,-1.7531,9.032e-17,6.366e-17,2.229e-17,0.0006,118.06,0
BottomS62357,9.4748,-1.7517,3.879e-17,2.708e-17,9.622e-18,-0.0001,117.95,0
BottomS62358,9.4779,-1.7541,3.970e-18,3.068e-18,1.339e-18,0.0008,117.83,1
BottomS62359,9.6317,-1.7826,2.903e-17,2.209e-17,9.213e-18,0.0002,114.3,0
BottomS62360,9.6282,-1.7809,7.038e-19,6.635e-19,4.086e-19,0.0009,114.43,0
BottomS62361,9.6214,-1.7796,1.559e-17,1.180e-17,4.850e-18,-0.0002,114.55,1
BottomS62362,9.4932,-1.7575,2.270e-17,1.678e-17,6.563e-18,0.0001,117.46,0
BottomS62363,9.5005,-1.7577,4.568e-19,9.479e-19,3.010e-18,-0.0005,117.3,0
BottomS62364,9.6030,-1.7765,1.282e-17,9.766e-18,3.969e-18,-0.0,114.96,1
BottomS62365,9.5153,-1.7621,5.195e-17,3.773e-17,1.453e-17,-0.0012,117.03,0
BottomS62366,9.5201,-1.7639,4.604e-17,3.276e-17,1.226e-17,0.0004,116.9,0
BottomS62367,9.5918,-1.7747,1.279e-17,9.754e-18,4.091e-18,0.0,115.24,1
BottomS62368,9.5255,-1.7642,1.409e-17,1.085e-17,4.630e-18,0.0001,116.71,1
BottomS62369,9.5827,-1.7724,4.084e-18,3.350e-18,1.653e-18,0.0009,115.48,0
BottomS62370,9.5445,-1.7672,1.585e-18,2.726e-18,6.246e-18,-0.0004,116.34,0
BottomS62371,9.5623,-1.7666,1.258e-18,2.410e-18,6.552e-18,-0.0001,115.95,0
BottomS62372,9.5545,-1.7698,1.297e-17,1.049e-17,4.927e-18,-0.0001,116.11,0
BottomS62373,9.5556,-1.7657,1.216e-15,7.995e-16,2.481e-16,0.0003,116.1,0
BottomS62374,9.5629,-1.7721,1.294e-18,2.727e-18,9.083e-18,-0.0006,115.91,0
BottomS62375,9.5677,-1.7736,3.325e-14,2.262e-14,7.852e-15,-0.0008,115.81,0
BottomS62376,9.5778,-1.7754,6.673e-17,4.828e-17,1.825e-17,-0.0005,115.57,0
BottomS62377,9.5282,-1.7602,1.076e-16,7.542e-17,2.699e-17,-0.0,116.72,0
BottomS62378,9.5232,-1.7593,8.338e-19,1.569e-18,4.284e-18,-0.0001,116.83,0
BottomS62379,9.6002,-1.7773,2.532e-17,1.925e-17,8.341e-18,0.0003,115.07,1
BottomS62380,9.5108,-1.7566,2.021e-14,1.385e-14,4.718e-15,-0.0007,117.07,0
BottomS62381,9.5026,-1.7547,3.209e-16,2.116e-16,6.837e-17,-0.0003,117.25,0
BottomS62382,9.6195,-1.7827,3.323e-18,6.362e-18,1.765e-17,0.0001,114.74,0
BottomS62383,9.4907,-1.7528,3.463e-18,2.891e-18,1.469e-18,-0.0003,117.46,0
BottomS62384,9.4875,-1.7522,2.614e-18,2.176e-18,1.097e-18,0.0002,117.6,0
BottomS62385,9.4799,-1.7506,1.194e-18,1.075e-18,6.200e-19,0.0004,117.61,0
BottomS62386,9.6383,-1.7869,1.745e-17,1.298e-17,5.212e-18,-0.0007,114.35,0
BottomS62387,9.4729,-1.7481,2.276e-17,1.763e-17,7.730e-18,-0.0006,117.85,0
BottomS62388,9.6494,-1.7895,4.008e-14,2.963e-14,1.151e-14,0.0003,114.09,0
BottomS62389,9.4638,-1.7477,2.035e-18,1.690e-18,8.411e-19,0.0003,118.11,0
BottomS62390,9.5266,-1.7644,2.609e-18,2.061e-18,9.664e-19,0.0003,117.4,1
BottomS62391,9.5240,-1.7611,1.582e-18,3.796e-18,1.674e-17,0.0004,117.44,1
BottomS62394,9.5364,-1.7647,1.677e-18,1.430e-18,7.545e-19,-0.001,117.03,0
BottomS62396,9.5408,-1.7656,1.586e-17,1.208e-17,5.049e-18,0.0005,116.82,1
BottomS62398,9.5445,-1.7655,8.894e-17,6.212e-17,2.256e-17,0.0001,116.63,0
BottomS62399,9.5730,-1.7698,1.092e-18,2.001e-18,5.106e-18,0.0002,115.41,0
BottomS62400,9.5454,-1.7683,3.169e-18,2.603e-18,1.323e-18,0.0002,116.55,0
BottomS62401,9.5684,-1.7688,2.623e-19,2.660e-19,1.952e-19,0.0001,115.6,0
BottomS62402,9.5501,-1.7690,4.552e-18,3.774e-18,1.860e-18,-0.0003,116.35,0
BottomS62403,9.5520,-1.7649,1.589e-20,2.051e-20,2.487e-20,0.0001,116.29,0
BottomS62404,9.5676,-1.7682,9.077e-19,8.422e-19,5.424e-19,-0.0005,115.65,0
BottomS62405,9.5528,-1.7712,4.084e-19,3.810e-19,2.358e-19,-0.0001,116.21,0
BottomS62406,9.5606,-1.7687,3.136e-20,3.520e-20,3.310e-20,0.0001,115.92,0
BottomS62407,9.5516,-1.7666,7.076e-18,5.610e-18,2.555e-18,-0.0005,116.26,1
BottomS62409,9.5647,-1.7710,2.700e-17,2.124e-17,9.281e-18,-0.0001,115.73,1
BottomS62410,9.5698,-1.7721,8.998e-18,7.488e-18,3.620e-18,0.0002,115.52,0
BottomS62411,9.5466,-1.7668,6.840e-19,1.388e-18,4.350e-18,0.0007,116.5,0
BottomS62413,9.5759,-1.7751,7.045e-19,1.493e-18,5.177e-18,-0.0003,115.28,0
BottomS62414,9.5417,-1.7632,3.158e-18,2.794e-18,1.574e-18,-0.0003,116.74,0
BottomS62415,9.5809,-1.7729,2.083e-18,2.942e-18,4.441e-18,-0.0004,115.08,0
BottomS62416,9.5381,-1.7637,1.195e-18,1.138e-18,7.636e-19,-0.0007,116.86,0
BottomS62417,9.5822,-1.7753,6.390e-20,7.195e-20,6.564e-20,-0.0003,115.1,0
BottomS62419,9.5894,-1.7768,3.920e-19,3.882e-19,2.698e-19,-0.0007,114.83,0
BottomS62420,9.5180,-1.7586,3.745e-18,2.995e-18,1.409e-18,0.0001,117.44,0
BottomS62421,9.5186,-1.7592,5.828e-20,6.243e-20,5.384e-20,0.0,117.49,0
BottomS62422,9.5147,-1.7546,4.228e-17,3.141e-17,1.274e-17,0.0008,117.54,0
BottomS62423,9.5253,-1.7614,2.223e-18,4.870e-18,1.810e-17,-0.0,117.47,1
BottomS62424,9.5949,-1.7782,6.237e-19,1.250e-18,3.888e-18,-0.0003,114.48,0
BottomS62426,9.5044,-1.7535,1.789e-18,1.528e-18,8.042e-19,0.0002,117.86,0
BottomS62427,9.6146,-1.7795,6.503e-19,5.720e-19,3.238e-19,-0.0002,114.19,0
BottomS62429,9.5039,-1.7557,7.759e-18,6.226e-18,2.878e-18,-0.0001,117.98,0
BottomS62430,9.6135,-1.7799,1.032e-17,8.341e-18,3.977e-18,-0.0003,113.99,0
BottomS62431,9.6124,-1.7810,1.680e-20,2.058e-20,2.322e-20,-0.0001,113.91,0
BottomS62432,9.4928,-1.7530,8.113e-20,8.838e-20,7.888e-20,-0.0005,118.22,0
BottomS62434,9.4940,-1.7532,1.285e-17,9.896e-18,4.424e-18,0.0003,118.31,1
BottomS62435,9.6196,-1.7809,2.643e-17,1.980e-17,8.234e-18,0.0003,113.74,1
BottomS62436,9.6340,-1.7874,3.401e-20,3.988e-20,4.175e-20,0.0001,113.72,0
BottomS62437,9.6301,-1.7847,3.647e-20,4.248e-20,4.191e-20,-0.0002,113.64,0
BottomS62438,9.4801,-1.7519,1.877e-17,1.506e-17,6.742e-18,0.0001,118.44,1
BottomS62439,9.6272,-1.7832,2.912e-18,2.385e-18,1.128e-18,-0.0004,113.68,0
BottomS62440,9.4847,-1.7527,2.648e-18,3.957e-18,6.397e-18,0.0004,118.55,0
BottomS62442,9.4877,-1.7542,1.089e-19,1.130e-19,8.910e-20,-0.0007,118.5,0
BottomS62444,9.4843,-1.7542,1.757e-18,1.506e-18,7.925e-19,-0.0006,118.58,0
BottomS62446,9.4836,-1.7528,1.177e-17,8.744e-18,3.372e-18,0.0001,118.56,0
BottomS62447,9.4754,-1.7495,1.633e-18,1.425e-18,7.934e-19,0.0003,118.59,0
BottomS62448,9.4767,-1.7539,6.502e-17,1.931e-16,1.365e-15,-0.0001,118.59,1
BottomS62449,9.4739,-1.7531,2.374e-14,1.664e-14,5.889e-15,-0.0001,118.61,0
BottomS62450,9.6325,-1.7869,1.570e-18,3.543e-18,1.333e-17,-0.0001,113.58,0
BottomS62451,9.6332,-1.7842,1.090e-19,1.115e-19,8.214e-20,-0.0002,113.57,0
BottomS62453,9.6340,-1.7850,2.301e-17,1.694e-17,6.941e-18,0.0001,113.62,0
BottomS62454,9.4803,-1.7530,2.098e-18,1.797e-18,9.276e-19,-0.0003,118.46,0
BottomS62455,9.4829,-1.7550,9.153e-19,8.307e-19,4.952e-19,-0.0004,118.46,0
BottomS62457,9.6323,-1.7843,3.244e-17,2.312e-17,8.703e-18,0.0003,113.68,0
BottomS62459,9.4916,-1.7542,1.007e-17,8.071e-18,3.730e-18,-0.0004,118.24,0
BottomS62460,9.4827,-1.7515,8.669e-18,6.840e-18,3.006e-18,0.0004,118.22,1
BottomS62461,9.4840,-1.7531,8.164e-19,7.689e-19,5.068e-19,-0.0008,118.13,0
BottomS62462,9.6244,-1.7827,5.247e-19,9.075e-19,2.096e-18,-0.0,114.01,0
BottomS62463,9.4942,-1.7549,9.181e-19,8.312e-19,4.912e-19,-0.0,118.12,0
BottomS62464,9.4955,-1.7574,5.272e-20,6.170e-20,6.142e-20,0.0006,117.93,0
BottomS62465,9.6134,-1.7777,4.706e-17,3.460e-17,1.385e-17,0.0004,114.15,0
BottomS62466,9.4986,-1.7560,2.857e-18,2.349e-18,1.176e-18,0.0002,117.85,0
BottomS62467,9.6142,-1.7806,8.012e-17,5.615e-17,2.022e-17,0.0002,114.33,0
BottomS62470,9.6036,-1.7754,3.481e-18,6.848e-18,1.931e-17,-0.0014,114.61,0
BottomS62471,9.6027,-1.7741,9.925e-19,9.238e-19,5.653e-19,-0.0001,114.68,0
BottomS62473,9.5984,-1.7740,3.544e-19,3.463e-19,2.284e-19,0.0001,114.87,0
BottomS62474,9.5952,-1.7732,3.048e-18,2.549e-18,1.289e-18,-0.0004,114.98,0
BottomS62475,9.5272,-1.7627,6.064e-18,4.986e-18,2.447e-18,0.0,116.96,0
BottomS62476,9.5230,-1.7626,4.522e-19,7.024e-19,1.266e-18,0.0009,117.05,0
BottomS62477,9.5932,-1.7738,5.308e-19,4.792e-19,2.814e-19,0.0006,115.1,0
BottomS62478,9.5807,-1.7722,2.248e-20,2.646e-20,2.656e-20,-0.0005,115.35,0
BottomS62479,9.5844,-1.7696,1.258e-20,1.619e-20,1.906e-20,-0.0007,115.31,0
BottomS62480,9.5858,-1.7739,6.144e-14,4.668e-14,1.987e-14,-0.0005,115.29,1
BottomS62481,9.5761,-1.7713,7.797e-20,8.866e-20,8.525e-20,0.0007,115.53,0
BottomS62482,9.5749,-1.7697,1.700e-18,2.902e-18,6.296e-18,-0.0006,115.57,0
BottomS62483,9.5434,-1.7681,1.709e-18,1.509e-18,8.570e-19,0.0,116.45,0
BottomS62485,9.5677,-1.7696,3.243e-19,3.242e-19,2.245e-19,0.0005,115.78,0
BottomS62486,9.5599,-1.7724,2.481e-20,2.976e-20,3.080e-20,0.0003,115.96,0
BottomS62487,9.5527,-1.7659,1.019e-18,2.045e-18,6.191e-18,0.0005,116.19,0
BottomS62488,9.5601,-1.7734,3.655e-17,2.667e-17,1.001e-17,-0.0004,115.95,0
BottomS62491,9.5471,-1.7651,2.148e-19,2.283e-19,1.840e-19,0.001,116.34,0
BottomS62492,9.5432,-1.7613,5.836e-18,4.471e-18,1.966e-18,-0.0001,116.46,0
BottomS62494,9.5811,-1.7756,7.837e-20,8.628e-20,7.543e-20,0.0002,115.33,0
BottomS62496,9.5128,-1.7572,1.801e-20,2.390e-20,3.102e-20,0.0006,117.16,0
BottomS62497,9.5093,-1.7575,2.152e-17,1.554e-17,5.817e-18,0.0008,117.21,0
BottomS62498,9.5043,-1.7549,8.169e-19,7.664e-19,4.838e-19,-0.0,117.45,0
BottomS62499,9.6072,-1.7797,2.110e-17,1.621e-17,6.969e-18,0.0006,114.77,1
BottomS62500,9.5046,-1.7574,2.430e-17,1.806e-17,7.035e-18,-0.0008,117.4,0
BottomS62501,9.5045,-1.7544,2.545e-18,2.041e-18,9.611e-19,-0.0001,117.55,0
BottomS62502,9.5051,-1.7572,1.283e-18,2.562e-18,7.627e-18,0.0007,117.5,0
BottomS62503,9.6116,-1.7820,3.538e-18,2.943e-18,1.447e-18,-0.0003,114.53,0
BottomS62504,9.6164,-1.7813,4.689e-19,8.141e-19,1.806e-18,-0.0003,114.42,0
BottomS62506,9.6260,-1.7814,9.593e-18,7.596e-18,3.397e-18,0.0008,114.25,1
BottomS62508,9.4846,-1.7525,1.262e-19,1.305e-19,1.029e-19,0.0012,118.03,0
BottomS62509,9.4830,-1.7525,6.227e-19,5.732e-19,3.582e-19,0.0009,118.06,0
BottomS62510,9.4837,-1.7493,1.450e-19,1.522e-19,1.194e-19,-0.0002,118.09,0
BottomS62512,9.4664,-1.7525,1.707e-18,2.493e-18,3.941e-18,-0.0001,118.28,0
BottomS62513,9.6384,-1.7859,7.814e-20,8.602e-20,7.575e-20,0.0004,113.78,0
BottomS62514,9.6432,-1.7849,1.936e-18,1.676e-18,9.073e-19,0.0002,113.69,0
BottomS62516,9.4604,-1.7467,1.919e-20,2.412e-20,2.835e-20,0.0006,118.43,0
BottomS62517,9.4594,-1.7457,1.433e-17,1.079e-17,4.367e-18,0.0008,118.51,0
BottomS62518,9.4663,-1.7484,6.426e-20,7.167e-20,6.633e-20,0.0006,118.54,0
BottomS62519,9.6526,-1.7907,2.367e-20,3.043e-20,3.803e-20,0.0001,113.54,0
BottomS62520,9.6685,-1.7900,6.565e-19,1.029e-18,1.916e-18,0.0004,113.46,0
BottomS62523,9.6633,-1.7901,2.664e-20,3.313e-20,3.609e-20,-0.0003,113.43,0
BottomS62524,9.6778,-1.7926,5.987e-17,4.337e-17,1.625e-17,0.0002,113.36,0
BottomS62525,9.4498,-1.7466,5.667e-17,4.012e-17,1.445e-17,0.0008,118.72,0
BottomS62526,9.6701,-1.7906,1.492e-18,3.036e-18,9.727e-18,-0.0005,113.39,0
BottomS62527,9.6598,-1.7892,4.998e-14,3.507e-14,1.288e-14,-0.0003,113.4,0
BottomS62528,9.4563,-1.7477,4.299e-18,3.431e-18,1.617e-18,0.0001,118.67,0
BottomS62529,9.4517,-1.7449,2.564e-17,1.941e-17,7.693e-18,0.0004,118.7,0
BottomS62532,9.4640,-1.7479,6.219e-20,7.004e-20,6.281e-20,-0.0006,118.6,0
BottomS62533,9.6650,-1.7903,4.232e-18,3.490e-18,1.782e-18,0.0009,113.47,0
BottomS62534,9.6650,-1.7887,2.540e-18,2.209e-18,1.188e-18,0.0007,113.5,0
BottomS62535,9.4569,-1.7517,2.488e-20,2.902e-20,2.830e-20,-0.0005,118.59,0
BottomS62536,9.4414,-1.7472,2.504e-18,4.110e-18,8.328e-18,0.0007,118.5,0
BottomS62537,9.4686,-1.7488,2.074e-18,1.844e-18,1.043e-18,0.0002,118.43,0
BottomS62538,9.4729,-1.7503,1.981e-19,3.447e-19,8.179e-19,0.0001,118.45,0
BottomS62539,9.6516,-1.7880,3.994e-18,3.307e-18,1.593e-18,0.0001,113.68,0
BottomS62541,9.6594,-1.7890,3.034e-17,2.183e-17,8.157e-18,-0.0,113.81,0
BottomS62543,9.6435,-1.7837,2.108e-20,2.615e-20,3.007e-20,-0.0008,113.92,0
BottomS62544,9.4696,-1.7516,3.887e-18,3.301e-18,1.746e-18,0.0002,118.12,0
BottomS62545,9.4721,-1.7519,1.001e-19,1.106e-19,9.842e-20,-0.0007,118.01,0
BottomS62547,9.6326,-1.7810,1.242e-18,1.995e-18,3.728e-18,-0.0003,114.24,0
BottomS62549,9.6455,-1.7861,1.521e-18,1.406e-18,8.582e-19,0.0003,114.32,0
BottomS62550,9.6143,-1.7778,4.539e-20,5.242e-20,4.876e-20,0.0002,114.57,0
BottomS62551,9.4846,-1.7539,2.502e-18,2.046e-18,9.710e-19,-0.0001,117.6,0
BottomS62552,9.5063,-1.7596,5.016e-18,4.165e-18,1.992e-18,0.0001,117.41,0
BottomS62553,9.5038,-1.7591,1.674e-17,4.959e-17,3.396e-16,-0.0008,117.34,1
BottomS62554,9.6155,-1.7751,2.255e-19,2.426e-19,1.986e-19,-0.0001,114.8,0
BottomS62556,9.5167,-1.7612,1.673e-19,1.805e-19,1.457e-19,0.0018,117.05,0
BottomS62561,9.5798,-1.7701,2.545e-17,8.458e-17,7.372e-16,0.0003,115.51,1
BottomS62563,9.5321,-1.7660,3.821e-19,3.654e-19,2.499e-19,0.0005,116.58,0
BottomS62564,9.5392,-1.7672,2.792e-19,4.982e-19,1.196e-18,-0.0001,116.42,0
BottomS62566,9.5584,-1.7667,1.671e-19,1.722e-19,1.365e-19,0.0,116.03,0
BottomS62568,9.5490,-1.7705,7.969e-17,5.376e-17,1.844e-17,0.0,116.21,0
BottomS62569,9.5560,-1.7721,1.778e-18,1.500e-18,7.739e-19,-0.0005,116.07,0
BottomS62570,9.5631,-1.7708,6.915e-19,9.968e-19,1.527e-18,-0.0007,115.89,0
BottomS62573,9.5760,-1.7730,2.260e-19,3.833e-19,8.555e-19,-0.0001,115.6,0
BottomS62574,9.5319,-1.7602,1.806e-20,2.378e-20,2.893e-20,0.001,116.65,0
BottomS62576,9.5139,-1.7590,3.058e-18,2.543e-18,1.296e-18,0.0006,117.0,0
BottomS62577,9.5121,-1.7560,1.380e-18,2.404e-18,5.636e-18,0.0001,117.07,0
BottomS62578,9.6066,-1.7805,2.189e-18,1.801e-18,8.954e-19,-0.0005,114.91,0
BottomS62579,9.6032,-1.7793,1.105e-18,9.559e-19,5.148e-19,-0.0,114.99,0
BottomS62581,9.6245,-1.7822,3.593e-14,2.501e-14,8.905e-15,-0.0006,114.64,0
BottomS62582,9.4832,-1.7509,9.540e-19,9.000e-19,5.813e-19,-0.0,117.57,0
BottomS62583,9.4753,-1.7510,2.285e-17,1.730e-17,7.206e-18,-0.0,117.71,1
BottomS62584,9.4764,-1.7499,1.265e-18,2.169e-18,4.772e-18,0.0003,117.74,0
BottomS62585,9.4742,-1.7499,4.950e-19,1.063e-18,3.755e-18,0.0005,117.83,0
BottomS62586,9.4747,-1.7487,1.583e-19,2.894e-19,7.191e-19,-0.0008,117.83,0
BottomS62587,9.6429,-1.7862,1.468e-17,1.101e-17,4.501e-18,-0.0003,114.14,1
BottomS62590,9.6507,-1.7902,7.815e-19,1.471e-18,3.874e-18,0.0002,113.94,0
BottomS62591,9.6564,-1.7899,4.259e-19,4.183e-19,2.903e-19,-0.0016,113.9,0
BottomS62592,9.4535,-1.7466,1.250e-18,2.454e-18,6.991e-18,0.0005,118.25,0
BottomS62593,9.6694,-1.7915,4.033e-18,3.243e-18,1.459e-18,0.0014,113.78,0
BottomS62594,9.4566,-1.7447,1.397e-16,9.693e-17,3.321e-17,-0.0001,118.39,0
BottomS62600,9.7647,-2.8649,2.093e-18,3.970e-18,1.085e-17,0.0001,123.68,0
BottomS62601,9.7774,-2.8780,1.669e-20,2.117e-20,2.459e-20,-0.0005,124.21,0
BottomS62603,9.7881,-2.8808,2.966e-20,3.620e-20,3.796e-20,0.0001,124.28,0
BottomS62609,9.7806,-2.8759,4.368e-19,4.208e-19,2.784e-19,-0.0002,124.41,0
BottomS62611,9.8397,-2.7923,3.604e-19,3.692e-19,2.754e-19,0.0001,125.39,0
BottomS62614,9.7628,-2.8730,1.084e-18,2.110e-18,6.208e-18,0.0005,123.31,0
BottomS62620,9.7657,-2.9172,1.316e-19,1.383e-19,1.111e-19,0.0004,122.09,0
BottomS62623,9.7668,-2.8869,3.995e-19,3.901e-19,2.653e-19,0.0002,122.29,0
BottomS62626,9.7739,-2.8778,1.088e-20,1.489e-20,2.121e-20,0.0002,124.11,0
BottomS62629,9.7528,-2.8927,1.800e-20,2.389e-20,3.080e-20,-0.0006,121.96,0
BottomS62636,9.7959,-2.8502,1.058e-19,1.154e-19,9.725e-20,0.0003,125.19,0
BottomS62644,9.8297,-2.8257,1.060e-20,1.348e-20,1.562e-20,0.0003,125.5,0
BottomS62647,9.7674,-2.8921,6.693e-20,7.394e-20,6.545e-20,-0.0004,122.16,0
BottomS62650,9.7712,-2.8965,2.184e-20,2.741e-20,3.225e-20,0.0004,122.12,0
BottomS62657,9.7751,-2.8776,2.220e-18,1.907e-18,1.017e-18,0.0008,124.11,0
BottomS62660,9.7845,-2.8766,1.428e-20,1.766e-20,2.008e-20,0.0,124.32,0
BottomS62661,9.7695,-2.8817,2.570e-19,2.579e-19,1.904e-19,0.0002,123.12,0
BottomS62663,9.7672,-2.8891,1.568e-18,2.819e-18,6.972e-18,0.0009,122.28,0
BottomS62667,9.7777,-2.8740,3.927e-20,4.747e-20,5.183e-20,0.0002,124.48,0
BottomS62669,9.7724,-2.8825,2.181e-18,4.560e-18,1.485e-17,-0.0007,123.26,0
BottomS62670,9.7456,-2.9346,3.567e-19,3.550e-19,2.506e-19,0.0,121.31,0
BottomS62671,9.6941,-3.0080,1.184e-20,1.567e-20,2.053e-20,-0.0009,121.14,0
BottomS62672,9.7752,-2.8728,2.148e-20,2.613e-20,2.777e-20,0.0006,124.37,0
BottomS62676,9.7752,-2.8796,3.003e-20,3.541e-20,3.663e-20,0.0001,124.04,0
BottomS62681,9.7843,-2.8542,1.200e-20,1.551e-20,1.860e-20,0.0005,124.83,0
BottomS62690,9.7769,-2.8607,1.034e-20,1.457e-20,2.106e-20,-0.0003,124.52,0
BottomS62692,9.7705,-2.8997,6.411e-19,6.103e-19,4.105e-19,-0.0,122.33,0
BottomS62704,9.8216,-2.8749,1.228e-20,1.546e-20,1.767e-20,-0.0005,124.32,0
BottomS62709,9.7727,-2.8764,1.935e-19,2.033e-19,1.637e-19,0.0009,124.02,0
BottomS62711,9.7784,-2.8859,3.271e-20,3.878e-20,3.906e-20,-0.0,123.35,0
BottomS62712,9.7951,-2.8538,8.591e-14,6.845e-14,3.140e-14,-0.0004,125.27,1
BottomS62716,9.8579,-2.8192,2.105e-19,2.209e-19,1.703e-19,0.0004,125.21,0
BottomS62717,9.7704,-2.8828,1.025e-18,1.776e-18,4.082e-18,0.0,122.92,0
BottomS62719,9.7877,-2.8894,5.817e-19,5.551e-19,3.687e-19,-0.0004,123.39,0
BottomS62724,9.8040,-2.8534,6.047e-19,8.982e-19,1.462e-18,-0.0002,125.14,0
BottomS62727,9.7649,-2.8839,2.806e-20,3.424e-20,3.704e-20,-0.0001,122.62,0
BottomS62730,9.8176,-2.8456,3.095e-20,3.731e-20,3.977e-20,0.0005,125.27,0
BottomS62734,9.7729,-2.8808,6.086e-20,6.954e-20,6.504e-20,-0.0003,123.89,0
BottomS62738,9.7758,-2.8832,1.328e-19,1.534e-19,1.454e-19,0.0002,123.81,0
BottomS62739,9.7712,-2.8812,4.123e-20,4.842e-20,4.974e-20,-0.0007,123.23,0
BottomS62744,9.7604,-2.8913,9.840e-19,1.329e-18,1.768e-18,0.0001,121.8,0
BottomS62746,9.7731,-2.8789,1.995e-20,2.567e-20,3.096e-20,0.0007,123.59,0
BottomS62750,9.7149,-2.9703,3.623e-14,3.016e-14,1.458e-14,-0.0001,121.21,1
BottomS62761,9.7614,-2.9072,1.586e-20,2.001e-20,2.352e-20,0.0005,121.59,0
BottomS62762,9.7605,-2.8869,3.652e-14,2.558e-14,9.053e-15,0.0005,122.21,0
BottomS62763,9.7795,-2.8699,3.708e-20,4.510e-20,4.892e-20,-0.0005,124.68,0
BottomS62768,9.7716,-2.8730,5.448e-19,5.263e-19,3.473e-19,0.0,123.95,0
BottomS62772,9.7770,-2.8912,1.588e-18,2.818e-18,6.773e-18,-0.0008,122.89,0
BottomS62773,9.7652,-2.8932,3.352e-20,3.969e-20,3.952e-20,0.0001,121.86,0
BottomS62777,9.7726,-2.8919,2.394e-20,3.051e-20,3.620e-20,-0.0002,122.65,0
BottomS62778,9.7647,-2.8850,6.154e-19,5.806e-19,3.732e-19,-0.0015,122.29,0
BottomS62780,9.6962,-2.9258,3.737e-18,7.073e-18,1.895e-17,-0.0002,121.67,0
BottomS62782,9.7827,-2.8313,6.187e-19,5.905e-19,3.882e-19,0.0002,124.67,0
BottomS62790,9.7700,-2.8818,1.838e-18,3.261e-18,7.724e-18,0.0006,123.13,0
BottomS62795,9.7390,-2.9323,2.846e-18,7.368e-18,3.838e-17,-0.0008,121.35,1
BottomS62799,9.7607,-2.8979,2.107e-19,2.094e-19,1.470e-19,0.0,121.57,0
BottomS62803,9.7762,-2.8507,5.876e-19,5.311e-19,3.250e-19,-0.0001,124.32,0
BottomS62810,9.7818,-2.8820,1.070e-20,1.467e-20,2.089e-20,-0.0009,123.67,0
BottomS62814,9.7951,-2.8636,1.994e-20,2.478e-20,2.869e-20,0.0001,124.99,0
BottomS62815,9.7725,-2.8826,1.964e-19,1.994e-19,1.462e-19,0.0004,121.58,0
BottomS62820,9.6737,-2.8994,8.007e-20,9.275e-20,9.089e-20,-0.0,122.31,0
BottomS62821,9.7731,-2.8752,1.507e-19,1.570e-19,1.238e-19,0.0001,123.87,0
BottomS62828,9.7738,-2.8788,5.958e-20,6.959e-20,7.010e-20,0.0009,123.74,0
BottomS62834,9.7800,-2.8815,1.148e-18,2.145e-18,5.637e-18,-0.0005,123.87,0
BottomS62836,9.7747,-2.8830,3.914e-20,4.330e-20,3.949e-20,0.0004,123.8,0
BottomS62837,9.7676,-2.8744,6.890e-20,7.570e-20,6.623e-20,0.0004,123.58,0
BottomS62838,9.7714,-2.8759,1.832e-20,2.260e-20,2.557e-20,-0.0005,124.27,0
BottomS62839,9.7577,-2.9158,6.100e-19,1.204e-18,3.521e-18,-0.0011,121.48,0
BottomS62842,9.7663,-2.8860,2.632e-19,2.660e-19,1.988e-19,-0.0002,122.54,0
BottomS62843,9.7909,-2.8462,1.492e-19,1.626e-19,1.366e-19,0.0003,125.07,0
BottomS62846,9.7838,-2.9122,5.138e-19,4.909e-19,3.257e-19,0.0,122.65,0
BottomS62847,9.6897,-2.9487,5.190e-19,5.278e-19,3.923e-19,-0.0001,121.18,0
BottomS62850,9.7733,-2.8826,2.194e-18,3.006e-18,4.066e-18,0.0002,123.37,0
BottomS62852,9.7847,-2.8725,1.780e-18,1.540e-18,8.317e-19,0.0006,124.8,0
BottomS62856,9.7678,-2.8976,4.871e-18,4.088e-18,2.103e-18,0.0005,122.0,0
BottomS62862,9.7297,-2.8974,2.931e-19,2.931e-19,2.092e-19,0.0001,121.98,0
BottomS62863,9.7752,-2.8827,2.839e-19,3.129e-19,2.694e-19,0.0007,123.57,0
BottomS62868,9.7666,-2.8893,1.568e-14,6.575e-14,9.786e-13,-0.0001,122.23,0
BottomS62872,9.7368,-2.8358,1.161e-20,1.457e-20,1.691e-20,0.0007,123.44,0
BottomS62877,9.8443,-2.7857,6.044e-20,6.865e-20,6.357e-20,-0.0002,125.52,0
BottomS62880,9.7683,-2.8715,1.246e-18,2.085e-18,4.508e-18,-0.0001,124.28,0
BottomS62881,9.7788,-2.8806,1.900e-20,2.408e-20,2.731e-20,0.0004,124.07,0
BottomS62886,9.7746,-2.8859,8.909e-19,7.954e-19,4.588e-19,0.0004,122.48,0
BottomS62887,9.8050,-2.8621,1.868e-18,1.619e-18,8.901e-19,0.0005,124.97,0
BottomS62890,9.7797,-2.8775,6.597e-20,7.680e-20,7.358e-20,0.0003,124.23,0
BottomS62891,9.7818,-2.8780,1.817e-18,3.421e-18,8.949e-18,0.0002,124.42,0
BottomS62892,9.6706,-2.9016,2.948e-20,3.729e-20,4.296e-20,0.0009,122.21,0
BottomS62893,9.7794,-2.8876,1.535e-14,1.049e-14,3.492e-15,0.0006,123.26,0
BottomS62896,9.7752,-2.8758,4.957e-19,4.574e-19,2.896e-19,-0.0001,124.06,0
BottomS62901,9.7766,-2.8908,4.651e-20,5.576e-20,5.721e-20,-0.0001,122.94,0
BottomS62904,9.7820,-2.8697,1.987e-19,1.997e-19,1.505e-19,0.0006,124.84,0
BottomS62906,9.7512,-2.8940,5.960e-19,6.006e-19,4.377e-19,0.0005,121.63,0
BottomS62911,9.7551,-2.8924,4.060e-20,5.123e-20,5.862e-20,-0.0003,122.2,0
BottomS62912,9.7586,-2.8997,6.263e-19,6.120e-19,4.237e-19,0.0008,121.6,0
BottomS62915,9.7663,-2.8820,2.003e-20,2.550e-20,2.993e-20,0.0009,122.92,0
BottomS62923,9.7431,-2.8463,3.537e-20,4.398e-20,5.061e-20,-0.001,123.44,0
BottomS62926,9.7644,-2.9013,7.913e-20,8.687e-20,7.502e-20,0.0008,121.97,0
BottomS62931,9.7951,-2.8322,2.799e-20,3.458e-20,3.890e-20,0.0005,125.06,0
BottomS62939,9.7818,-2.8742,3.001e-20,3.639e-20,3.988e-20,-0.0007,124.52,0
BottomS62942,9.7830,-2.8817,2.209e-19,2.316e-19,1.805e-19,0.0,123.88,0
BottomS62943,9.7699,-2.8784,1.069e-20,1.428e-20,1.788e-20,-0.0001,123.41,0
BottomS62945,9.7787,-2.8721,1.427e-18,1.277e-18,7.536e-19,-0.0004,124.54,0
BottomS62946,9.7579,-2.9003,3.561e-19,3.530e-19,2.401e-19,0.0004,121.64,0
BottomS62947,9.7650,-2.8775,1.129e-20,1.485e-20,1.846e-20,-0.0002,122.12,0
BottomS62950,9.7598,-2.8642,4.499e-18,1.121e-17,5.396e-17,-0.0003,124.68,1
BottomS62952,9.7887,-2.8715,2.752e-20,3.320e-20,3.592e-20,-0.0004,124.93,0
BottomS62955,9.7579,-2.8780,3.116e-14,2.169e-14,7.785e-15,-0.0002,121.89,0
BottomS62957,9.7794,-2.8708,4.095e-19,4.014e-19,2.747e-19,-0.0004,124.59,0
BottomS62959,9.8029,-2.8672,3.397e-18,2.850e-18,1.434e-18,0.0003,125.16,0
BottomS62965,9.7771,-2.8981,4.747e-19,6.995e-19,1.100e-18,0.0007,121.69,0
BottomS62967,9.7853,-2.8776,1.894e-19,2.026e-19,1.619e-19,0.0003,124.45,0
BottomS62968,9.7832,-2.8904,4.482e-19,4.513e-19,3.284e-19,0.0007,123.32,0
BottomS62973,9.7742,-2.8936,3.349e-20,4.038e-20,4.310e-20,-0.0007,122.17,0
BottomS62974,9.7622,-2.8882,8.774e-18,7.009e-18,3.256e-18,0.0004,122.29,0
BottomS62977,9.7678,-2.8934,3.772e-20,4.544e-20,4.772e-20,-0.0006,122.27,0
BottomS62980,9.7634,-2.8922,1.535e-20,2.019e-20,2.643e-20,0.0007,121.8,0
BottomS62981,9.7503,-2.8806,5.273e-18,4.338e-18,2.155e-18,-0.0005,121.62,0
BottomS62982,9.7531,-2.8783,1.824e-18,1.499e-18,7.255e-19,0.0003,122.87,0
BottomS62984,9.7691,-2.8749,3.849e-18,3.352e-18,1.795e-18,0.0001,123.61,0
BottomS62985,9.7707,-2.8755,1.425e-20,1.805e-20,2.162e-20,0.0,123.76,0
BottomS62986,9.7514,-2.9091,5.610e-20,6.446e-20,6.237e-20,0.0001,121.56,0
BottomS62988,9.8049,-2.8793,2.114e-18,1.798e-18,9.250e-19,0.0005,124.72,0
BottomS62989,9.7644,-2.8853,1.221e-20,1.600e-20,1.957e-20,0.0006,122.13,0
BottomS62991,9.7748,-2.8603,1.225e-19,1.355e-19,1.235e-19,-0.0005,124.45,0
BottomS62992,9.7602,-2.8987,9.698e-19,1.373e-18,2.106e-18,-0.0006,121.53,0
BottomS62993,9.7855,-2.9008,9.234e-18,7.384e-18,3.446e-18,-0.0009,121.69,0
BottomS62994,9.7767,-2.8714,3.921e-18,6.344e-18,1.190e-17,-0.0008,124.46,0
BottomS62995,9.7864,-2.8867,4.614e-18,3.633e-18,1.613e-18,0.0008,123.7,0
BottomS62998,9.7874,-2.8726,1.260e-18,1.133e-18,6.499e-19,0.0004,124.68,0
BottomS62999,9.7762,-2.8945,6.798e-19,1.150e-18,2.491e-18,-0.0006,122.39,0
BottomS63000,9.7773,-2.8760,1.386e-18,1.268e-18,7.372e-19,0.0007,124.0,0
BottomS63001,9.7827,-2.8971,3.605e-19,3.534e-19,2.448e-19,-0.0001,121.85,0
BottomS63004,9.7603,-2.8885,8.904e-17,6.291e-17,2.266e-17,0.0004,122.3,0
BottomS63007,9.7813,-2.8756,2.379e-20,3.051e-20,3.617e-20,0.0007,124.46,0
BottomS63011,9.7967,-2.8919,1.206e-17,9.719e-18,4.677e-18,-0.0,123.74,0
BottomS63012,9.7743,-2.8907,6.799e-19,1.388e-18,4.415e-18,-0.0008,122.46,0
BottomS63013,9.7763,-2.8856,7.204e-18,5.781e-18,2.648e-18,0.0009,123.3,0
BottomS63014,9.7690,-2.8794,1.605e-18,1.529e-18,1.022e-18,0.0005,123.29,0
BottomS63015,9.7933,-2.8723,3.772e-19,3.999e-19,3.177e-19,-0.0002,125.11,0
BottomS63016,9.7794,-2.8932,6.539e-18,5.409e-18,2.601e-18,0.0008,122.42,0
BottomS63017,9.7805,-2.8908,3.443e-18,2.843e-18,1.381e-18,0.0003,123.19,0
BottomS63018,9.7664,-2.8926,8.867e-20,9.594e-20,8.126e-20,0.0005,122.1,0
BottomS63019,9.7912,-2.8818,3.849e-18,3.196e-18,1.615e-18,0.0008,124.85,0
BottomS63021,9.7698,-2.8597,1.888e-14,1.279e-14,4.245e-15,0.0001,124.53,0
BottomS63023,9.7772,-2.8839,2.313e-17,1.787e-17,7.520e-18,0.0001,123.54,1
BottomS63026,9.7501,-2.8545,5.550e-20,6.434e-20,6.530e-20,0.0,123.66,0
BottomS63028,9.7759,-2.8705,1.943e-20,2.379e-20,2.551e-20,-0.0004,124.58,0
BottomS63029,9.7590,-2.8755,4.179e-19,7.152e-19,1.577e-18,-0.0001,121.59,0
BottomS63030,9.7529,-2.8593,1.667e-20,2.103e-20,2.511e-20,0.0006,124.42,0
BottomS63031,9.7971,-2.8764,5.250e-20,6.194e-20,6.085e-20,-0.0001,124.6,0
BottomS63032,9.7889,-2.8943,8.566e-20,9.710e-20,8.872e-20,-0.0009,123.59,0
BottomS63033,9.7759,-2.8752,3.157e-19,3.153e-19,2.239e-19,-0.0003,124.02,0
BottomS63034,9.7675,-2.9071,2.051e-20,2.672e-20,3.153e-20,0.0003,121.73,0
BottomS63035,9.7626,-2.8839,3.601e-19,3.465e-19,2.278e-19,-0.0006,122.47,0
BottomS63040,9.7547,-2.8658,1.289e-19,1.511e-19,1.484e-19,-0.0,123.3,0
BottomS63042,9.7594,-2.8966,2.500e-20,3.172e-20,3.692e-20,-0.0004,121.68,0
BottomS63043,9.7951,-2.8873,3.380e-18,7.709e-18,3.135e-17,-0.0004,123.79,1
BottomS63044,9.7464,-2.9045,3.841e-20,4.465e-20,4.460e-20,-0.0004,121.36,0
BottomS63054,9.7551,-2.8833,5.310e-19,5.075e-19,3.310e-19,0.0002,122.2,0
BottomS63055,9.7724,-2.8941,1.558e-18,2.997e-18,8.461e-18,0.0,122.61,0
BottomS63056,9.7795,-2.8885,1.785e-18,3.029e-18,6.405e-18,-0.0002,123.2,0
BottomS63058,9.7678,-2.8870,1.156e-18,2.310e-18,7.155e-18,-0.0007,122.58,0
BottomS63061,9.7464,-2.8919,9.172e-19,1.719e-18,4.629e-18,-0.0004,121.31,0
BottomS63065,9.7494,-2.8984,7.586e-19,1.422e-18,3.831e-18,0.0006,121.62,0
BottomS63066,9.7603,-2.9030,2.393e-18,3.884e-18,7.693e-18,0.0001,121.32,0
BottomS63068,9.7678,-2.8809,1.532e-17,1.178e-17,5.093e-18,0.0001,123.04,1
BottomS63070,9.7528,-2.8993,1.538e-18,2.859e-18,7.348e-18,0.0005,121.36,0
BottomS63072,9.7570,-2.8813,1.442e-18,2.600e-18,6.377e-18,0.0001,121.76,0
BottomS63076,9.7771,-2.8911,6.609e-18,1.605e-17,7.402e-17,-0.0002,122.82,1
BottomS63077,9.7758,-2.8725,5.300e-20,6.579e-20,7.138e-20,-0.0004,124.29,0
BottomS63083,9.7807,-2.8684,4.067e-14,2.841e-14,1.045e-14,-0.0001,124.74,0
BottomS63084,9.7818,-2.8895,1.608e-18,1.391e-18,7.434e-19,-0.0003,123.41,0
BottomS63085,9.7703,-2.8522,1.345e-19,1.477e-19,1.226e-19,0.0014,124.79,0
BottomS63087,9.7770,-2.8820,8.981e-20,1.001e-19,9.173e-20,-0.0002,123.51,0
BottomS63092,9.7709,-2.8486,9.378e-19,1.389e-18,2.215e-18,-0.0002,125.06,0
BottomS63099,9.7989,-2.8797,1.698e-19,1.822e-19,1.520e-19,0.0002,124.41,0
BottomS63100,9.7652,-2.8929,3.586e-17,2.608e-17,1.027e-17,0.0003,122.01,0
BottomS63104,9.7688,-2.8922,6.704e-19,1.223e-18,3.121e-18,0.0008,122.08,0
BottomS63105,9.7544,-2.8980,2.086e-20,2.640e-20,3.072e-20,0.0003,121.89,0
BottomS63107,9.7555,-2.8578,2.058e-20,2.593e-20,2.978e-20,-0.0003,124.36,0
BottomS63108,9.7639,-2.8750,1.001e-19,1.095e-19,9.270e-20,-0.0002,123.43,0
BottomS63110,9.7454,-2.9064,1.353e-18,2.561e-18,7.060e-18,-0.0006,121.45,0
BottomS63111,9.7875,-2.8918,5.666e-18,4.596e-18,2.199e-18,0.0004,123.62,0
BottomS63113,9.7718,-2.8585,1.657e-18,1.376e-18,7.077e-19,-0.0006,125.15,0
BottomS63114,9.7766,-2.8732,8.138e-20,9.061e-20,8.275e-20,0.0002,124.35,0
BottomS63119,9.7633,-2.8975,1.060e-18,2.099e-18,6.320e-18,-0.0001,121.58,0
BottomS63121,9.7797,-2.8730,1.046e-18,1.738e-18,3.499e-18,0.0004,124.55,0
BottomS63122,9.7768,-2.8733,3.647e-18,1.021e-17,6.205e-17,0.0003,124.3,1
BottomS63125,9.7668,-2.8889,2.649e-18,5.463e-18,1.761e-17,0.0002,122.21,0
BottomS63126,9.7789,-2.8685,3.806e-20,4.455e-20,4.515e-20,0.0001,124.75,0
BottomS63127,9.7670,-2.8950,1.625e-20,2.222e-20,3.159e-20,-0.0011,121.9,0
BottomS63129,9.7705,-2.8896,3.624e-18,3.042e-18,1.581e-18,-0.0001,122.45,0
BottomS63132,9.7609,-2.8913,2.362e-18,1.984e-18,1.010e-18,0.0,121.77,0
BottomS63133,9.7811,-2.8718,3.064e-18,2.594e-18,1.322e-18,-0.0007,124.68,0
BottomS63134,9.7628,-2.8957,1.116e-19,1.222e-19,1.068e-19,0.0003,121.68,0
BottomS63135,9.7786,-2.8721,1.321e-18,1.250e-18,7.808e-19,-0.0008,124.54,0
BottomS63138,9.7614,-2.8956,4.010e-15,2.638e-15,8.332e-16,-0.0002,121.63,0
BottomS63139,9.7654,-2.8952,8.840e-20,9.800e-20,8.801e-20,-0.0,121.88,0
BottomS63141,9.7763,-2.8695,6.275e-19,5.960e-19,3.997e-19,0.0001,124.52,0
BottomS63143,9.7599,-2.8909,8.716e-19,1.467e-18,3.135e-18,-0.0001,121.69,0
BottomS63145,9.7773,-2.8671,5.487e-19,9.530e-19,2.110e-18,0.0001,124.59,0
BottomS63146,9.7799,-2.8678,1.112e-18,1.002e-18,5.866e-19,0.0,124.65,0
BottomS63149,9.7810,-2.8709,8.978e-20,1.015e-19,9.225e-20,0.0003,124.79,0
BottomS63150,9.7625,-2.8997,6.760e-19,6.371e-19,4.122e-19,-0.0001,121.6,0
BottomS63151,9.7832,-2.8660,1.989e-19,2.034e-19,1.537e-19,0.0,124.87,0
BottomS63153,9.7782,-2.8644,6.409e-19,6.057e-19,3.768e-19,-0.0004,124.79,0
BottomS63155,9.7704,-2.8952,1.452e-18,2.853e-18,8.145e-18,-0.0001,122.08,0
BottomS63158,9.7764,-2.8700,2.148e-18,1.837e-18,9.699e-19,0.0009,124.59,0
BottomS63160,9.7806,-2.8705,2.055e-18,1.818e-18,9.993e-19,0.0009,124.61,0
BottomS63162,9.7709,-2.8758,1.740e-18,1.594e-18,9.742e-19,-0.0005,123.8,0
BottomS63164,9.7637,-2.8943,4.596e-19,7.777e-19,1.696e-18,-0.0003,121.79,0
BottomS63165,9.7647,-2.8993,2.301e-17,1.770e-17,7.746e-18,0.0002,121.72,1
BottomS63166,9.7604,-2.9027,3.128e-18,7.569e-18,3.270e-17,-0.0007,121.38,1
BottomS63167,9.7788,-2.8677,6.724e-19,6.212e-19,3.797e-19,-0.0005,124.6,0
BottomS63168,9.7617,-2.9000,2.245e-19,2.352e-19,1.819e-19,0.0002,121.56,0
BottomS63172,9.7822,-2.8649,2.663e-19,2.807e-19,2.258e-19,-0.0003,124.83,0
BottomS63175,9.7577,-2.9036,1.288e-20,1.719e-20,2.133e-20,-0.001,121.47,0
BottomS63178,9.7845,-2.8678,7.500e-14,5.791e-14,2.452e-14,0.0006,124.81,1
BottomS63180,9.7662,-2.8957,1.448e-18,1.342e-18,8.234e-19,0.0008,121.94,0
BottomS63181,9.7841,-2.8660,5.501e-18,4.406e-18,1.949e-18,0.0003,124.96,0
BottomS63183,9.7758,-2.8705,1.069e-18,1.003e-18,6.285e-19,-0.0002,124.46,0
BottomS63184,9.7814,-2.8653,1.132e-17,8.647e-18,3.552e-18,-0.0007,124.82,1
BottomS63185,9.7795,-2.8645,4.220e-18,3.468e-18,1.704e-18,0.0001,124.87,0
BottomS63186,9.7858,-2.8623,2.921e-19,3.055e-19,2.376e-19,0.0004,124.96,0
BottomS63189,9.7613,-2.9013,2.474e-18,2.165e-18,1.201e-18,-0.0001,121.45,0
BottomS63190,9.7774,-2.8704,6.431e-19,1.211e-18,3.265e-18,-0.0003,124.57,0
BottomS63193,9.7824,-2.8663,2.435e-18,1.974e-18,9.791e-19,0.0007,124.84,0
BottomS63194,9.7641,-2.8941,1.251e-19,1.342e-19,1.117e-19,-0.0005,121.82,0
BottomS63196,9.7795,-2.8725,8.472e-18,2.137e-17,1.074e-16,-0.0005,124.5,1
BottomS63198,9.7582,-2.9014,3.417e-20,4.027e-20,4.064e-20,0.0013,121.48,0
BottomS63199,9.7614,-2.9029,3.361e-18,2.767e-18,1.338e-18,0.0,121.46,0
BottomS63200,9.7632,-2.8951,6.812e-14,5.898e-14,3.065e-14,-0.0002,121.76,1
BottomS63202,9.7826,-2.8649,6.413e-18,5.153e-18,2.502e-18,-0.0007,124.87,0
BottomS63204,9.7786,-2.8673,1.113e-20,1.514e-20,2.024e-20,0.0001,124.74,0
BottomS63205,9.7784,-2.8695,1.476e-19,1.616e-19,1.385e-19,-0.0004,124.63,0
BottomS63206,9.7822,-2.8633,9.083e-18,7.175e-18,3.135e-18,-0.0003,124.92,0
BottomS63207,9.7637,-2.8998,1.675e-18,2.882e-18,6.592e-18,-0.0002,121.52,0
BottomS63208,9.7812,-2.8625,2.897e-20,3.477e-20,3.631e-20,0.0007,124.84,0
BottomS63209,9.7588,-2.9023,3.092e-19,3.071e-19,2.257e-19,0.001,121.46,0
BottomS63210,9.7605,-2.8993,4.012e-14,2.843e-14,1.069e-14,-0.0002,121.52,0
BottomS63212,9.7608,-2.9039,2.566e-19,2.552e-19,1.886e-19,-0.0004,121.49,0
BottomS63214,9.7585,-2.9036,5.041e-18,4.081e-18,1.971e-18,0.0006,121.52,0
BottomS63215,9.7630,-2.9006,1.918e-18,3.246e-18,7.073e-18,0.0003,121.58,0
BottomS63216,9.7569,-2.9042,1.682e-18,2.863e-18,6.094e-18,0.0004,121.39,0
BottomS63217,9.7643,-2.9022,6.475e-18,5.474e-18,2.870e-18,0.0005,121.68,0
BottomS63222,9.7811,-2.8668,7.008e-18,5.517e-18,2.528e-18,-0.0005,124.74,0
BottomS63225,9.7607,-2.9019,2.744e-14,1.858e-14,6.343e-15,0.0011,121.54,0
BottomS63227,9.7877,-2.8558,3.343e-19,3.388e-19,2.479e-19,0.0005,125.06,0
BottomS63229,9.7882,-2.8585,1.406e-19,1.515e-19,1.297e-19,0.0003,125.07,0
BottomS63233,9.7830,-2.8625,2.637e-18,2.181e-18,1.090e-18,-0.0003,124.85,0
BottomS63236,9.7831,-2.8627,9.734e-20,1.103e-19,1.014e-19,-0.0004,124.93,0
BottomS63237,9.7561,-2.9057,9.231e-19,8.558e-19,5.324e-19,-0.0,121.5,0
BottomS63238,9.7592,-2.9056,4.573e-14,3.300e-14,1.293e-14,0.0,121.45,0
BottomS63241,9.7592,-2.9065,6.053e-19,5.832e-19,3.830e-19,-0.0,121.45,0
BottomS63243,9.7848,-2.8628,9.677e-20,1.080e-19,1.005e-19,-0.0012,125.0,0
BottomS63246,9.7619,-2.9054,2.238e-19,2.300e-19,1.733e-19,-0.0005,121.42,0
BottomS63247,9.7874,-2.8533,3.797e-19,3.744e-19,2.588e-19,-0.0,124.96,0
BottomS63250,9.7863,-2.8607,1.119e-17,9.163e-18,4.260e-18,-0.0011,125.06,0
BottomS63251,9.7850,-2.8607,1.166e-18,2.029e-18,4.623e-18,-0.0005,125.03,0
BottomS63252,9.7573,-2.9039,3.792e-18,3.028e-18,1.384e-18,-0.0001,121.55,0
BottomS63253,9.7602,-2.9078,3.387e-14,2.350e-14,8.442e-15,-0.0007,121.51,0
BottomS63255,9.7605,-2.9044,2.133e-18,1.860e-18,1.023e-18,0.0004,121.46,0
BottomS63257,9.7643,-2.9009,7.366e-19,6.841e-19,4.307e-19,-0.0007,121.83,0
BottomS63258,9.7621,-2.8987,6.414e-14,4.661e-14,1.805e-14,0.0003,121.58,0
BottomS63262,9.7832,-2.8592,7.024e-20,8.102e-20,7.764e-20,-0.0006,124.94,0
BottomS63264,9.7869,-2.8567,6.250e-19,5.773e-19,3.572e-19,-0.0003,124.99,0
BottomS63265,9.7885,-2.8595,1.073e-18,1.577e-18,2.542e-18,-0.0005,125.07,0
BottomS63267,9.7537,-2.9123,1.807e-17,1.407e-17,5.995e-18,-0.0004,121.43,1
BottomS63268,9.7909,-2.8611,3.898e-19,3.899e-19,2.892e-19,-0.0002,125.09,0
BottomS63269,9.7871,-2.8586,2.433e-20,2.966e-20,3.194e-20,-0.0003,125.05,0
BottomS63274,9.7875,-2.8563,8.824e-19,1.732e-18,4.908e-18,-0.0,124.86,0
BottomS63275,9.7832,-2.8595,1.036e-14,7.020e-15,2.286e-15,-0.0003,125.06,0
BottomS63276,9.7563,-2.9052,3.250e-20,3.842e-20,4.028e-20,0.0005,121.5,0
BottomS63278,9.7854,-2.8629,4.069e-19,4.127e-19,3.168e-19,-0.0003,124.99,0
BottomS63280,9.7854,-2.8594,7.086e-19,7.096e-19,5.199e-19,0.0002,125.01,0
BottomS63282,9.7587,-2.9059,2.760e-20,3.550e-20,4.315e-20,0.0001,121.54,0
BottomS63283,9.7899,-2.8480,3.120e-18,2.642e-18,1.368e-18,0.0014,125.07,0
BottomS63284,9.7554,-2.9108,9.408e-19,1.572e-18,3.190e-18,0.0013,121.44,0
BottomS63286,9.7864,-2.8546,3.332e-18,2.816e-18,1.470e-18,0.0,125.03,0
BottomS63288,9.7522,-2.9108,6.532e-19,1.156e-18,2.745e-18,-0.0005,121.44,0
BottomS63289,9.7603,-2.9111,3.899e-19,3.929e-19,2.864e-19,0.0006,121.55,0
BottomS63291,9.7594,-2.9036,1.856e-18,1.611e-18,8.565e-19,0.0002,121.67,0
BottomS63293,9.7880,-2.8494,2.929e-20,3.628e-20,4.051e-20,-0.0006,124.99,0
BottomS63295,9.7902,-2.8587,6.961e-19,6.475e-19,4.048e-19,-0.0001,125.08,0
BottomS63297,9.7889,-2.8518,4.959e-18,4.064e-18,1.967e-18,-0.0008,125.21,0
BottomS63298,9.7558,-2.9139,4.338e-18,3.658e-18,1.815e-18,-0.0002,121.54,0
BottomS63300,9.7548,-2.9115,1.415e-19,1.455e-19,1.138e-19,0.0002,121.44,0
BottomS63301,9.7523,-2.9162,2.750e-19,2.883e-19,2.276e-19,-0.0001,121.3,0
BottomS63302,9.7868,-2.8567,2.839e-20,3.371e-20,3.529e-20,0.0005,124.98,0
BottomS63303,9.7845,-2.8563,1.194e-18,1.045e-18,5.738e-19,0.0003,124.95,0
BottomS63304,9.7569,-2.9062,1.309e-18,1.165e-18,6.822e-19,-0.0001,121.43,0
BottomS63306,9.7511,-2.9140,9.556e-19,8.210e-19,4.437e-19,-0.0001,121.45,0
BottomS63307,9.7888,-2.8525,8.478e-19,7.799e-19,4.851e-19,0.0,125.15,0
BottomS63309,9.7910,-2.8522,8.767e-19,1.750e-18,5.301e-18,-0.0007,125.01,0
BottomS63310,9.7918,-2.8490,1.152e-19,1.222e-19,9.698e-20,0.0001,125.16,0
BottomS63311,9.7885,-2.8529,3.474e-19,3.417e-19,2.375e-19,0.0,125.05,0
BottomS63313,9.7890,-2.8557,2.852e-19,2.816e-19,1.989e-19,0.0002,125.22,0
BottomS63314,9.7552,-2.9126,1.873e-19,1.886e-19,1.397e-19,-0.0004,121.53,0
BottomS63315,9.7508,-2.9159,5.296e-14,3.729e-14,1.352e-14,0.0005,121.42,0
BottomS63318,9.7571,-2.9140,3.787e-19,3.883e-19,2.931e-19,0.0003,121.49,0
BottomS63321,9.7514,-2.9094,7.688e-19,7.418e-19,4.826e-19,0.0003,121.38,0
BottomS63322,9.7897,-2.8504,3.694e-17,1.086e-16,7.404e-16,0.0005,125.07,1
BottomS63324,9.7535,-2.9184,5.107e-19,9.558e-19,2.662e-18,0.0008,121.41,0
BottomS63325,9.7537,-2.9170,7.785e-18,5.949e-18,2.583e-18,0.0007,121.52,0
BottomS63327,9.7479,-2.9202,1.002e-19,1.109e-19,9.749e-20,0.0005,121.24,0
BottomS63337,9.7497,-2.9220,1.867e-19,1.948e-19,1.535e-19,0.0001,121.35,0
BottomS63338,9.7924,-2.8459,1.458e-20,1.922e-20,2.425e-20,0.0002,125.0,0
BottomS63339,9.7438,-2.9239,4.102e-18,3.145e-18,1.404e-18,0.0004,121.34,0
BottomS63345,9.7545,-2.9188,1.323e-19,1.434e-19,1.200e-19,-0.0001,121.43,0
BottomS63346,9.7461,-2.9229,4.849e-20,5.576e-20,5.384e-20,0.0005,121.3,0
BottomS63348,9.8000,-2.8418,2.676e-17,1.931e-17,7.299e-18,-0.0004,125.14,0
BottomS63350,9.8007,-2.8419,2.409e-18,2.082e-18,1.151e-18,-0.0009,125.13,0
BottomS63351,9.7507,-2.9218,1.292e-18,1.909e-18,3.083e-18,-0.0004,121.48,0
BottomS63352,9.7506,-2.9213,5.768e-17,4.308e-17,1.809e-17,0.0008,121.35,0
BottomS63353,9.7464,-2.9239,1.956e-17,1.485e-17,6.098e-18,0.0006,121.34,1
BottomS63354,9.7967,-2.8428,2.438e-17,1.828e-17,7.320e-18,-0.001,125.15,0
BottomS63355,9.7977,-2.8434,1.273e-17,9.944e-18,4.472e-18,-0.001,125.15,1
BottomS63356,9.7464,-2.9211,1.610e-17,1.216e-17,4.937e-18,0.0001,121.23,0
BottomS63357,9.8006,-2.8400,5.209e-18,4.029e-18,1.769e-18,-0.0009,125.27,0
BottomS63358,9.7410,-2.9233,4.547e-18,3.827e-18,2.022e-18,-0.0001,121.23,0
BottomS63359,9.7395,-2.9232,1.687e-18,1.433e-18,7.516e-19,-0.0001,121.15,0
BottomS63360,9.8038,-2.8416,3.569e-17,2.648e-17,1.035e-17,-0.0007,125.28,0
BottomS63361,9.7370,-2.9239,1.147e-17,8.768e-18,3.710e-18,0.0012,121.19,1
BottomS63362,9.7373,-2.9236,1.177e-18,2.234e-18,6.042e-18,0.0005,121.21,0
BottomS63363,9.7344,-2.9253,1.300e-16,9.226e-17,3.371e-17,0.0003,121.22,0
BottomS63365,9.7304,-2.9254,7.951e-17,5.633e-17,2.108e-17,-0.0002,121.19,0
BottomS63366,9.8142,-2.8414,1.941e-17,1.463e-17,5.749e-18,-0.0,125.23,0
BottomS63367,9.7308,-2.9232,7.105e-18,5.634e-18,2.584e-18,-0.0004,121.27,0
BottomS63368,9.8157,-2.8450,2.410e-17,1.807e-17,7.545e-18,0.0008,125.24,1
BottomS63370,9.8171,-2.8450,1.027e-18,1.597e-18,2.851e-18,-0.0005,125.21,0
BottomS63371,9.8169,-2.8459,3.113e-18,4.918e-18,9.177e-18,0.0001,125.11,0
BottomS63372,9.8161,-2.8487,1.888e-16,1.312e-16,4.729e-17,-0.0006,125.05,0
BottomS63373,9.8165,-2.8505,2.285e-16,1.559e-16,5.302e-17,-0.0005,125.1,0
BottomS63374,9.8154,-2.8503,1.034e-18,2.084e-18,6.339e-18,0.0005,124.98,0
BottomS63375,9.8175,-2.8534,1.994e-17,1.464e-17,5.769e-18,-0.0002,125.02,0
BottomS63376,9.8165,-2.8551,1.850e-17,1.365e-17,5.329e-18,-0.0,124.95,0
BottomS63377,9.7273,-2.9081,3.581e-17,2.715e-17,1.112e-17,0.0,121.61,0
BottomS63378,9.8157,-2.8600,5.405e-17,4.065e-17,1.615e-17,-0.0003,124.77,0
BottomS63379,9.7287,-2.9029,3.632e-18,3.174e-18,1.741e-18,0.0001,121.79,0
BottomS63380,9.7270,-2.9028,3.241e-14,2.878e-14,1.642e-14,0.0002,121.78,1
BottomS63381,9.8156,-2.8648,3.438e-18,5.496e-18,1.059e-17,-0.0001,124.62,0
BottomS63382,9.7318,-2.8976,4.290e-17,3.306e-17,1.429e-17,-0.0003,122.03,0
BottomS63383,9.7287,-2.8949,1.169e-17,9.341e-18,4.208e-18,-0.0007,122.12,1
BottomS63384,9.8128,-2.8719,1.250e-17,9.670e-18,4.256e-18,0.0006,124.37,1
BottomS63385,9.8110,-2.8736,1.843e-17,1.459e-17,6.539e-18,-0.0007,124.29,1
BottomS63386,9.7323,-2.8886,5.024e-14,3.585e-14,1.300e-14,-0.0001,122.41,0
BottomS63387,9.8105,-2.8787,4.936e-18,4.057e-18,1.972e-18,-0.0,124.11,0
BottomS63388,9.7362,-2.8835,6.058e-19,5.771e-19,3.687e-19,0.0002,122.5,0
BottomS63389,9.7364,-2.8811,2.494e-18,2.147e-18,1.116e-18,-0.0,122.6,0
BottomS63390,9.8057,-2.8866,2.865e-17,2.058e-17,7.630e-18,0.0001,123.8,0
BottomS63392,9.8010,-2.8916,2.510e-17,1.930e-17,8.073e-18,-0.0007,123.55,1
BottomS63393,9.8024,-2.8947,2.351e-18,4.515e-18,1.330e-17,0.0006,123.59,0
BottomS63394,9.8025,-2.8960,1.448e-19,1.562e-19,1.352e-19,-0.0,123.45,0
BottomS63395,9.7982,-2.8992,4.230e-17,3.127e-17,1.212e-17,-0.0002,123.31,0
BottomS63396,9.7940,-2.9016,8.472e-18,6.637e-18,3.019e-18,-0.001,123.19,1
BottomS63397,9.7538,-2.8605,1.967e-17,1.490e-17,6.193e-18,-0.0004,123.39,1
BottomS63398,9.7531,-2.8567,1.705e-18,1.581e-18,9.388e-19,0.0003,123.51,0
BottomS63399,9.7897,-2.9105,4.157e-16,2.973e-16,1.065e-16,0.0002,123.0,0
BottomS63400,9.7568,-2.8533,4.414e-18,8.762e-18,2.507e-17,-0.0002,123.65,1
BottomS63401,9.7591,-2.8466,7.189e-16,4.793e-16,1.495e-16,0.0008,123.83,0
BottomS63402,9.7813,-2.9166,4.725e-17,3.641e-17,1.556e-17,-0.0001,122.72,0
BottomS63403,9.7806,-2.9208,6.402e-17,4.649e-17,1.741e-17,0.0003,122.58,0
BottomS63404,9.7678,-2.8415,7.433e-17,5.293e-17,1.997e-17,0.0011,124.11,0
BottomS63405,9.7739,-2.9247,2.916e-17,2.145e-17,8.438e-18,-0.0003,122.35,0
BottomS63406,9.7736,-2.9260,2.148e-18,1.867e-18,1.045e-18,0.0003,122.34,0
BottomS63407,9.7766,-2.8328,2.955e-18,2.362e-18,1.115e-18,-0.0003,124.33,0
BottomS63408,9.7788,-2.8335,7.184e-16,4.777e-16,1.538e-16,0.0012,124.41,0
BottomS63409,9.7805,-2.8337,5.947e-14,4.262e-14,1.549e-14,0.0013,124.43,0
BottomS63410,9.7881,-2.8251,2.036e-17,1.537e-17,6.297e-18,-0.0001,124.59,1
BottomS63411,9.7617,-2.9317,5.000e-17,3.707e-17,1.455e-17,0.0004,121.86,0
BottomS63412,9.7883,-2.8271,4.994e-16,3.275e-16,9.835e-17,-0.0005,124.64,0
BottomS63413,9.7530,-2.9414,4.236e-19,4.357e-19,3.316e-19,0.0001,121.68,0
BottomS63414,9.7935,-2.8265,2.094e-17,1.596e-17,6.758e-18,0.0007,124.8,0
BottomS63416,9.7455,-2.9445,8.639e-17,6.239e-17,2.394e-17,0.0003,121.48,0
BottomS63417,9.8045,-2.8153,9.931e-19,9.229e-19,5.849e-19,-0.0001,125.04,0
BottomS63418,9.7394,-2.9507,5.612e-14,4.023e-14,1.459e-14,0.0001,121.43,0
BottomS63419,9.7369,-2.9516,4.155e-16,2.825e-16,9.369e-17,0.0002,121.28,0
BottomS63420,9.8092,-2.8182,1.718e-17,1.289e-17,5.360e-18,-0.0002,125.14,1
BottomS63421,9.8123,-2.8137,1.354e-18,1.199e-18,6.767e-19,0.0004,125.16,0
BottomS63422,9.8145,-2.8140,2.192e-18,1.866e-18,9.698e-19,0.0,125.3,0
BottomS63423,9.7326,-2.9458,1.272e-16,9.134e-17,3.270e-17,-0.0001,121.28,0
BottomS63424,9.7248,-2.9541,1.013e-17,8.090e-18,3.798e-18,-0.0003,121.2,0
BottomS63425,9.7241,-2.9516,3.422e-17,2.563e-17,1.026e-17,-0.0008,121.14,0
BottomS63426,9.7221,-2.9507,1.754e-18,1.478e-18,7.556e-19,0.0001,121.08,0
BottomS63427,9.7207,-2.9503,3.807e-17,2.826e-17,1.125e-17,-0.0004,121.17,0
BottomS63428,9.8265,-2.8122,5.055e-16,3.412e-16,1.124e-16,0.0002,125.38,0
BottomS63430,9.8286,-2.8162,1.041e-19,1.216e-19,1.178e-19,0.0,125.44,0
BottomS63431,9.8299,-2.8189,1.186e-17,9.081e-18,3.954e-18,0.0002,125.34,1
BottomS63432,9.8301,-2.8183,2.934e-18,2.487e-18,1.230e-18,-0.0005,125.33,0
BottomS63433,9.8334,-2.8218,4.216e-18,3.432e-18,1.681e-18,0.0004,125.32,0
BottomS63434,9.7076,-2.9478,2.114e-19,2.184e-19,1.708e-19,0.0002,121.18,0
BottomS63435,9.7098,-2.9397,3.111e-19,3.175e-19,2.438e-19,-0.0003,121.17,0
BottomS63436,9.8377,-2.8226,5.356e-19,5.055e-19,3.317e-19,-0.0008,125.26,0
BottomS63438,9.7063,-2.9381,1.967e-17,1.490e-17,5.990e-18,0.0005,121.16,0
BottomS63439,9.7070,-2.9364,5.624e-14,4.113e-14,1.561e-14,-0.0005,121.16,0
BottomS63440,9.7035,-2.9390,1.548e-18,1.408e-18,8.704e-19,0.0002,121.14,0
BottomS63441,9.7065,-2.9259,1.198e-18,1.075e-18,6.279e-19,-0.001,121.32,0
BottomS63442,9.7052,-2.9306,6.541e-14,4.865e-14,1.884e-14,0.0003,121.43,0
BottomS63443,9.7041,-2.9319,8.267e-18,6.554e-18,2.975e-18,-0.0004,121.36,0
BottomS63444,9.7076,-2.9237,1.115e-17,8.444e-18,3.567e-18,-0.0003,121.48,1
BottomS63445,9.8427,-2.8433,1.088e-16,7.678e-17,2.828e-17,-0.0007,124.84,0
BottomS63446,9.8365,-2.8432,2.178e-18,1.901e-18,1.081e-18,0.0001,124.9,0
BottomS63447,9.8365,-2.8520,9.173e-19,8.394e-19,5.012e-19,0.0004,124.79,0
BottomS63448,9.8399,-2.8523,1.569e-17,1.283e-17,6.153e-18,-0.0007,124.71,0
BottomS63449,9.8397,-2.8548,2.860e-18,5.457e-18,1.462e-17,-0.0002,124.69,0
BottomS63450,9.8352,-2.8569,4.084e-19,6.656e-19,1.303e-18,0.0006,124.63,0
BottomS63451,9.8306,-2.8624,4.695e-17,3.382e-17,1.274e-17,0.0002,124.48,0
BottomS63452,9.8307,-2.8641,6.616e-20,7.338e-20,6.717e-20,0.0004,124.48,0
BottomS63453,9.8290,-2.8696,6.578e-18,5.305e-18,2.441e-18,-0.0003,124.34,0
BottomS63454,9.8285,-2.8719,1.023e-16,7.284e-17,2.637e-17,0.0009,124.24,0
BottomS63455,9.8316,-2.8748,1.871e-18,3.963e-18,1.340e-17,-0.0002,124.22,0
BottomS63456,9.7174,-2.8867,7.751e-19,1.606e-18,5.387e-18,0.0002,122.43,0
BottomS63457,9.7212,-2.8829,3.230e-14,3.517e-14,3.012e-14,-0.0004,122.45,0
BottomS63458,9.7224,-2.8782,3.006e-17,2.166e-17,8.123e-18,0.0006,122.59,0
BottomS63459,9.7254,-2.8756,5.337e-18,4.387e-18,2.091e-18,0.0006,122.75,0
BottomS63460,9.7241,-2.8728,3.626e-14,3.478e-14,2.274e-14,0.0009,122.78,1
BottomS63461,9.7335,-2.8677,3.170e-19,6.119e-19,1.768e-18,0.0008,122.92,0
BottomS63462,9.8108,-2.9017,2.767e-17,1.994e-17,7.743e-18,0.0,123.52,0
BottomS63463,9.7352,-2.8601,3.366e-14,2.328e-14,8.045e-15,-0.0005,123.09,0
BottomS63464,9.8061,-2.9085,3.924e-17,2.875e-17,1.103e-17,-0.0008,123.35,0
BottomS63465,9.7400,-2.8561,4.993e-17,3.570e-17,1.341e-17,-0.0003,123.26,0
BottomS63466,9.8042,-2.9150,4.943e-17,3.619e-17,1.396e-17,-0.0002,123.16,0
BottomS63467,9.7496,-2.8459,7.386e-19,6.719e-19,4.128e-19,-0.0,123.59,0
BottomS63468,9.7927,-2.9208,1.906e-18,1.624e-18,8.711e-19,-0.0003,122.86,0
BottomS63469,9.7914,-2.9229,4.426e-18,3.671e-18,1.821e-18,-0.0008,122.69,0
BottomS63470,9.7885,-2.9289,4.225e-18,3.568e-18,1.802e-18,0.0002,122.72,0
BottomS63471,9.7594,-2.8325,6.861e-18,5.616e-18,2.614e-18,0.0005,123.9,0
BottomS63472,9.7620,-2.8248,3.088e-17,2.301e-17,9.360e-18,-0.0005,124.02,0
BottomS63473,9.7695,-2.8264,4.337e-17,3.137e-17,1.201e-17,-0.0001,124.15,0
BottomS63474,9.7775,-2.9361,1.922e-18,4.069e-18,1.428e-17,0.0002,122.46,0
BottomS63475,9.7742,-2.8208,2.211e-17,1.665e-17,7.044e-18,-0.0001,124.39,1
BottomS63476,9.7784,-2.8225,4.363e-19,4.368e-19,3.045e-19,0.0002,124.31,0
BottomS63477,9.7600,-2.9523,2.707e-18,2.358e-18,1.287e-18,0.0002,121.96,0
BottomS63478,9.7609,-2.9512,4.682e-20,5.697e-20,5.975e-20,-0.0002,122.03,0
BottomS63479,9.7562,-2.9543,3.337e-18,2.890e-18,1.555e-18,0.0002,121.89,0
BottomS63480,9.7555,-2.9540,1.597e-15,1.052e-15,3.275e-16,0.0003,121.75,0
BottomS63481,9.7931,-2.8106,2.076e-18,3.711e-18,8.651e-18,0.0006,124.7,0
BottomS63482,9.8046,-2.7983,1.085e-18,2.282e-18,7.525e-18,0.0001,124.89,0
BottomS63483,9.7414,-2.9639,4.583e-16,3.018e-16,9.786e-17,0.0002,121.6,0
BottomS63484,9.7374,-2.9640,5.436e-17,3.976e-17,1.546e-17,0.0001,121.34,0
BottomS63485,9.8035,-2.8105,5.324e-18,4.477e-18,2.250e-18,0.0,124.95,0
BottomS63486,9.8117,-2.8021,2.567e-17,1.918e-17,7.804e-18,0.0,125.06,0
BottomS63487,9.7323,-2.9618,2.511e-14,1.709e-14,5.857e-15,0.0002,121.37,0
BottomS63488,9.8190,-2.7931,4.654e-17,3.375e-17,1.303e-17,-0.0008,125.27,0
BottomS63489,9.7240,-2.9673,1.380e-18,1.235e-18,7.243e-19,0.0011,121.13,0
BottomS63490,9.7194,-2.9715,1.467e-18,1.377e-18,8.813e-19,-0.0007,121.18,0
BottomS63491,9.8239,-2.7991,1.521e-18,1.392e-18,8.272e-19,0.0007,125.41,0
BottomS63492,9.7117,-2.9761,1.947e-16,1.389e-16,4.950e-17,0.0001,121.11,0
BottomS63493,9.8337,-2.7931,4.719e-18,7.633e-18,1.505e-17,-0.0008,125.28,0
BottomS63494,9.8295,-2.8032,6.638e-17,4.706e-17,1.749e-17,0.0007,125.5,0
BottomS63495,9.8367,-2.7971,5.275e-17,3.922e-17,1.522e-17,-0.0004,125.39,0
BottomS63496,9.7054,-2.9695,9.754e-17,6.950e-17,2.484e-17,0.0007,121.0,0
BottomS63497,9.8426,-2.7929,4.598e-18,3.828e-18,1.861e-18,-0.0003,125.49,0
BottomS63498,9.8432,-2.7972,5.064e-17,3.835e-17,1.580e-17,-0.0002,125.45,0
BottomS63499,9.6967,-2.9710,1.020e-17,8.183e-18,3.798e-18,-0.0008,121.0,0
BottomS63500,9.8453,-2.8046,4.401e-16,2.942e-16,9.528e-17,-0.0003,125.42,0
BottomS63501,9.6952,-2.9607,3.528e-16,2.463e-16,8.740e-17,0.0008,121.01,0
BottomS63502,9.8530,-2.8002,1.051e-19,1.147e-19,9.983e-20,-0.0006,125.57,0
BottomS63503,9.8549,-2.8022,1.363e-17,9.949e-18,3.874e-18,0.0006,125.45,0
BottomS63504,9.6963,-2.9554,2.028e-18,1.820e-18,1.053e-18,0.0009,120.99,0
BottomS63505,9.6887,-2.9574,7.013e-17,5.180e-17,2.075e-17,0.0003,121.03,0
BottomS63506,9.6901,-2.9538,8.984e-19,8.107e-19,4.782e-19,-0.0001,121.09,0
BottomS63507,9.8504,-2.8169,2.354e-16,1.645e-16,6.042e-17,0.0007,125.28,0
BottomS63508,9.8526,-2.8189,2.683e-19,2.719e-19,2.057e-19,-0.0004,125.27,0
BottomS63509,9.8529,-2.8216,3.002e-18,2.650e-18,1.475e-18,0.0003,125.25,0
BottomS63510,9.8561,-2.8230,3.400e-18,2.990e-18,1.606e-18,-0.0003,125.29,0
BottomS63511,9.8541,-2.8257,2.004e-17,1.563e-17,6.825e-18,0.001,125.1,1
BottomS63512,9.8578,-2.8253,6.687e-19,1.353e-18,4.049e-18,0.0002,125.17,0
BottomS63513,9.8518,-2.8309,5.170e-18,4.255e-18,2.092e-18,-0.0006,125.02,0
BottomS63514,9.8570,-2.8350,3.894e-19,3.661e-19,2.390e-19,-0.0005,125.02,0
BottomS63515,9.8581,-2.8359,1.243e-17,9.995e-18,4.755e-18,-0.0004,124.9,0
BottomS63516,9.8531,-2.8427,5.279e-17,3.712e-17,1.352e-17,0.0005,124.79,0
BottomS63517,9.8494,-2.8473,2.356e-18,4.540e-18,1.280e-17,-0.0,124.74,0
BottomS63518,9.8482,-2.8527,2.637e-18,2.359e-18,1.314e-18,-0.0007,124.64,0
BottomS63519,9.8468,-2.8528,8.302e-17,5.812e-17,2.045e-17,-0.0001,124.58,0
BottomS63520,9.6994,-2.9070,1.083e-16,7.458e-17,2.581e-17,0.0001,121.97,0
BottomS63521,9.8446,-2.8625,1.361e-16,4.681e-16,4.505e-15,-0.0,124.44,1
BottomS63522,9.8376,-2.8659,4.371e-17,3.277e-17,1.348e-17,0.0003,124.27,0
BottomS63523,9.7046,-2.8936,4.314e-18,3.653e-18,1.887e-18,-0.0003,122.23,0
BottomS63524,9.8392,-2.8761,1.776e-16,1.279e-16,4.705e-17,-0.0004,124.1,0
BottomS63525,9.7988,-2.8438,3.587e-18,2.968e-18,1.482e-18,0.0009,125.15,0
BottomS63526,9.7453,-2.9199,2.860e-19,5.602e-19,1.564e-18,0.0003,121.32,0
BottomS63527,9.7989,-2.8434,1.320e-18,1.122e-18,5.888e-19,0.0002,125.3,0
BottomS63528,9.7445,-2.9143,1.382e-18,2.267e-18,4.701e-18,0.0001,121.26,0
BottomS63529,9.8038,-2.8412,1.967e-18,1.875e-18,1.192e-18,0.0007,125.2,0
BottomS63530,9.7434,-2.9241,3.105e-14,2.803e-14,1.659e-14,-0.0003,121.27,1
BottomS63531,9.8049,-2.8410,1.332e-18,1.189e-18,6.862e-19,-0.0009,125.18,0
BottomS63532,9.7376,-2.9263,1.633e-18,1.414e-18,7.881e-19,0.0004,121.18,0
BottomS63534,9.7397,-2.9212,6.420e-18,4.972e-18,2.115e-18,-0.0001,121.24,0
BottomS63535,9.8059,-2.8479,1.207e-17,9.390e-18,4.058e-18,-0.0,125.26,0
BottomS63536,9.7341,-2.9239,6.760e-14,5.115e-14,2.168e-14,0.0008,121.24,1
BottomS63537,9.7384,-2.9154,2.528e-17,1.851e-17,7.235e-18,0.0001,121.25,0
BottomS63539,9.7323,-2.9201,1.401e-17,1.057e-17,4.185e-18,-0.0007,121.21,0
BottomS63541,9.8120,-2.8455,4.838e-20,5.690e-20,5.566e-20,0.0006,125.19,0
BottomS63543,9.7270,-2.9199,2.494e-20,2.959e-20,2.958e-20,0.0001,121.18,0
BottomS63544,9.8130,-2.8452,1.152e-19,1.250e-19,1.049e-19,-0.001,125.22,0
BottomS63545,9.7257,-2.9197,4.126e-20,5.110e-20,5.639e-20,0.0002,121.29,0
BottomS63546,9.8141,-2.8480,3.453e-19,3.606e-19,2.775e-19,0.0002,125.06,0
BottomS63547,9.8139,-2.8468,4.570e-18,3.810e-18,1.879e-18,0.0009,125.19,0
BottomS63548,9.8156,-2.8500,7.989e-19,1.514e-18,3.984e-18,0.0006,125.06,0
BottomS63549,9.7322,-2.9142,4.866e-19,4.853e-19,3.499e-19,-0.0004,121.36,0
BottomS63550,9.7299,-2.9116,1.254e-19,1.303e-19,1.005e-19,-0.0006,121.41,0
BottomS63551,9.8203,-2.8532,1.476e-19,1.566e-19,1.276e-19,-0.0008,124.97,0
BottomS63553,9.7304,-2.9073,2.674e-19,2.747e-19,2.018e-19,-0.0004,121.62,0
BottomS63554,9.8178,-2.8561,1.509e-18,1.393e-18,8.258e-19,0.0012,124.91,0
BottomS63556,9.7252,-2.9068,9.471e-18,7.755e-18,3.613e-18,-0.0005,121.7,0
BottomS63557,9.7251,-2.9031,4.682e-18,8.716e-18,2.231e-17,0.0008,121.84,0
BottomS63558,9.7338,-2.9028,1.077e-17,8.292e-18,3.472e-18,0.0003,121.86,1
BottomS63559,9.8167,-2.8674,1.812e-18,2.844e-18,5.294e-18,0.0006,124.56,0
BottomS63560,9.7301,-2.8995,2.675e-17,2.114e-17,9.222e-18,0.0003,121.95,1
BottomS63561,9.8149,-2.8673,4.932e-20,6.130e-20,7.127e-20,-0.0003,124.46,0
BottomS63562,9.8122,-2.8702,1.417e-18,2.301e-18,4.602e-18,-0.0001,124.42,0
BottomS63565,9.7358,-2.8895,3.254e-18,2.901e-18,1.663e-18,0.0009,122.25,0
BottomS63566,9.7331,-2.8888,2.351e-19,2.314e-19,1.619e-19,-0.0003,122.3,0
BottomS63567,9.8097,-2.8795,3.025e-18,2.704e-18,1.608e-18,0.0002,124.1,0
BottomS63568,9.7383,-2.8856,8.818e-19,1.554e-18,3.730e-18,0.0,122.35,0
BottomS63569,9.7359,-2.8830,3.624e-19,6.511e-19,1.512e-18,-0.0001,122.53,0
BottomS63571,9.7995,-2.8857,1.552e-18,3.153e-18,9.641e-18,-0.0003,123.76,0
BottomS63572,9.7397,-2.8796,2.265e-19,2.471e-19,2.063e-19,-0.001,122.73,0
BottomS63573,9.7996,-2.8884,1.215e-18,1.117e-18,7.000e-19,0.0004,123.74,0
BottomS63574,9.7459,-2.8747,4.895e-18,3.874e-18,1.785e-18,-0.0002,122.93,0
BottomS63575,9.7991,-2.8918,1.618e-20,2.033e-20,2.392e-20,0.0007,123.59,0
BottomS63576,9.7969,-2.8961,2.197e-20,2.830e-20,3.494e-20,-0.0001,123.37,0
BottomS63578,9.7969,-2.9009,2.243e-19,2.237e-19,1.613e-19,0.0002,123.29,0
BottomS63579,9.7937,-2.8981,9.034e-20,9.941e-20,8.493e-20,0.0007,123.27,0
BottomS63580,9.7566,-2.8618,1.178e-18,2.652e-18,1.061e-17,0.0002,123.44,0
BottomS63582,9.7934,-2.9076,1.176e-19,1.335e-19,1.203e-19,-0.0004,123.15,0
BottomS63583,9.7970,-2.9076,8.742e-18,7.150e-18,3.491e-18,-0.0001,123.17,0
BottomS63584,9.7857,-2.9135,2.043e-20,2.411e-20,2.466e-20,0.0002,122.76,0
BottomS63585,9.7599,-2.8526,1.127e-20,1.542e-20,2.097e-20,-0.0006,123.73,0
BottomS63586,9.7791,-2.9156,2.051e-17,1.652e-17,7.528e-18,0.001,122.62,0
BottomS63587,9.7625,-2.8527,2.056e-16,1.355e-16,4.237e-17,0.0003,123.78,0
BottomS63588,9.7803,-2.9224,6.176e-17,4.296e-17,1.528e-17,-0.0008,122.51,0
BottomS63590,9.7627,-2.8462,1.288e-18,3.337e-18,1.688e-17,0.0005,123.79,1
BottomS63592,9.7743,-2.9272,1.881e-18,1.505e-18,7.166e-19,0.0002,122.36,0
BottomS63593,9.7693,-2.8398,8.102e-18,6.371e-18,2.842e-18,-0.0005,124.12,1
BottomS63594,9.7716,-2.9299,8.234e-20,9.629e-20,9.477e-20,-0.0002,122.29,0
BottomS63595,9.7694,-2.8402,2.465e-19,2.453e-19,1.740e-19,0.0005,124.11,0
BottomS63598,9.7786,-2.8326,5.546e-20,6.546e-20,6.826e-20,0.0009,124.36,0
BottomS63599,9.7797,-2.8349,3.405e-19,3.395e-19,2.490e-19,0.0001,124.47,0
BottomS63600,9.7574,-2.9396,2.300e-19,2.453e-19,1.982e-19,0.0005,121.87,0
BottomS63602,9.7509,-2.9427,1.508e-20,2.065e-20,2.803e-20,-0.0007,121.67,0
BottomS63605,9.7462,-2.9471,1.464e-18,1.325e-18,7.641e-19,-0.0005,121.49,0
BottomS63610,9.8049,-2.8224,3.730e-19,3.428e-19,2.067e-19,-0.0007,125.13,0
BottomS63611,9.8163,-2.8029,1.224e-18,1.108e-18,6.496e-19,0.0008,125.34,0
BottomS63612,9.7351,-2.9463,1.918e-18,3.711e-18,1.063e-17,-0.0004,121.29,0
BottomS63614,9.7261,-2.9598,1.888e-17,1.415e-17,5.782e-18,-0.0,121.13,0
BottomS63616,9.7237,-2.9550,8.858e-20,9.646e-20,8.048e-20,0.0,121.1,0
BottomS63619,9.7219,-2.9537,7.626e-19,7.198e-19,4.675e-19,0.0008,121.07,0
BottomS63620,9.7238,-2.9480,4.080e-19,4.168e-19,3.117e-19,-0.0003,121.05,0
BottomS63622,9.8243,-2.8188,7.639e-20,8.034e-20,6.372e-20,0.0006,125.33,0
BottomS63623,9.8272,-2.8162,1.033e-20,1.390e-20,1.785e-20,-0.0005,125.33,0
BottomS63625,9.8324,-2.8127,6.955e-19,6.731e-19,4.666e-19,-0.0003,125.54,0
BottomS63626,9.7136,-2.9466,5.049e-20,6.371e-20,7.443e-20,-0.0004,121.02,0
BottomS63627,9.7126,-2.9503,7.655e-20,8.168e-20,7.082e-20,0.0011,121.07,0
BottomS63628,9.8310,-2.8227,1.228e-18,1.691e-18,2.257e-18,0.0001,125.41,0
BottomS63629,9.8361,-2.8168,2.844e-14,1.978e-14,6.922e-15,0.0003,125.42,0
BottomS63630,9.8375,-2.8169,5.874e-18,4.585e-18,2.048e-18,0.0006,125.45,0
BottomS63631,9.7162,-2.9384,4.019e-19,4.206e-19,3.303e-19,0.0003,121.14,0
BottomS63632,9.7096,-2.9426,1.835e-19,1.863e-19,1.424e-19,-0.0002,121.13,0
BottomS63637,9.7057,-2.9363,3.173e-19,6.275e-19,1.873e-18,0.0005,121.3,0
BottomS63638,9.8394,-2.8260,2.466e-18,4.530e-18,1.133e-17,0.0008,125.31,0
BottomS63639,9.6969,-2.9328,5.310e-19,5.033e-19,3.245e-19,-0.0003,121.32,0
BottomS63640,9.8413,-2.8413,4.691e-19,7.266e-19,1.295e-18,0.0004,124.89,0
BottomS63641,9.8372,-2.8396,1.946e-17,1.435e-17,5.719e-18,0.0007,125.05,0
BottomS63642,9.8371,-2.8390,9.809e-18,8.172e-18,4.126e-18,0.0008,125.01,0
BottomS63644,9.8417,-2.8383,5.614e-19,1.000e-18,2.368e-18,0.0009,125.06,0
BottomS63645,9.7218,-2.9162,6.379e-18,5.235e-18,2.592e-18,0.0007,121.57,0
BottomS63647,9.8396,-2.8486,2.032e-18,1.774e-18,9.733e-19,-0.0003,124.71,0
BottomS63651,9.8264,-2.8595,2.480e-18,2.157e-18,1.166e-18,-0.0005,124.6,0
BottomS63653,9.8326,-2.8604,4.591e-19,4.443e-19,2.974e-19,0.0001,124.44,0
BottomS63657,9.7189,-2.8951,2.195e-20,2.825e-20,3.383e-20,0.0002,122.24,0
BottomS63659,9.8288,-2.8763,6.548e-17,4.538e-17,1.622e-17,0.0,124.18,0
BottomS63660,9.7180,-2.8878,6.516e-19,5.928e-19,3.553e-19,-0.0003,122.36,0
BottomS63662,9.7212,-2.8809,8.482e-19,1.292e-18,2.141e-18,0.0011,122.55,0
BottomS63663,9.8143,-2.8867,8.177e-19,1.368e-18,2.961e-18,-0.0005,123.93,0
BottomS63664,9.7146,-2.8763,2.418e-18,2.093e-18,1.140e-18,0.0003,122.62,0
BottomS63665,9.7297,-2.8738,2.359e-19,2.399e-19,1.796e-19,0.0003,122.7,0
BottomS63666,9.8117,-2.8947,2.620e-19,4.057e-19,7.236e-19,0.0,123.62,0
BottomS63667,9.7339,-2.8686,1.225e-18,1.123e-18,6.871e-19,-0.0,122.92,0
BottomS63668,9.7343,-2.8631,3.261e-17,2.467e-17,9.803e-18,0.0007,122.95,0
BottomS63669,9.8019,-2.9019,1.075e-19,1.196e-19,1.120e-19,0.0,123.36,0
BottomS63670,9.7350,-2.8566,6.727e-20,7.409e-20,6.676e-20,0.0003,123.17,0
BottomS63671,9.7418,-2.8570,4.783e-19,4.785e-19,3.482e-19,0.0001,123.29,0
BottomS63673,9.7968,-2.9101,4.193e-18,3.351e-18,1.582e-18,0.0007,123.19,0
BottomS63674,9.7926,-2.9200,8.386e-18,6.750e-18,3.115e-18,0.0004,122.93,0
BottomS63675,9.7506,-2.8467,4.229e-19,3.991e-19,2.529e-19,0.001,123.57,0
BottomS63676,9.7529,-2.8436,1.783e-19,1.926e-19,1.661e-19,0.0001,123.67,0
BottomS63677,9.7944,-2.9244,1.800e-18,3.094e-18,6.815e-18,-0.0001,122.86,0
BottomS63678,9.7621,-2.8391,5.038e-17,3.610e-17,1.347e-17,0.0002,123.92,0
BottomS63681,9.7708,-2.8270,1.848e-19,1.948e-19,1.630e-19,0.0007,124.1,0
BottomS63682,9.7761,-2.9369,1.783e-18,3.368e-18,8.895e-18,0.0013,122.45,0
BottomS63683,9.7665,-2.8282,7.784e-19,1.417e-18,3.423e-18,-0.0009,124.18,0
BottomS63684,9.7824,-2.9387,7.293e-20,8.575e-20,8.364e-20,-0.0001,122.48,0
BottomS63685,9.7676,-2.9427,9.567e-18,7.346e-18,3.179e-18,-0.0003,122.18,1
BottomS63686,9.7672,-2.9485,2.819e-17,2.086e-17,8.243e-18,0.0019,122.19,0
BottomS63688,9.7820,-2.8181,2.248e-18,1.927e-18,1.056e-18,0.0002,124.53,0
BottomS63690,9.7601,-2.9494,2.845e-19,2.913e-19,2.243e-19,0.0009,121.9,0
BottomS63691,9.7782,-2.8310,2.523e-17,1.925e-17,7.988e-18,0.0,124.36,1
BottomS63692,9.7932,-2.8067,2.622e-17,1.994e-17,8.205e-18,-0.0005,124.88,1
BottomS63693,9.7477,-2.9601,4.177e-18,3.748e-18,2.144e-18,0.0005,121.57,0
BottomS63694,9.7504,-2.9553,5.175e-18,4.445e-18,2.357e-18,0.0004,121.71,0
BottomS63695,9.7506,-2.9497,6.031e-19,5.780e-19,3.742e-19,-0.0,121.75,0
BottomS63697,9.7421,-2.9610,1.487e-18,2.874e-18,7.820e-18,-0.0007,121.5,0
BottomS63698,9.7357,-2.9753,1.306e-19,1.406e-19,1.157e-19,0.0006,121.41,0
BottomS63700,9.7387,-2.9569,1.110e-17,8.497e-18,3.559e-18,0.0005,121.46,0
BottomS63701,9.7344,-2.9604,1.150e-17,8.761e-18,3.774e-18,0.0001,121.37,1
BottomS63702,9.7305,-2.9641,1.707e-18,1.489e-18,8.284e-19,-0.0008,121.21,0
BottomS63704,9.8197,-2.7980,1.847e-18,1.596e-18,9.020e-19,0.0002,125.23,0
BottomS63705,9.7211,-2.9712,1.094e-18,2.344e-18,7.845e-18,-0.0011,121.24,0
BottomS63707,9.8261,-2.7962,5.979e-20,6.855e-20,6.744e-20,-0.0,125.41,0
BottomS63708,9.7085,-2.9799,2.221e-19,2.242e-19,1.671e-19,0.0004,120.99,0
BottomS63709,9.8210,-2.8090,2.664e-18,2.210e-18,1.115e-18,0.0004,125.39,0
BottomS63711,9.7153,-2.9603,2.000e-18,1.708e-18,9.181e-19,0.0003,121.07,0
BottomS63713,9.8400,-2.7895,5.254e-20,6.072e-20,6.136e-20,-0.0001,125.48,0
BottomS63714,9.8379,-2.7968,4.739e-14,3.427e-14,1.286e-14,-0.0002,125.42,0
BottomS63716,9.8447,-2.7989,5.587e-18,4.503e-18,2.146e-18,-0.0006,125.49,0
BottomS63717,9.7032,-2.9592,8.195e-19,7.832e-19,5.083e-19,-0.001,120.98,0
BottomS63718,9.6980,-2.9712,6.915e-18,5.517e-18,2.485e-18,-0.0007,120.95,0
BottomS63719,9.7029,-2.9663,1.960e-18,1.677e-18,8.709e-19,-0.0001,120.92,0
BottomS63720,9.6940,-2.9678,5.249e-19,5.173e-19,3.484e-19,0.0005,121.03,0
BottomS63721,9.6907,-2.9632,8.091e-20,9.200e-20,8.789e-20,-0.0001,121.08,0
BottomS63723,9.7002,-2.9557,6.011e-18,4.611e-18,2.003e-18,-0.0002,120.99,0
BottomS63725,9.8535,-2.8131,1.852e-17,1.426e-17,6.166e-18,0.0006,125.31,1
BottomS63726,9.6904,-2.9567,1.472e-17,1.202e-17,5.863e-18,-0.0002,120.95,0
BottomS63727,9.8577,-2.8035,1.587e-18,2.500e-18,4.674e-18,0.0007,125.41,0
BottomS63729,9.6823,-2.9551,8.460e-19,8.077e-19,5.171e-19,-0.0005,121.14,0
BottomS63730,9.6907,-2.9472,7.107e-18,1.706e-17,7.502e-17,0.0006,121.24,1
BottomS63734,9.6905,-2.9372,6.917e-17,5.067e-17,1.990e-17,-0.0001,121.36,0
BottomS63735,9.6944,-2.9367,3.013e-18,2.709e-18,1.600e-18,-0.0001,121.39,0
BottomS63736,9.8369,-2.8352,1.938e-19,1.989e-19,1.493e-19,-0.0005,125.16,0
BottomS63737,9.8564,-2.8290,2.335e-19,2.470e-19,1.911e-19,0.0,125.03,0
BottomS63739,9.8413,-2.8454,7.434e-17,5.363e-17,2.013e-17,0.0003,124.84,0
BottomS63740,9.6981,-2.9293,9.479e-19,8.517e-19,4.854e-19,0.0,121.46,0
BottomS63741,9.8518,-2.8488,1.713e-18,1.520e-18,8.856e-19,-0.0002,124.71,0
BottomS63742,9.8456,-2.8499,1.497e-19,1.580e-19,1.217e-19,0.0,124.75,0
BottomS63743,9.6904,-2.9160,4.891e-19,8.655e-19,2.019e-18,-0.0,121.79,0
BottomS63744,9.6943,-2.9117,3.692e-18,3.102e-18,1.622e-18,0.001,121.86,0
BottomS63746,9.7043,-2.9043,1.638e-18,3.720e-18,1.505e-17,-0.0003,122.05,0
BottomS63747,9.7016,-2.9006,8.758e-18,6.752e-18,2.802e-18,0.0007,122.12,0
BottomS63748,9.6976,-2.9006,4.656e-18,3.648e-18,1.613e-18,0.0002,122.12,0
BottomS63749,9.6954,-2.8979,5.386e-19,5.097e-19,3.335e-19,0.0004,122.06,0
BottomS63752,9.7031,-2.8876,2.126e-15,1.394e-15,4.376e-16,0.0005,122.33,0
BottomS63753,9.8390,-2.8806,2.850e-14,2.188e-14,9.290e-15,-0.0005,124.05,1
BottomS63754,9.7063,-2.8815,2.505e-18,2.127e-18,1.133e-18,0.0004,122.53,0
BottomS63755,9.7137,-2.8767,4.844e-20,5.912e-20,6.342e-20,-0.0001,122.62,0
BottomS63756,9.7227,-2.8752,1.220e-20,1.594e-20,1.936e-20,-0.0009,122.71,0
BottomS63764,5.7588,0.8062,3.131e-19,3.052e-19,2.021e-19,0.0004,121.87,0
BottomS63770,5.7770,0.7586,1.887e-19,1.816e-19,1.223e-19,0.0004,118.73,0
BottomS63771,5.7842,0.8080,3.750e-20,4.500e-20,4.683e-20,0.0007,121.35,0
BottomS63774,5.7993,0.7113,1.002e-18,2.112e-18,7.427e-18,-0.0007,118.51,0
BottomS63777,5.7703,0.7752,4.202e-19,3.871e-19,2.470e-19,-0.0001,119.49,0
BottomS63778,5.8011,0.8095,4.196e-20,5.073e-20,5.544e-20,0.0001,120.87,0
BottomS63779,5.7643,0.7569,1.143e-18,1.042e-18,6.438e-19,0.0011,119.37,0
BottomS63782,5.7805,0.7988,1.115e-19,1.188e-19,9.802e-20,0.0001,121.19,0
BottomS63788,5.7481,0.8334,9.368e-20,1.008e-19,8.485e-20,-0.0007,122.35,0
BottomS63790,5.7881,0.7685,1.817e-20,2.426e-20,3.135e-20,-0.0009,119.03,0
BottomS63794,5.7532,0.8201,1.080e-20,1.375e-20,1.624e-20,0.0,122.11,0
BottomS63795,5.8392,0.7139,7.835e-19,1.691e-18,5.985e-18,0.0001,119.14,0
BottomS63797,5.7620,0.8298,1.121e-20,1.430e-20,1.735e-20,0.0002,122.62,0
BottomS63805,5.8011,0.7164,1.096e-19,1.155e-19,9.271e-20,0.0002,118.51,0
BottomS63807,5.7717,0.7913,2.214e-18,3.996e-18,9.727e-18,0.0008,120.6,0
BottomS63810,5.7936,0.7562,1.142e-20,1.471e-20,1.785e-20,0.0002,118.83,0
BottomS63819,5.7713,0.7867,6.049e-19,5.768e-19,3.716e-19,0.0001,119.39,0
BottomS63822,5.7724,0.7385,2.469e-19,2.557e-19,1.987e-19,0.0006,118.84,0
BottomS63823,5.7901,0.8067,1.101e-18,9.708e-19,5.624e-19,0.0003,121.0,0
BottomS63826,5.7264,0.8974,9.302e-19,1.713e-18,4.255e-18,0.0002,122.78,0
BottomS63829,5.7891,0.7804,7.791e-14,6.377e-14,2.990e-14,-0.0003,119.64,1
BottomS63833,5.7670,0.7665,1.312e-20,1.743e-20,2.238e-20,0.0,119.46,0
BottomS63835,5.7747,0.7794,2.722e-18,3.946e-18,6.203e-18,-0.0009,119.32,0
BottomS63836,5.7674,0.8462,1.469e-20,1.841e-20,2.132e-20,0.0,122.54,0
BottomS63839,5.7667,0.8316,1.034e-20,1.467e-20,2.189e-20,0.0004,122.6,0
BottomS63840,5.7695,0.7971,8.833e-20,9.470e-20,7.888e-20,0.0002,121.85,0
BottomS63841,5.7925,0.7788,2.511e-20,3.036e-20,3.367e-20,-0.0004,119.92,0
BottomS63842,5.7747,0.7883,1.601e-18,1.400e-18,7.729e-19,0.0003,119.46,0
BottomS63843,5.7803,0.7864,1.310e-20,1.672e-20,2.036e-20,-0.0002,119.82,0
BottomS63847,5.7698,0.7946,5.008e-19,5.007e-19,3.619e-19,-0.0007,121.09,0
BottomS63852,5.7837,0.8022,1.275e-20,1.558e-20,1.779e-20,0.0005,121.08,0
BottomS63853,5.7691,0.7899,1.806e-19,1.889e-19,1.511e-19,0.0001,120.42,0
BottomS63854,5.7776,0.8026,1.147e-20,1.433e-20,1.674e-20,0.0007,121.21,0
BottomS63856,5.7756,0.7933,5.133e-19,9.687e-19,2.571e-18,0.0002,120.83,0
BottomS63859,5.7810,0.8045,7.968e-20,8.705e-20,7.594e-20,0.0004,121.17,0
BottomS63861,5.7702,0.8109,2.274e-20,2.912e-20,3.402e-20,0.0005,122.21,0
BottomS63863,5.7775,0.8014,8.390e-14,6.763e-14,3.151e-14,-0.0005,121.31,1
BottomS63864,5.7734,0.7832,3.160e-18,2.880e-18,1.722e-18,0.0001,119.74,0
BottomS63870,5.8038,0.7797,1.937e-20,2.449e-20,2.807e-20,0.0007,120.02,0
BottomS63871,5.7756,0.8040,3.660e-14,3.323e-14,2.000e-14,0.0004,121.87,1
BottomS63874,5.7672,0.8020,1.390e-19,1.526e-19,1.351e-19,0.0001,121.8,0
BottomS63885,5.7499,0.8332,1.314e-18,2.167e-18,4.355e-18,0.0004,122.42,0
BottomS63891,5.7631,0.7894,3.316e-20,3.981e-20,4.145e-20,0.0004,120.66,0
BottomS63898,5.7659,0.7984,3.037e-20,3.688e-20,3.990e-20,0.0008,121.38,0
BottomS63899,5.7727,0.7939,1.286e-18,2.699e-18,9.161e-18,0.0005,121.33,0
BottomS63903,5.7850,0.7844,1.497e-19,1.582e-19,1.255e-19,0.0007,119.77,0
BottomS63904,5.7932,0.7297,1.021e-18,1.708e-18,3.733e-18,-0.0015,118.5,0
BottomS63910,5.7737,0.7883,4.320e-18,3.473e-18,1.573e-18,0.0008,120.22,0
BottomS63923,5.7354,0.8016,1.503e-20,1.960e-20,2.362e-20,-0.0002,121.15,0
BottomS63926,5.7755,0.7962,1.151e-20,1.560e-20,2.041e-20,0.0006,121.73,0
BottomS63928,5.7536,0.8378,4.895e-19,4.570e-19,2.873e-19,-0.0002,122.57,0
BottomS63935,5.7938,0.8351,1.043e-18,9.457e-19,5.551e-19,-0.0002,121.65,0
BottomS63939,5.7816,0.8071,2.524e-19,2.509e-19,1.740e-19,0.0008,121.67,0
BottomS63941,5.7698,0.8113,3.018e-19,2.927e-19,2.009e-19,-0.0006,122.22,0
BottomS63943,5.7757,0.7931,4.522e-14,3.401e-14,1.389e-14,0.0003,121.14,0
BottomS63945,5.7771,0.7750,1.287e-18,2.917e-18,1.195e-17,-0.0004,119.17,0
BottomS63947,5.7582,0.8186,1.782e-20,2.278e-20,2.719e-20,-0.0001,122.26,0
BottomS63948,5.7534,0.7961,1.040e-20,1.355e-20,1.686e-20,-0.0001,121.03,0
BottomS63949,5.7568,0.7966,1.846e-20,2.321e-20,2.682e-20,0.0002,121.23,0
BottomS63950,5.6999,0.7982,4.884e-20,5.836e-20,5.887e-20,0.0004,121.02,0
BottomS63953,5.7924,0.7869,4.321e-19,7.577e-19,1.676e-18,-0.0001,120.31,0
BottomS63961,5.7758,0.8672,5.360e-20,5.572e-20,4.352e-20,-0.0005,122.47,0
BottomS63963,5.7847,0.7396,2.346e-20,3.044e-20,3.751e-20,-0.0005,118.56,0
BottomS63965,5.7739,0.7882,6.271e-20,7.140e-20,6.699e-20,0.0004,119.79,0
BottomS63974,5.7638,0.8134,7.325e-20,8.416e-20,8.373e-20,-0.0006,122.5,0
BottomS63976,5.7634,0.7972,2.088e-14,1.439e-14,4.946e-15,0.0004,121.21,0
BottomS63977,5.7661,0.7647,1.715e-19,1.669e-19,1.135e-19,0.0001,119.53,0
BottomS63978,5.7725,0.7883,5.790e-14,4.129e-14,1.540e-14,0.0002,119.57,0
BottomS63980,5.7809,0.7818,1.727e-19,1.858e-19,1.604e-19,0.001,119.54,0
BottomS63981,5.7733,0.7951,3.529e-18,4.736e-18,6.350e-18,0.0008,121.5,0
BottomS63982,5.7740,0.7924,1.179e-18,2.287e-18,6.446e-18,0.0001,120.74,0
BottomS63983,5.7606,0.7879,1.845e-20,2.344e-20,2.792e-20,0.0006,120.64,0
BottomS63986,5.7697,0.7596,4.789e-20,5.695e-20,5.959e-20,0.0,118.73,0
BottomS63989,5.7840,0.7785,8.537e-19,1.810e-18,6.307e-18,-0.0004,119.15,0
BottomS63992,5.7592,0.7980,1.072e-15,7.172e-16,2.235e-16,-0.0001,122.06,0
BottomS63994,5.7647,0.8163,3.733e-14,2.645e-14,9.899e-15,0.0002,122.49,0
BottomS63996,5.7634,0.7983,1.207e-19,1.266e-19,1.014e-19,-0.0,121.34,0
BottomS64000,5.7829,0.7951,3.330e-18,2.778e-18,1.385e-18,-0.0011,120.78,0
BottomS64001,5.7809,0.7789,1.241e-18,2.357e-18,6.628e-18,0.0003,119.11,0
BottomS64003,5.7670,0.7905,1.540e-19,1.600e-19,1.256e-19,0.0008,120.66,0
BottomS64005,5.7892,0.7760,2.690e-14,1.984e-14,7.700e-15,0.0001,118.93,0
BottomS64010,5.7702,0.7815,4.841e-18,3.821e-18,1.720e-18,-0.0004,119.91,0
BottomS64011,5.7545,0.8082,1.350e-18,1.245e-18,7.717e-19,0.0005,122.02,0
BottomS64016,5.7694,0.8092,7.475e-19,6.787e-19,3.980e-19,-0.0001,121.97,0
BottomS64017,5.7941,0.7988,1.827e-18,2.445e-18,3.296e-18,0.0006,120.84,0
BottomS64018,5.7677,0.7663,1.850e-20,2.226e-20,2.338e-20,-0.0004,118.9,0
BottomS64019,5.7836,0.7866,6.250e-19,1.226e-18,3.504e-18,0.0008,119.85,0
BottomS64021,5.7651,0.7956,1.685e-18,1.505e-18,8.877e-19,0.0008,121.76,0
BottomS64022,5.7766,0.7923,1.636e-18,3.198e-18,9.021e-18,0.0004,120.57,0
BottomS64025,5.7683,0.7751,6.274e-14,4.773e-14,2.015e-14,-0.0003,119.19,1
BottomS64027,5.7605,0.7888,6.121e-19,5.968e-19,3.997e-19,0.0,120.8,0
BottomS64028,5.7776,0.7956,3.422e-18,2.990e-18,1.591e-18,0.0004,120.82,0
BottomS64032,5.7592,0.7955,8.700e-19,1.651e-18,4.538e-18,-0.0007,122.14,0
BottomS64033,5.7695,0.7765,4.214e-18,8.106e-18,2.206e-17,0.0002,119.21,0
BottomS64034,5.7856,0.8069,1.549e-19,1.593e-19,1.250e-19,-0.0002,122.32,0
BottomS64036,5.7770,0.7640,5.639e-17,4.145e-17,1.624e-17,0.0,118.7,0
BottomS64038,5.7617,0.7858,5.936e-20,6.697e-20,6.354e-20,-0.0,120.14,0
BottomS64039,5.7740,0.7841,9.683e-14,7.230e-14,2.919e-14,0.0003,120.08,0
BottomS64041,5.7707,0.8075,1.940e-18,1.543e-18,7.323e-19,-0.0002,122.19,0
BottomS64042,5.7875,0.8075,3.569e-19,3.353e-19,2.152e-19,-0.0001,122.19,0
BottomS64044,5.7788,0.8144,1.960e-18,1.707e-18,9.467e-19,0.0002,122.23,0
BottomS64046,5.7795,0.7806,4.402e-17,3.118e-17,1.133e-17,-0.0006,119.39,0
BottomS64048,5.7645,0.7716,1.409e-18,2.863e-18,9.066e-18,-0.001,118.85,0
BottomS64051,5.7696,0.7719,6.657e-20,7.645e-20,7.101e-20,-0.0004,119.13,0
BottomS64052,5.7715,0.7874,1.805e-18,3.799e-18,1.289e-17,0.0001,120.35,0
BottomS64053,5.7578,0.7805,1.313e-19,1.382e-19,1.153e-19,0.0009,118.96,0
BottomS64054,5.7888,0.8087,5.374e-20,6.183e-20,5.946e-20,-0.0002,122.0,0
BottomS64055,5.7594,0.7925,1.635e-18,3.479e-18,1.193e-17,-0.0003,121.06,0
BottomS64057,5.7857,0.7728,2.205e-18,1.895e-18,1.028e-18,0.0002,118.91,0
BottomS64058,5.7622,0.8025,3.017e-19,2.990e-19,2.105e-19,0.0002,121.8,0
BottomS64059,5.7646,0.7932,1.415e-17,1.128e-17,5.175e-18,-0.0005,121.34,1
BottomS64061,5.7528,0.8047,3.985e-19,3.687e-19,2.334e-19,0.0003,122.19,0
BottomS64062,5.7578,0.7949,1.455e-18,2.256e-18,3.883e-18,0.0005,121.37,0
BottomS64063,5.7727,0.8142,8.446e-18,6.604e-18,2.883e-18,-0.0001,122.34,0
BottomS64064,5.7764,0.7792,3.601e-19,3.396e-19,2.161e-19,0.0001,119.8,0
BottomS64065,5.7625,0.7992,1.867e-18,1.707e-18,1.026e-18,0.0003,121.72,0
BottomS64067,5.7652,0.7877,2.042e-20,2.383e-20,2.424e-20,-0.0001,120.08,0
BottomS64071,5.7743,0.7632,3.175e-14,2.711e-14,1.454e-14,0.0004,118.83,1
BottomS64072,5.7740,0.8124,2.100e-20,2.623e-20,3.029e-20,-0.0002,122.01,0
BottomS64073,5.7564,0.8209,2.260e-19,2.335e-19,1.835e-19,0.0003,122.44,0
BottomS64075,5.7573,0.8021,4.867e-19,4.570e-19,2.865e-19,-0.0001,121.63,0
BottomS64076,5.7774,0.8119,1.842e-17,1.405e-17,6.008e-18,-0.0003,121.82,1
BottomS64077,5.7908,0.7908,5.070e-20,5.729e-20,5.249e-20,-0.0002,120.09,0
BottomS64078,5.7968,0.8105,1.616e-20,2.178e-20,2.765e-20,-0.0006,122.56,0
BottomS64079,5.7978,0.8103,3.939e-20,4.579e-20,4.601e-20,0.0008,122.32,0
BottomS64081,5.7906,0.7803,3.532e-20,4.080e-20,4.080e-20,-0.0004,119.11,0
BottomS64084,5.7818,0.7756,3.744e-14,2.602e-14,9.255e-15,-0.0003,119.15,0
BottomS64085,5.7841,0.7988,1.059e-18,1.767e-18,3.754e-18,-0.0005,121.93,0
BottomS64087,5.7805,0.7914,1.132e-18,2.694e-18,1.172e-17,0.0004,120.37,0
BottomS64088,5.7745,0.7877,3.165e-20,3.727e-20,3.849e-20,0.0001,120.1,0
BottomS64089,5.7684,0.7970,5.273e-18,4.203e-18,1.882e-18,0.0001,121.09,0
BottomS64090,5.7867,0.7815,1.230e-17,8.996e-18,3.552e-18,0.0002,119.2,0
BottomS64091,5.7524,0.7869,1.091e-17,8.204e-18,3.396e-18,0.0002,120.69,1
BottomS64093,5.7667,0.7853,4.758e-20,5.696e-20,5.730e-20,0.0002,119.95,0
BottomS64095,5.7496,0.8084,4.069e-14,2.816e-14,9.784e-15,-0.0001,122.46,0
BottomS64099,5.7468,0.7919,2.501e-18,3.270e-18,4.064e-18,-0.0003,121.08,0
BottomS64101,5.7838,0.7669,1.855e-20,2.368e-20,2.796e-20,0.0004,119.56,0
BottomS64103,5.7687,0.8028,6.611e-19,1.004e-18,1.680e-18,0.0003,121.78,0
BottomS64104,5.7807,0.8072,1.838e-18,1.600e-18,8.697e-19,-0.0001,121.93,0
BottomS64106,5.7729,0.7862,1.703e-19,1.862e-19,1.582e-19,0.0001,120.2,0
BottomS64111,5.7823,0.8101,2.534e-18,2.138e-18,1.104e-18,0.0004,122.08,0
BottomS64112,5.7640,0.8114,1.363e-18,2.114e-18,3.765e-18,-0.0004,122.27,0
BottomS64114,5.7869,0.7939,1.166e-20,1.594e-20,2.150e-20,-0.0001,120.44,0
BottomS64116,5.7598,0.7623,2.301e-18,1.894e-18,9.479e-19,0.0003,118.95,0
BottomS64117,5.7780,0.7957,1.279e-18,2.724e-18,9.839e-18,-0.0002,120.91,0
BottomS64118,5.7786,0.8074,4.180e-20,5.127e-20,5.618e-20,0.0006,121.63,0
BottomS64121,5.7829,0.7790,3.004e-20,3.629e-20,3.973e-20,-0.0004,119.46,0
BottomS64122,5.7783,0.7771,1.055e-17,1.665e-17,2.997e-17,-0.0006,119.15,0
BottomS64126,5.7638,0.8075,3.740e-18,3.217e-18,1.715e-18,0.0003,122.12,0
BottomS64128,5.7833,0.7737,3.044e-18,2.525e-18,1.283e-18,0.0004,119.12,0
BottomS64132,5.7818,0.7707,6.116e-19,5.861e-19,3.848e-19,-0.0,118.9,0
BottomS64134,5.7728,0.7996,5.290e-20,5.907e-20,5.277e-20,0.0003,121.82,0
BottomS64136,5.7758,0.7880,4.065e-19,4.002e-19,2.720e-19,-0.0001,119.76,0
BottomS64138,5.7664,0.8058,2.250e-19,2.268e-19,1.693e-19,0.0002,121.91,0
BottomS64139,5.7789,0.7805,3.903e-19,3.828e-19,2.703e-19,-0.0004,119.39,0
BottomS64143,5.7650,0.8102,2.086e-19,2.151e-19,1.640e-19,0.0002,122.18,0
BottomS64145,5.7646,0.8056,6.509e-19,1.150e-18,2.755e-18,0.0016,121.86,0
BottomS64146,5.7840,0.7748,1.062e-18,9.656e-19,5.785e-19,0.0007,119.11,0
BottomS64148,5.7602,0.8170,2.225e-19,2.303e-19,1.724e-19,0.0009,122.32,0
BottomS64149,5.7848,0.7750,2.746e-17,1.994e-17,7.866e-18,0.0008,119.24,0
BottomS64150,5.7882,0.7718,1.238e-18,2.551e-18,7.974e-18,-0.0001,118.98,0
BottomS64153,5.7650,0.8131,4.218e-19,4.262e-19,3.202e-19,-0.0001,122.17,0
BottomS64154,5.7673,0.8012,3.680e-19,3.632e-19,2.564e-19,-0.0007,121.62,0
BottomS64155,5.7646,0.8014,4.727e-20,5.621e-20,5.791e-20,0.0008,121.7,0
BottomS64157,5.7815,0.7783,7.992e-20,8.834e-20,7.766e-20,-0.0002,119.46,0
BottomS64158,5.7830,0.7672,1.027e-20,1.423e-20,2.004e-20,-0.0007,119.02,0
BottomS64159,5.7648,0.8089,8.379e-15,5.625e-15,1.850e-15,-0.0002,122.07,0
BottomS64160,5.7641,0.7960,1.211e-18,2.114e-18,4.837e-18,0.0002,121.53,0
BottomS64161,5.7638,0.8095,5.265e-19,5.095e-19,3.491e-19,-0.0009,122.21,1
BottomS64165,5.7681,0.8039,5.619e-19,5.306e-19,3.479e-19,0.0001,121.85,0
BottomS64166,5.7665,0.8091,2.963e-20,3.624e-20,3.956e-20,-0.0,122.11,0
BottomS64168,5.7539,0.8074,4.053e-19,3.738e-19,2.255e-19,0.001,121.81,0
BottomS64169,5.7867,0.7649,1.215e-19,1.304e-19,1.099e-19,-0.0004,118.96,0
BottomS64171,5.7671,0.8094,1.395e-20,1.872e-20,2.452e-20,-0.0003,121.94,0
BottomS64172,5.7635,0.8118,7.220e-20,7.937e-20,6.886e-20,0.0007,122.09,0
BottomS64175,5.7662,0.8056,1.982e-20,2.615e-20,3.264e-20,-0.0,121.93,0
BottomS64176,5.7641,0.8128,2.099e-18,5.141e-18,2.451e-17,0.0007,122.16,1
BottomS64181,5.7861,0.7761,3.124e-19,3.194e-19,2.324e-19,0.0004,119.15,0
BottomS64182,5.7846,0.7801,5.416e-19,5.439e-19,3.836e-19,0.0002,119.46,0
BottomS64184,5.7864,0.7708,1.995e-19,2.074e-19,1.687e-19,0.0005,119.02,0
BottomS64186,5.7638,0.8049,7.999e-19,1.928e-18,8.480e-18,0.0008,121.77,0
BottomS64187,5.7811,0.7759,4.557e-20,5.337e-20,5.355e-20,-0.0002,119.23,0
BottomS64188,5.7635,0.8034,1.027e-19,1.120e-19,9.312e-20,0.0006,121.88,0
BottomS64193,5.7905,0.7682,1.255e-20,1.629e-20,1.998e-20,-0.0,118.99,0
BottomS64194,5.7821,0.7810,1.458e-18,1.325e-18,7.779e-19,-0.0002,119.49,0
BottomS64196,5.7592,0.8080,1.583e-20,2.000e-20,2.298e-20,0.0001,121.97,0
BottomS64197,5.7611,0.8094,4.847e-20,5.882e-20,6.091e-20,-0.0002,122.03,0
BottomS64198,5.7841,0.7698,1.558e-20,2.084e-20,2.693e-20,-0.0,118.95,0
BottomS64199,5.7861,0.7631,7.754e-20,8.821e-20,8.156e-20,0.0005,118.8,0
BottomS64200,5.7847,0.7663,1.512e-18,1.323e-18,7.672e-19,0.0001,118.96,0
BottomS64201,5.7576,0.8221,9.671e-19,1.545e-18,2.959e-18,-0.0001,122.41,0
BottomS64205,5.7936,0.7677,2.994e-19,3.158e-19,2.450e-19,-0.0003,119.17,0
BottomS64206,5.7622,0.8173,1.115e-18,2.734e-18,1.260e-17,-0.0001,122.21,0
BottomS64208,5.7555,0.8132,1.175e-20,1.554e-20,2.018e-20,0.0002,121.99,0
BottomS64212,5.7768,0.7777,1.369e-19,1.447e-19,1.166e-19,0.0003,119.14,0
BottomS64214,5.7890,0.7734,1.410e-18,1.225e-18,6.387e-19,-0.0007,119.2,0
BottomS64216,5.7911,0.7710,1.401e-20,1.780e-20,2.176e-20,0.0004,119.16,0
BottomS64221,5.7593,0.8164,1.303e-19,1.370e-19,1.112e-19,-0.0006,122.16,0
BottomS64223,5.7601,0.8109,6.033e-18,4.831e-18,2.251e-18,-0.0003,122.09,0
BottomS64225,5.7886,0.7737,3.813e-19,6.801e-19,1.605e-18,0.0003,119.28,0
BottomS64227,5.7592,0.8135,1.077e-18,1.911e-18,4.387e-18,-0.0001,122.33,0
BottomS64228,5.7643,0.8082,6.791e-19,1.450e-18,4.907e-18,0.0001,121.92,0
BottomS64232,5.7827,0.7701,4.793e-18,3.989e-18,2.005e-18,-0.0004,118.86,0
BottomS64238,5.7561,0.8056,4.661e-18,1.101e-17,4.764e-17,-0.0002,121.72,1
BottomS64241,5.7926,0.7668,1.295e-20,1.717e-20,2.226e-20,-0.0004,119.14,0
BottomS64244,5.7918,0.7621,6.117e-19,5.774e-19,3.538e-19,-0.0015,118.92,0
BottomS64247,5.7871,0.7733,1.684e-18,2.699e-18,5.247e-18,-0.0005,119.07,0
BottomS64249,5.7613,0.8100,6.969e-20,7.389e-20,6.087e-20,0.0014,122.05,0
BottomS64251,5.7871,0.7688,1.193e-20,1.557e-20,1.952e-20,0.0005,118.96,0
BottomS64253,5.7546,0.8217,1.928e-17,1.489e-17,6.293e-18,-0.0003,122.27,1
BottomS64254,5.7682,0.8148,2.494e-19,2.521e-19,1.916e-19,0.0001,122.4,0
BottomS64255,5.7833,0.7703,2.853e-19,6.442e-19,2.444e-18,0.0007,119.21,0
BottomS64256,5.7484,0.8204,7.847e-18,6.192e-18,2.921e-18,-0.0002,122.07,0
BottomS64258,5.7568,0.8163,5.036e-19,4.703e-19,2.927e-19,0.0006,122.04,0
BottomS64259,5.7569,0.8201,4.261e-14,3.047e-14,1.163e-14,0.0005,122.29,0
BottomS64260,5.7566,0.8221,1.102e-20,1.468e-20,1.918e-20,0.0002,122.2,0
BottomS64261,5.7538,0.8179,4.454e-18,3.662e-18,1.769e-18,-0.0001,122.22,0
BottomS64264,5.7953,0.7593,1.488e-18,2.949e-18,9.163e-18,0.0003,119.02,0
BottomS64266,5.7574,0.8151,3.069e-18,6.302e-18,2.059e-17,0.0005,121.97,1
BottomS64267,5.7621,0.8137,3.348e-14,2.333e-14,8.086e-15,-0.0001,122.15,0
BottomS64268,5.7883,0.7584,3.671e-19,6.770e-19,1.729e-18,0.0002,118.95,0
BottomS64269,5.7580,0.8161,2.782e-20,3.351e-20,3.427e-20,0.0004,122.27,0
BottomS64272,5.7492,0.8279,6.580e-14,5.130e-14,2.255e-14,-0.0005,122.39,1
BottomS64278,5.7497,0.8209,2.293e-20,2.908e-20,3.396e-20,-0.0009,122.2,0
BottomS64280,5.7938,0.7559,2.799e-17,2.058e-17,7.981e-18,0.0008,118.99,0
BottomS64282,5.7937,0.7515,8.368e-19,7.913e-19,4.851e-19,0.0003,118.82,0
BottomS64283,5.7483,0.8259,1.474e-18,1.273e-18,6.827e-19,0.0001,122.35,0
BottomS64285,5.7933,0.7573,8.514e-19,7.596e-19,4.419e-19,0.0,118.98,0
BottomS64287,5.7504,0.8292,2.537e-19,2.627e-19,2.027e-19,0.0005,122.26,0
BottomS64289,5.7567,0.8251,8.431e-17,5.886e-17,2.064e-17,-0.0006,122.39,0
BottomS64291,5.7891,0.7628,3.875e-18,3.185e-18,1.609e-18,0.0002,119.08,0
BottomS64295,5.7531,0.8319,1.499e-18,1.374e-18,7.966e-19,-0.0002,122.51,0
BottomS64297,5.7488,0.8261,1.085e-20,1.457e-20,1.859e-20,0.0006,122.36,0
BottomS64298,5.7483,0.8285,5.172e-19,4.585e-19,2.553e-19,0.0005,122.26,0
BottomS64299,5.7472,0.8264,2.992e-20,3.627e-20,3.759e-20,0.0,122.16,0
BottomS64301,5.7872,0.7658,1.882e-18,1.606e-18,8.207e-19,-0.0006,119.06,0
BottomS64302,5.7560,0.8198,7.557e-20,7.917e-20,6.571e-20,-0.0005,122.05,0
BottomS64303,5.7546,0.8261,5.958e-19,5.601e-19,3.660e-19,-0.0001,122.31,0
BottomS64308,5.7947,0.7638,3.693e-14,2.585e-14,9.103e-15,-0.0001,119.18,0
BottomS64309,5.7622,0.8233,1.508e-18,2.457e-18,4.790e-18,-0.0008,122.27,0
BottomS64311,5.7539,0.8248,1.795e-18,4.122e-18,1.611e-17,0.0003,122.22,1
BottomS64313,5.7460,0.8326,4.350e-20,4.834e-20,4.509e-20,0.0005,122.33,0
BottomS64316,5.7986,0.7522,1.070e-19,1.164e-19,1.002e-19,0.0003,118.96,0
BottomS64317,5.7523,0.8279,4.803e-20,5.842e-20,6.320e-20,-0.0002,122.36,0
BottomS64318,5.7496,0.8288,5.017e-17,3.672e-17,1.391e-17,-0.0002,122.25,0
BottomS64319,5.7551,0.8249,1.077e-19,1.159e-19,9.901e-20,-0.0006,122.36,0
BottomS64320,5.7958,0.7432,3.132e-20,3.808e-20,4.011e-20,-0.0004,118.86,0
BottomS64323,5.7510,0.8323,1.403e-18,1.265e-18,7.400e-19,-0.0001,122.29,0
BottomS64324,5.7388,0.8398,2.835e-18,2.387e-18,1.208e-18,0.0011,122.44,0
BottomS64326,5.7499,0.8290,1.069e-18,9.987e-19,6.318e-19,0.0001,122.2,0
BottomS64328,5.8018,0.7522,2.213e-20,2.979e-20,4.026e-20,0.0002,118.9,0
BottomS64329,5.7491,0.8365,7.974e-15,1.067e-14,1.381e-14,-0.0002,122.34,0
BottomS64331,5.7516,0.8294,1.749e-14,1.208e-14,4.059e-15,-0.0,122.24,0
BottomS64333,5.7457,0.8319,1.245e-19,1.402e-19,1.287e-19,0.0003,122.32,0
BottomS64337,5.7520,0.8301,1.536e-20,2.044e-20,2.570e-20,-0.0001,122.38,0
BottomS64342,5.7464,0.8400,1.199e-18,2.131e-18,5.299e-18,0.0003,122.46,0
BottomS64344,5.8036,0.7614,2.079e-18,4.202e-18,1.319e-17,0.0001,119.16,0
BottomS64345,5.8080,0.7475,1.837e-19,1.876e-19,1.449e-19,-0.0004,119.02,0
BottomS64346,5.8025,0.7502,3.503e-17,2.735e-17,1.173e-17,-0.0004,118.97,0
BottomS64347,5.8026,0.7511,7.797e-17,5.395e-17,1.921e-17,-0.0002,118.96,0
BottomS64348,5.7437,0.8344,1.677e-18,3.025e-18,7.570e-18,0.0007,122.3,0
BottomS64349,5.8010,0.7503,1.930e-16,1.326e-16,4.503e-17,-0.0006,119.01,0
BottomS64350,5.8006,0.7504,5.156e-19,5.097e-19,3.640e-19,0.0005,119.01,0
BottomS64351,5.7992,0.7501,7.582e-19,7.027e-19,4.314e-19,-0.0008,118.94,0
BottomS64352,5.7975,0.7511,5.017e-17,3.707e-17,1.522e-17,0.0003,118.96,0
BottomS64353,5.8007,0.7452,3.807e-17,2.701e-17,9.614e-18,-0.0003,118.98,0
BottomS64354,5.8022,0.7438,1.969e-16,1.322e-16,4.368e-17,-0.0002,118.89,0
BottomS64355,5.7468,0.8377,6.713e-19,1.075e-18,2.085e-18,0.0004,122.38,0
BottomS64356,5.7463,0.8399,1.700e-16,1.186e-16,4.163e-17,-0.001,122.5,0
BottomS64357,5.7993,0.7420,3.826e-17,2.665e-17,9.746e-18,0.0006,118.71,0
BottomS64358,5.8043,0.7375,4.873e-19,4.744e-19,3.269e-19,0.0007,118.74,0
BottomS64359,5.7999,0.7418,7.343e-18,5.909e-18,2.699e-18,0.0001,118.67,0
BottomS64360,5.7465,0.8450,2.011e-18,1.764e-18,9.728e-19,0.0001,122.51,0
BottomS64361,5.7477,0.8452,2.056e-18,3.862e-18,1.020e-17,0.0,122.61,0
BottomS64362,5.7458,0.8479,1.500e-17,1.153e-17,5.115e-18,-0.0005,122.58,1
BottomS64363,5.7977,0.7391,1.315e-18,1.191e-18,7.010e-19,-0.0002,118.7,0
BottomS64364,5.7470,0.8471,8.347e-18,6.712e-18,3.204e-18,-0.0002,122.64,0
BottomS64365,5.7491,0.8459,5.875e-14,4.529e-14,2.011e-14,-0.0007,122.64,1
BottomS64366,5.7963,0.7387,8.076e-20,8.854e-20,7.611e-20,0.0,118.66,0
BottomS64367,5.7484,0.8503,2.912e-20,3.141e-20,2.731e-20,0.0001,122.61,0
BottomS64368,5.7976,0.7333,7.453e-19,6.907e-19,4.315e-19,0.0003,118.64,0
BottomS64369,5.7982,0.7325,1.912e-18,1.752e-18,1.064e-18,-0.0008,118.55,0
BottomS64370,5.7972,0.7311,6.416e-19,6.063e-19,3.802e-19,-0.0006,118.52,0
BottomS64371,5.7983,0.7306,8.606e-17,6.009e-17,2.203e-17,0.0007,118.61,0
BottomS64372,5.7988,0.7282,1.776e-18,3.762e-18,1.282e-17,-0.0006,118.54,0
BottomS64373,5.7976,0.7309,5.073e-14,4.647e-14,2.735e-14,-0.0001,118.64,1
BottomS64374,5.7964,0.7287,1.458e-20,1.882e-20,2.294e-20,-0.0007,118.53,0
BottomS64375,5.7486,0.8593,3.901e-17,2.940e-17,1.203e-17,0.0,122.82,0
BottomS64376,5.7960,0.7241,7.877e-17,5.818e-17,2.242e-17,-0.0004,118.41,0
BottomS64377,5.7510,0.8591,4.899e-18,3.949e-18,1.818e-18,-0.0004,122.82,0
BottomS64378,5.7947,0.7262,7.175e-17,5.512e-17,2.388e-17,0.0004,118.43,0
BottomS64379,5.7517,0.8606,3.779e-17,2.820e-17,1.110e-17,0.0005,122.71,0
BottomS64380,5.7914,0.7291,2.074e-17,1.538e-17,5.951e-18,0.0002,118.58,0
BottomS64381,5.7507,0.8636,2.464e-17,1.851e-17,7.461e-18,-0.0003,122.89,0
BottomS64382,5.7926,0.7234,4.647e-17,3.378e-17,1.248e-17,-0.0008,118.42,0
BottomS64383,5.7550,0.8624,3.975e-17,2.892e-17,1.060e-17,0.0005,122.79,0
BottomS64384,5.7559,0.8601,3.366e-17,2.583e-17,1.079e-17,-0.0004,122.87,0
BottomS64385,5.7555,0.8616,1.249e-18,1.118e-18,6.567e-19,0.0005,122.72,0
BottomS64386,5.7893,0.7231,9.428e-18,7.648e-18,3.570e-18,0.0003,118.46,0
BottomS64387,5.7896,0.7247,1.185e-17,9.512e-18,4.326e-18,0.0005,118.59,1
BottomS64388,5.7892,0.7215,1.190e-17,9.392e-18,4.305e-18,-0.0002,118.47,1
BottomS64389,5.7901,0.7218,6.403e-17,4.609e-17,1.800e-17,-0.0001,118.49,0
BottomS64390,5.7607,0.8642,1.512e-17,1.173e-17,5.203e-18,0.0003,122.79,1
BottomS64391,5.7608,0.8636,1.090e-18,1.032e-18,6.457e-19,0.0001,122.67,0
BottomS64392,5.7865,0.7220,2.338e-19,2.468e-19,2.006e-19,-0.0007,118.57,0
BottomS64393,5.7624,0.8649,3.682e-17,2.655e-17,9.981e-18,-0.0,122.78,0
BottomS64394,5.7817,0.7200,2.507e-16,1.764e-16,6.258e-17,-0.0005,118.62,0
BottomS64396,5.7649,0.8629,4.668e-18,3.905e-18,1.959e-18,-0.0002,122.69,0
BottomS64397,5.7652,0.8672,3.887e-14,2.831e-14,1.040e-14,0.0005,122.67,0
BottomS64398,5.7652,0.8593,1.554e-20,2.027e-20,2.490e-20,-0.0005,122.58,0
BottomS64399,5.7672,0.8629,2.339e-18,3.699e-18,7.002e-18,0.0005,122.62,0
BottomS64400,5.7774,0.7179,1.995e-18,3.661e-18,8.982e-18,-0.0003,118.7,0
BottomS64401,5.7700,0.8634,4.149e-18,1.040e-17,4.858e-17,-0.0007,122.55,1
BottomS64402,5.7759,0.7212,4.055e-14,2.821e-14,9.903e-15,0.0002,118.75,0
BottomS64403,5.7725,0.7183,3.525e-18,2.879e-18,1.397e-18,0.0005,118.86,0
BottomS64404,5.7722,0.7243,3.836e-20,4.515e-20,4.407e-20,0.0002,118.86,0
BottomS64406,5.7713,0.7205,4.497e-16,3.014e-16,9.553e-17,-0.0009,118.87,0
BottomS64407,5.7699,0.7231,3.801e-14,2.814e-14,1.142e-14,0.0005,118.9,1
BottomS64408,5.7771,0.8538,6.249e-17,4.524e-17,1.749e-17,0.0003,122.38,0
BottomS64409,5.7673,0.7263,2.685e-16,1.799e-16,5.772e-17,0.0003,118.97,0
BottomS64410,5.7800,0.8530,1.043e-17,8.310e-18,3.828e-18,0.0002,122.16,0
BottomS64411,5.7655,0.7287,5.077e-19,4.869e-19,3.161e-19,0.0002,119.09,0
BottomS64412,5.7641,0.7329,2.085e-19,2.130e-19,1.613e-19,-0.001,119.1,1
BottomS64413,5.7838,0.8529,5.146e-18,4.114e-18,1.889e-18,0.0008,122.05,0
BottomS64414,5.7847,0.8497,1.728e-20,2.156e-20,2.516e-20,0.0007,122.07,0
BottomS64415,5.7589,0.7312,3.799e-17,2.788e-17,1.067e-17,-0.0003,119.32,0
BottomS64416,5.7582,0.7377,2.411e-18,2.101e-18,1.125e-18,-0.0007,119.36,0
BottomS64417,5.7579,0.7399,6.227e-17,4.468e-17,1.662e-17,-0.001,119.38,0
BottomS64418,5.7547,0.7433,4.819e-19,4.509e-19,2.911e-19,-0.0002,119.51,0
BottomS64419,5.7919,0.8386,3.794e-16,2.663e-16,9.135e-17,0.0009,121.68,0
BottomS64420,5.7938,0.8373,6.254e-17,4.668e-17,1.840e-17,0.0005,121.61,0
BottomS64421,5.7505,0.7452,5.184e-19,5.185e-19,3.901e-19,-0.0001,119.75,0
BottomS64422,5.7961,0.8330,1.916e-20,2.568e-20,3.482e-20,0.0003,121.62,0
BottomS64423,5.7971,0.8298,3.563e-17,2.617e-17,9.995e-18,0.0,121.5,0
BottomS64424,5.7994,0.8265,6.859e-19,1.264e-18,3.262e-18,0.0001,121.36,0
BottomS64425,5.7451,0.7561,2.036e-19,2.107e-19,1.624e-19,0.0003,120.05,0
BottomS64426,5.8030,0.8221,1.622e-20,2.067e-20,2.412e-20,0.0006,121.2,0
BottomS64427,5.7418,0.7625,2.248e-17,1.789e-17,8.202e-18,0.0005,120.1,0
BottomS64428,5.8048,0.8210,2.235e-14,1.505e-14,5.066e-15,0.0002,121.11,0
BottomS64429,5.8079,0.8175,1.451e-17,1.145e-17,5.225e-18,0.0007,121.05,1
BottomS64430,5.8078,0.8121,3.202e-17,2.338e-17,8.988e-18,0.0003,120.94,0
BottomS64431,5.8068,0.8116,1.377e-14,9.194e-15,3.117e-15,-0.0005,120.9,0
BottomS64432,5.8119,0.8050,1.576e-18,1.420e-18,8.056e-19,-0.0003,120.66,0
BottomS64433,5.8124,0.7958,9.667e-20,1.016e-19,8.311e-20,0.0008,120.49,0
BottomS64434,5.7335,0.7849,3.971e-18,3.333e-18,1.737e-18,-0.0003,120.78,0
BottomS64436,5.8134,0.7918,1.037e-18,9.861e-19,6.367e-19,0.0005,120.38,0
BottomS64437,5.8157,0.7858,7.782e-18,6.011e-18,2.641e-18,0.0009,120.29,1
BottomS64438,5.7301,0.8028,3.200e-14,2.256e-14,7.960e-15,0.0002,121.23,0
BottomS64439,5.7243,0.8129,5.949e-14,4.441e-14,1.768e-14,-0.0007,121.44,0
BottomS64440,5.8190,0.7732,6.756e-17,4.912e-17,1.826e-17,-0.0003,119.97,0
BottomS64441,5.8193,0.7704,2.296e-19,2.272e-19,1.645e-19,-0.0,119.85,0
BottomS64442,5.7257,0.8207,1.291e-18,1.127e-18,6.064e-19,0.0008,121.52,0
BottomS64443,5.7266,0.8236,4.185e-14,3.023e-14,1.178e-14,0.0004,121.64,0
BottomS64444,5.7265,0.8246,4.956e-14,3.491e-14,1.270e-14,0.0005,121.72,0
BottomS64445,5.7224,0.8338,7.688e-18,5.997e-18,2.551e-18,-0.0006,121.81,0
BottomS64446,5.8244,0.7441,2.602e-17,1.909e-17,7.634e-18,-0.0001,119.37,0
BottomS64447,5.7266,0.8362,1.280e-17,9.939e-18,4.368e-18,-0.0001,121.89,1
BottomS64448,5.7228,0.8448,1.634e-17,1.212e-17,5.010e-18,-0.0008,122.13,1
BottomS64449,5.8204,0.7387,1.602e-17,1.355e-17,6.813e-18,0.0003,119.07,0
BottomS64450,5.8188,0.7376,1.548e-17,1.199e-17,5.147e-18,-0.0004,119.11,1
BottomS64451,5.7245,0.8554,5.926e-19,1.116e-18,3.000e-18,0.0002,122.27,0
BottomS64452,5.7271,0.8553,7.682e-18,5.786e-18,2.442e-18,-0.0,122.34,0
BottomS64453,5.7266,0.8618,6.826e-19,1.210e-18,2.714e-18,0.0005,122.5,0
BottomS64454,5.8202,0.7184,1.439e-18,2.641e-18,6.571e-18,0.0,118.85,0
BottomS64455,5.7310,0.8641,2.769e-18,5.986e-18,2.210e-17,-0.0014,122.5,1
BottomS64457,5.7296,0.8750,4.495e-17,3.262e-17,1.257e-17,-0.0004,122.75,0
BottomS64458,5.7306,0.8796,2.033e-18,3.411e-18,6.925e-18,-0.0004,122.71,0
BottomS64459,5.7309,0.8843,2.901e-17,2.238e-17,9.483e-18,-0.0001,122.78,1
BottomS64460,5.7301,0.8878,1.238e-19,1.308e-19,1.035e-19,-0.0001,122.76,0
BottomS64461,5.7327,0.8945,1.704e-16,1.174e-16,4.095e-17,0.0005,122.83,0
BottomS64462,5.8102,0.6918,1.790e-17,1.425e-17,6.456e-18,0.0005,118.32,1
BottomS64463,5.8071,0.6902,2.014e-17,1.494e-17,6.017e-18,0.0001,118.33,0
BottomS64464,5.7381,0.9009,5.433e-14,4.754e-14,2.696e-14,0.001,122.9,1
BottomS64465,5.7413,0.8978,7.238e-17,5.115e-17,1.887e-17,0.0009,122.95,0
BottomS64466,5.7463,0.8973,5.024e-17,3.646e-17,1.357e-17,0.0005,122.94,0
BottomS64467,5.8001,0.6815,6.532e-17,4.901e-17,1.984e-17,-0.0007,118.34,0
BottomS64468,5.7521,0.9009,5.833e-19,5.709e-19,3.780e-19,0.0012,122.91,0
BottomS64469,5.7921,0.6800,5.063e-18,4.263e-18,2.156e-18,-0.0,118.36,0
BottomS64470,5.7904,0.6824,9.861e-18,7.692e-18,3.372e-18,0.0008,118.35,1
BottomS64471,5.7878,0.6809,2.167e-17,1.626e-17,6.860e-18,0.0,118.46,1
BottomS64472,5.7613,0.8964,2.605e-19,2.785e-19,2.285e-19,-0.0002,122.83,0
BottomS64473,5.7798,0.6843,2.255e-18,5.288e-18,2.291e-17,0.0004,118.54,1
BottomS64474,5.7798,0.6872,1.102e-16,7.823e-17,2.841e-17,-0.0004,118.62,0
BottomS64475,5.7739,0.6909,2.193e-17,1.794e-17,8.580e-18,-0.0003,118.78,0
BottomS64476,5.7736,0.8915,4.763e-17,3.354e-17,1.238e-17,-0.0009,122.44,0
BottomS64477,5.7678,0.6959,1.246e-18,1.132e-18,6.438e-19,0.0001,118.84,0
BottomS64478,5.7643,0.6963,4.511e-14,4.689e-14,3.702e-14,-0.0012,119.04,1
BottomS64479,5.7608,0.7059,4.641e-20,5.442e-20,5.392e-20,0.0005,119.03,0
BottomS64480,5.7911,0.8731,1.092e-18,1.496e-18,2.016e-18,0.0008,122.06,0
BottomS64481,5.7957,0.8752,5.377e-17,3.968e-17,1.557e-17,0.0003,121.94,0
BottomS64482,5.7460,0.8378,2.025e-18,2.919e-18,4.535e-18,-0.0005,122.43,0
BottomS64484,5.8012,0.7440,1.112e-17,8.691e-18,3.738e-18,0.0001,118.81,1
BottomS64485,5.7490,0.8375,3.191e-20,3.853e-20,4.064e-20,0.0,122.56,0
BottomS64486,5.7491,0.8392,3.011e-18,6.462e-18,2.179e-17,0.0,122.47,1
BottomS64487,5.7514,0.8380,1.869e-17,1.401e-17,5.780e-18,0.0001,122.56,1
BottomS64489,5.8006,0.7379,1.147e-17,9.083e-18,4.062e-18,0.0004,118.66,1
BottomS64490,5.7993,0.7385,5.126e-20,5.895e-20,5.680e-20,-0.0002,118.83,0
BottomS64491,5.7524,0.8390,5.128e-18,4.372e-18,2.250e-18,-0.0,122.54,0
BottomS64494,5.7920,0.7461,9.998e-20,1.052e-19,8.714e-20,-0.0003,118.66,0
BottomS64496,5.7495,0.8456,6.306e-18,4.959e-18,2.157e-18,-0.0006,122.56,0
BottomS64497,5.7504,0.8501,3.116e-18,2.621e-18,1.339e-18,-0.0006,122.7,0
BottomS64498,5.7918,0.7415,1.934e-19,2.025e-19,1.605e-19,-0.0002,118.51,0
BottomS64502,5.7514,0.8465,5.238e-14,3.710e-14,1.335e-14,0.0009,122.67,0
BottomS64503,5.7973,0.7303,1.072e-17,8.298e-18,3.627e-18,0.0002,118.56,1
BottomS64504,5.7528,0.8504,1.362e-18,2.358e-18,5.254e-18,-0.0,122.71,0
BottomS64506,5.7933,0.7382,2.154e-18,3.105e-18,4.626e-18,0.0003,118.54,0
BottomS64507,5.7487,0.8590,1.347e-18,2.079e-18,3.795e-18,0.0006,122.75,0
BottomS64508,5.7528,0.8536,9.975e-19,1.559e-18,2.765e-18,-0.0001,122.77,0
BottomS64509,5.7973,0.7304,9.971e-18,7.952e-18,3.640e-18,0.0007,118.48,0
BottomS64510,5.7555,0.8474,5.616e-19,1.028e-18,2.664e-18,0.0001,122.65,0
BottomS64511,5.7936,0.7260,5.762e-19,1.019e-18,2.395e-18,-0.0003,118.48,0
BottomS64512,5.7921,0.7301,2.458e-18,2.170e-18,1.173e-18,0.0002,118.5,0
BottomS64513,5.7557,0.8475,9.021e-18,7.322e-18,3.401e-18,0.0002,122.71,0
BottomS64514,5.7579,0.8507,2.371e-18,5.926e-18,2.888e-17,-0.0,122.69,1
BottomS64515,5.7925,0.7250,1.098e-17,8.621e-18,3.706e-18,-0.0,118.47,1
BottomS64516,5.7919,0.7325,3.932e-20,4.734e-20,4.818e-20,-0.0002,118.57,0
BottomS64517,5.7535,0.8589,4.345e-17,3.205e-17,1.225e-17,0.0006,122.8,0
BottomS64518,5.7523,0.8549,6.713e-18,5.557e-18,2.656e-18,-0.0004,122.65,0
BottomS64520,5.7874,0.7291,1.501e-17,1.257e-17,6.363e-18,0.0004,118.59,0
BottomS64523,5.7901,0.7194,1.285e-18,2.711e-18,9.221e-18,0.0002,118.42,0
BottomS64525,5.7574,0.8594,3.879e-18,3.094e-18,1.478e-18,-0.0003,122.78,0
BottomS64527,5.7891,0.7248,1.658e-18,3.947e-18,1.765e-17,-0.0005,118.48,1
BottomS64530,5.7635,0.8561,2.957e-17,2.164e-17,8.230e-18,-0.0,122.81,0
BottomS64531,5.7862,0.7254,3.306e-20,4.025e-20,4.387e-20,-0.0002,118.55,0
BottomS64532,5.7617,0.8568,8.784e-19,8.906e-19,6.479e-19,-0.0,122.67,0
BottomS64533,5.7590,0.8588,5.360e-19,4.931e-19,3.124e-19,-0.0001,122.69,0
BottomS64534,5.7850,0.7177,2.009e-19,2.109e-19,1.728e-19,0.0002,118.55,0
BottomS64535,5.7842,0.7182,2.172e-18,4.012e-18,1.026e-17,-0.0003,118.54,0
BottomS64536,5.7634,0.8676,5.552e-19,1.090e-18,3.188e-18,-0.0006,122.69,0
BottomS64537,5.7850,0.7117,1.051e-17,3.286e-17,2.428e-16,-0.0005,118.52,1
BottomS64541,5.7635,0.8527,1.092e-18,9.610e-19,5.456e-19,0.0007,122.65,0
BottomS64543,5.7784,0.7228,8.474e-19,1.773e-18,6.095e-18,-0.0001,118.7,0
BottomS64544,5.7690,0.8613,1.781e-20,2.262e-20,2.605e-20,-0.0004,122.52,0
BottomS64545,5.7696,0.8551,7.012e-19,1.420e-18,4.357e-18,0.001,122.51,0
BottomS64546,5.7723,0.8643,1.011e-19,1.100e-19,9.353e-20,-0.0004,122.47,0
BottomS64547,5.7747,0.7255,1.490e-16,1.059e-16,3.804e-17,-0.0009,118.78,0
BottomS64548,5.7744,0.7229,1.329e-18,2.762e-18,9.467e-18,0.0006,118.69,0
BottomS64549,5.7730,0.7313,5.771e-19,5.804e-19,4.172e-19,0.0013,118.89,0
BottomS64550,5.7761,0.8575,2.574e-19,4.867e-19,1.288e-18,-0.0003,122.39,0
BottomS64551,5.7714,0.7214,4.603e-18,1.208e-17,6.469e-17,0.0011,118.77,1
BottomS64553,5.7678,0.7212,5.163e-17,3.759e-17,1.423e-17,0.0008,118.89,0
BottomS64555,5.7791,0.8620,3.807e-19,3.563e-19,2.293e-19,0.0011,122.33,0
BottomS64556,5.7665,0.7297,1.343e-17,1.049e-17,4.539e-18,-0.0003,118.98,1
BottomS64557,5.7793,0.8483,1.613e-17,1.179e-17,4.526e-18,0.0002,122.12,0
BottomS64558,5.7682,0.7236,7.600e-19,7.125e-19,4.479e-19,0.0003,119.02,0
BottomS64559,5.7688,0.7341,7.516e-18,6.058e-18,2.903e-18,0.0,119.05,0
BottomS64563,5.7608,0.7350,1.954e-20,2.386e-20,2.626e-20,-0.0004,119.25,0
BottomS64566,5.7884,0.8519,9.583e-19,9.048e-19,5.762e-19,0.0001,121.98,0
BottomS64570,5.7545,0.7419,2.195e-20,2.803e-20,3.424e-20,0.0005,119.5,0
BottomS64572,5.7906,0.8415,3.517e-19,3.561e-19,2.541e-19,0.0001,121.72,0
BottomS64573,5.7950,0.8346,5.295e-19,9.005e-19,1.932e-18,-0.0001,121.65,0
BottomS64574,5.7529,0.7464,5.306e-20,6.207e-20,6.298e-20,-0.0006,119.72,0
BottomS64576,5.7508,0.7528,1.113e-19,1.320e-19,1.360e-19,0.0,119.86,0
BottomS64577,5.7967,0.8258,5.097e-18,4.120e-18,1.876e-18,0.0003,121.41,0
BottomS64579,5.8023,0.8255,1.386e-18,2.515e-18,6.270e-18,0.0,121.35,0
BottomS64580,5.7472,0.7589,5.261e-20,5.997e-20,5.564e-20,-0.0009,119.95,0
BottomS64581,5.8003,0.8167,3.513e-17,2.646e-17,1.063e-17,0.0004,121.15,0
BottomS64582,5.7429,0.7611,3.023e-17,2.321e-17,1.025e-17,0.0004,120.09,1
BottomS64584,5.8045,0.8208,1.755e-18,1.537e-18,8.456e-19,0.0006,120.96,0
BottomS64586,5.8024,0.8083,8.714e-18,6.910e-18,3.048e-18,0.0005,120.86,0
BottomS64587,5.8059,0.8187,3.028e-18,2.675e-18,1.557e-18,0.0007,121.15,0
BottomS64588,5.7325,0.7700,5.566e-18,4.338e-18,1.951e-18,-0.0004,120.4,0
BottomS64589,5.8080,0.7959,5.765e-20,6.740e-20,6.451e-20,-0.0,120.59,0
BottomS64590,5.7332,0.7809,3.427e-17,2.627e-17,1.127e-17,0.0011,120.65,0
BottomS64591,5.8115,0.8012,1.180e-18,1.003e-18,5.441e-19,0.0004,120.6,0
BottomS64592,5.7349,0.7833,1.041e-18,9.264e-19,5.478e-19,0.0007,120.63,0
BottomS64593,5.8097,0.7961,4.028e-18,3.231e-18,1.501e-18,0.0008,120.6,0
BottomS64594,5.8122,0.7910,1.752e-17,1.411e-17,6.554e-18,-0.0001,120.36,0
BottomS64595,5.7343,0.7864,1.918e-20,2.443e-20,2.872e-20,-0.0002,120.8,0
BottomS64598,5.7327,0.8051,5.957e-19,1.153e-18,3.262e-18,-0.0001,121.23,0
BottomS64599,5.7289,0.8044,4.439e-19,4.442e-19,3.169e-19,0.0005,121.38,0
BottomS64602,5.8187,0.7714,9.958e-19,1.606e-18,3.133e-18,0.0004,119.91,0
BottomS64603,5.7281,0.8135,3.791e-14,2.935e-14,1.308e-14,0.0003,121.44,1
BottomS64605,5.7255,0.8232,3.754e-18,2.995e-18,1.371e-18,0.0004,121.51,0
BottomS64606,5.8169,0.7606,1.394e-18,2.845e-18,8.969e-18,0.0002,119.59,0
BottomS64607,5.8183,0.7560,1.053e-18,2.084e-18,6.068e-18,-0.0002,119.55,0
BottomS64609,5.8259,0.7489,1.668e-17,1.288e-17,5.334e-18,-0.0001,119.43,1
BottomS64610,5.7214,0.8412,5.162e-19,4.767e-19,2.962e-19,-0.0005,121.87,0
BottomS64614,5.8251,0.7293,2.894e-20,3.588e-20,3.994e-20,0.0002,119.15,0
BottomS64615,5.7288,0.8466,5.886e-19,1.227e-18,4.011e-18,0.0004,122.12,0
BottomS64616,5.8173,0.7354,1.271e-16,4.457e-16,4.258e-15,-0.0006,119.15,1
BottomS64618,5.8234,0.7235,9.685e-17,6.885e-17,2.527e-17,-0.0004,118.92,0
BottomS64619,5.8224,0.7207,2.622e-18,4.004e-18,7.015e-18,0.0002,118.84,0
BottomS64620,5.7220,0.8723,3.750e-19,3.686e-19,2.643e-19,0.0005,122.42,0
BottomS64621,5.8172,0.7166,1.504e-18,1.377e-18,8.443e-19,0.0012,118.87,0
BottomS64622,5.8184,0.7143,1.386e-16,9.323e-17,3.107e-17,-0.0003,118.73,0
BottomS64623,5.7270,0.8748,8.363e-17,5.797e-17,2.099e-17,0.0005,122.58,0
BottomS64624,5.8237,0.6999,1.491e-17,1.133e-17,4.722e-18,0.0003,118.63,1
BottomS64625,5.8102,0.7170,6.435e-18,4.909e-18,2.095e-18,-0.0005,118.58,0
BottomS64626,5.7346,0.8716,1.376e-18,3.228e-18,1.395e-17,-0.0009,122.7,0
BottomS64627,5.8151,0.6981,1.115e-17,8.868e-18,3.950e-18,0.0006,118.56,1
BottomS64628,5.8063,0.7148,1.653e-18,1.408e-18,7.536e-19,-0.0004,118.49,0
BottomS64629,5.8069,0.7083,2.806e-17,2.010e-17,7.768e-18,-0.0001,118.37,0
BottomS64630,5.7366,0.8807,2.618e-18,2.241e-18,1.220e-18,0.0001,122.79,0
BottomS64631,5.8103,0.6915,3.605e-18,3.136e-18,1.695e-18,0.0004,118.36,0
BottomS64632,5.7388,0.8825,2.026e-20,2.597e-20,3.092e-20,0.0002,122.91,0
BottomS64633,5.8058,0.6915,1.066e-17,8.295e-18,3.636e-18,0.0004,118.37,1
BottomS64635,5.7416,0.8907,7.330e-18,6.334e-18,3.321e-18,0.0005,122.87,0
BottomS64636,5.7410,0.8959,5.335e-14,5.159e-14,3.617e-14,-0.0008,122.9,1
BottomS64637,5.8075,0.6867,1.149e-18,1.887e-18,3.742e-18,-0.0004,118.24,0
BottomS64638,5.8009,0.6875,1.158e-18,1.057e-18,6.400e-19,-0.0,118.33,0
BottomS64639,5.7444,0.9042,3.372e-20,4.139e-20,4.541e-20,-0.0008,122.92,0
BottomS64640,5.7554,0.8908,6.096e-18,4.933e-18,2.368e-18,-0.0002,122.92,0
BottomS64642,5.7908,0.6846,9.398e-18,7.584e-18,3.630e-18,0.0003,118.48,0
BottomS64643,5.7906,0.6816,2.396e-17,1.826e-17,7.513e-18,0.0007,118.39,1
BottomS64644,5.7853,0.6850,1.123e-18,1.009e-18,5.700e-19,0.0001,118.46,0
BottomS64645,5.7887,0.6864,3.685e-19,3.433e-19,2.194e-19,-0.0004,118.52,0
BottomS64647,5.7680,0.9008,5.505e-18,4.511e-18,2.177e-18,-0.0,122.62,0
BottomS64649,5.7766,0.6918,8.817e-18,7.076e-18,3.150e-18,0.0006,118.71,1
BottomS64650,5.7693,0.6830,7.895e-18,6.478e-18,3.137e-18,0.0006,118.87,0
BottomS64651,5.7767,0.8899,2.787e-18,5.676e-18,1.809e-17,0.0004,122.47,0
BottomS64652,5.7702,0.6944,5.062e-18,4.085e-18,1.947e-18,0.0003,118.87,0
BottomS64654,5.7849,0.8813,3.148e-20,3.858e-20,4.174e-20,0.0004,122.24,0
BottomS64656,5.7854,0.8603,5.709e-17,4.261e-17,1.750e-17,0.0007,122.1,0
BottomS64657,5.7542,0.7081,1.661e-18,2.861e-18,6.205e-18,-0.0006,119.29,0
BottomS64658,5.7968,0.8793,2.955e-18,2.621e-18,1.415e-18,-0.0001,121.9,0
BottomS64659,5.7495,0.7129,1.533e-17,1.170e-17,4.973e-18,-0.0007,119.39,1
BottomS64660,5.7474,0.7270,7.249e-19,6.898e-19,4.290e-19,-0.0006,119.49,0
BottomS64662,5.8058,0.8542,5.599e-20,6.653e-20,6.705e-20,0.0013,121.56,0
BottomS64663,9.0717,-3.1106,7.639e-20,8.349e-20,7.315e-20,0.0002,118.97,0
BottomS64666,9.0872,-3.1317,1.189e-19,1.349e-19,1.236e-19,-0.0002,119.31,0
BottomS64669,9.0876,-3.1273,6.169e-20,7.018e-20,6.356e-20,-0.001,119.49,0
BottomS64672,9.2222,-3.1336,3.540e-19,3.480e-19,2.324e-19,0.0002,122.57,0
BottomS64673,9.0943,-3.1357,2.647e-19,2.631e-19,1.783e-19,-0.0003,120.28,0
BottomS64676,9.0313,-3.1459,4.788e-20,5.565e-20,5.318e-20,-0.0006,117.87,0
BottomS64679,9.1062,-3.1287,7.942e-20,8.260e-20,6.330e-20,0.0004,121.36,0
BottomS64683,9.0693,-3.1477,3.280e-20,4.353e-20,5.502e-20,0.0004,118.94,0
BottomS64694,9.0906,-3.1352,7.126e-20,8.047e-20,7.422e-20,0.0008,118.83,0
BottomS64698,9.0894,-3.1311,1.305e-14,8.855e-15,3.034e-15,0.0001,119.48,0
BottomS64699,9.0814,-3.1288,1.257e-19,1.389e-19,1.232e-19,-0.0011,118.51,0
BottomS64706,9.0793,-3.1174,5.035e-19,4.866e-19,3.125e-19,0.0004,119.41,0
BottomS64711,9.0966,-3.1215,7.667e-18,6.309e-18,3.110e-18,-0.0006,120.53,0
BottomS64717,9.0002,-3.1756,1.785e-18,3.401e-18,9.253e-18,0.0012,118.33,0
BottomS64718,9.0885,-3.1337,1.234e-19,1.351e-19,1.169e-19,0.0,119.14,0
BottomS64725,9.0911,-3.1371,6.523e-19,6.151e-19,4.070e-19,-0.0002,119.83,0
BottomS64727,9.2167,-3.1180,9.720e-20,1.167e-19,1.204e-19,0.0002,122.44,0
BottomS64728,9.0794,-3.1239,6.141e-20,7.013e-20,6.592e-20,0.0002,118.8,0
BottomS64732,9.0669,-3.1318,1.531e-17,4.783e-17,3.802e-16,-0.0002,118.05,1
BottomS64733,9.0902,-3.1330,4.533e-20,5.174e-20,5.105e-20,0.0003,119.55,0
BottomS64736,9.1625,-3.1371,8.617e-19,8.053e-19,5.107e-19,0.0005,122.42,0
BottomS64739,9.0885,-3.1290,1.287e-20,1.674e-20,2.001e-20,0.0005,118.99,0
BottomS64751,9.0791,-3.1370,3.490e-19,3.629e-19,2.753e-19,-0.0003,118.61,0
BottomS64756,9.0709,-3.1496,2.620e-14,2.986e-14,2.869e-14,-0.0002,118.96,0
BottomS64762,9.0948,-3.1303,1.392e-14,9.255e-15,3.071e-15,-0.0003,120.48,0
BottomS64764,9.0894,-3.1345,3.169e-20,3.899e-20,4.314e-20,0.0005,119.04,0
BottomS64767,9.1190,-3.1662,5.881e-20,6.934e-20,6.998e-20,-0.0001,120.55,0
BottomS64774,9.0619,-3.1400,1.035e-18,9.024e-19,5.023e-19,0.0004,118.22,0
BottomS64777,9.3527,-3.1074,2.877e-18,2.448e-18,1.297e-18,-0.0009,122.42,0
BottomS64780,9.0547,-3.1309,1.911e-18,1.754e-18,1.069e-18,0.0004,117.79,0
BottomS64785,9.0868,-3.1208,3.394e-18,2.727e-18,1.279e-18,-0.001,119.36,0
BottomS64786,9.0738,-3.1284,1.374e-20,1.771e-20,2.215e-20,0.0007,118.28,0
BottomS64795,9.1426,-3.1209,1.141e-20,1.453e-20,1.777e-20,-0.0007,122.08,0
BottomS64797,9.0761,-3.1292,1.139e-19,1.220e-19,1.020e-19,0.0009,118.39,0
BottomS64800,9.0590,-3.1356,2.485e-19,2.530e-19,1.886e-19,0.0003,118.06,0
BottomS64803,9.0867,-3.1266,1.098e-14,7.301e-15,2.347e-15,0.0006,119.66,0
BottomS64804,9.0793,-3.1231,6.812e-20,7.736e-20,7.277e-20,-0.0001,118.73,0
BottomS64807,9.1280,-3.1295,1.303e-20,1.738e-20,2.328e-20,-0.0005,122.08,0
BottomS64809,9.1053,-3.1315,7.066e-20,8.198e-20,8.183e-20,0.0003,121.32,0
BottomS64815,9.0850,-3.1311,1.474e-18,2.247e-18,3.867e-18,0.0006,118.81,0
BottomS64818,9.1423,-3.1351,1.904e-20,2.431e-20,2.939e-20,-0.0002,122.24,0
BottomS64820,9.1305,-3.1051,2.994e-20,3.545e-20,3.515e-20,-0.0,121.09,0
BottomS64822,9.0836,-3.0953,1.260e-18,2.117e-18,4.486e-18,-0.0005,119.86,0
BottomS64828,9.1208,-3.1328,2.432e-14,2.731e-14,2.597e-14,0.0003,121.62,0
BottomS64829,9.0666,-3.1289,7.479e-20,8.389e-20,7.786e-20,0.001,118.49,0
BottomS64833,9.1187,-3.1293,1.677e-19,1.714e-19,1.318e-19,-0.0004,121.38,0
BottomS64836,9.0863,-3.1332,2.045e-19,2.141e-19,1.662e-19,0.0001,119.15,0
BottomS64840,9.0643,-3.1360,1.409e-19,1.523e-19,1.333e-19,0.0003,117.97,0
BottomS64843,9.1054,-3.1372,1.716e-20,2.316e-20,3.101e-20,-0.0009,121.33,0
BottomS64846,9.1274,-3.1509,2.932e-14,2.018e-14,6.911e-15,-0.0001,121.23,0
BottomS64848,9.0930,-3.1281,6.785e-20,7.553e-20,6.722e-20,-0.0004,120.72,0
BottomS64849,9.0719,-3.1411,9.462e-20,1.021e-19,8.883e-20,0.0001,118.2,0
BottomS64854,9.0943,-3.1283,1.309e-18,2.585e-18,7.769e-18,0.0008,120.4,0
BottomS64859,9.0976,-3.1372,2.695e-20,3.416e-20,4.148e-20,0.0003,120.46,0
BottomS64860,9.0914,-3.1359,1.087e-19,1.164e-19,9.647e-20,-0.0003,120.0,0
BottomS64862,9.0882,-3.1316,8.181e-20,9.144e-20,8.416e-20,0.0005,119.46,0
BottomS64873,9.0997,-3.1341,2.760e-20,3.373e-20,3.579e-20,-0.0004,120.72,0
BottomS64876,9.0686,-3.1348,1.287e-19,1.379e-19,1.160e-19,0.0005,118.1,0
BottomS64878,8.9581,-3.2330,4.083e-20,4.983e-20,5.397e-20,0.0007,118.91,0
BottomS64879,9.0536,-3.1624,6.374e-19,1.167e-18,2.829e-18,0.0006,118.97,0
BottomS64885,9.0973,-3.1393,7.257e-14,5.413e-14,2.183e-14,-0.0003,120.52,0
BottomS64886,9.1302,-3.1348,2.960e-19,2.689e-19,1.664e-19,0.0003,122.01,0
BottomS64888,9.1161,-3.1323,8.235e-20,8.729e-20,7.102e-20,-0.0,121.61,0
BottomS64891,9.1069,-3.1323,1.563e-20,2.023e-20,2.481e-20,0.0001,121.17,0
BottomS64894,9.1215,-3.1320,2.945e-18,2.552e-18,1.325e-18,-0.0008,121.91,0
BottomS64909,9.0719,-3.1318,1.398e-18,2.418e-18,5.448e-18,0.0002,118.24,0
BottomS64913,9.1071,-3.1308,4.570e-20,5.349e-20,5.211e-20,-0.0001,121.49,0
BottomS64914,9.0504,-3.1418,1.276e-18,2.295e-18,5.752e-18,-0.0003,117.93,0
BottomS64915,9.0422,-3.1203,1.340e-20,1.726e-20,2.124e-20,0.0008,117.73,0
BottomS64921,9.0920,-3.1359,1.029e-18,1.937e-18,5.293e-18,-0.0011,119.95,0
BottomS64930,9.1357,-3.1325,1.961e-14,1.612e-14,8.084e-15,0.0002,122.2,0
BottomS64934,9.0916,-3.1368,8.650e-18,6.682e-18,2.898e-18,-0.0002,120.99,0
BottomS64935,9.0913,-3.1311,7.078e-19,6.674e-19,4.181e-19,-0.0008,120.2,0
BottomS64938,9.0968,-3.1281,2.626e-20,3.180e-20,3.250e-20,0.0004,120.91,0
BottomS64958,9.0656,-3.1126,1.544e-19,1.632e-19,1.274e-19,0.0012,118.95,0
BottomS64962,9.0886,-3.1312,1.271e-18,1.197e-18,7.646e-19,0.0009,119.31,0
BottomS64964,9.0851,-3.1510,4.180e-18,1.131e-17,6.404e-17,0.0009,119.72,1
BottomS64967,9.2901,-3.1161,4.269e-20,5.196e-20,5.497e-20,0.0004,122.47,0
BottomS64972,9.0852,-3.1395,1.198e-19,2.512e-19,8.327e-19,0.0,119.46,0
BottomS64974,9.0796,-3.1396,5.571e-20,6.527e-20,6.297e-20,-0.0003,118.91,0
BottomS64977,9.0093,-3.1270,2.184e-19,2.227e-19,1.639e-19,0.0005,117.45,0
BottomS64990,9.0802,-3.1408,9.477e-20,1.033e-19,8.967e-20,0.0003,119.23,0
BottomS64991,8.9120,-3.1137,3.629e-18,2.964e-18,1.404e-18,-0.0007,117.35,0
BottomS64997,9.0917,-3.1380,9.205e-19,8.415e-19,5.076e-19,-0.0005,120.08,0
BottomS65000,9.0766,-3.1307,4.674e-14,3.287e-14,1.165e-14,0.0,118.62,0
BottomS65001,9.1336,-3.1266,2.726e-19,2.733e-19,2.037e-19,-0.0001,122.06,0
BottomS65003,9.0543,-3.1589,2.904e-20,3.735e-20,4.345e-20,0.0003,118.98,0
BottomS65005,9.0876,-3.1324,6.961e-20,7.992e-20,7.758e-20,-0.0006,119.28,0
BottomS65006,9.0439,-3.1415,1.628e-18,1.339e-18,6.491e-19,0.0003,117.73,0
BottomS65010,9.1228,-3.1197,9.689e-19,8.697e-19,5.110e-19,0.0001,122.08,0
BottomS65011,9.0827,-3.1628,3.010e-18,2.563e-18,1.332e-18,0.0,119.29,0
BottomS65013,9.0774,-3.1450,5.364e-18,4.551e-18,2.331e-18,0.0,118.17,0
BottomS65014,9.0858,-3.1396,3.426e-18,2.908e-18,1.514e-18,0.0003,118.84,0
BottomS65015,9.1050,-3.1279,1.358e-20,1.799e-20,2.303e-20,-0.0,121.13,0
BottomS65018,9.0850,-3.1360,4.379e-19,4.285e-19,3.011e-19,-0.0008,119.15,0
BottomS65019,9.1186,-3.1430,7.196e-19,6.920e-19,4.482e-19,-0.0002,121.99,0
BottomS65021,9.0642,-3.1311,1.142e-17,3.343e-17,2.158e-16,0.0001,118.02,1
BottomS65026,9.0786,-3.1526,9.843e-18,7.421e-18,2.969e-18,0.0004,117.94,0
BottomS65028,9.0716,-3.1498,5.872e-19,5.481e-19,3.410e-19,0.0001,117.9,0
BottomS65031,9.0643,-3.1330,5.480e-19,5.262e-19,3.630e-19,0.0005,117.86,0
BottomS65032,9.1033,-3.1412,8.341e-19,1.288e-18,2.175e-18,0.0003,121.06,0
BottomS65035,9.0867,-3.1540,1.469e-19,1.516e-19,1.194e-19,-0.0,119.55,0
BottomS65036,9.0527,-3.1180,7.359e-15,4.993e-15,1.664e-15,-0.0002,117.76,0
BottomS65037,9.0669,-3.1199,1.908e-19,1.999e-19,1.613e-19,0.0001,118.01,0
BottomS65038,9.0957,-3.1149,8.077e-20,8.536e-20,7.029e-20,0.0002,120.19,0
BottomS65040,9.1067,-3.1113,6.936e-19,6.785e-19,4.638e-19,0.0005,121.9,0
BottomS65041,9.0893,-3.1359,2.107e-18,1.848e-18,1.031e-18,0.0006,119.49,0
BottomS65043,9.0578,-3.1361,1.399e-20,1.866e-20,2.365e-20,-0.0002,117.84,0
BottomS65046,9.0870,-3.1385,2.157e-20,2.584e-20,2.755e-20,0.0009,119.59,0
BottomS65048,9.1107,-3.1120,1.053e-18,1.942e-18,4.882e-18,0.0004,121.71,0
BottomS65050,9.1232,-3.1252,2.408e-19,2.554e-19,2.117e-19,-0.0001,121.99,0
BottomS65052,9.0839,-3.1343,1.666e-18,2.731e-18,5.601e-18,0.0004,119.32,0
BottomS65053,9.0819,-3.1567,1.053e-19,1.096e-19,8.820e-20,-0.0001,118.13,0
BottomS65056,9.1126,-3.1504,4.504e-19,4.441e-19,3.043e-19,0.0001,121.94,0
BottomS65057,9.0838,-3.1396,1.561e-20,2.042e-20,2.592e-20,0.0006,119.33,0
BottomS65058,9.1040,-3.1344,1.745e-18,3.652e-18,1.223e-17,-0.0001,120.99,0
BottomS65059,9.0827,-3.0949,3.222e-14,2.228e-14,7.510e-15,0.0,118.39,0
BottomS65060,9.0811,-3.1425,1.282e-20,1.715e-20,2.268e-20,0.0001,118.4,0
BottomS65062,9.0832,-3.1118,4.584e-18,3.746e-18,1.750e-18,0.0005,119.48,0
BottomS65063,9.1078,-3.1354,1.022e-18,1.642e-18,3.098e-18,0.0005,121.21,0
BottomS65064,9.1383,-3.1513,1.697e-20,2.109e-20,2.403e-20,-0.0007,122.04,0
BottomS65066,9.0751,-3.1522,3.404e-20,4.103e-20,4.281e-20,-0.0004,118.22,0
BottomS65067,9.1161,-3.1150,1.692e-17,1.300e-17,5.600e-18,0.0002,121.81,1
BottomS65068,9.1183,-3.1115,1.953e-18,3.017e-18,5.274e-18,0.0005,122.05,0
BottomS65069,9.0870,-3.1195,1.456e-18,2.231e-18,3.924e-18,-0.0001,118.77,0
BottomS65070,9.0590,-3.1141,2.134e-18,4.437e-18,1.444e-17,0.0002,117.76,0
BottomS65071,9.0985,-3.1377,6.324e-20,7.116e-20,6.539e-20,-0.0008,120.77,0
BottomS65074,9.1186,-3.1439,6.508e-18,5.223e-18,2.404e-18,0.0001,121.81,0
BottomS65077,9.0892,-3.1351,1.431e-14,9.785e-15,3.330e-15,-0.0001,119.76,0
BottomS65078,9.0988,-3.1376,1.672e-18,1.501e-18,8.316e-19,-0.0,120.28,0
BottomS65081,9.0802,-3.1061,1.704e-18,1.441e-18,7.710e-19,0.0004,118.81,0
BottomS65084,9.1091,-3.0999,8.070e-19,7.551e-19,4.701e-19,0.0011,121.45,0
BottomS65085,9.0794,-3.1487,9.085e-19,8.394e-19,5.164e-19,-0.0005,118.14,0
BottomS65088,9.1015,-3.1518,6.889e-14,4.992e-14,1.962e-14,0.0004,121.09,0
BottomS65089,9.0660,-3.1409,5.643e-15,3.783e-15,1.201e-15,0.0001,117.96,0
BottomS65090,9.0905,-3.1687,1.420e-20,1.872e-20,2.275e-20,-0.0003,119.72,0
BottomS65093,9.0863,-3.1495,6.248e-19,5.785e-19,3.632e-19,0.0004,119.57,0
BottomS65095,9.1001,-3.1320,1.805e-20,2.439e-20,3.347e-20,0.0004,120.74,0
BottomS65096,9.1062,-3.1444,8.514e-19,7.868e-19,4.931e-19,0.0007,121.3,0
BottomS65097,9.1277,-3.1315,5.274e-19,5.069e-19,3.454e-19,0.0004,122.07,0
BottomS65099,9.0773,-3.1154,3.747e-19,3.735e-19,2.560e-19,-0.0009,118.66,0
BottomS65100,9.1103,-3.1301,4.563e-20,5.407e-20,5.577e-20,0.0007,121.64,0
BottomS65102,9.0915,-3.1176,4.142e-20,4.736e-20,4.755e-20,-0.0011,120.75,0
BottomS65103,9.0799,-3.1470,1.112e-19,1.234e-19,1.050e-19,-0.0,118.44,0
BottomS65107,9.0692,-3.1375,1.654e-19,1.720e-19,1.339e-19,0.0001,118.44,0
BottomS65112,9.0636,-3.1500,1.173e-18,1.077e-18,6.355e-19,0.0003,117.79,0
BottomS65113,9.0756,-3.1556,7.333e-19,6.651e-19,3.846e-19,0.0011,118.76,0
BottomS65117,9.0830,-3.1133,2.207e-18,1.923e-18,1.038e-18,0.0003,118.2,0
BottomS65120,9.0990,-3.1445,1.887e-19,2.042e-19,1.677e-19,0.0002,120.61,0
BottomS65123,9.0808,-3.1558,2.057e-20,2.606e-20,3.090e-20,-0.0002,117.94,0
BottomS65124,9.1173,-3.1233,6.758e-20,7.468e-20,6.638e-20,-0.0001,121.81,0
BottomS65125,9.0905,-3.1458,1.220e-18,2.342e-18,6.643e-18,0.0005,119.43,0
BottomS65126,9.0864,-3.1678,1.162e-19,1.264e-19,1.130e-19,0.0002,118.96,0
BottomS65127,9.1215,-3.1410,9.396e-18,7.050e-18,2.930e-18,0.0004,122.05,0
BottomS65128,9.0743,-3.1408,1.146e-17,9.513e-18,4.599e-18,0.0003,118.67,0
BottomS65129,9.0988,-3.1472,3.871e-19,3.786e-19,2.598e-19,-0.0009,120.58,0
BottomS65132,9.0634,-3.1058,5.547e-18,4.672e-18,2.353e-18,0.0003,117.78,0
BottomS65133,9.0455,-3.1226,3.245e-19,3.303e-19,2.488e-19,0.0012,117.75,0
BottomS65135,9.0959,-3.1409,2.278e-17,1.679e-17,6.437e-18,-0.0011,120.34,0
BottomS65136,9.0747,-3.1363,1.208e-18,1.046e-18,5.760e-19,0.0005,118.55,0
BottomS65138,9.0640,-3.1437,6.941e-19,6.466e-19,3.995e-19,-0.0002,117.86,0
BottomS65140,9.1159,-3.1346,1.498e-17,1.157e-17,4.851e-18,-0.0003,121.62,1
BottomS65141,9.1051,-3.0971,1.246e-17,9.535e-18,3.988e-18,-0.0002,120.59,0
BottomS65142,9.0929,-3.1661,1.395e-18,3.045e-18,1.105e-17,-0.0001,120.47,0
BottomS65143,9.0738,-3.1304,7.709e-19,7.219e-19,4.428e-19,0.0005,118.44,0
BottomS65144,9.1251,-3.1246,5.085e-19,1.030e-18,3.224e-18,-0.001,121.91,0
BottomS65145,9.0944,-3.1425,8.310e-18,6.369e-18,2.744e-18,-0.0002,120.14,0
BottomS65151,9.0976,-3.1564,1.419e-20,1.844e-20,2.230e-20,-0.0004,120.37,0
BottomS65153,9.0750,-3.1291,7.274e-19,1.062e-18,1.634e-18,0.0007,118.36,0
BottomS65154,9.0630,-3.1323,4.220e-14,3.225e-14,1.316e-14,0.0,117.85,1
BottomS65155,9.1017,-3.1277,2.254e-19,2.327e-19,1.843e-19,0.0006,121.08,0
BottomS65157,9.0732,-3.1227,1.462e-19,1.545e-19,1.192e-19,0.0009,118.49,0
BottomS65160,9.1159,-3.1466,3.926e-17,2.822e-17,1.051e-17,-0.0014,121.77,0
BottomS65161,9.1073,-3.1087,1.899e-20,2.302e-20,2.552e-20,0.0003,120.85,0
BottomS65162,9.0638,-3.1416,4.617e-14,3.346e-14,1.287e-14,0.0002,117.9,0
BottomS65163,9.0608,-3.1343,4.893e-19,8.565e-19,1.976e-18,0.0001,117.86,0
BottomS65164,9.0891,-3.1162,1.439e-20,1.861e-20,2.284e-20,0.0001,119.7,0
BottomS65165,9.0823,-3.1488,2.413e-18,2.061e-18,1.092e-18,-0.0006,119.21,0
BottomS65168,9.1074,-3.1452,1.116e-20,1.572e-20,2.266e-20,-0.0005,121.69,0
BottomS65169,9.0372,-3.1388,9.446e-20,1.052e-19,9.275e-20,0.0003,117.51,0
BottomS65170,9.1310,-3.1578,5.093e-14,3.757e-14,1.432e-14,-0.0002,121.87,0
BottomS65171,9.0824,-3.1410,2.457e-19,3.723e-19,6.533e-19,-0.001,119.24,0
BottomS65173,9.0890,-3.1421,7.035e-19,1.385e-18,4.197e-18,-0.0001,119.07,0
BottomS65174,9.0910,-3.1607,1.703e-20,2.065e-20,2.134e-20,0.0011,118.61,0
BottomS65175,9.0582,-3.1078,1.655e-20,2.139e-20,2.615e-20,0.0011,117.81,0
BottomS65176,9.1006,-3.1168,3.102e-19,3.211e-19,2.515e-19,-0.0,120.9,0
BottomS65178,9.1182,-3.1459,9.336e-19,8.418e-19,4.948e-19,-0.0004,121.96,0
BottomS65179,9.0701,-3.1362,1.119e-18,2.143e-18,6.244e-18,0.0003,118.24,0
BottomS65180,9.0730,-3.1371,9.253e-19,1.501e-18,3.072e-18,-0.0007,118.44,0
BottomS65182,9.1135,-3.1314,1.011e-20,1.335e-20,1.660e-20,-0.0,121.74,0
BottomS65186,9.0999,-3.1310,4.401e-19,4.142e-19,2.641e-19,0.0006,121.01,0
BottomS65187,9.1133,-3.1286,1.764e-15,1.168e-15,3.637e-16,-0.0007,121.61,0
BottomS65188,9.1060,-3.1271,1.129e-18,1.025e-18,6.063e-19,-0.0001,121.23,0
BottomS65191,9.0719,-3.1357,1.359e-19,1.456e-19,1.175e-19,-0.0,118.28,0
BottomS65192,9.0793,-3.1353,3.235e-20,3.897e-20,4.267e-20,-0.0007,118.58,0
BottomS65194,9.1182,-3.1295,8.541e-19,7.992e-19,4.996e-19,-0.0,121.86,0
BottomS65195,9.0792,-3.1316,4.501e-19,9.822e-19,3.650e-18,-0.0004,118.49,0
BottomS65196,9.1030,-3.1276,2.079e-18,1.845e-18,1.012e-18,0.0009,121.24,0
BottomS65199,9.1116,-3.1290,1.656e-18,1.422e-18,7.758e-19,0.001,121.48,0
BottomS65200,9.1049,-3.1325,8.419e-18,6.691e-18,3.159e-18,0.0,121.39,0
BottomS65201,9.1052,-3.1305,3.890e-19,3.523e-19,2.104e-19,-0.0003,121.36,0
BottomS65203,9.0835,-3.1385,1.906e-18,1.667e-18,9.173e-19,0.0001,118.72,0
BottomS65204,9.0744,-3.1338,2.756e-19,2.772e-19,2.038e-19,0.0003,118.45,0
BottomS65206,9.1116,-3.1288,2.996e-18,2.549e-18,1.352e-18,-0.0003,121.61,0
BottomS65207,9.0782,-3.1362,9.437e-19,1.803e-18,5.024e-18,-0.0003,118.62,0
BottomS65208,9.0723,-3.1370,3.580e-18,2.956e-18,1.470e-18,0.001,118.29,0
BottomS65210,9.0764,-3.1391,1.768e-18,1.530e-18,7.981e-19,0.001,118.55,0
BottomS65211,9.1119,-3.1331,3.113e-20,3.531e-20,3.334e-20,-0.0005,121.58,0
BottomS65212,9.0750,-3.1341,5.561e-18,4.551e-18,2.230e-18,-0.0002,118.51,0
BottomS65213,9.1048,-3.1255,6.239e-18,5.063e-18,2.489e-18,0.0,121.3,0
BottomS65215,9.0633,-3.1351,9.496e-19,1.583e-18,3.328e-18,0.0006,118.07,0
BottomS65216,9.1093,-3.1301,9.897e-20,1.128e-19,1.044e-19,-0.0,121.44,0
BottomS65217,9.1006,-3.1329,2.527e-20,3.190e-20,3.762e-20,0.0004,121.14,0
BottomS65219,9.0767,-3.1362,1.134e-18,2.470e-18,9.084e-18,0.0005,118.66,0
BottomS65220,9.0801,-3.1323,1.907e-18,3.523e-18,8.956e-18,0.0003,118.7,0
BottomS65222,9.1114,-3.1241,3.557e-18,3.037e-18,1.550e-18,-0.0002,121.41,0
BottomS65224,9.1104,-3.1308,6.898e-19,1.309e-18,3.598e-18,0.0005,121.52,0
BottomS65226,9.0748,-3.1392,1.042e-18,9.306e-19,5.343e-19,0.0002,118.42,0
BottomS65232,9.0724,-3.1340,1.968e-20,2.521e-20,3.076e-20,0.0003,118.35,0
BottomS65236,9.0733,-3.1368,5.515e-20,6.698e-20,7.277e-20,-0.0004,118.39,0
BottomS65237,9.0643,-3.1303,2.785e-14,2.264e-14,1.056e-14,-0.0001,117.91,1
BottomS65238,9.0727,-3.1335,1.581e-18,2.461e-18,4.298e-18,-0.0002,118.41,0
BottomS65239,9.1081,-3.1279,4.517e-18,3.766e-18,1.889e-18,-0.0001,121.36,0
BottomS65242,9.1137,-3.1289,8.551e-14,7.616e-14,4.306e-14,-0.0001,121.6,1
BottomS65243,9.0759,-3.1356,9.944e-20,1.161e-19,1.163e-19,-0.0003,118.42,0
BottomS65245,9.0669,-3.1331,2.518e-18,2.243e-18,1.285e-18,-0.0003,118.04,0
BottomS65246,9.0647,-3.1341,1.923e-18,1.672e-18,9.322e-19,-0.0003,118.01,0
BottomS65250,9.1092,-3.1275,1.350e-18,1.269e-18,7.926e-19,-0.0006,121.52,0
BottomS65254,9.1123,-3.1254,1.182e-19,1.263e-19,1.049e-19,0.0002,121.53,0
BottomS65257,9.1009,-3.1246,4.125e-19,4.103e-19,2.992e-19,-0.0002,121.23,0
BottomS65259,9.0718,-3.1391,2.376e-20,2.973e-20,3.286e-20,0.0001,118.26,0
BottomS65260,9.1122,-3.1318,1.744e-18,2.904e-18,5.909e-18,0.0002,121.55,0
BottomS65261,9.0590,-3.1359,7.442e-20,8.655e-20,8.836e-20,0.0001,117.81,0
BottomS65263,9.1115,-3.1247,1.144e-17,8.768e-18,3.702e-18,-0.0005,121.6,0
BottomS65265,9.1115,-3.1274,1.076e-18,2.575e-18,1.155e-17,-0.0004,121.64,0
BottomS65271,9.0637,-3.1385,2.206e-18,5.146e-18,2.178e-17,0.0004,118.03,1
BottomS65273,9.1128,-3.1265,4.827e-18,6.720e-18,9.547e-18,-0.0003,121.57,0
BottomS65274,9.1125,-3.1274,2.533e-20,3.209e-20,3.713e-20,0.0005,121.51,0
BottomS65275,9.1169,-3.1283,4.986e-19,4.817e-19,3.257e-19,-0.0006,121.83,0
BottomS65276,9.1196,-3.1301,2.254e-18,6.014e-18,3.322e-17,0.0,121.88,1
BottomS65278,9.0629,-3.1379,2.536e-18,2.169e-18,1.201e-18,0.0008,117.97,0
BottomS65279,9.0686,-3.1397,1.392e-18,2.530e-18,6.308e-18,-0.0005,118.16,0
BottomS65280,9.1129,-3.1276,7.042e-18,5.641e-18,2.680e-18,-0.0003,121.57,0
BottomS65282,9.0693,-3.1326,6.407e-20,7.648e-20,8.034e-20,0.0001,118.2,0
BottomS65283,9.1151,-3.1309,1.013e-20,1.435e-20,2.042e-20,0.0003,121.65,0
BottomS65284,9.0658,-3.1377,7.663e-19,6.892e-19,4.067e-19,-0.0001,118.03,0
BottomS65285,9.1107,-3.1272,8.858e-19,1.284e-18,2.005e-18,0.0005,121.56,0
BottomS65288,9.1184,-3.1292,4.213e-19,6.625e-19,1.234e-18,-0.0001,121.73,0
BottomS65289,9.1158,-3.1285,2.813e-20,3.543e-20,4.033e-20,-0.0002,121.77,0
BottomS65290,9.0731,-3.1360,8.208e-18,6.208e-18,2.538e-18,0.0005,118.42,0
BottomS65292,9.0646,-3.1376,1.013e-18,9.224e-19,5.447e-19,-0.0002,118.03,0
BottomS65293,9.0709,-3.1328,4.371e-20,5.246e-20,5.436e-20,0.0001,118.25,0
BottomS65296,9.0664,-3.1428,2.585e-19,2.647e-19,2.004e-19,0.0009,118.09,0
BottomS65297,9.0661,-3.1357,1.771e-18,3.064e-18,6.714e-18,0.0001,118.15,0
BottomS65298,9.1170,-3.1270,3.992e-19,7.852e-19,2.380e-18,0.0002,121.79,0
BottomS65299,9.1110,-3.1257,4.303e-20,5.031e-20,4.866e-20,0.0006,121.54,0
BottomS65301,9.1211,-3.1291,2.954e-18,5.569e-18,1.473e-17,-0.0001,121.86,0
BottomS65303,9.1148,-3.1291,6.637e-20,7.320e-20,6.304e-20,0.0005,121.61,0
BottomS65306,9.1176,-3.1257,3.162e-19,3.220e-19,2.316e-19,0.0005,121.67,0
BottomS65310,9.1174,-3.1246,7.638e-19,7.036e-19,4.305e-19,-0.0001,121.67,0
BottomS65311,9.0634,-3.1376,6.592e-19,6.087e-19,3.740e-19,0.0008,118.07,0
BottomS65312,9.0570,-3.1368,1.217e-20,1.584e-20,2.005e-20,-0.0004,117.86,0
BottomS65316,9.0513,-3.1365,3.329e-15,2.194e-15,6.893e-16,0.0001,117.83,0
BottomS65317,9.1262,-3.1266,1.786e-19,1.845e-19,1.462e-19,0.0001,121.94,0
BottomS65319,9.0526,-3.1363,8.803e-19,8.293e-19,5.162e-19,-0.0,117.82,0
BottomS65322,9.1269,-3.1276,1.317e-19,1.421e-19,1.219e-19,0.0007,121.93,0
BottomS65323,9.1185,-3.1238,2.858e-20,3.413e-20,3.532e-20,-0.0006,121.83,0
BottomS65328,9.1290,-3.1305,1.623e-18,2.618e-18,5.050e-18,-0.0006,122.09,0
BottomS65332,9.1309,-3.1231,5.014e-18,4.005e-18,1.858e-18,0.0002,121.98,0
BottomS65335,9.1237,-3.1237,9.929e-19,1.912e-18,5.211e-18,0.0003,121.88,0
BottomS65336,9.1264,-3.1257,1.559e-18,3.027e-18,8.141e-18,0.0007,121.88,0
BottomS65337,9.0496,-3.1404,4.968e-15,3.299e-15,1.051e-15,0.0003,117.82,0
BottomS65340,9.1189,-3.1285,5.767e-19,5.483e-19,3.440e-19,-0.0002,121.74,0
BottomS65341,9.0514,-3.1364,1.407e-19,1.483e-19,1.141e-19,-0.0005,117.77,0
BottomS65342,9.0562,-3.1384,4.567e-18,3.552e-18,1.531e-18,0.0002,117.95,0
BottomS65344,9.0547,-3.1365,3.379e-20,4.051e-20,4.367e-20,0.0003,117.88,0
BottomS65345,9.0532,-3.1388,1.415e-19,1.589e-19,1.440e-19,-0.0002,118.0,0
BottomS65346,9.0530,-3.1400,3.689e-20,4.235e-20,4.177e-20,-0.0007,117.89,0
BottomS65348,9.0513,-3.1333,1.274e-19,1.428e-19,1.329e-19,-0.0005,117.79,0
BottomS65349,9.1203,-3.1242,6.722e-16,4.397e-16,1.388e-16,-0.0009,121.83,0
BottomS65352,9.0568,-3.1421,7.108e-18,6.244e-18,3.531e-18,0.0006,118.07,0
BottomS65356,9.0555,-3.1412,5.874e-14,4.862e-14,2.422e-14,-0.0002,118.09,1
BottomS65357,9.0567,-3.1363,4.341e-20,5.482e-20,6.430e-20,0.0006,117.92,0
BottomS65358,9.1295,-3.1256,4.547e-18,3.669e-18,1.741e-18,0.0002,121.81,0
BottomS65359,9.1304,-3.1223,1.600e-17,1.236e-17,5.258e-18,-0.0006,121.95,1
BottomS65361,9.1329,-3.1283,4.344e-18,7.352e-18,1.580e-17,-0.0004,121.96,0
BottomS65362,9.0550,-3.1337,6.552e-14,5.038e-14,2.124e-14,-0.0,117.94,1
BottomS65363,9.0582,-3.1373,1.660e-20,2.202e-20,2.743e-20,-0.0001,118.08,0
BottomS65367,9.1354,-3.1273,3.393e-19,3.411e-19,2.461e-19,-0.0001,122.05,0
BottomS65369,9.1341,-3.1227,1.656e-18,3.062e-18,7.924e-18,0.0004,122.12,0
BottomS65371,9.1349,-3.1262,3.101e-18,5.175e-18,1.074e-17,0.0004,122.05,0
BottomS65376,9.1341,-3.1258,1.193e-18,2.450e-18,7.711e-18,0.0003,122.03,0
BottomS65377,9.0530,-3.1344,2.095e-18,3.707e-18,8.632e-18,0.0001,117.81,0
BottomS65379,9.0483,-3.1397,1.877e-20,2.321e-20,2.486e-20,0.0001,117.79,0
BottomS65381,9.0413,-3.1410,1.533e-18,1.335e-18,7.110e-19,0.0002,117.8,0
BottomS65382,9.0386,-3.1440,3.717e-20,4.343e-20,4.352e-20,-0.0007,117.73,0
BottomS65384,9.0480,-3.1378,5.824e-18,4.574e-18,2.060e-18,0.0003,117.81,0
BottomS65386,9.0369,-3.1393,4.501e-17,3.429e-17,1.420e-17,-0.0006,117.6,0
BottomS65387,9.1305,-3.1224,7.746e-19,1.261e-18,2.566e-18,-0.0002,121.95,0
BottomS65388,9.0432,-3.1424,5.860e-19,1.353e-18,5.464e-18,-0.0004,117.63,0
BottomS65389,9.0471,-3.1447,2.694e-18,2.265e-18,1.135e-18,0.0005,117.88,0
BottomS65390,9.1384,-3.1265,2.357e-18,1.978e-18,1.015e-18,0.0001,122.06,0
BottomS65391,9.1417,-3.1277,3.852e-19,3.736e-19,2.530e-19,-0.0006,122.06,0
BottomS65392,9.1398,-3.1243,3.159e-18,5.309e-18,1.109e-17,-0.0011,122.01,0
BottomS65393,9.0464,-3.1400,1.300e-17,9.669e-18,3.885e-18,0.0004,117.77,0
BottomS65395,9.1440,-3.1281,1.379e-20,1.790e-20,2.177e-20,0.0001,122.13,0
BottomS65396,9.1354,-3.1237,1.916e-19,1.913e-19,1.398e-19,-0.0005,122.11,0
BottomS65399,9.1403,-3.1252,1.052e-18,9.582e-19,5.607e-19,-0.0007,122.14,0
BottomS65400,9.1429,-3.1233,1.445e-18,1.332e-18,8.069e-19,-0.0003,122.12,0
BottomS65401,9.1383,-3.1257,5.757e-19,5.902e-19,4.327e-19,0.0003,121.96,0
BottomS65404,9.0414,-3.1393,2.490e-20,2.928e-20,2.930e-20,-0.0001,117.73,0
BottomS65405,9.0407,-3.1433,5.239e-20,6.281e-20,6.401e-20,0.0011,117.76,0
BottomS65406,9.1432,-3.1230,3.769e-20,4.414e-20,4.479e-20,0.0006,122.06,0
BottomS65407,9.0375,-3.1423,2.344e-20,2.883e-20,3.335e-20,-0.0003,117.74,0
BottomS65408,9.1443,-3.1229,1.882e-19,2.004e-19,1.663e-19,-0.0005,122.12,0
BottomS65409,9.1413,-3.1250,5.842e-19,5.690e-19,4.017e-19,0.0008,122.03,0
BottomS65410,9.1461,-3.1219,3.951e-17,2.771e-17,1.032e-17,0.0001,122.1,0
BottomS65411,9.1453,-3.1224,4.690e-17,3.606e-17,1.563e-17,0.0003,122.05,0
BottomS65412,9.1429,-3.1211,1.651e-16,1.128e-16,3.898e-17,-0.0005,121.85,0
BottomS65413,9.1432,-3.1209,1.181e-16,8.112e-17,2.776e-17,0.0001,121.88,0
BottomS65414,9.1385,-3.1198,2.957e-16,2.056e-16,6.903e-17,0.0,121.82,0
BottomS65415,9.1389,-3.1191,1.298e-18,2.723e-18,9.133e-18,-0.0004,121.72,0
BottomS65416,9.0429,-3.1459,5.818e-18,4.756e-18,2.254e-18,-0.0001,118.12,0
BottomS65417,9.1340,-3.1169,1.737e-18,1.494e-18,7.872e-19,0.0002,121.62,0
BottomS65418,9.1301,-3.1152,1.272e-18,2.779e-18,9.798e-18,-0.0001,121.41,0
BottomS65419,9.1336,-3.1152,5.166e-17,3.817e-17,1.561e-17,0.0003,121.44,0
BottomS65420,9.1260,-3.1148,1.836e-16,1.313e-16,4.917e-17,-0.0008,121.28,0
BottomS65422,9.1268,-3.1152,4.238e-17,3.126e-17,1.223e-17,0.0,121.12,0
BottomS65423,9.0593,-3.1528,2.051e-17,1.438e-17,5.263e-18,0.0001,118.89,0
BottomS65424,9.1227,-3.1118,3.381e-19,3.282e-19,2.179e-19,0.0001,120.98,0
BottomS65425,9.0628,-3.1508,7.378e-17,5.429e-17,2.071e-17,0.0005,118.89,0
BottomS65426,9.0645,-3.1521,3.498e-17,2.602e-17,1.064e-17,-0.0004,118.93,0
BottomS65427,9.0715,-3.1523,8.479e-18,6.734e-18,3.082e-18,0.0,119.16,1
BottomS65428,9.1107,-3.1124,1.560e-16,1.149e-16,4.484e-17,0.0004,120.56,0
BottomS65429,9.0752,-3.1548,3.299e-17,2.491e-17,1.019e-17,0.0006,119.32,0
BottomS65430,9.0779,-3.1532,3.340e-20,3.957e-20,4.029e-20,-0.0006,119.47,0
BottomS65431,9.0978,-3.1086,1.138e-17,8.910e-18,3.963e-18,0.0,120.19,1
BottomS65432,9.0977,-3.1082,1.461e-17,1.128e-17,4.917e-18,-0.0007,120.15,1
BottomS65433,9.0923,-3.1572,1.116e-14,7.133e-15,2.185e-15,0.0001,119.94,0
BottomS65434,9.0873,-3.1081,1.538e-17,1.172e-17,4.969e-18,0.0003,119.86,1
BottomS65435,9.0865,-3.1081,2.171e-16,1.514e-16,5.247e-17,-0.0004,119.77,0
BottomS65436,9.0997,-3.1560,9.106e-20,1.104e-19,1.146e-19,-0.0008,120.17,0
BottomS65437,9.0778,-3.1081,5.117e-17,3.757e-17,1.492e-17,-0.0001,119.49,0
BottomS65438,9.1075,-3.1548,7.636e-20,8.160e-20,7.072e-20,-0.0007,120.35,0
BottomS65439,9.0687,-3.1068,1.137e-16,8.139e-17,3.072e-17,-0.0002,119.23,0
BottomS65440,9.1186,-3.1561,3.117e-17,2.291e-17,9.119e-18,0.0,120.76,0
BottomS65441,9.0615,-3.1067,1.079e-17,2.674e-17,1.272e-16,-0.0006,119.05,1
BottomS65442,9.0581,-3.1088,7.607e-19,7.210e-19,4.600e-19,0.0012,118.95,0
BottomS65443,9.1289,-3.1571,2.360e-19,2.393e-19,1.727e-19,-0.0001,120.91,0
BottomS65444,9.0501,-3.1088,6.285e-18,5.010e-18,2.256e-18,0.0005,118.65,0
BottomS65445,9.0490,-3.1106,3.507e-17,2.747e-17,1.207e-17,0.0007,118.54,1
BottomS65448,9.1409,-3.1494,1.955e-16,1.321e-16,4.444e-17,-0.0005,121.5,0
BottomS65449,9.0367,-3.1143,8.267e-19,7.612e-19,4.809e-19,-0.0001,118.18,0
BottomS65450,9.1544,-3.1512,1.184e-18,1.078e-18,6.572e-19,0.0012,121.68,0
BottomS65451,9.1536,-3.1488,3.281e-16,2.162e-16,6.958e-17,0.0,121.77,0
BottomS65452,9.0194,-3.1126,4.241e-19,4.139e-19,2.834e-19,0.0003,118.01,0
BottomS65453,9.0174,-3.1172,6.480e-18,5.280e-18,2.502e-18,-0.0005,117.8,0
BottomS65454,9.1607,-3.1476,1.047e-17,8.097e-18,3.467e-18,0.0007,121.91,0
BottomS65455,9.1632,-3.1447,4.897e-17,3.647e-17,1.413e-17,0.0003,122.02,0
BottomS65456,9.0116,-3.1170,2.579e-17,2.058e-17,9.057e-18,0.0008,117.65,1
BottomS65457,9.1779,-3.1436,3.702e-17,2.839e-17,1.209e-17,0.0001,122.13,1
BottomS65458,9.0088,-3.1213,2.154e-17,1.600e-17,6.565e-18,0.0004,117.51,0
BottomS65459,9.0025,-3.1207,1.439e-19,1.540e-19,1.274e-19,0.0,117.56,0
BottomS65460,8.9980,-3.1233,2.647e-17,1.948e-17,7.768e-18,0.0004,117.42,0
BottomS65461,9.0002,-3.1259,8.835e-19,1.529e-18,3.383e-18,0.0001,117.49,0
BottomS65462,9.1882,-3.1389,4.140e-17,3.023e-17,1.170e-17,-0.0007,122.47,0
BottomS65463,9.1860,-3.1368,3.877e-17,2.658e-17,9.366e-18,-0.0001,122.41,0
BottomS65464,9.1880,-3.1370,2.028e-16,1.403e-16,4.832e-17,-0.0002,122.54,0
BottomS65465,9.1895,-3.1331,5.732e-14,4.141e-14,1.536e-14,0.0005,122.48,0
BottomS65466,9.1869,-3.1313,2.935e-17,2.194e-17,8.910e-18,-0.0003,122.57,0
BottomS65467,8.9944,-3.1320,9.081e-19,8.246e-19,4.778e-19,-0.0005,117.4,0
BottomS65468,9.0032,-3.1336,1.003e-18,9.203e-19,5.614e-19,0.0004,117.32,0
BottomS65469,8.9915,-3.1359,2.061e-18,1.791e-18,9.895e-19,-0.0003,117.31,0
BottomS65470,8.9924,-3.1353,2.123e-14,1.426e-14,4.655e-15,-0.0001,117.38,0
BottomS65471,9.1978,-3.1257,2.379e-17,1.851e-17,7.966e-18,0.0006,122.45,1
BottomS65472,9.1900,-3.1251,3.609e-18,3.124e-18,1.668e-18,0.0003,122.47,0
BottomS65473,9.1907,-3.1222,2.451e-18,2.085e-18,1.075e-18,0.0009,122.42,0
BottomS65474,9.1900,-3.1211,7.809e-17,5.732e-17,2.230e-17,-0.0006,122.38,0
BottomS65475,8.9972,-3.1437,6.387e-18,5.103e-18,2.322e-18,-0.0001,117.55,0
BottomS65476,9.0030,-3.1450,1.517e-17,1.211e-17,5.604e-18,0.0005,117.58,0
BottomS65477,8.9970,-3.1462,1.125e-18,1.012e-18,5.896e-19,0.0005,117.54,0
BottomS65478,9.1830,-3.1156,4.047e-16,2.740e-16,9.321e-17,-0.0001,122.23,0
BottomS65479,9.0011,-3.1490,2.227e-16,1.499e-16,4.957e-17,-0.0,117.68,0
BottomS65480,9.1822,-3.1151,6.794e-20,7.533e-20,6.627e-20,0.0006,122.05,0
BottomS65483,9.0155,-3.1539,2.224e-17,1.672e-17,6.993e-18,-0.0004,117.98,1
BottomS65484,9.0180,-3.1554,4.674e-18,3.919e-18,1.916e-18,0.0002,118.07,0
BottomS65485,9.0194,-3.1576,5.656e-14,3.951e-14,1.401e-14,0.0004,118.12,0
BottomS65486,9.1565,-3.1066,6.803e-18,5.619e-18,2.780e-18,-0.0004,121.51,0
BottomS65487,9.1562,-3.1039,1.714e-17,1.313e-17,5.368e-18,-0.0001,121.54,1
BottomS65488,9.0315,-3.1577,6.896e-18,5.649e-18,2.810e-18,-0.0004,118.43,0
BottomS65489,9.0353,-3.1594,9.796e-18,7.710e-18,3.555e-18,0.0,118.51,1
BottomS65490,9.1428,-3.1012,4.678e-14,3.274e-14,1.147e-14,0.0004,121.13,0
BottomS65491,9.0405,-3.1622,1.389e-18,1.206e-18,6.553e-19,0.0003,118.63,0
BottomS65492,9.1328,-3.1017,6.964e-19,6.595e-19,4.205e-19,0.0008,120.94,0
BottomS65493,9.0576,-3.1600,3.457e-17,2.565e-17,1.045e-17,-0.0002,119.08,0
BottomS65495,9.1225,-3.0980,1.523e-19,1.694e-19,1.564e-19,0.0016,120.63,0
BottomS65496,9.1228,-3.0995,2.148e-18,1.781e-18,8.889e-19,0.0007,120.66,0
BottomS65497,9.0716,-3.1655,7.695e-17,5.354e-17,1.837e-17,-0.0,119.39,0
BottomS65498,9.1036,-3.0965,9.257e-19,8.577e-19,5.203e-19,-0.0,120.23,0
BottomS65499,9.0798,-3.1647,5.446e-18,4.462e-18,2.071e-18,-0.0002,119.56,0
BottomS65500,9.0965,-3.0960,1.851e-17,1.459e-17,6.617e-18,-0.0003,120.14,1
BottomS65501,9.0950,-3.1677,1.391e-17,1.075e-17,4.603e-18,-0.0002,120.02,1
BottomS65502,9.0983,-3.1638,7.370e-14,5.714e-14,2.518e-14,0.0,120.11,1
BottomS65503,9.0819,-3.0999,5.745e-16,3.900e-16,1.276e-16,0.001,119.71,0
BottomS65505,9.1086,-3.1666,2.393e-17,1.770e-17,7.076e-18,0.0005,120.33,0
BottomS65506,9.0639,-3.0964,7.495e-18,6.002e-18,2.801e-18,-0.0006,119.27,0
BottomS65507,9.1249,-3.1674,5.642e-17,4.013e-17,1.525e-17,-0.0002,120.6,0
BottomS65508,9.1267,-3.1656,8.879e-17,6.383e-17,2.382e-17,-0.0002,120.71,0
BottomS65509,9.1350,-3.1670,1.814e-16,1.259e-16,4.390e-17,-0.0001,120.99,0
BottomS65510,9.1389,-3.1652,2.074e-16,1.399e-16,4.547e-17,0.0003,120.9,0
BottomS65511,9.0369,-3.0997,6.926e-16,4.523e-16,1.448e-16,-0.0002,118.74,0
BottomS65512,9.1476,-3.1610,5.209e-17,4.046e-17,1.779e-17,-0.0004,121.16,0
BottomS65513,9.1529,-3.1616,6.274e-17,4.537e-17,1.705e-17,0.0006,121.32,0
BottomS65514,9.1581,-3.1601,3.560e-18,2.884e-18,1.343e-18,0.0006,121.47,0
BottomS65515,9.0223,-3.1047,7.461e-20,8.530e-20,8.215e-20,0.0007,118.35,0
BottomS65516,9.1642,-3.1584,7.015e-17,4.915e-17,1.730e-17,-0.0001,121.57,0
BottomS65517,9.1707,-3.1593,5.753e-18,1.328e-17,5.395e-17,0.0001,121.65,1
BottomS65518,9.0107,-3.1074,1.622e-20,2.270e-20,3.215e-20,0.0001,117.98,0
BottomS65519,8.9994,-3.1065,4.331e-19,4.289e-19,2.972e-19,-0.0002,117.95,0
BottomS65520,8.9926,-3.1052,9.593e-17,6.732e-17,2.382e-17,0.001,117.83,0
BottomS65521,8.9848,-3.1075,1.555e-16,1.070e-16,3.624e-17,0.0002,117.79,0
BottomS65522,8.9914,-3.1108,8.029e-14,6.006e-14,2.456e-14,0.0006,117.7,0
BottomS65523,8.9808,-3.1117,1.664e-16,1.164e-16,4.082e-17,0.0011,117.68,0
BottomS65524,9.1992,-3.1506,5.669e-14,5.817e-14,4.291e-14,0.0007,122.21,1
BottomS65525,9.2082,-3.1491,2.018e-18,4.281e-18,1.449e-17,-0.0006,122.31,0
BottomS65526,8.9725,-3.1172,1.790e-19,1.868e-19,1.477e-19,-0.0006,117.55,0
BottomS65528,9.2081,-3.1408,4.077e-18,3.412e-18,1.680e-18,-0.0,122.32,0
BottomS65529,8.9702,-3.1231,4.884e-19,4.518e-19,2.870e-19,-0.0,117.35,0
BottomS65530,8.9725,-3.1244,1.733e-20,2.213e-20,2.721e-20,-0.0006,117.22,0
BottomS65531,8.9633,-3.1254,2.558e-14,2.398e-14,1.499e-14,-0.0008,117.27,1
BottomS65532,9.2117,-3.1373,1.111e-16,7.825e-17,2.819e-17,0.0008,122.48,0
BottomS65533,8.9659,-3.1299,9.969e-19,1.793e-18,4.265e-18,-0.0009,117.3,0
BottomS65534,8.9595,-3.1321,1.313e-18,2.042e-18,3.715e-18,0.0004,117.12,0
BottomS65535,9.2213,-3.1312,4.974e-17,3.660e-17,1.420e-17,0.0007,122.56,0
BottomS65536,9.2210,-3.1288,1.227e-17,9.784e-18,4.428e-18,-0.0003,122.51,1
BottomS65537,8.9548,-3.1377,1.014e-18,9.310e-19,5.434e-19,0.0009,117.31,0
BottomS65538,8.9622,-3.1377,1.077e-17,8.657e-18,4.018e-18,-0.0004,117.3,0
BottomS65540,9.2224,-3.1212,2.939e-17,2.262e-17,9.570e-18,-0.0001,122.55,0
BottomS65541,9.2158,-3.1211,1.199e-17,9.041e-18,3.783e-18,0.0002,122.44,1
BottomS65542,8.9578,-3.1473,2.020e-17,1.523e-17,6.092e-18,0.0008,117.26,0
BottomS65543,9.2040,-3.1176,9.319e-20,1.013e-19,8.603e-20,0.0003,122.36,0
BottomS65544,8.9653,-3.1489,1.057e-16,7.228e-17,2.501e-17,-0.0002,117.53,0
BottomS65545,9.2094,-3.1119,2.640e-18,2.300e-18,1.292e-18,0.0003,122.23,0
BottomS65546,8.9775,-3.1508,3.905e-18,3.431e-18,1.909e-18,-0.0004,117.53,0
BottomS65547,9.2080,-3.1091,4.284e-17,3.176e-17,1.261e-17,0.0002,122.22,0
BottomS65548,9.1962,-3.1097,2.285e-19,2.342e-19,1.826e-19,-0.0006,122.03,0
BottomS65549,8.9881,-3.1557,1.349e-16,9.800e-17,3.771e-17,0.0012,117.71,0
BottomS65550,9.1957,-3.1045,1.666e-16,1.163e-16,4.087e-17,-0.0006,121.91,0
BottomS65551,9.1987,-3.1021,6.087e-19,8.951e-19,1.417e-18,-0.0004,121.95,0
BottomS65552,8.9966,-3.1625,1.295e-16,9.583e-17,3.813e-17,0.0006,118.0,0
BottomS65553,9.1805,-3.1019,5.554e-14,4.481e-14,2.045e-14,-0.0004,121.69,1
BottomS65554,9.1802,-3.0967,8.108e-17,5.707e-17,2.074e-17,0.0011,121.61,0
BottomS65555,9.0132,-3.1645,1.909e-16,1.313e-16,4.562e-17,0.0001,118.16,0
BottomS65556,9.1668,-3.0965,2.247e-17,1.705e-17,7.242e-18,-0.0008,121.41,1
BottomS65557,9.1620,-3.0958,2.562e-17,1.971e-17,8.617e-18,0.0006,121.33,1
BottomS65558,9.0239,-3.1694,2.374e-17,1.798e-17,7.357e-18,0.0004,118.51,1
BottomS65559,9.0343,-3.1669,3.301e-17,2.502e-17,1.069e-17,0.0004,118.74,1
BottomS65560,9.0366,-3.1730,3.534e-16,2.392e-16,8.047e-17,-0.0001,118.94,0
BottomS65561,9.0393,-3.1745,4.249e-17,3.085e-17,1.177e-17,0.0003,118.91,0
BottomS65562,9.1367,-3.0912,4.005e-17,2.875e-17,1.090e-17,-0.0001,120.81,0
BottomS65563,9.1218,-3.0892,1.129e-18,9.748e-19,5.208e-19,-0.0,120.44,0
BottomS65564,9.1286,-3.0886,3.019e-18,2.668e-18,1.455e-18,0.0006,120.58,0
BottomS65565,9.1206,-3.0920,7.062e-17,5.056e-17,1.958e-17,-0.0001,120.48,0
BottomS65566,9.1052,-3.0879,1.712e-19,1.782e-19,1.432e-19,0.0,120.22,0
BottomS65567,9.1031,-3.0901,6.156e-19,9.772e-19,1.861e-18,-0.0007,120.23,0
BottomS65568,9.0904,-3.1763,3.838e-18,3.244e-18,1.639e-18,0.0006,119.83,0
BottomS65569,9.0895,-3.1792,2.062e-16,1.425e-16,5.087e-17,-0.0004,119.87,0
BottomS65570,9.1008,-3.1766,1.784e-18,1.607e-18,9.210e-19,0.0005,120.0,0
BottomS65571,9.1043,-3.1749,5.093e-20,5.979e-20,5.885e-20,0.001,120.15,0
BottomS65572,9.1176,-3.1753,9.324e-18,7.422e-18,3.523e-18,0.0009,120.39,0
BottomS65573,9.0659,-3.0897,3.426e-17,2.574e-17,1.024e-17,0.0009,119.5,0
BottomS65574,9.0584,-3.0887,3.519e-18,7.810e-18,2.919e-17,-0.0002,119.29,1
BottomS65575,9.1339,-3.1731,5.855e-17,4.217e-17,1.556e-17,0.0006,120.76,0
BottomS65576,9.0437,-3.0898,2.167e-18,1.922e-18,1.069e-18,-0.0005,119.03,0
BottomS65577,9.0357,-3.0894,2.943e-20,3.326e-20,3.077e-20,-0.0002,118.93,0
BottomS65578,9.1506,-3.1709,3.194e-17,2.435e-17,1.036e-17,0.0011,120.96,0
BottomS65581,9.0439,-3.1406,6.470e-19,1.070e-18,2.207e-18,0.0005,117.99,0
BottomS65582,9.1422,-3.1189,7.368e-18,1.101e-17,1.897e-17,-0.0002,121.89,0
BottomS65586,9.1392,-3.1212,4.147e-19,4.134e-19,2.953e-19,-0.0,121.67,0
BottomS65587,9.1379,-3.1194,1.696e-18,2.771e-18,5.533e-18,0.0001,121.6,0
BottomS65588,9.0593,-3.1438,1.825e-18,1.742e-18,1.101e-18,0.0001,118.42,0
BottomS65589,9.1290,-3.1182,1.383e-18,2.102e-18,3.599e-18,0.0001,121.41,0
BottomS65590,9.1315,-3.1165,3.918e-18,3.342e-18,1.766e-18,0.0,121.53,0
BottomS65591,9.0442,-3.1506,5.665e-20,6.681e-20,6.658e-20,-0.0002,118.39,0
BottomS65593,9.1283,-3.1122,3.086e-18,2.450e-18,1.096e-18,-0.0001,121.26,0
BottomS65595,9.0624,-3.1504,1.296e-20,1.655e-20,1.947e-20,0.001,118.78,0
BottomS65596,9.0675,-3.1491,1.881e-19,2.059e-19,1.711e-19,0.0002,118.99,0
BottomS65598,9.1147,-3.1126,7.569e-19,7.334e-19,4.866e-19,-0.0004,120.76,0
BottomS65600,9.0697,-3.1499,2.741e-20,3.137e-20,3.063e-20,-0.0004,119.1,0
BottomS65601,9.0731,-3.1518,3.481e-19,3.306e-19,2.176e-19,0.0003,119.25,0
BottomS65602,9.1057,-3.1110,2.403e-19,2.411e-19,1.760e-19,0.0007,120.45,0
BottomS65603,9.1019,-3.1101,8.516e-19,1.421e-18,2.953e-18,0.0002,120.25,0
BottomS65604,9.0812,-3.1516,1.066e-17,8.061e-18,3.435e-18,-0.0002,119.52,1
BottomS65605,9.0854,-3.1546,3.507e-18,7.124e-18,2.247e-17,0.0,119.7,1
BottomS65606,9.0882,-3.1552,3.409e-19,3.521e-19,2.629e-19,0.0006,119.8,0
BottomS65607,9.0962,-3.1101,1.834e-18,1.700e-18,1.048e-18,0.0004,120.15,0
BottomS65610,9.0897,-3.1541,2.739e-18,2.378e-18,1.269e-18,0.0001,119.83,0
BottomS65613,9.0864,-3.1116,4.768e-18,3.917e-18,2.001e-18,-0.0002,119.72,0
BottomS65614,9.0703,-3.1074,1.944e-18,1.696e-18,9.068e-19,-0.0011,119.17,0
BottomS65616,9.0645,-3.1075,1.998e-18,3.855e-18,1.059e-17,-0.0011,119.14,0
BottomS65617,9.0671,-3.1122,2.753e-18,2.297e-18,1.138e-18,0.0004,119.16,0
BottomS65618,9.0649,-3.1113,1.149e-17,8.953e-18,4.068e-18,-0.0003,119.07,1
BottomS65619,9.1156,-3.1503,1.258e-18,2.671e-18,9.389e-18,-0.0006,120.83,0
BottomS65620,9.1212,-3.1525,3.347e-19,3.310e-19,2.371e-19,0.0009,120.85,0
BottomS65623,9.0484,-3.1091,2.006e-17,1.479e-17,5.937e-18,0.0001,118.72,0
BottomS65624,9.1296,-3.1511,7.606e-19,7.144e-19,4.581e-19,0.0005,121.1,0
BottomS65627,9.0416,-3.1123,1.855e-20,2.469e-20,3.063e-20,-0.0,118.35,0
BottomS65629,9.1503,-3.1521,4.296e-18,3.810e-18,2.097e-18,-0.0001,121.58,0
BottomS65630,9.0301,-3.1135,7.469e-19,1.493e-18,4.505e-18,-0.0003,118.28,0
BottomS65631,9.1520,-3.1498,2.442e-17,1.919e-17,8.529e-18,0.0004,121.66,1
BottomS65632,9.0310,-3.1151,9.798e-20,1.136e-19,1.089e-19,-0.0007,117.94,0
BottomS65633,9.1545,-3.1464,1.201e-20,1.608e-20,2.120e-20,0.0003,121.86,0
BottomS65634,9.0175,-3.1109,6.722e-19,1.158e-18,2.687e-18,0.0005,118.02,0
BottomS65635,9.0187,-3.1172,4.536e-18,9.213e-18,2.842e-17,-0.0004,117.8,1
BottomS65636,9.1612,-3.1468,2.832e-18,2.348e-18,1.138e-18,-0.0001,121.82,0
BottomS65638,9.0114,-3.1199,1.905e-17,1.441e-17,5.901e-18,-0.0003,117.63,1
BottomS65640,9.1731,-3.1450,3.952e-18,3.365e-18,1.757e-18,0.0003,122.15,0
BottomS65641,9.1793,-3.1440,1.010e-18,1.463e-18,2.317e-18,-0.0005,122.28,0
BottomS65643,9.1771,-3.1456,6.539e-19,5.680e-19,2.986e-19,-0.0,122.28,0
BottomS65644,9.1746,-3.1380,1.394e-17,1.070e-17,4.627e-18,0.0005,122.19,1
BottomS65645,9.1839,-3.1405,4.358e-17,3.286e-17,1.410e-17,0.0008,122.26,0
BottomS65646,9.0034,-3.1235,2.528e-18,2.078e-18,1.019e-18,0.0001,117.48,0
BottomS65647,9.1840,-3.1363,1.625e-18,1.429e-18,8.196e-19,0.0001,122.36,0
BottomS65648,8.9989,-3.1276,4.347e-14,3.915e-14,2.264e-14,0.0,117.42,1
BottomS65649,9.1874,-3.1349,3.057e-17,2.278e-17,9.131e-18,0.0002,122.47,0
BottomS65650,9.0096,-3.1252,2.005e-17,1.530e-17,6.630e-18,0.0008,117.38,0
BottomS65652,8.9928,-3.1306,9.408e-18,7.539e-18,3.554e-18,0.0003,117.36,0
BottomS65654,8.9965,-3.1347,1.357e-19,1.409e-19,1.080e-19,0.0006,117.39,0
BottomS65655,9.0055,-3.1369,4.804e-18,4.104e-18,2.239e-18,-0.0005,117.36,0
BottomS65656,8.9954,-3.1356,1.446e-18,2.558e-18,5.987e-18,0.0003,117.4,0
BottomS65657,8.9978,-3.1326,3.023e-19,3.110e-19,2.320e-19,0.0002,117.37,0
BottomS65658,9.2069,-3.1250,1.062e-20,1.402e-20,1.805e-20,0.0003,122.52,0
BottomS65660,8.9966,-3.1392,7.092e-19,1.182e-18,2.458e-18,0.0009,117.44,0
BottomS65661,9.1953,-3.1198,2.650e-18,2.306e-18,1.212e-18,-0.0004,122.46,0
BottomS65663,8.9969,-3.1427,1.439e-19,1.554e-19,1.293e-19,-0.0008,117.58,0
BottomS65664,9.1898,-3.1195,8.301e-20,8.978e-20,7.471e-20,0.0003,122.29,0
BottomS65665,9.0081,-3.1442,1.553e-18,2.499e-18,4.875e-18,0.0008,117.53,0
BottomS65666,9.1613,-3.1230,2.362e-19,2.355e-19,1.691e-19,0.0003,122.18,0
BottomS65667,9.1734,-3.1186,1.830e-18,1.657e-18,9.798e-19,0.0002,122.09,0
BottomS65668,9.1816,-3.1136,7.183e-20,8.466e-20,8.452e-20,0.0005,122.19,0
BottomS65669,9.1797,-3.1167,2.148e-18,1.856e-18,1.024e-18,0.0005,122.14,0
BottomS65670,9.0082,-3.1492,6.752e-19,6.609e-19,4.400e-19,-0.0006,117.78,0
BottomS65671,9.0175,-3.1479,2.586e-19,4.291e-19,8.965e-19,-0.0005,117.91,0
BottomS65672,9.0005,-3.1523,1.887e-18,1.657e-18,9.196e-19,-0.001,117.82,0
BottomS65673,9.0063,-3.1526,1.837e-18,3.537e-18,9.953e-18,0.0001,117.75,0
BottomS65674,9.0084,-3.1569,1.502e-17,1.102e-17,4.320e-18,0.0004,117.89,0
BottomS65676,9.1620,-3.1095,6.656e-19,6.426e-19,4.260e-19,0.0015,121.74,0
BottomS65677,9.0133,-3.1534,1.235e-19,1.322e-19,1.141e-19,0.0002,118.01,0
BottomS65679,9.1501,-3.1060,9.570e-20,1.017e-19,8.293e-20,0.0,121.29,0
BottomS65680,9.1403,-3.1076,4.664e-18,3.777e-18,1.800e-18,0.0006,121.21,0
BottomS65681,9.1479,-3.1026,4.758e-18,4.006e-18,2.069e-18,0.0008,121.31,0
BottomS65683,9.0394,-3.1570,1.695e-19,1.719e-19,1.306e-19,0.0002,118.58,0
BottomS65684,9.0375,-3.1614,4.934e-14,3.600e-14,1.431e-14,-0.0001,118.62,0
BottomS65685,9.1360,-3.1033,2.131e-17,1.676e-17,7.597e-18,-0.0,121.09,1
BottomS65686,9.0532,-3.1580,1.777e-18,3.247e-18,8.307e-18,-0.0006,118.95,0
BottomS65688,9.1288,-3.0997,6.227e-18,5.172e-18,2.598e-18,0.0004,120.89,0
BottomS65690,9.1230,-3.1027,6.224e-18,4.999e-18,2.370e-18,-0.0001,120.75,0
BottomS65691,9.1110,-3.0989,2.621e-17,2.071e-17,9.370e-18,0.0,120.35,1
BottomS65692,9.0762,-3.1692,1.173e-13,9.955e-14,5.140e-14,-0.0002,119.49,1
BottomS65693,9.1086,-3.0912,2.052e-19,2.201e-19,1.830e-19,-0.0003,120.33,0
BottomS65694,9.1134,-3.0972,3.689e-19,3.697e-19,2.643e-19,0.0004,120.39,0
BottomS65695,9.0742,-3.1656,6.341e-18,5.018e-18,2.310e-18,0.0003,119.45,0
BottomS65697,9.0898,-3.1644,2.482e-18,5.330e-18,1.894e-17,0.0006,119.92,1
BottomS65698,9.0898,-3.1021,1.690e-19,1.801e-19,1.458e-19,-0.0,119.9,0
BottomS65700,9.0867,-3.1015,8.397e-19,1.401e-18,2.983e-18,0.0001,119.79,0
BottomS65701,9.1033,-3.1668,9.077e-14,7.128e-14,3.306e-14,-0.0003,120.12,1
BottomS65703,9.1085,-3.1586,1.886e-18,3.345e-18,7.829e-18,0.0011,120.39,0
BottomS65704,9.1073,-3.1625,1.628e-18,1.478e-18,8.684e-19,-0.0001,120.32,0
BottomS65705,9.0708,-3.1034,1.025e-18,1.023e-18,7.108e-19,0.0001,119.37,0
BottomS65707,9.1232,-3.1651,2.152e-18,1.928e-18,1.080e-18,-0.0005,120.65,0
BottomS65708,9.1257,-3.1603,4.141e-18,3.518e-18,1.818e-18,-0.0,120.71,0
BottomS65711,9.0422,-3.0984,7.691e-19,1.051e-18,1.453e-18,-0.0001,118.82,0
BottomS65714,9.0331,-3.1024,5.076e-17,3.611e-17,1.365e-17,-0.0004,118.58,0
BottomS65715,9.0269,-3.1013,7.438e-19,1.229e-18,2.465e-18,0.0003,118.4,0
BottomS65716,9.1650,-3.1638,2.301e-19,2.369e-19,1.800e-19,0.0004,121.44,0
BottomS65718,9.0152,-3.1037,1.647e-18,1.421e-18,7.352e-19,-0.0001,118.29,0
BottomS65720,9.0112,-3.1067,2.590e-18,5.199e-18,1.543e-17,-0.0002,118.06,0
BottomS65721,9.1764,-3.1591,1.089e-18,1.943e-18,4.549e-18,-0.0009,121.66,0
BottomS65722,8.9965,-3.1041,6.623e-19,1.409e-18,4.806e-18,-0.0008,118.01,0
BottomS65723,9.1827,-3.1543,1.000e-19,1.110e-19,1.006e-19,-0.0001,122.0,0
BottomS65724,9.0021,-3.1063,2.599e-14,1.872e-14,7.014e-15,0.0001,117.9,0
BottomS65726,8.9894,-3.1067,3.840e-20,4.649e-20,5.002e-20,-0.0006,117.86,0
BottomS65727,9.1889,-3.1514,2.370e-17,1.825e-17,8.055e-18,-0.0002,122.09,1
BottomS65728,9.1999,-3.1523,2.860e-19,2.865e-19,2.111e-19,-0.0003,122.17,0
BottomS65729,8.9816,-3.1116,2.808e-17,2.002e-17,7.323e-18,-0.0002,117.66,0
BottomS65730,9.2042,-3.1459,9.386e-18,7.214e-18,3.158e-18,0.0002,122.31,1
BottomS65732,9.1931,-3.1470,1.007e-20,1.350e-20,1.818e-20,-0.0006,122.23,0
BottomS65733,8.9717,-3.1171,1.820e-18,1.715e-18,1.110e-18,0.0003,117.45,0
BottomS65734,9.2063,-3.1480,4.459e-19,4.245e-19,2.825e-19,0.0002,122.37,0
BottomS65735,9.2137,-3.1405,4.139e-17,3.182e-17,1.349e-17,0.0001,122.57,0
BottomS65736,9.2044,-3.1389,1.301e-14,8.661e-15,2.831e-15,0.0002,122.4,0
BottomS65737,9.2107,-3.1421,1.215e-19,1.330e-19,1.169e-19,0.0003,122.39,0
BottomS65738,8.9684,-3.1212,4.448e-19,4.453e-19,3.250e-19,0.0007,117.36,0
BottomS65739,9.2175,-3.1425,8.994e-18,7.272e-18,3.441e-18,-0.0009,122.51,0
BottomS65740,8.9693,-3.1263,3.180e-18,2.682e-18,1.350e-18,-0.0001,117.26,0
BottomS65741,9.2174,-3.1363,1.311e-18,1.199e-18,7.027e-19,-0.0008,122.59,0
BottomS65742,9.2061,-3.1361,8.120e-19,8.321e-19,6.084e-19,-0.0009,122.54,0
BottomS65743,9.2256,-3.1344,9.984e-19,9.058e-19,5.319e-19,0.0006,122.62,0
BottomS65744,9.2099,-3.1312,4.920e-19,8.279e-19,1.770e-18,0.0003,122.53,0
BottomS65745,9.2205,-3.1279,3.541e-18,2.895e-18,1.421e-18,0.0004,122.63,0
BottomS65746,8.9583,-3.1362,2.314e-18,3.876e-18,8.079e-18,0.0001,117.23,0
BottomS65747,9.2263,-3.1249,1.093e-20,1.385e-20,1.635e-20,-0.0001,122.65,0
BottomS65748,8.9779,-3.1413,5.744e-19,5.629e-19,4.052e-19,-0.0008,117.38,0
BottomS65749,8.9652,-3.1413,1.341e-18,2.392e-18,5.841e-18,0.0004,117.33,0
BottomS65751,8.9742,-3.1452,2.077e-18,1.742e-18,8.593e-19,-0.0008,117.27,0
BottomS65752,8.9580,-3.1455,1.517e-20,1.854e-20,1.985e-20,-0.0002,117.29,0
BottomS65758,8.9645,-3.1522,1.050e-18,1.887e-18,4.463e-18,0.0006,117.54,0
BottomS65759,9.2011,-3.1092,8.941e-19,8.065e-19,4.689e-19,0.0002,122.18,0
BottomS65760,8.9630,-3.1571,3.868e-18,3.411e-18,1.908e-18,0.0005,117.6,0
BottomS65761,9.1994,-3.1069,1.389e-17,1.066e-17,4.345e-18,-0.0001,122.11,1
BottomS65765,9.1938,-3.1030,4.116e-19,4.032e-19,2.669e-19,0.0007,122.05,0
BottomS65767,9.0079,-3.1626,3.348e-17,2.452e-17,9.234e-18,0.0004,118.14,0
BottomS65768,9.0013,-3.1608,9.926e-19,1.595e-18,3.032e-18,-0.0009,118.18,0
BottomS65769,9.1801,-3.0977,3.821e-18,3.118e-18,1.514e-18,0.0005,121.57,0
BottomS65770,9.0170,-3.1635,6.728e-20,8.161e-20,9.013e-20,-0.0005,118.24,0
BottomS65771,9.1922,-3.0951,1.018e-20,1.382e-20,1.857e-20,0.0,121.62,0
BottomS65772,9.0088,-3.1687,2.607e-20,3.170e-20,3.365e-20,-0.0003,118.28,0
BottomS65773,9.1666,-3.0994,3.334e-19,6.580e-19,1.887e-18,-0.0006,121.4,0
BottomS65774,9.0231,-3.1744,1.277e-18,1.139e-18,6.439e-19,0.0001,118.65,0
BottomS65775,9.0212,-3.1710,8.406e-19,1.282e-18,2.194e-18,-0.0001,118.66,0
BottomS65776,9.1526,-3.0948,1.143e-19,1.242e-19,1.090e-19,-0.0006,121.16,0
BottomS65777,9.1426,-3.0927,4.757e-20,5.404e-20,5.010e-20,0.0004,121.01,0
BottomS65778,9.1550,-3.0946,6.302e-18,5.111e-18,2.408e-18,0.0005,121.14,0
BottomS65779,9.1220,-3.0888,8.126e-20,9.461e-20,9.014e-20,0.0004,120.53,0
BottomS65780,9.1401,-3.0942,1.794e-17,1.375e-17,5.874e-18,0.0004,120.82,1
BottomS65782,9.0554,-3.1736,9.363e-19,1.555e-18,3.095e-18,0.0008,119.16,0
BottomS65784,9.1026,-3.0906,6.419e-19,6.309e-19,4.380e-19,-0.0002,120.14,0
BottomS65787,9.0961,-3.0908,9.209e-19,7.975e-19,4.533e-19,-0.0003,120.08,0
BottomS65788,9.0888,-3.0908,4.750e-14,3.361e-14,1.211e-14,-0.0002,119.92,0
BottomS65789,9.0981,-3.0886,1.132e-20,1.548e-20,2.112e-20,-0.0009,120.07,0
BottomS65790,9.0977,-3.1750,1.641e-18,1.444e-18,8.325e-19,-0.0007,120.03,0
BottomS65791,9.1036,-3.1817,3.004e-18,2.585e-18,1.354e-18,-0.0002,120.08,0
BottomS65793,9.1118,-3.1699,8.714e-19,1.382e-18,2.504e-18,-0.0001,120.27,0
BottomS65794,9.1148,-3.1748,2.144e-14,1.486e-14,5.055e-15,0.0004,120.37,0
BottomS65795,9.1153,-3.1713,5.844e-19,1.014e-18,2.327e-18,0.0005,120.39,0
BottomS65796,9.1283,-3.1778,1.397e-14,9.608e-15,3.277e-15,0.0001,120.55,0
BottomS65799,9.1380,-3.1730,9.911e-20,1.078e-19,9.307e-20,-0.0009,120.89,0
BottomS65800,9.0401,-3.0935,4.295e-18,6.447e-18,1.065e-17,-0.0012,118.87,0
BottomS65801,9.0362,-3.0960,7.352e-19,6.623e-19,3.882e-19,0.0006,118.86,0
BottomS65803,9.1534,-3.1665,5.196e-18,4.104e-18,1.847e-18,-0.0005,121.27,0
BottomS65804,9.0167,-3.0920,1.098e-17,8.442e-18,3.611e-18,0.001,118.59,1
BottomS65806,9.0158,-3.1013,9.302e-19,1.900e-18,5.863e-18,-0.0004,118.37,0
BottomS65809,7.6026,0.7692,2.952e-18,5.073e-18,1.119e-17,-0.0006,110.14,0
BottomS65813,7.6161,0.7752,5.106e-18,4.277e-18,2.152e-18,0.0002,108.97,0
BottomS65814,7.5970,0.7569,5.442e-19,5.368e-19,3.739e-19,0.0003,111.94,0
BottomS65815,7.5859,0.7599,3.817e-14,3.771e-14,2.585e-14,-0.0007,111.05,1
BottomS65817,7.5863,0.7655,2.376e-19,2.345e-19,1.662e-19,0.0003,110.84,0
BottomS65819,7.6114,0.7640,1.299e-20,1.627e-20,1.872e-20,-0.0001,111.18,0
BottomS65820,7.6384,0.7838,1.546e-14,1.043e-14,3.528e-15,-0.0006,110.61,0
BottomS65822,7.6046,0.7648,8.696e-19,1.944e-18,7.160e-18,-0.0002,110.8,0
BottomS65823,7.5986,0.7707,8.404e-19,7.505e-19,4.463e-19,-0.0007,109.13,0
BottomS65826,7.6183,0.7772,4.159e-18,6.720e-18,1.320e-17,0.0002,111.01,0
BottomS65827,7.6112,0.7765,3.102e-19,3.224e-19,2.572e-19,-0.0003,108.6,0
BottomS65829,7.5873,0.7626,4.030e-19,3.981e-19,2.762e-19,-0.0009,110.89,0
BottomS65831,7.5816,0.7727,1.955e-20,2.513e-20,3.060e-20,0.0003,111.58,0
BottomS65833,7.6000,0.7623,2.019e-18,1.770e-18,1.009e-18,-0.0,111.72,0
BottomS65835,7.6038,0.7549,1.439e-18,1.265e-18,7.052e-19,0.0004,110.59,0
BottomS65836,7.6000,0.7710,3.281e-19,3.115e-19,2.065e-19,-0.0008,111.2,0
BottomS65837,7.5923,0.7883,3.159e-18,2.572e-18,1.225e-18,0.0002,110.06,0
BottomS65838,7.6052,0.7614,1.314e-19,1.512e-19,1.460e-19,0.0001,110.57,0
BottomS65839,7.6128,0.7725,3.540e-19,3.513e-19,2.458e-19,-0.0004,110.24,0
BottomS65840,7.5958,0.7708,1.936e-19,1.899e-19,1.335e-19,-0.0007,110.02,0
BottomS65844,7.6114,0.7586,2.053e-19,2.263e-19,2.055e-19,0.0004,111.73,0
BottomS65847,7.6120,0.7639,4.681e-14,4.642e-14,3.212e-14,0.0003,110.23,1
BottomS65851,7.6169,0.7739,2.437e-18,2.050e-18,1.084e-18,0.0005,111.96,0
BottomS65853,7.5967,0.7762,1.147e-20,1.565e-20,2.141e-20,-0.0008,109.5,0
BottomS65854,7.6048,0.7651,4.726e-19,4.785e-19,3.414e-19,0.0004,108.97,0
BottomS65855,7.5821,0.7528,3.406e-19,3.463e-19,2.523e-19,0.0002,112.64,0
BottomS65857,7.6062,0.7797,2.102e-18,1.779e-18,8.884e-19,-0.0002,110.92,0
BottomS65859,7.5892,0.7644,5.949e-18,4.601e-18,1.943e-18,-0.0003,108.92,0
BottomS65860,7.5918,0.7804,1.090e-20,1.507e-20,2.133e-20,0.0002,111.72,0
BottomS65862,7.6040,0.7869,2.441e-18,4.618e-18,1.222e-17,0.0002,108.34,0
BottomS65864,7.6090,0.7883,1.471e-18,2.277e-18,4.077e-18,-0.0004,112.43,0
BottomS65868,7.6072,0.7687,1.531e-20,1.956e-20,2.293e-20,0.0005,109.38,0
BottomS65873,7.6056,0.7801,7.493e-19,1.153e-18,2.076e-18,0.0008,109.84,0
BottomS65874,7.5879,0.7651,5.255e-20,5.680e-20,4.917e-20,0.0006,108.75,0
BottomS65875,7.6063,0.7703,1.032e-18,2.121e-18,6.764e-18,0.0004,111.41,0
BottomS65876,7.5932,0.7767,2.348e-20,2.985e-20,3.407e-20,-0.0005,110.31,0
BottomS65878,7.6182,0.7453,7.357e-19,7.044e-19,4.637e-19,-0.0001,109.06,0
BottomS65879,7.5872,0.7483,1.125e-18,1.602e-18,2.461e-18,0.0001,112.83,0
BottomS65882,7.5993,0.7619,4.477e-20,5.306e-20,5.341e-20,-0.0004,110.58,0
BottomS65883,7.6256,0.7783,7.251e-20,7.959e-20,7.232e-20,0.0007,110.93,0
BottomS65884,7.5932,0.7699,7.634e-20,9.006e-20,9.316e-20,0.0003,110.58,0
BottomS65885,7.6056,0.7478,7.535e-20,8.500e-20,7.919e-20,0.0003,109.45,0
BottomS65886,7.5802,0.7799,1.832e-20,2.302e-20,2.610e-20,0.0004,112.46,0
BottomS65889,7.6053,0.7701,1.769e-18,3.215e-18,8.034e-18,0.0003,109.5,0
BottomS65890,7.6171,0.7809,8.671e-20,1.020e-19,9.885e-20,0.0008,111.22,0
BottomS65892,7.6001,0.7507,1.107e-20,1.441e-20,1.777e-20,0.0001,108.47,0
BottomS65893,7.6069,0.7569,1.626e-20,2.050e-20,2.402e-20,-0.0001,111.2,0
BottomS65894,7.6138,0.7819,8.215e-18,6.383e-18,2.709e-18,0.0005,111.6,0
BottomS65895,7.6089,0.7637,1.156e-17,8.754e-18,3.666e-18,-0.0009,110.4,1
BottomS65896,7.6052,0.7617,4.248e-18,6.031e-18,9.347e-18,0.0005,108.52,0
BottomS65898,7.5814,0.7646,1.049e-18,9.664e-19,5.700e-19,0.0002,108.23,0
BottomS65899,7.5926,0.7669,3.592e-18,2.989e-18,1.510e-18,-0.0001,112.18,0
BottomS65900,7.5897,0.7746,5.019e-19,4.750e-19,3.122e-19,-0.0002,108.77,0
BottomS65901,7.5922,0.7779,3.053e-17,2.299e-17,9.315e-18,-0.0,111.81,0
BottomS65902,7.6027,0.7641,1.522e-18,2.094e-18,2.882e-18,-0.0004,110.58,0
BottomS65903,7.6020,0.7767,2.249e-17,1.661e-17,6.481e-18,0.0003,109.82,0
BottomS65905,7.6120,0.7603,1.498e-19,1.596e-19,1.315e-19,-0.0001,111.52,0
BottomS65906,7.6043,0.7508,1.630e-20,2.044e-20,2.311e-20,-0.0004,109.53,0
BottomS65907,7.6136,0.7737,2.293e-18,3.274e-18,4.847e-18,0.0009,111.58,0
BottomS65909,7.5943,0.7650,3.689e-16,2.387e-16,7.565e-17,-0.0002,111.52,0
BottomS65914,7.5926,0.7564,2.102e-19,2.137e-19,1.607e-19,-0.0006,110.07,0
BottomS65915,7.5960,0.7675,6.868e-19,1.145e-18,2.307e-18,0.0001,109.47,0
BottomS65916,7.5775,0.7784,6.883e-20,7.770e-20,7.147e-20,0.0002,111.73,0
BottomS65917,7.5940,0.7770,1.768e-20,2.198e-20,2.569e-20,0.0006,111.9,0
BottomS65918,7.6104,0.7646,6.993e-19,1.203e-18,2.690e-18,0.0004,110.11,0
BottomS65919,7.6077,0.7830,6.157e-19,1.003e-18,2.008e-18,-0.0,111.57,0
BottomS65920,7.5923,0.7560,2.582e-19,2.718e-19,2.239e-19,-0.0005,108.07,0
BottomS65921,7.6053,0.7582,2.131e-18,3.887e-18,9.841e-18,0.0004,109.55,0
BottomS65922,7.6070,0.7655,5.561e-19,9.665e-19,2.224e-18,-0.0004,110.26,0
BottomS65923,7.6070,0.7788,2.129e-20,2.758e-20,3.245e-20,-0.0009,109.95,0
BottomS65924,7.5925,0.7743,6.643e-19,1.011e-18,1.752e-18,0.0004,110.31,0
BottomS65925,7.5944,0.7675,5.283e-20,6.057e-20,5.757e-20,-0.0004,111.25,0
BottomS65927,7.6110,0.7719,4.982e-20,5.619e-20,5.236e-20,0.0003,109.05,0
BottomS65928,7.6038,0.7565,3.184e-20,3.758e-20,3.852e-20,0.0006,108.58,0
BottomS65930,7.6023,0.7706,2.167e-19,2.276e-19,1.795e-19,0.0008,109.8,0
BottomS65931,7.6148,0.7608,2.244e-17,1.675e-17,6.838e-18,0.0001,108.35,0
BottomS65932,7.5738,0.7661,2.762e-18,2.474e-18,1.424e-18,0.0004,112.47,0
BottomS65933,7.6221,0.7855,2.558e-20,3.211e-20,3.746e-20,0.0002,109.61,0
BottomS65936,7.5949,0.7803,9.262e-20,9.646e-20,7.567e-20,-0.0004,109.67,0
BottomS65938,7.6115,0.7762,2.025e-18,3.187e-18,5.871e-18,0.0,112.14,0
BottomS65939,7.6022,0.7505,3.057e-14,3.317e-14,2.894e-14,0.0006,110.86,0
BottomS65943,7.6010,0.7620,3.240e-20,3.979e-20,4.538e-20,0.0005,111.32,0
BottomS65948,7.6247,0.7755,4.526e-19,4.500e-19,3.120e-19,0.0008,108.46,0
BottomS65949,7.6115,0.7645,1.032e-20,1.446e-20,2.137e-20,-0.0007,108.57,0
BottomS65950,7.5915,0.7778,1.013e-18,1.875e-18,4.996e-18,0.0002,110.23,0
BottomS65952,7.5900,0.7714,2.675e-18,4.227e-18,8.082e-18,-0.0003,112.65,0
BottomS65953,7.6012,0.7832,7.191e-19,1.335e-18,3.462e-18,-0.0003,109.86,0
BottomS65954,7.6014,0.7560,1.033e-18,1.685e-18,3.324e-18,0.0005,109.78,0
BottomS65955,7.6040,0.7586,3.905e-14,3.636e-14,2.282e-14,-0.0001,110.25,1
BottomS65956,7.5872,0.7577,1.064e-19,1.130e-19,9.129e-20,-0.0004,111.5,0
BottomS65957,7.6079,0.7702,5.450e-14,3.808e-14,1.404e-14,0.0001,110.36,0
BottomS65960,7.6184,0.7598,1.296e-19,1.411e-19,1.216e-19,0.0002,111.68,0
BottomS65961,7.5952,0.7833,4.264e-20,5.136e-20,5.288e-20,-0.0008,112.42,0
BottomS65962,7.6007,0.7555,4.429e-18,3.711e-18,1.901e-18,0.0008,110.62,0
BottomS65964,7.5997,0.7528,1.191e-18,1.115e-18,6.761e-19,0.0004,111.92,0
BottomS65965,7.6085,0.7785,8.004e-18,6.495e-18,2.996e-18,-0.0006,110.53,0
BottomS65967,7.5881,0.7567,5.399e-19,5.056e-19,3.243e-19,-0.0001,111.84,0
BottomS65968,7.5990,0.7631,1.406e-18,3.035e-18,1.100e-17,-0.0004,110.86,0
BottomS65969,7.5957,0.7751,1.508e-18,1.331e-18,7.512e-19,-0.0008,111.17,0
BottomS65970,7.6039,0.7873,1.364e-18,2.484e-18,6.232e-18,-0.0008,110.37,0
BottomS65971,7.6151,0.7575,3.531e-18,2.950e-18,1.475e-18,-0.0007,107.96,0
BottomS65973,7.5963,0.7589,3.652e-19,3.623e-19,2.514e-19,-0.0012,109.03,0
BottomS65974,7.6031,0.7717,1.534e-18,1.366e-18,7.785e-19,-0.0002,109.38,0
BottomS65975,7.5936,0.7668,1.059e-18,9.319e-19,5.188e-19,0.0005,110.13,0
BottomS65977,7.5935,0.7692,1.719e-18,1.490e-18,8.042e-19,0.0011,109.94,0
BottomS65979,7.6195,0.7760,3.511e-18,2.898e-18,1.459e-18,0.001,108.57,0
BottomS65981,7.6007,0.7657,5.209e-19,5.150e-19,3.662e-19,-0.0003,109.13,0
BottomS65982,7.6003,0.7758,1.071e-19,1.188e-19,1.038e-19,-0.0014,110.31,0
BottomS65983,7.5927,0.7547,1.633e-20,2.120e-20,2.638e-20,0.0001,112.27,0
BottomS65985,7.5954,0.7697,1.374e-17,1.076e-17,4.804e-18,0.0005,109.32,1
BottomS65990,7.6041,0.7748,2.037e-18,4.240e-18,1.368e-17,0.0002,109.3,0
BottomS65992,7.6007,0.7648,3.410e-19,3.318e-19,2.351e-19,-0.0009,109.29,0
BottomS65994,7.5952,0.7760,2.414e-18,1.966e-18,9.483e-19,-0.0005,108.49,0
BottomS65996,7.5924,0.7759,1.845e-19,3.937e-19,1.328e-18,0.0,111.21,0
BottomS65997,7.5883,0.7659,1.244e-20,1.681e-20,2.219e-20,-0.0009,110.64,0
BottomS65998,7.6030,0.7556,3.913e-18,3.220e-18,1.524e-18,0.0003,112.31,0
BottomS65999,7.5767,0.7595,2.191e-20,2.559e-20,2.550e-20,-0.0008,110.12,0
BottomS66000,7.6251,0.7813,2.724e-19,2.735e-19,1.963e-19,-0.0002,108.63,0
BottomS66001,7.6027,0.7696,1.184e-18,2.227e-18,5.797e-18,-0.0,110.17,0
BottomS66002,7.6180,0.7558,1.011e-16,2.468e-16,1.095e-15,-0.0006,109.59,1
BottomS66004,7.5927,0.7638,1.421e-20,1.844e-20,2.239e-20,-0.0006,110.36,0
BottomS66005,7.5977,0.7789,1.234e-18,1.096e-18,6.215e-19,-0.0001,111.12,0
BottomS66006,7.5924,0.7808,3.075e-19,2.929e-19,1.907e-19,0.0,109.49,0
BottomS66007,7.6200,0.7775,7.310e-19,1.355e-18,3.534e-18,-0.0002,111.84,0
BottomS66010,7.5978,0.7646,9.749e-20,1.153e-19,1.224e-19,0.0006,109.59,0
BottomS66012,7.6028,0.7570,3.919e-18,3.326e-18,1.801e-18,0.0,111.03,0
BottomS66013,7.5898,0.7825,2.288e-18,1.994e-18,1.101e-18,0.0003,109.58,0
BottomS66014,7.5996,0.7832,1.896e-19,2.005e-19,1.590e-19,-0.0007,110.46,0
BottomS66015,7.5917,0.7783,1.738e-19,1.852e-19,1.518e-19,0.0007,110.55,0
BottomS66016,7.6040,0.7605,7.895e-18,6.255e-18,2.922e-18,-0.0001,110.84,0
BottomS66017,7.5936,0.7820,1.382e-19,1.456e-19,1.198e-19,0.0008,112.13,0
BottomS66019,7.5907,0.7892,9.814e-18,7.661e-18,3.461e-18,0.0006,110.5,0
BottomS66020,7.6149,0.7974,4.361e-18,3.480e-18,1.574e-18,0.0003,109.99,0
BottomS66021,7.6187,0.8762,1.827e-20,2.270e-20,2.647e-20,0.0001,111.68,0
BottomS66028,7.6293,0.7986,2.345e-18,4.383e-18,1.184e-17,0.0003,111.45,0
BottomS66030,7.6241,0.6624,1.260e-19,1.365e-19,1.180e-19,-0.0004,107.62,0
BottomS66037,7.6185,0.6904,5.261e-19,5.061e-19,3.382e-19,-0.0007,111.14,0
BottomS66040,7.6186,0.7790,1.492e-19,1.538e-19,1.183e-19,-0.0006,108.96,0
BottomS66042,7.5675,0.6820,4.485e-14,3.262e-14,1.278e-14,0.0002,113.15,0
BottomS66043,7.6624,0.8628,1.071e-20,1.463e-20,1.964e-20,0.0007,111.89,0
BottomS66050,7.6355,0.9311,2.180e-18,1.916e-18,1.061e-18,-0.0013,109.4,0
BottomS66052,7.5951,0.9120,9.339e-20,1.081e-19,1.105e-19,-0.001,111.93,0
BottomS66054,7.6004,0.7370,1.192e-20,1.613e-20,2.170e-20,0.0005,112.58,0
BottomS66058,7.6278,0.8283,2.530e-20,3.126e-20,3.323e-20,0.0015,112.64,0
BottomS66066,7.6787,0.8039,4.621e-19,4.511e-19,2.996e-19,0.0005,107.42,0
BottomS66068,7.6123,0.6094,4.693e-14,3.241e-14,1.150e-14,-0.0005,113.35,0
BottomS66071,7.6778,0.7790,3.136e-20,3.989e-20,4.521e-20,-0.0007,108.28,0
BottomS66073,7.6836,0.7898,2.250e-18,3.654e-18,7.156e-18,-0.0006,111.74,0
BottomS66074,7.5136,0.6468,2.833e-19,2.858e-19,2.125e-19,-0.0,107.65,0
BottomS66075,7.6481,0.7544,2.497e-19,2.548e-19,1.887e-19,0.001,107.3,0
BottomS66080,7.5549,0.7454,5.826e-19,9.199e-19,1.754e-18,0.0001,108.41,0
BottomS66082,7.6709,0.7746,3.458e-20,3.991e-20,3.769e-20,0.0002,107.07,0
BottomS66085,7.5067,0.8118,5.543e-19,5.289e-19,3.556e-19,-0.0003,110.27,0
BottomS66089,7.5046,0.7765,1.355e-18,1.172e-18,6.579e-19,0.0001,109.46,0
BottomS66099,7.5785,0.8500,1.948e-20,2.603e-20,3.423e-20,0.0001,112.4,0
BottomS66102,7.6266,0.8371,1.596e-18,2.480e-18,4.374e-18,-0.0007,112.23,0
BottomS66103,7.6554,0.6337,3.601e-20,4.133e-20,3.947e-20,-0.0002,107.41,0
BottomS66108,7.6806,0.8452,6.413e-20,7.492e-20,7.473e-20,0.0008,111.53,0
BottomS66109,7.7644,0.6655,7.076e-19,1.248e-18,2.978e-18,0.0002,107.34,0
BottomS66110,7.5949,0.7743,8.504e-19,1.557e-18,4.096e-18,-0.0002,111.16,0
BottomS66113,7.5564,0.7056,1.403e-18,2.875e-18,9.271e-18,0.0015,111.42,0
BottomS66115,7.6365,0.6538,8.983e-20,1.013e-19,9.287e-20,0.0002,111.84,0
BottomS66116,7.6056,0.6661,1.389e-20,1.776e-20,2.167e-20,-0.0003,108.54,0
BottomS66123,7.5098,0.7872,3.858e-20,4.847e-20,5.646e-20,-0.0001,112.54,0
BottomS66127,7.6037,1.0346,5.721e-19,5.172e-19,3.051e-19,-0.0005,108.15,0
BottomS66133,7.5713,0.8730,3.854e-18,3.225e-18,1.610e-18,0.001,110.32,0
BottomS66143,7.5167,0.6899,5.037e-14,3.579e-14,1.305e-14,-0.0004,112.6,0
BottomS66144,7.7387,0.6223,3.340e-19,5.817e-19,1.286e-18,-0.0002,110.24,0
BottomS66145,7.4900,0.6931,1.911e-20,2.367e-20,2.703e-20,0.0007,111.89,0
BottomS66154,7.5981,0.7313,7.809e-18,6.151e-18,2.835e-18,0.0004,112.36,0
BottomS66155,7.4929,0.8718,8.403e-19,7.347e-19,3.929e-19,0.0009,108.59,0
BottomS66157,7.5945,0.6092,7.809e-19,7.111e-19,4.427e-19,0.0,109.88,0
BottomS66160,7.6362,0.5692,1.824e-19,1.857e-19,1.410e-19,0.0005,107.92,0
BottomS66162,7.5739,0.7412,3.717e-14,2.686e-14,1.055e-14,0.0008,112.98,0
BottomS66163,7.6848,0.8884,1.533e-20,1.947e-20,2.317e-20,0.0005,112.37,0
BottomS66164,7.6019,0.8175,5.584e-20,5.914e-20,4.687e-20,-0.0,109.49,0
BottomS66165,7.6421,0.6863,7.802e-20,8.767e-20,7.676e-20,-0.0003,113.61,0
BottomS66166,7.5599,0.6524,4.302e-20,5.240e-20,5.855e-20,0.0003,109.39,0
BottomS66168,7.5673,0.8477,9.130e-20,9.941e-20,8.334e-20,0.0004,110.01,0
BottomS66175,7.5386,0.7663,1.010e-20,1.305e-20,1.598e-20,-0.0011,111.37,0
BottomS66178,7.5099,0.7536,2.077e-19,2.047e-19,1.492e-19,0.0009,113.68,0
BottomS66180,7.6015,0.7206,2.520e-18,4.685e-18,1.225e-17,-0.0003,111.62,0
BottomS66191,7.6473,0.9043,1.225e-18,1.082e-18,6.205e-19,-0.0004,109.97,0
BottomS66201,7.6974,0.7539,9.574e-19,1.735e-18,4.396e-18,0.0001,111.73,0
BottomS66202,7.5984,0.7302,2.233e-20,2.655e-20,2.777e-20,-0.0002,109.72,0
BottomS66213,7.5104,0.8509,4.992e-20,5.631e-20,5.275e-20,0.0001,107.43,0
BottomS66215,7.5897,0.8902,1.723e-19,1.816e-19,1.426e-19,-0.0001,110.41,0
BottomS66216,7.6726,0.8135,3.126e-18,5.695e-18,1.407e-17,0.001,110.08,0
BottomS66217,7.6523,0.8492,1.655e-19,1.774e-19,1.450e-19,0.0002,111.2,0
BottomS66222,7.5627,0.7880,3.185e-19,3.160e-19,2.220e-19,0.0002,109.27,0
BottomS66226,7.4992,0.7976,4.564e-20,5.002e-20,4.251e-20,0.0003,107.17,0
BottomS66228,7.5917,0.8138,4.976e-19,4.668e-19,3.075e-19,0.0,108.98,0
BottomS66229,7.6591,0.6889,1.177e-20,1.579e-20,1.999e-20,-0.0002,107.25,0
BottomS66230,7.5167,0.8843,1.644e-18,3.776e-18,1.582e-17,0.0002,108.68,1
BottomS66240,7.6810,0.8130,1.834e-19,1.994e-19,1.686e-19,0.0014,108.36,0
BottomS66247,7.5683,0.7368,1.100e-20,1.492e-20,1.973e-20,0.0004,111.44,0
BottomS66249,7.6425,0.7167,5.474e-14,3.951e-14,1.457e-14,0.0005,110.87,0
BottomS66252,7.5599,0.6707,1.236e-19,1.251e-19,9.420e-20,0.0007,109.34,0
BottomS66253,7.5191,0.6979,1.090e-18,1.622e-18,2.561e-18,-0.0004,107.51,0
BottomS66257,7.6238,0.8298,2.044e-19,1.954e-19,1.290e-19,-0.0002,108.52,0
BottomS66264,7.7137,0.8838,1.022e-14,6.924e-15,2.275e-15,-0.0003,112.49,0
BottomS66265,7.7362,0.8338,5.547e-14,3.923e-14,1.378e-14,-0.0009,113.82,0
BottomS66267,7.5963,0.8856,3.220e-19,3.259e-19,2.450e-19,0.0002,113.06,1
BottomS66268,7.6090,0.7450,1.641e-14,1.102e-14,3.704e-15,0.0,107.81,0
BottomS66270,7.5620,0.7060,2.884e-19,2.953e-19,2.297e-19,0.0004,109.7,0
BottomS66272,7.6718,0.8373,8.607e-20,9.705e-20,9.025e-20,0.0001,107.04,0
BottomS66278,7.7120,0.8198,1.555e-20,1.939e-20,2.198e-20,-0.0005,112.95,0
BottomS66284,7.6758,0.8456,1.874e-20,2.455e-20,3.004e-20,-0.0,107.77,0
BottomS66299,7.6040,0.8455,9.908e-20,1.101e-19,9.730e-20,-0.0002,110.82,0
BottomS66300,7.7572,0.7041,4.931e-18,6.692e-18,9.154e-18,0.0006,106.57,0
BottomS66303,7.6835,0.7504,2.474e-19,2.542e-19,1.926e-19,0.0004,111.32,0
BottomS66304,7.6286,0.9023,4.382e-19,8.356e-19,2.276e-18,-0.0004,107.53,0
BottomS66307,7.5312,0.8599,1.030e-18,9.099e-19,5.137e-19,0.0,113.41,0
BottomS66308,7.5174,0.8661,5.251e-14,3.757e-14,1.360e-14,-0.0005,112.87,0
BottomS66309,7.6283,0.6983,1.025e-19,1.100e-19,9.412e-20,0.0004,108.28,0
BottomS66314,7.6745,0.9109,8.116e-19,7.321e-19,4.343e-19,0.0008,108.15,0
BottomS66315,7.5612,0.6497,6.338e-20,6.916e-20,5.912e-20,0.0004,109.5,0
BottomS66322,7.5543,0.8380,4.494e-19,6.450e-19,9.787e-19,0.0006,108.01,0
BottomS66330,7.6341,0.6700,8.964e-20,1.005e-19,8.932e-20,0.0015,111.41,0
BottomS66331,7.5485,0.8711,9.009e-19,1.469e-18,2.895e-18,0.0007,106.98,0
BottomS66332,7.6051,0.9296,5.705e-20,6.894e-20,7.290e-20,0.0002,107.49,0
BottomS66334,7.5613,0.8215,3.860e-20,4.438e-20,4.294e-20,-0.0006,113.55,0
BottomS66344,7.5190,0.8043,5.733e-19,5.798e-19,4.099e-19,-0.0002,108.48,0
BottomS66345,7.4789,0.7901,9.383e-19,1.628e-18,3.704e-18,0.001,111.54,0
BottomS66347,7.6782,0.8022,2.149e-14,1.475e-14,5.051e-15,-0.0004,111.17,0
BottomS66352,7.6361,0.6781,1.363e-20,1.695e-20,1.846e-20,-0.0002,106.99,0
BottomS66357,7.6943,0.6848,6.072e-19,5.730e-19,3.636e-19,0.0011,108.12,0
BottomS66361,7.6337,0.6990,9.759e-19,9.008e-19,5.339e-19,-0.0001,109.44,0
BottomS66367,7.4982,0.6634,1.277e-18,2.515e-18,7.266e-18,0.0013,111.49,0
BottomS66369,7.4922,0.7478,5.428e-19,9.330e-19,1.989e-18,-0.0004,112.2,0
BottomS66370,7.6141,0.8722,3.525e-19,3.482e-19,2.488e-19,0.0007,111.12,0
BottomS66371,7.6204,0.7976,2.057e-18,1.746e-18,9.098e-19,0.0004,108.16,0
BottomS66376,7.6102,0.7987,1.262e-18,1.946e-18,3.509e-18,-0.0002,112.07,0
BottomS66381,7.7350,0.7933,1.797e-14,1.292e-14,4.722e-15,-0.0012,108.99,0
BottomS66385,7.6507,0.7191,1.540e-19,1.598e-19,1.305e-19,-0.0004,108.62,0
BottomS66392,7.6469,0.7617,6.008e-20,6.771e-20,6.266e-20,-0.0009,108.91,0
BottomS66396,7.5506,0.7937,2.911e-14,2.153e-14,8.263e-15,0.0002,108.31,0
BottomS66402,7.6538,0.7301,4.047e-20,4.636e-20,4.490e-20,0.0003,107.05,0
BottomS66405,7.5934,0.7616,1.688e-18,1.581e-18,9.838e-19,0.0004,113.04,0
BottomS66407,7.5593,0.7489,1.808e-19,1.961e-19,1.618e-19,-0.0004,107.73,0
BottomS66410,7.6452,0.7144,1.059e-19,1.193e-19,1.133e-19,-0.0004,110.21,0
BottomS66413,7.5519,0.8061,2.487e-19,2.549e-19,1.867e-19,-0.0005,112.66,0
BottomS66421,7.6502,0.8343,1.011e-20,1.295e-20,1.608e-20,-0.0002,108.68,0
BottomS66423,7.5958,0.6123,7.980e-19,1.463e-18,3.751e-18,-0.0002,107.36,0
BottomS66428,7.6497,0.6621,9.486e-20,1.006e-19,8.607e-20,-0.0003,112.94,0
BottomS66437,7.4958,0.7609,3.564e-14,3.263e-14,1.973e-14,-0.0001,107.7,1
BottomS66439,7.6397,0.7253,1.123e-20,1.592e-20,2.397e-20,0.0001,112.31,0
BottomS66441,7.6327,0.7406,4.190e-18,8.280e-18,2.467e-17,0.0001,111.43,1
BottomS66453,7.6506,0.8948,1.734e-19,1.783e-19,1.348e-19,0.0003,110.06,0
BottomS66458,7.4655,0.7588,3.854e-14,2.663e-14,9.145e-15,0.0003,112.93,0
BottomS66460,7.5264,0.7911,1.389e-20,1.745e-20,2.012e-20,0.0003,110.95,0
BottomS66464,7.5601,0.8324,6.764e-20,7.206e-20,5.807e-20,0.0012,111.95,0
BottomS66469,7.5893,0.8509,5.665e-18,4.490e-18,2.084e-18,0.0005,110.54,0
BottomS66470,7.5744,0.7452,1.865e-19,1.900e-19,1.364e-19,-0.0001,110.61,0
BottomS66475,7.5899,0.8373,9.669e-20,1.040e-19,9.085e-20,0.0006,113.25,0
BottomS66476,7.6816,0.8315,4.883e-19,4.905e-19,3.504e-19,-0.0001,108.24,0
BottomS66478,7.5583,0.7562,1.035e-20,1.364e-20,1.785e-20,-0.0004,111.94,0
BottomS66479,7.6881,0.6546,4.979e-14,3.462e-14,1.265e-14,-0.0004,111.76,0
BottomS66480,7.5927,0.6273,3.009e-20,3.665e-20,3.958e-20,-0.0001,112.7,0
BottomS66488,7.5773,0.8581,2.047e-19,2.230e-19,1.924e-19,-0.0,112.57,0
BottomS66492,7.5227,0.8859,8.034e-20,9.048e-20,8.242e-20,0.0005,113.09,0
BottomS66496,7.5983,0.8188,1.885e-20,2.303e-20,2.495e-20,-0.0002,108.3,0
BottomS66499,7.6531,0.8700,6.088e-20,7.302e-20,7.659e-20,0.0007,112.4,0
BottomS66500,7.6271,0.7123,4.441e-20,4.909e-20,4.424e-20,0.0002,109.71,0
BottomS66502,7.5056,0.7240,3.260e-18,5.154e-18,9.664e-18,0.0002,112.93,0
BottomS66503,7.6503,0.8510,1.679e-20,2.268e-20,3.078e-20,0.0001,112.55,0
BottomS66505,7.4573,0.6968,2.178e-20,2.686e-20,3.013e-20,0.0,109.23,0
BottomS66507,7.5112,0.7650,5.101e-19,4.969e-19,3.303e-19,-0.0003,107.58,0
BottomS66511,7.6860,0.7515,1.022e-20,1.410e-20,1.990e-20,-0.0001,111.64,0
BottomS66516,7.6303,0.6985,2.702e-18,5.136e-18,1.345e-17,-0.0,113.19,0
BottomS66520,7.6970,0.7051,2.565e-14,1.772e-14,5.909e-15,-0.0004,107.62,0
BottomS66522,7.5716,0.7177,1.456e-18,2.967e-18,9.236e-18,-0.0011,108.55,0
BottomS66525,7.7058,0.8710,8.321e-20,8.863e-20,7.018e-20,-0.0001,109.7,0
BottomS66531,7.4688,0.6554,1.710e-19,1.680e-19,1.212e-19,0.0002,112.23,0
BottomS66543,7.6225,0.8003,3.379e-19,3.458e-19,2.684e-19,-0.0004,113.03,0
BottomS66553,7.6552,0.6498,9.789e-20,1.087e-19,9.936e-20,0.0002,110.2,0
BottomS66560,7.5295,0.8346,3.880e-14,2.762e-14,1.012e-14,0.001,106.53,0
BottomS66562,7.6402,0.7895,1.142e-18,2.285e-18,7.025e-18,0.0011,110.93,0
BottomS66565,7.6364,0.9150,2.346e-18,2.045e-18,1.122e-18,-0.0,108.66,0
BottomS66568,7.5243,0.8915,1.892e-19,1.909e-19,1.452e-19,-0.0003,113.64,0
BottomS66587,7.4579,0.7934,9.368e-19,1.405e-18,2.332e-18,0.0014,112.64,0
BottomS66590,7.5245,0.7028,9.458e-19,1.911e-18,5.847e-18,0.0003,106.82,0
BottomS66591,7.6221,0.7834,1.616e-20,2.056e-20,2.419e-20,-0.0003,109.9,0
BottomS66594,7.6054,0.8094,1.817e-20,2.204e-20,2.369e-20,0.0007,110.41,0
BottomS66596,7.5904,0.8569,1.576e-19,1.625e-19,1.266e-19,-0.0005,112.47,0
BottomS66599,7.5873,0.7394,1.444e-20,1.899e-20,2.321e-20,0.0008,108.48,0
BottomS66610,7.5582,0.7682,7.339e-14,5.327e-14,2.034e-14,0.0006,107.72,0
BottomS66612,7.7097,0.7971,1.405e-19,1.510e-19,1.247e-19,0.0003,112.4,0
BottomS66613,7.5238,0.8133,4.979e-20,5.617e-20,5.241e-20,0.0001,112.9,0
BottomS66614,7.6453,0.7019,4.933e-19,4.686e-19,3.169e-19,-0.0006,113.51,0
BottomS66615,7.4991,0.7941,3.510e-20,4.110e-20,4.130e-20,-0.0003,109.52,0
BottomS66619,7.6525,0.8034,5.746e-19,5.539e-19,3.664e-19,0.0005,113.26,0
BottomS66624,7.5310,0.8921,5.493e-19,5.233e-19,3.490e-19,0.0004,108.36,0
BottomS66625,7.5906,0.8469,2.179e-19,2.309e-19,1.888e-19,-0.0003,111.92,0
BottomS66626,7.6408,0.7165,3.250e-14,2.258e-14,7.888e-15,0.0006,111.51,0
BottomS66633,7.6822,0.6215,2.318e-18,1.997e-18,1.074e-18,-0.0001,112.91,0
BottomS66637,7.6526,0.7860,8.663e-20,1.004e-19,9.592e-20,0.0003,109.63,0
BottomS66639,7.6702,0.6429,5.301e-19,5.105e-19,3.357e-19,0.0002,109.1,0
BottomS66641,7.6323,0.7555,1.561e-19,1.749e-19,1.542e-19,-0.0003,107.99,0
BottomS66645,7.5078,0.6865,6.696e-14,5.258e-14,2.264e-14,0.0001,110.33,1
BottomS66655,7.5640,0.7140,7.460e-18,1.443e-17,4.137e-17,-0.0001,107.95,0
BottomS66657,7.6702,0.6645,1.069e-19,1.125e-19,9.189e-20,-0.0008,113.46,0
BottomS66661,7.5588,0.8290,1.490e-18,1.315e-18,7.146e-19,0.0001,109.5,0
BottomS66662,7.6724,0.6832,1.613e-20,2.126e-20,2.748e-20,-0.0,113.12,0
BottomS66664,7.4673,0.9063,9.659e-20,1.040e-19,8.831e-20,-0.0,112.65,0
BottomS66665,7.5738,0.8715,2.120e-20,2.699e-20,3.179e-20,-0.0,113.58,0
BottomS66672,7.6870,0.7945,1.354e-19,1.470e-19,1.259e-19,0.0003,107.49,0
BottomS66673,7.5282,0.7759,9.399e-19,1.488e-18,2.761e-18,-0.0,112.08,0
BottomS66677,7.6811,0.7104,5.197e-19,8.096e-19,1.471e-18,0.0006,108.0,0
BottomS66681,7.5843,0.6045,2.277e-18,1.905e-18,9.942e-19,-0.0001,113.57,0
BottomS66682,7.6785,0.7553,1.126e-19,1.170e-19,9.317e-20,-0.0012,113.33,0
BottomS66683,7.6409,0.8213,2.058e-18,3.967e-18,1.122e-17,-0.0004,107.22,0
BottomS66692,7.4904,0.7932,1.061e-18,1.793e-18,3.831e-18,0.0003,108.93,0
BottomS66694,7.5176,0.7053,1.511e-19,1.582e-19,1.275e-19,0.0003,112.57,0
BottomS66698,7.7284,0.6829,3.585e-20,4.336e-20,4.622e-20,-0.0008,111.3,0
BottomS66699,7.5759,0.8350,4.195e-20,5.199e-20,5.761e-20,0.0009,111.71,0
BottomS66705,7.6138,0.8744,1.601e-20,2.051e-20,2.561e-20,0.0001,110.05,0
BottomS66710,7.6669,0.7356,1.714e-20,2.178e-20,2.545e-20,-0.0006,112.14,0
BottomS66711,7.6070,0.7999,2.824e-14,1.933e-14,6.553e-15,-0.0009,107.56,0
BottomS66718,7.6022,0.7427,4.431e-20,5.090e-20,5.019e-20,0.0004,111.98,0
BottomS66720,7.4548,0.8382,2.654e-19,2.680e-19,2.012e-19,0.0001,111.25,0
BottomS66728,7.6854,0.8076,2.213e-20,2.690e-20,2.857e-20,-0.0002,109.67,0
BottomS66738,7.6483,0.6681,1.146e-18,1.686e-18,2.793e-18,-0.001,111.01,0
BottomS66739,7.5821,0.8438,4.118e-18,3.392e-18,1.649e-18,-0.0005,111.93,0
BottomS66741,7.5929,0.7580,2.766e-19,2.760e-19,2.029e-19,-0.0001,108.45,0
BottomS66744,7.5546,0.6311,3.883e-19,4.049e-19,3.155e-19,-0.0008,108.84,0
BottomS66748,7.5078,0.8310,2.079e-20,2.537e-20,2.725e-20,-0.0002,106.82,0
BottomS66752,7.7675,0.7824,4.187e-20,4.899e-20,4.850e-20,0.0003,113.25,0
BottomS66756,7.6037,0.8230,6.261e-20,7.374e-20,7.218e-20,-0.001,113.78,0
BottomS66760,7.6486,0.6917,2.406e-20,2.852e-20,2.853e-20,0.0,112.5,0
BottomS66761,7.7041,0.7106,1.774e-20,2.151e-20,2.382e-20,0.0009,112.98,0
BottomS66763,7.5067,0.8911,1.866e-19,1.904e-19,1.469e-19,-0.0006,109.44,0
BottomS66765,7.5113,1.0059,1.094e-19,1.261e-19,1.164e-19,-0.0003,107.28,0
BottomS66766,7.5735,0.8758,4.866e-20,5.777e-20,5.846e-20,-0.0003,110.12,0
BottomS66771,7.5634,0.6573,1.330e-14,9.044e-15,2.958e-15,-0.0002,109.73,0
BottomS66772,7.4802,0.8362,7.973e-20,8.910e-20,7.978e-20,-0.0001,108.48,0
BottomS66774,7.5660,0.8678,9.342e-19,1.489e-18,2.748e-18,-0.0005,111.57,0
BottomS66776,7.6302,0.8985,1.007e-19,1.111e-19,9.876e-20,-0.0008,109.58,0
BottomS66781,7.5195,0.8735,5.919e-14,4.358e-14,1.723e-14,0.0004,113.31,0
BottomS66783,7.5466,0.7536,2.010e-20,2.414e-20,2.456e-20,-0.0002,113.2,0
BottomS66788,7.5779,0.8542,3.241e-20,4.043e-20,4.613e-20,-0.0003,111.11,0
BottomS66789,7.4618,0.7784,7.491e-19,1.119e-18,1.908e-18,0.0001,107.35,0
BottomS66790,7.4716,0.8262,7.294e-20,7.935e-20,7.008e-20,0.0004,111.97,0
BottomS66791,7.4943,0.7153,1.296e-18,2.621e-18,8.308e-18,-0.0001,108.77,0
BottomS66792,7.6908,0.8372,3.076e-20,3.737e-20,4.031e-20,-0.0004,113.88,0
BottomS66794,7.5328,0.8378,2.592e-20,3.171e-20,3.417e-20,-0.0002,113.66,0
BottomS66796,7.5795,0.9110,2.005e-18,1.719e-18,9.011e-19,0.0006,113.47,0
BottomS66804,7.6155,0.7739,2.203e-14,1.573e-14,5.761e-15,-0.0004,108.09,0
BottomS66806,7.7123,0.7771,3.278e-20,3.675e-20,3.309e-20,0.0001,109.74,0
BottomS66808,7.5333,0.6942,6.697e-18,5.488e-18,2.602e-18,0.0005,106.7,0
BottomS66812,7.6568,0.5529,4.883e-20,5.643e-20,5.507e-20,-0.0005,109.72,0
BottomS66816,7.6075,0.7262,3.200e-20,3.741e-20,3.742e-20,0.0003,110.6,0
BottomS66818,7.4979,0.8611,8.799e-19,8.423e-19,5.520e-19,-0.0003,109.08,0
BottomS66821,7.6978,0.6340,3.183e-18,6.974e-18,2.596e-17,0.0001,108.46,1
BottomS66824,7.5544,0.6944,2.241e-20,2.761e-20,2.943e-20,-0.0003,113.33,0
BottomS66825,7.6980,0.8116,6.794e-20,7.549e-20,6.642e-20,0.0001,110.81,0
BottomS66828,7.5465,0.8436,9.770e-19,8.741e-19,4.897e-19,-0.0001,111.04,0
BottomS66830,7.5091,0.7989,4.637e-18,4.065e-18,2.230e-18,-0.0001,106.52,0
BottomS66838,7.6922,0.8030,6.866e-19,6.143e-19,3.643e-19,0.0006,112.65,0
BottomS66849,7.6599,0.8604,5.344e-20,6.173e-20,6.012e-20,-0.0005,110.5,0
BottomS66856,7.6499,0.7027,1.530e-18,2.572e-18,5.493e-18,-0.0003,109.54,0
BottomS66858,7.6250,0.7510,3.471e-20,4.304e-20,4.887e-20,0.001,109.26,0
BottomS66861,7.6792,0.6880,5.814e-20,6.956e-20,6.933e-20,0.0001,107.05,0
BottomS66864,7.6966,0.7327,4.140e-19,4.056e-19,2.764e-19,-0.0002,111.75,0
BottomS66865,7.2565,-0.1199,2.953e-19,2.939e-19,2.138e-19,0.0004,120.92,0
BottomS66867,7.2091,-0.0963,2.203e-19,2.084e-19,1.398e-19,-0.0009,119.75,0
BottomS66868,7.2047,-0.0982,1.132e-20,1.404e-20,1.618e-20,0.0002,118.89,0
BottomS66872,7.2454,-0.1231,1.409e-20,1.840e-20,2.326e-20,-0.0002,121.03,0
BottomS66873,7.2391,-0.0935,1.392e-18,1.182e-18,6.183e-19,-0.0001,120.72,0
BottomS66875,7.1900,-0.0701,1.029e-20,1.385e-20,1.836e-20,-0.0003,118.66,0
BottomS66876,7.1829,-0.0899,3.225e-20,3.744e-20,3.748e-20,0.0005,117.69,0
BottomS66879,7.2253,-0.1062,5.748e-19,8.125e-19,1.192e-18,-0.0006,120.92,0
BottomS66883,7.2037,-0.1043,1.974e-19,1.892e-19,1.235e-19,0.0003,118.92,0
BottomS66887,7.2041,-0.1011,1.148e-20,1.585e-20,2.225e-20,0.0002,118.79,0
BottomS66891,7.1941,-0.1033,1.229e-20,1.681e-20,2.260e-20,0.0005,118.05,0
BottomS66894,7.2040,-0.0981,1.854e-19,1.903e-19,1.463e-19,-0.0002,118.98,0
BottomS66896,7.2018,-0.1007,1.098e-19,1.216e-19,1.038e-19,-0.0004,118.58,0
BottomS66901,7.1532,-0.1374,3.905e-19,3.708e-19,2.378e-19,0.0002,118.47,0
BottomS66906,7.1917,-0.0994,3.821e-20,4.409e-20,4.271e-20,-0.0007,117.95,0
BottomS66907,7.2205,-0.1077,7.665e-20,9.181e-20,9.365e-20,-0.0007,120.96,0
BottomS66908,7.2057,-0.1005,2.676e-18,2.289e-18,1.240e-18,0.0001,119.48,0
BottomS66913,7.1895,-0.1079,1.017e-18,1.661e-18,3.291e-18,0.0001,118.34,0
BottomS66915,7.2068,-0.1028,8.053e-20,9.207e-20,8.710e-20,-0.0,119.68,0
BottomS66917,7.1876,-0.0977,1.390e-20,1.684e-20,1.856e-20,0.0005,117.82,0
BottomS66920,7.2190,-0.1091,1.718e-18,3.008e-18,6.776e-18,-0.0005,120.7,0
BottomS66922,7.1936,-0.0993,2.062e-20,2.523e-20,2.736e-20,-0.0004,118.02,0
BottomS66926,7.1644,-0.1100,6.042e-19,5.442e-19,3.221e-19,-0.0001,118.09,0
BottomS66928,7.1975,-0.0951,1.853e-18,1.574e-18,7.942e-19,-0.0004,118.25,0
BottomS66944,7.1853,-0.0933,1.168e-18,2.487e-18,8.603e-18,-0.0004,117.73,0
BottomS66948,7.2778,-0.1372,6.842e-20,7.767e-20,7.185e-20,0.0,120.93,0
BottomS66950,7.2214,-0.0699,4.139e-20,4.588e-20,4.298e-20,-0.0003,119.6,0
BottomS66952,7.1842,-0.1282,1.495e-20,2.015e-20,2.579e-20,-0.0004,119.01,0
BottomS66966,7.2253,-0.1092,3.320e-20,3.793e-20,3.640e-20,-0.0007,120.92,0
BottomS66968,7.2548,-0.1501,4.554e-19,4.353e-19,2.874e-19,-0.001,120.51,0
BottomS66971,7.2157,-0.1037,1.012e-19,1.094e-19,9.043e-20,0.0004,120.7,0
BottomS66972,7.2066,-0.1109,1.332e-20,1.709e-20,2.086e-20,-0.0,119.77,0
BottomS66979,7.2129,-0.1104,8.888e-20,1.005e-19,9.110e-20,0.0001,120.28,0
BottomS66980,7.1985,-0.0990,1.809e-14,1.218e-14,4.058e-15,0.0005,118.31,0
BottomS66981,7.2192,-0.1119,3.268e-19,3.281e-19,2.290e-19,0.0008,120.7,0
BottomS66982,7.1882,-0.0989,7.781e-19,7.196e-19,4.445e-19,0.0,117.71,0
BottomS66985,7.2200,-0.1119,3.631e-18,5.589e-18,9.852e-18,-0.0005,120.63,0
BottomS66993,7.2158,-0.1048,1.335e-14,8.877e-15,2.934e-15,0.0002,120.7,0
BottomS66994,7.2334,-0.1168,5.782e-15,3.860e-15,1.232e-15,-0.0,120.88,0
BottomS66995,7.1997,-0.0796,1.560e-19,1.616e-19,1.301e-19,0.001,118.83,0
BottomS67002,7.1885,-0.1064,1.110e-18,1.817e-18,3.598e-18,-0.0,118.29,0
BottomS67003,7.1957,-0.1065,1.756e-19,1.802e-19,1.353e-19,-0.0,118.37,0
BottomS67005,7.2135,-0.0939,4.931e-20,5.431e-20,4.748e-20,-0.001,119.95,0
BottomS67009,7.2162,-0.0900,8.027e-19,1.643e-18,5.394e-18,-0.0004,119.91,0
BottomS67017,7.2526,-0.1153,1.617e-18,3.534e-18,1.275e-17,0.0,120.97,0
BottomS67018,7.2434,-0.1226,1.524e-14,1.027e-14,3.493e-15,0.0002,120.9,0
BottomS67019,7.2329,-0.1295,9.568e-19,8.284e-19,4.599e-19,0.0007,120.47,0
BottomS67024,7.1711,-0.0954,1.025e-18,9.026e-19,5.177e-19,0.0005,117.63,0
BottomS67025,7.2409,-0.1192,1.017e-18,8.808e-19,4.590e-19,0.0011,120.87,0
BottomS67030,7.2132,-0.0940,4.197e-19,7.111e-19,1.520e-18,-0.0004,119.9,0
BottomS67037,7.2032,-0.0849,2.330e-19,2.381e-19,1.797e-19,0.0015,118.97,0
BottomS67038,7.1963,-0.1017,2.333e-19,2.272e-19,1.580e-19,0.0001,118.25,0
BottomS67040,7.1988,-0.1124,4.008e-19,3.893e-19,2.710e-19,-0.0002,119.03,0
BottomS67057,7.2051,-0.0980,1.972e-19,2.054e-19,1.674e-19,0.0007,119.2,0
BottomS67061,7.2994,-0.1378,1.651e-15,1.089e-15,3.420e-16,0.0008,120.86,0
BottomS67067,7.2048,-0.1015,3.581e-19,5.966e-19,1.196e-18,0.0007,119.02,0
BottomS67068,7.1919,-0.1131,1.531e-18,2.507e-18,4.953e-18,-0.0006,118.78,0
BottomS67070,7.2061,-0.1001,2.545e-19,4.220e-19,9.026e-19,-0.0002,119.62,0
BottomS67072,7.2117,-0.1013,2.568e-14,1.813e-14,6.357e-15,0.0,120.29,0
BottomS67074,7.2073,-0.0919,1.304e-19,1.286e-19,9.021e-20,-0.0002,119.29,0
BottomS67077,7.2129,-0.1034,1.039e-19,1.157e-19,1.029e-19,0.0006,120.55,0
BottomS67083,7.2127,-0.1021,2.073e-18,3.429e-18,7.078e-18,-0.0006,120.47,0
BottomS67087,7.1981,-0.1023,1.093e-18,9.749e-19,5.420e-19,0.0004,118.46,0
BottomS67090,7.2007,-0.0931,9.519e-18,7.452e-18,3.262e-18,-0.0,118.59,1
BottomS67094,7.2064,-0.1022,8.272e-19,7.873e-19,5.003e-19,-0.0007,119.79,0
BottomS67095,7.2057,-0.1018,3.924e-19,3.731e-19,2.461e-19,-0.0001,119.6,0
BottomS67096,7.2486,-0.0997,2.038e-19,2.043e-19,1.518e-19,-0.0002,120.85,0
BottomS67103,7.1964,-0.1088,9.002e-20,9.792e-20,8.423e-20,-0.0001,118.79,0
BottomS67105,7.2061,-0.0934,7.005e-19,1.009e-18,1.489e-18,-0.0006,119.19,0
BottomS67107,7.1826,-0.1034,1.839e-19,1.812e-19,1.287e-19,-0.0,117.99,0
BottomS67110,7.2019,-0.0881,5.922e-18,1.513e-17,7.877e-17,-0.0002,118.9,1
BottomS67115,7.1884,-0.1046,5.267e-19,8.405e-19,1.552e-18,0.0001,118.2,0
BottomS67122,7.2500,-0.1301,7.594e-20,8.796e-20,8.479e-20,0.0001,120.74,0
BottomS67126,7.2003,-0.0796,2.241e-20,2.816e-20,3.146e-20,-0.0001,118.79,0
BottomS67127,7.2371,-0.1235,3.865e-18,3.213e-18,1.554e-18,0.0005,120.7,0
BottomS67130,7.1794,-0.0810,4.414e-14,3.324e-14,1.365e-14,-0.0001,118.21,1
BottomS67133,7.2240,-0.1074,2.596e-18,6.323e-18,2.832e-17,0.0007,121.01,1
BottomS67134,7.1921,-0.1025,1.117e-20,1.484e-20,1.923e-20,0.0006,118.15,0
BottomS67135,7.2364,-0.0911,2.223e-20,2.931e-20,3.770e-20,-0.0001,120.45,0
BottomS67136,7.2263,-0.0787,1.955e-20,2.458e-20,2.799e-20,0.0008,119.84,0
BottomS67138,7.2331,-0.0896,2.492e-19,2.577e-19,1.929e-19,0.0008,120.36,0
BottomS67144,7.1831,-0.0937,6.744e-19,1.129e-18,2.276e-18,0.0003,117.64,0
BottomS67146,7.2125,-0.1065,2.876e-20,3.492e-20,3.729e-20,0.0,120.47,0
BottomS67147,7.2091,-0.1096,7.621e-20,8.777e-20,8.131e-20,0.0009,120.09,0
BottomS67152,7.2255,-0.0855,2.390e-19,2.328e-19,1.597e-19,0.0001,120.1,0
BottomS67156,7.2044,-0.0950,4.490e-20,5.047e-20,4.717e-20,-0.0007,118.98,0
BottomS67166,7.2044,-0.0908,2.458e-18,4.793e-18,1.441e-17,0.0002,119.0,0
BottomS67168,7.1858,-0.0990,1.167e-19,1.212e-19,9.537e-20,-0.0005,117.77,0
BottomS67171,7.2340,-0.0803,2.093e-20,2.577e-20,2.789e-20,-0.0,120.05,0
BottomS67183,7.2119,-0.0842,1.386e-18,3.025e-18,1.123e-17,0.0002,119.55,0
BottomS67187,7.2451,-0.1028,4.390e-20,5.041e-20,4.660e-20,0.0003,120.9,0
BottomS67189,7.2122,-0.1009,1.894e-19,1.913e-19,1.403e-19,-0.0004,120.37,0
BottomS67190,7.1841,-0.0911,2.470e-20,2.991e-20,3.136e-20,0.0001,117.77,0
BottomS67192,7.1941,-0.1027,4.759e-14,4.786e-14,3.477e-14,-0.0002,118.06,1
BottomS67196,7.2151,-0.0946,2.386e-20,2.837e-20,2.895e-20,-0.0013,120.24,0
BottomS67207,7.1903,-0.1007,1.407e-18,2.229e-18,4.218e-18,-0.0006,117.78,0
BottomS67209,7.2214,-0.0966,7.195e-19,6.143e-19,3.325e-19,0.0003,120.3,0
BottomS67213,7.2367,-0.1080,2.058e-18,1.814e-18,1.003e-18,-0.0002,121.01,0
BottomS67231,7.2051,-0.1020,1.457e-18,2.991e-18,9.760e-18,0.0003,119.2,0
BottomS67234,7.2026,-0.1026,1.120e-20,1.490e-20,1.899e-20,-0.0008,119.01,0
BottomS67235,7.2203,-0.1011,6.562e-19,6.042e-19,3.713e-19,-0.0004,120.56,0
BottomS67237,7.2003,-0.0982,1.114e-18,9.654e-19,5.299e-19,0.0003,118.4,0
BottomS67249,7.1811,-0.0956,3.932e-20,4.346e-20,3.716e-20,0.0001,117.66,0
BottomS67252,7.2122,-0.0932,1.113e-18,9.529e-19,5.097e-19,-0.0001,119.9,0
BottomS67254,7.1920,-0.0949,2.850e-18,5.995e-18,2.061e-17,0.0001,117.9,1
BottomS67256,7.2020,-0.0960,6.058e-19,5.850e-19,3.998e-19,0.0003,118.62,0
BottomS67259,7.1990,-0.1252,5.188e-20,5.940e-20,5.687e-20,0.0007,119.27,0
BottomS67260,7.2289,-0.1131,6.792e-19,6.054e-19,3.466e-19,0.0003,120.86,0
BottomS67262,7.2418,-0.0739,1.089e-17,8.237e-18,3.369e-18,-0.0006,119.92,1
BottomS67266,7.2196,-0.1186,4.679e-19,4.650e-19,3.321e-19,-0.0004,120.78,0
BottomS67273,7.2026,-0.1034,5.292e-20,6.173e-20,5.968e-20,-0.0001,118.45,0
BottomS67276,7.1965,-0.1010,7.091e-19,1.180e-18,2.398e-18,-0.0003,118.13,0
BottomS67279,7.2406,-0.1250,2.534e-19,2.402e-19,1.585e-19,-0.0003,120.62,0
BottomS67281,7.1757,-0.0990,1.157e-19,1.277e-19,1.125e-19,-0.0003,117.71,0
BottomS67282,7.2099,-0.0957,1.639e-19,1.675e-19,1.236e-19,0.0002,119.6,0
BottomS67285,7.2025,-0.0963,1.236e-20,1.514e-20,1.612e-20,-0.0002,118.98,0
BottomS67291,7.2051,-0.1121,1.730e-18,3.368e-18,9.356e-18,-0.0001,119.55,0
BottomS67292,7.1784,-0.1197,5.299e-20,6.201e-20,6.113e-20,0.0009,118.6,0
BottomS67295,7.1801,-0.0933,3.923e-20,4.415e-20,4.104e-20,-0.0,117.71,0
BottomS67297,7.2690,-0.1002,1.183e-19,1.170e-19,8.166e-20,-0.0,120.99,0
BottomS67300,7.2000,-0.1283,1.005e-20,1.287e-20,1.546e-20,-0.0003,119.34,0
BottomS67306,7.1979,-0.1183,2.018e-20,2.393e-20,2.452e-20,0.0,119.02,0
BottomS67309,7.2023,-0.0939,7.903e-20,8.720e-20,7.583e-20,-0.0004,118.4,0
BottomS67310,7.2135,-0.0973,4.011e-19,3.949e-19,2.770e-19,-0.0005,120.5,0
BottomS67312,7.2090,-0.1020,1.389e-14,9.920e-15,3.657e-15,-0.0004,119.98,0
BottomS67313,7.2034,-0.1050,5.231e-20,5.882e-20,5.400e-20,0.0002,118.86,0
BottomS67316,7.2122,-0.1072,1.834e-18,3.513e-18,9.480e-18,0.0011,120.31,0
BottomS67317,7.1875,-0.1139,1.285e-19,1.405e-19,1.170e-19,-0.0003,117.68,0
BottomS67320,7.2069,-0.1113,8.915e-19,7.940e-19,4.630e-19,-0.0006,119.74,0
BottomS67325,7.2173,-0.1054,1.834e-19,1.917e-19,1.477e-19,0.0005,120.49,0
BottomS67326,7.2081,-0.1130,3.281e-19,3.199e-19,2.280e-19,-0.0003,120.32,0
BottomS67327,7.1986,-0.0943,3.215e-18,5.617e-18,1.303e-17,-0.0005,118.41,0
BottomS67330,7.2044,-0.0998,1.192e-17,8.826e-18,3.548e-18,0.0002,119.1,0
BottomS67333,7.2171,-0.1027,5.221e-19,4.825e-19,2.975e-19,-0.0001,120.71,0
BottomS67334,7.2078,-0.1079,2.207e-20,2.761e-20,2.995e-20,0.0005,120.29,0
BottomS67339,7.2003,-0.0976,2.715e-19,2.725e-19,1.992e-19,-0.0005,118.64,0
BottomS67340,7.2085,-0.1106,7.122e-14,6.119e-14,3.333e-14,0.0012,120.15,1
BottomS67342,7.2144,-0.0945,4.316e-19,7.554e-19,1.654e-18,0.0002,120.76,0
BottomS67343,7.2093,-0.1056,8.434e-20,9.134e-20,7.538e-20,-0.001,120.42,0
BottomS67344,7.2100,-0.0975,3.685e-20,4.313e-20,4.209e-20,0.0001,119.94,0
BottomS67345,7.2143,-0.1145,2.616e-19,2.583e-19,1.792e-19,0.0,120.97,0
BottomS67348,7.2099,-0.1052,1.494e-18,3.214e-18,1.160e-17,-0.0001,120.16,0
BottomS67349,7.2015,-0.1071,6.328e-18,4.958e-18,2.251e-18,0.0003,118.98,1
BottomS67350,7.2113,-0.1007,2.264e-14,1.505e-14,5.002e-15,0.0005,119.9,0
BottomS67351,7.1874,-0.0843,2.739e-18,2.192e-18,1.007e-18,0.0005,117.75,0
BottomS67352,7.1994,-0.1082,1.839e-20,2.391e-20,2.962e-20,0.0001,118.52,0
BottomS67355,7.2097,-0.1010,1.244e-18,2.402e-18,6.730e-18,0.0001,119.97,0
BottomS67356,7.2193,-0.0966,9.281e-19,1.613e-18,3.763e-18,0.0008,120.8,0
BottomS67358,7.2142,-0.1036,1.147e-19,1.286e-19,1.173e-19,0.0005,120.27,0
BottomS67359,7.2089,-0.0924,2.823e-18,2.452e-18,1.361e-18,0.0001,119.86,0
BottomS67361,7.1950,-0.1045,2.447e-19,2.324e-19,1.474e-19,0.0002,117.96,0
BottomS67362,7.1947,-0.0932,4.536e-20,5.099e-20,4.711e-20,0.0004,118.0,0
BottomS67363,7.2077,-0.0946,9.105e-18,7.278e-18,3.300e-18,-0.0002,119.69,1
BottomS67366,7.2101,-0.0939,1.711e-18,1.425e-18,7.230e-19,0.001,119.76,0
BottomS67368,7.2040,-0.1000,1.950e-18,1.776e-18,1.071e-18,-0.0009,118.89,0
BottomS67369,7.2137,-0.0995,3.039e-19,3.092e-19,2.295e-19,0.0007,120.56,0
BottomS67372,7.2127,-0.1095,4.795e-14,3.403e-14,1.229e-14,0.0005,120.51,0
BottomS67375,7.2121,-0.0929,1.042e-20,1.408e-20,1.852e-20,-0.0002,120.15,0
BottomS67376,7.1968,-0.1059,1.944e-19,1.983e-19,1.484e-19,-0.0003,118.7,0
BottomS67377,7.1997,-0.0978,5.460e-17,3.953e-17,1.492e-17,0.0005,118.36,0
BottomS67379,7.2027,-0.1007,3.381e-18,2.678e-18,1.190e-18,0.0002,118.91,0
BottomS67381,7.2170,-0.0911,3.183e-17,1.025e-16,8.279e-16,0.0005,120.58,1
BottomS67382,7.2096,-0.1129,6.208e-19,5.671e-19,3.487e-19,0.0001,120.11,0
BottomS67384,7.1875,-0.1050,5.039e-19,4.682e-19,2.939e-19,0.0002,118.26,0
BottomS67386,7.2021,-0.1177,1.372e-18,2.149e-18,3.979e-18,-0.0005,119.36,0
BottomS67389,7.2098,-0.0898,1.879e-17,1.428e-17,5.863e-18,-0.0001,119.56,1
BottomS67391,7.2050,-0.1105,1.006e-17,7.505e-18,3.049e-18,-0.0001,120.52,0
BottomS67398,7.2026,-0.0973,2.275e-18,1.886e-18,9.412e-19,0.0008,118.39,0
BottomS67400,7.1940,-0.1101,3.568e-14,2.583e-14,9.732e-15,-0.0007,118.43,0
BottomS67405,7.2212,-0.0984,1.496e-19,1.560e-19,1.235e-19,0.0002,120.86,0
BottomS67407,7.2129,-0.0884,2.982e-18,2.488e-18,1.237e-18,0.001,120.21,0
BottomS67412,7.2147,-0.0957,5.696e-19,5.390e-19,3.420e-19,-0.0001,120.07,0
BottomS67413,7.2138,-0.0915,6.009e-19,1.012e-18,2.056e-18,0.0,120.22,0
BottomS67414,7.2018,-0.0912,5.065e-19,4.714e-19,2.946e-19,0.0004,118.75,0
BottomS67416,7.2194,-0.1159,2.111e-18,4.742e-18,1.837e-17,-0.0001,120.97,1
BottomS67418,7.2229,-0.1047,5.716e-14,4.453e-14,1.952e-14,0.0002,121.0,1
BottomS67419,7.2131,-0.1049,6.672e-19,6.070e-19,3.655e-19,0.0003,120.55,0
BottomS67420,7.2114,-0.1080,1.083e-18,1.910e-18,4.336e-18,0.0001,120.67,0
BottomS67421,7.1993,-0.0884,5.356e-18,4.386e-18,2.162e-18,0.0002,118.06,0
BottomS67422,7.2070,-0.1077,2.149e-19,2.157e-19,1.594e-19,0.0001,119.95,0
BottomS67423,7.1957,-0.1073,4.059e-20,4.714e-20,4.579e-20,0.0002,118.15,0
BottomS67424,7.2205,-0.1016,9.612e-19,8.586e-19,5.034e-19,-0.0002,120.68,0
BottomS67425,7.2112,-0.1012,6.357e-19,5.751e-19,3.491e-19,0.0005,120.18,0
BottomS67430,7.2111,-0.1111,1.122e-19,1.186e-19,9.468e-20,-0.0002,120.72,0
BottomS67431,7.2127,-0.0988,1.409e-19,1.560e-19,1.390e-19,0.0011,120.45,0
BottomS67433,7.2088,-0.1046,3.498e-18,2.939e-18,1.575e-18,0.001,120.24,0
BottomS67434,7.2029,-0.0901,1.340e-20,1.806e-20,2.360e-20,0.001,118.77,0
BottomS67435,7.2151,-0.0913,2.477e-19,2.529e-19,1.851e-19,-0.0012,120.18,0
BottomS67437,7.2183,-0.1058,3.178e-18,2.635e-18,1.255e-18,0.0012,120.92,0
BottomS67438,7.2057,-0.0870,5.057e-14,4.221e-14,2.158e-14,0.0006,117.9,1
BottomS67441,7.2118,-0.1073,2.493e-17,1.819e-17,6.799e-18,-0.0004,120.35,0
BottomS67443,7.2054,-0.1050,1.296e-14,1.639e-14,1.936e-14,-0.0002,119.43,0
BottomS67444,7.2134,-0.1059,9.952e-19,9.105e-19,5.528e-19,0.0005,120.45,0
BottomS67445,7.2204,-0.0956,8.070e-20,8.728e-20,7.645e-20,-0.0006,120.64,0
BottomS67447,7.2141,-0.1223,1.182e-19,1.231e-19,9.520e-20,-0.0002,120.75,0
BottomS67449,7.2191,-0.1025,1.666e-20,2.177e-20,2.733e-20,-0.0005,120.62,0
BottomS67451,7.2218,-0.1130,3.231e-20,3.689e-20,3.613e-20,-0.0,120.93,0
BottomS67455,7.2242,-0.1130,1.089e-18,2.307e-18,7.881e-18,0.0006,121.05,0
BottomS67461,7.2039,-0.1075,1.250e-18,1.089e-18,5.806e-19,-0.0,119.39,0
BottomS67462,7.2138,-0.1075,2.476e-19,2.492e-19,1.875e-19,0.0008,120.51,0
BottomS67465,7.2140,-0.0927,2.438e-19,2.520e-19,1.936e-19,0.0002,120.47,0
BottomS67467,7.1952,-0.1039,2.360e-20,2.884e-20,3.073e-20,0.0002,118.04,0
BottomS67474,7.2170,-0.0987,5.871e-20,6.765e-20,6.486e-20,0.0003,120.26,0
BottomS67475,7.2050,-0.1042,8.649e-20,9.229e-20,7.792e-20,0.0002,119.35,0
BottomS67478,7.1984,-0.0970,5.370e-19,4.942e-19,3.029e-19,-0.0001,118.28,0
BottomS67479,7.1980,-0.0961,4.949e-17,3.717e-17,1.471e-17,-0.0006,118.25,0
BottomS67480,7.1966,-0.0957,5.286e-19,8.288e-19,1.520e-18,-0.0004,118.16,0
BottomS67481,7.2163,-0.1079,5.034e-18,3.944e-18,1.827e-18,0.0,120.63,0
BottomS67484,7.2192,-0.1077,6.178e-18,4.972e-18,2.351e-18,0.0001,120.8,0
BottomS67485,7.2214,-0.1084,2.485e-17,1.830e-17,6.995e-18,-0.0006,120.78,0
BottomS67486,7.1889,-0.0935,4.893e-17,3.674e-17,1.528e-17,-0.0004,117.73,0
BottomS67487,7.2242,-0.1091,1.836e-18,1.588e-18,8.627e-19,-0.0002,121.02,0
BottomS67489,7.1843,-0.0932,8.654e-19,1.096e-18,1.265e-18,0.0004,117.83,0
BottomS67490,7.2267,-0.1089,1.146e-18,9.823e-19,5.274e-19,0.0002,121.03,0
BottomS67491,7.1828,-0.0937,3.375e-16,2.251e-16,7.504e-17,0.0006,117.67,0
BottomS67492,7.1805,-0.0926,2.022e-19,2.022e-19,1.494e-19,-0.0009,117.77,0
BottomS67493,7.1800,-0.0934,1.760e-16,1.204e-16,4.152e-17,-0.0002,117.66,0
BottomS67494,7.2349,-0.1103,7.027e-19,6.529e-19,4.065e-19,-0.0,121.06,0
BottomS67495,7.2351,-0.1081,1.472e-18,3.100e-18,1.066e-17,-0.0002,121.03,0
BottomS67496,7.1751,-0.0931,3.183e-19,3.180e-19,2.253e-19,-0.0001,117.62,0
BottomS67497,7.2377,-0.1082,1.139e-16,8.058e-17,2.935e-17,0.0008,121.06,0
BottomS67498,7.1708,-0.0936,1.290e-18,1.104e-18,5.853e-19,0.0005,117.69,0
BottomS67499,7.2404,-0.1085,1.593e-17,1.219e-17,5.269e-18,0.0008,120.99,1
BottomS67500,7.1698,-0.0949,6.656e-19,6.089e-19,3.627e-19,-0.0009,117.73,0
BottomS67501,7.1679,-0.0950,4.325e-18,3.620e-18,1.802e-18,0.0008,117.74,0
BottomS67502,7.1667,-0.0935,2.470e-18,1.960e-18,9.076e-19,-0.0005,117.61,0
BottomS67503,7.2429,-0.1069,1.389e-16,9.621e-17,3.359e-17,0.0003,120.95,0
BottomS67504,7.1620,-0.0945,1.707e-17,1.357e-17,6.186e-18,0.0003,117.71,1
BottomS67505,7.2459,-0.1052,2.952e-14,2.046e-14,7.142e-15,0.0005,121.08,0
BottomS67506,7.1611,-0.0976,1.357e-19,1.450e-19,1.136e-19,0.0003,117.7,0
BottomS67507,7.1597,-0.0969,4.297e-14,3.109e-14,1.142e-14,0.0007,117.76,0
BottomS67508,7.2501,-0.1047,1.489e-18,2.612e-18,6.354e-18,0.0001,120.91,0
BottomS67510,7.2518,-0.1035,2.791e-16,1.909e-16,6.528e-17,0.0003,120.96,0
BottomS67511,7.1582,-0.0988,3.356e-17,2.425e-17,9.305e-18,0.0006,117.69,0
BottomS67512,7.2551,-0.1007,4.582e-14,3.485e-14,1.415e-14,0.0,120.74,0
BottomS67513,7.2545,-0.0996,4.664e-14,3.324e-14,1.238e-14,0.0001,120.95,0
BottomS67514,7.1551,-0.1029,2.939e-17,2.196e-17,8.966e-18,0.0003,117.79,0
BottomS67515,7.2564,-0.0992,8.888e-18,7.323e-18,3.613e-18,-0.0004,120.76,0
BottomS67516,7.1567,-0.1032,5.846e-18,4.818e-18,2.361e-18,0.0006,117.92,0
BottomS67517,7.2577,-0.0957,1.586e-18,2.855e-18,6.978e-18,-0.0,120.75,0
BottomS67518,7.2600,-0.0963,1.169e-16,8.404e-17,3.063e-17,0.0001,120.74,0
BottomS67519,7.1506,-0.1068,2.317e-16,1.564e-16,5.179e-17,0.0009,117.95,0
BottomS67520,7.2633,-0.0924,3.632e-18,3.078e-18,1.589e-18,0.0007,120.68,0
BottomS67521,7.1528,-0.1097,8.739e-17,6.014e-17,2.109e-17,0.0001,118.03,0
BottomS67522,7.2601,-0.0915,1.911e-18,1.703e-18,9.736e-19,-0.0,120.7,0
BottomS67523,7.1497,-0.1108,4.432e-18,3.674e-18,1.884e-18,0.0004,118.08,0
BottomS67524,7.2611,-0.0897,1.308e-19,1.422e-19,1.220e-19,-0.0002,120.66,0
BottomS67525,7.2625,-0.0868,2.595e-17,1.934e-17,7.791e-18,-0.0007,120.53,0
BottomS67526,7.2613,-0.0868,9.447e-17,6.859e-17,2.607e-17,-0.0006,120.59,0
BottomS67527,7.1505,-0.1175,2.447e-16,1.662e-16,5.436e-17,0.0001,118.18,0
BottomS67528,7.2598,-0.0839,1.429e-16,9.995e-17,3.505e-17,0.0005,120.45,0
BottomS67530,7.2603,-0.0810,5.459e-17,4.017e-17,1.613e-17,0.0001,120.58,0
BottomS67531,7.1477,-0.1241,7.640e-18,5.812e-18,2.437e-18,0.0012,118.25,1
BottomS67532,7.1490,-0.1238,3.601e-18,2.905e-18,1.404e-18,-0.0007,118.34,0
BottomS67533,7.1549,-0.1237,1.201e-17,9.398e-18,4.039e-18,0.0001,118.4,1
BottomS67534,7.2593,-0.0740,1.334e-17,1.016e-17,4.470e-18,0.001,120.14,1
BottomS67535,7.1541,-0.1271,1.529e-17,1.136e-17,4.506e-18,0.0006,118.44,0
BottomS67536,7.2542,-0.0729,4.393e-17,3.012e-17,1.058e-17,-0.0003,120.24,0
BottomS67537,7.2549,-0.0712,5.816e-16,3.834e-16,1.225e-16,0.0009,120.17,0
BottomS67538,7.2547,-0.0697,4.786e-14,3.986e-14,2.064e-14,-0.0003,120.19,1
BottomS67539,7.1579,-0.1339,2.667e-18,5.476e-18,1.755e-17,0.0004,118.59,1
BottomS67540,7.1636,-0.1346,3.594e-17,2.626e-17,1.016e-17,0.0004,118.67,0
BottomS67541,7.1622,-0.1389,7.687e-20,8.309e-20,7.102e-20,0.0007,118.74,0
BottomS67542,7.2495,-0.0631,1.351e-18,1.170e-18,6.411e-19,0.0002,120.0,0
BottomS67543,7.1635,-0.1404,2.696e-15,1.777e-15,5.624e-16,-0.0001,118.77,0
BottomS67544,7.2494,-0.0590,2.516e-17,1.858e-17,7.201e-18,0.0006,119.89,0
BottomS67545,7.1701,-0.1421,6.613e-18,5.177e-18,2.331e-18,-0.0003,118.88,0
BottomS67546,7.2437,-0.0570,1.264e-17,1.003e-17,4.447e-18,-0.0006,119.88,1
BottomS67547,7.2399,-0.0546,4.688e-14,3.396e-14,1.268e-14,-0.0003,119.77,0
BottomS67548,7.2367,-0.0515,4.663e-17,3.298e-17,1.211e-17,0.0015,119.77,0
BottomS67549,7.2409,-0.0541,1.780e-18,1.470e-18,7.136e-19,-0.0004,119.76,0
BottomS67550,7.2350,-0.0549,2.125e-15,1.502e-15,5.375e-16,0.0002,119.71,0
BottomS67551,7.1821,-0.1528,1.807e-14,1.225e-14,4.144e-15,0.0002,119.25,0
BottomS67552,7.2300,-0.0478,1.153e-18,1.996e-18,4.419e-18,-0.0004,119.48,0
BottomS67553,7.2306,-0.0466,5.306e-19,1.111e-18,3.698e-18,0.0006,119.56,0
BottomS67554,7.1873,-0.1543,2.260e-16,1.538e-16,5.148e-17,-0.0002,119.22,0
BottomS67555,7.2188,-0.0455,2.600e-18,2.190e-18,1.132e-18,0.0008,119.35,0
BottomS67556,7.1968,-0.1610,3.383e-17,2.399e-17,9.074e-18,-0.0003,119.35,0
BottomS67557,7.2163,-0.0425,5.245e-18,4.184e-18,1.951e-18,0.0002,119.35,0
BottomS67558,7.2138,-0.0380,2.145e-17,1.654e-17,6.967e-18,-0.0011,119.25,1
BottomS67559,7.2124,-0.0322,1.067e-16,7.301e-17,2.534e-17,0.0006,119.15,0
BottomS67560,7.2011,-0.1670,1.972e-17,1.456e-17,5.906e-18,0.0009,119.53,0
BottomS67561,7.2099,-0.1654,1.807e-16,1.248e-16,4.267e-17,0.0004,119.65,0
BottomS67562,7.2067,-0.1682,1.901e-16,1.364e-16,5.072e-17,0.0,119.6,0
BottomS67563,7.2128,-0.1678,8.183e-20,8.825e-20,7.712e-20,0.0005,119.55,0
BottomS67564,7.2203,-0.1715,1.472e-16,1.007e-16,3.503e-17,0.0006,119.81,0
BottomS67565,7.1971,-0.0966,8.792e-19,1.512e-18,3.348e-18,-0.0,118.17,0
BottomS67567,7.2137,-0.1029,2.120e-19,2.174e-19,1.638e-19,-0.0002,120.54,0
BottomS67569,7.2158,-0.1036,5.165e-19,4.805e-19,2.973e-19,0.0003,120.57,0
BottomS67570,7.1944,-0.0976,2.343e-18,3.888e-18,8.236e-18,0.0001,117.9,0
BottomS67571,7.1945,-0.0980,1.582e-19,1.738e-19,1.525e-19,-0.0004,118.0,0
BottomS67572,7.1925,-0.0947,4.096e-18,3.328e-18,1.550e-18,0.0004,117.96,0
BottomS67573,7.2185,-0.1055,9.465e-19,8.544e-19,4.901e-19,0.0004,120.84,0
BottomS67574,7.1926,-0.0956,1.417e-18,1.207e-18,6.575e-19,0.0002,117.89,0
BottomS67576,7.1899,-0.0962,1.804e-18,3.592e-18,1.049e-17,-0.0009,117.89,0
BottomS67577,7.1900,-0.0963,3.692e-20,4.543e-20,4.973e-20,0.0007,117.88,0
BottomS67578,7.1893,-0.0941,2.056e-17,1.537e-17,6.325e-18,0.0009,117.82,0
BottomS67579,7.2226,-0.1061,5.134e-18,4.206e-18,2.078e-18,0.0009,120.96,0
BottomS67581,7.1875,-0.0945,1.509e-18,3.402e-18,1.313e-17,0.0011,117.81,0
BottomS67582,7.1864,-0.0950,1.171e-18,1.024e-18,5.669e-19,-0.0005,117.77,0
BottomS67583,7.2263,-0.1080,2.357e-18,2.017e-18,1.094e-18,0.0001,120.97,0
BottomS67584,7.2257,-0.1071,1.040e-18,1.714e-18,3.303e-18,0.0005,121.06,0
BottomS67585,7.1826,-0.0958,2.667e-20,3.328e-20,3.824e-20,-0.0003,117.79,0
BottomS67586,7.2255,-0.1067,7.595e-19,6.849e-19,4.005e-19,0.0009,121.01,0
BottomS67587,7.2292,-0.1089,7.746e-19,1.312e-18,2.726e-18,-0.0001,121.11,0
BottomS67588,7.1824,-0.0961,4.511e-14,4.209e-14,2.600e-14,-0.0,117.76,1
BottomS67589,7.2273,-0.1070,3.910e-18,3.165e-18,1.507e-18,0.0004,120.92,0
BottomS67590,7.2295,-0.1081,7.535e-19,6.612e-19,3.682e-19,-0.0007,121.04,0
BottomS67591,7.2321,-0.1085,1.222e-18,2.562e-18,9.014e-18,-0.0014,121.04,0
BottomS67592,7.2328,-0.1058,1.253e-17,9.257e-18,3.806e-18,-0.0,121.05,0
BottomS67593,7.2308,-0.1078,1.090e-17,8.315e-18,3.598e-18,-0.0007,120.96,1
BottomS67595,7.2312,-0.1061,2.236e-18,4.474e-18,1.363e-17,-0.0002,121.12,0
BottomS67596,7.1775,-0.0958,6.311e-19,1.422e-18,5.586e-18,-0.0,117.65,0
BottomS67597,7.2366,-0.1045,4.297e-15,2.829e-15,9.147e-16,0.0005,121.0,0
BottomS67598,7.2340,-0.1060,1.866e-18,1.633e-18,9.324e-19,0.001,120.88,0
BottomS67599,7.2327,-0.1048,5.899e-19,1.099e-18,2.798e-18,0.0005,121.0,0
BottomS67600,7.2385,-0.1052,9.668e-20,1.079e-19,9.589e-20,0.0003,120.93,0
BottomS67601,7.1773,-0.0958,7.185e-18,5.793e-18,2.649e-18,0.0006,117.69,0
BottomS67603,7.1700,-0.0975,8.542e-19,7.770e-19,4.545e-19,-0.0002,117.69,0
BottomS67604,7.2398,-0.1053,1.729e-18,2.724e-18,5.131e-18,-0.0002,120.97,0
BottomS67608,7.2441,-0.1034,3.740e-14,2.882e-14,1.295e-14,0.0005,120.94,1
BottomS67609,7.2416,-0.1029,4.102e-19,8.112e-19,2.469e-18,0.0006,120.92,0
BottomS67611,7.1684,-0.0993,7.977e-18,6.466e-18,3.041e-18,-0.0001,117.78,0
BottomS67612,7.1686,-0.0988,3.236e-20,3.905e-20,4.182e-20,0.0007,117.76,0
BottomS67613,7.1723,-0.0987,4.167e-19,7.470e-19,1.781e-18,-0.0007,117.79,0
BottomS67614,7.1672,-0.1003,3.879e-17,2.681e-17,9.101e-18,0.0,117.8,0
BottomS67615,7.1660,-0.1008,2.370e-20,2.981e-20,3.413e-20,0.0001,117.92,0
BottomS67616,7.2437,-0.1008,2.330e-20,2.763e-20,2.850e-20,0.0003,120.85,0
BottomS67617,7.2452,-0.1014,9.636e-18,7.140e-18,2.920e-18,-0.0001,120.84,0
BottomS67619,7.2454,-0.1004,9.136e-20,1.069e-19,1.040e-19,0.0005,120.84,0
BottomS67620,7.1613,-0.1012,3.204e-17,2.399e-17,9.991e-18,0.0005,117.79,0
BottomS67621,7.1642,-0.0997,7.652e-19,1.334e-18,3.011e-18,0.0007,117.9,0
BottomS67622,7.2504,-0.1010,1.417e-17,1.108e-17,4.906e-18,0.0001,120.88,1
BottomS67623,7.2438,-0.1011,2.273e-18,4.050e-18,9.659e-18,0.0003,120.87,0
BottomS67624,7.1618,-0.1031,1.613e-19,1.589e-19,1.122e-19,-0.0002,117.86,0
BottomS67625,7.1598,-0.1027,1.582e-18,2.909e-18,7.442e-18,-0.0006,117.77,0
BottomS67626,7.1688,-0.1030,9.031e-19,1.488e-18,3.121e-18,0.0004,117.85,0
BottomS67627,7.1617,-0.1056,2.553e-20,3.141e-20,3.464e-20,-0.0005,117.96,0
BottomS67628,7.1596,-0.1040,6.471e-20,7.290e-20,6.709e-20,-0.0008,117.84,0
BottomS67629,7.1629,-0.1049,2.946e-19,2.917e-19,2.140e-19,-0.0002,117.89,0
BottomS67631,7.1575,-0.1082,2.450e-18,4.085e-18,8.412e-18,-0.001,118.03,0
BottomS67632,7.2468,-0.0970,1.756e-16,1.318e-16,5.172e-17,0.0002,120.69,0
BottomS67633,7.2525,-0.0972,2.877e-14,1.978e-14,6.824e-15,0.0003,120.8,0
BottomS67634,7.1598,-0.1056,4.038e-18,3.235e-18,1.543e-18,0.0012,117.92,0
BottomS67635,7.2496,-0.0946,1.720e-18,2.802e-18,5.505e-18,0.0006,120.64,0
BottomS67637,7.2538,-0.0930,6.584e-20,7.393e-20,6.667e-20,-0.0001,120.66,0
BottomS67638,7.1593,-0.1087,1.026e-17,7.497e-18,2.892e-18,0.0003,118.0,0
BottomS67639,7.1588,-0.1096,1.577e-17,1.209e-17,5.120e-18,-0.0002,118.06,1
BottomS67640,7.1600,-0.1105,3.278e-19,3.177e-19,2.187e-19,0.0006,118.06,0
BottomS67642,7.1594,-0.1075,6.760e-19,6.272e-19,4.107e-19,-0.0009,117.91,0
BottomS67643,7.1620,-0.1105,6.738e-19,6.388e-19,4.128e-19,-0.0,118.09,0
BottomS67644,7.1576,-0.1116,1.646e-20,2.133e-20,2.659e-20,-0.0003,118.04,0
BottomS67646,7.1602,-0.1129,4.276e-20,4.977e-20,4.690e-20,0.0001,118.12,0
BottomS67647,7.1611,-0.1127,7.455e-19,1.490e-18,4.533e-18,0.0007,118.25,0
BottomS67649,7.2585,-0.0855,6.585e-19,1.007e-18,1.785e-18,-0.0004,120.49,0
BottomS67650,7.1543,-0.1159,4.585e-20,5.167e-20,4.711e-20,0.0001,118.19,0
BottomS67651,7.1495,-0.1171,1.500e-18,2.854e-18,7.947e-18,-0.0006,118.37,0
BottomS67652,7.2494,-0.0865,2.257e-18,5.095e-18,2.043e-17,0.0002,120.4,1
BottomS67653,7.2570,-0.0838,9.002e-20,1.010e-19,9.419e-20,-0.0005,120.33,0
BottomS67655,7.1569,-0.1191,9.814e-16,6.698e-16,2.218e-16,-0.0005,118.31,0
BottomS67657,7.2530,-0.0811,7.474e-19,6.661e-19,3.771e-19,0.0003,120.31,0
BottomS67658,7.2590,-0.0773,9.978e-20,1.025e-19,7.897e-20,-0.0003,120.35,0
BottomS67659,7.2467,-0.0834,1.521e-18,2.711e-18,6.347e-18,-0.0004,120.26,0
BottomS67661,7.2487,-0.0804,1.158e-16,8.192e-17,2.892e-17,0.0005,120.23,0
BottomS67662,7.2488,-0.0781,2.769e-20,3.408e-20,3.731e-20,0.0007,120.24,0
BottomS67664,7.1548,-0.1253,1.459e-17,1.127e-17,4.724e-18,-0.0002,118.5,1
BottomS67665,7.2563,-0.0757,3.291e-20,4.125e-20,4.738e-20,-0.0004,120.24,0
BottomS67666,7.2546,-0.0751,1.912e-18,3.404e-18,7.779e-18,-0.0005,120.15,0
BottomS67667,7.1658,-0.1234,6.816e-20,7.756e-20,7.310e-20,-0.0006,118.43,0
BottomS67669,7.1642,-0.1280,5.789e-18,4.796e-18,2.402e-18,0.0,118.61,0
BottomS67671,7.2511,-0.0735,1.067e-18,2.332e-18,8.793e-18,-0.0004,120.24,0
BottomS67674,7.1650,-0.1287,4.831e-19,4.559e-19,2.791e-19,0.0003,118.56,0
BottomS67675,7.1642,-0.1297,9.973e-18,7.590e-18,3.310e-18,-0.0007,118.7,1
BottomS67676,7.2496,-0.0674,3.550e-18,2.876e-18,1.362e-18,-0.0003,120.08,0
BottomS67677,7.1649,-0.1301,7.906e-18,6.651e-18,3.347e-18,-0.0004,118.72,0
BottomS67678,7.2419,-0.0702,7.452e-19,6.522e-19,3.634e-19,-0.0004,119.88,0
BottomS67679,7.2398,-0.0691,4.639e-18,3.799e-18,1.832e-18,-0.0004,119.83,0
BottomS67682,7.2421,-0.0614,3.639e-19,3.538e-19,2.385e-19,-0.0001,119.87,0
BottomS67683,7.2381,-0.0647,4.239e-19,7.200e-19,1.574e-18,-0.0005,119.86,0
BottomS67684,7.2437,-0.0630,3.355e-17,2.420e-17,9.211e-18,0.0,119.95,0
BottomS67685,7.2438,-0.0622,1.947e-18,2.742e-18,3.964e-18,-0.0001,119.91,0
BottomS67686,7.1692,-0.1414,1.409e-18,2.949e-18,9.638e-18,-0.0003,118.86,0
BottomS67687,7.1737,-0.1427,1.576e-17,1.206e-17,5.080e-18,0.0002,118.95,1
BottomS67688,7.2415,-0.0549,3.870e-14,3.683e-14,2.336e-14,-0.0008,119.74,1
BottomS67689,7.2383,-0.0590,7.966e-20,8.699e-20,7.902e-20,-0.0002,119.8,0
BottomS67692,7.1815,-0.1414,4.513e-14,3.668e-14,1.713e-14,0.0004,119.0,1
BottomS67693,7.2384,-0.0601,1.255e-17,9.630e-18,3.951e-18,-0.0007,119.73,1
BottomS67694,7.1787,-0.1467,4.690e-18,3.754e-18,1.703e-18,0.0008,119.01,0
BottomS67696,7.1813,-0.1445,1.451e-16,9.992e-17,3.430e-17,-0.0006,119.09,0
BottomS67697,7.2274,-0.0513,8.497e-19,1.384e-18,2.827e-18,0.0008,119.53,0
BottomS67698,7.2244,-0.0521,8.883e-18,6.708e-18,2.859e-18,-0.0005,119.45,0
BottomS67700,7.1818,-0.1516,4.656e-19,4.434e-19,2.910e-19,-0.0004,119.14,0
BottomS67701,7.1911,-0.1504,2.749e-14,1.911e-14,6.614e-15,-0.0001,119.3,0
BottomS67702,7.1826,-0.1497,2.329e-19,2.414e-19,1.892e-19,-0.0012,119.16,0
BottomS67703,7.1921,-0.1543,5.893e-20,6.326e-20,5.146e-20,0.0004,119.37,0
BottomS67704,7.1927,-0.1513,4.993e-17,3.517e-17,1.304e-17,-0.0005,119.32,0
BottomS67705,7.2219,-0.0486,3.621e-18,3.045e-18,1.567e-18,0.0006,119.48,0
BottomS67706,7.1936,-0.1507,6.742e-17,4.861e-17,1.774e-17,0.0001,119.39,0
BottomS67707,7.1987,-0.1501,2.409e-19,2.384e-19,1.734e-19,0.0003,119.64,0
BottomS67708,7.1864,-0.1567,1.122e-20,1.375e-20,1.503e-20,0.0007,119.27,0
BottomS67709,7.1922,-0.1578,4.061e-19,7.211e-19,1.674e-18,-0.0005,119.38,0
BottomS67710,7.1892,-0.1517,2.301e-18,3.459e-18,5.730e-18,-0.001,119.34,0
BottomS67711,7.1886,-0.1553,3.447e-19,3.474e-19,2.533e-19,0.0004,119.34,0
BottomS67712,7.2145,-0.0436,4.452e-19,4.334e-19,2.926e-19,0.0004,119.36,0
BottomS67713,7.2081,-0.0453,3.159e-17,2.361e-17,9.417e-18,0.001,119.14,0
BottomS67714,7.1954,-0.1577,1.198e-18,1.068e-18,5.965e-19,0.0002,119.36,0
BottomS67715,7.2081,-0.0421,6.330e-19,6.037e-19,3.952e-19,0.0009,119.21,0
BottomS67716,7.2000,-0.0425,2.017e-18,4.202e-18,1.390e-17,0.0001,119.04,0
BottomS67717,7.2077,-0.1618,6.914e-19,6.367e-19,3.936e-19,0.0007,119.57,0
BottomS67718,7.2009,-0.0381,7.669e-19,1.533e-18,4.546e-18,0.0001,119.13,0
BottomS67719,7.2039,-0.0348,8.119e-18,6.460e-18,3.014e-18,-0.0008,119.13,0
BottomS67720,7.2126,-0.1677,2.232e-19,2.230e-19,1.630e-19,-0.0004,119.64,0
BottomS67722,7.2112,-0.1639,5.092e-19,8.997e-19,2.050e-18,0.0005,119.73,0
BottomS67723,7.2006,-0.0373,2.038e-16,1.386e-16,4.801e-17,-0.0005,119.04,0
BottomS67724,7.1992,-0.0377,1.006e-20,1.308e-20,1.564e-20,0.0007,119.05,0
BottomS67725,7.2058,-0.1650,4.652e-19,8.047e-19,1.778e-18,-0.0003,119.65,0
BottomS67727,7.1930,-0.0358,2.625e-18,5.231e-18,1.556e-17,-0.0002,119.02,0
BottomS67728,7.2150,-0.1648,1.327e-19,1.360e-19,1.062e-19,0.0004,119.7,0
BottomS67729,7.1919,-0.0360,1.445e-18,2.750e-18,7.746e-18,-0.0008,118.94,0
BottomS67730,7.2202,-0.1640,3.559e-19,3.392e-19,2.194e-19,-0.0007,119.84,0
BottomS67731,7.2251,-0.1617,1.488e-17,1.168e-17,5.002e-18,-0.0006,119.85,1
BottomS67732,7.1774,-0.0277,3.163e-17,2.393e-17,9.722e-18,0.0007,118.77,0
BottomS67733,7.2253,-0.1620,2.559e-18,2.142e-18,1.104e-18,0.0001,119.9,0
BottomS67735,7.2343,-0.1677,1.505e-18,1.333e-18,7.499e-19,0.0006,119.94,0
BottomS67738,7.2353,-0.1729,1.258e-17,1.003e-17,4.557e-18,0.0002,120.07,1
BottomS67741,10.1991,-0.7669,1.574e-18,1.432e-18,8.312e-19,0.0004,120.06,0
BottomS67742,10.1841,-0.7633,1.863e-18,1.595e-18,8.582e-19,-0.0005,120.15,0
BottomS67743,10.1923,-0.7723,8.296e-18,6.547e-18,2.862e-18,0.0,119.84,1
BottomS67744,10.2154,-0.7802,4.396e-14,3.183e-14,1.199e-14,0.0004,119.05,0
BottomS67745,10.1856,-0.7708,7.312e-18,5.850e-18,2.723e-18,-0.0002,120.34,0
BottomS67746,10.2028,-0.7663,6.155e-19,5.885e-19,3.858e-19,0.0007,118.96,0
BottomS67747,10.1733,-0.7899,3.975e-18,3.084e-18,1.391e-18,-0.0002,118.18,0
BottomS67748,10.2065,-0.7814,3.291e-18,4.807e-18,7.755e-18,0.0002,120.55,0
BottomS67749,10.2021,-0.7807,2.102e-18,1.722e-18,8.491e-19,0.0001,121.9,0
BottomS67756,10.1867,-0.7803,6.694e-20,7.426e-20,6.501e-20,-0.0005,122.24,0
BottomS67757,10.2027,-0.7875,1.715e-20,2.098e-20,2.385e-20,0.0001,121.94,0
BottomS67761,10.2026,-0.7851,6.292e-18,5.061e-18,2.352e-18,-0.0005,119.06,0
BottomS67763,10.2190,-0.7904,1.256e-19,1.298e-19,1.016e-19,-0.0007,120.4,0
BottomS67765,10.1981,-0.7835,1.563e-18,1.358e-18,7.517e-19,0.0003,121.78,0
BottomS67766,10.2030,-0.7654,3.913e-18,9.261e-18,4.106e-17,-0.0005,122.11,1
BottomS67767,10.2115,-0.7612,1.575e-18,1.397e-18,8.225e-19,-0.0003,121.84,0
BottomS67768,10.1989,-0.7726,3.959e-20,4.883e-20,5.246e-20,-0.0011,121.91,0
BottomS67769,10.2077,-0.7731,7.335e-18,1.899e-17,1.030e-16,0.001,118.56,1
BottomS67770,10.2084,-0.7756,2.143e-18,1.856e-18,9.716e-19,-0.0001,122.15,0
BottomS67774,10.1944,-0.7522,6.690e-19,6.350e-19,4.104e-19,-0.0002,120.19,0
BottomS67775,10.2074,-0.7788,1.151e-18,1.038e-18,5.856e-19,-0.0007,120.09,0
BottomS67776,10.1729,-0.7835,2.775e-20,3.414e-20,3.893e-20,0.0005,118.29,0
BottomS67777,10.2044,-0.7737,1.441e-17,1.084e-17,4.470e-18,-0.0001,119.38,0
BottomS67778,10.2066,-0.7663,4.637e-18,3.977e-18,2.106e-18,0.0002,123.09,0
BottomS67779,10.1969,-0.7749,2.083e-20,2.628e-20,3.020e-20,0.0002,121.04,0
BottomS67781,10.2018,-0.7685,2.731e-19,2.609e-19,1.735e-19,0.0001,121.85,0
BottomS67785,10.1921,-0.7894,7.037e-18,5.795e-18,2.795e-18,-0.0002,121.93,0
BottomS67787,10.2071,-0.7665,2.918e-20,3.515e-20,3.650e-20,0.0007,118.44,0
BottomS67788,10.2279,-0.7597,5.839e-20,7.442e-20,8.901e-20,0.0003,118.02,0
BottomS67791,10.2003,-0.7588,1.201e-19,1.232e-19,9.340e-20,-0.0,120.55,0
BottomS67792,10.1994,-0.7602,2.696e-20,3.381e-20,3.969e-20,-0.0004,121.14,0
BottomS67793,10.2053,-0.7858,3.041e-18,5.714e-18,1.524e-17,-0.0004,120.04,0
BottomS67796,10.2046,-0.7761,3.883e-20,4.618e-20,4.791e-20,-0.0009,120.66,0
BottomS67797,10.1829,-0.7589,1.070e-19,1.236e-19,1.217e-19,0.0004,118.35,0
BottomS67799,10.2115,-0.7786,1.145e-19,1.236e-19,1.020e-19,0.0004,122.43,0
BottomS67800,10.1987,-0.7550,2.015e-17,1.472e-17,5.524e-18,-0.0005,122.07,0
BottomS67801,10.2052,-0.7615,2.028e-18,1.736e-18,8.800e-19,0.0003,122.04,0
BottomS67802,10.2020,-0.7862,2.894e-18,4.197e-18,6.632e-18,0.0006,119.89,0
BottomS67803,10.1999,-0.7791,2.414e-20,2.963e-20,3.255e-20,-0.0002,119.74,0
BottomS67804,10.2008,-0.7783,9.131e-20,1.082e-19,1.093e-19,-0.0003,120.29,0
BottomS67805,10.1864,-0.7549,9.722e-19,8.521e-19,4.643e-19,0.0006,121.47,0
BottomS67812,10.1991,-0.7694,2.040e-19,2.148e-19,1.729e-19,-0.0003,121.11,0
BottomS67814,10.2005,-0.7709,4.667e-20,5.266e-20,4.837e-20,-0.0006,119.91,0
BottomS67818,10.2010,-0.7896,8.517e-18,6.853e-18,3.096e-18,0.0013,118.65,1
BottomS67821,10.2000,-0.7760,1.805e-19,1.912e-19,1.596e-19,-0.0007,121.38,0
BottomS67824,10.1828,-0.7817,8.960e-19,7.774e-19,4.176e-19,-0.0006,119.74,0
BottomS67825,10.1840,-0.7474,5.791e-19,5.315e-19,3.309e-19,-0.0007,119.01,0
BottomS67826,10.2142,-0.7591,6.732e-19,1.369e-18,4.215e-18,-0.0002,118.42,0
BottomS67827,10.2013,-0.7679,3.167e-18,4.074e-18,4.885e-18,0.0004,121.01,0
BottomS67828,10.1810,-0.7729,1.148e-18,1.051e-18,6.615e-19,0.0009,121.78,0
BottomS67831,10.2042,-0.7646,1.905e-20,2.414e-20,2.798e-20,0.0004,121.23,0
BottomS67835,10.1906,-0.7654,8.728e-19,7.807e-19,4.579e-19,0.0017,119.67,0
BottomS67838,10.1969,-0.7900,4.201e-14,3.162e-14,1.273e-14,0.0001,121.7,0
BottomS67843,10.1860,-0.7730,1.491e-19,1.695e-19,1.599e-19,0.0004,122.39,0
BottomS67844,10.2016,-0.7695,5.828e-19,5.624e-19,3.747e-19,0.0009,121.4,0
BottomS67845,10.2146,-0.7826,2.507e-20,3.106e-20,3.386e-20,0.0008,122.33,0
BottomS67848,10.1984,-0.7523,1.042e-17,8.078e-18,3.442e-18,0.0002,119.3,0
BottomS67849,10.2090,-0.7745,1.810e-20,2.326e-20,2.750e-20,0.0004,122.09,0
BottomS67851,10.1984,-0.7609,1.083e-18,9.928e-19,5.911e-19,-0.0002,119.89,0
BottomS67853,10.2103,-0.7684,1.904e-18,1.636e-18,8.686e-19,0.0002,121.77,0
BottomS67855,10.2068,-0.7659,7.212e-19,1.316e-18,3.341e-18,-0.0006,119.01,0
BottomS67856,10.1934,-0.7818,1.191e-18,2.075e-18,4.797e-18,0.0005,120.78,0
BottomS67858,10.2086,-0.7710,3.232e-20,3.829e-20,3.885e-20,0.0002,122.71,0
BottomS67859,10.1910,-0.7708,1.280e-18,1.787e-18,2.615e-18,0.0004,119.73,0
BottomS67860,10.1987,-0.7743,5.319e-19,4.920e-19,3.084e-19,-0.0003,122.29,0
BottomS67862,10.1984,-0.7735,7.907e-18,5.935e-18,2.505e-18,-0.0001,119.29,0
BottomS67863,10.1967,-0.7904,1.051e-13,9.077e-14,4.798e-14,0.0006,122.54,1
BottomS67864,10.1658,-0.7641,1.270e-18,2.142e-18,4.528e-18,0.0003,122.27,0
BottomS67865,10.1881,-0.7527,1.341e-19,1.425e-19,1.205e-19,0.0008,119.38,0
BottomS67866,10.1876,-0.7755,8.105e-14,6.017e-14,2.406e-14,0.0001,120.56,0
BottomS67867,10.1954,-0.7780,4.585e-20,5.162e-20,4.676e-20,0.0005,122.81,0
BottomS67869,10.1863,-0.7625,8.361e-18,6.793e-18,3.303e-18,0.0009,121.74,0
BottomS67870,10.1904,-0.7602,5.821e-18,4.895e-18,2.421e-18,-0.0007,121.98,0
BottomS67871,10.2120,-0.7783,2.441e-18,2.068e-18,1.018e-18,0.0012,121.92,0
BottomS67876,10.2077,-0.7739,9.949e-19,2.174e-18,7.795e-18,-0.0001,121.29,0
BottomS67878,10.2031,-0.7562,3.111e-18,2.511e-18,1.190e-18,0.0004,120.31,0
BottomS67880,10.1903,-0.7576,1.949e-20,2.494e-20,2.938e-20,-0.0008,120.52,0
BottomS67882,10.2189,-0.7803,3.226e-18,2.620e-18,1.240e-18,0.0005,118.38,0
BottomS67884,10.1903,-0.7649,1.039e-18,1.620e-18,2.930e-18,0.0001,121.2,0
BottomS67885,10.2043,-0.7843,1.418e-19,1.466e-19,1.172e-19,0.0011,122.3,0
BottomS67886,10.2128,-0.7720,3.735e-18,5.707e-18,1.039e-17,-0.0002,121.65,0
BottomS67887,10.1922,-0.7918,4.175e-18,6.921e-18,1.414e-17,-0.0006,120.94,0
BottomS67888,10.2162,-0.7719,5.626e-20,6.263e-20,5.662e-20,-0.0005,121.11,0
BottomS67891,10.1840,-0.7698,7.394e-19,6.938e-19,4.372e-19,0.0005,120.75,0
BottomS67892,10.1954,-0.7591,3.321e-19,3.489e-19,2.768e-19,-0.0001,119.42,1
BottomS67893,10.1976,-0.7687,1.388e-19,1.494e-19,1.245e-19,0.0001,121.45,0
BottomS67896,10.2096,-0.7637,4.069e-20,4.681e-20,4.598e-20,-0.0005,121.39,0
BottomS67901,10.2058,-0.7814,2.447e-18,2.125e-18,1.159e-18,0.0002,121.0,0
BottomS67902,10.1984,-0.7825,6.414e-19,1.116e-18,2.619e-18,-0.0006,119.43,0
BottomS67906,10.2118,-0.7947,1.646e-18,1.443e-18,8.389e-19,-0.0005,120.85,0
BottomS67908,10.2035,-0.7708,9.192e-19,8.255e-19,4.817e-19,-0.0004,121.29,0
BottomS67910,10.2110,-0.7624,4.885e-20,5.935e-20,6.501e-20,-0.0004,121.57,0
BottomS67912,10.2034,-0.7750,1.561e-18,1.355e-18,7.541e-19,-0.0001,119.58,0
BottomS67913,10.1837,-0.7655,2.501e-18,2.156e-18,1.152e-18,0.0007,121.85,0
BottomS67915,10.1954,-0.7700,1.313e-18,2.361e-18,5.708e-18,0.0005,119.54,0
BottomS67916,10.1850,-0.7664,1.744e-18,2.827e-18,5.556e-18,0.0006,118.72,0
BottomS67919,10.1854,-0.7696,2.982e-18,4.965e-18,1.054e-17,0.0001,121.83,0
BottomS67921,10.2104,-0.7841,1.126e-17,8.756e-18,3.840e-18,0.0003,121.76,1
BottomS67925,10.2073,-0.7924,7.314e-19,6.935e-19,4.462e-19,-0.0008,118.65,0
BottomS67927,10.2038,-0.7631,8.897e-20,9.954e-20,9.054e-20,0.0,118.68,0
BottomS67928,10.1927,-0.7887,1.307e-14,8.347e-15,2.475e-15,-0.0003,122.53,0
BottomS67931,10.1988,-0.7830,4.090e-19,7.444e-19,1.871e-18,-0.0002,122.21,0
BottomS67932,10.2009,-0.7908,1.275e-17,1.013e-17,4.610e-18,0.0004,119.71,1
BottomS67933,10.1898,-0.7602,1.341e-18,1.194e-18,6.645e-19,0.0,119.16,0
BottomS67934,10.2001,-0.7706,1.621e-19,1.713e-19,1.331e-19,0.0006,120.88,0
BottomS67935,10.2012,-0.7560,1.452e-20,1.936e-20,2.480e-20,0.0009,120.34,0
BottomS67936,10.2113,-0.7667,1.593e-18,2.510e-18,4.649e-18,0.0007,119.54,0
BottomS67937,10.1957,-0.7618,3.877e-19,3.688e-19,2.472e-19,0.0002,121.48,0
BottomS67938,10.1940,-0.7714,1.460e-19,1.589e-19,1.372e-19,-0.0003,121.49,0
BottomS67939,10.1949,-0.7913,1.155e-18,1.850e-18,3.474e-18,-0.0,120.93,0
BottomS67940,10.1959,-0.7689,5.003e-18,3.995e-18,1.831e-18,-0.0005,121.24,0
BottomS67941,10.1899,-0.7829,1.125e-17,8.440e-18,3.510e-18,0.0,119.72,1
BottomS67942,10.1919,-0.7678,1.255e-19,1.346e-19,1.141e-19,0.0006,121.53,0
BottomS67944,10.2229,-0.7761,2.189e-19,2.164e-19,1.543e-19,-0.001,119.33,0
BottomS67945,10.1923,-0.7522,1.435e-18,2.052e-18,3.110e-18,-0.0002,121.36,0
BottomS67946,10.1882,-0.7810,2.076e-18,1.793e-18,9.476e-19,0.0007,120.44,0
BottomS67950,10.1903,-0.7762,6.550e-19,6.171e-19,3.931e-19,0.0004,122.61,0
BottomS67951,10.2020,-0.7751,4.403e-19,8.652e-19,2.652e-18,-0.0011,122.63,0
BottomS67952,10.1875,-0.7565,1.846e-19,1.957e-19,1.639e-19,0.0008,118.77,0
BottomS67954,10.2180,-0.7655,4.451e-19,6.482e-19,1.016e-18,-0.0002,120.99,0
BottomS67956,10.1915,-0.7952,4.466e-20,5.548e-20,6.039e-20,0.0001,121.74,0
BottomS67957,10.2072,-0.7539,1.421e-18,1.222e-18,6.670e-19,0.001,119.37,0
BottomS67958,10.2189,-0.7523,6.301e-19,9.401e-19,1.599e-18,0.0001,119.34,0
BottomS67959,10.1960,-0.7717,3.620e-15,2.794e-15,1.186e-15,0.0002,119.91,0
BottomS67962,10.1937,-0.7661,5.655e-20,6.489e-20,5.990e-20,-0.0011,119.25,0
BottomS67963,10.1947,-0.7593,3.511e-18,3.099e-18,1.674e-18,-0.0003,119.74,0
BottomS67969,10.0243,-0.7685,1.278e-20,1.596e-20,1.835e-20,-0.0004,117.27,0
BottomS67970,10.1621,-0.9242,1.726e-18,1.520e-18,8.388e-19,-0.0004,119.15,0
BottomS67972,10.2757,-0.7540,2.409e-18,4.539e-18,1.181e-17,-0.0004,122.15,0
BottomS67977,10.2821,-0.8352,3.295e-19,3.148e-19,2.067e-19,-0.0004,122.16,0
BottomS67978,10.2112,-0.7709,3.619e-19,3.619e-19,2.600e-19,0.0,117.87,0
BottomS67979,10.2498,-0.7930,2.593e-20,3.122e-20,3.236e-20,-0.0002,118.18,0
BottomS67981,10.0381,-0.8721,1.943e-19,2.050e-19,1.701e-19,0.0002,122.14,0
BottomS67996,10.1815,-0.5851,2.100e-20,2.610e-20,2.977e-20,-0.0001,121.46,0
BottomS68000,10.1954,-0.7446,4.552e-20,5.248e-20,5.262e-20,0.0002,122.61,0
BottomS68008,10.3169,-0.8069,2.333e-18,1.980e-18,1.052e-18,0.0003,119.43,0
BottomS68012,10.1989,-0.8347,1.279e-20,1.540e-20,1.705e-20,-0.0002,121.71,0
BottomS68020,10.3136,-0.6522,2.793e-14,2.475e-14,1.383e-14,0.0001,121.66,1
BottomS68025,10.2158,-0.7269,5.523e-19,4.927e-19,2.952e-19,0.0003,117.95,0
BottomS68029,10.2246,-0.8412,1.879e-18,1.710e-18,9.974e-19,0.0003,118.4,0
BottomS68031,10.2916,-0.8074,1.266e-19,1.332e-19,1.072e-19,-0.0001,122.73,0
BottomS68032,10.3164,-0.6544,9.830e-19,9.047e-19,5.549e-19,0.0006,118.6,0
BottomS68033,10.2027,-0.8790,3.650e-14,3.716e-14,2.791e-14,0.0001,118.73,1
BottomS68035,10.3042,-0.7557,1.216e-20,1.613e-20,2.061e-20,0.0,120.8,0
BottomS68037,10.0410,-0.7568,2.231e-19,2.389e-19,1.939e-19,-0.0001,121.68,0
BottomS68039,10.1090,-0.8285,1.346e-20,1.697e-20,1.941e-20,0.0014,117.15,0
BottomS68040,10.0365,-0.9098,2.704e-19,2.704e-19,1.950e-19,-0.0001,119.41,0
BottomS68046,10.1551,-0.7276,4.073e-18,6.448e-18,1.179e-17,-0.0002,123.58,0
BottomS68049,10.2292,-0.6811,3.250e-20,3.908e-20,4.125e-20,0.0005,121.25,0
BottomS68055,10.2855,-0.7445,6.889e-20,7.540e-20,6.494e-20,-0.0002,123.17,0
BottomS68057,10.2000,-0.7229,1.797e-19,1.887e-19,1.479e-19,0.0001,123.84,0
BottomS68066,10.1016,-0.7299,4.209e-20,4.833e-20,4.601e-20,-0.0006,123.55,0
BottomS68067,10.2736,-0.7802,6.743e-19,6.145e-19,3.711e-19,0.0001,119.89,0
BottomS68068,10.1003,-0.6888,1.802e-20,2.221e-20,2.443e-20,-0.0005,119.83,0
BottomS68073,10.2476,-0.8844,3.068e-18,7.683e-18,3.804e-17,-0.0001,119.77,1
BottomS68074,10.1311,-0.8711,2.492e-20,3.077e-20,3.438e-20,-0.0005,121.49,0
BottomS68077,10.3556,-0.6722,7.535e-19,1.300e-18,2.815e-18,-0.0,123.07,0
BottomS68078,10.1371,-0.8407,4.062e-20,4.890e-20,5.084e-20,-0.0006,123.01,0
BottomS68079,10.2730,-0.8528,2.243e-18,1.891e-18,9.978e-19,0.0005,119.2,0
BottomS68080,10.1372,-0.8258,3.666e-20,4.529e-20,5.076e-20,0.0001,123.54,0
BottomS68081,10.1402,-0.7580,1.217e-19,1.294e-19,1.103e-19,-0.0001,120.68,0
BottomS68083,10.2376,-0.6712,5.512e-20,6.702e-20,7.369e-20,0.0004,117.17,0
BottomS68102,10.2112,-0.7493,2.614e-19,2.786e-19,2.355e-19,-0.0008,118.39,0
BottomS68105,10.0680,-0.8098,1.610e-18,1.424e-18,8.118e-19,0.0002,117.68,0
BottomS68112,10.1741,-0.8439,1.862e-20,2.387e-20,2.831e-20,-0.0001,119.13,0
BottomS68117,10.2873,-0.7261,9.631e-20,1.061e-19,9.049e-20,0.0006,121.16,0
BottomS68118,10.1819,-0.7469,1.159e-19,1.259e-19,1.134e-19,-0.0007,119.26,0
BottomS68121,10.0348,-0.7309,1.249e-18,2.274e-18,5.572e-18,0.0006,122.5,0
BottomS68125,10.1561,-0.8223,4.152e-20,4.875e-20,4.879e-20,0.001,119.57,0
BottomS68133,10.3149,-0.8893,3.282e-20,4.122e-20,4.921e-20,-0.0003,122.51,0
BottomS68142,10.2819,-0.8471,6.841e-14,4.964e-14,1.973e-14,0.0008,121.23,0
BottomS68146,10.2333,-0.6926,6.480e-19,6.214e-19,4.214e-19,-0.001,122.81,0
BottomS68148,10.1281,-0.7368,9.185e-20,9.921e-20,8.712e-20,-0.0004,117.76,0
BottomS68149,10.1309,-0.7607,5.884e-14,4.636e-14,2.024e-14,0.0001,123.12,1
BottomS68153,10.2598,-0.7692,6.463e-20,7.282e-20,6.683e-20,-0.0004,121.61,0
BottomS68160,10.3277,-0.8806,2.448e-20,3.061e-20,3.504e-20,-0.0004,119.0,0
BottomS68164,10.2497,-0.6228,1.294e-19,1.371e-19,1.134e-19,-0.0004,123.08,0
BottomS68165,10.3120,-0.7840,6.629e-14,5.417e-14,2.605e-14,0.0006,122.24,1
BottomS68169,10.0856,-0.8403,1.900e-19,1.828e-19,1.264e-19,-0.0003,120.47,0
BottomS68170,10.2082,-0.8284,1.283e-18,2.371e-18,6.069e-18,0.0007,120.0,0
BottomS68180,10.2716,-0.6768,1.403e-20,1.663e-20,1.690e-20,0.0006,117.11,0
BottomS68181,10.2188,-0.6419,9.198e-16,6.001e-16,1.892e-16,0.0009,120.19,0
BottomS68184,10.1545,-0.8179,7.476e-20,8.517e-20,8.283e-20,0.0003,117.67,0
BottomS68185,10.1430,-0.6986,5.174e-14,3.713e-14,1.400e-14,-0.0004,120.54,0
BottomS68188,10.1688,-0.7049,1.516e-20,1.967e-20,2.385e-20,-0.0008,122.59,0
BottomS68189,10.2281,-0.8010,3.852e-19,3.720e-19,2.514e-19,-0.0002,118.74,0
BottomS68191,10.0345,-0.7362,1.071e-18,1.666e-18,3.062e-18,-0.0004,118.91,0
BottomS68196,10.3389,-0.7895,2.334e-19,2.482e-19,2.023e-19,-0.0002,120.45,0
BottomS68206,10.1577,-0.8569,4.033e-20,4.792e-20,4.988e-20,0.0004,121.4,0
BottomS68209,10.1801,-0.9012,1.864e-20,2.178e-20,2.133e-20,0.0006,119.81,0
BottomS68213,10.1457,-0.8261,1.073e-20,1.466e-20,2.004e-20,-0.0002,117.73,0
BottomS68217,10.1665,-0.7397,2.054e-18,1.811e-18,1.028e-18,0.0001,119.21,0
BottomS68220,10.2300,-0.7490,4.390e-20,5.324e-20,5.742e-20,0.0007,118.19,0
BottomS68231,10.2291,-0.8259,4.065e-20,4.816e-20,5.031e-20,0.001,119.02,0
BottomS68236,10.0893,-0.7894,1.035e-20,1.367e-20,1.800e-20,-0.0006,117.66,0
BottomS68250,10.0343,-0.7724,2.217e-18,5.219e-18,2.259e-17,0.0006,123.28,1
BottomS68252,10.1761,-0.7692,2.219e-20,2.803e-20,3.230e-20,0.0005,120.62,0
BottomS68253,10.2517,-0.8837,1.286e-19,1.431e-19,1.291e-19,0.0009,123.71,0
BottomS68254,10.1931,-0.7991,3.612e-19,3.525e-19,2.347e-19,0.0004,123.83,0
BottomS68255,10.1794,-0.8763,1.416e-19,1.555e-19,1.347e-19,0.0,122.98,0
BottomS68257,10.2186,-0.7140,2.294e-19,2.348e-19,1.718e-19,0.0006,121.92,0
BottomS68258,10.2751,-0.7274,1.249e-20,1.666e-20,2.126e-20,0.001,120.16,0
BottomS68264,10.0634,-0.7022,1.492e-18,1.321e-18,7.405e-19,0.0008,117.24,0
BottomS68267,10.1005,-0.5897,3.228e-19,3.019e-19,1.972e-19,-0.0001,119.1,0
BottomS68269,10.1616,-0.7827,8.363e-19,1.621e-18,4.520e-18,0.0007,121.68,0
BottomS68271,10.3089,-0.8778,2.073e-18,1.694e-18,8.292e-19,-0.0001,119.06,0
BottomS68272,10.2128,-0.7547,7.739e-20,7.715e-20,5.618e-20,0.0002,121.91,0
BottomS68273,10.1586,-0.7669,7.695e-19,7.294e-19,4.770e-19,-0.0008,119.86,0
BottomS68275,10.2033,-0.8515,1.386e-19,1.417e-19,1.073e-19,0.0004,118.43,0
BottomS68281,10.1107,-0.6966,3.825e-19,3.726e-19,2.549e-19,-0.0011,122.31,0
BottomS68283,10.2168,-0.7400,1.689e-19,1.743e-19,1.331e-19,0.0,118.35,0
BottomS68285,10.1168,-0.8292,2.866e-20,3.484e-20,3.741e-20,-0.0007,121.33,0
BottomS68288,10.0969,-0.7452,1.536e-18,2.227e-18,3.536e-18,0.0,118.5,0
BottomS68289,10.2307,-0.8251,2.408e-18,4.411e-18,1.150e-17,-0.0008,121.47,0
BottomS68291,10.2379,-0.8595,5.322e-19,5.066e-19,3.267e-19,-0.0009,121.41,0
BottomS68294,10.2183,-0.7255,1.168e-18,2.629e-18,1.028e-17,-0.0008,123.62,0
BottomS68295,10.1555,-0.7646,3.112e-20,3.956e-20,4.492e-20,0.0002,123.26,0
BottomS68303,9.9581,-0.7097,6.411e-20,7.159e-20,6.443e-20,-0.0007,121.56,0
BottomS68308,10.0584,-0.7076,5.874e-19,5.639e-19,3.749e-19,-0.0006,121.58,0
BottomS68312,10.0940,-0.6980,6.893e-15,4.655e-15,1.542e-15,-0.0004,117.49,0
BottomS68313,10.3166,-0.8162,1.622e-14,1.095e-14,3.587e-15,-0.0002,119.82,0
BottomS68315,10.1914,-0.8216,1.972e-18,1.697e-18,9.259e-19,-0.0007,122.4,0
BottomS68318,10.1662,-0.8550,4.440e-20,5.540e-20,6.230e-20,0.001,122.33,0
BottomS68320,10.2062,-0.8743,6.013e-20,6.501e-20,5.636e-20,-0.0007,123.89,0
BottomS68323,10.2813,-0.6659,6.329e-19,5.975e-19,3.750e-19,0.0009,121.77,0
BottomS68327,10.1527,-0.8361,2.193e-20,2.737e-20,3.036e-20,-0.0002,123.85,0
BottomS68333,10.0138,-0.7146,2.623e-18,4.440e-18,9.265e-18,-0.0007,123.9,0
BottomS68336,10.0998,-0.8048,7.390e-19,1.181e-18,2.201e-18,0.0007,119.51,0
BottomS68339,10.2216,-0.7559,1.078e-18,9.627e-19,5.489e-19,-0.0003,119.6,0
BottomS68340,10.1463,-0.9619,1.003e-19,1.052e-19,8.645e-20,-0.0001,120.78,0
BottomS68344,10.1578,-0.6079,2.719e-20,3.378e-20,3.892e-20,0.0012,118.25,0
BottomS68350,10.0593,-0.8396,1.726e-19,1.733e-19,1.314e-19,0.0012,121.59,0
BottomS68351,10.3503,-0.7649,1.060e-20,1.362e-20,1.617e-20,0.0002,116.92,0
BottomS68352,10.2664,-0.7627,3.849e-19,3.883e-19,2.816e-19,0.0007,118.34,0
BottomS68358,10.1230,-0.7162,1.820e-19,1.948e-19,1.584e-19,0.0001,119.57,0
BottomS68362,10.1169,-0.6174,2.788e-20,3.460e-20,3.905e-20,-0.0002,123.01,0
BottomS68365,10.2807,-0.8792,1.146e-20,1.579e-20,2.272e-20,0.0004,117.38,0
BottomS68367,10.2790,-0.8935,2.355e-18,3.550e-18,6.065e-18,-0.0007,122.47,0
BottomS68372,10.1149,-0.8079,3.088e-19,5.065e-19,1.051e-18,0.0006,121.48,0
BottomS68378,10.2413,-0.8199,4.449e-20,5.394e-20,5.701e-20,-0.0005,123.37,0
BottomS68382,10.1480,-0.8644,3.475e-18,6.707e-18,1.846e-17,-0.0001,121.74,0
BottomS68386,10.1814,-0.8366,4.099e-14,2.852e-14,1.016e-14,0.0002,123.12,0
BottomS68393,10.1240,-0.7790,2.415e-20,2.960e-20,3.117e-20,0.0007,118.73,0
BottomS68398,10.1392,-0.7211,3.243e-20,4.018e-20,4.303e-20,0.0004,122.71,0
BottomS68407,10.2318,-0.8905,3.280e-20,4.145e-20,4.745e-20,0.0007,118.11,0
BottomS68420,10.2467,-0.8108,8.666e-20,9.407e-20,8.213e-20,0.0005,118.23,0
BottomS68423,10.1714,-0.6792,1.047e-18,1.874e-18,4.499e-18,-0.0002,122.07,0
BottomS68433,10.1375,-0.6930,4.248e-20,5.115e-20,5.603e-20,-0.0008,117.54,0
BottomS68440,10.1962,-0.7716,1.272e-18,2.148e-18,4.563e-18,-0.0003,119.58,0
BottomS68447,10.0491,-0.6837,1.682e-14,1.938e-14,1.822e-14,0.0002,119.1,0
BottomS68456,10.3233,-0.8080,1.687e-20,2.105e-20,2.420e-20,-0.0002,120.97,0
BottomS68462,10.3070,-0.7948,2.674e-18,2.311e-18,1.220e-18,0.0004,118.73,0
BottomS68468,10.2319,-0.9308,1.446e-19,1.494e-19,1.155e-19,0.0004,117.13,0
BottomS68471,10.0281,-0.7427,2.295e-20,2.810e-20,2.955e-20,0.0007,122.49,0
BottomS68474,10.2754,-0.8066,6.752e-20,7.310e-20,6.252e-20,-0.0001,118.88,0
BottomS68478,10.2549,-0.9338,1.011e-20,1.396e-20,1.890e-20,0.0003,119.86,0
BottomS68479,10.1164,-0.8701,1.583e-20,2.027e-20,2.413e-20,0.0004,120.6,0
BottomS68483,10.2201,-0.7393,9.682e-19,1.962e-18,6.039e-18,-0.0004,119.6,0
BottomS68486,10.2088,-0.8463,1.287e-19,1.407e-19,1.186e-19,-0.0008,122.43,0
BottomS68489,10.2782,-0.6906,2.027e-20,2.459e-20,2.559e-20,-0.0002,118.28,0
BottomS68491,10.0963,-0.7967,1.287e-18,1.174e-18,6.752e-19,0.0006,117.14,0
BottomS68493,10.0721,-0.7428,1.953e-19,2.035e-19,1.595e-19,0.0001,124.1,0
BottomS68495,10.3215,-0.7055,4.924e-20,5.461e-20,4.967e-20,-0.0003,121.21,0
BottomS68498,10.2354,-0.8303,1.497e-20,1.862e-20,2.116e-20,-0.0001,120.15,0
BottomS68500,10.1203,-0.9142,1.591e-14,1.067e-14,3.464e-15,0.0002,119.87,0
BottomS68505,10.2331,-0.7595,1.997e-14,1.324e-14,4.394e-15,-0.0001,120.01,0
BottomS68509,10.2338,-0.8069,5.652e-19,5.334e-19,3.421e-19,0.0002,118.29,0
BottomS68516,10.0989,-0.7248,5.096e-20,6.041e-20,6.112e-20,0.0007,122.7,0
BottomS68517,10.2230,-0.6864,2.757e-20,3.370e-20,3.692e-20,0.0003,121.42,0
BottomS68521,10.1125,-0.8528,4.155e-20,5.087e-20,5.707e-20,-0.0003,120.58,0
BottomS68529,10.3149,-0.7379,2.993e-20,3.650e-20,3.964e-20,-0.0003,118.76,0
BottomS68538,10.2204,-0.8453,1.008e-18,1.999e-18,6.186e-18,0.0006,119.37,0
BottomS68540,10.1900,-0.6668,8.491e-18,6.414e-18,2.696e-18,0.0013,123.27,0
BottomS68546,10.1287,-0.8196,3.110e-20,3.537e-20,3.274e-20,-0.0005,121.38,0
BottomS68555,10.2023,-0.7532,9.441e-19,9.072e-19,5.809e-19,0.0001,123.15,0
BottomS68556,10.1676,-0.8508,7.627e-20,8.435e-20,7.352e-20,0.0003,120.0,0
BottomS68558,10.1446,-0.6465,2.894e-20,3.297e-20,3.026e-20,0.0008,123.22,0
BottomS68562,10.2015,-0.7266,6.362e-19,5.873e-19,3.689e-19,0.0004,122.3,0
BottomS68566,10.1186,-0.8736,3.540e-14,2.560e-14,9.556e-15,-0.0004,118.39,0
BottomS68567,10.2146,-0.8379,3.198e-18,2.717e-18,1.418e-18,-0.0002,122.13,0
BottomS68571,10.1251,-0.7451,3.427e-18,5.910e-18,1.254e-17,-0.0005,121.1,0
BottomS68573,10.2989,-0.7505,8.181e-20,9.489e-20,9.326e-20,0.0006,120.52,0
BottomS68575,10.2157,-0.7771,1.206e-18,2.000e-18,4.273e-18,-0.0001,123.49,0
BottomS68577,10.3089,-0.8029,1.474e-20,1.932e-20,2.457e-20,-0.0008,121.41,0
BottomS68584,10.0263,-0.7081,7.141e-20,7.825e-20,6.869e-20,0.0006,121.66,0
BottomS68594,10.3290,-0.6889,3.113e-20,3.771e-20,3.998e-20,0.0009,119.43,0
BottomS68600,10.3223,-0.7233,1.446e-18,1.311e-18,7.504e-19,0.0003,120.62,0
BottomS68605,10.1584,-0.8335,1.788e-20,2.316e-20,2.851e-20,-0.0002,123.75,0
BottomS68612,10.1084,-0.8188,8.338e-19,7.299e-19,4.069e-19,-0.0002,119.67,0
BottomS68618,10.2336,-0.8644,4.313e-14,2.981e-14,1.041e-14,-0.0003,120.3,0
BottomS68624,10.2187,-0.8636,1.439e-18,2.709e-18,7.377e-18,-0.0004,120.25,0
BottomS68627,10.2265,-0.8523,9.618e-19,1.609e-18,3.475e-18,0.0002,120.23,0
BottomS68635,10.0673,-0.6914,1.477e-20,1.819e-20,2.037e-20,-0.0002,122.44,0
BottomS68636,10.3052,-0.7675,4.870e-20,5.767e-20,5.594e-20,-0.0001,123.47,0
BottomS68638,10.2683,-0.8016,3.822e-20,4.633e-20,4.983e-20,0.0002,117.36,0
BottomS68642,10.1058,-0.7028,6.479e-15,4.325e-15,1.393e-15,-0.0003,121.17,0
BottomS68648,10.2706,-0.7566,1.112e-18,1.966e-18,4.659e-18,0.0008,122.98,0
BottomS68650,10.1770,-0.7969,6.588e-19,1.434e-18,5.163e-18,-0.0007,119.06,0
BottomS68651,10.2331,-0.8484,3.773e-19,3.799e-19,2.791e-19,0.0004,122.31,0
BottomS68654,10.1395,-0.7872,5.506e-19,1.026e-18,2.729e-18,-0.0002,121.17,0
BottomS68656,10.1382,-0.7751,9.749e-19,8.828e-19,5.254e-19,0.0002,119.59,0
BottomS68657,10.1966,-0.6366,3.504e-20,4.558e-20,5.773e-20,0.0011,119.09,0
BottomS68661,10.1835,-0.7161,1.435e-19,1.572e-19,1.412e-19,0.0,119.31,0
BottomS68665,10.1097,-0.9246,1.714e-20,2.236e-20,2.708e-20,0.0001,119.3,0
BottomS68671,10.2268,-0.9127,4.680e-19,4.609e-19,3.299e-19,-0.0001,119.5,0
BottomS68675,10.2501,-0.6628,1.073e-20,1.366e-20,1.635e-20,0.0004,121.92,0
BottomS68676,10.2360,-0.7948,2.157e-20,2.728e-20,3.181e-20,-0.0006,118.34,0
BottomS68679,10.1455,-0.7831,8.745e-20,1.020e-19,1.021e-19,0.0,118.55,0
BottomS68687,10.2454,-0.8453,4.435e-18,3.784e-18,2.063e-18,-0.0007,119.95,0
BottomS68688,10.2630,-0.7988,6.360e-20,7.181e-20,6.774e-20,0.0004,120.12,0
BottomS68689,10.2178,-0.7050,1.253e-18,2.139e-18,4.659e-18,0.0007,123.61,0
BottomS68690,10.1572,-0.7622,4.490e-20,5.609e-20,6.362e-20,0.0001,120.3,0
BottomS68692,10.2641,-0.8160,4.930e-19,4.595e-19,2.890e-19,0.0002,119.28,0
BottomS68693,10.0688,-0.8244,2.015e-19,2.137e-19,1.729e-19,-0.0001,118.36,0
BottomS68696,10.2584,-0.8715,5.976e-19,5.515e-19,3.409e-19,-0.0004,119.09,0
BottomS68698,10.1249,-0.7097,2.364e-19,2.387e-19,1.699e-19,0.0005,117.86,0
BottomS68700,10.2433,-0.6419,3.473e-19,3.324e-19,2.270e-19,0.0001,121.74,0
BottomS68710,10.2115,-0.7610,1.689e-18,3.662e-18,1.318e-17,0.0001,120.49,0
BottomS68712,10.3004,-0.8521,2.875e-19,2.852e-19,2.006e-19,-0.0006,119.87,0
BottomS68713,10.1428,-0.6965,1.641e-19,1.742e-19,1.487e-19,-0.0007,120.3,0
BottomS68715,10.1356,-0.7237,9.371e-18,7.081e-18,2.862e-18,0.0007,123.62,0
BottomS68718,10.0663,-0.7559,1.546e-18,1.394e-18,8.100e-19,-0.0001,117.89,0
BottomS68725,10.0844,-0.7437,5.039e-19,4.847e-19,3.335e-19,-0.0007,119.6,0
BottomS68728,10.2056,-0.7471,1.049e-20,1.357e-20,1.698e-20,-0.0007,121.38,0
BottomS68736,10.0955,-0.7183,1.895e-20,2.431e-20,2.906e-20,0.0005,121.54,0
BottomS68737,10.1439,-0.6441,3.478e-14,3.215e-14,2.040e-14,0.0004,118.21,1
BottomS68746,10.1717,-0.7159,1.018e-20,1.409e-20,1.977e-20,-0.0002,122.15,0
BottomS68764,10.2621,-0.7951,1.583e-18,1.342e-18,7.197e-19,-0.0002,119.32,0
BottomS68770,10.1347,-0.7949,6.795e-19,1.252e-18,3.128e-18,-0.0003,123.1,0
BottomS68771,10.1814,-0.7807,4.632e-19,4.350e-19,2.768e-19,-0.0007,118.99,0
BottomS68772,10.2068,-0.9219,4.655e-20,5.211e-20,4.788e-20,0.0003,119.25,0
BottomS68774,10.2158,-0.8625,8.599e-19,7.669e-19,4.400e-19,-0.0001,119.3,0
BottomS68778,10.2538,-0.9249,1.957e-18,3.555e-18,8.842e-18,0.0002,122.68,0
BottomS68779,10.2187,-0.8363,3.353e-19,3.380e-19,2.533e-19,-0.0004,117.67,0
BottomS68781,10.0926,-0.6382,3.747e-18,3.037e-18,1.490e-18,0.0001,123.2,0
BottomS68783,10.2394,-0.6950,3.945e-20,4.504e-20,4.410e-20,-0.0004,123.28,0
BottomS68788,10.2630,-0.6773,1.177e-20,1.564e-20,2.000e-20,0.0004,122.2,0
BottomS68792,10.4159,-0.7617,1.426e-18,3.596e-18,1.756e-17,0.001,118.83,1
BottomS68795,10.1304,-0.8378,6.192e-20,6.739e-20,5.898e-20,0.0004,120.05,0
BottomS68797,10.0622,-0.8762,1.338e-20,1.739e-20,2.157e-20,0.0003,123.76,0
BottomS68807,10.0773,-0.7626,9.631e-20,1.064e-19,8.954e-20,0.0003,120.18,0
BottomS68810,10.3039,-0.8330,3.084e-19,3.005e-19,1.993e-19,0.0001,117.65,0
BottomS68813,10.1962,-0.6555,2.079e-19,2.097e-19,1.539e-19,0.001,120.17,0
BottomS68814,10.1836,-0.7523,1.113e-19,1.201e-19,1.014e-19,-0.0004,122.36,0
BottomS68817,10.3586,-0.7501,4.582e-15,3.047e-15,9.697e-16,0.0002,123.7,0
BottomS68823,10.2278,-0.7851,1.001e-20,1.283e-20,1.572e-20,-0.0001,123.36,0
BottomS68829,10.1753,-0.8688,2.419e-19,2.452e-19,1.854e-19,0.0001,118.95,0
BottomS68832,10.1656,-0.6861,2.634e-20,3.302e-20,3.858e-20,0.0001,117.52,0
BottomS68839,10.0332,-0.7799,1.547e-19,1.639e-19,1.314e-19,0.0008,123.91,0
BottomS68842,10.1829,-0.7192,2.147e-19,2.194e-19,1.664e-19,0.001,118.85,0
BottomS68846,10.3285,-0.8002,3.077e-18,2.612e-18,1.375e-18,0.0002,124.08,0
BottomS68849,10.3144,-0.7954,2.170e-20,2.673e-20,2.967e-20,0.0006,120.03,0
BottomS68851,10.3463,-0.8170,4.802e-20,5.862e-20,6.493e-20,-0.0004,122.86,0
BottomS68858,10.1982,1.4674,1.356e-19,1.476e-19,1.236e-19,0.0005,114.21,0
BottomS68859,10.1978,1.2459,2.990e-18,6.010e-18,1.873e-17,-0.0004,115.24,0
BottomS68862,10.2233,1.3850,6.366e-19,6.222e-19,4.237e-19,-0.0001,114.75,0
BottomS68865,10.1826,1.3602,3.850e-14,2.666e-14,9.091e-15,0.0004,115.08,0
BottomS68866,10.2463,1.4337,2.749e-20,3.480e-20,4.044e-20,-0.0002,114.21,0
BottomS68867,10.2202,1.4306,1.977e-20,2.531e-20,2.919e-20,0.0009,114.13,0
BottomS68870,10.1830,1.4003,5.496e-20,6.087e-20,5.295e-20,-0.0001,114.89,0
BottomS68879,10.2385,1.3941,2.401e-18,3.981e-18,7.919e-18,-0.0007,114.24,0
BottomS68882,10.1969,1.4362,1.570e-18,2.972e-18,8.509e-18,0.0001,114.38,0
BottomS68885,10.1964,1.4019,6.813e-19,6.560e-19,4.455e-19,0.0002,114.73,0
BottomS68893,10.2066,1.3733,1.006e-18,9.164e-19,5.366e-19,-0.0005,115.16,0
BottomS68894,10.2131,1.3663,5.051e-20,5.785e-20,5.317e-20,0.0004,115.1,0
BottomS68896,10.2300,1.4046,1.090e-18,9.933e-19,5.805e-19,0.0008,114.04,0
BottomS68902,10.1887,1.2705,1.759e-20,2.298e-20,2.809e-20,-0.0004,115.17,0
BottomS68906,10.2226,1.3850,7.156e-20,7.927e-20,7.291e-20,-0.0001,114.86,0
BottomS68907,10.2205,1.3753,7.751e-20,9.030e-20,8.773e-20,-0.0,114.95,0
BottomS68916,10.2203,1.3868,2.812e-18,6.155e-18,2.249e-17,0.0002,114.63,1
BottomS68919,10.1419,1.3392,1.804e-18,2.622e-18,3.999e-18,0.0002,114.99,0
BottomS68927,10.2132,1.3805,1.000e-18,1.551e-18,2.795e-18,0.0004,114.91,0
BottomS68929,10.2216,1.3853,1.315e-18,2.581e-18,7.501e-18,-0.0005,114.81,0
BottomS68945,10.2758,1.4599,1.249e-18,1.084e-18,5.880e-19,-0.0005,114.11,0
BottomS68949,10.3510,1.4082,1.838e-19,1.936e-19,1.546e-19,0.0001,114.09,0
BottomS68950,10.2430,1.3861,8.493e-20,9.034e-20,7.444e-20,0.0011,114.53,0
BottomS68960,10.2336,1.4847,1.179e-20,1.599e-20,2.144e-20,0.0007,114.3,0
BottomS68961,10.0887,1.5087,2.187e-19,2.240e-19,1.712e-19,-0.0007,114.5,0
BottomS68977,10.2117,1.4250,5.403e-19,9.554e-19,2.212e-18,0.0001,114.18,0
BottomS68980,10.2287,1.4135,3.708e-18,3.180e-18,1.646e-18,-0.0004,114.31,0
BottomS68984,10.1981,1.4218,3.228e-19,3.059e-19,2.007e-19,0.0001,114.45,0
BottomS68989,10.1792,1.4186,9.297e-19,1.424e-18,2.381e-18,0.0003,114.42,0
BottomS68995,10.1965,1.4136,1.345e-19,1.475e-19,1.259e-19,-0.0002,114.34,0
BottomS68998,10.2098,1.3971,5.307e-20,6.238e-20,6.139e-20,-0.0003,114.55,0
BottomS69002,10.2448,1.3867,1.522e-20,1.976e-20,2.372e-20,-0.0009,114.4,0
BottomS69004,10.1733,1.3862,3.765e-19,3.802e-19,2.749e-19,0.0,114.86,0
BottomS69005,10.2049,1.3752,2.709e-20,3.287e-20,3.416e-20,-0.0005,115.05,0
BottomS69006,10.2201,1.3903,1.207e-19,1.314e-19,1.129e-19,0.0006,114.46,0
BottomS69009,10.1134,1.4387,3.029e-20,3.752e-20,4.110e-20,0.0006,114.87,0
BottomS69013,10.2113,1.3954,4.579e-19,7.505e-19,1.547e-18,-0.0001,114.57,0
BottomS69015,10.2216,1.3862,1.226e-19,1.300e-19,1.079e-19,0.0004,114.75,0
BottomS69028,10.2236,1.3907,1.371e-18,1.230e-18,7.267e-19,0.0007,114.49,0
BottomS69029,10.2372,1.3838,1.831e-14,2.210e-14,2.313e-14,0.0003,114.61,0
BottomS69030,10.1831,1.3756,2.100e-20,2.597e-20,2.902e-20,0.0,114.96,0
BottomS69032,10.2101,1.3774,2.907e-19,2.768e-19,1.841e-19,0.0006,114.93,0
BottomS69034,10.2298,1.3899,9.760e-19,9.110e-19,5.819e-19,-0.0007,114.37,0
BottomS69035,10.2176,1.4050,5.572e-20,6.457e-20,6.212e-20,-0.0,114.32,0
BottomS69038,10.2333,1.3643,7.106e-19,6.975e-19,4.780e-19,0.0009,114.86,0
BottomS69040,10.2213,1.3859,8.443e-19,1.582e-18,4.138e-18,-0.0001,114.71,0
BottomS69047,10.3246,1.4078,9.917e-20,1.024e-19,7.927e-20,0.0005,114.45,0
BottomS69049,10.1900,1.3482,5.672e-14,4.194e-14,1.629e-14,-0.0004,115.14,0
BottomS69052,10.2237,1.3855,2.277e-18,3.467e-18,6.059e-18,-0.0003,114.73,0
BottomS69057,10.2431,1.3987,1.281e-19,1.356e-19,1.075e-19,0.0003,114.35,0
BottomS69058,10.2292,1.3914,7.190e-19,7.024e-19,4.739e-19,-0.0,114.37,0
BottomS69061,10.2317,1.3878,5.489e-19,5.159e-19,3.300e-19,-0.0004,114.44,0
BottomS69064,10.2333,1.4074,1.446e-18,1.271e-18,7.471e-19,-0.0001,114.13,0
BottomS69070,10.2199,1.3947,2.630e-20,3.430e-20,4.140e-20,0.0001,114.45,0
BottomS69075,10.2283,1.2187,4.895e-20,5.432e-20,4.818e-20,0.0001,115.0,0
BottomS69077,10.3835,1.2803,9.434e-19,1.436e-18,2.443e-18,0.0009,114.75,0
BottomS69083,10.3265,1.3075,2.058e-14,1.439e-14,5.088e-15,0.0001,114.71,0
BottomS69086,10.2186,1.4063,1.572e-19,1.680e-19,1.388e-19,0.0004,114.38,0
BottomS69090,10.2172,1.4301,1.302e-18,3.011e-18,1.177e-17,-0.0002,114.02,0
BottomS69091,10.2165,1.3813,4.500e-20,5.078e-20,4.780e-20,0.0005,114.82,0
BottomS69092,10.1995,1.4032,1.540e-20,2.015e-20,2.432e-20,-0.0004,114.6,0
BottomS69096,10.2233,1.3891,4.036e-18,9.367e-18,3.965e-17,-0.0001,114.53,1
BottomS69097,10.2037,1.3770,1.255e-20,1.719e-20,2.364e-20,-0.0002,115.02,0
BottomS69099,10.2162,1.3850,4.063e-18,9.500e-18,4.118e-17,-0.0005,114.72,1
BottomS69102,10.3709,1.4279,2.425e-19,2.478e-19,1.886e-19,-0.0001,114.19,0
BottomS69108,10.2187,1.4060,3.988e-20,4.520e-20,4.202e-20,0.0008,114.31,0
BottomS69113,10.2473,1.4086,1.708e-20,1.928e-20,1.814e-20,-0.0003,114.05,0
BottomS69117,10.2219,1.4252,1.560e-18,2.893e-18,7.280e-18,-0.0005,114.24,0
BottomS69119,10.2478,1.3983,3.833e-19,3.929e-19,2.954e-19,-0.0007,114.08,0
BottomS69121,10.2609,1.3783,4.229e-20,4.806e-20,4.547e-20,-0.0006,114.42,0
BottomS69124,10.2006,1.3515,3.282e-19,3.358e-19,2.564e-19,0.0006,115.33,0
BottomS69129,10.2495,1.4018,7.737e-19,6.906e-19,3.892e-19,0.0006,114.31,0
BottomS69131,10.1842,1.4471,6.068e-18,1.241e-17,3.936e-17,0.0005,114.42,1
BottomS69133,10.2331,1.3970,4.077e-19,3.977e-19,2.761e-19,-0.0008,114.08,0
BottomS69137,10.2011,1.4049,7.637e-19,6.776e-19,3.872e-19,0.0001,114.72,0
BottomS69138,10.2212,1.3802,1.582e-20,2.106e-20,2.742e-20,-0.0006,115.03,0
BottomS69142,10.1805,1.3714,3.889e-19,3.897e-19,2.853e-19,-0.0003,114.92,0
BottomS69143,10.2016,1.4120,2.765e-19,2.672e-19,1.797e-19,-0.0003,114.48,0
BottomS69146,10.2315,1.3851,1.803e-20,2.332e-20,2.810e-20,0.0004,114.3,0
BottomS69147,10.2028,1.3646,6.184e-18,1.368e-17,5.228e-17,-0.0001,114.96,1
BottomS69151,10.2305,1.3594,1.014e-19,1.169e-19,1.120e-19,0.0007,115.02,0
BottomS69153,10.2257,1.3796,5.093e-14,3.887e-14,1.604e-14,0.0002,115.01,1
BottomS69154,10.2480,1.3882,2.263e-18,4.983e-18,1.876e-17,-0.0,114.35,1
BottomS69161,10.2321,1.3636,2.095e-18,1.778e-18,9.482e-19,0.0005,115.08,0
BottomS69162,10.1878,1.3773,9.129e-19,7.950e-19,4.492e-19,0.0005,115.16,0
BottomS69163,10.2361,1.4080,1.249e-18,2.259e-18,5.480e-18,0.0,114.22,0
BottomS69164,10.2528,1.3871,3.988e-19,3.847e-19,2.597e-19,0.0002,114.38,0
BottomS69166,10.2380,1.3793,3.538e-18,2.903e-18,1.455e-18,0.0002,114.78,0
BottomS69167,10.2373,1.3963,7.558e-19,7.038e-19,4.234e-19,0.0005,114.02,0
BottomS69168,10.2660,1.3838,2.643e-20,3.194e-20,3.320e-20,-0.0013,114.51,0
BottomS69170,10.2396,1.3614,3.477e-18,4.829e-18,6.775e-18,-0.0006,114.81,0
BottomS69173,10.2278,1.3981,8.353e-20,8.836e-20,7.232e-20,-0.0,114.17,0
BottomS69175,10.2391,1.3724,8.541e-20,9.622e-20,8.908e-20,0.0003,114.66,0
BottomS69177,10.1930,1.3701,1.715e-18,2.458e-18,3.623e-18,0.0008,115.04,0
BottomS69179,10.2198,1.3557,2.382e-19,2.370e-19,1.712e-19,-0.0008,115.27,0
BottomS69181,10.2289,1.3891,9.036e-19,1.410e-18,2.600e-18,0.0006,114.23,0
BottomS69182,10.2137,1.4003,4.166e-17,3.024e-17,1.138e-17,0.0006,114.48,0
BottomS69183,10.2029,1.3953,2.240e-19,2.342e-19,1.855e-19,-0.0001,114.75,0
BottomS69186,10.2279,1.3537,2.295e-20,2.949e-20,3.593e-20,0.0002,114.97,0
BottomS69189,10.2086,1.4152,4.447e-17,3.262e-17,1.262e-17,0.0009,114.5,0
BottomS69192,10.2092,1.3939,1.917e-20,2.307e-20,2.507e-20,0.0006,114.52,0
BottomS69194,10.2345,1.3794,7.237e-20,8.718e-20,9.109e-20,-0.0003,114.55,0
BottomS69198,10.2193,1.4014,1.553e-19,1.649e-19,1.318e-19,-0.0001,114.27,0
BottomS69203,10.2413,1.3691,1.081e-20,1.480e-20,2.057e-20,0.0005,114.63,0
BottomS69204,10.1796,1.4084,1.719e-18,1.538e-18,8.831e-19,0.0002,114.47,0
BottomS69205,10.2468,1.3511,1.070e-19,1.151e-19,9.773e-20,0.0003,115.11,0
BottomS69206,10.2220,1.3822,1.479e-18,2.981e-18,9.311e-18,-0.0002,114.85,0
BottomS69209,10.2354,1.4045,3.982e-19,7.894e-19,2.406e-18,-0.0002,114.3,0
BottomS69212,10.2422,1.3741,1.617e-18,1.432e-18,8.058e-19,0.0005,114.57,0
BottomS69213,10.2208,1.3979,4.008e-20,5.008e-20,5.551e-20,0.0001,114.37,0
BottomS69215,10.2206,1.3977,9.384e-15,1.277e-14,1.747e-14,0.0008,114.47,0
BottomS69219,10.2391,1.3795,1.065e-18,9.115e-19,4.787e-19,0.0001,114.79,0
BottomS69222,10.2253,1.4156,5.044e-18,9.683e-18,2.643e-17,-0.0004,114.28,0
BottomS69224,10.2231,1.3853,8.481e-19,1.237e-18,1.956e-18,0.0002,114.71,0
BottomS69227,10.2320,1.4008,8.171e-19,1.645e-18,5.137e-18,-0.0006,114.24,0
BottomS69228,10.2183,1.3993,5.686e-19,1.144e-18,3.454e-18,0.0001,114.23,0
BottomS69233,10.2185,1.3767,8.197e-18,6.575e-18,3.077e-18,0.0001,115.08,0
BottomS69234,10.1974,1.4037,5.381e-14,4.127e-14,1.737e-14,-0.0006,114.65,1
BottomS69235,10.2502,1.3997,4.542e-20,5.389e-20,5.388e-20,-0.001,114.05,0
BottomS69236,10.2268,1.3743,3.151e-14,2.765e-14,1.554e-14,0.0009,115.09,1
BottomS69237,10.2001,1.3719,3.319e-20,3.830e-20,3.799e-20,-0.0003,114.84,0
BottomS69238,10.2088,1.3666,1.172e-18,1.066e-18,6.590e-19,-0.0003,115.1,0
BottomS69239,10.2361,1.4061,2.029e-19,2.080e-19,1.625e-19,0.0001,114.08,0
BottomS69240,10.2476,1.3758,9.555e-19,1.579e-18,3.158e-18,0.0002,114.58,0
BottomS69241,10.2328,1.3667,3.778e-14,2.584e-14,8.892e-15,-0.0002,114.89,0
BottomS69244,10.2285,1.3981,2.539e-17,1.866e-17,7.368e-18,-0.0005,114.23,0
BottomS69247,10.2061,1.3925,1.903e-18,4.644e-18,2.184e-17,-0.0,114.46,1
BottomS69250,10.2115,1.4161,1.155e-17,8.788e-18,3.621e-18,-0.0013,114.31,1
BottomS69251,10.2189,1.3573,2.088e-18,3.317e-18,6.476e-18,0.0009,115.0,0
BottomS69252,10.2477,1.3828,8.334e-19,1.468e-18,3.454e-18,0.0006,114.29,0
BottomS69253,10.1922,1.3576,5.576e-19,9.940e-19,2.412e-18,-0.0007,115.12,0
BottomS69254,10.2099,1.3798,3.643e-19,6.219e-19,1.299e-18,-0.0015,114.98,0
BottomS69255,10.2416,1.3649,4.409e-19,4.071e-19,2.500e-19,-0.0,114.92,0
BottomS69256,10.2233,1.3717,4.814e-20,5.688e-20,5.826e-20,-0.0003,114.98,0
BottomS69257,10.2118,1.3842,1.187e-17,9.372e-18,4.038e-18,-0.0003,114.84,1
BottomS69259,10.2011,1.3925,3.100e-14,2.834e-14,1.691e-14,0.0002,114.76,1
BottomS69260,10.2280,1.3692,1.153e-18,1.012e-18,5.873e-19,0.0001,115.16,0
BottomS69261,10.2437,1.3627,6.903e-17,5.074e-17,1.910e-17,-0.0006,114.83,0
BottomS69262,10.2422,1.4208,4.731e-19,4.562e-19,3.042e-19,0.0006,114.32,0
BottomS69263,10.2092,1.4041,3.422e-20,3.864e-20,3.580e-20,0.0007,114.44,0
BottomS69264,10.2174,1.3722,2.113e-18,1.789e-18,9.087e-19,0.0,115.17,0
BottomS69266,10.2312,1.3721,1.638e-19,1.717e-19,1.358e-19,0.0007,114.98,0
BottomS69268,10.2305,1.4002,5.032e-20,6.403e-20,7.593e-20,0.0008,114.13,0
BottomS69269,10.1935,1.3761,9.091e-20,9.659e-20,7.858e-20,-0.001,115.01,0
BottomS69270,10.2431,1.3907,1.705e-18,3.159e-18,7.919e-18,0.0004,114.46,0
BottomS69271,10.2532,1.4227,7.743e-19,1.332e-18,2.888e-18,0.0001,113.98,0
BottomS69272,10.2097,1.3804,1.122e-18,1.003e-18,5.633e-19,0.0004,114.92,0
BottomS69276,10.2323,1.4061,7.193e-18,5.905e-18,2.837e-18,-0.0001,114.36,0
BottomS69277,10.2333,1.3780,1.198e-18,1.178e-18,8.009e-19,-0.0004,114.72,0
BottomS69278,10.2126,1.3848,5.759e-14,4.404e-14,1.918e-14,0.0007,114.72,1
BottomS69283,10.2024,1.3928,2.232e-18,1.969e-18,1.110e-18,0.0003,114.6,0
BottomS69284,10.2101,1.3935,3.131e-18,2.618e-18,1.307e-18,0.0004,114.8,0
BottomS69288,10.2376,1.3806,9.187e-20,1.089e-19,1.117e-19,0.0004,114.53,0
BottomS69291,10.2418,1.3788,1.041e-19,1.138e-19,9.988e-20,0.0005,114.61,0
BottomS69292,10.2123,1.3935,1.486e-18,1.339e-18,7.909e-19,-0.0003,114.64,0
BottomS69293,10.2108,1.3843,6.694e-20,7.349e-20,6.583e-20,-0.0012,114.82,0
BottomS69294,10.2288,1.3799,2.212e-20,2.610e-20,2.708e-20,0.0002,114.82,0
BottomS69297,10.2158,1.3987,7.072e-19,1.281e-18,3.141e-18,0.0005,114.54,0
BottomS69298,10.2461,1.3781,2.954e-20,3.709e-20,4.243e-20,-0.0001,114.63,0
BottomS69301,10.2359,1.3798,9.913e-20,1.130e-19,1.058e-19,0.0002,114.64,0
BottomS69307,10.2431,1.3738,1.854e-19,2.012e-19,1.647e-19,0.001,114.71,0
BottomS69310,10.2006,1.3947,1.657e-19,1.690e-19,1.268e-19,-0.0002,114.67,0
BottomS69313,10.2062,1.3928,4.513e-14,4.510e-14,3.295e-14,0.0004,114.74,1
BottomS69316,10.2362,1.3796,1.574e-14,1.050e-14,3.411e-15,0.0001,114.45,0
BottomS69318,10.2437,1.3762,1.511e-17,1.144e-17,4.794e-18,0.0005,114.54,1
BottomS69319,10.2120,1.3873,2.016e-19,2.044e-19,1.535e-19,-0.0,114.8,0
BottomS69320,10.2114,1.3909,2.556e-19,2.631e-19,2.026e-19,-0.0006,114.69,0
BottomS69321,10.2073,1.3939,2.011e-18,3.681e-18,9.283e-18,0.0005,114.68,0
BottomS69324,10.2415,1.3850,7.082e-18,1.597e-17,6.102e-17,0.0,114.5,1
BottomS69328,10.2452,1.3808,1.138e-17,8.427e-18,3.332e-18,0.0001,114.35,0
BottomS69331,10.2438,1.3775,6.037e-20,6.648e-20,5.982e-20,0.0001,114.63,0
BottomS69332,10.2005,1.3927,1.209e-18,3.160e-18,1.716e-17,0.0005,114.72,1
BottomS69334,10.2021,1.3937,3.419e-19,3.359e-19,2.325e-19,0.0004,114.72,0
BottomS69335,10.2425,1.3764,5.544e-14,3.902e-14,1.362e-14,0.0006,114.74,0
BottomS69336,10.2404,1.3793,1.097e-18,2.523e-18,1.027e-17,-0.0003,114.67,0
BottomS69339,10.1997,1.3967,7.553e-19,1.138e-18,1.856e-18,0.0005,114.58,0
BottomS69343,10.2019,1.3953,1.754e-18,3.274e-18,8.595e-18,0.0004,114.76,0
BottomS69345,10.2408,1.3729,1.932e-18,1.655e-18,8.508e-19,-0.0001,114.92,0
BottomS69348,10.1985,1.3981,1.085e-18,9.775e-19,5.856e-19,-0.0006,114.54,0
BottomS69349,10.2446,1.3734,6.545e-14,4.835e-14,1.985e-14,0.0003,114.54,0
BottomS69352,10.2467,1.3738,1.718e-18,1.576e-18,9.302e-19,0.0003,114.62,0
BottomS69353,10.2083,1.3955,1.053e-18,9.525e-19,5.603e-19,0.0007,114.7,0
BottomS69354,10.2005,1.3916,9.852e-19,1.787e-18,4.410e-18,0.0009,114.74,0
BottomS69355,10.2133,1.4004,1.828e-19,1.919e-19,1.552e-19,0.0001,114.45,0
BottomS69357,10.2479,1.3768,3.040e-20,3.528e-20,3.492e-20,-0.0005,114.49,0
BottomS69358,10.2509,1.3717,5.206e-18,1.281e-17,5.779e-17,-0.001,114.59,1
BottomS69362,10.2570,1.3799,7.868e-14,6.185e-14,2.766e-14,-0.0008,114.61,1
BottomS69363,10.2493,1.3773,2.725e-18,2.364e-18,1.241e-18,0.0001,114.37,0
BottomS69365,10.2494,1.3787,5.668e-19,5.517e-19,3.765e-19,0.0001,114.62,0
BottomS69369,10.2404,1.3762,1.332e-18,2.429e-18,6.162e-18,0.0004,114.52,0
BottomS69371,10.2513,1.3746,2.014e-17,1.594e-17,7.065e-18,-0.0007,114.43,1
BottomS69372,10.2014,1.3955,2.984e-18,2.655e-18,1.554e-18,-0.0001,114.58,0
BottomS69373,10.2466,1.3744,1.155e-20,1.543e-20,2.046e-20,0.001,114.39,0
BottomS69375,10.1997,1.3931,8.532e-19,1.415e-18,2.938e-18,-0.0004,114.71,0
BottomS69376,10.2535,1.3745,2.040e-14,1.370e-14,4.600e-15,-0.0002,114.54,0
BottomS69383,10.2537,1.3714,2.926e-18,2.477e-18,1.286e-18,-0.0004,114.51,0
BottomS69384,10.1988,1.3957,6.818e-18,5.272e-18,2.302e-18,-0.0011,114.69,0
BottomS69388,10.1948,1.3944,7.518e-19,1.578e-18,5.259e-18,0.0004,114.54,0
BottomS69392,10.2453,1.3712,3.269e-18,2.762e-18,1.454e-18,-0.0005,114.67,0
BottomS69396,10.2597,1.3771,2.543e-20,3.127e-20,3.524e-20,0.0001,114.6,0
BottomS69398,10.2589,1.3776,1.328e-18,1.150e-18,6.231e-19,0.0002,114.32,0
BottomS69399,10.2478,1.3817,6.045e-19,1.205e-18,3.709e-18,0.0006,114.5,0
BottomS69401,10.2573,1.3730,7.365e-20,8.468e-20,7.955e-20,0.0006,114.63,0
BottomS69402,10.2626,1.3766,1.009e-18,9.578e-19,5.992e-19,-0.0,114.46,0
BottomS69403,10.1994,1.3926,6.395e-18,4.994e-18,2.296e-18,-0.0003,114.77,0
BottomS69404,10.1926,1.3968,2.030e-18,3.019e-18,4.878e-18,0.0006,114.67,0
BottomS69406,10.2583,1.3645,4.704e-14,4.372e-14,2.801e-14,-0.0001,114.71,1
BottomS69407,10.2608,1.3749,1.445e-18,2.556e-18,5.974e-18,0.0004,114.44,0
BottomS69410,10.1902,1.3974,9.753e-19,8.779e-19,5.046e-19,-0.0009,114.71,0
BottomS69414,10.1928,1.3960,1.903e-20,2.320e-20,2.513e-20,0.0004,114.85,0
BottomS69415,10.2633,1.3704,1.856e-18,3.493e-18,9.331e-18,-0.0,114.5,0
BottomS69417,10.2641,1.3756,2.583e-18,2.348e-18,1.375e-18,-0.0002,114.47,0
BottomS69420,10.2615,1.3737,6.620e-20,7.440e-20,6.668e-20,-0.0001,114.62,0
BottomS69425,10.2559,1.3698,9.967e-19,8.973e-19,5.225e-19,-0.0002,114.73,0
BottomS69426,10.2572,1.3636,1.161e-18,1.628e-18,2.320e-18,0.0003,114.65,0
BottomS69427,10.1869,1.4029,8.793e-20,9.505e-20,7.951e-20,0.0002,114.71,0
BottomS69429,10.1807,1.4033,5.176e-18,4.189e-18,2.009e-18,-0.0,114.74,0
BottomS69431,10.2623,1.3723,1.621e-18,1.333e-18,6.315e-19,0.0002,114.71,0
BottomS69432,10.1886,1.3990,8.273e-20,9.761e-20,9.549e-20,0.0002,114.58,0
BottomS69433,10.1844,1.4015,2.386e-18,2.108e-18,1.183e-18,-0.0003,114.76,0
BottomS69435,10.1924,1.3948,9.115e-19,8.341e-19,4.971e-19,0.0,114.66,0
BottomS69437,10.2663,1.3692,9.863e-19,1.920e-18,5.435e-18,0.0008,114.39,0
BottomS69438,10.1813,1.4000,9.467e-19,1.811e-18,5.106e-18,0.0006,114.72,0
BottomS69439,10.1848,1.4048,6.971e-20,8.435e-20,8.851e-20,0.0,114.66,0
BottomS69441,10.1829,1.3976,7.433e-19,6.752e-19,4.105e-19,-0.0001,114.76,0
BottomS69442,10.1791,1.3990,5.066e-14,3.726e-14,1.455e-14,-0.0001,114.74,0
BottomS69447,10.2669,1.3665,1.430e-20,1.882e-20,2.396e-20,0.0003,114.51,0
BottomS69450,10.2787,1.3710,1.256e-20,1.661e-20,2.077e-20,-0.0006,114.44,0
BottomS69452,10.1765,1.4031,2.588e-18,2.213e-18,1.149e-18,-0.0006,114.82,0
BottomS69453,10.2724,1.3592,3.651e-18,3.075e-18,1.606e-18,0.0005,114.82,0
BottomS69455,10.1807,1.4052,5.399e-14,3.752e-14,1.322e-14,0.0002,114.65,0
BottomS69456,10.2704,1.3669,3.599e-19,6.128e-19,1.339e-18,0.0001,114.65,0
BottomS69463,10.1817,1.4089,3.674e-20,4.356e-20,4.336e-20,-0.0006,114.52,0
BottomS69464,10.2728,1.3719,1.235e-17,9.321e-18,4.013e-18,-0.0005,114.52,1
BottomS69465,10.1750,1.4037,2.179e-18,1.975e-18,1.149e-18,0.0004,114.66,0
BottomS69466,10.1698,1.4088,1.344e-17,1.032e-17,4.554e-18,0.0006,114.83,1
BottomS69467,10.2737,1.3611,2.171e-17,1.648e-17,6.769e-18,-0.0003,114.61,1
BottomS69469,10.1763,1.4167,5.744e-17,4.148e-17,1.577e-17,0.0003,114.83,0
BottomS69470,10.1798,1.4217,4.112e-14,2.844e-14,9.966e-15,0.0001,114.58,0
BottomS69471,10.2685,1.3487,2.221e-18,1.866e-18,9.621e-19,0.0002,114.75,0
BottomS69472,10.2676,1.3435,1.227e-16,8.845e-17,3.256e-17,0.0001,114.78,0
BottomS69473,10.2659,1.3397,3.944e-20,4.853e-20,5.543e-20,0.0003,114.76,0
BottomS69474,10.1852,1.4308,1.624e-18,2.323e-18,3.514e-18,-0.0002,114.45,0
BottomS69475,10.2596,1.3359,7.288e-18,6.024e-18,2.813e-18,0.0002,115.03,0
BottomS69476,10.1953,1.4379,3.420e-16,2.339e-16,7.719e-17,0.001,114.25,0
BottomS69477,10.1946,1.4417,6.547e-20,7.682e-20,7.508e-20,-0.0001,114.3,0
BottomS69478,10.2462,1.3289,1.244e-17,9.290e-18,3.705e-18,0.0008,115.07,0
BottomS69479,10.2504,1.3247,3.345e-20,4.326e-20,5.186e-20,0.0004,115.12,0
BottomS69480,10.2011,1.4476,4.594e-18,3.895e-18,2.063e-18,0.0004,114.27,0
BottomS69481,10.2414,1.3223,3.334e-17,2.390e-17,9.125e-18,0.0001,115.05,0
BottomS69482,10.2372,1.3193,1.051e-17,8.562e-18,3.974e-18,-0.0001,114.98,0
BottomS69483,10.2134,1.4527,2.704e-17,2.053e-17,8.379e-18,-0.0011,114.34,1
BottomS69484,10.2321,1.3173,2.943e-17,2.171e-17,8.860e-18,0.0006,115.08,0
BottomS69485,10.2210,1.4535,4.091e-17,3.002e-17,1.234e-17,0.0,114.13,0
BottomS69486,10.2255,1.4595,3.808e-20,4.549e-20,4.759e-20,0.0012,113.89,0
BottomS69487,10.2196,1.3114,1.966e-18,1.694e-18,9.472e-19,0.0006,115.14,0
BottomS69488,10.2317,1.4547,1.292e-16,8.620e-17,2.891e-17,-0.0004,114.3,0
BottomS69489,10.2108,1.3144,5.471e-17,4.038e-17,1.543e-17,-0.0001,115.24,0
BottomS69490,10.2055,1.3111,2.294e-19,2.353e-19,1.817e-19,-0.0005,115.24,0
BottomS69491,10.2015,1.3099,2.483e-17,1.929e-17,8.141e-18,-0.0006,115.16,1
BottomS69492,10.1969,1.3103,6.056e-14,4.671e-14,1.964e-14,-0.0002,115.04,1
BottomS69493,10.1937,1.3130,1.493e-18,1.307e-18,7.384e-19,-0.0003,115.17,0
BottomS69494,10.1893,1.3143,1.096e-18,1.017e-18,6.478e-19,-0.0008,115.18,0
BottomS69495,10.2613,1.4492,2.221e-16,1.536e-16,5.162e-17,-0.0001,114.08,0
BottomS69496,10.2696,1.4580,4.949e-19,4.882e-19,3.531e-19,-0.0,114.15,0
BottomS69498,10.1744,1.3251,5.545e-16,3.867e-16,1.307e-16,0.0004,115.28,0
BottomS69499,10.1701,1.3272,5.480e-17,4.060e-17,1.596e-17,-0.0005,115.23,0
BottomS69500,10.2814,1.4386,1.541e-15,1.025e-15,3.325e-16,0.0003,114.05,0
BottomS69501,10.1604,1.3303,4.142e-14,3.292e-14,1.436e-14,-0.0007,115.13,1
BottomS69502,10.2900,1.4357,2.841e-18,2.385e-18,1.209e-18,-0.0001,114.24,0
BottomS69503,10.1510,1.3400,1.165e-16,8.396e-17,3.261e-17,0.0003,115.11,0
BottomS69504,10.2959,1.4327,4.242e-19,7.334e-19,1.607e-18,0.0005,114.08,0
BottomS69505,10.3009,1.4269,4.663e-17,3.426e-17,1.347e-17,0.0003,114.31,0
BottomS69506,10.3032,1.4226,9.566e-19,8.636e-19,5.093e-19,-0.0006,114.05,0
BottomS69507,10.1464,1.3542,4.697e-17,3.599e-17,1.577e-17,-0.0006,115.07,0
BottomS69508,10.3081,1.4140,5.126e-14,4.091e-14,1.820e-14,-0.0003,114.06,1
BottomS69509,10.1433,1.3600,7.763e-16,5.266e-16,1.725e-16,0.0,115.0,0
BottomS69510,10.3087,1.4063,9.973e-19,8.653e-19,4.726e-19,0.0003,114.19,0
BottomS69512,10.1327,1.3746,1.093e-18,9.745e-19,5.760e-19,0.0004,115.0,0
BottomS69513,10.1362,1.3810,9.557e-19,1.772e-18,4.606e-18,-0.0001,115.01,0
BottomS69514,10.3133,1.3847,1.867e-16,1.313e-16,4.697e-17,-0.0001,114.37,0
BottomS69515,10.1313,1.3926,8.573e-17,6.076e-17,2.210e-17,-0.0001,114.78,0
BottomS69516,10.1344,1.3947,3.133e-18,2.669e-18,1.354e-18,-0.0003,114.78,0
BottomS69517,10.1350,1.4005,1.765e-15,1.167e-15,3.755e-16,0.0018,114.66,0
BottomS69518,10.3155,1.3653,3.039e-18,7.176e-18,3.020e-17,0.0001,114.26,1
BottomS69519,10.1291,1.4135,5.111e-16,1.804e-15,1.784e-14,0.0014,115.11,0
BottomS69520,10.3129,1.3540,3.081e-17,2.226e-17,8.506e-18,-0.0003,114.57,0
BottomS69521,10.3154,1.3469,4.193e-14,2.901e-14,1.001e-14,-0.0009,114.41,0
BottomS69522,10.3047,1.3465,5.540e-19,9.192e-19,1.860e-18,-0.0005,114.71,0
BottomS69523,10.1435,1.4321,1.977e-17,1.529e-17,6.813e-18,0.0002,114.75,1
BottomS69524,10.1466,1.4378,8.336e-18,6.924e-18,3.317e-18,-0.0003,114.62,0
BottomS69525,10.3023,1.3306,2.039e-20,2.579e-20,3.144e-20,-0.0001,114.48,0
BottomS69526,10.2995,1.3259,1.056e-17,8.308e-18,3.707e-18,0.0009,114.6,1
BottomS69527,10.2906,1.3225,7.126e-17,5.299e-17,2.074e-17,-0.001,114.87,0
BottomS69528,10.1600,1.4527,1.439e-16,9.918e-17,3.481e-17,0.0,114.51,0
BottomS69530,10.2814,1.3046,2.309e-17,1.691e-17,6.685e-18,0.0002,114.66,0
BottomS69531,10.1669,1.4662,1.745e-17,1.327e-17,5.609e-18,0.0008,114.28,1
BottomS69533,10.1751,1.4740,2.816e-18,5.170e-18,1.314e-17,-0.0006,114.04,0
BottomS69534,10.1873,1.4716,4.157e-17,3.010e-17,1.168e-17,0.0,114.41,0
BottomS69535,10.2594,1.2982,2.123e-17,1.680e-17,7.654e-18,0.0003,114.92,1
BottomS69536,10.1967,1.4805,1.715e-20,2.102e-20,2.343e-20,0.0004,114.22,0
BottomS69538,10.2055,1.4792,1.317e-16,9.337e-17,3.395e-17,0.0008,114.08,0
BottomS69539,10.2373,1.2795,7.894e-17,5.676e-17,2.112e-17,0.0001,115.1,0
BottomS69540,10.2177,1.4875,1.221e-16,8.590e-17,3.148e-17,-0.0008,114.07,0
BottomS69541,10.2253,1.4869,2.191e-16,1.533e-16,5.326e-17,0.0003,113.79,0
BottomS69542,10.2145,1.2823,2.424e-16,1.709e-16,5.957e-17,0.0005,115.09,1
BottomS69543,10.2155,1.2868,4.111e-18,3.489e-18,1.856e-18,-0.0001,115.17,0
BottomS69544,10.2462,1.4906,2.446e-17,1.922e-17,8.256e-18,-0.0003,113.92,1
BottomS69545,10.2455,1.4820,1.760e-17,1.301e-17,5.333e-18,-0.0006,114.17,1
BottomS69546,10.2539,1.4859,2.711e-17,1.969e-17,7.650e-18,0.0006,114.1,0
BottomS69547,10.1883,1.2868,6.166e-19,5.907e-19,3.753e-19,-0.0001,115.1,0
BottomS69548,10.2660,1.4821,1.303e-18,1.142e-18,6.412e-19,-0.0001,113.87,0
BottomS69549,10.1768,1.2913,4.630e-18,3.927e-18,2.043e-18,0.0,115.42,0
BottomS69550,10.1726,1.2930,1.769e-18,2.822e-18,5.240e-18,0.0003,115.28,0
BottomS69551,10.2836,1.4786,3.374e-17,2.439e-17,9.398e-18,0.0004,114.02,0
BottomS69552,10.1621,1.2993,1.201e-17,9.915e-18,4.890e-18,0.0004,115.2,0
BottomS69553,10.2929,1.4684,6.347e-17,4.620e-17,1.790e-17,-0.0003,113.85,0
BottomS69554,10.1515,1.3059,9.957e-19,1.913e-18,5.431e-18,0.0003,115.29,0
BottomS69555,10.1440,1.3084,9.731e-18,7.330e-18,3.067e-18,0.0012,115.25,1
BottomS69556,10.3127,1.4659,3.550e-14,2.463e-14,8.436e-15,0.0,114.18,0
BottomS69557,10.3144,1.4510,1.531e-16,1.085e-16,3.887e-17,0.0008,114.11,0
BottomS69558,10.3179,1.4503,3.051e-18,2.700e-18,1.499e-18,0.0002,114.11,0
BottomS69559,10.3260,1.4507,1.703e-16,1.218e-16,4.473e-17,-0.0004,114.24,0
BottomS69560,10.3248,1.4375,2.802e-18,2.454e-18,1.356e-18,0.0008,114.05,0
BottomS69561,10.3302,1.4401,4.179e-20,4.819e-20,4.617e-20,0.0012,114.31,0
BottomS69562,10.3295,1.4329,1.588e-17,1.243e-17,5.569e-18,-0.0003,113.92,1
BottomS69563,10.3402,1.4250,2.456e-18,2.014e-18,9.898e-19,0.0004,113.96,0
BottomS69564,10.3377,1.4139,1.535e-18,1.335e-18,7.417e-19,0.001,114.22,0
BottomS69565,10.1145,1.3561,3.253e-17,2.362e-17,8.999e-18,0.0002,115.09,0
BottomS69566,10.3408,1.4040,2.222e-17,1.678e-17,7.088e-18,0.0001,114.26,1
BottomS69567,10.1109,1.3624,2.328e-18,1.996e-18,1.038e-18,0.0007,115.0,0
BottomS69568,10.1048,1.3794,4.819e-19,4.851e-19,3.398e-19,0.0004,115.12,0
BottomS69569,10.3406,1.3843,4.115e-17,3.042e-17,1.205e-17,0.0002,114.8,0
BottomS69570,10.3424,1.3762,8.248e-20,9.686e-20,1.001e-19,0.0003,114.53,0
BottomS69571,10.3461,1.3705,3.931e-17,2.827e-17,1.093e-17,-0.0006,114.71,0
BottomS69572,10.3433,1.3649,1.960e-17,1.543e-17,6.839e-18,0.0001,114.3,1
BottomS69573,10.3417,1.3592,9.077e-18,7.472e-18,3.653e-18,-0.0006,114.56,0
BottomS69574,10.3460,1.3496,1.209e-18,1.105e-18,6.983e-19,0.0007,114.51,0
BottomS69575,10.1108,1.4262,3.278e-17,2.533e-17,1.086e-17,0.001,114.81,1
BottomS69576,10.3377,1.3378,2.686e-16,1.897e-16,6.613e-17,0.0008,114.79,0
BottomS69577,10.1187,1.4369,3.233e-18,4.198e-18,5.284e-18,-0.0001,114.84,0
BottomS69578,10.1152,1.4444,3.257e-17,2.420e-17,9.729e-18,-0.0006,114.57,0
BottomS69579,10.3249,1.3208,1.354e-17,1.075e-17,5.076e-18,-0.0,114.71,0
BottomS69580,10.3159,1.3190,5.075e-17,3.680e-17,1.420e-17,0.0003,114.47,0
BottomS69581,10.1342,1.4607,1.388e-16,9.660e-17,3.467e-17,-0.0,114.65,0
BottomS69582,10.1373,1.4658,8.951e-17,6.699e-17,2.707e-17,0.0007,114.57,0
BottomS69583,10.3065,1.2992,6.240e-18,4.938e-18,2.287e-18,0.0001,114.54,1
BottomS69584,10.1468,1.4827,1.267e-18,2.045e-18,3.937e-18,0.0003,114.44,0
BottomS69585,10.2941,1.2911,1.141e-16,7.884e-17,2.810e-17,-0.0001,114.96,0
BottomS69586,10.2873,1.2825,7.564e-19,1.286e-18,2.757e-18,0.0001,114.73,0
BottomS69587,10.2830,1.2808,6.478e-17,4.554e-17,1.668e-17,-0.0,115.08,0
BottomS69588,10.2824,1.2737,9.550e-19,9.023e-19,5.726e-19,0.0009,115.02,0
BottomS69589,10.2714,1.2651,2.225e-18,4.624e-18,1.528e-17,0.0011,114.93,0
BottomS69590,10.1807,1.5004,3.428e-17,2.479e-17,9.572e-18,0.0003,114.43,0
BottomS69591,10.2624,1.2656,5.117e-19,9.809e-19,2.708e-18,-0.0002,115.02,0
BottomS69592,10.2001,1.5064,6.983e-18,5.837e-18,2.845e-18,-0.0004,114.1,0
BottomS69593,10.2473,1.2647,4.682e-17,3.418e-17,1.282e-17,-0.0002,114.91,0
BottomS69594,10.2100,1.5086,2.514e-19,2.642e-19,2.079e-19,0.0004,114.29,0
BottomS69595,10.2306,1.2589,4.117e-18,3.512e-18,1.918e-18,0.0005,115.2,0
BottomS69596,10.2159,1.5060,3.321e-17,2.513e-17,1.027e-17,-0.0001,113.94,1
BottomS69597,10.2305,1.5147,9.613e-17,6.890e-17,2.485e-17,-0.0004,114.15,0
BottomS69598,10.2390,1.5143,3.191e-14,2.234e-14,7.867e-15,-0.0,114.15,0
BottomS69599,10.2478,1.5191,1.122e-16,7.882e-17,2.781e-17,-0.0002,113.75,0
BottomS69600,10.2593,1.5204,3.554e-18,2.996e-18,1.549e-18,-0.0005,114.06,0
BottomS69601,10.2632,1.5159,9.751e-17,7.002e-17,2.541e-17,0.0002,113.87,0
BottomS69602,10.2668,1.5077,3.481e-14,2.400e-14,8.146e-15,0.0005,113.94,0
BottomS69603,10.1754,1.2684,7.334e-18,5.789e-18,2.537e-18,0.0004,115.41,0
BottomS69604,10.1788,1.4100,1.791e-20,2.295e-20,2.704e-20,0.0005,114.67,0
BottomS69606,10.2640,1.3571,3.001e-18,5.915e-18,1.779e-17,-0.0002,114.6,0
BottomS69607,10.2636,1.3547,1.732e-19,1.765e-19,1.387e-19,-0.0003,114.73,0
BottomS69609,10.2617,1.3518,4.820e-19,4.491e-19,2.766e-19,-0.0001,114.87,0
BottomS69610,10.1868,1.4188,2.174e-17,1.593e-17,6.417e-18,-0.0004,114.33,0
BottomS69611,10.2550,1.3481,1.171e-18,1.043e-18,5.991e-19,-0.0006,114.9,0
BottomS69615,10.2630,1.3276,3.127e-16,2.111e-16,7.173e-17,0.0004,114.78,0
BottomS69617,10.1931,1.4359,7.510e-14,6.174e-14,2.974e-14,-0.0001,114.36,1
BottomS69618,10.2580,1.3356,8.182e-18,6.562e-18,2.976e-18,0.0017,114.84,0
BottomS69620,10.2018,1.4406,9.894e-20,1.066e-19,8.834e-20,0.0001,114.15,0
BottomS69623,10.2066,1.4418,2.274e-17,1.644e-17,6.231e-18,0.0004,114.36,0
BottomS69624,10.2341,1.3164,1.186e-20,1.438e-20,1.570e-20,0.0005,115.18,0
BottomS69626,10.2125,1.4418,3.105e-18,2.560e-18,1.237e-18,0.0001,114.21,0
BottomS69627,10.2308,1.3249,9.993e-20,1.042e-19,8.303e-20,0.0003,115.1,0
BottomS69628,10.2187,1.4574,3.957e-18,3.184e-18,1.550e-18,-0.0001,114.25,0
BottomS69629,10.2222,1.4486,1.483e-17,1.144e-17,5.012e-18,0.0004,114.14,1
BottomS69630,10.2312,1.4550,2.784e-19,2.741e-19,1.952e-19,-0.0011,114.11,0
BottomS69631,10.2310,1.4564,5.932e-19,5.657e-19,3.730e-19,0.0009,114.06,0
BottomS69635,10.2460,1.4633,3.081e-18,2.555e-18,1.255e-18,0.0009,113.9,0
BottomS69637,10.2483,1.4483,2.275e-14,1.612e-14,5.901e-15,0.0011,114.14,0
BottomS69638,10.2512,1.4485,8.597e-18,6.722e-18,2.912e-18,-0.0004,114.13,0
BottomS69639,10.2585,1.4588,1.324e-18,1.157e-18,6.583e-19,0.0002,114.03,0
BottomS69640,10.1928,1.3248,2.044e-20,2.559e-20,2.962e-20,0.0002,115.18,0
BottomS69641,10.2667,1.4564,2.997e-17,2.252e-17,9.259e-18,-0.0004,113.98,1
BottomS69642,10.2664,1.4589,7.508e-19,7.189e-19,4.926e-19,-0.001,113.84,0
BottomS69643,10.1823,1.3254,2.047e-17,1.490e-17,5.883e-18,-0.0003,115.25,0
BottomS69645,10.2731,1.4350,2.011e-18,1.686e-18,8.727e-19,-0.0001,114.23,0
BottomS69646,10.1759,1.3312,3.735e-19,3.605e-19,2.443e-19,-0.0,114.99,0
BottomS69647,10.1686,1.3260,8.446e-20,9.251e-20,7.842e-20,0.0001,115.12,0
BottomS69648,10.1664,1.3300,1.456e-18,2.538e-18,5.903e-18,0.0003,115.21,0
BottomS69650,10.1630,1.3356,1.176e-19,1.325e-19,1.229e-19,0.0002,115.17,0
BottomS69655,10.2927,1.4210,2.583e-18,4.592e-18,1.065e-17,0.0009,114.15,0
BottomS69657,10.1490,1.3568,7.215e-18,2.005e-17,1.226e-16,-0.0002,115.29,1
BottomS69660,10.2976,1.4078,5.641e-14,4.011e-14,1.444e-14,-0.0011,114.03,0
BottomS69662,10.3183,1.4035,2.311e-18,1.981e-18,1.069e-18,0.0,114.23,0
BottomS69663,10.3090,1.4005,1.575e-17,1.281e-17,6.206e-18,0.001,114.2,0
BottomS69664,10.3108,1.3970,2.428e-18,2.103e-18,1.129e-18,-0.0001,114.22,0
BottomS69665,10.3044,1.3939,5.297e-19,5.268e-19,3.858e-19,0.0001,114.23,0
BottomS69667,10.3050,1.3843,3.152e-19,5.053e-19,9.288e-19,-0.0006,114.65,0
BottomS69668,10.1461,1.3883,5.407e-19,5.166e-19,3.330e-19,-0.0004,115.13,0
BottomS69669,10.3140,1.3733,3.142e-20,3.766e-20,4.003e-20,0.0004,114.4,0
BottomS69670,10.1421,1.3961,3.170e-19,3.226e-19,2.447e-19,-0.002,114.72,0
BottomS69671,10.1425,1.4026,1.114e-18,1.018e-18,5.979e-19,0.0,114.93,0
BottomS69674,10.3114,1.3561,4.589e-20,5.555e-20,5.704e-20,-0.0003,114.69,0
BottomS69675,10.1456,1.4158,1.785e-17,1.449e-17,6.754e-18,0.0006,114.81,0
BottomS69676,10.3111,1.3474,3.249e-19,3.270e-19,2.337e-19,-0.0003,114.67,0
BottomS69677,10.1266,1.4321,1.844e-17,1.434e-17,6.403e-18,-0.0004,114.72,1
BottomS69678,10.3131,1.3382,1.757e-18,1.625e-18,9.812e-19,0.0007,114.5,0
BottomS69679,10.1436,1.4323,6.573e-19,1.098e-18,2.245e-18,-0.0007,114.54,0
BottomS69680,10.1457,1.4389,4.912e-20,5.514e-20,5.197e-20,-0.0004,114.75,0
BottomS69682,10.1516,1.4439,2.089e-18,1.805e-18,9.914e-19,0.0003,114.86,0
BottomS69684,10.1575,1.4504,1.968e-19,2.105e-19,1.762e-19,-0.0008,114.16,0
BottomS69685,10.1616,1.4527,1.750e-20,2.188e-20,2.504e-20,-0.0002,114.48,0
BottomS69686,10.1622,1.4556,1.995e-18,1.763e-18,9.960e-19,0.0011,114.57,0
BottomS69689,10.1769,1.4589,4.716e-17,3.293e-17,1.183e-17,-0.0003,114.29,0
BottomS69691,10.2770,1.3075,3.532e-18,3.002e-18,1.561e-18,0.001,114.78,0
BottomS69695,10.1990,1.4855,6.670e-19,6.034e-19,3.602e-19,0.0003,114.38,0
BottomS69696,10.1988,1.4806,3.616e-18,2.901e-18,1.379e-18,-0.0007,114.33,0
BottomS69698,10.2083,1.4846,4.230e-19,7.577e-19,1.848e-18,-0.0007,113.94,0
BottomS69699,10.2082,1.4959,8.712e-19,1.443e-18,3.033e-18,0.0008,114.35,0
BottomS69702,10.2176,1.4830,1.309e-17,9.856e-18,4.124e-18,0.0001,114.03,1
BottomS69703,10.2208,1.2796,2.089e-18,4.245e-18,1.288e-17,-0.0001,115.27,0
BottomS69704,10.2246,1.4806,4.217e-18,3.572e-18,1.812e-18,0.0003,114.16,0
BottomS69705,10.2377,1.4925,6.990e-14,5.242e-14,2.101e-14,0.0009,114.06,0
BottomS69706,10.2026,1.2726,3.287e-17,2.418e-17,9.268e-18,-0.0001,115.21,0
BottomS69710,10.1868,1.2778,5.085e-18,4.098e-18,1.946e-18,-0.0002,115.09,0
BottomS69711,10.2619,1.4805,1.287e-18,1.129e-18,6.276e-19,-0.0003,114.01,0
BottomS69712,10.2690,1.4875,3.167e-19,3.172e-19,2.203e-19,0.0003,114.25,0
BottomS69714,10.1713,1.2896,1.609e-20,2.025e-20,2.418e-20,-0.0003,115.13,0
BottomS69715,10.2855,1.4822,2.123e-18,1.887e-18,1.072e-18,-0.0002,114.18,0
BottomS69716,10.1618,1.2882,1.299e-18,1.096e-18,5.774e-19,-0.0001,115.15,0
BottomS69717,10.1580,1.2881,1.337e-17,1.029e-17,4.362e-18,-0.001,115.44,1
BottomS69718,10.2852,1.4645,5.145e-18,4.307e-18,2.234e-18,0.0013,114.16,0
BottomS69721,10.1414,1.2977,3.504e-19,3.576e-19,2.670e-19,0.0002,115.35,0
BottomS69722,10.3036,1.4591,2.400e-18,4.961e-18,1.578e-17,-0.0,114.25,0
BottomS69723,10.1358,1.3065,4.220e-18,3.390e-18,1.569e-18,-0.0008,115.48,0
BottomS69725,10.3128,1.4379,1.570e-18,1.411e-18,7.842e-19,-0.0003,113.81,0
BottomS69727,10.3178,1.4533,1.576e-18,1.278e-18,5.764e-19,0.0004,114.07,0
BottomS69729,10.1323,1.3363,5.028e-19,4.860e-19,3.352e-19,-0.0001,114.99,0
BottomS69730,10.1114,1.3447,1.137e-18,2.173e-18,5.847e-18,0.0008,115.16,0
BottomS69731,10.3297,1.4180,8.858e-20,9.929e-20,9.271e-20,-0.0011,113.97,0
BottomS69732,10.3318,1.4324,9.555e-19,8.933e-19,5.614e-19,-0.0001,114.07,0
BottomS69733,10.3210,1.4270,6.762e-18,5.472e-18,2.625e-18,-0.0003,114.09,0
BottomS69734,10.1251,1.3544,2.429e-18,3.389e-18,4.903e-18,-0.0007,115.31,0
BottomS69736,10.3322,1.4054,8.124e-20,8.833e-20,7.464e-20,-0.0,114.37,0
BottomS69737,10.3361,1.4036,1.673e-18,1.486e-18,8.465e-19,-0.0001,114.21,0
BottomS69738,10.1021,1.3745,7.534e-14,5.848e-14,2.563e-14,-0.0002,114.79,1
BottomS69739,10.1052,1.3788,1.393e-17,3.757e-17,2.106e-16,0.0003,114.88,1
BottomS69740,10.3414,1.3865,6.597e-19,6.290e-19,4.184e-19,-0.0003,114.52,0
BottomS69741,10.0955,1.3987,4.897e-19,4.800e-19,3.363e-19,0.0002,114.78,0
BottomS69742,10.1143,1.3943,4.022e-18,3.344e-18,1.606e-18,0.0001,114.85,0
BottomS69745,10.3418,1.3568,2.299e-19,2.462e-19,1.991e-19,0.0,114.34,0
BottomS69746,10.0936,1.4231,3.450e-19,3.330e-19,2.273e-19,0.0,114.76,0
BottomS69750,10.1143,1.4372,2.523e-16,1.750e-16,6.130e-17,-0.0,114.76,0
BottomS69752,10.1233,1.4419,5.016e-19,4.692e-19,2.927e-19,0.0004,114.61,0
BottomS69753,10.1316,1.4433,4.925e-19,9.959e-19,3.031e-18,0.0004,114.65,0
BottomS69754,10.3182,1.3202,8.280e-20,9.286e-20,8.259e-20,0.0001,114.68,0
BottomS69755,10.3337,1.3052,1.022e-20,1.409e-20,1.954e-20,0.0002,114.51,0
BottomS69757,10.1373,1.4636,1.070e-18,1.745e-18,3.333e-18,0.0005,114.45,0
BottomS69758,10.3079,1.3043,1.927e-17,1.518e-17,6.645e-18,-0.0006,115.03,1
BottomS69762,10.1477,1.4744,8.575e-19,7.937e-19,4.775e-19,0.001,114.37,0
BottomS69763,10.1608,1.4921,1.496e-18,2.747e-18,7.223e-18,-0.0006,114.35,0
BottomS69764,10.1644,1.4892,3.301e-18,2.907e-18,1.594e-18,-0.0009,114.33,0
BottomS69770,10.2033,1.5135,2.255e-18,3.820e-18,8.500e-18,-0.0006,114.13,0
BottomS69771,10.2474,1.2628,3.128e-17,2.363e-17,9.716e-18,-0.0003,114.85,1
BottomS69772,10.2470,1.2632,1.425e-18,2.930e-18,9.361e-18,-0.0001,115.02,0
BottomS69774,10.2409,1.2705,6.950e-19,6.910e-19,5.012e-19,-0.0002,114.88,0
BottomS69775,10.2203,1.5103,1.252e-18,1.147e-18,6.828e-19,0.0003,114.23,0
BottomS69776,10.2144,1.5159,5.545e-17,3.838e-17,1.327e-17,-0.001,114.24,0
BottomS69777,10.2313,1.5267,1.022e-18,9.283e-19,5.445e-19,-0.0007,114.16,0
BottomS69778,10.2187,1.2688,7.966e-19,1.365e-18,2.967e-18,-0.0004,115.11,0
BottomS69780,10.2429,1.5013,5.704e-19,9.273e-19,1.820e-18,0.0002,113.97,0
BottomS69781,10.1989,1.2633,4.589e-19,4.416e-19,2.989e-19,0.0,115.47,0
BottomS69783,10.2603,1.5078,6.587e-19,1.078e-18,2.122e-18,0.0006,114.06,0
BottomS69785,10.2818,1.5259,3.560e-18,3.227e-18,1.827e-18,0.0001,113.89,0
BottomS69786,10.1726,1.2736,1.052e-18,1.759e-18,3.767e-18,-0.0004,115.17,0
BottomS69787,10.2886,1.5154,3.028e-16,2.069e-16,7.031e-17,0.0003,114.08,0
BottomS69789,10.3014,1.5124,1.100e-17,8.419e-18,3.568e-18,0.0,113.86,1
BottomS69790,10.2852,1.4702,6.227e-19,5.882e-19,3.822e-19,0.0001,114.03,0
BottomS69795,8.5717,-3.0508,1.335e-18,1.191e-18,6.703e-19,0.0003,119.52,0
BottomS69799,8.5413,-3.0597,2.631e-20,3.192e-20,3.317e-20,-0.0007,118.49,0
BottomS69801,8.5866,-3.0896,2.067e-18,3.937e-18,1.069e-17,0.0002,120.92,0
BottomS69802,8.5638,-3.0823,1.737e-19,1.685e-19,1.156e-19,-0.0005,119.99,0
BottomS69804,8.5436,-3.0784,9.736e-18,2.517e-17,1.301e-16,-0.0003,117.98,1
BottomS69807,8.5808,-3.1026,1.200e-18,2.029e-18,4.324e-18,0.0008,120.3,0
BottomS69811,8.5571,-3.0916,5.519e-14,3.903e-14,1.398e-14,-0.0002,119.21,0
BottomS69812,8.5564,-3.0981,1.155e-18,2.229e-18,6.521e-18,0.0002,119.18,0
BottomS69813,8.5546,-3.0808,1.149e-20,1.572e-20,2.084e-20,0.0,119.01,0
BottomS69814,8.4866,-3.0517,6.093e-19,5.874e-19,3.798e-19,0.0001,117.47,0
BottomS69815,8.5925,-3.1018,1.046e-20,1.346e-20,1.675e-20,0.0003,120.74,0
BottomS69816,8.5314,-3.0382,2.076e-19,2.098e-19,1.581e-19,0.001,118.39,0
BottomS69817,8.5585,-3.0796,1.041e-20,1.361e-20,1.730e-20,0.0004,119.76,0
BottomS69819,8.5599,-3.1073,1.332e-20,1.776e-20,2.285e-20,0.0003,119.45,0
BottomS69826,8.5449,-3.0676,8.705e-14,7.871e-14,4.771e-14,0.0,118.37,1
BottomS69833,8.5511,-3.0819,1.398e-14,9.494e-15,3.063e-15,0.0001,118.47,0
BottomS69834,8.7189,-3.0995,1.155e-18,1.924e-18,3.996e-18,0.0006,121.44,0
BottomS69835,8.5606,-3.0813,7.497e-14,5.713e-14,2.387e-14,0.0007,120.2,1
BottomS69841,8.5705,-3.0903,6.659e-19,6.296e-19,3.984e-19,0.0004,120.39,0
BottomS69844,8.6104,-3.0762,1.750e-19,1.882e-19,1.626e-19,0.0004,120.99,0
BottomS69850,8.5565,-3.0845,9.533e-20,1.056e-19,9.427e-20,-0.0001,119.22,0
BottomS69852,8.6929,-3.0264,5.685e-19,5.467e-19,3.723e-19,0.0007,121.07,0
BottomS69853,8.5509,-3.0993,5.909e-20,6.762e-20,6.486e-20,0.0004,118.81,0
BottomS69855,8.6450,-3.1033,1.242e-20,1.646e-20,2.134e-20,-0.0007,121.09,0
BottomS69857,8.5355,-3.0712,4.735e-14,3.592e-14,1.467e-14,-0.0001,117.8,0
BottomS69859,8.5280,-3.1004,4.285e-20,5.224e-20,5.550e-20,-0.0008,117.72,0
BottomS69863,8.5557,-3.0713,1.105e-19,1.199e-19,1.049e-19,-0.0005,119.11,0
BottomS69868,8.5791,-3.0690,1.101e-20,1.495e-20,2.050e-20,-0.0001,120.48,0
BottomS69869,8.5317,-3.0371,8.405e-20,9.277e-20,8.184e-20,-0.0,118.45,0
BottomS69871,8.5716,-3.0726,2.468e-18,2.024e-18,1.039e-18,0.0003,120.08,0
BottomS69872,8.6596,-3.0908,6.987e-20,7.991e-20,7.645e-20,0.0004,121.24,0
BottomS69873,8.5465,-3.0841,7.777e-19,7.504e-19,5.237e-19,-0.0002,118.0,0
BottomS69875,8.5732,-3.0863,3.370e-19,7.714e-19,3.150e-18,-0.0008,120.51,0
BottomS69880,8.5373,-3.0845,1.504e-20,1.909e-20,2.330e-20,-0.0004,117.52,0
BottomS69881,8.6217,-3.0777,4.753e-20,5.322e-20,4.786e-20,0.0004,121.18,0
BottomS69891,8.5364,-3.0646,1.143e-18,1.035e-18,5.894e-19,-0.0011,118.2,0
BottomS69892,8.6267,-3.0782,2.663e-19,2.529e-19,1.672e-19,0.0008,121.07,0
BottomS69894,8.5515,-3.0981,1.088e-18,9.614e-19,5.474e-19,0.0006,118.68,0
BottomS69898,8.5489,-3.0866,1.288e-18,2.567e-18,7.810e-18,0.0,118.14,0
BottomS69901,8.5123,-3.0575,4.127e-20,4.687e-20,4.329e-20,-0.0002,117.55,0
BottomS69902,8.6118,-3.1101,4.149e-20,5.054e-20,5.267e-20,0.0006,121.01,0
BottomS69906,8.5328,-3.0794,1.714e-20,2.175e-20,2.499e-20,-0.0005,117.59,0
BottomS69912,8.5808,-3.0705,1.338e-18,2.745e-18,8.828e-18,-0.0001,120.41,0
BottomS69913,8.5594,-3.0939,7.216e-20,7.847e-20,6.618e-20,0.0001,119.44,0
BottomS69918,8.5595,-3.0890,6.713e-20,8.193e-20,8.430e-20,0.0005,119.59,0
BottomS69936,8.5537,-3.0903,3.385e-14,2.411e-14,9.047e-15,-0.0001,118.24,0
BottomS69941,8.5563,-3.0830,4.211e-20,4.774e-20,4.489e-20,0.0001,119.05,0
BottomS69942,8.5710,-3.0914,1.647e-19,1.795e-19,1.591e-19,-0.0003,120.38,0
BottomS69947,8.5188,-3.1172,7.385e-19,1.337e-18,3.420e-18,-0.0007,118.26,0
BottomS69952,8.5618,-3.1495,1.113e-19,1.209e-19,1.051e-19,-0.0008,119.09,0
BottomS69953,8.5729,-3.1064,1.244e-18,1.988e-18,3.849e-18,0.0004,119.95,0
BottomS69956,8.5563,-3.0862,1.087e-13,8.274e-14,3.474e-14,-0.0001,119.12,1
BottomS69957,8.5667,-3.0733,1.119e-19,1.183e-19,9.505e-20,0.0002,119.93,0
BottomS69958,8.5589,-3.0848,4.776e-20,5.813e-20,6.064e-20,0.0004,119.61,0
BottomS69962,8.5339,-3.0757,1.844e-18,3.080e-18,6.286e-18,-0.0003,117.67,0
BottomS69965,8.5381,-3.0417,1.710e-20,2.199e-20,2.581e-20,-0.0002,118.71,0
BottomS69966,8.5909,-3.0851,3.641e-20,4.265e-20,4.293e-20,0.0008,120.98,0
BottomS69968,8.5820,-3.1147,1.324e-19,1.447e-19,1.239e-19,-0.0005,120.15,0
BottomS69969,8.5550,-3.0934,2.044e-18,1.763e-18,9.351e-19,-0.0002,119.06,0
BottomS69970,8.5550,-3.0948,1.474e-19,1.596e-19,1.346e-19,-0.0,119.05,0
BottomS69971,8.4734,-3.0681,7.854e-20,8.965e-20,8.526e-20,0.0013,117.16,0
BottomS69975,8.5947,-3.1149,4.598e-19,8.615e-19,2.288e-18,0.0,120.49,0
BottomS69980,8.5779,-3.0628,2.314e-20,2.955e-20,3.705e-20,0.0,120.12,0
BottomS69981,8.5647,-3.0806,2.677e-18,2.435e-18,1.423e-18,-0.0011,120.38,0
BottomS69982,8.6708,-3.1101,2.827e-20,3.277e-20,3.287e-20,-0.0002,121.36,0
BottomS69983,8.4693,-3.0820,6.686e-20,7.832e-20,7.875e-20,0.0007,117.07,0
BottomS69985,8.5892,-3.0552,5.113e-14,4.770e-14,3.008e-14,0.0001,120.04,1
BottomS69986,8.5647,-3.0840,5.129e-20,5.641e-20,5.119e-20,0.0003,120.12,0
BottomS69989,8.5829,-3.0845,3.310e-19,3.364e-19,2.514e-19,-0.0004,120.89,0
BottomS69999,8.5052,-3.0955,5.846e-19,5.642e-19,3.840e-19,-0.0002,117.33,0
BottomS70000,8.5751,-3.0828,1.439e-19,1.526e-19,1.217e-19,0.0005,120.64,0
BottomS70009,8.5582,-3.0929,1.958e-19,2.056e-19,1.668e-19,-0.0006,119.47,0
BottomS70011,8.5660,-3.0894,6.504e-20,7.452e-20,7.192e-20,0.0001,120.43,0
BottomS70012,8.6055,-3.0701,7.993e-19,7.519e-19,4.754e-19,-0.0007,120.69,0
BottomS70016,8.5775,-3.0672,1.804e-18,4.496e-18,2.184e-17,-0.0009,120.36,1
BottomS70019,8.5621,-3.0983,2.922e-20,3.632e-20,4.229e-20,0.0,119.57,0
BottomS70020,8.5274,-3.0724,1.020e-20,1.327e-20,1.648e-20,0.0,117.82,0
BottomS70028,8.5539,-3.0856,1.170e-20,1.557e-20,2.008e-20,-0.0003,118.79,0
BottomS70029,8.6091,-3.0637,6.116e-20,6.566e-20,5.685e-20,0.0001,120.82,0
BottomS70032,8.5915,-3.0932,1.202e-20,1.541e-20,1.916e-20,0.0007,120.91,0
BottomS70033,8.5494,-3.0836,1.882e-18,1.668e-18,9.453e-19,-0.0006,118.25,0
BottomS70036,8.4608,-3.0736,2.438e-19,2.418e-19,1.725e-19,-0.0,117.01,0
BottomS70037,8.5542,-3.0949,2.735e-20,3.189e-20,3.207e-20,0.0006,118.91,0
BottomS70043,8.5830,-3.1104,9.023e-15,1.343e-14,2.211e-14,0.0002,120.23,0
BottomS70046,8.4454,-3.0819,1.035e-18,1.679e-18,3.341e-18,0.0003,117.03,0
BottomS70047,8.5555,-3.0903,6.996e-20,7.794e-20,6.853e-20,0.0011,119.12,0
BottomS70048,8.5455,-3.0806,1.856e-18,2.976e-18,5.642e-18,0.0,117.87,0
BottomS70053,8.6749,-3.1168,1.959e-18,1.718e-18,9.504e-19,-0.0003,121.32,0
BottomS70054,8.5583,-3.0714,7.490e-15,4.968e-15,1.577e-15,0.0002,119.29,0
BottomS70064,8.5448,-3.0777,2.551e-19,2.719e-19,2.207e-19,0.0001,118.1,0
BottomS70072,8.5405,-3.0656,2.660e-20,3.233e-20,3.361e-20,0.0005,118.42,0
BottomS70076,8.5014,-3.0539,3.552e-19,3.483e-19,2.500e-19,0.0007,117.65,0
BottomS70078,8.4831,-3.0895,1.658e-20,2.071e-20,2.365e-20,-0.0002,117.24,0
BottomS70083,8.5569,-3.0688,1.548e-18,3.583e-18,1.486e-17,0.0005,119.19,0
BottomS70096,8.5973,-3.0684,3.939e-19,3.783e-19,2.518e-19,-0.0003,120.77,0
BottomS70100,8.5515,-3.0902,2.097e-18,1.862e-18,1.075e-18,-0.0001,118.51,0
BottomS70104,8.5114,-3.0517,1.608e-19,1.779e-19,1.567e-19,-0.0002,117.79,0
BottomS70105,8.5697,-3.0505,1.093e-19,1.231e-19,1.101e-19,0.0004,119.65,0
BottomS70109,8.5674,-3.0795,3.053e-19,3.103e-19,2.338e-19,-0.0001,120.16,0
BottomS70111,8.5668,-3.0824,6.015e-19,5.877e-19,4.100e-19,-0.0,119.87,0
BottomS70112,8.5390,-3.0891,1.784e-19,1.846e-19,1.442e-19,-0.0001,117.83,0
BottomS70116,8.5437,-3.0823,1.728e-18,2.984e-18,6.848e-18,0.0004,118.06,0
BottomS70119,8.5895,-3.0809,1.903e-20,2.621e-20,3.739e-20,-0.0003,120.93,0
BottomS70123,8.5525,-3.1011,1.269e-18,1.183e-18,7.309e-19,-0.0002,118.56,0
BottomS70124,8.5587,-3.0707,6.449e-19,5.898e-19,3.562e-19,-0.0004,119.38,0
BottomS70125,8.5771,-3.0785,8.915e-18,7.201e-18,3.269e-18,0.0004,120.74,0
BottomS70128,8.5793,-3.0716,6.687e-18,8.638e-18,1.106e-17,-0.0001,120.92,0
BottomS70131,8.5668,-3.0879,2.643e-20,3.181e-20,3.278e-20,0.0001,120.21,0
BottomS70132,8.5414,-3.1086,1.286e-20,1.751e-20,2.356e-20,-0.0004,118.21,0
BottomS70133,8.5509,-3.0702,1.403e-19,1.530e-19,1.275e-19,-0.0,118.42,0
BottomS70139,8.5501,-3.0739,4.475e-17,3.079e-17,1.087e-17,0.0,118.58,0
BottomS70142,8.5351,-3.0679,1.310e-17,1.055e-17,4.869e-18,-0.0001,117.54,0
BottomS70143,8.5905,-3.1002,3.344e-18,2.803e-18,1.399e-18,-0.0002,120.95,0
BottomS70145,8.5377,-3.1083,7.943e-19,1.637e-18,5.118e-18,0.0001,118.07,0
BottomS70147,8.5389,-3.0668,4.899e-20,5.597e-20,5.222e-20,-0.0,117.44,0
BottomS70149,8.5572,-3.1372,1.039e-18,1.915e-18,4.955e-18,0.0002,119.11,0
BottomS70150,8.5526,-3.1139,9.934e-20,1.102e-19,1.009e-19,-0.0004,119.02,0
BottomS70152,8.5717,-3.0661,1.250e-18,1.127e-18,6.718e-19,-0.0006,119.9,0
BottomS70153,8.5287,-3.1002,3.281e-19,3.238e-19,2.380e-19,-0.0011,117.46,0
BottomS70154,8.5402,-3.1158,9.609e-14,7.211e-14,2.804e-14,0.0002,117.76,0
BottomS70155,8.5873,-3.0748,4.356e-18,3.593e-18,1.759e-18,-0.0001,120.89,0
BottomS70158,8.5398,-3.0805,2.809e-18,2.338e-18,1.163e-18,-0.0009,118.04,0
BottomS70159,8.5631,-3.0757,8.157e-19,7.638e-19,4.806e-19,-0.0002,119.58,0
BottomS70160,8.5638,-3.0954,3.189e-18,2.638e-18,1.344e-18,0.0002,119.59,0
BottomS70161,8.5595,-3.0928,4.121e-19,8.424e-19,2.716e-18,-0.0006,119.43,0
BottomS70163,8.5295,-3.1090,6.145e-19,5.918e-19,3.982e-19,-0.0006,117.45,0
BottomS70164,8.5436,-3.0659,1.043e-15,4.017e-15,4.752e-14,0.0002,117.9,0
BottomS70167,8.5795,-3.0634,1.079e-19,1.263e-19,1.258e-19,-0.0003,120.45,0
BottomS70168,8.5548,-3.0758,6.771e-14,4.838e-14,1.830e-14,0.0009,118.89,0
BottomS70169,8.5841,-3.0844,2.629e-18,2.290e-18,1.304e-18,0.0008,120.81,0
BottomS70170,8.5423,-3.0849,1.887e-18,3.620e-18,9.822e-18,-0.0008,117.85,0
BottomS70171,8.5792,-3.0856,1.140e-18,2.457e-18,8.711e-18,0.0011,120.26,0
BottomS70172,8.5585,-3.0794,9.589e-19,1.873e-18,5.334e-18,0.0012,119.4,0
BottomS70178,8.5446,-3.0924,8.592e-15,5.750e-15,1.876e-15,-0.0001,118.15,0
BottomS70181,8.5662,-3.0611,7.590e-18,6.264e-18,3.071e-18,0.0005,119.53,0
BottomS70182,8.5216,-3.1005,6.600e-19,6.409e-19,4.286e-19,0.0004,117.44,0
BottomS70184,8.5149,-3.0988,1.039e-18,9.378e-19,5.359e-19,0.0003,117.49,0
BottomS70185,8.5880,-3.0604,2.381e-18,3.441e-18,5.374e-18,-0.0003,120.83,0
BottomS70186,8.5223,-3.0971,9.526e-18,7.204e-18,3.086e-18,0.0007,117.65,1
BottomS70188,8.5290,-3.0800,2.083e-20,2.547e-20,2.724e-20,0.0002,117.58,0
BottomS70189,8.5283,-3.1092,4.676e-19,4.544e-19,3.169e-19,0.0008,117.24,0
BottomS70191,8.5678,-3.0745,1.027e-14,6.791e-15,2.202e-15,0.0006,120.23,0
BottomS70192,8.5949,-3.0819,1.459e-18,2.555e-18,5.984e-18,-0.0003,121.04,0
BottomS70195,8.5809,-3.1078,9.849e-19,8.859e-19,5.375e-19,-0.0003,120.34,0
BottomS70200,8.5294,-3.0796,1.489e-20,1.928e-20,2.248e-20,-0.0004,117.45,0
BottomS70205,8.5709,-3.0937,1.030e-20,1.361e-20,1.756e-20,-0.0002,120.25,0
BottomS70206,8.5471,-3.0915,1.903e-18,4.544e-18,1.989e-17,-0.0007,118.4,1
BottomS70207,8.5418,-3.1030,1.427e-20,1.891e-20,2.418e-20,-0.0006,117.58,0
BottomS70208,8.5788,-3.0730,5.368e-20,6.187e-20,5.788e-20,-0.0007,120.93,0
BottomS70209,8.5290,-3.0876,3.089e-18,6.850e-18,2.621e-17,-0.0002,117.57,1
BottomS70213,8.5597,-3.0814,4.080e-20,5.008e-20,5.334e-20,-0.0002,119.63,0
BottomS70215,8.5352,-3.0837,6.096e-14,4.655e-14,2.010e-14,0.0002,117.56,1
BottomS70219,8.5572,-3.0896,1.501e-18,3.215e-18,1.157e-17,-0.0008,119.37,0
BottomS70220,8.5766,-3.0963,9.469e-19,8.742e-19,5.365e-19,0.0002,120.52,0
BottomS70221,8.5962,-3.0896,6.127e-20,7.340e-20,7.439e-20,-0.0009,120.94,0
BottomS70222,8.5510,-3.0969,2.992e-20,3.553e-20,3.699e-20,-0.0004,118.64,0
BottomS70223,8.5662,-3.0760,3.833e-19,6.086e-19,1.164e-18,-0.0003,120.36,0
BottomS70224,8.5426,-3.0880,2.199e-20,2.843e-20,3.576e-20,-0.0007,117.79,0
BottomS70226,8.5572,-3.0642,2.805e-20,3.347e-20,3.513e-20,0.0009,119.13,0
BottomS70227,8.5665,-3.1039,1.805e-19,1.893e-19,1.480e-19,-0.0015,120.8,0
BottomS70229,8.5211,-3.0806,9.366e-18,7.557e-18,3.585e-18,0.0009,117.5,0
BottomS70236,8.5658,-3.0744,1.885e-20,2.333e-20,2.611e-20,0.0002,120.62,0
BottomS70242,8.5343,-3.0950,4.286e-20,4.948e-20,4.738e-20,0.0008,117.66,0
BottomS70244,8.5697,-3.0880,3.994e-18,3.246e-18,1.511e-18,0.0002,120.54,0
BottomS70246,8.5464,-3.0855,7.207e-19,6.750e-19,4.264e-19,0.0001,118.48,0
BottomS70247,8.5512,-3.0967,6.145e-19,1.062e-18,2.434e-18,0.0002,118.86,0
BottomS70249,8.5531,-3.1027,1.450e-19,1.570e-19,1.398e-19,-0.0001,118.68,0
BottomS70254,8.5503,-3.0421,1.859e-19,2.051e-19,1.842e-19,-0.0,118.58,0
BottomS70255,8.5312,-3.0873,1.990e-19,1.956e-19,1.333e-19,-0.0002,117.46,0
BottomS70258,8.5681,-3.0617,6.959e-19,1.408e-18,4.430e-18,-0.0004,120.06,0
BottomS70259,8.5600,-3.0789,9.699e-20,1.080e-19,9.725e-20,-0.0009,120.26,0
BottomS70260,8.5971,-3.0951,2.230e-18,1.824e-18,8.931e-19,-0.0,120.67,0
BottomS70262,8.5691,-3.1155,5.612e-18,4.704e-18,2.277e-18,0.0,120.33,0
BottomS70264,8.5961,-3.1033,1.923e-20,2.372e-20,2.616e-20,0.0003,120.96,0
BottomS70267,8.5734,-3.0818,1.602e-20,2.045e-20,2.508e-20,-0.0001,120.52,0
BottomS70269,8.5293,-3.0871,1.162e-20,1.561e-20,2.077e-20,-0.0001,117.51,0
BottomS70271,8.5368,-3.0853,2.325e-20,3.044e-20,3.858e-20,0.0005,117.59,0
BottomS70272,8.5725,-3.0829,1.920e-19,1.931e-19,1.433e-19,-0.0005,120.48,0
BottomS70274,8.5403,-3.0861,3.968e-20,4.748e-20,5.014e-20,0.0004,117.82,0
BottomS70275,8.5729,-3.0885,1.414e-20,1.779e-20,2.112e-20,0.0014,120.66,0
BottomS70276,8.5692,-3.0866,5.963e-19,5.647e-19,3.740e-19,0.0001,120.48,0
BottomS70277,8.5703,-3.0864,4.887e-19,4.667e-19,2.983e-19,-0.0005,120.41,0
BottomS70278,8.5243,-3.0841,3.983e-20,4.714e-20,4.835e-20,0.0003,117.3,0
BottomS70279,8.5783,-3.0866,1.914e-20,2.339e-20,2.621e-20,0.0009,120.92,0
BottomS70282,8.5743,-3.0853,9.662e-20,1.112e-19,1.074e-19,0.0003,120.6,0
BottomS70285,8.5364,-3.0816,6.223e-18,5.055e-18,2.410e-18,0.0003,117.64,0
BottomS70286,8.5337,-3.0878,2.014e-20,2.549e-20,3.022e-20,0.0004,117.55,0
BottomS70287,8.5731,-3.0837,4.163e-19,4.261e-19,3.164e-19,0.0,120.57,0
BottomS70289,8.5732,-3.0812,8.803e-19,1.456e-18,3.115e-18,0.0002,120.59,0
BottomS70291,8.5460,-3.0876,1.481e-19,1.528e-19,1.153e-19,0.0006,117.88,0
BottomS70292,8.5387,-3.0816,1.618e-19,1.668e-19,1.297e-19,-0.0,117.6,0
BottomS70293,8.5418,-3.0829,6.419e-19,6.076e-19,3.959e-19,0.0009,117.83,0
BottomS70295,8.5313,-3.0830,2.379e-20,2.874e-20,3.131e-20,0.0006,117.41,0
BottomS70297,8.5383,-3.0890,2.275e-18,3.769e-18,7.820e-18,-0.0008,117.72,0
BottomS70299,8.5796,-3.0830,3.477e-20,4.273e-20,4.835e-20,-0.0003,120.79,0
BottomS70300,8.5740,-3.0888,1.189e-19,1.276e-19,1.032e-19,0.0001,120.63,0
BottomS70301,8.5313,-3.0819,2.507e-19,2.482e-19,1.796e-19,0.0001,117.47,0
BottomS70302,8.5723,-3.0857,5.289e-19,9.980e-19,2.720e-18,-0.0004,120.69,0
BottomS70306,8.5786,-3.0860,2.287e-17,1.728e-17,7.022e-18,-0.0004,120.77,0
BottomS70307,8.5386,-3.0779,1.383e-19,1.413e-19,1.061e-19,-0.0004,117.79,0
BottomS70308,8.5779,-3.0853,5.460e-17,1.765e-16,1.503e-15,0.0002,120.72,1
BottomS70309,8.5335,-3.0850,1.025e-18,9.347e-19,5.416e-19,-0.0002,117.6,0
BottomS70310,8.5661,-3.0808,6.670e-17,4.700e-17,1.704e-17,0.0003,120.39,0
BottomS70311,8.5766,-3.0822,1.156e-18,1.033e-18,5.995e-19,-0.0001,120.65,0
BottomS70312,8.5771,-3.0863,1.865e-14,1.250e-14,4.054e-15,0.0003,120.77,0
BottomS70313,8.5773,-3.0936,8.799e-19,1.774e-18,5.416e-18,0.0,120.71,0
BottomS70315,8.5380,-3.0836,1.883e-18,2.734e-18,4.229e-18,0.0002,117.62,0
BottomS70316,8.5355,-3.0892,8.695e-19,8.099e-19,4.962e-19,-0.0002,117.69,0
BottomS70319,8.5741,-3.0816,1.339e-20,1.702e-20,2.013e-20,-0.0002,120.47,0
BottomS70321,8.5821,-3.0781,3.323e-18,7.453e-18,3.021e-17,-0.0007,120.67,1
BottomS70323,8.5352,-3.0855,3.479e-14,2.442e-14,8.633e-15,-0.0001,117.65,0
BottomS70326,8.5381,-3.0882,1.124e-20,1.575e-20,2.287e-20,0.0001,117.61,0
BottomS70329,8.5241,-3.0789,1.742e-20,2.217e-20,2.571e-20,0.0005,117.46,0
BottomS70332,8.5371,-3.0877,1.190e-20,1.671e-20,2.391e-20,0.0002,117.67,0
BottomS70335,8.5249,-3.0823,2.258e-20,2.979e-20,3.884e-20,0.0003,117.34,0
BottomS70336,8.5828,-3.0823,2.427e-18,4.124e-18,9.002e-18,-0.0003,120.78,0
BottomS70339,8.5400,-3.0868,2.513e-18,4.514e-18,1.079e-17,0.0002,117.82,0
BottomS70340,8.5332,-3.0882,1.353e-20,1.823e-20,2.362e-20,0.0004,117.65,0
BottomS70342,8.5780,-3.0816,2.502e-20,3.076e-20,3.507e-20,0.0008,120.64,0
BottomS70344,8.5770,-3.0835,4.171e-19,4.074e-19,2.763e-19,-0.0001,120.75,0
BottomS70346,8.5298,-3.0876,1.146e-19,1.230e-19,1.030e-19,0.0008,117.48,0
BottomS70347,8.5807,-3.0833,2.811e-18,2.306e-18,1.115e-18,0.0011,120.65,0
BottomS70352,8.5274,-3.0835,3.840e-20,4.190e-20,3.657e-20,-0.0004,117.55,0
BottomS70353,8.5824,-3.0790,4.497e-18,3.945e-18,2.135e-18,0.0001,120.73,0
BottomS70357,8.5324,-3.0874,8.447e-19,8.145e-19,5.319e-19,-0.0004,117.58,0
BottomS70361,8.5230,-3.0858,5.616e-19,5.476e-19,3.882e-19,-0.0007,117.44,0
BottomS70362,8.5265,-3.0870,2.532e-18,5.943e-18,2.447e-17,0.0003,117.31,1
BottomS70364,8.5935,-3.0860,9.072e-20,1.080e-19,1.085e-19,-0.0014,120.98,0
BottomS70365,8.5210,-3.0882,1.771e-20,2.224e-20,2.508e-20,-0.0001,117.49,0
BottomS70367,8.5203,-3.0863,7.289e-18,5.891e-18,2.724e-18,-0.0004,117.39,0
BottomS70370,8.5963,-3.0826,6.223e-20,7.731e-20,8.811e-20,-0.0005,120.94,0
BottomS70372,8.5255,-3.0815,3.837e-14,3.258e-14,1.660e-14,0.0004,117.47,1
BottomS70373,8.5280,-3.0874,2.059e-18,1.825e-18,1.027e-18,-0.0005,117.41,0
BottomS70375,8.5222,-3.0848,3.533e-18,2.963e-18,1.441e-18,-0.0004,117.39,0
BottomS70376,8.5899,-3.0831,1.017e-19,1.121e-19,9.721e-20,-0.0001,120.84,0
BottomS70379,8.5174,-3.0857,9.539e-20,1.119e-19,1.092e-19,0.0004,117.32,0
BottomS70382,8.5311,-3.0841,2.958e-19,2.907e-19,2.033e-19,0.0,117.49,0
BottomS70385,8.5902,-3.0819,3.506e-19,3.383e-19,2.227e-19,0.0003,120.89,0
BottomS70387,8.6038,-3.0824,2.630e-18,2.400e-18,1.454e-18,-0.0002,120.99,0
BottomS70389,8.5168,-3.0837,1.596e-20,1.968e-20,2.182e-20,-0.001,117.34,0
BottomS70390,8.5204,-3.0810,1.972e-17,1.485e-17,6.153e-18,0.0001,117.42,1
BottomS70391,8.5187,-3.0790,5.615e-20,6.598e-20,6.533e-20,0.0003,117.37,0
BottomS70393,8.5867,-3.0785,1.637e-18,3.126e-18,8.823e-18,0.0007,120.82,0
BottomS70395,8.5242,-3.0865,2.455e-19,2.437e-19,1.766e-19,0.0,117.27,0
BottomS70397,8.5900,-3.0855,8.426e-18,6.910e-18,3.384e-18,-0.0004,120.91,0
BottomS70398,8.6003,-3.0820,6.935e-18,5.818e-18,3.056e-18,0.0001,120.99,0
BottomS70400,8.5808,-3.0840,1.541e-19,1.696e-19,1.497e-19,-0.0001,120.87,0
BottomS70401,8.5913,-3.0854,2.003e-18,1.708e-18,9.068e-19,0.0002,120.96,0
BottomS70402,8.5197,-3.0839,2.269e-18,1.984e-18,1.102e-18,0.0,117.44,0
BottomS70403,8.5942,-3.0883,5.102e-20,5.917e-20,5.672e-20,-0.0001,120.93,0
BottomS70407,8.5228,-3.0918,5.092e-19,8.856e-19,2.013e-18,-0.0004,117.39,0
BottomS70410,8.5916,-3.0807,1.421e-19,1.470e-19,1.117e-19,0.0002,120.96,0
BottomS70411,8.5094,-3.0857,3.499e-14,3.162e-14,1.896e-14,0.0004,117.23,1
BottomS70416,8.6060,-3.0809,1.072e-16,7.656e-17,2.768e-17,0.0006,121.08,0
BottomS70417,8.5072,-3.0921,6.831e-18,5.614e-18,2.695e-18,-0.0006,117.34,0
BottomS70420,8.5973,-3.0822,1.169e-14,7.769e-15,2.556e-15,-0.0002,121.01,0
BottomS70425,8.5085,-3.0871,1.966e-19,2.095e-19,1.683e-19,0.0001,117.3,0
BottomS70427,8.5074,-3.0837,5.728e-19,5.636e-19,4.080e-19,0.0005,117.28,0
BottomS70429,8.5939,-3.0778,2.455e-18,5.254e-18,1.830e-17,0.0001,120.95,0
BottomS70431,8.5147,-3.0843,5.124e-18,4.189e-18,2.001e-18,0.0003,117.34,0
BottomS70434,8.6048,-3.0843,2.083e-18,1.906e-18,1.150e-18,-0.0002,121.1,0
BottomS70436,8.5906,-3.0840,1.602e-19,1.837e-19,1.707e-19,0.0003,120.91,0
BottomS70437,8.6096,-3.0842,9.583e-20,1.103e-19,1.071e-19,-0.0002,121.12,0
BottomS70441,8.6025,-3.0842,1.380e-19,1.451e-19,1.163e-19,0.0002,121.1,0
BottomS70442,8.5015,-3.0885,1.413e-18,1.290e-18,7.760e-19,0.0008,117.22,0
BottomS70446,8.6018,-3.0841,2.484e-18,2.057e-18,1.011e-18,0.0,121.12,0
BottomS70449,8.6101,-3.0834,2.898e-19,3.177e-19,2.773e-19,-0.0003,121.05,0
BottomS70451,8.5037,-3.0863,3.220e-17,2.358e-17,9.169e-18,-0.0005,117.14,0
BottomS70454,8.6126,-3.0830,3.818e-18,6.071e-18,1.155e-17,0.0002,121.08,0
BottomS70456,8.6143,-3.0818,1.591e-18,2.800e-18,6.396e-18,0.0001,121.09,0
BottomS70460,8.6251,-3.0822,3.486e-18,2.976e-18,1.526e-18,0.0002,121.0,0
BottomS70462,8.4879,-3.0856,2.556e-18,3.954e-18,6.972e-18,0.0001,117.17,0
BottomS70463,8.6120,-3.0859,4.120e-20,4.957e-20,5.110e-20,0.0002,120.93,0
BottomS70467,8.5016,-3.0833,8.446e-19,1.514e-18,3.596e-18,0.0002,117.21,0
BottomS70469,8.6039,-3.0840,7.346e-14,5.405e-14,2.094e-14,0.0003,120.97,0
BottomS70470,8.4995,-3.0849,2.107e-18,1.859e-18,1.058e-18,-0.0002,117.17,0
BottomS70471,8.5962,-3.0795,6.635e-18,5.564e-18,2.856e-18,-0.0002,121.07,0
BottomS70475,8.6117,-3.0865,8.506e-20,9.513e-20,8.565e-20,-0.0007,121.02,0
BottomS70477,8.6154,-3.0860,8.313e-19,7.924e-19,5.209e-19,-0.0001,121.27,0
BottomS70478,8.4972,-3.0861,1.210e-16,8.509e-17,3.076e-17,-0.0006,117.15,0
BottomS70479,8.4925,-3.0882,8.597e-18,6.917e-18,3.197e-18,0.0004,117.28,0
BottomS70480,8.4954,-3.0893,1.536e-17,1.156e-17,4.764e-18,0.0014,117.18,1
BottomS70481,8.6194,-3.0786,7.150e-18,5.659e-18,2.577e-18,-0.0005,121.02,1
BottomS70482,8.6191,-3.0778,1.244e-18,1.121e-18,6.423e-19,0.0003,120.97,0
BottomS70484,8.4941,-3.0977,2.595e-17,1.936e-17,7.385e-18,-0.0,117.33,0
BottomS70485,8.4959,-3.1004,1.211e-18,2.467e-18,7.852e-18,0.0011,117.34,0
BottomS70486,8.4968,-3.1022,1.303e-16,9.062e-17,3.162e-17,0.0011,117.34,0
BottomS70487,8.6189,-3.0671,1.238e-17,9.665e-18,4.147e-18,-0.0004,121.02,1
BottomS70488,8.4956,-3.1049,1.011e-17,8.312e-18,3.880e-18,0.0001,117.46,0
BottomS70489,8.6086,-3.0627,2.772e-18,2.398e-18,1.262e-18,-0.0004,120.9,0
BottomS70490,8.6153,-3.0590,2.344e-16,1.648e-16,5.938e-17,-0.0005,120.77,0
BottomS70491,8.6095,-3.0578,2.280e-17,1.598e-17,5.877e-18,-0.0,120.68,0
BottomS70492,8.6079,-3.0534,1.057e-17,8.244e-18,3.574e-18,0.0007,120.55,1
BottomS70493,8.5083,-3.1176,1.489e-18,2.298e-18,4.054e-18,-0.0011,117.91,0
BottomS70494,8.6023,-3.0549,1.093e-17,8.781e-18,4.099e-18,0.0,120.48,0
BottomS70495,8.6007,-3.0503,5.458e-17,3.886e-17,1.386e-17,-0.0005,120.42,0
BottomS70496,8.5142,-3.1216,1.267e-17,9.627e-18,4.023e-18,0.0003,117.97,1
BottomS70497,8.5977,-3.0490,1.988e-16,1.357e-16,4.754e-17,0.0001,120.2,0
BottomS70498,8.5918,-3.0429,2.916e-17,2.254e-17,9.301e-18,-0.0004,119.95,1
BottomS70499,8.5184,-3.1286,5.548e-17,4.079e-17,1.667e-17,-0.0005,118.02,0
BottomS70500,8.5266,-3.1242,7.670e-18,6.092e-18,2.753e-18,0.0002,118.47,0
BottomS70501,8.5841,-3.0433,1.031e-17,8.258e-18,3.865e-18,-0.0004,119.74,0
BottomS70502,8.5310,-3.1277,4.534e-17,3.335e-17,1.341e-17,0.0006,118.47,0
BottomS70503,8.5377,-3.1355,6.975e-17,5.122e-17,1.999e-17,0.0,118.83,0
BottomS70504,8.5701,-3.0364,2.710e-17,1.976e-17,7.750e-18,0.0002,119.41,0
BottomS70505,8.5451,-3.1335,1.918e-17,1.457e-17,6.170e-18,0.0006,118.92,1
BottomS70506,8.5646,-3.0356,5.502e-17,4.150e-17,1.680e-17,-0.0001,119.42,0
BottomS70507,8.5611,-3.0374,1.810e-16,1.229e-16,4.211e-17,-0.0002,119.11,0
BottomS70508,8.5556,-3.0341,2.472e-19,2.586e-19,2.039e-19,-0.0005,119.14,0
BottomS70510,8.5653,-3.1319,5.326e-18,4.340e-18,2.053e-18,0.0001,119.35,0
BottomS70511,8.5698,-3.1343,1.536e-16,1.071e-16,3.739e-17,0.0002,119.54,0
BottomS70512,8.5753,-3.1363,3.820e-17,2.803e-17,1.101e-17,-0.0005,119.65,0
BottomS70513,8.5342,-3.0352,2.010e-19,2.093e-19,1.600e-19,-0.001,118.62,0
BottomS70514,8.5288,-3.0282,1.171e-18,2.026e-18,4.572e-18,-0.0004,118.47,0
BottomS70515,8.5900,-3.1357,9.697e-19,1.883e-18,5.564e-18,0.0004,120.12,0
BottomS70516,8.5192,-3.0330,5.302e-17,3.895e-17,1.489e-17,0.0,118.27,0
BottomS70517,8.5971,-3.1360,3.742e-16,2.599e-16,9.136e-17,-0.0003,120.19,0
BottomS70518,8.5086,-3.0367,7.047e-17,5.090e-17,1.863e-17,-0.0007,118.1,0
BottomS70519,8.5017,-3.0351,2.039e-16,1.387e-16,4.701e-17,0.0003,117.88,0
BottomS70520,8.5077,-3.0395,1.950e-16,1.381e-16,4.942e-17,0.0001,118.05,0
BottomS70521,8.4985,-3.0392,2.735e-18,5.420e-18,1.591e-17,-0.0002,117.72,0
BottomS70522,8.4904,-3.0416,6.787e-19,6.693e-19,4.557e-19,-0.0007,117.63,0
BottomS70523,8.4884,-3.0436,2.594e-17,1.967e-17,7.854e-18,0.0005,117.63,0
BottomS70524,8.4906,-3.0436,4.663e-18,3.796e-18,1.855e-18,0.0001,117.54,0
BottomS70525,8.4777,-3.0439,1.910e-18,2.990e-18,5.280e-18,0.0008,117.51,0
BottomS70527,8.6348,-3.1206,5.909e-18,4.822e-18,2.297e-18,0.0001,120.92,0
BottomS70528,8.6335,-3.1211,6.913e-17,4.913e-17,1.789e-17,-0.0,121.04,0
BottomS70529,8.4722,-3.0557,6.847e-17,4.960e-17,1.976e-17,0.0003,117.22,0
BottomS70530,8.4733,-3.0577,2.935e-16,1.976e-16,6.628e-17,-0.0003,117.29,0
BottomS70531,8.4594,-3.0605,7.111e-14,5.025e-14,1.890e-14,-0.0005,117.16,0
BottomS70532,8.6533,-3.1051,2.114e-16,1.426e-16,4.756e-17,0.0003,121.3,0
BottomS70533,8.4591,-3.0649,1.711e-18,3.036e-18,6.972e-18,0.0006,117.01,0
BottomS70534,8.4576,-3.0645,2.741e-18,2.432e-18,1.397e-18,-0.0002,117.12,0
BottomS70535,8.6500,-3.1001,3.638e-17,2.744e-17,1.080e-17,-0.0005,121.28,0
BottomS70536,8.6504,-3.0972,9.645e-18,7.433e-18,3.080e-18,-0.0009,121.05,1
BottomS70537,8.4559,-3.0751,4.542e-18,3.702e-18,1.704e-18,0.0,117.0,0
BottomS70538,8.6589,-3.0905,5.042e-18,4.212e-18,2.163e-18,0.0007,121.3,0
BottomS70539,8.4557,-3.0817,8.253e-18,6.765e-18,3.348e-18,-0.0005,117.18,0
BottomS70540,8.4539,-3.0865,3.715e-16,2.571e-16,8.960e-17,-0.0003,117.07,0
BottomS70541,8.6625,-3.0813,1.888e-19,1.954e-19,1.462e-19,-0.0001,121.24,0
BottomS70542,8.4507,-3.0905,1.541e-18,2.366e-18,4.150e-18,-0.0006,117.05,0
BottomS70543,8.6654,-3.0744,1.530e-17,1.230e-17,5.866e-18,-0.0003,121.27,0
BottomS70544,8.4480,-3.0989,2.906e-18,2.487e-18,1.307e-18,0.0007,117.08,0
BottomS70545,8.6555,-3.0688,1.211e-19,1.300e-19,1.072e-19,-0.0,121.19,0
BottomS70546,8.6620,-3.0649,2.410e-14,2.794e-14,2.744e-14,0.0007,121.12,0
BottomS70549,8.6591,-3.0591,7.435e-18,5.693e-18,2.467e-18,-0.0005,121.12,0
BottomS70550,8.6514,-3.0543,2.083e-17,1.516e-17,5.745e-18,-0.0005,120.82,0
BottomS70551,8.6437,-3.0489,1.083e-18,1.011e-18,6.281e-19,0.0003,120.94,0
BottomS70552,8.6467,-3.0464,4.047e-17,3.061e-17,1.248e-17,-0.0009,120.89,1
BottomS70553,8.6397,-3.0424,5.029e-16,3.474e-16,1.187e-16,0.0004,120.62,0
BottomS70554,8.6403,-3.0395,4.382e-18,3.709e-18,1.849e-18,-0.0004,120.65,0
BottomS70555,8.4741,-3.1312,1.288e-18,2.489e-18,7.256e-18,0.0001,117.6,0
BottomS70556,8.6231,-3.0342,6.683e-17,4.867e-17,1.873e-17,-0.0001,120.55,0
BottomS70557,8.6270,-3.0315,2.450e-17,1.902e-17,8.426e-18,-0.0002,120.42,1
BottomS70558,8.6309,-3.0314,2.002e-19,2.074e-19,1.632e-19,0.0003,120.32,0
BottomS70559,8.4961,-3.1436,3.790e-17,2.830e-17,1.103e-17,0.0006,118.19,0
BottomS70560,8.6108,-3.0271,7.517e-20,8.271e-20,7.512e-20,0.0008,120.06,0
BottomS70561,8.5051,-3.1461,1.466e-17,1.134e-17,4.877e-18,-0.0003,118.28,1
BottomS70563,8.6007,-3.0247,8.969e-17,6.411e-17,2.402e-17,0.0004,119.98,0
BottomS70564,8.5195,-3.1501,7.758e-17,5.572e-17,2.097e-17,-0.0001,118.47,0
BottomS70565,8.5872,-3.0116,9.552e-17,6.859e-17,2.458e-17,-0.0009,119.68,0
BottomS70566,8.5807,-3.0113,5.959e-17,4.172e-17,1.455e-17,-0.0006,119.44,0
BottomS70567,8.5729,-3.0133,1.389e-16,9.614e-17,3.236e-17,0.0008,119.43,0
BottomS70568,8.5690,-3.0144,5.644e-19,5.479e-19,3.674e-19,0.001,119.2,0
BottomS70569,8.5496,-3.1610,1.066e-17,8.216e-18,3.572e-18,-0.0003,119.1,1
BottomS70570,8.5566,-3.1543,2.315e-17,1.713e-17,6.694e-18,-0.0006,119.22,0
BottomS70571,8.5620,-3.1593,1.004e-16,7.060e-17,2.471e-17,-0.0003,119.26,0
BottomS70572,8.5432,-3.0111,3.986e-18,3.201e-18,1.529e-18,0.0001,118.94,0
BottomS70573,8.5380,-3.0139,1.935e-17,1.481e-17,6.239e-18,0.0003,118.86,1
BottomS70575,8.5866,-3.1595,3.424e-18,2.906e-18,1.479e-18,-0.0006,119.72,0
BottomS70576,8.5184,-3.0111,1.079e-17,8.523e-18,3.705e-18,0.0007,118.48,1
BottomS70577,8.6019,-3.1528,6.303e-17,4.616e-17,1.754e-17,-0.0002,119.89,0
BottomS70578,8.6047,-3.1525,1.717e-19,1.852e-19,1.611e-19,-0.0005,120.04,0
BottomS70580,8.6157,-3.1530,3.655e-18,2.979e-18,1.392e-18,0.0,120.22,0
BottomS70581,8.4926,-3.0240,2.242e-18,4.727e-18,1.633e-17,0.0001,117.7,0
BottomS70582,8.6269,-3.1535,1.595e-17,1.247e-17,5.338e-18,0.001,120.44,1
BottomS70583,8.6375,-3.1512,6.297e-20,7.093e-20,6.911e-20,0.0002,120.6,0
BottomS70584,8.6381,-3.1488,1.068e-17,8.515e-18,3.802e-18,0.0002,120.61,0
BottomS70585,8.6484,-3.1435,2.143e-19,2.326e-19,1.912e-19,0.0,120.55,0
BottomS70586,8.4586,-3.0270,5.730e-14,5.447e-14,3.542e-14,0.0,117.36,1
BottomS70587,8.6460,-3.1361,1.889e-17,1.398e-17,5.803e-18,-0.0,120.71,1
BottomS70588,8.6618,-3.1381,1.547e-17,1.175e-17,5.048e-18,0.0001,120.92,1
BottomS70589,8.4535,-3.0376,1.391e-18,2.710e-18,7.647e-18,0.0002,117.31,0
BottomS70590,8.6739,-3.1287,2.647e-17,2.042e-17,8.791e-18,0.0013,121.11,1
BottomS70591,8.6679,-3.1323,5.779e-18,4.660e-18,2.100e-18,-0.0003,121.02,1
BottomS70592,8.4287,-3.0471,1.591e-18,1.434e-18,8.436e-19,-0.0002,117.11,0
BottomS70593,8.6816,-3.1164,1.785e-17,1.440e-17,6.907e-18,0.0002,121.32,0
BottomS70594,8.4210,-3.0547,1.857e-18,2.977e-18,5.843e-18,-0.0005,117.13,0
BottomS70595,8.6806,-3.1113,1.368e-18,2.618e-18,7.352e-18,-0.0012,121.36,0
BottomS70596,8.6809,-3.1082,1.381e-17,1.062e-17,4.625e-18,0.0003,121.21,1
BottomS70597,8.6864,-3.1060,2.929e-14,2.089e-14,7.533e-15,0.0001,121.1,0
BottomS70598,8.6867,-3.1006,2.961e-17,2.268e-17,9.716e-18,0.0003,121.33,1
BottomS70599,8.6919,-3.0976,5.691e-20,7.339e-20,9.081e-20,0.0,121.25,0
BottomS70600,8.4233,-3.0764,3.522e-16,2.381e-16,7.926e-17,-0.0002,117.0,0
BottomS70601,8.6897,-3.0899,3.519e-17,2.588e-17,1.006e-17,0.0006,121.36,0
BottomS70602,8.4125,-3.0850,5.146e-18,4.525e-18,2.473e-18,0.0013,116.97,0
BottomS70603,8.6848,-3.0816,8.682e-18,7.093e-18,3.462e-18,0.0003,121.36,0
BottomS70604,8.6964,-3.0767,1.873e-18,3.079e-18,6.182e-18,-0.0006,121.4,0
BottomS70605,8.6818,-3.0735,5.204e-19,9.655e-19,2.560e-18,0.0013,121.29,0
BottomS70606,8.4247,-3.1003,4.720e-18,3.884e-18,1.875e-18,0.0,116.92,0
BottomS70607,8.6896,-3.0644,5.186e-18,4.177e-18,2.005e-18,0.0006,121.26,0
BottomS70608,8.4325,-3.1103,4.020e-18,3.361e-18,1.670e-18,0.0005,117.12,0
BottomS70609,8.6777,-3.0558,2.550e-20,3.168e-20,3.606e-20,-0.0002,121.23,0
BottomS70610,8.6862,-3.0536,1.024e-17,8.165e-18,3.582e-18,-0.0008,121.01,1
BottomS70612,8.6761,-3.0438,5.709e-14,4.841e-14,2.603e-14,-0.0004,120.95,1
BottomS70613,8.4392,-3.1259,1.643e-17,1.300e-17,5.926e-18,0.0008,117.39,1
BottomS70614,8.6696,-3.0387,2.109e-17,1.575e-17,6.400e-18,-0.0,120.76,0
BottomS70615,8.4425,-3.1339,2.409e-17,1.794e-17,7.242e-18,0.0001,117.53,0
BottomS70616,8.6571,-3.0321,8.568e-14,7.675e-14,4.524e-14,-0.0,120.64,1
BottomS70617,8.6572,-3.0272,2.705e-17,2.163e-17,9.777e-18,0.0003,120.65,1
BottomS70618,8.6412,-3.0243,1.075e-16,7.636e-17,2.854e-17,0.0006,120.47,0
BottomS70619,8.4692,-3.1497,1.875e-18,1.674e-18,9.955e-19,-0.0009,117.85,0
BottomS70620,8.4752,-3.1526,1.911e-16,1.273e-16,4.037e-17,-0.0011,117.88,0
BottomS70621,8.6350,-3.0112,7.346e-19,6.839e-19,4.351e-19,-0.0007,120.42,0
BottomS70622,8.6270,-3.0130,2.227e-17,1.735e-17,7.551e-18,0.0005,120.17,1
BottomS70623,8.6142,-3.0089,2.675e-16,1.795e-16,5.981e-17,-0.0,120.04,0
BottomS70624,8.4981,-3.1615,5.609e-17,4.192e-17,1.672e-17,-0.0003,118.25,0
BottomS70625,8.5077,-3.1686,1.386e-17,1.076e-17,4.859e-18,-0.0009,118.36,1
BottomS70626,8.6039,-3.0098,4.067e-17,2.958e-17,1.108e-17,0.0008,119.84,0
BottomS70627,8.5209,-3.1675,1.428e-20,1.930e-20,2.584e-20,-0.0004,118.57,0
BottomS70628,8.5263,-3.1671,1.337e-16,9.081e-17,3.068e-17,0.0004,118.87,0
BottomS70629,8.5338,-3.1682,1.333e-16,9.549e-17,3.516e-17,0.0001,118.68,0
BottomS70630,8.5400,-3.1702,2.393e-17,1.922e-17,8.784e-18,-0.0007,118.89,0
BottomS70631,8.5662,-3.0011,2.231e-17,1.769e-17,8.051e-18,0.0001,119.24,1
BottomS70632,8.5565,-2.9931,1.523e-17,1.174e-17,5.160e-18,-0.0003,119.07,1
BottomS70633,8.5501,-2.9962,5.135e-17,3.734e-17,1.392e-17,0.0003,119.01,0
BottomS70634,8.5703,-3.1778,8.251e-19,7.575e-19,4.690e-19,-0.0003,119.45,0
BottomS70635,8.5012,-3.0906,1.566e-17,1.207e-17,5.257e-18,-0.0003,117.18,1
BottomS70637,8.5003,-3.0919,9.906e-18,8.133e-18,3.803e-18,0.0009,117.44,0
BottomS70639,8.6159,-3.0728,3.449e-18,4.851e-18,6.995e-18,-0.0012,121.03,0
BottomS70640,8.5076,-3.0949,3.206e-18,2.683e-18,1.371e-18,-0.0006,117.34,0
BottomS70641,8.4974,-3.1041,2.085e-20,2.710e-20,3.378e-20,-0.0006,117.46,0
BottomS70642,8.5077,-3.0995,3.160e-19,3.210e-19,2.417e-19,-0.0004,117.42,0
BottomS70643,8.4959,-3.1012,2.569e-17,2.016e-17,9.144e-18,-0.0004,117.49,0
BottomS70644,8.4939,-3.1044,1.065e-20,1.403e-20,1.790e-20,0.0009,117.38,0
BottomS70646,8.6067,-3.0632,4.013e-18,3.266e-18,1.529e-18,-0.0003,120.71,0
BottomS70647,8.5006,-3.1080,5.541e-19,5.194e-19,3.311e-19,0.0004,117.7,0
BottomS70650,8.6004,-3.0566,9.714e-18,8.129e-18,3.953e-18,-0.0005,120.39,0
BottomS70652,8.5033,-3.1144,1.117e-18,2.307e-18,7.467e-18,0.0002,117.71,0
BottomS70654,8.5200,-3.1243,2.358e-20,2.922e-20,3.185e-20,0.0001,118.2,0
BottomS70657,8.5896,-3.0450,1.112e-18,9.849e-19,5.650e-19,-0.0004,119.98,0
BottomS70660,8.5286,-3.1306,3.079e-19,3.182e-19,2.516e-19,0.0002,118.63,0
BottomS70661,8.5279,-3.1256,7.275e-19,1.230e-18,2.595e-18,-0.0004,118.41,0
BottomS70662,8.5801,-3.0449,4.073e-19,3.920e-19,2.596e-19,-0.0009,119.83,0
BottomS70663,8.5313,-3.1278,1.941e-19,2.067e-19,1.642e-19,0.0004,118.49,0
BottomS70664,8.5759,-3.0396,8.238e-19,8.429e-19,6.469e-19,-0.0008,119.54,0
BottomS70666,8.5431,-3.1369,3.206e-19,3.284e-19,2.455e-19,-0.0,118.89,0
BottomS70668,8.5489,-3.1296,1.552e-18,2.343e-18,3.894e-18,-0.0008,119.09,0
BottomS70670,8.5556,-3.1338,1.382e-17,1.062e-17,4.538e-18,-0.0,119.23,1
BottomS70671,8.5581,-3.0340,1.883e-17,1.425e-17,5.715e-18,-0.0001,119.24,0
BottomS70673,8.5479,-3.0325,7.989e-19,7.210e-19,4.249e-19,-0.001,118.89,0
BottomS70674,8.5466,-3.0323,7.477e-19,1.313e-18,3.067e-18,0.001,118.84,0
BottomS70677,8.5382,-3.0435,3.314e-18,2.780e-18,1.402e-18,0.0004,118.66,0
BottomS70678,8.5352,-3.0306,2.312e-17,1.760e-17,7.374e-18,-0.0012,118.57,1
BottomS70680,8.5284,-3.0381,2.025e-17,1.521e-17,6.165e-18,-0.0001,118.42,0
BottomS70681,8.5240,-3.0403,3.614e-20,4.296e-20,4.431e-20,-0.0001,118.43,0
BottomS70682,8.5924,-3.1355,3.377e-19,3.412e-19,2.581e-19,0.0008,120.15,0
BottomS70683,8.5164,-3.0400,5.387e-18,4.316e-18,1.969e-18,-0.0011,118.09,0
BottomS70684,8.5948,-3.1364,1.669e-18,3.860e-18,1.602e-17,-0.001,120.07,0
BottomS70685,8.5986,-3.1282,9.003e-18,7.217e-18,3.283e-18,0.0004,120.32,1
BottomS70686,8.5103,-3.0446,5.125e-17,3.709e-17,1.389e-17,0.0002,117.9,0
BottomS70687,8.5066,-3.0394,9.832e-18,7.480e-18,3.170e-18,-0.0003,117.9,1
BottomS70688,8.5067,-3.0361,9.415e-18,7.446e-18,3.237e-18,0.0001,118.04,0
BottomS70689,8.5056,-3.0390,2.171e-20,2.834e-20,3.543e-20,0.0001,117.94,0
BottomS70690,8.6221,-3.1183,1.091e-17,8.841e-18,4.318e-18,-0.0002,120.87,0
BottomS70691,8.6305,-3.1274,9.679e-18,7.194e-18,2.998e-18,0.0009,120.76,0
BottomS70692,8.6299,-3.1253,2.159e-20,2.702e-20,3.164e-20,-0.0001,120.85,0
BottomS70693,8.4866,-3.0544,1.130e-18,1.018e-18,5.815e-19,-0.0003,117.46,0
BottomS70694,8.6348,-3.1332,4.672e-20,5.464e-20,5.529e-20,-0.0006,120.84,0
BottomS70695,8.6463,-3.1292,4.988e-18,7.224e-18,1.129e-17,-0.0001,120.82,0
BottomS70697,8.4742,-3.0468,3.096e-19,3.147e-19,2.358e-19,0.0001,117.5,0
BottomS70699,8.4636,-3.0515,5.412e-20,6.459e-20,6.797e-20,-0.001,117.38,0
BottomS70701,8.4600,-3.0559,2.503e-20,3.171e-20,3.691e-20,0.0004,117.22,0
BottomS70707,8.6499,-3.0986,8.139e-18,6.464e-18,2.918e-18,0.0002,121.37,1
BottomS70708,8.4651,-3.0712,4.269e-17,3.144e-17,1.240e-17,-0.0004,117.08,0
BottomS70709,8.6495,-3.0932,5.657e-19,1.138e-18,3.551e-18,0.0004,121.12,0
BottomS70710,8.6544,-3.0928,6.732e-20,7.339e-20,6.413e-20,0.0004,121.2,0
BottomS70712,8.4467,-3.0789,2.455e-17,1.818e-17,7.134e-18,0.0003,117.02,0
BottomS70714,8.6431,-3.0851,6.071e-17,4.292e-17,1.539e-17,0.0006,121.17,0
BottomS70715,8.4439,-3.0902,3.225e-19,3.275e-19,2.458e-19,-0.0001,117.07,0
BottomS70716,8.6703,-3.0760,8.649e-20,9.717e-20,9.040e-20,-0.0004,121.36,0
BottomS70717,8.6652,-3.0771,1.773e-17,1.408e-17,6.482e-18,-0.0006,121.23,0
BottomS70718,8.6671,-3.0752,2.853e-18,6.037e-18,2.103e-17,0.0,121.14,1
BottomS70723,8.4489,-3.1059,8.283e-19,7.271e-19,4.066e-19,-0.0005,117.3,0
BottomS70724,8.6606,-3.0621,4.067e-20,4.979e-20,5.240e-20,0.0001,121.11,0
BottomS70725,8.6572,-3.0568,4.738e-18,6.705e-18,9.680e-18,0.0004,121.02,0
BottomS70726,8.6519,-3.0584,3.225e-19,5.893e-19,1.501e-18,0.0005,121.05,0
BottomS70727,8.4559,-3.1154,2.737e-20,3.400e-20,3.755e-20,0.0003,117.35,0
BottomS70728,8.4666,-3.1139,1.686e-16,1.182e-16,4.218e-17,0.0004,117.51,0
BottomS70731,8.6228,-3.0458,4.614e-18,3.851e-18,1.912e-18,0.0008,120.49,0
BottomS70732,8.6418,-3.0477,3.951e-19,6.230e-19,1.126e-18,-0.0002,120.76,0
BottomS70733,8.6340,-3.0397,9.813e-17,7.087e-17,2.684e-17,0.0002,120.65,0
BottomS70735,8.6342,-3.0359,1.021e-20,1.343e-20,1.678e-20,0.0001,120.47,0
BottomS70736,8.4905,-3.1384,3.704e-18,6.932e-18,1.824e-17,0.0,117.98,0
BottomS70737,8.6295,-3.0359,3.389e-19,3.470e-19,2.558e-19,-0.0004,120.61,0
BottomS70738,8.4937,-3.1389,1.767e-18,1.518e-18,8.278e-19,-0.001,117.93,0
BottomS70739,8.4880,-3.1440,3.704e-20,4.641e-20,5.239e-20,0.0005,118.0,0
BottomS70741,8.4946,-3.1409,6.681e-18,1.670e-17,8.064e-17,0.0009,118.02,1
BottomS70746,8.5894,-3.0094,6.670e-19,1.287e-18,3.596e-18,-0.0,119.66,0
BottomS70747,8.5910,-3.0162,3.128e-18,2.768e-18,1.514e-18,0.0001,119.74,0
BottomS70749,8.5323,-3.1604,1.915e-20,2.466e-20,2.949e-20,0.0003,118.85,0
BottomS70750,8.5760,-3.0172,1.582e-18,1.405e-18,8.019e-19,-0.0008,119.54,0
BottomS70751,8.5733,-3.0209,3.763e-17,2.740e-17,1.082e-17,0.0002,119.52,0
BottomS70752,8.5444,-3.1517,3.990e-17,3.003e-17,1.233e-17,0.0005,118.94,1
BottomS70753,8.5491,-3.1549,5.125e-18,4.171e-18,2.068e-18,0.0002,119.07,0
BottomS70755,8.5520,-3.0103,2.525e-20,3.225e-20,4.022e-20,-0.0002,119.06,0
BottomS70757,8.5692,-3.1575,6.242e-18,5.294e-18,2.711e-18,-0.0001,119.37,0
BottomS70758,8.5744,-3.1573,5.444e-18,4.431e-18,2.170e-18,-0.0006,119.56,0
BottomS70759,8.5785,-3.1586,1.093e-19,1.199e-19,1.049e-19,-0.0003,119.57,0
BottomS70760,8.5300,-3.0119,6.083e-18,5.147e-18,2.637e-18,0.0006,118.69,0
BottomS70761,8.5891,-3.1490,3.342e-17,2.567e-17,1.099e-17,-0.0001,119.74,0
BottomS70762,8.5216,-3.0095,8.290e-18,6.419e-18,2.781e-18,-0.0,118.53,0
BottomS70763,8.5158,-3.0159,4.884e-20,5.944e-20,6.270e-20,0.0006,118.3,0
BottomS70764,8.6010,-3.1559,1.605e-18,1.425e-18,8.181e-19,0.0,119.94,0
BottomS70765,8.6026,-3.1552,4.149e-19,4.182e-19,2.956e-19,-0.0001,119.88,0
BottomS70766,8.5060,-3.0008,5.698e-14,4.109e-14,1.579e-14,-0.0006,118.35,0
BottomS70768,8.4916,-3.0138,4.555e-20,5.687e-20,6.478e-20,0.0007,117.97,0
BottomS70769,8.4870,-3.0190,1.175e-16,8.241e-17,3.003e-17,0.0006,117.96,0
BottomS70770,8.4846,-3.0228,2.088e-19,2.294e-19,1.979e-19,0.0004,117.79,0
BottomS70771,8.6293,-3.1468,4.319e-17,3.226e-17,1.327e-17,0.0008,120.43,1
BottomS70772,8.6469,-3.1509,2.861e-18,2.540e-18,1.444e-18,0.0005,120.56,0
BottomS70773,8.6319,-3.1452,9.629e-19,1.428e-18,2.282e-18,0.0004,120.47,0
BottomS70774,8.4671,-3.0188,8.625e-20,9.366e-20,8.128e-20,-0.0005,117.61,0
BottomS70776,8.4538,-3.0296,6.674e-17,4.751e-17,1.777e-17,-0.0007,117.46,0
BottomS70778,8.6568,-3.1352,3.710e-19,6.684e-19,1.636e-18,0.0007,120.95,0
BottomS70781,8.4553,-3.0400,5.057e-18,4.175e-18,2.124e-18,0.001,117.45,0
BottomS70783,8.4508,-3.0418,3.736e-18,3.122e-18,1.611e-18,-0.0007,117.39,0
BottomS70784,8.4510,-3.0492,2.569e-19,2.535e-19,1.764e-19,0.0005,117.2,0
BottomS70785,8.6608,-3.1252,1.737e-18,3.003e-18,6.934e-18,-0.0009,121.05,0
BottomS70786,8.4521,-3.0523,5.814e-18,4.701e-18,2.273e-18,-0.0,117.27,0
BottomS70787,8.4281,-3.0573,1.239e-17,9.714e-18,4.443e-18,0.0005,116.96,1
BottomS70788,8.4381,-3.0596,5.204e-19,5.039e-19,3.369e-19,-0.0007,117.3,0
BottomS70789,8.4375,-3.0601,1.031e-18,9.394e-19,5.486e-19,-0.0002,117.12,0
BottomS70790,8.6919,-3.1058,7.882e-20,9.034e-20,8.610e-20,-0.0005,121.26,0
BottomS70791,8.6961,-3.1018,2.010e-17,1.482e-17,5.969e-18,0.0004,121.35,0
BottomS70792,8.7040,-3.0979,3.106e-18,4.439e-18,6.476e-18,0.0004,121.34,0
BottomS70793,8.6837,-3.0971,4.065e-19,3.938e-19,2.695e-19,0.0008,121.21,0
BottomS70794,8.6777,-3.0959,2.149e-17,1.705e-17,7.850e-18,-0.0002,121.35,1
BottomS70795,8.4417,-3.0783,1.161e-17,8.659e-18,3.420e-18,0.0002,116.9,0
BottomS70796,8.6972,-3.0898,7.311e-19,6.813e-19,4.357e-19,-0.0002,121.36,0
BottomS70800,8.6947,-3.0760,2.116e-19,2.246e-19,1.779e-19,-0.0003,121.28,0
BottomS70801,8.6674,-3.0725,6.528e-17,4.876e-17,1.907e-17,-0.0002,121.15,0
BottomS70802,8.4195,-3.0992,1.138e-18,2.136e-18,5.627e-18,-0.0002,117.17,0
BottomS70804,8.4307,-3.1059,8.730e-18,6.991e-18,3.252e-18,0.0001,117.04,0
BottomS70805,8.4148,-3.1103,9.701e-20,1.033e-19,8.468e-20,-0.0002,117.07,0
BottomS70806,8.4272,-3.1118,1.177e-18,1.062e-18,6.029e-19,-0.0001,116.97,0
BottomS70807,8.6925,-3.0582,1.269e-18,1.098e-18,6.130e-19,0.0003,121.07,0
BottomS70808,8.6759,-3.0569,2.223e-20,2.956e-20,3.816e-20,0.0007,120.99,0
BottomS70810,8.6775,-3.0472,2.847e-20,3.504e-20,3.987e-20,0.0004,120.95,0
BottomS70812,8.4377,-3.1199,1.586e-20,2.037e-20,2.440e-20,-0.0001,117.32,0
BottomS70813,8.4426,-3.1292,1.046e-17,7.819e-18,3.260e-18,-0.0002,117.24,1
BottomS70814,8.6653,-3.0346,5.703e-19,8.776e-19,1.491e-18,0.0006,120.84,0
BottomS70815,8.4337,-3.1422,1.369e-18,1.240e-18,7.337e-19,-0.0001,117.57,0
BottomS70816,8.4667,-3.1378,1.102e-20,1.485e-20,2.012e-20,0.0005,117.57,0
BottomS70817,8.6520,-3.0354,2.773e-20,3.432e-20,3.845e-20,-0.0001,120.69,0
BottomS70818,8.4670,-3.1462,3.189e-17,2.385e-17,9.597e-18,0.0008,117.89,0
BottomS70819,8.4677,-3.1480,9.966e-19,8.787e-19,5.088e-19,0.0,117.86,0
BottomS70820,8.4688,-3.1566,1.481e-19,1.605e-19,1.302e-19,0.0006,117.93,0
BottomS70821,8.6353,-3.0088,1.253e-17,9.330e-18,3.853e-18,0.0012,120.21,0
BottomS70824,8.4863,-3.1590,3.124e-16,2.079e-16,6.464e-17,0.0008,118.24,0
BottomS70827,8.5030,-3.1576,6.804e-19,6.601e-19,4.377e-19,-0.0008,118.31,0
BottomS70828,8.6093,-3.0022,9.951e-19,1.847e-18,5.024e-18,-0.001,119.65,0
BottomS70829,8.5125,-3.1732,4.101e-20,5.015e-20,5.312e-20,0.0001,118.65,0
BottomS70830,8.5156,-3.1589,7.121e-19,6.771e-19,4.274e-19,0.0002,118.62,0
BottomS70831,8.5903,-3.0044,3.649e-19,3.666e-19,2.654e-19,0.0003,119.54,0
BottomS70832,8.5267,-3.1500,6.943e-19,1.270e-18,3.211e-18,0.0012,118.7,0
BottomS70833,8.5324,-3.1712,2.755e-18,7.292e-18,3.954e-17,0.0005,118.88,1
BottomS70834,8.5748,-2.9957,8.879e-19,1.950e-18,6.928e-18,0.0004,119.33,0
BottomS70835,8.5425,-3.1704,2.317e-19,2.501e-19,2.044e-19,0.0006,119.1,0
BottomS70836,8.5493,-3.1694,1.228e-16,8.685e-17,3.237e-17,-0.0007,118.79,0
BottomS70837,8.5532,-3.1735,6.666e-17,4.957e-17,1.989e-17,0.0001,119.19,0
BottomS70840,8.5708,-3.1700,6.656e-19,6.294e-19,4.161e-19,0.0006,119.34,0
BottomS70841,8.5360,-3.0029,2.920e-14,2.188e-14,8.816e-15,-0.0003,118.65,0
BottomS70842,8.5812,-3.1655,4.903e-20,5.507e-20,5.082e-20,-0.0005,119.72,0
BottomS70844,8.5952,-3.1724,8.431e-14,6.133e-14,2.338e-14,-0.0008,119.68,0
BottomS70847,5.8503,-1.0568,1.184e-20,1.521e-20,1.806e-20,0.0005,121.94,0
BottomS70848,5.8457,-1.0724,1.028e-19,1.153e-19,1.019e-19,0.0001,123.5,0
BottomS70862,5.8157,-1.1093,1.167e-20,1.535e-20,2.007e-20,0.0008,125.04,0
BottomS70864,5.8485,-1.0694,2.061e-18,1.748e-18,9.174e-19,-0.0002,124.17,0
BottomS70866,5.8695,-1.0294,3.218e-20,3.859e-20,4.051e-20,0.0005,120.66,0
BottomS70872,5.8530,-1.0484,4.143e-19,3.794e-19,2.381e-19,-0.0004,121.5,0
BottomS70878,5.8362,-1.0871,2.318e-18,3.939e-18,8.587e-18,-0.0003,124.77,0
BottomS70886,5.8418,-1.0670,5.476e-14,4.239e-14,1.824e-14,0.0012,123.64,1
BottomS70889,5.8490,-1.0662,4.753e-20,5.142e-20,4.535e-20,0.0007,123.75,0
BottomS70891,5.8533,-1.0522,5.414e-20,6.222e-20,6.105e-20,-0.0001,122.23,0
BottomS70892,5.8329,-1.0870,3.927e-20,4.610e-20,4.391e-20,0.0009,124.91,0
BottomS70896,5.8440,-1.0715,2.055e-19,2.097e-19,1.568e-19,-0.0005,124.38,0
BottomS70897,5.8547,-1.0423,1.461e-20,2.018e-20,2.723e-20,-0.001,121.6,0
BottomS70903,5.8484,-1.0618,3.171e-19,3.147e-19,2.181e-19,0.0,123.36,0
BottomS70909,5.8587,-1.0440,1.540e-19,1.646e-19,1.371e-19,-0.0,121.56,0
BottomS70910,5.8520,-1.0569,6.764e-20,7.457e-20,6.810e-20,-0.0017,122.57,0
BottomS70911,5.8529,-1.0472,3.292e-20,3.938e-20,4.208e-20,0.0005,122.2,0
BottomS70912,5.8657,-1.0371,7.926e-20,8.380e-20,6.834e-20,0.0008,120.71,0
BottomS70913,5.8451,-1.0676,1.372e-18,2.294e-18,4.668e-18,0.0012,124.22,0
BottomS70921,5.8473,-1.0606,2.576e-18,4.924e-18,1.362e-17,-0.0007,123.24,0
BottomS70923,5.8472,-1.0660,1.931e-20,2.250e-20,2.258e-20,-0.0006,123.82,0
BottomS70927,5.8170,-1.1220,1.809e-20,2.210e-20,2.405e-20,0.0006,124.77,0
BottomS70928,5.8531,-1.0582,4.748e-20,5.784e-20,6.156e-20,0.0004,122.51,0
BottomS70929,5.9064,-0.9760,4.310e-19,4.157e-19,2.750e-19,0.0004,120.45,0
BottomS70932,5.8529,-1.0568,7.407e-18,5.866e-18,2.670e-18,-0.0008,122.39,1
BottomS70942,5.8486,-1.0563,7.121e-19,1.529e-18,5.230e-18,0.0003,122.44,0
BottomS70943,5.8358,-1.0855,1.145e-18,1.845e-18,3.586e-18,0.0013,124.63,0
BottomS70944,5.8498,-1.0520,1.087e-16,2.810e-16,1.418e-15,0.0005,122.17,1
BottomS70947,5.8620,-1.0397,8.470e-19,7.413e-19,4.171e-19,-0.0003,121.27,0
BottomS70955,5.8552,-1.0580,1.577e-20,1.959e-20,2.282e-20,0.0012,122.47,0
BottomS70956,5.8500,-1.0575,2.731e-19,2.776e-19,2.014e-19,0.0005,122.69,0
BottomS70957,5.8499,-1.0636,1.232e-19,1.323e-19,1.070e-19,-0.0004,123.41,0
BottomS70958,5.8621,-1.0478,4.295e-14,3.024e-14,1.080e-14,0.0002,121.53,0
BottomS70967,5.8799,-1.0146,1.386e-20,1.708e-20,1.860e-20,-0.0003,120.62,0
BottomS70973,5.8668,-1.0463,2.521e-19,4.597e-19,1.204e-18,0.0003,121.77,0
BottomS70977,5.8626,-1.0490,2.994e-20,3.639e-20,3.927e-20,0.0001,121.66,0
BottomS70978,5.8492,-1.0647,2.512e-15,1.648e-15,5.299e-16,0.0003,123.81,0
BottomS70986,5.8806,-1.0088,1.828e-19,1.806e-19,1.323e-19,0.0002,120.63,0
BottomS70987,5.8354,-1.0749,1.723e-18,3.628e-18,1.190e-17,-0.0004,124.05,0
BottomS70995,5.8473,-1.0594,8.774e-19,1.492e-18,3.110e-18,0.0006,123.03,0
BottomS70996,5.8612,-1.0553,6.381e-19,5.679e-19,3.227e-19,0.0002,122.55,0
BottomS71008,5.8490,-1.0673,1.720e-19,1.699e-19,1.208e-19,0.0017,123.69,0
BottomS71013,5.9025,-0.9866,3.400e-14,2.490e-14,9.346e-15,0.0002,120.9,0
BottomS71014,5.8505,-1.0644,9.926e-20,1.088e-19,9.378e-20,0.0002,123.74,0
BottomS71022,5.8588,-1.0492,7.786e-19,1.734e-18,6.417e-18,0.0009,121.37,0
BottomS71023,5.8641,-1.0413,4.049e-19,3.848e-19,2.558e-19,-0.0008,120.83,0
BottomS71029,5.8634,-1.0220,4.814e-19,9.373e-19,2.700e-18,0.0003,121.41,0
BottomS71031,5.8364,-1.0805,1.058e-19,1.173e-19,1.022e-19,0.0001,124.5,0
BottomS71036,5.8532,-1.0579,9.416e-20,1.001e-19,8.338e-20,-0.0002,122.26,0
BottomS71041,5.8207,-1.1105,1.266e-19,1.319e-19,1.052e-19,0.0002,125.04,0
BottomS71045,5.8389,-1.0738,1.748e-20,2.163e-20,2.378e-20,-0.0001,124.38,0
BottomS71046,5.8619,-1.0444,1.478e-20,1.747e-20,1.835e-20,-0.0003,121.28,0
BottomS71051,5.8598,-1.0536,1.105e-20,1.488e-20,2.006e-20,-0.0002,122.45,0
BottomS71052,5.8487,-1.0529,1.539e-19,1.593e-19,1.249e-19,0.0009,122.24,0
BottomS71058,5.8788,-1.0234,5.339e-19,7.268e-19,9.782e-19,0.0007,121.12,0
BottomS71060,5.8406,-1.0730,2.281e-18,4.312e-18,1.177e-17,-0.0002,123.99,0
BottomS71062,5.8387,-1.0762,5.787e-18,1.647e-17,1.041e-16,0.0002,124.71,1
BottomS71064,5.8104,-1.1057,6.588e-20,7.656e-20,7.496e-20,0.0006,124.21,0
BottomS71066,5.8530,-1.0469,3.999e-20,4.517e-20,4.189e-20,-0.001,121.9,0
BottomS71067,5.8469,-1.0705,1.045e-20,1.322e-20,1.531e-20,0.0009,123.99,0
BottomS71068,5.8570,-1.0500,2.558e-20,2.958e-20,2.895e-20,0.0004,121.32,0
BottomS71070,5.7768,-1.1835,1.300e-20,1.582e-20,1.679e-20,-0.0,125.1,0
BottomS71074,5.8426,-1.0663,1.352e-18,2.739e-18,8.394e-18,-0.0006,123.98,0
BottomS71080,5.8379,-1.0739,2.958e-19,4.816e-19,9.613e-19,-0.0014,123.82,0
BottomS71081,5.8575,-1.0529,4.740e-17,1.560e-16,1.387e-15,0.0003,122.0,1
BottomS71084,5.8589,-1.0494,2.905e-18,2.302e-18,1.037e-18,-0.0,121.6,0
BottomS71085,5.8506,-1.0510,1.047e-18,1.877e-18,4.552e-18,0.0001,122.29,0
BottomS71087,5.8483,-1.0628,1.494e-18,1.295e-18,6.904e-19,-0.0005,123.81,0
BottomS71090,5.8435,-1.0646,5.768e-20,6.749e-20,6.502e-20,-0.0001,123.86,0
BottomS71095,5.8512,-1.0644,6.747e-19,1.411e-18,4.620e-18,0.0007,123.41,0
BottomS71098,5.8498,-1.0589,7.536e-20,8.431e-20,7.472e-20,-0.0005,122.82,0
BottomS71101,5.8348,-1.0756,1.253e-19,1.321e-19,1.074e-19,0.0001,124.04,0
BottomS71109,5.8210,-1.1226,1.653e-20,2.159e-20,2.656e-20,-0.0003,124.56,0
BottomS71110,5.8507,-1.0602,6.692e-19,1.261e-18,3.350e-18,-0.0003,122.86,0
BottomS71113,5.8450,-1.0683,6.399e-19,5.693e-19,3.242e-19,-0.0003,124.3,0
BottomS71121,5.8731,-1.0367,9.720e-19,8.886e-19,5.191e-19,0.0,121.94,0
BottomS71124,5.8492,-1.0589,1.026e-18,1.783e-18,4.122e-18,-0.0005,123.07,0
BottomS71127,5.8901,-1.0192,1.021e-18,1.886e-18,4.717e-18,0.0005,121.66,0
BottomS71134,5.8695,-1.0465,2.188e-19,2.171e-19,1.571e-19,0.0003,122.22,0
BottomS71138,5.8713,-1.0169,6.213e-20,7.017e-20,6.500e-20,0.0002,121.31,0
BottomS71139,5.8556,-1.0636,3.969e-19,6.979e-19,1.680e-18,-0.0005,122.86,0
BottomS71148,5.8497,-1.0622,7.249e-20,7.806e-20,6.585e-20,0.0004,123.26,0
BottomS71150,5.8604,-1.0460,6.726e-20,7.845e-20,7.607e-20,-0.0006,121.07,0
BottomS71158,5.8504,-1.0621,8.180e-20,9.157e-20,8.037e-20,-0.0005,123.2,0
BottomS71161,5.8494,-1.0567,1.254e-20,1.607e-20,1.902e-20,-0.0007,121.98,0
BottomS71166,5.8628,-1.0393,2.905e-20,3.461e-20,3.506e-20,-0.0004,121.29,0
BottomS71167,5.8494,-1.0609,2.270e-19,2.364e-19,1.801e-19,0.0001,123.66,0
BottomS71168,5.8466,-1.0654,7.486e-19,1.497e-18,4.456e-18,-0.0002,123.82,0
BottomS71169,5.8290,-1.0840,1.688e-19,1.763e-19,1.381e-19,0.0002,123.87,0
BottomS71175,5.8565,-1.0547,1.071e-18,1.972e-18,4.978e-18,0.0005,122.22,0
BottomS71178,5.8475,-1.0597,1.585e-15,1.035e-15,3.249e-16,0.0015,123.11,0
BottomS71180,5.8336,-1.0844,7.165e-19,6.653e-19,4.152e-19,-0.0005,124.82,0
BottomS71185,5.8203,-1.1082,5.573e-20,6.271e-20,5.692e-20,-0.0001,125.0,0
BottomS71186,5.8415,-1.0724,1.612e-18,1.356e-18,7.047e-19,0.0006,123.94,0
BottomS71192,5.8359,-1.0854,3.347e-20,4.077e-20,4.330e-20,0.0004,124.2,0
BottomS71195,5.8755,-1.0258,5.190e-20,5.663e-20,4.966e-20,0.0007,120.57,0
BottomS71197,5.8616,-1.0465,1.662e-20,2.082e-20,2.371e-20,-0.0008,121.19,0
BottomS71202,5.8589,-1.0447,2.086e-19,2.120e-19,1.568e-19,-0.0001,121.37,0
BottomS71205,5.8440,-1.0871,3.824e-20,4.281e-20,3.981e-20,0.0003,124.17,0
BottomS71207,5.7715,-1.1874,1.641e-18,3.616e-18,1.397e-17,0.0001,125.05,1
BottomS71209,5.8373,-1.0717,5.374e-20,5.830e-20,4.929e-20,-0.0009,123.78,0
BottomS71223,5.8515,-1.0617,5.314e-19,4.672e-19,2.644e-19,-0.0001,123.04,0
BottomS71227,5.8537,-1.0628,6.979e-20,7.473e-20,6.327e-20,0.0005,122.94,0
BottomS71232,5.8598,-1.0488,8.903e-18,1.525e-17,3.201e-17,0.0007,121.31,0
BottomS71234,5.8369,-1.0687,2.055e-14,1.401e-14,4.689e-15,0.0004,123.8,0
BottomS71236,5.8495,-1.0792,3.515e-19,3.583e-19,2.666e-19,0.0003,123.31,0
BottomS71239,5.8611,-1.0558,2.099e-20,2.693e-20,3.234e-20,0.0005,122.22,0
BottomS71241,5.8481,-1.0681,3.252e-19,3.257e-19,2.396e-19,-0.0003,124.07,0
BottomS71243,5.8378,-1.0603,7.909e-19,1.239e-18,2.181e-18,0.0002,123.51,0
BottomS71244,5.8811,-1.0534,1.090e-18,9.895e-19,5.767e-19,0.0001,120.7,0
BottomS71249,5.8536,-1.0729,1.492e-20,1.972e-20,2.487e-20,0.0001,124.33,0
BottomS71250,5.8321,-1.0596,1.691e-19,1.678e-19,1.154e-19,0.0003,123.77,0
BottomS71254,5.8654,-1.0627,6.774e-19,1.076e-18,2.121e-18,0.0007,122.3,0
BottomS71257,5.8560,-1.0422,2.736e-20,3.381e-20,3.750e-20,0.0002,121.31,0
BottomS71258,5.8476,-1.0540,1.098e-20,1.383e-20,1.655e-20,0.0008,122.44,0
BottomS71260,5.8276,-1.0678,5.875e-19,1.320e-18,5.138e-18,-0.0005,124.67,0
BottomS71261,5.8656,-1.0661,1.931e-18,3.647e-18,9.726e-18,0.0008,122.49,0
BottomS71262,5.8376,-1.0656,6.002e-20,6.806e-20,6.263e-20,0.0,124.34,0
BottomS71264,5.8597,-1.0767,1.866e-17,5.584e-17,3.956e-16,0.0008,124.33,1
BottomS71265,5.8469,-1.0650,1.408e-18,1.197e-18,6.254e-19,-0.0001,124.0,0
BottomS71266,5.8497,-1.0648,7.180e-19,6.527e-19,3.870e-19,0.0001,123.58,0
BottomS71268,5.8446,-1.0708,1.562e-17,1.167e-17,4.791e-18,0.0,124.33,1
BottomS71271,5.8472,-1.0754,3.405e-18,2.710e-18,1.259e-18,0.0001,124.51,0
BottomS71272,5.8557,-1.0566,3.596e-14,2.588e-14,9.757e-15,0.0002,122.29,0
BottomS71276,5.8540,-1.0670,9.300e-19,1.839e-18,5.302e-18,-0.0007,123.22,0
BottomS71277,5.8665,-1.0687,2.711e-14,1.882e-14,6.382e-15,-0.0003,122.76,0
BottomS71280,5.8256,-1.0652,3.019e-18,7.098e-18,2.990e-17,-0.0,124.52,1
BottomS71281,5.8559,-1.0667,1.084e-19,1.175e-19,9.924e-20,-0.0007,123.99,0
BottomS71282,5.8360,-1.0766,8.479e-20,8.986e-20,7.413e-20,-0.0004,124.64,0
BottomS71283,5.8581,-1.0640,1.675e-18,1.418e-18,7.270e-19,-0.0002,122.83,0
BottomS71285,5.8344,-1.0653,5.368e-15,3.514e-15,1.121e-15,0.001,124.36,0
BottomS71289,5.8675,-1.0483,2.312e-19,2.336e-19,1.725e-19,-0.0001,120.99,0
BottomS71290,5.8534,-1.0719,3.423e-20,4.111e-20,4.329e-20,-0.0001,123.65,0
BottomS71296,5.8569,-1.0529,1.799e-18,1.520e-18,7.621e-19,0.0007,121.54,0
BottomS71299,5.8676,-1.0492,1.137e-20,1.422e-20,1.631e-20,-0.0,121.2,0
BottomS71300,5.8497,-1.0595,5.153e-20,5.669e-20,4.994e-20,-0.0003,122.93,0
BottomS71301,5.8534,-1.0843,1.300e-18,2.641e-18,8.370e-18,0.0004,124.85,0
BottomS71306,5.8408,-1.0616,1.153e-18,2.254e-18,6.448e-18,0.0003,124.15,0
BottomS71308,5.8700,-1.0454,8.582e-19,7.401e-19,4.114e-19,0.0012,121.24,0
BottomS71310,5.8435,-1.0692,8.722e-20,9.674e-20,8.672e-20,0.0003,124.11,0
BottomS71312,5.8240,-1.0403,9.778e-20,1.044e-19,8.471e-20,0.0004,120.7,0
BottomS71313,5.8379,-1.0626,4.239e-20,4.598e-20,3.982e-20,0.0005,123.75,0
BottomS71314,5.8522,-1.0577,4.562e-19,4.363e-19,2.754e-19,-0.0006,121.99,0
BottomS71316,5.8436,-1.0663,2.262e-19,2.144e-19,1.392e-19,0.0001,124.2,0
BottomS71317,5.8619,-1.0261,2.261e-19,2.167e-19,1.458e-19,0.001,120.67,0
BottomS71318,5.8591,-1.0607,1.133e-18,1.055e-18,6.636e-19,-0.0004,121.78,0
BottomS71319,5.8465,-1.0636,3.171e-20,3.709e-20,3.624e-20,0.0001,123.88,0
BottomS71321,5.8446,-1.0559,5.333e-20,6.087e-20,5.933e-20,0.0001,122.89,0
BottomS71323,5.8561,-1.0537,4.623e-19,4.290e-19,2.574e-19,-0.0007,121.83,0
BottomS71326,5.8429,-1.0440,4.591e-19,4.392e-19,2.848e-19,-0.0007,121.86,0
BottomS71328,5.8560,-1.0617,9.733e-19,1.994e-18,6.452e-18,0.0003,122.76,0
BottomS71331,5.8492,-1.0454,9.214e-20,1.007e-19,8.560e-20,0.0006,121.28,0
BottomS71332,5.8692,-1.0603,4.625e-19,4.551e-19,3.111e-19,0.0011,121.48,0
BottomS71333,5.8595,-1.0531,5.970e-14,4.914e-14,2.361e-14,-0.0003,121.93,1
BottomS71337,5.8543,-1.0731,1.462e-18,1.302e-18,7.194e-19,-0.0004,124.21,0
BottomS71341,5.8465,-1.0505,3.346e-20,4.033e-20,4.336e-20,0.0002,121.49,0
BottomS71343,5.8588,-1.0550,6.069e-19,5.802e-19,3.854e-19,0.0005,122.04,0
BottomS71344,5.8350,-1.0499,1.817e-19,1.851e-19,1.377e-19,-0.0001,122.89,0
BottomS71345,5.8515,-1.0571,7.040e-20,7.509e-20,6.033e-20,-0.0001,122.54,0
BottomS71348,5.8572,-1.0657,6.081e-20,6.586e-20,5.708e-20,-0.0005,123.11,0
BottomS71349,5.8633,-1.0627,2.206e-18,1.841e-18,9.378e-19,0.0004,122.11,0
BottomS71350,5.8562,-1.0549,2.653e-18,2.280e-18,1.226e-18,0.0002,122.13,0
BottomS71352,5.8625,-1.0671,4.619e-19,7.597e-19,1.576e-18,-0.0003,122.86,0
BottomS71356,5.8508,-1.0511,5.285e-19,4.798e-19,2.698e-19,-0.0004,121.98,0
BottomS71357,5.8489,-1.0613,1.561e-18,1.355e-18,7.428e-19,0.0001,123.28,0
BottomS71360,5.8538,-1.0683,5.578e-14,4.274e-14,1.805e-14,0.0,123.39,1
BottomS71361,5.8468,-1.0786,4.280e-19,7.020e-19,1.454e-18,0.0004,124.65,0
BottomS71363,5.8545,-1.0401,8.189e-19,6.936e-19,3.709e-19,-0.0009,120.98,0
BottomS71365,5.8579,-1.0586,8.728e-20,9.023e-20,6.850e-20,-0.0001,122.08,0
BottomS71366,5.8510,-1.0522,1.890e-20,2.314e-20,2.459e-20,0.0003,122.06,0
BottomS71367,5.8489,-1.0667,1.695e-19,1.759e-19,1.375e-19,-0.0006,123.62,0
BottomS71370,5.8643,-1.0618,2.292e-18,1.939e-18,1.019e-18,-0.0005,121.77,0
BottomS71371,5.8431,-1.0460,7.449e-19,6.787e-19,3.995e-19,-0.0004,121.56,0
BottomS71373,5.8418,-1.0472,5.061e-19,9.235e-19,2.323e-18,-0.0007,122.36,0
BottomS71376,5.8560,-1.0397,1.285e-20,1.672e-20,2.039e-20,0.0013,120.94,0
BottomS71377,5.8377,-1.0565,1.800e-18,3.036e-18,6.529e-18,0.0002,123.53,0
BottomS71379,5.8765,-1.0653,1.545e-19,1.570e-19,1.167e-19,-0.0003,121.08,0
BottomS71381,5.8447,-1.0582,1.457e-18,1.285e-18,7.084e-19,0.0008,123.71,0
BottomS71383,5.8390,-1.0540,2.913e-18,4.311e-18,6.892e-18,0.0002,123.37,0
BottomS71384,5.8566,-1.0809,4.583e-15,3.051e-15,9.723e-16,-0.0001,124.5,0
BottomS71385,5.8504,-1.0577,4.268e-18,1.006e-17,4.353e-17,0.0,122.59,1
BottomS71386,5.8580,-1.0544,7.393e-19,1.449e-18,4.296e-18,-0.0003,122.38,0
BottomS71387,5.8602,-1.0506,2.885e-18,2.502e-18,1.311e-18,-0.0002,121.53,0
BottomS71388,5.8480,-1.0614,1.335e-18,2.088e-18,3.730e-18,-0.0001,123.04,0
BottomS71390,5.8522,-1.0764,1.005e-18,1.483e-18,2.386e-18,0.0009,124.53,0
BottomS71392,5.8611,-1.0673,4.919e-19,1.060e-18,3.733e-18,0.0,123.47,0
BottomS71395,5.8630,-1.0491,1.566e-20,2.002e-20,2.368e-20,-0.0,121.17,0
BottomS71397,5.8428,-1.0461,2.047e-19,1.987e-19,1.350e-19,0.0002,121.2,0
BottomS71403,5.8694,-1.0612,1.728e-20,2.238e-20,2.805e-20,0.0,121.83,0
BottomS71404,5.8607,-1.0727,5.193e-17,1.659e-16,1.383e-15,-0.0001,123.7,1
BottomS71405,5.8608,-1.0589,4.467e-19,4.380e-19,2.888e-19,-0.0004,122.05,0
BottomS71406,5.8482,-1.0611,2.651e-20,3.065e-20,3.010e-20,-0.0005,123.74,0
BottomS71408,5.8369,-1.0669,1.429e-18,1.253e-18,6.876e-19,-0.0009,124.19,0
BottomS71410,5.8686,-1.0581,3.630e-18,3.126e-18,1.663e-18,0.0002,121.85,0
BottomS71411,5.8499,-1.0722,1.282e-18,2.700e-18,9.220e-18,-0.0005,124.13,0
BottomS71413,5.8704,-1.0519,1.014e-20,1.349e-20,1.808e-20,-0.0,121.38,0
BottomS71416,5.8649,-1.0404,1.528e-18,1.305e-18,6.935e-19,-0.0,120.86,0
BottomS71422,5.8493,-1.0610,4.827e-20,5.650e-20,5.555e-20,0.0003,123.62,0
BottomS71423,5.8451,-1.0485,8.183e-19,7.336e-19,4.162e-19,0.0006,121.42,0
BottomS71425,5.8454,-1.0607,9.874e-20,1.069e-19,9.273e-20,0.0005,123.54,0
BottomS71426,5.8421,-1.0578,3.225e-14,2.283e-14,8.032e-15,-0.0004,123.69,0
BottomS71427,5.8420,-1.0455,1.321e-20,1.686e-20,1.954e-20,0.0001,121.71,0
BottomS71428,5.8447,-1.0549,1.021e-18,2.206e-18,7.752e-18,-0.0004,122.75,0
BottomS71430,5.8513,-1.0522,4.230e-19,3.894e-19,2.405e-19,-0.0002,121.59,0
BottomS71431,5.8518,-1.0468,2.224e-18,1.872e-18,9.204e-19,-0.0001,121.56,0
BottomS71434,5.8391,-1.0758,6.079e-18,4.974e-18,2.462e-18,0.0005,124.7,0
BottomS71436,5.8783,-1.0567,2.378e-18,2.026e-18,1.054e-18,-0.0001,121.49,0
BottomS71437,5.8636,-1.0775,1.229e-19,1.245e-19,9.487e-20,0.0004,124.31,0
BottomS71439,5.8410,-1.0620,3.895e-18,3.172e-18,1.484e-18,0.0001,124.07,0
BottomS71440,5.8625,-1.0485,3.770e-19,6.366e-19,1.399e-18,0.0002,121.13,0
BottomS71445,5.8439,-1.0605,3.999e-18,9.609e-18,4.278e-17,0.0001,123.86,1
BottomS71450,5.8378,-1.0732,1.475e-18,1.262e-18,6.625e-19,-0.0002,124.62,0
BottomS71453,5.8660,-1.0366,1.245e-19,2.042e-19,3.981e-19,0.0,120.76,0
BottomS71454,5.8349,-1.0687,1.461e-18,3.565e-18,1.673e-17,0.0004,124.59,1
BottomS71455,5.8467,-1.0685,2.830e-20,3.345e-20,3.370e-20,-0.0001,124.25,0
BottomS71457,5.8347,-1.0851,6.334e-19,6.157e-19,4.060e-19,0.0005,124.93,0
BottomS71458,5.8527,-1.0469,1.834e-19,1.898e-19,1.476e-19,-0.0006,121.43,0
BottomS71459,5.8606,-1.0428,7.751e-20,8.636e-20,8.008e-20,0.0001,121.01,0
BottomS71460,5.8681,-1.0323,1.502e-17,1.210e-17,5.417e-18,0.0007,120.65,1
BottomS71461,5.8612,-1.0380,2.452e-18,2.225e-18,1.257e-18,-0.0004,120.81,0
BottomS71462,5.8339,-1.0849,6.488e-20,7.193e-20,6.428e-20,-0.0003,124.85,0
BottomS71465,5.8348,-1.0842,9.594e-19,8.630e-19,4.927e-19,0.0007,124.87,0
BottomS71467,5.8625,-1.0427,3.366e-20,4.202e-20,4.605e-20,-0.0003,120.89,0
BottomS71468,5.8723,-1.0333,4.816e-14,3.564e-14,1.414e-14,-0.0006,120.72,0
BottomS71469,5.8597,-1.0388,2.819e-18,2.218e-18,1.013e-18,0.0004,120.83,0
BottomS71471,5.8346,-1.0813,6.083e-19,5.884e-19,3.839e-19,0.0009,124.86,0
BottomS71473,5.8461,-1.0754,3.058e-20,3.942e-20,4.677e-20,-0.0005,124.58,0
BottomS71474,5.8687,-1.0438,9.735e-19,1.434e-18,2.278e-18,-0.0002,121.0,0
BottomS71475,5.8638,-1.0367,1.051e-18,9.205e-19,5.286e-19,0.0006,120.79,0
BottomS71478,5.8644,-1.0385,1.830e-20,2.224e-20,2.463e-20,-0.0002,120.84,0
BottomS71479,5.8637,-1.0365,5.352e-19,4.746e-19,2.698e-19,0.0001,120.79,0
BottomS71480,5.8677,-1.0384,1.138e-20,1.474e-20,1.766e-20,0.0007,120.78,0
BottomS71483,5.8370,-1.0824,7.546e-19,6.723e-19,3.747e-19,0.0001,124.87,0
BottomS71484,5.8638,-1.0461,1.711e-18,1.539e-18,8.969e-19,0.0002,121.11,0
BottomS71486,5.8439,-1.0838,1.123e-20,1.460e-20,1.795e-20,0.001,124.84,0
BottomS71489,5.8418,-1.0764,1.306e-17,1.004e-17,4.132e-18,0.0007,124.64,1
BottomS71490,5.8354,-1.0781,9.841e-20,1.068e-19,8.942e-20,0.0008,124.81,0
BottomS71491,5.8357,-1.0901,5.236e-19,9.589e-19,2.508e-18,-0.0004,124.9,0
BottomS71493,5.8452,-1.0758,4.361e-20,5.049e-20,4.850e-20,-0.0001,124.57,0
BottomS71495,5.8645,-1.0410,5.237e-19,4.884e-19,3.079e-19,-0.0001,120.82,0
BottomS71498,5.8642,-1.0336,1.211e-20,1.517e-20,1.762e-20,-0.0008,120.67,0
BottomS71503,5.8689,-1.0334,4.900e-19,4.673e-19,3.049e-19,-0.0001,120.66,0
BottomS71504,5.8649,-1.0391,4.375e-20,4.847e-20,4.509e-20,-0.0001,120.83,0
BottomS71506,5.8388,-1.0752,1.222e-18,1.941e-18,3.687e-18,-0.0011,124.68,0
BottomS71507,5.8395,-1.0816,3.689e-20,4.300e-20,4.201e-20,0.0008,124.77,0
BottomS71508,5.8638,-1.0400,5.661e-19,1.110e-18,3.278e-18,-0.0004,120.87,0
BottomS71510,5.8337,-1.0864,4.998e-20,5.574e-20,5.089e-20,0.0003,124.85,0
BottomS71511,5.8327,-1.0815,1.490e-18,3.566e-18,1.531e-17,0.0004,124.87,1
BottomS71513,5.8273,-1.0935,8.615e-18,6.928e-18,3.199e-18,-0.0,124.96,0
BottomS71514,5.8280,-1.0932,2.420e-18,2.094e-18,1.154e-18,-0.0003,124.98,0
BottomS71518,5.8605,-1.0338,4.929e-14,3.622e-14,1.383e-14,0.0002,120.69,0
BottomS71519,5.8320,-1.0920,1.448e-18,1.237e-18,6.741e-19,0.0006,124.93,0
BottomS71523,5.8429,-1.0821,3.059e-18,2.558e-18,1.315e-18,0.0,124.81,0
BottomS71525,5.8328,-1.0851,1.583e-18,1.390e-18,7.687e-19,0.0001,124.87,0
BottomS71527,5.8352,-1.0832,2.810e-20,3.274e-20,3.228e-20,-0.0001,124.92,0
BottomS71528,5.8639,-1.0353,8.982e-19,8.257e-19,4.956e-19,-0.0004,120.75,0
BottomS71530,5.8716,-1.0291,5.732e-19,9.772e-19,2.069e-18,0.0001,120.69,0
BottomS71531,5.8366,-1.0807,2.114e-14,1.430e-14,4.863e-15,0.0003,124.89,0
BottomS71535,5.8370,-1.0833,1.118e-18,1.722e-18,2.947e-18,-0.0002,124.89,0
BottomS71538,5.8695,-1.0255,7.326e-20,8.253e-20,7.502e-20,-0.0004,120.64,0
BottomS71539,5.8669,-1.0218,3.725e-19,3.799e-19,2.776e-19,-0.0015,120.6,0
BottomS71542,5.8324,-1.0894,6.520e-20,7.335e-20,6.710e-20,-0.0007,124.88,0
BottomS71545,5.8363,-1.0871,1.738e-18,1.561e-18,9.445e-19,0.0004,124.91,0
BottomS71546,5.8358,-1.0866,1.454e-19,1.571e-19,1.313e-19,-0.0002,124.85,0
BottomS71547,5.8305,-1.0913,1.111e-19,1.229e-19,1.079e-19,0.0003,125.01,0
BottomS71548,5.8318,-1.0935,5.022e-14,4.652e-14,2.856e-14,-0.0004,125.03,1
BottomS71549,5.8321,-1.0921,3.629e-20,4.419e-20,4.684e-20,0.0005,124.92,0
BottomS71550,5.8645,-1.0367,4.461e-18,3.455e-18,1.511e-18,-0.0003,120.81,0
BottomS71551,5.8749,-1.0310,2.581e-20,2.952e-20,2.859e-20,0.0009,120.65,0
BottomS71553,5.8716,-1.0249,4.921e-18,1.038e-17,3.414e-17,0.0008,120.67,1
BottomS71554,5.8668,-1.0386,1.133e-18,1.682e-18,2.867e-18,-0.0003,120.73,0
BottomS71559,5.8351,-1.0847,3.184e-20,3.811e-20,3.971e-20,-0.0001,124.89,0
BottomS71560,5.8215,-1.0988,1.532e-19,1.508e-19,1.035e-19,-0.0003,125.02,0
BottomS71564,5.8302,-1.0941,4.248e-15,2.852e-15,9.192e-16,-0.0001,125.03,0
BottomS71565,5.8241,-1.0987,1.947e-18,1.669e-18,8.867e-19,0.0003,125.02,0
BottomS71568,5.8751,-1.0263,6.718e-20,7.702e-20,7.550e-20,-0.0005,120.61,0
BottomS71569,5.8245,-1.0952,1.663e-20,2.019e-20,2.164e-20,0.0001,125.0,0
BottomS71570,5.8797,-1.0213,4.140e-19,4.003e-19,2.720e-19,-0.001,120.66,0
BottomS71571,5.8690,-1.0220,1.313e-18,1.128e-18,6.104e-19,-0.0002,120.64,0
BottomS71572,5.8784,-1.0204,1.038e-18,9.710e-19,6.141e-19,0.0005,120.6,0
BottomS71573,5.8272,-1.0897,6.105e-14,5.246e-14,2.832e-14,0.0007,125.0,1
BottomS71574,5.8344,-1.0950,2.676e-18,5.411e-18,1.675e-17,0.0001,124.98,1
BottomS71575,5.8770,-1.0204,1.173e-18,1.060e-18,6.160e-19,0.0004,120.58,0
BottomS71576,5.8730,-1.0233,4.482e-19,8.069e-19,2.002e-18,-0.0001,120.65,0
BottomS71577,5.8203,-1.1072,1.684e-19,1.753e-19,1.357e-19,0.0001,125.01,0
BottomS71581,5.8220,-1.1006,1.614e-17,1.199e-17,4.944e-18,0.0003,125.06,0
BottomS71582,5.8787,-1.0279,2.839e-18,2.451e-18,1.319e-18,-0.0003,120.62,0
BottomS71589,5.8736,-1.0135,6.819e-18,5.372e-18,2.522e-18,-0.0004,120.6,0
BottomS71591,5.8231,-1.0924,4.163e-18,3.529e-18,1.770e-18,-0.0002,124.97,0
BottomS71593,5.8245,-1.0951,2.555e-20,2.939e-20,2.858e-20,-0.0005,125.0,0
BottomS71594,5.8387,-1.0906,2.199e-18,1.903e-18,1.006e-18,-0.0006,124.93,0
BottomS71598,5.8268,-1.0971,4.301e-20,5.000e-20,4.910e-20,0.0006,125.0,0
BottomS71603,5.8812,-1.0162,1.073e-18,1.924e-18,4.445e-18,0.0003,120.58,0
BottomS71607,5.8822,-1.0145,1.263e-18,1.884e-18,2.997e-18,-0.0003,120.59,0
BottomS71609,5.8778,-1.0125,1.888e-18,1.628e-18,8.868e-19,0.0001,120.55,0
BottomS71611,5.8788,-1.0076,4.429e-18,1.179e-17,6.583e-17,-0.0005,120.61,1
BottomS71612,5.8234,-1.1116,4.514e-20,5.197e-20,4.960e-20,0.0002,125.04,0
BottomS71614,5.8856,-1.0146,8.701e-19,1.940e-18,7.305e-18,-0.0005,120.61,0
BottomS71615,5.8832,-1.0115,3.220e-20,3.918e-20,4.197e-20,-0.0003,120.56,0
BottomS71619,5.8772,-1.0110,3.646e-20,4.323e-20,4.317e-20,0.0002,120.59,0
BottomS71620,5.8241,-1.0996,1.661e-20,2.070e-20,2.326e-20,0.0003,125.03,0
BottomS71621,5.8225,-1.0989,1.309e-20,1.736e-20,2.270e-20,-0.0004,125.02,0
BottomS71622,5.8832,-1.0028,9.514e-19,8.487e-19,4.881e-19,-0.0002,120.56,0
BottomS71624,5.8786,-1.0119,9.518e-20,9.883e-20,7.848e-20,-0.0,120.58,0
BottomS71627,5.8231,-1.1107,2.436e-18,2.006e-18,9.696e-19,0.0008,125.03,0
BottomS71628,5.8183,-1.1126,1.571e-18,2.235e-18,3.241e-18,0.0006,125.02,0
BottomS71629,5.8122,-1.1117,1.342e-18,2.676e-18,8.404e-18,0.0007,125.03,0
BottomS71630,5.8172,-1.1152,3.142e-20,3.867e-20,4.317e-20,0.0002,125.02,0
BottomS71636,5.8185,-1.1129,6.370e-20,7.065e-20,6.243e-20,0.0006,125.04,0
BottomS71637,5.8161,-1.1041,2.731e-15,1.758e-15,5.480e-16,0.0002,125.01,0
BottomS71638,5.8869,-1.0037,7.982e-18,6.208e-18,2.755e-18,0.0007,120.62,1
BottomS71639,5.8164,-1.1127,1.320e-18,1.216e-18,7.487e-19,0.0007,125.01,0
BottomS71642,5.8868,-1.0018,2.833e-16,1.958e-16,6.556e-17,0.0002,120.56,0
BottomS71643,5.8894,-1.0012,2.811e-19,2.888e-19,2.199e-19,0.0003,120.52,0
BottomS71644,5.8873,-1.0037,1.230e-18,1.079e-18,5.877e-19,0.0,120.61,0
BottomS71645,5.8170,-1.1126,1.199e-17,9.321e-18,4.123e-18,0.0003,125.03,1
BottomS71646,5.8883,-1.0028,4.011e-18,3.197e-18,1.446e-18,0.0007,120.58,1
BottomS71647,5.8144,-1.1157,5.793e-19,5.542e-19,3.594e-19,0.0001,125.05,0
BottomS71648,5.8131,-1.1182,2.155e-18,1.816e-18,9.355e-19,0.0002,125.09,0
BottomS71649,5.8854,-1.0045,2.187e-17,1.627e-17,6.365e-18,0.0003,120.55,0
BottomS71650,5.8152,-1.1147,6.403e-18,5.158e-18,2.416e-18,0.0004,125.05,0
BottomS71651,5.8164,-1.1140,2.756e-18,2.314e-18,1.167e-18,0.0008,125.09,0
BottomS71652,5.8126,-1.1182,4.199e-17,3.166e-17,1.299e-17,-0.0008,125.06,0
BottomS71653,5.8870,-0.9989,2.156e-16,1.443e-16,4.789e-17,0.0006,120.56,0
BottomS71654,5.8883,-0.9992,5.547e-17,3.913e-17,1.419e-17,0.0006,120.54,0
BottomS71655,5.8910,-0.9961,1.575e-19,1.597e-19,1.206e-19,-0.0006,120.52,0
BottomS71656,5.8840,-1.0018,1.861e-17,1.352e-17,5.093e-18,-0.0002,120.58,0
BottomS71657,5.8883,-0.9972,2.414e-17,1.766e-17,6.894e-18,0.0004,120.55,0
BottomS71658,5.8141,-1.1191,3.608e-17,2.727e-17,1.111e-17,-0.001,125.08,0
BottomS71659,5.8151,-1.1185,1.554e-17,1.136e-17,4.361e-18,-0.0004,125.05,0
BottomS71660,5.8124,-1.1233,1.442e-17,1.128e-17,5.027e-18,0.0001,125.11,1
BottomS71661,5.8866,-0.9998,6.207e-18,4.982e-18,2.271e-18,-0.0004,120.59,0
BottomS71663,5.8195,-1.1142,5.374e-19,9.812e-19,2.519e-18,-0.0003,124.96,0
BottomS71664,5.8169,-1.1178,9.796e-15,6.476e-15,2.095e-15,-0.0001,124.99,0
BottomS71665,5.8865,-0.9984,3.482e-16,2.338e-16,7.653e-17,-0.0002,120.63,0
BottomS71666,5.8859,-1.0003,1.886e-18,1.615e-18,8.636e-19,-0.0008,120.6,0
BottomS71667,5.8887,-0.9961,7.290e-19,1.303e-18,3.181e-18,0.0006,120.59,0
BottomS71668,5.8167,-1.1164,1.035e-16,7.133e-17,2.504e-17,-0.0002,124.92,0
BottomS71669,5.8854,-1.0000,1.619e-18,3.445e-18,1.201e-17,-0.0003,120.69,0
BottomS71670,5.8866,-0.9975,1.209e-16,8.499e-17,3.003e-17,0.0011,120.67,0
BottomS71671,5.8158,-1.1184,5.352e-18,4.645e-18,2.506e-18,0.0002,124.96,0
BottomS71672,5.8857,-0.9989,5.527e-17,3.847e-17,1.307e-17,0.001,120.72,0
BottomS71673,5.8843,-1.0008,3.280e-17,2.453e-17,9.727e-18,-0.0,120.73,0
BottomS71674,5.8834,-1.0021,1.101e-18,2.316e-18,7.771e-18,-0.0002,120.76,0
BottomS71675,5.8866,-0.9976,1.817e-19,1.868e-19,1.444e-19,-0.0001,120.67,0
BottomS71676,5.8825,-1.0016,7.063e-18,1.996e-17,1.253e-16,-0.0006,120.8,1
BottomS71677,5.8189,-1.1170,3.312e-17,2.509e-17,1.017e-17,-0.0004,124.85,0
BottomS71678,5.8178,-1.1178,1.541e-18,1.339e-18,7.247e-19,0.0002,124.82,0
BottomS71679,5.8856,-0.9946,6.927e-16,4.453e-16,1.381e-16,-0.0006,120.79,0
BottomS71680,5.8819,-0.9998,1.669e-18,3.318e-18,1.004e-17,0.0009,120.79,0
BottomS71681,5.8189,-1.1165,1.780e-19,2.606e-19,4.221e-19,-0.0001,124.7,0
BottomS71682,5.8193,-1.1172,1.370e-18,1.157e-18,6.123e-19,0.0005,124.72,0
BottomS71683,5.8197,-1.1188,2.574e-18,2.196e-18,1.136e-18,0.0001,124.77,0
BottomS71684,5.8208,-1.1143,8.931e-19,7.796e-19,4.423e-19,0.0002,124.65,0
BottomS71685,5.8835,-0.9995,2.468e-17,1.861e-17,7.648e-18,0.0,120.85,0
BottomS71686,5.8218,-1.1147,1.388e-17,1.061e-17,4.557e-18,-0.0005,124.66,1
BottomS71687,5.8789,-1.0032,9.299e-18,7.213e-18,2.997e-18,-0.0,120.96,1
BottomS71688,5.8784,-1.0033,1.116e-16,7.884e-17,2.816e-17,0.0004,121.02,0
BottomS71689,5.8212,-1.1169,6.881e-17,4.987e-17,1.873e-17,-0.0003,124.62,0
BottomS71690,5.8231,-1.1125,6.423e-18,5.518e-18,2.884e-18,-0.0006,124.53,0
BottomS71691,5.8256,-1.1108,2.196e-19,2.179e-19,1.515e-19,0.0008,124.45,0
BottomS71692,5.8776,-1.0070,1.297e-18,1.151e-18,6.374e-19,0.0001,121.12,0
BottomS71693,5.8237,-1.1143,1.527e-16,1.027e-16,3.399e-17,0.0003,124.53,0
BottomS71694,5.8272,-1.1100,4.529e-18,3.733e-18,1.814e-18,0.0003,124.33,0
BottomS71695,5.8257,-1.1116,5.533e-14,4.010e-14,1.538e-14,0.0,124.4,0
BottomS71696,5.8270,-1.1090,3.456e-17,2.579e-17,1.035e-17,0.0,124.33,0
BottomS71697,5.8735,-1.0101,6.536e-18,4.988e-18,2.115e-18,0.0001,121.34,0
BottomS71698,5.8306,-1.1052,2.570e-18,2.178e-18,1.112e-18,-0.0005,124.14,0
BottomS71699,5.8322,-1.1039,7.985e-19,1.520e-18,4.049e-18,0.0006,124.11,0
BottomS71700,5.8304,-1.1068,4.827e-17,3.554e-17,1.333e-17,-0.0003,124.16,0
BottomS71701,5.8322,-1.1031,8.257e-19,1.487e-18,3.589e-18,0.0004,124.09,0
BottomS71702,5.8331,-1.1018,4.451e-19,4.039e-19,2.401e-19,0.0002,124.04,0
BottomS71703,5.8349,-1.1005,3.036e-18,2.465e-18,1.170e-18,0.0003,123.96,0
BottomS71704,5.8340,-1.1003,1.641e-16,1.145e-16,3.988e-17,0.0006,123.98,0
BottomS71705,5.8667,-1.0197,6.766e-14,4.926e-14,1.917e-14,-0.0006,121.64,0
BottomS71706,5.8378,-1.0949,2.050e-17,1.530e-17,5.984e-18,-0.0007,123.81,0
BottomS71707,5.8622,-1.0235,1.154e-16,8.305e-17,3.056e-17,0.0003,121.87,0
BottomS71708,5.8629,-1.0223,4.361e-17,3.091e-17,1.128e-17,0.0001,121.84,0
BottomS71709,5.8407,-1.0924,1.827e-18,1.583e-18,8.573e-19,0.0003,123.66,0
BottomS71711,5.8576,-1.0305,5.890e-18,4.815e-18,2.256e-18,0.0006,122.08,0
BottomS71712,5.8437,-1.0876,2.423e-16,1.685e-16,6.133e-17,0.0007,123.56,0
BottomS71713,5.8563,-1.0334,9.309e-18,7.189e-18,3.137e-18,-0.0004,122.13,1
BottomS71714,5.8549,-1.0353,1.262e-17,1.030e-17,4.826e-18,-0.0003,122.22,0
BottomS71715,5.8537,-1.0369,2.942e-18,2.497e-18,1.316e-18,0.0004,122.28,0
BottomS71716,5.8504,-1.0796,2.807e-20,3.376e-20,3.495e-20,0.0001,123.25,0
BottomS71717,5.8508,-1.0400,6.182e-20,7.345e-20,7.335e-20,-0.0003,122.38,0
BottomS71718,5.8520,-1.0753,2.154e-18,1.839e-18,9.762e-19,-0.0003,123.16,0
BottomS71720,5.8551,-1.0730,4.411e-17,3.158e-17,1.151e-17,-0.0001,123.04,0
BottomS71722,5.8586,-1.0668,2.344e-18,1.997e-18,1.040e-18,-0.0002,122.85,0
BottomS71723,5.8437,-1.0545,1.648e-19,1.720e-19,1.355e-19,0.0003,122.78,0
BottomS71724,5.8608,-1.0623,2.067e-19,2.107e-19,1.639e-19,-0.0009,122.73,0
BottomS71725,5.8384,-1.0578,9.698e-17,6.855e-17,2.396e-17,0.0,122.93,0
BottomS71726,5.8642,-1.0586,1.644e-16,1.143e-16,3.992e-17,-0.0,122.62,0
BottomS71727,5.8647,-1.0556,2.353e-18,1.968e-18,9.580e-19,0.0001,122.54,0
BottomS71728,5.8654,-1.0524,1.910e-16,1.285e-16,4.170e-17,0.0001,122.47,0
BottomS71729,5.8341,-1.0668,1.488e-18,1.349e-18,7.979e-19,0.0002,123.19,0
BottomS71730,5.8696,-1.0509,1.080e-17,8.336e-18,3.609e-18,-0.0001,122.43,1
BottomS71731,5.8279,-1.0729,1.656e-17,1.227e-17,4.773e-18,0.0,123.36,0
BottomS71732,5.8281,-1.0759,1.954e-19,2.006e-19,1.501e-19,-0.0003,123.39,0
BottomS71733,5.8740,-1.0406,8.929e-19,1.647e-18,4.147e-18,0.0004,122.13,0
BottomS71734,5.8773,-1.0365,1.389e-16,9.593e-17,3.332e-17,0.0005,122.05,0
BottomS71735,5.8240,-1.0816,4.324e-17,3.089e-17,1.120e-17,-0.0006,123.56,0
BottomS71736,5.8207,-1.0879,3.116e-14,2.191e-14,8.112e-15,-0.0001,123.71,0
BottomS71737,5.8167,-1.1116,1.694e-18,1.498e-18,8.349e-19,-0.0001,125.05,0
BottomS71738,5.8159,-1.1137,7.260e-20,7.679e-20,5.947e-20,0.0007,125.07,0
BottomS71740,5.8197,-1.1151,1.234e-18,1.048e-18,5.551e-19,-0.0005,125.06,0
BottomS71741,5.8902,-0.9965,6.097e-18,4.817e-18,2.196e-18,-0.001,120.54,1
BottomS71742,5.8144,-1.1184,2.036e-20,2.488e-20,2.733e-20,-0.0005,125.06,0
BottomS71744,5.8123,-1.1218,1.668e-18,1.556e-18,9.699e-19,-0.0002,125.05,0
BottomS71746,5.8895,-0.9948,2.849e-20,3.480e-20,3.877e-20,0.0011,120.54,0
BottomS71747,5.8161,-1.1156,4.697e-19,9.688e-19,3.101e-18,0.0001,125.05,0
BottomS71749,5.8865,-1.0024,1.227e-18,1.178e-18,7.760e-19,0.0001,120.59,0
BottomS71750,5.8815,-1.0094,5.927e-19,5.659e-19,3.725e-19,0.0004,120.64,0
BottomS71752,5.8866,-0.9959,2.089e-17,1.547e-17,6.176e-18,-0.0011,120.61,0
BottomS71753,5.8818,-1.0043,2.475e-20,2.856e-20,2.752e-20,0.0007,120.65,0
BottomS71754,5.8843,-1.0022,5.539e-20,6.556e-20,6.505e-20,0.0005,120.62,0
BottomS71756,5.8823,-1.0053,1.072e-18,2.106e-18,5.993e-18,-0.0008,120.7,0
BottomS71757,5.8870,-0.9997,2.164e-17,1.685e-17,7.349e-18,0.0009,120.65,1
BottomS71758,5.8173,-1.1168,4.478e-17,3.172e-17,1.162e-17,0.0003,124.85,0
BottomS71760,5.8171,-1.1138,1.153e-18,1.070e-18,6.743e-19,-0.0001,124.9,0
BottomS71761,5.8207,-1.1184,1.942e-17,1.515e-17,6.879e-18,-0.0003,124.83,1
BottomS71763,5.8876,-0.9921,1.161e-16,7.741e-17,2.574e-17,0.0001,120.64,0
BottomS71764,5.8856,-1.0002,1.120e-19,1.191e-19,1.009e-19,0.0002,120.74,0
BottomS71765,5.8203,-1.1160,1.952e-19,1.969e-19,1.431e-19,-0.0014,124.87,0
BottomS71766,5.8829,-0.9986,1.215e-18,1.821e-18,3.003e-18,-0.0,120.73,0
BottomS71767,5.8208,-1.1140,1.933e-19,2.043e-19,1.690e-19,0.0011,124.78,0
BottomS71768,5.8225,-1.1139,2.672e-17,1.923e-17,7.343e-18,0.0008,124.8,0
BottomS71769,5.8865,-0.9957,9.047e-19,8.125e-19,4.784e-19,0.0003,120.73,0
BottomS71770,5.8177,-1.1172,1.681e-19,1.737e-19,1.351e-19,-0.0001,124.74,0
BottomS71771,5.8819,-1.0001,9.488e-19,2.086e-18,7.471e-18,0.0003,120.86,0
BottomS71773,5.8766,-1.0101,4.285e-20,5.339e-20,6.005e-20,-0.0005,121.05,0
BottomS71774,5.8225,-1.1143,7.724e-20,8.544e-20,7.434e-20,0.0003,124.69,0
BottomS71775,5.8244,-1.1112,4.993e-20,6.206e-20,6.973e-20,0.001,124.56,0
BottomS71776,5.8771,-1.0057,7.468e-20,8.260e-20,7.481e-20,-0.0001,120.99,0
BottomS71777,5.8251,-1.1124,4.396e-19,7.100e-19,1.381e-18,0.0,124.53,0
BottomS71779,5.8733,-1.0087,5.975e-18,4.883e-18,2.317e-18,0.0002,121.21,0
BottomS71780,5.8201,-1.1170,1.651e-18,2.497e-18,4.161e-18,-0.0008,124.6,0
BottomS71781,5.8259,-1.1158,7.591e-20,8.389e-20,7.241e-20,-0.0001,124.58,0
BottomS71785,5.8729,-1.0077,1.247e-18,2.451e-18,7.511e-18,0.001,121.32,0
BottomS71786,5.8276,-1.1086,2.661e-20,3.278e-20,3.637e-20,-0.0005,124.35,0
BottomS71787,5.8748,-1.0125,1.307e-18,1.217e-18,7.500e-19,-0.0012,121.32,0
BottomS71789,5.8325,-1.1022,2.045e-17,1.538e-17,6.221e-18,-0.0,124.18,0
BottomS71790,5.8720,-1.0115,6.258e-19,1.083e-18,2.477e-18,0.0005,121.4,0
BottomS71791,5.8349,-1.1023,1.180e-19,1.262e-19,1.039e-19,0.0002,124.1,0
BottomS71792,5.8685,-1.0150,3.313e-15,5.160e-15,8.938e-15,-0.0002,121.54,0
BottomS71793,5.8323,-1.0994,9.811e-19,9.025e-19,5.547e-19,0.0001,124.16,0
BottomS71795,5.8395,-1.0874,7.158e-20,7.512e-20,6.148e-20,-0.0005,123.75,0
BottomS71796,5.8360,-1.0973,3.882e-17,2.835e-17,1.119e-17,0.0,123.95,0
BottomS71797,5.8430,-1.0949,3.284e-20,4.018e-20,4.408e-20,0.0001,123.67,0
BottomS71800,5.8601,-1.0265,9.021e-20,9.748e-20,8.234e-20,-0.0005,121.93,0
BottomS71801,5.8624,-1.0268,2.644e-19,2.619e-19,1.787e-19,0.0004,121.87,0
BottomS71802,5.8424,-1.0893,1.662e-18,1.475e-18,8.165e-19,-0.0006,123.68,0
BottomS71804,5.8581,-1.0322,2.494e-18,5.441e-18,1.932e-17,0.0001,122.01,1
BottomS71805,5.8467,-1.0804,1.987e-17,1.489e-17,6.101e-18,0.0006,123.39,1
BottomS71806,5.8506,-1.0835,1.129e-19,1.191e-19,9.534e-20,-0.0,123.31,0
BottomS71807,5.8483,-1.0795,4.870e-20,5.649e-20,5.478e-20,-0.0003,123.36,0
BottomS71808,5.8515,-1.0791,7.307e-19,1.501e-18,5.058e-18,0.0006,123.27,0
BottomS71810,5.8484,-1.0455,2.337e-19,2.376e-19,1.761e-19,0.0008,122.5,0
BottomS71811,5.8464,-1.0461,6.201e-19,5.694e-19,3.378e-19,0.0006,122.59,0
BottomS71812,5.8548,-1.0696,1.124e-20,1.539e-20,2.099e-20,-0.0001,122.99,0
BottomS71816,5.8602,-1.0606,3.956e-20,4.339e-20,3.855e-20,0.0006,122.68,0
BottomS71818,5.8395,-1.0636,3.783e-18,3.126e-18,1.538e-18,-0.0002,123.06,0
BottomS71820,5.8681,-1.0555,1.034e-18,1.568e-18,2.674e-18,0.0003,122.51,0
BottomS71822,5.8709,-1.0481,3.425e-19,3.264e-19,2.215e-19,0.0002,122.26,0
BottomS71823,5.8695,-1.0480,4.605e-18,8.750e-18,2.307e-17,0.0007,122.31,0
BottomS71825,5.8759,-1.0418,6.401e-18,5.022e-18,2.279e-18,-0.0003,122.06,0
BottomS71826,5.8246,-1.0805,1.579e-17,1.207e-17,5.039e-18,-0.0003,123.48,1
BottomS71829,5.8210,-1.0932,1.180e-17,9.492e-18,4.311e-18,0.0005,123.93,1
BottomS71830,5.8236,-1.0833,1.790e-18,4.169e-18,1.771e-17,0.0,123.61,1
BottomS71831,5.8217,-1.0926,1.488e-19,1.615e-19,1.401e-19,-0.0007,123.83,0
BottomS71833,5.8165,-1.0950,5.593e-19,1.069e-18,2.941e-18,-0.0002,124.01,0
BottomS71844,9.3522,-4.7727,3.131e-19,2.888e-19,1.764e-19,0.0005,111.25,0
BottomS71845,9.3959,-4.7343,1.344e-18,2.194e-18,4.444e-18,-0.0001,111.19,0
BottomS71851,9.3778,-4.7232,2.605e-20,2.996e-20,2.879e-20,-0.0001,109.95,0
BottomS71852,9.4371,-4.7621,4.606e-19,9.943e-19,3.666e-18,0.0002,113.31,0
BottomS71854,9.3839,-4.7300,1.042e-20,1.431e-20,1.976e-20,0.0001,110.22,0
BottomS71855,9.4350,-4.7753,1.108e-18,9.808e-19,5.570e-19,0.0002,113.09,0
BottomS71856,9.3727,-4.7554,1.922e-20,2.216e-20,2.207e-20,-0.0002,111.11,0
BottomS71857,9.3705,-4.7055,3.687e-19,3.572e-19,2.480e-19,0.0006,109.88,0
BottomS71864,9.3959,-4.7314,3.123e-18,2.571e-18,1.256e-18,0.0004,110.91,0
BottomS71865,9.3732,-4.7310,9.177e-20,9.607e-20,7.417e-20,-0.0001,110.26,0
BottomS71867,9.3947,-4.7418,3.537e-20,4.309e-20,4.516e-20,-0.0008,111.76,0
BottomS71871,9.4119,-4.7560,1.167e-20,1.463e-20,1.701e-20,0.0004,112.91,0
BottomS71873,9.3648,-4.7420,1.087e-19,1.207e-19,1.069e-19,-0.0004,110.53,0
BottomS71875,9.4017,-4.7496,5.751e-19,1.202e-18,4.131e-18,0.0002,112.45,0
BottomS71877,9.3945,-4.7514,1.014e-18,1.583e-18,2.784e-18,-0.0004,111.84,0
BottomS71884,9.4345,-4.7452,5.379e-18,9.738e-18,2.417e-17,0.0001,113.08,0
BottomS71892,9.3533,-4.7304,3.218e-18,6.198e-18,1.719e-17,-0.0,110.26,0
BottomS71893,9.3980,-4.7415,2.962e-19,2.914e-19,2.056e-19,0.0002,111.96,0
BottomS71906,9.3998,-4.7619,3.777e-15,5.696e-15,9.352e-15,0.0005,112.09,0
BottomS71907,9.4477,-4.7524,4.349e-14,3.792e-14,2.142e-14,-0.0008,113.28,1
BottomS71909,9.4069,-4.7107,4.931e-20,5.708e-20,5.548e-20,0.0007,111.44,0
BottomS71913,9.3955,-4.7349,5.517e-19,5.297e-19,3.473e-19,0.0,111.16,0
BottomS71915,9.4023,-4.7706,9.009e-14,7.317e-14,3.504e-14,-0.0003,112.21,1
BottomS71926,9.4100,-4.7385,3.434e-18,8.233e-18,3.768e-17,0.0,112.64,1
BottomS71928,9.3928,-4.7347,1.487e-19,1.624e-19,1.403e-19,0.0001,110.63,0
BottomS71929,9.3641,-4.7335,7.716e-19,7.047e-19,4.091e-19,-0.0001,110.12,0
BottomS71933,9.4263,-4.7639,2.928e-19,2.915e-19,2.123e-19,0.0002,113.05,0
BottomS71935,9.3993,-4.7374,9.343e-20,1.033e-19,9.514e-20,0.0005,112.0,0
BottomS71937,9.4425,-4.7686,8.849e-20,9.304e-20,7.435e-20,0.0004,113.44,0
BottomS71939,9.3687,-4.7088,1.219e-18,2.843e-18,1.186e-17,0.0002,109.9,0
BottomS71942,9.4031,-4.7454,2.312e-20,2.717e-20,2.725e-20,-0.0005,112.72,0
BottomS71945,9.3660,-4.7174,3.503e-19,3.402e-19,2.258e-19,-0.0011,109.7,0
BottomS71948,9.4440,-4.7438,2.784e-20,3.435e-20,3.815e-20,0.0008,112.99,0
BottomS71951,9.3981,-4.7359,2.158e-19,2.231e-19,1.760e-19,-0.0,111.93,0
BottomS71954,9.4353,-4.7303,3.168e-19,3.182e-19,2.295e-19,0.0008,112.43,0
BottomS71962,9.4073,-4.7405,9.137e-19,1.763e-18,4.900e-18,-0.0004,112.68,0
BottomS71969,9.3936,-4.7148,8.215e-20,9.859e-20,1.017e-19,0.0004,110.81,0
BottomS71974,9.4322,-4.7377,1.314e-18,2.682e-18,8.371e-18,0.0,112.76,0
BottomS71976,9.3691,-4.7299,7.614e-19,1.608e-18,5.683e-18,0.0001,109.93,0
BottomS71979,9.3890,-4.7319,1.625e-20,2.069e-20,2.422e-20,0.0005,110.38,0
BottomS71984,9.4094,-4.7408,1.104e-19,1.142e-19,8.750e-20,-0.0004,112.83,0
BottomS71987,9.4233,-4.7454,1.204e-19,1.277e-19,1.036e-19,0.0006,113.11,0
BottomS71996,9.3687,-4.7391,2.308e-14,1.585e-14,5.369e-15,-0.0001,110.54,0
BottomS71997,9.3539,-4.7036,3.708e-20,4.101e-20,3.632e-20,0.0002,109.64,0
BottomS72000,9.3946,-4.7304,1.066e-20,1.344e-20,1.647e-20,-0.0009,110.51,0
BottomS72005,9.3842,-4.7193,8.564e-20,8.891e-20,6.979e-20,0.0002,110.12,0
BottomS72007,9.4034,-4.7428,1.035e-19,1.132e-19,9.601e-20,-0.0003,112.65,0
BottomS72008,9.4054,-4.7403,4.439e-19,7.500e-19,1.598e-18,-0.0004,112.67,0
BottomS72015,9.3971,-4.7468,1.610e-14,1.084e-14,3.612e-15,-0.0,111.96,0
BottomS72016,9.4474,-4.7501,1.668e-18,2.632e-18,4.961e-18,0.0003,113.02,0
BottomS72027,9.4801,-4.7507,3.851e-19,3.820e-19,2.625e-19,-0.0001,113.2,0
BottomS72031,9.3935,-4.7349,5.542e-19,5.366e-19,3.604e-19,-0.0004,110.62,0
BottomS72034,9.4090,-4.7103,6.562e-20,7.304e-20,6.510e-20,-0.0006,111.4,0
BottomS72036,9.4010,-4.7386,1.011e-19,1.129e-19,1.015e-19,-0.0002,112.56,0
BottomS72039,9.3972,-4.7361,1.923e-20,2.375e-20,2.637e-20,-0.0001,111.55,0
BottomS72041,9.3894,-4.7156,4.198e-19,4.122e-19,2.847e-19,0.0003,110.45,0
BottomS72042,9.3939,-4.7381,7.676e-20,8.237e-20,6.714e-20,0.0008,111.41,0
BottomS72043,9.3991,-4.7376,1.872e-14,1.315e-14,4.668e-15,0.0008,112.19,0
BottomS72044,9.3727,-4.7463,3.889e-20,4.906e-20,5.601e-20,0.0007,110.96,0
BottomS72045,9.3746,-4.7289,1.498e-19,1.552e-19,1.172e-19,-0.0,110.08,0
BottomS72046,9.3996,-4.7395,1.332e-19,1.380e-19,1.033e-19,-0.0007,112.06,0
BottomS72050,9.4184,-4.7723,1.727e-20,2.348e-20,3.229e-20,-0.0001,112.75,0
BottomS72052,9.3969,-4.7364,4.806e-20,5.493e-20,5.291e-20,-0.0,111.98,0
BottomS72055,9.4216,-4.7139,1.603e-18,3.138e-18,8.902e-18,0.0004,111.78,0
BottomS72064,9.4815,-4.7650,4.099e-20,4.816e-20,4.604e-20,-0.0001,113.38,0
BottomS72066,9.3774,-4.7192,2.087e-20,2.628e-20,3.186e-20,-0.0005,109.86,0
BottomS72074,9.3991,-4.7328,1.774e-19,1.810e-19,1.346e-19,0.0003,111.97,0
BottomS72075,9.4105,-4.7400,9.677e-19,8.436e-19,4.558e-19,-0.0008,112.76,0
BottomS72077,9.3826,-4.7335,1.413e-20,1.719e-20,1.892e-20,0.0007,110.75,0
BottomS72080,9.3750,-4.7253,4.515e-19,4.235e-19,2.721e-19,0.0007,109.84,0
BottomS72082,9.3921,-4.7152,3.486e-20,4.010e-20,3.868e-20,0.0008,110.59,0
BottomS72084,9.3859,-4.7607,5.695e-19,1.045e-18,2.720e-18,-0.0009,111.71,0
BottomS72087,9.3639,-4.7177,3.927e-19,3.945e-19,2.800e-19,0.0003,109.83,0
BottomS72094,9.4024,-4.7433,1.333e-18,1.157e-18,6.434e-19,0.0005,112.44,0
BottomS72096,9.3863,-4.7352,4.932e-14,3.559e-14,1.341e-14,-0.0,110.65,0
BottomS72097,9.4262,-4.7547,5.272e-20,5.825e-20,5.164e-20,-0.0001,113.24,0
BottomS72104,9.3695,-4.7334,8.758e-20,9.495e-20,7.830e-20,0.0006,110.33,0
BottomS72106,9.3276,-4.7924,2.943e-20,3.607e-20,3.970e-20,0.0003,111.2,0
BottomS72107,9.3832,-4.7446,6.842e-19,1.004e-18,1.644e-18,-0.0002,111.17,0
BottomS72109,9.4019,-4.7395,8.703e-19,8.203e-19,5.224e-19,-0.0003,112.49,0
BottomS72116,9.3692,-4.7401,5.231e-20,6.004e-20,5.535e-20,-0.0008,110.64,0
BottomS72117,9.3909,-4.7371,9.872e-19,8.601e-19,4.714e-19,-0.0008,110.62,0
BottomS72121,9.3981,-4.7380,3.015e-20,3.703e-20,4.223e-20,-0.0001,111.84,0
BottomS72124,9.4033,-4.7348,1.999e-19,2.040e-19,1.548e-19,0.0002,112.03,0
BottomS72125,9.4115,-4.7493,3.276e-20,3.757e-20,3.621e-20,0.0004,112.89,0
BottomS72126,9.3745,-4.7258,2.780e-20,3.442e-20,3.817e-20,-0.0003,109.92,0
BottomS72128,9.4003,-4.7389,6.083e-20,7.418e-20,7.741e-20,-0.0002,112.06,0
BottomS72129,9.3851,-4.7358,1.553e-20,1.944e-20,2.177e-20,0.0003,110.56,0
BottomS72130,9.4258,-4.7360,2.475e-18,4.866e-18,1.364e-17,-0.0003,112.55,0
BottomS72136,9.3967,-4.7330,1.649e-20,2.067e-20,2.411e-20,-0.0001,111.07,0
BottomS72138,9.3969,-4.7420,1.711e-20,2.130e-20,2.399e-20,-0.0003,111.98,0
BottomS72141,9.4010,-4.7526,1.141e-18,1.062e-18,6.504e-19,0.0005,112.37,0
BottomS72142,9.4000,-4.7330,4.947e-20,5.686e-20,5.419e-20,0.0008,112.48,0
BottomS72143,9.4503,-4.7888,3.187e-20,3.897e-20,4.201e-20,-0.0005,113.32,0
BottomS72148,9.3975,-4.7336,2.160e-20,2.714e-20,3.122e-20,0.0005,111.38,0
BottomS72151,9.3903,-4.7357,1.172e-20,1.454e-20,1.724e-20,-0.0004,110.7,0
BottomS72152,9.3830,-4.7581,3.988e-19,3.931e-19,2.725e-19,0.0004,111.52,0
BottomS72160,9.4015,-4.7542,3.370e-18,2.906e-18,1.580e-18,0.0002,112.25,0
BottomS72161,9.3988,-4.7401,4.894e-20,5.379e-20,4.504e-20,-0.0012,111.79,0
BottomS72166,9.3957,-4.7379,3.371e-20,4.012e-20,4.216e-20,0.0007,111.62,0
BottomS72169,9.3990,-4.7340,1.558e-18,3.292e-18,1.135e-17,0.0,112.02,0
BottomS72180,9.4160,-4.7467,7.142e-14,6.214e-14,3.464e-14,0.0005,112.88,1
BottomS72181,9.3737,-4.7411,3.437e-18,8.209e-18,3.563e-17,-0.0004,110.73,1
BottomS72182,9.3970,-4.7343,2.794e-15,4.450e-15,8.142e-15,-0.0002,111.45,0
BottomS72184,9.3772,-4.7081,4.236e-18,3.384e-18,1.522e-18,-0.0003,109.75,0
BottomS72186,9.4161,-4.7295,1.548e-18,3.195e-18,1.083e-17,-0.0008,112.91,0
BottomS72189,9.4027,-4.7269,8.586e-19,7.805e-19,4.590e-19,0.0001,111.62,0
BottomS72190,9.3932,-4.7446,7.662e-14,6.807e-14,3.805e-14,0.0008,111.67,1
BottomS72192,9.3941,-4.7290,1.715e-18,2.843e-18,5.824e-18,0.0004,110.92,0
BottomS72193,9.3846,-4.7263,3.215e-20,3.873e-20,4.247e-20,-0.0005,110.25,0
BottomS72194,9.3818,-4.7289,2.263e-19,2.311e-19,1.702e-19,0.0001,110.39,0
BottomS72195,9.4033,-4.7401,3.845e-19,3.627e-19,2.321e-19,0.0003,112.56,0
BottomS72198,9.3892,-4.7257,9.499e-20,1.063e-19,9.505e-20,0.0002,110.22,0
BottomS72203,9.4083,-4.7595,6.747e-19,1.056e-18,1.960e-18,0.0006,113.12,0
BottomS72206,9.4103,-4.7282,5.595e-18,4.428e-18,2.010e-18,0.0005,112.93,0
BottomS72209,9.4109,-4.7398,2.354e-18,2.110e-18,1.194e-18,-0.0001,112.64,0
BottomS72214,9.3981,-4.7401,1.395e-18,1.249e-18,7.312e-19,0.0002,112.43,0
BottomS72215,9.3887,-4.7138,5.495e-18,4.436e-18,2.099e-18,-0.0007,109.93,0
BottomS72217,9.4136,-4.7216,7.629e-20,8.341e-20,7.262e-20,0.0009,112.14,0
BottomS72219,9.3938,-4.7411,2.737e-19,2.898e-19,2.362e-19,-0.0005,111.71,0
BottomS72222,9.3849,-4.7167,1.117e-20,1.418e-20,1.711e-20,0.0011,109.84,0
BottomS72223,9.3937,-4.7348,1.235e-19,1.235e-19,8.983e-20,0.0005,111.21,0
BottomS72225,9.3771,-4.7385,7.875e-19,7.370e-19,4.606e-19,0.0004,110.06,0
BottomS72226,9.3980,-4.7210,7.770e-20,8.852e-20,8.448e-20,-0.0001,111.07,0
BottomS72227,9.4136,-4.7319,4.918e-19,4.797e-19,3.269e-19,-0.0001,113.08,0
BottomS72228,9.3977,-4.7385,1.289e-19,1.332e-19,1.038e-19,-0.0001,112.0,0
BottomS72229,9.4026,-4.7189,7.578e-19,1.062e-18,1.536e-18,0.0004,111.32,0
BottomS72230,9.4061,-4.7430,3.031e-19,5.167e-19,1.113e-18,0.0004,112.66,0
BottomS72231,9.4020,-4.7410,4.790e-20,5.471e-20,5.143e-20,-0.0006,112.62,0
BottomS72232,9.3832,-4.7258,1.253e-17,1.020e-17,4.633e-18,-0.0004,110.09,0
BottomS72239,9.4045,-4.7389,1.006e-18,8.884e-19,5.229e-19,-0.0003,112.65,0
BottomS72242,9.4095,-4.7476,9.444e-19,1.539e-18,3.086e-18,-0.0005,112.91,0
BottomS72243,9.4127,-4.7294,1.806e-20,2.207e-20,2.422e-20,0.0,113.0,0
BottomS72244,9.3843,-4.7397,1.198e-18,1.814e-18,3.104e-18,-0.0,110.56,0
BottomS72249,9.3849,-4.7261,2.489e-19,2.453e-19,1.737e-19,-0.0004,110.41,0
BottomS72250,9.4014,-4.7127,2.055e-19,3.666e-19,8.745e-19,-0.0007,110.32,0
BottomS72251,9.3824,-4.7402,1.596e-18,1.398e-18,7.666e-19,-0.0007,110.0,0
BottomS72252,9.3986,-4.7469,8.165e-20,9.402e-20,9.002e-20,0.0007,112.19,0
BottomS72257,9.3960,-4.7315,5.674e-19,5.169e-19,3.127e-19,-0.0004,111.11,0
BottomS72258,9.4113,-4.7490,1.964e-19,1.924e-19,1.304e-19,0.0001,112.85,0
BottomS72259,9.3950,-4.7488,1.727e-15,3.010e-15,6.565e-15,-0.0,112.61,0
BottomS72260,9.4019,-4.7382,1.678e-18,1.480e-18,8.438e-19,-0.0006,112.62,0
BottomS72261,9.3998,-4.7270,1.009e-19,1.050e-19,8.365e-20,-0.0,111.28,0
BottomS72262,9.3838,-4.7453,1.057e-18,1.806e-18,3.992e-18,-0.0006,111.06,0
BottomS72264,9.4043,-4.7162,2.293e-18,3.687e-18,7.131e-18,-0.0005,111.23,0
BottomS72268,9.4031,-4.7378,3.708e-18,3.042e-18,1.467e-18,-0.0011,112.35,0
BottomS72269,9.4092,-4.7557,6.002e-19,1.011e-18,2.134e-18,0.0002,112.62,0
BottomS72270,9.3797,-4.7168,1.237e-14,1.456e-14,1.471e-14,0.0002,109.92,0
BottomS72271,9.4012,-4.7550,6.231e-18,5.346e-18,2.759e-18,-0.0,112.65,0
BottomS72274,9.3840,-4.7201,7.137e-19,1.339e-18,3.674e-18,0.0001,109.98,0
BottomS72276,9.3978,-4.7435,2.438e-20,3.046e-20,3.538e-20,-0.0,112.57,0
BottomS72277,9.4145,-4.7440,2.265e-18,1.905e-18,1.006e-18,0.0001,113.08,0
BottomS72278,9.4166,-4.7322,8.536e-15,5.692e-15,1.837e-15,0.0008,112.55,0
BottomS72280,9.4069,-4.7463,2.756e-20,3.235e-20,3.241e-20,-0.0003,112.67,0
BottomS72286,9.4034,-4.7303,1.325e-18,2.407e-18,6.091e-18,0.0,111.69,0
BottomS72293,9.3838,-4.7318,5.607e-19,5.451e-19,3.617e-19,0.0007,110.4,0
BottomS72296,9.3954,-4.7373,2.852e-18,2.452e-18,1.283e-18,0.0007,111.42,0
BottomS72297,9.4016,-4.7391,9.560e-20,1.036e-19,8.867e-20,0.0002,112.1,0
BottomS72300,9.4030,-4.7584,1.848e-18,1.632e-18,9.197e-19,0.0003,112.73,0
BottomS72302,9.3894,-4.7288,8.794e-19,7.984e-19,4.750e-19,-0.0006,110.5,0
BottomS72303,9.4004,-4.7490,2.169e-18,3.937e-18,9.832e-18,0.0004,112.85,0
BottomS72304,9.3822,-4.7361,1.135e-18,1.775e-18,3.148e-18,0.0002,110.05,0
BottomS72311,9.3899,-4.7301,2.369e-20,2.938e-20,3.336e-20,0.0003,110.66,0
BottomS72313,9.4004,-4.7479,1.658e-19,1.778e-19,1.448e-19,-0.0005,112.51,0
BottomS72321,9.4041,-4.7404,1.281e-18,1.127e-18,6.442e-19,0.0,112.6,0
BottomS72322,9.3800,-4.7465,6.409e-20,7.397e-20,7.316e-20,-0.0006,110.49,0
BottomS72328,9.3957,-4.7388,9.884e-19,1.603e-18,3.175e-18,0.0012,111.6,0
BottomS72329,9.3858,-4.7402,2.593e-18,4.574e-18,1.070e-17,0.0009,110.7,0
BottomS72330,9.4073,-4.7480,1.212e-18,2.049e-18,4.373e-18,-0.0004,112.87,0
BottomS72331,9.3972,-4.7490,3.039e-20,3.634e-20,3.719e-20,0.0005,112.96,0
BottomS72333,9.4034,-4.7534,2.431e-14,1.655e-14,5.424e-15,-0.0001,112.98,0
BottomS72335,9.4210,-4.7277,8.836e-20,9.765e-20,8.678e-20,-0.0004,112.44,0
BottomS72337,9.3907,-4.7228,2.152e-19,2.209e-19,1.685e-19,-0.0004,110.38,0
BottomS72338,9.4229,-4.7420,2.841e-18,2.455e-18,1.350e-18,-0.0012,113.11,0
BottomS72343,9.3949,-4.7330,2.450e-17,1.927e-17,8.535e-18,-0.0002,111.15,1
BottomS72344,9.3970,-4.7422,5.630e-20,6.771e-20,7.106e-20,0.0006,111.88,0
BottomS72348,9.3818,-4.7359,1.251e-20,1.657e-20,2.108e-20,0.0001,110.02,0
BottomS72350,9.3910,-4.7196,1.619e-18,1.414e-18,7.696e-19,-0.0005,110.25,0
BottomS72351,9.4143,-4.7440,9.559e-20,1.030e-19,8.372e-20,-0.0002,113.05,0
BottomS72352,9.4054,-4.7377,2.452e-18,4.060e-18,8.126e-18,0.0003,112.62,0
BottomS72354,9.4133,-4.7409,3.494e-14,2.591e-14,1.030e-14,0.0001,112.97,0
BottomS72355,9.4181,-4.7445,7.315e-19,1.538e-18,4.986e-18,-0.0007,113.15,0
BottomS72356,9.4152,-4.7513,5.254e-20,6.105e-20,5.899e-20,-0.0003,113.12,0
BottomS72357,9.3779,-4.7202,1.768e-18,1.606e-18,9.641e-19,-0.0,109.93,0
BottomS72358,9.4157,-4.7468,2.417e-18,5.952e-18,2.858e-17,0.0001,113.09,1
BottomS72359,9.3772,-4.7225,3.037e-19,2.983e-19,2.057e-19,-0.0002,109.99,0
BottomS72361,9.4195,-4.7516,9.922e-15,6.649e-15,2.159e-15,0.0003,113.25,0
BottomS72362,9.4152,-4.7434,1.631e-18,1.480e-18,8.792e-19,0.0001,113.09,0
BottomS72364,9.4090,-4.7420,2.535e-15,1.657e-15,5.189e-16,-0.0,112.78,0
BottomS72368,9.3797,-4.7335,2.237e-18,4.013e-18,9.609e-18,-0.0003,110.09,0
BottomS72371,9.4140,-4.7412,1.040e-19,1.109e-19,8.979e-20,-0.0003,112.97,0
BottomS72372,9.4096,-4.7513,5.102e-19,1.077e-18,3.632e-18,0.0004,113.06,0
BottomS72373,9.4188,-4.7425,1.131e-16,8.000e-17,2.929e-17,-0.0006,113.02,0
BottomS72374,9.4127,-4.7435,2.389e-18,6.518e-18,3.848e-17,-0.0004,112.89,1
BottomS72375,9.4219,-4.7495,1.033e-19,1.056e-19,7.958e-20,0.0008,113.14,0
BottomS72376,9.3759,-4.7248,3.380e-14,2.533e-14,1.052e-14,0.0004,109.84,1
BottomS72378,9.3744,-4.7265,2.693e-18,2.293e-18,1.202e-18,-0.0005,109.9,0
BottomS72379,9.3802,-4.7206,4.122e-18,3.409e-18,1.605e-18,0.0005,109.85,0
BottomS72381,9.3750,-4.7293,4.625e-19,4.433e-19,2.923e-19,0.0,109.96,0
BottomS72384,9.3757,-4.7145,4.688e-14,3.590e-14,1.559e-14,0.0001,109.83,1
BottomS72387,9.4225,-4.7502,1.117e-14,7.459e-15,2.471e-15,0.0001,113.21,0
BottomS72389,9.4114,-4.7470,1.713e-19,1.732e-19,1.334e-19,-0.0,112.96,0
BottomS72390,9.4240,-4.7496,1.884e-19,2.064e-19,1.877e-19,0.0003,113.35,0
BottomS72391,9.3897,-4.7312,6.815e-19,1.257e-18,3.222e-18,-0.0002,110.64,0
BottomS72393,9.3619,-4.7151,3.330e-18,2.845e-18,1.528e-18,0.0015,109.64,0
BottomS72397,9.4112,-4.7485,5.348e-20,6.318e-20,6.528e-20,0.0007,113.07,0
BottomS72402,9.4231,-4.7481,9.953e-20,9.844e-20,6.897e-20,0.0004,113.23,0
BottomS72405,9.4177,-4.7441,1.413e-20,1.822e-20,2.154e-20,-0.0008,113.09,0
BottomS72408,9.4356,-4.7624,4.292e-20,4.819e-20,4.440e-20,0.0006,113.39,0
BottomS72411,9.4265,-4.7523,1.793e-18,3.373e-18,9.231e-18,0.0001,113.25,0
BottomS72412,9.3682,-4.7263,8.542e-19,1.439e-18,3.013e-18,0.0001,109.83,0
BottomS72414,9.3693,-4.7286,2.832e-19,2.877e-19,2.151e-19,0.0002,109.84,0
BottomS72415,9.4302,-4.7546,1.509e-19,1.686e-19,1.547e-19,0.0005,113.31,0
BottomS72416,9.4244,-4.7472,7.089e-19,6.771e-19,4.526e-19,-0.0002,113.21,0
BottomS72419,9.3629,-4.7216,5.489e-18,4.390e-18,2.081e-18,0.0006,109.77,0
BottomS72420,9.3728,-4.7197,3.237e-19,3.125e-19,2.053e-19,0.0005,109.7,0
BottomS72422,9.3674,-4.7214,7.151e-19,6.509e-19,3.832e-19,-0.0003,109.84,0
BottomS72423,9.4328,-4.7635,1.034e-18,1.870e-18,4.559e-18,0.0013,113.4,0
BottomS72424,9.3659,-4.7173,2.602e-19,2.616e-19,1.907e-19,0.0004,109.69,0
BottomS72427,9.3617,-4.7173,1.594e-18,1.384e-18,7.657e-19,-0.0004,109.71,0
BottomS72428,9.4347,-4.7558,2.189e-18,4.381e-18,1.297e-17,-0.0007,113.41,0
BottomS72429,9.3669,-4.7186,1.067e-19,1.159e-19,9.957e-20,0.0005,109.67,0
BottomS72431,9.3741,-4.7167,3.202e-18,2.662e-18,1.337e-18,-0.0003,109.78,0
BottomS72434,9.4322,-4.7559,1.182e-20,1.569e-20,2.002e-20,0.0006,113.34,0
BottomS72436,9.3616,-4.7073,1.057e-18,9.471e-19,5.472e-19,0.0002,109.65,0
BottomS72440,9.3657,-4.7228,5.099e-14,5.022e-14,3.429e-14,-0.0001,109.71,1
BottomS72441,9.4379,-4.7534,5.350e-19,5.315e-19,3.643e-19,-0.0007,113.41,0
BottomS72442,9.4199,-4.7540,8.154e-19,7.691e-19,4.895e-19,0.0001,113.37,0
BottomS72443,9.4334,-4.7556,3.638e-19,6.188e-19,1.317e-18,0.0004,113.26,0
BottomS72447,9.3647,-4.7177,1.115e-20,1.505e-20,1.987e-20,-0.0001,109.67,0
BottomS72448,9.4390,-4.7600,4.811e-14,3.374e-14,1.213e-14,0.0003,113.32,0
BottomS72449,9.3563,-4.7124,1.038e-18,1.870e-18,4.599e-18,0.0001,109.62,0
BottomS72450,9.3628,-4.7061,1.730e-18,3.567e-18,1.189e-17,0.0001,109.66,0
BottomS72451,9.3626,-4.7075,6.167e-19,5.816e-19,3.721e-19,0.0004,109.73,0
BottomS72452,9.3652,-4.7036,2.421e-20,2.946e-20,3.201e-20,0.0004,109.67,0
BottomS72453,9.4261,-4.7538,5.521e-19,5.139e-19,3.225e-19,0.0003,113.33,0
BottomS72454,9.3604,-4.7132,1.427e-18,1.260e-18,7.079e-19,0.0002,109.72,0
BottomS72458,9.3560,-4.7142,4.775e-19,4.490e-19,2.915e-19,0.0001,109.77,0
BottomS72461,9.3655,-4.7093,1.516e-18,2.288e-18,4.007e-18,-0.0007,109.73,0
BottomS72463,9.3651,-4.7140,1.911e-20,2.472e-20,3.086e-20,-0.0001,109.73,0
BottomS72464,9.4336,-4.7624,2.898e-18,2.607e-18,1.536e-18,0.0006,113.38,0
BottomS72465,9.4372,-4.7644,3.567e-18,3.027e-18,1.580e-18,-0.0002,113.34,0
BottomS72466,9.3625,-4.7067,1.195e-19,1.318e-19,1.164e-19,-0.0006,109.54,0
BottomS72467,9.3617,-4.7125,3.321e-19,3.118e-19,1.979e-19,0.0001,109.63,0
BottomS72470,9.4353,-4.7559,1.674e-18,1.499e-18,8.599e-19,-0.0007,113.47,0
BottomS72471,9.3599,-4.7115,1.682e-18,1.425e-18,7.351e-19,0.0002,109.65,0
BottomS72472,9.4407,-4.7556,1.128e-19,1.206e-19,1.011e-19,0.0002,113.38,0
BottomS72475,9.4416,-4.7617,1.117e-19,1.219e-19,1.038e-19,0.0004,113.39,0
BottomS72476,9.4329,-4.7545,2.315e-19,2.311e-19,1.618e-19,-0.0002,113.25,0
BottomS72477,9.3443,-4.7040,8.258e-19,7.698e-19,4.790e-19,-0.0002,109.57,0
BottomS72478,9.3503,-4.7089,1.768e-19,1.861e-19,1.486e-19,0.0007,109.65,0
BottomS72480,9.4403,-4.7636,5.351e-19,5.154e-19,3.398e-19,-0.0001,113.35,0
BottomS72481,9.3482,-4.7006,8.277e-14,5.963e-14,2.219e-14,-0.0005,109.63,0
BottomS72482,9.3464,-4.7023,1.195e-18,1.015e-18,5.385e-19,-0.0002,109.51,0
BottomS72483,9.4458,-4.7635,2.919e-18,7.109e-18,3.311e-17,-0.0004,113.37,1
BottomS72484,9.3519,-4.7054,3.616e-19,6.669e-19,1.687e-18,-0.0001,109.59,0
BottomS72485,9.4479,-4.7644,1.132e-18,1.901e-18,3.899e-18,-0.0002,113.46,0
BottomS72487,9.4445,-4.7676,5.208e-20,5.587e-20,4.787e-20,0.0004,113.42,0
BottomS72491,9.4546,-4.7697,6.261e-19,5.890e-19,3.826e-19,0.0008,113.41,0
BottomS72492,9.4444,-4.7634,1.313e-18,2.204e-18,4.614e-18,-0.0007,113.36,0
BottomS72493,9.3376,-4.7018,5.127e-18,4.377e-18,2.307e-18,0.0008,109.63,0
BottomS72495,9.3500,-4.7150,3.426e-18,5.898e-18,1.348e-17,0.0002,109.66,0
BottomS72496,9.4602,-4.7713,1.514e-17,1.163e-17,5.137e-18,-0.0003,113.4,1
BottomS72498,9.3421,-4.6985,2.777e-19,2.880e-19,2.309e-19,-0.0002,109.56,0
BottomS72499,9.3329,-4.7026,8.472e-19,7.770e-19,4.600e-19,0.0002,109.67,0
BottomS72502,9.3497,-4.7010,4.917e-19,4.726e-19,3.055e-19,-0.0003,109.68,0
BottomS72503,9.4457,-4.7675,1.490e-18,2.620e-18,5.980e-18,-0.0004,113.44,0
BottomS72506,9.3485,-4.7001,5.733e-14,4.118e-14,1.535e-14,-0.0001,109.6,0
BottomS72508,9.3415,-4.6961,5.258e-19,5.059e-19,3.387e-19,0.0008,109.52,0
BottomS72510,9.4541,-4.7710,1.296e-17,3.367e-17,1.761e-16,-0.0006,113.47,1
BottomS72511,9.3432,-4.7065,1.380e-19,1.507e-19,1.266e-19,0.0003,109.61,0
BottomS72512,9.3452,-4.6979,3.737e-18,3.077e-18,1.516e-18,0.0001,109.69,0
BottomS72513,9.4678,-4.7799,4.704e-14,3.359e-14,1.250e-14,0.0001,113.47,0
BottomS72514,9.3382,-4.6998,4.544e-20,5.371e-20,5.553e-20,-0.0007,109.57,0
BottomS72515,9.4526,-4.7678,5.330e-19,4.997e-19,3.198e-19,0.0003,113.44,0
BottomS72516,9.3254,-4.7026,1.352e-18,1.173e-18,6.215e-19,-0.0003,109.55,0
BottomS72519,9.3390,-4.7003,6.269e-18,4.794e-18,2.055e-18,0.0006,109.57,0
BottomS72520,9.3403,-4.7003,2.512e-16,1.742e-16,6.292e-17,-0.0002,109.51,0
BottomS72521,9.3376,-4.6974,9.667e-19,8.556e-19,4.876e-19,-0.0009,109.56,0
BottomS72522,9.3392,-4.6994,3.850e-17,2.727e-17,9.851e-18,-0.0004,109.5,0
BottomS72523,9.4598,-4.7732,7.784e-17,5.646e-17,2.193e-17,-0.0011,113.38,0
BottomS72524,9.4573,-4.7716,9.341e-18,7.667e-18,3.699e-18,-0.0001,113.46,0
BottomS72525,9.3352,-4.6999,2.146e-17,1.561e-17,6.103e-18,0.0005,109.53,0
BottomS72526,9.3339,-4.6977,2.165e-18,1.885e-18,9.972e-19,0.0008,109.55,0
BottomS72527,9.4599,-4.7714,3.542e-18,6.977e-18,2.002e-17,0.0009,113.51,1
BottomS72528,9.4606,-4.7708,1.593e-17,1.270e-17,5.571e-18,0.0002,113.39,1
BottomS72529,9.4591,-4.7687,3.681e-18,3.038e-18,1.463e-18,0.0004,113.31,0
BottomS72530,9.4652,-4.7718,4.532e-17,3.251e-17,1.214e-17,-0.0002,113.46,0
BottomS72531,9.4609,-4.7689,9.982e-19,2.194e-18,8.267e-18,0.0,113.33,0
BottomS72532,9.4636,-4.7687,5.363e-17,3.951e-17,1.539e-17,0.0011,113.45,0
BottomS72533,9.4582,-4.7643,1.033e-17,7.835e-18,3.235e-18,-0.0007,113.39,1
BottomS72534,9.4622,-4.7670,1.033e-17,7.963e-18,3.344e-18,-0.0004,113.46,1
BottomS72535,9.3346,-4.7039,7.009e-14,4.962e-14,1.827e-14,0.0004,109.69,0
BottomS72536,9.4652,-4.7683,2.757e-17,2.026e-17,7.775e-18,0.0,113.53,0
BottomS72537,9.4620,-4.7644,3.341e-14,2.282e-14,7.898e-15,0.0006,113.34,0
BottomS72538,9.3342,-4.7086,4.570e-17,3.320e-17,1.286e-17,0.0004,109.59,0
BottomS72539,9.3330,-4.7086,1.119e-17,8.676e-18,3.744e-18,-0.0004,109.68,1
BottomS72540,9.3289,-4.7040,2.744e-18,4.990e-18,1.243e-17,-0.0001,109.66,0
BottomS72541,9.3306,-4.7077,3.658e-14,2.625e-14,9.580e-15,-0.0002,109.69,0
BottomS72542,9.4684,-4.7649,9.054e-18,7.210e-18,3.378e-18,0.0,113.31,0
BottomS72543,9.4652,-4.7619,8.476e-17,6.032e-17,2.198e-17,0.0001,113.36,0
BottomS72544,9.4648,-4.7626,4.079e-18,3.276e-18,1.576e-18,-0.0,113.32,0
BottomS72545,9.4672,-4.7617,1.024e-20,1.342e-20,1.672e-20,0.0002,113.3,0
BottomS72546,9.4646,-4.7585,1.300e-18,1.699e-18,2.179e-18,-0.0004,113.31,0
BottomS72547,9.4672,-4.7604,1.233e-15,8.012e-16,2.454e-16,-0.0004,113.33,0
BottomS72548,9.4651,-4.7565,5.301e-17,3.877e-17,1.451e-17,-0.0002,113.26,0
BottomS72549,9.3247,-4.7106,6.429e-18,5.307e-18,2.598e-18,-0.0004,109.64,0
BottomS72550,9.3287,-4.7129,6.760e-20,7.434e-20,6.461e-20,-0.0005,109.73,0
BottomS72551,9.4636,-4.7524,4.650e-17,3.432e-17,1.339e-17,0.0003,113.05,0
BottomS72552,9.3268,-4.7172,1.537e-17,1.228e-17,5.530e-18,-0.0009,109.83,1
BottomS72553,9.4627,-4.7510,6.484e-19,6.111e-19,3.949e-19,-0.0002,113.2,0
BottomS72554,9.4645,-4.7516,7.815e-17,5.511e-17,1.979e-17,-0.0005,113.17,0
BottomS72555,9.4672,-4.7530,4.178e-17,3.144e-17,1.245e-17,-0.0006,113.12,0
BottomS72556,9.4676,-4.7530,1.473e-18,2.299e-18,3.976e-18,-0.0011,113.3,0
BottomS72557,9.4652,-4.7515,4.825e-18,3.849e-18,1.788e-18,-0.0005,113.08,0
BottomS72558,9.4664,-4.7483,1.600e-18,1.387e-18,7.304e-19,-0.0001,112.94,0
BottomS72560,9.3322,-4.7272,1.339e-18,2.289e-18,4.943e-18,0.0,110.02,0
BottomS72561,9.4625,-4.7434,3.808e-18,2.996e-18,1.293e-18,-0.0003,112.88,0
BottomS72562,9.3324,-4.7277,1.011e-17,8.360e-18,4.008e-18,-0.0008,110.09,0
BottomS72563,9.4693,-4.7433,3.715e-18,3.128e-18,1.621e-18,0.0015,112.95,0
BottomS72564,9.4635,-4.7421,5.094e-18,4.182e-18,2.060e-18,0.0001,112.87,0
BottomS72565,9.3310,-4.7291,1.856e-16,1.291e-16,4.630e-17,0.0004,110.11,0
BottomS72566,9.4607,-4.7384,1.975e-16,1.357e-16,4.515e-17,-0.0007,112.79,0
BottomS72567,9.3346,-4.7332,8.493e-14,6.764e-14,3.026e-14,0.0004,110.29,1
BottomS72568,9.3374,-4.7369,3.159e-18,2.733e-18,1.446e-18,0.0011,110.39,0
BottomS72569,9.4559,-4.7349,1.425e-18,1.201e-18,6.360e-19,-0.0002,112.65,0
BottomS72570,9.3372,-4.7369,5.233e-18,3.964e-18,1.639e-18,0.0012,110.37,0
BottomS72571,9.4567,-4.7312,1.254e-17,9.911e-18,4.362e-18,0.0003,112.65,1
BottomS72572,9.4550,-4.7316,1.788e-14,1.203e-14,4.022e-15,0.0008,112.59,0
BottomS72573,9.4549,-4.7303,7.995e-19,7.122e-19,4.170e-19,0.0001,112.55,0
BottomS72574,9.4512,-4.7261,4.146e-18,3.776e-18,2.219e-18,0.001,112.42,0
BottomS72575,9.4528,-4.7243,2.221e-16,1.557e-16,5.500e-17,0.0003,112.37,0
BottomS72576,9.3442,-4.7470,5.015e-17,3.608e-17,1.361e-17,-0.0005,110.73,0
BottomS72577,9.3459,-4.7531,7.710e-18,6.276e-18,2.922e-18,0.0003,110.82,0
BottomS72578,9.3473,-4.7511,3.020e-14,2.053e-14,6.941e-15,-0.0001,110.76,0
BottomS72579,9.4457,-4.7189,5.617e-18,4.599e-18,2.274e-18,-0.0001,112.15,0
BottomS72580,9.3517,-4.7564,1.924e-18,2.832e-18,4.457e-18,-0.0,110.91,0
BottomS72581,9.3532,-4.7566,2.050e-17,1.614e-17,7.123e-18,-0.0004,110.92,1
BottomS72582,9.3557,-4.7596,1.690e-18,3.104e-18,7.860e-18,0.0003,111.01,0
BottomS72583,9.3556,-4.7588,1.716e-17,1.296e-17,5.202e-18,0.0003,111.14,0
BottomS72584,9.4352,-4.7103,9.868e-17,6.982e-17,2.512e-17,0.0002,111.9,0
BottomS72585,9.4317,-4.7104,1.924e-18,1.727e-18,9.847e-19,-0.0002,111.9,0
BottomS72586,9.3621,-4.7644,5.214e-17,3.786e-17,1.470e-17,-0.0003,111.26,0
BottomS72587,9.3648,-4.7660,2.311e-17,7.103e-17,5.193e-16,-0.0001,111.27,1
BottomS72589,9.3718,-4.7674,1.065e-18,1.817e-18,3.868e-18,-0.0003,111.52,0
BottomS72590,9.4191,-4.7002,1.029e-18,9.242e-19,5.462e-19,-0.0004,111.52,0
BottomS72591,9.4179,-4.6982,2.774e-17,2.072e-17,8.233e-18,-0.0003,111.54,0
BottomS72592,9.3801,-4.7741,2.690e-17,1.943e-17,7.355e-18,0.0005,111.61,0
BottomS72593,9.4110,-4.6933,1.629e-16,1.125e-16,3.823e-17,-0.0005,111.27,0
BottomS72594,9.4107,-4.6886,9.006e-18,6.847e-18,2.839e-18,-0.0003,111.19,1
BottomS72595,9.3882,-4.7809,6.189e-19,6.046e-19,4.017e-19,0.0002,111.85,0
BottomS72596,9.4046,-4.6886,4.165e-16,2.783e-16,9.339e-17,0.0002,111.11,0
BottomS72597,9.4000,-4.6835,4.756e-14,3.531e-14,1.379e-14,-0.0001,111.01,0
BottomS72598,9.3971,-4.7875,3.540e-17,2.488e-17,9.316e-18,-0.0004,112.04,0
BottomS72599,9.4026,-4.7868,1.388e-17,1.080e-17,4.614e-18,-0.0008,112.2,1
BottomS72600,9.3869,-4.6822,3.053e-18,2.548e-18,1.277e-18,-0.0004,110.71,0
BottomS72601,9.3878,-4.6778,8.637e-19,1.466e-18,3.188e-18,0.0005,110.68,0
BottomS72602,9.4125,-4.7915,3.367e-18,2.939e-18,1.572e-18,-0.0002,112.39,0
BottomS72603,9.4149,-4.7965,1.104e-16,7.927e-17,2.886e-17,-0.0001,112.47,0
BottomS72604,9.3758,-4.6723,5.036e-17,3.692e-17,1.426e-17,0.0,110.46,0
BottomS72606,9.4573,-4.7640,7.484e-18,5.808e-18,2.527e-18,0.0001,113.42,0
BottomS72607,9.3343,-4.7048,8.290e-19,7.667e-19,4.726e-19,0.0003,109.64,0
BottomS72608,9.4644,-4.7705,9.275e-19,8.798e-19,5.688e-19,-0.0,113.49,0
BottomS72613,9.4628,-4.7660,8.679e-20,9.377e-20,8.169e-20,-0.0002,113.33,0
BottomS72614,9.4606,-4.7613,7.826e-19,7.487e-19,4.878e-19,-0.0003,113.31,0
BottomS72615,9.4638,-4.7641,1.401e-18,2.998e-18,1.008e-17,0.0002,113.35,0
BottomS72618,9.4555,-4.7538,6.040e-20,6.509e-20,5.589e-20,0.0001,113.3,0
BottomS72619,9.3294,-4.7062,2.358e-19,2.342e-19,1.613e-19,0.0008,109.6,0
BottomS72620,9.4644,-4.7601,8.864e-18,6.864e-18,3.000e-18,0.0005,113.25,1
BottomS72621,9.4643,-4.7563,4.555e-20,5.266e-20,4.986e-20,0.0003,113.17,0
BottomS72622,9.4635,-4.7586,6.469e-18,5.254e-18,2.492e-18,0.0001,113.2,0
BottomS72623,9.3255,-4.7098,1.579e-18,1.313e-18,6.492e-19,0.0002,109.55,0
BottomS72624,9.3201,-4.7065,1.785e-18,1.519e-18,8.068e-19,-0.0006,109.74,0
BottomS72625,9.4639,-4.7543,5.047e-17,3.840e-17,1.618e-17,-0.0001,113.17,0
BottomS72626,9.3259,-4.7153,2.020e-19,3.597e-19,8.573e-19,0.0009,109.69,0
BottomS72627,9.4595,-4.7496,1.336e-18,1.214e-18,7.351e-19,0.0009,113.08,0
BottomS72628,9.4619,-4.7532,3.986e-19,3.966e-19,2.807e-19,-0.0005,113.1,0
BottomS72630,9.4608,-4.7509,1.645e-17,1.318e-17,5.902e-18,0.0002,113.15,1
BottomS72631,9.3268,-4.7181,1.459e-20,1.898e-20,2.247e-20,-0.0006,109.8,0
BottomS72633,9.3311,-4.7184,1.839e-17,1.412e-17,5.889e-18,0.0005,109.84,1
BottomS72634,9.4632,-4.7506,1.184e-18,1.042e-18,5.961e-19,0.0001,113.07,0
BottomS72635,9.4668,-4.7488,2.187e-18,1.935e-18,1.098e-18,0.0001,113.01,0
BottomS72637,9.3377,-4.7318,7.541e-19,1.240e-18,2.476e-18,0.0003,110.25,0
BottomS72638,9.3263,-4.7218,2.445e-20,2.947e-20,3.168e-20,-0.0004,109.97,0
BottomS72640,9.3364,-4.7289,2.835e-19,2.984e-19,2.436e-19,-0.0001,110.15,0
BottomS72641,9.3350,-4.7322,1.118e-18,1.010e-18,5.890e-19,-0.0008,110.24,0
BottomS72642,9.4612,-4.7446,1.077e-17,8.090e-18,3.317e-18,0.0003,112.89,1
BottomS72643,9.3358,-4.7347,2.835e-20,3.454e-20,3.662e-20,-0.0003,110.28,0
BottomS72644,9.4524,-4.7375,7.654e-18,6.002e-18,2.650e-18,-0.0004,112.71,1
BottomS72645,9.3375,-4.7395,6.665e-14,4.933e-14,1.988e-14,0.0005,110.39,0
BottomS72646,9.4554,-4.7367,1.187e-17,9.807e-18,4.804e-18,0.0,112.73,0
BottomS72647,9.4574,-4.7338,8.163e-18,6.359e-18,2.750e-18,-0.0003,112.72,1
BottomS72648,9.3365,-4.7401,1.076e-18,9.647e-19,5.841e-19,0.0001,110.4,0
BottomS72649,9.3378,-4.7411,4.304e-19,8.012e-19,2.007e-18,-0.0002,110.39,0
BottomS72650,9.3391,-4.7436,1.660e-19,1.732e-19,1.356e-19,0.0008,110.48,0
BottomS72651,9.4556,-4.7327,2.327e-20,2.884e-20,3.237e-20,0.0005,112.65,0
BottomS72654,9.4471,-4.7255,4.178e-19,7.543e-19,1.881e-18,0.0003,112.41,0
BottomS72655,9.4460,-4.7198,2.354e-18,1.971e-18,9.943e-19,-0.0006,112.25,0
BottomS72656,9.3480,-4.7525,1.533e-17,1.178e-17,5.157e-18,0.0002,110.7,1
BottomS72658,9.3559,-4.7548,5.092e-19,9.501e-19,2.405e-18,0.0006,110.98,0
BottomS72659,9.3578,-4.7524,2.036e-19,2.164e-19,1.759e-19,-0.0003,110.86,0
BottomS72660,9.4369,-4.7096,6.800e-19,6.693e-19,4.676e-19,0.0007,111.98,0
BottomS72661,9.3603,-4.7546,7.203e-15,4.689e-15,1.419e-15,-0.0005,111.0,0
BottomS72664,9.4309,-4.7033,8.581e-18,6.607e-18,2.919e-18,0.0002,111.78,1
BottomS72665,9.3609,-4.7729,1.741e-18,3.165e-18,7.862e-18,0.0005,111.3,0
BottomS72666,9.3667,-4.7675,2.449e-19,2.569e-19,2.039e-19,0.0003,111.31,0
BottomS72667,9.4266,-4.7003,2.226e-19,2.264e-19,1.641e-19,0.0003,111.67,0
BottomS72669,9.4206,-4.6944,1.317e-17,1.042e-17,4.561e-18,0.0007,111.54,1
BottomS72670,9.4168,-4.6951,2.023e-18,1.771e-18,9.434e-19,0.0003,111.46,0
BottomS72671,9.3775,-4.7795,4.205e-20,4.987e-20,5.098e-20,0.0005,111.59,0
BottomS72673,9.4091,-4.6902,4.567e-14,3.968e-14,2.141e-14,0.0003,111.33,1
BottomS72674,9.3853,-4.7839,5.219e-18,4.310e-18,2.118e-18,-0.0003,111.8,0
BottomS72675,9.4079,-4.6880,1.075e-18,1.700e-18,3.116e-18,-0.0002,111.19,0
BottomS72676,9.3944,-4.7836,1.196e-18,1.086e-18,6.293e-19,0.0001,111.97,0
BottomS72679,9.4082,-4.7852,3.638e-20,4.049e-20,3.585e-20,-0.0001,112.31,0
BottomS72680,9.4027,-4.7972,9.816e-18,7.846e-18,3.472e-18,-0.0002,112.06,1
BottomS72681,9.3896,-4.6811,1.047e-18,9.416e-19,5.503e-19,-0.0008,110.73,0
BottomS72682,9.4006,-4.7969,9.184e-19,1.479e-18,2.760e-18,0.0006,112.08,0
BottomS72683,9.3764,-4.6745,4.200e-14,3.920e-14,2.566e-14,-0.0,110.56,1
BottomS72684,9.4116,-4.7926,2.140e-19,2.173e-19,1.638e-19,0.0003,112.33,0
BottomS72685,9.4179,-4.7991,8.149e-19,1.319e-18,2.505e-18,0.0,112.46,0
BottomS72686,9.4187,-4.7977,2.276e-19,2.166e-19,1.402e-19,-0.0001,112.45,0
BottomS72687,9.3693,-4.6726,2.856e-15,1.886e-15,6.053e-16,0.0,110.5,0
BottomS72688,9.3634,-4.6653,4.147e-20,4.836e-20,4.818e-20,0.0002,110.38,0
BottomS72689,9.3573,-4.6726,1.244e-18,1.058e-18,5.648e-19,0.0002,110.19,0
BottomS72700,7.8596,2.1244,1.564e-19,1.670e-19,1.378e-19,0.0004,111.6,0
BottomS72705,7.8621,2.1213,8.467e-18,2.238e-17,1.232e-16,-0.0001,110.81,1
BottomS72710,7.8700,2.1030,1.090e-20,1.335e-20,1.534e-20,0.0007,109.02,0
BottomS72714,7.8692,2.1213,8.539e-20,9.388e-20,8.082e-20,0.0003,109.93,0
BottomS72715,7.8585,2.1403,1.207e-19,1.244e-19,9.899e-20,-0.0002,111.82,0
BottomS72716,7.8652,2.1268,1.198e-20,1.494e-20,1.709e-20,-0.0001,111.68,0
BottomS72720,7.8759,2.1272,1.324e-20,1.686e-20,1.969e-20,-0.0004,110.1,0
BottomS72726,7.8551,2.1166,1.943e-19,1.993e-19,1.528e-19,-0.0004,110.85,0
BottomS72730,7.8611,2.1232,5.422e-14,4.107e-14,1.760e-14,0.0011,111.2,1
BottomS72736,7.8851,2.0883,2.712e-20,3.227e-20,3.284e-20,-0.0008,108.46,0
BottomS72740,7.7823,2.1739,3.097e-19,2.999e-19,2.057e-19,0.0006,112.19,0
BottomS72745,7.8631,2.1225,2.257e-20,2.811e-20,3.229e-20,-0.0002,111.0,0
BottomS72747,7.8518,2.1380,1.709e-19,1.742e-19,1.264e-19,0.0001,112.23,0
BottomS72748,7.8896,2.1049,3.086e-20,3.819e-20,4.206e-20,0.0005,108.69,0
BottomS72750,7.8629,2.1224,6.227e-20,7.200e-20,7.338e-20,0.0001,111.01,0
BottomS72754,7.8663,2.1215,1.385e-20,1.742e-20,2.013e-20,0.0003,110.24,0
BottomS72763,7.8715,2.1029,3.017e-18,5.535e-18,1.377e-17,0.0001,108.91,0
BottomS72764,7.8655,2.1318,1.177e-20,1.518e-20,1.829e-20,0.001,110.86,0
BottomS72775,7.8877,2.0997,1.374e-19,1.444e-19,1.122e-19,0.0,108.42,0
BottomS72776,7.8272,2.1722,5.710e-14,4.862e-14,2.593e-14,0.0008,112.29,1
BottomS72778,7.8617,2.1462,4.080e-19,3.882e-19,2.623e-19,-0.0005,111.45,0
BottomS72785,7.8806,2.1145,2.704e-20,3.259e-20,3.365e-20,0.0008,108.68,0
BottomS72792,7.8590,2.1277,1.442e-20,1.868e-20,2.316e-20,0.0002,111.72,0
BottomS72797,7.8395,2.1546,5.503e-19,5.232e-19,3.412e-19,-0.0008,112.29,0
BottomS72804,7.8524,2.1041,4.385e-14,3.212e-14,1.270e-14,-0.0007,110.17,0
BottomS72806,7.8393,2.1194,7.180e-19,1.498e-18,4.746e-18,-0.0004,111.05,0
BottomS72809,7.8520,2.1273,9.630e-20,1.067e-19,9.357e-20,-0.0003,111.47,0
BottomS72810,7.8406,2.1435,1.336e-20,1.747e-20,2.147e-20,0.0,112.31,0
BottomS72811,7.8502,2.1024,7.855e-19,7.216e-19,4.341e-19,-0.0006,110.16,0
BottomS72813,7.8712,2.0866,7.346e-20,8.111e-20,7.390e-20,0.0004,108.96,0
BottomS72817,7.8753,2.1133,2.197e-20,2.797e-20,3.344e-20,-0.0003,108.81,0
BottomS72819,7.8677,2.1277,8.880e-20,9.444e-20,7.952e-20,-0.0005,111.49,0
BottomS72820,7.8679,2.1183,9.161e-19,1.380e-18,2.297e-18,0.0004,109.26,0
BottomS72826,7.8797,2.1151,7.331e-20,8.307e-20,7.766e-20,0.0002,108.8,0
BottomS72828,7.8847,2.1029,2.651e-20,3.372e-20,4.012e-20,0.0002,108.5,0
BottomS72831,7.8633,2.1210,7.892e-19,1.359e-18,2.954e-18,0.0001,110.77,0
BottomS72838,7.8914,2.1346,4.894e-20,5.779e-20,5.972e-20,-0.0004,109.93,0
BottomS72845,7.8695,2.1222,1.982e-20,2.520e-20,3.007e-20,0.0001,109.86,0
BottomS72846,7.8453,2.1283,1.361e-18,1.183e-18,6.221e-19,-0.0003,111.94,0
BottomS72848,7.8672,2.1243,1.295e-19,1.391e-19,1.179e-19,0.0011,111.11,0
BottomS72853,7.9066,2.1217,1.603e-20,2.084e-20,2.542e-20,0.0003,109.52,0
BottomS72854,7.8589,2.1251,8.840e-19,8.065e-19,4.731e-19,-0.0002,111.2,0
BottomS72864,7.8705,2.1145,9.040e-19,1.516e-18,3.292e-18,-0.0004,109.18,0
BottomS72865,7.8294,2.1765,7.304e-20,8.105e-20,7.119e-20,-0.0004,112.39,0
BottomS72868,7.8992,2.0868,1.281e-18,1.131e-18,6.142e-19,-0.0008,108.2,0
BottomS72869,7.8647,2.1227,1.223e-18,2.117e-18,4.681e-18,-0.0003,110.85,0
BottomS72872,7.8687,2.0782,5.067e-19,4.890e-19,3.381e-19,-0.0003,109.34,0
BottomS72874,7.9139,2.0780,7.611e-20,8.222e-20,6.932e-20,-0.0003,108.15,0
BottomS72877,7.8649,2.1252,7.094e-14,5.634e-14,2.513e-14,-0.0001,111.28,1
BottomS72878,7.8564,2.1298,2.564e-18,4.201e-18,8.741e-18,0.0001,111.83,0
BottomS72879,7.8614,2.1247,9.748e-18,2.459e-17,1.230e-16,0.0006,111.53,1
BottomS72881,7.8882,2.1062,1.642e-20,2.027e-20,2.318e-20,-0.0009,108.53,0
BottomS72883,7.8688,2.1146,1.768e-20,2.316e-20,2.843e-20,0.0007,108.9,0
BottomS72889,7.8745,2.1123,3.608e-20,4.345e-20,4.682e-20,-0.0004,108.83,0
BottomS72892,7.8508,2.1248,5.106e-14,3.721e-14,1.466e-14,0.0008,111.57,0
BottomS72896,7.8813,2.0650,3.876e-18,3.246e-18,1.621e-18,-0.0007,108.84,0
BottomS72897,7.8808,2.1511,1.010e-19,1.182e-19,1.156e-19,0.001,110.59,0
BottomS72899,7.8685,2.1168,1.355e-18,2.433e-18,5.669e-18,-0.001,109.01,0
BottomS72905,7.7871,2.1273,4.910e-20,5.681e-20,5.308e-20,0.0006,111.29,0
BottomS72910,7.8654,2.1210,1.732e-18,1.515e-18,8.476e-19,0.0008,110.31,0
BottomS72911,7.8691,2.1223,6.161e-20,6.934e-20,6.260e-20,0.0004,110.14,0
BottomS72924,7.8660,2.1124,7.807e-20,8.655e-20,7.899e-20,0.0009,109.32,0
BottomS72929,7.8444,2.1249,2.568e-19,2.670e-19,1.984e-19,0.0,111.35,0
BottomS72940,7.8780,2.1197,3.869e-20,4.309e-20,3.918e-20,-0.0003,109.43,0
BottomS72941,7.8537,2.1280,1.028e-18,1.913e-18,5.061e-18,-0.0006,111.63,0
BottomS72946,7.8506,2.1251,1.880e-19,3.286e-19,7.616e-19,0.0004,111.41,0
BottomS72959,7.8820,2.0922,1.185e-20,1.509e-20,1.815e-20,0.0002,108.37,0
BottomS72961,7.8701,2.1166,1.281e-19,1.461e-19,1.396e-19,-0.0,109.05,0
BottomS72965,7.8664,2.1226,3.094e-18,5.339e-18,1.234e-17,-0.0007,110.47,0
BottomS72967,7.8441,2.1362,3.350e-20,3.975e-20,4.036e-20,0.0005,112.14,0
BottomS72968,7.8598,2.1187,9.982e-20,1.070e-19,8.828e-20,0.001,110.7,0
BottomS72975,7.8608,2.1289,1.734e-19,1.766e-19,1.307e-19,-0.0005,111.21,0
BottomS72977,7.8676,2.1155,5.594e-15,3.721e-15,1.194e-15,-0.0008,108.95,0
BottomS72984,7.8654,2.1569,4.736e-19,4.631e-19,3.294e-19,-0.0,111.18,0
BottomS72986,7.8991,2.0842,2.678e-20,3.244e-20,3.536e-20,-0.0003,108.22,0
BottomS72994,7.8763,2.1083,1.247e-18,2.015e-18,3.900e-18,0.0001,108.55,0
BottomS72996,7.8801,2.0719,1.458e-20,1.752e-20,1.815e-20,0.0,108.77,0
BottomS72997,7.9274,2.0833,2.004e-18,3.305e-18,6.445e-18,0.0005,108.63,0
BottomS73000,7.8468,2.1345,1.864e-19,1.870e-19,1.313e-19,0.0005,112.17,0
BottomS73002,7.8620,2.1191,1.502e-18,2.772e-18,7.025e-18,-0.0004,110.68,0
BottomS73004,7.9013,2.1412,7.791e-14,5.865e-14,2.381e-14,0.0005,110.0,1
BottomS73009,7.9177,2.0917,3.065e-20,3.700e-20,3.926e-20,0.0002,108.58,0
BottomS73010,7.9084,2.0780,1.479e-18,3.016e-18,9.891e-18,0.0008,108.14,0
BottomS73011,7.8610,2.1123,3.070e-20,3.542e-20,3.415e-20,-0.0006,109.55,0
BottomS73016,7.8596,2.1279,8.729e-19,8.222e-19,5.123e-19,-0.0001,111.66,0
BottomS73018,7.8655,2.1181,5.009e-19,7.552e-19,1.294e-18,-0.0003,109.78,0
BottomS73024,7.8733,2.0991,1.191e-18,1.851e-18,3.379e-18,0.0003,108.86,0
BottomS73031,7.8506,2.1297,4.894e-19,9.896e-19,3.121e-18,-0.0001,111.66,0
BottomS73034,7.8756,2.1394,3.716e-20,4.432e-20,4.464e-20,0.0003,110.53,0
BottomS73043,7.8637,2.1213,2.709e-18,2.276e-18,1.212e-18,0.0003,110.75,0
BottomS73046,7.8863,2.1328,3.827e-20,4.398e-20,4.294e-20,-0.0002,110.11,0
BottomS73047,7.8312,2.1445,1.185e-20,1.499e-20,1.676e-20,0.0002,112.04,0
BottomS73048,7.8621,2.1228,1.338e-20,1.739e-20,2.200e-20,0.0004,111.31,0
BottomS73049,7.8630,2.1229,1.143e-20,1.446e-20,1.752e-20,-0.0009,111.07,0
BottomS73050,7.8436,2.0823,7.340e-19,6.702e-19,4.029e-19,0.0006,110.04,0
BottomS73053,7.8631,2.1341,2.561e-18,4.464e-18,1.020e-17,-0.0003,111.56,0
BottomS73056,7.8542,2.1389,2.097e-19,2.100e-19,1.532e-19,-0.0008,111.72,0
BottomS73060,7.8680,2.1181,2.999e-20,3.655e-20,4.078e-20,-0.0004,109.34,0
BottomS73062,7.8609,2.1156,3.309e-20,3.810e-20,3.662e-20,-0.0007,110.12,0
BottomS73066,7.8678,2.1339,3.029e-20,3.619e-20,3.887e-20,0.0,110.68,0
BottomS73067,7.8977,2.0848,3.993e-14,3.092e-14,1.313e-14,-0.0002,108.2,1
BottomS73068,7.8578,2.1225,1.026e-18,9.297e-19,5.408e-19,-0.0006,111.13,0
BottomS73070,7.8691,2.1268,1.471e-20,1.949e-20,2.497e-20,-0.0004,110.64,0
BottomS73071,7.8512,2.1205,1.001e-19,1.059e-19,8.627e-20,0.0003,111.08,0
BottomS73078,7.8131,2.1419,1.492e-19,1.514e-19,1.126e-19,-0.0005,111.98,0
BottomS73081,7.9113,2.0652,2.894e-18,2.451e-18,1.278e-18,-0.0002,108.18,0
BottomS73085,7.8667,2.1222,4.283e-19,4.215e-19,2.868e-19,0.0003,110.36,0
BottomS73086,7.8685,2.1165,4.095e-19,3.935e-19,2.606e-19,0.0008,109.43,0
BottomS73088,7.8681,2.1134,1.360e-18,2.262e-18,4.727e-18,0.0002,108.87,0
BottomS73098,7.8789,2.1209,3.047e-20,3.581e-20,3.536e-20,-0.0008,109.57,0
BottomS73099,7.8689,2.1134,7.070e-19,1.213e-18,2.785e-18,-0.0006,108.77,0
BottomS73102,7.8883,2.1175,2.077e-19,2.039e-19,1.460e-19,-0.0007,109.56,0
BottomS73104,7.8633,2.1285,1.841e-18,3.047e-18,6.173e-18,-0.0005,111.42,0
BottomS73105,7.8586,2.1214,3.386e-20,4.137e-20,4.326e-20,-0.0,110.89,0
BottomS73108,7.8438,2.1198,2.132e-20,2.628e-20,2.798e-20,0.0006,110.87,0
BottomS73111,7.8533,2.1199,4.965e-19,4.824e-19,3.209e-19,-0.0006,111.03,0
BottomS73113,7.8751,2.0845,4.005e-19,3.833e-19,2.497e-19,0.0005,109.13,0
BottomS73118,7.8771,2.1080,1.450e-19,1.510e-19,1.240e-19,-0.0004,108.44,0
BottomS73123,7.8548,2.1363,1.430e-20,1.823e-20,2.096e-20,0.0001,112.14,0
BottomS73124,7.8436,2.1533,4.546e-14,4.262e-14,2.604e-14,-0.0001,112.23,1
BottomS73128,7.8597,2.1223,1.387e-20,1.806e-20,2.165e-20,-0.0003,110.78,0
BottomS73132,7.8401,2.1658,5.602e-20,6.338e-20,5.909e-20,-0.0007,112.06,0
BottomS73140,7.8627,2.1144,9.040e-19,8.455e-19,5.158e-19,0.0003,109.83,0
BottomS73147,7.8665,2.1190,2.826e-18,2.380e-18,1.207e-18,0.0003,109.7,0
BottomS73156,7.8414,2.1402,3.331e-20,4.025e-20,4.307e-20,0.0005,112.28,0
BottomS73162,7.8669,2.1201,1.337e-19,1.437e-19,1.200e-19,0.0005,110.04,0
BottomS73167,7.8713,2.1142,7.316e-20,8.353e-20,7.870e-20,-0.0004,109.23,0
BottomS73174,7.8632,2.1212,1.136e-19,1.296e-19,1.224e-19,-0.0006,110.88,0
BottomS73179,7.8545,2.1400,1.957e-20,2.573e-20,3.169e-20,-0.0004,111.94,0
BottomS73181,7.9025,2.0982,7.897e-19,1.272e-18,2.403e-18,0.0005,108.43,0
BottomS73186,7.8469,2.1117,1.213e-20,1.602e-20,2.091e-20,0.0,111.89,0
BottomS73187,7.8839,2.1052,6.993e-19,6.830e-19,4.551e-19,-0.0001,108.32,0
BottomS73189,7.8627,2.1214,4.632e-20,5.291e-20,5.109e-20,0.0004,110.62,0
BottomS73192,7.8629,2.1308,8.780e-19,1.763e-18,5.482e-18,-0.0001,111.44,0
BottomS73193,7.8487,2.1171,7.312e-14,5.448e-14,2.156e-14,0.0,111.77,0
BottomS73194,7.8722,2.1172,8.941e-19,8.335e-19,5.245e-19,0.0002,109.01,0
BottomS73201,7.8840,2.1321,1.978e-20,2.606e-20,3.239e-20,-0.0,108.42,0
BottomS73204,7.8662,2.1126,2.331e-18,1.965e-18,9.885e-19,0.0001,108.95,0
BottomS73205,7.8686,2.1364,7.851e-14,6.281e-14,2.950e-14,0.0006,111.66,1
BottomS73206,7.8506,2.1103,7.275e-19,6.598e-19,3.863e-19,-0.0005,111.1,0
BottomS73207,7.8709,2.1134,4.254e-20,5.423e-20,6.223e-20,0.0,109.3,0
BottomS73209,7.8699,2.1425,2.283e-18,3.696e-18,7.370e-18,-0.0003,111.89,0
BottomS73210,7.8720,2.1333,1.095e-18,1.700e-18,2.950e-18,0.0003,110.86,0
BottomS73211,7.8456,2.1172,1.410e-18,1.220e-18,6.579e-19,-0.0007,111.85,0
BottomS73213,7.8587,2.1108,1.139e-20,1.452e-20,1.772e-20,0.0003,109.61,0
BottomS73215,7.8593,2.1215,1.680e-18,1.470e-18,7.939e-19,0.0005,110.65,0
BottomS73216,7.8751,2.1129,2.596e-18,4.832e-18,1.265e-17,0.0004,108.69,0
BottomS73217,7.8678,2.1322,7.338e-18,6.154e-18,3.077e-18,0.0002,110.99,0
BottomS73218,7.8597,2.1266,7.358e-19,1.200e-18,2.309e-18,0.0,111.2,0
BottomS73219,7.8544,2.1163,1.491e-20,2.074e-20,2.981e-20,0.0002,110.68,0
BottomS73226,7.8570,2.1258,2.090e-19,2.183e-19,1.690e-19,-0.0004,111.74,0
BottomS73229,7.8772,2.1047,2.643e-19,2.786e-19,2.297e-19,-0.0002,108.59,0
BottomS73230,7.8678,2.1198,1.317e-18,1.180e-18,6.825e-19,0.0,109.77,0
BottomS73232,7.8788,2.1224,1.554e-19,1.752e-19,1.623e-19,0.0003,109.28,0
BottomS73233,7.8547,2.1087,4.693e-20,5.344e-20,5.115e-20,-0.0002,109.98,0
BottomS73234,7.8436,2.1386,1.260e-20,1.524e-20,1.666e-20,0.0003,112.3,0
BottomS73241,7.8712,2.1275,7.649e-19,1.682e-18,6.185e-18,-0.0004,110.49,0
BottomS73244,7.8771,2.1191,1.367e-20,1.827e-20,2.290e-20,0.0003,109.72,0
BottomS73246,7.8361,2.1144,5.793e-14,4.134e-14,1.566e-14,-0.0001,111.46,0
BottomS73247,7.8533,2.1387,6.376e-19,6.292e-19,4.395e-19,-0.0001,111.95,0
BottomS73248,7.8582,2.1094,3.599e-18,3.061e-18,1.582e-18,0.0006,109.96,0
BottomS73250,7.8571,2.1287,1.002e-18,2.172e-18,7.689e-18,-0.0,111.33,0
BottomS73251,7.8668,2.1022,3.663e-20,4.444e-20,4.637e-20,-0.0003,108.4,0
BottomS73258,7.8615,2.1093,1.317e-18,2.287e-18,5.365e-18,-0.0004,109.61,0
BottomS73260,7.8798,2.1126,1.407e-18,2.278e-18,4.517e-18,0.0001,108.44,0
BottomS73262,7.8802,2.1180,3.007e-14,2.087e-14,7.191e-15,0.0005,108.8,0
BottomS73263,7.8723,2.1285,1.868e-18,2.772e-18,4.494e-18,-0.0002,110.39,0
BottomS73264,7.8667,2.0984,5.615e-19,1.057e-18,2.779e-18,-0.0008,108.42,0
BottomS73266,7.8702,2.1348,7.095e-20,8.082e-20,7.593e-20,0.0006,110.85,0
BottomS73269,7.8786,2.1295,2.818e-19,2.896e-19,2.181e-19,-0.0005,109.69,0
BottomS73271,7.8900,2.1293,1.192e-18,1.647e-18,2.351e-18,0.0008,109.0,0
BottomS73272,7.8863,2.1000,1.952e-19,2.074e-19,1.667e-19,0.0008,108.23,0
BottomS73273,7.8718,2.1130,5.077e-19,4.888e-19,3.268e-19,-0.0006,108.93,0
BottomS73274,7.8638,2.1188,3.066e-18,2.531e-18,1.250e-18,0.0001,110.3,0
BottomS73275,7.8650,2.0917,6.945e-18,5.469e-18,2.463e-18,-0.0009,108.94,0
BottomS73280,7.8704,2.1132,5.569e-14,5.430e-14,3.628e-14,-0.0002,108.94,1
BottomS73281,7.8601,2.1022,1.448e-18,1.256e-18,6.737e-19,0.0003,109.16,0
BottomS73283,7.8598,2.1011,3.164e-20,3.868e-20,4.259e-20,-0.0005,109.02,0
BottomS73284,7.8513,2.1143,3.430e-20,4.127e-20,4.335e-20,0.0001,111.25,0
BottomS73285,7.8545,2.1201,6.611e-18,5.296e-18,2.396e-18,-0.0009,111.15,1
BottomS73286,7.8639,2.1101,4.195e-20,4.674e-20,4.215e-20,0.0003,109.27,0
BottomS73290,7.8422,2.1204,2.842e-19,2.870e-19,2.212e-19,-0.0005,112.2,0
BottomS73291,7.8789,2.1305,2.649e-19,4.480e-19,9.429e-19,0.0003,109.51,0
BottomS73292,7.8626,2.1350,3.863e-20,4.270e-20,3.807e-20,0.0007,111.17,0
BottomS73293,7.8498,2.1321,1.375e-18,2.431e-18,5.743e-18,-0.0004,112.21,0
BottomS73294,7.8911,2.1075,1.625e-19,1.723e-19,1.392e-19,-0.0007,108.37,0
BottomS73295,7.8512,2.1290,5.464e-19,1.041e-18,2.870e-18,0.0004,111.99,0
BottomS73301,7.8601,2.1502,9.218e-19,1.523e-18,2.927e-18,-0.0001,112.08,0
BottomS73302,7.8541,2.1290,1.728e-20,2.094e-20,2.291e-20,0.0003,111.79,0
BottomS73305,7.8623,2.1271,7.923e-19,7.252e-19,4.305e-19,0.0002,110.94,0
BottomS73308,7.8793,2.1201,2.229e-18,4.007e-18,9.934e-18,0.0006,108.64,0
BottomS73311,7.8739,2.1330,1.820e-18,1.693e-18,1.046e-18,-0.0,110.6,0
BottomS73312,7.8632,2.1225,1.582e-20,1.887e-20,1.940e-20,-0.0005,110.74,0
BottomS73313,7.8612,2.1286,3.992e-14,2.794e-14,9.652e-15,0.0005,110.7,0
BottomS73315,7.8630,2.1143,8.830e-19,1.457e-18,3.015e-18,-0.0003,109.6,0
BottomS73318,7.8510,2.1283,1.221e-18,1.111e-18,6.587e-19,0.0013,112.09,0
BottomS73319,7.8493,2.1011,4.210e-19,4.186e-19,2.997e-19,-0.0007,109.55,0
BottomS73322,7.8540,2.1152,1.189e-18,1.116e-18,6.976e-19,-0.0002,110.71,0
BottomS73323,7.8673,2.1051,3.622e-14,2.897e-14,1.381e-14,-0.0002,108.76,1
BottomS73328,7.8837,2.1002,6.635e-19,1.140e-18,2.517e-18,-0.0002,108.4,0
BottomS73329,7.8745,2.1274,2.438e-20,3.052e-20,3.529e-20,-0.0001,110.08,0
BottomS73332,7.8532,2.1474,1.102e-18,9.693e-19,5.516e-19,0.0004,112.26,0
BottomS73333,7.8580,2.1028,1.850e-18,3.065e-18,6.085e-18,-0.0004,109.58,0
BottomS73336,7.8494,2.1373,6.286e-20,7.250e-20,6.992e-20,0.0002,112.04,0
BottomS73340,7.8803,2.1077,3.437e-19,3.472e-19,2.491e-19,0.0001,108.88,0
BottomS73341,7.8612,2.1205,5.741e-20,6.206e-20,5.367e-20,0.0004,110.43,0
BottomS73342,7.8657,2.1359,3.077e-18,2.406e-18,1.083e-18,0.0005,111.71,0
BottomS73343,7.8542,2.1411,5.540e-19,4.854e-19,2.670e-19,-0.0012,112.23,0
BottomS73344,7.8914,2.1176,1.595e-20,1.995e-20,2.302e-20,0.0002,109.11,0
BottomS73345,7.8765,2.1113,5.824e-19,5.230e-19,3.096e-19,0.0004,108.69,0
BottomS73346,7.8833,2.1289,1.291e-18,1.081e-18,5.624e-19,0.0001,109.73,0
BottomS73347,7.8692,2.1134,1.088e-20,1.403e-20,1.763e-20,-0.0002,109.2,0
BottomS73348,7.8543,2.1282,1.555e-18,2.841e-18,6.881e-18,0.0004,111.75,0
BottomS73349,7.8764,2.1091,1.383e-19,1.405e-19,1.061e-19,0.0005,108.55,0
BottomS73355,7.8689,2.1300,1.379e-18,2.021e-18,3.135e-18,0.0005,110.97,0
BottomS73356,7.8794,2.1202,5.164e-14,3.914e-14,1.655e-14,0.0002,108.67,1
BottomS73361,7.8307,2.1007,4.276e-19,4.113e-19,2.817e-19,-0.0003,111.23,0
BottomS73362,7.8952,2.1071,1.878e-18,1.583e-18,7.984e-19,-0.0002,108.28,0
BottomS73363,7.8814,2.1139,3.165e-19,3.201e-19,2.294e-19,-0.0006,108.92,0
BottomS73364,7.8701,2.1053,4.611e-19,4.527e-19,3.025e-19,0.0004,108.56,0
BottomS73366,7.8709,2.1226,4.420e-18,3.776e-18,1.967e-18,-0.0009,109.97,0
BottomS73370,7.8667,2.1030,7.684e-14,5.946e-14,2.506e-14,0.0,108.55,1
BottomS73372,7.8711,2.1217,1.064e-18,1.476e-18,2.086e-18,-0.0002,109.38,0
BottomS73373,7.8801,2.1086,1.608e-18,1.413e-18,7.805e-19,0.0003,108.52,0
BottomS73374,7.8635,2.1222,1.113e-20,1.439e-20,1.820e-20,0.0004,110.87,0
BottomS73378,7.8659,2.1176,9.387e-19,1.611e-18,3.506e-18,0.0001,109.94,0
BottomS73379,7.8545,2.1180,7.852e-18,5.944e-18,2.502e-18,0.0004,110.88,0
BottomS73380,7.8627,2.1099,6.906e-20,7.951e-20,7.553e-20,0.0006,109.61,0
BottomS73381,7.8498,2.1195,2.169e-20,2.606e-20,2.739e-20,0.0005,112.0,0
BottomS73382,7.8462,2.1069,4.767e-19,4.531e-19,2.989e-19,0.0003,110.5,0
BottomS73383,7.8552,2.1473,4.996e-19,4.762e-19,3.121e-19,0.0003,112.1,0
BottomS73385,7.8743,2.1275,1.509e-18,2.569e-18,5.738e-18,0.0008,110.17,0
BottomS73387,7.8646,2.1327,1.744e-17,1.346e-17,5.835e-18,0.0001,111.51,1
BottomS73390,7.8670,2.1139,1.482e-18,1.326e-18,7.586e-19,0.0009,109.74,0
BottomS73391,7.8627,2.1178,2.083e-19,2.146e-19,1.646e-19,0.0004,110.14,0
BottomS73392,7.8520,2.1155,3.819e-20,4.354e-20,4.244e-20,-0.0,110.96,0
BottomS73395,7.8706,2.1258,1.103e-20,1.448e-20,1.745e-20,-0.0005,110.31,0
BottomS73396,7.8459,2.1222,4.278e-20,5.188e-20,5.586e-20,-0.0,112.01,0
BottomS73398,7.8535,2.1064,1.164e-19,1.250e-19,1.081e-19,0.0001,109.75,0
BottomS73400,7.8415,2.1058,4.826e-19,8.820e-19,2.222e-18,-0.0004,111.03,0
BottomS73401,7.8610,2.1140,1.144e-20,1.559e-20,2.107e-20,0.0014,110.16,0
BottomS73402,7.8409,2.1153,6.448e-20,7.312e-20,6.658e-20,0.0005,110.86,0
BottomS73403,7.8846,2.1043,5.586e-19,5.182e-19,3.277e-19,-0.0002,108.5,0
BottomS73405,7.8638,2.1285,1.036e-19,1.080e-19,8.380e-20,-0.0001,111.1,0
BottomS73406,7.8625,2.1286,2.166e-18,1.775e-18,8.815e-19,-0.0004,111.23,0
BottomS73407,7.8625,2.1295,1.410e-17,1.070e-17,4.486e-18,-0.0,111.25,1
BottomS73408,7.8613,2.1315,1.336e-18,1.196e-18,6.648e-19,-0.0005,111.47,0
BottomS73409,7.8619,2.1320,6.297e-17,4.639e-17,1.813e-17,0.0008,111.41,0
BottomS73410,7.8689,2.1086,4.755e-18,4.177e-18,2.252e-18,-0.0008,109.06,0
BottomS73411,7.8604,2.1330,4.248e-19,7.539e-19,1.770e-18,0.0,111.55,0
BottomS73412,7.8599,2.1337,1.786e-17,1.361e-17,5.771e-18,0.0002,111.67,1
BottomS73413,7.8697,2.1071,1.107e-16,8.093e-17,2.970e-17,0.0004,108.89,0
BottomS73414,7.8596,2.1338,3.259e-16,2.279e-16,8.229e-17,0.0006,111.63,0
BottomS73415,7.8574,2.1355,4.538e-14,3.238e-14,1.188e-14,0.0006,111.84,0
BottomS73416,7.8726,2.1042,6.260e-19,5.883e-19,3.683e-19,-0.0001,108.71,0
BottomS73418,7.8558,2.1377,5.970e-16,3.989e-16,1.274e-16,-0.0007,111.92,0
BottomS73419,7.8761,2.1031,1.707e-18,1.524e-18,8.616e-19,0.0002,108.48,0
BottomS73420,7.8751,2.1021,2.130e-18,1.951e-18,1.144e-18,-0.0,108.5,0
BottomS73421,7.8767,2.1028,2.095e-17,1.627e-17,7.376e-18,0.001,108.42,1
BottomS73422,7.8768,2.1007,1.029e-17,8.255e-18,3.998e-18,0.0001,108.51,0
BottomS73423,7.8775,2.1004,3.092e-14,2.284e-14,8.791e-15,-0.0001,108.39,0
BottomS73424,7.8783,2.1003,5.650e-14,4.191e-14,1.723e-14,-0.0004,108.44,0
BottomS73425,7.8520,2.1405,1.506e-18,1.241e-18,5.835e-19,0.0005,112.06,0
BottomS73426,7.8496,2.1411,3.921e-19,3.885e-19,2.799e-19,-0.0003,112.34,0
BottomS73427,7.8499,2.1413,1.852e-20,2.433e-20,3.200e-20,0.0,112.19,0
BottomS73428,7.8484,2.1421,1.394e-19,1.503e-19,1.282e-19,-0.0001,112.16,0
BottomS73429,7.8835,2.0974,1.423e-18,1.193e-18,6.260e-19,0.0003,108.22,0
BottomS73430,7.8831,2.0982,2.774e-17,2.016e-17,7.692e-18,-0.0006,108.19,0
BottomS73432,7.8845,2.0988,3.774e-16,2.555e-16,8.722e-17,0.0002,108.32,0
BottomS73433,7.8425,2.1433,1.207e-17,2.452e-17,7.677e-17,-0.0006,112.39,1
BottomS73434,7.8437,2.1422,7.589e-18,6.100e-18,2.972e-18,0.0003,112.34,0
BottomS73435,7.8414,2.1446,2.101e-17,1.562e-17,6.436e-18,-0.0006,112.3,0
BottomS73436,7.8880,2.0968,2.943e-19,2.993e-19,2.307e-19,0.0002,108.26,0
BottomS73437,7.8895,2.0966,7.090e-17,5.077e-17,1.941e-17,0.0,108.24,0
BottomS73438,7.8393,2.1442,3.313e-20,3.765e-20,3.479e-20,0.0003,112.36,0
BottomS73439,7.8402,2.1431,2.884e-18,2.450e-18,1.334e-18,-0.0006,112.3,0
BottomS73440,7.8391,2.1423,1.370e-19,1.425e-19,1.108e-19,-0.0005,112.21,0
BottomS73441,7.8380,2.1428,4.193e-19,4.125e-19,2.914e-19,0.0005,112.21,0
BottomS73442,7.8358,2.1436,2.878e-17,2.073e-17,7.777e-18,0.0001,112.29,0
BottomS73443,7.8925,2.0979,1.056e-17,8.028e-18,3.382e-18,0.001,108.22,1
BottomS73444,7.8356,2.1434,1.094e-20,1.425e-20,1.733e-20,-0.0003,112.26,0
BottomS73445,7.8945,2.0991,2.226e-17,1.767e-17,7.753e-18,-0.0003,108.36,0
BottomS73447,7.8347,2.1414,2.289e-16,1.561e-16,5.182e-17,-0.0001,112.18,0
BottomS73448,7.8349,2.1397,3.446e-18,2.936e-18,1.538e-18,-0.0001,112.08,0
BottomS73449,7.8962,2.0995,7.705e-18,6.090e-18,2.753e-18,0.0003,108.45,0
BottomS73451,7.8955,2.1014,6.609e-19,6.046e-19,3.736e-19,0.0002,108.47,0
BottomS73452,7.8354,2.1371,4.212e-17,3.105e-17,1.248e-17,0.0004,111.96,0
BottomS73453,7.8324,2.1376,6.084e-18,4.875e-18,2.211e-18,-0.0007,111.92,1
BottomS73454,7.8324,2.1354,5.275e-17,3.825e-17,1.399e-17,-0.0011,111.86,0
BottomS73455,7.8970,2.1047,2.602e-18,2.223e-18,1.144e-18,-0.0001,108.67,0
BottomS73456,7.8995,2.1061,1.695e-18,3.292e-18,9.557e-18,0.0001,108.82,0
BottomS73457,7.8309,2.1345,1.793e-18,1.547e-18,8.555e-19,0.0007,111.72,0
BottomS73458,7.8334,2.1346,9.125e-19,1.891e-18,6.402e-18,0.0003,111.78,0
BottomS73459,7.8320,2.1313,1.797e-17,1.409e-17,6.139e-18,-0.0005,111.6,1
BottomS73460,7.8967,2.1093,6.359e-18,4.855e-18,2.081e-18,0.0,108.87,1
BottomS73461,7.8989,2.1091,3.375e-14,2.296e-14,7.749e-15,-0.0001,108.82,0
BottomS73462,7.8329,2.1282,8.779e-17,6.103e-17,2.141e-17,-0.0005,111.45,0
BottomS73463,7.8969,2.1130,1.132e-16,7.847e-17,2.796e-17,0.0002,109.2,0
BottomS73465,7.8319,2.1250,5.717e-17,4.095e-17,1.506e-17,-0.0001,111.36,0
BottomS73466,7.8971,2.1159,2.886e-16,2.019e-16,7.460e-17,0.0008,109.3,0
BottomS73468,7.8332,2.1217,7.375e-19,6.830e-19,4.202e-19,-0.0001,111.06,0
BottomS73470,7.8339,2.1176,2.647e-16,1.841e-16,6.406e-17,-0.0007,110.88,0
BottomS73471,7.8344,2.1158,2.285e-18,2.024e-18,1.136e-18,-0.0004,110.91,0
BottomS73472,7.8935,2.1260,1.368e-18,1.242e-18,7.564e-19,-0.0,109.65,0
BottomS73473,7.8928,2.1273,1.761e-18,1.496e-18,7.978e-19,-0.0002,109.79,0
BottomS73474,7.8932,2.1297,2.046e-20,2.583e-20,2.937e-20,-0.0005,109.82,0
BottomS73475,7.8398,2.1110,5.791e-16,3.946e-16,1.339e-16,-0.0005,110.63,0
BottomS73476,7.8898,2.1319,1.927e-17,1.477e-17,6.526e-18,-0.0006,110.05,1
BottomS73477,7.8872,2.1330,4.523e-17,3.300e-17,1.272e-17,-0.0005,110.05,0
BottomS73479,7.8892,2.1387,2.410e-18,4.170e-18,9.335e-18,-0.0001,110.19,0
BottomS73480,7.8856,2.1390,3.766e-19,6.308e-19,1.315e-18,0.0015,110.25,0
BottomS73481,7.8462,2.1004,5.168e-18,4.396e-18,2.285e-18,0.0007,110.19,0
BottomS73482,7.8480,2.0988,3.316e-20,3.945e-20,3.920e-20,-0.0002,110.08,0
BottomS73483,7.8790,2.1436,2.948e-18,2.450e-18,1.263e-18,-0.0004,110.57,0
BottomS73484,7.8494,2.0953,3.421e-16,2.317e-16,7.576e-17,0.0006,110.07,0
BottomS73485,7.8790,2.1472,6.836e-19,1.098e-18,2.126e-18,-0.0002,110.63,0
BottomS73486,7.8783,2.1507,7.945e-17,5.630e-17,2.016e-17,0.001,110.65,0
BottomS73487,7.8748,2.1498,9.485e-20,1.033e-19,8.816e-20,-0.0005,110.76,0
BottomS73488,7.8724,2.1518,1.622e-18,2.739e-18,5.630e-18,-0.0002,110.92,0
BottomS73489,7.8614,2.0862,5.496e-17,4.118e-17,1.686e-17,-0.0001,109.6,0
BottomS73490,7.8589,2.0844,1.338e-16,9.393e-17,3.223e-17,0.0003,109.59,0
BottomS73491,7.8610,2.0839,2.417e-19,2.411e-19,1.780e-19,0.0007,109.52,0
BottomS73492,7.8677,2.1600,1.000e-17,8.125e-18,3.798e-18,0.0009,111.01,0
BottomS73493,7.8632,2.1604,3.027e-18,5.049e-18,1.069e-17,0.0005,111.3,0
BottomS73494,7.8636,2.1631,4.418e-18,3.485e-18,1.553e-18,-0.0002,111.27,0
BottomS73495,7.8630,2.1657,9.702e-19,9.147e-19,5.825e-19,0.0002,111.24,0
BottomS73496,7.8707,2.0769,5.796e-18,4.890e-18,2.502e-18,-0.0003,109.15,0
BottomS73497,7.8584,2.1656,4.184e-17,3.138e-17,1.299e-17,0.0004,111.33,1
BottomS73498,7.8754,2.0709,8.055e-18,6.525e-18,3.017e-18,-0.0003,109.09,0
BottomS73499,7.8764,2.0715,1.410e-18,1.261e-18,7.446e-19,-0.0004,108.98,0
BottomS73500,7.8752,2.0722,9.400e-18,7.266e-18,3.042e-18,0.0004,109.0,1
BottomS73501,7.8490,2.1732,1.963e-14,1.384e-14,4.899e-15,-0.0003,111.62,0
BottomS73502,7.8478,2.1733,2.464e-17,1.831e-17,7.440e-18,-0.0006,111.76,0
BottomS73503,7.8474,2.1754,3.394e-18,2.804e-18,1.321e-18,-0.0001,111.68,0
BottomS73504,7.8453,2.1765,3.359e-14,2.371e-14,8.394e-15,0.0003,111.76,0
BottomS73505,7.8894,2.0601,4.678e-19,7.738e-19,1.638e-18,0.0002,108.75,0
BottomS73506,7.8911,2.0615,6.330e-19,6.490e-19,4.777e-19,0.0002,108.6,0
BottomS73507,7.8920,2.0611,3.400e-20,4.284e-20,4.748e-20,0.0002,108.63,0
BottomS73508,7.8391,2.1753,7.605e-19,1.393e-18,3.589e-18,-0.0001,111.96,0
BottomS73509,7.8312,2.1831,1.847e-19,1.866e-19,1.353e-19,-0.0002,112.07,0
BottomS73510,7.9008,2.0563,8.192e-17,5.796e-17,2.089e-17,-0.0004,108.35,0
BottomS73511,7.9024,2.0548,6.079e-19,5.636e-19,3.637e-19,-0.0006,108.42,0
BottomS73512,7.8260,2.1864,1.151e-18,1.082e-18,6.961e-19,0.001,112.24,0
BottomS73513,7.9041,2.0554,1.491e-14,9.944e-15,3.233e-15,0.0011,108.41,0
BottomS73514,7.8211,2.1883,1.010e-19,1.153e-19,1.055e-19,-0.0,112.23,0
BottomS73515,7.8230,2.1850,2.534e-18,2.000e-18,9.096e-19,0.0006,112.28,0
BottomS73516,7.9118,2.0511,3.680e-19,3.764e-19,2.776e-19,-0.0002,108.34,0
BottomS73517,7.9126,2.0520,1.336e-16,9.380e-17,3.334e-17,-0.0003,108.25,0
BottomS73518,7.8124,2.1904,1.557e-18,1.427e-18,8.625e-19,-0.0002,112.36,0
BottomS73519,7.9146,2.0551,2.088e-18,1.818e-18,9.637e-19,0.0002,108.21,0
BottomS73520,7.8178,2.1813,4.086e-18,3.427e-18,1.750e-18,-0.0003,112.37,0
BottomS73521,7.9165,2.0564,8.961e-19,1.654e-18,4.168e-18,-0.0008,108.18,0
BottomS73522,7.8097,2.1858,4.303e-18,3.704e-18,2.016e-18,0.0005,112.45,0
BottomS73523,7.9213,2.0540,6.054e-18,4.843e-18,2.300e-18,0.0008,108.24,0
BottomS73524,7.9243,2.0526,1.049e-17,8.666e-18,4.169e-18,-0.0002,108.08,0
BottomS73525,7.8059,2.1865,3.291e-19,3.266e-19,2.351e-19,-0.0002,112.42,0
BottomS73526,7.9264,2.0551,3.487e-16,2.261e-16,6.768e-17,-0.0006,108.18,0
BottomS73528,7.9301,2.0543,1.307e-18,1.175e-18,6.611e-19,-0.0002,108.26,0
BottomS73529,7.7984,2.1849,5.513e-17,4.048e-17,1.571e-17,-0.0005,112.37,0
BottomS73530,7.7967,2.1860,6.635e-17,4.604e-17,1.619e-17,-0.0016,112.33,0
BottomS73531,7.9323,2.0589,4.579e-18,3.883e-18,2.045e-18,0.0004,108.04,0
BottomS73532,7.9297,2.0636,7.161e-18,2.011e-17,1.211e-16,0.0002,108.18,1
BottomS73534,7.9331,2.0639,6.885e-19,6.304e-19,3.879e-19,0.0006,108.32,0
BottomS73535,7.7907,2.1817,1.164e-16,7.966e-17,2.793e-17,-0.0004,112.35,0
BottomS73536,7.9392,2.0642,6.163e-18,5.122e-18,2.497e-18,0.0004,108.25,0
BottomS73537,7.9405,2.0638,2.220e-17,1.712e-17,7.136e-18,-0.0004,108.29,1
BottomS73538,7.9372,2.0687,1.230e-14,8.511e-15,2.885e-15,0.0002,108.23,0
BottomS73539,7.7909,2.1699,3.267e-16,2.275e-16,7.793e-17,-0.0012,112.19,0
BottomS73540,7.7909,2.1725,5.818e-20,6.957e-20,7.111e-20,-0.0011,112.19,0
BottomS73541,7.7903,2.1697,3.623e-19,3.505e-19,2.404e-19,-0.0006,112.26,0
BottomS73542,7.9396,2.0747,2.617e-17,1.951e-17,8.040e-18,0.0002,108.42,0
BottomS73543,7.9422,2.0755,9.948e-19,9.545e-19,6.098e-19,0.0009,108.48,0
BottomS73544,7.7909,2.1625,2.531e-17,1.933e-17,8.130e-18,0.0004,112.01,1
BottomS73545,7.7907,2.1627,7.958e-17,5.588e-17,1.970e-17,-0.0002,112.01,0
BottomS73546,7.7868,2.1621,5.050e-14,3.596e-14,1.318e-14,-0.0005,111.97,0
BottomS73547,7.7892,2.1606,2.280e-18,1.968e-18,1.100e-18,-0.0006,112.03,0
BottomS73548,7.7861,2.1573,2.584e-16,1.772e-16,6.144e-17,-0.0005,111.79,0
BottomS73549,7.9382,2.0862,1.458e-16,1.030e-16,3.870e-17,0.0003,108.68,0
BottomS73550,7.7915,2.1497,2.791e-18,2.405e-18,1.224e-18,-0.0006,111.78,0
BottomS73551,7.7929,2.1462,8.647e-19,1.672e-18,4.701e-18,0.0006,111.65,0
BottomS73552,7.7942,2.1443,1.485e-17,1.122e-17,4.629e-18,0.0004,111.63,1
BottomS73553,7.7935,2.1451,3.697e-19,6.704e-19,1.610e-18,0.0005,111.65,0
BottomS73554,7.7934,2.1403,4.336e-16,2.873e-16,9.238e-17,0.0002,111.68,0
BottomS73555,7.9358,2.1038,3.679e-19,3.665e-19,2.624e-19,0.0001,109.01,0
BottomS73556,7.7980,2.1342,2.474e-18,2.160e-18,1.177e-18,0.0,111.48,0
BottomS73557,7.7991,2.1319,1.844e-18,3.075e-18,6.442e-18,0.0001,111.34,0
BottomS73558,7.7969,2.1311,6.790e-17,4.903e-17,1.879e-17,-0.0004,111.26,0
BottomS73559,7.9300,2.1182,2.446e-18,5.269e-18,1.855e-17,0.001,109.39,1
BottomS73560,7.9316,2.1173,2.277e-18,2.030e-18,1.158e-18,0.0005,109.42,0
BottomS73561,7.9254,2.1221,6.629e-19,1.117e-18,2.368e-18,0.0004,109.51,0
BottomS73562,7.8031,2.1168,9.549e-17,6.837e-17,2.508e-17,-0.0007,111.09,0
BottomS73564,7.8063,2.1110,2.010e-16,1.378e-16,4.766e-17,-0.0004,110.91,0
BottomS73565,7.8095,2.1090,7.105e-17,4.932e-17,1.722e-17,0.0001,110.9,0
BottomS73566,7.8091,2.1040,1.596e-17,1.214e-17,5.295e-18,-0.0005,110.74,1
BottomS73567,7.9183,2.1400,3.463e-17,2.642e-17,1.125e-17,0.0,109.95,1
BottomS73568,7.9155,2.1431,9.612e-18,7.413e-18,3.241e-18,0.0001,109.99,1
BottomS73569,7.8162,2.0945,2.191e-14,1.498e-14,4.935e-15,-0.0005,110.51,0
BottomS73570,7.8616,2.1314,1.135e-18,1.031e-18,6.083e-19,-0.0001,111.49,0
BottomS73571,7.8618,2.1302,4.796e-18,4.050e-18,2.092e-18,0.0005,111.38,0
BottomS73572,7.8605,2.1303,3.657e-20,4.108e-20,3.863e-20,0.0002,111.51,0
BottomS73574,7.8710,2.1096,6.053e-19,1.261e-18,4.121e-18,0.0006,109.02,0
BottomS73575,7.8595,2.1336,2.346e-20,2.778e-20,2.917e-20,0.0003,111.71,0
BottomS73576,7.8615,2.1333,4.305e-18,3.451e-18,1.529e-18,-0.0004,111.53,0
BottomS73578,7.8585,2.1329,2.772e-20,3.161e-20,2.983e-20,-0.0006,111.74,0
BottomS73580,7.8591,2.1360,2.544e-18,3.605e-18,5.231e-18,-0.0001,111.93,0
BottomS73582,7.8553,2.1384,1.271e-18,2.083e-18,4.181e-18,-0.0012,112.0,0
BottomS73584,7.8747,2.1037,2.848e-19,2.977e-19,2.357e-19,-0.0,108.48,0
BottomS73585,7.8538,2.1376,8.248e-19,7.466e-19,4.317e-19,-0.0004,112.07,0
BottomS73586,7.8759,2.1018,3.958e-18,3.193e-18,1.582e-18,0.0011,108.54,0
BottomS73587,7.8517,2.1371,9.216e-20,1.055e-19,9.982e-20,0.0002,112.15,0
BottomS73589,7.8533,2.1377,1.905e-17,1.466e-17,6.391e-18,0.0002,112.2,1
BottomS73590,7.8517,2.1367,2.979e-18,4.779e-18,9.415e-18,0.0003,112.12,0
BottomS73591,7.8531,2.1373,1.382e-17,1.089e-17,4.912e-18,-0.0006,112.11,1
BottomS73592,7.8809,2.1032,5.100e-19,4.832e-19,3.034e-19,0.0003,108.25,0
BottomS73594,7.8795,2.1004,9.122e-17,6.753e-17,2.618e-17,0.0004,108.28,0
BottomS73595,7.8821,2.1015,4.198e-19,8.396e-19,2.506e-18,0.0003,108.3,0
BottomS73598,7.8825,2.1015,6.374e-14,4.685e-14,1.854e-14,-0.001,108.13,0
BottomS73599,7.8462,2.1404,5.565e-19,5.595e-19,4.182e-19,0.0004,112.31,0
BottomS73602,7.8828,2.1018,1.912e-17,1.481e-17,6.219e-18,-0.0002,108.34,1
BottomS73603,7.8897,2.0957,2.713e-19,2.799e-19,2.150e-19,-0.0001,108.19,0
BottomS73604,7.8459,2.1393,3.812e-18,3.086e-18,1.459e-18,-0.0002,112.3,0
BottomS73605,7.8411,2.1405,1.318e-17,9.899e-18,4.146e-18,0.0006,112.34,1
BottomS73606,7.8427,2.1418,8.410e-19,8.215e-19,5.507e-19,0.0001,112.27,0
BottomS73607,7.8432,2.1410,1.112e-18,9.801e-19,5.273e-19,-0.0006,112.36,0
BottomS73608,7.8422,2.1396,1.540e-19,1.641e-19,1.390e-19,-0.0002,112.22,0
BottomS73610,7.8879,2.1022,3.486e-18,6.476e-18,1.734e-17,0.0008,108.28,0
BottomS73614,7.8403,2.1405,9.521e-18,7.485e-18,3.454e-18,-0.0009,112.26,0
BottomS73616,7.8355,2.1386,1.479e-18,1.303e-18,7.346e-19,-0.0004,112.09,0
BottomS73618,7.8943,2.1001,5.813e-17,4.267e-17,1.664e-17,0.0003,108.35,0
BottomS73619,7.8923,2.1019,5.176e-18,4.327e-18,2.136e-18,0.0,108.46,0
BottomS73620,7.8366,2.1376,4.393e-19,7.442e-19,1.635e-18,-0.0005,112.04,0
BottomS73621,7.8374,2.1394,3.945e-19,3.942e-19,2.826e-19,0.001,112.07,0
BottomS73622,7.8955,2.1012,9.702e-19,8.779e-19,5.159e-19,0.0003,108.52,0
BottomS73624,7.8331,2.1361,1.441e-18,1.288e-18,7.562e-19,-0.0005,111.88,0
BottomS73625,7.8935,2.1028,1.331e-18,2.829e-18,9.793e-18,0.0003,108.66,0
BottomS73626,7.8333,2.1361,4.775e-18,3.943e-18,1.926e-18,0.0004,111.9,0
BottomS73627,7.8970,2.1073,1.002e-18,1.887e-18,4.951e-18,0.0001,108.68,0
BottomS73628,7.8339,2.1369,2.060e-18,1.836e-18,1.021e-18,0.0003,111.92,0
BottomS73629,7.8374,2.1339,2.392e-18,2.138e-18,1.227e-18,0.001,111.9,0
BottomS73630,7.8949,2.1049,6.692e-18,1.030e-17,1.862e-17,0.0004,108.72,0
BottomS73631,7.8311,2.1332,2.563e-18,3.670e-18,5.622e-18,0.0009,111.61,0
BottomS73632,7.8962,2.1074,2.488e-18,5.698e-18,2.214e-17,0.0005,108.75,1
BottomS73633,7.8365,2.1339,3.872e-17,2.768e-17,1.013e-17,0.0004,111.77,0
BottomS73634,7.8976,2.1087,1.090e-20,1.583e-20,2.493e-20,-0.0003,108.92,0
BottomS73635,7.8985,2.1084,1.559e-18,3.282e-18,1.065e-17,0.0006,108.77,0
BottomS73636,7.8370,2.1287,6.563e-20,7.246e-20,6.411e-20,-0.0002,111.46,0
BottomS73637,7.8960,2.1092,6.526e-17,4.750e-17,1.834e-17,0.0002,108.9,0
BottomS73638,7.8302,2.1256,5.445e-19,5.186e-19,3.433e-19,0.0001,111.34,0
BottomS73639,7.8355,2.1286,3.087e-17,2.293e-17,9.006e-18,-0.0008,111.43,0
BottomS73640,7.8932,2.1134,1.504e-20,1.956e-20,2.372e-20,-0.0007,109.04,0
BottomS73642,7.8322,2.1239,1.435e-18,1.238e-18,6.613e-19,-0.0005,111.28,0
BottomS73644,7.8345,2.1244,1.618e-18,3.716e-18,1.539e-17,0.0005,111.32,1
BottomS73645,7.8939,2.1181,3.769e-18,3.208e-18,1.660e-18,0.0,109.45,0
BottomS73647,7.8367,2.1189,4.482e-18,3.705e-18,1.836e-18,-0.0004,111.05,0
BottomS73648,7.8385,2.1193,1.447e-17,1.102e-17,4.758e-18,-0.0004,110.91,1
BottomS73649,7.8378,2.1178,2.282e-16,1.577e-16,5.313e-17,0.0009,110.95,0
BottomS73650,7.8362,2.1155,2.207e-18,3.899e-18,9.006e-18,-0.0001,110.85,0
BottomS73652,7.8398,2.1172,2.133e-20,2.639e-20,2.843e-20,-0.0006,110.87,0
BottomS73655,7.8385,2.1108,1.936e-18,1.693e-18,9.478e-19,-0.0008,110.65,0
BottomS73657,7.8421,2.1102,5.663e-18,4.401e-18,2.010e-18,0.0005,110.57,0
BottomS73661,7.8840,2.1354,2.164e-20,2.733e-20,3.200e-20,0.0007,110.22,0
BottomS73663,7.8446,2.1021,3.836e-18,3.228e-18,1.604e-18,-0.0001,110.33,0
BottomS73664,7.8464,2.1006,3.513e-19,3.699e-19,2.950e-19,-0.0,110.14,0
BottomS73665,7.8485,2.1030,5.969e-16,4.090e-16,1.398e-16,0.0001,110.21,0
BottomS73667,7.8477,2.0997,6.393e-20,7.146e-20,6.492e-20,0.0007,110.28,0
BottomS73668,7.8767,2.1434,7.943e-19,1.276e-18,2.532e-18,0.0004,110.65,0
BottomS73669,7.8542,2.0969,1.166e-18,2.002e-18,4.479e-18,-0.0006,109.91,0
BottomS73670,7.8548,2.0934,5.381e-20,6.417e-20,6.507e-20,-0.0002,109.79,0
BottomS73672,7.8508,2.0908,3.001e-18,6.605e-18,2.520e-17,-0.0002,109.91,1
BottomS73674,7.8714,2.1534,8.798e-20,9.707e-20,8.665e-20,-0.0004,110.86,0
BottomS73675,7.8759,2.1525,1.705e-17,1.293e-17,5.273e-18,-0.0004,110.69,1
BottomS73676,7.8571,2.0866,4.034e-19,4.063e-19,3.028e-19,-0.0007,109.62,0
BottomS73679,7.8624,2.0872,2.974e-14,3.396e-14,3.245e-14,0.0003,109.46,0
BottomS73680,7.8629,2.1575,9.340e-19,1.521e-18,3.025e-18,-0.0003,111.23,0
BottomS73682,7.8647,2.1568,2.699e-18,4.530e-18,9.147e-18,0.0006,111.19,0
BottomS73683,7.8662,2.1616,4.509e-20,5.084e-20,4.829e-20,0.0,111.2,0
BottomS73684,7.8633,2.1567,4.813e-19,4.672e-19,3.121e-19,-0.0003,111.27,0
BottomS73685,7.8748,2.0738,2.214e-17,1.732e-17,7.474e-18,-0.0002,108.91,1
BottomS73687,7.8516,2.1683,1.696e-18,1.552e-18,9.497e-19,0.0,111.55,0
BottomS73688,7.8788,2.0709,7.248e-18,5.937e-18,2.849e-18,-0.0001,108.86,0
BottomS73689,7.8823,2.0654,2.528e-18,5.344e-18,1.870e-17,0.0001,108.8,1
BottomS73690,7.8844,2.0635,2.068e-17,1.587e-17,6.632e-18,0.0002,108.74,1
BottomS73691,7.8486,2.1746,8.838e-19,1.825e-18,5.987e-18,-0.0004,111.68,0
BottomS73694,7.8808,2.0704,9.104e-20,9.814e-20,8.250e-20,0.0005,108.89,0
BottomS73695,7.8853,2.0679,5.003e-20,5.692e-20,5.272e-20,0.0006,108.78,0
BottomS73696,7.8855,2.0728,1.369e-18,1.178e-18,6.337e-19,-0.0005,108.73,0
BottomS73697,7.8418,2.1787,2.562e-20,3.172e-20,3.690e-20,-0.0004,111.94,0
BottomS73698,7.8397,2.1741,1.098e-18,9.994e-19,6.083e-19,-0.0003,111.97,0
BottomS73699,7.8895,2.0668,3.839e-19,6.096e-19,1.095e-18,0.0002,108.54,0
BottomS73701,7.8920,2.0654,2.430e-18,2.186e-18,1.318e-18,0.0011,108.48,0
BottomS73703,7.8946,2.0598,2.313e-17,1.732e-17,6.983e-18,0.0006,108.52,0
BottomS73704,7.8983,2.0610,1.227e-17,9.514e-18,4.172e-18,-0.0004,108.42,1
BottomS73705,7.8348,2.1737,4.586e-19,9.943e-19,3.504e-18,0.0004,112.18,0
BottomS73706,7.8233,2.1876,2.351e-18,1.956e-18,9.825e-19,-0.0009,112.09,0
BottomS73707,7.8270,2.1841,1.091e-18,1.889e-18,4.285e-18,0.0011,112.19,0
BottomS73708,7.9048,2.0567,1.402e-18,2.230e-18,4.221e-18,0.0001,108.32,0
BottomS73710,7.8206,2.1839,6.503e-18,5.223e-18,2.417e-18,0.0003,112.3,0
BottomS73711,7.9132,2.0542,1.683e-18,3.074e-18,7.719e-18,0.0,108.2,0
BottomS73712,7.9115,2.0569,2.629e-17,1.969e-17,7.812e-18,-0.0002,108.27,0
BottomS73713,7.9092,2.0579,3.339e-20,4.089e-20,4.532e-20,0.0009,108.23,0
BottomS73715,7.8119,2.1884,1.073e-18,9.906e-19,6.005e-19,0.0004,112.28,0
BottomS73716,7.8120,2.1850,8.272e-18,6.349e-18,2.710e-18,0.0014,112.39,0
BottomS73720,7.8005,2.1933,1.199e-18,1.066e-18,6.313e-19,0.0003,112.5,0
BottomS73721,7.8186,2.1749,1.931e-16,1.671e-16,9.003e-17,-0.0007,112.38,0
BottomS73724,7.8014,2.1886,1.335e-16,9.334e-17,3.426e-17,-0.0007,112.33,0
BottomS73726,7.7995,2.1861,6.531e-19,1.244e-18,3.456e-18,-0.0005,112.43,0
BottomS73727,7.8012,2.1854,1.433e-17,1.080e-17,4.455e-18,0.0003,112.4,1
BottomS73729,7.8000,2.1828,7.070e-18,2.019e-17,1.315e-16,-0.0004,112.38,1
BottomS73730,7.9265,2.0628,2.786e-18,2.340e-18,1.244e-18,-0.0,108.19,0
BottomS73731,7.9363,2.0505,4.931e-18,3.890e-18,1.791e-18,-0.0002,108.09,0
BottomS73732,7.7968,2.1816,7.977e-18,6.433e-18,3.035e-18,0.0004,112.34,0
BottomS73734,7.7991,2.1796,6.486e-20,7.239e-20,6.639e-20,-0.0003,112.38,0
BottomS73736,7.9436,2.0562,8.160e-20,9.141e-20,8.610e-20,0.0005,108.12,0
BottomS73738,7.9358,2.0661,7.752e-18,6.570e-18,3.347e-18,0.0003,108.33,0
BottomS73740,7.7932,2.1802,1.837e-20,2.253e-20,2.550e-20,0.0003,112.27,0
BottomS73741,7.7906,2.1784,4.109e-18,3.449e-18,1.738e-18,0.0006,112.31,0
BottomS73742,7.9459,2.0644,2.091e-19,2.018e-19,1.384e-19,0.0005,108.35,0
BottomS73744,7.9531,2.0677,6.128e-18,4.987e-18,2.390e-18,0.0004,108.45,0
BottomS73745,7.7901,2.1698,4.650e-19,4.386e-19,2.784e-19,0.0004,112.19,0
BottomS73746,7.7934,2.1647,2.612e-17,1.959e-17,7.688e-18,0.0007,112.08,0
BottomS73747,7.9427,2.0783,7.496e-18,5.926e-18,2.677e-18,0.0001,108.48,1
BottomS73748,7.7838,2.1689,1.462e-18,2.359e-18,4.504e-18,0.0003,112.01,0
BottomS73749,7.7804,2.1705,3.274e-17,2.433e-17,9.675e-18,-0.0004,112.1,0
BottomS73751,7.9414,2.0875,2.158e-18,1.886e-18,1.047e-18,0.0002,108.71,0
BottomS73752,7.9452,2.0768,3.516e-18,2.862e-18,1.375e-18,0.0002,108.48,0
BottomS73753,7.7906,2.1510,4.593e-19,6.871e-19,1.183e-18,-0.0005,111.81,0
BottomS73755,7.7964,2.1496,4.372e-14,3.343e-14,1.402e-14,-0.0001,111.85,1
BottomS73757,7.7945,2.1439,6.421e-19,6.062e-19,3.850e-19,-0.0005,111.68,0
BottomS73759,7.9328,2.0992,6.282e-19,5.797e-19,3.518e-19,-0.0004,108.92,0
BottomS73760,7.9413,2.0947,3.575e-19,3.448e-19,2.371e-19,0.0003,108.85,0
BottomS73762,7.7980,2.1317,3.941e-19,7.781e-19,2.275e-18,0.0003,111.38,0
BottomS73763,7.7928,2.1385,7.858e-20,9.182e-20,8.894e-20,-0.0001,111.44,0
BottomS73764,7.9352,2.1070,1.988e-20,2.646e-20,3.372e-20,-0.0003,109.2,0
BottomS73767,7.9268,2.1116,5.094e-18,4.173e-18,1.983e-18,-0.0007,109.34,0
BottomS73768,7.8031,2.1300,8.541e-19,1.453e-18,3.149e-18,-0.0005,111.31,0
BottomS73769,7.9272,2.1209,5.075e-19,4.799e-19,3.216e-19,0.0009,109.47,0
BottomS73771,7.9228,2.1180,1.452e-18,1.287e-18,7.201e-19,-0.0005,109.39,0
BottomS73772,7.8051,2.1162,1.374e-18,1.970e-18,2.902e-18,0.0002,110.97,0
BottomS73773,7.8054,2.1153,4.185e-18,9.417e-18,3.749e-17,0.0007,110.96,1
BottomS73774,7.8069,2.1149,5.390e-20,6.442e-20,6.787e-20,0.0003,110.94,0
BottomS73776,7.9138,2.1294,4.426e-18,1.186e-17,6.323e-17,-0.0004,109.77,1
BottomS73777,7.8135,2.1057,2.583e-18,2.173e-18,1.125e-18,-0.0004,110.82,0
BottomS73778,7.9126,2.1350,2.638e-19,2.760e-19,2.177e-19,0.0008,109.9,0
BottomS73780,7.9076,2.1390,1.860e-19,1.947e-19,1.501e-19,0.0001,110.02,0
BottomS73781,7.8218,2.0981,6.704e-18,5.333e-18,2.391e-18,0.0007,110.46,0
BottomS73782,7.8204,2.0943,2.613e-18,2.274e-18,1.218e-18,0.0005,110.43,0
BottomS73783,7.8996,2.1450,3.726e-18,3.142e-18,1.642e-18,0.0007,110.17,0
BottomS73785,7.8245,2.0869,5.009e-20,6.051e-20,6.558e-20,-0.0004,110.35,0
BottomS73786,7.9056,2.1580,1.686e-20,2.125e-20,2.559e-20,0.0009,110.22,0
BottomS73787,7.9069,2.1615,1.895e-17,1.436e-17,5.902e-18,0.0001,110.3,1
BottomS73788,7.8951,2.1596,7.612e-19,1.475e-18,4.341e-18,-0.0004,110.45,0
BottomS73796,8.1205,-1.6833,8.835e-19,8.157e-19,5.204e-19,-0.0002,120.59,0
BottomS73797,8.1204,-1.6766,3.369e-18,6.021e-18,1.389e-17,0.0001,119.42,0
BottomS73806,8.1236,-1.6797,4.430e-18,1.081e-17,4.937e-17,0.0011,120.13,1
BottomS73807,8.1201,-1.6845,6.280e-20,7.266e-20,7.012e-20,-0.0002,120.34,0
BottomS73810,8.1156,-1.6992,3.813e-20,4.721e-20,5.295e-20,0.0005,120.56,0
BottomS73812,8.1196,-1.6938,4.890e-18,1.272e-17,6.679e-17,0.0005,121.15,1
BottomS73813,8.1156,-1.7024,4.532e-20,5.379e-20,5.646e-20,0.0003,120.84,0
BottomS73815,8.1328,-1.6527,3.637e-20,4.216e-20,4.125e-20,0.0,117.89,0
BottomS73816,8.1250,-1.6412,1.690e-19,1.770e-19,1.430e-19,-0.0004,117.52,0
BottomS73817,8.0937,-1.7712,1.283e-19,1.416e-19,1.250e-19,0.0012,121.93,0
BottomS73818,8.1202,-1.6732,7.173e-19,7.058e-19,4.967e-19,0.0009,118.89,0
BottomS73824,8.1226,-1.6797,4.774e-20,5.859e-20,6.490e-20,-0.0002,119.82,0
BottomS73827,8.1033,-1.7412,1.562e-20,2.046e-20,2.556e-20,-0.0,122.16,0
BottomS73829,8.1191,-1.6803,8.274e-18,6.629e-18,3.192e-18,-0.0004,120.22,0
BottomS73833,8.1136,-1.6967,8.726e-14,6.912e-14,3.177e-14,0.0001,121.25,1
BottomS73839,8.1233,-1.6771,1.264e-18,1.121e-18,6.372e-19,-0.0005,119.52,0
BottomS73843,8.1138,-1.6776,1.142e-19,1.274e-19,1.173e-19,-0.0009,119.82,0
BottomS73844,8.1341,-1.6541,1.805e-18,1.552e-18,8.544e-19,-0.0001,119.2,0
BottomS73849,8.1321,-1.6397,3.606e-18,7.057e-18,1.992e-17,-0.0001,117.75,0
BottomS73851,8.1138,-1.7055,9.761e-20,1.075e-19,9.514e-20,-0.0002,121.8,0
BottomS73855,8.1260,-1.6599,7.156e-19,6.673e-19,4.000e-19,-0.0001,118.39,0
BottomS73862,8.1152,-1.6766,1.159e-18,1.005e-18,5.674e-19,-0.0005,119.73,0
BottomS73863,8.1208,-1.6887,4.051e-20,4.967e-20,5.339e-20,-0.0,121.11,0
BottomS73865,8.1409,-1.6169,7.560e-19,1.158e-18,2.040e-18,-0.0,117.32,0
BottomS73866,8.1188,-1.6722,1.803e-18,1.556e-18,8.499e-19,0.0002,119.49,0
BottomS73871,8.1202,-1.6648,8.952e-20,1.034e-19,9.812e-20,0.0002,118.18,0
BottomS73873,8.1147,-1.6826,2.152e-19,2.143e-19,1.540e-19,-0.0003,121.14,0
BottomS73874,8.1323,-1.6398,1.997e-19,2.238e-19,2.037e-19,0.0002,117.43,0
BottomS73879,8.0825,-1.8112,1.674e-18,1.386e-18,7.058e-19,-0.0002,122.38,0
BottomS73881,8.1207,-1.6812,1.418e-20,1.735e-20,1.962e-20,-0.0007,120.04,0
BottomS73888,8.1207,-1.6835,5.290e-19,4.902e-19,3.049e-19,0.0006,120.44,0
BottomS73889,8.1105,-1.7123,4.021e-20,4.675e-20,4.611e-20,-0.0004,121.97,0
BottomS73892,8.1129,-1.7058,2.038e-18,3.936e-18,1.095e-17,0.0,120.88,0
BottomS73895,8.1204,-1.6732,3.113e-20,3.779e-20,4.084e-20,0.0005,118.98,0
BottomS73900,8.1383,-1.5898,4.691e-19,4.486e-19,2.976e-19,0.0008,117.25,0
BottomS73901,8.1123,-1.7030,2.003e-20,2.525e-20,3.010e-20,0.0001,121.75,0
BottomS73917,8.1266,-1.6516,1.909e-20,2.391e-20,2.760e-20,-0.0008,118.71,0
BottomS73926,8.1234,-1.6608,2.773e-18,4.551e-18,9.129e-18,0.0004,118.74,0
BottomS73932,8.1206,-1.6632,1.236e-20,1.602e-20,1.938e-20,0.0003,118.34,0
BottomS73938,8.1278,-1.6477,1.552e-20,1.965e-20,2.327e-20,0.0005,118.5,0
BottomS73943,8.1504,-1.5718,6.334e-20,7.281e-20,6.859e-20,-0.0003,116.98,0
BottomS73944,8.1072,-1.7362,1.127e-19,1.216e-19,1.028e-19,-0.0001,122.21,0
BottomS73951,8.1175,-1.6787,1.132e-18,1.046e-18,6.321e-19,-0.0003,120.14,0
BottomS73953,8.1212,-1.6730,3.814e-19,3.601e-19,2.289e-19,-0.0007,119.34,0
BottomS73961,8.1204,-1.6781,1.849e-20,2.263e-20,2.368e-20,-0.0,119.47,0
BottomS73964,8.1263,-1.6762,1.463e-18,1.282e-18,7.511e-19,0.0003,118.56,0
BottomS73965,8.1163,-1.6860,6.545e-14,5.698e-14,3.059e-14,-0.0003,120.75,1
BottomS73967,8.1203,-1.6681,1.538e-19,1.552e-19,1.165e-19,0.0009,118.27,0
BottomS73969,8.1180,-1.6867,6.440e-20,7.218e-20,6.766e-20,-0.0001,121.12,0
BottomS73972,8.1187,-1.6691,1.268e-18,1.135e-18,6.567e-19,0.0012,118.37,0
BottomS73977,8.1218,-1.6782,6.663e-14,4.901e-14,1.868e-14,0.0001,119.69,0
BottomS73980,8.1187,-1.6942,9.550e-20,1.019e-19,8.605e-20,0.0008,121.27,0
BottomS73983,8.1250,-1.6626,6.096e-19,1.044e-18,2.216e-18,-0.0001,119.08,0
BottomS73985,8.1180,-1.6770,6.539e-14,4.832e-14,1.860e-14,-0.0007,119.23,0
BottomS73989,8.1206,-1.6795,1.192e-18,1.034e-18,5.841e-19,-0.0001,119.8,0
BottomS73998,8.1166,-1.6775,5.191e-19,4.797e-19,2.928e-19,0.0001,119.61,0
BottomS74001,8.1131,-1.6900,1.937e-18,1.623e-18,8.420e-19,-0.0003,120.28,0
BottomS74005,8.1204,-1.6788,4.875e-14,4.488e-14,2.744e-14,-0.0003,119.76,1
BottomS74006,8.1263,-1.6739,2.398e-19,2.407e-19,1.723e-19,0.0003,119.29,0
BottomS74007,8.1324,-1.6531,2.441e-18,2.061e-18,1.075e-18,0.0005,117.59,0
BottomS74008,8.1100,-1.7122,1.163e-18,1.033e-18,5.955e-19,0.0004,121.27,0
BottomS74009,8.0865,-1.7913,1.731e-18,4.149e-18,1.822e-17,-0.0003,122.55,1
BottomS74015,8.1151,-1.6956,1.143e-20,1.485e-20,1.797e-20,-0.0005,120.9,0
BottomS74018,8.1389,-1.6351,4.774e-19,4.694e-19,3.230e-19,-0.0004,118.19,0
BottomS74020,8.1182,-1.6780,1.335e-19,1.502e-19,1.392e-19,-0.001,119.75,0
BottomS74028,8.1582,-1.5622,1.479e-17,1.169e-17,5.144e-18,0.0002,117.77,1
BottomS74034,8.1146,-1.6929,1.505e-19,1.585e-19,1.274e-19,0.0004,121.15,0
BottomS74037,8.1228,-1.6723,1.012e-18,9.515e-19,6.248e-19,-0.0003,118.42,0
BottomS74046,8.1275,-1.6486,4.304e-19,4.026e-19,2.528e-19,0.0,117.85,0
BottomS74049,8.1139,-1.6797,7.288e-15,4.986e-15,1.657e-15,0.0002,119.93,0
BottomS74050,8.1228,-1.6785,1.272e-14,9.740e-15,4.010e-15,0.0009,119.33,0
BottomS74051,8.1240,-1.6806,1.010e-20,1.421e-20,2.094e-20,-0.0002,120.28,0
BottomS74053,8.1324,-1.6330,3.697e-18,3.126e-18,1.604e-18,0.0003,117.51,0
BottomS74055,8.1177,-1.6963,1.637e-18,1.506e-18,8.888e-19,-0.0001,121.27,0
BottomS74059,8.1158,-1.6925,1.543e-18,2.986e-18,8.550e-18,0.0009,121.35,0
BottomS74078,8.1116,-1.6822,4.107e-19,3.916e-19,2.605e-19,0.0002,120.32,0
BottomS74079,8.1261,-1.6707,3.541e-20,4.093e-20,4.064e-20,-0.0005,118.88,0
BottomS74080,8.1424,-1.5858,2.845e-20,3.677e-20,4.577e-20,0.0013,117.58,0
BottomS74084,8.1206,-1.6818,1.070e-20,1.448e-20,1.908e-20,-0.0001,120.26,0
BottomS74091,8.1198,-1.6707,8.920e-20,9.831e-20,8.746e-20,0.0003,119.48,0
BottomS74092,8.1171,-1.7019,1.528e-20,1.974e-20,2.507e-20,0.0014,120.6,0
BottomS74094,8.1160,-1.6790,3.736e-20,4.397e-20,4.301e-20,0.0005,120.45,0
BottomS74098,8.1023,-1.7240,4.225e-14,2.853e-14,9.730e-15,-0.0007,122.2,0
BottomS74100,8.1221,-1.6452,2.617e-19,2.702e-19,2.154e-19,-0.0001,117.78,0
BottomS74104,8.1055,-1.7092,1.552e-18,2.350e-18,3.816e-18,0.0005,121.34,0
BottomS74111,8.1079,-1.7142,8.088e-20,8.841e-20,7.873e-20,-0.0003,122.06,0
BottomS74117,8.1185,-1.7044,2.912e-20,3.492e-20,3.682e-20,0.0007,121.86,0
BottomS74119,8.1443,-1.6877,7.854e-19,1.298e-18,2.558e-18,0.0007,119.94,0
BottomS74121,8.1088,-1.6513,4.338e-20,5.065e-20,5.227e-20,-0.0001,118.31,0
BottomS74122,8.1273,-1.7219,3.611e-19,3.658e-19,2.750e-19,0.0005,122.12,0
BottomS74123,8.1517,-1.6558,1.076e-18,2.189e-18,6.783e-18,0.0006,117.65,0
BottomS74124,8.1235,-1.6941,1.249e-18,2.780e-18,1.067e-17,-0.0006,120.94,0
BottomS74126,8.0974,-1.6760,3.138e-20,3.871e-20,4.149e-20,0.0005,121.44,0
BottomS74127,8.1293,-1.6526,6.656e-18,5.370e-18,2.533e-18,-0.0004,117.65,0
BottomS74128,8.1029,-1.6791,8.043e-20,8.769e-20,7.662e-20,-0.0001,120.39,0
BottomS74129,8.1216,-1.6818,1.162e-17,8.861e-18,3.778e-18,0.0002,120.15,0
BottomS74130,8.1027,-1.6689,6.085e-19,5.985e-19,4.338e-19,-0.0007,119.38,0
BottomS74131,8.0944,-1.7067,2.930e-19,2.756e-19,1.759e-19,-0.0002,122.03,0
BottomS74133,8.1344,-1.6794,4.542e-18,3.674e-18,1.790e-18,0.0011,119.38,0
BottomS74135,8.1376,-1.6530,2.060e-20,2.548e-20,2.791e-20,0.0008,118.12,0
BottomS74136,8.1192,-1.7109,2.537e-19,2.557e-19,1.868e-19,0.0004,122.02,0
BottomS74137,8.1222,-1.7002,2.280e-14,1.550e-14,5.368e-15,0.0009,121.24,0
BottomS74138,8.0983,-1.6664,3.575e-19,3.608e-19,2.710e-19,0.0003,118.79,0
BottomS74139,8.1077,-1.6952,9.288e-19,1.541e-18,3.168e-18,0.0005,121.54,0
BottomS74140,8.1087,-1.6912,2.148e-18,4.678e-18,1.691e-17,0.0003,121.28,0
BottomS74141,8.0941,-1.6921,5.211e-20,6.239e-20,6.510e-20,0.0013,121.4,0
BottomS74142,8.1318,-1.6861,5.112e-18,1.406e-17,8.144e-17,-0.0009,120.02,1
BottomS74144,8.1501,-1.7052,1.925e-18,1.662e-18,9.253e-19,-0.001,121.69,0
BottomS74145,8.0968,-1.6878,5.834e-14,4.166e-14,1.528e-14,-0.0,121.15,0
BottomS74149,8.1390,-1.6401,2.613e-19,5.216e-19,1.617e-18,0.0001,117.56,0
BottomS74151,8.1032,-1.6842,1.761e-18,1.566e-18,8.878e-19,0.0001,120.94,0
BottomS74152,8.1243,-1.6726,2.117e-19,2.115e-19,1.540e-19,0.0009,118.39,0
BottomS74157,8.1225,-1.6909,6.915e-19,6.566e-19,4.424e-19,-0.0001,120.35,0
BottomS74158,8.1354,-1.6536,2.964e-19,3.052e-19,2.363e-19,0.0004,117.6,0
BottomS74161,8.1047,-1.6538,8.456e-19,1.374e-18,2.711e-18,0.0004,118.19,0
BottomS74163,8.0928,-1.6882,6.528e-19,5.866e-19,3.578e-19,-0.0002,121.89,0
BottomS74167,8.1220,-1.6833,2.966e-19,3.218e-19,2.782e-19,-0.0001,120.15,0
BottomS74169,8.0979,-1.6866,4.587e-14,3.204e-14,1.117e-14,0.0003,120.69,0
BottomS74170,8.0998,-1.6547,2.845e-20,3.431e-20,3.549e-20,-0.0005,118.51,0
BottomS74171,8.1093,-1.6957,2.818e-20,3.576e-20,3.999e-20,-0.0004,120.79,0
BottomS74173,8.1422,-1.6335,1.616e-18,1.456e-18,8.339e-19,-0.0008,117.3,0
BottomS74176,8.1131,-1.6944,6.996e-20,7.982e-20,7.547e-20,0.0005,120.95,0
BottomS74177,8.1187,-1.7063,9.493e-14,7.121e-14,2.915e-14,0.0001,121.6,0
BottomS74178,8.1157,-1.7041,2.393e-19,2.473e-19,1.941e-19,0.0001,121.79,0
BottomS74179,8.1187,-1.6971,1.237e-17,9.575e-18,4.222e-18,0.0,121.33,1
BottomS74184,8.1218,-1.6800,1.825e-20,2.447e-20,3.167e-20,-0.0002,119.87,0
BottomS74186,8.1287,-1.6614,2.934e-18,5.171e-18,1.162e-17,-0.0005,117.97,0
BottomS74188,8.1185,-1.6762,3.138e-20,4.002e-20,4.675e-20,0.0001,119.61,0
BottomS74189,8.1307,-1.6667,7.339e-14,5.896e-14,2.637e-14,-0.0007,118.55,1
BottomS74191,8.0956,-1.6616,4.375e-19,4.328e-19,2.971e-19,-0.0002,117.68,0
BottomS74192,8.1377,-1.6835,4.839e-15,3.173e-15,1.020e-15,-0.0008,119.74,0
BottomS74193,8.1277,-1.7000,7.400e-19,7.168e-19,4.839e-19,-0.0001,121.31,0
BottomS74202,8.1210,-1.7247,8.337e-19,7.779e-19,4.851e-19,0.0002,122.09,0
BottomS74203,8.0950,-1.6705,5.297e-19,5.135e-19,3.528e-19,0.0006,119.27,0
BottomS74204,8.1065,-1.6713,7.088e-19,6.702e-19,4.442e-19,0.0001,118.76,0
BottomS74208,8.1274,-1.6853,2.055e-18,1.801e-18,1.022e-18,-0.0004,120.2,0
BottomS74211,8.1177,-1.6653,4.804e-19,4.680e-19,3.175e-19,0.0,118.92,0
BottomS74213,8.1137,-1.6409,5.254e-19,4.814e-19,2.922e-19,0.0005,117.48,0
BottomS74214,8.1351,-1.6999,4.431e-18,3.739e-18,1.876e-18,-0.0,121.6,0
BottomS74216,8.1069,-1.6680,2.085e-20,2.591e-20,3.029e-20,-0.0,119.25,0
BottomS74217,8.1441,-1.6872,9.757e-18,8.116e-18,4.019e-18,-0.0003,120.27,0
BottomS74218,8.1304,-1.6973,7.496e-18,1.014e-17,1.388e-17,0.0004,121.48,0
BottomS74219,8.1569,-1.6419,2.281e-18,1.911e-18,9.718e-19,-0.0001,117.3,0
BottomS74220,8.1423,-1.6930,7.362e-19,6.812e-19,4.352e-19,0.0001,120.26,0
BottomS74221,8.1131,-1.6721,9.563e-20,9.996e-20,7.973e-20,-0.001,119.06,0
BottomS74223,8.1120,-1.7123,8.745e-20,9.444e-20,7.963e-20,0.0003,121.95,0
BottomS74226,8.1355,-1.6532,2.307e-19,2.281e-19,1.581e-19,-0.0008,118.03,0
BottomS74227,8.0946,-1.6923,4.887e-19,4.703e-19,3.272e-19,-0.0003,121.83,0
BottomS74228,8.1307,-1.6856,5.722e-20,6.398e-20,5.995e-20,0.0005,120.18,0
BottomS74230,8.1269,-1.6979,5.182e-18,4.238e-18,1.947e-18,-0.0002,121.53,0
BottomS74231,8.1337,-1.6809,3.085e-19,3.127e-19,2.280e-19,0.0004,118.93,0
BottomS74233,8.1170,-1.6820,3.335e-18,2.869e-18,1.519e-18,0.0001,120.09,0
BottomS74236,8.1118,-1.6845,3.287e-19,3.171e-19,2.103e-19,-0.0005,120.49,0
BottomS74240,8.1210,-1.6564,5.329e-19,9.661e-19,2.443e-18,0.0,117.87,0
BottomS74243,8.0845,-1.6514,2.615e-19,2.636e-19,1.981e-19,0.0005,118.07,0
BottomS74244,8.0991,-1.6635,2.311e-18,2.053e-18,1.155e-18,-0.0005,118.09,0
BottomS74245,8.1317,-1.6642,7.879e-19,1.558e-18,4.619e-18,-0.0006,118.55,0
BottomS74246,8.1195,-1.6863,1.107e-18,9.481e-19,5.214e-19,0.0002,121.13,0
BottomS74247,8.1040,-1.6530,1.094e-20,1.535e-20,2.211e-20,-0.0002,118.29,0
BottomS74248,8.1021,-1.6871,1.123e-19,1.221e-19,1.032e-19,-0.0,120.89,0
BottomS74250,8.1496,-1.6595,1.673e-18,2.559e-18,4.409e-18,-0.0,118.06,0
BottomS74251,8.1244,-1.6957,6.863e-20,8.068e-20,7.870e-20,0.0002,121.49,0
BottomS74253,8.1179,-1.6815,4.245e-20,5.126e-20,5.393e-20,0.0003,120.01,0
BottomS74254,8.1327,-1.6725,5.043e-15,3.347e-15,1.079e-15,0.0003,118.56,0
BottomS74255,8.1128,-1.6594,5.740e-14,4.481e-14,1.994e-14,0.0004,117.97,1
BottomS74261,8.1282,-1.6724,4.204e-20,4.850e-20,4.757e-20,0.0005,119.25,0
BottomS74264,8.0980,-1.6646,1.187e-20,1.519e-20,1.847e-20,0.0,118.49,0
BottomS74265,8.1227,-1.6592,8.876e-19,1.647e-18,4.338e-18,-0.0003,117.98,0
BottomS74266,8.1393,-1.6681,8.045e-20,8.955e-20,8.007e-20,0.0002,117.91,0
BottomS74269,8.1035,-1.7010,1.411e-18,2.274e-18,4.426e-18,0.0002,121.89,0
BottomS74270,8.1161,-1.6678,2.709e-19,5.566e-19,1.736e-18,0.0001,119.21,0
BottomS74272,8.1253,-1.7027,2.311e-14,1.590e-14,5.387e-15,0.0003,121.57,0
BottomS74275,8.1132,-1.6768,1.359e-18,1.191e-18,6.424e-19,-0.0002,119.76,0
BottomS74276,8.1175,-1.6711,1.966e-20,2.500e-20,2.950e-20,-0.0002,119.22,0
BottomS74278,8.1245,-1.6713,2.428e-18,4.902e-18,1.490e-17,0.0011,118.41,0
BottomS74280,8.1117,-1.6940,2.105e-18,1.807e-18,9.373e-19,0.0006,121.48,0
BottomS74283,8.1128,-1.6944,1.302e-18,2.481e-18,6.829e-18,0.0001,121.45,0
BottomS74284,8.1208,-1.6556,1.509e-18,2.732e-18,6.855e-18,0.0008,117.86,0
BottomS74290,8.1097,-1.6940,1.265e-20,1.685e-20,2.147e-20,0.0007,121.51,0
BottomS74293,8.1233,-1.6578,1.938e-18,1.752e-18,1.019e-18,0.0006,117.93,0
BottomS74294,8.1224,-1.6582,9.548e-14,7.345e-14,3.154e-14,0.0006,117.94,1
BottomS74295,8.1131,-1.6960,3.203e-17,2.345e-17,8.912e-18,0.0006,121.53,0
BottomS74299,8.1244,-1.6526,5.301e-19,5.096e-19,3.358e-19,-0.0005,117.65,0
BottomS74300,8.1124,-1.6997,7.324e-19,6.637e-19,3.953e-19,0.0008,121.68,0
BottomS74301,8.1220,-1.6699,5.288e-18,4.171e-18,1.881e-18,-0.0003,118.36,0
BottomS74305,8.1135,-1.6963,2.814e-18,2.449e-18,1.315e-18,0.0004,121.5,0
BottomS74306,8.1218,-1.6927,4.349e-18,3.487e-18,1.631e-18,-0.0008,121.4,0
BottomS74307,8.1173,-1.6952,8.218e-20,9.722e-20,9.982e-20,0.0005,121.42,0
BottomS74309,8.1288,-1.6565,8.611e-19,1.758e-18,5.467e-18,0.0002,117.8,0
BottomS74310,8.1266,-1.6575,3.022e-17,2.341e-17,1.034e-17,-0.0004,117.87,0
BottomS74311,8.1242,-1.6589,6.890e-18,5.571e-18,2.545e-18,-0.0001,117.96,0
BottomS74312,8.1299,-1.6478,3.523e-18,2.895e-18,1.439e-18,0.0003,117.54,0
BottomS74313,8.1257,-1.6563,1.509e-18,2.749e-18,6.812e-18,0.0001,117.83,0
BottomS74314,8.1152,-1.6991,1.378e-18,2.443e-18,5.505e-18,0.0002,121.61,0
BottomS74315,8.1061,-1.7049,1.150e-18,1.017e-18,5.747e-19,0.0001,121.87,0
BottomS74316,8.1208,-1.6673,1.353e-20,1.747e-20,2.230e-20,-0.0004,118.28,0
BottomS74317,8.1205,-1.6610,3.836e-18,3.098e-18,1.451e-18,-0.0002,118.02,0
BottomS74318,8.1149,-1.6881,1.961e-19,2.067e-19,1.614e-19,0.0003,121.2,0
BottomS74319,8.1270,-1.6548,3.501e-15,2.240e-15,6.966e-16,-0.0006,117.74,0
BottomS74321,8.1170,-1.6780,5.985e-20,6.347e-20,4.986e-20,-0.0005,119.86,0
BottomS74326,8.1251,-1.6630,1.327e-18,2.422e-18,6.263e-18,-0.0001,118.19,0
BottomS74328,8.1229,-1.6622,1.913e-20,2.303e-20,2.443e-20,-0.0006,118.12,0
BottomS74332,8.1203,-1.6608,2.035e-18,1.770e-18,1.010e-18,0.0002,118.09,0
BottomS74333,8.1255,-1.6584,1.937e-18,3.269e-18,6.925e-18,-0.0,117.93,0
BottomS74335,8.1282,-1.6581,7.888e-20,8.846e-20,8.204e-20,-0.0005,117.85,0
BottomS74338,8.1234,-1.6522,6.085e-14,4.485e-14,1.734e-14,0.0008,117.66,0
BottomS74340,8.1241,-1.6621,7.831e-19,7.274e-19,4.523e-19,0.0007,118.06,0
BottomS74341,8.1217,-1.6605,9.551e-20,1.093e-19,1.020e-19,0.0005,118.03,0
BottomS74342,8.1222,-1.6539,2.971e-18,2.462e-18,1.219e-18,-0.0002,117.75,0
BottomS74345,8.1133,-1.7032,3.193e-18,2.736e-18,1.405e-18,-0.0003,121.82,0
BottomS74346,8.1147,-1.6932,2.356e-18,2.023e-18,1.080e-18,0.0007,121.39,0
BottomS74348,8.1146,-1.7027,2.900e-18,5.415e-18,1.384e-17,0.0007,121.76,0
BottomS74349,8.1153,-1.7053,2.465e-14,1.728e-14,6.124e-15,-0.0001,121.9,0
BottomS74351,8.1255,-1.6563,9.508e-19,2.218e-18,9.254e-18,0.0001,117.87,0
BottomS74353,8.1291,-1.6569,1.389e-19,1.368e-19,9.800e-20,0.0001,117.84,0
BottomS74354,8.1236,-1.6572,1.968e-19,2.044e-19,1.627e-19,0.0003,117.84,0
BottomS74356,8.1100,-1.7003,3.495e-19,3.500e-19,2.513e-19,-0.0001,121.75,0
BottomS74358,8.1233,-1.6580,2.241e-20,3.013e-20,3.995e-20,-0.0001,117.85,0
BottomS74360,8.1148,-1.6997,4.678e-20,5.441e-20,5.478e-20,0.0006,121.67,0
BottomS74361,8.1155,-1.7049,2.326e-18,2.035e-18,1.104e-18,-0.0001,121.84,0
BottomS74363,8.1099,-1.7136,1.767e-18,3.044e-18,6.683e-18,-0.0004,122.07,0
BottomS74364,8.1293,-1.6513,1.673e-18,1.509e-18,8.662e-19,0.0007,117.57,0
BottomS74368,8.1123,-1.7026,1.224e-19,1.366e-19,1.211e-19,0.0002,121.84,0
BottomS74373,8.1227,-1.6606,1.246e-18,2.412e-18,7.020e-18,0.0001,118.0,0
BottomS74378,8.1263,-1.6440,2.235e-19,2.304e-19,1.775e-19,0.0006,117.52,0
BottomS74381,8.1099,-1.7041,1.762e-19,1.852e-19,1.455e-19,0.0004,121.84,0
BottomS74384,8.1085,-1.7045,2.277e-18,1.979e-18,1.098e-18,-0.0001,121.89,0
BottomS74388,8.1147,-1.7074,3.584e-18,3.091e-18,1.668e-18,-0.0007,121.93,0
BottomS74389,8.1296,-1.6519,7.969e-19,7.497e-19,4.839e-19,-0.0003,117.64,0
BottomS74390,8.1303,-1.6425,2.122e-19,2.164e-19,1.594e-19,0.0004,117.44,0
BottomS74391,8.1287,-1.6507,1.305e-19,1.331e-19,1.004e-19,0.0009,117.58,0
BottomS74396,8.1266,-1.6481,2.770e-18,2.287e-18,1.114e-18,0.0006,117.57,0
BottomS74399,8.1060,-1.7140,9.289e-19,1.929e-18,6.258e-18,-0.0011,122.04,0
BottomS74404,8.1274,-1.6474,9.772e-18,7.607e-18,3.313e-18,-0.0,117.53,1
BottomS74406,8.1323,-1.6484,1.534e-20,2.005e-20,2.559e-20,-0.0002,117.55,0
BottomS74407,8.1277,-1.6554,2.736e-20,3.314e-20,3.489e-20,0.0002,117.78,0
BottomS74408,8.1108,-1.7105,2.962e-18,2.525e-18,1.309e-18,0.0001,121.97,0
BottomS74409,8.1134,-1.7074,6.980e-18,5.338e-18,2.360e-18,0.0004,121.99,0
BottomS74410,8.1088,-1.7177,4.225e-20,5.178e-20,5.579e-20,-0.0002,122.11,0
BottomS74413,8.1285,-1.6399,6.908e-14,5.258e-14,2.162e-14,-0.0004,117.44,1
BottomS74414,8.1272,-1.6471,8.304e-19,7.914e-19,5.156e-19,-0.0,117.54,0
BottomS74421,8.1143,-1.7084,9.805e-19,8.597e-19,4.788e-19,0.0001,121.9,0
BottomS74422,8.1297,-1.6468,2.774e-18,2.325e-18,1.154e-18,0.0007,117.54,0
BottomS74427,8.1053,-1.7088,5.858e-19,5.553e-19,3.645e-19,-0.0004,121.98,0
BottomS74429,8.1118,-1.7119,1.016e-20,1.472e-20,2.221e-20,-0.0006,121.99,0
BottomS74430,8.1064,-1.7143,6.249e-14,4.613e-14,1.836e-14,0.0005,122.02,0
BottomS74431,8.1307,-1.6344,2.757e-14,1.967e-14,6.942e-15,0.0003,117.38,0
BottomS74432,8.1284,-1.6324,2.880e-14,1.983e-14,6.895e-15,0.0005,117.32,0
BottomS74433,8.1321,-1.6354,3.672e-19,3.624e-19,2.580e-19,-0.0009,117.4,0
BottomS74435,8.1315,-1.6423,9.540e-19,8.887e-19,5.527e-19,-0.0005,117.4,0
BottomS74437,8.1299,-1.6429,1.985e-17,1.527e-17,6.549e-18,-0.0002,117.54,1
BottomS74438,8.1305,-1.6348,1.111e-17,8.593e-18,3.694e-18,-0.0003,117.35,1
BottomS74441,8.1104,-1.7258,1.912e-18,3.464e-18,8.535e-18,-0.0007,122.17,0
BottomS74442,8.1279,-1.6420,5.467e-19,5.295e-19,3.528e-19,-0.0003,117.49,0
BottomS74444,8.1067,-1.7161,1.306e-20,1.831e-20,2.595e-20,-0.0001,122.07,0
BottomS74445,8.1108,-1.7010,1.726e-20,2.316e-20,2.957e-20,-0.0003,121.75,0
BottomS74451,8.1042,-1.7239,3.955e-19,3.901e-19,2.723e-19,0.0,122.18,0
BottomS74453,8.1384,-1.6414,1.199e-17,9.471e-18,4.398e-18,0.0008,117.37,1
BottomS74461,8.1016,-1.7300,1.526e-14,1.022e-14,3.434e-15,-0.0011,122.26,0
BottomS74467,8.1036,-1.7194,1.070e-19,1.165e-19,1.008e-19,0.0007,122.15,0
BottomS74468,8.1090,-1.7270,5.136e-19,8.793e-19,1.898e-18,-0.0013,122.17,0
BottomS74473,8.1292,-1.6353,4.738e-18,3.709e-18,1.629e-18,0.0007,117.4,0
BottomS74474,8.1360,-1.6302,1.197e-20,1.579e-20,2.046e-20,-0.0006,117.33,0
BottomS74475,8.1019,-1.7342,8.004e-18,6.258e-18,2.809e-18,-0.0002,122.29,0
BottomS74476,8.1354,-1.6223,1.953e-19,2.003e-19,1.501e-19,-0.0007,117.24,0
BottomS74479,8.1054,-1.7248,1.211e-20,1.646e-20,2.236e-20,0.0002,122.24,0
BottomS74481,8.1319,-1.6266,5.052e-14,5.437e-14,4.755e-14,0.0005,117.25,0
BottomS74483,8.1379,-1.6278,1.359e-19,1.472e-19,1.268e-19,0.0009,117.27,0
BottomS74484,8.1352,-1.6293,1.955e-14,1.335e-14,4.624e-15,0.0004,117.33,0
BottomS74485,8.1361,-1.6197,7.362e-20,8.308e-20,7.841e-20,-0.0001,117.22,0
BottomS74486,8.1329,-1.6252,1.330e-18,2.480e-18,6.444e-18,0.0003,117.25,0
BottomS74487,8.1028,-1.7339,5.144e-19,4.928e-19,3.206e-19,-0.0004,122.28,0
BottomS74491,8.1326,-1.6288,1.687e-18,2.297e-18,3.266e-18,-0.0001,117.33,0
BottomS74492,8.1333,-1.6267,9.617e-20,1.038e-19,8.775e-20,-0.0006,117.28,0
BottomS74493,8.1034,-1.7415,9.404e-19,1.384e-18,2.149e-18,0.0003,122.25,0
BottomS74494,8.1036,-1.7369,3.287e-14,2.302e-14,8.035e-15,0.0009,122.28,0
BottomS74495,8.1347,-1.6242,3.039e-18,2.576e-18,1.348e-18,-0.0009,117.27,0
BottomS74496,8.1362,-1.6184,6.031e-19,5.794e-19,3.916e-19,-0.0002,117.26,0
BottomS74497,8.1054,-1.7340,1.049e-17,8.615e-18,4.086e-18,-0.0,122.28,0
BottomS74498,8.1345,-1.6202,5.096e-18,4.131e-18,2.020e-18,-0.0,117.3,0
BottomS74500,8.1029,-1.7350,9.120e-18,7.300e-18,3.453e-18,0.0005,122.19,0
BottomS74501,8.1373,-1.6174,6.824e-18,5.441e-18,2.535e-18,0.0001,117.38,0
BottomS74502,8.1037,-1.7360,5.962e-18,5.122e-18,2.626e-18,-0.0004,122.14,0
BottomS74503,8.1354,-1.6194,2.395e-18,2.001e-18,1.034e-18,0.0002,117.4,0
BottomS74504,8.1355,-1.6231,1.700e-17,1.307e-17,5.580e-18,0.0002,117.49,1
BottomS74505,8.1015,-1.7380,4.533e-17,3.253e-17,1.191e-17,0.0006,122.03,0
BottomS74506,8.1366,-1.6229,4.200e-14,2.955e-14,1.042e-14,-0.0008,117.61,0
BottomS74507,8.1051,-1.7322,1.435e-18,2.818e-18,8.028e-18,-0.0004,121.82,0
BottomS74508,8.1060,-1.7287,3.620e-18,5.649e-18,9.816e-18,0.0005,121.74,0
BottomS74509,8.1345,-1.6276,4.942e-17,3.545e-17,1.341e-17,0.0006,117.85,0
BottomS74510,8.1061,-1.7263,6.617e-14,4.755e-14,1.767e-14,0.0002,121.54,0
BottomS74511,8.1058,-1.7269,2.531e-16,1.768e-16,6.349e-17,0.0006,121.52,0
BottomS74512,8.1333,-1.6308,4.891e-18,3.955e-18,1.860e-18,0.0002,118.1,0
BottomS74513,8.1332,-1.6341,1.914e-18,1.621e-18,8.454e-19,0.0001,118.14,0
BottomS74514,8.1304,-1.6423,7.888e-18,6.331e-18,2.915e-18,0.0,118.43,0
BottomS74515,8.1081,-1.7153,2.871e-17,2.111e-17,8.426e-18,0.0003,121.11,0
BottomS74516,8.1080,-1.7126,1.647e-16,1.107e-16,3.687e-17,0.0002,121.03,0
BottomS74517,8.1091,-1.7101,2.271e-17,1.692e-17,6.866e-18,-0.0007,120.98,0
BottomS74518,8.1286,-1.6505,4.581e-14,3.307e-14,1.234e-14,0.0006,118.8,0
BottomS74519,8.1110,-1.7029,9.509e-17,6.765e-17,2.377e-17,0.0001,120.65,0
BottomS74520,8.1281,-1.6545,1.992e-17,1.534e-17,6.345e-18,0.0009,118.9,1
BottomS74521,8.1138,-1.6958,7.031e-17,5.211e-17,2.043e-17,0.0001,120.38,0
BottomS74522,8.1239,-1.6646,3.514e-14,2.450e-14,8.481e-15,0.0,119.3,0
BottomS74523,8.1147,-1.6910,8.400e-19,8.035e-19,5.264e-19,0.0006,120.2,0
BottomS74524,8.1223,-1.6700,7.391e-18,5.963e-18,2.797e-18,0.0005,119.46,0
BottomS74525,8.1153,-1.6823,1.827e-14,1.275e-14,4.421e-15,0.0002,119.92,0
BottomS74526,8.1208,-1.6777,2.154e-19,2.334e-19,2.015e-19,-0.0,119.73,0
BottomS74528,8.1176,-1.6862,1.356e-17,1.002e-17,4.056e-18,0.0001,120.02,0
BottomS74529,8.1216,-1.6664,5.583e-19,5.263e-19,3.475e-19,-0.0006,119.38,0
BottomS74530,8.1233,-1.6620,6.474e-20,7.450e-20,7.389e-20,-0.0014,119.25,0
BottomS74531,8.1156,-1.6988,1.386e-15,9.101e-16,2.827e-16,-0.0005,120.38,0
BottomS74532,8.1146,-1.7031,7.124e-17,5.061e-17,1.819e-17,-0.0014,120.52,0
BottomS74533,8.1129,-1.7068,3.216e-16,2.286e-16,8.007e-17,-0.0001,120.62,0
BottomS74534,8.1272,-1.6492,4.493e-17,3.223e-17,1.252e-17,-0.0006,118.82,0
BottomS74535,8.1116,-1.7158,2.001e-16,1.359e-16,4.550e-17,-0.0013,120.9,0
BottomS74536,8.1302,-1.6366,4.463e-17,3.157e-17,1.197e-17,-0.0001,118.49,0
BottomS74537,8.1307,-1.6373,9.836e-19,1.530e-18,2.811e-18,-0.0002,118.58,0
BottomS74538,8.1069,-1.7265,4.120e-19,4.049e-19,2.853e-19,0.0004,121.26,0
BottomS74540,8.1036,-1.7368,1.555e-17,1.242e-17,5.726e-18,-0.0003,121.56,0
BottomS74541,8.1334,-1.6262,2.137e-17,1.631e-17,6.961e-18,0.0001,118.11,1
BottomS74542,8.1375,-1.6113,1.013e-16,7.253e-17,2.728e-17,-0.0006,117.78,0
BottomS74543,8.1353,-1.6140,7.721e-14,5.781e-14,2.350e-14,0.0005,117.8,1
BottomS74544,8.1004,-1.7519,5.082e-17,3.575e-17,1.303e-17,0.0004,121.9,0
BottomS74545,8.0985,-1.7573,6.312e-18,5.304e-18,2.693e-18,-0.0004,122.05,0
BottomS74546,8.1382,-1.6053,3.325e-16,2.327e-16,8.282e-17,0.0002,117.63,0
BottomS74547,8.0982,-1.7621,4.612e-18,7.214e-18,1.281e-17,0.001,122.15,0
BottomS74548,8.1429,-1.5932,5.325e-19,8.150e-19,1.417e-18,-0.0002,117.38,0
BottomS74549,8.0974,-1.7601,2.934e-17,2.102e-17,8.135e-18,-0.0002,122.18,0
BottomS74550,8.1440,-1.5926,7.844e-19,1.638e-18,5.656e-18,-0.0,117.34,0
BottomS74551,8.1453,-1.5838,1.457e-16,9.934e-17,3.221e-17,0.0004,117.14,0
BottomS74552,8.0934,-1.7687,2.054e-17,1.545e-17,6.408e-18,0.0006,122.39,1
BottomS74553,8.0927,-1.7766,4.224e-16,2.862e-16,9.422e-17,0.0001,122.45,0
BottomS74554,8.1478,-1.5811,7.100e-18,5.577e-18,2.469e-18,-0.0011,117.13,1
BottomS74555,8.0939,-1.7764,1.029e-17,7.833e-18,3.321e-18,0.0002,122.45,1
BottomS74556,8.0928,-1.7777,1.780e-18,3.471e-18,9.722e-18,0.0003,122.52,0
BottomS74557,8.0939,-1.7772,1.137e-17,8.842e-18,3.901e-18,-0.0004,122.51,0
BottomS74558,8.1471,-1.5820,9.009e-15,6.106e-15,2.039e-15,0.0003,117.09,0
BottomS74559,8.0899,-1.7802,4.853e-17,3.684e-17,1.500e-17,0.0001,122.57,0
BottomS74560,8.1464,-1.5817,6.848e-17,4.898e-17,1.907e-17,-0.0006,117.03,0
BottomS74561,8.1454,-1.5870,5.054e-17,3.748e-17,1.491e-17,-0.0006,117.09,0
BottomS74562,8.1466,-1.5802,2.685e-17,2.122e-17,9.282e-18,0.0002,117.01,1
BottomS74563,8.0912,-1.7815,2.646e-18,2.227e-18,1.115e-18,-0.0004,122.45,0
BottomS74564,8.0904,-1.7733,2.469e-16,1.649e-16,5.539e-17,-0.0013,122.4,0
BottomS74565,8.0960,-1.7598,1.383e-17,1.060e-17,4.528e-18,0.0001,122.23,1
BottomS74566,8.1430,-1.5927,1.686e-18,3.367e-18,9.940e-18,0.0001,117.31,0
BottomS74567,8.0939,-1.7689,4.117e-18,3.413e-18,1.736e-18,0.0001,122.24,0
BottomS74568,8.1467,-1.5857,2.989e-17,2.212e-17,8.510e-18,-0.0004,117.35,0
BottomS74569,8.0937,-1.7715,1.375e-16,9.678e-17,3.359e-17,0.0001,122.18,0
BottomS74570,8.0932,-1.7677,1.549e-18,1.333e-18,7.424e-19,-0.0007,122.02,0
BottomS74571,8.1434,-1.5960,5.741e-19,5.362e-19,3.512e-19,-0.0004,117.56,0
BottomS74572,8.0960,-1.7598,8.140e-18,6.667e-18,3.292e-18,-0.0001,121.88,0
BottomS74573,8.0970,-1.7602,3.498e-18,6.243e-18,1.457e-17,0.0002,121.89,0
BottomS74574,8.1406,-1.6067,1.212e-19,1.315e-19,1.080e-19,-0.0001,117.84,0
BottomS74575,8.1434,-1.6073,3.016e-18,2.531e-18,1.280e-18,-0.0002,117.97,0
BottomS74576,8.1386,-1.6186,3.454e-18,2.872e-18,1.408e-18,-0.0002,118.06,0
BottomS74577,8.1025,-1.7373,5.964e-18,4.819e-18,2.248e-18,0.0003,121.29,0
BottomS74578,8.1388,-1.6176,1.635e-17,1.302e-17,5.791e-18,-0.0003,118.19,1
BottomS74579,8.1360,-1.6229,2.101e-16,1.476e-16,5.311e-17,0.0003,118.29,0
BottomS74580,8.1356,-1.6271,1.791e-17,1.317e-17,5.220e-18,0.0003,118.49,0
BottomS74581,8.1333,-1.6328,9.749e-18,7.701e-18,3.493e-18,-0.0,118.57,1
BottomS74582,8.1324,-1.6364,6.404e-17,4.682e-17,1.781e-17,-0.0,118.67,0
BottomS74583,8.1305,-1.6445,3.159e-16,2.152e-16,7.343e-17,0.0005,118.91,0
BottomS74584,8.1104,-1.7079,7.837e-15,5.271e-15,1.678e-15,-0.0006,120.47,0
BottomS74585,8.1277,-1.6530,8.840e-19,8.294e-19,5.141e-19,-0.0002,119.16,0
BottomS74586,8.1127,-1.6987,2.154e-17,1.609e-17,6.575e-18,-0.0,120.25,0
BottomS74587,8.1272,-1.6628,3.214e-17,2.328e-17,9.013e-18,0.0002,119.36,0
BottomS74588,8.1233,-1.6712,1.482e-17,1.157e-17,5.025e-18,-0.0008,119.58,1
BottomS74589,8.1223,-1.6720,4.301e-19,7.963e-19,2.006e-18,-0.0006,119.58,0
BottomS74590,8.1174,-1.6770,2.369e-14,1.633e-14,5.501e-15,0.0003,119.74,0
BottomS74591,8.1200,-1.6860,5.257e-19,5.011e-19,3.363e-19,-0.0013,119.92,0
BottomS74592,8.1212,-1.6660,1.438e-16,1.003e-16,3.452e-17,-0.0003,119.47,0
BottomS74593,8.1234,-1.6606,1.014e-17,7.854e-18,3.396e-18,-0.0003,119.31,1
BottomS74594,8.1242,-1.6563,2.427e-14,1.927e-14,8.398e-15,-0.0003,119.22,1
BottomS74595,8.1272,-1.6506,9.657e-18,7.572e-18,3.283e-18,-0.0002,119.09,1
BottomS74596,8.1116,-1.7119,1.379e-16,9.825e-17,3.507e-17,0.0005,120.6,0
BottomS74597,8.1101,-1.7204,1.388e-18,2.520e-18,6.326e-18,-0.0,120.81,0
BottomS74598,8.1082,-1.7270,1.110e-14,7.486e-15,2.489e-15,0.001,120.9,0
BottomS74599,8.1084,-1.7277,1.510e-18,1.356e-18,7.976e-19,0.0001,120.91,0
BottomS74600,8.1068,-1.7328,5.774e-14,4.249e-14,1.657e-14,-0.0007,121.05,0
BottomS74602,8.1050,-1.7435,1.227e-17,9.474e-18,4.207e-18,0.0007,121.29,1
BottomS74603,8.0991,-1.7531,2.155e-17,1.677e-17,7.423e-18,0.0009,121.5,1
BottomS74604,8.1374,-1.6063,5.345e-17,4.000e-17,1.607e-17,0.0007,118.05,0
BottomS74605,8.1426,-1.5910,1.750e-20,2.341e-20,2.947e-20,-0.0003,117.68,0
BottomS74606,8.0975,-1.7649,1.044e-19,1.123e-19,9.451e-20,0.0001,121.77,0
BottomS74607,8.1443,-1.5899,8.206e-17,5.762e-17,2.121e-17,-0.0002,117.65,0
BottomS74608,8.0968,-1.7686,1.628e-16,1.227e-16,4.888e-17,-0.0005,121.93,0
BottomS74609,8.0943,-1.7747,9.320e-19,2.233e-18,1.009e-17,0.0006,122.06,0
BottomS74610,8.0923,-1.7850,5.445e-19,1.089e-18,3.313e-18,-0.0001,122.16,0
BottomS74611,8.0898,-1.7865,3.177e-19,3.161e-19,2.277e-19,0.0011,122.24,0
BottomS74612,8.0895,-1.7881,4.284e-18,8.597e-18,2.674e-17,0.0009,122.27,1
BottomS74613,8.1503,-1.5582,3.979e-17,2.971e-17,1.192e-17,-0.0003,117.21,0
BottomS74615,8.1504,-1.5647,1.064e-17,8.230e-18,3.653e-18,-0.0003,117.13,1
BottomS74617,8.0845,-1.8071,8.749e-17,6.094e-17,2.099e-17,0.0002,122.54,0
BottomS74618,8.0862,-1.7958,1.777e-16,1.274e-16,4.576e-17,-0.0002,122.56,0
BottomS74619,8.1534,-1.5557,5.183e-18,7.475e-18,1.142e-17,-0.0004,116.96,0
BottomS74620,8.0853,-1.7983,3.685e-17,2.673e-17,1.012e-17,0.0007,122.6,0
BottomS74621,8.1527,-1.5599,2.629e-16,1.828e-16,6.276e-17,0.0001,116.95,0
BottomS74622,8.1584,-1.5461,5.377e-16,3.751e-16,1.288e-16,-0.0006,116.88,0
BottomS74623,8.1552,-1.5473,5.048e-18,4.274e-18,2.195e-18,0.001,116.91,0
BottomS74624,8.1558,-1.5483,2.367e-18,2.010e-18,1.044e-18,-0.0001,116.95,0
BottomS74625,8.1570,-1.5441,1.038e-20,1.400e-20,1.894e-20,-0.0001,116.93,0
BottomS74626,8.1550,-1.5529,2.469e-18,2.190e-18,1.197e-18,0.0001,117.0,0
BottomS74627,8.0832,-1.8036,2.033e-18,1.713e-18,8.769e-19,-0.0009,122.47,0
BottomS74628,8.1572,-1.5516,2.503e-18,2.163e-18,1.186e-18,-0.0001,117.06,0
BottomS74629,8.1534,-1.5609,4.714e-18,3.828e-18,1.747e-18,0.0012,117.14,0
BottomS74630,8.1538,-1.5636,6.369e-17,4.719e-17,1.862e-17,0.0005,117.2,0
BottomS74631,8.1516,-1.5634,1.220e-19,1.301e-19,1.065e-19,0.0,117.2,0
BottomS74632,8.1547,-1.5570,8.072e-19,1.338e-18,2.803e-18,0.0005,117.27,0
BottomS74633,8.1511,-1.5671,1.154e-16,8.111e-17,2.889e-17,0.0004,117.33,0
BottomS74634,8.0889,-1.7845,2.611e-20,3.367e-20,4.093e-20,-0.0004,122.09,0
BottomS74635,8.1483,-1.5820,5.549e-19,1.161e-18,3.884e-18,0.0005,117.61,0
BottomS74636,8.0932,-1.7773,1.256e-17,9.634e-18,3.943e-18,0.0003,121.86,1
BottomS74637,8.0913,-1.7722,2.746e-17,2.071e-17,8.799e-18,0.0002,121.83,1
BottomS74638,8.1489,-1.5814,3.935e-17,2.822e-17,1.044e-17,0.0001,117.74,0
BottomS74639,8.0944,-1.7605,3.035e-14,2.051e-14,7.047e-15,-0.0009,121.53,0
BottomS74640,8.0948,-1.7596,7.907e-18,6.113e-18,2.750e-18,0.0,121.46,1
BottomS74641,8.1420,-1.5969,3.432e-17,2.620e-17,1.087e-17,-0.001,118.05,1
BottomS74642,8.0955,-1.7565,1.591e-16,1.131e-16,4.013e-17,0.0001,121.3,0
BottomS74643,8.1415,-1.6133,1.035e-17,8.425e-18,4.088e-18,-0.0008,118.43,0
BottomS74644,8.1384,-1.6171,9.793e-19,9.087e-19,5.665e-19,-0.0004,118.42,0
BottomS74645,8.1031,-1.7313,4.818e-18,9.715e-18,3.020e-17,0.001,120.93,1
BottomS74646,8.1040,-1.7260,1.532e-18,1.376e-18,8.226e-19,0.0011,120.79,0
BottomS74647,8.1328,-1.6379,2.383e-16,1.619e-16,5.522e-17,-0.0001,118.96,0
BottomS74648,8.1314,-1.6453,3.576e-18,3.078e-18,1.606e-18,-0.0004,119.03,0
BottomS74649,8.1104,-1.7059,2.059e-18,1.621e-18,7.098e-19,0.0002,120.36,0
BottomS74650,8.1280,-1.6573,1.209e-16,8.814e-17,3.255e-17,-0.0005,119.33,0
BottomS74651,8.1259,-1.6612,1.832e-16,1.259e-16,4.304e-17,-0.0002,119.39,0
BottomS74652,8.1158,-1.6904,6.372e-18,5.524e-18,3.014e-18,0.0001,120.02,0
BottomS74653,8.1234,-1.6732,4.296e-17,3.140e-17,1.171e-17,0.0003,119.64,0
BottomS74654,8.1176,-1.6761,1.391e-18,2.368e-18,5.116e-18,-0.0001,119.73,0
BottomS74655,8.1210,-1.6689,6.913e-18,5.528e-18,2.568e-18,0.0001,119.57,0
BottomS74656,8.1015,-1.7352,1.099e-20,1.483e-20,1.922e-20,-0.0001,122.28,0
BottomS74657,8.1378,-1.6217,5.293e-17,3.709e-17,1.365e-17,-0.0002,117.33,0
BottomS74659,8.1338,-1.6281,3.854e-18,3.200e-18,1.609e-18,-0.0003,117.4,0
BottomS74660,8.1371,-1.6265,7.710e-19,7.278e-19,4.681e-19,0.0001,117.35,0
BottomS74662,8.1006,-1.7389,8.648e-19,7.556e-19,4.038e-19,-0.0007,122.19,0
BottomS74663,8.1035,-1.7335,2.091e-19,2.234e-19,1.833e-19,-0.0,122.07,0
BottomS74664,8.1374,-1.6192,2.275e-18,1.972e-18,1.090e-18,0.0006,117.42,0
BottomS74665,8.1343,-1.6233,1.020e-19,1.107e-19,9.636e-20,0.0002,117.51,0
BottomS74666,8.1328,-1.6278,1.711e-18,1.475e-18,7.878e-19,-0.001,117.69,0
BottomS74667,8.1047,-1.7300,1.354e-18,2.764e-18,8.763e-18,-0.0004,121.82,0
BottomS74668,8.1323,-1.6261,2.245e-18,1.944e-18,1.033e-18,0.0011,117.68,0
BottomS74669,8.1070,-1.7286,2.323e-17,1.730e-17,7.058e-18,-0.0006,121.7,0
BottomS74671,8.1364,-1.6256,1.260e-19,1.375e-19,1.177e-19,0.0007,117.7,0
BottomS74675,8.1115,-1.7152,8.531e-18,6.755e-18,3.088e-18,0.0008,121.21,0
BottomS74676,8.1320,-1.6344,1.267e-18,2.726e-18,9.930e-18,-0.0003,118.01,0
BottomS74677,8.1092,-1.7152,3.711e-20,4.370e-20,4.413e-20,-0.0002,121.2,0
BottomS74678,8.1068,-1.7134,3.082e-17,2.356e-17,9.828e-18,0.0005,121.14,1
BottomS74680,8.1289,-1.6490,1.287e-19,1.433e-19,1.260e-19,0.0006,118.65,0
BottomS74681,8.1107,-1.7030,1.077e-18,1.726e-18,3.413e-18,0.0006,120.67,0
BottomS74682,8.1127,-1.7089,1.028e-19,1.179e-19,1.141e-19,-0.0001,120.91,0
BottomS74683,8.1265,-1.6548,8.941e-20,9.948e-20,8.586e-20,0.0002,118.92,0
BottomS74684,8.1132,-1.7041,1.724e-20,2.335e-20,3.176e-20,0.0006,120.65,0
BottomS74685,8.1252,-1.6571,4.142e-17,3.030e-17,1.133e-17,-0.0001,119.03,0
BottomS74686,8.1263,-1.6565,2.988e-19,3.059e-19,2.314e-19,0.0004,118.89,0
BottomS74687,8.1251,-1.6650,2.569e-20,3.018e-20,2.976e-20,0.0007,119.24,0
BottomS74689,8.1165,-1.6894,1.657e-19,1.721e-19,1.311e-19,-0.0004,120.16,0
BottomS74692,8.1241,-1.6734,7.064e-19,1.236e-18,2.747e-18,-0.0003,119.57,0
BottomS74693,8.1236,-1.6786,4.673e-17,3.324e-17,1.221e-17,-0.0002,119.73,0
BottomS74694,8.1139,-1.6772,2.188e-18,3.965e-18,9.947e-18,0.0005,119.77,0
BottomS74696,8.1209,-1.6704,3.874e-19,7.272e-19,1.900e-18,-0.0,119.51,0
BottomS74698,8.1222,-1.6649,1.610e-17,1.317e-17,6.299e-18,-0.0001,119.33,0
BottomS74699,8.1145,-1.6944,1.835e-17,1.455e-17,6.431e-18,0.0007,120.25,1
BottomS74700,8.1161,-1.6985,3.831e-17,2.786e-17,1.112e-17,-0.0005,120.41,0
BottomS74701,8.1132,-1.7057,6.296e-19,1.234e-18,3.470e-18,0.0002,120.57,0
BottomS74702,8.1135,-1.7050,2.089e-19,2.166e-19,1.683e-19,0.0001,120.71,0
BottomS74703,8.1284,-1.6490,1.372e-18,1.198e-18,6.404e-19,0.0008,118.86,0
BottomS74704,8.1251,-1.6492,1.803e-18,3.455e-18,9.296e-18,-0.0002,118.89,0
BottomS74705,8.1121,-1.7118,1.569e-18,3.147e-18,9.225e-18,-0.0005,120.83,0
BottomS74706,8.1082,-1.7132,6.789e-19,1.052e-18,1.903e-18,-0.0,120.86,0
BottomS74707,8.1115,-1.7136,7.078e-20,7.531e-20,6.415e-20,0.0003,120.81,0
BottomS74708,8.1285,-1.6355,5.135e-19,9.551e-19,2.396e-18,0.0001,118.41,0
BottomS74710,8.1108,-1.7214,2.914e-17,2.198e-17,9.456e-18,-0.0003,121.24,1
BottomS74711,8.1079,-1.7321,1.023e-19,1.081e-19,8.791e-20,0.0004,121.33,0
BottomS74712,8.1339,-1.6239,1.910e-18,3.336e-18,7.487e-18,0.0004,118.0,0
BottomS74713,8.1334,-1.6251,1.140e-18,1.952e-18,4.229e-18,0.0005,118.05,0
BottomS74714,8.1016,-1.7425,3.519e-19,3.424e-19,2.333e-19,-0.0001,121.59,0
BottomS74715,8.1362,-1.6230,1.314e-20,1.696e-20,2.124e-20,-0.001,117.99,0
BottomS74716,8.1349,-1.6147,7.137e-18,5.647e-18,2.516e-18,0.0002,117.91,1
BottomS74717,8.1388,-1.6048,3.605e-14,2.594e-14,9.689e-15,-0.0001,117.66,0
BottomS74718,8.1396,-1.6020,6.083e-19,5.899e-19,3.914e-19,0.0001,117.52,0
BottomS74719,8.1057,-1.7430,9.903e-19,2.116e-18,7.581e-18,0.0005,121.83,0
BottomS74723,8.1419,-1.5971,5.138e-19,4.797e-19,3.104e-19,-0.0001,117.35,0
BottomS74724,8.1413,-1.5919,6.982e-20,8.264e-20,8.146e-20,0.0004,117.2,0
BottomS74725,8.1399,-1.5994,1.811e-14,2.177e-14,2.283e-14,0.0001,117.32,0
BottomS74726,8.0971,-1.7643,8.047e-19,1.383e-18,3.076e-18,-0.0005,122.29,0
BottomS74727,8.1451,-1.5858,3.918e-19,8.164e-19,2.739e-18,0.0,117.17,0
BottomS74728,8.1402,-1.6005,5.276e-18,4.200e-18,1.911e-18,0.0002,117.25,0
BottomS74729,8.0938,-1.7658,7.411e-18,6.208e-18,3.127e-18,0.0005,122.41,0
BottomS74732,8.0937,-1.7721,2.159e-18,3.420e-18,6.397e-18,0.0001,122.42,0
BottomS74733,8.0951,-1.7675,4.620e-19,4.380e-19,2.905e-19,0.0001,122.42,0
BottomS74736,8.0917,-1.7733,2.587e-19,2.654e-19,2.033e-19,0.0006,122.48,0
BottomS74737,8.0932,-1.7770,1.116e-19,1.252e-19,1.106e-19,0.0004,122.46,0
BottomS74738,8.0941,-1.7800,7.227e-20,7.944e-20,6.932e-20,0.0,122.47,0
BottomS74740,8.1460,-1.5841,5.211e-19,5.094e-19,3.465e-19,-0.0007,117.05,0
BottomS74741,8.0948,-1.7697,9.695e-19,8.769e-19,5.172e-19,-0.0004,122.43,0
BottomS74742,8.1490,-1.5751,7.692e-20,9.101e-20,8.962e-20,0.0009,117.02,0
BottomS74744,8.0918,-1.7728,4.964e-19,8.814e-19,2.041e-18,0.0,122.39,0
BottomS74745,8.0941,-1.7628,4.694e-19,4.476e-19,2.949e-19,-0.0006,122.26,0
BottomS74746,8.0936,-1.7724,4.942e-19,4.772e-19,3.159e-19,0.0005,122.32,0
BottomS74748,8.0981,-1.7617,2.685e-18,2.271e-18,1.149e-18,0.0,122.22,0
BottomS74749,8.1445,-1.5796,2.691e-18,2.191e-18,1.022e-18,0.0009,117.28,0
BottomS74750,8.1488,-1.5833,6.338e-18,5.247e-18,2.461e-18,0.0003,117.3,0
BottomS74751,8.1459,-1.5815,9.854e-20,1.102e-19,9.764e-20,-0.0004,117.37,0
BottomS74752,8.0948,-1.7641,3.284e-16,2.243e-16,7.638e-17,-0.0001,122.08,0
BottomS74753,8.1418,-1.6043,1.284e-18,2.208e-18,5.014e-18,0.0006,117.59,0
BottomS74754,8.0931,-1.7635,6.345e-17,4.522e-17,1.630e-17,-0.0002,121.97,0
BottomS74755,8.1007,-1.7491,7.883e-20,8.605e-20,7.424e-20,-0.0005,121.8,0
BottomS74756,8.1024,-1.7449,2.423e-18,2.079e-18,1.106e-18,-0.0003,121.67,0
BottomS74757,8.1044,-1.7363,5.991e-19,1.049e-18,2.442e-18,0.0007,121.48,0
BottomS74758,8.0968,-1.7509,3.235e-18,2.677e-18,1.334e-18,-0.0003,121.66,0
BottomS74759,8.1444,-1.6108,9.458e-19,1.435e-18,2.464e-18,-0.0001,117.92,0
BottomS74760,8.0973,-1.7468,3.266e-18,2.773e-18,1.463e-18,-0.0007,121.5,0
BottomS74761,8.1014,-1.7408,1.279e-16,8.934e-17,3.117e-17,0.0013,121.47,0
BottomS74763,8.1356,-1.6147,4.204e-18,3.571e-18,1.949e-18,-0.0003,118.14,0
BottomS74765,8.1321,-1.6330,4.016e-19,3.831e-19,2.600e-19,-0.0001,118.58,0
BottomS74767,8.1345,-1.6305,3.736e-18,3.067e-18,1.483e-18,0.0001,118.54,0
BottomS74768,8.1072,-1.7158,1.943e-18,3.781e-18,1.087e-17,0.0003,120.74,0
BottomS74769,8.1074,-1.7188,4.431e-18,3.624e-18,1.754e-18,0.0,120.93,0
BottomS74770,8.1044,-1.7130,1.437e-18,1.296e-18,7.366e-19,0.0002,120.6,0
BottomS74771,8.1295,-1.6427,5.933e-19,5.842e-19,4.169e-19,-0.0003,118.8,0
BottomS74774,8.1257,-1.6580,6.430e-18,5.428e-18,2.821e-18,0.0003,119.22,0
BottomS74775,8.1123,-1.6948,3.425e-17,2.591e-17,1.061e-17,0.0004,120.23,1
BottomS74776,8.1134,-1.6878,2.249e-18,1.918e-18,9.775e-19,0.0009,120.03,0
BottomS74777,8.1208,-1.6675,1.783e-19,1.852e-19,1.505e-19,-0.0006,119.46,0
BottomS74778,8.1171,-1.6834,1.387e-18,3.284e-18,1.383e-17,0.0005,119.89,0
BottomS74779,8.1194,-1.6776,6.678e-19,1.091e-18,2.192e-18,0.0004,119.74,0
BottomS74780,8.1183,-1.6827,3.209e-18,2.679e-18,1.363e-18,-0.0002,119.86,0
BottomS74781,8.1180,-1.6869,1.058e-16,7.739e-17,2.944e-17,0.0001,119.95,0
BottomS74783,8.1192,-1.6938,3.075e-18,4.899e-18,9.203e-18,0.0006,120.11,0
BottomS74785,8.1214,-1.6537,9.751e-19,8.693e-19,4.939e-19,-0.0011,119.22,0
BottomS74786,8.1257,-1.6509,2.127e-19,2.099e-19,1.449e-19,-0.0011,119.07,0
BottomS74787,8.1294,-1.6435,1.257e-17,2.880e-17,1.169e-16,-0.0006,118.9,1
BottomS74788,8.1294,-1.6402,7.776e-17,5.552e-17,2.069e-17,0.0004,118.81,0
BottomS74790,8.1081,-1.7268,1.172e-19,1.252e-19,1.038e-19,0.0005,120.85,0
BottomS74791,8.1082,-1.7245,4.533e-15,6.892e-15,1.206e-14,-0.0003,121.07,0
BottomS74792,8.1330,-1.6281,3.484e-18,2.945e-18,1.490e-18,-0.0001,118.55,0
BottomS74793,8.1078,-1.7325,1.246e-16,8.782e-17,3.286e-17,0.0005,121.02,0
BottomS74794,8.1047,-1.7451,7.737e-18,6.673e-18,3.549e-18,-0.0008,121.23,0
BottomS74795,8.1048,-1.7446,2.718e-17,2.068e-17,8.479e-18,0.0005,121.35,0
BottomS74797,8.1379,-1.6061,9.319e-20,1.005e-19,8.588e-20,-0.0002,118.07,0
BottomS74798,8.1002,-1.7548,7.824e-17,5.599e-17,2.025e-17,-0.0,121.58,0
BottomS74800,8.1421,-1.5908,1.220e-20,1.594e-20,1.925e-20,0.0003,117.66,0
BottomS74801,8.1412,-1.5930,1.988e-17,1.468e-17,5.840e-18,-0.0006,117.83,0
BottomS74802,8.1453,-1.5927,9.836e-19,1.853e-18,4.917e-18,0.0003,117.66,0
BottomS74803,8.1474,-1.5817,4.400e-19,4.092e-19,2.641e-19,-0.0005,117.53,0
BottomS74804,8.1420,-1.5996,5.768e-20,6.838e-20,6.908e-20,0.0004,117.83,0
BottomS74806,8.1491,-1.5762,7.882e-19,7.702e-19,5.432e-19,0.0007,117.32,0
BottomS74809,8.1425,-1.5839,1.216e-17,9.306e-18,3.984e-18,0.0003,117.38,1
BottomS74810,8.0913,-1.7928,2.192e-18,4.228e-18,1.204e-17,0.0004,122.28,0
BottomS74811,8.0898,-1.7915,3.881e-19,3.838e-19,2.669e-19,0.0002,122.36,0
BottomS74812,8.1492,-1.5797,4.262e-18,3.673e-18,2.039e-18,0.0006,117.19,0
BottomS74814,8.0850,-1.8034,3.958e-18,3.250e-18,1.538e-18,-0.0003,122.5,0
BottomS74816,8.0859,-1.8002,2.464e-18,2.083e-18,1.057e-18,0.0006,122.52,0
BottomS74817,8.1576,-1.5360,4.438e-19,4.251e-19,2.822e-19,0.0002,116.88,0
BottomS74818,8.1509,-1.5640,1.755e-17,1.330e-17,5.770e-18,0.0002,117.0,1
BottomS74819,8.1588,-1.5409,5.420e-17,3.994e-17,1.554e-17,0.0002,116.94,0
BottomS74820,8.0927,-1.7752,8.170e-20,9.172e-20,8.373e-20,-0.0007,122.49,0
BottomS74821,8.0858,-1.7965,2.393e-19,2.436e-19,1.763e-19,-0.0003,122.58,0
BottomS74822,8.1585,-1.5438,9.040e-18,7.532e-18,3.765e-18,-0.0005,116.92,0
BottomS74825,8.1543,-1.5587,7.634e-19,1.263e-18,2.522e-18,0.0003,116.97,0
BottomS74827,8.1596,-1.5390,1.251e-18,1.096e-18,6.283e-19,-0.0004,117.0,0
BottomS74828,8.0879,-1.7981,5.901e-19,5.515e-19,3.405e-19,0.0002,122.5,0
BottomS74831,8.1528,-1.5608,2.440e-18,2.085e-18,1.099e-18,0.0003,117.08,0
BottomS74832,8.1542,-1.5657,1.132e-17,9.014e-18,4.094e-18,0.0004,117.17,1
BottomS74833,8.1525,-1.5644,1.556e-17,1.245e-17,5.652e-18,0.0,117.19,1
BottomS74835,8.0900,-1.7901,2.445e-20,3.174e-20,4.026e-20,0.0002,122.12,0
BottomS74837,8.1516,-1.5637,5.104e-20,5.837e-20,5.407e-20,-0.0004,117.35,0
BottomS74838,8.1510,-1.5704,6.647e-19,6.803e-19,5.000e-19,-0.0003,117.46,0
BottomS74840,8.1499,-1.5810,3.019e-20,3.676e-20,3.941e-20,-0.0001,117.64,0
BottomS74841,8.0934,-1.7708,3.621e-19,3.568e-19,2.457e-19,0.0001,121.82,0
BottomS74844,8.0892,-1.7825,2.061e-19,2.068e-19,1.530e-19,-0.0,121.93,0
BottomS74845,8.0966,-1.7564,3.884e-20,4.750e-20,4.943e-20,-0.0004,121.67,0
BottomS74846,8.1432,-1.5997,1.068e-18,9.899e-19,6.019e-19,-0.0002,117.91,0
BottomS74847,8.1510,-1.5822,1.694e-16,1.146e-16,3.825e-17,0.0003,117.83,0
BottomS74848,8.1435,-1.6033,4.743e-20,5.518e-20,5.361e-20,0.0004,118.09,0
BottomS74849,8.1417,-1.6116,1.287e-20,1.765e-20,2.418e-20,0.0003,118.3,0
BottomS74850,8.0992,-1.7359,1.810e-18,2.795e-18,5.010e-18,-0.0002,121.02,0
BottomS74851,8.1412,-1.6109,6.563e-19,1.067e-18,2.090e-18,0.0005,118.43,0
BottomS74852,8.1015,-1.7345,9.595e-18,7.567e-18,3.464e-18,-0.0007,121.0,1
BottomS74853,8.1371,-1.6212,2.836e-19,2.894e-19,2.110e-19,-0.0003,118.55,0
BottomS74854,8.1022,-1.7389,2.265e-20,2.906e-20,3.382e-20,-0.0001,121.21,0
BottomS74855,8.1075,-1.7219,6.892e-19,1.195e-18,2.620e-18,0.0001,120.71,0
BottomS74856,8.1071,-1.7142,6.623e-20,7.719e-20,7.515e-20,-0.0,120.55,0
BottomS74857,8.1314,-1.6423,1.399e-18,2.596e-18,6.646e-18,-0.0007,119.03,0
BottomS74858,8.1348,-1.6436,9.317e-19,8.490e-19,4.896e-19,-0.0003,118.89,0
BottomS74859,8.1320,-1.6544,2.467e-18,5.285e-18,1.847e-17,-0.0,119.24,0
BottomS74860,8.1259,-1.6524,1.270e-18,1.107e-18,6.128e-19,0.0002,119.14,0
BottomS74861,8.1269,-1.6586,1.096e-18,9.988e-19,6.102e-19,-0.0006,119.27,0
BottomS74862,8.1260,-1.6672,1.436e-19,1.599e-19,1.388e-19,-0.0004,119.52,0
BottomS74863,8.1151,-1.6854,3.270e-19,3.251e-19,2.302e-19,0.0005,119.91,0
BottomS74864,8.1240,-1.6750,8.655e-19,8.007e-19,5.067e-19,-0.0008,119.67,0
BottomS74866,8.1177,-1.6840,1.778e-19,1.818e-19,1.351e-19,-0.0003,119.88,0
BottomS74867,8.1215,-1.6662,4.950e-18,3.849e-18,1.688e-18,0.0006,119.48,0
BottomS74868,8.1164,-1.6977,1.294e-18,1.145e-18,6.273e-19,0.0003,120.12,0
BottomS74869,8.1174,-1.7003,6.093e-18,4.995e-18,2.409e-18,-0.0004,120.15,0
BottomS74870,8.1246,-1.6515,1.231e-19,1.364e-19,1.212e-19,0.0,119.16,0
BottomS74871,8.1144,-1.7100,4.103e-17,2.946e-17,1.097e-17,-0.0008,120.36,0
BottomS74872,8.1098,-1.7110,1.887e-18,2.943e-18,5.271e-18,0.0005,120.47,0
BottomS91343,38.4247,-42.7902,2.436e-12,2.094e-12,1.078e-12,0.0366,3.17,0
