Name,X,Y,BlueF,GreenF,RedF,Parallax,RadialVelocity,Variable?
BottomS000004,19.7622,35.1326,1.024e-17,8.072e-18,3.562e-18,0.0003,-96.05,1
BottomS000006,19.7335,35.0638,3.862e-19,3.726e-19,2.459e-19,0.0002,-90.97,0
BottomS000007,19.7137,35.1511,2.847e-18,2.443e-18,1.269e-18,0.0006,-92.31,0
BottomS000008,19.7416,35.1139,4.345e-14,3.044e-14,1.071e-14,-0.0004,-94.06,0
BottomS000010,19.7601,35.1204,3.997e-19,3.818e-19,2.497e-19,-0.0009,-94.98,0
BottomS000012,19.7274,35.0855,1.448e-18,1.345e-18,8.255e-19,0.0002,-94.79,0
BottomS000013,19.7067,35.0342,1.919e-19,2.104e-19,1.805e-19,-0.0,-89.35,0
BottomS000014,19.7377,35.0913,7.102e-19,6.729e-19,4.449e-19,-0.0,-90.09,0
BottomS000015,19.8101,35.1515,2.124e-20,2.734e-20,3.299e-20,-0.0003,-91.92,0
BottomS000016,19.7296,35.1313,2.221e-19,2.331e-19,1.801e-19,-0.0001,-92.13,0
BottomS000017,19.7360,35.1275,5.749e-19,5.428e-19,3.530e-19,0.0005,-93.11,0
BottomS000018,19.7521,35.1665,1.116e-19,1.245e-19,1.073e-19,-0.0,-93.36,0
BottomS000019,19.7091,35.1340,2.897e-20,3.381e-20,3.370e-20,-0.0007,-93.95,0
BottomS000024,19.7358,35.1102,1.139e-14,7.626e-15,2.576e-15,-0.0004,-94.35,0
BottomS000025,19.7426,35.1081,1.279e-18,2.488e-18,7.330e-18,0.0002,-93.68,0
BottomS000029,19.7343,35.1250,1.650e-20,2.210e-20,2.890e-20,0.0002,-93.65,0
BottomS000031,19.7980,35.1456,2.344e-19,2.329e-19,1.664e-19,0.0007,-90.83,0
BottomS000034,19.7629,35.1253,5.454e-14,4.330e-14,2.003e-14,0.0003,-95.36,1
BottomS000036,19.7116,35.1008,3.669e-19,5.679e-19,9.655e-19,0.0009,-95.69,0
BottomS000037,19.7200,35.1887,1.273e-20,1.628e-20,1.934e-20,-0.0001,-94.46,0
BottomS000040,19.7861,35.1444,3.736e-18,6.200e-18,1.316e-17,0.0004,-93.19,0
BottomS000041,19.7264,35.1382,4.116e-14,2.887e-14,1.022e-14,-0.0007,-93.87,0
BottomS000045,19.7479,35.1355,5.755e-14,4.236e-14,1.676e-14,-0.0,-91.21,0
BottomS000047,19.7246,35.0807,2.342e-19,2.421e-19,1.910e-19,-0.0,-92.3,0
BottomS000048,19.7297,35.1175,1.068e-18,1.898e-18,4.437e-18,0.001,-92.04,0
BottomS000051,19.7257,35.1281,3.115e-20,3.986e-20,4.697e-20,-0.0001,-93.36,0
BottomS000054,19.7178,35.1063,2.271e-20,2.886e-20,3.330e-20,-0.0003,-92.92,0
BottomS000056,19.6733,35.1110,8.193e-17,5.829e-17,2.143e-17,0.0001,-88.75,0
BottomS000061,19.7697,35.1287,1.454e-19,1.499e-19,1.108e-19,-0.0006,-92.47,0
BottomS000066,19.7781,35.1973,3.013e-19,3.087e-19,2.290e-19,-0.0009,-88.14,0
BottomS000067,19.6988,35.1125,1.603e-20,2.001e-20,2.270e-20,-0.0003,-89.26,0
BottomS000068,19.7760,35.1503,3.273e-18,7.194e-18,2.684e-17,-0.0008,-93.54,0
BottomS000084,19.7569,35.1264,4.915e-19,4.661e-19,3.103e-19,-0.0007,-94.25,0
BottomS000085,19.7297,35.1420,4.237e-14,3.204e-14,1.311e-14,0.001,-95.32,1
BottomS000087,19.7219,35.2225,1.369e-20,1.715e-20,1.946e-20,-0.0002,-89.38,0
BottomS000088,19.7721,35.1802,2.053e-19,2.204e-19,1.784e-19,0.0003,-97.07,0
BottomS000090,19.7038,35.2136,1.927e-19,1.973e-19,1.442e-19,-0.0001,-92.96,0
BottomS000091,19.7762,35.1332,1.889e-19,2.007e-19,1.659e-19,-0.0002,-96.59,0
BottomS000094,19.7255,35.1441,7.093e-19,1.142e-18,2.248e-18,0.0001,-92.99,0
BottomS000096,19.7004,35.0670,5.166e-19,1.002e-18,2.734e-18,-0.0007,-97.11,0
BottomS000097,19.6950,35.1084,1.177e-18,1.080e-18,6.633e-19,-0.0005,-88.75,0
BottomS000098,19.7698,35.1039,8.735e-19,1.447e-18,2.879e-18,-0.0007,-95.12,0
BottomS000099,19.7217,35.1686,2.005e-20,2.451e-20,2.643e-20,0.0009,-97.08,0
BottomS000101,19.7595,35.1840,8.434e-20,8.873e-20,7.353e-20,0.0001,-96.16,0
BottomS000102,19.6843,35.0867,4.223e-20,4.783e-20,4.319e-20,0.0005,-95.32,0
BottomS000104,19.7974,35.2113,3.187e-17,2.262e-17,8.363e-18,0.0003,-96.65,0
BottomS000109,19.7740,35.1171,4.741e-20,5.465e-20,5.260e-20,0.0002,-95.28,0
BottomS000113,19.7704,35.1036,6.485e-14,5.391e-14,2.759e-14,-0.0002,-89.3,1
BottomS000115,19.7629,35.0851,2.235e-18,1.898e-18,9.967e-19,-0.0004,-89.78,0
BottomS000117,19.6957,35.0996,1.446e-18,2.292e-18,4.314e-18,0.0005,-97.2,0
BottomS000118,19.7272,35.1265,6.142e-19,5.729e-19,3.486e-19,-0.0002,-96.42,0
BottomS000120,19.7400,35.0803,6.697e-18,5.190e-18,2.291e-18,-0.001,-94.39,0
BottomS000122,19.7438,35.0815,2.758e-20,3.300e-20,3.546e-20,0.0003,-96.73,0
BottomS000126,19.7547,35.0622,1.443e-17,1.114e-17,4.746e-18,0.0001,-91.24,1
BottomS000127,19.7625,35.1324,4.278e-18,3.513e-18,1.769e-18,0.0003,-95.19,0
BottomS000129,19.7152,35.1282,9.682e-19,9.212e-19,5.961e-19,-0.0001,-90.8,0
BottomS000130,19.7066,35.0644,1.349e-18,1.186e-18,6.772e-19,0.0001,-88.52,0
BottomS000131,19.6778,35.0971,2.813e-20,3.582e-20,4.287e-20,-0.0002,-95.28,0
BottomS000133,19.7065,35.1270,3.329e-15,2.205e-15,6.970e-16,0.0001,-94.65,0
BottomS000134,19.7683,35.1676,5.028e-14,4.475e-14,2.556e-14,-0.0004,-97.32,1
BottomS000138,19.7416,35.0820,3.649e-18,8.245e-18,3.268e-17,-0.0001,-96.34,0
BottomS000141,19.7137,35.1945,9.543e-20,1.084e-19,1.037e-19,-0.0001,-94.1,0
BottomS000142,19.6832,35.1969,5.387e-19,5.242e-19,3.496e-19,0.0004,-92.43,0
BottomS000144,19.7757,35.1652,6.351e-19,6.088e-19,4.044e-19,-0.0008,-90.63,0
BottomS000145,19.7120,35.0984,6.139e-19,1.194e-18,3.393e-18,0.0009,-92.08,0
BottomS000147,19.7422,35.0990,1.510e-19,1.647e-19,1.445e-19,-0.0,-91.49,0
BottomS000153,19.7566,35.1306,3.105e-19,3.073e-19,2.113e-19,0.0004,-94.63,0
BottomS000154,19.7512,35.1555,2.447e-19,2.494e-19,1.876e-19,-0.0004,-89.61,0
BottomS000155,19.7245,35.1317,9.165e-18,7.058e-18,2.974e-18,0.0,-96.48,1
BottomS000156,19.7256,35.1335,1.483e-18,2.618e-18,6.105e-18,0.0002,-94.73,0
BottomS000158,19.7095,35.1161,2.638e-20,3.381e-20,4.191e-20,0.0003,-94.51,0
BottomS000162,19.7477,35.1342,9.853e-20,1.054e-19,8.910e-20,-0.0003,-90.96,0
BottomS000163,19.7486,35.0981,8.433e-20,8.900e-20,7.244e-20,-0.0002,-94.13,0
BottomS000164,19.6905,35.1602,1.737e-17,1.334e-17,5.732e-18,0.0002,-92.98,1
BottomS000166,19.7354,35.1236,2.591e-19,2.581e-19,1.918e-19,-0.0006,-90.2,0
BottomS000168,19.7790,35.1359,2.049e-18,1.802e-18,1.007e-18,0.0006,-92.07,0
BottomS000169,19.7716,35.1082,1.289e-20,1.728e-20,2.154e-20,0.0006,-90.48,0
BottomS000172,19.7718,35.1072,5.719e-19,1.014e-18,2.333e-18,-0.0003,-92.37,0
BottomS000173,19.7701,35.1626,1.291e-18,2.513e-18,7.333e-18,-0.0005,-93.18,0
BottomS000174,19.7316,35.1023,5.909e-14,4.367e-14,1.795e-14,0.0001,-92.61,0
BottomS000175,19.6551,35.1752,1.213e-20,1.599e-20,1.977e-20,-0.0005,-97.64,0
BottomS000176,19.7758,35.1875,1.762e-20,2.276e-20,2.795e-20,-0.0016,-94.74,0
BottomS000178,19.6934,35.1290,6.377e-19,6.108e-19,3.889e-19,0.0001,-94.41,0
BottomS000179,19.7195,35.1818,1.721e-18,1.451e-18,7.591e-19,-0.0002,-91.91,0
BottomS000181,19.8345,35.0979,2.720e-19,2.625e-19,1.750e-19,0.0006,-97.81,0
BottomS000185,19.7151,35.1365,3.730e-14,2.648e-14,9.334e-15,-0.0004,-89.69,0
BottomS000187,19.7433,35.0645,1.024e-18,8.819e-19,4.910e-19,-0.0003,-90.53,0
BottomS000188,19.7644,35.0836,3.386e-20,4.035e-20,4.150e-20,-0.0004,-90.49,0
BottomS000189,19.7648,35.1226,2.747e-20,3.388e-20,3.748e-20,-0.0006,-91.8,0
BottomS000191,19.7269,35.1311,5.574e-19,5.061e-19,3.029e-19,0.0003,-92.15,0
BottomS000193,19.7452,35.0985,2.013e-14,1.383e-14,4.711e-15,-0.0007,-94.66,0
BottomS000194,19.7026,35.0484,1.497e-17,1.171e-17,5.090e-18,0.0002,-94.97,1
BottomS000196,19.7152,35.1201,7.725e-19,1.276e-18,2.640e-18,-0.0004,-93.3,0
BottomS000199,19.8058,35.1201,1.615e-19,1.685e-19,1.358e-19,-0.0006,-96.49,0
BottomS000201,19.7512,35.1618,7.653e-19,6.930e-19,4.127e-19,0.0,-89.13,0
BottomS000202,19.6940,35.0985,3.888e-18,3.324e-18,1.753e-18,0.0004,-92.93,0
BottomS000204,19.7584,35.1896,1.657e-20,2.197e-20,2.772e-20,-0.0006,-91.5,0
BottomS000206,19.7458,35.1974,1.897e-17,1.389e-17,5.247e-18,0.0001,-92.11,0
BottomS000207,19.6876,35.0467,2.561e-18,4.786e-18,1.290e-17,-0.0005,-89.81,0
BottomS000210,19.7779,35.1876,4.329e-19,4.302e-19,2.966e-19,-0.0005,-90.72,0
BottomS000211,19.7210,35.1759,1.072e-18,9.077e-19,4.651e-19,-0.0005,-90.01,0
BottomS000212,19.7409,35.0896,5.235e-18,4.469e-18,2.297e-18,-0.0002,-93.86,0
BottomS000215,19.6945,35.1345,3.980e-18,5.575e-18,8.362e-18,-0.0002,-88.95,0
BottomS000216,19.7708,35.1228,6.615e-19,6.104e-19,3.778e-19,-0.0001,-89.99,0
BottomS000222,19.7514,35.0776,3.423e-14,2.489e-14,9.736e-15,-0.0004,-94.71,0
BottomS000224,19.6948,35.0954,2.573e-20,3.073e-20,3.188e-20,0.0001,-90.64,0
BottomS000226,19.7008,35.0665,3.805e-20,4.214e-20,3.668e-20,0.0002,-93.36,0
BottomS000228,19.7552,35.0647,4.845e-20,5.616e-20,5.319e-20,-0.0004,-94.44,0
BottomS000229,19.6914,35.1097,8.424e-18,6.747e-18,3.082e-18,0.0009,-91.89,0
BottomS000230,19.7933,35.1644,2.998e-20,3.576e-20,3.766e-20,0.0001,-91.42,0
BottomS000231,19.7412,35.1772,3.883e-19,6.974e-19,1.645e-18,0.0,-93.92,0
BottomS000234,19.7785,35.1005,3.167e-19,3.076e-19,2.129e-19,-0.0004,-96.36,1
BottomS000236,19.6957,35.1174,2.124e-19,2.189e-19,1.648e-19,-0.0002,-90.25,0
BottomS000238,19.7698,35.1219,1.206e-20,1.554e-20,1.890e-20,-0.0009,-96.54,0
BottomS000239,19.7276,35.1129,4.766e-18,3.744e-18,1.709e-18,-0.0,-95.34,0
BottomS000240,19.7353,35.1475,6.769e-14,4.864e-14,1.763e-14,0.0004,-96.19,0
BottomS000241,19.7580,35.1131,3.236e-20,4.094e-20,4.620e-20,-0.0005,-93.58,0
BottomS000244,19.7537,35.1315,2.934e-20,3.722e-20,4.172e-20,-0.0,-93.95,0
BottomS000245,19.7464,35.1482,8.024e-18,6.193e-18,2.600e-18,-0.0008,-92.44,0
BottomS000247,19.7008,35.0948,2.731e-20,3.324e-20,3.514e-20,0.0002,-94.11,0
BottomS000248,19.7435,35.1534,2.380e-18,2.010e-18,1.024e-18,-0.0006,-90.18,0
BottomS000249,19.7053,35.1720,2.597e-18,2.212e-18,1.139e-18,-0.0007,-89.79,0
BottomS000251,19.7622,35.1443,9.967e-20,1.104e-19,9.765e-20,0.0002,-90.41,0
BottomS000252,19.7006,35.1282,1.275e-18,1.185e-18,7.151e-19,0.0007,-92.74,0
BottomS000253,19.7444,35.0862,7.988e-19,7.237e-19,4.252e-19,0.0,-93.11,0
BottomS000256,19.7267,35.0813,2.304e-19,2.330e-19,1.724e-19,-0.0004,-91.79,0
BottomS000258,19.6958,35.1315,5.964e-19,1.208e-18,3.699e-18,0.0,-93.74,0
BottomS000260,19.7867,35.0976,1.035e-18,8.960e-19,4.811e-19,0.0003,-91.93,0
BottomS000262,19.7010,35.0621,3.644e-14,2.526e-14,8.570e-15,0.0007,-95.56,0
BottomS000263,19.7580,35.1539,2.250e-20,2.836e-20,3.290e-20,-0.0004,-94.9,0
BottomS000266,19.7015,35.1012,1.680e-18,1.489e-18,8.179e-19,-0.0001,-92.1,0
BottomS000267,19.7116,35.1544,1.327e-19,1.408e-19,1.156e-19,0.0004,-90.26,0
BottomS000268,19.7327,35.0662,3.918e-19,3.864e-19,2.693e-19,-0.0002,-93.4,0
BottomS000269,19.7581,35.1725,3.228e-18,2.634e-18,1.263e-18,-0.0001,-96.57,0
BottomS000271,19.7570,35.1587,4.028e-14,2.780e-14,9.598e-15,-0.0004,-94.12,0
BottomS000274,19.7454,35.0688,1.289e-18,3.019e-18,1.279e-17,-0.0006,-91.92,0
BottomS000275,19.6907,35.0835,1.065e-18,9.219e-19,5.046e-19,-0.0003,-91.25,0
BottomS000276,19.7398,35.0481,1.305e-19,1.384e-19,1.124e-19,0.0002,-89.03,0
BottomS000277,19.7425,35.0991,6.396e-19,5.835e-19,3.470e-19,-0.0004,-93.16,0
BottomS000281,19.7520,35.1667,6.799e-20,7.371e-20,6.174e-20,-0.0005,-91.87,0
BottomS000282,19.7313,35.1951,1.200e-18,1.064e-18,5.937e-19,0.0003,-96.9,0
BottomS000283,19.6990,35.1210,6.803e-15,4.539e-15,1.444e-15,0.0005,-95.83,0
BottomS000284,19.6945,35.1090,1.020e-18,2.261e-18,8.784e-18,-0.0001,-91.47,0
BottomS000285,19.7209,35.1330,2.007e-19,2.017e-19,1.426e-19,-0.0004,-92.81,0
BottomS000288,19.7095,35.1130,5.060e-19,8.945e-19,2.093e-18,-0.0007,-91.62,0
BottomS000291,19.7052,35.1081,4.850e-18,1.078e-17,4.083e-17,-0.0007,-92.73,0
BottomS000293,19.7684,35.1570,1.014e-18,9.005e-19,5.266e-19,0.0003,-91.18,0
BottomS000294,19.7127,35.0888,2.657e-18,2.324e-18,1.264e-18,0.0,-90.39,0
BottomS000296,19.7828,35.0886,1.668e-20,2.158e-20,2.608e-20,0.0001,-94.64,0
BottomS000297,19.7447,35.1539,1.511e-18,3.403e-18,1.290e-17,0.0004,-94.81,0
BottomS000300,19.7336,35.0594,3.002e-19,2.987e-19,2.116e-19,0.0005,-89.4,0
BottomS000302,19.7611,35.0913,9.487e-20,1.076e-19,9.646e-20,-0.0004,-92.4,0
BottomS000303,19.7028,35.1347,1.118e-20,1.399e-20,1.548e-20,0.0002,-96.72,0
BottomS000304,19.6835,35.1153,3.164e-18,2.537e-18,1.190e-18,0.0006,-90.12,0
BottomS000305,19.7503,35.0706,5.436e-20,6.233e-20,5.962e-20,0.0012,-95.82,0
BottomS000306,19.7047,35.1438,1.678e-19,1.663e-19,1.183e-19,-0.0007,-94.45,0
BottomS000308,19.7210,35.1389,8.446e-20,9.153e-20,7.542e-20,0.0003,-94.24,0
BottomS000310,19.7308,35.0522,2.557e-20,3.154e-20,3.492e-20,-0.0009,-92.61,0
BottomS000313,19.8037,35.1071,1.474e-18,2.617e-18,6.096e-18,0.0006,-89.19,0
BottomS000315,19.7122,35.1390,2.146e-18,1.915e-18,1.092e-18,-0.0003,-89.41,0
BottomS000320,19.7523,35.1626,3.896e-14,3.834e-14,2.690e-14,-0.0003,-96.33,1
BottomS000321,19.7471,35.0657,1.156e-20,1.428e-20,1.675e-20,-0.0002,-93.17,0
BottomS000322,19.7176,35.0868,1.392e-18,2.933e-18,1.005e-17,-0.0005,-91.87,0
BottomS000324,19.6996,35.1990,4.944e-20,5.671e-20,5.278e-20,-0.0001,-91.7,0
BottomS000325,19.6823,35.1312,5.321e-18,4.461e-18,2.175e-18,0.0003,-92.25,0
BottomS000329,19.7390,35.1384,2.205e-18,1.834e-18,8.962e-19,-0.0006,-94.28,0
BottomS000330,19.7002,35.1681,1.105e-18,1.004e-18,5.940e-19,0.0003,-91.11,0
BottomS000333,19.7382,35.1535,6.143e-20,7.381e-20,7.800e-20,0.0004,-95.83,0
BottomS000335,19.7086,35.1170,1.312e-19,1.423e-19,1.225e-19,-0.0001,-95.6,0
BottomS000337,19.7326,35.1951,5.021e-20,5.569e-20,5.056e-20,0.0004,-94.76,0
BottomS000338,19.7766,35.1881,6.622e-20,7.686e-20,7.324e-20,0.0001,-92.58,0
BottomS000342,19.7324,35.1052,2.557e-18,2.085e-18,1.042e-18,0.0003,-94.44,0
BottomS000343,19.7341,35.2070,5.038e-20,5.565e-20,4.963e-20,0.0006,-93.2,0
BottomS000347,19.7399,35.1177,3.720e-19,3.734e-19,2.711e-19,0.0005,-94.99,0
BottomS000348,19.7158,35.1113,2.998e-20,3.773e-20,4.438e-20,0.0003,-90.55,0
BottomS000349,19.7509,35.1488,8.016e-19,7.111e-19,3.921e-19,-0.0003,-93.87,0
BottomS000351,19.7243,35.0684,6.688e-14,6.382e-14,4.140e-14,0.0003,-95.29,1
BottomS000352,19.7559,35.1180,6.453e-20,7.367e-20,6.689e-20,-0.0012,-93.77,0
BottomS000354,19.7274,35.0447,3.685e-14,3.822e-14,3.017e-14,-0.0008,-92.26,1
BottomS000355,19.7742,35.1594,7.614e-19,1.201e-18,2.258e-18,0.0008,-91.65,0
BottomS000356,19.7336,35.1553,1.668e-18,3.577e-18,1.307e-17,-0.0007,-91.82,0
BottomS000357,19.7055,35.0787,6.808e-20,7.921e-20,7.667e-20,0.0006,-89.74,0
BottomS000358,19.7084,35.1134,1.009e-17,7.942e-18,3.517e-18,0.0004,-93.55,1
BottomS000360,19.7906,35.1791,5.257e-19,4.662e-19,2.620e-19,-0.001,-93.89,0
BottomS000361,19.7450,35.0961,5.022e-19,4.692e-19,3.035e-19,-0.0002,-93.16,0
BottomS000362,19.7496,35.1818,2.682e-18,2.293e-18,1.260e-18,0.0001,-92.75,0
BottomS000365,19.7742,35.1053,7.592e-14,5.605e-14,2.280e-14,0.0,-95.84,0
BottomS000367,19.7085,35.1263,4.119e-20,4.753e-20,4.481e-20,-0.0003,-95.67,0
BottomS000372,19.8068,35.1888,7.522e-19,6.889e-19,4.037e-19,-0.0003,-90.62,0
BottomS000373,19.7487,35.0985,3.348e-20,4.179e-20,4.598e-20,0.0001,-91.83,0
BottomS000374,19.7334,35.1619,7.398e-20,8.662e-20,8.247e-20,-0.0003,-91.21,0
BottomS000375,19.7169,35.1416,1.259e-18,1.193e-18,7.566e-19,0.0002,-94.69,0
BottomS000380,19.7964,35.1753,1.499e-18,1.258e-18,6.679e-19,-0.0004,-88.6,0
BottomS000384,19.7552,35.1258,3.929e-18,3.254e-18,1.571e-18,0.0004,-93.09,0
BottomS000389,19.7188,35.1200,5.973e-19,1.089e-18,2.638e-18,0.0006,-91.91,0
BottomS000392,19.6920,35.0903,1.179e-20,1.496e-20,1.739e-20,0.0001,-89.87,0
BottomS000394,19.7332,35.1340,5.032e-19,4.635e-19,2.927e-19,0.0,-94.66,0
BottomS000396,19.7374,35.1132,2.995e-18,2.509e-18,1.262e-18,-0.0002,-93.11,0
BottomS000397,19.7244,35.1501,4.690e-18,3.858e-18,1.909e-18,-0.0003,-93.41,0
BottomS000401,19.7429,35.1045,3.965e-19,3.871e-19,2.599e-19,-0.0004,-95.29,0
BottomS000402,19.7507,35.1444,1.722e-20,2.272e-20,2.944e-20,0.0009,-92.37,0
BottomS000403,19.7198,35.1060,1.323e-14,8.789e-15,2.843e-15,0.0003,-93.67,0
BottomS000405,19.7395,35.1231,2.495e-17,1.881e-17,7.777e-18,0.0005,-90.68,1
BottomS000406,19.7394,35.1227,6.907e-18,5.240e-18,2.245e-18,-0.0003,-90.78,1
BottomS000407,19.7395,35.1228,6.880e-17,4.711e-17,1.659e-17,-0.0002,-94.26,0
BottomS000408,19.7396,35.1230,1.116e-18,2.218e-18,6.569e-18,0.0002,-90.47,0
BottomS000409,19.7397,35.1230,8.664e-18,6.946e-18,3.161e-18,-0.0,-84.77,1
BottomS000410,19.7395,35.1229,7.140e-17,4.905e-17,1.686e-17,-0.0001,-83.09,0
BottomS000411,19.7394,35.1232,2.235e-20,2.855e-20,3.337e-20,-0.0004,-87.33,0
BottomS000420,19.7842,34.7286,1.147e-19,1.228e-19,1.020e-19,0.0004,-91.5,0
BottomS000421,19.9566,35.2909,1.709e-20,2.101e-20,2.317e-20,0.0008,-90.64,0
BottomS000429,19.7125,34.6765,3.092e-17,2.333e-17,9.624e-18,-0.0005,-97.57,1
BottomS000430,20.0594,35.3767,1.098e-18,1.004e-18,6.067e-19,-0.0002,-91.91,0
BottomS000435,19.2975,35.0552,1.124e-19,1.302e-19,1.256e-19,-0.0003,-91.96,0
BottomS000438,19.9015,35.3691,2.136e-20,2.832e-20,3.547e-20,0.0006,-88.6,0
BottomS000446,19.8024,35.5933,1.469e-14,1.044e-14,3.771e-15,0.0001,-92.52,0
BottomS000449,19.8706,34.7721,1.286e-18,2.545e-18,7.244e-18,-0.0004,-88.7,0
BottomS000451,19.9045,35.5056,1.068e-19,1.160e-19,9.688e-20,0.0006,-99.88,0
BottomS000452,19.6853,34.7148,1.101e-14,7.394e-15,2.375e-15,0.0008,-86.57,0
BottomS000453,19.5369,34.9994,5.959e-20,6.824e-20,6.474e-20,0.0004,-90.58,0
BottomS000457,19.7049,35.1259,1.369e-20,1.760e-20,2.095e-20,0.0002,-93.37,0
BottomS000459,19.5314,34.8708,3.785e-18,6.595e-18,1.503e-17,0.0009,-98.74,0
BottomS000471,19.3743,34.7107,6.227e-19,5.834e-19,3.887e-19,0.0003,-96.47,0
BottomS000474,19.9315,34.8421,4.414e-18,7.477e-18,1.637e-17,0.0007,-97.75,0
BottomS000477,19.4491,35.2141,1.037e-19,1.110e-19,9.607e-20,0.0003,-95.39,0
BottomS000485,19.9727,35.1267,1.654e-19,1.644e-19,1.173e-19,-0.0002,-95.14,0
BottomS000486,19.6859,35.1004,1.255e-19,1.364e-19,1.159e-19,0.0011,-88.58,0
BottomS000494,19.5500,35.3419,1.236e-20,1.467e-20,1.490e-20,-0.0002,-88.17,0
BottomS000499,19.7840,34.9010,1.063e-20,1.404e-20,1.769e-20,-0.0007,-96.0,0
BottomS000501,19.4049,34.7895,4.864e-19,4.564e-19,2.964e-19,0.0,-90.07,0
BottomS000510,19.6007,35.5448,2.561e-19,2.491e-19,1.714e-19,0.0003,-84.97,0
BottomS000511,19.6390,35.5929,6.640e-20,7.817e-20,7.964e-20,0.0001,-93.57,0
BottomS000512,19.6317,35.2968,9.246e-19,1.655e-18,4.036e-18,-0.0008,-99.01,0
BottomS000516,19.8428,35.2225,2.032e-19,2.030e-19,1.451e-19,-0.0001,-92.37,0
BottomS000517,20.2975,35.4076,6.227e-20,6.973e-20,6.316e-20,-0.0001,-98.26,0
BottomS000519,20.0419,35.3117,3.565e-19,3.515e-19,2.473e-19,0.0009,-95.14,0
BottomS000525,19.7473,35.2327,1.058e-20,1.387e-20,1.810e-20,0.0002,-90.23,0
BottomS000526,20.1738,35.3894,2.506e-20,2.997e-20,2.972e-20,0.0005,-92.09,0
BottomS000535,19.4930,35.0555,1.186e-14,8.065e-15,2.634e-15,0.0001,-86.4,0
BottomS000537,19.3285,34.8868,3.451e-14,2.414e-14,8.589e-15,-0.0,-94.73,0
BottomS000539,20.0797,35.3787,3.441e-18,7.419e-18,2.542e-17,0.0004,-88.35,0
BottomS000541,19.5076,35.6688,1.809e-18,1.594e-18,8.809e-19,0.0004,-88.13,0
BottomS000544,19.7753,34.7932,7.898e-19,1.490e-18,4.023e-18,0.0005,-90.25,0
BottomS000554,19.7809,35.0935,2.768e-19,2.668e-19,1.759e-19,0.0006,-96.62,0
BottomS000557,19.6484,35.2361,4.329e-18,9.757e-18,3.831e-17,0.0,-92.24,0
BottomS000558,19.3560,34.9331,7.101e-19,1.136e-18,2.132e-18,0.0009,-99.59,0
BottomS000561,19.3798,35.3450,9.341e-20,9.585e-20,7.490e-20,0.0002,-92.96,0
BottomS000563,20.1518,35.3836,2.116e-18,1.813e-18,9.747e-19,-0.0001,-91.87,0
BottomS000569,19.6481,35.1273,1.036e-18,1.894e-18,4.842e-18,-0.0006,-91.7,0
BottomS000572,20.0097,35.6218,7.519e-20,8.428e-20,7.660e-20,-0.0,-85.64,0
BottomS000573,19.7633,35.1000,7.716e-20,8.273e-20,7.067e-20,-0.0002,-90.17,0
BottomS000575,19.6178,35.4011,1.199e-18,1.112e-18,7.035e-19,-0.0001,-87.01,0
BottomS000577,19.7940,35.0328,2.333e-19,2.371e-19,1.739e-19,-0.0003,-96.54,0
BottomS000579,19.7170,34.9542,6.214e-20,6.838e-20,5.936e-20,-0.0002,-99.37,0
BottomS000580,20.0851,35.1975,4.805e-20,5.786e-20,6.031e-20,-0.0006,-96.54,0
BottomS000587,19.5448,35.1713,2.370e-19,2.513e-19,2.015e-19,-0.0001,-94.85,0
BottomS000589,19.9698,35.0385,1.938e-19,2.068e-19,1.684e-19,-0.0007,-91.9,0
BottomS000597,19.7796,35.2109,8.562e-19,1.519e-18,3.545e-18,-0.0006,-91.58,0
BottomS000599,19.7335,35.2401,1.132e-18,2.091e-18,5.292e-18,0.0006,-92.14,0
BottomS000601,19.0927,34.9058,5.757e-19,9.379e-19,1.781e-18,0.0008,-89.93,0
BottomS000603,19.5800,34.9887,3.247e-20,3.760e-20,3.829e-20,0.0,-87.21,0
BottomS000608,19.7414,35.4957,6.245e-19,1.082e-18,2.395e-18,-0.0003,-95.38,0
BottomS000610,19.3693,34.8066,7.675e-20,8.666e-20,8.021e-20,-0.0003,-86.48,0
BottomS000618,19.9725,35.0735,2.084e-20,2.550e-20,2.845e-20,0.0008,-87.8,0
BottomS000620,19.9779,35.3759,2.961e-19,2.953e-19,2.151e-19,-0.0,-93.33,0
BottomS000621,20.0820,35.4925,3.889e-19,3.870e-19,2.682e-19,0.0001,-90.63,0
BottomS000622,20.0498,35.2989,2.123e-20,2.568e-20,2.697e-20,0.0003,-97.02,0
BottomS000624,19.5184,35.3505,2.936e-20,3.604e-20,3.972e-20,-0.0005,-93.48,0
BottomS000628,19.4357,35.1717,5.657e-20,6.913e-20,7.552e-20,0.0,-94.78,0
BottomS000641,19.9152,35.0617,1.758e-20,2.248e-20,2.750e-20,-0.0005,-98.23,0
BottomS000643,20.0056,35.2293,4.334e-20,4.648e-20,3.838e-20,0.0002,-92.07,0
BottomS000649,19.2963,35.2033,4.719e-19,7.848e-19,1.609e-18,0.001,-98.26,0
BottomS000652,20.2196,35.5426,9.821e-19,8.393e-19,4.365e-19,-0.0001,-94.1,0
BottomS000654,20.3492,35.7139,2.858e-19,2.828e-19,1.953e-19,0.0002,-96.07,0
BottomS000657,19.3808,35.2987,1.426e-20,1.871e-20,2.393e-20,0.0002,-91.13,0
BottomS000662,19.5615,35.1703,1.333e-19,1.328e-19,9.651e-20,-0.0007,-90.3,0
BottomS000666,19.5524,34.9440,1.395e-19,1.497e-19,1.272e-19,0.0004,-87.2,0
BottomS000667,19.8216,34.5640,5.267e-20,5.939e-20,5.477e-20,0.0,-99.11,0
BottomS000669,19.7854,34.9348,1.465e-19,1.496e-19,1.155e-19,0.0002,-96.25,0
BottomS000671,19.8817,34.8824,2.814e-19,2.712e-19,1.832e-19,0.0004,-100.14,0
BottomS000672,19.7425,35.3623,2.901e-18,4.455e-18,7.751e-18,-0.0003,-97.18,0
BottomS000675,19.8739,35.3550,8.659e-20,9.328e-20,7.930e-20,0.0001,-86.34,0
BottomS000677,19.5370,34.7953,3.901e-20,4.330e-20,4.083e-20,-0.0004,-89.51,0
BottomS000680,19.2771,34.6879,5.562e-20,6.513e-20,6.568e-20,-0.0002,-92.82,0
BottomS000681,19.5063,34.5253,3.277e-19,3.225e-19,2.319e-19,0.0001,-89.28,0
BottomS000689,19.8201,34.7601,3.807e-20,4.636e-20,4.832e-20,-0.0007,-88.75,0
BottomS000691,19.6907,35.7001,1.671e-20,2.064e-20,2.230e-20,-0.0003,-94.82,0
BottomS000694,20.0718,35.0740,4.403e-19,8.418e-19,2.436e-18,0.0004,-88.86,0
BottomS000696,19.9317,35.4938,4.630e-20,5.059e-20,4.494e-20,0.0001,-86.81,0
BottomS000698,19.6765,35.0305,5.770e-20,6.521e-20,5.897e-20,-0.0,-87.15,0
BottomS000703,19.6227,34.7318,1.257e-20,1.557e-20,1.760e-20,-0.0003,-90.13,0
BottomS000707,19.6532,35.0741,4.086e-20,4.971e-20,5.205e-20,0.0004,-89.73,0
BottomS000723,19.5189,35.4425,1.623e-18,2.552e-18,4.517e-18,0.0011,-96.56,0
BottomS000729,19.9570,34.8427,1.462e-19,1.504e-19,1.165e-19,-0.0003,-100.65,0
BottomS000730,19.9762,34.8992,1.947e-19,1.957e-19,1.429e-19,0.0004,-86.29,0
BottomS000732,19.5445,34.6211,1.213e-20,1.595e-20,1.967e-20,-0.0008,-97.59,0
BottomS000737,20.0090,34.9716,1.299e-20,1.701e-20,2.123e-20,-0.0011,-86.21,0
BottomS000740,19.3915,35.2039,3.283e-18,6.260e-18,1.751e-17,0.0003,-85.55,0
BottomS000748,19.5867,34.5154,1.999e-18,1.788e-18,1.003e-18,-0.0009,-87.31,0
BottomS000751,19.6949,34.9802,2.598e-19,2.585e-19,1.806e-19,0.0007,-86.55,0
BottomS000753,19.9519,34.8141,1.648e-18,2.490e-18,4.057e-18,0.0002,-90.06,0
BottomS000755,19.1552,35.3720,1.803e-20,2.285e-20,2.620e-20,0.0006,-89.89,0
BottomS000763,20.1343,35.1268,4.302e-19,4.065e-19,2.697e-19,0.0002,-92.28,0
BottomS000767,19.6266,35.4797,1.381e-19,1.485e-19,1.226e-19,0.0009,-89.83,0
BottomS000773,19.8477,34.8776,3.372e-19,3.428e-19,2.489e-19,-0.0001,-93.27,0
BottomS000778,20.0099,35.3171,1.145e-18,1.023e-18,6.030e-19,0.0009,-87.49,0
BottomS000779,19.6451,34.7556,6.018e-20,7.277e-20,7.837e-20,0.0002,-94.42,0
BottomS000782,19.8238,35.2199,2.046e-18,1.768e-18,9.399e-19,0.0007,-96.09,0
BottomS000783,19.8110,35.7135,2.647e-20,3.170e-20,3.429e-20,0.0012,-94.92,0
BottomS000787,19.4894,34.6607,5.828e-14,5.109e-14,2.778e-14,0.001,-89.56,1
BottomS000788,19.6619,35.2872,6.324e-14,4.890e-14,2.156e-14,0.0,-90.63,1
BottomS000789,19.4372,34.9913,3.912e-18,3.189e-18,1.558e-18,0.0,-92.67,0
BottomS000793,19.8318,35.0251,3.329e-20,3.968e-20,4.079e-20,-0.0001,-86.83,0
BottomS000796,19.5029,34.8725,2.271e-19,4.621e-19,1.468e-18,0.0003,-95.17,0
BottomS000801,19.5728,35.4236,8.672e-20,1.035e-19,1.061e-19,0.0009,-97.9,0
BottomS000809,19.3485,35.0058,9.031e-19,8.342e-19,5.098e-19,0.0004,-91.54,0
BottomS000813,19.3795,35.2065,3.353e-20,4.262e-20,5.006e-20,0.0011,-90.82,0
BottomS000818,19.6949,35.0528,4.131e-20,4.772e-20,4.513e-20,0.0009,-91.27,0
BottomS000826,19.5696,35.0027,2.671e-19,2.689e-19,1.928e-19,-0.0003,-88.43,0
BottomS000830,19.3754,35.0656,2.185e-19,2.179e-19,1.598e-19,0.0008,-86.48,0
BottomS000837,19.3534,35.2614,1.773e-20,2.271e-20,2.809e-20,0.0002,-100.77,0
BottomS000841,19.5934,34.8097,2.123e-18,3.078e-18,4.854e-18,-0.0005,-99.51,0
BottomS000848,19.5277,34.8343,2.584e-20,3.041e-20,3.109e-20,-0.0008,-92.18,0
BottomS000851,19.7114,35.1648,3.039e-19,2.954e-19,2.011e-19,-0.0004,-93.82,0
BottomS000857,19.5562,35.1828,1.499e-20,1.949e-20,2.434e-20,-0.0009,-90.93,0
BottomS000858,19.9277,34.5779,2.292e-20,2.845e-20,3.149e-20,-0.0001,-88.19,0
BottomS000861,19.1820,34.5062,1.299e-19,1.378e-19,1.099e-19,-0.0002,-91.32,0
BottomS000863,19.8391,34.8038,1.283e-20,1.698e-20,2.168e-20,0.0003,-93.78,0
BottomS000867,19.4687,34.5119,4.367e-14,3.266e-14,1.342e-14,0.0005,-88.85,1
BottomS000868,19.7979,34.9290,6.214e-20,6.922e-20,6.220e-20,0.0003,-94.25,0
BottomS000870,19.5833,35.0710,4.069e-14,3.633e-14,2.140e-14,0.0002,-91.04,1
BottomS000871,19.9547,34.5576,2.688e-20,3.494e-20,4.440e-20,0.0004,-90.81,0
BottomS000875,19.9779,35.3126,2.228e-19,2.363e-19,1.950e-19,-0.0004,-98.72,0
BottomS000877,19.2322,34.9130,2.174e-20,2.544e-20,2.512e-20,-0.0003,-87.32,0
BottomS000878,19.6244,35.1969,1.831e-20,2.334e-20,2.686e-20,0.0002,-87.98,0
BottomS000880,19.6352,35.2682,9.395e-15,6.113e-15,1.888e-15,0.0,-96.85,0
BottomS000884,19.7461,34.5490,4.088e-19,4.168e-19,3.042e-19,0.0007,-96.82,0
BottomS000885,19.7908,35.0801,1.469e-18,1.277e-18,6.752e-19,-0.0001,-98.41,0
BottomS000887,19.4913,35.2416,2.172e-19,2.135e-19,1.475e-19,0.0004,-92.83,0
BottomS000890,19.6879,35.0435,3.716e-20,4.670e-20,5.550e-20,-0.0006,-96.52,0
BottomS000891,19.9343,35.4752,5.516e-20,5.913e-20,4.857e-20,0.0002,-86.04,0
BottomS000893,19.6609,34.8951,7.863e-19,1.481e-18,3.925e-18,0.0004,-98.67,0
BottomS000894,19.5588,34.9765,1.434e-20,1.733e-20,1.904e-20,-0.0001,-85.74,0
BottomS000895,19.9614,35.4228,1.429e-14,9.603e-15,3.205e-15,0.0009,-90.46,0
BottomS000898,19.5122,34.7476,3.321e-20,3.849e-20,3.805e-20,0.0004,-100.18,0
BottomS000900,19.8986,34.9196,1.709e-20,2.022e-20,2.106e-20,-0.0001,-89.36,0
BottomS000904,19.9144,34.8940,1.806e-19,1.903e-19,1.522e-19,-0.0005,-95.81,0
BottomS000909,19.4490,35.3277,2.100e-19,2.079e-19,1.526e-19,0.0003,-90.87,0
BottomS000911,19.8244,34.9972,7.967e-20,8.592e-20,7.273e-20,0.0002,-99.78,0
BottomS000913,19.6677,35.1648,1.116e-19,1.150e-19,8.810e-20,0.0004,-95.99,0
BottomS000914,19.9621,34.8566,3.197e-20,3.788e-20,3.834e-20,0.0001,-85.23,0
BottomS000919,19.5733,35.4398,3.528e-19,3.391e-19,2.345e-19,-0.0003,-90.42,0
BottomS000928,19.4396,35.4040,2.317e-19,2.352e-19,1.688e-19,-0.0005,-86.62,0
BottomS000932,20.0187,35.6104,3.445e-20,4.078e-20,4.088e-20,0.0006,-100.2,0
BottomS000936,19.7152,34.6084,1.595e-20,2.135e-20,2.756e-20,-0.0004,-100.97,0
BottomS000941,19.6103,34.5736,1.295e-19,1.403e-19,1.197e-19,0.0006,-98.53,0
BottomS000944,19.2779,34.9790,4.598e-20,5.486e-20,5.740e-20,-0.0008,-85.25,0
BottomS000947,19.5241,34.9468,5.894e-20,6.537e-20,6.021e-20,-0.0001,-96.21,0
BottomS000948,19.9369,35.0862,3.205e-19,3.181e-19,2.276e-19,-0.0005,-94.37,0
BottomS000949,20.4457,35.1224,3.771e-19,3.639e-19,2.545e-19,0.0002,-87.87,0
BottomS000955,19.6325,35.2099,2.471e-14,1.711e-14,5.849e-15,-0.0007,-97.29,0
BottomS000957,19.3354,35.1076,4.504e-19,8.877e-19,2.603e-18,-0.0005,-99.52,0
BottomS000961,19.3722,35.0643,1.354e-14,9.181e-15,3.113e-15,-0.0005,-85.73,0
BottomS000963,19.8634,34.9292,3.013e-20,3.428e-20,3.261e-20,-0.0002,-98.55,0
BottomS000966,19.7079,35.3915,1.224e-20,1.603e-20,2.044e-20,0.0002,-92.59,0
BottomS000967,19.1087,35.2204,1.056e-20,1.403e-20,1.818e-20,-0.0003,-90.68,0
BottomS000968,19.7523,35.3873,9.681e-20,1.071e-19,9.386e-20,0.0009,-100.56,0
BottomS000976,19.9116,34.7701,1.315e-18,1.925e-18,3.029e-18,0.0002,-96.06,0
BottomS000993,19.6432,35.3051,3.330e-20,4.044e-20,4.333e-20,0.0006,-97.92,0
BottomS000995,19.3601,35.2375,1.686e-17,4.791e-17,3.059e-16,-0.0002,-95.64,0
BottomS001000,19.9618,35.2572,9.574e-19,1.630e-18,3.584e-18,0.0008,-99.77,0
BottomS001001,20.0773,35.4951,5.401e-20,6.258e-20,5.778e-20,0.0006,-100.02,0
BottomS001003,19.7494,35.0044,2.005e-20,2.538e-20,2.934e-20,-0.0002,-97.24,0
BottomS001004,19.6314,34.9953,1.950e-20,2.454e-20,2.926e-20,0.0008,-96.15,0
BottomS001005,19.9820,35.0607,1.635e-20,2.046e-20,2.377e-20,0.0004,-99.86,0
BottomS001006,19.5063,35.4728,1.619e-20,1.980e-20,2.117e-20,0.0001,-100.59,0
BottomS001014,19.7741,35.3014,9.403e-19,8.436e-19,4.919e-19,-0.0005,-89.83,0
BottomS001018,20.2789,35.4332,1.777e-20,2.367e-20,3.159e-20,0.0001,-91.03,0
BottomS001023,20.1488,34.7666,1.650e-20,1.906e-20,1.897e-20,0.0012,-99.09,0
BottomS001031,19.5913,35.1259,1.097e-18,9.720e-19,5.307e-19,-0.0007,-93.49,0
BottomS001034,19.3039,35.4652,1.293e-18,1.897e-18,3.080e-18,0.0002,-85.15,0
BottomS001035,20.0260,35.2496,1.033e-20,1.334e-20,1.570e-20,-0.0007,-96.69,0
BottomS001036,19.8149,35.3179,3.019e-20,3.489e-20,3.286e-20,-0.0002,-93.8,0
BottomS001037,19.8582,35.3819,6.540e-19,9.971e-19,1.733e-18,-0.0002,-89.91,0
BottomS001051,19.9246,35.3221,4.093e-19,4.057e-19,2.743e-19,0.0,-100.86,0
BottomS001052,19.7865,34.9434,1.019e-19,1.194e-19,1.193e-19,0.0008,-90.21,0
BottomS001054,20.1807,34.7819,8.245e-20,9.255e-20,8.473e-20,0.0003,-98.83,0
BottomS001057,19.6023,35.0529,6.849e-20,7.259e-20,5.929e-20,-0.0003,-96.43,0
BottomS001060,19.4927,34.8069,3.020e-14,3.235e-14,2.690e-14,-0.0002,-94.45,1
BottomS001065,19.4202,35.0418,4.195e-17,3.006e-17,1.156e-17,-0.0003,-87.68,0
BottomS001069,19.7730,35.0556,2.629e-19,2.629e-19,1.873e-19,-0.0001,-87.06,0
BottomS001070,19.7157,35.2467,4.559e-14,3.248e-14,1.229e-14,0.0006,-97.64,0
BottomS001074,19.8112,35.5397,3.419e-18,5.631e-18,1.128e-17,0.0001,-90.8,0
BottomS001075,19.6529,34.5558,1.652e-18,2.724e-18,5.409e-18,0.0001,-95.37,0
BottomS001080,19.8158,34.5137,9.869e-19,2.003e-18,6.280e-18,-0.0,-100.9,0
BottomS001083,19.8495,35.5172,5.811e-19,5.769e-19,4.141e-19,0.0001,-86.22,0
BottomS001084,19.4254,35.3400,8.783e-20,9.544e-20,7.937e-20,0.0004,-95.96,0
BottomS001088,19.3969,35.3447,9.694e-19,1.734e-18,4.122e-18,0.0002,-85.78,0
BottomS001090,19.6159,35.0968,1.409e-20,1.743e-20,1.956e-20,-0.0005,-87.26,0
BottomS001091,19.5365,34.9053,8.798e-20,9.789e-20,8.435e-20,-0.0004,-93.27,0
BottomS001092,19.9698,34.9785,1.795e-18,3.537e-18,1.033e-17,-0.0004,-91.84,0
BottomS001098,19.0659,35.2647,3.414e-18,2.926e-18,1.577e-18,0.0011,-91.31,0
BottomS001099,19.4705,34.8581,1.889e-20,2.367e-20,2.663e-20,-0.001,-98.54,0
BottomS001100,20.0601,35.5369,2.581e-20,3.149e-20,3.408e-20,-0.0,-98.03,0
BottomS001109,19.7483,35.3010,3.454e-20,4.072e-20,4.120e-20,-0.0009,-99.27,0
BottomS001115,19.7244,35.1847,2.337e-20,2.746e-20,2.767e-20,-0.0003,-94.94,0
BottomS001119,19.9582,35.1709,1.324e-19,1.384e-19,1.132e-19,0.0004,-96.04,0
BottomS001120,20.4555,35.4825,2.445e-20,3.118e-20,3.848e-20,-0.0001,-100.01,0
BottomS001121,19.8684,35.3537,3.825e-20,4.667e-20,4.969e-20,-0.0007,-94.26,0
BottomS001126,19.9005,35.0658,3.850e-20,4.537e-20,4.529e-20,-0.0001,-93.8,0
BottomS001127,19.4363,34.6986,2.817e-19,2.772e-19,1.939e-19,-0.0001,-93.56,0
BottomS001128,19.5825,35.2415,2.884e-20,3.514e-20,3.919e-20,0.0001,-86.27,0
BottomS001129,19.6512,35.0744,7.852e-20,9.096e-20,8.738e-20,-0.0005,-87.51,0
BottomS001130,19.7927,35.1504,9.246e-20,9.849e-20,8.106e-20,0.0003,-91.82,0
BottomS001133,19.6434,34.9109,2.012e-20,2.473e-20,2.740e-20,-0.0002,-97.19,0
BottomS001137,19.4425,34.8372,1.948e-19,2.042e-19,1.583e-19,0.0001,-99.18,0
BottomS001140,19.6150,35.4129,2.900e-18,4.898e-18,1.044e-17,0.0006,-86.28,0
BottomS001144,19.8948,35.7936,1.067e-18,2.048e-18,5.664e-18,0.0001,-91.53,0
BottomS001156,19.5715,35.0713,2.263e-20,2.719e-20,2.855e-20,0.0002,-92.82,0
BottomS001165,19.9120,36.0491,1.109e-17,8.877e-18,4.066e-18,-0.0001,-97.31,0
BottomS001166,19.9204,35.1192,2.220e-19,2.292e-19,1.729e-19,0.0002,-89.99,0
BottomS001171,19.6496,35.0382,2.914e-19,2.840e-19,1.904e-19,0.0003,-88.91,0
BottomS001175,20.3425,35.0471,3.637e-19,3.585e-19,2.551e-19,-0.0003,-100.42,0
BottomS001192,19.8073,35.6523,6.685e-20,7.319e-20,6.391e-20,0.0003,-90.08,0
BottomS001193,19.8449,35.1249,3.911e-19,3.918e-19,2.793e-19,-0.0001,-92.0,0
BottomS001195,19.5659,35.1082,1.137e-20,1.524e-20,2.050e-20,-0.0001,-93.65,0
BottomS001197,19.5308,35.0874,1.188e-20,1.588e-20,2.050e-20,0.0003,-88.97,0
BottomS001204,19.4696,34.6498,1.364e-18,2.498e-18,6.191e-18,-0.0004,-85.8,0
BottomS001205,19.7574,35.2289,3.692e-20,4.388e-20,4.446e-20,0.0007,-87.7,0
BottomS001206,19.5203,34.7811,1.291e-18,1.135e-18,6.416e-19,0.0,-87.57,0
BottomS001210,19.6394,35.2835,1.294e-19,1.401e-19,1.178e-19,-0.0005,-99.01,0
BottomS001213,19.8238,35.3748,1.632e-20,1.983e-20,2.213e-20,-0.0,-100.1,0
BottomS001214,19.2478,34.8809,4.953e-20,5.472e-20,4.782e-20,-0.0003,-92.62,0
BottomS001219,19.6448,35.2826,3.487e-19,3.521e-19,2.569e-19,-0.0001,-98.69,0
BottomS001220,20.0416,35.6185,5.413e-20,6.488e-20,6.534e-20,-0.0,-97.12,0
BottomS001221,19.5324,35.4402,4.552e-20,5.369e-20,5.546e-20,-0.0002,-97.33,0
BottomS001222,19.3217,34.8137,2.117e-14,1.446e-14,4.871e-15,0.0006,-99.97,0
BottomS001223,19.7034,35.4668,7.837e-19,1.443e-18,3.692e-18,-0.0002,-100.33,0
BottomS001244,19.6494,34.9316,7.398e-20,7.909e-20,6.535e-20,-0.0007,-86.81,0
BottomS001246,20.3672,35.6277,1.112e-19,1.235e-19,1.095e-19,0.0007,-91.26,0
BottomS001248,19.8174,34.6796,1.860e-19,1.835e-19,1.300e-19,0.0006,-88.02,0
BottomS001253,20.0181,35.2005,1.759e-19,1.744e-19,1.246e-19,0.0003,-90.7,0
BottomS001256,19.5889,35.1974,1.686e-20,2.069e-20,2.343e-20,0.0009,-91.98,0
BottomS001262,19.8123,35.2124,2.472e-19,2.533e-19,1.923e-19,-0.0003,-91.75,0
BottomS001263,19.6491,35.0715,5.600e-19,5.162e-19,3.159e-19,-0.0002,-88.33,0
BottomS001264,19.4127,34.8426,3.396e-19,3.376e-19,2.443e-19,0.0002,-86.11,0
BottomS001266,19.5777,35.1600,2.677e-19,2.677e-19,1.959e-19,-0.0002,-99.55,0
BottomS001267,19.7058,34.6805,1.358e-20,1.798e-20,2.309e-20,0.0003,-86.13,0
BottomS001269,20.0663,34.9134,1.769e-19,1.802e-19,1.341e-19,-0.0001,-92.25,0
BottomS001270,20.4376,35.5567,1.048e-18,1.519e-18,2.490e-18,-0.0006,-93.64,0
BottomS001272,20.2212,35.0720,6.767e-20,7.356e-20,6.420e-20,-0.0,-98.35,0
BottomS001274,19.9786,35.3405,2.325e-14,1.695e-14,6.297e-15,-0.0014,-98.8,0
BottomS001280,20.0533,35.5645,2.260e-20,2.914e-20,3.567e-20,-0.0005,-95.19,0
BottomS001282,19.3874,35.1675,1.561e-20,1.855e-20,1.955e-20,0.0,-97.27,0
BottomS001283,19.9648,34.9324,1.390e-20,1.856e-20,2.501e-20,0.0005,-99.46,0
BottomS001284,19.7585,34.7764,6.385e-20,7.367e-20,7.107e-20,-0.0002,-97.7,0
BottomS001285,19.8647,34.9968,3.346e-18,2.771e-18,1.334e-18,0.0003,-87.33,0
BottomS001286,19.7630,34.5668,7.553e-20,8.063e-20,6.570e-20,-0.0005,-89.34,0
BottomS001292,19.8372,34.9055,2.095e-20,2.500e-20,2.647e-20,0.0004,-91.46,0
BottomS001302,20.0513,35.6299,1.657e-19,1.762e-19,1.443e-19,0.0002,-97.1,0
BottomS001310,19.4973,34.8389,4.574e-14,3.541e-14,1.580e-14,0.0004,-86.68,1
BottomS001315,19.7742,35.7104,2.048e-20,2.675e-20,3.372e-20,0.0004,-97.38,0
BottomS001318,19.7490,35.3357,1.488e-18,3.097e-18,1.015e-17,-0.0005,-87.86,0
BottomS001320,20.0107,35.2959,1.374e-18,2.834e-18,9.182e-18,0.0005,-96.48,0
BottomS001321,19.6430,35.4141,1.676e-20,2.067e-20,2.314e-20,0.0004,-94.33,0
BottomS001322,20.0422,35.1146,3.549e-18,3.038e-18,1.576e-18,0.0014,-98.99,0
BottomS001324,20.2739,35.4257,1.080e-20,1.441e-20,1.881e-20,0.0013,-90.91,0
BottomS001325,20.0048,34.8539,1.686e-20,2.167e-20,2.606e-20,-0.0009,-99.81,0
BottomS001327,19.3601,34.7287,5.174e-19,4.782e-19,2.936e-19,-0.0001,-93.31,0
BottomS001328,19.7481,34.9583,1.200e-20,1.552e-20,1.918e-20,0.0016,-87.84,0
BottomS001334,19.5164,35.5170,3.224e-19,6.358e-19,1.901e-18,-0.0008,-100.53,0
BottomS001336,19.7192,35.3049,2.664e-19,3.577e-19,4.686e-19,0.0007,-93.05,0
BottomS001341,19.9097,35.4672,9.065e-19,1.737e-18,4.787e-18,-0.0005,-93.72,0
BottomS001346,19.6985,34.9813,2.484e-18,4.580e-18,1.173e-17,0.0004,-92.07,0
BottomS001347,19.5769,34.8552,1.272e-18,1.667e-18,2.139e-18,0.0002,-93.05,0
BottomS001348,19.9615,35.3687,1.036e-18,1.773e-18,4.033e-18,-0.0002,-90.52,0
BottomS001354,19.7216,34.8438,1.155e-19,1.201e-19,9.571e-20,-0.0003,-95.94,0
BottomS001361,19.8639,34.8517,6.872e-18,5.369e-18,2.449e-18,0.001,-95.56,0
BottomS001365,19.5814,35.1706,1.172e-18,2.105e-18,5.177e-18,-0.0001,-91.58,0
BottomS001370,19.5399,34.9923,8.020e-19,7.658e-19,4.852e-19,0.0001,-100.18,0
BottomS001372,19.3674,34.9550,1.029e-20,1.410e-20,1.899e-20,0.0001,-84.79,0
BottomS001373,19.3913,34.5530,2.072e-20,2.552e-20,2.761e-20,-0.0001,-101.2,0
BottomS001376,19.4000,35.0020,6.600e-20,7.139e-20,6.159e-20,-0.0002,-93.53,0
BottomS001378,19.9271,35.3152,6.062e-14,4.894e-14,2.268e-14,-0.0006,-98.93,1
BottomS001380,19.7341,34.9248,1.326e-19,1.382e-19,1.100e-19,0.0002,-86.77,0
BottomS001382,20.1891,35.2780,4.011e-15,2.631e-15,8.087e-16,0.0002,-95.85,0
BottomS001385,19.3801,35.5079,2.874e-20,3.302e-20,3.223e-20,0.0004,-91.72,0
BottomS001391,20.2216,35.2186,4.328e-19,7.811e-19,1.994e-18,-0.0003,-100.6,0
BottomS001393,19.7595,35.0544,4.540e-20,5.248e-20,5.020e-20,-0.0004,-88.92,0
BottomS001395,20.0287,35.2570,5.421e-20,6.306e-20,6.094e-20,-0.0005,-93.47,0
BottomS001401,19.5083,34.9581,1.398e-19,1.465e-19,1.192e-19,-0.0007,-90.43,0
BottomS001409,19.7240,35.4329,6.413e-14,5.066e-14,2.357e-14,0.0003,-95.02,1
BottomS001412,19.6146,35.0296,2.974e-18,6.090e-18,1.941e-17,0.0,-91.68,0
BottomS001415,20.1881,34.7875,5.464e-14,4.056e-14,1.612e-14,-0.0004,-100.82,0
BottomS001419,19.7634,35.5186,1.903e-18,4.167e-18,1.487e-17,0.0,-87.65,0
BottomS001421,19.3348,35.4498,3.617e-20,4.211e-20,4.245e-20,-0.001,-96.29,0
BottomS001425,20.0974,35.5094,3.447e-14,2.395e-14,8.399e-15,-0.0006,-95.12,0
BottomS001428,19.7402,34.9893,1.280e-18,1.139e-18,6.351e-19,0.0002,-87.76,0
BottomS001438,19.8320,35.3944,1.558e-20,2.023e-20,2.490e-20,-0.0,-87.03,0
BottomS001439,20.3651,35.3135,1.290e-19,1.355e-19,1.084e-19,0.0003,-89.3,0
BottomS001442,19.7359,35.2031,5.015e-20,5.679e-20,5.158e-20,0.0002,-95.76,0
BottomS001443,19.4486,35.0250,3.507e-20,4.007e-20,3.700e-20,-0.0002,-95.94,0
BottomS001445,19.9822,34.7186,1.836e-18,2.636e-18,4.069e-18,-0.0005,-92.69,0
BottomS001454,19.8294,34.8596,3.021e-20,3.573e-20,3.637e-20,-0.0002,-99.81,0
BottomS001457,19.6713,35.4206,5.482e-19,1.084e-18,3.221e-18,-0.0002,-92.39,0
BottomS001459,19.7235,34.9649,3.389e-14,2.609e-14,1.144e-14,0.0007,-88.15,1
BottomS001460,19.9528,34.7711,1.091e-19,1.211e-19,1.071e-19,0.0002,-90.99,0
BottomS001461,19.9818,34.7232,3.154e-20,3.818e-20,4.125e-20,-0.0009,-88.23,0
BottomS001462,20.0894,35.5077,5.044e-18,4.064e-18,1.871e-18,0.0002,-88.75,0
BottomS001465,19.8286,34.7041,8.999e-19,7.964e-19,4.650e-19,0.0008,-97.22,0
BottomS001470,19.6452,34.8654,2.103e-19,2.131e-19,1.548e-19,-0.0006,-85.98,0
BottomS001477,19.6208,35.0906,2.540e-19,2.573e-19,1.837e-19,0.0015,-93.49,0
BottomS001481,20.2326,35.3054,1.096e-20,1.494e-20,2.020e-20,0.0002,-95.34,0
BottomS001482,20.0205,35.3040,8.848e-15,5.891e-15,1.883e-15,0.0008,-91.81,0
BottomS001486,19.7941,34.8915,1.630e-20,1.977e-20,2.197e-20,-0.0008,-97.13,0
BottomS001488,19.5483,35.0681,3.316e-19,3.232e-19,2.286e-19,0.0008,-93.73,0
BottomS001492,19.5608,35.0198,3.012e-18,7.526e-18,3.625e-17,-0.0002,-87.84,0
BottomS001495,20.0414,35.1046,1.977e-20,2.630e-20,3.422e-20,0.0002,-90.49,0
BottomS001501,20.0315,34.9600,8.673e-20,9.375e-20,7.999e-20,0.0013,-87.7,0
BottomS001502,19.8461,35.6117,7.749e-20,8.500e-20,7.214e-20,0.0005,-95.83,0
BottomS001504,19.7167,35.0199,2.990e-18,4.662e-18,8.459e-18,-0.0001,-93.75,0
BottomS001505,19.4831,34.9586,5.027e-20,5.632e-20,5.160e-20,0.0003,-91.6,0
BottomS001506,19.8546,35.0975,1.528e-19,1.629e-19,1.322e-19,0.0003,-98.15,0
BottomS001515,19.5813,35.0149,2.971e-19,5.075e-19,1.114e-18,0.0001,-88.94,0
BottomS001516,20.2718,35.5832,7.807e-20,8.846e-20,8.618e-20,0.0006,-95.09,0
BottomS001520,19.8027,35.2003,2.524e-20,3.139e-20,3.376e-20,0.0008,-86.75,0
BottomS001521,19.8232,34.6899,4.141e-18,3.409e-18,1.646e-18,-0.0008,-93.91,0
BottomS001522,19.3764,35.2549,6.063e-19,5.617e-19,3.391e-19,-0.0006,-95.89,0
BottomS001523,19.5773,34.9526,1.197e-18,2.532e-18,8.797e-18,0.0002,-91.9,0
BottomS001527,19.5134,34.7344,1.448e-19,1.493e-19,1.138e-19,-0.0007,-91.41,0
BottomS001533,19.9391,35.3828,1.238e-18,3.067e-18,1.457e-17,-0.0005,-90.75,0
BottomS001539,19.9695,35.2020,2.856e-20,3.435e-20,3.600e-20,-0.0005,-95.4,0
BottomS001547,19.8457,35.5053,2.455e-18,5.919e-18,2.588e-17,-0.0002,-90.82,0
BottomS001550,20.2063,35.3907,4.112e-20,4.699e-20,4.609e-20,-0.0003,-90.37,0
BottomS001551,19.6106,35.4039,2.886e-20,3.372e-20,3.296e-20,0.0003,-91.6,0
BottomS001552,19.5467,35.3224,8.421e-20,8.974e-20,7.301e-20,-0.0003,-94.94,0
BottomS001554,19.1485,35.1272,2.109e-18,1.877e-18,1.022e-18,-0.0001,-95.37,0
BottomS001559,19.4292,34.9414,3.541e-20,4.081e-20,3.981e-20,-0.0001,-97.28,0
BottomS001560,19.8769,34.9066,2.277e-18,3.964e-18,8.954e-18,-0.0004,-91.29,0
BottomS001562,19.7286,35.1616,3.413e-20,4.145e-20,4.504e-20,0.0005,-93.49,0
BottomS001564,20.4883,35.2338,8.125e-19,1.284e-18,2.382e-18,0.0005,-86.75,0
BottomS001566,19.6203,35.1377,4.921e-18,1.247e-17,6.313e-17,-0.0001,-98.44,0
BottomS001568,19.3802,35.2918,1.326e-19,1.395e-19,1.153e-19,-0.0003,-91.04,0
BottomS001569,19.0055,35.2094,1.102e-19,1.200e-19,1.006e-19,-0.0003,-95.68,0
BottomS001570,19.7363,35.1662,2.207e-20,2.693e-20,2.863e-20,-0.0009,-89.41,0
BottomS001575,20.1389,35.3490,2.407e-20,3.079e-20,3.762e-20,-0.0007,-85.44,0
BottomS001584,19.7577,35.3176,1.088e-20,1.481e-20,1.951e-20,-0.0004,-100.44,0
BottomS001590,19.9754,34.9953,7.692e-20,8.522e-20,7.543e-20,0.0001,-100.25,0
BottomS001591,19.5479,35.1701,1.590e-19,1.669e-19,1.348e-19,-0.0001,-98.37,0
BottomS001601,19.5487,34.9500,8.754e-19,1.556e-18,3.641e-18,0.0,-88.86,0
BottomS001603,19.4147,35.1579,2.981e-18,4.284e-18,6.519e-18,-0.0001,-96.72,0
BottomS001616,19.6934,35.2592,1.034e-20,1.373e-20,1.801e-20,0.0007,-88.87,0
BottomS001621,19.9852,35.0556,9.839e-19,1.923e-18,5.459e-18,-0.0011,-99.24,0
BottomS001622,19.9374,35.0071,1.882e-20,2.268e-20,2.323e-20,-0.0004,-96.09,0
BottomS001630,19.6671,35.1748,1.056e-20,1.400e-20,1.814e-20,-0.0004,-90.17,0
BottomS001633,19.9576,35.3096,1.963e-14,1.362e-14,4.708e-15,0.0003,-94.95,0
BottomS001635,19.7692,35.2426,4.007e-20,4.779e-20,4.878e-20,-0.0006,-94.56,0
BottomS001637,19.6097,34.4441,5.285e-20,5.856e-20,5.249e-20,-0.0006,-95.49,0
BottomS001638,20.0104,35.5477,9.377e-19,8.388e-19,4.938e-19,-0.0007,-95.81,0
BottomS001643,19.5577,35.0393,7.147e-19,6.490e-19,3.995e-19,0.0003,-87.8,0
BottomS001645,19.4859,35.0013,6.822e-19,1.220e-18,2.905e-18,0.0004,-96.79,0
BottomS001646,19.7473,35.1408,6.848e-19,1.076e-18,2.025e-18,0.0005,-94.15,0
BottomS001648,19.8452,35.5776,3.136e-18,2.608e-18,1.293e-18,-0.0003,-85.34,0
BottomS001650,20.0839,35.3936,1.817e-20,2.296e-20,2.662e-20,-0.0005,-100.45,0
BottomS001653,19.8886,35.5163,5.453e-20,6.303e-20,6.060e-20,-0.0005,-100.29,0
BottomS001662,20.2238,34.9429,2.740e-20,3.524e-20,4.424e-20,-0.0005,-86.15,0
BottomS001667,20.0769,34.8753,2.336e-20,3.032e-20,3.855e-20,0.0003,-91.54,0
BottomS001668,19.6811,35.0901,3.516e-20,4.129e-20,4.076e-20,-0.0001,-87.62,0
BottomS001672,19.7019,35.1742,3.347e-20,4.326e-20,5.120e-20,0.0002,-91.13,0
BottomS001674,19.8029,34.7264,4.462e-20,5.183e-20,5.096e-20,0.0004,-100.43,0
BottomS001682,19.6962,34.6564,3.686e-14,2.616e-14,9.268e-15,-0.0002,-98.77,0
BottomS001685,20.0087,35.3867,3.698e-20,4.309e-20,4.253e-20,-0.0013,-92.89,0
BottomS001689,19.7166,35.1991,3.322e-20,4.035e-20,4.287e-20,0.0007,-95.54,0
BottomS001690,19.5802,35.1156,9.239e-20,1.010e-19,8.707e-20,0.0009,-90.79,0
BottomS001694,19.7721,34.7083,2.125e-20,2.483e-20,2.594e-20,0.0003,-92.45,0
BottomS001695,19.4270,35.0127,5.543e-20,6.263e-20,5.753e-20,0.0001,-91.8,0
BottomS001703,19.3301,34.6303,3.782e-20,4.197e-20,3.720e-20,0.0005,-92.84,0
BottomS001704,19.6472,34.8992,6.477e-20,7.247e-20,6.683e-20,0.0004,-87.42,0
BottomS001718,19.6578,35.0571,1.455e-20,1.901e-20,2.262e-20,0.0007,-86.54,0
BottomS001739,19.9703,35.2243,4.095e-20,4.705e-20,4.373e-20,-0.0003,-87.87,0
BottomS001744,19.6306,35.1357,6.187e-19,5.511e-19,3.112e-19,0.0004,-94.83,0
BottomS001745,19.4239,34.8590,1.171e-19,1.218e-19,9.650e-20,-0.0,-100.54,0
BottomS001746,19.6463,35.1522,5.099e-14,4.348e-14,2.341e-14,-0.0001,-97.45,1
BottomS001748,19.5142,35.2622,6.150e-19,1.335e-18,4.730e-18,0.0008,-86.78,0
BottomS001754,19.5752,35.0301,1.758e-20,2.205e-20,2.587e-20,-0.0005,-91.64,0
BottomS001760,19.7075,35.0185,4.522e-20,4.945e-20,4.323e-20,-0.0004,-98.39,0
BottomS001767,19.3337,35.0304,2.685e-18,6.234e-18,2.553e-17,0.0005,-100.31,0
BottomS001769,19.7527,35.2830,1.027e-20,1.390e-20,1.853e-20,0.0002,-93.43,0
BottomS001772,19.5498,35.1310,1.233e-18,2.458e-18,7.403e-18,-0.0006,-88.74,0
BottomS001792,19.7746,35.5551,2.839e-20,3.282e-20,3.202e-20,-0.0003,-98.31,0
BottomS001795,19.8962,35.3693,1.473e-19,1.555e-19,1.315e-19,-0.0,-86.18,0
BottomS001797,19.3611,35.2574,1.254e-20,1.653e-20,2.105e-20,-0.0006,-86.79,0
BottomS001798,20.1997,35.4196,5.688e-20,6.513e-20,6.288e-20,0.0014,-98.66,0
BottomS001807,19.2616,34.9044,3.593e-20,4.194e-20,4.093e-20,0.0005,-97.36,0
BottomS001809,19.6455,35.0198,1.051e-20,1.336e-20,1.612e-20,0.0007,-90.34,0
BottomS001811,19.6709,34.9963,2.235e-20,2.773e-20,3.031e-20,-0.001,-92.83,0
BottomS001813,19.7890,35.7196,3.288e-14,2.329e-14,8.444e-15,-0.0001,-86.72,0
BottomS001820,19.6843,34.9121,3.798e-19,3.869e-19,2.897e-19,-0.0001,-97.37,0
BottomS001822,19.6209,35.4028,2.676e-20,3.126e-20,3.087e-20,0.0006,-87.25,0
BottomS001823,19.9674,35.2963,1.190e-20,1.520e-20,1.850e-20,0.0002,-94.62,0
BottomS001824,19.6351,35.1638,1.097e-20,1.501e-20,2.056e-20,0.0001,-93.79,0
BottomS001826,19.3764,35.1185,2.412e-18,4.058e-18,8.754e-18,0.0001,-89.24,0
BottomS001827,20.1213,34.7007,1.108e-19,1.175e-19,9.585e-20,-0.0003,-101.14,0
BottomS001837,20.0583,35.8563,1.351e-20,1.759e-20,2.292e-20,-0.0004,-90.07,0
BottomS001841,19.2279,34.9964,6.926e-20,7.849e-20,7.098e-20,0.0004,-90.94,0
BottomS001851,19.3568,34.5993,9.426e-16,6.247e-16,1.945e-16,0.0004,-90.91,0
BottomS001853,19.7011,34.7093,7.525e-14,5.699e-14,2.283e-14,-0.0003,-85.99,0
BottomS001858,19.5605,35.4200,8.174e-19,7.662e-19,4.796e-19,-0.0,-89.13,0
BottomS001865,19.4440,34.6843,7.269e-19,1.561e-18,5.568e-18,-0.0007,-94.89,0
BottomS001867,19.8770,35.1866,1.282e-14,8.623e-15,2.817e-15,-0.0004,-95.98,0
BottomS001871,19.3843,35.5514,2.258e-19,2.304e-19,1.768e-19,-0.0008,-85.27,0
BottomS001875,19.9414,35.4650,3.937e-14,2.931e-14,1.196e-14,-0.0001,-94.84,0
BottomS001886,19.8169,35.2386,8.312e-20,8.901e-20,7.314e-20,0.0002,-88.29,0
BottomS001892,19.6484,35.2313,1.969e-18,3.596e-18,9.136e-18,0.0003,-90.35,0
BottomS001902,19.5709,35.0827,3.861e-20,4.443e-20,4.253e-20,0.0,-89.62,0
BottomS001903,19.3385,34.7810,8.423e-20,9.542e-20,8.638e-20,-0.0006,-87.46,0
BottomS001904,19.5241,34.7956,3.496e-18,2.797e-18,1.264e-18,0.0001,-91.44,0
BottomS001906,20.1071,35.2298,1.146e-19,1.152e-19,8.183e-20,-0.0002,-92.22,0
BottomS001910,19.9679,35.1322,1.750e-20,2.266e-20,2.694e-20,-0.0002,-85.84,0
BottomS001914,19.7052,35.4778,1.763e-14,1.236e-14,4.624e-15,0.0005,-85.07,0
BottomS001915,19.7476,35.4473,8.348e-19,7.845e-19,4.978e-19,0.0005,-100.38,0
BottomS001916,19.4843,35.2018,3.352e-20,3.746e-20,3.306e-20,-0.001,-92.18,0
BottomS001920,19.4356,35.4234,4.396e-19,4.269e-19,2.869e-19,0.0002,-87.28,0
BottomS001921,19.8125,35.2355,7.900e-19,7.438e-19,4.690e-19,0.0,-99.15,0
BottomS001922,19.4965,34.9608,9.772e-20,1.018e-19,7.994e-20,-0.0001,-95.34,0
BottomS001924,19.7037,34.6332,5.438e-20,6.844e-20,7.972e-20,0.0008,-91.43,0
BottomS001929,20.0029,35.4405,3.255e-20,3.892e-20,4.003e-20,-0.0004,-94.62,0
BottomS001930,20.0692,35.1657,5.026e-20,5.481e-20,4.644e-20,0.0002,-95.18,0
BottomS001933,19.9274,35.2896,5.819e-14,4.116e-14,1.526e-14,-0.0004,-91.74,0
BottomS001934,20.0380,35.1458,1.105e-18,1.003e-18,5.736e-19,0.0011,-94.67,0
BottomS001938,19.5820,35.3008,1.121e-18,2.032e-18,4.943e-18,-0.0005,-92.41,0
BottomS001941,19.6544,35.2092,5.895e-14,4.670e-14,2.053e-14,-0.0003,-93.09,1
BottomS001950,19.8442,35.3358,1.624e-19,1.717e-19,1.419e-19,0.0006,-85.86,0
BottomS001953,19.8907,34.8638,5.338e-19,1.001e-18,2.589e-18,0.0003,-95.1,0
BottomS001961,19.4311,35.1617,3.156e-18,7.401e-18,3.220e-17,-0.0005,-98.5,0
BottomS001962,19.3542,34.9153,7.913e-19,1.514e-18,4.277e-18,0.0002,-89.64,0
BottomS001964,19.7313,35.1133,1.978e-20,2.457e-20,2.765e-20,0.0,-90.28,0
BottomS001966,19.6341,35.4836,1.555e-19,1.593e-19,1.195e-19,-0.0007,-97.83,0
BottomS001968,19.8956,34.7986,1.361e-18,2.165e-18,3.983e-18,0.0005,-85.1,0
BottomS001971,19.2760,35.0359,2.379e-18,2.102e-18,1.139e-18,0.001,-99.42,0
BottomS001972,20.0197,35.1897,1.108e-19,1.159e-19,9.412e-20,-0.0,-99.23,0
BottomS001975,19.4818,35.2102,2.048e-20,2.591e-20,3.005e-20,0.0001,-93.89,0
BottomS001977,19.5011,34.5423,1.544e-19,1.582e-19,1.202e-19,0.0005,-101.05,0
BottomS001980,19.5322,35.3675,2.833e-14,1.953e-14,6.850e-15,0.0007,-93.99,0
BottomS001982,19.3002,35.1003,4.101e-18,3.433e-18,1.702e-18,0.0002,-89.88,0
BottomS001986,19.5972,34.7257,1.163e-20,1.443e-20,1.617e-20,0.0012,-95.33,0
BottomS001987,19.6958,35.4947,7.892e-19,1.637e-18,5.189e-18,-0.0002,-93.68,0
BottomS001989,19.5120,34.9803,9.372e-19,2.011e-18,6.793e-18,0.0,-95.4,0
BottomS001996,19.7942,35.3129,2.501e-19,4.472e-19,1.093e-18,0.0001,-92.95,0
BottomS002012,19.9430,34.7654,1.991e-20,2.670e-20,3.475e-20,0.0005,-92.24,0
BottomS002013,19.5111,35.0644,1.447e-19,1.450e-19,1.092e-19,0.0004,-99.47,0
BottomS002014,19.5334,34.9321,2.354e-20,2.992e-20,3.499e-20,0.0001,-91.42,0
BottomS002015,19.5316,34.8861,5.799e-14,4.185e-14,1.526e-14,0.0003,-85.32,0
BottomS002016,19.6896,35.2823,2.950e-20,3.516e-20,3.619e-20,-0.0002,-93.19,0
BottomS002021,19.5698,35.4486,5.805e-20,6.819e-20,6.839e-20,0.0004,-98.84,0
BottomS002023,20.0244,35.4592,1.833e-18,1.665e-18,1.037e-18,0.0003,-90.85,0
BottomS002029,19.7654,35.3185,1.032e-19,1.110e-19,9.409e-20,-0.0002,-87.62,0
BottomS002031,22.6259,36.1333,3.694e-19,3.549e-19,2.411e-19,0.0003,-95.0,0
BottomS002032,22.6389,36.0792,6.359e-18,1.176e-17,3.095e-17,0.0001,-94.23,0
BottomS002037,22.6627,36.1152,1.232e-18,1.049e-18,5.569e-19,0.0003,-94.07,0
BottomS002040,22.6817,36.0919,6.362e-19,5.960e-19,3.810e-19,-0.0004,-92.41,0
BottomS002041,22.6822,36.1370,2.734e-19,4.542e-19,9.286e-19,-0.0009,-93.54,0
BottomS002043,22.6858,36.1105,3.541e-20,4.091e-20,4.052e-20,0.0003,-93.04,0
BottomS002045,22.5421,36.0482,4.171e-20,4.859e-20,4.875e-20,-0.0005,-94.62,0
BottomS002050,22.5883,36.0298,3.818e-18,1.078e-17,6.982e-17,0.0003,-94.07,0
BottomS002052,22.6878,36.1062,1.668e-20,2.122e-20,2.450e-20,-0.0007,-92.65,0
BottomS002056,22.6826,36.0963,1.211e-20,1.587e-20,1.970e-20,0.0003,-91.71,0
BottomS002057,22.6935,36.1038,6.460e-18,5.272e-18,2.527e-18,0.001,-92.03,0
BottomS002065,22.5507,35.9892,1.602e-18,1.355e-18,6.994e-19,-0.0002,-93.92,0
BottomS002068,22.5215,36.1229,7.142e-20,7.696e-20,6.509e-20,0.0,-95.41,0
BottomS002070,22.6320,36.1679,1.329e-19,1.403e-19,1.090e-19,0.0006,-94.69,0
BottomS002072,22.6685,36.0974,7.329e-19,1.162e-18,2.188e-18,0.0004,-94.07,0
BottomS002081,22.6681,36.1376,2.958e-19,2.913e-19,1.955e-19,-0.0003,-94.17,0
BottomS002084,22.6634,36.1114,2.099e-19,2.134e-19,1.599e-19,0.0001,-94.36,0
BottomS002089,22.6494,36.1002,7.238e-19,1.371e-18,3.622e-18,-0.0004,-94.56,0
BottomS002090,22.7628,36.0008,5.028e-20,5.889e-20,5.768e-20,0.0009,-91.14,0
BottomS002094,22.6779,36.0933,2.964e-18,7.261e-18,3.322e-17,0.0001,-92.13,0
BottomS002105,22.6719,36.0762,1.945e-19,1.860e-19,1.251e-19,-0.0,-93.0,0
BottomS002108,22.6892,36.0992,4.298e-20,4.743e-20,4.104e-20,-0.0001,-92.29,0
BottomS002109,22.7071,35.9601,2.834e-18,5.206e-18,1.313e-17,0.0007,-92.12,0
BottomS002114,22.7737,35.9738,1.303e-18,1.114e-18,5.783e-19,-0.0012,-91.16,0
BottomS002115,22.7172,36.0608,6.222e-20,6.992e-20,6.652e-20,-0.0003,-91.22,0
BottomS002116,22.6684,36.1184,2.025e-20,2.575e-20,3.150e-20,-0.0,-94.18,0
BottomS002117,22.6183,36.1025,7.366e-20,8.196e-20,7.363e-20,-0.0002,-95.07,0
BottomS002118,22.7600,36.2342,1.166e-19,1.294e-19,1.186e-19,-0.0009,-92.88,0
BottomS002119,22.5466,36.2230,1.385e-19,1.439e-19,1.178e-19,0.0002,-95.08,0
BottomS002120,22.7281,36.1043,1.882e-14,1.267e-14,4.241e-15,-0.0003,-91.42,0
BottomS002125,22.6710,36.0933,7.282e-19,6.504e-19,3.596e-19,-0.0009,-93.6,0
BottomS002126,22.6869,36.0797,5.724e-20,5.980e-20,4.691e-20,-0.0003,-91.91,0
BottomS002127,22.7022,36.1027,7.381e-19,1.245e-18,2.693e-18,-0.0004,-91.78,0
BottomS002131,22.7941,36.0958,1.392e-20,1.777e-20,2.102e-20,0.0,-90.93,0
BottomS002133,22.7553,36.0924,1.968e-19,2.008e-19,1.512e-19,-0.0007,-90.92,0
BottomS002137,22.7221,36.1035,4.422e-20,4.878e-20,4.354e-20,-0.0007,-91.47,0
BottomS002141,22.7267,36.1267,3.992e-20,4.650e-20,4.514e-20,0.0001,-92.09,0
BottomS002142,22.6302,36.1324,3.551e-19,3.424e-19,2.343e-19,-0.0002,-94.92,0
BottomS002144,22.6995,36.1044,5.550e-20,6.358e-20,6.148e-20,0.0012,-91.64,0
BottomS002154,22.6946,36.1521,3.651e-19,8.013e-19,3.002e-18,-0.0003,-93.23,0
BottomS002159,22.6560,36.0829,1.086e-20,1.402e-20,1.695e-20,-0.0004,-94.35,0
BottomS002165,22.6714,36.1000,1.949e-20,2.344e-20,2.478e-20,-0.0003,-94.23,0
BottomS002172,22.7187,36.1109,2.005e-20,2.541e-20,3.008e-20,0.0005,-91.79,0
BottomS002173,22.7458,36.0842,9.407e-19,1.632e-18,3.612e-18,0.0,-91.03,0
BottomS002174,22.8149,36.0826,4.374e-14,3.155e-14,1.187e-14,0.0003,-90.88,0
BottomS002182,22.6757,36.0989,1.216e-18,2.416e-18,7.393e-18,0.0004,-93.95,0
BottomS002186,22.6360,36.0717,1.800e-19,1.875e-19,1.451e-19,0.0005,-94.28,0
BottomS002188,22.6628,36.0750,1.074e-19,1.185e-19,1.068e-19,0.0005,-93.4,0
BottomS002195,22.7333,36.0954,2.622e-20,3.165e-20,3.443e-20,0.0,-91.13,0
BottomS002196,22.6738,36.0784,3.224e-20,3.799e-20,3.978e-20,-0.0006,-92.87,0
BottomS002197,22.6982,36.1222,9.098e-19,2.172e-18,9.476e-18,0.0004,-92.76,0
BottomS002200,22.6763,36.0932,6.724e-19,6.066e-19,3.572e-19,-0.0002,-93.19,0
BottomS002202,22.7328,36.0061,1.966e-20,2.446e-20,2.743e-20,-0.0002,-91.46,0
BottomS002205,22.6424,36.1029,7.365e-20,7.920e-20,6.750e-20,-0.0001,-94.76,0
BottomS002210,22.6867,36.1678,1.246e-18,1.134e-18,6.756e-19,-0.0002,-93.57,0
BottomS002211,22.5441,35.9540,4.105e-14,2.976e-14,1.113e-14,-0.0008,-93.84,0
BottomS002225,22.6681,36.0747,4.297e-20,4.873e-20,4.630e-20,0.0007,-92.98,0
BottomS002228,22.6716,36.0865,1.704e-20,2.071e-20,2.255e-20,-0.0005,-93.57,0
BottomS002233,23.0130,36.1063,4.904e-20,6.014e-20,6.706e-20,-0.0004,-91.03,0
BottomS002243,22.6900,36.0751,4.335e-18,9.688e-18,3.723e-17,-0.0002,-92.14,0
BottomS002249,22.7115,36.1180,6.827e-20,8.125e-20,8.229e-20,-0.0007,-92.12,0
BottomS002251,22.5766,36.0003,1.149e-17,3.271e-17,2.165e-16,0.0001,-93.89,0
BottomS002258,22.6908,36.1070,5.467e-19,9.987e-19,2.486e-18,-0.0008,-91.9,0
BottomS002259,22.6475,36.0728,1.211e-18,1.086e-18,6.190e-19,-0.0006,-93.93,0
BottomS002262,22.7760,36.0825,5.087e-14,3.624e-14,1.301e-14,0.0012,-90.76,0
BottomS002270,22.7193,36.1332,8.133e-19,7.575e-19,4.606e-19,-0.0003,-92.28,0
BottomS002275,22.7409,36.1333,2.624e-18,6.645e-18,3.345e-17,0.0004,-91.95,0
BottomS002288,22.6999,36.0748,2.269e-20,2.766e-20,2.954e-20,0.0002,-91.38,0
BottomS002305,22.6782,36.1158,2.755e-20,3.388e-20,3.673e-20,-0.0005,-93.52,0
BottomS002310,22.7042,36.0926,5.366e-19,5.210e-19,3.576e-19,0.0008,-91.47,0
BottomS002313,22.6967,36.0848,1.460e-19,1.533e-19,1.267e-19,-0.0005,-91.5,0
BottomS002315,22.7091,36.1162,1.275e-20,1.627e-20,1.943e-20,0.0003,-91.93,0
BottomS002318,22.6376,36.1069,7.712e-15,5.176e-15,1.658e-15,0.0007,-94.88,0
BottomS002323,22.6911,36.1069,2.194e-18,3.375e-18,5.800e-18,-0.0003,-91.79,0
BottomS002335,22.6681,36.0929,7.232e-19,6.815e-19,4.392e-19,-0.0009,-94.35,0
BottomS002338,22.7357,36.0802,1.435e-20,1.829e-20,2.175e-20,-0.0009,-91.03,0
BottomS002339,22.6231,36.0816,1.118e-20,1.480e-20,1.975e-20,0.0002,-94.58,0
BottomS002343,22.6833,36.1008,2.180e-19,2.252e-19,1.730e-19,0.0001,-91.78,0
BottomS002344,22.7442,36.1022,1.780e-19,1.892e-19,1.597e-19,0.0006,-91.25,0
BottomS002353,22.6763,36.0926,1.684e-20,2.136e-20,2.454e-20,0.0,-93.24,0
BottomS002356,22.6437,36.0395,1.526e-19,1.580e-19,1.268e-19,0.0004,-93.33,0
BottomS002361,22.7316,36.1205,4.592e-15,3.040e-15,9.711e-16,0.0003,-92.01,0
BottomS002364,22.6341,36.0880,7.270e-20,7.882e-20,6.838e-20,0.001,-94.88,0
BottomS002365,22.6492,36.1122,5.735e-20,6.352e-20,5.479e-20,-0.0007,-94.82,0
BottomS002366,22.6505,36.1196,1.171e-19,1.263e-19,1.086e-19,-0.0011,-94.93,0
BottomS002368,22.6714,36.1313,1.593e-18,3.084e-18,8.872e-18,0.0009,-93.67,0
BottomS002369,22.6658,36.1096,1.996e-18,1.705e-18,8.689e-19,-0.0007,-93.91,0
BottomS002370,22.7203,36.1141,6.233e-20,7.161e-20,6.754e-20,0.0005,-91.12,0
BottomS002371,22.6793,36.1156,4.417e-20,5.276e-20,5.589e-20,-0.0,-93.79,0
BottomS002372,22.7302,36.0870,3.684e-19,3.818e-19,2.844e-19,-0.0008,-91.4,0
BottomS002374,22.6756,36.0944,2.504e-17,1.893e-17,7.824e-18,0.0006,-93.26,1
BottomS002376,22.6827,36.1044,4.820e-18,9.871e-18,3.188e-17,-0.0,-92.94,0
BottomS002378,22.7140,36.1039,7.212e-18,5.722e-18,2.622e-18,0.0,-91.83,1
BottomS002379,22.6439,36.0737,2.879e-14,3.077e-14,2.474e-14,0.0003,-94.3,1
BottomS002381,22.6969,36.1200,4.700e-20,5.214e-20,4.474e-20,0.0001,-91.73,0
BottomS002383,22.6634,36.1216,2.427e-18,2.170e-18,1.234e-18,-0.0006,-94.53,0
BottomS002384,22.6610,36.0836,1.497e-19,1.605e-19,1.378e-19,0.0001,-93.83,0
BottomS002385,22.6783,36.1135,3.105e-18,5.074e-18,9.927e-18,0.0001,-93.81,0
BottomS002387,22.6771,36.0426,4.150e-19,3.832e-19,2.312e-19,-0.0003,-91.03,0
BottomS002388,22.6402,36.1027,2.411e-20,3.079e-20,3.583e-20,-0.0001,-94.61,0
BottomS002389,22.6523,36.0912,4.445e-19,4.283e-19,2.774e-19,0.0005,-94.11,0
BottomS002390,22.6678,36.0483,4.244e-20,5.168e-20,5.445e-20,-0.0001,-91.06,0
BottomS002392,22.6589,36.1112,7.642e-20,8.386e-20,7.525e-20,0.0004,-94.48,0
BottomS002394,22.6807,36.0613,8.980e-19,1.415e-18,2.548e-18,0.0,-91.38,0
BottomS002395,22.6089,36.0723,5.417e-19,5.032e-19,3.043e-19,0.0006,-95.03,0
BottomS002397,22.7216,36.1130,5.341e-18,4.126e-18,1.791e-18,0.0006,-91.27,0
BottomS002398,22.7150,36.0521,1.079e-18,9.995e-19,6.156e-19,0.0,-91.28,0
BottomS002399,22.6525,36.0868,3.850e-19,3.665e-19,2.369e-19,-0.0008,-94.65,0
BottomS002406,22.7351,36.1209,4.999e-14,4.593e-14,2.796e-14,0.0004,-91.22,1
BottomS002407,22.7052,36.1259,1.054e-18,2.433e-18,1.004e-17,0.0006,-92.25,0
BottomS002410,22.6978,36.1050,3.893e-18,3.183e-18,1.515e-18,-0.0001,-91.89,0
BottomS002412,22.6771,36.0894,2.030e-20,2.467e-20,2.645e-20,-0.0012,-92.92,0
BottomS002413,22.6628,36.0853,3.072e-17,2.337e-17,9.734e-18,-0.0003,-93.96,1
BottomS002414,22.6726,36.0777,1.104e-19,1.133e-19,8.551e-20,0.0002,-92.88,0
BottomS002417,22.6673,36.0922,3.648e-17,2.593e-17,9.252e-18,-0.0001,-93.57,0
BottomS002418,22.6695,36.0994,1.736e-18,1.534e-18,8.862e-19,-0.0,-93.58,0
BottomS002419,22.6781,36.1216,1.178e-19,1.329e-19,1.219e-19,0.0008,-93.84,0
BottomS002423,22.6686,36.0889,4.444e-15,2.893e-15,9.070e-16,-0.0001,-93.71,0
BottomS002424,22.7082,36.1291,1.608e-17,1.264e-17,5.606e-18,0.0007,-91.71,1
BottomS002428,22.6845,36.1316,1.409e-20,1.808e-20,2.134e-20,-0.0005,-93.5,0
BottomS002430,22.6598,36.1170,6.260e-14,4.539e-14,1.689e-14,0.0,-94.43,0
BottomS002434,22.6816,36.0651,5.310e-19,4.892e-19,3.014e-19,0.0001,-92.1,0
BottomS002436,22.6819,36.0488,2.139e-19,2.202e-19,1.735e-19,-0.0,-91.41,0
BottomS002437,22.6795,36.1302,1.339e-18,1.985e-18,3.220e-18,-0.0002,-94.0,0
BottomS002439,22.7281,36.1156,2.430e-18,2.059e-18,1.074e-18,0.0006,-91.36,0
BottomS002444,22.6699,36.1037,3.997e-19,3.837e-19,2.533e-19,0.0004,-94.03,0
BottomS002445,22.7232,36.1354,6.977e-20,7.820e-20,6.879e-20,-0.0003,-91.99,0
BottomS002447,22.6749,36.0769,9.919e-19,1.706e-18,3.887e-18,0.0006,-92.86,0
BottomS002448,22.6981,36.0730,3.701e-19,3.718e-19,2.762e-19,0.0006,-92.04,0
BottomS002449,22.6819,36.1106,3.853e-14,3.229e-14,1.611e-14,0.0001,-93.46,1
BottomS002451,22.6711,36.0796,1.435e-18,2.874e-18,9.153e-18,-0.0008,-93.04,0
BottomS002452,22.6642,36.1541,2.974e-20,3.632e-20,3.837e-20,0.0005,-94.52,0
BottomS002453,22.6743,36.0984,7.051e-19,6.297e-19,3.664e-19,0.0002,-93.52,0
BottomS002454,22.6713,36.1394,9.866e-20,1.023e-19,7.945e-20,0.0008,-94.77,0
BottomS002456,22.6321,36.0879,1.273e-18,2.051e-18,3.908e-18,0.0003,-94.8,0
BottomS002457,22.6292,36.1061,2.305e-20,2.860e-20,3.230e-20,-0.0003,-95.07,0
BottomS002458,22.6687,36.0832,3.619e-20,4.254e-20,4.253e-20,-0.0006,-94.37,0
BottomS002460,22.6505,36.0939,2.695e-14,1.883e-14,6.467e-15,-0.0002,-94.35,0
BottomS002461,22.7085,36.0878,6.404e-16,4.236e-16,1.298e-16,0.0001,-91.49,0
BottomS002462,22.7286,36.1108,2.919e-20,3.574e-20,3.706e-20,-0.0013,-91.0,0
BottomS002465,22.6659,36.0898,2.810e-20,3.183e-20,3.058e-20,-0.0004,-93.88,0
BottomS002466,22.6723,36.1292,2.935e-18,2.469e-18,1.256e-18,0.0003,-94.43,0
BottomS002467,22.7097,36.0880,4.110e-19,3.911e-19,2.537e-19,0.0,-91.33,0
BottomS002468,22.6972,36.1118,2.301e-18,1.929e-18,9.871e-19,-0.0001,-92.31,0
BottomS002470,22.6984,36.1051,1.603e-18,1.375e-18,7.383e-19,0.0002,-91.54,0
BottomS002474,22.6866,36.0744,9.825e-18,7.444e-18,3.054e-18,0.0004,-91.66,1
BottomS002475,22.6490,36.0781,1.822e-19,1.960e-19,1.625e-19,0.0001,-94.39,0
BottomS002476,22.6590,36.0560,5.339e-19,9.117e-19,2.071e-18,-0.0002,-93.23,0
BottomS002477,22.6463,36.1122,1.730e-19,1.711e-19,1.207e-19,0.0004,-94.85,0
BottomS002480,22.6750,36.0934,2.315e-19,4.098e-19,9.994e-19,0.0006,-93.35,0
BottomS002483,22.6871,36.0891,7.482e-19,1.654e-18,6.297e-18,-0.0003,-91.83,0
BottomS002485,22.6671,36.0738,2.499e-17,1.876e-17,7.703e-18,-0.0008,-93.11,0
BottomS002486,22.6369,36.0824,9.120e-19,1.569e-18,3.469e-18,-0.0005,-94.92,0
BottomS002487,22.6581,36.1366,3.426e-20,4.039e-20,3.990e-20,0.0001,-94.61,0
BottomS002488,22.7177,36.1035,1.848e-19,1.936e-19,1.578e-19,-0.0006,-91.42,0
BottomS002489,22.6487,36.0471,7.546e-19,1.414e-18,3.816e-18,0.0002,-93.42,0
BottomS002491,22.6486,36.1094,1.310e-18,1.148e-18,6.376e-19,-0.0002,-94.6,0
BottomS002492,22.6986,36.0980,2.290e-20,2.844e-20,3.197e-20,0.0004,-91.6,0
BottomS002498,22.6824,36.0771,5.299e-14,4.290e-14,2.050e-14,-0.0001,-91.58,1
BottomS002502,22.7153,36.1579,3.331e-18,2.752e-18,1.343e-18,0.0004,-92.76,0
BottomS002504,22.6708,36.0812,2.844e-19,2.778e-19,1.904e-19,0.0003,-93.21,0
BottomS002505,22.6808,36.0945,6.577e-19,1.404e-18,4.755e-18,-0.0001,-92.83,0
BottomS002508,22.6097,36.1015,5.954e-20,6.522e-20,5.757e-20,0.0008,-95.17,0
BottomS002511,22.6615,36.0844,5.176e-14,3.792e-14,1.429e-14,0.0006,-93.62,0
BottomS002512,22.6843,36.0925,5.926e-20,6.848e-20,6.599e-20,0.0007,-92.76,0
BottomS002514,22.6503,36.0966,4.772e-20,5.787e-20,6.168e-20,-0.0003,-94.62,0
BottomS002515,22.6926,36.1166,4.789e-20,5.499e-20,5.139e-20,0.0011,-92.72,0
BottomS002516,22.6731,36.0913,4.620e-20,5.305e-20,5.170e-20,0.0003,-93.38,0
BottomS002518,22.7153,36.1438,1.407e-18,3.011e-18,1.038e-17,0.0004,-92.27,0
BottomS002525,22.6480,36.1041,1.031e-19,1.096e-19,9.284e-20,-0.0003,-94.64,0
BottomS002527,22.7229,36.0747,6.070e-19,5.491e-19,3.257e-19,0.0,-91.11,0
BottomS002529,22.6797,36.0439,2.914e-20,3.510e-20,3.763e-20,0.0003,-91.01,0
BottomS002530,22.6927,36.0944,7.602e-19,1.626e-18,5.866e-18,0.0003,-91.65,0
BottomS002531,22.6504,36.1130,5.408e-20,6.584e-20,6.905e-20,0.0001,-94.81,0
BottomS002532,22.6607,36.1058,3.833e-19,3.742e-19,2.560e-19,-0.0002,-94.41,0
BottomS002535,22.6585,36.1078,2.815e-15,1.176e-14,1.707e-13,0.0008,-94.65,0
BottomS002536,22.7131,36.0920,1.327e-17,1.044e-17,4.756e-18,0.0008,-91.29,1
BottomS002537,22.6622,36.1007,2.366e-20,2.709e-20,2.601e-20,0.0011,-94.57,0
BottomS002538,22.6977,36.0854,1.865e-19,1.882e-19,1.447e-19,-0.0005,-91.44,0
BottomS002540,22.7043,36.0864,3.265e-18,2.701e-18,1.337e-18,0.0002,-91.47,0
BottomS002541,22.6947,36.0888,4.449e-20,5.183e-20,5.159e-20,-0.0001,-91.75,0
BottomS002542,22.7022,36.0823,1.194e-19,1.291e-19,1.133e-19,-0.0003,-91.42,0
BottomS002544,22.6996,36.0844,1.242e-19,1.303e-19,1.039e-19,-0.0002,-91.56,0
BottomS002546,22.6528,36.1034,9.455e-20,1.011e-19,8.550e-20,-0.0009,-94.74,0
BottomS002547,22.6602,36.1101,8.091e-20,8.540e-20,6.950e-20,0.0002,-94.59,0
BottomS002548,22.7100,36.0874,1.668e-17,1.281e-17,5.506e-18,0.0004,-91.35,1
BottomS002550,22.6957,36.0864,2.483e-19,2.474e-19,1.838e-19,-0.0003,-91.71,0
BottomS002552,22.6594,36.1100,1.971e-18,1.733e-18,9.681e-19,0.0006,-94.56,0
BottomS002557,22.7016,36.0883,1.872e-18,1.594e-18,8.484e-19,0.0006,-91.55,0
BottomS002558,22.6706,36.0939,3.295e-18,2.648e-18,1.293e-18,0.0002,-94.27,0
BottomS002560,22.7001,36.0838,3.982e-19,3.946e-19,2.760e-19,-0.0001,-91.48,0
BottomS002561,22.6977,36.0795,1.553e-20,2.007e-20,2.470e-20,-0.0003,-91.54,0
BottomS002562,22.6935,36.0958,4.820e-19,4.523e-19,2.850e-19,0.0004,-91.75,0
BottomS002563,22.6650,36.0959,1.115e-18,2.117e-18,5.508e-18,0.0004,-94.24,0
BottomS002565,22.6976,36.0803,2.463e-18,2.055e-18,1.025e-18,-0.0002,-91.67,0
BottomS002566,22.7069,36.0876,7.558e-20,8.502e-20,7.656e-20,-0.0006,-91.3,0
BottomS002567,22.7056,36.0799,4.534e-19,4.246e-19,2.671e-19,-0.0002,-91.44,0
BottomS002568,22.7093,36.0855,1.747e-19,1.844e-19,1.430e-19,-0.0001,-91.39,0
BottomS002569,22.6940,36.0894,3.005e-18,4.558e-18,7.785e-18,-0.0004,-91.63,0
BottomS002570,22.6935,36.0892,3.928e-14,2.775e-14,9.906e-15,0.0004,-91.72,0
BottomS002571,22.6510,36.1124,3.204e-18,2.876e-18,1.717e-18,-0.0003,-94.7,0
BottomS002572,22.6572,36.1025,8.014e-19,7.567e-19,4.847e-19,0.0008,-94.49,0
BottomS002573,22.7084,36.0793,1.369e-18,2.500e-18,6.152e-18,0.0004,-91.28,0
BottomS002574,22.6504,36.1049,2.270e-18,2.014e-18,1.139e-18,0.0002,-94.73,0
BottomS002577,22.6483,36.1138,2.094e-18,4.124e-18,1.257e-17,0.0006,-94.82,0
BottomS002578,22.7163,36.0796,3.453e-19,3.441e-19,2.446e-19,-0.0006,-91.25,0
BottomS002581,22.7040,36.0896,5.123e-19,4.835e-19,3.102e-19,0.0004,-91.51,0
BottomS002583,22.6991,36.0845,1.080e-18,1.516e-18,2.178e-18,-0.0005,-91.43,0
BottomS002585,22.6423,36.1085,2.406e-18,2.102e-18,1.132e-18,0.001,-94.95,0
BottomS002589,22.6567,36.1115,6.703e-19,6.403e-19,4.088e-19,-0.0004,-94.7,0
BottomS002591,22.6963,36.0877,1.273e-19,1.310e-19,1.016e-19,-0.0,-91.58,0
BottomS002592,22.7062,36.0848,1.127e-18,1.014e-18,5.910e-19,0.0008,-91.43,0
BottomS002593,22.6487,36.1090,1.315e-20,1.685e-20,2.019e-20,-0.0001,-94.79,0
BottomS002596,22.7014,36.0857,8.147e-19,7.794e-19,5.210e-19,-0.0004,-91.42,0
BottomS002597,22.6423,36.1061,1.741e-17,4.318e-17,2.069e-16,0.0003,-95.17,0
BottomS002598,22.6874,36.0905,3.845e-20,4.397e-20,4.192e-20,-0.0002,-91.89,0
BottomS002599,22.6490,36.1115,1.702e-18,1.480e-18,8.385e-19,-0.0003,-94.72,0
BottomS002600,22.6558,36.1019,2.134e-19,2.267e-19,1.836e-19,0.0002,-94.58,0
BottomS002604,22.6487,36.1014,3.305e-19,3.408e-19,2.569e-19,-0.0006,-94.78,0
BottomS002605,22.6493,36.1053,9.362e-19,1.288e-18,1.855e-18,0.0004,-94.73,0
BottomS002607,22.6594,36.1090,1.031e-18,9.225e-19,5.244e-19,-0.0001,-94.6,0
BottomS002608,22.7069,36.0814,3.728e-20,4.323e-20,4.333e-20,0.0005,-91.27,0
BottomS002609,22.7117,36.0875,3.331e-19,3.191e-19,2.090e-19,-0.0003,-91.37,0
BottomS002610,22.6467,36.1053,5.874e-17,1.984e-16,1.744e-15,0.0002,-94.76,0
BottomS002612,22.6448,36.1142,7.176e-19,1.229e-18,2.673e-18,0.0001,-94.93,0
BottomS002613,22.6472,36.1194,8.273e-20,8.911e-20,7.362e-20,0.0002,-94.79,0
BottomS002617,22.7106,36.0757,1.000e-19,1.074e-19,9.174e-20,0.0005,-91.32,0
BottomS002619,22.6329,36.1044,6.347e-19,5.858e-19,3.625e-19,-0.0005,-94.99,0
BottomS002620,22.6480,36.1014,1.665e-18,2.841e-18,6.153e-18,0.0014,-94.73,0
BottomS002622,22.7045,36.0863,8.751e-19,8.018e-19,4.992e-19,0.0001,-91.38,0
BottomS002623,22.6555,36.1115,2.887e-19,2.912e-19,2.202e-19,-0.0002,-94.57,0
BottomS002624,22.6483,36.1204,7.444e-19,6.629e-19,3.789e-19,-0.0003,-94.84,0
BottomS002625,22.6431,36.1123,1.345e-20,1.736e-20,2.179e-20,-0.0003,-94.83,0
BottomS002627,22.7169,36.0779,5.105e-20,6.283e-20,6.973e-20,-0.0007,-91.04,0
BottomS002630,22.6399,36.1117,5.584e-14,3.951e-14,1.432e-14,-0.0009,-94.88,0
BottomS002631,22.7101,36.0785,4.645e-20,5.386e-20,5.100e-20,0.0004,-91.27,0
BottomS002632,22.6343,36.0988,8.097e-18,6.484e-18,2.962e-18,-0.0004,-94.95,0
BottomS002633,22.6409,36.1118,2.875e-20,3.429e-20,3.612e-20,0.0001,-94.93,0
BottomS002636,22.6522,36.1160,4.341e-20,5.152e-20,5.365e-20,0.001,-94.65,1
BottomS002637,22.6440,36.1171,4.165e-20,4.827e-20,4.656e-20,-0.0001,-94.89,0
BottomS002641,22.7052,36.0871,1.216e-18,2.126e-18,4.794e-18,-0.0003,-91.36,0
BottomS002643,22.6574,36.1080,3.211e-19,3.132e-19,2.224e-19,0.0004,-94.5,0
BottomS002646,22.6587,36.1134,6.575e-20,7.385e-20,6.447e-20,-0.0005,-94.58,0
BottomS002648,22.6416,36.1194,4.022e-18,3.387e-18,1.733e-18,0.0008,-94.97,0
BottomS002649,22.6492,36.1060,2.206e-19,2.222e-19,1.621e-19,0.0003,-94.77,0
BottomS002650,22.7106,36.0893,9.060e-19,8.100e-19,4.728e-19,0.0003,-91.29,0
BottomS002651,22.7064,36.0908,1.179e-18,2.487e-18,8.787e-18,0.0006,-91.46,0
BottomS002653,22.6345,36.1060,1.953e-19,2.050e-19,1.638e-19,0.0006,-94.95,0
BottomS002655,22.7082,36.0762,4.266e-19,4.223e-19,2.970e-19,0.0004,-91.33,0
BottomS002656,22.6490,36.1137,1.484e-19,1.567e-19,1.293e-19,-0.0004,-94.73,0
BottomS002657,22.6366,36.1126,1.652e-19,3.253e-19,9.628e-19,0.0007,-94.97,0
BottomS002658,22.7125,36.0821,7.469e-19,1.127e-18,1.869e-18,-0.0007,-91.17,0
BottomS002659,22.7176,36.0756,5.240e-14,3.848e-14,1.483e-14,0.0003,-91.17,0
BottomS002660,22.7053,36.0710,1.472e-18,1.287e-18,6.898e-19,-0.0001,-91.36,0
BottomS002661,22.7059,36.0870,2.802e-19,4.832e-19,1.116e-18,-0.0005,-91.46,0
BottomS002662,22.7233,36.0774,1.475e-18,1.271e-18,6.971e-19,-0.0001,-91.2,0
BottomS002665,22.6401,36.1194,3.021e-18,2.429e-18,1.138e-18,0.0008,-95.04,0
BottomS002668,22.7216,36.0742,6.800e-19,1.289e-18,3.510e-18,-0.0005,-91.19,0
BottomS002669,22.7184,36.0809,2.004e-19,1.973e-19,1.390e-19,0.0005,-91.09,0
BottomS002670,22.7198,36.0820,1.553e-19,1.618e-19,1.262e-19,0.0006,-91.3,0
BottomS002671,22.7212,36.0824,3.670e-14,2.573e-14,9.095e-15,-0.0004,-91.24,0
BottomS002672,22.6476,36.1146,3.094e-18,2.524e-18,1.211e-18,0.0003,-94.79,0
BottomS002675,22.7197,36.0818,6.251e-19,5.473e-19,3.004e-19,0.0001,-91.01,0
BottomS002678,22.6469,36.1173,1.022e-18,8.849e-19,4.843e-19,0.0002,-94.85,0
BottomS002679,22.7161,36.0833,1.253e-19,1.329e-19,1.079e-19,-0.0001,-91.12,0
BottomS002680,22.6385,36.1078,6.134e-19,5.596e-19,3.327e-19,-0.0005,-94.91,0
BottomS002683,22.6406,36.1132,1.762e-18,3.721e-18,1.219e-17,0.0001,-94.92,0
BottomS002684,22.7247,36.0737,9.469e-19,1.700e-18,4.054e-18,-0.0007,-91.05,0
BottomS002685,22.7212,36.0729,2.159e-20,2.601e-20,2.660e-20,0.0009,-91.17,0
BottomS002686,22.7209,36.0747,6.545e-19,5.780e-19,3.397e-19,0.0004,-91.31,0
BottomS002689,22.7161,36.0768,2.683e-19,2.634e-19,1.817e-19,-0.0003,-91.23,0
BottomS002692,22.7255,36.0722,1.036e-20,1.340e-20,1.639e-20,0.0002,-91.23,0
BottomS002694,22.6330,36.1123,6.307e-19,1.103e-18,2.579e-18,0.0002,-95.05,0
BottomS002695,22.7292,36.0734,4.288e-19,4.234e-19,2.941e-19,0.0001,-90.98,0
BottomS002697,22.7271,36.0706,8.197e-19,1.612e-18,4.599e-18,-0.0003,-90.98,0
BottomS002698,22.7213,36.0746,3.392e-19,3.131e-19,1.931e-19,0.0002,-91.17,0
BottomS002699,22.6293,36.1194,1.949e-18,1.669e-18,8.548e-19,-0.0001,-95.01,0
BottomS002701,22.6256,36.1314,3.296e-19,5.890e-19,1.428e-18,-0.0008,-95.06,0
BottomS002702,22.6247,36.1150,1.508e-18,1.361e-18,8.222e-19,0.0009,-94.98,0
BottomS002705,22.6215,36.1162,4.759e-18,3.847e-18,1.765e-18,0.0007,-95.07,0
BottomS002706,22.6296,36.1306,1.050e-19,1.199e-19,1.134e-19,-0.0003,-95.06,0
BottomS002708,22.6280,36.1150,1.336e-17,1.001e-17,3.986e-18,0.0003,-95.09,0
BottomS002709,22.7248,36.0713,8.219e-19,1.237e-18,2.049e-18,0.0012,-91.24,0
BottomS002711,22.6283,36.1291,1.366e-19,1.493e-19,1.354e-19,-0.0009,-94.99,0
BottomS002713,22.6399,36.1303,4.923e-18,3.925e-18,1.768e-18,0.0002,-94.78,0
BottomS002714,22.6269,36.1185,3.164e-20,3.570e-20,3.484e-20,-0.0007,-95.01,0
BottomS002718,22.7332,36.0712,2.135e-18,5.320e-18,2.621e-17,0.0008,-90.99,0
BottomS002719,22.7202,36.0731,4.079e-19,4.091e-19,2.973e-19,0.0,-91.18,0
BottomS002720,22.6236,36.1202,4.892e-14,3.603e-14,1.391e-14,-0.0003,-95.05,0
BottomS002722,22.6307,36.1166,5.261e-14,3.954e-14,1.635e-14,-0.0002,-95.01,1
BottomS002723,22.6139,36.1138,2.058e-18,3.909e-18,1.049e-17,-0.0002,-95.21,0
BottomS002724,22.6259,36.1188,4.000e-19,3.747e-19,2.356e-19,-0.0005,-95.15,0
BottomS002725,22.7270,36.0722,2.241e-18,1.951e-18,1.038e-18,0.0009,-90.99,0
BottomS002727,22.6233,36.1255,4.240e-14,3.214e-14,1.333e-14,0.0003,-95.03,1
BottomS002729,22.6251,36.1231,1.210e-18,3.018e-18,1.441e-17,0.0003,-95.08,0
BottomS002733,22.7397,36.0661,7.534e-18,5.976e-18,2.725e-18,0.0001,-91.16,1
BottomS002734,22.6313,36.1298,1.755e-18,3.839e-18,1.430e-17,0.0005,-95.09,0
BottomS002737,22.7399,36.0763,7.486e-20,8.699e-20,8.664e-20,-0.0009,-90.9,0
BottomS002738,22.6226,36.1142,1.649e-20,2.116e-20,2.518e-20,0.0,-95.12,0
BottomS002739,22.7392,36.0685,2.027e-18,4.433e-18,1.634e-17,0.0004,-90.97,0
BottomS002741,22.6208,36.1278,1.576e-20,1.994e-20,2.398e-20,-0.0005,-95.12,0
BottomS002742,22.7316,36.0819,2.658e-18,2.235e-18,1.115e-18,-0.0004,-91.15,0
BottomS002744,22.6158,36.1231,9.572e-19,1.659e-18,3.702e-18,-0.0005,-95.28,0
BottomS002745,22.7442,36.0631,3.946e-19,3.720e-19,2.321e-19,0.0003,-90.94,0
BottomS002746,22.6160,36.1242,3.068e-20,3.882e-20,4.399e-20,0.0002,-95.07,0
BottomS002749,22.7523,36.0617,4.291e-18,3.496e-18,1.692e-18,-0.0006,-90.76,0
BottomS002752,22.6789,36.0968,2.054e-20,2.566e-20,3.005e-20,0.0005,-98.23,0
BottomS002753,22.6788,36.0967,3.345e-17,2.376e-17,8.601e-18,-0.0005,-96.29,0
BottomS002754,22.6790,36.0966,1.452e-17,1.075e-17,4.168e-18,0.0007,-90.87,0
BottomS002755,22.6790,36.0969,5.596e-16,3.761e-16,1.224e-16,-0.0003,-96.44,0
BottomS002756,22.6788,36.0966,1.927e-19,1.991e-19,1.585e-19,0.0,-97.09,0
BottomS002757,22.6791,36.0966,3.016e-18,2.547e-18,1.329e-18,0.0007,-87.92,0
BottomS002758,22.6790,36.0969,1.269e-16,9.014e-17,3.272e-17,-0.0006,-95.21,0
BottomS002759,22.6788,36.0968,6.861e-17,4.865e-17,1.771e-17,-0.0001,-97.06,0
BottomS002760,22.6789,36.0969,6.822e-18,5.419e-18,2.516e-18,-0.0002,-97.95,0
BottomS002761,22.7429,36.0712,5.132e-14,3.638e-14,1.291e-14,-0.0002,-91.02,0
BottomS002762,22.7439,36.0673,3.636e-20,4.090e-20,3.649e-20,0.0005,-90.88,0
BottomS002763,22.7420,36.0662,2.724e-18,4.448e-18,9.162e-18,-0.0004,-90.99,0
BottomS002764,22.7415,36.0622,1.655e-18,2.443e-18,3.995e-18,-0.0004,-90.91,0
BottomS002765,22.6121,36.1330,1.196e-17,9.294e-18,4.073e-18,-0.0002,-95.17,1
BottomS002766,22.7445,36.0545,1.118e-18,1.870e-18,3.771e-18,0.0001,-91.06,0
BottomS002767,22.7370,36.0553,8.545e-18,6.780e-18,3.073e-18,0.0006,-91.14,1
BottomS002768,22.7409,36.0497,4.113e-16,2.646e-16,8.144e-17,0.0001,-91.1,0
BottomS002769,22.6227,36.1424,5.191e-18,4.311e-18,2.101e-18,-0.0004,-94.93,0
BottomS002770,22.7313,36.0469,5.796e-14,4.529e-14,1.978e-14,0.0007,-91.22,1
BottomS002771,22.7347,36.0452,3.392e-17,2.489e-17,9.698e-18,-0.0004,-91.19,0
BottomS002772,22.6296,36.1528,1.939e-19,1.906e-19,1.347e-19,0.0003,-94.7,0
BottomS002773,22.6356,36.1513,6.712e-14,5.668e-14,2.918e-14,-0.0001,-94.71,1
BottomS002774,22.6385,36.1519,2.478e-17,1.886e-17,7.690e-18,-0.0004,-94.55,0
BottomS002775,22.6432,36.1591,5.349e-17,3.920e-17,1.555e-17,0.0002,-94.45,0
BottomS002776,22.7205,36.0341,4.084e-17,2.816e-17,1.004e-17,0.0003,-91.61,0
BottomS002777,22.7135,36.0327,1.820e-20,2.250e-20,2.516e-20,0.0007,-91.69,0
BottomS002778,22.7059,36.0326,2.801e-17,2.009e-17,7.635e-18,0.0003,-91.73,0
BottomS002779,22.6595,36.1608,1.349e-17,1.063e-17,4.735e-18,-0.0,-94.22,1
BottomS002780,22.6650,36.1607,2.833e-18,2.368e-18,1.241e-18,0.0001,-94.05,0
BottomS002781,22.6634,36.1644,6.466e-14,4.782e-14,1.888e-14,0.0004,-94.09,0
BottomS002782,22.6720,36.1654,1.628e-19,1.766e-19,1.503e-19,-0.0,-93.85,0
BottomS002783,22.6847,36.0282,5.792e-19,5.632e-19,3.724e-19,-0.0006,-92.24,0
BottomS002784,22.6773,36.1639,1.421e-17,1.109e-17,5.013e-18,-0.0003,-93.7,1
BottomS002785,22.6735,36.0268,4.291e-18,3.532e-18,1.710e-18,-0.0004,-92.42,0
BottomS002786,22.6711,36.0253,1.509e-14,9.628e-15,2.860e-15,0.0002,-92.52,0
BottomS002787,22.6890,36.1677,2.218e-18,1.872e-18,1.002e-18,0.0,-93.43,0
BottomS002788,22.6945,36.1676,1.345e-17,1.047e-17,4.471e-18,-0.0001,-93.27,1
BottomS002789,22.6996,36.1674,1.298e-18,1.207e-18,7.335e-19,0.0009,-93.2,0
BottomS002790,22.6514,36.0269,1.733e-18,2.548e-18,4.072e-18,0.0001,-93.12,0
BottomS002792,22.6433,36.0290,5.279e-14,4.242e-14,1.979e-14,-0.0002,-93.27,1
BottomS002793,22.7247,36.1684,1.963e-19,2.049e-19,1.624e-19,-0.0003,-92.87,0
BottomS002794,22.6345,36.0349,4.890e-20,5.544e-20,5.307e-20,-0.0004,-93.39,0
BottomS002795,22.6282,36.0338,5.794e-19,5.510e-19,3.642e-19,-0.0009,-93.55,0
BottomS002798,22.6050,36.0306,1.766e-17,1.326e-17,5.498e-18,0.0007,-93.87,1
BottomS002799,22.7512,36.1524,2.355e-16,1.595e-16,5.331e-17,0.0,-92.17,0
BottomS002800,22.6089,36.0461,9.600e-17,6.646e-17,2.306e-17,0.0002,-94.01,0
BottomS002802,22.7624,36.1457,7.084e-20,7.276e-20,5.698e-20,-0.0002,-91.87,0
BottomS002803,22.5952,36.0521,2.304e-20,2.709e-20,2.646e-20,0.0006,-94.4,0
BottomS002804,22.5841,36.0508,1.362e-17,1.100e-17,4.929e-18,0.0007,-94.34,1
BottomS002805,22.5858,36.0579,1.238e-16,8.382e-17,2.766e-17,0.0,-94.49,0
BottomS002806,22.5783,36.0599,2.820e-17,2.104e-17,8.669e-18,0.0001,-94.5,0
BottomS002807,22.7777,36.1259,1.414e-17,1.108e-17,4.750e-18,-0.0004,-91.38,1
BottomS002808,22.7882,36.1290,5.180e-17,3.694e-17,1.407e-17,0.0001,-91.45,0
BottomS002809,22.5743,36.0719,1.243e-17,3.887e-17,2.967e-16,0.0004,-94.81,0
BottomS002810,22.5654,36.0698,2.894e-17,2.048e-17,7.545e-18,-0.0003,-94.68,0
BottomS002811,22.7944,36.1122,4.159e-17,2.995e-17,1.109e-17,0.0,-91.2,0
BottomS002812,22.7866,36.1159,1.285e-17,1.004e-17,4.457e-18,-0.0003,-91.21,1
BottomS002813,22.8004,36.1058,4.148e-18,3.459e-18,1.800e-18,0.0003,-90.99,0
BottomS002814,22.5618,36.0852,4.099e-18,3.395e-18,1.666e-18,-0.0006,-95.07,0
BottomS002815,22.8040,36.0972,1.265e-18,2.864e-18,1.123e-17,-0.0005,-90.79,0
BottomS002816,22.5580,36.0991,9.291e-18,7.413e-18,3.483e-18,0.0002,-95.1,0
BottomS002817,22.7998,36.0913,3.495e-20,3.979e-20,3.768e-20,0.0007,-91.02,0
BottomS002818,22.7991,36.0820,9.520e-19,1.742e-18,4.164e-18,-0.0006,-90.78,0
BottomS002819,22.5553,36.1129,1.100e-17,8.091e-18,3.211e-18,0.0001,-95.23,0
BottomS002820,22.8062,36.0746,3.934e-17,2.841e-17,1.052e-17,0.0004,-90.85,0
BottomS002821,22.8013,36.0745,9.842e-18,8.009e-18,3.930e-18,-0.0001,-90.7,0
BottomS002822,22.5525,36.1265,5.552e-20,6.540e-20,6.593e-20,-0.001,-95.44,0
BottomS002823,22.5617,36.1287,3.615e-14,2.587e-14,9.325e-15,0.0001,-95.38,0
BottomS002824,22.5552,36.1362,1.087e-17,8.878e-18,4.102e-18,0.0001,-95.46,0
BottomS002825,22.5616,36.1372,6.922e-18,5.638e-18,2.629e-18,-0.0001,-95.26,0
BottomS002826,22.7960,36.0496,9.486e-18,7.651e-18,3.588e-18,-0.0002,-90.78,0
BottomS002827,22.7987,36.0448,6.726e-18,5.570e-18,2.709e-18,-0.0008,-90.71,0
BottomS002828,22.7924,36.0436,1.021e-18,1.988e-18,5.467e-18,0.0001,-90.83,0
BottomS002829,22.5703,36.1533,8.031e-17,5.642e-17,2.053e-17,0.0003,-95.23,0
BottomS002830,22.5650,36.1627,1.078e-16,7.160e-17,2.268e-17,0.0001,-95.34,0
BottomS002831,22.5689,36.1644,2.675e-19,2.768e-19,2.128e-19,0.0005,-95.17,0
BottomS002832,22.5707,36.1670,2.227e-18,1.855e-18,9.332e-19,0.0007,-95.14,0
BottomS002833,22.7779,36.0217,1.519e-19,1.561e-19,1.191e-19,-0.0008,-91.04,0
BottomS002834,22.5899,36.1715,1.939e-17,1.497e-17,6.382e-18,0.0008,-95.08,1
BottomS002835,22.7685,36.0182,8.401e-19,1.290e-18,2.241e-18,-0.0005,-91.09,0
BottomS002836,22.7647,36.0167,4.187e-17,2.928e-17,1.068e-17,0.0002,-91.21,0
BottomS002837,22.7684,36.0079,8.868e-17,6.202e-17,2.212e-17,0.0001,-91.04,0
BottomS002838,22.7533,36.0072,1.302e-17,9.827e-18,4.022e-18,0.0001,-91.16,1
BottomS002839,22.7457,36.0071,6.844e-19,6.135e-19,3.507e-19,-0.0002,-91.41,0
BottomS002840,22.7499,36.0055,8.408e-17,6.039e-17,2.307e-17,0.0001,-91.33,0
BottomS002841,22.7413,36.0002,4.898e-17,3.620e-17,1.410e-17,-0.0007,-91.66,0
BottomS002842,22.7267,36.0042,3.586e-18,2.999e-18,1.521e-18,0.0002,-91.71,0
BottomS002844,22.6370,36.1963,2.052e-17,1.575e-17,6.479e-18,0.001,-94.42,1
BottomS002845,22.7141,35.9978,8.942e-19,1.757e-18,5.211e-18,-0.0003,-91.77,0
BottomS002846,22.6550,36.1988,2.327e-19,4.383e-19,1.179e-18,0.0006,-94.18,0
BottomS002847,22.6580,36.2033,7.677e-14,6.043e-14,2.708e-14,0.0001,-93.97,1
BottomS002848,22.6744,36.2043,5.266e-14,3.955e-14,1.587e-14,-0.0001,-93.84,0
BottomS002849,22.6890,35.9962,1.398e-17,1.062e-17,4.466e-18,0.0002,-92.04,1
BottomS002850,22.6805,36.2003,4.484e-17,3.320e-17,1.338e-17,0.0006,-93.7,0
BottomS002851,22.6837,36.1975,1.413e-17,1.049e-17,4.223e-18,0.0003,-93.66,0
BottomS002852,22.6890,36.1977,9.729e-17,6.792e-17,2.391e-17,0.0007,-93.61,0
BottomS002853,22.6565,35.9936,4.350e-18,3.619e-18,1.786e-18,0.0001,-92.75,0
BottomS002854,22.7067,36.1977,4.057e-17,3.097e-17,1.352e-17,-0.0002,-93.4,0
BottomS002855,22.6385,35.9911,5.137e-14,3.781e-14,1.462e-14,0.0003,-93.05,0
BottomS002856,22.6342,35.9974,8.976e-17,6.361e-17,2.335e-17,-0.0002,-93.08,0
BottomS002857,22.6303,36.0011,4.410e-17,3.068e-17,1.073e-17,-0.0005,-93.17,0
BottomS002858,22.7354,36.1929,1.552e-17,1.142e-17,4.494e-18,0.0002,-92.78,0
BottomS002859,22.6142,36.0009,2.627e-17,1.996e-17,8.497e-18,0.0003,-93.27,1
BottomS002860,22.7510,36.1875,4.697e-17,3.527e-17,1.438e-17,0.0001,-92.69,0
BottomS002861,22.6022,36.0090,5.023e-19,4.745e-19,2.974e-19,-0.0002,-93.54,0
BottomS002862,22.5964,36.0118,3.359e-14,3.013e-14,1.760e-14,-0.0003,-93.74,1
BottomS002863,22.5926,36.0194,7.645e-18,6.126e-18,2.898e-18,-0.0006,-93.77,0
BottomS002864,22.5778,36.0128,9.188e-16,6.229e-16,2.053e-16,-0.0002,-94.01,0
BottomS002865,22.5755,36.0214,3.485e-19,6.997e-19,2.191e-18,-0.0002,-93.99,0
BottomS002867,22.5688,36.0299,1.009e-19,1.102e-19,9.651e-20,0.0003,-94.24,0
BottomS002868,22.7960,36.1574,2.398e-19,2.360e-19,1.600e-19,0.0004,-91.65,0
BottomS002869,22.5539,36.0386,2.071e-17,1.585e-17,6.862e-18,0.0004,-94.45,1
BottomS002870,22.5534,36.0422,2.833e-17,2.043e-17,7.697e-18,0.0007,-94.46,0
BottomS002871,22.8067,36.1414,3.531e-17,2.584e-17,1.035e-17,0.0001,-91.43,0
BottomS002872,22.5386,36.0496,6.853e-17,4.984e-17,1.868e-17,0.0001,-94.57,0
BottomS002873,22.8249,36.1362,2.409e-18,1.989e-18,9.859e-19,0.0003,-91.24,0
BottomS002874,22.8305,36.1297,6.824e-18,5.569e-18,2.721e-18,0.0002,-91.12,0
BottomS002875,22.5296,36.0630,1.319e-17,1.050e-17,4.680e-18,-0.0007,-94.9,1
BottomS002876,22.8320,36.1185,2.226e-17,1.691e-17,7.139e-18,-0.0001,-91.08,1
BottomS002877,22.5194,36.0757,7.771e-18,5.978e-18,2.529e-18,0.0002,-95.04,1
BottomS002878,22.5270,36.0843,4.484e-14,4.279e-14,2.718e-14,-0.0005,-95.17,1
BottomS002879,22.8383,36.1043,2.043e-18,1.710e-18,8.723e-19,-0.0,-90.93,0
BottomS002880,22.5228,36.0881,1.916e-16,1.329e-16,4.672e-17,0.0004,-95.19,0
BottomS002881,22.8502,36.0919,4.229e-14,3.165e-14,1.266e-14,0.0001,-90.78,0
BottomS002882,22.8363,36.0848,6.786e-19,1.026e-18,1.673e-18,0.0002,-90.74,0
BottomS002883,22.8464,36.0805,7.513e-19,6.958e-19,4.527e-19,-0.0002,-90.56,0
BottomS002884,22.5215,36.1129,2.596e-14,1.797e-14,6.250e-15,0.0006,-95.25,0
BottomS002885,22.5176,36.1147,6.523e-14,5.184e-14,2.397e-14,-0.0001,-95.3,1
BottomS002886,22.8353,36.0639,7.531e-18,5.873e-18,2.537e-18,0.0006,-90.59,1
BottomS002887,22.8461,36.0583,6.014e-17,4.214e-17,1.512e-17,-0.0003,-90.67,0
BottomS002888,22.5234,36.1361,7.447e-18,6.271e-18,3.240e-18,-0.0004,-95.34,0
BottomS002889,22.8481,36.0470,1.392e-18,2.088e-18,3.505e-18,0.0001,-90.73,0
BottomS002890,22.5225,36.1481,2.246e-20,2.832e-20,3.272e-20,0.0006,-95.24,0
BottomS002891,22.5139,36.1591,4.336e-14,3.145e-14,1.224e-14,0.0004,-95.51,0
BottomS002892,22.5274,36.1590,3.400e-18,2.856e-18,1.412e-18,0.0004,-95.4,0
BottomS002893,22.5276,36.1662,1.529e-18,2.622e-18,5.953e-18,-0.0003,-95.37,0
BottomS002894,22.5349,36.1713,1.308e-17,9.952e-18,4.166e-18,-0.0002,-95.4,1
BottomS002895,22.8213,36.0160,8.788e-18,7.101e-18,3.420e-18,-0.0,-90.61,0
BottomS002896,22.5439,36.1787,6.281e-19,5.755e-19,3.556e-19,0.0002,-95.56,0
BottomS002898,22.8046,36.0057,7.499e-17,5.349e-17,2.000e-17,0.0,-90.76,0
BottomS002899,22.8059,35.9995,1.226e-18,1.089e-18,6.245e-19,0.0005,-90.98,0
BottomS002900,22.8039,35.9942,4.775e-17,3.377e-17,1.267e-17,0.0001,-90.94,0
BottomS002901,22.5721,36.1990,9.768e-19,8.714e-19,5.065e-19,0.0006,-95.08,0
BottomS002902,22.5692,36.2053,8.222e-20,1.019e-19,1.109e-19,0.0007,-95.11,0
BottomS002903,22.5834,36.2078,1.766e-16,1.197e-16,3.996e-17,0.0005,-94.9,0
BottomS002904,22.7605,35.9888,3.407e-17,2.606e-17,1.081e-17,-0.0004,-91.22,1
BottomS002905,22.6014,36.2092,8.389e-18,6.901e-18,3.244e-18,-0.0001,-94.75,0
BottomS002906,22.5989,36.2164,1.624e-19,1.678e-19,1.290e-19,0.0005,-94.68,0
BottomS002907,22.6121,36.2138,8.483e-18,6.485e-18,2.751e-18,0.0006,-94.65,1
BottomS002908,22.7486,35.9772,1.711e-16,1.196e-16,4.144e-17,-0.0004,-91.49,0
BottomS002909,22.6272,36.2267,4.940e-17,3.748e-17,1.533e-17,-0.0013,-94.35,0
BottomS002910,22.6403,36.2211,2.014e-18,1.851e-18,1.161e-18,0.0004,-94.34,0
BottomS002911,22.7194,35.9723,7.633e-17,5.504e-17,2.080e-17,0.0002,-91.87,0
BottomS002912,22.7061,35.9648,3.912e-18,3.185e-18,1.581e-18,-0.0001,-91.91,0
BottomS002913,22.6953,35.9626,3.658e-16,2.432e-16,7.886e-17,0.0002,-92.2,0
BottomS002914,22.6922,35.9748,2.240e-18,3.249e-18,4.953e-18,-0.0001,-92.2,0
BottomS002915,22.6773,36.2235,7.694e-19,1.559e-18,4.851e-18,0.0002,-93.92,0
BottomS002916,22.6750,35.9710,7.356e-17,5.494e-17,2.223e-17,-0.0001,-92.29,0
BottomS002917,22.6997,36.2274,1.088e-18,1.880e-18,4.152e-18,-0.0002,-93.46,0
BottomS002919,22.7135,36.2273,1.158e-16,8.219e-17,2.958e-17,-0.0003,-93.32,0
BottomS002921,22.6277,35.9725,5.597e-17,4.015e-17,1.540e-17,0.0005,-93.05,0
BottomS002922,22.6178,35.9721,1.766e-17,1.364e-17,5.961e-18,-0.0001,-93.12,1
BottomS002923,22.7520,36.2241,1.339e-17,1.055e-17,4.626e-18,0.0001,-92.74,1
BottomS002924,22.6106,35.9865,5.425e-14,4.467e-14,2.224e-14,0.0014,-93.34,1
BottomS002925,22.5999,35.9889,1.046e-17,8.484e-18,3.905e-18,0.0002,-93.54,0
BottomS002926,22.7772,36.2155,1.513e-17,1.190e-17,5.359e-18,0.0005,-92.66,1
BottomS002927,22.6187,36.1344,4.223e-19,4.219e-19,2.948e-19,0.0,-95.04,0
BottomS002928,22.7359,36.0625,9.342e-19,1.320e-18,1.990e-18,0.0013,-91.16,0
BottomS002929,22.6202,36.1395,1.635e-17,3.601e-17,1.370e-16,0.0003,-95.09,0
BottomS002931,22.6292,36.1372,1.208e-19,1.282e-19,1.050e-19,-0.0006,-94.9,0
BottomS002934,22.6267,36.1435,2.294e-17,1.691e-17,6.593e-18,-0.0,-94.97,0
BottomS002935,22.6379,36.1510,1.833e-18,4.139e-18,1.575e-17,-0.0012,-94.56,0
BottomS002936,22.7274,36.0423,3.278e-18,2.648e-18,1.273e-18,-0.0007,-91.41,0
BottomS002937,22.6248,36.1546,4.149e-19,6.756e-19,1.338e-18,0.0002,-94.89,0
BottomS002938,22.6485,36.1436,2.845e-19,5.154e-19,1.238e-18,-0.0001,-94.54,0
BottomS002940,22.7189,36.0366,9.749e-15,6.506e-15,2.100e-15,0.0013,-91.49,0
BottomS002941,22.6418,36.1559,7.680e-20,8.305e-20,6.886e-20,0.0001,-94.47,0
BottomS002943,22.6564,36.1592,4.334e-17,3.124e-17,1.183e-17,-0.0001,-94.28,0
BottomS002945,22.7072,36.0314,9.927e-18,7.962e-18,3.748e-18,-0.0002,-91.91,0
BottomS002946,22.6920,36.0308,3.184e-18,2.547e-18,1.154e-18,-0.0011,-92.03,0
BottomS002947,22.6909,36.0297,2.294e-17,1.646e-17,6.148e-18,0.0009,-92.13,0
BottomS002948,22.6969,36.0297,1.438e-19,1.543e-19,1.245e-19,0.0,-91.98,0
BottomS002950,22.6706,36.1572,2.972e-20,3.549e-20,3.802e-20,-0.0004,-93.91,0
BottomS002951,22.6807,36.0222,3.712e-18,3.260e-18,1.763e-18,0.001,-92.36,0
BottomS002953,22.6843,36.0385,5.589e-19,5.342e-19,3.519e-19,-0.0001,-92.32,0
BottomS002955,22.6792,36.0303,3.049e-18,2.410e-18,1.101e-18,-0.0008,-92.48,0
BottomS002956,22.6693,36.0297,1.245e-19,1.369e-19,1.209e-19,-0.0003,-92.69,0
BottomS002958,22.6689,36.0350,4.079e-17,3.029e-17,1.193e-17,-0.0004,-92.72,0
BottomS002959,22.6559,36.0306,1.039e-18,1.960e-18,5.133e-18,-0.0011,-92.95,0
BottomS002960,22.7005,36.1602,2.045e-18,3.486e-18,7.648e-18,-0.0003,-93.14,0
BottomS002961,22.7036,36.1650,9.836e-19,1.643e-18,3.553e-18,0.0002,-93.06,0
BottomS002962,22.6569,36.0417,1.499e-19,1.596e-19,1.269e-19,0.0001,-93.01,0
BottomS002963,22.7191,36.1660,3.774e-19,7.042e-19,1.804e-18,-0.0005,-92.85,0
BottomS002965,22.6373,36.0372,2.303e-15,1.517e-15,4.764e-16,0.0001,-93.47,0
BottomS002966,22.6285,36.0296,1.377e-19,1.517e-19,1.311e-19,-0.0,-93.54,0
BottomS002967,22.7231,36.1506,2.425e-18,2.205e-18,1.275e-18,-0.0,-92.63,0
BottomS002968,22.6260,36.0378,1.842e-19,1.939e-19,1.530e-19,0.0001,-93.67,0
BottomS002969,22.7394,36.1581,3.121e-18,2.553e-18,1.236e-18,-0.0007,-92.63,0
BottomS002970,22.7431,36.1565,3.187e-18,2.652e-18,1.274e-18,0.0003,-92.46,0
BottomS002973,22.6108,36.0426,3.231e-19,3.048e-19,1.964e-19,0.0001,-93.98,0
BottomS002974,22.6143,36.0585,5.075e-16,3.288e-16,1.032e-16,-0.0008,-94.07,0
BottomS002975,22.7503,36.1393,1.889e-17,1.396e-17,5.442e-18,0.0011,-91.94,0
BottomS002976,22.7681,36.1615,4.611e-19,4.413e-19,3.016e-19,-0.0002,-92.06,0
BottomS002977,22.7570,36.1388,1.985e-18,1.714e-18,9.316e-19,0.0002,-91.84,0
BottomS002978,22.5883,36.0481,1.275e-17,9.375e-18,3.766e-18,0.0001,-94.31,0
BottomS002979,22.7668,36.1328,3.040e-18,5.805e-18,1.561e-17,-0.0,-91.73,0
BottomS002980,22.7738,36.1413,5.315e-18,4.563e-18,2.417e-18,-0.0002,-91.6,0
BottomS002981,22.5841,36.0603,9.229e-20,1.056e-19,1.025e-19,0.0004,-94.62,0
BottomS002983,22.5696,36.0625,2.133e-17,1.667e-17,7.196e-18,0.0003,-94.77,1
BottomS002984,22.7873,36.1290,9.572e-18,7.776e-18,3.751e-18,0.0013,-91.36,0
BottomS002986,22.5809,36.0754,1.712e-18,2.357e-18,3.360e-18,-0.0008,-94.94,0
BottomS002988,22.7915,36.1066,3.511e-17,2.579e-17,9.673e-18,0.0004,-91.17,0
BottomS002990,22.5572,36.0793,1.108e-18,9.658e-19,5.347e-19,0.0,-95.03,0
BottomS002992,22.5556,36.0839,2.389e-18,2.158e-18,1.251e-18,0.0001,-95.16,0
BottomS002994,22.5638,36.0904,1.111e-17,8.812e-18,3.912e-18,0.0005,-95.13,1
BottomS002995,22.5598,36.0972,2.946e-17,2.130e-17,8.346e-18,-0.0003,-95.11,0
BottomS002996,22.5518,36.0938,1.414e-18,3.214e-18,1.272e-17,-0.0005,-95.18,0
BottomS002997,22.7984,36.0910,5.668e-20,6.405e-20,5.989e-20,-0.0004,-90.9,0
BottomS003001,22.5590,36.1157,5.588e-18,4.836e-18,2.653e-18,0.0007,-95.38,0
BottomS003002,22.7945,36.0790,4.089e-17,3.014e-17,1.220e-17,-0.0,-90.79,0
BottomS003004,22.8045,36.0669,3.117e-18,2.653e-18,1.391e-18,0.0001,-90.7,0
BottomS003005,22.8040,36.0598,2.063e-18,1.733e-18,8.666e-19,-0.0009,-90.83,0
BottomS003006,22.5613,36.1382,2.976e-20,3.695e-20,4.028e-20,0.0002,-95.4,0
BottomS003009,22.8126,36.0432,4.825e-14,4.166e-14,2.205e-14,-0.0004,-90.6,1
BottomS003011,22.7801,36.0486,3.747e-18,3.097e-18,1.551e-18,0.0003,-90.78,0
BottomS003012,22.7733,36.0471,4.495e-19,7.475e-19,1.532e-18,-0.0002,-90.71,0
BottomS003015,22.7805,36.0296,5.288e-17,3.661e-17,1.256e-17,-0.0008,-90.85,0
BottomS003016,22.5693,36.1696,1.087e-19,1.169e-19,9.816e-20,0.0007,-95.17,0
BottomS003017,22.7700,36.0314,2.908e-17,2.144e-17,8.240e-18,0.0009,-90.88,0
BottomS003019,22.5974,36.1743,1.256e-20,1.641e-20,1.989e-20,-0.0008,-94.97,0
BottomS003020,22.7718,36.0164,5.569e-18,4.568e-18,2.250e-18,0.0005,-91.07,0
BottomS003022,22.7556,36.0223,3.817e-18,3.060e-18,1.450e-18,0.0001,-91.2,0
BottomS003023,22.6097,36.1701,2.945e-20,3.628e-20,3.909e-20,0.0,-94.84,0
BottomS003025,22.6144,36.1935,1.608e-17,1.168e-17,4.524e-18,-0.0003,-94.54,0
BottomS003026,22.6150,36.1859,8.887e-19,1.485e-18,3.198e-18,0.0,-94.61,0
BottomS003030,22.6426,36.1906,9.680e-18,8.171e-18,4.305e-18,-0.0002,-94.4,0
BottomS003031,22.7277,36.0011,2.472e-18,5.430e-18,2.001e-17,-0.0007,-91.63,0
BottomS003032,22.7227,36.0077,1.383e-17,1.102e-17,4.985e-18,0.0012,-91.73,1
BottomS003033,22.6379,36.1916,5.624e-18,4.473e-18,2.085e-18,0.0008,-94.43,0
BottomS003034,22.6411,36.1976,4.855e-18,3.841e-18,1.772e-18,-0.0003,-94.31,0
BottomS003035,22.6502,36.2005,2.500e-20,3.005e-20,3.207e-20,-0.0014,-94.19,0
BottomS003036,22.7062,36.0010,1.587e-20,2.070e-20,2.560e-20,0.0003,-91.9,0
BottomS003037,22.6985,35.9935,1.322e-18,1.156e-18,6.368e-19,0.0007,-91.95,0
BottomS003038,22.6927,35.9966,1.594e-20,2.031e-20,2.403e-20,-0.0003,-92.23,0
BottomS003039,22.6756,36.2009,2.181e-17,1.679e-17,7.051e-18,0.0,-93.82,1
BottomS003041,22.6802,36.0102,1.142e-18,1.765e-18,3.077e-18,0.0005,-92.52,0
BottomS003042,22.6703,36.0031,3.957e-19,3.871e-19,2.680e-19,0.0012,-92.7,0
BottomS003044,22.6678,36.0053,8.995e-19,8.425e-19,5.280e-19,0.0001,-92.53,0
BottomS003045,22.6522,35.9877,3.668e-18,3.044e-18,1.510e-18,-0.0,-92.75,0
BottomS003046,22.6529,36.0035,3.035e-20,3.725e-20,4.165e-20,-0.0003,-92.89,0
BottomS003048,22.6459,36.0039,2.654e-17,2.055e-17,8.848e-18,0.0007,-92.89,0
BottomS003049,22.6315,35.9898,7.814e-17,5.548e-17,2.088e-17,0.0001,-93.01,0
BottomS003052,22.7406,36.1929,1.134e-17,8.570e-18,3.562e-18,0.0001,-92.9,1
BottomS003053,22.7481,36.1921,4.599e-19,4.441e-19,2.988e-19,-0.0006,-92.69,0
BottomS003054,22.6069,36.0020,7.614e-18,5.747e-18,2.376e-18,0.0008,-93.43,1
BottomS003055,22.6016,36.0044,2.103e-19,2.039e-19,1.377e-19,-0.0003,-93.52,0
BottomS003056,22.5973,36.0072,8.602e-18,6.714e-18,2.913e-18,-0.0002,-93.74,1
BottomS003057,22.6035,36.0245,1.304e-17,9.816e-18,4.068e-18,0.0008,-93.72,0
BottomS003058,22.5896,36.0144,4.612e-18,3.703e-18,1.768e-18,0.0001,-93.92,0
BottomS003059,22.5818,36.0161,6.808e-19,6.365e-19,3.893e-19,0.0006,-93.89,0
BottomS003060,22.5760,36.0128,1.245e-16,8.753e-17,3.132e-17,-0.0008,-94.09,0
BottomS003062,22.7914,36.1811,2.887e-19,2.974e-19,2.272e-19,0.0001,-92.1,0
BottomS003063,22.5700,36.0268,6.213e-19,9.936e-19,1.869e-18,0.0004,-94.27,0
BottomS003064,22.5732,36.0432,4.825e-18,3.897e-18,1.801e-18,-0.0001,-94.34,0
BottomS003065,22.5589,36.0401,1.379e-18,1.209e-18,6.653e-19,0.0003,-94.4,0
BottomS003066,22.5596,36.0354,1.911e-18,4.824e-18,2.369e-17,0.0005,-94.3,0
BottomS003067,22.5637,36.0435,3.516e-17,2.545e-17,9.742e-18,0.001,-94.57,0
BottomS003068,22.8244,36.1524,7.927e-19,1.581e-18,4.866e-18,-0.0002,-91.41,0
BottomS003070,22.5351,36.0513,1.349e-19,1.407e-19,1.124e-19,0.0004,-94.74,0
BottomS003071,22.8256,36.1301,1.063e-19,1.200e-19,1.089e-19,0.0003,-91.0,0
BottomS003072,22.8206,36.1439,1.579e-20,1.932e-20,2.063e-20,-0.0005,-91.52,0
BottomS003073,22.5382,36.0594,3.040e-18,2.560e-18,1.332e-18,0.0002,-94.78,0
BottomS003074,22.5239,36.0614,3.074e-20,3.480e-20,3.260e-20,0.0004,-94.94,0
BottomS003075,22.8260,36.1186,7.518e-19,1.408e-18,3.748e-18,0.0004,-91.14,0
BottomS003076,22.8378,36.1196,2.464e-14,1.705e-14,5.838e-15,0.0003,-90.86,0
BottomS003077,22.8298,36.1205,6.074e-19,5.572e-19,3.298e-19,-0.0005,-90.92,0
BottomS003079,22.5094,36.0822,2.684e-18,2.138e-18,9.671e-19,0.0008,-95.17,0
BottomS003080,22.8340,36.1083,4.476e-18,3.480e-18,1.518e-18,-0.0,-90.84,0
BottomS003081,22.5230,36.0877,2.461e-19,2.369e-19,1.603e-19,-0.0001,-95.24,0
BottomS003082,22.8528,36.0851,2.185e-18,3.988e-18,1.016e-17,-0.0008,-90.66,0
BottomS003083,22.5126,36.1118,3.170e-18,2.559e-18,1.193e-18,-0.0001,-95.12,0
BottomS003084,22.8451,36.0801,3.015e-14,2.058e-14,6.935e-15,-0.0003,-90.67,0
BottomS003086,22.8281,36.0828,1.509e-19,1.550e-19,1.189e-19,0.0008,-90.77,0
BottomS003087,22.5468,36.1102,6.446e-19,6.271e-19,4.259e-19,0.0002,-95.23,0
BottomS003089,22.8093,36.0699,2.119e-17,5.665e-17,3.094e-16,-0.0008,-90.6,0
BottomS003091,22.8574,36.0491,2.171e-18,3.328e-18,5.858e-18,-0.0007,-90.63,0
BottomS003093,22.4980,36.1538,1.068e-18,1.591e-18,2.700e-18,0.0003,-95.29,0
BottomS003094,22.5229,36.1470,8.311e-19,7.802e-19,4.883e-19,-0.0003,-95.46,0
BottomS003095,22.5251,36.1522,1.900e-18,3.912e-18,1.264e-17,-0.0005,-95.5,0
BottomS003096,22.5412,36.1477,4.292e-14,3.206e-14,1.271e-14,-0.0002,-95.44,0
BottomS003097,22.8570,36.0234,8.003e-19,1.407e-18,3.248e-18,0.0002,-90.62,0
BottomS003098,22.5423,36.1573,3.724e-20,4.418e-20,4.544e-20,0.0001,-95.48,0
BottomS003100,22.5376,36.1699,2.296e-18,1.934e-18,9.735e-19,0.0002,-95.34,0
BottomS003102,22.5560,36.1801,8.053e-18,6.461e-18,2.984e-18,-0.0011,-95.22,0
BottomS003103,22.8158,36.0112,6.222e-20,6.531e-20,5.304e-20,0.0002,-90.79,0
BottomS003104,22.5499,36.1867,1.738e-17,1.303e-17,5.129e-18,-0.0002,-95.34,0
BottomS003105,22.5563,36.1909,1.496e-19,1.419e-19,9.078e-20,0.0002,-95.11,0
BottomS003106,22.5810,36.1878,8.902e-19,1.787e-18,5.393e-18,0.0008,-95.14,0
BottomS003107,22.8009,35.9999,3.821e-14,2.615e-14,9.270e-15,0.0008,-90.75,0
BottomS003108,22.5743,36.1944,1.044e-17,8.390e-18,3.953e-18,0.0013,-95.03,0
BottomS003109,22.5675,36.1957,5.235e-19,5.056e-19,3.372e-19,-0.0004,-95.09,0
BottomS003110,22.5837,36.2004,8.431e-19,1.541e-18,3.944e-18,-0.0007,-94.95,0
BottomS003111,22.7781,35.9936,6.400e-20,7.380e-20,7.014e-20,0.0003,-91.15,0
BottomS003115,22.7636,35.9816,4.162e-19,3.937e-19,2.583e-19,-0.0002,-91.44,0
BottomS003117,22.6296,36.2114,1.430e-19,1.516e-19,1.165e-19,-0.0003,-94.2,0
BottomS003118,22.6045,36.2209,3.654e-20,4.459e-20,4.625e-20,0.0004,-94.81,0
BottomS003119,22.7252,35.9753,1.454e-17,1.089e-17,4.520e-18,-0.0008,-91.74,1
BottomS003120,22.6230,36.2167,9.697e-20,1.060e-19,9.329e-20,-0.0001,-94.59,0
BottomS003121,22.6423,36.2118,8.435e-18,6.989e-18,3.338e-18,0.0005,-94.14,0
BottomS003122,22.7333,35.9792,6.882e-20,7.811e-20,7.262e-20,0.0003,-91.61,0
BottomS003124,22.7087,35.9605,5.875e-20,6.518e-20,5.839e-20,-0.0,-91.92,0
BottomS003125,22.6559,36.2164,7.228e-19,6.674e-19,4.165e-19,-0.0001,-93.98,0
BottomS003127,22.7029,35.9822,3.799e-20,4.298e-20,4.051e-20,0.0008,-91.99,0
BottomS003128,22.6938,36.2390,4.891e-18,4.096e-18,2.091e-18,0.0008,-93.61,0
BottomS003131,22.6476,35.9574,1.203e-18,2.222e-18,5.503e-18,0.0,-92.62,0
BottomS003132,22.6495,35.9657,9.242e-19,1.392e-18,2.326e-18,-0.0003,-92.66,0
BottomS003136,22.7246,36.2223,2.038e-18,1.833e-18,1.058e-18,0.0006,-93.2,0
BottomS003137,22.7298,36.2060,2.299e-18,1.970e-18,1.044e-18,0.0007,-92.89,0
BottomS003138,22.7400,36.2200,3.292e-18,5.478e-18,1.085e-17,-0.0006,-92.81,0
BottomS003140,22.6047,35.9824,3.576e-20,4.114e-20,4.040e-20,-0.0005,-93.33,0
BottomS003141,22.7592,36.2084,8.733e-20,9.857e-20,9.151e-20,0.0004,-92.46,0
BottomS003142,22.7681,36.2088,2.608e-18,2.176e-18,1.054e-18,-0.001,-92.59,0
BottomS003143,22.5962,36.0059,7.756e-19,7.264e-19,4.521e-19,-0.0003,-93.68,0
BottomS003144,22.5717,35.9843,5.540e-18,4.547e-18,2.244e-18,0.0004,-93.65,0
BottomS003145,22.7695,36.1813,5.613e-19,1.000e-18,2.356e-18,0.0001,-92.23,0
BottomS003146,22.8077,36.2164,5.968e-17,4.306e-17,1.622e-17,-0.0003,-92.33,0
BottomS003147,22.7945,36.1935,3.005e-19,2.977e-19,2.151e-19,-0.0001,-92.15,0
BottomS003148,22.7917,36.1757,4.969e-18,4.170e-18,2.116e-18,0.0003,-91.87,0
BottomS003149,21.3831,37.4254,2.547e-18,4.578e-18,1.101e-17,0.0004,-87.57,0
BottomS003151,21.4423,37.4244,1.877e-18,1.648e-18,9.425e-19,0.0003,-89.99,0
BottomS003152,21.4320,37.4442,6.903e-19,6.473e-19,4.067e-19,0.0002,-90.29,0
BottomS003154,21.4384,37.4668,7.506e-14,5.858e-14,2.568e-14,-0.0004,-89.63,1
BottomS003157,21.4529,37.4512,1.481e-17,3.403e-17,1.384e-16,0.0001,-90.73,0
BottomS003159,21.4250,37.4290,1.717e-19,1.709e-19,1.186e-19,0.0009,-89.87,0
BottomS003160,21.4701,37.4627,6.514e-14,4.836e-14,1.906e-14,-0.0003,-90.88,0
BottomS003161,21.4014,37.4307,1.624e-18,2.452e-18,4.055e-18,0.0003,-87.57,0
BottomS003162,21.4519,37.4324,8.473e-20,8.866e-20,7.140e-20,-0.0002,-90.53,0
BottomS003164,21.4590,37.4564,3.044e-20,3.721e-20,4.050e-20,-0.0,-90.8,0
BottomS003165,21.4297,37.4349,5.649e-20,6.283e-20,5.874e-20,0.0,-90.55,0
BottomS003168,21.1423,37.3445,1.132e-20,1.539e-20,2.090e-20,0.0003,-86.79,0
BottomS003173,21.4270,37.4304,1.983e-20,2.516e-20,2.941e-20,0.0,-90.45,0
BottomS003176,21.4094,37.4334,1.982e-19,2.013e-19,1.434e-19,0.0005,-89.36,0
BottomS003177,21.4329,37.4306,1.060e-20,1.444e-20,1.921e-20,-0.0004,-90.36,0
BottomS003181,21.3648,37.4139,1.732e-20,2.248e-20,2.918e-20,0.0003,-86.91,0
BottomS003183,21.4515,37.4472,4.259e-20,4.793e-20,4.578e-20,-0.0005,-91.0,0
BottomS003184,21.4118,37.3770,3.442e-18,6.045e-18,1.400e-17,0.0003,-88.89,0
BottomS003189,21.4211,37.4283,1.320e-19,1.377e-19,1.089e-19,-0.0,-89.64,0
BottomS003194,21.4050,37.3981,1.967e-20,2.520e-20,2.978e-20,0.0,-88.7,0
BottomS003195,21.4057,37.4248,1.246e-19,1.312e-19,1.054e-19,0.0008,-87.8,0
BottomS003197,21.4118,37.4230,2.759e-19,2.642e-19,1.732e-19,-0.0007,-90.45,0
BottomS003201,21.3821,37.4142,1.566e-19,1.663e-19,1.421e-19,0.0001,-87.23,0
BottomS003207,21.4061,37.4204,5.272e-19,5.212e-19,3.647e-19,-0.0001,-88.48,0
BottomS003208,21.3245,37.3847,2.561e-18,4.035e-18,7.305e-18,0.0001,-86.67,0
BottomS003211,21.2016,37.3559,5.412e-19,4.995e-19,3.041e-19,0.0008,-86.69,0
BottomS003212,21.3409,37.4096,1.357e-19,1.420e-19,1.121e-19,0.0008,-86.7,0
BottomS003214,21.4307,37.4226,3.085e-20,3.770e-20,4.248e-20,-0.0008,-90.41,0
BottomS003215,21.4095,37.4297,1.655e-19,1.661e-19,1.192e-19,-0.0005,-89.12,0
BottomS003216,21.4122,37.4562,3.212e-20,3.927e-20,4.132e-20,0.0005,-89.08,0
BottomS003220,21.4902,37.4756,3.829e-20,4.385e-20,4.100e-20,0.0002,-90.89,0
BottomS003223,21.4728,37.4469,2.889e-14,2.397e-14,1.236e-14,-0.0006,-90.99,1
BottomS003227,21.3312,37.4006,1.423e-20,1.749e-20,1.882e-20,0.0002,-86.77,0
BottomS003228,21.3994,37.4173,1.490e-20,1.938e-20,2.358e-20,0.0006,-87.53,0
BottomS003237,21.4102,37.4249,8.617e-18,1.285e-17,2.139e-17,-0.0001,-89.18,0
BottomS003238,21.4023,37.4295,1.333e-20,1.705e-20,1.991e-20,0.0001,-88.27,0
BottomS003239,21.4507,37.4518,3.972e-18,6.747e-18,1.451e-17,-0.0004,-90.89,0
BottomS003245,21.4495,37.3874,2.084e-20,2.421e-20,2.427e-20,-0.0003,-89.41,0
BottomS003254,21.4526,37.4176,1.014e-18,9.329e-19,5.727e-19,-0.0005,-90.02,0
BottomS003262,21.4619,37.4707,1.487e-19,1.543e-19,1.158e-19,-0.0004,-90.19,0
BottomS003268,21.3513,37.4157,4.174e-20,4.968e-20,5.166e-20,-0.0001,-87.0,0
BottomS003275,21.4020,37.4233,6.979e-19,6.819e-19,4.469e-19,-0.0009,-87.51,0
BottomS003276,21.3929,37.4080,3.723e-18,5.580e-18,9.318e-18,0.0007,-88.03,0
BottomS003278,21.4486,37.4361,1.001e-19,1.090e-19,9.039e-20,-0.0007,-90.59,0
BottomS003279,21.3600,37.3343,3.261e-19,3.122e-19,2.098e-19,-0.0005,-88.31,0
BottomS003283,21.4094,37.4262,5.463e-18,9.457e-18,2.148e-17,-0.0002,-91.86,0
BottomS003285,21.3664,37.4120,1.512e-18,2.491e-18,4.898e-18,0.0003,-87.14,0
BottomS003290,21.3979,37.4395,4.773e-20,5.503e-20,5.301e-20,-0.0002,-88.46,0
BottomS003291,21.5722,37.5084,2.349e-19,2.506e-19,2.055e-19,0.0002,-91.25,0
BottomS003292,21.3896,37.4123,2.984e-18,4.291e-18,6.481e-18,0.0003,-87.56,0
BottomS003305,21.4139,37.4276,1.891e-19,1.880e-19,1.358e-19,-0.0009,-89.47,0
BottomS003306,21.4449,37.4862,5.156e-14,4.477e-14,2.510e-14,-0.0005,-89.58,1
BottomS003308,21.4104,37.4312,1.314e-19,1.446e-19,1.277e-19,0.0003,-89.22,0
BottomS003309,21.4268,37.4236,2.017e-18,1.662e-18,8.014e-19,0.0004,-89.55,0
BottomS003312,21.4302,37.4378,1.653e-20,2.059e-20,2.384e-20,-0.0001,-90.6,0
BottomS003315,21.3169,37.3641,2.531e-20,3.097e-20,3.324e-20,0.0004,-86.96,0
BottomS003317,21.3859,37.4165,2.381e-20,2.828e-20,2.919e-20,-0.0005,-87.1,0
BottomS003319,21.4080,37.4240,5.590e-20,6.562e-20,6.716e-20,-0.0004,-88.83,0
BottomS003320,21.3905,37.4154,2.157e-20,2.659e-20,2.917e-20,0.0,-87.89,0
BottomS003322,21.3733,37.4035,1.893e-18,1.590e-18,8.131e-19,-0.0,-87.1,0
BottomS003323,21.4755,37.4337,7.163e-19,6.576e-19,3.896e-19,0.0,-90.35,0
BottomS003324,21.4085,37.4119,2.416e-14,1.699e-14,5.761e-15,0.0003,-88.73,0
BottomS003325,21.4324,37.4383,1.848e-19,1.857e-19,1.326e-19,0.0001,-90.63,0
BottomS003326,21.3622,37.4248,1.305e-19,1.359e-19,1.083e-19,-0.0001,-86.91,0
BottomS003328,21.3612,37.3999,5.940e-20,6.449e-20,5.558e-20,0.0006,-87.13,0
BottomS003329,21.3196,37.3653,2.029e-20,2.542e-20,3.020e-20,0.0002,-86.92,0
BottomS003334,21.4097,37.4389,4.993e-20,5.741e-20,5.621e-20,-0.0004,-89.15,0
BottomS003338,21.4108,37.4247,2.409e-17,6.986e-17,4.764e-16,-0.0011,-89.14,0
BottomS003343,21.4261,37.4417,4.330e-14,3.366e-14,1.445e-14,0.0006,-90.39,1
BottomS003344,21.4534,37.4597,1.616e-20,2.046e-20,2.466e-20,-0.0005,-90.67,0
BottomS003345,21.4048,37.4215,3.507e-19,3.462e-19,2.523e-19,0.0007,-88.42,0
BottomS003347,21.3776,37.4557,9.334e-20,9.884e-20,7.751e-20,-0.001,-88.31,0
BottomS003348,21.4074,37.4203,1.782e-18,1.544e-18,8.333e-19,-0.0001,-88.03,0
BottomS003350,21.3253,37.3749,4.569e-14,3.581e-14,1.573e-14,0.0001,-86.98,1
BottomS003351,21.4627,37.4420,2.459e-20,3.058e-20,3.485e-20,0.0008,-90.81,0
BottomS003353,21.3985,37.4231,2.754e-19,2.786e-19,2.039e-19,0.0003,-87.42,0
BottomS003359,21.4014,37.4272,3.976e-20,4.608e-20,4.661e-20,-0.0,-88.5,0
BottomS003363,21.3838,37.4327,1.969e-19,1.929e-19,1.337e-19,-0.0002,-87.95,0
BottomS003366,21.4000,37.4356,6.111e-19,5.630e-19,3.526e-19,0.0003,-88.19,0
BottomS003369,21.4015,37.4234,3.614e-20,4.284e-20,4.457e-20,0.0002,-87.95,0
BottomS003370,21.3986,37.4246,5.502e-20,6.059e-20,5.408e-20,-0.0001,-87.44,0
BottomS003374,21.4046,37.4305,2.145e-18,1.903e-18,1.071e-18,-0.0009,-88.53,0
BottomS003378,21.4038,37.4257,6.778e-20,7.562e-20,6.627e-20,-0.0002,-87.54,0
BottomS003384,21.4219,37.4304,1.116e-20,1.480e-20,1.882e-20,0.0003,-89.86,0
BottomS003386,21.3799,37.3845,4.833e-20,5.291e-20,4.401e-20,0.0013,-88.2,0
BottomS003387,21.4032,37.4250,3.200e-14,2.346e-14,8.878e-15,-0.0001,-87.7,0
BottomS003391,21.4035,37.4111,3.314e-20,3.914e-20,3.856e-20,-0.0002,-88.58,0
BottomS003410,21.5993,37.5020,4.360e-20,5.084e-20,5.083e-20,-0.0011,-91.28,0
BottomS003416,21.3784,37.4084,1.005e-19,1.027e-19,7.756e-20,-0.0001,-87.72,0
BottomS003419,21.4416,37.4354,2.290e-19,2.333e-19,1.745e-19,0.0005,-90.84,0
BottomS003423,21.4048,37.4404,3.796e-14,2.680e-14,9.816e-15,0.0002,-88.76,0
BottomS003429,21.4103,37.4334,3.041e-20,3.970e-20,4.968e-20,-0.0001,-89.25,0
BottomS003430,21.3931,37.4178,1.933e-20,2.520e-20,3.066e-20,0.0007,-87.39,0
BottomS003431,21.3688,37.4271,3.324e-20,3.670e-20,3.308e-20,0.0001,-87.11,0
BottomS003433,21.4224,37.4419,8.268e-20,8.662e-20,6.960e-20,-0.0002,-89.64,0
BottomS003436,21.3905,37.4155,4.956e-20,5.397e-20,4.656e-20,0.0002,-87.47,0
BottomS003439,21.4022,37.4306,7.051e-20,7.870e-20,7.431e-20,0.0002,-88.02,0
BottomS003446,21.4489,37.4128,1.000e-19,1.107e-19,9.759e-20,-0.0003,-90.09,0
BottomS003448,21.4049,37.4336,3.191e-20,3.717e-20,3.772e-20,0.0003,-88.73,0
BottomS003452,21.4686,37.4365,5.968e-20,6.603e-20,5.705e-20,-0.0006,-90.48,0
BottomS003464,21.4092,37.4256,3.703e-19,3.489e-19,2.216e-19,0.0,-88.84,0
BottomS003466,21.3267,37.3987,1.335e-18,1.166e-18,6.538e-19,-0.0002,-86.78,0
BottomS003474,21.4051,37.4265,1.033e-18,1.685e-18,3.338e-18,0.0013,-88.62,0
BottomS003489,21.3992,37.4133,1.225e-18,2.429e-18,7.164e-18,0.0001,-88.38,0
BottomS003490,21.4074,37.4295,5.646e-20,6.378e-20,5.870e-20,0.0011,-88.86,0
BottomS003491,21.4229,37.4599,2.182e-19,2.316e-19,1.931e-19,-0.0008,-90.77,0
BottomS003492,21.4121,37.4672,6.511e-19,6.021e-19,3.597e-19,-0.0011,-90.83,0
BottomS003493,21.4336,37.4344,3.484e-20,4.194e-20,4.260e-20,-0.0,-90.71,0
BottomS003494,21.4241,37.4291,3.171e-19,3.119e-19,2.165e-19,0.0008,-90.0,0
BottomS003498,21.4106,37.4791,7.039e-20,7.633e-20,6.526e-20,-0.0007,-89.78,0
BottomS003501,21.4147,37.4380,3.630e-19,3.699e-19,2.645e-19,-0.0,-89.9,0
BottomS003502,21.4045,37.3942,7.448e-19,1.360e-18,3.384e-18,-0.0001,-87.45,0
BottomS003503,21.3992,37.4168,4.028e-20,4.591e-20,4.458e-20,-0.0001,-88.26,0
BottomS003505,21.4145,37.4169,1.442e-19,1.461e-19,1.079e-19,0.0004,-90.36,0
BottomS003506,21.4049,37.4137,2.869e-18,2.515e-18,1.393e-18,-0.0002,-87.66,0
BottomS003508,21.4011,37.4254,5.647e-19,5.547e-19,3.890e-19,-0.0002,-88.35,0
BottomS003509,21.4348,37.4504,6.567e-20,7.352e-20,6.668e-20,-0.0001,-90.62,0
BottomS003513,21.4287,37.4352,1.017e-19,1.075e-19,8.941e-20,-0.0006,-89.87,0
BottomS003515,21.3913,37.4710,7.713e-14,6.122e-14,2.833e-14,0.0005,-88.27,1
BottomS003518,21.3945,37.4286,3.286e-18,5.886e-18,1.378e-17,-0.0003,-87.33,0
BottomS003521,21.4702,37.4725,8.426e-19,1.542e-18,3.943e-18,0.0005,-90.81,0
BottomS003525,21.4261,37.3773,1.522e-18,2.369e-18,4.210e-18,0.0001,-90.95,0
BottomS003526,21.3880,37.4013,3.534e-18,2.988e-18,1.479e-18,-0.0005,-88.07,0
BottomS003527,21.4066,37.4173,9.766e-19,8.814e-19,5.154e-19,-0.0001,-87.8,0
BottomS003530,21.4084,37.4260,3.592e-19,3.310e-19,2.100e-19,-0.0002,-88.82,0
BottomS003534,21.3984,37.4408,3.487e-19,7.051e-19,2.259e-18,-0.0008,-87.38,0
BottomS003535,21.3991,37.4356,3.765e-19,3.701e-19,2.565e-19,0.0001,-87.48,0
BottomS003538,21.3671,37.4147,5.159e-18,4.270e-18,2.109e-18,0.0004,-87.02,0
BottomS003539,21.4101,37.4229,2.448e-14,1.695e-14,5.913e-15,-0.0006,-89.08,0
BottomS003540,21.3982,37.4054,1.112e-18,9.168e-19,4.640e-19,0.0001,-87.86,0
BottomS003543,21.4043,37.4565,5.341e-19,5.102e-19,3.404e-19,0.0006,-88.67,0
BottomS003544,21.4028,37.4485,3.213e-19,5.488e-19,1.155e-18,-0.0001,-87.35,0
BottomS003547,21.4060,37.4560,1.807e-18,1.552e-18,8.276e-19,-0.0001,-88.33,0
BottomS003548,21.4123,37.4183,7.271e-19,6.695e-19,4.107e-19,-0.0001,-90.35,0
BottomS003549,21.4246,37.4521,6.526e-20,7.369e-20,6.906e-20,-0.0002,-90.76,0
BottomS003550,21.4182,37.3988,2.049e-18,3.656e-18,8.514e-18,-0.0008,-89.98,0
BottomS003556,21.4197,37.4512,1.230e-20,1.547e-20,1.852e-20,0.0001,-89.74,0
BottomS003557,21.4136,37.4296,2.568e-20,3.116e-20,3.292e-20,0.0,-89.82,0
BottomS003559,21.4136,37.4347,1.946e-20,2.410e-20,2.721e-20,0.0003,-89.6,0
BottomS003560,21.4462,37.4468,1.875e-18,2.874e-18,5.213e-18,0.0004,-90.91,0
BottomS003564,21.4261,37.4271,1.462e-20,1.838e-20,2.063e-20,-0.0002,-89.91,0
BottomS003565,21.4023,37.3986,5.061e-14,3.610e-14,1.347e-14,0.0002,-87.12,0
BottomS003569,21.4030,37.4230,2.349e-20,2.955e-20,3.425e-20,0.0014,-88.1,0
BottomS003570,21.3715,37.3832,3.242e-18,2.861e-18,1.580e-18,0.0007,-87.58,0
BottomS003576,21.3860,37.4540,7.230e-19,1.419e-18,4.123e-18,0.0009,-87.54,0
BottomS003577,21.4321,37.4273,4.368e-14,3.101e-14,1.111e-14,0.0005,-90.69,0
BottomS003578,21.3651,37.4037,1.303e-18,1.138e-18,6.271e-19,0.001,-86.92,0
BottomS003579,21.4121,37.4197,5.862e-19,5.611e-19,3.653e-19,0.0007,-90.39,0
BottomS003581,21.4300,37.4129,4.413e-20,5.202e-20,5.298e-20,0.0001,-90.12,0
BottomS003582,21.4245,37.4204,1.269e-14,1.579e-14,1.768e-14,0.0,-90.15,0
BottomS003584,21.3974,37.3874,2.606e-20,3.336e-20,3.951e-20,0.0,-87.91,0
BottomS003585,21.3984,37.4423,1.460e-18,1.311e-18,7.352e-19,0.0007,-88.44,0
BottomS003586,21.4235,37.4288,4.230e-14,3.095e-14,1.249e-14,-0.0002,-89.92,0
BottomS003589,21.3999,37.3846,5.873e-20,6.841e-20,6.680e-20,0.0001,-87.08,0
BottomS003590,21.3824,37.4492,1.336e-20,1.733e-20,2.100e-20,0.0,-86.92,0
BottomS003591,21.4268,37.3998,1.494e-18,1.316e-18,7.313e-19,-0.0003,-89.54,0
BottomS003592,21.4119,37.4808,4.901e-20,5.363e-20,4.567e-20,-0.0002,-90.09,0
BottomS003594,21.3972,37.4379,7.011e-20,7.857e-20,7.314e-20,0.0002,-87.83,0
BottomS003595,21.4227,37.4807,3.166e-18,5.496e-18,1.224e-17,-0.0,-90.49,0
BottomS003597,21.4202,37.4311,5.773e-14,4.176e-14,1.603e-14,0.0003,-90.12,0
BottomS003598,21.3848,37.4233,7.827e-19,7.180e-19,4.267e-19,-0.0008,-87.13,0
BottomS003600,21.4280,37.4369,2.095e-17,1.571e-17,6.357e-18,0.0001,-90.45,0
BottomS003603,21.4173,37.4307,3.767e-20,4.221e-20,3.952e-20,0.0007,-89.48,0
BottomS003604,21.4258,37.4347,6.860e-19,6.494e-19,4.173e-19,0.0012,-89.63,0
BottomS003605,21.3784,37.4091,1.237e-18,1.099e-18,6.500e-19,-0.0001,-87.0,0
BottomS003606,21.3832,37.4661,1.065e-20,1.506e-20,2.161e-20,0.0003,-87.85,0
BottomS003607,21.4083,37.4517,5.052e-19,4.625e-19,2.843e-19,-0.0,-89.02,0
BottomS003608,21.4164,37.4643,3.637e-20,4.606e-20,5.286e-20,-0.0001,-89.36,0
BottomS003609,21.3994,37.4494,3.206e-20,4.037e-20,4.733e-20,0.0,-88.49,0
BottomS003613,21.3983,37.4634,1.876e-17,1.463e-17,6.430e-18,-0.0013,-88.02,1
BottomS003614,21.4103,37.4406,1.309e-19,1.426e-19,1.229e-19,0.0007,-89.12,0
BottomS003616,21.3855,37.4131,1.476e-19,1.605e-19,1.389e-19,-0.0001,-87.11,0
BottomS003617,21.4105,37.4465,1.987e-18,1.824e-18,1.082e-18,-0.0002,-89.29,0
BottomS003618,21.3897,37.4315,2.947e-18,2.485e-18,1.252e-18,-0.0002,-87.33,0
BottomS003619,21.4190,37.4569,1.753e-19,2.895e-19,5.756e-19,-0.0002,-90.76,0
BottomS003624,21.4285,37.4136,9.391e-19,8.753e-19,5.377e-19,-0.0004,-90.33,0
BottomS003625,21.3858,37.4361,3.718e-19,6.895e-19,1.753e-18,0.0008,-87.8,0
BottomS003626,21.3649,37.3847,2.320e-18,4.733e-18,1.479e-17,0.0006,-86.83,0
BottomS003629,21.4597,37.4256,1.726e-17,1.284e-17,5.157e-18,0.0008,-90.95,0
BottomS003632,21.4226,37.4307,5.826e-19,1.035e-18,2.483e-18,0.001,-90.16,0
BottomS003633,21.3962,37.4815,1.665e-17,1.231e-17,4.805e-18,0.0006,-87.97,0
BottomS003636,21.4129,37.4227,2.333e-20,2.965e-20,3.629e-20,0.0002,-89.57,0
BottomS003641,21.4093,37.4271,4.186e-14,3.131e-14,1.269e-14,-0.0002,-92.82,0
BottomS003642,21.4092,37.4272,2.268e-19,2.272e-19,1.581e-19,0.0009,-88.49,0
BottomS003643,21.4094,37.4273,2.257e-18,1.935e-18,1.060e-18,0.0003,-93.32,0
BottomS003644,21.4093,37.4270,2.360e-17,1.784e-17,7.433e-18,0.0,-90.66,1
BottomS003645,21.4093,37.4270,1.876e-17,1.414e-17,5.926e-18,-0.0004,-92.45,1
BottomS003646,21.4090,37.4269,1.922e-18,3.424e-18,8.222e-18,0.0003,-83.87,0
BottomS003647,21.4094,37.4271,9.921e-18,7.622e-18,3.351e-18,0.0003,-94.03,0
BottomS003648,21.4093,37.4270,1.743e-18,2.895e-18,6.162e-18,0.0002,-91.24,0
BottomS003649,21.4092,37.4270,3.962e-20,4.508e-20,4.371e-20,-0.0007,-88.74,0
BottomS003650,21.4092,37.4270,5.730e-18,4.602e-18,2.163e-18,0.0005,-89.05,0
BottomS003651,21.4013,37.4272,4.454e-18,3.726e-18,1.935e-18,-0.0006,-87.98,0
BottomS003652,21.4005,37.4246,3.903e-17,2.759e-17,9.655e-18,0.0003,-87.93,0
BottomS003653,21.4214,37.4301,1.114e-17,8.671e-18,3.799e-18,-0.0003,-90.09,1
BottomS003654,21.4235,37.4271,1.729e-17,1.329e-17,5.517e-18,-0.0009,-90.31,1
BottomS003656,21.3904,37.4202,1.929e-16,1.338e-16,4.619e-17,-0.001,-87.31,0
BottomS003657,21.4290,37.4336,5.139e-17,3.905e-17,1.598e-17,0.0,-90.53,0
BottomS003659,21.4339,37.4388,4.482e-17,3.196e-17,1.161e-17,0.0004,-90.77,0
BottomS003660,21.3852,37.4156,3.792e-17,2.848e-17,1.165e-17,-0.0001,-87.09,0
BottomS003661,21.4350,37.4415,3.131e-14,2.214e-14,7.843e-15,-0.0008,-90.74,0
BottomS003662,21.4368,37.4403,1.901e-16,1.319e-16,4.487e-17,0.0001,-90.82,0
BottomS003663,21.3818,37.4129,2.407e-19,2.505e-19,1.952e-19,-0.0004,-87.11,0
BottomS003664,21.3810,37.4114,3.603e-18,2.954e-18,1.421e-18,-0.0007,-87.23,0
BottomS003665,21.4355,37.4443,8.549e-15,1.197e-14,1.689e-14,0.0003,-90.49,0
BottomS003666,21.4359,37.4452,7.594e-18,5.868e-18,2.474e-18,-0.0003,-90.46,0
BottomS003667,21.4336,37.4457,4.399e-19,4.366e-19,2.987e-19,-0.0006,-90.26,0
BottomS003668,21.3845,37.4033,1.471e-18,2.427e-18,5.008e-18,-0.0007,-87.6,0
BottomS003669,21.3881,37.4077,1.018e-14,7.043e-15,2.405e-15,-0.0,-87.75,0
BottomS003670,21.3917,37.4070,1.104e-18,9.443e-19,4.953e-19,-0.0002,-87.92,0
BottomS003671,21.4241,37.4497,4.312e-17,3.135e-17,1.185e-17,-0.0006,-89.68,0
BottomS003672,21.3979,37.4098,1.096e-18,1.926e-18,4.565e-18,-0.0002,-88.32,0
BottomS003673,21.4020,37.4118,1.520e-18,3.157e-18,1.063e-17,0.0007,-88.54,0
BottomS003674,21.4120,37.4417,1.532e-18,2.583e-18,5.506e-18,0.0002,-89.07,0
BottomS003675,21.4074,37.4408,1.470e-17,1.126e-17,4.812e-18,0.0006,-88.91,1
BottomS003676,21.4153,37.4125,3.281e-16,2.260e-16,7.511e-17,-0.0,-89.11,0
BottomS003677,21.4208,37.4150,3.079e-17,2.262e-17,8.644e-18,-0.0002,-89.33,0
BottomS003678,21.4277,37.4188,4.918e-17,3.549e-17,1.400e-17,-0.0003,-89.59,0
BottomS003679,21.3864,37.4335,7.485e-18,5.920e-18,2.648e-18,0.001,-88.1,1
BottomS003681,21.3750,37.4247,1.994e-17,1.507e-17,6.099e-18,0.0004,-87.64,1
BottomS003682,21.3661,37.4213,4.960e-14,3.837e-14,1.646e-14,-0.0,-87.46,1
BottomS003683,21.3639,37.4211,2.669e-17,2.065e-17,8.670e-18,0.0011,-87.2,1
BottomS003684,21.3580,37.4160,1.100e-16,7.624e-17,2.710e-17,0.0001,-87.09,0
BottomS003685,21.3545,37.4135,3.158e-18,2.647e-18,1.301e-18,0.0007,-87.02,0
BottomS003686,21.4701,37.4448,7.014e-17,4.977e-17,1.782e-17,0.0005,-90.91,0
BottomS003688,21.4752,37.4525,8.035e-17,5.658e-17,2.091e-17,-0.0004,-91.03,0
BottomS003689,21.3443,37.3990,1.541e-18,1.373e-18,7.919e-19,-0.0004,-86.78,0
BottomS003690,21.4765,37.4566,1.019e-16,7.194e-17,2.610e-17,0.0004,-91.12,0
BottomS003691,21.3410,37.3937,7.325e-14,5.708e-14,2.405e-14,-0.0002,-86.78,1
BottomS003692,21.3410,37.3905,2.009e-18,1.633e-18,7.876e-19,-0.0007,-86.84,0
BottomS003693,21.4794,37.4627,1.186e-17,9.311e-18,4.030e-18,0.0007,-91.01,1
BottomS003695,21.4741,37.4665,2.873e-16,1.952e-16,6.656e-17,-0.0002,-90.87,0
BottomS003696,21.4671,37.4659,4.234e-17,2.959e-17,1.033e-17,0.0002,-90.66,0
BottomS003697,21.4706,37.4704,5.757e-19,5.683e-19,3.868e-19,0.0006,-90.59,0
BottomS003698,21.4631,37.4704,1.447e-14,9.906e-15,3.308e-15,0.0002,-90.36,0
BottomS003699,21.4544,37.4677,6.358e-17,4.537e-17,1.645e-17,0.0007,-90.1,0
BottomS003700,21.3704,37.3864,1.026e-16,7.260e-17,2.676e-17,0.0002,-87.86,0
BottomS003701,21.4419,37.4682,4.365e-17,3.402e-17,1.527e-17,0.0006,-89.81,0
BottomS003702,21.4324,37.4619,1.902e-17,1.434e-17,5.967e-18,0.0008,-89.59,1
BottomS003703,21.4253,37.4645,1.644e-17,1.226e-17,5.036e-18,0.0,-89.38,0
BottomS003704,21.4025,37.3942,2.022e-17,1.513e-17,6.173e-18,-0.0,-88.64,0
BottomS003705,21.4069,37.4539,1.864e-17,1.470e-17,6.488e-18,-0.0002,-88.89,1
BottomS003706,21.3968,37.4532,4.392e-18,3.697e-18,1.845e-18,0.0005,-88.69,0
BottomS003707,21.3896,37.4488,1.176e-18,1.082e-18,6.516e-19,-0.0004,-88.57,0
BottomS003708,21.4398,37.4111,6.777e-19,1.070e-18,2.010e-18,0.0007,-89.58,0
BottomS003709,21.3685,37.4399,1.417e-18,1.255e-18,7.066e-19,-0.0006,-88.02,0
BottomS003710,21.4594,37.4220,6.950e-17,5.010e-17,1.842e-17,0.0001,-89.99,0
BottomS003711,21.4715,37.4289,4.259e-18,3.589e-18,1.784e-18,-0.0003,-90.28,0
BottomS003712,21.4744,37.4292,4.240e-17,3.037e-17,1.170e-17,-0.0005,-90.36,0
BottomS003713,21.3301,37.4147,7.269e-18,5.785e-18,2.647e-18,0.0005,-87.24,0
BottomS003715,21.4980,37.4482,3.021e-16,2.017e-16,6.428e-17,0.0008,-90.87,0
BottomS003716,21.3047,37.3959,1.365e-16,9.496e-17,3.205e-17,-0.0001,-86.79,0
BottomS003717,21.3090,37.3941,1.900e-16,1.307e-16,4.468e-17,0.0002,-86.74,0
BottomS003718,21.3009,37.3894,1.787e-18,1.655e-18,1.043e-18,0.0003,-86.62,0
BottomS003719,21.3001,37.3841,8.148e-17,5.870e-17,2.184e-17,0.0001,-86.6,0
BottomS003720,21.5184,37.4740,4.765e-17,3.383e-17,1.250e-17,0.0007,-91.19,0
BottomS003721,21.2916,37.3742,7.267e-17,5.287e-17,2.035e-17,0.0001,-86.61,0
BottomS003722,21.5207,37.4815,9.566e-19,8.770e-19,5.417e-19,0.0003,-91.14,0
BottomS003723,21.3037,37.3724,1.884e-17,1.488e-17,6.589e-18,-0.0005,-86.74,0
BottomS003724,21.3037,37.3671,9.927e-19,9.218e-19,5.547e-19,0.0001,-86.68,0
BottomS003725,21.5146,37.4881,5.882e-14,5.225e-14,2.933e-14,0.001,-90.96,1
BottomS003726,21.5036,37.4912,1.230e-17,9.717e-18,4.298e-18,-0.0004,-90.77,1
BottomS003727,21.3218,37.3651,3.493e-17,2.651e-17,1.139e-17,-0.0003,-87.18,0
BottomS003728,21.3305,37.3614,3.178e-18,2.755e-18,1.519e-18,-0.0,-87.32,0
BottomS003729,21.4835,37.4901,3.929e-18,3.294e-18,1.692e-18,-0.0001,-90.34,0
BottomS003730,21.3442,37.3655,1.568e-18,1.362e-18,7.297e-19,0.0005,-87.65,0
BottomS003731,21.4606,37.4852,3.850e-16,2.705e-16,9.468e-17,-0.0009,-89.89,0
BottomS003732,21.3698,37.3702,7.124e-17,5.090e-17,1.921e-17,-0.0003,-88.19,0
BottomS003733,21.3827,37.3705,4.725e-17,3.430e-17,1.303e-17,-0.0008,-88.36,0
BottomS003734,21.4228,37.4768,7.303e-15,4.819e-15,1.474e-15,0.0008,-89.23,0
BottomS003735,21.4066,37.4698,6.798e-20,7.735e-20,7.507e-20,0.0,-88.89,0
BottomS003736,21.3944,37.4649,2.450e-17,1.830e-17,7.164e-18,0.0003,-88.74,0
BottomS003737,21.3807,37.4585,2.427e-17,1.786e-17,7.112e-18,-0.0001,-88.54,0
BottomS003738,21.4540,37.4012,2.206e-16,1.556e-16,5.394e-17,-0.0008,-89.56,0
BottomS003739,21.4696,37.4137,7.683e-14,6.833e-14,4.013e-14,0.0004,-89.91,1
BottomS003740,21.3380,37.4342,3.941e-20,4.565e-20,4.369e-20,-0.0005,-87.76,0
BottomS003741,21.3291,37.4329,1.356e-16,9.406e-17,3.118e-17,0.0003,-87.6,0
BottomS003742,21.5058,37.4320,8.011e-18,6.478e-18,2.954e-18,0.0004,-90.45,0
BottomS003743,21.3024,37.4133,3.739e-18,3.057e-18,1.515e-18,0.0002,-87.21,0
BottomS003744,21.2887,37.4036,3.361e-18,2.693e-18,1.221e-18,-0.0005,-86.99,0
BottomS003745,21.5335,37.4565,2.824e-16,1.918e-16,6.476e-17,0.0,-90.87,0
BottomS003746,21.5479,37.4672,6.615e-19,1.272e-18,3.475e-18,0.0003,-91.04,0
BottomS003747,21.2607,37.3794,2.529e-17,1.940e-17,7.968e-18,0.0,-86.65,1
BottomS003748,21.5603,37.4816,1.074e-16,7.618e-17,2.839e-17,0.0003,-91.19,0
BottomS003750,21.2575,37.3620,1.384e-17,1.097e-17,4.998e-18,-0.0001,-86.54,1
BottomS003752,21.2532,37.3490,8.091e-19,1.280e-18,2.316e-18,-0.0,-86.59,0
BottomS003753,21.5663,37.5079,1.529e-17,1.182e-17,4.916e-18,-0.0003,-91.08,1
BottomS003754,21.2596,37.3411,2.727e-18,2.317e-18,1.181e-18,0.0001,-86.77,0
BottomS003755,21.5476,37.5096,5.034e-17,3.612e-17,1.311e-17,0.0002,-91.05,0
BottomS003756,21.2798,37.3417,4.049e-18,3.374e-18,1.672e-18,0.0001,-87.01,0
BottomS003757,21.2753,37.3336,3.305e-19,5.872e-19,1.364e-18,-0.0002,-87.07,0
BottomS003758,21.5221,37.5154,1.986e-16,1.374e-16,4.862e-17,-0.0009,-90.5,0
BottomS003759,21.3058,37.3362,2.661e-18,2.334e-18,1.316e-18,0.0001,-87.42,0
BottomS003760,21.4967,37.5139,4.322e-18,3.444e-18,1.625e-18,0.0002,-90.19,0
BottomS003761,21.3409,37.3471,3.241e-17,2.437e-17,9.916e-18,0.0,-87.99,0
BottomS003762,21.3560,37.3533,1.552e-17,1.217e-17,5.320e-18,0.0003,-88.08,1
BottomS003763,21.4458,37.4975,8.136e-18,6.666e-18,3.108e-18,0.0,-89.54,0
BottomS003764,21.3982,37.4235,2.816e-19,2.907e-19,2.257e-19,0.0001,-87.73,0
BottomS003765,21.4188,37.4274,1.340e-19,1.378e-19,1.031e-19,0.0006,-90.14,0
BottomS003766,21.3936,37.4261,4.785e-19,8.654e-19,2.196e-18,-0.001,-87.47,0
BottomS003768,21.4239,37.4324,4.623e-19,7.618e-19,1.520e-18,0.0004,-90.37,0
BottomS003769,21.3927,37.4215,7.949e-18,6.717e-18,3.324e-18,-0.0002,-87.36,0
BottomS003771,21.3876,37.4168,9.724e-19,8.796e-19,5.206e-19,0.0005,-87.26,0
BottomS003775,21.3868,37.4132,3.032e-19,5.412e-19,1.280e-18,0.0,-87.18,0
BottomS003776,21.3874,37.4156,9.282e-18,7.151e-18,2.941e-18,-0.0002,-87.25,1
BottomS003778,21.4344,37.4396,5.357e-18,4.203e-18,1.837e-18,-0.0001,-90.69,0
BottomS003780,21.3835,37.4081,1.025e-18,9.144e-19,5.248e-19,0.0002,-87.3,0
BottomS003781,21.3832,37.4056,2.943e-17,2.156e-17,8.306e-18,0.0004,-87.24,0
BottomS003782,21.4353,37.4478,3.219e-18,2.633e-18,1.225e-18,-0.0,-90.36,0
BottomS003783,21.4347,37.4423,3.026e-14,2.726e-14,1.545e-14,-0.0011,-90.33,1
BottomS003784,21.3864,37.4088,2.724e-18,2.305e-18,1.215e-18,0.0001,-87.64,0
BottomS003785,21.4301,37.4399,5.951e-19,5.198e-19,2.912e-19,-0.0004,-90.13,0
BottomS003786,21.3901,37.4078,1.650e-14,1.106e-14,3.675e-15,0.0007,-87.9,0
BottomS003787,21.3914,37.4089,5.580e-19,5.367e-19,3.500e-19,-0.0006,-87.98,0
BottomS003788,21.4238,37.4452,9.389e-19,8.980e-19,5.845e-19,-0.0001,-89.69,0
BottomS003789,21.4214,37.4440,3.249e-18,2.705e-18,1.376e-18,0.0002,-89.62,0
BottomS003794,21.4125,37.4139,3.007e-18,2.641e-18,1.411e-18,0.0004,-89.02,0
BottomS003795,21.4015,37.4407,2.874e-17,2.116e-17,8.598e-18,-0.0008,-88.64,0
BottomS003796,21.4191,37.4202,2.762e-20,3.554e-20,4.216e-20,-0.0003,-89.32,0
BottomS003797,21.4237,37.4165,1.988e-20,2.555e-20,3.072e-20,-0.0002,-89.43,0
BottomS003799,21.4372,37.4243,2.344e-20,2.872e-20,3.139e-20,0.0006,-90.0,0
BottomS003800,21.3815,37.4314,4.112e-17,2.916e-17,1.059e-17,-0.0006,-87.85,0
BottomS003805,21.3638,37.4190,9.065e-18,7.169e-18,3.211e-18,-0.0003,-87.25,1
BottomS003806,21.3564,37.4172,5.511e-18,4.538e-18,2.180e-18,-0.0003,-87.1,0
BottomS003807,21.3551,37.4127,4.620e-19,4.405e-19,3.015e-19,0.0003,-86.99,0
BottomS003808,21.4642,37.4433,1.027e-19,1.104e-19,9.359e-20,0.0002,-90.82,0
BottomS003809,21.3449,37.4040,1.038e-19,1.145e-19,9.834e-20,0.0002,-86.86,0
BottomS003810,21.4717,37.4459,3.047e-18,2.544e-18,1.212e-18,-0.0002,-90.98,0
BottomS003811,21.4690,37.4449,5.483e-19,1.032e-18,2.749e-18,0.0,-90.98,0
BottomS003812,21.4682,37.4499,5.322e-17,3.876e-17,1.501e-17,0.0002,-91.04,0
BottomS003813,21.3526,37.4015,1.891e-18,1.631e-18,8.817e-19,0.0008,-86.84,0
BottomS003814,21.4780,37.4580,9.660e-19,8.854e-19,5.280e-19,-0.0007,-91.13,0
BottomS003816,21.4706,37.4573,5.326e-19,4.962e-19,3.060e-19,0.0006,-91.01,0
BottomS003817,21.4653,37.4599,4.052e-17,2.909e-17,1.102e-17,-0.0005,-90.9,0
BottomS003818,21.3441,37.3956,4.296e-18,3.361e-18,1.502e-18,-0.0005,-86.85,0
BottomS003819,21.3423,37.3869,1.187e-20,1.511e-20,1.734e-20,0.0002,-86.84,0
BottomS003820,21.3499,37.3897,4.241e-19,3.893e-19,2.427e-19,0.001,-87.05,0
BottomS003822,21.3446,37.3816,4.458e-19,7.514e-19,1.570e-18,-0.0006,-87.13,0
BottomS003823,21.4596,37.4658,1.054e-20,1.447e-20,2.060e-20,-0.001,-90.55,0
BottomS003826,21.4513,37.4646,4.760e-19,4.644e-19,3.238e-19,0.0003,-90.3,0
BottomS003830,21.4323,37.4592,1.701e-20,2.116e-20,2.356e-20,-0.0003,-89.6,0
BottomS003831,21.3939,37.3944,1.094e-18,9.662e-19,5.268e-19,-0.0003,-88.45,0
BottomS003832,21.4186,37.4619,7.307e-19,1.223e-18,2.549e-18,0.0007,-89.24,0
BottomS003833,21.4136,37.4611,2.351e-18,1.934e-18,9.380e-19,-0.0006,-89.07,0
BottomS003835,21.4165,37.4032,7.519e-19,1.215e-18,2.387e-18,0.0002,-89.04,0
BottomS003836,21.4277,37.4020,6.203e-20,7.562e-20,8.479e-20,-0.0002,-89.32,0
BottomS003837,21.4389,37.4101,1.679e-14,1.133e-14,3.697e-15,0.0005,-89.62,0
BottomS003838,21.4427,37.4103,7.145e-19,6.773e-19,4.303e-19,0.0,-89.66,0
BottomS003839,21.4491,37.4152,6.191e-19,5.904e-19,3.743e-19,0.0005,-89.84,0
BottomS003841,21.4690,37.4253,1.576e-19,1.724e-19,1.457e-19,0.0002,-90.23,0
BottomS003843,21.4733,37.4304,3.923e-19,7.575e-19,2.171e-18,-0.0002,-90.46,0
BottomS003844,21.4790,37.4320,1.606e-20,2.014e-20,2.292e-20,-0.0003,-90.4,0
BottomS003845,21.4915,37.4405,9.500e-19,8.471e-19,4.829e-19,-0.0001,-90.7,0
BottomS003846,21.3210,37.4093,1.958e-18,1.767e-18,1.008e-18,-0.0002,-86.97,0
BottomS003847,21.3133,37.4023,1.124e-16,7.784e-17,2.714e-17,0.0,-86.89,0
BottomS003848,21.4855,37.4438,2.412e-20,2.927e-20,3.098e-20,0.0001,-90.93,0
BottomS003849,21.5095,37.4590,3.145e-20,3.705e-20,3.701e-20,0.0003,-91.06,0
BottomS003850,21.5151,37.4638,1.490e-20,2.031e-20,2.766e-20,0.0006,-91.13,0
BottomS003852,21.5142,37.4664,2.458e-18,2.034e-18,9.931e-19,-0.0004,-91.21,0
BottomS003853,21.5075,37.4679,1.023e-18,9.416e-19,5.669e-19,0.0005,-91.23,0
BottomS003854,21.5203,37.4774,3.201e-17,2.273e-17,8.518e-18,0.0002,-91.2,0
BottomS003855,21.2994,37.3741,7.029e-19,6.624e-19,4.192e-19,-0.001,-86.66,0
BottomS003857,21.2981,37.3665,1.161e-18,2.333e-18,7.362e-18,0.0006,-86.6,0
BottomS003858,21.5176,37.4896,6.356e-20,7.087e-20,6.477e-20,0.0004,-91.13,0
BottomS003859,21.2827,37.3572,9.042e-19,8.040e-19,4.592e-19,0.0009,-86.71,0
BottomS003860,21.5088,37.4925,7.094e-19,1.681e-18,7.082e-18,-0.0003,-90.89,0
BottomS003861,21.4996,37.4849,1.242e-20,1.601e-20,1.930e-20,-0.0005,-90.8,0
BottomS003863,21.3071,37.3574,9.317e-20,1.020e-19,8.781e-20,0.0004,-87.14,0
BottomS003865,21.4880,37.4888,3.751e-17,2.770e-17,1.099e-17,-0.0001,-90.58,0
BottomS003866,21.4762,37.4857,1.182e-17,9.687e-18,4.482e-18,-0.0004,-90.27,0
BottomS003867,21.4722,37.4892,4.799e-19,4.971e-19,3.861e-19,0.0001,-90.05,0
BottomS003869,21.3663,37.3784,9.767e-18,7.479e-18,3.217e-18,-0.0009,-87.97,1
BottomS003870,21.4412,37.4682,3.365e-14,2.376e-14,8.772e-15,0.0006,-89.67,0
BottomS003871,21.4332,37.4741,3.436e-19,3.217e-19,2.002e-19,-0.0,-89.55,0
BottomS003872,21.3960,37.3846,6.446e-20,7.375e-20,6.916e-20,-0.0005,-88.52,0
BottomS003873,21.3987,37.3762,2.632e-19,2.739e-19,2.087e-19,-0.0002,-88.62,0
BottomS003875,21.4176,37.3840,1.336e-18,1.190e-18,6.771e-19,-0.0003,-88.89,0
BottomS003876,21.4341,37.3977,1.596e-18,3.176e-18,9.271e-18,0.0004,-89.26,0
BottomS003878,21.3724,37.4642,1.355e-17,1.032e-17,4.314e-18,0.0002,-88.37,1
BottomS003879,21.4542,37.4029,1.158e-16,8.253e-17,3.010e-17,0.0001,-89.64,0
BottomS003880,21.3370,37.4349,9.466e-18,7.445e-18,3.350e-18,-0.0004,-87.81,1
BottomS003881,21.4695,37.4163,1.065e-18,1.736e-18,3.315e-18,-0.0003,-89.96,0
BottomS003882,21.3414,37.4363,6.066e-19,1.002e-18,2.068e-18,-0.0002,-87.78,0
BottomS003883,21.2875,37.4130,9.605e-18,7.582e-18,3.458e-18,0.0,-87.16,1
BottomS003884,21.5076,37.4371,1.225e-18,1.081e-18,5.920e-19,-0.0002,-90.5,0
BottomS003885,21.3016,37.4111,1.518e-17,1.123e-17,4.585e-18,-0.0,-87.2,0
BottomS003886,21.5131,37.4468,3.422e-18,2.867e-18,1.472e-18,-0.0002,-90.78,0
BottomS003888,21.2706,37.3939,4.909e-19,8.690e-19,2.013e-18,0.0004,-86.78,0
BottomS003889,21.5448,37.4676,2.260e-18,1.952e-18,1.062e-18,0.0004,-91.11,0
BottomS003890,21.5413,37.4697,2.454e-18,2.131e-18,1.119e-18,-0.0001,-91.1,0
BottomS003895,21.5557,37.4975,2.056e-18,1.757e-18,9.251e-19,-0.0007,-91.33,0
BottomS003896,21.5610,37.4967,3.639e-19,7.169e-19,2.077e-18,0.0004,-91.26,0
BottomS003897,21.5530,37.5022,8.980e-18,7.145e-18,3.222e-18,-0.0002,-91.13,1
BottomS003898,21.5549,37.5042,9.606e-18,7.504e-18,3.298e-18,-0.0005,-91.13,1
BottomS003902,21.2691,37.3370,9.105e-20,9.758e-20,8.111e-20,0.0003,-86.94,0
BottomS003905,21.5119,37.5083,6.992e-20,8.069e-20,8.033e-20,0.0001,-90.5,0
BottomS003906,21.3125,37.3467,4.949e-19,4.734e-19,3.102e-19,0.0005,-87.37,0
BottomS003907,21.3272,37.3500,1.683e-18,1.524e-18,9.059e-19,-0.0008,-87.63,0
BottomS003908,21.4879,37.5154,5.013e-14,3.773e-14,1.559e-14,0.0003,-89.99,1
BottomS003909,21.3418,37.3432,2.671e-17,2.159e-17,1.040e-17,-0.0,-88.01,0
BottomS003910,21.4567,37.4885,1.995e-20,2.467e-20,2.790e-20,0.0008,-89.75,0
BottomS003911,21.3665,37.3521,1.012e-17,8.014e-18,3.539e-18,0.0003,-88.27,1
BottomS003912,21.3733,37.3466,1.137e-17,8.731e-18,3.640e-18,-0.0,-88.46,1
BottomS003913,21.4250,37.4875,7.712e-18,6.055e-18,2.713e-18,-0.0003,-89.21,1
BottomS003914,21.4181,37.4917,5.011e-19,4.663e-19,2.893e-19,0.0011,-89.1,0
BottomS003916,16.8733,34.7097,7.211e-18,5.760e-18,2.598e-18,0.0,-98.66,0
BottomS003917,16.9328,34.7637,5.844e-20,6.738e-20,6.338e-20,-0.0006,-98.48,0
BottomS003920,16.8757,34.7424,2.392e-20,2.938e-20,3.293e-20,-0.0005,-98.13,0
BottomS003922,16.8760,34.7060,2.889e-20,3.333e-20,3.252e-20,-0.0005,-98.76,0
BottomS003924,16.8487,34.6959,4.762e-19,4.462e-19,2.787e-19,-0.001,-98.51,0
BottomS003926,16.8791,34.6722,3.025e-14,3.287e-14,2.813e-14,-0.001,-99.21,0
BottomS003927,16.8793,34.7119,1.370e-18,2.271e-18,4.630e-18,0.0002,-98.64,0
BottomS003929,16.8376,34.7461,6.741e-20,7.338e-20,6.464e-20,-0.0005,-97.87,0
BottomS003932,16.8370,34.7028,1.928e-18,3.237e-18,6.796e-18,0.0001,-98.25,0
BottomS003934,16.8694,34.7219,2.077e-20,2.504e-20,2.652e-20,0.0002,-98.22,0
BottomS003935,16.8238,34.7849,2.827e-20,3.326e-20,3.294e-20,-0.0001,-97.58,0
BottomS003940,16.8616,34.6913,2.908e-19,3.024e-19,2.303e-19,-0.0003,-98.71,0
BottomS003942,16.8958,34.7138,9.699e-19,1.663e-18,3.537e-18,0.0004,-98.6,0
BottomS003943,16.8806,34.7403,1.651e-20,2.159e-20,2.761e-20,0.0003,-98.11,0
BottomS003952,16.8315,34.7658,1.131e-18,2.560e-18,1.005e-17,0.0,-97.91,0
BottomS003953,16.8853,34.7487,2.188e-18,3.401e-18,5.963e-18,0.0006,-98.19,0
BottomS003956,16.8065,34.8089,7.636e-14,6.469e-14,3.315e-14,0.0005,-97.82,1
BottomS003958,16.8657,34.7386,6.125e-20,6.827e-20,5.961e-20,0.0006,-98.23,0
BottomS003962,16.8654,34.7055,2.766e-20,3.569e-20,4.207e-20,0.0013,-98.63,0
BottomS003963,16.8842,34.5665,1.592e-18,2.983e-18,7.874e-18,0.0004,-99.01,0
BottomS003966,16.8443,34.7080,3.965e-20,4.644e-20,4.715e-20,-0.0002,-98.34,0
BottomS003968,16.8170,34.6584,2.119e-20,2.609e-20,2.978e-20,-0.0012,-98.61,0
BottomS003972,16.7758,34.7166,9.425e-19,8.656e-19,5.126e-19,0.0005,-97.93,0
BottomS003975,16.9997,34.6511,6.180e-20,7.105e-20,6.957e-20,0.0009,-99.08,0
BottomS003983,16.8273,34.7049,4.215e-14,3.057e-14,1.199e-14,-0.0002,-98.18,0
BottomS003985,16.9567,34.7088,4.210e-18,3.663e-18,1.972e-18,0.0001,-98.84,0
BottomS003986,16.9241,34.7356,3.648e-20,4.604e-20,5.359e-20,0.0002,-98.53,0
BottomS003989,16.8403,34.6894,2.528e-19,4.913e-19,1.422e-18,-0.0001,-98.45,0
BottomS003990,16.8711,34.6850,2.882e-18,5.044e-18,1.136e-17,0.0002,-99.03,0
BottomS003995,16.8628,34.7146,1.430e-19,1.509e-19,1.253e-19,-0.0001,-98.1,0
BottomS003996,16.8767,34.6917,6.008e-20,6.603e-20,5.725e-20,-0.0001,-98.98,0
BottomS003999,16.9162,34.7440,4.098e-19,4.193e-19,3.020e-19,0.0001,-98.53,0
BottomS004005,16.8569,34.7435,1.255e-20,1.689e-20,2.255e-20,-0.0005,-98.06,0
BottomS004015,16.8160,34.7091,2.751e-20,3.383e-20,3.750e-20,-0.0007,-98.03,0
BottomS004017,16.8747,34.7172,1.639e-20,2.102e-20,2.573e-20,-0.0007,-98.44,0
BottomS004022,16.8683,34.7114,1.308e-20,1.665e-20,2.069e-20,0.0,-98.1,0
BottomS004024,16.9285,34.7304,1.266e-19,1.360e-19,1.132e-19,0.0002,-98.49,0
BottomS004026,16.8293,34.7155,7.080e-20,7.870e-20,6.954e-20,0.0002,-98.08,0
BottomS004029,16.9313,34.7275,1.296e-20,1.630e-20,1.899e-20,0.0002,-98.67,0
BottomS004032,16.9024,34.6641,5.228e-20,6.058e-20,5.699e-20,0.0003,-98.9,0
BottomS004038,16.8765,34.6743,3.886e-20,4.578e-20,4.727e-20,0.0005,-98.93,0
BottomS004040,16.8743,34.6972,1.232e-19,1.263e-19,9.286e-20,-0.0002,-98.94,0
BottomS004042,16.8902,34.8558,3.157e-20,3.876e-20,4.250e-20,0.0004,-97.99,0
BottomS004046,16.8656,34.6535,2.229e-20,2.704e-20,2.918e-20,-0.0009,-98.98,0
BottomS004047,16.8951,34.6968,2.091e-20,2.549e-20,2.830e-20,0.0001,-98.81,0
BottomS004048,16.8960,34.8097,2.173e-18,1.829e-18,9.761e-19,0.0005,-97.89,0
BottomS004052,16.8689,34.7049,3.905e-20,4.501e-20,4.564e-20,0.0001,-98.94,0
BottomS004054,16.8879,34.7564,2.103e-20,2.535e-20,2.639e-20,-0.0,-98.2,0
BottomS004058,16.8180,34.6409,3.137e-19,2.975e-19,1.946e-19,-0.0003,-98.65,0
BottomS004064,16.8913,34.7114,6.784e-20,7.422e-20,6.597e-20,-0.0001,-98.82,0
BottomS004066,16.8575,34.6949,1.362e-19,1.418e-19,1.116e-19,0.0003,-98.52,0
BottomS004071,16.8407,34.6790,1.053e-14,7.096e-15,2.333e-15,0.0001,-98.59,0
BottomS004082,16.7982,34.8195,4.098e-19,3.991e-19,2.752e-19,-0.0009,-97.85,0
BottomS004086,16.8577,34.7529,4.177e-14,2.930e-14,1.045e-14,-0.0,-97.87,0
BottomS004090,16.8230,34.6523,1.089e-19,1.191e-19,1.029e-19,-0.0004,-98.8,0
BottomS004097,16.8378,34.7008,2.280e-18,1.890e-18,9.295e-19,-0.0001,-98.4,0
BottomS004101,16.8656,34.7064,4.965e-19,7.692e-19,1.361e-18,0.0001,-98.52,0
BottomS004108,16.8639,34.7101,4.446e-20,5.293e-20,5.658e-20,0.0002,-98.13,0
BottomS004112,16.8606,34.6976,6.557e-19,6.186e-19,3.959e-19,-0.0004,-98.61,0
BottomS004115,16.8684,34.7258,1.207e-20,1.615e-20,2.152e-20,-0.0005,-98.22,0
BottomS004116,16.9385,34.8028,2.063e-14,2.337e-14,2.135e-14,0.0003,-98.23,0
BottomS004117,16.8738,34.8157,1.157e-19,1.195e-19,9.472e-20,-0.0001,-98.09,0
BottomS004120,16.8684,34.7085,1.043e-19,1.187e-19,1.079e-19,0.0005,-98.62,0
BottomS004128,16.9115,34.7269,4.816e-19,4.482e-19,2.850e-19,0.0009,-98.64,0
BottomS004131,16.8481,34.7191,2.912e-19,2.977e-19,2.189e-19,-0.0001,-98.07,0
BottomS004137,16.8310,34.5947,2.505e-20,3.063e-20,3.405e-20,-0.0008,-98.79,0
BottomS004138,16.8562,34.7549,2.096e-19,2.146e-19,1.632e-19,-0.0001,-97.78,0
BottomS004141,16.8947,34.8367,8.993e-19,1.867e-18,6.052e-18,-0.0004,-97.96,0
BottomS004142,16.7676,34.6618,2.063e-19,2.223e-19,1.840e-19,0.0008,-98.25,0
BottomS004144,16.8405,34.6724,2.930e-18,2.463e-18,1.264e-18,-0.0001,-98.75,0
BottomS004145,16.8870,34.7398,2.944e-18,5.490e-18,1.464e-17,0.0001,-98.38,0
BottomS004146,16.8735,34.7108,2.289e-19,2.185e-19,1.484e-19,-0.0006,-98.56,0
BottomS004147,16.8539,34.7077,1.581e-19,1.599e-19,1.166e-19,-0.0002,-98.17,0
BottomS004148,16.8722,34.7515,8.685e-19,1.510e-18,3.401e-18,0.0004,-98.13,0
BottomS004150,16.8251,34.7227,1.401e-17,1.113e-17,4.954e-18,0.0003,-97.96,1
BottomS004152,16.8430,34.6916,6.792e-20,7.360e-20,6.225e-20,0.0006,-98.33,0
BottomS004153,16.8375,34.7545,6.344e-19,1.073e-18,2.218e-18,-0.0002,-97.78,0
BottomS004160,16.8734,34.7116,4.519e-20,5.087e-20,4.708e-20,0.0005,-98.55,0
BottomS004161,16.8559,34.6778,5.276e-20,5.885e-20,5.184e-20,-0.0002,-98.92,0
BottomS004162,16.8800,34.6837,5.493e-19,5.240e-19,3.353e-19,-0.0001,-99.08,0
BottomS004163,16.8828,34.7452,4.743e-20,5.615e-20,5.902e-20,0.0001,-98.09,0
BottomS004166,16.8809,34.6993,2.110e-18,4.812e-18,1.937e-17,-0.0,-99.0,0
BottomS004167,16.9150,34.7091,9.974e-20,1.085e-19,9.413e-20,0.0005,-99.06,0
BottomS004168,16.8877,34.7211,1.947e-19,1.993e-19,1.500e-19,0.0005,-98.38,0
BottomS004170,16.8569,34.7091,1.059e-18,9.527e-19,5.487e-19,-0.0001,-98.3,0
BottomS004171,16.8476,34.6785,1.991e-19,2.066e-19,1.603e-19,0.0004,-98.67,0
BottomS004172,16.9146,34.7176,1.110e-20,1.464e-20,1.876e-20,-0.0005,-98.85,0
BottomS004173,16.8973,34.7084,3.168e-20,3.748e-20,3.916e-20,0.0007,-98.72,0
BottomS004176,16.8714,34.7257,7.350e-19,1.484e-18,4.557e-18,0.0004,-98.19,0
BottomS004177,16.8786,34.6819,7.878e-18,6.367e-18,2.983e-18,0.0002,-98.85,0
BottomS004178,16.9091,34.7529,2.857e-18,2.380e-18,1.174e-18,-0.0,-98.4,0
BottomS004179,16.8802,34.7593,5.332e-20,6.119e-20,5.810e-20,0.0003,-98.02,0
BottomS004180,16.8813,34.6842,7.870e-20,9.161e-20,9.125e-20,0.0002,-98.94,0
BottomS004181,16.8486,34.6733,1.550e-19,1.727e-19,1.545e-19,0.0002,-98.95,0
BottomS004182,16.8742,34.6924,4.579e-20,5.377e-20,5.583e-20,-0.0001,-98.95,0
BottomS004183,16.9016,34.7582,5.582e-19,4.957e-19,2.817e-19,0.0007,-98.39,0
BottomS004186,16.8392,34.6493,2.239e-20,3.034e-20,4.059e-20,-0.0,-98.84,0
BottomS004188,16.8498,34.6853,3.558e-19,3.512e-19,2.484e-19,0.0,-98.78,0
BottomS004189,16.8570,34.6931,8.613e-19,1.525e-18,3.728e-18,-0.0001,-98.8,0
BottomS004191,16.8950,34.7151,4.743e-18,3.648e-18,1.600e-18,-0.0008,-98.83,0
BottomS004194,16.9031,34.6991,6.415e-19,1.083e-18,2.282e-18,-0.0002,-99.05,0
BottomS004198,16.8599,34.6980,1.755e-19,1.791e-19,1.376e-19,-0.0001,-98.84,0
BottomS004202,16.8573,34.7126,1.708e-20,2.145e-20,2.447e-20,-0.0001,-98.2,0
BottomS004203,16.8645,34.7111,6.035e-20,6.668e-20,5.667e-20,0.0003,-98.03,0
BottomS004207,16.8961,34.6950,7.549e-19,1.282e-18,2.774e-18,0.0006,-98.79,0
BottomS004209,16.8958,34.7601,5.289e-18,9.322e-18,2.182e-17,-0.0004,-98.3,0
BottomS004210,16.8392,34.7000,1.784e-19,1.839e-19,1.396e-19,0.0003,-98.4,0
BottomS004216,16.8605,34.7002,6.208e-19,5.744e-19,3.603e-19,0.0002,-98.52,0
BottomS004223,16.8439,34.6887,3.831e-19,3.799e-19,2.602e-19,-0.0004,-98.53,0
BottomS004224,16.8711,34.6907,3.229e-18,7.721e-18,3.399e-17,-0.0007,-98.92,0
BottomS004227,16.8855,34.7334,1.158e-20,1.549e-20,2.029e-20,-0.0008,-98.38,0
BottomS004232,16.8522,34.6904,6.021e-19,5.819e-19,3.809e-19,0.0004,-98.63,0
BottomS004234,16.8552,34.7236,3.258e-14,3.073e-14,1.998e-14,0.0008,-98.03,1
BottomS004237,16.8421,34.7198,1.748e-18,3.720e-18,1.337e-17,-0.0007,-98.06,0
BottomS004239,16.8645,34.7195,1.081e-18,1.985e-18,5.094e-18,-0.0005,-98.11,0
BottomS004241,16.8755,34.7324,5.160e-20,5.812e-20,5.415e-20,-0.0006,-98.15,0
BottomS004242,16.8727,34.7096,3.899e-19,3.839e-19,2.724e-19,0.0004,-98.39,0
BottomS004244,16.8657,34.7092,6.138e-19,1.337e-18,4.798e-18,-0.0001,-98.37,0
BottomS004245,16.8770,34.7150,3.517e-18,2.907e-18,1.414e-18,-0.0008,-98.53,0
BottomS004246,16.8443,34.7070,5.177e-18,4.473e-18,2.473e-18,0.0005,-98.19,0
BottomS004247,16.8615,34.7123,3.504e-20,4.132e-20,4.101e-20,0.0001,-98.33,0
BottomS004249,16.8568,34.7148,4.330e-19,4.182e-19,2.845e-19,-0.0001,-97.96,0
BottomS004250,16.8713,34.7034,2.863e-18,2.340e-18,1.113e-18,-0.0003,-98.76,0
BottomS004251,16.8541,34.7374,5.398e-14,3.961e-14,1.570e-14,-0.0005,-97.97,0
BottomS004252,16.8953,34.6797,6.337e-18,5.247e-18,2.627e-18,-0.0001,-98.98,0
BottomS004253,16.8538,34.7286,1.675e-18,2.770e-18,5.631e-18,-0.0004,-98.02,0
BottomS004254,16.8751,34.7301,4.249e-20,4.802e-20,4.603e-20,-0.0004,-98.13,0
BottomS004255,16.8424,34.6876,3.739e-14,2.893e-14,1.226e-14,-0.0001,-98.5,1
BottomS004256,16.8730,34.7141,3.907e-19,4.001e-19,3.060e-19,-0.0002,-98.14,0
BottomS004259,16.8662,34.7024,1.348e-18,1.841e-18,2.522e-18,-0.0006,-98.57,0
BottomS004267,16.8860,34.7001,7.228e-18,6.030e-18,2.980e-18,-0.0004,-98.91,0
BottomS004269,16.8892,34.7514,1.235e-17,9.307e-18,3.843e-18,0.0004,-98.16,1
BottomS004271,16.8399,34.6717,2.450e-14,1.682e-14,5.608e-15,-0.0,-98.83,0
BottomS004273,16.9048,34.7348,2.936e-18,4.729e-18,8.925e-18,-0.0005,-98.42,0
BottomS004275,16.8760,34.7185,3.813e-19,3.733e-19,2.546e-19,0.0003,-98.22,0
BottomS004276,16.8651,34.6770,3.532e-18,3.020e-18,1.559e-18,-0.0004,-98.99,0
BottomS004277,16.8753,34.7203,2.037e-18,1.704e-18,8.762e-19,0.0004,-98.38,0
BottomS004279,16.8456,34.6814,5.743e-20,6.268e-20,5.364e-20,-0.0008,-98.55,0
BottomS004280,16.8432,34.7373,4.265e-18,7.747e-18,1.931e-17,0.0001,-97.93,0
BottomS004283,16.8529,34.6809,2.077e-20,2.626e-20,3.049e-20,0.0004,-98.65,0
BottomS004286,16.8818,34.7335,1.328e-18,2.192e-18,4.500e-18,0.0001,-98.21,0
BottomS004287,16.8468,34.6712,3.286e-18,8.896e-18,5.119e-17,-0.0001,-98.7,0
BottomS004291,16.8753,34.7392,4.889e-19,4.664e-19,3.126e-19,-0.0003,-98.05,0
BottomS004292,16.8575,34.6723,3.325e-20,4.065e-20,4.456e-20,0.0,-98.98,0
BottomS004293,16.8632,34.6903,1.563e-19,1.624e-19,1.262e-19,-0.0004,-98.76,0
BottomS004295,16.8792,34.7362,4.223e-18,3.465e-18,1.732e-18,0.0009,-98.35,0
BottomS004299,16.8742,34.7435,4.980e-14,4.402e-14,2.411e-14,0.0001,-98.11,1
BottomS004300,16.8821,34.7456,5.026e-19,4.868e-19,3.220e-19,0.0002,-98.14,0
BottomS004301,16.8613,34.6836,2.554e-19,2.590e-19,1.942e-19,-0.0007,-98.9,0
BottomS004302,16.8880,34.7517,1.910e-20,2.315e-20,2.443e-20,0.0004,-98.13,0
BottomS004303,16.8812,34.7401,7.347e-19,1.477e-18,4.489e-18,-0.0003,-98.42,0
BottomS004305,16.8535,34.6661,3.353e-19,5.614e-19,1.173e-18,0.001,-98.89,0
BottomS004306,16.8819,34.7528,3.276e-19,3.223e-19,2.234e-19,0.0004,-98.11,0
BottomS004308,16.8462,34.6652,4.701e-20,5.524e-20,5.550e-20,0.0003,-98.74,0
BottomS004310,16.8623,34.6622,1.101e-18,9.723e-19,5.401e-19,-0.0006,-99.08,0
BottomS004313,16.8829,34.7418,1.501e-19,1.547e-19,1.176e-19,-0.0001,-98.13,0
BottomS004314,16.8695,34.6681,7.621e-14,6.149e-14,2.863e-14,-0.0003,-98.89,1
BottomS004318,16.8604,34.6703,4.325e-19,4.141e-19,2.729e-19,0.0003,-98.92,0
BottomS004319,16.8816,34.7504,2.930e-19,2.756e-19,1.731e-19,-0.0007,-98.09,0
BottomS004323,16.8806,34.7386,1.029e-19,1.127e-19,1.008e-19,-0.0001,-98.29,0
BottomS004324,16.8806,34.7289,2.148e-20,2.672e-20,2.916e-20,-0.0006,-98.19,0
BottomS004325,16.8530,34.6675,3.789e-20,4.185e-20,3.688e-20,0.0006,-98.66,0
BottomS004326,16.8780,34.7203,7.398e-20,7.728e-20,5.987e-20,-0.0001,-98.45,0
BottomS004328,16.8585,34.6626,1.073e-18,1.927e-18,4.571e-18,-0.0007,-98.82,0
BottomS004329,16.8741,34.7380,3.406e-19,3.502e-19,2.732e-19,0.0005,-98.17,0
BottomS004330,16.8545,34.6651,5.265e-20,5.971e-20,5.731e-20,0.0001,-98.74,0
BottomS004331,16.8816,34.7524,4.333e-20,5.112e-20,4.983e-20,0.0006,-98.14,0
BottomS004332,16.8540,34.6567,5.807e-19,6.022e-19,4.675e-19,0.0003,-99.04,0
BottomS004333,16.8840,34.7425,2.661e-18,4.410e-18,8.794e-18,-0.0002,-98.3,0
BottomS004336,16.8821,34.7441,3.757e-20,4.293e-20,4.261e-20,0.0006,-98.21,0
BottomS004338,16.8700,34.7509,1.347e-19,1.436e-19,1.210e-19,0.0004,-98.09,0
BottomS004339,16.8541,34.6713,4.466e-14,3.959e-14,2.264e-14,-0.0002,-98.94,1
BottomS004341,16.8590,34.6782,1.183e-18,1.084e-18,6.547e-19,-0.0002,-98.77,0
BottomS004343,16.8811,34.7504,1.973e-18,3.845e-18,1.109e-17,0.0001,-98.06,0
BottomS004346,16.8558,34.6651,7.776e-19,1.530e-18,4.341e-18,-0.0002,-98.84,0
BottomS004347,16.8796,34.7471,7.851e-19,7.116e-19,4.329e-19,0.001,-98.3,0
BottomS004349,16.8799,34.7540,1.300e-20,1.706e-20,2.135e-20,0.0004,-98.23,0
BottomS004352,16.8477,34.6642,1.903e-19,3.604e-19,9.736e-19,-0.0004,-98.83,0
BottomS004355,16.8842,34.7391,9.852e-19,1.662e-18,3.555e-18,-0.0005,-98.24,0
BottomS004357,16.8841,34.7658,6.847e-20,7.693e-20,7.144e-20,0.0003,-98.08,0
BottomS004359,16.8544,34.6765,4.123e-19,7.822e-19,2.046e-18,0.0007,-98.83,0
BottomS004360,16.8828,34.7601,4.590e-14,3.315e-14,1.281e-14,-0.0006,-98.28,0
BottomS004361,16.8767,34.7505,1.962e-17,1.524e-17,6.632e-18,0.0006,-98.01,1
BottomS004368,16.8563,34.6738,8.860e-18,6.596e-18,2.777e-18,-0.0,-98.89,1
BottomS004369,16.8819,34.7547,3.169e-19,3.149e-19,2.218e-19,-0.0005,-97.98,0
BottomS004370,16.8548,34.6447,3.886e-14,2.738e-14,9.501e-15,0.0002,-98.98,0
BottomS004371,16.8511,34.6646,2.027e-20,2.546e-20,2.933e-20,0.0004,-98.95,0
BottomS004372,16.8843,34.7624,2.883e-19,2.986e-19,2.252e-19,-0.0001,-98.16,0
BottomS004373,16.8804,34.7614,2.420e-19,2.393e-19,1.709e-19,-0.0007,-98.1,0
BottomS004374,16.8494,34.6558,2.004e-18,1.699e-18,8.872e-19,0.0007,-98.97,0
BottomS004378,16.8815,34.7534,9.181e-19,1.368e-18,2.308e-18,-0.0003,-98.04,0
BottomS004379,16.8710,34.7382,2.683e-17,2.037e-17,8.401e-18,-0.0006,-98.13,1
BottomS004380,16.8699,34.7370,2.091e-20,2.622e-20,3.174e-20,-0.0,-97.9,0
BottomS004381,16.8839,34.7469,1.159e-18,1.023e-18,5.695e-19,0.0002,-98.33,0
BottomS004382,16.8411,34.6518,9.475e-20,1.042e-19,8.888e-20,0.0002,-98.83,0
BottomS004384,16.8497,34.6597,1.016e-18,9.228e-19,5.482e-19,-0.0001,-98.96,0
BottomS004387,16.8874,34.7597,3.794e-20,4.621e-20,4.950e-20,0.0001,-98.17,0
BottomS004388,16.8433,34.6488,1.253e-18,1.098e-18,6.255e-19,0.0003,-98.79,0
BottomS004389,16.8492,34.6567,1.090e-18,1.001e-18,6.115e-19,0.0004,-98.98,0
BottomS004390,16.8787,34.7609,2.929e-18,4.535e-18,7.804e-18,-0.0001,-98.08,0
BottomS004391,16.8402,34.6473,3.379e-20,3.941e-20,3.944e-20,0.0003,-98.73,0
BottomS004392,16.8406,34.6584,2.185e-18,1.814e-18,9.053e-19,0.0011,-98.87,0
BottomS004393,16.8873,34.7634,5.722e-19,5.070e-19,2.902e-19,-0.0001,-98.05,0
BottomS004396,16.8834,34.7579,3.278e-19,3.162e-19,2.129e-19,0.0009,-98.08,0
BottomS004397,16.8848,34.7677,3.615e-20,4.311e-20,4.522e-20,-0.0001,-98.27,0
BottomS004398,16.8835,34.7640,1.105e-18,9.776e-19,5.591e-19,0.0004,-97.87,0
BottomS004399,16.8779,34.7478,2.809e-18,6.285e-18,2.318e-17,-0.0002,-98.18,0
BottomS004403,16.8923,34.7678,1.669e-18,2.701e-18,5.248e-18,-0.0001,-98.24,0
BottomS004404,16.8888,34.7743,3.143e-20,3.676e-20,3.739e-20,-0.0001,-98.09,0
BottomS004405,16.8788,34.7503,1.925e-20,2.395e-20,2.751e-20,-0.0,-98.15,0
BottomS004406,16.8905,34.7598,8.102e-19,1.620e-18,5.015e-18,-0.0006,-98.19,0
BottomS004407,16.8488,34.6371,1.854e-20,2.351e-20,2.838e-20,-0.0003,-98.72,0
BottomS004409,16.8842,34.7792,8.906e-19,8.049e-19,4.700e-19,-0.0007,-98.17,0
BottomS004410,16.8650,34.7471,4.323e-18,8.497e-18,2.476e-17,-0.0005,-98.13,0
BottomS004413,16.8856,34.7608,8.176e-19,7.034e-19,3.914e-19,0.0001,-98.3,0
BottomS004414,16.8420,34.6445,1.161e-19,1.248e-19,1.062e-19,0.0005,-98.83,0
BottomS004416,16.8827,34.7529,1.427e-20,1.805e-20,2.101e-20,0.0008,-98.04,0
BottomS004420,16.8979,34.7722,8.169e-20,9.011e-20,8.167e-20,0.0004,-98.06,0
BottomS004421,16.8540,34.6517,1.366e-19,1.471e-19,1.214e-19,-0.0002,-98.97,0
BottomS004422,16.8957,34.7904,4.193e-18,9.443e-18,3.645e-17,0.0004,-98.07,0
BottomS004426,16.8359,34.6507,1.662e-19,1.781e-19,1.430e-19,0.0005,-98.84,0
BottomS004431,16.8393,34.6527,5.928e-20,6.657e-20,6.101e-20,-0.0002,-98.77,0
BottomS004432,16.8433,34.6304,1.233e-20,1.584e-20,1.854e-20,-0.0002,-98.94,0
BottomS004433,16.8878,34.7793,4.060e-19,4.140e-19,3.090e-19,0.0003,-97.98,0
BottomS004437,16.8861,34.7764,1.089e-18,9.426e-19,5.300e-19,-0.0001,-98.11,0
BottomS004438,16.8919,34.7584,5.274e-20,6.213e-20,6.100e-20,-0.0005,-98.28,0
BottomS004440,16.8966,34.7698,2.445e-14,1.687e-14,5.996e-15,-0.0006,-98.43,0
BottomS004441,16.8969,34.7787,2.275e-19,2.365e-19,1.820e-19,-0.0002,-98.21,0
BottomS004443,16.8932,34.7761,1.347e-18,2.261e-18,4.727e-18,0.0005,-98.03,0
BottomS004444,16.8345,34.6215,1.760e-18,2.387e-18,3.258e-18,0.0,-99.02,0
BottomS004445,16.8420,34.6377,7.743e-20,9.259e-20,9.385e-20,0.0002,-98.94,0
BottomS004447,16.8964,34.7582,6.159e-14,4.596e-14,1.894e-14,0.0012,-98.28,0
BottomS004448,16.8947,34.7636,3.418e-15,2.245e-15,7.138e-16,-0.0003,-98.22,0
BottomS004449,16.8372,34.6257,2.235e-19,2.243e-19,1.595e-19,-0.0,-99.02,0
BottomS004450,16.8754,34.7701,5.161e-20,5.984e-20,5.711e-20,0.0005,-97.95,0
BottomS004453,16.8486,34.6458,6.742e-18,5.426e-18,2.540e-18,0.0004,-98.87,0
BottomS004457,16.8492,34.6252,2.250e-19,2.282e-19,1.730e-19,-0.0004,-98.89,0
BottomS004460,16.9068,34.7813,3.114e-18,2.595e-18,1.318e-18,-0.0002,-98.05,0
BottomS004462,16.8475,34.6358,1.438e-19,1.575e-19,1.321e-19,-0.0006,-98.96,0
BottomS004465,16.8437,34.6309,4.634e-19,4.238e-19,2.638e-19,-0.0006,-98.95,0
BottomS004466,16.8346,34.6362,9.654e-19,8.928e-19,5.376e-19,-0.0004,-98.65,0
BottomS004470,16.8951,34.7876,1.134e-18,2.081e-18,5.306e-18,-0.0001,-98.21,0
BottomS004471,16.8360,34.6309,1.440e-18,1.272e-18,7.512e-19,0.0011,-98.77,0
BottomS004472,16.8410,34.6354,1.073e-19,1.121e-19,9.165e-20,0.0,-98.81,0
BottomS004474,16.9032,34.8137,6.731e-19,6.301e-19,3.972e-19,0.0005,-98.06,0
BottomS004476,16.8422,34.6299,4.652e-19,8.472e-19,2.032e-18,0.0005,-98.89,0
BottomS004478,16.8969,34.7909,9.931e-19,9.205e-19,5.555e-19,-0.0006,-98.11,0
BottomS004480,16.8439,34.6210,6.169e-19,5.780e-19,3.687e-19,-0.0004,-98.88,0
BottomS004482,16.9010,34.7795,6.012e-18,1.528e-17,7.896e-17,0.0005,-97.99,0
BottomS004483,16.8442,34.6177,1.455e-20,1.896e-20,2.345e-20,0.0001,-99.15,0
BottomS004484,16.9097,34.8103,2.693e-20,3.259e-20,3.401e-20,0.0002,-98.12,0
BottomS004485,16.8984,34.7929,6.711e-18,5.318e-18,2.416e-18,-0.0013,-98.14,1
BottomS004486,16.8945,34.8001,3.153e-18,7.352e-18,3.073e-17,0.0003,-98.14,0
BottomS004489,16.8550,34.6300,2.108e-20,2.725e-20,3.205e-20,-0.0005,-98.95,0
BottomS004490,16.8409,34.6261,4.952e-19,4.933e-19,3.547e-19,-0.0008,-99.11,0
BottomS004492,16.8986,34.7882,2.308e-19,2.324e-19,1.749e-19,0.0007,-98.3,0
BottomS004493,16.8950,34.7989,8.998e-19,1.580e-18,3.681e-18,0.001,-98.25,0
BottomS004494,16.8392,34.6147,4.684e-20,5.647e-20,5.983e-20,0.0009,-98.66,0
BottomS004495,16.8991,34.8154,9.151e-19,8.245e-19,4.831e-19,0.0004,-98.04,0
BottomS004496,16.8326,34.6163,5.075e-20,6.113e-20,6.617e-20,-0.0001,-98.82,0
BottomS004497,16.8948,34.7895,2.364e-18,2.005e-18,1.047e-18,0.0008,-98.12,0
BottomS004498,16.8421,34.6211,4.019e-17,2.968e-17,1.181e-17,-0.0,-98.92,0
BottomS004500,16.8985,34.8056,3.873e-20,4.528e-20,4.445e-20,-0.0002,-98.14,0
BottomS004502,16.8353,34.6109,1.859e-18,1.593e-18,8.629e-19,-0.0004,-98.93,0
BottomS004504,16.8937,34.7963,1.831e-19,1.872e-19,1.402e-19,0.0003,-98.14,0
BottomS004506,16.9027,34.8058,5.364e-18,4.356e-18,2.039e-18,-0.0002,-98.32,0
BottomS004508,16.8354,34.6107,4.421e-19,9.004e-19,2.862e-18,0.0003,-98.98,0
BottomS004509,16.9015,34.8228,2.109e-20,2.597e-20,2.930e-20,-0.0004,-97.91,0
BottomS004510,16.8675,34.7082,2.352e-16,1.557e-16,5.088e-17,0.0004,-97.39,0
BottomS004511,16.8673,34.7081,6.950e-17,5.072e-17,1.867e-17,-0.0,-97.39,0
BottomS004512,16.8676,34.7081,2.285e-19,2.399e-19,1.923e-19,0.0003,-98.92,0
BottomS004513,16.8675,34.7081,2.568e-14,1.778e-14,6.130e-15,-0.0005,-97.34,0
BottomS004514,16.8408,34.6063,5.896e-17,4.274e-17,1.680e-17,0.0,-99.0,0
BottomS004515,16.8960,34.8060,5.031e-17,3.760e-17,1.483e-17,-0.0006,-98.08,0
BottomS004516,16.8391,34.6127,4.607e-19,8.661e-19,2.348e-18,0.0003,-99.03,0
BottomS004517,16.8981,34.8058,1.877e-14,1.291e-14,4.300e-15,-0.0004,-97.95,0
BottomS004518,16.8362,34.6151,9.918e-19,8.468e-19,4.472e-19,-0.0005,-99.08,0
BottomS004519,16.8328,34.6036,4.081e-17,2.928e-17,1.091e-17,-0.0001,-98.85,0
BottomS004520,16.8347,34.6121,8.119e-18,2.195e-17,1.299e-16,-0.001,-98.87,0
BottomS004521,16.9015,34.8012,6.825e-18,5.225e-18,2.222e-18,-0.0003,-98.06,0
BottomS004522,16.8316,34.6142,5.082e-17,3.710e-17,1.404e-17,-0.0002,-98.99,0
BottomS004523,16.9069,34.8050,1.288e-17,9.817e-18,4.035e-18,0.0,-97.98,1
BottomS004524,16.8281,34.6122,1.755e-16,1.204e-16,4.275e-17,0.0004,-98.72,0
BottomS004525,16.8272,34.6140,5.578e-18,4.474e-18,2.107e-18,0.0002,-98.8,0
BottomS004526,16.9073,34.7975,2.260e-16,1.480e-16,4.649e-17,-0.0001,-98.13,0
BottomS004527,16.9127,34.8053,3.070e-17,2.282e-17,8.870e-18,-0.0008,-98.25,0
BottomS004528,16.8225,34.6144,8.165e-19,7.446e-19,4.509e-19,0.0004,-98.71,0
BottomS004529,16.8182,34.6096,1.265e-17,9.464e-18,3.809e-18,-0.0009,-98.9,0
BottomS004530,16.9161,34.8014,1.697e-18,1.521e-18,8.654e-19,-0.0003,-98.16,0
BottomS004531,16.9170,34.8008,1.345e-17,9.740e-18,3.692e-18,0.0006,-97.98,0
BottomS004532,16.9179,34.8021,3.778e-17,2.719e-17,9.936e-18,0.0001,-98.16,0
BottomS004533,16.9214,34.8055,1.878e-19,1.881e-19,1.336e-19,0.0001,-97.97,0
BottomS004534,16.8091,34.6090,9.255e-20,9.733e-20,7.604e-20,0.0005,-98.95,0
BottomS004535,16.9276,34.8004,1.959e-17,1.463e-17,6.000e-18,-0.0007,-98.04,0
BottomS004537,16.8060,34.6161,1.191e-18,1.976e-18,4.054e-18,0.0004,-98.87,0
BottomS004538,16.8067,34.6166,1.688e-16,1.155e-16,4.052e-17,-0.0009,-98.7,0
BottomS004539,16.9321,34.7988,8.969e-19,8.268e-19,5.089e-19,0.0002,-98.44,0
BottomS004540,16.9354,34.8011,4.157e-17,2.990e-17,1.066e-17,0.0002,-98.35,0
BottomS004541,16.9343,34.7976,1.182e-16,8.245e-17,3.054e-17,-0.0004,-98.2,0
BottomS004542,16.9374,34.7951,9.491e-19,8.633e-19,5.227e-19,-0.0007,-98.26,0
BottomS004543,16.7959,34.6251,7.818e-19,6.996e-19,4.102e-19,0.0001,-98.67,0
BottomS004544,16.9419,34.7864,9.786e-14,7.716e-14,3.400e-14,-0.0,-98.39,1
BottomS004545,16.9427,34.7913,1.155e-16,3.649e-16,2.859e-15,0.0,-98.46,0
BottomS004546,16.9457,34.7980,2.124e-17,1.556e-17,5.976e-18,0.0005,-98.42,0
BottomS004547,16.9480,34.7911,1.381e-17,1.054e-17,4.511e-18,0.0009,-98.37,1
BottomS004548,16.9448,34.7894,1.098e-16,7.818e-17,2.814e-17,-0.0003,-98.43,0
BottomS004549,16.7877,34.6313,2.868e-17,2.094e-17,8.336e-18,-0.0004,-98.64,0
BottomS004550,16.7860,34.6331,2.486e-17,1.838e-17,7.318e-18,-0.0001,-98.59,0
BottomS004551,16.7833,34.6363,2.497e-14,1.726e-14,5.792e-15,0.0003,-98.39,0
BottomS004552,16.7827,34.6319,5.528e-18,4.564e-18,2.333e-18,-0.0004,-98.46,0
BottomS004553,16.7778,34.6312,3.067e-18,2.542e-18,1.309e-18,-0.0004,-98.45,0
BottomS004554,16.7783,34.6329,3.048e-16,2.080e-16,7.034e-17,-0.0006,-98.46,0
BottomS004555,16.7837,34.6423,3.828e-17,2.828e-17,1.122e-17,0.0005,-98.45,0
BottomS004556,16.7811,34.6424,2.080e-18,1.741e-18,8.764e-19,0.0007,-98.47,0
BottomS004557,16.7764,34.6379,2.544e-18,2.297e-18,1.325e-18,0.0004,-98.52,0
BottomS004558,16.7737,34.6474,1.176e-17,9.047e-18,3.936e-18,-0.001,-98.53,1
BottomS004559,16.9626,34.7690,4.669e-17,3.350e-17,1.266e-17,-0.0005,-98.47,0
BottomS004560,16.7688,34.6565,7.136e-14,5.284e-14,2.135e-14,-0.0001,-98.48,0
BottomS004561,16.9688,34.7626,2.833e-17,2.168e-17,9.128e-18,0.0005,-98.43,1
BottomS004562,16.7669,34.6532,1.651e-17,1.269e-17,5.455e-18,-0.0003,-98.21,1
BottomS004563,16.7695,34.6549,3.355e-18,2.730e-18,1.308e-18,-0.0003,-98.47,0
BottomS004564,16.7625,34.6572,9.053e-18,6.854e-18,2.825e-18,-0.0006,-98.24,1
BottomS004565,16.9660,34.7555,8.318e-17,6.059e-17,2.281e-17,0.0005,-98.57,0
BottomS004566,16.7610,34.6673,2.915e-18,2.454e-18,1.229e-18,0.0003,-98.29,0
BottomS004567,16.9725,34.7445,1.607e-16,1.118e-16,3.999e-17,-0.0003,-98.55,0
BottomS004568,16.9694,34.7465,1.203e-18,1.095e-18,6.526e-19,-0.0003,-98.79,0
BottomS004569,16.7672,34.6786,8.807e-17,6.245e-17,2.327e-17,-0.0003,-98.19,0
BottomS004570,16.7628,34.6851,1.247e-17,9.788e-18,4.402e-18,0.0004,-98.09,1
BottomS004571,16.7632,34.6808,1.473e-18,1.235e-18,6.387e-19,-0.0002,-98.26,0
BottomS004572,16.7584,34.6874,1.586e-18,1.396e-18,7.900e-19,-0.0005,-98.12,0
BottomS004573,16.9732,34.7287,1.429e-18,1.225e-18,6.362e-19,0.0007,-99.15,0
BottomS004574,16.9802,34.7208,1.474e-17,1.136e-17,4.852e-18,0.0,-98.63,1
BottomS004575,16.9876,34.7114,5.686e-17,3.939e-17,1.387e-17,-0.0005,-98.89,0
BottomS004576,16.9781,34.7145,2.069e-18,1.760e-18,9.343e-19,0.0001,-98.93,0
BottomS004577,16.9758,34.7086,3.431e-18,6.619e-18,1.917e-17,-0.0006,-98.92,0
BottomS004578,16.7623,34.7099,2.890e-18,2.545e-18,1.411e-18,0.0001,-98.12,0
BottomS004579,16.9662,34.7034,9.635e-17,6.844e-17,2.433e-17,-0.0001,-98.7,0
BottomS004580,16.7553,34.7197,2.185e-17,1.623e-17,6.349e-18,-0.0003,-98.14,0
BottomS004581,16.7521,34.7262,2.561e-18,4.844e-18,1.342e-17,-0.0004,-98.03,0
BottomS004582,16.9713,34.6898,9.021e-19,7.998e-19,4.739e-19,0.0003,-99.04,0
BottomS004583,16.7615,34.7337,1.968e-17,1.480e-17,6.161e-18,0.0008,-97.99,1
BottomS004584,16.9774,34.6782,9.730e-18,7.803e-18,3.630e-18,-0.0004,-99.14,0
BottomS004585,16.7632,34.7426,3.930e-18,3.250e-18,1.592e-18,0.0005,-97.88,0
BottomS004586,16.7599,34.7455,6.876e-17,4.754e-17,1.618e-17,-0.0004,-97.8,0
BottomS004587,16.9664,34.6645,2.961e-17,2.286e-17,9.912e-18,-0.0002,-99.04,1
BottomS004588,16.7610,34.7569,1.613e-17,1.219e-17,5.068e-18,0.0001,-97.95,1
BottomS004589,16.7658,34.7638,1.003e-16,7.260e-17,2.735e-17,-0.0002,-98.1,0
BottomS004590,16.9641,34.6501,1.383e-17,1.079e-17,4.734e-18,0.0001,-99.1,1
BottomS004591,16.9635,34.6450,1.109e-17,8.280e-18,3.431e-18,0.0002,-99.18,1
BottomS004592,16.7728,34.7738,1.791e-16,1.236e-16,4.207e-17,-0.0002,-97.93,0
BottomS004593,16.9584,34.6362,1.824e-17,1.340e-17,5.197e-18,0.0003,-98.94,0
BottomS004594,16.7769,34.7872,4.285e-17,3.112e-17,1.202e-17,0.0001,-97.68,0
BottomS004595,16.9557,34.6273,3.913e-16,2.614e-16,8.562e-17,0.0003,-99.21,0
BottomS004596,16.9547,34.6184,3.467e-19,3.371e-19,2.280e-19,-0.0007,-99.06,0
BottomS004597,16.7912,34.7966,5.414e-17,4.019e-17,1.542e-17,-0.0001,-97.87,0
BottomS004599,16.9417,34.6090,1.047e-18,9.212e-19,5.283e-19,0.0014,-99.13,0
BottomS004600,16.7974,34.8170,1.182e-16,8.274e-17,2.945e-17,-0.0001,-97.81,0
BottomS004601,16.9324,34.6022,2.580e-17,1.875e-17,7.217e-18,0.0008,-99.09,0
BottomS004602,16.8062,34.8268,1.254e-18,2.212e-18,5.224e-18,0.0006,-97.82,0
BottomS004603,16.9245,34.5798,3.800e-14,2.702e-14,9.686e-15,-0.0,-99.14,0
BottomS004604,16.8094,34.8237,4.121e-18,3.369e-18,1.561e-18,0.0008,-97.97,0
BottomS004605,16.9119,34.5765,5.715e-18,4.693e-18,2.366e-18,-0.0005,-99.14,0
BottomS004606,16.9045,34.5795,1.407e-18,1.293e-18,7.881e-19,-0.0001,-99.08,0
BottomS004607,16.9094,34.5667,2.538e-18,2.217e-18,1.244e-18,-0.0002,-99.26,0
BottomS004608,16.9055,34.5632,4.570e-17,3.144e-17,1.080e-17,0.0002,-99.34,0
BottomS004609,16.8333,34.8568,7.990e-19,7.277e-19,4.282e-19,0.0,-97.69,0
BottomS004610,16.8871,34.5519,3.002e-16,2.086e-16,7.167e-17,-0.0,-98.97,0
BottomS004611,16.8502,34.8665,6.081e-18,4.723e-18,2.129e-18,-0.0003,-97.75,1
BottomS004612,16.8812,34.5549,2.860e-18,4.760e-18,9.917e-18,0.0004,-99.15,0
BottomS004613,16.8623,34.8624,9.396e-18,7.640e-18,3.611e-18,0.0001,-97.7,0
BottomS004614,16.8707,34.8831,2.447e-16,1.708e-16,6.079e-17,-0.0004,-97.94,0
BottomS004615,16.8656,34.5451,1.600e-18,1.342e-18,6.706e-19,0.0005,-99.22,0
BottomS004616,16.8797,34.8709,3.008e-14,2.123e-14,7.595e-15,-0.0004,-97.96,0
BottomS004617,16.8479,34.5384,1.116e-16,7.878e-17,2.916e-17,-0.0005,-99.13,0
BottomS004618,16.8433,34.5478,4.762e-18,3.927e-18,1.894e-18,0.0002,-99.06,0
BottomS004619,16.9020,34.8825,2.896e-17,2.142e-17,8.669e-18,0.0003,-97.92,0
BottomS004620,16.9099,34.8905,2.868e-17,2.142e-17,8.592e-18,0.0001,-98.08,0
BottomS004621,16.8262,34.5468,1.624e-17,1.310e-17,5.895e-18,-0.0006,-98.94,1
BottomS004622,16.8184,34.5417,8.941e-19,1.317e-18,2.169e-18,0.0001,-99.01,0
BottomS004623,16.8107,34.5427,4.480e-19,4.368e-19,2.940e-19,-0.001,-99.12,0
BottomS004624,16.8044,34.5468,2.737e-18,2.246e-18,1.107e-18,0.0004,-98.98,0
BottomS004625,16.8001,34.5569,1.274e-17,9.842e-18,4.293e-18,-0.0002,-98.78,1
BottomS004626,16.7950,34.5599,2.298e-18,1.950e-18,1.004e-18,-0.0001,-98.92,0
BottomS004627,16.7876,34.5572,2.979e-17,2.245e-17,9.203e-18,-0.0018,-98.85,0
BottomS004628,16.7812,34.5640,1.391e-18,2.560e-18,6.276e-18,0.0001,-98.94,0
BottomS004629,16.9684,34.8669,8.062e-18,6.172e-18,2.611e-18,0.0004,-98.22,1
BottomS004630,16.7657,34.5576,1.814e-16,1.244e-16,4.285e-17,-0.0003,-98.76,0
BottomS004631,16.9751,34.8431,1.932e-17,1.488e-17,6.545e-18,-0.0007,-98.31,1
BottomS004632,16.9857,34.8487,7.460e-19,1.316e-18,3.125e-18,-0.0003,-98.22,0
BottomS004634,16.7393,34.5857,1.666e-18,1.495e-18,8.809e-19,0.0006,-98.43,0
BottomS004635,17.0036,34.8238,9.444e-19,1.991e-18,6.508e-18,-0.0,-98.58,0
BottomS004637,16.7277,34.6099,3.009e-20,3.532e-20,3.510e-20,0.0001,-98.26,0
BottomS004638,16.7205,34.6152,1.480e-16,1.003e-16,3.408e-17,-0.0011,-98.28,0
BottomS004639,16.7148,34.6298,2.941e-18,2.367e-18,1.125e-18,0.0002,-98.08,0
BottomS004640,16.7154,34.6438,1.150e-16,8.077e-17,2.911e-17,0.0002,-98.62,0
BottomS004641,17.0247,34.7695,1.178e-18,1.064e-18,6.259e-19,-0.0004,-99.05,0
BottomS004642,16.7141,34.6524,1.801e-17,1.387e-17,6.074e-18,0.0007,-98.3,1
BottomS004644,16.7130,34.6746,1.656e-18,1.419e-18,7.554e-19,0.0003,-98.24,0
BottomS004645,17.0354,34.7288,3.866e-17,2.945e-17,1.212e-17,-0.0,-98.9,0
BottomS004646,17.0151,34.7168,1.437e-18,1.262e-18,6.888e-19,0.0005,-98.99,0
BottomS004647,16.7086,34.7109,5.144e-19,5.151e-19,3.695e-19,-0.001,-98.35,0
BottomS004648,16.7154,34.7244,2.513e-19,2.509e-19,1.783e-19,0.0,-97.99,0
BottomS004649,17.0137,34.6796,7.297e-17,5.366e-17,2.057e-17,-0.0012,-99.08,0
BottomS004650,16.7160,34.7522,9.731e-19,1.917e-18,5.530e-18,-0.0011,-97.87,0
BottomS004652,16.9082,34.7946,1.316e-18,1.216e-18,7.555e-19,0.0002,-98.21,0
BottomS004654,16.8233,34.6197,1.560e-19,1.605e-19,1.209e-19,0.0,-98.7,0
BottomS004655,16.8284,34.6287,3.009e-18,2.412e-18,1.108e-18,-0.0001,-98.79,0
BottomS004657,16.8198,34.6130,1.112e-19,1.189e-19,9.911e-20,0.0003,-98.88,0
BottomS004658,16.8238,34.6288,5.631e-14,4.374e-14,1.958e-14,-0.001,-98.78,1
BottomS004659,16.9144,34.7940,2.829e-18,2.461e-18,1.326e-18,0.0006,-98.3,0
BottomS004661,16.8183,34.6208,2.084e-19,2.094e-19,1.499e-19,-0.0008,-98.81,0
BottomS004663,16.9222,34.8051,7.369e-17,5.384e-17,2.112e-17,0.0005,-98.23,0
BottomS004664,16.9196,34.7976,1.131e-19,1.221e-19,1.024e-19,-0.0005,-98.17,0
BottomS004665,16.8143,34.6201,4.871e-20,5.248e-20,4.356e-20,0.0009,-98.76,0
BottomS004668,16.9294,34.7995,1.295e-17,1.003e-17,4.233e-18,0.0006,-98.05,1
BottomS004669,16.8085,34.6274,6.084e-19,5.764e-19,3.769e-19,0.0001,-98.68,0
BottomS004670,16.9262,34.7894,2.491e-19,2.559e-19,1.899e-19,-0.0006,-98.39,0
BottomS004671,16.8088,34.6266,1.356e-18,1.186e-18,6.498e-19,-0.0009,-98.68,0
BottomS004673,16.9263,34.7835,2.337e-18,2.041e-18,1.116e-18,-0.0002,-98.24,0
BottomS004674,16.9296,34.7856,9.207e-19,8.583e-19,5.316e-19,0.0004,-98.36,0
BottomS004675,16.8039,34.6318,3.046e-20,3.452e-20,3.203e-20,0.0004,-98.56,0
BottomS004676,16.8019,34.6263,7.563e-19,1.501e-18,4.391e-18,0.0002,-98.68,0
BottomS004677,16.9334,34.7842,5.666e-17,4.098e-17,1.576e-17,0.0003,-98.31,0
BottomS004679,16.9302,34.7826,6.164e-20,7.640e-20,8.451e-20,0.0004,-98.21,0
BottomS004681,16.9359,34.7767,5.615e-20,6.288e-20,5.620e-20,-0.0002,-98.3,0
BottomS004685,16.9442,34.7929,1.077e-17,8.207e-18,3.454e-18,0.0006,-98.28,1
BottomS004686,16.7920,34.6430,6.446e-19,1.267e-18,3.751e-18,0.0005,-98.61,0
BottomS004687,16.9340,34.7800,8.230e-18,2.340e-17,1.484e-16,0.0003,-98.35,0
BottomS004688,16.7880,34.6440,2.043e-17,1.559e-17,6.686e-18,-0.0001,-98.46,1
BottomS004689,16.9421,34.7763,3.022e-19,3.003e-19,2.148e-19,-0.0,-98.38,0
BottomS004690,16.9524,34.7820,2.844e-19,3.020e-19,2.383e-19,-0.0001,-98.35,0
BottomS004691,16.9486,34.7750,2.794e-20,3.462e-20,3.920e-20,0.0002,-98.19,0
BottomS004692,16.9469,34.7765,4.393e-19,6.795e-19,1.234e-18,-0.0,-98.35,0
BottomS004693,16.7788,34.6274,9.604e-19,9.193e-19,5.874e-19,-0.0009,-98.63,0
BottomS004694,16.7747,34.6233,2.844e-18,5.808e-18,1.848e-17,-0.001,-98.53,0
BottomS004695,16.9563,34.7709,9.294e-18,7.120e-18,3.032e-18,0.0002,-98.49,1
BottomS004698,16.9585,34.7667,1.044e-17,8.154e-18,3.471e-18,-0.0003,-98.67,1
BottomS004699,16.9608,34.7648,2.293e-19,2.440e-19,1.978e-19,0.0008,-98.63,0
BottomS004700,16.9573,34.7631,3.795e-18,8.486e-18,3.360e-17,-0.0003,-98.72,0
BottomS004702,16.9578,34.7635,4.625e-17,3.370e-17,1.311e-17,-0.0003,-98.63,0
BottomS004703,16.9584,34.7598,1.628e-20,2.030e-20,2.317e-20,0.0006,-98.51,0
BottomS004705,16.9699,34.7517,9.145e-18,2.329e-17,1.202e-16,0.0,-98.76,0
BottomS004706,16.9645,34.7516,8.894e-19,1.754e-18,5.254e-18,0.0005,-98.56,0
BottomS004707,16.9664,34.7582,1.860e-18,1.614e-18,8.829e-19,-0.0001,-98.69,0
BottomS004708,16.9680,34.7484,6.909e-19,1.050e-18,1.796e-18,0.0003,-98.59,0
BottomS004711,16.9687,34.7482,6.562e-14,4.816e-14,1.882e-14,-0.0004,-98.69,0
BottomS004712,16.7676,34.6763,2.294e-14,1.553e-14,5.071e-15,-0.0,-98.41,0
BottomS004713,16.9757,34.7344,9.846e-18,7.642e-18,3.317e-18,-0.0002,-98.75,1
BottomS004714,16.9639,34.7444,2.720e-17,2.079e-17,8.794e-18,0.0003,-98.67,1
BottomS004715,16.7646,34.6740,2.959e-19,2.914e-19,2.070e-19,-0.0002,-98.17,0
BottomS004716,16.9627,34.7394,1.191e-20,1.658e-20,2.330e-20,-0.0008,-98.71,0
BottomS004717,16.9654,34.7366,7.475e-18,5.892e-18,2.688e-18,-0.0001,-98.72,1
BottomS004719,16.9673,34.7305,8.899e-19,8.348e-19,5.156e-19,0.0,-98.82,0
BottomS004720,16.9655,34.7221,2.929e-18,7.493e-18,3.918e-17,0.0001,-98.65,0
BottomS004721,16.7632,34.6922,1.019e-17,2.688e-17,1.470e-16,0.0008,-98.27,0
BottomS004723,16.9789,34.7215,2.567e-14,1.791e-14,6.422e-15,-0.0001,-98.66,0
BottomS004724,16.9790,34.7112,4.508e-17,3.427e-17,1.407e-17,-0.0,-98.85,0
BottomS004725,16.7511,34.7036,1.009e-18,1.690e-18,3.410e-18,0.001,-98.02,0
BottomS004727,16.9819,34.7038,1.189e-18,2.275e-18,6.250e-18,-0.0003,-99.06,0
BottomS004728,16.9759,34.7028,1.955e-18,1.672e-18,9.049e-19,-0.0001,-98.98,0
BottomS004730,16.7616,34.7190,7.926e-19,1.699e-18,5.993e-18,0.0,-98.05,0
BottomS004731,16.9723,34.6961,3.285e-14,2.779e-14,1.429e-14,0.0009,-98.73,1
BottomS004732,16.9689,34.6941,4.148e-19,7.228e-19,1.686e-18,0.0002,-99.11,0
BottomS004733,16.7543,34.7294,5.822e-19,9.637e-19,1.979e-18,0.0009,-97.81,0
BottomS004737,16.9732,34.6772,9.128e-19,8.235e-19,4.826e-19,0.0001,-99.19,0
BottomS004739,16.9748,34.6693,1.091e-18,2.074e-18,5.614e-18,0.0003,-99.03,0
BottomS004740,16.9690,34.6662,9.842e-19,8.876e-19,5.171e-19,0.0001,-99.11,0
BottomS004741,16.9558,34.6672,2.140e-18,1.904e-18,1.084e-18,0.0008,-98.86,0
BottomS004742,16.7666,34.7565,6.069e-17,4.381e-17,1.654e-17,0.0001,-97.96,0
BottomS004743,16.7581,34.7588,6.928e-18,1.169e-17,2.526e-17,-0.0005,-98.1,0
BottomS004746,16.9649,34.6426,7.478e-19,6.657e-19,3.755e-19,-0.0007,-99.42,0
BottomS004747,16.7818,34.7744,1.636e-19,1.766e-19,1.448e-19,-0.0,-97.65,0
BottomS004748,16.7831,34.7736,4.149e-17,3.113e-17,1.207e-17,-0.0007,-97.72,0
BottomS004749,16.7847,34.7786,1.071e-19,1.202e-19,1.111e-19,0.0002,-98.06,0
BottomS004750,16.9520,34.6352,6.107e-19,5.661e-19,3.671e-19,0.0009,-98.95,0
BottomS004751,16.9408,34.6325,1.077e-19,1.276e-19,1.262e-19,-0.0005,-99.27,0
BottomS004752,16.9409,34.6266,6.995e-18,5.565e-18,2.478e-18,-0.0008,-99.18,1
BottomS004753,16.7748,34.7962,2.185e-18,3.792e-18,8.527e-18,0.0004,-97.68,0
BottomS004758,16.9300,34.6142,8.593e-19,1.531e-18,3.786e-18,0.0003,-99.21,0
BottomS004759,16.9475,34.5943,2.469e-20,3.209e-20,3.969e-20,0.0002,-99.19,0
BottomS004760,16.9300,34.5986,6.354e-18,5.001e-18,2.264e-18,-0.0002,-99.17,1
BottomS004765,16.9329,34.5894,1.664e-20,2.208e-20,2.829e-20,-0.0003,-99.17,0
BottomS004767,16.9093,34.5754,3.370e-20,3.943e-20,3.935e-20,-0.0005,-99.21,0
BottomS004769,16.9104,34.5797,2.294e-19,2.253e-19,1.571e-19,0.0005,-99.24,0
BottomS004772,16.8977,34.5781,1.414e-18,2.485e-18,5.706e-18,-0.0014,-99.33,0
BottomS004774,16.8488,34.8720,3.145e-18,2.600e-18,1.269e-18,0.0007,-97.74,0
BottomS004775,16.8769,34.5649,2.449e-20,3.095e-20,3.556e-20,0.0008,-99.42,0
BottomS004776,16.8549,34.8852,5.420e-19,9.970e-19,2.471e-18,0.0007,-97.85,0
BottomS004777,16.8666,34.8726,1.613e-17,1.254e-17,5.659e-18,-0.0007,-97.86,1
BottomS004779,16.8642,34.8597,1.393e-18,2.926e-18,9.648e-18,0.001,-98.09,0
BottomS004780,16.8621,34.5435,1.484e-17,1.097e-17,4.345e-18,-0.0,-99.08,0
BottomS004781,16.8586,34.5550,3.288e-19,3.313e-19,2.530e-19,0.0008,-99.13,0
BottomS004782,16.8888,34.8863,4.693e-17,3.379e-17,1.234e-17,0.0003,-98.06,0
BottomS004783,16.8553,34.5591,2.693e-18,5.933e-18,2.293e-17,-0.0005,-98.99,0
BottomS004785,16.8383,34.5406,3.344e-20,3.970e-20,4.091e-20,0.0001,-98.88,0
BottomS004787,16.9024,34.8644,3.740e-17,2.715e-17,1.010e-17,0.0,-98.03,0
BottomS004788,16.8350,34.5690,9.369e-19,8.239e-19,4.635e-19,-0.0009,-98.8,0
BottomS004791,16.8131,34.5406,3.369e-18,2.828e-18,1.431e-18,-0.0001,-98.89,0
BottomS004792,16.9215,34.8556,6.084e-19,5.741e-19,3.568e-19,0.0003,-97.82,0
BottomS004793,16.8114,34.5661,4.525e-19,8.460e-19,2.183e-18,-0.0001,-98.94,0
BottomS004794,16.8011,34.5514,2.665e-18,3.619e-18,4.785e-18,-0.0001,-99.03,0
BottomS004796,16.7939,34.5662,5.997e-18,4.933e-18,2.386e-18,-0.0004,-98.75,0
BottomS004798,16.9500,34.8391,1.690e-18,1.535e-18,8.946e-19,0.0003,-98.39,0
BottomS004799,16.7696,34.5418,4.288e-18,9.641e-18,3.740e-17,0.0005,-98.86,0
BottomS004800,16.7637,34.5502,1.993e-18,1.673e-18,8.608e-19,0.0004,-98.84,0
BottomS004801,16.7705,34.5711,4.951e-18,4.000e-18,1.814e-18,0.0002,-98.81,0
BottomS004802,16.9823,34.8538,4.480e-17,3.257e-17,1.286e-17,0.0003,-98.43,0
BottomS004804,16.9832,34.8505,5.630e-19,5.232e-19,3.280e-19,0.0002,-98.3,0
BottomS004805,16.9887,34.8270,4.462e-19,7.769e-19,1.792e-18,-0.0005,-98.53,0
BottomS004807,16.9838,34.8130,1.132e-18,1.733e-18,2.989e-18,-0.0003,-98.41,0
BottomS004808,16.7302,34.5832,9.432e-19,1.385e-18,2.160e-18,0.0002,-98.62,0
BottomS004809,16.7255,34.5953,2.340e-18,1.950e-18,9.521e-19,-0.0001,-98.29,0
BottomS004810,17.0057,34.8095,2.871e-18,2.371e-18,1.188e-18,-0.0,-98.57,0
BottomS004811,17.0094,34.8260,2.422e-18,3.874e-18,7.221e-18,0.0001,-98.45,0
BottomS004812,16.7342,34.6200,7.536e-18,5.983e-18,2.685e-18,-0.0004,-98.55,0
BottomS004813,17.0082,34.7991,2.001e-19,2.092e-19,1.595e-19,0.0002,-98.77,0
BottomS004814,16.7311,34.6372,1.340e-20,1.658e-20,1.851e-20,0.0005,-98.26,0
BottomS004815,17.0145,34.7828,6.535e-19,6.171e-19,4.009e-19,-0.0003,-98.78,0
BottomS004817,17.0311,34.7698,1.456e-18,1.305e-18,7.335e-19,0.0008,-98.66,0
BottomS004818,16.7122,34.6486,1.279e-18,2.053e-18,3.909e-18,0.0,-98.37,0
BottomS004819,17.0193,34.7528,5.888e-19,1.109e-18,3.096e-18,-0.0006,-98.73,0
BottomS004820,17.0284,34.7439,1.388e-17,1.059e-17,4.439e-18,-0.0002,-98.76,1
BottomS004821,16.7082,34.6807,1.738e-14,1.191e-14,4.061e-15,-0.0005,-98.36,0
BottomS004823,17.0204,34.7214,1.013e-18,8.952e-19,4.953e-19,-0.0001,-98.95,0
BottomS004825,16.7037,34.7113,2.043e-18,1.749e-18,9.514e-19,0.0003,-98.03,0
BottomS004826,17.0277,34.6903,5.932e-18,4.923e-18,2.441e-18,0.0015,-98.78,0
BottomS004827,17.0251,34.6815,1.291e-19,1.307e-19,9.545e-20,-0.0005,-98.91,0
BottomS004828,16.7089,34.7464,2.740e-19,2.718e-19,1.997e-19,0.0005,-98.0,0
BottomS004829,17.0212,34.6616,1.729e-18,1.510e-18,8.507e-19,0.0007,-99.05,0
BottomS004830,16.7126,34.7657,1.220e-18,2.139e-18,4.820e-18,-0.0002,-98.01,0
BottomS004831,16.7241,34.7737,4.971e-20,5.644e-20,5.410e-20,-0.0,-98.08,0
BottomS004832,16.7301,34.7802,7.877e-19,1.283e-18,2.587e-18,0.0001,-97.91,0
BottomS004833,16.7246,34.7956,2.790e-18,4.902e-18,1.136e-17,-0.0,-97.66,0
BottomS004834,17.0781,34.3992,7.935e-19,7.375e-19,4.473e-19,0.0002,-96.9,0
BottomS004835,17.0756,34.3933,3.484e-20,4.038e-20,4.008e-20,0.0005,-97.7,0
BottomS004836,17.0729,34.3903,6.140e-19,5.502e-19,3.285e-19,-0.0004,-98.58,0
BottomS004837,17.0946,34.3601,1.459e-18,3.133e-18,1.076e-17,-0.0006,-98.13,0
BottomS004839,17.0580,34.3727,1.560e-19,1.653e-19,1.368e-19,-0.0004,-99.29,0
BottomS004844,17.2008,34.5767,2.737e-14,1.889e-14,6.273e-15,0.0004,-96.07,0
BottomS004851,17.0835,34.3860,1.084e-18,2.204e-18,6.727e-18,-0.0001,-97.86,0
BottomS004853,17.0909,34.4082,1.090e-20,1.391e-20,1.645e-20,0.0006,-96.68,0
BottomS004856,17.0734,34.4468,3.830e-14,2.762e-14,1.025e-14,-0.0001,-97.02,0
BottomS004861,17.0703,34.3948,3.717e-20,4.326e-20,4.398e-20,0.0004,-98.26,0
BottomS004870,17.0463,34.3770,2.092e-19,2.099e-19,1.503e-19,0.0002,-99.44,0
BottomS004872,17.0923,34.2975,3.890e-20,4.430e-20,4.107e-20,-0.0004,-98.63,0
BottomS004876,17.0738,34.4144,7.667e-20,8.691e-20,7.939e-20,0.0003,-97.33,0
BottomS004878,17.0750,34.4244,2.250e-19,2.366e-19,1.860e-19,-0.0006,-97.15,0
BottomS004884,17.1086,34.4129,4.079e-19,4.111e-19,3.048e-19,-0.0005,-96.7,0
BottomS004886,17.0266,34.3424,4.916e-19,4.764e-19,3.276e-19,0.0004,-99.68,0
BottomS004889,17.0746,34.3961,4.194e-20,4.752e-20,4.448e-20,0.0001,-97.01,0
BottomS004891,17.1033,34.3981,1.238e-19,1.253e-19,9.485e-20,0.0016,-97.12,0
BottomS004892,17.0841,34.3843,3.844e-19,3.852e-19,2.788e-19,0.0006,-97.85,0
BottomS004898,17.0561,34.3396,3.060e-19,2.980e-19,2.120e-19,0.0009,-99.36,0
BottomS004905,17.0616,34.4017,1.216e-18,2.032e-18,4.354e-18,0.0001,-98.04,0
BottomS004906,17.0477,34.4048,5.831e-14,4.360e-14,1.788e-14,0.0001,-98.27,0
BottomS004908,17.0722,34.3883,1.111e-19,1.194e-19,9.925e-20,-0.0005,-99.04,0
BottomS004924,17.0791,34.3980,4.821e-19,4.558e-19,2.934e-19,-0.0004,-96.86,0
BottomS004927,17.0590,34.4626,3.092e-19,3.012e-19,2.124e-19,0.0006,-97.46,0
BottomS004928,17.0431,34.4276,1.015e-18,1.690e-18,3.540e-18,0.0001,-97.95,0
BottomS004935,17.0703,34.3804,2.965e-19,4.886e-19,9.920e-19,-0.0012,-98.81,0
BottomS004937,17.0117,34.3168,1.022e-18,2.271e-18,8.438e-18,-0.0005,-99.89,0
BottomS004938,17.0995,34.4241,7.810e-18,1.826e-17,7.567e-17,0.0,-96.37,0
BottomS004939,17.0643,34.4142,2.238e-19,2.380e-19,1.893e-19,0.0003,-97.65,0
BottomS004940,17.0337,34.3537,1.121e-20,1.456e-20,1.847e-20,-0.0,-99.61,0
BottomS004943,17.1402,34.4651,4.372e-20,5.051e-20,4.967e-20,-0.0004,-96.2,0
BottomS004947,17.0397,34.3566,4.932e-20,5.639e-20,5.177e-20,-0.0003,-99.61,0
BottomS004954,17.0668,34.3862,3.155e-20,3.875e-20,4.364e-20,0.0005,-98.63,0
BottomS004956,17.0874,34.4212,7.415e-19,1.442e-18,4.044e-18,0.0005,-96.54,0
BottomS004957,17.0759,34.4878,1.452e-20,1.948e-20,2.504e-20,0.0002,-97.1,0
BottomS004960,17.0667,34.3599,1.481e-18,1.297e-18,6.980e-19,-0.0,-99.06,0
BottomS004961,17.1190,34.3765,1.329e-18,2.323e-18,5.284e-18,0.0007,-97.56,0
BottomS004968,17.0201,34.3441,2.689e-20,3.233e-20,3.387e-20,0.0005,-99.49,0
BottomS004974,17.0354,34.3483,7.154e-20,7.578e-20,6.142e-20,0.0009,-99.72,0
BottomS004977,17.0395,34.3770,9.030e-19,8.066e-19,4.783e-19,0.0004,-99.21,0
BottomS004979,17.0674,34.4011,5.980e-20,6.947e-20,6.723e-20,0.0001,-97.77,0
BottomS004980,17.0397,34.2855,4.122e-19,4.117e-19,2.961e-19,-0.0003,-99.47,0
BottomS004985,17.0761,34.3928,6.275e-20,6.938e-20,5.978e-20,0.0,-97.82,0
BottomS004989,17.0474,34.4035,1.035e-18,9.251e-19,5.348e-19,-0.0009,-98.41,0
BottomS004990,17.0735,34.3932,1.042e-19,1.046e-19,7.835e-20,0.0005,-97.97,0
BottomS004991,17.0621,34.4052,9.035e-15,6.230e-15,2.148e-15,-0.0009,-97.99,0
BottomS005009,17.0893,34.3553,9.517e-20,1.092e-19,1.026e-19,0.0007,-98.4,0
BottomS005012,17.0622,34.4199,4.629e-15,3.086e-15,9.909e-16,-0.0011,-97.62,0
BottomS005014,17.1424,34.4317,1.673e-20,2.130e-20,2.531e-20,0.0005,-96.59,0
BottomS005019,17.0767,34.4045,1.027e-20,1.383e-20,1.849e-20,0.0004,-96.96,0
BottomS005022,17.1280,34.3793,1.362e-18,1.187e-18,6.355e-19,0.0004,-97.62,0
BottomS005029,17.0849,34.4252,4.349e-20,4.623e-20,3.817e-20,0.0001,-96.6,0
BottomS005033,17.0569,34.4199,1.904e-20,2.236e-20,2.295e-20,-0.0,-97.74,0
BottomS005034,17.1411,34.5209,1.371e-19,1.432e-19,1.124e-19,0.0002,-96.19,0
BottomS005037,17.1055,34.3830,3.720e-19,3.598e-19,2.450e-19,-0.0002,-97.61,0
BottomS005045,17.0729,34.3970,5.905e-20,6.955e-20,7.022e-20,-0.0002,-97.78,0
BottomS005055,17.0781,34.3879,3.843e-20,4.759e-20,5.160e-20,-0.0004,-98.21,0
BottomS005072,17.0772,34.3983,1.129e-18,2.075e-18,5.218e-18,0.0001,-96.95,0
BottomS005080,17.1009,34.4242,2.686e-20,3.352e-20,3.892e-20,0.0003,-96.28,0
BottomS005084,17.0908,34.4328,1.973e-18,3.784e-18,1.057e-17,-0.0,-96.58,0
BottomS005092,17.0690,34.3823,4.742e-19,8.151e-19,1.801e-18,0.0005,-98.93,0
BottomS005104,17.2119,34.4230,6.419e-14,4.576e-14,1.693e-14,0.0004,-96.72,0
BottomS005105,17.0882,34.4072,3.900e-14,1.720e-13,2.759e-12,0.0003,-96.74,0
BottomS005112,17.0746,34.3897,8.872e-20,9.827e-20,8.654e-20,0.0001,-98.15,0
BottomS005113,17.0682,34.4020,8.800e-19,1.366e-18,2.472e-18,0.0006,-97.87,0
BottomS005124,17.0727,34.3912,6.120e-20,6.607e-20,5.498e-20,-0.0006,-98.7,0
BottomS005128,17.0791,34.3635,1.620e-20,2.016e-20,2.324e-20,-0.0002,-98.49,0
BottomS005130,17.0784,34.3639,2.991e-20,3.439e-20,3.355e-20,0.0002,-99.55,0
BottomS005132,17.0614,34.3821,1.051e-19,1.091e-19,8.180e-20,-0.0007,-99.03,0
BottomS005134,17.0713,34.3564,1.018e-18,1.532e-18,2.581e-18,0.0005,-98.78,0
BottomS005135,17.0642,34.4086,1.021e-18,8.827e-19,4.801e-19,-0.0005,-97.17,0
BottomS005137,17.0842,34.3910,9.562e-20,1.033e-19,8.638e-20,0.0,-97.3,0
BottomS005138,17.0963,34.4078,2.447e-18,5.322e-18,1.948e-17,0.0009,-96.95,0
BottomS005141,17.0777,34.3575,6.180e-20,7.004e-20,6.472e-20,-0.0003,-98.97,0
BottomS005142,17.0919,34.3999,4.361e-18,8.259e-18,2.283e-17,-0.0001,-96.51,0
BottomS005146,17.0821,34.3889,7.059e-19,6.545e-19,4.214e-19,-0.0006,-97.71,0
BottomS005148,17.0420,34.3792,5.310e-17,3.773e-17,1.350e-17,0.0004,-99.56,0
BottomS005149,17.0468,34.3978,1.834e-20,2.375e-20,2.968e-20,-0.0008,-99.49,0
BottomS005150,17.0817,34.4340,1.633e-18,2.748e-18,5.943e-18,-0.0005,-96.64,0
BottomS005152,17.0685,34.3839,6.389e-20,7.260e-20,6.808e-20,0.0003,-98.52,0
BottomS005153,17.0479,34.3751,7.803e-20,8.777e-20,7.898e-20,0.0008,-99.48,0
BottomS005154,17.0524,34.4286,7.472e-18,5.953e-18,2.760e-18,-0.0004,-97.47,0
BottomS005156,17.0469,34.3906,7.077e-19,6.648e-19,4.243e-19,0.0003,-99.49,0
BottomS005157,17.0643,34.3877,6.589e-18,5.249e-18,2.393e-18,0.0001,-98.92,0
BottomS005158,17.0580,34.3431,7.269e-19,1.198e-18,2.471e-18,0.0001,-99.47,0
BottomS005168,17.0486,34.3655,6.982e-19,1.346e-18,3.829e-18,0.0002,-99.53,0
BottomS005171,17.0683,34.4214,1.742e-18,1.584e-18,9.550e-19,-0.0007,-96.8,0
BottomS005176,17.0848,34.4353,1.904e-19,1.998e-19,1.563e-19,0.0,-96.54,0
BottomS005177,17.0626,34.4305,3.338e-20,4.164e-20,4.826e-20,0.0001,-97.33,0
BottomS005178,17.0572,34.3972,1.475e-20,1.926e-20,2.353e-20,0.0,-98.47,0
BottomS005179,17.0511,34.3995,3.936e-14,2.794e-14,1.038e-14,-0.0002,-99.37,0
BottomS005180,17.0831,34.4025,6.539e-19,6.300e-19,4.187e-19,0.0006,-97.09,0
BottomS005183,17.0785,34.3813,5.836e-14,4.911e-14,2.541e-14,-0.0005,-98.32,1
BottomS005184,17.0701,34.3992,4.043e-18,3.325e-18,1.607e-18,-0.0003,-98.01,0
BottomS005186,17.1042,34.4051,8.221e-20,8.763e-20,7.436e-20,0.0007,-96.93,0
BottomS005187,17.0721,34.3893,4.931e-20,5.738e-20,5.538e-20,-0.0,-98.99,0
BottomS005188,17.0616,34.3825,2.027e-16,6.354e-16,5.111e-15,-0.0003,-99.07,0
BottomS005190,17.0895,34.3975,1.638e-18,3.314e-18,1.034e-17,-0.0002,-96.99,0
BottomS005194,17.0687,34.3663,5.659e-19,5.669e-19,3.968e-19,0.0005,-98.97,0
BottomS005196,17.0382,34.3784,1.726e-18,1.477e-18,7.522e-19,0.0002,-99.11,0
BottomS005198,17.0850,34.3725,1.179e-19,1.353e-19,1.226e-19,-0.0003,-98.16,0
BottomS005199,17.0614,34.4148,8.810e-18,6.861e-18,3.070e-18,0.0003,-96.53,1
BottomS005200,17.0372,34.4146,1.398e-19,1.425e-19,1.120e-19,-0.0003,-98.37,0
BottomS005202,17.0611,34.3777,2.670e-18,2.268e-18,1.134e-18,-0.0005,-99.11,0
BottomS005203,17.0674,34.3911,3.565e-20,4.019e-20,3.605e-20,-0.0003,-98.41,0
BottomS005206,17.0881,34.4196,7.191e-20,8.422e-20,8.320e-20,-0.0002,-96.47,0
BottomS005208,17.0605,34.3716,1.131e-20,1.479e-20,1.918e-20,-0.0001,-99.07,0
BottomS005210,17.1048,34.3787,3.647e-18,7.038e-18,2.008e-17,-0.0004,-97.58,0
BottomS005213,17.0663,34.4088,4.499e-18,3.640e-18,1.794e-18,0.0003,-97.66,0
BottomS005216,17.0759,34.4160,7.957e-20,9.164e-20,8.831e-20,0.0004,-96.95,0
BottomS005217,17.0801,34.3920,6.207e-18,4.881e-18,2.221e-18,0.0002,-97.31,0
BottomS005219,17.0587,34.3880,1.725e-19,1.845e-19,1.552e-19,-0.0002,-99.11,0
BottomS005220,17.0554,34.3952,8.238e-19,1.542e-18,4.002e-18,-0.0,-99.26,0
BottomS005221,17.0716,34.4086,4.729e-14,4.080e-14,2.157e-14,0.0004,-97.04,1
BottomS005222,17.0968,34.4305,6.085e-20,6.919e-20,6.511e-20,0.0004,-96.36,0
BottomS005225,17.0861,34.3937,4.126e-19,3.901e-19,2.418e-19,0.001,-97.28,0
BottomS005227,17.0678,34.3695,3.376e-20,3.995e-20,4.103e-20,-0.0002,-99.42,0
BottomS005229,17.0715,34.4019,3.603e-19,3.482e-19,2.291e-19,-0.0012,-97.25,0
BottomS005230,17.0592,34.3847,3.104e-19,3.066e-19,2.160e-19,0.0012,-98.69,0
BottomS005232,17.0804,34.4403,8.009e-20,8.230e-20,6.428e-20,0.0004,-96.77,0
BottomS005233,17.0566,34.3710,1.844e-19,1.968e-19,1.558e-19,-0.0005,-99.1,0
BottomS005240,17.0636,34.3592,2.323e-17,1.719e-17,6.840e-18,-0.0,-99.43,0
BottomS005242,17.0491,34.3766,1.041e-18,9.523e-19,5.807e-19,-0.0006,-99.38,0
BottomS005244,17.1053,34.3950,6.671e-19,6.362e-19,4.201e-19,-0.0008,-96.45,0
BottomS005245,17.0486,34.4015,5.028e-20,5.748e-20,5.306e-20,-0.0003,-98.89,0
BottomS005247,17.0657,34.3892,3.308e-19,3.320e-19,2.334e-19,-0.0005,-98.48,0
BottomS005248,17.0911,34.4169,1.523e-18,1.313e-18,7.041e-19,0.0001,-96.68,0
BottomS005249,17.0606,34.3835,9.607e-20,1.082e-19,1.014e-19,-0.0004,-98.67,0
BottomS005250,17.0321,34.3841,3.780e-19,3.810e-19,2.786e-19,0.0005,-99.11,0
BottomS005251,17.0743,34.4063,3.702e-15,2.479e-15,7.879e-16,-0.001,-97.28,0
BottomS005256,17.0888,34.3929,5.618e-18,4.372e-18,1.932e-18,-0.0002,-97.05,0
BottomS005257,17.0803,34.3933,3.753e-20,4.363e-20,4.311e-20,-0.0002,-97.19,0
BottomS005258,17.0613,34.3793,7.817e-19,7.537e-19,4.888e-19,-0.0007,-99.12,0
BottomS005264,17.0769,34.3689,2.776e-18,4.872e-18,1.118e-17,0.0009,-99.12,0
BottomS005267,17.0698,34.4125,3.362e-19,3.278e-19,2.243e-19,0.0009,-97.45,0
BottomS005269,17.0538,34.3847,2.228e-14,1.520e-14,5.141e-15,0.0001,-99.3,0
BottomS005270,17.0582,34.4049,6.456e-14,5.221e-14,2.456e-14,-0.0007,-98.13,1
BottomS005271,17.0666,34.3738,3.456e-15,2.269e-15,7.034e-16,0.0011,-99.1,0
BottomS005272,17.0721,34.4059,2.195e-18,5.690e-18,2.894e-17,0.0002,-97.55,0
BottomS005274,17.0402,34.3592,7.051e-19,1.071e-18,1.904e-18,-0.0002,-99.63,0
BottomS005275,17.0844,34.3921,7.704e-19,7.086e-19,4.441e-19,-0.0001,-97.6,0
BottomS005277,17.0938,34.4063,7.229e-19,6.735e-19,4.264e-19,0.0008,-96.8,0
BottomS005278,17.0923,34.4137,1.109e-18,2.184e-18,6.383e-18,0.0005,-96.61,0
BottomS005279,17.0812,34.4008,5.958e-18,4.610e-18,2.036e-18,-0.0008,-96.9,0
BottomS005282,17.0958,34.4171,3.778e-19,3.724e-19,2.562e-19,-0.0,-96.55,0
BottomS005283,17.0913,34.4064,7.205e-14,5.839e-14,2.718e-14,-0.0003,-96.62,1
BottomS005285,17.0589,34.3801,1.084e-18,9.691e-19,5.689e-19,0.0003,-99.11,0
BottomS005293,17.0493,34.3658,1.901e-20,2.583e-20,3.587e-20,-0.0001,-99.57,0
BottomS005295,17.0582,34.3914,1.041e-19,1.133e-19,9.963e-20,0.0005,-98.7,0
BottomS005297,17.0932,34.4077,1.581e-17,1.169e-17,4.569e-18,0.0006,-96.57,0
BottomS005298,17.0555,34.3819,3.576e-19,3.402e-19,2.332e-19,0.0,-99.1,0
BottomS005299,17.0600,34.3856,2.311e-18,3.721e-18,7.183e-18,-0.0006,-99.02,0
BottomS005300,17.0846,34.4011,1.049e-18,2.260e-18,8.143e-18,0.0002,-96.98,0
BottomS005303,17.0894,34.4008,1.382e-18,1.244e-18,7.362e-19,0.0003,-96.96,0
BottomS005304,17.0842,34.4008,2.723e-18,5.493e-18,1.650e-17,-0.0007,-97.07,0
BottomS005305,17.0851,34.3983,1.572e-19,1.631e-19,1.326e-19,0.0008,-97.23,0
BottomS005306,17.0955,34.4097,1.051e-19,1.111e-19,9.449e-20,-0.0004,-96.69,0
BottomS005309,17.0525,34.3740,9.653e-19,8.811e-19,5.393e-19,-0.0,-99.31,0
BottomS005311,17.0550,34.3841,1.770e-20,2.251e-20,2.637e-20,-0.0002,-99.07,0
BottomS005312,17.0917,34.4067,1.177e-19,1.224e-19,9.808e-20,-0.0006,-96.68,0
BottomS005313,17.0417,34.3721,4.682e-20,5.592e-20,5.699e-20,0.0008,-99.42,0
BottomS005314,17.0514,34.3770,2.917e-20,3.460e-20,3.527e-20,0.0006,-99.35,0
BottomS005315,17.0925,34.4118,1.003e-18,1.551e-18,2.733e-18,-0.0002,-96.55,0
BottomS005316,17.0590,34.3820,2.426e-20,2.912e-20,3.019e-20,0.0006,-99.08,0
BottomS005317,17.0909,34.4127,1.367e-19,1.447e-19,1.184e-19,-0.0009,-96.57,0
BottomS005324,17.0906,34.4087,1.590e-14,1.200e-14,4.936e-15,-0.0006,-96.7,0
BottomS005325,17.0956,34.4079,7.817e-18,6.160e-18,2.718e-18,0.0002,-96.75,1
BottomS005327,17.0504,34.3815,1.661e-19,1.738e-19,1.430e-19,0.0,-99.23,0
BottomS005329,17.0986,34.4112,4.311e-20,4.974e-20,4.866e-20,-0.0001,-96.63,0
BottomS005330,17.0936,34.4056,5.111e-20,5.741e-20,5.254e-20,-0.0001,-96.79,0
BottomS005332,17.0485,34.3693,5.775e-19,1.317e-18,5.107e-18,0.0,-99.51,0
BottomS005335,17.0547,34.3846,1.583e-18,1.403e-18,8.218e-19,-0.0005,-99.09,0
BottomS005336,17.0498,34.3734,4.654e-19,9.540e-19,2.973e-18,-0.0002,-99.43,0
BottomS005337,17.0515,34.3737,2.777e-18,2.283e-18,1.133e-18,-0.0001,-99.26,0
BottomS005339,17.0512,34.3764,9.023e-18,7.053e-18,2.985e-18,0.0004,-99.38,0
BottomS005340,17.0483,34.3778,1.596e-18,3.313e-18,1.074e-17,0.0004,-99.33,0
BottomS005341,17.0943,34.4128,1.763e-18,2.984e-18,6.470e-18,-0.0008,-96.6,0
BottomS005345,17.0985,34.4144,3.474e-18,5.387e-18,9.203e-18,0.0003,-96.59,0
BottomS005348,17.0978,34.4155,6.387e-20,6.964e-20,6.191e-20,-0.0001,-96.57,0
BottomS005349,17.0904,34.4097,2.319e-18,1.990e-18,1.062e-18,-0.0002,-96.84,0
BottomS005350,17.0433,34.3728,3.923e-18,8.859e-18,3.431e-17,0.0004,-99.29,0
BottomS005352,17.0899,34.4120,9.765e-18,7.683e-18,3.540e-18,-0.0,-96.58,0
BottomS005354,17.0974,34.4170,1.357e-18,1.147e-18,6.014e-19,-0.0007,-96.59,0
BottomS005356,17.0987,34.4094,1.265e-18,1.119e-18,6.296e-19,-0.0001,-96.7,0
BottomS005357,17.0442,34.3759,1.964e-20,2.606e-20,3.444e-20,0.0001,-99.23,0
BottomS005358,17.1046,34.4189,1.289e-18,1.920e-18,3.139e-18,-0.0004,-96.65,0
BottomS005359,17.0436,34.3661,6.644e-19,1.269e-18,3.536e-18,0.0002,-99.36,0
BottomS005361,17.0938,34.4183,1.114e-18,1.862e-18,3.947e-18,-0.0004,-96.55,0
BottomS005362,17.0426,34.3743,1.447e-20,1.870e-20,2.316e-20,-0.0004,-99.36,0
BottomS005363,17.1019,34.4160,1.845e-17,1.412e-17,6.195e-18,-0.0001,-96.59,1
BottomS005368,17.0432,34.3698,2.555e-20,3.024e-20,3.087e-20,-0.0003,-99.45,0
BottomS005369,17.0961,34.4192,4.460e-19,4.166e-19,2.649e-19,-0.0005,-96.45,0
BottomS005371,17.0951,34.4031,2.623e-18,2.194e-18,1.132e-18,-0.0002,-96.89,0
BottomS005375,17.0481,34.3733,5.242e-19,8.017e-19,1.345e-18,-0.0005,-99.38,0
BottomS005377,17.1010,34.4101,2.426e-20,2.990e-20,3.299e-20,0.0008,-96.67,0
BottomS005378,17.0490,34.3800,1.235e-19,1.349e-19,1.174e-19,-0.0009,-99.24,0
BottomS005384,17.1014,34.4166,6.956e-20,7.761e-20,6.947e-20,-0.0004,-96.47,0
BottomS005388,17.1040,34.4279,5.610e-19,8.791e-19,1.601e-18,-0.0006,-96.29,0
BottomS005391,17.0298,34.3583,3.829e-20,4.809e-20,5.382e-20,0.0005,-99.48,0
BottomS005393,17.1039,34.4126,4.521e-19,4.552e-19,3.190e-19,0.0002,-96.64,0
BottomS005394,17.0979,34.4214,8.082e-20,9.316e-20,8.995e-20,0.0009,-96.47,0
BottomS005395,17.1116,34.4225,1.277e-18,2.932e-18,1.194e-17,0.001,-96.39,0
BottomS005398,17.0388,34.3685,6.975e-18,5.971e-18,3.150e-18,0.0,-99.47,0
BottomS005400,17.1022,34.4139,1.114e-18,1.073e-18,7.288e-19,-0.0004,-96.68,0
BottomS005401,17.1083,34.4253,1.573e-20,2.000e-20,2.413e-20,-0.001,-96.55,0
BottomS005403,17.1006,34.4163,5.211e-19,1.105e-18,3.681e-18,0.0005,-96.53,0
BottomS005404,17.0359,34.3647,3.566e-18,5.354e-18,9.192e-18,0.0004,-99.45,0
BottomS005405,17.0397,34.3701,1.972e-18,1.645e-18,8.497e-19,0.0005,-99.58,0
BottomS005407,17.0392,34.3641,1.551e-18,1.396e-18,8.049e-19,0.0004,-99.55,0
BottomS005410,17.0356,34.3644,2.573e-19,2.525e-19,1.809e-19,-0.0006,-99.37,0
BottomS005411,17.1025,34.4203,1.872e-20,2.411e-20,2.812e-20,-0.0005,-96.66,0
BottomS005412,17.1050,34.4286,7.988e-18,6.511e-18,3.077e-18,0.0006,-96.38,0
BottomS005414,17.1107,34.4194,5.256e-19,8.794e-19,1.913e-18,0.0,-96.53,0
BottomS005416,17.1064,34.4226,2.599e-20,3.107e-20,3.166e-20,0.0002,-96.51,0
BottomS005420,17.0367,34.3672,2.540e-18,2.154e-18,1.115e-18,0.001,-99.38,0
BottomS005422,17.0379,34.3653,1.481e-18,2.951e-18,8.789e-18,0.0,-99.4,0
BottomS005423,17.0360,34.3707,7.203e-14,6.406e-14,3.587e-14,-0.0006,-99.19,1
BottomS005425,17.0253,34.3631,9.355e-19,1.563e-18,3.280e-18,-0.0001,-99.3,0
BottomS005426,17.1075,34.4183,6.678e-20,7.173e-20,6.101e-20,0.0004,-96.64,0
BottomS005427,17.1084,34.4228,8.612e-20,9.445e-20,8.631e-20,0.0006,-96.42,0
BottomS005428,17.0432,34.3717,5.851e-19,9.018e-19,1.617e-18,0.0002,-99.37,0
BottomS005430,17.1031,34.4174,1.028e-18,9.278e-19,5.502e-19,-0.0002,-96.67,0
BottomS005431,17.0297,34.3682,4.893e-19,4.675e-19,2.982e-19,0.0005,-99.42,0
BottomS005432,17.0273,34.3466,7.466e-19,1.218e-18,2.417e-18,0.0003,-99.65,0
BottomS005437,17.1228,34.4372,3.575e-18,2.858e-18,1.326e-18,0.0006,-96.53,0
BottomS005439,17.0254,34.3531,5.573e-18,4.435e-18,2.066e-18,0.0001,-99.54,0
BottomS005440,17.1137,34.4324,4.807e-18,3.973e-18,2.029e-18,-0.0002,-96.42,0
BottomS005441,17.0259,34.3528,1.403e-18,1.145e-18,5.362e-19,-0.0001,-99.41,0
BottomS005442,17.0325,34.3558,1.958e-18,3.582e-18,9.024e-18,-0.0008,-99.51,0
BottomS005445,17.0286,34.3575,5.881e-19,5.986e-19,4.552e-19,0.0005,-99.43,0
BottomS005446,17.1175,34.4292,2.291e-19,2.351e-19,1.802e-19,-0.0003,-96.37,0
BottomS005447,17.0329,34.3632,2.949e-20,3.332e-20,3.062e-20,0.0005,-99.59,0
BottomS005448,17.1157,34.4286,1.415e-19,1.558e-19,1.384e-19,0.0003,-96.38,0
BottomS005450,17.1215,34.4382,1.268e-18,2.412e-18,6.727e-18,0.0002,-96.38,0
BottomS005453,17.0202,34.3484,1.069e-18,1.932e-18,4.782e-18,-0.001,-99.58,0
BottomS005455,17.0242,34.3538,2.784e-20,3.457e-20,3.809e-20,-0.0003,-99.43,0
BottomS005456,17.1156,34.4343,2.981e-20,3.615e-20,3.751e-20,-0.0004,-96.33,0
BottomS005457,17.0235,34.3516,1.207e-18,1.944e-18,3.717e-18,0.0002,-99.55,0
BottomS005460,17.0095,34.3496,1.653e-18,1.487e-18,8.430e-19,0.0004,-99.49,0
BottomS005461,17.1217,34.4283,6.293e-19,5.813e-19,3.505e-19,-0.0003,-96.5,0
BottomS005462,17.0264,34.3535,1.057e-20,1.490e-20,2.157e-20,0.0005,-99.42,0
BottomS005463,17.0334,34.3594,1.560e-18,1.364e-18,7.411e-19,0.0,-99.56,0
BottomS005464,17.1271,34.4361,3.096e-19,3.156e-19,2.332e-19,-0.0002,-96.51,0
BottomS005466,17.1257,34.4341,2.670e-18,2.150e-18,1.027e-18,-0.0004,-96.46,0
BottomS005469,17.0248,34.3610,1.902e-19,2.042e-19,1.655e-19,-0.0007,-99.44,0
BottomS005470,17.0324,34.3618,6.740e-18,5.404e-18,2.554e-18,-0.0009,-99.5,0
BottomS005471,17.1288,34.4393,8.696e-19,8.661e-19,6.368e-19,0.0004,-96.34,0
BottomS005472,17.0263,34.3578,1.960e-19,2.080e-19,1.718e-19,-0.0001,-99.4,0
BottomS005473,17.0729,34.3942,2.144e-18,1.960e-18,1.165e-18,0.0009,-98.11,0
BottomS005474,17.0730,34.3944,1.025e-18,9.363e-19,5.773e-19,-0.0005,-94.47,0
BottomS005475,17.0728,34.3943,8.554e-15,5.738e-15,1.845e-15,0.0008,-95.84,0
BottomS005476,17.0727,34.3941,7.743e-19,7.116e-19,4.187e-19,0.001,-101.88,0
BottomS005477,17.0213,34.3570,2.216e-18,1.917e-18,1.024e-18,-0.0005,-99.51,0
BottomS005478,17.0196,34.3529,1.365e-17,1.056e-17,4.397e-18,0.0004,-99.47,1
BottomS005479,17.1288,34.4407,3.203e-17,2.438e-17,9.958e-18,-0.0005,-96.28,1
BottomS005480,17.0156,34.3442,3.898e-17,2.898e-17,1.156e-17,0.0004,-99.56,0
BottomS005482,17.0191,34.3378,2.059e-14,1.413e-14,4.597e-15,-0.0002,-99.51,0
BottomS005483,17.1282,34.4544,3.435e-17,2.460e-17,8.991e-18,-0.0005,-96.27,0
BottomS005484,17.0209,34.3328,5.116e-16,3.378e-16,1.090e-16,0.0001,-99.74,0
BottomS005485,17.0186,34.3322,2.619e-17,1.985e-17,8.271e-18,-0.0005,-99.79,1
BottomS005486,17.1269,34.4613,1.076e-16,7.572e-17,2.747e-17,0.0002,-96.17,0
BottomS005487,17.0189,34.3220,7.276e-20,7.835e-20,6.775e-20,0.0001,-99.74,0
BottomS005488,17.1266,34.4671,5.343e-18,4.518e-18,2.347e-18,0.0004,-96.26,0
BottomS005489,17.0209,34.3163,4.404e-17,3.268e-17,1.295e-17,0.0001,-99.65,0
BottomS005490,17.0232,34.3145,2.827e-14,1.968e-14,6.808e-15,-0.0001,-99.69,0
BottomS005491,17.0239,34.3160,1.131e-15,7.478e-16,2.302e-16,0.0008,-99.7,0
BottomS005492,17.0278,34.3132,5.740e-19,5.348e-19,3.415e-19,0.0005,-99.75,0
BottomS005493,17.0281,34.3118,1.337e-16,9.363e-17,3.228e-17,-0.0003,-99.67,0
BottomS005494,17.1109,34.4749,1.820e-16,1.268e-16,4.419e-17,0.0002,-96.33,0
BottomS005495,17.0332,34.3107,1.732e-17,1.303e-17,5.418e-18,0.0008,-99.63,0
BottomS005496,17.1096,34.4819,3.902e-15,6.319e-15,1.259e-14,-0.0004,-96.47,0
BottomS005497,17.0407,34.3162,1.208e-18,2.067e-18,4.529e-18,-0.0003,-99.52,0
BottomS005498,17.1047,34.4777,9.787e-17,6.971e-17,2.597e-17,-0.0002,-96.5,0
BottomS005499,17.0981,34.4788,1.352e-18,2.580e-18,7.056e-18,0.0002,-96.58,0
BottomS005501,17.0530,34.3101,1.418e-17,1.113e-17,5.004e-18,-0.0009,-99.11,1
BottomS005502,17.0898,34.4747,4.037e-18,6.111e-18,1.047e-17,-0.0001,-96.72,0
BottomS005503,17.0603,34.3095,4.944e-17,3.376e-17,1.157e-17,0.0001,-98.99,0
BottomS005504,17.0817,34.4766,5.765e-18,4.766e-18,2.329e-18,-0.0003,-96.9,0
BottomS005505,17.0690,34.3151,2.476e-18,4.845e-18,1.411e-17,-0.0007,-98.97,0
BottomS005506,17.0726,34.4696,7.734e-17,5.427e-17,1.978e-17,0.0003,-97.03,0
BottomS005507,17.0700,34.4631,1.835e-17,1.356e-17,5.331e-18,-0.0006,-97.03,0
BottomS005508,17.0806,34.3260,8.069e-18,6.061e-18,2.495e-18,-0.0003,-98.58,0
BottomS005509,17.0853,34.3275,1.747e-17,1.334e-17,5.597e-18,0.001,-98.64,1
BottomS005510,17.0895,34.3326,1.581e-18,1.386e-18,7.714e-19,-0.0003,-98.4,0
BottomS005511,17.0924,34.3387,9.592e-18,7.521e-18,3.303e-18,-0.0007,-98.42,1
BottomS005512,17.0978,34.3340,3.190e-16,2.185e-16,7.373e-17,0.0007,-98.34,0
BottomS005513,17.0451,34.4408,5.719e-18,4.597e-18,2.100e-18,-0.0001,-97.85,0
BottomS005514,17.0385,34.4448,3.630e-17,2.597e-17,9.583e-18,0.0003,-97.8,0
BottomS005516,17.0303,34.4298,1.770e-19,1.875e-19,1.500e-19,-0.0006,-98.05,0
BottomS005517,17.1204,34.3627,4.321e-17,3.113e-17,1.153e-17,-0.0004,-97.78,0
BottomS005518,17.0245,34.4247,2.556e-16,1.748e-16,5.733e-17,0.0009,-98.05,0
BottomS005519,17.1237,34.3712,2.151e-16,1.441e-16,4.690e-17,-0.0003,-97.69,0
BottomS005520,17.0125,34.4093,8.781e-17,6.326e-17,2.316e-17,-0.0,-98.52,0
BottomS005521,17.0104,34.4098,4.740e-17,3.376e-17,1.245e-17,-0.0002,-98.48,0
BottomS005522,17.0096,34.4037,2.460e-17,1.902e-17,8.062e-18,0.0001,-98.54,0
BottomS005523,17.0069,34.4005,8.288e-17,5.680e-17,1.994e-17,0.0004,-98.57,0
BottomS005524,17.1498,34.4022,1.022e-17,7.899e-18,3.443e-18,-0.0008,-97.17,1
BottomS005525,17.0007,34.3858,7.594e-17,5.231e-17,1.874e-17,-0.0004,-98.92,0
BottomS005526,17.1523,34.4156,3.962e-20,4.697e-20,4.785e-20,0.0002,-96.85,0
BottomS005527,16.9860,34.3700,2.205e-18,1.824e-18,9.371e-19,0.0003,-98.99,0
BottomS005528,17.1597,34.4270,1.410e-18,1.255e-18,7.310e-19,-0.0001,-96.74,0
BottomS005529,17.1577,34.4319,2.356e-19,2.414e-19,1.873e-19,-0.0002,-96.67,0
BottomS005530,17.1679,34.4421,5.377e-17,3.956e-17,1.569e-17,-0.0002,-96.56,0
BottomS005531,17.1623,34.4433,2.908e-17,2.193e-17,9.056e-18,-0.0006,-96.7,0
BottomS005532,17.1679,34.4514,2.884e-18,2.509e-18,1.330e-18,-0.0009,-96.65,0
BottomS005533,16.9851,34.3393,5.020e-16,3.249e-16,9.937e-17,0.0004,-99.53,0
BottomS005534,16.9869,34.3343,1.958e-18,1.637e-18,8.138e-19,0.0002,-99.64,0
BottomS005535,17.1642,34.4629,1.959e-18,2.651e-18,3.486e-18,-0.0001,-96.5,0
BottomS005536,17.1709,34.4697,3.362e-17,2.504e-17,1.002e-17,-0.0013,-96.27,0
BottomS005537,17.1685,34.4780,7.581e-18,6.197e-18,2.940e-18,0.0006,-96.29,0
BottomS005538,17.1595,34.4732,1.476e-17,1.114e-17,4.586e-18,0.0003,-96.21,0
BottomS005539,16.9839,34.3073,2.260e-18,3.975e-18,9.496e-18,0.0001,-99.87,0
BottomS005540,16.9761,34.2963,4.644e-17,3.391e-17,1.320e-17,0.0003,-99.88,0
BottomS005541,17.1638,34.4946,4.031e-18,8.283e-18,2.629e-17,0.0004,-96.11,0
BottomS005542,17.1632,34.4947,2.848e-18,2.469e-18,1.352e-18,-0.0002,-96.13,0
BottomS005543,16.9851,34.2899,2.363e-19,2.344e-19,1.670e-19,0.0006,-99.9,0
BottomS005544,17.1584,34.5056,1.001e-17,7.970e-18,3.482e-18,0.0001,-95.93,1
BottomS005545,17.1609,34.5141,2.734e-18,2.422e-18,1.373e-18,-0.0003,-96.2,0
BottomS005546,16.9981,34.2825,1.333e-18,2.296e-18,4.949e-18,0.0009,-99.75,0
BottomS005547,17.1492,34.5121,7.604e-18,6.206e-18,2.939e-18,0.0001,-96.09,0
BottomS005548,17.1461,34.5104,1.069e-16,7.684e-17,2.852e-17,-0.0002,-96.12,0
BottomS005549,17.0077,34.2766,1.359e-17,1.111e-17,5.374e-18,0.0006,-99.85,0
BottomS005550,17.0040,34.2665,1.164e-16,8.317e-17,2.997e-17,-0.0003,-99.73,0
BottomS005551,17.1413,34.5191,8.844e-19,1.337e-18,2.278e-18,-0.0011,-96.29,0
BottomS005552,17.1326,34.5166,4.390e-18,8.917e-18,2.860e-17,0.0001,-96.15,0
BottomS005553,17.0153,34.2703,1.182e-17,9.795e-18,4.802e-18,-0.0004,-99.78,0
BottomS005554,17.0235,34.2729,5.223e-17,3.853e-17,1.503e-17,-0.0001,-99.68,0
BottomS005555,17.0227,34.2694,4.979e-16,3.271e-16,1.009e-16,0.0008,-99.63,0
BottomS005556,17.1171,34.5195,1.169e-16,8.386e-17,3.076e-17,-0.0009,-96.33,0
BottomS005558,17.1080,34.5209,7.479e-19,7.278e-19,4.839e-19,0.0004,-96.41,0
BottomS005559,17.0468,34.2762,2.702e-16,1.838e-16,6.185e-17,-0.0001,-99.3,0
BottomS005560,17.0937,34.5130,6.534e-18,5.307e-18,2.620e-18,0.0005,-96.64,0
BottomS005561,17.0903,34.5124,3.201e-16,2.126e-16,6.898e-17,-0.0006,-96.77,0
BottomS005562,17.0610,34.2792,5.808e-18,4.691e-18,2.230e-18,0.0004,-99.04,0
BottomS005563,17.0654,34.2844,1.234e-16,8.536e-17,3.014e-17,0.0004,-98.97,0
BottomS005564,17.0721,34.5044,5.350e-17,3.782e-17,1.401e-17,-0.0003,-97.01,0
BottomS005565,17.0789,34.2911,7.725e-17,5.453e-17,1.920e-17,-0.0005,-98.82,0
BottomS005566,17.0853,34.2954,1.625e-16,1.182e-16,4.499e-17,-0.0011,-98.69,0
BottomS005567,17.0928,34.2946,2.796e-18,2.348e-18,1.163e-18,-0.0006,-98.57,0
BottomS005568,17.0476,34.4818,7.081e-20,8.005e-20,7.551e-20,0.0003,-97.4,0
BottomS005569,17.0426,34.4743,3.244e-19,3.150e-19,2.182e-19,0.001,-97.49,0
BottomS005570,17.0385,34.4684,6.877e-17,4.945e-17,1.805e-17,0.0,-97.83,0
BottomS005571,17.0324,34.4619,3.846e-17,2.889e-17,1.214e-17,-0.0001,-97.77,1
BottomS005572,17.0274,34.4535,1.915e-18,1.813e-18,1.206e-18,-0.0005,-97.87,0
BottomS005573,17.1274,34.3299,2.995e-18,2.407e-18,1.090e-18,-0.0003,-98.06,0
BottomS005574,17.1328,34.3439,9.153e-18,7.299e-18,3.255e-18,0.0003,-97.89,1
BottomS005576,17.1435,34.3638,3.115e-18,2.611e-18,1.327e-18,0.0003,-97.64,0
BottomS005577,16.9975,34.4199,2.518e-14,1.855e-14,7.218e-15,0.0,-98.34,0
BottomS005578,16.9954,34.4178,6.029e-19,1.154e-18,3.087e-18,0.0007,-98.37,0
BottomS005579,16.9899,34.4053,6.562e-18,5.452e-18,2.644e-18,0.0006,-98.53,0
BottomS005580,17.1596,34.3853,9.109e-18,7.486e-18,3.672e-18,0.0012,-97.23,0
BottomS005581,17.1577,34.3885,1.832e-17,1.409e-17,5.854e-18,-0.0,-97.32,1
BottomS005582,17.1748,34.4146,6.673e-17,4.697e-17,1.681e-17,-0.0001,-96.94,0
BottomS005583,16.9711,34.3746,3.864e-19,3.726e-19,2.577e-19,-0.0003,-98.83,0
BottomS005584,16.9721,34.3753,7.472e-19,1.372e-18,3.630e-18,-0.0004,-99.02,0
BottomS005585,17.1885,34.4350,1.304e-18,1.267e-18,8.251e-19,0.0001,-96.71,0
BottomS005586,17.1891,34.4370,1.333e-17,1.029e-17,4.391e-18,0.0,-96.81,1
BottomS005587,16.9619,34.3477,3.748e-14,2.583e-14,8.875e-15,-0.0005,-99.28,0
BottomS005588,17.1875,34.4477,7.723e-20,8.164e-20,6.763e-20,0.0007,-96.7,0
BottomS005589,17.1880,34.4607,5.354e-20,5.728e-20,4.734e-20,-0.0002,-96.43,0
BottomS005590,16.9591,34.3262,1.257e-18,2.344e-18,5.988e-18,-0.0005,-99.47,0
BottomS005591,16.9529,34.3168,1.424e-15,9.312e-16,2.880e-16,0.0,-99.53,0
BottomS005592,17.2010,34.4854,4.092e-17,2.930e-17,1.070e-17,0.0005,-96.43,0
BottomS005593,16.9490,34.2991,1.065e-18,9.702e-19,5.862e-19,0.0012,-99.63,0
BottomS005594,16.9501,34.2950,9.857e-19,1.508e-18,2.659e-18,0.0003,-99.68,0
BottomS005595,16.9552,34.2927,1.613e-17,1.258e-17,5.271e-18,0.0,-99.66,1
BottomS005596,16.9525,34.2826,2.079e-17,1.573e-17,6.476e-18,0.0002,-99.76,1
BottomS005597,17.1912,34.5099,1.061e-16,7.707e-17,2.966e-17,0.0,-96.05,0
BottomS005598,17.1940,34.5174,1.283e-18,1.204e-18,7.847e-19,0.0004,-96.07,0
BottomS005599,16.9528,34.2642,1.018e-17,7.747e-18,3.128e-18,-0.0002,-99.82,0
BottomS005600,16.9498,34.2563,1.327e-17,1.064e-17,4.870e-18,0.0005,-99.9,0
BottomS005601,16.9579,34.2525,9.864e-18,7.628e-18,3.417e-18,0.0001,-99.84,1
BottomS005602,16.9537,34.2508,1.309e-17,1.050e-17,4.836e-18,-0.0004,-99.97,0
BottomS005603,17.1858,34.5441,1.688e-18,1.557e-18,9.544e-19,-0.0001,-96.03,0
BottomS005604,17.1707,34.5438,1.159e-18,9.841e-19,5.261e-19,-0.0001,-96.07,0
BottomS005605,16.9660,34.2376,3.012e-17,2.286e-17,9.699e-18,0.0004,-99.88,0
BottomS005606,17.1715,34.5486,1.272e-17,9.784e-18,4.232e-18,0.0003,-95.91,1
BottomS005607,17.1712,34.5480,5.995e-19,5.602e-19,3.607e-19,0.0005,-95.97,0
BottomS005608,17.1609,34.5494,7.431e-19,1.743e-18,7.552e-18,-0.0007,-96.1,0
BottomS005609,17.1503,34.5480,4.064e-14,3.257e-14,1.527e-14,0.0004,-96.12,1
BottomS005610,17.1449,34.5449,7.205e-19,1.133e-18,2.066e-18,0.0002,-96.21,0
BottomS005611,17.1432,34.5506,1.220e-17,9.079e-18,3.566e-18,0.0006,-96.13,0
BottomS005612,17.1336,34.5427,2.384e-16,1.678e-16,5.945e-17,0.0006,-96.34,0
BottomS005613,17.1287,34.5567,2.484e-14,1.702e-14,5.577e-15,-0.0005,-96.31,0
BottomS005614,17.0201,34.2359,1.482e-17,1.149e-17,4.967e-18,-0.0008,-99.72,1
BottomS005615,17.0239,34.2341,6.090e-17,4.243e-17,1.554e-17,0.0005,-99.64,0
BottomS005616,17.0333,34.2394,1.543e-18,4.062e-18,2.143e-17,-0.0005,-99.37,0
BottomS005617,17.1075,34.5423,3.410e-19,6.566e-19,1.786e-18,0.0007,-96.49,0
BottomS005618,17.0463,34.2476,8.056e-18,6.607e-18,3.228e-18,-0.0008,-99.27,0
BottomS005619,17.0894,34.5339,3.841e-18,3.367e-18,1.769e-18,0.0007,-96.87,0
BottomS005620,17.0865,34.5352,8.114e-18,6.468e-18,2.996e-18,-0.0001,-96.79,0
BottomS005621,17.0682,34.2601,2.316e-17,1.807e-17,7.687e-18,-0.0,-98.98,0
BottomS005622,17.0744,34.2638,2.559e-17,1.949e-17,8.404e-18,0.0006,-98.87,0
BottomS005623,17.0642,34.5190,2.281e-18,1.917e-18,9.742e-19,-0.0005,-97.16,0
BottomS005624,17.0284,34.3477,1.325e-18,2.536e-18,6.935e-18,-0.0001,-99.6,0
BottomS005625,17.1165,34.4387,4.746e-18,3.853e-18,1.800e-18,0.0002,-96.34,0
BottomS005626,17.1314,34.4510,1.422e-18,2.877e-18,8.851e-18,0.0001,-96.24,0
BottomS005627,17.0204,34.3393,9.576e-14,7.546e-14,3.353e-14,-0.0003,-99.77,1
BottomS005628,17.0250,34.3412,3.741e-17,2.660e-17,9.754e-18,0.0008,-99.76,0
BottomS005629,17.1281,34.4558,1.628e-20,2.019e-20,2.214e-20,0.0003,-96.27,0
BottomS005630,17.1264,34.4581,4.487e-19,4.457e-19,3.137e-19,-0.0002,-96.09,0
BottomS005631,17.1242,34.4585,1.081e-19,1.814e-19,3.837e-19,0.0006,-96.18,0
BottomS005632,17.1305,34.4701,5.871e-19,5.596e-19,3.659e-19,-0.0002,-96.1,0
BottomS005633,17.1234,34.4615,3.031e-19,3.012e-19,2.179e-19,0.0011,-96.22,0
BottomS005634,17.1230,34.4653,5.571e-18,4.483e-18,2.137e-18,0.0,-96.16,0
BottomS005635,17.0331,34.3320,4.917e-20,5.900e-20,6.107e-20,-0.0008,-99.71,0
BottomS005636,17.1201,34.4646,4.027e-19,3.755e-19,2.448e-19,-0.0002,-96.19,0
BottomS005637,17.0273,34.3186,3.504e-19,3.486e-19,2.500e-19,0.0003,-99.6,0
BottomS005638,17.1078,34.4623,4.532e-20,5.256e-20,5.249e-20,0.0001,-96.31,0
BottomS005640,17.0322,34.3142,6.682e-19,6.502e-19,4.512e-19,-0.0001,-99.59,0
BottomS005641,17.0367,34.3180,2.118e-17,6.979e-17,5.969e-16,0.0002,-99.64,0
BottomS005642,17.1137,34.4673,1.605e-18,1.433e-18,8.276e-19,0.0008,-96.24,0
BottomS005643,17.0313,34.3064,3.423e-18,7.355e-18,2.606e-17,0.001,-99.58,0
BottomS005644,17.0366,34.3073,5.385e-20,6.622e-20,7.586e-20,0.0007,-99.77,0
BottomS005645,17.0388,34.3210,3.500e-20,4.348e-20,4.878e-20,0.0006,-99.56,0
BottomS005648,17.0435,34.3060,1.524e-18,1.330e-18,7.028e-19,-0.0001,-99.48,0
BottomS005649,17.1018,34.4764,5.426e-20,6.271e-20,6.046e-20,0.0002,-96.55,0
BottomS005650,17.0537,34.3176,7.935e-20,8.564e-20,7.261e-20,0.0002,-99.28,0
BottomS005652,17.0550,34.3207,9.746e-18,7.333e-18,3.143e-18,0.0001,-99.29,0
BottomS005654,17.0623,34.3096,2.384e-18,3.749e-18,7.085e-18,0.0005,-98.99,0
BottomS005655,17.0635,34.3163,1.920e-17,1.375e-17,5.309e-18,0.0005,-99.1,0
BottomS005656,17.0807,34.4645,1.273e-18,1.202e-18,7.589e-19,0.0,-96.85,0
BottomS005658,17.0713,34.3216,2.276e-19,2.378e-19,1.862e-19,-0.0002,-98.7,0
BottomS005659,17.0706,34.4741,4.760e-19,8.601e-19,2.104e-18,0.0001,-97.02,0
BottomS005660,17.0798,34.3170,1.475e-19,1.522e-19,1.148e-19,-0.0003,-98.74,0
BottomS005661,17.0646,34.4495,3.163e-20,3.788e-20,3.849e-20,0.0004,-97.26,0
BottomS005662,17.0844,34.3222,8.409e-19,1.553e-18,3.891e-18,-0.0002,-98.56,0
BottomS005663,17.0874,34.3299,4.106e-20,4.793e-20,4.766e-20,0.0012,-98.59,0
BottomS005664,17.0546,34.4531,7.625e-19,7.066e-19,4.382e-19,0.0004,-97.51,0
BottomS005666,17.0477,34.4510,2.610e-19,2.604e-19,1.922e-19,0.0002,-97.57,0
BottomS005667,17.0480,34.4428,4.667e-19,4.488e-19,2.967e-19,0.0005,-97.66,0
BottomS005668,17.0426,34.4436,8.541e-18,7.130e-18,3.598e-18,0.0004,-97.75,0
BottomS005669,17.0383,34.4334,1.928e-19,2.046e-19,1.674e-19,-0.0002,-98.02,0
BottomS005670,17.0353,34.4423,1.539e-18,1.387e-18,8.048e-19,0.0001,-97.82,1
BottomS005671,17.0343,34.4351,1.023e-18,9.181e-19,5.183e-19,-0.0003,-97.88,0
BottomS005672,17.0312,34.4264,1.801e-17,1.272e-17,4.548e-18,0.0,-98.11,0
BottomS005673,17.0255,34.4263,1.545e-17,1.175e-17,4.958e-18,0.0011,-98.08,1
BottomS005674,17.0262,34.4240,4.192e-19,3.929e-19,2.517e-19,-0.0005,-98.23,0
BottomS005675,17.0249,34.4157,1.859e-17,1.445e-17,6.018e-18,0.0001,-98.16,1
BottomS005676,17.0185,34.4168,2.881e-18,2.491e-18,1.330e-18,-0.0002,-98.15,0
BottomS005677,17.1340,34.3682,6.247e-19,1.107e-18,2.689e-18,0.0001,-97.6,0
BottomS005678,17.0147,34.4139,2.985e-17,2.221e-17,9.117e-18,0.0005,-98.33,0
BottomS005679,17.1322,34.3869,9.097e-19,1.255e-18,1.767e-18,0.0003,-97.48,0
BottomS005680,17.1333,34.3814,1.310e-17,1.056e-17,4.921e-18,0.0009,-97.39,0
BottomS005681,17.1383,34.3904,1.117e-19,1.248e-19,1.095e-19,-0.0001,-97.35,0
BottomS005682,17.1438,34.4007,3.883e-18,7.444e-18,1.973e-17,0.0005,-97.13,0
BottomS005683,17.1373,34.3941,1.795e-19,1.897e-19,1.484e-19,-0.0001,-97.17,0
BottomS005684,17.1561,34.4081,1.682e-18,2.944e-18,6.782e-18,-0.0003,-97.03,0
BottomS005685,16.9985,34.3747,3.351e-18,8.353e-18,3.939e-17,0.0004,-98.91,0
BottomS005686,17.1426,34.4113,1.582e-16,1.080e-16,3.660e-17,-0.0004,-96.84,0
BottomS005689,16.9796,34.3569,2.217e-19,2.304e-19,1.842e-19,-0.0003,-99.18,0
BottomS005690,16.9782,34.3447,9.970e-20,1.037e-19,8.310e-20,-0.0,-99.36,0
BottomS005691,16.9894,34.3575,1.152e-18,1.023e-18,5.982e-19,0.0,-99.11,0
BottomS005692,16.9787,34.3417,9.596e-19,8.655e-19,5.052e-19,0.0004,-99.39,0
BottomS005693,17.1599,34.4462,9.728e-19,2.125e-18,7.536e-18,-0.0004,-96.54,0
BottomS005694,17.1595,34.4440,4.169e-18,3.393e-18,1.638e-18,0.0001,-96.5,0
BottomS005695,17.1529,34.4442,3.815e-18,9.022e-18,3.855e-17,-0.0005,-96.39,0
BottomS005696,17.1559,34.4524,1.791e-18,1.653e-18,1.006e-18,-0.0005,-96.34,0
BottomS005697,17.1617,34.4594,1.422e-17,1.044e-17,4.024e-18,0.0008,-96.28,0
BottomS005698,16.9784,34.3231,8.770e-18,6.985e-18,3.186e-18,0.0002,-99.63,0
BottomS005699,17.1700,34.4742,3.581e-19,3.439e-19,2.276e-19,0.0009,-96.22,0
BottomS005701,17.1647,34.4780,3.575e-20,4.163e-20,4.074e-20,-0.0002,-96.11,0
BottomS005702,17.1578,34.4722,2.838e-18,2.253e-18,1.065e-18,0.0007,-96.13,0
BottomS005703,17.1763,34.4929,3.882e-19,7.863e-19,2.407e-18,0.0003,-96.23,0
BottomS005704,16.9823,34.2974,1.167e-17,9.398e-18,4.287e-18,0.0004,-99.74,0
BottomS005706,17.1550,34.4910,4.932e-18,3.984e-18,1.875e-18,-0.0002,-96.1,0
BottomS005707,16.9840,34.2881,1.302e-17,1.008e-17,4.516e-18,0.0004,-99.8,1
BottomS005708,17.1757,34.5112,7.196e-20,8.041e-20,7.252e-20,0.0009,-96.13,0
BottomS005709,17.1660,34.5178,4.315e-14,3.015e-14,1.065e-14,-0.0001,-96.09,0
BottomS005710,17.1511,34.4988,1.659e-18,2.953e-18,7.109e-18,0.0008,-96.06,0
BottomS005713,17.1528,34.5084,5.815e-14,5.163e-14,2.992e-14,0.0001,-96.19,1
BottomS005714,16.9943,34.2775,1.836e-19,1.868e-19,1.398e-19,-0.0006,-99.78,0
BottomS005715,16.9958,34.2667,7.480e-19,1.245e-18,2.571e-18,0.0002,-99.74,0
BottomS005716,17.0009,34.2625,8.392e-19,7.748e-19,4.763e-19,0.0002,-99.62,0
BottomS005717,16.9966,34.2550,2.718e-18,6.423e-18,2.725e-17,-0.0001,-99.7,0
BottomS005718,17.0109,34.2786,1.081e-17,8.612e-18,3.835e-18,0.0002,-99.76,1
BottomS005719,17.0070,34.2654,2.179e-18,3.828e-18,8.914e-18,-0.0011,-99.71,0
BottomS005722,17.1203,34.5116,3.845e-20,4.406e-20,4.225e-20,0.0011,-96.44,0
BottomS005723,17.1290,34.5349,9.770e-18,8.117e-18,3.970e-18,0.0003,-96.38,0
BottomS005724,17.0314,34.2811,1.370e-18,2.235e-18,4.316e-18,0.0003,-99.5,0
BottomS005725,17.0255,34.2707,2.403e-17,1.849e-17,7.974e-18,0.0011,-99.46,1
BottomS005726,17.0338,34.2723,8.470e-18,7.019e-18,3.442e-18,0.0001,-99.49,0
BottomS005727,17.0401,34.2579,1.062e-16,7.632e-17,2.841e-17,-0.0003,-99.32,0
BottomS005728,17.1115,34.5156,2.091e-18,1.880e-18,1.110e-18,-0.0007,-96.43,0
BottomS005730,17.0947,34.5062,3.656e-18,3.070e-18,1.605e-18,0.0001,-96.75,0
BottomS005731,17.0521,34.2759,5.163e-19,7.689e-19,1.256e-18,-0.0002,-99.16,0
BottomS005732,17.0876,34.5078,1.521e-18,1.381e-18,8.450e-19,0.0007,-96.84,0
BottomS005734,17.0648,34.2794,3.743e-19,3.709e-19,2.709e-19,0.0004,-98.84,0
BottomS005735,17.0740,34.5042,2.700e-19,2.754e-19,2.000e-19,0.0005,-96.99,0
BottomS005736,17.0748,34.4999,5.516e-18,4.402e-18,2.058e-18,-0.0001,-97.04,0
BottomS005737,17.0682,34.4889,7.780e-19,7.106e-19,4.302e-19,0.0001,-97.17,0
BottomS005739,17.0587,34.5091,1.036e-18,1.680e-18,3.295e-18,-0.0002,-97.31,0
BottomS005740,17.0555,34.4786,4.403e-18,3.794e-18,2.003e-18,-0.0,-97.37,0
BottomS005741,17.0972,34.3170,3.633e-18,5.285e-18,8.041e-18,0.0003,-98.34,0
BottomS005743,17.1056,34.3189,1.715e-18,3.536e-18,1.118e-17,0.0002,-98.56,0
BottomS005744,17.1047,34.3114,6.081e-17,4.255e-17,1.497e-17,0.0007,-98.4,0
BottomS005745,17.0354,34.4851,5.380e-14,4.053e-14,1.618e-14,0.0001,-97.51,0
BottomS005746,17.0335,34.4587,2.900e-18,2.418e-18,1.182e-18,0.0001,-97.63,0
BottomS005747,17.1225,34.3447,2.574e-17,8.516e-17,7.446e-16,0.0004,-97.98,0
BottomS005748,17.0134,34.4311,4.302e-20,5.460e-20,6.191e-20,0.0,-98.06,0
BottomS005749,17.0139,34.4476,6.610e-19,5.958e-19,3.408e-19,-0.0009,-98.03,0
BottomS005752,17.1496,34.3562,2.911e-18,2.533e-18,1.355e-18,0.0006,-97.74,0
BottomS005753,17.0063,34.4263,5.396e-19,5.129e-19,3.315e-19,0.0009,-98.23,0
BottomS005754,17.0045,34.4105,1.042e-20,1.314e-20,1.524e-20,0.0,-98.56,0
BottomS005755,17.0067,34.4191,1.022e-19,1.106e-19,9.164e-20,-0.0,-98.31,0
BottomS005756,17.1589,34.3822,3.939e-18,5.743e-18,8.950e-18,0.0004,-97.33,0
BottomS005758,16.9765,34.3965,2.332e-18,4.067e-18,9.057e-18,-0.0002,-98.73,0
BottomS005759,16.9662,34.3804,9.471e-19,8.448e-19,4.745e-19,0.0005,-98.73,0
BottomS005760,17.1549,34.3911,4.266e-19,6.291e-19,9.757e-19,0.0005,-97.27,0
BottomS005761,17.1617,34.3997,5.726e-19,1.257e-18,4.751e-18,-0.0006,-97.05,0
BottomS005762,17.1772,34.4227,7.033e-19,1.095e-18,1.952e-18,-0.0003,-96.92,0
BottomS005763,16.9665,34.3701,5.265e-19,1.123e-18,3.856e-18,-0.0003,-99.04,0
BottomS005764,17.1637,34.4079,3.393e-20,4.102e-20,4.208e-20,0.0003,-97.01,0
BottomS005765,17.1815,34.4363,3.943e-20,4.996e-20,5.711e-20,0.0001,-96.74,0
BottomS005766,16.9805,34.3689,2.589e-18,2.271e-18,1.285e-18,0.0003,-98.97,0
BottomS005769,17.1918,34.4628,1.144e-19,1.255e-19,1.105e-19,0.0009,-96.55,0
BottomS005770,16.9486,34.3200,4.488e-18,3.677e-18,1.743e-18,-0.0007,-99.58,0
BottomS005771,17.1941,34.4704,2.237e-18,1.908e-18,1.002e-18,0.0002,-96.28,0
BottomS005772,17.1886,34.4671,3.481e-18,2.920e-18,1.471e-18,-0.0003,-96.41,0
BottomS005773,17.1970,34.4795,8.643e-17,5.944e-17,2.111e-17,0.0002,-96.34,0
BottomS005775,17.1747,34.4684,4.628e-20,5.351e-20,5.279e-20,-0.0,-96.24,0
BottomS005776,17.1960,34.4935,1.793e-18,1.492e-18,7.435e-19,-0.0004,-96.14,0
BottomS005777,17.1931,34.4992,1.561e-18,1.351e-18,7.638e-19,0.0002,-96.22,0
BottomS005778,17.1965,34.5068,2.872e-18,6.543e-18,2.622e-17,-0.0012,-96.23,0
BottomS005779,17.1801,34.4965,4.981e-19,4.935e-19,3.357e-19,-0.0004,-96.22,0
BottomS005780,16.9671,34.2932,3.261e-19,3.208e-19,2.163e-19,0.0003,-99.62,0
BottomS005782,16.9603,34.2776,2.417e-14,1.694e-14,6.133e-15,0.0002,-99.85,0
BottomS005784,17.1923,34.5237,3.588e-14,3.794e-14,3.076e-14,0.001,-95.99,1
BottomS005785,17.1790,34.5195,4.873e-18,4.033e-18,1.966e-18,-0.0007,-95.98,0
BottomS005786,17.1920,34.5387,3.252e-19,3.555e-19,3.008e-19,-0.0006,-95.93,0
BottomS005787,17.1852,34.5294,6.367e-18,4.842e-18,2.082e-18,0.0012,-96.03,0
BottomS005788,17.1742,34.5288,7.968e-20,8.469e-20,6.890e-20,-0.0,-96.05,0
BottomS005789,17.1813,34.5314,4.506e-20,5.037e-20,4.585e-20,-0.0006,-95.96,0
BottomS005791,16.9760,34.2435,2.111e-19,2.154e-19,1.634e-19,0.0001,-99.86,0
BottomS005792,17.1753,34.5479,5.063e-19,8.130e-19,1.560e-18,-0.0002,-96.09,0
BottomS005793,17.1544,34.5316,5.573e-19,5.403e-19,3.544e-19,0.0001,-96.14,0
BottomS005794,16.9822,34.2350,1.317e-14,8.799e-15,2.883e-15,0.0006,-99.77,0
BottomS005796,16.9923,34.2399,1.108e-18,2.177e-18,6.467e-18,0.0003,-99.76,0
BottomS005797,17.1498,34.5448,1.533e-19,1.629e-19,1.323e-19,0.0002,-96.18,0
BottomS005798,17.1408,34.5517,4.129e-19,7.681e-19,1.935e-18,0.0002,-96.33,0
BottomS005799,17.1337,34.5487,2.383e-17,1.763e-17,7.196e-18,0.0,-96.27,0
BottomS005800,16.9991,34.2335,1.494e-18,2.562e-18,5.538e-18,0.0003,-99.68,0
BottomS005801,17.1292,34.5492,1.622e-19,1.743e-19,1.466e-19,0.0003,-96.35,0
BottomS005802,17.0136,34.2410,2.607e-17,1.892e-17,7.394e-18,-0.0015,-99.56,0
BottomS005803,17.1228,34.5355,2.006e-18,1.740e-18,9.232e-19,0.0,-96.54,0
BottomS005804,17.1110,34.5339,2.512e-18,3.477e-18,4.914e-18,-0.0007,-96.55,0
BottomS005808,17.1080,34.5597,7.652e-19,1.410e-18,3.629e-18,0.0,-96.67,0
BottomS005810,17.0540,34.2400,5.123e-18,4.184e-18,2.009e-18,0.0,-99.18,0
BottomS005812,17.0682,34.2535,4.576e-18,3.794e-18,1.872e-18,0.0002,-98.9,0
BottomS005813,17.0726,34.2384,1.105e-19,1.207e-19,1.034e-19,-0.0003,-98.98,0
BottomS005814,17.0699,34.5159,1.386e-18,2.914e-18,9.454e-18,0.0002,-97.05,0
BottomS005815,17.0633,34.5198,4.131e-18,3.344e-18,1.585e-18,0.0,-97.22,0
BottomS005816,17.0600,34.5073,2.158e-17,1.607e-17,6.422e-18,-0.0004,-97.17,0
BottomS005821,17.3137,32.5057,1.625e-19,1.715e-19,1.366e-19,0.0012,-91.91,0
BottomS005824,17.3134,32.5461,3.496e-19,3.384e-19,2.400e-19,0.0013,-92.78,0
BottomS005826,17.3095,32.5406,3.234e-20,3.830e-20,3.924e-20,0.0001,-92.6,0
BottomS005829,17.3164,32.5545,1.749e-19,1.837e-19,1.460e-19,-0.0003,-94.02,0
BottomS005831,17.3094,32.5414,1.343e-20,1.675e-20,1.898e-20,0.0007,-92.57,0
BottomS005834,17.3366,32.5293,2.050e-20,2.493e-20,2.711e-20,0.0002,-92.08,0
BottomS005841,17.2965,32.5279,4.734e-20,5.485e-20,5.392e-20,0.0005,-92.67,0
BottomS005843,17.2811,32.5331,4.285e-18,7.024e-18,1.363e-17,0.0004,-92.95,0
BottomS005848,17.3351,32.5369,1.350e-20,1.677e-20,1.843e-20,0.0002,-92.21,0
BottomS005853,17.3402,32.5543,3.305e-20,4.106e-20,4.657e-20,0.0006,-92.81,0
BottomS005865,17.3186,32.5512,3.159e-20,3.890e-20,4.330e-20,0.0007,-92.28,0
BottomS005866,17.2959,32.5200,9.805e-20,1.145e-19,1.094e-19,0.0005,-92.4,0
BottomS005867,17.3112,32.5946,3.292e-19,3.155e-19,2.051e-19,-0.0003,-94.44,0
BottomS005872,17.3029,32.5555,1.402e-18,2.251e-18,4.249e-18,-0.0012,-93.62,0
BottomS005873,17.3097,32.5301,1.180e-14,7.952e-15,2.642e-15,0.0007,-92.29,0
BottomS005884,17.3304,32.5416,1.857e-18,3.113e-18,6.586e-18,0.0002,-92.23,0
BottomS005886,17.3132,32.4969,3.428e-19,3.353e-19,2.408e-19,0.0003,-91.83,0
BottomS005890,17.3294,32.5845,2.357e-19,2.414e-19,1.857e-19,-0.0003,-93.95,0
BottomS005900,17.2796,32.5041,3.078e-19,3.170e-19,2.431e-19,-0.0008,-92.61,0
BottomS005904,17.3248,32.5495,2.938e-19,5.237e-19,1.269e-18,-0.0003,-92.66,0
BottomS005906,17.3859,32.6597,5.194e-19,1.015e-18,2.877e-18,0.0001,-93.94,0
BottomS005909,17.3235,32.4940,8.669e-19,8.223e-19,5.190e-19,0.0004,-91.79,0
BottomS005915,17.4223,32.6292,1.091e-20,1.441e-20,1.878e-20,0.0,-93.71,0
BottomS005918,17.3535,32.5102,4.832e-18,3.969e-18,1.886e-18,0.0001,-92.06,0
BottomS005920,17.3232,32.5474,1.079e-18,9.725e-19,5.592e-19,0.0,-92.47,0
BottomS005922,17.3214,32.5446,3.259e-18,5.428e-18,1.121e-17,0.0006,-92.39,0
BottomS005925,17.3336,32.5689,2.109e-18,1.841e-18,1.030e-18,0.0001,-93.51,0
BottomS005927,17.4416,32.5055,1.889e-20,2.285e-20,2.550e-20,-0.0005,-92.18,0
BottomS005929,17.3108,32.4979,1.483e-18,1.320e-18,7.517e-19,0.0,-92.01,0
BottomS005932,17.3124,32.5448,9.323e-19,1.405e-18,2.380e-18,0.0001,-92.43,0
BottomS005933,17.3311,32.5554,2.132e-20,2.542e-20,2.545e-20,-0.0002,-92.85,0
BottomS005935,17.3412,32.5530,7.396e-20,8.223e-20,7.270e-20,-0.0003,-92.63,0
BottomS005937,17.3024,32.5080,2.889e-19,2.980e-19,2.278e-19,0.0007,-92.04,0
BottomS005938,17.3065,32.5745,7.853e-20,8.527e-20,6.986e-20,0.0006,-94.4,0
BottomS005940,17.2760,32.7352,1.466e-19,1.626e-19,1.486e-19,0.0,-94.8,0
BottomS005943,17.3392,32.5617,2.070e-20,2.469e-20,2.555e-20,-0.0004,-93.17,0
BottomS005945,17.3532,32.5723,1.731e-20,2.154e-20,2.469e-20,0.0007,-93.41,0
BottomS005946,17.3498,32.5924,1.065e-19,1.103e-19,8.631e-20,0.0004,-93.81,0
BottomS005950,17.3197,32.5536,4.879e-20,5.266e-20,4.432e-20,0.0001,-92.71,0
BottomS005964,17.2743,32.5315,2.446e-20,2.986e-20,3.308e-20,0.0004,-93.11,0
BottomS005965,17.3499,32.5727,7.788e-19,1.438e-18,3.681e-18,-0.0,-93.32,0
BottomS005968,17.3569,32.4051,1.452e-18,2.268e-18,4.302e-18,0.0005,-91.63,0
BottomS005970,17.3930,32.5769,1.292e-20,1.689e-20,2.118e-20,0.0004,-92.86,0
BottomS005974,17.2501,32.4553,1.938e-14,1.297e-14,4.355e-15,-0.0004,-92.34,0
BottomS005976,17.3196,32.5547,8.252e-19,1.503e-18,3.694e-18,-0.0,-92.7,0
BottomS005978,17.3367,32.5630,7.727e-14,6.590e-14,3.398e-14,0.0002,-93.08,1
BottomS005982,17.2803,32.5733,1.278e-20,1.625e-20,1.989e-20,0.0006,-94.12,0
BottomS005984,17.3092,32.5549,6.652e-20,7.123e-20,5.995e-20,-0.0005,-93.64,0
BottomS005988,17.3190,32.5447,4.993e-14,4.307e-14,2.329e-14,0.001,-92.43,1
BottomS005994,17.3352,32.5615,2.368e-19,2.481e-19,1.971e-19,0.0007,-92.92,0
BottomS005995,17.2873,32.5916,5.856e-20,6.842e-20,6.674e-20,0.0005,-94.41,0
BottomS005996,17.3061,32.5792,7.691e-20,9.039e-20,9.065e-20,0.0003,-94.43,0
BottomS005998,17.3441,32.5373,1.671e-19,1.764e-19,1.450e-19,0.0002,-92.1,0
BottomS006001,17.3192,32.5462,2.129e-18,1.802e-18,9.356e-19,-0.0007,-92.24,0
BottomS006002,17.3151,32.5331,1.374e-20,1.814e-20,2.358e-20,-0.0008,-92.22,0
BottomS006009,17.3201,32.5538,2.926e-19,2.959e-19,2.220e-19,0.0006,-92.77,0
BottomS006015,17.3448,32.5220,1.420e-19,1.618e-19,1.559e-19,-0.0,-91.98,0
BottomS006021,17.2795,32.3764,7.279e-19,6.534e-19,3.877e-19,-0.0005,-91.69,0
BottomS006026,17.3211,32.5357,3.981e-20,4.607e-20,4.659e-20,-0.0007,-92.27,0
BottomS006027,17.3158,32.5337,5.088e-20,5.889e-20,5.702e-20,-0.0003,-92.18,0
BottomS006033,17.3314,32.5503,3.544e-20,4.396e-20,5.051e-20,-0.0001,-92.57,0
BottomS006035,17.3276,32.5453,1.200e-18,1.058e-18,5.828e-19,-0.0001,-92.42,0
BottomS006036,17.3212,32.5604,4.560e-20,5.299e-20,5.010e-20,0.0002,-93.49,0
BottomS006040,17.3105,32.5017,1.597e-18,3.019e-18,8.133e-18,-0.0001,-91.75,0
BottomS006041,17.3093,32.5223,2.107e-20,2.565e-20,2.779e-20,0.0001,-92.13,0
BottomS006047,17.3426,32.5561,1.379e-18,2.397e-18,5.489e-18,-0.0,-92.64,0
BottomS006048,17.4138,32.5483,1.194e-20,1.614e-20,2.192e-20,-0.0006,-92.62,0
BottomS006052,17.4055,32.5622,5.218e-14,3.858e-14,1.489e-14,-0.0,-92.85,0
BottomS006056,17.2710,32.5429,6.165e-20,7.206e-20,7.059e-20,0.0006,-93.24,0
BottomS006057,17.3146,32.5522,4.101e-19,6.459e-19,1.218e-18,0.0007,-92.8,0
BottomS006059,17.2975,32.6518,1.780e-18,1.583e-18,9.032e-19,0.0001,-94.54,0
BottomS006060,17.2718,32.5665,6.325e-19,1.031e-18,2.093e-18,-0.0001,-93.7,0
BottomS006064,17.3307,32.5738,4.581e-18,3.749e-18,1.721e-18,-0.0005,-93.66,0
BottomS006066,17.3097,32.5699,5.038e-19,4.866e-19,3.242e-19,0.0002,-94.19,0
BottomS006067,17.3105,32.5487,1.727e-20,2.071e-20,2.180e-20,-0.0003,-92.92,0
BottomS006068,17.3161,32.5565,2.733e-14,1.896e-14,6.587e-15,0.0002,-93.7,0
BottomS006070,17.3185,32.5667,5.808e-20,6.878e-20,7.247e-20,0.0003,-94.0,0
BottomS006072,17.4043,32.6492,2.882e-14,2.924e-14,2.123e-14,-0.0012,-93.59,1
BottomS006075,17.3176,32.5743,2.838e-18,5.471e-18,1.582e-17,0.0005,-94.26,0
BottomS006080,17.3339,32.5447,9.810e-19,1.446e-18,2.272e-18,-0.0002,-92.45,0
BottomS006083,17.3054,32.5651,2.757e-14,2.571e-14,1.607e-14,-0.0003,-93.99,1
BottomS006084,17.3128,32.5524,1.676e-18,3.039e-18,7.435e-18,-0.0003,-93.11,0
BottomS006085,17.3237,32.5784,3.812e-20,4.562e-20,4.593e-20,0.0003,-94.33,0
BottomS006086,17.3189,32.5881,2.569e-20,3.089e-20,3.214e-20,-0.0002,-94.28,0
BottomS006092,17.4333,32.5547,1.978e-19,1.999e-19,1.461e-19,0.0007,-92.72,0
BottomS006094,17.2799,32.5668,2.185e-20,2.858e-20,3.585e-20,-0.0004,-93.87,0
BottomS006095,17.3071,32.5631,9.776e-19,2.321e-18,9.836e-18,0.0001,-93.97,0
BottomS006098,17.2693,32.5612,9.871e-19,1.818e-18,4.517e-18,0.0001,-93.71,0
BottomS006103,17.3055,32.5218,2.435e-20,3.128e-20,3.762e-20,-0.0001,-92.11,0
BottomS006109,17.3885,32.4419,5.665e-14,4.178e-14,1.668e-14,0.0012,-91.77,0
BottomS006114,17.3212,32.5532,2.182e-19,2.184e-19,1.580e-19,-0.0002,-92.43,0
BottomS006118,17.3266,32.5859,7.549e-19,1.671e-18,6.351e-18,0.0004,-94.18,0
BottomS006119,17.3163,32.5502,2.679e-20,3.320e-20,3.726e-20,-0.0001,-92.5,0
BottomS006125,17.3047,32.5405,1.119e-19,1.212e-19,1.040e-19,-0.0007,-92.77,0
BottomS006130,17.3504,32.5689,1.134e-20,1.536e-20,2.006e-20,-0.0012,-93.13,0
BottomS006132,17.2908,32.4336,9.782e-20,1.019e-19,8.295e-20,0.0012,-91.89,0
BottomS006137,17.2826,32.4949,6.543e-20,7.136e-20,6.276e-20,-0.0004,-92.4,0
BottomS006145,17.3741,32.6745,8.179e-19,1.628e-18,4.918e-18,0.0,-94.26,0
BottomS006151,17.3353,32.5414,1.608e-19,1.664e-19,1.313e-19,-0.0007,-92.27,0
BottomS006158,17.2960,32.5705,4.307e-20,4.733e-20,3.973e-20,-0.0002,-93.87,0
BottomS006161,17.2910,32.5352,1.565e-18,1.351e-18,7.506e-19,-0.0002,-92.88,0
BottomS006162,17.2913,32.5574,5.222e-20,6.108e-20,6.298e-20,0.0,-93.68,0
BottomS006166,17.3138,32.5757,8.546e-19,1.507e-18,3.527e-18,0.0,-94.29,0
BottomS006168,17.3252,32.5399,2.105e-19,2.014e-19,1.363e-19,0.0,-92.17,0
BottomS006169,17.3403,32.5570,7.981e-19,7.012e-19,3.950e-19,-0.0001,-91.95,0
BottomS006170,17.3536,32.5432,2.326e-18,2.002e-18,1.098e-18,0.0004,-92.04,0
BottomS006171,17.2930,32.5822,2.550e-14,1.730e-14,5.801e-15,-0.0003,-94.44,0
BottomS006173,17.3362,32.5503,4.029e-19,3.864e-19,2.462e-19,-0.0008,-92.36,0
BottomS006174,17.3434,32.5320,1.214e-18,2.173e-18,5.205e-18,-0.0,-91.95,0
BottomS006178,17.3193,32.5679,3.812e-19,3.546e-19,2.277e-19,-0.0001,-94.04,0
BottomS006179,17.3155,32.5243,7.777e-19,1.296e-18,2.644e-18,0.0001,-92.07,0
BottomS006180,17.3260,32.5344,3.303e-20,4.103e-20,4.773e-20,0.0004,-92.27,0
BottomS006181,17.3021,32.5506,3.574e-19,3.456e-19,2.227e-19,-0.0003,-93.45,0
BottomS006184,17.2920,32.5535,1.788e-19,1.978e-19,1.770e-19,-0.0004,-93.42,0
BottomS006185,17.3039,32.5516,1.009e-17,8.073e-18,3.684e-18,0.0009,-93.55,1
BottomS006186,17.3420,32.5628,1.706e-18,3.339e-18,9.552e-18,-0.0007,-93.05,0
BottomS006188,17.2858,32.5647,1.677e-18,1.504e-18,8.642e-19,0.0002,-94.01,0
BottomS006189,17.3266,32.5815,6.389e-19,1.135e-18,2.589e-18,0.0002,-93.82,0
BottomS006190,17.3319,32.5768,1.890e-20,2.326e-20,2.492e-20,0.0005,-94.26,0
BottomS006191,17.3505,32.5712,8.175e-19,7.386e-19,4.354e-19,0.0005,-93.13,0
BottomS006192,17.3173,32.5239,1.411e-17,1.065e-17,4.345e-18,0.0004,-92.08,0
BottomS006194,17.3178,32.5536,9.779e-19,1.861e-18,5.325e-18,0.0001,-93.09,0
BottomS006195,17.2862,32.5761,1.604e-18,2.791e-18,6.394e-18,0.0001,-94.06,0
BottomS006196,17.3110,32.5680,7.260e-19,1.049e-18,1.635e-18,0.0003,-94.07,0
BottomS006197,17.3692,32.5271,1.067e-20,1.494e-20,2.204e-20,-0.0002,-92.08,0
BottomS006199,17.3103,32.5642,7.796e-18,6.290e-18,2.956e-18,0.0008,-93.79,0
BottomS006200,17.3045,32.5555,8.956e-19,1.401e-18,2.497e-18,-0.0001,-94.31,0
BottomS006201,17.3343,32.5484,1.624e-19,1.718e-19,1.380e-19,0.0003,-92.49,0
BottomS006202,17.3418,32.5501,2.769e-19,4.701e-19,1.036e-18,-0.0004,-92.42,0
BottomS006204,17.3307,32.5932,2.095e-19,2.172e-19,1.683e-19,-0.0001,-93.99,0
BottomS006207,17.3194,32.5399,6.578e-20,7.372e-20,6.651e-20,0.0008,-92.34,0
BottomS006209,17.3052,32.5286,2.426e-20,3.015e-20,3.299e-20,0.001,-92.1,0
BottomS006214,17.2848,32.5694,3.349e-18,2.837e-18,1.417e-18,-0.0001,-94.05,0
BottomS006216,17.3019,32.5211,2.446e-18,3.274e-18,4.276e-18,-0.0006,-92.53,0
BottomS006217,17.2847,32.5385,2.112e-18,3.233e-18,5.641e-18,0.0002,-93.22,0
BottomS006218,17.2779,32.5272,1.055e-18,1.591e-18,2.833e-18,0.0001,-92.55,0
BottomS006221,17.3328,32.5193,1.806e-18,1.545e-18,8.124e-19,-0.0005,-91.78,0
BottomS006223,17.3017,32.4974,6.374e-20,6.721e-20,5.337e-20,0.0001,-91.74,0
BottomS006228,17.3015,32.5632,2.332e-19,2.416e-19,1.824e-19,-0.0009,-93.99,0
BottomS006230,17.3181,32.5498,7.171e-14,5.588e-14,2.393e-14,-0.0003,-92.38,1
BottomS006231,17.3428,32.5484,2.341e-14,1.607e-14,5.335e-15,0.0008,-92.57,0
BottomS006234,17.3196,32.5655,6.169e-20,7.441e-20,7.633e-20,-0.0006,-94.09,0
BottomS006236,17.3357,32.6000,4.827e-19,4.565e-19,2.985e-19,0.0001,-94.36,0
BottomS006237,17.2967,32.5566,2.676e-17,2.047e-17,8.858e-18,-0.0006,-93.98,1
BottomS006238,17.3130,32.5833,9.714e-19,2.040e-18,6.745e-18,-0.0007,-94.48,0
BottomS006239,17.3427,32.5298,5.823e-19,5.309e-19,3.179e-19,0.0003,-91.95,0
BottomS006240,17.3015,32.5377,4.568e-20,5.371e-20,5.274e-20,-0.0006,-92.69,0
BottomS006241,17.3329,32.5725,4.742e-19,8.723e-19,2.200e-18,0.0001,-93.56,0
BottomS006243,17.3261,32.5380,1.047e-18,9.175e-19,5.062e-19,0.0,-91.96,0
BottomS006249,17.3086,32.5365,1.259e-20,1.685e-20,2.238e-20,0.0006,-92.47,0
BottomS006250,17.3090,32.5974,4.409e-18,3.499e-18,1.608e-18,-0.0007,-94.42,0
BottomS006251,17.2957,32.5479,1.213e-19,1.320e-19,1.144e-19,0.0003,-93.45,0
BottomS006252,17.3269,32.5460,6.607e-18,5.232e-18,2.313e-18,-0.0007,-92.61,0
BottomS006253,17.2940,32.5367,4.524e-20,5.056e-20,4.750e-20,0.0003,-92.66,0
BottomS006255,17.3418,32.5240,4.072e-20,4.863e-20,5.064e-20,0.0008,-91.96,0
BottomS006257,17.3081,32.5427,2.158e-18,1.873e-18,9.968e-19,0.0004,-92.15,0
BottomS006259,17.3244,32.5270,9.969e-19,1.931e-18,5.644e-18,-0.001,-92.02,0
BottomS006261,17.3345,32.5902,2.545e-18,2.184e-18,1.128e-18,-0.0003,-94.03,0
BottomS006263,17.3196,32.5174,1.153e-19,1.244e-19,1.070e-19,-0.0005,-91.86,0
BottomS006264,17.3210,32.5771,2.816e-18,3.797e-18,5.018e-18,-0.0008,-94.09,0
BottomS006265,17.3128,32.5425,7.323e-18,5.654e-18,2.421e-18,-0.0001,-92.55,1
BottomS006266,17.2959,32.5627,2.280e-17,1.617e-17,5.990e-18,-0.0011,-94.09,0
BottomS006268,17.2947,32.5298,2.203e-18,1.873e-18,9.703e-19,0.0002,-91.92,0
BottomS006269,17.3260,32.5278,1.927e-19,1.931e-19,1.384e-19,0.0005,-92.02,0
BottomS006270,17.3240,32.5438,3.254e-20,3.745e-20,3.686e-20,0.0,-92.38,0
BottomS006271,17.3368,32.5441,3.500e-19,3.465e-19,2.497e-19,0.0002,-92.39,0
BottomS006273,17.3261,32.5687,8.144e-19,1.388e-18,2.969e-18,0.0006,-93.65,0
BottomS006275,17.2827,32.5499,1.262e-18,1.086e-18,5.738e-19,0.0002,-93.75,0
BottomS006276,17.3288,32.5756,2.289e-18,4.210e-18,1.036e-17,-0.0007,-94.2,0
BottomS006278,17.3131,32.5871,4.623e-19,4.197e-19,2.555e-19,0.0002,-94.27,0
BottomS006279,17.2712,32.5562,3.031e-19,3.144e-19,2.488e-19,0.0005,-93.89,0
BottomS006283,17.3205,32.5779,4.189e-14,2.984e-14,1.104e-14,-0.0007,-94.07,0
BottomS006285,17.3027,32.5783,1.572e-18,1.387e-18,7.814e-19,-0.0008,-94.16,0
BottomS006287,17.2937,32.5461,2.419e-18,2.146e-18,1.160e-18,-0.0003,-93.34,0
BottomS006290,17.3677,32.5549,2.661e-18,2.251e-18,1.181e-18,0.0005,-92.47,0
BottomS006293,17.3357,32.5834,1.767e-20,2.182e-20,2.374e-20,-0.0004,-93.83,0
BottomS006295,17.3078,32.5842,1.499e-18,2.163e-18,3.340e-18,-0.0003,-94.33,0
BottomS006299,17.3353,32.5706,6.574e-19,6.139e-19,3.987e-19,0.0,-93.5,0
BottomS006301,17.3444,32.5408,6.930e-19,6.346e-19,3.894e-19,0.0001,-92.17,0
BottomS006302,17.3268,32.5577,8.126e-19,1.297e-18,2.512e-18,-0.0001,-93.02,0
BottomS006303,17.3478,32.5713,6.147e-14,4.474e-14,1.694e-14,0.0002,-93.17,0
BottomS006304,17.3147,32.5386,1.744e-18,3.298e-18,8.622e-18,0.0001,-91.91,0
BottomS006307,17.3288,32.5229,2.633e-14,1.777e-14,6.030e-15,-0.0002,-91.72,0
BottomS006308,17.3088,32.5007,6.362e-20,7.192e-20,6.588e-20,0.0008,-91.9,0
BottomS006312,17.3073,32.5591,2.882e-18,2.407e-18,1.200e-18,-0.0001,-93.82,0
BottomS006315,17.3103,32.5012,4.981e-19,4.996e-19,3.541e-19,0.0003,-91.88,0
BottomS006318,17.3141,32.5390,1.059e-18,9.844e-19,6.173e-19,0.0008,-92.48,0
BottomS006319,17.3253,32.5719,5.604e-15,8.222e-15,1.299e-14,0.0003,-93.79,0
BottomS006320,17.3350,32.5839,5.836e-19,5.361e-19,3.234e-19,0.0008,-93.72,0
BottomS006321,17.3290,32.5797,5.423e-19,5.103e-19,3.223e-19,0.0002,-93.96,0
BottomS006322,17.3292,32.5663,1.446e-18,1.285e-18,7.297e-19,0.0002,-93.44,0
BottomS006326,17.3007,32.5219,3.414e-17,2.571e-17,1.007e-17,-0.0004,-92.18,0
BottomS006329,17.3066,32.5326,9.957e-18,8.004e-18,3.580e-18,-0.0007,-92.4,1
BottomS006330,17.3264,32.5723,1.469e-20,1.865e-20,2.135e-20,-0.0006,-93.79,0
BottomS006331,17.3288,32.5800,1.891e-18,3.761e-18,1.132e-17,-0.0001,-94.17,0
BottomS006336,17.3361,32.5771,2.750e-14,1.898e-14,6.462e-15,0.0,-93.63,0
BottomS006338,17.3081,32.5410,4.076e-14,3.949e-14,2.654e-14,0.0001,-92.64,1
BottomS006341,17.3079,32.5372,2.671e-19,2.748e-19,2.170e-19,-0.0004,-92.52,0
BottomS006343,17.3288,32.5771,4.724e-19,8.801e-19,2.339e-18,-0.0002,-93.87,0
BottomS006345,17.3233,32.5800,2.581e-19,2.636e-19,1.962e-19,0.0,-94.14,0
BottomS006349,17.3022,32.5378,1.996e-14,1.354e-14,4.457e-15,-0.0003,-92.86,0
BottomS006350,17.3123,32.5382,5.490e-14,3.971e-14,1.561e-14,0.0005,-92.5,0
BottomS006351,17.3283,32.5783,8.418e-19,7.528e-19,4.336e-19,0.0004,-94.04,0
BottomS006353,17.3391,32.5784,1.677e-19,1.781e-19,1.477e-19,-0.0001,-93.85,0
BottomS006357,17.3023,32.5256,3.787e-19,3.381e-19,2.025e-19,0.0009,-92.47,0
BottomS006359,17.3071,32.5176,7.764e-19,7.145e-19,4.271e-19,0.0001,-92.35,0
BottomS006360,17.3336,32.5818,9.589e-20,1.004e-19,8.302e-20,-0.0002,-93.79,0
BottomS006361,17.3070,32.5305,1.134e-18,2.298e-18,7.363e-18,-0.0001,-92.3,0
BottomS006362,17.3290,32.5718,4.736e-19,7.691e-19,1.486e-18,0.0005,-93.81,0
BottomS006364,17.3057,32.5340,6.704e-19,6.070e-19,3.632e-19,-0.0004,-92.56,0
BottomS006365,17.3091,32.5283,1.549e-18,1.310e-18,6.836e-19,-0.0011,-92.25,0
BottomS006369,17.3103,32.5281,3.152e-20,3.789e-20,3.929e-20,-0.0003,-92.09,0
BottomS006370,17.3037,32.5320,2.286e-18,1.905e-18,9.443e-19,-0.0004,-92.5,0
BottomS006371,17.3063,32.5336,7.917e-20,8.697e-20,7.474e-20,0.0005,-92.47,0
BottomS006372,17.3278,32.5782,3.867e-19,3.700e-19,2.496e-19,-0.0,-93.82,0
BottomS006374,17.3022,32.5392,9.091e-18,6.891e-18,2.934e-18,0.0001,-92.76,1
BottomS006376,17.3326,32.5810,3.012e-18,2.626e-18,1.432e-18,-0.0003,-93.8,0
BottomS006379,17.3291,32.5847,8.176e-19,7.652e-19,4.963e-19,-0.0001,-94.08,0
BottomS006382,17.3048,32.5342,2.682e-19,2.916e-19,2.523e-19,-0.0003,-92.6,0
BottomS006385,17.3333,32.5884,1.111e-18,1.016e-18,6.186e-19,0.0001,-94.13,0
BottomS006386,17.3288,32.5731,9.799e-19,1.636e-18,3.552e-18,0.0001,-93.72,0
BottomS006388,17.3017,32.5282,2.333e-18,3.611e-18,6.486e-18,0.0001,-92.4,0
BottomS006389,17.3330,32.5821,7.265e-18,5.694e-18,2.591e-18,0.0002,-93.78,1
BottomS006390,17.3019,32.5384,4.805e-20,5.580e-20,5.457e-20,-0.0001,-92.9,0
BottomS006392,17.3030,32.5252,6.599e-17,4.601e-17,1.613e-17,-0.0004,-92.32,0
BottomS006394,17.3029,32.5273,8.771e-18,6.767e-18,2.962e-18,-0.001,-92.52,1
BottomS006395,17.3298,32.5898,1.538e-20,1.880e-20,2.082e-20,0.0003,-94.16,0
BottomS006396,17.3075,32.5324,6.475e-19,1.324e-18,4.259e-18,-0.0006,-92.27,0
BottomS006399,17.3361,32.5824,6.042e-20,6.748e-20,6.296e-20,0.0005,-93.8,0
BottomS006404,17.3085,32.5316,4.504e-14,3.173e-14,1.156e-14,-0.0008,-92.31,0
BottomS006405,17.2990,32.5262,1.199e-18,2.194e-18,5.686e-18,0.0,-92.53,0
BottomS006410,17.3058,32.5172,1.862e-18,1.572e-18,7.929e-19,-0.0002,-92.06,0
BottomS006411,17.3276,32.5831,2.062e-19,2.081e-19,1.505e-19,0.0006,-94.04,0
BottomS006413,17.3295,32.5856,5.335e-19,1.223e-18,4.885e-18,0.0002,-94.15,0
BottomS006415,17.3015,32.5285,4.859e-18,3.853e-18,1.745e-18,0.0007,-92.38,0
BottomS006417,17.3323,32.5885,1.718e-18,1.439e-18,7.380e-19,-0.0012,-93.92,0
BottomS006420,17.3000,32.5227,3.573e-19,3.422e-19,2.291e-19,-0.0001,-92.35,0
BottomS006423,17.3076,32.5270,4.782e-20,5.158e-20,4.399e-20,0.0005,-92.33,0
BottomS006424,17.3032,32.5206,5.015e-19,5.025e-19,3.788e-19,0.0007,-92.48,0
BottomS006425,17.3002,32.5250,6.471e-19,1.098e-18,2.391e-18,0.0012,-92.57,0
BottomS006426,17.3379,32.5867,1.037e-18,1.812e-18,4.307e-18,0.0001,-94.02,0
BottomS006427,17.3036,32.5147,3.870e-18,6.328e-18,1.223e-17,0.0003,-92.14,0
BottomS006429,17.2973,32.5144,1.965e-20,2.462e-20,2.874e-20,0.0003,-92.22,0
BottomS006432,17.3374,32.6028,1.191e-17,8.874e-18,3.498e-18,-0.0007,-94.22,0
BottomS006441,17.3416,32.5949,3.292e-18,2.708e-18,1.288e-18,-0.0001,-93.91,0
BottomS006443,17.2952,32.5169,2.780e-19,2.615e-19,1.701e-19,0.0001,-92.46,0
BottomS006445,17.3009,32.5223,3.367e-19,3.369e-19,2.418e-19,0.0003,-92.44,0
BottomS006446,17.2981,32.5190,1.702e-20,2.265e-20,2.900e-20,-0.0002,-92.37,0
BottomS006448,17.2992,32.5191,5.743e-19,5.559e-19,3.748e-19,0.0006,-92.44,0
BottomS006449,17.3371,32.5912,4.428e-19,4.165e-19,2.750e-19,-0.0001,-93.96,0
BottomS006450,17.3342,32.5959,7.256e-19,1.578e-18,5.747e-18,-0.0006,-94.25,0
BottomS006452,17.3407,32.5885,1.009e-17,8.124e-18,3.835e-18,-0.0005,-93.73,0
BottomS006453,17.3352,32.5920,2.069e-18,1.704e-18,8.194e-19,-0.0004,-93.99,0
BottomS006454,17.3363,32.5972,2.220e-18,4.010e-18,9.676e-18,0.0003,-94.07,0
BottomS006455,17.3421,32.6008,1.334e-18,2.403e-18,5.821e-18,0.0002,-93.97,0
BottomS006458,17.3372,32.5956,1.430e-18,2.873e-18,8.767e-18,0.0006,-94.17,0
BottomS006460,17.3389,32.5947,1.367e-18,1.322e-18,8.983e-19,0.0005,-93.99,0
BottomS006462,17.3015,32.5243,1.612e-18,2.645e-18,5.266e-18,0.0015,-92.43,0
BottomS006463,17.3445,32.6012,9.827e-20,1.064e-19,9.104e-20,-0.0,-93.95,0
BottomS006464,17.3418,32.5946,2.635e-19,4.209e-19,8.316e-19,-0.0004,-93.84,0
BottomS006465,17.3048,32.5222,1.266e-14,1.433e-14,1.377e-14,0.0002,-92.29,0
BottomS006466,17.3365,32.5862,5.016e-18,1.048e-17,3.627e-17,0.0001,-93.6,0
BottomS006467,17.3347,32.5926,8.236e-20,9.228e-20,8.408e-20,-0.0001,-93.97,0
BottomS006468,17.2922,32.5095,9.226e-19,1.552e-18,3.185e-18,-0.0,-92.39,0
BottomS006470,17.3405,32.5911,4.667e-19,4.577e-19,3.277e-19,0.0001,-93.93,0
BottomS006471,17.3402,32.5979,1.228e-18,1.075e-18,6.140e-19,0.0007,-93.97,0
BottomS006473,17.2988,32.5123,2.773e-18,2.328e-18,1.177e-18,0.0004,-92.42,0
BottomS006476,17.3452,32.5994,4.192e-19,7.349e-19,1.683e-18,-0.0005,-93.85,0
BottomS006478,17.2945,32.5064,1.909e-18,3.688e-18,1.007e-17,0.0001,-92.27,0
BottomS006480,17.3006,32.5141,2.702e-18,2.162e-18,1.004e-18,-0.0002,-92.23,0
BottomS006482,17.2906,32.5055,4.460e-19,4.386e-19,3.051e-19,0.001,-92.33,0
BottomS006484,17.2979,32.5099,1.191e-18,1.093e-18,6.616e-19,0.0003,-92.21,0
BottomS006485,17.3016,32.5142,3.640e-19,6.875e-19,1.832e-18,-0.0002,-92.18,0
BottomS006486,17.2911,32.5150,6.760e-19,6.542e-19,4.477e-19,-0.0007,-92.47,0
BottomS006487,17.3375,32.5968,5.341e-20,5.882e-20,5.231e-20,0.0001,-94.16,0
BottomS006488,17.3419,32.5946,6.011e-19,1.078e-18,2.737e-18,-0.0005,-93.92,0
BottomS006489,17.2931,32.5125,2.159e-18,3.390e-18,6.374e-18,0.0004,-92.34,0
BottomS006492,17.3399,32.5937,2.250e-19,2.152e-19,1.479e-19,-0.0005,-93.96,0
BottomS006493,17.3460,32.5977,5.005e-18,4.209e-18,2.220e-18,-0.0002,-93.89,0
BottomS006496,17.3385,32.5967,8.043e-18,6.505e-18,3.118e-18,0.0006,-93.97,0
BottomS006500,17.3477,32.6039,4.378e-19,4.283e-19,2.939e-19,-0.0005,-93.91,0
BottomS006501,17.3527,32.6050,5.426e-19,5.049e-19,3.110e-19,0.0001,-94.03,0
BottomS006502,17.2919,32.5008,1.535e-19,1.634e-19,1.318e-19,0.0014,-92.42,0
BottomS006503,17.2871,32.5035,1.335e-20,1.689e-20,1.972e-20,0.0001,-92.25,0
BottomS006505,17.3428,32.5990,1.538e-19,1.651e-19,1.336e-19,0.0011,-94.04,0
BottomS006507,17.2934,32.4984,1.840e-14,1.245e-14,4.159e-15,-0.0001,-92.18,0
BottomS006510,17.2981,32.5097,4.977e-19,4.879e-19,3.379e-19,0.0002,-92.32,0
BottomS006511,17.2915,32.5007,2.736e-19,2.769e-19,2.096e-19,-0.0001,-92.19,0
BottomS006512,17.3519,32.6110,1.170e-20,1.547e-20,1.958e-20,0.001,-93.93,0
BottomS006514,17.3452,32.6172,9.278e-20,1.009e-19,8.662e-20,0.0,-94.0,0
BottomS006515,17.3457,32.6077,5.336e-19,4.984e-19,3.230e-19,-0.0004,-93.8,0
BottomS006517,17.3511,32.6083,5.233e-19,4.930e-19,3.146e-19,-0.0002,-93.97,0
BottomS006519,17.2884,32.4920,1.096e-18,1.019e-18,6.486e-19,0.0007,-92.12,0
BottomS006528,17.2879,32.4942,4.699e-14,3.392e-14,1.248e-14,0.0005,-92.3,0
BottomS006533,17.3459,32.6076,2.818e-18,2.342e-18,1.188e-18,0.0002,-93.96,0
BottomS006534,17.3506,32.6069,7.942e-14,5.834e-14,2.296e-14,-0.0006,-93.99,0
BottomS006536,17.3176,32.5547,1.690e-18,1.506e-18,8.645e-19,0.0001,-97.21,0
BottomS006537,17.3542,32.6141,8.453e-16,5.534e-16,1.784e-16,-0.0002,-93.95,0
BottomS006538,17.2836,32.4941,1.240e-19,1.355e-19,1.157e-19,-0.0004,-92.37,0
BottomS006539,17.2845,32.4902,3.110e-20,3.759e-20,4.025e-20,0.0001,-92.15,0
BottomS006540,17.3461,32.6191,1.057e-18,2.229e-18,7.569e-18,-0.0004,-94.25,0
BottomS006541,17.3467,32.6243,1.900e-17,1.475e-17,6.400e-18,-0.0,-94.29,1
BottomS006542,17.3413,32.6231,9.339e-15,6.014e-15,1.837e-15,0.0003,-94.22,0
BottomS006543,17.3438,32.6331,5.291e-18,4.303e-18,2.036e-18,-0.0006,-94.37,0
BottomS006544,17.3354,32.6249,5.888e-19,5.262e-19,3.002e-19,-0.0003,-94.24,0
BottomS006545,17.3374,32.6323,1.301e-16,9.385e-17,3.583e-17,0.0008,-94.35,0
BottomS006546,17.3363,32.6353,2.450e-17,1.895e-17,8.200e-18,0.0001,-94.22,1
BottomS006547,17.3319,32.6375,1.528e-18,1.297e-18,7.028e-19,0.0002,-94.49,0
BottomS006548,17.3057,32.4720,1.920e-17,1.485e-17,6.225e-18,0.0005,-91.99,1
BottomS006549,17.3097,32.4702,9.951e-19,1.833e-18,4.706e-18,0.0001,-91.71,0
BottomS006550,17.3218,32.6383,6.054e-19,1.211e-18,3.585e-18,-0.0003,-94.76,0
BottomS006551,17.3195,32.6398,6.216e-14,4.581e-14,1.806e-14,0.0003,-94.68,0
BottomS006552,17.3209,32.6404,1.865e-17,1.399e-17,5.777e-18,0.0009,-94.51,1
BottomS006553,17.3218,32.4632,1.736e-17,1.352e-17,5.799e-18,0.0006,-91.78,1
BottomS006554,17.3084,32.6415,3.504e-17,2.584e-17,1.022e-17,-0.0004,-94.54,0
BottomS006555,17.3089,32.6450,8.717e-19,8.188e-19,5.350e-19,0.0001,-94.5,0
BottomS006556,17.3293,32.4644,1.611e-19,1.641e-19,1.278e-19,0.0001,-91.73,0
BottomS006557,17.3347,32.4705,2.355e-17,1.825e-17,7.615e-18,0.0004,-91.88,1
BottomS006558,17.3008,32.6407,2.296e-17,1.755e-17,7.071e-18,0.0001,-94.7,0
BottomS006559,17.3361,32.4662,6.109e-18,4.927e-18,2.313e-18,-0.0003,-91.73,0
BottomS006560,17.2912,32.6374,6.900e-18,5.664e-18,2.705e-18,-0.0007,-94.66,0
BottomS006561,17.2876,32.6354,7.690e-19,6.624e-19,3.595e-19,-0.0008,-94.38,0
BottomS006562,17.3475,32.4767,2.042e-17,1.600e-17,7.109e-18,-0.0002,-91.88,1
BottomS006563,17.2869,32.6327,1.257e-18,1.120e-18,6.112e-19,-0.0006,-94.49,0
BottomS006564,17.3597,32.4752,4.894e-18,4.087e-18,2.103e-18,-0.0004,-91.78,0
BottomS006565,17.2802,32.6286,3.691e-18,3.055e-18,1.495e-18,0.0001,-94.55,0
BottomS006566,17.2729,32.6276,2.777e-18,2.305e-18,1.147e-18,-0.0001,-94.44,0
BottomS006567,17.2703,32.6209,4.904e-14,4.162e-14,2.143e-14,0.0005,-94.35,1
BottomS006568,17.2625,32.6242,5.511e-17,3.960e-17,1.523e-17,0.0005,-94.47,0
BottomS006569,17.3752,32.4886,7.418e-19,7.055e-19,4.719e-19,-0.0005,-92.15,0
BottomS006570,17.2572,32.6150,2.261e-17,1.664e-17,6.592e-18,0.0005,-94.35,0
BottomS006571,17.3783,32.4987,1.405e-18,1.259e-18,7.403e-19,0.0001,-91.91,0
BottomS006572,17.3822,32.5008,8.281e-14,7.340e-14,4.170e-14,-0.0007,-91.82,1
BottomS006573,17.3801,32.5104,1.512e-18,2.462e-18,4.907e-18,-0.0009,-92.14,0
BottomS006574,17.2440,32.6033,4.085e-16,2.729e-16,8.852e-17,-0.0,-94.2,0
BottomS006575,17.2439,32.5971,2.606e-18,2.291e-18,1.258e-18,0.0001,-94.25,0
BottomS006576,17.2488,32.5861,3.133e-17,2.212e-17,8.015e-18,-0.0003,-94.15,0
BottomS006577,17.3879,32.5304,1.629e-15,1.074e-15,3.291e-16,-0.0012,-92.39,0
BottomS006578,17.3979,32.5246,1.911e-18,3.409e-18,7.829e-18,0.0001,-92.22,0
BottomS006579,17.2357,32.5774,2.101e-17,1.635e-17,7.016e-18,0.001,-94.0,1
BottomS006580,17.4001,32.5384,3.005e-17,2.256e-17,9.322e-18,-0.0001,-92.51,1
BottomS006581,17.3997,32.5449,2.766e-17,2.171e-17,9.729e-18,0.0005,-92.7,0
BottomS006582,17.2360,32.5575,6.808e-16,4.536e-16,1.516e-16,-0.0009,-93.64,0
BottomS006583,17.4019,32.5532,3.401e-17,2.484e-17,9.719e-18,-0.0001,-92.7,0
BottomS006584,17.4028,32.5618,3.417e-18,2.767e-18,1.275e-18,-0.0002,-92.6,0
BottomS006586,17.4025,32.5708,8.497e-20,9.445e-20,8.182e-20,0.0004,-92.67,0
BottomS006587,17.2307,32.5350,6.554e-18,5.286e-18,2.510e-18,-0.0004,-93.44,0
BottomS006588,17.2336,32.5278,8.885e-18,7.104e-18,3.320e-18,0.0005,-93.25,0
BottomS006589,17.2283,32.5147,2.117e-18,1.729e-18,8.334e-19,0.0001,-93.29,0
BottomS006590,17.2354,32.5087,4.451e-19,7.099e-19,1.340e-18,0.0003,-93.19,0
BottomS006591,17.4022,32.6016,1.141e-16,7.921e-17,2.798e-17,0.0001,-93.27,0
BottomS006592,17.2322,32.4975,1.091e-17,8.313e-18,3.444e-18,-0.0006,-92.76,0
BottomS006593,17.2408,32.5027,1.791e-17,1.331e-17,5.277e-18,0.0005,-93.18,0
BottomS006594,17.3966,32.6171,1.241e-18,1.100e-18,6.397e-19,-0.0005,-93.55,0
BottomS006595,17.2347,32.4851,3.682e-17,2.713e-17,1.040e-17,0.0006,-92.76,0
BottomS006596,17.2372,32.4786,1.059e-17,8.656e-18,4.104e-18,0.0005,-92.78,0
BottomS006597,17.3938,32.6357,5.666e-14,4.829e-14,2.643e-14,-0.0004,-93.77,1
BottomS006598,17.2467,32.4726,2.417e-17,1.756e-17,6.828e-18,0.0007,-92.48,0
BottomS006599,17.3886,32.6420,7.109e-18,5.601e-18,2.513e-18,-0.0003,-93.51,1
BottomS006600,17.2474,32.4601,7.959e-18,6.685e-18,3.349e-18,0.0003,-92.35,0
BottomS006601,17.3768,32.6410,2.920e-17,2.252e-17,9.599e-18,-0.0007,-93.79,1
BottomS006602,17.3852,32.6665,4.770e-14,3.702e-14,1.626e-14,-0.0007,-93.92,1
BottomS006603,17.3752,32.6578,1.712e-17,1.393e-17,6.578e-18,-0.0003,-94.02,0
BottomS006604,17.2632,32.4480,6.302e-18,5.335e-18,2.830e-18,0.0008,-92.19,0
BottomS006605,17.3670,32.6631,1.595e-17,1.256e-17,5.531e-18,0.0001,-94.17,1
BottomS006606,17.2697,32.4420,1.104e-18,1.031e-18,6.494e-19,-0.0004,-92.22,0
BottomS006607,17.3587,32.6688,3.352e-18,2.820e-18,1.453e-18,-0.0008,-94.27,0
BottomS006608,17.2769,32.4334,9.134e-17,6.530e-17,2.445e-17,0.0002,-92.06,0
BottomS006609,17.3571,32.6809,7.064e-17,5.124e-17,1.997e-17,0.0006,-94.37,0
BottomS006610,17.3548,32.6880,1.931e-17,1.489e-17,6.277e-18,0.0013,-94.46,1
BottomS006611,17.3434,32.6792,5.711e-18,7.564e-18,9.551e-18,0.0002,-94.3,0
BottomS006612,17.3439,32.6890,5.604e-14,4.285e-14,1.821e-14,0.0002,-94.33,1
BottomS006613,17.3418,32.6903,7.200e-19,1.263e-18,2.955e-18,0.0009,-94.4,0
BottomS006614,17.3303,32.6849,1.279e-18,1.140e-18,6.322e-19,0.0003,-94.7,0
BottomS006615,17.3299,32.6928,1.274e-18,2.287e-18,5.552e-18,0.0006,-94.46,0
BottomS006616,17.3246,32.6879,7.256e-20,8.057e-20,7.482e-20,-0.0001,-94.43,0
BottomS006617,17.3162,32.4175,1.029e-18,1.971e-18,5.405e-18,-0.0001,-91.75,0
BottomS006619,17.3088,32.6876,2.665e-17,1.953e-17,7.578e-18,0.0012,-94.79,0
BottomS006620,17.3264,32.4203,2.328e-18,2.060e-18,1.130e-18,0.0008,-91.73,0
BottomS006621,17.2991,32.6835,1.073e-17,8.266e-18,3.621e-18,-0.0002,-94.71,0
BottomS006622,17.3383,32.4187,5.956e-19,5.831e-19,4.111e-19,-0.0004,-91.71,0
BottomS006623,17.2920,32.6819,1.876e-20,2.388e-20,2.837e-20,0.0007,-94.83,0
BottomS006624,17.3527,32.4326,2.136e-18,1.799e-18,9.052e-19,0.0008,-91.84,0
BottomS006625,17.3560,32.4289,2.561e-17,1.885e-17,7.737e-18,0.0003,-91.68,0
BottomS006626,17.2730,32.6789,3.687e-19,3.483e-19,2.149e-19,0.0003,-94.66,0
BottomS006627,17.3596,32.4334,1.968e-14,2.505e-14,2.948e-14,-0.0009,-91.75,0
BottomS006628,17.2607,32.6702,1.299e-18,1.161e-18,6.638e-19,0.0004,-94.6,0
BottomS006629,17.2701,32.6629,3.942e-17,2.981e-17,1.238e-17,-0.0002,-94.57,0
BottomS006630,17.2555,32.6662,3.827e-19,3.878e-19,2.845e-19,-0.0004,-94.47,0
BottomS006631,17.2519,32.6586,2.017e-17,1.561e-17,6.953e-18,0.0002,-94.58,0
BottomS006632,17.3854,32.4580,3.438e-14,2.424e-14,8.662e-15,-0.0004,-91.86,0
BottomS006633,17.2387,32.6556,1.114e-19,1.229e-19,1.081e-19,-0.0001,-94.52,0
BottomS006634,17.2379,32.6465,3.823e-17,2.863e-17,1.133e-17,0.0002,-94.45,0
BottomS006635,17.4009,32.4688,1.412e-16,9.721e-17,3.339e-17,-0.0005,-91.82,0
BottomS006636,17.4073,32.4717,1.388e-17,1.101e-17,4.883e-18,0.001,-91.92,1
BottomS006637,17.4078,32.4790,1.189e-18,1.854e-18,3.414e-18,0.0,-91.96,0
BottomS006638,17.2289,32.6189,1.110e-17,8.850e-18,4.041e-18,-0.0003,-94.18,1
BottomS006639,17.4102,32.4962,3.404e-18,2.781e-18,1.302e-18,-0.001,-92.15,0
BottomS006640,17.2148,32.6136,7.041e-14,5.944e-14,3.128e-14,-0.0002,-94.26,1
BottomS006642,17.4241,32.5072,7.045e-19,6.312e-19,3.752e-19,-0.0003,-92.15,0
BottomS006643,17.2107,32.5941,2.015e-17,1.539e-17,6.482e-18,0.0002,-94.06,1
BottomS006644,17.2127,32.5863,5.242e-19,9.306e-19,2.224e-18,-0.0,-94.01,0
BottomS006645,17.2134,32.5733,2.306e-18,1.959e-18,9.721e-19,-0.0003,-93.97,0
BottomS006646,17.4249,32.5460,3.674e-14,2.602e-14,9.612e-15,0.0003,-92.65,0
BottomS006647,17.4322,32.5516,6.552e-14,5.759e-14,3.310e-14,0.0003,-92.6,1
BottomS006648,17.4246,32.5595,3.286e-16,2.267e-16,7.818e-17,0.0,-92.84,0
BottomS006649,17.1966,32.5464,2.437e-17,1.843e-17,7.617e-18,-0.0002,-93.49,0
BottomS006650,17.2038,32.5378,8.589e-19,1.533e-18,3.591e-18,-0.0006,-93.42,0
BottomS006651,17.4309,32.5798,4.766e-17,3.541e-17,1.412e-17,0.0005,-93.15,0
BottomS006652,17.4350,32.5965,4.123e-17,3.038e-17,1.241e-17,0.0002,-93.07,0
BottomS006653,17.2017,32.5206,8.457e-18,6.895e-18,3.258e-18,-0.0001,-93.38,0
BottomS006654,17.4272,32.6009,8.991e-18,7.149e-18,3.294e-18,0.0003,-93.1,0
BottomS006655,17.2020,32.5017,7.171e-17,5.179e-17,1.863e-17,-0.0001,-93.12,1
BottomS006656,17.2059,32.4937,1.394e-17,1.052e-17,4.371e-18,-0.0002,-93.1,1
BottomS006657,17.2063,32.4799,8.428e-18,6.698e-18,3.104e-18,0.0003,-93.04,0
BottomS006658,17.4351,32.6342,9.453e-20,1.002e-19,8.089e-20,0.0003,-93.44,0
BottomS006659,17.2159,32.4783,2.218e-16,1.516e-16,5.295e-17,0.0003,-93.07,0
BottomS006660,17.2194,32.4713,6.313e-17,4.593e-17,1.770e-17,0.0003,-92.81,0
BottomS006661,17.4210,32.6524,1.202e-17,9.139e-18,3.924e-18,-0.0005,-93.51,1
BottomS006662,17.2182,32.4521,8.414e-17,6.220e-17,2.396e-17,0.0001,-92.62,0
BottomS006663,17.2229,32.4458,1.909e-16,1.312e-16,4.488e-17,-0.0002,-92.51,0
BottomS006664,17.2229,32.4352,4.288e-17,3.123e-17,1.182e-17,-0.0,-92.5,0
BottomS006665,17.4047,32.6746,4.639e-17,3.279e-17,1.241e-17,-0.0002,-93.73,0
BottomS006666,17.4051,32.6847,2.630e-19,2.627e-19,1.974e-19,0.0007,-94.08,0
BottomS006667,17.3931,32.6776,8.582e-19,1.512e-18,3.503e-18,-0.0009,-94.11,0
BottomS006668,17.3881,32.6795,2.286e-14,2.139e-14,1.373e-14,-0.0008,-94.12,1
BottomS006669,17.2426,32.4087,5.466e-19,1.023e-18,2.600e-18,-0.0005,-92.16,0
BottomS006670,17.3909,32.7129,1.367e-18,2.476e-18,6.050e-18,0.0001,-93.97,0
BottomS006671,17.2616,32.4177,4.439e-19,7.096e-19,1.407e-18,0.0011,-92.08,0
BottomS006672,17.2627,32.4081,2.622e-19,2.766e-19,2.204e-19,0.0002,-92.13,0
BottomS006673,17.2680,32.4030,7.069e-19,6.817e-19,4.398e-19,-0.0004,-91.9,0
BottomS006674,17.3699,32.7223,6.654e-19,6.046e-19,3.687e-19,0.0,-94.36,0
BottomS006675,17.3599,32.7138,2.930e-19,2.994e-19,2.231e-19,0.0004,-94.46,0
BottomS006676,17.3560,32.7232,1.702e-18,2.637e-18,4.869e-18,0.0001,-94.47,0
BottomS006677,17.2876,32.3908,4.732e-18,4.006e-18,2.084e-18,-0.0004,-91.83,0
BottomS006678,17.3424,32.7270,5.286e-18,4.442e-18,2.256e-18,0.0002,-94.51,0
BottomS006679,17.2977,32.3856,9.371e-18,7.255e-18,3.118e-18,-0.0003,-91.55,0
BottomS006680,17.3074,32.3820,3.008e-17,2.248e-17,9.202e-18,-0.0001,-91.62,0
BottomS006681,17.3290,32.7317,2.355e-17,1.687e-17,6.484e-18,-0.0005,-94.72,0
BottomS006682,17.3166,32.3828,9.207e-18,7.390e-18,3.411e-18,0.0001,-91.76,0
BottomS006683,17.3204,32.3814,1.028e-16,7.272e-17,2.723e-17,-0.0005,-91.63,0
BottomS006684,17.3218,32.3795,1.601e-17,1.220e-17,5.138e-18,0.0003,-91.55,1
BottomS006685,17.3406,32.3745,4.078e-14,2.940e-14,1.091e-14,0.001,-91.42,0
BottomS006686,17.3399,32.3825,1.189e-16,8.396e-17,3.064e-17,0.0005,-91.74,0
BottomS006687,17.3476,32.3917,1.539e-18,2.734e-18,6.425e-18,0.0001,-91.63,0
BottomS006688,17.3474,32.3988,2.930e-19,3.110e-19,2.435e-19,0.0018,-91.58,0
BottomS006689,17.2792,32.7118,1.046e-19,1.118e-19,9.048e-20,0.0007,-94.61,0
BottomS006690,17.2719,32.7195,3.343e-17,2.530e-17,1.067e-17,-0.0,-94.56,0
BottomS006692,17.2591,32.7075,4.164e-14,3.786e-14,2.308e-14,0.0001,-94.57,1
BottomS006693,17.3854,32.4075,5.201e-19,9.898e-19,2.764e-18,0.0002,-91.9,0
BottomS006694,17.3789,32.4230,1.818e-17,1.417e-17,6.166e-18,-0.0005,-91.83,1
BottomS006695,17.3850,32.4295,1.231e-17,9.779e-18,4.602e-18,-0.0005,-91.64,0
BottomS006696,17.2287,32.6923,9.550e-20,1.097e-19,1.039e-19,0.0005,-94.67,0
BottomS006697,17.4032,32.4297,3.099e-14,2.420e-14,1.084e-14,0.0005,-91.63,1
BottomS006698,17.4067,32.4353,6.975e-17,5.006e-17,1.889e-17,0.001,-91.87,0
BottomS006699,17.2160,32.6711,3.840e-18,3.357e-18,1.822e-18,0.0001,-94.29,0
BottomS006700,17.2186,32.6568,3.040e-17,2.257e-17,9.030e-18,-0.0005,-94.52,0
BottomS006701,17.2085,32.6557,2.420e-18,4.807e-18,1.459e-17,0.0007,-94.33,0
BottomS006703,17.2923,32.4904,8.650e-19,8.402e-19,5.620e-19,-0.0008,-92.28,0
BottomS006704,17.3437,32.6302,6.481e-14,5.019e-14,2.135e-14,0.0001,-94.26,1
BottomS006705,17.3377,32.6251,1.741e-19,1.854e-19,1.494e-19,0.0004,-94.27,0
BottomS006706,17.3333,32.6162,5.215e-19,9.857e-19,2.644e-18,-0.0004,-94.43,0
BottomS006707,17.3495,32.6490,4.308e-17,3.112e-17,1.172e-17,-0.0005,-94.16,0
BottomS006708,17.3326,32.6269,4.124e-19,3.933e-19,2.682e-19,-0.0003,-94.38,0
BottomS006710,17.3340,32.6372,9.807e-19,8.577e-19,4.766e-19,0.0006,-94.4,0
BottomS006711,17.3332,32.6382,5.568e-19,9.499e-19,2.036e-18,-0.0004,-94.23,0
BottomS006712,17.3308,32.6401,6.508e-20,6.993e-20,5.887e-20,-0.0008,-94.43,0
BottomS006713,17.3093,32.4750,9.610e-18,7.582e-18,3.414e-18,0.0003,-91.89,1
BottomS006714,17.3115,32.4737,1.824e-20,2.305e-20,2.800e-20,0.0006,-91.78,0
BottomS006715,17.3192,32.6342,5.191e-19,4.875e-19,2.979e-19,-0.0002,-94.43,0
BottomS006716,17.3195,32.6445,2.550e-18,2.209e-18,1.172e-18,-0.0003,-94.56,0
BottomS006717,17.3187,32.4674,1.570e-18,1.352e-18,7.433e-19,-0.0008,-91.7,0
BottomS006718,17.3248,32.4755,9.498e-18,7.637e-18,3.441e-18,0.0,-91.95,1
BottomS006719,17.3261,32.4660,1.389e-19,1.471e-19,1.198e-19,0.0008,-91.7,0
BottomS006721,17.3267,32.4765,1.726e-17,1.352e-17,6.006e-18,0.0001,-91.67,1
BottomS006722,17.3352,32.4755,3.404e-19,3.419e-19,2.446e-19,-0.0002,-91.72,0
BottomS006724,17.2972,32.6488,5.642e-18,4.604e-18,2.142e-18,0.001,-94.56,0
BottomS006725,17.3041,32.6288,2.188e-19,2.231e-19,1.664e-19,-0.0003,-94.52,0
BottomS006727,17.3423,32.4706,4.422e-17,3.142e-17,1.140e-17,0.0006,-91.75,0
BottomS006729,17.3521,32.4725,1.590e-18,2.365e-18,3.896e-18,0.0001,-91.79,0
BottomS006730,17.2969,32.6283,3.466e-19,3.366e-19,2.267e-19,-0.0003,-94.45,0
BottomS006731,17.3434,32.4841,2.783e-14,1.988e-14,7.186e-15,0.0,-92.0,0
BottomS006732,17.2896,32.6300,1.247e-18,1.079e-18,5.804e-19,0.0004,-94.55,0
BottomS006733,17.2796,32.6336,7.020e-20,7.766e-20,6.858e-20,-0.0003,-94.39,0
BottomS006735,17.3591,32.4808,1.382e-18,2.651e-18,7.203e-18,-0.0,-91.97,0
BottomS006736,17.3696,32.4818,1.180e-17,8.836e-18,3.579e-18,0.0001,-91.93,0
BottomS006737,17.3642,32.4928,4.814e-14,3.497e-14,1.316e-14,0.0003,-92.05,0
BottomS006738,17.3714,32.4877,1.279e-20,1.692e-20,2.175e-20,-0.0005,-91.9,0
BottomS006739,17.2638,32.6233,7.518e-19,6.775e-19,3.957e-19,-0.0002,-94.31,0
BottomS006740,17.3724,32.4939,2.139e-18,1.898e-18,1.073e-18,-0.0003,-92.01,0
BottomS006741,17.3660,32.5033,4.632e-18,3.888e-18,1.949e-18,-0.0002,-91.91,0
BottomS006742,17.3811,32.4970,5.947e-18,1.059e-17,2.503e-17,-0.0006,-91.93,0
BottomS006743,17.3773,32.5061,1.729e-18,1.441e-18,7.179e-19,-0.0002,-92.09,0
BottomS006745,17.2563,32.5973,5.867e-18,4.579e-18,1.959e-18,0.0004,-94.21,0
BottomS006746,17.2536,32.5990,7.314e-17,5.336e-17,2.103e-17,0.0011,-94.3,0
BottomS006747,17.3852,32.5146,1.969e-19,2.105e-19,1.731e-19,0.0004,-92.21,0
BottomS006748,17.2558,32.5798,7.874e-19,1.234e-18,2.270e-18,-0.001,-93.98,0
BottomS006749,17.3890,32.5235,2.357e-19,2.407e-19,1.793e-19,0.0002,-92.22,0
BottomS006750,17.2442,32.5829,8.277e-18,6.211e-18,2.591e-18,-0.0004,-94.07,1
BottomS006751,17.3902,32.5299,6.648e-19,6.141e-19,3.798e-19,0.0005,-92.14,0
BottomS006752,17.2414,32.5804,1.727e-18,3.522e-18,1.150e-17,0.0006,-93.92,0
BottomS006753,17.3982,32.5322,4.016e-19,3.905e-19,2.658e-19,0.0002,-92.46,0
BottomS006754,17.3870,32.5373,6.316e-20,7.200e-20,6.902e-20,0.0008,-92.36,0
BottomS006755,17.3956,32.5442,8.761e-20,9.971e-20,9.057e-20,-0.0005,-92.57,0
BottomS006756,17.4010,32.5608,1.280e-18,1.821e-18,2.690e-18,0.0001,-92.66,0
BottomS006757,17.2395,32.5602,2.005e-17,1.480e-17,5.806e-18,0.0005,-93.82,0
BottomS006758,17.4009,32.5562,5.094e-18,4.060e-18,1.904e-18,0.0005,-92.47,0
BottomS006759,17.2368,32.5506,1.165e-19,1.212e-19,9.680e-20,0.0007,-93.66,0
BottomS006760,17.2411,32.5401,5.931e-19,1.045e-18,2.510e-18,-0.0002,-93.41,0
BottomS006761,17.2283,32.5582,1.514e-14,1.035e-14,3.438e-15,-0.0005,-93.61,0
BottomS006762,17.2367,32.5445,5.758e-19,1.256e-18,4.599e-18,0.0002,-93.41,0
BottomS006763,17.2411,32.5379,4.674e-18,3.702e-18,1.732e-18,0.0002,-93.44,0
BottomS006765,17.4013,32.5729,2.073e-17,1.537e-17,6.014e-18,-0.0014,-92.7,0
BottomS006766,17.2467,32.5192,2.343e-18,2.108e-18,1.183e-18,0.0005,-93.31,0
BottomS006767,17.2380,32.5107,9.252e-19,8.436e-19,4.970e-19,-0.0,-93.32,0
BottomS006768,17.2273,32.5050,5.585e-18,4.497e-18,2.116e-18,-0.0004,-93.06,0
BottomS006769,17.3973,32.6064,1.259e-18,2.814e-18,1.062e-17,0.001,-93.34,0
BottomS006770,17.3900,32.6065,3.516e-20,3.923e-20,3.615e-20,0.0012,-93.49,0
BottomS006771,17.3973,32.6117,9.824e-20,9.922e-20,7.302e-20,-0.0001,-93.48,0
BottomS006772,17.2469,32.5053,5.756e-14,4.594e-14,2.089e-14,0.0005,-92.92,1
BottomS006773,17.3949,32.6264,5.378e-18,4.543e-18,2.306e-18,0.0002,-93.47,0
BottomS006774,17.2475,32.4964,1.678e-18,4.164e-18,2.002e-17,0.0005,-92.9,0
BottomS006775,17.2364,32.4689,5.016e-18,7.546e-18,1.259e-17,-0.0001,-92.42,0
BottomS006776,17.3803,32.6142,3.704e-17,2.775e-17,1.080e-17,0.0008,-93.63,0
BottomS006778,17.2527,32.4835,4.738e-18,4.098e-18,2.191e-18,-0.0,-92.71,0
BottomS006779,17.3887,32.6400,4.589e-17,3.367e-17,1.282e-17,-0.0003,-93.72,0
BottomS006781,17.3909,32.6572,8.103e-19,1.568e-18,4.517e-18,0.0007,-93.87,0
BottomS006782,17.3806,32.6493,1.205e-17,9.683e-18,4.582e-18,0.0004,-93.92,0
BottomS006783,17.3763,32.6482,5.770e-18,4.545e-18,2.049e-18,0.0014,-94.2,0
BottomS006787,17.2770,32.4647,6.834e-20,7.653e-20,6.758e-20,0.0,-91.88,0
BottomS006789,17.2712,32.4419,2.232e-17,1.701e-17,7.010e-18,0.0007,-91.84,1
BottomS006790,17.2681,32.4309,3.133e-19,3.063e-19,2.091e-19,0.0003,-92.03,0
BottomS006792,17.2884,32.4456,9.735e-19,1.645e-18,3.572e-18,0.0002,-91.9,0
BottomS006793,17.2759,32.4172,1.662e-19,1.742e-19,1.343e-19,0.0001,-92.16,0
BottomS006794,17.2804,32.4248,3.035e-14,2.116e-14,7.600e-15,-0.0005,-91.85,0
BottomS006795,17.2830,32.4078,1.498e-20,1.860e-20,2.073e-20,0.0003,-91.9,0
BottomS006796,17.3370,32.6791,7.043e-18,1.085e-17,1.845e-17,0.0004,-94.44,0
BottomS006798,17.3356,32.6976,5.749e-17,3.992e-17,1.389e-17,-0.0004,-94.38,0
BottomS006799,17.3304,32.6893,3.587e-17,2.536e-17,9.278e-18,0.0001,-94.39,0
BottomS006801,17.3274,32.6883,3.586e-18,3.028e-18,1.563e-18,-0.0,-94.65,0
BottomS006802,17.3192,32.6797,9.651e-18,7.428e-18,3.282e-18,0.0004,-94.52,1
BottomS006803,17.3142,32.6729,1.760e-14,1.285e-14,4.770e-15,0.0006,-94.52,0
BottomS006804,17.3194,32.6940,7.752e-18,5.817e-18,2.472e-18,-0.0,-94.53,0
BottomS006805,17.3157,32.6755,2.128e-17,1.535e-17,5.610e-18,0.0,-94.68,0
BottomS006807,17.3018,32.6889,5.026e-20,5.805e-20,5.734e-20,0.0002,-94.5,0
BottomS006808,17.3018,32.6900,6.088e-20,7.028e-20,6.793e-20,-0.0003,-94.66,0
BottomS006809,17.3363,32.4332,9.418e-18,1.909e-17,5.933e-17,-0.0001,-91.53,0
BottomS006811,17.3500,32.4236,4.455e-20,5.330e-20,5.525e-20,-0.0,-91.71,0
BottomS006812,17.2856,32.6851,2.132e-16,4.873e-16,1.993e-15,-0.0003,-94.74,0
BottomS006813,17.3478,32.4218,8.272e-19,1.474e-18,3.609e-18,0.0013,-91.8,0
BottomS006818,17.2667,32.6612,5.659e-15,3.676e-15,1.120e-15,-0.0004,-94.58,0
BottomS006821,17.2554,32.6611,1.100e-18,2.025e-18,4.983e-18,-0.0003,-94.5,0
BottomS006822,17.3866,32.4462,2.339e-18,4.652e-18,1.338e-17,-0.0002,-91.57,0
BottomS006824,17.2359,32.6651,5.397e-18,4.374e-18,2.054e-18,-0.0002,-94.29,0
BottomS006825,17.3818,32.4712,1.817e-20,2.188e-20,2.297e-20,0.0002,-92.07,0
BottomS006826,17.2397,32.6455,2.293e-17,1.762e-17,7.361e-18,0.001,-94.43,1
BottomS006828,17.2310,32.6442,8.562e-20,8.896e-20,7.220e-20,-0.0011,-94.58,0
BottomS006830,17.2259,32.6339,1.836e-17,1.337e-17,5.200e-18,-0.0014,-94.12,0
BottomS006832,17.4133,32.4906,4.587e-18,3.606e-18,1.666e-18,0.0004,-92.04,0
BottomS006835,17.2202,32.6017,5.463e-18,4.453e-18,2.156e-18,0.0007,-94.23,0
BottomS006837,17.4227,32.5119,2.258e-18,1.892e-18,9.849e-19,-0.0002,-92.21,0
BottomS006838,17.4177,32.5151,2.372e-19,2.405e-19,1.732e-19,-0.0001,-92.34,0
BottomS006839,17.2040,32.5889,5.481e-18,4.353e-18,1.979e-18,0.0006,-93.97,0
BottomS006841,17.2003,32.5733,8.286e-18,6.604e-18,2.943e-18,0.0008,-93.81,1
BottomS006845,17.2013,32.5607,4.940e-19,4.766e-19,3.307e-19,-0.0002,-93.76,0
BottomS006847,17.2101,32.5324,5.506e-19,5.036e-19,2.965e-19,0.0002,-93.39,0
BottomS006849,17.2109,32.5370,2.504e-17,1.894e-17,7.933e-18,0.0004,-93.5,0
BottomS006850,17.4387,32.5872,2.487e-14,1.750e-14,6.209e-15,-0.0004,-92.99,0
BottomS006851,17.4307,32.5734,1.843e-20,2.339e-20,2.768e-20,-0.0004,-92.97,0
BottomS006855,17.2026,32.5005,1.708e-18,1.455e-18,7.577e-19,-0.0002,-93.16,0
BottomS006856,17.2022,32.4911,6.321e-19,5.773e-19,3.406e-19,0.0003,-93.1,0
BottomS006857,17.2054,32.4792,2.934e-18,4.362e-18,7.232e-18,0.0005,-92.98,0
BottomS006858,17.2135,32.4763,4.906e-18,7.682e-18,1.435e-17,-0.0,-92.74,0
BottomS006859,17.2117,32.4689,6.779e-20,7.463e-20,6.530e-20,0.0005,-92.83,0
BottomS006860,17.4204,32.6376,1.515e-18,2.395e-18,4.304e-18,0.0001,-93.62,0
BottomS006862,17.4126,32.6461,1.103e-18,9.535e-19,5.235e-19,0.0005,-93.56,0
BottomS006863,17.2139,32.4575,4.446e-18,3.628e-18,1.746e-18,0.0001,-92.81,0
BottomS006864,17.2169,32.4468,1.607e-17,1.237e-17,5.377e-18,0.0009,-92.79,1
BottomS006865,17.4166,32.6755,1.530e-17,1.161e-17,4.685e-18,0.0005,-93.75,0
BottomS006867,17.4153,32.6877,6.875e-19,6.351e-19,4.020e-19,-0.0001,-94.07,0
BottomS006868,17.4108,32.6928,4.752e-18,3.967e-18,1.961e-18,0.0011,-93.74,0
BottomS006869,17.3967,32.6710,6.264e-19,6.091e-19,4.116e-19,0.0007,-93.86,0
BottomS006870,17.4076,32.6988,1.026e-18,8.920e-19,4.845e-19,-0.0006,-94.07,0
BottomS006875,17.2630,32.4223,5.716e-20,5.991e-20,4.874e-20,0.0003,-92.19,0
BottomS006876,17.2467,32.3820,7.661e-19,6.920e-19,4.120e-19,-0.0002,-92.1,0
BottomS006878,17.2673,32.4077,9.945e-20,1.033e-19,8.348e-20,0.0003,-91.91,0
BottomS006879,17.3615,32.7082,1.742e-18,1.578e-18,9.520e-19,0.0003,-94.37,0
BottomS006880,17.3659,32.7184,1.379e-20,1.833e-20,2.390e-20,0.0,-94.5,0
BottomS006881,17.3546,32.7098,4.420e-18,3.549e-18,1.644e-18,-0.0004,-94.38,0
BottomS006882,17.2772,32.3808,1.955e-18,1.675e-18,8.803e-19,-0.0004,-91.86,0
BottomS006883,17.3609,32.7224,7.047e-18,5.587e-18,2.594e-18,-0.0003,-94.44,0
BottomS006884,17.2981,32.3978,7.263e-18,5.885e-18,2.765e-18,0.0,-91.89,0
BottomS006885,17.3403,32.7229,2.545e-18,2.265e-18,1.286e-18,-0.0,-94.54,0
BottomS006886,17.3387,32.7294,2.394e-19,2.418e-19,1.814e-19,-0.0006,-94.58,0
BottomS006887,17.3288,32.7042,5.200e-18,1.311e-17,6.201e-17,0.0002,-94.42,0
BottomS006888,17.3246,32.7200,6.831e-14,5.546e-14,2.599e-14,-0.0002,-94.57,1
BottomS006890,17.3120,32.3878,5.281e-18,4.674e-18,2.551e-18,0.0002,-91.62,0
BottomS006891,17.3186,32.3843,9.023e-17,6.460e-17,2.395e-17,0.0003,-91.67,0
BottomS006893,17.3139,32.7366,2.784e-18,2.356e-18,1.205e-18,0.0004,-94.64,0
BottomS006894,17.3316,32.3712,9.203e-18,7.013e-18,2.955e-18,0.0005,-91.63,1
BottomS006895,17.3388,32.3866,6.550e-18,5.298e-18,2.541e-18,-0.0005,-91.61,0
BottomS006896,17.2968,32.7146,8.146e-19,1.145e-18,1.653e-18,-0.0002,-94.74,0
BottomS006897,17.2995,32.7256,2.628e-14,2.265e-14,1.158e-14,-0.0001,-94.61,1
BottomS006898,17.3406,32.4045,4.253e-18,3.381e-18,1.551e-18,0.0001,-91.68,0
BottomS006899,17.2682,32.7150,2.592e-18,2.150e-18,1.064e-18,-0.0,-94.82,0
BottomS006900,17.2727,32.7189,8.379e-20,8.885e-20,7.133e-20,0.0002,-94.6,0
BottomS006901,17.3694,32.3915,2.670e-18,2.197e-18,1.097e-18,0.0002,-91.64,0
BottomS006903,17.2628,32.7079,3.398e-19,3.387e-19,2.391e-19,-0.0005,-94.79,0
BottomS006904,17.3741,32.4105,1.181e-18,2.296e-18,6.528e-18,0.0006,-91.58,0
BottomS006905,17.3806,32.4074,3.804e-18,3.231e-18,1.654e-18,-0.0012,-91.59,0
BottomS006906,17.4005,32.4086,6.339e-18,1.136e-17,2.669e-17,-0.0002,-91.68,0
BottomS006907,17.2447,32.6870,6.848e-18,5.530e-18,2.676e-18,0.0001,-94.79,0
BottomS006908,17.3851,32.4293,5.085e-18,4.079e-18,1.887e-18,0.0011,-91.62,0
BottomS006909,17.2343,32.6917,7.924e-18,6.049e-18,2.642e-18,-0.0002,-94.54,1
BottomS006912,17.2340,32.6604,6.395e-17,4.663e-17,1.825e-17,0.0,-94.56,0
BottomS006914,17.4083,32.4595,3.668e-20,4.448e-20,4.597e-20,0.0006,-92.05,0
BottomS006917,17.1995,32.6520,4.878e-17,3.579e-17,1.360e-17,0.0008,-94.36,0
BottomS006918,17.4299,32.4717,3.713e-19,3.605e-19,2.517e-19,0.0002,-92.25,0
BottomS006920,17.1984,32.6302,8.761e-18,6.906e-18,3.092e-18,0.0005,-94.13,1
BottomS006921,17.1925,32.6336,2.037e-19,2.152e-19,1.791e-19,0.0013,-94.39,0
BottomS006923,21.8146,34.8052,4.912e-19,8.293e-19,1.702e-18,0.0008,-90.5,0
BottomS006930,21.7927,34.8761,3.811e-20,4.580e-20,4.912e-20,0.0003,-92.17,0
BottomS006933,21.8087,34.8168,1.866e-20,2.200e-20,2.267e-20,-0.0004,-91.58,0
BottomS006937,21.8450,34.8222,4.844e-20,5.559e-20,5.435e-20,0.0,-89.86,0
BottomS006939,21.7698,34.6509,1.633e-20,2.063e-20,2.342e-20,0.0001,-89.5,0
BottomS006940,21.8087,34.8422,5.991e-18,1.135e-17,3.029e-17,-0.0005,-91.99,0
BottomS006941,21.8228,34.8006,1.115e-19,1.188e-19,9.894e-20,-0.0001,-89.47,0
BottomS006944,21.7964,34.7693,7.226e-19,1.357e-18,3.557e-18,0.0002,-90.04,0
BottomS006945,21.8252,34.8100,1.189e-20,1.518e-20,1.800e-20,0.0012,-88.89,0
BottomS006952,21.8563,34.7496,4.209e-19,4.052e-19,2.745e-19,0.0012,-88.6,0
BottomS006953,21.8620,34.8050,7.484e-20,7.810e-20,6.182e-20,0.0007,-89.14,0
BottomS006959,21.8346,34.8053,1.114e-19,1.145e-19,9.118e-20,0.0004,-89.17,0
BottomS006960,21.8281,34.8218,6.290e-20,7.035e-20,6.158e-20,-0.0005,-91.27,0
BottomS006966,21.8281,34.8148,2.047e-20,2.471e-20,2.664e-20,-0.0001,-90.42,0
BottomS006967,21.8194,34.8194,1.886e-18,2.574e-18,3.537e-18,0.0,-91.29,0
BottomS006969,21.8307,34.8388,4.110e-19,7.956e-19,2.242e-18,0.0008,-91.19,0
BottomS006973,21.8157,34.7942,1.291e-20,1.691e-20,2.090e-20,-0.0003,-89.95,0
BottomS006977,21.8173,34.8259,1.082e-18,9.609e-19,5.331e-19,-0.0012,-91.55,0
BottomS006978,21.8092,34.8054,4.490e-19,4.142e-19,2.547e-19,-0.0,-90.65,0
BottomS006982,21.8335,34.8089,6.623e-15,4.412e-15,1.404e-15,-0.0004,-89.77,0
BottomS006985,21.8361,34.8674,2.123e-20,2.889e-20,3.763e-20,0.0004,-91.39,0
BottomS006992,21.8112,34.8406,1.967e-20,2.750e-20,4.014e-20,0.0001,-91.93,0
BottomS006995,21.8234,34.8271,6.581e-20,7.190e-20,5.970e-20,0.0009,-91.62,0
BottomS006998,21.8407,34.7849,1.032e-19,1.068e-19,8.475e-20,-0.0001,-88.71,0
BottomS006999,21.8417,34.8079,8.929e-19,7.986e-19,4.728e-19,-0.0001,-89.18,0
BottomS007007,21.8342,34.8388,2.328e-20,2.825e-20,3.154e-20,-0.0006,-90.93,0
BottomS007008,21.8179,34.8413,9.636e-20,1.111e-19,1.109e-19,0.0004,-91.73,0
BottomS007017,21.8544,34.7925,6.488e-14,4.739e-14,1.863e-14,0.0009,-89.0,0
BottomS007018,21.8774,34.7983,2.338e-19,2.177e-19,1.413e-19,-0.0006,-89.08,0
BottomS007021,21.8182,34.7564,1.048e-20,1.372e-20,1.736e-20,0.0003,-89.27,0
BottomS007023,21.8344,34.8004,8.004e-20,8.843e-20,7.770e-20,-0.0002,-89.05,0
BottomS007027,21.8622,34.7272,2.285e-18,5.065e-18,1.978e-17,-0.001,-88.42,0
BottomS007029,21.8337,34.7953,3.411e-19,3.354e-19,2.339e-19,0.0001,-89.05,0
BottomS007030,21.8582,34.8346,1.795e-20,2.210e-20,2.350e-20,-0.0007,-90.1,0
BottomS007034,21.8476,34.8430,1.885e-19,2.003e-19,1.627e-19,0.0007,-90.48,0
BottomS007038,21.8085,34.8516,4.536e-20,5.383e-20,5.386e-20,-0.0002,-91.97,0
BottomS007041,21.8203,34.8039,1.538e-20,1.923e-20,2.183e-20,0.0013,-89.97,0
BottomS007044,21.7799,34.8266,2.869e-19,2.823e-19,1.990e-19,-0.0009,-91.66,0
BottomS007046,21.8040,34.8619,5.946e-18,1.240e-17,4.202e-17,-0.0006,-92.02,0
BottomS007049,21.7847,35.0361,3.852e-20,4.675e-20,4.829e-20,-0.0,-92.14,0
BottomS007050,21.8368,34.7796,6.184e-20,7.350e-20,7.493e-20,-0.0001,-88.74,0
BottomS007053,21.8245,34.7604,5.178e-20,6.066e-20,6.019e-20,0.0002,-89.19,0
BottomS007054,21.8530,35.0218,5.178e-14,3.813e-14,1.545e-14,-0.001,-91.58,0
BottomS007055,21.8545,34.7327,2.927e-20,3.585e-20,4.125e-20,0.0004,-88.51,0
BottomS007062,21.8640,34.8471,6.861e-19,6.485e-19,4.052e-19,-0.0003,-90.36,0
BottomS007064,21.8628,34.7878,2.576e-18,2.256e-18,1.270e-18,0.0003,-88.84,0
BottomS007069,21.8463,34.8366,5.513e-19,1.049e-18,2.942e-18,0.0005,-90.52,0
BottomS007077,21.8372,34.8005,2.380e-18,2.067e-18,1.096e-18,0.0004,-89.13,0
BottomS007083,21.8274,34.8150,1.239e-18,2.233e-18,5.480e-18,-0.0005,-91.45,0
BottomS007085,21.7491,34.7936,4.560e-18,6.266e-18,8.616e-18,-0.0007,-91.12,0
BottomS007089,21.8028,34.8050,1.786e-20,2.284e-20,2.706e-20,0.0008,-90.79,0
BottomS007092,21.8128,34.8309,5.371e-14,4.185e-14,1.870e-14,-0.0002,-91.81,1
BottomS007100,21.8276,34.7966,3.247e-14,2.329e-14,8.984e-15,0.0,-89.39,0
BottomS007101,21.8287,34.8137,1.257e-19,1.403e-19,1.277e-19,-0.0002,-89.6,0
BottomS007105,21.8150,34.8218,8.013e-19,1.392e-18,3.139e-18,-0.0001,-91.59,0
BottomS007109,21.8306,34.7716,2.743e-20,3.409e-20,3.885e-20,0.0004,-88.97,0
BottomS007110,21.9009,34.7480,3.610e-14,3.647e-14,2.689e-14,0.0006,-88.35,1
BottomS007118,21.8348,34.8114,1.450e-18,1.322e-18,7.857e-19,0.0003,-89.72,0
BottomS007123,21.8238,34.7675,1.820e-20,2.301e-20,2.653e-20,-0.0003,-89.11,0
BottomS007126,21.8216,34.7890,2.848e-20,3.562e-20,4.010e-20,0.0006,-89.52,0
BottomS007127,21.7914,34.8352,1.666e-18,1.561e-18,9.355e-19,0.0001,-91.94,0
BottomS007132,21.8154,34.7744,5.236e-20,6.429e-20,7.007e-20,0.0012,-89.61,0
BottomS007136,21.8260,34.8100,1.719e-20,2.152e-20,2.373e-20,-0.0003,-89.19,0
BottomS007137,21.8133,34.8658,4.094e-19,4.022e-19,2.743e-19,-0.0002,-91.77,0
BottomS007141,21.8120,34.8510,1.636e-19,1.728e-19,1.348e-19,-0.0004,-91.92,0
BottomS007144,21.8434,34.8352,4.649e-20,5.262e-20,4.799e-20,0.0003,-90.54,0
BottomS007146,21.7959,34.7837,2.605e-19,2.730e-19,2.209e-19,0.001,-90.25,0
BottomS007154,21.8241,34.8110,5.167e-19,4.831e-19,3.012e-19,-0.0009,-90.55,0
BottomS007160,21.7715,34.8065,1.747e-18,3.007e-18,6.554e-18,-0.0001,-91.15,0
BottomS007164,21.8568,34.8489,1.264e-20,1.492e-20,1.555e-20,0.0007,-90.57,0
BottomS007166,21.8391,34.7349,3.143e-20,3.745e-20,3.952e-20,-0.0008,-88.61,0
BottomS007168,21.8522,34.8132,1.064e-18,1.715e-18,3.458e-18,0.0,-89.44,0
BottomS007169,21.7816,34.8285,1.159e-18,1.908e-18,3.818e-18,0.0002,-91.6,0
BottomS007173,21.9338,34.7956,1.467e-20,1.825e-20,2.102e-20,-0.0005,-88.89,0
BottomS007174,21.8291,34.7630,1.188e-19,1.250e-19,9.960e-20,0.0008,-88.92,0
BottomS007176,21.8224,34.8134,5.522e-19,1.030e-18,2.656e-18,0.0005,-91.08,0
BottomS007177,21.8032,34.7889,7.562e-19,7.235e-19,4.616e-19,0.0015,-90.22,0
BottomS007180,21.8327,34.8642,4.376e-20,5.082e-20,4.969e-20,0.0002,-91.85,0
BottomS007181,21.8147,34.7983,3.759e-14,2.592e-14,8.950e-15,-0.001,-90.16,0
BottomS007182,21.7941,34.8153,2.299e-18,2.068e-18,1.179e-18,-0.0004,-91.44,0
BottomS007186,21.8414,34.8351,6.085e-20,6.794e-20,6.371e-20,-0.0001,-91.59,0
BottomS007187,21.8466,34.8596,1.594e-18,1.431e-18,8.048e-19,0.0,-92.03,0
BottomS007193,21.8141,34.8064,3.921e-20,4.467e-20,4.038e-20,0.001,-90.48,0
BottomS007198,21.8680,34.8184,4.908e-19,7.595e-19,1.383e-18,0.0014,-89.07,0
BottomS007199,21.7890,34.7661,3.893e-20,4.632e-20,4.675e-20,0.0003,-89.83,0
BottomS007200,21.8066,34.8443,1.110e-20,1.381e-20,1.607e-20,-0.0006,-91.85,0
BottomS007201,21.8068,34.8024,4.382e-19,9.314e-19,3.241e-18,-0.0002,-90.89,0
BottomS007203,21.8347,34.8324,1.852e-20,2.293e-20,2.511e-20,0.0,-90.68,0
BottomS007206,21.8304,34.8385,3.792e-20,4.325e-20,4.188e-20,0.0002,-91.4,0
BottomS007207,21.8600,34.8335,3.029e-18,2.475e-18,1.155e-18,0.0005,-89.96,0
BottomS007208,21.8308,34.8166,1.723e-18,1.535e-18,8.500e-19,-0.0001,-90.3,0
BottomS007210,21.8137,34.7900,1.308e-18,1.149e-18,6.531e-19,0.0005,-89.69,0
BottomS007211,21.8162,34.8531,2.875e-19,2.988e-19,2.347e-19,0.0004,-92.01,0
BottomS007212,21.7878,34.8266,1.494e-18,2.412e-18,4.700e-18,0.0001,-91.71,0
BottomS007214,21.8212,34.8018,3.022e-19,3.008e-19,2.218e-19,-0.0003,-90.03,0
BottomS007215,21.8511,34.8658,3.460e-18,2.841e-18,1.345e-18,0.0002,-91.45,0
BottomS007216,21.8406,34.8046,4.759e-19,6.664e-19,9.415e-19,0.0007,-88.95,0
BottomS007219,21.8290,34.8147,1.732e-14,1.170e-14,3.954e-15,-0.0001,-90.29,0
BottomS007221,21.8335,34.8017,5.837e-14,4.364e-14,1.737e-14,0.0006,-89.35,0
BottomS007222,21.8456,34.8050,1.363e-18,1.248e-18,7.133e-19,-0.0004,-89.1,0
BottomS007225,21.8013,34.8067,6.819e-19,6.612e-19,4.337e-19,-0.0008,-91.69,0
BottomS007226,21.8028,34.7825,3.135e-19,3.190e-19,2.316e-19,0.0001,-89.86,0
BottomS007228,21.8163,34.7780,1.312e-20,1.718e-20,2.128e-20,0.0004,-89.38,0
BottomS007229,21.8397,34.8540,2.453e-19,2.504e-19,1.854e-19,0.0003,-91.05,0
BottomS007231,21.8035,34.8321,5.960e-19,5.623e-19,3.592e-19,-0.0007,-91.57,0
BottomS007232,21.8153,34.8029,1.954e-18,1.783e-18,1.087e-18,-0.0002,-90.39,0
BottomS007233,21.8396,34.8506,3.682e-18,3.015e-18,1.470e-18,-0.0002,-91.76,0
BottomS007234,21.8166,34.8516,1.946e-20,2.341e-20,2.471e-20,-0.0005,-91.89,0
BottomS007236,21.8023,34.7824,9.686e-14,7.406e-14,3.192e-14,-0.0011,-89.68,1
BottomS007238,21.8010,34.8035,3.236e-20,3.611e-20,3.193e-20,0.0009,-91.29,0
BottomS007240,21.8023,34.7762,7.912e-18,6.236e-18,2.779e-18,-0.0007,-89.88,1
BottomS007242,21.8021,34.7880,4.487e-19,4.338e-19,2.887e-19,-0.0002,-90.08,0
BottomS007246,21.7809,34.8004,3.005e-20,3.533e-20,3.532e-20,0.0004,-91.23,0
BottomS007247,21.8119,34.8024,6.035e-19,5.418e-19,3.267e-19,-0.0004,-91.29,0
BottomS007248,21.8384,34.8180,1.020e-18,1.809e-18,4.254e-18,-0.0005,-89.66,0
BottomS007249,21.7798,34.8230,2.458e-18,4.022e-18,7.948e-18,0.0009,-91.77,0
BottomS007251,21.8364,34.7942,3.852e-19,7.410e-19,2.080e-18,-0.0,-89.22,0
BottomS007253,21.8272,34.8171,5.749e-20,6.829e-20,6.842e-20,0.0003,-90.56,0
BottomS007254,21.8298,34.7915,8.222e-20,8.846e-20,7.693e-20,0.0012,-89.16,0
BottomS007256,21.8235,34.8162,9.800e-19,9.167e-19,5.566e-19,-0.0002,-91.33,0
BottomS007259,21.8197,34.7791,2.352e-20,2.843e-20,3.065e-20,0.0,-89.7,0
BottomS007260,21.8408,34.7736,1.682e-19,1.716e-19,1.248e-19,-0.001,-88.94,0
BottomS007261,21.8438,34.8141,1.159e-18,1.940e-18,4.009e-18,0.0002,-89.05,0
BottomS007263,21.8523,34.8141,2.358e-18,1.991e-18,9.891e-19,0.0,-89.03,0
BottomS007264,21.8056,34.7914,1.318e-19,1.425e-19,1.198e-19,-0.0006,-90.27,0
BottomS007265,21.8538,34.8435,3.656e-18,3.088e-18,1.569e-18,0.0,-91.09,0
BottomS007270,21.8170,34.7999,2.930e-19,2.918e-19,2.127e-19,0.0002,-90.15,0
BottomS007271,21.8340,34.8213,3.070e-19,2.884e-19,1.851e-19,0.0003,-90.53,0
BottomS007273,21.8451,34.8514,1.785e-19,1.898e-19,1.527e-19,-0.0003,-90.85,0
BottomS007274,21.8097,34.8074,5.984e-20,6.217e-20,4.898e-20,0.0012,-90.83,0
BottomS007276,21.8173,34.8144,4.924e-20,5.903e-20,6.117e-20,0.0004,-91.33,0
BottomS007278,21.8270,34.8422,2.226e-18,1.947e-18,1.086e-18,0.0002,-91.85,0
BottomS007280,21.7847,34.7798,3.654e-19,3.454e-19,2.333e-19,-0.0009,-90.47,0
BottomS007283,21.8230,34.8008,2.556e-19,2.479e-19,1.687e-19,-0.0005,-90.02,0
BottomS007284,21.8227,34.8028,8.498e-19,1.459e-18,3.272e-18,-0.0001,-89.49,0
BottomS007285,21.8129,34.8251,1.954e-18,1.670e-18,8.657e-19,-0.0004,-91.55,0
BottomS007286,21.8189,34.8600,7.263e-19,6.524e-19,3.962e-19,0.0,-92.04,0
BottomS007290,21.8639,34.7956,7.700e-20,8.216e-20,6.838e-20,0.0005,-88.72,0
BottomS007291,21.7653,34.8280,1.733e-18,2.597e-18,4.281e-18,-0.0004,-92.04,0
BottomS007293,21.8331,34.8115,3.505e-19,3.498e-19,2.507e-19,-0.0001,-89.34,0
BottomS007294,21.8140,34.8073,5.059e-18,4.123e-18,2.081e-18,0.0002,-90.73,0
BottomS007295,21.8393,34.8157,7.204e-20,7.719e-20,6.578e-20,-0.0001,-89.36,0
BottomS007302,21.8091,34.7891,7.775e-19,7.222e-19,4.481e-19,-0.0006,-89.78,0
BottomS007303,21.8088,34.8211,2.712e-14,1.812e-14,6.094e-15,0.0008,-91.48,0
BottomS007305,21.8441,34.8453,2.449e-18,2.175e-18,1.247e-18,-0.0005,-91.35,0
BottomS007306,21.8544,34.8044,2.435e-18,5.456e-18,2.116e-17,-0.0004,-88.62,0
BottomS007308,21.8238,34.7819,3.782e-20,4.624e-20,4.966e-20,-0.0008,-88.82,0
BottomS007309,21.8430,34.8434,4.007e-18,3.435e-18,1.775e-18,0.0001,-90.76,0
BottomS007313,21.8118,34.8179,6.123e-20,6.988e-20,6.516e-20,0.0003,-91.24,0
BottomS007314,21.8366,34.8183,9.446e-18,7.497e-18,3.481e-18,0.0006,-90.07,0
BottomS007315,21.8230,34.8192,2.348e-14,1.985e-14,1.011e-14,0.0002,-91.03,1
BottomS007316,21.8462,34.7883,8.279e-19,1.438e-18,3.270e-18,0.0002,-88.73,0
BottomS007317,21.8463,34.8004,1.555e-18,2.382e-18,4.158e-18,-0.0004,-89.36,0
BottomS007318,21.8379,34.8579,3.171e-18,2.745e-18,1.446e-18,0.0005,-91.35,0
BottomS007319,21.8296,34.8462,1.972e-17,1.502e-17,5.960e-18,0.0003,-91.79,0
BottomS007320,21.8038,34.8496,2.515e-20,3.190e-20,3.637e-20,0.0006,-92.16,0
BottomS007321,21.8239,34.8345,2.754e-19,2.748e-19,2.005e-19,0.0007,-91.41,0
BottomS007325,21.8011,34.7983,1.453e-19,1.535e-19,1.263e-19,-0.0004,-90.85,0
BottomS007327,21.8098,34.7980,3.259e-19,5.663e-19,1.292e-18,-0.0001,-90.58,0
BottomS007329,21.8205,34.7890,6.638e-19,6.006e-19,3.589e-19,-0.0004,-89.06,0
BottomS007334,21.8459,34.7919,1.268e-17,1.010e-17,4.675e-18,0.0007,-88.85,1
BottomS007342,21.8435,34.7986,9.281e-18,6.999e-18,2.908e-18,-0.0001,-88.92,1
BottomS007344,21.8421,34.7847,4.273e-19,4.254e-19,3.122e-19,-0.0004,-88.71,0
BottomS007345,21.8020,34.8342,2.042e-20,2.575e-20,3.052e-20,0.0007,-91.87,0
BottomS007348,21.8375,34.7985,2.588e-18,3.926e-18,6.824e-18,-0.0003,-88.98,0
BottomS007350,21.8047,34.8353,2.943e-18,2.404e-18,1.147e-18,-0.0005,-91.92,0
BottomS007352,21.8388,34.7908,5.706e-20,6.550e-20,6.345e-20,0.0006,-88.76,0
BottomS007354,21.8506,34.7960,2.923e-19,2.877e-19,2.063e-19,0.0007,-88.77,0
BottomS007360,21.8101,34.8241,1.211e-18,1.045e-18,5.646e-19,0.0003,-91.64,0
BottomS007361,21.8390,34.7952,1.052e-19,1.116e-19,8.727e-20,-0.0004,-88.9,0
BottomS007363,21.8381,34.7924,1.195e-18,9.799e-19,4.694e-19,-0.0004,-88.91,0
BottomS007364,21.8153,34.8390,5.061e-19,9.460e-19,2.442e-18,0.0006,-91.85,0
BottomS007365,21.8387,34.7876,1.471e-18,1.323e-18,7.831e-19,0.0002,-88.82,0
BottomS007368,21.8047,34.8304,1.643e-18,1.376e-18,6.968e-19,-0.0001,-91.8,0
BottomS007369,21.8124,34.8272,1.423e-18,2.982e-18,9.499e-18,-0.0004,-91.7,0
BottomS007371,21.7994,34.8464,1.818e-20,2.351e-20,2.868e-20,0.0,-92.09,0
BottomS007374,21.8127,34.8244,7.878e-19,1.323e-18,2.688e-18,0.0002,-91.54,0
BottomS007376,21.8133,34.8243,1.837e-17,1.337e-17,5.104e-18,-0.0004,-91.55,0
BottomS007377,21.8474,34.7922,1.241e-19,1.264e-19,9.260e-20,0.0006,-88.82,0
BottomS007378,21.8098,34.8293,4.153e-19,4.109e-19,3.027e-19,0.0006,-91.62,0
BottomS007384,21.8090,34.8353,1.180e-18,1.108e-18,7.181e-19,0.0004,-91.86,0
BottomS007385,21.8003,34.8268,1.822e-18,1.755e-18,1.149e-18,-0.0001,-91.82,0
BottomS007387,21.8506,34.7934,3.191e-18,2.554e-18,1.191e-18,-0.0003,-88.79,0
BottomS007392,21.8438,34.7991,5.584e-19,5.059e-19,3.023e-19,-0.0007,-88.97,0
BottomS007394,21.8433,34.7847,1.331e-17,9.939e-18,3.964e-18,0.0004,-88.65,0
BottomS007396,21.8177,34.8304,3.640e-20,4.381e-20,4.845e-20,0.0003,-91.66,0
BottomS007400,21.8533,34.7901,9.583e-19,9.229e-19,6.318e-19,-0.0008,-88.61,0
BottomS007401,21.8517,34.7851,3.692e-19,3.656e-19,2.650e-19,0.0002,-88.64,0
BottomS007402,21.8377,34.7819,2.020e-20,2.533e-20,2.941e-20,-0.0003,-88.71,0
BottomS007404,21.8489,34.7922,9.931e-20,1.067e-19,8.879e-20,-0.0,-88.82,0
BottomS007405,21.7952,34.8337,3.204e-14,2.339e-14,8.971e-15,0.0004,-91.85,0
BottomS007406,21.8450,34.7841,5.303e-19,4.939e-19,3.016e-19,0.0002,-88.78,0
BottomS007407,21.8013,34.8422,4.226e-18,6.239e-18,1.032e-17,0.0005,-92.02,0
BottomS007409,21.8594,34.7726,5.399e-19,5.286e-19,3.692e-19,-0.0007,-88.66,0
BottomS007411,21.8109,34.8385,1.933e-17,1.515e-17,6.576e-18,0.0008,-91.74,1
BottomS007413,21.8431,34.7838,2.741e-20,3.328e-20,3.599e-20,-0.0004,-88.68,0
BottomS007414,21.8081,34.8335,1.644e-20,2.099e-20,2.471e-20,-0.0001,-91.76,0
BottomS007415,21.8524,34.7817,9.953e-15,6.653e-15,2.179e-15,0.0009,-88.61,0
BottomS007418,21.8458,34.7788,6.955e-19,6.402e-19,3.914e-19,-0.0003,-88.57,0
BottomS007419,21.8350,34.7868,5.690e-19,9.793e-19,2.226e-18,0.0004,-88.89,0
BottomS007420,21.8038,34.8343,3.267e-19,3.347e-19,2.515e-19,-0.0,-91.83,0
BottomS007422,21.8518,34.7966,1.327e-18,2.106e-18,4.040e-18,-0.0006,-88.79,0
BottomS007425,21.8510,34.7691,2.649e-19,2.790e-19,2.153e-19,-0.0002,-88.58,0
BottomS007426,21.7940,34.8457,3.817e-19,3.949e-19,3.026e-19,0.0002,-92.11,0
BottomS007427,21.8503,34.7795,1.849e-18,1.573e-18,8.481e-19,0.0001,-88.75,0
BottomS007429,21.7960,34.8417,1.196e-18,2.617e-18,9.607e-18,0.0003,-91.87,0
BottomS007430,21.8076,34.8467,2.042e-17,1.454e-17,5.274e-18,-0.0001,-91.96,0
BottomS007431,21.8510,34.7964,1.437e-14,1.646e-14,1.589e-14,-0.0008,-88.8,0
BottomS007432,21.8005,34.8447,3.337e-20,4.049e-20,4.334e-20,-0.0004,-91.96,0
BottomS007434,21.8003,34.8365,9.684e-20,1.057e-19,9.305e-20,0.0003,-91.89,0
BottomS007436,21.8421,34.7865,1.980e-20,2.483e-20,2.901e-20,0.0008,-88.79,0
BottomS007437,21.8541,34.7868,2.780e-18,2.364e-18,1.294e-18,0.0002,-88.7,0
BottomS007439,21.8444,34.7808,1.163e-18,1.030e-18,5.714e-19,0.0003,-88.67,0
BottomS007440,21.7989,34.8578,1.710e-20,2.180e-20,2.544e-20,-0.0,-92.05,0
BottomS007442,21.8441,34.7864,3.837e-18,3.126e-18,1.525e-18,-0.0005,-88.73,0
BottomS007443,21.8056,34.8281,5.067e-20,6.333e-20,7.026e-20,0.0004,-91.75,0
BottomS007444,21.8013,34.8408,7.360e-20,8.445e-20,8.213e-20,0.0004,-91.96,0
BottomS007447,21.7888,34.8405,6.029e-20,6.484e-20,5.591e-20,0.0006,-92.01,0
BottomS007449,21.8023,34.8292,1.247e-18,1.095e-18,6.179e-19,0.0,-91.83,0
BottomS007450,21.8575,34.7894,2.484e-19,2.511e-19,1.875e-19,-0.0009,-88.68,0
BottomS007451,21.7968,34.8509,4.390e-15,5.066e-15,4.906e-15,-0.0003,-92.06,0
BottomS007455,21.8526,34.7687,2.800e-20,3.412e-20,3.653e-20,0.0003,-88.51,0
BottomS007457,21.8445,34.7846,9.755e-19,8.877e-19,5.300e-19,0.001,-88.65,0
BottomS007460,21.8619,34.7907,1.719e-15,1.128e-15,3.636e-16,-0.0002,-88.67,0
BottomS007461,21.7923,34.8323,1.941e-14,1.323e-14,4.372e-15,0.0006,-91.91,0
BottomS007462,21.8530,34.7997,3.438e-18,2.749e-18,1.268e-18,0.0007,-88.93,0
BottomS007464,21.8538,34.7731,1.514e-20,1.874e-20,2.016e-20,-0.0002,-88.57,0
BottomS007465,21.8551,34.7704,4.599e-20,5.214e-20,4.939e-20,0.0005,-88.5,0
BottomS007466,21.7893,34.8606,3.902e-18,3.053e-18,1.359e-18,0.001,-92.08,0
BottomS007467,21.8707,34.7720,3.290e-20,3.672e-20,3.463e-20,-0.0003,-88.47,0
BottomS007471,21.8563,34.7756,7.765e-19,7.010e-19,4.091e-19,-0.0005,-88.51,0
BottomS007473,21.8561,34.7693,1.397e-19,1.507e-19,1.307e-19,0.0003,-88.55,0
BottomS007474,21.8396,34.7911,5.861e-19,5.243e-19,2.968e-19,0.0009,-88.76,0
BottomS007475,21.8651,34.7711,3.881e-19,3.741e-19,2.475e-19,-0.0005,-88.48,0
BottomS007476,21.8638,34.7777,5.655e-14,4.077e-14,1.545e-14,0.0004,-88.42,0
BottomS007477,21.8027,34.8438,5.380e-19,1.024e-18,2.707e-18,0.0004,-91.99,0
BottomS007478,21.8657,34.7688,1.924e-18,1.793e-18,1.125e-18,0.0,-88.64,0
BottomS007479,21.8609,34.7815,2.388e-19,2.279e-19,1.539e-19,-0.0008,-88.54,0
BottomS007480,21.7902,34.8435,1.462e-18,1.294e-18,7.307e-19,-0.0001,-92.22,0
BottomS007482,21.7851,34.8445,1.585e-20,1.992e-20,2.359e-20,0.0001,-91.87,0
BottomS007487,21.8702,34.7695,3.874e-14,2.780e-14,9.994e-15,0.0004,-88.58,0
BottomS007488,21.8438,34.7862,2.023e-18,1.750e-18,9.562e-19,0.0001,-88.76,0
BottomS007489,21.7837,34.8362,3.391e-20,4.282e-20,5.066e-20,0.0001,-92.02,0
BottomS007492,21.8535,34.7599,8.838e-20,9.532e-20,7.980e-20,-0.0006,-88.5,0
BottomS007493,21.7845,34.8368,2.031e-14,1.382e-14,4.643e-15,0.0003,-91.82,0
BottomS007494,21.8688,34.7721,5.471e-20,5.993e-20,5.090e-20,-0.0,-88.53,0
BottomS007495,21.7834,34.8584,8.088e-20,9.183e-20,8.995e-20,0.0002,-92.06,0
BottomS007496,21.8656,34.7732,7.817e-20,8.355e-20,6.847e-20,-0.0002,-88.46,0
BottomS007498,21.8555,34.7747,2.853e-20,3.262e-20,3.227e-20,-0.0006,-88.48,0
BottomS007500,21.7913,34.8536,8.111e-20,8.639e-20,6.976e-20,-0.0001,-92.06,0
BottomS007502,21.7910,34.8401,1.647e-18,2.701e-18,5.434e-18,0.0006,-92.01,0
BottomS007503,21.8615,34.7700,1.569e-18,3.000e-18,8.330e-18,-0.0012,-88.48,0
BottomS007504,21.7855,34.8538,2.254e-19,2.247e-19,1.665e-19,0.0007,-92.02,0
BottomS007506,21.8643,34.7693,2.258e-18,1.885e-18,9.436e-19,0.0003,-88.52,0
BottomS007507,21.8571,34.7860,9.098e-19,1.724e-18,4.808e-18,0.0003,-88.54,0
BottomS007509,21.7810,34.8510,1.142e-19,1.236e-19,1.052e-19,0.0006,-92.05,0
BottomS007510,21.7818,34.8553,2.643e-18,2.263e-18,1.200e-18,0.0012,-92.11,0
BottomS007517,21.7890,34.8498,1.779e-18,1.573e-18,9.130e-19,-0.0007,-92.04,0
BottomS007518,21.7893,34.8463,4.191e-19,3.803e-19,2.234e-19,0.0014,-92.12,0
BottomS007521,21.7860,34.8586,4.243e-18,3.275e-18,1.455e-18,-0.0,-92.1,0
BottomS007522,21.8741,34.7625,7.394e-20,7.925e-20,6.673e-20,-0.0003,-88.43,0
BottomS007523,21.7842,34.8627,1.947e-14,1.345e-14,4.611e-15,-0.0007,-92.11,0
BottomS007524,21.7833,34.8637,2.090e-20,2.618e-20,2.911e-20,0.0001,-92.25,0
BottomS007525,21.8594,34.7705,7.087e-20,7.634e-20,6.217e-20,-0.0004,-88.73,0
BottomS007526,21.8720,34.7763,9.204e-18,7.146e-18,3.069e-18,-0.0002,-88.58,1
BottomS007527,21.7856,34.8402,2.832e-19,2.933e-19,2.266e-19,0.0004,-92.05,0
BottomS007529,21.7750,34.8659,2.337e-18,2.007e-18,1.085e-18,-0.0,-92.0,0
BottomS007530,21.7762,34.8570,2.221e-18,3.273e-18,5.295e-18,0.0001,-92.06,0
BottomS007531,21.7770,34.8585,1.933e-17,1.458e-17,6.020e-18,0.0006,-92.2,1
BottomS007532,21.8733,34.7676,1.720e-20,2.205e-20,2.692e-20,-0.0008,-88.51,0
BottomS007536,21.8719,34.7672,6.589e-19,6.312e-19,4.184e-19,0.0007,-88.48,0
BottomS007540,21.8617,34.7563,1.588e-18,3.052e-18,8.239e-18,0.0001,-88.5,0
BottomS007544,21.7723,34.8465,1.069e-20,1.384e-20,1.733e-20,0.0002,-92.12,0
BottomS007545,21.8696,34.7591,4.951e-19,9.160e-19,2.302e-18,0.0004,-88.54,0
BottomS007547,21.8784,34.7757,4.873e-19,4.456e-19,2.673e-19,0.0006,-88.5,0
BottomS007550,21.8705,34.7580,2.145e-18,1.874e-18,1.031e-18,0.0002,-88.45,0
BottomS007556,21.8735,34.7529,5.200e-19,4.757e-19,2.792e-19,0.0004,-88.45,0
BottomS007561,21.7694,34.8605,3.532e-14,2.463e-14,8.939e-15,0.0008,-92.21,0
BottomS007562,21.7659,34.8582,2.311e-20,2.755e-20,2.901e-20,0.0005,-92.11,0
BottomS007567,21.7790,34.8524,5.144e-18,4.104e-18,1.901e-18,0.0005,-92.16,0
BottomS007576,21.7827,34.8588,1.287e-20,1.616e-20,1.872e-20,0.0005,-92.02,0
BottomS007581,21.7588,34.8694,1.113e-18,1.007e-18,5.994e-19,-0.0008,-92.21,0
BottomS007582,21.8875,34.7542,7.927e-20,8.317e-20,6.812e-20,-0.0012,-88.36,0
BottomS007583,21.7725,34.8693,5.483e-19,1.120e-18,3.514e-18,0.0,-92.21,0
BottomS007584,21.8804,34.7460,4.723e-19,7.998e-19,1.737e-18,-0.0001,-88.43,0
BottomS007585,21.8253,34.8115,4.855e-18,3.847e-18,1.759e-18,0.0009,-92.28,0
BottomS007586,21.8254,34.8117,3.639e-18,2.961e-18,1.454e-18,0.0003,-93.9,0
BottomS007587,21.8255,34.8115,6.372e-17,4.629e-17,1.793e-17,0.0011,-89.37,0
BottomS007588,21.8255,34.8117,8.247e-18,6.350e-18,2.675e-18,-0.0009,-92.71,1
BottomS007589,21.8255,34.8114,6.539e-18,5.152e-18,2.271e-18,0.0002,-87.93,0
BottomS007590,21.8253,34.8113,1.251e-18,1.104e-18,6.330e-19,-0.0013,-88.75,0
BottomS007591,21.8255,34.8117,2.077e-18,1.869e-18,1.087e-18,-0.0009,-94.47,0
BottomS007592,21.8797,34.7615,6.019e-17,4.367e-17,1.612e-17,0.0004,-88.54,0
BottomS007593,21.7713,34.8660,3.885e-18,6.185e-18,1.121e-17,-0.0006,-92.17,0
BottomS007594,21.8827,34.7558,8.156e-17,5.846e-17,2.160e-17,0.0003,-88.39,0
BottomS007595,21.8813,34.7556,2.227e-16,1.505e-16,5.019e-17,0.0005,-88.45,0
BottomS007597,21.7723,34.8659,1.009e-15,6.656e-16,2.142e-16,0.0001,-92.14,0
BottomS007598,21.8770,34.7539,1.073e-18,9.977e-19,6.288e-19,-0.0007,-88.4,0
BottomS007599,21.7712,34.8707,2.724e-19,2.751e-19,2.060e-19,-0.0008,-92.16,0
BottomS007600,21.7775,34.8683,3.520e-20,4.072e-20,3.998e-20,-0.0002,-92.18,0
BottomS007601,21.8821,34.7485,1.806e-16,1.223e-16,3.970e-17,-0.0002,-88.5,0
BottomS007603,21.8800,34.7456,2.965e-18,2.488e-18,1.267e-18,-0.0006,-88.65,0
BottomS007604,21.8777,34.7489,2.468e-17,1.766e-17,6.723e-18,0.0006,-88.46,0
BottomS007605,21.7716,34.8770,8.458e-17,5.855e-17,1.965e-17,-0.0006,-92.3,0
BottomS007607,21.7711,34.8843,1.677e-17,1.289e-17,5.463e-18,0.0011,-92.27,1
BottomS007608,21.7781,34.8792,2.610e-17,1.957e-17,7.838e-18,0.0004,-92.19,0
BottomS007609,21.8774,34.7387,4.722e-16,3.232e-16,1.059e-16,0.0001,-88.38,0
BottomS007610,21.7778,34.8834,1.093e-17,8.647e-18,3.860e-18,-0.0007,-92.18,1
BottomS007613,21.8725,34.7361,1.104e-19,1.184e-19,9.798e-20,-0.0001,-88.39,0
BottomS007614,21.7778,34.8918,5.679e-17,3.906e-17,1.391e-17,-0.0002,-92.33,0
BottomS007615,21.7785,34.8906,3.195e-18,2.718e-18,1.436e-18,-0.0001,-92.26,0
BottomS007616,21.7784,34.8906,3.251e-17,2.480e-17,1.022e-17,-0.001,-92.27,0
BottomS007617,21.8673,34.7325,4.467e-17,3.237e-17,1.226e-17,0.0001,-88.46,0
BottomS007618,21.7815,34.8938,9.805e-18,7.475e-18,3.140e-18,-0.0006,-92.39,1
BottomS007619,21.8738,34.7298,4.402e-18,7.329e-18,1.520e-17,0.0002,-88.41,0
BottomS007620,21.7829,34.8940,3.998e-17,2.922e-17,1.161e-17,-0.0004,-92.2,0
BottomS007621,21.8718,34.7216,5.519e-18,4.721e-18,2.397e-18,0.0007,-88.42,0
BottomS007622,21.8641,34.7273,5.069e-17,3.787e-17,1.512e-17,0.0007,-88.35,0
BottomS007623,21.8670,34.7253,7.053e-19,1.397e-18,4.339e-18,0.0004,-88.34,0
BottomS007624,21.8653,34.7264,5.558e-18,4.649e-18,2.374e-18,0.0004,-88.42,0
BottomS007625,21.7832,34.9013,6.898e-19,6.509e-19,4.140e-19,0.0007,-92.19,0
BottomS007626,21.7868,34.9039,6.844e-18,5.470e-18,2.557e-18,0.0001,-92.14,0
BottomS007627,21.7910,34.8935,1.425e-16,9.979e-17,3.547e-17,0.0006,-92.16,0
BottomS007628,21.8624,34.7188,2.728e-14,2.736e-14,2.059e-14,-0.0005,-88.46,1
BottomS007629,21.8594,34.7201,7.798e-17,5.430e-17,1.924e-17,0.0001,-88.31,0
BottomS007630,21.8614,34.7215,2.225e-18,1.948e-18,1.033e-18,0.0001,-88.46,0
BottomS007631,21.7908,34.9046,9.580e-19,2.045e-18,7.191e-18,0.0001,-92.28,0
BottomS007632,21.7932,34.9047,9.516e-17,6.554e-17,2.274e-17,0.0009,-92.22,0
BottomS007633,21.8579,34.7154,6.081e-19,5.926e-19,4.029e-19,0.0004,-88.23,0
BottomS007634,21.7999,34.9048,2.048e-18,3.294e-18,6.263e-18,0.0003,-92.24,0
BottomS007635,21.8531,34.7178,5.714e-14,4.113e-14,1.548e-14,0.0001,-88.6,0
BottomS007636,21.7984,34.9062,7.102e-17,5.030e-17,1.837e-17,0.0006,-92.16,0
BottomS007637,21.8490,34.7117,2.432e-17,1.825e-17,7.247e-18,-0.0003,-88.54,0
BottomS007638,21.8030,34.9093,9.424e-17,6.505e-17,2.275e-17,-0.001,-92.14,0
BottomS007639,21.8501,34.7127,1.036e-17,8.113e-18,3.565e-18,0.001,-88.53,1
BottomS007640,21.8051,34.9114,2.632e-16,1.796e-16,6.149e-17,-0.0006,-92.01,0
BottomS007641,21.8063,34.9146,1.084e-19,1.211e-19,1.061e-19,-0.0003,-91.97,0
BottomS007642,21.8090,34.9124,2.320e-17,1.889e-17,9.184e-18,0.0001,-92.02,0
BottomS007643,21.8352,34.7131,4.379e-17,3.304e-17,1.378e-17,-0.0001,-88.68,0
BottomS007644,21.8095,34.9102,2.657e-20,3.220e-20,3.449e-20,-0.0,-92.02,0
BottomS007645,21.8372,34.7147,8.473e-19,1.409e-18,2.965e-18,0.0005,-88.53,0
BottomS007646,21.8171,34.9126,3.258e-17,2.419e-17,9.814e-18,0.001,-91.96,0
BottomS007648,21.8312,34.7150,6.384e-14,5.233e-14,2.546e-14,0.0003,-88.84,1
BottomS007649,21.8198,34.9138,6.059e-19,5.602e-19,3.411e-19,-0.0002,-91.84,0
BottomS007650,21.8263,34.9125,1.101e-20,1.389e-20,1.678e-20,0.0003,-91.8,0
BottomS007651,21.8266,34.9131,3.773e-14,3.709e-14,2.524e-14,-0.0001,-91.78,1
BottomS007652,21.8223,34.7100,1.227e-17,9.461e-18,4.099e-18,-0.0,-88.96,1
BottomS007653,21.8258,34.9116,1.521e-14,1.821e-14,1.981e-14,-0.0003,-91.66,0
BottomS007654,21.8327,34.9144,1.059e-17,8.038e-18,3.413e-18,0.0002,-91.62,1
BottomS007655,21.8328,34.9136,3.189e-18,2.585e-18,1.211e-18,0.0001,-91.54,0
BottomS007656,21.8371,34.9126,9.562e-18,7.667e-18,3.611e-18,0.001,-91.56,0
BottomS007657,21.8127,34.7064,5.627e-17,4.248e-17,1.723e-17,0.0003,-89.07,0
BottomS007658,21.8114,34.7170,4.311e-17,3.005e-17,1.040e-17,-0.0003,-89.06,0
BottomS007661,21.8042,34.7182,4.139e-17,3.043e-17,1.150e-17,0.0003,-89.29,0
BottomS007662,21.8017,34.7155,2.828e-16,1.920e-16,6.473e-17,0.0004,-89.29,0
BottomS007663,21.8547,34.9045,3.254e-16,2.216e-16,7.626e-17,0.0004,-91.3,0
BottomS007664,21.7959,34.7161,2.444e-17,1.851e-17,7.673e-18,-0.0002,-89.45,1
BottomS007665,21.8566,34.9001,3.108e-18,5.292e-18,1.106e-17,0.0,-91.08,0
BottomS007666,21.7922,34.7244,2.524e-18,2.075e-18,1.013e-18,-0.0001,-89.62,0
BottomS007667,21.8619,34.9000,7.629e-18,6.174e-18,2.982e-18,-0.0006,-91.2,0
BottomS007668,21.7856,34.7230,2.213e-17,1.728e-17,7.578e-18,0.0005,-89.59,1
BottomS007669,21.7866,34.7286,8.313e-18,6.705e-18,3.059e-18,0.0001,-89.76,0
BottomS007670,21.8657,34.8869,7.350e-17,5.160e-17,1.832e-17,0.0004,-90.75,0
BottomS007671,21.7803,34.7329,8.144e-18,6.193e-18,2.685e-18,0.0008,-89.71,0
BottomS007672,21.7761,34.7330,1.055e-18,9.696e-19,5.810e-19,0.0008,-89.97,0
BottomS007673,21.7778,34.7401,1.899e-17,1.376e-17,5.255e-18,0.0006,-89.88,0
BottomS007674,21.7762,34.7457,8.691e-19,1.393e-18,2.592e-18,0.0001,-90.17,0
BottomS007675,21.8802,34.8804,6.281e-17,4.487e-17,1.619e-17,-0.0002,-90.53,0
BottomS007676,21.8826,34.8809,5.272e-18,4.293e-18,1.978e-18,-0.0009,-90.58,0
BottomS007677,21.7655,34.7472,5.881e-14,4.885e-14,2.460e-14,0.0005,-90.16,1
BottomS007678,21.8913,34.8778,2.271e-16,1.523e-16,4.908e-17,-0.0002,-90.36,0
BottomS007679,21.7604,34.7546,5.539e-20,6.456e-20,6.434e-20,0.0002,-90.26,0
BottomS007680,21.7534,34.7519,5.494e-17,3.944e-17,1.408e-17,-0.0006,-90.34,0
BottomS007681,21.7520,34.7561,2.192e-20,2.747e-20,3.180e-20,-0.0,-90.54,0
BottomS007682,21.7516,34.7568,3.829e-18,3.188e-18,1.570e-18,-0.0001,-90.56,0
BottomS007683,21.9000,34.8591,3.681e-20,4.188e-20,3.984e-20,-0.0011,-89.97,0
BottomS007684,21.9039,34.8557,7.205e-19,6.588e-19,3.987e-19,-0.0001,-89.83,0
BottomS007685,21.9070,34.8523,4.006e-16,2.658e-16,8.386e-17,-0.0002,-89.85,0
BottomS007686,21.7504,34.7805,2.376e-17,1.860e-17,8.234e-18,0.0004,-90.84,1
BottomS007687,21.9132,34.8433,1.147e-18,1.021e-18,5.942e-19,0.0007,-89.72,0
BottomS007688,21.7417,34.7887,3.246e-19,3.295e-19,2.464e-19,-0.0012,-91.1,0
BottomS007689,21.9150,34.8298,5.750e-16,3.794e-16,1.221e-16,-0.0006,-89.57,0
BottomS007690,21.7342,34.7908,2.542e-19,2.633e-19,2.058e-19,0.0001,-91.01,0
BottomS007691,21.7354,34.7985,2.336e-19,2.351e-19,1.725e-19,0.0002,-91.3,0
BottomS007692,21.9180,34.8273,1.080e-17,8.096e-18,3.207e-18,0.0006,-89.41,0
BottomS007693,21.9184,34.8150,2.027e-18,1.772e-18,9.734e-19,-0.0001,-89.26,0
BottomS007694,21.7297,34.8080,3.529e-14,2.409e-14,8.380e-15,0.0001,-91.31,0
BottomS007695,21.9249,34.8063,4.934e-18,4.067e-18,2.035e-18,0.0001,-89.04,0
BottomS007696,21.7293,34.8178,5.451e-17,3.929e-17,1.512e-17,0.0,-91.53,0
BottomS007697,21.9191,34.8020,3.525e-17,2.569e-17,9.727e-18,-0.0001,-89.06,0
BottomS007698,21.7233,34.8327,2.524e-17,1.844e-17,7.240e-18,0.0004,-91.82,0
BottomS007699,21.9291,34.7819,5.085e-19,4.719e-19,3.071e-19,0.0005,-88.85,0
BottomS007700,21.7205,34.8419,2.805e-19,2.727e-19,1.857e-19,0.0005,-91.74,0
BottomS007701,21.7226,34.8418,2.102e-16,1.407e-16,4.733e-17,0.0008,-91.83,0
BottomS007702,21.9291,34.7751,2.373e-14,1.650e-14,5.634e-15,-0.0002,-88.8,0
BottomS007703,21.7197,34.8592,7.317e-17,5.040e-17,1.755e-17,0.0003,-91.89,0
BottomS007704,21.7164,34.8632,3.164e-19,3.076e-19,2.163e-19,-0.0008,-92.03,0
BottomS007705,21.9254,34.7584,2.560e-15,1.676e-15,5.314e-16,0.0007,-88.6,0
BottomS007706,21.7260,34.8705,1.214e-19,1.299e-19,1.095e-19,0.0002,-92.16,0
BottomS007707,21.7214,34.8784,7.559e-17,5.490e-17,2.040e-17,0.0001,-92.2,0
BottomS007708,21.7303,34.8731,1.173e-16,8.120e-17,2.913e-17,0.0003,-92.12,0
BottomS007709,21.7229,34.8925,6.224e-18,5.157e-18,2.497e-18,0.0007,-92.23,0
BottomS007710,21.7289,34.8903,1.249e-17,9.583e-18,4.059e-18,0.0002,-92.09,1
BottomS007711,21.9220,34.7283,1.190e-18,1.132e-18,7.203e-19,0.0,-88.39,0
BottomS007712,21.7310,34.9022,5.527e-18,4.791e-18,2.628e-18,-0.0003,-92.33,0
BottomS007713,21.9217,34.7135,1.727e-16,1.202e-16,4.168e-17,-0.0008,-88.29,0
BottomS007714,21.9177,34.7135,3.394e-20,3.822e-20,3.567e-20,-0.0004,-88.29,0
BottomS007715,21.7331,34.9224,4.010e-18,3.163e-18,1.424e-18,-0.0006,-92.39,0
BottomS007717,21.7365,34.9272,9.994e-17,6.857e-17,2.372e-17,0.0007,-92.49,0
BottomS007718,21.9094,34.6896,4.313e-14,3.086e-14,1.126e-14,-0.001,-88.17,0
BottomS007719,21.8989,34.6917,1.853e-17,1.411e-17,6.064e-18,0.0004,-88.15,1
BottomS007720,21.7522,34.9357,1.733e-18,1.482e-18,7.964e-19,-0.0004,-92.37,0
BottomS007721,21.8999,34.6798,2.719e-14,1.991e-14,7.636e-15,0.0007,-88.25,0
BottomS007722,21.8962,34.6785,5.306e-17,3.863e-17,1.419e-17,0.0003,-88.23,0
BottomS007724,21.7689,34.9561,4.541e-16,3.116e-16,1.055e-16,0.0,-92.25,0
BottomS007725,21.8767,34.6703,1.960e-17,1.501e-17,6.600e-18,0.0001,-88.26,1
BottomS007726,21.7768,34.9575,4.357e-19,6.867e-19,1.307e-18,-0.0001,-92.18,0
BottomS007727,21.8712,34.6676,4.645e-17,3.280e-17,1.196e-17,-0.0004,-88.39,0
BottomS007728,21.8657,34.6631,5.723e-18,4.746e-18,2.313e-18,0.0001,-88.43,0
BottomS007729,21.7939,34.9717,1.368e-18,3.019e-18,1.123e-17,0.0005,-92.26,0
BottomS007730,21.8551,34.6624,1.012e-20,1.320e-20,1.625e-20,-0.0004,-88.62,0
BottomS007731,21.8458,34.6545,2.582e-18,2.287e-18,1.283e-18,0.0,-88.62,0
BottomS007732,21.8108,34.9603,2.994e-17,2.210e-17,8.937e-18,-0.0003,-92.0,0
BottomS007733,21.8172,34.9623,7.464e-17,5.372e-17,2.024e-17,-0.0007,-91.85,0
BottomS007734,21.8241,34.9616,3.930e-18,9.652e-18,4.356e-17,0.0003,-91.84,0
BottomS007735,21.8162,34.6532,2.458e-16,1.704e-16,5.981e-17,-0.0002,-88.99,0
BottomS007736,21.8339,34.9501,1.897e-18,1.509e-18,6.986e-19,-0.0002,-91.81,0
BottomS007737,21.8363,34.9492,5.064e-19,7.842e-19,1.379e-18,0.0005,-91.73,0
BottomS007738,21.8457,34.9510,1.095e-16,7.864e-17,2.911e-17,-0.0002,-91.38,0
BottomS007739,21.8529,34.9463,2.432e-17,1.850e-17,8.015e-18,-0.0001,-91.37,1
BottomS007740,21.8655,34.9530,8.172e-14,6.643e-14,3.064e-14,0.0004,-91.32,1
BottomS007741,21.8751,34.9541,2.873e-18,5.420e-18,1.445e-17,0.0002,-91.1,0
BottomS007742,21.8736,34.9343,3.367e-18,2.735e-18,1.296e-18,-0.0003,-91.17,0
BottomS007743,21.7703,34.6898,1.490e-17,1.118e-17,4.478e-18,-0.0005,-89.71,0
BottomS007744,21.7592,34.6912,4.787e-18,3.834e-18,1.825e-18,-0.0003,-89.7,0
BottomS007747,21.8719,34.7512,5.077e-19,4.931e-19,3.362e-19,0.0009,-88.28,0
BottomS007748,21.7689,34.8794,8.117e-19,1.273e-18,2.442e-18,0.0009,-92.27,0
BottomS007749,21.8639,34.7551,1.976e-18,1.724e-18,9.120e-19,0.0002,-88.4,0
BottomS007750,21.8777,34.7372,1.494e-17,1.141e-17,4.674e-18,0.0007,-88.31,1
BottomS007752,21.8747,34.7422,3.374e-18,2.824e-18,1.413e-18,0.0011,-88.34,0
BottomS007754,21.8652,34.7461,2.101e-18,1.952e-18,1.215e-18,0.0009,-88.45,0
BottomS007756,21.7816,34.8718,6.622e-20,7.461e-20,6.920e-20,0.0007,-92.23,0
BottomS007757,21.7808,34.8837,6.943e-14,5.634e-14,2.685e-14,0.0015,-92.28,1
BottomS007759,21.7762,34.8828,9.085e-18,6.789e-18,2.827e-18,0.0003,-92.23,1
BottomS007760,21.7768,34.8814,8.684e-17,5.934e-17,2.037e-17,0.0006,-92.24,0
BottomS007761,21.7799,34.8913,1.219e-20,1.461e-20,1.533e-20,0.0007,-92.27,0
BottomS007762,21.8631,34.7392,6.007e-19,1.042e-18,2.389e-18,0.0012,-88.47,0
BottomS007764,21.7931,34.8839,2.543e-19,2.492e-19,1.761e-19,-0.0002,-92.2,0
BottomS007765,21.7897,34.8845,2.123e-19,2.167e-19,1.680e-19,0.0,-92.21,0
BottomS007766,21.8642,34.7356,1.306e-19,1.421e-19,1.247e-19,0.0004,-88.38,0
BottomS007768,21.7794,34.8910,7.747e-19,6.961e-19,3.953e-19,-0.0001,-92.24,0
BottomS007772,21.8626,34.7273,4.578e-19,9.636e-19,3.170e-18,0.0001,-88.47,0
BottomS007773,21.8650,34.7308,8.117e-20,9.229e-20,8.325e-20,0.0013,-88.31,0
BottomS007774,21.7888,34.8940,2.462e-18,5.793e-18,2.551e-17,0.0002,-92.3,0
BottomS007775,21.8736,34.7220,1.650e-19,1.712e-19,1.308e-19,0.0001,-88.42,0
BottomS007776,21.8641,34.7271,2.211e-18,3.959e-18,9.611e-18,0.0005,-88.42,0
BottomS007777,21.8638,34.7250,2.891e-19,2.968e-19,2.297e-19,0.0006,-88.36,0
BottomS007778,21.7920,34.8974,1.588e-14,1.079e-14,3.572e-15,-0.0009,-92.29,0
BottomS007779,21.7945,34.9048,1.699e-20,2.264e-20,3.062e-20,-0.0007,-92.21,0
BottomS007780,21.8581,34.7237,6.688e-20,7.715e-20,7.455e-20,0.0006,-88.36,0
BottomS007781,21.7916,34.8955,4.061e-18,3.156e-18,1.412e-18,-0.0003,-92.24,0
BottomS007782,21.8007,34.8859,9.034e-19,8.277e-19,4.874e-19,0.0001,-92.19,0
BottomS007783,21.7942,34.8954,2.757e-18,2.320e-18,1.209e-18,-0.0,-92.15,0
BottomS007788,21.8034,34.9065,8.496e-17,6.096e-17,2.267e-17,0.0005,-92.01,0
BottomS007789,21.7978,34.9036,5.722e-20,6.474e-20,5.857e-20,0.0004,-92.2,0
BottomS007790,21.8020,34.8966,1.102e-17,8.693e-18,3.899e-18,0.0006,-92.11,1
BottomS007791,21.7967,34.9117,7.849e-17,5.403e-17,1.805e-17,0.0001,-92.08,0
BottomS007792,21.8002,34.9095,8.487e-18,6.880e-18,3.367e-18,-0.0008,-92.12,0
BottomS007793,21.8104,34.9092,3.602e-19,3.447e-19,2.295e-19,-0.0,-91.97,0
BottomS007794,21.8382,34.7195,8.249e-18,6.632e-18,3.090e-18,-0.0004,-88.77,0
BottomS007795,21.8055,34.9064,5.123e-19,4.957e-19,3.374e-19,0.0004,-91.92,0
BottomS007796,21.8106,34.8910,8.077e-17,5.720e-17,2.150e-17,-0.0004,-92.04,0
BottomS007797,21.8409,34.7197,4.921e-18,3.998e-18,1.941e-18,-0.0005,-88.66,0
BottomS007798,21.8207,34.9078,4.669e-18,3.919e-18,1.925e-18,0.0006,-91.89,0
BottomS007799,21.8358,34.7136,4.459e-18,3.688e-18,1.812e-18,-0.0001,-88.84,0
BottomS007800,21.8378,34.7125,1.861e-19,1.922e-19,1.446e-19,0.0003,-88.69,0
BottomS007802,21.8120,34.9060,8.550e-19,7.635e-19,4.507e-19,0.0002,-91.95,0
BottomS007803,21.8339,34.7065,2.141e-18,5.369e-18,2.613e-17,-0.0003,-88.55,0
BottomS007804,21.8149,34.9075,5.809e-18,4.739e-18,2.263e-18,0.0001,-91.8,0
BottomS007805,21.8365,34.7247,3.265e-18,2.733e-18,1.376e-18,0.0003,-88.79,0
BottomS007809,21.8324,34.7220,1.571e-18,1.340e-18,6.870e-19,-0.0,-88.85,0
BottomS007810,21.8282,34.7108,1.411e-18,1.219e-18,6.668e-19,-0.0002,-88.79,0
BottomS007811,21.8204,34.9160,5.338e-14,4.246e-14,1.957e-14,-0.0001,-91.88,1
BottomS007813,21.8188,34.9030,2.435e-18,4.023e-18,8.462e-18,-0.0005,-91.82,0
BottomS007814,21.8291,34.7148,1.849e-17,1.433e-17,6.168e-18,0.0001,-88.86,1
BottomS007815,21.8246,34.9063,2.101e-20,2.622e-20,2.989e-20,0.0,-91.87,0
BottomS007817,21.8326,34.9040,4.935e-18,4.134e-18,2.059e-18,0.0008,-91.58,0
BottomS007820,21.8385,34.9019,9.590e-19,8.825e-19,5.278e-19,0.0003,-91.45,0
BottomS007821,21.8452,34.9079,1.265e-18,2.099e-18,4.410e-18,0.0,-91.37,0
BottomS007822,21.8073,34.7118,6.782e-19,6.122e-19,3.486e-19,-0.0009,-89.28,0
BottomS007824,21.8378,34.9035,4.002e-18,3.304e-18,1.587e-18,0.0004,-91.48,0
BottomS007825,21.8073,34.7195,9.364e-19,7.945e-19,4.193e-19,0.0005,-89.28,0
BottomS007826,21.8451,34.9031,1.024e-19,1.074e-19,8.839e-20,0.0009,-91.41,0
BottomS007828,21.8426,34.8984,9.049e-16,6.192e-16,2.009e-16,-0.0004,-91.43,0
BottomS007829,21.8505,34.9039,1.954e-20,2.353e-20,2.538e-20,-0.0001,-91.23,0
BottomS007830,21.8512,34.8982,1.698e-19,1.778e-19,1.412e-19,0.0005,-91.1,0
BottomS007831,21.8049,34.7316,2.075e-18,4.405e-18,1.560e-17,-0.0002,-89.38,0
BottomS007833,21.8586,34.9011,1.114e-17,8.746e-18,4.060e-18,-0.0001,-90.97,0
BottomS007834,21.7909,34.7243,4.036e-19,3.858e-19,2.579e-19,-0.0001,-89.64,0
BottomS007835,21.7984,34.7421,4.035e-18,3.381e-18,1.682e-18,0.0,-89.54,0
BottomS007836,21.7855,34.7193,2.431e-17,1.800e-17,7.362e-18,0.0002,-89.54,0
BottomS007837,21.8643,34.8983,8.771e-19,1.806e-18,5.898e-18,0.0,-91.02,0
BottomS007838,21.7827,34.7243,8.992e-19,1.319e-18,2.152e-18,0.0001,-89.71,0
BottomS007839,21.7912,34.7403,9.626e-19,8.522e-19,4.767e-19,-0.0,-89.76,0
BottomS007840,21.8723,34.9012,1.149e-18,9.911e-19,5.368e-19,-0.0006,-90.83,0
BottomS007841,21.7898,34.7472,7.490e-18,6.167e-18,3.002e-18,0.0006,-89.9,0
BottomS007842,21.8776,34.8971,1.574e-18,3.038e-18,8.521e-18,-0.0009,-90.67,0
BottomS007843,21.7757,34.7342,7.066e-19,1.160e-18,2.301e-18,-0.0009,-89.93,0
BottomS007844,21.7705,34.7271,3.350e-17,2.508e-17,1.027e-17,-0.0002,-89.87,0
BottomS007846,21.8816,34.8840,9.141e-19,1.341e-18,2.066e-18,0.0002,-90.52,0
BottomS007847,21.7744,34.7499,9.281e-18,7.256e-18,3.161e-18,0.0007,-90.01,1
BottomS007849,21.7612,34.7405,3.668e-14,2.703e-14,1.018e-14,-0.0004,-90.19,0
BottomS007850,21.8939,34.8847,5.434e-18,1.606e-17,1.094e-16,-0.0003,-90.27,0
BottomS007851,21.8835,34.8632,2.037e-17,1.496e-17,5.973e-18,-0.0004,-90.39,0
BottomS007852,21.8914,34.8711,1.507e-20,2.020e-20,2.561e-20,0.0007,-90.34,0
BottomS007853,21.7618,34.7489,1.824e-17,1.313e-17,5.047e-18,-0.0002,-90.26,0
BottomS007854,21.7570,34.7533,4.658e-19,4.326e-19,2.732e-19,-0.0005,-90.16,0
BottomS007855,21.8988,34.8663,9.473e-20,9.991e-20,8.011e-20,-0.0001,-90.15,0
BottomS007856,21.8878,34.8500,2.126e-18,3.959e-18,1.035e-17,-0.0005,-89.96,0
BottomS007858,21.7554,34.7716,7.859e-19,1.332e-18,2.906e-18,-0.0006,-90.79,0
BottomS007859,21.9060,34.8581,1.315e-18,2.602e-18,7.647e-18,0.0002,-89.87,0
BottomS007860,21.9023,34.8495,1.138e-17,9.122e-18,4.171e-18,-0.0,-89.8,1
BottomS007863,21.9157,34.8508,3.515e-17,2.687e-17,1.136e-17,-0.0003,-89.61,0
BottomS007865,21.9089,34.8440,1.274e-19,1.358e-19,1.120e-19,-0.0002,-89.75,0
BottomS007868,21.7422,34.7918,5.209e-18,4.407e-18,2.230e-18,0.0006,-91.1,0
BottomS007869,21.7377,34.7912,4.193e-14,3.018e-14,1.134e-14,0.0002,-90.99,0
BottomS007870,21.9173,34.8258,1.350e-19,1.452e-19,1.232e-19,-0.0003,-89.46,0
BottomS007871,21.7359,34.8023,1.394e-19,1.488e-19,1.264e-19,0.0008,-91.28,0
BottomS007873,21.7300,34.8053,3.892e-17,2.780e-17,1.039e-17,0.0004,-91.26,0
BottomS007874,21.9123,34.8137,1.471e-19,1.543e-19,1.224e-19,0.0002,-89.33,0
BottomS007875,21.9238,34.8018,3.149e-20,3.791e-20,3.963e-20,0.0,-89.13,0
BottomS007876,21.7256,34.8218,4.573e-17,3.288e-17,1.286e-17,-0.0004,-91.62,0
BottomS007877,21.9209,34.8059,2.700e-18,2.371e-18,1.277e-18,-0.0005,-89.13,0
BottomS007878,21.9191,34.8008,6.000e-17,4.118e-17,1.446e-17,-0.0002,-88.88,0
BottomS007879,21.7332,34.8137,1.581e-19,1.599e-19,1.156e-19,-0.0003,-91.47,0
BottomS007880,21.9137,34.7942,1.866e-18,2.465e-18,3.202e-18,-0.0004,-89.08,0
BottomS007882,21.7339,34.8410,6.534e-17,4.647e-17,1.757e-17,0.0003,-91.8,0
BottomS007883,21.7271,34.8359,3.870e-18,3.384e-18,1.792e-18,-0.0,-91.65,0
BottomS007885,21.9315,34.7625,9.780e-20,1.083e-19,9.637e-20,-0.0001,-88.65,0
BottomS007886,21.7307,34.8490,1.983e-18,1.768e-18,1.004e-18,-0.0002,-91.74,0
BottomS007887,21.7221,34.8532,5.983e-19,5.617e-19,3.528e-19,0.0002,-91.8,0
BottomS007888,21.7199,34.8627,3.350e-18,7.557e-18,2.956e-17,0.0001,-92.01,0
BottomS007889,21.9331,34.7537,1.108e-19,1.292e-19,1.258e-19,0.0003,-88.58,0
BottomS007890,21.9206,34.7548,1.708e-17,1.410e-17,6.953e-18,-0.0002,-88.57,0
BottomS007891,21.9279,34.7368,1.508e-20,1.887e-20,2.160e-20,0.0001,-88.42,0
BottomS007892,21.7274,34.8735,3.675e-17,2.728e-17,1.111e-17,-0.0001,-92.16,0
BottomS007893,21.7375,34.8621,4.894e-18,4.008e-18,1.951e-18,-0.0002,-92.02,0
BottomS007894,21.9353,34.7374,3.638e-19,3.811e-19,3.009e-19,0.0001,-88.38,0
BottomS007895,21.7181,34.8929,2.709e-18,2.270e-18,1.129e-18,0.0006,-92.06,0
BottomS007896,21.9156,34.7421,3.626e-19,6.916e-19,1.922e-18,0.0002,-88.37,0
BottomS007897,21.9225,34.7274,2.065e-15,1.366e-15,4.348e-16,-0.0003,-88.39,0
BottomS007898,21.7340,34.8962,4.844e-18,3.938e-18,1.817e-18,0.0012,-92.19,0
BottomS007900,21.9106,34.7299,1.674e-20,2.043e-20,2.247e-20,-0.0001,-88.49,0
BottomS007901,21.9086,34.7244,1.051e-17,8.190e-18,3.538e-18,-0.0001,-88.43,0
BottomS007902,21.9050,34.7237,1.492e-19,1.623e-19,1.393e-19,0.0001,-88.3,0
BottomS007903,21.7301,34.9193,2.773e-17,1.994e-17,7.425e-18,0.0001,-92.46,0
BottomS007904,21.8794,34.7352,3.424e-19,3.482e-19,2.556e-19,-0.0001,-88.15,0
BottomS007905,21.9125,34.7003,4.013e-18,3.338e-18,1.699e-18,-0.0001,-88.2,0
BottomS007906,21.9014,34.7077,3.458e-17,2.613e-17,1.108e-17,0.0016,-88.24,0
BottomS007908,21.7335,34.9347,1.108e-18,1.769e-18,3.340e-18,-0.0002,-92.36,0
BottomS007909,21.7478,34.9354,8.896e-19,7.821e-19,4.540e-19,-0.0,-92.5,0
BottomS007910,21.9098,34.6774,1.599e-18,1.369e-18,7.154e-19,-0.0006,-88.31,0
BottomS007912,21.9055,34.6701,1.780e-18,1.624e-18,9.738e-19,-0.0001,-88.22,0
BottomS007913,21.7635,34.9425,8.441e-20,9.524e-20,8.670e-20,0.0003,-92.22,0
BottomS007915,21.7703,34.9538,3.747e-18,3.179e-18,1.637e-18,0.0006,-92.37,0
BottomS007917,21.7656,34.9585,5.795e-19,5.465e-19,3.421e-19,0.0007,-92.43,0
BottomS007919,21.7742,34.9473,2.851e-20,3.693e-20,4.479e-20,0.0007,-92.33,0
BottomS007920,21.7886,34.9441,8.614e-19,1.406e-18,2.738e-18,-0.0,-92.3,0
BottomS007921,21.7881,34.9606,1.444e-18,1.263e-18,7.110e-19,0.0002,-92.27,0
BottomS007922,21.8592,34.6678,1.940e-18,1.721e-18,9.967e-19,0.0009,-88.45,0
BottomS007923,21.8532,34.6725,2.084e-18,4.048e-18,1.138e-17,-0.0002,-88.53,0
BottomS007925,21.8105,34.9559,1.934e-19,2.023e-19,1.582e-19,0.0001,-91.85,0
BottomS007927,21.8044,34.9680,2.177e-18,1.903e-18,1.087e-18,0.001,-92.21,0
BottomS007928,21.8344,34.6589,4.950e-19,4.635e-19,3.001e-19,0.0009,-88.63,0
BottomS007929,21.8182,34.9599,1.285e-18,1.163e-18,6.862e-19,0.0005,-91.97,0
BottomS007930,21.8188,34.9490,7.751e-20,8.393e-20,7.174e-20,0.0006,-91.89,0
BottomS007932,21.8312,34.9617,1.002e-17,7.755e-18,3.405e-18,-0.0004,-91.76,1
BottomS007934,21.8195,34.6822,2.015e-18,3.582e-18,8.868e-18,0.0002,-89.0,0
BottomS007935,21.7955,34.6539,1.024e-18,1.943e-18,5.267e-18,-0.0007,-89.24,0
BottomS007937,21.8029,34.6916,1.800e-18,2.989e-18,6.224e-18,0.0004,-89.24,0
BottomS007938,21.8580,34.9402,3.293e-20,4.018e-20,4.472e-20,0.0004,-91.44,0
BottomS007939,21.7883,34.6929,1.484e-17,1.101e-17,4.341e-18,0.0005,-89.45,0
BottomS007940,21.8680,34.9331,4.306e-18,3.721e-18,2.041e-18,-0.0002,-91.24,0
BottomS007942,21.8819,34.9299,8.780e-19,1.344e-18,2.403e-18,0.0001,-90.87,0
BottomS007944,21.7680,34.7142,2.875e-19,2.856e-19,2.007e-19,-0.0002,-89.9,0
BottomS007945,21.9032,34.9307,1.528e-19,1.548e-19,1.144e-19,-0.0002,-90.52,0
BottomS007946,21.9021,34.9168,1.088e-19,1.173e-19,1.003e-19,-0.0002,-90.55,0
BottomS007947,21.9131,34.9153,9.022e-19,8.236e-19,4.827e-19,0.0003,-90.28,0
BottomS007948,21.7500,34.7376,1.005e-17,8.008e-18,3.741e-18,-0.0003,-90.28,0
BottomS007949,19.5511,32.5293,3.731e-18,8.634e-18,3.559e-17,0.0002,-98.01,0
BottomS007955,19.4996,32.4036,3.691e-20,4.281e-20,4.039e-20,-0.001,-100.43,0
BottomS007957,19.5497,32.5295,8.874e-19,1.568e-18,3.755e-18,-0.0004,-97.77,0
BottomS007961,19.5899,32.5909,1.833e-20,2.377e-20,2.963e-20,-0.0003,-97.88,0
BottomS007964,19.5560,32.5266,6.034e-14,4.249e-14,1.521e-14,0.0004,-99.18,0
BottomS007969,19.5437,32.5295,3.963e-19,3.912e-19,2.703e-19,-0.0001,-98.54,0
BottomS007973,19.5529,32.5297,2.936e-20,3.563e-20,3.837e-20,-0.0003,-97.98,0
BottomS007974,19.5540,32.5084,2.444e-20,2.878e-20,2.928e-20,0.0002,-100.09,0
BottomS007977,19.5548,32.5257,1.137e-18,2.038e-18,5.044e-18,0.0001,-99.69,0
BottomS007979,19.5592,32.5359,2.350e-20,2.877e-20,3.108e-20,0.0007,-98.48,0
BottomS007991,19.5428,32.5192,4.518e-19,4.234e-19,2.722e-19,-0.0001,-99.64,0
BottomS007993,19.5551,32.4864,2.890e-19,2.863e-19,2.042e-19,-0.001,-100.55,0
BottomS007996,19.5252,32.5108,1.449e-20,1.870e-20,2.250e-20,-0.0002,-99.28,0
BottomS008003,19.5487,32.5272,3.939e-19,4.032e-19,3.012e-19,0.0003,-97.57,0
BottomS008005,19.5282,32.5385,1.355e-20,1.801e-20,2.371e-20,-0.0003,-98.52,0
BottomS008011,19.5572,32.5872,2.867e-18,2.395e-18,1.174e-18,-0.0004,-97.17,0
BottomS008020,19.5527,32.5289,3.693e-20,4.223e-20,4.001e-20,-0.0003,-98.33,0
BottomS008021,19.5541,32.4869,7.736e-19,7.221e-19,4.513e-19,-0.0012,-100.59,0
BottomS008025,19.5437,32.5478,4.217e-20,4.943e-20,4.952e-20,-0.0002,-97.77,0
BottomS008032,19.4928,32.3374,9.148e-19,1.557e-18,3.354e-18,-0.0002,-100.7,0
BottomS008034,19.5239,32.5180,1.003e-20,1.289e-20,1.599e-20,-0.0005,-99.18,0
BottomS008037,19.5567,32.5276,3.133e-20,3.837e-20,4.039e-20,0.0006,-99.0,0
BottomS008041,19.5358,32.4637,1.200e-20,1.580e-20,1.947e-20,-0.0008,-100.8,0
BottomS008044,19.5487,32.5223,3.975e-19,3.788e-19,2.484e-19,0.001,-100.49,0
BottomS008053,19.5481,32.5377,6.467e-20,7.086e-20,6.274e-20,0.001,-97.55,0
BottomS008070,19.5440,32.5184,1.717e-18,1.495e-18,7.970e-19,-0.0002,-99.52,0
BottomS008076,19.5310,32.5785,2.674e-19,5.319e-19,1.588e-18,-0.0007,-97.7,0
BottomS008077,19.5629,32.5286,3.875e-19,3.773e-19,2.566e-19,-0.0005,-98.91,0
BottomS008078,19.5243,32.5276,2.270e-20,2.716e-20,2.797e-20,0.0008,-98.89,0
BottomS008079,19.5487,32.5040,1.598e-18,2.669e-18,5.638e-18,0.0001,-100.55,0
BottomS008082,19.5400,32.5067,1.045e-19,1.198e-19,1.121e-19,0.0003,-99.95,0
BottomS008083,19.5715,32.5050,1.452e-19,1.509e-19,1.159e-19,-0.0007,-99.65,0
BottomS008084,19.5529,32.5111,6.007e-19,6.040e-19,4.268e-19,-0.0009,-100.47,0
BottomS008087,19.5130,32.5186,3.938e-14,2.973e-14,1.214e-14,0.0004,-99.05,0
BottomS008090,19.5438,32.5131,1.145e-20,1.602e-20,2.265e-20,0.0012,-100.51,0
BottomS008092,19.5582,32.5360,9.276e-17,2.879e-16,2.162e-15,0.0006,-98.14,0
BottomS008096,19.5440,32.5054,1.734e-18,1.510e-18,8.417e-19,0.0006,-100.75,0
BottomS008097,19.5600,32.5824,4.056e-19,6.966e-19,1.489e-18,0.0001,-97.09,0
BottomS008098,19.5516,32.5280,1.681e-18,1.444e-18,7.657e-19,-0.0005,-98.54,0
BottomS008102,19.5471,32.5265,2.776e-18,5.245e-18,1.378e-17,0.0,-99.34,0
BottomS008103,19.5475,32.5156,5.933e-18,1.485e-17,6.956e-17,0.0008,-100.57,0
BottomS008106,19.4682,32.4986,7.396e-19,6.923e-19,4.371e-19,-0.0004,-99.17,0
BottomS008110,19.5531,32.5381,1.696e-20,2.117e-20,2.426e-20,0.0003,-97.48,0
BottomS008113,19.5827,32.4620,1.433e-19,1.545e-19,1.312e-19,-0.0,-99.99,0
BottomS008116,19.5511,32.5694,9.743e-20,9.874e-20,7.433e-20,0.0007,-97.21,0
BottomS008117,19.5945,32.5984,5.424e-20,6.083e-20,5.534e-20,0.0,-97.9,0
BottomS008118,19.6073,32.7457,1.052e-20,1.359e-20,1.626e-20,0.0005,-97.13,0
BottomS008125,19.5422,32.5185,2.558e-18,2.179e-18,1.116e-18,-0.0001,-99.56,0
BottomS008127,19.5759,32.5494,1.031e-18,1.549e-18,2.526e-18,0.0002,-98.32,0
BottomS008128,19.5732,32.5108,1.748e-20,2.159e-20,2.532e-20,-0.0005,-99.45,0
BottomS008134,19.6040,32.5289,1.863e-18,3.168e-18,7.041e-18,0.0004,-99.07,0
BottomS008135,19.5555,32.5238,7.085e-14,5.446e-14,2.368e-14,0.0003,-99.47,1
BottomS008142,19.5579,32.5400,8.420e-20,9.473e-20,8.955e-20,0.0007,-98.14,0
BottomS008144,19.5435,32.5341,3.075e-20,3.585e-20,3.470e-20,-0.0001,-98.36,0
BottomS008145,19.5395,32.5183,3.203e-19,3.043e-19,2.018e-19,-0.0007,-99.94,0
BottomS008147,19.5487,32.5321,1.948e-20,2.324e-20,2.477e-20,0.0003,-97.46,0
BottomS008149,19.5392,32.5087,1.176e-20,1.613e-20,2.202e-20,-0.0002,-100.41,0
BottomS008150,19.5503,32.5355,1.264e-20,1.758e-20,2.478e-20,0.0003,-97.46,0
BottomS008152,19.5534,32.5375,1.412e-19,1.580e-19,1.408e-19,0.0002,-97.79,0
BottomS008153,19.5484,32.5306,2.604e-19,2.753e-19,2.139e-19,-0.0002,-97.48,0
BottomS008157,19.5492,32.5087,1.378e-18,1.184e-18,6.308e-19,-0.0014,-100.58,0
BottomS008159,19.5415,32.5224,1.137e-18,1.002e-18,5.787e-19,0.0005,-99.47,0
BottomS008161,19.5507,32.5534,7.143e-20,7.829e-20,6.928e-20,-0.0002,-97.41,0
BottomS008163,19.5368,32.5700,1.081e-18,1.979e-18,5.245e-18,0.0,-97.52,0
BottomS008167,19.5489,32.4953,1.847e-20,2.409e-20,2.945e-20,0.0003,-100.81,0
BottomS008169,19.5329,32.5273,6.482e-20,7.380e-20,7.058e-20,0.0002,-98.76,0
BottomS008171,19.5577,32.5249,1.046e-20,1.384e-20,1.769e-20,0.0,-99.18,0
BottomS008174,19.5435,32.5438,5.692e-19,1.062e-18,2.829e-18,-0.0003,-97.65,0
BottomS008180,19.5734,32.5062,1.095e-18,2.105e-18,5.770e-18,0.0005,-99.64,0
BottomS008191,19.5500,32.5287,1.680e-15,1.101e-15,3.491e-16,-0.0001,-97.35,0
BottomS008192,19.5718,32.4847,1.589e-19,1.689e-19,1.398e-19,0.0004,-100.01,0
BottomS008197,19.5564,32.5081,1.644e-18,3.275e-18,9.692e-18,0.0009,-100.07,0
BottomS008198,19.5460,32.4979,1.152e-19,1.144e-19,8.493e-20,-0.0002,-100.69,0
BottomS008199,19.5471,32.5279,2.041e-18,3.762e-18,9.337e-18,0.0005,-98.22,0
BottomS008200,19.5733,32.6009,1.534e-20,1.987e-20,2.551e-20,0.0,-97.28,0
BottomS008205,19.5449,32.5158,6.757e-19,1.328e-18,4.065e-18,-0.0005,-99.59,0
BottomS008208,19.5567,32.5387,3.843e-14,3.074e-14,1.438e-14,-0.0001,-97.8,1
BottomS008211,19.5629,32.5062,4.622e-20,5.307e-20,5.106e-20,0.0007,-99.89,0
BottomS008214,19.5245,32.5287,2.085e-19,2.051e-19,1.468e-19,-0.0004,-98.79,0
BottomS008219,19.5170,32.4893,4.950e-18,1.362e-17,8.301e-17,-0.0012,-99.71,0
BottomS008220,19.5989,32.5740,7.714e-20,8.385e-20,7.171e-20,0.0008,-98.25,0
BottomS008221,19.5508,32.5412,1.365e-19,1.453e-19,1.247e-19,0.0002,-97.37,0
BottomS008222,19.5480,32.5002,1.680e-20,2.129e-20,2.443e-20,0.0001,-100.74,0
BottomS008228,19.5505,32.5486,7.609e-20,8.379e-20,7.661e-20,0.0002,-97.38,0
BottomS008229,19.5520,32.5301,3.039e-18,6.732e-18,2.489e-17,-0.0001,-97.95,0
BottomS008230,19.5578,32.5202,3.729e-19,6.478e-19,1.501e-18,-0.0004,-99.76,0
BottomS008232,19.5377,32.4949,3.653e-20,4.506e-20,4.998e-20,-0.0013,-100.41,0
BottomS008239,19.5522,32.5148,1.036e-20,1.358e-20,1.720e-20,-0.0004,-100.43,0
BottomS008246,19.5251,32.5226,3.175e-20,3.859e-20,4.264e-20,-0.0002,-98.94,0
BottomS008249,19.5396,32.4834,8.806e-20,9.512e-20,7.893e-20,0.0007,-100.72,0
BottomS008251,19.5505,32.5186,1.255e-18,2.008e-18,3.659e-18,0.0001,-100.1,0
BottomS008258,19.5415,32.5331,3.594e-19,3.641e-19,2.706e-19,0.0008,-98.5,0
BottomS008265,19.5643,32.4532,3.108e-18,6.756e-18,2.453e-17,-0.0002,-100.34,0
BottomS008267,19.5594,32.5405,4.068e-18,3.262e-18,1.506e-18,-0.0003,-98.14,0
BottomS008269,19.5764,32.5198,1.524e-18,2.268e-18,3.825e-18,0.0003,-99.28,0
BottomS008271,19.5606,32.5306,6.122e-20,6.819e-20,6.435e-20,0.0001,-98.5,0
BottomS008273,19.5679,32.5358,8.519e-19,7.647e-19,4.420e-19,-0.0008,-98.61,0
BottomS008278,19.5496,32.5242,2.976e-19,4.605e-19,8.194e-19,-0.0006,-99.8,0
BottomS008279,19.5475,32.5328,1.470e-15,2.477e-15,5.193e-15,-0.0002,-98.37,0
BottomS008280,19.5505,32.5431,1.375e-18,3.062e-18,1.198e-17,-0.0002,-97.5,0
BottomS008283,19.5808,32.5333,1.293e-14,8.637e-15,2.814e-15,-0.0001,-98.96,0
BottomS008286,19.5551,32.5311,8.189e-20,9.396e-20,8.999e-20,-0.0003,-98.22,0
BottomS008287,19.4794,32.4767,9.475e-20,1.045e-19,9.013e-20,0.0004,-99.43,0
BottomS008289,19.4806,32.7449,7.821e-19,1.668e-18,5.750e-18,0.0002,-97.9,0
BottomS008292,19.5530,32.5264,3.058e-14,2.117e-14,7.427e-15,-0.0015,-100.62,0
BottomS008294,19.5805,32.4358,5.551e-20,6.463e-20,6.192e-20,0.0004,-100.24,0
BottomS008297,19.5351,32.5167,5.489e-19,9.415e-19,2.062e-18,0.0007,-99.78,0
BottomS008298,19.5701,32.5220,5.131e-18,3.961e-18,1.787e-18,-0.0003,-99.6,0
BottomS008299,19.5376,32.5121,8.063e-19,6.840e-19,3.718e-19,0.0005,-99.92,0
BottomS008302,19.5673,32.5078,4.254e-19,3.907e-19,2.407e-19,-0.0001,-100.37,0
BottomS008303,19.5548,32.5062,5.405e-19,5.083e-19,3.282e-19,-0.0003,-100.64,0
BottomS008306,19.5343,32.5052,1.798e-18,2.988e-18,6.108e-18,-0.0006,-100.64,0
BottomS008307,19.5528,32.5207,1.189e-20,1.548e-20,1.909e-20,-0.0008,-99.43,0
BottomS008309,19.5591,32.5366,6.517e-19,5.966e-19,3.723e-19,0.0002,-98.12,0
BottomS008312,19.5631,32.5387,4.784e-20,5.412e-20,5.087e-20,-0.0,-97.58,0
BottomS008314,19.5496,32.5147,3.862e-14,3.549e-14,2.100e-14,0.0002,-100.09,1
BottomS008316,19.5649,32.5077,4.113e-20,4.847e-20,5.082e-20,-0.0005,-100.2,0
BottomS008318,19.5551,32.5149,5.790e-19,5.374e-19,3.424e-19,-0.0002,-99.91,0
BottomS008319,19.5673,32.5264,3.949e-18,3.097e-18,1.451e-18,-0.0008,-99.19,0
BottomS008320,19.5528,32.5409,3.240e-20,4.072e-20,4.648e-20,-0.0013,-97.99,0
BottomS008323,19.5439,32.5028,2.504e-18,2.096e-18,1.063e-18,0.0004,-100.71,0
BottomS008324,19.5502,32.5322,1.460e-18,3.172e-18,1.137e-17,0.0003,-97.25,0
BottomS008326,19.5653,32.5322,2.833e-20,3.569e-20,4.122e-20,-0.0009,-98.42,0
BottomS008328,19.5667,32.5313,7.487e-18,5.926e-18,2.687e-18,-0.0003,-98.89,1
BottomS008330,19.5650,32.5454,2.391e-19,2.505e-19,1.964e-19,0.0003,-98.23,0
BottomS008331,19.5581,32.5202,7.009e-20,8.500e-20,8.933e-20,0.0006,-99.68,0
BottomS008333,19.5568,32.5520,1.691e-19,1.669e-19,1.169e-19,-0.0006,-97.17,0
BottomS008334,19.5682,32.5460,1.602e-20,2.102e-20,2.728e-20,-0.0007,-97.4,0
BottomS008335,19.5401,32.4829,6.215e-20,7.000e-20,6.575e-20,0.0002,-100.86,0
BottomS008340,19.5394,32.5235,1.921e-18,1.685e-18,9.024e-19,0.0,-100.01,0
BottomS008342,19.5441,32.5103,1.514e-14,1.021e-14,3.420e-15,0.0002,-99.74,0
BottomS008344,19.5740,32.5302,2.615e-19,2.653e-19,1.886e-19,0.0011,-98.94,0
BottomS008345,19.5546,32.4993,8.443e-15,5.487e-15,1.660e-15,-0.0003,-100.66,0
BottomS008346,19.5476,32.5173,5.193e-14,3.908e-14,1.519e-14,0.0005,-99.56,0
BottomS008347,19.5600,32.5421,2.420e-19,2.475e-19,1.860e-19,-0.0001,-97.83,0
BottomS008348,19.5567,32.5591,3.685e-18,2.974e-18,1.427e-18,-0.0001,-97.27,0
BottomS008349,19.5726,32.5191,2.100e-18,1.726e-18,8.308e-19,-0.0001,-100.65,0
BottomS008350,19.5603,32.5377,2.749e-20,3.180e-20,3.119e-20,0.0003,-98.01,0
BottomS008351,19.5496,32.5064,3.307e-19,3.348e-19,2.512e-19,0.0005,-100.49,0
BottomS008352,19.5586,32.5286,3.858e-19,3.932e-19,2.834e-19,-0.0001,-98.57,0
BottomS008353,19.5754,32.5278,2.358e-20,2.964e-20,3.388e-20,-0.0005,-99.85,0
BottomS008354,19.5420,32.5185,1.641e-19,1.719e-19,1.331e-19,0.0001,-100.09,0
BottomS008358,19.5373,32.5234,1.339e-20,1.840e-20,2.516e-20,-0.0001,-99.31,0
BottomS008359,19.5674,32.5378,1.527e-19,1.577e-19,1.253e-19,-0.0012,-98.65,0
BottomS008363,19.5780,32.5230,2.492e-20,2.996e-20,3.215e-20,-0.0001,-100.57,0
BottomS008365,19.5350,32.5113,3.271e-18,2.788e-18,1.425e-18,0.0003,-100.36,0
BottomS008367,19.5650,32.5365,2.077e-19,2.176e-19,1.718e-19,-0.0005,-98.11,0
BottomS008368,19.5149,32.5102,2.444e-19,2.477e-19,1.887e-19,0.0,-99.69,0
BottomS008369,19.5515,32.5515,2.735e-19,2.762e-19,2.015e-19,0.0006,-97.38,0
BottomS008372,19.5544,32.5140,3.645e-18,2.888e-18,1.284e-18,0.0003,-100.34,0
BottomS008374,19.5293,32.4991,5.161e-14,3.714e-14,1.372e-14,-0.0001,-100.26,0
BottomS008375,19.5319,32.5418,3.054e-20,3.598e-20,3.523e-20,-0.0006,-97.99,0
BottomS008376,19.5314,32.5132,1.724e-18,3.934e-18,1.563e-17,0.0011,-99.98,0
BottomS008379,19.5478,32.5506,6.939e-19,6.739e-19,4.805e-19,0.0007,-97.22,0
BottomS008380,19.5583,32.5327,2.761e-18,5.502e-18,1.624e-17,0.0004,-98.47,0
BottomS008381,19.5633,32.5293,1.029e-18,2.199e-18,7.717e-18,0.0008,-98.94,0
BottomS008382,19.5422,32.5020,3.450e-20,4.080e-20,4.293e-20,0.0003,-100.31,0
BottomS008383,19.5449,32.5088,5.362e-19,4.865e-19,2.846e-19,-0.0001,-100.6,0
BottomS008384,19.5475,32.5363,1.317e-20,1.688e-20,2.019e-20,-0.0004,-98.0,0
BottomS008385,19.5486,32.5191,4.407e-19,8.353e-19,2.376e-18,0.0008,-100.12,0
BottomS008386,19.5576,32.5284,2.989e-18,2.579e-18,1.392e-18,0.0002,-98.88,0
BottomS008392,19.5650,32.5265,4.170e-18,3.363e-18,1.618e-18,0.0002,-99.2,0
BottomS008394,19.5523,32.5255,2.101e-18,1.740e-18,8.665e-19,-0.0001,-99.1,0
BottomS008395,19.5703,32.5423,1.895e-20,2.411e-20,2.915e-20,-0.0004,-97.36,0
BottomS008397,19.5456,32.5329,1.455e-18,1.315e-18,7.746e-19,0.0001,-97.77,0
BottomS008398,19.5572,32.5241,1.934e-20,2.394e-20,2.675e-20,0.0009,-99.43,0
BottomS008399,19.5556,32.5055,4.353e-19,4.144e-19,2.699e-19,-0.0004,-100.57,0
BottomS008400,19.5461,32.5338,7.174e-19,6.557e-19,3.840e-19,-0.0006,-98.2,0
BottomS008401,19.5548,32.5354,1.027e-18,9.053e-19,5.291e-19,0.0001,-98.01,0
BottomS008403,19.5592,32.5568,9.239e-19,8.534e-19,5.169e-19,-0.0001,-97.11,0
BottomS008405,19.5551,32.5480,1.610e-20,2.089e-20,2.511e-20,0.0003,-97.41,0
BottomS008406,19.5493,32.5223,1.480e-20,2.142e-20,3.299e-20,-0.0004,-100.7,0
BottomS008409,19.5486,32.5340,1.896e-19,1.881e-19,1.307e-19,0.0001,-98.4,0
BottomS008410,19.5447,32.4984,3.102e-15,4.929e-15,9.132e-15,-0.0008,-100.68,0
BottomS008411,19.5585,32.5499,1.410e-18,2.703e-18,7.548e-18,-0.0001,-97.47,0
BottomS008412,19.5467,32.5376,3.071e-18,4.949e-18,9.120e-18,-0.0003,-97.86,0
BottomS008414,19.5481,32.5210,1.087e-18,2.164e-18,6.300e-18,-0.0007,-99.52,0
BottomS008415,19.5597,32.5151,8.828e-20,9.419e-20,7.780e-20,-0.0002,-100.3,0
BottomS008416,19.5589,32.5460,5.069e-18,4.058e-18,1.870e-18,0.0001,-97.58,0
BottomS008419,19.5500,32.5224,2.351e-17,1.761e-17,7.415e-18,-0.0007,-99.29,1
BottomS008420,19.5426,32.4946,7.922e-19,7.171e-19,4.402e-19,0.0002,-100.81,0
BottomS008422,19.5720,32.5081,1.238e-19,1.283e-19,9.991e-20,-0.0006,-100.12,0
BottomS008423,19.5474,32.5101,9.586e-19,1.658e-18,3.705e-18,0.0003,-100.38,0
BottomS008428,19.5470,32.5269,1.150e-19,1.264e-19,1.108e-19,-0.0001,-98.97,0
BottomS008429,19.5532,32.5479,1.358e-18,1.174e-18,6.369e-19,0.0,-97.33,0
BottomS008430,19.5687,32.4997,1.028e-20,1.346e-20,1.672e-20,-0.0004,-100.76,0
BottomS008431,19.5377,32.5227,1.618e-19,1.725e-19,1.426e-19,0.001,-99.58,0
BottomS008433,19.5495,32.5463,1.740e-18,1.626e-18,1.020e-18,-0.0002,-97.32,0
BottomS008434,19.5620,32.5658,5.340e-14,3.955e-14,1.628e-14,0.0005,-97.23,0
BottomS008437,19.5515,32.5424,1.584e-18,1.317e-18,6.702e-19,0.0004,-98.09,0
BottomS008438,19.5582,32.5224,2.717e-20,3.363e-20,3.721e-20,-0.0,-100.15,0
BottomS008440,19.5429,32.5076,3.102e-18,5.962e-18,1.634e-17,0.0006,-100.73,0
BottomS008445,19.5413,32.5338,3.040e-20,3.360e-20,2.971e-20,-0.0008,-97.95,0
BottomS008446,19.5260,32.5142,2.474e-19,2.447e-19,1.726e-19,-0.0004,-99.5,0
BottomS008450,19.5500,32.5508,1.413e-18,3.463e-18,1.565e-17,0.0006,-97.23,0
BottomS008451,19.5444,32.5513,7.161e-19,6.533e-19,3.965e-19,0.0002,-97.45,0
BottomS008452,19.5625,32.5400,1.498e-14,1.849e-14,2.078e-14,0.0004,-97.87,0
BottomS008453,19.5509,32.5289,4.948e-19,4.681e-19,3.021e-19,-0.0005,-98.71,0
BottomS008455,19.5549,32.4981,4.342e-20,5.407e-20,6.295e-20,0.0002,-100.8,0
BottomS008456,19.5485,32.5310,1.957e-19,3.176e-19,6.112e-19,0.0,-97.75,0
BottomS008459,19.5681,32.5603,1.907e-19,1.988e-19,1.535e-19,0.0005,-97.52,0
BottomS008461,19.5301,32.5429,1.086e-18,9.717e-19,5.574e-19,-0.0001,-97.66,0
BottomS008462,19.5551,32.5268,2.508e-19,4.104e-19,8.042e-19,0.0,-99.1,0
BottomS008466,19.5522,32.5160,3.713e-18,6.018e-18,1.163e-17,0.0003,-99.83,0
BottomS008469,19.5412,32.5028,1.513e-19,1.600e-19,1.298e-19,-0.0,-100.44,0
BottomS008470,19.5611,32.5484,1.801e-18,1.533e-18,8.099e-19,0.0002,-97.52,0
BottomS008471,19.5537,32.5551,9.020e-19,1.765e-18,5.125e-18,0.001,-97.3,0
BottomS008474,19.5442,32.5171,2.710e-20,3.271e-20,3.541e-20,-0.0011,-100.03,0
BottomS008475,19.5632,32.5513,6.825e-14,5.828e-14,3.086e-14,-0.0001,-97.61,1
BottomS008477,19.5305,32.4925,2.714e-19,4.597e-19,9.694e-19,-0.0002,-100.35,0
BottomS008478,19.5410,32.4951,7.802e-14,5.967e-14,2.514e-14,-0.0006,-100.56,1
BottomS008479,19.5648,32.5698,6.465e-19,1.057e-18,2.100e-18,-0.0004,-97.43,0
BottomS008483,19.5556,32.5466,3.646e-20,4.323e-20,4.288e-20,-0.0005,-97.57,0
BottomS008485,19.5620,32.5584,3.660e-20,4.248e-20,4.081e-20,-0.0007,-97.43,0
BottomS008488,19.5649,32.5446,1.241e-19,1.286e-19,9.880e-20,0.0003,-97.85,0
BottomS008490,19.5619,32.5616,5.734e-14,4.667e-14,2.142e-14,0.0006,-97.25,1
BottomS008495,19.5431,32.5123,3.817e-19,5.806e-19,1.025e-18,-0.0002,-100.01,0
BottomS008496,19.5611,32.5559,1.206e-19,1.257e-19,1.026e-19,0.0003,-97.39,0
BottomS008497,19.5415,32.4998,3.913e-19,7.256e-19,1.865e-18,-0.0,-100.54,0
BottomS008498,19.5727,32.5662,3.515e-15,2.324e-15,7.330e-16,0.0002,-97.57,0
BottomS008501,19.5562,32.5463,1.419e-18,2.796e-18,8.241e-18,0.0,-97.59,0
BottomS008502,19.5587,32.5562,3.012e-18,2.551e-18,1.304e-18,0.0003,-97.35,0
BottomS008503,19.5375,32.5003,3.846e-19,5.374e-19,7.712e-19,0.0,-100.27,0
BottomS008505,19.5386,32.4930,6.373e-20,7.090e-20,6.366e-20,0.0001,-100.71,0
BottomS008507,19.5623,32.5469,2.128e-18,1.851e-18,1.031e-18,-0.0005,-98.02,0
BottomS008508,19.5659,32.5571,2.247e-20,2.761e-20,3.105e-20,0.0003,-97.56,0
BottomS008509,19.5482,32.5075,1.223e-18,1.030e-18,5.485e-19,-0.0001,-100.44,0
BottomS008510,19.5633,32.5560,3.015e-19,2.936e-19,2.040e-19,0.0003,-97.1,0
BottomS008512,19.5592,32.5484,7.637e-14,6.004e-14,2.601e-14,0.0006,-97.47,1
BottomS008514,19.5332,32.4927,3.302e-19,3.135e-19,2.075e-19,0.0001,-100.15,0
BottomS008516,19.5406,32.5048,1.730e-18,1.554e-18,9.058e-19,-0.0004,-100.47,0
BottomS008518,19.5663,32.5595,7.822e-20,8.785e-20,8.047e-20,-0.0001,-97.4,0
BottomS008519,19.5658,32.5597,2.564e-19,2.465e-19,1.661e-19,0.0003,-97.64,0
BottomS008522,19.5587,32.5616,1.108e-18,9.876e-19,5.659e-19,0.0002,-97.18,0
BottomS008524,19.5309,32.4821,3.382e-18,4.743e-18,6.920e-18,0.0001,-100.56,0
BottomS008525,19.5397,32.4995,5.545e-19,5.213e-19,3.245e-19,-0.0,-100.54,0
BottomS008526,19.5628,32.5534,6.862e-18,5.528e-18,2.530e-18,-0.0001,-97.58,0
BottomS008533,19.5661,32.5619,6.304e-20,7.196e-20,6.873e-20,0.0007,-97.55,0
BottomS008534,19.5314,32.4784,9.727e-19,9.180e-19,5.808e-19,0.0,-100.6,0
BottomS008535,19.5684,32.5690,7.633e-20,8.248e-20,6.867e-20,0.0003,-97.44,0
BottomS008538,19.5637,32.5593,4.730e-18,3.838e-18,1.738e-18,-0.0009,-97.53,0
BottomS008542,19.5655,32.5675,1.512e-20,1.985e-20,2.469e-20,0.0,-97.42,0
BottomS008545,19.5625,32.5537,1.284e-19,1.322e-19,9.960e-20,-0.0001,-97.59,0
BottomS008550,19.5690,32.5679,3.235e-20,3.983e-20,4.240e-20,0.0002,-97.44,0
BottomS008551,19.5393,32.4909,1.634e-18,3.446e-18,1.175e-17,-0.0005,-100.56,0
BottomS008552,19.5650,32.5759,1.971e-20,2.460e-20,2.778e-20,0.0005,-97.3,0
BottomS008554,19.5649,32.5643,2.208e-19,2.286e-19,1.814e-19,0.0006,-97.48,0
BottomS008555,19.5295,32.4824,5.265e-19,5.218e-19,3.714e-19,-0.0002,-100.21,0
BottomS008561,19.5701,32.5719,1.460e-19,1.580e-19,1.352e-19,0.0,-97.46,0
BottomS008562,19.5615,32.5633,8.562e-18,6.519e-18,2.741e-18,-0.0004,-97.31,1
BottomS008565,19.5346,32.4831,3.632e-17,2.736e-17,1.146e-17,-0.0015,-100.54,1
BottomS008566,19.5633,32.5565,5.979e-20,6.563e-20,5.720e-20,0.0008,-97.54,0
BottomS008568,19.5705,32.5719,6.257e-19,5.867e-19,3.767e-19,-0.0004,-97.28,0
BottomS008571,19.5315,32.4763,2.811e-19,2.816e-19,2.004e-19,0.0003,-100.45,0
BottomS008573,19.5567,32.5625,7.628e-19,7.436e-19,4.970e-19,0.0013,-97.31,0
BottomS008575,19.5295,32.4890,1.572e-18,1.382e-18,7.701e-19,0.0001,-100.26,0
BottomS008578,19.5748,32.5874,4.403e-20,5.121e-20,4.963e-20,0.0004,-97.48,0
BottomS008583,19.5639,32.5709,4.396e-20,5.181e-20,5.382e-20,0.0002,-97.19,0
BottomS008587,19.5652,32.5706,1.334e-20,1.746e-20,2.222e-20,0.0003,-97.42,0
BottomS008589,19.5707,32.5727,1.029e-18,1.990e-18,5.895e-18,-0.0002,-97.4,0
BottomS008590,19.5726,32.5833,1.076e-18,9.529e-19,5.428e-19,-0.0004,-97.56,0
BottomS008592,19.5342,32.4731,1.583e-20,2.021e-20,2.388e-20,0.0009,-100.63,0
BottomS008595,19.5584,32.5593,1.586e-18,1.383e-18,7.462e-19,0.0007,-97.43,0
BottomS008598,19.5250,32.4788,1.614e-18,1.463e-18,8.536e-19,0.0,-100.4,0
BottomS008601,19.5638,32.5892,1.335e-18,1.156e-18,6.211e-19,-0.0011,-97.29,0
BottomS008602,19.5314,32.4786,5.055e-14,3.511e-14,1.227e-14,0.0003,-100.35,0
BottomS008603,19.5151,32.4530,3.530e-20,4.273e-20,4.757e-20,0.0005,-100.43,0
BottomS008604,19.5264,32.4714,1.745e-18,3.399e-18,9.912e-18,0.001,-100.63,0
BottomS008607,19.5735,32.5805,5.038e-14,3.520e-14,1.229e-14,0.0011,-97.62,0
BottomS008610,19.5259,32.4534,1.438e-14,1.700e-14,1.721e-14,0.0004,-100.53,0
BottomS008611,19.5264,32.4591,1.474e-20,1.936e-20,2.437e-20,0.0002,-100.45,0
BottomS008613,19.5743,32.5949,1.025e-18,1.695e-18,3.387e-18,0.0,-97.25,0
BottomS008614,19.5242,32.4679,1.346e-14,9.049e-15,2.976e-15,-0.0006,-100.33,0
BottomS008615,19.5739,32.5826,2.004e-20,2.581e-20,3.156e-20,-0.0003,-97.48,0
BottomS008617,19.5746,32.5920,5.561e-19,5.475e-19,3.863e-19,0.0013,-97.54,0
BottomS008618,19.5210,32.4547,3.086e-18,6.173e-18,1.852e-17,-0.0004,-100.56,0
BottomS008620,19.5812,32.6023,2.301e-19,2.484e-19,2.062e-19,0.0004,-97.53,0
BottomS008622,19.5812,32.5905,1.271e-18,2.114e-18,4.438e-18,0.0004,-97.48,0
BottomS008623,19.5318,32.4658,7.170e-14,6.709e-14,4.107e-14,-0.0006,-100.35,1
BottomS008625,19.5726,32.5995,9.220e-20,1.018e-19,9.078e-20,0.0002,-97.27,0
BottomS008627,19.5142,32.4497,4.167e-14,3.189e-14,1.361e-14,0.0009,-100.42,1
BottomS008628,19.5287,32.4661,7.750e-19,1.544e-18,4.594e-18,-0.0003,-100.51,0
BottomS008630,19.5875,32.6143,6.311e-15,4.136e-15,1.271e-15,0.0005,-97.3,0
BottomS008631,19.5843,32.6057,4.978e-18,4.122e-18,1.985e-18,0.0008,-97.43,0
BottomS008633,19.5207,32.4511,3.718e-19,3.523e-19,2.340e-19,-0.0005,-100.39,0
BottomS008639,19.5259,32.4508,2.966e-18,2.499e-18,1.287e-18,-0.0002,-100.49,0
BottomS008640,19.5850,32.6082,9.175e-20,1.021e-19,9.269e-20,-0.0001,-97.47,0
BottomS008643,19.5505,32.5267,1.077e-18,9.336e-19,4.997e-19,-0.0006,-102.76,0
BottomS008644,19.5504,32.5270,6.687e-17,4.699e-17,1.670e-17,-0.0007,-93.52,0
BottomS008645,19.5506,32.5269,6.098e-17,4.410e-17,1.682e-17,-0.0003,-102.53,0
BottomS008646,19.5504,32.5270,1.560e-17,1.218e-17,5.364e-18,0.0003,-94.89,1
BottomS008647,19.5503,32.5268,3.958e-20,4.784e-20,4.911e-20,-0.0006,-101.78,0
BottomS008648,19.5503,32.5268,7.330e-19,1.706e-18,7.017e-18,-0.0006,-100.86,0
BottomS008649,19.5505,32.5269,1.572e-16,1.117e-16,3.932e-17,0.0002,-101.43,0
BottomS008650,19.5504,32.5270,3.364e-18,2.762e-18,1.321e-18,0.0002,-94.08,0
BottomS008651,19.5207,32.4438,9.108e-17,6.344e-17,2.177e-17,0.0007,-100.57,0
BottomS008652,19.5211,32.4447,8.673e-19,8.052e-19,4.890e-19,0.0003,-100.6,0
BottomS008653,19.5233,32.4528,1.749e-18,2.994e-18,6.607e-18,0.0004,-100.52,0
BottomS008654,19.5173,32.4399,4.121e-17,2.981e-17,1.135e-17,0.0005,-100.48,0
BottomS008655,19.5825,32.6092,7.555e-18,6.088e-18,2.851e-18,0.0003,-97.42,0
BottomS008656,19.5847,32.6120,4.843e-19,4.628e-19,3.078e-19,0.0002,-97.48,0
BottomS008657,19.5814,32.6054,5.325e-16,3.513e-16,1.110e-16,-0.0001,-97.46,0
BottomS008658,19.5167,32.4496,9.367e-18,7.513e-18,3.441e-18,-0.0,-100.46,0
BottomS008659,19.5165,32.4478,2.426e-17,1.824e-17,7.194e-18,0.0,-100.41,0
BottomS008660,19.5830,32.6044,7.858e-17,5.765e-17,2.139e-17,-0.0009,-97.55,0
BottomS008661,19.5166,32.4478,8.634e-19,1.266e-18,1.941e-18,0.0001,-100.45,0
BottomS008662,19.5869,32.6052,3.882e-17,3.031e-17,1.337e-17,0.0001,-97.56,0
BottomS008663,19.5876,32.6085,7.814e-17,5.522e-17,1.937e-17,0.0006,-97.59,0
BottomS008664,19.5886,32.6044,1.249e-20,1.720e-20,2.449e-20,-0.0001,-97.6,0
BottomS008665,19.5135,32.4535,1.956e-14,1.444e-14,5.872e-15,0.0011,-100.18,0
BottomS008666,19.5878,32.6025,2.084e-18,1.839e-18,1.025e-18,0.0002,-97.64,0
BottomS008667,19.5142,32.4554,1.533e-16,1.077e-16,3.831e-17,-0.0005,-100.33,0
BottomS008668,19.5883,32.5931,2.409e-16,1.604e-16,5.188e-17,0.0003,-97.65,0
BottomS008669,19.5120,32.4561,4.118e-17,3.036e-17,1.169e-17,-0.0002,-100.17,0
BottomS008670,19.5118,32.4555,2.414e-18,2.109e-18,1.137e-18,0.0003,-100.2,0
BottomS008671,19.5103,32.4569,8.308e-19,1.226e-18,2.014e-18,0.0007,-100.15,0
BottomS008672,19.5074,32.4545,3.768e-17,2.890e-17,1.191e-17,-0.0001,-100.19,0
BottomS008673,19.5081,32.4608,4.007e-19,7.305e-19,1.901e-18,-0.0,-100.06,0
BottomS008674,19.5095,32.4633,5.596e-19,1.035e-18,2.606e-18,0.0003,-100.05,0
BottomS008675,19.5057,32.4581,6.242e-18,4.986e-18,2.350e-18,0.0005,-100.11,0
BottomS008676,19.5067,32.4604,5.762e-14,4.231e-14,1.609e-14,-0.0005,-100.07,0
BottomS008677,19.5059,32.4644,1.491e-16,1.056e-16,3.675e-17,0.0007,-100.07,0
BottomS008678,19.5076,32.4661,1.608e-18,1.376e-18,7.491e-19,-0.0002,-100.05,0
BottomS008679,19.5965,32.5895,1.068e-18,2.143e-18,6.549e-18,0.0006,-98.01,0
BottomS008680,19.5944,32.5825,1.778e-16,1.186e-16,3.928e-17,0.0006,-98.0,0
BottomS008681,19.5968,32.5883,1.023e-15,6.604e-16,2.049e-16,0.0001,-97.93,0
BottomS008682,19.5962,32.5798,4.271e-16,2.846e-16,9.334e-17,0.0002,-98.1,0
BottomS008683,19.5959,32.5801,8.237e-17,5.658e-17,1.978e-17,-0.0004,-98.12,0
BottomS008684,19.5949,32.5715,4.313e-17,3.102e-17,1.191e-17,0.0004,-98.28,0
BottomS008685,19.5963,32.5757,1.026e-16,6.879e-17,2.294e-17,0.0009,-98.28,0
BottomS008686,19.5979,32.5716,3.176e-19,3.047e-19,1.988e-19,-0.0001,-98.31,0
BottomS008687,19.5961,32.5698,4.019e-18,3.223e-18,1.563e-18,-0.0005,-98.37,0
BottomS008688,19.5955,32.5623,1.289e-16,8.884e-17,3.045e-17,0.0005,-98.47,0
BottomS008689,19.5952,32.5606,5.654e-19,1.044e-18,2.677e-18,-0.0,-98.52,0
BottomS008690,19.5951,32.5642,1.308e-18,2.581e-18,7.507e-18,-0.0003,-98.41,0
BottomS008691,19.5992,32.5638,1.062e-17,8.625e-18,4.153e-18,-0.0004,-98.38,0
BottomS008692,19.4994,32.4975,1.998e-16,1.395e-16,4.943e-17,-0.0002,-99.36,0
BottomS008693,19.5055,32.5044,5.468e-19,7.927e-19,1.239e-18,0.0002,-99.33,0
BottomS008694,19.6010,32.5577,5.217e-17,3.701e-17,1.353e-17,0.0006,-98.54,0
BottomS008695,19.5988,32.5536,2.494e-14,1.726e-14,5.746e-15,-0.0001,-98.67,0
BottomS008696,19.6012,32.5492,8.589e-18,6.960e-18,3.190e-18,-0.0003,-98.68,0
BottomS008697,19.5990,32.5442,5.141e-19,4.761e-19,2.920e-19,0.0006,-98.77,0
BottomS008698,19.5022,32.5113,5.323e-18,1.408e-17,7.694e-17,-0.001,-99.12,0
BottomS008699,19.5996,32.5393,2.639e-17,2.001e-17,8.530e-18,0.0007,-98.79,1
BottomS008700,19.5013,32.5146,1.540e-17,1.206e-17,5.253e-18,0.0005,-99.2,1
BottomS008701,19.6015,32.5344,6.328e-17,4.746e-17,1.874e-17,-0.0006,-98.96,0
BottomS008702,19.5990,32.5328,2.690e-17,1.977e-17,7.883e-18,0.0007,-98.94,0
BottomS008703,19.5044,32.5253,2.110e-19,1.971e-19,1.262e-19,0.0008,-98.94,0
BottomS008704,19.5934,32.5269,3.782e-17,2.690e-17,9.862e-18,0.0006,-98.99,0
BottomS008705,19.5037,32.5364,1.346e-16,9.452e-17,3.510e-17,-0.0006,-98.64,0
BottomS008706,19.5021,32.5388,3.255e-19,3.302e-19,2.395e-19,0.0006,-98.82,0
BottomS008707,19.5028,32.5349,1.613e-18,1.377e-18,6.919e-19,-0.0003,-98.7,0
BottomS008708,19.5980,32.5105,5.336e-18,4.393e-18,2.191e-18,0.0001,-99.26,0
BottomS008709,19.5983,32.5102,4.548e-17,3.196e-17,1.099e-17,-0.0001,-99.29,0
BottomS008710,19.5951,32.4989,3.510e-16,2.407e-16,8.255e-17,-0.0002,-99.38,0
BottomS008711,19.5060,32.5523,3.740e-17,2.685e-17,1.047e-17,0.0002,-98.49,0
BottomS008712,19.5058,32.5612,1.691e-18,2.812e-18,5.926e-18,-0.0001,-98.33,0
BottomS008713,19.5942,32.4885,1.273e-16,8.760e-17,3.011e-17,0.0,-99.61,0
BottomS008714,19.5084,32.5655,6.177e-17,4.602e-17,1.850e-17,-0.0009,-98.25,0
BottomS008715,19.5087,32.5670,2.293e-16,1.591e-16,5.438e-17,0.0004,-98.21,0
BottomS008716,19.5934,32.4804,9.711e-17,7.018e-17,2.664e-17,0.0005,-99.78,0
BottomS008717,19.5874,32.4773,1.514e-19,1.601e-19,1.343e-19,0.0004,-99.82,0
BottomS008718,19.5095,32.5832,1.698e-19,1.744e-19,1.314e-19,0.0001,-98.11,0
BottomS008719,19.5134,32.5848,4.165e-17,3.102e-17,1.258e-17,0.0,-98.0,0
BottomS008720,19.5127,32.5888,2.341e-16,1.589e-16,5.291e-17,0.0001,-98.0,0
BottomS008721,19.5136,32.5922,3.122e-18,2.817e-18,1.657e-18,-0.0001,-97.98,0
BottomS008722,19.5161,32.5972,1.036e-18,9.480e-19,5.598e-19,-0.0004,-97.88,0
BottomS008723,19.5162,32.6014,5.001e-20,5.577e-20,5.052e-20,-0.0004,-97.91,0
BottomS008725,19.5205,32.6071,3.650e-18,7.613e-18,2.495e-17,-0.0007,-97.69,0
BottomS008726,19.5171,32.6201,3.733e-19,3.579e-19,2.404e-19,-0.0,-97.7,0
BottomS008727,19.5270,32.6094,9.275e-16,5.949e-16,1.855e-16,0.0001,-97.58,0
BottomS008728,19.5231,32.6213,1.858e-18,4.652e-18,2.186e-17,0.0005,-97.6,0
BottomS008729,19.5252,32.6284,6.627e-17,4.979e-17,2.053e-17,0.0009,-97.56,0
BottomS008730,19.5270,32.6311,1.940e-17,1.463e-17,6.109e-18,-0.0004,-97.43,1
BottomS008731,19.5704,32.4234,1.066e-17,8.403e-18,3.661e-18,0.0004,-100.49,0
BottomS008732,19.5671,32.4174,8.542e-17,5.816e-17,1.937e-17,0.0011,-100.53,0
BottomS008734,19.5366,32.6390,1.248e-20,1.616e-20,2.010e-20,0.0003,-97.42,0
BottomS008736,19.5612,32.4037,1.334e-17,1.012e-17,4.288e-18,0.0006,-100.63,1
BottomS008737,19.5864,32.6052,2.059e-17,1.527e-17,5.986e-18,0.0004,-97.62,0
BottomS008739,19.5885,32.6050,5.449e-19,9.577e-19,2.229e-18,0.0003,-97.56,0
BottomS008740,19.5142,32.4606,6.533e-14,4.582e-14,1.667e-14,0.0008,-100.28,0
BottomS008741,19.5186,32.4610,1.040e-18,9.267e-19,5.224e-19,0.0009,-100.26,0
BottomS008742,19.5178,32.4612,1.607e-18,3.455e-18,1.229e-17,0.0004,-100.28,0
BottomS008744,19.5145,32.4709,3.347e-18,2.693e-18,1.262e-18,-0.0006,-100.01,0
BottomS008745,19.5934,32.6004,1.501e-17,4.517e-17,3.235e-16,-0.0008,-97.72,0
BottomS008747,19.5919,32.5970,8.848e-19,7.831e-19,4.574e-19,-0.0001,-97.86,0
BottomS008749,19.5088,32.4615,4.194e-17,2.967e-17,1.077e-17,-0.0006,-100.14,0
BottomS008750,19.5893,32.5817,1.401e-20,1.869e-20,2.511e-20,-0.0001,-97.95,0
BottomS008751,19.5111,32.4665,4.664e-18,3.857e-18,1.933e-18,-0.0001,-99.96,0
BottomS008753,19.5939,32.5894,6.274e-19,1.034e-18,2.199e-18,0.0002,-97.95,0
BottomS008754,19.5095,32.4654,2.883e-19,5.075e-19,1.166e-18,0.0006,-100.06,0
BottomS008756,19.5913,32.5769,1.348e-19,1.352e-19,9.695e-20,0.0005,-98.04,0
BottomS008758,19.5978,32.5775,9.296e-20,1.043e-19,9.697e-20,-0.0004,-98.13,0
BottomS008759,19.5964,32.5871,1.364e-18,2.215e-18,4.283e-18,0.0,-97.98,0
BottomS008760,19.5095,32.4770,1.589e-18,1.475e-18,9.123e-19,0.0005,-99.81,0
BottomS008761,19.5961,32.5816,3.960e-19,4.097e-19,3.094e-19,0.0005,-98.04,0
BottomS008763,19.5120,32.4896,1.581e-18,1.389e-18,7.765e-19,0.0003,-99.57,0
BottomS008764,19.5985,32.5676,2.029e-18,1.901e-18,1.164e-18,-0.0008,-98.37,0
BottomS008765,19.5055,32.4835,1.462e-18,1.218e-18,6.130e-19,-0.0007,-99.61,0
BottomS008767,19.5942,32.5588,9.934e-19,1.875e-18,5.114e-18,0.0006,-98.48,0
BottomS008769,19.5938,32.5563,5.307e-19,5.059e-19,3.440e-19,0.0002,-98.5,0
BottomS008772,19.4985,32.4972,8.220e-19,7.660e-19,4.702e-19,-0.0002,-99.36,0
BottomS008774,19.5059,32.5026,2.400e-17,1.740e-17,6.772e-18,-0.0001,-99.34,0
BottomS008775,19.5030,32.5165,1.391e-18,1.891e-18,2.619e-18,-0.0004,-99.02,0
BottomS008777,19.5045,32.5211,7.793e-18,6.189e-18,2.839e-18,0.0002,-98.88,0
BottomS008778,19.6015,32.5369,2.156e-20,2.833e-20,3.467e-20,-0.0008,-98.88,0
BottomS008779,19.5028,32.5148,2.448e-20,3.003e-20,3.256e-20,-0.0006,-99.11,0
BottomS008780,19.5057,32.5044,8.540e-19,7.604e-19,4.404e-19,-0.0003,-99.25,0
BottomS008781,19.5937,32.5303,6.376e-19,5.882e-19,3.599e-19,0.0,-99.0,0
BottomS008783,19.5041,32.5327,8.522e-17,5.985e-17,2.112e-17,-0.0008,-98.75,0
BottomS008784,19.5073,32.5293,1.200e-18,1.063e-18,5.869e-19,0.0001,-98.85,0
BottomS008785,19.5100,32.5358,2.109e-20,2.553e-20,2.775e-20,0.0,-98.74,0
BottomS008788,19.5910,32.5100,1.798e-18,3.144e-18,7.207e-18,-0.0006,-99.39,0
BottomS008789,19.5976,32.5011,1.836e-19,2.005e-19,1.656e-19,0.0,-99.36,0
BottomS008790,19.5058,32.5504,4.149e-19,4.116e-19,2.899e-19,-0.0006,-98.52,0
BottomS008792,19.5912,32.4888,9.273e-19,8.848e-19,5.612e-19,-0.0002,-99.64,0
BottomS008793,19.5097,32.5592,6.150e-14,4.644e-14,1.924e-14,-0.0001,-98.43,1
BottomS008794,19.5038,32.5760,2.915e-19,5.180e-19,1.281e-18,0.0008,-98.24,0
BottomS008795,19.5081,32.5762,3.512e-18,2.928e-18,1.501e-18,-0.0003,-98.19,0
BottomS008796,19.5855,32.4852,7.662e-20,8.399e-20,7.076e-20,-0.0002,-99.77,0
BottomS008797,19.5119,32.5747,5.537e-18,4.201e-18,1.712e-18,0.0,-98.17,0
BottomS008799,19.5845,32.4712,2.872e-18,2.362e-18,1.162e-18,0.0004,-99.9,0
BottomS008800,19.5830,32.4664,1.292e-18,3.230e-18,1.542e-17,-0.0002,-99.97,0
BottomS008801,19.5171,32.5852,1.927e-18,3.425e-18,8.125e-18,-0.0,-97.87,0
BottomS008802,19.5838,32.4634,2.901e-18,2.494e-18,1.334e-18,0.0004,-100.06,0
BottomS008803,19.5787,32.4586,2.924e-17,2.082e-17,7.520e-18,0.0006,-100.13,0
BottomS008804,19.5168,32.6077,8.911e-18,6.985e-18,3.120e-18,-0.0004,-97.91,1
BottomS008805,19.5849,32.4394,1.865e-18,1.658e-18,9.598e-19,0.0011,-100.18,0
BottomS008806,19.5822,32.4413,4.648e-17,3.377e-17,1.283e-17,0.0005,-100.21,0
BottomS008808,19.5758,32.4328,7.728e-19,7.358e-19,4.774e-19,0.0001,-100.31,0
BottomS008809,19.5766,32.4208,5.532e-18,4.452e-18,2.098e-18,0.0001,-100.39,0
BottomS008810,19.5258,32.6284,2.717e-19,2.741e-19,2.096e-19,0.0002,-97.59,0
BottomS008812,19.5700,32.4167,4.230e-19,4.054e-19,2.585e-19,0.0007,-100.5,0
BottomS008813,19.5379,32.6330,1.428e-17,1.071e-17,4.502e-18,0.0005,-97.21,1
BottomS008814,19.5342,32.6320,4.127e-19,3.947e-19,2.575e-19,-0.0001,-97.43,0
BottomS008816,19.5368,32.6405,2.851e-20,3.565e-20,4.124e-20,-0.0007,-97.29,0
BottomS008817,19.5450,32.6351,6.434e-18,4.939e-18,2.124e-18,0.0001,-97.16,1
BottomS008819,19.5602,32.4142,1.016e-17,7.870e-18,3.346e-18,-0.0007,-100.73,1
BottomS008821,19.5476,32.6779,1.411e-19,1.477e-19,1.194e-19,-0.0001,-97.17,0
BottomS008822,19.5479,32.3823,8.372e-18,6.852e-18,3.324e-18,0.0002,-100.8,0
BottomS008828,17.5582,37.1004,1.231e-20,1.580e-20,1.830e-20,-0.0001,-97.06,0
BottomS008832,17.5765,37.1332,1.736e-20,2.172e-20,2.417e-20,0.0005,-97.37,0
BottomS008833,17.5549,37.1034,7.163e-20,8.260e-20,7.985e-20,0.0016,-97.17,0
BottomS008838,17.5825,37.0490,6.675e-14,5.360e-14,2.409e-14,-0.0008,-98.04,1
BottomS008840,17.5832,37.0511,5.383e-20,6.431e-20,6.738e-20,0.0005,-97.92,0
BottomS008842,17.5671,37.0437,4.136e-14,2.866e-14,1.013e-14,0.0003,-97.77,0
BottomS008846,17.6699,37.1080,4.417e-14,3.685e-14,1.831e-14,0.0,-98.5,1
BottomS008847,17.5677,37.0035,5.026e-20,5.693e-20,5.366e-20,-0.0002,-98.67,0
BottomS008850,17.6241,37.0839,4.041e-20,4.895e-20,5.434e-20,0.0001,-98.23,0
BottomS008853,17.5975,37.0739,5.571e-20,6.037e-20,5.092e-20,0.0004,-97.89,0
BottomS008855,17.6867,37.1633,2.162e-19,2.176e-19,1.580e-19,0.0001,-98.22,0
BottomS008856,17.6042,37.0822,1.803e-18,2.853e-18,5.409e-18,-0.0002,-97.98,0
BottomS008857,17.5785,36.9725,1.008e-18,9.342e-19,5.631e-19,-0.0002,-99.07,0
BottomS008861,17.5894,37.0523,4.637e-20,5.420e-20,5.388e-20,0.0011,-98.74,0
BottomS008863,17.5495,37.0410,2.174e-19,2.381e-19,2.005e-19,0.0002,-97.8,0
BottomS008865,17.5998,37.0735,2.449e-14,1.640e-14,5.464e-15,-0.0003,-97.96,0
BottomS008866,17.6758,37.0161,1.139e-20,1.565e-20,2.167e-20,0.0002,-99.33,0
BottomS008867,17.6386,37.0575,3.629e-20,4.345e-20,4.505e-20,-0.0004,-98.73,0
BottomS008874,17.5736,37.1543,1.114e-20,1.514e-20,1.958e-20,0.0002,-97.12,0
BottomS008875,17.5929,37.0601,7.491e-19,1.378e-18,3.601e-18,0.0015,-98.09,0
BottomS008876,17.5411,37.0366,7.138e-20,7.727e-20,6.812e-20,0.0001,-97.62,0
BottomS008879,17.6001,37.0466,2.217e-14,1.546e-14,5.333e-15,0.0014,-98.89,0
BottomS008887,17.5869,37.0545,1.672e-20,2.160e-20,2.610e-20,0.0,-97.8,0
BottomS008888,17.5889,37.0648,5.769e-15,3.868e-15,1.222e-15,-0.0,-97.62,0
BottomS008891,17.5653,37.0774,7.214e-20,8.455e-20,8.465e-20,-0.0004,-97.03,0
BottomS008894,17.6642,37.1055,9.306e-20,9.988e-20,8.379e-20,-0.0006,-98.28,0
BottomS008896,17.6088,37.0637,2.471e-19,2.567e-19,2.011e-19,0.0005,-98.45,0
BottomS008899,17.5638,37.0806,3.114e-19,3.026e-19,2.110e-19,-0.0002,-97.03,0
BottomS008902,17.5954,37.2185,6.201e-14,4.940e-14,2.253e-14,0.0005,-97.43,1
BottomS008907,17.6639,37.2359,2.174e-20,2.702e-20,3.029e-20,0.0005,-97.61,0
BottomS008911,17.5613,37.0568,1.545e-19,1.674e-19,1.380e-19,-0.0002,-97.45,0
BottomS008913,17.6095,37.0713,3.019e-14,2.115e-14,7.458e-15,0.0006,-98.34,0
BottomS008915,17.5457,36.9883,3.177e-20,3.707e-20,3.623e-20,-0.0009,-98.29,0
BottomS008917,17.6014,36.9935,3.613e-19,3.760e-19,2.853e-19,-0.0002,-99.1,0
BottomS008918,17.5852,37.0598,2.001e-18,4.354e-18,1.612e-17,-0.0004,-97.39,0
BottomS008921,17.5804,37.0831,3.322e-19,3.197e-19,2.146e-19,-0.0008,-97.37,0
BottomS008923,17.5728,37.0747,4.894e-19,9.873e-19,3.024e-18,0.0006,-97.21,0
BottomS008924,17.5883,37.0677,1.794e-18,4.474e-18,2.210e-17,-0.0005,-97.49,0
BottomS008925,17.5712,37.0837,1.003e-18,1.618e-18,3.096e-18,-0.0,-97.03,0
BottomS008926,17.5786,37.0303,3.105e-18,2.508e-18,1.154e-18,0.0004,-98.5,0
BottomS008928,17.5956,37.0464,4.167e-18,3.381e-18,1.606e-18,0.0001,-98.95,0
BottomS008929,17.5870,37.0503,5.774e-19,1.145e-18,3.398e-18,0.0006,-98.77,0
BottomS008930,17.5269,37.1099,2.733e-14,1.869e-14,6.349e-15,-0.0006,-97.2,0
BottomS008932,17.5912,36.9968,3.624e-20,4.416e-20,4.687e-20,0.0004,-98.96,0
BottomS008938,17.6335,37.1476,3.889e-20,4.739e-20,4.932e-20,-0.0006,-97.84,0
BottomS008941,17.5865,37.0556,2.543e-19,2.614e-19,1.976e-19,0.0008,-97.85,0
BottomS008944,17.5137,36.9908,6.486e-20,7.566e-20,7.260e-20,0.0001,-97.97,0
BottomS008947,17.5877,37.0470,7.987e-20,9.384e-20,9.048e-20,-0.0003,-99.04,0
BottomS008949,17.4532,36.9447,1.637e-20,2.012e-20,2.217e-20,0.0002,-98.04,0
BottomS008970,17.6018,37.0865,2.238e-18,3.640e-18,7.330e-18,0.0003,-97.75,0
BottomS008971,17.5272,36.9368,3.421e-20,4.004e-20,4.091e-20,-0.0011,-98.54,0
BottomS008973,17.6325,37.0845,6.579e-19,1.111e-18,2.303e-18,0.0013,-98.46,0
BottomS008975,17.7061,36.9607,5.168e-20,5.619e-20,4.810e-20,-0.0003,-99.35,0
BottomS008976,17.6089,36.9755,2.701e-18,5.013e-18,1.302e-17,-0.0011,-99.38,0
BottomS008981,17.5813,36.9970,5.098e-20,5.796e-20,5.443e-20,0.0001,-99.03,0
BottomS008983,17.5664,37.0465,2.049e-19,2.127e-19,1.653e-19,0.0003,-97.67,0
BottomS008986,17.5647,37.0666,4.941e-20,5.863e-20,5.965e-20,0.0002,-97.06,0
BottomS008987,17.5394,36.9518,6.239e-18,4.963e-18,2.311e-18,-0.0005,-98.54,0
BottomS008993,17.5903,37.0483,2.458e-19,2.524e-19,1.921e-19,0.0002,-98.94,0
BottomS008994,17.6399,37.0766,1.321e-19,1.392e-19,1.107e-19,0.0003,-98.68,0
BottomS009000,17.6625,37.0279,1.773e-19,1.831e-19,1.401e-19,-0.0001,-99.1,0
BottomS009002,17.6247,37.0353,1.650e-20,2.033e-20,2.243e-20,-0.0004,-99.1,0
BottomS009009,17.6712,37.1729,1.514e-18,2.516e-18,5.155e-18,0.0003,-97.92,0
BottomS009014,17.4899,37.0357,4.075e-19,3.824e-19,2.412e-19,-0.0004,-97.38,0
BottomS009017,17.6049,37.0737,1.006e-20,1.335e-20,1.714e-20,0.0006,-98.36,0
BottomS009019,17.5613,37.0393,9.860e-19,9.433e-19,6.417e-19,0.0005,-97.68,0
BottomS009022,17.5938,37.0156,5.332e-19,4.908e-19,2.986e-19,-0.0002,-99.26,0
BottomS009024,17.6274,37.0399,5.481e-20,6.238e-20,5.865e-20,-0.0007,-99.22,0
BottomS009027,17.6185,37.2241,8.106e-19,7.530e-19,4.816e-19,-0.0005,-97.51,0
BottomS009028,17.5901,37.0906,4.907e-20,5.809e-20,5.691e-20,0.0001,-97.44,0
BottomS009030,17.5846,37.0512,2.978e-20,3.455e-20,3.399e-20,-0.0006,-97.26,0
BottomS009035,17.5877,37.0602,6.321e-20,6.729e-20,5.683e-20,0.0005,-97.9,0
BottomS009037,17.5866,37.0796,8.162e-20,9.310e-20,8.548e-20,0.0007,-97.48,0
BottomS009038,17.6112,37.0786,1.438e-18,1.241e-18,6.826e-19,0.0003,-98.26,0
BottomS009039,17.5872,37.0462,3.353e-19,3.420e-19,2.557e-19,0.0006,-98.91,0
BottomS009046,17.6310,37.0610,3.205e-19,3.166e-19,2.232e-19,0.0002,-98.76,0
BottomS009054,17.5847,36.9712,1.055e-20,1.352e-20,1.600e-20,0.0002,-98.86,0
BottomS009063,17.6106,37.0130,4.687e-20,5.514e-20,5.562e-20,-0.0,-99.2,0
BottomS009064,17.5668,36.9928,1.588e-20,2.019e-20,2.411e-20,0.0,-98.51,0
BottomS009066,17.5936,37.0620,5.701e-19,5.365e-19,3.424e-19,-0.0007,-98.07,0
BottomS009069,17.5813,37.0554,4.106e-18,3.338e-18,1.624e-18,-0.0001,-97.13,0
BottomS009070,17.5530,37.0104,5.726e-20,6.291e-20,5.527e-20,0.0006,-98.24,0
BottomS009076,17.5753,37.0531,7.561e-19,1.369e-18,3.411e-18,0.0,-97.41,0
BottomS009077,17.5898,37.0381,2.462e-20,3.002e-20,3.286e-20,0.0004,-98.97,0
BottomS009078,17.5889,37.0514,1.844e-20,2.443e-20,3.125e-20,0.0001,-98.62,0
BottomS009091,17.5715,37.0411,2.947e-20,3.685e-20,4.189e-20,0.0002,-97.93,0
BottomS009092,17.6004,37.0697,2.877e-19,2.870e-19,2.025e-19,-0.0006,-97.99,0
BottomS009093,17.5850,37.0366,1.172e-18,2.604e-18,9.697e-18,-0.0003,-98.87,0
BottomS009096,17.5855,37.0529,1.022e-20,1.427e-20,2.011e-20,0.0,-97.26,0
BottomS009105,17.5640,37.0324,2.915e-20,3.654e-20,4.152e-20,0.0,-98.15,0
BottomS009107,17.5482,37.2704,3.860e-20,4.744e-20,5.125e-20,-0.0008,-97.17,0
BottomS009108,17.5673,37.0057,1.043e-14,7.040e-15,2.312e-15,0.0006,-98.64,0
BottomS009111,17.5252,36.9227,5.270e-14,4.302e-14,2.052e-14,0.0007,-98.53,1
BottomS009116,17.5942,37.0405,9.723e-20,1.101e-19,1.004e-19,0.0002,-98.94,0
BottomS009118,17.5841,37.0061,2.467e-20,3.036e-20,3.304e-20,0.0006,-98.97,0
BottomS009119,17.5682,37.0218,2.768e-14,2.523e-14,1.538e-14,0.0003,-98.4,1
BottomS009122,17.5864,37.1645,6.814e-20,7.639e-20,7.164e-20,0.0001,-97.25,0
BottomS009124,17.5743,37.0252,2.041e-20,2.759e-20,3.633e-20,0.0006,-98.45,0
BottomS009125,17.5854,37.0623,1.709e-19,1.853e-19,1.637e-19,0.0005,-97.63,0
BottomS009126,17.5823,37.0482,1.214e-20,1.586e-20,2.034e-20,0.0002,-97.93,0
BottomS009130,17.5937,37.0072,3.065e-20,3.830e-20,4.229e-20,-0.0002,-99.1,0
BottomS009131,17.6219,37.0601,1.996e-18,1.661e-18,8.189e-19,0.0004,-98.76,0
BottomS009133,17.5907,37.0113,2.090e-18,1.637e-18,7.191e-19,-0.0009,-99.23,0
BottomS009135,17.5641,37.0293,2.657e-20,3.211e-20,3.350e-20,-0.0006,-98.25,0
BottomS009137,17.5501,36.9750,7.946e-19,1.332e-18,2.894e-18,0.0003,-98.5,0
BottomS009138,17.5047,37.1154,3.447e-20,3.889e-20,3.576e-20,0.0004,-97.09,0
BottomS009139,17.6903,37.0353,1.859e-20,2.412e-20,2.921e-20,0.0001,-99.08,0
BottomS009142,17.5746,37.0507,7.354e-20,8.130e-20,7.126e-20,0.0002,-97.76,0
BottomS009146,17.5855,37.0509,8.291e-15,5.439e-15,1.657e-15,0.0002,-99.04,0
BottomS009149,17.5623,37.0707,1.978e-20,2.588e-20,3.225e-20,-0.0005,-96.89,0
BottomS009150,17.5479,37.2653,5.159e-20,5.894e-20,5.653e-20,0.0006,-97.02,0
BottomS009161,17.5836,37.0779,2.345e-20,2.837e-20,2.891e-20,0.0005,-97.37,0
BottomS009162,17.5470,37.0879,3.323e-19,3.215e-19,2.183e-19,0.0002,-97.08,0
BottomS009174,17.6321,37.1041,1.372e-20,1.783e-20,2.188e-20,0.0004,-98.09,0
BottomS009176,17.5870,37.0528,9.264e-20,1.010e-19,8.868e-20,-0.0,-98.44,0
BottomS009177,17.5787,37.0406,8.674e-19,8.151e-19,5.047e-19,-0.0001,-98.22,0
BottomS009178,17.5818,37.0520,3.739e-18,8.545e-18,3.432e-17,-0.0003,-97.2,0
BottomS009182,17.5487,37.0883,3.359e-19,3.361e-19,2.371e-19,-0.0002,-97.09,0
BottomS009183,17.5879,37.0365,1.999e-20,2.616e-20,3.234e-20,-0.0004,-98.95,0
BottomS009187,17.5877,37.0528,2.324e-20,2.873e-20,3.289e-20,-0.0005,-98.77,0
BottomS009188,17.7581,37.2301,9.859e-19,9.078e-19,5.727e-19,-0.0001,-98.4,0
BottomS009189,17.5832,37.0680,8.978e-19,1.703e-18,4.513e-18,-0.0002,-97.5,0
BottomS009191,17.6329,37.0774,4.072e-20,4.796e-20,4.942e-20,0.0006,-98.56,0
BottomS009198,17.5878,37.0513,1.838e-19,1.943e-19,1.642e-19,0.0002,-99.1,0
BottomS009206,17.5408,37.0560,1.479e-20,1.893e-20,2.237e-20,-0.0009,-97.18,0
BottomS009212,17.6388,37.0787,1.327e-20,1.640e-20,1.811e-20,-0.0003,-98.54,0
BottomS009213,17.6430,37.0353,2.551e-20,2.985e-20,2.951e-20,-0.0011,-99.01,0
BottomS009220,17.6214,37.0971,4.424e-20,5.189e-20,5.249e-20,0.0,-98.1,0
BottomS009221,17.5703,37.0278,2.586e-20,3.095e-20,3.134e-20,0.0007,-98.28,0
BottomS009224,17.5576,37.0698,6.337e-19,6.097e-19,3.939e-19,-0.0007,-97.11,0
BottomS009227,17.5671,37.0903,3.798e-20,4.473e-20,4.552e-20,-0.0007,-97.01,0
BottomS009229,17.5877,37.0534,3.759e-14,2.636e-14,9.615e-15,0.0002,-98.73,0
BottomS009230,17.5931,37.0175,1.641e-19,1.696e-19,1.263e-19,-0.0001,-99.03,0
BottomS009231,17.5936,37.0158,4.134e-20,4.653e-20,4.313e-20,0.0006,-99.07,0
BottomS009232,17.5672,37.0257,1.442e-18,2.045e-18,3.054e-18,0.0003,-98.36,0
BottomS009235,17.6007,37.0144,3.399e-14,2.329e-14,7.905e-15,0.0002,-99.21,0
BottomS009236,17.5932,37.0752,3.067e-19,2.979e-19,2.040e-19,-0.0005,-97.76,0
BottomS009240,17.5952,37.0273,1.562e-18,2.368e-18,4.141e-18,0.0002,-99.12,0
BottomS009241,17.6025,37.0279,1.503e-20,1.891e-20,2.143e-20,0.0005,-99.23,0
BottomS009242,17.6073,37.0855,2.294e-18,4.189e-18,1.038e-17,-0.0002,-97.7,0
BottomS009243,17.5875,37.0379,2.172e-20,2.596e-20,2.684e-20,-0.0005,-99.14,0
BottomS009246,17.5734,37.0272,5.300e-20,5.898e-20,5.329e-20,-0.0002,-98.61,0
BottomS009247,17.5789,37.0778,1.870e-18,3.010e-18,5.659e-18,-0.0007,-97.18,0
BottomS009248,17.5807,37.0245,6.106e-15,4.035e-15,1.294e-15,0.0009,-98.67,0
BottomS009249,17.6128,37.0569,9.918e-20,1.012e-19,7.721e-20,0.0006,-99.01,0
BottomS009250,17.5670,37.0359,5.768e-19,5.470e-19,3.540e-19,-0.0004,-97.89,0
BottomS009251,17.5581,37.0222,3.648e-20,4.410e-20,4.572e-20,0.0006,-98.11,0
BottomS009252,17.6027,37.0663,4.066e-20,4.865e-20,5.166e-20,-0.0005,-98.26,0
BottomS009255,17.5925,37.0623,1.139e-19,1.256e-19,1.094e-19,0.0004,-98.12,0
BottomS009256,17.5848,37.0369,1.340e-18,1.156e-18,6.050e-19,0.0,-99.0,0
BottomS009258,17.6031,37.0849,1.898e-19,1.912e-19,1.390e-19,-0.0003,-97.98,0
BottomS009260,17.6127,37.0302,2.963e-18,2.531e-18,1.311e-18,0.0002,-99.29,0
BottomS009262,17.6105,37.0545,1.277e-19,1.377e-19,1.152e-19,-0.0,-98.71,0
BottomS009264,17.5703,37.0331,8.191e-19,1.691e-18,5.410e-18,-0.0001,-98.18,0
BottomS009265,17.6045,37.0859,1.917e-17,1.509e-17,6.541e-18,0.0005,-97.81,1
BottomS009267,17.5956,37.0514,1.718e-20,2.114e-20,2.375e-20,-0.0003,-98.47,0
BottomS009269,17.5976,37.0688,1.182e-18,1.788e-18,3.072e-18,-0.0003,-98.05,0
BottomS009270,17.5990,37.0684,1.784e-18,3.366e-18,9.208e-18,-0.0001,-98.19,0
BottomS009271,17.5758,37.0712,1.724e-18,1.448e-18,7.537e-19,0.0004,-97.23,0
BottomS009274,17.5770,37.0641,3.194e-20,3.911e-20,4.313e-20,0.0003,-97.33,0
BottomS009276,17.6122,37.0532,1.170e-20,1.514e-20,1.908e-20,-0.0003,-98.89,0
BottomS009280,17.5951,37.0540,3.275e-20,3.936e-20,4.134e-20,-0.0007,-98.56,0
BottomS009284,17.5767,37.0291,1.253e-19,1.318e-19,1.029e-19,0.0001,-99.34,0
BottomS009286,17.5795,37.0782,6.148e-19,5.794e-19,3.797e-19,-0.0003,-97.12,0
BottomS009287,17.5801,37.0770,2.398e-18,2.103e-18,1.195e-18,-0.0007,-97.1,0
BottomS009289,17.5802,37.0668,1.288e-18,1.136e-18,6.569e-19,-0.0003,-97.2,0
BottomS009290,17.5903,37.0749,1.083e-20,1.408e-20,1.763e-20,-0.0003,-97.66,0
BottomS009291,17.5724,37.0594,2.929e-18,2.401e-18,1.185e-18,0.0005,-97.45,0
BottomS009292,17.5987,37.0398,1.833e-18,1.624e-18,9.353e-19,0.0003,-98.95,0
BottomS009293,17.6081,37.0432,4.489e-19,4.319e-19,2.742e-19,0.0008,-98.91,0
BottomS009294,17.5707,37.0179,3.454e-14,2.686e-14,1.202e-14,-0.0001,-98.51,1
BottomS009295,17.5963,37.0586,1.242e-20,1.608e-20,1.950e-20,0.0004,-98.7,0
BottomS009296,17.5723,37.0483,1.140e-18,9.709e-19,5.285e-19,-0.0006,-97.72,0
BottomS009297,17.5893,37.0563,2.146e-18,1.800e-18,9.244e-19,0.001,-97.97,0
BottomS009299,17.5571,37.0281,7.452e-19,6.755e-19,4.162e-19,0.0001,-97.9,0
BottomS009300,17.5900,37.0482,2.062e-19,2.321e-19,2.123e-19,-0.0001,-98.63,0
BottomS009301,17.5866,37.0456,2.120e-20,2.608e-20,2.850e-20,0.0006,-99.07,0
BottomS009302,17.5628,37.0464,5.989e-14,5.182e-14,2.848e-14,0.0005,-96.98,1
BottomS009303,17.6014,37.1082,3.306e-18,2.773e-18,1.380e-18,0.0004,-97.61,0
BottomS009304,17.5905,37.0374,4.127e-19,4.146e-19,2.933e-19,-0.0001,-99.0,0
BottomS009305,17.5843,37.0654,8.667e-20,9.850e-20,8.948e-20,0.0008,-97.32,0
BottomS009306,17.5995,37.0740,1.699e-20,2.170e-20,2.512e-20,0.0004,-98.01,0
BottomS009307,17.5967,37.0428,6.076e-19,5.977e-19,4.110e-19,-0.0005,-99.07,0
BottomS009310,17.6006,37.0923,1.322e-18,1.150e-18,6.426e-19,-0.0001,-97.55,0
BottomS009311,17.5861,37.0722,7.555e-18,6.047e-18,2.803e-18,-0.0006,-97.5,0
BottomS009313,17.6084,37.0777,1.798e-20,2.274e-20,2.712e-20,0.0003,-98.17,0
BottomS009316,17.5774,37.0361,5.459e-19,5.132e-19,3.313e-19,0.0019,-98.49,0
BottomS009317,17.5982,37.0353,1.198e-20,1.691e-20,2.520e-20,0.0005,-99.11,0
BottomS009318,17.5988,37.0646,1.625e-17,1.277e-17,5.827e-18,0.0007,-98.2,1
BottomS009322,17.5768,37.0429,4.418e-19,4.421e-19,3.210e-19,-0.0008,-98.15,0
BottomS009324,17.5814,37.0692,2.262e-19,2.351e-19,1.741e-19,0.0003,-97.38,0
BottomS009325,17.5767,37.0303,7.732e-19,7.329e-19,4.609e-19,0.0005,-98.87,0
BottomS009328,17.5696,37.0420,2.602e-19,2.735e-19,2.127e-19,-0.0,-97.2,0
BottomS009329,17.5493,37.0344,8.248e-14,6.135e-14,2.482e-14,0.0007,-97.8,0
BottomS009332,17.5795,37.0393,2.803e-18,5.496e-18,1.650e-17,-0.0003,-98.36,0
BottomS009333,17.5885,37.0551,2.454e-19,2.510e-19,1.977e-19,-0.0002,-98.11,0
BottomS009336,17.5850,37.0670,7.773e-14,5.960e-14,2.524e-14,0.0003,-97.84,1
BottomS009339,17.5661,37.0568,3.946e-18,7.661e-18,2.137e-17,0.0001,-97.42,0
BottomS009341,17.5845,37.0237,2.827e-18,2.556e-18,1.472e-18,0.0017,-98.89,0
BottomS009342,17.5745,37.0844,2.097e-18,3.485e-18,6.956e-18,0.0001,-96.96,0
BottomS009344,17.5543,37.0611,4.623e-19,4.436e-19,2.913e-19,0.0003,-97.22,0
BottomS009346,17.6068,37.0411,1.565e-20,2.047e-20,2.529e-20,-0.0001,-99.19,0
BottomS009349,17.5786,37.0665,3.767e-19,7.293e-19,2.033e-18,-0.0003,-97.39,0
BottomS009351,17.5609,37.0380,3.366e-19,3.309e-19,2.341e-19,-0.0003,-97.6,0
BottomS009352,17.5781,37.0382,6.011e-18,5.196e-18,2.829e-18,0.0004,-98.5,0
BottomS009353,17.5806,37.0401,1.761e-18,2.567e-18,3.971e-18,-0.0003,-98.5,0
BottomS009355,17.5784,37.0272,3.490e-20,4.378e-20,5.049e-20,-0.0004,-98.71,0
BottomS009357,17.5831,37.0383,2.806e-14,1.944e-14,6.709e-15,-0.0004,-98.69,0
BottomS009359,17.5873,37.0594,6.172e-19,1.252e-18,3.822e-18,-0.0008,-97.99,0
BottomS009360,17.5858,37.0437,3.109e-19,4.966e-19,9.714e-19,-0.0004,-98.94,0
BottomS009361,17.6288,37.0502,1.038e-18,1.511e-18,2.442e-18,-0.0007,-99.09,0
BottomS009363,17.5921,37.0836,4.262e-18,3.518e-18,1.737e-18,-0.0,-97.09,0
BottomS009364,17.5790,37.0051,2.658e-18,2.371e-18,1.331e-18,-0.0006,-99.0,0
BottomS009365,17.5636,37.0183,2.213e-18,4.995e-18,1.983e-17,0.0001,-98.07,0
BottomS009370,17.5856,37.0473,1.127e-20,1.442e-20,1.721e-20,0.0003,-99.01,0
BottomS009371,17.5838,37.0344,1.011e-19,1.061e-19,8.583e-20,0.0002,-98.62,0
BottomS009372,17.5944,37.0510,3.284e-19,6.286e-19,1.644e-18,0.0001,-98.89,0
BottomS009379,17.5795,37.0616,1.406e-20,1.754e-20,1.994e-20,-0.0012,-97.32,0
BottomS009380,17.5654,37.0383,1.185e-19,1.317e-19,1.201e-19,0.0004,-97.17,0
BottomS009381,17.5918,37.0314,9.615e-19,9.270e-19,6.187e-19,-0.0004,-98.88,0
BottomS009385,17.5792,37.0306,1.192e-20,1.601e-20,2.202e-20,-0.0009,-98.75,0
BottomS009388,17.6020,37.0383,3.979e-18,3.356e-18,1.746e-18,0.0003,-99.14,0
BottomS009391,17.5865,37.0766,1.306e-18,1.127e-18,6.067e-19,0.0009,-97.49,0
BottomS009397,17.6011,37.0622,3.621e-14,2.967e-14,1.392e-14,-0.0007,-98.39,1
BottomS009402,17.5803,37.0830,1.187e-19,1.255e-19,1.051e-19,0.0,-97.21,0
BottomS009403,17.5835,37.0355,9.713e-19,1.499e-18,2.614e-18,0.0005,-98.64,0
BottomS009404,17.5878,37.0724,1.776e-18,2.921e-18,6.087e-18,0.0001,-97.55,0
BottomS009405,17.5965,37.0259,1.805e-19,1.886e-19,1.445e-19,-0.0008,-99.25,0
BottomS009409,17.5667,37.0115,1.062e-19,1.125e-19,8.901e-20,-0.0012,-98.54,0
BottomS009411,17.5852,37.0512,4.145e-15,2.747e-15,8.781e-16,0.0002,-100.54,0
BottomS009412,17.5849,37.0511,4.646e-18,3.757e-18,1.765e-18,0.001,-100.39,0
BottomS009413,17.5848,37.0512,5.512e-14,4.052e-14,1.572e-14,-0.0,-95.52,0
BottomS009414,17.5848,37.0512,1.134e-16,7.912e-17,2.692e-17,-0.0005,-95.07,0
BottomS009415,17.5848,37.0510,5.334e-16,3.584e-16,1.154e-16,-0.0011,-98.33,0
BottomS009416,17.5929,37.0682,7.368e-14,6.547e-14,3.751e-14,0.0004,-97.85,1
BottomS009417,17.5941,37.0684,5.565e-17,3.961e-17,1.526e-17,-0.0006,-97.98,0
BottomS009418,17.5752,37.0316,4.093e-18,3.541e-18,1.896e-18,0.0003,-98.52,0
BottomS009419,17.5760,37.0297,3.743e-18,3.297e-18,1.838e-18,0.0002,-98.51,0
BottomS009420,17.5929,37.0745,5.904e-19,5.740e-19,3.926e-19,-0.0005,-97.68,0
BottomS009421,17.5908,37.0750,4.160e-18,8.893e-18,3.028e-17,0.0004,-97.41,0
BottomS009422,17.5913,37.0762,7.206e-18,5.903e-18,2.846e-18,-0.0002,-97.67,0
BottomS009423,17.5915,37.0791,4.779e-17,3.429e-17,1.274e-17,-0.0,-97.65,0
BottomS009424,17.5792,37.0260,1.517e-18,2.180e-18,3.177e-18,0.0005,-98.61,0
BottomS009425,17.5901,37.0805,1.097e-17,8.951e-18,4.320e-18,0.0008,-97.55,0
BottomS009426,17.5902,37.0805,9.026e-18,7.317e-18,3.476e-18,0.0003,-97.51,0
BottomS009427,17.5883,37.0828,4.264e-17,3.244e-17,1.314e-17,-0.0009,-97.46,0
BottomS009428,17.5830,37.0187,5.170e-19,9.359e-19,2.325e-18,-0.0001,-98.93,0
BottomS009429,17.5830,37.0164,4.725e-19,1.034e-18,3.779e-18,-0.0001,-98.89,0
BottomS009431,17.5854,37.0166,4.591e-17,3.326e-17,1.299e-17,0.0002,-98.88,0
BottomS009432,17.5824,37.0878,6.262e-18,4.949e-18,2.171e-18,-0.0004,-97.36,1
BottomS009433,17.5884,37.0133,4.832e-18,3.981e-18,1.955e-18,0.0004,-99.09,0
BottomS009434,17.5893,37.0133,1.103e-14,7.258e-15,2.186e-15,0.0004,-99.05,0
BottomS009435,17.5779,37.0927,4.645e-17,3.433e-17,1.379e-17,0.0006,-97.1,0
BottomS009436,17.5762,37.0917,8.808e-19,1.388e-18,2.535e-18,0.0002,-97.09,0
BottomS009437,17.5759,37.0884,1.714e-17,1.358e-17,5.842e-18,0.0001,-97.2,1
BottomS009439,17.5987,37.0104,5.641e-19,5.161e-19,3.198e-19,-0.0003,-99.3,0
BottomS009440,17.5707,37.0919,7.397e-15,5.006e-15,1.668e-15,0.0001,-97.15,0
BottomS009441,17.5676,37.0936,6.289e-19,1.212e-18,3.379e-18,-0.0002,-96.99,0
BottomS009442,17.6038,37.0104,1.267e-17,9.767e-18,4.242e-18,0.0003,-99.1,1
BottomS009443,17.5644,37.0900,1.594e-18,1.404e-18,7.694e-19,-0.0004,-97.22,0
BottomS009444,17.5635,37.0912,4.293e-17,3.183e-17,1.301e-17,-0.0009,-97.06,0
BottomS009445,17.6089,37.0128,2.105e-18,1.823e-18,9.981e-19,0.0001,-99.27,0
BottomS009446,17.5571,37.0900,5.068e-17,3.707e-17,1.422e-17,-0.0005,-96.95,0
BottomS009447,17.6130,37.0086,2.159e-18,3.192e-18,5.079e-18,-0.0012,-99.19,0
BottomS009448,17.5537,37.0893,3.649e-14,2.620e-14,9.321e-15,-0.0005,-96.92,0
BottomS009449,17.6181,37.0131,4.230e-17,3.116e-17,1.200e-17,-0.0001,-99.31,0
BottomS009450,17.5508,37.0857,8.582e-15,5.532e-15,1.682e-15,-0.0008,-96.87,0
BottomS009451,17.5461,37.0887,1.091e-17,8.805e-18,4.081e-18,0.0001,-97.07,0
BottomS009452,17.6251,37.0199,6.046e-14,4.631e-14,2.002e-14,0.0005,-99.18,1
BottomS009453,17.6270,37.0203,1.540e-17,1.169e-17,4.642e-18,-0.0,-99.19,0
BottomS009454,17.6286,37.0210,6.059e-19,5.912e-19,4.252e-19,-0.0001,-99.32,0
BottomS009455,17.5413,37.0766,1.783e-17,1.368e-17,5.841e-18,-0.0,-97.08,1
BottomS009456,17.5377,37.0745,1.155e-16,8.137e-17,2.891e-17,0.0004,-97.11,0
BottomS009457,17.5376,37.0756,6.278e-18,5.293e-18,2.762e-18,-0.0001,-97.15,0
BottomS009458,17.5313,37.0721,8.228e-18,6.825e-18,3.565e-18,-0.0002,-97.14,0
BottomS009459,17.6384,37.0310,1.355e-18,1.285e-18,8.201e-19,0.0008,-99.19,0
BottomS009460,17.6392,37.0345,2.014e-18,1.654e-18,8.083e-19,0.0005,-99.04,0
BottomS009461,17.5321,37.0655,6.512e-19,1.283e-18,3.641e-18,0.001,-97.31,0
BottomS009462,17.5237,37.0592,3.031e-17,2.239e-17,9.045e-18,-0.0006,-97.35,0
BottomS009463,17.6448,37.0439,1.276e-19,1.355e-19,1.110e-19,0.0005,-99.07,0
BottomS009464,17.6438,37.0475,8.829e-17,6.374e-17,2.347e-17,-0.0006,-98.93,0
BottomS009465,17.6451,37.0467,8.271e-17,5.828e-17,2.161e-17,-0.0,-98.98,0
BottomS009466,17.6476,37.0522,1.941e-17,1.434e-17,5.796e-18,-0.0,-98.94,0
BottomS009467,17.5236,37.0482,2.561e-16,1.752e-16,5.873e-17,0.0001,-97.33,0
BottomS009468,17.5237,37.0467,2.168e-20,2.890e-20,3.733e-20,-0.0007,-97.3,0
BottomS009469,17.6487,37.0623,1.484e-17,1.212e-17,6.023e-18,-0.0001,-98.86,0
BottomS009470,17.5202,37.0388,1.181e-16,8.366e-17,2.964e-17,-0.0003,-97.42,0
BottomS009471,17.5201,37.0339,2.428e-18,2.022e-18,9.853e-19,0.0005,-97.53,0
BottomS009472,17.6496,37.0715,5.870e-18,4.831e-18,2.377e-18,0.0004,-98.64,0
BottomS009473,17.6523,37.0761,5.137e-17,3.695e-17,1.376e-17,-0.0011,-98.78,0
BottomS009474,17.6506,37.0786,3.529e-14,2.473e-14,8.925e-15,-0.0005,-98.57,0
BottomS009475,17.5171,37.0179,4.020e-17,2.872e-17,1.041e-17,0.0005,-97.68,0
BottomS009476,17.5137,37.0131,1.112e-16,7.931e-17,3.033e-17,0.0004,-97.6,0
BottomS009478,17.5136,37.0058,3.837e-19,6.790e-19,1.583e-18,0.0006,-97.83,0
BottomS009479,17.6485,37.0979,1.653e-17,1.202e-17,4.516e-18,-0.0002,-98.4,0
BottomS009480,17.6589,37.1075,1.221e-16,8.404e-17,2.969e-17,0.0001,-98.37,0
BottomS009481,17.5195,36.9965,8.808e-18,6.601e-18,2.776e-18,-0.0009,-97.93,1
BottomS009482,17.5171,36.9905,7.031e-19,6.691e-19,4.462e-19,0.0002,-97.83,0
BottomS009483,17.5172,36.9857,1.836e-18,2.967e-18,5.760e-18,-0.0006,-98.13,0
BottomS009484,17.6473,37.1175,5.622e-17,4.097e-17,1.572e-17,0.001,-98.2,0
BottomS009485,17.6468,37.1225,8.161e-18,6.451e-18,2.838e-18,0.0001,-98.32,0
BottomS009486,17.5215,36.9770,2.758e-17,1.971e-17,7.401e-18,-0.0,-98.02,0
BottomS009487,17.6427,37.1276,5.338e-19,5.135e-19,3.307e-19,0.0001,-98.12,0
BottomS009488,17.5279,36.9703,4.797e-14,3.458e-14,1.273e-14,-0.0001,-98.26,0
BottomS009489,17.5281,36.9636,1.101e-16,7.752e-17,2.788e-17,0.0003,-98.53,0
BottomS009490,17.5321,36.9635,5.870e-17,4.163e-17,1.559e-17,0.0005,-98.43,0
BottomS009491,17.5370,36.9622,3.793e-18,3.052e-18,1.422e-18,0.0009,-98.53,0
BottomS009492,17.5342,36.9511,2.612e-19,2.631e-19,1.909e-19,-0.0001,-98.43,0
BottomS009494,17.5414,36.9527,4.247e-19,7.071e-19,1.432e-18,-0.0003,-98.7,0
BottomS009495,17.6207,37.1559,2.672e-18,2.289e-18,1.175e-18,-0.0009,-97.49,0
BottomS009496,17.5485,36.9509,8.485e-19,1.933e-18,7.508e-18,-0.0004,-98.5,0
BottomS009497,17.5516,36.9445,1.148e-18,1.010e-18,5.563e-19,0.0,-98.65,0
BottomS009498,17.6133,37.1690,6.084e-19,5.825e-19,3.899e-19,0.0006,-97.61,0
BottomS009499,17.6112,37.1632,7.834e-17,5.828e-17,2.296e-17,0.0,-97.58,0
BottomS009500,17.5597,36.9339,2.873e-18,2.448e-18,1.246e-18,-0.0002,-98.67,0
BottomS009501,17.6068,37.1636,3.876e-18,3.321e-18,1.783e-18,-0.0007,-97.43,0
BottomS009502,17.5690,36.9317,9.256e-17,6.743e-17,2.586e-17,-0.0001,-98.87,0
BottomS009503,17.5745,36.9367,1.495e-20,1.916e-20,2.233e-20,0.0005,-98.76,0
BottomS009504,17.5920,37.1712,3.101e-19,3.278e-19,2.752e-19,0.0007,-97.33,0
BottomS009505,17.5851,36.9257,1.461e-20,1.894e-20,2.407e-20,-0.0003,-98.86,0
BottomS009506,17.5877,36.9273,6.482e-19,6.290e-19,4.261e-19,0.0004,-99.06,0
BottomS009507,17.5927,36.9163,8.251e-17,5.870e-17,2.177e-17,-0.0004,-99.02,0
BottomS009508,17.5757,37.1748,1.067e-18,9.055e-19,4.785e-19,-0.0005,-97.2,0
BottomS009509,17.5710,37.1733,1.625e-17,1.251e-17,5.358e-18,0.0002,-97.19,1
BottomS009510,17.6052,36.9236,3.271e-17,2.446e-17,9.830e-18,0.0004,-99.25,0
BottomS009511,17.6074,36.9288,8.025e-17,5.694e-17,2.092e-17,-0.0004,-99.06,0
BottomS009512,17.6116,36.9327,1.296e-18,3.007e-18,1.248e-17,-0.0005,-99.29,0
BottomS009513,17.6172,36.9284,6.344e-17,4.764e-17,1.943e-17,0.0,-99.19,0
BottomS009514,17.6222,36.9306,1.943e-18,1.647e-18,8.252e-19,0.0003,-99.12,0
BottomS009515,17.5432,37.1737,5.514e-14,4.232e-14,1.739e-14,-0.0007,-97.19,1
BottomS009516,17.6310,36.9308,4.090e-17,3.040e-17,1.202e-17,0.0006,-99.22,0
BottomS009517,17.6368,36.9309,2.164e-14,1.515e-14,5.409e-15,-0.0,-99.4,0
BottomS009518,17.5319,37.1560,1.742e-17,1.359e-17,5.935e-18,0.0009,-96.94,1
BottomS009519,17.5280,37.1600,2.565e-17,1.904e-17,7.883e-18,0.001,-97.06,0
BottomS009520,17.5215,37.1628,3.557e-20,4.170e-20,4.137e-20,0.0002,-96.89,0
BottomS009521,17.5133,37.1543,6.190e-14,5.620e-14,3.463e-14,-0.0,-97.01,1
BottomS009522,17.6568,36.9505,1.616e-16,1.117e-16,3.837e-17,-0.0009,-99.25,0
BottomS009523,17.6597,36.9541,3.784e-17,2.780e-17,1.079e-17,0.0003,-99.21,0
BottomS009524,17.4976,37.1544,7.446e-14,5.892e-14,2.618e-14,-0.0007,-97.14,1
BottomS009525,17.5060,37.1432,1.705e-16,1.160e-16,3.880e-17,0.0004,-97.09,0
BottomS009526,17.5001,37.1337,7.871e-18,6.233e-18,2.910e-18,-0.0002,-97.09,0
BottomS009527,17.4980,37.1282,1.286e-16,9.685e-17,3.836e-17,-0.0006,-97.07,0
BottomS009528,17.4901,37.1263,1.151e-17,9.183e-18,4.255e-18,0.0002,-96.84,0
BottomS009529,17.6810,36.9741,2.469e-17,1.873e-17,7.438e-18,0.0003,-99.38,0
BottomS009530,17.6854,36.9838,3.695e-18,3.167e-18,1.653e-18,-0.001,-99.19,0
BottomS009531,17.6988,36.9933,2.361e-19,2.269e-19,1.573e-19,0.0004,-99.18,0
BottomS009532,17.7018,36.9963,6.071e-14,4.434e-14,1.682e-14,0.0002,-99.36,0
BottomS009533,17.4751,37.1146,1.463e-18,2.527e-18,5.734e-18,0.0002,-97.21,0
BottomS009535,17.4630,37.0906,1.895e-16,1.271e-16,4.076e-17,-0.0001,-97.18,0
BottomS009536,17.7072,37.0179,3.410e-17,2.468e-17,9.613e-18,0.0001,-99.08,0
BottomS009537,17.4568,37.0784,6.702e-14,6.184e-14,3.876e-14,-0.0004,-97.13,1
BottomS009538,17.4698,37.0806,4.578e-18,3.577e-18,1.641e-18,0.0004,-97.15,0
BottomS009539,17.4596,37.0727,4.581e-18,3.806e-18,1.973e-18,0.0002,-97.16,0
BottomS009540,17.4593,37.0594,8.239e-18,7.135e-18,3.749e-18,-0.0004,-97.39,0
BottomS009541,17.4446,37.0526,1.422e-17,1.083e-17,4.611e-18,-0.0005,-97.35,1
BottomS009542,17.4564,37.0476,1.813e-19,1.880e-19,1.522e-19,0.0009,-97.51,0
BottomS009543,17.4500,37.0392,9.221e-17,6.323e-17,2.206e-17,0.0007,-97.46,0
BottomS009544,17.7216,37.0727,1.903e-20,2.465e-20,3.039e-20,-0.0005,-98.76,0
BottomS009545,17.7213,37.0737,4.323e-14,2.952e-14,1.031e-14,0.0003,-98.77,0
BottomS009546,17.4548,37.0195,4.687e-17,3.548e-17,1.462e-17,-0.0005,-97.38,0
BottomS009547,17.7285,37.0946,8.765e-20,1.014e-19,1.005e-19,0.0006,-98.53,0
BottomS009548,17.7256,37.1000,3.860e-17,2.917e-17,1.222e-17,-0.0001,-98.88,0
BottomS009549,17.7268,37.1088,3.558e-17,2.616e-17,1.050e-17,-0.0002,-98.62,0
BottomS009550,17.4428,36.9856,2.009e-19,2.061e-19,1.526e-19,0.0006,-97.7,0
BottomS009551,17.5902,37.0714,2.526e-19,2.542e-19,1.867e-19,0.0004,-97.76,0
BottomS009552,17.5776,37.0310,2.079e-20,2.558e-20,2.846e-20,0.0001,-98.59,0
BottomS009554,17.5794,37.0294,6.168e-18,5.007e-18,2.398e-18,0.0004,-98.59,0
BottomS009555,17.5894,37.0722,5.548e-20,6.194e-20,5.521e-20,0.0005,-97.58,0
BottomS009556,17.5903,37.0770,1.464e-17,1.163e-17,5.324e-18,0.0005,-97.58,1
BottomS009560,17.5808,37.0275,2.573e-18,5.375e-18,1.719e-17,0.0003,-98.66,0
BottomS009563,17.5843,37.0834,2.546e-17,1.937e-17,8.147e-18,0.0003,-97.44,0
BottomS009564,17.5861,37.0176,2.760e-18,2.321e-18,1.238e-18,-0.0003,-98.98,0
BottomS009565,17.5866,37.0186,3.938e-17,1.170e-16,8.288e-16,0.0001,-99.0,0
BottomS009566,17.5831,37.0837,2.059e-17,1.511e-17,6.025e-18,0.0,-97.31,0
BottomS009567,17.5882,37.0147,8.861e-19,7.974e-19,4.547e-19,-0.0006,-99.09,0
BottomS009568,17.5814,37.0834,2.021e-18,3.536e-18,8.301e-18,-0.0,-97.53,0
BottomS009569,17.5786,37.0819,7.794e-19,7.303e-19,4.488e-19,0.0006,-97.27,0
BottomS009570,17.5800,37.0823,3.006e-18,4.416e-18,6.977e-18,-0.0002,-97.18,0
BottomS009571,17.5914,37.0139,6.233e-19,9.773e-19,1.820e-18,0.0001,-99.05,0
BottomS009572,17.5921,37.0170,1.126e-17,8.994e-18,4.199e-18,0.0003,-99.08,0
BottomS009573,17.5766,37.0880,1.114e-20,1.512e-20,2.050e-20,0.0002,-97.06,0
BottomS009575,17.5939,37.0139,1.460e-18,1.355e-18,8.658e-19,-0.0004,-99.21,0
BottomS009576,17.5960,37.0194,7.440e-20,8.180e-20,7.092e-20,0.0003,-99.1,0
BottomS009577,17.5963,37.0185,1.425e-19,1.555e-19,1.342e-19,0.0001,-99.21,0
BottomS009578,17.5994,37.0166,6.821e-19,1.230e-18,2.987e-18,0.0005,-99.32,0
BottomS009579,17.5997,37.0168,4.657e-14,3.389e-14,1.329e-14,-0.0001,-99.25,0
BottomS009580,17.6014,37.0172,2.777e-19,2.882e-19,2.233e-19,0.0003,-99.15,0
BottomS009581,17.5681,37.0831,1.252e-18,1.124e-18,6.366e-19,-0.0003,-97.08,0
BottomS009582,17.5624,37.0853,8.172e-19,7.490e-19,4.661e-19,0.001,-96.86,0
BottomS009583,17.5625,37.0879,6.914e-19,1.117e-18,2.150e-18,0.0002,-96.96,0
BottomS009584,17.6087,37.0176,2.885e-20,3.526e-20,3.885e-20,-0.0007,-99.15,0
BottomS009585,17.6084,37.0205,1.239e-18,2.130e-18,4.870e-18,-0.0004,-99.21,0
BottomS009586,17.5598,37.0818,2.153e-18,3.768e-18,8.544e-18,0.0005,-97.14,0
BottomS009587,17.6101,37.0172,1.120e-18,9.726e-19,5.209e-19,0.0002,-99.33,0
BottomS009588,17.5535,37.0791,1.057e-18,9.408e-19,5.168e-19,0.0001,-97.03,0
BottomS009590,17.5530,37.0799,9.827e-19,1.548e-18,2.978e-18,0.0011,-97.25,0
BottomS009591,17.5539,37.0817,5.494e-18,4.538e-18,2.158e-18,-0.0005,-96.87,0
BottomS009592,17.6166,37.0198,5.516e-14,4.004e-14,1.547e-14,0.0003,-99.15,0
BottomS009593,17.6226,37.0190,2.043e-18,1.779e-18,9.864e-19,-0.0001,-99.46,0
BottomS009594,17.6252,37.0224,4.002e-19,3.909e-19,2.669e-19,-0.0005,-99.16,0
BottomS009595,17.5432,37.0835,6.360e-19,1.260e-18,3.746e-18,-0.0004,-97.17,0
BottomS009596,17.6265,37.0236,2.780e-18,2.260e-18,1.082e-18,-0.0001,-99.16,0
BottomS009597,17.6294,37.0283,1.959e-17,1.472e-17,5.869e-18,-0.0006,-99.23,0
BottomS009598,17.6303,37.0290,1.220e-18,1.049e-18,5.672e-19,-0.0007,-99.19,0
BottomS009599,17.5451,37.0770,8.053e-19,1.752e-18,6.337e-18,-0.0004,-97.03,0
BottomS009603,17.6337,37.0394,8.230e-19,1.807e-18,6.578e-18,0.0005,-99.04,0
BottomS009605,17.6364,37.0445,1.280e-20,1.638e-20,1.977e-20,-0.0004,-99.02,0
BottomS009606,17.6343,37.0393,1.098e-18,1.868e-18,4.037e-18,-0.0008,-99.12,0
BottomS009607,17.5292,37.0589,1.017e-17,7.749e-18,3.243e-18,-0.0005,-97.33,1
BottomS009608,17.6463,37.0439,8.062e-18,6.318e-18,2.782e-18,-0.0007,-98.9,0
BottomS009609,17.6370,37.0443,1.631e-17,1.217e-17,4.826e-18,0.0005,-98.8,0
BottomS009610,17.5362,37.0559,6.945e-19,6.677e-19,4.408e-19,-0.0005,-97.19,0
BottomS009612,17.5267,37.0471,1.402e-19,1.479e-19,1.173e-19,0.0001,-97.52,0
BottomS009613,17.6461,37.0573,1.808e-18,3.805e-18,1.295e-17,-0.0,-98.77,0
BottomS009614,17.6468,37.0581,2.133e-17,1.568e-17,6.099e-18,-0.0001,-98.91,0
BottomS009615,17.5218,37.0418,6.402e-17,4.511e-17,1.697e-17,0.0004,-97.34,0
BottomS009616,17.5326,37.0430,3.023e-19,2.864e-19,1.928e-19,0.0004,-97.57,0
BottomS009617,17.5212,37.0367,2.826e-19,2.781e-19,2.017e-19,-0.0009,-97.62,0
BottomS009618,17.6420,37.0646,5.728e-17,4.314e-17,1.771e-17,0.0007,-98.91,0
BottomS009619,17.5228,37.0320,2.667e-19,2.788e-19,2.106e-19,0.0002,-97.49,0
BottomS009620,17.5219,37.0312,5.625e-19,9.112e-19,1.789e-18,-0.0,-97.67,0
BottomS009621,17.6508,37.0751,5.549e-14,4.273e-14,1.785e-14,-0.0005,-98.7,1
BottomS009623,17.5194,37.0223,2.878e-20,3.474e-20,3.570e-20,0.0007,-97.74,0
BottomS009625,17.5218,37.0184,1.020e-18,9.517e-19,5.803e-19,-0.0003,-97.78,0
BottomS009626,17.5220,37.0141,4.055e-14,2.861e-14,1.014e-14,-0.0003,-97.8,0
BottomS009627,17.6449,37.0881,8.250e-19,7.754e-19,4.724e-19,-0.0003,-98.5,0
BottomS009628,17.5164,37.0064,5.099e-18,4.088e-18,1.905e-18,0.0009,-97.77,0
BottomS009629,17.6502,37.0957,6.246e-19,9.102e-19,1.453e-18,-0.0004,-98.59,0
BottomS009632,17.5330,37.0043,6.691e-14,4.720e-14,1.689e-14,0.0001,-98.1,0
BottomS009633,17.5256,36.9954,8.089e-19,7.289e-19,4.252e-19,0.0009,-98.17,0
BottomS009634,17.5144,36.9945,7.311e-17,5.132e-17,1.861e-17,0.0004,-98.0,0
BottomS009635,17.5236,36.9877,6.679e-19,6.270e-19,4.050e-19,0.0004,-98.02,0
BottomS009636,17.6403,37.1169,8.369e-19,7.480e-19,4.337e-19,-0.0002,-98.2,0
BottomS009637,17.5232,36.9829,7.227e-18,5.894e-18,2.849e-18,-0.0003,-98.1,0
BottomS009638,17.6503,37.1225,4.124e-19,4.038e-19,2.720e-19,-0.0008,-98.05,0
BottomS009639,17.6460,37.1261,4.078e-17,2.839e-17,1.015e-17,-0.0009,-98.33,0
BottomS009640,17.6434,37.1261,1.065e-18,9.973e-19,6.515e-19,0.0009,-98.11,0
BottomS009641,17.6284,37.1301,9.567e-19,1.970e-18,6.392e-18,-0.0003,-97.75,0
BottomS009644,17.5350,36.9586,6.032e-18,4.741e-18,2.200e-18,-0.0005,-98.48,0
BottomS009645,17.6254,37.1400,3.192e-19,3.033e-19,2.008e-19,0.0001,-97.88,0
BottomS009646,17.5462,36.9728,4.810e-17,3.493e-17,1.320e-17,0.0004,-98.47,0
BottomS009647,17.5442,36.9545,1.262e-19,1.298e-19,9.764e-20,-0.0003,-98.78,0
BottomS009648,17.5500,36.9540,1.588e-18,2.536e-18,4.797e-18,0.0007,-98.62,0
BottomS009649,17.6258,37.1379,1.591e-18,2.509e-18,4.585e-18,0.0005,-97.71,0
BottomS009650,17.5487,36.9495,1.979e-18,4.776e-18,2.117e-17,0.0002,-98.64,0
BottomS009651,17.5417,36.9611,1.026e-16,7.304e-17,2.618e-17,-0.0006,-98.45,0
BottomS009652,17.5624,36.9488,4.142e-19,4.081e-19,2.839e-19,-0.0001,-98.58,0
BottomS009653,17.6154,37.1554,1.402e-18,2.524e-18,6.280e-18,-0.001,-97.55,0
BottomS009654,17.5515,36.9488,4.147e-19,4.246e-19,3.207e-19,-0.0004,-98.54,0
BottomS009656,17.5551,36.9472,9.882e-20,1.133e-19,1.034e-19,-0.0007,-98.8,0
BottomS009657,17.6109,37.1582,1.100e-17,8.710e-18,3.946e-18,0.0004,-97.43,1
BottomS009658,17.5702,36.9377,3.135e-19,3.181e-19,2.326e-19,0.0008,-98.87,0
BottomS009659,17.5730,36.9312,5.042e-19,4.837e-19,3.189e-19,0.0003,-98.82,0
BottomS009660,17.5729,36.9451,6.750e-19,6.433e-19,4.343e-19,0.0,-98.93,0
BottomS009661,17.5752,36.9244,4.960e-19,8.319e-19,1.767e-18,-0.0002,-99.0,0
BottomS009662,17.5937,37.1632,2.302e-19,2.305e-19,1.641e-19,-0.0002,-97.24,0
BottomS009663,17.5859,37.1842,1.038e-20,1.356e-20,1.752e-20,0.0003,-97.33,0
BottomS009664,17.5834,36.9354,9.874e-18,7.711e-18,3.395e-18,-0.0001,-98.83,0
BottomS009666,17.5795,37.1696,7.710e-17,5.541e-17,2.076e-17,0.0007,-97.17,0
BottomS009667,17.5790,37.1638,6.593e-17,4.597e-17,1.698e-17,-0.0,-97.24,0
BottomS009668,17.5936,36.9364,4.332e-18,3.366e-18,1.473e-18,-0.0002,-99.07,0
BottomS009670,17.6007,36.9227,3.184e-18,2.597e-18,1.279e-18,0.0007,-99.01,0
BottomS009671,17.6047,36.9191,4.151e-18,3.340e-18,1.556e-18,0.0004,-99.21,0
BottomS009672,17.6096,36.9240,1.108e-19,1.213e-19,1.071e-19,-0.0005,-99.18,0
BottomS009673,17.6078,36.9371,4.449e-18,3.874e-18,2.079e-18,-0.0002,-99.2,0
BottomS009674,17.5572,37.1679,2.798e-18,2.319e-18,1.160e-18,0.0007,-97.15,0
BottomS009675,17.6134,36.9439,1.189e-20,1.646e-20,2.241e-20,-0.0002,-99.16,0
BottomS009676,17.5508,37.1561,2.760e-17,2.177e-17,9.501e-18,-0.0002,-97.14,1
BottomS009677,17.5463,37.1693,3.126e-18,2.619e-18,1.309e-18,-0.0001,-97.22,0
BottomS009679,17.5392,37.1614,5.001e-17,3.686e-17,1.511e-17,-0.0005,-96.98,0
BottomS009680,17.6315,36.9440,1.089e-18,2.345e-18,8.510e-18,-0.0007,-99.12,0
BottomS009683,17.5264,37.1533,3.581e-19,3.515e-19,2.498e-19,0.0004,-97.0,0
BottomS009684,17.6455,36.9539,3.134e-20,3.937e-20,4.593e-20,0.001,-99.12,0
BottomS009685,17.6419,36.9588,2.185e-20,2.762e-20,3.271e-20,-0.001,-99.25,0
BottomS009686,17.6467,36.9625,1.949e-20,2.419e-20,2.680e-20,0.0001,-99.38,0
BottomS009687,17.5159,37.1567,2.620e-17,1.918e-17,7.426e-18,-0.0004,-97.08,0
BottomS009688,17.6592,36.9596,3.669e-18,2.976e-18,1.440e-18,0.0003,-99.14,0
BottomS009689,17.5108,37.1440,8.044e-19,7.317e-19,4.431e-19,-0.0001,-96.82,0
BottomS009690,17.5091,37.1558,5.642e-18,4.951e-18,2.690e-18,-0.0005,-97.0,0
BottomS009692,17.5004,37.1253,7.520e-18,5.940e-18,2.703e-18,0.0004,-97.11,0
BottomS009693,17.6706,36.9643,3.048e-17,2.266e-17,9.032e-18,-0.0,-99.28,0
BottomS009695,17.6772,36.9752,2.606e-18,4.659e-18,1.171e-17,-0.0006,-99.12,0
BottomS009696,17.6802,36.9766,2.642e-18,2.300e-18,1.231e-18,-0.0007,-99.47,0
BottomS009697,17.6801,36.9908,1.720e-18,3.319e-18,9.216e-18,0.0003,-99.31,0
BottomS009698,17.4840,37.0988,3.196e-18,7.692e-18,3.337e-17,0.0003,-96.92,0
BottomS009699,17.6834,36.9796,9.752e-20,1.098e-19,9.825e-20,0.0002,-99.34,0
BottomS009700,17.4772,37.1062,3.519e-19,3.412e-19,2.255e-19,-0.0007,-97.0,0
BottomS009702,17.4657,37.0854,2.796e-19,2.815e-19,2.030e-19,0.0003,-97.22,0
BottomS009703,17.4648,37.0786,2.210e-18,1.956e-18,1.129e-18,0.0004,-97.39,0
BottomS009706,17.4666,37.0800,3.688e-18,2.994e-18,1.457e-18,0.0007,-97.25,0
BottomS009710,17.4584,37.0645,3.485e-14,3.799e-14,3.151e-14,-0.0003,-97.39,1
BottomS009711,17.7198,37.0462,1.901e-20,2.474e-20,3.102e-20,-0.001,-98.94,0
BottomS009712,17.7307,37.0546,1.966e-18,1.723e-18,9.374e-19,0.0007,-98.99,0
BottomS009713,17.7296,37.0585,3.808e-18,2.934e-18,1.257e-18,-0.0001,-98.98,0
BottomS009714,17.4647,37.0478,6.113e-20,7.314e-20,7.827e-20,0.0011,-97.14,0
BottomS009715,17.4566,37.0474,1.077e-18,1.030e-18,6.594e-19,0.0004,-97.38,0
BottomS009717,17.4535,37.0293,1.036e-16,7.293e-17,2.636e-17,-0.0008,-97.41,0
BottomS009718,17.4297,37.0116,2.765e-19,2.724e-19,1.920e-19,0.0001,-97.66,0
BottomS009719,17.4488,37.0200,3.174e-14,2.236e-14,7.960e-15,-0.0002,-97.71,0
BottomS009721,17.4580,37.0078,1.009e-18,9.394e-19,6.014e-19,0.0001,-97.6,0
BottomS009722,17.7233,37.1008,2.249e-18,1.988e-18,1.112e-18,0.0008,-98.77,0
BottomS009723,17.4638,37.0031,2.108e-18,1.790e-18,9.551e-19,0.0001,-97.62,0
BottomS009726,17.7169,37.1190,9.582e-16,6.471e-16,2.120e-16,-0.0001,-98.66,0
BottomS009727,17.7138,37.1232,1.332e-17,1.028e-17,4.398e-18,-0.0001,-98.54,1
BottomS009729,17.4652,36.9695,5.098e-20,5.987e-20,5.908e-20,0.0004,-97.88,0
BottomS009730,17.4730,36.9728,1.783e-18,1.466e-18,7.343e-19,0.0004,-97.8,0
BottomS009731,17.7230,37.1467,7.151e-19,1.135e-18,2.166e-18,0.0004,-98.44,0
BottomS009733,17.1834,31.8247,2.012e-20,2.483e-20,2.722e-20,0.0002,-97.28,0
BottomS009742,17.2052,31.8563,2.398e-14,1.638e-14,5.548e-15,0.0003,-96.45,0
BottomS009743,17.2304,31.8939,3.048e-19,4.339e-19,6.548e-19,0.0005,-94.64,0
BottomS009744,17.2071,31.8565,1.496e-18,1.292e-18,6.662e-19,-0.0001,-96.13,0
BottomS009754,17.2036,31.8488,1.381e-19,1.445e-19,1.095e-19,-0.0005,-96.76,0
BottomS009757,17.2056,31.8629,1.131e-20,1.417e-20,1.681e-20,-0.0006,-96.0,0
BottomS009758,17.2116,31.8592,1.494e-20,1.980e-20,2.525e-20,-0.0,-96.39,0
BottomS009767,17.2159,31.8534,2.791e-19,4.676e-19,9.620e-19,0.0,-95.41,0
BottomS009768,17.1976,31.8392,3.183e-20,3.833e-20,4.140e-20,0.0,-97.11,0
BottomS009774,17.2047,31.8490,1.426e-18,2.467e-18,5.615e-18,-0.0002,-96.75,0
BottomS009775,17.1933,31.8524,1.506e-19,1.539e-19,1.163e-19,-0.0001,-95.94,0
BottomS009777,17.2127,31.8667,1.128e-19,1.216e-19,9.956e-20,-0.0006,-94.91,0
BottomS009778,17.2862,31.9744,7.510e-19,6.752e-19,4.003e-19,0.0009,-94.35,0
BottomS009782,17.2239,31.8803,3.220e-18,4.746e-18,7.523e-18,-0.0005,-93.66,0
BottomS009784,17.2181,31.8683,1.592e-20,2.034e-20,2.472e-20,0.0001,-94.75,0
BottomS009785,17.1663,31.8160,7.777e-20,8.158e-20,6.430e-20,0.0005,-97.31,0
BottomS009787,17.2234,31.8600,7.883e-20,8.729e-20,7.884e-20,-0.0006,-95.11,0
BottomS009788,17.2254,31.8731,1.382e-20,1.802e-20,2.206e-20,-0.0001,-94.26,0
BottomS009789,17.2023,31.8562,1.953e-20,2.291e-20,2.345e-20,0.0009,-96.27,0
BottomS009790,17.1604,31.8068,1.260e-19,1.321e-19,1.049e-19,-0.0007,-97.37,0
BottomS009791,17.2239,31.8753,1.210e-18,1.081e-18,6.187e-19,0.0004,-94.2,0
BottomS009793,17.2644,31.9245,2.390e-20,2.799e-20,2.790e-20,0.0004,-93.66,0
BottomS009794,17.2125,31.8596,4.752e-19,8.465e-19,1.936e-18,0.0009,-95.37,0
BottomS009799,17.2201,31.8684,2.240e-18,1.901e-18,1.011e-18,-0.0001,-94.62,0
BottomS009800,17.1937,31.8346,1.418e-18,2.011e-18,2.937e-18,-0.0007,-96.34,0
BottomS009801,17.1911,31.8425,3.922e-20,4.539e-20,4.442e-20,0.0004,-97.12,0
BottomS009803,17.1731,31.8019,2.151e-19,2.200e-19,1.706e-19,0.0007,-96.87,0
BottomS009805,17.1632,31.7998,7.517e-20,8.430e-20,7.809e-20,-0.0004,-97.1,0
BottomS009810,17.1270,31.7677,3.440e-20,3.884e-20,3.640e-20,0.0006,-97.34,0
BottomS009821,17.2254,31.8835,5.818e-20,6.609e-20,6.178e-20,0.0,-93.87,0
BottomS009825,17.2257,31.8735,4.573e-19,4.472e-19,3.082e-19,0.0001,-93.69,0
BottomS009827,17.2769,31.9575,2.784e-19,2.955e-19,2.352e-19,-0.0003,-93.6,0
BottomS009832,17.2122,31.8665,1.571e-20,1.953e-20,2.123e-20,0.0005,-95.16,0
BottomS009833,17.1741,31.8147,5.705e-20,6.480e-20,6.010e-20,-0.0011,-97.24,0
BottomS009836,17.2291,31.8895,6.186e-14,4.534e-14,1.788e-14,0.0003,-93.57,0
BottomS009838,17.2040,31.8530,5.199e-20,6.082e-20,5.923e-20,-0.0004,-96.06,0
BottomS009839,17.1962,31.8486,1.461e-20,1.861e-20,2.295e-20,0.0006,-96.61,0
BottomS009841,17.2196,31.8675,1.065e-20,1.357e-20,1.668e-20,-0.0005,-94.46,0
BottomS009847,17.2331,31.8890,1.023e-20,1.395e-20,1.879e-20,-0.0,-93.39,0
BottomS009852,17.2078,31.8519,1.330e-19,2.273e-19,4.831e-19,-0.0002,-95.84,0
BottomS009854,17.2108,31.8635,6.881e-19,1.242e-18,3.094e-18,0.0002,-93.7,0
BottomS009858,17.2144,31.8830,2.024e-20,2.440e-20,2.515e-20,-0.0004,-94.97,0
BottomS009859,17.2046,31.8530,1.594e-19,1.674e-19,1.311e-19,-0.0001,-96.42,0
BottomS009861,17.2264,31.8750,1.255e-14,8.543e-15,2.898e-15,0.0002,-94.6,0
BottomS009867,17.1931,31.8346,2.201e-19,2.238e-19,1.607e-19,-0.0004,-97.14,0
BottomS009868,17.1940,31.8191,5.953e-20,6.571e-20,5.746e-20,0.0007,-96.59,0
BottomS009870,17.1881,31.8383,3.255e-19,3.223e-19,2.253e-19,0.0003,-96.95,0
BottomS009873,17.2380,31.8903,4.705e-20,5.276e-20,4.758e-20,0.0011,-93.69,0
BottomS009878,17.2046,31.8518,4.605e-19,7.504e-19,1.507e-18,-0.0004,-96.66,0
BottomS009879,17.2638,31.9324,4.557e-19,9.447e-19,3.002e-18,-0.0001,-93.93,0
BottomS009881,17.2020,31.8504,5.439e-19,1.158e-18,3.993e-18,0.0007,-96.41,0
BottomS009884,17.2199,31.8714,2.470e-18,2.032e-18,1.018e-18,0.0008,-94.14,0
BottomS009886,17.1849,31.8411,1.226e-19,1.248e-19,9.168e-20,0.0003,-96.56,0
BottomS009887,17.1982,31.8512,2.264e-20,2.707e-20,2.899e-20,-0.0003,-96.84,0
BottomS009890,17.2211,31.8777,1.842e-20,2.278e-20,2.472e-20,0.0002,-93.76,0
BottomS009898,17.2720,31.9251,1.483e-20,1.911e-20,2.297e-20,-0.0001,-93.87,0
BottomS009901,17.2261,31.8856,4.360e-18,1.055e-17,4.841e-17,-0.0002,-94.31,0
BottomS009925,17.2252,31.8697,1.775e-18,3.341e-18,8.929e-18,0.0003,-94.19,0
BottomS009927,17.2319,31.8890,2.969e-18,7.098e-18,3.210e-17,-0.0008,-93.71,0
BottomS009928,17.2162,31.8678,2.910e-20,3.497e-20,3.732e-20,0.0006,-94.16,0
BottomS009945,17.2151,31.8752,1.180e-19,1.234e-19,9.905e-20,-0.001,-94.36,0
BottomS009947,17.2742,31.9250,3.027e-18,5.062e-18,1.022e-17,-0.0001,-93.91,0
BottomS009949,17.2123,31.8561,7.354e-20,8.252e-20,7.527e-20,0.0003,-96.42,0
BottomS009952,17.2093,31.8550,1.698e-20,2.233e-20,2.943e-20,-0.0003,-96.02,0
BottomS009961,17.1977,31.8514,2.500e-19,2.431e-19,1.629e-19,0.0001,-96.83,0
BottomS009964,17.2763,31.9305,4.510e-20,4.895e-20,4.233e-20,-0.0011,-93.51,0
BottomS009966,17.2245,31.8824,3.566e-14,2.600e-14,1.024e-14,0.0008,-93.79,0
BottomS009969,17.2062,31.8471,3.473e-18,6.965e-18,2.150e-17,-0.0009,-96.78,0
BottomS009970,17.2178,31.8750,2.358e-18,1.913e-18,9.369e-19,-0.0003,-93.92,0
BottomS009978,17.2148,31.8669,5.637e-18,4.427e-18,2.017e-18,0.0003,-94.46,0
BottomS009981,17.1894,31.8439,3.649e-20,4.313e-20,4.337e-20,0.0002,-97.18,0
BottomS009982,17.2306,31.9046,5.546e-19,5.078e-19,3.061e-19,-0.0005,-93.91,0
BottomS009983,17.2099,31.8640,1.008e-19,1.067e-19,8.652e-20,-0.0001,-95.06,0
BottomS009987,17.1894,31.8412,4.184e-18,9.621e-18,4.016e-17,0.0003,-96.88,0
BottomS009992,17.1818,31.8354,2.434e-20,2.941e-20,3.238e-20,-0.0003,-97.32,0
BottomS009996,17.2043,31.8558,1.209e-19,1.282e-19,1.035e-19,0.0001,-96.26,0
BottomS009998,17.2048,31.8658,6.274e-19,9.609e-19,1.689e-18,0.0002,-95.45,0
BottomS010010,17.1815,31.8234,1.227e-20,1.610e-20,2.016e-20,-0.0001,-97.27,0
BottomS010012,17.2265,31.8826,1.502e-20,1.914e-20,2.251e-20,0.0006,-93.62,0
BottomS010013,17.2222,31.8820,2.010e-18,4.265e-18,1.474e-17,0.0006,-94.44,0
BottomS010017,17.1850,31.8380,1.054e-19,1.162e-19,9.869e-20,-0.0,-97.22,0
BottomS010022,17.2103,31.8647,5.318e-19,4.795e-19,2.829e-19,-0.0007,-95.15,0
BottomS010023,17.2111,31.8647,1.488e-20,1.874e-20,2.083e-20,0.0002,-95.2,0
BottomS010024,17.1388,31.7810,3.939e-20,4.584e-20,4.459e-20,0.0007,-97.34,0
BottomS010028,17.2189,31.8819,2.017e-18,1.735e-18,9.516e-19,0.0002,-94.46,0
BottomS010029,17.2172,31.8726,1.992e-19,1.987e-19,1.441e-19,0.0006,-94.56,0
BottomS010038,17.1945,31.8358,1.545e-18,2.706e-18,6.181e-18,0.0002,-96.16,0
BottomS010048,17.1665,31.8023,1.127e-19,1.149e-19,8.612e-20,0.0002,-97.25,0
BottomS010056,17.1674,31.7936,1.248e-20,1.624e-20,2.034e-20,-0.0004,-96.64,0
BottomS010057,17.2043,31.8580,1.117e-18,1.015e-18,5.817e-19,0.0002,-96.42,0
BottomS010070,17.2141,31.8518,3.102e-20,3.709e-20,3.787e-20,-0.0005,-96.01,0
BottomS010071,17.2170,31.8700,9.942e-19,1.844e-18,4.626e-18,0.0003,-94.79,0
BottomS010072,17.2158,31.8632,2.268e-19,2.266e-19,1.651e-19,0.0001,-94.58,0
BottomS010074,17.2208,31.8689,2.636e-20,3.226e-20,3.483e-20,-0.0009,-94.49,0
BottomS010076,17.2032,31.8781,3.737e-19,5.979e-19,1.080e-18,-0.0004,-94.46,0
BottomS010077,17.1814,31.8327,7.861e-19,1.454e-18,3.715e-18,0.0006,-97.29,0
BottomS010078,17.2092,31.8488,3.342e-17,2.450e-17,9.495e-18,0.0,-96.5,0
BottomS010079,17.1888,31.8546,4.214e-18,3.385e-18,1.594e-18,-0.0004,-96.69,0
BottomS010081,17.2085,31.8665,4.654e-18,7.691e-18,1.552e-17,0.0002,-95.17,0
BottomS010083,17.2087,31.8582,2.083e-20,2.533e-20,2.695e-20,0.0003,-95.77,0
BottomS010085,17.2155,31.8629,5.555e-20,6.602e-20,6.614e-20,-0.0001,-94.73,0
BottomS010087,17.2084,31.8647,4.209e-18,3.490e-18,1.675e-18,0.0,-95.32,0
BottomS010089,17.2065,31.8393,3.058e-19,5.172e-19,1.152e-18,-0.0001,-96.83,0
BottomS010090,17.2177,31.8531,4.444e-19,4.556e-19,3.388e-19,-0.0005,-95.5,0
BottomS010091,17.1932,31.8514,9.129e-19,7.917e-19,4.265e-19,-0.001,-96.95,0
BottomS010092,17.1884,31.8149,4.154e-20,4.913e-20,5.185e-20,-0.0008,-97.24,0
BottomS010093,17.2044,31.8782,2.333e-18,1.969e-18,1.028e-18,0.0003,-95.02,0
BottomS010094,17.2021,31.8594,1.218e-18,2.176e-18,5.207e-18,0.0001,-96.59,0
BottomS010097,17.2208,31.8473,8.217e-19,7.708e-19,4.911e-19,-0.0004,-95.91,0
BottomS010100,17.1991,31.8719,5.119e-19,4.856e-19,3.142e-19,-0.0001,-95.75,0
BottomS010102,17.2140,31.8486,2.092e-20,2.529e-20,2.770e-20,-0.0007,-96.8,0
BottomS010103,17.2249,31.8592,6.710e-20,7.391e-20,6.637e-20,-0.001,-94.8,0
BottomS010104,17.2245,31.8511,1.572e-20,2.041e-20,2.530e-20,-0.0005,-95.19,0
BottomS010106,17.2047,31.8727,7.399e-19,1.631e-18,6.028e-18,-0.0003,-95.04,0
BottomS010107,17.2070,31.8604,7.840e-20,9.092e-20,8.648e-20,0.0003,-95.72,0
BottomS010108,17.2118,31.8694,1.398e-20,1.751e-20,1.981e-20,-0.0001,-94.18,0
BottomS010112,17.2112,31.8655,1.827e-19,1.928e-19,1.528e-19,0.0001,-95.14,0
BottomS010113,17.1969,31.8519,3.087e-18,2.560e-18,1.269e-18,0.0,-96.11,0
BottomS010114,17.2107,31.8763,5.618e-20,6.713e-20,6.869e-20,0.0003,-94.51,0
BottomS010115,17.2153,31.8644,1.069e-17,8.095e-18,3.371e-18,-0.0002,-94.4,1
BottomS010118,17.1942,31.8409,9.613e-20,1.045e-19,9.139e-20,0.0013,-96.96,0
BottomS010120,17.2246,31.8471,1.476e-18,1.247e-18,6.534e-19,-0.0003,-95.46,0
BottomS010121,17.2369,31.8603,5.535e-20,6.234e-20,5.585e-20,0.0004,-93.94,0
BottomS010122,17.2204,31.8767,2.224e-20,2.788e-20,3.207e-20,0.0001,-93.73,0
BottomS010124,17.1838,31.8729,3.913e-19,4.007e-19,2.935e-19,0.0001,-96.99,0
BottomS010125,17.1964,31.8574,4.478e-20,5.147e-20,5.019e-20,-0.0005,-96.28,0
BottomS010127,17.2225,31.8639,8.575e-20,9.328e-20,7.794e-20,0.0009,-94.27,0
BottomS010129,17.1969,31.8752,1.419e-19,1.500e-19,1.192e-19,0.0004,-95.41,0
BottomS010130,17.2185,31.8579,2.450e-18,2.064e-18,1.080e-18,0.0008,-94.81,0
BottomS010134,17.2121,31.8627,7.523e-19,7.088e-19,4.722e-19,0.0006,-95.24,0
BottomS010137,17.2165,31.8707,8.249e-15,5.574e-15,1.897e-15,0.0002,-94.37,0
BottomS010139,17.2108,31.8792,4.820e-18,4.017e-18,2.001e-18,-0.0005,-94.11,0
BottomS010140,17.2197,31.8665,7.286e-14,6.302e-14,3.340e-14,-0.0003,-94.14,1
BottomS010143,17.2194,31.8702,1.470e-18,2.246e-18,3.809e-18,0.0007,-94.34,0
BottomS010144,17.2484,31.8928,1.513e-18,1.280e-18,6.554e-19,-0.0,-93.62,0
BottomS010148,17.2244,31.8577,3.903e-20,4.655e-20,4.654e-20,0.0003,-94.19,0
BottomS010150,17.2202,31.8602,1.866e-18,4.076e-18,1.453e-17,-0.0002,-94.56,0
BottomS010151,17.1974,31.8446,3.143e-19,2.902e-19,1.818e-19,0.0005,-96.81,0
BottomS010152,17.2218,31.8419,2.629e-18,2.254e-18,1.235e-18,-0.0003,-95.67,0
BottomS010154,17.2318,31.8270,6.136e-20,6.914e-20,6.319e-20,0.0004,-96.52,0
BottomS010155,17.2087,31.8468,1.917e-14,1.298e-14,4.281e-15,0.0,-96.56,0
BottomS010156,17.2177,31.8412,5.533e-19,5.267e-19,3.433e-19,0.0004,-96.56,0
BottomS010158,17.2275,31.8745,1.240e-18,2.447e-18,7.085e-18,-0.0006,-93.81,0
BottomS010159,17.2345,31.8473,3.007e-19,3.042e-19,2.174e-19,-0.0002,-93.52,0
BottomS010160,17.2263,31.8742,3.293e-14,3.334e-14,2.491e-14,0.0009,-94.35,1
BottomS010161,17.2058,31.8249,1.316e-18,1.179e-18,6.760e-19,-0.0009,-97.04,0
BottomS010163,17.2210,31.8866,1.933e-18,2.631e-18,3.512e-18,-0.0006,-93.55,0
BottomS010165,17.2217,31.8379,7.414e-14,6.044e-14,2.950e-14,-0.0006,-96.16,1
BottomS010166,17.2053,31.8692,1.961e-20,2.539e-20,3.034e-20,0.0007,-95.25,0
BottomS010167,17.2219,31.8620,3.807e-20,4.550e-20,4.882e-20,-0.0006,-93.97,0
BottomS010168,17.1913,31.8456,1.931e-20,2.364e-20,2.586e-20,0.0,-97.06,0
BottomS010174,17.2102,31.8246,3.762e-19,3.623e-19,2.341e-19,-0.0003,-96.79,0
BottomS010175,17.2083,31.8601,1.452e-14,1.033e-14,3.768e-15,-0.0004,-95.47,0
BottomS010177,17.2115,31.8318,8.930e-20,9.846e-20,8.501e-20,-0.0008,-97.14,0
BottomS010178,17.2152,31.8829,6.371e-19,1.086e-18,2.441e-18,0.0002,-93.9,0
BottomS010179,17.2150,31.8624,9.371e-19,1.836e-18,5.300e-18,0.0,-94.98,0
BottomS010183,17.2287,31.8687,5.019e-19,4.771e-19,3.110e-19,-0.0004,-93.74,0
BottomS010186,17.2206,31.8447,5.816e-19,8.907e-19,1.554e-18,-0.0002,-95.89,0
BottomS010188,17.2041,31.8546,2.501e-19,2.522e-19,1.835e-19,-0.0001,-96.23,0
BottomS010190,17.2250,31.8726,6.207e-19,5.755e-19,3.627e-19,-0.0007,-93.66,0
BottomS010191,17.1933,31.8485,1.556e-18,3.150e-18,9.892e-18,-0.0003,-96.9,0
BottomS010192,17.2256,31.8558,6.752e-18,5.366e-18,2.363e-18,-0.0,-94.46,0
BottomS010193,17.2274,31.8971,1.051e-14,7.025e-15,2.235e-15,0.0005,-93.94,0
BottomS010197,17.2139,31.8525,3.383e-20,3.900e-20,3.808e-20,0.0004,-96.39,0
BottomS010198,17.2161,31.8836,2.105e-19,2.353e-19,2.139e-19,0.0005,-93.96,0
BottomS010199,17.2186,31.8684,6.811e-19,1.121e-18,2.240e-18,-0.0009,-94.37,0
BottomS010201,17.2249,31.8785,1.514e-18,2.769e-18,6.995e-18,-0.0003,-93.92,0
BottomS010204,17.2034,31.8702,1.011e-18,8.827e-19,4.811e-19,-0.0002,-95.3,0
BottomS010205,17.2273,31.8740,1.730e-20,2.132e-20,2.348e-20,-0.0001,-94.03,0
BottomS010206,17.2323,31.8540,1.505e-18,2.393e-18,4.301e-18,-0.0004,-93.43,0
BottomS010212,17.1902,31.8633,1.105e-19,1.182e-19,9.674e-20,-0.0001,-97.08,0
BottomS010215,17.1771,31.8490,1.418e-18,2.635e-18,6.993e-18,0.0011,-97.25,0
BottomS010216,17.2402,31.8823,8.020e-20,9.375e-20,9.305e-20,0.0006,-93.7,0
BottomS010217,17.1970,31.8741,1.299e-20,1.625e-20,1.942e-20,-0.0003,-95.47,0
BottomS010218,17.2107,31.8435,2.950e-18,2.527e-18,1.351e-18,0.0004,-97.02,0
BottomS010220,17.2071,31.8686,7.254e-19,6.791e-19,4.132e-19,-0.0003,-95.24,0
BottomS010221,17.2408,31.8758,3.206e-20,4.013e-20,4.383e-20,-0.0001,-93.45,0
BottomS010222,17.1773,31.8387,3.027e-18,2.574e-18,1.366e-18,-0.0003,-97.2,0
BottomS010223,17.2158,31.8886,4.596e-20,5.355e-20,5.197e-20,0.0005,-94.22,0
BottomS010225,17.2234,31.8793,3.287e-18,2.758e-18,1.418e-18,0.0001,-94.07,0
BottomS010227,17.1840,31.8329,1.853e-19,1.955e-19,1.613e-19,0.0005,-97.26,0
BottomS010232,17.2304,31.8604,1.993e-20,2.505e-20,2.959e-20,0.0001,-94.15,0
BottomS010234,17.2097,31.8819,2.438e-18,2.078e-18,1.140e-18,-0.0005,-94.59,0
BottomS010235,17.1862,31.8254,1.403e-20,1.821e-20,2.236e-20,-0.0007,-97.28,0
BottomS010239,17.2218,31.8813,8.247e-20,8.881e-20,7.339e-20,0.0006,-93.77,0
BottomS010242,17.1907,31.8427,1.013e-19,1.119e-19,9.995e-20,0.0009,-97.12,0
BottomS010243,17.2269,31.8854,1.328e-20,1.658e-20,1.956e-20,0.0002,-93.65,0
BottomS010245,17.1938,31.8360,3.761e-20,4.419e-20,4.493e-20,-0.0017,-96.99,0
BottomS010247,17.2115,31.8526,2.837e-20,3.529e-20,4.000e-20,-0.0003,-96.19,0
BottomS010249,17.2194,31.8846,6.471e-20,6.954e-20,5.866e-20,-0.0003,-93.77,0
BottomS010255,17.2331,31.8957,2.274e-19,2.381e-19,1.824e-19,-0.0001,-93.51,0
BottomS010256,17.2203,31.8761,8.681e-20,9.429e-20,8.331e-20,0.0004,-93.77,0
BottomS010258,17.1835,31.8354,3.097e-19,3.050e-19,2.158e-19,0.0007,-97.18,0
BottomS010259,17.1910,31.8400,9.306e-19,1.483e-18,2.777e-18,0.0003,-97.21,0
BottomS010260,17.2059,31.8497,2.066e-20,2.434e-20,2.406e-20,-0.0006,-96.76,0
BottomS010261,17.1953,31.8385,2.919e-18,4.464e-18,8.025e-18,0.0005,-97.06,0
BottomS010262,17.1878,31.8274,1.658e-20,1.981e-20,2.094e-20,-0.0,-97.13,0
BottomS010264,17.2294,31.8813,2.265e-18,1.975e-18,1.045e-18,-0.0005,-93.57,0
BottomS010266,17.1839,31.8353,7.703e-19,7.204e-19,4.638e-19,0.0004,-97.21,0
BottomS010268,17.1963,31.8382,1.834e-19,1.806e-19,1.218e-19,0.0003,-97.06,0
BottomS010269,17.2351,31.8952,4.785e-18,3.941e-18,1.878e-18,-0.0001,-93.38,0
BottomS010270,17.1938,31.8375,6.985e-19,6.482e-19,4.065e-19,-0.0002,-96.94,0
BottomS010272,17.2001,31.8501,3.418e-14,2.311e-14,8.045e-15,-0.0002,-96.54,0
BottomS010273,17.1818,31.8254,5.567e-18,4.629e-18,2.276e-18,-0.0006,-97.2,0
BottomS010276,17.2277,31.8816,3.448e-20,4.049e-20,4.106e-20,-0.0003,-93.53,0
BottomS010277,17.1889,31.8287,1.645e-20,1.976e-20,2.110e-20,0.0002,-97.08,0
BottomS010279,17.1750,31.8208,1.772e-20,2.193e-20,2.406e-20,0.0006,-97.27,0
BottomS010280,17.1935,31.8393,5.009e-18,3.857e-18,1.650e-18,0.0005,-97.13,0
BottomS010285,17.2290,31.8891,1.061e-18,9.668e-19,5.705e-19,0.0,-93.69,0
BottomS010289,17.1937,31.8404,4.189e-19,7.686e-19,1.954e-18,-0.0004,-96.99,0
BottomS010291,17.1863,31.8334,6.100e-18,4.795e-18,2.149e-18,-0.0002,-97.01,0
BottomS010292,17.2357,31.8955,6.306e-19,5.917e-19,3.823e-19,0.0001,-93.46,0
BottomS010293,17.1752,31.8248,2.182e-17,1.634e-17,6.642e-18,0.0005,-97.17,0
BottomS010294,17.1920,31.8386,5.333e-20,6.354e-20,6.648e-20,0.0004,-96.96,0
BottomS010297,17.1715,31.8196,1.346e-19,1.499e-19,1.343e-19,0.0006,-97.31,0
BottomS010298,17.2343,31.8935,1.044e-18,8.789e-19,4.620e-19,-0.0008,-93.55,0
BottomS010299,17.2274,31.8945,9.532e-20,1.035e-19,9.177e-20,0.001,-93.49,0
BottomS010300,17.2366,31.8854,1.229e-19,1.340e-19,1.126e-19,-0.0,-93.47,0
BottomS010303,17.1725,31.8126,1.848e-20,2.362e-20,2.837e-20,0.0008,-97.34,0
BottomS010305,17.2451,31.9042,3.933e-20,4.704e-20,4.749e-20,-0.0006,-93.38,0
BottomS010308,17.1845,31.8271,6.216e-20,7.012e-20,6.390e-20,-0.0003,-97.25,0
BottomS010309,17.1847,31.8268,1.027e-20,1.305e-20,1.555e-20,0.0002,-97.1,0
BottomS010310,17.2500,31.9155,4.728e-14,3.555e-14,1.481e-14,-0.0001,-93.47,1
BottomS010314,17.2517,31.9028,2.020e-20,2.607e-20,3.129e-20,0.0008,-93.46,0
BottomS010315,17.1813,31.8317,1.204e-18,2.455e-18,7.796e-18,-0.0008,-97.24,0
BottomS010317,17.1783,31.8228,3.037e-19,3.108e-19,2.240e-19,-0.0001,-97.22,0
BottomS010323,17.2481,31.9059,2.029e-18,3.098e-18,5.380e-18,-0.0001,-93.41,0
BottomS010326,17.1767,31.8319,3.150e-19,3.282e-19,2.548e-19,-0.0003,-97.26,0
BottomS010327,17.2359,31.9014,1.227e-19,1.272e-19,9.652e-20,0.0001,-93.61,0
BottomS010330,17.2480,31.9051,5.537e-19,1.090e-18,3.211e-18,0.0002,-93.5,0
BottomS010332,17.1784,31.8209,1.002e-20,1.322e-20,1.722e-20,0.0,-97.15,0
BottomS010333,17.2429,31.9069,3.386e-18,6.523e-18,1.845e-17,0.0001,-93.44,0
BottomS010336,17.1682,31.7996,6.057e-20,6.797e-20,6.189e-20,0.0001,-97.33,0
BottomS010338,17.1814,31.8234,4.897e-18,3.750e-18,1.632e-18,0.0002,-97.03,0
BottomS010339,17.2507,31.9163,1.198e-19,1.262e-19,1.044e-19,-0.0002,-93.49,0
BottomS010340,17.2415,31.9021,1.257e-19,1.277e-19,9.472e-20,-0.0004,-93.68,0
BottomS010343,17.2524,31.9261,1.154e-18,1.874e-18,3.734e-18,-0.0003,-93.43,0
BottomS010344,17.2501,31.9110,1.032e-19,1.118e-19,9.478e-20,-0.0007,-93.45,0
BottomS010345,17.1701,31.8137,6.746e-19,6.347e-19,4.013e-19,0.0008,-97.16,0
BottomS010347,17.2471,31.9040,7.885e-19,6.865e-19,3.760e-19,-0.0005,-93.53,0
BottomS010349,17.2396,31.8949,9.142e-20,1.034e-19,9.175e-20,-0.0003,-93.62,0
BottomS010352,17.1826,31.8213,5.861e-19,5.399e-19,3.364e-19,-0.0001,-97.15,0
BottomS010354,17.2442,31.9128,4.114e-18,7.344e-18,1.707e-17,-0.0002,-93.38,0
BottomS010356,17.1649,31.8058,3.475e-18,2.928e-18,1.490e-18,-0.0,-97.26,0
BottomS010359,17.1674,31.8155,1.487e-18,1.336e-18,7.752e-19,0.0,-97.18,0
BottomS010360,17.1653,31.8057,4.271e-18,3.417e-18,1.606e-18,0.0002,-97.18,0
BottomS010362,17.2331,31.8999,3.472e-20,4.117e-20,4.148e-20,0.0008,-93.63,0
BottomS010364,17.1563,31.8050,1.916e-19,2.033e-19,1.635e-19,0.0006,-97.28,0
BottomS010365,17.1674,31.8042,5.642e-20,6.571e-20,6.394e-20,0.0001,-97.17,0
BottomS010366,17.2556,31.9139,7.450e-20,8.341e-20,7.574e-20,0.0002,-93.32,0
BottomS010367,17.2566,31.9159,1.949e-18,3.775e-18,1.090e-17,-0.0007,-93.39,0
BottomS010370,17.2542,31.9167,1.388e-19,1.449e-19,1.132e-19,-0.0001,-93.5,0
BottomS010372,17.2498,31.9193,3.376e-20,4.085e-20,4.138e-20,-0.0007,-93.47,0
BottomS010377,17.2568,31.9245,2.602e-20,3.268e-20,3.716e-20,-0.0,-93.51,0
BottomS010378,17.1631,31.7950,3.389e-19,3.231e-19,2.133e-19,-0.0007,-97.26,0
BottomS010380,17.2516,31.9204,5.780e-18,4.602e-18,2.052e-18,0.0006,-93.56,0
BottomS010381,17.1520,31.7912,7.276e-19,6.492e-19,3.829e-19,0.0002,-97.26,0
BottomS010382,17.2568,31.9287,2.168e-20,2.727e-20,3.066e-20,0.0003,-93.41,0
BottomS010383,17.1644,31.7978,9.887e-17,2.435e-16,1.148e-15,-0.0003,-97.22,0
BottomS010385,17.2626,31.9301,1.468e-18,2.793e-18,7.574e-18,0.0007,-93.42,0
BottomS010386,17.1485,31.7921,2.058e-19,2.155e-19,1.781e-19,-0.0004,-97.25,0
BottomS010387,17.1614,31.8029,1.221e-18,1.102e-18,6.255e-19,0.0001,-97.18,0
BottomS010389,17.1560,31.7980,1.293e-19,1.375e-19,1.136e-19,0.0002,-97.24,0
BottomS010390,17.1608,31.8033,7.172e-20,8.082e-20,7.547e-20,-0.0003,-97.15,0
BottomS010391,17.2541,31.9133,2.376e-19,2.520e-19,2.031e-19,-0.0002,-93.47,0
BottomS010392,17.2676,31.9317,9.243e-19,8.688e-19,5.491e-19,-0.0002,-93.36,0
BottomS010396,17.2631,31.9214,1.272e-19,1.307e-19,9.759e-20,-0.0001,-93.53,0
BottomS010400,17.1461,31.7848,5.522e-19,4.735e-19,2.550e-19,-0.0002,-97.25,0
BottomS010401,17.2655,31.9382,6.980e-19,1.075e-18,1.942e-18,0.0009,-93.46,0
BottomS010402,17.2683,31.9304,5.180e-19,9.372e-19,2.336e-18,-0.0001,-93.42,0
BottomS010405,17.2611,31.9288,1.009e-16,7.379e-17,2.849e-17,-0.0004,-93.54,0
BottomS010406,17.1597,31.7963,3.156e-17,2.176e-17,7.519e-18,-0.0007,-97.12,0
BottomS010407,17.1554,31.7930,5.419e-19,8.348e-19,1.475e-18,-0.0002,-97.18,0
BottomS010408,17.1512,31.7879,1.995e-17,1.654e-17,8.423e-18,0.0,-97.23,0
BottomS010409,17.2701,31.9391,8.109e-18,6.496e-18,2.931e-18,0.0001,-93.4,1
BottomS010410,17.2686,31.9360,2.681e-16,1.782e-16,5.565e-17,0.0001,-93.39,0
BottomS010411,17.1545,31.7898,1.204e-17,9.373e-18,4.177e-18,0.0,-97.2,1
BottomS010412,17.2696,31.9363,3.287e-14,2.363e-14,8.959e-15,0.0001,-93.39,0
BottomS010413,17.2692,31.9377,2.309e-16,1.602e-16,5.519e-17,-0.0003,-93.35,0
BottomS010415,17.2705,31.9388,1.294e-18,2.517e-18,7.363e-18,-0.0001,-93.34,0
BottomS010416,17.1502,31.7842,3.930e-17,2.844e-17,1.072e-17,0.0001,-97.29,0
BottomS010417,17.1484,31.7849,2.699e-18,2.292e-18,1.171e-18,0.0007,-97.3,0
BottomS010418,17.2762,31.9442,9.368e-18,7.832e-18,3.864e-18,0.0,-93.31,0
BottomS010419,17.1463,31.7833,5.276e-17,3.712e-17,1.370e-17,-0.0003,-97.37,0
BottomS010420,17.1436,31.7811,1.358e-18,2.062e-18,3.468e-18,0.0006,-97.37,0
BottomS010421,17.1487,31.7844,7.055e-17,4.923e-17,1.783e-17,-0.0004,-97.35,0
BottomS010422,17.2777,31.9450,5.909e-17,4.176e-17,1.496e-17,-0.0003,-93.31,0
BottomS010423,17.1419,31.7783,3.817e-19,3.822e-19,2.671e-19,0.0001,-97.39,0
BottomS010424,17.2827,31.9515,8.033e-18,6.611e-18,3.265e-18,0.0003,-93.26,0
BottomS010425,17.2815,31.9498,1.019e-17,7.808e-18,3.373e-18,-0.0005,-93.3,1
BottomS010426,17.1388,31.7753,1.084e-18,2.018e-18,5.498e-18,0.0,-97.41,0
BottomS010427,17.2780,31.9445,1.439e-17,1.119e-17,4.948e-18,0.0002,-93.26,1
BottomS010428,17.2836,31.9513,1.052e-16,7.388e-17,2.668e-17,0.0002,-93.3,0
BottomS010429,17.2831,31.9506,1.272e-17,1.007e-17,4.637e-18,-0.0003,-93.26,1
BottomS010430,17.2818,31.9493,2.900e-17,2.267e-17,9.937e-18,0.0005,-93.25,0
BottomS010431,17.1397,31.7801,1.677e-14,1.117e-14,3.774e-15,0.0006,-97.42,0
BottomS010432,17.1388,31.7759,2.082e-18,1.770e-18,9.453e-19,0.0003,-97.37,0
BottomS010433,17.1369,31.7746,1.050e-18,1.870e-18,4.563e-18,-0.0006,-97.36,0
BottomS010435,17.1354,31.7726,2.075e-16,1.466e-16,5.151e-17,0.0004,-97.39,0
BottomS010437,17.1328,31.7722,1.200e-17,9.543e-18,4.205e-18,0.0005,-97.46,1
BottomS010438,17.1378,31.7778,4.848e-18,4.032e-18,2.005e-18,0.0003,-97.33,0
BottomS010439,17.1362,31.7740,1.403e-19,1.475e-19,1.181e-19,-0.0002,-97.37,0
BottomS010440,17.2847,31.9467,1.525e-18,1.429e-18,9.510e-19,-0.0002,-93.31,0
BottomS010441,17.2898,31.9545,4.206e-17,3.019e-17,1.153e-17,0.0006,-93.25,0
BottomS010442,17.2833,31.9457,2.331e-17,1.739e-17,7.116e-18,-0.0004,-93.36,0
BottomS010443,17.2819,31.9467,2.518e-17,1.903e-17,7.515e-18,-0.0009,-93.35,0
BottomS010444,17.1372,31.7794,3.860e-19,3.697e-19,2.444e-19,0.0005,-97.24,0
BottomS010445,17.2831,31.9469,3.191e-17,2.315e-17,9.114e-18,0.0008,-93.38,0
BottomS010446,17.2839,31.9444,5.671e-17,4.117e-17,1.555e-17,0.0004,-93.38,0
BottomS010447,17.2818,31.9424,4.000e-20,4.672e-20,4.552e-20,-0.0008,-93.42,0
BottomS010448,17.2841,31.9466,8.438e-19,7.390e-19,3.962e-19,-0.0002,-93.36,0
BottomS010449,17.2823,31.9433,5.716e-19,5.413e-19,3.448e-19,-0.0001,-93.41,0
BottomS010450,17.2844,31.9440,2.753e-16,1.896e-16,6.486e-17,0.0004,-93.49,0
BottomS010451,17.2803,31.9407,2.293e-17,1.751e-17,7.318e-18,-0.0003,-93.45,1
BottomS010452,17.2824,31.9408,5.043e-16,3.390e-16,1.096e-16,-0.0002,-93.53,0
BottomS010453,17.1408,31.7871,7.296e-18,5.969e-18,2.913e-18,0.0002,-97.12,0
BottomS010454,17.2845,31.9435,8.043e-17,5.758e-17,2.114e-17,-0.0001,-93.52,0
BottomS010455,17.1411,31.7865,4.356e-17,3.176e-17,1.173e-17,0.0001,-97.08,0
BottomS010456,17.1412,31.7888,5.839e-19,1.152e-18,3.374e-18,-0.0002,-97.08,0
BottomS010457,17.2806,31.9391,4.396e-19,4.358e-19,2.963e-19,0.0002,-93.6,0
BottomS010458,17.1413,31.7873,2.622e-16,1.796e-16,6.056e-17,0.0005,-97.01,0
BottomS010459,17.2792,31.9362,4.382e-18,3.281e-18,1.365e-18,-0.0007,-93.64,0
BottomS010460,17.2762,31.9310,6.138e-18,4.787e-18,2.091e-18,-0.0001,-93.74,1
BottomS010461,17.1414,31.7903,9.485e-17,6.901e-17,2.653e-17,0.0007,-96.95,0
BottomS010462,17.1438,31.7940,2.147e-18,1.853e-18,9.971e-19,-0.0004,-96.77,0
BottomS010463,17.1472,31.7966,1.117e-17,8.947e-18,4.119e-18,-0.0005,-96.76,0
BottomS010464,17.1479,31.7989,3.380e-18,2.875e-18,1.515e-18,0.0005,-96.74,0
BottomS010466,17.2694,31.9215,8.734e-17,6.261e-17,2.410e-17,0.0,-93.97,0
BottomS010467,17.1516,31.8044,8.466e-17,6.051e-17,2.186e-17,0.0003,-96.58,0
BottomS010468,17.1523,31.8080,1.683e-17,1.282e-17,5.328e-18,-0.0003,-96.54,1
BottomS010469,17.2621,31.9115,8.494e-18,6.902e-18,3.150e-18,0.0009,-94.16,0
BottomS010471,17.1614,31.8176,2.387e-19,2.454e-19,1.902e-19,-0.0001,-96.38,0
BottomS010472,17.2576,31.9055,5.163e-17,3.746e-17,1.484e-17,-0.0,-94.33,0
BottomS010473,17.1680,31.8256,4.260e-18,3.502e-18,1.678e-18,0.0001,-96.22,0
BottomS010474,17.2514,31.8967,4.633e-16,3.111e-16,1.035e-16,-0.0007,-94.48,0
BottomS010475,17.1712,31.8317,6.140e-17,4.470e-17,1.711e-17,0.0007,-96.13,0
BottomS010476,17.1725,31.8321,1.298e-18,1.936e-18,3.266e-18,0.001,-96.05,0
BottomS010477,17.1779,31.8387,7.282e-18,5.916e-18,2.906e-18,-0.0013,-95.96,0
BottomS010478,17.1798,31.8426,1.267e-18,1.093e-18,5.768e-19,-0.0005,-95.9,0
BottomS010479,17.2399,31.8817,1.777e-17,1.369e-17,5.988e-18,0.0005,-94.79,1
BottomS010480,17.1832,31.8466,7.122e-18,5.908e-18,3.032e-18,0.0,-95.76,0
BottomS010481,17.1875,31.8523,2.339e-17,1.844e-17,8.122e-18,0.0003,-95.69,1
BottomS010482,17.2301,31.8677,1.460e-18,2.869e-18,8.377e-18,-0.0003,-95.08,0
BottomS010483,17.1909,31.8590,2.338e-14,1.680e-14,6.129e-15,-0.0001,-95.56,0
BottomS010484,17.1978,31.8645,1.586e-16,1.083e-16,3.755e-17,0.0011,-95.45,0
BottomS010485,17.2200,31.8557,5.316e-17,3.915e-17,1.570e-17,0.0001,-95.29,0
BottomS010486,17.2176,31.8527,6.823e-17,4.689e-17,1.634e-17,0.0001,-95.33,0
BottomS010488,17.2109,31.8800,5.661e-19,1.163e-18,3.693e-18,0.0,-95.13,0
BottomS010491,17.2721,31.9418,2.988e-19,5.574e-19,1.405e-18,-0.0,-93.3,0
BottomS010492,17.1506,31.7893,3.625e-18,2.980e-18,1.403e-18,-0.0007,-97.3,0
BottomS010494,17.2815,31.9473,7.615e-18,6.151e-18,2.876e-18,0.0007,-93.26,0
BottomS010495,17.1434,31.7838,5.671e-19,1.148e-18,3.592e-18,0.0001,-97.39,0
BottomS010496,17.1369,31.7739,6.559e-18,5.119e-18,2.307e-18,-0.0006,-97.38,1
BottomS010500,17.2738,31.9396,5.954e-19,5.717e-19,3.702e-19,0.0003,-93.29,0
BottomS010501,17.2732,31.9364,2.831e-17,2.184e-17,9.482e-18,-0.0004,-93.31,0
BottomS010503,17.2665,31.9298,7.501e-20,8.032e-20,6.953e-20,0.0001,-93.31,0
BottomS010504,17.1424,31.7867,9.211e-18,7.352e-18,3.273e-18,-0.0004,-97.36,1
BottomS010505,17.2818,31.9478,1.394e-18,1.197e-18,6.390e-19,-0.0008,-93.26,0
BottomS010506,17.2718,31.9353,2.776e-18,5.989e-18,2.082e-17,0.0011,-93.28,0
BottomS010508,17.2767,31.9395,1.648e-17,1.244e-17,5.006e-18,-0.0008,-93.32,1
BottomS010509,17.2746,31.9431,1.683e-19,1.699e-19,1.263e-19,-0.0004,-93.29,0
BottomS010511,17.1414,31.7826,1.837e-20,2.242e-20,2.452e-20,0.0002,-97.4,0
BottomS010514,17.2885,31.9525,3.662e-18,3.056e-18,1.507e-18,-0.0001,-93.26,0
BottomS010515,17.2841,31.9498,5.510e-18,4.279e-18,1.877e-18,-0.0001,-93.31,0
BottomS010517,17.1356,31.7732,1.589e-17,1.223e-17,5.299e-18,0.0006,-97.4,1
BottomS010518,17.2844,31.9488,6.663e-18,5.369e-18,2.510e-18,0.0005,-93.29,0
BottomS010519,17.1428,31.7885,1.067e-18,1.899e-18,4.526e-18,-0.0002,-97.27,1
BottomS010521,17.2824,31.9456,9.913e-17,7.164e-17,2.674e-17,0.0005,-93.32,0
BottomS010522,17.2876,31.9479,3.233e-14,2.886e-14,1.680e-14,0.0005,-93.36,1
BottomS010523,17.2897,31.9501,2.682e-18,4.275e-18,7.974e-18,0.001,-93.37,0
BottomS010526,17.2764,31.9368,1.185e-17,8.958e-18,3.807e-18,0.0003,-93.51,1
BottomS010527,17.1423,31.7911,2.190e-20,2.893e-20,3.822e-20,0.0001,-97.18,0
BottomS010528,17.1383,31.7871,2.095e-18,1.767e-18,8.841e-19,0.001,-97.13,0
BottomS010529,17.2897,31.9468,6.049e-19,1.194e-18,3.459e-18,0.0001,-93.45,0
BottomS010530,17.1368,31.7820,1.857e-19,1.922e-19,1.521e-19,-0.0008,-97.09,0
BottomS010534,17.2756,31.9360,1.197e-19,1.332e-19,1.169e-19,0.0002,-93.71,0
BottomS010537,17.2743,31.9328,1.631e-19,1.751e-19,1.449e-19,-0.0011,-93.64,0
BottomS010538,17.1463,31.7940,2.432e-18,2.054e-18,1.058e-18,0.0006,-96.89,0
BottomS010541,17.2777,31.9270,2.097e-18,1.875e-18,1.046e-18,-0.0005,-94.08,0
BottomS010543,17.2682,31.9198,2.126e-17,1.575e-17,6.167e-18,0.0005,-94.07,0
BottomS010545,17.1579,31.8121,3.670e-18,2.973e-18,1.444e-18,-0.0004,-96.54,0
BottomS010546,17.2665,31.9092,1.229e-20,1.641e-20,2.157e-20,-0.0005,-94.21,0
BottomS010547,17.2612,31.9130,4.730e-18,3.886e-18,1.822e-18,0.0003,-94.23,0
BottomS010550,17.1665,31.8240,1.422e-19,1.509e-19,1.234e-19,0.0009,-96.34,0
BottomS010552,17.1709,31.8271,1.305e-20,1.701e-20,2.056e-20,0.0002,-96.16,0
BottomS010554,17.1795,31.8387,1.627e-20,2.054e-20,2.462e-20,0.0014,-95.99,0
BottomS010559,17.2326,31.8748,1.299e-18,2.620e-18,8.096e-18,0.0007,-94.94,0
BottomS010560,17.1846,31.8535,7.213e-19,1.382e-18,3.847e-18,0.0001,-95.67,0
BottomS010561,17.1929,31.8567,6.687e-14,5.131e-14,2.124e-14,-0.0006,-95.57,1
BottomS010564,17.2132,31.8756,1.362e-19,1.507e-19,1.343e-19,0.0002,-95.15,0
BottomS010566,17.2063,31.8432,6.237e-20,7.408e-20,7.488e-20,0.0009,-95.6,0
BottomS010567,17.2116,31.8793,2.321e-18,4.521e-18,1.306e-17,0.0007,-95.15,0
BottomS010568,17.2229,31.8945,5.772e-19,5.615e-19,3.721e-19,-0.0008,-94.86,0
BottomS010569,17.2071,31.8400,8.089e-19,7.297e-19,4.367e-19,0.0005,-95.57,0
BottomS010572,17.2386,31.9150,5.157e-19,5.062e-19,3.467e-19,-0.0004,-94.49,0
BottomS010575,18.2861,36.6084,6.788e-20,7.439e-20,6.377e-20,0.0006,-91.71,0
BottomS010576,18.2551,36.6190,1.756e-19,1.899e-19,1.597e-19,0.0001,-91.91,0
BottomS010579,18.2534,36.6178,1.458e-20,1.858e-20,2.213e-20,0.0001,-92.34,0
BottomS010582,18.2495,36.6135,9.853e-19,9.161e-19,5.715e-19,0.0004,-92.56,0
BottomS010585,18.2828,36.6309,1.361e-20,1.724e-20,1.976e-20,0.0001,-91.13,0
BottomS010588,18.2427,36.6302,7.587e-19,7.009e-19,4.203e-19,0.0006,-93.34,0
BottomS010589,18.2344,36.6086,4.707e-20,5.289e-20,4.910e-20,-0.0003,-93.69,0
BottomS010592,18.1797,36.6343,7.832e-20,8.614e-20,7.586e-20,-0.0003,-94.22,0
BottomS010593,18.3177,36.6884,1.149e-18,2.130e-18,5.356e-18,-0.0008,-91.57,0
BottomS010595,18.3109,36.6562,3.131e-19,3.072e-19,2.142e-19,-0.0011,-91.19,0
BottomS010598,18.2391,36.5987,1.020e-19,1.077e-19,8.439e-20,-0.0001,-93.03,0
BottomS010599,18.2399,36.6205,3.840e-18,9.933e-18,5.164e-17,-0.0006,-93.82,0
BottomS010600,18.2484,36.6294,1.505e-19,1.519e-19,1.100e-19,0.0004,-92.75,0
BottomS010601,18.2505,36.6255,1.445e-18,3.606e-18,1.671e-17,-0.0004,-91.68,0
BottomS010605,18.2557,36.6432,1.096e-20,1.413e-20,1.666e-20,0.0003,-92.35,0
BottomS010608,18.2886,36.6277,1.715e-20,2.073e-20,2.267e-20,0.0002,-91.14,0
BottomS010609,18.2104,36.6454,1.245e-20,1.527e-20,1.717e-20,0.0003,-93.8,0
BottomS010610,18.2424,36.6231,2.087e-20,2.525e-20,2.682e-20,-0.0002,-93.59,0
BottomS010620,18.2393,36.6069,1.971e-19,1.979e-19,1.459e-19,0.0,-93.27,0
BottomS010623,18.2423,36.6436,4.800e-20,5.662e-20,5.564e-20,-0.0001,-93.14,0
BottomS010627,18.2339,36.6198,5.888e-20,6.668e-20,6.274e-20,-0.0,-94.04,0
BottomS010630,18.2063,36.6055,2.972e-20,3.670e-20,4.092e-20,-0.0002,-94.34,0
BottomS010632,18.2199,36.6010,3.012e-19,2.987e-19,2.104e-19,0.0003,-93.71,0
BottomS010634,18.2658,36.6296,3.627e-14,3.458e-14,2.266e-14,-0.0009,-91.36,1
BottomS010637,18.2519,36.6020,1.688e-19,1.773e-19,1.421e-19,-0.0004,-92.52,0
BottomS010638,18.2361,36.6219,2.685e-18,2.190e-18,1.025e-18,-0.0003,-93.83,0
BottomS010641,18.2182,36.6023,9.454e-20,1.057e-19,9.821e-20,0.0,-93.99,0
BottomS010642,18.2686,36.6351,6.582e-19,1.019e-18,1.815e-18,-0.0007,-91.56,0
BottomS010649,18.2498,36.6331,1.304e-19,1.341e-19,1.032e-19,0.0003,-92.53,0
BottomS010653,18.3236,36.7183,1.772e-18,1.520e-18,8.221e-19,-0.0,-91.7,0
BottomS010659,18.2483,36.6203,4.505e-20,5.010e-20,4.610e-20,0.0002,-92.87,0
BottomS010670,18.4150,36.7792,1.871e-18,4.472e-18,1.922e-17,0.0,-91.56,0
BottomS010671,18.2276,36.6332,1.923e-18,3.104e-18,5.880e-18,0.0004,-94.08,0
BottomS010672,18.3679,36.6557,3.153e-14,2.173e-14,7.412e-15,0.0001,-90.95,0
BottomS010673,18.2260,36.6026,8.229e-20,9.330e-20,8.445e-20,-0.0005,-93.71,0
BottomS010674,18.0806,36.6446,2.084e-20,2.542e-20,2.849e-20,0.0004,-94.17,0
BottomS010677,18.4059,36.6635,1.180e-19,1.281e-19,1.090e-19,-0.0002,-91.01,0
BottomS010682,18.2373,36.6140,1.247e-18,1.809e-18,2.796e-18,-0.0004,-93.49,0
BottomS010688,18.2009,36.6364,2.353e-18,1.957e-18,1.008e-18,-0.0001,-94.2,0
BottomS010689,18.4363,36.6415,5.164e-18,1.165e-17,4.579e-17,-0.0003,-91.06,0
BottomS010691,18.3206,36.6804,1.315e-18,2.095e-18,4.140e-18,0.0,-91.54,0
BottomS010693,18.2150,36.5961,1.388e-18,2.529e-18,6.404e-18,0.0002,-94.03,0
BottomS010699,18.2481,36.6215,3.639e-18,8.070e-18,3.036e-17,0.0003,-93.28,0
BottomS010700,18.2565,36.6045,1.082e-20,1.421e-20,1.817e-20,0.0002,-92.28,0
BottomS010701,18.2423,36.6404,2.090e-20,2.683e-20,3.157e-20,-0.0001,-93.22,0
BottomS010710,18.1974,36.6042,2.295e-19,2.358e-19,1.833e-19,-0.0006,-94.38,0
BottomS010711,18.2427,36.6174,4.691e-19,4.645e-19,3.276e-19,-0.0002,-93.29,0
BottomS010716,18.2113,36.4377,1.397e-17,1.072e-17,4.438e-18,-0.0002,-92.88,1
BottomS010718,18.2191,36.6313,1.328e-20,1.759e-20,2.211e-20,0.0005,-94.03,0
BottomS010719,18.2488,36.6166,2.349e-18,4.717e-18,1.483e-17,-0.0002,-91.75,0
BottomS010720,18.2682,36.6275,1.673e-18,1.486e-18,8.279e-19,0.0004,-91.4,0
BottomS010724,18.2451,36.6229,1.118e-19,1.189e-19,1.009e-19,0.0004,-93.62,0
BottomS010728,18.2547,36.6683,1.428e-17,3.821e-17,2.093e-16,0.0006,-92.59,0
BottomS010730,18.2247,36.5815,1.318e-18,1.182e-18,6.981e-19,0.0012,-93.36,0
BottomS010731,18.2343,36.6187,1.016e-18,9.100e-19,5.244e-19,0.0002,-93.84,0
BottomS010733,18.2576,36.6276,1.141e-20,1.510e-20,1.949e-20,0.0003,-91.57,0
BottomS010737,18.2244,36.6077,4.138e-20,4.965e-20,5.043e-20,0.0002,-94.28,0
BottomS010738,18.2869,36.6241,2.360e-18,1.994e-18,1.047e-18,0.0008,-91.17,0
BottomS010742,18.2569,36.6297,2.462e-19,4.164e-19,8.936e-19,-0.0002,-92.05,0
BottomS010743,18.2408,36.6256,2.487e-18,4.072e-18,8.198e-18,0.0001,-93.66,0
BottomS010746,18.2567,36.6294,1.322e-19,1.402e-19,1.147e-19,0.0002,-91.71,0
BottomS010748,18.2628,36.5922,1.818e-18,1.556e-18,8.146e-19,-0.0005,-92.31,0
BottomS010751,18.2421,36.6002,1.158e-20,1.533e-20,1.927e-20,-0.0005,-92.99,0
BottomS010753,18.2499,36.6592,1.765e-19,1.830e-19,1.418e-19,0.0004,-92.76,0
BottomS010754,18.2002,36.6314,1.642e-18,2.818e-18,6.153e-18,0.0001,-94.18,0
BottomS010756,18.2557,36.6470,6.886e-19,6.343e-19,3.857e-19,0.0004,-92.41,0
BottomS010761,18.2543,36.6553,1.425e-20,1.764e-20,1.986e-20,0.0006,-92.65,0
BottomS010770,18.3379,36.6969,2.429e-19,2.446e-19,1.785e-19,0.0002,-91.39,0
BottomS010772,18.2439,36.6414,3.965e-20,4.816e-20,5.074e-20,0.0002,-93.08,0
BottomS010782,18.2510,36.6487,1.278e-20,1.730e-20,2.369e-20,0.0004,-92.83,0
BottomS010783,18.1559,36.5631,3.974e-20,4.669e-20,4.709e-20,0.0005,-94.06,0
BottomS010784,18.2579,36.5451,1.281e-19,1.356e-19,1.139e-19,-0.0002,-92.59,0
BottomS010785,18.2099,36.6028,1.733e-20,2.047e-20,2.106e-20,-0.0002,-94.28,0
BottomS010786,18.2782,36.6415,7.947e-19,1.630e-18,5.197e-18,-0.0009,-91.49,0
BottomS010787,18.2830,36.6476,1.875e-19,1.962e-19,1.589e-19,0.0001,-91.5,0
BottomS010788,18.2505,36.6159,7.856e-19,1.267e-18,2.537e-18,-0.0004,-92.2,0
BottomS010791,18.3028,36.6585,3.310e-14,2.357e-14,8.472e-15,0.0002,-91.22,0
BottomS010804,18.2459,36.6192,2.074e-19,2.038e-19,1.460e-19,-0.0002,-93.05,0
BottomS010806,18.2602,36.6084,5.977e-19,5.680e-19,3.602e-19,0.0008,-92.05,0
BottomS010808,18.2293,36.6150,1.008e-17,7.884e-18,3.526e-18,0.0005,-94.02,1
BottomS010810,18.2488,36.6198,1.073e-18,2.231e-18,7.317e-18,0.0,-92.73,0
BottomS010811,18.2821,36.6299,9.131e-19,7.995e-19,4.519e-19,0.0003,-91.15,0
BottomS010812,18.2282,36.6182,1.170e-19,1.279e-19,1.126e-19,0.0001,-94.08,0
BottomS010813,18.2227,36.6367,6.093e-19,5.840e-19,3.928e-19,-0.0,-93.87,0
BottomS010819,18.2363,36.6142,2.952e-20,3.322e-20,3.025e-20,0.0003,-93.52,0
BottomS010821,18.2453,36.6203,1.233e-20,1.534e-20,1.703e-20,0.0003,-93.28,0
BottomS010825,18.2405,36.6174,3.184e-18,2.624e-18,1.273e-18,-0.0001,-93.52,0
BottomS010828,18.2497,36.6262,1.200e-20,1.564e-20,1.991e-20,-0.0002,-92.46,0
BottomS010829,18.2647,36.6113,1.922e-20,2.271e-20,2.401e-20,-0.0002,-91.74,0
BottomS010836,18.2500,36.6242,5.480e-20,6.312e-20,6.109e-20,0.0002,-92.28,0
BottomS010839,18.2764,36.6285,6.093e-20,6.717e-20,5.957e-20,0.0002,-91.26,0
BottomS010840,18.2518,36.6276,3.821e-20,4.536e-20,4.749e-20,-0.0001,-92.27,0
BottomS010843,18.2307,36.6537,6.309e-14,4.594e-14,1.699e-14,0.0004,-93.16,0
BottomS010844,18.2494,36.6319,2.152e-20,2.606e-20,2.779e-20,-0.0006,-92.67,0
BottomS010849,18.2574,36.6329,9.672e-20,1.064e-19,8.968e-20,0.0005,-91.97,0
BottomS010850,18.2680,36.6332,7.392e-14,5.684e-14,2.454e-14,0.0002,-91.43,1
BottomS010853,18.3642,36.6587,3.207e-18,6.062e-18,1.668e-17,-0.0003,-91.01,0
BottomS010863,18.2522,36.6229,1.414e-20,1.880e-20,2.439e-20,0.0006,-91.92,0
BottomS010868,18.2512,36.6186,1.299e-18,2.363e-18,5.760e-18,0.0001,-91.82,0
BottomS010873,18.2449,36.6312,4.819e-19,9.479e-19,2.656e-18,-0.0003,-93.33,0
BottomS010875,18.2135,36.6210,3.506e-18,2.952e-18,1.552e-18,-0.0001,-94.22,0
BottomS010876,18.2525,36.6259,1.973e-19,2.074e-19,1.647e-19,-0.0006,-91.79,0
BottomS010880,18.2615,36.6076,1.503e-20,1.829e-20,1.997e-20,0.0011,-91.89,0
BottomS010881,18.2375,36.6330,1.967e-20,2.420e-20,2.767e-20,-0.0,-93.52,0
BottomS010882,18.2490,36.6151,1.890e-19,2.002e-19,1.566e-19,-0.0003,-92.7,0
BottomS010888,18.2371,36.6434,8.737e-20,9.202e-20,7.385e-20,0.0007,-93.25,0
BottomS010895,18.2410,36.6080,1.147e-20,1.557e-20,2.010e-20,0.0001,-93.38,0
BottomS010900,18.2906,36.6618,1.624e-19,1.730e-19,1.440e-19,0.0003,-91.61,0
BottomS010901,18.2289,36.6096,6.642e-19,6.417e-19,4.247e-19,0.0001,-93.91,0
BottomS010902,18.2686,36.6756,2.012e-20,2.378e-20,2.442e-20,0.0003,-92.33,0
BottomS010904,18.0830,36.5519,6.364e-19,5.707e-19,3.371e-19,-0.0001,-94.45,0
BottomS010905,18.2562,36.5664,4.879e-18,3.902e-18,1.837e-18,-0.0004,-92.68,0
BottomS010910,18.3496,36.6522,6.735e-19,1.058e-18,1.896e-18,0.0004,-91.1,0
BottomS010917,18.2345,36.6016,9.819e-19,2.408e-18,1.117e-17,0.0012,-93.39,0
BottomS010918,18.1985,36.5913,1.399e-18,2.105e-18,3.530e-18,-0.0002,-94.14,0
BottomS010921,18.2486,36.6193,5.221e-19,4.887e-19,3.158e-19,-0.0008,-92.47,0
BottomS010926,18.2492,36.6184,3.820e-19,3.656e-19,2.436e-19,0.0002,-92.07,0
BottomS010929,18.3099,36.6158,1.064e-20,1.343e-20,1.521e-20,0.0009,-91.24,0
BottomS010935,18.2481,36.6294,3.649e-18,3.026e-18,1.492e-18,0.0,-92.81,0
BottomS010939,18.3258,36.5998,8.696e-18,1.267e-17,1.976e-17,-0.0001,-91.47,0
BottomS010942,18.2188,36.6336,4.666e-20,5.305e-20,4.914e-20,0.0005,-93.85,0
BottomS010945,18.2652,36.6206,6.343e-19,1.242e-18,3.593e-18,-0.0,-91.53,0
BottomS010955,18.2602,36.5597,9.747e-20,1.108e-19,9.901e-20,-0.0002,-92.58,0
BottomS010956,18.2175,36.6091,6.591e-20,7.309e-20,6.549e-20,-0.0003,-94.16,0
BottomS010958,18.1438,36.6246,3.468e-20,4.290e-20,4.712e-20,0.0006,-94.33,0
BottomS010959,18.2938,36.5900,1.745e-20,2.129e-20,2.302e-20,0.0003,-91.68,0
BottomS010962,18.2551,36.6326,7.610e-19,1.349e-18,3.124e-18,0.0004,-92.14,0
BottomS010967,18.2634,36.6430,4.531e-18,3.662e-18,1.711e-18,0.0005,-92.06,0
BottomS010969,18.2371,36.6030,1.132e-19,1.200e-19,9.561e-20,0.0002,-93.38,0
BottomS010970,18.3656,36.6737,5.756e-19,5.562e-19,3.708e-19,0.0002,-91.1,0
BottomS010977,18.2500,36.6260,2.139e-20,2.676e-20,3.148e-20,-0.0004,-91.7,0
BottomS010981,18.2580,36.6315,3.010e-20,3.888e-20,4.624e-20,0.001,-91.9,0
BottomS010982,18.2368,36.6127,1.123e-19,1.163e-19,8.918e-20,-0.0006,-93.41,0
BottomS010984,18.2607,36.6625,2.565e-17,1.879e-17,7.347e-18,-0.0012,-92.19,0
BottomS010986,18.2478,36.6190,1.981e-14,1.352e-14,4.554e-15,-0.001,-92.8,0
BottomS010987,18.2606,36.6365,1.867e-18,3.845e-18,1.221e-17,0.0,-91.64,0
BottomS010988,18.2480,36.6475,8.995e-19,1.484e-18,3.096e-18,-0.0002,-93.16,0
BottomS010989,18.2177,36.5850,6.069e-19,5.568e-19,3.412e-19,0.0003,-93.84,0
BottomS010990,18.2710,36.6362,1.699e-20,2.080e-20,2.359e-20,-0.0009,-91.23,0
BottomS010997,18.2540,36.5822,2.903e-19,2.913e-19,2.164e-19,0.0002,-92.36,0
BottomS010999,18.2495,36.6241,1.033e-19,1.091e-19,8.817e-20,-0.0002,-92.59,0
BottomS011000,18.2469,36.6104,1.970e-20,2.458e-20,2.791e-20,0.0004,-92.96,0
BottomS011001,18.2566,36.6286,9.567e-20,1.052e-19,9.276e-20,-0.0001,-92.23,0
BottomS011002,18.2294,36.6290,2.164e-18,3.791e-18,8.783e-18,-0.0008,-93.94,0
BottomS011004,18.2130,36.6304,5.195e-14,3.846e-14,1.497e-14,-0.0003,-94.19,0
BottomS011005,18.2281,36.6212,1.598e-18,2.535e-18,4.757e-18,0.0001,-93.69,0
BottomS011006,18.2551,36.6195,1.544e-18,3.138e-18,9.758e-18,0.0012,-92.04,0
BottomS011008,18.2726,36.6124,6.748e-19,1.079e-18,2.109e-18,0.0008,-91.75,0
BottomS011012,18.2483,36.6128,3.026e-19,3.203e-19,2.518e-19,0.0002,-92.72,0
BottomS011013,18.2746,36.6413,4.293e-20,4.972e-20,4.862e-20,-0.0005,-91.32,0
BottomS011014,18.2877,36.6323,1.600e-19,1.748e-19,1.482e-19,-0.0006,-91.14,0
BottomS011016,18.2634,36.6300,8.719e-20,9.447e-20,8.329e-20,0.0001,-91.52,0
BottomS011019,18.2719,36.6312,8.823e-19,1.514e-18,3.331e-18,-0.0006,-91.41,0
BottomS011023,18.2640,36.6334,2.526e-19,2.571e-19,1.970e-19,0.0002,-91.59,0
BottomS011025,18.2452,36.6034,8.612e-19,1.877e-18,6.559e-18,0.0002,-93.16,0
BottomS011026,18.2508,36.6147,8.340e-18,2.450e-17,1.628e-16,0.0001,-92.02,0
BottomS011031,18.2518,36.6344,1.315e-18,1.202e-18,7.105e-19,0.0002,-92.32,0
BottomS011034,18.2734,36.6486,2.187e-17,1.691e-17,7.201e-18,-0.0002,-91.45,1
BottomS011035,18.2410,36.6413,1.972e-19,1.975e-19,1.387e-19,0.0004,-93.99,0
BottomS011036,18.2347,36.6332,1.463e-18,1.263e-18,6.684e-19,-0.0001,-93.99,0
BottomS011037,18.2479,36.6274,2.616e-19,2.546e-19,1.705e-19,-0.0001,-92.82,0
BottomS011040,18.2393,36.6014,5.974e-20,6.429e-20,5.274e-20,-0.0004,-93.04,0
BottomS011041,18.2611,36.6420,1.638e-20,2.221e-20,2.961e-20,-0.001,-91.97,0
BottomS011043,18.2266,36.6119,4.435e-18,3.659e-18,1.815e-18,-0.0004,-94.21,0
BottomS011046,18.2447,36.6061,4.276e-19,8.288e-19,2.376e-18,0.0001,-92.91,0
BottomS011047,18.2349,36.5802,1.976e-18,4.316e-18,1.525e-17,-0.0003,-93.34,0
BottomS011050,18.2402,36.6358,4.623e-20,5.339e-20,5.045e-20,-0.0002,-93.19,0
BottomS011051,18.2244,36.6214,4.587e-18,3.840e-18,1.916e-18,0.0009,-94.15,0
BottomS011052,18.2293,36.6003,4.417e-19,3.985e-19,2.375e-19,0.0009,-93.7,0
BottomS011054,18.2599,36.6337,1.887e-18,1.641e-18,8.620e-19,-0.0005,-92.03,0
BottomS011055,18.2403,36.6070,1.581e-20,2.085e-20,2.589e-20,-0.0005,-93.5,0
BottomS011056,18.2677,36.6431,4.464e-19,4.384e-19,2.968e-19,0.0001,-91.43,0
BottomS011058,18.2620,36.6259,6.117e-20,7.377e-20,7.651e-20,-0.0,-91.54,0
BottomS011059,18.2406,36.6424,3.395e-20,4.191e-20,4.535e-20,0.0001,-93.21,0
BottomS011062,18.2592,36.6236,9.636e-20,9.856e-20,7.642e-20,-0.0005,-91.67,0
BottomS011063,18.2418,36.6261,1.418e-18,2.267e-18,4.267e-18,-0.0003,-93.42,0
BottomS011064,18.2195,36.6233,4.451e-20,5.262e-20,5.270e-20,0.0,-94.17,0
BottomS011065,18.2752,36.6103,4.956e-20,5.569e-20,4.966e-20,0.0001,-91.23,0
BottomS011066,18.2730,36.6242,1.043e-20,1.363e-20,1.630e-20,0.0002,-91.35,0
BottomS011067,18.2623,36.6479,1.383e-20,1.800e-20,2.307e-20,-0.0001,-91.81,0
BottomS011070,18.2471,36.6415,4.256e-19,4.304e-19,3.113e-19,-0.0002,-93.56,0
BottomS011074,18.2774,36.6259,4.102e-19,4.177e-19,3.026e-19,0.0,-91.2,0
BottomS011077,18.2146,36.6217,6.547e-15,4.399e-15,1.403e-15,0.0001,-94.31,0
BottomS011078,18.2667,36.6368,1.703e-19,1.755e-19,1.355e-19,-0.0005,-91.39,0
BottomS011079,18.2330,36.6219,1.656e-19,1.714e-19,1.356e-19,0.0001,-93.92,0
BottomS011082,18.2852,36.6578,4.514e-19,4.418e-19,2.981e-19,-0.0003,-91.28,0
BottomS011086,18.2411,36.6087,1.419e-18,2.269e-18,4.325e-18,0.0002,-93.42,0
BottomS011087,18.2524,36.6068,2.034e-18,1.809e-18,1.076e-18,-0.0001,-91.38,0
BottomS011088,18.2487,36.6450,1.996e-20,2.566e-20,3.047e-20,0.0001,-92.76,0
BottomS011089,18.2338,36.5854,1.441e-19,1.492e-19,1.191e-19,-0.0004,-93.26,0
BottomS011092,18.2404,36.6297,1.106e-19,1.233e-19,1.085e-19,-0.0,-93.93,0
BottomS011093,18.2428,36.6180,1.305e-19,1.432e-19,1.235e-19,0.0,-93.61,0
BottomS011094,18.2311,36.6039,4.696e-20,5.570e-20,5.892e-20,0.0007,-94.23,0
BottomS011096,18.2351,36.6120,1.882e-20,2.377e-20,2.735e-20,-0.0001,-93.99,0
BottomS011098,18.2462,36.6071,2.102e-19,2.268e-19,1.867e-19,-0.0002,-93.08,0
BottomS011105,18.2527,36.6185,3.466e-18,2.877e-18,1.435e-18,0.0004,-91.74,0
BottomS011108,18.2229,36.6117,9.356e-20,9.621e-20,7.436e-20,-0.0003,-94.12,0
BottomS011109,18.2519,36.6395,7.651e-19,1.509e-18,4.383e-18,-0.0008,-92.44,0
BottomS011110,18.2248,36.6409,3.057e-17,2.363e-17,1.005e-17,0.0002,-94.16,1
BottomS011111,18.2536,36.6166,1.230e-18,1.095e-18,6.127e-19,-0.0006,-92.18,0
BottomS011114,18.2311,36.6107,1.079e-20,1.406e-20,1.702e-20,-0.0005,-93.9,0
BottomS011115,18.2243,36.6251,1.224e-20,1.561e-20,1.879e-20,0.0002,-94.14,0
BottomS011116,18.2298,36.6017,2.495e-19,2.559e-19,1.896e-19,0.0003,-94.08,0
BottomS011119,18.2777,36.6303,2.521e-19,2.609e-19,1.985e-19,-0.0002,-91.37,0
BottomS011120,18.2636,36.6521,1.098e-17,8.686e-18,3.826e-18,0.0,-91.74,1
BottomS011124,18.2514,36.5946,1.177e-18,2.423e-18,7.906e-18,0.0004,-92.2,0
BottomS011125,18.2660,36.6460,1.316e-19,1.411e-19,1.185e-19,-0.0004,-91.89,0
BottomS011126,18.2593,36.6404,2.849e-19,2.855e-19,2.052e-19,0.0003,-92.06,0
BottomS011128,18.2834,36.6318,2.691e-19,2.800e-19,2.193e-19,0.0004,-91.21,0
BottomS011130,18.2426,36.6181,3.199e-20,3.817e-20,3.876e-20,-0.0002,-93.06,0
BottomS011131,18.2337,36.6100,2.340e-19,2.399e-19,1.864e-19,-0.0007,-93.64,0
BottomS011132,18.2114,36.5936,6.186e-18,5.082e-18,2.517e-18,-0.0005,-94.37,0
BottomS011133,18.2469,36.6305,2.216e-19,2.229e-19,1.602e-19,0.0006,-92.87,0
BottomS011135,18.2626,36.6244,1.473e-18,1.301e-18,7.419e-19,-0.0005,-91.55,0
BottomS011137,18.2447,36.6170,3.472e-19,3.522e-19,2.581e-19,-0.0001,-93.04,0
BottomS011140,18.2515,36.6125,1.342e-19,1.414e-19,1.167e-19,-0.0003,-92.08,0
BottomS011142,18.2305,36.6413,3.931e-14,2.760e-14,9.529e-15,0.0005,-93.71,0
BottomS011144,18.2839,36.6210,8.089e-18,6.503e-18,3.074e-18,-0.0004,-91.01,0
BottomS011146,18.2435,36.6155,9.300e-19,1.336e-18,2.012e-18,0.0006,-93.53,0
BottomS011147,18.2536,36.6375,2.794e-20,3.468e-20,3.897e-20,-0.0001,-92.24,0
BottomS011148,18.2486,36.6237,7.861e-18,6.480e-18,3.158e-18,0.0003,-91.5,0
BottomS011149,18.2383,36.6125,7.180e-19,1.317e-18,3.351e-18,-0.0,-93.58,0
BottomS011150,18.2348,36.6114,1.978e-18,1.721e-18,9.668e-19,-0.0002,-93.67,0
BottomS011151,18.2350,36.6088,3.309e-14,2.330e-14,8.376e-15,0.0006,-93.58,0
BottomS011152,18.2309,36.6075,2.026e-18,1.837e-18,1.077e-18,-0.0001,-93.82,0
BottomS011153,18.2664,36.6377,5.555e-18,4.661e-18,2.357e-18,0.0003,-91.54,0
BottomS011154,18.2243,36.6042,2.667e-16,1.789e-16,5.793e-17,0.0005,-93.95,0
BottomS011155,18.2234,36.6035,1.836e-17,1.404e-17,6.226e-18,0.0001,-93.93,1
BottomS011156,18.2224,36.6039,2.776e-17,2.063e-17,8.202e-18,0.0008,-93.95,0
BottomS011157,18.2765,36.6421,2.684e-16,1.837e-16,6.002e-17,-0.0006,-91.51,0
BottomS011158,18.2791,36.6441,3.377e-17,2.464e-17,9.782e-18,-0.0001,-91.5,0
BottomS011159,18.2168,36.6047,3.749e-17,2.733e-17,1.041e-17,-0.0007,-94.09,0
BottomS011160,18.2103,36.5995,1.724e-16,1.237e-16,4.592e-17,-0.0004,-94.21,0
BottomS011161,18.2095,36.5988,1.662e-18,1.443e-18,7.892e-19,0.0004,-94.26,0
BottomS011162,18.2088,36.5996,1.104e-18,9.926e-19,6.036e-19,0.0007,-94.2,0
BottomS011164,18.2011,36.5992,9.012e-17,6.308e-17,2.217e-17,0.0001,-94.24,0
BottomS011165,18.2975,36.6487,2.512e-18,3.867e-18,6.626e-18,-0.0006,-91.18,0
BottomS011166,18.2974,36.6499,1.324e-16,9.369e-17,3.388e-17,0.0007,-91.11,0
BottomS011167,18.1932,36.5984,5.208e-18,4.200e-18,1.987e-18,0.0003,-94.29,0
BottomS011168,18.3006,36.6479,5.829e-17,4.156e-17,1.525e-17,-0.0007,-91.22,0
BottomS011169,18.3106,36.6496,1.777e-17,1.315e-17,5.368e-18,0.0003,-91.02,0
BottomS011170,18.1911,36.5983,4.633e-18,3.668e-18,1.717e-18,0.0002,-94.3,0
BottomS011171,18.1825,36.6004,9.003e-16,6.002e-16,1.962e-16,0.0002,-94.43,0
BottomS011172,18.1837,36.5998,3.234e-17,2.532e-17,1.119e-17,-0.0002,-94.41,0
BottomS011173,18.1819,36.5986,1.594e-18,2.803e-18,6.432e-18,-0.0004,-94.48,0
BottomS011174,18.3214,36.6478,3.076e-16,2.078e-16,7.019e-17,0.0003,-91.03,0
BottomS011175,18.1755,36.5990,3.628e-18,3.240e-18,1.788e-18,-0.0002,-94.38,0
BottomS011176,18.1711,36.6020,1.197e-18,1.040e-18,5.579e-19,0.0007,-94.35,0
BottomS011177,18.1695,36.6025,1.395e-20,1.796e-20,2.101e-20,0.0005,-94.4,0
BottomS011178,18.3334,36.6461,5.293e-18,4.503e-18,2.333e-18,-0.0005,-90.96,0
BottomS011179,18.1633,36.6036,1.269e-18,1.131e-18,6.710e-19,-0.0001,-94.39,0
BottomS011180,18.1602,36.6033,2.483e-16,1.678e-16,5.557e-17,-0.0009,-94.48,0
BottomS011181,18.1557,36.6066,1.910e-16,1.352e-16,5.024e-17,-0.0,-94.54,0
BottomS011182,18.1555,36.6075,1.020e-16,7.187e-17,2.655e-17,0.0003,-94.33,0
BottomS011183,18.3432,36.6412,1.762e-16,1.216e-16,4.156e-17,0.0003,-91.01,0
BottomS011184,18.3469,36.6395,2.081e-18,1.871e-18,1.085e-18,-0.0,-91.02,0
BottomS011185,18.3489,36.6369,3.686e-18,3.131e-18,1.585e-18,-0.0004,-91.04,0
BottomS011186,18.3460,36.6328,1.638e-17,1.234e-17,5.026e-18,-0.0006,-91.04,0
BottomS011187,18.1431,36.6151,7.205e-18,5.914e-18,2.862e-18,-0.0007,-94.43,0
BottomS011189,18.3495,36.6278,6.671e-18,5.243e-18,2.318e-18,-0.0003,-91.11,1
BottomS011190,18.3532,36.6274,1.183e-17,9.155e-18,3.938e-18,-0.0006,-91.1,1
BottomS011191,18.3561,36.6246,3.055e-18,2.663e-18,1.434e-18,0.0003,-91.17,0
BottomS011192,18.3558,36.6183,5.969e-17,4.371e-17,1.682e-17,-0.0005,-91.09,0
BottomS011193,18.3545,36.6184,2.200e-17,1.592e-17,6.190e-18,0.0001,-91.22,0
BottomS011194,18.1357,36.6309,4.320e-18,3.663e-18,1.909e-18,-0.0001,-94.44,0
BottomS011195,18.1410,36.6339,1.156e-16,8.098e-17,2.848e-17,0.001,-94.3,0
BottomS011196,18.3649,36.6092,1.182e-18,1.991e-18,4.243e-18,0.001,-91.16,0
BottomS011197,18.3481,36.6100,2.461e-18,2.114e-18,1.096e-18,0.0006,-91.21,0
BottomS011198,18.3528,36.6055,2.145e-16,1.470e-16,5.162e-17,-0.0004,-91.23,0
BottomS011199,18.1442,36.6433,2.798e-18,2.527e-18,1.445e-18,-0.0002,-94.24,0
BottomS011200,18.1492,36.6463,2.293e-18,2.001e-18,1.113e-18,0.001,-94.22,0
BottomS011201,18.1388,36.6500,3.365e-18,2.757e-18,1.378e-18,0.0004,-94.11,0
BottomS011202,18.3529,36.5948,3.329e-16,2.287e-16,7.888e-17,0.0004,-91.4,0
BottomS011203,18.3551,36.5909,5.891e-17,4.275e-17,1.635e-17,0.0,-91.37,0
BottomS011204,18.3524,36.5879,6.494e-19,1.373e-18,4.616e-18,-0.0001,-91.33,0
BottomS011205,18.1478,36.6642,1.244e-20,1.690e-20,2.172e-20,-0.0001,-93.96,0
BottomS011206,18.3410,36.5838,7.861e-19,7.368e-19,4.756e-19,-0.0005,-91.45,0
BottomS011207,18.1531,36.6729,1.760e-14,1.202e-14,4.053e-15,0.0003,-93.96,0
BottomS011208,18.1445,36.6722,7.912e-18,6.194e-18,2.689e-18,0.0003,-93.95,0
BottomS011209,18.1491,36.6737,1.292e-20,1.625e-20,1.924e-20,-0.0006,-93.98,0
BottomS011210,18.1487,36.6819,1.024e-19,1.113e-19,9.453e-20,0.0006,-93.79,0
BottomS011211,18.1587,36.6852,5.803e-15,3.823e-15,1.223e-15,-0.0001,-93.79,0
BottomS011212,18.1544,36.6868,6.796e-19,6.366e-19,4.111e-19,-0.0004,-93.78,0
BottomS011213,18.3411,36.5559,1.265e-17,1.030e-17,4.880e-18,0.0005,-91.77,0
BottomS011214,18.1579,36.6982,1.326e-17,9.905e-18,4.044e-18,0.0004,-93.7,1
BottomS011215,18.1664,36.6984,1.313e-18,2.251e-18,4.876e-18,0.0005,-93.7,0
BottomS011216,18.3286,36.5457,9.767e-20,1.134e-19,1.097e-19,0.0002,-91.84,0
BottomS011217,18.1754,36.7054,1.283e-16,9.039e-17,3.277e-17,-0.0,-93.64,0
BottomS011218,18.1804,36.7099,8.613e-18,7.039e-18,3.258e-18,-0.0007,-93.48,0
BottomS011220,18.1734,36.7135,1.146e-18,1.009e-18,5.521e-19,0.0,-93.37,0
BottomS011221,18.3039,36.5276,5.062e-16,3.438e-16,1.117e-16,-0.0004,-92.07,0
BottomS011222,18.3188,36.5241,3.964e-15,5.896e-15,9.775e-15,0.0001,-92.11,0
BottomS011223,18.2970,36.5180,1.461e-17,1.128e-17,4.694e-18,0.0003,-92.32,1
BottomS011224,18.2876,36.5096,1.028e-18,9.592e-19,6.189e-19,0.0008,-92.37,0
BottomS011225,18.1995,36.7288,3.917e-18,9.081e-18,3.758e-17,-0.0003,-93.28,0
BottomS011226,18.2077,36.7379,4.957e-17,3.660e-17,1.476e-17,0.0006,-93.14,0
BottomS011227,18.2165,36.7516,1.745e-14,1.186e-14,3.969e-15,-0.0002,-93.1,0
BottomS011228,18.2204,36.7449,1.417e-17,1.068e-17,4.288e-18,-0.0005,-93.02,0
BottomS011229,18.2757,36.5100,3.448e-17,2.616e-17,1.095e-17,-0.0006,-92.46,0
BottomS011230,18.2663,36.5014,1.733e-18,1.478e-18,7.529e-19,-0.0,-92.58,0
BottomS011231,18.2381,36.6142,6.259e-19,9.777e-19,1.743e-18,0.0004,-93.73,0
BottomS011232,18.2378,36.6149,1.066e-17,8.200e-18,3.458e-18,0.0006,-93.57,1
BottomS011233,18.2332,36.6139,1.339e-18,1.226e-18,7.192e-19,0.0005,-93.78,0
BottomS011234,18.2650,36.6357,1.304e-17,9.713e-18,3.771e-18,-0.0002,-91.62,0
BottomS011235,18.2662,36.6369,2.962e-18,7.643e-18,3.833e-17,-0.0006,-91.63,0
BottomS011236,18.2303,36.6106,2.694e-18,5.716e-18,2.023e-17,0.0003,-93.87,0
BottomS011240,18.2700,36.6387,1.318e-17,1.019e-17,4.466e-18,0.0003,-91.53,1
BottomS011241,18.2265,36.6069,7.207e-19,1.300e-18,3.116e-18,0.0,-93.91,0
BottomS011242,18.2215,36.6061,6.719e-17,4.880e-17,1.828e-17,0.0001,-94.12,0
BottomS011244,18.2222,36.6093,1.078e-20,1.410e-20,1.807e-20,0.0005,-94.19,0
BottomS011245,18.2753,36.6384,3.084e-20,3.522e-20,3.475e-20,0.0003,-91.42,0
BottomS011246,18.2192,36.6117,4.070e-18,3.367e-18,1.688e-18,0.0004,-94.28,0
BottomS011249,18.2152,36.6052,9.431e-18,7.247e-18,3.108e-18,0.0005,-94.21,1
BottomS011250,18.2842,36.6399,2.952e-18,2.598e-18,1.469e-18,0.0002,-91.3,0
BottomS011252,18.2877,36.6424,2.044e-17,1.583e-17,6.692e-18,0.0004,-91.15,1
BottomS011254,18.2080,36.6053,8.467e-19,1.303e-18,2.279e-18,-0.0002,-94.21,0
BottomS011255,18.2099,36.6041,2.562e-18,2.142e-18,1.070e-18,0.0005,-94.25,0
BottomS011256,18.2877,36.6358,1.674e-17,1.305e-17,5.633e-18,-0.0007,-91.22,1
BottomS011258,18.2041,36.6020,1.117e-18,9.910e-19,5.573e-19,0.0014,-94.23,0
BottomS011259,18.1977,36.6074,1.175e-17,9.209e-18,4.101e-18,-0.0002,-94.34,1
BottomS011260,18.2985,36.6450,2.255e-18,4.611e-18,1.423e-17,-0.0004,-91.12,0
BottomS011261,18.1984,36.6079,1.329e-20,1.747e-20,2.238e-20,0.0004,-94.39,0
BottomS011262,18.2979,36.6438,8.886e-17,6.491e-17,2.497e-17,0.0007,-91.1,0
BottomS011263,18.1972,36.6039,6.742e-19,1.350e-18,4.067e-18,-0.0005,-94.33,0
BottomS011264,18.2953,36.6422,7.183e-18,5.667e-18,2.613e-18,-0.0003,-91.11,0
BottomS011265,18.2990,36.6366,2.184e-19,2.150e-19,1.487e-19,0.0013,-91.01,0
BottomS011268,18.3076,36.6427,1.433e-17,1.096e-17,4.618e-18,0.0005,-91.06,1
BottomS011271,18.3071,36.6422,3.939e-18,3.325e-18,1.672e-18,0.0005,-91.18,0
BottomS011272,18.1912,36.6079,1.520e-18,2.926e-18,8.220e-18,0.0,-94.38,0
BottomS011273,18.1870,36.6049,1.147e-20,1.525e-20,2.000e-20,-0.0006,-94.37,0
BottomS011276,18.3121,36.6389,2.859e-18,2.397e-18,1.261e-18,0.0005,-91.02,0
BottomS011277,18.3136,36.6434,1.198e-18,2.114e-18,4.926e-18,-0.0003,-91.14,0
BottomS011278,18.1700,36.6057,1.127e-18,9.710e-19,5.378e-19,-0.0012,-94.42,0
BottomS011279,18.1858,36.6041,3.818e-20,4.436e-20,4.289e-20,0.0002,-94.37,0
BottomS011280,18.1787,36.6069,1.206e-18,1.042e-18,5.901e-19,-0.0006,-94.44,0
BottomS011281,18.3253,36.6376,4.600e-20,5.197e-20,4.994e-20,-0.0005,-91.07,0
BottomS011283,18.1782,36.6092,1.034e-18,9.625e-19,6.004e-19,0.0,-94.39,0
BottomS011284,18.3210,36.6344,1.064e-16,7.685e-17,2.829e-17,-0.0004,-91.01,0
BottomS011286,18.3265,36.6343,1.292e-20,1.720e-20,2.361e-20,0.0,-90.99,0
BottomS011287,18.3219,36.6318,2.015e-19,2.086e-19,1.648e-19,0.0,-91.06,0
BottomS011288,18.3272,36.6342,1.310e-18,1.112e-18,5.815e-19,-0.001,-91.05,0
BottomS011290,18.1597,36.6176,1.205e-19,1.303e-19,1.151e-19,0.0005,-94.4,0
BottomS011291,18.1661,36.6142,5.562e-20,6.527e-20,6.658e-20,-0.0004,-94.41,0
BottomS011294,18.3453,36.6289,7.992e-18,6.106e-18,2.636e-18,0.0002,-90.96,0
BottomS011295,18.3311,36.6263,1.146e-20,1.543e-20,2.132e-20,-0.0006,-91.04,0
BottomS011297,18.3398,36.6278,2.427e-18,3.789e-18,7.067e-18,0.0002,-91.09,0
BottomS011298,18.1659,36.6193,1.879e-18,4.470e-18,1.920e-17,0.0001,-94.46,0
BottomS011299,18.3365,36.6265,8.704e-19,1.897e-18,6.743e-18,-0.0006,-91.13,0
BottomS011301,18.1752,36.6243,2.234e-19,2.257e-19,1.710e-19,0.0003,-94.43,0
BottomS011302,18.3466,36.6216,1.379e-20,1.780e-20,2.142e-20,-0.0004,-91.14,0
BottomS011303,18.3441,36.6190,2.708e-18,6.705e-18,3.291e-17,-0.0004,-91.2,0
BottomS011304,18.1655,36.6225,8.645e-19,1.736e-18,5.233e-18,0.0005,-94.32,0
BottomS011307,18.1547,36.6275,2.111e-18,4.014e-18,1.044e-17,0.0014,-94.26,0
BottomS011308,18.3477,36.6186,4.650e-20,5.456e-20,5.361e-20,0.0003,-91.26,0
BottomS011309,18.1512,36.6326,2.258e-20,2.687e-20,2.841e-20,-0.0001,-94.31,0
BottomS011310,18.1449,36.6377,3.372e-18,7.785e-18,3.100e-17,0.0013,-94.12,0
BottomS011311,18.3437,36.6103,3.157e-18,2.505e-18,1.197e-18,-0.0,-91.17,0
BottomS011312,18.3320,36.6120,4.177e-18,3.393e-18,1.620e-18,-0.0001,-91.2,0
BottomS011313,18.1555,36.6393,2.293e-16,1.586e-16,5.721e-17,-0.0002,-94.15,0
BottomS011314,18.1582,36.6346,6.267e-18,4.982e-18,2.220e-18,0.0002,-94.22,0
BottomS011315,18.3324,36.6085,2.887e-18,2.378e-18,1.142e-18,0.0005,-91.26,0
BottomS011317,18.1529,36.6416,4.016e-18,3.236e-18,1.534e-18,-0.0003,-94.15,0
BottomS011319,18.3458,36.6029,7.062e-14,5.223e-14,2.083e-14,0.0003,-91.4,0
BottomS011320,18.1470,36.6450,2.737e-18,4.567e-18,9.353e-18,0.0002,-94.23,0
BottomS011321,18.1688,36.6448,2.207e-19,2.228e-19,1.609e-19,-0.0,-94.06,0
BottomS011325,18.3439,36.5890,1.563e-19,1.557e-19,1.148e-19,0.0008,-91.28,0
BottomS011326,18.1565,36.6537,1.094e-18,9.985e-19,6.004e-19,0.0002,-94.19,0
BottomS011327,18.1500,36.6539,3.063e-20,3.884e-20,4.520e-20,-0.0002,-94.02,0
BottomS011328,18.3449,36.5916,7.031e-17,5.016e-17,1.897e-17,-0.0001,-91.51,0
BottomS011329,18.3525,36.5859,8.599e-14,6.792e-14,3.040e-14,-0.0007,-91.39,1
BottomS011330,18.1600,36.6592,1.052e-17,8.322e-18,3.649e-18,-0.0004,-94.04,1
BottomS011331,18.3358,36.5930,2.810e-18,2.371e-18,1.164e-18,0.0005,-91.45,0
BottomS011332,18.3431,36.5846,1.653e-17,5.063e-17,3.819e-16,0.0006,-91.5,0
BottomS011333,18.1549,36.6648,3.182e-17,2.285e-17,8.805e-18,0.0,-93.93,0
BottomS011334,18.3409,36.5810,2.389e-20,3.034e-20,3.547e-20,0.0009,-91.57,0
BottomS011335,18.3349,36.5821,1.527e-20,1.947e-20,2.204e-20,-0.0003,-91.58,0
BottomS011337,18.3352,36.5778,1.505e-17,1.110e-17,4.335e-18,0.0,-91.69,0
BottomS011338,18.3367,36.5779,7.133e-19,6.937e-19,4.671e-19,0.0003,-91.48,0
BottomS011339,18.1462,36.6719,2.053e-18,1.723e-18,8.675e-19,-0.0001,-93.92,0
BottomS011340,18.1702,36.6733,6.312e-19,5.866e-19,3.777e-19,-0.0003,-93.84,0
BottomS011341,18.3405,36.5699,4.172e-18,3.342e-18,1.567e-18,-0.0002,-91.7,0
BottomS011342,18.1798,36.6753,9.136e-18,7.348e-18,3.331e-18,0.0009,-93.7,0
BottomS011343,18.1824,36.6794,1.586e-20,2.064e-20,2.511e-20,-0.0001,-93.76,0
BottomS011344,18.3478,36.5665,4.223e-20,4.891e-20,4.947e-20,-0.0008,-91.65,0
BottomS011345,18.1687,36.6844,1.254e-20,1.498e-20,1.551e-20,0.0007,-93.75,0
BottomS011346,18.1686,36.6878,4.180e-20,4.827e-20,4.528e-20,-0.0004,-93.68,0
BottomS011347,18.3459,36.5595,1.614e-18,1.416e-18,8.254e-19,-0.0007,-91.73,0
BottomS011349,18.3368,36.5617,3.432e-18,8.838e-18,4.472e-17,0.0006,-91.72,0
BottomS011350,18.3249,36.5584,6.199e-18,4.971e-18,2.321e-18,0.0007,-91.89,0
BottomS011351,18.1659,36.6885,3.934e-18,3.151e-18,1.443e-18,-0.0003,-93.75,0
BottomS011352,18.3024,36.5498,3.809e-18,3.201e-18,1.581e-18,0.0,-92.1,0
BottomS011353,18.1737,36.7024,6.973e-17,4.854e-17,1.752e-17,-0.0003,-93.53,0
BottomS011354,18.3306,36.5459,2.230e-18,1.978e-18,1.155e-18,-0.0004,-91.84,0
BottomS011357,18.1839,36.7052,2.242e-17,1.595e-17,5.997e-18,-0.0003,-93.4,0
BottomS011359,18.1590,36.7021,2.590e-20,3.260e-20,3.758e-20,0.0001,-93.65,0
BottomS011360,18.1967,36.7127,5.992e-17,4.398e-17,1.661e-17,-0.0009,-93.22,0
BottomS011362,18.1857,36.7132,4.182e-19,3.927e-19,2.504e-19,0.0006,-93.37,0
BottomS011363,18.2972,36.5415,1.285e-19,1.364e-19,1.095e-19,-0.0003,-92.08,0
BottomS011364,18.1963,36.7184,3.966e-17,2.935e-17,1.152e-17,0.0003,-93.31,0
BottomS011365,18.2969,36.5173,1.099e-18,9.964e-19,5.730e-19,0.0007,-92.12,0
BottomS011367,18.1921,36.7107,5.529e-20,6.564e-20,6.743e-20,0.0003,-93.34,0
BottomS011368,18.1950,36.7264,2.356e-17,1.772e-17,7.296e-18,-0.0013,-93.26,1
BottomS011370,18.2183,36.7283,8.867e-19,7.961e-19,4.688e-19,0.0001,-93.15,0
BottomS011373,18.2829,36.5271,4.230e-17,3.059e-17,1.157e-17,-0.0008,-92.35,0
BottomS011375,18.2149,36.7181,3.223e-19,3.304e-19,2.535e-19,0.0001,-93.21,0
BottomS011377,18.3014,36.5214,1.247e-18,1.111e-18,6.282e-19,-0.0003,-92.21,0
BottomS011378,18.2133,36.7274,2.390e-20,2.908e-20,3.089e-20,-0.0001,-93.12,0
BottomS011379,18.2253,36.7283,1.324e-18,1.135e-18,6.001e-19,0.0009,-93.04,0
BottomS011380,18.2277,36.7399,1.242e-17,9.358e-18,3.760e-18,0.0001,-92.96,0
BottomS011381,18.2693,36.5113,2.012e-18,1.757e-18,9.769e-19,-0.0002,-92.53,0
BottomS011382,18.2545,36.7506,1.455e-18,1.311e-18,7.611e-19,-0.0,-92.85,0
BottomS011383,18.2265,36.7387,4.940e-14,3.753e-14,1.570e-14,-0.0007,-93.07,1
BottomS011384,18.2419,36.7399,2.044e-17,1.499e-17,5.734e-18,0.0001,-92.85,0
BottomS011387,18.2690,36.7712,4.448e-19,4.416e-19,3.118e-19,0.0006,-92.55,0
BottomS011388,18.2394,36.4826,3.624e-20,4.227e-20,4.095e-20,0.0001,-92.83,0
BottomS011389,18.2178,36.4823,1.194e-18,1.740e-18,2.715e-18,0.0005,-93.09,0
BottomS011390,18.2493,36.7502,1.001e-17,2.512e-17,1.277e-16,-0.0008,-92.78,0
BottomS011394,18.2711,36.7576,5.688e-19,5.301e-19,3.413e-19,0.0002,-92.52,0
BottomS011395,17.2202,33.5394,1.597e-20,1.966e-20,2.183e-20,0.0003,-92.06,0
BottomS011397,17.2208,33.4672,7.919e-19,7.184e-19,4.347e-19,-0.0003,-90.87,0
BottomS011399,17.2218,33.5117,2.405e-18,5.133e-18,1.768e-17,-0.0002,-91.28,0
BottomS011401,17.1887,33.4736,1.597e-20,2.069e-20,2.612e-20,0.0002,-88.98,0
BottomS011405,17.1980,33.4887,1.353e-19,1.375e-19,1.049e-19,-0.0004,-89.68,0
BottomS011406,17.2199,33.5078,5.067e-20,5.703e-20,4.991e-20,-0.0,-89.96,0
BottomS011409,17.2405,33.5443,1.473e-19,1.500e-19,1.159e-19,0.0003,-93.41,0
BottomS011417,17.2334,33.5350,1.159e-19,1.208e-19,9.525e-20,-0.0003,-93.05,0
BottomS011420,17.2218,33.5121,1.920e-20,2.339e-20,2.539e-20,0.0004,-91.35,0
BottomS011423,17.2229,33.5207,1.380e-19,1.500e-19,1.287e-19,0.0004,-91.89,0
BottomS011431,17.1971,33.4721,6.241e-20,6.881e-20,6.168e-20,0.0,-89.61,0
BottomS011432,17.2528,33.5662,3.092e-20,3.755e-20,4.040e-20,0.0005,-92.9,0
BottomS011443,17.2148,33.5105,4.213e-14,3.124e-14,1.223e-14,-0.0001,-90.58,0
BottomS011444,17.2365,33.5674,3.719e-14,3.712e-14,2.589e-14,-0.0005,-92.25,1
BottomS011448,17.3278,33.6455,2.159e-19,2.142e-19,1.578e-19,0.0002,-92.88,0
BottomS011453,17.2575,33.5670,4.692e-19,4.522e-19,2.991e-19,-0.0004,-93.61,0
BottomS011461,17.1611,33.4296,8.482e-20,9.483e-20,8.332e-20,-0.0007,-88.72,0
BottomS011462,17.2168,33.5060,6.989e-19,1.032e-18,1.649e-18,0.0011,-90.58,0
BottomS011464,17.2172,33.5078,1.581e-19,1.619e-19,1.233e-19,-0.0008,-90.08,0
BottomS011467,17.2073,33.4988,1.233e-14,8.252e-15,2.783e-15,-0.0005,-89.56,0
BottomS011471,17.2225,33.5178,3.018e-14,2.116e-14,7.439e-15,-0.0004,-92.46,0
BottomS011472,17.2084,33.4825,6.076e-18,5.040e-18,2.573e-18,-0.0002,-89.29,0
BottomS011474,17.1776,33.4413,2.235e-18,1.777e-18,8.000e-19,-0.0002,-89.39,0
BottomS011476,17.2141,33.5086,5.406e-20,6.121e-20,5.733e-20,0.0003,-89.87,0
BottomS011478,17.1931,33.4819,1.246e-19,1.345e-19,1.139e-19,-0.0003,-89.08,0
BottomS011483,17.2211,33.5235,3.540e-20,4.221e-20,4.406e-20,0.0007,-91.81,0
BottomS011486,17.2162,33.5128,6.743e-19,5.906e-19,3.449e-19,0.0,-90.22,0
BottomS011487,17.2171,33.5002,1.598e-20,1.993e-20,2.222e-20,0.0001,-90.85,0
BottomS011490,17.2509,33.5973,1.628e-18,1.414e-18,7.633e-19,0.0003,-92.91,0
BottomS011491,17.2192,33.5129,8.715e-19,8.155e-19,5.004e-19,0.001,-91.15,0
BottomS011493,17.2201,33.5156,1.808e-18,1.519e-18,8.028e-19,0.0004,-92.6,0
BottomS011501,17.2036,33.5080,1.293e-18,2.868e-18,1.112e-17,-0.0004,-90.59,0
BottomS011505,17.2025,33.4744,6.548e-19,6.049e-19,3.824e-19,-0.0,-89.27,0
BottomS011507,17.1965,33.4945,2.621e-19,2.627e-19,1.937e-19,0.0,-90.52,0
BottomS011519,17.2277,33.5396,4.351e-19,4.142e-19,2.634e-19,0.0003,-92.6,0
BottomS011521,17.2465,33.5810,6.384e-19,5.704e-19,3.258e-19,0.0005,-92.42,0
BottomS011531,17.3217,33.6740,1.012e-20,1.380e-20,1.816e-20,0.0004,-93.94,0
BottomS011532,17.1597,33.4205,2.900e-20,3.430e-20,3.485e-20,-0.0006,-88.8,0
BottomS011533,17.2185,33.5024,1.562e-19,1.518e-19,1.061e-19,-0.0014,-90.93,0
BottomS011535,17.1937,33.4695,2.857e-18,2.351e-18,1.150e-18,0.0006,-88.99,0
BottomS011536,17.2210,33.5119,4.646e-20,5.139e-20,4.568e-20,0.0006,-90.89,0
BottomS011542,17.1624,33.4143,2.274e-20,2.724e-20,2.817e-20,0.0,-89.1,0
BottomS011544,17.2179,33.5116,1.163e-19,1.242e-19,1.019e-19,0.0004,-90.48,0
BottomS011546,17.2200,33.5103,4.552e-19,4.354e-19,2.857e-19,-0.0,-91.15,0
BottomS011557,17.2100,33.5072,1.249e-19,1.308e-19,1.052e-19,-0.0003,-90.59,0
BottomS011559,17.2243,33.5229,3.972e-19,7.356e-19,1.984e-18,-0.0002,-92.72,0
BottomS011567,17.2215,33.5117,1.200e-20,1.672e-20,2.362e-20,-0.0007,-91.21,0
BottomS011572,17.1773,33.4461,2.225e-18,1.753e-18,7.891e-19,-0.0004,-89.18,0
BottomS011573,17.1400,33.3972,1.170e-19,1.215e-19,9.392e-20,0.0002,-88.73,0
BottomS011574,17.1467,33.3973,2.303e-19,2.219e-19,1.497e-19,0.0002,-88.71,0
BottomS011579,17.2231,33.5192,1.129e-18,9.941e-19,5.814e-19,0.0002,-91.69,0
BottomS011581,17.2327,33.5459,6.781e-19,6.273e-19,3.717e-19,0.0004,-93.21,0
BottomS011582,17.2503,33.5631,1.921e-20,2.495e-20,3.138e-20,-0.0005,-92.74,0
BottomS011583,17.2007,33.4797,6.170e-14,4.695e-14,2.013e-14,-0.0007,-89.25,1
BottomS011584,17.2355,33.5324,1.838e-18,1.655e-18,1.006e-18,-0.0002,-93.18,0
BottomS011591,17.2037,33.4985,2.686e-18,2.384e-18,1.342e-18,-0.0002,-89.47,0
BottomS011596,17.1839,33.4643,3.779e-20,4.294e-20,3.983e-20,0.0008,-89.17,0
BottomS011605,17.2077,33.4952,3.170e-19,3.257e-19,2.409e-19,0.0001,-89.73,0
BottomS011608,17.2058,33.4902,9.413e-19,1.647e-18,3.928e-18,0.0005,-89.73,0
BottomS011610,17.2255,33.5267,4.430e-19,4.118e-19,2.570e-19,0.0003,-92.49,0
BottomS011619,17.2393,33.5495,1.724e-20,2.259e-20,2.844e-20,0.0001,-93.45,0
BottomS011624,17.1969,33.4757,5.744e-19,5.695e-19,3.869e-19,-0.0007,-89.02,0
BottomS011625,17.2220,33.5077,1.024e-18,9.057e-19,5.063e-19,0.0006,-90.22,0
BottomS011626,17.2244,33.5334,2.235e-20,2.625e-20,2.786e-20,-0.0003,-93.07,0
BottomS011634,17.1986,33.4827,3.225e-20,3.764e-20,3.752e-20,-0.0002,-89.34,0
BottomS011635,17.2171,33.5123,5.843e-19,5.253e-19,3.046e-19,0.0001,-89.83,0
BottomS011638,17.2615,33.5804,6.450e-18,1.118e-17,2.423e-17,0.0,-93.69,0
BottomS011640,17.3006,33.6141,1.646e-14,1.103e-14,3.665e-15,-0.0005,-93.66,0
BottomS011641,17.2186,33.4909,2.005e-19,1.995e-19,1.380e-19,-0.0002,-90.29,0
BottomS011649,17.2075,33.4975,5.554e-20,6.479e-20,6.414e-20,-0.0002,-89.78,0
BottomS011651,17.1956,33.5032,1.522e-20,1.956e-20,2.400e-20,0.0001,-90.75,0
BottomS011655,17.2278,33.5394,1.695e-20,2.177e-20,2.542e-20,0.0002,-92.27,0
BottomS011657,17.2124,33.5155,5.883e-19,8.952e-19,1.575e-18,-0.0,-89.95,0
BottomS011659,17.2123,33.4967,5.314e-20,5.951e-20,5.510e-20,-0.0002,-89.83,0
BottomS011660,17.2317,33.5303,2.323e-18,5.164e-18,1.966e-17,-0.0001,-92.98,0
BottomS011662,17.2244,33.5178,7.957e-19,1.265e-18,2.441e-18,-0.001,-92.6,0
BottomS011666,17.2250,33.5188,5.185e-19,4.976e-19,3.263e-19,-0.0008,-91.95,0
BottomS011668,17.2200,33.5196,1.302e-19,1.316e-19,1.015e-19,-0.0004,-92.4,0
BottomS011674,17.2534,33.5665,2.508e-20,3.065e-20,3.449e-20,0.0003,-93.19,0
BottomS011677,17.2174,33.5116,5.069e-19,4.839e-19,3.275e-19,-0.0004,-90.93,0
BottomS011678,17.2198,33.5080,1.122e-19,1.227e-19,1.053e-19,-0.0,-89.98,0
BottomS011686,17.2327,33.5323,3.627e-19,3.432e-19,2.225e-19,0.0007,-93.1,0
BottomS011687,17.2446,33.5557,1.550e-18,2.583e-18,5.433e-18,0.0001,-93.52,0
BottomS011689,17.2275,33.5279,4.232e-20,4.676e-20,4.140e-20,-0.0009,-92.9,0
BottomS011691,17.2209,33.5280,2.685e-20,3.205e-20,3.163e-20,-0.0002,-92.48,0
BottomS011692,17.2568,33.5715,2.930e-20,3.406e-20,3.331e-20,-0.0004,-93.45,0
BottomS011699,17.2498,33.5595,4.344e-19,8.001e-19,2.036e-18,0.0003,-93.6,0
BottomS011700,17.1946,33.4721,1.184e-18,1.632e-18,2.289e-18,-0.0007,-89.88,0
BottomS011702,17.1863,33.4642,5.656e-20,6.363e-20,5.986e-20,-0.0001,-88.91,0
BottomS011703,17.2324,33.5352,3.490e-20,4.338e-20,4.833e-20,0.0003,-93.06,0
BottomS011706,17.2275,33.5255,2.050e-20,2.492e-20,2.685e-20,-0.0001,-92.89,0
BottomS011710,17.2409,33.5481,4.649e-20,5.242e-20,4.966e-20,0.0005,-93.44,0
BottomS011711,17.2124,33.5172,1.405e-18,2.207e-18,3.820e-18,-0.0009,-91.09,0
BottomS011713,17.2169,33.5048,7.102e-15,4.769e-15,1.565e-15,-0.0005,-89.89,0
BottomS011714,17.2323,33.5075,1.847e-19,1.887e-19,1.397e-19,0.0005,-91.3,0
BottomS011716,17.2351,33.5418,9.776e-19,8.760e-19,5.071e-19,0.0007,-93.16,0
BottomS011719,17.2425,33.5515,2.308e-14,1.639e-14,5.925e-15,0.0003,-93.49,0
BottomS011723,17.2343,33.5177,2.241e-20,2.597e-20,2.532e-20,-0.0004,-91.72,0
BottomS011727,17.2349,33.5489,3.364e-19,3.376e-19,2.499e-19,0.0004,-93.33,0
BottomS011731,17.2178,33.5132,1.052e-18,9.232e-19,4.976e-19,0.0001,-90.57,0
BottomS011733,17.2242,33.5245,7.611e-20,8.605e-20,8.237e-20,0.0007,-92.14,0
BottomS011735,17.2175,33.5105,4.516e-20,5.372e-20,5.379e-20,-0.0,-89.96,0
BottomS011736,17.1994,33.4592,1.417e-20,1.887e-20,2.500e-20,-0.0003,-90.28,0
BottomS011737,17.1810,33.4593,1.357e-20,1.770e-20,2.189e-20,-0.0001,-89.34,0
BottomS011739,17.2832,33.6116,2.671e-14,1.843e-14,6.385e-15,0.0005,-93.64,0
BottomS011747,17.1681,33.4346,5.237e-20,5.976e-20,5.749e-20,0.0004,-89.3,0
BottomS011748,17.2310,33.5166,3.113e-20,3.676e-20,3.806e-20,-0.0003,-91.52,0
BottomS011750,17.1997,33.5011,6.472e-20,7.423e-20,7.005e-20,0.0008,-89.53,0
BottomS011755,17.2254,33.5202,5.464e-19,5.076e-19,3.192e-19,0.0001,-91.93,0
BottomS011756,17.2188,33.5267,1.798e-20,2.283e-20,2.585e-20,0.0012,-92.29,0
BottomS011757,17.2102,33.5095,7.616e-20,8.031e-20,6.704e-20,0.0001,-89.86,0
BottomS011759,17.2118,33.5015,1.553e-18,2.823e-18,7.307e-18,-0.0008,-90.0,0
BottomS011762,17.2180,33.5039,1.573e-19,1.591e-19,1.158e-19,-0.0013,-89.77,0
BottomS011771,17.2218,33.5173,6.613e-19,6.082e-19,3.746e-19,0.0004,-92.37,0
BottomS011773,17.2407,33.5615,7.716e-20,8.769e-20,8.400e-20,-0.0013,-93.61,0
BottomS011780,17.1929,33.4692,3.068e-19,3.081e-19,2.132e-19,0.0003,-89.11,0
BottomS011792,17.2128,33.5085,1.171e-18,2.076e-18,4.866e-18,0.0006,-90.74,0
BottomS011795,17.2090,33.5017,1.068e-20,1.315e-20,1.524e-20,0.0002,-90.03,0
BottomS011800,17.1986,33.4894,1.465e-20,2.004e-20,2.796e-20,-0.0003,-89.82,0
BottomS011801,17.2532,33.5769,8.981e-19,1.592e-18,3.760e-18,0.0006,-93.55,0
BottomS011803,17.1994,33.5039,1.398e-18,2.191e-18,3.983e-18,-0.0009,-90.84,0
BottomS011808,17.2001,33.4791,2.233e-20,2.636e-20,2.785e-20,0.0001,-89.85,0
BottomS011822,17.2657,33.5969,4.265e-20,5.186e-20,5.625e-20,0.0012,-93.74,0
BottomS011825,17.2249,33.5188,3.888e-20,4.614e-20,4.627e-20,-0.0007,-92.02,0
BottomS011828,17.2213,33.5138,4.147e-19,4.071e-19,2.900e-19,-0.0003,-91.55,0
BottomS011833,17.2423,33.5595,7.112e-19,6.518e-19,3.888e-19,-0.0007,-93.58,0
BottomS011838,17.2203,33.5112,1.135e-20,1.454e-20,1.709e-20,-0.0011,-90.03,0
BottomS011839,17.1979,33.4919,1.014e-19,1.084e-19,8.695e-20,0.0007,-89.66,0
BottomS011840,17.1904,33.4950,5.539e-20,6.203e-20,5.716e-20,0.0,-90.54,0
BottomS011846,17.2186,33.5158,7.471e-19,1.329e-18,3.274e-18,0.0007,-91.48,0
BottomS011850,17.2419,33.5200,2.066e-20,2.707e-20,3.298e-20,-0.0011,-92.3,0
BottomS011852,17.2182,33.4937,1.322e-18,2.265e-18,4.898e-18,0.0012,-89.79,0
BottomS011853,17.2138,33.4871,1.192e-20,1.545e-20,1.868e-20,0.0007,-89.58,0
BottomS011855,17.2304,33.5368,7.038e-20,8.093e-20,7.839e-20,0.0001,-92.33,0
BottomS011858,17.2231,33.5038,8.286e-20,9.763e-20,9.493e-20,-0.0005,-90.42,0
BottomS011859,17.1948,33.4556,1.533e-20,2.011e-20,2.587e-20,0.0005,-88.96,0
BottomS011864,17.2161,33.5407,3.326e-19,7.486e-19,3.014e-18,-0.0005,-92.61,0
BottomS011868,17.2017,33.4760,1.833e-19,1.938e-19,1.596e-19,-0.0004,-89.1,0
BottomS011869,17.1772,33.5158,1.298e-18,2.152e-18,4.438e-18,0.0003,-89.53,0
BottomS011870,17.2270,33.4988,1.133e-18,1.755e-18,3.295e-18,0.0005,-90.68,0
BottomS011872,17.2079,33.5206,5.795e-18,4.881e-18,2.476e-18,0.0001,-90.97,0
BottomS011874,17.2442,33.5070,8.607e-19,7.624e-19,4.435e-19,-0.0004,-92.31,0
BottomS011875,17.2332,33.5064,4.062e-19,3.897e-19,2.561e-19,0.0014,-91.51,0
BottomS011878,17.1971,33.5292,9.497e-19,8.852e-19,5.431e-19,-0.0003,-91.07,0
BottomS011880,17.2037,33.5151,1.451e-18,2.330e-18,4.468e-18,0.0002,-90.77,0
BottomS011881,17.2533,33.5290,2.166e-19,2.243e-19,1.777e-19,-0.0006,-92.95,0
BottomS011887,17.1929,33.5196,9.682e-18,7.583e-18,3.287e-18,0.0008,-90.22,1
BottomS011890,17.1764,33.4645,1.429e-20,1.924e-20,2.604e-20,-0.0012,-88.87,0
BottomS011895,17.2053,33.4930,3.850e-18,3.164e-18,1.588e-18,-0.0002,-89.37,0
BottomS011898,17.2052,33.5383,5.750e-19,1.178e-18,3.754e-18,0.0001,-92.75,0
BottomS011899,17.1822,33.4819,1.801e-19,1.914e-19,1.571e-19,-0.0004,-88.98,0
BottomS011900,17.1961,33.5115,7.731e-19,1.444e-18,3.812e-18,-0.001,-90.46,0
BottomS011902,17.2326,33.5471,2.009e-18,1.688e-18,8.475e-19,-0.0002,-92.84,0
BottomS011903,17.2210,33.4912,3.034e-20,3.752e-20,4.219e-20,-0.0001,-89.79,0
BottomS011905,17.1946,33.5213,1.609e-18,2.701e-18,5.580e-18,0.0004,-90.24,0
BottomS011906,17.2484,33.5173,1.496e-20,1.940e-20,2.348e-20,0.0001,-93.35,0
BottomS011908,17.2308,33.4892,2.805e-18,4.126e-18,6.663e-18,-0.0012,-89.99,0
BottomS011909,17.1918,33.5144,6.626e-19,9.890e-19,1.675e-18,0.0006,-89.58,0
BottomS011911,17.2022,33.5044,2.813e-20,3.573e-20,4.106e-20,0.0007,-90.16,0
BottomS011913,17.2209,33.5286,2.891e-19,2.991e-19,2.213e-19,-0.0003,-92.35,0
BottomS011915,17.2258,33.5405,2.921e-15,4.655e-15,8.607e-15,0.0,-93.22,0
BottomS011916,17.2426,33.5014,1.947e-17,1.447e-17,5.911e-18,0.0002,-91.52,0
BottomS011917,17.2494,33.4999,5.931e-20,6.980e-20,6.993e-20,-0.0002,-92.04,0
BottomS011919,17.2228,33.5587,2.422e-19,3.567e-19,5.887e-19,0.0001,-93.48,0
BottomS011921,17.1907,33.5268,4.988e-19,4.802e-19,3.255e-19,-0.0008,-90.12,0
BottomS011923,17.2254,33.5091,9.434e-19,8.650e-19,5.340e-19,-0.0001,-91.27,0
BottomS011925,17.1907,33.5298,3.402e-18,2.727e-18,1.283e-18,0.0,-90.88,0
BottomS011926,17.2306,33.4764,1.524e-18,1.335e-18,7.177e-19,-0.0005,-89.0,0
BottomS011928,17.2312,33.4828,4.427e-19,4.159e-19,2.569e-19,-0.0002,-89.16,0
BottomS011929,17.2244,33.4717,1.437e-17,1.095e-17,4.575e-18,0.0,-89.85,1
BottomS011930,17.2113,33.4758,2.911e-18,2.285e-18,1.015e-18,-0.0003,-89.37,0
BottomS011931,17.2358,33.5441,6.164e-19,6.054e-19,4.213e-19,-0.0004,-93.03,0
BottomS011935,17.2214,33.5489,6.799e-19,6.777e-19,5.003e-19,-0.0006,-93.08,0
BottomS011937,17.2367,33.5319,6.125e-14,4.429e-14,1.656e-14,0.0001,-92.39,0
BottomS011938,17.2436,33.5162,5.484e-18,4.290e-18,1.978e-18,0.0001,-92.87,0
BottomS011942,17.2350,33.4891,9.321e-18,7.323e-18,3.169e-18,0.0,-89.13,1
BottomS011944,17.2066,33.4615,8.311e-19,7.978e-19,5.235e-19,0.0001,-89.36,0
BottomS011953,17.2120,33.5168,1.920e-18,1.643e-18,8.458e-19,0.0007,-91.12,0
BottomS011954,17.2470,33.4769,1.393e-19,1.476e-19,1.183e-19,-0.0007,-90.5,0
BottomS011955,17.1928,33.4819,1.136e-18,1.844e-18,3.509e-18,0.0002,-89.07,0
BottomS011957,17.1788,33.5081,1.687e-15,1.109e-15,3.473e-16,0.0002,-89.03,0
BottomS011959,17.2305,33.5368,3.305e-18,6.616e-18,2.098e-17,-0.0,-93.17,0
BottomS011962,17.2050,33.4827,5.781e-18,4.626e-18,2.127e-18,0.0005,-89.21,0
BottomS011964,17.2114,33.4927,3.732e-18,3.079e-18,1.534e-18,-0.0002,-89.96,0
BottomS011965,17.2138,33.5530,1.073e-18,9.623e-19,5.520e-19,0.0005,-92.87,0
BottomS011967,17.2331,33.5186,8.960e-19,1.414e-18,2.653e-18,-0.0002,-92.01,0
BottomS011968,17.1923,33.5176,8.321e-15,5.534e-15,1.804e-15,-0.0011,-89.26,0
BottomS011969,17.2262,33.5181,1.341e-18,2.046e-18,3.483e-18,-0.0005,-92.69,0
BottomS011971,17.1918,33.4915,7.920e-19,1.605e-18,4.867e-18,0.0001,-89.39,0
BottomS011973,17.1972,33.4963,7.234e-18,5.774e-18,2.607e-18,-0.0005,-89.33,1
BottomS011974,17.1938,33.4928,1.959e-20,2.425e-20,2.634e-20,-0.0002,-89.62,0
BottomS011975,17.2061,33.5289,4.247e-19,5.578e-19,6.929e-19,-0.0001,-93.14,0
BottomS011976,17.1880,33.4978,2.645e-20,3.233e-20,3.522e-20,0.0009,-89.3,0
BottomS011977,17.2319,33.4682,3.867e-14,2.717e-14,9.655e-15,0.0006,-89.07,0
BottomS011979,17.2284,33.5093,3.114e-18,8.111e-18,4.197e-17,-0.0009,-91.38,0
BottomS011981,17.1775,33.4866,1.501e-18,1.420e-18,9.144e-19,0.0001,-89.03,0
BottomS011982,17.2061,33.5232,2.205e-18,4.276e-18,1.191e-17,-0.0003,-91.3,0
BottomS011984,17.2069,33.5595,2.016e-18,3.225e-18,6.121e-18,-0.0006,-93.04,0
BottomS011985,17.2208,33.4794,8.732e-20,1.003e-19,9.313e-20,0.0001,-89.14,0
BottomS011986,17.1920,33.4982,2.332e-18,2.052e-18,1.161e-18,-0.0004,-89.23,0
BottomS011988,17.2282,33.5167,3.236e-14,2.216e-14,7.732e-15,0.0002,-91.88,0
BottomS011990,17.2417,33.5341,1.195e-18,2.023e-18,4.221e-18,0.0,-93.27,0
BottomS011994,17.2331,33.5173,6.618e-14,4.837e-14,1.834e-14,0.0002,-91.9,0
BottomS011999,17.2328,33.5150,7.829e-19,6.945e-19,4.058e-19,-0.0002,-91.64,0
BottomS012000,17.2486,33.5361,6.781e-19,1.529e-18,6.046e-18,0.0004,-93.41,0
BottomS012001,17.2046,33.5069,5.850e-20,6.280e-20,5.496e-20,0.0002,-90.45,0
BottomS012003,17.2030,33.5090,2.324e-19,2.314e-19,1.681e-19,0.001,-90.47,0
BottomS012006,17.2302,33.5357,1.212e-19,1.320e-19,1.161e-19,0.0002,-93.14,0
BottomS012008,17.2155,33.4846,1.099e-19,1.158e-19,9.424e-20,0.0006,-89.62,0
BottomS012009,17.2001,33.5423,4.653e-19,8.205e-19,1.920e-18,0.0004,-93.39,0
BottomS012014,17.1999,33.5191,1.018e-18,1.527e-18,2.533e-18,-0.0006,-89.41,0
BottomS012016,17.2311,33.4751,1.060e-18,9.702e-19,5.662e-19,-0.0006,-89.0,0
BottomS012021,17.2290,33.5137,1.108e-17,8.855e-18,3.884e-18,0.0012,-92.22,1
BottomS012024,17.2161,33.5690,3.185e-20,3.581e-20,3.238e-20,-0.0006,-93.13,0
BottomS012025,17.2046,33.5177,3.656e-19,3.557e-19,2.331e-19,0.0005,-90.34,0
BottomS012030,17.2270,33.5000,1.077e-19,1.208e-19,1.122e-19,0.0008,-90.78,0
BottomS012035,17.1998,33.5003,1.684e-19,1.872e-19,1.608e-19,-0.0001,-90.19,0
BottomS012038,17.2198,33.5312,9.387e-20,1.000e-19,8.345e-20,0.0004,-92.08,0
BottomS012040,17.2014,33.5099,3.455e-19,3.306e-19,2.223e-19,0.0011,-90.46,0
BottomS012042,17.2260,33.5333,4.780e-18,3.888e-18,1.859e-18,0.0001,-93.06,0
BottomS012044,17.1812,33.5092,7.952e-20,8.830e-20,7.612e-20,0.0003,-89.01,0
BottomS012045,17.1885,33.5166,3.519e-19,3.582e-19,2.707e-19,0.0002,-90.2,0
BottomS012046,17.2116,33.4895,2.802e-14,1.953e-14,6.709e-15,-0.0008,-90.08,0
BottomS012047,17.2212,33.5327,2.522e-17,1.919e-17,7.901e-18,0.0004,-92.95,1
BottomS012048,17.2238,33.5197,3.196e-19,3.158e-19,2.202e-19,0.0011,-91.95,0
BottomS012051,17.2178,33.5144,9.023e-20,1.019e-19,9.016e-20,0.0006,-84.42,0
BottomS012052,17.2177,33.5143,1.753e-18,1.479e-18,7.571e-19,-0.0004,-87.1,0
BottomS012053,17.2232,33.5236,3.058e-17,2.181e-17,7.961e-18,0.0007,-92.43,0
BottomS012054,17.2134,33.5057,1.678e-16,1.150e-16,3.886e-17,0.0012,-90.23,0
BottomS012055,17.2151,33.5049,4.830e-18,3.843e-18,1.734e-18,0.0007,-90.34,0
BottomS012056,17.2139,33.5060,2.574e-19,2.475e-19,1.640e-19,0.0004,-90.44,0
BottomS012057,17.2209,33.5231,5.103e-17,3.643e-17,1.309e-17,0.0004,-92.02,0
BottomS012058,17.2147,33.5064,2.775e-19,2.835e-19,2.114e-19,-0.0003,-90.53,0
BottomS012059,17.2157,33.5079,5.347e-19,4.866e-19,2.935e-19,0.0001,-90.73,0
BottomS012060,17.2173,33.5083,7.680e-18,6.167e-18,2.918e-18,0.0,-90.86,0
BottomS012061,17.2173,33.5186,3.033e-20,3.520e-20,3.422e-20,-0.001,-91.53,0
BottomS012062,17.2173,33.5169,7.355e-18,5.833e-18,2.611e-18,-0.0004,-91.4,1
BottomS012063,17.2153,33.5158,2.912e-16,2.034e-16,7.164e-17,0.0008,-91.23,0
BottomS012064,17.2212,33.5151,1.205e-16,8.306e-17,2.810e-17,0.0001,-91.4,0
BottomS012065,17.2135,33.5106,1.259e-18,1.160e-18,6.826e-19,0.0006,-90.89,0
BottomS012066,17.2107,33.5094,6.435e-19,6.170e-19,4.159e-19,0.0005,-90.75,0
BottomS012067,17.2261,33.5217,1.055e-17,8.210e-18,3.600e-18,0.0003,-91.93,1
BottomS012068,17.2074,33.5069,1.241e-18,2.074e-18,4.439e-18,0.0005,-90.52,0
BottomS012069,17.2052,33.5032,2.064e-14,1.483e-14,5.452e-15,-0.0001,-90.31,0
BottomS012070,17.2319,33.5279,1.931e-17,1.504e-17,6.842e-18,0.0001,-92.33,1
BottomS012071,17.2030,33.4982,1.572e-17,1.172e-17,4.772e-18,0.0006,-90.03,0
BottomS012072,17.2341,33.5321,2.963e-17,2.167e-17,8.358e-18,-0.0007,-92.57,0
BottomS012073,17.2363,33.5374,6.763e-17,5.095e-17,2.098e-17,-0.0008,-92.76,0
BottomS012074,17.2376,33.5393,7.591e-19,6.960e-19,4.150e-19,-0.0008,-92.9,0
BottomS012075,17.2374,33.5437,3.165e-17,2.390e-17,9.773e-18,0.0004,-93.08,0
BottomS012076,17.1942,33.4823,1.414e-17,1.075e-17,4.546e-18,0.0005,-89.32,1
BottomS012077,17.2425,33.5478,1.704e-18,1.548e-18,9.392e-19,0.0002,-93.26,0
BottomS012078,17.1966,33.4798,8.385e-18,6.768e-18,3.132e-18,0.0008,-89.19,0
BottomS012079,17.1920,33.4770,4.504e-18,3.688e-18,1.789e-18,-0.0004,-89.08,0
BottomS012080,17.2439,33.5531,4.080e-16,2.813e-16,9.490e-17,-0.0009,-93.48,0
BottomS012081,17.1910,33.4747,8.878e-18,6.919e-18,3.012e-18,-0.0005,-89.01,1
BottomS012082,17.2455,33.5589,2.053e-17,1.577e-17,6.745e-18,0.0004,-93.54,1
BottomS012083,17.1885,33.4678,4.855e-19,4.664e-19,3.047e-19,-0.0001,-88.9,0
BottomS012084,17.1906,33.4687,6.068e-18,4.855e-18,2.207e-18,-0.0004,-88.92,0
BottomS012085,17.1899,33.4676,4.613e-16,3.155e-16,1.069e-16,-0.0005,-89.0,0
BottomS012086,17.2471,33.5620,1.267e-17,9.883e-18,4.414e-18,0.0001,-93.61,1
BottomS012087,17.1882,33.4635,3.345e-18,2.775e-18,1.442e-18,0.0001,-88.96,0
BottomS012088,17.1893,33.4642,9.380e-19,8.405e-19,4.827e-19,0.0001,-89.03,0
BottomS012089,17.1885,33.4639,7.711e-19,7.077e-19,4.349e-19,0.0001,-89.08,0
BottomS012090,17.2436,33.5611,6.594e-18,5.145e-18,2.307e-18,-0.0002,-93.35,1
BottomS012092,17.2392,33.5555,2.969e-18,4.987e-18,1.015e-17,0.0001,-93.06,0
BottomS012093,17.1962,33.4703,1.244e-17,9.488e-18,3.882e-18,0.0007,-89.55,1
BottomS012094,17.1988,33.4729,3.719e-16,2.473e-16,8.165e-17,-0.0006,-89.68,0
BottomS012095,17.1986,33.4763,2.923e-18,2.551e-18,1.343e-18,0.0012,-89.81,0
BottomS012096,17.2315,33.5499,3.282e-18,2.772e-18,1.460e-18,0.0006,-92.53,0
BottomS012097,17.2302,33.5464,6.718e-18,5.310e-18,2.413e-18,-0.0004,-92.37,1
BottomS012098,17.2283,33.5417,4.765e-18,3.890e-18,1.884e-18,-0.0008,-92.21,0
BottomS012099,17.2262,33.5410,3.145e-18,2.728e-18,1.536e-18,-0.0004,-92.11,0
BottomS012100,17.2128,33.4958,1.456e-17,1.128e-17,4.805e-18,0.0002,-90.63,1
BottomS012101,17.2181,33.5312,7.877e-16,5.202e-16,1.617e-16,0.0001,-91.69,0
BottomS012102,17.2193,33.5047,4.489e-17,3.297e-17,1.265e-17,0.0,-91.03,0
BottomS012103,17.2223,33.5083,1.400e-18,1.233e-18,6.872e-19,0.0009,-91.17,0
BottomS012104,17.2252,33.5137,4.101e-14,3.078e-14,1.210e-14,-0.0008,-91.35,0
BottomS012106,17.2024,33.5046,5.873e-18,4.835e-18,2.308e-18,0.0002,-90.78,0
BottomS012107,17.1996,33.4990,6.834e-17,4.707e-17,1.663e-17,-0.0001,-90.57,0
BottomS012108,17.1970,33.4976,2.138e-16,1.421e-16,4.742e-17,0.0004,-90.5,0
BottomS012109,17.2410,33.5386,1.932e-17,1.546e-17,6.945e-18,0.0007,-92.22,1
BottomS012110,17.1906,33.4825,3.934e-14,2.774e-14,1.034e-14,0.0002,-90.03,0
BottomS012111,17.1872,33.4788,1.349e-17,1.019e-17,4.379e-18,-0.0008,-89.95,1
BottomS012112,17.1838,33.4707,1.066e-17,8.075e-18,3.334e-18,-0.0003,-89.77,1
BottomS012113,17.1797,33.4642,4.694e-19,4.579e-19,3.083e-19,-0.0003,-89.53,0
BottomS012114,17.2565,33.5628,2.389e-17,1.732e-17,6.597e-18,-0.0009,-93.03,0
BottomS012115,17.1746,33.4544,1.543e-16,1.099e-16,3.996e-17,0.0003,-89.33,0
BottomS012116,17.2668,33.5829,2.293e-16,1.549e-16,5.314e-17,-0.0004,-93.35,0
BottomS012117,17.2670,33.5805,1.225e-20,1.675e-20,2.306e-20,-0.0008,-93.4,0
BottomS012118,17.1635,33.4385,8.244e-17,6.018e-17,2.245e-17,-0.0004,-88.99,0
BottomS012119,17.1666,33.4422,1.193e-17,9.384e-18,4.074e-18,0.0005,-88.95,1
BottomS012120,17.2742,33.5991,4.551e-18,3.670e-18,1.737e-18,0.0001,-93.68,0
BottomS012121,17.2708,33.5942,2.961e-17,2.204e-17,9.226e-18,0.0002,-93.71,0
BottomS012122,17.2718,33.6003,4.321e-14,3.181e-14,1.235e-14,0.0001,-93.77,0
BottomS012123,17.2750,33.6078,1.742e-16,1.210e-16,4.343e-17,0.0001,-93.76,0
BottomS012124,17.2717,33.6015,4.433e-18,3.511e-18,1.569e-18,0.0005,-93.81,1
BottomS012125,17.2735,33.6047,3.779e-19,3.753e-19,2.746e-19,-0.0003,-93.73,0
BottomS012126,17.2711,33.6050,1.097e-18,1.035e-18,6.591e-19,-0.0004,-93.74,0
BottomS012127,17.2710,33.6025,2.172e-20,2.511e-20,2.534e-20,0.0002,-93.65,0
BottomS012128,17.2734,33.6069,1.142e-18,1.922e-18,3.989e-18,-0.0006,-93.6,0
BottomS012129,17.2689,33.6027,1.114e-16,7.822e-17,2.892e-17,0.0003,-93.58,0
BottomS012130,17.1710,33.4293,1.117e-17,8.683e-18,3.880e-18,0.0005,-89.15,1
BottomS012131,17.1742,33.4326,1.228e-19,1.412e-19,1.336e-19,0.0003,-89.22,0
BottomS012132,17.1753,33.4340,2.416e-16,1.616e-16,5.181e-17,0.0009,-89.31,0
BottomS012133,17.2561,33.5929,3.557e-17,2.627e-17,1.026e-17,-0.0002,-93.13,0
BottomS012134,17.1855,33.4435,6.432e-17,4.716e-17,1.858e-17,0.0003,-89.61,0
BottomS012135,17.2487,33.5828,6.146e-18,1.750e-17,1.130e-16,0.0002,-92.82,0
BottomS012136,17.1937,33.4539,3.867e-19,6.797e-19,1.589e-18,0.0003,-89.92,0
BottomS012137,17.2431,33.5751,6.155e-19,5.646e-19,3.438e-19,0.0003,-92.55,0
BottomS012138,17.1973,33.4633,9.344e-18,7.665e-18,3.657e-18,-0.0001,-90.14,0
BottomS012139,17.2330,33.5575,2.383e-17,1.729e-17,6.719e-18,0.0002,-92.19,0
BottomS012140,17.2261,33.5501,2.116e-16,1.412e-16,4.502e-17,-0.0004,-91.97,0
BottomS012141,17.2225,33.5446,1.313e-17,1.022e-17,4.339e-18,-0.0007,-91.78,1
BottomS012142,17.2165,33.5367,4.251e-16,2.890e-16,9.839e-17,-0.001,-91.58,0
BottomS012143,17.2113,33.5258,5.767e-17,4.329e-17,1.730e-17,0.0001,-91.37,0
BottomS012144,17.2294,33.5114,4.419e-19,7.954e-19,1.968e-18,-0.0006,-91.35,0
BottomS012145,17.2004,33.5075,7.503e-18,5.689e-18,2.436e-18,0.0002,-90.94,1
BottomS012146,17.1924,33.5014,4.163e-16,2.848e-16,9.651e-17,-0.0009,-90.78,0
BottomS012147,17.2461,33.5345,3.469e-17,2.528e-17,9.479e-18,-0.0004,-91.86,0
BottomS012148,17.1834,33.4823,1.781e-18,2.856e-18,5.574e-18,0.0003,-90.44,0
BottomS012149,17.2559,33.5515,5.193e-18,3.995e-18,1.721e-18,-0.0009,-92.24,0
BottomS012150,17.2654,33.5665,9.692e-19,1.881e-18,5.178e-18,0.0004,-92.56,0
BottomS012151,17.2694,33.5732,3.228e-18,2.806e-18,1.482e-18,0.0004,-92.72,0
BottomS012152,17.2743,33.5826,1.523e-16,1.062e-16,3.747e-17,-0.0004,-92.9,0
BottomS012153,17.1591,33.4388,1.656e-16,1.197e-16,4.411e-17,0.0004,-89.52,0
BottomS012154,17.2814,33.5949,5.942e-19,5.372e-19,3.289e-19,0.0003,-93.02,0
BottomS012155,17.2807,33.5995,9.165e-19,1.868e-18,5.763e-18,-0.0001,-93.24,0
BottomS012156,17.2932,33.6191,1.826e-18,1.530e-18,7.768e-19,-0.0001,-93.41,0
BottomS012157,17.2900,33.6152,1.580e-18,1.412e-18,8.204e-19,-0.0,-93.5,0
BottomS012158,17.2997,33.6328,1.840e-18,1.615e-18,9.093e-19,-0.0001,-93.6,0
BottomS012159,17.3028,33.6368,6.356e-16,4.136e-16,1.286e-16,0.0005,-93.74,0
BottomS012160,17.2995,33.6345,9.124e-19,1.629e-18,3.955e-18,0.0003,-93.76,0
BottomS012162,17.3018,33.6443,1.920e-18,4.464e-18,1.838e-17,0.0006,-93.88,0
BottomS012163,17.1296,33.3763,3.229e-17,2.383e-17,9.742e-18,-0.0009,-88.62,0
BottomS012164,17.3066,33.6555,2.588e-17,1.958e-17,8.306e-18,0.0007,-93.94,0
BottomS012165,17.1313,33.3774,4.860e-14,3.610e-14,1.403e-14,0.0,-88.66,0
BottomS012166,17.3006,33.6521,3.942e-14,3.512e-14,1.945e-14,0.0001,-93.82,1
BottomS012167,17.2979,33.6463,1.485e-18,3.391e-18,1.364e-17,0.0011,-93.8,0
BottomS012168,17.3006,33.6521,3.104e-16,2.104e-16,7.134e-17,0.0004,-93.76,0
BottomS012169,17.1457,33.3872,1.332e-18,1.175e-18,6.411e-19,0.0003,-88.8,0
BottomS012170,17.2866,33.6351,4.328e-19,7.806e-19,1.947e-18,0.0001,-93.59,0
BottomS012171,17.2953,33.6479,4.510e-17,3.175e-17,1.136e-17,-0.0005,-93.65,0
BottomS012172,17.1530,33.3945,7.388e-17,5.454e-17,2.130e-17,-0.0001,-89.14,0
BottomS012173,17.2794,33.6309,1.433e-17,1.137e-17,4.982e-18,0.0001,-93.27,1
BottomS012174,17.2722,33.6243,6.733e-17,4.694e-17,1.707e-17,0.0003,-93.1,0
BottomS012175,17.1702,33.4152,5.018e-18,4.196e-18,2.042e-18,0.0004,-89.6,0
BottomS012176,17.2616,33.6118,4.100e-19,7.797e-19,2.196e-18,0.0001,-92.86,0
BottomS012177,17.1800,33.4240,2.205e-16,1.516e-16,5.064e-17,-0.0003,-89.8,0
BottomS012178,17.1891,33.4387,1.930e-19,2.014e-19,1.601e-19,0.0004,-90.14,0
BottomS012179,17.2413,33.5825,5.696e-18,4.761e-18,2.395e-18,-0.0001,-92.27,0
BottomS012180,17.2333,33.5708,7.564e-18,6.154e-18,2.907e-18,-0.0006,-92.05,0
BottomS012181,17.2084,33.4696,2.641e-17,1.980e-17,8.125e-18,-0.0005,-90.61,0
BottomS012182,17.2154,33.4812,1.645e-19,1.748e-19,1.500e-19,-0.0003,-90.86,0
BottomS012183,17.2251,33.4902,1.026e-16,7.364e-17,2.686e-17,-0.0003,-91.04,0
BottomS012184,17.2028,33.5261,1.470e-17,1.084e-17,4.272e-18,0.0002,-91.24,0
BottomS012185,17.1961,33.5153,1.012e-17,7.950e-18,3.570e-18,0.0004,-91.11,1
BottomS012186,17.2464,33.5266,7.959e-19,7.469e-19,4.822e-19,0.0,-91.62,0
BottomS012187,17.1800,33.4889,4.354e-15,2.882e-15,9.102e-16,-0.0003,-90.65,0
BottomS012188,17.1707,33.4701,2.119e-16,1.462e-16,5.102e-17,-0.0,-90.34,0
BottomS012189,17.1640,33.4657,2.279e-17,1.642e-17,6.314e-18,-0.0012,-90.31,0
BottomS012190,17.1621,33.4557,1.074e-18,1.021e-18,6.783e-19,0.0001,-90.11,0
BottomS012191,17.1531,33.4417,3.205e-18,2.663e-18,1.318e-18,-0.0009,-90.01,0
BottomS012192,17.1421,33.4234,1.507e-16,1.048e-16,3.752e-17,0.0,-89.67,0
BottomS012193,17.2952,33.6117,3.530e-17,2.670e-17,1.117e-17,0.0003,-93.01,1
BottomS012194,17.1327,33.4031,1.197e-19,1.301e-19,1.126e-19,-0.0007,-89.33,0
BottomS012195,17.3068,33.6321,5.934e-17,4.317e-17,1.639e-17,-0.0007,-93.31,0
BottomS012196,17.1216,33.3859,1.024e-17,7.890e-18,3.276e-18,0.0,-89.14,1
BottomS012197,17.1109,33.3650,4.916e-17,3.752e-17,1.540e-17,0.0008,-89.02,0
BottomS012199,17.3259,33.6740,1.932e-18,3.106e-18,5.864e-18,0.0006,-93.73,0
BottomS012201,17.1020,33.3405,4.832e-17,3.334e-17,1.152e-17,-0.0002,-88.67,0
BottomS012202,17.3319,33.6903,8.335e-18,6.373e-18,2.764e-18,-0.0007,-93.87,1
BottomS012203,17.1109,33.3465,2.998e-17,2.160e-17,8.277e-18,0.0004,-88.57,0
BottomS012204,17.2197,33.5239,4.607e-19,4.519e-19,3.075e-19,0.0006,-92.25,0
BottomS012205,17.2149,33.5070,2.126e-19,2.297e-19,1.848e-19,-0.0,-90.55,0
BottomS012206,17.2138,33.5090,2.258e-18,3.152e-18,4.567e-18,0.0001,-90.6,0
BottomS012207,17.2167,33.5072,3.213e-18,2.716e-18,1.374e-18,0.0001,-90.68,0
BottomS012208,17.2234,33.5180,2.476e-17,1.882e-17,8.104e-18,-0.0006,-91.84,0
BottomS012209,17.2174,33.5211,3.316e-14,2.375e-14,8.990e-15,-0.0005,-91.72,0
BottomS012210,17.2211,33.5066,1.302e-18,2.486e-18,6.817e-18,0.0005,-90.91,0
BottomS012211,17.2182,33.5183,1.076e-18,1.637e-18,2.819e-18,0.0006,-91.56,0
BottomS012213,17.2195,33.5119,1.748e-18,2.505e-18,3.841e-18,-0.0,-91.17,0
BottomS012214,17.2182,33.5142,1.411e-20,1.766e-20,2.027e-20,0.0003,-91.28,0
BottomS012216,17.2146,33.5119,2.596e-17,2.058e-17,9.063e-18,-0.0004,-90.93,1
BottomS012217,17.2100,33.5153,2.539e-18,2.114e-18,1.047e-18,-0.0005,-91.04,0
BottomS012218,17.2135,33.5106,4.363e-19,8.192e-19,2.237e-18,0.0002,-90.85,0
BottomS012219,17.2244,33.5202,6.726e-19,6.126e-19,3.763e-19,0.0,-91.87,0
BottomS012220,17.2107,33.5068,2.490e-18,2.050e-18,1.023e-18,0.0007,-90.62,0
BottomS012221,17.2269,33.5231,1.559e-19,1.642e-19,1.371e-19,-0.0,-92.04,0
BottomS012222,17.2280,33.5259,2.007e-17,1.479e-17,5.796e-18,0.0005,-92.27,0
BottomS012224,17.2036,33.5011,2.697e-18,2.338e-18,1.276e-18,-0.0002,-90.12,0
BottomS012225,17.2038,33.4974,8.139e-19,7.893e-19,5.284e-19,0.0009,-90.0,0
BottomS012226,17.2000,33.4941,8.360e-17,6.043e-17,2.280e-17,-0.0006,-89.76,0
BottomS012230,17.2381,33.5432,8.417e-18,6.819e-18,3.196e-18,-0.0004,-93.15,0
BottomS012231,17.1965,33.4848,1.476e-19,1.533e-19,1.198e-19,-0.0007,-89.31,0
BottomS012232,17.1932,33.4853,1.446e-19,2.550e-19,5.744e-19,0.0002,-89.32,0
BottomS012236,17.2433,33.5542,2.039e-18,1.758e-18,9.546e-19,-0.0001,-93.49,0
BottomS012237,17.2420,33.5523,3.341e-14,2.294e-14,8.047e-15,-0.0001,-93.46,0
BottomS012238,17.1926,33.4759,6.444e-19,9.802e-19,1.726e-18,-0.0006,-88.99,0
BottomS012239,17.1894,33.4743,2.340e-19,2.349e-19,1.736e-19,0.0005,-88.99,0
BottomS012241,17.1885,33.4666,1.486e-19,1.585e-19,1.312e-19,0.0,-88.93,0
BottomS012242,17.1991,33.4817,1.840e-19,1.991e-19,1.715e-19,-0.0003,-89.11,0
BottomS012243,17.1931,33.4752,3.836e-19,3.435e-19,2.097e-19,0.0001,-89.05,0
BottomS012245,17.2461,33.5666,2.846e-19,2.885e-19,2.084e-19,0.0005,-93.59,0
BottomS012247,17.2436,33.5619,6.209e-18,5.148e-18,2.634e-18,-0.0003,-93.48,0
BottomS012248,17.1949,33.4765,1.022e-17,8.175e-18,3.704e-18,0.0002,-89.25,0
BottomS012249,17.1927,33.4730,1.652e-17,1.275e-17,5.616e-18,-0.0006,-89.2,1
BottomS012250,17.1979,33.4726,1.453e-20,1.856e-20,2.185e-20,-0.0,-89.34,0
BottomS012251,17.2388,33.5547,6.230e-19,1.190e-18,3.235e-18,0.0003,-93.14,0
BottomS012253,17.2382,33.5565,3.644e-19,6.723e-19,1.737e-18,-0.0005,-93.09,0
BottomS012254,17.2418,33.5578,1.698e-20,2.123e-20,2.439e-20,0.0005,-93.07,0
BottomS012255,17.2360,33.5498,4.761e-14,3.582e-14,1.465e-14,0.0,-92.76,1
BottomS012256,17.2353,33.5520,3.453e-18,2.844e-18,1.332e-18,-0.0004,-92.72,0
BottomS012258,17.2005,33.4794,2.021e-20,2.492e-20,2.803e-20,0.0005,-89.83,0
BottomS012259,17.2308,33.5436,1.357e-18,2.642e-18,7.475e-18,0.0007,-92.47,0
BottomS012260,17.2293,33.5397,1.609e-19,1.739e-19,1.465e-19,-0.0002,-92.26,0
BottomS012261,17.2085,33.4896,2.881e-18,2.422e-18,1.223e-18,0.0001,-90.41,0
BottomS012263,17.2231,33.5353,1.031e-19,1.070e-19,8.412e-20,0.0007,-92.02,0
BottomS012264,17.2239,33.5309,3.945e-18,6.984e-18,1.647e-17,0.0004,-91.81,0
BottomS012265,17.2190,33.5292,1.367e-16,9.372e-17,3.247e-17,-0.0003,-91.68,0
BottomS012266,17.2164,33.5259,9.401e-19,8.241e-19,4.540e-19,0.0009,-91.55,0
BottomS012267,17.2129,33.5234,3.977e-18,3.304e-18,1.716e-18,-0.0002,-91.41,0
BottomS012268,17.2114,33.5179,1.129e-17,8.642e-18,3.714e-18,-0.0002,-91.23,1
BottomS012269,17.2091,33.5161,2.602e-19,2.694e-19,2.094e-19,-0.0,-91.13,0
BottomS012270,17.2257,33.5149,5.106e-18,4.260e-18,2.105e-18,0.0,-91.4,0
BottomS012271,17.2303,33.5184,1.535e-20,1.974e-20,2.434e-20,0.0006,-91.58,0
BottomS012272,17.2037,33.5075,1.995e-20,2.357e-20,2.426e-20,-0.0003,-90.76,0
BottomS012273,17.1992,33.4968,9.083e-19,1.513e-18,3.030e-18,0.0002,-90.47,0
BottomS012274,17.2405,33.5376,1.759e-18,1.464e-18,7.241e-19,-0.0003,-92.2,0
BottomS012275,17.2428,33.5379,2.636e-17,2.009e-17,8.353e-18,0.0004,-92.29,1
BottomS012276,17.2457,33.5446,1.387e-18,1.227e-18,6.803e-19,-0.0,-92.48,0
BottomS012277,17.2443,33.5445,8.634e-19,7.656e-19,4.212e-19,-0.0001,-92.38,0
BottomS012278,17.2459,33.5497,1.864e-17,1.378e-17,5.337e-18,-0.0001,-92.82,0
BottomS012279,17.2469,33.5478,2.891e-18,4.550e-18,8.528e-18,-0.0003,-92.59,0
BottomS012280,17.1815,33.4681,1.444e-19,1.476e-19,1.109e-19,-0.0001,-89.63,0
BottomS012281,17.2510,33.5582,2.063e-18,3.770e-18,9.225e-18,-0.0011,-92.88,0
BottomS012282,17.1817,33.4707,1.431e-18,2.289e-18,4.307e-18,0.0,-89.55,0
BottomS012283,17.2631,33.5714,1.156e-18,2.236e-18,6.482e-18,0.0001,-93.25,0
BottomS012284,17.1771,33.4584,6.318e-20,6.825e-20,5.967e-20,-0.0001,-89.37,0
BottomS012285,17.2616,33.5793,8.093e-19,8.090e-19,5.695e-19,0.0002,-93.34,0
BottomS012287,17.2637,33.5826,3.098e-18,2.529e-18,1.260e-18,0.0001,-93.5,0
BottomS012288,17.2730,33.5911,9.867e-18,7.328e-18,2.975e-18,-0.0001,-93.55,0
BottomS012289,17.2602,33.5745,1.107e-18,2.549e-18,1.009e-17,0.0001,-93.53,0
BottomS012291,17.2754,33.6013,2.046e-18,1.736e-18,8.873e-19,-0.0001,-93.67,0
BottomS012293,17.2708,33.5936,3.933e-18,3.218e-18,1.515e-18,0.0007,-93.78,0
BottomS012295,17.1590,33.4253,1.110e-16,7.936e-17,2.980e-17,0.0006,-88.76,0
BottomS012296,17.1560,33.4146,2.805e-20,3.424e-20,3.812e-20,0.0,-88.72,0
BottomS012297,17.1574,33.4181,5.831e-17,4.225e-17,1.591e-17,-0.0006,-88.72,0
BottomS012298,17.2696,33.5979,8.924e-17,6.182e-17,2.199e-17,0.0004,-93.75,0
BottomS012299,17.2698,33.6056,1.151e-18,2.361e-18,7.690e-18,0.0003,-93.72,0
BottomS012300,17.2791,33.6102,3.570e-18,2.801e-18,1.265e-18,-0.001,-93.76,0
BottomS012301,17.2652,33.5996,2.913e-19,2.940e-19,2.141e-19,0.0004,-93.58,0
BottomS012303,17.2659,33.6023,4.555e-14,4.197e-14,2.568e-14,-0.0001,-93.55,1
BottomS012304,17.1694,33.4303,9.294e-17,6.613e-17,2.357e-17,-0.0004,-89.12,0
BottomS012305,17.2630,33.5933,1.776e-18,3.642e-18,1.141e-17,0.0005,-93.3,0
BottomS012306,17.2662,33.5938,2.971e-19,3.095e-19,2.374e-19,-0.0002,-93.27,0
BottomS012307,17.2587,33.5961,7.309e-18,1.409e-17,3.893e-17,0.0006,-93.2,0
BottomS012308,17.1817,33.4380,2.882e-19,5.310e-19,1.336e-18,0.0009,-89.49,0
BottomS012309,17.2546,33.5890,2.070e-18,1.816e-18,9.890e-19,0.0004,-93.06,0
BottomS012310,17.1797,33.4404,5.455e-18,4.540e-18,2.184e-18,-0.0004,-89.57,0
BottomS012311,17.2515,33.5787,1.314e-17,1.040e-17,4.838e-18,0.0005,-92.8,0
BottomS012314,17.1971,33.4616,2.026e-18,3.282e-18,6.248e-18,-0.0,-90.04,0
BottomS012316,17.2052,33.4677,4.365e-20,5.052e-20,5.017e-20,0.0004,-90.43,0
BottomS012317,17.2247,33.5516,2.737e-17,2.000e-17,7.951e-18,-0.0001,-91.94,0
BottomS012318,17.2256,33.5464,1.654e-16,1.137e-16,3.933e-17,0.0004,-91.95,0
BottomS012320,17.2202,33.4931,5.586e-20,6.805e-20,7.409e-20,-0.0006,-90.97,0
BottomS012321,17.2116,33.5301,2.860e-18,2.340e-18,1.150e-18,-0.0003,-91.43,0
BottomS012322,17.2275,33.5067,3.108e-18,2.632e-18,1.355e-18,0.0001,-91.26,0
BottomS012324,17.1986,33.5095,1.075e-18,2.385e-18,8.965e-18,-0.001,-90.95,0
BottomS012326,17.1910,33.4954,8.351e-18,6.889e-18,3.402e-18,-0.0002,-90.64,0
BottomS012327,17.1855,33.4860,1.241e-19,1.310e-19,1.039e-19,-0.0002,-90.5,0
BottomS012328,17.2526,33.5491,8.783e-18,7.060e-18,3.207e-18,0.0005,-92.3,1
BottomS012332,17.1670,33.4514,1.781e-18,1.558e-18,8.619e-19,0.0008,-89.81,0
BottomS012333,17.1628,33.4487,4.847e-20,5.603e-20,5.395e-20,0.0001,-89.65,0
BottomS012334,17.2748,33.5863,4.512e-19,8.382e-19,2.120e-18,0.0001,-92.92,0
BottomS012335,17.2747,33.5788,1.412e-18,3.093e-18,1.131e-17,-0.0002,-92.85,0
BottomS012336,17.1538,33.4285,7.601e-19,7.032e-19,4.196e-19,-0.0007,-89.38,0
BottomS012337,17.1453,33.4182,3.348e-18,5.475e-18,1.097e-17,0.0005,-89.1,0
BottomS012338,17.2829,33.6040,2.723e-17,1.972e-17,7.531e-18,0.0004,-93.27,0
BottomS012339,17.1450,33.4165,1.574e-18,1.347e-18,6.954e-19,0.0002,-89.14,0
BottomS012341,17.3087,33.6409,4.097e-20,5.179e-20,6.175e-20,0.0011,-93.58,0
BottomS012342,17.2920,33.6192,9.708e-19,9.594e-19,6.713e-19,-0.0002,-93.58,0
BottomS012343,17.2911,33.6238,3.152e-18,4.899e-18,8.764e-18,0.0001,-93.66,0
BottomS012345,17.1330,33.3878,1.159e-17,9.487e-18,4.564e-18,-0.0005,-88.72,0
BottomS012346,17.2965,33.6402,5.827e-19,1.069e-18,2.805e-18,0.0001,-93.83,0
BottomS012347,17.2965,33.6401,1.817e-18,3.951e-18,1.451e-17,0.0002,-93.85,0
BottomS012348,17.1320,33.3777,1.334e-17,1.013e-17,3.993e-18,0.0001,-88.66,0
BottomS012349,17.3057,33.6489,8.580e-18,6.571e-18,2.846e-18,0.0001,-93.88,1
BottomS012352,17.1334,33.3813,1.216e-16,8.660e-17,3.132e-17,-0.0008,-88.68,0
BottomS012355,17.2876,33.6327,1.399e-18,3.093e-18,1.134e-17,-0.0006,-93.62,0
BottomS012356,17.1470,33.3890,2.773e-17,2.020e-17,7.862e-18,0.0008,-88.93,0
BottomS012359,17.1490,33.3888,1.885e-18,3.189e-18,7.042e-18,-0.0005,-89.02,0
BottomS012360,17.2788,33.6262,6.295e-19,5.714e-19,3.450e-19,0.0001,-93.31,0
BottomS012362,17.1560,33.3996,5.355e-19,5.247e-19,3.702e-19,-0.0003,-89.28,0
BottomS012363,17.1686,33.4137,4.172e-17,2.982e-17,1.083e-17,0.0002,-89.44,0
BottomS012364,17.1650,33.4125,6.521e-19,6.282e-19,4.284e-19,0.0003,-89.41,0
BottomS012365,17.2665,33.6171,3.328e-14,2.343e-14,8.546e-15,0.0002,-92.98,0
BottomS012366,17.2558,33.6007,9.543e-19,1.382e-18,2.150e-18,-0.0004,-92.71,0
BottomS012368,17.1917,33.4411,1.854e-18,1.598e-18,8.588e-19,-0.0002,-90.13,0
BottomS012369,17.2436,33.5865,1.312e-18,1.193e-18,7.236e-19,0.0007,-92.35,0
BottomS012371,17.2032,33.4581,1.307e-19,1.465e-19,1.286e-19,-0.0005,-90.5,0
BottomS012373,17.2148,33.4786,2.140e-18,1.796e-18,9.388e-19,-0.0,-90.78,0
BottomS012374,17.2153,33.5449,4.014e-17,2.818e-17,1.005e-17,0.0002,-91.63,0
BottomS012375,17.2115,33.5345,1.358e-18,2.292e-18,4.912e-18,-0.0007,-91.44,0
BottomS012376,17.2294,33.5048,1.577e-18,1.363e-18,7.268e-19,-0.0,-91.26,0
BottomS012377,17.2341,33.5094,1.354e-18,1.204e-18,6.788e-19,0.0002,-91.36,0
BottomS012378,17.1965,33.5102,1.444e-18,2.449e-18,5.237e-18,0.0001,-91.01,0
BottomS012380,17.1841,33.5014,2.990e-19,5.837e-19,1.711e-18,0.0005,-90.88,0
BottomS012381,17.1739,33.4759,1.170e-17,8.869e-18,3.767e-18,0.0003,-90.39,1
BottomS012382,17.1722,33.4664,4.923e-14,4.014e-14,1.968e-14,-0.0007,-90.26,1
BottomS012383,17.2694,33.5653,1.030e-18,9.396e-19,5.548e-19,-0.0009,-92.24,0
BottomS012384,17.2759,33.5702,6.829e-14,5.413e-14,2.447e-14,0.0002,-92.31,1
BottomS012385,17.2763,33.5886,2.251e-19,2.280e-19,1.692e-19,-0.0001,-92.67,0
BottomS012386,17.2924,33.5943,2.712e-19,2.684e-19,1.912e-19,0.0001,-92.64,0
BottomS012389,17.2996,33.6163,1.287e-17,9.844e-18,4.265e-18,-0.0002,-93.14,1
BottomS012391,17.1240,33.3892,3.216e-18,2.775e-18,1.515e-18,0.0002,-89.24,0
BottomS012392,17.3033,33.6292,2.414e-18,2.074e-18,1.101e-18,-0.0007,-93.25,0
BottomS012394,17.1177,33.3804,8.910e-19,1.746e-18,5.002e-18,-0.0,-89.01,0
BottomS012395,17.1236,33.3878,1.223e-18,2.204e-18,5.593e-18,-0.0004,-88.87,0
BottomS012396,17.1091,33.3580,6.162e-17,4.278e-17,1.554e-17,-0.0002,-88.88,0
BottomS012397,17.3296,33.6769,1.570e-16,1.138e-16,4.317e-17,-0.0001,-93.72,0
BottomS012398,17.3128,33.6529,8.413e-19,1.376e-18,2.704e-18,0.0006,-93.8,0
BottomS012400,17.1036,33.3424,1.951e-17,1.515e-17,6.439e-18,0.0004,-88.64,1
BottomS012401,17.0996,33.3321,1.882e-17,1.397e-17,5.663e-18,0.0009,-88.65,0
BottomS012402,17.3069,33.6505,2.084e-18,4.876e-18,2.032e-17,0.0003,-93.85,0
BottomS012404,17.3333,33.6958,3.292e-18,2.744e-18,1.362e-18,-0.0008,-93.91,0
BottomS012405,17.3241,33.6864,1.798e-17,1.454e-17,6.780e-18,0.0001,-93.91,0
BottomS012407,22.5639,37.7821,2.243e-18,3.095e-18,4.458e-18,0.0002,-96.96,0
BottomS012410,22.5695,37.7624,4.440e-19,4.253e-19,2.947e-19,-0.0004,-95.79,0
BottomS012411,22.5311,37.8053,9.310e-19,1.552e-18,3.149e-18,0.0,-96.57,0
BottomS012418,22.5760,37.7453,4.916e-20,5.242e-20,4.280e-20,-0.0013,-93.83,0
BottomS012421,22.5649,37.7359,1.053e-20,1.346e-20,1.631e-20,-0.0007,-94.95,0
BottomS012434,22.5483,37.7854,1.346e-19,1.418e-19,1.140e-19,0.0004,-96.52,0
BottomS012436,22.5752,37.7487,1.402e-20,1.766e-20,2.071e-20,-0.0002,-94.0,0
BottomS012445,22.5742,37.7857,1.451e-20,1.824e-20,2.066e-20,-0.0003,-95.87,0
BottomS012448,22.5867,37.7520,1.484e-20,2.034e-20,2.798e-20,0.0008,-94.82,0
BottomS012454,22.5685,37.7625,4.886e-20,5.745e-20,5.806e-20,0.0006,-96.79,0
BottomS012459,22.5735,37.7634,4.136e-14,2.884e-14,1.019e-14,0.0002,-94.62,0
BottomS012461,22.5557,37.8368,5.708e-20,6.529e-20,6.071e-20,0.0009,-97.15,0
BottomS012462,22.5710,37.7637,4.286e-20,4.726e-20,4.189e-20,0.0009,-95.91,0
BottomS012465,22.5842,37.7366,5.394e-19,5.257e-19,3.551e-19,0.0004,-93.69,0
BottomS012468,22.5579,37.8004,2.822e-20,3.445e-20,3.826e-20,-0.0001,-97.34,0
BottomS012469,22.5741,37.7553,9.272e-20,9.785e-20,8.092e-20,0.0001,-94.66,0
BottomS012472,22.5766,37.7589,2.012e-18,3.284e-18,6.703e-18,0.0003,-94.77,0
BottomS012475,22.5928,37.7359,8.949e-19,8.233e-19,5.098e-19,0.0004,-93.69,0
BottomS012482,22.5633,37.7711,2.119e-18,1.737e-18,8.171e-19,-0.0,-96.89,0
BottomS012484,22.5768,37.7489,3.368e-14,2.785e-14,1.388e-14,0.0006,-93.88,1
BottomS012486,22.5751,37.7607,2.339e-20,2.958e-20,3.301e-20,0.0007,-94.27,0
BottomS012490,22.5690,37.7690,3.041e-19,2.946e-19,1.980e-19,0.0001,-96.42,0
BottomS012492,22.5026,37.9848,2.486e-18,4.374e-18,1.012e-17,-0.0,-97.33,0
BottomS012502,22.5780,37.7618,4.158e-19,3.969e-19,2.633e-19,0.0002,-95.05,0
BottomS012503,22.5646,37.7598,2.395e-20,3.019e-20,3.463e-20,-0.0001,-95.53,0
BottomS012512,22.5791,37.7088,1.288e-20,1.591e-20,1.787e-20,-0.0002,-94.25,0
BottomS012513,22.5498,37.7804,1.685e-20,2.173e-20,2.680e-20,0.0003,-96.83,0
BottomS012516,22.5727,37.7639,3.021e-20,3.442e-20,3.312e-20,-0.0001,-93.49,0
BottomS012519,22.6014,37.7157,6.177e-20,7.118e-20,6.619e-20,-0.0001,-94.06,0
BottomS012521,22.6027,37.6764,2.084e-18,1.803e-18,9.854e-19,0.0001,-93.37,0
BottomS012523,22.5701,37.7521,1.591e-18,1.426e-18,8.464e-19,-0.0004,-93.89,0
BottomS012529,22.5427,37.7897,2.596e-19,2.639e-19,1.977e-19,0.0003,-96.49,0
BottomS012534,22.5728,37.7780,7.621e-20,8.687e-20,7.897e-20,0.0008,-96.06,0
BottomS012535,22.5637,37.7913,3.937e-20,4.548e-20,4.478e-20,0.0006,-97.39,0
BottomS012542,22.5702,37.7356,2.736e-20,3.200e-20,3.165e-20,-0.0007,-94.86,0
BottomS012548,22.5676,37.7760,1.980e-20,2.423e-20,2.641e-20,0.0003,-96.61,0
BottomS012550,22.6408,37.6651,4.211e-19,7.594e-19,1.809e-18,-0.0005,-93.75,0
BottomS012551,22.5733,37.7628,1.746e-19,1.770e-19,1.319e-19,0.0007,-93.94,0
BottomS012553,22.5880,37.7325,1.765e-20,2.390e-20,3.136e-20,-0.0008,-93.44,0
BottomS012561,22.5746,37.7685,1.130e-19,1.210e-19,9.879e-20,-0.0002,-95.68,0
BottomS012569,22.5558,37.7638,1.065e-20,1.349e-20,1.623e-20,0.0002,-95.84,0
BottomS012570,22.5860,37.7494,3.732e-20,4.506e-20,4.947e-20,-0.0003,-94.17,0
BottomS012573,22.5860,37.7223,3.324e-18,8.105e-18,3.706e-17,0.0001,-93.58,0
BottomS012575,22.5669,37.7836,1.473e-18,1.286e-18,6.914e-19,-0.0,-97.19,0
BottomS012576,22.5792,37.7521,4.750e-19,4.411e-19,2.661e-19,0.0002,-93.87,0
BottomS012581,22.5753,37.7460,5.087e-19,7.908e-19,1.477e-18,-0.0001,-93.79,0
BottomS012586,22.5715,37.7527,4.064e-20,4.980e-20,5.470e-20,-0.0003,-94.91,0
BottomS012591,22.5673,37.7467,4.551e-14,4.146e-14,2.506e-14,-0.0001,-94.97,1
BottomS012597,22.5144,37.9342,1.917e-18,1.605e-18,7.882e-19,0.0003,-97.46,0
BottomS012600,22.5464,37.7904,6.705e-18,5.540e-18,2.689e-18,0.0007,-97.46,0
BottomS012606,22.5707,37.7483,6.857e-19,1.031e-18,1.726e-18,-0.0003,-94.49,0
BottomS012614,22.5674,37.7480,3.133e-20,3.835e-20,4.052e-20,0.0,-94.88,0
BottomS012615,22.5665,37.7643,3.256e-20,3.814e-20,3.927e-20,0.0006,-95.91,0
BottomS012618,22.5650,37.7597,5.880e-20,6.392e-20,5.384e-20,-0.0006,-96.14,0
BottomS012626,22.6362,37.6146,9.014e-20,9.382e-20,7.297e-20,-0.0008,-93.32,0
BottomS012628,22.5697,37.7623,4.120e-20,4.709e-20,4.598e-20,-0.0005,-95.58,0
BottomS012630,22.5493,37.8088,1.036e-19,1.120e-19,9.251e-20,-0.0004,-97.22,0
BottomS012631,22.5820,37.7120,1.267e-20,1.638e-20,1.950e-20,-0.0004,-93.7,0
BottomS012634,22.5547,37.8208,1.172e-19,1.320e-19,1.226e-19,-0.001,-97.31,0
BottomS012637,22.5666,37.7693,1.283e-16,4.262e-16,3.667e-15,0.0001,-96.67,0
BottomS012641,22.6153,37.6873,3.711e-20,4.320e-20,4.405e-20,-0.0001,-93.48,0
BottomS012646,22.5704,37.7669,1.145e-19,1.227e-19,1.019e-19,0.0007,-96.79,0
BottomS012647,22.5807,37.7637,6.105e-19,5.722e-19,3.596e-19,-0.0005,-95.08,0
BottomS012653,22.5744,37.7606,3.119e-19,2.982e-19,1.921e-19,-0.0001,-94.39,0
BottomS012656,22.5551,37.7838,1.482e-20,1.838e-20,2.067e-20,0.0002,-97.31,0
BottomS012659,22.5190,37.8362,1.010e-18,1.909e-18,5.213e-18,-0.0006,-97.16,0
BottomS012662,22.5729,37.7359,1.452e-20,1.898e-20,2.340e-20,0.0002,-94.71,0
BottomS012666,22.5810,37.7522,1.164e-18,1.020e-18,5.679e-19,-0.0003,-93.95,0
BottomS012669,22.5723,37.7691,2.845e-20,3.442e-20,3.577e-20,0.0,-96.9,0
BottomS012671,22.5869,37.7305,5.979e-19,5.677e-19,3.565e-19,-0.0004,-93.43,0
BottomS012674,22.5705,37.7820,6.238e-20,6.849e-20,6.128e-20,0.0008,-96.74,0
BottomS012677,22.5940,37.7317,3.246e-20,3.734e-20,3.649e-20,0.0001,-93.52,0
BottomS012684,22.5681,37.7884,7.682e-19,7.424e-19,4.895e-19,0.0003,-97.22,0
BottomS012686,22.5745,37.7686,1.211e-19,1.309e-19,1.075e-19,-0.0004,-96.67,0
BottomS012689,22.5608,37.7762,6.354e-19,6.298e-19,4.566e-19,0.0,-96.61,0
BottomS012695,22.5819,37.7512,4.558e-19,4.624e-19,3.301e-19,0.0002,-94.03,0
BottomS012702,22.5648,37.7775,4.185e-20,4.627e-20,4.145e-20,-0.0,-97.11,0
BottomS012703,22.5867,37.7123,8.157e-19,7.452e-19,4.499e-19,0.0001,-93.87,0
BottomS012705,22.5721,37.7655,2.828e-20,3.246e-20,3.131e-20,-0.0001,-95.66,0
BottomS012706,22.5705,37.7618,3.598e-20,4.193e-20,4.145e-20,0.001,-94.9,0
BottomS012709,22.5621,37.7663,3.309e-19,5.368e-19,1.017e-18,0.0001,-96.83,0
BottomS012710,22.6020,37.6987,1.080e-19,1.196e-19,1.065e-19,0.0003,-93.67,0
BottomS012711,22.5753,37.7672,6.139e-20,6.844e-20,6.225e-20,-0.0001,-96.03,0
BottomS012716,22.5736,37.7633,4.439e-19,4.285e-19,2.854e-19,-0.0004,-95.11,0
BottomS012717,22.5745,37.7720,1.343e-20,1.640e-20,1.830e-20,-0.0006,-96.43,0
BottomS012719,22.5920,37.6792,1.909e-18,3.694e-18,1.000e-17,-0.0003,-93.72,0
BottomS012720,22.5603,37.7949,3.127e-19,2.960e-19,1.972e-19,0.0005,-97.37,0
BottomS012723,22.5608,37.7675,4.844e-18,1.040e-17,3.702e-17,-0.0002,-96.97,0
BottomS012725,22.6073,37.6876,5.437e-19,5.131e-19,3.236e-19,0.0002,-93.43,0
BottomS012737,22.5520,37.7831,1.725e-18,3.436e-18,1.054e-17,-0.0003,-96.92,0
BottomS012740,22.5690,37.7644,4.186e-20,4.843e-20,4.749e-20,-0.0006,-95.86,0
BottomS012741,22.5848,37.7703,1.694e-18,2.419e-18,3.703e-18,-0.0003,-95.23,0
BottomS012743,22.5723,37.7831,1.549e-18,1.394e-18,7.964e-19,-0.0002,-96.63,0
BottomS012744,22.5497,37.7485,1.717e-18,1.500e-18,8.435e-19,-0.0003,-95.65,0
BottomS012745,22.5511,37.7735,2.614e-19,2.606e-19,1.901e-19,0.0001,-97.3,0
BottomS012747,22.5731,37.7552,5.611e-14,4.061e-14,1.529e-14,0.0003,-94.9,0
BottomS012750,22.5786,37.7824,7.915e-18,1.850e-17,7.767e-17,-0.0003,-96.68,0
BottomS012751,22.5866,37.7458,5.079e-19,4.862e-19,3.279e-19,-0.0003,-93.76,0
BottomS012752,22.5948,37.7816,8.470e-19,7.415e-19,4.184e-19,0.0002,-95.41,0
BottomS012753,22.5704,37.7473,3.984e-18,3.406e-18,1.732e-18,-0.0,-94.06,0
BottomS012755,22.5670,37.7736,8.904e-20,9.834e-20,8.862e-20,0.0006,-96.52,0
BottomS012759,22.5728,37.7543,1.354e-20,1.884e-20,2.662e-20,-0.0011,-94.04,0
BottomS012761,22.5905,37.7624,5.833e-14,4.455e-14,1.870e-14,0.0001,-93.62,1
BottomS012763,22.5722,37.7778,1.242e-19,1.310e-19,1.047e-19,-0.0003,-96.4,0
BottomS012764,22.5925,37.7442,7.992e-19,7.087e-19,3.885e-19,-0.0004,-93.84,0
BottomS012766,22.5642,37.7540,1.908e-14,2.180e-14,2.073e-14,0.0007,-93.97,0
BottomS012768,22.5471,37.7590,4.003e-19,3.804e-19,2.513e-19,0.0001,-97.0,0
BottomS012769,22.5654,37.7719,5.792e-19,8.922e-19,1.540e-18,-0.0003,-96.78,0
BottomS012771,22.5545,37.7894,3.967e-19,3.739e-19,2.354e-19,0.0008,-97.06,0
BottomS012772,22.5508,37.7522,2.278e-18,1.797e-18,8.312e-19,-0.0003,-95.99,0
BottomS012773,22.5823,37.7261,1.035e-20,1.410e-20,1.942e-20,-0.0008,-93.53,0
BottomS012774,22.5652,37.7360,2.840e-20,3.389e-20,3.398e-20,0.0005,-94.01,0
BottomS012775,22.5714,37.7785,1.617e-18,1.400e-18,7.365e-19,-0.0002,-96.77,0
BottomS012776,22.5621,37.7284,2.453e-19,2.492e-19,1.776e-19,-0.0005,-93.99,0
BottomS012777,22.5608,37.7664,6.956e-18,5.390e-18,2.279e-18,-0.0008,-96.85,0
BottomS012778,22.5698,37.7685,2.700e-14,1.874e-14,6.757e-15,0.0011,-95.84,0
BottomS012779,22.5679,37.7629,1.783e-18,3.031e-18,6.514e-18,0.0008,-95.7,0
BottomS012781,22.5785,37.7668,2.124e-18,1.828e-18,9.740e-19,-0.0008,-95.28,0
BottomS012782,22.5552,37.7399,2.509e-18,2.195e-18,1.176e-18,-0.0005,-95.09,0
BottomS012783,22.5504,37.7279,7.694e-19,1.122e-18,1.799e-18,0.0001,-93.54,0
BottomS012786,22.5684,37.7281,6.422e-19,5.979e-19,3.800e-19,0.0004,-94.04,0
BottomS012789,22.5854,37.7586,2.725e-17,2.098e-17,8.970e-18,-0.0,-94.06,1
BottomS012791,22.5410,37.7527,9.913e-19,8.750e-19,5.063e-19,-0.0003,-97.08,0
BottomS012792,22.5636,37.7733,1.308e-17,1.020e-17,4.463e-18,-0.0005,-96.64,1
BottomS012795,22.5773,37.7504,8.516e-20,9.532e-20,8.552e-20,0.0004,-94.07,0
BottomS012798,22.5591,37.7524,4.594e-14,4.115e-14,2.401e-14,-0.0008,-95.34,1
BottomS012800,22.5900,37.7900,5.215e-19,4.843e-19,2.966e-19,-0.0003,-96.78,0
BottomS012801,22.5527,37.7713,3.011e-18,2.651e-18,1.492e-18,0.0004,-97.24,0
BottomS012802,22.5943,37.7890,5.106e-19,4.737e-19,2.955e-19,-0.0,-97.16,0
BottomS012803,22.5872,37.8055,2.055e-19,2.205e-19,1.851e-19,-0.0002,-97.35,0
BottomS012805,22.5835,37.7690,1.353e-18,2.388e-18,5.538e-18,-0.0002,-95.24,0
BottomS012806,22.5862,37.7480,1.250e-19,1.353e-19,1.162e-19,0.0005,-93.59,0
BottomS012807,22.5642,37.7990,1.472e-18,2.244e-18,3.957e-18,0.0003,-97.34,0
BottomS012808,22.5817,37.7601,1.566e-19,1.612e-19,1.238e-19,-0.0002,-94.17,0
BottomS012809,22.5654,37.7566,4.067e-19,3.817e-19,2.420e-19,0.0001,-94.99,0
BottomS012810,22.5818,37.7616,3.730e-20,4.549e-20,5.013e-20,-0.0001,-94.37,0
BottomS012811,22.5875,37.7571,2.038e-20,2.547e-20,2.956e-20,-0.0005,-93.82,0
BottomS012812,22.5715,37.7649,1.300e-17,9.846e-18,4.286e-18,0.0003,-96.24,1
BottomS012815,22.5964,37.7898,1.055e-19,1.124e-19,9.414e-20,-0.0004,-96.46,0
BottomS012817,22.5660,37.7543,4.104e-19,3.849e-19,2.483e-19,-0.0,-95.1,0
BottomS012818,22.5675,37.7839,8.312e-20,9.516e-20,9.024e-20,0.0008,-97.01,0
BottomS012820,22.5998,37.7561,3.900e-14,2.715e-14,9.495e-15,-0.0,-93.99,0
BottomS012823,22.5907,37.7482,8.835e-18,6.959e-18,3.089e-18,-0.0011,-93.69,1
BottomS012824,22.5562,37.7678,2.152e-19,2.236e-19,1.728e-19,0.0016,-97.0,0
BottomS012825,22.5862,37.7451,4.883e-19,4.942e-19,3.654e-19,-0.0002,-93.7,0
BottomS012827,22.5551,37.7684,1.639e-19,1.663e-19,1.248e-19,-0.0004,-96.43,0
BottomS012829,22.5673,37.7663,4.141e-14,3.101e-14,1.237e-14,-0.0005,-95.8,0
BottomS012830,22.5891,37.7741,2.791e-19,5.694e-19,1.799e-18,0.0008,-94.83,0
BottomS012831,22.5857,37.7836,8.500e-19,7.704e-19,4.628e-19,0.0002,-96.57,0
BottomS012832,22.5794,37.7539,1.447e-17,1.071e-17,4.408e-18,-0.0002,-94.13,0
BottomS012837,22.5648,37.7539,1.295e-18,1.161e-18,6.664e-19,-0.0004,-94.57,0
BottomS012838,22.5814,37.7495,3.502e-20,4.133e-20,4.217e-20,-0.0004,-94.34,0
BottomS012839,22.5408,37.7341,1.172e-18,1.852e-18,3.403e-18,-0.0,-95.17,0
BottomS012841,22.6063,37.7857,9.430e-19,8.242e-19,4.638e-19,0.0001,-94.8,0
BottomS012843,22.5884,37.7703,1.181e-17,9.316e-18,4.272e-18,-0.0001,-94.01,1
BottomS012845,22.5820,37.7691,1.432e-19,1.573e-19,1.382e-19,-0.0002,-95.28,0
BottomS012848,22.5740,37.7872,9.440e-19,2.253e-18,9.992e-18,-0.0005,-97.04,0
BottomS012849,22.5664,37.7595,1.375e-18,1.226e-18,6.859e-19,0.0001,-95.47,0
BottomS012851,22.5831,37.7573,6.927e-20,7.817e-20,7.280e-20,0.0007,-93.84,0
BottomS012852,22.5486,37.7518,1.290e-18,2.399e-18,6.334e-18,-0.0001,-96.1,0
BottomS012854,22.5917,37.7981,2.768e-20,3.415e-20,3.776e-20,-0.0009,-97.03,1
BottomS012857,22.5746,37.7455,1.718e-17,1.365e-17,6.174e-18,-0.0002,-94.34,1
BottomS012858,22.5823,37.7593,4.954e-14,3.692e-14,1.485e-14,0.0007,-94.04,0
BottomS012859,22.5751,37.7465,2.230e-20,2.803e-20,3.327e-20,-0.0002,-93.94,0
BottomS012860,22.5779,37.7548,1.323e-18,2.549e-18,7.044e-18,-0.0001,-93.95,0
BottomS012862,22.5572,37.7742,6.826e-19,6.211e-19,3.669e-19,-0.0003,-97.21,0
BottomS012864,22.5598,37.7761,3.647e-14,2.544e-14,8.962e-15,0.0004,-96.06,0
BottomS012865,22.5623,37.7797,3.819e-19,7.475e-19,2.239e-18,-0.0004,-96.89,0
BottomS012867,22.5581,37.7576,4.583e-19,4.469e-19,3.125e-19,-0.0009,-96.04,0
BottomS012868,22.5639,37.7349,1.381e-18,1.155e-18,5.761e-19,-0.0007,-94.64,0
BottomS012869,22.5559,37.7608,8.980e-20,9.420e-20,7.584e-20,-0.0002,-96.12,0
BottomS012873,22.5651,37.7177,1.268e-20,1.661e-20,2.089e-20,-0.0004,-93.65,0
BottomS012875,22.5559,37.7826,1.884e-19,1.975e-19,1.593e-19,-0.0001,-97.14,0
BottomS012876,22.5854,37.7413,1.462e-18,2.809e-18,7.637e-18,-0.0002,-94.4,0
BottomS012878,22.5891,37.7351,1.087e-18,1.036e-18,6.677e-19,-0.0,-93.83,0
BottomS012879,22.6008,37.7751,6.853e-20,7.657e-20,6.967e-20,-0.0001,-93.96,0
BottomS012880,22.5653,37.7733,1.225e-19,1.254e-19,9.537e-20,0.0001,-96.86,0
BottomS012881,22.6011,37.7750,1.387e-18,1.228e-18,6.829e-19,-0.0,-94.0,0
BottomS012883,22.5647,37.7575,3.478e-19,3.402e-19,2.403e-19,0.0001,-95.37,0
BottomS012884,22.5571,37.7687,6.136e-19,5.689e-19,3.506e-19,-0.0003,-96.87,0
BottomS012885,22.5800,37.7564,9.852e-19,8.352e-19,4.371e-19,0.0006,-94.44,0
BottomS012886,22.5625,37.7779,2.556e-14,1.834e-14,6.794e-15,0.0008,-97.07,0
BottomS012890,22.5706,37.7700,8.595e-14,6.517e-14,2.659e-14,0.0003,-96.18,1
BottomS012892,22.5580,37.7315,2.411e-18,2.079e-18,1.104e-18,0.0003,-94.12,0
BottomS012893,22.5767,37.7263,1.984e-17,1.452e-17,5.769e-18,0.0003,-93.69,0
BottomS012894,22.5724,37.7480,5.873e-19,5.317e-19,3.162e-19,0.0002,-94.6,0
BottomS012898,22.5700,37.7444,1.064e-18,9.755e-19,5.810e-19,0.0002,-94.56,0
BottomS012900,22.5696,37.7154,3.172e-19,3.001e-19,1.912e-19,-0.0004,-93.47,0
BottomS012901,22.5487,37.7945,3.026e-18,5.643e-18,1.436e-17,-0.0004,-97.44,0
BottomS012905,22.5805,37.7314,1.644e-18,1.462e-18,8.350e-19,-0.0002,-93.52,0
BottomS012908,22.5790,37.7352,3.884e-18,3.383e-18,1.845e-18,-0.0002,-93.56,0
BottomS012909,22.5522,37.7864,1.096e-18,1.812e-18,3.569e-18,0.0004,-97.24,0
BottomS012911,22.5655,37.7949,2.778e-18,7.030e-18,3.438e-17,-0.0002,-97.3,0
BottomS012913,22.5629,37.7781,2.069e-18,4.369e-18,1.411e-17,-0.0004,-97.1,0
BottomS012915,22.5826,37.7274,6.712e-19,5.992e-19,3.531e-19,-0.0002,-93.46,0
BottomS012918,22.5718,37.7373,4.048e-19,6.415e-19,1.260e-18,-0.0009,-93.7,0
BottomS012919,22.5876,37.7279,2.529e-20,3.154e-20,3.574e-20,0.0006,-93.46,0
BottomS012921,22.5775,37.7259,6.376e-19,5.919e-19,3.680e-19,-0.0004,-93.67,0
BottomS012923,22.5627,37.8080,6.928e-20,7.763e-20,7.076e-20,-0.0007,-97.47,0
BottomS012924,22.5627,37.7985,1.260e-14,8.534e-15,2.783e-15,-0.0002,-97.34,0
BottomS012926,22.5837,37.7388,1.472e-20,1.924e-20,2.387e-20,-0.0014,-93.56,0
BottomS012930,22.5646,37.7918,2.900e-18,6.926e-18,2.950e-17,0.0,-97.34,0
BottomS012931,22.5888,37.7311,3.231e-14,2.252e-14,7.948e-15,-0.0003,-93.5,0
BottomS012932,22.5628,37.7892,1.239e-19,1.314e-19,1.035e-19,0.0009,-97.29,0
BottomS012933,22.5682,37.8043,6.621e-19,6.670e-19,4.805e-19,-0.0004,-97.28,0
BottomS012934,22.5585,37.8016,2.514e-19,2.352e-19,1.488e-19,-0.0003,-97.37,0
BottomS012936,22.5626,37.8013,6.574e-19,5.829e-19,3.370e-19,0.0001,-97.39,0
BottomS012937,22.5664,37.8064,2.422e-18,2.034e-18,1.024e-18,-0.0,-97.31,0
BottomS012939,22.5638,37.7922,1.992e-19,2.086e-19,1.643e-19,-0.0003,-97.25,0
BottomS012941,22.5936,37.7155,2.223e-19,2.202e-19,1.552e-19,-0.0,-93.49,0
BottomS012942,22.5473,37.7911,3.030e-20,3.596e-20,3.755e-20,0.0008,-97.46,0
BottomS012944,22.5827,37.7259,3.951e-19,7.143e-19,1.766e-18,0.0003,-93.52,0
BottomS012945,22.5553,37.8147,7.728e-18,6.107e-18,2.697e-18,-0.0004,-97.37,0
BottomS012950,22.5670,37.7986,4.473e-20,5.233e-20,5.295e-20,0.0008,-97.32,0
BottomS012951,22.5609,37.7983,7.308e-19,1.860e-18,9.284e-18,-0.0004,-97.32,0
BottomS012954,22.5579,37.7967,1.100e-18,2.210e-18,6.714e-18,-0.0003,-97.29,0
BottomS012955,22.5516,37.8004,6.569e-19,9.450e-19,1.499e-18,-0.0,-97.47,0
BottomS012957,22.5585,37.8004,1.855e-17,1.352e-17,5.298e-18,0.0002,-97.44,0
BottomS012958,22.5851,37.7202,1.430e-18,1.259e-18,7.292e-19,-0.0005,-93.4,0
BottomS012960,22.5555,37.8086,2.390e-18,2.084e-18,1.103e-18,0.0003,-97.46,0
BottomS012961,22.5880,37.7376,4.056e-19,7.119e-19,1.623e-18,0.0008,-93.51,0
BottomS012963,22.5628,37.7884,2.858e-19,2.871e-19,2.042e-19,0.0004,-97.25,0
BottomS012966,22.5525,37.7936,9.808e-20,1.013e-19,7.756e-20,0.0003,-97.35,0
BottomS012967,22.5933,37.7168,4.897e-20,5.745e-20,5.762e-20,-0.0008,-93.39,0
BottomS012969,22.5870,37.7146,4.485e-20,4.882e-20,4.244e-20,-0.0001,-93.48,0
BottomS012970,22.5490,37.8159,1.844e-19,3.175e-19,6.854e-19,-0.0006,-97.39,0
BottomS012971,22.5786,37.7250,9.110e-19,1.915e-18,6.290e-18,0.0003,-93.54,0
BottomS012973,22.5892,37.7294,2.768e-19,2.711e-19,1.924e-19,0.0005,-93.38,0
BottomS012976,22.5954,37.7251,1.398e-19,1.390e-19,9.734e-20,0.0002,-93.55,0
BottomS012977,22.5930,37.7372,2.948e-20,3.548e-20,3.787e-20,-0.0003,-93.42,0
BottomS012978,22.5909,37.7203,5.791e-20,6.822e-20,6.990e-20,0.0007,-93.51,0
BottomS012979,22.5942,37.7126,6.403e-19,6.181e-19,4.268e-19,-0.0002,-93.48,0
BottomS012980,22.5568,37.8031,9.584e-18,7.667e-18,3.604e-18,-0.0002,-97.42,0
BottomS012982,22.5539,37.8099,3.303e-20,3.724e-20,3.549e-20,-0.0002,-97.36,0
BottomS012983,22.5516,37.8162,2.683e-19,2.690e-19,1.960e-19,0.0004,-97.43,0
BottomS012985,22.5845,37.7270,6.124e-19,5.688e-19,3.467e-19,-0.0002,-93.58,0
BottomS012994,22.5849,37.7024,9.479e-19,1.609e-18,3.407e-18,0.0003,-93.55,0
BottomS012996,22.5793,37.7266,1.370e-18,1.195e-18,6.435e-19,0.0004,-93.5,0
BottomS012997,22.5480,37.8037,6.124e-18,4.945e-18,2.298e-18,0.0009,-97.4,0
BottomS013000,22.5552,37.8167,5.330e-19,5.187e-19,3.508e-19,0.0002,-97.45,0
BottomS013001,22.5498,37.8220,2.293e-14,1.605e-14,5.673e-15,0.0,-97.45,0
BottomS013003,22.5853,37.7017,9.645e-20,1.042e-19,9.073e-20,0.0004,-93.43,0
BottomS013007,22.5479,37.8198,1.906e-19,1.960e-19,1.523e-19,0.0011,-97.47,0
BottomS013011,22.5425,37.8388,4.257e-20,5.012e-20,4.891e-20,0.0009,-97.43,0
BottomS013013,22.5929,37.7173,1.003e-18,8.821e-19,5.048e-19,0.0004,-93.38,0
BottomS013014,22.5505,37.8121,1.678e-18,1.454e-18,7.841e-19,-0.0007,-97.39,0
BottomS013015,22.5944,37.7027,2.824e-18,2.437e-18,1.327e-18,-0.0001,-93.39,0
BottomS013019,22.5988,37.6915,1.028e-14,6.902e-15,2.198e-15,0.0005,-93.45,0
BottomS013020,22.5924,37.7074,9.909e-19,1.860e-18,5.155e-18,0.0001,-93.38,0
BottomS013022,22.5476,37.8252,1.329e-20,1.652e-20,1.811e-20,0.0004,-97.48,0
BottomS013023,22.5385,37.8332,2.095e-18,1.711e-18,8.261e-19,0.0001,-97.46,0
BottomS013025,22.5951,37.7088,3.377e-19,3.585e-19,2.880e-19,-0.0001,-93.4,0
BottomS013026,22.5423,37.8264,1.286e-19,1.388e-19,1.175e-19,0.0008,-97.44,0
BottomS013027,22.5523,37.8414,1.168e-20,1.512e-20,1.877e-20,-0.0,-97.44,0
BottomS013028,22.5485,37.8182,1.095e-19,1.162e-19,9.335e-20,0.0,-97.45,0
BottomS013031,22.5473,37.8270,5.929e-14,4.457e-14,1.805e-14,-0.0,-97.44,0
BottomS013032,22.5421,37.8271,1.565e-14,1.011e-14,3.014e-15,0.0002,-97.55,0
BottomS013033,22.5448,37.8293,6.670e-19,1.025e-18,1.816e-18,-0.0002,-97.5,0
BottomS013035,22.6079,37.6824,1.397e-18,1.187e-18,6.313e-19,0.0006,-93.44,0
BottomS013036,22.5474,37.8214,1.324e-20,1.789e-20,2.362e-20,0.0005,-97.44,0
BottomS013037,22.5976,37.6852,1.527e-20,1.977e-20,2.312e-20,0.0003,-93.42,0
BottomS013039,22.5999,37.7042,1.906e-14,1.295e-14,4.398e-15,0.0009,-93.47,0
BottomS013040,22.5418,37.8364,2.932e-19,2.868e-19,2.040e-19,0.0002,-97.48,0
BottomS013041,22.5378,37.8399,2.530e-17,2.010e-17,9.070e-18,0.0009,-97.44,1
BottomS013043,22.5481,37.8180,6.373e-19,1.252e-18,3.610e-18,-0.0005,-97.43,0
BottomS013045,22.5442,37.8300,3.375e-19,3.301e-19,2.308e-19,0.0008,-97.43,0
BottomS013046,22.5986,37.6781,3.386e-20,4.133e-20,4.558e-20,-0.0001,-93.4,0
BottomS013049,22.6012,37.6932,3.850e-14,4.155e-14,3.642e-14,0.0001,-93.41,0
BottomS013051,22.6039,37.6664,4.047e-20,4.571e-20,4.354e-20,0.0003,-93.39,0
BottomS013052,22.5454,37.8350,5.126e-20,5.620e-20,4.861e-20,-0.0001,-97.51,0
BottomS013054,22.6002,37.6842,1.739e-19,3.027e-19,6.814e-19,0.0,-93.49,0
BottomS013055,22.6041,37.6830,1.353e-20,1.829e-20,2.538e-20,0.0002,-93.43,0
BottomS013056,22.5511,37.8426,8.728e-19,7.736e-19,4.378e-19,-0.0002,-97.48,0
BottomS013057,22.5338,37.8294,2.249e-20,2.859e-20,3.328e-20,-0.0003,-97.49,0
BottomS013059,22.6088,37.6851,1.558e-20,2.153e-20,2.930e-20,-0.0004,-93.36,0
BottomS013060,22.5273,37.8537,1.371e-17,1.060e-17,4.625e-18,-0.001,-97.53,1
BottomS013061,22.6089,37.6724,5.150e-19,7.905e-19,1.420e-18,-0.0003,-93.35,0
BottomS013062,22.6034,37.6708,7.259e-19,1.534e-18,5.020e-18,0.0002,-93.37,0
BottomS013064,22.6076,37.6961,3.865e-19,3.630e-19,2.341e-19,0.0008,-93.41,0
BottomS013065,22.6093,37.6674,1.395e-19,1.467e-19,1.200e-19,-0.0005,-93.35,0
BottomS013066,22.5350,37.8505,4.921e-19,8.263e-19,1.750e-18,0.0002,-97.48,0
BottomS013067,22.5377,37.8446,7.744e-19,7.098e-19,4.163e-19,0.0004,-97.49,0
BottomS013070,22.6080,37.6713,4.646e-19,9.176e-19,2.589e-18,0.0002,-93.41,0
BottomS013071,22.5354,37.8604,2.197e-19,2.226e-19,1.607e-19,-0.0001,-97.54,0
BottomS013073,22.6019,37.6749,2.865e-18,5.767e-18,1.724e-17,0.0002,-93.41,0
BottomS013074,22.5711,37.7631,3.673e-18,3.000e-18,1.428e-18,0.0006,-99.72,0
BottomS013075,22.5712,37.7629,3.835e-16,2.659e-16,9.231e-17,-0.0009,-89.23,0
BottomS013076,22.5712,37.7629,3.692e-17,2.759e-17,1.077e-17,-0.0002,-94.18,0
BottomS013077,22.5712,37.7629,1.105e-18,9.732e-19,5.526e-19,-0.0004,-92.68,0
BottomS013078,22.5710,37.7630,2.281e-17,1.716e-17,7.216e-18,-0.0004,-100.43,1
BottomS013079,22.6048,37.6724,2.533e-18,2.136e-18,1.095e-18,-0.0002,-93.38,0
BottomS013080,22.6067,37.6679,4.880e-18,4.011e-18,1.974e-18,0.0002,-93.39,0
BottomS013081,22.6085,37.6661,1.851e-20,2.278e-20,2.469e-20,0.0013,-93.37,0
BottomS013082,22.5360,37.8561,4.491e-14,3.288e-14,1.323e-14,0.0001,-97.5,0
BottomS013083,22.6070,37.6724,3.543e-17,2.694e-17,1.132e-17,0.0009,-93.38,0
BottomS013084,22.6083,37.6662,5.277e-18,4.258e-18,1.945e-18,0.0002,-93.32,0
BottomS013085,22.5349,37.8543,4.797e-18,3.931e-18,1.882e-18,-0.0003,-97.51,0
BottomS013086,22.5322,37.8585,2.055e-14,2.014e-14,1.423e-14,-0.0001,-97.55,1
BottomS013087,22.5333,37.8593,2.957e-14,2.065e-14,7.411e-15,-0.0006,-97.54,0
BottomS013088,22.5347,37.8547,2.659e-17,1.970e-17,7.590e-18,0.0008,-97.49,0
BottomS013089,22.6098,37.6760,8.643e-17,6.012e-17,2.079e-17,-0.0004,-93.36,0
BottomS013090,22.6132,37.6661,1.271e-16,8.587e-17,2.867e-17,0.0004,-93.3,0
BottomS013091,22.5327,37.8568,1.012e-17,8.105e-18,3.703e-18,-0.0001,-97.55,1
BottomS013092,22.6112,37.6713,1.323e-16,9.104e-17,3.156e-17,-0.0002,-93.32,0
BottomS013093,22.5314,37.8571,4.941e-20,5.315e-20,4.448e-20,0.0006,-97.53,0
BottomS013094,22.5263,37.8626,6.408e-19,1.326e-18,4.441e-18,-0.0001,-97.55,0
BottomS013095,22.5322,37.8452,4.137e-17,2.987e-17,1.135e-17,0.0011,-97.48,0
BottomS013096,22.6125,37.6701,1.498e-17,1.152e-17,5.115e-18,-0.0,-93.35,1
BottomS013097,22.6133,37.6680,2.058e-17,1.776e-17,9.437e-18,0.0005,-93.33,0
BottomS013098,22.5250,37.8613,1.209e-18,1.603e-18,2.128e-18,0.0005,-97.56,0
BottomS013099,22.6154,37.6680,5.469e-17,3.984e-17,1.505e-17,0.0005,-93.34,0
BottomS013100,22.5253,37.8616,1.387e-16,9.900e-17,3.569e-17,0.0,-97.55,0
BottomS013101,22.5274,37.8520,1.576e-18,2.628e-18,5.699e-18,0.0,-97.5,0
BottomS013102,22.5272,37.8511,3.091e-18,5.828e-18,1.583e-17,0.0005,-97.49,0
BottomS013103,22.6171,37.6694,1.565e-17,1.220e-17,5.205e-18,-0.0003,-93.34,1
BottomS013104,22.6186,37.6682,3.676e-18,3.073e-18,1.577e-18,0.0009,-93.3,0
BottomS013105,22.6203,37.6685,2.014e-17,1.498e-17,5.919e-18,0.0,-93.34,0
BottomS013106,22.5246,37.8534,2.658e-20,3.262e-20,3.581e-20,0.0004,-97.44,0
BottomS013107,22.5213,37.8586,2.446e-17,1.849e-17,7.413e-18,-0.0004,-97.51,0
BottomS013108,22.6222,37.6673,9.651e-19,1.791e-18,4.666e-18,0.0002,-93.38,0
BottomS013109,22.5222,37.8562,1.836e-17,1.426e-17,6.328e-18,-0.0004,-97.44,1
BottomS013110,22.6209,37.6721,4.278e-18,3.510e-18,1.698e-18,0.0003,-93.45,0
BottomS013111,22.6213,37.6749,6.419e-19,5.933e-19,3.680e-19,-0.0001,-93.46,0
BottomS013112,22.5200,37.8529,3.810e-14,3.023e-14,1.358e-14,0.0005,-97.41,1
BottomS013113,22.5226,37.8487,1.651e-18,1.530e-18,9.275e-19,0.0001,-97.41,0
BottomS013114,22.5218,37.8450,1.413e-18,2.657e-18,6.842e-18,0.0001,-97.27,0
BottomS013115,22.5208,37.8461,6.864e-14,6.063e-14,3.374e-14,0.0001,-97.3,1
BottomS013116,22.6234,37.6769,2.598e-17,1.901e-17,7.412e-18,0.0001,-93.54,0
BottomS013117,22.5218,37.8396,1.975e-14,1.507e-14,6.168e-15,-0.0,-97.23,1
BottomS013118,22.5206,37.8464,1.151e-16,8.117e-17,2.937e-17,-0.0011,-97.25,0
BottomS013119,22.6237,37.6807,1.309e-16,9.487e-17,3.450e-17,0.0008,-93.59,0
BottomS013120,22.6243,37.6789,2.988e-16,2.081e-16,7.191e-17,0.0005,-93.64,0
BottomS013121,22.5206,37.8391,1.091e-18,2.678e-18,1.264e-17,-0.0005,-97.13,0
BottomS013122,22.5182,37.8403,1.541e-18,1.371e-18,7.755e-19,0.0004,-97.17,0
BottomS013123,22.5206,37.8358,1.093e-18,1.711e-18,3.014e-18,-0.0006,-97.11,0
BottomS013124,22.5208,37.8344,8.207e-20,8.585e-20,7.090e-20,0.0005,-97.05,0
BottomS013125,22.6228,37.6932,3.140e-17,2.340e-17,9.318e-18,0.0002,-93.89,0
BottomS013126,22.5208,37.8271,1.112e-18,9.727e-19,5.330e-19,-0.0001,-96.89,0
BottomS013127,22.6212,37.6946,8.228e-18,6.658e-18,3.102e-18,-0.0,-93.87,0
BottomS013128,22.6221,37.6943,6.864e-19,1.449e-18,4.853e-18,-0.0011,-93.88,0
BottomS013129,22.5229,37.8210,1.220e-20,1.607e-20,2.009e-20,0.0001,-96.8,0
BottomS013130,22.6206,37.7006,4.851e-14,3.392e-14,1.204e-14,-0.0005,-94.05,0
BottomS013131,22.6177,37.7054,2.868e-18,2.414e-18,1.208e-18,0.0008,-94.03,0
BottomS013132,22.6216,37.7110,2.970e-17,2.171e-17,8.335e-18,0.0007,-94.22,0
BottomS013133,22.5259,37.8113,3.104e-17,2.196e-17,8.024e-18,-0.0,-96.71,0
BottomS013134,22.6216,37.7128,1.127e-17,8.594e-18,3.510e-18,-0.0006,-94.26,1
BottomS013135,22.6200,37.7154,1.508e-18,1.309e-18,7.083e-19,-0.0,-94.23,0
BottomS013136,22.5285,37.8032,3.192e-16,2.145e-16,7.136e-17,-0.0004,-96.48,0
BottomS013137,22.6185,37.7265,1.978e-17,1.430e-17,5.444e-18,0.0002,-94.45,0
BottomS013138,22.6141,37.7287,4.753e-19,4.266e-19,2.506e-19,-0.0003,-94.47,0
BottomS013139,22.5255,37.7962,1.856e-18,1.553e-18,7.890e-19,-0.0001,-96.39,0
BottomS013140,22.6144,37.7352,4.129e-17,2.976e-17,1.144e-17,-0.0002,-94.61,0
BottomS013141,22.5288,37.7887,1.053e-17,8.069e-18,3.458e-18,0.0002,-96.18,1
BottomS013142,22.5287,37.7839,7.067e-18,5.573e-18,2.503e-18,0.0005,-96.12,1
BottomS013143,22.5306,37.7798,1.659e-18,2.760e-18,5.640e-18,0.0013,-96.12,0
BottomS013144,22.6091,37.7510,7.289e-19,6.652e-19,4.057e-19,0.0003,-94.89,0
BottomS013145,22.6069,37.7531,2.348e-18,1.982e-18,1.040e-18,-0.0,-94.9,0
BottomS013146,22.5363,37.7678,6.971e-19,1.056e-18,1.768e-18,0.0001,-95.9,0
BottomS013147,22.5369,37.7639,5.043e-17,3.548e-17,1.299e-17,0.0005,-95.8,0
BottomS013148,22.5390,37.7579,5.116e-17,3.687e-17,1.351e-17,0.0002,-95.67,0
BottomS013150,22.5427,37.7518,2.783e-17,2.067e-17,8.336e-18,0.0003,-95.59,0
BottomS013152,22.5419,37.7417,1.706e-19,1.762e-19,1.404e-19,0.0002,-95.43,0
BottomS013153,22.5924,37.7852,6.652e-17,4.830e-17,1.919e-17,0.0004,-95.5,0
BottomS013154,22.5939,37.7950,2.284e-19,2.377e-19,1.823e-19,0.0001,-95.61,0
BottomS013155,22.5895,37.8005,4.269e-18,3.562e-18,1.737e-18,-0.0006,-95.75,0
BottomS013156,22.5886,37.8026,9.222e-19,2.069e-18,7.930e-18,0.0003,-95.77,0
BottomS013157,22.5547,37.7153,1.083e-16,7.621e-17,2.761e-17,-0.0003,-94.96,0
BottomS013158,22.5876,37.8132,3.539e-16,2.484e-16,8.907e-17,-0.0002,-95.85,0
BottomS013159,22.5841,37.8193,9.111e-19,8.347e-19,5.020e-19,0.0003,-96.0,0
BottomS013160,22.5623,37.7027,1.127e-18,1.020e-18,6.198e-19,0.0006,-94.81,0
BottomS013161,22.5638,37.6916,4.527e-17,3.338e-17,1.365e-17,0.0006,-94.67,0
BottomS013162,22.5334,37.8579,3.138e-19,3.061e-19,2.145e-19,-0.0004,-97.54,0
BottomS013163,22.5338,37.8497,1.918e-18,1.633e-18,8.426e-19,-0.0001,-97.53,0
BottomS013164,22.6098,37.6786,5.921e-20,7.044e-20,6.968e-20,0.0007,-93.35,0
BottomS013165,22.6069,37.6850,2.091e-18,1.784e-18,9.471e-19,-0.0009,-93.4,0
BottomS013166,22.5370,37.8462,5.605e-18,4.266e-18,1.837e-18,-0.0002,-97.54,0
BottomS013168,22.5280,37.8582,1.603e-20,1.935e-20,2.115e-20,0.0001,-97.55,0
BottomS013169,22.6122,37.6697,1.124e-20,1.495e-20,1.937e-20,0.0012,-93.35,0
BottomS013171,22.5324,37.8437,2.186e-18,1.849e-18,9.304e-19,0.0006,-97.46,0
BottomS013172,22.5303,37.8537,1.107e-18,1.670e-18,2.866e-18,-0.0007,-97.51,0
BottomS013173,22.6197,37.6685,7.051e-17,5.076e-17,1.910e-17,0.0004,-93.34,0
BottomS013176,22.6205,37.6681,8.275e-19,1.464e-18,3.599e-18,0.0005,-93.34,0
BottomS013178,22.6142,37.6823,1.387e-18,1.231e-18,7.197e-19,0.0006,-93.48,0
BottomS013180,22.5238,37.8546,6.007e-19,5.756e-19,3.922e-19,0.0001,-97.41,0
BottomS013181,22.5263,37.8441,5.838e-19,5.541e-19,3.723e-19,0.0003,-97.4,0
BottomS013182,22.6206,37.6751,1.689e-18,1.538e-18,9.129e-19,-0.0012,-93.42,0
BottomS013183,22.5251,37.8488,2.008e-20,2.594e-20,3.016e-20,0.0004,-97.43,0
BottomS013184,22.6171,37.6734,3.207e-19,3.083e-19,2.064e-19,-0.0013,-93.42,0
BottomS013186,22.6161,37.6847,2.137e-19,2.189e-19,1.717e-19,0.0008,-93.57,0
BottomS013188,22.5159,37.8526,1.071e-19,1.176e-19,1.057e-19,-0.0001,-97.46,0
BottomS013189,22.6138,37.6864,3.899e-17,2.930e-17,1.188e-17,0.0007,-93.63,0
BottomS013190,22.5210,37.8452,2.852e-18,2.310e-18,1.094e-18,-0.0007,-97.4,0
BottomS013195,22.5216,37.8346,3.785e-14,2.739e-14,1.051e-14,0.0005,-97.17,0
BottomS013196,22.5238,37.8326,1.867e-18,1.713e-18,1.006e-18,-0.0003,-97.11,0
BottomS013197,22.5220,37.8348,1.017e-19,1.127e-19,1.018e-19,0.0005,-97.16,0
BottomS013199,22.6140,37.7041,2.908e-17,2.193e-17,8.935e-18,-0.0004,-93.97,0
BottomS013200,22.6252,37.6942,2.513e-18,6.187e-18,2.929e-17,0.0008,-93.76,0
BottomS013202,22.5218,37.8278,3.828e-18,3.201e-18,1.594e-18,0.0004,-96.98,0
BottomS013203,22.5252,37.8168,1.044e-18,1.962e-18,5.218e-18,0.0001,-96.86,0
BottomS013204,22.6171,37.7059,2.598e-18,2.185e-18,1.143e-18,0.0003,-94.0,0
BottomS013205,22.6138,37.7117,1.080e-18,2.334e-18,8.193e-18,-0.0003,-94.12,0
BottomS013206,22.5256,37.8201,8.765e-15,5.943e-15,1.967e-15,-0.0009,-96.85,0
BottomS013208,22.6204,37.7121,3.146e-18,2.632e-18,1.389e-18,0.0006,-94.2,0
BottomS013209,22.5262,37.8024,1.254e-20,1.595e-20,1.866e-20,0.0005,-96.58,0
BottomS013210,22.6226,37.7195,5.716e-19,5.385e-19,3.433e-19,-0.0001,-94.32,0
BottomS013211,22.6134,37.7254,9.124e-20,9.904e-20,8.470e-20,0.0012,-94.39,0
BottomS013212,22.6142,37.7256,4.703e-20,5.506e-20,5.725e-20,0.0003,-94.38,0
BottomS013213,22.5277,37.7963,3.344e-19,5.652e-19,1.168e-18,0.0008,-96.29,0
BottomS013214,22.6174,37.7320,3.105e-19,2.958e-19,1.931e-19,-0.0005,-94.57,0
BottomS013215,22.6160,37.7324,1.393e-20,1.711e-20,1.933e-20,-0.0006,-94.51,0
BottomS013216,22.5238,37.7901,3.086e-18,2.515e-18,1.201e-18,-0.0001,-96.26,0
BottomS013217,22.5323,37.7914,4.821e-19,4.534e-19,2.871e-19,0.0011,-96.31,0
BottomS013220,22.5328,37.7793,3.948e-18,3.204e-18,1.488e-18,-0.0007,-96.04,0
BottomS013221,22.6107,37.7492,5.858e-18,4.724e-18,2.265e-18,0.0004,-94.86,0
BottomS013222,22.6074,37.7517,3.637e-20,4.157e-20,4.018e-20,0.0001,-94.87,0
BottomS013225,22.6016,37.7647,4.865e-19,8.601e-19,1.957e-18,0.0001,-95.15,0
BottomS013228,22.6025,37.7807,3.736e-19,3.778e-19,2.787e-19,-0.0003,-95.35,0
BottomS013229,22.5935,37.7794,4.018e-19,3.870e-19,2.576e-19,0.0003,-95.42,0
BottomS013231,22.6004,37.7920,3.055e-17,2.343e-17,9.714e-18,0.0006,-95.5,1
BottomS013232,22.5467,37.7308,1.067e-20,1.370e-20,1.660e-20,0.0002,-95.27,0
BottomS013233,22.5880,37.7999,5.872e-19,8.417e-19,1.232e-18,-0.0007,-95.73,0
BottomS013234,22.5589,37.7254,2.765e-18,5.446e-18,1.589e-17,-0.0005,-95.08,0
BottomS013235,22.5857,37.8127,9.565e-19,1.665e-18,3.788e-18,-0.0001,-95.93,0
BottomS013236,22.5836,37.8189,2.731e-17,2.039e-17,8.327e-18,-0.0003,-96.0,0
BottomS013238,22.5763,37.8244,4.391e-19,8.151e-19,2.185e-18,0.0005,-96.11,0
BottomS013240,22.5784,37.8216,5.714e-19,9.355e-19,1.789e-18,-0.0003,-96.11,0
BottomS013241,22.5648,37.8416,5.972e-20,7.099e-20,7.164e-20,0.0003,-96.6,0
BottomS013242,22.5673,37.6839,6.169e-19,1.010e-18,1.961e-18,0.0001,-94.57,0
BottomS013243,22.5701,37.8418,1.006e-18,8.504e-19,4.313e-19,-0.0006,-96.42,0
BottomS084815,-7.8441,12.5622,2.990e-20,3.699e-20,4.130e-20,0.0,-122.59,0
BottomS084827,-7.7965,12.5805,2.746e-19,2.895e-19,2.305e-19,0.0011,-122.08,0
BottomS084832,-7.7751,12.5951,6.132e-20,7.073e-20,7.031e-20,-0.0002,-120.22,0
BottomS084833,-7.8493,12.5642,1.659e-20,2.111e-20,2.615e-20,0.0004,-122.67,0
BottomS084835,-7.7892,12.5777,1.474e-20,1.936e-20,2.338e-20,-0.0006,-121.72,0
BottomS084837,-7.8760,12.5558,2.416e-20,3.000e-20,3.342e-20,0.0001,-122.67,0
BottomS084841,-7.7774,12.5877,2.410e-19,2.474e-19,1.848e-19,0.0001,-121.33,0
BottomS084846,-7.7759,12.5956,1.030e-20,1.396e-20,1.857e-20,0.0004,-120.28,0
BottomS084850,-7.7685,12.5822,1.106e-19,1.233e-19,1.085e-19,-0.0004,-120.05,0
BottomS084860,-7.7609,12.5866,2.123e-20,2.708e-20,3.155e-20,0.0008,-119.69,0
BottomS084869,-7.8197,12.5808,1.864e-14,1.255e-14,4.228e-15,0.0004,-122.52,0
BottomS084870,-7.7779,12.5781,5.398e-19,9.723e-19,2.389e-18,-0.0004,-121.13,0
BottomS084873,-7.8193,12.6091,3.658e-19,3.639e-19,2.612e-19,0.0004,-121.23,0
BottomS084874,-7.8115,12.5601,1.108e-18,1.021e-18,6.181e-19,0.0001,-122.31,0
BottomS084875,-7.7951,12.5769,1.029e-18,1.739e-18,3.822e-18,0.0003,-122.11,0
BottomS084877,-7.7495,12.6142,3.167e-20,3.809e-20,4.139e-20,0.0005,-118.77,0
BottomS084884,-7.6863,12.6593,2.604e-18,2.274e-18,1.200e-18,-0.0009,-118.3,0
BottomS084885,-7.7422,12.6341,1.818e-18,4.019e-18,1.531e-17,0.0003,-119.03,0
BottomS084886,-7.7926,12.5773,1.072e-18,9.502e-19,5.320e-19,0.0002,-122.04,0
BottomS084891,-7.7716,12.5798,1.756e-15,3.008e-15,6.446e-15,-0.0011,-120.55,0
BottomS084899,-7.6677,12.6437,6.684e-20,7.472e-20,6.786e-20,-0.0002,-117.97,0
BottomS084900,-7.7009,12.5885,8.672e-14,6.795e-14,2.991e-14,0.0002,-118.57,1
BottomS084902,-7.7953,12.5434,6.538e-18,5.311e-18,2.525e-18,0.0007,-121.3,0
BottomS084906,-7.7920,12.5703,1.057e-19,1.192e-19,1.133e-19,0.0007,-121.85,0
BottomS084910,-7.7893,12.6124,2.734e-20,3.336e-20,3.708e-20,0.0006,-120.54,0
BottomS084916,-7.7757,12.5838,7.766e-19,7.136e-19,4.362e-19,0.0003,-121.73,0
BottomS084919,-7.7576,12.6047,7.315e-20,8.260e-20,7.751e-20,-0.0001,-118.62,0
BottomS084920,-7.7996,12.5767,1.179e-18,1.846e-18,3.267e-18,0.0002,-122.25,0
BottomS084922,-7.7952,12.5816,7.676e-19,7.236e-19,4.640e-19,-0.0007,-122.03,0
BottomS084924,-7.7109,12.5895,6.437e-20,7.535e-20,7.468e-20,-0.0006,-118.5,0
BottomS084926,-7.7556,12.6210,3.918e-20,4.666e-20,4.879e-20,-0.0004,-118.97,0
BottomS084927,-7.7851,12.5807,1.032e-20,1.395e-20,1.859e-20,0.0007,-121.81,0
BottomS084933,-7.9499,12.5324,5.896e-14,5.869e-14,4.264e-14,-0.0002,-122.61,1
BottomS084941,-7.7738,12.6191,2.133e-19,2.176e-19,1.643e-19,0.0003,-119.79,0
BottomS084942,-7.8196,12.5579,1.439e-19,1.639e-19,1.475e-19,-0.0004,-122.52,0
BottomS084944,-7.7717,12.5720,3.036e-20,3.652e-20,3.909e-20,0.0007,-120.62,0
BottomS084950,-7.7712,12.5886,2.396e-20,2.878e-20,2.905e-20,-0.0005,-119.45,0
BottomS084953,-7.7466,12.5821,2.518e-20,3.162e-20,3.714e-20,-0.0002,-118.93,0
BottomS084956,-7.7441,12.6128,1.025e-20,1.314e-20,1.578e-20,0.0003,-118.81,0
BottomS084959,-7.7319,12.6565,6.628e-20,7.321e-20,6.644e-20,0.0006,-119.05,0
BottomS084967,-7.7963,12.5821,6.321e-19,5.778e-19,3.562e-19,0.0009,-122.16,0
BottomS084968,-7.8225,12.5854,4.477e-19,4.306e-19,2.867e-19,-0.0001,-122.34,0
BottomS084971,-7.7436,12.5647,4.576e-14,3.202e-14,1.148e-14,-0.0003,-119.87,0
BottomS084972,-7.6813,12.6014,3.835e-18,5.421e-18,7.737e-18,0.0004,-118.32,0
BottomS084978,-7.7842,12.5959,1.533e-20,1.932e-20,2.196e-20,0.0005,-120.99,0
BottomS084980,-7.7800,12.5898,6.502e-20,7.237e-20,6.473e-20,0.0001,-121.41,0
BottomS084981,-7.7668,12.6483,7.079e-20,8.020e-20,7.508e-20,0.0006,-119.83,0
BottomS084982,-7.8451,12.5267,3.855e-20,4.683e-20,5.017e-20,-0.0001,-122.17,0
BottomS084983,-7.7697,12.5868,1.041e-19,1.198e-19,1.124e-19,-0.0005,-118.99,0
BottomS084985,-7.7503,12.6104,5.110e-19,8.239e-19,1.664e-18,-0.0008,-118.5,0
BottomS084988,-7.7978,12.5163,1.964e-19,2.177e-19,1.876e-19,0.0005,-121.21,0
BottomS084996,-7.7600,12.6108,2.488e-18,4.276e-18,9.362e-18,-0.0003,-119.25,0
BottomS085003,-7.7794,12.6097,2.436e-15,1.616e-15,5.187e-16,-0.0005,-120.16,0
BottomS085008,-7.8234,12.6367,2.409e-18,2.121e-18,1.148e-18,0.0002,-120.88,0
BottomS085012,-7.7720,12.6001,2.109e-18,3.255e-18,5.667e-18,-0.0005,-119.83,0
BottomS085015,-7.7540,12.5327,1.519e-19,1.590e-19,1.284e-19,0.0005,-120.33,0
BottomS085019,-7.7839,12.5841,1.612e-20,2.149e-20,2.796e-20,0.0003,-121.71,0
BottomS085020,-7.7644,12.5829,3.720e-19,3.735e-19,2.705e-19,-0.0002,-119.9,0
BottomS085022,-7.8595,12.5550,5.200e-19,5.220e-19,3.859e-19,0.0008,-122.72,0
BottomS085030,-7.7837,12.5909,1.729e-18,2.562e-18,4.296e-18,0.0006,-121.53,0
BottomS085032,-7.7582,12.5875,7.551e-20,7.746e-20,6.034e-20,-0.0001,-119.34,0
BottomS085034,-7.7761,12.5550,4.103e-14,3.010e-14,1.198e-14,-0.0001,-120.84,0
BottomS085035,-7.7764,12.5467,6.582e-19,6.231e-19,4.028e-19,0.0002,-120.85,0
BottomS085040,-7.7446,12.5906,1.319e-20,1.797e-20,2.379e-20,0.0008,-118.67,0
BottomS085050,-7.7836,12.5562,3.402e-19,3.346e-19,2.437e-19,-0.0013,-121.01,0
BottomS085053,-7.7645,12.6201,1.421e-18,2.473e-18,5.616e-18,-0.0001,-119.58,0
BottomS085057,-7.7352,12.6108,6.715e-20,7.588e-20,6.837e-20,0.0001,-118.31,0
BottomS085059,-7.7764,12.5863,3.542e-19,3.460e-19,2.356e-19,0.0004,-120.87,0
BottomS085062,-7.8758,12.6139,1.602e-20,2.049e-20,2.374e-20,-0.0001,-121.72,0
BottomS085065,-7.7770,12.5943,2.456e-18,4.102e-18,8.614e-18,-0.0004,-120.48,0
BottomS085073,-7.8098,12.5978,2.137e-14,1.421e-14,4.706e-15,-0.0008,-121.41,0
BottomS085079,-7.7878,12.6010,3.847e-18,3.227e-18,1.612e-18,-0.0003,-120.94,0
BottomS085083,-8.0036,12.5430,1.032e-15,3.626e-15,3.545e-14,-0.0008,-122.75,0
BottomS085085,-7.7919,12.5603,4.400e-19,4.093e-19,2.570e-19,-0.0001,-121.42,0
BottomS085087,-7.7539,12.6002,1.430e-20,1.792e-20,2.119e-20,-0.0004,-118.61,0
BottomS085092,-7.7602,12.5784,1.695e-20,2.135e-20,2.483e-20,0.0007,-119.89,0
BottomS085093,-7.7198,12.6658,5.371e-18,4.366e-18,2.011e-18,-0.0005,-118.85,0
BottomS085097,-7.7626,12.6302,5.538e-20,6.234e-20,5.791e-20,0.0004,-119.55,0
BottomS085101,-7.7726,12.5856,1.235e-18,1.113e-18,6.491e-19,-0.0003,-120.68,0
BottomS085102,-7.8087,12.5710,5.756e-19,1.164e-18,3.532e-18,0.0001,-122.29,0
BottomS085105,-7.8053,12.5845,3.182e-20,4.061e-20,4.938e-20,-0.0002,-122.22,0
BottomS085106,-7.7648,12.6022,3.202e-20,3.917e-20,4.283e-20,0.0005,-119.35,0
BottomS085108,-7.7749,12.5973,1.064e-20,1.487e-20,2.144e-20,0.0001,-120.09,0
BottomS085115,-7.7702,12.5922,1.687e-19,1.869e-19,1.722e-19,-0.0,-119.54,0
BottomS085118,-7.8535,12.5866,3.524e-20,4.072e-20,4.048e-20,-0.0,-122.36,0
BottomS085124,-7.7775,12.5966,4.087e-19,3.950e-19,2.626e-19,0.001,-120.54,0
BottomS085129,-7.7542,12.6173,1.147e-18,9.644e-19,4.948e-19,0.0002,-119.06,0
BottomS085133,-7.7787,12.5815,1.681e-18,2.713e-18,5.255e-18,0.0007,-121.31,0
BottomS085137,-7.7737,12.5392,6.888e-20,7.991e-20,7.851e-20,-0.0004,-120.7,0
BottomS085138,-7.7539,12.5909,1.130e-18,1.066e-18,6.935e-19,-0.0009,-118.91,0
BottomS085140,-7.7814,12.6055,3.859e-19,4.135e-19,3.431e-19,-0.0004,-120.42,0
BottomS085141,-7.6755,12.6172,1.814e-19,1.924e-19,1.579e-19,-0.0001,-118.03,0
BottomS085143,-7.7567,12.5741,3.868e-20,4.573e-20,4.724e-20,0.0004,-119.86,0
BottomS085149,-7.7724,12.5873,1.628e-19,1.766e-19,1.446e-19,-0.0002,-120.12,0
BottomS085150,-7.7927,12.5991,2.560e-19,2.665e-19,2.065e-19,0.0004,-121.22,0
BottomS085152,-7.7560,12.5791,4.437e-19,6.641e-19,1.078e-18,0.0005,-119.53,0
BottomS085153,-7.7613,12.6019,4.883e-18,4.082e-18,2.043e-18,0.0005,-119.19,0
BottomS085156,-7.7836,12.6137,8.702e-19,7.481e-19,4.088e-19,0.0004,-120.31,0
BottomS085158,-7.7776,12.5801,6.986e-18,5.733e-18,2.864e-18,0.0,-120.89,0
BottomS085165,-7.8073,12.5813,3.924e-19,7.247e-19,1.843e-18,0.0006,-122.39,0
BottomS085168,-7.7693,12.5838,5.514e-15,7.202e-15,9.280e-15,-0.0001,-120.17,0
BottomS085172,-7.7695,12.5874,9.325e-19,1.405e-18,2.403e-18,-0.0005,-119.88,0
BottomS085182,-7.8381,12.5612,8.869e-15,5.950e-15,1.905e-15,-0.0009,-122.66,0
BottomS085196,-7.9046,12.6002,1.237e-20,1.688e-20,2.242e-20,-0.0003,-122.0,0
BottomS085201,-7.7495,12.5858,6.192e-20,7.222e-20,7.002e-20,-0.0004,-118.94,0
BottomS085204,-7.7761,12.5882,1.533e-20,2.084e-20,2.862e-20,0.0003,-120.78,0
BottomS085208,-7.7738,12.5879,7.560e-18,5.995e-18,2.630e-18,0.0009,-120.6,1
BottomS085220,-7.7452,12.5958,6.627e-19,6.404e-19,4.195e-19,0.0004,-118.39,0
BottomS085241,-7.7124,12.5340,1.094e-18,2.337e-18,7.885e-18,-0.0003,-119.72,0
BottomS085243,-7.7195,12.5909,6.271e-18,1.541e-17,7.212e-17,0.0005,-118.59,0
BottomS085245,-7.7870,12.6135,4.147e-14,2.921e-14,1.076e-14,0.0004,-120.49,0
BottomS085247,-7.7173,12.6611,6.970e-19,6.394e-19,3.967e-19,-0.0009,-118.96,0
BottomS085251,-7.7810,12.5841,3.842e-14,2.689e-14,9.530e-15,0.0005,-121.72,0
BottomS085254,-7.7646,12.5807,1.635e-20,2.015e-20,2.247e-20,0.0002,-119.92,0
BottomS085257,-7.8013,12.5546,1.805e-20,2.206e-20,2.368e-20,-0.0004,-121.67,0
BottomS085261,-7.7772,12.6085,1.140e-18,9.759e-19,5.245e-19,-0.0005,-120.22,0
BottomS085262,-7.7469,12.6171,1.339e-18,1.197e-18,7.103e-19,-0.0002,-118.77,0
BottomS085268,-7.7825,12.5901,3.151e-18,2.628e-18,1.324e-18,-0.0007,-121.78,0
BottomS085269,-7.7995,12.5558,6.867e-20,7.650e-20,6.792e-20,0.0008,-121.79,0
BottomS085271,-7.7075,12.6535,1.857e-19,1.947e-19,1.554e-19,-0.0007,-118.68,0
BottomS085272,-7.7901,12.6220,3.551e-20,4.523e-20,5.286e-20,0.0002,-120.38,0
BottomS085273,-7.8059,12.5783,1.048e-19,1.076e-19,8.115e-20,-0.0,-122.43,0
BottomS085278,-7.7728,12.5842,3.131e-20,3.669e-20,3.817e-20,0.0005,-120.5,0
BottomS085281,-7.7969,12.5736,8.769e-20,9.517e-20,8.162e-20,-0.0001,-122.21,0
BottomS085282,-7.7679,12.5861,1.006e-13,8.112e-14,3.827e-14,-0.0001,-119.56,1
BottomS085285,-7.7642,12.5981,1.606e-20,2.102e-20,2.667e-20,-0.0002,-118.98,0
BottomS085286,-7.7945,12.5826,1.668e-20,2.122e-20,2.434e-20,0.0,-122.16,0
BottomS085288,-7.7731,12.5998,4.673e-20,5.392e-20,5.412e-20,0.0004,-119.91,0
BottomS085291,-7.7017,12.5767,2.749e-20,3.473e-20,4.054e-20,0.0003,-119.15,0
BottomS085311,-7.8304,12.6450,4.615e-20,5.674e-20,6.014e-20,-0.0001,-120.75,0
BottomS085314,-7.7645,12.5353,1.453e-20,1.930e-20,2.403e-20,-0.0001,-120.6,0
BottomS085318,-7.7862,12.5799,1.372e-20,1.836e-20,2.408e-20,0.0002,-121.65,0
BottomS085320,-7.7311,12.6193,5.099e-20,5.675e-20,5.043e-20,-0.0,-118.16,0
BottomS085322,-7.7414,12.6095,6.192e-19,5.728e-19,3.514e-19,-0.0003,-118.59,0
BottomS085330,-7.7753,12.5921,9.037e-20,1.005e-19,9.168e-20,0.0001,-121.54,0
BottomS085331,-7.7761,12.5436,4.336e-20,4.973e-20,4.703e-20,-0.0004,-120.89,0
BottomS085337,-7.7665,12.6038,7.676e-20,8.589e-20,7.984e-20,-0.0,-118.84,0
BottomS085341,-7.7592,12.6162,1.813e-19,1.986e-19,1.691e-19,0.001,-119.03,0
BottomS085345,-7.8859,12.5725,1.200e-20,1.550e-20,1.937e-20,0.0003,-122.58,1
BottomS085360,-7.8095,12.6122,1.024e-14,6.810e-15,2.191e-15,-0.0007,-121.19,0
BottomS085361,-7.7813,12.5886,1.114e-18,2.361e-18,8.242e-18,-0.0004,-121.57,0
BottomS085362,-7.7377,12.5792,1.252e-19,1.309e-19,1.075e-19,0.0003,-119.32,0
BottomS085363,-7.7857,12.5931,6.057e-19,5.815e-19,3.838e-19,0.001,-121.27,0
BottomS085364,-7.7727,12.5863,1.745e-20,2.236e-20,2.697e-20,-0.0002,-121.64,0
BottomS085365,-7.7327,12.6235,2.095e-20,2.700e-20,3.298e-20,-0.0002,-118.4,0
BottomS085366,-7.7715,12.5872,8.718e-15,5.910e-15,1.940e-15,0.0002,-119.13,0
BottomS085367,-7.7412,12.5987,8.251e-14,6.208e-14,2.525e-14,-0.0008,-118.31,0
BottomS085368,-7.8001,12.6281,2.672e-19,2.691e-19,1.986e-19,-0.0001,-120.54,0
BottomS085371,-7.7373,12.6026,6.993e-14,5.345e-14,2.174e-14,0.0007,-118.18,1
BottomS085375,-7.7395,12.5871,5.200e-20,6.363e-20,6.908e-20,0.0015,-118.98,0
BottomS085382,-7.7535,12.5880,2.684e-20,3.120e-20,3.023e-20,0.0008,-118.73,0
BottomS085383,-7.7752,12.5950,7.043e-20,7.755e-20,6.936e-20,-0.0,-120.26,0
BottomS085388,-7.7869,12.5784,7.828e-19,1.374e-18,3.239e-18,0.0002,-121.58,0
BottomS085391,-7.7847,12.5851,7.639e-19,1.296e-18,2.800e-18,-0.0004,-121.72,0
BottomS085396,-7.7656,12.5814,2.457e-18,2.140e-18,1.153e-18,0.0001,-119.8,0
BottomS085397,-7.7766,12.5921,3.613e-20,4.417e-20,4.996e-20,-0.0006,-120.57,0
BottomS085401,-7.7740,12.5932,4.402e-19,4.290e-19,2.970e-19,-0.0002,-120.09,0
BottomS085403,-7.7951,12.5816,4.645e-19,4.394e-19,2.895e-19,-0.0002,-122.12,0
BottomS085404,-7.7881,12.5889,1.968e-18,3.719e-18,1.009e-17,0.0001,-121.95,0
BottomS085405,-7.7128,12.6050,1.307e-18,2.574e-18,7.551e-18,-0.0004,-118.16,0
BottomS085406,-7.7599,12.5825,1.440e-19,1.557e-19,1.294e-19,0.0006,-119.75,0
BottomS085407,-7.7024,12.6478,7.160e-20,8.189e-20,7.530e-20,-0.001,-118.45,0
BottomS085408,-7.8052,12.5997,2.663e-18,2.247e-18,1.173e-18,-0.0,-121.76,0
BottomS085411,-7.7162,12.6574,7.180e-20,8.197e-20,7.907e-20,-0.0,-118.65,0
BottomS085412,-7.8116,12.5686,2.713e-19,2.697e-19,1.971e-19,-0.0007,-122.37,0
BottomS085417,-7.7777,12.6265,1.392e-18,1.884e-18,2.619e-18,0.0006,-119.97,0
BottomS085422,-7.7779,12.5999,2.630e-20,3.228e-20,3.442e-20,0.0005,-120.24,0
BottomS085426,-7.7778,12.5841,1.072e-19,1.197e-19,1.085e-19,-0.0001,-120.81,0
BottomS085431,-7.7634,12.5788,4.128e-18,7.985e-18,2.294e-17,-0.0005,-120.0,1
BottomS085437,-7.7729,12.5917,6.361e-20,7.372e-20,7.124e-20,0.0009,-119.68,0
BottomS085438,-7.7781,12.5904,4.618e-20,5.618e-20,6.305e-20,0.0002,-121.02,0
BottomS085442,-7.7688,12.6095,2.131e-18,3.373e-18,6.355e-18,0.0001,-119.61,0
BottomS085444,-7.7001,12.5719,1.628e-18,2.728e-18,5.787e-18,0.0002,-119.18,0
BottomS085448,-7.7639,12.5941,1.305e-19,1.389e-19,1.138e-19,-0.0005,-119.19,0
BottomS085451,-7.7833,12.5906,3.289e-20,4.045e-20,4.537e-20,0.0008,-121.16,0
BottomS085455,-7.7425,12.5975,1.493e-20,1.923e-20,2.425e-20,0.0007,-118.4,0
BottomS085456,-7.7971,12.5925,5.586e-14,4.196e-14,1.750e-14,-0.0003,-121.48,1
BottomS085457,-7.7377,12.6026,9.589e-14,7.825e-14,3.788e-14,0.0001,-118.42,1
BottomS085460,-7.7968,12.5676,3.038e-19,3.186e-19,2.550e-19,0.0009,-121.83,0
BottomS085461,-7.7721,12.5895,1.453e-18,2.798e-18,8.136e-18,0.0011,-120.05,0
BottomS085469,-7.6408,12.6905,1.960e-20,2.454e-20,2.875e-20,0.0001,-118.16,0
BottomS085476,-7.7935,12.5374,3.419e-14,2.734e-14,1.264e-14,-0.0005,-121.15,1
BottomS085486,-7.8252,12.5391,1.020e-19,1.146e-19,1.072e-19,0.0002,-122.04,0
BottomS085487,-7.7910,12.5728,2.575e-19,2.637e-19,2.087e-19,-0.0004,-121.53,0
BottomS085489,-7.7702,12.5942,3.044e-18,4.936e-18,9.854e-18,-0.0002,-119.08,0
BottomS085492,-7.8135,12.5786,1.196e-20,1.546e-20,1.875e-20,0.0001,-122.53,0
BottomS085508,-7.7722,12.5858,1.038e-19,1.160e-19,1.079e-19,-0.0001,-120.76,0
BottomS085512,-7.7984,12.5669,3.189e-20,3.875e-20,4.174e-20,0.0008,-122.13,0
BottomS085516,-7.6821,12.6501,2.766e-20,3.438e-20,3.756e-20,0.0007,-118.2,0
BottomS085517,-7.7602,12.5907,4.115e-20,5.053e-20,5.500e-20,0.0013,-118.94,0
BottomS085518,-7.7647,12.5876,6.761e-19,6.630e-19,4.446e-19,-0.0009,-118.77,0
BottomS085521,-7.7620,12.5864,1.846e-19,1.950e-19,1.568e-19,-0.0002,-119.33,0
BottomS085525,-7.7205,12.6375,1.503e-20,1.944e-20,2.402e-20,0.0001,-118.58,0
BottomS085528,-7.7481,12.6075,1.226e-18,2.098e-18,4.710e-18,0.0001,-118.44,0
BottomS085529,-7.7654,12.6023,4.450e-14,3.251e-14,1.280e-14,-0.0007,-119.03,0
BottomS085532,-7.7846,12.6075,6.870e-20,8.011e-20,7.622e-20,0.0005,-120.48,0
BottomS085534,-7.7735,12.5877,3.667e-18,7.456e-18,2.440e-17,0.0004,-121.42,0
BottomS085535,-7.7797,12.5961,2.364e-19,2.483e-19,1.957e-19,0.0002,-120.83,0
BottomS085536,-7.7552,12.6236,1.407e-18,2.375e-18,5.220e-18,-0.0,-119.31,0
BottomS085544,-7.7512,12.5983,1.264e-19,1.428e-19,1.276e-19,-0.0002,-118.56,0
BottomS085546,-7.7734,12.5867,1.837e-18,1.575e-18,8.454e-19,-0.0,-120.43,0
BottomS085547,-7.7551,12.5743,2.853e-14,1.990e-14,7.036e-15,0.0006,-119.75,0
BottomS085555,-7.7710,12.5824,1.399e-20,1.859e-20,2.322e-20,0.0005,-120.41,0
BottomS085556,-7.7401,12.6073,4.024e-19,3.855e-19,2.492e-19,0.0003,-118.29,0
BottomS085557,-7.7841,12.5930,5.634e-20,6.154e-20,5.400e-20,-0.0005,-121.89,0
BottomS085563,-7.8021,12.5496,1.065e-19,1.262e-19,1.256e-19,0.0001,-121.69,0
BottomS085565,-7.7959,12.5959,4.903e-19,1.024e-18,3.492e-18,0.0007,-121.47,0
BottomS085566,-7.7807,12.5876,1.702e-20,2.147e-20,2.423e-20,-0.0002,-121.65,0
BottomS085568,-7.7819,12.5939,7.235e-20,7.890e-20,6.811e-20,0.0003,-121.18,0
BottomS085571,-7.8675,12.5576,1.008e-20,1.365e-20,1.808e-20,-0.0,-122.7,0
BottomS085575,-7.7675,12.5637,6.900e-14,5.758e-14,2.905e-14,0.0003,-120.54,1
BottomS085577,-7.7977,12.5647,1.772e-18,3.171e-18,7.427e-18,0.0007,-121.74,0
BottomS085581,-7.7365,12.5964,8.705e-19,1.398e-18,2.657e-18,-0.0,-118.27,0
BottomS085582,-7.7795,12.5991,1.386e-18,1.261e-18,7.608e-19,-0.001,-120.56,0
BottomS085583,-7.7681,12.5832,4.478e-18,3.811e-18,1.955e-18,-0.0006,-119.98,0
BottomS085584,-7.7930,12.5645,8.284e-18,6.717e-18,3.302e-18,0.0006,-122.33,0
BottomS085586,-7.7885,12.6018,4.947e-18,9.824e-18,2.966e-17,0.0004,-120.9,0
BottomS085587,-7.7916,12.6028,1.404e-20,1.763e-20,2.080e-20,-0.0001,-120.92,0
BottomS085588,-7.7571,12.5938,3.274e-18,7.649e-18,3.125e-17,-0.0007,-118.58,0
BottomS085589,-7.8100,12.5436,4.674e-19,4.722e-19,3.497e-19,0.0003,-122.5,0
BottomS085590,-7.7913,12.6005,1.261e-17,9.803e-18,4.451e-18,0.0,-121.93,1
BottomS085594,-7.7952,12.6310,1.112e-20,1.517e-20,2.100e-20,0.0005,-121.0,0
BottomS085599,-7.7769,12.5840,2.058e-18,1.789e-18,9.481e-19,0.0006,-120.75,0
BottomS085600,-7.7770,12.6209,5.845e-20,6.881e-20,7.066e-20,0.0001,-118.26,0
BottomS085602,-7.7729,12.6262,5.590e-20,6.539e-20,6.648e-20,-0.0001,-119.54,0
BottomS085606,-7.7660,12.6038,1.712e-20,2.104e-20,2.257e-20,0.0003,-119.13,0
BottomS085608,-7.7376,12.5888,1.461e-18,2.392e-18,4.711e-18,-0.0,-118.98,0
BottomS085609,-7.7535,12.5895,4.520e-19,4.490e-19,3.070e-19,0.0001,-119.18,0
BottomS085610,-7.7786,12.6046,7.377e-19,7.067e-19,4.751e-19,0.0005,-118.85,0
BottomS085611,-7.7767,12.6018,1.670e-19,1.690e-19,1.300e-19,0.0004,-120.05,0
BottomS085612,-7.7614,12.5591,5.856e-19,1.007e-18,2.187e-18,-0.0009,-120.49,0
BottomS085614,-7.7761,12.5858,3.446e-20,4.183e-20,4.481e-20,-0.0009,-120.75,0
BottomS085615,-7.8189,12.5957,9.336e-19,1.476e-18,2.681e-18,0.0006,-122.35,0
BottomS085622,-7.7977,12.5838,3.997e-19,3.822e-19,2.481e-19,-0.0008,-122.09,0
BottomS085625,-7.7712,12.5919,3.623e-14,2.482e-14,8.558e-15,-0.0004,-120.21,0
BottomS085633,-7.7978,12.5877,1.293e-19,1.396e-19,1.165e-19,-0.0006,-121.89,0
BottomS085638,-7.8005,12.5737,6.164e-19,9.534e-19,1.678e-18,-0.0,-122.36,0
BottomS085641,-7.7759,12.5677,8.003e-19,1.508e-18,4.158e-18,0.0006,-121.13,0
BottomS085642,-7.7790,12.6043,3.122e-18,2.799e-18,1.579e-18,-0.0009,-120.18,0
BottomS085643,-7.7576,12.6156,2.234e-18,1.932e-18,1.035e-18,-0.0004,-118.48,0
BottomS085644,-7.7963,12.5802,7.221e-18,1.091e-17,1.777e-17,0.0008,-121.58,0
BottomS085645,-7.8031,12.5895,2.569e-18,2.159e-18,1.078e-18,-0.0009,-122.23,0
BottomS085646,-7.7666,12.6295,1.805e-19,1.949e-19,1.648e-19,-0.0001,-119.15,0
BottomS085649,-7.7997,12.5764,1.512e-18,1.387e-18,8.469e-19,0.0003,-122.25,0
BottomS085651,-7.7537,12.6290,1.001e-19,1.172e-19,1.181e-19,0.0002,-118.69,0
BottomS085652,-7.7620,12.5769,3.835e-18,3.044e-18,1.356e-18,0.0001,-119.4,0
BottomS085656,-7.8025,12.5754,2.379e-20,2.888e-20,3.025e-20,0.0,-122.22,0
BottomS085657,-7.7975,12.5988,1.596e-17,1.197e-17,4.792e-18,0.0002,-121.66,0
BottomS085658,-7.7648,12.5522,4.135e-18,3.281e-18,1.548e-18,-0.0,-121.15,0
BottomS085659,-7.7670,12.5935,3.243e-20,3.806e-20,3.728e-20,0.0002,-118.96,0
BottomS085660,-7.7597,12.5678,1.644e-18,1.450e-18,7.805e-19,-0.0008,-120.08,0
BottomS085665,-7.7630,12.6078,3.193e-18,2.743e-18,1.443e-18,0.0005,-118.52,0
BottomS085667,-7.7897,12.5875,7.222e-20,7.974e-20,6.996e-20,-0.0004,-121.33,0
BottomS085668,-7.7461,12.6077,1.781e-20,2.263e-20,2.786e-20,-0.0001,-118.58,0
BottomS085670,-7.7899,12.5827,2.308e-19,2.366e-19,1.735e-19,-0.0003,-121.7,0
BottomS085671,-7.7757,12.5747,2.466e-20,3.001e-20,3.387e-20,0.0002,-121.22,0
BottomS085673,-7.7866,12.5741,5.425e-20,6.241e-20,5.995e-20,0.0002,-121.42,0
BottomS085676,-7.7545,12.5958,1.699e-18,2.467e-18,3.990e-18,-0.0001,-118.84,0
BottomS085677,-7.7466,12.5784,9.374e-15,6.373e-15,2.199e-15,0.0008,-118.88,0
BottomS085680,-7.7698,12.5975,9.107e-19,8.497e-19,5.391e-19,0.0002,-119.85,0
BottomS085681,-7.7817,12.6021,4.207e-20,4.982e-20,5.175e-20,0.0003,-120.88,0
BottomS085682,-7.7551,12.5845,7.700e-20,8.486e-20,7.731e-20,0.0007,-118.61,0
BottomS085683,-7.7946,12.5896,2.029e-18,1.706e-18,8.748e-19,0.0005,-121.89,0
BottomS085685,-7.7636,12.5792,7.440e-14,5.742e-14,2.471e-14,0.0007,-119.46,1
BottomS085686,-7.7815,12.5657,6.097e-20,7.061e-20,6.997e-20,-0.0007,-121.48,0
BottomS085687,-7.7692,12.5948,4.789e-19,4.922e-19,3.748e-19,0.0005,-119.55,0
BottomS085689,-7.7759,12.6268,3.946e-20,4.705e-20,4.994e-20,-0.0003,-119.38,0
BottomS085690,-7.7652,12.6157,1.484e-18,2.890e-18,8.077e-18,0.0002,-118.43,0
BottomS085691,-7.7274,12.6075,2.139e-19,2.136e-19,1.540e-19,-0.0002,-118.72,0
BottomS085692,-7.7898,12.5468,1.012e-19,1.140e-19,1.048e-19,0.0001,-122.06,0
BottomS085696,-7.7555,12.5691,1.628e-18,1.487e-18,8.622e-19,-0.0004,-118.85,0
BottomS085698,-7.7855,12.5908,1.897e-18,3.428e-18,8.456e-18,-0.0002,-121.72,0
BottomS085699,-7.7924,12.5939,1.177e-20,1.630e-20,2.332e-20,0.0004,-121.7,0
BottomS085701,-7.7587,12.5580,6.904e-19,1.257e-18,3.194e-18,0.0004,-120.17,0
BottomS085702,-7.7572,12.5650,3.892e-19,3.869e-19,2.696e-19,0.0008,-119.88,0
BottomS085703,-7.7832,12.5918,3.064e-18,2.582e-18,1.283e-18,-0.0,-121.74,0
BottomS085704,-7.7474,12.5801,5.443e-20,6.411e-20,6.425e-20,-0.0,-119.03,0
BottomS085705,-7.8058,12.5772,3.114e-19,3.053e-19,2.184e-19,-0.0001,-122.24,0
BottomS085706,-7.7752,12.5687,3.016e-19,3.121e-19,2.291e-19,0.0007,-121.07,0
BottomS085708,-7.7758,12.5828,5.707e-19,5.681e-19,4.042e-19,0.0006,-120.83,0
BottomS085709,-7.7602,12.5909,1.258e-18,1.094e-18,5.931e-19,-0.0006,-118.74,0
BottomS085711,-7.7833,12.5853,4.612e-18,3.581e-18,1.573e-18,-0.0003,-121.52,0
BottomS085714,-7.8069,12.5939,5.644e-14,3.978e-14,1.459e-14,-0.0004,-122.31,0
BottomS085715,-7.7940,12.6366,8.592e-20,9.529e-20,8.699e-20,-0.0005,-120.33,0
BottomS085716,-7.7602,12.6048,3.379e-18,5.667e-18,1.208e-17,0.0014,-119.08,0
BottomS085717,-7.7522,12.5789,5.663e-20,6.721e-20,6.830e-20,-0.0004,-119.05,0
BottomS085718,-7.7968,12.5780,6.342e-20,7.186e-20,6.861e-20,-0.0001,-122.17,0
BottomS085721,-7.7675,12.6048,1.900e-20,2.439e-20,2.881e-20,0.0007,-119.32,0
BottomS085722,-7.7717,12.6022,4.260e-19,4.370e-19,3.261e-19,-0.0,-118.77,0
BottomS085723,-7.7718,12.6086,5.711e-14,4.140e-14,1.517e-14,-0.0007,-119.61,0
BottomS085724,-7.7521,12.5776,1.342e-18,2.694e-18,8.136e-18,-0.0002,-118.95,0
BottomS085726,-7.7830,12.6064,9.420e-20,1.079e-19,1.007e-19,-0.0003,-120.67,0
BottomS085733,-7.7782,12.5902,1.775e-20,2.177e-20,2.442e-20,-0.0004,-120.64,0
BottomS085737,-7.7732,12.6246,2.288e-18,1.970e-18,1.055e-18,0.0002,-118.66,0
BottomS085738,-7.7617,12.5910,1.520e-19,1.612e-19,1.287e-19,0.0,-119.4,0
BottomS085739,-7.7781,12.5644,2.036e-18,1.783e-18,9.817e-19,0.0,-121.05,0
BottomS085740,-7.7810,12.5772,4.144e-14,4.283e-14,3.310e-14,-0.001,-121.13,1
BottomS085742,-7.7692,12.6123,1.503e-17,1.163e-17,4.934e-18,-0.0004,-118.81,1
BottomS085744,-7.8077,12.6075,1.354e-19,1.431e-19,1.144e-19,-0.0008,-121.13,0
BottomS085745,-7.7653,12.5335,1.179e-19,1.243e-19,1.040e-19,-0.0002,-121.08,0
BottomS085748,-7.7845,12.5886,2.599e-20,3.036e-20,3.085e-20,-0.0005,-121.55,0
BottomS085750,-7.7928,12.5934,1.272e-20,1.631e-20,1.938e-20,0.0005,-122.03,0
BottomS085752,-7.7783,12.5747,3.495e-20,4.302e-20,4.782e-20,-0.0001,-121.99,0
BottomS085758,-7.7912,12.5862,1.965e-18,1.670e-18,8.756e-19,-0.0002,-121.8,0
BottomS085759,-7.7602,12.6073,1.561e-20,2.064e-20,2.581e-20,-0.0003,-119.39,0
BottomS085760,-7.7846,12.6187,1.849e-19,1.995e-19,1.721e-19,-0.0001,-120.24,0
BottomS085761,-7.7760,12.5883,9.352e-20,1.016e-19,8.784e-20,-0.0002,-120.65,0
BottomS085764,-7.7534,12.5735,1.190e-19,1.269e-19,1.080e-19,0.0003,-118.56,0
BottomS085765,-7.7675,12.5927,3.484e-19,3.698e-19,2.922e-19,0.0001,-119.55,0
BottomS085769,-7.7612,12.5835,4.735e-18,4.000e-18,2.121e-18,-0.0002,-119.74,0
BottomS085770,-7.7971,12.5846,7.116e-19,1.200e-18,2.537e-18,0.0,-122.08,0
BottomS085772,-7.7333,12.5725,3.354e-17,2.454e-17,9.160e-18,0.0014,-118.59,0
BottomS085775,-7.7681,12.5907,3.640e-19,3.736e-19,2.870e-19,0.001,-119.24,0
BottomS085776,-7.7416,12.6099,6.403e-19,9.288e-19,1.478e-18,-0.0001,-118.38,0
BottomS085777,-7.7967,12.6126,8.786e-18,7.381e-18,3.763e-18,0.0005,-121.0,0
BottomS085779,-7.7693,12.5933,1.668e-20,2.151e-20,2.566e-20,0.0004,-119.03,0
BottomS085780,-7.7731,12.5766,7.526e-20,8.495e-20,7.833e-20,0.0012,-120.63,0
BottomS085782,-7.7681,12.6175,2.583e-14,1.992e-14,8.458e-15,-0.0001,-118.89,1
BottomS085783,-7.7865,12.5589,1.736e-18,3.057e-18,7.425e-18,0.0002,-122.35,0
BottomS085785,-7.7496,12.6174,6.291e-19,6.373e-19,4.833e-19,-0.0005,-118.4,0
BottomS085787,-7.8135,12.6126,2.614e-19,2.768e-19,2.190e-19,0.001,-122.01,0
BottomS085789,-7.7779,12.5660,2.191e-18,3.928e-18,9.383e-18,0.0005,-121.23,0
BottomS085790,-7.7605,12.6159,6.290e-18,1.302e-17,4.230e-17,-0.0,-118.42,0
BottomS085791,-7.7899,12.6043,3.053e-20,3.567e-20,3.415e-20,0.0002,-121.78,0
BottomS085792,-7.7865,12.5783,1.951e-20,2.685e-20,3.717e-20,-0.0007,-121.36,0
BottomS085794,-7.7745,12.5610,3.472e-18,2.972e-18,1.524e-18,-0.0001,-121.69,0
BottomS085795,-7.7739,12.5901,1.535e-18,2.834e-18,7.265e-18,-0.0003,-117.67,0
BottomS085796,-7.7740,12.5904,2.467e-18,4.450e-18,1.094e-17,-0.0004,-117.23,0
BottomS085797,-7.7739,12.5902,1.446e-20,1.959e-20,2.657e-20,0.0002,-117.05,0
BottomS085798,-7.7741,12.5902,3.030e-17,2.273e-17,8.831e-18,-0.0005,-124.39,0
BottomS085799,-7.7739,12.5901,3.057e-17,2.201e-17,8.503e-18,0.0009,-120.09,0
BottomS085808,-7.8568,12.6195,9.418e-20,1.047e-19,9.041e-20,-0.0003,-121.45,0
BottomS085810,-7.7284,12.5497,4.424e-20,5.434e-20,5.920e-20,0.0001,-119.72,0
BottomS085812,-7.7392,12.6550,3.846e-18,9.657e-18,4.682e-17,0.0008,-119.24,0
BottomS085817,-7.6464,12.6416,3.830e-20,4.635e-20,5.068e-20,-0.0005,-117.85,0
BottomS085824,-7.6556,12.6288,7.498e-19,7.238e-19,4.688e-19,-0.0005,-117.98,0
BottomS085828,-7.6839,12.6618,4.414e-20,5.364e-20,5.582e-20,0.0006,-118.35,0
BottomS085829,-7.8376,12.6209,1.910e-18,1.642e-18,8.643e-19,0.0009,-121.15,0
BottomS085837,-7.7040,12.6522,5.404e-20,6.126e-20,5.722e-20,0.0001,-118.43,0
BottomS085839,-7.6686,12.5995,2.705e-19,2.587e-19,1.759e-19,0.0004,-118.44,0
BottomS085852,-7.7743,12.5349,2.941e-20,3.723e-20,4.421e-20,-0.0004,-120.86,0
BottomS085854,-7.8648,12.5983,1.971e-20,2.493e-20,3.030e-20,-0.0,-121.89,0
BottomS085858,-7.8203,12.6378,1.080e-19,1.153e-19,9.280e-20,0.0004,-120.77,0
BottomS085862,-7.8896,12.5675,4.121e-19,4.031e-19,2.666e-19,-0.0002,-122.61,0
BottomS085864,-7.7065,12.5661,1.302e-19,1.405e-19,1.153e-19,0.001,-119.23,0
BottomS085868,-7.8381,12.5370,7.513e-20,8.805e-20,8.585e-20,-0.0004,-122.16,0
BottomS085870,-7.7089,12.5532,4.441e-20,5.245e-20,5.141e-20,-0.0007,-119.42,0
BottomS085871,-7.8281,12.6239,5.408e-18,4.527e-18,2.291e-18,0.0009,-121.0,0
BottomS085872,-7.6672,12.6501,4.324e-19,4.329e-19,3.108e-19,0.0002,-117.95,0
BottomS085873,-7.7050,12.5653,5.669e-20,6.566e-20,6.566e-20,-0.0003,-119.3,0
BottomS085876,-7.8507,12.6189,1.187e-20,1.565e-20,1.959e-20,0.0003,-121.39,0
BottomS085879,-7.8434,12.5311,5.775e-19,1.016e-18,2.432e-18,-0.0001,-122.3,0
BottomS085885,-7.9026,12.5556,2.918e-19,3.112e-19,2.509e-19,-0.0002,-122.71,0
BottomS085901,-7.7425,12.5464,1.888e-20,2.361e-20,2.797e-20,0.0008,-120.17,0
BottomS085902,-7.7071,12.5599,6.143e-20,6.831e-20,6.083e-20,0.0004,-119.46,0
BottomS085905,-7.7654,12.6474,4.263e-19,7.638e-19,1.850e-18,-0.0012,-119.68,0
BottomS085907,-7.6562,12.6425,6.190e-19,5.797e-19,3.708e-19,0.0005,-117.99,0
BottomS085908,-7.4578,12.9933,7.171e-19,6.910e-19,4.748e-19,-0.0002,-124.89,0
BottomS085910,-7.4782,13.0001,9.976e-14,7.789e-14,3.364e-14,0.0001,-123.4,1
BottomS085917,-7.4406,12.9872,1.320e-18,2.939e-18,1.107e-17,-0.0003,-126.29,0
BottomS085926,-7.4596,12.9976,7.810e-19,1.520e-18,4.314e-18,0.0003,-123.82,0
BottomS085929,-7.4659,13.0055,5.002e-20,5.977e-20,6.020e-20,0.001,-124.57,0
BottomS085931,-7.4531,12.9926,5.904e-19,5.698e-19,3.824e-19,-0.0003,-126.18,0
BottomS085933,-7.4636,12.9976,6.773e-19,6.502e-19,4.251e-19,0.0003,-123.42,0
BottomS085934,-7.4483,12.9903,3.736e-19,3.718e-19,2.730e-19,0.0006,-126.16,0
BottomS085956,-7.4684,13.0027,2.684e-20,3.419e-20,4.057e-20,0.0004,-123.52,0
BottomS085963,-7.5163,13.0217,1.237e-19,1.383e-19,1.231e-19,0.0006,-122.64,0
BottomS085965,-7.6091,13.0804,5.474e-20,6.455e-20,6.530e-20,-0.0004,-122.42,0
BottomS085968,-7.4563,12.9941,2.209e-19,2.211e-19,1.597e-19,0.0001,-125.18,0
BottomS085969,-7.4516,12.9918,3.851e-19,3.671e-19,2.408e-19,0.0006,-125.19,0
BottomS085970,-7.4605,12.9938,7.507e-19,6.679e-19,3.850e-19,0.0008,-124.42,0
BottomS085971,-7.4883,13.0065,5.660e-19,5.223e-19,3.241e-19,-0.0004,-123.87,0
BottomS085972,-7.4596,12.9939,1.782e-19,1.948e-19,1.645e-19,0.0002,-124.54,0
BottomS085976,-7.4745,13.0034,2.493e-19,2.690e-19,2.246e-19,0.0003,-123.15,0
BottomS085977,-7.5055,13.0195,2.683e-18,4.905e-18,1.241e-17,-0.0005,-122.55,0
BottomS085980,-7.4323,12.9709,6.396e-18,1.686e-17,8.923e-17,0.0004,-125.98,0
BottomS085983,-7.4911,13.0074,1.786e-14,1.226e-14,4.162e-15,-0.0006,-123.81,0
BottomS085987,-7.4366,12.9879,4.366e-17,1.293e-16,9.085e-16,-0.0002,-126.72,0
BottomS085990,-7.4186,12.9687,1.206e-20,1.615e-20,2.193e-20,-0.0007,-127.13,0
BottomS085997,-7.4909,13.0033,1.757e-20,2.074e-20,2.129e-20,-0.0005,-123.09,0
BottomS085999,-7.4817,13.0062,1.073e-18,9.405e-19,5.123e-19,0.0001,-122.94,0
BottomS086000,-7.4549,12.9931,1.002e-20,1.432e-20,2.050e-20,0.0006,-125.65,0
BottomS086003,-7.4464,12.9856,4.117e-20,5.138e-20,5.813e-20,0.0005,-126.02,0
BottomS086011,-7.5471,13.0393,2.208e-14,1.499e-14,5.108e-15,-0.0005,-122.54,0
BottomS086012,-7.4644,13.0192,7.448e-20,8.475e-20,8.044e-20,0.0003,-124.54,0
BottomS086015,-7.4807,13.0024,4.120e-20,5.139e-20,5.734e-20,0.0003,-122.92,0
BottomS086016,-7.4534,12.9717,1.552e-18,3.127e-18,9.698e-18,-0.0004,-125.17,0
BottomS086022,-7.4186,12.9795,2.490e-20,3.174e-20,3.651e-20,-0.0004,-127.05,0
BottomS086023,-7.4609,12.9898,2.020e-20,2.618e-20,3.224e-20,0.0007,-124.76,0
BottomS086024,-7.4297,12.9889,1.261e-18,2.032e-18,4.110e-18,0.0001,-125.88,0
BottomS086025,-7.4668,13.0023,4.704e-18,3.875e-18,1.870e-18,0.0008,-123.23,0
BottomS086033,-7.5109,13.0235,1.431e-20,1.901e-20,2.446e-20,-0.0009,-122.46,0
BottomS086034,-7.5110,13.0260,3.811e-20,4.479e-20,4.542e-20,0.0004,-122.77,0
BottomS086039,-7.4488,12.9933,1.332e-20,1.693e-20,2.094e-20,0.0015,-125.9,0
BottomS086040,-7.4466,12.9862,5.551e-19,9.098e-19,1.769e-18,0.001,-125.56,0
BottomS086041,-7.4462,12.9831,1.179e-20,1.567e-20,2.099e-20,-0.0004,-126.29,0
BottomS086046,-7.4467,12.9871,1.270e-20,1.663e-20,2.095e-20,0.0005,-126.37,0
BottomS086051,-7.4659,12.9968,1.488e-20,1.983e-20,2.700e-20,-0.0009,-124.43,0
BottomS086052,-7.4386,12.9796,2.661e-20,3.258e-20,3.755e-20,0.0007,-126.01,0
BottomS086053,-7.4817,13.0048,1.800e-20,2.283e-20,2.696e-20,-0.0,-123.46,0
BottomS086054,-7.4597,13.0009,1.069e-13,8.033e-14,3.154e-14,-0.0002,-124.48,0
BottomS086056,-7.4483,12.9921,2.781e-20,3.451e-20,3.846e-20,0.0004,-126.35,0
BottomS086057,-7.4706,12.9999,1.046e-19,1.180e-19,1.064e-19,-0.0003,-123.67,0
BottomS086058,-7.4815,13.0096,2.761e-19,2.753e-19,1.994e-19,-0.0005,-123.2,0
BottomS086066,-7.4662,12.9900,5.899e-20,6.723e-20,6.361e-20,-0.0007,-124.61,0
BottomS086069,-7.4106,12.9761,1.945e-20,2.364e-20,2.628e-20,0.0002,-126.21,0
BottomS086070,-7.4515,12.9857,3.329e-18,2.770e-18,1.430e-18,0.0007,-125.51,0
BottomS086072,-7.3615,12.9156,3.923e-18,8.883e-18,3.555e-17,0.0001,-126.29,0
BottomS086077,-7.4593,12.9917,4.123e-19,3.952e-19,2.687e-19,0.0005,-124.69,0
BottomS086080,-7.4714,12.9954,2.034e-18,2.831e-18,3.896e-18,-0.0001,-124.27,0
BottomS086081,-7.4542,12.9896,3.410e-20,4.123e-20,4.371e-20,-0.0001,-126.25,0
BottomS086083,-7.3163,12.8958,1.124e-20,1.478e-20,1.790e-20,0.0004,-126.53,0
BottomS086085,-7.6095,13.0879,2.168e-18,1.871e-18,1.016e-18,-0.0002,-122.96,0
BottomS086086,-7.4534,12.9952,3.624e-20,4.617e-20,5.274e-20,-0.0004,-125.2,0
BottomS086092,-7.4725,13.0012,4.156e-19,3.857e-19,2.442e-19,-0.0003,-123.2,0
BottomS086095,-7.4774,13.0132,2.038e-19,2.207e-19,1.926e-19,0.0008,-123.48,0
BottomS086096,-7.3523,12.9267,2.586e-18,2.153e-18,1.086e-18,-0.0008,-126.89,0
BottomS086100,-7.6327,13.0881,6.623e-19,1.087e-18,2.162e-18,-0.0003,-122.4,0
BottomS086101,-7.4564,12.9924,5.215e-20,6.123e-20,6.097e-20,-0.0,-126.87,0
BottomS086104,-7.4226,12.9832,2.349e-18,2.017e-18,1.043e-18,-0.0007,-125.98,0
BottomS086105,-7.5130,13.0252,5.043e-19,4.619e-19,2.751e-19,0.0,-123.09,0
BottomS086113,-7.4559,12.9915,1.617e-18,2.882e-18,6.866e-18,0.0002,-126.6,0
BottomS086115,-7.4443,12.9840,4.963e-14,3.518e-14,1.262e-14,-0.0001,-126.15,0
BottomS086116,-7.4962,13.0105,8.441e-19,7.688e-19,4.426e-19,0.0006,-122.84,0
BottomS086118,-7.5600,13.0453,2.298e-18,4.874e-18,1.686e-17,0.0005,-122.52,0
BottomS086121,-7.5324,13.0241,1.447e-20,1.867e-20,2.341e-20,-0.0003,-122.6,0
BottomS086127,-7.4126,12.9784,1.116e-20,1.503e-20,2.010e-20,-0.0005,-126.58,0
BottomS086129,-7.4753,12.9868,2.910e-19,2.972e-19,2.177e-19,-0.0,-124.44,0
BottomS086133,-7.4754,13.0078,5.936e-19,8.678e-19,1.402e-18,0.0003,-123.48,0
BottomS086140,-7.4548,12.9895,4.584e-18,3.810e-18,1.874e-18,-0.0005,-126.36,0
BottomS086144,-7.5011,13.0138,6.535e-20,7.359e-20,6.910e-20,-0.0005,-123.46,0
BottomS086147,-7.4544,12.9819,1.374e-20,1.745e-20,2.118e-20,-0.0005,-125.1,0
BottomS086148,-7.4073,12.9535,2.750e-18,5.887e-18,2.049e-17,0.0006,-126.06,0
BottomS086150,-7.4316,12.9771,1.622e-20,2.010e-20,2.264e-20,-0.0004,-126.89,0
BottomS086158,-7.4378,12.9832,1.185e-18,1.594e-18,2.128e-18,-0.0005,-126.46,0
BottomS086159,-7.5130,13.0150,1.071e-18,1.822e-18,4.129e-18,-0.0009,-122.82,0
BottomS086167,-7.4329,12.9777,1.234e-14,8.413e-15,2.723e-15,0.0001,-126.62,0
BottomS086177,-7.4671,13.0024,6.242e-20,7.157e-20,6.906e-20,0.0008,-123.21,0
BottomS086185,-7.4515,12.9871,9.100e-19,8.090e-19,4.594e-19,-0.0002,-125.86,0
BottomS086186,-7.4500,12.9894,3.279e-20,3.860e-20,3.837e-20,0.0001,-126.11,0
BottomS086191,-7.4713,12.9981,1.986e-18,1.668e-18,8.774e-19,-0.0006,-123.72,0
BottomS086199,-7.4144,12.9768,5.880e-20,6.946e-20,6.670e-20,-0.0005,-126.84,0
BottomS086213,-7.4344,12.9967,1.738e-18,3.141e-18,7.689e-18,0.0003,-125.32,0
BottomS086215,-7.4560,12.9911,1.454e-20,1.962e-20,2.554e-20,-0.0001,-125.85,0
BottomS086220,-7.3972,12.9510,4.700e-19,4.539e-19,3.077e-19,0.0005,-126.4,0
BottomS086221,-7.4802,13.0044,6.135e-20,6.764e-20,6.007e-20,0.0004,-123.16,0
BottomS086226,-7.4050,12.9505,4.669e-20,5.399e-20,5.161e-20,-0.0001,-126.27,0
BottomS086228,-7.4553,12.9960,2.045e-19,2.132e-19,1.637e-19,-0.0007,-124.98,0
BottomS086233,-7.4399,12.9918,5.311e-20,6.069e-20,5.871e-20,-0.0001,-125.51,0
BottomS086240,-7.2955,12.9092,6.930e-20,8.245e-20,8.570e-20,0.0002,-127.22,0
BottomS086241,-7.5729,13.0476,4.397e-18,3.613e-18,1.705e-18,-0.0005,-122.68,0
BottomS086246,-7.4399,12.9839,2.221e-20,2.722e-20,3.026e-20,0.0003,-126.28,0
BottomS086249,-7.5152,13.0260,2.246e-19,2.264e-19,1.705e-19,-0.0007,-122.47,0
BottomS086255,-7.4958,13.0083,6.508e-19,6.023e-19,3.805e-19,0.0,-122.7,0
BottomS086256,-7.4647,12.9971,1.051e-15,3.539e-15,3.320e-14,-0.0001,-123.59,0
BottomS086258,-7.5753,13.0708,1.820e-18,4.761e-18,2.561e-17,-0.0,-122.71,0
BottomS086259,-7.4898,12.9917,3.738e-14,2.584e-14,9.025e-15,0.0009,-124.33,0
BottomS086266,-7.4501,12.9935,9.870e-19,2.164e-18,7.946e-18,-0.0002,-126.29,0
BottomS086271,-7.6499,13.1102,2.040e-20,2.589e-20,3.080e-20,-0.0005,-122.64,0
BottomS086279,-7.4110,12.9814,5.488e-19,7.850e-19,1.188e-18,0.0002,-125.83,0
BottomS086281,-7.4213,12.9697,1.009e-20,1.387e-20,1.874e-20,-0.0001,-127.14,0
BottomS086286,-7.4514,12.9929,2.470e-20,3.023e-20,3.159e-20,0.0,-126.06,0
BottomS086287,-7.4572,12.9950,2.433e-19,2.359e-19,1.603e-19,-0.0004,-124.84,0
BottomS086288,-7.4745,13.0006,5.896e-14,5.604e-14,3.740e-14,0.0006,-123.61,1
BottomS086293,-7.4666,12.9926,3.242e-19,3.372e-19,2.616e-19,0.0003,-124.51,0
BottomS086296,-7.4536,12.9901,2.618e-20,3.197e-20,3.443e-20,0.0,-126.06,0
BottomS086303,-7.5658,13.0499,5.069e-20,6.316e-20,7.122e-20,-0.0001,-122.43,0
BottomS086305,-7.4603,12.9899,2.898e-20,3.467e-20,3.548e-20,0.0013,-124.84,0
BottomS086306,-7.4842,13.0158,1.338e-18,2.470e-18,6.436e-18,0.0003,-123.65,0
BottomS086307,-7.4236,12.9760,2.184e-20,2.685e-20,2.906e-20,0.0009,-127.02,0
BottomS086311,-7.4606,12.9908,1.881e-19,1.966e-19,1.536e-19,-0.0007,-124.41,0
BottomS086312,-7.4646,13.0041,1.914e-18,1.711e-18,9.937e-19,0.0001,-123.79,0
BottomS086314,-7.3305,12.9335,9.721e-19,1.448e-18,2.450e-18,0.0001,-126.67,0
BottomS086316,-7.4571,12.9906,4.320e-20,5.021e-20,4.783e-20,-0.0006,-125.67,0
BottomS086325,-7.4683,12.9973,6.625e-19,6.167e-19,3.846e-19,0.0006,-124.02,0
BottomS086330,-7.4575,12.9950,3.770e-19,3.810e-19,2.800e-19,0.0001,-122.62,0
BottomS086331,-7.4757,13.0062,3.764e-20,4.609e-20,4.959e-20,0.0002,-122.96,0
BottomS086332,-7.4532,12.9932,2.676e-19,2.863e-19,2.382e-19,-0.0005,-126.38,0
BottomS086335,-7.5095,13.0222,1.891e-20,2.413e-20,2.864e-20,-0.0007,-122.63,0
BottomS086343,-7.4576,12.9920,2.059e-19,2.078e-19,1.515e-19,0.0002,-125.63,0
BottomS086344,-7.4502,12.9926,1.329e-19,1.464e-19,1.283e-19,0.0001,-125.41,0
BottomS086347,-7.4620,12.9990,2.688e-19,2.731e-19,2.066e-19,0.0005,-124.35,0
BottomS086350,-7.4687,12.9999,1.989e-20,2.435e-20,2.739e-20,0.0004,-123.4,0
BottomS086354,-7.4459,12.9914,2.224e-18,4.029e-18,9.687e-18,0.0004,-126.35,0
BottomS086356,-7.4315,12.9770,2.770e-20,3.444e-20,3.875e-20,0.0002,-126.71,0
BottomS086361,-7.4456,12.9880,6.442e-20,7.175e-20,6.665e-20,-0.0002,-126.39,0
BottomS086364,-7.4804,12.9993,6.854e-18,5.415e-18,2.374e-18,0.0007,-123.73,0
BottomS086366,-7.3529,12.9480,6.388e-20,7.458e-20,7.461e-20,-0.0005,-126.98,0
BottomS086370,-7.4488,12.9871,3.502e-20,4.072e-20,4.067e-20,0.0001,-126.18,0
BottomS086371,-7.4595,13.0011,3.425e-14,2.360e-14,8.273e-15,0.0003,-123.76,0
BottomS086372,-7.4733,12.9824,3.710e-19,3.503e-19,2.328e-19,-0.0003,-124.0,0
BottomS086373,-7.4627,12.9689,8.630e-19,7.896e-19,4.850e-19,-0.0008,-125.89,0
BottomS086374,-7.4520,13.0060,2.521e-18,3.755e-18,6.054e-18,-0.0002,-124.54,0
BottomS086375,-7.4340,12.9737,7.693e-19,6.932e-19,4.072e-19,0.0003,-127.0,0
BottomS086377,-7.4385,12.9800,9.498e-19,2.151e-18,8.137e-18,-0.0008,-126.15,0
BottomS086378,-7.4920,13.0157,4.487e-19,7.124e-19,1.299e-18,0.0001,-123.19,0
BottomS086381,-7.4500,12.9858,1.382e-17,3.795e-17,2.258e-16,0.0001,-125.65,0
BottomS086382,-7.4598,12.9865,7.377e-20,9.154e-20,1.015e-19,-0.0002,-124.99,0
BottomS086383,-7.4622,12.9874,7.119e-18,5.710e-18,2.759e-18,-0.0006,-123.87,0
BottomS086384,-7.4590,13.0032,1.284e-14,1.162e-14,6.688e-15,0.0004,-124.49,0
BottomS086387,-7.4556,13.0046,9.011e-19,8.444e-19,5.164e-19,-0.0004,-124.47,0
BottomS086388,-7.4673,13.0175,2.914e-18,2.394e-18,1.188e-18,-0.0009,-123.98,0
BottomS086391,-7.4608,12.9831,6.227e-20,7.289e-20,7.435e-20,0.0001,-125.17,0
BottomS086395,-7.4520,12.9711,3.402e-20,4.127e-20,4.453e-20,-0.0,-126.7,0
BottomS086397,-7.4562,13.0018,1.213e-19,1.239e-19,9.473e-20,-0.0,-124.54,0
BottomS086398,-7.4578,13.0090,1.342e-17,1.068e-17,4.781e-18,0.0001,-124.29,1
BottomS086400,-7.4587,12.9775,8.085e-14,5.946e-14,2.327e-14,-0.0001,-125.42,0
BottomS086401,-7.4355,12.9973,1.549e-17,1.198e-17,5.118e-18,-0.0001,-126.75,1
BottomS086405,-7.4720,13.0156,4.799e-19,4.627e-19,3.072e-19,-0.0007,-123.41,0
BottomS086406,-7.4627,13.0069,5.294e-18,4.520e-18,2.366e-18,-0.0005,-124.02,0
BottomS086409,-7.4408,12.9792,1.142e-17,8.434e-18,3.289e-18,0.0001,-126.45,0
BottomS086414,-7.4783,13.0053,4.170e-19,4.035e-19,2.795e-19,-0.0006,-123.08,0
BottomS086415,-7.4732,13.0106,1.094e-18,1.001e-18,6.186e-19,-0.0006,-123.31,0
BottomS086416,-7.4609,12.9902,1.127e-20,1.574e-20,2.250e-20,-0.0002,-124.7,0
BottomS086418,-7.4439,12.9979,1.363e-19,1.573e-19,1.446e-19,0.0007,-125.64,0
BottomS086419,-7.4493,12.9853,1.164e-18,1.055e-18,6.109e-19,-0.0003,-126.45,0
BottomS086420,-7.4678,12.9712,9.150e-20,1.070e-19,1.073e-19,-0.0006,-124.93,0
BottomS086422,-7.4261,12.9575,2.059e-18,1.814e-18,9.788e-19,-0.0003,-126.96,0
BottomS086426,-7.4861,13.0034,5.771e-18,4.622e-18,2.110e-18,0.0005,-123.11,0
BottomS086427,-7.4305,12.9695,5.053e-14,3.581e-14,1.294e-14,-0.0001,-126.95,0
BottomS086428,-7.4462,12.9806,9.536e-15,6.321e-15,2.038e-15,0.0002,-126.53,0
BottomS086429,-7.4569,12.9708,2.279e-19,2.538e-19,2.229e-19,0.0003,-125.59,0
BottomS086430,-7.4378,12.9826,6.844e-19,6.501e-19,4.223e-19,0.0006,-126.62,0
BottomS086431,-7.4867,12.9919,3.552e-19,7.383e-19,2.410e-18,-0.0002,-122.82,0
BottomS086432,-7.4489,13.0086,1.182e-18,1.101e-18,7.113e-19,-0.0,-125.03,0
BottomS086434,-7.4666,13.0029,7.620e-19,1.134e-18,1.840e-18,0.0009,-123.4,0
BottomS086435,-7.4715,13.0203,3.635e-20,4.531e-20,5.139e-20,0.0003,-122.81,0
BottomS086436,-7.4899,13.0068,1.458e-19,1.657e-19,1.505e-19,0.0012,-122.82,0
BottomS086437,-7.4223,12.9914,3.890e-15,6.595e-15,1.450e-14,-0.0016,-126.91,0
BottomS086438,-7.4347,12.9828,5.730e-19,1.023e-18,2.407e-18,0.0002,-126.17,0
BottomS086440,-7.4645,12.9713,5.501e-19,1.078e-18,3.277e-18,0.0001,-125.22,0
BottomS086441,-7.4687,12.9985,4.443e-20,5.293e-20,5.505e-20,0.0001,-123.71,0
BottomS086442,-7.4435,13.0132,1.760e-18,1.566e-18,8.782e-19,0.0003,-125.3,0
BottomS086443,-7.4807,13.0015,2.829e-19,3.003e-19,2.402e-19,-0.0005,-123.19,0
BottomS086447,-7.4382,12.9750,2.438e-19,2.548e-19,2.048e-19,-0.0003,-126.54,0
BottomS086448,-7.4656,12.9936,3.959e-19,3.945e-19,2.883e-19,0.0006,-124.33,0
BottomS086453,-7.4583,12.9660,9.011e-19,1.376e-18,2.461e-18,-0.0002,-126.15,0
BottomS086459,-7.4248,12.9858,1.271e-19,1.421e-19,1.257e-19,0.0,-127.01,0
BottomS086461,-7.4521,12.9706,1.366e-20,1.868e-20,2.596e-20,0.0007,-126.11,0
BottomS086463,-7.4559,12.9684,1.065e-19,1.214e-19,1.110e-19,0.0001,-125.47,0
BottomS086468,-7.4252,12.9764,8.271e-19,7.599e-19,4.474e-19,-0.0002,-126.98,0
BottomS086470,-7.4769,12.9705,1.577e-17,1.214e-17,5.029e-18,0.001,-124.41,1
BottomS086476,-7.4553,12.9907,9.179e-19,1.659e-18,4.204e-18,0.0001,-125.68,0
BottomS086477,-7.4643,12.9858,3.717e-17,2.671e-17,9.912e-18,-0.0005,-124.57,0
BottomS086480,-7.4638,13.0147,1.629e-19,1.681e-19,1.256e-19,0.001,-123.31,0
BottomS086482,-7.4536,12.9957,9.337e-19,8.660e-19,5.454e-19,0.0011,-125.12,0
BottomS086484,-7.4747,12.9897,1.838e-18,2.997e-18,5.939e-18,0.0006,-123.13,0
BottomS086486,-7.4561,12.9828,1.598e-20,2.132e-20,2.704e-20,0.0005,-126.31,0
BottomS086487,-7.4513,12.9979,1.493e-19,1.571e-19,1.262e-19,-0.0005,-126.07,0
BottomS086488,-7.4642,12.9970,1.226e-18,1.099e-18,6.629e-19,0.0005,-124.36,0
BottomS086492,-7.4688,12.9585,6.929e-19,6.456e-19,4.004e-19,-0.0004,-126.21,0
BottomS086494,-7.4527,13.0062,2.328e-18,1.959e-18,1.033e-18,0.0001,-124.79,0
BottomS086496,-7.4414,12.9814,1.363e-20,1.816e-20,2.478e-20,-0.0004,-126.31,0
BottomS086497,-7.4423,12.9834,1.643e-19,1.869e-19,1.720e-19,0.0003,-126.62,0
BottomS086501,-7.4778,13.0153,1.909e-18,1.559e-18,7.696e-19,0.0001,-122.87,0
BottomS086502,-7.4684,13.0052,1.979e-20,2.571e-20,3.136e-20,-0.0,-123.51,0
BottomS086504,-7.4551,12.9834,2.201e-20,2.788e-20,3.397e-20,-0.0006,-125.54,0
BottomS086506,-7.4617,13.0102,6.068e-18,5.201e-18,2.781e-18,0.0001,-123.12,0
BottomS086507,-7.4743,12.9959,2.559e-20,3.246e-20,3.813e-20,0.0004,-123.16,0
BottomS086508,-7.4847,12.9797,3.999e-18,3.318e-18,1.643e-18,-0.0003,-122.99,0
BottomS086511,-7.4673,12.9855,1.081e-19,1.172e-19,9.948e-20,0.0002,-123.43,0
BottomS086512,-7.4725,12.9999,3.627e-20,4.232e-20,4.296e-20,0.0006,-123.52,0
BottomS086513,-7.4396,12.9748,1.881e-17,1.468e-17,6.504e-18,0.0004,-126.85,1
BottomS086514,-7.4488,12.9806,3.378e-20,4.074e-20,4.309e-20,0.0,-125.96,0
BottomS086516,-7.4708,12.9760,2.059e-19,3.759e-19,9.413e-19,-0.0007,-123.37,0
BottomS086518,-7.4681,12.9964,2.433e-20,3.160e-20,3.940e-20,0.0003,-124.13,0
BottomS086521,-7.4717,13.0053,2.325e-18,4.446e-18,1.255e-17,-0.0006,-123.34,0
BottomS086524,-7.4277,12.9851,5.258e-20,5.770e-20,5.094e-20,0.0003,-127.03,0
BottomS086525,-7.4592,12.9973,9.685e-19,2.193e-18,8.706e-18,-0.0004,-124.33,0
BottomS086526,-7.4656,12.9720,7.268e-18,1.788e-17,8.564e-17,0.0002,-126.7,0
BottomS086527,-7.4478,13.0020,1.790e-20,2.226e-20,2.483e-20,0.0006,-125.44,0
BottomS086531,-7.4496,12.9993,2.173e-20,2.826e-20,3.480e-20,0.0006,-125.32,0
BottomS086532,-7.4885,13.0121,1.617e-18,2.864e-18,6.717e-18,-0.0002,-122.82,0
BottomS086534,-7.4594,12.9826,5.047e-19,4.775e-19,2.995e-19,0.0007,-125.42,0
BottomS086535,-7.4245,12.9588,3.826e-19,3.861e-19,2.870e-19,0.0003,-127.19,0
BottomS086542,-7.4754,12.9901,4.197e-18,3.349e-18,1.559e-18,-0.0001,-123.4,0
BottomS086545,-7.4542,13.0080,5.526e-19,5.036e-19,3.064e-19,-0.0002,-124.62,0
BottomS086547,-7.4625,13.0114,2.990e-19,2.964e-19,2.114e-19,0.0001,-123.81,0
BottomS086549,-7.4792,12.9784,1.823e-17,1.482e-17,7.057e-18,0.0013,-123.73,0
BottomS086550,-7.4631,12.9987,7.161e-19,6.509e-19,3.812e-19,0.0001,-124.35,0
BottomS086555,-7.4826,13.0276,1.657e-18,3.333e-18,1.007e-17,-0.0002,-122.74,0
BottomS086558,-7.4808,13.0318,1.273e-17,9.719e-18,3.943e-18,-0.0002,-122.63,0
BottomS086559,-7.4563,12.9955,4.545e-20,5.321e-20,5.427e-20,0.0002,-124.9,0
BottomS086560,-7.4540,12.9827,3.282e-18,5.745e-18,1.373e-17,0.0002,-125.75,0
BottomS086561,-7.4512,13.0116,1.524e-17,1.230e-17,5.730e-18,0.0002,-124.57,0
BottomS086562,-7.4279,12.9831,5.304e-14,3.901e-14,1.535e-14,-0.0006,-126.85,0
BottomS086564,-7.4782,13.0159,1.903e-19,1.892e-19,1.421e-19,-0.001,-122.82,0
BottomS086565,-7.4906,13.0018,4.967e-20,5.973e-20,6.194e-20,0.0004,-122.81,0
BottomS086566,-7.4674,13.0147,9.458e-17,3.037e-16,2.549e-15,0.0012,-123.67,0
BottomS086567,-7.4507,12.9778,1.041e-18,9.759e-19,6.039e-19,-0.0001,-126.18,0
BottomS086568,-7.4430,12.9714,4.948e-15,3.281e-15,9.960e-16,0.0006,-126.29,0
BottomS086569,-7.4699,13.0065,3.548e-18,4.764e-18,6.185e-18,0.0003,-123.14,0
BottomS086570,-7.4840,12.9933,3.766e-18,3.146e-18,1.577e-18,0.0002,-123.09,0
BottomS086571,-7.4508,12.9753,7.058e-18,5.699e-18,2.650e-18,-0.0006,-126.0,0
BottomS086573,-7.4496,12.9898,1.921e-19,2.066e-19,1.677e-19,-0.0004,-126.39,0
BottomS086574,-7.4643,12.9773,1.264e-18,1.101e-18,5.975e-19,-0.0001,-125.06,0
BottomS086577,-7.4579,12.9938,1.004e-16,7.021e-17,2.495e-17,0.0011,-119.85,0
BottomS086578,-7.4578,12.9937,9.265e-17,6.684e-17,2.485e-17,-0.0002,-130.62,0
BottomS086579,-7.4578,12.9936,2.143e-17,1.607e-17,6.749e-18,-0.0002,-126.7,1
BottomS086580,-7.4579,12.9937,6.752e-17,4.826e-17,1.776e-17,-0.0006,-118.93,0
BottomS086581,-7.4579,12.9936,5.685e-17,4.193e-17,1.680e-17,0.0004,-127.47,0
BottomS086583,-7.4579,12.9936,6.458e-18,5.196e-18,2.442e-18,-0.0007,-123.59,0
BottomS086584,-7.4578,12.9936,1.193e-17,9.366e-18,4.256e-18,-0.0005,-131.61,1
BottomS086585,-7.4579,12.9937,5.745e-18,4.669e-18,2.233e-18,0.0006,-120.46,0
BottomS086586,-7.4579,12.9935,8.791e-19,8.016e-19,4.747e-19,-0.0007,-130.25,0
BottomS086587,-7.4659,12.9980,1.089e-16,7.665e-17,2.805e-17,-0.0007,-123.38,0
BottomS086588,-7.4488,12.9889,7.193e-16,4.812e-16,1.655e-16,0.0006,-126.44,0
BottomS086589,-7.4691,12.9987,2.672e-16,1.806e-16,6.147e-17,0.0006,-123.24,0
BottomS086590,-7.4467,12.9885,2.740e-18,4.205e-18,7.078e-18,-0.0001,-126.47,0
BottomS086591,-7.4686,13.0005,1.843e-19,1.863e-19,1.314e-19,0.0004,-123.22,0
BottomS086592,-7.4457,12.9873,2.410e-17,1.784e-17,6.955e-18,-0.0002,-126.5,0
BottomS086593,-7.4451,12.9870,1.925e-17,1.495e-17,6.565e-18,0.0001,-126.54,1
BottomS086594,-7.4704,13.0028,4.079e-19,8.258e-19,2.551e-18,0.0007,-123.21,0
BottomS086595,-7.4714,13.0033,9.160e-17,6.691e-17,2.647e-17,0.0001,-123.2,0
BottomS086596,-7.4699,13.0007,1.102e-17,8.966e-18,4.144e-18,0.0008,-123.3,0
BottomS086597,-7.4716,13.0029,2.795e-19,2.834e-19,2.055e-19,-0.0002,-123.3,0
BottomS086598,-7.4438,12.9862,1.197e-17,9.219e-18,3.946e-18,0.0005,-126.36,1
BottomS086599,-7.4710,13.0031,9.444e-18,7.557e-18,3.436e-18,0.0002,-123.44,0
BottomS086600,-7.4463,12.9849,1.601e-18,1.454e-18,8.579e-19,0.0002,-126.16,0
BottomS086601,-7.4703,13.0016,7.814e-18,5.999e-18,2.645e-18,-0.0,-123.6,0
BottomS086602,-7.4463,12.9849,1.173e-17,9.341e-18,4.320e-18,-0.001,-126.0,0
BottomS086603,-7.4464,12.9849,6.505e-17,4.536e-17,1.635e-17,0.0,-125.97,0
BottomS086604,-7.4665,13.0010,6.420e-17,4.479e-17,1.582e-17,0.0001,-123.93,0
BottomS086605,-7.4507,12.9857,3.233e-18,2.835e-18,1.564e-18,0.0003,-125.63,0
BottomS086606,-7.4637,13.0004,3.454e-19,5.864e-19,1.289e-18,0.0007,-124.25,0
BottomS086607,-7.4527,12.9882,1.058e-18,9.813e-19,6.018e-19,0.0005,-125.4,0
BottomS086608,-7.4538,12.9890,4.298e-18,8.053e-18,2.051e-17,0.0008,-125.28,0
BottomS086609,-7.4609,12.9972,7.465e-18,6.433e-18,3.393e-18,0.0001,-124.54,0
BottomS086610,-7.4592,12.9987,2.895e-16,1.937e-16,6.241e-17,0.0001,-124.62,0
BottomS086611,-7.4599,12.9914,9.338e-19,1.694e-18,4.083e-18,0.0004,-124.81,0
BottomS086612,-7.4539,12.9941,5.385e-17,4.180e-17,1.774e-17,0.001,-125.07,0
BottomS086613,-7.4634,12.9931,2.682e-17,2.040e-17,8.480e-18,0.0001,-124.53,1
BottomS086614,-7.4494,12.9934,3.247e-17,2.507e-17,1.048e-17,0.0002,-125.36,0
BottomS086615,-7.4481,12.9909,6.209e-17,4.456e-17,1.624e-17,-0.0001,-125.53,0
BottomS086616,-7.4706,12.9978,2.620e-17,2.026e-17,9.052e-18,0.0001,-124.03,1
BottomS086617,-7.4734,12.9977,2.001e-16,1.435e-16,5.417e-17,-0.0002,-123.88,0
BottomS086618,-7.4398,12.9880,3.391e-14,2.428e-14,8.846e-15,-0.0004,-125.99,0
BottomS086619,-7.4776,13.0029,1.108e-17,8.631e-18,3.858e-18,-0.0001,-123.55,1
BottomS086620,-7.4809,13.0025,1.386e-16,9.758e-17,3.377e-17,0.0001,-123.37,0
BottomS086621,-7.4828,13.0027,6.431e-19,1.126e-18,2.669e-18,-0.0001,-123.33,0
BottomS086622,-7.4311,12.9816,6.381e-17,4.809e-17,1.900e-17,-0.0003,-126.57,0
BottomS086623,-7.4885,13.0074,2.653e-20,3.280e-20,3.646e-20,0.0007,-123.04,0
BottomS086624,-7.4257,12.9781,2.003e-17,1.551e-17,6.696e-18,0.0007,-126.72,1
BottomS086625,-7.4229,12.9776,6.580e-14,4.686e-14,1.691e-14,-0.0008,-126.88,0
BottomS086626,-7.4933,13.0095,6.044e-17,4.436e-17,1.716e-17,0.0009,-122.75,0
BottomS086627,-7.4228,12.9749,7.714e-17,5.603e-17,2.163e-17,-0.0001,-127.01,0
BottomS086628,-7.4180,12.9731,6.680e-14,5.151e-14,2.200e-14,0.0003,-127.09,1
BottomS086629,-7.4957,13.0141,3.674e-18,3.100e-18,1.595e-18,-0.0,-122.59,0
BottomS086630,-7.4976,13.0151,9.951e-18,8.239e-18,4.081e-18,-0.0006,-122.58,0
BottomS086631,-7.4156,12.9712,8.163e-19,1.419e-18,3.154e-18,0.0005,-127.19,0
BottomS086632,-7.4185,12.9709,8.817e-17,6.426e-17,2.497e-17,-0.0005,-127.15,0
BottomS086633,-7.4159,12.9683,4.696e-17,3.438e-17,1.313e-17,0.0004,-127.18,0
BottomS086634,-7.4971,13.0165,3.165e-14,2.201e-14,7.612e-15,0.0001,-122.59,0
BottomS086635,-7.4966,13.0171,3.467e-17,2.575e-17,9.972e-18,-0.0006,-122.64,0
BottomS086636,-7.5011,13.0200,4.335e-17,3.142e-17,1.248e-17,0.0004,-122.66,0
BottomS086637,-7.4974,13.0189,1.698e-19,1.832e-19,1.474e-19,0.0002,-122.71,0
BottomS086638,-7.4201,12.9710,2.097e-17,1.595e-17,6.961e-18,-0.0001,-126.94,1
BottomS086639,-7.4997,13.0199,5.519e-18,4.591e-18,2.245e-18,0.0007,-122.8,0
BottomS086640,-7.4226,12.9708,2.581e-16,1.741e-16,5.695e-17,0.0003,-126.72,0
BottomS086641,-7.4944,13.0167,2.815e-19,6.452e-19,2.636e-18,0.0011,-123.08,0
BottomS086642,-7.4897,13.0161,3.556e-17,2.672e-17,1.106e-17,0.0014,-123.21,0
BottomS086643,-7.4282,12.9730,4.467e-17,3.101e-17,1.119e-17,0.0004,-126.3,0
BottomS086644,-7.4845,13.0136,1.578e-18,2.719e-18,5.866e-18,0.0001,-123.54,0
BottomS086646,-7.4419,12.9797,1.613e-17,1.251e-17,5.397e-18,-0.0005,-125.75,1
BottomS086647,-7.4763,13.0110,2.579e-18,5.751e-18,2.206e-17,0.0005,-123.94,0
BottomS086648,-7.4704,13.0055,2.644e-18,6.790e-18,3.505e-17,0.0004,-124.2,0
BottomS086649,-7.4676,13.0066,3.571e-18,3.096e-18,1.632e-18,-0.001,-124.3,0
BottomS086650,-7.4507,12.9829,1.742e-18,2.508e-18,3.747e-18,0.0009,-125.32,0
BottomS086651,-7.4580,13.0022,7.489e-17,5.454e-17,2.116e-17,0.0003,-124.73,0
BottomS086652,-7.4630,12.9899,1.383e-16,9.581e-17,3.416e-17,0.0001,-124.76,0
BottomS086653,-7.4505,12.9971,7.575e-19,7.394e-19,4.929e-19,-0.0001,-125.04,0
BottomS086654,-7.4685,12.9920,7.472e-18,5.855e-18,2.631e-18,-0.0009,-124.54,0
BottomS086655,-7.4756,12.9956,1.542e-16,1.081e-16,3.856e-17,0.0012,-124.28,0
BottomS086656,-7.4373,12.9904,2.161e-16,1.495e-16,5.073e-17,0.0006,-125.58,0
BottomS086657,-7.4830,13.0002,5.892e-20,7.013e-20,7.367e-20,-0.0003,-123.98,0
BottomS086658,-7.4883,13.0029,1.367e-16,1.000e-16,3.828e-17,0.001,-123.78,0
BottomS086659,-7.4232,12.9828,1.772e-18,3.215e-18,8.032e-18,-0.0001,-126.09,0
BottomS086660,-7.4954,13.0082,2.641e-18,5.103e-18,1.413e-17,0.0003,-123.44,0
BottomS086662,-7.4118,12.9746,3.271e-16,2.258e-16,7.633e-17,0.0005,-126.49,0
BottomS086663,-7.4066,12.9699,3.067e-18,2.562e-18,1.265e-18,-0.0001,-126.71,0
BottomS086664,-7.5096,13.0161,4.218e-17,3.082e-17,1.186e-17,0.0009,-123.05,0
BottomS086665,-7.5159,13.0210,1.806e-18,1.610e-18,8.828e-19,-0.0001,-122.79,0
BottomS086666,-7.3969,12.9649,1.127e-17,8.914e-18,3.978e-18,-0.0,-126.96,1
BottomS086667,-7.3920,12.9612,2.747e-18,2.522e-18,1.551e-18,0.0005,-127.05,0
BottomS086668,-7.3941,12.9583,1.959e-19,1.947e-19,1.429e-19,-0.0005,-127.19,0
BottomS086669,-7.3877,12.9580,4.273e-14,4.198e-14,2.907e-14,0.0003,-127.19,1
BottomS086670,-7.3867,12.9560,2.888e-18,2.482e-18,1.316e-18,0.0004,-127.21,0
BottomS086671,-7.5306,13.0324,2.068e-17,1.568e-17,6.387e-18,0.0004,-122.44,1
BottomS086672,-7.5330,13.0348,2.944e-19,2.915e-19,2.065e-19,-0.0007,-122.43,0
BottomS086673,-7.3870,12.9534,1.080e-18,2.155e-18,6.724e-18,-0.0,-127.28,0
BottomS086674,-7.5311,13.0357,3.309e-17,2.331e-17,8.648e-18,-0.0001,-122.46,0
BottomS086675,-7.3873,12.9539,2.152e-17,1.622e-17,6.834e-18,0.0003,-127.27,1
BottomS086676,-7.3854,12.9506,1.258e-17,9.889e-18,4.477e-18,-0.0003,-127.24,1
BottomS086677,-7.3892,12.9537,1.237e-17,9.756e-18,4.365e-18,-0.0002,-127.14,1
BottomS086678,-7.3949,12.9550,3.907e-18,3.374e-18,1.767e-18,0.0,-127.11,0
BottomS086679,-7.3946,12.9538,9.082e-18,7.346e-18,3.431e-18,0.0008,-127.02,0
BottomS086680,-7.5177,13.0310,2.544e-17,1.861e-17,7.204e-18,-0.0004,-122.8,0
BottomS086682,-7.5133,13.0315,1.668e-18,1.422e-18,7.311e-19,0.0001,-123.0,0
BottomS086683,-7.5073,13.0270,3.736e-18,6.421e-18,1.390e-17,0.0003,-123.18,0
BottomS086684,-7.4099,12.9594,1.046e-17,8.232e-18,3.717e-18,-0.0005,-126.43,1
BottomS086685,-7.4993,13.0264,3.994e-19,3.907e-19,2.706e-19,-0.0002,-123.43,0
BottomS086686,-7.4181,12.9629,2.512e-18,2.151e-18,1.121e-18,-0.0002,-126.17,0
BottomS086687,-7.4248,12.9639,2.621e-18,2.220e-18,1.113e-18,0.0001,-125.92,0
BottomS086688,-7.4869,13.0203,7.112e-19,1.298e-18,3.262e-18,-0.0006,-123.9,0
BottomS086689,-7.4372,12.9734,2.018e-16,1.376e-16,4.830e-17,-0.0,-125.61,0
BottomS086690,-7.4743,13.0128,1.656e-18,1.486e-18,8.358e-19,-0.0001,-124.26,0
BottomS086692,-7.4579,12.9819,1.529e-14,1.018e-14,3.341e-15,-0.0003,-124.99,0
BottomS086693,-7.4555,13.0047,3.035e-17,2.289e-17,9.152e-18,-0.0,-124.82,0
BottomS086694,-7.4702,12.9876,6.983e-19,1.051e-18,1.803e-18,-0.0003,-124.66,0
BottomS086695,-7.4403,12.9959,1.613e-16,1.163e-16,4.220e-17,-0.0001,-125.23,0
BottomS086696,-7.4800,12.9957,1.339e-18,2.369e-18,5.449e-18,-0.0002,-124.35,0
BottomS086697,-7.4282,12.9883,8.524e-18,6.889e-18,3.227e-18,-0.0009,-125.57,0
BottomS086698,-7.4184,12.9839,6.167e-20,6.922e-20,6.606e-20,-0.0003,-125.78,0
BottomS086699,-7.4172,12.9808,1.778e-20,2.261e-20,2.694e-20,-0.001,-125.92,0
BottomS086700,-7.4078,12.9772,1.729e-18,2.518e-18,4.036e-18,0.0008,-126.08,0
BottomS086701,-7.4025,12.9736,1.922e-16,1.337e-16,4.852e-17,0.0011,-126.29,0
BottomS086702,-7.3968,12.9698,7.119e-18,5.782e-18,2.795e-18,-0.0003,-126.4,0
BottomS086703,-7.5240,13.0218,4.954e-18,4.080e-18,2.059e-18,0.0005,-123.22,0
BottomS086704,-7.3892,12.9627,9.894e-18,8.105e-18,3.952e-18,0.0002,-126.73,0
BottomS086706,-7.5373,13.0305,8.533e-18,6.863e-18,3.179e-18,0.0001,-122.79,0
BottomS086707,-7.5458,13.0360,3.179e-17,2.405e-17,9.895e-18,-0.0004,-122.63,1
BottomS086708,-7.3657,12.9476,4.236e-17,3.066e-17,1.147e-17,-0.0005,-127.18,0
BottomS086709,-7.5517,13.0399,1.714e-16,1.180e-16,4.010e-17,0.0002,-122.49,0
BottomS086710,-7.3634,12.9438,2.598e-18,2.203e-18,1.126e-18,-0.0003,-127.25,0
BottomS086711,-7.5558,13.0442,2.870e-18,4.483e-18,8.159e-18,0.001,-122.4,0
BottomS086712,-7.5612,13.0474,7.574e-18,5.773e-18,2.523e-18,0.0001,-122.4,1
BottomS086713,-7.3560,12.9369,6.908e-19,1.331e-18,3.919e-18,-0.0004,-127.36,0
BottomS086714,-7.3492,12.9326,1.010e-17,7.853e-18,3.597e-18,0.0003,-127.39,1
BottomS086715,-7.5600,13.0506,4.755e-14,3.357e-14,1.189e-14,-0.0,-122.39,0
BottomS086716,-7.5635,13.0539,1.993e-18,1.698e-18,8.654e-19,-0.0007,-122.36,0
BottomS086717,-7.5565,13.0511,2.021e-18,3.434e-18,7.747e-18,-0.0,-122.46,0
BottomS086718,-7.5644,13.0582,4.109e-18,7.986e-18,2.290e-17,-0.0001,-122.51,0
BottomS086719,-7.5538,13.0520,1.079e-17,8.205e-18,3.548e-18,-0.0006,-122.52,1
BottomS086721,-7.3633,12.9345,1.212e-17,9.111e-18,3.776e-18,0.0002,-126.98,0
BottomS086722,-7.5371,13.0460,1.533e-16,1.068e-16,3.827e-17,0.0007,-122.85,0
BottomS086723,-7.3789,12.9401,2.456e-19,2.514e-19,1.891e-19,-0.0008,-126.78,0
BottomS086724,-7.3886,12.9448,8.381e-19,7.524e-19,4.270e-19,-0.0006,-126.57,0
BottomS086725,-7.5201,13.0403,5.422e-20,6.458e-20,6.798e-20,-0.0003,-123.33,0
BottomS086726,-7.3998,12.9503,1.303e-20,1.804e-20,2.479e-20,-0.0005,-126.29,0
BottomS086727,-7.5164,13.0365,4.262e-18,3.451e-18,1.625e-18,-0.0001,-123.46,0
BottomS086728,-7.4072,12.9533,7.532e-18,5.679e-18,2.303e-18,0.0003,-126.04,0
BottomS086729,-7.4906,13.0270,8.992e-18,7.178e-18,3.323e-18,-0.0002,-123.99,0
BottomS086730,-7.4920,13.0282,2.873e-18,2.462e-18,1.305e-18,-0.0003,-123.97,0
BottomS086731,-7.4387,12.9684,1.688e-18,3.243e-18,8.948e-18,0.0005,-125.41,0
BottomS086732,-7.4448,12.9712,6.985e-19,1.179e-18,2.544e-18,0.0004,-125.27,0
BottomS086733,-7.4650,13.0112,9.169e-17,6.701e-17,2.664e-17,-0.0001,-124.6,0
BottomS086734,-7.4513,13.0066,1.057e-18,1.785e-18,3.824e-18,0.0,-124.87,0
BottomS086735,-7.4402,13.0011,2.416e-20,3.024e-20,3.607e-20,0.0009,-125.11,0
BottomS086736,-7.4380,12.9972,4.681e-17,3.377e-17,1.263e-17,0.0002,-125.13,0
BottomS086737,-7.4868,12.9941,1.103e-17,9.051e-18,4.473e-18,-0.0002,-124.38,0
BottomS086738,-7.4166,12.9874,6.436e-17,4.584e-17,1.640e-17,-0.0006,-125.57,0
BottomS086739,-7.4070,12.9831,1.221e-17,9.574e-18,4.311e-18,0.0004,-125.73,1
BottomS086740,-7.5153,13.0105,1.164e-18,1.059e-18,6.347e-19,-0.0005,-123.82,0
BottomS086741,-7.4498,12.9886,2.087e-18,1.811e-18,1.002e-18,-0.0001,-126.44,0
BottomS086742,-7.4482,12.9899,4.224e-18,3.430e-18,1.623e-18,-0.0001,-126.46,0
BottomS086744,-7.4676,13.0007,2.057e-18,1.856e-18,1.065e-18,-0.0004,-123.28,0
BottomS086747,-7.4462,12.9891,4.309e-18,3.719e-18,1.999e-18,0.001,-126.44,0
BottomS086750,-7.4458,12.9865,1.050e-17,7.961e-18,3.270e-18,0.0002,-126.39,0
BottomS086751,-7.4706,13.0022,1.548e-18,1.385e-18,8.185e-19,0.0003,-123.35,0
BottomS086753,-7.4454,12.9885,2.122e-20,2.829e-20,3.635e-20,-0.0003,-126.27,0
BottomS086755,-7.4444,12.9883,5.234e-20,6.153e-20,6.132e-20,0.0,-126.26,0
BottomS086756,-7.4467,12.9870,2.599e-18,2.203e-18,1.149e-18,0.0001,-126.12,0
BottomS086758,-7.4678,13.0022,1.200e-18,1.152e-18,7.565e-19,-0.0007,-123.73,0
BottomS086759,-7.4507,12.9867,8.814e-18,6.752e-18,2.992e-18,0.0005,-125.76,1
BottomS086761,-7.4499,12.9876,3.971e-19,4.079e-19,3.133e-19,-0.0003,-125.66,0
BottomS086762,-7.4660,13.0014,1.802e-18,3.556e-18,1.006e-17,0.0009,-124.0,0
BottomS086763,-7.4525,12.9889,8.107e-18,6.684e-18,3.292e-18,-0.0003,-125.43,0
BottomS086764,-7.4532,12.9899,1.102e-19,1.257e-19,1.235e-19,-0.0005,-125.37,0
BottomS086768,-7.4589,12.9862,2.259e-20,2.816e-20,3.167e-20,0.0011,-125.03,0
BottomS086769,-7.4592,12.9898,1.395e-19,1.499e-19,1.248e-19,0.0,-124.88,0
BottomS086771,-7.4541,12.9937,1.058e-17,8.391e-18,3.868e-18,0.0008,-125.06,1
BottomS086772,-7.4631,12.9943,2.199e-19,2.249e-19,1.689e-19,-0.0001,-124.5,0
BottomS086774,-7.4490,12.9939,1.926e-19,2.110e-19,1.861e-19,-0.0006,-125.41,0
BottomS086775,-7.4485,12.9916,3.234e-18,2.752e-18,1.401e-18,0.0001,-125.51,0
BottomS086776,-7.4701,12.9949,1.347e-18,1.199e-18,6.686e-19,0.0003,-124.1,0
BottomS086777,-7.4445,12.9929,1.076e-18,2.227e-18,7.129e-18,0.001,-125.73,0
BottomS086778,-7.4435,12.9875,7.335e-19,6.734e-19,4.119e-19,0.0002,-125.9,0
BottomS086779,-7.4752,12.9984,4.514e-19,4.200e-19,2.625e-19,-0.0001,-123.73,0
BottomS086780,-7.4389,12.9875,2.094e-18,4.636e-18,1.747e-17,-0.0002,-126.17,0
BottomS086781,-7.4377,12.9864,1.168e-17,9.160e-18,4.152e-18,0.0008,-126.24,1
BottomS086783,-7.4349,12.9863,3.277e-20,3.921e-20,4.124e-20,-0.0003,-126.41,0
BottomS086785,-7.4857,13.0053,2.663e-14,2.277e-14,1.195e-14,0.0002,-123.1,0
BottomS086787,-7.4244,12.9786,1.955e-19,2.111e-19,1.789e-19,-0.0001,-126.84,0
BottomS086789,-7.4873,13.0115,1.598e-17,1.241e-17,5.246e-18,0.0004,-122.83,1
BottomS086790,-7.4220,12.9790,1.011e-17,8.227e-18,3.841e-18,0.0004,-126.84,0
BottomS086793,-7.4250,12.9780,6.114e-19,5.950e-19,4.177e-19,-0.0004,-127.02,0
BottomS086794,-7.4198,12.9724,3.152e-20,3.852e-20,4.103e-20,-0.0001,-127.17,0
BottomS086795,-7.4998,13.0186,6.614e-17,4.956e-17,2.021e-17,-0.0005,-122.58,0
BottomS086796,-7.4192,12.9727,1.432e-18,1.268e-18,7.306e-19,0.0003,-127.15,0
BottomS086797,-7.4172,12.9732,5.615e-19,5.348e-19,3.601e-19,0.0002,-127.15,0
BottomS086798,-7.4158,12.9685,1.496e-20,2.036e-20,2.683e-20,-0.0003,-127.18,0
BottomS086799,-7.4953,13.0168,4.976e-18,9.406e-18,2.505e-17,0.0002,-122.58,0
BottomS086800,-7.4921,13.0103,2.931e-18,2.492e-18,1.302e-18,-0.0002,-122.62,0
BottomS086801,-7.4965,13.0177,4.067e-20,4.898e-20,5.209e-20,0.0003,-122.61,0
BottomS086802,-7.4205,12.9713,3.930e-18,3.297e-18,1.662e-18,0.0002,-127.08,0
BottomS086803,-7.4962,13.0155,2.494e-20,3.172e-20,3.652e-20,-0.0013,-122.7,0
BottomS086804,-7.4194,12.9734,2.951e-15,1.973e-15,6.214e-16,-0.0002,-127.01,0
BottomS086806,-7.4940,13.0142,2.432e-20,2.979e-20,3.236e-20,0.0,-122.86,0
BottomS086807,-7.4912,13.0109,2.939e-18,2.479e-18,1.315e-18,-0.0008,-122.96,0
BottomS086808,-7.4242,12.9704,1.115e-18,2.189e-18,6.618e-18,-0.0002,-126.71,0
BottomS086809,-7.4913,13.0161,2.155e-14,1.453e-14,4.882e-15,-0.0003,-123.05,0
BottomS086810,-7.4920,13.0139,6.207e-19,6.017e-19,3.984e-19,0.0006,-123.07,0
BottomS086811,-7.4289,12.9700,4.762e-17,3.467e-17,1.302e-17,0.0001,-126.5,0
BottomS086812,-7.4858,13.0162,4.937e-19,8.971e-19,2.272e-18,-0.0004,-123.29,0
BottomS086813,-7.4317,12.9728,1.018e-18,8.955e-19,5.045e-19,-0.0001,-126.27,0
BottomS086815,-7.4332,12.9755,1.151e-18,1.023e-18,6.004e-19,-0.0008,-126.08,0
BottomS086816,-7.4807,13.0123,1.565e-20,2.001e-20,2.308e-20,0.0006,-123.74,0
BottomS086818,-7.4349,12.9756,8.294e-18,6.950e-18,3.489e-18,0.0005,-125.94,0
BottomS086820,-7.4679,13.0074,5.190e-20,6.358e-20,6.819e-20,-0.0004,-124.22,0
BottomS086821,-7.4646,13.0043,6.702e-18,5.342e-18,2.458e-18,0.0001,-124.43,0
BottomS086823,-7.4521,12.9859,3.006e-18,2.702e-18,1.526e-18,-0.0004,-125.23,0
BottomS086824,-7.4602,12.9904,4.314e-19,7.703e-19,1.809e-18,-0.0007,-124.85,0
BottomS086825,-7.4504,12.9957,1.568e-20,2.136e-20,3.004e-20,0.0003,-125.06,0
BottomS086826,-7.4607,12.9912,7.936e-17,5.732e-17,2.248e-17,0.0,-124.82,0
BottomS086827,-7.4660,12.9932,1.665e-18,3.010e-18,7.332e-18,0.0,-124.61,0
BottomS086828,-7.4413,12.9919,5.146e-19,4.971e-19,3.464e-19,0.001,-125.42,0
BottomS086831,-7.4828,13.0007,3.057e-19,3.242e-19,2.567e-19,0.0001,-123.97,0
BottomS086832,-7.4308,12.9860,2.092e-18,1.921e-18,1.182e-18,0.0,-125.83,0
BottomS086833,-7.4855,13.0045,7.093e-14,5.181e-14,2.050e-14,0.0003,-123.76,0
BottomS086835,-7.4945,13.0031,2.960e-18,2.408e-18,1.141e-18,-0.0009,-123.59,0
BottomS086836,-7.4212,12.9807,4.140e-18,3.328e-18,1.530e-18,0.0013,-126.3,0
BottomS086837,-7.4176,12.9778,4.990e-17,3.756e-17,1.468e-17,-0.0001,-126.45,0
BottomS086838,-7.4083,12.9741,4.803e-17,3.439e-17,1.307e-17,-0.0004,-126.56,0
BottomS086839,-7.4113,12.9739,9.028e-20,9.603e-20,8.018e-20,0.0003,-126.61,0
BottomS086840,-7.4061,12.9682,8.594e-14,6.711e-14,2.860e-14,-0.0002,-126.69,1
BottomS086841,-7.4042,12.9690,3.446e-18,2.937e-18,1.477e-18,-0.0,-126.87,0
BottomS086843,-7.5205,13.0225,5.483e-17,3.919e-17,1.475e-17,0.0005,-122.81,0
BottomS086844,-7.3985,12.9651,5.695e-18,4.742e-18,2.301e-18,-0.0001,-126.98,0
BottomS086845,-7.5121,13.0209,5.502e-19,5.393e-19,3.835e-19,0.0001,-122.63,0
BottomS086846,-7.3900,12.9590,6.547e-18,5.383e-18,2.645e-18,-0.0009,-127.13,0
BottomS086848,-7.3931,12.9594,2.076e-18,3.928e-18,1.093e-17,-0.0003,-127.2,0
BottomS086849,-7.3911,12.9574,4.814e-17,3.528e-17,1.368e-17,0.0001,-127.28,0
BottomS086850,-7.5346,13.0344,1.755e-18,3.136e-18,7.548e-18,-0.0003,-122.38,0
BottomS086851,-7.5240,13.0269,1.307e-19,1.409e-19,1.230e-19,0.0007,-122.47,0
BottomS086852,-7.3893,12.9550,3.208e-18,6.207e-18,1.794e-17,0.0001,-127.26,0
BottomS086853,-7.3903,12.9564,2.867e-20,3.523e-20,3.902e-20,0.0014,-127.27,0
BottomS086854,-7.5313,13.0356,4.297e-20,5.275e-20,5.726e-20,-0.0006,-122.46,0
BottomS086855,-7.5258,13.0357,6.264e-20,6.889e-20,5.906e-20,0.0001,-122.46,0
BottomS086856,-7.5264,13.0339,2.817e-17,2.139e-17,8.855e-18,-0.0005,-122.47,1
BottomS086857,-7.3868,12.9523,3.539e-18,3.047e-18,1.625e-18,-0.0001,-127.24,0
BottomS086858,-7.3843,12.9526,9.529e-19,9.258e-19,6.574e-19,0.0003,-127.16,0
BottomS086859,-7.5351,13.0421,5.791e-19,5.878e-19,4.281e-19,0.0002,-122.54,0
BottomS086860,-7.3887,12.9510,4.656e-18,3.860e-18,1.933e-18,-0.0005,-127.04,0
BottomS086862,-7.3983,12.9540,1.768e-17,1.339e-17,5.401e-18,0.0,-126.87,0
BottomS086863,-7.3913,12.9524,1.379e-17,1.086e-17,4.737e-18,-0.0008,-126.91,1
BottomS086866,-7.5139,13.0318,8.483e-17,6.197e-17,2.366e-17,0.0,-123.09,0
BottomS086867,-7.4058,12.9571,1.522e-18,2.481e-18,4.850e-18,-0.0005,-126.53,0
BottomS086868,-7.4137,12.9601,1.883e-18,1.554e-18,7.922e-19,-0.0008,-126.3,0
BottomS086869,-7.5050,13.0304,1.357e-18,2.567e-18,6.866e-18,-0.0006,-123.38,0
BottomS086870,-7.4231,12.9660,5.417e-18,1.375e-17,6.762e-17,0.0002,-126.1,0
BottomS086871,-7.4944,13.0211,2.559e-18,5.800e-18,2.369e-17,0.0002,-123.58,0
BottomS086872,-7.4894,13.0214,1.549e-18,1.343e-18,7.343e-19,-0.0013,-123.73,0
BottomS086873,-7.4777,13.0122,6.751e-20,7.555e-20,7.036e-20,0.0007,-124.16,0
BottomS086874,-7.4789,13.0133,3.124e-20,3.751e-20,3.790e-20,-0.0004,-124.01,0
BottomS086875,-7.4715,13.0099,4.808e-20,5.762e-20,5.904e-20,-0.0003,-124.34,0
BottomS086876,-7.4764,13.0155,1.196e-17,9.621e-18,4.543e-18,0.0002,-124.1,0
BottomS086877,-7.4598,13.0083,9.315e-19,1.672e-18,4.052e-18,-0.0005,-124.67,0
BottomS086879,-7.4606,13.0023,4.132e-19,7.047e-19,1.488e-18,0.0002,-124.69,0
BottomS086880,-7.4660,12.9857,1.440e-18,1.226e-18,6.425e-19,0.0002,-124.74,0
BottomS086882,-7.4728,12.9890,1.899e-17,1.364e-17,4.983e-18,0.0007,-124.58,0
BottomS086883,-7.4700,12.9941,1.448e-18,1.239e-18,6.673e-19,-0.0009,-124.52,0
BottomS086884,-7.4847,12.9942,1.722e-14,2.130e-14,2.381e-14,0.0005,-124.29,0
BottomS086885,-7.4837,12.9988,3.804e-18,3.094e-18,1.440e-18,-0.0002,-124.17,0
BottomS086886,-7.4202,12.9859,3.346e-18,2.786e-18,1.399e-18,0.0002,-125.76,0
BottomS086888,-7.4094,12.9833,1.988e-17,1.592e-17,7.255e-18,-0.0003,-125.98,1
BottomS086889,-7.4032,12.9759,2.229e-18,3.573e-18,6.783e-18,-0.0003,-126.13,0
BottomS086890,-7.4087,12.9733,3.038e-17,2.275e-17,9.455e-18,0.0007,-126.26,0
BottomS086891,-7.5158,13.0157,5.333e-18,4.376e-18,2.137e-18,-0.0,-123.37,0
BottomS086892,-7.4016,12.9717,7.926e-19,7.229e-19,4.337e-19,-0.0005,-126.4,0
BottomS086893,-7.5230,13.0210,1.782e-20,2.250e-20,2.576e-20,0.0001,-123.24,0
BottomS086894,-7.3892,12.9623,1.814e-19,1.963e-19,1.702e-19,0.001,-126.7,0
BottomS086895,-7.3760,12.9594,8.866e-14,6.804e-14,2.825e-14,0.0002,-126.78,1
BottomS086896,-7.3787,12.9600,3.214e-17,2.331e-17,8.836e-18,-0.0004,-126.8,0
BottomS086897,-7.3801,12.9587,1.958e-19,2.086e-19,1.697e-19,0.0001,-126.9,0
BottomS086898,-7.5416,13.0334,4.212e-20,4.928e-20,4.955e-20,-0.0007,-122.81,0
BottomS086899,-7.3827,12.9566,1.453e-20,1.894e-20,2.359e-20,0.0008,-126.98,0
BottomS086900,-7.3690,12.9487,3.065e-18,2.753e-18,1.567e-18,0.0,-127.12,0
BottomS086902,-7.3549,12.9408,8.465e-19,1.724e-18,5.398e-18,-0.0003,-127.29,0
BottomS086903,-7.3616,12.9433,3.561e-18,3.216e-18,1.876e-18,-0.0001,-127.35,0
BottomS086904,-7.3672,12.9491,1.954e-14,2.240e-14,2.112e-14,0.0001,-127.26,0
BottomS086905,-7.5504,13.0437,9.288e-17,6.613e-17,2.402e-17,0.0004,-122.43,0
BottomS086906,-7.5635,13.0517,5.999e-18,4.844e-18,2.338e-18,-0.0005,-122.36,0
BottomS086908,-7.5421,13.0382,1.728e-18,3.943e-18,1.612e-17,-0.0005,-122.44,0
BottomS086909,-7.5627,13.0543,3.102e-17,2.369e-17,9.997e-18,-0.0003,-122.39,1
BottomS086910,-7.5574,13.0535,1.821e-17,1.436e-17,6.261e-18,0.0005,-122.37,1
BottomS086911,-7.3532,12.9319,8.953e-19,1.357e-18,2.252e-18,-0.0003,-127.27,0
BottomS086914,-7.5471,13.0484,2.665e-16,1.762e-16,5.646e-17,-0.0004,-122.53,0
BottomS086915,-7.5557,13.0576,4.032e-19,4.081e-19,3.124e-19,0.0002,-122.57,0
BottomS086916,-7.3816,12.9490,8.890e-18,7.123e-18,3.233e-18,0.0006,-127.0,0
BottomS086917,-7.5380,13.0441,2.502e-18,2.347e-18,1.480e-18,0.0003,-122.75,0
BottomS086920,-7.3746,12.9385,7.272e-18,5.830e-18,2.676e-18,-0.0008,-126.79,0
BottomS086921,-7.3909,12.9461,6.612e-19,5.905e-19,3.499e-19,-0.0003,-126.62,0
BottomS086923,-7.3913,12.9436,4.879e-18,3.942e-18,1.862e-18,-0.0002,-126.52,0
BottomS086925,-7.3951,12.9466,4.270e-17,3.126e-17,1.217e-17,-0.0009,-126.4,0
BottomS086926,-7.5040,13.0329,6.651e-19,6.787e-19,5.172e-19,0.0005,-123.67,0
BottomS086927,-7.4203,12.9578,1.745e-20,2.309e-20,2.983e-20,-0.0006,-125.86,0
BottomS086928,-7.5010,13.0302,5.933e-20,7.031e-20,7.190e-20,0.0006,-123.69,0
BottomS086930,-7.4895,13.0250,1.487e-19,1.532e-19,1.192e-19,0.0002,-124.0,0
BottomS086931,-7.4742,13.0199,1.696e-18,1.518e-18,8.563e-19,-0.0005,-124.34,0
BottomS086932,-7.4771,13.0170,7.328e-18,6.083e-18,3.018e-18,-0.0005,-124.26,0
BottomS086935,-7.4528,13.0032,2.605e-14,1.819e-14,6.203e-15,0.0006,-124.87,0
BottomS086936,-7.4805,12.9861,9.154e-19,1.667e-18,4.138e-18,0.0001,-124.54,0
BottomS086937,-7.4369,12.9946,9.871e-19,9.603e-19,6.306e-19,-0.0005,-125.21,0
BottomS086938,-7.4825,12.9909,4.114e-14,3.140e-14,1.356e-14,-0.0002,-124.48,1
BottomS086939,-7.4918,12.9965,3.680e-19,5.398e-19,8.243e-19,-0.0005,-124.29,0
BottomS086940,-7.4217,12.9898,2.473e-18,4.406e-18,1.093e-17,0.0007,-125.56,0
BottomS086941,-7.4185,12.9855,1.363e-19,1.403e-19,1.069e-19,-0.0,-125.66,0
BottomS086943,-7.4008,12.9762,1.065e-17,8.431e-18,3.759e-18,0.0,-125.98,1
BottomS086946,-7.3786,12.9648,6.217e-19,5.878e-19,3.773e-19,-0.0007,-126.3,0
BottomS086948,-6.9520,13.3191,2.110e-18,1.815e-18,9.768e-19,-0.0001,-116.58,0
BottomS086951,-6.7382,13.3158,1.451e-20,1.901e-20,2.416e-20,0.0006,-116.13,0
BottomS086953,-6.9877,13.3293,6.887e-19,1.203e-18,2.760e-18,0.0004,-118.89,0
BottomS086955,-6.9472,13.3212,1.521e-18,1.815e-18,1.824e-18,0.0001,-116.65,0
BottomS086966,-6.9348,13.3034,4.907e-20,5.946e-20,6.343e-20,-0.0003,-117.02,0
BottomS086972,-7.0030,13.3056,1.234e-18,2.672e-18,9.666e-18,-0.0001,-119.75,0
BottomS086978,-6.9926,13.3091,5.360e-20,6.411e-20,6.584e-20,-0.0002,-119.58,0
BottomS086979,-6.9557,13.3147,1.709e-18,3.108e-18,7.449e-18,-0.0,-119.15,0
BottomS086986,-6.9417,13.3368,2.447e-14,1.674e-14,5.655e-15,-0.0001,-116.82,0
BottomS086990,-6.9564,13.3088,6.691e-17,4.459e-17,1.389e-17,0.0004,-118.56,0
BottomS086991,-6.9521,13.3177,1.044e-20,1.385e-20,1.756e-20,-0.0005,-117.62,0
BottomS086993,-6.9566,13.3098,1.240e-19,1.266e-19,9.499e-20,-0.0004,-119.09,0
BottomS086995,-6.9653,13.2846,6.554e-19,1.044e-18,1.955e-18,0.0002,-118.81,0
BottomS087007,-6.9511,13.3110,1.093e-20,1.483e-20,2.015e-20,0.0001,-117.8,0
BottomS087009,-6.9596,13.3306,2.365e-19,2.464e-19,1.972e-19,0.0001,-117.98,0
BottomS087013,-6.9613,13.3073,1.856e-19,1.897e-19,1.418e-19,-0.0004,-119.17,0
BottomS087015,-6.9824,13.3006,6.797e-20,7.372e-20,6.408e-20,0.0008,-119.52,0
BottomS087016,-6.9598,13.3124,1.283e-19,1.271e-19,8.983e-20,0.0003,-118.89,0
BottomS087018,-6.9954,13.2927,1.827e-20,2.230e-20,2.472e-20,0.0,-119.47,0
BottomS087033,-6.9400,13.2989,6.437e-18,4.894e-18,2.062e-18,0.0017,-117.38,0
BottomS087034,-6.9433,13.3126,1.005e-20,1.358e-20,1.892e-20,0.0005,-116.76,0
BottomS087035,-6.9539,13.3145,5.361e-17,1.610e-16,1.124e-15,0.0002,-118.9,0
BottomS087036,-6.9292,13.3092,2.910e-18,2.496e-18,1.372e-18,0.0006,-116.3,0
BottomS087038,-6.9679,13.3144,1.246e-19,1.377e-19,1.179e-19,0.0003,-119.17,0
BottomS087039,-6.9584,13.2997,2.026e-19,2.128e-19,1.664e-19,0.0001,-118.7,0
BottomS087044,-6.9603,13.3120,6.387e-14,4.773e-14,1.860e-14,0.0002,-118.92,0
BottomS087051,-6.9532,13.3188,5.860e-15,3.762e-15,1.166e-15,-0.0007,-118.66,0
BottomS087052,-6.9562,13.3073,2.272e-18,1.835e-18,8.867e-19,0.0004,-118.74,0
BottomS087058,-6.9280,13.3298,3.230e-20,3.865e-20,4.065e-20,-0.0003,-116.26,0
BottomS087062,-6.9963,13.2012,3.488e-20,4.288e-20,4.641e-20,0.0001,-118.79,0
BottomS087063,-6.9526,13.3181,3.176e-19,3.135e-19,2.147e-19,0.0003,-116.86,0
BottomS087076,-6.9155,13.3160,7.074e-19,6.760e-19,4.353e-19,0.0003,-116.18,0
BottomS087082,-6.8455,13.3342,1.399e-20,1.896e-20,2.490e-20,-0.0,-115.87,0
BottomS087083,-6.9845,13.2986,4.446e-20,5.269e-20,5.352e-20,0.0006,-119.59,0
BottomS087084,-6.7811,13.3639,2.104e-19,3.878e-19,1.001e-18,0.0001,-115.84,0
BottomS087101,-6.9568,13.3107,4.595e-19,4.557e-19,3.265e-19,-0.0,-118.51,0
BottomS087103,-6.9189,13.3260,1.935e-20,2.296e-20,2.382e-20,0.0011,-115.97,0
BottomS087111,-6.9497,13.3153,3.550e-19,6.966e-19,2.062e-18,-0.0001,-116.57,0
BottomS087118,-6.8982,13.3246,1.469e-18,2.217e-18,3.666e-18,0.0009,-115.92,0
BottomS087125,-7.0112,13.3135,1.099e-18,1.996e-18,4.945e-18,-0.0002,-119.47,0
BottomS087128,-6.9346,13.3496,1.458e-19,1.633e-19,1.449e-19,0.0004,-116.67,0
BottomS087130,-6.9384,13.2760,3.332e-18,5.703e-18,1.236e-17,0.0011,-117.77,0
BottomS087131,-6.9475,13.3197,8.612e-19,8.098e-19,5.121e-19,0.0005,-116.87,0
BottomS087133,-6.9569,13.3069,2.085e-20,2.683e-20,3.255e-20,0.0004,-118.92,0
BottomS087138,-6.9253,13.3037,1.770e-20,2.284e-20,2.843e-20,0.0004,-116.57,0
BottomS087148,-6.9797,13.2526,1.144e-19,1.198e-19,9.764e-20,0.001,-118.76,0
BottomS087152,-6.9524,13.3163,1.475e-19,1.640e-19,1.463e-19,0.0002,-118.83,0
BottomS087154,-6.9617,13.3258,1.827e-18,1.641e-18,9.324e-19,-0.0002,-118.46,0
BottomS087158,-6.9354,13.2996,8.454e-19,1.497e-18,3.561e-18,-0.0001,-117.3,0
BottomS087159,-6.9539,13.3206,1.610e-18,3.570e-18,1.320e-17,0.0,-118.18,0
BottomS087168,-6.9548,13.3182,2.280e-20,2.819e-20,3.207e-20,-0.0,-118.21,0
BottomS087169,-6.9788,13.3206,1.782e-20,2.215e-20,2.539e-20,-0.0002,-119.13,0
BottomS087171,-6.8912,13.3254,1.793e-14,2.198e-14,2.480e-14,-0.0006,-115.93,0
BottomS087173,-6.9358,13.2937,1.153e-18,2.355e-18,7.455e-18,0.0003,-117.4,0
BottomS087178,-6.8501,13.4003,1.562e-19,1.643e-19,1.330e-19,-0.0004,-115.96,0
BottomS087182,-6.9020,13.4334,8.573e-20,9.537e-20,8.302e-20,0.0003,-116.81,0
BottomS087185,-6.9442,13.3292,2.060e-19,2.094e-19,1.593e-19,0.0007,-116.87,0
BottomS087187,-6.9442,13.3221,1.467e-18,2.500e-18,5.535e-18,0.0008,-116.74,0
BottomS087193,-6.9682,13.3111,2.953e-20,3.889e-20,4.958e-20,0.0002,-119.32,0
BottomS087195,-6.9350,13.3265,1.942e-20,2.416e-20,2.796e-20,-0.0002,-116.29,0
BottomS087198,-6.9726,13.3439,1.244e-14,1.508e-14,1.624e-14,0.0003,-118.28,0
BottomS087200,-6.9685,13.3045,3.748e-19,3.741e-19,2.713e-19,0.0002,-119.15,0
BottomS087202,-6.9265,13.2862,5.690e-19,1.054e-18,2.859e-18,-0.0011,-117.4,0
BottomS087203,-7.0140,13.2844,3.434e-18,7.123e-18,2.326e-17,0.0002,-119.62,0
BottomS087216,-6.9377,13.3558,9.680e-18,7.563e-18,3.288e-18,-0.0007,-116.96,0
BottomS087218,-6.8999,13.3159,3.955e-20,4.628e-20,4.744e-20,0.0004,-116.21,0
BottomS087221,-6.9540,13.3022,1.792e-18,1.557e-18,8.411e-19,-0.0006,-118.12,0
BottomS087222,-6.9747,13.2768,8.553e-19,7.879e-19,5.032e-19,0.0004,-119.01,0
BottomS087223,-6.9999,13.2996,4.440e-19,4.372e-19,2.968e-19,-0.0009,-119.74,0
BottomS087224,-6.9702,13.3145,8.319e-19,7.741e-19,4.837e-19,-0.0009,-119.3,0
BottomS087226,-7.0356,13.3952,3.839e-14,2.698e-14,9.305e-15,-0.0003,-118.63,0
BottomS087230,-6.9776,13.3146,3.158e-20,3.808e-20,3.994e-20,-0.0001,-119.44,0
BottomS087236,-6.9525,13.3153,2.358e-18,3.629e-18,6.518e-18,0.0001,-120.17,0
BottomS087237,-6.9653,13.3066,4.893e-20,5.631e-20,5.343e-20,0.0001,-119.11,0
BottomS087238,-6.9520,13.3190,1.503e-18,1.328e-18,7.727e-19,0.0001,-117.58,0
BottomS087242,-6.9599,13.2920,7.679e-20,8.827e-20,8.338e-20,0.0001,-118.68,0
BottomS087243,-6.9452,13.3150,7.603e-20,8.423e-20,7.844e-20,0.0,-116.93,0
BottomS087244,-6.9883,13.3346,1.315e-20,1.789e-20,2.387e-20,0.0003,-118.76,0
BottomS087246,-6.9283,13.3110,5.733e-20,6.985e-20,7.442e-20,-0.0001,-116.43,0
BottomS087247,-6.9490,13.3151,7.345e-20,7.932e-20,6.739e-20,0.0004,-117.18,0
BottomS087248,-6.9686,13.2671,1.844e-20,2.212e-20,2.314e-20,0.0001,-118.72,0
BottomS087252,-6.9490,13.3293,1.888e-20,2.391e-20,2.756e-20,0.0007,-117.24,0
BottomS087258,-6.9543,13.3196,6.553e-19,6.295e-19,4.120e-19,0.0008,-119.13,0
BottomS087265,-6.9644,13.3321,2.271e-18,3.512e-18,6.285e-18,0.0005,-118.14,0
BottomS087271,-6.9577,13.3053,4.524e-14,3.565e-14,1.587e-14,-0.0002,-118.65,1
BottomS087274,-6.9963,13.3007,2.751e-18,5.332e-18,1.486e-17,0.0011,-119.89,0
BottomS087276,-6.9296,13.3374,1.125e-19,1.253e-19,1.113e-19,0.0001,-116.3,0
BottomS087278,-6.9378,13.3029,2.629e-19,4.573e-19,1.046e-18,0.0006,-117.34,0
BottomS087281,-6.9732,13.2928,1.523e-19,1.551e-19,1.138e-19,0.0006,-119.15,0
BottomS087286,-6.9596,13.3250,1.723e-20,2.133e-20,2.425e-20,-0.0006,-118.24,0
BottomS087289,-6.9499,13.3115,4.912e-19,4.601e-19,2.969e-19,0.0009,-117.42,0
BottomS087290,-7.0008,13.2583,3.069e-19,2.848e-19,1.758e-19,-0.0004,-119.16,0
BottomS087291,-6.9757,13.3079,3.645e-20,4.327e-20,4.506e-20,-0.0006,-119.66,0
BottomS087299,-6.9680,13.3736,1.207e-20,1.608e-20,2.139e-20,-0.0001,-117.83,0
BottomS087303,-6.9439,13.3795,3.033e-19,3.001e-19,2.152e-19,0.0004,-117.24,0
BottomS087307,-7.0167,13.3078,2.345e-19,2.451e-19,1.932e-19,-0.001,-119.74,0
BottomS087310,-7.0184,13.2685,1.273e-20,1.670e-20,2.055e-20,0.0003,-119.56,0
BottomS087311,-6.9602,13.3603,1.041e-18,1.019e-18,7.137e-19,-0.0003,-117.67,0
BottomS087312,-7.0514,13.3045,4.824e-20,5.605e-20,5.488e-20,-0.0009,-119.78,0
BottomS087316,-6.9534,13.3159,3.574e-18,8.820e-18,4.133e-17,0.0006,-119.24,0
BottomS087319,-6.9694,13.3339,1.489e-18,3.007e-18,9.390e-18,0.0003,-118.35,0
BottomS087320,-6.9347,13.3269,9.690e-19,8.792e-19,5.216e-19,0.0011,-116.27,0
BottomS087321,-6.9874,13.3096,1.394e-18,1.175e-18,6.231e-19,-0.0006,-119.62,0
BottomS087323,-6.9279,13.3358,4.775e-20,5.543e-20,5.443e-20,-0.0003,-116.41,0
BottomS087324,-6.9506,13.3330,2.846e-17,2.163e-17,8.819e-18,0.0005,-117.28,0
BottomS087326,-6.9272,13.2895,2.139e-18,1.850e-18,9.707e-19,0.0003,-116.89,0
BottomS087327,-6.9475,13.3076,3.615e-18,5.596e-18,1.014e-17,-0.0001,-117.54,0
BottomS087328,-6.9717,13.3127,1.315e-20,1.698e-20,2.059e-20,-0.0,-119.27,0
BottomS087329,-6.9344,13.3357,1.902e-20,2.580e-20,3.461e-20,0.0005,-116.25,0
BottomS087330,-6.9423,13.2973,5.415e-19,1.057e-18,3.039e-18,0.0003,-117.52,0
BottomS087331,-6.9569,13.3277,1.051e-18,1.000e-18,6.558e-19,0.0006,-117.89,0
BottomS087332,-6.9625,13.3097,1.737e-20,2.200e-20,2.559e-20,0.0002,-118.85,0
BottomS087334,-6.9411,13.3107,7.624e-19,1.375e-18,3.233e-18,0.0002,-116.55,0
BottomS087335,-6.9822,13.3277,2.069e-18,1.781e-18,9.642e-19,0.0007,-119.72,0
BottomS087338,-6.9566,13.3174,3.887e-14,2.765e-14,9.934e-15,-0.001,-118.21,0
BottomS087340,-6.9652,13.3515,1.114e-17,8.797e-18,4.052e-18,0.0,-118.07,1
BottomS087341,-6.9503,13.3023,6.589e-19,6.332e-19,4.205e-19,0.0004,-118.08,0
BottomS087344,-6.9403,13.3300,8.789e-18,6.899e-18,3.018e-18,-0.0011,-116.68,0
BottomS087346,-6.9116,13.3162,1.436e-18,1.289e-18,7.595e-19,-0.0001,-115.98,0
BottomS087347,-6.9567,13.3084,7.317e-19,1.268e-18,2.887e-18,-0.0002,-118.78,0
BottomS087349,-6.9446,13.3044,2.878e-19,3.032e-19,2.443e-19,0.0004,-117.41,0
BottomS087351,-6.9424,13.3099,3.481e-20,4.105e-20,4.281e-20,0.0001,-116.98,0
BottomS087357,-6.9782,13.3374,1.651e-19,1.808e-19,1.550e-19,-0.0003,-118.56,0
BottomS087358,-6.9587,13.3010,3.286e-18,2.799e-18,1.466e-18,0.0011,-119.27,0
BottomS087360,-6.9526,13.3172,5.028e-14,3.519e-14,1.246e-14,-0.0004,-117.79,0
BottomS087361,-6.9542,13.3269,6.662e-20,7.671e-20,7.475e-20,-0.0006,-117.63,0
BottomS087362,-6.9730,13.3295,4.327e-18,3.378e-18,1.484e-18,-0.0006,-118.87,0
BottomS087365,-6.9302,13.3123,4.909e-20,5.617e-20,5.346e-20,-0.0002,-116.42,0
BottomS087366,-6.9403,13.3009,2.773e-18,3.861e-18,5.488e-18,0.0003,-117.22,0
BottomS087367,-6.9328,13.3276,1.037e-17,2.633e-17,1.290e-16,-0.0002,-116.39,0
BottomS087370,-6.9564,13.3273,1.485e-20,1.846e-20,2.020e-20,0.0006,-117.88,0
BottomS087372,-6.9227,13.3302,3.044e-19,3.027e-19,2.260e-19,-0.0001,-116.07,0
BottomS087374,-6.9633,13.3105,1.003e-18,1.755e-18,4.065e-18,0.0001,-118.84,0
BottomS087375,-6.9693,13.3298,1.523e-18,1.339e-18,7.676e-19,-0.0,-118.46,0
BottomS087376,-6.9887,13.3277,4.681e-20,5.692e-20,6.088e-20,0.0007,-119.5,0
BottomS087377,-6.9141,13.3261,1.039e-19,1.159e-19,1.073e-19,-0.0005,-116.01,0
BottomS087379,-6.9620,13.3082,2.885e-19,3.040e-19,2.398e-19,0.0012,-118.79,0
BottomS087381,-6.9387,13.3032,1.073e-17,8.253e-18,3.562e-18,0.0011,-116.56,1
BottomS087383,-6.9621,13.3247,2.107e-19,2.225e-19,1.819e-19,0.0005,-119.27,0
BottomS087385,-6.9726,13.2997,4.919e-18,4.094e-18,2.013e-18,0.0001,-119.17,0
BottomS087387,-6.9459,13.3177,2.751e-20,3.443e-20,4.011e-20,0.0002,-117.02,0
BottomS087388,-6.9450,13.3119,5.408e-18,4.389e-18,2.123e-18,0.0003,-117.17,0
BottomS087390,-6.9801,13.3293,1.382e-18,1.202e-18,6.695e-19,-0.0007,-119.24,0
BottomS087394,-6.9426,13.3061,3.970e-19,4.015e-19,2.884e-19,-0.0001,-116.54,0
BottomS087396,-6.9813,13.3248,2.473e-19,2.420e-19,1.743e-19,-0.0006,-119.66,0
BottomS087398,-6.9288,13.2920,1.013e-18,9.300e-19,5.656e-19,0.0006,-116.91,0
BottomS087399,-6.9665,13.3140,1.854e-18,3.039e-18,6.168e-18,0.0004,-119.09,0
BottomS087400,-6.9550,13.3030,3.916e-18,3.215e-18,1.541e-18,0.0003,-118.35,0
BottomS087402,-6.9533,13.2961,2.905e-19,2.888e-19,2.058e-19,-0.0005,-118.92,0
BottomS087403,-6.9461,13.2906,3.045e-20,3.735e-20,3.946e-20,-0.0009,-117.9,0
BottomS087404,-6.9439,13.3086,5.934e-19,5.693e-19,3.693e-19,0.001,-117.29,0
BottomS087406,-6.9675,13.3079,5.685e-15,3.785e-15,1.193e-15,-0.0001,-119.07,0
BottomS087407,-6.9354,13.3282,1.880e-18,3.668e-18,1.067e-17,-0.0002,-116.18,0
BottomS087408,-6.9578,13.3133,1.079e-19,1.205e-19,1.067e-19,-0.0001,-119.05,0
BottomS087411,-6.9901,13.3282,1.705e-19,1.819e-19,1.471e-19,-0.0013,-119.68,0
BottomS087412,-6.9488,13.3183,1.512e-20,1.873e-20,2.163e-20,0.0005,-117.04,0
BottomS087413,-6.9507,13.3082,1.955e-20,2.391e-20,2.695e-20,0.0003,-117.89,0
BottomS087415,-6.9605,13.3198,7.404e-19,1.193e-18,2.290e-18,-0.0006,-119.15,0
BottomS087417,-6.9183,13.3179,3.787e-19,3.704e-19,2.559e-19,-0.0001,-116.11,0
BottomS087418,-6.9572,13.3086,1.455e-18,2.596e-18,6.135e-18,0.0,-118.3,0
BottomS087420,-6.9506,13.3094,1.286e-17,1.025e-17,4.699e-18,0.0003,-117.9,0
BottomS087421,-6.9474,13.3235,1.060e-19,1.153e-19,1.020e-19,-0.0013,-117.05,0
BottomS087422,-6.9340,13.3020,1.740e-20,2.245e-20,2.713e-20,0.0005,-116.31,0
BottomS087423,-6.9549,13.3033,3.771e-19,6.641e-19,1.575e-18,0.0006,-119.1,0
BottomS087426,-6.9467,13.3079,6.189e-17,4.454e-17,1.734e-17,-0.0002,-117.3,0
BottomS087427,-6.9502,13.3471,1.845e-18,1.616e-18,9.073e-19,-0.0001,-116.21,0
BottomS087428,-6.9612,13.3520,1.627e-19,1.755e-19,1.526e-19,0.0002,-117.69,0
BottomS087429,-6.9548,13.3235,1.501e-19,1.670e-19,1.457e-19,-0.0004,-117.84,0
BottomS087432,-6.9592,13.3093,1.046e-20,1.389e-20,1.826e-20,-0.0008,-119.05,0
BottomS087434,-6.9869,13.3021,1.823e-18,2.856e-18,5.141e-18,0.0002,-119.61,0
BottomS087436,-6.9630,13.2872,5.475e-18,4.730e-18,2.495e-18,-0.0001,-119.57,0
BottomS087437,-6.9415,13.3285,4.734e-19,8.296e-19,1.882e-18,0.0003,-117.02,0
BottomS087438,-6.9575,13.3155,2.269e-19,2.266e-19,1.604e-19,-0.0008,-118.55,0
BottomS087439,-6.9484,13.3370,4.880e-19,9.381e-19,2.601e-18,0.0008,-117.05,0
BottomS087443,-6.9392,13.3319,2.523e-20,3.100e-20,3.454e-20,0.0004,-116.66,0
BottomS087445,-6.9823,13.2943,6.003e-20,6.682e-20,6.196e-20,-0.0001,-119.4,0
BottomS087446,-6.9698,13.3212,2.430e-19,2.576e-19,2.172e-19,-0.001,-119.42,0
BottomS087447,-6.9381,13.2937,1.832e-17,1.471e-17,6.678e-18,-0.0001,-116.46,1
BottomS087448,-6.9369,13.3219,1.157e-19,1.230e-19,1.010e-19,0.0002,-116.39,0
BottomS087450,-6.9643,13.3023,9.694e-20,1.036e-19,8.637e-20,0.0003,-118.92,0
BottomS087452,-6.9730,13.2891,1.616e-20,1.980e-20,2.187e-20,0.001,-119.53,0
BottomS087455,-6.9595,13.3092,1.371e-17,1.102e-17,5.098e-18,0.0003,-118.45,0
BottomS087457,-6.9654,13.3301,2.525e-18,2.253e-18,1.248e-18,-0.0001,-119.42,0
BottomS087461,-6.9453,13.3355,1.008e-18,8.576e-19,4.377e-19,0.0005,-117.23,0
BottomS087462,-6.9704,13.3296,1.238e-17,9.700e-18,4.180e-18,-0.0009,-118.72,1
BottomS087463,-6.9324,13.3157,4.138e-14,3.054e-14,1.201e-14,-0.0013,-116.56,0
BottomS087465,-7.0043,13.3242,9.660e-14,7.718e-14,3.552e-14,-0.0004,-119.76,1
BottomS087466,-6.9420,13.2983,2.481e-17,1.883e-17,7.926e-18,0.0005,-117.2,1
BottomS087467,-6.9726,13.2930,1.749e-18,2.761e-18,5.133e-18,-0.0003,-119.4,0
BottomS087468,-6.9204,13.3248,2.815e-14,1.986e-14,6.976e-15,0.0002,-116.14,0
BottomS087471,-6.9428,13.3229,2.363e-14,1.618e-14,5.312e-15,0.0002,-116.76,0
BottomS087473,-6.9211,13.3316,3.515e-18,2.909e-18,1.415e-18,-0.0006,-116.21,0
BottomS087474,-6.9399,13.3131,1.948e-18,1.700e-18,9.166e-19,-0.0003,-116.45,0
BottomS087476,-6.9444,13.2807,3.145e-19,5.413e-19,1.167e-18,0.0004,-118.02,0
BottomS087480,-6.9463,13.3019,3.976e-19,3.906e-19,2.761e-19,0.0006,-117.55,0
BottomS087482,-6.9619,13.2780,3.061e-19,3.056e-19,2.254e-19,-0.0005,-118.91,0
BottomS087483,-6.9657,13.2997,2.073e-18,1.829e-18,1.014e-18,0.0001,-119.38,0
BottomS087484,-6.9483,13.3280,8.251e-19,7.642e-19,4.698e-19,0.0007,-116.65,0
BottomS087485,-6.9550,13.3017,2.767e-20,3.337e-20,3.566e-20,0.0001,-119.1,0
BottomS087488,-6.9593,13.3382,1.280e-19,1.375e-19,1.184e-19,-0.0004,-117.84,0
BottomS087489,-6.9635,13.3296,1.325e-19,1.418e-19,1.189e-19,-0.0007,-119.07,0
BottomS087490,-6.9187,13.3077,3.902e-20,4.760e-20,4.998e-20,0.0006,-116.0,0
BottomS087491,-6.9918,13.3020,1.719e-18,1.466e-18,7.499e-19,0.0001,-119.66,0
BottomS087492,-6.9383,13.2786,3.060e-18,2.559e-18,1.246e-18,0.0003,-117.56,0
BottomS087493,-6.9482,13.3100,1.590e-18,2.718e-18,5.822e-18,-0.0002,-117.55,0
BottomS087497,-6.9609,13.3179,1.027e-18,1.600e-18,2.886e-18,0.0004,-118.48,0
BottomS087498,-6.9363,13.3299,2.258e-17,1.698e-17,6.914e-18,-0.0004,-116.23,1
BottomS087501,-6.9530,13.3576,4.262e-19,4.034e-19,2.522e-19,0.0003,-117.04,0
BottomS087502,-6.9722,13.3218,7.543e-19,6.773e-19,4.086e-19,0.0001,-119.31,0
BottomS087508,-6.9634,13.3200,2.097e-19,2.095e-19,1.559e-19,0.0001,-118.75,0
BottomS087509,-6.9634,13.3191,5.933e-19,5.446e-19,3.336e-19,-0.0001,-118.68,0
BottomS087512,-6.9427,13.3123,2.602e-19,2.796e-19,2.387e-19,0.0007,-116.85,0
BottomS087514,-6.9356,13.3111,1.280e-19,1.411e-19,1.215e-19,-0.0001,-116.74,0
BottomS087515,-6.9679,13.3206,4.472e-18,6.909e-18,1.230e-17,-0.0002,-118.81,0
BottomS087518,-6.9593,13.3170,9.351e-18,7.104e-18,3.097e-18,-0.0001,-118.72,1
BottomS087520,-6.9643,13.3196,1.807e-19,1.896e-19,1.452e-19,0.0002,-118.74,0
BottomS087523,-6.9435,13.3063,6.431e-19,5.877e-19,3.440e-19,-0.0002,-117.43,0
BottomS087528,-6.9663,13.3224,8.512e-19,1.467e-18,3.151e-18,-0.0008,-118.72,0
BottomS087529,-6.9446,13.3123,2.353e-19,2.500e-19,2.091e-19,-0.0003,-117.19,0
BottomS087530,-6.9457,13.3183,1.032e-18,1.877e-18,4.649e-18,0.0002,-116.51,0
BottomS087531,-6.9375,13.3121,1.383e-20,1.783e-20,2.135e-20,0.0004,-116.82,0
BottomS087533,-6.9692,13.3238,3.773e-19,3.673e-19,2.553e-19,0.0003,-118.76,0
BottomS087538,-6.9681,13.3217,2.517e-18,4.114e-18,7.775e-18,-0.0002,-118.73,0
BottomS087539,-6.9670,13.3250,2.227e-20,2.855e-20,3.279e-20,0.0002,-118.69,0
BottomS087542,-6.9374,13.3177,3.816e-18,5.885e-18,1.051e-17,0.0007,-116.55,0
BottomS087543,-6.9401,13.3133,6.322e-19,5.843e-19,3.592e-19,-0.0011,-116.89,0
BottomS087544,-6.9705,13.3195,1.082e-18,2.067e-18,5.698e-18,-0.0002,-118.94,0
BottomS087545,-6.9657,13.3222,1.078e-17,8.621e-18,4.058e-18,0.0007,-118.6,0
BottomS087546,-6.9734,13.3264,7.558e-18,1.832e-17,8.228e-17,0.001,-118.93,0
BottomS087547,-6.9703,13.3190,3.630e-19,3.707e-19,2.706e-19,-0.0,-119.14,0
BottomS087551,-6.9617,13.3203,4.198e-19,4.116e-19,2.888e-19,-0.0003,-118.47,0
BottomS087553,-6.9657,13.3167,2.261e-20,2.893e-20,3.478e-20,0.0005,-118.86,0
BottomS087555,-6.9325,13.3096,1.708e-18,3.968e-18,1.684e-17,0.0004,-116.75,0
BottomS087556,-6.9368,13.3053,1.736e-17,1.298e-17,5.273e-18,0.0003,-116.92,0
BottomS087558,-6.9403,13.3137,1.977e-19,2.103e-19,1.672e-19,-0.0005,-116.87,0
BottomS087560,-6.9379,13.3097,2.345e-18,2.029e-18,1.141e-18,-0.0006,-116.9,0
BottomS087563,-6.9673,13.3199,5.642e-20,6.999e-20,8.000e-20,0.0003,-118.91,0
BottomS087565,-6.9698,13.3239,7.051e-19,6.635e-19,4.293e-19,0.0007,-118.69,0
BottomS087566,-6.9679,13.3272,2.588e-18,2.155e-18,1.085e-18,-0.0002,-118.71,0
BottomS087567,-6.9726,13.3269,8.597e-20,9.218e-20,7.740e-20,0.0011,-118.7,0
BottomS087568,-6.9671,13.3245,7.400e-20,8.324e-20,7.900e-20,0.0001,-118.61,0
BottomS087569,-6.9718,13.3203,1.319e-19,2.454e-19,6.380e-19,0.0002,-118.97,0
BottomS087571,-6.9670,13.3216,3.965e-19,4.099e-19,3.190e-19,-0.0002,-118.8,0
BottomS087572,-6.9629,13.3157,1.339e-19,1.435e-19,1.184e-19,0.0001,-118.8,1
BottomS087573,-6.9367,13.3142,1.990e-19,2.086e-19,1.634e-19,-0.0009,-116.78,0
BottomS087574,-6.9392,13.3131,2.041e-17,1.585e-17,6.741e-18,-0.0002,-116.94,1
BottomS087575,-6.9646,13.3221,4.145e-19,7.947e-19,2.167e-18,-0.0003,-118.5,0
BottomS087577,-6.9342,13.3090,1.161e-18,1.975e-18,4.310e-18,0.0007,-116.69,0
BottomS087578,-6.9321,13.3083,5.646e-20,6.711e-20,6.971e-20,0.0009,-116.65,0
BottomS087579,-6.9307,13.3124,5.805e-20,6.410e-20,5.639e-20,-0.0003,-116.53,0
BottomS087580,-6.9387,13.3124,3.727e-18,6.018e-18,1.145e-17,-0.0004,-116.82,0
BottomS087581,-6.9711,13.3213,5.111e-19,4.831e-19,3.203e-19,0.0005,-118.81,0
BottomS087582,-6.9342,13.3110,3.691e-20,4.226e-20,4.186e-20,0.0001,-116.82,0
BottomS087583,-6.9724,13.3211,1.737e-17,1.348e-17,6.005e-18,-0.0003,-119.12,1
BottomS087584,-6.9335,13.3069,1.804e-18,2.839e-18,5.378e-18,-0.0,-116.74,0
BottomS087585,-6.9333,13.3113,1.295e-18,2.042e-18,3.900e-18,-0.0002,-116.57,0
BottomS087588,-6.9330,13.3109,1.060e-18,9.739e-19,5.835e-19,-0.0003,-116.71,0
BottomS087589,-6.9365,13.3058,6.605e-18,5.262e-18,2.370e-18,-0.0003,-116.98,0
BottomS087594,-6.9383,13.3083,1.170e-18,1.045e-18,6.277e-19,0.0005,-116.98,0
BottomS087597,-6.9677,13.3244,2.612e-18,4.187e-18,8.200e-18,0.0001,-118.74,0
BottomS087598,-6.9716,13.3241,2.702e-19,2.658e-19,1.837e-19,0.0005,-118.97,0
BottomS087599,-6.9743,13.3191,7.390e-18,5.957e-18,2.701e-18,0.0007,-119.21,0
BottomS087602,-6.9347,13.3132,1.675e-20,2.144e-20,2.575e-20,-0.0012,-116.64,0
BottomS087605,-6.9716,13.3282,2.997e-20,3.513e-20,3.382e-20,-0.0008,-118.6,0
BottomS087606,-6.9313,13.3036,3.585e-19,3.666e-19,2.847e-19,0.0003,-116.92,0
BottomS087607,-6.9645,13.3206,1.569e-20,2.045e-20,2.611e-20,-0.0004,-118.59,0
BottomS087608,-6.9307,13.3120,3.345e-19,3.265e-19,2.331e-19,0.0002,-116.49,0
BottomS087610,-6.9315,13.3081,5.179e-18,4.236e-18,2.058e-18,-0.0011,-116.71,0
BottomS087612,-6.9362,13.3158,4.633e-19,6.883e-19,1.102e-18,0.0011,-116.59,0
BottomS087613,-6.9326,13.3119,1.227e-20,1.669e-20,2.219e-20,0.0001,-116.66,0
BottomS087614,-6.9322,13.3040,2.239e-19,2.216e-19,1.585e-19,0.0,-116.92,0
BottomS087616,-6.9375,13.3131,9.528e-18,7.506e-18,3.489e-18,-0.0004,-116.75,0
BottomS087619,-6.9706,13.3195,8.816e-20,9.553e-20,7.939e-20,-0.0006,-119.03,0
BottomS087622,-6.9707,13.3246,1.654e-19,1.699e-19,1.327e-19,-0.0002,-118.79,0
BottomS087623,-6.9708,13.3229,9.501e-20,1.099e-19,1.045e-19,0.0004,-118.79,0
BottomS087625,-6.9685,13.3219,6.718e-20,7.644e-20,7.157e-20,-0.0005,-118.86,0
BottomS087636,-6.9288,13.3064,5.316e-14,3.822e-14,1.461e-14,0.0002,-116.66,0
BottomS087637,-6.9302,13.3142,9.374e-20,1.042e-19,9.275e-20,-0.0003,-116.55,0
BottomS087638,-6.9791,13.3277,2.564e-18,5.575e-18,2.100e-17,0.0006,-118.95,0
BottomS087641,-6.9382,13.3080,8.496e-19,7.573e-19,4.214e-19,0.0006,-117.0,0
BottomS087642,-6.9289,13.3094,4.503e-18,3.669e-18,1.766e-18,-0.0005,-116.68,0
BottomS087643,-6.9338,13.3058,1.104e-18,2.169e-18,6.196e-18,0.0001,-116.97,0
BottomS087646,-6.9329,13.3093,1.419e-18,1.347e-18,8.755e-19,-0.0001,-116.81,0
BottomS087648,-6.9725,13.3287,1.315e-19,1.373e-19,1.072e-19,-0.0,-118.74,0
BottomS087650,-6.9755,13.3334,3.982e-14,2.819e-14,1.005e-14,0.0006,-118.45,0
BottomS087651,-6.9378,13.2995,7.520e-18,6.335e-18,3.151e-18,0.0001,-117.31,0
BottomS087652,-6.9720,13.3239,3.682e-18,9.021e-18,4.275e-17,-0.0006,-118.64,0
BottomS087656,-6.9300,13.3070,2.845e-18,6.115e-18,2.151e-17,0.0014,-116.69,0
BottomS087657,-6.9236,13.3004,6.826e-19,6.510e-19,4.195e-19,-0.0012,-116.78,0
BottomS087658,-6.9724,13.3231,7.351e-20,8.493e-20,8.155e-20,0.0,-118.94,0
BottomS087659,-6.9793,13.3322,7.030e-18,5.551e-18,2.519e-18,0.0005,-118.77,0
BottomS087664,-6.9751,13.3248,8.470e-20,8.949e-20,7.341e-20,-0.0002,-118.91,0
BottomS087665,-6.9249,13.3038,4.534e-19,4.607e-19,3.314e-19,0.0,-116.91,0
BottomS087667,-6.9284,13.3017,1.800e-18,3.214e-18,7.710e-18,-0.0001,-116.85,0
BottomS087668,-6.9831,13.3336,8.509e-19,7.783e-19,4.726e-19,0.0008,-118.85,0
BottomS087671,-6.9781,13.3288,2.362e-20,2.997e-20,3.378e-20,0.0011,-118.82,0
BottomS087672,-6.9828,13.3262,1.308e-19,1.440e-19,1.280e-19,-0.0006,-119.03,0
BottomS087673,-6.9762,13.3242,2.002e-20,2.616e-20,3.236e-20,-0.0002,-118.82,0
BottomS087677,-6.9206,13.3063,1.517e-18,3.056e-18,9.522e-18,-0.0005,-116.59,0
BottomS087681,-6.9855,13.3200,2.636e-19,2.814e-19,2.302e-19,0.0005,-119.38,0
BottomS087685,-6.9250,13.3021,1.730e-20,2.139e-20,2.314e-20,-0.0004,-116.78,0
BottomS087686,-6.9798,13.3277,4.423e-19,4.048e-19,2.398e-19,0.0005,-119.06,0
BottomS087687,-6.9816,13.3309,4.108e-18,3.600e-18,1.968e-18,0.0005,-118.9,0
BottomS087688,-6.9265,13.3040,7.979e-19,7.572e-19,4.782e-19,0.0005,-116.84,0
BottomS087692,-6.9805,13.3269,3.625e-17,2.638e-17,1.007e-17,-0.0006,-118.91,0
BottomS087695,-6.9863,13.3297,1.322e-19,1.460e-19,1.301e-19,0.0001,-118.97,0
BottomS087696,-6.9790,13.3258,1.890e-20,2.372e-20,2.661e-20,0.0004,-118.98,0
BottomS087697,-6.9860,13.3273,4.358e-19,4.389e-19,3.318e-19,-0.0004,-119.05,0
BottomS087698,-6.9871,13.3277,1.021e-18,1.737e-18,3.870e-18,-0.0003,-119.04,0
BottomS087699,-6.9838,13.3266,1.091e-20,1.435e-20,1.804e-20,0.0001,-119.11,0
BottomS087700,-6.9271,13.3046,1.079e-19,1.209e-19,1.122e-19,-0.0005,-116.82,0
BottomS087701,-6.9207,13.3013,6.592e-19,1.465e-18,5.356e-18,-0.0003,-116.99,0
BottomS087702,-6.9875,13.3235,3.176e-20,3.793e-20,3.825e-20,-0.0004,-119.13,0
BottomS087703,-6.9740,13.3230,6.924e-19,1.061e-18,1.848e-18,0.0005,-118.97,0
BottomS087704,-6.9154,13.2943,9.892e-19,2.042e-18,6.868e-18,0.0002,-116.7,0
BottomS087705,-6.9802,13.3253,6.834e-18,5.455e-18,2.455e-18,-0.0006,-118.96,0
BottomS087707,-6.9775,13.3316,8.614e-20,9.930e-20,9.208e-20,0.0002,-118.55,0
BottomS087708,-6.9801,13.3265,1.009e-18,9.325e-19,5.745e-19,-0.0006,-118.93,0
BottomS087709,-6.9843,13.3292,1.218e-20,1.545e-20,1.787e-20,-0.0008,-119.04,0
BottomS087713,-6.9823,13.3253,5.803e-19,1.068e-18,2.683e-18,0.0004,-119.12,0
BottomS087715,-6.9873,13.3281,3.482e-20,4.237e-20,4.558e-20,-0.0005,-119.11,0
BottomS087716,-6.9186,13.3008,6.167e-20,6.873e-20,6.255e-20,0.0003,-116.55,0
BottomS087718,-6.9895,13.3297,8.918e-20,9.672e-20,7.897e-20,0.0004,-119.06,0
BottomS087720,-6.9197,13.3017,6.204e-20,6.916e-20,6.208e-20,-0.0002,-116.71,0
BottomS087725,-6.9248,13.3035,1.078e-18,1.774e-18,3.743e-18,0.0009,-116.71,0
BottomS087726,-6.9879,13.3271,1.342e-19,1.497e-19,1.327e-19,-0.0002,-118.99,0
BottomS087729,-6.9753,13.3347,1.315e-18,2.565e-18,7.149e-18,-0.0005,-118.5,0
BottomS087731,-6.9217,13.3035,1.264e-18,2.408e-18,6.665e-18,0.0007,-116.64,0
BottomS087732,-6.9211,13.3027,9.612e-19,1.775e-18,4.689e-18,0.0005,-116.67,0
BottomS087733,-6.9216,13.3004,2.744e-14,1.842e-14,6.068e-15,-0.0,-116.68,0
BottomS087736,-6.9886,13.3280,2.288e-19,2.331e-19,1.743e-19,-0.0003,-119.11,0
BottomS087742,-6.9876,13.3317,2.617e-19,2.705e-19,2.093e-19,0.0005,-118.99,0
BottomS087743,-6.9047,13.3009,2.357e-19,2.442e-19,1.847e-19,-0.0001,-116.63,0
BottomS087746,-6.9148,13.2998,1.431e-19,1.532e-19,1.265e-19,-0.0002,-116.74,0
BottomS087752,-6.9126,13.3066,2.617e-20,2.983e-20,2.907e-20,-0.0,-116.41,0
BottomS087754,-6.9522,13.3159,1.685e-17,1.330e-17,5.838e-18,-0.0002,-121.94,1
BottomS087755,-6.9521,13.3158,7.947e-18,6.303e-18,2.988e-18,0.0002,-113.73,0
BottomS087756,-6.9522,13.3159,5.231e-18,4.262e-18,2.024e-18,0.0008,-117.33,0
BottomS087757,-6.9523,13.3158,2.051e-17,1.556e-17,6.510e-18,0.0002,-122.35,1
BottomS087758,-6.9521,13.3158,1.851e-16,1.313e-16,4.758e-17,0.0002,-115.52,0
BottomS087759,-6.9522,13.3158,1.377e-16,9.598e-17,3.337e-17,-0.0003,-123.06,0
BottomS087760,-6.9906,13.3339,9.418e-14,7.675e-14,3.685e-14,0.0,-118.87,1
BottomS087761,-6.9943,13.3345,1.750e-17,1.341e-17,5.496e-18,0.0002,-118.87,1
BottomS087762,-6.9095,13.2983,5.482e-18,4.415e-18,2.023e-18,-0.0,-116.65,0
BottomS087763,-6.9950,13.3291,7.570e-18,5.823e-18,2.526e-18,0.0011,-119.17,0
BottomS087764,-6.9990,13.3290,1.210e-20,1.599e-20,2.026e-20,-0.001,-119.22,0
BottomS087765,-6.9989,13.3268,1.965e-17,1.544e-17,6.955e-18,0.001,-119.18,0
BottomS087766,-6.9995,13.3258,5.901e-18,4.725e-18,2.125e-18,0.0005,-119.3,0
BottomS087767,-7.0006,13.3232,1.892e-17,1.416e-17,5.655e-18,-0.0,-119.51,0
BottomS087768,-7.0048,13.3238,2.457e-17,1.866e-17,8.055e-18,0.0004,-119.36,1
BottomS087769,-7.0083,13.3221,1.109e-16,8.303e-17,3.259e-17,-0.0006,-119.45,0
BottomS087770,-6.8961,13.3125,4.605e-19,8.140e-19,1.843e-18,0.0004,-116.2,0
BottomS087771,-7.0079,13.3188,2.703e-17,2.041e-17,8.126e-18,-0.0002,-119.5,0
BottomS087772,-6.8909,13.3133,5.363e-17,3.899e-17,1.568e-17,-0.0003,-116.14,0
BottomS087773,-6.8922,13.3183,2.409e-18,2.176e-18,1.270e-18,0.0003,-116.03,0
BottomS087774,-7.0114,13.3140,8.129e-18,6.633e-18,3.244e-18,-0.0006,-119.56,0
BottomS087775,-6.8887,13.3203,9.040e-17,6.459e-17,2.349e-17,-0.0003,-115.94,0
BottomS087776,-7.0140,13.3088,6.412e-18,5.237e-18,2.535e-18,-0.0003,-119.63,0
BottomS087777,-6.8879,13.3221,1.941e-17,1.452e-17,6.007e-18,-0.0008,-115.86,1
BottomS087778,-6.8849,13.3250,2.103e-14,2.548e-14,2.744e-14,-0.0008,-115.79,0
BottomS087779,-6.8891,13.3298,1.791e-17,1.385e-17,6.149e-18,0.0007,-115.71,1
BottomS087780,-7.0140,13.3020,5.899e-16,4.029e-16,1.371e-16,-0.0002,-119.71,0
BottomS087781,-7.0174,13.3007,5.068e-17,3.675e-17,1.392e-17,0.0009,-119.69,0
BottomS087782,-6.8926,13.3335,3.511e-17,2.586e-17,1.011e-17,-0.0004,-115.82,0
BottomS087783,-6.8861,13.3375,7.386e-17,5.261e-17,1.954e-17,0.0001,-115.85,0
BottomS087784,-6.8898,13.3328,8.614e-18,7.057e-18,3.435e-18,0.0006,-115.83,0
BottomS087786,-7.0185,13.2886,3.792e-14,2.634e-14,9.093e-15,0.0007,-119.7,0
BottomS087787,-7.0176,13.2887,2.162e-16,1.563e-16,5.801e-17,0.0001,-119.8,0
BottomS087788,-6.8899,13.3454,6.523e-17,4.734e-17,1.775e-17,0.0001,-115.84,0
BottomS087790,-7.0118,13.2848,2.191e-18,5.643e-18,2.914e-17,-0.0001,-119.81,0
BottomS087791,-7.0151,13.2784,1.303e-17,1.077e-17,5.290e-18,0.001,-119.61,0
BottomS087792,-6.8936,13.3531,8.016e-17,6.017e-17,2.344e-17,0.0003,-116.15,0
BottomS087794,-6.8967,13.3567,6.472e-17,4.782e-17,1.829e-17,0.0007,-116.03,0
BottomS087795,-7.0080,13.2737,5.040e-19,4.846e-19,3.069e-19,-0.0002,-119.6,0
BottomS087796,-7.0010,13.2767,1.367e-19,1.505e-19,1.313e-19,0.0,-119.46,0
BottomS087797,-6.9015,13.3605,3.206e-17,2.461e-17,1.030e-17,0.0001,-116.12,1
BottomS087798,-6.9016,13.3614,4.438e-14,3.624e-14,1.727e-14,-0.0006,-116.06,1
BottomS087799,-6.9989,13.2686,1.442e-16,1.022e-16,3.669e-17,-0.0007,-119.31,0
BottomS087800,-6.9050,13.3661,6.125e-20,7.410e-20,7.897e-20,-0.0001,-116.39,0
BottomS087801,-6.9087,13.3655,2.706e-17,2.059e-17,8.668e-18,-0.0002,-116.46,1
BottomS087802,-6.9104,13.3681,2.351e-18,1.923e-18,9.424e-19,0.0007,-116.6,0
BottomS087803,-6.9150,13.3676,3.739e-18,3.193e-18,1.693e-18,-0.0002,-116.46,0
BottomS087804,-6.9199,13.3651,3.222e-19,3.382e-19,2.675e-19,-0.0006,-116.44,0
BottomS087805,-6.9839,13.2641,6.525e-19,6.183e-19,4.072e-19,-0.0003,-119.04,0
BottomS087806,-6.9812,13.2625,4.973e-17,3.667e-17,1.410e-17,0.0003,-118.85,0
BottomS087807,-6.9718,13.2666,1.718e-18,3.951e-18,1.574e-17,0.0006,-118.74,0
BottomS087808,-6.9753,13.2572,1.285e-18,2.292e-18,5.476e-18,0.0004,-118.71,0
BottomS087809,-6.9774,13.2558,4.414e-17,3.260e-17,1.275e-17,-0.0005,-118.69,0
BottomS087810,-6.9724,13.2576,4.254e-16,2.828e-16,8.982e-17,0.0006,-118.54,0
BottomS087811,-6.9616,13.2602,1.014e-19,1.067e-19,8.444e-20,-0.0002,-118.37,0
BottomS087812,-6.9598,13.2604,1.705e-18,1.466e-18,7.700e-19,0.0004,-118.26,0
BottomS087813,-6.9468,13.3746,6.904e-19,1.499e-18,5.317e-18,0.0002,-117.34,0
BottomS087814,-6.9543,13.2607,4.606e-17,3.403e-17,1.327e-17,0.0002,-118.31,0
BottomS087815,-6.9521,13.2618,1.446e-16,9.799e-17,3.238e-17,-0.0002,-118.3,0
BottomS087816,-6.9572,13.3747,8.308e-17,6.086e-17,2.247e-17,0.0004,-117.5,0
BottomS087817,-6.9435,13.2628,4.376e-19,4.320e-19,3.087e-19,0.0005,-117.96,0
BottomS087818,-6.9416,13.2611,3.417e-19,3.385e-19,2.395e-19,-0.0,-118.02,0
BottomS087819,-6.9346,13.2597,1.909e-17,1.435e-17,6.069e-18,0.0001,-117.92,1
BottomS087820,-6.9678,13.3683,3.723e-18,3.072e-18,1.524e-18,-0.0006,-117.76,0
BottomS087821,-6.9292,13.2662,7.211e-14,5.451e-14,2.356e-14,-0.0006,-117.66,1
BottomS087822,-6.9831,13.3656,2.503e-18,2.232e-18,1.288e-18,-0.0005,-118.26,0
BottomS087823,-6.9238,13.2669,3.493e-18,2.913e-18,1.476e-18,0.0005,-117.44,0
BottomS087824,-6.9177,13.2664,6.403e-17,4.618e-17,1.718e-17,0.0006,-117.42,0
BottomS087825,-6.9860,13.3600,5.227e-16,3.543e-16,1.131e-16,0.0004,-118.14,0
BottomS087826,-6.9935,13.3614,1.945e-19,2.054e-19,1.628e-19,0.0001,-118.3,0
BottomS087827,-6.9067,13.2724,3.977e-19,4.227e-19,3.390e-19,-0.0003,-116.95,0
BottomS087828,-6.9016,13.2743,4.069e-18,3.431e-18,1.771e-18,0.0011,-117.18,0
BottomS087829,-7.0042,13.3560,5.085e-14,3.585e-14,1.290e-14,-0.0008,-118.68,0
BottomS087830,-6.8987,13.2781,2.290e-16,1.618e-16,5.640e-17,0.0005,-116.87,0
BottomS087831,-7.0105,13.3518,1.680e-16,1.200e-16,4.447e-17,-0.0004,-118.75,0
BottomS087832,-6.8918,13.2819,1.641e-17,1.271e-17,5.422e-18,0.0002,-116.71,1
BottomS087833,-6.8811,13.2830,4.280e-18,8.168e-18,2.218e-17,-0.0,-116.53,0
BottomS087834,-6.8822,13.2849,6.651e-17,4.670e-17,1.705e-17,0.0001,-116.56,0
BottomS087835,-7.0233,13.3439,7.290e-18,5.843e-18,2.629e-18,0.0002,-119.05,0
BottomS087836,-7.0271,13.3424,9.067e-18,7.287e-18,3.507e-18,-0.0003,-119.08,0
BottomS087837,-6.8803,13.2943,2.641e-17,2.043e-17,8.669e-18,0.0004,-116.45,1
BottomS087838,-6.8728,13.2962,1.022e-18,1.904e-18,4.887e-18,-0.0001,-116.41,0
BottomS087839,-7.0371,13.3338,1.072e-16,7.565e-17,2.663e-17,0.0003,-119.36,0
BottomS087840,-6.8705,13.3007,1.618e-17,1.325e-17,6.453e-18,0.0008,-116.29,0
BottomS087841,-7.0353,13.3279,9.496e-19,8.848e-19,5.518e-19,-0.0005,-119.44,0
BottomS087842,-7.0373,13.3255,1.388e-16,9.767e-17,3.541e-17,-0.001,-119.49,0
BottomS087843,-7.0399,13.3236,3.256e-18,2.622e-18,1.237e-18,-0.0002,-119.51,0
BottomS087844,-6.8610,13.3132,9.505e-18,7.490e-18,3.426e-18,0.0012,-115.97,1
BottomS087845,-6.8584,13.3138,2.601e-18,2.217e-18,1.192e-18,-0.0005,-116.0,0
BottomS087846,-7.0440,13.3147,6.818e-14,5.247e-14,2.310e-14,-0.0003,-119.6,1
BottomS087848,-7.0551,13.3101,2.864e-18,2.316e-18,1.076e-18,-0.0002,-119.91,0
BottomS087849,-6.8517,13.3265,3.732e-20,4.727e-20,5.703e-20,-0.0002,-115.83,0
BottomS087850,-7.0486,13.3022,4.920e-17,3.744e-17,1.622e-17,0.0006,-119.73,0
BottomS087851,-6.8505,13.3351,5.676e-17,4.040e-17,1.531e-17,0.001,-115.73,0
BottomS087852,-6.8506,13.3301,1.934e-16,1.343e-16,4.609e-17,-0.0005,-115.74,0
BottomS087853,-7.0524,13.2964,1.694e-17,1.288e-17,5.432e-18,0.0001,-119.84,1
BottomS087854,-7.0575,13.2900,2.588e-16,1.772e-16,6.204e-17,-0.0001,-120.06,0
BottomS087855,-6.8524,13.3410,8.419e-17,6.110e-17,2.237e-17,-0.0005,-115.74,0
BottomS087856,-7.0520,13.2862,5.068e-17,3.573e-17,1.317e-17,0.0003,-119.9,0
BottomS087858,-6.8525,13.3524,1.150e-17,8.656e-18,3.428e-18,0.0011,-115.77,0
BottomS087859,-6.8562,13.3558,4.549e-19,4.595e-19,3.339e-19,-0.0001,-115.84,0
BottomS087860,-6.8573,13.3545,3.110e-18,2.557e-18,1.242e-18,-0.0006,-115.83,0
BottomS087861,-7.0469,13.2711,2.497e-19,2.454e-19,1.790e-19,-0.0002,-119.89,0
BottomS087862,-7.0436,13.2728,7.805e-18,6.103e-18,2.699e-18,-0.0004,-119.73,0
BottomS087863,-6.8596,13.3670,5.343e-18,4.430e-18,2.104e-18,0.0002,-115.68,0
BottomS087864,-6.8618,13.3649,1.032e-18,1.689e-18,3.342e-18,-0.0003,-115.84,0
BottomS087865,-7.0455,13.2583,6.737e-17,4.948e-17,1.887e-17,-0.0001,-119.65,0
BottomS087866,-6.8638,13.3722,6.163e-14,4.864e-14,2.140e-14,0.0006,-115.94,1
BottomS087867,-7.0357,13.2578,6.375e-19,5.939e-19,3.741e-19,0.0009,-119.8,0
BottomS087868,-6.8681,13.3779,1.143e-18,1.064e-18,6.340e-19,-0.0002,-115.94,0
BottomS087869,-7.0311,13.2542,1.237e-16,8.692e-17,2.995e-17,0.0001,-119.68,0
BottomS087870,-6.8827,13.3721,2.862e-16,1.964e-16,6.998e-17,-0.0002,-116.06,0
BottomS087871,-7.0232,13.2513,3.856e-17,2.893e-17,1.226e-17,0.0,-119.61,0
BottomS087872,-7.0245,13.2475,1.009e-19,1.119e-19,9.995e-20,-0.0003,-119.49,0
BottomS087873,-6.8855,13.3838,1.427e-17,1.142e-17,5.148e-18,0.0006,-116.18,1
BottomS087874,-7.0140,13.2461,8.351e-18,1.792e-17,6.073e-17,-0.0005,-119.35,0
BottomS087875,-7.0146,13.2397,2.936e-16,1.989e-16,6.650e-17,-0.0002,-119.37,0
BottomS087876,-6.8967,13.3900,4.490e-18,3.814e-18,1.979e-18,-0.0002,-116.4,0
BottomS087877,-6.9048,13.3865,6.384e-20,7.142e-20,6.373e-20,-0.0,-116.56,0
BottomS087878,-6.9998,13.2407,1.215e-18,1.127e-18,7.196e-19,-0.0006,-118.93,0
BottomS087879,-6.9954,13.2376,1.088e-18,9.736e-19,5.723e-19,-0.0011,-118.9,0
BottomS087880,-6.9920,13.2432,6.447e-18,4.957e-18,2.121e-18,0.0002,-119.09,1
BottomS087881,-6.9175,13.3918,1.112e-18,2.145e-18,5.929e-18,0.0008,-116.79,0
BottomS087883,-6.9785,13.2432,1.035e-17,7.855e-18,3.401e-18,-0.0002,-118.63,1
BottomS087884,-6.9681,13.2441,1.263e-17,9.696e-18,4.235e-18,-0.0,-118.33,1
BottomS087885,-6.9404,13.3914,7.911e-17,5.552e-17,2.010e-17,0.0003,-117.09,0
BottomS087886,-6.9654,13.2392,7.077e-18,5.541e-18,2.489e-18,-0.0006,-118.46,1
BottomS087887,-6.9513,13.2404,4.354e-19,6.011e-19,8.361e-19,-0.0008,-118.23,0
BottomS087888,-6.9505,13.3931,5.091e-17,3.632e-17,1.300e-17,0.0009,-117.33,0
BottomS087889,-6.9562,13.3930,2.930e-17,2.290e-17,9.701e-18,-0.0001,-117.53,1
BottomS087890,-6.9654,13.3885,4.908e-14,3.381e-14,1.203e-14,-0.0005,-117.69,0
BottomS087891,-6.9368,13.2422,6.249e-17,4.455e-17,1.657e-17,0.0006,-117.9,0
BottomS087892,-6.9318,13.2420,6.134e-18,4.766e-18,2.055e-18,0.0002,-117.91,1
BottomS087893,-6.9280,13.2459,4.991e-17,3.539e-17,1.334e-17,-0.0006,-117.8,0
BottomS087894,-6.9231,13.2498,4.322e-17,3.296e-17,1.374e-17,0.0003,-117.59,0
BottomS087895,-6.9825,13.3868,1.341e-17,1.097e-17,5.334e-18,-0.001,-117.98,0
BottomS087896,-6.9115,13.2495,1.650e-17,1.215e-17,4.805e-18,0.0004,-117.42,0
BottomS087897,-6.9015,13.2504,1.894e-17,1.397e-17,5.462e-18,0.0004,-117.36,0
BottomS087898,-6.9948,13.3780,7.734e-17,5.479e-17,1.934e-17,-0.0002,-118.14,0
BottomS087899,-6.8974,13.2524,1.554e-18,1.421e-18,8.339e-19,0.0006,-117.28,0
BottomS087900,-6.8925,13.2574,5.757e-18,4.908e-18,2.522e-18,-0.0003,-117.3,0
BottomS087901,-7.0191,13.3729,5.316e-14,3.981e-14,1.643e-14,-0.0007,-118.54,1
BottomS087902,-6.8817,13.2623,7.258e-19,6.593e-19,3.972e-19,0.0003,-116.98,0
BottomS087903,-6.8820,13.2631,1.035e-16,7.238e-17,2.690e-17,-0.0,-117.1,0
BottomS087904,-7.0290,13.3658,1.997e-16,1.369e-16,4.751e-17,-0.0005,-118.96,0
BottomS087905,-6.8727,13.2699,7.421e-17,5.125e-17,1.809e-17,-0.0003,-116.8,0
BottomS087906,-7.0287,13.3566,2.722e-17,1.947e-17,7.448e-18,-0.0003,-118.89,0
BottomS087907,-7.0369,13.3555,4.139e-19,4.129e-19,2.840e-19,-0.0001,-119.08,0
BottomS087908,-7.0392,13.3512,2.027e-17,1.577e-17,6.827e-18,0.0007,-119.03,1
BottomS087909,-6.8551,13.2808,2.039e-18,1.814e-18,1.016e-18,-0.0002,-116.55,0
BottomS087910,-6.8510,13.2849,1.159e-18,1.046e-18,6.113e-19,-0.0006,-116.49,0
BottomS087911,-7.0491,13.3423,4.111e-18,1.091e-17,6.114e-17,0.0001,-119.34,0
BottomS087912,-7.0537,13.3405,7.991e-18,6.207e-18,2.749e-18,0.0008,-119.32,0
BottomS087913,-7.0570,13.3355,2.022e-16,1.458e-16,5.399e-17,0.0006,-119.44,0
BottomS087914,-6.8395,13.2960,1.578e-17,1.196e-17,5.008e-18,-0.0001,-116.18,1
BottomS087915,-7.0607,13.3311,4.549e-18,1.037e-17,4.136e-17,0.0002,-119.53,0
BottomS087916,-6.8411,13.3058,1.615e-19,1.707e-19,1.335e-19,-0.0004,-116.2,0
BottomS087917,-7.0729,13.3238,2.428e-18,2.081e-18,1.054e-18,-0.0,-119.56,0
BottomS087918,-6.8420,13.3151,1.314e-18,1.154e-18,6.695e-19,0.0001,-115.95,0
BottomS087919,-6.8320,13.3125,2.834e-17,2.084e-17,7.974e-18,-0.0004,-115.83,0
BottomS087920,-7.0760,13.3082,4.554e-17,3.471e-17,1.451e-17,0.0011,-119.79,0
BottomS087921,-7.0740,13.3041,1.368e-18,1.182e-18,6.581e-19,-0.0001,-119.89,0
BottomS087923,-6.8264,13.3247,1.286e-17,1.025e-17,4.734e-18,0.0008,-115.77,0
BottomS087924,-7.0781,13.2960,1.453e-16,1.036e-16,3.704e-17,-0.0005,-119.87,0
BottomS087925,-6.8312,13.3382,2.138e-14,1.453e-14,4.763e-15,0.0007,-115.7,0
BottomS087926,-6.8329,13.3434,5.815e-18,4.704e-18,2.214e-18,-0.0002,-115.79,0
BottomS087927,-7.0739,13.2880,2.208e-17,1.729e-17,7.575e-18,-0.0001,-119.89,1
BottomS087929,-6.8317,13.3486,1.148e-18,9.911e-19,5.423e-19,-0.0006,-115.81,0
BottomS087930,-6.8242,13.3567,7.321e-19,7.103e-19,4.850e-19,-0.0001,-115.66,0
BottomS087931,-7.0752,13.2697,3.461e-14,2.373e-14,8.249e-15,0.0007,-119.86,0
BottomS087932,-6.8343,13.3597,1.670e-16,1.163e-16,4.135e-17,-0.0009,-115.64,0
BottomS087933,-7.0795,13.2628,4.651e-18,3.790e-18,1.769e-18,0.0001,-119.92,0
BottomS087934,-6.8343,13.3714,1.371e-18,2.727e-18,7.915e-18,-0.0008,-115.69,0
BottomS087935,-7.0669,13.2561,8.101e-20,8.619e-20,6.837e-20,0.0006,-119.71,0
BottomS087936,-6.8387,13.3740,1.257e-17,9.955e-18,4.372e-18,0.0005,-115.67,1
BottomS087937,-6.8368,13.3763,1.031e-17,7.768e-18,3.171e-18,-0.0005,-115.98,1
BottomS087939,-6.8423,13.3880,2.580e-14,1.836e-14,6.704e-15,0.0,-115.77,0
BottomS087940,-7.0540,13.2465,4.997e-18,4.083e-18,1.955e-18,0.0004,-119.74,0
BottomS087941,-7.0439,13.2493,2.667e-18,2.256e-18,1.178e-18,-0.0002,-119.67,0
BottomS087942,-6.8610,13.3847,5.543e-18,4.282e-18,1.840e-18,-0.001,-116.06,0
BottomS087943,-7.0407,13.2441,5.831e-18,4.989e-18,2.715e-18,-0.001,-119.68,0
BottomS087944,-6.8649,13.3932,3.134e-18,6.277e-18,1.975e-17,0.0,-116.24,0
BottomS087945,-7.0414,13.2313,5.191e-14,3.626e-14,1.333e-14,-0.0005,-119.48,0
BottomS087946,-6.9965,13.3299,5.451e-18,4.486e-18,2.201e-18,-0.0009,-119.28,0
BottomS087947,-6.9999,13.3274,1.178e-17,9.177e-18,4.012e-18,0.0014,-119.22,1
BottomS087948,-6.9067,13.3066,4.435e-17,3.140e-17,1.134e-17,-0.0001,-116.36,0
BottomS087949,-6.9993,13.3259,1.356e-18,1.257e-18,7.516e-19,0.0,-119.29,0
BottomS087950,-6.9979,13.3240,2.502e-20,3.128e-20,3.518e-20,-0.0009,-119.39,0
BottomS087951,-6.9001,13.3076,1.216e-17,9.766e-18,4.603e-18,-0.0001,-116.28,0
BottomS087952,-7.0082,13.3247,1.753e-18,4.438e-18,2.227e-17,-0.0008,-119.53,0
BottomS087953,-6.8922,13.3091,7.855e-20,8.492e-20,7.231e-20,0.0003,-116.05,0
BottomS087955,-6.8961,13.3154,3.568e-19,3.534e-19,2.495e-19,0.0001,-116.05,0
BottomS087956,-7.0065,13.3187,5.074e-19,9.793e-19,2.751e-18,-0.0001,-119.73,0
BottomS087957,-7.0143,13.3156,6.587e-19,1.246e-18,3.257e-18,0.0008,-119.6,0
BottomS087958,-7.0067,13.3148,6.403e-19,5.784e-19,3.545e-19,0.0001,-119.57,0
BottomS087959,-7.0031,13.3131,4.777e-19,7.483e-19,1.355e-18,-0.0003,-119.63,0
BottomS087960,-6.8928,13.3214,4.812e-20,5.961e-20,6.460e-20,-0.0005,-116.11,0
BottomS087961,-6.9008,13.3257,1.581e-18,3.747e-18,1.652e-17,-0.0002,-115.97,0
BottomS087962,-6.8957,13.3240,7.029e-20,7.909e-20,7.464e-20,0.0003,-115.92,0
BottomS087963,-7.0147,13.3077,1.417e-19,1.507e-19,1.253e-19,0.001,-119.78,0
BottomS087964,-7.0144,13.3075,1.005e-16,7.036e-17,2.481e-17,-0.0004,-119.76,0
BottomS087965,-7.0127,13.3062,3.134e-17,2.348e-17,9.601e-18,0.0007,-119.86,0
BottomS087966,-7.0137,13.3004,3.071e-14,2.131e-14,7.121e-15,0.0005,-119.94,0
BottomS087967,-7.0170,13.2976,3.289e-19,3.288e-19,2.334e-19,0.0001,-119.85,0
BottomS087968,-6.8848,13.3334,2.444e-18,5.306e-18,1.964e-17,0.0001,-115.75,0
BottomS087969,-6.8914,13.3312,4.251e-18,3.387e-18,1.597e-18,0.0002,-115.95,0
BottomS087972,-6.8926,13.3330,3.964e-20,4.435e-20,4.137e-20,-0.0004,-115.95,0
BottomS087973,-6.8935,13.3352,1.046e-17,8.300e-18,3.824e-18,-0.001,-115.86,0
BottomS087974,-7.0179,13.2900,2.524e-17,1.937e-17,8.212e-18,-0.0006,-119.79,1
BottomS087975,-7.0163,13.2897,2.143e-16,1.453e-16,4.916e-17,-0.0007,-119.66,0
BottomS087976,-7.0074,13.2932,1.806e-18,3.749e-18,1.254e-17,-0.0002,-119.62,0
BottomS087978,-7.0160,13.2914,6.911e-18,5.464e-18,2.473e-18,0.0,-119.77,0
BottomS087979,-7.0178,13.2839,4.213e-20,5.022e-20,5.077e-20,0.0009,-119.8,0
BottomS087980,-6.8990,13.3469,6.253e-19,5.774e-19,3.452e-19,-0.0001,-115.8,0
BottomS087981,-7.0174,13.2787,1.480e-17,1.151e-17,5.077e-18,-0.0003,-119.66,1
BottomS087982,-6.8926,13.3516,3.459e-18,2.714e-18,1.208e-18,0.0003,-115.84,0
BottomS087983,-6.8895,13.3575,8.355e-19,1.499e-18,3.806e-18,-0.0001,-115.92,0
BottomS087984,-7.0065,13.2805,1.469e-17,1.145e-17,5.073e-18,0.0003,-119.58,1
BottomS087985,-7.0102,13.2740,9.292e-19,8.309e-19,4.712e-19,-0.0004,-119.47,0
BottomS087986,-7.0074,13.2769,1.812e-19,1.947e-19,1.578e-19,0.0006,-119.59,0
BottomS087987,-7.0130,13.2657,1.469e-19,1.634e-19,1.428e-19,0.0004,-119.58,0
BottomS087989,-6.9032,13.3571,1.555e-20,2.078e-20,2.707e-20,0.0002,-116.14,0
BottomS087990,-7.0037,13.2687,2.841e-17,2.132e-17,8.661e-18,0.0002,-119.41,1
BottomS087992,-6.9092,13.3600,1.534e-18,2.560e-18,5.267e-18,-0.0001,-116.29,0
BottomS087993,-6.9078,13.3606,6.822e-19,6.369e-19,3.940e-19,0.0001,-116.41,0
BottomS087994,-6.9930,13.2707,3.970e-19,3.946e-19,2.852e-19,0.0002,-119.31,0
BottomS087995,-6.9861,13.2732,1.799e-18,3.325e-18,8.586e-18,0.0,-119.28,0
BottomS087996,-6.9895,13.2665,3.747e-18,8.666e-18,3.510e-17,0.0001,-119.18,0
BottomS087997,-6.9874,13.2696,1.835e-19,1.907e-19,1.498e-19,0.0003,-119.08,0
BottomS087998,-6.9939,13.2594,6.405e-18,5.278e-18,2.643e-18,-0.0003,-119.04,0
BottomS088000,-6.9166,13.3666,6.753e-19,6.362e-19,4.227e-19,-0.0,-116.6,0
BottomS088001,-6.9838,13.2611,2.830e-18,3.894e-18,5.399e-18,0.0005,-118.94,0
BottomS088002,-6.9810,13.2635,2.853e-20,3.641e-20,4.379e-20,0.0002,-119.12,0
BottomS088005,-6.9705,13.2626,3.223e-14,3.127e-14,2.142e-14,0.0005,-118.64,1
BottomS088006,-6.9667,13.2653,2.345e-18,1.932e-18,9.519e-19,-0.0002,-118.58,0
BottomS088007,-6.9635,13.2627,4.785e-18,4.078e-18,2.101e-18,0.0006,-118.44,0
BottomS088008,-6.9456,13.3661,9.076e-19,8.708e-19,5.804e-19,0.0001,-117.18,0
BottomS088009,-6.9436,13.3702,2.474e-19,2.465e-19,1.844e-19,-0.0003,-117.25,0
BottomS088011,-6.9428,13.3744,3.166e-18,2.706e-18,1.432e-18,0.0004,-117.1,0
BottomS088013,-6.9498,13.2599,2.559e-17,1.907e-17,7.515e-18,-0.0008,-118.1,0
BottomS088014,-6.9472,13.3701,1.381e-20,1.753e-20,2.129e-20,0.0008,-117.32,0
BottomS088015,-6.9446,13.2649,2.519e-18,3.955e-18,7.366e-18,0.0008,-117.92,0
BottomS088016,-6.9398,13.2586,1.686e-20,2.142e-20,2.461e-20,-0.0008,-117.9,0
BottomS088017,-6.9426,13.2627,1.443e-19,1.565e-19,1.333e-19,-0.0003,-118.03,0
BottomS088018,-6.9674,13.3662,1.844e-19,1.883e-19,1.449e-19,-0.0001,-117.81,0
BottomS088020,-6.9717,13.3639,1.779e-19,1.842e-19,1.439e-19,0.0001,-117.9,0
BottomS088021,-6.9256,13.2646,4.017e-18,3.419e-18,1.732e-18,0.0002,-117.67,0
BottomS088023,-6.9249,13.2680,1.131e-18,2.244e-18,6.767e-18,-0.0004,-117.51,0
BottomS088024,-6.9795,13.3646,2.266e-19,2.318e-19,1.746e-19,0.0004,-118.04,0
BottomS088025,-6.9802,13.3625,4.448e-14,3.106e-14,1.049e-14,0.0003,-118.2,0
BottomS088026,-6.9139,13.2722,2.320e-20,2.995e-20,3.659e-20,0.0007,-117.25,0
BottomS088027,-6.9862,13.3536,1.823e-18,1.575e-18,8.526e-19,0.0006,-118.38,0
BottomS088028,-7.0027,13.3623,3.136e-14,2.147e-14,7.416e-15,-0.0004,-118.57,0
BottomS088029,-7.0018,13.3586,1.025e-18,1.763e-18,3.808e-18,-0.001,-118.56,0
BottomS088034,-6.8958,13.2810,3.477e-17,2.622e-17,1.079e-17,0.0003,-116.82,1
BottomS088035,-6.8912,13.2827,8.083e-19,7.874e-19,5.278e-19,0.0007,-116.79,0
BottomS088037,-7.0115,13.3459,2.137e-20,2.822e-20,3.636e-20,0.0001,-118.74,0
BottomS088038,-6.8862,13.2845,3.284e-14,2.453e-14,9.821e-15,0.0005,-116.62,0
BottomS088039,-6.8864,13.2869,3.818e-18,3.127e-18,1.475e-18,-0.0002,-116.62,0
BottomS088040,-6.8869,13.2886,3.064e-17,2.301e-17,9.571e-18,-0.0008,-116.62,1
BottomS088042,-7.0255,13.3404,2.362e-19,2.517e-19,2.050e-19,-0.0011,-119.07,0
BottomS088044,-7.0279,13.3358,1.772e-19,1.853e-19,1.478e-19,-0.0007,-119.39,0
BottomS088045,-7.0320,13.3350,3.852e-19,3.810e-19,2.659e-19,-0.0002,-119.36,0
BottomS088047,-6.8787,13.3029,2.411e-18,2.078e-18,1.076e-18,-0.0004,-116.13,0
BottomS088049,-6.8710,13.3073,3.844e-18,5.925e-18,1.059e-17,-0.0003,-116.02,0
BottomS088052,-7.0308,13.3184,5.517e-17,4.085e-17,1.620e-17,0.0005,-119.57,0
BottomS088053,-7.0357,13.3158,1.777e-18,1.603e-18,9.647e-19,-0.0001,-119.77,0
BottomS088055,-7.0451,13.3114,5.268e-17,3.722e-17,1.357e-17,-0.0002,-119.63,0
BottomS088056,-6.8551,13.3180,8.689e-18,6.829e-18,2.997e-18,0.0,-115.9,0
BottomS088057,-7.0542,13.3126,1.014e-18,1.542e-18,2.687e-18,0.0005,-119.74,0
BottomS088058,-7.0544,13.3108,1.345e-18,1.191e-18,6.627e-19,-0.0009,-119.75,0
BottomS088059,-7.0529,13.3027,1.257e-17,9.478e-18,3.720e-18,0.0001,-119.82,0
BottomS088060,-6.8449,13.3254,1.459e-19,1.607e-19,1.403e-19,0.0004,-115.71,0
BottomS088061,-6.8534,13.3281,9.292e-18,7.301e-18,3.259e-18,0.0007,-115.81,0
BottomS088062,-7.0517,13.3026,1.917e-18,2.971e-18,5.462e-18,0.0001,-119.83,0
BottomS088063,-6.8495,13.3414,7.383e-18,5.854e-18,2.686e-18,0.001,-115.78,0
BottomS088064,-6.8550,13.3344,8.676e-17,6.105e-17,2.178e-17,0.0011,-115.69,0
BottomS088065,-7.0502,13.2901,1.890e-17,1.458e-17,6.346e-18,-0.0007,-119.86,1
BottomS088067,-7.0484,13.2839,1.972e-17,1.551e-17,6.877e-18,-0.0,-119.89,1
BottomS088069,-7.0465,13.2829,9.324e-19,1.884e-18,5.846e-18,0.0,-119.97,0
BottomS088071,-7.0433,13.2857,2.245e-17,1.687e-17,6.647e-18,0.0005,-119.93,0
BottomS088072,-7.0598,13.2782,4.889e-18,4.051e-18,1.996e-18,-0.0001,-119.96,0
BottomS088073,-7.0515,13.2736,6.092e-19,5.521e-19,3.428e-19,0.0003,-119.84,0
BottomS088074,-7.0361,13.2832,1.799e-18,1.485e-18,7.440e-19,-0.0005,-119.81,0
BottomS088075,-6.8529,13.3617,1.881e-17,1.524e-17,7.340e-18,-0.0002,-115.79,0
BottomS088076,-7.0428,13.2699,3.090e-18,2.642e-18,1.400e-18,0.0002,-119.8,0
BottomS088077,-6.8555,13.3714,7.575e-18,6.068e-18,2.731e-18,-0.0004,-115.81,0
BottomS088078,-7.0403,13.2687,5.298e-20,5.860e-20,5.005e-20,0.0007,-119.79,0
BottomS088079,-7.0407,13.2665,5.581e-18,4.746e-18,2.432e-18,0.0004,-119.72,0
BottomS088080,-7.0495,13.2577,1.137e-18,1.901e-18,4.088e-18,-0.0002,-119.81,0
BottomS088083,-7.0323,13.2611,1.595e-17,1.267e-17,5.825e-18,-0.0005,-119.61,1
BottomS088084,-7.0349,13.2510,2.391e-18,4.582e-18,1.251e-17,0.0001,-119.62,0
BottomS088085,-7.0364,13.2477,1.237e-18,1.773e-18,2.630e-18,0.0005,-119.5,0
BottomS088086,-7.0332,13.2470,1.560e-20,2.023e-20,2.552e-20,0.0006,-119.52,0
BottomS088087,-7.0301,13.2479,2.637e-18,2.155e-18,1.034e-18,-0.0005,-119.46,0
BottomS088088,-7.0261,13.2483,7.852e-19,1.500e-18,3.995e-18,0.0003,-119.58,0
BottomS088089,-6.8790,13.3851,6.854e-19,1.285e-18,3.332e-18,-0.0007,-116.14,0
BottomS088090,-6.8839,13.3837,6.236e-18,4.946e-18,2.302e-18,0.0,-116.51,0
BottomS088091,-6.8795,13.3927,2.014e-19,2.122e-19,1.698e-19,-0.0002,-116.27,0
BottomS088095,-7.0055,13.2441,1.008e-17,8.502e-18,4.198e-18,0.0,-119.2,0
BottomS088096,-6.9037,13.3852,2.208e-19,3.970e-19,9.548e-19,-0.0006,-116.45,0
BottomS088097,-6.9039,13.3874,2.602e-20,3.168e-20,3.459e-20,-0.0003,-116.55,0
BottomS088098,-6.9991,13.2418,2.727e-18,2.250e-18,1.096e-18,0.0003,-118.91,0
BottomS088099,-7.0022,13.2447,4.897e-18,3.928e-18,1.850e-18,-0.0004,-119.17,0
BottomS088100,-6.9771,13.2495,1.291e-19,1.412e-19,1.215e-19,-0.0001,-118.82,0
BottomS088101,-6.9818,13.2379,3.142e-18,2.765e-18,1.499e-18,0.0003,-118.74,0
BottomS088102,-6.9899,13.2396,1.424e-18,1.228e-18,6.657e-19,-0.0004,-118.97,0
BottomS088104,-6.9818,13.2346,1.947e-17,1.500e-17,6.611e-18,0.0003,-118.66,1
BottomS088106,-6.9361,13.3903,3.289e-19,5.685e-19,1.255e-18,-0.0001,-117.17,0
BottomS088107,-6.9255,13.3960,4.255e-19,8.435e-19,2.500e-18,0.001,-117.02,0
BottomS088108,-6.9645,13.2397,4.586e-18,3.937e-18,2.119e-18,0.0008,-118.3,0
BottomS088109,-6.9493,13.2393,2.128e-17,1.706e-17,7.686e-18,0.0,-118.15,1
BottomS088110,-6.9464,13.3987,1.131e-17,8.331e-18,3.214e-18,-0.0003,-117.25,0
BottomS088111,-6.9525,13.2408,4.109e-19,3.989e-19,2.850e-19,-0.0002,-118.14,0
BottomS088112,-6.9398,13.2421,5.022e-18,3.982e-18,1.857e-18,0.0,-117.94,0
BottomS088114,-6.9817,13.3906,2.982e-19,2.968e-19,2.106e-19,-0.0002,-117.9,0
BottomS088115,-6.9321,13.2398,7.387e-17,5.366e-17,2.017e-17,-0.0003,-117.92,0
BottomS088118,-6.9447,13.2465,9.216e-19,1.335e-18,1.987e-18,0.0002,-118.07,0
BottomS088120,-6.9874,13.3777,1.811e-19,1.894e-19,1.509e-19,0.0005,-118.14,0
BottomS088121,-6.9067,13.2451,4.047e-18,1.012e-17,4.810e-17,-0.0002,-117.59,0
BottomS088122,-6.9012,13.2530,6.316e-17,4.557e-17,1.759e-17,-0.0003,-117.23,0
BottomS088123,-7.0011,13.3808,2.838e-18,5.683e-18,1.725e-17,-0.0004,-118.22,0
BottomS088124,-6.9062,13.2476,2.682e-17,1.905e-17,6.963e-18,-0.0011,-117.37,0
BottomS088126,-6.9011,13.2580,9.233e-19,8.317e-19,4.886e-19,0.0007,-117.3,0
BottomS088127,-6.9000,13.2639,9.702e-19,1.675e-18,3.715e-18,-0.0008,-117.23,0
BottomS088128,-6.8999,13.2662,2.899e-17,2.235e-17,9.460e-18,0.0005,-117.15,1
BottomS088129,-7.0183,13.3749,2.691e-19,2.856e-19,2.360e-19,-0.0001,-118.54,0
BottomS088130,-6.8827,13.2613,5.925e-19,5.570e-19,3.571e-19,-0.0,-116.92,0
BottomS088131,-7.0386,13.3725,1.267e-18,1.151e-18,6.567e-19,0.0001,-118.79,0
BottomS088132,-7.0285,13.3661,3.170e-18,4.974e-18,9.070e-18,0.0001,-118.85,0
BottomS088133,-6.8899,13.2784,4.070e-19,3.975e-19,2.675e-19,0.0007,-116.8,0
BottomS088134,-6.8714,13.2713,4.138e-18,3.349e-18,1.598e-18,0.0008,-116.69,0
BottomS088135,-6.8738,13.2745,1.105e-19,1.134e-19,8.856e-20,0.0006,-116.81,0
BottomS088136,-6.8801,13.2802,5.836e-19,9.834e-19,2.169e-18,0.0003,-116.7,0
BottomS088138,-6.8565,13.2771,1.717e-20,2.149e-20,2.409e-20,0.0008,-116.55,0
BottomS088139,-7.0477,13.3508,6.192e-20,7.185e-20,6.907e-20,0.0007,-119.16,0
BottomS088140,-7.0529,13.3509,5.885e-18,4.751e-18,2.161e-18,0.0001,-119.31,0
BottomS088141,-7.0454,13.3426,1.311e-17,1.013e-17,4.328e-18,-0.0001,-119.39,1
BottomS088142,-6.8614,13.2898,8.296e-19,8.383e-19,6.219e-19,0.0002,-116.55,0
BottomS088146,-6.8355,13.2964,1.284e-18,1.198e-18,7.359e-19,-0.0001,-116.18,0
BottomS088147,-7.0619,13.3235,3.720e-19,7.424e-19,2.181e-18,-0.001,-119.68,0
BottomS088148,-6.8325,13.3013,6.866e-19,6.656e-19,4.408e-19,0.001,-116.14,0
BottomS088149,-7.0704,13.3247,4.916e-14,3.534e-14,1.340e-14,-0.0001,-119.7,0
BottomS088153,-7.0773,13.3141,3.139e-18,2.676e-18,1.397e-18,-0.0009,-119.81,0
BottomS088154,-7.0646,13.3099,1.297e-17,9.949e-18,4.217e-18,0.0004,-119.7,1
BottomS088156,-6.8327,13.3216,7.043e-18,5.732e-18,2.773e-18,-0.0007,-115.81,0
BottomS088157,-6.8258,13.3262,1.142e-16,8.389e-17,3.168e-17,-0.0001,-115.75,0
BottomS088158,-6.8340,13.3378,1.100e-18,9.859e-19,5.693e-19,0.0006,-115.88,0
BottomS088160,-6.8390,13.3348,1.888e-18,1.634e-18,8.769e-19,0.0005,-115.79,0
BottomS088161,-7.0794,13.2963,1.746e-20,2.100e-20,2.245e-20,0.0001,-119.88,0
BottomS088162,-6.8141,13.3406,1.047e-17,8.327e-18,3.851e-18,-0.0002,-115.8,0
BottomS088163,-7.0820,13.2810,6.743e-19,1.074e-18,2.069e-18,-0.0001,-119.85,0
BottomS088164,-6.8219,13.3467,3.698e-18,3.055e-18,1.484e-18,-0.0007,-115.77,0
BottomS088165,-7.0800,13.2749,1.745e-19,1.895e-19,1.580e-19,0.0003,-119.77,0
BottomS088167,-6.8270,13.3463,2.818e-17,2.132e-17,9.189e-18,-0.0002,-115.66,1
BottomS088168,-6.8145,13.3721,2.017e-18,1.781e-18,9.757e-19,0.0005,-115.73,0
BottomS088169,-6.8530,13.3500,1.010e-20,1.393e-20,1.964e-20,0.0008,-115.63,0
BottomS088171,-6.8314,13.3630,7.915e-20,8.626e-20,7.384e-20,0.0007,-115.55,0
BottomS088173,-7.0547,13.2703,3.052e-18,2.645e-18,1.416e-18,0.0001,-119.86,0
BottomS088174,-6.8419,13.3686,1.108e-17,8.384e-18,3.585e-18,0.0003,-115.81,1
BottomS088175,-6.8430,13.3724,1.088e-19,1.244e-19,1.156e-19,-0.0006,-115.82,0
BottomS088176,-7.0490,13.2648,2.569e-18,2.227e-18,1.221e-18,-0.0002,-119.82,0
BottomS088178,-6.8465,13.3761,7.824e-18,6.329e-18,3.098e-18,0.0002,-115.92,0
BottomS088179,-6.8516,13.3821,7.506e-19,7.117e-19,4.513e-19,0.0014,-115.89,0
BottomS088180,-6.8499,13.3860,4.816e-19,4.402e-19,2.664e-19,-0.0004,-115.86,0
BottomS088181,-7.0535,13.2441,2.543e-18,5.975e-18,2.494e-17,0.0006,-119.73,0
BottomS088183,-6.8654,13.3848,8.778e-18,6.755e-18,2.988e-18,0.0001,-115.92,0
BottomS088184,-6.8622,13.3886,2.320e-18,2.111e-18,1.226e-18,0.0002,-116.06,0
BottomS088185,-7.0431,13.2347,1.456e-18,1.237e-18,6.575e-19,-0.0001,-119.45,0
BottomS088186,-6.8712,13.3893,8.269e-19,7.737e-19,5.055e-19,0.0004,-116.18,0
BottomS088187,-7.0527,13.2225,2.048e-18,1.794e-18,1.001e-18,0.0,-119.59,0
BottomS088188,-7.0367,13.2301,9.097e-18,7.035e-18,3.194e-18,0.0005,-119.31,1
BottomS088189,-6.8808,13.3938,1.189e-17,9.510e-18,4.355e-18,-0.0002,-116.3,1
BottomS088190,-6.8752,13.4029,3.829e-20,4.515e-20,4.685e-20,0.0007,-116.27,0
BottomS088191,-7.0144,13.2372,9.216e-18,7.503e-18,3.505e-18,0.0005,-119.21,0
BottomS088193,-7.0050,13.2342,4.985e-18,4.182e-18,2.169e-18,0.0008,-119.07,0
BottomS093644,39.2147,-13.1890,6.621e-20,7.929e-20,8.254e-20,-0.0003,-88.82,0
BottomS093645,39.1877,-13.1788,7.318e-20,8.431e-20,7.942e-20,-0.001,-88.31,0
BottomS093648,39.1865,-13.1781,1.201e-20,1.678e-20,2.420e-20,0.0,-88.74,0
BottomS093650,39.1896,-13.1758,7.401e-19,6.966e-19,4.467e-19,0.0005,-88.44,0
BottomS093654,39.1656,-13.1747,2.753e-14,1.884e-14,6.406e-15,-0.0002,-90.1,0
BottomS093658,39.1615,-13.1929,2.914e-19,6.004e-19,1.989e-18,0.0004,-91.35,0
BottomS093662,39.2360,-13.1706,3.539e-15,2.353e-15,7.422e-16,-0.0001,-87.98,0
BottomS093663,39.1843,-13.1684,7.336e-19,7.196e-19,4.949e-19,-0.0003,-88.04,0
BottomS093668,39.1912,-13.2164,3.641e-20,4.293e-20,4.296e-20,-0.0005,-90.13,0
BottomS093670,39.3821,-13.0890,4.527e-20,5.285e-20,5.230e-20,0.0001,-87.24,0
BottomS093672,39.1837,-13.1667,1.489e-18,1.317e-18,7.218e-19,-0.0004,-87.85,0
BottomS093673,39.1095,-13.2147,1.808e-18,4.113e-18,1.635e-17,-0.0006,-91.79,0
BottomS093674,39.1561,-13.1725,4.010e-20,4.690e-20,4.572e-20,-0.0007,-90.44,0
BottomS093681,39.1833,-13.1751,2.100e-19,2.126e-19,1.503e-19,0.0003,-89.15,0
BottomS093682,39.1928,-13.2054,1.250e-20,1.646e-20,2.129e-20,0.0003,-89.98,0
BottomS093685,39.1815,-13.1768,3.065e-20,3.540e-20,3.402e-20,-0.0014,-89.77,0
BottomS093689,39.1893,-13.1760,1.234e-20,1.577e-20,1.878e-20,-0.0004,-88.22,0
BottomS093694,39.1830,-13.1785,1.788e-20,2.441e-20,3.208e-20,-0.0004,-89.9,0
BottomS093710,39.1713,-13.1837,3.677e-20,4.270e-20,4.228e-20,0.0002,-90.97,0
BottomS093711,39.1875,-13.1807,5.142e-19,8.148e-19,1.565e-18,-0.0004,-89.21,0
BottomS093712,39.1977,-13.1714,2.809e-18,6.716e-18,2.913e-17,0.0003,-87.68,0
BottomS093713,39.1894,-13.1818,2.182e-20,2.756e-20,3.267e-20,-0.0003,-88.34,0
BottomS093720,39.2699,-13.0740,1.939e-19,1.951e-19,1.448e-19,-0.0,-87.42,0
BottomS093724,39.1850,-13.1766,2.882e-20,3.367e-20,3.324e-20,0.0003,-89.02,0
BottomS093729,39.1989,-13.1703,3.133e-20,3.690e-20,3.869e-20,0.0005,-88.01,0
BottomS093730,39.2008,-13.1724,5.443e-20,5.927e-20,5.148e-20,0.0,-87.68,0
BottomS093731,39.1493,-13.1849,7.986e-14,7.348e-14,4.527e-14,0.001,-91.26,1
BottomS093732,39.1632,-13.1852,1.636e-19,1.719e-19,1.358e-19,0.0003,-91.05,0
BottomS093733,38.9923,-13.1941,4.849e-20,5.268e-20,4.489e-20,0.0005,-90.98,0
BottomS093735,39.2408,-13.1249,2.397e-20,2.926e-20,3.186e-20,-0.0007,-87.29,0
BottomS093736,39.1552,-13.1403,4.597e-20,5.293e-20,4.943e-20,-0.0,-89.23,0
BottomS093741,39.1892,-13.1952,5.737e-20,6.124e-20,5.207e-20,0.0012,-89.94,0
BottomS093745,39.2029,-13.1627,1.340e-20,1.810e-20,2.475e-20,0.0002,-87.61,0
BottomS093749,39.2067,-13.1788,1.291e-19,1.369e-19,1.091e-19,0.0005,-88.51,0
BottomS093752,39.1767,-13.1881,9.446e-19,1.547e-18,3.115e-18,-0.0005,-91.26,0
BottomS093762,39.1846,-13.1848,7.427e-20,8.385e-20,7.923e-20,0.0001,-90.33,0
BottomS093763,39.2315,-13.1661,4.568e-18,3.696e-18,1.710e-18,-0.0004,-87.36,0
BottomS093769,39.2400,-13.1607,1.010e-18,1.875e-18,4.840e-18,0.0005,-87.55,0
BottomS093777,39.2240,-13.2151,6.351e-20,6.953e-20,5.978e-20,-0.0008,-89.55,0
BottomS093778,39.1849,-13.1581,2.864e-20,3.334e-20,3.297e-20,0.0001,-88.51,0
BottomS093779,39.1699,-13.1741,8.821e-20,9.851e-20,8.717e-20,0.0006,-90.43,0
BottomS093792,39.1714,-13.1978,8.842e-19,1.389e-18,2.640e-18,-0.0003,-90.59,0
BottomS093793,39.1850,-13.1742,6.031e-19,1.071e-18,2.582e-18,0.0,-88.75,0
BottomS093797,39.1857,-13.1749,5.432e-18,4.306e-18,1.924e-18,-0.0008,-87.57,0
BottomS093800,39.1860,-13.1223,1.109e-20,1.422e-20,1.686e-20,0.0001,-88.5,0
BottomS093801,39.1878,-13.1548,1.145e-19,1.288e-19,1.135e-19,0.0003,-88.43,0
BottomS093805,39.1901,-13.1714,3.034e-20,3.810e-20,4.275e-20,-0.0002,-88.38,0
BottomS093806,39.1646,-13.1811,1.325e-20,1.793e-20,2.351e-20,0.0001,-90.79,0
BottomS093809,39.2194,-13.1864,4.491e-19,4.365e-19,2.981e-19,-0.0003,-88.71,0
BottomS093815,39.2498,-13.2106,3.071e-20,3.906e-20,4.743e-20,0.0003,-89.17,0
BottomS093821,39.1223,-13.2161,3.018e-18,6.802e-18,2.640e-17,-0.0001,-91.65,0
BottomS093825,39.1846,-13.1772,1.283e-20,1.610e-20,1.782e-20,-0.0007,-88.93,0
BottomS093826,39.1747,-13.2354,1.570e-20,1.979e-20,2.312e-20,0.0001,-90.55,0
BottomS093830,39.1623,-13.1779,2.045e-19,1.958e-19,1.249e-19,0.0003,-90.62,0
BottomS093831,39.4005,-13.1396,3.723e-20,4.471e-20,4.804e-20,0.0002,-87.79,0
BottomS093832,39.1775,-13.1723,5.692e-19,5.453e-19,3.512e-19,-0.0006,-89.47,0
BottomS093838,39.1551,-13.1800,2.006e-18,3.805e-18,9.907e-18,-0.0001,-91.2,0
BottomS093841,39.2719,-13.1285,3.096e-18,4.441e-18,7.010e-18,0.0003,-87.36,0
BottomS093844,39.2258,-13.1169,3.711e-15,2.418e-15,7.520e-16,-0.0005,-87.75,0
BottomS093845,39.1839,-13.1783,1.160e-19,1.198e-19,9.357e-20,0.0004,-91.36,0
BottomS093846,39.1728,-13.1520,5.993e-19,5.742e-19,3.807e-19,0.0001,-88.99,0
BottomS093847,39.2095,-13.1706,6.557e-20,7.571e-20,7.093e-20,0.0004,-87.85,0
BottomS093854,39.3580,-13.0976,3.646e-19,3.568e-19,2.480e-19,0.0003,-87.22,0
BottomS093855,39.2403,-13.1445,1.097e-16,7.190e-17,2.261e-17,-0.0001,-87.2,0
BottomS093857,39.1795,-13.1400,3.493e-18,5.674e-18,1.143e-17,-0.0001,-88.84,0
BottomS093858,39.1643,-13.1922,4.487e-19,4.425e-19,3.006e-19,0.0001,-91.38,0
BottomS093860,39.1174,-13.2304,1.117e-18,1.857e-18,3.962e-18,0.0006,-91.69,0
BottomS093869,39.1537,-13.1727,9.347e-20,1.033e-19,8.873e-20,-0.0003,-90.05,0
BottomS093870,39.1485,-13.1795,3.663e-20,4.467e-20,4.949e-20,-0.0002,-90.41,0
BottomS093875,39.1851,-13.1804,1.105e-18,1.002e-18,5.973e-19,-0.0002,-91.47,0
BottomS093876,39.1219,-13.0544,1.365e-20,1.818e-20,2.293e-20,-0.0006,-89.05,0
BottomS093887,39.0737,-13.1919,4.572e-20,5.238e-20,5.168e-20,-0.0,-91.11,0
BottomS093894,39.1624,-13.1977,5.088e-19,8.945e-19,2.112e-18,-0.0002,-91.25,0
BottomS093896,39.2054,-13.1865,4.715e-20,5.732e-20,6.208e-20,0.0003,-88.6,0
BottomS093899,39.1694,-13.1889,3.022e-18,4.791e-18,9.000e-18,0.0004,-91.07,0
BottomS093901,39.1485,-13.2004,2.911e-20,3.540e-20,3.886e-20,0.0002,-91.56,0
BottomS093902,39.0972,-13.2321,2.334e-20,2.852e-20,3.088e-20,0.0002,-91.7,0
BottomS093905,39.1943,-13.1748,2.417e-19,2.369e-19,1.631e-19,0.0,-88.02,0
BottomS093906,39.1966,-13.1696,1.305e-19,1.418e-19,1.231e-19,0.0004,-88.19,0
BottomS093912,39.3090,-13.0733,3.071e-18,7.767e-18,3.797e-17,-0.0003,-87.07,0
BottomS093914,39.1561,-13.2018,3.205e-20,3.945e-20,4.399e-20,0.0006,-91.46,0
BottomS093918,39.2089,-13.1684,7.414e-19,6.672e-19,3.856e-19,0.0005,-87.88,0
BottomS093931,39.1308,-13.1733,3.720e-20,4.543e-20,4.825e-20,-0.0,-90.32,0
BottomS093936,39.1943,-13.1570,1.412e-20,1.864e-20,2.285e-20,-0.0002,-88.52,0
BottomS093944,39.1686,-13.1773,9.776e-19,8.912e-19,5.255e-19,-0.0002,-90.36,0
BottomS093946,39.1008,-13.1122,2.086e-18,3.533e-18,7.902e-18,0.0004,-89.59,0
BottomS093952,39.2274,-13.1692,2.427e-18,5.041e-18,1.687e-17,0.0008,-87.95,0
BottomS093953,39.1912,-13.1764,1.548e-19,1.700e-19,1.495e-19,-0.0007,-88.82,0
BottomS093954,39.1810,-13.1831,9.039e-20,1.007e-19,8.973e-20,0.0001,-91.0,0
BottomS093955,39.1848,-13.1749,1.149e-18,2.140e-18,5.494e-18,0.0002,-87.94,0
BottomS093961,39.1853,-13.1937,2.753e-18,2.354e-18,1.197e-18,0.0008,-90.15,0
BottomS093966,39.1653,-13.2079,3.454e-20,4.236e-20,4.618e-20,-0.0011,-91.1,0
BottomS093969,39.1488,-13.1837,3.637e-18,6.384e-18,1.446e-17,0.0005,-90.96,0
BottomS093978,39.1929,-13.1981,2.640e-20,3.280e-20,3.587e-20,0.0003,-89.93,0
BottomS093984,39.1758,-13.1715,2.718e-19,2.726e-19,1.978e-19,-0.0004,-90.14,0
BottomS093988,39.2332,-13.2302,5.086e-20,6.227e-20,6.909e-20,0.0001,-89.56,0
BottomS093992,39.1682,-13.1775,3.813e-19,3.836e-19,2.825e-19,-0.0008,-90.48,0
BottomS093994,39.1760,-13.1749,8.441e-20,9.244e-20,7.970e-20,-0.0003,-90.98,0
BottomS093997,39.1862,-13.1789,7.461e-14,5.439e-14,1.994e-14,-0.0007,-87.46,0
BottomS094002,39.1812,-13.1732,1.779e-18,3.190e-18,7.494e-18,0.0005,-88.85,0
BottomS094004,39.1374,-13.1725,3.458e-20,4.168e-20,4.369e-20,0.0001,-90.54,0
BottomS094005,39.1721,-13.2182,1.339e-18,1.152e-18,6.319e-19,0.0003,-90.82,0
BottomS094008,39.1397,-13.1944,4.195e-14,2.909e-14,1.033e-14,-0.0003,-91.43,0
BottomS094010,39.1807,-13.1862,6.333e-20,7.268e-20,6.696e-20,0.0007,-91.08,0
BottomS094016,39.1606,-13.1888,2.514e-14,1.709e-14,5.870e-15,-0.0002,-91.01,0
BottomS094018,39.1641,-13.1892,8.222e-19,1.537e-18,4.132e-18,0.0003,-91.34,0
BottomS094020,39.1975,-13.2122,9.361e-20,1.008e-19,8.561e-20,0.0005,-89.84,0
BottomS094029,39.2029,-13.2378,1.297e-20,1.758e-20,2.490e-20,0.0007,-89.99,0
BottomS094030,39.1867,-13.1807,6.728e-14,5.274e-14,2.356e-14,-0.0001,-89.57,1
BottomS094035,39.1929,-13.1596,3.099e-18,2.564e-18,1.266e-18,-0.0006,-87.9,0
BottomS094036,39.2065,-13.2395,1.123e-20,1.422e-20,1.638e-20,-0.001,-90.02,0
BottomS094040,39.2682,-13.0949,5.917e-19,5.624e-19,3.559e-19,0.0001,-87.18,0
BottomS094043,39.1621,-13.1492,5.425e-19,5.173e-19,3.450e-19,-0.001,-89.19,0
BottomS094047,39.1881,-13.1809,1.777e-20,2.297e-20,2.792e-20,0.0007,-89.23,0
BottomS094048,39.1711,-13.1816,1.072e-18,1.776e-18,3.713e-18,-0.0004,-91.2,0
BottomS094049,39.1783,-13.1726,3.770e-20,4.318e-20,4.169e-20,0.0002,-88.54,0
BottomS094050,39.2057,-13.1925,1.318e-18,2.639e-18,7.846e-18,0.0006,-89.32,0
BottomS094058,39.1697,-13.1870,9.762e-19,1.695e-18,3.982e-18,0.0003,-90.88,0
BottomS094059,39.2087,-13.1997,4.963e-20,5.424e-20,4.911e-20,0.0006,-89.41,0
BottomS094060,39.1369,-13.1998,1.548e-20,1.907e-20,2.191e-20,0.0002,-91.54,0
BottomS094064,39.0689,-13.1834,6.523e-14,4.977e-14,2.058e-14,0.0004,-90.76,1
BottomS094067,39.1220,-13.1885,6.458e-20,7.502e-20,7.258e-20,-0.0001,-91.24,0
BottomS094068,39.1807,-13.1810,3.379e-20,3.902e-20,3.844e-20,0.0009,-90.34,0
BottomS094069,38.9553,-13.2657,6.901e-14,6.356e-14,3.781e-14,-0.0012,-91.63,1
BottomS094077,39.1905,-13.1384,1.613e-19,1.728e-19,1.449e-19,-0.0003,-88.36,0
BottomS094079,39.1420,-13.2054,1.818e-20,2.170e-20,2.300e-20,-0.0002,-91.56,0
BottomS094082,39.1459,-13.1728,1.308e-20,1.718e-20,2.164e-20,0.0006,-90.22,0
BottomS094083,39.1698,-13.1667,9.705e-20,1.041e-19,8.714e-20,-0.0002,-89.49,0
BottomS094085,39.1859,-13.1884,9.193e-19,1.462e-18,2.671e-18,0.0001,-89.9,0
BottomS094086,39.1946,-13.1795,6.183e-19,5.729e-19,3.532e-19,-0.001,-89.01,0
BottomS094091,39.2931,-13.2155,2.303e-20,2.767e-20,2.949e-20,-0.0001,-88.89,0
BottomS094092,39.1447,-13.1948,1.648e-18,1.426e-18,7.525e-19,0.0009,-91.27,0
BottomS094107,39.1619,-13.1797,1.572e-19,1.626e-19,1.313e-19,-0.0006,-90.64,0
BottomS094113,39.2095,-13.1479,2.081e-20,2.664e-20,3.115e-20,-0.0011,-87.53,0
BottomS094122,39.1797,-13.1799,3.658e-20,4.434e-20,4.753e-20,0.0005,-91.49,0
BottomS094124,39.1801,-13.1800,5.097e-18,4.090e-18,1.916e-18,-0.0002,-89.87,0
BottomS094126,39.1708,-13.1792,2.956e-20,3.529e-20,3.696e-20,0.0,-91.11,0
BottomS094129,39.2239,-13.1316,1.442e-18,1.271e-18,7.335e-19,-0.0013,-87.22,0
BottomS094140,39.2312,-13.1495,6.306e-20,7.125e-20,6.570e-20,-0.0004,-87.27,0
BottomS094141,39.2018,-13.1512,6.286e-20,7.026e-20,6.409e-20,0.0004,-87.95,0
BottomS094143,39.1749,-13.1760,4.874e-19,4.714e-19,3.119e-19,-0.0005,-91.28,0
BottomS094153,39.1582,-13.1631,2.456e-18,2.003e-18,9.589e-19,0.0002,-89.82,0
BottomS094157,39.1877,-13.1413,1.914e-19,2.024e-19,1.655e-19,-0.0011,-88.42,0
BottomS094159,39.1654,-13.1829,5.830e-19,5.663e-19,3.933e-19,0.0002,-90.68,0
BottomS094162,39.2286,-13.2111,1.112e-20,1.553e-20,2.282e-20,-0.0003,-89.42,0
BottomS094167,39.2056,-13.1591,1.955e-18,1.722e-18,9.239e-19,0.0003,-87.63,0
BottomS094170,39.2056,-13.1766,1.460e-19,1.569e-19,1.305e-19,-0.0003,-88.19,0
BottomS094173,39.1526,-13.1857,1.207e-20,1.571e-20,1.962e-20,0.0009,-91.24,0
BottomS094174,39.2464,-13.1319,3.113e-20,3.824e-20,4.270e-20,-0.0001,-87.26,0
BottomS094178,39.2140,-13.1232,3.011e-19,3.050e-19,2.285e-19,0.0,-87.75,0
BottomS094179,39.1809,-13.1764,6.568e-20,7.301e-20,6.401e-20,-0.0001,-92.5,0
BottomS094188,39.2235,-13.1539,5.853e-20,6.875e-20,6.789e-20,-0.0007,-87.4,0
BottomS094191,39.2227,-13.1810,1.430e-20,1.801e-20,2.157e-20,-0.0001,-88.3,0
BottomS094198,39.1850,-13.2054,1.237e-18,2.508e-18,7.568e-18,0.0004,-90.27,0
BottomS094203,39.0170,-13.1982,2.193e-19,2.104e-19,1.412e-19,0.0006,-91.01,0
BottomS094204,39.2127,-13.1615,1.977e-16,6.667e-16,6.092e-15,-0.0006,-87.29,0
BottomS094205,39.1916,-13.1577,1.319e-20,1.646e-20,1.849e-20,-0.0005,-87.79,0
BottomS094210,39.1476,-13.1920,4.486e-20,5.392e-20,5.771e-20,0.0002,-91.13,0
BottomS094211,39.1868,-13.1696,1.181e-19,1.276e-19,1.074e-19,-0.0002,-87.89,0
BottomS094212,39.1699,-13.1776,5.522e-19,5.130e-19,3.162e-19,-0.0001,-91.23,0
BottomS094218,39.1527,-13.1856,2.370e-14,1.580e-14,5.225e-15,-0.0001,-91.13,0
BottomS094219,39.1819,-13.1709,1.649e-19,1.653e-19,1.211e-19,0.0,-88.11,0
BottomS094223,39.0644,-13.2696,4.372e-20,5.112e-20,4.964e-20,-0.0008,-91.91,0
BottomS094224,39.2086,-13.1915,1.813e-20,2.329e-20,2.715e-20,0.0007,-89.31,0
BottomS094225,39.1812,-13.1758,1.434e-18,1.253e-18,6.688e-19,0.0002,-89.4,0
BottomS094229,39.1623,-13.1626,7.858e-19,7.318e-19,4.729e-19,0.0004,-89.57,0
BottomS094231,39.2586,-13.0985,1.474e-19,1.494e-19,1.120e-19,0.0003,-87.34,0
BottomS094235,39.2304,-13.1840,3.086e-20,3.866e-20,4.476e-20,0.0003,-88.66,0
BottomS094236,39.1893,-13.2126,1.599e-20,2.122e-20,2.724e-20,0.0003,-90.35,0
BottomS094237,39.1801,-13.1865,8.096e-18,1.767e-17,6.324e-17,0.0003,-90.22,0
BottomS094242,39.2450,-13.1530,2.258e-19,2.309e-19,1.720e-19,-0.0007,-87.36,0
BottomS094252,39.1367,-13.2210,5.115e-19,1.038e-18,3.360e-18,-0.0001,-91.57,0
BottomS094254,39.2159,-13.1656,4.900e-19,8.931e-19,2.213e-18,0.0001,-88.02,0
BottomS094256,39.1910,-13.1918,4.122e-19,7.027e-19,1.578e-18,-0.001,-89.85,0
BottomS094257,39.1271,-13.2103,9.361e-19,1.782e-18,4.869e-18,-0.0002,-91.59,0
BottomS094258,39.1740,-13.1774,2.871e-19,2.731e-19,1.825e-19,0.0006,-90.95,0
BottomS094259,39.1867,-13.1824,2.480e-18,2.043e-18,9.647e-19,-0.0002,-89.67,0
BottomS094261,39.2020,-13.1475,3.514e-18,3.050e-18,1.622e-18,-0.0004,-87.81,0
BottomS094262,39.0984,-13.1823,3.799e-20,4.461e-20,4.561e-20,0.0005,-90.78,0
BottomS094266,39.1761,-13.2038,2.452e-20,3.028e-20,3.274e-20,-0.0006,-90.69,0
BottomS094274,39.2173,-13.1612,6.817e-19,6.382e-19,4.107e-19,-0.0,-87.41,0
BottomS094277,39.1436,-13.1957,3.411e-19,3.500e-19,2.687e-19,0.0013,-91.51,0
BottomS094282,39.1610,-13.2222,3.118e-20,3.669e-20,3.799e-20,0.0001,-90.93,0
BottomS094284,39.0475,-13.3016,2.538e-18,2.077e-18,1.015e-18,-0.0001,-91.74,0
BottomS094287,39.1808,-13.1518,9.290e-20,1.027e-19,9.420e-20,-0.0004,-88.76,0
BottomS094290,39.1883,-13.1621,1.242e-18,2.520e-18,7.668e-18,-0.0003,-87.87,0
BottomS094293,39.2662,-13.1282,2.258e-18,1.959e-18,1.081e-18,-0.0,-87.25,0
BottomS094295,39.1058,-13.2320,1.332e-20,1.681e-20,1.977e-20,-0.0008,-91.7,0
BottomS094305,39.1820,-13.1718,1.364e-19,1.486e-19,1.216e-19,0.0008,-87.72,0
BottomS094306,39.1712,-13.1732,1.335e-18,1.216e-18,7.295e-19,0.0002,-90.36,0
BottomS094308,39.1825,-13.1785,1.046e-18,2.669e-18,1.343e-17,0.0001,-89.92,0
BottomS094316,39.2120,-13.2025,1.658e-18,1.468e-18,8.291e-19,-0.0008,-89.43,0
BottomS094318,39.1865,-13.1803,1.836e-20,2.259e-20,2.462e-20,-0.0002,-87.75,0
BottomS094320,39.1888,-13.1829,3.986e-19,3.852e-19,2.667e-19,0.0,-89.51,0
BottomS094321,39.1793,-13.1636,7.062e-19,1.284e-18,3.184e-18,-0.0007,-88.24,0
BottomS094322,39.1837,-13.1762,1.260e-19,1.354e-19,1.168e-19,0.0005,-89.09,0
BottomS094324,39.1406,-13.1588,9.340e-20,1.043e-19,9.470e-20,0.0001,-89.8,0
BottomS094325,39.1836,-13.1685,3.126e-17,9.415e-17,6.906e-16,0.0009,-88.08,0
BottomS094334,39.1619,-13.2490,1.383e-20,1.797e-20,2.211e-20,0.0003,-90.73,0
BottomS094335,39.1686,-13.1617,3.524e-20,4.046e-20,4.085e-20,0.0012,-89.33,0
BottomS094336,39.2453,-13.1563,3.538e-20,4.177e-20,4.023e-20,-0.0006,-87.35,0
BottomS094339,39.1746,-13.1716,3.436e-19,3.296e-19,2.240e-19,0.001,-89.65,0
BottomS094342,39.1743,-13.1738,5.114e-19,4.740e-19,2.911e-19,-0.0006,-90.74,0
BottomS094345,39.1737,-13.1833,5.529e-20,6.371e-20,6.265e-20,-0.0003,-90.94,0
BottomS094346,39.1829,-13.1894,1.632e-20,2.088e-20,2.493e-20,0.0001,-90.39,0
BottomS094349,39.1889,-13.1635,2.452e-19,2.461e-19,1.838e-19,0.0,-88.22,0
BottomS094356,39.1910,-13.1677,2.489e-20,3.031e-20,3.276e-20,-0.0006,-87.76,0
BottomS094361,39.3262,-13.1434,1.947e-18,3.326e-18,7.527e-18,-0.0002,-87.83,0
BottomS094362,39.1783,-13.1681,3.714e-19,3.751e-19,2.751e-19,-0.0004,-88.02,0
BottomS094366,39.1946,-13.1691,8.511e-19,7.636e-19,4.500e-19,0.0003,-87.61,0
BottomS094370,39.1928,-13.1465,1.245e-19,1.389e-19,1.243e-19,-0.0003,-88.36,0
BottomS094371,39.1784,-13.1514,3.053e-19,3.033e-19,2.192e-19,-0.0002,-88.74,0
BottomS094372,39.1934,-13.1765,5.278e-14,3.742e-14,1.340e-14,0.0002,-88.43,0
BottomS094377,39.1728,-13.1751,1.402e-19,1.442e-19,1.093e-19,0.0001,-90.47,0
BottomS094378,39.1875,-13.1943,1.148e-18,1.068e-18,6.890e-19,0.0003,-90.52,0
BottomS094382,39.2550,-13.1807,2.899e-20,3.499e-20,3.689e-20,-0.0003,-88.44,0
BottomS094386,39.1716,-13.1829,2.836e-18,2.469e-18,1.371e-18,-0.0002,-91.2,0
BottomS094391,39.0574,-13.2568,2.238e-20,2.898e-20,3.596e-20,-0.0001,-91.85,0
BottomS094392,39.1338,-13.2296,1.837e-19,1.927e-19,1.601e-19,0.0003,-91.57,0
BottomS094393,39.2884,-13.1155,1.284e-17,3.550e-17,2.067e-16,0.0007,-87.17,0
BottomS094394,39.1819,-13.1747,2.013e-20,2.543e-20,2.939e-20,-0.001,-87.08,0
BottomS094398,39.1516,-13.1671,4.358e-20,5.086e-20,4.776e-20,0.0005,-90.21,0
BottomS094402,39.2145,-13.1554,3.984e-19,3.567e-19,2.146e-19,-0.0012,-87.33,0
BottomS094407,39.1712,-13.2189,1.277e-18,2.661e-18,8.954e-18,0.0004,-90.72,0
BottomS094410,39.1876,-13.1827,1.264e-19,1.408e-19,1.272e-19,0.0007,-91.22,0
BottomS094411,39.2169,-13.1489,1.305e-20,1.733e-20,2.192e-20,-0.0001,-87.41,0
BottomS094412,39.0913,-13.2338,6.783e-19,1.274e-18,3.449e-18,0.0,-91.73,0
BottomS094417,39.2233,-13.1517,1.297e-19,1.347e-19,1.067e-19,-0.0002,-87.41,0
BottomS094418,39.1857,-13.1768,1.239e-20,1.561e-20,1.819e-20,0.0002,-87.41,0
BottomS094424,39.1388,-13.1615,9.243e-19,8.263e-19,4.810e-19,-0.0002,-89.93,0
BottomS094426,39.3011,-13.1982,1.337e-20,1.677e-20,1.926e-20,0.0002,-88.74,0
BottomS094433,39.1705,-13.1688,9.005e-19,8.562e-19,5.504e-19,-0.0005,-89.78,0
BottomS094434,39.1523,-13.1861,9.016e-20,9.897e-20,8.787e-20,0.0004,-91.38,0
BottomS094440,39.2258,-13.1650,9.449e-19,8.840e-19,5.567e-19,0.0002,-87.56,0
BottomS094441,39.1355,-13.1911,1.308e-18,2.508e-18,7.183e-18,0.001,-91.59,0
BottomS094444,39.1469,-13.1756,1.335e-18,2.357e-18,5.322e-18,0.0001,-90.58,0
BottomS094445,39.1636,-13.2092,6.665e-19,6.548e-19,4.534e-19,0.0006,-91.07,0
BottomS094447,39.1794,-13.2118,3.737e-18,3.041e-18,1.461e-18,-0.0003,-90.79,0
BottomS094448,39.1378,-13.1475,2.663e-19,2.690e-19,2.057e-19,-0.0,-89.76,0
BottomS094449,39.2329,-13.1428,9.440e-20,1.053e-19,9.525e-20,-0.0003,-87.09,0
BottomS094450,39.1576,-13.1808,8.761e-19,1.356e-18,2.404e-18,-0.0016,-91.29,0
BottomS094453,39.1608,-13.1687,1.094e-18,1.813e-18,3.861e-18,-0.0009,-90.3,0
BottomS094454,39.1491,-13.1698,5.964e-20,6.545e-20,5.645e-20,0.0008,-90.95,0
BottomS094455,39.2292,-13.1579,3.144e-20,3.907e-20,4.454e-20,0.0008,-87.24,0
BottomS094458,39.2125,-13.1611,2.168e-18,1.904e-18,1.068e-18,0.0001,-87.8,0
BottomS094459,39.1446,-13.1629,1.493e-20,2.031e-20,2.685e-20,0.0009,-91.23,0
BottomS094460,39.1932,-13.1861,1.182e-19,1.313e-19,1.166e-19,0.0002,-89.5,0
BottomS094462,39.1201,-13.1583,3.970e-19,3.765e-19,2.514e-19,-0.0,-90.81,0
BottomS094463,39.1771,-13.2121,8.739e-20,1.007e-19,9.892e-20,-0.0005,-91.48,0
BottomS094464,39.1899,-13.1986,3.193e-20,3.719e-20,3.678e-20,0.0006,-90.0,0
BottomS094465,39.1894,-13.1255,2.952e-18,2.537e-18,1.351e-18,-0.0008,-87.25,0
BottomS094467,39.1745,-13.1926,5.559e-14,4.116e-14,1.639e-14,0.0003,-90.62,0
BottomS094474,39.1890,-13.1470,6.999e-19,1.165e-18,2.407e-18,-0.0003,-87.78,0
BottomS094477,39.1465,-13.1949,2.419e-20,3.106e-20,3.873e-20,-0.0009,-91.04,0
BottomS094478,39.1675,-13.1465,1.185e-19,1.280e-19,1.118e-19,0.0006,-88.15,0
BottomS094479,39.2175,-13.2116,4.823e-19,4.716e-19,3.377e-19,0.0006,-90.9,0
BottomS094480,39.1663,-13.1525,1.186e-18,1.096e-18,6.797e-19,-0.0,-88.56,0
BottomS094481,39.1614,-13.1901,1.059e-18,1.733e-18,3.488e-18,0.0001,-90.51,0
BottomS094482,39.1921,-13.1543,8.467e-19,1.584e-18,4.128e-18,-0.0007,-87.64,0
BottomS094483,39.1857,-13.2055,3.272e-17,2.374e-17,8.991e-18,0.0007,-91.37,0
BottomS094484,39.1642,-13.1546,3.887e-19,3.789e-19,2.517e-19,0.0004,-89.0,0
BottomS094486,39.2235,-13.1643,1.285e-19,1.334e-19,1.037e-19,-0.0003,-87.54,0
BottomS094487,39.1819,-13.1453,3.328e-19,3.112e-19,1.890e-19,-0.0001,-87.82,0
BottomS094491,39.1379,-13.1494,1.445e-18,1.230e-18,6.585e-19,0.0001,-90.41,0
BottomS094495,39.1887,-13.2202,1.608e-20,2.072e-20,2.527e-20,-0.0001,-90.81,0
BottomS094496,39.1731,-13.1557,9.828e-20,1.031e-19,8.313e-20,0.0006,-88.8,0
BottomS094497,39.2344,-13.1795,5.081e-19,1.062e-18,3.535e-18,-0.0,-87.76,0
BottomS094499,39.1590,-13.1585,2.568e-18,4.407e-18,9.932e-18,0.0002,-89.73,0
BottomS094500,39.1891,-13.1977,1.954e-18,3.346e-18,7.119e-18,-0.0002,-90.23,0
BottomS094501,39.1290,-13.2037,1.423e-19,1.528e-19,1.291e-19,0.0003,-91.55,0
BottomS094502,39.1812,-13.1780,2.881e-18,2.353e-18,1.173e-18,-0.0004,-89.54,0
BottomS094503,39.1772,-13.1549,4.149e-20,4.802e-20,4.718e-20,-0.0,-87.91,0
BottomS094504,39.1939,-13.1890,2.041e-20,2.542e-20,2.867e-20,-0.0002,-89.6,0
BottomS094506,39.1959,-13.1331,4.963e-18,3.979e-18,1.849e-18,0.0001,-87.32,0
BottomS094507,39.2269,-13.1674,7.772e-14,6.047e-14,2.595e-14,-0.0004,-87.59,1
BottomS094509,39.1743,-13.1660,1.670e-18,1.468e-18,8.197e-19,-0.0001,-88.2,0
BottomS094512,39.1685,-13.1831,2.734e-20,3.137e-20,3.024e-20,0.0007,-90.48,0
BottomS094513,39.1491,-13.1534,1.913e-18,1.589e-18,8.080e-19,-0.0004,-89.62,0
BottomS094516,39.1628,-13.1485,2.803e-18,2.418e-18,1.323e-18,-0.001,-89.16,0
BottomS094517,39.2061,-13.1742,4.178e-19,4.000e-19,2.756e-19,0.0003,-87.62,0
BottomS094521,39.1782,-13.2017,1.992e-18,4.955e-18,2.420e-17,0.001,-91.35,0
BottomS094522,39.1754,-13.1774,2.423e-18,1.912e-18,8.950e-19,-0.0003,-89.78,0
BottomS094524,39.1772,-13.1395,5.770e-19,9.203e-19,1.725e-18,0.0005,-88.44,0
BottomS094528,39.1658,-13.2034,4.319e-19,4.226e-19,2.919e-19,-0.0004,-91.45,0
BottomS094530,39.2074,-13.1416,2.844e-19,2.918e-19,2.136e-19,-0.0001,-87.99,0
BottomS094531,39.1753,-13.1821,5.359e-18,1.092e-17,3.458e-17,0.0005,-90.04,0
BottomS094533,39.1851,-13.1312,3.461e-20,4.293e-20,4.786e-20,0.0003,-87.6,0
BottomS094534,39.1947,-13.1674,1.462e-19,1.501e-19,1.165e-19,0.0003,-88.96,0
BottomS094535,39.1912,-13.1705,1.770e-19,1.862e-19,1.519e-19,0.0006,-88.82,0
BottomS094537,39.1329,-13.1935,2.119e-19,2.158e-19,1.649e-19,0.0001,-91.33,0
BottomS094539,39.2087,-13.2257,2.249e-18,4.202e-18,1.148e-17,-0.0002,-90.46,0
BottomS094540,39.2317,-13.1744,4.242e-19,4.004e-19,2.652e-19,-0.0002,-87.39,0
BottomS094541,39.1829,-13.1409,2.767e-19,2.938e-19,2.401e-19,-0.0,-87.89,0
BottomS094543,39.1683,-13.1421,9.085e-20,9.860e-20,8.523e-20,0.0001,-88.27,0
BottomS094544,39.1366,-13.1616,3.463e-18,3.026e-18,1.658e-18,-0.0007,-90.46,0
BottomS094545,39.1637,-13.2219,2.002e-18,1.746e-18,9.411e-19,-0.0003,-91.42,0
BottomS094548,39.2180,-13.1810,1.290e-18,1.132e-18,6.241e-19,0.0001,-87.93,0
BottomS094549,39.1834,-13.1566,1.682e-18,1.524e-18,9.284e-19,-0.001,-87.64,0
BottomS094550,39.1480,-13.1394,3.195e-18,6.235e-18,1.864e-17,0.0,-87.82,0
BottomS094551,39.2528,-13.1686,1.515e-18,1.329e-18,7.062e-19,0.001,-87.4,0
BottomS094552,39.2004,-13.1844,8.829e-20,1.008e-19,9.681e-20,0.0002,-88.93,0
BottomS094553,39.1741,-13.2175,4.955e-18,3.874e-18,1.708e-18,-0.0001,-91.34,0
BottomS094557,39.1121,-13.2041,1.168e-20,1.650e-20,2.345e-20,0.0005,-91.69,0
BottomS094558,39.1730,-13.1352,2.156e-18,1.849e-18,9.404e-19,0.0003,-87.87,0
BottomS094560,39.2223,-13.1858,1.157e-18,1.033e-18,6.025e-19,-0.0001,-87.39,0
BottomS094563,39.1890,-13.2396,7.225e-18,5.697e-18,2.555e-18,-0.0001,-91.69,0
BottomS094564,39.1959,-13.2155,9.819e-19,1.805e-18,4.420e-18,-0.0005,-91.1,0
BottomS094566,39.1300,-13.1869,2.773e-20,3.309e-20,3.429e-20,-0.0006,-91.45,0
BottomS094567,39.2117,-13.1507,1.333e-17,1.097e-17,5.448e-18,0.0005,-87.59,0
BottomS094569,39.2139,-13.1387,2.070e-19,2.255e-19,1.898e-19,-0.0006,-87.3,0
BottomS094571,39.1790,-13.1602,5.888e-19,5.447e-19,3.422e-19,-0.0001,-88.43,0
BottomS094573,39.1918,-13.2144,6.653e-20,7.242e-20,6.057e-20,-0.0007,-90.54,0
BottomS094574,39.2430,-13.2064,7.127e-14,6.547e-14,3.969e-14,-0.0001,-87.8,1
BottomS094579,39.1950,-13.1795,2.560e-20,3.207e-20,3.603e-20,0.0002,-88.2,0
BottomS094581,39.1974,-13.1534,7.755e-20,8.619e-20,7.581e-20,-0.0001,-87.65,0
BottomS094582,39.2295,-13.1817,6.459e-19,9.885e-19,1.762e-18,0.0003,-87.9,0
BottomS094584,39.2097,-13.2084,1.169e-18,1.026e-18,5.665e-19,0.0,-89.7,0
BottomS094587,39.2021,-13.1784,6.058e-19,6.077e-19,4.556e-19,-0.0012,-88.67,0
BottomS094588,39.1802,-13.1900,3.449e-18,2.868e-18,1.381e-18,-0.0003,-90.17,0
BottomS094589,39.1776,-13.1793,1.203e-17,9.420e-18,4.186e-18,-0.0005,-90.08,1
BottomS094591,39.1974,-13.1549,9.322e-14,7.369e-14,3.240e-14,0.0006,-88.44,1
BottomS094592,39.1982,-13.1852,5.941e-20,6.751e-20,6.241e-20,-0.0004,-88.9,0
BottomS094593,39.1472,-13.2025,4.965e-19,4.830e-19,3.321e-19,0.0001,-91.49,0
BottomS094594,39.2079,-13.1465,9.794e-20,1.022e-19,8.128e-20,0.0,-87.41,0
BottomS094597,39.1824,-13.1784,8.463e-20,8.720e-20,6.907e-20,-0.0008,-89.58,0
BottomS094598,39.1689,-13.1539,8.550e-19,7.712e-19,4.629e-19,0.0003,-87.51,0
BottomS094600,39.1829,-13.1604,2.475e-20,2.920e-20,3.007e-20,0.0006,-88.02,1
BottomS094602,39.1461,-13.1337,8.304e-19,1.589e-18,4.444e-18,0.0005,-88.63,0
BottomS094603,39.1368,-13.2190,4.483e-18,3.808e-18,1.903e-18,-0.0001,-91.53,0
BottomS094605,39.1746,-13.1532,2.878e-18,6.465e-18,2.478e-17,0.0004,-88.39,0
BottomS094607,39.1380,-13.2274,3.840e-18,3.387e-18,1.872e-18,0.0001,-91.44,0
BottomS094610,39.1380,-13.1467,4.636e-18,3.661e-18,1.655e-18,0.0004,-89.9,0
BottomS094611,39.2040,-13.1616,1.307e-19,1.376e-19,1.099e-19,-0.0003,-88.27,0
BottomS094613,39.1314,-13.1853,5.754e-19,5.321e-19,3.172e-19,0.0002,-91.55,0
BottomS094618,39.2063,-13.1912,9.539e-19,1.677e-18,3.958e-18,0.0006,-89.2,0
BottomS094621,39.1385,-13.1990,1.017e-18,1.543e-18,2.605e-18,-0.0002,-91.54,0
BottomS094622,39.1111,-13.1727,1.792e-17,1.358e-17,5.532e-18,0.0002,-91.71,0
BottomS094623,39.2253,-13.1230,5.606e-18,4.408e-18,1.985e-18,0.0003,-87.17,0
BottomS094625,39.1842,-13.1481,6.585e-15,4.292e-15,1.316e-15,0.001,-87.77,0
BottomS094627,39.1734,-13.1913,1.634e-20,2.183e-20,2.850e-20,-0.0005,-90.34,0
BottomS094630,39.1700,-13.1717,4.844e-19,8.707e-19,2.122e-18,-0.0004,-90.24,0
BottomS094632,39.2046,-13.1541,5.401e-18,4.355e-18,2.022e-18,-0.0003,-87.44,0
BottomS094633,39.1786,-13.1540,1.946e-18,3.228e-18,6.676e-18,0.001,-87.51,0
BottomS094636,39.1682,-13.1761,5.010e-18,4.109e-18,2.002e-18,0.0003,-90.06,0
BottomS094637,39.1749,-13.2044,1.955e-19,2.023e-19,1.583e-19,0.0002,-91.27,0
BottomS094638,39.1690,-13.1500,2.772e-14,1.887e-14,6.405e-15,0.0002,-88.87,0
BottomS094640,39.1904,-13.2278,3.955e-19,3.867e-19,2.632e-19,-0.0006,-91.09,0
BottomS094641,39.1757,-13.2118,1.025e-17,8.150e-18,3.638e-18,-0.0003,-91.48,1
BottomS094642,39.1558,-13.1877,7.223e-19,1.273e-18,2.883e-18,-0.0003,-91.22,0
BottomS094644,39.2374,-13.1934,3.139e-20,3.516e-20,3.298e-20,-0.0001,-87.76,0
BottomS094645,39.1872,-13.2167,6.976e-20,7.819e-20,7.119e-20,-0.0009,-91.35,0
BottomS094646,39.1658,-13.1427,1.916e-18,1.732e-18,1.010e-18,0.0009,-88.26,0
BottomS094648,39.1514,-13.1940,9.112e-20,1.044e-19,9.621e-20,0.0001,-91.21,0
BottomS094654,39.1966,-13.1816,4.022e-19,6.232e-19,1.104e-18,0.0003,-88.7,0
BottomS094655,39.1475,-13.1735,1.011e-18,1.656e-18,3.338e-18,-0.0011,-90.73,0
BottomS094656,39.1154,-13.2179,4.240e-20,4.866e-20,4.703e-20,-0.0004,-91.75,0
BottomS094657,39.1822,-13.1768,9.138e-20,1.014e-19,9.072e-20,-0.0005,-94.59,0
BottomS094658,39.1823,-13.1767,1.539e-18,1.327e-18,7.454e-19,-0.0001,-85.68,0
BottomS094659,39.1822,-13.1769,8.492e-17,5.999e-17,2.074e-17,0.001,-96.35,0
BottomS094660,39.1823,-13.1765,7.046e-19,6.581e-19,4.135e-19,-0.0002,-83.16,0
BottomS094661,39.1822,-13.1768,4.226e-16,2.724e-16,8.381e-17,0.0002,-92.91,0
BottomS094663,39.1824,-13.1768,2.521e-18,2.125e-18,1.079e-18,0.0004,-88.34,0
BottomS094664,39.1823,-13.1768,1.025e-16,7.118e-17,2.481e-17,0.0003,-94.16,0
BottomS094665,39.1823,-13.1766,9.362e-19,1.853e-18,5.561e-18,0.0007,-82.44,0
BottomS094666,39.1822,-13.1767,9.845e-18,7.871e-18,3.574e-18,-0.0002,-85.96,1
BottomS094667,39.1821,-13.1768,1.421e-15,9.731e-16,3.415e-16,-0.0013,-95.44,0
BottomS094668,39.1823,-13.1767,3.334e-17,2.462e-17,9.766e-18,0.0001,-85.02,0
BottomS094670,39.1823,-13.1766,9.105e-20,1.025e-19,9.558e-20,0.0007,-84.9,0
BottomS094671,39.1822,-13.1766,6.788e-18,5.661e-18,2.898e-18,-0.0001,-83.99,0
BottomS094672,39.1821,-13.1768,7.498e-17,5.487e-17,2.193e-17,0.0002,-95.11,0
BottomS094673,39.1823,-13.1768,2.064e-16,1.450e-16,4.987e-17,-0.0001,-92.29,0
BottomS094675,39.0912,-13.1625,5.763e-20,6.627e-20,6.192e-20,0.0011,-90.26,0
BottomS094680,39.2535,-13.0619,6.065e-18,4.832e-18,2.154e-18,0.0007,-87.58,0
BottomS094686,39.0618,-13.1986,3.359e-14,2.928e-14,1.623e-14,-0.0002,-90.96,1
BottomS094688,39.0255,-13.1986,2.332e-19,2.342e-19,1.711e-19,-0.0007,-91.07,0
BottomS094690,39.2106,-13.2560,2.601e-18,4.740e-18,1.224e-17,0.0006,-90.07,0
BottomS094691,39.0812,-13.2589,2.017e-20,2.862e-20,4.074e-20,0.0011,-91.68,0
BottomS094694,39.1517,-13.1185,1.045e-18,1.585e-18,2.690e-18,0.0012,-89.0,0
BottomS094695,39.1587,-13.1161,3.504e-20,4.135e-20,4.117e-20,-0.001,-89.07,0
BottomS094699,39.0443,-13.2125,5.534e-14,4.094e-14,1.582e-14,-0.0006,-91.3,0
BottomS094700,39.3206,-13.1457,9.066e-20,1.035e-19,9.627e-20,0.0008,-87.73,0
BottomS094702,39.2019,-13.0809,6.852e-19,1.145e-18,2.390e-18,0.0003,-88.37,0
BottomS094705,39.0433,-13.2250,3.626e-20,4.386e-20,4.611e-20,0.0014,-91.4,0
BottomS094710,39.0374,-13.2087,5.747e-20,6.521e-20,5.921e-20,-0.0002,-91.3,0
BottomS094711,39.2296,-13.2165,4.161e-20,4.772e-20,4.645e-20,-0.0004,-89.43,0
BottomS094715,39.2040,-13.2432,8.425e-20,9.634e-20,9.271e-20,0.0001,-90.04,0
BottomS094732,39.3153,-13.1487,8.852e-19,8.321e-19,5.260e-19,-0.0009,-87.67,0
BottomS094735,39.2699,-13.1864,1.667e-19,1.741e-19,1.382e-19,0.0004,-88.53,0
BottomS094737,39.3367,-13.1095,9.097e-19,1.707e-18,4.527e-18,0.0003,-87.23,0
BottomS094765,39.1849,-13.0947,1.045e-20,1.416e-20,1.877e-20,0.0001,-88.53,0
BottomS094767,39.0489,-13.2186,2.586e-20,3.288e-20,4.025e-20,0.0005,-91.22,0
BottomS094768,39.2285,-13.0776,3.517e-20,4.188e-20,4.370e-20,-0.0008,-87.94,0
BottomS094769,39.3144,-13.0917,2.710e-20,3.348e-20,3.703e-20,-0.0007,-87.0,0
BottomS094783,39.0827,-13.2681,2.657e-20,3.241e-20,3.468e-20,-0.0,-91.67,0
