Name,X,Y,BlueF,GreenF,RedF,Parallax,RadialVelocity,Variable?
LeftS063139,23.2498,-14.6611,9.088e-20,1.052e-19,1.042e-19,-0.0001,-94.91,0
LeftS063140,23.2169,-14.6304,1.465e-19,1.470e-19,1.083e-19,-0.0009,-97.47,0
LeftS063142,23.2111,-14.6559,4.087e-20,4.921e-20,5.098e-20,0.0005,-95.61,0
LeftS063144,23.2221,-14.6630,2.373e-18,2.044e-18,1.126e-18,-0.0006,-95.77,0
LeftS063148,23.2630,-14.6512,3.520e-18,2.972e-18,1.534e-18,0.0003,-96.44,0
LeftS063149,23.2312,-14.6846,3.890e-18,3.212e-18,1.648e-18,-0.0007,-96.47,0
LeftS063156,23.2309,-14.6792,1.946e-20,2.604e-20,3.476e-20,0.0006,-95.44,0
LeftS063165,23.2401,-14.6689,3.118e-14,3.266e-14,2.579e-14,-0.0006,-96.91,1
LeftS063167,23.2335,-14.6685,2.088e-20,2.762e-20,3.525e-20,-0.0003,-96.45,0
LeftS063168,23.2485,-14.6670,2.797e-19,2.801e-19,1.983e-19,0.0002,-96.29,0
LeftS063169,23.2744,-14.6740,4.991e-18,4.150e-18,2.132e-18,0.0001,-94.84,0
LeftS063170,23.2605,-14.6858,7.571e-14,6.937e-14,4.209e-14,-0.0004,-98.69,1
LeftS063171,23.2405,-14.6475,1.828e-17,1.388e-17,5.637e-18,-0.0002,-98.69,1
LeftS063172,23.2446,-14.6660,2.273e-18,2.004e-18,1.085e-18,-0.0005,-95.71,0
LeftS063175,23.2231,-14.6541,1.040e-19,1.120e-19,9.315e-20,0.0003,-98.78,0
LeftS063176,23.2231,-14.6432,2.665e-20,3.389e-20,3.851e-20,-0.0008,-95.98,0
LeftS063177,23.2368,-14.6810,2.334e-18,4.006e-18,8.483e-18,0.0,-97.57,0
LeftS063178,23.2599,-14.6604,1.024e-18,9.102e-19,5.183e-19,0.0002,-98.24,0
LeftS063179,23.2303,-14.6628,8.146e-20,9.338e-20,9.061e-20,0.0001,-98.35,0
LeftS063181,23.2298,-14.6712,4.055e-19,3.836e-19,2.594e-19,0.0007,-98.44,0
LeftS063182,23.2407,-14.6753,3.957e-20,4.583e-20,4.491e-20,-0.0003,-95.5,0
LeftS063183,23.2263,-14.6638,7.818e-20,8.774e-20,7.839e-20,0.0005,-97.9,0
LeftS063184,23.2382,-14.6683,1.423e-19,1.555e-19,1.374e-19,-0.0001,-96.87,0
LeftS063185,23.2231,-14.6841,3.471e-20,4.016e-20,4.061e-20,0.0009,-95.13,0
LeftS063186,23.2491,-14.6469,3.258e-19,3.371e-19,2.500e-19,0.0002,-97.49,0
LeftS063187,23.2523,-14.6854,3.020e-17,2.278e-17,9.726e-18,-0.0001,-98.13,1
LeftS063191,23.2307,-14.6560,2.315e-20,2.905e-20,3.528e-20,-0.0003,-98.69,0
LeftS063192,23.2444,-14.6530,1.085e-18,1.000e-18,5.989e-19,0.0002,-96.61,0
LeftS063194,23.2522,-14.6725,3.469e-18,2.966e-18,1.528e-18,-0.0003,-97.47,0
LeftS063196,23.2328,-14.6591,7.408e-19,6.804e-19,4.045e-19,0.0002,-95.97,0
LeftS063197,23.2439,-14.6542,5.182e-19,5.109e-19,3.498e-19,-0.0003,-96.91,0
LeftS063198,23.2308,-14.6677,8.670e-14,6.347e-14,2.520e-14,-0.0005,-96.1,0
LeftS063200,23.2217,-14.6727,4.718e-20,5.535e-20,5.463e-20,-0.0008,-98.04,0
LeftS063202,23.2434,-14.6626,4.555e-19,4.452e-19,3.128e-19,0.0006,-95.6,0
LeftS063205,23.2239,-14.6513,3.004e-19,2.996e-19,2.147e-19,0.0003,-95.29,0
LeftS063206,23.2442,-14.6758,2.066e-19,2.123e-19,1.581e-19,0.0007,-95.02,0
LeftS063207,23.2221,-14.6591,5.149e-19,4.718e-19,2.943e-19,-0.0001,-98.75,0
LeftS063211,23.2382,-14.6613,6.275e-20,7.120e-20,6.844e-20,0.0003,-96.8,0
LeftS063213,23.2096,-14.6467,1.908e-18,4.359e-18,1.777e-17,0.0003,-98.83,0
LeftS063214,23.2444,-14.6290,1.712e-18,1.546e-18,9.332e-19,0.0005,-95.29,0
LeftS063216,23.2246,-14.6471,1.922e-18,3.340e-18,7.467e-18,0.0003,-97.86,0
LeftS063223,23.2304,-14.6376,2.170e-19,2.207e-19,1.621e-19,-0.0011,-97.83,0
LeftS063227,23.2144,-14.6386,2.392e-18,5.131e-18,1.783e-17,0.0002,-95.13,0
LeftS063230,23.2466,-14.6637,2.462e-19,2.553e-19,1.926e-19,-0.0002,-96.89,0
LeftS063233,23.2313,-14.6411,3.414e-20,4.150e-20,4.351e-20,0.0007,-95.75,0
LeftS063234,23.2262,-14.6482,1.258e-19,1.339e-19,1.073e-19,-0.0008,-96.19,0
LeftS063236,23.2340,-14.6362,1.416e-20,1.766e-20,2.060e-20,0.0,-95.15,0
LeftS063237,23.2442,-14.6712,1.708e-20,2.360e-20,3.231e-20,-0.0004,-97.39,0
LeftS063240,23.2419,-14.6799,7.672e-14,6.181e-14,2.917e-14,-0.0003,-95.39,1
LeftS063241,23.2477,-14.6873,9.106e-18,1.329e-17,2.092e-17,-0.0014,-99.27,0
LeftS063243,23.2512,-14.6643,1.726e-20,2.256e-20,2.906e-20,-0.0006,-95.42,0
LeftS063244,23.2615,-14.6673,1.106e-18,1.033e-18,6.695e-19,0.0003,-98.41,0
LeftS063247,23.2161,-14.6485,8.815e-19,8.013e-19,4.862e-19,0.0002,-98.72,0
LeftS063250,23.2526,-14.6596,2.284e-18,1.984e-18,1.067e-18,0.0003,-95.44,0
LeftS063252,23.2702,-14.6628,2.034e-18,1.825e-18,1.060e-18,-0.0,-99.28,0
LeftS063253,23.2503,-14.6417,2.496e-18,4.285e-18,9.582e-18,0.0001,-96.71,0
LeftS063255,23.2333,-14.6387,1.266e-20,1.702e-20,2.228e-20,0.0004,-96.48,0
LeftS063258,23.2646,-14.6355,5.840e-20,6.896e-20,6.779e-20,0.001,-97.76,0
LeftS063260,23.2279,-14.6697,1.346e-19,1.431e-19,1.155e-19,0.0003,-97.36,0
LeftS063263,23.2538,-14.6427,1.782e-19,1.880e-19,1.510e-19,0.0002,-95.81,0
LeftS063265,23.2561,-14.6438,4.561e-14,3.279e-14,1.216e-14,0.0004,-96.84,0
LeftS063266,23.2681,-14.6462,5.626e-14,4.244e-14,1.838e-14,0.001,-96.0,1
LeftS063267,23.2303,-14.6818,5.257e-14,3.859e-14,1.484e-14,0.0004,-96.37,0
LeftS063268,23.2247,-14.6489,1.999e-18,1.806e-18,1.094e-18,0.0002,-94.99,0
LeftS063269,23.2431,-14.6716,4.037e-14,2.985e-14,1.178e-14,-0.0001,-95.96,0
LeftS063270,23.2697,-14.6684,4.072e-18,3.388e-18,1.658e-18,-0.0004,-98.06,0
LeftS063271,23.2456,-14.6806,5.188e-19,5.353e-19,4.090e-19,0.0006,-96.68,0
LeftS063272,23.2398,-14.6586,1.553e-18,1.425e-18,8.400e-19,-0.0006,-96.7,0
LeftS063273,23.2647,-14.6797,7.618e-19,1.392e-18,3.624e-18,0.0,-95.78,0
LeftS063276,23.2184,-14.6717,2.936e-20,3.621e-20,3.852e-20,0.0002,-96.22,0
LeftS063277,23.2533,-14.6490,1.488e-18,1.272e-18,6.855e-19,0.0005,-96.15,0
LeftS063278,23.2665,-14.6753,4.482e-20,5.221e-20,5.159e-20,-0.0006,-98.08,0
LeftS063284,23.2521,-14.6462,1.189e-19,1.275e-19,1.070e-19,-0.0002,-95.65,0
LeftS063286,23.2162,-14.6681,2.078e-18,1.787e-18,9.234e-19,0.001,-96.21,0
LeftS063288,23.2204,-14.6354,4.906e-18,3.922e-18,1.822e-18,-0.0006,-95.73,0
LeftS063289,23.2675,-14.6543,1.637e-19,1.727e-19,1.415e-19,-0.0003,-94.25,0
LeftS063292,23.2353,-14.6578,2.081e-18,1.797e-18,9.467e-19,-0.0008,-98.13,0
LeftS063293,23.2487,-14.6744,5.408e-19,8.135e-19,1.349e-18,0.0004,-95.25,0
LeftS063294,23.2586,-14.6464,1.125e-17,8.653e-18,3.701e-18,0.0002,-97.06,1
LeftS063295,23.2181,-14.6625,1.202e-19,1.288e-19,1.067e-19,0.0001,-95.85,0
LeftS063296,23.2430,-14.6800,3.967e-19,3.835e-19,2.536e-19,0.0002,-95.67,0
LeftS063297,23.2595,-14.6749,6.734e-19,6.129e-19,3.675e-19,0.0002,-95.08,0
LeftS063298,23.2580,-14.6642,1.281e-20,1.700e-20,2.188e-20,0.0002,-98.16,0
LeftS063300,23.2465,-14.6323,9.558e-20,1.101e-19,1.065e-19,-0.0001,-97.86,0
LeftS063301,23.2558,-14.6632,3.074e-18,2.700e-18,1.488e-18,-0.0002,-95.95,0
LeftS063302,23.2155,-14.6692,1.304e-18,1.123e-18,6.152e-19,-0.0,-95.7,0
LeftS063304,23.2530,-14.6672,5.469e-20,6.420e-20,6.573e-20,0.0009,-98.52,0
LeftS063305,23.2515,-14.6514,8.572e-19,1.831e-18,6.545e-18,-0.0005,-95.52,0
LeftS063310,23.2349,-14.6301,4.332e-20,5.110e-20,5.192e-20,0.0007,-94.61,0
LeftS063312,23.2530,-14.6471,6.679e-20,7.254e-20,6.279e-20,-0.0006,-95.71,0
LeftS063314,23.2078,-14.6345,1.215e-18,1.136e-18,7.107e-19,0.0003,-97.08,0
LeftS063315,23.2576,-14.6600,2.728e-14,1.867e-14,6.468e-15,-0.0002,-97.87,0
LeftS063316,23.2414,-14.6875,3.448e-19,3.425e-19,2.497e-19,0.001,-97.18,0
LeftS063320,23.2586,-14.6440,3.780e-19,3.871e-19,3.035e-19,0.0002,-98.16,0
LeftS063322,23.2554,-14.6670,2.422e-20,2.933e-20,3.185e-20,0.0002,-99.05,0
LeftS063323,23.2525,-14.6607,1.836e-18,3.742e-18,1.137e-17,0.0002,-96.46,0
LeftS063326,23.2535,-14.6826,8.161e-19,8.030e-19,5.537e-19,0.0001,-97.81,0
LeftS063328,23.2738,-14.6769,1.005e-20,1.409e-20,2.025e-20,0.0005,-95.52,0
LeftS063329,23.2084,-14.6541,4.255e-19,4.024e-19,2.531e-19,0.0003,-99.5,0
LeftS063330,23.2494,-14.6401,3.513e-20,4.076e-20,3.800e-20,0.0004,-97.03,0
LeftS063332,23.2402,-14.6780,4.956e-19,1.057e-18,3.697e-18,0.0001,-99.08,0
LeftS063334,23.2586,-14.6362,7.296e-19,6.663e-19,4.129e-19,0.0001,-97.42,0
LeftS063336,23.2228,-14.6540,9.186e-19,8.912e-19,5.862e-19,0.0007,-96.79,0
LeftS063337,23.2648,-14.6566,9.329e-18,7.319e-18,3.239e-18,-0.0,-99.08,1
LeftS063339,23.2207,-14.6593,2.812e-19,2.769e-19,1.920e-19,-0.0001,-97.67,0
LeftS063340,23.2386,-14.6623,2.272e-18,4.847e-18,1.699e-17,0.0003,-95.53,0
LeftS063341,23.2224,-14.6508,1.648e-18,1.430e-18,7.836e-19,0.0004,-97.02,0
LeftS063343,23.2560,-14.6652,9.075e-20,1.016e-19,9.573e-20,-0.0006,-97.46,0
LeftS063346,23.2224,-14.6657,9.657e-19,1.446e-18,2.483e-18,0.0001,-97.99,0
LeftS063348,23.2256,-14.6471,9.616e-18,2.575e-17,1.445e-16,-0.001,-96.31,0
LeftS063350,23.2409,-14.6569,7.924e-17,5.898e-17,2.298e-17,-0.0001,-98.0,0
LeftS063351,23.2410,-14.6569,3.160e-18,2.707e-18,1.471e-18,0.0003,-103.58,0
LeftS063352,23.2411,-14.6567,1.321e-16,9.574e-17,3.567e-17,0.0005,-100.47,0
LeftS063353,23.2412,-14.6569,7.860e-18,5.876e-18,2.353e-18,0.0003,-100.78,0
LeftS063354,23.2410,-14.6570,2.068e-17,1.611e-17,7.392e-18,0.0008,-98.14,1
LeftS063355,23.2412,-14.6569,1.969e-17,1.468e-17,5.972e-18,0.0006,-100.62,0
LeftS063356,23.2411,-14.6570,1.270e-20,1.740e-20,2.371e-20,-0.0001,-97.85,0
LeftS063357,23.2412,-14.6569,1.106e-17,8.751e-18,3.931e-18,0.0001,-99.8,1
LeftS063358,23.2410,-14.6569,2.820e-18,6.831e-18,3.097e-17,0.0003,-101.23,0
LeftS063359,23.2410,-14.6569,8.948e-19,1.718e-18,4.841e-18,0.0001,-95.47,0
LeftS063360,23.2411,-14.6569,1.863e-17,1.468e-17,6.566e-18,-0.0002,-97.9,1
LeftS063361,23.2410,-14.6570,8.622e-19,1.765e-18,5.613e-18,0.0001,-99.6,0
LeftS063362,23.2411,-14.6570,3.398e-18,2.712e-18,1.184e-18,0.0003,-101.99,0
LeftS063363,23.2412,-14.6569,5.246e-19,8.831e-19,1.913e-18,-0.0001,-92.78,0
LeftS063364,23.2410,-14.6569,3.887e-19,3.790e-19,2.654e-19,0.0004,-100.92,0
LeftS063365,23.2409,-14.6570,1.320e-20,1.711e-20,2.081e-20,0.0001,-90.03,0
LeftS063366,23.1925,-14.6150,1.741e-20,2.153e-20,2.436e-20,-0.0002,-98.58,0
LeftS063367,23.3904,-14.6302,2.597e-20,3.045e-20,3.087e-20,-0.0003,-97.65,0
LeftS063370,22.9579,-14.6749,1.432e-20,1.883e-20,2.346e-20,0.0008,-100.44,0
LeftS063371,23.4426,-14.5706,5.520e-18,1.099e-17,3.269e-17,0.0002,-100.15,0
LeftS063373,23.2703,-14.4308,2.521e-19,2.575e-19,1.920e-19,-0.0004,-97.98,0
LeftS063377,23.2403,-14.8005,4.639e-20,5.938e-20,7.054e-20,0.0009,-99.21,0
LeftS063383,23.4682,-14.8441,3.233e-20,4.077e-20,4.828e-20,0.0004,-100.73,0
LeftS063385,23.3017,-14.8967,2.436e-19,2.510e-19,1.962e-19,0.0009,-100.76,0
LeftS063388,23.2608,-14.5377,4.194e-14,2.894e-14,9.943e-15,-0.0004,-95.82,0
LeftS063389,23.0908,-14.8425,2.667e-20,3.174e-20,3.286e-20,-0.0002,-94.04,0
LeftS063400,23.2756,-14.6040,1.070e-18,1.783e-18,3.613e-18,0.0007,-99.44,0
LeftS063404,23.2062,-14.5083,6.845e-20,7.790e-20,7.353e-20,-0.0006,-93.99,0
LeftS063409,22.9515,-14.5771,1.904e-20,2.360e-20,2.622e-20,0.0,-96.37,0
LeftS063411,23.3052,-14.9037,1.161e-20,1.564e-20,1.993e-20,0.0,-95.74,0
LeftS063413,23.0188,-14.6277,2.157e-20,2.786e-20,3.359e-20,-0.0001,-94.95,0
LeftS063423,23.2203,-14.7363,2.503e-14,1.702e-14,5.719e-15,0.0001,-94.59,0
LeftS063432,23.4093,-14.8280,1.839e-19,1.874e-19,1.428e-19,-0.0001,-100.05,0
LeftS063434,23.4156,-14.5306,1.845e-20,2.413e-20,3.069e-20,0.0003,-99.46,0
LeftS063435,23.1397,-14.6904,7.244e-18,1.129e-17,1.947e-17,-0.0009,-95.38,0
LeftS063445,23.2507,-14.4747,2.936e-20,3.621e-20,3.948e-20,0.0001,-93.78,0
LeftS063450,23.1540,-14.6095,7.797e-19,7.341e-19,4.705e-19,0.0008,-95.02,0
LeftS063457,23.2893,-14.6182,7.330e-20,8.775e-20,9.511e-20,0.0011,-100.28,0
LeftS063458,23.3506,-14.6149,8.643e-14,6.621e-14,2.688e-14,-0.0005,-97.49,1
LeftS063460,23.0701,-14.7696,1.468e-20,1.816e-20,2.060e-20,-0.0003,-100.01,0
LeftS063465,23.2180,-14.6682,8.283e-19,7.395e-19,4.102e-19,-0.0006,-98.54,0
LeftS063466,23.1761,-14.6301,1.525e-18,3.369e-18,1.246e-17,-0.0004,-99.76,0
LeftS063467,23.2328,-14.6427,4.610e-18,3.796e-18,1.932e-18,0.0003,-93.7,0
LeftS063469,23.3905,-14.5097,2.442e-19,2.497e-19,1.915e-19,-0.0003,-93.88,0
LeftS063472,23.3833,-14.5319,3.900e-19,3.789e-19,2.528e-19,0.0007,-98.34,0
LeftS063477,23.2857,-14.7077,2.046e-20,2.538e-20,2.866e-20,-0.0007,-95.68,0
LeftS063479,23.0904,-14.7526,6.790e-19,6.364e-19,3.936e-19,-0.0002,-96.93,0
LeftS063481,23.3194,-14.6917,1.450e-18,1.270e-18,7.027e-19,0.0004,-95.58,0
LeftS063482,23.2180,-14.4667,5.139e-20,6.030e-20,6.018e-20,0.0001,-96.26,0
LeftS063486,23.4616,-14.5825,1.648e-18,3.567e-18,1.276e-17,-0.0009,-100.24,0
LeftS063487,23.3647,-14.6968,1.109e-19,1.203e-19,9.843e-20,-0.0009,-94.86,0
LeftS063489,23.0720,-14.5066,1.883e-20,2.331e-20,2.611e-20,-0.0012,-99.5,0
LeftS063490,23.2235,-14.6471,1.539e-19,1.661e-19,1.361e-19,-0.0007,-96.13,0
LeftS063491,23.0930,-14.6624,7.592e-14,5.642e-14,2.251e-14,0.0004,-98.43,0
LeftS063492,23.3033,-14.7555,5.879e-20,6.693e-20,6.433e-20,-0.0002,-96.22,0
LeftS063494,23.1631,-14.7367,4.500e-20,5.283e-20,5.299e-20,0.0002,-94.21,0
LeftS063500,23.2090,-14.6268,9.329e-19,8.641e-19,5.326e-19,-0.0004,-94.28,0
LeftS063502,23.2413,-14.5510,2.525e-20,3.046e-20,3.140e-20,-0.0006,-95.71,0
LeftS063508,23.2496,-14.7699,5.763e-20,6.851e-20,6.931e-20,0.0002,-95.8,0
LeftS063511,23.1686,-14.6598,1.200e-18,2.452e-18,7.781e-18,-0.0,-98.35,0
LeftS063519,23.2390,-14.8092,1.173e-19,1.299e-19,1.164e-19,-0.0007,-99.38,0
LeftS063523,23.1721,-14.8153,7.397e-20,8.072e-20,7.117e-20,0.0004,-94.31,0
LeftS063525,23.3569,-14.6146,2.203e-20,2.700e-20,2.966e-20,0.0004,-99.07,0
LeftS063528,23.1131,-14.8139,4.641e-20,5.625e-20,6.148e-20,0.0,-98.2,0
LeftS063529,23.2350,-14.6451,3.560e-20,4.182e-20,4.273e-20,0.0008,-97.15,0
LeftS063530,23.2646,-14.8349,3.372e-18,2.862e-18,1.525e-18,-0.0003,-98.75,0
LeftS063531,23.2991,-14.8675,2.635e-19,2.710e-19,2.094e-19,-0.0001,-96.64,0
LeftS063533,23.4640,-14.6217,6.506e-20,7.329e-20,6.971e-20,0.0007,-99.0,0
LeftS063537,23.1774,-14.4516,1.938e-19,2.068e-19,1.713e-19,-0.001,-95.88,0
LeftS063541,23.4168,-14.6173,4.493e-19,4.299e-19,2.778e-19,-0.0008,-95.53,0
LeftS063543,23.2082,-14.8089,4.514e-20,5.152e-20,4.839e-20,0.0001,-98.8,0
LeftS063544,23.1583,-14.5889,8.381e-20,1.010e-19,1.050e-19,0.0002,-98.27,0
LeftS063547,23.0815,-14.6330,9.046e-19,1.363e-18,2.325e-18,0.0005,-94.92,0
LeftS063549,23.0604,-14.5827,1.639e-19,1.663e-19,1.215e-19,-0.0001,-100.01,0
LeftS063550,23.0776,-14.7616,1.828e-20,2.416e-20,3.112e-20,-0.0004,-99.69,0
LeftS063553,23.3167,-14.6381,1.094e-20,1.532e-20,2.142e-20,0.0002,-99.64,0
LeftS063555,23.0658,-14.5947,8.419e-20,9.264e-20,8.193e-20,0.0005,-93.97,0
LeftS063563,23.3853,-14.7115,3.551e-20,4.080e-20,4.000e-20,-0.0012,-94.95,0
LeftS063567,23.1284,-14.6829,2.349e-20,2.888e-20,3.170e-20,-0.0008,-98.6,0
LeftS063568,23.2497,-14.5186,2.844e-20,3.442e-20,3.676e-20,-0.0006,-100.0,0
LeftS063570,23.1587,-14.6226,2.959e-18,2.581e-18,1.408e-18,-0.0005,-96.42,0
LeftS063575,23.3980,-14.6558,3.117e-20,3.773e-20,4.063e-20,0.0012,-94.59,0
LeftS063581,23.0314,-14.7544,6.582e-19,1.079e-18,2.143e-18,0.0008,-93.1,0
LeftS063582,23.1427,-14.6293,3.237e-18,5.766e-18,1.384e-17,0.0001,-94.29,0
LeftS063583,23.4248,-14.5952,1.104e-19,1.197e-19,1.043e-19,-0.0002,-96.61,0
LeftS063586,23.1814,-14.7364,2.172e-20,2.783e-20,3.249e-20,0.0005,-99.08,0
LeftS063587,23.2167,-14.6145,6.132e-20,6.656e-20,5.731e-20,-0.0002,-94.68,0
LeftS063589,23.2500,-14.8385,2.112e-19,2.375e-19,2.151e-19,-0.0011,-99.14,0
LeftS063590,23.1142,-14.6533,4.597e-19,4.467e-19,3.035e-19,0.0001,-94.68,0
LeftS063594,23.0624,-14.7888,4.327e-20,4.877e-20,4.534e-20,-0.0,-94.73,0
LeftS063596,23.3025,-14.5953,3.346e-18,8.454e-18,4.063e-17,0.0009,-98.63,0
LeftS063611,23.3825,-14.6723,1.163e-20,1.509e-20,1.779e-20,-0.0001,-97.42,0
LeftS063616,23.2897,-14.6391,1.705e-19,1.821e-19,1.436e-19,-0.0003,-97.48,0
LeftS063617,23.4341,-14.7404,2.700e-18,4.399e-18,8.542e-18,0.0006,-99.06,0
LeftS063618,23.2412,-14.7696,4.611e-19,8.905e-19,2.511e-18,0.0003,-94.86,0
LeftS063625,23.3084,-14.7564,5.647e-14,4.006e-14,1.429e-14,0.0001,-98.77,0
LeftS063626,23.1757,-14.6433,2.539e-19,2.561e-19,1.901e-19,-0.0006,-96.34,0
LeftS063627,23.1780,-14.6922,1.333e-19,1.415e-19,1.166e-19,0.0003,-97.23,0
LeftS063628,23.2975,-14.6157,2.805e-20,3.387e-20,3.639e-20,0.0009,-96.22,0
LeftS063630,23.1551,-14.5584,2.452e-18,4.850e-18,1.408e-17,0.0003,-99.76,0
LeftS063632,23.3753,-14.8653,1.449e-20,1.876e-20,2.297e-20,0.0004,-95.32,0
LeftS063638,23.1811,-14.5241,1.188e-19,1.270e-19,1.062e-19,0.0011,-94.15,0
LeftS063639,23.3184,-14.7941,4.751e-14,3.304e-14,1.161e-14,0.0001,-97.08,0
LeftS063646,23.2283,-14.8422,3.142e-18,4.964e-18,9.106e-18,-0.0004,-98.58,0
LeftS063648,23.3369,-14.7516,2.842e-19,2.897e-19,2.204e-19,0.0003,-95.09,0
LeftS063653,23.3353,-14.6380,2.192e-19,2.214e-19,1.650e-19,0.0008,-99.94,0
LeftS063660,23.1313,-14.7328,1.104e-18,2.371e-18,8.313e-18,-0.0007,-95.44,0
LeftS063663,23.3353,-14.8254,1.795e-20,2.144e-20,2.224e-20,-0.0002,-96.98,0
LeftS063665,23.2787,-14.7028,6.812e-20,7.846e-20,7.431e-20,0.0003,-94.04,0
LeftS063667,23.4775,-14.6810,1.042e-19,1.216e-19,1.236e-19,0.0001,-96.86,0
LeftS063677,23.1447,-14.6625,1.192e-18,1.059e-18,6.181e-19,0.0,-96.14,0
LeftS063683,23.2497,-14.6689,2.397e-19,2.492e-19,1.929e-19,-0.0,-96.04,0
LeftS063686,23.2174,-14.6876,6.469e-19,1.328e-18,4.099e-18,0.0002,-96.86,0
LeftS063687,23.1785,-14.6492,1.135e-18,1.860e-18,3.784e-18,0.0005,-94.82,0
LeftS063689,23.4495,-14.6357,2.740e-18,4.379e-18,8.130e-18,0.0002,-96.26,0
LeftS063691,23.2277,-14.7216,1.299e-18,2.514e-18,6.785e-18,0.0004,-98.47,0
LeftS063697,23.1411,-14.6735,1.226e-18,1.124e-18,6.700e-19,-0.0008,-93.92,0
LeftS063700,23.2568,-14.6767,1.701e-19,1.767e-19,1.392e-19,-0.0003,-99.0,0
LeftS063701,23.1711,-14.7247,3.172e-18,2.612e-18,1.287e-18,0.0002,-100.18,0
LeftS063703,23.3347,-14.6834,1.040e-20,1.443e-20,1.956e-20,-0.0003,-99.63,0
LeftS063707,23.1189,-14.6553,3.037e-14,2.121e-14,7.308e-15,0.0002,-96.96,0
LeftS063709,23.2306,-14.6892,5.487e-19,9.473e-19,2.118e-18,-0.0005,-99.55,0
LeftS063713,23.1664,-14.6816,7.912e-14,5.721e-14,2.195e-14,0.0001,-99.03,0
LeftS063714,23.2992,-14.5708,9.422e-20,1.038e-19,9.393e-20,-0.0,-98.61,0
LeftS063716,23.2116,-14.6261,3.245e-20,3.897e-20,4.081e-20,-0.0003,-96.34,0
LeftS063718,23.2854,-14.7238,5.309e-20,6.348e-20,6.738e-20,0.001,-99.79,0
LeftS063730,23.0639,-14.7059,4.212e-19,4.141e-19,2.797e-19,-0.0001,-96.15,0
LeftS063731,23.2433,-14.7831,4.874e-20,5.498e-20,5.013e-20,0.0004,-98.14,0
LeftS063732,23.0601,-14.6014,1.228e-18,1.104e-18,6.588e-19,-0.0002,-100.28,0
LeftS063733,23.4727,-14.6605,3.307e-19,3.279e-19,2.234e-19,0.0002,-96.91,0
LeftS063734,23.1444,-14.5135,3.555e-20,4.579e-20,5.494e-20,0.0005,-100.82,0
LeftS063735,23.1872,-14.4963,7.141e-20,7.748e-20,6.736e-20,0.0004,-95.26,0
LeftS063736,23.2025,-14.6257,1.626e-20,2.073e-20,2.478e-20,-0.0002,-97.44,0
LeftS063741,23.3868,-14.6421,1.366e-19,1.433e-19,1.149e-19,0.0005,-93.98,0
LeftS063743,23.2919,-14.9050,3.229e-19,3.146e-19,2.214e-19,0.0009,-99.41,0
LeftS063748,23.2011,-14.6978,1.130e-20,1.462e-20,1.710e-20,0.0003,-93.84,0
LeftS063752,23.3602,-14.6581,3.032e-18,2.606e-18,1.336e-18,0.0002,-95.09,0
LeftS063754,23.2125,-14.6625,2.283e-20,2.788e-20,3.060e-20,0.0002,-94.66,0
LeftS063757,23.1007,-14.6738,4.225e-19,8.168e-19,2.327e-18,-0.0004,-94.63,0
LeftS063759,23.1838,-14.6236,1.237e-18,2.044e-18,4.173e-18,-0.0008,-94.44,0
LeftS063760,23.0543,-14.5569,5.762e-19,5.477e-19,3.611e-19,0.0003,-94.36,0
LeftS063761,22.9486,-14.5752,6.524e-20,7.720e-20,7.924e-20,0.0004,-100.34,0
LeftS063764,23.4182,-14.9123,4.067e-19,3.946e-19,2.693e-19,0.0,-95.14,0
LeftS063765,23.2689,-14.4640,6.123e-19,1.310e-18,4.542e-18,-0.0007,-97.98,0
LeftS063770,23.1169,-14.8706,1.189e-18,2.719e-18,1.094e-17,-0.0001,-94.39,0
LeftS063771,23.2881,-14.6059,4.929e-19,4.806e-19,3.342e-19,-0.0001,-94.88,0
LeftS063772,23.3358,-14.6793,5.834e-18,9.984e-18,2.272e-17,0.0007,-98.14,0
LeftS063779,23.2488,-14.6912,1.212e-18,2.346e-18,6.568e-18,-0.0001,-95.27,0
LeftS063783,23.0021,-14.5882,8.407e-19,8.154e-19,5.347e-19,0.0001,-93.76,0
LeftS063790,23.2090,-14.6661,2.060e-19,2.289e-19,2.021e-19,0.0003,-94.19,0
LeftS063791,23.1663,-14.6585,7.813e-20,9.006e-20,8.644e-20,-0.001,-97.24,0
LeftS063792,23.2191,-14.6617,1.299e-18,1.197e-18,7.130e-19,-0.0003,-94.44,0
LeftS063793,23.2081,-14.7107,7.362e-18,1.993e-17,1.113e-16,0.0001,-96.63,0
LeftS063795,23.3834,-14.5509,9.560e-20,1.049e-19,9.108e-20,-0.0002,-99.69,0
LeftS063799,23.5662,-14.7044,3.932e-20,4.561e-20,4.430e-20,0.0001,-95.54,0
LeftS063801,23.1522,-14.5562,1.481e-20,1.932e-20,2.363e-20,-0.0003,-98.8,0
LeftS063803,23.0561,-14.5750,5.187e-20,6.036e-20,5.942e-20,-0.0006,-98.65,0
LeftS063807,23.1606,-14.7003,2.154e-20,2.759e-20,3.250e-20,0.0003,-99.72,0
LeftS063809,23.2043,-14.5535,1.392e-19,1.606e-19,1.511e-19,-0.0001,-93.92,0
LeftS063817,23.0743,-14.4264,3.583e-19,3.786e-19,3.019e-19,0.0003,-96.87,0
LeftS063821,23.4322,-14.6369,2.301e-20,2.836e-20,3.186e-20,-0.0005,-99.59,0
LeftS063822,23.1297,-14.6159,5.420e-14,4.860e-14,2.835e-14,0.0002,-97.6,1
LeftS063826,23.3085,-14.7615,5.048e-20,5.816e-20,5.577e-20,-0.0003,-99.74,0
LeftS063832,23.2879,-14.6364,5.809e-20,7.122e-20,7.818e-20,0.0001,-99.84,0
LeftS063836,23.4014,-14.5886,1.149e-20,1.521e-20,1.984e-20,0.0005,-95.5,0
LeftS063839,22.9515,-14.7545,9.417e-20,1.029e-19,8.936e-20,-0.0002,-95.1,0
LeftS063841,23.2264,-14.7179,4.819e-20,5.517e-20,5.368e-20,0.0005,-99.42,0
LeftS063849,23.3462,-14.8071,4.545e-19,4.413e-19,3.055e-19,-0.0008,-95.76,0
LeftS063859,23.2820,-14.5564,5.928e-20,6.847e-20,6.897e-20,0.0002,-94.65,0
LeftS063865,23.4462,-14.6393,3.733e-14,3.611e-14,2.479e-14,-0.0005,-93.31,1
LeftS063866,23.1425,-14.8419,1.423e-20,1.932e-20,2.581e-20,-0.0,-93.86,0
LeftS063874,23.3577,-14.5792,1.496e-20,1.914e-20,2.248e-20,0.0003,-94.22,0
LeftS063875,23.2726,-14.5037,9.482e-19,8.523e-19,5.179e-19,-0.0001,-96.97,0
LeftS063878,23.0990,-14.6191,8.894e-20,9.551e-20,8.115e-20,-0.0003,-99.78,0
LeftS063886,23.1192,-14.4442,1.102e-20,1.563e-20,2.334e-20,0.0007,-93.92,0
LeftS063887,23.2216,-14.7680,5.251e-20,6.225e-20,6.169e-20,-0.0001,-96.71,0
LeftS063889,23.5766,-14.7244,5.375e-20,6.590e-20,7.040e-20,-0.0002,-100.55,0
LeftS063890,23.2543,-14.6676,2.101e-19,2.248e-19,1.881e-19,0.0005,-96.43,0
LeftS063893,23.2488,-14.7512,9.927e-19,9.000e-19,5.091e-19,-0.0003,-94.75,0
LeftS063894,23.2221,-14.9149,1.373e-18,1.922e-18,2.682e-18,0.0008,-99.07,0
LeftS063904,23.4324,-14.8206,1.929e-14,1.333e-14,4.409e-15,0.0002,-97.85,0
LeftS063908,23.1861,-14.7839,2.602e-20,3.258e-20,3.602e-20,-0.0003,-97.1,0
LeftS063909,23.1613,-14.7327,3.061e-18,4.692e-18,7.956e-18,0.0007,-97.45,0
LeftS063911,23.0411,-14.4833,8.740e-18,7.081e-18,3.361e-18,-0.0001,-100.37,0
LeftS063912,23.1814,-14.5567,3.944e-20,4.666e-20,4.735e-20,-0.0003,-99.33,0
LeftS063913,23.2841,-14.6344,4.199e-18,3.331e-18,1.473e-18,-0.0001,-99.48,0
LeftS063916,22.9880,-14.4962,2.014e-20,2.507e-20,2.821e-20,-0.0003,-100.83,0
LeftS063922,23.3352,-14.7174,3.251e-19,3.337e-19,2.569e-19,0.0005,-96.96,0
LeftS063929,23.2691,-14.6006,1.879e-19,1.877e-19,1.382e-19,-0.0005,-99.01,0
LeftS063931,23.2159,-14.4662,7.945e-20,8.833e-20,8.023e-20,-0.0001,-97.96,0
LeftS063932,23.4198,-14.9013,6.954e-14,5.490e-14,2.537e-14,-0.0001,-97.67,1
LeftS063938,23.5341,-14.7020,4.245e-20,5.220e-20,5.657e-20,0.0009,-97.94,0
LeftS063939,23.0645,-14.7097,2.022e-20,2.593e-20,3.102e-20,0.0007,-95.0,0
LeftS063941,23.2699,-14.8748,6.287e-20,7.184e-20,6.581e-20,0.0002,-99.14,0
LeftS063944,23.3566,-14.7938,4.442e-18,7.215e-18,1.464e-17,-0.0006,-95.48,0
LeftS063945,23.3919,-14.7868,1.682e-20,2.165e-20,2.579e-20,-0.0001,-96.3,0
LeftS063954,23.3130,-14.5529,1.891e-20,2.256e-20,2.391e-20,0.0004,-95.78,0
LeftS063956,23.2961,-14.7197,2.418e-19,2.524e-19,2.039e-19,-0.0004,-96.08,0
LeftS063962,23.4010,-14.6295,1.050e-19,1.181e-19,1.058e-19,-0.0004,-98.35,0
LeftS063965,23.0804,-14.4666,1.015e-19,1.069e-19,8.403e-20,-0.0007,-98.02,0
LeftS063966,23.0502,-14.6905,2.605e-19,2.700e-19,1.999e-19,0.0001,-94.43,0
LeftS063973,23.2955,-14.7991,1.527e-14,1.049e-14,3.435e-15,-0.0006,-95.16,0
LeftS063978,23.3045,-14.8230,4.859e-19,4.707e-19,3.152e-19,0.0008,-95.55,0
LeftS063980,23.2694,-14.7430,1.749e-20,2.215e-20,2.705e-20,0.0004,-96.63,0
LeftS063982,23.1618,-14.5554,1.409e-19,1.529e-19,1.325e-19,0.0,-100.38,0
LeftS063983,23.3465,-14.6577,1.338e-18,2.509e-18,6.721e-18,0.0005,-98.95,0
LeftS063984,23.2668,-14.6846,3.405e-20,4.121e-20,4.385e-20,0.0003,-96.04,0
LeftS063985,23.4443,-14.6770,6.582e-19,6.031e-19,3.615e-19,0.0004,-98.72,0
LeftS063988,23.2101,-14.5981,1.195e-19,1.295e-19,1.147e-19,0.0002,-95.81,0
LeftS063989,23.1823,-14.4756,1.397e-18,1.218e-18,6.785e-19,0.0007,-99.55,0
LeftS063991,23.3129,-14.7722,4.241e-20,4.904e-20,4.824e-20,0.0011,-99.03,0
LeftS063994,23.4406,-14.7465,2.642e-20,3.271e-20,3.816e-20,0.0003,-94.77,0
LeftS063996,23.3943,-14.6770,1.834e-18,3.653e-18,1.056e-17,0.0006,-98.52,0
LeftS063997,23.3788,-14.5862,1.898e-20,2.462e-20,2.971e-20,0.0008,-96.09,0
LeftS063999,23.2288,-14.5569,1.957e-20,2.530e-20,3.093e-20,0.0005,-93.47,0
LeftS064000,23.1928,-14.6830,1.600e-19,1.767e-19,1.589e-19,-0.0003,-99.71,0
LeftS064001,23.0596,-14.8750,8.875e-19,7.642e-19,4.066e-19,-0.0003,-100.83,0
LeftS064003,23.2383,-14.5140,1.252e-14,8.175e-15,2.471e-15,0.0005,-96.65,0
LeftS064005,23.1774,-14.7076,1.226e-20,1.601e-20,1.964e-20,0.0002,-98.65,0
LeftS064006,23.4210,-14.6853,9.084e-19,8.492e-19,5.189e-19,0.0011,-93.46,0
LeftS064013,23.3525,-14.7335,6.752e-19,6.554e-19,4.438e-19,0.0002,-94.31,0
LeftS064017,23.1952,-14.6819,1.476e-20,1.998e-20,2.705e-20,0.0001,-95.07,0
LeftS064025,23.3376,-14.5244,3.738e-20,4.325e-20,4.314e-20,-0.0003,-95.94,0
LeftS064028,23.1901,-14.5735,9.485e-19,2.231e-18,9.458e-18,0.0006,-97.39,0
LeftS064029,23.3329,-14.9081,4.342e-19,4.237e-19,2.828e-19,0.0001,-94.9,0
LeftS064032,23.2960,-14.6048,1.106e-20,1.547e-20,2.179e-20,-0.0003,-97.96,0
LeftS064036,23.1222,-14.7350,1.052e-19,1.120e-19,9.092e-20,-0.0003,-96.37,0
LeftS064037,23.0923,-14.7553,1.398e-18,1.218e-18,6.509e-19,-0.0001,-93.54,0
LeftS064040,23.3295,-14.7133,3.571e-18,9.275e-18,4.800e-17,-0.0001,-99.93,0
LeftS064041,23.3500,-14.5533,1.086e-20,1.401e-20,1.714e-20,0.0004,-94.33,0
LeftS064042,23.3253,-14.6886,3.749e-20,4.427e-20,4.652e-20,0.0006,-96.16,0
LeftS064047,23.0823,-14.6906,9.661e-20,1.061e-19,9.149e-20,0.0005,-98.15,0
LeftS064048,23.1815,-14.8923,9.652e-20,1.016e-19,8.128e-20,0.001,-97.22,0
LeftS064058,23.1419,-14.4638,3.180e-18,5.418e-18,1.172e-17,-0.0007,-94.02,0
LeftS064060,23.2908,-14.4803,1.159e-18,1.856e-18,3.476e-18,0.0001,-100.39,0
LeftS064067,23.3146,-14.8558,4.562e-19,8.880e-19,2.576e-18,0.0001,-99.66,0
LeftS064071,23.1257,-14.4359,8.434e-16,1.710e-15,5.393e-15,-0.0006,-97.95,0
LeftS064073,23.0731,-14.6791,1.394e-19,1.462e-19,1.176e-19,0.0001,-98.57,0
LeftS064075,23.0910,-14.7405,3.147e-14,2.189e-14,7.717e-15,-0.0003,-96.01,0
LeftS064077,23.1642,-14.4839,2.052e-19,2.125e-19,1.682e-19,-0.0002,-97.45,0
LeftS064078,23.2911,-14.8242,7.083e-19,6.685e-19,4.230e-19,0.0006,-93.77,0
LeftS064080,23.1864,-14.7885,5.215e-19,4.663e-19,2.738e-19,-0.0,-96.86,0
LeftS064084,23.2232,-14.5737,7.343e-20,8.029e-20,6.813e-20,0.0014,-95.8,0
LeftS064085,23.1577,-14.5046,9.056e-20,1.022e-19,9.666e-20,0.0004,-95.76,0
LeftS064087,23.4000,-14.8688,2.530e-20,3.237e-20,3.849e-20,-0.0002,-93.39,0
LeftS064091,23.3072,-14.7251,1.017e-19,1.177e-19,1.123e-19,0.0008,-94.86,0
LeftS064092,23.0718,-14.8331,6.399e-19,9.629e-19,1.652e-18,-0.0008,-98.53,0
LeftS064093,23.1833,-14.3504,1.353e-19,1.474e-19,1.275e-19,0.0007,-93.56,0
LeftS064094,23.2092,-14.6208,2.053e-20,2.584e-20,3.087e-20,-0.0011,-96.86,0
LeftS064095,23.2113,-14.5964,1.193e-20,1.592e-20,2.053e-20,-0.0001,-97.41,0
LeftS064103,23.0538,-14.7837,6.643e-14,4.699e-14,1.725e-14,0.0002,-94.62,0
LeftS064104,23.3196,-14.6591,6.215e-20,7.032e-20,6.455e-20,0.0005,-94.29,0
LeftS064105,23.1339,-14.5066,4.920e-14,3.591e-14,1.397e-14,-0.0,-97.67,0
LeftS064111,23.0662,-14.7621,2.295e-19,2.354e-19,1.838e-19,0.0004,-96.97,0
LeftS064115,23.3645,-14.7976,1.689e-19,1.855e-19,1.603e-19,0.0005,-96.49,0
LeftS064118,23.2642,-14.6448,2.051e-20,2.504e-20,2.703e-20,-0.0001,-96.73,0
LeftS064119,23.3970,-14.6997,1.051e-18,9.632e-19,5.612e-19,-0.0003,-99.31,0
LeftS064124,23.3208,-14.3920,1.061e-18,1.879e-18,4.363e-18,0.0007,-95.17,0
LeftS064131,23.1577,-14.7286,3.203e-18,5.832e-18,1.507e-17,0.0008,-93.68,0
LeftS064134,23.1088,-14.5124,2.337e-19,2.389e-19,1.826e-19,0.0004,-95.22,0
LeftS064136,23.0097,-14.8436,1.703e-18,2.904e-18,6.373e-18,0.0003,-95.32,0
LeftS064138,23.3924,-14.7872,3.226e-20,3.749e-20,3.800e-20,-0.0006,-94.4,0
LeftS064141,23.2440,-14.4979,1.729e-20,2.280e-20,2.840e-20,0.0007,-98.71,0
LeftS064142,23.0946,-14.5787,3.804e-19,3.650e-19,2.383e-19,-0.0007,-95.63,0
LeftS064143,23.2412,-14.7205,2.358e-19,2.455e-19,1.970e-19,0.0005,-94.37,0
LeftS064146,23.2788,-14.6818,1.496e-20,1.888e-20,2.239e-20,-0.0002,-97.34,0
LeftS064147,23.2504,-14.6608,8.818e-20,9.932e-20,8.974e-20,-0.0002,-100.04,0
LeftS064149,23.1428,-14.6489,2.681e-20,3.412e-20,4.104e-20,0.0002,-93.68,0
LeftS064152,23.1506,-14.6915,9.081e-20,1.042e-19,9.921e-20,-0.0007,-99.15,0
LeftS064154,23.3664,-14.6887,4.538e-19,4.389e-19,3.073e-19,0.0001,-94.78,0
LeftS064155,23.1938,-14.8010,1.845e-20,2.378e-20,2.837e-20,-0.0,-94.68,0
LeftS064157,23.2689,-14.7789,2.104e-20,2.519e-20,2.701e-20,-0.0013,-99.48,0
LeftS064161,23.3059,-14.7247,4.412e-20,5.267e-20,5.482e-20,0.0005,-98.73,0
LeftS064167,23.1602,-14.6666,2.278e-18,4.355e-18,1.247e-17,0.0002,-98.08,0
LeftS064168,23.2879,-14.7758,1.860e-19,2.026e-19,1.708e-19,-0.0004,-98.52,0
LeftS064172,23.2657,-14.4913,4.578e-20,5.367e-20,5.473e-20,0.0012,-95.17,0
LeftS064179,23.3934,-14.6559,1.344e-20,1.745e-20,2.191e-20,-0.0002,-94.08,0
LeftS064190,23.2458,-14.8418,1.216e-18,1.088e-18,6.140e-19,0.0006,-93.69,0
LeftS064191,23.3043,-14.5684,5.048e-20,6.206e-20,6.648e-20,-0.0002,-93.32,0
LeftS064192,23.1503,-14.6201,3.412e-20,4.124e-20,4.407e-20,0.0003,-100.24,0
LeftS064193,23.3996,-14.6957,3.375e-20,4.127e-20,4.542e-20,0.0001,-99.06,0
LeftS064201,23.2101,-14.7784,1.067e-18,9.445e-19,5.254e-19,0.0008,-93.48,0
LeftS064204,23.1076,-14.6906,6.559e-14,4.881e-14,1.956e-14,-0.0004,-95.84,0
LeftS064207,23.2142,-14.3879,1.327e-19,1.377e-19,1.056e-19,-0.0007,-96.31,0
LeftS064208,23.2820,-14.7185,9.823e-19,9.197e-19,5.891e-19,0.0009,-93.92,0
LeftS064209,23.3401,-14.5336,4.389e-14,3.097e-14,1.112e-14,0.0001,-96.72,0
LeftS064220,24.0623,-14.3360,4.657e-19,4.518e-19,3.065e-19,-0.0003,-101.26,0
LeftS064229,24.1340,-14.2631,1.800e-20,2.296e-20,2.714e-20,-0.0,-100.32,0
LeftS064230,24.1705,-14.2654,1.417e-18,1.283e-18,7.459e-19,-0.0006,-98.28,0
LeftS064231,24.1536,-14.2643,1.012e-18,9.355e-19,5.746e-19,-0.0004,-98.59,0
LeftS064237,24.1278,-14.2799,1.648e-20,2.076e-20,2.370e-20,0.0003,-100.77,0
LeftS064242,24.1568,-14.2627,1.791e-19,1.911e-19,1.597e-19,-0.0004,-98.39,0
LeftS064247,24.1211,-14.2906,1.240e-18,1.845e-18,3.091e-18,0.0011,-101.03,0
LeftS064249,24.1614,-14.2591,9.608e-19,1.533e-18,2.871e-18,-0.0002,-97.34,0
LeftS064253,24.1667,-14.2649,1.448e-20,1.994e-20,2.792e-20,0.0009,-98.51,0
LeftS064255,24.1484,-14.2698,8.783e-20,9.464e-20,8.300e-20,0.0008,-99.37,0
LeftS064257,24.1153,-14.2727,1.927e-20,2.340e-20,2.605e-20,-0.0007,-100.52,0
LeftS064259,24.1281,-14.2837,6.884e-20,7.802e-20,7.447e-20,0.0005,-100.69,0
LeftS064262,24.1451,-14.2750,1.278e-19,1.377e-19,1.131e-19,-0.0008,-99.43,0
LeftS064267,24.1433,-14.2606,1.878e-20,2.409e-20,2.794e-20,-0.0001,-98.34,0
LeftS064270,24.1090,-14.3011,3.462e-19,3.397e-19,2.332e-19,-0.0005,-101.09,0
LeftS064272,24.1653,-14.2692,4.676e-20,5.410e-20,5.265e-20,0.0004,-98.74,0
LeftS064278,24.1113,-14.2926,2.363e-19,2.373e-19,1.725e-19,-0.0003,-100.67,0
LeftS064286,24.1555,-14.2552,1.365e-20,1.819e-20,2.332e-20,0.0003,-97.74,0
LeftS064287,24.1216,-14.2881,8.753e-20,9.666e-20,8.159e-20,0.0005,-100.87,0
LeftS064290,24.1340,-14.2506,3.040e-20,3.535e-20,3.516e-20,-0.0005,-98.88,0
LeftS064296,24.1346,-14.2711,2.820e-19,2.869e-19,2.166e-19,0.0005,-100.29,0
LeftS064297,24.1652,-14.2312,2.703e-20,3.401e-20,3.847e-20,0.0003,-96.84,0
LeftS064299,24.1511,-14.2585,9.462e-20,1.083e-19,1.006e-19,-0.0002,-97.56,0
LeftS064300,24.1291,-14.2729,1.002e-20,1.334e-20,1.760e-20,0.0004,-100.49,0
LeftS064307,24.1572,-14.2334,2.396e-20,2.874e-20,2.951e-20,0.0006,-97.96,0
LeftS064318,24.1820,-14.2407,1.096e-20,1.454e-20,1.892e-20,0.0007,-97.13,0
LeftS064321,24.1303,-14.2906,1.668e-19,1.734e-19,1.379e-19,0.0006,-100.69,0
LeftS064328,24.0881,-14.3373,1.584e-20,2.002e-20,2.249e-20,0.0001,-101.09,0
LeftS064331,24.1580,-14.2354,1.373e-20,1.877e-20,2.536e-20,0.0001,-97.61,0
LeftS064333,24.2003,-14.2577,6.475e-20,7.658e-20,7.727e-20,0.0002,-98.1,0
LeftS064334,24.2048,-14.2344,4.878e-20,5.983e-20,6.301e-20,0.0001,-97.07,0
LeftS064335,24.1541,-14.2455,6.046e-19,6.114e-19,4.438e-19,-0.0005,-97.48,0
LeftS064347,24.1110,-14.2946,3.463e-20,4.244e-20,4.775e-20,0.0007,-100.93,0
LeftS064357,24.1518,-14.2667,1.669e-20,2.248e-20,2.967e-20,0.0004,-98.41,0
LeftS064358,24.1082,-14.3165,3.613e-20,4.229e-20,4.187e-20,-0.0001,-101.13,0
LeftS064363,24.1430,-14.2629,2.257e-19,2.252e-19,1.709e-19,0.0004,-99.28,0
LeftS064373,24.1435,-14.2832,6.444e-18,2.287e-17,2.363e-16,-0.0001,-99.62,0
LeftS064374,24.1501,-14.2532,6.525e-14,4.514e-14,1.605e-14,0.0009,-97.54,0
LeftS064375,24.2444,-14.1668,4.764e-20,5.702e-20,5.795e-20,0.0002,-96.4,0
LeftS064377,24.1501,-14.2577,1.994e-19,1.992e-19,1.443e-19,0.0,-98.24,0
LeftS064383,24.2052,-14.1887,2.036e-18,1.826e-18,1.076e-18,0.0005,-96.86,0
LeftS064384,24.1016,-14.2995,5.617e-18,1.221e-17,4.526e-17,-0.0004,-101.24,0
LeftS064386,24.0937,-14.3629,3.196e-18,2.586e-18,1.261e-18,-0.0005,-100.6,0
LeftS064389,24.1373,-14.2676,7.839e-14,6.259e-14,2.863e-14,0.0005,-100.38,1
LeftS064392,24.1430,-14.2837,2.864e-20,3.476e-20,3.656e-20,0.0001,-99.52,0
LeftS064393,24.1479,-14.2624,3.309e-18,5.891e-18,1.433e-17,-0.0002,-97.88,0
LeftS064396,24.1419,-14.2595,3.887e-20,4.577e-20,4.592e-20,-0.0001,-97.44,0
LeftS064397,24.1160,-14.3047,3.268e-20,4.049e-20,4.379e-20,-0.0004,-101.04,0
LeftS064400,24.1490,-14.2568,6.496e-20,7.175e-20,6.243e-20,-0.0001,-98.35,0
LeftS064406,24.1383,-14.2658,1.858e-18,1.605e-18,8.984e-19,0.0,-99.6,0
LeftS064407,24.1542,-14.2656,7.068e-19,1.590e-18,6.093e-18,0.0001,-98.63,0
LeftS064409,24.1226,-14.2630,2.432e-19,2.347e-19,1.622e-19,0.0006,-99.3,0
LeftS064412,24.1969,-14.2082,1.054e-20,1.377e-20,1.713e-20,-0.0004,-96.57,0
LeftS064417,24.1435,-14.2811,7.304e-20,8.205e-20,7.455e-20,0.0004,-100.18,0
LeftS064423,24.1375,-14.2612,1.210e-19,1.287e-19,1.043e-19,0.0005,-99.61,0
LeftS064425,24.1415,-14.2664,2.875e-18,4.403e-18,7.881e-18,-0.0006,-100.1,0
LeftS064426,24.1456,-14.2745,3.423e-14,2.341e-14,7.992e-15,0.0001,-99.22,0
LeftS064430,24.1862,-14.2082,1.006e-20,1.339e-20,1.766e-20,0.0006,-96.92,0
LeftS064432,24.1440,-14.2262,1.337e-18,2.096e-18,3.796e-18,0.0009,-98.41,0
LeftS064437,24.1720,-14.2548,1.292e-19,1.458e-19,1.312e-19,-0.0002,-97.72,0
LeftS064438,24.1513,-14.2577,4.863e-20,5.736e-20,5.812e-20,-0.0,-98.44,0
LeftS064439,24.1565,-14.2532,2.079e-19,2.130e-19,1.648e-19,-0.0005,-97.63,0
LeftS064444,24.1658,-14.2392,7.325e-14,6.969e-14,4.460e-14,0.0,-97.23,1
LeftS064450,24.1327,-14.2878,2.585e-20,3.158e-20,3.511e-20,0.0002,-100.89,0
LeftS064452,24.1743,-14.2184,2.877e-19,2.824e-19,1.989e-19,0.0006,-97.1,0
LeftS064453,24.1133,-14.3067,3.364e-18,5.055e-18,8.482e-18,-0.0006,-101.18,0
LeftS064455,24.0704,-14.2804,1.986e-20,2.469e-20,2.851e-20,-0.0008,-99.77,0
LeftS064457,24.1294,-14.2714,2.619e-20,3.338e-20,4.077e-20,-0.0006,-100.57,0
LeftS064458,24.1392,-14.2752,1.456e-18,2.810e-18,8.113e-18,-0.0009,-99.41,0
LeftS064465,24.1278,-14.2799,3.155e-20,3.973e-20,4.694e-20,-0.0003,-100.79,0
LeftS064468,24.1534,-14.2573,1.420e-18,1.315e-18,8.001e-19,0.0005,-97.57,0
LeftS064471,24.1060,-14.3964,3.967e-19,3.960e-19,2.842e-19,0.0004,-100.06,0
LeftS064473,24.1422,-14.2710,2.147e-18,1.796e-18,9.545e-19,-0.0002,-100.2,0
LeftS064478,24.1378,-14.2662,2.886e-20,3.615e-20,3.996e-20,0.0011,-99.9,0
LeftS064489,24.0744,-14.2971,2.073e-18,1.780e-18,9.542e-19,-0.0002,-101.1,0
LeftS064490,24.0987,-14.2937,1.843e-18,1.573e-18,8.178e-19,0.0012,-101.06,0
LeftS064491,24.1409,-14.2482,1.589e-20,2.030e-20,2.406e-20,-0.0006,-98.58,0
LeftS064493,24.1925,-14.2487,7.038e-19,1.167e-18,2.421e-18,0.0004,-97.94,0
LeftS064498,24.1728,-14.2648,3.448e-20,4.077e-20,4.133e-20,0.0007,-97.75,0
LeftS064501,24.1468,-14.2643,8.210e-19,7.329e-19,4.163e-19,-0.0001,-98.89,0
LeftS064503,24.1527,-14.2496,5.320e-19,5.166e-19,3.463e-19,-0.0002,-97.64,0
LeftS064506,24.1402,-14.2621,3.037e-19,3.029e-19,2.171e-19,0.0007,-99.48,0
LeftS064508,24.1481,-14.2355,1.989e-19,2.175e-19,1.875e-19,0.0006,-97.55,0
LeftS064509,24.1310,-14.2705,1.173e-17,9.244e-18,4.253e-18,-0.0001,-100.2,0
LeftS064512,24.1642,-14.2510,1.709e-20,2.282e-20,3.034e-20,-0.0002,-97.49,0
LeftS064513,24.1660,-14.2780,1.045e-18,1.640e-18,2.976e-18,0.0002,-98.79,0
LeftS064514,24.1361,-14.2357,6.647e-19,6.516e-19,4.596e-19,-0.0003,-97.45,0
LeftS064515,24.1122,-14.2487,2.762e-18,2.466e-18,1.381e-18,0.0002,-100.76,0
LeftS064516,24.1248,-14.2530,2.511e-18,5.424e-18,1.985e-17,-0.0001,-99.7,0
LeftS064522,24.1644,-14.2824,3.036e-18,5.706e-18,1.573e-17,0.0004,-100.52,0
LeftS064524,24.1734,-14.2811,2.916e-19,2.949e-19,2.153e-19,-0.0003,-98.42,0
LeftS064525,24.1581,-14.3133,1.518e-19,1.643e-19,1.401e-19,-0.0003,-100.88,0
LeftS064528,24.1921,-14.2489,2.330e-20,3.114e-20,4.116e-20,-0.0005,-96.73,0
LeftS064531,24.1395,-14.2348,1.137e-20,1.574e-20,2.137e-20,0.0001,-96.99,0
LeftS064533,24.1076,-14.2494,4.238e-18,3.259e-18,1.389e-18,0.0007,-100.66,0
LeftS064535,24.1355,-14.2713,5.229e-19,9.208e-19,2.182e-18,0.0001,-100.46,0
LeftS064536,24.1639,-14.2393,1.587e-18,2.776e-18,6.525e-18,-0.0004,-97.22,0
LeftS064538,24.1522,-14.2821,1.204e-19,1.416e-19,1.405e-19,-0.0006,-99.72,0
LeftS064540,24.1489,-14.2574,6.208e-20,6.853e-20,5.984e-20,-0.0005,-97.69,0
LeftS064541,24.1492,-14.2349,9.267e-14,7.222e-14,3.054e-14,0.0005,-97.08,1
LeftS064542,24.1509,-14.2634,1.339e-17,1.064e-17,4.731e-18,0.0004,-98.7,1
LeftS064543,24.1713,-14.2758,1.048e-19,1.216e-19,1.176e-19,-0.0005,-98.42,0
LeftS064544,24.1435,-14.2883,6.535e-19,1.250e-18,3.533e-18,-0.0002,-99.93,0
LeftS064547,24.1493,-14.2525,6.806e-19,6.327e-19,3.914e-19,-0.0005,-97.43,0
LeftS064548,24.1266,-14.2946,5.804e-14,4.327e-14,1.712e-14,0.0004,-101.04,0
LeftS064551,24.1249,-14.2723,9.473e-19,2.181e-18,8.831e-18,0.0002,-100.13,0
LeftS064552,24.1660,-14.2828,1.222e-19,1.310e-19,1.067e-19,-0.0008,-99.01,0
LeftS064555,24.1707,-14.2697,1.018e-20,1.289e-20,1.569e-20,-0.0013,-97.6,0
LeftS064559,24.1455,-14.2683,3.077e-20,3.779e-20,4.106e-20,0.0005,-99.25,0
LeftS064560,24.1249,-14.2359,1.567e-20,2.056e-20,2.595e-20,0.0008,-97.58,0
LeftS064561,24.1266,-14.2697,1.854e-18,1.639e-18,9.138e-19,-0.0001,-100.37,0
LeftS064563,24.1426,-14.2776,3.220e-18,4.565e-18,6.680e-18,0.0001,-99.59,0
LeftS064566,24.1433,-14.2795,3.556e-19,3.407e-19,2.246e-19,-0.0002,-100.04,0
LeftS064567,24.1051,-14.2809,4.620e-18,3.864e-18,1.948e-18,0.0007,-101.16,0
LeftS064568,24.1610,-14.2418,5.029e-18,4.166e-18,2.128e-18,0.0,-97.24,0
LeftS064569,24.1786,-14.2559,1.116e-18,1.010e-18,5.991e-19,0.0,-97.16,0
LeftS064571,24.1548,-14.2675,3.299e-19,3.317e-19,2.350e-19,0.0003,-98.58,0
LeftS064572,24.1083,-14.2777,1.931e-19,2.059e-19,1.772e-19,-0.0009,-100.6,0
LeftS064575,24.1270,-14.2367,1.010e-18,9.545e-19,6.242e-19,0.0004,-97.92,0
LeftS064580,24.1436,-14.2788,4.043e-18,3.425e-18,1.782e-18,0.0001,-100.58,0
LeftS064586,24.1412,-14.2308,1.979e-20,2.621e-20,3.497e-20,-0.0006,-97.89,0
LeftS064587,24.1223,-14.2581,2.557e-18,5.812e-18,2.349e-17,-0.0003,-100.47,0
LeftS064588,24.1191,-14.2617,3.463e-14,2.385e-14,8.370e-15,-0.0,-100.77,0
LeftS064589,24.1532,-14.2520,5.052e-19,4.894e-19,3.379e-19,0.0005,-97.59,0
LeftS064590,24.1378,-14.2796,1.421e-18,2.513e-18,5.972e-18,0.0005,-100.37,0
LeftS064591,24.1340,-14.2472,2.713e-19,2.797e-19,2.178e-19,-0.0005,-98.64,0
LeftS064592,24.1720,-14.2933,4.359e-18,3.593e-18,1.727e-18,0.0005,-99.19,0
LeftS064595,24.2032,-14.2858,1.163e-19,1.245e-19,1.023e-19,0.0006,-96.88,0
LeftS064596,24.1429,-14.2878,1.200e-17,9.491e-18,4.274e-18,-0.0008,-100.82,1
LeftS064597,24.1464,-14.2585,3.982e-19,3.988e-19,2.877e-19,0.0001,-98.59,0
LeftS064598,24.1821,-14.2624,5.600e-19,5.386e-19,3.551e-19,-0.0006,-96.97,0
LeftS064599,24.2029,-14.2343,2.402e-20,3.036e-20,3.555e-20,0.0008,-97.1,0
LeftS064602,24.1214,-14.2708,5.438e-20,6.121e-20,5.561e-20,0.0005,-100.71,0
LeftS064606,24.1564,-14.2460,4.367e-18,3.627e-18,1.767e-18,0.0001,-97.29,0
LeftS064608,24.1544,-14.2949,2.402e-19,4.582e-19,1.264e-18,-0.0004,-100.21,0
LeftS064610,24.1650,-14.2608,6.118e-19,5.587e-19,3.351e-19,0.0001,-97.61,0
LeftS064611,24.1399,-14.2640,8.129e-19,7.556e-19,4.858e-19,-0.0006,-99.41,0
LeftS064616,24.1830,-14.2404,5.121e-14,4.147e-14,1.985e-14,0.0003,-96.83,1
LeftS064617,24.1202,-14.2957,4.214e-18,3.598e-18,1.898e-18,0.0003,-100.93,0
LeftS064618,24.1466,-14.2719,3.571e-19,3.501e-19,2.465e-19,-0.0003,-99.38,0
LeftS064620,24.1715,-14.2977,4.729e-18,3.899e-18,1.943e-18,0.0009,-100.16,0
LeftS064621,24.1558,-14.2684,7.177e-14,5.185e-14,1.964e-14,0.0005,-98.67,0
LeftS064623,24.1862,-14.2958,2.513e-18,2.292e-18,1.377e-18,0.0003,-98.56,0
LeftS064625,24.1719,-14.2355,1.203e-20,1.561e-20,1.900e-20,0.0006,-97.51,0
LeftS064626,24.1313,-14.2531,9.437e-19,8.672e-19,5.086e-19,0.0001,-99.14,0
LeftS064627,24.1397,-14.2598,6.050e-18,1.152e-17,3.121e-17,-0.0001,-99.01,0
LeftS064628,24.1259,-14.2912,4.863e-18,4.127e-18,2.234e-18,0.0008,-100.97,0
LeftS064629,24.1170,-14.2473,1.313e-17,1.035e-17,4.664e-18,0.0001,-100.33,1
LeftS064630,24.1558,-14.2637,1.045e-18,9.322e-19,5.119e-19,0.0002,-98.47,0
LeftS064631,24.1401,-14.2462,3.050e-20,3.749e-20,4.256e-20,-0.0005,-98.2,0
LeftS064633,24.1477,-14.2641,4.267e-18,3.694e-18,1.950e-18,0.0005,-98.85,0
LeftS064634,24.1490,-14.2575,7.662e-19,7.045e-19,4.191e-19,0.0001,-98.35,0
LeftS064635,24.1248,-14.2222,6.133e-19,6.185e-19,4.653e-19,0.0007,-97.9,0
LeftS064636,24.1520,-14.2831,2.788e-20,3.573e-20,4.341e-20,-0.0002,-99.69,0
LeftS064640,24.1304,-14.2756,1.685e-19,1.832e-19,1.570e-19,0.0,-100.47,0
LeftS064641,24.1532,-14.2507,6.536e-14,5.580e-14,2.960e-14,0.0005,-97.73,1
LeftS064642,24.1373,-14.2726,2.783e-19,2.683e-19,1.867e-19,0.0001,-100.18,0
LeftS064643,24.1338,-14.2738,1.476e-17,1.132e-17,4.668e-18,-0.0003,-100.41,1
LeftS064644,24.1473,-14.2534,1.696e-20,2.051e-20,2.262e-20,-0.0009,-97.84,0
LeftS064646,24.1351,-14.2740,4.615e-18,3.893e-18,1.953e-18,0.0001,-100.15,0
LeftS064651,24.1361,-14.2783,2.189e-18,1.850e-18,9.597e-19,-0.0002,-100.54,0
LeftS064652,24.1414,-14.2725,2.377e-14,1.690e-14,6.246e-15,0.0006,-100.05,0
LeftS064653,24.1530,-14.2521,6.524e-19,1.093e-18,2.232e-18,0.0001,-97.6,0
LeftS064660,24.1396,-14.2757,7.595e-20,8.537e-20,7.942e-20,-0.0005,-100.32,0
LeftS064661,24.1320,-14.2739,1.674e-20,2.039e-20,2.269e-20,0.0005,-100.22,0
LeftS064663,24.1324,-14.2762,2.684e-18,2.238e-18,1.163e-18,-0.0005,-100.38,0
LeftS064664,24.1531,-14.2561,4.104e-19,3.820e-19,2.434e-19,-0.0005,-97.91,0
LeftS064668,24.1383,-14.2762,1.243e-16,8.857e-17,3.359e-17,0.0007,-100.18,0
LeftS064669,24.1563,-14.2492,1.629e-14,1.125e-14,3.987e-15,-0.0,-97.62,0
LeftS064671,24.1329,-14.2753,6.526e-20,7.624e-20,7.375e-20,0.0009,-100.29,0
LeftS064673,24.1564,-14.2499,7.279e-19,6.503e-19,3.815e-19,-0.0008,-97.44,0
LeftS064674,24.1375,-14.2738,9.916e-19,1.829e-18,4.514e-18,-0.0,-100.28,0
LeftS064676,24.1279,-14.2804,3.268e-18,2.711e-18,1.315e-18,0.0001,-100.82,0
LeftS064677,24.1290,-14.2765,6.615e-14,4.673e-14,1.726e-14,0.0,-100.53,0
LeftS064679,24.1396,-14.2796,2.318e-17,6.965e-17,4.868e-16,-0.0007,-100.15,0
LeftS064680,24.1528,-14.2417,2.394e-14,2.090e-14,1.154e-14,0.0004,-97.34,0
LeftS064681,24.1547,-14.2479,2.524e-18,2.245e-18,1.238e-18,-0.0004,-97.63,0
LeftS064682,24.1622,-14.2475,1.024e-18,2.040e-18,5.811e-18,-0.0004,-97.19,0
LeftS064684,24.1326,-14.2811,3.665e-18,3.076e-18,1.534e-18,-0.0003,-100.44,0
LeftS064685,24.1592,-14.2448,1.900e-19,2.060e-19,1.720e-19,-0.0008,-97.6,0
LeftS064686,24.1314,-14.2721,3.540e-19,3.476e-19,2.479e-19,0.0011,-100.42,0
LeftS064687,24.1342,-14.2801,1.392e-18,2.592e-18,6.848e-18,-0.0004,-100.16,0
LeftS064690,24.1296,-14.2808,4.697e-20,5.542e-20,5.720e-20,-0.0001,-100.49,0
LeftS064697,24.1342,-14.2781,1.787e-20,2.270e-20,2.637e-20,0.0006,-100.21,0
LeftS064698,24.1601,-14.2435,5.287e-14,3.898e-14,1.519e-14,-0.0004,-97.35,0
LeftS064699,24.1294,-14.2845,4.397e-19,4.334e-19,3.104e-19,0.0001,-100.77,0
LeftS064701,24.1613,-14.2397,4.465e-18,3.800e-18,1.932e-18,-0.0001,-97.29,0
LeftS064702,24.1341,-14.2865,4.734e-18,3.816e-18,1.804e-18,0.0003,-100.56,0
LeftS064705,24.1608,-14.2411,1.077e-19,1.212e-19,1.093e-19,0.0002,-97.41,0
LeftS064706,24.1574,-14.2544,1.465e-18,1.305e-18,7.620e-19,0.0003,-97.61,0
LeftS064710,24.1548,-14.2445,9.912e-19,9.072e-19,5.448e-19,-0.0003,-97.64,0
LeftS064711,24.1545,-14.2416,4.099e-20,4.959e-20,5.365e-20,0.0009,-97.31,0
LeftS064712,24.1608,-14.2415,1.207e-20,1.592e-20,2.049e-20,0.0004,-97.27,0
LeftS064713,24.1317,-14.2791,2.510e-18,2.062e-18,1.060e-18,0.0004,-100.45,0
LeftS064714,24.1609,-14.2382,5.285e-18,4.277e-18,2.041e-18,0.0011,-97.38,0
LeftS064715,24.1582,-14.2464,3.173e-18,5.451e-18,1.261e-17,-0.0001,-97.61,0
LeftS064717,24.1627,-14.2401,1.024e-17,8.004e-18,3.495e-18,-0.0003,-97.18,0
LeftS064718,24.1574,-14.2422,5.891e-18,4.806e-18,2.313e-18,0.0007,-97.54,0
LeftS064721,24.1518,-14.2451,5.550e-15,3.748e-15,1.199e-15,-0.001,-97.84,0
LeftS064722,24.1565,-14.2365,6.459e-14,4.744e-14,1.820e-14,0.0007,-97.33,0
LeftS064724,24.1637,-14.2378,2.235e-19,2.261e-19,1.679e-19,-0.0001,-97.42,0
LeftS064727,24.1326,-14.2771,1.109e-18,1.869e-18,3.888e-18,0.0001,-100.04,0
LeftS064729,24.1595,-14.2320,1.138e-20,1.558e-20,2.171e-20,-0.0,-97.57,0
LeftS064731,24.1598,-14.2422,4.590e-18,3.816e-18,1.948e-18,-0.0003,-97.67,0
LeftS064734,24.1680,-14.2371,3.814e-14,2.691e-14,9.703e-15,0.0005,-97.17,0
LeftS064738,24.1552,-14.2412,5.292e-19,5.403e-19,3.940e-19,0.0003,-97.57,0
LeftS064743,24.1320,-14.2893,2.262e-18,3.839e-18,8.016e-18,-0.0003,-100.5,0
LeftS064745,24.1308,-14.2851,6.788e-20,7.517e-20,6.847e-20,0.0001,-100.41,0
LeftS064746,24.1595,-14.2361,1.285e-18,2.170e-18,4.626e-18,-0.0003,-97.32,0
LeftS064747,24.1263,-14.2973,1.931e-14,1.304e-14,4.271e-15,0.0012,-100.7,0
LeftS064753,24.1251,-14.2866,8.994e-19,8.743e-19,5.911e-19,0.0014,-100.65,0
LeftS064754,24.1351,-14.2804,3.443e-20,4.042e-20,4.066e-20,0.0004,-100.32,0
LeftS064755,24.1641,-14.2418,1.087e-18,9.769e-19,5.783e-19,-0.0001,-97.61,0
LeftS064757,24.1533,-14.2386,2.217e-19,2.332e-19,1.839e-19,-0.0002,-97.54,0
LeftS064760,24.1312,-14.2946,3.392e-18,3.000e-18,1.652e-18,-0.0004,-100.57,0
LeftS064763,24.1615,-14.2372,1.785e-19,1.884e-19,1.450e-19,0.0002,-97.52,0
LeftS064765,24.1661,-14.2347,6.081e-18,4.945e-18,2.370e-18,-0.0001,-97.18,0
LeftS064768,24.1659,-14.2382,2.547e-18,4.191e-18,8.520e-18,0.0002,-97.21,0
LeftS064769,24.1330,-14.2900,2.291e-20,2.969e-20,3.520e-20,0.0002,-100.44,0
LeftS064771,24.1641,-14.2338,2.223e-20,2.962e-20,3.747e-20,-0.0001,-97.25,0
LeftS064772,24.1618,-14.2391,2.035e-19,2.160e-19,1.791e-19,-0.0002,-97.35,0
LeftS064776,24.1257,-14.2930,4.807e-19,4.718e-19,3.394e-19,-0.0008,-100.79,0
LeftS064777,24.1661,-14.2330,3.481e-18,2.914e-18,1.444e-18,-0.0003,-97.16,0
LeftS064779,24.1268,-14.2987,3.357e-18,2.816e-18,1.375e-18,0.0007,-100.48,0
LeftS064784,24.1188,-14.2884,7.336e-17,5.260e-17,2.006e-17,-0.0007,-100.72,0
LeftS064789,24.1656,-14.2300,3.651e-19,3.927e-19,3.392e-19,0.0004,-97.16,0
LeftS064792,24.1222,-14.2942,2.200e-20,2.808e-20,3.298e-20,-0.0004,-100.58,0
LeftS064793,24.1580,-14.2337,2.402e-20,3.052e-20,3.696e-20,0.0004,-97.5,0
LeftS064794,24.1189,-14.2998,4.366e-19,4.353e-19,2.993e-19,-0.0006,-100.68,0
LeftS064795,24.1691,-14.2262,1.890e-18,1.579e-18,8.009e-19,0.0012,-97.16,0
LeftS064798,24.1180,-14.2941,3.723e-18,3.089e-18,1.535e-18,0.0008,-100.74,0
LeftS064799,24.1609,-14.2277,5.270e-18,8.405e-18,1.581e-17,-0.0007,-97.37,0
LeftS064800,24.1676,-14.2272,1.264e-18,1.989e-18,3.785e-18,-0.0004,-97.16,0
LeftS064801,24.1191,-14.2969,2.077e-18,3.122e-18,5.110e-18,0.0006,-100.51,0
LeftS064802,24.1165,-14.2985,4.012e-14,3.041e-14,1.269e-14,-0.0006,-100.76,1
LeftS064803,24.1663,-14.2228,8.750e-19,8.395e-19,5.537e-19,-0.0008,-97.29,0
LeftS064805,24.1203,-14.2967,3.961e-19,3.774e-19,2.586e-19,-0.0003,-100.68,0
LeftS064806,24.1190,-14.2976,5.936e-19,5.947e-19,4.321e-19,-0.0003,-100.67,0
LeftS064807,24.1174,-14.3016,5.406e-19,5.387e-19,3.890e-19,-0.0002,-100.61,0
LeftS064808,24.1192,-14.3018,1.123e-18,2.734e-18,1.223e-17,0.0005,-100.79,0
LeftS064811,24.1215,-14.3032,3.857e-18,3.201e-18,1.568e-18,0.0,-100.71,0
LeftS064813,24.1193,-14.2981,2.040e-18,1.865e-18,1.130e-18,0.0008,-100.61,0
LeftS064814,24.1739,-14.2295,2.770e-18,4.972e-18,1.230e-17,-0.0002,-97.15,0
LeftS064817,24.1625,-14.2358,1.577e-20,1.942e-20,2.193e-20,0.0003,-97.59,0
LeftS064818,24.1154,-14.3007,2.178e-18,1.978e-18,1.144e-18,-0.0001,-100.77,0
LeftS064819,24.1134,-14.2940,5.610e-19,1.057e-18,2.832e-18,-0.0002,-100.77,0
LeftS064820,24.1144,-14.3055,1.294e-18,1.129e-18,6.180e-19,-0.0003,-100.85,0
LeftS064821,24.1659,-14.2301,5.093e-14,3.774e-14,1.501e-14,-0.0001,-97.4,0
LeftS064822,24.1754,-14.2227,1.368e-18,2.076e-18,3.564e-18,0.0002,-97.17,0
LeftS064823,24.1204,-14.2991,2.389e-17,1.761e-17,6.889e-18,0.0005,-100.62,0
LeftS064824,24.1696,-14.2256,6.793e-20,7.751e-20,7.150e-20,0.0004,-97.31,0
LeftS064825,24.1142,-14.3114,2.007e-20,2.657e-20,3.552e-20,0.0003,-100.65,0
LeftS064828,24.1684,-14.2192,7.148e-19,1.553e-18,5.584e-18,-0.0002,-97.38,0
LeftS064829,24.1443,-14.2631,3.561e-17,2.614e-17,1.032e-17,0.0001,-104.51,0
LeftS064830,24.1444,-14.2629,1.930e-19,2.093e-19,1.804e-19,-0.0002,-92.36,0
LeftS064832,24.1443,-14.2629,7.121e-16,4.819e-16,1.620e-16,0.0007,-102.33,0
LeftS064833,24.1444,-14.2630,1.890e-18,1.687e-18,9.707e-19,-0.0002,-99.83,0
LeftS064834,24.1443,-14.2628,6.440e-17,4.533e-17,1.650e-17,0.0004,-97.39,0
LeftS064835,24.1444,-14.2631,2.068e-18,1.805e-18,9.903e-19,-0.0003,-104.29,0
LeftS064836,24.1445,-14.2630,1.476e-18,2.508e-18,5.398e-18,0.0006,-98.26,0
LeftS064837,24.1751,-14.2224,1.184e-17,9.004e-18,3.951e-18,-0.0004,-97.09,1
LeftS064838,24.1726,-14.2224,2.004e-20,2.750e-20,3.711e-20,-0.0005,-97.23,0
LeftS064839,24.1723,-14.2195,1.462e-16,1.000e-16,3.336e-17,0.0009,-97.25,0
LeftS064840,24.1688,-14.2233,2.213e-18,3.843e-18,8.458e-18,0.001,-97.42,0
LeftS064842,24.1669,-14.2255,1.151e-18,1.018e-18,5.787e-19,-0.0006,-97.57,0
LeftS064843,24.1271,-14.3042,1.550e-18,1.340e-18,7.111e-19,0.0004,-100.31,0
LeftS064844,24.1625,-14.2238,7.677e-17,5.515e-17,1.964e-17,-0.0003,-97.71,0
LeftS064845,24.1319,-14.2972,4.584e-19,4.526e-19,3.188e-19,0.0004,-100.03,0
LeftS064846,24.1558,-14.2266,1.002e-18,1.403e-18,2.004e-18,-0.0006,-97.94,0
LeftS064847,24.1374,-14.2941,3.078e-19,4.928e-19,9.488e-19,-0.0013,-99.81,0
LeftS064848,24.1478,-14.2378,1.263e-20,1.654e-20,2.071e-20,0.0011,-98.3,0
LeftS064849,24.1446,-14.2393,2.506e-16,1.690e-16,5.588e-17,-0.0002,-98.43,0
LeftS064850,24.1424,-14.2409,4.998e-17,3.591e-17,1.334e-17,-0.0006,-98.48,0
LeftS064851,24.1401,-14.2417,9.213e-17,6.533e-17,2.357e-17,0.0002,-98.59,0
LeftS064852,24.1562,-14.2767,8.712e-18,6.917e-18,3.224e-18,0.0015,-99.0,0
LeftS064853,24.1318,-14.2498,5.693e-17,4.234e-17,1.689e-17,0.0003,-98.9,0
LeftS064854,24.1635,-14.2749,1.375e-16,9.678e-17,3.414e-17,0.0003,-98.87,0
LeftS064855,24.1632,-14.2712,1.883e-18,2.601e-18,3.631e-18,-0.0004,-98.77,0
LeftS064856,24.1677,-14.2698,2.818e-18,2.437e-18,1.347e-18,0.0004,-98.66,0
LeftS064857,24.1755,-14.2581,7.093e-18,5.897e-18,2.801e-18,-0.0005,-98.32,0
LeftS064858,24.1740,-14.2600,7.763e-17,5.523e-17,2.047e-17,0.0006,-98.35,0
LeftS064859,24.1085,-14.2691,4.844e-17,3.555e-17,1.365e-17,-0.0009,-99.76,0
LeftS064860,24.1056,-14.2741,1.895e-16,1.290e-16,4.215e-17,0.0006,-99.87,0
LeftS064861,24.1041,-14.2771,3.072e-20,3.893e-20,4.538e-20,-0.0005,-99.97,0
LeftS064862,24.1006,-14.2807,1.391e-17,1.119e-17,5.263e-18,-0.0005,-100.07,0
LeftS064863,24.1953,-14.2379,4.858e-14,3.605e-14,1.412e-14,0.0003,-97.59,0
LeftS064864,24.0913,-14.2899,7.256e-14,6.513e-14,3.864e-14,0.0001,-100.37,1
LeftS064865,24.0854,-14.2937,2.709e-17,2.079e-17,8.868e-18,0.0,-100.53,1
LeftS064866,24.2041,-14.2280,1.302e-20,1.688e-20,2.009e-20,0.0004,-97.32,0
LeftS064867,24.0842,-14.3014,1.483e-18,1.296e-18,7.095e-19,-0.0004,-100.7,0
LeftS064868,24.0826,-14.3027,9.584e-18,7.560e-18,3.319e-18,0.0,-100.8,1
LeftS064869,24.0748,-14.3080,7.098e-18,5.732e-18,2.753e-18,0.0015,-100.91,0
LeftS064870,24.2129,-14.2149,1.244e-19,1.329e-19,1.076e-19,-0.0,-96.95,0
LeftS064871,24.2147,-14.2113,8.634e-14,6.680e-14,2.865e-14,-0.0004,-96.87,1
LeftS064872,24.2202,-14.2058,4.051e-17,3.042e-17,1.238e-17,0.0001,-96.77,0
LeftS064873,24.2172,-14.2080,1.932e-16,1.339e-16,4.750e-17,-0.0,-96.7,0
LeftS064874,24.2164,-14.2052,2.527e-18,2.104e-18,1.078e-18,-0.0007,-96.61,0
LeftS064875,24.2252,-14.1967,4.250e-17,3.107e-17,1.209e-17,0.0005,-96.61,0
LeftS064876,24.2220,-14.1953,7.640e-16,5.093e-16,1.653e-16,0.0003,-96.56,0
LeftS064877,24.0684,-14.3297,2.292e-17,1.787e-17,7.521e-18,-0.0001,-101.43,1
LeftS064878,24.0672,-14.3332,6.657e-17,4.662e-17,1.692e-17,-0.0013,-101.44,0
LeftS064879,24.2276,-14.1859,5.660e-17,4.285e-17,1.756e-17,-0.0003,-96.49,0
LeftS064880,24.2234,-14.1884,1.859e-17,1.486e-17,6.609e-18,0.0007,-96.45,1
LeftS064881,24.0636,-14.3395,9.150e-19,8.990e-19,6.174e-19,0.0002,-101.48,0
LeftS064882,24.0675,-14.3399,5.756e-18,4.748e-18,2.342e-18,-0.0,-101.52,0
LeftS064884,24.2243,-14.1805,3.572e-18,4.783e-18,6.235e-18,-0.0002,-96.5,0
LeftS064885,24.0652,-14.3458,6.743e-17,5.039e-17,2.046e-17,0.0003,-101.44,0
LeftS064886,24.2167,-14.1819,1.933e-17,1.410e-17,5.543e-18,0.0009,-96.51,0
LeftS064887,24.0748,-14.3419,1.231e-17,9.732e-18,4.377e-18,-0.0001,-101.37,0
LeftS064888,24.0745,-14.3449,1.733e-18,1.465e-18,7.294e-19,0.0005,-101.35,0
LeftS064889,24.0775,-14.3429,9.379e-18,7.759e-18,3.799e-18,0.0005,-101.24,0
LeftS064890,24.2118,-14.1820,1.668e-18,1.501e-18,8.433e-19,-0.0005,-96.73,0
LeftS064891,24.2107,-14.1772,1.215e-16,8.504e-17,3.097e-17,-0.0002,-96.81,0
LeftS064892,24.2058,-14.1826,4.807e-17,3.519e-17,1.342e-17,-0.0001,-96.86,0
LeftS064893,24.1986,-14.1872,4.146e-17,2.977e-17,1.112e-17,-0.0,-96.98,0
LeftS064894,24.1984,-14.1878,1.549e-16,1.098e-16,3.976e-17,-0.0008,-97.05,0
LeftS064895,24.0978,-14.3340,1.976e-16,1.378e-16,4.823e-17,-0.0006,-100.79,0
LeftS064896,24.1039,-14.3319,5.999e-18,4.737e-18,2.191e-18,-0.0004,-100.66,0
LeftS064897,24.1829,-14.1945,2.043e-16,1.326e-16,4.202e-17,-0.0003,-97.31,0
LeftS064898,24.1747,-14.2024,7.391e-17,5.323e-17,1.975e-17,0.0005,-97.54,0
LeftS064899,24.1758,-14.1987,2.724e-17,2.084e-17,8.740e-18,-0.0004,-97.57,1
LeftS064900,24.1676,-14.2084,1.499e-16,1.059e-16,3.689e-17,0.0004,-97.79,0
LeftS064901,24.1255,-14.3168,4.415e-18,3.621e-18,1.718e-18,-0.0003,-100.02,0
LeftS064902,24.1284,-14.3134,3.320e-18,2.814e-18,1.416e-18,0.0003,-99.96,0
LeftS064905,24.1464,-14.2984,6.762e-17,4.778e-17,1.794e-17,0.0,-99.49,0
LeftS064906,24.1499,-14.2973,1.122e-16,8.456e-17,3.522e-17,0.0001,-99.37,0
LeftS064907,24.1300,-14.2398,5.161e-18,4.178e-18,1.934e-18,-0.0002,-98.85,0
LeftS064908,24.1631,-14.2842,1.462e-17,1.142e-17,5.075e-18,0.0002,-99.07,1
LeftS064910,24.1701,-14.2756,4.478e-18,3.811e-18,1.991e-18,-0.0003,-98.85,0
LeftS064911,24.1761,-14.2725,5.433e-18,4.446e-18,2.172e-18,-0.0005,-98.66,0
LeftS064912,24.1878,-14.2666,3.934e-14,2.791e-14,9.718e-15,0.0004,-98.5,0
LeftS064913,24.1834,-14.2638,2.515e-18,2.216e-18,1.223e-18,-0.0,-98.48,0
LeftS064914,24.0937,-14.2693,1.909e-19,2.102e-19,1.887e-19,0.0002,-99.69,0
LeftS064915,24.1919,-14.2517,1.706e-19,1.794e-19,1.417e-19,-0.0005,-98.16,0
LeftS064916,24.2009,-14.2465,7.460e-19,7.080e-19,4.463e-19,0.0001,-97.96,0
LeftS064917,24.2069,-14.2382,1.354e-17,1.054e-17,4.589e-18,0.0012,-97.84,1
LeftS064918,24.0770,-14.2911,3.436e-17,2.474e-17,9.498e-18,0.0005,-100.17,0
LeftS064919,24.2143,-14.2277,3.016e-18,2.617e-18,1.370e-18,0.0002,-97.57,0
LeftS064920,24.2171,-14.2270,1.001e-18,1.755e-18,3.870e-18,0.0006,-97.47,0
LeftS064921,24.0653,-14.3086,3.183e-17,2.361e-17,9.425e-18,-0.0004,-100.57,0
LeftS064922,24.2218,-14.2178,7.404e-19,6.886e-19,4.198e-19,-0.0,-97.26,0
LeftS064923,24.0568,-14.3178,1.774e-18,2.763e-18,4.886e-18,0.0002,-100.85,0
LeftS064924,24.0552,-14.3238,1.763e-14,1.169e-14,3.866e-15,0.0002,-100.89,0
LeftS064925,24.2406,-14.1974,8.652e-14,7.317e-14,3.937e-14,0.0001,-96.99,1
LeftS064926,24.0474,-14.3334,1.279e-17,1.064e-17,5.112e-18,0.0003,-101.1,0
LeftS064927,24.0494,-14.3340,5.450e-19,1.198e-18,4.383e-18,0.0002,-101.21,0
LeftS064928,24.2444,-14.1858,1.054e-18,9.458e-19,5.559e-19,-0.0002,-96.65,0
LeftS064929,24.0413,-14.3437,7.496e-17,5.646e-17,2.275e-17,-0.0003,-101.3,0
LeftS064930,24.2515,-14.1790,1.410e-17,1.143e-17,5.380e-18,0.0003,-96.51,0
LeftS064931,24.2500,-14.1756,2.935e-17,2.140e-17,8.444e-18,0.0009,-96.51,0
LeftS064932,24.0379,-14.3534,4.262e-17,3.086e-17,1.206e-17,-0.0005,-101.46,0
LeftS064933,24.0331,-14.3572,1.806e-19,1.913e-19,1.508e-19,0.0004,-101.46,0
LeftS064934,24.0386,-14.3601,4.512e-19,4.343e-19,3.024e-19,-0.0005,-101.53,0
LeftS064935,24.2516,-14.1619,1.277e-16,9.131e-17,3.394e-17,0.0006,-96.39,0
LeftS064936,24.2489,-14.1621,1.388e-17,1.101e-17,5.005e-18,-0.0005,-96.34,1
LeftS064937,24.2484,-14.1647,1.022e-18,1.752e-18,3.939e-18,-0.0005,-96.39,0
LeftS064938,24.2456,-14.1597,4.311e-17,3.295e-17,1.400e-17,-0.0001,-96.34,1
LeftS064939,24.2512,-14.1538,6.070e-17,4.357e-17,1.619e-17,0.0001,-96.33,0
LeftS064940,24.2478,-14.1543,4.618e-18,3.834e-18,1.911e-18,-0.0001,-96.33,0
LeftS064941,24.2419,-14.1539,2.267e-18,3.624e-18,6.867e-18,0.0007,-96.43,0
LeftS064942,24.2429,-14.1520,9.149e-19,8.562e-19,5.488e-19,-0.0003,-96.45,0
LeftS064943,24.0519,-14.3725,1.254e-17,1.002e-17,4.794e-18,-0.0001,-101.44,0
LeftS064944,24.0533,-14.3719,6.150e-18,4.991e-18,2.443e-18,-0.0007,-101.36,0
LeftS064945,24.2286,-14.1613,3.075e-17,2.345e-17,9.842e-18,0.0002,-96.61,1
LeftS064946,24.0578,-14.3758,7.144e-14,5.221e-14,2.047e-14,0.0005,-101.21,0
LeftS064947,24.2220,-14.1616,1.648e-18,1.505e-18,9.035e-19,-0.0002,-96.74,0
LeftS064948,24.2195,-14.1607,1.914e-17,1.496e-17,6.734e-18,-0.0011,-96.78,1
LeftS064949,24.2156,-14.1618,2.747e-17,2.069e-17,8.394e-18,-0.0006,-96.88,0
LeftS064950,24.2133,-14.1643,3.131e-17,2.370e-17,9.495e-18,-0.0005,-96.98,0
LeftS064951,24.2082,-14.1689,3.302e-19,3.208e-19,2.275e-19,-0.0008,-97.12,0
LeftS064952,24.2030,-14.1699,1.399e-17,1.110e-17,4.979e-18,-0.0001,-97.19,1
LeftS064953,24.1928,-14.1749,4.299e-18,3.673e-18,1.995e-18,0.0004,-97.31,0
LeftS064954,24.1019,-14.3426,3.197e-17,2.398e-17,9.580e-18,0.0005,-100.43,0
LeftS064955,24.1067,-14.3424,7.665e-18,6.322e-18,3.088e-18,0.0009,-100.34,0
LeftS064956,24.1783,-14.1902,2.636e-17,1.986e-17,8.344e-18,0.0005,-97.62,1
LeftS064957,24.1206,-14.3314,2.940e-18,2.408e-18,1.179e-18,0.0001,-100.08,0
LeftS064958,24.1257,-14.3270,5.303e-14,3.842e-14,1.461e-14,0.0,-99.96,0
LeftS064959,24.1316,-14.3217,3.368e-17,2.419e-17,9.168e-18,-0.0002,-99.88,0
LeftS064960,24.1545,-14.2049,2.030e-18,1.828e-18,1.102e-18,-0.0006,-98.19,0
LeftS064961,24.1402,-14.2187,5.306e-18,4.149e-18,1.873e-18,-0.0007,-98.44,0
LeftS064962,24.1369,-14.2196,6.278e-19,6.119e-19,4.165e-19,0.0003,-98.53,0
LeftS064963,24.1582,-14.3008,3.878e-17,2.968e-17,1.243e-17,-0.0005,-99.29,1
LeftS064964,24.1675,-14.2914,1.159e-17,8.933e-18,3.759e-18,0.0001,-99.07,1
LeftS064966,24.1083,-14.2483,4.771e-14,4.919e-14,3.768e-14,0.0002,-99.21,1
LeftS064967,24.1042,-14.2544,3.865e-17,2.829e-17,1.127e-17,0.0007,-99.27,0
LeftS064968,24.1030,-14.2527,6.556e-18,5.133e-18,2.350e-18,0.0001,-99.26,0
LeftS064969,24.0935,-14.2637,2.951e-17,2.282e-17,1.013e-17,0.0007,-99.5,1
LeftS064970,24.2064,-14.2538,1.519e-17,1.184e-17,5.243e-18,-0.0001,-98.23,1
LeftS064971,24.0770,-14.2778,9.436e-19,1.345e-18,2.074e-18,0.0003,-99.87,0
LeftS064972,24.0725,-14.2876,5.478e-17,3.961e-17,1.544e-17,0.0006,-100.01,0
LeftS064973,24.0655,-14.2934,1.210e-17,3.559e-17,2.425e-16,0.0004,-100.14,0
LeftS064974,24.2286,-14.2275,2.197e-18,3.939e-18,9.289e-18,-0.0004,-97.66,0
LeftS064975,24.0467,-14.3107,8.403e-17,5.921e-17,2.083e-17,0.0002,-100.47,0
LeftS064976,24.2340,-14.2157,4.255e-19,4.204e-19,2.968e-19,0.0011,-97.44,0
LeftS064977,24.2422,-14.2071,7.332e-17,5.383e-17,2.023e-17,0.0001,-97.31,0
LeftS064978,24.0488,-14.3210,6.011e-17,4.323e-17,1.558e-17,-0.0001,-100.72,0
LeftS064979,24.1614,-14.2247,6.332e-20,7.603e-20,7.891e-20,0.0005,-97.43,0
LeftS064980,24.1627,-14.2236,2.704e-19,2.857e-19,2.259e-19,-0.0002,-97.51,0
LeftS064982,24.1283,-14.3021,7.364e-18,6.388e-18,3.501e-18,0.0003,-100.32,0
LeftS064984,24.1336,-14.2907,5.729e-19,5.293e-19,3.257e-19,0.0,-99.94,0
LeftS064985,24.1559,-14.2337,4.541e-20,5.199e-20,4.936e-20,0.0004,-97.96,0
LeftS064987,24.1530,-14.2387,1.246e-18,2.161e-18,4.901e-18,-0.0005,-98.15,0
LeftS064988,24.1487,-14.2394,1.303e-17,1.052e-17,5.022e-18,-0.0005,-98.28,0
LeftS064990,24.1456,-14.2352,1.125e-19,1.265e-19,1.205e-19,0.0005,-98.32,0
LeftS064991,24.1450,-14.2438,7.357e-18,6.045e-18,2.857e-18,-0.0003,-98.56,0
LeftS064992,24.1386,-14.2424,1.486e-16,1.057e-16,3.874e-17,-0.0006,-98.58,0
LeftS064994,24.1355,-14.2468,6.433e-14,4.677e-14,1.762e-14,0.0002,-98.77,0
LeftS064995,24.1546,-14.2818,1.317e-18,2.086e-18,3.778e-18,0.0001,-99.17,0
LeftS064996,24.1622,-14.2721,5.958e-20,7.024e-20,6.964e-20,0.0003,-98.8,0
LeftS064998,24.1616,-14.2780,7.189e-18,5.882e-18,2.788e-18,0.0014,-98.95,0
LeftS064999,24.1222,-14.2579,2.636e-18,2.184e-18,1.089e-18,-0.0001,-99.22,0
LeftS065000,24.1205,-14.2624,7.304e-18,5.952e-18,2.853e-18,-0.0005,-99.41,0
LeftS065001,24.1146,-14.2610,3.025e-17,2.338e-17,1.024e-17,-0.0,-99.42,1
LeftS065002,24.1720,-14.2618,1.770e-15,3.339e-15,8.828e-15,0.001,-98.46,0
LeftS065003,24.1795,-14.2603,7.211e-19,6.758e-19,4.175e-19,-0.0003,-98.25,0
LeftS065004,24.1066,-14.2702,3.753e-18,3.012e-18,1.445e-18,0.0007,-99.81,0
LeftS065005,24.1856,-14.2507,1.903e-19,2.117e-19,1.928e-19,-0.0,-97.98,0
LeftS065006,24.1062,-14.2757,1.696e-18,1.598e-18,9.856e-19,-0.0,-99.93,0
LeftS065007,24.0960,-14.2788,2.757e-18,6.079e-18,2.228e-17,0.0004,-100.11,0
LeftS065008,24.0949,-14.2875,2.104e-20,2.610e-20,3.001e-20,0.0005,-100.22,0
LeftS065009,24.1969,-14.2447,4.870e-17,3.637e-17,1.420e-17,0.0012,-97.76,0
LeftS065010,24.0951,-14.2874,2.001e-18,3.713e-18,9.647e-18,0.0001,-100.27,0
LeftS065011,24.1900,-14.2364,2.893e-18,6.684e-18,2.659e-17,-0.0003,-97.59,0
LeftS065012,24.0854,-14.2951,6.695e-18,1.660e-17,7.918e-17,-0.0003,-100.54,0
LeftS065013,24.0892,-14.2937,1.156e-18,1.057e-18,6.391e-19,-0.0009,-100.56,0
LeftS065015,24.0885,-14.2948,4.109e-18,3.406e-18,1.699e-18,0.0007,-100.8,0
LeftS065016,24.2033,-14.2244,4.290e-19,4.149e-19,2.886e-19,0.0003,-97.17,0
LeftS065019,24.0832,-14.3063,1.824e-18,1.602e-18,9.019e-19,-0.0004,-101.04,0
LeftS065020,24.2159,-14.2067,1.655e-18,3.555e-18,1.312e-17,0.0005,-96.87,0
LeftS065021,24.2250,-14.2061,2.644e-20,3.224e-20,3.576e-20,-0.0003,-96.83,0
LeftS065022,24.2086,-14.2112,1.278e-19,1.382e-19,1.157e-19,0.0002,-96.74,0
LeftS065026,24.0736,-14.3271,4.395e-20,5.020e-20,4.772e-20,-0.0001,-101.32,0
LeftS065028,24.0604,-14.3331,7.335e-18,6.033e-18,2.864e-18,-0.0005,-101.38,0
LeftS065029,24.2260,-14.1886,4.235e-18,6.760e-18,1.306e-17,0.0007,-96.5,0
LeftS065030,24.0543,-14.3466,4.365e-20,5.233e-20,5.505e-20,0.0003,-101.53,0
LeftS065031,24.2190,-14.1952,9.835e-19,1.803e-18,4.446e-18,-0.0001,-96.46,0
LeftS065033,24.2267,-14.1871,3.528e-18,3.049e-18,1.674e-18,0.0005,-96.45,0
LeftS065034,24.2171,-14.1875,1.308e-19,1.415e-19,1.244e-19,-0.0002,-96.47,0
LeftS065035,24.0600,-14.3428,4.572e-20,5.486e-20,5.612e-20,0.0003,-101.51,0
LeftS065037,24.2206,-14.1878,3.871e-14,3.423e-14,1.924e-14,-0.0004,-96.48,1
LeftS065038,24.0689,-14.3415,1.321e-18,1.194e-18,7.084e-19,0.0008,-101.46,0
LeftS065039,24.2138,-14.1862,9.046e-19,1.651e-18,4.108e-18,-0.0002,-96.58,0
LeftS065040,24.2176,-14.1828,8.181e-20,8.843e-20,7.524e-20,0.0,-96.5,0
LeftS065041,24.2159,-14.1774,3.414e-19,3.557e-19,2.819e-19,0.0002,-96.59,0
LeftS065042,24.0829,-14.3381,2.271e-18,4.009e-18,9.490e-18,-0.0005,-101.27,0
LeftS065045,24.2082,-14.1794,6.935e-19,6.100e-19,3.375e-19,0.0008,-96.77,0
LeftS065046,24.2054,-14.1875,9.178e-19,1.763e-18,4.881e-18,0.0002,-96.76,0
LeftS065047,24.2051,-14.1792,5.455e-19,5.071e-19,3.332e-19,0.0002,-96.88,0
LeftS065048,24.2066,-14.1864,2.945e-14,2.443e-14,1.217e-14,-0.0001,-96.95,1
LeftS065049,24.0878,-14.3420,6.228e-19,1.184e-18,3.217e-18,0.0005,-101.0,0
LeftS065050,24.2003,-14.1811,4.609e-18,3.948e-18,2.013e-18,-0.0006,-97.04,0
LeftS065051,24.0970,-14.3338,2.368e-17,1.842e-17,8.092e-18,0.0008,-100.83,1
LeftS065052,24.1034,-14.3325,6.025e-19,1.267e-18,4.381e-18,-0.0005,-100.78,0
LeftS065054,24.1117,-14.3261,2.484e-18,2.094e-18,1.099e-18,0.0,-100.56,0
LeftS065055,24.1786,-14.1998,5.487e-18,4.708e-18,2.469e-18,-0.0011,-97.49,0
LeftS065058,24.1709,-14.2146,7.894e-14,5.711e-14,2.129e-14,-0.0,-97.68,0
LeftS065060,24.1235,-14.3125,6.322e-14,5.050e-14,2.246e-14,0.0,-100.03,1
LeftS065061,24.1611,-14.2183,1.356e-19,1.427e-19,1.154e-19,-0.0001,-98.0,0
LeftS065062,24.1522,-14.2167,9.733e-18,7.904e-18,3.761e-18,-0.0004,-98.19,0
LeftS065063,24.1481,-14.2262,1.209e-18,1.091e-18,6.297e-19,-0.0001,-98.31,0
LeftS065064,24.1481,-14.2236,1.102e-17,8.560e-18,3.783e-18,-0.0,-98.31,1
LeftS065065,24.1396,-14.2281,3.126e-17,2.407e-17,1.011e-17,-0.0001,-98.4,1
LeftS065068,24.1315,-14.2318,1.105e-18,1.919e-18,4.468e-18,0.0005,-98.64,0
LeftS065071,24.1744,-14.2712,9.447e-18,7.425e-18,3.325e-18,0.0006,-98.69,1
LeftS065073,24.1185,-14.2529,1.178e-18,2.637e-18,1.003e-17,0.0004,-99.18,0
LeftS065075,24.1735,-14.2754,2.790e-18,2.451e-18,1.325e-18,-0.0001,-98.79,0
LeftS065077,24.1889,-14.2626,6.601e-18,5.348e-18,2.482e-18,-0.0004,-98.32,0
LeftS065078,24.0828,-14.2775,6.943e-19,6.830e-19,4.817e-19,-0.0007,-99.9,0
LeftS065079,24.1934,-14.2505,5.604e-20,6.414e-20,6.016e-20,-0.0009,-98.12,0
LeftS065080,24.2034,-14.2496,1.471e-19,1.579e-19,1.311e-19,-0.0004,-98.03,0
LeftS065081,24.2179,-14.2286,4.023e-19,3.924e-19,2.701e-19,-0.0001,-97.67,0
LeftS065083,24.2011,-14.2371,1.057e-20,1.461e-20,2.028e-20,0.0,-97.7,0
LeftS065084,24.2154,-14.2250,1.380e-20,1.762e-20,2.117e-20,0.0007,-97.57,0
LeftS065085,24.2310,-14.2204,5.287e-17,3.798e-17,1.421e-17,0.0006,-97.41,0
LeftS065088,24.0658,-14.3131,1.109e-18,1.048e-18,6.722e-19,0.0008,-100.67,0
LeftS065089,24.2236,-14.2124,2.863e-17,2.199e-17,9.141e-18,-0.0007,-97.12,1
LeftS065090,24.2182,-14.2127,1.092e-14,7.303e-15,2.396e-15,0.0008,-97.04,0
LeftS065091,24.0585,-14.3220,9.395e-20,1.013e-19,8.736e-20,0.0,-100.89,0
LeftS065094,24.0455,-14.3398,6.336e-20,7.137e-20,6.642e-20,-0.0,-101.17,0
LeftS065096,24.2435,-14.1837,1.506e-18,1.329e-18,7.555e-19,0.0,-96.63,0
LeftS065098,24.2429,-14.1845,4.408e-17,3.226e-17,1.282e-17,-0.0003,-96.58,0
LeftS065099,24.0386,-14.3467,2.597e-14,1.785e-14,6.248e-15,-0.0006,-101.42,0
LeftS065100,24.0344,-14.3546,1.665e-19,1.859e-19,1.659e-19,-0.0,-101.42,0
LeftS065101,24.0387,-14.3581,3.749e-17,2.750e-17,1.086e-17,0.0008,-101.44,0
LeftS065102,24.2540,-14.1701,7.804e-20,8.641e-20,7.758e-20,-0.0001,-96.45,0
LeftS065104,24.0401,-14.3596,2.017e-18,3.643e-18,8.970e-18,0.0004,-101.53,0
LeftS065105,24.2485,-14.1644,1.232e-18,1.117e-18,6.430e-19,0.0003,-96.42,0
LeftS065106,24.2444,-14.1673,9.475e-19,8.929e-19,5.575e-19,0.0006,-96.35,0
LeftS065108,24.2485,-14.1649,1.325e-17,1.050e-17,4.822e-18,-0.0008,-96.35,1
LeftS065109,24.0438,-14.3643,6.588e-18,5.237e-18,2.421e-18,-0.0005,-101.56,0
LeftS065110,24.2542,-14.1521,5.837e-19,5.671e-19,3.693e-19,-0.0004,-96.3,0
LeftS065112,24.2400,-14.1704,5.391e-17,3.806e-17,1.386e-17,0.0005,-96.38,0
LeftS065113,24.0494,-14.3653,1.397e-17,1.046e-17,4.301e-18,-0.0008,-101.53,0
LeftS065118,24.2223,-14.1637,1.283e-19,1.391e-19,1.199e-19,0.0011,-96.73,0
LeftS065121,24.2137,-14.1665,1.589e-18,1.455e-18,8.424e-19,-0.0002,-96.76,0
LeftS065122,24.2121,-14.1688,9.064e-18,7.404e-18,3.637e-18,-0.0002,-96.8,0
LeftS065124,24.2064,-14.1731,1.540e-18,1.365e-18,7.831e-19,0.0011,-96.99,0
LeftS065126,24.0875,-14.3520,4.931e-18,1.174e-17,5.111e-17,-0.0007,-100.82,0
LeftS065127,24.1922,-14.1875,6.687e-19,6.619e-19,4.786e-19,0.0004,-97.21,0
LeftS065129,24.1945,-14.1792,3.129e-20,4.019e-20,4.829e-20,-0.0,-97.36,0
LeftS065134,24.1678,-14.2036,1.406e-18,2.139e-18,3.579e-18,-0.0003,-97.87,0
LeftS065137,24.1576,-14.2054,2.356e-18,2.070e-18,1.144e-18,0.0007,-98.12,0
LeftS065139,24.1432,-14.3108,8.499e-19,8.107e-19,5.449e-19,-0.0003,-99.58,0
LeftS065140,24.1385,-14.2183,2.143e-18,1.846e-18,1.022e-18,-0.0001,-98.44,0
LeftS065141,24.1572,-14.3056,3.982e-18,3.420e-18,1.810e-18,-0.0004,-99.39,0
LeftS065143,24.1628,-14.2966,1.657e-18,3.042e-18,7.609e-18,0.0001,-99.19,0
LeftS065147,24.1943,-14.2706,5.664e-19,5.799e-19,4.253e-19,-0.0003,-98.58,0
LeftS065149,24.0946,-14.2625,3.049e-17,9.382e-17,7.050e-16,-0.0003,-99.51,0
LeftS065150,24.1789,-14.2731,1.184e-18,1.065e-18,6.185e-19,-0.0,-98.66,0
LeftS065151,24.0843,-14.2725,4.275e-19,4.130e-19,2.800e-19,0.0004,-99.77,0
LeftS065152,24.2066,-14.2537,5.968e-18,5.057e-18,2.515e-18,-0.0006,-98.25,0
LeftS065153,24.0793,-14.2755,6.682e-14,5.801e-14,3.181e-14,-0.0,-99.81,1
LeftS065154,24.2064,-14.2450,6.114e-17,4.383e-17,1.651e-17,0.0007,-97.98,0
LeftS065155,24.0732,-14.2837,1.600e-18,1.431e-18,8.161e-19,0.0006,-99.99,0
LeftS065156,24.0569,-14.3015,3.884e-14,3.581e-14,2.127e-14,0.0006,-100.24,1
LeftS065157,24.2188,-14.2376,5.404e-18,4.454e-18,2.117e-18,0.0003,-97.73,0
LeftS065158,24.2274,-14.2228,1.210e-19,1.356e-19,1.193e-19,0.0002,-97.59,0
LeftS065160,24.2507,-14.2040,4.119e-19,6.589e-19,1.263e-18,0.0001,-97.36,0
LeftS065161,24.0440,-14.3173,6.007e-20,6.968e-20,6.550e-20,-0.0006,-100.64,0
LeftS065162,24.2385,-14.2081,1.137e-17,9.322e-18,4.577e-18,-0.001,-97.23,0
LeftS065164,24.0405,-14.3321,3.080e-19,3.102e-19,2.217e-19,-0.0011,-100.9,0
LeftS065165,24.0384,-14.3317,1.577e-20,2.158e-20,3.010e-20,0.0005,-100.95,0
LeftS065166,24.2550,-14.1905,2.701e-19,2.810e-19,2.221e-19,0.0009,-96.93,0
LeftS065167,24.2542,-14.1868,2.246e-18,1.981e-18,1.110e-18,-0.0008,-96.87,0
LeftS065173,24.1005,-14.1005,5.095e-20,5.889e-20,5.947e-20,0.0,-98.25,0
LeftS065176,24.0742,-14.0688,1.180e-20,1.551e-20,1.870e-20,-0.0,-100.12,0
LeftS065179,24.1023,-14.1138,6.040e-20,7.037e-20,7.084e-20,-0.0003,-98.11,0
LeftS065180,24.1732,-14.1385,3.497e-14,2.760e-14,1.230e-14,0.0002,-98.57,1
LeftS065181,24.0909,-14.0771,1.163e-18,2.264e-18,6.692e-18,-0.0006,-99.85,0
LeftS065186,24.0588,-14.0143,2.367e-14,2.653e-14,2.391e-14,-0.0007,-101.78,0
LeftS065190,24.0930,-14.0895,7.428e-20,8.613e-20,8.185e-20,-0.0009,-98.68,0
LeftS065191,24.0857,-14.0639,1.569e-20,2.109e-20,2.674e-20,-0.0002,-101.07,0
LeftS065198,24.0736,-14.0387,1.602e-20,2.061e-20,2.425e-20,-0.0002,-101.56,0
LeftS065199,24.0843,-14.0691,5.722e-20,6.256e-20,5.470e-20,0.0,-100.49,0
LeftS065203,24.1034,-14.0991,2.009e-20,2.571e-20,3.056e-20,-0.0009,-98.39,0
LeftS065213,24.1014,-14.0730,1.545e-20,1.964e-20,2.357e-20,0.0011,-100.17,0
LeftS065215,23.9886,-13.8695,2.543e-18,2.258e-18,1.284e-18,-0.0001,-102.3,0
LeftS065216,24.0732,-14.0450,5.056e-19,5.084e-19,3.655e-19,0.0003,-101.52,0
LeftS065218,24.0845,-14.0885,2.714e-20,3.158e-20,3.163e-20,0.0002,-99.49,0
LeftS065219,24.1288,-14.1369,5.692e-20,6.482e-20,6.232e-20,-0.0004,-97.69,0
LeftS065220,24.0854,-14.0760,3.427e-20,4.468e-20,5.468e-20,-0.0006,-100.04,0
LeftS065229,24.0921,-14.0420,1.355e-20,1.679e-20,1.858e-20,-0.0006,-101.14,0
LeftS065230,24.0799,-14.0409,4.303e-20,5.414e-20,6.092e-20,0.0004,-101.73,0
LeftS065231,24.1101,-14.0944,3.126e-19,3.165e-19,2.360e-19,0.0007,-98.33,0
LeftS065235,24.1126,-14.0970,3.457e-19,6.649e-19,1.892e-18,0.0,-98.93,0
LeftS065237,24.0939,-14.0537,7.331e-19,1.272e-18,2.852e-18,0.0004,-100.85,0
LeftS065238,24.1317,-14.0478,2.234e-19,2.297e-19,1.731e-19,-0.0006,-100.09,0
LeftS065239,24.0941,-14.0595,1.620e-20,2.202e-20,3.043e-20,0.0001,-100.74,0
LeftS065240,24.1348,-14.1313,1.053e-19,1.145e-19,9.904e-20,-0.0001,-97.56,0
LeftS065242,24.0925,-14.0552,1.345e-20,1.686e-20,2.011e-20,0.0003,-101.29,0
LeftS065245,24.0968,-14.0683,1.709e-19,1.771e-19,1.322e-19,0.0011,-100.34,0
LeftS065250,24.0852,-14.0541,5.402e-20,6.117e-20,5.907e-20,-0.0004,-101.22,0
LeftS065251,24.0550,-13.9716,1.402e-18,2.283e-18,4.502e-18,-0.0004,-102.22,0
LeftS065263,24.0665,-14.0322,1.925e-20,2.496e-20,3.013e-20,-0.0002,-101.8,0
LeftS065268,24.1473,-14.2143,1.395e-18,2.355e-18,5.228e-18,0.0001,-97.3,0
LeftS065271,24.0982,-14.0834,1.329e-14,8.791e-15,2.893e-15,-0.0002,-98.93,0
LeftS065272,24.1166,-14.1236,1.403e-19,1.547e-19,1.319e-19,0.0005,-97.8,0
LeftS065280,24.0960,-14.0773,1.149e-20,1.488e-20,1.806e-20,0.0004,-99.14,0
LeftS065281,24.0707,-14.0203,2.526e-20,3.028e-20,3.312e-20,0.0002,-102.02,0
LeftS065285,24.0951,-14.0611,3.506e-19,6.263e-19,1.523e-18,-0.0001,-101.2,0
LeftS065293,24.0971,-14.0787,3.082e-18,2.563e-18,1.292e-18,-0.0001,-98.56,0
LeftS065301,24.1345,-14.1826,6.769e-20,7.363e-20,6.482e-20,0.0008,-97.35,0
LeftS065302,24.1167,-14.0891,2.931e-19,2.867e-19,1.982e-19,0.0003,-99.21,0
LeftS065304,24.1030,-14.0941,2.592e-20,3.244e-20,3.785e-20,-0.0002,-98.37,0
LeftS065307,24.1172,-14.1217,3.752e-20,4.703e-20,5.469e-20,-0.0002,-97.84,0
LeftS065308,24.0633,-14.0368,9.666e-20,1.098e-19,1.032e-19,0.0003,-101.58,0
LeftS065314,24.1141,-14.1841,2.878e-20,3.666e-20,4.377e-20,0.0002,-97.98,0
LeftS065315,24.1396,-14.1284,2.731e-20,3.287e-20,3.384e-20,0.0004,-98.12,0
LeftS065316,24.0974,-14.0736,2.077e-19,2.161e-19,1.662e-19,0.0001,-100.21,0
LeftS065321,24.0949,-14.0670,1.695e-20,2.167e-20,2.629e-20,0.0003,-100.45,0
LeftS065326,24.1039,-14.0742,4.586e-20,5.556e-20,5.896e-20,0.0007,-99.68,0
LeftS065327,24.0953,-14.0726,8.086e-20,9.261e-20,9.093e-20,-0.0017,-100.96,0
LeftS065328,24.0455,-14.0234,3.516e-20,4.078e-20,3.942e-20,0.0006,-101.44,0
LeftS065329,24.0906,-14.0265,1.613e-20,2.074e-20,2.515e-20,0.0003,-101.68,0
LeftS065332,24.0472,-13.9888,3.392e-20,4.036e-20,4.301e-20,-0.0,-102.15,0
LeftS065333,24.0762,-14.0625,4.907e-19,4.507e-19,2.819e-19,0.0006,-100.84,0
LeftS065335,24.1349,-14.1816,2.036e-20,2.665e-20,3.338e-20,-0.0005,-97.47,0
LeftS065341,24.0926,-14.0937,5.110e-20,5.936e-20,5.953e-20,0.0001,-98.85,0
LeftS065345,24.1317,-14.0641,6.147e-20,7.007e-20,6.796e-20,0.0007,-99.86,0
LeftS065361,24.0913,-14.0544,3.639e-20,4.372e-20,4.675e-20,0.0005,-101.32,0
LeftS065362,24.0934,-14.0727,1.070e-20,1.553e-20,2.381e-20,-0.0002,-100.14,0
LeftS065364,24.1267,-14.1923,2.359e-20,2.811e-20,2.943e-20,-0.0003,-97.53,0
LeftS065368,24.0842,-14.0357,4.776e-19,4.604e-19,3.059e-19,-0.001,-101.69,0
LeftS065380,24.0899,-14.0663,1.483e-20,1.864e-20,2.233e-20,0.001,-100.68,0
LeftS065381,24.1458,-14.1588,5.164e-19,5.345e-19,4.024e-19,-0.0005,-97.63,0
LeftS065382,24.0885,-14.0970,6.964e-14,6.562e-14,4.248e-14,-0.0002,-99.16,1
LeftS065383,24.0877,-14.0532,1.877e-17,5.339e-17,3.368e-16,0.0001,-101.26,0
LeftS065389,24.1296,-14.0800,4.599e-20,5.349e-20,5.209e-20,0.0,-99.5,0
LeftS065391,24.1089,-14.0947,2.055e-20,2.651e-20,3.150e-20,0.0001,-98.4,0
LeftS065393,24.0893,-14.0211,5.054e-14,3.778e-14,1.529e-14,-0.0004,-101.43,0
LeftS065394,24.0898,-14.0778,4.694e-19,4.663e-19,3.202e-19,0.0003,-99.8,0
LeftS065396,24.1346,-14.1105,4.926e-14,3.471e-14,1.231e-14,-0.0001,-98.85,0
LeftS065406,24.1044,-14.0758,8.260e-19,1.469e-18,3.437e-18,0.0003,-99.73,0
LeftS065407,24.0907,-14.0725,4.912e-18,4.103e-18,2.007e-18,0.0002,-101.01,0
LeftS065412,24.0978,-14.0989,9.006e-19,8.042e-19,4.604e-19,-0.0004,-98.63,0
LeftS065413,24.1101,-14.0341,5.346e-14,3.801e-14,1.448e-14,-0.0001,-101.48,0
LeftS065414,24.0783,-14.0516,2.545e-19,2.528e-19,1.760e-19,-0.0004,-101.38,0
LeftS065416,24.1063,-14.0802,2.256e-19,2.340e-19,1.888e-19,-0.0004,-99.32,0
LeftS065417,24.0936,-14.0832,2.033e-18,1.690e-18,8.651e-19,0.0002,-98.96,0
LeftS065419,24.0927,-14.1232,6.055e-19,5.579e-19,3.485e-19,-0.0001,-97.72,0
LeftS065420,24.0916,-14.0591,1.613e-18,1.461e-18,8.448e-19,0.0,-101.09,0
LeftS065421,24.0773,-14.0621,7.588e-19,6.878e-19,4.029e-19,-0.0002,-100.88,0
LeftS065422,24.1008,-14.1113,4.550e-18,8.879e-18,2.534e-17,-0.0004,-97.92,0
LeftS065425,24.0693,-14.0786,2.896e-18,2.387e-18,1.171e-18,0.0008,-101.38,0
LeftS065426,24.0301,-14.0576,2.643e-18,2.331e-18,1.254e-18,0.0002,-101.74,0
LeftS065427,24.1106,-14.0931,5.166e-19,4.986e-19,3.397e-19,0.0005,-98.33,0
LeftS065428,24.1009,-14.1082,1.204e-18,2.401e-18,7.177e-18,-0.0004,-98.2,0
LeftS065429,24.1137,-14.0576,4.373e-19,4.433e-19,3.236e-19,0.0004,-101.26,0
LeftS065431,24.1183,-14.0739,1.489e-19,1.531e-19,1.232e-19,-0.0009,-99.6,0
LeftS065433,24.0886,-14.0781,9.822e-19,8.813e-19,5.212e-19,0.0005,-99.04,0
LeftS065434,24.1198,-14.0249,9.644e-19,1.440e-18,2.452e-18,0.0007,-101.91,0
LeftS065435,24.0931,-14.0894,1.986e-18,1.730e-18,9.209e-19,0.0005,-99.15,0
LeftS065438,24.1084,-14.0554,3.451e-18,2.794e-18,1.318e-18,-0.0005,-100.99,0
LeftS065449,24.1223,-14.0893,1.245e-19,1.358e-19,1.124e-19,-0.0002,-98.11,0
LeftS065451,24.0803,-14.0792,2.069e-18,1.823e-18,1.043e-18,-0.0,-99.86,0
LeftS065453,24.0860,-14.0493,3.093e-19,3.038e-19,2.180e-19,0.0009,-101.38,0
LeftS065456,24.1289,-14.1050,1.832e-18,1.597e-18,8.934e-19,0.0001,-97.95,0
LeftS065457,24.0971,-14.0523,5.858e-15,3.797e-15,1.176e-15,-0.0008,-101.32,0
LeftS065460,24.0849,-14.0684,6.515e-19,6.083e-19,3.912e-19,0.0001,-101.12,0
LeftS065461,24.1253,-14.0474,2.930e-19,3.028e-19,2.361e-19,-0.0003,-101.03,0
LeftS065462,24.1378,-14.0724,1.792e-18,1.547e-18,8.298e-19,0.0004,-97.78,0
LeftS065463,24.1186,-14.0854,2.123e-19,2.212e-19,1.726e-19,-0.0011,-98.24,0
LeftS065464,24.1057,-14.1044,1.078e-18,9.249e-19,4.990e-19,0.001,-98.05,0
LeftS065465,24.1092,-14.0655,7.435e-19,7.069e-19,4.474e-19,-0.0003,-100.4,0
LeftS065471,24.0784,-14.0478,3.780e-14,3.705e-14,2.504e-14,-0.001,-101.33,1
LeftS065472,24.1046,-14.0927,3.654e-19,3.624e-19,2.593e-19,0.0004,-98.52,0
LeftS065473,24.0881,-14.0591,6.609e-19,6.154e-19,3.915e-19,-0.0001,-101.01,0
LeftS065475,24.0931,-14.0813,7.981e-15,5.269e-15,1.697e-15,0.0002,-99.31,0
LeftS065476,24.1311,-14.0992,1.661e-18,1.395e-18,7.105e-19,0.0003,-97.93,0
LeftS065478,24.1359,-14.0327,3.353e-19,3.319e-19,2.395e-19,0.0014,-101.32,0
LeftS065479,24.1130,-14.0906,1.073e-19,1.232e-19,1.211e-19,-0.0009,-98.43,0
LeftS065480,24.0987,-14.1061,2.634e-19,2.822e-19,2.311e-19,0.0001,-98.12,0
LeftS065481,24.0994,-14.0583,5.498e-18,4.546e-18,2.200e-18,-0.0002,-101.19,0
LeftS065482,24.1131,-14.0950,5.125e-19,1.140e-18,4.152e-18,0.0002,-98.26,0
LeftS065483,24.0977,-14.0889,1.677e-18,1.467e-18,7.884e-19,-0.0007,-98.53,0
LeftS065484,24.1367,-14.0500,1.763e-18,2.824e-18,5.535e-18,0.0003,-101.69,0
LeftS065485,24.0755,-14.0729,1.282e-20,1.660e-20,2.016e-20,0.0003,-100.85,0
LeftS065486,24.0534,-14.0868,9.191e-19,8.872e-19,6.089e-19,0.0002,-99.89,0
LeftS065489,24.0982,-14.1006,1.153e-17,9.044e-18,4.061e-18,0.0013,-98.25,0
LeftS065490,24.0890,-14.1089,1.403e-20,1.771e-20,2.001e-20,-0.0014,-98.14,0
LeftS065491,24.0901,-14.1065,1.552e-18,2.392e-18,4.270e-18,-0.0002,-98.19,0
LeftS065492,24.0803,-14.0678,1.790e-19,1.867e-19,1.456e-19,-0.0004,-100.9,0
LeftS065493,24.0888,-14.1026,1.161e-18,2.141e-18,5.443e-18,0.0005,-98.82,0
LeftS065494,24.1144,-14.0703,7.627e-14,5.792e-14,2.481e-14,0.0001,-99.92,1
LeftS065495,24.1174,-14.0967,1.300e-18,2.569e-18,7.657e-18,-0.0002,-98.5,0
LeftS065497,24.1167,-14.1147,5.749e-20,6.838e-20,6.978e-20,-0.0009,-98.0,0
LeftS065501,24.0995,-14.0690,9.911e-20,1.079e-19,9.080e-20,-0.0003,-100.16,0
LeftS065503,24.0927,-14.0718,8.938e-18,7.568e-18,3.883e-18,-0.0002,-100.1,0
LeftS065504,24.1041,-14.0463,2.441e-19,2.521e-19,1.901e-19,0.0009,-101.32,0
LeftS065506,24.0915,-14.0419,9.093e-14,7.173e-14,3.290e-14,0.0002,-101.66,1
LeftS065509,24.0899,-14.0896,3.125e-20,3.702e-20,3.812e-20,0.0004,-98.43,0
LeftS065511,24.1039,-14.0341,3.195e-19,3.044e-19,2.042e-19,0.0005,-101.5,0
LeftS065512,24.0984,-14.0904,8.314e-19,7.838e-19,5.120e-19,0.0001,-98.58,0
LeftS065513,24.0959,-14.0575,1.799e-18,1.534e-18,7.920e-19,-0.0001,-101.15,0
LeftS065515,24.1048,-14.0480,1.878e-18,4.002e-18,1.390e-17,0.0004,-101.58,0
LeftS065516,24.1066,-14.0913,9.106e-18,7.295e-18,3.303e-18,-0.0013,-98.74,1
LeftS065517,24.1029,-14.1114,1.777e-19,1.967e-19,1.695e-19,0.0006,-97.95,0
LeftS065519,24.1179,-14.1094,1.240e-18,1.127e-18,6.683e-19,0.0005,-98.03,0
LeftS065521,24.0504,-14.0557,1.661e-18,1.460e-18,8.227e-19,0.0,-101.75,0
LeftS065524,24.1076,-14.0783,7.357e-19,7.332e-19,5.346e-19,-0.0005,-99.47,0
LeftS065527,24.0685,-14.0387,6.667e-18,1.245e-17,3.217e-17,0.0004,-101.56,0
LeftS065528,24.1005,-14.0720,9.269e-20,1.020e-19,8.854e-20,0.0003,-100.02,0
LeftS065529,24.1372,-14.0687,1.583e-19,1.680e-19,1.380e-19,0.0006,-99.39,0
LeftS065530,24.1097,-14.0605,1.131e-19,1.228e-19,1.036e-19,0.0004,-100.68,0
LeftS065531,24.1231,-14.1038,2.668e-20,3.244e-20,3.408e-20,0.0001,-98.04,0
LeftS065532,24.0840,-14.0549,2.692e-18,2.285e-18,1.203e-18,-0.0006,-101.29,0
LeftS065534,24.0498,-14.0525,1.353e-14,9.094e-15,2.951e-15,0.0005,-101.07,0
LeftS065535,24.0706,-14.0783,5.673e-20,6.691e-20,6.771e-20,-0.0002,-100.44,0
LeftS065537,24.0550,-14.0560,4.573e-19,4.396e-19,2.821e-19,-0.0005,-101.53,0
LeftS065538,24.1148,-14.0897,2.323e-18,4.813e-18,1.571e-17,-0.001,-98.47,0
LeftS065539,24.1295,-14.1108,2.997e-20,3.524e-20,3.574e-20,-0.0011,-97.91,0
LeftS065540,24.0785,-14.0789,4.474e-20,5.431e-20,5.745e-20,0.0,-99.98,0
LeftS065541,24.1182,-14.0675,2.568e-18,2.307e-18,1.295e-18,0.0007,-100.22,0
LeftS065545,24.1211,-14.0751,4.690e-18,3.818e-18,1.797e-18,0.0001,-98.85,0
LeftS065548,24.1169,-14.0801,5.897e-20,6.989e-20,6.787e-20,0.0003,-99.17,0
LeftS065549,24.0875,-14.0530,8.125e-20,8.881e-20,7.718e-20,-0.0008,-101.33,0
LeftS065550,24.0861,-14.0709,2.397e-18,2.033e-18,1.081e-18,0.0001,-100.29,0
LeftS065552,24.0825,-14.0706,3.557e-20,4.275e-20,4.531e-20,-0.0003,-100.35,0
LeftS065553,24.1030,-14.0970,1.863e-18,4.333e-18,1.818e-17,0.0006,-98.5,0
LeftS065556,24.0908,-14.0779,3.031e-20,3.748e-20,4.199e-20,-0.0004,-99.8,0
LeftS065557,24.0874,-14.0645,4.158e-18,3.602e-18,1.930e-18,0.0,-100.65,0
LeftS065558,24.0928,-14.0801,8.124e-19,1.461e-18,3.589e-18,-0.0003,-99.65,0
LeftS065559,24.0983,-14.0716,6.827e-19,6.758e-19,4.659e-19,-0.0001,-100.05,0
LeftS065560,24.0932,-14.0737,4.083e-20,4.870e-20,5.075e-20,-0.0001,-99.99,0
LeftS065561,24.1011,-14.0769,3.201e-19,3.127e-19,2.193e-19,0.0001,-99.63,0
LeftS065565,24.1033,-14.0795,1.450e-18,1.305e-18,7.683e-19,-0.0004,-99.52,0
LeftS065566,24.1010,-14.0766,8.132e-19,1.240e-18,2.097e-18,-0.0001,-99.64,0
LeftS065567,24.0887,-14.0755,2.701e-18,2.299e-18,1.162e-18,0.0004,-99.93,0
LeftS065571,24.1050,-14.0654,2.443e-18,5.542e-18,2.175e-17,0.0002,-100.28,0
LeftS065572,24.0859,-14.0735,8.936e-19,1.499e-18,3.074e-18,0.0001,-100.14,0
LeftS065573,24.1067,-14.0714,8.040e-19,7.285e-19,4.414e-19,0.0004,-99.94,0
LeftS065577,24.1062,-14.0783,1.999e-18,3.353e-18,6.971e-18,0.0001,-99.5,0
LeftS065578,24.0840,-14.0779,2.709e-19,2.651e-19,1.864e-19,0.0001,-99.86,0
LeftS065579,24.0963,-14.0752,1.943e-18,4.173e-18,1.485e-17,-0.0005,-99.89,0
LeftS065580,24.0851,-14.0695,1.636e-20,2.251e-20,3.141e-20,0.0006,-100.45,0
LeftS065581,24.1089,-14.0691,1.351e-17,1.096e-17,5.274e-18,-0.0002,-100.04,0
LeftS065582,24.1027,-14.0740,1.538e-18,2.878e-18,7.861e-18,0.0004,-99.83,0
LeftS065583,24.0979,-14.0828,5.427e-19,5.178e-19,3.453e-19,-0.0001,-99.4,0
LeftS065585,24.1085,-14.0821,1.107e-17,8.531e-18,3.557e-18,0.0005,-99.13,0
LeftS065586,24.1014,-14.0724,2.013e-20,2.669e-20,3.408e-20,0.0003,-99.9,0
LeftS065588,24.1002,-14.0669,1.498e-14,1.853e-14,2.062e-14,0.0003,-100.25,0
LeftS065589,24.0905,-14.0761,9.681e-19,8.646e-19,5.070e-19,-0.0001,-99.97,0
LeftS065591,24.1065,-14.0723,2.770e-18,2.284e-18,1.132e-18,-0.0004,-99.83,0
LeftS065592,24.0915,-14.0793,5.355e-14,4.739e-14,2.634e-14,0.0003,-99.72,1
LeftS065594,24.0852,-14.0814,3.977e-19,3.779e-19,2.436e-19,-0.0001,-99.65,0
LeftS065596,24.0804,-14.0719,2.298e-14,1.548e-14,5.134e-15,0.0001,-100.17,0
LeftS065599,24.1046,-14.0756,4.455e-20,5.178e-20,5.160e-20,0.0,-99.7,0
LeftS065601,24.0772,-14.0733,1.683e-19,1.788e-19,1.491e-19,-0.0005,-100.29,0
LeftS065605,24.0880,-14.0747,3.998e-20,4.886e-20,5.481e-20,-0.0001,-100.01,0
LeftS065606,24.0882,-14.0692,1.004e-18,1.561e-18,2.793e-18,0.0002,-100.27,0
LeftS065607,24.1055,-14.0768,8.372e-19,7.610e-19,4.416e-19,0.0,-99.62,0
LeftS065609,24.1010,-14.0688,1.136e-18,9.792e-19,5.429e-19,0.0003,-100.14,0
LeftS065610,24.1140,-14.0870,4.583e-20,5.209e-20,4.893e-20,0.0001,-99.21,0
LeftS065611,24.0965,-14.0718,6.081e-14,5.227e-14,2.872e-14,0.0001,-100.05,1
LeftS065612,24.0803,-14.0772,1.736e-19,1.761e-19,1.275e-19,0.0003,-99.97,0
LeftS065614,24.1053,-14.0697,1.880e-18,1.722e-18,1.052e-18,-0.0002,-100.01,0
LeftS065616,24.0732,-14.0673,4.344e-19,4.281e-19,3.095e-19,-0.0002,-100.52,0
LeftS065617,24.1071,-14.0753,5.997e-20,6.632e-20,5.869e-20,0.0002,-99.72,0
LeftS065618,24.0916,-14.0739,1.553e-19,1.557e-19,1.164e-19,-0.0004,-99.94,0
LeftS065619,24.0816,-14.0739,5.294e-20,5.824e-20,4.957e-20,0.0008,-100.13,0
LeftS065622,24.1057,-14.0789,2.954e-20,3.697e-20,4.232e-20,-0.0004,-99.52,0
LeftS065625,24.1043,-14.0769,7.195e-19,6.476e-19,3.946e-19,-0.0003,-99.68,0
LeftS065626,24.1019,-14.0816,1.162e-18,1.074e-18,6.405e-19,0.0003,-99.4,0
LeftS065627,24.1043,-14.0748,2.635e-19,2.633e-19,1.932e-19,0.0001,-99.66,0
LeftS065632,24.1064,-14.0809,2.895e-18,2.497e-18,1.290e-18,0.0002,-99.36,0
LeftS065636,24.0819,-14.0779,3.132e-19,5.488e-19,1.271e-18,-0.0002,-99.97,0
LeftS065638,24.1046,-14.0682,5.469e-19,8.231e-19,1.448e-18,0.0004,-100.05,0
LeftS065642,24.1105,-14.0766,4.047e-20,4.725e-20,4.905e-20,0.0005,-99.64,0
LeftS065643,24.0820,-14.0732,9.328e-19,1.480e-18,2.800e-18,-0.0002,-100.11,0
LeftS065644,24.0810,-14.0760,2.997e-18,2.566e-18,1.345e-18,0.0001,-100.02,0
LeftS065646,24.0827,-14.0762,1.086e-17,8.337e-18,3.471e-18,-0.0003,-99.97,1
LeftS065647,24.1185,-14.0818,1.600e-14,1.084e-14,3.649e-15,-0.0011,-99.43,0
LeftS065649,24.0850,-14.0825,9.049e-19,8.307e-19,5.200e-19,0.0004,-99.76,1
LeftS065650,24.0859,-14.0781,6.377e-15,4.258e-15,1.343e-15,-0.0008,-99.87,0
LeftS065651,24.0802,-14.0763,8.512e-20,9.402e-20,8.256e-20,0.0008,-99.97,0
LeftS065652,24.0802,-14.0775,5.265e-20,6.200e-20,6.220e-20,-0.0002,-99.96,0
LeftS065653,24.0948,-14.0816,1.384e-20,1.838e-20,2.327e-20,0.0001,-99.53,0
LeftS065654,24.1175,-14.0822,5.072e-20,6.173e-20,6.541e-20,-0.0005,-99.29,0
LeftS065655,24.1041,-14.0768,1.538e-18,1.322e-18,7.035e-19,-0.0009,-99.65,0
LeftS065661,24.0835,-14.0766,1.515e-18,2.337e-18,4.135e-18,0.0001,-99.91,0
LeftS065663,24.0878,-14.0789,1.017e-19,1.111e-19,9.928e-20,-0.0001,-99.79,0
LeftS065664,24.0829,-14.0780,4.545e-18,3.761e-18,1.896e-18,-0.0,-99.86,0
LeftS065665,24.1060,-14.0773,4.282e-19,4.178e-19,2.900e-19,-0.0005,-99.61,0
LeftS065666,24.0781,-14.0821,1.341e-18,1.196e-18,6.736e-19,0.0005,-99.72,0
LeftS065667,24.1085,-14.0729,1.208e-20,1.656e-20,2.295e-20,0.0002,-99.78,0
LeftS065668,24.1027,-14.0761,6.692e-20,7.748e-20,7.364e-20,-0.0003,-99.77,0
LeftS065671,24.0802,-14.0853,3.618e-18,7.039e-18,1.935e-17,-0.0004,-99.56,0
LeftS065673,24.1128,-14.0780,1.920e-18,1.622e-18,8.429e-19,-0.0008,-99.56,0
LeftS065675,24.0843,-14.0684,1.437e-18,1.232e-18,6.567e-19,-0.0,-100.32,0
LeftS065676,24.0848,-14.0845,4.011e-19,3.894e-19,2.672e-19,-0.0001,-99.56,0
LeftS065678,24.0699,-14.0738,1.241e-18,1.099e-18,6.399e-19,0.0004,-100.11,0
LeftS065680,24.1055,-14.0787,1.585e-18,1.425e-18,8.356e-19,0.0,-99.58,0
LeftS065685,24.0768,-14.0867,2.075e-19,2.170e-19,1.705e-19,0.0004,-99.61,0
LeftS065686,24.0742,-14.0766,6.608e-20,7.088e-20,6.018e-20,0.0,-100.0,0
LeftS065688,24.1087,-14.0745,3.510e-20,4.008e-20,3.696e-20,0.001,-99.72,0
LeftS065690,24.0725,-14.0824,2.502e-19,2.522e-19,1.891e-19,0.0006,-99.82,0
LeftS065691,24.0799,-14.0749,1.163e-18,1.067e-18,6.409e-19,0.0009,-100.06,0
LeftS065692,24.0867,-14.0824,2.847e-20,3.405e-20,3.593e-20,-0.0003,-99.67,0
LeftS065693,24.0755,-14.0782,3.518e-14,2.439e-14,8.195e-15,-0.0001,-99.96,0
LeftS065695,24.1109,-14.0834,2.934e-18,2.517e-18,1.313e-18,-0.0001,-99.4,0
LeftS065696,24.0859,-14.0800,1.410e-19,1.431e-19,1.065e-19,-0.0,-99.74,0
LeftS065698,24.1124,-14.0743,1.644e-20,2.250e-20,3.168e-20,0.0001,-99.68,0
LeftS065700,24.0789,-14.0791,6.655e-20,7.408e-20,6.717e-20,0.0005,-99.85,0
LeftS065701,24.0708,-14.0686,2.299e-18,4.822e-18,1.642e-17,0.0001,-100.36,0
LeftS065702,24.0821,-14.0827,2.547e-18,4.527e-18,1.063e-17,0.0009,-99.73,0
LeftS065705,24.1136,-14.0775,2.339e-18,2.111e-18,1.274e-18,0.0001,-99.66,0
LeftS065707,24.1096,-14.0784,1.584e-20,2.024e-20,2.447e-20,0.0011,-99.6,0
LeftS065712,24.0857,-14.0766,5.672e-14,4.469e-14,1.960e-14,0.0001,-99.93,1
LeftS065713,24.1075,-14.0825,5.486e-20,6.322e-20,6.234e-20,-0.0005,-99.45,0
LeftS065714,24.0771,-14.0844,1.876e-18,1.586e-18,8.245e-19,-0.0001,-99.73,0
LeftS065716,24.1204,-14.0758,1.639e-18,1.402e-18,7.597e-19,-0.0006,-99.56,0
LeftS065718,24.0786,-14.0721,5.155e-19,4.902e-19,3.268e-19,0.0,-100.1,0
LeftS065719,24.1138,-14.0686,1.472e-18,2.824e-18,7.728e-18,0.0003,-99.85,0
LeftS065720,24.0755,-14.0914,1.749e-18,2.900e-18,6.039e-18,-0.0002,-99.59,0
LeftS065724,24.0810,-14.0745,1.524e-17,1.213e-17,5.500e-18,0.0003,-100.04,1
LeftS065725,24.0699,-14.0715,1.256e-19,1.348e-19,1.111e-19,0.0003,-100.25,0
LeftS065726,24.1137,-14.0676,5.790e-19,5.355e-19,3.377e-19,-0.0008,-99.93,0
LeftS065731,24.0697,-14.0822,1.913e-18,1.690e-18,9.553e-19,-0.0001,-99.9,0
LeftS065732,24.1135,-14.0705,5.831e-14,4.152e-14,1.506e-14,-0.0006,-99.88,0
LeftS065733,24.1091,-14.0769,2.430e-18,2.234e-18,1.400e-18,-0.0005,-99.72,0
LeftS065736,24.0744,-14.0782,1.707e-20,2.157e-20,2.519e-20,-0.0001,-99.93,0
LeftS065738,24.0701,-14.0769,1.790e-18,3.025e-18,6.400e-18,0.001,-99.96,0
LeftS065739,24.1096,-14.0789,1.344e-18,1.214e-18,7.173e-19,-0.0003,-99.52,0
LeftS065740,24.0712,-14.0796,9.869e-18,7.985e-18,3.736e-18,-0.0001,-99.86,0
LeftS065743,24.0725,-14.0716,2.572e-14,1.720e-14,5.618e-15,0.0002,-100.15,0
LeftS065745,24.0700,-14.0799,2.710e-18,5.289e-18,1.523e-17,0.0,-99.92,0
LeftS065746,24.0663,-14.0703,2.142e-18,1.891e-18,1.048e-18,-0.0005,-100.24,0
LeftS065747,24.0833,-14.0707,2.878e-20,3.476e-20,3.711e-20,0.0004,-100.09,0
LeftS065748,24.1177,-14.0794,6.051e-20,6.858e-20,6.470e-20,-0.0002,-99.5,0
LeftS065753,24.1218,-14.0873,2.995e-18,6.519e-18,2.301e-17,-0.0009,-99.36,0
LeftS065755,24.0676,-14.0792,3.601e-20,4.294e-20,4.411e-20,0.0003,-99.93,0
LeftS065756,24.0755,-14.0741,1.326e-18,1.867e-18,2.759e-18,0.0,-100.05,0
LeftS065757,24.1154,-14.0769,2.421e-19,2.445e-19,1.777e-19,0.0002,-99.69,0
LeftS065758,24.1146,-14.0765,1.452e-20,1.838e-20,2.153e-20,0.0002,-99.66,0
LeftS065761,24.1223,-14.0755,3.125e-20,3.813e-20,4.099e-20,-0.0004,-99.57,0
LeftS065762,24.0708,-14.0794,1.194e-18,1.091e-18,6.422e-19,0.0001,-99.94,0
LeftS065767,24.0706,-14.0723,8.390e-19,7.851e-19,4.744e-19,-0.0,-100.1,0
LeftS065768,24.1247,-14.0693,7.187e-19,6.487e-19,3.865e-19,0.0001,-99.76,0
LeftS065770,24.1167,-14.0789,2.195e-18,1.915e-18,1.059e-18,0.0003,-99.68,0
LeftS065773,24.0754,-14.0778,7.368e-14,5.503e-14,2.145e-14,0.0003,-99.91,1
LeftS065775,24.0707,-14.0710,1.040e-18,9.499e-19,5.827e-19,-0.0009,-100.13,0
LeftS065776,24.1224,-14.0761,1.072e-17,8.630e-18,4.008e-18,0.0002,-99.68,0
LeftS065779,24.1152,-14.0698,8.359e-18,6.613e-18,2.945e-18,-0.0015,-99.85,1
LeftS065780,24.0650,-14.0775,3.382e-20,3.838e-20,3.629e-20,0.0,-99.96,0
LeftS065781,24.1272,-14.0807,3.057e-20,3.955e-20,4.717e-20,0.0002,-99.48,0
LeftS065782,24.1209,-14.0787,3.583e-18,3.031e-18,1.590e-18,0.0001,-99.58,0
LeftS065787,24.0629,-14.0872,7.376e-20,8.369e-20,8.081e-20,-0.0005,-99.77,0
LeftS065788,24.0707,-14.0789,2.522e-20,3.109e-20,3.545e-20,-0.0003,-99.95,0
LeftS065790,24.1199,-14.0669,9.999e-18,7.587e-18,3.185e-18,0.0001,-99.82,0
LeftS065791,24.0644,-14.0809,1.879e-18,4.212e-18,1.620e-17,-0.0003,-99.87,0
LeftS065793,24.0736,-14.0806,1.749e-19,1.847e-19,1.458e-19,0.0001,-99.87,0
LeftS065794,24.1236,-14.0771,2.249e-17,1.636e-17,6.492e-18,-0.0005,-99.6,0
LeftS065798,24.0549,-14.0790,2.137e-20,2.690e-20,3.176e-20,0.0001,-99.99,0
LeftS065799,24.0946,-14.0761,8.702e-17,6.269e-17,2.421e-17,0.0002,-93.51,0
LeftS065800,24.0944,-14.0759,1.524e-19,1.536e-19,1.174e-19,-0.0005,-103.86,0
LeftS065801,24.0947,-14.0763,2.572e-19,2.517e-19,1.770e-19,0.0006,-96.07,0
LeftS065802,24.0946,-14.0761,2.988e-17,2.190e-17,8.533e-18,-0.0002,-95.09,0
LeftS065803,24.0944,-14.0761,4.923e-17,3.472e-17,1.247e-17,-0.0,-101.89,0
LeftS065804,24.1162,-14.0695,4.214e-17,3.195e-17,1.356e-17,0.0001,-99.87,0
LeftS065805,24.0679,-14.0814,5.202e-19,5.092e-19,3.608e-19,0.0007,-99.84,0
LeftS065806,24.1178,-14.0719,1.896e-18,1.683e-18,9.476e-19,0.0002,-99.75,0
LeftS065807,24.1195,-14.0731,2.591e-17,1.991e-17,8.714e-18,-0.0004,-99.74,1
LeftS065808,24.1237,-14.0734,2.542e-18,2.129e-18,1.052e-18,0.0,-99.71,0
LeftS065809,24.1193,-14.0758,5.537e-17,4.077e-17,1.640e-17,-0.001,-99.63,0
LeftS065810,24.1253,-14.0751,3.964e-19,3.921e-19,2.749e-19,-0.0009,-99.64,0
LeftS065811,24.0687,-14.0741,1.384e-18,1.232e-18,7.298e-19,-0.0002,-100.07,0
LeftS065812,24.1235,-14.0789,2.856e-16,1.981e-16,6.878e-17,0.0004,-99.55,0
LeftS065813,24.0675,-14.0723,1.639e-16,3.999e-16,1.852e-15,-0.0008,-100.14,0
LeftS065814,24.1229,-14.0820,3.375e-17,2.475e-17,9.614e-18,0.0001,-99.47,0
LeftS065815,24.1265,-14.0829,2.020e-17,1.580e-17,6.855e-18,0.0001,-99.51,1
LeftS065816,24.0634,-14.0674,1.549e-17,1.163e-17,4.863e-18,0.0003,-100.28,1
LeftS065817,24.0640,-14.0653,1.011e-16,7.350e-17,2.870e-17,-0.001,-100.32,0
LeftS065818,24.0618,-14.0645,7.211e-14,6.489e-14,3.832e-14,0.0,-100.31,1
LeftS065819,24.1276,-14.0880,8.313e-17,6.037e-17,2.223e-17,0.0,-99.34,0
LeftS065820,24.0618,-14.0626,1.543e-16,1.076e-16,3.799e-17,-0.0002,-100.36,0
LeftS065821,24.0580,-14.0588,4.820e-17,3.327e-17,1.184e-17,0.0002,-100.53,0
LeftS065822,24.1323,-14.0930,3.150e-19,3.335e-19,2.614e-19,-0.0003,-99.17,0
LeftS065823,24.0571,-14.0563,1.820e-17,1.421e-17,6.511e-18,0.0001,-100.51,1
LeftS065824,24.1316,-14.0981,4.254e-17,3.141e-17,1.262e-17,0.0,-99.03,0
LeftS065825,24.1335,-14.1001,3.825e-17,2.857e-17,1.153e-17,-0.0006,-98.93,0
LeftS065826,24.0540,-14.0508,1.514e-17,1.174e-17,5.053e-18,0.0004,-100.65,1
LeftS065827,24.0514,-14.0489,8.783e-19,1.530e-18,3.576e-18,-0.0,-100.7,0
LeftS065828,24.0555,-14.0468,1.203e-17,9.126e-18,3.894e-18,0.0005,-100.78,1
LeftS065829,24.1362,-14.1059,5.711e-17,4.091e-17,1.522e-17,0.0003,-98.92,0
LeftS065830,24.1369,-14.1061,3.933e-18,3.377e-18,1.790e-18,-0.0005,-98.92,0
LeftS065831,24.0524,-14.0422,2.556e-17,1.950e-17,7.945e-18,0.0012,-100.88,1
LeftS065832,24.0536,-14.0410,1.258e-17,9.823e-18,4.415e-18,-0.0002,-100.98,1
LeftS065833,24.0505,-14.0401,2.770e-18,2.322e-18,1.210e-18,-0.0001,-100.98,0
LeftS065834,24.0524,-14.0382,2.964e-19,5.543e-19,1.397e-18,0.0004,-101.01,0
LeftS065835,24.1410,-14.1194,2.058e-17,1.582e-17,6.816e-18,-0.0005,-98.54,1
LeftS065836,24.1405,-14.1172,1.011e-13,9.163e-14,5.506e-14,-0.0002,-98.5,1
LeftS065837,24.0460,-14.0300,4.558e-18,4.074e-18,2.406e-18,0.0001,-101.2,0
LeftS065838,24.1422,-14.1250,7.164e-14,5.740e-14,2.661e-14,0.0007,-98.41,1
LeftS065839,24.0478,-14.0306,1.152e-18,1.012e-18,5.766e-19,-0.0005,-101.17,0
LeftS065840,24.1463,-14.1275,1.312e-18,1.130e-18,5.911e-19,-0.0003,-98.4,0
LeftS065841,24.1427,-14.1268,4.593e-19,4.533e-19,3.165e-19,0.0012,-98.33,0
LeftS065842,24.0446,-14.0225,1.367e-18,1.257e-18,7.601e-19,0.0004,-101.44,0
LeftS065844,24.1442,-14.1350,3.755e-17,2.824e-17,1.174e-17,0.0001,-98.12,0
LeftS065845,24.1454,-14.1389,2.680e-17,2.074e-17,9.060e-18,0.0006,-98.16,1
LeftS065846,24.0423,-14.0164,1.223e-16,8.766e-17,3.213e-17,0.0002,-101.46,0
LeftS065847,24.0433,-14.0113,3.643e-17,2.719e-17,1.061e-17,-0.0003,-101.61,0
LeftS065848,24.1528,-14.1478,1.335e-16,9.374e-17,3.426e-17,-0.0006,-98.02,0
LeftS065849,24.0391,-14.0061,7.663e-18,6.124e-18,2.790e-18,0.0001,-101.61,1
LeftS065850,24.1459,-14.1456,1.800e-19,1.905e-19,1.563e-19,0.0002,-97.89,0
LeftS065851,24.1524,-14.1531,9.122e-17,6.334e-17,2.278e-17,0.0001,-97.82,0
LeftS065852,24.1527,-14.1558,2.358e-18,2.220e-18,1.462e-18,0.0008,-97.79,0
LeftS065853,24.0406,-14.0001,1.132e-18,1.749e-18,3.135e-18,-0.0004,-101.86,0
LeftS065854,24.0380,-13.9967,1.887e-16,1.294e-16,4.373e-17,-0.0001,-101.79,0
LeftS065855,24.0396,-13.9942,5.299e-18,4.333e-18,2.147e-18,0.0007,-101.99,0
LeftS065856,24.0386,-13.9906,1.964e-16,1.352e-16,4.535e-17,0.0002,-101.88,0
LeftS065857,24.0356,-13.9853,3.701e-18,3.178e-18,1.742e-18,0.0008,-102.01,0
LeftS065858,24.1536,-14.1643,3.191e-17,2.303e-17,8.769e-18,0.0001,-97.75,0
LeftS065859,24.1538,-14.1688,2.425e-18,4.178e-18,9.172e-18,0.0004,-97.66,0
LeftS065860,24.0385,-13.9856,1.822e-17,1.456e-17,6.593e-18,0.0006,-102.01,1
LeftS065861,24.0411,-13.9886,3.393e-16,2.328e-16,7.866e-17,-0.0002,-102.04,0
LeftS065862,24.0359,-13.9820,6.765e-18,5.432e-18,2.537e-18,0.0003,-102.02,0
LeftS065863,24.1520,-14.1735,3.730e-16,2.580e-16,8.815e-17,-0.0001,-97.5,0
LeftS065864,24.0337,-13.9733,1.443e-16,1.035e-16,3.866e-17,-0.0005,-102.13,0
LeftS065865,24.0373,-13.9767,2.374e-14,2.501e-14,1.952e-14,0.0003,-102.14,1
LeftS065866,24.1507,-14.1757,6.064e-18,5.014e-18,2.377e-18,0.0002,-97.46,0
LeftS065867,24.1519,-14.1851,6.916e-18,5.749e-18,2.828e-18,-0.0004,-97.39,0
LeftS065868,24.1557,-14.1868,5.715e-17,4.163e-17,1.557e-17,-0.0006,-97.42,0
LeftS065869,24.0382,-13.9677,2.627e-17,2.022e-17,8.333e-18,0.0005,-102.2,1
LeftS065870,24.1476,-14.1784,3.164e-18,2.609e-18,1.242e-18,-0.0001,-97.41,0
LeftS065871,24.0399,-13.9683,1.439e-16,1.051e-16,3.900e-17,0.0003,-102.32,0
LeftS065872,24.0426,-13.9731,3.196e-17,2.392e-17,9.801e-18,-0.0,-102.23,0
LeftS065873,24.1497,-14.1889,1.053e-17,8.263e-18,3.614e-18,-0.0009,-97.36,1
LeftS065874,24.1498,-14.1898,3.686e-14,3.386e-14,2.017e-14,-0.0,-97.36,1
LeftS065875,24.1465,-14.1912,2.441e-17,1.803e-17,7.360e-18,0.0002,-97.32,0
LeftS065876,24.1470,-14.1901,1.276e-18,2.365e-18,6.101e-18,0.0001,-97.35,0
LeftS065877,24.0454,-13.9661,2.799e-18,5.207e-18,1.379e-17,0.0009,-102.24,0
LeftS065878,24.0425,-13.9555,1.140e-18,9.964e-19,5.439e-19,-0.0003,-102.37,0
LeftS065879,24.0442,-13.9548,9.726e-17,6.645e-17,2.326e-17,0.0014,-102.32,0
LeftS065880,24.1410,-14.1928,1.361e-16,9.755e-17,3.735e-17,-0.0007,-97.41,0
LeftS065881,24.0481,-13.9564,1.442e-19,1.595e-19,1.437e-19,0.0001,-102.34,0
LeftS065882,24.0460,-13.9534,3.092e-17,2.342e-17,9.633e-18,-0.0007,-102.37,0
LeftS065883,24.1390,-14.1956,2.847e-18,2.411e-18,1.235e-18,-0.0001,-97.36,0
LeftS065884,24.0491,-13.9559,4.404e-18,3.730e-18,1.924e-18,0.0003,-102.24,0
LeftS065885,24.0541,-13.9627,2.685e-17,2.056e-17,9.098e-18,0.0005,-102.2,1
LeftS065886,24.0476,-13.9491,1.483e-18,2.664e-18,6.542e-18,0.0003,-102.25,0
LeftS065887,24.0568,-13.9629,4.800e-17,3.476e-17,1.310e-17,0.0005,-102.14,0
LeftS065888,24.1309,-14.1874,3.761e-17,2.798e-17,1.115e-17,0.0003,-97.46,0
LeftS065889,24.0598,-13.9610,8.256e-17,5.730e-17,2.032e-17,0.0006,-102.19,0
LeftS065890,24.1277,-14.1886,1.077e-16,7.836e-17,2.948e-17,-0.0002,-97.55,0
LeftS065891,24.0606,-13.9583,9.221e-17,6.492e-17,2.312e-17,-0.0005,-102.12,0
LeftS065892,24.1227,-14.1850,1.288e-18,1.090e-18,5.897e-19,-0.0005,-97.67,0
LeftS065893,24.0654,-13.9648,2.544e-17,1.913e-17,7.612e-18,-0.0002,-102.02,0
LeftS065894,24.0670,-13.9631,2.331e-17,1.748e-17,7.151e-18,-0.0007,-101.91,1
LeftS065895,24.0680,-13.9578,3.501e-18,2.945e-18,1.500e-18,0.0,-101.93,0
LeftS065896,24.0680,-13.9638,7.206e-19,1.602e-18,6.039e-18,0.0005,-101.86,0
LeftS065897,24.0738,-13.9744,9.522e-17,6.629e-17,2.401e-17,0.0003,-101.8,0
LeftS065899,24.0779,-13.9699,1.268e-15,8.367e-16,2.643e-16,-0.0009,-101.63,0
LeftS065900,24.1088,-14.1701,1.264e-16,9.123e-17,3.495e-17,-0.0004,-98.04,0
LeftS065901,24.1068,-14.1694,1.132e-18,1.060e-18,6.596e-19,-0.0001,-98.08,0
LeftS065902,24.0977,-14.1636,4.439e-18,3.630e-18,1.767e-18,-0.001,-98.34,0
LeftS065903,24.0977,-14.1601,2.563e-16,1.763e-16,6.028e-17,-0.0001,-98.36,0
LeftS065904,24.0919,-13.9894,2.036e-20,2.695e-20,3.481e-20,-0.0008,-101.32,0
LeftS065905,24.0928,-14.1544,1.621e-18,1.437e-18,8.248e-19,-0.0007,-98.52,0
LeftS065906,24.0988,-14.0013,1.975e-15,1.307e-15,4.106e-16,-0.0014,-101.04,0
LeftS065907,24.0832,-14.1439,6.193e-17,4.395e-17,1.615e-17,0.0002,-98.79,0
LeftS065908,24.1050,-14.0090,1.582e-17,1.204e-17,4.987e-18,0.0012,-100.87,1
LeftS065909,24.1084,-14.0109,2.051e-17,1.490e-17,5.876e-18,-0.0001,-100.8,0
LeftS065910,24.1111,-14.0172,1.443e-18,3.274e-18,1.322e-17,0.0006,-100.75,0
LeftS065911,24.0749,-14.1305,3.537e-18,6.436e-18,1.602e-17,-0.0005,-99.06,0
LeftS065913,24.0666,-14.1153,1.307e-18,1.874e-18,2.842e-18,0.0004,-99.3,0
LeftS065914,24.1242,-14.0426,5.765e-19,5.655e-19,3.840e-19,-0.0001,-100.22,0
LeftS065915,24.1264,-14.0501,3.149e-17,2.377e-17,9.472e-18,0.0001,-100.03,0
LeftS065916,24.1344,-14.0516,2.101e-17,1.604e-17,6.840e-18,-0.0003,-100.02,1
LeftS065917,24.0537,-14.0915,7.782e-14,6.082e-14,2.723e-14,-0.0002,-99.76,1
LeftS065918,24.0522,-14.0858,2.770e-17,2.044e-17,8.183e-18,-0.0,-99.83,0
LeftS065919,24.1452,-14.0727,1.318e-20,1.753e-20,2.227e-20,-0.0001,-99.7,0
LeftS065920,24.0478,-14.0712,1.433e-18,2.671e-18,6.960e-18,-0.0003,-100.12,0
LeftS065921,24.0420,-14.0656,2.788e-17,2.168e-17,9.098e-18,0.0,-100.17,1
LeftS065922,24.1508,-14.0924,1.067e-16,7.487e-17,2.659e-17,0.0001,-99.31,0
LeftS065923,24.0410,-14.0512,2.280e-16,1.596e-16,5.544e-17,-0.0002,-100.43,0
LeftS065924,24.0353,-14.0471,1.013e-18,9.230e-19,5.686e-19,-0.0004,-100.51,0
LeftS065926,24.0261,-14.0274,3.463e-19,3.458e-19,2.432e-19,-0.0007,-100.78,0
LeftS065927,24.1616,-14.1303,3.975e-17,3.012e-17,1.221e-17,-0.0001,-98.65,0
LeftS065928,24.1671,-14.1327,9.697e-17,7.080e-17,2.737e-17,-0.0006,-98.7,0
LeftS065929,24.1652,-14.1419,6.799e-17,5.088e-17,2.010e-17,0.0003,-98.52,0
LeftS065930,24.1711,-14.1506,4.915e-17,3.515e-17,1.267e-17,0.0002,-98.46,0
LeftS065931,24.0149,-13.9921,6.241e-17,4.623e-17,1.788e-17,0.0004,-101.45,0
LeftS065932,24.0201,-13.9871,7.631e-19,6.941e-19,4.056e-19,-0.0009,-101.47,0
LeftS065933,24.0169,-13.9771,4.601e-17,3.421e-17,1.373e-17,-0.0008,-101.69,0
LeftS065934,24.0129,-13.9735,7.670e-19,1.231e-18,2.353e-18,0.0005,-101.72,0
LeftS065935,24.1799,-14.1915,1.761e-18,2.906e-18,5.994e-18,0.0001,-97.89,0
LeftS065936,24.1698,-14.1767,3.814e-17,2.920e-17,1.227e-17,-0.0001,-97.84,0
LeftS065937,24.0134,-13.9585,5.079e-17,3.718e-17,1.446e-17,-0.0012,-101.95,0
LeftS065938,24.1753,-14.2030,7.571e-18,6.265e-18,3.085e-18,-0.0003,-97.64,0
LeftS065939,24.0092,-13.9390,2.097e-16,1.445e-16,5.002e-17,0.0012,-102.22,0
LeftS065940,24.1784,-14.2088,4.612e-19,4.687e-19,3.551e-19,0.0005,-97.41,0
LeftS065941,24.0114,-13.9324,1.090e-16,7.551e-17,2.736e-17,0.0001,-102.3,0
LeftS065942,24.0136,-13.9313,1.969e-16,1.346e-16,4.531e-17,0.0003,-102.31,0
LeftS065944,24.1759,-14.2336,2.918e-17,2.222e-17,9.188e-18,-0.0006,-97.27,1
LeftS065945,24.0168,-13.9223,7.879e-17,5.755e-17,2.272e-17,0.0004,-102.34,0
LeftS065948,24.1679,-14.2461,2.827e-18,6.559e-18,2.643e-17,0.0003,-97.31,0
LeftS065949,24.0634,-14.0658,2.064e-14,1.502e-14,5.652e-15,0.0006,-100.31,0
LeftS065950,24.1270,-14.0837,2.636e-18,2.405e-18,1.433e-18,0.0001,-99.43,0
LeftS065951,24.0607,-14.0633,2.335e-18,2.071e-18,1.198e-18,0.0006,-100.42,0
LeftS065952,24.1237,-14.0873,1.135e-18,1.940e-18,4.266e-18,-0.0002,-99.26,0
LeftS065953,24.1248,-14.0822,4.167e-18,9.809e-18,4.263e-17,-0.0008,-99.46,0
LeftS065954,24.1280,-14.0923,9.451e-18,7.335e-18,3.188e-18,-0.0002,-99.21,1
LeftS065955,24.0626,-14.0643,1.070e-18,1.002e-18,6.194e-19,-0.0001,-100.32,0
LeftS065956,24.1286,-14.0928,3.519e-14,3.561e-14,2.569e-14,-0.0002,-99.17,1
LeftS065959,24.1286,-14.0959,1.336e-18,3.034e-18,1.220e-17,-0.0001,-98.97,0
LeftS065960,24.0590,-14.0540,5.830e-20,6.581e-20,6.006e-20,0.0004,-100.73,0
LeftS065961,24.1316,-14.1009,1.359e-18,2.499e-18,6.598e-18,0.0005,-98.94,0
LeftS065962,24.0640,-14.0546,4.200e-18,3.589e-18,1.861e-18,-0.001,-100.69,0
LeftS065963,24.1338,-14.0994,9.361e-20,1.063e-19,9.693e-20,-0.0005,-99.01,0
LeftS065964,24.0547,-14.0529,8.665e-14,6.584e-14,2.651e-14,0.0004,-100.63,0
LeftS065966,24.1355,-14.1062,5.021e-19,4.744e-19,3.048e-19,-0.0005,-98.81,0
LeftS065967,24.1341,-14.1022,2.745e-18,4.366e-18,7.883e-18,-0.0003,-99.03,0
LeftS065968,24.1274,-14.1070,7.569e-19,1.257e-18,2.633e-18,-0.0002,-98.74,0
LeftS065970,24.1353,-14.1034,4.346e-19,4.228e-19,2.926e-19,-0.0007,-98.78,0
LeftS065971,24.0471,-14.0404,3.912e-19,3.935e-19,2.923e-19,0.0002,-100.91,0
LeftS065972,24.1358,-14.1090,1.042e-19,1.203e-19,1.173e-19,0.0001,-98.7,0
LeftS065973,24.0519,-14.0420,3.083e-20,3.840e-20,4.222e-20,0.0004,-100.86,0
LeftS065974,24.0541,-14.0356,6.187e-17,4.528e-17,1.708e-17,-0.0001,-101.09,0
LeftS065975,24.0567,-14.0401,3.541e-17,2.623e-17,1.057e-17,0.0002,-100.96,0
LeftS065978,24.1310,-14.1101,8.071e-18,6.436e-18,3.008e-18,-0.0001,-98.6,0
LeftS065979,24.0520,-14.0345,8.274e-18,6.656e-18,3.107e-18,0.0005,-101.03,0
LeftS065980,24.1397,-14.1187,2.361e-18,4.228e-18,1.004e-17,0.0005,-98.48,0
LeftS065981,24.1431,-14.1181,1.698e-18,1.437e-18,7.602e-19,0.0014,-98.6,0
LeftS065982,24.0506,-14.0277,1.736e-18,1.530e-18,8.582e-19,0.0001,-101.26,0
LeftS065984,24.0495,-14.0281,2.543e-18,3.997e-18,7.436e-18,-0.0002,-101.28,0
LeftS065985,24.1398,-14.1227,9.222e-19,1.447e-18,2.646e-18,-0.0001,-98.42,0
LeftS065989,24.1413,-14.1313,5.851e-19,1.169e-18,3.522e-18,0.0004,-98.2,0
LeftS065990,24.0448,-14.0223,6.345e-18,5.202e-18,2.492e-18,-0.0003,-101.36,0
LeftS065991,24.1452,-14.1411,5.303e-20,6.329e-20,6.488e-20,-0.0007,-97.98,0
LeftS065992,24.1437,-14.1343,4.610e-18,3.927e-18,2.121e-18,0.0005,-98.12,0
LeftS065994,24.1402,-14.1370,6.873e-19,6.319e-19,3.877e-19,0.0004,-98.06,0
LeftS065995,24.0472,-14.0099,2.098e-18,1.835e-18,1.019e-18,0.0001,-101.75,0
LeftS065996,24.1465,-14.1427,1.575e-17,1.146e-17,4.536e-18,0.0003,-98.11,0
LeftS065999,24.1472,-14.1391,7.918e-18,6.419e-18,3.021e-18,-0.0007,-98.11,0
LeftS066000,24.1439,-14.1508,1.368e-18,1.870e-18,2.531e-18,-0.0002,-97.8,0
LeftS066001,24.0463,-14.0182,4.519e-18,3.724e-18,1.862e-18,-0.0004,-101.53,0
LeftS066002,24.0415,-13.9994,5.671e-20,6.495e-20,5.983e-20,-0.0007,-101.76,0
LeftS066003,24.0397,-13.9928,2.599e-20,3.325e-20,4.168e-20,-0.0011,-101.95,0
LeftS066004,24.1455,-14.1430,6.985e-19,6.669e-19,4.364e-19,-0.0,-98.03,0
LeftS066005,24.0386,-13.9929,1.582e-19,1.717e-19,1.444e-19,-0.0001,-101.91,0
LeftS066006,24.0417,-14.0000,4.550e-20,5.568e-20,5.955e-20,0.0003,-101.75,0
LeftS066007,24.1509,-14.1538,3.846e-18,8.799e-18,3.728e-17,0.0003,-97.85,0
LeftS066009,24.0452,-14.0043,1.838e-19,2.004e-19,1.692e-19,-0.0006,-101.84,0
LeftS066010,24.0468,-13.9962,4.451e-18,1.036e-17,4.392e-17,-0.001,-102.0,0
LeftS066012,24.0435,-14.0017,4.009e-19,3.995e-19,2.920e-19,-0.0001,-101.96,0
LeftS066014,24.0400,-13.9894,8.310e-18,6.328e-18,2.768e-18,-0.0001,-102.06,0
LeftS066015,24.0301,-13.9694,2.312e-17,1.767e-17,7.484e-18,0.0003,-102.12,1
LeftS066016,24.0430,-13.9872,1.464e-18,1.229e-18,6.367e-19,0.0002,-102.06,0
LeftS066017,24.0422,-13.9859,1.695e-17,1.224e-17,4.666e-18,0.0,-102.09,0
LeftS066018,24.0427,-13.9825,4.063e-19,4.016e-19,2.938e-19,-0.0003,-102.1,0
LeftS066019,24.0420,-13.9841,2.163e-20,2.832e-20,3.569e-20,-0.0007,-102.16,0
LeftS066020,24.1495,-14.1807,1.931e-17,1.497e-17,6.442e-18,0.0006,-97.44,1
LeftS066022,24.1479,-14.1662,1.276e-18,1.159e-18,6.841e-19,0.0004,-97.58,0
LeftS066024,24.0371,-13.9744,1.022e-19,1.220e-19,1.240e-19,-0.0001,-102.22,0
LeftS066025,24.0398,-13.9683,1.706e-19,1.864e-19,1.592e-19,0.0008,-102.25,0
LeftS066027,24.1498,-14.1761,1.772e-17,1.362e-17,5.726e-18,-0.0001,-97.49,1
LeftS066029,24.0446,-13.9752,7.108e-19,6.796e-19,4.386e-19,0.0002,-102.16,0
LeftS066030,24.0404,-13.9752,7.675e-18,6.214e-18,2.969e-18,-0.0001,-102.22,0
LeftS066031,24.1439,-14.1779,4.921e-20,5.513e-20,5.120e-20,0.0007,-97.38,0
LeftS066032,24.1389,-14.1677,7.416e-19,6.754e-19,4.066e-19,0.0004,-97.55,0
LeftS066033,24.1491,-14.1831,1.482e-18,2.887e-18,8.247e-18,0.0001,-97.38,0
LeftS066035,24.1524,-14.2013,8.247e-17,6.044e-17,2.298e-17,-0.0002,-97.25,0
LeftS066036,24.0359,-13.9617,5.314e-20,6.998e-20,8.752e-20,0.0005,-102.27,0
LeftS066037,24.0464,-13.9668,6.173e-20,6.996e-20,6.617e-20,0.0007,-102.3,0
LeftS066038,24.1476,-14.1955,5.492e-17,3.950e-17,1.488e-17,-0.0007,-97.34,0
LeftS066041,24.0547,-13.9801,3.834e-17,2.775e-17,1.060e-17,0.0003,-102.2,0
LeftS066042,24.0499,-13.9784,4.355e-18,3.622e-18,1.857e-18,0.0006,-102.28,0
LeftS066043,24.0472,-13.9558,1.136e-20,1.495e-20,1.888e-20,0.0003,-102.4,0
LeftS066045,24.0536,-13.9726,2.916e-14,1.957e-14,6.643e-15,0.0012,-102.19,0
LeftS066046,24.1329,-14.1770,2.955e-19,3.037e-19,2.303e-19,-0.0005,-97.44,0
LeftS066048,24.0526,-13.9634,1.362e-18,1.206e-18,6.893e-19,-0.0004,-102.32,0
LeftS066049,24.1300,-14.1828,3.612e-17,2.700e-17,1.073e-17,-0.0011,-97.39,0
LeftS066050,24.1376,-14.1951,5.155e-19,4.927e-19,3.201e-19,0.0003,-97.37,0
LeftS066051,24.1395,-14.2005,6.733e-19,6.602e-19,4.442e-19,-0.0003,-97.42,0
LeftS066053,24.1358,-14.2087,3.969e-18,3.158e-18,1.443e-18,-0.0005,-97.36,0
LeftS066055,24.0677,-13.9748,2.427e-20,2.973e-20,3.123e-20,0.0004,-101.99,0
LeftS066057,24.1252,-14.1833,9.785e-19,2.193e-18,8.748e-18,-0.0009,-97.58,0
LeftS066059,24.1315,-14.2083,2.906e-19,3.065e-19,2.432e-19,-0.0008,-97.54,0
LeftS066060,24.1203,-14.1819,1.384e-17,1.039e-17,4.388e-18,0.0003,-97.66,1
LeftS066061,24.0603,-13.9569,1.467e-19,1.522e-19,1.235e-19,-0.0003,-102.02,0
LeftS066062,24.0691,-13.9655,3.405e-18,6.588e-18,1.853e-17,0.0,-101.91,0
LeftS066064,24.1223,-14.1911,5.571e-20,6.524e-20,6.661e-20,0.0007,-97.66,0
LeftS066065,24.1148,-14.1723,1.289e-18,2.621e-18,7.873e-18,-0.0007,-97.89,0
LeftS066066,24.1120,-14.1773,2.722e-16,1.871e-16,6.438e-17,0.0001,-98.02,0
LeftS066067,24.1151,-14.1746,4.874e-19,9.483e-19,2.850e-18,0.0004,-97.91,0
LeftS066068,24.1090,-14.1762,6.381e-19,6.440e-19,4.844e-19,-0.0002,-98.0,0
LeftS066069,24.0828,-13.9886,5.761e-17,4.125e-17,1.536e-17,-0.0003,-101.52,0
LeftS066070,24.0801,-13.9765,5.282e-18,4.430e-18,2.181e-18,0.0,-101.66,0
LeftS066071,24.0796,-13.9776,5.822e-19,5.721e-19,4.122e-19,-0.0007,-101.58,0
LeftS066072,24.0893,-13.9787,3.093e-19,3.194e-19,2.443e-19,0.0002,-101.36,0
LeftS066073,24.0881,-13.9964,1.701e-17,1.333e-17,5.762e-18,0.0009,-101.37,1
LeftS066074,24.1003,-14.1556,8.530e-20,1.007e-19,1.013e-19,0.0002,-98.41,0
LeftS066075,24.0942,-14.1501,8.901e-18,7.056e-18,3.240e-18,0.0001,-98.4,0
LeftS066076,24.1023,-14.1678,1.225e-18,1.122e-18,6.658e-19,0.0,-98.23,0
LeftS066077,24.0935,-14.1575,2.249e-18,3.620e-18,7.122e-18,-0.0001,-98.45,0
LeftS066078,24.0886,-14.1474,1.942e-17,1.453e-17,6.120e-18,-0.0002,-98.53,1
LeftS066079,24.0825,-14.1490,1.075e-19,1.172e-19,1.009e-19,-0.001,-98.76,0
LeftS066080,24.1047,-14.0124,1.049e-19,1.201e-19,1.088e-19,-0.0007,-100.92,0
LeftS066081,24.1022,-14.0068,6.473e-19,6.305e-19,4.256e-19,0.0006,-100.9,0
LeftS066083,24.0783,-14.1358,3.492e-18,2.971e-18,1.530e-18,-0.0006,-98.83,0
LeftS066084,24.1103,-14.0159,3.805e-18,5.421e-18,8.210e-18,0.0005,-100.76,0
LeftS066085,24.0799,-14.1254,3.876e-20,4.869e-20,5.487e-20,-0.0,-98.93,0
LeftS066086,24.1097,-14.0191,8.292e-20,9.396e-20,8.799e-20,0.0003,-100.69,0
LeftS066087,24.1249,-14.0346,1.479e-18,2.503e-18,5.537e-18,-0.0005,-100.34,0
LeftS066089,24.1166,-14.0402,1.130e-20,1.481e-20,1.832e-20,0.0001,-100.4,0
LeftS066090,24.0640,-14.1058,1.125e-18,1.036e-18,6.468e-19,0.0004,-99.53,0
LeftS066091,24.0568,-14.1026,3.250e-17,2.481e-17,1.028e-17,-0.0008,-99.59,0
LeftS066093,24.1342,-14.0556,3.912e-18,6.312e-18,1.222e-17,-0.0002,-99.97,0
LeftS066094,24.1304,-14.0592,1.277e-17,9.908e-18,4.318e-18,0.0004,-99.98,0
LeftS066096,24.1383,-14.0681,1.216e-20,1.648e-20,2.229e-20,-0.0002,-99.77,0
LeftS066097,24.1386,-14.0708,2.368e-19,2.505e-19,2.037e-19,0.0008,-99.73,0
LeftS066098,24.1373,-14.0773,1.686e-18,1.474e-18,8.268e-19,0.0007,-99.57,0
LeftS066099,24.0480,-14.0716,7.922e-18,6.033e-18,2.595e-18,-0.0001,-100.1,0
LeftS066100,24.1501,-14.0871,3.366e-17,2.512e-17,1.019e-17,0.0002,-99.4,0
LeftS066101,24.0442,-14.0595,1.411e-18,1.285e-18,7.746e-19,0.0002,-100.4,0
LeftS066105,24.0283,-14.0427,1.327e-19,1.484e-19,1.360e-19,-0.0007,-100.57,0
LeftS066106,24.1511,-14.1176,4.643e-18,3.905e-18,2.040e-18,0.0001,-98.82,0
LeftS066108,24.0302,-14.0341,1.822e-20,2.349e-20,2.916e-20,-0.0006,-100.65,0
LeftS066109,24.1637,-14.1299,9.732e-19,9.026e-19,5.537e-19,-0.0004,-98.72,0
LeftS066110,24.1548,-14.1302,1.622e-18,3.849e-18,1.694e-17,0.0008,-98.49,0
LeftS066112,24.1673,-14.1434,2.592e-18,2.337e-18,1.357e-18,0.001,-98.43,0
LeftS066113,24.1787,-14.1592,7.063e-19,6.766e-19,4.411e-19,0.0003,-98.35,0
LeftS066114,24.1782,-14.1679,1.786e-17,1.387e-17,6.149e-18,0.0005,-98.2,1
LeftS066115,24.0203,-13.9783,1.784e-20,2.274e-20,2.763e-20,0.0002,-101.77,0
LeftS066118,24.1734,-14.1716,4.235e-20,4.770e-20,4.548e-20,0.0002,-98.0,0
LeftS066119,24.0209,-13.9784,5.600e-18,4.610e-18,2.325e-18,-0.0004,-101.79,0
LeftS066120,24.0167,-13.9761,1.897e-18,1.650e-18,8.902e-19,0.0013,-101.78,0
LeftS066121,24.1762,-14.1857,1.621e-18,1.451e-18,8.343e-19,0.0008,-97.78,0
LeftS066124,24.0187,-13.9643,8.035e-17,5.883e-17,2.243e-17,-0.001,-102.05,0
LeftS066126,24.1776,-14.2092,5.371e-14,4.417e-14,2.116e-14,0.0005,-97.47,1
LeftS066127,24.1719,-14.2092,2.111e-18,1.929e-18,1.152e-18,0.0008,-97.48,0
LeftS066128,24.1740,-14.2116,2.740e-18,5.564e-18,1.726e-17,-0.0003,-97.38,0
LeftS066129,24.1713,-14.2026,2.208e-20,2.788e-20,3.244e-20,-0.0006,-97.55,0
LeftS066130,24.0170,-13.9285,3.063e-18,2.552e-18,1.304e-18,-0.0003,-102.26,0
LeftS066132,24.0165,-13.9343,1.288e-18,1.140e-18,6.561e-19,-0.0014,-102.35,0
LeftS066133,24.1829,-14.2502,2.226e-18,3.805e-18,8.347e-18,-0.0,-97.3,0
LeftS066134,24.0158,-13.9257,4.488e-19,4.259e-19,2.808e-19,0.0,-102.33,0
LeftS066135,24.0247,-13.9246,7.521e-20,8.049e-20,6.952e-20,-0.0,-102.41,0
LeftS066136,24.1561,-14.2187,4.891e-18,3.955e-18,1.852e-18,0.0,-97.31,0
LeftS066137,24.0366,-13.9327,1.915e-19,2.080e-19,1.812e-19,-0.0006,-102.33,0
LeftS066138,24.0215,-13.9059,1.679e-17,1.292e-17,5.515e-18,0.0008,-102.36,1
LeftS066139,24.0342,-13.9210,2.281e-18,3.941e-18,8.612e-18,-0.0002,-102.39,0
LeftS066140,24.0332,-13.9166,2.089e-18,1.819e-18,1.003e-18,0.0007,-102.37,0
LeftS066141,24.1612,-14.2448,1.959e-20,2.401e-20,2.661e-20,0.0004,-97.27,0
LeftS066142,24.1552,-14.2338,1.591e-20,2.136e-20,2.816e-20,-0.0001,-97.29,0
LeftS066144,22.9170,-15.0524,8.719e-16,1.720e-15,5.096e-15,0.0,-99.43,0
LeftS066158,22.9225,-15.0421,1.239e-20,1.548e-20,1.783e-20,0.0003,-99.56,0
LeftS066160,22.8835,-15.1225,1.002e-19,1.110e-19,9.604e-20,0.0002,-101.99,0
LeftS066162,22.8217,-15.1903,3.201e-20,3.949e-20,4.464e-20,-0.0005,-102.42,0
LeftS066172,22.8805,-15.0878,6.771e-15,8.808e-15,1.087e-14,0.0003,-101.85,0
LeftS066178,22.8882,-15.0949,2.576e-19,2.687e-19,2.127e-19,-0.0003,-101.47,0
LeftS066192,22.8863,-15.0828,1.140e-19,1.236e-19,1.047e-19,0.0005,-101.65,0
LeftS066206,22.8920,-15.0865,2.838e-19,2.906e-19,2.219e-19,0.0001,-100.78,0
LeftS066208,22.8905,-15.0817,1.159e-20,1.516e-20,1.872e-20,0.0014,-99.96,0
LeftS066210,22.8912,-15.1098,4.525e-14,3.536e-14,1.596e-14,0.0013,-101.62,1
LeftS066215,22.8664,-15.1070,2.655e-20,3.330e-20,3.703e-20,0.0003,-102.37,0
LeftS066221,22.8878,-15.0691,9.599e-20,1.091e-19,9.973e-20,0.0007,-100.33,0
LeftS066224,22.9246,-15.0939,2.910e-20,3.456e-20,3.723e-20,0.0006,-100.18,0
LeftS066225,22.8827,-15.0952,2.135e-18,1.867e-18,1.025e-18,-0.001,-101.87,0
LeftS066228,22.8856,-15.0813,9.494e-19,8.476e-19,4.937e-19,0.0003,-101.59,0
LeftS066229,22.8380,-15.0363,4.825e-19,4.795e-19,3.545e-19,0.0003,-101.03,0
LeftS066233,22.8923,-15.0660,1.115e-20,1.626e-20,2.625e-20,-0.0001,-100.08,0
LeftS066234,22.8638,-15.1257,5.567e-19,5.321e-19,3.573e-19,-0.0003,-102.16,0
LeftS066235,22.8908,-15.0823,4.202e-20,5.066e-20,5.187e-20,0.0008,-100.45,0
LeftS066243,22.8670,-15.0956,4.314e-14,3.357e-14,1.502e-14,-0.0004,-102.22,1
LeftS066247,22.8902,-15.0684,1.097e-18,1.982e-18,4.813e-18,0.0,-100.21,0
LeftS066248,22.8767,-15.0760,6.726e-20,7.549e-20,7.046e-20,0.0006,-101.23,0
LeftS066257,22.8955,-15.0837,5.907e-20,6.898e-20,7.014e-20,0.0003,-99.83,0
LeftS066260,22.8910,-15.0826,6.427e-19,1.193e-18,3.049e-18,0.0001,-99.65,0
LeftS066269,22.8898,-15.0842,1.250e-20,1.656e-20,2.098e-20,0.0008,-101.1,0
LeftS066272,22.9265,-15.0639,2.005e-20,2.516e-20,2.932e-20,0.0009,-99.35,0
LeftS066273,22.9111,-15.0681,2.054e-20,2.530e-20,2.811e-20,0.0001,-99.44,0
LeftS066281,22.8900,-15.0843,2.254e-20,2.830e-20,3.351e-20,-0.0004,-99.9,0
LeftS066290,22.8925,-15.0861,1.168e-20,1.530e-20,1.944e-20,0.0003,-99.79,0
LeftS066296,22.8268,-15.0552,6.097e-19,6.254e-19,4.749e-19,-0.0,-101.6,0
LeftS066298,22.8549,-15.1223,7.798e-20,8.615e-20,7.493e-20,0.0006,-102.37,0
LeftS066299,22.8845,-15.1053,5.626e-20,6.597e-20,6.681e-20,-0.0006,-101.83,0
LeftS066300,22.8889,-15.0865,2.205e-18,3.665e-18,7.513e-18,-0.0,-101.81,0
LeftS066302,22.7924,-15.2128,5.903e-20,6.667e-20,6.112e-20,0.0011,-102.42,0
LeftS066309,22.8895,-15.0949,1.118e-20,1.464e-20,1.875e-20,-0.0001,-101.38,0
LeftS066315,22.9144,-15.0877,5.468e-20,6.883e-20,7.642e-20,0.0001,-100.03,0
LeftS066317,22.8993,-15.0735,1.920e-19,2.023e-19,1.646e-19,0.0003,-99.91,0
LeftS066320,22.8850,-15.1080,7.817e-19,7.150e-19,4.292e-19,0.0008,-101.62,0
LeftS066326,22.8908,-15.0873,5.514e-20,6.681e-20,6.929e-20,-0.0006,-101.94,0
LeftS066329,22.9137,-15.0821,6.063e-20,7.128e-20,7.180e-20,-0.0003,-99.88,0
LeftS066331,22.8909,-15.0851,9.925e-20,1.081e-19,9.170e-20,-0.0006,-100.39,0
LeftS066333,22.9189,-15.1085,3.409e-20,4.073e-20,4.368e-20,-0.0005,-100.66,0
LeftS066334,22.9579,-14.9753,2.527e-20,3.007e-20,3.109e-20,0.0006,-99.47,0
LeftS066335,22.9059,-15.0780,2.377e-19,2.526e-19,2.086e-19,-0.0003,-99.76,0
LeftS066337,22.8913,-15.0849,1.801e-19,1.837e-19,1.443e-19,0.0,-99.6,0
LeftS066340,22.8769,-15.0989,1.136e-20,1.625e-20,2.523e-20,-0.0004,-102.02,0
LeftS066345,22.9037,-15.0709,1.023e-20,1.360e-20,1.837e-20,0.0005,-99.68,0
LeftS066348,22.9109,-15.0759,9.068e-19,1.558e-18,3.344e-18,-0.0003,-99.63,0
LeftS066351,22.8964,-15.0838,8.168e-20,1.001e-19,1.052e-19,0.0001,-100.58,0
LeftS066352,22.9145,-15.0883,4.719e-18,8.477e-18,2.039e-17,0.0006,-99.94,0
LeftS066353,22.9064,-15.0840,1.362e-18,1.216e-18,6.756e-19,0.0007,-100.11,0
LeftS066354,22.8913,-15.0746,1.353e-18,1.960e-18,3.104e-18,0.0003,-100.4,0
LeftS066357,22.8747,-15.0802,1.334e-18,2.528e-18,6.796e-18,-0.0003,-101.63,0
LeftS066358,22.9041,-15.1024,9.102e-20,9.458e-20,7.198e-20,-0.0008,-101.09,0
LeftS066363,22.9034,-15.0729,1.227e-18,1.112e-18,6.470e-19,0.0002,-99.64,0
LeftS066365,22.8711,-15.0703,7.797e-19,1.622e-18,5.425e-18,-0.0009,-101.98,0
LeftS066369,22.8872,-15.0809,8.749e-20,9.556e-20,8.326e-20,0.0001,-100.83,0
LeftS066370,22.9108,-15.0902,5.648e-18,4.639e-18,2.209e-18,0.0008,-99.57,0
LeftS066371,22.8593,-15.0635,3.080e-20,3.692e-20,3.894e-20,-0.0004,-101.36,0
LeftS066373,22.9012,-15.0782,1.729e-19,1.875e-19,1.569e-19,-0.0003,-99.9,0
LeftS066374,22.8793,-15.0930,2.663e-18,2.336e-18,1.293e-18,0.0007,-101.97,0
LeftS066375,22.8823,-15.0927,1.913e-20,2.683e-20,3.772e-20,-0.0005,-101.81,0
LeftS066376,22.9000,-15.1144,1.473e-20,1.897e-20,2.325e-20,-0.0,-101.49,0
LeftS066378,22.8978,-15.0749,2.509e-18,2.175e-18,1.134e-18,-0.0009,-99.82,0
LeftS066380,22.9021,-15.0839,6.930e-18,1.077e-17,1.935e-17,0.0001,-100.52,0
LeftS066388,22.8745,-15.0694,1.234e-19,1.374e-19,1.200e-19,0.0011,-101.73,0
LeftS066389,22.8780,-15.1011,3.188e-20,3.895e-20,4.041e-20,-0.0006,-102.05,0
LeftS066390,22.8969,-15.0776,1.222e-20,1.573e-20,1.964e-20,-0.0004,-99.85,0
LeftS066391,22.8763,-15.0908,3.966e-19,3.892e-19,2.679e-19,0.0001,-101.95,0
LeftS066394,22.9082,-15.0770,7.691e-20,8.622e-20,8.065e-20,0.0001,-99.72,0
LeftS066395,22.8866,-15.0766,2.899e-18,5.856e-18,1.842e-17,-0.0004,-100.41,0
LeftS066396,22.8830,-15.0840,1.161e-18,1.044e-18,6.233e-19,-0.0001,-101.42,0
LeftS066398,22.8845,-15.0669,2.607e-19,2.621e-19,1.917e-19,-0.0002,-100.52,0
LeftS066401,22.9017,-15.0761,1.508e-18,1.299e-18,6.995e-19,0.001,-99.85,0
LeftS066404,22.8569,-15.0688,3.164e-18,2.727e-18,1.447e-18,-0.0003,-102.36,0
LeftS066407,22.8860,-15.0634,2.539e-18,5.973e-18,2.545e-17,-0.0002,-100.42,0
LeftS066411,22.8940,-15.0983,8.637e-14,6.124e-14,2.293e-14,0.0006,-101.17,0
LeftS066412,22.8907,-15.0909,9.023e-19,1.627e-18,4.042e-18,0.0002,-101.28,0
LeftS066417,22.8851,-15.0681,3.212e-19,3.167e-19,2.173e-19,0.0004,-100.49,0
LeftS066421,22.9060,-15.0895,4.424e-19,4.327e-19,2.993e-19,-0.0,-100.23,0
LeftS066422,22.8888,-15.0727,7.232e-14,5.524e-14,2.347e-14,0.0001,-100.22,1
LeftS066423,22.8755,-15.0512,1.215e-17,9.443e-18,4.163e-18,-0.0012,-100.44,1
LeftS066425,22.8889,-15.0826,2.435e-18,2.104e-18,1.135e-18,0.0007,-100.3,0
LeftS066427,22.8851,-15.0641,1.719e-18,3.021e-18,6.915e-18,-0.0002,-100.44,0
LeftS066429,22.8765,-15.0712,2.659e-18,2.185e-18,1.094e-18,0.0002,-101.14,0
LeftS066431,22.9332,-15.0807,1.299e-19,1.386e-19,1.130e-19,0.0004,-99.66,0
LeftS066433,22.8890,-15.0993,3.382e-20,4.048e-20,4.184e-20,0.0003,-102.11,0
LeftS066434,22.8787,-15.1133,1.153e-18,1.037e-18,5.801e-19,-0.0004,-102.19,0
LeftS066435,22.8934,-15.0796,4.853e-14,3.381e-14,1.189e-14,-0.0002,-100.48,0
LeftS066436,22.9313,-15.0686,2.933e-20,3.622e-20,4.148e-20,0.0008,-99.45,0
LeftS066437,22.8775,-15.1043,8.310e-19,1.555e-18,3.979e-18,0.0006,-102.12,0
LeftS066438,22.8781,-15.0832,9.647e-19,9.639e-19,6.699e-19,0.0,-101.71,0
LeftS066441,22.9257,-15.1000,6.691e-19,6.466e-19,4.188e-19,0.0015,-99.81,0
LeftS066444,22.8981,-15.1137,3.754e-14,2.593e-14,9.307e-15,-0.0003,-101.42,0
LeftS066445,22.8863,-15.1077,2.000e-18,3.558e-18,8.366e-18,-0.0011,-101.84,0
LeftS066448,22.8881,-15.0838,5.973e-14,5.177e-14,2.809e-14,-0.0005,-101.93,1
LeftS066449,22.8847,-15.0913,4.007e-18,3.436e-18,1.751e-18,-0.0001,-101.26,0
LeftS066454,22.9200,-15.0669,1.895e-18,1.649e-18,8.850e-19,0.0002,-99.49,0
LeftS066455,22.9097,-15.0717,3.825e-20,4.440e-20,4.409e-20,0.0002,-99.59,0
LeftS066457,22.9116,-15.0711,9.530e-19,2.088e-18,7.662e-18,-0.0009,-99.49,0
LeftS066458,22.9215,-15.0804,3.415e-19,3.592e-19,2.849e-19,0.0003,-99.5,0
LeftS066460,22.8703,-15.0984,7.751e-20,9.069e-20,8.863e-20,-0.0,-102.07,0
LeftS066461,22.9008,-15.0900,7.945e-18,1.795e-17,7.111e-17,0.0006,-100.58,0
LeftS066462,22.8885,-15.0962,9.489e-18,7.556e-18,3.417e-18,0.0,-101.42,0
LeftS066463,22.8856,-15.0786,2.322e-20,2.947e-20,3.535e-20,0.0014,-100.79,0
LeftS066469,22.8788,-15.0843,1.841e-18,1.688e-18,1.053e-18,0.0004,-101.69,0
LeftS066471,22.9064,-15.0832,9.861e-19,1.530e-18,2.757e-18,0.0006,-100.25,0
LeftS066472,22.9133,-15.0798,2.262e-19,2.345e-19,1.791e-19,-0.0,-99.85,0
LeftS066473,22.8919,-15.0788,1.903e-18,1.616e-18,8.719e-19,-0.0002,-99.86,0
LeftS066474,22.8680,-15.0771,1.269e-20,1.769e-20,2.448e-20,-0.0013,-101.49,0
LeftS066476,22.9121,-15.0894,1.388e-18,2.198e-18,4.290e-18,0.0,-100.13,0
LeftS066481,22.9076,-15.0849,2.337e-19,2.403e-19,1.895e-19,0.0003,-99.93,0
LeftS066484,22.8758,-15.0911,1.850e-19,1.981e-19,1.603e-19,-0.0007,-101.92,0
LeftS066485,22.9097,-15.0793,3.096e-18,2.531e-18,1.229e-18,-0.0007,-100.0,0
LeftS066489,22.8851,-15.0847,3.391e-19,3.443e-19,2.500e-19,-0.0004,-101.29,0
LeftS066491,22.8669,-15.0799,2.069e-18,1.788e-18,9.403e-19,0.0016,-101.65,0
LeftS066492,22.8694,-15.0803,7.074e-19,6.795e-19,4.503e-19,-0.0007,-101.56,0
LeftS066493,22.9039,-15.0908,2.018e-17,1.513e-17,6.131e-18,-0.0,-100.48,0
LeftS066494,22.8646,-15.0856,6.354e-14,4.801e-14,1.926e-14,0.0003,-101.91,0
LeftS066495,22.8796,-15.0783,1.186e-19,1.289e-19,1.114e-19,-0.0007,-101.19,0
LeftS066497,22.9164,-15.0793,2.307e-19,2.502e-19,2.049e-19,0.0002,-99.69,0
LeftS066498,22.9083,-15.0803,9.901e-19,1.942e-18,5.776e-18,0.0,-99.88,0
LeftS066499,22.9139,-15.0830,8.365e-19,7.597e-19,4.643e-19,-0.0009,-99.91,0
LeftS066500,22.9119,-15.0856,4.138e-20,4.861e-20,4.864e-20,0.0001,-100.11,0
LeftS066501,22.9117,-15.0865,3.061e-19,3.018e-19,2.067e-19,0.0005,-100.01,0
LeftS066506,22.9067,-15.0865,9.393e-20,1.101e-19,1.101e-19,-0.0,-100.2,0
LeftS066507,22.9109,-15.0868,8.419e-18,6.854e-18,3.381e-18,-0.0003,-100.1,0
LeftS066511,22.8599,-15.0893,1.420e-19,1.517e-19,1.231e-19,0.0003,-102.03,0
LeftS066512,22.9126,-15.0836,4.175e-20,5.167e-20,5.630e-20,0.0006,-99.87,0
LeftS066514,22.8728,-15.0815,3.628e-18,2.948e-18,1.366e-18,0.0005,-101.54,0
LeftS066518,22.9144,-15.0865,9.979e-19,9.371e-19,5.908e-19,-0.0003,-99.99,0
LeftS066519,22.9101,-15.0823,1.871e-18,1.625e-18,8.953e-19,0.0004,-99.9,0
LeftS066520,22.8831,-15.0806,5.590e-19,5.490e-19,3.832e-19,0.0003,-101.31,0
LeftS066521,22.8694,-15.0770,1.393e-19,1.441e-19,1.084e-19,-0.0001,-101.52,0
LeftS066526,22.9146,-15.0914,5.398e-18,4.265e-18,1.895e-18,0.0005,-100.12,0
LeftS066527,22.9115,-15.0840,1.627e-18,2.757e-18,5.726e-18,-0.0005,-99.98,0
LeftS066529,22.9145,-15.0838,3.245e-18,7.893e-18,3.558e-17,-0.0001,-99.98,0
LeftS066530,22.8583,-15.0876,3.409e-19,3.580e-19,2.971e-19,-0.0004,-101.92,0
LeftS066531,22.9143,-15.0842,2.839e-20,3.470e-20,3.799e-20,0.0002,-99.91,0
LeftS066533,22.8672,-15.0776,1.215e-20,1.571e-20,1.935e-20,0.0002,-101.69,0
LeftS066534,22.8756,-15.0794,1.611e-19,1.706e-19,1.434e-19,-0.0012,-101.35,0
LeftS066535,22.9121,-15.0800,6.810e-20,7.959e-20,7.834e-20,-0.0001,-99.86,0
LeftS066538,22.8626,-15.0848,2.619e-19,2.776e-19,2.255e-19,-0.0003,-102.0,0
LeftS066540,22.9190,-15.0876,2.952e-19,2.969e-19,2.183e-19,-0.0007,-99.88,0
LeftS066542,22.8662,-15.0809,1.659e-18,2.747e-18,5.547e-18,0.0003,-101.77,0
LeftS066543,22.9255,-15.0840,1.057e-13,7.908e-14,3.211e-14,0.0002,-99.83,0
LeftS066544,22.8666,-15.0808,6.977e-14,4.979e-14,1.867e-14,-0.001,-101.62,0
LeftS066546,22.8613,-15.0843,6.036e-19,5.710e-19,3.598e-19,-0.0009,-101.95,0
LeftS066547,22.9266,-15.0797,9.459e-14,7.616e-14,3.632e-14,0.0004,-99.7,1
LeftS066550,22.8583,-15.0824,7.940e-19,1.151e-18,1.806e-18,0.0002,-101.78,0
LeftS066559,22.8642,-15.0856,6.888e-19,6.545e-19,4.200e-19,0.0006,-101.87,0
LeftS066561,22.8484,-15.0821,4.936e-19,9.890e-19,2.907e-18,-0.0002,-102.04,0
LeftS066563,22.9232,-15.0805,1.112e-18,1.041e-18,6.353e-19,-0.0002,-99.83,0
LeftS066564,22.9115,-15.0779,1.683e-19,1.859e-19,1.670e-19,-0.0001,-99.85,0
LeftS066565,22.9202,-15.0793,4.392e-18,7.598e-18,1.748e-17,0.001,-99.83,0
LeftS066571,22.8547,-15.0814,7.787e-20,8.754e-20,8.361e-20,-0.0002,-101.92,0
LeftS066572,22.9153,-15.0819,6.048e-20,6.749e-20,6.208e-20,-0.0004,-99.8,0
LeftS066578,22.9212,-15.0881,1.028e-20,1.391e-20,1.802e-20,0.0002,-100.01,0
LeftS066579,22.8521,-15.0874,1.389e-18,1.292e-18,8.101e-19,-0.0008,-102.16,0
LeftS066581,22.8609,-15.0763,2.928e-18,4.837e-18,1.005e-17,0.0009,-101.69,0
LeftS066582,22.9249,-15.0877,1.577e-19,1.629e-19,1.232e-19,-0.0,-100.03,0
LeftS066585,22.8523,-15.0846,1.969e-19,2.070e-19,1.644e-19,0.0005,-101.94,0
LeftS066588,22.9342,-15.0936,7.362e-19,1.177e-18,2.292e-18,0.0001,-99.95,0
LeftS066590,22.8585,-15.0879,4.998e-15,3.324e-15,1.060e-15,-0.0006,-101.93,0
LeftS066591,22.9270,-15.0848,1.381e-18,1.299e-18,8.415e-19,0.0,-99.9,0
LeftS066593,22.9392,-15.0884,1.490e-18,1.380e-18,8.571e-19,0.0,-99.94,0
LeftS066595,22.8610,-15.0911,7.401e-18,5.662e-18,2.426e-18,-0.0001,-102.07,0
LeftS066597,22.8492,-15.0818,4.502e-19,6.750e-19,1.086e-18,-0.0006,-101.84,0
LeftS066598,22.8493,-15.0800,2.441e-18,2.117e-18,1.154e-18,0.0002,-101.71,0
LeftS066601,22.9235,-15.0794,4.870e-19,4.658e-19,3.137e-19,-0.0001,-99.81,0
LeftS066604,22.8580,-15.0780,1.248e-20,1.594e-20,1.935e-20,0.0001,-101.63,0
LeftS066605,22.9269,-15.0859,2.539e-20,3.258e-20,4.076e-20,0.0007,-99.94,0
LeftS066607,22.9306,-15.0830,6.382e-18,5.311e-18,2.652e-18,-0.0011,-99.95,0
LeftS066613,22.9262,-15.0889,3.016e-20,3.762e-20,4.060e-20,-0.0002,-99.93,0
LeftS066615,22.8443,-15.0820,2.989e-19,2.960e-19,2.120e-19,-0.0001,-102.02,0
LeftS066620,22.8326,-15.0866,9.872e-18,7.958e-18,3.607e-18,0.0008,-102.01,0
LeftS066622,22.9277,-15.0830,9.145e-19,8.959e-19,6.273e-19,0.0002,-100.01,0
LeftS066623,22.9443,-15.0876,4.037e-14,2.769e-14,9.582e-15,0.0002,-99.92,0
LeftS066633,22.9433,-15.0807,6.510e-20,7.563e-20,7.336e-20,-0.0002,-99.73,0
LeftS066634,22.9379,-15.0859,2.890e-14,1.985e-14,6.664e-15,-0.0003,-99.86,0
LeftS066635,22.9396,-15.0938,2.684e-19,2.899e-19,2.472e-19,-0.0006,-100.02,0
LeftS066644,22.9454,-15.0855,4.769e-20,5.537e-20,5.244e-20,-0.0001,-99.88,0
LeftS066645,22.9346,-15.0839,5.509e-20,6.768e-20,7.137e-20,0.0007,-99.96,0
LeftS066646,22.9352,-15.0842,1.063e-18,1.892e-18,4.430e-18,-0.0003,-99.92,0
LeftS066647,22.9475,-15.0865,2.829e-19,2.954e-19,2.420e-19,-0.0008,-99.71,0
LeftS066649,22.9452,-15.0786,9.742e-19,1.713e-18,3.893e-18,0.0002,-99.7,0
LeftS066650,22.9455,-15.0868,1.283e-20,1.683e-20,2.039e-20,0.0,-99.85,0
LeftS066651,22.9451,-15.0859,1.552e-19,1.671e-19,1.414e-19,-0.0,-99.83,0
LeftS066652,22.8272,-15.0837,3.054e-18,2.790e-18,1.636e-18,0.0,-101.85,0
LeftS066653,22.9418,-15.0932,5.871e-19,5.770e-19,3.875e-19,-0.0004,-100.04,0
LeftS066658,22.9352,-15.0886,3.312e-20,3.909e-20,3.883e-20,-0.0002,-100.02,0
LeftS066659,22.8331,-15.0803,2.609e-20,3.259e-20,3.712e-20,0.0007,-101.76,0
LeftS066660,22.8324,-15.0852,2.627e-20,3.294e-20,3.802e-20,-0.0004,-101.91,0
LeftS066661,22.8408,-15.0695,2.662e-19,2.576e-19,1.729e-19,-0.0004,-101.65,0
LeftS066665,22.9522,-15.0886,4.452e-18,3.852e-18,2.059e-18,0.0005,-99.69,0
LeftS066667,22.8309,-15.0732,5.888e-14,4.925e-14,2.441e-14,-0.0,-101.77,1
LeftS066668,22.8335,-15.0798,2.356e-17,1.773e-17,7.206e-18,0.0008,-101.93,0
LeftS066669,22.9459,-15.0861,3.669e-18,3.028e-18,1.481e-18,-0.0005,-99.89,0
LeftS066673,22.8895,-15.0837,8.575e-20,9.792e-20,9.003e-20,-0.0007,-101.75,0
LeftS066674,22.8350,-15.0843,3.257e-17,2.452e-17,1.023e-17,0.0001,-102.11,1
LeftS066675,22.9484,-15.0835,4.534e-19,8.901e-19,2.630e-18,-0.0005,-99.75,0
LeftS066676,22.9481,-15.0857,2.628e-17,2.064e-17,8.883e-18,-0.0006,-99.75,1
LeftS066677,22.8330,-15.0812,5.746e-17,4.170e-17,1.589e-17,0.0003,-101.87,0
LeftS066678,22.9473,-15.0868,2.739e-16,1.949e-16,7.174e-17,0.0009,-99.86,0
LeftS066679,22.8322,-15.0788,1.856e-18,1.566e-18,8.137e-19,0.0008,-101.79,0
LeftS066680,22.8275,-15.0792,1.687e-18,1.462e-18,7.860e-19,0.0007,-101.84,0
LeftS066682,22.8327,-15.0757,2.278e-17,1.691e-17,6.915e-18,0.0003,-101.82,0
LeftS066684,22.9444,-15.0934,8.267e-18,6.672e-18,3.069e-18,-0.0002,-100.01,0
LeftS066685,22.8328,-15.0727,1.321e-18,2.225e-18,4.570e-18,0.0001,-101.87,0
LeftS066687,22.8326,-15.0698,2.133e-17,1.560e-17,5.947e-18,-0.0,-101.69,0
LeftS066688,22.9414,-15.0992,1.160e-17,9.418e-18,4.310e-18,-0.0014,-100.2,0
LeftS066689,22.8339,-15.0683,1.023e-16,7.419e-17,2.862e-17,-0.0009,-101.58,0
LeftS066690,22.8340,-15.0673,2.100e-17,1.590e-17,6.779e-18,0.0006,-101.65,1
LeftS066691,22.8318,-15.0663,7.278e-18,5.936e-18,2.876e-18,0.0009,-101.56,0
LeftS066692,22.9411,-15.1043,1.021e-18,1.557e-18,2.712e-18,0.001,-100.24,0
LeftS066693,22.9406,-15.1032,1.584e-16,1.089e-16,3.777e-17,0.0005,-100.34,0
LeftS066694,22.9432,-15.1064,2.734e-18,2.596e-18,1.687e-18,-0.0,-100.27,0
LeftS066695,22.9392,-15.1071,7.973e-18,6.477e-18,3.004e-18,-0.001,-100.35,0
LeftS066696,22.9410,-15.1084,1.444e-17,1.198e-17,5.941e-18,0.0002,-100.48,0
LeftS066697,22.8372,-15.0581,1.459e-18,3.129e-18,1.096e-17,-0.0002,-101.37,0
LeftS066698,22.8369,-15.0566,2.919e-17,2.218e-17,9.027e-18,-0.0007,-101.39,1
LeftS066699,22.9352,-15.1136,2.499e-17,1.878e-17,7.805e-18,0.0002,-100.48,1
LeftS066700,22.8420,-15.0527,1.451e-16,1.033e-16,3.841e-17,0.0005,-101.28,0
LeftS066701,22.9348,-15.1158,9.668e-18,8.077e-18,3.915e-18,-0.0005,-100.64,0
LeftS066702,22.8413,-15.0496,4.377e-19,4.478e-19,3.413e-19,0.0002,-101.09,0
LeftS066703,22.8442,-15.0513,2.040e-17,1.547e-17,6.317e-18,0.0004,-101.09,1
LeftS066704,22.9290,-15.1192,5.547e-17,3.959e-17,1.494e-17,-0.0005,-100.78,0
LeftS066705,22.9367,-15.1208,1.989e-18,1.669e-18,8.335e-19,-0.0004,-100.61,0
LeftS066706,22.8505,-15.0441,4.010e-19,3.815e-19,2.599e-19,0.0004,-100.92,0
LeftS066707,22.8526,-15.0431,3.507e-20,4.439e-20,4.929e-20,-0.0006,-100.87,0
LeftS066708,22.8493,-15.0396,6.488e-18,4.999e-18,2.165e-18,-0.0004,-101.03,1
LeftS066709,22.8501,-15.0392,2.712e-18,3.794e-18,5.638e-18,0.0002,-101.03,0
LeftS066710,22.9210,-15.1286,1.070e-17,8.580e-18,3.946e-18,-0.0004,-101.09,1
LeftS066711,22.8601,-15.0345,1.357e-18,3.087e-18,1.195e-17,0.0008,-100.74,0
LeftS066712,22.9232,-15.1305,3.845e-17,2.811e-17,1.088e-17,0.0005,-100.93,0
LeftS066713,22.8620,-15.0349,3.991e-18,3.388e-18,1.780e-18,0.0001,-100.68,0
LeftS066714,22.8641,-15.0339,1.214e-18,1.877e-18,3.411e-18,0.0007,-100.68,0
LeftS066716,22.8676,-15.0309,1.136e-16,8.076e-17,2.925e-17,0.0,-100.66,0
LeftS066717,22.9100,-15.1383,5.903e-19,5.659e-19,3.743e-19,0.0001,-101.26,0
LeftS066718,22.9111,-15.1375,5.665e-17,4.009e-17,1.444e-17,0.0,-101.35,0
LeftS066719,22.8735,-15.0277,9.370e-17,6.650e-17,2.433e-17,-0.0005,-100.29,0
LeftS066720,22.9056,-15.1446,8.669e-17,6.315e-17,2.356e-17,0.0003,-101.43,0
LeftS066721,22.9020,-15.1472,1.784e-20,2.447e-20,3.346e-20,0.0012,-101.35,0
LeftS066722,22.9026,-15.1426,1.518e-17,1.148e-17,4.780e-18,-0.0006,-101.42,1
LeftS066723,22.8794,-15.0226,1.614e-16,1.103e-16,3.727e-17,0.0001,-100.21,0
LeftS066724,22.8825,-15.0242,3.902e-17,2.829e-17,1.055e-17,-0.0002,-100.11,0
LeftS066725,22.8879,-15.0219,2.010e-17,1.482e-17,5.778e-18,-0.0001,-100.18,0
LeftS066726,22.8892,-15.1508,1.369e-17,1.092e-17,4.874e-18,0.0007,-101.76,1
LeftS066727,22.8935,-15.0151,2.074e-16,1.419e-16,4.900e-17,0.0009,-100.07,0
LeftS066729,22.8981,-15.0193,1.642e-17,1.335e-17,6.211e-18,-0.0007,-99.81,0
LeftS066730,22.8774,-15.1524,1.547e-16,1.074e-16,3.797e-17,-0.0004,-101.89,0
LeftS066731,22.9032,-15.0166,2.410e-17,1.920e-17,8.880e-18,0.0004,-99.84,1
LeftS066732,22.9083,-15.0111,8.947e-16,5.798e-16,1.792e-16,0.0006,-99.74,0
LeftS066733,22.9090,-15.0155,7.223e-14,5.812e-14,2.762e-14,-0.0008,-99.83,1
LeftS066734,22.9138,-15.0097,1.515e-18,3.132e-18,9.837e-18,0.0005,-99.64,0
LeftS066735,22.8606,-15.1595,2.485e-17,1.804e-17,6.671e-18,-0.0,-102.13,0
LeftS066736,22.8568,-15.1554,1.198e-18,1.723e-18,2.565e-18,-0.0002,-102.17,0
LeftS066737,22.9248,-15.0093,3.570e-16,2.415e-16,7.991e-17,0.0006,-99.46,0
LeftS066739,22.9287,-15.0104,1.536e-18,3.005e-18,8.804e-18,0.0,-99.47,0
LeftS066740,22.9361,-15.0056,1.239e-17,9.854e-18,4.364e-18,0.0001,-99.45,1
LeftS066741,22.8412,-15.1552,4.712e-16,3.161e-16,1.058e-16,0.0011,-102.52,0
LeftS066742,22.8382,-15.1584,5.892e-17,4.193e-17,1.510e-17,0.0002,-102.34,0
LeftS066743,22.8353,-15.1607,2.596e-17,2.009e-17,8.616e-18,0.0008,-102.51,1
LeftS066744,22.8306,-15.1543,1.928e-16,1.374e-16,4.966e-17,-0.0009,-102.43,0
LeftS066745,22.8281,-15.1584,1.213e-19,1.331e-19,1.174e-19,0.0009,-102.62,0
LeftS066746,22.8236,-15.1579,1.041e-18,9.911e-19,6.439e-19,0.0005,-102.62,0
LeftS066747,22.8217,-15.1523,9.814e-17,6.886e-17,2.548e-17,-0.0001,-102.56,0
LeftS066748,22.8203,-15.1518,6.271e-20,7.711e-20,8.423e-20,0.0001,-102.55,0
LeftS066749,22.9632,-15.0112,5.097e-17,3.715e-17,1.430e-17,0.0002,-99.16,0
LeftS066750,22.9685,-15.0173,1.594e-19,1.759e-19,1.562e-19,-0.0004,-99.21,0
LeftS066751,22.9650,-15.0186,4.615e-15,3.077e-15,9.784e-16,-0.0002,-99.19,0
LeftS066752,22.8107,-15.1477,1.475e-17,1.135e-17,4.978e-18,0.0007,-102.55,1
LeftS066754,22.8000,-15.1418,4.856e-14,3.800e-14,1.682e-14,0.0008,-102.66,1
LeftS066755,22.8002,-15.1404,3.485e-16,2.362e-16,7.887e-17,0.0,-102.62,0
LeftS066756,22.7954,-15.1354,4.254e-18,3.734e-18,2.026e-18,-0.0002,-102.63,0
LeftS066757,22.7884,-15.1347,4.371e-16,3.070e-16,1.063e-16,0.0008,-102.74,0
LeftS066758,22.7899,-15.1330,2.171e-17,1.594e-17,6.402e-18,-0.0005,-102.63,0
LeftS066759,22.9839,-15.0354,4.206e-17,3.205e-17,1.351e-17,0.0007,-99.11,0
LeftS066760,22.9924,-15.0421,1.558e-17,1.234e-17,5.623e-18,-0.001,-99.24,1
LeftS066761,22.9930,-15.0443,1.075e-17,8.120e-18,3.371e-18,0.0005,-99.24,0
LeftS066762,22.7916,-15.1133,1.685e-18,1.456e-18,7.834e-19,0.0,-102.53,0
LeftS066763,22.7834,-15.1151,2.682e-17,1.966e-17,7.913e-18,0.0002,-102.47,0
LeftS066764,22.9860,-15.0580,2.804e-14,1.911e-14,6.563e-15,-0.0006,-99.32,0
LeftS066765,22.9918,-15.0619,1.518e-17,2.399e-17,4.320e-17,0.0,-99.36,0
LeftS066766,22.9899,-15.0667,6.400e-14,5.255e-14,2.524e-14,0.0003,-99.35,1
LeftS066767,22.9923,-15.0717,1.732e-18,1.558e-18,9.065e-19,-0.0,-99.53,0
LeftS066768,22.9916,-15.0757,1.288e-17,9.657e-18,3.943e-18,0.001,-99.66,1
LeftS066769,22.7850,-15.0857,4.327e-15,2.878e-15,9.067e-16,0.0002,-102.15,0
LeftS066770,22.7861,-15.0809,1.014e-17,8.231e-18,3.956e-18,-0.0003,-102.03,0
LeftS066771,22.9875,-15.0909,5.690e-17,4.151e-17,1.611e-17,0.0001,-99.85,0
LeftS066772,22.7896,-15.0734,8.696e-18,7.467e-18,4.029e-18,-0.0002,-102.04,0
LeftS066773,22.7912,-15.0642,1.213e-17,9.461e-18,4.174e-18,0.0007,-101.69,1
LeftS066774,22.9795,-15.1062,1.348e-16,9.582e-17,3.456e-17,0.0009,-99.82,0
LeftS066775,22.9798,-15.1135,2.306e-17,1.758e-17,7.520e-18,-0.0005,-100.12,1
LeftS066776,22.8061,-15.0491,1.695e-17,1.288e-17,5.277e-18,-0.0003,-101.43,1
LeftS066777,22.8053,-15.0459,3.233e-19,3.397e-19,2.696e-19,0.0009,-101.43,0
LeftS066778,22.8033,-15.0392,2.917e-19,2.907e-19,2.039e-19,0.0007,-101.39,0
LeftS066779,22.9581,-15.1364,7.990e-19,1.436e-18,3.445e-18,0.0003,-100.62,0
LeftS066780,22.8191,-15.0341,2.820e-19,2.872e-19,2.204e-19,-0.0004,-101.17,0
LeftS066781,22.9526,-15.1451,1.205e-16,8.166e-17,2.703e-17,-0.0003,-100.91,0
LeftS066782,22.9404,-15.1535,1.318e-17,1.033e-17,4.606e-18,0.0008,-100.97,1
LeftS066783,22.8407,-15.0130,9.647e-17,7.101e-17,2.780e-17,0.0001,-100.69,0
LeftS066784,22.9259,-15.1535,5.424e-16,3.645e-16,1.171e-16,-0.001,-101.15,0
LeftS066785,22.9256,-15.1611,2.252e-18,4.235e-18,1.160e-17,-0.0007,-101.23,0
LeftS066787,22.9124,-15.1730,4.739e-18,4.073e-18,2.123e-18,-0.0003,-101.45,0
LeftS066788,22.9055,-15.1704,5.617e-18,4.639e-18,2.215e-18,-0.0007,-101.44,0
LeftS066789,22.9001,-15.1752,4.772e-17,3.386e-17,1.226e-17,-0.0003,-101.71,0
LeftS066790,22.8861,-15.1855,2.420e-17,1.784e-17,7.073e-18,-0.0005,-101.7,0
LeftS066791,22.9016,-14.9805,8.024e-18,6.262e-18,2.875e-18,0.001,-99.89,0
LeftS066792,22.8699,-15.1842,1.901e-17,1.451e-17,6.311e-18,0.0012,-101.96,1
LeftS066793,22.9177,-14.9837,6.057e-18,4.826e-18,2.167e-18,0.0006,-99.66,0
LeftS066794,22.9285,-14.9816,8.616e-19,8.367e-19,5.721e-19,0.0003,-99.48,0
LeftS066795,22.9323,-14.9882,1.476e-17,1.102e-17,4.592e-18,0.0007,-99.37,1
LeftS066796,22.8281,-15.0759,2.114e-19,2.254e-19,1.832e-19,-0.0005,-102.0,0
LeftS066797,22.9381,-15.0949,5.178e-19,1.182e-18,4.550e-18,0.0005,-100.09,0
LeftS066799,22.9461,-15.0942,8.096e-19,7.832e-19,5.141e-19,-0.0007,-100.04,0
LeftS066801,22.9455,-15.0973,1.507e-19,1.670e-19,1.470e-19,0.0001,-100.02,0
LeftS066802,22.8421,-15.0686,1.660e-19,1.849e-19,1.704e-19,0.0004,-101.66,0
LeftS066805,22.9439,-15.0994,1.180e-19,1.251e-19,9.973e-20,0.0003,-100.02,0
LeftS066806,22.9457,-15.1012,1.062e-18,9.558e-19,5.749e-19,-0.0002,-100.14,0
LeftS066807,22.9403,-15.1014,6.148e-18,4.956e-18,2.377e-18,0.0009,-100.18,0
LeftS066808,22.9345,-15.1075,1.484e-17,1.115e-17,4.726e-18,0.0006,-100.42,1
LeftS066809,22.8479,-15.0609,2.123e-18,3.433e-18,6.357e-18,-0.0007,-101.37,0
LeftS066810,22.9385,-15.1043,1.910e-18,1.645e-18,8.566e-19,-0.0006,-100.16,0
LeftS066812,22.8385,-15.0600,1.091e-16,7.821e-17,2.907e-17,-0.0005,-101.44,0
LeftS066814,22.9372,-15.1051,1.597e-16,3.715e-16,1.585e-15,0.0002,-100.42,0
LeftS066815,22.8414,-15.0596,8.447e-20,9.427e-20,8.495e-20,-0.0002,-101.34,0
LeftS066816,22.8393,-15.0564,1.437e-17,1.097e-17,4.495e-18,-0.0001,-101.49,1
LeftS066822,22.9309,-15.1176,6.634e-19,6.197e-19,3.922e-19,-0.0004,-100.64,0
LeftS066823,22.9279,-15.1169,2.863e-19,2.881e-19,2.132e-19,0.0003,-100.64,0
LeftS066824,22.8417,-15.0509,4.632e-20,5.333e-20,5.148e-20,0.0011,-101.2,0
LeftS066825,22.8536,-15.0474,4.213e-19,6.563e-19,1.202e-18,-0.0005,-101.0,0
LeftS066826,22.8468,-15.0439,5.000e-18,4.020e-18,1.840e-18,0.0005,-101.11,0
LeftS066827,22.9339,-15.1181,8.301e-18,6.316e-18,2.688e-18,0.0006,-100.52,0
LeftS066828,22.8531,-15.0417,5.858e-17,4.318e-17,1.742e-17,-0.0003,-100.95,0
LeftS066829,22.9203,-15.1203,2.369e-18,3.564e-18,6.272e-18,-0.001,-100.87,0
LeftS066830,22.9193,-15.1207,1.528e-20,1.971e-20,2.328e-20,-0.0009,-100.93,0
LeftS066831,22.8593,-15.0425,2.933e-18,6.302e-18,2.237e-17,0.0015,-100.8,0
LeftS066834,22.8578,-15.0419,1.007e-19,1.129e-19,1.031e-19,0.0014,-100.78,0
LeftS066835,22.8534,-15.0352,9.494e-20,1.048e-19,9.210e-20,0.0005,-100.74,0
LeftS066836,22.8600,-15.0379,1.521e-17,1.184e-17,5.100e-18,0.0001,-100.81,1
LeftS066838,22.9207,-15.1278,5.673e-17,4.295e-17,1.740e-17,-0.0004,-100.95,0
LeftS066839,22.9101,-15.1328,2.067e-20,2.653e-20,3.203e-20,0.0004,-101.13,0
LeftS066840,22.8605,-15.0303,2.037e-17,1.524e-17,6.270e-18,-0.0002,-100.68,1
LeftS066842,22.9184,-15.1287,1.788e-18,1.590e-18,9.027e-19,-0.0008,-101.01,0
LeftS066843,22.8666,-15.0381,8.337e-19,1.599e-18,4.458e-18,-0.0003,-100.67,0
LeftS066849,22.8952,-15.1410,1.275e-19,1.405e-19,1.222e-19,-0.0002,-101.59,0
LeftS066850,22.8798,-15.0225,7.894e-20,8.929e-20,8.391e-20,0.0006,-100.28,0
LeftS066853,22.8949,-15.1474,8.073e-19,1.453e-18,3.643e-18,-0.0003,-101.63,0
LeftS066854,22.8971,-15.1428,1.554e-18,1.398e-18,8.171e-19,-0.001,-101.56,0
LeftS066855,22.8863,-15.1511,1.575e-17,1.209e-17,5.150e-18,0.0012,-101.78,1
LeftS066856,22.8877,-15.0232,1.057e-18,1.862e-18,4.255e-18,-0.0004,-99.96,0
LeftS066857,22.8894,-15.0176,4.630e-18,3.906e-18,2.010e-18,-0.0,-100.08,0
LeftS066858,22.8932,-15.0176,2.212e-19,2.329e-19,1.876e-19,-0.0002,-99.98,0
LeftS066859,22.8902,-15.0198,2.686e-17,2.146e-17,1.002e-17,0.0006,-99.97,0
LeftS066862,22.8738,-15.1536,1.700e-14,1.170e-14,4.076e-15,0.0002,-102.06,0
LeftS066863,22.8752,-15.1584,3.243e-18,2.764e-18,1.428e-18,0.0002,-101.89,0
LeftS066864,22.9058,-15.0137,1.806e-18,2.982e-18,6.052e-18,-0.0004,-99.64,0
LeftS066865,22.8748,-15.1520,2.150e-19,2.231e-19,1.687e-19,0.0003,-101.99,0
LeftS066866,22.8686,-15.1543,2.211e-18,1.896e-18,1.008e-18,-0.0001,-102.11,0
LeftS066867,22.9100,-15.0119,1.212e-19,1.329e-19,1.200e-19,0.0013,-99.73,0
LeftS066868,22.9117,-15.0155,1.882e-18,3.516e-18,9.230e-18,-0.0002,-99.68,0
LeftS066870,22.8677,-15.1464,4.194e-18,3.530e-18,1.800e-18,-0.0002,-102.06,0
LeftS066871,22.8613,-15.1512,5.961e-19,5.959e-19,4.142e-19,0.0002,-102.05,0
LeftS066872,22.8576,-15.1614,8.516e-19,7.724e-19,4.561e-19,-0.0002,-102.18,0
LeftS066873,22.9215,-15.0147,1.425e-17,1.071e-17,4.430e-18,0.0002,-99.48,1
LeftS066874,22.8543,-15.1546,5.925e-19,6.062e-19,4.663e-19,0.0002,-102.21,0
LeftS066875,22.8561,-15.1541,6.466e-19,1.271e-18,3.667e-18,-0.0,-102.3,0
LeftS066876,22.9320,-15.0060,2.979e-19,2.958e-19,2.110e-19,-0.0001,-99.48,0
LeftS066877,22.9280,-15.0249,1.692e-18,1.525e-18,9.210e-19,-0.0007,-99.47,0
LeftS066879,22.9371,-15.0066,5.429e-19,1.004e-18,2.662e-18,-0.0,-99.5,0
LeftS066882,22.8286,-15.1614,1.775e-18,3.443e-18,9.715e-18,-0.0003,-102.42,0
LeftS066883,22.9402,-15.0168,1.915e-18,3.435e-18,8.261e-18,0.0003,-99.26,0
LeftS066885,22.8386,-15.1442,1.003e-17,1.665e-17,3.404e-17,-0.0004,-102.42,0
LeftS066886,22.9535,-15.0172,7.209e-18,5.671e-18,2.583e-18,-0.0002,-99.33,0
LeftS066887,22.9535,-15.0115,1.517e-20,2.077e-20,2.779e-20,0.0002,-99.26,0
LeftS066888,22.9605,-15.0132,2.475e-18,4.219e-18,9.276e-18,0.0007,-99.16,0
LeftS066889,22.8224,-15.1464,2.855e-18,2.460e-18,1.331e-18,-0.0003,-102.58,0
LeftS066891,22.8127,-15.1576,1.003e-19,1.144e-19,1.094e-19,0.0006,-102.6,0
LeftS066893,22.9669,-15.0230,1.467e-19,1.569e-19,1.284e-19,0.0003,-99.11,0
LeftS066895,22.9669,-15.0323,1.145e-20,1.541e-20,2.005e-20,-0.0001,-99.12,0
LeftS066897,22.9738,-15.0255,1.643e-18,2.697e-18,5.514e-18,-0.0,-99.2,0
LeftS066899,22.9733,-15.0432,5.789e-20,6.719e-20,6.531e-20,-0.0001,-99.28,0
LeftS066900,22.9867,-15.0331,2.460e-18,5.749e-18,2.389e-17,-0.0011,-99.2,0
LeftS066901,22.9862,-15.0398,1.124e-18,1.088e-18,7.207e-19,0.0003,-99.13,0
LeftS066902,22.8006,-15.1336,4.516e-18,3.760e-18,1.830e-18,-0.0003,-102.52,0
LeftS066903,22.9859,-15.0264,1.266e-17,9.526e-18,4.016e-18,-0.0001,-99.17,1
LeftS066904,22.9966,-15.0390,9.213e-18,7.197e-18,3.119e-18,0.0007,-99.16,1
LeftS066905,22.7950,-15.1172,5.736e-20,6.394e-20,5.495e-20,-0.0007,-102.51,0
LeftS066906,22.7924,-15.1189,1.837e-17,1.511e-17,7.335e-18,-0.0003,-102.51,0
LeftS066908,22.7822,-15.1153,2.042e-17,1.604e-17,7.229e-18,0.0005,-102.39,1
LeftS066909,22.9835,-15.0532,2.630e-16,1.779e-16,5.905e-17,0.0003,-99.3,0
LeftS066910,22.9773,-15.0564,1.273e-18,2.111e-18,4.335e-18,-0.0001,-99.36,0
LeftS066911,22.9907,-15.0551,7.646e-18,6.313e-18,3.046e-18,0.0005,-99.35,0
LeftS066912,22.7954,-15.1046,7.461e-19,1.248e-18,2.632e-18,-0.0006,-102.38,0
LeftS066913,22.9975,-15.0637,7.722e-19,1.355e-18,3.294e-18,0.0003,-99.45,0
LeftS066914,22.9890,-15.0689,5.072e-18,3.912e-18,1.723e-18,0.0006,-99.4,0
LeftS066915,22.7898,-15.0955,5.499e-18,4.505e-18,2.193e-18,0.0002,-102.2,0
LeftS066916,22.9970,-15.0752,1.900e-18,1.669e-18,9.218e-19,-0.0006,-99.45,0
LeftS066917,22.9971,-15.0796,1.937e-19,2.108e-19,1.848e-19,-0.0002,-99.74,0
LeftS066918,22.7873,-15.0881,6.482e-18,5.374e-18,2.770e-18,0.0,-102.15,0
LeftS066920,22.9769,-15.0872,4.680e-18,6.627e-18,9.958e-18,-0.0006,-99.68,0
LeftS066921,22.9685,-15.0878,3.452e-18,3.006e-18,1.597e-18,-0.0005,-99.75,0
LeftS066923,22.9704,-15.0957,7.333e-17,5.261e-17,1.944e-17,0.0005,-100.01,0
LeftS066924,22.7965,-15.0682,2.974e-19,2.876e-19,1.902e-19,-0.0003,-101.81,0
LeftS066925,22.8003,-15.0643,1.444e-18,1.293e-18,7.442e-19,0.0003,-101.75,0
LeftS066926,22.9869,-15.1095,7.317e-18,5.976e-18,2.781e-18,0.0003,-100.11,0
LeftS066927,22.9861,-15.1118,3.378e-18,3.038e-18,1.820e-18,-0.0006,-100.21,0
LeftS066929,22.9847,-15.1187,6.140e-18,4.879e-18,2.278e-18,-0.0002,-100.23,0
LeftS066930,22.8101,-15.0497,1.313e-18,1.151e-18,6.421e-19,-0.0011,-101.45,0
LeftS066933,22.8190,-15.0331,8.873e-19,1.275e-18,1.908e-18,-0.0005,-101.16,0
LeftS066935,22.8250,-15.0238,2.671e-20,3.493e-20,4.385e-20,-0.0004,-100.96,0
LeftS066937,22.8460,-15.0214,4.885e-18,4.187e-18,2.184e-18,-0.0002,-100.76,0
LeftS066938,22.9351,-15.1582,8.751e-17,6.601e-17,2.738e-17,0.0002,-101.1,0
LeftS066939,22.8530,-15.0154,3.995e-19,4.407e-19,3.735e-19,0.0004,-100.74,0
LeftS066940,22.8477,-15.0058,4.928e-18,4.078e-18,2.011e-18,-0.0007,-100.66,0
LeftS066942,22.8709,-15.0005,1.140e-16,8.197e-17,3.032e-17,-0.0006,-100.4,0
LeftS066949,22.9015,-14.9832,5.619e-19,1.040e-18,2.720e-18,0.0004,-99.88,0
LeftS066950,22.8711,-15.1763,2.008e-19,2.133e-19,1.710e-19,0.0003,-101.99,0
LeftS066951,22.9124,-14.9936,8.755e-17,6.416e-17,2.479e-17,-0.0002,-99.79,0
LeftS066952,22.8631,-15.1726,8.001e-18,6.872e-18,3.664e-18,-0.0002,-102.24,0
LeftS066953,22.9193,-14.9956,2.802e-20,3.627e-20,4.566e-20,-0.0001,-99.75,0
LeftS066954,22.9270,-14.9961,1.731e-18,1.495e-18,7.985e-19,0.0004,-99.52,0
LeftS066958,22.8107,-15.2028,7.009e-19,1.225e-18,2.726e-18,0.0004,-102.34,0
LeftS066959,23.0709,-14.8025,2.268e-19,2.365e-19,1.884e-19,0.0001,-98.08,0
LeftS066960,23.0447,-14.7681,1.337e-20,1.678e-20,1.983e-20,0.0002,-98.0,0
LeftS066961,23.0707,-14.8048,1.044e-20,1.403e-20,1.781e-20,-0.0,-96.97,0
LeftS066967,23.0521,-14.8005,9.466e-20,1.093e-19,1.075e-19,0.0003,-96.97,0
LeftS066968,23.0823,-14.7993,2.630e-18,5.235e-18,1.511e-17,0.0007,-97.57,0
LeftS066979,23.0698,-14.8019,1.467e-19,1.613e-19,1.423e-19,0.0,-97.46,0
LeftS066983,23.1249,-14.7769,1.564e-20,2.070e-20,2.615e-20,-0.0001,-97.89,0
LeftS066984,23.0602,-14.7636,9.275e-19,1.704e-18,4.416e-18,-0.0,-98.62,0
LeftS066990,23.0809,-14.8010,9.749e-20,1.070e-19,9.051e-20,0.0001,-97.6,0
LeftS066992,23.0623,-14.7867,4.358e-20,5.133e-20,5.163e-20,0.0005,-98.28,0
LeftS066998,23.0822,-14.8129,5.074e-14,5.140e-14,3.663e-14,0.0001,-96.66,1
LeftS067006,23.0486,-14.7503,1.585e-19,1.619e-19,1.260e-19,-0.0,-98.45,0
LeftS067007,23.0455,-14.8285,8.304e-19,1.439e-18,3.164e-18,0.0003,-95.58,0
LeftS067010,23.0729,-14.7499,5.584e-19,1.042e-18,2.780e-18,0.0003,-99.01,0
LeftS067019,23.0434,-14.7916,1.472e-18,2.240e-18,3.799e-18,-0.0002,-97.28,0
LeftS067021,23.0661,-14.8346,2.295e-18,2.028e-18,1.160e-18,-0.0003,-95.33,0
LeftS067023,23.0967,-14.7732,2.925e-20,3.496e-20,3.718e-20,0.0004,-98.26,0
LeftS067025,23.0594,-14.7607,1.545e-20,2.034e-20,2.645e-20,-0.0001,-98.55,0
LeftS067026,23.0762,-14.8616,1.320e-18,1.116e-18,5.870e-19,0.0004,-95.37,0
LeftS067031,23.0654,-14.8253,1.287e-19,1.346e-19,1.041e-19,-0.0001,-95.55,0
LeftS067035,23.0519,-14.7955,1.367e-18,2.679e-18,7.807e-18,0.0006,-97.12,0
LeftS067036,23.0753,-14.8097,3.437e-19,3.379e-19,2.311e-19,-0.0001,-96.08,0
LeftS067038,23.0701,-14.8228,7.609e-19,7.030e-19,4.432e-19,-0.0008,-95.73,0
LeftS067056,23.0091,-14.7994,3.231e-18,4.851e-18,8.367e-18,-0.0001,-96.87,0
LeftS067061,23.0543,-14.8151,1.500e-20,2.100e-20,2.955e-20,0.0003,-96.21,0
LeftS067069,23.0600,-14.8107,1.626e-20,2.120e-20,2.581e-20,0.0006,-96.03,0
LeftS067070,23.0925,-14.7960,4.014e-20,4.742e-20,4.894e-20,-0.0,-97.71,0
LeftS067076,23.0695,-14.7881,2.877e-20,3.118e-20,2.758e-20,-0.0005,-98.39,0
LeftS067081,23.0352,-14.7946,7.196e-14,5.549e-14,2.455e-14,0.0009,-97.07,1
LeftS067082,23.1056,-14.6942,1.034e-18,9.588e-19,5.943e-19,-0.0005,-99.21,0
LeftS067084,23.0895,-14.7647,3.672e-19,3.667e-19,2.649e-19,0.0002,-98.89,0
LeftS067086,23.0601,-14.8015,1.941e-14,1.323e-14,4.542e-15,-0.0008,-96.97,0
LeftS067099,23.0647,-14.8330,3.207e-19,5.419e-19,1.178e-18,0.0005,-95.44,0
LeftS067108,23.0751,-14.7874,1.891e-18,1.629e-18,8.491e-19,-0.0002,-98.45,0
LeftS067109,23.0177,-14.8265,1.346e-19,1.503e-19,1.373e-19,-0.0002,-96.25,0
LeftS067115,23.0999,-14.7695,2.854e-20,3.918e-20,5.359e-20,-0.0001,-98.25,0
LeftS067117,23.0998,-14.7573,1.230e-20,1.619e-20,2.092e-20,0.0001,-98.68,0
LeftS067118,23.0924,-14.8205,1.087e-20,1.443e-20,1.931e-20,-0.0,-96.66,0
LeftS067121,23.0602,-14.8293,5.598e-20,6.562e-20,6.517e-20,0.0005,-95.51,0
LeftS067122,23.0841,-14.7820,4.409e-20,5.284e-20,5.669e-20,-0.0001,-98.5,0
LeftS067125,23.0658,-14.7595,1.221e-20,1.573e-20,1.947e-20,-0.0,-98.57,0
LeftS067127,23.0568,-14.8127,2.411e-20,3.086e-20,3.683e-20,-0.0003,-96.13,0
LeftS067138,23.0616,-14.8240,1.170e-18,1.078e-18,6.591e-19,0.0003,-95.79,0
LeftS067144,23.0924,-14.7471,4.226e-18,9.875e-18,4.087e-17,0.0007,-98.81,0
LeftS067146,23.0706,-14.7981,4.846e-19,4.845e-19,3.449e-19,-0.0,-97.98,0
LeftS067149,23.0720,-14.8052,1.374e-20,1.898e-20,2.718e-20,0.0001,-96.94,1
LeftS067157,23.0515,-14.7821,1.058e-18,9.140e-19,4.916e-19,0.0009,-97.77,0
LeftS067166,23.0510,-14.7740,6.267e-18,1.522e-17,6.773e-17,0.0009,-97.91,0
LeftS067171,23.1379,-14.8209,3.692e-20,4.495e-20,4.711e-20,0.0007,-97.0,0
LeftS067175,23.0415,-14.8350,1.359e-17,3.410e-17,1.662e-16,-0.0004,-95.6,0
LeftS067178,23.0679,-14.7715,1.003e-19,1.135e-19,1.068e-19,0.0002,-98.63,0
LeftS067181,23.1077,-14.8375,1.614e-20,2.017e-20,2.260e-20,-0.0001,-96.54,0
LeftS067185,23.0126,-14.7774,3.441e-14,2.373e-14,8.163e-15,-0.0004,-97.36,0
LeftS067186,23.0755,-14.8062,4.349e-19,4.232e-19,2.877e-19,-0.0004,-96.21,0
LeftS067188,23.0716,-14.8046,1.100e-19,1.183e-19,1.024e-19,-0.0004,-98.17,0
LeftS067189,23.0443,-14.6940,3.286e-18,2.772e-18,1.393e-18,-0.0,-98.66,0
LeftS067190,23.0678,-14.8028,9.848e-19,9.484e-19,6.190e-19,-0.0002,-97.22,0
LeftS067192,23.0578,-14.7996,8.492e-14,6.265e-14,2.403e-14,-0.0,-97.08,0
LeftS067194,23.0705,-14.8110,4.259e-19,4.381e-19,3.255e-19,0.0012,-96.32,0
LeftS067200,23.0217,-14.9909,4.737e-20,5.364e-20,5.071e-20,0.0013,-94.76,0
LeftS067201,23.0806,-14.8076,1.258e-19,1.387e-19,1.208e-19,0.0011,-96.95,0
LeftS067203,23.0809,-14.8642,1.003e-20,1.329e-20,1.784e-20,-0.0007,-95.49,0
LeftS067206,23.0625,-14.8061,2.051e-18,3.530e-18,8.119e-18,0.0008,-96.69,0
LeftS067207,23.0962,-14.8368,1.125e-18,1.763e-18,3.353e-18,-0.0001,-96.29,0
LeftS067212,23.1005,-14.8207,3.338e-14,3.726e-14,3.457e-14,-0.0004,-96.68,0
LeftS067213,23.0730,-14.7827,1.500e-18,1.298e-18,7.109e-19,-0.001,-98.57,0
LeftS067220,23.0582,-14.7949,4.236e-14,2.964e-14,1.041e-14,0.0013,-97.38,0
LeftS067223,23.0800,-14.7673,1.965e-18,4.794e-18,2.101e-17,0.0008,-98.8,0
LeftS067229,23.0429,-14.7748,1.768e-19,1.840e-19,1.490e-19,-0.0007,-97.7,0
LeftS067236,23.0737,-14.7984,7.374e-19,6.785e-19,4.028e-19,-0.0007,-97.66,0
LeftS067242,23.0720,-14.7842,2.473e-20,3.260e-20,4.068e-20,0.0005,-98.57,0
LeftS067244,23.0731,-14.8042,1.450e-18,1.260e-18,6.906e-19,0.0001,-97.14,0
LeftS067248,23.0661,-14.8338,5.980e-19,5.407e-19,3.213e-19,0.0006,-95.34,0
LeftS067250,23.0918,-14.8065,2.505e-19,2.511e-19,1.798e-19,0.0006,-97.16,0
LeftS067251,23.0428,-14.8017,9.001e-19,8.206e-19,4.805e-19,0.0001,-96.09,0
LeftS067253,23.0789,-14.7858,6.372e-18,5.309e-18,2.673e-18,-0.0001,-98.18,0
LeftS067254,23.0808,-14.8349,9.026e-20,9.920e-20,8.441e-20,-0.0001,-95.65,0
LeftS067257,23.0851,-14.8125,2.933e-14,2.219e-14,9.123e-15,0.0002,-96.25,1
LeftS067259,23.0620,-14.8047,1.576e-20,2.074e-20,2.681e-20,-0.0001,-96.23,0
LeftS067260,23.0876,-14.8222,3.417e-14,2.815e-14,1.354e-14,-0.0004,-95.98,1
LeftS067261,23.0712,-14.8072,1.976e-19,2.026e-19,1.527e-19,-0.0005,-96.77,0
LeftS067262,23.0904,-14.7844,1.806e-20,2.282e-20,2.697e-20,0.0005,-98.65,0
LeftS067264,23.0581,-14.8076,1.651e-18,1.465e-18,8.197e-19,0.0005,-96.33,0
LeftS067265,23.0477,-14.8141,1.995e-18,4.615e-18,1.857e-17,0.0002,-95.46,0
LeftS067266,23.0416,-14.7803,3.550e-14,2.464e-14,8.979e-15,-0.0002,-98.77,0
LeftS067269,23.0629,-14.8171,8.625e-20,9.395e-20,8.125e-20,0.0,-96.17,0
LeftS067275,23.0406,-14.7984,4.738e-20,5.580e-20,5.458e-20,-0.0005,-96.87,0
LeftS067278,23.0457,-14.8101,1.872e-20,2.316e-20,2.534e-20,-0.0002,-95.54,0
LeftS067279,23.0460,-14.8103,3.632e-18,2.916e-18,1.359e-18,-0.0005,-96.32,0
LeftS067280,23.0663,-14.7858,3.017e-18,4.120e-18,5.929e-18,-0.0003,-98.24,0
LeftS067282,23.0743,-14.8068,1.468e-18,2.749e-18,7.510e-18,-0.0002,-96.9,0
LeftS067283,23.0816,-14.8324,5.090e-20,6.112e-20,6.632e-20,0.0007,-95.2,0
LeftS067284,23.0663,-14.7764,5.365e-18,4.463e-18,2.151e-18,-0.0005,-98.68,0
LeftS067287,23.0971,-14.7990,9.434e-18,6.972e-18,2.805e-18,-0.0003,-98.5,0
LeftS067288,23.0636,-14.7979,5.142e-18,4.311e-18,2.183e-18,0.0003,-97.97,0
LeftS067289,23.0475,-14.8093,6.670e-20,7.757e-20,7.804e-20,-0.0007,-96.28,0
LeftS067292,23.1023,-14.7910,1.113e-18,9.652e-19,5.368e-19,0.0004,-98.1,0
LeftS067295,23.0662,-14.8341,1.426e-18,2.597e-18,6.511e-18,0.0001,-95.45,0
LeftS067297,23.0982,-14.8174,5.406e-20,6.077e-20,5.779e-20,0.0002,-96.72,0
LeftS067298,23.0847,-14.8177,6.033e-19,5.519e-19,3.361e-19,0.0008,-96.22,0
LeftS067299,23.0374,-14.8090,4.625e-19,4.540e-19,3.046e-19,-0.0008,-96.33,0
LeftS067301,23.0590,-14.8108,2.122e-19,2.178e-19,1.634e-19,0.0011,-96.34,0
LeftS067302,23.0814,-14.7657,3.481e-20,4.088e-20,4.161e-20,0.0006,-98.81,0
LeftS067304,23.0984,-14.7919,8.383e-19,1.445e-18,3.156e-18,-0.0005,-97.93,0
LeftS067305,23.0580,-14.8015,5.120e-20,5.843e-20,5.394e-20,0.0005,-96.97,0
LeftS067310,23.0725,-14.7889,6.181e-19,6.186e-19,4.468e-19,0.0,-97.97,0
LeftS067311,23.0472,-14.7800,6.659e-19,1.480e-18,5.631e-18,-0.0007,-97.81,0
LeftS067313,23.0812,-14.8386,3.342e-20,4.140e-20,4.617e-20,-0.0004,-95.21,0
LeftS067315,23.0566,-14.7946,4.807e-20,5.691e-20,5.760e-20,0.0007,-97.44,0
LeftS067317,23.0470,-14.8081,2.313e-18,4.274e-18,1.128e-17,0.0002,-96.27,0
LeftS067319,23.0599,-14.8265,1.603e-19,1.615e-19,1.195e-19,0.0004,-95.5,0
LeftS067320,23.0540,-14.7791,1.629e-19,1.699e-19,1.327e-19,0.0003,-98.42,0
LeftS067324,23.0582,-14.8136,1.188e-20,1.484e-20,1.665e-20,0.0005,-95.71,0
LeftS067326,23.0848,-14.8028,9.459e-19,1.573e-18,3.334e-18,-0.0004,-97.49,0
LeftS067327,23.0974,-14.8059,4.611e-20,5.113e-20,4.592e-20,0.0,-98.02,0
LeftS067328,23.0513,-14.8193,1.653e-18,2.842e-18,6.444e-18,-0.0,-95.53,0
LeftS067330,23.0287,-14.7708,4.273e-14,3.408e-14,1.638e-14,0.0002,-98.63,1
LeftS067332,23.0833,-14.7794,5.891e-20,6.907e-20,6.759e-20,0.0002,-98.56,0
LeftS067334,23.0540,-14.8346,8.655e-20,9.785e-20,8.788e-20,0.0003,-95.29,0
LeftS067338,23.0553,-14.8032,6.126e-19,5.717e-19,3.658e-19,-0.0005,-96.34,0
LeftS067339,23.0743,-14.8294,3.443e-20,4.110e-20,4.285e-20,-0.0003,-95.45,0
LeftS067340,23.0610,-14.7820,6.362e-19,5.827e-19,3.533e-19,-0.0001,-98.01,0
LeftS067344,23.0276,-14.7936,2.406e-20,2.951e-20,3.371e-20,0.0001,-96.87,0
LeftS067345,23.0691,-14.8328,1.219e-18,1.126e-18,6.871e-19,0.0017,-95.32,0
LeftS067347,23.0821,-14.8084,3.878e-18,5.640e-18,9.237e-18,-0.0001,-97.02,0
LeftS067350,23.0641,-14.8109,1.576e-18,2.424e-18,4.170e-18,-0.0005,-95.99,0
LeftS067352,23.0301,-14.8003,1.106e-17,8.632e-18,3.717e-18,-0.0002,-96.65,1
LeftS067353,23.0576,-14.8065,2.511e-18,5.976e-18,2.574e-17,-0.0002,-96.01,0
LeftS067354,23.0669,-14.8147,1.571e-18,1.372e-18,7.628e-19,-0.0003,-95.94,0
LeftS067355,23.0859,-14.8102,8.419e-18,7.461e-18,4.182e-18,0.0007,-96.93,0
LeftS067358,23.0408,-14.8056,6.110e-20,7.362e-20,7.889e-20,-0.0,-96.57,0
LeftS067360,23.0668,-14.7982,1.302e-20,1.687e-20,2.095e-20,-0.0003,-97.42,0
LeftS067361,23.0502,-14.8014,1.198e-20,1.680e-20,2.350e-20,-0.0003,-96.68,0
LeftS067362,23.0383,-14.8122,2.297e-19,2.154e-19,1.389e-19,-0.0012,-95.82,0
LeftS067363,23.0456,-14.7892,6.788e-19,5.991e-19,3.363e-19,-0.0,-97.32,0
LeftS067364,23.0732,-14.7885,7.329e-19,6.777e-19,4.275e-19,0.0008,-98.3,0
LeftS067367,23.0375,-14.7929,1.510e-18,3.148e-18,1.037e-17,-0.0,-97.22,0
LeftS067369,23.0593,-14.7593,4.039e-20,4.496e-20,4.083e-20,0.0008,-98.92,0
LeftS067371,23.0393,-14.8054,3.203e-19,3.076e-19,2.074e-19,-0.0005,-96.23,0
LeftS067372,23.0726,-14.8331,6.406e-14,4.586e-14,1.778e-14,0.0003,-95.32,0
LeftS067375,23.0842,-14.8249,2.118e-20,2.804e-20,3.554e-20,-0.0,-95.85,0
LeftS067379,23.0936,-14.8278,7.914e-20,8.942e-20,8.327e-20,-0.0001,-95.29,0
LeftS067380,23.0716,-14.7866,2.560e-18,2.106e-18,1.055e-18,-0.0005,-98.42,0
LeftS067381,23.0735,-14.8294,1.852e-18,2.821e-18,4.976e-18,-0.0008,-95.51,0
LeftS067384,23.0812,-14.7938,5.579e-20,6.669e-20,6.749e-20,-0.0002,-98.31,0
LeftS067385,23.0811,-14.7761,3.297e-20,3.923e-20,4.134e-20,0.0009,-98.65,0
LeftS067386,23.0519,-14.8220,7.580e-18,1.734e-17,7.141e-17,0.0004,-95.43,0
LeftS067387,23.0618,-14.8154,7.598e-19,6.858e-19,4.123e-19,0.0006,-95.82,0
LeftS067388,23.0786,-14.7924,9.158e-19,8.535e-19,5.345e-19,-0.0015,-98.31,0
LeftS067390,23.0851,-14.8056,1.047e-19,1.131e-19,9.528e-20,-0.0005,-97.42,0
LeftS067391,23.0676,-14.8059,1.272e-18,2.344e-18,6.121e-18,0.0009,-96.75,0
LeftS067392,23.0609,-14.8086,1.663e-18,1.407e-18,7.570e-19,0.0008,-96.65,0
LeftS067393,23.0296,-14.7813,4.189e-16,1.437e-15,1.316e-14,-0.0004,-98.16,0
LeftS067394,23.0528,-14.7867,3.792e-19,3.716e-19,2.521e-19,-0.0008,-98.64,0
LeftS067396,23.0553,-14.8042,2.084e-19,2.114e-19,1.567e-19,-0.0,-96.73,0
LeftS067398,23.0822,-14.8014,1.058e-17,8.675e-18,4.082e-18,0.0004,-97.48,0
LeftS067401,23.0534,-14.8100,5.706e-19,5.191e-19,3.136e-19,0.0005,-96.33,0
LeftS067403,23.0794,-14.7996,1.083e-18,1.001e-18,6.173e-19,0.0008,-97.56,0
LeftS067404,23.0853,-14.8044,1.364e-18,2.457e-18,6.006e-18,-0.0002,-97.27,0
LeftS067406,23.0774,-14.8001,3.181e-19,3.050e-19,2.088e-19,-0.0002,-97.52,0
LeftS067409,23.0598,-14.8058,2.760e-18,2.432e-18,1.321e-18,0.0009,-96.69,0
LeftS067410,23.0573,-14.8094,2.379e-19,2.626e-19,2.343e-19,0.0006,-96.39,0
LeftS067411,23.0772,-14.8019,3.836e-17,2.756e-17,1.015e-17,0.0007,-97.34,0
LeftS067412,23.0625,-14.8091,9.299e-19,1.652e-18,4.021e-18,-0.0006,-96.47,0
LeftS067413,23.0775,-14.8004,1.030e-18,9.256e-19,5.414e-19,0.0004,-97.58,0
LeftS067414,23.0821,-14.7984,8.432e-18,6.842e-18,3.272e-18,0.0001,-97.64,0
LeftS067415,23.0595,-14.8015,6.242e-20,7.211e-20,7.078e-20,0.0004,-97.0,0
LeftS067417,23.0586,-14.8064,1.650e-18,1.474e-18,8.528e-19,-0.0,-96.59,0
LeftS067418,23.0542,-14.8087,2.514e-18,2.153e-18,1.139e-18,-0.0009,-96.55,0
LeftS067419,23.0624,-14.8135,6.171e-18,5.256e-18,2.747e-18,-0.0006,-96.16,0
LeftS067420,23.0783,-14.7950,6.406e-18,5.293e-18,2.539e-18,-0.0006,-97.87,0
LeftS067421,23.0764,-14.8012,1.007e-18,9.496e-19,6.166e-19,0.0003,-97.49,0
LeftS067422,23.0824,-14.8050,7.329e-19,1.459e-18,4.590e-18,0.0005,-97.22,0
LeftS067423,23.0870,-14.8019,1.180e-17,9.007e-18,3.894e-18,0.0002,-97.53,1
LeftS067424,23.0581,-14.8097,3.618e-19,3.602e-19,2.519e-19,0.0002,-96.34,0
LeftS067426,23.0536,-14.8025,2.548e-19,5.048e-19,1.459e-18,0.0006,-96.74,0
LeftS067427,23.0826,-14.7953,3.363e-14,2.319e-14,8.260e-15,-0.0001,-97.81,0
LeftS067428,23.0602,-14.8100,3.421e-18,3.080e-18,1.798e-18,0.0,-96.5,0
LeftS067430,23.0584,-14.8076,3.839e-18,3.215e-18,1.649e-18,-0.0002,-96.49,0
LeftS067432,23.0806,-14.7966,2.528e-18,2.109e-18,1.057e-18,0.0005,-97.78,0
LeftS067433,23.0833,-14.8025,3.222e-19,3.325e-19,2.610e-19,0.0002,-97.33,0
LeftS067435,23.0865,-14.7998,4.262e-18,3.353e-18,1.482e-18,0.0001,-97.61,0
LeftS067436,23.0749,-14.7977,3.968e-19,3.870e-19,2.614e-19,0.0001,-97.71,0
LeftS067438,23.0788,-14.7984,1.095e-20,1.422e-20,1.743e-20,0.0006,-97.62,0
LeftS067440,23.0577,-14.8046,2.671e-19,2.711e-19,2.104e-19,0.0006,-96.76,0
LeftS067441,23.0567,-14.8038,1.305e-18,1.159e-18,6.699e-19,-0.0005,-96.77,0
LeftS067443,23.0498,-14.8094,1.157e-19,1.254e-19,1.045e-19,-0.0004,-96.51,0
LeftS067444,23.0857,-14.8025,1.623e-18,3.138e-18,8.827e-18,-0.0002,-97.51,0
LeftS067445,23.0883,-14.7970,6.513e-20,6.797e-20,5.459e-20,-0.0007,-97.77,0
LeftS067448,23.0795,-14.8053,8.039e-14,7.100e-14,3.839e-14,-0.0001,-97.19,1
LeftS067449,23.0832,-14.8032,8.572e-19,1.397e-18,2.738e-18,0.0002,-97.31,0
LeftS067450,23.0599,-14.8094,1.321e-19,1.441e-19,1.264e-19,0.0002,-96.45,0
LeftS067452,23.0616,-14.8089,1.771e-18,1.548e-18,8.824e-19,-0.0001,-96.46,0
LeftS067454,23.0585,-14.7998,3.031e-20,3.783e-20,4.137e-20,0.0001,-97.09,0
LeftS067457,23.0546,-14.8152,1.313e-20,1.746e-20,2.304e-20,-0.0,-96.19,0
LeftS067460,23.0804,-14.8020,8.175e-20,9.557e-20,9.752e-20,0.0007,-97.4,0
LeftS067461,23.0569,-14.8101,2.239e-18,1.867e-18,9.236e-19,0.0002,-96.51,0
LeftS067462,23.0937,-14.8058,3.241e-20,3.880e-20,4.184e-20,0.0004,-97.24,0
LeftS067467,23.0453,-14.8051,7.457e-14,6.812e-14,4.082e-14,0.0005,-96.69,1
LeftS067469,23.0520,-14.8029,1.200e-17,3.306e-17,1.994e-16,-0.0006,-96.84,0
LeftS067470,23.0594,-14.8086,3.201e-18,2.831e-18,1.543e-18,-0.0001,-96.5,0
LeftS067471,23.0585,-14.8132,8.727e-19,1.510e-18,3.479e-18,-0.0001,-96.3,0
LeftS067475,23.0555,-14.8116,8.526e-14,7.439e-14,4.101e-14,-0.0,-96.36,1
LeftS067476,23.0501,-14.8099,3.543e-18,2.810e-18,1.297e-18,-0.0006,-96.36,0
LeftS067480,23.0503,-14.8115,8.446e-19,1.535e-18,3.720e-18,0.0001,-96.4,0
LeftS067481,23.0549,-14.8123,4.885e-14,3.378e-14,1.207e-14,-0.0005,-96.44,0
LeftS067483,23.0591,-14.8101,2.632e-20,3.285e-20,3.751e-20,-0.0002,-96.45,0
LeftS067484,23.0470,-14.8086,2.649e-19,2.658e-19,1.943e-19,-0.0004,-96.46,0
LeftS067485,23.0501,-14.8084,5.201e-18,4.342e-18,2.236e-18,-0.0001,-96.49,0
LeftS067487,23.0858,-14.8069,6.677e-18,5.730e-18,3.009e-18,-0.0003,-97.03,0
LeftS067490,23.0921,-14.8008,6.636e-19,6.016e-19,3.513e-19,0.0002,-97.4,0
LeftS067491,23.0842,-14.7962,3.990e-18,8.813e-18,3.332e-17,0.0008,-97.68,0
LeftS067495,23.0856,-14.8029,5.441e-19,5.536e-19,4.115e-19,0.0003,-97.39,0
LeftS067497,23.0870,-14.7977,9.626e-19,9.266e-19,6.339e-19,-0.0002,-97.48,0
LeftS067499,23.0807,-14.8022,3.043e-18,2.465e-18,1.155e-18,0.0001,-97.38,0
LeftS067502,23.0471,-14.8046,9.517e-20,1.038e-19,8.988e-20,0.0001,-96.6,0
LeftS067503,23.0826,-14.7991,1.651e-20,2.032e-20,2.247e-20,0.0004,-97.38,0
LeftS067506,23.0872,-14.7961,9.390e-20,1.020e-19,8.773e-20,0.0,-97.67,0
LeftS067510,23.0929,-14.8018,3.946e-19,3.838e-19,2.724e-19,-0.0003,-97.45,0
LeftS067516,23.0462,-14.8128,3.784e-20,4.416e-20,4.497e-20,0.0004,-96.3,0
LeftS067518,23.0492,-14.8135,1.852e-19,1.893e-19,1.454e-19,0.0009,-96.37,0
LeftS067520,23.0422,-14.8091,9.675e-20,1.058e-19,9.332e-20,-0.0002,-96.43,0
LeftS067526,23.0511,-14.8059,3.659e-18,7.695e-18,2.621e-17,-0.0001,-96.65,0
LeftS067529,23.0934,-14.8003,1.762e-18,4.521e-18,2.221e-17,0.0003,-97.5,0
LeftS067530,23.0909,-14.8010,2.833e-19,2.944e-19,2.311e-19,-0.0005,-97.47,0
LeftS067532,23.0491,-14.8065,1.953e-18,2.783e-18,4.151e-18,0.0006,-96.63,0
LeftS067537,23.0910,-14.7939,8.221e-19,1.722e-18,5.701e-18,0.0003,-97.73,0
LeftS067538,23.0490,-14.8099,1.018e-18,9.701e-19,6.345e-19,0.0001,-96.48,0
LeftS067539,23.0962,-14.8001,3.452e-18,3.067e-18,1.734e-18,-0.0008,-97.36,0
LeftS067540,23.0449,-14.8110,1.376e-19,1.409e-19,1.070e-19,-0.0001,-96.55,0
LeftS067543,23.0400,-14.8102,8.832e-19,8.626e-19,6.116e-19,0.0004,-96.5,0
LeftS067545,23.0917,-14.7976,2.402e-20,3.003e-20,3.354e-20,-0.0009,-97.58,0
LeftS067546,23.0449,-14.8066,2.318e-19,2.311e-19,1.592e-19,0.0004,-96.63,0
LeftS067549,23.0495,-14.8060,1.439e-20,1.870e-20,2.265e-20,-0.0001,-96.77,0
LeftS067552,23.0915,-14.8000,3.134e-14,2.143e-14,7.419e-15,-0.0001,-97.42,0
LeftS067553,23.0950,-14.7959,4.176e-18,3.517e-18,1.774e-18,0.0003,-97.59,0
LeftS067554,23.0915,-14.8001,3.694e-20,4.510e-20,4.857e-20,-0.0001,-97.5,0
LeftS067555,23.0931,-14.7975,5.110e-19,4.954e-19,3.273e-19,-0.0004,-97.57,0
LeftS067557,23.1024,-14.7976,1.209e-18,1.229e-18,9.026e-19,-0.0004,-97.51,0
LeftS067559,23.0426,-14.8129,6.487e-14,4.844e-14,1.960e-14,0.0003,-96.34,0
LeftS067560,23.0444,-14.8112,1.342e-18,1.147e-18,5.879e-19,-0.0002,-96.47,0
LeftS067562,23.0454,-14.8050,1.607e-20,2.196e-20,3.041e-20,0.0004,-96.79,0
LeftS067564,23.0462,-14.8054,8.167e-19,7.755e-19,5.151e-19,0.0005,-96.77,0
LeftS067569,23.0388,-14.8028,6.325e-19,5.700e-19,3.476e-19,-0.0003,-96.85,0
LeftS067572,23.1013,-14.7928,1.724e-19,1.989e-19,1.910e-19,-0.0002,-97.63,0
LeftS067575,23.1041,-14.7979,5.540e-20,6.283e-20,5.982e-20,-0.0004,-97.52,0
LeftS067576,23.1004,-14.7909,1.270e-19,1.385e-19,1.207e-19,-0.0003,-97.64,0
LeftS067577,23.0399,-14.8198,1.217e-18,2.297e-18,6.254e-18,0.0012,-96.24,0
LeftS067578,23.0987,-14.7967,6.360e-18,5.314e-18,2.659e-18,0.0002,-97.53,0
LeftS067579,23.0942,-14.7969,2.039e-18,1.724e-18,8.804e-19,0.001,-97.66,0
LeftS067581,23.1029,-14.8044,3.211e-18,2.604e-18,1.265e-18,0.0,-97.24,0
LeftS067582,23.0364,-14.8138,1.492e-18,1.339e-18,7.967e-19,0.0004,-96.42,0
LeftS067584,23.0318,-14.8121,2.176e-19,2.315e-19,1.866e-19,-0.0002,-96.54,0
LeftS067585,23.1044,-14.7952,2.538e-19,2.555e-19,1.881e-19,-0.0005,-97.6,0
LeftS067586,23.0432,-14.8130,6.069e-17,4.400e-17,1.713e-17,0.0004,-96.45,0
LeftS067587,23.0320,-14.8173,5.698e-14,4.303e-14,1.778e-14,0.0,-96.28,1
LeftS067588,23.0349,-14.8105,3.688e-18,2.920e-18,1.316e-18,-0.0003,-96.59,0
LeftS067589,23.1032,-14.8015,4.805e-17,3.686e-17,1.549e-17,-0.0001,-97.47,0
LeftS067590,23.1021,-14.7985,1.278e-18,1.196e-18,7.455e-19,-0.0009,-97.5,0
LeftS067592,23.1053,-14.7905,1.131e-18,1.745e-18,3.135e-18,-0.0002,-97.67,0
LeftS067593,23.1065,-14.7867,1.897e-16,1.349e-16,4.921e-17,0.0003,-97.7,0
LeftS067594,23.0299,-14.8251,2.843e-14,2.756e-14,1.904e-14,-0.0002,-96.04,1
LeftS067595,23.1050,-14.7800,1.693e-17,1.331e-17,5.860e-18,-0.0003,-98.07,1
LeftS067596,23.1057,-14.7763,2.041e-17,1.524e-17,6.276e-18,-0.0006,-98.11,0
LeftS067597,23.0326,-14.8338,9.059e-17,6.394e-17,2.352e-17,-0.0001,-95.82,0
LeftS067598,23.0329,-14.8367,1.439e-17,1.111e-17,4.684e-18,-0.0006,-95.83,1
LeftS067599,23.0346,-14.8427,3.002e-17,2.166e-17,8.210e-18,0.0004,-95.71,0
LeftS067600,23.0328,-14.8447,2.881e-20,3.597e-20,4.239e-20,-0.0003,-95.68,0
LeftS067601,23.0363,-14.8491,1.043e-17,8.240e-18,3.760e-18,0.0005,-95.48,1
LeftS067602,23.0359,-14.8534,1.859e-17,1.436e-17,6.024e-18,-0.0005,-95.39,1
LeftS067603,23.0368,-14.8590,9.277e-19,1.355e-18,2.136e-18,-0.0005,-95.22,0
LeftS067604,23.0371,-14.8616,9.120e-18,7.527e-18,3.779e-18,-0.0002,-95.26,0
LeftS067605,23.0414,-14.8651,1.167e-16,8.248e-17,3.041e-17,-0.0002,-95.14,0
LeftS067606,23.0408,-14.8633,2.237e-18,1.953e-18,1.079e-18,-0.001,-95.2,0
LeftS067607,23.0978,-14.7383,5.471e-16,3.689e-16,1.216e-16,0.0011,-98.85,0
LeftS067608,23.0457,-14.8705,1.011e-18,1.514e-18,2.562e-18,0.0002,-95.03,0
LeftS067609,23.0434,-14.8699,5.214e-18,4.286e-18,2.041e-18,-0.0011,-95.11,0
LeftS067610,23.0472,-14.8787,4.486e-19,9.548e-19,3.220e-18,0.0002,-95.05,0
LeftS067611,23.0883,-14.7293,1.297e-17,1.013e-17,4.587e-18,-0.0006,-98.98,1
LeftS067612,23.0524,-14.8822,4.624e-16,3.219e-16,1.102e-16,-0.0002,-95.0,0
LeftS067613,23.0851,-14.7223,9.669e-17,6.873e-17,2.628e-17,-0.0004,-99.07,0
LeftS067614,23.0558,-14.8852,3.465e-18,3.021e-18,1.645e-18,0.0003,-94.99,0
LeftS067615,23.0808,-14.7200,1.436e-17,1.124e-17,4.974e-18,0.0004,-99.07,1
LeftS067616,23.0792,-14.7228,1.313e-16,9.142e-17,3.205e-17,0.0005,-99.06,0
LeftS067617,23.0769,-14.7205,8.176e-19,7.654e-19,4.880e-19,-0.0007,-99.18,0
LeftS067618,23.0665,-14.8907,6.058e-17,4.288e-17,1.563e-17,0.0008,-95.02,0
LeftS067619,23.0713,-14.8905,6.375e-17,4.513e-17,1.713e-17,-0.0001,-95.07,0
LeftS067620,23.0677,-14.7195,2.549e-17,1.925e-17,8.232e-18,0.0005,-98.99,1
LeftS067621,23.0757,-14.8906,1.235e-17,9.855e-18,4.536e-18,0.0014,-95.05,1
LeftS067622,23.0783,-14.8828,4.060e-18,3.314e-18,1.582e-18,-0.0009,-95.2,0
LeftS067623,23.0607,-14.7225,4.688e-17,3.452e-17,1.328e-17,0.0009,-98.8,0
LeftS067624,23.0574,-14.7209,2.257e-16,1.573e-16,5.441e-17,-0.0001,-98.79,0
LeftS067625,23.0517,-14.7261,2.115e-19,2.155e-19,1.638e-19,0.0,-98.52,0
LeftS067626,23.0875,-14.8841,5.172e-19,9.433e-19,2.447e-18,0.001,-95.47,0
LeftS067627,23.0493,-14.7280,1.509e-18,2.698e-18,6.428e-18,0.0004,-98.53,0
LeftS067628,23.0952,-14.8799,1.668e-17,1.255e-17,5.222e-18,-0.0002,-95.59,1
LeftS067629,23.0431,-14.7309,4.694e-17,3.389e-17,1.282e-17,0.0004,-98.45,0
LeftS067630,23.0439,-14.7341,1.969e-18,1.647e-18,8.428e-19,-0.0003,-98.42,0
LeftS067631,23.1029,-14.8719,2.428e-17,1.820e-17,7.206e-18,-0.0001,-95.88,0
LeftS067632,23.0346,-14.7403,6.647e-17,4.675e-17,1.711e-17,-0.0,-98.17,0
LeftS067633,23.1067,-14.8645,3.674e-17,2.765e-17,1.139e-17,-0.0003,-96.14,1
LeftS067634,23.0310,-14.7486,2.607e-17,1.998e-17,8.532e-18,0.0014,-98.02,1
LeftS067635,23.0312,-14.7538,1.713e-16,1.182e-16,4.108e-17,0.0001,-97.83,0
LeftS067637,23.1214,-14.8484,3.766e-18,3.266e-18,1.725e-18,0.0,-96.43,0
LeftS067638,23.1187,-14.8423,9.359e-18,7.588e-18,3.661e-18,-0.0008,-96.5,0
LeftS067639,23.0234,-14.7685,3.896e-14,2.775e-14,1.053e-14,-0.0001,-97.46,0
LeftS067640,23.0211,-14.7763,2.258e-17,1.703e-17,7.111e-18,-0.0004,-97.31,1
LeftS067641,23.1202,-14.8248,2.043e-17,1.598e-17,7.036e-18,-0.0004,-96.86,1
LeftS067642,23.0148,-14.7872,2.313e-18,2.088e-18,1.185e-18,0.0,-97.23,0
LeftS067643,23.1279,-14.8154,6.621e-19,6.205e-19,4.083e-19,0.0002,-97.15,0
LeftS067644,23.0111,-14.7982,2.938e-18,4.522e-18,7.748e-18,0.0003,-96.71,0
LeftS067645,23.0147,-14.8020,2.690e-17,2.001e-17,7.822e-18,0.0003,-96.81,0
LeftS067646,23.0067,-14.8093,1.211e-20,1.551e-20,1.815e-20,-0.0006,-96.48,0
LeftS067647,23.1259,-14.7940,2.072e-18,1.852e-18,1.084e-18,0.0005,-97.45,0
LeftS067648,23.0097,-14.8212,1.935e-18,3.234e-18,6.826e-18,-0.0004,-96.44,0
LeftS067649,23.0127,-14.8264,4.118e-19,4.033e-19,2.757e-19,0.001,-96.38,0
LeftS067650,23.0093,-14.8307,5.809e-18,4.739e-18,2.304e-18,-0.0003,-96.18,0
LeftS067651,23.1349,-14.7686,4.712e-18,3.939e-18,2.096e-18,-0.0012,-98.19,0
LeftS067652,23.0100,-14.8425,1.488e-18,1.325e-18,7.419e-19,-0.0004,-95.9,0
LeftS067653,23.1263,-14.7590,4.917e-17,3.646e-17,1.440e-17,-0.0007,-98.13,0
LeftS067654,23.1302,-14.7535,9.336e-18,7.265e-18,3.253e-18,-0.0003,-98.28,0
LeftS067656,23.1282,-14.7432,4.151e-19,4.098e-19,2.959e-19,0.0005,-98.54,0
LeftS067657,23.0128,-14.8727,1.747e-18,3.646e-18,1.213e-17,0.0005,-95.52,0
LeftS067658,23.0226,-14.8713,1.149e-18,1.092e-18,7.059e-19,0.0003,-95.22,0
LeftS067659,23.0160,-14.8854,6.831e-19,6.616e-19,4.478e-19,0.0006,-95.32,0
LeftS067660,23.1215,-14.7221,2.089e-18,3.374e-18,6.700e-18,-0.0007,-98.76,0
LeftS067661,23.1155,-14.7206,7.580e-18,6.061e-18,2.877e-18,-0.0,-98.75,0
LeftS067662,23.0229,-14.8958,2.680e-20,3.641e-20,4.813e-20,-0.0001,-95.26,0
LeftS067663,23.1122,-14.7106,7.622e-17,5.666e-17,2.198e-17,0.0005,-98.85,0
LeftS067664,23.1081,-14.6994,4.940e-18,3.997e-18,1.894e-18,-0.0006,-99.1,0
LeftS067665,23.0315,-14.9112,7.090e-19,6.440e-19,3.844e-19,-0.0006,-95.02,0
LeftS067666,23.1031,-14.7020,7.866e-18,6.526e-18,3.327e-18,-0.0003,-99.18,0
LeftS067667,23.0351,-14.9125,7.578e-16,5.114e-16,1.679e-16,-0.0006,-94.99,0
LeftS067668,23.0409,-14.9087,8.861e-18,7.171e-18,3.434e-18,0.001,-94.98,0
LeftS067669,23.0431,-14.9109,2.869e-16,1.907e-16,6.132e-17,0.0007,-94.88,0
LeftS067670,23.0456,-14.9223,3.438e-17,2.595e-17,1.036e-17,-0.0001,-94.73,0
LeftS067671,23.0869,-14.6884,3.905e-17,2.985e-17,1.256e-17,-0.0003,-99.16,0
LeftS067672,23.0860,-14.6872,4.559e-19,4.471e-19,3.113e-19,-0.0001,-99.13,0
LeftS067673,23.0812,-14.6893,7.741e-18,6.373e-18,3.170e-18,0.001,-99.16,0
LeftS067675,23.0629,-14.9269,1.156e-18,1.874e-18,3.667e-18,0.0004,-94.91,0
LeftS067676,23.0712,-14.6730,2.578e-18,2.332e-18,1.400e-18,0.0003,-98.99,0
LeftS067677,23.0692,-14.6858,7.319e-18,5.754e-18,2.642e-18,-0.0002,-98.98,0
LeftS067678,23.0756,-14.9224,1.808e-16,1.254e-16,4.544e-17,0.0002,-94.96,0
LeftS067680,23.0564,-14.6870,4.316e-19,4.097e-19,2.639e-19,0.0006,-98.91,0
LeftS067681,23.0528,-14.6929,2.706e-17,2.027e-17,8.015e-18,0.0006,-98.79,0
LeftS067682,23.0482,-14.6811,6.344e-17,4.612e-17,1.741e-17,0.0003,-98.9,0
LeftS067683,23.0428,-14.7036,2.037e-16,1.435e-16,5.299e-17,0.0,-98.68,0
LeftS067684,23.0977,-14.9087,2.055e-17,1.560e-17,6.521e-18,-0.0006,-95.31,1
LeftS067685,23.0406,-14.7036,1.756e-16,1.227e-16,4.450e-17,0.0005,-98.5,0
LeftS067686,23.1075,-14.9041,1.723e-17,1.330e-17,5.586e-18,0.0001,-95.59,1
LeftS067687,23.1066,-14.9025,3.325e-17,2.430e-17,9.546e-18,-0.0,-95.53,0
LeftS067688,23.1093,-14.8871,7.242e-17,5.049e-17,1.822e-17,0.0003,-95.66,0
LeftS067689,23.0244,-14.7255,3.491e-17,2.613e-17,1.055e-17,-0.0001,-98.11,0
LeftS067690,23.0196,-14.7194,3.540e-17,2.701e-17,1.104e-17,0.0001,-98.23,1
LeftS067691,23.0206,-14.7225,3.318e-18,2.852e-18,1.551e-18,0.0002,-98.14,0
LeftS067692,23.0140,-14.7366,2.903e-17,2.076e-17,7.945e-18,0.0001,-98.02,0
LeftS067693,23.0105,-14.7380,1.468e-19,1.637e-19,1.531e-19,0.0002,-97.79,0
LeftS067694,23.1313,-14.8608,3.048e-18,2.601e-18,1.351e-18,0.0004,-96.33,0
LeftS067695,23.1300,-14.8551,5.176e-16,3.475e-16,1.168e-16,0.0001,-96.44,0
LeftS067696,23.0070,-14.7589,1.687e-16,1.190e-16,4.227e-17,0.0003,-97.52,0
LeftS067697,23.0019,-14.7646,1.832e-18,1.532e-18,7.651e-19,0.0002,-97.34,0
LeftS067698,23.1375,-14.8365,2.860e-18,2.374e-18,1.205e-18,0.0006,-96.75,0
LeftS067699,23.1324,-14.8286,8.292e-17,5.940e-17,2.222e-17,-0.0002,-96.93,0
LeftS067700,23.1432,-14.8203,5.436e-18,4.550e-18,2.311e-18,0.0004,-97.06,0
LeftS067701,23.1452,-14.8133,2.640e-18,2.223e-18,1.181e-18,-0.0001,-97.26,0
LeftS067702,22.9944,-14.8028,2.317e-17,1.729e-17,6.892e-18,0.0003,-96.77,0
LeftS067703,23.1465,-14.7985,2.565e-16,1.816e-16,6.646e-17,-0.0003,-97.45,0
LeftS067704,22.9926,-14.8170,6.671e-17,4.968e-17,1.970e-17,-0.0005,-96.54,0
LeftS067705,22.9927,-14.8243,2.693e-19,2.664e-19,1.869e-19,0.0,-96.36,0
LeftS067706,22.9876,-14.8323,1.826e-16,1.266e-16,4.342e-17,-0.0,-96.18,0
LeftS067707,22.9893,-14.8403,1.302e-18,1.193e-18,7.205e-19,0.0002,-96.07,0
LeftS067708,22.9952,-14.8456,1.539e-19,1.629e-19,1.283e-19,-0.0008,-96.05,0
LeftS067709,22.9934,-14.8547,2.263e-17,1.702e-17,7.067e-18,-0.0001,-95.99,1
LeftS067710,22.9924,-14.8619,5.796e-18,5.151e-18,2.913e-18,-0.0004,-95.76,0
LeftS067712,22.9984,-14.8761,5.225e-17,3.691e-17,1.323e-17,0.0008,-95.5,0
LeftS067713,23.1419,-14.7275,1.480e-17,1.159e-17,5.155e-18,0.0,-98.51,1
LeftS067714,23.1436,-14.7133,1.110e-17,8.880e-18,4.114e-18,-0.0001,-98.61,0
LeftS067715,23.0031,-14.8924,7.588e-19,1.271e-18,2.688e-18,0.0001,-95.43,0
LeftS067716,23.1353,-14.7055,1.003e-17,7.870e-18,3.574e-18,0.0006,-98.73,1
LeftS067717,23.0091,-14.9103,2.008e-18,3.534e-18,8.245e-18,0.0004,-95.04,0
LeftS067718,23.0042,-14.9146,1.816e-18,1.599e-18,8.745e-19,0.0002,-95.26,0
LeftS067719,23.1248,-14.6919,6.193e-17,4.564e-17,1.753e-17,-0.0012,-98.96,0
LeftS067720,23.1237,-14.6810,2.300e-17,1.705e-17,7.079e-18,0.0014,-99.05,1
LeftS067721,23.1203,-14.6774,2.847e-17,2.087e-17,8.138e-18,-0.0002,-99.14,0
LeftS067722,23.0211,-14.9295,4.133e-17,3.078e-17,1.276e-17,-0.0003,-95.05,0
LeftS067723,23.0259,-14.9329,1.704e-16,1.151e-16,3.872e-17,-0.0007,-95.0,0
LeftS067724,23.0264,-14.9505,8.444e-17,6.173e-17,2.323e-17,-0.0005,-94.89,0
LeftS067725,23.1056,-14.6727,1.897e-17,1.474e-17,6.271e-18,0.0002,-99.21,1
LeftS067726,23.1052,-14.6586,5.058e-16,3.464e-16,1.167e-16,0.0,-99.34,0
LeftS067727,23.0415,-14.9553,3.051e-17,2.289e-17,9.022e-18,0.0003,-94.84,0
LeftS067728,23.0936,-14.6609,1.728e-14,1.919e-14,1.716e-14,-0.0008,-99.28,0
LeftS067729,23.0898,-14.6507,5.740e-19,5.217e-19,3.170e-19,-0.0009,-99.12,0
LeftS067730,23.0871,-14.6465,2.060e-14,2.330e-14,2.193e-14,0.0004,-99.26,0
LeftS067731,23.0577,-14.9612,9.258e-17,6.564e-17,2.434e-17,0.0007,-94.81,0
LeftS067732,23.0781,-14.6486,9.299e-19,1.574e-18,3.481e-18,0.001,-99.23,0
LeftS067733,23.0718,-14.6588,6.291e-17,4.420e-17,1.554e-17,0.0001,-99.21,0
LeftS067735,23.0346,-14.8220,3.767e-18,3.263e-18,1.762e-18,-0.0004,-96.13,0
LeftS067736,23.0355,-14.8234,2.348e-19,2.470e-19,2.024e-19,-0.0006,-96.12,0
LeftS067737,23.1075,-14.7825,3.189e-17,2.338e-17,9.271e-18,-0.0,-97.83,0
LeftS067738,23.1008,-14.7773,3.969e-19,6.856e-19,1.491e-18,-0.0011,-98.03,0
LeftS067739,23.0367,-14.8331,6.501e-19,1.127e-18,2.557e-18,0.0006,-95.83,0
LeftS067740,23.1031,-14.7740,4.257e-18,3.344e-18,1.494e-18,-0.0006,-98.38,0
LeftS067742,23.1050,-14.7717,1.150e-18,1.093e-18,6.884e-19,0.0001,-98.16,0
LeftS067744,23.0998,-14.7621,2.339e-17,1.689e-17,6.486e-18,0.0,-98.49,0
LeftS067745,23.1058,-14.7674,7.380e-18,5.770e-18,2.658e-18,0.0002,-98.39,1
LeftS067746,23.1001,-14.7572,6.886e-19,1.172e-18,2.673e-18,-0.0014,-98.58,0
LeftS067747,23.0415,-14.8530,1.324e-18,1.143e-18,6.180e-19,0.0001,-95.4,0
LeftS067749,23.0968,-14.7545,1.025e-18,2.022e-18,5.923e-18,-0.0005,-98.7,0
LeftS067750,23.0372,-14.8588,1.184e-18,1.052e-18,5.865e-19,-0.0004,-95.39,0
LeftS067755,23.0959,-14.7428,2.725e-17,2.023e-17,8.051e-18,0.0005,-98.97,0
LeftS067756,23.0935,-14.7405,1.461e-19,1.541e-19,1.263e-19,-0.0006,-99.01,0
LeftS067757,23.0981,-14.7357,1.380e-18,1.203e-18,6.656e-19,0.0004,-99.0,0
LeftS067759,23.0457,-14.8702,4.502e-18,8.469e-18,2.364e-17,0.0002,-95.14,0
LeftS067760,23.0527,-14.8792,4.364e-18,1.144e-17,6.022e-17,0.0001,-94.93,0
LeftS067762,23.0542,-14.8820,1.001e-17,7.934e-18,3.569e-18,0.0001,-94.92,1
LeftS067763,23.0556,-14.8763,1.117e-16,7.591e-17,2.632e-17,-0.0006,-95.0,0
LeftS067764,23.0847,-14.7141,8.660e-19,1.496e-18,3.462e-18,0.0007,-99.15,0
LeftS067765,23.0603,-14.8972,1.434e-18,2.486e-18,5.448e-18,-0.0001,-94.99,0
LeftS067768,23.0693,-14.7243,3.267e-18,5.929e-18,1.493e-17,0.0001,-99.0,0
LeftS067769,23.0691,-14.9022,8.692e-19,1.938e-18,7.112e-18,-0.0002,-94.97,0
LeftS067770,23.0699,-14.7337,3.536e-14,2.497e-14,9.161e-15,0.0004,-99.04,0
LeftS067771,23.0706,-14.8875,2.354e-18,2.031e-18,1.078e-18,-0.0007,-95.01,0
LeftS067772,23.0737,-14.8876,8.536e-19,7.746e-19,4.577e-19,0.0003,-95.15,0
LeftS067773,23.0740,-14.8864,1.471e-18,2.552e-18,6.005e-18,-0.0003,-95.23,0
LeftS067774,23.0772,-14.8841,5.323e-20,6.257e-20,6.476e-20,0.0002,-95.14,0
LeftS067775,23.0787,-14.8844,1.603e-18,1.365e-18,6.977e-19,0.0007,-95.16,0
LeftS067776,23.0592,-14.7206,5.628e-20,6.600e-20,6.605e-20,0.0002,-98.88,0
LeftS067778,23.0858,-14.8726,6.318e-17,4.489e-17,1.598e-17,-0.0001,-95.6,0
LeftS067780,23.0496,-14.7186,3.167e-18,4.037e-18,4.925e-18,-0.0002,-98.71,0
LeftS067781,23.0427,-14.7316,2.114e-18,4.558e-18,1.627e-17,0.0001,-98.47,0
LeftS067782,23.0442,-14.7270,6.418e-20,7.501e-20,7.439e-20,-0.0,-98.43,0
LeftS067783,23.0964,-14.8794,1.002e-13,7.474e-14,3.031e-14,-0.0001,-95.51,0
LeftS067784,23.0389,-14.7418,9.359e-14,6.861e-14,2.732e-14,0.0013,-98.3,0
LeftS067785,23.0994,-14.8640,1.197e-18,1.108e-18,6.906e-19,0.0007,-95.73,1
LeftS067786,23.1023,-14.8740,3.802e-14,2.629e-14,9.102e-15,0.0004,-95.77,0
LeftS067787,23.0983,-14.8637,1.181e-18,2.149e-18,5.132e-18,-0.0006,-95.9,0
LeftS067791,23.0217,-14.7595,1.409e-18,2.601e-18,6.670e-18,-0.0004,-97.77,0
LeftS067793,23.0270,-14.7631,1.202e-18,1.077e-18,6.317e-19,0.0006,-97.64,0
LeftS067794,23.1115,-14.8457,3.579e-18,2.904e-18,1.345e-18,-0.0001,-96.17,0
LeftS067795,23.0225,-14.7718,2.266e-18,3.867e-18,8.643e-18,0.0004,-97.39,0
LeftS067797,23.1135,-14.8354,4.511e-14,3.257e-14,1.250e-14,0.001,-96.6,0
LeftS067798,23.0154,-14.7844,3.202e-17,2.379e-17,9.100e-18,-0.0002,-97.12,0
LeftS067799,23.1157,-14.8212,7.821e-14,6.158e-14,2.748e-14,-0.0001,-96.98,1
LeftS067800,23.1233,-14.8221,1.410e-18,1.292e-18,7.525e-19,0.0002,-96.89,0
LeftS067801,23.0164,-14.7847,1.117e-16,7.945e-17,2.977e-17,-0.0002,-97.1,0
LeftS067802,23.1331,-14.8105,1.490e-16,1.045e-16,3.754e-17,0.0003,-97.27,0
LeftS067803,23.0176,-14.7985,2.309e-18,4.547e-18,1.324e-17,0.0009,-96.91,0
LeftS067805,23.1265,-14.8031,5.258e-18,4.223e-18,1.976e-18,-0.001,-97.46,0
LeftS067806,23.1223,-14.7976,1.117e-18,1.013e-18,5.868e-19,0.0006,-97.4,0
LeftS067808,23.1245,-14.7898,3.312e-20,4.095e-20,4.567e-20,-0.0004,-97.58,0
LeftS067810,23.1262,-14.7791,1.612e-18,3.247e-18,9.885e-18,0.0,-97.82,0
LeftS067811,23.1302,-14.7757,8.998e-19,1.514e-18,3.215e-18,-0.0,-97.9,0
LeftS067812,23.1184,-14.7758,5.461e-20,6.344e-20,6.243e-20,0.0003,-97.98,0
LeftS067813,23.1340,-14.7661,3.587e-19,3.550e-19,2.504e-19,-0.0,-98.06,0
LeftS067814,23.0162,-14.8427,1.403e-18,1.276e-18,7.542e-19,0.0001,-95.88,0
LeftS067816,23.0165,-14.8564,1.025e-18,1.810e-18,4.116e-18,0.0005,-95.76,0
LeftS067817,23.0073,-14.8542,9.217e-19,8.584e-19,5.262e-19,0.0002,-95.74,0
LeftS067818,23.0132,-14.8671,1.787e-18,2.845e-18,5.207e-18,0.0008,-95.56,0
LeftS067819,23.0110,-14.8659,1.445e-17,1.075e-17,4.166e-18,-0.0003,-95.55,0
LeftS067821,23.1181,-14.7368,3.825e-18,3.085e-18,1.460e-18,0.0002,-98.67,0
LeftS067822,23.0127,-14.8833,1.464e-17,4.234e-17,2.761e-16,0.0008,-95.33,0
LeftS067825,23.0252,-14.8966,6.113e-18,4.916e-18,2.268e-18,-0.0002,-95.1,0
LeftS067826,23.1119,-14.7074,1.499e-18,1.310e-18,7.251e-19,-0.0003,-98.89,0
LeftS067828,23.1160,-14.7231,5.261e-17,3.814e-17,1.467e-17,-0.0005,-98.77,0
LeftS067829,23.0297,-14.8993,9.808e-18,8.243e-18,4.043e-18,0.0,-95.12,0
LeftS067831,23.1124,-14.6842,1.555e-17,1.221e-17,5.506e-18,-0.0007,-99.17,1
LeftS067832,23.0300,-14.9085,6.601e-17,4.593e-17,1.624e-17,-0.0002,-95.08,0
LeftS067834,23.0402,-14.9180,2.326e-19,2.233e-19,1.511e-19,-0.0001,-94.84,0
LeftS067835,23.1025,-14.6940,5.527e-17,4.049e-17,1.607e-17,0.0003,-99.12,0
LeftS067838,23.0501,-14.9051,4.339e-19,4.254e-19,3.031e-19,0.0012,-94.81,0
LeftS067839,23.0494,-14.9214,3.055e-18,4.659e-18,7.958e-18,0.0006,-94.84,0
LeftS067840,23.0523,-14.9267,2.738e-18,5.783e-18,1.949e-17,-0.0002,-94.76,0
LeftS067841,23.0549,-14.9277,9.972e-19,1.754e-18,3.956e-18,-0.0004,-94.91,0
LeftS067842,23.0574,-14.9258,3.684e-17,2.691e-17,1.020e-17,0.0004,-94.94,0
LeftS067843,23.0598,-14.9105,2.756e-19,3.003e-19,2.576e-19,0.0004,-95.02,0
LeftS067844,23.0784,-14.6833,1.640e-18,3.060e-18,8.163e-18,0.0009,-99.14,0
LeftS067845,23.0649,-14.9339,1.245e-18,2.233e-18,5.278e-18,0.0,-94.9,0
LeftS067847,23.0642,-14.6818,8.149e-18,6.413e-18,2.935e-18,-0.0005,-99.12,1
LeftS067850,23.0823,-14.8979,2.575e-18,4.745e-18,1.248e-17,-0.0002,-95.13,0
LeftS067851,23.0550,-14.7066,4.020e-19,8.643e-19,3.066e-18,-0.0003,-98.86,0
LeftS067852,23.0828,-14.9168,1.084e-18,9.676e-19,5.484e-19,-0.0004,-95.13,0
LeftS067854,23.0506,-14.6839,2.662e-18,4.099e-18,7.069e-18,-0.0002,-98.97,0
LeftS067855,23.0913,-14.9132,2.388e-17,1.720e-17,6.620e-18,0.0002,-95.34,0
LeftS067856,23.0951,-14.8996,2.728e-18,5.631e-18,1.793e-17,-0.0001,-95.46,0
LeftS067857,23.1008,-14.9191,1.059e-18,9.825e-19,6.127e-19,-0.0003,-95.35,0
LeftS067858,23.0377,-14.6946,8.872e-18,2.326e-17,1.256e-16,-0.0006,-98.65,0
LeftS067859,23.0345,-14.7113,3.534e-18,2.911e-18,1.425e-18,0.0003,-98.44,0
LeftS067861,23.0306,-14.7248,9.473e-19,1.920e-18,5.957e-18,0.0003,-98.2,0
LeftS067862,23.1155,-14.8988,8.637e-19,8.422e-19,5.773e-19,-0.0001,-95.86,0
LeftS067864,23.0216,-14.7256,1.421e-18,1.205e-18,6.428e-19,0.0012,-98.0,0
LeftS067867,23.0175,-14.7292,2.220e-18,5.250e-18,2.360e-17,0.0007,-97.97,0
LeftS067869,23.0072,-14.7485,4.961e-18,4.131e-18,2.051e-18,-0.0008,-97.54,0
LeftS067870,23.1362,-14.8679,5.647e-19,5.344e-19,3.562e-19,0.0011,-96.4,0
LeftS067871,23.0115,-14.7449,1.250e-17,9.726e-18,4.161e-18,0.0008,-97.86,1
LeftS067872,23.0056,-14.7598,3.146e-17,2.391e-17,1.028e-17,0.0006,-97.37,0
LeftS067873,23.0037,-14.7662,1.239e-18,1.111e-18,6.520e-19,-0.0001,-97.17,0
LeftS067874,23.0019,-14.7633,6.916e-18,6.062e-18,3.341e-18,0.0001,-97.42,0
LeftS067875,23.0020,-14.7735,7.423e-20,8.650e-20,8.590e-20,0.0008,-97.24,0
LeftS067877,23.1334,-14.8276,9.509e-18,7.608e-18,3.523e-18,-0.001,-96.82,0
LeftS067878,22.9906,-14.7881,5.665e-18,1.545e-17,9.012e-17,-0.0003,-96.86,0
LeftS067879,22.9873,-14.7989,4.610e-20,5.540e-20,6.053e-20,0.0003,-96.81,0
LeftS067880,23.0018,-14.7980,9.852e-18,7.771e-18,3.468e-18,-0.0001,-96.68,1
LeftS067881,22.9984,-14.8025,1.282e-20,1.757e-20,2.437e-20,0.0002,-96.69,0
LeftS067882,23.1394,-14.7975,6.016e-14,4.383e-14,1.693e-14,0.0004,-97.55,0
LeftS067883,22.9902,-14.8148,1.154e-17,8.770e-18,3.636e-18,0.0008,-96.48,1
LeftS067885,23.1466,-14.7824,1.835e-19,1.943e-19,1.566e-19,0.0004,-97.81,0
LeftS067887,23.1393,-14.7726,2.916e-20,3.433e-20,3.598e-20,0.0006,-97.84,0
LeftS067888,22.9911,-14.8400,1.214e-18,1.063e-18,5.717e-19,-0.0001,-95.98,0
LeftS067889,23.1388,-14.7610,2.470e-18,2.111e-18,1.119e-18,0.0008,-98.0,0
LeftS067890,22.9952,-14.8548,1.037e-17,8.461e-18,4.128e-18,-0.0001,-95.88,0
LeftS067891,23.1451,-14.7461,4.727e-14,3.339e-14,1.190e-14,0.0005,-98.11,0
LeftS067892,23.1522,-14.7411,1.918e-17,1.483e-17,6.301e-18,0.0005,-98.12,1
LeftS067893,22.9886,-14.8728,2.949e-18,6.427e-18,2.407e-17,-0.0001,-95.68,0
LeftS067895,23.1408,-14.7237,2.676e-18,7.059e-18,3.682e-17,0.0003,-98.66,0
LeftS067896,23.1288,-14.7266,9.835e-19,1.821e-18,4.592e-18,-0.0005,-98.6,0
LeftS067897,23.1441,-14.7247,6.268e-17,4.531e-17,1.716e-17,0.0011,-98.53,0
LeftS067898,22.9920,-14.9011,5.892e-19,5.513e-19,3.453e-19,0.0006,-95.48,0
LeftS067899,23.1306,-14.7089,4.415e-14,3.646e-14,1.781e-14,-0.0007,-98.74,1
LeftS067900,23.0121,-14.9015,2.018e-18,1.772e-18,1.006e-18,0.0001,-95.19,0
LeftS067901,23.1373,-14.6949,2.925e-18,2.490e-18,1.325e-18,-0.0001,-98.88,0
LeftS067902,23.1312,-14.6985,6.406e-20,7.096e-20,6.262e-20,0.0002,-98.88,0
LeftS067903,23.1262,-14.6915,2.547e-19,4.681e-19,1.183e-18,-0.0002,-98.89,0
LeftS067906,23.1162,-14.6895,2.784e-19,2.665e-19,1.743e-19,0.0001,-99.21,0
LeftS067907,23.0267,-14.9174,1.126e-18,2.316e-18,7.175e-18,0.0007,-94.88,0
LeftS067908,23.1151,-14.6873,3.802e-18,7.843e-18,2.661e-17,-0.0003,-98.98,0
LeftS067910,23.0311,-14.9420,6.812e-18,5.490e-18,2.571e-18,0.0005,-94.92,0
LeftS067911,23.1067,-14.6626,2.875e-14,3.304e-14,3.280e-14,-0.001,-99.33,0
LeftS067912,23.0361,-14.9510,1.250e-19,1.354e-19,1.119e-19,0.0002,-94.77,0
LeftS067913,23.1026,-14.6694,3.908e-18,3.244e-18,1.644e-18,-0.0,-99.22,0
LeftS067915,23.0483,-14.9328,5.708e-18,4.483e-18,1.969e-18,0.0009,-94.76,0
LeftS067916,23.0461,-14.9396,1.551e-17,1.106e-17,4.157e-18,-0.0006,-94.83,0
LeftS067917,23.0897,-14.6478,6.644e-18,5.313e-18,2.429e-18,0.0011,-99.14,0
LeftS067918,23.0517,-14.9626,1.052e-18,9.485e-19,5.411e-19,-0.001,-94.81,0
LeftS067919,23.0585,-14.9461,1.108e-14,7.118e-15,2.142e-15,-0.0002,-94.74,0
LeftS067920,23.0798,-14.6569,5.508e-18,4.496e-18,2.162e-18,-0.0008,-99.34,0
LeftS067922,23.0672,-14.9421,8.344e-19,7.677e-19,4.626e-19,-0.001,-94.97,0
LeftS067923,23.0676,-14.9379,1.983e-18,1.799e-18,1.094e-18,0.0007,-94.83,0
LeftS067925,23.0726,-14.9502,4.746e-19,7.434e-19,1.339e-18,0.0004,-94.98,0
LeftS067927,23.0563,-14.6834,3.196e-14,2.272e-14,8.370e-15,-0.0006,-98.99,0
LeftS094786,2.9498,24.6884,7.004e-12,5.617e-12,2.714e-12,0.0009,1.85,1
LeftS094787,3.1632,24.1916,8.107e-12,5.782e-12,2.201e-12,-0.0003,0.81,0
LeftS094788,2.5091,24.7350,1.086e-15,8.790e-16,4.213e-16,0.0011,1.01,0
LeftS094789,2.9294,24.3291,2.996e-15,2.291e-15,9.737e-16,0.0009,-1.9,1
LeftS094790,3.1484,24.3314,3.248e-18,4.114e-18,4.738e-18,0.0007,2.25,0
LeftS094791,3.2999,24.7612,9.440e-12,6.750e-12,2.533e-12,0.0,-3.51,0
LeftS094792,3.5659,24.8016,1.991e-15,1.539e-15,6.862e-16,0.0009,-2.29,1
LeftS094794,3.0997,25.2611,9.603e-17,1.740e-16,4.299e-16,0.0003,-0.5,0
LeftS094795,3.0332,24.8146,1.780e-17,2.043e-17,1.993e-17,-0.0003,-0.22,0
LeftS094796,3.3503,24.6515,1.348e-12,9.063e-13,2.936e-13,0.001,-1.28,0
LeftS094798,3.3671,24.3992,5.403e-17,5.371e-17,3.836e-17,-0.0004,-0.12,0
LeftS094799,3.2742,24.9193,3.291e-16,5.231e-16,9.826e-16,0.0003,-2.04,0
LeftS094800,2.9921,24.7301,1.902e-16,1.727e-16,1.008e-16,-0.0,0.36,0
LeftS094801,2.9722,24.4543,2.534e-16,2.328e-16,1.384e-16,0.0,-1.27,0
LeftS094802,3.4714,24.5838,1.589e-19,2.686e-19,5.642e-19,-0.0002,-1.55,0
LeftS094804,3.0853,25.5207,2.074e-16,3.221e-16,5.607e-16,0.0007,-2.08,0
LeftS094806,2.8884,24.4367,1.743e-18,2.223e-18,2.713e-18,0.0008,0.03,0
LeftS094807,3.2488,24.3930,8.020e-17,8.094e-17,5.982e-17,0.0001,2.32,0
LeftS094809,3.2204,24.9686,3.474e-20,6.553e-20,1.760e-19,-0.0001,0.03,0
LeftS094810,3.8243,24.7130,2.142e-16,1.923e-16,1.119e-16,0.0003,-1.57,0
LeftS094813,3.5530,25.3693,3.476e-20,6.884e-20,2.106e-19,0.0003,-3.68,0
LeftS094814,2.8503,24.2664,5.198e-18,6.390e-18,6.792e-18,0.0001,-4.01,0
LeftS094816,3.4692,24.6632,1.057e-15,8.517e-16,3.850e-16,0.0004,0.91,0
LeftS094817,3.1262,25.1797,1.672e-20,3.388e-20,1.020e-19,-0.0001,-3.13,0
LeftS094819,2.9461,24.9821,1.823e-16,3.335e-16,8.547e-16,0.0002,1.06,0
LeftS094820,3.3811,24.6528,1.853e-16,1.696e-16,1.042e-16,0.0004,2.08,0
LeftS094822,2.8007,25.1651,2.908e-12,2.029e-12,6.942e-13,0.0006,1.78,0
LeftS094823,3.2420,25.2929,1.840e-17,1.991e-17,1.670e-17,0.0008,-0.6,0
LeftS094824,3.4088,25.1482,1.476e-17,1.564e-17,1.275e-17,0.0009,-1.27,0
LeftS094825,3.0561,24.3410,1.315e-20,2.742e-20,9.434e-20,-0.0001,-1.08,0
LeftS094826,2.7816,24.1203,5.751e-16,4.622e-16,2.144e-16,0.0007,-0.08,0
LeftS094827,3.5411,24.3994,2.963e-18,3.843e-18,4.879e-18,0.0005,-2.55,0
LeftS094828,3.1646,24.9636,4.488e-17,7.757e-17,1.653e-16,0.0003,-2.95,0
LeftS094829,3.4346,24.3751,5.907e-15,4.375e-15,1.747e-15,0.0013,3.32,0
LeftS094830,3.1083,24.3852,2.185e-20,4.578e-20,1.544e-19,0.0007,0.15,0
LeftS094832,3.1661,24.1935,1.583e-11,1.223e-11,5.262e-12,0.0007,-1.65,1
LeftS094833,3.2518,24.6289,2.614e-19,4.194e-19,7.633e-19,0.0005,-1.3,0
LeftS094834,3.2484,25.1814,7.037e-19,1.104e-18,1.995e-18,0.0006,-3.54,0
LeftS094835,2.9937,24.6537,4.663e-12,4.377e-12,2.826e-12,0.0012,-2.93,1
LeftS094836,2.6792,24.8301,9.978e-16,8.052e-16,3.761e-16,0.0006,-2.24,0
LeftS094837,2.7199,25.0742,2.580e-17,2.699e-17,2.183e-17,0.0001,-3.41,0
LeftS094838,2.9859,23.9259,5.145e-19,7.774e-19,1.311e-18,0.0006,-4.91,0
LeftS094840,2.9507,24.7569,3.407e-16,5.351e-16,9.720e-16,-0.0001,-2.61,0
LeftS094841,2.6612,24.7904,8.771e-18,9.666e-18,8.629e-18,0.0008,-0.25,0
LeftS094842,3.7243,25.0562,1.738e-15,1.321e-15,5.584e-16,-0.0,-2.73,0
LeftS094843,2.7690,24.9292,1.296e-19,2.047e-19,3.822e-19,0.0003,-1.38,0
LeftS094844,2.8829,24.4998,6.787e-17,6.916e-17,5.082e-17,0.0001,0.28,0
LeftS094845,3.1633,24.6271,4.036e-19,6.533e-19,1.312e-18,0.0009,2.02,0
LeftS094846,3.0745,25.0671,4.040e-17,4.493e-17,3.916e-17,0.0004,-2.35,0
LeftS094848,2.6784,23.8175,3.585e-18,4.669e-18,5.583e-18,0.0012,3.49,0
LeftS094849,2.9862,24.9921,2.475e-12,1.657e-12,5.461e-13,0.0004,-1.38,0
LeftS094851,3.0122,25.8911,2.983e-16,5.828e-16,1.683e-15,-0.0002,2.67,0
LeftS094852,3.1488,24.9162,3.276e-19,5.336e-19,1.091e-18,0.0006,1.13,0
LeftS094853,2.5848,24.2828,2.548e-15,1.998e-15,8.540e-16,0.0006,-4.2,1
LeftS094854,3.2962,24.0014,5.776e-19,8.700e-19,1.452e-18,0.0005,2.37,0
LeftS094855,3.9717,24.9071,7.368e-16,6.137e-16,3.076e-16,0.0003,0.39,0
LeftS094856,3.1361,24.4556,1.595e-11,1.222e-11,5.051e-12,-0.0002,-2.49,1
LeftS094857,2.9076,24.7332,1.126e-17,1.317e-17,1.297e-17,0.0008,-1.52,0
LeftS094858,3.5081,24.6245,2.215e-16,4.424e-16,1.366e-15,0.001,-4.09,0
LeftS094859,2.7562,24.1757,5.340e-16,8.742e-16,1.801e-15,0.0007,1.33,0
LeftS094860,3.5657,24.3665,2.377e-16,5.992e-16,2.918e-15,0.0003,-1.54,0
LeftS094861,3.2935,25.1496,2.344e-16,2.064e-16,1.153e-16,0.0015,-1.17,0
LeftS094862,3.1171,25.0260,2.545e-15,1.920e-15,8.298e-16,0.0008,1.44,1
LeftS094864,2.6344,24.0487,6.399e-16,5.359e-16,2.596e-16,0.001,-1.69,0
LeftS094865,3.1226,24.8160,1.681e-19,2.858e-19,6.173e-19,0.0,1.64,0
LeftS094866,2.9373,25.0587,1.582e-17,1.717e-17,1.489e-17,0.0004,2.37,0
LeftS094868,3.6070,25.2405,4.965e-18,6.059e-18,6.677e-18,0.0013,-1.75,0
LeftS094869,3.3220,24.2580,1.408e-17,1.573e-17,1.397e-17,0.0002,2.79,0
LeftS094870,3.1803,25.0333,6.803e-20,1.251e-19,3.053e-19,0.0004,-1.45,0
LeftS094872,3.6395,25.4503,2.046e-17,2.264e-17,2.035e-17,-0.0001,-2.42,0
LeftS094874,2.9549,24.7306,3.434e-16,3.088e-16,1.744e-16,0.0013,2.42,0
LeftS094875,2.9325,24.1622,6.048e-16,4.999e-16,2.554e-16,0.0006,-3.68,0
LeftS094876,2.7508,24.7400,1.136e-17,1.238e-17,1.049e-17,0.0004,-2.76,0
LeftS094877,3.0081,24.1999,4.989e-18,6.042e-18,6.597e-18,0.0006,2.23,0
LeftS094878,3.0539,24.6060,5.284e-18,6.311e-18,6.524e-18,0.0002,0.36,0
LeftS094879,2.7208,24.9214,9.559e-17,9.135e-17,6.127e-17,0.001,2.6,0
LeftS094880,3.5778,25.2427,1.017e-18,1.443e-18,2.095e-18,0.0003,2.7,0
LeftS094881,3.4879,24.4741,2.341e-16,3.633e-16,6.711e-16,-0.0003,2.91,0
LeftS094882,3.4280,25.0798,1.285e-16,1.966e-16,3.427e-16,0.0001,-0.02,0
LeftS094883,3.6954,25.1662,1.085e-17,1.232e-17,1.180e-17,0.0011,-0.75,0
LeftS094884,2.7167,24.2784,8.956e-17,8.758e-17,5.924e-17,0.0006,-2.2,0
LeftS094885,3.1197,24.5451,8.324e-12,5.990e-12,2.267e-12,0.0001,-1.28,0
LeftS094887,2.9113,24.2142,5.367e-17,5.575e-17,4.237e-17,0.001,-0.28,0
LeftS094888,2.8953,24.9562,1.478e-18,2.029e-18,2.841e-18,0.0005,-3.59,0
LeftS094889,2.5251,24.4279,3.687e-17,3.765e-17,2.823e-17,0.0005,1.59,0
LeftS094890,3.6172,24.1675,2.168e-17,2.267e-17,1.779e-17,0.0005,1.27,0
LeftS094891,2.7814,24.6989,1.110e-19,1.909e-19,4.107e-19,0.0002,1.26,0
LeftS094892,2.9908,24.8958,6.680e-17,6.588e-17,4.671e-17,0.001,-0.47,0
LeftS094893,2.5701,24.8435,8.552e-16,2.142e-15,1.035e-14,0.0005,1.92,0
LeftS094894,3.0630,24.7805,1.073e-16,1.945e-16,4.657e-16,0.0013,-2.9,0
LeftS094895,3.1900,24.5772,1.299e-12,8.701e-13,2.815e-13,-0.0003,-1.96,0
LeftS094897,2.6809,25.1508,1.733e-15,1.357e-15,5.994e-16,-0.0,-1.07,1
LeftS094899,2.6821,25.0788,1.637e-17,1.754e-17,1.481e-17,0.0008,-0.9,0
LeftS094901,3.0698,24.6718,8.726e-19,1.237e-18,1.796e-18,0.0011,-2.97,0
LeftS094902,3.9241,25.1716,3.827e-20,7.284e-20,2.007e-19,0.0003,-3.99,0
LeftS094904,2.7041,24.7895,1.115e-17,1.282e-17,1.242e-17,0.0005,-2.06,0
LeftS094908,3.1804,24.1011,2.716e-18,3.521e-18,4.349e-18,0.0001,2.04,0
LeftS094912,3.7365,24.8637,1.461e-18,2.003e-18,2.685e-18,0.0006,-3.41,0
LeftS094913,3.5016,24.1532,5.754e-18,6.666e-18,6.834e-18,-0.0002,-2.48,0
LeftS094914,3.5132,24.6691,2.805e-17,3.100e-17,2.716e-17,0.0008,1.03,0
LeftS094915,2.8041,24.7803,7.346e-20,1.293e-19,3.092e-19,-0.0011,2.38,0
LeftS094916,2.6906,24.3520,2.660e-20,5.243e-20,1.567e-19,0.0006,-1.85,0
LeftS094917,3.7289,24.4271,2.899e-17,3.060e-17,2.433e-17,0.0003,3.0,0
LeftS094918,2.8297,25.0404,1.017e-16,9.502e-17,6.002e-17,0.0012,-0.17,0
LeftS094919,3.1785,24.9268,6.990e-18,8.722e-18,9.474e-18,0.0008,1.37,0
LeftS094920,3.2214,24.8649,8.895e-19,1.299e-18,2.076e-18,0.0012,2.24,0
LeftS094921,2.8778,24.6306,1.010e-15,7.946e-16,3.641e-16,-0.0004,1.78,0
LeftS094922,3.4965,25.1881,9.809e-18,1.195e-17,1.299e-17,0.0001,0.43,0
LeftS094923,3.5592,24.7363,9.001e-19,1.284e-18,1.920e-18,0.0001,-1.95,0
LeftS094924,3.1206,24.8014,2.719e-16,4.367e-16,8.579e-16,-0.0001,2.06,0
LeftS094925,2.7411,25.4218,3.726e-17,3.803e-17,2.929e-17,0.0007,-4.89,0
LeftS094926,2.8324,25.6287,1.388e-20,2.808e-20,8.881e-20,0.0003,2.74,0
LeftS094927,3.0612,24.5070,3.086e-16,4.798e-16,8.303e-16,0.0004,-0.11,0
LeftS094928,3.0734,24.9518,5.627e-20,1.029e-19,2.526e-19,0.0006,-0.82,0
LeftS094929,3.3247,24.1711,2.103e-16,1.808e-16,9.470e-17,-0.0003,-5.05,0
LeftS094930,3.3645,24.7955,1.355e-20,2.720e-20,8.269e-20,0.0011,2.41,0
LeftS094931,2.2438,24.8293,2.823e-18,3.582e-18,4.210e-18,0.0009,-1.63,0
LeftS094932,3.4705,25.0215,6.659e-18,7.753e-18,7.812e-18,0.0011,-3.08,0
LeftS094933,3.2099,24.9540,1.617e-19,2.638e-19,5.167e-19,-0.0,2.11,0
LeftS094934,2.5942,24.4610,4.343e-15,3.367e-15,1.432e-15,0.0001,-2.42,1
LeftS094935,3.1804,24.0239,2.705e-16,4.893e-16,1.171e-15,0.0003,0.7,0
LeftS094936,3.3665,24.8623,1.913e-16,1.718e-16,9.987e-17,-0.0002,2.95,0
LeftS094937,3.0523,24.6118,2.221e-15,6.718e-15,4.716e-14,0.0008,-1.37,0
LeftS094938,3.0809,24.6891,3.048e-20,6.059e-20,1.789e-19,0.0011,-3.12,0
LeftS094939,2.8964,24.2282,9.731e-18,1.206e-17,1.346e-17,0.0005,2.39,0
LeftS094941,2.6136,24.7800,1.710e-18,2.255e-18,2.822e-18,0.0001,-4.6,0
LeftS094942,2.5790,24.6745,1.329e-15,1.087e-15,5.062e-16,0.0006,1.11,0
LeftS094943,3.2413,24.4912,3.450e-17,3.653e-17,2.898e-17,0.0014,-0.46,0
LeftS094946,3.5738,24.6049,1.039e-16,1.622e-16,2.953e-16,0.001,-4.56,0
LeftS094948,2.9993,25.0909,6.735e-16,1.281e-15,3.425e-15,-0.0,-3.76,0
LeftS094951,3.2147,24.9412,9.630e-18,1.183e-17,1.304e-17,0.001,-0.35,0
LeftS094953,3.7591,24.2335,8.790e-18,1.029e-17,9.844e-18,0.0005,2.3,0
LeftS094956,3.3524,24.6573,5.436e-16,4.616e-16,2.456e-16,-0.0002,-4.7,0
LeftS094957,2.6927,25.5701,3.652e-16,5.996e-16,1.212e-15,0.0021,-2.2,0
LeftS094958,3.2723,24.5355,1.301e-15,1.047e-15,4.926e-16,0.0006,-0.49,0
LeftS094959,3.6520,24.7076,7.655e-20,1.330e-19,3.052e-19,0.0004,1.78,0
LeftS094960,3.4541,24.5895,2.109e-19,3.584e-19,7.526e-19,0.0004,-4.09,0
LeftS094961,3.1441,24.3880,4.536e-18,5.251e-18,5.163e-18,0.0008,-3.91,0
LeftS094962,3.5542,24.1619,7.285e-16,5.852e-16,2.772e-16,0.0007,-4.27,0
LeftS094963,3.7199,25.3805,7.096e-19,1.042e-18,1.654e-18,-0.0003,-2.86,0
LeftS094964,2.8960,24.7287,3.995e-18,4.843e-18,5.098e-18,-0.0001,0.73,0
LeftS094965,2.2943,25.1856,1.146e-14,8.179e-15,3.043e-15,0.0002,-0.91,0
LeftS094966,3.2179,24.8347,2.167e-16,1.925e-16,1.104e-16,0.0004,-0.21,0
LeftS094969,3.4854,24.7278,8.229e-17,8.203e-17,5.888e-17,0.0002,1.36,0
LeftS094970,2.8547,24.4474,5.838e-18,7.161e-18,8.012e-18,0.0011,-3.98,0
LeftS094971,2.8846,24.7760,5.500e-16,9.376e-16,1.988e-15,0.0001,-1.22,0
LeftS094972,2.9433,24.7027,2.807e-18,3.763e-18,5.078e-18,0.0002,-1.79,0
LeftS094973,3.0702,24.5671,1.720e-15,1.310e-15,5.480e-16,0.0002,-0.06,1
LeftS094974,3.1029,24.4788,3.115e-17,3.261e-17,2.664e-17,0.0002,0.22,0
LeftS094975,3.1076,25.1696,7.021e-12,4.918e-12,1.752e-12,-0.0001,2.48,0
LeftS094977,2.9572,23.9147,1.100e-16,9.911e-17,5.970e-17,0.0006,-1.68,0
LeftS094978,3.4895,25.0732,2.721e-16,2.421e-16,1.401e-16,-0.0002,-3.65,0
LeftS094980,2.8836,24.2240,3.647e-16,7.240e-16,2.186e-15,0.0009,2.58,0
LeftS094981,3.1607,24.1151,1.850e-15,1.437e-15,6.033e-16,0.0002,3.26,0
LeftS094982,2.6141,24.9684,5.300e-20,1.029e-19,2.975e-19,0.0013,1.94,0
LeftS094983,3.2122,23.9942,4.759e-18,6.065e-18,7.337e-18,0.0,3.07,0
LeftS094985,2.7895,24.5939,2.699e-19,4.304e-19,8.095e-19,0.0008,2.79,0
LeftS094986,3.4330,24.1423,4.669e-16,8.365e-16,1.919e-15,0.0004,-1.46,0
LeftS094987,2.5275,24.4309,1.037e-19,1.936e-19,5.008e-19,0.0009,-4.34,0
LeftS094988,3.3223,24.3828,1.889e-15,4.482e-15,1.963e-14,0.0012,-2.25,0
LeftS094989,3.3507,23.8233,4.207e-17,4.189e-17,3.082e-17,0.0002,-4.41,0
LeftS094990,2.9152,24.3134,9.507e-12,6.780e-12,2.477e-12,0.0002,0.85,0
LeftS094991,2.9499,25.9014,1.809e-16,3.116e-16,6.978e-16,0.002,2.61,0
LeftS094993,2.9280,24.4559,1.618e-15,1.229e-15,5.136e-16,0.0007,-1.11,1
LeftS094994,3.1767,25.4394,2.027e-17,2.260e-17,2.057e-17,0.001,2.14,0
LeftS094995,2.9547,24.1920,2.711e-16,4.805e-16,1.125e-15,0.0008,0.58,0
LeftS094996,3.2645,25.0304,7.620e-17,7.814e-17,5.733e-17,0.0003,-1.25,0
LeftS094997,3.4394,25.4142,1.339e-20,2.862e-20,9.616e-20,0.0011,1.68,0
LeftS094998,3.5533,25.0136,1.715e-16,1.560e-16,9.387e-17,0.0001,-0.38,0
LeftS095001,2.9082,24.0283,1.478e-16,1.435e-16,9.580e-17,0.0004,-4.68,0
LeftS095002,3.3668,25.1953,4.261e-20,8.389e-20,2.509e-19,0.0013,-2.85,0
LeftS095005,3.3317,24.3290,3.461e-17,3.721e-17,3.077e-17,0.0004,-0.23,0
LeftS095006,3.2359,24.5352,1.583e-17,1.714e-17,1.528e-17,0.0011,-2.93,0
LeftS095007,3.2150,24.8478,7.635e-17,7.785e-17,5.723e-17,0.0012,-3.43,0
LeftS095008,3.0267,25.2514,4.203e-19,6.447e-19,1.130e-18,0.001,0.64,0
LeftS095009,3.4729,24.7836,1.425e-16,1.307e-16,8.224e-17,0.0004,-0.15,0
LeftS095011,3.2777,24.9946,1.262e-16,3.167e-16,1.575e-15,0.0009,-3.6,0
LeftS095012,3.1650,24.8621,6.841e-19,9.867e-19,1.513e-18,0.0006,-0.88,0
LeftS095013,3.4515,24.1876,4.505e-19,6.859e-19,1.184e-18,0.0003,0.95,0
LeftS095014,2.8269,24.9180,2.419e-15,1.908e-15,8.457e-16,0.001,-2.83,1
LeftS095016,3.4577,24.7123,3.071e-16,2.838e-16,1.732e-16,-0.0005,-1.03,0
LeftS095017,2.1981,24.8891,7.557e-12,5.461e-12,2.004e-12,0.0,0.74,0
LeftS095018,2.5231,24.4468,6.431e-12,4.488e-12,1.616e-12,0.0002,-1.65,0
LeftS095019,3.0927,24.4702,1.217e-20,2.521e-20,8.039e-20,0.001,-3.79,0
LeftS095020,3.1479,24.8169,2.304e-16,2.109e-16,1.229e-16,0.0013,1.61,0
LeftS095022,3.5973,24.3513,7.209e-12,5.284e-12,2.037e-12,0.0002,0.38,0
LeftS095023,3.3790,25.1540,2.218e-16,3.211e-16,4.921e-16,0.0007,-2.49,0
LeftS095024,3.5176,23.7363,8.704e-17,8.690e-17,6.288e-17,0.0002,-3.79,0
LeftS095026,3.2707,25.3295,3.077e-18,3.990e-18,4.959e-18,0.0013,3.42,0
LeftS095027,3.1589,24.8970,9.766e-18,1.159e-17,1.160e-17,-0.0001,-3.55,0
LeftS095028,3.2904,25.6582,2.683e-18,3.334e-18,3.756e-18,0.001,-4.07,0
LeftS095029,3.5973,25.4236,1.315e-19,2.366e-19,5.619e-19,0.0009,-1.48,0
LeftS095030,3.3110,24.7467,3.059e-20,5.866e-20,1.548e-19,0.0004,2.36,0
LeftS095032,3.0033,24.4984,2.758e-17,2.745e-17,2.073e-17,-0.0005,-3.07,0
LeftS095033,3.4269,25.2755,3.869e-15,2.883e-15,1.215e-15,0.0002,-2.69,1
LeftS095034,3.3887,24.5401,2.337e-17,2.480e-17,2.002e-17,-0.0003,1.53,0
LeftS095035,3.3743,24.8813,3.045e-17,3.256e-17,2.718e-17,-0.0001,-2.2,0
LeftS095037,3.1898,25.5825,2.538e-20,5.094e-20,1.548e-19,0.0008,-3.42,0
LeftS095038,3.2412,24.4116,3.326e-20,6.453e-20,1.824e-19,0.0009,1.25,0
LeftS095039,2.6598,25.0733,3.754e-18,5.002e-18,6.515e-18,-0.0005,1.3,0
LeftS095041,3.6450,24.6091,6.488e-17,6.453e-17,4.764e-17,0.0011,-4.2,0
LeftS095042,3.5464,25.1829,7.612e-17,7.175e-17,4.831e-17,0.0009,-1.13,0
LeftS095043,3.3918,24.8408,1.994e-15,1.555e-15,6.772e-16,0.0005,0.9,1
LeftS095044,3.4115,24.9293,1.451e-18,2.043e-18,2.841e-18,0.0012,0.45,0
LeftS095045,3.2199,24.7142,1.741e-20,3.566e-20,1.140e-19,0.0003,0.32,0
LeftS095046,2.8030,25.4774,1.262e-16,1.229e-16,8.598e-17,0.0008,-2.75,0
LeftS095047,2.9875,25.2471,7.636e-16,6.353e-16,3.075e-16,0.0009,0.8,0
LeftS095048,3.3248,23.7200,6.403e-16,5.347e-16,2.626e-16,0.0,2.65,0
LeftS095049,2.6938,25.2345,8.143e-18,9.553e-18,9.698e-18,-0.0004,0.45,0
LeftS095050,2.8981,25.5850,3.191e-20,6.168e-20,1.749e-19,0.0005,0.09,0
LeftS095052,3.4789,25.7946,8.336e-19,1.253e-18,2.158e-18,-0.0002,3.21,0
LeftS095053,3.2788,25.2254,1.143e-17,1.204e-17,9.806e-18,0.0009,-0.06,0
LeftS095054,3.1343,24.5653,1.100e-17,1.214e-17,1.080e-17,-0.0001,1.59,0
LeftS095057,3.1412,24.2209,1.088e-20,2.447e-20,9.198e-20,0.0,1.34,0
LeftS095058,3.0726,24.5718,1.618e-16,1.522e-16,9.636e-17,0.0004,-1.42,0
LeftS095060,3.0790,23.9763,2.602e-12,1.742e-12,5.826e-13,0.0012,3.13,0
LeftS095062,2.9736,24.2118,3.159e-19,4.861e-19,8.615e-19,0.0001,1.58,0
LeftS095064,3.1803,24.6501,7.738e-20,1.391e-19,3.513e-19,0.0001,-1.28,0
LeftS095065,2.9736,24.5689,1.938e-16,3.546e-16,9.020e-16,0.001,-2.35,0
LeftS095066,3.0869,24.3009,3.085e-17,3.345e-17,2.882e-17,0.0005,-2.92,0
LeftS095067,2.4617,24.6375,6.332e-17,6.255e-17,4.423e-17,0.0001,-3.09,0
LeftS095068,3.2331,25.4088,8.775e-19,1.344e-18,2.288e-18,0.0004,0.93,0
LeftS095069,3.6691,25.1109,9.824e-17,9.076e-17,5.601e-17,0.0007,-1.66,0
LeftS095070,2.7481,24.9596,7.092e-18,8.158e-18,7.960e-18,-0.0,-1.55,0
LeftS095071,2.8050,24.6142,1.027e-20,2.079e-20,6.307e-20,-0.0,2.65,0
LeftS095073,3.3454,25.0433,4.466e-17,4.665e-17,3.721e-17,-0.0001,2.24,0
LeftS095074,3.5257,24.9413,1.885e-19,3.142e-19,6.585e-19,0.0011,1.16,0
LeftS095075,3.1994,24.5082,1.893e-16,3.498e-16,8.985e-16,0.0007,2.36,0
LeftS095076,2.9704,24.2997,8.378e-18,9.726e-18,9.412e-18,-0.0001,-4.04,0
LeftS095077,2.9784,24.6257,5.340e-20,1.049e-19,3.051e-19,-0.0001,1.04,0
LeftS095079,3.2913,24.9677,2.795e-17,3.009e-17,2.512e-17,0.0003,-3.34,0
LeftS095080,3.4464,24.9924,3.579e-19,5.569e-19,1.003e-18,0.0005,-1.28,0
LeftS095081,3.4364,24.9930,8.643e-18,9.708e-18,8.953e-18,0.0003,1.03,0
LeftS095082,3.2631,24.6519,1.671e-19,2.899e-19,6.596e-19,-0.0005,-1.07,0
LeftS095083,2.9179,24.3505,1.043e-16,1.022e-16,7.409e-17,-0.0002,-2.91,0
LeftS095084,2.8480,24.5340,1.375e-15,1.111e-15,5.265e-16,0.001,-1.52,0
LeftS095086,3.1002,25.2715,7.186e-19,1.020e-18,1.534e-18,0.0003,-3.72,0
LeftS095088,3.5971,24.2076,7.534e-17,7.795e-17,5.827e-17,-0.0003,1.54,0
LeftS095089,3.1829,25.2541,1.095e-17,1.295e-17,1.277e-17,0.0001,-2.42,0
LeftS095090,2.9954,24.4829,3.047e-18,4.167e-18,5.662e-18,0.0011,-0.35,0
LeftS095091,2.7904,24.5728,3.002e-19,4.772e-19,9.243e-19,0.0009,0.72,0
LeftS095092,2.7515,25.2976,2.792e-18,3.520e-18,4.123e-18,0.0005,-3.69,0
LeftS095096,3.4106,25.4318,1.689e-16,1.554e-16,9.475e-17,0.0005,2.2,0
LeftS095098,3.2746,25.0942,2.869e-20,5.712e-20,1.716e-19,0.0001,-3.75,0
LeftS095099,2.8978,25.3563,2.963e-16,2.762e-16,1.682e-16,-0.0005,1.2,0
LeftS095101,3.3470,24.2820,1.447e-16,1.333e-16,8.053e-17,0.0002,-1.19,0
LeftS095102,3.8178,23.8764,8.418e-12,6.045e-12,2.267e-12,0.0009,3.13,0
LeftS095103,3.4680,24.3630,4.816e-12,3.302e-12,1.156e-12,0.0001,-0.74,0
LeftS095104,2.9190,24.8517,3.287e-16,7.058e-16,2.394e-15,-0.0001,-2.42,0
LeftS095107,3.3117,24.6646,1.791e-15,1.381e-15,5.876e-16,0.001,-0.29,1
LeftS095108,3.2744,24.5227,4.418e-18,5.213e-18,5.277e-18,-0.0001,-3.38,0
LeftS095109,3.3339,24.0108,4.952e-17,4.743e-17,3.198e-17,-0.0003,-4.58,0
LeftS095110,3.2648,24.0581,2.617e-17,2.926e-17,2.612e-17,0.0008,2.85,0
LeftS095112,2.9483,24.6409,5.857e-17,5.752e-17,4.112e-17,0.0024,-1.03,0
LeftS095113,3.2814,24.3370,1.310e-15,9.785e-16,3.794e-16,0.001,-4.0,0
LeftS095114,3.1455,25.6307,4.117e-17,4.278e-17,3.321e-17,0.0006,2.14,0
LeftS095115,2.8389,24.6476,1.698e-17,1.849e-17,1.623e-17,-0.0002,-2.37,0
LeftS095116,3.0128,25.4439,1.008e-18,1.368e-18,1.854e-18,0.0015,-3.19,0
LeftS095118,3.1672,24.7353,2.819e-20,5.395e-20,1.529e-19,0.0006,-0.99,0
LeftS095119,3.3592,24.4235,1.895e-16,3.983e-16,1.330e-15,0.0008,1.83,0
LeftS095120,3.3156,24.8288,6.714e-20,1.261e-19,3.297e-19,0.0002,-1.09,0
LeftS095121,3.2859,25.1251,5.498e-16,8.469e-16,1.475e-15,0.0009,-3.81,0
LeftS095122,3.4378,24.8072,4.181e-18,5.118e-18,5.629e-18,-0.0003,-3.42,0
LeftS095123,3.4168,24.0985,1.462e-19,2.556e-19,5.889e-19,0.0011,2.23,0
LeftS095124,3.0448,25.1237,1.640e-20,3.250e-20,9.743e-20,0.0002,-2.2,0
LeftS095125,2.4047,24.4381,2.452e-17,2.568e-17,2.049e-17,0.0006,-0.26,0
LeftS095126,2.8561,25.2774,2.054e-18,2.873e-18,3.993e-18,0.0012,1.42,0
LeftS095127,3.7072,24.2957,4.075e-16,6.644e-16,1.315e-15,0.0004,-3.33,0
LeftS095128,3.4823,25.2989,6.738e-20,1.269e-19,3.335e-19,0.0006,2.94,0
LeftS095129,2.8866,24.9531,1.841e-16,4.110e-16,1.587e-15,0.0005,-2.9,0
LeftS095130,2.8940,25.1622,8.599e-19,1.257e-18,1.994e-18,0.0005,-4.21,0
LeftS095131,3.3673,25.0323,1.362e-18,1.951e-18,2.857e-18,0.0001,3.48,0
LeftS095132,3.7077,25.0608,9.943e-18,1.121e-17,1.044e-17,0.0013,-0.9,0
LeftS095133,3.4116,24.4726,1.799e-16,4.075e-16,1.603e-15,0.0005,2.56,0
LeftS095134,3.9063,24.7424,8.115e-19,1.220e-18,2.042e-18,0.0002,-2.99,0
LeftS095135,2.4771,24.9268,2.202e-15,1.710e-15,7.395e-16,-0.0007,3.9,0
LeftS095136,2.6424,24.4766,2.976e-16,2.683e-16,1.547e-16,-0.0001,2.94,0
LeftS095137,3.2692,24.3000,1.479e-19,2.467e-19,5.165e-19,0.0013,-4.0,0
LeftS095138,3.1520,24.7804,8.636e-17,1.465e-16,3.166e-16,0.0007,-2.98,0
LeftS095139,3.2988,24.4288,3.539e-16,3.097e-16,1.684e-16,-0.0001,0.96,0
LeftS095141,3.3174,24.8137,1.668e-16,1.575e-16,9.941e-17,-0.0005,-0.77,0
LeftS095144,3.5591,24.8806,3.680e-18,4.730e-18,5.513e-18,0.0005,-0.54,0
LeftS095145,2.9715,24.8778,1.946e-16,3.458e-16,8.394e-16,0.0003,-1.72,0
LeftS095146,2.8390,24.9015,4.271e-20,8.207e-20,2.273e-19,0.0008,-1.7,0
LeftS095147,3.2903,25.0244,2.298e-16,4.138e-16,1.038e-15,0.0004,-3.49,0
LeftS095148,3.5525,24.8759,1.946e-20,3.911e-20,1.237e-19,-0.0,-0.47,0
LeftS095149,3.6709,24.9340,8.884e-18,1.031e-17,1.041e-17,0.0002,-2.5,0
LeftS095150,3.4669,25.0605,1.629e-18,2.184e-18,2.915e-18,0.0008,-1.23,0
LeftS095151,3.1137,24.8899,1.150e-18,1.567e-18,2.194e-18,-0.0004,-3.0,0
LeftS095152,3.3049,25.5309,8.832e-19,1.217e-18,1.720e-18,0.0003,-1.99,0
LeftS095154,3.0240,25.1247,6.607e-19,9.855e-19,1.626e-18,0.0003,0.94,0
LeftS095155,3.4108,25.4316,2.225e-20,4.681e-20,1.563e-19,0.0003,-2.39,0
LeftS095158,3.0674,24.5995,2.152e-16,4.061e-16,1.083e-15,0.0012,0.72,0
LeftS095159,3.3281,24.3260,4.621e-19,7.323e-19,1.314e-18,0.0002,-2.02,0
LeftS095163,2.5998,24.3887,2.046e-16,1.752e-16,9.436e-17,0.0009,1.93,0
LeftS095164,3.0098,25.0238,3.415e-16,3.085e-16,1.753e-16,0.0005,-0.35,0
LeftS095165,2.8896,24.4890,2.171e-16,1.972e-16,1.164e-16,0.0016,-1.11,0
LeftS095166,2.9051,25.1293,5.394e-16,4.526e-16,2.377e-16,-0.0002,-3.02,0
LeftS095167,3.3794,24.6202,1.523e-17,1.761e-17,1.714e-17,0.0005,-4.11,0
LeftS095168,3.0555,24.6738,1.142e-15,9.025e-16,4.012e-16,0.0009,-3.09,0
LeftS095170,3.2595,24.6065,2.783e-16,4.816e-16,1.070e-15,0.0011,-2.12,0
LeftS095171,3.1275,24.0271,2.033e-20,4.154e-20,1.274e-19,0.0004,-4.97,0
LeftS095172,3.1512,24.8175,2.100e-18,2.861e-18,3.963e-18,-0.0001,-0.58,0
LeftS095173,3.6946,24.9103,2.060e-16,3.598e-16,8.288e-16,-0.0001,-2.05,0
LeftS095174,2.9387,25.4425,1.851e-16,1.667e-16,1.008e-16,0.0015,1.14,0
LeftS095175,2.5841,24.3562,9.064e-19,1.346e-18,2.258e-18,0.0008,2.5,0
LeftS095176,3.2207,24.4103,3.576e-17,3.634e-17,2.671e-17,0.0003,-4.15,0
LeftS095177,3.4604,25.0629,5.132e-19,7.979e-19,1.501e-18,0.0002,-3.59,0
LeftS095178,2.8871,25.3260,1.341e-16,1.218e-16,7.138e-17,0.0002,-0.82,0
LeftS095180,3.6413,24.4243,4.563e-17,4.433e-17,3.041e-17,-0.0003,-1.95,0
LeftS095181,3.4459,25.4240,5.568e-20,1.029e-19,2.707e-19,0.0004,-4.36,0
LeftS095182,2.9541,24.2328,1.319e-19,2.298e-19,5.035e-19,0.0005,-2.26,0
LeftS095184,3.3033,24.8047,1.139e-18,1.550e-18,2.137e-18,0.0001,1.81,0
LeftS095186,3.0179,24.4094,6.651e-17,6.242e-17,4.036e-17,0.0002,-3.37,0
LeftS095187,2.6792,25.3194,2.666e-15,2.012e-15,8.572e-16,0.0008,-4.77,1
LeftS095188,2.7870,24.7778,1.579e-18,2.115e-18,2.893e-18,-0.0003,0.35,0
LeftS095189,2.9990,25.3110,9.783e-17,9.205e-17,5.891e-17,0.0007,1.67,0
LeftS095190,3.1154,24.1062,2.422e-17,2.541e-17,2.104e-17,0.0005,1.56,0
LeftS095191,3.1385,25.3338,1.241e-15,1.000e-15,4.591e-16,0.0,1.7,0
LeftS095194,3.0209,24.4744,2.019e-15,1.599e-15,7.281e-16,0.0004,-2.0,1
LeftS095195,2.9416,25.6098,1.531e-18,2.142e-18,3.031e-18,0.0012,-2.07,0
LeftS095196,3.2398,24.8140,8.862e-17,1.533e-16,3.492e-16,0.0006,-1.74,0
LeftS095198,2.9951,25.3794,3.804e-16,9.357e-16,4.411e-15,0.0005,3.14,0
LeftS095199,3.0689,24.4910,2.046e-19,3.395e-19,6.985e-19,0.001,0.89,0
LeftS095200,2.8649,24.7816,4.161e-13,2.703e-13,8.451e-14,-0.0,2.2,0
LeftS095201,3.0202,24.5212,6.047e-18,7.008e-18,6.742e-18,0.0007,-0.08,0
LeftS095202,3.3616,25.7003,5.568e-16,4.778e-16,2.582e-16,0.0001,-2.47,0
LeftS095203,3.2736,24.5924,4.657e-18,5.747e-18,6.321e-18,0.001,0.4,0
LeftS095205,2.8636,24.5934,2.011e-19,3.410e-19,7.046e-19,-0.0004,-4.06,0
LeftS095206,3.7615,24.9694,6.430e-16,5.585e-16,2.988e-16,0.0013,-0.51,0
LeftS095207,3.1530,25.1887,1.085e-16,1.022e-16,6.319e-17,0.0,-3.86,0
LeftS095208,3.2168,24.5844,3.145e-17,3.406e-17,2.917e-17,0.0004,0.98,0
LeftS095209,3.0362,24.6316,3.890e-18,4.772e-18,5.362e-18,0.0007,-1.75,0
LeftS095211,3.9172,24.1975,2.111e-16,4.314e-16,1.351e-15,0.0004,-5.16,0
LeftS095212,3.3497,24.3901,5.482e-19,8.125e-19,1.285e-18,0.0002,2.73,0
LeftS095213,3.4487,24.6887,2.273e-18,3.207e-18,4.648e-18,-0.0,0.8,0
LeftS095214,3.2608,24.5073,4.557e-17,4.683e-17,3.594e-17,-0.0004,0.81,0
LeftS095215,2.6689,25.1985,8.619e-20,1.507e-19,3.481e-19,-0.0,-2.6,0
LeftS095216,3.6409,24.0100,6.068e-16,9.509e-16,1.802e-15,0.0005,-4.61,0
LeftS095217,2.7902,24.5699,9.926e-16,8.047e-16,3.841e-16,0.0007,1.8,0
LeftS095218,3.5804,24.9683,2.501e-16,2.182e-16,1.228e-16,0.0005,-2.44,0
LeftS095219,3.1525,25.0345,3.729e-16,5.324e-16,8.175e-16,0.0007,-4.04,0
LeftS095221,3.3931,24.9139,6.857e-16,5.855e-16,3.060e-16,0.0006,-0.53,0
LeftS095222,3.3277,24.7276,2.409e-16,2.065e-16,1.104e-16,-0.0002,1.12,0
LeftS095223,3.6233,24.5738,1.164e-17,1.297e-17,1.169e-17,0.0013,0.91,0
LeftS095225,3.4583,25.1686,1.731e-18,2.375e-18,3.127e-18,0.0006,-3.8,0
LeftS095226,3.3382,24.5185,1.238e-20,2.853e-20,1.196e-19,0.0008,-1.37,0
LeftS095227,3.1415,24.1927,2.473e-20,4.756e-20,1.327e-19,0.0004,1.06,0
LeftS095228,2.8810,24.2884,1.170e-20,2.513e-20,8.746e-20,0.0004,-4.44,0
LeftS095229,3.1295,24.6091,2.528e-16,2.262e-16,1.325e-16,0.0007,-1.98,0
LeftS095230,3.0202,24.1737,3.282e-15,2.438e-15,9.790e-16,-0.0001,-1.35,0
LeftS095231,3.4060,24.6294,8.038e-17,7.838e-17,5.396e-17,0.0014,1.21,0
LeftS095232,3.5114,24.5459,1.143e-17,1.287e-17,1.172e-17,0.0011,-3.81,0
LeftS095234,3.3072,25.2710,8.649e-18,1.027e-17,1.045e-17,0.0003,-1.92,0
LeftS095237,3.2368,24.1819,3.541e-17,3.709e-17,3.014e-17,0.0005,-2.48,0
LeftS095238,3.4849,24.8351,5.358e-18,6.796e-18,7.596e-18,-0.0,2.65,0
LeftS095239,2.9941,24.2322,1.260e-19,2.284e-19,5.475e-19,0.0008,0.89,0
LeftS095240,2.7507,24.5710,4.823e-18,5.897e-18,6.382e-18,0.0007,-3.49,0
LeftS095241,2.2530,24.7395,1.943e-18,2.563e-18,3.337e-18,0.0,-2.18,0
LeftS095243,3.6040,24.8536,1.206e-16,1.030e-16,5.423e-17,0.0007,-1.95,0
LeftS095244,3.5170,24.4412,5.467e-20,1.024e-19,2.811e-19,0.0009,-4.02,0
LeftS095245,2.7402,24.6540,4.014e-18,4.658e-18,4.676e-18,0.0009,-2.07,0
LeftS095248,2.9576,25.1551,5.226e-12,3.538e-12,1.219e-12,0.0009,-1.4,0
LeftS095250,3.1374,24.7647,4.804e-17,5.126e-17,4.142e-17,-0.0004,5.68,0
LeftS095251,3.1399,24.7619,3.800e-17,3.922e-17,3.113e-17,0.0004,-4.12,0
LeftS095252,3.1384,24.7659,1.918e-15,1.567e-15,7.269e-16,0.0004,-9.22,0
LeftS095253,3.1369,24.7635,1.147e-18,1.550e-18,2.082e-18,0.001,0.8,0
LeftS095254,3.1392,24.7639,4.990e-16,4.424e-16,2.518e-16,0.0012,0.29,0
LeftS095255,3.1387,24.7632,1.090e-15,9.404e-16,4.994e-16,0.0004,-10.55,0
LeftS095256,3.1370,24.7634,4.755e-15,3.565e-15,1.446e-15,-0.0004,12.96,0
LeftS095257,3.1377,24.7651,1.786e-14,1.256e-14,4.518e-15,0.0011,-13.51,0
LeftS095258,3.1375,24.7624,1.648e-14,1.192e-14,4.316e-15,0.0009,-2.0,0
LeftS095259,3.1366,24.7640,1.741e-15,1.396e-15,6.240e-16,0.0003,-0.67,1
LeftS095260,3.1382,24.7652,1.008e-20,2.295e-20,9.103e-20,0.0001,-3.33,0
LeftS095261,3.1371,24.7642,2.173e-14,1.598e-14,6.258e-15,0.0009,10.68,0
LeftS095262,3.1369,24.7639,4.894e-15,3.655e-15,1.460e-15,0.0009,-3.58,0
LeftS095263,3.1380,24.7630,3.527e-16,6.018e-16,1.300e-15,0.0001,-4.81,0
LeftS095264,3.1382,24.7625,3.781e-15,2.972e-15,1.343e-15,-0.0005,-8.4,1
LeftS095265,3.1362,24.7639,6.803e-14,4.464e-14,1.419e-14,0.0006,-6.23,0
LeftS095266,3.1375,24.7640,5.777e-14,3.901e-14,1.253e-14,0.0002,7.52,0
LeftS095267,3.1366,24.7640,3.890e-16,5.691e-16,8.994e-16,0.0008,2.73,0
LeftS095268,3.1373,24.7629,7.650e-15,5.903e-15,2.466e-15,0.0011,-3.59,0
LeftS095269,3.1392,24.7626,1.048e-15,1.778e-15,3.721e-15,0.0007,4.23,0
LeftS095270,3.1388,24.7653,4.349e-14,3.027e-14,1.048e-14,0.0006,6.38,0
LeftS095271,3.1385,24.7636,7.482e-17,7.508e-17,5.403e-17,-0.0002,-5.83,0
LeftS095272,3.1373,24.7623,9.620e-14,6.339e-14,2.050e-14,-0.0,7.13,0
LeftS095273,3.1382,24.7621,5.389e-12,3.877e-12,1.455e-12,0.0001,5.58,0
LeftS095274,3.1393,24.7637,3.872e-16,5.968e-16,1.086e-15,0.0002,-12.6,0
LeftS095275,3.1381,24.7663,4.536e-12,3.075e-12,1.056e-12,0.0001,-4.63,0
LeftS095276,3.1396,24.7638,6.487e-17,6.541e-17,4.783e-17,0.0007,-2.08,0
LeftS095277,3.1384,24.7632,2.319e-14,1.615e-14,5.634e-15,0.0002,3.16,0
LeftS095278,3.1380,24.7626,7.461e-16,1.567e-15,5.251e-15,0.0001,-6.29,0
LeftS095279,3.1387,24.7637,1.731e-16,1.610e-16,1.029e-16,0.0009,-2.34,0
LeftS095280,6.4418,24.5838,8.658e-18,9.831e-18,9.056e-18,0.0006,0.77,0
LeftS095281,3.1111,31.9816,3.786e-19,5.825e-19,1.038e-18,0.0001,4.3,0
LeftS095285,3.2080,25.4117,8.213e-20,1.421e-19,3.292e-19,0.0003,1.34,0
LeftS095287,1.4395,30.2781,8.329e-17,8.267e-17,5.787e-17,0.0005,-6.82,0
LeftS095288,2.9997,18.7093,3.605e-18,4.527e-18,5.251e-18,0.0008,-7.64,0
LeftS095289,2.2104,24.0431,2.195e-20,4.192e-20,1.189e-19,0.0006,3.27,0
LeftS095290,-0.3359,22.4952,2.857e-16,4.892e-16,1.070e-15,0.0006,-3.6,0
LeftS095293,2.9036,25.0358,2.319e-16,4.597e-16,1.395e-15,-0.0002,5.22,0
LeftS095294,3.1799,27.6756,3.215e-16,6.008e-16,1.623e-15,0.0005,3.44,0
LeftS095300,0.7402,26.1432,7.515e-20,1.382e-19,3.454e-19,0.0011,-6.19,0
LeftS095302,1.9343,20.5622,9.814e-18,1.148e-17,1.130e-17,0.0006,-4.76,0
LeftS095306,6.6236,26.1954,7.059e-18,8.115e-18,8.134e-18,0.0002,4.15,0
LeftS095307,2.0379,25.7761,1.241e-17,1.394e-17,1.246e-17,0.001,-4.05,0
LeftS095311,5.2910,22.4187,1.032e-18,1.472e-18,2.160e-18,0.0008,4.81,0
LeftS095312,3.6801,30.7832,1.223e-17,1.364e-17,1.211e-17,0.0015,2.3,0
LeftS095314,3.1712,27.2107,1.232e-19,2.139e-19,4.788e-19,0.0007,1.03,0
LeftS095315,4.4170,21.6380,2.798e-16,5.864e-16,1.933e-15,-0.0006,-4.64,0
LeftS095319,5.8853,25.1225,1.860e-20,3.448e-20,9.115e-20,0.0004,-5.81,0
LeftS095321,1.3309,24.7722,1.211e-20,2.421e-20,7.240e-20,0.0009,1.83,0
LeftS095323,5.4110,24.2329,1.380e-19,2.329e-19,5.199e-19,-0.0003,-3.56,0
LeftS095325,0.9275,23.9924,1.213e-18,1.695e-18,2.459e-18,-0.0001,3.32,0
LeftS095326,3.9541,26.2058,1.056e-17,1.221e-17,1.206e-17,0.0016,-4.2,0
LeftS095332,6.6869,23.9986,1.433e-18,1.821e-18,2.107e-18,0.0006,0.02,0
LeftS095336,7.6610,23.8664,1.019e-17,1.180e-17,1.151e-17,0.0005,4.41,0
LeftS095338,1.2657,28.1992,1.509e-16,2.286e-16,3.791e-16,-0.0001,4.15,0
LeftS095340,5.2902,26.6846,1.571e-18,2.112e-18,2.661e-18,0.0007,-6.77,0
LeftS095342,3.1346,22.9562,1.983e-16,4.467e-16,1.713e-15,-0.0005,-1.43,0
LeftS095343,3.5586,24.9737,9.906e-17,9.372e-17,6.257e-17,0.0003,2.74,0
LeftS095348,1.7523,23.8654,4.186e-19,6.506e-19,1.153e-18,0.0003,-6.49,0
LeftS095351,1.8201,23.1278,1.148e-19,2.133e-19,5.459e-19,0.0007,-3.51,0
LeftS095355,-0.1064,30.3232,3.988e-19,5.777e-19,9.162e-19,0.0003,6.21,0
LeftS095356,3.2672,22.0340,2.779e-17,2.929e-17,2.322e-17,0.0005,5.83,0
LeftS095358,8.0309,27.9263,8.425e-20,1.496e-19,3.579e-19,0.0009,-2.62,0
LeftS095360,3.2406,25.0667,3.629e-17,3.693e-17,2.858e-17,0.0004,2.61,0
LeftS095362,0.2490,28.8890,2.876e-19,4.675e-19,9.310e-19,0.0003,4.62,0
LeftS095364,3.4511,26.0283,3.284e-20,6.134e-20,1.597e-19,0.0001,3.84,0
LeftS095367,0.3349,22.9999,2.433e-19,3.679e-19,6.295e-19,-0.0001,-1.78,0
LeftS095372,-0.2407,25.9693,3.466e-19,5.437e-19,1.018e-18,0.0002,-2.42,0
LeftS095373,0.1448,25.3438,2.145e-18,2.972e-18,4.178e-18,0.0012,5.45,0
LeftS095374,6.6562,24.8793,4.475e-18,5.687e-18,6.585e-18,0.0,-3.22,0
LeftS095375,-0.8324,22.6230,7.626e-18,9.336e-18,9.983e-18,-0.0001,1.57,0
LeftS095376,1.6957,24.6288,3.958e-20,6.891e-20,1.508e-19,-0.0002,-6.09,0
LeftS095382,3.0706,23.2117,5.870e-18,6.783e-18,6.508e-18,-0.0005,3.8,0
LeftS095384,4.3708,21.7163,8.433e-20,1.514e-19,3.653e-19,0.0017,-5.83,0
LeftS095385,2.5349,24.4301,3.580e-18,4.550e-18,5.200e-18,0.0004,-4.55,0
LeftS095386,3.6240,20.4801,3.388e-19,5.356e-19,1.028e-18,0.0008,-7.78,0
LeftS095388,1.1047,19.9349,8.678e-19,1.197e-18,1.720e-18,-0.0,-3.12,0
LeftS095389,5.7721,20.0124,1.273e-16,2.118e-16,4.421e-16,0.0001,-2.88,0
LeftS095391,0.8980,25.2692,1.277e-16,1.200e-16,7.469e-17,0.0,4.72,0
LeftS095393,4.2421,26.1566,3.070e-19,4.956e-19,9.757e-19,0.0001,-5.97,0
LeftS095394,3.9543,24.9250,3.884e-18,4.709e-18,5.058e-18,0.0008,1.13,0
LeftS095397,6.0961,25.2903,2.147e-19,3.211e-19,5.475e-19,0.0006,-2.11,0
LeftS095398,1.2346,30.1280,5.693e-19,8.140e-19,1.253e-18,0.001,-2.81,0
LeftS095399,7.3714,24.1742,4.004e-16,3.408e-16,1.774e-16,0.0011,-6.04,0
LeftS095401,2.8879,22.8566,5.121e-17,5.141e-17,3.698e-17,-0.0005,-3.12,0
LeftS095403,4.6004,24.8972,2.964e-20,5.844e-20,1.689e-19,0.0005,-4.47,0
LeftS095407,7.5797,23.2019,3.524e-18,4.571e-18,5.519e-18,0.0013,4.15,0
LeftS095408,-0.8338,29.6885,6.972e-19,9.860e-19,1.452e-18,0.0005,-6.09,0
LeftS095409,1.4521,25.1823,4.108e-18,5.067e-18,5.625e-18,-0.0003,2.8,0
LeftS095410,2.2601,25.3265,2.601e-18,3.262e-18,3.644e-18,0.0007,-2.02,0
LeftS095412,-0.4595,22.3563,1.855e-20,3.794e-20,1.219e-19,0.0005,-8.17,0
LeftS095414,7.4261,26.1187,1.256e-17,1.510e-17,1.596e-17,0.0004,-6.62,0
LeftS095416,2.4387,23.0650,5.975e-19,8.920e-19,1.448e-18,0.0008,-6.49,0
LeftS095417,5.5128,28.5240,3.268e-18,4.048e-18,4.648e-18,0.0011,3.25,0
LeftS095419,3.3673,24.9453,1.087e-11,8.361e-12,3.616e-12,-0.0001,-3.72,1
LeftS095420,1.2757,21.9145,1.415e-18,1.964e-18,2.740e-18,0.0013,-5.64,0
LeftS095422,1.8309,23.8621,5.523e-18,6.701e-18,7.085e-18,0.0011,2.94,0
LeftS095424,0.3408,23.4275,1.868e-19,3.126e-19,6.504e-19,0.0001,-6.58,0
LeftS095425,2.7042,27.6503,2.032e-18,2.631e-18,3.212e-18,0.001,4.71,0
LeftS095426,2.2075,23.6836,2.370e-17,2.511e-17,2.004e-17,0.0007,4.55,0
LeftS095429,1.0373,21.9738,1.328e-18,1.950e-18,3.178e-18,0.0005,3.04,0
LeftS095430,2.0997,25.3520,1.426e-20,3.112e-20,1.116e-19,0.0003,-4.76,0
LeftS095432,2.6826,30.1073,2.606e-20,5.120e-20,1.458e-19,0.0004,-2.73,0
LeftS095433,3.6505,27.8959,1.606e-17,1.741e-17,1.542e-17,-0.0001,-1.29,0
LeftS095434,2.9169,25.0727,3.584e-18,4.630e-18,5.609e-18,0.0001,-2.61,0
LeftS095435,3.7255,22.7912,4.686e-18,5.640e-18,6.020e-18,0.001,5.2,0
LeftS095436,0.3740,23.2531,2.818e-18,3.492e-18,3.803e-18,0.001,-6.37,0
LeftS095438,5.2511,22.5654,9.073e-19,1.308e-18,1.981e-18,0.0006,2.24,0
LeftS095439,4.0154,20.9572,6.857e-19,1.025e-18,1.720e-18,0.0004,3.61,0
LeftS095441,4.1589,20.6506,2.626e-17,2.814e-17,2.328e-17,0.0009,3.14,0
LeftS095443,3.5588,26.8442,7.593e-18,9.260e-18,1.009e-17,0.0009,-5.37,0
LeftS095444,-2.6457,23.2298,1.334e-19,2.223e-19,4.474e-19,0.0004,-1.09,0
LeftS095446,3.1154,25.8589,4.625e-20,8.853e-20,2.512e-19,0.0006,3.58,0
LeftS095447,6.2574,25.2558,2.627e-16,2.305e-16,1.257e-16,0.0005,0.53,0
LeftS095448,1.4469,22.1588,5.366e-18,6.524e-18,6.748e-18,0.0004,4.2,0
LeftS095450,-1.3131,23.4263,8.871e-18,1.051e-17,1.122e-17,0.0001,-5.65,0
LeftS095453,1.5502,29.1266,2.468e-18,3.134e-18,3.610e-18,0.0,-2.86,0
LeftS095454,5.4956,23.5816,6.035e-20,1.129e-19,2.890e-19,0.0,1.26,0
LeftS095457,4.0691,24.7710,3.527e-18,4.270e-18,4.561e-18,0.0008,0.02,0
LeftS095460,0.5066,22.5088,1.334e-20,2.791e-20,9.468e-20,0.001,-6.29,0
LeftS095462,1.4429,22.6010,1.520e-19,2.471e-19,5.053e-19,0.0001,-3.91,0
LeftS095463,2.3460,27.5233,1.397e-16,2.862e-16,8.978e-16,0.0003,-5.7,0
LeftS095464,8.9259,28.1311,3.468e-20,6.157e-20,1.500e-19,0.0009,0.5,0
LeftS095465,-0.6802,24.2798,2.609e-16,5.697e-16,2.133e-15,0.0014,0.58,0
LeftS095468,0.6772,24.4588,2.035e-19,3.491e-19,7.762e-19,0.001,3.97,0
LeftS095469,4.4990,20.4824,1.042e-19,1.800e-19,4.008e-19,0.0004,-7.29,0
LeftS095471,5.6989,20.8140,3.565e-19,5.410e-19,9.374e-19,0.0002,6.29,0
LeftS095476,5.7774,24.8168,2.428e-17,2.796e-17,2.616e-17,0.0003,-3.37,0
LeftS095478,0.4746,25.5943,5.509e-19,8.206e-19,1.336e-18,0.0007,-0.4,0
LeftS095479,1.3737,22.7854,2.682e-20,5.534e-20,1.793e-19,0.0009,-1.16,0
LeftS095480,2.0434,22.4459,2.719e-20,5.285e-20,1.502e-19,0.0005,-7.23,0
LeftS095481,6.3463,25.7235,7.940e-20,1.336e-19,2.744e-19,-0.0009,3.94,0
LeftS095483,7.3253,26.0763,1.675e-17,1.883e-17,1.683e-17,0.0007,6.3,0
LeftS095484,0.0065,26.9971,2.061e-18,2.687e-18,3.428e-18,0.0003,-4.87,0
LeftS095487,3.5735,21.7895,1.014e-19,1.769e-19,4.188e-19,0.001,3.93,0
LeftS095489,0.8329,23.3622,4.753e-18,5.787e-18,6.237e-18,0.0009,1.25,0
LeftS095490,4.2415,28.6768,7.439e-19,1.027e-18,1.486e-18,0.0003,-6.1,0
LeftS095491,6.1610,23.3314,2.656e-17,2.802e-17,2.205e-17,0.0017,1.06,0
LeftS095494,3.5807,21.6470,2.755e-20,5.276e-20,1.471e-19,0.0005,3.23,0
LeftS095496,-1.5798,22.7101,5.146e-20,9.418e-20,2.388e-19,0.0002,4.9,0
LeftS095497,0.5344,21.6625,6.997e-18,8.092e-18,7.984e-18,0.0001,5.04,0
LeftS095499,1.4164,21.9995,4.922e-16,8.860e-16,2.135e-15,0.0014,1.96,0
LeftS095500,2.2378,19.0594,9.791e-19,1.398e-18,2.158e-18,0.0009,5.68,0
LeftS095501,-1.4680,18.5813,1.408e-18,2.015e-18,3.103e-18,0.0004,-7.01,0
LeftS095502,4.4216,24.4795,4.870e-20,9.093e-20,2.297e-19,-0.0002,-5.51,0
LeftS095505,0.8381,18.9209,6.510e-20,1.164e-19,2.775e-19,-0.0002,1.76,0
LeftS095506,-2.2745,25.2714,1.257e-20,2.378e-20,6.275e-20,0.0005,5.46,0
LeftS095507,6.6166,21.8295,1.366e-11,9.991e-12,3.985e-12,0.0013,-1.95,0
LeftS095508,1.0144,28.4996,2.731e-20,5.692e-20,1.842e-19,-0.0002,4.22,0
LeftS095509,0.7637,25.0258,4.933e-17,8.469e-17,1.920e-16,0.0001,-3.38,0
LeftS095512,3.8418,20.9710,1.249e-12,1.791e-12,2.619e-12,0.0011,-6.64,0
LeftS095515,3.4120,29.1515,9.412e-19,1.376e-18,2.112e-18,0.0009,3.79,0
LeftS095516,7.0356,29.1995,2.210e-19,3.381e-19,6.063e-19,0.0003,-2.96,0
LeftS095518,3.4134,21.3814,9.036e-19,1.237e-18,1.726e-18,0.0007,-1.27,0
LeftS095521,0.5805,26.6384,8.707e-19,1.292e-18,2.028e-18,0.0006,3.79,0
LeftS095523,-0.2403,25.6565,9.118e-18,1.036e-17,9.702e-18,0.0,-2.02,0
LeftS095524,-0.8280,23.1274,1.166e-17,1.318e-17,1.222e-17,0.0015,4.22,0
LeftS095525,5.7015,23.4828,1.692e-20,3.623e-20,1.271e-19,0.0014,-0.72,0
LeftS095529,1.5926,25.7084,2.490e-18,3.207e-18,3.928e-18,0.0005,-3.27,0
LeftS095530,1.6696,17.8945,6.355e-20,1.160e-19,2.886e-19,0.0003,-1.05,0
LeftS095534,0.9308,23.8974,5.112e-17,5.427e-17,4.208e-17,-0.0004,-2.88,0
LeftS095535,0.9637,24.0095,1.385e-16,1.161e-16,5.958e-17,0.0009,-2.32,0
LeftS095536,8.4635,24.3833,1.962e-19,3.175e-19,6.174e-19,0.0004,6.37,0
LeftS095537,0.7519,21.6828,1.879e-20,3.762e-20,1.177e-19,0.0002,-4.0,0
LeftS095540,0.9860,22.5480,7.571e-19,1.139e-18,1.975e-18,0.0004,1.3,0
LeftS095542,2.9366,23.1651,4.488e-17,4.520e-17,3.298e-17,0.0012,3.83,0
LeftS095544,6.4966,26.1144,4.844e-18,6.134e-18,7.490e-18,0.0004,-2.19,0
LeftS095546,2.2753,22.3920,2.569e-19,4.116e-19,7.736e-19,0.0006,-5.39,0
LeftS095549,1.4400,24.9959,3.350e-20,6.517e-20,1.818e-19,0.0005,5.46,0
LeftS095551,2.6988,21.0625,3.626e-19,6.176e-19,1.358e-18,0.0005,-4.01,0
LeftS095553,2.1002,24.5515,3.395e-19,5.192e-19,9.016e-19,0.0003,-2.19,0
LeftS095554,6.2256,21.0791,1.471e-20,3.080e-20,1.043e-19,0.0009,-2.81,0
LeftS095556,1.4765,26.7015,1.786e-19,3.081e-19,6.520e-19,0.0009,4.31,0
LeftS095557,7.1258,26.8319,1.352e-19,2.410e-19,5.684e-19,0.0013,-4.88,0
LeftS095559,4.0814,20.7973,4.061e-20,8.477e-20,2.825e-19,0.0009,4.75,0
LeftS095560,2.9148,21.4047,2.931e-19,4.549e-19,8.451e-19,0.0006,-1.42,0
LeftS095561,8.7803,27.5192,1.031e-19,1.659e-19,3.126e-19,0.0002,3.74,0
LeftS095563,1.7895,23.4128,3.534e-20,6.915e-20,2.027e-19,0.001,-2.07,0
LeftS095565,3.3891,29.1587,1.236e-18,1.733e-18,2.450e-18,0.0003,-7.06,0
LeftS095567,5.2029,25.3803,3.583e-18,4.647e-18,5.460e-18,-0.0003,2.87,0
LeftS095569,1.6245,24.0358,4.062e-18,5.119e-18,5.821e-18,-0.0005,-1.02,0
LeftS095570,0.7295,27.8080,7.299e-17,1.349e-16,3.384e-16,0.0016,-6.52,0
LeftS095572,3.1165,23.0124,2.881e-18,3.625e-18,4.213e-18,0.0015,-4.96,0
LeftS095573,6.0912,22.7310,1.008e-16,1.618e-16,3.117e-16,0.0015,-4.99,0
LeftS095575,3.2071,24.7980,1.318e-18,1.730e-18,2.245e-18,0.0004,1.57,0
LeftS095577,2.7806,21.5464,6.099e-19,8.615e-19,1.235e-18,0.0009,-3.16,0
LeftS095578,5.0880,23.6312,8.672e-16,1.421e-15,2.799e-15,0.0005,-4.32,0
LeftS095580,1.9320,21.3487,1.329e-20,2.509e-20,6.852e-20,-0.0,-3.8,0
LeftS095581,3.0059,23.3320,3.475e-20,6.622e-20,1.833e-19,0.0011,5.29,0
LeftS095583,4.4582,22.0952,3.220e-17,3.436e-17,2.833e-17,0.0,5.28,0
LeftS095584,0.7099,26.3547,4.715e-17,4.975e-17,4.034e-17,0.0001,-5.06,0
LeftS095585,1.7122,23.7937,2.711e-20,5.089e-20,1.357e-19,0.0006,-2.3,0
LeftS095587,3.9647,22.1556,2.654e-20,5.223e-20,1.541e-19,0.0005,-8.11,0
LeftS095588,5.8545,24.6016,5.298e-20,9.891e-20,2.563e-19,0.0004,-4.0,0
LeftS095591,3.0495,25.5391,2.237e-20,4.386e-20,1.275e-19,0.0008,0.33,0
LeftS095593,4.0935,19.2397,5.184e-20,9.310e-20,2.277e-19,0.0015,-3.53,0
LeftS095595,3.0338,24.0376,1.221e-20,2.566e-20,8.554e-20,0.0013,1.91,0
LeftS095597,2.1527,23.5490,1.149e-18,1.645e-18,2.489e-18,0.0001,-0.98,0
LeftS095598,0.8224,19.9701,1.828e-16,3.589e-16,1.079e-15,0.0008,-0.01,0
LeftS095599,3.8322,27.7024,1.065e-17,1.163e-17,1.042e-17,0.0007,3.49,0
LeftS095602,3.7252,24.1254,2.705e-20,5.471e-20,1.744e-19,0.0005,5.23,0
LeftS095603,3.9813,23.3794,1.484e-19,2.494e-19,5.072e-19,-0.0002,4.08,0
LeftS095604,6.8067,25.3846,5.574e-19,8.367e-19,1.420e-18,0.0016,-7.2,0
LeftS095606,3.7281,23.2685,2.555e-20,4.846e-20,1.298e-19,-0.0004,0.26,0
LeftS095607,0.5833,25.2332,7.081e-18,8.679e-18,9.643e-18,0.0017,-1.73,0
LeftS095609,0.8318,21.5996,8.540e-18,9.828e-18,9.504e-18,0.0003,-6.77,0
LeftS095611,3.5630,23.8564,8.816e-19,1.256e-18,1.883e-18,-0.0,-5.34,0
LeftS095615,-0.7114,26.8446,3.677e-19,5.885e-19,1.077e-18,-0.0002,2.28,0
LeftS095617,4.8758,24.0183,4.220e-19,6.519e-19,1.141e-18,0.0002,-6.08,0
LeftS095618,-1.0698,26.3202,5.957e-18,7.372e-18,8.610e-18,0.0002,5.76,0
LeftS095619,-1.6902,28.2840,5.553e-19,8.740e-19,1.566e-18,0.0002,-4.41,0
LeftS095620,3.4943,27.5651,6.168e-17,6.035e-17,4.357e-17,0.0002,-2.87,0
LeftS095621,-0.5702,26.7896,5.821e-16,4.923e-16,2.613e-16,0.0002,3.97,0
LeftS095622,4.5816,27.7313,6.541e-17,6.509e-17,4.550e-17,0.0002,-2.61,0
LeftS095623,2.4187,27.3224,1.268e-17,1.391e-17,1.203e-17,0.0004,-2.45,0
LeftS095624,3.2099,23.0915,3.965e-19,6.394e-19,1.203e-18,0.0001,-3.34,0
LeftS095625,6.4266,29.0908,4.756e-19,7.352e-19,1.254e-18,0.0002,-0.69,0
LeftS095627,4.4171,25.7927,1.460e-18,2.067e-18,3.119e-18,0.0002,1.93,0
LeftS095628,4.3326,24.7551,4.047e-16,8.937e-16,3.284e-15,0.0003,-1.99,0
LeftS095632,6.9986,22.5203,4.369e-17,4.724e-17,3.870e-17,0.0015,5.72,0
LeftS095634,1.2402,24.3834,3.362e-20,5.754e-20,1.266e-19,0.0007,-0.36,0
LeftS095637,4.7331,22.7046,1.285e-17,1.396e-17,1.187e-17,0.0009,-3.14,0
LeftS095639,0.8063,29.6120,3.107e-19,4.757e-19,8.443e-19,0.0006,2.57,0
LeftS095643,1.3243,27.4429,6.262e-19,9.225e-19,1.423e-18,0.0003,-5.46,0
LeftS095644,-0.1483,26.4285,3.006e-20,5.787e-20,1.593e-19,0.0003,-6.31,0
LeftS095645,7.0156,27.0562,3.588e-18,4.776e-18,5.984e-18,-0.0005,0.68,0
LeftS095646,10.7441,25.8467,1.826e-19,3.059e-19,6.511e-19,0.0003,-3.48,0
LeftS095647,4.4183,22.3676,4.172e-17,3.981e-17,2.707e-17,0.0002,-0.71,0
LeftS095648,5.5375,29.9529,8.794e-20,1.524e-19,3.364e-19,0.0018,5.84,0
LeftS095649,5.0632,18.0979,6.722e-19,1.027e-18,1.771e-18,0.0002,-6.64,0
LeftS095650,5.9033,25.3340,5.978e-20,1.104e-19,2.794e-19,0.0001,-1.11,0
LeftS095651,-2.1335,29.3660,4.688e-17,4.742e-17,3.393e-17,0.0004,-6.19,0
LeftS095652,5.1303,21.7774,9.958e-20,1.684e-19,3.535e-19,0.0006,-5.74,0
LeftS095653,-0.0473,26.7675,3.091e-18,3.994e-18,4.889e-18,0.0006,-0.88,0
LeftS095654,9.4079,24.6959,1.690e-17,1.759e-17,1.422e-17,0.0005,-1.76,0
LeftS095655,7.6146,20.8571,5.706e-19,7.986e-19,1.186e-18,0.0003,5.62,0
LeftS095656,0.4767,25.4170,5.865e-20,1.050e-19,2.438e-19,0.0,3.36,0
LeftS095657,5.8506,26.8707,7.492e-19,1.100e-18,1.733e-18,0.0016,-2.36,0
LeftS095659,-1.5053,26.2890,3.865e-19,6.208e-19,1.138e-18,0.0001,-2.94,0
LeftS095661,3.7955,24.1061,1.243e-17,1.333e-17,1.107e-17,0.0012,1.47,0
LeftS095663,5.1387,24.5976,8.422e-19,1.258e-18,2.026e-18,0.0006,4.24,0
LeftS095665,4.2447,21.5466,3.155e-16,5.198e-16,1.092e-15,0.0006,-6.48,0
LeftS095667,5.6458,23.0710,3.743e-20,7.612e-20,2.387e-19,0.0015,-5.2,0
LeftS095669,8.4488,24.0101,1.663e-18,2.217e-18,2.922e-18,0.0,6.69,0
LeftS095670,6.0200,24.7930,1.748e-20,3.867e-20,1.440e-19,0.0012,3.52,0
LeftS095676,4.1272,24.2006,7.055e-18,8.381e-18,8.570e-18,0.0007,3.79,0
LeftS095678,4.0142,22.6412,3.899e-20,7.483e-20,2.139e-19,0.0005,-2.43,0
LeftS095680,4.9917,25.3473,5.643e-19,8.321e-19,1.359e-18,0.0002,2.07,0
LeftS095682,4.5657,28.1611,2.923e-18,3.819e-18,4.806e-18,0.0013,1.68,0
LeftS095683,6.6215,25.1872,2.849e-20,5.722e-20,1.797e-19,0.0017,-5.3,0
LeftS095684,4.5090,21.4178,8.180e-17,7.975e-17,5.560e-17,0.0003,6.5,0
LeftS095686,5.0864,31.5162,6.334e-18,7.428e-18,7.479e-18,0.0008,-5.56,0
LeftS095689,1.8351,28.2548,6.201e-19,9.361e-19,1.517e-18,0.0008,1.4,0
LeftS095690,7.6938,25.0997,2.876e-18,3.585e-18,4.059e-18,0.0004,-3.68,0
LeftS095691,0.2627,26.8036,1.745e-18,2.430e-18,3.293e-18,0.0004,3.4,0
LeftS095692,4.7425,29.3365,1.044e-17,1.205e-17,1.173e-17,0.0001,6.17,0
LeftS095693,3.2428,24.8240,3.139e-19,4.905e-19,9.014e-19,0.0006,-5.54,0
LeftS095695,2.4003,25.0454,9.001e-17,8.622e-17,5.712e-17,0.001,-1.77,0
LeftS095696,4.3041,27.7381,4.480e-18,5.329e-18,5.432e-18,0.0007,5.49,0
LeftS095697,2.8702,27.9652,8.105e-18,9.470e-18,9.616e-18,0.0003,2.69,0
LeftS095698,2.0928,24.5282,8.460e-17,7.711e-17,4.776e-17,0.0003,2.03,0
LeftS095699,3.2509,14.9307,2.666e-18,3.527e-18,4.355e-18,-0.0003,4.85,0
LeftS095700,5.0607,23.7076,2.851e-18,3.399e-18,3.594e-18,0.0012,5.36,0
LeftS095701,-1.2635,25.3013,6.026e-18,7.160e-18,7.512e-18,-0.0,-2.5,0
LeftS095702,4.2641,23.8775,7.683e-20,1.411e-19,3.579e-19,0.0007,-2.3,0
LeftS095703,4.2415,21.8226,1.523e-19,2.535e-19,5.135e-19,0.0003,0.02,0
LeftS095704,5.6763,30.5140,1.153e-16,1.960e-16,4.067e-16,0.0003,5.46,0
LeftS095705,5.1816,24.8470,4.554e-20,8.038e-20,1.851e-19,-0.0004,-4.41,0
LeftS095706,5.8871,25.7480,3.964e-17,4.088e-17,3.052e-17,0.0004,-3.64,0
LeftS095709,4.2720,24.3435,1.380e-20,3.022e-20,1.105e-19,0.0011,-1.84,0
LeftS095710,2.1171,23.0362,3.642e-17,3.825e-17,3.040e-17,0.0002,3.33,0
LeftS095711,1.4643,19.0448,1.754e-19,2.933e-19,6.027e-19,0.0005,1.87,0
LeftS095712,7.0412,25.8239,2.718e-16,5.203e-16,1.416e-15,0.0003,3.13,0
LeftS095713,4.3297,20.4873,1.307e-19,2.142e-19,4.344e-19,0.0002,1.08,0
LeftS095714,2.1354,23.1694,2.200e-18,2.938e-18,3.805e-18,0.001,2.12,0
LeftS095716,0.0248,21.2375,1.114e-17,1.262e-17,1.164e-17,0.0004,-1.73,0
LeftS095717,5.1189,24.2048,7.332e-18,8.754e-18,9.141e-18,0.001,3.65,0
LeftS095721,-2.2933,27.6997,3.245e-18,4.168e-18,4.999e-18,0.0007,-3.9,0
LeftS095723,3.8667,28.2132,1.189e-18,1.653e-18,2.295e-18,0.0006,-5.16,0
LeftS095726,1.5987,21.9650,1.501e-11,1.166e-11,5.111e-12,-0.0001,-0.79,1
LeftS095727,3.3336,27.3367,2.719e-19,4.538e-19,9.350e-19,0.0015,-6.14,0
LeftS095728,5.3757,25.7944,2.610e-20,4.888e-20,1.348e-19,0.0006,-6.49,0
LeftS095731,4.2148,28.9616,6.714e-20,1.180e-19,2.808e-19,0.0003,-5.5,0
LeftS095735,4.4394,26.1690,1.434e-16,1.386e-16,9.221e-17,0.0001,-3.31,0
LeftS095737,1.6192,20.8294,7.249e-19,1.059e-18,1.708e-18,0.0006,0.52,0
LeftS095740,2.9037,23.5783,7.126e-17,7.386e-17,5.691e-17,0.001,5.58,0
LeftS095742,3.6260,24.8547,6.510e-20,1.137e-19,2.602e-19,0.0001,-5.5,0
LeftS095745,2.9072,22.2423,1.421e-18,1.947e-18,2.670e-18,0.0009,-0.54,0
LeftS095748,6.2629,22.4453,8.702e-18,1.010e-17,1.002e-17,0.0001,-7.43,0
LeftS095749,2.7861,19.0509,4.867e-17,5.036e-17,3.789e-17,0.0009,-0.03,0
LeftS095750,0.6573,18.1197,2.960e-16,2.645e-16,1.495e-16,0.0002,-6.73,0
LeftS095751,3.7003,26.5746,1.024e-20,2.170e-20,7.480e-20,-0.0003,4.59,0
LeftS095752,3.2309,21.3502,9.221e-18,1.070e-17,1.011e-17,0.0003,-3.74,0
LeftS095753,6.7858,22.3285,1.735e-19,2.980e-19,6.618e-19,0.0002,4.84,0
LeftS095756,-0.5850,24.3881,1.044e-18,1.424e-18,1.997e-18,0.0006,-4.99,0
LeftS095757,5.3801,22.8095,1.025e-17,1.159e-17,1.068e-17,0.0003,-4.7,0
LeftS095758,1.3841,27.5624,3.277e-19,5.050e-19,9.152e-19,0.0012,6.61,0
LeftS095760,4.3068,21.7154,6.449e-19,9.796e-19,1.662e-18,0.0014,-2.64,0
LeftS095761,1.1460,30.2440,3.952e-18,5.017e-18,5.708e-18,-0.0,-2.69,0
LeftS095762,6.5863,21.4313,8.279e-20,1.572e-19,4.131e-19,0.0005,-0.23,0
LeftS095764,7.9971,26.4398,7.610e-20,1.266e-19,2.656e-19,0.0009,-1.97,0
LeftS095767,2.0510,23.5523,8.409e-18,9.935e-18,1.014e-17,0.0008,-5.9,0
LeftS095771,4.2585,27.5149,7.869e-17,7.985e-17,5.877e-17,0.0005,-1.09,0
LeftS095772,0.2853,24.1371,5.775e-17,5.830e-17,4.226e-17,0.0009,5.65,0
LeftS095774,6.1735,25.5759,6.527e-17,6.211e-17,4.077e-17,0.0008,6.1,0
LeftS095775,-0.4214,21.2890,1.774e-20,3.597e-20,1.138e-19,0.0016,-1.29,0
LeftS095781,5.1836,26.6724,2.286e-16,4.160e-16,1.028e-15,0.0009,2.39,0
LeftS095784,5.1798,22.1755,1.848e-17,2.016e-17,1.745e-17,0.0001,-2.63,0
LeftS095785,0.3067,27.9350,5.938e-17,6.231e-17,4.869e-17,0.001,-2.54,0
LeftS095786,5.6385,24.7834,6.575e-19,9.191e-19,1.316e-18,0.0004,-4.92,0
LeftS095787,4.9908,28.4874,3.961e-20,7.461e-20,2.030e-19,0.0007,0.12,0
LeftS095793,3.7033,20.4168,2.661e-16,6.461e-16,2.896e-15,0.0007,-7.01,0
LeftS095796,7.5411,28.2302,1.524e-16,1.436e-16,9.066e-17,0.0,-6.97,0
LeftS095800,1.7328,23.2255,8.284e-19,1.234e-18,2.012e-18,0.0008,-7.75,0
LeftS095802,4.1116,23.8221,9.744e-18,1.197e-17,1.272e-17,0.0001,-0.77,0
LeftS095803,2.7378,20.2707,1.077e-20,2.401e-20,8.919e-20,0.0001,-1.54,0
LeftS095804,2.5766,26.3233,2.760e-17,2.917e-17,2.382e-17,0.001,-5.33,0
LeftS095805,-0.2384,23.5611,5.178e-18,5.775e-18,5.353e-18,0.0008,-7.02,0
LeftS095807,5.4723,29.5779,7.194e-20,1.223e-19,2.623e-19,-0.0002,5.71,0
LeftS095809,-0.2190,22.0511,1.518e-18,2.229e-18,3.659e-18,0.0009,0.04,0
LeftS095811,3.6853,21.8614,1.465e-16,2.801e-16,7.941e-16,0.0003,-6.17,0
LeftS095813,2.3192,24.2138,8.374e-20,1.414e-19,3.011e-19,0.0007,-3.57,0
LeftS095814,-1.6215,31.5159,1.541e-20,3.237e-20,1.072e-19,0.0005,-0.95,0
LeftS095815,6.5778,23.7999,1.685e-20,3.558e-20,1.233e-19,0.0008,3.15,0
LeftS095816,3.7486,24.9637,4.252e-18,5.180e-18,5.638e-18,0.0012,-4.37,0
LeftS095817,3.6558,25.7115,6.725e-18,8.207e-18,8.999e-18,0.0011,-0.71,0
LeftS095819,1.4931,29.5854,1.246e-17,1.367e-17,1.224e-17,0.0002,6.73,0
LeftS095822,4.7263,26.2388,4.167e-19,6.300e-19,1.062e-18,0.0003,-2.01,0
LeftS095823,6.4573,19.8997,6.949e-18,8.058e-18,8.057e-18,0.0003,-1.47,0
LeftS095824,1.5966,25.0231,5.789e-18,6.881e-18,7.157e-18,0.0005,-3.42,0
LeftS095826,2.3779,24.2645,4.917e-17,5.118e-17,3.864e-17,0.0002,-6.0,0
LeftS095829,3.7366,29.2366,9.356e-18,1.079e-17,1.029e-17,0.0014,2.37,0
LeftS095830,0.7051,27.1055,6.039e-19,8.950e-19,1.405e-18,-0.0002,5.67,0
LeftS095831,4.3915,22.8166,1.174e-20,2.497e-20,8.525e-20,0.0013,-1.77,0
LeftS095832,5.9927,27.5507,3.048e-18,3.822e-18,4.640e-18,-0.0003,3.48,0
LeftS095834,-2.0153,27.1916,1.357e-19,2.181e-19,4.152e-19,0.0007,-0.76,0
LeftS095835,2.3566,24.9880,1.304e-19,2.115e-19,4.158e-19,0.001,3.27,0
LeftS095836,4.1556,25.9551,6.454e-19,9.676e-19,1.639e-18,0.0005,-3.66,0
LeftS095837,5.2935,26.0570,5.601e-17,5.324e-17,3.427e-17,0.0013,5.29,0
LeftS095838,3.6373,25.0016,3.019e-20,5.901e-20,1.775e-19,0.0005,-4.15,0
LeftS095841,8.2188,24.9227,1.611e-20,3.427e-20,1.203e-19,0.0004,-0.89,0
LeftS095842,0.9256,26.6827,3.510e-20,6.632e-20,1.789e-19,0.0003,3.84,0
LeftS095843,1.4048,30.1534,4.959e-17,4.888e-17,3.485e-17,0.001,-5.23,0
LeftS095844,0.6214,24.9369,3.530e-17,3.659e-17,2.889e-17,0.0012,-1.56,0
LeftS095846,1.9897,26.6044,1.651e-16,2.814e-16,6.216e-16,0.0003,-5.76,0
LeftS095847,3.3355,21.9066,4.025e-18,4.930e-18,5.304e-18,0.0011,5.46,0
LeftS095848,1.1628,24.1192,2.470e-20,4.984e-20,1.495e-19,-0.0001,4.82,0
LeftS095849,0.5607,26.0435,6.044e-20,1.053e-19,2.401e-19,0.0007,5.1,0
LeftS095850,2.7851,24.1126,3.745e-20,6.727e-20,1.610e-19,0.0012,2.03,0
LeftS095853,1.6636,25.7291,2.217e-20,4.453e-20,1.343e-19,0.0004,-1.48,0
LeftS095854,0.9995,23.3470,5.918e-20,1.113e-19,2.894e-19,0.001,-3.26,0
LeftS095855,1.9036,23.8242,4.518e-12,3.092e-12,1.059e-12,-0.0005,3.67,0
LeftS095856,-0.0171,33.5391,3.100e-18,3.933e-18,4.811e-18,0.0022,-1.84,0
LeftS095857,2.5875,24.4143,5.744e-19,8.752e-19,1.523e-18,0.0006,2.46,0
LeftS095861,3.0871,24.6477,4.394e-17,8.852e-17,2.747e-16,0.0005,-0.73,0
LeftS095862,3.0074,21.8806,5.469e-17,5.360e-17,3.829e-17,0.0001,2.0,0
LeftS095864,1.1586,22.4143,5.317e-19,7.947e-19,1.336e-18,0.0016,3.6,0
LeftS095866,4.1468,27.2455,2.090e-18,2.669e-18,3.331e-18,0.001,-0.02,0
LeftS095867,1.6772,24.2717,6.982e-20,1.227e-19,2.873e-19,0.0012,4.3,0
LeftS095868,3.8502,24.2675,4.001e-19,6.180e-19,1.070e-18,0.0009,-5.82,0
LeftS095869,1.9738,29.3037,3.007e-18,3.779e-18,4.328e-18,0.0004,-1.73,0
LeftS095874,1.7391,25.1782,1.205e-20,2.321e-20,6.663e-20,-0.0003,-2.69,0
LeftS095878,0.4425,22.2962,6.277e-18,7.873e-18,8.891e-18,-0.0,2.23,0
LeftS095880,4.0790,24.3592,2.620e-17,2.725e-17,2.106e-17,0.0005,2.25,0
LeftS095883,2.3669,23.9470,1.452e-17,1.648e-17,1.538e-17,0.0001,-5.21,0
LeftS095885,5.9176,23.3296,1.108e-18,1.572e-18,2.263e-18,0.0001,-3.8,0
LeftS095887,4.8054,24.9317,5.788e-16,4.620e-16,2.191e-16,0.0011,-0.21,0
LeftS095888,1.0450,23.8927,1.227e-20,2.303e-20,6.069e-20,0.0003,-2.63,0
LeftS095891,2.0673,28.6156,3.563e-16,3.173e-16,1.892e-16,0.0007,1.85,0
LeftS095892,4.7447,20.7849,2.828e-20,5.158e-20,1.266e-19,0.0007,-2.21,0
LeftS095893,4.1839,23.6826,4.781e-18,5.809e-18,6.056e-18,0.0002,-6.81,0
LeftS095894,5.2892,21.1979,1.308e-20,2.527e-20,6.868e-20,0.0006,-3.94,0
LeftS095897,0.4130,22.9532,7.163e-20,1.272e-19,2.933e-19,0.001,0.75,0
LeftS095898,1.3799,20.0196,1.286e-17,1.441e-17,1.293e-17,0.0004,5.21,0
LeftS095899,-0.7235,20.7319,8.768e-18,1.098e-17,1.206e-17,0.0005,-5.43,0
LeftS095901,1.3851,21.9360,4.007e-12,2.713e-12,9.137e-13,0.0005,-6.48,0
LeftS095902,6.8932,26.8229,5.047e-12,3.533e-12,1.302e-12,0.0009,3.34,0
LeftS095903,1.7325,24.4178,2.702e-17,2.975e-17,2.621e-17,-0.0002,-6.14,0
LeftS095904,3.7590,22.8666,9.610e-19,1.382e-18,2.113e-18,0.0003,4.31,0
LeftS095905,-0.9888,24.1550,1.865e-20,3.717e-20,1.102e-19,0.0008,3.84,0
LeftS095906,3.4919,27.3001,4.339e-20,7.952e-20,2.023e-19,0.0002,-6.64,0
LeftS095907,7.4008,26.6667,3.428e-20,6.528e-20,1.830e-19,-0.0005,2.85,0
LeftS095909,2.4120,25.8048,5.965e-20,1.046e-19,2.405e-19,0.0011,-3.46,0
LeftS095915,8.2536,28.3068,5.596e-19,8.050e-19,1.209e-18,0.0004,4.98,0
LeftS095916,3.5707,26.8064,9.513e-17,8.735e-17,5.134e-17,0.0005,-2.4,0
LeftS095918,-0.1275,23.6926,2.510e-18,3.188e-18,3.849e-18,0.0008,1.09,0
LeftS095919,1.0440,21.2971,8.041e-13,1.282e-12,2.362e-12,0.0002,-4.55,0
LeftS095920,6.6102,22.1478,1.831e-18,2.553e-18,3.665e-18,0.0004,-4.09,0
LeftS095921,3.8761,20.1101,2.241e-19,3.863e-19,8.275e-19,0.0008,6.18,0
LeftS095922,2.9558,25.4550,1.994e-19,3.376e-19,7.192e-19,0.0011,-0.95,0
LeftS095923,-0.4135,19.7471,1.731e-19,2.775e-19,5.143e-19,0.0005,4.49,0
LeftS095924,4.5502,31.1159,1.039e-20,2.083e-20,6.238e-20,0.0009,-4.99,0
LeftS095926,7.0603,22.7341,1.733e-16,3.638e-16,1.204e-15,0.0011,6.16,0
LeftS095929,3.0158,19.4438,1.566e-20,3.221e-20,1.038e-19,0.0009,1.14,0
LeftS095930,5.9845,24.3271,7.013e-13,4.650e-13,1.451e-13,0.0,-2.45,0
LeftS095931,0.6896,28.9271,1.438e-16,1.322e-16,7.703e-17,0.0006,6.1,0
LeftS095932,-0.2231,20.0677,1.735e-17,1.914e-17,1.671e-17,0.0005,-4.05,0
LeftS095933,4.0197,22.9578,3.794e-19,5.622e-19,9.047e-19,0.0003,-7.07,0
LeftS095934,4.3552,23.6717,3.591e-20,7.406e-20,2.458e-19,0.0014,2.99,0
LeftS095935,6.9129,25.4618,1.604e-19,2.682e-19,5.781e-19,0.0009,5.05,0
LeftS095936,1.3160,24.6424,4.268e-18,5.438e-18,6.450e-18,-0.0,-6.44,0
LeftS095941,2.0081,24.7596,4.239e-19,6.676e-19,1.283e-18,0.0014,-2.44,0
LeftS095942,2.3172,25.1877,6.095e-19,8.674e-19,1.275e-18,0.0007,-2.91,0
LeftS095944,2.6299,24.8307,3.870e-18,4.507e-18,4.506e-18,0.001,-5.57,0
LeftS095945,2.0624,25.6779,2.256e-16,4.784e-16,1.638e-15,0.0,5.77,0
LeftS095947,1.4139,25.4429,1.846e-20,3.700e-20,1.119e-19,-0.0004,-0.35,0
LeftS095950,1.9873,26.1172,1.117e-18,1.584e-18,2.338e-18,0.0,5.26,0
LeftS095951,6.8036,30.0766,3.128e-20,6.165e-20,1.774e-19,0.0001,-2.3,0
LeftS095952,4.9827,23.8241,2.542e-20,5.237e-20,1.654e-19,0.0005,-5.46,0
LeftS095953,0.7709,24.6707,3.707e-19,5.865e-19,1.052e-18,-0.0,-1.22,0
LeftS095954,5.7875,30.3870,1.933e-20,4.021e-20,1.326e-19,-0.0002,-6.08,0
LeftS095956,3.9104,29.2302,9.969e-17,9.811e-17,6.676e-17,0.0005,-1.62,0
LeftS095957,4.7214,24.1069,4.262e-19,6.220e-19,9.956e-19,0.0001,-3.96,0
LeftS095961,3.6582,25.2283,9.208e-19,1.286e-18,1.804e-18,0.0002,1.09,0
LeftS095963,8.5706,30.1609,1.604e-18,2.252e-18,3.391e-18,0.0007,-3.16,0
LeftS095964,3.0585,29.3353,8.158e-19,1.201e-18,1.894e-18,0.0003,4.5,0
LeftS095966,5.6523,23.1274,5.496e-17,5.391e-17,3.783e-17,0.0012,-2.79,0
LeftS095970,-0.8366,28.4105,7.568e-18,9.480e-18,1.073e-17,0.0009,3.17,0
LeftS095971,7.1559,25.0086,1.685e-19,2.929e-19,6.563e-19,0.0005,5.22,0
LeftS095972,3.9706,23.8201,3.459e-16,6.804e-16,2.031e-15,0.0014,-3.73,0
LeftS095973,3.0559,25.5835,1.119e-18,1.560e-18,2.248e-18,0.0008,2.68,0
LeftS095976,-1.2897,25.2678,5.398e-12,3.795e-12,1.354e-12,0.0005,-6.7,0
LeftS095978,1.3203,21.3027,3.095e-17,3.268e-17,2.636e-17,0.0008,-5.54,0
LeftS095980,5.1890,23.4190,2.619e-16,2.270e-16,1.242e-16,0.0004,1.53,0
LeftS095981,9.1471,21.1975,1.227e-18,1.620e-18,1.980e-18,0.0008,-4.25,0
LeftS095982,2.3782,26.0183,1.986e-17,2.088e-17,1.730e-17,0.0009,0.65,0
LeftS095983,3.7679,29.4230,6.358e-20,1.164e-19,2.825e-19,0.0001,3.05,0
LeftS095984,7.5493,22.2319,9.807e-20,1.766e-19,4.252e-19,0.0011,2.36,0
LeftS095985,3.7081,27.0437,2.405e-20,4.966e-20,1.648e-19,0.0003,-6.03,0
LeftS095986,-2.9353,23.6930,2.508e-18,3.117e-18,3.610e-18,0.0006,2.67,0
LeftS095988,3.4658,26.7218,9.859e-20,1.690e-19,3.830e-19,0.0001,-4.06,0
LeftS095989,4.4611,23.3707,2.924e-19,4.476e-19,7.783e-19,0.0004,2.63,0
LeftS095992,5.2049,25.6972,7.560e-20,1.372e-19,3.415e-19,0.001,-1.27,0
LeftS095993,-3.8073,21.9542,6.791e-16,5.720e-16,2.895e-16,-0.0003,0.53,0
LeftS095994,3.4341,24.1928,1.634e-17,1.947e-17,1.957e-17,0.0008,-0.59,0
LeftS095995,6.0065,20.6862,6.361e-20,1.187e-19,3.038e-19,0.0003,-7.24,0
LeftS095996,-1.4340,25.8171,3.662e-18,4.492e-18,5.093e-18,-0.0005,0.36,0
LeftS095997,5.2384,25.9302,6.669e-16,5.567e-16,2.767e-16,0.0003,-3.03,0
LeftS095998,-1.5678,22.9262,4.738e-20,8.880e-20,2.361e-19,0.0011,-4.05,0
LeftS095999,6.0547,29.2020,1.141e-18,1.804e-18,3.218e-18,0.0007,6.4,0
LeftS096000,2.0121,24.5489,1.985e-19,3.193e-19,5.833e-19,0.0006,-3.98,0
LeftS096001,3.3507,24.4669,6.739e-16,1.685e-15,8.149e-15,0.0004,-6.27,0
LeftS096002,3.1959,28.6042,1.061e-20,2.207e-20,7.366e-20,0.0001,-3.2,0
LeftS096005,4.8092,27.4998,9.532e-19,1.343e-18,1.937e-18,0.0001,0.26,0
LeftS096008,1.7963,27.2277,2.258e-20,4.169e-20,1.065e-19,0.0008,2.97,0
LeftS096009,0.1484,24.7211,7.085e-20,1.109e-19,2.034e-19,0.0011,-1.24,0
LeftS096010,-0.7630,24.0628,1.475e-19,2.448e-19,4.844e-19,0.0004,-0.63,0
LeftS096012,2.9665,22.5802,1.076e-17,1.218e-17,1.143e-17,0.0007,4.95,0
LeftS096014,1.2778,28.7038,1.354e-16,2.219e-16,4.486e-16,0.0002,1.75,0
LeftS096015,3.5639,21.8990,1.160e-19,1.927e-19,3.944e-19,0.0004,5.82,0
LeftS096016,3.8921,24.3224,1.016e-20,1.933e-20,5.245e-20,0.0014,-4.19,0
LeftS096020,4.5558,27.4240,7.988e-18,9.084e-18,8.340e-18,-0.0003,5.39,0
LeftS096021,5.8376,31.1535,3.945e-19,6.045e-19,1.039e-18,0.0004,6.99,0
LeftS096022,7.9658,28.8537,1.505e-20,3.155e-20,1.054e-19,0.0005,-6.88,0
LeftS096024,1.1104,24.5214,9.599e-18,1.103e-17,1.028e-17,0.0003,3.17,0
LeftS096026,4.9311,20.6593,8.356e-20,1.538e-19,3.888e-19,0.0002,-2.32,0
LeftS096027,6.2586,25.9355,8.409e-20,1.468e-19,3.561e-19,0.0005,6.04,0
LeftS096028,4.0779,31.1607,4.106e-16,8.032e-16,2.271e-15,0.0001,0.76,0
LeftS096029,2.2523,26.2895,4.731e-19,7.183e-19,1.208e-18,0.0001,-4.42,0
LeftS096030,4.8230,26.6304,1.765e-17,1.866e-17,1.486e-17,0.0007,-1.06,0
LeftS096032,3.9094,26.9379,8.101e-20,1.449e-19,3.537e-19,-0.0,1.17,0
LeftS096036,4.2031,26.3271,1.074e-20,2.496e-20,1.022e-19,0.0007,5.71,0
LeftS096037,-0.6504,22.3240,2.536e-17,2.830e-17,2.478e-17,-0.0007,0.74,0
LeftS096038,4.5076,19.7387,9.837e-18,1.137e-17,1.145e-17,-0.0003,6.11,0
LeftS096039,8.2560,23.4399,1.533e-20,2.855e-20,7.295e-20,0.001,-5.52,0
LeftS096040,5.9150,25.3195,3.283e-19,5.196e-19,9.798e-19,0.0003,-2.82,0
LeftS096041,6.1719,20.4209,2.760e-19,4.599e-19,9.200e-19,0.0011,-4.23,0
LeftS096043,1.0812,24.7213,3.002e-12,2.015e-12,6.821e-13,0.0004,1.18,0
LeftS096044,4.1019,22.2824,5.504e-17,9.386e-17,1.951e-16,0.001,4.96,0
LeftS096045,1.9453,18.6210,3.503e-20,6.801e-20,1.997e-19,0.001,5.85,0
LeftS096046,4.7541,22.2252,6.097e-18,6.963e-18,6.618e-18,-0.0003,4.94,0
LeftS096047,4.2831,26.5734,3.765e-20,7.184e-20,2.024e-19,0.0009,0.19,0
LeftS096050,7.4814,26.7328,2.512e-20,4.827e-20,1.343e-19,0.0016,0.28,0
LeftS096052,4.2132,26.5500,3.204e-16,6.221e-16,1.751e-15,0.0005,-4.0,0
LeftS096053,8.7937,17.5358,4.737e-18,5.866e-18,6.373e-18,0.0006,-0.37,0
LeftS096056,6.7963,25.8395,4.153e-20,7.781e-20,1.968e-19,0.0013,-3.2,0
LeftS096060,0.4942,25.2491,1.618e-18,2.312e-18,3.436e-18,0.0006,1.24,0
LeftS096061,-1.4151,25.7613,1.448e-20,2.873e-20,8.882e-20,0.0007,-6.91,0
LeftS096062,0.8912,28.1223,2.187e-16,2.835e-16,3.496e-16,0.0008,-2.88,0
LeftS096066,1.1400,21.0270,1.504e-19,2.530e-19,5.271e-19,0.0006,1.6,0
LeftS096067,7.3951,23.6216,4.077e-16,3.397e-16,1.725e-16,0.0005,1.54,0
LeftS096068,2.5904,23.5515,2.582e-16,4.164e-16,8.279e-16,0.001,-4.08,0
LeftS096069,2.3682,23.1355,8.304e-17,8.391e-17,6.109e-17,0.0009,3.42,0
LeftS096072,-2.2856,23.4129,6.162e-19,9.283e-19,1.523e-18,-0.0013,-1.81,0
LeftS096076,4.0417,26.5223,4.576e-17,4.944e-17,4.123e-17,0.0002,5.62,0
LeftS096078,9.5918,24.8226,2.509e-19,3.828e-19,6.406e-19,0.0009,-7.23,0
LeftS096080,1.4782,26.9463,2.158e-20,3.995e-20,1.018e-19,0.0006,-6.32,0
LeftS096081,1.0437,24.5517,1.089e-16,1.054e-16,7.473e-17,0.0012,-3.75,0
LeftS096084,1.0291,22.3799,1.760e-17,1.907e-17,1.636e-17,0.0004,3.19,0
LeftS096085,-1.3657,25.8759,1.849e-18,2.324e-18,2.663e-18,0.0008,-2.65,0
LeftS096087,-0.9820,27.7238,5.435e-18,6.566e-18,7.000e-18,0.0007,2.22,0
LeftS096089,1.2204,26.0288,1.934e-16,1.843e-16,1.173e-16,0.0011,-4.02,0
LeftS096091,3.9555,23.0432,1.343e-20,2.872e-20,9.718e-20,0.0007,4.91,0
LeftS096092,-1.8585,23.0968,1.111e-20,2.396e-20,8.318e-20,0.0011,-2.11,0
LeftS096093,-1.6998,25.9646,9.131e-20,1.672e-19,4.083e-19,0.001,1.89,0
LeftS096094,3.8340,22.3974,6.992e-20,1.274e-19,3.146e-19,-0.0003,-3.43,0
LeftS096095,2.9834,25.9960,3.418e-18,4.566e-18,6.241e-18,0.0008,3.28,0
LeftS096096,1.1569,25.7837,9.444e-20,1.697e-19,4.190e-19,-0.0009,2.47,0
LeftS096097,4.5258,23.1198,1.031e-11,7.301e-12,2.706e-12,0.0003,-0.14,0
LeftS096098,1.6861,26.8945,3.942e-20,7.172e-20,1.773e-19,0.0017,3.23,0
LeftS096099,4.4380,26.3858,5.159e-17,5.241e-17,3.979e-17,0.0003,5.37,0
LeftS096100,-3.4073,22.6585,2.268e-18,2.906e-18,3.585e-18,0.0006,-5.29,0
LeftS096101,6.0846,25.5854,3.328e-20,6.324e-20,1.655e-19,0.0006,1.49,0
LeftS096107,5.4435,25.2122,1.025e-19,1.789e-19,4.174e-19,0.0007,3.35,0
LeftS096111,5.4690,26.0528,2.873e-20,5.628e-20,1.698e-19,0.0011,5.29,0
LeftS096113,8.2905,30.2055,5.146e-17,8.237e-17,1.635e-16,-0.0004,-4.96,0
LeftS096114,4.7359,21.1889,2.743e-18,3.502e-18,4.099e-18,0.0004,-1.13,0
LeftS096118,7.8624,22.3932,6.420e-17,6.048e-17,3.891e-17,0.0,5.75,0
LeftS096119,6.2982,21.7433,1.300e-20,2.719e-20,9.321e-20,0.0012,5.82,0
LeftS096120,7.1634,23.4287,5.250e-12,3.717e-12,1.305e-12,0.0003,-3.81,0
LeftS096122,1.6624,19.5689,1.778e-17,2.002e-17,1.837e-17,0.0004,-6.33,0
LeftS096124,-1.6683,22.0983,1.561e-20,3.114e-20,9.546e-20,0.0002,3.73,0
LeftS096127,3.1329,27.3151,7.065e-17,6.928e-17,4.708e-17,0.0009,-6.18,0
LeftS096129,0.7915,25.2578,3.786e-18,4.727e-18,5.503e-18,0.0018,-5.05,0
LeftS096131,3.6318,24.2828,6.580e-20,1.181e-19,2.926e-19,-0.0,0.05,0
LeftS096132,2.9261,24.8748,3.827e-18,4.789e-18,5.580e-18,0.0001,-4.37,0
LeftS096134,-3.2200,25.0901,2.228e-16,2.010e-16,1.216e-16,0.0008,-7.4,0
LeftS096135,-0.4988,28.1041,2.893e-17,2.891e-17,2.095e-17,0.001,1.18,0
LeftS096137,5.1665,28.4783,1.822e-19,2.933e-19,5.660e-19,0.0009,4.99,0
LeftS096138,-0.0588,24.8811,2.493e-20,4.785e-20,1.337e-19,0.0004,-3.85,0
LeftS096140,7.5847,24.2642,2.386e-18,3.081e-18,3.594e-18,0.0007,4.74,0
LeftS096141,4.5423,27.7446,2.244e-19,3.713e-19,7.274e-19,0.0002,1.32,0
LeftS096145,1.9469,20.5675,3.811e-20,7.270e-20,2.058e-19,0.0005,-7.41,0
LeftS096147,5.7683,23.3998,1.364e-19,2.283e-19,4.842e-19,0.0005,2.79,0
LeftS096148,0.7519,24.9598,1.003e-20,2.061e-20,6.513e-20,0.0001,3.44,0
LeftS096151,3.0438,32.2849,1.106e-11,1.085e-11,7.514e-12,0.0009,4.69,1
LeftS096152,2.6877,28.6123,5.124e-16,9.128e-16,2.218e-15,0.0004,2.08,0
LeftS096153,5.5184,31.2543,3.232e-20,6.171e-20,1.671e-19,0.0005,7.15,0
LeftS096154,-1.2395,26.7562,1.642e-16,3.016e-16,7.567e-16,0.0006,3.93,0
LeftS096156,2.6842,23.6837,2.514e-18,3.177e-18,3.639e-18,0.0011,1.82,0
LeftS096159,2.5792,21.4154,2.676e-16,4.939e-16,1.229e-15,0.0012,-3.17,0
LeftS096160,1.6793,22.4732,1.070e-19,1.827e-19,4.126e-19,-0.0003,-5.02,0
LeftS096162,3.0168,29.9786,5.236e-19,7.611e-19,1.205e-18,0.0003,-2.67,0
LeftS096163,3.4053,24.0687,1.787e-18,2.331e-18,2.989e-18,-0.0007,-3.32,0
LeftS096164,4.7673,27.8212,2.112e-18,2.689e-18,3.141e-18,0.0001,-2.2,0
LeftS096165,9.5076,26.6431,7.162e-18,8.589e-18,8.768e-18,0.0006,-0.39,0
LeftS096168,4.0260,21.2193,1.354e-17,1.521e-17,1.400e-17,-0.0002,-6.62,0
LeftS096171,1.2604,23.8050,2.434e-20,4.687e-20,1.326e-19,0.0007,-6.08,0
LeftS096172,5.8973,24.0120,4.511e-17,4.346e-17,2.940e-17,0.0005,-0.59,0
LeftS096174,1.1535,23.3998,3.717e-17,3.822e-17,2.921e-17,0.0001,-2.53,0
LeftS096175,4.7150,18.1852,2.121e-17,2.310e-17,1.963e-17,0.0003,0.57,0
LeftS096177,6.1244,22.2558,5.961e-20,1.087e-19,2.712e-19,0.0003,0.95,0
LeftS096178,-0.6794,23.1565,1.763e-18,2.337e-18,3.102e-18,0.0004,-6.91,0
LeftS096179,4.6555,20.1641,3.933e-16,6.205e-16,1.145e-15,0.0005,-5.62,0
LeftS096180,3.6850,21.8486,4.916e-16,8.877e-16,2.213e-15,0.0009,0.63,0
LeftS096181,2.9742,24.1671,4.424e-20,8.272e-20,2.191e-19,0.0004,1.29,0
LeftS096182,6.0038,26.2244,4.210e-17,4.325e-17,3.223e-17,0.0003,-2.7,0
LeftS096183,3.6435,21.5825,1.007e-17,1.121e-17,9.861e-18,0.0008,3.35,0
LeftS096186,-0.4553,19.5914,9.035e-19,1.364e-18,2.303e-18,0.0016,-6.34,0
LeftS096187,3.2875,22.1379,5.807e-16,1.377e-15,6.117e-15,0.0005,0.06,0
LeftS096188,2.2147,28.5000,7.391e-20,1.385e-19,3.671e-19,-0.0002,5.33,0
LeftS096189,2.9999,23.7947,3.524e-16,3.113e-16,1.707e-16,-0.0002,-0.25,0
LeftS096191,8.5344,26.5569,2.441e-16,4.004e-16,7.988e-16,0.0007,1.07,0
LeftS096192,-0.6835,28.0003,1.955e-20,3.756e-20,1.086e-19,0.001,-6.98,0
LeftS096193,5.1336,24.7165,2.909e-20,5.715e-20,1.663e-19,-0.0007,-5.26,0
LeftS096195,3.7747,31.4313,1.905e-17,2.197e-17,2.053e-17,0.0014,-5.59,0
LeftS096197,1.9654,24.1619,3.378e-19,5.124e-19,8.664e-19,0.0002,-2.16,0
LeftS096201,2.1327,23.6481,3.195e-16,6.077e-16,1.675e-15,0.001,-2.0,0
LeftS096202,2.8361,24.0534,1.060e-16,1.002e-16,6.376e-17,0.0009,1.43,0
LeftS096203,1.6317,20.3759,1.925e-19,3.124e-19,5.996e-19,0.001,-6.46,0
LeftS096204,-0.1111,21.6970,1.202e-15,3.080e-15,1.507e-14,0.0001,1.96,0
LeftS096205,2.7660,25.3613,5.750e-12,3.647e-12,1.097e-12,0.0011,1.29,0
LeftS096206,3.5419,27.9988,1.991e-16,1.878e-16,1.191e-16,0.0009,-1.67,0
LeftS096207,2.3919,23.2037,8.196e-19,1.186e-18,1.769e-18,0.0006,4.07,0
LeftS096210,2.9560,23.2715,2.280e-17,2.394e-17,1.933e-17,-0.0,0.7,0
LeftS096213,0.6516,24.1299,6.079e-19,9.363e-19,1.658e-18,0.0004,1.52,0
LeftS096214,3.8405,29.0505,2.492e-18,3.155e-18,3.636e-18,0.0012,-6.92,0
LeftS096216,0.6455,22.7852,1.960e-20,3.944e-20,1.264e-19,0.0002,-1.75,0
LeftS096217,6.5424,24.1070,3.816e-19,5.849e-19,1.027e-18,0.0005,0.37,0
LeftS096218,4.8560,34.8680,3.182e-19,4.988e-19,8.962e-19,0.0003,6.4,0
LeftS096219,4.0661,22.8550,1.662e-18,2.119e-18,2.581e-18,0.0007,3.19,0
LeftS096222,2.9233,27.2003,3.322e-18,4.061e-18,4.367e-18,0.0008,3.5,0
LeftS096223,0.2628,27.8800,8.210e-19,1.159e-18,1.702e-18,0.0001,0.28,0
LeftS096226,9.5628,26.8054,1.190e-19,2.031e-19,4.546e-19,-0.0006,0.11,0
LeftS096229,-0.5618,25.8293,2.290e-17,2.407e-17,1.854e-17,0.001,-0.62,0
LeftS096230,1.2806,21.4226,1.512e-18,2.087e-18,3.000e-18,0.0015,1.1,0
LeftS096232,0.4041,24.7929,9.681e-19,1.327e-18,1.910e-18,0.0005,1.36,0
LeftS096233,-1.9071,25.2358,1.770e-16,1.661e-16,1.048e-16,0.0006,1.98,0
LeftS096234,-0.9655,27.3742,1.638e-17,1.726e-17,1.448e-17,0.0001,-4.13,0
LeftS096235,2.4728,20.3215,3.549e-16,6.696e-16,1.877e-15,0.0001,-8.02,0
LeftS096236,5.2125,24.6981,4.610e-16,6.215e-16,8.519e-16,0.0007,-1.5,0
LeftS096237,0.7860,21.8622,2.896e-16,5.839e-16,1.799e-15,0.0014,3.48,0
LeftS096239,1.2853,25.4039,6.734e-19,1.093e-18,2.213e-18,0.0001,2.21,0
LeftS096240,5.9154,22.1251,2.859e-18,3.527e-18,3.963e-18,0.0003,0.87,0
LeftS096241,-4.3399,23.9125,4.939e-20,8.771e-20,2.056e-19,-0.0001,-7.91,0
LeftS096247,1.3559,27.0505,2.403e-19,3.946e-19,7.812e-19,0.0012,-7.02,0
LeftS096248,2.1068,23.1311,8.876e-18,1.095e-17,1.253e-17,0.0,3.16,0
LeftS096250,2.4385,21.6770,3.201e-20,6.107e-20,1.734e-19,0.0003,-7.61,0
LeftS096255,-2.4713,24.1189,2.052e-17,2.276e-17,1.993e-17,0.0007,-5.06,0
LeftS096257,7.8932,26.3034,5.985e-18,7.619e-18,8.823e-18,0.0009,1.11,0
LeftS096259,4.0104,23.1531,1.886e-17,2.114e-17,1.940e-17,-0.0002,-7.29,0
LeftS096260,4.5330,27.5894,5.120e-19,7.532e-19,1.196e-18,0.0001,0.07,0
LeftS096262,0.1979,26.0927,2.202e-20,4.534e-20,1.453e-19,0.0006,-1.45,0
LeftS096263,1.1650,21.0675,5.287e-20,9.387e-20,2.231e-19,0.0002,1.08,0
LeftS096265,0.7703,21.7172,1.100e-20,2.287e-20,7.668e-20,0.0003,4.56,0
LeftS096266,-0.4236,27.3427,2.125e-18,2.859e-18,3.819e-18,0.0007,-3.97,0
LeftS096269,0.9688,24.8775,5.045e-19,7.293e-19,1.148e-18,-0.0001,0.02,0
LeftS096270,2.6969,20.8952,4.999e-18,6.089e-18,6.548e-18,0.0006,-7.95,0
LeftS096272,1.2345,27.7667,2.610e-19,4.195e-19,8.192e-19,0.0,-3.81,0
LeftS096273,4.9487,26.1416,4.587e-20,8.714e-20,2.398e-19,-0.0,0.62,0
LeftS096275,-1.0050,21.4244,6.997e-20,1.227e-19,2.928e-19,0.0005,2.23,0
LeftS096277,6.2186,23.5952,4.298e-18,5.161e-18,5.521e-18,0.0003,-2.16,0
LeftS096280,0.4734,29.7290,1.821e-16,1.612e-16,9.462e-17,-0.0,1.42,0
LeftS096281,3.0475,24.4977,1.143e-18,1.657e-18,2.635e-18,0.0011,4.15,0
LeftS096282,7.3954,23.6073,1.849e-20,3.768e-20,1.248e-19,0.0002,1.21,0
LeftS096283,0.8278,26.2608,1.244e-20,2.627e-20,9.136e-20,-0.0002,5.63,0
LeftS096284,2.3137,24.6258,3.731e-17,4.087e-17,3.533e-17,-0.0002,3.86,0
LeftS096285,2.9695,22.1975,3.923e-20,7.684e-20,2.239e-19,0.0013,2.18,0
LeftS096287,2.0820,28.3641,1.063e-20,2.217e-20,7.486e-20,-0.0002,1.9,0
LeftS096288,2.8188,18.7767,2.767e-17,2.729e-17,1.870e-17,0.0008,-3.32,0
LeftS096289,5.0582,30.5192,3.192e-18,3.836e-18,4.112e-18,0.001,-4.13,0
LeftS096291,5.4503,26.8013,1.197e-18,1.675e-18,2.496e-18,0.0006,6.14,0
LeftS096292,-0.1690,30.0895,3.035e-18,3.819e-18,4.376e-18,0.001,3.68,0
LeftS096293,4.4035,27.8568,9.515e-20,1.785e-19,4.806e-19,0.0,5.48,0
LeftS096295,4.1908,25.2150,6.089e-20,1.122e-19,2.809e-19,0.0003,3.95,0
LeftS096300,4.8319,20.2146,1.980e-16,3.512e-16,8.367e-16,0.0008,2.33,0
LeftS096301,2.1705,26.6133,9.970e-18,1.162e-17,1.136e-17,0.0001,-4.72,0
LeftS096302,1.2914,22.4813,1.055e-17,1.224e-17,1.217e-17,0.0002,1.61,0
LeftS096304,4.8100,23.3913,2.779e-16,4.886e-16,1.112e-15,-0.0007,-7.27,0
LeftS096305,6.3328,23.8548,1.754e-16,3.316e-16,8.496e-16,0.0007,-3.93,0
LeftS096307,6.1716,27.8180,3.156e-20,5.849e-20,1.534e-19,0.0007,-6.06,0
LeftS096309,3.3078,24.2640,1.535e-20,3.272e-20,1.084e-19,0.0005,0.11,0
LeftS096310,5.8804,24.9653,7.918e-19,1.129e-18,1.732e-18,0.0007,-1.98,0
LeftS096313,2.9786,21.6269,1.610e-18,2.038e-18,2.399e-18,0.0013,5.42,0
LeftS096317,3.8966,22.8003,1.071e-19,1.792e-19,3.668e-19,0.0006,5.32,0
LeftS096318,0.5670,26.8016,4.340e-16,8.342e-16,2.271e-15,0.0007,-4.56,0
LeftS096320,2.7456,27.9905,2.136e-20,4.407e-20,1.402e-19,0.0014,-3.53,0
LeftS096321,6.4647,22.4104,2.746e-18,3.372e-18,3.666e-18,0.0003,-3.57,0
LeftS096322,5.8598,22.3535,5.356e-19,7.608e-19,1.136e-18,-0.0001,2.16,0
LeftS096323,1.4772,26.2095,2.189e-18,2.901e-18,3.634e-18,0.0002,5.15,0
LeftS096326,3.2480,23.2038,5.221e-20,9.278e-20,2.093e-19,-0.0,0.84,0
LeftS096327,-0.7075,24.1132,1.365e-19,2.251e-19,4.561e-19,0.0011,-6.97,0
LeftS096328,-0.7671,26.8581,1.965e-20,4.151e-20,1.420e-19,0.0007,5.86,0
LeftS096329,2.5238,27.5473,4.799e-20,9.312e-20,2.632e-19,0.0002,4.34,0
LeftS096331,1.1937,23.7614,1.444e-16,2.868e-16,8.950e-16,0.0009,-5.23,0
LeftS096332,4.8936,23.6877,1.562e-17,1.712e-17,1.468e-17,0.0006,4.53,0
LeftS096333,2.2203,18.8954,1.065e-16,1.084e-16,7.897e-17,-0.0002,-6.53,0
LeftS096334,-0.1278,27.3063,2.734e-17,2.876e-17,2.291e-17,0.0005,-7.53,0
LeftS096336,4.2493,21.9161,3.251e-16,5.038e-16,8.928e-16,-0.0002,-6.48,0
LeftS096337,5.0581,25.5029,2.575e-18,3.490e-18,4.892e-18,0.0001,-0.04,0
LeftS096338,5.0218,24.9952,2.100e-17,2.458e-17,2.403e-17,0.0005,-6.46,0
LeftS096339,-0.1419,23.0418,8.379e-19,1.150e-18,1.673e-18,0.0006,-2.17,0
LeftS096341,1.4646,23.7292,1.864e-17,2.056e-17,1.841e-17,0.0012,2.6,0
LeftS096342,4.7881,25.1067,1.024e-19,1.615e-19,2.968e-19,0.001,-5.63,0
LeftS096343,1.8532,23.3130,3.660e-17,3.588e-17,2.472e-17,0.0002,-0.5,0
LeftS096345,4.3580,25.5787,2.314e-19,3.694e-19,6.983e-19,0.0003,1.24,0
LeftS096346,4.4126,21.3268,2.624e-20,5.404e-20,1.664e-19,0.0014,-4.18,0
LeftS096348,2.4016,25.7009,1.104e-19,1.944e-19,4.497e-19,0.0002,-0.69,0
LeftS096349,0.3906,20.5819,1.975e-20,3.892e-20,1.161e-19,0.0003,-1.79,0
LeftS096350,1.0414,21.2987,2.110e-20,4.212e-20,1.265e-19,-0.0006,1.92,0
LeftS096351,3.0474,25.4026,2.160e-19,3.582e-19,7.274e-19,0.0009,-0.49,0
LeftS096357,3.2846,27.7207,2.131e-19,3.515e-19,6.969e-19,0.0004,-2.31,0
LeftS096361,-0.5091,22.7229,1.481e-16,1.361e-16,8.328e-17,0.0002,-4.26,0
LeftS096364,5.5730,20.3786,1.047e-20,2.286e-20,8.016e-20,-0.0002,2.52,0
LeftS096365,-1.4909,29.6732,3.714e-17,3.777e-17,2.827e-17,-0.0001,-6.29,0
LeftS096368,2.4642,21.1704,8.698e-18,9.895e-18,9.111e-18,-0.0001,4.65,0
LeftS096370,7.0699,27.3834,7.243e-18,7.920e-18,6.999e-18,0.0006,-1.25,0
LeftS096371,5.1942,23.8162,1.558e-20,3.287e-20,1.128e-19,0.0012,-3.42,0
LeftS096372,-1.3216,25.6948,6.140e-20,1.148e-19,3.041e-19,0.0017,0.33,0
LeftS096373,7.1574,25.2678,5.695e-17,5.711e-17,4.126e-17,0.0009,-3.97,0
LeftS096374,5.1438,28.8688,3.181e-19,4.875e-19,8.332e-19,-0.0001,-6.59,0
LeftS096375,4.9045,24.9809,2.532e-19,4.239e-19,8.849e-19,0.0008,-3.1,0
LeftS096376,3.6188,20.6670,1.101e-18,1.555e-18,2.320e-18,0.0001,1.57,0
LeftS096377,2.6256,20.1116,9.442e-20,1.585e-19,3.452e-19,0.0009,-5.97,0
LeftS096380,0.6249,22.2939,1.092e-17,1.278e-17,1.266e-17,0.0005,-0.69,0
LeftS096381,0.6491,31.6720,2.756e-18,3.586e-18,4.384e-18,0.0004,4.42,0
LeftS096382,2.0646,20.0928,1.373e-20,2.808e-20,8.885e-20,0.0006,-6.58,0
LeftS096383,5.0458,28.9568,4.899e-18,6.050e-18,6.762e-18,0.0006,-2.96,0
LeftS096384,5.8629,28.9357,1.336e-18,1.814e-18,2.447e-18,0.0006,4.96,0
LeftS096385,3.3031,22.5501,1.743e-20,3.399e-20,9.851e-20,0.0002,-7.3,0
LeftS096388,3.3108,24.3577,3.434e-20,6.858e-20,2.076e-19,0.0003,3.95,0
LeftS096389,2.1243,21.6846,2.410e-19,3.927e-19,7.667e-19,0.0003,1.19,0
LeftS096392,0.9461,20.5120,1.461e-17,1.652e-17,1.547e-17,0.0001,5.68,0
LeftS096396,5.0795,22.2477,2.321e-16,2.012e-16,1.095e-16,0.0006,4.77,0
LeftS096398,3.0410,22.6510,2.811e-18,3.410e-18,3.825e-18,0.0006,0.15,0
LeftS096399,6.2446,25.9863,1.459e-20,3.178e-20,1.166e-19,0.0003,0.89,0
LeftS096400,2.7416,25.1305,1.555e-15,3.724e-15,1.626e-14,0.0,-5.3,0
LeftS096401,3.5027,23.0215,1.554e-11,1.204e-11,5.176e-12,0.0009,2.13,1
LeftS096403,1.4680,26.7569,2.770e-16,4.437e-16,8.244e-16,0.0008,-2.85,0
LeftS096404,0.2045,27.6117,1.049e-20,2.353e-20,8.946e-20,0.0012,3.58,0
LeftS096406,5.6459,22.1263,1.067e-16,1.740e-16,3.551e-16,0.0005,-0.46,0
LeftS096407,4.7822,26.6589,1.812e-18,2.431e-18,3.140e-18,0.0005,-0.48,0
LeftS096408,3.9987,23.8001,3.672e-17,3.767e-17,2.927e-17,0.0,3.55,0
LeftS096409,1.5422,25.9865,6.016e-17,5.737e-17,3.766e-17,0.0011,3.82,0
LeftS096411,3.7715,28.4063,1.044e-19,1.851e-19,4.332e-19,0.0,2.74,0
LeftS096412,0.9575,25.4296,1.122e-18,1.511e-18,2.097e-18,0.001,-5.52,0
LeftS096415,3.1789,28.2437,1.233e-20,2.604e-20,8.734e-20,0.0004,1.97,0
LeftS096417,2.9813,22.7253,5.224e-20,1.005e-19,2.840e-19,0.0005,4.2,0
LeftS096420,-0.1510,20.2398,1.199e-18,1.565e-18,1.973e-18,0.0005,0.47,0
LeftS096421,4.3229,22.0055,2.573e-16,5.197e-16,1.624e-15,0.0015,-4.45,0
LeftS096422,2.8551,27.1273,1.604e-17,1.808e-17,1.626e-17,0.0012,3.78,0
LeftS096423,3.1162,23.5800,2.646e-18,3.420e-18,4.136e-18,0.0011,1.06,0
LeftS096426,3.9004,17.7926,9.480e-18,1.117e-17,1.120e-17,-0.0004,-1.21,0
LeftS096427,4.0416,25.7945,1.360e-20,2.976e-20,1.105e-19,0.0002,4.63,0
LeftS096428,-0.2371,23.3288,8.218e-19,1.180e-18,1.830e-18,0.0006,-4.89,0
LeftS096429,4.2979,22.8166,5.298e-19,7.861e-19,1.245e-18,0.0001,2.16,0
LeftS096430,2.9739,22.9590,1.739e-16,3.201e-16,7.810e-16,0.0012,-2.41,0
LeftS096431,4.0690,24.9346,1.971e-19,2.988e-19,5.138e-19,0.0004,1.36,0
LeftS096432,2.0497,23.8611,1.140e-18,1.589e-18,2.230e-18,0.0013,-0.37,0
LeftS096437,3.2270,29.6092,6.086e-13,4.014e-13,1.259e-13,0.0006,-6.39,0
LeftS096438,2.0552,24.0388,1.034e-19,1.842e-19,4.366e-19,0.0001,-4.22,0
LeftS096440,2.0104,22.2540,3.352e-20,6.273e-20,1.649e-19,0.001,4.3,0
LeftS096441,5.1493,25.6882,6.723e-19,9.325e-19,1.322e-18,0.0006,-1.36,0
LeftS096445,-0.5671,24.8513,9.102e-20,1.550e-19,3.482e-19,0.0003,1.02,0
LeftS096446,5.5294,27.4221,5.394e-20,9.961e-20,2.567e-19,0.0003,-6.44,0
LeftS096448,0.8264,25.8240,2.761e-17,2.860e-17,2.305e-17,0.0004,-6.36,0
LeftS096449,2.3167,29.3311,4.232e-18,5.149e-18,5.558e-18,0.0002,-1.0,0
LeftS096450,1.3986,20.5699,1.274e-19,2.249e-19,5.264e-19,0.0015,-7.49,0
LeftS096451,-0.6028,27.2724,8.962e-20,1.400e-19,2.622e-19,0.0007,-0.85,0
LeftS096452,3.8321,23.1686,1.107e-18,1.493e-18,1.934e-18,0.0,-6.98,0
LeftS096453,3.5023,22.2320,8.199e-19,1.143e-18,1.665e-18,0.0005,-1.15,0
LeftS096455,4.6775,21.9630,2.989e-18,3.616e-18,3.813e-18,-0.0007,4.29,0
LeftS096457,2.9967,21.3805,2.114e-11,1.801e-11,9.753e-12,0.0013,0.04,1
LeftS096461,6.1593,23.6600,5.535e-19,8.064e-19,1.210e-18,0.0001,-3.3,0
LeftS096463,4.0751,25.2216,1.599e-12,2.021e-12,2.418e-12,-0.0002,0.36,0
LeftS096467,3.7032,24.3934,3.504e-18,4.281e-18,4.559e-18,0.0005,2.95,0
LeftS096468,5.3127,26.3108,5.065e-20,1.008e-19,3.035e-19,0.0002,4.95,0
LeftS096470,6.6059,26.1985,1.229e-19,2.105e-19,4.765e-19,0.0001,-2.08,0
LeftS096471,1.6582,24.6330,1.458e-17,1.644e-17,1.490e-17,0.0005,4.68,0
LeftS096474,5.9887,22.0212,3.400e-20,6.709e-20,1.929e-19,0.0017,-5.32,0
LeftS096476,3.7131,24.0032,5.202e-17,5.599e-17,4.663e-17,0.0005,-6.06,0
LeftS096477,-0.6878,26.8427,1.870e-15,1.512e-15,7.087e-16,0.0005,-2.06,0
LeftS096478,6.2436,23.6644,1.214e-11,9.251e-12,3.859e-12,-0.0003,1.52,1
LeftS096480,3.9117,19.3743,4.450e-18,5.348e-18,5.467e-18,0.001,2.2,0
LeftS096481,4.4192,24.8974,3.030e-18,4.042e-18,5.335e-18,0.0006,-0.57,0
LeftS096482,3.7065,25.4037,3.359e-20,6.907e-20,2.182e-19,-0.0004,-5.84,0
LeftS096483,2.2961,22.7450,7.041e-17,6.752e-17,4.487e-17,0.0006,-0.07,0
LeftS096485,4.1065,25.4963,3.009e-19,4.642e-19,8.139e-19,0.0005,-4.88,0
LeftS096486,1.9063,22.5022,2.818e-16,2.547e-16,1.540e-16,0.0005,-0.67,0
LeftS096487,0.2505,28.4699,2.264e-17,2.537e-17,2.355e-17,-0.0002,-6.5,0
LeftS096488,5.7770,22.6673,2.979e-20,5.502e-20,1.412e-19,0.0009,5.59,0
LeftS096489,6.7267,28.0020,8.288e-20,1.497e-19,3.635e-19,0.0005,6.6,0
LeftS096490,0.5083,24.4953,2.794e-19,4.275e-19,7.526e-19,0.0004,1.15,0
LeftS096491,0.4421,25.3993,2.244e-18,3.058e-18,4.104e-18,0.0014,-6.31,0
LeftS096492,5.5631,25.1288,1.325e-19,2.226e-19,4.690e-19,0.001,-2.79,0
LeftS096493,4.4249,28.2128,1.978e-16,1.850e-16,1.147e-16,0.0016,4.32,0
LeftS096494,2.5113,31.4476,8.371e-17,8.405e-17,6.143e-17,0.0005,-1.13,0
LeftS096496,2.4078,28.2545,4.101e-20,7.965e-20,2.359e-19,0.0004,-4.69,0
LeftS096497,-2.0144,25.7781,2.907e-18,3.976e-18,5.308e-18,0.0013,3.73,0
LeftS096499,8.5623,22.9143,1.557e-16,1.380e-16,7.583e-17,-0.0006,5.3,0
LeftS096500,4.1794,27.3305,7.566e-16,6.430e-16,3.229e-16,0.0005,-2.07,0
LeftS096502,0.1420,24.2343,3.575e-17,3.900e-17,3.261e-17,0.0008,3.97,0
LeftS096503,3.7955,27.2983,1.559e-16,1.475e-16,9.263e-17,0.0011,-4.25,0
LeftS096504,0.1741,28.1276,2.814e-20,5.286e-20,1.394e-19,0.0003,-6.13,0
LeftS096509,1.5108,27.7900,4.955e-17,5.065e-17,3.816e-17,0.0004,5.15,0
LeftS096510,5.2070,26.8900,3.361e-19,5.262e-19,9.701e-19,0.0004,1.1,0
LeftS096511,4.0251,25.8285,7.823e-18,9.310e-18,9.483e-18,0.0012,-1.82,0
LeftS096512,2.9301,21.7117,5.327e-18,6.679e-18,7.582e-18,0.0008,-7.28,0
LeftS096513,-0.2381,23.0346,5.604e-17,5.457e-17,3.708e-17,0.001,-1.01,0
LeftS096514,2.1434,20.0290,3.398e-20,6.972e-20,2.309e-19,0.0007,-5.05,0
LeftS096515,7.6765,23.9169,2.202e-20,4.221e-20,1.159e-19,0.0013,-1.04,0
LeftS096516,7.5596,25.4846,1.619e-16,1.484e-16,9.077e-17,0.0004,-4.84,0
LeftS096517,3.5763,22.1263,9.060e-17,8.390e-17,5.325e-17,0.0011,2.13,0
LeftS096518,3.8412,29.6923,7.973e-19,1.237e-18,2.169e-18,0.0003,0.18,0
LeftS096519,0.6900,24.3147,3.922e-20,7.315e-20,1.836e-19,0.001,-2.22,0
LeftS096521,2.2141,30.4004,6.373e-12,4.463e-12,1.603e-12,0.0007,-1.85,0
LeftS096522,-0.1587,18.8400,1.933e-19,3.079e-19,5.890e-19,0.0009,-5.2,0
LeftS096523,6.9633,28.1398,1.238e-19,2.118e-19,4.803e-19,0.0004,6.38,0
LeftS096524,-0.0225,19.8620,7.443e-20,1.327e-19,3.101e-19,0.0013,-8.23,0
LeftS096525,6.3371,23.6533,1.044e-18,1.385e-18,1.834e-18,0.0002,4.88,0
LeftS096526,7.6268,21.6840,1.928e-18,2.507e-18,3.179e-18,0.0002,-1.87,0
LeftS096527,2.0560,21.7905,2.977e-17,2.963e-17,2.159e-17,0.0009,1.56,0
LeftS096528,2.4486,26.9632,2.581e-16,4.276e-16,8.594e-16,0.0015,3.48,0
LeftS096529,3.7891,17.6451,5.478e-19,7.633e-19,1.094e-18,0.0004,0.17,0
LeftS096531,1.0347,29.0912,2.856e-18,3.559e-18,4.086e-18,0.0002,-3.88,0
LeftS096532,6.3757,24.5675,3.381e-20,6.706e-20,1.993e-19,0.0002,-3.38,0
LeftS096533,3.4060,23.2313,3.657e-19,5.666e-19,9.889e-19,0.0008,-2.46,0
LeftS096534,6.2562,19.7099,1.206e-20,2.564e-20,9.051e-20,-0.0003,-2.37,0
LeftS096536,3.7053,28.7220,7.330e-18,9.209e-18,1.037e-17,0.0,-0.12,0
LeftS096537,0.1851,26.1540,2.110e-20,4.287e-20,1.364e-19,0.0006,3.29,0
LeftS096539,-1.1869,21.7938,6.654e-18,7.900e-18,8.186e-18,0.0004,-0.62,0
LeftS096542,5.5087,27.7330,2.337e-18,3.033e-18,3.595e-18,0.0012,-3.82,0
LeftS096543,0.8759,23.5664,3.122e-18,3.861e-18,4.455e-18,-0.0,-6.38,0
LeftS096544,5.8822,23.3299,8.524e-19,1.237e-18,1.900e-18,0.0003,4.15,0
LeftS096546,4.0097,26.0072,4.153e-20,7.524e-20,1.826e-19,0.0001,-6.3,0
LeftS096549,7.8355,33.1842,5.755e-19,8.504e-19,1.312e-18,0.0003,2.42,0
LeftS096550,5.3571,25.3911,6.280e-17,6.382e-17,4.696e-17,0.0015,-5.33,0
LeftS096553,6.3028,30.5440,8.879e-19,1.266e-18,1.890e-18,0.0009,3.61,0
LeftS096557,3.8272,27.7901,1.292e-18,1.802e-18,2.588e-18,0.0009,4.71,0
LeftS096559,3.0329,24.0127,1.026e-18,1.441e-18,2.186e-18,0.0015,-3.57,0
LeftS096560,9.2287,23.5032,6.409e-17,6.285e-17,4.239e-17,0.0015,-3.5,0
LeftS096561,1.4871,26.8793,3.707e-19,5.824e-19,1.059e-18,0.0008,-1.79,0
LeftS096562,-0.5526,22.9196,1.710e-20,3.599e-20,1.219e-19,0.0011,3.44,0
LeftS096563,1.0442,28.0529,4.062e-18,4.932e-18,5.369e-18,0.0011,1.14,0
LeftS096564,0.8906,27.0603,1.167e-17,1.345e-17,1.317e-17,0.0009,-7.12,0
LeftS096565,-0.4217,22.4160,1.775e-20,3.718e-20,1.259e-19,0.0001,3.97,0
LeftS096566,6.8221,24.2843,4.011e-17,4.258e-17,3.474e-17,0.0013,-4.32,0
LeftS096567,1.5505,22.9890,4.967e-20,9.259e-20,2.423e-19,0.0003,-0.2,0
LeftS096568,1.1805,23.6297,4.295e-12,3.306e-12,1.385e-12,0.0009,-2.56,1
LeftS096569,6.2775,28.2335,1.802e-17,1.999e-17,1.813e-17,0.0009,-5.98,0
LeftS096570,1.4578,25.6777,1.303e-18,1.786e-18,2.479e-18,-0.0004,0.11,0
LeftS096571,5.5493,24.8989,7.650e-17,7.321e-17,4.766e-17,0.0002,-5.48,0
LeftS096572,5.9320,25.4372,8.996e-20,1.621e-19,3.913e-19,0.0007,1.51,0
LeftS096575,1.0398,25.1380,2.285e-20,4.179e-20,1.069e-19,0.0001,4.96,0
LeftS096577,-0.0038,23.6942,9.752e-18,1.130e-17,1.089e-17,0.001,-8.02,0
LeftS096578,1.8283,23.4804,7.842e-19,1.182e-18,1.939e-18,0.0013,-5.38,0
LeftS096579,4.2099,25.2584,8.738e-17,7.888e-17,4.578e-17,0.0012,1.64,0
LeftS096581,3.4478,23.5515,4.195e-20,7.544e-20,1.901e-19,0.0004,3.61,0
LeftS096582,6.6595,22.2355,7.751e-20,1.365e-19,3.112e-19,0.0005,-6.0,0
LeftS096583,3.4734,29.6823,1.009e-15,1.621e-15,3.067e-15,-0.0006,-1.94,0
LeftS096585,2.2968,25.3923,3.380e-17,3.595e-17,3.048e-17,0.0005,3.1,0
LeftS096586,7.4398,27.2819,1.538e-19,2.530e-19,5.154e-19,0.0,6.45,0
LeftS096590,0.2707,24.6189,8.666e-19,1.226e-18,1.843e-18,0.0003,0.88,0
LeftS096592,6.8687,26.4999,5.789e-17,5.416e-17,3.445e-17,0.0011,3.35,0
LeftS096593,5.6028,31.8125,4.223e-18,5.289e-18,5.914e-18,0.0003,5.45,0
LeftS096594,2.6498,26.8317,3.386e-18,4.147e-18,4.613e-18,0.0001,-3.37,0
LeftS096595,9.0433,27.6120,3.109e-16,2.747e-16,1.585e-16,0.0008,3.58,0
LeftS096598,0.8293,24.8019,1.198e-20,2.375e-20,6.776e-20,0.0008,-1.81,0
LeftS096600,6.4213,27.3718,1.131e-17,1.362e-17,1.380e-17,0.0005,6.19,0
LeftS096601,2.8258,23.6908,1.632e-17,1.864e-17,1.771e-17,-0.0,2.77,0
LeftS096603,2.7063,22.5700,1.981e-17,2.172e-17,1.866e-17,0.0006,-5.82,0
LeftS096605,4.4144,21.9749,2.416e-16,2.095e-16,1.099e-16,0.0013,-1.2,0
LeftS096606,2.4337,24.8677,1.524e-20,3.275e-20,1.209e-19,-0.0001,0.15,0
LeftS096609,4.5334,22.9142,3.693e-18,4.650e-18,5.379e-18,0.0009,-6.57,0
LeftS096610,6.5963,22.1267,7.431e-20,1.252e-19,2.642e-19,0.0004,1.25,0
LeftS096612,1.8885,19.3447,3.698e-18,4.953e-18,6.589e-18,0.001,2.33,0
LeftS096613,2.1445,27.0739,3.265e-20,6.539e-20,2.043e-19,-0.0001,-3.48,0
LeftS096616,3.3971,23.9325,1.161e-19,2.026e-19,4.745e-19,0.0006,4.99,0
LeftS096618,5.0003,21.1918,1.413e-17,1.454e-17,1.099e-17,0.0008,-6.47,0
LeftS096619,4.0804,27.8726,3.480e-20,6.847e-20,2.031e-19,0.0003,-4.58,0
LeftS096621,5.7962,29.3074,5.643e-18,7.020e-18,7.921e-18,0.001,5.28,0
LeftS096623,7.5447,26.6338,9.025e-18,1.088e-17,1.156e-17,0.0,4.07,0
LeftS096624,3.5381,26.6607,2.773e-20,5.833e-20,1.977e-19,0.0006,0.47,0
LeftS096625,2.0250,23.5541,1.149e-11,1.022e-11,5.790e-12,0.0011,1.26,1
LeftS096626,4.9900,26.7233,2.109e-18,2.845e-18,3.737e-18,0.0008,-2.58,0
LeftS096627,8.1606,26.5332,4.255e-17,4.229e-17,2.890e-17,0.001,-0.22,0
LeftS096629,8.6933,27.0761,2.859e-16,2.527e-16,1.418e-16,0.0005,3.23,0
LeftS096632,4.3860,23.4747,2.615e-17,2.729e-17,2.118e-17,0.0002,-4.09,0
LeftS096634,0.0758,21.5949,1.249e-16,1.808e-16,2.804e-16,0.0007,-2.88,0
LeftS096637,6.7678,23.7642,1.146e-18,1.645e-18,2.483e-18,0.0003,-2.87,0
LeftS096638,3.5066,29.3726,3.153e-18,3.925e-18,4.342e-18,-0.0004,-3.14,0
LeftS096639,2.1035,22.7328,8.516e-16,1.678e-15,4.930e-15,0.0004,1.66,0
LeftS096641,4.8115,25.7935,2.497e-16,2.144e-16,1.150e-16,0.0002,1.23,0
LeftS096643,1.3615,18.9941,9.723e-20,1.649e-19,3.419e-19,0.0002,-5.12,0
LeftS096644,3.2522,21.9479,8.793e-20,1.585e-19,4.058e-19,0.0014,-6.79,0
LeftS096646,6.6425,30.0507,1.631e-20,3.410e-20,1.159e-19,-0.0001,-1.77,0
LeftS096647,4.1283,21.1196,3.176e-19,5.083e-19,1.000e-18,0.0001,0.72,0
LeftS096648,1.2918,21.8217,2.157e-20,4.294e-20,1.308e-19,0.0005,-1.67,0
LeftS096649,3.1348,24.9785,2.452e-19,3.578e-19,5.574e-19,0.001,1.67,0
LeftS096650,3.2888,20.9874,4.012e-18,5.030e-18,6.003e-18,0.0014,2.49,0
LeftS096653,-2.3369,25.5023,4.975e-19,7.672e-19,1.359e-18,0.0,2.48,0
LeftS096656,2.8429,17.7974,2.299e-18,2.920e-18,3.399e-18,-0.0002,0.88,0
LeftS096657,1.2944,26.9781,1.169e-16,1.099e-16,6.928e-17,0.0004,3.87,0
LeftS096658,4.8043,25.1395,7.352e-19,1.121e-18,1.897e-18,-0.0001,1.42,0
LeftS096661,3.3174,28.1914,7.468e-18,8.791e-18,8.960e-18,0.0007,-1.01,0
LeftS096662,2.6842,31.4586,5.185e-18,6.494e-18,7.454e-18,0.0003,-5.23,0
LeftS096663,3.4485,20.4158,2.463e-17,2.705e-17,2.258e-17,0.0008,-7.02,0
LeftS096666,0.3366,25.5646,7.405e-20,1.355e-19,3.369e-19,0.0004,0.72,0
LeftS096667,4.1121,26.8512,7.708e-20,1.401e-19,3.469e-19,0.0001,0.65,0
LeftS096669,0.2974,23.9266,1.128e-17,1.292e-17,1.275e-17,0.0006,3.3,0
LeftS096670,7.4568,25.5928,7.673e-20,1.378e-19,3.417e-19,-0.0001,-5.02,0
LeftS096671,2.1781,26.3325,2.799e-17,2.921e-17,2.308e-17,0.0001,5.21,0
LeftS096673,5.1213,23.3822,1.367e-16,1.337e-16,9.044e-17,0.0005,-5.06,0
LeftS096674,5.6626,27.9133,2.341e-20,4.992e-20,1.683e-19,0.0007,2.68,0
LeftS096676,5.4918,25.6163,3.425e-18,4.085e-18,4.334e-18,0.0001,-5.47,0
LeftS096680,-0.2759,29.8563,1.628e-17,1.704e-17,1.359e-17,0.0008,5.32,0
LeftS096681,1.7919,23.5585,1.319e-18,1.751e-18,2.231e-18,0.0013,-4.96,0
LeftS096682,1.5712,24.4896,4.311e-19,6.707e-19,1.192e-18,0.0008,2.9,0
LeftS096683,0.6202,28.0757,1.776e-20,3.608e-20,1.140e-19,0.0001,3.4,0
LeftS096684,4.2127,27.3910,8.229e-12,6.117e-12,2.533e-12,0.0007,-1.18,1
LeftS096685,5.5552,23.4420,4.733e-18,5.808e-18,6.558e-18,0.0007,5.72,0
LeftS096690,1.8416,24.9499,3.112e-18,4.002e-18,4.936e-18,0.0006,-3.11,0
LeftS096691,3.1263,24.4682,1.967e-20,3.895e-20,1.143e-19,0.0002,2.87,0
LeftS096694,-0.0935,26.1723,7.165e-18,8.609e-18,8.948e-18,0.0005,-5.9,0
LeftS096697,0.0229,26.9284,1.059e-20,2.095e-20,6.320e-20,-0.0003,-1.71,0
LeftS096698,1.2721,27.1541,4.112e-19,6.187e-19,1.050e-18,0.0004,-5.77,0
LeftS096699,3.8807,25.0791,7.970e-19,1.176e-18,1.934e-18,-0.0001,-0.73,0
LeftS096700,0.4984,23.1093,1.090e-18,1.439e-18,1.898e-18,0.0001,2.56,1
LeftS096701,3.1317,21.3269,1.103e-20,2.115e-20,5.966e-20,-0.0,-0.97,0
LeftS096702,4.1986,28.3784,1.089e-11,7.757e-12,2.897e-12,0.0002,-4.72,0
LeftS096703,4.8211,23.7643,2.035e-18,2.692e-18,3.313e-18,-0.0,-4.81,0
LeftS096704,7.3339,28.7065,6.254e-12,5.752e-12,3.500e-12,-0.0002,0.55,1
LeftS096705,5.6338,27.2617,1.496e-20,3.279e-20,1.172e-19,0.0006,-2.52,0
LeftS096707,5.0248,24.7395,1.601e-20,3.198e-20,9.614e-20,0.0007,-7.34,0
LeftS096708,1.8669,22.6736,3.614e-19,5.941e-19,1.141e-18,0.0007,4.72,0
LeftS096711,5.2292,27.7888,6.122e-18,7.064e-18,6.785e-18,-0.0002,-2.89,0
LeftS096712,2.6044,24.8096,4.530e-19,6.867e-19,1.188e-18,0.0003,-2.8,0
LeftS096713,5.2196,23.2932,1.649e-17,1.787e-17,1.534e-17,0.0008,5.43,0
LeftS096714,3.0858,20.6533,1.798e-18,2.339e-18,3.004e-18,0.0012,-0.8,0
LeftS096716,3.3743,22.5788,1.162e-18,1.578e-18,2.110e-18,-0.0,5.51,0
LeftS096718,4.2200,20.1593,1.438e-17,1.614e-17,1.494e-17,0.0009,-1.12,0
LeftS096719,-0.8411,29.3670,1.256e-19,2.271e-19,5.381e-19,0.0001,-3.73,0
LeftS096720,1.5198,29.0676,5.447e-19,7.905e-19,1.215e-18,0.0009,-0.85,0
LeftS096721,2.4773,25.7554,1.853e-20,3.944e-20,1.308e-19,-0.0002,-4.74,0
LeftS096724,3.7439,21.3365,3.100e-16,6.151e-16,1.778e-15,0.0009,5.86,0
LeftS096725,2.6712,28.5069,1.915e-19,3.104e-19,6.303e-19,0.0003,-1.03,0
LeftS096726,-0.5836,28.5094,3.086e-19,4.703e-19,8.236e-19,0.0016,4.72,0
LeftS096727,0.8137,26.5146,1.482e-17,1.621e-17,1.398e-17,0.0,-1.0,0
LeftS096728,4.6487,27.6544,3.104e-16,4.762e-16,8.310e-16,0.0005,0.36,0
LeftS096729,3.1446,23.1181,7.758e-18,1.022e-17,1.238e-17,0.0005,4.94,0
LeftS096730,4.5745,30.0091,1.292e-20,2.443e-20,6.753e-20,0.0011,-4.54,0
LeftS096734,2.3837,28.0930,8.979e-17,1.758e-16,5.251e-16,0.0006,2.62,0
LeftS096735,7.2326,24.3360,1.057e-17,1.234e-17,1.213e-17,0.0004,-4.35,0
LeftS096736,2.3175,24.6502,5.490e-18,6.752e-18,7.478e-18,0.0008,-0.65,0
LeftS096739,3.9201,21.5330,1.212e-17,1.360e-17,1.195e-17,0.0001,-5.34,0
LeftS096741,-1.5084,20.0578,3.022e-16,7.370e-16,3.361e-15,0.001,-3.93,0
LeftS096745,5.0780,22.5984,5.527e-18,6.924e-18,7.938e-18,0.0011,5.48,0
LeftS096747,3.1334,26.5298,1.325e-19,2.241e-19,4.671e-19,-0.0005,1.23,0
LeftS096751,3.8148,24.2448,2.227e-12,1.502e-12,4.884e-13,0.0017,-3.43,0
LeftS096752,3.6596,19.8130,1.530e-17,1.702e-17,1.555e-17,0.0001,1.96,0
LeftS096755,2.5321,24.5099,7.873e-17,7.521e-17,4.952e-17,-0.0002,3.62,0
LeftS096756,0.7109,29.4292,9.087e-17,1.563e-16,3.454e-16,0.0003,5.14,0
LeftS096757,3.6061,26.5040,1.670e-19,2.599e-19,4.757e-19,0.001,-3.34,0
LeftS096758,5.3295,22.7001,3.745e-17,3.641e-17,2.480e-17,0.0002,5.19,0
LeftS096759,2.1443,26.4604,2.732e-16,4.551e-16,9.549e-16,0.0003,2.26,0
LeftS096761,8.3628,27.0400,6.227e-20,1.188e-19,3.136e-19,-0.0001,-5.17,0
LeftS096763,5.7043,22.1258,4.271e-17,4.186e-17,2.934e-17,0.0004,-2.81,0
LeftS096768,1.2385,25.2729,6.036e-19,9.132e-19,1.566e-18,0.0005,0.63,0
LeftS096769,6.4299,25.7375,2.861e-20,5.579e-20,1.610e-19,-0.0,3.49,0
LeftS096771,2.6404,19.2830,2.750e-18,3.635e-18,4.720e-18,0.0005,5.67,0
LeftS096775,5.0122,24.9258,5.399e-17,9.279e-17,2.161e-16,0.0004,3.33,0
LeftS096777,3.6688,26.8092,1.150e-20,2.529e-20,9.255e-20,0.0009,4.56,0
LeftS096778,1.3000,25.2298,1.162e-17,1.284e-17,1.165e-17,0.0009,-0.13,0
LeftS096783,4.6336,28.0712,1.559e-19,2.585e-19,5.275e-19,0.001,4.28,0
LeftS096784,-1.9280,28.4972,3.315e-20,6.516e-20,1.905e-19,0.0007,0.34,0
LeftS096785,2.4580,27.6895,1.715e-19,2.848e-19,6.036e-19,0.0007,2.24,0
LeftS096786,6.4878,25.1486,5.564e-20,1.114e-19,3.407e-19,0.0012,-0.98,0
LeftS096787,2.9836,24.9754,3.714e-17,3.923e-17,3.181e-17,0.0003,-4.12,0
LeftS096791,0.6961,27.2125,2.236e-19,3.657e-19,7.427e-19,0.0005,3.18,0
LeftS096793,2.0245,19.8186,8.823e-19,1.231e-18,1.791e-18,0.0004,-5.61,0
LeftS096794,2.3882,18.7104,3.151e-18,4.044e-18,4.814e-18,0.0011,-3.05,0
LeftS096795,7.7994,25.4111,1.629e-16,1.515e-16,9.257e-17,0.0007,6.04,0
LeftS096796,4.1428,29.0295,5.166e-20,9.390e-20,2.353e-19,0.0006,0.59,0
LeftS096797,2.1157,22.6320,2.347e-20,4.748e-20,1.526e-19,0.0009,4.77,0
LeftS096798,5.6263,25.5859,1.863e-20,3.860e-20,1.304e-19,0.0003,5.95,0
LeftS096799,-0.3054,24.0232,3.659e-18,4.270e-18,4.334e-18,0.0012,-2.31,0
LeftS096801,-1.4360,21.6054,1.708e-17,1.902e-17,1.727e-17,0.0007,-6.44,0
LeftS096804,3.4999,24.1819,2.753e-17,2.877e-17,2.323e-17,0.0003,-0.69,0
LeftS096807,0.3403,27.2282,6.265e-20,1.166e-19,3.027e-19,0.0005,4.84,0
LeftS096808,6.4630,24.3455,3.831e-17,3.836e-17,2.835e-17,0.0006,1.21,0
LeftS096812,3.3634,20.8591,9.453e-12,7.024e-12,2.782e-12,0.001,-1.71,0
LeftS096814,2.9138,23.5107,1.751e-16,2.837e-16,5.496e-16,0.0004,-4.96,0
LeftS096815,4.3644,23.9180,2.121e-16,3.866e-16,9.817e-16,0.0001,1.72,0
LeftS096817,5.6699,21.2990,7.116e-18,8.412e-18,8.613e-18,0.0013,-6.4,0
LeftS096818,1.7244,24.8401,2.394e-18,3.243e-18,4.332e-18,0.0007,3.35,0
LeftS096821,2.2571,25.5561,9.677e-19,1.373e-18,2.028e-18,0.0005,0.94,0
LeftS096822,0.6728,24.1438,6.579e-19,9.658e-19,1.536e-18,0.0004,-4.96,0
LeftS096825,1.6431,25.9139,5.013e-20,9.408e-20,2.491e-19,0.0013,-6.01,0
LeftS096827,2.1138,28.0741,2.253e-18,3.078e-18,4.313e-18,0.0007,5.85,0
LeftS096829,2.0358,29.7047,1.232e-20,2.355e-20,6.301e-20,0.0003,6.36,0
LeftS096831,3.6119,23.3542,1.722e-16,1.569e-16,9.446e-17,-0.0004,-1.9,0
LeftS096832,1.1191,26.3805,2.024e-20,3.858e-20,1.088e-19,0.0006,2.05,0
LeftS096834,3.9626,23.5264,6.356e-12,4.592e-12,1.787e-12,0.0015,-4.81,0
LeftS096835,3.5396,23.6468,1.481e-19,2.505e-19,5.372e-19,0.0001,-5.13,0
LeftS096836,3.6005,30.8270,1.759e-20,3.449e-20,9.649e-20,0.0002,-3.9,0
LeftS096837,1.9857,20.9275,1.271e-18,1.818e-18,2.768e-18,0.0009,1.39,0
LeftS096838,5.5659,30.3493,4.521e-19,7.124e-19,1.327e-18,0.0009,1.46,0
LeftS096841,4.8226,28.1534,3.114e-16,6.636e-16,2.251e-15,0.0005,-1.28,0
LeftS096844,2.0553,25.1757,3.636e-19,5.356e-19,8.302e-19,0.0004,-2.89,0
LeftS096845,6.1854,23.2655,4.351e-20,8.553e-20,2.465e-19,0.0002,-4.67,0
LeftS096847,-1.4076,20.8980,1.076e-19,1.855e-19,4.153e-19,0.0009,-7.09,0
LeftS096848,0.7975,23.3892,9.922e-17,1.690e-16,3.790e-16,0.0006,1.89,0
LeftS096849,0.0759,26.7823,1.999e-17,2.212e-17,1.969e-17,0.0009,-7.3,0
LeftS096850,-1.1259,27.8678,3.812e-20,7.533e-20,2.262e-19,0.0011,-3.69,0
LeftS096851,5.2837,25.5276,3.781e-18,4.773e-18,5.417e-18,-0.0003,-0.65,0
LeftS096852,4.2497,23.0511,2.246e-19,3.550e-19,6.492e-19,0.0007,-3.79,0
LeftS096853,3.0447,27.0598,1.410e-16,1.268e-16,7.417e-17,0.0013,3.65,0
LeftS096854,7.5437,27.4158,9.230e-19,1.295e-18,1.808e-18,0.0008,-2.38,0
LeftS096857,7.4937,26.8557,4.591e-18,5.540e-18,5.952e-18,0.002,-3.5,0
LeftS096861,1.3123,27.5587,2.584e-20,5.405e-20,1.757e-19,0.0013,-2.27,0
LeftS096862,3.5216,26.8855,1.076e-11,7.872e-12,3.091e-12,0.0016,-4.04,0
LeftS096864,1.9295,22.1659,2.375e-19,3.844e-19,7.327e-19,-0.0004,2.95,0
LeftS096865,2.8520,24.0664,2.007e-20,3.645e-20,8.852e-20,0.0012,-4.89,0
LeftS096866,0.9793,25.0071,8.524e-12,5.974e-12,2.111e-12,-0.0005,0.26,0
LeftS096870,-1.0709,22.3158,6.291e-18,7.555e-18,8.063e-18,-0.0001,-0.98,0
LeftS096871,2.7989,22.7071,8.606e-12,7.369e-12,3.905e-12,0.0004,2.6,1
LeftS096872,2.8897,24.6569,4.203e-16,3.669e-16,1.935e-16,-0.0001,2.46,0
LeftS096874,2.5503,27.8290,6.759e-19,1.010e-18,1.649e-18,0.0004,-2.66,0
LeftS096875,3.1701,25.7414,3.455e-20,6.260e-20,1.544e-19,0.0,-0.17,0
LeftS096876,1.4972,30.2692,5.352e-16,8.922e-16,1.892e-15,0.0005,5.55,0
LeftS096880,4.2871,25.8820,3.749e-18,5.041e-18,6.487e-18,0.0007,1.43,0
LeftS096882,4.7100,23.6984,3.507e-19,5.432e-19,9.405e-19,0.0006,-1.5,0
LeftS096884,2.3646,24.1815,1.660e-11,1.391e-11,6.896e-12,-0.0005,-2.03,1
LeftS096886,-0.4008,28.3958,1.347e-19,2.241e-19,4.756e-19,0.0008,0.57,0
LeftS096887,6.3409,25.9478,2.870e-16,4.770e-16,1.004e-15,0.001,-0.82,0
LeftS096889,1.4979,20.8806,1.848e-16,4.046e-16,1.518e-15,0.0004,2.28,0
LeftS096890,1.4351,22.5051,4.722e-18,5.649e-18,6.011e-18,0.0005,5.11,0
LeftS096892,2.5838,20.0698,4.346e-19,7.180e-19,1.439e-18,0.0007,-8.26,0
LeftS096893,1.6524,21.1062,3.182e-20,6.323e-20,1.945e-19,0.0004,-3.07,0
LeftS096894,4.0796,21.0698,2.235e-16,3.345e-16,5.761e-16,0.0001,-1.67,0
LeftS096895,6.1833,25.7546,1.887e-20,3.699e-20,1.092e-19,-0.0,4.02,0
LeftS096896,8.5413,23.5207,7.507e-16,1.568e-15,5.229e-15,0.0007,2.88,0
LeftS096898,4.8374,20.2064,1.155e-17,1.236e-17,1.026e-17,0.0002,4.67,0
LeftS096901,2.8531,24.6511,1.967e-16,5.102e-16,2.670e-15,0.0001,-7.38,0
LeftS096904,0.3555,18.6337,1.196e-11,9.902e-12,4.802e-12,0.0007,0.6,1
LeftS096906,7.0816,24.9648,1.141e-16,1.049e-16,6.425e-17,-0.0003,3.12,0
LeftS096910,-0.3857,22.3722,2.582e-17,2.522e-17,1.749e-17,0.0007,-2.35,0
LeftS096912,-0.7365,26.0894,3.042e-17,3.253e-17,2.710e-17,-0.0,1.9,0
LeftS096913,4.7675,19.0767,1.680e-20,3.579e-20,1.216e-19,0.001,0.79,0
LeftS096915,2.1459,21.7286,6.931e-19,1.014e-18,1.638e-18,0.001,4.85,0
LeftS096916,-0.9262,29.5065,5.872e-16,1.288e-15,4.809e-15,0.0004,4.79,0
LeftS096917,1.4691,21.1376,3.387e-19,5.406e-19,1.045e-18,-0.0001,-7.94,0
LeftS096920,4.0235,24.0922,2.579e-19,4.143e-19,7.833e-19,0.0004,-5.84,0
LeftS096922,4.8677,21.0766,5.287e-17,5.497e-17,4.341e-17,0.0008,-4.57,0
LeftS096923,6.7870,22.0591,9.204e-20,1.598e-19,3.718e-19,0.0,-6.31,0
LeftS096924,1.1574,25.3011,9.558e-12,8.012e-12,3.986e-12,0.0006,2.02,1
LeftS096925,3.2651,29.3951,3.305e-20,6.399e-20,1.844e-19,0.0006,-4.27,0
LeftS096926,4.0762,26.8916,2.474e-20,4.966e-20,1.588e-19,0.0007,1.89,0
LeftS096927,2.7763,21.1238,2.016e-19,3.235e-19,6.019e-19,0.0008,-4.28,0
LeftS096928,4.5600,25.1277,3.151e-16,6.365e-16,1.972e-15,0.0007,4.96,0
LeftS096929,1.9042,26.0542,2.122e-18,2.691e-18,3.231e-18,0.0004,2.69,0
LeftS096931,2.7660,23.0883,3.948e-19,6.030e-19,1.071e-18,0.0005,4.55,0
LeftS096932,3.4951,22.2034,5.702e-20,1.035e-19,2.594e-19,0.0004,-5.52,0
LeftS096933,-2.2070,30.1928,5.060e-19,7.478e-19,1.246e-18,0.0003,-0.53,0
LeftS096934,6.4135,23.9192,1.507e-16,2.934e-16,8.488e-16,0.0006,-5.48,0
LeftS096935,2.6517,18.8156,1.798e-18,2.514e-18,3.448e-18,0.0015,1.82,0
LeftS096937,6.9235,22.7907,1.668e-18,2.195e-18,2.755e-18,-0.0001,-3.93,0
LeftS096938,4.5011,25.4216,1.653e-20,2.915e-20,6.743e-20,0.0009,-0.77,0
LeftS096939,3.1474,27.2900,1.604e-17,1.721e-17,1.469e-17,0.001,-2.52,0
LeftS096941,-0.3792,29.8552,5.597e-20,1.045e-19,2.766e-19,0.0009,-2.7,0
LeftS096944,2.9773,26.4561,5.703e-20,1.039e-19,2.649e-19,0.0003,-7.09,0
LeftS096945,4.6348,24.6429,3.393e-20,7.142e-20,2.378e-19,0.0001,1.52,0
LeftS096946,3.5440,24.0749,2.468e-20,5.355e-20,1.861e-19,0.0,-0.79,0
LeftS096950,2.2662,26.2928,4.264e-17,4.346e-17,3.328e-17,-0.0002,-3.58,0
LeftS096954,1.3557,26.8203,4.007e-18,5.146e-18,6.268e-18,0.0007,3.22,0
LeftS096960,4.3011,25.7856,6.194e-18,7.856e-18,8.955e-18,0.0006,-3.33,0
LeftS096962,4.3293,21.6396,7.403e-17,7.022e-17,4.474e-17,0.0013,-3.75,0
LeftS096963,1.8772,26.3610,1.795e-16,3.008e-16,6.378e-16,0.0017,5.12,0
LeftS096967,2.9653,22.4544,2.063e-19,3.627e-19,8.200e-19,0.0003,2.7,0
LeftS096968,1.9601,25.4057,4.505e-20,7.719e-20,1.739e-19,-0.0001,5.13,0
LeftS096969,7.8894,23.0843,3.804e-20,7.489e-20,2.163e-19,0.0005,-3.56,0
LeftS096971,4.3033,24.9955,2.938e-18,3.914e-18,5.080e-18,0.0012,1.07,0
LeftS096973,3.1689,21.0740,1.929e-19,2.930e-19,5.084e-19,0.0007,-1.08,0
LeftS096974,1.8162,27.9858,1.698e-19,2.752e-19,5.321e-19,0.0012,0.26,0
LeftS096975,4.5957,20.2307,4.636e-17,4.575e-17,3.116e-17,0.0009,-2.96,0
LeftS096976,7.2813,25.0710,3.406e-18,4.516e-18,5.891e-18,-0.0004,1.04,0
LeftS096977,1.8570,23.9056,7.365e-17,1.101e-16,1.858e-16,0.0005,-5.49,0
LeftS096979,3.1324,26.3534,1.566e-16,2.932e-16,7.522e-16,-0.0001,2.96,0
LeftS096981,4.5079,24.5950,1.134e-11,8.713e-12,3.712e-12,0.0012,2.37,1
LeftS096983,2.3901,29.6140,1.059e-20,2.101e-20,6.321e-20,0.0007,3.45,0
LeftS096987,5.8606,25.2620,1.227e-20,2.570e-20,8.787e-20,0.0015,-0.19,0
LeftS096989,3.8575,24.3792,6.394e-18,7.568e-18,7.813e-18,0.0006,2.49,0
LeftS096990,6.1820,27.5599,1.414e-20,2.964e-20,1.006e-19,0.0011,-3.33,0
LeftS096991,-1.4123,22.9655,4.036e-20,7.256e-20,1.767e-19,0.0016,5.81,0
LeftS096993,6.7741,23.6914,2.125e-16,4.212e-16,1.250e-15,0.0002,4.37,0
LeftS096994,2.7742,23.5131,7.487e-17,1.395e-16,3.678e-16,0.0008,1.01,0
LeftS096995,1.5603,22.5224,2.435e-19,3.904e-19,7.538e-19,0.0005,-5.58,0
LeftS096998,4.0367,25.8862,9.523e-19,1.397e-18,2.224e-18,0.0009,-3.45,0
LeftS097003,0.8246,23.0602,1.438e-17,1.617e-17,1.510e-17,0.0009,-4.66,0
LeftS097004,1.8273,21.1787,5.760e-18,7.113e-18,8.218e-18,0.0002,3.85,0
LeftS097005,5.6824,23.1290,1.244e-17,1.459e-17,1.396e-17,0.0009,-4.65,0
LeftS097006,1.4411,17.8757,2.332e-19,3.821e-19,7.330e-19,0.0009,0.92,0
LeftS097009,2.7005,22.1140,1.044e-19,1.781e-19,3.856e-19,0.0006,1.96,0
LeftS097013,2.8438,27.7890,4.451e-17,4.534e-17,3.396e-17,0.0013,-1.15,0
LeftS097014,0.2174,22.9307,2.265e-16,3.721e-16,7.677e-16,0.0001,4.55,0
LeftS097015,0.5929,30.2112,2.439e-17,2.698e-17,2.322e-17,0.0001,4.15,0
LeftS097022,0.1673,28.7898,2.119e-18,2.873e-18,3.937e-18,0.0009,-1.21,0
LeftS097024,5.6117,21.5421,2.883e-16,4.580e-16,8.575e-16,0.0002,-0.72,0
LeftS097025,2.3147,24.2535,6.340e-20,1.116e-19,2.600e-19,0.0005,-6.25,0
LeftS097026,1.9930,25.0660,1.028e-19,1.913e-19,4.891e-19,0.0008,-5.47,0
LeftS097027,2.3007,20.1227,2.343e-20,4.494e-20,1.263e-19,-0.0003,-1.99,0
LeftS097028,6.0656,22.5547,5.386e-18,6.602e-18,7.195e-18,0.0001,-3.5,0
LeftS097029,-0.4429,20.5303,7.100e-20,1.299e-19,3.208e-19,0.0011,-5.91,0
LeftS097031,1.1819,28.1430,8.983e-19,1.289e-18,1.991e-18,0.0005,-3.0,0
LeftS097033,8.1155,28.5306,1.761e-20,3.773e-20,1.317e-19,0.0003,-3.65,0
LeftS097034,0.9283,29.7877,2.827e-20,5.544e-20,1.561e-19,0.0015,-2.41,0
LeftS097036,-3.1403,25.7192,1.746e-19,3.014e-19,6.538e-19,-0.0,-7.31,0
LeftS097037,8.3491,21.7176,1.835e-19,2.916e-19,5.672e-19,0.0001,6.28,0
LeftS097038,7.9178,23.2592,2.748e-18,3.660e-18,4.721e-18,0.002,3.16,0
LeftS097040,-1.5972,21.3029,3.218e-20,6.217e-20,1.762e-19,0.0013,3.58,0
LeftS097042,6.8402,26.8127,8.702e-17,1.792e-16,5.802e-16,0.0011,-1.93,0
LeftS097044,6.6361,24.4078,2.373e-17,2.540e-17,1.998e-17,0.0004,4.03,0
LeftS097045,2.4802,27.3098,2.069e-16,1.877e-16,1.107e-16,0.0013,5.45,0
LeftS097046,2.1522,21.6308,5.055e-20,9.733e-20,2.746e-19,0.0003,-5.57,0
LeftS097047,5.5923,29.2182,1.122e-18,1.500e-18,1.969e-18,0.0004,-1.39,0
LeftS097048,0.4755,24.3332,6.092e-17,5.837e-17,3.897e-17,-0.0001,4.27,0
LeftS097050,0.4916,25.5463,1.232e-17,1.292e-17,1.033e-17,0.0006,-3.51,0
LeftS097052,-4.4554,25.2143,3.393e-18,4.461e-18,5.662e-18,0.001,-4.46,0
LeftS097053,2.1240,20.5182,1.961e-20,3.884e-20,1.170e-19,-0.0,1.52,0
LeftS097054,3.2310,28.8663,2.186e-20,4.219e-20,1.224e-19,0.0012,6.3,0
LeftS097055,3.0449,24.3225,4.413e-19,7.054e-19,1.386e-18,0.0003,-3.64,0
LeftS097059,2.2539,25.1934,1.746e-17,2.043e-17,2.012e-17,0.001,-1.05,0
LeftS097061,7.1666,29.6106,3.533e-17,3.642e-17,2.851e-17,0.0001,-2.59,0
LeftS097063,1.5708,25.1821,7.949e-20,1.429e-19,3.452e-19,0.0004,-1.53,0
LeftS097066,0.9578,23.6929,6.024e-18,7.309e-18,7.975e-18,0.0009,-1.41,0
LeftS097067,1.9085,26.0647,2.210e-16,2.003e-16,1.152e-16,0.0009,-2.33,0
LeftS097068,4.4988,26.8046,7.125e-17,1.350e-16,3.772e-16,-0.0001,6.56,0
LeftS097070,-3.1268,25.5780,2.438e-13,1.612e-13,5.065e-14,0.0015,2.06,0
LeftS097072,-0.0259,28.2152,9.128e-18,1.030e-17,9.655e-18,0.0013,-4.22,0
LeftS097074,2.0940,22.9625,1.046e-20,2.034e-20,5.731e-20,0.0008,-6.79,0
LeftS097076,2.0583,29.1157,2.105e-20,4.202e-20,1.236e-19,0.0008,2.67,0
LeftS097077,3.4078,25.8152,7.179e-20,1.360e-19,3.586e-19,0.0006,-1.22,0
LeftS097078,-0.1158,25.0289,1.157e-16,1.058e-16,6.376e-17,0.0006,0.25,0
LeftS097079,-3.0413,24.8031,2.106e-19,3.529e-19,7.344e-19,0.0012,4.24,0
LeftS097080,3.7082,21.6560,2.301e-16,4.987e-16,1.793e-15,0.0001,1.28,0
LeftS097085,3.4450,20.3889,2.225e-17,2.401e-17,2.012e-17,0.001,-5.96,0
LeftS097087,-1.3516,26.1648,1.070e-16,2.096e-16,6.290e-16,0.0003,5.64,0
LeftS097090,6.6242,26.9223,2.370e-18,3.248e-18,4.566e-18,0.0002,-3.43,0
LeftS097091,3.3980,29.7026,1.695e-20,3.542e-20,1.229e-19,0.0005,-3.34,0
LeftS097092,6.8180,21.6841,1.102e-20,2.303e-20,7.691e-20,0.0019,0.67,0
LeftS097093,5.3892,25.5639,3.800e-19,5.717e-19,9.970e-19,0.0008,-3.67,0
LeftS097095,4.3971,25.3851,2.561e-16,4.210e-16,8.389e-16,0.0007,1.74,0
LeftS097097,5.1400,28.1127,4.670e-16,3.910e-16,1.898e-16,0.0001,-4.55,0
LeftS097098,-1.1333,31.2433,5.509e-18,6.718e-18,7.271e-18,0.0008,-5.94,0
LeftS097099,1.4244,28.3766,1.463e-19,2.430e-19,4.940e-19,0.0006,-2.01,0
LeftS097103,5.4455,26.7623,2.596e-16,4.338e-16,9.369e-16,-0.0002,6.43,0
LeftS097105,2.7769,22.4470,2.253e-20,4.710e-20,1.610e-19,0.0005,-5.64,0
LeftS097106,4.9913,25.3012,2.890e-16,2.512e-16,1.364e-16,0.0004,5.32,0
LeftS097108,8.0188,23.5463,8.040e-19,1.165e-18,1.854e-18,0.0007,-0.46,0
LeftS097109,1.5497,25.8644,2.146e-18,2.653e-18,3.057e-18,0.0018,5.81,0
LeftS097110,2.8465,25.0702,9.366e-20,1.632e-19,3.685e-19,-0.0003,-2.93,0
LeftS097112,5.3320,24.3571,8.957e-17,8.490e-17,5.553e-17,0.0008,3.26,0
LeftS097113,2.9747,28.7380,1.519e-20,3.018e-20,8.908e-20,0.001,-0.99,0
LeftS097114,1.9446,24.3617,1.549e-19,2.574e-19,5.171e-19,0.0013,1.71,0
LeftS097115,5.5721,26.3853,7.730e-17,7.755e-17,5.640e-17,0.0004,3.45,0
LeftS097116,7.5436,24.5215,4.537e-18,5.700e-18,6.460e-18,0.0015,-3.88,0
LeftS097117,10.4363,20.4861,3.239e-16,5.743e-16,1.324e-15,0.0007,-4.36,0
LeftS097118,4.2236,25.3350,1.834e-16,1.636e-16,9.465e-17,0.0015,2.58,0
LeftS097120,1.2082,24.3594,1.055e-17,1.191e-17,1.122e-17,0.0006,3.99,0
LeftS097122,3.8425,26.8420,1.644e-19,2.705e-19,5.528e-19,0.0005,6.37,0
LeftS097123,1.8665,30.4842,2.755e-20,5.556e-20,1.748e-19,-0.0003,-0.56,0
LeftS097125,7.2517,21.2770,2.269e-17,2.524e-17,2.244e-17,0.0014,3.59,0
LeftS097126,2.9341,18.2241,4.057e-16,5.417e-16,7.267e-16,0.0007,4.0,0
LeftS097130,4.8177,22.5329,1.553e-19,2.717e-19,6.166e-19,0.0008,-6.56,0
LeftS097131,-0.1504,27.6472,1.258e-20,2.618e-20,8.822e-20,0.0007,1.79,0
LeftS097133,2.9802,25.4727,2.304e-20,4.663e-20,1.456e-19,0.0014,-5.03,0
LeftS097135,1.1130,25.4901,1.728e-20,3.751e-20,1.338e-19,0.0007,4.91,0
LeftS097136,0.6345,22.9038,9.438e-17,1.849e-16,5.579e-16,0.001,0.01,0
LeftS097137,0.8697,26.5685,4.256e-19,6.820e-19,1.280e-18,0.0005,5.09,0
LeftS097139,-41.1932,20.0487,1.299e-11,9.478e-12,3.708e-12,0.0017,-9.04,0
LeftS097140,-39.6161,20.1991,8.028e-19,1.172e-18,1.832e-18,0.001,-5.95,0
LeftS097141,-40.4586,19.9293,2.058e-18,2.806e-18,3.799e-18,0.0002,-7.45,0
LeftS097142,-40.4080,19.7942,1.424e-18,2.023e-18,2.990e-18,0.0008,-7.44,0
LeftS097144,-40.7351,19.7941,2.459e-18,3.252e-18,4.146e-18,0.0006,-8.48,0
LeftS097145,-43.1124,20.0664,6.810e-18,8.858e-18,1.069e-17,-0.0006,-9.52,0
LeftS097147,-40.7235,20.3333,7.045e-17,6.887e-17,4.825e-17,0.0008,-7.78,0
LeftS097148,-40.3979,20.0081,1.182e-20,2.749e-20,1.106e-19,0.0008,-6.61,0
LeftS097149,-41.6474,20.0054,4.120e-17,4.341e-17,3.537e-17,0.0005,-9.41,0
LeftS097151,-40.7172,20.0926,2.001e-18,2.795e-18,3.912e-18,0.0008,-6.99,0
LeftS097152,-41.6445,19.9516,5.506e-20,9.873e-20,2.298e-19,0.0001,-9.91,0
LeftS097153,-40.9375,19.9413,2.264e-16,4.355e-16,1.226e-15,0.0006,-8.54,0
LeftS097154,-40.3920,19.9979,6.527e-20,1.189e-19,2.957e-19,0.0003,-6.8,0
LeftS097155,-40.5759,20.0016,6.879e-18,8.466e-18,9.491e-18,0.0007,-6.84,0
LeftS097157,-41.1797,19.8724,1.519e-18,2.167e-18,3.284e-18,0.0016,-9.68,0
LeftS097158,-40.0593,20.0892,7.726e-16,1.250e-15,2.394e-15,0.0003,-6.4,0
LeftS097159,-41.0781,19.8859,6.051e-16,5.064e-16,2.550e-16,0.0015,-9.16,0
LeftS097160,-40.3105,19.8729,5.006e-18,6.298e-18,7.311e-18,0.0009,-6.9,0
LeftS097161,-40.7137,19.9760,1.166e-19,1.976e-19,4.202e-19,0.0008,-6.46,0
LeftS097163,-42.1642,19.7085,2.037e-17,2.326e-17,2.204e-17,0.0006,-10.25,0
LeftS097164,-42.1171,19.5368,1.468e-19,2.378e-19,4.567e-19,0.0004,-9.88,0
LeftS097166,-39.8782,20.3889,1.575e-20,3.399e-20,1.221e-19,0.0,-6.24,0
LeftS097167,-41.6962,19.4682,1.466e-20,3.348e-20,1.274e-19,0.001,-9.52,0
LeftS097169,-42.0734,19.1631,1.142e-17,1.387e-17,1.513e-17,0.0011,-9.13,0
LeftS097172,-41.0340,19.8227,2.589e-15,7.182e-15,4.284e-14,0.0008,-9.54,0
LeftS097173,-41.1542,20.0155,3.532e-19,6.010e-19,1.270e-18,0.0015,-9.12,0
LeftS097179,-40.6711,20.0602,4.349e-20,8.841e-20,2.797e-19,-0.0003,-7.7,0
LeftS097180,-43.9196,19.3253,2.475e-18,3.722e-18,6.210e-18,0.0013,-10.5,0
LeftS097186,-40.7367,20.0238,1.499e-19,2.644e-19,6.116e-19,-0.0001,-6.7,0
LeftS097188,-39.4853,20.1989,1.307e-17,1.493e-17,1.460e-17,0.0012,-6.06,0
LeftS097189,-41.7571,19.5530,7.026e-20,1.217e-19,2.721e-19,0.0011,-9.73,0
LeftS097193,-39.2899,20.0971,5.254e-19,7.989e-19,1.377e-18,-0.0002,-6.01,0
LeftS097194,-40.6411,19.9615,1.594e-20,3.511e-20,1.270e-19,0.0008,-7.49,0
LeftS097195,-41.1030,19.5893,6.230e-17,6.735e-17,5.582e-17,-0.0001,-8.87,0
LeftS097196,-41.0691,19.7529,1.480e-16,2.483e-16,5.138e-16,0.0008,-8.8,0
LeftS097197,-40.3904,20.0776,1.791e-18,2.631e-18,4.343e-18,0.0005,-6.94,0
LeftS097199,-43.3808,19.5471,4.829e-20,9.358e-20,2.649e-19,0.0005,-10.49,0
LeftS097200,-39.8261,19.8895,4.417e-12,2.970e-12,9.941e-13,0.0012,-6.03,0
LeftS097201,-41.7929,19.5342,3.127e-19,5.269e-19,1.079e-18,0.0005,-9.71,0
LeftS097204,-41.8462,20.5245,1.289e-17,1.505e-17,1.504e-17,0.0002,-8.47,0
LeftS097205,-41.8926,19.8407,2.292e-17,2.541e-17,2.338e-17,-0.0001,-10.23,0
LeftS097207,-40.5973,19.9845,5.361e-20,9.570e-20,2.325e-19,0.0006,-7.13,0
LeftS097208,-40.5058,20.2358,4.530e-18,5.332e-18,5.585e-18,0.0003,-7.42,0
LeftS097209,-40.5985,19.8518,9.573e-12,7.339e-12,3.103e-12,0.0015,-7.93,1
LeftS097211,-40.7852,19.7946,3.230e-20,6.594e-20,2.157e-19,0.0008,-8.39,0
LeftS097212,-40.3898,19.8614,6.882e-16,1.294e-15,3.321e-15,0.0009,-7.08,0
LeftS097214,-37.2357,20.4218,7.261e-18,8.995e-18,9.826e-18,0.0007,-5.55,0
LeftS097215,-40.2556,20.2056,4.614e-16,3.804e-16,1.935e-16,0.0011,-6.25,0
LeftS097216,-39.8566,20.1212,6.520e-20,1.268e-19,3.625e-19,0.0005,-5.96,0
LeftS097217,-38.7679,19.9611,8.186e-17,8.261e-17,6.300e-17,0.0007,-6.47,0
LeftS097219,-41.4179,20.2103,1.153e-19,1.915e-19,3.975e-19,-0.0,-8.6,0
LeftS097220,-40.8133,20.0539,8.065e-19,1.185e-18,1.917e-18,0.0001,-8.34,0
LeftS097221,-41.1826,19.9529,6.408e-20,4.217e-20,1.307e-20,0.0012,-9.45,0
LeftS097222,-44.2225,19.8280,4.029e-20,7.777e-20,2.121e-19,0.0008,-9.95,0
LeftS097223,-40.9299,19.9875,2.042e-18,2.831e-18,4.095e-18,0.0006,-8.45,0
LeftS097224,-40.8489,20.1175,4.360e-20,8.359e-20,2.192e-19,0.0005,-8.41,0
LeftS097225,-42.5380,20.3391,1.813e-20,3.710e-20,1.145e-19,0.0007,-9.03,0
LeftS097226,-40.3969,20.3732,7.106e-17,7.270e-17,5.319e-17,0.0003,-7.33,0
LeftS097227,-41.1384,19.8721,3.134e-19,5.223e-19,1.093e-18,-0.0005,-9.09,0
LeftS097229,-40.3631,19.9698,1.581e-19,2.872e-19,7.215e-19,0.0012,-7.11,0
LeftS097232,-40.8901,19.9310,1.026e-19,1.862e-19,4.544e-19,0.0004,-9.15,0
LeftS097233,-41.2392,19.8915,1.663e-20,3.484e-20,1.172e-19,0.0003,-9.72,0
LeftS097235,-40.7634,20.0399,5.747e-16,1.043e-15,2.555e-15,0.0004,-7.85,0
LeftS097237,-41.0968,19.9586,6.083e-18,7.748e-18,9.225e-18,0.0006,-8.89,0
LeftS097239,-41.0436,19.6926,1.153e-19,2.077e-19,5.223e-19,0.0008,-8.83,0
LeftS097243,-39.5706,19.9890,7.352e-19,1.140e-18,2.054e-18,0.0002,-6.53,0
LeftS097244,-41.5251,19.8946,4.582e-16,8.219e-16,1.955e-15,0.0006,-9.78,0
LeftS097245,-41.8855,19.9380,4.733e-18,6.148e-18,7.338e-18,0.0009,-9.59,0
LeftS097246,-40.2825,20.0562,1.349e-16,1.309e-16,9.060e-17,0.0019,-6.71,0
LeftS097247,-40.5496,19.8910,2.126e-20,4.255e-20,1.289e-19,0.0016,-7.64,0
LeftS097248,-41.3654,19.6732,1.261e-14,4.002e-14,3.106e-13,0.0003,-9.9,0
LeftS097249,-39.4544,20.4228,1.191e-20,2.641e-20,9.849e-20,0.0009,-6.35,0
LeftS097250,-40.6902,19.9045,2.009e-19,3.561e-19,8.203e-19,0.0021,-7.77,0
LeftS097251,-38.8930,20.1913,9.379e-20,1.738e-19,4.396e-19,0.0018,-5.75,0
LeftS097253,-39.7275,20.1818,5.345e-16,1.108e-15,3.486e-15,0.0008,-5.86,0
LeftS097254,-40.9007,19.9556,6.618e-18,8.695e-18,1.108e-17,0.0008,-9.24,0
LeftS097256,-41.7194,19.8644,2.355e-20,4.887e-20,1.616e-19,0.0006,-9.91,0
LeftS097257,-39.5927,20.0810,3.484e-19,5.854e-19,1.210e-18,0.0001,-5.84,0
LeftS097259,-40.4230,20.2388,1.447e-18,1.979e-18,2.710e-18,0.0014,-6.45,0
LeftS097264,-40.4307,19.7734,3.283e-17,3.511e-17,2.893e-17,0.0012,-6.79,0
LeftS097265,-41.1651,19.8687,5.612e-19,9.315e-19,1.919e-18,0.0005,-9.45,0
LeftS097267,-41.6026,20.0281,1.358e-17,1.599e-17,1.594e-17,0.0012,-9.13,0
LeftS097268,-40.5765,19.9019,4.749e-19,7.969e-19,1.682e-18,0.0008,-7.83,0
LeftS097270,-42.7271,19.3808,4.362e-17,4.696e-17,3.888e-17,-0.0,-10.23,0
LeftS097271,-40.7321,19.9400,1.312e-20,2.933e-20,1.122e-19,0.0009,-8.35,0
LeftS097273,-41.2564,19.7701,7.855e-17,8.234e-17,6.664e-17,-0.0,-9.35,0
LeftS097276,-41.3538,19.7919,2.295e-18,3.190e-18,4.634e-18,0.0002,-9.92,0
LeftS097277,-40.4894,20.3483,6.514e-18,7.878e-18,8.420e-18,0.0008,-7.55,0
LeftS097279,-40.8552,20.2369,3.987e-20,7.543e-20,2.063e-19,0.0003,-8.0,0
LeftS097280,-40.4131,19.8452,4.044e-20,8.321e-20,2.611e-19,-0.0,-7.4,0
LeftS097281,-40.0627,20.0190,4.098e-20,8.310e-20,2.630e-19,0.0008,-6.16,0
LeftS097284,-40.6407,19.9191,8.245e-20,1.378e-19,2.909e-19,0.0006,-7.6,0
LeftS097285,-40.8141,20.0378,2.890e-18,3.896e-18,5.050e-18,0.0011,-8.58,0
LeftS097286,-39.7750,20.0521,1.509e-20,3.281e-20,1.200e-19,0.0002,-6.21,0
LeftS097290,-41.6442,19.8824,9.469e-17,9.518e-17,6.665e-17,-0.0008,-9.7,0
LeftS097291,-41.5890,19.7661,1.295e-18,1.851e-18,2.778e-18,0.0003,-10.1,0
LeftS097293,-41.8998,19.6333,1.030e-19,1.890e-19,4.768e-19,0.0003,-9.53,0
LeftS097294,-41.7496,19.6065,1.319e-16,1.287e-16,8.790e-17,0.0002,-9.9,0
LeftS097296,-38.4504,20.1769,3.771e-20,7.788e-20,2.457e-19,-0.0003,-5.87,0
LeftS097297,-43.3401,19.7777,2.079e-20,4.157e-20,1.285e-19,0.0001,-10.38,0
LeftS097300,-40.4645,19.4504,4.808e-20,1.014e-19,3.451e-19,0.0003,-8.06,0
LeftS097303,-40.7368,19.9572,1.803e-17,2.013e-17,1.858e-17,0.0007,-7.29,0
LeftS097304,-40.9099,19.7826,1.567e-18,2.160e-18,3.023e-18,0.0013,-9.38,0
LeftS097305,-40.5618,19.7748,5.522e-19,8.827e-19,1.713e-18,0.0007,-7.77,0
LeftS097306,-40.7463,19.9499,6.457e-18,7.992e-18,9.160e-18,0.0014,-10.47,0
LeftS097310,-40.3095,20.0704,8.854e-18,1.040e-17,1.085e-17,0.0011,-6.58,0
LeftS097311,-40.4254,19.9813,8.738e-19,1.250e-18,1.861e-18,0.0,-6.77,0
LeftS097314,-40.1378,19.9001,5.443e-17,1.004e-16,2.573e-16,0.0008,-6.31,0
LeftS097318,-40.7054,19.9384,4.627e-17,4.936e-17,3.973e-17,-0.0001,-7.93,0
LeftS097320,-41.0332,19.7039,2.323e-19,3.921e-19,8.284e-19,0.0002,-9.66,0
LeftS097322,-41.1296,20.1411,6.349e-20,1.077e-19,2.299e-19,-0.0005,-8.61,0
LeftS097324,-41.0669,20.1584,6.859e-18,8.298e-18,8.573e-18,0.0003,-8.52,0
LeftS097327,-40.5336,19.5333,4.944e-18,6.583e-18,8.705e-18,0.0009,-8.11,0
LeftS097328,-40.5174,19.9306,2.545e-18,3.549e-18,5.071e-18,0.0008,-7.48,0
LeftS097330,-40.8072,19.8430,5.586e-18,6.711e-18,7.067e-18,0.0016,-8.96,0
LeftS097332,-40.4505,20.1324,5.147e-18,6.461e-18,7.408e-18,0.001,-7.21,0
LeftS097333,-40.1741,19.9331,2.010e-18,2.643e-18,3.299e-18,0.0013,-6.63,0
LeftS097334,-41.6660,19.9010,5.363e-19,8.263e-19,1.456e-18,0.0002,-9.8,0
LeftS097336,-41.2027,19.8285,2.403e-16,4.242e-16,1.028e-15,0.001,-9.67,0
LeftS097338,-40.7378,19.9105,8.035e-17,1.373e-16,2.882e-16,0.0008,-8.13,0
LeftS097339,-39.7651,20.2766,1.961e-18,2.733e-18,3.852e-18,0.0006,-6.19,0
LeftS097340,-40.5300,19.8221,1.227e-18,1.703e-18,2.458e-18,0.001,-7.58,0
LeftS097341,-40.0903,19.9553,1.919e-19,3.391e-19,8.049e-19,0.0001,-6.24,0
LeftS097342,-40.1544,19.9439,2.225e-20,4.576e-20,1.453e-19,0.0002,-6.82,0
LeftS097343,-42.9013,19.3079,5.775e-19,9.088e-19,1.704e-18,0.0002,-10.09,0
LeftS097344,-38.7558,20.2178,7.844e-19,1.176e-18,1.952e-18,-0.0002,-5.74,0
LeftS097345,-40.5570,19.8151,1.290e-18,1.897e-18,3.122e-18,0.0006,-7.88,0
LeftS097346,-37.0350,20.3368,2.174e-20,4.898e-20,1.881e-19,0.0004,-5.62,0
LeftS097347,-41.5371,19.8060,6.935e-20,1.243e-19,2.970e-19,0.0,-10.01,0
LeftS097348,-40.6697,19.9515,5.547e-20,3.689e-20,1.210e-20,0.0008,-7.73,0
LeftS097351,-40.5893,19.8971,3.494e-20,6.638e-20,1.799e-19,0.0007,-7.4,0
LeftS097353,-41.0551,19.9922,4.729e-17,5.149e-17,4.416e-17,0.0012,-8.74,0
LeftS097354,-40.7477,20.0436,2.608e-17,2.948e-17,2.750e-17,0.0012,-6.79,0
LeftS097355,-40.9963,19.7855,2.581e-19,4.245e-19,8.555e-19,0.0008,-9.24,0
LeftS097356,-40.7772,19.6674,7.315e-12,5.085e-12,1.729e-12,0.0002,-8.42,0
LeftS097357,-40.9301,19.9300,4.415e-19,7.330e-19,1.554e-18,0.0006,-8.7,0
LeftS097358,-40.6024,19.8842,9.775e-18,1.139e-17,1.128e-17,0.0005,-7.44,0
LeftS097360,-39.3573,20.5805,1.296e-20,2.617e-20,8.037e-20,0.0005,-6.51,0
LeftS097362,-40.1938,19.9259,4.885e-19,7.880e-19,1.504e-18,-0.0005,-6.43,0
LeftS097363,-40.6520,19.8991,9.711e-20,1.656e-19,3.680e-19,0.0005,-6.82,0
LeftS097364,-40.6934,19.8892,4.108e-19,6.414e-19,1.173e-18,0.0007,-8.01,0
LeftS097365,-40.5354,20.1088,6.432e-16,1.550e-15,7.133e-15,0.0003,-7.26,0
LeftS097366,-40.5257,19.6218,1.286e-20,2.715e-20,9.144e-20,0.0009,-8.03,0
LeftS097370,-39.6240,20.1540,1.099e-17,1.297e-17,1.379e-17,0.0011,-5.9,0
LeftS097372,-40.7788,20.0311,8.440e-18,1.062e-17,1.209e-17,0.0003,-7.18,0
LeftS097373,-39.3526,20.4879,1.663e-18,2.558e-18,4.505e-18,0.0009,-6.65,0
LeftS097374,-40.4368,19.9906,3.216e-20,6.192e-20,1.776e-19,0.0006,-6.97,0
LeftS097376,-40.5204,19.9247,3.698e-18,4.912e-18,6.300e-18,0.0001,-7.48,0
LeftS097377,-40.1549,20.1074,3.133e-16,2.768e-16,1.540e-16,0.0007,-6.61,0
LeftS097379,-44.3239,20.0733,3.024e-17,3.477e-17,3.248e-17,0.0006,-9.45,0
LeftS097380,-39.9800,20.7542,8.279e-19,1.212e-18,1.897e-18,0.0012,-7.51,0
LeftS097381,-40.7773,19.8882,2.247e-20,4.355e-20,1.217e-19,-0.0004,-9.01,0
LeftS097384,-40.7976,20.0597,4.659e-20,9.442e-20,2.966e-19,0.0011,-8.05,0
LeftS097385,-40.7333,19.9360,3.226e-18,4.203e-18,5.255e-18,0.001,-9.87,0
LeftS097386,-40.5078,20.2740,6.103e-20,1.182e-19,3.367e-19,0.001,-6.68,0
LeftS097387,-40.5386,20.0317,1.292e-20,2.829e-20,1.034e-19,-0.0003,-6.82,0
LeftS097389,-42.7765,18.8558,1.261e-20,2.979e-20,1.309e-19,0.0006,-9.39,0
LeftS097390,-40.5174,19.9625,5.403e-17,5.038e-17,3.280e-17,0.0007,-7.43,0
LeftS097392,-40.6580,19.7862,2.022e-16,1.881e-16,1.165e-16,0.0005,-8.1,0
LeftS097393,-40.6300,20.1049,1.473e-16,2.319e-16,4.456e-16,0.0001,-6.69,0
LeftS097394,-40.7001,20.0375,4.745e-20,3.244e-20,1.106e-20,0.0005,-6.99,0
LeftS097395,-40.4157,19.9965,5.961e-20,1.085e-19,2.675e-19,0.0005,-6.93,0
LeftS097396,-40.4517,19.9594,3.747e-19,6.098e-19,1.218e-18,0.0014,-6.66,0
LeftS097398,-38.3759,20.4099,1.195e-16,1.172e-16,8.172e-17,0.0002,-5.63,0
LeftS097399,-41.7536,20.2007,3.714e-17,4.000e-17,3.244e-17,0.0009,-8.83,0
LeftS097401,-38.7927,20.3343,1.248e-19,2.175e-19,4.851e-19,0.0002,-5.66,0
LeftS097405,-40.7205,19.8877,4.259e-18,5.584e-18,7.205e-18,0.0012,-8.33,0
LeftS097407,-40.7742,20.0044,3.109e-20,6.363e-20,2.004e-19,0.0013,-8.16,0
LeftS097409,-40.1195,20.1377,1.639e-20,3.438e-20,1.174e-19,0.0001,-6.11,0
LeftS097411,-40.8050,20.0779,2.536e-19,4.677e-19,1.192e-18,0.0006,-8.07,0
LeftS097413,-39.9242,20.1740,2.814e-16,2.520e-16,1.401e-16,0.001,-5.97,0
LeftS097414,-41.5705,19.8788,1.513e-18,2.103e-18,2.982e-18,0.0006,-10.06,0
LeftS097415,-40.9188,19.8349,9.921e-19,1.470e-18,2.417e-18,0.0013,-8.8,0
LeftS097417,-41.4372,19.8076,1.986e-16,3.927e-16,1.176e-15,0.0006,-9.61,0
LeftS097420,-43.8441,20.0898,1.788e-19,3.145e-19,7.423e-19,0.0006,-9.51,0
LeftS097422,-39.0665,20.2753,3.969e-20,7.482e-20,2.049e-19,0.0017,-5.93,0
LeftS097423,-40.3045,20.3049,5.596e-18,7.094e-18,8.769e-18,0.0012,-7.15,0
LeftS097424,-40.1221,20.0410,4.154e-18,5.294e-18,6.518e-18,0.0009,-6.21,0
LeftS097425,-40.6885,19.9746,9.201e-19,1.369e-18,2.273e-18,-0.0009,-7.13,0
LeftS097427,-40.1051,19.9102,2.634e-20,5.368e-20,1.697e-19,0.001,-6.57,0
LeftS097428,-40.2132,19.7917,3.271e-18,4.123e-18,4.694e-18,-0.0002,-6.86,0
LeftS097429,-41.3368,20.3224,2.315e-16,2.242e-16,1.487e-16,0.0008,-9.51,0
LeftS097430,-40.0873,19.4298,1.898e-15,1.501e-15,6.586e-16,-0.0002,-6.53,0
LeftS097431,-40.3124,20.4253,3.851e-18,5.019e-18,6.354e-18,0.0017,-6.75,0
LeftS097432,-40.2725,20.1220,4.218e-20,2.960e-20,1.020e-20,0.0003,-6.34,0
LeftS097433,-40.9006,19.9019,1.685e-20,3.567e-20,1.233e-19,0.0001,-8.75,0
LeftS097434,-40.4938,19.7963,3.035e-18,3.923e-18,4.635e-18,0.0015,-7.68,0
LeftS097435,-40.2495,19.7248,1.982e-15,1.742e-15,9.741e-16,0.0004,-6.86,0
LeftS097436,-39.7516,19.8031,3.401e-16,3.029e-16,1.743e-16,-0.0002,-6.02,0
LeftS097437,-40.9439,20.1750,1.613e-18,2.176e-18,2.829e-18,0.0009,-9.41,0
LeftS097438,-40.7765,19.6293,1.172e-20,2.612e-20,9.967e-20,0.0006,-8.78,0
LeftS097439,-40.7339,20.3633,2.040e-15,1.551e-15,6.654e-16,-0.0001,-7.5,1
LeftS097440,-41.3013,19.4643,1.564e-17,1.788e-17,1.752e-17,0.0001,-10.14,0
LeftS097441,-39.8521,19.8406,1.667e-19,2.885e-19,6.506e-19,-0.0003,-6.38,0
LeftS097442,-40.4822,19.8373,2.723e-18,3.697e-18,5.162e-18,0.0007,-7.59,0
LeftS097443,-41.2195,19.8110,3.951e-16,3.368e-16,1.725e-16,0.0003,-9.3,0
LeftS097444,-41.3413,20.2164,2.806e-17,3.123e-17,2.765e-17,0.0015,-9.59,0
LeftS097445,-40.7969,19.9844,2.069e-16,3.880e-16,1.033e-15,0.0008,-8.22,0
LeftS097446,-40.6499,19.5823,7.474e-16,1.461e-15,4.130e-15,0.0002,-8.47,0
LeftS097447,-40.5648,20.8554,4.863e-17,5.243e-17,4.214e-17,0.0007,-5.91,0
LeftS097448,-41.2654,19.5889,2.365e-17,2.587e-17,2.316e-17,0.0004,-9.68,0
LeftS097450,-40.8080,20.5008,7.116e-16,1.282e-15,3.301e-15,0.0005,-6.15,0
LeftS097451,-40.7930,20.0351,2.780e-19,4.690e-19,1.005e-18,0.0007,-8.13,0
LeftS097452,-40.3822,19.6312,4.071e-19,6.629e-19,1.315e-18,0.0009,-6.79,0
LeftS097454,-40.6756,19.7551,1.782e-20,3.887e-20,1.413e-19,0.0007,-8.19,0
LeftS097455,-40.5035,20.5327,1.746e-20,3.560e-20,1.135e-19,0.0002,-6.29,0
LeftS097456,-41.4918,20.1108,8.488e-12,7.223e-12,3.850e-12,0.0007,-9.44,1
LeftS097457,-41.4548,19.6614,1.803e-16,1.744e-16,1.150e-16,0.0017,-9.99,0
LeftS097458,-40.5106,19.8764,2.964e-16,2.677e-16,1.549e-16,0.0003,-7.54,0
LeftS097459,-41.8199,20.0655,1.154e-19,2.097e-19,5.188e-19,0.0011,-9.86,0
LeftS097460,-41.0641,20.2537,1.282e-19,2.197e-19,4.690e-19,0.0009,-8.46,0
LeftS097461,-40.4657,20.1606,3.567e-19,5.727e-19,1.111e-18,-0.0003,-6.93,0
LeftS097462,-41.3847,20.5579,3.675e-16,3.254e-16,1.828e-16,0.0004,-9.07,0
LeftS097464,-41.1049,20.0648,2.216e-18,3.186e-18,4.887e-18,0.0012,-9.26,0
LeftS097465,-41.3904,19.7306,7.885e-16,1.415e-15,3.462e-15,0.0005,-10.03,0
LeftS097466,-41.4965,20.5506,1.109e-11,9.694e-12,5.340e-12,0.0005,-10.09,1
LeftS097467,-40.8303,19.4322,1.328e-15,2.400e-15,5.878e-15,0.0004,-9.9,0
LeftS097468,-40.0410,19.5819,5.037e-16,9.589e-16,2.572e-15,0.0008,-7.18,0
LeftS097469,-40.4670,19.9333,8.759e-16,1.362e-15,2.462e-15,0.0005,-7.18,0
LeftS097471,-40.7502,20.0017,6.851e-15,5.080e-15,2.054e-15,0.0005,-7.84,0
LeftS097473,-40.2614,19.5787,5.178e-16,4.466e-16,2.476e-16,0.0017,-6.38,0
LeftS097474,-40.4043,19.7673,5.412e-16,4.669e-16,2.441e-16,0.0007,-7.31,0
LeftS097475,-42.1188,19.8701,9.598e-12,8.045e-12,3.956e-12,0.0014,-9.97,1
LeftS097476,-40.0914,20.2834,2.100e-17,2.408e-17,2.280e-17,0.0007,-6.07,0
LeftS097477,-41.0353,20.1220,1.105e-15,9.208e-16,4.684e-16,0.0012,-8.68,0
LeftS097478,-41.1591,20.2206,2.903e-19,4.601e-19,8.931e-19,-0.0003,-9.25,0
LeftS097479,-39.7990,19.8074,2.317e-16,4.442e-16,1.218e-15,0.0015,-6.49,0
LeftS097481,-41.1195,19.6847,8.842e-17,8.269e-17,5.344e-17,0.0009,-9.29,0
LeftS097482,-40.3831,19.4335,9.818e-16,8.350e-16,4.205e-16,0.0004,-7.66,0
LeftS097484,-40.2170,20.0004,4.137e-16,3.767e-16,2.186e-16,0.0007,-6.55,0
LeftS097485,-40.0644,19.8164,1.528e-16,1.505e-16,1.063e-16,0.0008,-6.73,0
LeftS097486,-41.3160,20.1992,4.307e-16,3.914e-16,2.348e-16,0.0005,-9.46,0
LeftS097487,-41.0089,20.0691,4.474e-16,1.037e-15,4.353e-15,0.0002,-9.12,0
LeftS097490,-40.0773,19.3080,8.055e-20,1.441e-19,3.406e-19,0.0013,-6.39,0
LeftS097491,-40.5611,19.7630,1.035e-16,1.027e-16,7.566e-17,0.0006,-7.91,0
LeftS097493,-40.8447,19.9636,1.265e-11,8.872e-12,3.104e-12,0.0008,-8.65,0
LeftS097494,-40.6086,20.0424,3.686e-16,7.483e-16,2.264e-15,0.0007,-7.49,0
LeftS097495,-41.0500,19.9080,2.969e-16,6.004e-16,1.867e-15,0.0017,-9.37,0
LeftS097497,-41.0753,20.0228,4.349e-20,2.975e-20,1.035e-20,0.0007,-8.74,0
LeftS097498,-41.3066,20.2629,1.163e-15,9.453e-16,4.453e-16,0.0004,-8.98,0
LeftS097499,-40.2611,19.8033,1.269e-15,2.332e-15,5.814e-15,0.0004,-6.51,0
LeftS097500,-40.7820,19.6090,1.100e-18,1.542e-18,2.215e-18,0.0004,-8.85,0
LeftS097502,-41.4590,20.2115,1.215e-11,9.390e-12,3.998e-12,0.0008,-10.01,1
LeftS097503,-41.5188,19.8532,1.496e-18,2.031e-18,2.715e-18,0.0006,-10.12,0
LeftS097504,-40.8903,19.6616,3.859e-17,4.292e-17,3.835e-17,0.0008,-9.45,0
LeftS097505,-40.7683,19.8595,7.842e-19,1.171e-18,1.878e-18,0.0009,-8.29,0
LeftS097506,-40.8243,20.0057,2.580e-17,2.886e-17,2.631e-17,-0.0001,-9.04,0
LeftS097508,-40.8572,20.2586,3.100e-16,2.829e-16,1.746e-16,0.0007,-6.68,0
LeftS097509,-41.5265,19.8592,4.148e-15,3.231e-15,1.468e-15,-0.0003,-9.71,1
LeftS097510,-39.8839,20.2166,1.079e-20,2.465e-20,1.003e-19,0.0008,-6.03,0
LeftS097511,-40.9322,19.4515,3.201e-17,3.378e-17,2.758e-17,0.0005,-9.47,0
LeftS097515,-39.9937,19.4245,1.710e-17,2.032e-17,2.096e-17,0.0009,-6.78,0
LeftS097516,-39.8511,20.0961,2.950e-16,2.628e-16,1.427e-16,0.0012,-5.93,0
LeftS097517,-40.5736,19.5613,4.565e-20,3.132e-20,1.070e-20,0.0003,-9.58,0
LeftS097518,-41.2592,19.7246,3.112e-11,2.486e-11,1.150e-11,0.0006,-9.91,1
LeftS097519,-40.7974,19.5368,2.934e-17,3.321e-17,3.049e-17,0.0002,-9.24,0
LeftS097520,-40.8012,19.8813,1.738e-11,1.246e-11,4.787e-12,0.0,-8.49,0
LeftS097521,-40.1313,20.3050,2.289e-18,3.212e-18,4.751e-18,0.001,-6.12,0
LeftS097522,-40.5036,19.4941,3.205e-19,5.067e-19,9.471e-19,0.0004,-8.14,0
LeftS097523,-40.4321,19.8781,2.721e-20,5.734e-20,1.915e-19,0.0013,-7.42,0
LeftS097524,-40.5311,19.7945,1.776e-11,1.300e-11,5.074e-12,0.0003,-7.69,0
LeftS097525,-40.9387,19.6836,1.293e-16,1.239e-16,8.051e-17,0.0019,-9.51,0
LeftS097526,-41.5201,19.7618,2.033e-11,1.809e-11,9.841e-12,0.0004,-10.0,1
LeftS097527,-41.2051,19.8127,7.650e-16,1.270e-15,2.530e-15,0.0004,-9.53,0
LeftS097528,-41.5055,19.5607,1.407e-19,2.594e-19,6.542e-19,0.0003,-10.2,0
LeftS097529,-40.8421,20.5660,1.281e-17,1.534e-17,1.647e-17,0.0008,-7.57,0
LeftS097530,-40.7205,19.8340,5.413e-17,5.900e-17,5.104e-17,-0.0003,-8.33,0
LeftS097531,-40.7436,20.4826,5.417e-19,8.124e-19,1.380e-18,0.0008,-6.26,0
LeftS097532,-40.8656,20.0375,1.806e-15,1.429e-15,6.383e-16,0.0012,-8.47,0
LeftS097533,-40.5259,19.6714,7.831e-17,8.180e-17,6.434e-17,0.0004,-7.85,0
LeftS097535,-39.4525,19.8775,4.593e-18,5.826e-18,6.901e-18,0.0012,-5.91,0
LeftS097536,-40.5111,20.1490,1.180e-20,2.643e-20,9.751e-20,0.0006,-7.27,0
LeftS097537,-40.9130,19.9602,8.340e-16,6.949e-16,3.462e-16,0.0008,-9.2,0
LeftS097539,-40.0939,19.9200,1.742e-19,3.043e-19,6.871e-19,0.0003,-6.86,0
LeftS097540,-40.2032,19.7076,5.688e-16,4.882e-16,2.583e-16,0.0009,-7.27,0
LeftS097541,-40.1643,19.7598,1.520e-15,1.199e-15,5.345e-16,0.0018,-6.93,0
LeftS097542,-40.9265,20.2168,3.285e-19,5.301e-19,1.038e-18,0.0012,-8.22,0
LeftS097543,-40.6319,19.8696,5.085e-18,6.497e-18,7.747e-18,0.0009,-7.91,0
LeftS097544,-40.8694,19.9629,1.970e-19,3.411e-19,7.937e-19,0.001,-8.89,0
LeftS097545,-40.3021,20.7271,5.638e-17,5.901e-17,4.626e-17,0.0008,-5.92,0
LeftS097546,-40.8304,20.3076,1.710e-17,1.908e-17,1.691e-17,0.0008,-7.34,0
LeftS097547,-40.3813,19.9495,6.596e-17,6.620e-17,4.757e-17,0.0009,-7.16,0
LeftS097548,-41.2179,19.7377,1.021e-18,1.402e-18,1.975e-18,0.0005,-9.24,0
LeftS097549,-40.8621,19.9905,1.093e-19,1.967e-19,4.851e-19,0.0012,-8.47,0
LeftS097551,-40.1740,19.6681,7.612e-16,6.475e-16,3.537e-16,0.0006,-7.05,0
LeftS097552,-40.0724,19.8690,1.798e-18,2.502e-18,3.647e-18,0.001,-6.56,0
LeftS097553,-40.6905,19.7652,1.614e-20,3.552e-20,1.306e-19,0.0002,-8.32,0
LeftS097554,-39.5385,19.8587,4.971e-20,3.345e-20,1.140e-20,0.0017,-6.09,0
LeftS097555,-41.2434,20.4399,1.087e-16,1.915e-16,4.536e-16,0.0003,-8.47,0
LeftS097556,-40.6597,19.4654,1.538e-20,3.533e-20,1.406e-19,0.0005,-9.63,0
LeftS097557,-40.4979,19.7100,7.117e-18,8.555e-18,8.986e-18,0.0004,-7.85,0
LeftS097558,-40.8136,19.7346,9.623e-16,1.876e-15,5.397e-15,0.0005,-8.61,0
LeftS097559,-40.4323,19.5871,2.608e-15,2.088e-15,9.434e-16,0.0015,-7.47,1
LeftS097560,-41.1218,19.7758,3.337e-16,5.678e-16,1.208e-15,0.0007,-9.44,0
LeftS097562,-40.6468,20.5302,6.708e-18,9.422e-18,1.343e-17,0.0009,-6.54,0
LeftS097563,-41.0640,20.2682,1.495e-17,1.746e-17,1.724e-17,0.0014,-8.79,0
LeftS097564,-40.2742,20.2086,3.015e-18,3.965e-18,5.070e-18,0.0008,-7.08,0
LeftS097565,-40.4713,19.9784,3.279e-16,3.036e-16,1.900e-16,0.0007,-7.24,0
LeftS097566,-41.4039,19.4683,2.508e-15,1.978e-15,8.873e-16,0.0013,-10.13,1
LeftS097567,-40.1609,19.4655,8.759e-16,1.633e-15,4.120e-15,0.0016,-6.27,0
LeftS097568,-40.5576,19.2676,5.312e-16,4.513e-16,2.289e-16,0.0005,-9.65,0
LeftS097569,-40.9364,19.5786,1.035e-15,8.702e-16,4.538e-16,-0.0004,-9.75,0
LeftS097571,-40.0168,20.0188,6.397e-19,1.018e-18,1.904e-18,0.0006,-6.16,0
LeftS097574,-39.4991,19.9429,3.071e-19,5.289e-19,1.211e-18,0.0004,-5.87,0
LeftS097575,-40.8477,19.6837,3.706e-17,3.960e-17,3.307e-17,0.0018,-9.3,0
LeftS097576,-41.2110,20.4335,5.575e-17,5.735e-17,4.516e-17,0.0002,-9.5,0
LeftS097577,-40.6323,19.5473,1.814e-16,1.658e-16,1.010e-16,-0.0,-8.9,0
LeftS097579,-40.1556,20.4472,1.072e-19,2.015e-19,5.316e-19,0.0003,-6.14,0
LeftS097581,-41.0056,20.3834,1.936e-18,2.718e-18,4.063e-18,0.0005,-8.14,0
LeftS097583,-40.6132,19.6731,4.770e-12,3.371e-12,1.181e-12,0.001,-8.14,0
LeftS097585,-41.0624,19.5334,4.078e-19,6.282e-19,1.117e-18,0.0001,-9.9,0
LeftS097586,-40.4862,20.1964,1.958e-15,1.558e-15,7.098e-16,0.0007,-6.63,0
LeftS097588,-41.3295,20.4052,1.498e-12,9.860e-13,3.069e-13,0.0001,-9.11,0
LeftS097589,-40.5934,20.1919,1.244e-20,2.492e-20,7.749e-20,0.0006,-6.63,0
LeftS097590,-40.4228,19.7584,1.619e-19,2.740e-19,6.102e-19,0.0016,-6.79,0
LeftS097591,-41.1549,19.8974,4.140e-18,5.309e-18,6.271e-18,0.0013,-9.32,0
LeftS097592,-39.6962,20.3267,1.684e-18,2.334e-18,3.324e-18,0.0009,-5.86,0
LeftS097593,-40.5983,19.8093,4.187e-20,2.892e-20,1.017e-20,0.0009,-7.64,0
LeftS097594,-41.2825,19.5826,1.297e-15,1.098e-15,5.700e-16,0.0003,-9.93,0
LeftS097595,-41.3296,20.4640,1.928e-18,2.647e-18,3.712e-18,0.0004,-9.64,0
LeftS097596,-40.5995,19.4416,2.937e-18,4.065e-18,5.573e-18,0.0001,-8.88,0
LeftS097598,-40.6223,19.9724,2.792e-16,2.588e-16,1.614e-16,-0.0002,-7.62,0
LeftS097600,-40.3487,19.5466,6.717e-19,1.059e-18,2.027e-18,0.0012,-7.44,0
LeftS097601,-39.8242,19.9042,1.768e-20,3.636e-20,1.223e-19,0.0004,-6.02,0
LeftS097602,-40.7857,19.9746,2.611e-18,3.758e-18,5.799e-18,0.0015,-8.15,0
LeftS097603,-40.6032,19.8840,5.965e-17,6.003e-17,4.336e-17,-0.0004,-7.86,0
LeftS097604,-40.8362,20.1104,6.970e-16,1.121e-15,2.164e-15,0.0002,-8.13,0
LeftS097605,-40.5811,19.9806,9.808e-16,8.105e-16,4.032e-16,0.0007,-7.29,0
LeftS097607,-41.0505,19.7654,7.604e-18,1.009e-17,1.332e-17,0.0004,-9.08,0
LeftS097608,-40.6147,20.1124,5.481e-19,8.894e-19,1.752e-18,0.0008,-7.42,0
LeftS097609,-40.8975,19.8523,5.603e-20,3.800e-20,1.264e-20,0.0013,-8.68,0
LeftS097611,-40.4658,20.1165,1.157e-15,9.666e-16,4.670e-16,0.001,-7.07,0
LeftS097616,-40.9420,19.8899,1.461e-18,2.202e-18,3.668e-18,0.0007,-8.6,0
LeftS097617,-40.7392,19.8478,1.927e-16,3.272e-16,7.132e-16,0.0012,-8.22,0
LeftS097618,-40.8250,19.9690,4.016e-16,7.353e-16,1.831e-15,0.0002,-8.33,0
LeftS097620,-40.8913,19.8676,3.671e-17,3.822e-17,3.034e-17,0.0007,-8.66,0
LeftS097621,-40.8048,19.7918,1.869e-16,3.650e-16,1.032e-15,0.0018,-8.49,0
LeftS097622,-41.0497,19.8415,1.170e-11,9.000e-12,3.843e-12,0.0001,-9.49,1
LeftS097623,-40.7638,19.7793,1.685e-20,3.788e-20,1.405e-19,0.001,-8.47,1
LeftS097624,-40.7471,20.0738,2.872e-20,5.451e-20,1.465e-19,0.0003,-7.9,0
LeftS097625,-40.6658,20.1618,2.099e-15,1.735e-15,8.338e-16,0.0009,-7.56,0
LeftS097626,-40.7409,19.8905,1.320e-17,1.525e-17,1.466e-17,0.0005,-8.19,0
LeftS097628,-40.9438,19.8991,2.004e-17,2.237e-17,2.066e-17,0.0008,-8.77,0
LeftS097629,-40.9801,19.7370,3.341e-20,7.049e-20,2.396e-19,0.0008,-8.89,0
LeftS097630,-40.6168,19.9113,1.972e-20,3.779e-20,1.014e-19,0.0004,-7.76,0
LeftS097631,-40.4769,20.0103,4.649e-19,7.445e-19,1.410e-18,0.0009,-7.37,0
LeftS097633,-40.6706,19.8917,1.979e-11,1.420e-11,5.321e-12,0.0005,-7.98,0
LeftS097634,-40.7911,20.1847,2.205e-19,3.751e-19,8.280e-19,-0.0003,-7.83,0
LeftS097635,-40.9645,19.8376,1.888e-19,3.283e-19,7.433e-19,0.0004,-8.9,0
LeftS097637,-40.7805,20.0827,3.762e-16,3.311e-16,1.850e-16,0.001,-7.93,0
LeftS097638,-40.8225,19.8707,4.365e-16,7.852e-16,1.861e-15,0.0,-8.43,0
LeftS097639,-40.4771,19.9777,4.881e-17,4.861e-17,3.409e-17,0.0003,-7.15,0
LeftS097640,-40.6746,20.0374,3.693e-16,7.573e-16,2.348e-15,0.0015,-7.89,0
LeftS097642,-40.7270,19.9473,4.424e-20,3.032e-20,1.034e-20,0.0008,-8.03,0
LeftS097643,-40.7717,20.0596,9.456e-20,1.778e-19,4.792e-19,0.0007,-7.98,0
LeftS097644,-41.0014,19.8697,9.479e-16,8.389e-16,4.596e-16,0.0004,-8.97,0
LeftS097645,-40.6346,19.8636,8.619e-16,7.215e-16,3.731e-16,0.0002,-7.9,0
LeftS097646,-40.6066,20.0343,1.850e-16,1.730e-16,1.075e-16,0.0006,-7.67,0
LeftS097647,-40.8031,20.2598,7.857e-15,6.020e-15,2.581e-15,0.0007,-7.8,1
LeftS097648,-41.2187,19.7407,1.373e-20,2.887e-20,9.850e-20,0.0013,-9.7,0
LeftS097649,-40.8966,19.8430,4.282e-16,3.632e-16,1.886e-16,0.0009,-8.58,0
LeftS097650,-40.7316,19.8493,1.680e-11,1.426e-11,7.451e-12,0.0008,-8.21,1
LeftS097651,-40.4373,20.0874,2.119e-16,1.963e-16,1.227e-16,0.0001,-6.99,0
LeftS097652,-40.8413,19.7554,6.542e-20,1.212e-19,3.182e-19,0.0015,-8.67,0
LeftS097653,-40.5309,20.1385,6.567e-18,7.937e-18,8.190e-18,0.0009,-7.15,0
LeftS097654,-40.6196,20.3487,1.686e-16,1.652e-16,1.145e-16,0.0005,-7.25,0
LeftS097655,-40.6738,19.7151,1.540e-18,2.241e-18,3.445e-18,-0.0003,-8.29,0
LeftS097656,-40.5978,19.6164,4.089e-18,5.380e-18,7.033e-18,0.0009,-8.2,0
LeftS097658,-40.7210,20.1893,2.207e-16,2.100e-16,1.381e-16,0.0013,-7.72,0
LeftS097660,-40.9659,19.8716,6.021e-16,5.156e-16,2.763e-16,0.0006,-8.76,0
LeftS097661,-40.6095,19.8413,6.530e-17,6.926e-17,5.450e-17,0.0005,-7.82,0
LeftS097662,-40.7446,19.7940,1.848e-17,2.216e-17,2.291e-17,-0.0006,-8.33,0
LeftS097664,-40.7959,19.7184,1.491e-16,2.613e-16,6.106e-16,0.0007,-8.49,0
LeftS097666,-40.7932,20.0803,1.856e-18,2.661e-18,3.984e-18,0.0009,-8.06,0
LeftS097667,-40.8883,19.7044,8.457e-17,8.922e-17,7.404e-17,0.0002,-8.7,0
LeftS097668,-40.5655,20.1120,2.440e-15,1.984e-15,9.931e-16,0.0006,-7.35,0
LeftS097671,-41.1285,19.7884,4.602e-20,3.159e-20,1.099e-20,0.0004,-9.06,0
LeftS097674,-41.0552,19.8986,1.145e-20,2.435e-20,8.556e-20,0.0005,-8.93,0
LeftS097675,-40.7984,19.8523,2.674e-17,2.865e-17,2.418e-17,0.0007,-8.42,0
LeftS097677,-40.6083,20.1036,1.368e-18,1.940e-18,2.816e-18,0.0003,-7.64,0
LeftS097678,-40.6561,20.0721,6.056e-20,1.153e-19,3.177e-19,0.0005,-7.65,0
LeftS097680,-40.8742,19.8233,4.645e-20,3.170e-20,1.102e-20,0.001,-8.5,0
LeftS097681,-41.2323,19.7484,2.370e-19,4.028e-19,8.546e-19,0.0005,-9.27,0
LeftS097682,-40.5124,20.0990,3.630e-18,4.927e-18,6.601e-18,0.0004,-7.13,0
LeftS097683,-41.1399,19.8591,1.729e-11,1.349e-11,5.954e-12,0.0011,-9.14,1
LeftS097684,-40.8028,19.9469,4.950e-20,3.370e-20,1.139e-20,0.0003,-8.22,0
LeftS097685,-40.9393,19.8430,1.171e-16,1.146e-16,7.678e-17,0.0002,-8.72,0
LeftS097686,-40.6792,19.9554,5.218e-19,8.150e-19,1.439e-18,0.0016,-7.88,0
LeftS097687,-41.1111,19.8805,2.571e-16,2.431e-16,1.514e-16,0.0014,-9.19,0
LeftS097688,-40.7947,20.0110,2.682e-15,2.186e-15,1.043e-15,0.0016,-8.16,0
LeftS097689,-40.9596,19.8640,2.124e-18,2.973e-18,4.368e-18,0.002,-8.68,0
LeftS097690,-40.7747,19.7666,3.134e-17,3.195e-17,2.479e-17,0.0007,-8.49,0
LeftS097691,-40.5962,20.0314,1.736e-20,3.593e-20,1.205e-19,-0.0001,-7.66,0
LeftS097692,-40.5701,20.0880,6.153e-17,6.286e-17,4.635e-17,0.0013,-7.34,0
LeftS097694,-40.6189,20.1216,3.075e-18,4.262e-18,5.764e-18,0.0008,-7.48,0
LeftS097695,-40.6621,20.1884,2.997e-20,6.187e-20,2.058e-19,0.0014,-7.43,0
LeftS097697,-40.3945,19.9928,1.042e-18,1.460e-18,2.109e-18,0.0013,-7.19,0
LeftS097698,-40.8085,19.6491,8.436e-16,2.065e-15,9.329e-15,0.0009,-8.6,0
LeftS097699,-40.8707,19.7055,3.116e-16,6.109e-16,1.743e-15,0.0009,-8.61,0
LeftS097700,-40.7446,20.0219,5.210e-16,4.456e-16,2.392e-16,0.0009,-7.95,0
LeftS097703,-40.8742,19.8577,1.222e-16,1.214e-16,8.690e-17,0.001,-8.53,0
LeftS097704,-40.5873,20.1842,2.475e-16,3.964e-16,7.449e-16,0.0018,-7.33,0
LeftS097705,-40.6680,20.1415,2.978e-18,3.943e-18,5.109e-18,0.0013,-7.43,0
LeftS097706,-40.5651,20.1289,1.621e-15,1.317e-15,6.101e-16,-0.0002,-7.49,0
LeftS097707,-40.3861,20.0707,3.719e-18,4.721e-18,5.384e-18,0.0008,-7.16,0
LeftS097709,-41.0306,19.6086,4.301e-18,5.414e-18,6.184e-18,0.0014,-8.82,0
LeftS097710,-40.8679,19.8311,6.673e-16,5.735e-16,3.138e-16,0.0004,-8.49,0
LeftS097711,-40.5830,20.0982,7.937e-18,9.147e-18,8.704e-18,0.0011,-7.51,0
LeftS097712,-40.8527,19.6644,1.873e-15,3.728e-15,1.148e-14,0.0008,-8.49,0
LeftS097713,-40.6984,19.5922,2.630e-18,3.669e-18,5.059e-18,-0.0002,-8.38,0
LeftS097714,-40.5008,19.7364,3.695e-18,5.217e-18,7.624e-18,0.0007,-7.86,0
LeftS097716,-41.1263,19.8126,2.842e-18,3.746e-18,4.688e-18,0.0012,-9.08,0
LeftS097717,-40.9815,19.7738,2.166e-15,1.772e-15,8.251e-16,-0.0001,-8.81,0
LeftS097718,-40.4939,20.1727,5.332e-17,5.645e-17,4.479e-17,0.0009,-7.36,0
LeftS097721,-41.0942,19.8517,7.412e-20,1.392e-19,3.653e-19,0.0003,-8.96,0
LeftS097722,-40.7467,19.7916,4.099e-17,4.223e-17,3.190e-17,0.0004,-8.25,0
LeftS097723,-41.0079,19.7105,1.322e-18,1.881e-18,2.773e-18,0.0013,-8.82,0
LeftS097724,-41.0103,19.7193,2.286e-20,4.727e-20,1.584e-19,0.0003,-8.86,0
LeftS097726,-40.8793,19.8143,1.585e-17,1.947e-17,2.147e-17,0.0006,-8.51,0
LeftS097727,-40.4892,20.1788,8.541e-17,8.382e-17,5.851e-17,0.0004,-7.42,0
LeftS097728,-41.0644,19.9955,7.355e-18,9.611e-18,1.236e-17,0.0018,-8.75,0
LeftS097729,-41.0192,19.7482,6.628e-20,1.177e-19,2.652e-19,0.0008,-8.7,0
LeftS097730,-40.7862,20.0679,1.568e-18,2.187e-18,3.091e-18,0.0012,-8.04,0
LeftS097731,-40.3813,20.1715,8.407e-12,5.730e-12,1.959e-12,0.0003,-7.24,0
LeftS097732,-40.9793,19.6918,2.563e-17,2.797e-17,2.388e-17,0.001,-8.83,0
LeftS097733,-40.8025,20.1420,1.714e-20,3.716e-20,1.386e-19,0.0008,-7.98,0
LeftS097736,-40.5486,20.1786,1.116e-18,1.638e-18,2.600e-18,0.0004,-7.45,0
LeftS097737,-40.9480,19.6762,6.565e-18,7.958e-18,8.377e-18,0.0008,-8.8,0
LeftS097738,-40.4503,20.1628,1.776e-14,1.267e-14,4.716e-15,0.0012,-7.31,0
LeftS097739,-40.9691,19.8704,3.718e-16,5.360e-16,7.974e-16,0.0012,-8.83,0
LeftS097740,-40.3009,20.1840,2.223e-20,4.757e-20,1.591e-19,0.0004,-7.04,0
LeftS097741,-41.1868,19.8782,5.326e-20,1.056e-19,3.149e-19,0.0001,-9.04,0
LeftS097746,-40.5107,20.2447,2.111e-19,3.439e-19,6.768e-19,0.0007,-7.45,0
LeftS097747,-41.0729,19.7879,1.383e-20,2.986e-20,1.079e-19,0.0009,-8.82,0
LeftS097748,-40.5373,20.1641,1.438e-19,2.514e-19,5.900e-19,0.0008,-7.35,0
LeftS097750,-40.5705,20.1279,5.142e-19,8.112e-19,1.461e-18,0.0003,-7.51,0
LeftS097751,-40.9728,19.7187,1.420e-17,1.690e-17,1.689e-17,0.001,-8.8,0
LeftS097752,-41.1353,19.6030,3.087e-17,3.419e-17,2.964e-17,0.0007,-9.03,0
LeftS097753,-40.9133,19.6572,1.241e-17,1.563e-17,1.759e-17,0.0004,-8.62,0
LeftS097754,-40.8132,19.6961,2.987e-16,5.064e-16,1.088e-15,0.0001,-8.57,0
LeftS097755,-40.5618,20.0394,4.558e-19,7.071e-19,1.266e-18,0.0008,-7.67,0
LeftS097756,-40.7458,19.7748,1.803e-16,1.762e-16,1.220e-16,0.0007,-8.28,0
LeftS097757,-41.2636,19.7325,4.214e-20,2.924e-20,1.031e-20,-0.0001,-9.18,0
LeftS097758,-41.0475,19.6716,1.029e-11,7.431e-12,2.802e-12,0.001,-8.83,0
LeftS097759,-40.5559,20.0981,2.514e-20,5.442e-20,1.854e-19,0.0008,-7.46,0
LeftS097760,-40.9969,19.7597,3.817e-16,3.546e-16,2.266e-16,-0.0002,-8.79,0
LeftS097762,-40.5174,20.3001,1.144e-16,1.166e-16,8.481e-17,-0.0001,-7.26,0
LeftS097764,-40.3553,20.2690,2.442e-11,2.016e-11,9.802e-12,0.0003,-7.13,1
LeftS097765,-40.9864,19.6539,1.646e-18,2.280e-18,3.254e-18,0.0008,-8.75,0
LeftS097767,-41.1289,19.6809,3.392e-16,3.077e-16,1.838e-16,0.0004,-8.93,0
LeftS097769,-40.5453,20.2904,1.301e-16,1.294e-16,9.402e-17,0.0008,-7.48,0
LeftS097770,-41.2025,19.7542,6.651e-20,1.150e-19,2.664e-19,0.0003,-9.03,0
LeftS097771,-40.7182,20.1415,8.786e-20,1.626e-19,4.196e-19,0.0009,-7.78,0
LeftS097774,-40.8505,19.7352,4.168e-18,5.473e-18,6.963e-18,0.0014,-8.52,0
LeftS097775,-40.9231,19.7829,5.119e-18,6.476e-18,7.750e-18,0.0004,-8.66,0
LeftS097776,-40.7487,19.7401,1.448e-18,1.949e-18,2.667e-18,-0.0002,-8.29,0
LeftS097777,-40.5062,20.0048,9.008e-17,8.558e-17,5.735e-17,0.0005,-7.55,0
LeftS097778,-41.0237,19.6630,4.239e-16,6.922e-16,1.400e-15,0.0006,-8.99,0
LeftS097781,-40.7654,19.7834,4.242e-17,4.548e-17,3.836e-17,0.0005,-8.32,0
LeftS097782,-40.3710,20.3294,4.185e-17,4.438e-17,3.705e-17,0.001,-7.19,0
LeftS097783,-40.8768,19.6677,2.398e-18,3.172e-18,4.130e-18,0.0009,-8.57,0
LeftS097784,-40.5564,20.1776,8.011e-15,6.009e-15,2.427e-15,-0.0002,-7.43,0
LeftS097785,-40.5251,20.2584,1.163e-16,1.192e-16,8.747e-17,0.0003,-7.46,0
LeftS097786,-40.5962,20.1272,2.043e-20,4.368e-20,1.467e-19,-0.0001,-7.66,0
LeftS097787,-40.4576,20.2274,2.663e-16,2.422e-16,1.457e-16,0.0003,-7.37,0
LeftS097790,-40.3117,20.2538,2.283e-16,2.217e-16,1.480e-16,0.0003,-6.98,0
LeftS097791,-40.9029,19.6170,7.196e-20,1.417e-19,4.238e-19,0.0017,-8.55,0
LeftS097792,-40.8499,19.6638,2.048e-16,4.065e-16,1.151e-15,0.0007,-8.46,0
LeftS097794,-40.4547,20.3543,5.054e-17,5.491e-17,4.736e-17,0.0015,-7.29,0
LeftS097795,-40.4703,20.2657,5.364e-17,5.766e-17,4.769e-17,0.0005,-7.38,0
LeftS097796,-40.4124,20.2324,2.503e-17,2.710e-17,2.415e-17,0.0003,-7.32,0
LeftS097797,-40.4763,20.1388,3.152e-16,4.500e-16,6.877e-16,0.0008,-7.57,0
LeftS097799,-41.1790,19.7449,3.979e-20,7.698e-20,2.248e-19,-0.0003,-8.83,0
LeftS097800,-40.5329,20.1851,6.882e-16,1.420e-15,4.687e-15,0.0006,-7.41,0
LeftS097801,-40.3973,20.1144,5.715e-17,6.095e-17,5.052e-17,0.0002,-7.31,0
LeftS097803,-40.9615,19.7640,6.308e-18,8.391e-18,1.096e-17,0.0014,-8.56,0
LeftS097805,-40.8902,19.7187,4.363e-20,2.976e-20,1.022e-20,0.0006,-8.52,0
LeftS097806,-40.0874,20.2549,1.219e-19,2.172e-19,5.362e-19,0.0012,-6.96,0
LeftS097807,-40.9434,19.7406,4.802e-20,3.298e-20,1.113e-20,0.0012,-8.6,0
LeftS097810,-40.4764,20.1763,2.088e-18,2.773e-18,3.600e-18,0.0012,-7.51,0
LeftS097812,-40.9802,19.6455,2.502e-17,2.912e-17,2.914e-17,0.0001,-8.58,0
LeftS097813,-41.0590,19.6502,1.615e-20,3.660e-20,1.482e-19,0.0013,-8.73,0
LeftS097816,-40.5524,20.2655,9.338e-18,1.126e-17,1.233e-17,0.0012,-7.48,0
LeftS097817,-40.9246,19.7932,2.158e-18,3.007e-18,4.192e-18,0.0003,-8.44,0
LeftS097820,-40.9615,19.6364,3.007e-16,4.797e-16,9.070e-16,0.001,-8.62,0
LeftS097821,-40.3680,20.2344,7.984e-12,5.566e-12,1.909e-12,0.0008,-7.35,0
LeftS097822,-40.5430,20.1570,3.369e-15,2.672e-15,1.200e-15,0.0008,-7.63,1
LeftS097824,-40.5090,20.2676,1.491e-20,3.197e-20,1.110e-19,0.001,-7.53,0
LeftS097826,-40.4907,20.1947,2.677e-20,5.525e-20,1.811e-19,0.0005,-7.44,0
LeftS097827,-40.9127,19.5915,9.291e-16,1.627e-15,3.651e-15,0.0,-8.58,0
LeftS097831,-41.0734,19.5732,1.220e-18,1.818e-18,3.029e-18,0.0015,-8.78,0
LeftS097832,-40.9284,19.5766,1.985e-18,2.796e-18,3.907e-18,0.0003,-8.63,0
LeftS097833,-41.1202,19.6125,1.916e-17,2.295e-17,2.384e-17,0.0005,-8.82,0
LeftS097834,-41.2269,19.5746,4.685e-18,6.375e-18,8.581e-18,0.0013,-9.12,0
LeftS097835,-40.9130,19.6701,3.594e-16,6.689e-16,1.726e-15,0.0012,-8.49,0
LeftS097836,-40.3630,20.3228,9.730e-17,1.023e-16,7.949e-17,0.0005,-7.4,0
LeftS097837,-41.2578,19.5560,6.467e-19,1.069e-18,2.162e-18,0.0006,-9.05,0
LeftS097838,-40.2625,20.2716,4.500e-16,8.683e-16,2.423e-15,0.0007,-7.22,0
LeftS097839,-41.1674,19.6354,1.392e-19,2.412e-19,5.574e-19,0.0003,-9.0,0
LeftS097840,-40.9776,19.6020,1.977e-16,3.944e-16,1.199e-15,0.0013,-8.64,0
LeftS097841,-41.3040,19.7620,1.763e-20,3.738e-20,1.298e-19,0.0001,-8.98,0
LeftS097842,-40.3393,20.2456,3.341e-18,4.485e-18,5.962e-18,0.0012,-7.25,0
LeftS097843,-40.9769,19.6538,7.305e-16,6.351e-16,3.491e-16,0.0001,-8.6,0
LeftS097845,-41.0780,19.6972,4.204e-20,8.438e-20,2.565e-19,0.0012,-8.7,0
LeftS097846,-41.0024,19.6387,5.461e-20,1.060e-19,2.995e-19,0.0014,-8.68,0
LeftS097847,-41.1636,19.5502,1.463e-16,2.839e-16,8.297e-16,-0.0002,-8.94,0
LeftS097849,-40.1663,20.2903,6.035e-20,1.180e-19,3.320e-19,0.0005,-7.15,0
LeftS097850,-41.0608,19.4817,4.777e-20,9.646e-20,2.896e-19,0.0008,-8.86,0
LeftS097851,-40.9590,19.4548,1.297e-17,1.496e-17,1.506e-17,0.0011,-8.63,0
LeftS097852,-40.3131,20.3832,1.234e-18,1.789e-18,2.783e-18,0.0004,-7.27,0
LeftS097853,-40.4677,20.2927,9.248e-17,9.117e-17,6.355e-17,0.0011,-7.48,0
LeftS097854,-40.2327,20.3630,4.396e-20,3.024e-20,1.049e-20,0.0006,-7.19,0
LeftS097855,-40.4893,20.3743,3.102e-16,2.759e-16,1.512e-16,0.0009,-7.5,0
LeftS097857,-41.2178,19.4788,1.096e-16,1.111e-16,8.302e-17,0.0008,-8.97,0
LeftS097858,-40.3718,20.2602,3.735e-20,7.662e-20,2.437e-19,0.0008,-7.3,0
LeftS097859,-40.3968,20.1958,3.194e-17,3.318e-17,2.646e-17,0.0012,-7.42,0
LeftS097860,-40.9054,19.6146,1.427e-20,2.831e-20,8.637e-20,0.0008,-8.49,0
LeftS097863,-40.3987,20.4707,2.236e-15,1.721e-15,7.331e-16,-0.0001,-7.36,0
LeftS097865,-41.3650,19.6747,7.412e-19,1.197e-18,2.223e-18,0.0007,-8.95,0
LeftS097866,-41.3903,19.5577,2.687e-18,3.459e-18,4.277e-18,0.0012,-9.04,0
LeftS097867,-41.1330,19.4489,9.487e-20,1.708e-19,4.055e-19,0.001,-8.85,0
LeftS097868,-40.3595,20.4428,2.321e-17,2.534e-17,2.198e-17,0.0016,-7.36,0
LeftS097869,-40.6698,20.2671,4.409e-18,5.391e-18,5.936e-18,0.0008,-7.78,0
LeftS097870,-40.3101,20.4006,2.410e-16,2.317e-16,1.476e-16,0.001,-7.33,0
LeftS097871,-41.1793,19.6397,3.953e-20,7.884e-20,2.413e-19,0.0006,-8.79,0
LeftS097872,-40.3558,20.3392,4.828e-17,4.823e-17,3.550e-17,0.0008,-7.46,0
LeftS097873,-40.4181,20.3319,1.443e-15,1.161e-15,5.593e-16,0.0009,-7.45,0
LeftS097874,-40.1247,20.3289,2.096e-19,3.751e-19,8.800e-19,-0.0003,-7.14,0
LeftS097875,-40.4679,20.3319,1.423e-17,1.639e-17,1.595e-17,0.0002,-7.52,0
LeftS097876,-40.2507,20.3785,1.150e-15,9.675e-16,5.003e-16,0.0007,-7.28,0
LeftS097877,-40.4889,20.2906,1.457e-17,1.636e-17,1.512e-17,0.0003,-7.53,0
LeftS097878,-40.9731,19.6682,1.379e-18,2.074e-18,3.569e-18,0.0001,-8.52,0
LeftS097879,-40.1878,20.1766,1.728e-17,1.820e-17,1.482e-17,0.0007,-7.23,0
LeftS097880,-40.2283,20.3896,1.661e-17,1.833e-17,1.630e-17,0.0002,-7.3,0
LeftS097883,-40.4937,20.2958,1.657e-20,3.726e-20,1.400e-19,0.0014,-7.45,0
LeftS097884,-40.2512,20.1657,2.490e-16,2.343e-16,1.483e-16,0.0007,-7.36,0
LeftS097886,-40.2588,20.3828,2.365e-18,3.112e-18,3.936e-18,0.0005,-7.23,0
LeftS097888,-41.0972,19.4460,1.556e-16,3.043e-16,9.005e-16,-0.0003,-8.81,0
LeftS097889,-40.2036,20.2810,2.590e-18,3.390e-18,4.269e-18,0.0007,-7.28,0
LeftS097890,-40.3375,20.4179,1.529e-16,1.476e-16,9.525e-17,0.0005,-7.37,0
LeftS097891,-41.2087,19.5927,1.997e-19,3.545e-19,8.479e-19,0.0003,-8.89,0
LeftS097892,-40.7370,19.9562,7.795e-15,5.916e-15,2.418e-15,-0.0004,-7.59,0
LeftS097893,-40.7327,19.9553,4.731e-15,3.588e-15,1.542e-15,0.0005,-3.79,1
LeftS097894,-40.1956,20.3311,3.487e-15,2.690e-15,1.201e-15,0.0002,-7.22,1
LeftS097895,-41.2684,19.5240,5.721e-15,4.303e-15,1.832e-15,0.0015,-8.93,1
LeftS097896,-41.2232,19.5043,4.062e-18,5.414e-18,7.337e-18,0.0016,-8.88,0
LeftS097897,-40.2918,20.3149,7.704e-15,5.790e-15,2.344e-15,0.0013,-7.26,0
LeftS097898,-41.1880,19.5373,7.162e-18,9.510e-18,1.245e-17,0.0011,-8.8,0
LeftS097899,-40.3295,20.2806,3.284e-16,6.614e-16,1.969e-15,0.0014,-7.33,0
LeftS097900,-41.1257,19.5688,1.743e-15,2.795e-15,5.305e-15,0.0008,-8.8,0
LeftS097901,-41.1149,19.5371,8.427e-16,7.161e-16,3.634e-16,0.0006,-8.75,0
LeftS097902,-41.1070,19.5517,1.705e-17,2.053e-17,2.135e-17,0.0014,-8.72,0
LeftS097903,-40.3819,20.3353,4.068e-16,3.856e-16,2.515e-16,0.0,-7.48,0
LeftS097904,-41.0592,19.6169,6.076e-16,8.082e-16,1.029e-15,0.0008,-8.65,0
LeftS097905,-40.9981,19.6148,5.833e-15,4.720e-15,2.216e-15,0.0016,-8.6,0
LeftS097906,-40.4734,20.2997,1.922e-14,1.325e-14,4.686e-15,0.0013,-7.54,0
LeftS097907,-40.4570,20.3278,1.107e-11,1.090e-11,7.424e-12,0.0012,-7.56,1
LeftS097908,-40.9308,19.6097,1.357e-15,1.159e-15,6.198e-16,0.0004,-8.51,0
LeftS097909,-40.8704,19.6102,3.000e-17,3.311e-17,2.999e-17,0.0008,-8.47,0
LeftS097910,-40.5636,20.3411,1.141e-14,8.657e-15,3.566e-15,0.0007,-7.67,0
LeftS097911,-40.8514,19.5871,5.525e-14,3.858e-14,1.362e-14,0.0017,-8.4,0
LeftS097912,-40.8608,19.5861,1.878e-15,1.522e-15,7.207e-16,0.0003,-8.44,0
LeftS097913,-40.6510,20.2944,1.348e-14,9.608e-15,3.635e-15,0.0006,-7.76,0
LeftS097914,-40.7185,20.2280,9.506e-16,7.772e-16,3.647e-16,0.0004,-7.84,0
LeftS097915,-40.6613,20.3126,4.622e-17,4.629e-17,3.479e-17,0.0008,-7.77,0
LeftS097916,-40.7573,19.6220,6.135e-15,4.574e-15,1.791e-15,0.001,-8.28,0
LeftS097917,-40.7620,20.2836,3.170e-14,2.179e-14,7.569e-15,0.0013,-7.86,0
LeftS097918,-40.7874,20.2604,4.128e-14,2.875e-14,9.889e-15,0.0009,-7.96,0
LeftS097919,-40.5851,19.6144,4.299e-15,3.228e-15,1.331e-15,0.0003,-8.15,1
LeftS097920,-40.8814,20.3075,3.400e-15,2.789e-15,1.359e-15,0.0007,-8.03,0
LeftS097921,-40.8900,20.2811,3.772e-14,2.680e-14,9.649e-15,0.0004,-8.02,0
LeftS097922,-40.5088,19.6233,3.388e-15,2.578e-15,1.125e-15,0.0001,-8.02,1
LeftS097923,-40.5300,19.6397,5.779e-20,1.152e-19,3.405e-19,0.0011,-8.03,0
LeftS097924,-40.5350,19.6140,1.285e-15,1.175e-15,6.978e-16,-0.0001,-8.07,0
LeftS097925,-40.4521,19.6248,1.857e-14,1.358e-14,5.236e-15,0.0003,-7.93,0
LeftS097926,-41.0344,20.2979,6.154e-15,4.509e-15,1.753e-15,0.0009,-8.17,0
LeftS097927,-40.3255,19.6489,1.568e-13,1.074e-13,3.603e-14,0.0007,-7.81,0
LeftS097928,-41.0792,20.2909,4.266e-16,1.120e-15,6.065e-15,-0.0003,-8.22,0
LeftS097929,-41.1767,20.2324,4.512e-16,3.921e-16,2.199e-16,0.0007,-8.37,0
LeftS097930,-40.2032,19.6117,3.563e-14,2.505e-14,9.080e-15,0.0004,-7.7,0
LeftS097931,-40.2853,19.6079,2.171e-15,1.751e-15,8.038e-16,0.0007,-7.81,0
LeftS097932,-40.1594,19.6547,1.162e-15,2.352e-15,7.484e-15,0.0004,-7.66,0
LeftS097933,-41.2164,20.2253,3.304e-17,3.624e-17,3.174e-17,0.0012,-8.4,0
LeftS097934,-41.2882,20.2015,3.102e-13,2.046e-13,6.429e-14,0.0012,-8.48,0
LeftS097935,-41.3145,20.2462,9.351e-14,6.313e-14,2.135e-14,0.0007,-8.47,0
LeftS097936,-39.9948,19.7029,1.111e-16,1.879e-16,3.904e-16,0.0007,-7.5,0
LeftS097937,-40.0276,19.7369,7.379e-18,8.604e-18,8.520e-18,0.0003,-7.45,0
LeftS097938,-41.5403,20.1827,9.896e-15,7.576e-15,3.373e-15,0.0014,-8.73,0
LeftS097939,-41.5264,20.1670,6.258e-15,4.851e-15,2.112e-15,0.0002,-8.77,1
LeftS097940,-39.7890,19.6967,2.138e-11,1.597e-11,6.521e-12,0.0,-7.25,0
LeftS097941,-39.8169,19.7511,1.687e-17,1.897e-17,1.767e-17,0.0003,-7.25,0
LeftS097942,-39.8375,19.6924,1.451e-15,1.200e-15,5.984e-16,0.0004,-7.33,0
LeftS097943,-41.7534,20.1616,2.254e-14,1.531e-14,5.213e-15,0.0009,-8.94,0
LeftS097944,-41.6239,20.1201,1.157e-14,8.659e-15,3.437e-15,0.0007,-8.9,0
LeftS097945,-41.7988,20.1414,8.976e-15,6.733e-15,2.757e-15,0.0013,-9.06,0
LeftS097946,-39.5656,19.7812,4.047e-14,2.804e-14,9.835e-15,0.0009,-7.0,0
LeftS097947,-41.8722,20.1496,2.220e-14,1.549e-14,5.609e-15,0.0004,-9.02,0
LeftS097948,-41.6792,20.1582,3.048e-16,2.714e-16,1.557e-16,0.0007,-8.89,0
LeftS097949,-41.9644,20.0941,4.589e-15,3.607e-15,1.664e-15,0.0007,-9.21,1
LeftS097950,-41.9538,20.1370,4.162e-15,3.190e-15,1.389e-15,0.0005,-9.15,1
LeftS097951,-39.4823,19.8262,1.052e-15,8.924e-16,4.830e-16,0.0012,-6.96,0
LeftS097952,-42.0314,20.0988,2.064e-16,3.144e-16,5.456e-16,0.0009,-9.26,0
LeftS097953,-42.0984,20.0790,1.001e-16,9.900e-17,7.263e-17,0.0002,-9.27,0
LeftS097954,-42.2304,20.0697,4.768e-16,9.956e-16,3.399e-15,0.0004,-9.37,0
LeftS097955,-42.1882,20.0624,4.454e-16,7.226e-16,1.468e-15,-0.0007,-9.4,0
LeftS097956,-42.2341,20.0155,4.241e-14,2.961e-14,1.038e-14,0.0005,-9.43,0
LeftS097957,-42.2654,20.0465,4.434e-16,4.103e-16,2.593e-16,-0.0004,-9.5,0
LeftS097958,-42.2972,20.0247,2.194e-14,1.512e-14,5.185e-15,-0.0001,-9.49,0
LeftS097959,-42.4435,20.0244,6.668e-12,4.615e-12,1.620e-12,0.0003,-9.6,0
LeftS097960,-38.9867,19.9125,3.952e-15,3.274e-15,1.600e-15,0.0005,-6.42,0
LeftS097961,-38.9694,19.8767,1.627e-14,1.189e-14,4.710e-15,0.0012,-6.39,0
LeftS097962,-38.8197,19.9392,1.444e-18,2.062e-18,3.145e-18,0.0003,-6.32,0
LeftS097963,-38.8764,19.9422,6.095e-15,4.537e-15,1.743e-15,-0.0001,-6.34,0
LeftS097964,-38.9132,19.9417,1.875e-15,1.483e-15,6.859e-16,0.0009,-6.34,0
LeftS097965,-42.8043,19.9323,1.252e-13,4.655e-13,5.246e-12,-0.0003,-9.85,0
LeftS097966,-38.7315,19.9671,8.399e-14,5.698e-14,1.835e-14,-0.0004,-6.13,0
LeftS097967,-38.7438,19.9902,1.082e-14,8.219e-15,3.552e-15,0.0009,-6.16,0
LeftS097969,-38.7074,20.0032,1.977e-14,1.391e-14,4.988e-15,0.001,-6.14,0
LeftS097970,-38.4874,20.0501,1.074e-15,9.083e-16,4.799e-16,0.0001,-6.03,0
LeftS097971,-38.6333,20.0220,1.602e-15,1.280e-15,5.951e-16,0.0009,-6.12,0
LeftS097972,-42.9552,19.8128,1.984e-14,1.384e-14,4.982e-15,0.0001,-10.1,0
LeftS097973,-43.0917,19.8088,1.734e-14,1.264e-14,4.952e-15,0.0007,-10.1,0
LeftS097974,-38.3566,20.0658,2.034e-16,4.445e-16,1.633e-15,0.0002,-5.96,0
LeftS097975,-38.5344,20.1113,7.136e-15,5.477e-15,2.338e-15,0.001,-5.95,1
LeftS097976,-42.9457,19.7893,1.491e-15,1.217e-15,5.833e-16,0.0002,-10.13,0
LeftS097977,-38.4484,20.1420,2.881e-12,2.025e-12,7.219e-13,0.0008,-5.91,0
LeftS097979,-43.3013,19.7338,9.135e-16,7.967e-16,4.442e-16,0.0012,-10.34,0
LeftS097980,-38.3871,20.1536,6.819e-14,4.737e-14,1.617e-14,0.0011,-5.84,0
LeftS097981,-38.3714,20.1713,2.691e-14,1.902e-14,7.006e-15,0.001,-5.76,0
LeftS097982,-43.3835,19.7269,3.722e-15,2.865e-15,1.199e-15,0.0014,-10.34,1
LeftS097983,-38.2717,20.1901,8.558e-16,1.836e-15,6.446e-15,-0.0,-5.75,0
LeftS097984,-38.1370,20.1969,6.239e-14,4.194e-14,1.404e-14,-0.0001,-5.71,0
LeftS097985,-43.3032,19.6661,1.455e-14,1.054e-14,4.002e-15,0.0002,-10.39,0
LeftS097986,-43.3059,19.6719,2.399e-14,1.772e-14,7.075e-15,0.0016,-10.36,0
LeftS097987,-38.0293,20.3026,9.748e-15,7.448e-15,3.088e-15,0.0006,-5.66,0
LeftS097988,-43.4517,19.5973,1.205e-13,8.141e-14,2.774e-14,0.0011,-10.48,0
LeftS097989,-38.1921,20.2948,1.451e-14,1.035e-14,3.747e-15,0.0015,-5.58,0
LeftS097990,-38.1630,20.3146,4.207e-16,9.817e-16,4.255e-15,0.0003,-5.6,0
LeftS097991,-43.4102,19.5995,2.089e-15,1.651e-15,7.692e-16,0.0002,-10.51,0
LeftS097992,-43.5551,19.5491,9.659e-15,6.635e-15,2.333e-15,0.0003,-10.48,0
LeftS097993,-43.5716,19.5047,2.543e-16,2.327e-16,1.417e-16,0.0008,-10.5,0
LeftS097994,-38.1388,20.3805,1.263e-14,9.164e-15,3.487e-15,0.0008,-5.57,0
LeftS097995,-43.6510,19.5245,2.127e-15,1.762e-15,8.645e-16,0.0008,-10.49,0
LeftS097996,-38.2168,20.3780,2.932e-15,2.278e-15,9.873e-16,0.0004,-5.63,1
LeftS097997,-43.6087,19.4976,5.974e-17,6.094e-17,4.612e-17,0.0012,-10.51,0
LeftS097998,-38.0108,20.4523,1.121e-14,8.650e-15,3.780e-15,0.0004,-5.62,0
LeftS097999,-38.2114,20.4191,1.552e-15,1.265e-15,6.027e-16,0.0005,-5.63,0
LeftS098000,-43.5355,19.4375,2.850e-15,2.340e-15,1.140e-15,0.0013,-10.57,0
LeftS098001,-43.5646,19.3932,9.343e-16,7.824e-16,4.043e-16,0.0002,-10.53,0
LeftS098002,-43.5945,19.3884,4.223e-19,6.761e-19,1.296e-18,0.0006,-10.45,0
LeftS098003,-38.0439,20.4611,1.525e-16,2.356e-16,4.194e-16,0.0006,-5.68,0
LeftS098004,-38.0722,20.5084,8.418e-16,7.288e-16,3.793e-16,0.0012,-5.73,0
LeftS098005,-38.3132,20.5125,4.302e-16,3.936e-16,2.381e-16,0.0005,-5.76,0
LeftS098006,-43.5851,19.2851,3.268e-15,2.519e-15,1.035e-15,0.0004,-10.47,1
LeftS098007,-38.1969,20.5175,2.868e-13,1.907e-13,6.125e-14,0.0009,-5.77,0
LeftS098008,-43.4853,19.3149,1.894e-15,1.516e-15,6.932e-16,-0.0003,-10.42,0
LeftS098009,-38.4594,20.5522,3.905e-18,5.116e-18,6.346e-18,0.0004,-5.92,0
LeftS098010,-38.3619,20.5770,4.383e-16,3.784e-16,2.044e-16,0.0014,-5.95,0
LeftS098011,-38.3492,20.5801,4.089e-14,2.828e-14,9.853e-15,-0.0001,-5.86,0
LeftS098012,-38.3056,20.6261,1.048e-14,8.035e-15,3.355e-15,0.0006,-5.98,0
LeftS098013,-38.5157,20.5948,2.372e-16,2.204e-16,1.397e-16,0.0008,-6.03,0
LeftS098014,-38.6419,20.5887,8.977e-20,1.661e-19,4.289e-19,0.001,-6.14,0
LeftS098015,-43.0795,19.2279,4.710e-17,5.018e-17,4.046e-17,0.0007,-10.09,0
LeftS098016,-43.0010,19.2926,6.809e-14,4.696e-14,1.603e-14,0.0011,-10.01,0
LeftS098017,-38.5407,20.6037,7.486e-15,5.452e-15,2.086e-15,0.0007,-6.18,0
LeftS098018,-38.8210,20.5883,9.336e-12,6.685e-12,2.463e-12,0.0014,-6.19,0
LeftS098019,-42.8204,19.2016,6.052e-17,6.390e-17,5.130e-17,0.0005,-9.84,0
LeftS098020,-38.9127,20.6447,2.516e-16,2.335e-16,1.398e-16,0.0003,-6.44,0
LeftS098021,-42.5296,19.2505,3.102e-15,2.393e-15,1.050e-15,0.0005,-9.66,1
LeftS098022,-42.5568,19.1687,6.723e-16,5.715e-16,3.014e-16,0.0,-9.65,0
LeftS098023,-39.1158,20.6218,4.787e-14,3.317e-14,1.177e-14,-0.0002,-6.55,0
LeftS098024,-42.3279,19.3211,2.661e-15,2.164e-15,1.037e-15,0.0001,-9.65,0
LeftS098025,-39.2875,20.6082,1.465e-15,1.330e-15,7.639e-16,-0.0,-6.69,0
LeftS098026,-39.4025,20.6412,1.532e-11,1.078e-11,3.795e-12,0.0008,-6.87,0
LeftS098027,-42.0229,19.2752,1.786e-16,1.645e-16,9.895e-17,0.0005,-9.3,0
LeftS098028,-39.5428,20.6577,2.398e-15,1.915e-15,8.463e-16,0.0006,-6.99,1
LeftS098029,-39.7099,20.6000,6.803e-12,4.641e-12,1.579e-12,0.0009,-7.06,0
LeftS098030,-41.6791,19.2769,5.447e-20,1.043e-19,2.905e-19,0.0,-9.01,0
LeftS098031,-39.9264,20.5811,1.467e-18,2.092e-18,3.014e-18,0.0011,-7.23,0
LeftS098032,-39.9867,20.6527,2.073e-16,1.961e-16,1.225e-16,0.0005,-7.3,0
LeftS098033,-40.1911,20.5732,1.283e-16,1.207e-16,7.601e-17,-0.0001,-7.42,0
LeftS098034,-41.2537,19.3311,7.592e-15,5.880e-15,2.456e-15,0.0012,-8.67,1
LeftS098035,-41.0565,19.3053,1.538e-15,1.307e-15,6.699e-16,0.0013,-8.56,0
LeftS098036,-40.4463,20.5355,5.090e-16,8.506e-16,1.783e-15,0.0008,-7.68,0
LeftS098037,-40.6941,20.4666,9.271e-16,7.765e-16,3.886e-16,0.0004,-7.79,0
LeftS098038,-40.7578,19.3419,2.967e-16,5.139e-16,1.148e-15,0.0009,-8.36,0
LeftS098039,-40.8705,20.4867,3.578e-14,2.463e-14,8.556e-15,0.0002,-7.95,0
LeftS098040,-40.3918,19.3853,4.389e-15,3.333e-15,1.440e-15,0.0014,-8.03,1
LeftS098041,-40.3033,19.4132,5.294e-15,4.068e-15,1.804e-15,0.001,-7.96,1
LeftS098042,-40.1451,19.4469,4.548e-15,3.609e-15,1.618e-15,0.0005,-7.88,1
LeftS098043,-39.8278,19.4676,2.277e-14,1.671e-14,6.508e-15,0.0009,-7.63,0
LeftS098044,-41.5964,20.3600,2.535e-14,1.774e-14,6.296e-15,0.0002,-8.5,0
LeftS098045,-41.7562,20.3874,6.984e-16,1.370e-15,4.094e-15,0.0001,-8.57,0
LeftS098046,-39.5925,19.5190,2.190e-16,4.481e-16,1.434e-15,0.0008,-7.48,0
LeftS098047,-39.4874,19.5450,5.363e-15,3.962e-15,1.499e-15,0.0013,-7.36,0
LeftS098048,-42.1416,20.2575,1.096e-14,8.073e-15,3.203e-15,-0.0002,-8.94,0
LeftS098049,-39.0966,19.6232,1.140e-15,9.322e-16,4.531e-16,0.0009,-7.09,0
LeftS098050,-42.3275,20.2425,1.978e-15,1.597e-15,7.689e-16,-0.0002,-9.04,0
LeftS098051,-42.4771,20.2296,1.772e-15,1.531e-15,8.080e-16,0.0003,-9.1,0
LeftS098052,-42.8723,20.1688,2.644e-14,1.914e-14,7.236e-15,0.0004,-9.32,0
LeftS098053,-38.6079,19.7483,7.722e-16,6.652e-16,3.445e-16,0.0002,-6.69,0
LeftS098054,-38.5726,19.7878,1.643e-15,1.387e-15,6.908e-16,0.0015,-6.66,0
LeftS098055,-43.1708,20.0791,2.383e-14,1.667e-14,5.821e-15,0.0002,-9.51,0
LeftS098056,-38.2921,19.8795,4.879e-15,3.721e-15,1.543e-15,0.0006,-6.47,1
LeftS098057,-43.1070,20.0005,4.609e-16,4.186e-16,2.415e-16,-0.0002,-9.68,0
LeftS098058,-37.9399,19.9995,5.852e-16,4.804e-16,2.350e-16,-0.0,-6.21,0
LeftS098059,-37.7523,19.9913,5.248e-15,3.853e-15,1.472e-15,0.0008,-6.08,0
LeftS098060,-43.9641,19.8434,1.527e-15,1.240e-15,5.815e-16,0.0013,-9.99,0
LeftS098061,-43.7429,19.7937,9.141e-16,8.376e-16,4.905e-16,0.0003,-10.03,0
LeftS098062,-37.4221,20.1378,2.075e-14,1.503e-14,5.597e-15,0.0015,-5.81,0
LeftS098063,-37.5386,20.1555,8.042e-16,6.938e-16,3.743e-16,0.0001,-5.81,0
LeftS098064,-37.3829,20.2245,2.041e-16,3.642e-16,8.494e-16,0.0004,-5.78,0
LeftS098065,-44.2571,19.6862,1.558e-15,1.229e-15,5.552e-16,0.0008,-10.24,0
LeftS098066,-44.0341,19.6267,2.761e-16,4.410e-16,8.511e-16,0.0006,-10.37,0
LeftS098067,-44.3648,19.5745,2.876e-14,2.013e-14,7.149e-15,0.0015,-10.32,0
LeftS098068,-40.6136,20.2661,4.105e-16,7.536e-16,1.849e-15,0.001,-7.71,0
LeftS098069,-40.6154,20.2949,1.013e-17,1.171e-17,1.159e-17,0.0012,-7.68,0
LeftS098070,-40.6115,20.2567,1.392e-11,1.017e-11,3.868e-12,0.0008,-7.71,0
LeftS098071,-40.8293,19.6667,4.604e-20,3.178e-20,1.102e-20,0.0007,-8.39,0
LeftS098072,-40.7407,19.5774,1.528e-20,3.306e-20,1.160e-19,0.0013,-8.29,0
LeftS098074,-40.6155,20.2982,2.394e-16,5.417e-16,2.111e-15,0.0009,-7.73,0
LeftS098075,-40.6720,20.3121,4.099e-16,3.609e-16,2.069e-16,-0.0002,-7.83,0
LeftS098076,-40.7469,19.4670,1.059e-14,7.678e-15,3.001e-15,0.0006,-8.36,0
LeftS098077,-40.7530,20.2338,3.012e-16,6.972e-16,2.873e-15,0.0004,-7.92,0
LeftS098079,-40.6481,19.6426,1.479e-17,1.806e-17,1.980e-17,0.0004,-8.21,0
LeftS098080,-40.6207,19.6389,1.133e-15,2.079e-15,5.390e-15,0.0001,-8.13,0
LeftS098081,-40.8020,20.3508,5.083e-19,7.743e-19,1.379e-18,-0.0002,-7.89,0
LeftS098082,-40.5848,19.5513,4.455e-16,3.880e-16,2.103e-16,0.0011,-8.16,0
LeftS098083,-40.7612,20.2530,1.807e-13,6.948e-13,8.045e-12,0.0009,-7.9,0
LeftS098084,-40.8338,20.2657,9.773e-16,8.143e-16,4.078e-16,0.0005,-7.99,1
LeftS098085,-40.5316,19.6461,6.461e-18,8.361e-18,9.727e-18,0.0015,-8.08,0
LeftS098086,-40.8880,20.2784,9.507e-15,7.114e-15,2.860e-15,-0.0003,-8.01,0
LeftS098087,-40.9373,20.2796,1.170e-16,2.328e-16,7.011e-16,0.0007,-8.12,0
LeftS098088,-40.4853,19.6740,4.111e-16,3.690e-16,2.180e-16,0.0006,-7.96,0
LeftS098089,-40.9647,20.3329,1.493e-17,1.659e-17,1.538e-17,0.0012,-8.08,0
LeftS098090,-40.4711,19.6162,1.085e-11,7.596e-12,2.653e-12,0.0016,-8.0,0
LeftS098091,-40.9784,20.2187,6.768e-16,5.898e-16,3.224e-16,-0.0004,-8.2,0
LeftS098092,-40.4844,19.5870,6.679e-15,5.255e-15,2.379e-15,0.001,-8.02,1
LeftS098093,-41.0649,20.2270,7.161e-17,6.988e-17,4.841e-17,0.001,-8.29,0
LeftS098094,-40.5706,19.6277,5.534e-16,8.836e-16,1.688e-15,0.0013,-8.11,0
LeftS098095,-40.4514,19.6095,5.541e-16,1.097e-15,3.439e-15,0.0005,-7.96,0
LeftS098096,-41.0598,20.2002,7.399e-15,5.523e-15,2.282e-15,0.0009,-8.27,0
LeftS098097,-40.2544,19.6367,2.483e-16,2.298e-16,1.366e-16,0.0002,-7.73,0
LeftS098098,-40.2150,19.6113,8.607e-16,7.901e-16,4.615e-16,0.0012,-7.73,0
LeftS098099,-41.1148,20.2331,5.826e-15,4.421e-15,1.811e-15,0.0004,-8.35,1
LeftS098101,-40.2672,19.6499,2.828e-18,3.858e-18,5.269e-18,0.0005,-7.72,0
LeftS098102,-40.1410,19.6922,8.031e-18,9.988e-18,1.137e-17,0.0002,-7.61,0
LeftS098104,-40.1604,19.7265,2.258e-16,4.056e-16,1.019e-15,0.0004,-7.61,0
LeftS098105,-40.1424,19.7117,7.647e-15,5.618e-15,2.192e-15,-0.0001,-7.59,0
LeftS098106,-40.1373,19.6453,1.381e-19,2.385e-19,5.281e-19,0.0009,-7.56,0
LeftS098107,-39.9104,19.7732,9.974e-16,7.966e-16,3.692e-16,0.0006,-7.31,0
LeftS098108,-41.4176,20.2159,7.486e-17,7.650e-17,5.654e-17,0.0003,-8.55,0
LeftS098109,-39.8727,19.6414,9.495e-16,2.078e-15,7.816e-15,0.0009,-7.34,0
LeftS098110,-40.1575,19.6842,4.819e-15,3.632e-15,1.553e-15,0.0011,-7.63,1
LeftS098111,-39.8636,19.6607,3.641e-16,3.378e-16,2.030e-16,0.0012,-7.29,0
LeftS098112,-40.1208,19.7312,3.082e-15,2.347e-15,9.680e-16,0.0001,-7.51,1
LeftS098115,-39.9907,19.6984,1.133e-15,9.446e-16,4.599e-16,-0.0002,-7.52,0
LeftS098116,-41.4892,20.1504,3.850e-18,4.815e-18,5.374e-18,0.0006,-8.76,0
LeftS098117,-39.7871,19.7097,5.511e-20,1.068e-19,3.119e-19,0.0008,-7.23,0
LeftS098118,-39.8173,19.7733,4.727e-18,6.044e-18,7.249e-18,0.0002,-7.16,0
LeftS098120,-41.8892,20.1199,1.178e-14,8.456e-15,3.270e-15,0.0009,-9.12,0
LeftS098122,-39.6483,19.7408,1.117e-15,9.329e-16,4.739e-16,0.0008,-7.04,0
LeftS098123,-39.8186,19.8182,1.147e-15,1.000e-15,5.491e-16,-0.0001,-7.17,0
LeftS098124,-39.6455,19.7626,5.587e-17,6.001e-17,4.995e-17,0.0011,-7.01,0
LeftS098125,-39.5283,19.6986,4.639e-16,8.067e-16,1.855e-15,0.0005,-7.07,0
LeftS098126,-41.8584,20.0910,9.231e-12,6.988e-12,2.777e-12,0.0008,-9.12,0
LeftS098127,-39.4645,19.8124,2.100e-20,4.466e-20,1.581e-19,0.0007,-6.84,0
LeftS098128,-42.1252,20.0073,9.607e-17,1.004e-16,7.872e-17,0.0011,-9.36,0
LeftS098129,-41.8198,20.1152,2.522e-16,4.186e-16,8.519e-16,0.0006,-9.05,0
LeftS098130,-41.8551,20.0572,4.658e-15,3.661e-15,1.665e-15,0.0004,-9.08,1
LeftS098131,-39.5627,19.7994,1.599e-14,1.159e-14,4.348e-15,0.0,-6.96,0
LeftS098132,-39.6783,19.8365,4.011e-15,3.183e-15,1.415e-15,0.0,-7.02,1
LeftS098133,-39.2869,19.8362,1.081e-16,1.183e-16,1.014e-16,-0.0,-6.7,0
LeftS098134,-39.2385,19.8190,4.679e-17,4.769e-17,3.554e-17,0.0,-6.69,0
LeftS098135,-41.9815,20.0827,2.199e-19,3.866e-19,8.883e-19,0.0012,-9.24,0
LeftS098136,-42.1596,19.9763,2.281e-15,1.833e-15,8.922e-16,0.0003,-9.49,0
LeftS098137,-42.2791,20.0192,2.948e-16,4.691e-16,8.843e-16,0.0008,-9.49,0
LeftS098138,-39.2676,19.8614,1.461e-18,2.035e-18,2.902e-18,0.0009,-6.66,0
LeftS098139,-42.2120,20.0280,1.579e-19,2.675e-19,5.600e-19,0.0007,-9.47,0
LeftS098140,-38.9153,19.9299,6.511e-15,4.971e-15,2.055e-15,0.0008,-6.41,1
LeftS098141,-42.3547,20.0838,3.181e-19,5.428e-19,1.200e-18,-0.0004,-9.49,0
LeftS098142,-42.4859,20.0431,5.210e-16,9.958e-16,2.728e-15,0.0007,-9.62,0
LeftS098145,-42.3552,19.9633,7.461e-18,9.097e-18,9.693e-18,0.0012,-9.64,0
LeftS098146,-42.4039,19.9553,7.879e-19,1.247e-18,2.311e-18,0.0009,-9.61,0
LeftS098147,-42.6097,19.9734,5.209e-17,5.748e-17,4.838e-17,0.0004,-9.73,0
LeftS098148,-42.2842,20.0070,9.480e-15,7.112e-15,2.816e-15,-0.0001,-9.53,0
LeftS098150,-38.5644,19.9582,1.509e-17,1.751e-17,1.717e-17,0.0005,-6.13,0
LeftS098151,-42.4638,19.9695,8.181e-12,5.699e-12,1.913e-12,0.0004,-9.66,0
LeftS098152,-42.2727,19.8998,2.262e-15,4.136e-15,1.051e-14,0.0004,-9.67,0
LeftS098153,-42.5767,19.9505,3.863e-18,5.030e-18,6.222e-18,0.0004,-9.77,0
LeftS098154,-38.8812,19.9793,7.932e-12,5.758e-12,2.188e-12,0.0009,-6.23,0
LeftS098155,-38.7769,19.9886,1.252e-18,1.815e-18,2.820e-18,-0.0004,-6.14,0
LeftS098156,-38.7461,20.0234,2.515e-17,2.849e-17,2.608e-17,0.0003,-6.21,0
LeftS098157,-42.8283,19.9006,1.077e-15,1.782e-15,3.744e-15,0.0003,-10.08,0
LeftS098158,-38.7206,20.0949,2.844e-16,4.748e-16,9.946e-16,0.0003,-6.04,0
LeftS098159,-38.8076,19.9924,2.315e-18,3.164e-18,4.253e-18,0.0005,-6.08,0
LeftS098160,-42.9427,19.8441,7.489e-16,1.483e-15,4.532e-15,0.0016,-10.02,0
LeftS098161,-42.4317,19.9006,1.663e-16,2.648e-16,5.174e-16,0.0006,-9.91,0
LeftS098162,-38.8291,20.0218,3.404e-18,4.603e-18,5.913e-18,0.0004,-6.07,0
LeftS098164,-42.7649,19.7508,2.783e-15,2.214e-15,1.001e-15,0.0007,-10.07,1
LeftS098165,-38.7194,20.0366,1.091e-19,2.025e-19,5.054e-19,0.0003,-5.98,0
LeftS098166,-43.1965,19.7824,1.312e-16,1.219e-16,7.283e-17,0.0013,-10.19,0
LeftS098167,-43.2979,19.7621,6.629e-15,4.905e-15,1.905e-15,0.0001,-10.26,0
LeftS098168,-43.0997,19.8814,7.640e-15,5.645e-15,2.279e-15,0.0007,-10.23,0
LeftS098169,-42.9597,19.6992,1.361e-14,9.886e-15,3.866e-15,-0.0002,-10.24,0
LeftS098170,-38.4995,20.1312,8.602e-17,8.662e-17,6.147e-17,0.0015,-5.82,0
LeftS098171,-43.3074,19.7193,5.088e-20,3.402e-20,1.126e-20,0.0003,-10.34,0
LeftS098172,-43.0722,19.7664,3.913e-16,6.320e-16,1.242e-15,0.0006,-10.28,0
LeftS098174,-38.2205,20.1800,2.762e-17,2.951e-17,2.358e-17,0.0022,-5.72,0
LeftS098175,-43.0436,19.6427,1.887e-12,1.286e-12,4.495e-13,0.0005,-10.35,0
LeftS098176,-43.1384,19.7249,1.730e-16,3.532e-16,1.132e-15,0.0001,-10.29,0
LeftS098178,-38.2367,20.2311,1.099e-15,9.292e-16,4.860e-16,0.0006,-5.7,0
LeftS098179,-43.0435,19.6590,2.150e-15,1.628e-15,6.728e-16,0.0004,-10.37,1
LeftS098180,-42.9810,19.6824,7.510e-19,1.133e-18,1.881e-18,-0.0002,-10.39,0
LeftS098182,-43.6614,19.6242,1.006e-19,1.802e-19,4.390e-19,0.0003,-10.42,0
LeftS098183,-43.1369,19.5790,6.410e-20,1.189e-19,3.129e-19,0.0005,-10.37,0
LeftS098184,-37.8823,20.3049,7.667e-17,7.913e-17,6.193e-17,-0.0004,-5.63,0
LeftS098185,-38.2762,20.2757,2.649e-18,3.818e-18,5.740e-18,0.0007,-5.64,0
LeftS098186,-38.1011,20.3329,2.745e-15,2.133e-15,9.367e-16,0.0018,-5.67,0
LeftS098187,-43.4742,19.5129,1.322e-14,9.414e-15,3.435e-15,-0.0,-10.52,0
LeftS098189,-38.0458,20.3505,1.957e-15,1.583e-15,7.501e-16,-0.0004,-5.62,0
LeftS098190,-43.2380,19.4922,1.510e-18,2.167e-18,3.409e-18,0.0018,-10.45,0
LeftS098191,-38.4486,20.3430,4.475e-15,3.312e-15,1.326e-15,0.0009,-5.6,0
LeftS098192,-38.1433,20.3607,2.211e-16,3.692e-16,7.961e-16,0.0009,-5.68,0
LeftS098193,-38.3354,20.2909,3.255e-15,2.478e-15,1.055e-15,0.0001,-5.63,1
LeftS098194,-43.4356,19.5736,3.838e-18,4.928e-18,6.179e-18,-0.0003,-10.53,0
LeftS098195,-43.7392,19.5006,2.762e-17,3.092e-17,2.766e-17,0.0005,-10.51,0
LeftS098196,-43.4571,19.4921,3.015e-16,4.305e-16,6.430e-16,0.0013,-10.5,0
LeftS098197,-38.3230,20.3760,1.940e-16,1.772e-16,1.114e-16,0.0001,-5.66,0
LeftS098198,-43.3229,19.5081,5.311e-15,4.033e-15,1.718e-15,0.001,-10.5,1
LeftS098199,-38.0148,20.3924,1.986e-20,4.130e-20,1.360e-19,0.0009,-5.65,0
LeftS098200,-43.5381,19.4046,4.166e-17,4.622e-17,4.098e-17,0.0014,-10.55,0
LeftS098201,-43.5544,19.3827,1.722e-15,1.385e-15,6.684e-16,0.0008,-10.49,0
LeftS098202,-38.4682,20.4112,8.306e-15,6.100e-15,2.443e-15,0.0004,-5.7,0
LeftS098203,-38.0402,20.4541,1.262e-11,1.236e-11,8.592e-12,0.0007,-5.68,1
LeftS098204,-38.3186,20.4030,4.624e-18,6.262e-18,8.492e-18,0.0003,-5.66,0
LeftS098205,-38.0053,20.3786,1.464e-16,1.395e-16,8.988e-17,0.0017,-5.73,0
LeftS098206,-43.6303,19.2875,2.129e-17,2.231e-17,1.722e-17,-0.0004,-10.44,0
LeftS098207,-38.3186,20.4551,1.275e-20,2.833e-20,1.113e-19,-0.0001,-5.72,0
LeftS098208,-38.4287,20.4564,2.931e-15,2.272e-15,1.039e-15,0.0004,-5.87,1
LeftS098209,-43.4840,19.3132,9.690e-16,7.929e-16,3.877e-16,0.0012,-10.3,0
LeftS098210,-43.1111,19.4177,5.905e-20,1.188e-19,3.657e-19,0.0005,-10.4,0
LeftS098211,-43.4963,19.3197,5.168e-18,6.466e-18,7.313e-18,0.0,-10.4,0
LeftS098212,-38.3398,20.4462,1.374e-16,1.278e-16,7.890e-17,0.0005,-5.86,0
LeftS098213,-38.4002,20.5312,1.748e-14,1.180e-14,3.935e-15,0.0004,-5.8,0
LeftS098214,-43.2665,19.3587,1.063e-16,1.769e-16,3.609e-16,0.0005,-10.28,0
LeftS098215,-38.8213,20.5196,4.366e-16,8.643e-16,2.517e-15,0.0004,-6.03,0
LeftS098216,-38.7293,20.6564,3.000e-17,3.217e-17,2.667e-17,0.0004,-6.05,0
LeftS098217,-38.6096,20.5839,1.502e-15,2.914e-15,8.122e-15,0.0002,-6.09,0
LeftS098218,-43.2856,19.2509,3.294e-15,2.614e-15,1.149e-15,0.0007,-10.29,1
LeftS098219,-43.2100,19.2663,4.995e-18,6.604e-18,8.116e-18,0.0013,-10.14,0
LeftS098220,-38.4362,20.5978,3.906e-18,5.438e-18,7.654e-18,0.0004,-5.95,0
LeftS098221,-38.7680,20.4958,2.052e-15,1.639e-15,7.513e-16,0.0007,-6.02,0
LeftS098222,-43.1610,19.2498,2.049e-16,4.068e-16,1.235e-15,0.0011,-10.1,0
LeftS098223,-42.6409,19.3110,8.894e-16,7.646e-16,4.192e-16,0.0007,-10.0,0
LeftS098224,-42.8924,19.3814,1.810e-16,1.719e-16,1.138e-16,0.0003,-10.22,0
LeftS098225,-42.8839,19.3160,2.118e-17,2.408e-17,2.182e-17,0.0004,-10.09,0
LeftS098226,-38.6966,20.6021,2.130e-16,3.911e-16,9.905e-16,0.0011,-6.16,0
LeftS098227,-42.6341,19.2681,3.855e-19,6.094e-19,1.098e-18,0.0009,-9.76,0
LeftS098228,-42.7346,19.2294,1.520e-16,2.480e-16,5.000e-16,0.0013,-9.96,0
LeftS098229,-42.5972,19.3232,2.636e-16,2.408e-16,1.499e-16,0.0008,-9.86,0
LeftS098230,-42.6413,19.3090,2.290e-17,2.727e-17,2.694e-17,0.0013,-9.75,0
LeftS098231,-42.5982,19.3141,2.960e-18,3.893e-18,4.928e-18,0.0011,-9.78,0
LeftS098233,-42.3562,19.2336,3.377e-19,5.392e-19,1.008e-18,0.0011,-9.59,0
LeftS098234,-42.2006,19.2557,2.670e-11,1.938e-11,7.441e-12,0.0008,-9.48,0
LeftS098235,-39.3560,20.6756,3.963e-16,7.024e-16,1.715e-15,-0.0,-6.81,0
LeftS098237,-39.4042,20.6711,1.230e-18,1.762e-18,2.589e-18,-0.0002,-6.88,0
LeftS098238,-42.2182,19.2942,7.356e-15,5.277e-15,1.979e-15,-0.0,-9.36,0
LeftS098239,-41.8981,19.2907,9.157e-15,6.606e-15,2.467e-15,0.0005,-9.28,0
LeftS098240,-39.6362,20.5318,2.599e-15,2.038e-15,9.303e-16,0.0001,-6.91,0
LeftS098241,-39.8113,20.5102,1.493e-16,2.677e-16,6.419e-16,0.0009,-6.98,0
LeftS098242,-41.7587,19.2025,3.170e-17,3.461e-17,3.026e-17,0.001,-9.2,0
LeftS098243,-41.8065,19.2280,6.347e-19,9.624e-19,1.591e-18,0.0001,-9.06,0
LeftS098244,-41.5285,19.3853,1.567e-17,1.833e-17,1.816e-17,0.0,-8.97,0
LeftS098245,-39.9928,20.5815,1.233e-11,8.999e-12,3.294e-12,0.0012,-7.26,0
LeftS098246,-41.4848,19.2451,8.545e-14,5.859e-14,1.980e-14,0.0006,-8.84,0
LeftS098247,-41.2836,19.3170,1.334e-16,2.373e-16,5.645e-16,0.0005,-8.72,0
LeftS098248,-40.2867,20.5188,1.178e-20,2.725e-20,1.110e-19,0.0008,-7.48,0
LeftS098249,-41.1969,19.2701,2.194e-16,2.041e-16,1.348e-16,0.0002,-8.64,0
LeftS098250,-40.5261,20.5095,1.572e-19,2.714e-19,5.965e-19,-0.0001,-7.67,0
LeftS098251,-40.9435,19.2850,2.608e-15,2.037e-15,9.026e-16,0.001,-8.47,1
LeftS098252,-40.5412,20.5379,4.571e-16,4.281e-16,2.715e-16,0.0004,-7.74,0
LeftS098253,-40.7408,19.4516,4.782e-16,4.390e-16,2.672e-16,0.0008,-8.3,0
LeftS098254,-40.8903,20.4018,7.933e-19,1.167e-18,1.884e-18,0.0004,-8.01,0
LeftS098255,-40.9346,20.4029,1.255e-17,1.433e-17,1.390e-17,0.0003,-8.05,0
LeftS098256,-40.9313,20.4520,1.643e-11,1.215e-11,4.936e-12,0.0008,-7.98,0
LeftS098257,-40.4012,19.4170,1.809e-15,1.448e-15,6.594e-16,0.0011,-8.08,0
LeftS098258,-40.2810,19.3956,2.588e-18,3.706e-18,5.510e-18,0.0007,-7.99,0
LeftS098259,-41.2727,20.4129,3.176e-20,6.141e-20,1.702e-19,0.0014,-8.24,0
LeftS098260,-40.2465,19.3929,2.700e-16,3.973e-16,6.402e-16,0.0006,-7.95,0
LeftS098261,-41.5026,20.4371,1.865e-16,1.648e-16,9.062e-17,0.0018,-8.43,0
LeftS098262,-39.8531,19.5222,5.755e-20,1.060e-19,2.728e-19,0.0006,-7.61,0
LeftS098263,-39.5041,19.4294,1.365e-18,1.902e-18,2.697e-18,0.0005,-7.5,0
LeftS098264,-39.5437,19.5430,7.397e-16,6.416e-16,3.552e-16,0.0014,-7.34,0
LeftS098265,-42.0065,20.4052,4.636e-18,6.092e-18,7.941e-18,0.0008,-8.72,0
LeftS098267,-42.0517,20.2590,2.636e-16,4.118e-16,7.433e-16,0.0001,-8.81,0
LeftS098268,-39.0881,19.7494,1.875e-16,1.898e-16,1.340e-16,0.0004,-6.93,0
LeftS098269,-38.9894,19.6036,1.086e-18,1.633e-18,2.704e-18,-0.0,-7.06,0
LeftS098271,-42.3303,20.2006,8.343e-15,5.912e-15,2.122e-15,0.0009,-8.96,0
LeftS098272,-39.0020,19.6966,3.425e-16,7.085e-16,2.331e-15,0.0012,-6.93,0
LeftS098273,-38.4344,19.7076,5.949e-17,6.268e-17,4.894e-17,0.0013,-6.63,0
LeftS098274,-38.7234,19.7732,4.054e-16,3.629e-16,2.153e-16,0.0014,-6.75,0
LeftS098275,-42.7557,20.1143,4.394e-20,9.130e-20,3.020e-19,0.0004,-9.33,0
LeftS098276,-43.2551,20.0881,9.713e-18,1.159e-17,1.200e-17,0.0002,-9.61,0
LeftS098277,-38.0655,19.8440,2.070e-20,4.682e-20,1.848e-19,0.0003,-6.5,0
LeftS098278,-43.2686,19.9951,8.742e-16,6.989e-16,3.165e-16,0.001,-9.73,0
LeftS098279,-43.1294,20.0248,6.815e-19,1.077e-18,2.015e-18,0.0005,-9.63,0
LeftS098280,-38.0665,19.8908,2.014e-18,2.820e-18,4.123e-18,0.0009,-6.32,0
LeftS098281,-38.3467,19.8489,3.308e-16,6.061e-16,1.506e-15,0.0008,-6.38,0
LeftS098282,-43.8022,19.9557,1.303e-16,1.231e-16,8.297e-17,0.001,-9.85,0
LeftS098283,-38.5342,19.9059,3.299e-14,2.347e-14,8.807e-15,0.0007,-6.41,0
LeftS098284,-43.4351,19.8397,8.259e-16,6.746e-16,3.185e-16,0.0007,-9.92,0
LeftS098285,-44.2366,19.8094,2.607e-16,4.451e-16,9.307e-16,0.0001,-9.97,0
LeftS098286,-37.5785,20.0638,8.703e-16,7.510e-16,4.220e-16,0.0005,-5.95,0
LeftS098287,-37.7188,20.1311,3.162e-17,3.428e-17,2.844e-17,0.0007,-5.92,0
LeftS098289,-37.7830,20.1467,1.111e-14,8.261e-15,3.416e-15,0.0008,-5.84,0
LeftS098290,-37.1533,20.2647,4.223e-16,8.964e-16,3.067e-15,0.0009,-5.76,0
LeftS098291,-37.3885,20.2465,1.152e-16,1.165e-16,8.600e-17,-0.0001,-5.72,0
LeftS098292,-44.2035,19.6858,1.852e-19,3.634e-19,1.065e-18,0.0013,-10.3,0
LeftS098293,-44.1720,19.6244,4.105e-18,5.621e-18,7.601e-18,0.0016,-10.36,0
LeftS098295,-44.4762,19.4675,1.051e-18,1.606e-18,2.765e-18,0.0012,-10.37,0
LeftS098296,-43.9843,19.4803,4.890e-16,8.024e-16,1.629e-15,0.0014,-10.43,0
LeftS098297,-43.8796,19.5241,3.982e-17,4.441e-17,4.142e-17,0.0003,-10.45,0
LeftS098298,-44.6093,19.4167,1.644e-16,2.871e-16,6.703e-16,0.0004,-10.5,0
LeftS098299,-36.4792,20.5266,6.548e-17,6.308e-17,4.148e-17,0.0014,-5.63,0
LeftS099306,-17.1890,17.4575,7.976e-19,1.095e-18,1.518e-18,0.0,-10.76,0
LeftS099309,-17.1582,17.8846,3.579e-20,6.544e-20,1.570e-19,-0.0,-9.42,0
LeftS099311,-17.1926,18.5596,4.453e-20,8.008e-20,1.965e-19,0.0006,-6.49,0
LeftS099316,-17.1476,17.9267,3.632e-20,6.443e-20,1.492e-19,-0.0002,-8.06,0
LeftS099317,-17.1450,18.2169,1.389e-19,2.313e-19,4.629e-19,0.0004,-6.73,0
LeftS099319,-17.1153,18.0116,1.029e-16,9.284e-17,5.361e-17,0.0009,-7.98,0
LeftS099320,-17.0505,17.8174,2.151e-18,2.830e-18,3.531e-18,0.0008,-9.59,0
LeftS099321,-17.0587,17.1447,8.521e-20,1.392e-19,2.764e-19,0.0005,-10.81,0
LeftS099323,-17.1041,18.0819,1.202e-16,2.092e-16,4.573e-16,-0.0006,-7.06,0
LeftS099324,-17.1570,17.9221,1.210e-16,2.095e-16,4.725e-16,-0.0003,-7.77,0
LeftS099328,-17.1085,17.9698,2.078e-20,4.000e-20,1.129e-19,0.0,-7.49,0
LeftS099330,-17.1942,17.8906,1.311e-20,2.724e-20,8.701e-20,0.0003,-10.14,0
LeftS099331,-17.0392,18.0063,7.995e-17,7.328e-17,4.327e-17,-0.0,-7.95,0
LeftS099332,-17.1735,18.1058,2.584e-20,4.820e-20,1.282e-19,0.0001,-6.91,0
LeftS099334,-17.2878,17.2532,2.106e-19,3.225e-19,5.629e-19,0.0009,-10.41,0
LeftS099336,-17.2020,17.8583,2.447e-19,3.843e-19,6.836e-19,0.0001,-9.01,0
LeftS099339,-16.9733,16.9486,1.698e-20,3.034e-20,7.380e-20,0.0001,-10.47,0
LeftS099340,-17.0009,17.7152,5.983e-18,7.113e-18,7.478e-18,0.0002,-9.51,0
LeftS099343,-16.8986,17.5859,1.583e-17,1.641e-17,1.269e-17,0.0009,-9.39,0
LeftS099346,-17.1019,17.9190,1.777e-20,3.235e-20,8.153e-20,0.0005,-8.35,0
LeftS099347,-17.2948,18.2018,1.593e-20,3.132e-20,9.270e-20,0.0003,-7.15,0
LeftS099348,-17.0425,18.0241,2.137e-12,1.457e-12,5.067e-13,-0.0003,-8.04,0
LeftS099353,-17.0844,17.7956,1.170e-18,1.513e-18,1.801e-18,0.0009,-10.05,0
LeftS099354,-16.7962,17.9982,9.052e-17,1.439e-16,2.687e-16,0.0013,-8.37,0
LeftS099356,-17.1675,17.9562,1.001e-17,1.065e-17,8.696e-18,0.0007,-7.4,0
LeftS099358,-17.0409,17.8227,1.061e-19,1.761e-19,3.738e-19,-0.0003,-9.44,0
LeftS099359,-17.2585,17.6860,4.296e-12,3.674e-12,1.858e-12,0.0003,-9.95,1
LeftS099360,-17.1097,17.9526,6.815e-20,1.159e-19,2.487e-19,0.0003,-7.72,0
LeftS099363,-17.1368,17.8819,1.262e-20,2.374e-20,6.265e-20,0.001,-9.73,0
LeftS099365,-17.1458,18.1445,5.011e-17,9.772e-17,2.780e-16,0.0011,-6.81,0
LeftS099366,-17.0125,17.9492,8.599e-17,7.478e-17,4.103e-17,0.0005,-8.23,0
LeftS099368,-17.2207,18.6437,6.926e-17,6.638e-17,4.241e-17,0.0011,-6.4,0
LeftS099369,-17.2855,17.7400,1.568e-20,3.254e-20,1.058e-19,0.0002,-9.2,0
LeftS099370,-17.1868,17.9352,3.343e-16,7.613e-16,2.998e-15,0.0002,-7.56,0
LeftS099371,-17.0725,17.8829,1.134e-19,1.799e-19,3.343e-19,-0.0009,-8.78,0
LeftS099373,-17.2311,17.9412,4.112e-12,2.832e-12,9.923e-13,0.0007,-8.4,0
LeftS099375,-17.3134,18.4331,8.866e-20,1.530e-19,3.391e-19,0.0004,-7.13,0
LeftS099381,-17.1229,17.9084,9.109e-17,8.181e-17,4.800e-17,-0.0004,-8.3,0
LeftS099384,-17.2243,16.6108,2.860e-17,2.807e-17,1.998e-17,0.0003,-10.84,0
LeftS099386,-16.8785,18.1949,1.183e-20,2.488e-20,8.398e-20,0.0004,-7.77,0
LeftS099387,-16.9443,17.4995,1.400e-16,1.216e-16,6.810e-17,0.0002,-9.57,0
LeftS099388,-17.2010,17.6980,2.208e-19,3.412e-19,6.004e-19,-0.0001,-10.22,0
LeftS099392,-17.3979,16.6743,7.431e-20,1.212e-19,2.351e-19,0.0008,-10.43,0
LeftS099394,-16.9226,18.2183,2.182e-20,3.977e-20,1.001e-19,0.0011,-7.6,0
LeftS099395,-17.2566,17.2353,2.118e-18,2.474e-18,2.451e-18,0.0005,-10.7,0
LeftS099396,-17.0552,17.9591,5.643e-19,8.339e-19,1.287e-18,-0.0,-8.07,0
LeftS099397,-17.1319,18.2354,4.607e-18,5.198e-18,4.861e-18,-0.0002,-6.52,0
LeftS099399,-17.0994,17.5025,6.080e-20,1.046e-19,2.364e-19,0.0001,-10.73,0
LeftS099401,-17.4320,17.5998,1.312e-18,1.648e-18,1.962e-18,0.0009,-9.56,0
LeftS099402,-17.1848,17.8886,4.432e-12,3.995e-12,2.380e-12,0.0005,-9.25,1
LeftS099404,-17.0767,18.0239,3.202e-16,5.170e-16,1.005e-15,0.0013,-7.28,0
LeftS099407,-17.0243,17.6754,4.240e-19,6.189e-19,9.953e-19,0.0001,-10.38,0
LeftS099409,-17.2577,17.7193,6.397e-20,1.143e-19,2.738e-19,0.0004,-9.8,0
LeftS099410,-17.2261,18.1539,3.965e-19,5.519e-19,8.151e-19,0.0002,-6.72,0
LeftS099414,-17.2450,17.9382,1.248e-16,2.722e-16,9.952e-16,0.0009,-8.44,0
LeftS099415,-17.2294,16.3671,1.557e-20,2.846e-20,6.938e-20,0.0006,-10.76,0
LeftS099419,-17.2968,18.4574,3.051e-20,5.471e-20,1.310e-19,-0.0008,-7.02,0
LeftS099420,-16.7993,17.5473,8.332e-20,1.357e-19,2.696e-19,0.0013,-9.42,0
LeftS099426,-17.4403,18.2473,1.671e-16,2.653e-16,5.009e-16,-0.0001,-7.83,0
LeftS099428,-17.2941,17.5264,1.192e-19,1.876e-19,3.499e-19,0.0003,-10.29,0
LeftS099429,-17.1911,19.2861,1.118e-19,1.768e-19,3.239e-19,0.0011,-6.23,0
LeftS099430,-17.1646,17.7438,1.182e-16,2.582e-16,9.847e-16,0.0009,-10.2,0
LeftS099431,-17.0589,17.8996,9.495e-18,1.118e-17,1.124e-17,0.0007,-8.66,0
LeftS099433,-16.8369,18.9163,1.440e-18,1.837e-18,2.139e-18,0.0001,-6.86,0
LeftS099435,-17.6242,17.4189,1.874e-20,3.494e-20,9.469e-20,0.0004,-9.27,0
LeftS099436,-17.2526,18.1413,4.429e-18,5.370e-18,5.683e-18,-0.0004,-7.25,0
LeftS099437,-16.9992,17.3593,1.221e-20,2.464e-20,7.744e-20,0.0009,-10.32,0
LeftS099439,-17.1375,17.6874,3.711e-16,6.384e-16,1.368e-15,0.0001,-10.4,0
LeftS099441,-16.7777,18.5523,2.431e-19,3.760e-19,6.904e-19,0.0015,-7.5,0
LeftS099443,-17.1398,17.1735,6.858e-17,6.241e-17,3.750e-17,0.0005,-10.65,0
LeftS099444,-17.2593,17.9581,1.354e-17,1.430e-17,1.127e-17,0.0004,-8.3,0
LeftS099445,-17.2206,17.0864,6.277e-18,7.204e-18,6.667e-18,0.0,-10.62,0
LeftS099447,-17.0931,18.0854,5.019e-20,9.536e-20,2.666e-19,-0.0,-7.14,0
LeftS099448,-17.1106,17.5822,4.476e-17,7.544e-17,1.568e-16,0.0008,-10.46,0
LeftS099449,-17.2398,17.8894,3.729e-19,5.495e-19,8.742e-19,-0.0002,-9.9,0
LeftS099450,-17.1893,17.9356,7.158e-19,9.692e-19,1.326e-18,0.0015,-7.9,0
LeftS099453,-17.3219,18.3492,3.797e-17,3.733e-17,2.531e-17,0.0008,-7.46,0
LeftS099458,-17.2825,18.4711,1.821e-19,2.928e-19,5.580e-19,-0.0,-6.88,0
LeftS099459,-17.1732,17.7617,1.799e-16,2.730e-16,4.549e-16,0.0007,-10.02,0
LeftS099464,-17.3243,18.2794,1.754e-16,2.861e-16,5.913e-16,0.0004,-7.39,0
LeftS099465,-16.8541,17.2116,4.941e-18,5.878e-18,6.163e-18,0.0003,-9.9,0
LeftS099466,-17.1793,17.9144,6.291e-18,7.149e-18,6.627e-18,0.0004,-8.18,0
LeftS099469,-16.8667,17.3957,2.602e-13,1.713e-13,5.340e-14,0.001,-9.77,0
LeftS099470,-16.9968,17.2746,1.231e-17,1.322e-17,1.084e-17,-0.0001,-10.43,0
LeftS099472,-17.1801,18.6790,1.562e-19,2.411e-19,4.252e-19,0.0004,-6.42,0
LeftS099473,-17.0840,17.9117,4.109e-17,6.597e-17,1.233e-16,-0.0007,-7.3,0
LeftS099474,-17.1029,17.8843,5.078e-20,8.881e-20,2.048e-19,0.0011,-9.55,0
LeftS099475,-17.7426,17.4951,2.873e-19,4.298e-19,6.861e-19,0.0002,-8.99,0
LeftS099477,-17.1848,17.9151,8.180e-19,1.065e-18,1.313e-18,0.0007,-8.58,0
LeftS099483,-17.1056,17.9411,3.273e-16,6.078e-16,1.534e-15,-0.0001,-7.68,0
LeftS099484,-17.0894,17.7178,8.854e-17,1.971e-16,7.236e-16,-0.0,-9.96,0
LeftS099485,-17.1504,18.0924,3.385e-20,6.379e-20,1.699e-19,0.0004,-6.88,0
LeftS099487,-17.1048,17.5778,2.387e-13,1.556e-13,4.856e-14,0.0008,-10.6,0
LeftS099489,-17.1486,17.9106,9.565e-20,1.482e-19,2.723e-19,0.0001,-9.19,0
LeftS099490,-17.1947,18.0388,4.863e-19,6.741e-19,9.518e-19,0.0003,-7.34,0
LeftS099491,-16.9790,18.3148,2.522e-17,2.577e-17,2.006e-17,0.0005,-7.46,0
LeftS099493,-17.1248,17.4304,5.851e-20,1.056e-19,2.587e-19,-0.0008,-10.76,0
LeftS099494,-17.1516,17.9178,2.486e-20,4.629e-20,1.225e-19,0.0002,-8.46,0
LeftS099495,-17.0919,18.1306,3.035e-19,4.737e-19,8.573e-19,0.0002,-7.09,0
LeftS099496,-17.1224,18.2402,4.308e-18,4.987e-18,4.838e-18,0.0002,-6.59,0
LeftS099497,-17.1164,17.6857,1.547e-20,2.780e-20,6.944e-20,0.0,-10.32,0
LeftS099498,-17.2608,17.8308,3.803e-20,7.229e-20,1.958e-19,0.0005,-9.21,0
LeftS099499,-17.0342,17.9016,1.161e-12,1.379e-12,1.380e-12,0.0002,-8.62,0
LeftS099503,-17.1937,18.2911,1.690e-18,2.160e-18,2.503e-18,0.0004,-6.59,0
LeftS099504,-16.9553,17.3716,5.297e-20,1.007e-19,2.730e-19,-0.0004,-10.16,0
LeftS099505,-17.2137,18.0863,1.979e-20,3.686e-20,9.313e-20,-0.0001,-7.1,0
LeftS099506,-17.2008,18.0552,1.361e-18,1.837e-18,2.368e-18,0.0004,-7.77,0
LeftS099509,-17.1888,18.0482,1.818e-12,1.219e-12,4.040e-13,-0.0001,-7.3,0
LeftS099512,-17.2997,17.6234,1.111e-17,1.225e-17,1.050e-17,0.0002,-9.64,0
LeftS099513,-17.7532,18.4343,1.849e-19,2.800e-19,4.761e-19,0.0005,-7.98,0
LeftS099515,-17.1536,18.1191,2.178e-20,4.203e-20,1.175e-19,0.0007,-6.88,0
LeftS099516,-17.1179,18.6669,2.143e-19,3.299e-19,5.873e-19,0.0004,-6.56,0
LeftS099517,-17.1334,17.5467,3.188e-17,5.514e-17,1.252e-16,0.0007,-10.49,0
LeftS099518,-17.4935,18.1265,1.868e-20,3.685e-20,1.049e-19,0.0007,-8.25,0
LeftS099519,-16.9093,17.5465,5.689e-20,9.987e-20,2.252e-19,0.0006,-9.7,0
LeftS099522,-17.1289,17.7063,2.275e-17,2.328e-17,1.741e-17,0.0011,-9.94,0
LeftS099524,-17.1886,17.8508,1.077e-20,2.033e-20,5.418e-20,0.0005,-9.36,0
LeftS099525,-17.4049,18.0136,4.167e-19,6.378e-19,1.087e-18,0.0008,-8.32,0
LeftS099526,-17.1098,17.9507,9.764e-18,1.103e-17,1.021e-17,-0.0003,-8.13,0
LeftS099527,-17.3457,18.0402,1.226e-17,1.335e-17,1.154e-17,0.0005,-8.2,0
LeftS099528,-16.7865,17.1076,4.233e-14,2.781e-14,8.798e-15,0.0006,-9.99,0
LeftS099531,-17.3265,17.3545,4.627e-16,3.809e-16,1.839e-16,0.0004,-10.1,0
LeftS099536,-17.2097,18.5586,1.205e-19,1.966e-19,3.966e-19,0.0001,-6.5,0
LeftS099538,-17.2677,17.9260,3.891e-16,5.612e-16,8.902e-16,0.0001,-8.61,0
LeftS099539,-17.1103,18.1443,1.602e-18,2.178e-18,2.868e-18,0.0012,-6.76,0
LeftS099540,-17.0202,18.0431,1.530e-18,2.014e-18,2.668e-18,0.0007,-7.82,0
LeftS099541,-17.1043,17.5524,2.140e-20,4.056e-20,1.084e-19,0.0004,-10.65,0
LeftS099542,-17.1475,17.9120,4.767e-19,6.898e-19,1.085e-18,0.0005,-8.6,0
LeftS099543,-17.1284,17.8984,2.433e-17,2.530e-17,2.045e-17,-0.0,-9.43,0
LeftS099545,-17.1338,16.6466,5.335e-17,9.155e-17,1.959e-16,-0.0002,-10.95,0
LeftS099550,-17.1353,17.6863,1.236e-16,2.646e-16,9.223e-16,0.0004,-10.36,0
LeftS099551,-17.1549,17.6995,6.676e-18,7.662e-18,7.247e-18,0.0003,-10.32,0
LeftS099552,-17.3632,17.1429,1.416e-19,2.145e-19,3.647e-19,0.0008,-10.0,0
LeftS099554,-17.1899,17.9152,1.008e-19,1.868e-19,4.800e-19,0.0001,-8.64,0
LeftS099555,-17.1115,17.7755,3.707e-19,5.708e-19,1.022e-18,0.0007,-9.9,0
LeftS099560,-17.1795,18.2080,2.316e-20,4.554e-20,1.353e-19,0.0001,-6.99,0
LeftS099561,-17.1778,17.9295,2.062e-18,2.586e-18,2.914e-18,0.0008,-7.07,0
LeftS099562,-17.1174,17.8010,4.428e-18,4.981e-18,4.402e-18,-0.0001,-9.68,0
LeftS099563,-17.0515,17.9276,1.598e-19,2.395e-19,4.097e-19,0.0014,-8.3,0
LeftS099565,-17.2417,17.8069,1.923e-20,3.713e-20,1.037e-19,-0.0003,-9.96,0
LeftS099566,-17.3019,17.9209,6.163e-18,7.080e-18,6.664e-18,0.0006,-8.64,0
LeftS099567,-17.3463,17.7920,2.957e-19,4.325e-19,6.983e-19,-0.0004,-9.0,0
LeftS099568,-17.4651,18.0701,1.328e-19,2.150e-19,4.321e-19,-0.0001,-8.28,0
LeftS099569,-17.1850,17.6745,2.236e-20,3.959e-20,9.565e-20,0.0007,-10.05,0
LeftS099571,-17.1361,18.0952,1.507e-18,1.965e-18,2.511e-18,0.0013,-6.97,0
LeftS099575,-17.2020,18.1485,2.623e-16,2.225e-16,1.113e-16,0.0004,-7.34,0
LeftS099576,-17.1135,17.8797,3.362e-19,5.135e-19,8.760e-19,0.0007,-8.83,0
LeftS099581,-17.1147,18.0645,1.009e-17,1.139e-17,1.031e-17,0.0003,-7.01,0
LeftS099585,-17.1203,17.8973,2.006e-12,1.365e-12,4.510e-13,0.0007,-8.97,0
LeftS099586,-17.0741,18.2142,4.281e-18,4.963e-18,4.816e-18,0.0011,-6.93,0
LeftS099589,-17.2114,18.0783,4.035e-19,5.682e-19,8.406e-19,0.0005,-7.02,0
LeftS099593,-17.0847,17.9103,2.620e-20,5.068e-20,1.462e-19,0.0004,-7.97,0
LeftS099595,-17.0176,18.3096,4.387e-17,4.238e-17,2.903e-17,0.0012,-6.89,0
LeftS099596,-17.5531,17.0244,1.355e-16,2.721e-16,8.336e-16,0.0001,-9.86,0
LeftS099597,-17.2142,18.3348,9.640e-19,1.264e-18,1.602e-18,0.0002,-6.55,0
LeftS099599,-17.1199,17.9652,2.541e-16,4.929e-16,1.434e-15,0.0003,-7.86,0
LeftS099602,-17.1989,17.9105,4.631e-20,8.404e-20,2.100e-19,0.0003,-8.66,0
LeftS099603,-17.1597,17.9386,3.899e-19,5.527e-19,8.253e-19,0.0007,-7.6,0
LeftS099604,-17.1357,18.1614,4.863e-20,7.775e-20,1.520e-19,0.0001,-6.77,0
LeftS099605,-17.2549,18.1359,1.938e-20,3.795e-20,1.125e-19,0.0009,-7.57,0
LeftS099608,-17.1537,18.0117,1.258e-20,2.548e-20,7.627e-20,0.0009,-7.26,0
LeftS099610,-17.1005,17.6768,7.428e-18,7.713e-18,6.266e-18,0.0001,-10.42,0
LeftS099612,-17.1836,17.8900,2.013e-17,2.008e-17,1.472e-17,0.0004,-9.2,0
LeftS099614,-16.9988,18.0054,1.675e-16,3.163e-16,8.497e-16,0.0002,-8.04,0
LeftS099615,-16.9903,17.6831,5.938e-20,1.035e-19,2.347e-19,0.0006,-9.7,0
LeftS099616,-16.9553,16.9643,2.277e-20,4.490e-20,1.281e-19,-0.0001,-10.61,0
LeftS099618,-17.1528,17.8912,1.486e-20,3.000e-20,9.135e-20,0.0001,-9.79,0
LeftS099619,-16.9694,17.9505,4.030e-20,6.990e-20,1.572e-19,0.0002,-8.42,0
LeftS099620,-16.5369,18.1227,2.461e-18,3.091e-18,3.578e-18,0.0004,-8.39,0
LeftS099621,-17.1880,17.7330,5.280e-20,9.087e-20,2.010e-19,0.0003,-10.07,0
LeftS099622,-17.1100,17.9081,1.768e-18,2.388e-18,3.202e-18,0.0005,-8.25,0
LeftS099623,-17.1374,17.9016,4.392e-20,7.677e-20,1.666e-19,0.0002,-10.56,0
LeftS099625,-17.0765,17.8303,4.310e-19,5.736e-19,7.166e-19,-0.0003,-9.19,0
LeftS099626,-17.2534,17.8184,2.278e-18,2.845e-18,3.339e-18,0.0,-9.29,0
LeftS099628,-17.1513,17.9490,4.683e-20,7.987e-20,1.693e-19,0.0001,-8.25,0
LeftS099632,-17.1709,17.5065,5.685e-19,7.911e-19,1.141e-18,-0.0002,-10.68,0
LeftS099638,-17.1330,17.8901,5.506e-12,4.117e-12,1.718e-12,0.0002,-10.03,1
LeftS099641,-17.3453,18.0353,1.662e-17,1.693e-17,1.267e-17,0.0,-6.91,0
LeftS099644,-16.8999,17.9864,8.652e-18,1.033e-17,1.055e-17,0.0004,-7.65,0
LeftS099645,-17.2642,17.8856,1.724e-12,1.167e-12,4.010e-13,0.0003,-9.05,0
LeftS099647,-17.0541,17.6770,1.213e-17,1.399e-17,1.353e-17,-0.0003,-10.34,0
LeftS099649,-17.0009,17.7538,2.590e-16,2.165e-16,1.127e-16,-0.0001,-10.18,0
LeftS099650,-17.2635,17.9364,2.545e-18,3.146e-18,3.453e-18,0.0007,-8.48,0
LeftS099651,-16.8555,18.0561,5.304e-18,6.084e-18,5.662e-18,0.0006,-7.61,0
LeftS099652,-17.1133,18.1237,1.148e-18,1.499e-18,1.851e-18,-0.0002,-6.88,0
LeftS099653,-17.2648,18.1091,7.262e-17,6.714e-17,4.076e-17,0.0004,-6.82,0
LeftS099654,-17.4517,17.8108,3.222e-18,3.881e-18,4.087e-18,0.0005,-9.6,0
LeftS099655,-17.0941,17.7424,3.211e-19,4.665e-19,7.187e-19,0.0006,-10.04,0
LeftS099656,-16.8366,18.0389,3.741e-18,4.515e-18,4.752e-18,0.0014,-6.59,0
LeftS099659,-16.8115,17.7732,5.051e-20,9.361e-20,2.426e-19,0.0006,-9.84,0
LeftS099661,-16.9463,17.9801,4.544e-19,6.677e-19,1.083e-18,-0.0004,-7.39,0
LeftS099662,-17.0641,17.8721,8.859e-18,9.886e-18,9.057e-18,0.0002,-9.03,0
LeftS099663,-17.3879,18.0997,3.666e-17,3.553e-17,2.320e-17,0.0,-6.9,0
LeftS099664,-17.0959,17.9737,1.137e-18,1.496e-18,1.885e-18,0.0006,-7.67,0
LeftS099665,-17.2863,17.9825,9.116e-17,8.249e-17,4.814e-17,0.0005,-7.74,0
LeftS099666,-17.1666,17.7351,6.096e-19,7.630e-19,8.861e-19,-0.0,-10.17,0
LeftS099667,-16.9282,17.7871,5.861e-19,8.137e-19,1.109e-18,-0.0002,-10.55,0
LeftS099668,-16.9874,17.7967,1.565e-17,1.598e-17,1.201e-17,0.001,-10.02,0
LeftS099669,-17.1382,17.9609,5.775e-16,4.802e-16,2.349e-16,0.0005,-8.3,0
LeftS099672,-17.2388,17.6328,1.067e-17,1.252e-17,1.197e-17,0.0,-10.46,0
LeftS099674,-16.9520,17.8486,1.776e-16,1.538e-16,8.319e-17,0.0007,-9.07,0
LeftS099675,-17.1871,17.5993,2.220e-17,2.275e-17,1.680e-17,0.0006,-10.57,0
LeftS099676,-17.1548,18.1567,1.018e-17,1.079e-17,8.809e-18,0.0005,-7.18,0
LeftS099677,-17.0683,18.2015,1.009e-16,9.573e-17,6.124e-17,0.0009,-6.6,0
LeftS099678,-17.4069,17.9434,2.845e-16,2.331e-16,1.141e-16,-0.0005,-8.54,0
LeftS099679,-17.0476,18.0980,4.244e-16,3.499e-16,1.671e-16,0.0009,-7.1,0
LeftS099681,-17.4778,17.8429,6.351e-16,1.519e-15,6.688e-15,0.0005,-9.33,0
LeftS099682,-17.3563,17.9450,3.172e-16,2.685e-16,1.381e-16,0.0001,-8.58,0
LeftS099683,-16.9942,17.7694,2.219e-16,5.199e-16,2.217e-15,0.0001,-9.89,0
LeftS099685,-16.7912,17.9197,1.206e-19,1.996e-19,4.126e-19,0.001,-6.56,0
LeftS099686,-17.1123,17.7974,3.455e-19,4.943e-19,7.384e-19,0.0002,-9.3,0
LeftS099687,-17.3126,18.0134,1.140e-15,8.831e-16,3.948e-16,-0.0006,-7.5,1
LeftS099688,-17.0498,17.6783,8.473e-19,1.102e-18,1.397e-18,0.0005,-10.32,0
LeftS099689,-17.4860,18.1123,5.870e-20,1.051e-19,2.487e-19,0.0013,-7.43,0
LeftS099690,-17.1208,17.7529,3.434e-17,6.223e-17,1.542e-16,-0.0004,-10.08,0
LeftS099691,-17.2808,18.1149,2.252e-18,2.928e-18,3.511e-18,0.0009,-6.76,0
LeftS099692,-17.1035,17.9645,4.713e-17,4.235e-17,2.559e-17,-0.0001,-8.12,0
LeftS099693,-17.2985,17.9911,6.066e-19,8.073e-19,1.059e-18,0.0004,-7.23,0
LeftS099695,-17.2274,17.8162,5.470e-17,4.939e-17,2.868e-17,0.0005,-9.23,0
LeftS099696,-17.1598,17.7013,9.975e-18,1.103e-17,9.389e-18,0.0004,-10.22,0
LeftS099697,-17.0446,17.8841,1.040e-15,8.216e-16,3.809e-16,-0.0003,-8.94,0
LeftS099698,-17.0677,17.9303,4.315e-19,6.115e-19,9.124e-19,0.0011,-8.42,0
LeftS099699,-17.0885,17.6922,3.240e-18,4.085e-18,4.864e-18,0.0005,-10.28,0
LeftS099700,-17.4911,17.5579,1.771e-17,1.905e-17,1.585e-17,0.0013,-10.45,0
LeftS099702,-17.3183,17.8682,8.784e-17,7.896e-17,4.619e-17,-0.0007,-9.48,0
LeftS099705,-16.8744,18.0281,4.272e-20,7.562e-20,1.708e-19,0.001,-6.59,0
LeftS099706,-17.1497,17.8423,2.704e-20,5.175e-20,1.407e-19,0.0,-9.12,0
LeftS099708,-16.9846,17.5250,1.416e-16,1.348e-16,8.562e-17,0.0,-10.5,0
LeftS099711,-17.0473,17.5931,3.924e-17,7.066e-17,1.725e-16,-0.0,-10.44,0
LeftS099712,-17.0017,17.7752,7.923e-20,1.330e-19,2.726e-19,0.0004,-9.66,0
LeftS099713,-17.1931,18.1401,2.301e-17,2.302e-17,1.690e-17,0.0005,-7.87,0
LeftS099715,-17.0448,17.8715,2.482e-19,4.066e-19,7.937e-19,0.0006,-9.1,0
LeftS099716,-17.2079,17.7650,4.103e-18,5.021e-18,5.377e-18,-0.0002,-10.19,0
LeftS099717,-17.0110,17.7838,1.355e-20,2.529e-20,6.610e-20,0.0009,-9.68,0
LeftS099718,-17.2580,18.2087,5.562e-17,8.923e-17,1.768e-16,-0.0,-6.94,0
LeftS099719,-17.1763,18.0384,5.935e-16,4.891e-16,2.344e-16,-0.0007,-7.12,0
LeftS099720,-17.1262,17.4184,2.148e-16,1.829e-16,9.455e-17,0.0008,-10.65,0
LeftS099721,-17.3348,17.8012,1.682e-17,1.738e-17,1.352e-17,0.0007,-10.38,0
LeftS099722,-17.2428,17.7374,8.094e-17,1.499e-16,3.880e-16,0.0011,-10.03,0
LeftS099726,-17.3365,18.0883,3.120e-18,3.739e-18,3.980e-18,0.0002,-6.9,0
LeftS099727,-16.8949,17.9241,1.189e-16,1.069e-16,6.188e-17,0.0019,-7.58,0
LeftS099728,-17.1744,17.4726,9.649e-19,1.303e-18,1.710e-18,0.001,-10.36,0
LeftS099730,-17.3482,18.0321,2.413e-20,4.744e-20,1.378e-19,0.0002,-7.87,0
LeftS099731,-17.4000,18.0363,3.146e-19,4.480e-19,6.738e-19,0.0007,-6.6,0
LeftS099732,-17.4436,17.8041,3.918e-12,2.730e-12,9.796e-13,0.0005,-9.62,0
LeftS099733,-17.0113,17.7301,1.305e-17,1.299e-17,9.249e-18,0.0003,-9.99,0
LeftS099734,-17.3160,17.6121,3.964e-18,4.763e-18,5.001e-18,0.001,-10.19,0
LeftS099735,-17.1943,17.7028,2.345e-18,2.987e-18,3.576e-18,-0.0004,-10.32,0
LeftS099736,-17.2358,17.9657,2.189e-17,2.167e-17,1.539e-17,0.0008,-8.05,0
LeftS099737,-17.1849,17.7542,7.533e-17,6.976e-17,4.232e-17,-0.0,-10.06,0
LeftS099739,-17.2216,18.1375,1.695e-18,2.161e-18,2.655e-18,0.0011,-6.83,0
LeftS099740,-17.3679,18.0093,1.348e-18,1.780e-18,2.251e-18,0.0008,-7.75,0
LeftS099742,-16.8669,17.6835,4.402e-17,4.419e-17,3.117e-17,0.0004,-10.22,0
LeftS099745,-17.4271,17.9141,5.910e-17,9.111e-17,1.575e-16,0.0019,-8.77,0
LeftS099747,-17.2396,17.9540,8.181e-18,8.856e-18,7.708e-18,0.0005,-8.44,0
LeftS099749,-17.2215,17.8903,1.514e-19,2.456e-19,4.945e-19,0.0005,-8.86,0
LeftS099750,-17.2990,17.7842,1.873e-19,2.931e-19,5.322e-19,-0.0004,-10.19,0
LeftS099751,-17.1095,18.0899,5.097e-17,9.956e-17,2.864e-16,0.0003,-7.29,0
LeftS099752,-17.2297,17.5718,1.422e-20,2.804e-20,8.503e-20,0.0007,-10.64,0
LeftS099753,-17.1790,17.7845,1.649e-18,2.154e-18,2.633e-18,0.0012,-9.69,0
LeftS099754,-16.8547,17.9260,7.840e-15,5.396e-15,1.942e-15,0.0011,-8.37,0
LeftS099755,-17.2457,17.8780,1.532e-20,3.116e-20,1.016e-19,0.0003,-9.04,0
LeftS099758,-17.3432,17.8757,2.434e-19,3.929e-19,7.930e-19,0.0001,-9.85,0
LeftS099759,-17.3858,17.6957,1.123e-18,1.490e-18,1.883e-18,0.0002,-10.16,0
LeftS099761,-17.2081,17.8106,1.415e-16,2.241e-16,4.166e-16,0.0009,-9.59,0
LeftS099763,-17.0908,17.6565,6.047e-12,5.977e-12,4.166e-12,-0.0008,-9.78,1
LeftS099764,-17.1572,17.9397,1.330e-15,1.029e-15,4.394e-16,0.0004,-8.35,1
LeftS099765,-16.9034,18.0407,2.690e-17,2.638e-17,1.827e-17,0.0012,-7.51,0
LeftS099766,-16.9416,17.9494,3.135e-17,3.094e-17,2.152e-17,-0.0002,-7.25,0
LeftS099767,-16.9086,18.0427,2.430e-17,2.540e-17,1.949e-17,0.0007,-7.34,0
LeftS099769,-17.1183,17.5593,1.904e-17,1.985e-17,1.485e-17,-0.0001,-10.56,0
LeftS099770,-17.2583,17.7205,2.260e-17,2.259e-17,1.609e-17,-0.0002,-10.29,0
LeftS099773,-16.8947,17.8831,3.053e-12,2.251e-12,8.727e-13,0.0004,-8.61,0
LeftS099774,-17.1008,17.9083,5.295e-17,4.893e-17,3.061e-17,0.0012,-8.59,0
LeftS099775,-17.3920,18.1818,2.002e-15,1.516e-15,6.403e-16,0.0008,-6.53,1
LeftS099776,-16.9104,18.1737,5.503e-16,4.381e-16,2.032e-16,0.0008,-6.54,0
LeftS099778,-17.1211,18.1097,2.291e-16,3.480e-16,5.771e-16,-0.0003,-7.05,0
LeftS099779,-17.3489,18.0038,9.206e-17,1.618e-16,3.631e-16,0.0002,-7.79,0
LeftS099781,-16.9956,18.1225,3.827e-16,3.391e-16,1.892e-16,0.0002,-6.97,0
LeftS099782,-17.4088,17.9204,6.715e-20,1.094e-19,2.200e-19,0.0005,-8.7,0
LeftS099783,-17.3358,18.1250,3.494e-20,6.715e-20,1.870e-19,0.0015,-7.3,0
LeftS099784,-17.0392,17.9632,1.893e-19,3.052e-19,5.876e-19,0.0008,-7.87,0
LeftS099785,-17.1518,18.0750,3.298e-17,3.395e-17,2.640e-17,0.0,-7.71,0
LeftS099786,-17.0991,17.5647,2.696e-20,5.098e-20,1.351e-19,0.0006,-10.64,0
LeftS099787,-17.3796,17.9237,1.041e-16,1.421e-16,1.964e-16,0.0003,-8.81,0
LeftS099788,-17.1519,18.0654,1.243e-17,1.371e-17,1.239e-17,0.001,-7.54,0
LeftS099789,-17.3115,18.1581,3.061e-17,3.007e-17,2.115e-17,0.0008,-7.34,0
LeftS099791,-17.2131,17.4118,4.149e-17,4.025e-17,2.673e-17,0.0001,-10.75,0
LeftS099793,-16.9621,17.6883,4.517e-18,5.178e-18,5.083e-18,0.0001,-10.27,0
LeftS099796,-17.1554,17.8800,5.030e-19,7.222e-19,1.080e-18,0.0005,-8.89,0
LeftS099798,-16.9835,17.8694,7.721e-17,7.058e-17,4.324e-17,0.0001,-8.88,0
LeftS099799,-16.8920,18.0883,1.533e-18,1.884e-18,2.124e-18,0.0012,-7.07,0
LeftS099800,-17.2561,17.9349,5.280e-18,6.213e-18,6.040e-18,0.0005,-8.27,0
LeftS099801,-16.9754,17.9055,1.019e-11,8.782e-12,4.742e-12,0.001,-8.48,1
LeftS099802,-17.3001,17.7444,2.329e-16,3.466e-16,5.669e-16,-0.0003,-9.85,0
LeftS099803,-17.0109,17.9803,2.293e-20,4.156e-20,1.070e-19,0.0014,-7.98,0
LeftS099804,-17.1420,18.0082,6.077e-20,1.023e-19,2.193e-19,0.0007,-8.27,0
LeftS099805,-17.2422,17.8550,3.330e-16,2.766e-16,1.350e-16,0.0008,-9.92,0
LeftS099807,-17.1145,17.8151,2.452e-18,3.281e-18,4.335e-18,0.0003,-9.39,0
LeftS099808,-17.0863,17.7949,1.756e-19,2.745e-19,4.843e-19,0.0007,-9.62,0
LeftS099809,-17.0754,17.8807,3.891e-18,4.582e-18,4.591e-18,-0.0001,-8.78,0
LeftS099810,-17.1246,17.8132,4.354e-17,4.093e-17,2.609e-17,0.0,-9.7,0
LeftS099812,-17.2137,17.9667,6.534e-20,1.125e-19,2.538e-19,0.0005,-8.23,0
LeftS099814,-17.2766,17.9705,4.086e-18,4.946e-18,5.055e-18,0.0007,-8.14,0
LeftS099816,-17.0860,17.8464,1.921e-16,3.313e-16,7.401e-16,0.0004,-9.22,0
LeftS099817,-17.1107,17.8548,4.598e-17,4.515e-17,3.176e-17,-0.0001,-9.05,0
LeftS099818,-17.0845,17.8516,2.668e-18,3.245e-18,3.553e-18,-0.0002,-9.11,0
LeftS099820,-17.1675,17.9139,7.186e-19,9.846e-19,1.416e-18,0.0005,-8.55,0
LeftS099821,-17.1389,17.8702,3.242e-17,3.249e-17,2.396e-17,0.0014,-9.25,0
LeftS099823,-17.0912,17.8959,3.129e-18,3.500e-18,3.161e-18,0.0006,-8.67,0
LeftS099824,-17.1852,18.0139,2.106e-19,3.117e-19,5.181e-19,0.0015,-7.81,0
LeftS099825,-17.0454,17.8021,1.698e-17,1.815e-17,1.483e-17,0.0006,-9.43,0
LeftS099826,-17.1981,17.9973,4.907e-16,3.760e-16,1.656e-16,0.0002,-7.74,0
LeftS099827,-17.0649,17.8352,2.713e-16,4.172e-16,7.259e-16,-0.0001,-9.13,0
LeftS099828,-17.0604,17.7882,2.631e-19,3.891e-19,6.289e-19,-0.0002,-9.53,0
LeftS099831,-17.1173,17.8863,3.601e-20,6.843e-20,1.897e-19,0.0003,-8.81,0
LeftS099832,-17.2320,17.9678,2.485e-20,4.527e-20,1.176e-19,0.0009,-8.17,0
LeftS099833,-17.0657,17.8298,2.125e-17,2.105e-17,1.495e-17,0.0009,-9.29,0
LeftS099834,-17.1853,18.0076,4.937e-17,4.805e-17,3.221e-17,0.0005,-7.84,0
LeftS099835,-17.0610,17.8285,1.920e-15,1.414e-15,5.687e-16,0.0001,-9.43,0
LeftS099836,-17.1074,17.8703,1.882e-19,2.820e-19,4.744e-19,0.001,-8.86,0
LeftS099837,-17.2381,18.0110,3.188e-18,3.931e-18,4.445e-18,0.0007,-8.03,0
LeftS099840,-17.0163,17.8703,2.916e-16,4.605e-16,8.441e-16,0.0011,-8.85,0
LeftS099841,-17.0350,17.8160,4.613e-16,3.821e-16,1.866e-16,-0.0004,-9.2,0
LeftS099842,-17.2162,18.0058,7.218e-20,1.254e-19,2.842e-19,0.0003,-7.72,0
LeftS099845,-17.2099,18.0074,2.310e-16,4.375e-16,1.156e-15,0.001,-7.84,0
LeftS099846,-17.1613,17.8191,1.046e-20,1.961e-20,5.269e-20,0.0004,-9.32,0
LeftS099847,-17.0976,17.8872,4.265e-17,4.027e-17,2.684e-17,-0.0002,-8.77,0
LeftS099848,-17.1726,17.9657,1.132e-19,1.889e-19,3.853e-19,0.0003,-8.08,0
LeftS099850,-17.2516,18.0209,1.506e-15,1.192e-15,5.465e-16,-0.0003,-7.8,1
LeftS099851,-17.1122,17.8597,1.235e-16,2.700e-16,1.006e-15,0.0003,-8.99,0
LeftS099852,-17.1050,17.8512,2.984e-17,3.072e-17,2.398e-17,0.0,-9.05,0
LeftS099854,-17.1899,17.9563,3.227e-19,4.590e-19,7.179e-19,0.0002,-8.23,0
LeftS099855,-17.1251,17.8544,4.514e-20,8.179e-20,1.947e-19,0.0003,-8.98,0
LeftS099856,-17.1094,17.8378,6.553e-13,4.382e-13,1.398e-13,-0.0,-9.46,0
LeftS099857,-17.1087,17.8383,1.562e-12,1.076e-12,3.601e-13,0.0003,-9.34,0
LeftS099858,-17.2450,18.0139,4.181e-12,3.371e-12,1.615e-12,-0.0,-8.02,1
LeftS099859,-17.2217,17.9497,4.775e-17,4.294e-17,2.495e-17,-0.0002,-8.22,0
LeftS099862,-17.2304,18.0772,7.233e-20,1.275e-19,3.010e-19,0.0011,-7.28,0
LeftS099863,-17.2272,18.0455,8.131e-17,1.451e-16,3.480e-16,-0.0002,-7.77,0
LeftS099865,-17.1510,18.0359,3.650e-18,4.338e-18,4.340e-18,0.0004,-7.3,0
LeftS099866,-17.1846,17.9941,2.111e-19,3.365e-19,6.255e-19,0.0006,-7.94,0
LeftS099867,-17.2313,17.9646,1.885e-20,3.563e-20,1.004e-19,0.0002,-8.21,0
LeftS099868,-17.1019,17.8513,4.141e-19,5.916e-19,9.068e-19,0.0001,-9.06,0
LeftS099869,-17.2101,17.9704,9.761e-17,8.897e-17,5.475e-17,0.0004,-8.21,0
LeftS099870,-17.2727,18.0315,1.194e-16,1.081e-16,6.194e-17,0.0008,-8.0,0
LeftS099873,-17.0802,17.8585,6.575e-17,6.292e-17,3.981e-17,-0.0,-8.96,0
LeftS099874,-17.2299,17.9874,7.962e-17,7.424e-17,4.678e-17,-0.0003,-8.03,0
LeftS099875,-17.1133,17.8737,6.572e-20,1.125e-19,2.576e-19,0.0007,-8.84,0
LeftS099876,-17.1888,17.9679,6.962e-17,1.153e-16,2.425e-16,0.0005,-8.21,0
LeftS099877,-17.0487,17.8105,3.873e-19,5.863e-19,9.791e-19,0.0008,-9.21,0
LeftS099880,-17.2072,17.9890,7.852e-18,9.036e-18,8.834e-18,-0.0001,-7.99,0
LeftS099883,-17.2269,18.1241,1.092e-15,8.267e-16,3.444e-16,0.0007,-7.39,1
LeftS099884,-17.2654,18.1386,7.829e-20,1.316e-19,2.839e-19,0.0014,-7.27,0
LeftS099886,-17.0806,17.7462,9.127e-17,1.533e-16,3.245e-16,-0.0002,-9.75,0
LeftS099888,-17.2324,18.0024,4.194e-17,4.235e-17,3.073e-17,-0.0002,-8.0,0
LeftS099889,-17.2428,18.0197,1.988e-19,3.177e-19,5.933e-19,-0.0004,-7.87,0
LeftS099890,-17.2336,18.0074,5.320e-19,7.255e-19,1.007e-18,0.0002,-7.96,0
LeftS099893,-17.2447,18.0388,1.059e-16,9.369e-17,5.277e-17,0.0004,-7.83,0
LeftS099894,-17.0791,17.8367,5.126e-16,4.052e-16,1.846e-16,0.0007,-9.17,0
LeftS099895,-17.2242,18.0690,7.869e-18,8.710e-18,7.665e-18,-0.0003,-7.44,0
LeftS099896,-17.0411,17.8205,3.034e-18,3.596e-18,3.652e-18,0.0006,-9.19,0
LeftS099897,-17.2080,18.0223,9.248e-17,1.359e-16,2.239e-16,0.0002,-7.79,0
LeftS099899,-17.0510,17.7811,2.690e-16,5.190e-16,1.434e-15,0.0008,-9.39,0
LeftS099900,-17.2222,18.0556,3.809e-16,3.145e-16,1.613e-16,0.0004,-7.59,0
LeftS099902,-17.0885,17.8137,1.388e-17,1.511e-17,1.284e-17,0.0003,-9.35,0
LeftS099903,-17.2582,18.0466,2.905e-14,1.069e-13,1.168e-12,0.0004,-7.89,0
LeftS099905,-17.2634,18.0370,3.060e-18,3.706e-18,4.020e-18,-0.0002,-7.86,0
LeftS099906,-17.0361,17.7587,2.895e-18,3.763e-18,4.663e-18,0.0007,-9.41,0
LeftS099907,-17.0527,17.8126,7.374e-13,4.792e-13,1.470e-13,0.0002,-9.06,0
LeftS099913,-17.2616,18.0530,5.780e-20,1.017e-19,2.448e-19,-0.0,-7.74,0
LeftS099914,-17.2540,18.1052,1.465e-18,1.817e-18,2.092e-18,0.0003,-7.5,0
LeftS099915,-17.0481,17.7848,4.493e-20,7.905e-20,1.871e-19,0.0009,-9.59,0
LeftS099916,-17.2541,18.0476,3.533e-20,6.642e-20,1.772e-19,0.0008,-7.75,0
LeftS099917,-17.0678,17.7345,6.233e-18,7.109e-18,7.003e-18,0.0002,-9.54,0
LeftS099918,-17.0629,17.8432,2.894e-19,4.329e-19,7.149e-19,0.0002,-8.96,0
LeftS099920,-17.0427,17.8076,3.257e-19,5.176e-19,9.631e-19,0.0003,-9.21,0
LeftS099921,-17.0771,17.8456,1.399e-16,2.439e-16,5.516e-16,0.001,-9.08,0
LeftS099922,-17.2646,18.0212,2.117e-19,3.352e-19,6.270e-19,0.0005,-8.1,0
LeftS099924,-17.2446,18.0765,2.376e-19,3.597e-19,6.060e-19,0.0003,-7.64,0
LeftS099925,-17.2852,18.1650,2.217e-16,1.926e-16,1.020e-16,0.0004,-7.5,0
LeftS099928,-17.2559,18.0248,1.132e-18,1.538e-18,2.059e-18,0.0006,-8.0,0
LeftS099929,-17.0733,17.7746,9.384e-17,2.035e-16,7.389e-16,0.0004,-9.39,0
LeftS099930,-17.2618,18.1565,5.825e-15,4.234e-15,1.600e-15,0.0004,-7.29,0
LeftS099931,-17.0457,17.7419,1.034e-16,2.120e-16,7.030e-16,0.0004,-9.42,0
LeftS099932,-17.2455,18.1002,6.034e-16,4.983e-16,2.500e-16,-0.0005,-7.61,0
LeftS099934,-17.2271,18.0737,7.380e-17,6.906e-17,4.223e-17,-0.0001,-7.68,0
LeftS099935,-17.2557,18.0966,1.386e-19,2.224e-19,4.366e-19,0.0008,-7.74,0
LeftS099936,-17.0144,17.7741,4.608e-17,4.317e-17,2.867e-17,0.0017,-9.24,0
LeftS099938,-17.2413,18.0740,5.373e-17,8.989e-17,1.892e-16,0.0015,-7.66,0
LeftS099939,-17.0132,17.7462,1.142e-18,1.565e-18,2.162e-18,-0.0005,-9.47,0
LeftS099940,-17.3116,18.0959,4.440e-16,8.787e-16,2.563e-15,0.0001,-7.81,0
LeftS099941,-17.2228,17.9551,3.765e-20,7.024e-20,1.778e-19,-0.0004,-8.39,0
LeftS099943,-17.2123,18.0742,7.452e-17,6.732e-17,3.976e-17,0.001,-7.65,0
LeftS099944,-17.0672,17.7109,4.609e-18,5.397e-18,5.243e-18,0.0,-9.73,0
LeftS099945,-17.2408,18.1066,1.890e-16,2.854e-16,4.914e-16,-0.0003,-7.58,0
LeftS099946,-17.0189,17.8042,1.916e-18,2.362e-18,2.597e-18,0.0004,-9.15,0
LeftS099947,-17.0247,17.7275,2.017e-17,2.155e-17,1.831e-17,0.0003,-9.59,0
LeftS099948,-17.0191,17.8660,2.866e-19,4.460e-19,8.239e-19,0.001,-8.76,0
LeftS099949,-17.0002,17.7805,3.851e-19,5.485e-19,8.535e-19,0.0005,-9.18,0
LeftS099950,-17.0895,17.7334,8.722e-19,1.123e-18,1.375e-18,-0.0005,-9.67,0
LeftS099952,-17.2611,18.0419,3.296e-19,5.072e-19,8.817e-19,-0.0004,-7.85,0
LeftS099953,-17.0574,17.7733,2.838e-17,2.851e-17,2.119e-17,-0.0002,-9.42,0
LeftS099954,-16.9909,17.7744,4.942e-17,4.763e-17,3.291e-17,-0.0001,-9.26,0
LeftS099955,-17.0427,17.7369,4.354e-16,1.016e-15,4.213e-15,0.0003,-9.46,0
LeftS099956,-17.2523,18.0543,5.258e-20,9.238e-20,2.168e-19,0.0001,-7.9,0
LeftS099959,-17.2663,18.0903,1.633e-17,1.745e-17,1.411e-17,0.001,-7.6,0
LeftS099960,-17.2274,18.0437,5.807e-12,4.596e-12,2.113e-12,-0.0,-7.89,1
LeftS099961,-16.9761,17.7749,1.104e-17,1.215e-17,1.092e-17,-0.0005,-9.12,0
LeftS099962,-17.0781,17.8185,1.240e-16,1.080e-16,5.937e-17,0.0,-9.18,0
LeftS099963,-17.2331,18.0773,1.698e-16,1.448e-16,7.536e-17,0.0001,-7.65,0
LeftS099964,-17.2783,18.1612,1.655e-19,2.555e-19,4.519e-19,0.0015,-7.63,0
LeftS099966,-17.0113,17.7531,2.719e-19,4.089e-19,7.134e-19,0.0004,-9.33,0
LeftS099968,-17.2548,18.1369,6.611e-12,4.843e-12,1.848e-12,0.0005,-7.58,0
LeftS099970,-17.2665,18.1021,3.158e-17,5.521e-17,1.324e-16,0.0005,-7.72,0
LeftS099971,-17.0299,17.6609,1.075e-18,1.445e-18,1.858e-18,0.0002,-9.75,0
LeftS099972,-17.0691,17.7661,1.414e-16,1.284e-16,7.517e-17,0.0009,-9.44,0
LeftS099973,-16.9924,17.7631,3.219e-18,3.768e-18,3.831e-18,0.0003,-9.18,0
LeftS099976,-17.2696,18.0304,3.602e-12,2.594e-12,9.530e-13,0.0003,-7.86,0
LeftS099977,-17.0336,17.7581,1.953e-16,4.707e-16,2.052e-15,0.0004,-9.33,0
LeftS099980,-17.2962,18.0413,1.532e-16,1.336e-16,7.447e-17,0.0005,-7.96,0
LeftS099982,-16.9950,17.6763,2.686e-17,2.629e-17,1.856e-17,0.0009,-9.56,0
LeftS099984,-17.0371,17.7708,3.304e-16,2.788e-16,1.437e-16,0.0008,-9.31,0
LeftS099986,-17.3239,18.1153,4.914e-17,4.813e-17,3.344e-17,0.0002,-7.8,0
LeftS099987,-17.2783,18.1089,1.119e-20,2.276e-20,7.075e-20,-0.0003,-7.78,0
LeftS099988,-16.9797,17.7667,3.194e-20,5.874e-20,1.462e-19,-0.0001,-9.31,0
LeftS099989,-17.0369,17.7298,1.069e-15,7.978e-16,3.231e-16,0.001,-9.47,0
LeftS099990,-17.2676,18.0662,3.602e-17,3.677e-17,2.766e-17,-0.0004,-7.8,0
LeftS099991,-17.0689,17.7601,7.575e-20,1.311e-19,2.866e-19,0.0006,-9.44,0
LeftS099993,-17.2766,18.1013,1.100e-17,1.199e-17,1.015e-17,0.0003,-7.73,0
LeftS099994,-16.9376,17.7086,1.648e-20,3.396e-20,1.082e-19,-0.0001,-9.35,0
LeftS099995,-17.3134,18.1113,9.482e-20,1.657e-19,3.802e-19,0.0008,-7.78,0
LeftS099997,-17.3260,18.1977,2.135e-16,1.822e-16,9.863e-17,-0.0002,-7.37,0
LeftS099998,-16.9837,17.6469,5.236e-19,7.612e-19,1.205e-18,-0.0,-9.62,0
LeftS100000,-17.2867,18.0911,3.127e-18,3.821e-18,4.174e-18,0.0001,-7.72,0
LeftS100001,-16.9817,17.7389,3.548e-16,5.696e-16,1.059e-15,0.0001,-9.29,0
LeftS100003,-16.9917,17.6572,3.898e-12,2.912e-12,1.166e-12,-0.0009,-9.56,0
LeftS100007,-17.2918,18.1656,3.328e-18,3.929e-18,4.159e-18,0.0006,-7.54,0
LeftS100009,-17.3194,18.0902,3.869e-18,4.707e-18,4.996e-18,0.0007,-8.02,0
LeftS100010,-17.0035,17.6656,4.685e-17,4.409e-17,2.851e-17,-0.0007,-9.5,0
LeftS100011,-16.9840,17.6901,8.257e-18,9.459e-18,9.118e-18,0.0006,-9.32,0
LeftS100012,-17.2686,18.1060,3.554e-16,2.909e-16,1.397e-16,0.0004,-7.93,0
LeftS100013,-17.2934,18.1702,5.036e-19,7.477e-19,1.242e-18,0.0005,-7.68,0
LeftS100015,-17.3348,18.1321,4.014e-17,3.885e-17,2.647e-17,-0.0001,-7.8,0
LeftS100016,-17.3452,18.1537,7.761e-18,8.679e-18,7.975e-18,0.0002,-7.78,0
LeftS100017,-17.3430,18.1992,4.434e-19,6.390e-19,9.879e-19,0.0008,-7.59,0
LeftS100018,-17.3364,18.1678,4.410e-18,5.210e-18,5.281e-18,-0.0002,-7.64,0
LeftS100019,-17.3253,18.1633,1.479e-16,1.252e-16,6.835e-17,0.0008,-7.67,0
LeftS100021,-16.9856,17.7026,2.958e-18,3.610e-18,3.822e-18,0.0001,-9.35,0
LeftS100022,-17.3338,18.1851,5.211e-12,4.453e-12,2.258e-12,-0.0001,-7.68,1
LeftS100025,-17.3142,18.1811,7.683e-17,1.412e-16,3.655e-16,0.0007,-7.72,0
LeftS100027,-16.9723,17.6097,1.054e-17,1.141e-17,9.643e-18,0.0008,-9.69,0
LeftS100030,-17.1490,17.9103,7.892e-16,6.380e-16,2.948e-16,0.0007,-15.43,0
LeftS100031,-17.1487,17.9095,1.601e-14,1.115e-14,3.862e-15,0.0003,-14.29,0
LeftS100032,-17.1497,17.9109,1.778e-12,1.200e-12,3.994e-13,0.0005,-8.08,0
LeftS100033,-17.2966,18.1612,2.294e-16,3.899e-16,8.166e-16,-0.0002,-7.67,0
LeftS100034,-17.3284,18.1627,3.695e-18,4.450e-18,4.532e-18,0.0013,-7.75,0
LeftS100035,-16.9534,17.6711,1.951e-15,1.468e-15,5.924e-16,0.0007,-9.37,0
LeftS100036,-16.9491,17.6982,5.690e-16,4.623e-16,2.278e-16,0.0003,-9.29,0
LeftS100037,-17.3304,18.0754,9.616e-16,2.920e-15,2.128e-14,0.0004,-8.09,0
LeftS100038,-16.9499,17.7516,3.846e-15,2.878e-15,1.140e-15,0.0015,-9.06,0
LeftS100039,-17.3364,18.0407,4.385e-14,2.988e-14,1.028e-14,0.0012,-8.25,0
LeftS100040,-16.9511,17.8295,3.026e-19,4.631e-19,7.917e-19,-0.0007,-8.85,0
LeftS100041,-17.3464,17.9763,7.747e-15,5.612e-15,2.120e-15,0.0007,-8.42,0
LeftS100042,-16.9634,17.9022,2.754e-14,1.916e-14,6.781e-15,0.0005,-8.6,0
LeftS100043,-17.3419,17.9109,3.605e-15,2.561e-15,9.299e-16,0.0002,-8.69,0
LeftS100044,-16.9551,17.9763,5.500e-16,4.608e-16,2.354e-16,-0.0,-8.38,0
LeftS100045,-17.3453,17.8478,2.462e-16,2.212e-16,1.310e-16,-0.0001,-8.81,0
LeftS100046,-16.9436,18.0175,1.142e-14,8.024e-15,2.901e-15,0.0002,-8.2,0
LeftS100047,-17.3739,17.7776,1.315e-15,1.061e-15,4.999e-16,-0.0003,-9.06,0
LeftS100048,-16.9384,18.0610,4.524e-14,3.091e-14,1.075e-14,0.0003,-8.08,0
LeftS100049,-17.3517,17.7379,1.639e-16,1.493e-16,9.019e-17,-0.0,-9.15,0
LeftS100050,-16.9434,18.1417,3.782e-15,2.827e-15,1.136e-15,0.0009,-7.86,0
LeftS100051,-17.3678,17.6673,2.134e-16,3.568e-16,7.488e-16,-0.0002,-9.39,0
LeftS100052,-16.9530,18.2613,9.577e-16,7.615e-16,3.553e-16,0.0005,-7.63,0
LeftS100053,-17.3371,17.5819,2.323e-15,1.771e-15,7.455e-16,0.0009,-9.65,1
LeftS100054,-16.9572,18.2985,7.847e-16,6.448e-16,3.082e-16,0.001,-7.46,0
LeftS100055,-17.3189,17.4977,7.014e-16,5.805e-16,2.735e-16,-0.0002,-9.86,0
LeftS100056,-16.9617,18.3636,1.917e-16,1.719e-16,9.858e-17,0.0009,-7.33,0
LeftS100057,-17.2912,17.4208,1.464e-15,1.108e-15,4.576e-16,0.0006,-9.99,1
LeftS100058,-16.9641,18.4706,4.642e-16,3.793e-16,1.825e-16,-0.0001,-7.04,0
LeftS100059,-16.9739,18.4747,7.862e-16,6.359e-16,2.976e-16,0.0006,-7.05,0
LeftS100060,-16.9987,18.4489,2.648e-14,1.770e-14,6.001e-15,0.0004,-7.01,0
LeftS100061,-17.3026,17.2907,1.119e-16,2.039e-16,5.189e-16,0.0008,-10.32,0
LeftS100062,-17.0097,18.5444,1.484e-16,2.442e-16,5.026e-16,-0.0003,-6.79,0
LeftS100063,-17.2846,17.2721,5.660e-12,4.539e-12,2.182e-12,0.0,-10.48,1
LeftS100064,-17.0284,18.6091,2.823e-18,3.601e-18,4.214e-18,0.0,-6.76,0
LeftS100065,-17.2716,17.2388,7.180e-15,5.037e-15,1.742e-15,0.0002,-10.56,0
LeftS100066,-17.2616,17.1221,3.617e-14,2.423e-14,8.241e-15,0.0007,-10.55,0
LeftS100067,-17.2541,17.1371,2.632e-17,4.466e-17,9.991e-17,0.0009,-10.59,0
LeftS100068,-17.0470,18.7338,6.582e-12,5.057e-12,2.218e-12,-0.0004,-6.48,1
LeftS100069,-17.2277,17.1437,4.125e-12,2.887e-12,9.969e-13,0.0006,-10.73,0
LeftS100070,-17.0899,18.8008,7.490e-18,8.453e-18,7.850e-18,-0.0001,-6.46,0
LeftS100071,-17.1098,18.7497,1.087e-14,7.443e-15,2.532e-15,-0.0008,-6.48,0
LeftS100072,-17.1781,17.0658,1.104e-15,8.669e-16,3.815e-16,0.0006,-10.91,0
LeftS100073,-17.1419,18.7013,2.204e-14,1.507e-14,5.063e-15,0.0003,-6.32,0
LeftS100074,-17.1609,16.9638,7.759e-12,6.757e-12,3.568e-12,0.0008,-10.78,1
LeftS100075,-17.1128,17.0700,9.684e-17,2.142e-16,7.818e-16,-0.0005,-10.79,0
LeftS100076,-17.1683,18.7421,1.206e-15,8.873e-16,3.421e-16,0.0005,-6.36,0
LeftS100077,-17.1109,17.0372,8.133e-16,6.629e-16,3.084e-16,0.0001,-10.84,0
LeftS100078,-17.1038,16.9731,3.385e-15,2.544e-15,1.042e-15,0.0003,-10.93,0
LeftS100079,-17.0873,16.9439,1.956e-14,1.377e-14,4.866e-15,0.0005,-10.7,0
LeftS100080,-17.0528,17.0106,1.141e-15,8.632e-16,3.589e-16,0.0004,-10.76,1
LeftS100081,-17.2229,18.8948,2.139e-15,1.632e-15,6.849e-16,0.001,-6.39,1
LeftS100082,-17.2394,18.8581,2.822e-12,1.999e-12,7.019e-13,0.0015,-6.37,0
LeftS100083,-17.0239,17.0288,2.129e-14,1.464e-14,4.866e-15,0.0006,-10.73,0
LeftS100084,-17.0210,17.0490,5.153e-16,4.074e-16,1.795e-16,0.0011,-10.71,0
LeftS100085,-17.2951,18.7608,4.258e-12,3.107e-12,1.221e-12,0.0002,-6.54,0
LeftS100086,-16.9912,17.0325,4.775e-16,4.026e-16,1.993e-16,0.0006,-10.58,0
LeftS100087,-17.3370,18.7739,6.431e-17,1.312e-16,4.072e-16,-0.0,-6.72,0
LeftS100088,-16.9865,17.0980,7.013e-15,5.033e-15,1.856e-15,0.0011,-10.59,0
LeftS100089,-17.3402,18.7170,6.057e-17,9.593e-17,1.804e-16,0.0009,-6.72,0
LeftS100090,-17.3482,18.6832,1.040e-14,7.377e-15,2.585e-15,0.0002,-6.76,0
LeftS100091,-17.3444,18.6434,3.610e-15,2.649e-15,1.028e-15,0.0002,-6.87,0
LeftS100092,-17.3733,18.6411,1.928e-14,1.365e-14,4.907e-15,0.0003,-6.95,0
LeftS100093,-17.3780,18.6052,1.205e-15,9.002e-16,3.837e-16,0.0002,-7.09,1
LeftS100094,-17.4164,18.5789,1.415e-15,1.119e-15,5.135e-16,0.0001,-7.13,1
LeftS100095,-16.9060,17.2899,1.450e-14,1.031e-14,3.666e-15,0.0001,-10.09,0
LeftS100096,-17.4121,18.4806,7.993e-17,7.615e-17,4.828e-17,0.0006,-7.31,0
LeftS100097,-17.3838,18.4170,2.357e-16,2.116e-16,1.213e-16,-0.0005,-7.39,0
LeftS100098,-16.8597,17.3894,4.379e-16,3.697e-16,1.906e-16,0.0007,-9.76,0
LeftS100099,-17.4179,18.3559,1.848e-12,2.254e-12,2.513e-12,0.0005,-7.66,0
LeftS100100,-17.4444,18.3304,1.199e-16,1.138e-16,7.331e-17,0.0001,-7.72,0
LeftS100101,-16.8486,17.5210,2.385e-15,1.779e-15,7.246e-16,0.0011,-9.52,0
LeftS100102,-17.4481,18.2450,6.983e-15,4.966e-15,1.864e-15,-0.0002,-7.83,0
LeftS100103,-17.4863,18.2253,2.547e-14,1.701e-14,5.332e-15,0.0004,-7.96,0
LeftS100104,-17.4596,18.1552,1.046e-15,8.305e-16,3.720e-16,0.0006,-8.09,1
LeftS100105,-17.4721,18.1263,1.171e-16,2.016e-16,4.577e-16,-0.0004,-8.19,0
LeftS100106,-16.8313,17.7411,3.862e-15,2.883e-15,1.120e-15,0.0004,-8.85,0
LeftS100107,-16.7826,17.7605,5.168e-17,5.226e-17,3.894e-17,0.0017,-8.89,0
LeftS100108,-16.8430,17.8708,6.355e-15,4.852e-15,1.979e-15,0.0004,-8.68,0
LeftS100109,-16.8009,17.9015,2.812e-14,1.894e-14,6.307e-15,0.0011,-8.52,0
LeftS100110,-17.4623,17.8966,1.095e-13,7.140e-14,2.148e-14,0.001,-8.6,0
LeftS100111,-16.7965,18.0248,1.456e-18,1.925e-18,2.566e-18,0.0005,-8.3,0
LeftS100112,-17.4695,17.8042,1.276e-15,9.926e-16,4.460e-16,0.0003,-8.79,1
LeftS100113,-16.8420,18.1339,1.039e-15,8.160e-16,3.565e-16,0.0013,-8.07,1
LeftS100114,-16.8026,18.1783,1.116e-14,7.762e-15,2.683e-15,0.0005,-8.04,0
LeftS100115,-17.4443,17.5859,7.823e-17,1.423e-16,3.454e-16,0.0003,-9.25,0
LeftS100116,-17.4682,17.5920,7.246e-15,5.030e-15,1.765e-15,0.0009,-9.27,0
LeftS100117,-17.4646,17.5182,1.690e-15,1.299e-15,5.720e-16,0.0013,-9.36,1
LeftS100118,-16.8468,18.3848,8.265e-17,1.398e-16,2.988e-16,0.0006,-7.61,0
LeftS100119,-16.8314,18.4406,3.915e-12,2.777e-12,1.009e-12,0.0006,-7.5,0
LeftS100120,-17.4335,17.3750,1.337e-17,1.381e-17,1.066e-17,0.0005,-9.71,0
LeftS100121,-17.4283,17.3500,6.153e-15,4.487e-15,1.715e-15,0.0003,-9.69,0
LeftS100122,-17.4114,17.2238,4.387e-12,3.145e-12,1.150e-12,0.0003,-9.97,0
LeftS100123,-17.3890,17.2436,1.100e-14,7.659e-15,2.718e-15,0.0011,-10.01,0
LeftS100124,-17.3927,17.1610,2.220e-20,4.191e-20,1.111e-19,0.0001,-10.12,0
LeftS100125,-16.9230,18.7224,1.783e-15,1.438e-15,6.449e-16,-0.0001,-6.99,1
LeftS100126,-17.3872,17.0495,1.114e-16,1.021e-16,6.339e-17,0.0003,-10.27,0
LeftS100127,-16.9393,18.8043,4.740e-18,5.813e-18,6.288e-18,0.0001,-6.81,0
LeftS100128,-16.9565,18.8153,4.375e-14,3.078e-14,1.091e-14,0.0002,-6.8,0
LeftS100129,-16.9570,18.9757,1.960e-17,1.997e-17,1.524e-17,0.0001,-6.64,0
LeftS100130,-16.9933,18.9463,5.370e-16,4.562e-16,2.319e-16,0.0011,-6.57,0
LeftS100131,-17.3158,16.8039,7.542e-16,5.857e-16,2.540e-16,0.0005,-10.61,1
LeftS100132,-17.2793,16.8723,2.045e-15,6.436e-15,5.069e-14,0.0002,-10.62,0
LeftS100133,-17.0445,19.0061,3.861e-16,3.220e-16,1.645e-16,0.0009,-6.42,0
LeftS100134,-17.0416,19.0813,1.214e-13,8.191e-14,2.589e-14,0.0007,-6.41,0
LeftS100135,-17.0458,19.1061,6.467e-15,4.412e-15,1.488e-15,0.0006,-6.42,0
LeftS100136,-17.2251,16.7854,7.661e-17,6.947e-17,4.176e-17,0.0006,-10.84,0
LeftS100137,-17.2012,16.7583,4.504e-16,3.694e-16,1.747e-16,-0.0001,-10.75,0
LeftS100138,-17.1783,16.6590,6.402e-17,1.028e-16,1.925e-16,0.0009,-10.83,0
LeftS100140,-17.1581,16.6979,6.039e-16,4.829e-16,2.297e-16,0.0001,-11.01,0
LeftS100141,-17.1385,16.6371,1.036e-11,8.213e-12,3.590e-12,0.0006,-10.94,1
LeftS100142,-17.1040,16.7010,2.433e-16,2.085e-16,1.101e-16,0.0005,-10.82,0
LeftS100143,-17.1109,16.6466,1.730e-15,1.381e-15,6.260e-16,0.0003,-10.89,1
LeftS100144,-17.2085,19.1718,5.442e-16,4.422e-16,2.117e-16,0.0009,-6.36,0
LeftS100145,-17.0451,16.6307,8.362e-16,6.779e-16,3.223e-16,0.0004,-10.91,0
LeftS100146,-17.2416,19.1487,1.646e-16,3.103e-16,8.494e-16,-0.0003,-6.42,0
LeftS100147,-17.0185,16.6144,3.040e-15,2.321e-15,1.020e-15,-0.0002,-10.86,1
LeftS100148,-17.3148,19.1225,9.037e-16,7.505e-16,3.659e-16,-0.0003,-6.38,0
LeftS100149,-17.2991,19.1394,2.011e-15,1.543e-15,6.402e-16,-0.0004,-6.43,1
LeftS100150,-17.3228,19.0602,7.963e-17,7.374e-17,4.545e-17,0.0005,-6.52,0
LeftS100151,-17.3562,19.0891,1.530e-16,1.336e-16,7.295e-17,0.0004,-6.47,0
LeftS100152,-16.9461,16.8381,1.808e-16,1.515e-16,7.527e-17,0.0005,-10.58,0
LeftS100153,-16.8896,16.7328,1.754e-16,1.598e-16,9.476e-17,-0.0003,-10.58,0
LeftS100154,-17.3898,19.0081,9.683e-16,7.702e-16,3.412e-16,0.0009,-6.69,0
LeftS100155,-16.9083,16.8762,3.738e-19,5.546e-19,9.217e-19,0.0003,-10.53,0
LeftS100156,-17.3666,18.8436,6.801e-16,5.587e-16,2.727e-16,0.0004,-6.68,0
LeftS100157,-16.8694,16.9134,5.710e-16,1.231e-15,4.268e-15,-0.0005,-10.35,0
LeftS100158,-17.4727,18.8679,4.865e-15,3.554e-15,1.421e-15,0.0001,-7.03,0
LeftS100159,-17.4837,18.8275,1.116e-16,9.925e-17,5.627e-17,0.0001,-7.13,0
LeftS100160,-17.4618,18.7257,4.827e-13,7.323e-13,1.255e-12,-0.0003,-7.1,0
LeftS100161,-17.4871,18.7227,1.974e-15,1.482e-15,5.967e-16,0.0005,-7.24,0
LeftS100162,-17.4781,18.6411,3.138e-16,4.689e-16,7.902e-16,0.0007,-7.23,0
LeftS100163,-16.7818,17.1860,8.205e-12,6.186e-12,2.452e-12,-0.0,-9.87,0
LeftS100164,-17.5462,18.5835,8.591e-20,1.442e-19,3.025e-19,0.0006,-7.49,0
LeftS100165,-16.7185,17.2627,9.040e-16,7.239e-16,3.311e-16,-0.0003,-9.63,0
LeftS100166,-17.5246,18.4220,6.108e-15,4.357e-15,1.642e-15,-0.0002,-7.71,0
LeftS100167,-16.7395,17.3995,3.666e-14,2.550e-14,8.979e-15,0.0004,-9.47,0
LeftS100168,-17.5583,18.3543,1.392e-14,1.012e-14,3.916e-15,-0.0003,-7.85,0
LeftS100169,-17.5435,18.2634,2.194e-14,1.623e-14,6.309e-15,0.0013,-8.01,0
LeftS100170,-17.5370,18.2083,1.717e-14,1.220e-14,4.638e-15,0.0004,-8.08,0
LeftS100171,-17.5368,18.1016,6.602e-17,1.172e-16,2.893e-16,0.0007,-8.27,0
LeftS100172,-16.7200,17.7133,1.392e-12,9.414e-13,3.084e-13,0.0012,-8.99,0
LeftS100173,-17.5698,18.0192,2.724e-15,2.023e-15,8.281e-16,0.0005,-8.47,0
LeftS100174,-16.7247,17.8497,8.884e-17,8.344e-17,5.327e-17,0.0006,-8.66,0
LeftS100175,-17.5393,17.8664,2.007e-16,3.363e-16,6.977e-16,0.0006,-8.69,0
LeftS100176,-17.5896,17.9026,3.752e-16,8.033e-16,2.802e-15,0.0011,-8.61,0
LeftS100177,-17.5724,17.7909,1.461e-16,2.206e-16,3.582e-16,-0.0001,-8.86,0
LeftS100178,-17.5624,17.7075,5.763e-15,4.434e-15,1.971e-15,0.0006,-8.99,0
LeftS100179,-16.7366,18.1802,4.507e-19,6.876e-19,1.174e-18,0.0006,-8.11,0
LeftS100180,-16.7301,18.2912,1.053e-14,7.385e-15,2.577e-15,0.0002,-7.91,0
LeftS100181,-16.7630,18.2907,4.277e-12,3.078e-12,1.139e-12,0.001,-7.93,0
LeftS100182,-16.7355,18.4065,1.793e-16,1.510e-16,7.842e-17,0.0005,-7.84,0
LeftS100183,-17.5357,17.4276,1.824e-16,3.288e-16,7.980e-16,0.0005,-9.39,0
LeftS100184,-16.8042,18.5008,8.916e-15,6.323e-15,2.268e-15,0.0006,-7.53,0
LeftS100186,-17.4932,17.1647,9.435e-16,7.531e-16,3.456e-16,0.0002,-9.77,0
LeftS100187,-17.4781,17.1775,3.840e-16,3.222e-16,1.645e-16,0.0002,-9.88,0
LeftS100188,-17.4834,17.0440,4.572e-16,3.761e-16,1.868e-16,0.0001,-10.06,0
LeftS100189,-17.4761,17.0260,1.995e-15,1.554e-15,6.917e-16,-0.0001,-10.06,1
LeftS100190,-17.4486,16.9807,4.094e-16,3.436e-16,1.744e-16,0.0001,-10.17,0
LeftS100191,-16.8502,18.9729,4.926e-17,4.918e-17,3.483e-17,0.0003,-6.85,0
LeftS100192,-16.8786,18.9422,7.917e-13,5.197e-13,1.680e-13,0.0009,-6.96,0
LeftS100193,-16.9010,19.0479,6.459e-12,4.998e-12,2.081e-12,-0.0001,-6.81,1
LeftS100194,-17.3733,16.7977,3.992e-15,2.990e-15,1.186e-15,-0.0001,-10.48,0
LeftS100195,-17.3473,16.7938,4.092e-16,3.367e-16,1.597e-16,-0.0004,-10.57,0
LeftS100196,-16.9328,19.2225,7.210e-14,4.822e-14,1.538e-14,0.0007,-6.59,0
LeftS100197,-16.9603,19.1361,3.700e-15,2.674e-15,1.059e-15,-0.0001,-6.45,0
LeftS100198,-17.3099,16.5880,7.689e-17,6.894e-17,3.979e-17,-0.0005,-10.66,0
LeftS100199,-17.3118,16.5036,6.625e-16,5.060e-16,2.112e-16,-0.0,-10.74,0
LeftS100200,-16.9609,17.7576,4.952e-12,3.558e-12,1.330e-12,0.0006,-9.12,0
LeftS100201,-16.9790,17.7419,3.445e-19,5.090e-19,8.336e-19,0.0007,-9.15,0
LeftS100202,-16.9739,17.7916,9.447e-17,8.489e-17,4.773e-17,0.0007,-9.0,0
LeftS100203,-16.9781,17.8193,2.934e-16,2.459e-16,1.254e-16,0.0007,-8.82,0
LeftS100204,-16.9469,17.8174,2.083e-16,3.283e-16,6.081e-16,0.0001,-8.91,0
LeftS100205,-16.9544,17.8424,5.689e-19,7.870e-19,1.127e-18,0.0006,-8.86,0
LeftS100206,-17.3123,17.9591,2.763e-18,3.578e-18,4.424e-18,0.0003,-8.42,0
LeftS100208,-17.3092,17.9013,1.090e-19,1.723e-19,3.274e-19,0.0003,-8.68,0
LeftS100209,-17.3423,17.9422,4.548e-15,3.239e-15,1.195e-15,0.0007,-8.54,0
LeftS100210,-16.9516,17.9620,7.727e-19,1.001e-18,1.215e-18,-0.0005,-8.37,0
LeftS100211,-16.9434,18.0002,3.146e-19,4.836e-19,8.202e-19,-0.0002,-8.21,0
LeftS100212,-17.3374,17.7819,1.376e-15,9.937e-16,3.752e-16,0.0003,-9.12,0
LeftS100213,-17.3834,17.8170,4.401e-16,3.511e-16,1.638e-16,0.0001,-8.97,0
LeftS100214,-16.9256,18.0163,6.157e-17,9.845e-17,1.907e-16,0.001,-8.18,0
LeftS100217,-16.9601,18.1931,1.195e-16,1.043e-16,5.704e-17,0.0012,-7.7,0
LeftS100218,-16.9490,18.1272,6.491e-17,6.145e-17,3.953e-17,0.0004,-7.96,0
LeftS100219,-17.3764,17.6852,6.250e-16,5.207e-16,2.565e-16,0.0009,-9.37,0
LeftS100220,-16.9926,18.2253,2.623e-17,2.527e-17,1.738e-17,0.0008,-7.54,0
LeftS100221,-17.3572,17.5688,2.846e-18,3.559e-18,4.046e-18,0.0005,-9.68,0
LeftS100222,-17.3143,17.5674,9.047e-19,1.235e-18,1.725e-18,0.0004,-9.74,0
LeftS100223,-17.3466,17.5303,3.333e-15,2.482e-15,1.007e-15,0.0002,-9.72,0
LeftS100224,-17.3071,17.5569,2.786e-15,2.119e-15,8.826e-16,0.0006,-9.73,1
LeftS100225,-17.3176,17.5201,1.374e-17,1.453e-17,1.146e-17,0.0009,-9.85,0
LeftS100226,-16.9879,18.4316,1.968e-16,1.643e-16,8.510e-17,-0.0,-7.12,0
LeftS100227,-17.0032,18.3593,1.563e-16,1.456e-16,8.693e-17,0.0009,-7.08,0
LeftS100228,-16.9912,18.3447,1.181e-15,8.886e-16,3.689e-16,-0.0002,-7.24,1
LeftS100229,-17.2934,17.4122,1.595e-14,1.084e-14,3.654e-15,0.0004,-10.1,0
LeftS100230,-17.2810,17.2862,1.515e-16,1.387e-16,8.535e-17,0.0009,-10.3,0
LeftS100231,-16.9979,18.5655,4.955e-19,7.006e-19,1.050e-18,0.0005,-6.84,0
LeftS100232,-17.0236,18.4277,1.663e-16,1.570e-16,9.955e-17,0.0,-6.91,0
LeftS100233,-17.2760,17.3727,2.610e-16,2.144e-16,1.050e-16,0.0,-10.22,0
LeftS100237,-17.0202,18.5694,6.976e-20,1.204e-19,2.659e-19,0.0008,-6.68,0
LeftS100238,-17.2213,17.2586,1.815e-16,1.642e-16,9.672e-17,0.0004,-10.47,0
LeftS100239,-17.2652,17.1961,3.403e-18,4.070e-18,4.329e-18,0.0006,-10.55,0
LeftS100240,-17.2536,17.1628,6.891e-15,5.091e-15,2.023e-15,-0.0002,-10.61,0
LeftS100241,-17.0922,18.6844,1.073e-16,2.175e-16,6.949e-16,0.0,-6.57,0
LeftS100242,-17.0627,18.7069,2.574e-19,3.817e-19,6.178e-19,-0.0001,-6.47,0
LeftS100244,-17.0956,18.8041,6.895e-12,5.153e-12,2.136e-12,-0.0006,-6.43,1
LeftS100245,-17.2044,17.1687,3.765e-16,6.369e-16,1.388e-15,0.0004,-10.73,0
LeftS100246,-17.1457,18.7436,7.424e-17,6.892e-17,4.275e-17,0.0006,-6.44,0
LeftS100247,-17.1346,18.8609,3.234e-16,2.629e-16,1.278e-16,-0.0003,-6.42,0
LeftS100248,-17.1634,17.0816,8.762e-13,5.860e-13,1.925e-13,0.0005,-10.82,0
LeftS100249,-17.1435,17.0657,9.619e-18,1.053e-17,9.326e-18,0.001,-10.86,0
LeftS100250,-17.1469,17.0730,1.016e-18,1.360e-18,1.845e-18,0.0005,-10.83,0
LeftS100251,-17.1156,16.9345,1.722e-18,2.343e-18,3.140e-18,-0.0,-10.85,0
LeftS100252,-17.2075,18.7878,4.792e-17,4.553e-17,3.027e-17,0.0005,-6.35,0
LeftS100253,-17.1025,17.1335,6.622e-17,1.192e-16,2.899e-16,0.0007,-10.81,0
LeftS100254,-17.2071,18.8242,6.483e-12,4.565e-12,1.663e-12,0.0011,-6.46,0
LeftS100255,-17.1990,18.9011,3.165e-15,2.394e-15,9.806e-16,0.0005,-6.3,1
LeftS100256,-17.0936,16.9649,3.999e-19,6.002e-19,1.016e-18,0.0003,-10.82,0
LeftS100257,-17.2004,18.8177,4.746e-17,4.600e-17,3.217e-17,0.0002,-6.35,0
LeftS100258,-17.1061,16.9588,6.309e-16,1.813e-15,1.174e-14,0.0002,-10.69,0
LeftS100259,-17.2325,18.8409,4.107e-16,3.303e-16,1.529e-16,0.0008,-6.47,0
LeftS100261,-17.0250,16.9076,1.304e-15,1.013e-15,4.515e-16,0.0004,-10.8,1
LeftS100263,-16.9948,17.0373,1.827e-18,2.309e-18,2.770e-18,0.0007,-10.59,0
LeftS100264,-17.2993,18.7972,6.588e-20,1.171e-19,2.778e-19,-0.0008,-6.51,0
LeftS100265,-17.2602,18.7611,9.573e-16,7.390e-16,3.248e-16,-0.0001,-6.6,1
LeftS100266,-16.9706,17.0597,5.511e-17,5.320e-17,3.498e-17,0.0001,-10.63,0
LeftS100267,-16.9302,17.1028,4.750e-15,3.571e-15,1.406e-15,0.0005,-10.44,0
LeftS100269,-16.9700,17.1395,4.967e-17,4.949e-17,3.499e-17,0.0,-10.46,0
LeftS100271,-17.3648,18.6414,1.823e-15,1.381e-15,5.609e-16,0.0008,-6.94,0
LeftS100272,-17.4288,18.6808,4.942e-17,4.920e-17,3.468e-17,-0.0004,-6.93,0
LeftS100273,-17.3924,18.6683,9.429e-17,8.669e-17,5.225e-17,0.0005,-7.02,0
LeftS100274,-17.3851,18.6702,2.586e-18,3.178e-18,3.400e-18,0.0006,-7.01,0
LeftS100275,-17.3783,18.5679,4.866e-16,3.918e-16,1.879e-16,0.0006,-7.16,0
LeftS100276,-17.4015,18.5577,1.288e-14,4.309e-14,3.768e-13,0.0007,-7.16,0
LeftS100277,-16.9290,17.2972,2.676e-16,2.271e-16,1.160e-16,0.001,-10.09,0
LeftS100281,-16.8350,17.3901,7.808e-18,8.193e-18,6.575e-18,0.0009,-9.81,0
LeftS100283,-17.4885,18.4079,3.330e-17,3.326e-17,2.385e-17,0.0004,-7.65,0
LeftS100284,-16.8480,17.4564,8.614e-17,8.427e-17,5.603e-17,0.0009,-9.53,0
LeftS100285,-16.9188,17.5755,5.664e-16,4.278e-16,1.794e-16,0.0002,-9.47,0
LeftS100286,-16.8248,17.5370,5.116e-18,6.176e-18,6.275e-18,0.0011,-9.37,0
LeftS100288,-16.7999,17.5931,3.327e-14,2.205e-14,7.200e-15,-0.0002,-9.21,0
LeftS100289,-16.7951,17.6120,4.612e-16,3.781e-16,1.864e-16,-0.0006,-9.21,0
LeftS100290,-16.8230,17.6415,7.296e-16,5.976e-16,2.912e-16,0.0001,-9.12,0
LeftS100291,-17.4987,18.1129,5.242e-20,9.424e-20,2.325e-19,-0.0008,-8.28,0
LeftS100292,-16.8415,17.7571,4.605e-19,6.737e-19,1.062e-18,0.0001,-8.86,0
LeftS100294,-16.8061,17.8447,2.840e-15,2.119e-15,8.469e-16,-0.0002,-8.73,0
LeftS100295,-16.7838,17.8580,5.271e-17,1.059e-16,3.288e-16,-0.0,-8.7,0
LeftS100296,-17.4619,17.9591,2.031e-19,3.152e-19,5.547e-19,-0.0003,-8.54,0
LeftS100297,-17.5056,17.9380,1.829e-17,1.958e-17,1.618e-17,-0.0002,-8.6,0
LeftS100299,-16.8222,18.0418,1.383e-17,1.534e-17,1.344e-17,0.0,-8.29,0
LeftS100300,-17.4333,17.7866,2.342e-15,1.798e-15,7.654e-16,-0.0001,-8.9,1
LeftS100301,-16.8314,18.1360,1.061e-16,1.831e-16,4.224e-16,-0.0002,-8.03,0
LeftS100303,-17.4532,17.6534,1.284e-20,2.367e-20,6.316e-20,0.0007,-9.13,0
LeftS100305,-17.5051,17.5877,1.788e-19,2.824e-19,5.279e-19,-0.0001,-9.22,0
LeftS100306,-16.8144,18.2576,7.899e-16,6.143e-16,2.612e-16,0.0002,-7.82,0
LeftS100307,-17.4740,17.5980,8.443e-20,1.383e-19,2.697e-19,0.0003,-9.25,0
LeftS100308,-17.4075,17.5496,3.405e-12,2.377e-12,8.587e-13,-0.0002,-9.47,0
LeftS100309,-16.9161,18.3883,1.451e-16,1.358e-16,8.671e-17,-0.0,-7.59,0
LeftS100310,-17.4186,17.4012,8.775e-17,8.122e-17,4.920e-17,0.0009,-9.64,0
LeftS100311,-16.8373,18.4119,1.357e-15,1.083e-15,5.117e-16,-0.0001,-7.55,0
LeftS100312,-16.8493,18.5530,1.767e-12,1.198e-12,3.899e-13,0.0001,-7.44,0
LeftS100313,-16.9135,18.6108,3.667e-16,3.214e-16,1.732e-16,0.0005,-7.16,0
LeftS100314,-17.3849,17.3152,4.893e-19,7.206e-19,1.115e-18,0.0004,-9.93,0
LeftS100315,-17.3984,17.1897,2.730e-15,1.985e-15,7.731e-16,-0.0001,-10.09,0
LeftS100316,-16.8886,18.5192,1.528e-17,1.632e-17,1.346e-17,-0.0002,-7.13,0
LeftS100317,-16.8758,18.6844,3.049e-16,6.722e-16,2.503e-15,0.0005,-6.98,0
LeftS100318,-17.3452,17.1236,3.781e-15,2.868e-15,1.213e-15,0.0003,-10.25,0
LeftS100320,-17.3458,17.1778,2.572e-16,4.129e-16,7.813e-16,0.0001,-10.29,0
LeftS100321,-17.3835,16.9552,1.047e-15,8.392e-16,3.900e-16,0.0006,-10.34,0
LeftS100322,-17.2550,17.0286,2.078e-18,2.700e-18,3.270e-18,0.0002,-10.45,0
LeftS100323,-17.3407,16.9487,4.423e-18,4.984e-18,4.598e-18,-0.0004,-10.56,0
LeftS100324,-17.3361,16.7669,3.235e-17,3.162e-17,2.212e-17,-0.0001,-10.6,0
LeftS100325,-16.9770,18.9682,7.563e-18,8.419e-18,7.875e-18,0.0,-6.54,0
LeftS100326,-17.2856,16.8809,8.537e-17,7.879e-17,4.796e-17,0.0008,-10.52,0
LeftS100327,-17.0244,18.9858,7.451e-17,1.379e-16,3.486e-16,0.0016,-6.49,0
LeftS100328,-17.2687,16.7060,9.050e-16,6.821e-16,2.819e-16,0.0005,-10.75,0
LeftS100329,-17.2771,16.8956,6.258e-16,4.973e-16,2.321e-16,0.0006,-10.74,0
LeftS100331,-17.2345,16.8775,5.520e-17,9.349e-17,2.065e-16,0.0004,-10.76,0
LeftS100332,-17.2182,16.8165,5.257e-16,4.287e-16,2.124e-16,0.0006,-10.86,0
LeftS100333,-17.0924,19.2470,2.061e-17,2.088e-17,1.628e-17,0.0003,-6.32,0
LeftS100334,-17.1627,16.8193,1.900e-17,2.061e-17,1.738e-17,0.0008,-10.81,0
LeftS100335,-17.1609,16.8210,3.545e-17,3.593e-17,2.591e-17,-0.0002,-10.84,0
LeftS100336,-17.1206,19.1868,3.613e-16,2.993e-16,1.496e-16,-0.0003,-6.3,0
LeftS100337,-17.1730,16.7297,1.937e-15,1.444e-15,5.749e-16,0.0001,-10.92,0
LeftS100338,-17.1319,16.7230,2.536e-18,3.048e-18,3.267e-18,0.0005,-10.96,0
LeftS100339,-17.0631,16.7504,7.831e-17,7.553e-17,5.170e-17,-0.0002,-10.89,0
LeftS100340,-17.1974,19.0366,6.458e-12,4.624e-12,1.678e-12,0.0003,-6.33,0
LeftS100341,-17.1265,16.7211,1.379e-16,1.190e-16,6.387e-17,0.001,-10.98,0
LeftS100342,-17.1916,19.1264,2.650e-15,1.972e-15,7.960e-16,-0.0002,-6.32,0
LeftS100343,-17.2101,19.2173,3.334e-16,2.781e-16,1.385e-16,0.0003,-6.23,0
LeftS100344,-17.1718,19.0143,1.156e-16,1.043e-16,5.938e-17,0.0004,-6.4,0
LeftS100345,-17.0735,16.6628,1.111e-16,2.143e-16,6.140e-16,0.0006,-10.87,0
LeftS100346,-17.0525,16.6255,2.650e-16,5.874e-16,2.146e-15,0.0007,-10.92,0
LeftS100347,-17.0129,16.6856,4.287e-17,4.002e-17,2.525e-17,0.0006,-10.75,0
LeftS100348,-17.0231,16.7912,3.655e-18,4.576e-18,5.269e-18,0.0001,-10.85,0
LeftS100349,-17.3547,19.0146,7.877e-18,8.885e-18,8.370e-18,0.0004,-6.48,0
LeftS100350,-17.3502,19.0450,1.856e-15,1.389e-15,5.528e-16,-0.0002,-6.51,0
LeftS100352,-16.9464,16.7067,8.281e-16,6.807e-16,3.240e-16,-0.0,-10.8,0
LeftS100353,-17.3553,19.1542,2.058e-18,2.652e-18,3.332e-18,0.0005,-6.57,0
LeftS100354,-17.3509,19.0536,3.781e-17,3.664e-17,2.499e-17,0.0004,-6.68,0
LeftS100355,-16.8970,16.7058,6.984e-17,1.154e-16,2.361e-16,0.0001,-10.51,0
LeftS100356,-17.3866,19.0111,8.302e-15,2.652e-14,2.186e-13,0.0003,-6.68,0
LeftS100357,-16.9293,16.8935,1.099e-16,2.529e-16,1.011e-15,0.0001,-10.47,0
LeftS100358,-17.4096,18.9226,1.008e-16,9.713e-17,6.559e-17,0.0004,-6.69,0
LeftS100360,-17.4337,18.8500,2.575e-19,3.839e-19,6.537e-19,-0.0004,-6.96,0
LeftS100361,-16.8061,16.8870,2.964e-15,2.194e-15,8.850e-16,0.0013,-10.25,0
LeftS100362,-16.8873,17.0081,1.784e-19,2.909e-19,5.708e-19,0.0005,-10.26,0
LeftS100364,-17.4129,18.7103,4.936e-20,8.822e-20,2.089e-19,0.0011,-7.02,0
LeftS100365,-17.5216,18.7702,3.947e-16,3.178e-16,1.471e-16,0.0002,-7.19,0
LeftS100366,-16.7856,17.1103,4.487e-15,3.265e-15,1.266e-15,0.0008,-9.86,0
LeftS100368,-16.7345,17.1385,5.873e-15,4.247e-15,1.624e-15,0.0004,-9.89,0
LeftS100369,-17.4749,18.6060,1.192e-17,1.265e-17,1.018e-17,-0.0001,-7.48,0
LeftS100370,-17.5008,18.5015,2.871e-16,2.441e-16,1.265e-16,-0.0005,-7.54,0
LeftS100371,-16.7961,17.3247,6.721e-16,5.673e-16,2.957e-16,-0.0002,-9.65,0
LeftS100373,-16.8041,17.4045,5.221e-17,5.033e-17,3.294e-17,-0.0003,-9.51,0
LeftS100374,-17.5747,18.4129,4.603e-17,4.389e-17,2.777e-17,0.0006,-7.79,0
LeftS100375,-17.5602,18.3721,1.173e-18,1.555e-18,1.941e-18,0.0001,-7.89,0
LeftS100376,-17.5400,18.2878,3.522e-12,2.532e-12,9.649e-13,-0.0001,-8.0,0
LeftS100377,-17.5634,18.2543,1.336e-16,2.218e-16,4.555e-16,0.0,-7.99,0
LeftS100378,-17.5875,18.2369,9.243e-16,7.305e-16,3.257e-16,-0.0001,-8.15,0
LeftS100379,-16.7347,17.6681,1.395e-16,1.263e-16,7.556e-17,0.0,-8.93,0
LeftS100380,-16.7413,17.6632,2.490e-15,1.934e-15,8.573e-16,-0.0004,-9.04,1
LeftS100381,-17.5429,18.0360,6.544e-20,1.118e-19,2.566e-19,0.0001,-8.38,0
LeftS100383,-17.5513,17.9617,3.158e-16,8.451e-16,4.696e-15,0.0011,-8.54,0
LeftS100384,-17.5423,17.9275,1.279e-15,1.000e-15,4.394e-16,0.0008,-8.58,1
LeftS100385,-17.5706,17.9428,7.779e-12,6.466e-12,3.115e-12,0.0012,-8.63,1
LeftS100386,-16.7845,18.0346,4.543e-16,3.785e-16,1.909e-16,0.0003,-8.41,0
LeftS100388,-17.5322,17.7277,4.476e-18,5.039e-18,4.850e-18,0.0009,-8.93,0
LeftS100390,-17.5280,17.5826,1.903e-16,1.652e-16,9.220e-17,0.0006,-9.2,0
LeftS100391,-17.5347,17.6520,3.794e-16,3.078e-16,1.494e-16,0.0001,-9.08,0
LeftS100392,-17.5372,17.5659,7.262e-12,5.621e-12,2.424e-12,0.0006,-9.31,1
LeftS100393,-17.5595,17.6096,1.578e-15,1.225e-15,5.184e-16,0.0008,-9.17,1
LeftS100395,-16.6855,18.4550,1.175e-16,2.256e-16,6.241e-16,0.0001,-7.81,0
LeftS100396,-17.5457,17.3884,6.335e-19,8.635e-19,1.197e-18,0.0008,-9.44,0
LeftS100397,-17.5273,17.2976,1.118e-20,2.096e-20,5.785e-20,0.0004,-9.61,0
LeftS100398,-17.4771,17.1694,8.613e-17,1.526e-16,3.490e-16,0.0005,-9.8,0
LeftS100399,-17.4929,17.1431,1.558e-16,3.232e-16,1.009e-15,-0.0003,-9.81,0
LeftS100400,-16.8033,18.6331,8.656e-17,1.382e-16,2.619e-16,0.0005,-7.39,0
LeftS100402,-16.8134,18.9266,1.153e-17,1.244e-17,1.076e-17,-0.0004,-7.14,0
LeftS100404,-17.4453,16.9858,2.703e-17,2.818e-17,2.206e-17,0.0001,-10.09,0
LeftS100405,-16.8308,18.9095,1.389e-16,2.299e-16,4.683e-16,0.0005,-6.92,0
LeftS100406,-16.8514,18.9980,3.719e-17,6.400e-17,1.395e-16,-0.0002,-6.95,0
LeftS100408,-17.3702,16.9997,4.423e-15,3.301e-15,1.313e-15,0.0001,-10.34,0
LeftS100409,-17.3725,16.7861,3.037e-18,3.568e-18,3.621e-18,0.0008,-10.34,0
LeftS100410,-16.9207,19.2007,1.738e-16,1.654e-16,1.097e-16,0.0006,-6.71,0
LeftS100411,-17.3156,16.9392,8.168e-16,6.454e-16,2.966e-16,0.0004,-10.5,1
LeftS100412,-17.3754,16.6888,9.151e-16,7.377e-16,3.401e-16,-0.0002,-10.58,0
LeftS100414,-17.3121,16.6143,1.025e-16,9.091e-17,5.196e-17,0.0013,-10.66,0
LeftS100415,-17.3101,16.5723,7.791e-16,6.299e-16,2.956e-16,0.0005,-10.67,0
LeftS100416,-16.9823,19.3969,5.230e-17,5.213e-17,3.825e-17,0.0003,-6.52,0
LeftS100417,-17.2728,16.4894,1.100e-17,1.218e-17,1.070e-17,-0.0004,-10.68,0
LeftS100418,-17.0363,19.2276,1.112e-16,1.968e-16,4.477e-16,0.0007,-6.44,0
LeftS100419,-17.2403,16.5991,5.326e-16,4.533e-16,2.313e-16,-0.0003,-10.8,0
LeftS100421,-17.2144,16.4065,6.805e-16,5.522e-16,2.622e-16,0.0002,-10.76,0
LeftS100422,-17.2079,16.3428,1.581e-17,1.628e-17,1.268e-17,0.0011,-10.78,0
LeftS100426,-6.4551,39.4520,4.188e-17,3.929e-17,2.567e-17,0.001,1.54,0
LeftS100428,-5.6029,38.8481,1.491e-20,2.666e-20,6.347e-20,-0.0002,2.94,0
LeftS100430,-6.4488,39.5140,2.958e-17,2.814e-17,1.753e-17,0.0006,0.82,0
LeftS100431,-6.4499,39.4878,3.831e-17,7.953e-17,2.596e-16,0.001,0.51,0
LeftS100432,-6.5183,39.3263,1.826e-18,2.318e-18,2.665e-18,0.0012,1.52,0
LeftS100434,-6.0188,39.2770,5.665e-17,5.342e-17,3.395e-17,0.0007,2.51,0
LeftS100435,-6.6170,40.4183,2.981e-20,4.862e-20,9.740e-20,0.0003,0.12,0
LeftS100437,-6.1733,39.5567,3.145e-19,4.490e-19,7.007e-19,0.0004,1.93,0
LeftS100441,-6.5476,39.1474,9.981e-19,1.284e-18,1.558e-18,-0.0006,1.67,0
LeftS100443,-5.8023,38.5601,6.212e-17,1.369e-16,4.995e-16,0.0003,3.08,0
LeftS100445,-6.2454,39.4053,1.313e-19,2.000e-19,3.340e-19,0.0004,2.52,0
LeftS100447,-7.1771,40.3245,4.633e-18,5.251e-18,4.714e-18,0.0004,-0.61,0
LeftS100448,-6.1548,39.2412,2.599e-19,3.898e-19,6.456e-19,0.0013,2.54,0
LeftS100451,-6.5235,39.3758,3.289e-17,5.834e-17,1.336e-16,-0.0004,0.94,0
LeftS100452,-6.4549,39.3897,2.081e-20,3.921e-20,1.034e-19,-0.0001,2.35,0
LeftS100453,-6.6933,39.5912,6.649e-20,1.070e-19,2.114e-19,0.0005,-0.29,0
LeftS100455,-6.4082,39.4927,7.284e-20,1.207e-19,2.440e-19,0.0001,1.64,0
LeftS100458,-6.4873,39.4705,6.350e-20,9.858e-20,1.728e-19,-0.0011,0.19,0
LeftS100461,-6.4264,39.4148,7.487e-17,6.790e-17,3.913e-17,0.0003,2.23,0
LeftS100463,-6.1351,39.3528,3.539e-13,5.357e-13,8.913e-13,0.0004,2.18,0
LeftS100464,-6.4593,39.5321,1.335e-19,2.014e-19,3.522e-19,-0.0004,0.53,0
LeftS100467,-6.6191,39.5401,9.442e-18,1.005e-17,8.191e-18,0.0002,0.02,0
LeftS100468,-6.4774,39.3752,2.009e-19,2.875e-19,4.265e-19,-0.0003,1.8,0
LeftS100471,-6.4082,39.4929,3.685e-18,4.107e-18,3.646e-18,-0.0003,1.58,0
LeftS100472,-6.4856,39.4646,3.426e-12,2.569e-12,1.016e-12,0.0,0.66,0
LeftS100473,-6.3722,38.7242,9.050e-19,1.229e-18,1.616e-18,0.0005,1.99,0
LeftS100475,-6.3932,39.6250,4.001e-20,7.067e-20,1.668e-19,0.0013,0.97,0
LeftS100476,-6.4881,39.8283,9.037e-17,7.668e-17,4.029e-17,0.0011,0.18,0
LeftS100478,-6.6952,39.6527,7.627e-18,7.624e-18,5.676e-18,0.001,-0.24,0
LeftS100479,-6.5129,39.4742,5.666e-17,1.009e-16,2.338e-16,-0.0002,0.38,0
LeftS100480,-6.7030,39.0673,1.406e-17,1.447e-17,1.132e-17,0.0003,1.17,0
LeftS100481,-6.4231,39.2697,3.450e-17,5.556e-17,1.048e-16,-0.0001,2.1,0
LeftS100482,-5.6846,39.0305,5.241e-19,7.032e-19,9.078e-19,0.0001,2.72,0
LeftS100483,-6.4667,39.4403,2.781e-20,5.004e-20,1.179e-19,-0.0006,2.37,0
LeftS100484,-6.4569,39.4700,1.851e-19,2.771e-19,4.542e-19,0.0007,1.47,0
LeftS100488,-6.3438,39.1426,2.037e-19,2.931e-19,4.571e-19,0.0013,2.41,0
LeftS100492,-6.1436,38.5978,5.510e-17,9.392e-17,1.988e-16,0.0003,2.65,0
LeftS100493,-6.4059,39.5553,3.917e-20,6.721e-20,1.532e-19,0.0007,1.18,0
LeftS100494,-6.4750,39.4082,7.292e-18,7.569e-18,5.977e-18,0.0012,2.07,0
LeftS100497,-6.5097,39.3953,1.628e-19,2.565e-19,4.849e-19,0.0015,1.23,0
LeftS100498,-5.9715,39.9425,1.858e-20,3.396e-20,8.663e-20,0.0002,1.53,0
LeftS100499,-6.4043,39.4897,1.500e-19,2.383e-19,4.325e-19,0.0009,2.07,0
LeftS100500,-6.3986,39.6780,1.472e-18,1.858e-18,2.121e-18,0.0005,0.88,0
LeftS100501,-7.0656,40.4795,3.428e-17,3.374e-17,2.389e-17,0.0002,-0.48,0
LeftS100502,-6.7648,39.7589,1.506e-19,2.354e-19,4.336e-19,-0.0001,-0.39,0
LeftS100506,-6.2741,39.1228,1.361e-16,2.689e-16,7.974e-16,0.0003,2.69,0
LeftS100507,-7.1096,39.2521,6.783e-20,1.117e-19,2.201e-19,0.0005,0.36,0
LeftS100508,-6.4907,39.4311,2.355e-18,2.958e-18,3.411e-18,0.0008,0.34,0
LeftS100510,-6.7706,39.6800,3.120e-17,2.972e-17,1.999e-17,-0.0001,-0.32,0
LeftS100513,-6.5736,39.6303,6.546e-18,7.108e-18,6.169e-18,0.0011,-0.11,0
LeftS100516,-6.4730,39.4565,6.900e-18,7.268e-18,5.843e-18,0.0002,0.7,0
LeftS100517,-6.3160,39.5091,4.737e-19,7.296e-19,1.235e-18,0.0014,1.77,0
LeftS100518,-6.1704,39.5255,2.697e-19,3.789e-19,5.444e-19,-0.0004,2.03,0
LeftS100519,-6.2061,39.2323,1.842e-20,3.332e-20,7.861e-20,0.0004,2.74,0
LeftS100520,-6.4544,39.4351,1.753e-20,3.456e-20,1.006e-19,0.0004,1.91,0
LeftS100525,-6.4963,39.4332,2.739e-19,4.120e-19,6.684e-19,0.0004,0.47,0
LeftS100528,-6.6241,39.9036,2.256e-20,4.045e-20,9.627e-20,-0.0003,-0.23,0
LeftS100529,-6.7133,39.2274,3.433e-20,5.765e-20,1.217e-19,0.0003,0.95,0
LeftS100530,-6.5408,39.4194,1.464e-16,1.269e-16,6.901e-17,0.0002,0.71,0
LeftS100532,-6.2542,39.7255,1.160e-18,1.427e-18,1.575e-18,-0.0,1.27,0
LeftS100535,-6.4718,39.3098,1.245e-18,1.609e-18,1.952e-18,-0.0002,1.63,0
LeftS100536,-6.3431,39.4517,2.890e-18,3.497e-18,3.758e-18,0.0,1.81,0
LeftS100539,-6.4703,39.4536,1.860e-19,2.692e-19,4.207e-19,0.0003,1.15,0
LeftS100541,-6.0778,39.5901,3.017e-19,4.683e-19,8.442e-19,-0.0002,1.87,0
LeftS100542,-5.8199,39.0257,3.498e-17,3.259e-17,2.117e-17,0.0006,2.84,0
LeftS100546,-6.4100,39.4346,9.664e-17,1.518e-16,2.779e-16,0.0,2.1,0
LeftS100548,-6.7025,39.6884,3.651e-19,5.120e-19,7.418e-19,0.0001,-0.37,0
LeftS100549,-6.3554,39.3622,1.466e-16,1.301e-16,7.471e-17,0.0002,2.43,0
LeftS100554,-6.4581,39.4837,1.085e-20,2.161e-20,6.438e-20,0.0005,0.43,0
LeftS100555,-6.7049,39.3620,2.395e-18,2.826e-18,2.880e-18,0.0,0.47,0
LeftS100559,-6.2217,39.3494,4.533e-19,6.332e-19,9.173e-19,0.0007,2.39,0
LeftS100560,-6.5411,39.5160,3.261e-16,4.804e-16,7.606e-16,0.0003,0.13,0
LeftS100561,-6.2397,39.3619,1.954e-17,1.905e-17,1.343e-17,0.0003,2.63,0
LeftS100562,-6.4993,39.3838,3.280e-20,5.609e-20,1.200e-19,0.0002,1.3,0
LeftS100564,-6.3596,39.8346,6.343e-20,1.065e-19,2.289e-19,0.0008,1.07,0
LeftS100566,-6.6046,39.7210,5.516e-19,7.911e-19,1.190e-18,0.0014,-0.2,0
LeftS100570,-6.4953,39.4251,5.716e-17,9.396e-17,1.859e-16,-0.0001,0.71,0
LeftS100571,-6.6134,39.4189,1.724e-20,3.116e-20,7.851e-20,-0.0002,0.55,0
LeftS100572,-6.2277,39.0040,1.338e-18,1.624e-18,1.732e-18,-0.0001,2.71,0
LeftS100578,-6.8130,39.6387,1.219e-17,1.294e-17,1.070e-17,0.0005,-0.32,0
LeftS100579,-6.4167,39.7910,1.635e-18,1.863e-18,1.773e-18,0.0001,0.76,0
LeftS100580,-6.6190,39.6580,2.719e-17,2.783e-17,2.123e-17,0.0008,-0.23,0
LeftS100587,-6.4894,39.4449,1.037e-17,1.086e-17,8.722e-18,0.0004,0.26,0
LeftS100588,-5.6985,38.5226,1.613e-19,2.609e-19,5.123e-19,-0.0006,3.03,0
LeftS100589,-6.5431,39.6022,2.019e-20,3.824e-20,1.020e-19,0.0002,0.12,0
LeftS100593,-6.2209,40.1901,5.930e-19,7.803e-19,1.010e-18,-0.0002,0.88,0
LeftS100594,-6.7371,39.5795,1.606e-19,2.365e-19,3.900e-19,0.0004,0.02,0
LeftS100595,-6.4776,39.0852,1.099e-20,2.065e-20,5.406e-20,0.0002,1.81,0
LeftS100597,-7.1004,39.7625,3.764e-17,7.571e-17,2.260e-16,0.0007,-0.46,0
LeftS100598,-6.7236,39.4438,5.493e-19,7.384e-19,9.560e-19,0.0007,0.24,0
LeftS100605,-7.2924,38.7216,9.707e-19,1.222e-18,1.430e-18,0.0003,0.71,0
LeftS100606,-6.8593,39.2739,7.037e-19,9.099e-19,1.123e-18,0.0009,0.53,0
LeftS100610,-6.3844,39.3655,2.496e-20,4.369e-20,9.848e-20,0.0001,2.44,0
LeftS100611,-6.6028,39.2358,2.728e-19,3.652e-19,4.917e-19,0.0005,1.28,0
LeftS100612,-6.2031,39.1840,3.201e-19,4.577e-19,6.872e-19,0.0001,2.7,0
LeftS100616,-6.4072,39.5010,2.841e-19,3.966e-19,5.743e-19,0.0003,1.42,0
LeftS100617,-6.7449,39.8515,6.199e-16,4.912e-16,2.151e-16,0.0007,-0.28,1
LeftS100618,-6.5153,39.5826,3.275e-19,4.837e-19,7.926e-19,-0.0003,0.21,0
LeftS100619,-5.9283,38.1082,3.466e-19,5.072e-19,8.024e-19,-0.0001,2.56,0
LeftS100621,-6.3445,39.4444,2.772e-18,3.212e-18,3.211e-18,0.0007,1.93,0
LeftS100625,-6.4689,39.6739,1.342e-16,2.246e-16,4.856e-16,-0.0004,0.35,0
LeftS100630,-6.6144,39.4897,2.633e-20,4.980e-20,1.346e-19,0.0007,0.18,0
LeftS100631,-6.6442,40.2126,1.023e-20,1.909e-20,5.193e-20,0.0,-0.03,0
LeftS100636,-6.2933,39.0832,1.433e-18,1.864e-18,2.282e-18,0.0004,2.54,0
LeftS100637,-6.7210,39.6972,5.135e-18,5.724e-18,5.257e-18,0.0006,-0.38,0
LeftS100640,-6.2252,39.3702,6.966e-17,6.392e-17,3.714e-17,0.0003,2.39,0
LeftS100641,-6.5623,39.4780,3.205e-20,6.139e-20,1.639e-19,-0.0001,0.05,0
LeftS100644,-6.2389,39.5535,1.046e-18,1.308e-18,1.499e-18,0.0009,1.9,0
LeftS100646,-5.9117,38.5639,8.970e-19,1.126e-18,1.306e-18,-0.0002,2.88,0
LeftS100648,-6.4804,39.4648,3.798e-17,3.589e-17,2.341e-17,0.0006,0.89,0
LeftS100651,-6.5584,39.4824,3.634e-18,4.075e-18,3.697e-18,0.0013,-0.11,0
LeftS100653,-6.5395,39.8214,3.089e-12,2.250e-12,8.837e-13,0.0004,0.17,0
LeftS100654,-6.4529,39.4743,7.355e-17,1.348e-16,3.309e-16,0.0014,2.04,0
LeftS100657,-6.4023,39.3390,8.985e-17,1.661e-16,4.287e-16,-0.0001,2.51,0
LeftS100658,-6.3066,39.2490,1.211e-17,1.293e-17,1.035e-17,-0.0003,2.66,0
LeftS100660,-6.3235,39.5096,1.336e-19,2.113e-19,3.794e-19,0.0005,1.8,0
LeftS100662,-6.7443,39.6007,4.567e-19,6.344e-19,9.296e-19,-0.0002,-0.27,0
LeftS100666,-6.6727,39.8483,3.985e-17,3.720e-17,2.389e-17,0.0006,-0.29,0
LeftS100667,-6.6925,39.2784,1.036e-18,1.344e-18,1.645e-18,0.0005,0.66,0
LeftS100673,-7.3121,38.5521,1.902e-17,1.842e-17,1.240e-17,-0.0004,0.95,0
LeftS100674,-6.6215,39.7268,6.635e-17,1.300e-16,3.862e-16,0.0,-0.08,0
LeftS100676,-6.4468,39.4858,4.946e-17,7.703e-17,1.409e-16,0.0004,1.24,0
LeftS100679,-6.9339,40.3619,2.508e-18,2.931e-18,2.835e-18,-0.0003,-0.33,0
LeftS100680,-6.4022,39.4408,1.735e-20,3.361e-20,9.643e-20,-0.0008,2.01,0
LeftS100681,-6.4193,39.0257,1.516e-17,1.539e-17,1.122e-17,0.0005,2.03,0
LeftS100685,-5.8140,36.8093,3.072e-20,5.224e-20,1.086e-19,0.001,2.31,0
LeftS100686,-6.3984,40.3092,2.263e-20,4.162e-20,1.058e-19,0.0011,0.61,0
LeftS100688,-6.5064,39.4225,4.800e-16,1.212e-15,5.677e-15,-0.0,0.88,0
LeftS100689,-6.4799,39.4608,1.859e-19,2.846e-19,4.963e-19,0.0006,0.55,0
LeftS100690,-7.0452,39.8264,1.115e-20,2.104e-20,5.865e-20,0.0001,-0.41,0
LeftS100691,-6.6953,39.6739,2.513e-20,4.527e-20,1.083e-19,0.0004,-0.41,0
LeftS100694,-5.8813,39.5877,4.927e-17,9.007e-17,2.232e-16,-0.0,1.97,0
LeftS100696,-6.6468,39.7887,9.713e-20,1.488e-19,2.579e-19,-0.0005,-0.36,0
LeftS100697,-6.3904,39.2900,9.874e-13,1.207e-12,1.314e-12,0.0001,2.15,0
LeftS100700,-6.2512,39.3404,5.450e-19,7.148e-19,9.230e-19,0.0002,2.56,0
LeftS100702,-6.5203,39.6423,8.024e-20,1.228e-19,2.022e-19,0.0003,0.41,0
LeftS100704,-6.4414,39.5109,2.736e-12,2.011e-12,7.833e-13,0.0003,1.05,0
LeftS100708,-7.3492,40.3745,4.546e-18,5.364e-18,5.403e-18,-0.0006,-0.74,0
LeftS100709,-6.7570,38.9354,8.039e-20,1.282e-19,2.414e-19,0.0013,1.3,0
LeftS100713,-6.5639,39.4851,5.903e-19,7.801e-19,1.031e-18,0.0002,0.04,0
LeftS100714,-6.4807,39.4517,2.592e-20,4.505e-20,1.029e-19,-0.0006,1.0,0
LeftS100715,-6.8767,39.3551,2.364e-17,2.323e-17,1.571e-17,-0.0005,0.53,0
LeftS100719,-6.4776,39.6056,1.034e-20,1.991e-20,5.662e-20,0.0004,0.54,0
LeftS100720,-6.8804,39.8896,4.168e-17,7.873e-17,2.194e-16,0.0004,-0.48,0
LeftS100722,-6.3285,39.3345,3.019e-18,3.499e-18,3.412e-18,0.0006,2.45,0
LeftS100723,-6.5008,39.3603,1.557e-20,2.702e-20,6.236e-20,0.0002,1.46,0
LeftS100725,-7.3433,39.6822,1.523e-19,2.362e-19,4.287e-19,-0.0001,-0.12,0
LeftS100727,-6.2299,38.8844,7.203e-20,1.204e-19,2.567e-19,0.0008,2.62,0
LeftS100730,-6.6511,39.4200,4.191e-17,7.295e-17,1.664e-16,0.0004,-0.18,0
LeftS100731,-6.4597,39.5694,5.369e-17,1.016e-16,2.765e-16,0.0005,0.43,0
LeftS100735,-6.5760,39.4280,1.188e-16,2.447e-16,8.214e-16,0.001,0.33,0
LeftS100736,-6.3665,39.1370,2.109e-16,3.373e-16,6.556e-16,0.0001,2.26,0
LeftS100737,-6.3814,39.1432,4.184e-17,8.070e-17,2.222e-16,0.0002,2.54,0
LeftS100738,-6.3485,39.4573,2.081e-19,3.159e-19,5.569e-19,0.0009,2.5,0
LeftS100739,-6.3459,39.3471,5.736e-19,7.693e-19,1.020e-18,0.0003,2.22,0
LeftS100741,-6.3554,39.4492,5.425e-17,5.044e-17,3.177e-17,0.0006,2.16,0
LeftS100742,-6.3885,39.5435,8.307e-17,7.343e-17,4.237e-17,0.0006,2.47,0
LeftS100744,-6.7349,39.4845,1.860e-18,2.268e-18,2.475e-18,-0.0003,-0.17,0
LeftS100747,-6.4488,39.8978,1.208e-16,1.028e-16,5.334e-17,0.0007,0.29,0
LeftS100748,-6.4657,39.5379,1.990e-20,3.634e-20,9.042e-20,-0.0001,0.0,0
LeftS100751,-6.7455,39.6058,5.392e-20,9.221e-20,2.051e-19,0.0,-0.04,0
LeftS100752,-6.6052,39.3388,5.609e-19,7.352e-19,9.127e-19,0.0007,-0.17,0
LeftS100753,-6.5249,39.5584,1.389e-17,1.414e-17,1.090e-17,0.0007,0.59,0
LeftS100755,-6.3761,39.4318,4.295e-20,7.638e-20,1.814e-19,0.0009,1.78,0
LeftS100756,-6.4432,39.4205,2.321e-18,2.704e-18,2.681e-18,0.0011,1.89,0
LeftS100757,-6.4183,39.2779,4.197e-20,6.681e-20,1.302e-19,-0.0003,2.41,0
LeftS100758,-6.6665,39.2457,2.369e-17,2.266e-17,1.506e-17,0.0015,0.9,0
LeftS100759,-6.5479,39.6347,1.020e-19,1.591e-19,2.875e-19,-0.0002,-0.1,0
LeftS100761,-6.5048,39.5134,1.666e-18,1.984e-18,2.084e-18,0.0002,0.94,0
LeftS100763,-6.4306,39.5439,3.557e-15,2.608e-15,1.024e-15,-0.0002,0.66,0
LeftS100764,-6.4307,39.6447,1.768e-18,2.206e-18,2.458e-18,0.0004,-0.0,0
LeftS100768,-6.5943,39.2195,1.040e-16,8.906e-17,4.775e-17,-0.0008,1.19,0
LeftS100769,-6.6387,39.2931,1.074e-17,1.167e-17,9.686e-18,0.001,0.77,0
LeftS100770,-6.7028,39.5300,2.485e-16,4.451e-16,1.036e-15,0.0004,-0.18,0
LeftS100771,-6.6231,39.7423,2.060e-12,1.478e-12,5.472e-13,0.0009,-0.15,0
LeftS100772,-6.4739,39.1822,4.201e-18,4.957e-18,5.027e-18,-0.0001,1.82,0
LeftS100773,-6.4090,39.2759,3.879e-17,3.613e-17,2.228e-17,0.0006,2.45,0
LeftS100774,-6.6244,39.4185,1.549e-20,2.944e-20,8.211e-20,-0.0,0.01,0
LeftS100775,-6.3297,39.3200,1.275e-17,1.282e-17,9.499e-18,0.0006,2.35,0
LeftS100776,-6.3739,38.9660,8.693e-19,1.159e-18,1.519e-18,-0.0003,2.47,0
LeftS100777,-6.2886,39.1097,1.472e-20,2.889e-20,8.006e-20,0.0004,2.64,0
LeftS100778,-6.3124,39.3184,3.949e-17,3.844e-17,2.514e-17,0.0011,2.65,0
LeftS100779,-6.3272,39.6351,4.818e-17,4.264e-17,2.459e-17,0.0006,2.76,0
LeftS100780,-6.5215,39.5666,8.879e-17,1.671e-16,4.374e-16,0.0001,0.04,0
LeftS100782,-6.5230,39.3943,5.711e-17,5.204e-17,3.102e-17,-0.0003,1.12,0
LeftS100783,-6.3162,39.7323,1.255e-16,2.151e-16,4.719e-16,0.0003,1.14,0
LeftS100785,-6.7191,39.8352,4.342e-18,4.874e-18,4.517e-18,-0.0004,-0.11,0
LeftS100787,-6.6110,39.3961,3.054e-16,2.421e-16,1.121e-16,0.0003,0.52,0
LeftS100788,-6.1644,39.1005,5.569e-17,5.031e-17,2.869e-17,-0.0001,2.71,0
LeftS100789,-6.7352,39.4428,8.249e-16,6.411e-16,2.824e-16,0.0007,0.02,1
LeftS100792,-6.4316,39.3361,2.106e-17,1.998e-17,1.269e-17,-0.0004,2.44,0
LeftS100793,-6.4990,39.2643,1.185e-17,1.248e-17,9.714e-18,0.0001,1.95,0
LeftS100794,-6.2447,39.3827,1.274e-17,1.258e-17,8.670e-18,0.0002,2.7,0
LeftS100795,-6.6440,39.4710,3.379e-19,4.813e-19,7.343e-19,0.0001,-0.25,0
LeftS100796,-6.2443,39.6542,9.371e-17,8.329e-17,4.905e-17,-0.0002,1.7,0
LeftS100798,-6.4602,39.8675,1.399e-20,2.734e-20,8.112e-20,-0.0002,-0.33,0
LeftS100799,-6.3385,39.5325,1.870e-16,4.818e-16,2.488e-15,0.0006,2.06,0
LeftS100801,-6.4607,39.1746,2.370e-17,2.399e-17,1.811e-17,0.0002,2.16,0
LeftS100802,-6.1900,39.6928,4.216e-20,7.457e-20,1.687e-19,-0.0007,1.7,0
LeftS100803,-6.2465,39.3331,9.459e-19,1.261e-18,1.637e-18,0.0005,2.56,0
LeftS100804,-6.5503,39.0200,1.582e-16,2.994e-16,8.229e-16,0.0001,1.82,0
LeftS100806,-6.4319,39.6739,1.220e-17,1.275e-17,9.764e-18,0.0012,0.29,0
LeftS100807,-6.5141,39.3948,2.707e-18,3.408e-18,3.833e-18,0.0007,1.13,0
LeftS100808,-6.2008,39.2732,7.122e-17,6.357e-17,3.651e-17,0.0002,2.43,0
LeftS100809,-6.5993,39.3387,7.654e-17,6.812e-17,3.890e-17,0.0,0.22,0
LeftS100810,-6.5106,39.6630,2.330e-16,2.001e-16,1.046e-16,0.0003,0.29,0
LeftS100811,-6.5125,39.8428,4.701e-18,5.479e-18,5.402e-18,-0.0005,0.14,0
LeftS100813,-6.6020,39.5385,9.790e-20,1.506e-19,2.740e-19,-0.0003,0.34,0
LeftS100814,-6.4067,39.5391,5.894e-19,8.437e-19,1.273e-18,0.0002,1.15,0
LeftS100815,-6.5366,39.7635,9.462e-18,1.030e-17,8.657e-18,0.0,-0.06,0
LeftS100817,-6.6347,39.5794,2.026e-16,1.776e-16,9.357e-17,0.0001,-0.21,0
LeftS100818,-6.4783,39.5891,1.951e-17,1.970e-17,1.473e-17,-0.0002,0.06,0
LeftS100820,-6.3639,39.2392,5.124e-17,7.271e-17,1.101e-16,0.0001,2.63,0
LeftS100823,-6.2305,39.1153,2.679e-19,3.953e-19,6.305e-19,0.0003,2.62,0
LeftS100824,-6.5585,39.4788,1.266e-19,1.909e-19,3.092e-19,0.0004,0.02,0
LeftS100825,-6.1963,39.4525,7.596e-17,1.561e-16,5.069e-16,-0.0003,2.31,0
LeftS100828,-6.5974,39.7115,2.737e-19,3.990e-19,6.225e-19,0.0008,-0.08,0
LeftS100829,-6.0045,39.0934,2.811e-17,2.751e-17,1.933e-17,0.0005,2.89,0
LeftS100830,-6.2845,39.3957,2.734e-12,1.968e-12,7.323e-13,0.0003,2.32,0
LeftS100831,-6.4346,39.7774,1.059e-15,2.720e-15,1.374e-14,0.0,0.34,0
LeftS100832,-6.5917,39.6856,4.542e-17,4.367e-17,2.945e-17,0.0014,-0.17,0
LeftS100833,-6.4771,39.5283,9.135e-17,2.126e-16,8.891e-16,-0.0001,0.6,0
LeftS100836,-6.3367,39.4180,2.882e-17,2.556e-17,1.424e-17,0.0001,2.01,0
LeftS100837,-6.3985,39.2540,6.062e-18,6.918e-18,6.633e-18,0.0006,2.5,0
LeftS100840,-6.5620,39.5253,2.445e-16,2.075e-16,1.065e-16,0.0006,-0.11,0
LeftS100841,-6.3634,39.3769,1.174e-16,1.840e-16,3.396e-16,0.0006,2.56,0
LeftS100843,-6.4860,39.6764,1.643e-16,2.826e-16,6.223e-16,0.0004,0.32,0
LeftS100846,-6.5690,39.1423,5.814e-18,6.710e-18,6.501e-18,0.0011,1.47,0
LeftS100847,-6.3988,39.6107,2.358e-20,4.294e-20,1.080e-19,-0.0007,-0.25,0
LeftS100848,-6.4470,39.5003,3.291e-20,5.670e-20,1.317e-19,-0.0004,0.94,0
LeftS100850,-6.6718,39.2659,2.173e-16,1.827e-16,9.332e-17,0.0007,0.64,0
LeftS100851,-6.4082,39.4451,3.802e-16,2.997e-16,1.354e-16,0.0004,1.73,1
LeftS100853,-6.4395,39.5365,2.818e-17,2.806e-17,1.968e-17,0.0,1.23,0
LeftS100854,-6.6023,39.8186,6.760e-17,1.057e-16,1.865e-16,0.0001,-0.17,0
LeftS100856,-6.4100,39.6226,1.989e-16,4.139e-16,1.375e-15,0.0009,0.93,0
LeftS100857,-6.2756,39.4286,6.405e-17,9.402e-17,1.559e-16,0.001,2.57,0
LeftS100858,-6.2508,39.4149,1.075e-19,1.788e-19,3.654e-19,-0.0,2.52,0
LeftS100859,-6.4023,39.4017,7.347e-20,1.261e-19,2.751e-19,0.0006,2.13,0
LeftS100860,-6.2985,39.1806,1.642e-16,3.075e-16,8.148e-16,-0.0,2.59,0
LeftS100863,-6.6731,39.3304,3.367e-16,2.686e-16,1.213e-16,0.0003,0.36,0
LeftS100868,-6.3414,39.5802,2.270e-20,3.780e-20,7.608e-20,-0.0002,1.41,0
LeftS100869,-6.4315,39.2777,2.058e-17,2.112e-17,1.608e-17,0.0007,2.48,0
LeftS100872,-6.5147,39.3750,1.950e-16,4.401e-16,1.724e-15,-0.0004,1.28,0
LeftS100873,-6.6810,39.7277,1.620e-20,3.021e-20,7.876e-20,0.0003,-0.29,0
LeftS100875,-6.5987,39.7637,3.586e-19,4.972e-19,7.067e-19,0.0009,-0.35,0
LeftS100877,-6.4668,39.2535,4.870e-17,7.567e-17,1.358e-16,0.0009,1.66,0
LeftS100879,-6.4497,39.3249,2.586e-17,2.515e-17,1.771e-17,-0.0006,2.41,0
LeftS100880,-6.3817,39.2287,1.240e-16,2.863e-16,1.186e-15,0.0001,2.14,0
LeftS100881,-6.5284,39.4662,3.680e-13,5.099e-13,7.060e-13,0.0,0.66,0
LeftS100882,-6.3530,39.3267,9.773e-17,1.546e-16,2.993e-16,0.0003,2.45,0
LeftS100883,-6.6025,39.4892,5.651e-17,9.970e-17,2.404e-16,-0.0002,0.12,0
LeftS100884,-6.3552,39.3974,4.861e-17,7.583e-17,1.349e-16,-0.0002,2.22,0
LeftS100885,-6.2367,39.3548,1.246e-16,1.053e-16,5.519e-17,0.0001,2.44,0
LeftS100886,-6.6242,39.4933,2.231e-18,2.659e-18,2.807e-18,0.0006,-0.1,0
LeftS100887,-6.3285,39.3285,1.894e-18,2.299e-18,2.493e-18,-0.0003,2.58,0
LeftS100888,-6.2730,39.4033,1.135e-19,1.828e-19,3.548e-19,0.0011,2.37,0
LeftS100889,-6.3297,39.3716,5.807e-17,1.027e-16,2.390e-16,-0.0008,2.45,0
LeftS100890,-6.4280,39.4635,9.999e-17,1.942e-16,5.648e-16,-0.0005,1.9,0
LeftS100891,-6.3683,39.3513,1.274e-17,1.323e-17,1.004e-17,0.0011,2.38,0
LeftS100893,-6.3192,39.3363,9.269e-18,1.022e-17,8.969e-18,-0.0001,2.42,0
LeftS100894,-6.6642,39.5982,3.399e-12,2.499e-12,9.593e-13,0.0,-0.23,0
LeftS100896,-6.5825,39.5790,5.447e-17,4.955e-17,2.944e-17,0.0006,0.05,0
LeftS100899,-6.3818,39.4151,5.044e-16,4.317e-16,2.254e-16,0.0002,2.18,0
LeftS100900,-6.4079,39.4380,3.193e-19,4.268e-19,5.504e-19,0.001,2.17,0
LeftS100901,-6.5452,39.5419,1.399e-16,1.186e-16,6.232e-17,-0.0002,-0.02,0
LeftS100903,-6.5604,39.5108,3.665e-19,5.018e-19,6.727e-19,0.0008,-0.07,0
LeftS100905,-6.2679,39.3182,4.273e-17,9.002e-17,3.074e-16,-0.0004,2.64,0
LeftS100906,-6.4114,39.4088,6.595e-17,1.263e-16,3.563e-16,0.0002,2.29,0
LeftS100909,-6.3121,39.3148,6.518e-19,8.167e-19,9.431e-19,0.0005,2.52,0
LeftS100911,-6.3127,39.3676,3.060e-17,2.983e-17,2.059e-17,-0.001,2.44,0
LeftS100912,-6.5743,39.4813,7.486e-19,9.439e-19,1.158e-18,0.0003,0.17,0
LeftS100913,-6.6455,39.5492,4.353e-17,8.901e-17,2.842e-16,0.0008,-0.06,0
LeftS100914,-6.3333,39.4470,1.939e-17,1.918e-17,1.401e-17,0.0003,2.21,0
LeftS100915,-6.3457,39.3782,3.355e-12,2.343e-12,8.473e-13,0.0005,2.42,0
LeftS100917,-6.5867,39.5576,1.385e-17,1.595e-17,1.543e-17,0.0013,0.03,0
LeftS100921,-6.6635,39.5598,3.020e-16,2.461e-16,1.162e-16,0.0008,-0.17,0
LeftS100922,-6.6206,39.4938,1.769e-12,1.221e-12,4.251e-13,0.0009,0.11,0
LeftS100923,-6.2203,39.3341,3.576e-16,2.910e-16,1.348e-16,0.0004,2.53,0
LeftS100927,-6.3796,39.4169,2.345e-18,2.868e-18,3.059e-18,0.0006,2.24,0
LeftS100928,-6.3332,39.4147,4.635e-17,4.348e-17,2.790e-17,0.0001,2.04,0
LeftS100931,-6.2808,39.3728,9.253e-19,1.190e-18,1.399e-18,-0.0,2.45,0
LeftS100932,-6.3204,39.3910,2.743e-19,3.937e-19,6.108e-19,-0.0005,2.35,0
LeftS100933,-6.3537,39.3349,6.301e-18,6.958e-18,6.130e-18,0.0006,2.5,0
LeftS100934,-6.3154,39.4008,3.983e-18,4.670e-18,4.579e-18,0.0011,2.3,0
LeftS100935,-6.2941,39.3333,2.010e-20,3.876e-20,1.108e-19,0.0011,2.59,0
LeftS100936,-6.2717,39.3453,3.994e-19,5.955e-19,9.717e-19,0.0006,2.43,0
LeftS100937,-6.3127,39.3863,1.483e-16,1.314e-16,7.629e-17,-0.0003,2.29,0
LeftS100938,-6.2877,39.2806,5.039e-13,6.387e-13,7.377e-13,0.0003,2.67,0
LeftS100939,-6.7227,39.5777,1.709e-18,2.099e-18,2.347e-18,0.0009,-0.22,0
LeftS100941,-6.6113,39.5412,4.086e-20,7.015e-20,1.565e-19,0.0009,-0.17,0
LeftS100942,-6.2833,39.3083,9.413e-17,1.699e-16,4.339e-16,-0.0009,2.6,0
LeftS100943,-6.7161,39.5907,4.470e-18,4.870e-18,4.258e-18,0.0013,-0.33,0
LeftS100944,-6.3093,39.4081,1.278e-16,1.163e-16,6.652e-17,0.0011,2.33,0
LeftS100946,-6.2118,39.3310,1.568e-20,3.020e-20,8.665e-20,0.0009,2.68,0
LeftS100948,-6.3294,39.3234,1.212e-18,1.537e-18,1.818e-18,0.0,2.43,0
LeftS100949,-6.3079,39.3626,4.822e-18,5.383e-18,4.692e-18,-0.0002,2.49,0
LeftS100950,-6.2041,39.3724,1.802e-16,3.762e-16,1.202e-15,0.0002,2.5,0
LeftS100951,-6.2582,39.3559,2.981e-17,2.946e-17,2.059e-17,0.0001,2.54,0
LeftS100953,-6.6467,39.4844,6.496e-17,5.829e-17,3.517e-17,0.0001,0.05,0
LeftS100954,-6.6882,39.5474,1.100e-16,2.407e-16,8.939e-16,0.0003,-0.21,0
LeftS100955,-6.6494,39.5278,9.369e-17,8.535e-17,4.912e-17,0.0011,-0.01,0
LeftS100956,-6.6009,39.5490,4.522e-16,3.461e-16,1.450e-16,0.0001,-0.01,1
LeftS100957,-6.6599,39.5137,9.263e-17,1.344e-16,2.115e-16,0.0004,-0.02,0
LeftS100959,-6.6916,39.6106,3.777e-19,5.489e-19,8.655e-19,0.0002,-0.28,0
LeftS100961,-6.3005,39.3028,3.796e-19,5.258e-19,7.172e-19,0.0003,2.68,0
LeftS100962,-6.7014,39.5771,3.751e-18,4.441e-18,4.523e-18,0.0015,-0.16,0
LeftS100964,-6.6927,39.4947,1.890e-16,1.544e-16,7.055e-17,0.0007,-0.04,0
LeftS100967,-6.3322,39.3760,2.667e-18,3.006e-18,2.781e-18,0.0001,2.27,0
LeftS100969,-6.3126,39.4138,6.914e-19,9.299e-19,1.261e-18,0.0004,2.28,0
LeftS100971,-6.3062,39.3562,2.383e-19,3.398e-19,5.183e-19,-0.0001,2.43,0
LeftS100972,-6.3072,39.3731,1.283e-15,9.756e-16,4.208e-16,-0.0002,2.48,1
LeftS100976,-6.6579,39.5122,1.397e-16,1.245e-16,7.044e-17,0.0004,-0.08,0
LeftS100977,-6.6812,39.5277,4.243e-17,8.002e-17,2.131e-16,-0.0001,-0.02,0
LeftS100978,-6.2633,39.2560,1.081e-16,9.495e-17,5.285e-17,0.0005,2.66,0
LeftS100979,-6.6593,39.5456,4.244e-17,6.844e-17,1.311e-16,0.0001,0.01,0
LeftS100982,-6.7233,39.6002,1.411e-16,1.178e-16,6.047e-17,0.0,-0.2,0
LeftS100985,-6.2018,39.2916,1.913e-19,2.773e-19,4.383e-19,0.0007,2.61,0
LeftS100989,-6.2470,39.3295,3.575e-17,3.333e-17,2.167e-17,0.0003,2.6,0
LeftS100990,-6.2224,39.2650,2.740e-17,2.697e-17,1.893e-17,0.0004,2.65,0
LeftS100991,-6.2634,39.3477,1.192e-20,2.035e-20,4.533e-20,0.0011,2.47,0
LeftS100992,-6.7509,39.6067,4.060e-18,4.477e-18,4.040e-18,-0.0003,-0.4,0
LeftS100995,-6.2420,39.3542,8.804e-16,2.452e-15,1.505e-14,0.0008,2.52,0
LeftS100996,-6.7843,39.6982,7.482e-20,1.210e-19,2.419e-19,-0.0007,-0.46,0
LeftS100997,-6.7330,39.6119,1.217e-18,1.538e-18,1.787e-18,-0.0002,-0.3,0
LeftS100998,-6.7080,39.6662,3.800e-19,5.397e-19,8.126e-19,0.0005,-0.38,0
LeftS100999,-6.7229,39.5838,5.414e-17,5.006e-17,3.083e-17,0.0001,-0.21,0
LeftS101000,-6.7994,39.5803,4.235e-17,8.298e-17,2.464e-16,0.0015,-0.11,0
LeftS101001,-6.2121,39.3184,7.850e-17,7.138e-17,4.186e-17,0.0002,2.55,0
LeftS101002,-6.2126,39.3311,3.169e-18,3.642e-18,3.447e-18,0.0001,2.49,0
LeftS101004,-6.2088,39.3434,6.493e-17,5.976e-17,3.591e-17,0.0009,2.53,0
LeftS101005,-6.7257,39.6235,2.919e-17,2.691e-17,1.683e-17,0.0005,-0.3,0
LeftS101006,-6.2048,39.3051,1.076e-17,1.133e-17,8.855e-18,-0.0003,2.49,0
LeftS101008,-6.2424,39.3270,1.698e-18,2.128e-18,2.399e-18,0.0,2.5,0
LeftS101010,-6.7466,39.6524,4.106e-16,3.329e-16,1.595e-16,0.0008,-0.48,0
LeftS101012,-6.8243,39.5639,2.470e-17,2.396e-17,1.595e-17,0.0005,-0.2,0
LeftS101014,-6.1909,39.2983,1.992e-17,3.733e-17,9.895e-17,0.0006,2.67,0
LeftS101015,-6.2121,39.2704,3.051e-19,4.349e-19,6.511e-19,0.0005,2.83,0
LeftS101017,-6.1656,39.2781,6.422e-16,5.117e-16,2.321e-16,-0.0002,2.6,1
LeftS101018,-6.7375,39.5770,2.487e-17,4.556e-17,1.147e-16,0.0006,-0.05,0
LeftS101019,-6.8172,39.6065,6.889e-20,1.104e-19,2.138e-19,0.0006,-0.36,0
LeftS101021,-6.7894,39.6195,2.521e-19,3.706e-19,5.899e-19,0.0006,-0.26,0
LeftS101022,-6.7387,39.6163,7.994e-17,1.539e-16,4.457e-16,0.0002,-0.22,0
LeftS101023,-6.6385,39.4880,4.140e-19,5.755e-19,8.304e-19,-0.0002,0.0,0
LeftS101024,-6.8319,39.6258,6.272e-19,8.560e-19,1.180e-18,0.0002,-0.24,0
LeftS101025,-6.7886,39.6339,1.524e-16,1.316e-16,7.031e-17,-0.0002,-0.24,0
LeftS101026,-6.7334,39.5570,1.808e-19,2.681e-19,4.309e-19,0.0002,-0.3,0
LeftS101028,-6.7055,39.5755,1.476e-18,1.791e-18,1.922e-18,0.0008,-0.08,0
LeftS101029,-6.7293,39.5491,7.473e-18,8.323e-18,7.481e-18,0.0005,-0.09,0
LeftS101030,-6.8364,39.6591,5.869e-17,4.990e-17,2.590e-17,-0.0001,-0.36,0
LeftS101032,-6.7568,39.6564,1.891e-19,2.961e-19,5.475e-19,0.0008,-0.25,0
LeftS101033,-6.7969,39.6102,3.121e-17,3.112e-17,2.209e-17,0.0004,-0.1,0
LeftS101034,-6.6736,39.5925,5.528e-18,6.456e-18,6.265e-18,-0.0003,-0.14,0
LeftS101035,-6.8177,39.6685,1.237e-16,1.112e-16,6.670e-17,0.0003,-0.37,0
LeftS101036,-6.1709,39.2145,4.669e-19,6.514e-19,9.275e-19,0.0009,2.53,0
LeftS101039,-6.7925,39.5982,5.176e-19,6.709e-19,8.530e-19,0.0007,-0.25,0
LeftS101043,-6.7892,39.5890,3.662e-19,5.776e-19,1.060e-18,0.0,-0.22,0
LeftS101044,-6.1562,39.2950,6.267e-20,1.041e-19,2.169e-19,-0.0,2.56,0
LeftS101045,-6.7676,39.6186,7.849e-17,1.492e-16,4.020e-16,-0.0,-0.17,0
LeftS101046,-6.1520,39.2895,9.722e-17,1.475e-16,2.524e-16,0.0004,2.66,0
LeftS101047,-6.9053,39.6518,4.362e-17,1.013e-16,4.130e-16,0.0005,-0.4,0
LeftS101048,-5.9881,39.2003,6.709e-17,1.432e-16,4.966e-16,0.0001,2.63,0
LeftS101049,-6.8117,39.5777,3.048e-20,5.425e-20,1.313e-19,0.0005,-0.24,0
LeftS101050,-6.0980,39.2714,1.086e-20,2.176e-20,6.547e-20,0.0002,2.64,0
LeftS101051,-6.9199,39.6958,6.157e-16,4.768e-16,2.118e-16,-0.0005,-0.23,0
LeftS101053,-6.1385,39.3018,4.471e-20,7.917e-20,1.878e-19,0.0001,2.53,0
LeftS101057,-6.0963,39.2704,3.517e-17,6.365e-17,1.548e-16,-0.0006,2.67,0
LeftS101060,-6.1104,39.2901,1.418e-12,1.001e-12,3.765e-13,0.0004,2.63,0
LeftS101061,-6.8336,39.6621,1.708e-17,1.748e-17,1.304e-17,0.0006,-0.41,0
LeftS101063,-6.8971,39.6228,1.396e-16,1.158e-16,5.722e-17,-0.0003,-0.2,0
LeftS101065,-6.8822,39.7260,2.452e-19,3.771e-19,6.468e-19,0.0004,-0.22,0
LeftS101066,-6.0983,39.2490,1.207e-17,1.247e-17,9.503e-18,0.0001,2.68,0
LeftS101067,-6.8489,39.6563,3.747e-16,2.965e-16,1.325e-16,0.0008,-0.25,1
LeftS101068,-6.8556,39.6444,2.004e-17,1.921e-17,1.245e-17,0.0003,-0.34,0
LeftS101069,-6.8298,39.7180,6.340e-19,9.099e-19,1.426e-18,-0.0004,-0.24,0
LeftS101070,-6.1045,39.2428,7.281e-18,7.594e-18,5.998e-18,0.0004,2.87,0
LeftS101073,-6.7877,39.6964,1.124e-17,1.133e-17,8.731e-18,0.0004,-0.36,0
LeftS101074,-6.8902,39.6450,3.073e-19,4.299e-19,6.373e-19,-0.0002,-0.36,0
LeftS101075,-6.0387,39.1859,5.537e-17,1.032e-16,2.801e-16,0.0007,2.56,0
LeftS101077,-6.8930,39.6493,2.555e-19,3.923e-19,6.852e-19,0.0005,-0.24,0
LeftS101078,-6.8923,39.6513,3.661e-18,4.209e-18,3.908e-18,0.0001,-0.28,0
LeftS101079,-6.9193,39.7006,2.756e-20,5.140e-20,1.367e-19,0.0004,-0.4,0
LeftS101081,-6.0136,39.1673,6.802e-17,1.000e-16,1.657e-16,0.0006,2.66,0
LeftS101082,-6.8183,39.6423,1.462e-18,1.785e-18,2.001e-18,-0.0,-0.21,0
LeftS101084,-6.9547,39.7367,3.841e-12,2.775e-12,1.078e-12,0.0,-0.35,0
LeftS101085,-6.0488,39.2226,2.399e-20,4.228e-20,9.672e-20,0.0002,2.74,0
LeftS101086,-6.4704,39.4489,4.213e-15,2.982e-15,1.083e-15,0.001,5.23,0
LeftS101087,-6.4691,39.4502,3.080e-15,2.161e-15,7.728e-16,0.0006,2.56,0
LeftS101088,-6.4700,39.4481,9.258e-17,1.565e-16,3.222e-16,0.001,4.26,0
LeftS101089,-6.8956,39.7175,1.516e-16,1.324e-16,6.961e-17,0.0006,-0.33,0
LeftS101090,-6.0292,39.2017,5.920e-16,4.562e-16,2.021e-16,0.0008,2.83,0
LeftS101091,-6.0219,39.2253,2.081e-15,1.543e-15,5.840e-16,0.0006,2.66,0
LeftS101092,-5.9728,39.2208,6.138e-15,4.313e-15,1.536e-15,-0.0,2.6,0
LeftS101093,-5.9866,39.2597,1.204e-15,9.399e-16,4.225e-16,0.0006,2.6,1
LeftS101094,-5.9941,39.2802,2.490e-17,2.436e-17,1.697e-17,0.0006,2.57,0
LeftS101095,-6.9494,39.5895,8.676e-16,6.702e-16,2.854e-16,0.0001,0.01,1
LeftS101096,-6.0174,39.3627,2.819e-15,2.026e-15,7.512e-16,0.0007,2.52,0
LeftS101097,-6.0316,39.3994,3.098e-15,2.153e-15,7.539e-16,-0.0008,2.31,0
LeftS101098,-6.9323,39.4698,1.859e-15,1.424e-15,5.945e-16,0.0006,0.07,0
LeftS101099,-6.0214,39.4460,1.464e-16,1.255e-16,6.625e-17,-0.0004,2.2,0
LeftS101100,-6.9382,39.4043,1.009e-15,7.747e-16,3.264e-16,-0.0003,0.22,1
LeftS101101,-6.9181,39.3795,1.485e-13,2.237e-13,3.743e-13,0.0011,0.21,0
LeftS101102,-6.0703,39.5498,1.813e-20,3.354e-20,8.740e-20,0.0005,2.04,0
LeftS101103,-6.8666,39.3098,2.578e-15,1.897e-15,7.066e-16,0.0005,0.41,0
LeftS101104,-6.0530,39.5890,9.087e-17,1.692e-16,4.384e-16,-0.0006,1.91,0
LeftS101105,-6.0708,39.6815,9.825e-17,1.914e-16,5.498e-16,0.0009,1.57,0
LeftS101106,-6.8540,39.2312,5.923e-15,4.220e-15,1.592e-15,0.0002,0.7,0
LeftS101107,-6.8316,39.1764,2.684e-17,2.622e-17,1.815e-17,-0.0,0.72,0
LeftS101108,-6.1057,39.7729,3.983e-17,6.677e-17,1.412e-16,0.0015,1.49,0
LeftS101109,-6.1535,39.8533,9.606e-15,6.531e-15,2.183e-15,0.0001,1.34,0
LeftS101110,-6.1696,39.8031,6.708e-17,1.154e-16,2.622e-16,-0.0002,1.4,0
LeftS101111,-6.2009,39.8708,3.446e-15,2.482e-15,9.247e-16,0.0007,1.15,0
LeftS101112,-6.2087,39.8727,2.244e-17,3.884e-17,8.724e-17,0.0008,1.27,0
LeftS101113,-6.6970,38.9351,2.514e-16,2.105e-16,1.073e-16,0.0011,1.2,0
LeftS101114,-6.6788,38.9572,4.673e-16,3.757e-16,1.766e-16,0.0009,1.26,0
LeftS101115,-6.2931,39.9952,7.485e-15,5.090e-15,1.682e-15,0.0002,0.98,0
LeftS101116,-6.6220,38.8886,9.575e-15,6.741e-15,2.459e-15,0.0001,1.18,0
LeftS101117,-6.3329,40.0460,1.924e-14,1.299e-14,4.250e-15,-0.0009,0.82,0
LeftS101118,-6.5550,38.7981,1.249e-17,1.337e-17,1.137e-17,0.0004,1.71,0
LeftS101119,-6.4304,40.1697,1.685e-15,1.298e-15,5.549e-16,0.0003,0.56,1
LeftS101120,-6.4509,40.1304,2.303e-15,1.772e-15,7.531e-16,0.0009,0.47,0
LeftS101121,-6.4862,40.1556,1.993e-15,1.449e-15,5.408e-16,-0.0001,0.52,0
LeftS101122,-6.5187,40.1632,9.074e-17,1.692e-16,4.418e-16,0.001,0.19,0
LeftS101123,-6.5563,40.2533,1.594e-15,1.204e-15,4.980e-16,0.0001,0.15,1
LeftS101124,-6.5906,40.2171,1.077e-15,8.016e-16,3.211e-16,0.0006,0.15,0
LeftS101125,-6.6248,40.2027,1.935e-17,1.900e-17,1.308e-17,-0.0,0.08,0
LeftS101126,-6.6454,40.2717,1.057e-14,7.471e-15,2.740e-15,-0.0001,0.03,0
LeftS101127,-6.2481,38.5753,4.268e-16,3.497e-16,1.724e-16,0.0002,2.43,0
LeftS101128,-6.7448,40.3080,8.701e-18,9.553e-18,8.385e-18,0.0005,-0.08,0
LeftS101129,-6.1759,38.5779,1.932e-15,1.453e-15,5.734e-16,0.0001,2.72,0
LeftS101130,-6.1388,38.5998,2.137e-17,2.134e-17,1.486e-17,-0.0002,2.69,0
LeftS101131,-6.1399,38.5991,2.814e-16,2.412e-16,1.275e-16,-0.0007,2.66,0
LeftS101132,-6.8680,40.3265,3.702e-12,3.021e-12,1.413e-12,0.0,-0.3,1
LeftS101133,-6.8890,40.3219,3.117e-12,2.307e-12,9.514e-13,-0.0007,-0.34,1
LeftS101134,-5.9900,38.6078,2.602e-15,1.971e-15,8.156e-16,-0.0006,2.8,0
LeftS101135,-6.0081,38.6015,2.835e-18,3.255e-18,3.146e-18,0.0008,2.76,0
LeftS101136,-7.0100,40.3289,5.843e-17,8.535e-17,1.318e-16,0.0008,-0.4,0
LeftS101137,-5.9589,38.6619,2.312e-13,1.548e-13,4.917e-14,-0.0,3.0,0
LeftS101138,-5.8992,38.6935,5.214e-16,4.090e-16,1.820e-16,0.0007,2.9,1
LeftS101139,-7.0731,40.2478,6.072e-15,4.222e-15,1.531e-15,0.0003,-0.56,0
LeftS101140,-7.0938,40.2143,1.151e-16,1.047e-16,6.203e-17,-0.0001,-0.55,0
LeftS101141,-5.8210,38.6989,2.326e-14,1.560e-14,5.110e-15,0.0007,2.87,0
LeftS101142,-7.1622,40.1655,2.424e-15,1.809e-15,7.513e-16,0.0004,-0.68,0
LeftS101143,-7.1720,40.1421,4.220e-16,3.448e-16,1.637e-16,0.0,-0.58,0
LeftS101144,-5.7267,38.7811,1.504e-15,1.138e-15,4.756e-16,0.0002,3.0,1
LeftS101145,-7.1743,40.0927,1.668e-15,1.261e-15,5.308e-16,0.0004,-0.54,1
LeftS101146,-5.7366,38.8419,1.299e-12,8.871e-13,2.982e-13,0.0005,2.91,0
LeftS101147,-5.6918,38.8678,8.432e-17,7.542e-17,4.316e-17,0.0008,2.92,0
LeftS101148,-5.7357,38.9359,3.034e-16,2.355e-16,1.041e-16,0.0006,2.88,0
LeftS101149,-5.6871,38.9401,5.280e-15,3.916e-15,1.565e-15,-0.0003,2.86,0
LeftS101150,-5.7040,39.0016,6.648e-14,4.298e-14,1.310e-14,-0.0,2.8,0
LeftS101151,-5.7013,39.0425,5.690e-12,4.910e-12,2.557e-12,0.0001,2.93,1
LeftS101152,-5.6268,39.0458,4.955e-15,3.333e-15,1.118e-15,0.0007,2.76,0
LeftS101153,-5.6591,39.1176,4.299e-12,3.400e-12,1.554e-12,0.0007,2.75,1
LeftS101154,-5.6942,39.1863,1.775e-18,2.140e-18,2.297e-18,-0.0002,2.74,0
LeftS101155,-7.2656,39.6672,1.826e-15,1.318e-15,5.047e-16,0.0009,-0.15,0
LeftS101156,-7.2572,39.6397,4.013e-15,2.939e-15,1.135e-15,-0.0005,-0.06,0
LeftS101157,-7.2187,39.5880,1.732e-15,1.318e-15,5.383e-16,-0.0,-0.23,1
LeftS101158,-7.2274,39.5328,6.592e-16,5.094e-16,2.301e-16,0.0015,-0.1,1
LeftS101159,-7.2731,39.5001,3.645e-12,2.516e-12,8.825e-13,0.0,0.06,0
LeftS101160,-7.1932,39.4007,1.107e-14,7.541e-15,2.494e-15,-0.0004,0.08,0
LeftS101161,-7.2293,39.3825,1.297e-14,8.757e-15,2.828e-15,-0.0002,0.08,0
LeftS101162,-7.1186,39.2766,5.982e-15,4.291e-15,1.553e-15,-0.0001,0.4,0
LeftS101163,-7.1498,39.2473,9.801e-16,7.127e-16,2.740e-16,0.0007,0.35,0
LeftS101164,-7.1293,39.2152,5.678e-15,4.096e-15,1.548e-15,0.0011,0.56,0
LeftS101165,-7.1259,39.1473,2.423e-17,4.181e-17,9.529e-17,0.0013,0.54,0
LeftS101166,-7.0527,39.0862,1.688e-14,1.162e-14,4.112e-15,0.0005,0.61,0
LeftS101167,-5.9369,39.8809,2.439e-16,1.968e-16,9.056e-17,0.0011,1.64,0
LeftS101168,-7.0069,38.9821,6.803e-15,4.890e-15,1.798e-15,0.0005,0.9,0
LeftS101169,-6.9761,38.9348,7.916e-15,5.567e-15,1.981e-15,0.0002,0.96,0
LeftS101170,-6.9656,38.8617,2.733e-20,4.601e-20,9.710e-20,-0.0003,1.1,0
LeftS101171,-6.0389,40.0561,1.741e-15,1.265e-15,4.884e-16,0.0003,1.34,0
LeftS101172,-6.0640,40.1071,2.089e-16,1.704e-16,8.188e-17,0.0007,1.32,0
LeftS101173,-6.8255,38.7840,7.280e-15,5.038e-15,1.767e-15,0.0002,1.16,0
LeftS101174,-6.7747,38.7137,4.351e-12,3.886e-12,2.209e-12,0.0001,1.36,1
LeftS101175,-6.1985,40.3306,2.864e-15,2.080e-15,8.026e-16,0.0001,0.83,0
LeftS101176,-6.7040,38.6113,8.601e-15,6.102e-15,2.240e-15,-0.0001,1.62,0
LeftS101178,-6.6124,38.5053,5.554e-17,9.581e-17,2.178e-16,0.0002,1.71,0
LeftS101179,-6.3879,40.3668,9.726e-19,1.227e-18,1.453e-18,-0.0003,0.44,0
LeftS101180,-6.5045,38.5355,3.961e-16,3.227e-16,1.512e-16,0.0003,1.83,0
LeftS101181,-6.4752,40.4290,2.132e-15,1.580e-15,6.136e-16,-0.0006,0.58,0
LeftS101182,-6.5272,40.5858,3.889e-12,2.843e-12,1.087e-12,0.0001,0.18,0
LeftS101183,-6.5825,40.4839,4.855e-16,3.926e-16,1.865e-16,0.0006,0.21,0
LeftS101184,-6.3135,38.3570,1.700e-15,1.244e-15,4.961e-16,0.0003,2.26,0
LeftS101185,-6.6778,40.5083,5.480e-17,1.110e-16,3.465e-16,0.0012,0.1,0
LeftS101186,-6.7242,40.6453,8.739e-16,6.757e-16,2.852e-16,0.0007,0.06,1
LeftS101187,-6.1655,38.2716,1.217e-14,8.352e-15,2.876e-15,0.0001,2.37,0
LeftS101188,-6.8426,40.5816,2.177e-17,4.779e-17,1.749e-16,0.0001,-0.1,0
LeftS101189,-6.1044,38.2363,3.384e-12,2.369e-12,8.690e-13,-0.0003,2.47,0
LeftS101190,-6.0185,38.3489,2.600e-15,1.923e-15,7.809e-16,-0.0002,2.63,0
LeftS101191,-6.9535,40.6596,4.395e-16,7.028e-16,1.351e-15,-0.0005,-0.26,0
LeftS101192,-5.9221,38.2627,5.515e-15,3.900e-15,1.388e-15,0.0006,2.76,0
LeftS101193,-7.0015,40.5936,1.344e-17,1.393e-17,1.088e-17,-0.0001,-0.36,0
LeftS101194,-5.8677,38.3041,9.823e-17,8.102e-17,4.106e-17,0.0004,2.83,0
LeftS101195,-5.8141,38.2842,1.354e-12,9.331e-13,3.139e-13,-0.0002,2.88,0
LeftS101196,-5.7160,38.3329,4.793e-16,3.780e-16,1.713e-16,0.0001,2.88,1
LeftS101197,-5.7562,38.3789,4.901e-16,3.960e-16,1.842e-16,0.0004,3.11,0
LeftS101198,-7.2170,40.5338,3.862e-16,3.065e-16,1.415e-16,-0.0006,-0.58,0
LeftS101199,-5.6767,38.3971,1.970e-15,1.419e-15,5.426e-16,-0.0003,2.87,0
LeftS101200,-7.3316,40.5186,3.800e-15,2.634e-15,9.435e-16,0.0002,-0.72,0
LeftS101201,-5.6118,38.4553,8.706e-17,1.982e-16,8.178e-16,0.0003,2.94,0
LeftS101202,-7.3660,40.4451,7.906e-17,1.206e-16,1.984e-16,0.0008,-0.55,0
LeftS101203,-5.4946,38.4832,2.626e-15,1.895e-15,7.248e-16,-0.0002,2.95,0
LeftS101204,-5.4832,38.5200,2.380e-16,1.926e-16,9.194e-17,0.0009,3.15,0
LeftS101205,-5.5646,38.6211,8.748e-16,7.136e-16,3.510e-16,0.0001,3.15,0
LeftS101206,-7.4239,40.2737,2.900e-15,2.133e-15,8.132e-16,0.0001,-0.75,0
LeftS101207,-5.5310,38.7257,1.030e-16,9.133e-17,5.142e-17,-0.0001,3.0,0
LeftS101208,-7.4317,40.1460,1.029e-15,8.136e-16,3.648e-16,0.0007,-0.69,1
LeftS101209,-5.4286,38.7609,8.443e-15,5.807e-15,2.058e-15,0.0003,2.97,0
LeftS101210,-5.4890,38.8581,6.479e-15,4.505e-15,1.549e-15,0.0004,2.87,0
LeftS101211,-7.5920,40.0575,5.324e-17,8.605e-17,1.710e-16,0.0009,-0.49,0
LeftS101212,-5.5387,39.0111,7.930e-16,6.256e-16,2.723e-16,0.0011,2.85,1
LeftS101213,-5.3668,38.9730,1.273e-13,2.148e-13,4.717e-13,0.0004,2.8,0
LeftS101214,-5.4163,39.0604,3.498e-16,2.742e-16,1.254e-16,0.0011,2.75,0
LeftS101215,-7.4582,39.7367,1.069e-14,7.382e-15,2.492e-15,-0.0001,-0.18,0
LeftS101216,-5.4731,39.2094,3.025e-18,3.442e-18,3.230e-18,0.0002,2.51,0
LeftS101217,-5.4636,39.2588,2.210e-17,2.301e-17,1.799e-17,-0.0,2.43,0
LeftS101218,-7.3936,39.5263,2.929e-17,4.944e-17,1.068e-16,0.0011,0.07,0
LeftS101219,-7.4485,39.5199,4.187e-15,3.077e-15,1.140e-15,0.0005,-0.06,0
LeftS101220,-7.4958,39.4638,1.120e-16,1.022e-16,6.060e-17,0.0002,0.0,0
LeftS101221,-5.5157,39.5059,5.383e-17,1.055e-16,3.093e-16,0.0001,2.09,0
LeftS101222,-5.6179,39.6028,3.536e-16,2.789e-16,1.269e-16,-0.0005,2.23,0
LeftS101223,-7.3354,39.2013,1.085e-15,8.004e-16,3.184e-16,0.0002,0.29,0
LeftS101224,-7.2986,39.1301,1.479e-15,1.100e-15,4.238e-16,0.0007,0.31,0
LeftS101225,-7.3324,39.1091,5.054e-17,8.541e-17,1.826e-16,-0.0,0.54,0
LeftS101226,-7.2398,39.0074,4.983e-17,1.085e-16,4.068e-16,0.0009,0.41,0
LeftS101227,-5.7577,39.9597,2.124e-14,1.432e-14,4.744e-15,0.0008,1.81,0
LeftS101228,-5.7532,39.9303,3.168e-12,3.176e-12,2.335e-12,0.0001,1.72,1
LeftS101229,-5.7986,40.0525,7.377e-16,5.917e-16,2.758e-16,0.0005,1.61,0
LeftS101230,-5.8326,40.1291,2.094e-15,1.517e-15,5.890e-16,0.0005,1.46,0
LeftS101231,-7.0338,38.7610,5.963e-16,4.504e-16,1.835e-16,-0.0001,0.89,1
LeftS101232,-6.9824,38.5689,4.247e-15,3.013e-15,1.138e-15,0.0005,1.25,0
LeftS101234,-6.0848,40.3298,7.034e-16,5.292e-16,2.242e-16,0.0007,1.16,1
LeftS101235,-6.8277,38.4869,3.284e-17,5.300e-17,1.051e-16,0.0002,1.41,0
LeftS101236,-6.7589,38.4626,1.003e-13,6.526e-14,2.063e-14,0.0001,1.23,0
LeftS101237,-6.2539,40.5355,4.974e-12,3.671e-12,1.465e-12,0.0008,0.66,0
LeftS101238,-6.2935,40.5536,2.011e-16,3.157e-16,5.724e-16,0.0004,0.62,0
LeftS101239,-6.3409,40.6000,9.186e-13,6.187e-13,2.076e-13,0.0001,0.55,0
LeftS101240,-6.5357,38.1870,5.009e-16,4.221e-16,2.159e-16,0.0003,1.9,0
LeftS101241,-6.4745,40.6445,5.019e-15,3.501e-15,1.246e-15,0.0003,0.35,0
LeftS101242,-6.0317,39.2893,2.210e-18,2.591e-18,2.618e-18,0.0003,2.55,0
LeftS101243,-6.0385,39.3070,5.289e-20,8.875e-20,1.964e-19,0.0005,2.48,0
LeftS101245,-6.0516,39.3493,2.160e-16,4.834e-16,1.909e-15,0.0006,2.46,0
LeftS101246,-6.9296,39.5414,1.057e-18,1.367e-18,1.650e-18,-0.0002,0.01,0
LeftS101247,-6.1053,39.3831,1.732e-18,2.149e-18,2.336e-18,-0.0004,2.36,0
LeftS101248,-6.9228,39.5328,4.623e-18,5.033e-18,4.399e-18,0.0002,-0.02,0
LeftS101249,-6.8906,39.4697,3.568e-15,2.567e-15,9.513e-16,0.0006,0.23,0
LeftS101250,-5.9903,39.4210,1.256e-20,2.351e-20,6.427e-20,0.0004,2.24,0
LeftS101251,-6.0534,39.4670,8.056e-18,8.704e-18,7.425e-18,0.0,2.16,0
LeftS101252,-6.9128,39.4174,2.727e-17,2.695e-17,1.953e-17,0.0001,0.36,0
LeftS101254,-6.9024,39.3544,1.547e-16,1.311e-16,6.511e-17,0.0009,0.38,0
LeftS101255,-6.0779,39.6061,5.440e-20,9.396e-20,2.053e-19,0.0005,1.72,0
LeftS101256,-6.8560,39.2649,1.240e-15,9.598e-16,4.044e-16,-0.0005,0.6,1
LeftS101257,-6.0783,39.5826,1.304e-15,9.949e-16,4.014e-16,0.0007,1.9,1
LeftS101258,-6.0748,39.6146,5.190e-16,4.092e-16,1.909e-16,0.0,1.72,0
LeftS101259,-6.1406,39.6664,4.333e-17,4.366e-17,3.086e-17,0.0012,1.57,0
LeftS101260,-6.7980,39.1908,5.623e-17,7.825e-17,1.126e-16,0.0001,0.83,0
LeftS101261,-6.1564,39.7911,3.012e-15,2.215e-15,8.600e-16,0.0005,1.45,0
LeftS101262,-6.7986,39.1582,7.935e-18,8.633e-18,7.388e-18,-0.0,0.7,0
LeftS101263,-6.1542,39.8122,1.796e-20,3.569e-20,1.071e-19,0.0013,1.37,0
LeftS101264,-6.7950,39.0412,1.266e-17,1.306e-17,9.921e-18,0.0005,0.97,0
LeftS101265,-6.7535,39.0400,2.330e-18,2.810e-18,3.048e-18,0.0008,1.13,0
LeftS101267,-6.2098,39.9310,1.984e-18,2.375e-18,2.505e-18,0.0001,1.31,0
LeftS101268,-6.2337,39.9081,2.574e-16,2.173e-16,1.123e-16,0.0008,1.05,0
LeftS101269,-6.2850,39.8656,3.728e-16,2.809e-16,1.184e-16,-0.0007,1.04,0
LeftS101270,-6.6906,38.9362,3.616e-17,6.134e-17,1.350e-16,-0.0001,1.23,0
LeftS101271,-6.6218,38.8343,4.046e-16,3.352e-16,1.686e-16,0.0004,1.46,0
LeftS101272,-6.6471,38.9362,3.796e-13,2.514e-13,8.002e-14,0.0009,1.53,0
LeftS101273,-6.6105,39.0159,4.891e-16,3.959e-16,1.843e-16,0.0003,1.47,0
LeftS101274,-6.6083,38.7870,4.772e-17,4.478e-17,2.866e-17,-0.0002,1.56,0
LeftS101276,-6.4007,40.0696,4.469e-16,3.415e-16,1.450e-16,0.0003,0.51,1
LeftS101277,-6.4153,40.1055,4.826e-17,4.573e-17,2.928e-17,0.0002,0.52,0
LeftS101278,-6.5006,38.7833,1.623e-16,1.382e-16,7.440e-17,0.0008,1.77,0
LeftS101279,-6.4532,40.1532,6.252e-19,8.382e-19,1.086e-18,0.0005,0.47,0
LeftS101280,-6.4925,40.0896,4.879e-16,3.805e-16,1.613e-16,-0.0005,0.33,0
LeftS101282,-6.3861,38.7486,3.325e-12,2.666e-12,1.228e-12,0.0003,2.16,1
LeftS101284,-6.3468,38.6275,1.841e-17,1.916e-17,1.525e-17,0.0009,2.3,0
LeftS101285,-6.6180,40.2399,3.299e-16,2.536e-16,1.046e-16,0.0003,0.22,0
LeftS101286,-6.2939,38.7281,1.711e-16,4.312e-16,2.182e-15,0.0001,2.37,0
LeftS101287,-6.6766,40.2843,2.657e-17,5.450e-17,1.737e-16,0.0004,0.12,0
LeftS101288,-6.6997,40.2139,2.172e-17,2.139e-17,1.448e-17,0.0004,-0.01,0
LeftS101292,-6.8298,40.2201,2.118e-16,1.853e-16,1.027e-16,0.001,-0.3,0
LeftS101293,-6.1060,38.6006,1.238e-16,1.083e-16,6.125e-17,0.0007,2.71,0
LeftS101294,-6.0617,38.5784,1.999e-17,1.905e-17,1.240e-17,0.0002,2.79,0
LeftS101295,-6.8311,40.3066,1.706e-20,3.035e-20,7.163e-20,0.0009,-0.26,0
LeftS101296,-6.0570,38.6122,5.700e-17,5.395e-17,3.449e-17,0.0003,2.83,0
LeftS101297,-6.8949,40.2347,2.681e-17,4.842e-17,1.186e-16,0.0005,-0.5,0
LeftS101298,-6.8794,40.2036,3.346e-19,4.832e-19,7.360e-19,0.0001,-0.35,0
LeftS101299,-6.8925,40.2315,5.632e-12,4.358e-12,1.855e-12,-0.0,-0.58,1
LeftS101300,-5.9764,38.6198,1.049e-16,9.261e-17,5.204e-17,-0.0005,2.7,0
LeftS101301,-6.0071,38.7079,6.554e-19,8.691e-19,1.149e-18,-0.0001,2.8,0
LeftS101302,-7.1127,40.2636,2.905e-16,2.369e-16,1.181e-16,-0.0,-0.57,0
LeftS101303,-7.0396,40.2112,9.188e-16,7.247e-16,3.184e-16,0.0007,-0.56,1
LeftS101305,-7.0975,40.2272,1.302e-16,3.101e-16,1.353e-15,0.0008,-0.73,0
LeftS101306,-5.8230,38.7347,8.413e-17,7.288e-17,3.937e-17,-0.0003,3.11,0
LeftS101307,-7.1973,40.1950,6.931e-16,5.613e-16,2.653e-16,0.0006,-0.5,0
LeftS101308,-7.1017,40.0824,8.756e-17,1.363e-16,2.389e-16,0.0004,-0.56,0
LeftS101309,-7.1935,40.1557,7.123e-17,6.542e-17,4.030e-17,0.0004,-0.52,0
LeftS101310,-7.1124,40.0799,2.686e-16,2.225e-16,1.094e-16,0.001,-0.57,0
LeftS101311,-5.7706,38.8665,1.909e-16,3.576e-16,9.404e-16,0.0001,3.0,0
LeftS101312,-5.7732,38.8230,4.983e-17,4.610e-17,2.807e-17,0.0002,2.76,0
LeftS101314,-5.7590,38.8987,5.312e-17,4.816e-17,2.791e-17,0.0009,2.89,0
LeftS101315,-7.1623,39.9320,2.596e-17,2.495e-17,1.623e-17,0.0007,-0.52,0
LeftS101316,-7.2328,40.0172,2.475e-15,1.723e-15,6.171e-16,0.0003,-0.65,0
LeftS101318,-7.1620,39.8933,2.238e-15,1.572e-15,5.597e-16,-0.0002,-0.5,0
LeftS101320,-7.3501,39.9134,2.619e-17,2.532e-17,1.730e-17,0.0007,-0.55,0
LeftS101321,-7.4015,39.9229,6.340e-20,1.029e-19,2.046e-19,0.0005,-0.55,0
LeftS101322,-5.8002,39.2059,1.973e-18,2.494e-18,2.930e-18,0.0003,2.55,0
LeftS101323,-7.2723,39.7581,3.602e-12,2.589e-12,9.925e-13,0.0005,-0.17,0
LeftS101324,-7.2067,39.7463,1.941e-20,3.487e-20,8.390e-20,0.001,-0.29,0
LeftS101325,-5.8893,39.3375,2.214e-16,1.807e-16,8.570e-17,0.0014,2.41,0
LeftS101327,-7.2962,39.6328,6.348e-18,7.160e-18,6.499e-18,0.001,-0.21,0
LeftS101328,-7.2316,39.6104,4.620e-18,5.423e-18,5.236e-18,0.0006,-0.13,0
LeftS101329,-7.3146,39.5230,7.892e-17,6.947e-17,3.863e-17,0.0008,-0.14,0
LeftS101330,-7.1322,39.4212,1.228e-19,1.871e-19,3.136e-19,0.0006,-0.09,0
LeftS101331,-7.2065,39.4135,2.516e-17,2.394e-17,1.608e-17,0.0005,0.22,0
LeftS101332,-7.1568,39.4114,1.236e-17,1.350e-17,1.133e-17,0.0,0.2,0
LeftS101333,-5.6736,39.4496,5.777e-19,7.511e-19,9.035e-19,0.0009,2.35,0
LeftS101334,-7.0679,39.2976,1.275e-16,1.123e-16,6.414e-17,0.0011,0.45,0
LeftS101335,-5.8807,39.6421,3.068e-19,4.601e-19,7.975e-19,0.0003,1.89,0
LeftS101336,-5.9187,39.7265,5.353e-16,4.276e-16,2.000e-16,0.0012,1.88,0
LeftS101337,-5.7293,39.5642,2.717e-18,3.158e-18,3.163e-18,0.0005,2.13,0
LeftS101338,-5.7915,39.5831,4.052e-16,3.080e-16,1.312e-16,0.0009,2.04,0
LeftS101339,-7.0716,39.1155,3.538e-17,3.490e-17,2.390e-17,0.0006,0.46,0
LeftS101340,-5.9144,39.7902,1.548e-18,1.883e-18,2.049e-18,-0.0001,1.79,0
LeftS101341,-5.9105,39.7294,5.049e-18,5.971e-18,6.102e-18,0.0011,1.88,0
LeftS101342,-5.9971,39.8693,2.655e-20,4.768e-20,1.191e-19,-0.0004,1.67,0
LeftS101343,-5.9344,39.8410,1.682e-19,2.540e-19,4.151e-19,0.0002,1.55,0
LeftS101344,-6.9666,39.0826,1.041e-15,8.129e-16,3.511e-16,-0.0006,0.65,1
LeftS101345,-6.9732,38.7768,1.264e-16,2.727e-16,9.724e-16,0.0001,1.04,0
LeftS101346,-6.9090,38.8885,2.028e-16,1.674e-16,8.340e-17,0.0003,1.09,0
LeftS101347,-6.0730,40.0001,2.507e-18,3.080e-18,3.285e-18,0.0005,1.46,0
LeftS101348,-6.9044,38.9187,4.261e-17,4.011e-17,2.468e-17,0.0001,1.08,0
LeftS101349,-6.8281,38.7593,2.198e-17,2.263e-17,1.767e-17,0.0011,1.21,0
LeftS101351,-6.8024,38.6837,1.084e-16,2.164e-16,6.362e-16,0.0003,1.27,0
LeftS101352,-6.2088,40.2077,1.382e-16,1.160e-16,6.010e-17,0.0005,0.86,0
LeftS101353,-6.2284,40.3087,1.711e-16,1.464e-16,7.777e-17,-0.0002,0.78,0
LeftS101355,-6.6292,38.5867,7.644e-17,7.004e-17,4.011e-17,0.0004,1.79,0
LeftS101356,-6.3435,40.4777,3.359e-18,3.922e-18,3.823e-18,0.0003,0.76,0
LeftS101357,-6.5505,38.6050,2.420e-17,2.326e-17,1.562e-17,-0.0001,1.89,0
LeftS101358,-6.5129,38.4772,1.298e-20,2.413e-20,6.303e-20,0.0009,1.94,0
LeftS101359,-6.4676,38.5795,1.169e-16,1.059e-16,6.200e-17,0.0002,1.96,0
LeftS101360,-6.4430,38.4010,3.439e-18,3.893e-18,3.682e-18,0.0006,2.06,0
LeftS101361,-6.5078,40.5094,6.716e-19,8.782e-19,1.056e-18,0.0003,0.26,0
LeftS101362,-6.5438,40.4375,5.573e-17,9.361e-17,1.961e-16,0.0001,0.25,0
LeftS101363,-6.3094,38.4270,2.492e-17,4.443e-17,1.068e-16,0.0007,2.34,0
LeftS101365,-6.6640,40.5855,5.733e-16,4.657e-16,2.236e-16,0.0008,0.16,0
LeftS101367,-6.7466,40.6291,9.144e-18,9.774e-18,7.837e-18,0.0002,0.05,0
LeftS101368,-6.2122,38.2634,4.778e-16,3.832e-16,1.715e-16,0.0004,2.3,0
LeftS101370,-6.8288,40.6585,5.386e-15,3.834e-15,1.400e-15,0.001,0.02,0
LeftS101371,-6.0571,38.3083,1.443e-17,1.449e-17,1.063e-17,0.0008,2.59,0
LeftS101372,-6.0216,38.3899,8.418e-17,1.834e-16,6.787e-16,0.0002,2.75,0
LeftS101374,-6.9477,40.6848,5.268e-18,5.756e-18,5.096e-18,0.0002,-0.15,0
LeftS101375,-5.9357,38.3550,1.833e-15,1.365e-15,5.492e-16,-0.0002,2.87,0
LeftS101377,-7.0143,40.5478,2.520e-18,3.116e-18,3.404e-18,0.0001,-0.46,0
LeftS101378,-7.0896,40.6171,3.279e-15,2.414e-15,9.652e-16,0.0008,-0.33,0
LeftS101379,-7.1176,40.5154,2.313e-16,1.889e-16,9.074e-17,0.001,-0.58,0
LeftS101380,-7.1924,40.5705,4.540e-16,3.805e-16,1.980e-16,-0.0007,-0.54,0
LeftS101381,-7.0496,40.5329,1.717e-16,1.482e-16,7.968e-17,0.0002,-0.46,0
LeftS101382,-5.6976,38.4019,6.960e-16,5.574e-16,2.571e-16,0.0004,2.81,0
LeftS101384,-7.3241,40.5154,5.667e-17,5.385e-17,3.468e-17,0.0009,-0.69,1
LeftS101386,-5.6498,38.4746,6.650e-20,1.104e-19,2.237e-19,0.0001,2.86,0
LeftS101387,-5.6314,38.4144,1.005e-15,7.676e-16,3.299e-16,0.0003,3.1,1
LeftS101388,-5.6880,38.5676,2.883e-17,2.814e-17,1.969e-17,0.0003,2.92,0
LeftS101389,-7.2740,40.3601,1.866e-19,2.721e-19,4.350e-19,0.0006,-0.65,0
LeftS101390,-7.3740,40.3419,1.437e-19,2.099e-19,3.372e-19,0.0001,-0.79,0
LeftS101392,-7.4717,40.3045,3.824e-18,4.300e-18,3.988e-18,0.0006,-0.57,0
LeftS101393,-7.3771,40.2031,1.149e-17,1.233e-17,1.053e-17,0.0007,-0.54,0
LeftS101394,-5.6636,38.7275,3.595e-18,4.252e-18,4.216e-18,0.0006,3.06,0
LeftS101395,-7.4488,40.1386,5.447e-16,4.572e-16,2.267e-16,0.0002,-0.6,0
LeftS101396,-7.3895,40.1070,4.258e-17,3.896e-17,2.249e-17,0.0007,-0.6,0
LeftS101397,-5.3136,38.6863,1.950e-17,2.038e-17,1.660e-17,0.0008,2.98,0
LeftS101398,-5.5717,38.8695,2.123e-19,3.120e-19,5.129e-19,0.0006,2.86,0
LeftS101399,-5.5642,38.9318,9.731e-18,9.978e-18,7.851e-18,0.0009,2.64,0
LeftS101400,-5.4653,38.9023,1.005e-16,1.983e-16,5.783e-16,0.0002,2.8,0
LeftS101403,-5.3673,39.0226,1.506e-18,1.748e-18,1.692e-18,0.0008,2.92,0
LeftS101405,-7.5751,39.8294,1.655e-16,1.403e-16,7.375e-17,0.0009,-0.32,0
LeftS101406,-7.4643,39.6722,1.200e-15,9.179e-16,3.898e-16,0.0006,-0.27,1
LeftS101407,-7.4846,39.6723,1.598e-16,1.406e-16,7.816e-17,0.0015,-0.17,0
LeftS101408,-5.4162,39.2658,7.128e-16,5.573e-16,2.415e-16,0.0006,2.43,1
LeftS101409,-5.6229,39.3363,1.533e-16,1.277e-16,6.379e-17,0.0004,2.44,0
LeftS101410,-5.5860,39.3947,1.507e-16,1.259e-16,6.421e-17,0.0011,2.4,0
LeftS101411,-5.4240,39.3504,4.327e-16,8.395e-16,2.454e-15,0.0002,2.34,0
LeftS101413,-7.3098,39.3665,4.854e-20,8.036e-20,1.653e-19,-0.0008,0.02,0
LeftS101414,-5.6011,39.5527,1.266e-16,1.036e-16,5.131e-17,-0.0004,2.13,0
LeftS101415,-7.3773,39.2770,1.587e-18,2.021e-18,2.388e-18,-0.0002,0.42,0
LeftS101416,-7.4806,39.2358,1.447e-16,1.248e-16,6.878e-17,0.0004,0.22,0
LeftS101417,-7.3023,39.2547,8.295e-19,1.080e-18,1.376e-18,-0.0001,0.22,0
LeftS101418,-7.1876,39.0059,5.514e-15,3.860e-15,1.375e-15,0.0003,0.52,0
LeftS101419,-5.6338,39.7395,4.545e-17,4.124e-17,2.385e-17,0.0007,2.05,0
LeftS101421,-5.7468,39.8519,1.494e-20,2.667e-20,6.503e-20,0.0003,1.78,0
LeftS101424,-5.8113,40.1146,8.018e-17,1.407e-16,3.170e-16,0.0002,1.54,0
LeftS101425,-7.0457,38.7526,3.871e-20,6.866e-20,1.586e-19,0.0003,0.95,0
LeftS101426,-7.1184,38.7523,8.478e-17,7.914e-17,5.061e-17,0.0004,1.0,0
LeftS101427,-6.9275,38.6365,2.558e-17,2.491e-17,1.675e-17,0.0012,1.18,0
LeftS101428,-6.9395,38.5425,5.302e-18,5.754e-18,4.817e-18,0.0001,1.25,0
LeftS101430,-6.8595,38.4485,3.782e-12,3.431e-12,1.957e-12,0.0014,1.37,1
LeftS101431,-6.1166,40.2622,3.218e-16,2.688e-16,1.357e-16,0.0011,1.06,0
LeftS101432,-6.1871,40.5058,1.341e-16,1.164e-16,6.266e-17,-0.0001,0.75,0
LeftS101433,-6.7381,38.3830,3.073e-15,2.232e-15,8.439e-16,0.0003,1.46,0
LeftS101434,-6.2533,40.5583,1.249e-17,1.337e-17,1.094e-17,0.0004,0.72,0
LeftS101436,-6.6544,38.3374,4.376e-18,5.281e-18,5.481e-18,0.0004,1.6,0
LeftS101437,-6.3384,40.8512,5.197e-18,5.649e-18,4.951e-18,0.0003,0.62,0
LeftS101439,-6.4239,40.6875,1.128e-20,2.193e-20,6.306e-20,-0.0005,0.53,0
LeftS101440,-6.4686,38.2490,1.022e-16,1.761e-16,4.000e-16,0.0007,2.03,0
LeftS101441,-6.4302,38.1450,2.779e-12,2.568e-12,1.568e-12,0.0008,2.2,1
LeftS101442,-6.3742,38.1792,1.326e-18,1.626e-18,1.755e-18,-0.0001,2.28,0
LeftS101443,-6.5819,40.7538,3.407e-19,4.921e-19,7.512e-19,-0.0,0.44,0
LeftS101444,-6.6252,40.7240,2.118e-16,4.091e-16,1.155e-15,-0.0012,0.18,0
LeftS101445,-6.2423,38.0572,1.390e-16,3.288e-16,1.416e-15,-0.0001,2.28,0
LeftS103245,-15.1520,42.9721,5.607e-20,1.170e-19,3.678e-19,0.0007,-3.38,0
LeftS103246,-15.7752,42.6089,2.878e-16,2.716e-16,1.804e-16,0.0004,-3.32,0
LeftS103247,-12.1471,38.0338,4.033e-20,8.640e-20,2.931e-19,0.0006,-0.58,0
LeftS103248,-12.8636,41.7922,1.693e-17,1.972e-17,2.001e-17,0.001,-1.6,0
LeftS103249,-14.9659,42.5687,2.289e-19,4.005e-19,9.314e-19,0.0012,-3.08,0
LeftS103256,-14.6752,44.2346,7.630e-17,7.802e-17,6.043e-17,0.0001,-3.33,0
LeftS103259,-14.5092,42.1014,5.312e-18,7.156e-18,9.419e-18,0.0011,-1.83,0
LeftS103261,-12.6723,40.6322,2.870e-17,3.260e-17,3.063e-17,0.0006,-1.11,0
LeftS103263,-14.8043,42.4423,5.635e-16,5.171e-16,3.198e-16,0.0014,-2.74,0
LeftS103264,-15.2516,41.9977,3.004e-19,5.262e-19,1.201e-18,0.0012,-2.69,0
LeftS103265,-14.8501,42.5260,2.562e-19,4.531e-19,1.080e-18,0.0015,-3.03,0
LeftS103267,-15.0322,41.4716,3.040e-20,5.794e-20,1.595e-19,0.0013,-1.8,0
LeftS103268,-14.8330,42.3998,1.211e-18,1.872e-18,3.265e-18,0.0012,-2.7,0
LeftS103270,-15.0021,42.1559,4.988e-19,8.558e-19,1.876e-18,0.0003,-2.67,0
LeftS103271,-14.3302,41.9389,2.360e-16,2.209e-16,1.383e-16,0.0006,-1.78,0
LeftS103272,-14.5662,38.7875,1.307e-17,1.716e-17,2.180e-17,0.0002,-1.0,0
LeftS103273,-14.2681,42.4656,6.101e-18,8.288e-18,1.127e-17,0.0004,-2.31,0
LeftS103274,-14.8340,42.2592,2.803e-16,4.915e-16,1.135e-15,0.0013,-2.73,0
LeftS103275,-14.6573,41.7663,3.803e-17,4.195e-17,3.603e-17,0.0012,-1.44,0
LeftS103276,-14.8642,42.2259,2.856e-20,5.820e-20,1.798e-19,0.0015,-2.78,0
LeftS103279,-14.9452,42.4586,1.294e-17,1.539e-17,1.584e-17,0.0019,-2.9,0
LeftS103280,-15.5145,42.2882,1.848e-16,1.860e-16,1.331e-16,0.0014,-2.99,0
LeftS103281,-14.9369,42.3859,2.397e-20,5.499e-20,2.320e-19,0.0017,-3.02,0
LeftS103282,-14.4087,40.7082,4.736e-16,8.520e-16,2.089e-15,0.0012,-0.96,0
LeftS103283,-14.5727,41.3908,3.795e-18,5.501e-18,8.492e-18,0.0013,-1.31,0
LeftS103284,-15.1864,40.6232,1.170e-20,2.976e-20,1.534e-19,0.0004,-1.5,0
LeftS103285,-14.0055,41.0091,7.336e-16,6.509e-16,3.718e-16,0.0008,-0.99,0
LeftS103287,-16.4601,40.8411,8.787e-18,1.152e-17,1.473e-17,0.0001,-2.11,0
LeftS103288,-13.5234,39.5666,9.020e-20,6.207e-20,2.128e-20,0.0012,-0.7,0
LeftS103290,-14.6840,41.8349,2.970e-20,6.272e-20,2.172e-19,-0.0,-1.48,0
LeftS103292,-14.1707,42.1301,1.374e-20,2.968e-20,1.052e-19,0.0006,-1.92,0
LeftS103293,-14.3016,42.0193,5.535e-11,3.987e-11,1.511e-11,0.0005,-1.78,0
LeftS103294,-15.2355,43.7364,2.139e-20,4.322e-20,1.333e-19,0.0001,-3.59,0
LeftS103295,-14.9028,42.0115,9.642e-19,1.535e-18,2.886e-18,0.0002,-1.87,0
LeftS103296,-14.9060,42.7876,5.289e-16,5.019e-16,3.358e-16,0.0006,-3.45,0
LeftS103297,-15.0569,42.1635,1.625e-17,1.880e-17,1.912e-17,0.0009,-3.07,0
LeftS103298,-15.0187,42.1562,1.620e-16,1.644e-16,1.212e-16,0.0019,-2.79,0
LeftS103299,-14.8850,42.0978,2.685e-17,3.340e-17,3.916e-17,0.0003,-2.04,0
LeftS103300,-15.4768,43.3790,2.872e-17,3.396e-17,3.376e-17,0.0008,-3.65,0
LeftS103303,-17.4592,42.7853,2.408e-17,2.894e-17,3.072e-17,0.0006,-3.04,0
LeftS103305,-14.8092,40.0678,1.561e-17,1.927e-17,2.217e-17,0.0012,-1.21,0
LeftS103306,-15.1321,42.2919,4.248e-17,4.793e-17,4.382e-17,0.0012,-2.87,0
LeftS103307,-14.9407,41.5855,1.023e-17,1.293e-17,1.531e-17,-0.0,-1.73,0
LeftS103309,-14.6887,41.5915,4.167e-17,4.723e-17,4.549e-17,0.0011,-1.32,0
LeftS103310,-16.4291,43.8624,3.398e-20,2.655e-20,1.147e-20,0.0008,-3.98,0
LeftS103313,-15.1468,42.8123,2.407e-20,4.956e-20,1.660e-19,0.0013,-3.44,0
LeftS103314,-14.6528,42.5929,3.217e-20,6.733e-20,2.269e-19,0.001,-2.69,0
LeftS103316,-14.2462,42.0676,7.934e-19,1.304e-18,2.558e-18,0.0017,-1.75,0
LeftS103317,-14.7680,41.6687,1.922e-19,3.813e-19,1.103e-18,0.0011,-1.66,0
LeftS103321,-14.6243,41.0553,6.172e-19,1.033e-18,2.084e-18,0.0007,-1.39,0
LeftS103323,-15.2182,42.9533,1.800e-17,2.162e-17,2.301e-17,0.0001,-3.38,0
LeftS103325,-13.9081,40.4499,8.031e-20,5.715e-20,2.006e-20,0.001,-0.77,0
LeftS103326,-14.4849,44.3695,4.502e-20,8.857e-20,2.633e-19,0.0011,-3.17,0
LeftS103327,-14.5349,41.7256,8.633e-18,1.140e-17,1.464e-17,0.001,-1.36,0
LeftS103328,-14.6056,41.3329,2.067e-20,4.601e-20,1.702e-19,0.0012,-1.31,0
LeftS103329,-13.6089,40.2900,1.328e-16,1.375e-16,1.024e-16,0.0006,-0.71,0
LeftS103330,-14.2190,42.1891,3.485e-16,6.007e-16,1.294e-15,0.0009,-2.01,0
LeftS103332,-16.0956,41.4975,1.284e-18,1.999e-18,3.536e-18,0.0008,-2.42,0
LeftS103333,-13.6764,40.9793,1.247e-20,2.681e-20,9.407e-20,0.0014,-0.92,0
LeftS103336,-14.8883,42.3123,2.225e-19,4.067e-19,9.952e-19,0.0005,-2.99,0
LeftS103337,-14.5052,40.8263,4.144e-20,8.493e-20,2.734e-19,0.001,-1.19,0
LeftS103339,-15.2144,41.7960,3.573e-17,4.139e-17,4.090e-17,0.0007,-2.3,0
LeftS103340,-12.1556,41.4427,7.411e-20,1.267e-19,2.777e-19,0.0016,-1.82,0
LeftS103341,-14.6954,41.6768,5.850e-16,5.389e-16,3.185e-16,0.0012,-1.32,0
LeftS103342,-14.9579,42.9152,1.426e-20,2.895e-20,8.891e-20,0.0006,-3.12,0
LeftS103343,-14.9346,39.7762,8.167e-20,1.625e-19,4.830e-19,0.001,-1.3,0
LeftS103344,-14.8523,42.0676,2.191e-17,2.502e-17,2.261e-17,0.0002,-2.13,0
LeftS103346,-15.3766,42.1258,2.707e-19,5.208e-19,1.393e-18,0.0004,-2.73,0
LeftS103347,-14.8279,42.1686,3.289e-19,5.835e-19,1.398e-18,0.0011,-3.23,0
LeftS103348,-14.6317,41.6259,2.536e-17,2.919e-17,2.804e-17,0.0005,-1.35,0
LeftS103349,-15.5837,42.4818,2.479e-18,3.568e-18,5.390e-18,0.0013,-3.27,0
LeftS103350,-14.8478,42.0600,5.607e-20,1.152e-19,3.732e-19,0.0013,-1.82,0
LeftS103353,-14.8286,42.1652,8.423e-20,5.879e-20,2.072e-20,0.0004,-3.32,0
LeftS103354,-14.8524,42.4849,6.537e-20,1.381e-19,4.635e-19,0.0014,-2.9,0
LeftS103356,-14.7365,42.1100,4.085e-16,7.976e-16,2.276e-15,0.0008,-1.89,0
LeftS103358,-15.9055,41.6513,1.523e-16,1.508e-16,1.090e-16,0.0009,-2.49,0
LeftS103359,-13.7373,42.2361,6.510e-17,7.107e-17,6.207e-17,0.0015,-2.01,0
LeftS103360,-14.9890,41.9401,1.420e-20,3.443e-20,1.621e-19,0.0013,-2.19,0
LeftS103361,-14.8298,41.7772,2.083e-20,4.397e-20,1.527e-19,0.0011,-1.78,0
LeftS103363,-15.0720,43.0577,7.275e-20,1.490e-19,4.614e-19,0.0009,-3.43,0
LeftS103365,-15.3953,43.4557,2.568e-19,4.544e-19,1.055e-18,0.0016,-3.66,0
LeftS103366,-14.7808,42.2603,2.379e-15,5.286e-15,1.985e-14,0.0012,-2.48,0
LeftS103367,-15.1534,42.5961,3.678e-20,7.303e-20,2.150e-19,0.001,-3.29,0
LeftS103368,-15.3247,42.6229,3.917e-20,7.504e-20,2.060e-19,0.0006,-3.44,0
LeftS103369,-14.6267,40.8250,8.912e-20,1.647e-19,4.413e-19,0.0016,-1.27,0
LeftS103370,-14.9651,44.0907,1.289e-20,2.949e-20,1.213e-19,0.001,-3.43,0
LeftS103372,-14.3641,41.8564,7.032e-19,1.191e-18,2.482e-18,0.0008,-1.59,0
LeftS103375,-14.5623,41.2070,2.151e-17,2.463e-17,2.388e-17,0.0021,-1.12,0
LeftS103376,-14.8429,42.1716,2.893e-20,5.363e-20,1.418e-19,0.0005,-2.46,0
LeftS103378,-15.1534,41.6136,4.050e-20,9.218e-20,3.531e-19,0.0005,-2.03,0
LeftS103379,-15.1440,42.7100,3.878e-16,8.808e-16,3.476e-15,0.0009,-3.41,0
LeftS103381,-15.4757,42.6732,9.722e-17,1.034e-16,8.240e-17,0.0004,-3.5,0
LeftS103382,-15.1345,43.2750,7.361e-20,1.484e-19,4.509e-19,0.0007,-3.57,0
LeftS103383,-16.3062,42.9627,3.763e-19,6.506e-19,1.521e-18,0.0008,-3.5,0
LeftS103385,-14.3851,39.4108,1.604e-18,2.462e-18,4.265e-18,0.0011,-1.04,0
LeftS103386,-15.0692,42.1725,4.603e-11,3.253e-11,1.215e-11,0.001,-2.88,0
LeftS103387,-15.4055,43.5918,6.755e-19,1.082e-18,2.151e-18,0.0003,-3.86,0
LeftS103388,-11.1943,38.8261,2.002e-18,2.903e-18,4.502e-18,0.001,-0.9,0
LeftS103389,-15.3832,41.9592,6.115e-16,1.050e-15,2.322e-15,0.001,-2.62,0
LeftS103391,-15.1602,41.9325,1.391e-20,3.207e-20,1.330e-19,0.0008,-2.52,0
LeftS103392,-15.1977,41.6663,2.337e-16,2.203e-16,1.459e-16,0.0005,-2.12,0
LeftS103393,-14.3710,42.9216,2.899e-15,2.361e-15,1.168e-15,0.0013,-2.76,0
LeftS103394,-14.2838,39.7791,1.871e-19,3.450e-19,8.657e-19,0.0007,-0.89,0
LeftS103398,-13.7346,42.6265,1.405e-15,2.450e-15,5.586e-15,0.0016,-2.21,0
LeftS103399,-14.5799,43.2246,1.653e-20,3.581e-20,1.250e-19,-0.0003,-2.97,0
LeftS103400,-14.8467,43.0362,4.264e-20,9.036e-20,3.132e-19,0.0016,-3.23,0
LeftS103401,-14.5433,41.8027,1.127e-20,2.803e-20,1.306e-19,0.0017,-1.35,0
LeftS103403,-14.8388,43.0947,2.810e-18,3.991e-18,5.882e-18,0.0004,-2.99,0
LeftS103405,-14.8220,42.9262,2.306e-20,5.260e-20,2.110e-19,0.0015,-3.13,0
LeftS103406,-10.0192,41.4032,2.447e-18,3.428e-18,4.863e-18,0.0017,-2.05,0
LeftS103409,-14.4158,41.6821,4.455e-19,7.607e-19,1.626e-18,0.0011,-1.41,0
LeftS103410,-15.0018,42.0172,3.230e-18,4.628e-18,6.849e-18,0.0007,-2.35,0
LeftS103411,-14.2073,41.3664,8.622e-20,6.011e-20,2.164e-20,0.001,-1.13,0
LeftS103414,-14.5764,41.4756,1.167e-20,2.914e-20,1.443e-19,0.0009,-1.16,0
LeftS103415,-15.2521,44.1820,5.904e-18,7.610e-18,9.303e-18,0.0014,-3.55,0
LeftS103416,-12.5677,42.6279,1.175e-20,2.445e-20,8.149e-20,0.0004,-2.28,0
LeftS103417,-14.6340,40.4980,9.405e-18,1.220e-17,1.479e-17,0.0003,-1.05,0
LeftS103418,-14.9541,42.3443,1.269e-18,2.013e-18,3.638e-18,0.0011,-3.15,0
LeftS103419,-14.0574,42.8623,1.182e-20,2.783e-20,1.149e-19,0.0003,-2.43,0
LeftS103420,-15.1057,40.8305,6.700e-16,6.234e-16,3.812e-16,0.0007,-1.82,0
LeftS103421,-14.0831,38.1725,6.792e-19,1.073e-18,1.942e-18,0.0001,-0.76,0
LeftS103422,-15.0320,41.2952,2.137e-20,4.653e-20,1.705e-19,-0.0001,-1.8,0
LeftS103424,-13.9904,41.8143,1.019e-19,7.065e-20,2.430e-20,0.0002,-1.27,0
LeftS103425,-15.3941,41.5698,3.524e-11,2.523e-11,9.549e-12,0.0005,-2.21,0
LeftS103427,-14.4678,41.0777,5.859e-16,5.352e-16,3.306e-16,0.0013,-1.29,0
LeftS103428,-15.4304,43.2129,4.172e-17,4.616e-17,4.031e-17,0.0012,-3.67,0
LeftS103430,-15.0080,41.1505,2.981e-17,3.415e-17,3.363e-17,0.0006,-1.7,0
LeftS103431,-14.6805,41.8939,4.277e-15,6.160e-15,9.143e-15,0.0002,-1.52,0
LeftS103432,-17.2007,42.2899,3.096e-15,4.442e-15,6.530e-15,0.0014,-3.03,0
LeftS103433,-15.9317,43.1850,4.722e-16,1.011e-15,3.504e-15,0.0013,-3.83,0
LeftS103434,-16.7000,44.6482,7.149e-18,1.038e-17,1.671e-17,0.0015,-4.08,0
LeftS103435,-13.6752,41.0639,4.286e-18,6.027e-18,8.488e-18,0.0008,-1.1,0
LeftS103438,-15.0575,43.3737,1.532e-15,2.343e-15,4.048e-15,0.0012,-3.49,0
LeftS103441,-13.8635,40.5432,3.395e-20,6.626e-20,1.895e-19,0.0006,-0.79,0
LeftS103442,-14.9414,42.1874,1.455e-18,2.208e-18,3.690e-18,0.0022,-3.2,0
LeftS103444,-14.8577,42.1324,2.638e-18,3.982e-18,6.566e-18,0.0007,-2.33,0
LeftS103445,-15.9968,44.7550,1.933e-18,2.835e-18,4.538e-18,0.0007,-3.91,0
LeftS103446,-14.3262,42.1305,4.798e-16,8.597e-16,2.013e-15,0.0017,-1.88,0
LeftS103447,-15.5787,43.2747,8.798e-19,1.380e-18,2.513e-18,0.0012,-3.93,0
LeftS103448,-15.1899,42.0666,6.685e-19,1.109e-18,2.316e-18,0.0001,-3.38,0
LeftS103450,-14.6760,40.5925,9.408e-20,6.520e-20,2.305e-20,0.0008,-1.08,0
LeftS103451,-15.3883,42.1565,1.017e-20,2.554e-20,1.270e-19,0.0015,-3.49,0
LeftS103452,-15.1574,42.4771,2.064e-16,1.938e-16,1.223e-16,0.0009,-2.88,0
LeftS103453,-15.3357,41.7349,1.038e-15,8.794e-16,4.587e-16,0.0009,-3.03,0
LeftS103454,-14.4994,43.0167,1.876e-16,1.885e-16,1.340e-16,0.0014,-3.03,0
LeftS103455,-14.8978,42.6749,1.177e-16,1.235e-16,9.505e-17,0.0019,-3.15,0
LeftS103456,-14.0473,40.5716,3.120e-20,6.399e-20,2.054e-19,0.0008,-0.75,0
LeftS103457,-15.6849,41.0805,9.166e-15,7.311e-15,3.413e-15,0.0007,-1.92,0
LeftS103458,-14.3348,42.8603,4.471e-17,5.170e-17,5.141e-17,0.0009,-2.57,0
LeftS103459,-15.6481,43.2725,1.024e-15,8.853e-16,4.838e-16,0.0009,-3.72,0
LeftS103460,-14.3787,42.6500,1.010e-16,1.054e-16,8.184e-17,0.0011,-2.44,0
LeftS103461,-14.2974,42.9454,9.491e-20,6.519e-20,2.268e-20,0.0007,-2.79,0
LeftS103462,-15.6169,42.5080,2.068e-16,2.030e-16,1.434e-16,0.0012,-3.12,0
LeftS103463,-13.5753,41.4197,1.034e-15,9.206e-16,5.311e-16,0.0018,-1.15,0
LeftS103465,-13.2983,41.3546,4.725e-19,7.913e-19,1.679e-18,0.0003,-0.93,0
LeftS103466,-16.0797,42.5872,1.794e-20,4.300e-20,1.890e-19,0.0012,-3.43,0
LeftS103467,-15.2817,43.6692,7.874e-20,1.584e-19,4.750e-19,0.0007,-3.69,0
LeftS103468,-14.7623,41.4989,1.131e-18,1.717e-18,2.894e-18,0.0015,-1.26,0
LeftS103469,-14.7926,42.3196,2.495e-11,2.267e-11,1.372e-11,0.0012,-3.12,1
LeftS103470,-14.9919,41.5120,1.187e-16,1.259e-16,1.029e-16,0.0015,-1.79,0
LeftS103471,-15.2167,42.3597,2.375e-19,4.352e-19,1.144e-18,0.0017,-3.18,0
LeftS103472,-14.5605,41.1978,3.503e-15,2.726e-15,1.185e-15,0.0007,-1.02,0
LeftS103473,-15.3490,42.1725,3.429e-17,3.964e-17,3.878e-17,0.0004,-2.82,0
LeftS103474,-14.6259,41.8196,9.851e-15,7.484e-15,3.077e-15,0.0009,-1.62,1
LeftS103475,-14.2683,40.6079,2.308e-19,4.251e-19,1.103e-18,0.0006,-0.73,0
LeftS103476,-15.5601,42.5503,1.806e-15,2.905e-15,5.735e-15,0.0008,-3.51,0
LeftS103477,-14.4614,41.2069,1.485e-15,1.240e-15,6.539e-16,0.0012,-1.05,0
LeftS103478,-14.9411,42.7264,2.167e-20,5.315e-20,2.449e-19,0.0009,-3.06,0
LeftS103479,-14.3864,42.2637,2.574e-17,3.082e-17,3.269e-17,0.001,-2.13,0
LeftS103480,-14.5270,42.6664,7.492e-20,1.623e-19,5.793e-19,0.001,-2.71,0
LeftS103481,-14.8801,42.6161,6.896e-15,5.224e-15,2.089e-15,0.0004,-3.03,0
LeftS103482,-14.4889,41.9396,2.450e-16,2.412e-16,1.616e-16,0.0013,-1.39,0
LeftS103484,-15.1421,40.5058,4.737e-19,8.558e-19,2.020e-18,-0.0001,-1.21,0
LeftS103487,-14.3176,41.5490,5.661e-20,1.081e-19,2.950e-19,0.0006,-1.34,0
LeftS103488,-15.2607,41.6593,1.026e-19,2.085e-19,6.434e-19,0.0002,-2.19,0
LeftS103489,-15.6631,42.8054,7.428e-17,8.712e-17,8.610e-17,0.0008,-3.72,0
LeftS103491,-14.2840,42.5029,4.137e-16,3.930e-16,2.517e-16,0.001,-2.34,0
LeftS103492,-16.3133,42.7347,1.056e-17,1.328e-17,1.557e-17,0.0002,-3.48,0
LeftS103493,-14.3163,41.0993,1.040e-19,6.989e-20,2.365e-20,0.0019,-0.9,0
LeftS103494,-15.0972,42.0254,8.507e-20,5.955e-20,2.091e-20,0.0016,-2.93,0
LeftS103495,-15.8478,42.4090,4.827e-17,5.064e-17,3.964e-17,0.0007,-3.4,0
LeftS103496,-14.5693,40.9511,1.665e-16,1.726e-16,1.332e-16,0.0007,-1.23,0
LeftS103497,-15.7762,43.0164,1.250e-17,1.530e-17,1.695e-17,0.0004,-3.62,0
LeftS103499,-14.6559,42.3327,1.709e-15,1.516e-15,8.856e-16,0.0008,-2.32,0
LeftS103500,-14.4809,42.8368,4.742e-16,4.306e-16,2.578e-16,0.0003,-2.66,0
LeftS103501,-14.1816,41.2814,1.607e-18,2.598e-18,4.961e-18,0.0012,-1.02,0
LeftS103502,-15.7418,44.2039,2.475e-19,4.346e-19,9.635e-19,0.0008,-4.12,0
LeftS103503,-15.4890,42.9309,6.324e-12,4.257e-12,1.390e-12,0.0003,-3.37,0
LeftS103504,-14.7302,41.1985,2.364e-15,5.329e-15,2.151e-14,0.0016,-1.27,0
LeftS103505,-14.6697,42.3605,2.208e-11,2.198e-11,1.503e-11,0.0008,-2.35,1
LeftS103506,-14.5870,41.9258,4.015e-16,3.684e-16,2.325e-16,0.0008,-1.63,0
LeftS103507,-13.4727,39.6989,7.101e-18,9.571e-18,1.218e-17,0.0015,-0.57,0
LeftS103508,-14.7208,41.5575,4.431e-19,7.496e-19,1.605e-18,0.0008,-1.34,0
LeftS103509,-15.1687,43.1451,2.059e-17,2.472e-17,2.515e-17,0.0007,-3.6,0
LeftS103510,-15.1185,42.3953,3.684e-16,6.366e-16,1.365e-15,0.0008,-3.17,0
LeftS103512,-14.1210,40.7608,8.576e-20,5.965e-20,2.107e-20,0.0013,-0.72,0
LeftS103513,-14.8930,42.7025,5.707e-20,1.143e-19,3.572e-19,0.0008,-3.42,0
LeftS103514,-14.6156,40.9292,2.100e-15,1.809e-15,9.674e-16,0.001,-1.61,0
LeftS103515,-14.6010,42.1186,4.398e-19,7.905e-19,1.909e-18,0.0001,-1.45,0
LeftS103517,-14.7215,41.8303,1.035e-15,9.179e-16,5.266e-16,0.001,-1.77,0
LeftS103518,-14.6306,41.0530,3.566e-16,3.505e-16,2.347e-16,0.0021,-0.99,0
LeftS103519,-14.5005,43.6581,4.104e-20,8.806e-20,3.095e-19,0.0015,-3.22,0
LeftS103520,-15.0069,41.8398,2.519e-20,5.475e-20,1.912e-19,0.001,-1.72,0
LeftS103522,-14.6221,42.2755,5.198e-16,4.847e-16,3.051e-16,0.0014,-2.28,0
LeftS103524,-13.9020,43.1550,4.141e-17,4.697e-17,4.531e-17,0.0012,-2.61,0
LeftS103525,-14.9025,42.5728,2.254e-15,1.829e-15,8.945e-16,0.0007,-3.13,0
LeftS103526,-14.2306,41.5346,1.630e-15,2.930e-15,7.050e-15,0.0003,-1.29,0
LeftS103527,-15.5326,42.6230,7.940e-17,8.252e-17,6.358e-17,0.0017,-3.59,0
LeftS103528,-15.1149,42.4026,2.341e-17,2.666e-17,2.480e-17,0.0016,-3.24,0
LeftS103529,-16.1846,43.7265,7.037e-15,2.009e-14,1.258e-13,0.0007,-3.85,0
LeftS103530,-14.0701,41.9121,8.381e-20,5.818e-20,2.014e-20,0.0007,-1.66,0
LeftS103532,-15.4352,41.9046,3.595e-18,5.138e-18,7.389e-18,0.0014,-2.65,0
LeftS103533,-14.7896,40.8088,2.199e-15,3.872e-15,9.140e-15,0.0009,-1.08,0
LeftS103534,-15.3255,40.9670,2.383e-18,3.626e-18,6.333e-18,0.0006,-1.69,0
LeftS103535,-14.8926,42.6547,6.626e-17,7.285e-17,6.694e-17,0.0004,-3.22,0
LeftS103536,-14.7002,42.5075,2.826e-17,3.238e-17,3.035e-17,0.0011,-2.62,0
LeftS103537,-15.4881,42.2966,5.083e-18,6.758e-18,8.670e-18,0.0007,-3.4,0
LeftS103538,-15.2942,42.3257,9.762e-18,1.241e-17,1.506e-17,0.0006,-3.04,0
LeftS103539,-15.0870,41.0967,6.403e-13,4.273e-13,1.352e-13,0.0005,-1.52,0
LeftS103540,-14.9822,41.4355,2.302e-17,2.635e-17,2.417e-17,0.0013,-1.73,0
LeftS103541,-15.7155,43.1820,8.624e-20,1.666e-19,4.643e-19,0.0009,-3.83,0
LeftS103542,-14.2199,41.6995,2.069e-16,2.086e-16,1.515e-16,0.0016,-1.37,0
LeftS103543,-15.4192,41.3706,1.362e-16,2.763e-16,8.381e-16,0.001,-2.04,0
LeftS103544,-15.2426,42.8402,6.502e-20,4.711e-20,1.770e-20,0.0002,-3.26,0
LeftS103545,-15.5492,41.7775,1.370e-17,1.730e-17,2.046e-17,0.0015,-3.32,0
LeftS103546,-14.4648,42.3140,6.204e-15,4.797e-15,2.030e-15,0.0009,-1.9,1
LeftS103547,-14.9753,41.4862,4.327e-16,3.674e-16,1.949e-16,0.0009,-1.56,0
LeftS103548,-14.5383,41.3779,1.067e-17,1.340e-17,1.585e-17,0.001,-1.19,0
LeftS103549,-15.6036,42.8506,7.094e-18,9.377e-18,1.187e-17,0.001,-3.64,0
LeftS103550,-14.7738,42.6310,2.640e-15,4.840e-15,1.268e-14,0.0011,-3.29,0
LeftS103551,-14.6805,42.0456,6.917e-16,1.345e-15,3.852e-15,0.0012,-2.02,0
LeftS103552,-15.2877,42.9636,2.844e-11,2.350e-11,1.174e-11,0.0012,-3.66,1
LeftS103553,-14.3264,41.3722,8.448e-18,1.108e-17,1.373e-17,0.0011,-1.12,0
LeftS103554,-14.7444,42.8033,3.097e-17,3.543e-17,3.270e-17,0.0017,-3.65,0
LeftS103555,-14.3449,42.5084,4.793e-11,3.541e-11,1.426e-11,0.0009,-1.48,0
LeftS103556,-15.5008,41.2816,1.982e-15,1.562e-15,7.229e-16,0.0001,-2.14,0
LeftS103557,-14.7097,41.8834,2.551e-20,5.489e-20,1.904e-19,0.0006,-1.86,0
LeftS103558,-15.5186,42.5377,3.350e-19,5.713e-19,1.224e-18,0.0016,-3.61,0
LeftS103559,-14.7556,42.4768,6.395e-17,6.707e-17,5.396e-17,0.0009,-2.62,0
LeftS103560,-15.4376,42.4266,6.024e-17,6.576e-17,5.572e-17,0.0005,-3.5,0
LeftS103561,-14.9723,40.7619,1.131e-16,1.096e-16,7.651e-17,0.0012,-1.19,0
LeftS103562,-14.4541,42.4749,1.641e-18,2.502e-18,4.291e-18,0.0009,-1.52,0
LeftS103563,-14.2652,42.6610,5.090e-20,1.117e-19,3.947e-19,0.0007,-2.22,0
LeftS103564,-14.9912,41.4044,7.735e-15,5.984e-15,2.634e-15,0.0004,-1.71,1
LeftS103566,-14.8722,41.9982,4.525e-16,4.299e-16,2.790e-16,0.0012,-2.07,0
LeftS103569,-14.9609,41.9862,9.669e-20,6.691e-20,2.281e-20,0.0008,-2.18,0
LeftS103570,-14.2304,41.9588,3.546e-15,2.777e-15,1.193e-15,-0.0,-1.08,0
LeftS103571,-14.0418,42.0235,2.944e-18,4.379e-18,6.842e-18,0.0016,-1.84,0
LeftS103572,-14.4721,41.7529,4.511e-18,6.097e-18,8.283e-18,-0.0004,-1.47,0
LeftS103573,-14.3536,42.2647,3.385e-16,3.090e-16,1.949e-16,0.0015,-1.96,0
LeftS103574,-15.7807,42.6000,1.347e-20,2.959e-20,1.099e-19,0.0018,-3.43,0
LeftS103575,-15.6090,42.7662,1.349e-20,3.050e-20,1.182e-19,0.0014,-3.6,0
LeftS103576,-14.3996,41.7676,1.094e-15,9.771e-16,5.369e-16,0.0011,-1.49,0
LeftS103578,-15.5478,42.5707,6.499e-16,6.006e-16,3.741e-16,0.0011,-3.41,0
LeftS103579,-14.0898,42.0328,3.625e-18,5.294e-18,8.348e-18,0.0012,-1.7,0
LeftS103580,-15.6032,42.4945,2.327e-17,2.768e-17,2.893e-17,0.0011,-3.43,0
LeftS103581,-14.6358,41.9558,3.138e-15,2.510e-15,1.142e-15,0.0008,-1.74,0
LeftS103582,-15.3577,42.3031,1.449e-15,1.267e-15,6.714e-16,0.0002,-2.88,0
LeftS103583,-14.1043,41.9057,8.147e-19,1.310e-18,2.419e-18,0.0013,-1.74,0
LeftS103584,-15.4588,42.6634,1.940e-17,2.309e-17,2.448e-17,0.0009,-3.4,0
LeftS103585,-14.4096,41.7725,2.848e-18,3.659e-18,4.392e-18,0.0012,-1.41,0
LeftS103586,-13.9613,41.3476,8.229e-20,5.788e-20,2.023e-20,0.0008,-1.15,0
LeftS103588,-15.4753,42.5223,1.616e-19,3.181e-19,9.190e-19,0.0003,-3.25,0
LeftS103589,-15.2922,42.4527,6.714e-18,8.850e-18,1.139e-17,-0.0001,-3.25,0
LeftS103590,-15.4707,42.5120,8.215e-20,1.566e-19,4.333e-19,0.0013,-3.23,0
LeftS103591,-15.3126,42.6872,9.222e-20,6.417e-20,2.221e-20,0.0011,-3.37,0
LeftS103592,-14.4026,41.9542,1.398e-18,2.225e-18,4.250e-18,0.0016,-1.67,0
LeftS103593,-14.5090,41.8496,3.627e-19,6.337e-19,1.432e-18,-0.0002,-1.64,0
LeftS103594,-14.3422,41.8840,3.289e-15,2.753e-15,1.375e-15,0.0008,-1.66,0
LeftS103595,-13.9722,41.9568,9.599e-16,8.187e-16,4.385e-16,0.0017,-1.55,0
LeftS103596,-14.5272,42.2024,2.101e-20,4.596e-20,1.637e-19,0.0012,-2.04,0
LeftS103597,-15.1970,42.3359,4.685e-16,9.087e-16,2.546e-15,0.0008,-3.27,0
LeftS103598,-14.2064,41.7698,2.555e-17,3.079e-17,3.176e-17,0.0,-1.54,0
LeftS103599,-14.0022,41.8877,3.931e-16,3.729e-16,2.351e-16,0.0008,-1.38,0
LeftS103600,-14.0046,41.5346,1.355e-16,1.303e-16,9.112e-17,0.001,-1.29,0
LeftS103601,-15.8782,42.7979,1.058e-14,7.929e-15,3.224e-15,0.0008,-3.43,0
LeftS103602,-15.4754,42.6128,1.532e-19,2.633e-19,5.806e-19,0.0008,-3.44,0
LeftS103603,-14.1698,41.9494,3.713e-19,6.317e-19,1.384e-18,0.0019,-1.74,0
LeftS103604,-15.6575,42.9235,1.524e-15,1.355e-15,7.762e-16,0.0013,-3.6,0
LeftS103605,-15.2521,42.1836,1.316e-15,2.006e-15,3.429e-15,0.0011,-2.9,0
LeftS103606,-14.1988,41.9882,2.859e-15,2.268e-15,1.012e-15,0.0011,-1.68,0
LeftS103608,-15.9471,42.6994,9.249e-17,9.707e-17,7.743e-17,0.0014,-3.48,0
LeftS103609,-14.0448,41.5083,5.354e-20,1.128e-19,3.699e-19,0.001,-1.25,0
LeftS103610,-15.7117,42.6687,1.003e-18,1.543e-18,2.646e-18,0.0011,-3.32,0
LeftS103611,-13.9743,41.6358,4.834e-16,4.263e-16,2.350e-16,0.0011,-1.34,0
LeftS103612,-14.1143,41.5051,2.443e-17,2.960e-17,3.102e-17,0.001,-1.2,0
LeftS103613,-15.6517,42.6574,3.833e-20,8.045e-20,2.630e-19,0.0008,-3.35,0
LeftS103615,-15.4936,42.3250,7.462e-16,6.843e-16,3.996e-16,0.0012,-3.09,0
LeftS103616,-15.3554,42.5471,8.596e-17,9.031e-17,7.032e-17,0.0008,-3.26,0
LeftS103617,-14.2087,41.5578,2.417e-17,2.687e-17,2.478e-17,0.0005,-1.27,0
LeftS103618,-14.2761,42.0039,1.132e-15,1.005e-15,5.663e-16,0.0013,-1.71,0
LeftS103622,-14.3931,41.8608,1.037e-19,7.026e-20,2.344e-20,0.0005,-1.71,0
LeftS103626,-15.5941,42.3965,1.028e-15,2.067e-15,6.347e-15,0.0009,-3.14,0
LeftS103627,-15.4531,42.3582,1.280e-17,1.571e-17,1.746e-17,0.0012,-3.13,0
LeftS103628,-15.4362,42.3567,1.052e-15,1.645e-15,3.100e-15,0.0004,-3.07,0
LeftS103629,-13.9383,41.7187,3.917e-19,6.658e-19,1.425e-18,0.0018,-1.33,0
LeftS103630,-13.8608,41.6729,6.599e-16,1.347e-15,4.305e-15,0.0007,-1.37,0
LeftS103631,-15.9095,42.6619,5.199e-16,1.006e-15,2.963e-15,0.0007,-3.3,0
LeftS103632,-15.6214,42.1295,2.105e-19,3.903e-19,1.020e-18,0.001,-2.85,0
LeftS103633,-15.5485,42.7821,8.879e-20,6.248e-20,2.204e-20,0.0005,-3.43,0
LeftS103634,-15.6578,42.3989,1.566e-14,1.197e-14,4.890e-15,-0.0,-3.16,1
LeftS103635,-14.1174,41.5602,1.467e-11,9.909e-12,3.383e-12,0.0007,-1.34,0
LeftS103636,-13.8807,41.3953,2.735e-17,3.166e-17,3.110e-17,0.0007,-1.12,0
LeftS103638,-15.8615,42.3467,8.508e-20,5.957e-20,2.057e-20,0.001,-3.05,0
LeftS103639,-15.5472,42.5047,7.941e-15,6.054e-15,2.560e-15,0.0008,-3.3,1
LeftS103640,-13.8394,41.8632,1.659e-18,2.383e-18,3.711e-18,0.0011,-1.51,0
LeftS103641,-14.0892,41.9318,4.680e-17,5.359e-17,5.209e-17,0.0003,-1.64,0
LeftS103643,-15.8549,42.6766,7.776e-20,1.494e-19,4.083e-19,0.0008,-3.44,0
LeftS103644,-14.0496,41.3712,5.354e-20,1.173e-19,4.108e-19,0.0008,-1.24,0
LeftS103645,-15.7393,42.6118,7.436e-17,7.779e-17,6.205e-17,0.0012,-3.38,0
LeftS103646,-14.2240,41.9721,9.479e-18,1.179e-17,1.343e-17,0.0009,-1.84,0
LeftS103647,-15.5289,42.7110,5.191e-11,4.280e-11,2.127e-11,0.0002,-3.58,1
LeftS103648,-14.0130,41.5752,1.605e-19,3.071e-19,8.511e-19,0.0008,-1.34,0
LeftS103649,-16.0760,42.9455,9.028e-18,1.191e-17,1.533e-17,0.0013,-3.54,0
LeftS103650,-13.9436,41.6855,1.230e-19,2.420e-19,7.282e-19,-0.0004,-1.45,0
LeftS103651,-14.1477,41.7994,1.665e-15,3.826e-15,1.554e-14,0.0017,-1.51,0
LeftS103652,-15.8720,42.6728,5.677e-17,6.078e-17,5.190e-17,0.0007,-3.46,0
LeftS103653,-14.0550,41.7520,3.233e-16,6.254e-16,1.716e-15,0.0007,-1.53,0
LeftS103654,-15.9902,42.7290,1.599e-20,3.543e-20,1.358e-19,0.0005,-3.31,0
LeftS103655,-13.8386,41.6753,9.981e-20,6.909e-20,2.322e-20,0.0004,-1.35,0
LeftS103656,-15.8482,42.7399,1.595e-15,1.361e-15,7.232e-16,0.0014,-3.33,0
LeftS103658,-14.0654,41.8183,4.478e-20,8.776e-20,2.639e-19,0.001,-1.48,0
LeftS103659,-15.8735,42.6684,2.355e-16,3.500e-16,5.597e-16,0.0016,-3.39,0
LeftS103661,-13.8152,41.5854,5.222e-18,7.157e-18,9.636e-18,0.0021,-1.29,0
LeftS103662,-15.9158,42.8703,4.170e-17,4.743e-17,4.425e-17,0.0007,-3.52,0
LeftS103663,-15.5398,42.3522,8.559e-17,9.144e-17,7.260e-17,0.0006,-2.99,0
LeftS103664,-14.0985,41.6918,4.500e-16,8.397e-16,2.170e-15,0.0019,-1.41,0
LeftS103665,-15.6725,42.5917,1.618e-16,2.525e-16,4.793e-16,0.002,-3.32,0
LeftS103666,-13.8231,41.1971,2.534e-15,2.110e-15,1.049e-15,0.0009,-1.12,0
LeftS103667,-16.0096,42.9671,6.829e-16,1.307e-15,3.607e-15,0.0011,-3.51,0
LeftS103668,-16.0656,42.7900,4.554e-16,4.120e-16,2.381e-16,0.0003,-3.43,0
LeftS103669,-15.8062,42.8118,1.396e-15,1.220e-15,6.917e-16,0.0008,-3.45,0
LeftS103670,-14.0373,41.6734,2.256e-11,1.561e-11,5.457e-12,0.0005,-1.47,0
LeftS103671,-16.0486,42.9378,8.849e-16,1.500e-15,3.200e-15,0.0012,-3.6,0
LeftS103672,-15.9797,42.6112,4.454e-16,4.253e-16,2.839e-16,0.001,-3.33,0
LeftS103673,-16.0948,42.7435,9.521e-20,1.823e-19,4.882e-19,0.0019,-3.45,0
LeftS103674,-13.8386,41.4899,1.509e-19,3.111e-19,9.794e-19,0.0001,-1.35,0
LeftS103675,-16.0348,42.9823,1.987e-19,3.630e-19,9.085e-19,0.0013,-3.49,0
LeftS103676,-15.8942,42.3475,1.597e-20,3.745e-20,1.606e-19,0.0011,-3.07,0
LeftS103677,-14.1737,41.5303,1.093e-15,1.648e-15,2.742e-15,0.0003,-1.28,0
LeftS103678,-13.8184,41.6807,6.479e-16,5.574e-16,3.043e-16,0.0012,-1.4,0
LeftS103679,-13.9188,41.7465,2.368e-17,2.737e-17,2.611e-17,0.0019,-1.38,0
LeftS103680,-15.7920,42.7419,5.220e-18,6.683e-18,8.323e-18,0.0004,-3.43,0
LeftS103681,-16.0392,42.8077,3.081e-15,2.595e-15,1.302e-15,0.0008,-3.47,0
LeftS103682,-15.7549,42.6091,5.918e-19,1.004e-18,2.197e-18,0.0002,-3.38,0
LeftS103683,-13.7830,41.3294,2.564e-19,4.644e-19,1.122e-18,0.0012,-1.24,0
LeftS103684,-15.8469,42.5341,3.325e-17,3.847e-17,3.620e-17,0.001,-3.34,0
LeftS103685,-16.0657,42.6896,1.734e-19,3.380e-19,9.546e-19,0.0012,-3.46,0
LeftS103686,-13.8163,41.5118,2.038e-19,3.735e-19,9.671e-19,0.0011,-1.36,0
LeftS103687,-16.3409,43.1045,3.995e-20,7.724e-20,2.172e-19,0.001,-3.59,0
LeftS103688,-15.8366,42.6918,1.060e-15,9.319e-16,5.127e-16,0.0011,-3.41,0
LeftS103689,-13.6298,41.3884,1.047e-15,1.665e-15,3.196e-15,0.0003,-1.17,0
LeftS103690,-15.7751,42.6400,3.121e-11,2.446e-11,1.113e-11,0.0016,-3.36,1
LeftS103691,-16.1297,42.7168,1.027e-15,1.752e-15,3.896e-15,0.0004,-3.27,0
LeftS103692,-13.6050,41.3997,6.760e-17,7.576e-17,6.772e-17,0.0009,-1.43,0
LeftS103693,-16.3251,43.2961,2.160e-15,1.799e-15,9.264e-16,0.0005,-3.47,0
LeftS103694,-14.0280,41.7605,9.239e-15,7.559e-15,3.549e-15,0.0006,-1.41,0
LeftS103695,-16.5248,43.4477,1.929e-20,4.713e-20,2.168e-19,0.001,-3.6,0
LeftS103696,-16.0870,42.6654,7.433e-16,1.334e-15,3.235e-15,0.0012,-3.27,0
LeftS103697,-16.5548,42.9045,3.102e-16,6.858e-16,2.571e-15,0.0004,-3.48,0
LeftS103698,-16.2506,43.0881,1.160e-17,1.522e-17,1.828e-17,0.0013,-3.58,0
LeftS103699,-13.4016,41.3511,5.381e-15,4.217e-15,1.967e-15,0.0014,-1.32,0
LeftS103700,-13.6930,41.4123,4.900e-15,3.676e-15,1.533e-15,0.0009,-1.47,0
LeftS103701,-13.7019,41.4280,3.116e-16,3.018e-16,1.990e-16,0.0009,-1.38,0
LeftS103703,-16.2248,42.8584,4.002e-20,7.899e-20,2.314e-19,0.0008,-3.36,0
LeftS103705,-13.4254,41.4911,8.615e-17,8.532e-17,6.159e-17,0.0006,-1.32,0
LeftS103706,-16.1347,43.2853,6.179e-20,4.540e-20,1.755e-20,0.0015,-3.63,0
LeftS103707,-13.4091,41.1781,1.073e-19,2.126e-19,6.250e-19,0.0,-1.3,0
LeftS103708,-16.2364,43.1482,1.916e-18,2.949e-18,4.963e-18,0.0003,-3.63,0
LeftS103709,-13.6179,41.1808,3.893e-16,5.667e-16,8.722e-16,0.0013,-1.18,0
LeftS103710,-13.5639,41.4334,9.285e-16,1.667e-15,4.056e-15,0.0006,-1.32,0
LeftS103711,-16.1222,42.8964,1.909e-17,2.385e-17,2.741e-17,0.0005,-3.43,0
LeftS103712,-13.6119,41.3557,7.701e-16,6.836e-16,3.802e-16,0.0014,-1.31,0
LeftS103714,-16.4830,43.0126,8.540e-20,5.967e-20,2.133e-20,0.0009,-3.68,0
LeftS103715,-16.4862,43.1227,2.024e-20,4.221e-20,1.391e-19,0.0022,-3.4,0
LeftS103716,-16.7152,43.5683,2.361e-17,2.657e-17,2.342e-17,0.0012,-3.59,0
LeftS103717,-13.2773,41.1090,7.160e-15,5.834e-15,2.801e-15,0.0021,-1.25,0
LeftS103718,-13.3946,41.3216,6.806e-16,1.244e-15,3.142e-15,0.0015,-1.28,0
LeftS103719,-13.4986,41.2015,5.643e-15,4.567e-15,2.151e-15,0.0003,-1.2,0
LeftS103720,-16.4594,42.8235,4.104e-15,3.293e-15,1.541e-15,0.0011,-3.22,0
LeftS103721,-13.4118,41.1549,1.189e-20,2.752e-20,1.121e-19,0.0015,-1.2,0
LeftS103722,-16.4762,42.9768,1.545e-15,1.303e-15,6.874e-16,0.0005,-3.42,0
LeftS103723,-13.2420,41.2996,6.217e-16,5.364e-16,2.992e-16,0.0012,-1.35,0
LeftS103724,-16.2378,43.1135,1.913e-20,4.287e-20,1.654e-19,0.0018,-3.43,0
LeftS103725,-15.8776,42.6103,1.223e-17,1.557e-17,1.871e-17,0.0009,-3.34,0
LeftS103726,-16.6173,42.7010,1.382e-15,2.431e-15,5.726e-15,0.0016,-3.05,0
LeftS103728,-13.6313,41.1444,1.784e-14,1.352e-14,5.477e-15,0.0011,-1.13,0
LeftS103729,-16.1227,42.8153,5.256e-19,9.283e-19,2.240e-18,0.0013,-3.51,0
LeftS103730,-13.2788,41.0756,6.254e-17,6.847e-17,5.960e-17,0.0013,-1.11,0
LeftS103731,-13.4811,41.2862,4.769e-16,4.283e-16,2.564e-16,0.0012,-1.26,0
LeftS103732,-13.3068,41.0883,1.377e-17,1.637e-17,1.715e-17,0.001,-1.42,0
LeftS103733,-16.4273,42.9357,4.929e-16,6.931e-16,1.011e-15,0.0014,-3.4,0
LeftS103734,-16.3951,42.8927,4.732e-18,6.921e-18,1.125e-17,0.001,-3.3,0
LeftS103735,-13.5862,41.6281,8.551e-15,6.812e-15,3.157e-15,0.0,-1.38,0
LeftS103736,-13.2926,40.9429,5.347e-11,4.542e-11,2.336e-11,0.0007,-1.16,1
LeftS103737,-16.5735,43.1898,5.895e-18,8.196e-18,1.218e-17,0.0012,-3.56,0
LeftS103738,-13.0563,41.1468,3.060e-11,3.006e-11,2.086e-11,0.0006,-1.28,1
LeftS103740,-16.5791,43.3028,9.641e-19,1.481e-18,2.603e-18,0.0011,-3.48,0
LeftS103741,-16.0023,42.8016,2.061e-17,2.492e-17,2.686e-17,0.0004,-3.45,0
LeftS103743,-13.1778,40.6638,3.781e-19,6.521e-19,1.493e-18,0.0011,-1.18,0
LeftS103744,-12.8352,40.9671,4.065e-18,5.412e-18,6.826e-18,0.0013,-1.27,0
LeftS103745,-13.5362,41.1408,6.496e-15,5.098e-15,2.200e-15,0.0004,-1.07,1
LeftS103746,-16.4706,43.0495,1.327e-20,3.192e-20,1.482e-19,0.0009,-3.4,0
LeftS103747,-13.3501,41.0279,1.107e-17,1.424e-17,1.666e-17,0.001,-1.34,0
LeftS103749,-13.1523,40.9499,2.157e-18,3.157e-18,4.930e-18,0.0012,-1.18,0
LeftS103750,-13.4487,41.3635,2.827e-17,3.222e-17,3.157e-17,0.0007,-1.3,0
LeftS103751,-13.3611,41.3655,2.155e-16,2.078e-16,1.433e-16,0.0007,-1.34,0
LeftS103752,-13.0007,40.5806,1.305e-17,1.646e-17,1.912e-17,0.0005,-1.15,0
LeftS103756,-13.1079,40.7240,5.076e-20,1.058e-19,3.450e-19,0.001,-1.05,0
LeftS103757,-13.1142,41.0474,1.042e-19,2.073e-19,6.252e-19,0.0009,-1.33,0
LeftS103758,-16.5330,42.5708,1.161e-15,1.735e-15,2.779e-15,0.0005,-3.27,0
LeftS103760,-16.7991,43.2570,1.360e-20,3.189e-20,1.352e-19,0.001,-3.41,0
LeftS103761,-16.6682,43.0438,3.732e-16,3.418e-16,2.125e-16,0.001,-3.44,0
LeftS103762,-16.3264,43.2739,1.705e-20,3.670e-20,1.335e-19,0.0003,-3.5,0
LeftS103763,-17.2462,43.3707,1.234e-15,3.170e-15,1.565e-14,0.0017,-3.33,0
LeftS103764,-16.8231,43.2877,1.782e-20,4.273e-20,1.914e-19,0.0003,-3.2,0
LeftS103765,-13.0197,41.0389,6.193e-18,8.550e-18,1.173e-17,0.001,-1.25,0
LeftS103766,-17.0026,43.3670,6.843e-18,9.898e-18,1.498e-17,0.0009,-3.64,0
LeftS103767,-13.1030,41.3259,6.550e-17,7.048e-17,6.021e-17,0.0008,-1.53,0
LeftS103768,-12.6904,40.7993,1.772e-16,2.585e-16,4.014e-16,0.0006,-1.22,0
LeftS103769,-17.0687,43.4325,2.046e-18,2.908e-18,4.297e-18,0.0013,-3.52,0
LeftS103770,-12.7390,40.9126,1.534e-20,3.701e-20,1.621e-19,0.0013,-1.28,0
LeftS103772,-16.7124,42.8942,5.257e-16,8.772e-16,1.818e-15,-0.0001,-3.2,0
LeftS103773,-16.6906,42.5480,1.646e-16,2.874e-16,6.719e-16,0.0012,-3.12,0
LeftS103774,-12.6935,40.7759,4.839e-19,7.416e-19,1.285e-18,0.0002,-1.27,0
LeftS103776,-14.8668,42.1191,2.598e-14,1.890e-14,7.459e-15,0.0014,1.01,0
LeftS103777,-13.1409,40.9280,4.301e-17,4.971e-17,4.932e-17,0.0005,-1.16,0
LeftS103778,-16.9770,43.4847,2.096e-14,1.556e-14,6.128e-15,0.0011,-3.4,0
LeftS103779,-12.8001,40.8437,1.274e-14,9.320e-15,3.582e-15,0.0009,-1.21,0
LeftS103780,-16.7989,43.2857,4.911e-14,3.563e-14,1.368e-14,0.0008,-3.47,0
LeftS103781,-16.8589,43.1939,2.871e-14,2.133e-14,8.604e-15,0.0012,-3.5,0
LeftS103782,-12.9426,41.0517,4.177e-14,3.039e-14,1.125e-14,0.0011,-1.16,0
LeftS103783,-16.7865,43.0836,1.132e-14,8.693e-15,3.700e-15,0.0015,-3.39,0
LeftS103784,-17.1122,43.2866,1.939e-14,1.447e-14,5.756e-15,0.0015,-3.56,0
LeftS103785,-16.9247,43.1052,1.551e-19,3.035e-19,8.586e-19,0.001,-3.42,0
LeftS103786,-16.9028,43.0748,2.139e-11,2.105e-11,1.448e-11,0.0012,-3.4,1
LeftS103787,-16.6937,42.9171,5.381e-15,4.204e-15,1.833e-15,0.001,-3.21,1
LeftS103788,-12.9760,41.3336,4.358e-15,3.489e-15,1.595e-15,0.0008,-1.44,0
LeftS103789,-16.7301,42.8651,2.027e-14,1.456e-14,5.405e-15,0.0014,-3.12,0
LeftS103790,-13.0355,41.4556,2.855e-14,2.015e-14,7.469e-15,-0.0001,-1.53,0
LeftS103791,-12.9848,41.5070,6.125e-16,5.427e-16,3.134e-16,0.0006,-1.53,0
LeftS103792,-12.9365,41.5463,8.217e-15,6.410e-15,2.763e-15,0.0006,-1.48,1
LeftS103793,-13.0033,41.6309,2.721e-16,4.715e-16,1.090e-15,0.0009,-1.53,0
LeftS103794,-16.9588,42.7294,1.806e-15,1.515e-15,7.700e-16,0.0012,-3.08,0
LeftS103795,-13.0045,41.7263,4.262e-15,3.495e-15,1.681e-15,0.0013,-1.62,0
LeftS103796,-12.9614,41.7658,1.458e-15,2.355e-15,4.758e-15,0.0004,-1.61,0
LeftS103797,-12.9985,41.8220,3.898e-14,2.809e-14,1.045e-14,0.0012,-1.81,0
LeftS103798,-13.1343,41.9516,4.245e-14,3.075e-14,1.190e-14,0.0009,-1.85,0
LeftS103799,-12.9910,41.9083,1.491e-12,9.882e-13,3.125e-13,0.0001,-1.84,0
LeftS103800,-16.7768,42.2018,4.193e-14,3.145e-14,1.246e-14,0.0013,-2.84,0
LeftS103801,-13.0911,42.0902,2.398e-16,2.303e-16,1.490e-16,0.0012,-1.85,0
LeftS103802,-13.2383,42.2199,7.944e-14,5.793e-14,2.134e-14,0.0013,-2.06,0
LeftS103803,-16.8082,41.9814,7.861e-14,5.366e-14,1.839e-14,0.0012,-2.83,0
LeftS103804,-13.0237,42.3552,1.700e-14,1.233e-14,4.788e-15,0.0009,-2.08,0
LeftS103805,-16.9179,41.9791,2.504e-14,1.892e-14,7.739e-15,0.0018,-2.68,0
LeftS103806,-16.6764,41.6720,3.331e-18,4.625e-18,6.514e-18,0.0012,-2.65,0
LeftS103807,-13.0211,42.4416,1.389e-15,1.211e-15,6.611e-16,0.0005,-2.05,0
LeftS103808,-13.1570,42.5834,2.545e-15,2.112e-15,1.054e-15,0.0012,-2.05,0
LeftS103809,-16.6033,41.4731,5.526e-17,6.271e-17,5.947e-17,0.0007,-2.55,0
LeftS103810,-13.2098,42.7280,2.665e-15,2.153e-15,1.030e-15,0.0006,-2.34,0
LeftS103811,-16.5703,41.3058,1.048e-19,7.021e-20,2.317e-20,0.0009,-2.25,0
LeftS103812,-13.3700,42.8595,2.524e-14,1.827e-14,7.135e-15,0.0001,-2.26,0
LeftS103813,-13.4513,43.0621,7.095e-12,4.620e-12,1.399e-12,0.0007,-2.25,0
LeftS103814,-16.3469,41.0389,3.055e-16,3.076e-16,2.212e-16,0.0012,-2.24,0
LeftS103815,-13.3342,43.0339,7.589e-18,1.012e-17,1.342e-17,0.0011,-2.32,0
LeftS103816,-16.2537,40.8162,2.424e-14,1.825e-14,7.420e-15,0.001,-2.31,0
LeftS103817,-16.2392,40.8018,3.880e-15,6.556e-15,1.381e-14,0.0008,-1.99,0
LeftS103818,-13.6486,43.5141,1.219e-11,8.274e-12,2.694e-12,0.0011,-2.72,0
LeftS103819,-16.2017,40.7739,1.777e-13,1.247e-13,4.380e-14,0.0019,-1.97,0
LeftS103820,-13.7190,43.7127,1.257e-17,1.577e-17,1.843e-17,0.0013,-2.74,0
LeftS103821,-13.7179,43.7166,1.062e-11,7.471e-12,2.636e-12,0.0003,-2.77,0
LeftS103822,-15.9716,40.4630,3.843e-13,2.575e-13,8.677e-14,-0.0002,-1.71,0
LeftS103823,-16.0107,40.1538,2.212e-14,1.641e-14,6.658e-15,-0.0,-1.74,0
LeftS103824,-15.8945,40.1901,5.064e-16,9.729e-16,2.627e-15,0.0014,-1.7,0
LeftS103825,-13.9350,44.1912,2.123e-15,1.790e-15,9.569e-16,0.0012,-3.03,0
LeftS103826,-15.7555,39.7524,1.992e-14,1.506e-14,6.368e-15,0.0008,-1.62,1
LeftS103827,-15.6152,39.6180,3.540e-15,7.715e-15,2.823e-14,0.0013,-1.42,0
LeftS103828,-14.1576,44.3685,1.731e-15,1.438e-15,7.503e-16,0.0015,-3.08,0
LeftS103829,-14.2871,44.6942,6.906e-17,7.411e-17,6.287e-17,0.0009,-3.23,0
LeftS103830,-15.4063,39.6115,1.368e-15,1.212e-15,6.733e-16,0.0009,-1.43,0
LeftS103831,-14.3713,44.8112,3.905e-14,2.873e-14,1.161e-14,0.001,-3.42,0
LeftS103832,-15.2725,39.4896,3.087e-14,2.212e-14,8.370e-15,0.0011,-1.26,0
LeftS103833,-14.5711,44.8893,5.787e-17,6.355e-17,5.574e-17,0.0004,-3.5,0
LeftS103835,-14.9728,39.1628,8.840e-17,1.007e-16,9.359e-17,0.0015,-1.1,0
LeftS103836,-14.8522,39.0028,3.496e-14,2.574e-14,1.032e-14,0.0007,-1.07,0
LeftS103837,-14.7951,38.9469,4.148e-14,2.997e-14,1.154e-14,0.0001,-1.04,0
LeftS103838,-14.6624,38.9301,1.216e-14,9.290e-15,3.880e-15,0.0014,-1.05,1
LeftS103839,-14.5606,38.6929,1.099e-14,8.178e-15,3.415e-15,0.0004,-0.93,1
LeftS103840,-14.5093,38.7090,6.091e-16,1.035e-15,2.178e-15,0.0005,-0.89,0
LeftS103841,-14.4420,38.8049,5.357e-15,4.292e-15,2.008e-15,0.0009,-0.92,0
LeftS103842,-14.2656,38.4168,3.041e-11,2.124e-11,7.379e-12,0.0017,-0.74,0
LeftS103843,-14.1527,38.5676,8.059e-14,5.648e-14,1.964e-14,0.0011,-0.66,0
LeftS103846,-13.8958,38.4915,1.556e-14,1.178e-14,4.842e-15,0.0013,-0.61,1
LeftS103847,-13.7726,38.3415,6.898e-16,1.442e-15,4.742e-15,0.0005,-0.71,0
LeftS103848,-13.6598,38.4585,7.575e-14,5.275e-14,1.845e-14,0.001,-0.62,0
LeftS103850,-13.4735,38.4952,4.418e-14,3.219e-14,1.261e-14,0.0008,-0.66,0
LeftS103852,-13.2246,38.3832,7.227e-16,6.255e-16,3.466e-16,0.0008,-0.56,0
LeftS103854,-13.0385,38.1947,8.613e-15,6.760e-15,2.949e-15,0.0016,-0.42,1
LeftS103855,-13.0010,38.4715,5.116e-15,3.886e-15,1.599e-15,0.0015,-0.53,0
LeftS103856,-12.7798,38.2805,4.864e-15,3.992e-15,1.911e-15,0.0016,-0.45,0
LeftS103858,-12.5895,38.3052,4.105e-14,2.887e-14,1.034e-14,-0.0003,-0.56,0
LeftS103860,-12.3998,38.5400,1.123e-15,9.912e-16,5.571e-16,0.0008,-0.64,0
LeftS103867,-11.8481,39.0142,3.609e-15,2.921e-15,1.367e-15,0.0007,-0.78,0
LeftS103869,-11.8929,39.3947,2.994e-16,5.591e-16,1.440e-15,0.0012,-0.8,0
LeftS103871,-18.4218,44.9767,6.362e-17,6.639e-17,5.352e-17,0.0019,-3.8,0
LeftS103872,-18.5689,44.7750,2.980e-11,2.197e-11,8.625e-12,0.0,-3.52,0
LeftS103873,-18.5533,44.6136,1.295e-14,9.620e-15,3.705e-15,0.001,-3.72,0
LeftS103874,-18.5052,44.3020,5.884e-14,4.414e-14,1.771e-14,0.0008,-3.54,0
LeftS103875,-11.6747,40.4009,2.513e-14,1.852e-14,7.332e-15,0.0005,-1.37,0
LeftS103876,-18.2612,43.6787,2.512e-15,2.179e-15,1.152e-15,0.0006,-3.25,0
LeftS103877,-18.5921,43.6655,3.587e-19,6.187e-19,1.371e-18,0.0016,-3.25,0
LeftS103878,-18.3342,43.2897,1.377e-14,1.039e-14,4.282e-15,0.0012,-2.99,1
LeftS103879,-18.2044,42.9514,9.978e-14,7.002e-14,2.472e-14,0.0012,-2.94,0
LeftS103880,-18.0426,42.7103,9.415e-14,6.824e-14,2.587e-14,0.0016,-2.95,0
LeftS103881,-12.0712,41.9154,1.986e-13,1.324e-13,4.340e-14,0.0014,-1.91,0
LeftS103882,-18.1813,42.2091,4.178e-17,5.031e-17,5.082e-17,0.0006,-2.83,0
LeftS103883,-12.0615,42.3268,1.065e-14,8.253e-15,3.625e-15,0.0006,-2.07,1
LeftS103884,-17.7069,41.4427,4.335e-15,3.447e-15,1.545e-15,0.0012,-2.49,0
LeftS103885,-12.3368,42.9909,5.856e-16,1.086e-15,2.792e-15,0.0008,-2.33,0
LeftS103887,-17.2396,40.4105,3.550e-14,2.694e-14,1.139e-14,0.0014,-2.09,0
LeftS103888,-12.6958,43.8083,1.870e-14,1.343e-14,4.854e-15,0.0008,-2.67,0
LeftS103889,-12.9712,44.0977,1.619e-16,1.652e-16,1.263e-16,0.0006,-2.76,0
LeftS103890,-16.6165,39.7906,2.678e-14,2.005e-14,8.038e-15,-0.0004,-1.87,0
LeftS103891,-16.3322,39.1227,2.314e-14,1.723e-14,6.787e-15,0.0004,-1.59,0
LeftS103892,-16.3250,38.7576,2.805e-11,2.015e-11,7.432e-12,0.0014,-1.4,0
LeftS103895,-15.4116,38.1529,4.787e-16,4.436e-16,2.844e-16,0.001,-0.95,0
LeftS103896,-15.2620,38.0380,1.631e-14,1.221e-14,5.093e-15,0.0013,-1.04,1
LeftS103898,-14.5954,37.2625,1.432e-11,9.982e-12,3.534e-12,0.0003,-0.89,0
LeftS103900,-16.7462,42.8924,4.935e-19,7.980e-19,1.611e-18,0.0,-3.29,0
LeftS103901,-16.7415,42.8925,6.006e-16,5.518e-16,3.359e-16,0.0007,-3.17,0
LeftS103902,-12.6744,41.1596,1.000e-15,1.970e-15,5.647e-15,0.0008,-1.4,0
LeftS103903,-12.9315,41.2831,5.381e-18,7.341e-18,1.004e-17,0.0011,-1.57,0
LeftS103904,-16.7273,42.8047,1.259e-15,1.101e-15,6.091e-16,0.0012,-3.28,0
LeftS103905,-16.7971,42.7387,3.184e-16,5.642e-16,1.370e-15,0.0009,-3.19,0
LeftS103906,-16.7917,42.7385,1.842e-11,1.255e-11,4.273e-12,0.0017,-3.29,0
LeftS103907,-16.8387,42.7144,6.653e-16,6.021e-16,3.504e-16,0.0012,-3.07,0
LeftS103908,-16.5202,42.5598,2.557e-15,2.243e-15,1.252e-15,-0.0001,-3.07,0
LeftS103909,-16.8221,42.6519,1.373e-20,3.325e-20,1.519e-19,0.0012,-3.15,0
LeftS103910,-16.6730,42.5429,5.322e-16,5.090e-16,3.228e-16,0.0006,-3.0,0
LeftS103911,-16.6617,42.5662,1.335e-16,1.311e-16,9.385e-17,0.0005,-3.06,0
LeftS103912,-13.0745,41.9398,5.824e-20,1.257e-19,4.491e-19,0.0014,-1.83,0
LeftS103913,-16.4509,42.3747,9.200e-16,1.272e-15,1.777e-15,0.0011,-2.78,0
LeftS103914,-13.3446,42.0757,1.120e-16,1.129e-16,8.330e-17,0.0015,-1.78,0
LeftS103915,-16.5774,42.3503,2.735e-15,2.236e-15,1.065e-15,0.0021,-2.95,0
LeftS103916,-13.1863,41.8013,3.222e-14,2.287e-14,8.276e-15,0.0014,-1.7,0
LeftS103917,-13.2706,42.0605,1.635e-15,1.320e-15,6.442e-16,0.0008,-1.75,0
LeftS103918,-13.1164,41.9986,4.519e-18,6.319e-18,8.960e-18,0.0018,-1.88,0
LeftS103920,-13.1563,42.1452,1.512e-15,1.286e-15,6.745e-16,0.0012,-2.02,0
LeftS103921,-17.2246,42.3843,6.136e-16,1.025e-15,2.089e-15,0.0006,-2.87,0
LeftS103922,-16.5462,41.9955,7.097e-15,5.633e-15,2.664e-15,0.0006,-2.83,0
LeftS103923,-13.1913,42.2557,8.043e-16,6.942e-16,3.754e-16,0.001,-1.87,0
LeftS103924,-13.3256,42.2952,1.054e-20,2.285e-20,8.485e-20,0.001,-1.95,0
LeftS103925,-13.1150,42.0823,7.354e-20,1.422e-19,4.002e-19,0.0007,-1.79,0
LeftS103926,-13.1357,42.3330,6.796e-16,6.065e-16,3.496e-16,0.0009,-1.92,0
LeftS103927,-13.2514,42.5541,1.052e-14,7.794e-15,3.189e-15,0.0011,-2.19,1
LeftS103930,-16.6219,41.6903,2.702e-15,5.859e-15,2.112e-14,0.0015,-2.54,0
LeftS103931,-16.6725,41.6655,6.496e-16,1.131e-15,2.548e-15,0.0011,-2.48,0
LeftS103932,-16.6623,41.6388,1.223e-14,3.541e-14,2.375e-13,0.0005,-2.54,0
LeftS103933,-13.3478,42.7012,1.988e-17,2.310e-17,2.340e-17,0.0011,-2.22,0
LeftS103934,-16.4261,41.4004,2.024e-15,1.746e-15,9.033e-16,0.0011,-2.44,0
LeftS103935,-13.2864,42.7386,1.425e-16,1.533e-16,1.229e-16,0.0016,-2.36,0
LeftS103936,-16.3136,40.9876,2.194e-15,5.619e-15,2.743e-14,0.0017,-2.2,0
LeftS103937,-13.2824,42.7379,5.011e-19,8.587e-19,1.814e-18,0.0013,-2.18,0
LeftS103938,-13.6662,42.9823,4.894e-16,4.444e-16,2.706e-16,0.0005,-2.3,0
LeftS103939,-13.7450,43.0522,2.333e-17,2.663e-17,2.615e-17,0.0015,-2.61,0
LeftS103940,-13.4704,43.1115,1.039e-19,7.023e-20,2.392e-20,0.0018,-2.52,0
LeftS103941,-13.5037,43.1177,1.482e-19,2.725e-19,6.876e-19,0.0012,-2.5,0
LeftS103942,-16.1010,41.0081,2.209e-17,2.723e-17,3.018e-17,0.0006,-2.14,0
LeftS103943,-13.6588,43.2532,2.703e-15,2.231e-15,1.099e-15,0.0003,-2.46,0
LeftS103945,-13.5632,43.3214,2.841e-14,2.006e-14,7.299e-15,0.001,-2.57,0
LeftS103946,-16.1147,40.8507,4.476e-14,3.230e-14,1.228e-14,0.0006,-2.03,0
LeftS103947,-16.0805,40.9146,7.027e-16,6.433e-16,3.910e-16,0.0004,-2.2,0
LeftS103948,-15.9260,40.5593,2.025e-15,1.666e-15,8.262e-16,-0.0001,-1.97,0
LeftS103949,-13.5879,43.2822,1.876e-16,1.805e-16,1.198e-16,0.0014,-2.6,0
LeftS103950,-16.0332,40.3369,2.667e-15,2.197e-15,1.048e-15,0.0016,-1.83,0
LeftS103951,-15.7846,40.3087,8.202e-15,6.297e-15,2.695e-15,0.0005,-1.84,1
LeftS103952,-13.9474,43.7635,2.234e-20,4.620e-20,1.563e-19,0.0013,-2.81,0
LeftS103953,-15.6155,40.2517,3.850e-16,3.510e-16,2.145e-16,0.0016,-1.64,0
LeftS103954,-13.8795,43.8644,1.157e-15,1.032e-15,5.730e-16,0.0006,-2.95,0
LeftS103955,-13.7677,43.9218,1.091e-15,2.093e-15,5.765e-15,0.0005,-2.86,0
LeftS103958,-14.1137,44.2594,2.937e-20,2.348e-20,1.089e-20,0.0014,-3.06,0
LeftS103959,-15.6125,40.1638,7.725e-17,8.162e-17,6.601e-17,0.0001,-1.58,0
LeftS103960,-15.5012,39.4138,2.151e-15,1.878e-15,1.064e-15,0.0014,-1.33,0
LeftS103961,-15.5354,39.4518,6.709e-16,6.034e-16,3.476e-16,0.0012,-1.33,0
LeftS103962,-15.4496,39.8738,1.942e-15,3.762e-15,1.060e-14,0.0005,-1.43,0
LeftS103963,-14.2918,44.6841,2.570e-16,2.518e-16,1.814e-16,0.0004,-3.27,0
LeftS103964,-15.3567,39.6683,5.920e-16,5.339e-16,3.119e-16,0.0004,-1.54,0
LeftS103965,-14.4120,44.6849,1.814e-15,1.508e-15,7.835e-16,0.0004,-3.34,0
LeftS103966,-15.0535,39.5814,5.351e-16,5.051e-16,3.250e-16,0.0011,-1.14,0
LeftS103967,-14.5871,44.7668,7.425e-16,6.526e-16,3.788e-16,0.001,-3.37,0
LeftS103968,-15.0531,39.6782,2.213e-19,4.085e-19,1.002e-18,0.001,-1.36,0
LeftS103969,-15.0378,39.6651,4.144e-16,3.772e-16,2.225e-16,0.0012,-1.17,0
LeftS103970,-14.9366,39.3159,7.370e-16,1.055e-15,1.599e-15,0.0015,-1.26,0
LeftS103971,-14.8576,44.9525,1.663e-15,1.361e-15,6.564e-16,0.0014,-3.52,0
LeftS103972,-14.8173,39.1437,2.419e-16,4.872e-16,1.492e-15,0.002,-1.13,0
LeftS103973,-14.7605,38.6052,2.612e-15,2.231e-15,1.153e-15,0.0016,-0.94,0
LeftS103974,-14.6883,38.8929,1.375e-17,1.839e-17,2.425e-17,0.0007,-0.92,0
LeftS103975,-14.5614,38.5154,6.083e-18,7.984e-18,9.866e-18,0.0011,-1.04,0
LeftS103979,-14.3947,38.5382,1.294e-15,1.923e-15,3.105e-15,0.0015,-0.92,0
LeftS103981,-14.1231,38.6705,4.227e-15,3.451e-15,1.605e-15,0.0008,-0.75,0
LeftS103984,-14.1068,39.0402,2.352e-17,2.888e-17,3.024e-17,0.0012,-0.96,0
LeftS103985,-13.8493,38.4427,6.924e-20,1.438e-19,4.757e-19,0.0015,-0.59,0
LeftS103986,-13.8078,38.4428,1.272e-15,2.205e-15,5.116e-15,0.0012,-0.57,0
LeftS103987,-13.6121,38.7824,3.550e-18,5.023e-18,7.644e-18,0.0003,-0.57,0
LeftS103992,-13.3498,38.3833,2.761e-18,4.113e-18,6.865e-18,0.0005,-0.58,0
LeftS103996,-13.0387,38.1232,3.115e-14,2.214e-14,8.015e-15,0.0016,-0.54,0
LeftS103998,-12.9093,37.9146,1.913e-11,1.335e-11,4.548e-12,0.0008,-0.46,0
LeftS104003,-12.5219,38.2535,1.328e-16,1.389e-16,1.113e-16,0.0007,-0.7,0
LeftS104008,-12.0952,38.4870,1.664e-14,1.253e-14,5.022e-15,0.0001,-0.51,0
LeftS104010,-12.2027,38.5966,1.780e-14,1.317e-14,5.418e-15,0.0006,-0.53,0
LeftS104011,-12.0855,38.8593,4.561e-16,8.462e-16,2.304e-15,0.0011,-0.73,0
LeftS104012,-12.1496,38.7664,9.119e-14,6.387e-14,2.249e-14,0.0007,-0.76,0
LeftS104014,-11.8815,39.0734,1.880e-14,1.389e-14,5.576e-15,0.0013,-0.81,0
LeftS104015,-11.5134,38.7144,6.704e-16,1.239e-15,3.204e-15,0.0006,-0.94,0
LeftS104016,-11.6427,38.9762,1.222e-20,2.639e-20,9.434e-20,-0.0002,-0.95,0
LeftS104019,-11.6814,39.4114,2.057e-18,3.093e-18,5.163e-18,0.0008,-0.87,0
LeftS104021,-18.6596,44.8519,1.875e-16,1.803e-16,1.226e-16,0.0005,-3.64,0
LeftS104022,-17.7306,44.3548,1.668e-14,1.279e-14,5.262e-15,0.0004,-3.66,1
LeftS104023,-11.7926,40.0367,2.468e-15,6.175e-15,3.091e-14,0.0008,-1.23,0
LeftS104024,-18.0275,44.1947,2.086e-16,3.542e-16,7.850e-16,0.0008,-3.41,0
LeftS104025,-11.7086,40.2404,3.615e-16,3.311e-16,1.956e-16,0.0016,-1.31,0
LeftS104026,-18.4057,43.9930,2.104e-16,2.159e-16,1.577e-16,0.0013,-3.43,0
LeftS104027,-12.1826,40.7473,9.609e-18,1.269e-17,1.689e-17,0.0013,-1.21,0
LeftS104028,-11.5103,40.6601,1.478e-15,2.623e-15,6.285e-15,0.0009,-1.38,0
LeftS104029,-18.3791,43.5676,2.585e-15,2.226e-15,1.156e-15,0.0005,-3.13,0
LeftS104030,-12.0536,41.1374,4.169e-16,3.896e-16,2.497e-16,0.0012,-1.46,0
LeftS104032,-18.0333,42.6870,1.403e-18,2.147e-18,3.682e-18,0.0006,-2.95,0
LeftS104033,-11.6371,41.5441,3.741e-15,2.893e-15,1.258e-15,0.0005,-1.87,1
LeftS104034,-12.0262,41.7392,1.606e-14,1.166e-14,4.463e-15,0.0012,-1.89,0
LeftS104035,-18.0375,42.1819,1.268e-17,1.568e-17,1.731e-17,0.001,-2.67,0
LeftS104036,-11.9474,41.9055,1.932e-16,1.833e-16,1.179e-16,0.0002,-1.93,0
LeftS104037,-17.5622,41.6060,2.181e-15,1.855e-15,9.817e-16,0.002,-2.47,0
LeftS104038,-12.3061,42.5365,2.728e-17,3.165e-17,3.000e-17,0.0007,-2.18,0
LeftS104040,-12.3477,43.0091,1.275e-18,1.969e-18,3.581e-18,0.0004,-2.36,0
LeftS104041,-12.3300,42.8604,5.821e-16,5.203e-16,3.076e-16,0.0006,-2.22,0
LeftS104042,-17.0128,40.3919,1.602e-15,3.186e-15,9.516e-15,0.0008,-1.96,0
LeftS104044,-12.4989,43.6731,2.001e-15,3.363e-15,7.177e-15,0.0007,-2.62,0
LeftS104045,-12.5367,43.9070,2.326e-18,3.387e-18,5.302e-18,0.0013,-2.71,0
LeftS104046,-16.6559,39.9049,7.996e-18,1.059e-17,1.350e-17,0.0004,-1.94,0
LeftS104047,-16.6594,39.6376,1.021e-19,1.995e-19,5.849e-19,0.0006,-1.74,0
LeftS104048,-13.4565,44.6857,5.987e-16,9.710e-16,1.856e-15,0.0013,-3.08,0
LeftS104049,-16.5224,39.0973,4.743e-14,3.408e-14,1.284e-14,0.0019,-1.65,0
LeftS104051,-15.8634,38.5930,5.511e-18,7.525e-18,1.040e-17,0.0011,-1.4,0
LeftS104053,-15.3858,37.2363,5.369e-15,4.366e-15,2.166e-15,0.001,-0.97,0
LeftS104057,-14.8053,37.8552,1.050e-19,7.176e-20,2.489e-20,0.0015,-0.88,0
LeftS104060,-14.2081,37.2122,9.037e-18,1.213e-17,1.610e-17,0.0013,-0.63,0
LeftS104062,-13.7498,37.1274,2.345e-15,2.004e-15,1.089e-15,0.0013,-0.49,0
LeftS104820,36.4188,25.6435,1.510e-19,2.293e-19,3.778e-19,0.0005,-11.25,0
LeftS104821,36.5738,25.2870,2.922e-19,4.283e-19,6.535e-19,-0.0001,-10.7,0
LeftS104823,36.2840,24.5910,2.653e-20,4.882e-20,1.214e-19,-0.0008,-10.64,0
LeftS104825,37.2159,25.5482,1.067e-20,2.049e-20,5.822e-20,0.0009,-12.85,0
LeftS104832,36.1469,25.1294,3.825e-20,6.819e-20,1.616e-19,-0.0002,-10.6,0
LeftS104833,36.8212,25.8970,4.137e-19,5.946e-19,8.922e-19,0.0006,-12.11,0
LeftS104834,36.8808,25.2652,2.100e-20,4.112e-20,1.141e-19,0.0001,-10.63,0
LeftS104836,37.1522,25.4292,3.470e-18,4.166e-18,4.478e-18,0.001,-12.84,0
LeftS104839,36.4947,25.3792,1.663e-18,2.092e-18,2.461e-18,0.0003,-10.99,0
LeftS104841,36.6294,25.2022,3.801e-18,4.534e-18,4.843e-18,0.0,-10.52,0
LeftS104842,37.3325,25.5167,2.584e-19,4.059e-19,7.403e-19,-0.0001,-13.13,0
LeftS104843,37.3877,25.6771,2.353e-16,1.917e-16,9.310e-17,0.0011,-13.32,0
LeftS104847,35.9604,24.5647,3.304e-17,3.402e-17,2.625e-17,-0.0004,-10.38,0
LeftS104850,37.6992,25.5580,2.875e-17,5.010e-17,1.163e-16,0.0013,-13.1,0
LeftS104851,37.3534,25.5889,7.393e-20,1.306e-19,3.015e-19,0.0006,-13.2,0
LeftS104852,37.4049,25.4689,8.463e-20,1.378e-19,2.688e-19,-0.0012,-13.02,0
LeftS104856,37.0864,25.4717,1.032e-18,1.388e-18,1.795e-18,0.0002,-11.89,0
LeftS104857,37.1362,25.3912,3.696e-20,7.065e-20,1.956e-19,0.0001,-12.17,0
LeftS104858,37.3375,25.7066,2.343e-19,3.358e-19,4.995e-19,0.0001,-13.24,0
LeftS104859,37.2522,25.6132,1.198e-16,1.063e-16,5.782e-17,0.0002,-12.93,0
LeftS104860,35.3089,24.8550,4.398e-19,6.169e-19,9.038e-19,0.0001,-10.55,0
LeftS104861,36.4969,25.9035,8.194e-20,1.428e-19,3.189e-19,-0.0,-11.73,0
LeftS104862,36.4667,24.8805,7.070e-17,6.443e-17,3.817e-17,0.0004,-10.65,0
LeftS104865,36.9794,25.4582,4.725e-17,9.095e-17,2.467e-16,0.0004,-11.37,0
LeftS104868,37.5041,25.6436,5.412e-17,4.981e-17,3.172e-17,-0.0005,-13.33,0
LeftS104869,36.9859,25.6609,2.043e-18,2.504e-18,2.826e-18,-0.0008,-12.08,0
LeftS104870,36.9868,25.4623,1.221e-16,2.469e-16,7.619e-16,0.0001,-11.38,0
LeftS104874,36.6118,25.1616,9.345e-19,1.189e-18,1.425e-18,0.0006,-10.48,0
LeftS104878,37.6624,25.9267,4.892e-20,8.666e-20,2.000e-19,0.001,-13.35,0
LeftS104880,36.7341,25.2439,1.195e-16,2.372e-16,7.121e-16,0.0013,-10.59,0
LeftS104883,36.8375,25.3955,6.107e-20,1.058e-19,2.395e-19,-0.0003,-11.02,0
LeftS104884,36.7370,25.5440,3.540e-19,5.110e-19,7.891e-19,0.0007,-11.33,0
LeftS104885,37.0544,25.4160,2.344e-18,2.628e-18,2.421e-18,0.0005,-11.18,0
LeftS104886,36.9490,24.9165,6.768e-17,1.219e-16,3.073e-16,0.0005,-11.21,0
LeftS104889,37.3223,25.2055,1.536e-19,2.301e-19,3.824e-19,0.0013,-12.26,0
LeftS104892,36.8885,25.5756,3.233e-20,6.043e-20,1.558e-19,0.001,-11.63,0
LeftS104893,37.8400,25.4703,2.181e-18,2.605e-18,2.764e-18,0.0007,-13.08,0
LeftS104894,37.0905,25.4686,9.162e-19,1.256e-18,1.792e-18,-0.0006,-12.6,0
LeftS104896,37.0463,25.4423,3.225e-19,4.511e-19,6.549e-19,0.0001,-11.21,0
LeftS104897,36.8727,24.9920,2.281e-19,3.481e-19,6.115e-19,0.0,-11.11,0
LeftS104898,36.7418,24.9632,5.230e-20,8.900e-20,1.961e-19,0.0003,-10.82,0
LeftS104899,37.0256,25.4134,1.558e-17,1.664e-17,1.365e-17,-0.0002,-11.24,0
LeftS104900,37.1349,25.2792,1.908e-18,2.318e-18,2.521e-18,0.0004,-11.68,0
LeftS104901,37.1894,25.4621,5.322e-19,7.495e-19,1.107e-18,0.0006,-13.02,0
LeftS104905,37.7390,25.0173,1.446e-20,2.630e-20,6.410e-20,-0.0,-12.27,0
LeftS104906,36.9186,25.2237,7.875e-19,1.039e-18,1.343e-18,0.0001,-10.87,0
LeftS104907,37.1971,25.2304,1.894e-19,2.832e-19,4.812e-19,0.0001,-12.01,0
LeftS104910,36.7599,25.2430,1.556e-19,2.421e-19,4.316e-19,0.0001,-10.77,0
LeftS104915,37.2970,25.5207,2.027e-16,3.486e-16,7.683e-16,0.0003,-13.13,0
LeftS104916,37.2905,25.4147,8.115e-18,8.536e-18,6.846e-18,-0.0004,-12.72,0
LeftS104919,36.7349,25.1775,2.374e-19,3.565e-19,5.826e-19,0.0,-10.48,0
LeftS104924,37.4114,25.3674,5.883e-20,1.035e-19,2.452e-19,0.0002,-12.74,0
LeftS104925,36.9898,25.7349,3.027e-19,4.323e-19,6.377e-19,0.0005,-12.14,0
LeftS104926,37.0972,25.4727,2.559e-18,3.169e-18,3.584e-18,0.0006,-12.74,0
LeftS104930,37.1230,25.4334,2.071e-17,2.153e-17,1.658e-17,0.0006,-13.2,0
LeftS104931,37.0896,25.4054,1.028e-16,8.761e-17,4.729e-17,0.0008,-11.24,0
LeftS104934,37.0946,25.3764,2.450e-18,3.085e-18,3.539e-18,0.0001,-11.32,0
LeftS104935,36.2188,24.9229,7.550e-18,7.717e-18,5.929e-18,0.0,-10.64,0
LeftS104942,36.8576,25.2442,1.315e-17,1.438e-17,1.225e-17,0.0006,-10.7,0
LeftS104943,37.1154,25.3876,7.494e-18,8.896e-18,9.154e-18,-0.0004,-10.91,0
LeftS104944,37.9040,25.7176,8.103e-19,1.001e-18,1.132e-18,0.001,-13.47,0
LeftS104950,36.6295,25.2696,9.537e-19,1.264e-18,1.602e-18,-0.0001,-10.72,0
LeftS104951,38.2319,25.2641,1.181e-16,2.234e-16,6.022e-16,0.0009,-12.76,0
LeftS104952,37.1766,25.5979,1.133e-20,2.299e-20,7.539e-20,-0.0001,-12.77,0
LeftS104954,37.1470,25.2985,5.819e-17,1.153e-16,3.409e-16,0.0003,-11.79,0
LeftS104955,37.1825,25.4610,1.263e-18,1.622e-18,1.948e-18,0.0002,-12.9,0
LeftS104956,36.6114,24.4445,1.488e-18,1.923e-18,2.308e-18,0.0003,-10.96,0
LeftS104957,37.4773,25.9369,4.601e-20,7.881e-20,1.727e-19,-0.0003,-13.15,0
LeftS104958,37.6229,25.2917,1.641e-18,2.146e-18,2.780e-18,0.001,-12.59,0
LeftS104961,38.1299,25.8160,3.370e-18,3.972e-18,3.974e-18,0.0002,-13.49,0
LeftS104964,35.5954,24.6786,7.296e-17,1.081e-16,1.691e-16,0.0003,-10.43,0
LeftS104967,36.8118,25.2223,1.043e-17,1.128e-17,9.430e-18,0.0003,-10.61,0
LeftS104971,37.0640,25.0971,8.493e-20,1.410e-19,2.990e-19,0.0003,-11.51,0
LeftS104972,39.2041,25.7663,3.766e-20,6.806e-20,1.633e-19,0.0006,-13.05,0
LeftS104973,36.9810,25.4295,1.137e-20,2.346e-20,7.884e-20,0.0008,-11.21,0
LeftS104975,37.8117,26.1082,4.656e-19,6.514e-19,9.583e-19,0.001,-13.52,0
LeftS104977,37.1936,25.2700,4.580e-18,5.695e-18,6.235e-18,0.0,-11.96,0
LeftS104978,39.8803,26.1765,9.905e-19,1.217e-18,1.394e-18,-0.0002,-13.11,0
LeftS104979,36.8911,25.0727,7.981e-18,9.513e-18,9.865e-18,-0.0002,-10.91,0
LeftS104980,37.0250,25.3235,6.897e-17,6.156e-17,3.634e-17,0.0004,-10.88,0
LeftS104986,37.0866,25.3424,1.787e-16,3.085e-16,6.951e-16,-0.0001,-11.54,0
LeftS104987,37.2383,25.4886,1.707e-20,3.021e-20,7.105e-20,0.0001,-13.16,0
LeftS104989,36.9291,25.0738,1.070e-18,1.417e-18,1.867e-18,0.0006,-11.27,0
LeftS104990,37.1637,25.4501,3.641e-17,6.508e-17,1.569e-16,0.001,-12.9,0
LeftS104991,36.6958,25.1846,1.294e-17,1.317e-17,1.007e-17,-0.0001,-10.48,0
LeftS104993,37.0610,25.3346,2.903e-17,2.768e-17,1.853e-17,0.0006,-10.99,0
LeftS104994,37.6784,25.0378,3.966e-19,5.669e-19,8.273e-19,-0.0,-12.29,0
LeftS104995,37.0790,25.4279,6.028e-17,5.665e-17,3.549e-17,0.0003,-11.46,0
LeftS104997,37.9180,25.1722,2.879e-17,2.923e-17,2.226e-17,0.0006,-12.41,0
LeftS104998,37.1005,25.4336,2.432e-18,2.911e-18,3.098e-18,0.0008,-11.98,0
LeftS105001,36.1832,24.6411,1.138e-20,2.117e-20,5.594e-20,0.0008,-10.6,0
LeftS105002,37.1188,25.4677,2.293e-20,4.437e-20,1.249e-19,0.0006,-12.85,0
LeftS105003,37.6975,27.0590,2.506e-19,3.884e-19,6.879e-19,-0.0,-12.81,0
LeftS105004,37.3106,25.0200,8.680e-19,1.196e-18,1.622e-18,0.0006,-11.93,0
LeftS105005,36.8224,25.4182,6.402e-17,5.657e-17,3.231e-17,-0.0004,-10.96,0
LeftS105007,36.9733,25.0679,5.798e-19,8.416e-19,1.340e-18,-0.0002,-11.15,0
LeftS105010,37.3316,25.5635,1.618e-16,1.403e-16,7.779e-17,0.001,-13.2,0
LeftS105013,37.4109,25.7018,1.273e-19,1.986e-19,3.623e-19,0.0008,-13.42,0
LeftS105014,37.0983,25.4496,1.385e-17,1.401e-17,1.047e-17,0.0008,-12.0,0
LeftS105016,37.8765,25.5813,2.599e-16,4.847e-16,1.214e-15,0.0011,-13.2,0
LeftS105018,37.0848,25.4440,6.896e-19,9.166e-19,1.202e-18,0.0001,-11.79,0
LeftS105019,37.0633,25.4205,1.734e-19,2.473e-19,3.919e-19,0.0005,-11.36,0
LeftS105020,37.0577,25.4823,1.810e-19,2.754e-19,4.728e-19,0.0007,-11.78,0
LeftS105022,37.1066,25.4260,2.613e-17,2.645e-17,1.879e-17,0.0002,-11.27,0
LeftS105024,37.1674,25.4732,2.510e-20,4.881e-20,1.440e-19,0.0008,-12.75,0
LeftS105025,37.1002,25.3793,4.072e-19,5.780e-19,8.643e-19,0.0005,-11.67,0
LeftS105027,36.5280,25.0512,1.342e-20,2.608e-20,7.505e-20,-0.0002,-10.48,0
LeftS105030,37.1886,26.1983,2.310e-19,3.502e-19,5.928e-19,0.0002,-12.53,0
LeftS105032,37.0971,25.5037,2.118e-18,2.608e-18,2.899e-18,0.0002,-12.3,0
LeftS105033,37.4929,25.7894,7.680e-20,1.377e-19,3.399e-19,-0.0007,-13.43,0
LeftS105034,37.1523,25.4366,2.161e-20,3.846e-20,9.242e-20,0.0002,-12.44,0
LeftS105040,37.4304,24.7645,2.407e-20,4.657e-20,1.338e-19,0.0002,-11.85,0
LeftS105041,36.8546,25.4209,2.102e-19,3.253e-19,5.627e-19,0.0006,-11.19,0
LeftS105043,37.1049,25.4587,5.662e-18,6.355e-18,5.621e-18,0.0007,-12.32,0
LeftS105045,35.7965,24.1960,6.400e-16,5.326e-16,2.634e-16,0.0008,-10.43,0
LeftS105046,36.8697,25.6636,1.110e-18,1.371e-18,1.592e-18,0.0006,-11.82,0
LeftS105047,36.8796,24.5606,9.864e-20,1.595e-19,3.148e-19,-0.0002,-11.07,0
LeftS105048,37.4997,25.9187,2.372e-20,4.584e-20,1.273e-19,0.0008,-13.27,0
LeftS105049,36.9838,25.2974,1.576e-19,2.502e-19,4.780e-19,0.0008,-11.02,0
LeftS105050,37.1221,25.4954,2.295e-19,3.449e-19,5.603e-19,0.0004,-12.28,0
LeftS105052,37.1284,25.5259,4.105e-20,7.548e-20,1.845e-19,0.0001,-12.43,0
LeftS105053,37.5384,25.9819,2.323e-20,4.044e-20,9.499e-20,0.0005,-13.23,0
LeftS105054,37.4135,25.6135,5.292e-18,5.900e-18,5.352e-18,0.0007,-13.28,0
LeftS105058,37.1144,25.5721,4.722e-13,7.243e-13,1.250e-12,0.0003,-12.37,0
LeftS105059,37.1301,25.1074,2.417e-19,3.526e-19,5.551e-19,0.0004,-11.69,0
LeftS105060,36.9632,25.3364,1.459e-16,2.671e-16,6.778e-16,0.0005,-10.94,0
LeftS105061,37.1754,24.9479,4.382e-20,7.815e-20,1.918e-19,-0.0006,-11.6,0
LeftS105063,36.9844,24.6670,2.437e-20,4.627e-20,1.249e-19,0.0013,-11.42,0
LeftS105067,36.6271,25.1890,5.974e-17,1.104e-16,2.914e-16,-0.0001,-10.46,0
LeftS105070,37.0989,25.6103,2.536e-20,4.324e-20,9.761e-20,0.0005,-12.36,0
LeftS105072,37.1599,25.3400,1.337e-16,2.690e-16,8.061e-16,0.0006,-11.95,0
LeftS105074,37.1920,26.7252,8.623e-19,1.174e-18,1.586e-18,0.0006,-12.63,0
LeftS105075,37.4182,25.3955,2.217e-12,1.539e-12,5.441e-13,0.0009,-12.71,0
LeftS105082,37.0379,25.4456,1.465e-16,3.660e-16,1.699e-15,0.0008,-10.99,0
LeftS105086,36.6693,25.2896,1.615e-19,2.477e-19,4.299e-19,-0.0002,-10.63,0
LeftS105088,37.2265,25.2879,1.335e-17,1.407e-17,1.128e-17,-0.0003,-12.01,0
LeftS105091,37.1032,25.3944,4.795e-19,7.113e-19,1.173e-18,0.0005,-11.61,0
LeftS105093,37.1091,25.4359,2.276e-17,2.184e-17,1.411e-17,0.0,-11.99,0
LeftS105094,37.0652,25.3901,1.344e-18,1.704e-18,1.972e-18,0.0005,-11.07,0
LeftS105096,36.4741,25.2078,3.781e-12,2.640e-12,9.290e-13,-0.0001,-10.69,0
LeftS105097,36.9953,25.3342,3.537e-20,6.269e-20,1.446e-19,0.0004,-10.99,0
LeftS105098,37.2685,25.2977,1.453e-16,1.270e-16,7.071e-17,-0.0001,-12.25,0
LeftS105099,37.0146,25.3893,2.035e-20,3.903e-20,1.083e-19,0.0002,-11.0,0
LeftS105103,37.2650,25.7395,1.035e-19,1.622e-19,3.021e-19,0.0007,-12.95,0
LeftS105104,37.1580,25.3632,3.805e-19,5.534e-19,8.723e-19,0.0006,-12.11,0
LeftS105105,37.3154,25.8497,7.183e-20,1.188e-19,2.354e-19,-0.0001,-12.94,0
LeftS105106,36.9379,25.5890,4.065e-16,1.046e-15,5.392e-15,0.0008,-11.82,0
LeftS105108,37.1166,25.4076,4.387e-18,4.982e-18,4.826e-18,-0.0001,-11.02,0
LeftS105109,36.9859,24.9929,4.555e-19,6.273e-19,9.051e-19,-0.0003,-11.28,0
LeftS105110,36.0161,24.8888,1.021e-18,1.303e-18,1.504e-18,-0.0002,-10.61,0
LeftS105112,36.3270,24.7037,4.639e-19,6.557e-19,9.669e-19,0.0005,-10.51,0
LeftS105113,37.1413,25.4851,9.663e-18,1.087e-17,9.704e-18,0.0003,-12.52,0
LeftS105114,37.3122,25.1754,1.682e-20,3.394e-20,1.058e-19,0.0006,-12.14,0
LeftS105115,37.0784,25.2296,2.357e-12,1.640e-12,5.593e-13,0.0008,-11.51,0
LeftS105118,36.6687,25.1687,5.752e-18,6.384e-18,5.928e-18,0.001,-10.41,0
LeftS105119,36.7153,25.1326,4.870e-19,6.870e-19,9.508e-19,-0.0004,-10.49,0
LeftS105120,37.3788,24.9717,7.091e-20,1.199e-19,2.576e-19,0.0003,-12.01,0
LeftS105122,37.1430,25.4164,4.695e-17,9.469e-17,2.918e-16,0.0005,-12.21,0
LeftS105124,37.1652,25.6312,6.903e-20,1.208e-19,2.819e-19,0.0002,-12.61,0
LeftS105125,37.1088,25.4420,2.572e-19,3.858e-19,6.325e-19,0.0005,-12.09,0
LeftS105126,37.1207,25.5229,4.648e-18,5.233e-18,4.992e-18,0.0004,-12.32,0
LeftS105128,38.5692,24.2545,6.031e-19,8.684e-19,1.303e-18,-0.0,-12.16,0
LeftS105129,37.4809,25.5523,3.630e-17,3.521e-17,2.367e-17,-0.0004,-13.31,0
LeftS105130,37.4945,25.3358,2.467e-17,3.942e-17,7.546e-17,0.0009,-12.7,0
LeftS105131,39.1148,26.2968,1.219e-17,1.274e-17,1.046e-17,0.0005,-13.46,0
LeftS105134,36.9956,25.3669,1.961e-20,3.426e-20,8.062e-20,0.0008,-10.88,0
LeftS105136,37.2816,25.4726,1.731e-16,1.435e-16,7.203e-17,-0.0001,-12.77,0
LeftS105137,37.0577,25.5281,1.235e-18,1.611e-18,1.998e-18,0.0001,-12.0,0
LeftS105138,37.4511,25.5269,2.505e-17,2.457e-17,1.680e-17,0.0009,-13.16,0
LeftS105139,36.5432,25.1057,1.105e-18,1.463e-18,1.845e-18,-0.0003,-10.4,0
LeftS105140,37.2628,25.5824,1.804e-20,3.819e-20,1.344e-19,0.0006,-13.11,0
LeftS105141,37.3412,25.4832,7.606e-18,8.540e-18,7.866e-18,0.0005,-12.94,0
LeftS105143,36.7595,25.3315,5.311e-17,5.379e-17,3.993e-17,0.0002,-10.83,0
LeftS105144,36.5693,25.3330,6.908e-18,7.536e-18,6.371e-18,0.0002,-10.87,0
LeftS105145,37.2444,25.6335,1.943e-19,2.992e-19,5.241e-19,0.0004,-12.96,0
LeftS105147,38.2088,25.2643,2.574e-19,4.101e-19,7.683e-19,-0.0005,-12.77,0
LeftS105148,36.9825,25.5069,3.622e-17,3.591e-17,2.528e-17,0.0002,-11.72,0
LeftS105150,36.2030,25.9650,2.173e-20,4.124e-20,1.079e-19,0.0004,-11.63,0
LeftS105153,37.4334,25.6091,1.422e-20,2.805e-20,8.188e-20,-0.0,-13.31,0
LeftS105154,37.1825,25.0822,4.140e-17,3.996e-17,2.645e-17,-0.0003,-11.7,0
LeftS105155,37.0592,25.2669,3.155e-20,5.356e-20,1.129e-19,0.0004,-11.32,0
LeftS105157,36.2081,24.5375,3.242e-19,4.719e-19,7.061e-19,0.0007,-10.47,0
LeftS105159,37.1094,25.3900,1.699e-16,2.586e-16,4.292e-16,0.0002,-11.62,0
LeftS105161,36.4196,25.5668,8.140e-20,1.337e-19,2.602e-19,0.0004,-11.37,0
LeftS105162,37.2876,25.5846,5.225e-20,9.187e-20,2.096e-19,0.0006,-13.1,0
LeftS105163,37.1179,25.4566,2.635e-20,4.860e-20,1.186e-19,0.0011,-12.19,0
LeftS105164,36.4406,25.1834,2.635e-18,3.204e-18,3.372e-18,0.001,-10.57,0
LeftS105165,37.0363,25.4428,1.567e-16,3.075e-16,9.187e-16,-0.0001,-11.24,0
LeftS105166,38.5866,26.5982,1.103e-20,2.385e-20,8.221e-20,0.0005,-13.61,0
LeftS105167,37.6802,25.6313,3.365e-20,6.098e-20,1.491e-19,-0.0001,-13.36,0
LeftS105171,36.3882,25.0008,1.774e-19,2.725e-19,4.825e-19,0.0004,-10.49,0
LeftS105172,37.3351,25.5805,5.337e-18,5.991e-18,5.384e-18,0.0003,-13.22,0
LeftS105174,37.1852,25.3296,5.771e-18,6.281e-18,5.410e-18,0.0006,-12.07,0
LeftS105175,37.2621,25.4072,3.087e-20,6.017e-20,1.666e-19,0.0008,-12.46,0
LeftS105176,36.4385,24.7110,4.358e-18,5.055e-18,4.877e-18,-0.0001,-10.63,0
LeftS105180,37.0099,25.4059,2.545e-12,1.761e-12,6.167e-13,-0.0001,-10.96,0
LeftS105184,37.1242,25.1228,1.199e-17,1.267e-17,1.020e-17,0.0005,-11.67,0
LeftS105185,36.7251,26.3928,9.811e-19,1.266e-18,1.526e-18,-0.0004,-12.14,0
LeftS105186,36.5142,25.5165,1.656e-19,2.503e-19,4.196e-19,0.0006,-11.14,0
LeftS105187,36.3377,25.2351,1.542e-20,2.869e-20,7.609e-20,0.0002,-10.94,0
LeftS105188,36.9932,25.2007,1.011e-17,1.134e-17,1.042e-17,0.0,-11.05,0
LeftS105191,37.4113,25.4150,2.737e-18,3.187e-18,3.193e-18,0.0004,-12.75,0
LeftS105192,37.2255,25.5716,5.543e-20,1.012e-19,2.440e-19,0.0005,-13.22,0
LeftS105193,37.4196,25.8085,1.202e-20,2.311e-20,6.131e-20,0.0009,-13.26,0
LeftS105194,37.0749,25.3582,2.269e-19,3.593e-19,6.558e-19,0.001,-11.48,0
LeftS105195,37.2407,25.6194,1.022e-18,1.320e-18,1.663e-18,0.0011,-12.95,0
LeftS105198,37.2869,25.7686,7.099e-19,9.200e-19,1.138e-18,0.0008,-12.86,0
LeftS105200,37.3700,25.6263,6.076e-19,8.263e-19,1.118e-18,-0.0002,-13.27,0
LeftS105201,37.9410,26.3832,1.626e-18,2.044e-18,2.383e-18,0.0001,-13.3,0
LeftS105204,36.9068,25.2461,2.888e-20,5.100e-20,1.217e-19,0.0004,-10.96,0
LeftS105207,37.3666,25.1158,8.837e-17,7.545e-17,3.823e-17,0.0009,-12.13,0
LeftS105208,37.0699,25.4367,2.081e-19,3.240e-19,5.522e-19,0.001,-11.31,0
LeftS105209,37.2931,25.1304,4.388e-17,3.957e-17,2.421e-17,0.0002,-12.0,0
LeftS105210,36.8348,25.6657,1.818e-19,2.609e-19,4.031e-19,0.0001,-11.68,0
LeftS105211,38.8880,25.5182,1.531e-19,2.404e-19,4.347e-19,0.0007,-12.84,0
LeftS105212,36.8993,25.4145,4.895e-20,8.450e-20,1.897e-19,0.0003,-11.16,0
LeftS105213,36.5424,25.5518,1.549e-18,1.923e-18,2.071e-18,-0.0002,-11.29,0
LeftS105215,37.1663,25.2034,2.315e-20,4.468e-20,1.307e-19,0.0003,-11.7,0
LeftS105216,36.9931,25.4136,2.939e-18,3.468e-18,3.458e-18,0.0004,-10.95,0
LeftS105217,37.1229,25.4102,1.145e-18,1.457e-18,1.736e-18,0.0012,-12.13,0
LeftS105218,37.1751,25.4155,1.189e-18,1.584e-18,1.999e-18,0.0007,-12.54,0
LeftS105220,36.9613,25.1763,3.147e-20,5.639e-20,1.372e-19,0.0004,-11.05,0
LeftS105222,36.7262,24.9699,3.281e-19,5.098e-19,9.073e-19,0.0005,-10.65,0
LeftS105224,38.1479,25.9673,8.208e-20,1.349e-19,2.637e-19,0.0002,-13.54,0
LeftS105226,37.1818,25.6412,4.456e-18,5.184e-18,5.219e-18,0.0004,-12.65,0
LeftS105230,37.8636,25.7798,1.351e-16,2.357e-16,5.481e-16,0.0004,-13.39,0
LeftS105231,37.0991,25.4389,2.907e-20,5.153e-20,1.180e-19,0.0005,-11.84,0
LeftS105234,37.5002,25.5778,4.970e-17,5.000e-17,3.513e-17,0.0007,-13.34,0
LeftS105235,37.0839,25.5030,2.588e-18,3.371e-18,4.220e-18,0.0008,-12.15,0
LeftS105237,36.9193,25.3123,9.451e-13,6.389e-13,2.047e-13,0.0008,-10.83,0
LeftS105238,36.9475,25.5584,8.807e-17,8.731e-17,6.152e-17,0.0012,-10.61,0
LeftS105239,37.0988,25.8896,7.929e-20,1.285e-19,2.578e-19,-0.0001,-12.68,0
LeftS105242,37.4122,25.4423,3.272e-18,3.700e-18,3.453e-18,0.0006,-13.07,0
LeftS105243,37.0782,25.7093,9.730e-18,1.064e-17,9.142e-18,0.001,-12.2,0
LeftS105244,37.1453,25.3395,1.107e-19,1.833e-19,3.803e-19,-0.0006,-11.8,0
LeftS105248,36.6463,25.6724,2.032e-16,4.410e-16,1.577e-15,0.0011,-11.35,0
LeftS105249,37.1493,25.6030,9.274e-19,1.294e-18,1.859e-18,0.0005,-12.96,0
LeftS105250,37.3673,25.7669,5.005e-20,8.900e-20,2.070e-19,0.0008,-13.35,0
LeftS105252,36.7758,25.4763,1.064e-16,9.898e-17,6.309e-17,-0.0003,-10.74,0
LeftS105253,37.1382,25.2417,5.380e-17,9.679e-17,2.386e-16,-0.0001,-11.83,0
LeftS105254,37.0236,25.5060,3.112e-16,6.815e-16,2.498e-15,0.0005,-11.63,0
LeftS105255,37.3880,25.7385,5.595e-16,4.443e-16,1.991e-16,-0.0001,-13.21,0
LeftS105256,37.1868,25.3094,1.791e-19,2.664e-19,4.517e-19,-0.0001,-12.16,0
LeftS105258,37.1392,25.2267,2.750e-17,2.760e-17,1.978e-17,-0.0001,-11.5,0
LeftS105259,36.7152,25.3384,3.665e-19,5.628e-19,1.012e-18,-0.0001,-10.67,0
LeftS105262,37.6984,25.5854,5.369e-17,5.108e-17,3.337e-17,0.001,-13.56,0
LeftS105263,37.2837,25.3698,2.470e-18,2.908e-18,2.954e-18,0.0002,-13.24,0
LeftS105264,37.6111,25.5379,2.332e-12,1.570e-12,5.283e-13,0.0011,-13.32,0
LeftS105266,36.9493,25.3647,2.186e-17,2.130e-17,1.423e-17,-0.0004,-11.09,0
LeftS105267,37.1048,25.4445,3.407e-20,6.091e-20,1.434e-19,0.001,-12.0,0
LeftS105269,36.8518,25.6155,4.341e-18,5.359e-18,5.824e-18,0.0002,-11.13,0
LeftS105270,37.1869,25.6561,6.280e-18,6.983e-18,6.298e-18,0.0,-12.62,0
LeftS105271,37.4761,25.7063,4.066e-16,3.433e-16,1.743e-16,-0.001,-13.45,0
LeftS105272,37.0321,25.3283,7.732e-17,7.374e-17,4.696e-17,0.0,-11.6,0
LeftS105273,37.0975,25.2808,3.026e-17,3.157e-17,2.439e-17,0.0005,-11.29,0
LeftS105274,36.9662,25.3053,7.092e-18,7.720e-18,6.667e-18,-0.0005,-10.98,0
LeftS105275,37.3781,25.7340,6.924e-19,9.287e-19,1.222e-18,0.0004,-13.3,0
LeftS105276,36.9346,25.4985,3.448e-16,2.936e-16,1.548e-16,0.0005,-11.0,0
LeftS105277,36.9543,25.1715,3.982e-17,3.798e-17,2.579e-17,0.0006,-11.17,0
LeftS105278,37.3077,25.7886,2.653e-18,3.211e-18,3.472e-18,-0.0002,-13.29,0
LeftS105279,37.3051,25.5509,2.264e-18,2.718e-18,2.805e-18,0.0015,-13.11,0
LeftS105280,36.8939,25.5502,8.929e-18,9.993e-18,8.823e-18,0.0002,-11.53,0
LeftS105283,37.3127,25.4667,4.656e-19,6.507e-19,9.206e-19,-0.0001,-13.25,0
LeftS105285,37.0481,25.5185,1.010e-19,1.685e-19,3.534e-19,0.0012,-11.95,0
LeftS105286,37.6213,25.6041,3.330e-20,5.846e-20,1.301e-19,0.0007,-13.45,0
LeftS105288,37.0258,25.3708,4.223e-20,6.890e-20,1.431e-19,-0.0002,-11.29,0
LeftS105289,37.1840,25.3952,5.199e-18,5.757e-18,5.325e-18,0.0004,-12.18,0
LeftS105292,36.8167,25.2613,1.834e-19,2.898e-19,5.292e-19,0.0007,-10.79,0
LeftS105294,37.4735,25.4895,3.106e-18,3.604e-18,3.385e-18,0.0,-13.13,0
LeftS105295,37.3177,25.8703,2.397e-16,5.219e-16,1.942e-15,-0.0009,-13.45,0
LeftS105296,37.1239,25.3132,3.683e-18,4.479e-18,4.724e-18,0.0014,-11.6,0
LeftS105298,37.0255,25.2062,1.917e-15,1.420e-15,5.829e-16,0.0006,-10.58,0
LeftS105300,37.2390,25.4899,1.206e-18,1.665e-18,2.391e-18,0.0005,-12.95,0
LeftS105301,36.8210,25.4592,3.460e-17,3.422e-17,2.398e-17,0.0011,-10.91,0
LeftS105302,36.9989,25.5576,1.572e-18,1.967e-18,2.215e-18,0.0,-11.39,0
LeftS105303,37.3804,25.1900,1.676e-16,4.092e-16,1.884e-15,-0.0006,-12.36,0
LeftS105304,36.8577,25.1748,7.240e-19,9.774e-19,1.350e-18,-0.0005,-11.07,0
LeftS105305,37.0491,25.4618,9.246e-17,8.250e-17,4.591e-17,-0.0003,-11.66,0
LeftS105307,37.2070,25.6184,3.612e-19,5.274e-19,8.229e-19,0.0,-12.83,0
LeftS105308,37.2433,25.2301,3.783e-17,3.699e-17,2.527e-17,0.0001,-12.18,0
LeftS105309,36.8906,25.4394,3.666e-13,2.425e-13,7.642e-14,0.0005,-11.18,0
LeftS105311,36.9829,25.5650,4.330e-18,5.254e-18,5.417e-18,0.0006,-11.16,0
LeftS105312,36.9310,25.5400,2.976e-17,4.706e-17,8.927e-17,0.0004,-11.56,0
LeftS105313,37.1195,25.4371,1.068e-19,1.706e-19,3.263e-19,0.0007,-12.25,0
LeftS105317,37.2466,25.6431,2.269e-18,2.781e-18,3.021e-18,-0.0005,-13.28,0
LeftS105320,37.2510,25.3735,2.644e-17,2.834e-17,2.311e-17,-0.0004,-12.52,0
LeftS105321,37.5294,25.7457,3.994e-17,6.114e-17,1.056e-16,0.0,-13.49,0
LeftS105322,37.0071,25.2079,8.171e-19,1.113e-18,1.529e-18,0.0008,-10.93,0
LeftS105323,37.0867,25.1968,3.348e-19,4.918e-19,7.869e-19,0.0001,-11.27,0
LeftS105324,37.3333,25.5302,1.478e-17,1.573e-17,1.293e-17,0.0005,-12.95,0
LeftS105325,37.3063,25.3771,2.149e-16,4.045e-16,1.059e-15,0.0006,-12.97,0
LeftS105326,37.0952,25.0470,4.202e-19,6.234e-19,1.052e-18,0.0005,-11.14,0
LeftS105327,37.2601,25.1904,1.188e-20,2.297e-20,6.480e-20,-0.0002,-12.16,0
LeftS105328,37.0656,25.4167,2.159e-20,3.832e-20,8.772e-20,0.0004,-11.82,0
LeftS105329,37.1567,25.6044,5.509e-16,1.003e-15,2.397e-15,-0.0003,-13.21,0
LeftS105330,36.9058,25.4290,1.283e-20,2.739e-20,9.241e-20,0.0006,-11.15,0
LeftS105332,37.4306,25.5344,1.215e-17,1.228e-17,8.856e-18,-0.0003,-13.39,0
LeftS105333,36.8666,25.1098,1.430e-18,1.774e-18,2.051e-18,0.0003,-11.09,0
LeftS105334,37.4502,25.7119,4.756e-20,8.707e-20,2.113e-19,0.0006,-13.46,0
LeftS105335,36.9256,25.6739,2.626e-16,2.239e-16,1.160e-16,0.0002,-11.92,0
LeftS105336,36.5506,25.6346,6.339e-16,5.167e-16,2.441e-16,0.0003,-11.16,0
LeftS105340,37.1846,25.4893,7.790e-18,8.648e-18,7.651e-18,0.0003,-12.5,0
LeftS105341,37.1425,25.5227,3.628e-17,3.570e-17,2.406e-17,-0.0,-12.8,0
LeftS105343,37.1832,25.6571,7.257e-17,7.074e-17,4.812e-17,0.0001,-12.77,0
LeftS105344,37.2091,25.2096,2.267e-16,4.627e-16,1.505e-15,0.0003,-11.77,0
LeftS105345,36.9916,25.2864,1.264e-15,9.476e-16,3.871e-16,0.0009,-10.83,1
LeftS105346,36.6788,25.2117,8.632e-17,7.900e-17,4.863e-17,-0.0007,-10.58,0
LeftS105347,37.3032,25.4137,4.099e-16,1.113e-15,6.457e-15,-0.0001,-12.56,0
LeftS105348,37.0041,25.3442,1.815e-16,1.570e-16,8.605e-17,0.0007,-11.07,0
LeftS105349,37.5556,25.6846,5.659e-17,5.360e-17,3.570e-17,0.0,-13.33,0
LeftS105350,37.0024,25.3837,2.270e-16,3.993e-16,9.491e-16,0.0008,-10.98,0
LeftS105353,37.2151,25.6820,1.070e-20,2.194e-20,7.135e-20,0.0009,-12.96,0
LeftS105355,36.6974,25.3136,2.303e-16,1.959e-16,1.024e-16,-0.0,-10.62,0
LeftS105358,37.2704,25.8027,2.224e-17,2.251e-17,1.651e-17,0.0004,-13.06,0
LeftS105359,37.1602,25.1467,3.277e-16,2.739e-16,1.350e-16,0.0003,-11.46,0
LeftS105360,37.3659,25.2750,1.429e-12,9.910e-13,3.323e-13,-0.0001,-12.66,0
LeftS105361,36.9039,25.6099,1.910e-16,3.660e-16,1.019e-15,-0.0002,-11.5,0
LeftS105362,37.1976,25.4260,1.494e-20,2.836e-20,7.650e-20,0.0005,-12.33,0
LeftS105363,37.2088,25.3596,8.197e-19,1.110e-18,1.489e-18,0.0001,-12.38,0
LeftS105364,36.9995,25.6931,5.936e-17,5.610e-17,3.569e-17,-0.0003,-12.2,0
LeftS105365,37.1194,25.2149,1.334e-20,2.594e-20,7.371e-20,0.0007,-10.55,0
LeftS105366,36.6126,25.1375,1.549e-15,1.183e-15,4.852e-16,0.0007,-10.46,1
LeftS105368,36.7345,25.4103,8.074e-18,9.244e-18,8.730e-18,0.0003,-10.91,0
LeftS105369,37.3824,25.1868,1.793e-17,1.813e-17,1.292e-17,0.0013,-12.39,0
LeftS105370,36.6273,25.2258,1.896e-16,1.676e-16,9.406e-17,0.0001,-10.66,0
LeftS105371,36.9544,25.2475,1.692e-12,1.397e-12,6.965e-13,0.0002,-10.71,0
LeftS105372,36.8840,25.3214,3.778e-18,4.461e-18,4.383e-18,0.0004,-10.94,0
LeftS105374,37.2651,25.2762,9.339e-17,8.188e-17,4.576e-17,0.0002,-12.26,0
LeftS105375,37.6486,25.7449,8.632e-17,1.610e-16,4.214e-16,0.0003,-13.4,0
LeftS105376,36.7034,25.1905,1.320e-19,2.114e-19,4.032e-19,0.0,-10.46,0
LeftS105377,37.4382,25.5323,3.495e-17,3.550e-17,2.612e-17,-0.0002,-13.51,0
LeftS105379,37.3484,25.4589,2.106e-17,2.074e-17,1.428e-17,0.0008,-13.14,0
LeftS105380,37.0092,25.5673,3.517e-17,3.506e-17,2.457e-17,0.0003,-11.9,0
LeftS105381,37.2440,25.4129,5.195e-20,9.313e-20,2.211e-19,0.0004,-12.92,0
LeftS105384,36.9493,25.3617,1.629e-18,2.142e-18,2.673e-18,0.0009,-11.17,0
LeftS105385,37.2138,25.2738,3.831e-19,5.158e-19,7.066e-19,0.0001,-12.23,0
LeftS105386,36.9634,25.4734,5.892e-18,6.778e-18,6.423e-18,0.0009,-11.41,0
LeftS105389,36.8821,25.2732,3.206e-17,3.160e-17,2.192e-17,-0.0002,-10.78,0
LeftS105390,37.3272,25.7070,7.405e-16,5.840e-16,2.598e-16,0.0008,-13.21,1
LeftS105391,37.1182,25.4476,4.348e-12,3.679e-12,1.867e-12,0.0003,-12.11,1
LeftS105394,36.6947,25.0944,4.805e-18,5.544e-18,5.607e-18,0.0,-10.48,0
LeftS105395,36.3892,25.1885,8.738e-17,7.707e-17,4.186e-17,0.0006,-10.48,0
LeftS105396,37.3391,25.4456,5.533e-16,4.620e-16,2.240e-16,0.0005,-12.87,0
LeftS105398,37.1924,25.2782,4.654e-18,5.223e-18,4.937e-18,-0.0002,-11.96,0
LeftS105400,37.3268,25.8166,2.620e-17,4.445e-17,9.769e-17,0.0006,-13.3,0
LeftS105401,36.5996,25.2439,8.612e-17,1.548e-16,3.882e-16,0.0007,-10.48,0
LeftS105404,37.1081,25.4354,1.156e-18,1.480e-18,1.783e-18,-0.0003,-11.77,0
LeftS105405,37.1072,25.4350,3.885e-14,2.695e-14,9.323e-15,0.0,-8.92,0
LeftS105406,37.1079,25.4357,4.826e-15,3.496e-15,1.322e-15,0.0005,-11.93,0
LeftS105407,37.1078,25.4320,7.118e-19,1.004e-18,1.415e-18,-0.0001,-9.41,0
LeftS105408,37.1060,25.4363,2.542e-15,1.942e-15,7.889e-16,0.0001,-10.61,1
LeftS105409,37.0557,25.3068,1.670e-16,2.844e-16,6.169e-16,0.0004,-11.39,0
LeftS105410,37.0429,25.2762,6.938e-16,5.601e-16,2.550e-16,0.0005,-11.35,0
LeftS105411,37.1929,25.6231,4.810e-16,4.066e-16,2.101e-16,0.0005,-12.7,0
LeftS105412,37.1937,25.6196,2.473e-12,2.731e-12,2.435e-12,0.0005,-12.68,0
LeftS105413,37.2231,25.6625,3.002e-15,2.098e-15,7.546e-16,0.0,-12.92,0
LeftS105414,37.2279,25.6681,3.358e-16,2.819e-16,1.432e-16,0.001,-12.73,0
LeftS105415,36.9461,25.1868,7.557e-17,7.438e-17,5.019e-17,0.0001,-11.0,0
LeftS105416,37.2773,25.7300,1.159e-15,9.031e-16,4.038e-16,0.0005,-12.91,1
LeftS105417,36.8902,25.1173,3.558e-15,2.649e-15,1.095e-15,0.0005,-10.89,0
LeftS105418,37.3408,25.7857,4.340e-17,4.162e-17,2.765e-17,-0.0007,-13.01,0
LeftS105419,37.3608,25.7936,7.590e-17,7.036e-17,4.446e-17,0.0012,-12.98,0
LeftS105420,37.3892,25.8437,4.315e-16,3.640e-16,1.837e-16,0.0004,-13.18,0
LeftS105421,37.4122,25.8400,3.046e-16,2.619e-16,1.410e-16,0.0004,-13.12,0
LeftS105422,36.7467,25.0006,6.934e-17,6.244e-17,3.789e-17,0.0003,-10.81,0
LeftS105423,36.7225,24.9540,2.067e-15,1.536e-15,6.055e-16,0.0008,-10.68,0
LeftS105424,37.4895,25.8978,1.585e-14,1.066e-14,3.447e-15,0.0,-13.24,0
LeftS105425,37.5411,25.9224,3.162e-15,2.395e-15,9.537e-16,-0.0003,-13.23,0
LeftS105426,37.5925,25.9224,7.308e-15,5.287e-15,1.969e-15,0.0004,-13.33,0
LeftS105428,37.6572,26.0204,4.361e-17,7.287e-17,1.491e-16,0.0008,-13.31,0
LeftS105429,37.6518,26.0209,6.491e-17,9.666e-17,1.635e-16,-0.0001,-13.34,0
LeftS105430,37.7723,26.0302,4.441e-15,3.251e-15,1.272e-15,0.0004,-13.35,0
LeftS105431,37.7295,26.0584,1.791e-14,1.214e-14,4.102e-15,-0.0004,-13.41,0
LeftS105432,37.7733,26.0570,2.291e-16,4.786e-16,1.648e-15,0.0012,-13.42,0
LeftS105433,37.8245,26.0503,3.066e-14,2.076e-14,7.113e-15,0.0,-13.49,0
LeftS105434,36.3949,24.7895,3.380e-16,2.833e-16,1.377e-16,0.0005,-10.55,0
LeftS105435,36.3337,24.7763,1.177e-16,1.029e-16,5.825e-17,0.0007,-10.55,0
LeftS105436,36.3391,24.7913,7.031e-15,4.870e-15,1.758e-15,0.0,-10.41,0
LeftS105437,36.2325,24.7402,1.190e-14,8.579e-15,3.157e-15,0.0007,-10.57,0
LeftS105438,36.1598,24.7364,4.250e-16,3.551e-16,1.778e-16,0.0004,-10.53,0
LeftS105439,36.1625,24.7464,9.792e-17,1.715e-16,3.886e-16,0.0,-10.3,0
LeftS105440,36.1897,24.7347,3.416e-17,3.302e-17,2.327e-17,-0.0005,-10.48,0
LeftS105441,36.0581,24.6909,1.143e-15,8.844e-16,3.800e-16,0.0007,-10.4,1
LeftS105442,36.0493,24.7139,2.743e-17,2.780e-17,2.032e-17,0.0005,-10.58,0
LeftS105443,36.0188,24.7267,3.159e-15,2.369e-15,9.676e-16,0.0009,-10.52,0
LeftS105444,35.9586,24.7008,2.550e-14,1.781e-14,6.275e-15,0.0005,-10.43,0
LeftS105445,35.9070,24.6634,8.573e-15,5.948e-15,2.087e-15,-0.0006,-10.26,0
LeftS105446,35.8900,24.6893,8.790e-16,6.921e-16,3.063e-16,0.001,-10.54,1
LeftS105447,38.3810,26.2013,2.671e-18,3.039e-18,2.868e-18,0.0006,-13.53,0
LeftS105448,38.3949,26.1961,1.798e-16,1.554e-16,8.416e-17,0.0004,-13.6,0
LeftS105449,38.4466,26.1896,2.774e-16,2.355e-16,1.227e-16,-0.0005,-13.55,0
LeftS105450,38.4421,26.1790,6.258e-17,5.693e-17,3.487e-17,0.0005,-13.61,0
LeftS105451,35.7615,24.7337,5.739e-17,5.434e-17,3.520e-17,-0.0,-10.47,0
LeftS105452,35.7756,24.7431,6.398e-15,4.634e-15,1.856e-15,-0.0006,-10.49,0
LeftS105453,38.5799,26.1571,1.094e-16,1.994e-16,5.157e-16,-0.0005,-13.44,0
LeftS105454,35.7628,24.7890,3.633e-15,2.748e-15,1.130e-15,0.0,-10.46,0
LeftS105455,38.5911,26.1090,1.883e-15,1.426e-15,5.806e-16,0.0004,-13.47,1
LeftS105456,35.5842,24.7566,3.176e-16,2.703e-16,1.412e-16,0.001,-10.52,0
LeftS105457,38.7104,26.1002,3.970e-16,3.368e-16,1.787e-16,0.0005,-13.35,0
LeftS105458,35.5144,24.7736,3.268e-15,2.492e-15,1.046e-15,0.0004,-10.43,0
LeftS105459,35.6065,24.8523,4.819e-15,3.502e-15,1.310e-15,-0.0,-10.53,0
LeftS105460,35.5823,24.8539,1.695e-15,1.232e-15,4.635e-16,-0.0001,-10.58,0
LeftS105461,35.6707,24.9375,1.220e-16,1.083e-16,6.133e-17,0.0006,-10.59,0
LeftS105462,35.5476,24.8872,1.690e-16,3.553e-16,1.224e-15,0.0006,-10.78,0
LeftS105463,38.8751,26.0235,2.041e-16,1.778e-16,9.770e-17,0.0003,-13.47,0
LeftS105464,35.4459,24.9322,1.953e-14,1.357e-14,4.648e-15,0.0014,-10.8,0
LeftS105465,38.7306,25.8836,2.720e-15,2.106e-15,9.026e-16,0.0002,-13.2,1
LeftS105466,35.4893,25.0290,1.282e-14,8.686e-15,2.964e-15,0.0015,-10.61,0
LeftS105467,38.9677,25.8936,6.948e-18,7.631e-18,6.644e-18,0.0007,-13.21,0
LeftS105468,39.0218,25.9103,1.693e-15,1.261e-15,5.037e-16,-0.0016,-13.22,0
LeftS105469,39.0034,25.8647,4.291e-15,3.012e-15,1.051e-15,0.0003,-13.2,0
LeftS105470,38.8046,25.7215,6.835e-16,5.372e-16,2.366e-16,-0.0007,-13.08,1
LeftS105471,35.4702,25.1743,3.248e-12,2.387e-12,9.262e-13,0.0002,-10.8,0
LeftS105472,38.9827,25.7538,2.834e-16,2.469e-16,1.338e-16,0.001,-13.24,0
LeftS105473,38.9367,25.6309,2.558e-16,2.163e-16,1.067e-16,-0.0002,-12.95,0
LeftS105474,38.8368,25.5708,5.904e-16,4.757e-16,2.249e-16,-0.0002,-12.91,0
LeftS105475,35.3524,25.2931,3.112e-15,2.291e-15,8.861e-16,0.0009,-11.12,0
LeftS105476,35.5404,25.3655,5.993e-17,5.740e-17,3.906e-17,-0.0009,-11.03,0
LeftS105477,35.4421,25.3918,1.922e-16,3.614e-16,9.945e-16,-0.0001,-11.15,0
LeftS105478,35.3795,25.3506,1.575e-16,3.652e-16,1.498e-15,0.0003,-11.12,0
LeftS105479,38.7918,25.3859,1.002e-13,6.507e-14,2.037e-14,0.0002,-12.79,0
LeftS105480,38.9232,25.4520,3.416e-12,2.376e-12,8.161e-13,0.0001,-12.83,0
LeftS105481,35.5922,25.6210,1.772e-16,3.691e-16,1.181e-15,0.001,-11.23,0
LeftS105482,38.7414,25.2490,1.867e-15,1.446e-15,6.195e-16,0.0005,-12.72,1
LeftS105483,38.7845,25.1984,2.900e-16,2.468e-16,1.272e-16,0.0005,-12.61,0
LeftS105484,35.6506,25.7479,7.289e-17,1.194e-16,2.449e-16,-0.0001,-11.4,0
LeftS105485,35.5592,25.7308,1.336e-16,1.205e-16,7.177e-17,0.0008,-11.44,0
LeftS105486,35.6091,25.7341,9.330e-16,7.223e-16,3.183e-16,-0.0003,-11.44,1
LeftS105487,35.5716,25.8339,3.179e-14,2.119e-14,7.124e-15,0.001,-11.66,0
LeftS105488,38.6386,24.9660,1.951e-15,1.491e-15,6.194e-16,0.0008,-12.51,1
LeftS105489,35.7630,25.9529,2.492e-13,1.004e-12,1.323e-11,0.0001,-11.6,0
LeftS105490,35.8470,26.1006,1.667e-18,2.060e-18,2.330e-18,0.0006,-11.73,0
LeftS105491,38.4637,24.6699,8.484e-18,8.784e-18,6.717e-18,0.0007,-12.34,0
LeftS105492,37.0032,25.2904,5.742e-15,4.325e-15,1.762e-15,0.001,-11.14,0
LeftS105493,37.2107,25.5937,1.176e-16,1.047e-16,6.149e-17,-0.0006,-12.85,0
LeftS105494,36.9992,25.2299,6.863e-18,7.675e-18,6.768e-18,0.0001,-11.1,0
LeftS105495,37.2318,25.5963,7.313e-19,9.630e-19,1.185e-18,0.0011,-12.97,0
LeftS105496,36.9725,25.2453,1.598e-15,1.243e-15,5.411e-16,0.0004,-10.99,1
LeftS105498,36.9496,25.2303,6.237e-16,8.982e-16,1.413e-15,0.0009,-10.86,0
LeftS105499,37.2486,25.6836,9.451e-17,8.686e-17,5.134e-17,0.001,-12.92,0
LeftS105500,36.9396,25.1865,5.890e-17,5.529e-17,3.542e-17,0.0004,-11.04,0
LeftS105501,37.2829,25.6996,1.574e-15,1.200e-15,5.248e-16,0.0,-13.04,1
LeftS105502,36.9047,25.1837,3.688e-16,2.944e-16,1.354e-16,0.0008,-10.81,0
LeftS105503,36.9199,25.1562,1.553e-12,1.055e-12,3.601e-13,0.0004,-10.92,0
LeftS105504,37.3534,25.7532,1.339e-16,2.351e-16,5.598e-16,0.0004,-13.27,0
LeftS105507,36.8638,25.1155,4.287e-16,3.683e-16,1.888e-16,0.0012,-10.83,0
LeftS105508,37.3719,25.7736,7.071e-18,7.542e-18,6.351e-18,0.0014,-13.23,0
LeftS105509,37.3556,25.7389,8.829e-17,7.870e-17,4.591e-17,0.0003,-13.2,0
LeftS105510,37.3995,25.7633,1.025e-16,1.630e-16,3.085e-16,0.0004,-13.2,0
LeftS105511,37.3959,25.7837,4.265e-16,3.426e-16,1.632e-16,0.0008,-13.3,0
LeftS105512,36.7659,25.0737,1.621e-19,2.494e-19,4.224e-19,0.0014,-10.62,0
LeftS105513,37.4516,25.8192,3.306e-19,4.773e-19,7.501e-19,0.0001,-13.24,0
LeftS105515,37.4307,25.7867,3.257e-19,5.112e-19,9.054e-19,0.0008,-13.3,0
LeftS105516,36.7746,25.0586,8.386e-18,9.335e-18,8.432e-18,0.0,-10.73,0
LeftS105517,37.5472,25.8390,8.645e-20,1.412e-19,2.810e-19,0.0002,-13.35,0
LeftS105518,36.6567,24.9728,1.450e-15,1.140e-15,5.324e-16,0.0003,-10.58,0
LeftS105519,37.5275,25.8594,4.769e-16,3.764e-16,1.718e-16,-0.0004,-13.31,0
LeftS105523,36.6327,24.9898,3.445e-17,3.345e-17,2.301e-17,-0.0003,-10.5,0
LeftS105524,36.5752,25.0110,6.786e-17,6.198e-17,3.870e-17,0.0005,-10.46,0
LeftS105526,36.5237,24.9035,4.163e-17,7.190e-17,1.616e-16,0.0006,-10.42,0
LeftS105527,36.5466,24.8646,4.179e-16,3.402e-16,1.695e-16,0.0007,-10.56,0
LeftS105528,37.7382,26.0073,5.883e-16,4.706e-16,2.168e-16,0.0008,-13.45,0
LeftS105529,36.5576,24.9360,1.171e-16,1.043e-16,5.991e-17,0.0003,-10.61,0
LeftS105530,36.4773,24.9558,2.232e-20,4.402e-20,1.294e-19,0.0006,-10.63,0
LeftS105532,36.3690,24.8677,8.959e-18,1.020e-17,9.569e-18,0.0001,-10.51,0
LeftS105533,36.5544,25.0029,4.996e-18,5.731e-18,5.408e-18,-0.0001,-10.54,0
LeftS105534,37.7469,25.9885,5.616e-20,9.004e-20,1.687e-19,0.0004,-13.48,0
LeftS105535,36.4574,24.9606,9.180e-17,1.761e-16,4.888e-16,-0.0002,-10.45,0
LeftS105536,36.3983,24.9434,3.541e-16,2.899e-16,1.452e-16,0.0004,-10.42,0
LeftS105537,36.3365,24.8349,1.659e-14,1.177e-14,4.241e-15,0.0002,-10.5,0
LeftS105538,36.3153,24.8421,2.594e-16,2.135e-16,1.038e-16,0.0001,-10.44,0
LeftS105539,36.4479,24.8847,4.747e-16,3.893e-16,1.983e-16,0.0002,-10.45,0
LeftS105540,37.8797,25.9984,9.112e-17,7.786e-17,4.259e-17,0.0008,-13.5,0
LeftS105541,36.3126,24.8434,3.011e-18,3.507e-18,3.376e-18,0.0002,-10.44,0
LeftS105542,37.9577,26.0598,3.655e-17,3.663e-17,2.675e-17,0.0005,-13.6,0
LeftS105544,36.2160,24.8186,1.571e-15,1.175e-15,4.632e-16,-0.0001,-10.5,0
LeftS105546,36.3094,24.9171,1.223e-17,1.291e-17,1.013e-17,0.0013,-10.42,0
LeftS105548,38.2734,26.1385,1.109e-16,1.732e-16,3.040e-16,0.0004,-13.69,0
LeftS105550,36.2195,24.8373,5.373e-16,4.597e-16,2.392e-16,0.0004,-10.42,0
LeftS105551,37.9696,26.0013,2.878e-15,2.113e-15,8.315e-16,0.0001,-13.55,0
LeftS105552,35.9606,24.7485,5.422e-17,4.943e-17,2.952e-17,0.001,-10.39,0
LeftS105553,38.1123,26.0614,6.626e-17,5.917e-17,3.456e-17,0.0009,-13.49,0
LeftS105554,38.2204,26.1321,3.117e-16,4.374e-16,6.507e-16,0.0008,-13.54,0
LeftS105556,36.0107,24.8045,5.537e-19,7.798e-19,1.117e-18,-0.0003,-10.51,0
LeftS105557,38.2006,26.0827,2.748e-18,3.403e-18,3.741e-18,0.0009,-13.49,0
LeftS105558,38.2220,26.0693,4.278e-16,3.621e-16,1.863e-16,0.0003,-13.62,0
LeftS105560,35.9481,24.7979,3.444e-20,6.136e-20,1.477e-19,0.0011,-10.39,0
LeftS105561,38.4089,26.1293,1.650e-15,1.327e-15,6.231e-16,-0.0004,-13.46,0
LeftS105562,35.9851,24.8109,3.029e-16,2.612e-16,1.369e-16,0.0003,-10.45,0
LeftS105563,38.3161,26.0708,1.662e-16,1.453e-16,8.175e-17,0.0,-13.37,0
LeftS105565,38.3665,26.1135,9.773e-19,1.286e-18,1.604e-18,0.0005,-13.41,0
LeftS105566,38.4007,26.0781,7.762e-12,6.066e-12,2.686e-12,0.0003,-13.47,1
LeftS105567,35.8550,24.8383,1.253e-19,2.126e-19,4.695e-19,0.0001,-10.59,0
LeftS105568,35.8021,24.7975,7.760e-18,8.877e-18,8.480e-18,-0.0002,-10.53,0
LeftS105570,38.4437,26.0928,2.212e-18,2.730e-18,2.928e-18,0.0005,-13.58,0
LeftS105571,38.5768,26.1203,2.585e-16,2.199e-16,1.115e-16,0.0007,-13.51,0
LeftS105572,38.6247,26.1692,7.310e-19,9.606e-19,1.209e-18,-0.0003,-13.5,0
LeftS105573,38.4999,26.0351,3.047e-16,4.792e-16,9.203e-16,0.0004,-13.46,0
LeftS105575,35.7690,24.8755,1.741e-16,1.472e-16,7.756e-17,0.0007,-10.57,0
LeftS105576,38.4102,25.9667,1.743e-15,1.308e-15,5.539e-16,0.0,-13.33,1
LeftS105577,35.8238,24.9179,8.922e-17,1.371e-16,2.323e-16,0.0003,-10.7,0
LeftS105578,38.4768,26.0059,2.021e-18,2.479e-18,2.704e-18,0.0002,-13.46,0
LeftS105579,38.6599,26.0579,2.181e-17,2.243e-17,1.705e-17,0.0001,-13.38,0
LeftS105580,35.7023,24.8868,7.319e-17,1.168e-16,2.223e-16,0.0009,-10.54,0
LeftS105581,35.5791,24.8373,2.124e-16,1.841e-16,1.031e-16,0.0002,-10.56,0
LeftS105582,38.5568,25.9531,3.662e-15,2.641e-15,9.804e-16,0.0012,-13.5,0
LeftS105584,38.6120,25.9599,1.729e-16,1.479e-16,7.625e-17,0.0001,-13.42,0
LeftS105585,35.6869,24.9588,1.042e-15,8.011e-16,3.494e-16,0.0006,-10.59,1
LeftS105586,35.4969,24.8733,1.548e-15,1.140e-15,4.577e-16,0.0001,-10.65,0
LeftS105587,38.6096,25.9537,7.314e-20,1.222e-19,2.511e-19,-0.0,-13.25,0
LeftS105588,38.6772,25.9138,6.567e-15,4.598e-15,1.680e-15,0.0008,-13.34,0
LeftS105589,35.6684,24.9902,1.397e-19,2.183e-19,3.865e-19,0.0003,-10.87,0
LeftS105590,35.7870,25.0630,2.372e-15,1.750e-15,6.964e-16,0.0008,-10.71,0
LeftS105591,35.5761,24.9804,2.957e-15,2.291e-15,9.754e-16,-0.0002,-10.62,1
LeftS105592,35.8339,25.1085,1.310e-16,1.169e-16,6.638e-17,0.0002,-10.7,0
LeftS105595,38.4525,25.7366,1.980e-16,1.676e-16,8.978e-17,0.0003,-13.29,0
LeftS105596,35.4613,25.0157,1.511e-16,1.365e-16,7.863e-17,0.0004,-10.76,0
LeftS105598,35.8552,25.2209,1.103e-14,8.037e-15,3.050e-15,0.0005,-10.83,0
LeftS105599,38.9047,25.8744,6.204e-17,6.055e-17,4.177e-17,0.0005,-13.17,0
LeftS105600,35.7784,25.1918,5.846e-12,4.688e-12,2.217e-12,-0.0003,-10.75,1
LeftS105601,38.6103,25.6849,1.851e-20,3.661e-20,1.062e-19,0.0003,-13.09,0
LeftS105602,35.5189,25.1477,1.752e-12,1.990e-12,1.893e-12,0.0005,-10.8,0
LeftS105603,35.7527,25.2990,1.805e-16,1.567e-16,8.502e-17,-0.0002,-11.02,0
LeftS105605,38.6001,25.6881,4.041e-16,7.582e-16,2.050e-15,0.0003,-13.1,0
LeftS105606,38.6039,25.5147,5.147e-16,4.289e-16,2.113e-16,0.0014,-12.72,0
LeftS105607,38.6663,25.6409,3.459e-17,3.285e-17,2.205e-17,0.0009,-13.15,0
LeftS105608,38.8846,25.6816,4.214e-17,7.254e-17,1.597e-16,0.0009,-13.15,0
LeftS105609,35.4985,25.1912,4.628e-18,5.418e-18,5.404e-18,0.0004,-10.97,0
LeftS105610,35.6688,25.3127,7.193e-16,5.877e-16,2.756e-16,0.0,-11.13,0
LeftS105612,35.4464,25.2606,1.903e-19,3.076e-19,5.839e-19,-0.0002,-10.88,0
LeftS105615,38.7200,25.6345,1.609e-16,1.520e-16,9.460e-17,0.0003,-13.18,0
LeftS105616,38.7413,25.5628,4.263e-17,4.042e-17,2.728e-17,0.0004,-12.86,0
LeftS105617,38.9287,25.5715,2.434e-15,1.805e-15,7.291e-16,0.0007,-12.99,0
LeftS105619,35.7912,25.4476,2.524e-17,2.453e-17,1.710e-17,0.0013,-11.11,0
LeftS105620,38.8717,25.4242,3.653e-16,2.943e-16,1.423e-16,-0.0,-12.82,0
LeftS105621,38.7042,25.3766,2.971e-16,4.350e-16,6.649e-16,0.0009,-12.83,0
LeftS105622,35.7656,25.4444,1.537e-15,1.147e-15,4.526e-16,0.0001,-11.09,0
LeftS105623,38.6952,25.3481,5.660e-18,6.268e-18,5.741e-18,0.0006,-12.75,0
LeftS105625,38.7303,25.3051,1.415e-18,1.834e-18,2.210e-18,0.0008,-12.78,0
LeftS105626,38.6818,25.2867,4.568e-17,8.181e-17,1.996e-16,0.0003,-12.73,0
LeftS105627,35.9307,25.7449,1.535e-17,1.646e-17,1.403e-17,0.0015,-11.5,0
LeftS105628,38.5707,25.1106,3.424e-16,2.899e-16,1.504e-16,0.0001,-12.58,0
LeftS105630,38.5309,25.0046,1.304e-15,1.007e-15,4.338e-16,0.0016,-12.59,1
LeftS105631,35.4550,25.5956,1.381e-16,3.187e-16,1.247e-15,0.0006,-11.27,0
LeftS105632,35.5792,25.7563,2.476e-20,4.387e-20,1.036e-19,0.0004,-11.34,0
LeftS105633,38.3801,24.9979,1.309e-16,1.072e-16,5.184e-17,0.0005,-12.41,0
LeftS105635,38.3932,24.9504,3.199e-20,6.010e-20,1.639e-19,-0.0002,-12.45,0
LeftS105636,35.6741,25.7552,6.005e-17,1.066e-16,2.492e-16,0.0003,-11.39,0
LeftS105637,35.7816,25.8482,4.041e-17,3.770e-17,2.416e-17,-0.0004,-11.51,0
LeftS105638,38.4416,24.9563,2.274e-16,2.025e-16,1.121e-16,0.0009,-12.42,0
LeftS105639,38.2438,24.9330,8.429e-18,9.163e-18,7.926e-18,0.0006,-12.34,0
LeftS105640,38.5246,24.8751,1.431e-15,1.110e-15,4.876e-16,-0.0003,-12.28,1
LeftS105642,35.7887,26.0627,6.471e-18,7.096e-18,6.124e-18,0.0002,-11.62,0
LeftS105643,38.2880,24.8240,7.093e-17,6.447e-17,3.880e-17,-0.0001,-12.46,0
LeftS105644,35.8383,26.1281,1.745e-16,1.489e-16,7.676e-17,0.0003,-11.52,0
LeftS105645,35.7363,25.9184,1.035e-16,9.149e-17,4.964e-17,0.0009,-11.6,0
LeftS105646,38.1624,24.6495,1.606e-20,3.030e-20,8.379e-20,0.0006,-12.15,0
LeftS105647,35.9329,26.0875,3.950e-12,3.734e-12,2.407e-12,0.0005,-11.58,1
LeftS105648,36.1233,26.1051,9.298e-16,7.241e-16,3.177e-16,0.0005,-11.76,1
LeftS105649,38.2019,24.6715,1.600e-17,1.685e-17,1.415e-17,-0.0001,-12.23,0
LeftS105650,38.1720,24.6272,4.249e-18,5.014e-18,5.237e-18,0.0006,-12.22,0
LeftS105651,38.0649,24.4587,3.777e-16,6.828e-16,1.662e-15,-0.0002,-12.06,0
LeftS105652,36.0424,26.1050,2.266e-16,4.286e-16,1.160e-15,-0.0001,-11.8,0
LeftS105653,36.0439,26.2446,9.322e-16,7.039e-16,2.840e-16,-0.0003,-11.92,0
LeftS105654,36.2431,26.2929,1.076e-17,1.157e-17,9.717e-18,0.0005,-11.88,0
LeftS105655,36.0522,26.2365,8.425e-16,2.643e-15,2.018e-14,0.0006,-11.82,0
LeftS105656,37.9877,24.4120,1.856e-19,2.927e-19,5.558e-19,0.0003,-12.03,0
LeftS105657,38.0173,24.4119,4.765e-16,8.757e-16,2.133e-15,0.0001,-11.93,0
LeftS105658,38.0093,24.3479,1.884e-19,2.791e-19,4.474e-19,0.0002,-11.94,0
LeftS105661,21.4686,35.3677,1.398e-18,1.671e-18,1.732e-18,0.0005,-1.17,0
LeftS105663,21.6075,36.2642,6.367e-19,8.918e-19,1.264e-18,0.0006,0.06,0
LeftS105668,21.4712,36.4280,4.993e-18,5.593e-18,4.977e-18,0.0004,0.2,0
LeftS105669,21.4205,35.4648,1.333e-18,1.793e-18,2.393e-18,0.0002,-1.37,0
LeftS105670,21.6899,36.1632,3.352e-17,3.309e-17,2.261e-17,0.0004,-0.1,0
LeftS105674,21.3184,36.4157,1.622e-20,2.985e-20,7.764e-20,0.0007,-0.2,0
LeftS105677,21.9728,36.7862,8.981e-19,1.126e-18,1.278e-18,0.0005,1.41,0
LeftS105679,19.9847,35.2591,1.762e-17,1.808e-17,1.426e-17,0.0007,-1.2,0
LeftS105680,21.7014,36.2248,1.583e-17,1.572e-17,1.128e-17,0.0003,0.34,0
LeftS105682,21.8264,36.7634,3.840e-16,1.036e-15,5.723e-15,-0.0,1.18,0
LeftS105685,21.6453,36.3284,4.070e-19,5.772e-19,8.617e-19,-0.001,0.52,0
LeftS105687,21.7042,36.0739,1.499e-19,2.253e-19,3.731e-19,-0.0005,-0.4,0
LeftS105688,21.2560,36.0144,1.853e-19,2.815e-19,4.892e-19,0.0005,-1.17,0
LeftS105691,21.6713,36.1152,2.694e-18,3.190e-18,3.123e-18,0.0003,-0.45,0
LeftS105692,21.6700,35.7490,1.045e-16,1.457e-16,2.029e-16,0.0011,-0.75,0
LeftS105693,21.7674,35.9435,1.588e-16,3.273e-16,1.092e-15,0.0018,-0.47,0
LeftS105695,21.0478,35.7025,2.628e-19,3.811e-19,6.005e-19,0.0002,-1.3,0
LeftS105697,21.6285,36.2965,1.554e-17,1.559e-17,1.198e-17,0.0009,0.67,0
LeftS105699,21.2281,35.9930,9.065e-20,1.490e-19,2.882e-19,0.0007,-1.07,0
LeftS105700,20.8663,35.2307,6.545e-12,4.863e-12,1.864e-12,0.0001,-1.88,0
LeftS105707,22.2695,36.9149,3.273e-17,3.214e-17,2.237e-17,0.0003,1.46,0
LeftS105708,21.5700,36.2509,1.196e-19,1.860e-19,3.289e-19,-0.0001,-0.11,0
LeftS105709,21.4827,35.9332,1.458e-19,2.353e-19,4.644e-19,0.0,-1.29,0
LeftS105711,21.2497,35.9494,2.315e-17,2.228e-17,1.548e-17,0.0006,-1.33,0
LeftS105712,21.7406,36.0862,1.004e-18,1.260e-18,1.435e-18,0.0002,-0.15,0
LeftS105713,21.1846,35.4886,5.824e-20,1.057e-19,2.584e-19,0.0007,-1.72,0
LeftS105715,21.7800,36.2615,2.124e-20,3.916e-20,9.905e-20,0.0007,0.47,0
LeftS105716,21.1718,36.6579,4.566e-19,6.690e-19,1.031e-18,0.0003,0.02,0
LeftS105718,21.9827,36.9481,4.716e-20,8.491e-20,2.153e-19,0.0005,1.46,0
LeftS105719,21.5968,36.4718,5.589e-20,9.370e-20,1.973e-19,0.0003,0.5,0
LeftS105721,21.6521,36.5795,1.242e-20,2.479e-20,7.171e-20,-0.0003,0.79,0
LeftS105724,21.4168,35.7367,1.062e-20,1.761e-20,3.531e-20,0.0008,-1.4,0
LeftS105727,21.7082,36.4174,1.660e-16,1.383e-16,6.954e-17,0.0002,0.92,0
LeftS105728,21.7344,36.2437,1.170e-18,1.487e-18,1.721e-18,0.0008,0.55,0
LeftS105729,21.1960,36.1507,5.597e-20,9.531e-20,2.061e-19,0.0,-0.76,0
LeftS105730,21.6202,36.3697,3.488e-17,3.404e-17,2.338e-17,0.0009,0.59,0
LeftS105734,21.6487,36.0790,2.388e-16,5.987e-16,2.885e-15,-0.0,-0.52,0
LeftS105738,22.0636,35.8940,1.062e-16,9.265e-17,5.045e-17,0.0009,-0.06,0
LeftS105742,21.8803,36.3643,5.053e-17,4.643e-17,2.845e-17,0.0004,0.88,0
LeftS105748,21.4319,36.1236,1.341e-16,1.168e-16,6.452e-17,-0.0002,-0.96,0
LeftS105749,21.8521,36.4559,7.928e-17,1.392e-16,3.254e-16,0.0006,1.13,0
LeftS105750,21.7130,35.9136,3.645e-19,4.879e-19,6.704e-19,0.0001,-0.53,0
LeftS105753,21.6338,36.1851,8.737e-20,1.417e-19,2.769e-19,0.0001,-0.41,0
LeftS105757,21.6767,36.3385,9.732e-18,1.096e-17,9.862e-18,0.0002,0.76,0
LeftS105758,22.1344,36.6663,8.067e-18,8.511e-18,6.743e-18,0.0006,1.27,0
LeftS105759,21.9349,36.1065,1.433e-17,2.458e-17,5.564e-17,0.001,0.18,0
LeftS105762,21.2824,35.3470,6.865e-17,1.186e-16,2.665e-16,0.0009,-1.6,0
LeftS105763,21.3855,36.0835,1.310e-19,2.039e-19,3.687e-19,-0.0001,-0.98,0
LeftS105767,21.5703,36.2751,2.345e-19,3.291e-19,4.584e-19,0.0009,0.05,0
LeftS105768,22.4299,37.2070,3.202e-20,5.722e-20,1.349e-19,0.0002,1.59,0
LeftS105771,21.8420,36.1779,1.397e-20,2.662e-20,7.242e-20,0.0008,0.33,0
LeftS105773,21.7759,36.1804,1.235e-16,1.074e-16,6.051e-17,0.0003,0.19,0
LeftS105775,21.3713,35.9599,2.214e-20,4.047e-20,9.970e-20,0.0006,-1.3,0
LeftS105776,21.6306,36.3637,2.136e-18,2.609e-18,2.908e-18,0.0004,0.68,0
LeftS105777,22.3531,36.2304,1.142e-20,2.090e-20,5.251e-20,0.0,0.61,0
LeftS105780,22.0474,36.6027,1.317e-18,1.758e-18,2.308e-18,0.0012,1.22,0
LeftS105781,21.2580,35.6094,1.138e-18,1.424e-18,1.564e-18,0.0002,-1.54,0
LeftS105782,21.6376,36.9400,3.969e-17,6.892e-17,1.586e-16,0.0003,0.79,0
LeftS105783,21.6051,36.2122,3.463e-20,6.143e-20,1.382e-19,0.0006,-0.98,0
LeftS105786,21.8782,36.0179,1.705e-19,2.665e-19,4.895e-19,0.0011,-0.09,0
LeftS105788,21.5495,36.2657,3.981e-17,6.106e-17,1.046e-16,-0.0009,-0.19,0
LeftS105789,21.5158,36.4413,3.320e-20,6.020e-20,1.425e-19,-0.0002,0.2,0
LeftS105792,21.6604,36.2015,8.947e-19,1.215e-18,1.682e-18,0.0001,0.1,0
LeftS105793,22.2166,36.7227,4.753e-17,4.260e-17,2.514e-17,0.0006,1.29,0
LeftS105794,22.0068,36.6435,3.924e-20,6.537e-20,1.385e-19,-0.0001,1.34,0
LeftS105795,21.3563,35.8880,4.941e-18,5.515e-18,4.917e-18,-0.0002,-1.42,0
LeftS105797,21.6331,36.0039,1.766e-17,1.826e-17,1.444e-17,-0.0003,-0.69,0
LeftS105800,21.5972,35.5849,3.562e-19,5.286e-19,8.823e-19,0.0003,-1.12,0
LeftS105801,21.7935,36.3066,1.243e-18,1.578e-18,1.931e-18,-0.0001,0.83,0
LeftS105802,21.6143,36.1748,5.450e-19,7.280e-19,9.298e-19,0.0008,-0.86,0
LeftS105803,21.9738,36.2047,2.535e-18,2.950e-18,2.980e-18,0.0007,0.25,0
LeftS105805,21.5914,36.2341,2.071e-17,1.980e-17,1.279e-17,0.0007,-0.39,0
LeftS105808,21.8416,37.2844,4.340e-19,5.816e-19,7.790e-19,-0.0006,1.03,0
LeftS105809,22.1080,36.5318,7.384e-17,1.613e-16,5.961e-16,0.0007,1.02,0
LeftS105811,21.6296,36.2297,1.599e-17,1.622e-17,1.194e-17,-0.0008,0.33,0
LeftS105813,20.9701,36.1241,2.562e-12,1.792e-12,6.337e-13,0.0008,-0.64,0
LeftS105814,21.7786,36.3364,8.005e-20,1.239e-19,2.265e-19,0.0004,0.94,0
LeftS105816,21.4639,36.0973,8.647e-19,1.145e-18,1.428e-18,0.0006,-0.96,0
LeftS105819,21.7570,36.7445,4.626e-18,4.976e-18,4.040e-18,0.0011,1.12,0
LeftS105827,21.2728,35.8218,8.801e-17,7.814e-17,4.676e-17,-0.0002,-1.48,0
LeftS105828,21.8221,36.3988,7.296e-18,8.004e-18,7.164e-18,-0.0003,0.88,0
LeftS105829,21.4369,35.7294,5.985e-17,5.049e-17,2.535e-17,0.001,-1.52,0
LeftS105830,21.5492,36.5229,7.270e-18,7.768e-18,6.364e-18,0.0011,0.41,0
LeftS105833,21.8029,36.8667,5.539e-18,6.266e-18,5.731e-18,0.0014,1.18,0
LeftS105837,21.6742,36.5233,1.584e-20,3.026e-20,8.078e-20,0.0007,0.87,0
LeftS105838,22.3906,36.4578,3.805e-20,6.484e-20,1.399e-19,-0.0006,0.86,0
LeftS105839,21.2528,35.6648,1.220e-19,1.918e-19,3.397e-19,0.0009,-1.63,0
LeftS105842,21.3919,35.6237,2.085e-19,3.000e-19,4.627e-19,-0.0001,-1.47,0
LeftS105843,22.2101,36.5299,6.483e-18,7.382e-18,6.954e-18,0.0003,0.99,0
LeftS105846,21.1602,35.5693,1.265e-18,1.487e-18,1.543e-18,0.0004,-1.63,0
LeftS105847,21.6700,36.2011,1.120e-20,2.171e-20,6.114e-20,-0.0004,0.17,0
LeftS105852,21.7113,36.6071,1.755e-18,2.123e-18,2.211e-18,0.0002,1.02,0
LeftS105853,21.3416,36.2524,6.168e-18,6.632e-18,5.514e-18,-0.0011,-0.54,0
LeftS105854,21.8748,36.6184,1.687e-18,2.091e-18,2.268e-18,-0.0002,1.25,0
LeftS105856,21.5183,36.4374,2.884e-19,4.139e-19,6.386e-19,0.0011,0.35,0
LeftS105858,21.5968,36.1486,7.184e-18,7.778e-18,6.761e-18,-0.0,-0.76,0
LeftS105859,21.4567,35.6360,4.955e-16,3.927e-16,1.797e-16,0.0001,-1.21,0
LeftS105860,21.6134,36.5224,2.801e-19,4.053e-19,6.477e-19,0.0006,0.59,0
LeftS105861,21.4641,36.0921,4.709e-16,1.193e-15,5.687e-15,0.0009,-1.03,0
LeftS105862,21.0123,36.1751,7.084e-17,1.410e-16,4.286e-16,-0.0007,-0.64,0
LeftS105863,21.7327,35.7510,8.643e-19,1.132e-18,1.382e-18,0.001,-0.61,0
LeftS105864,22.1112,36.8707,2.046e-18,2.517e-18,2.715e-18,0.0007,1.42,0
LeftS105866,21.1032,35.4529,2.036e-19,3.126e-19,5.444e-19,0.0003,-1.49,0
LeftS105867,21.7609,35.9190,1.676e-20,3.122e-20,8.422e-20,0.0008,-0.51,0
LeftS105869,21.5574,36.1709,1.708e-20,3.168e-20,8.086e-20,0.0006,-0.68,0
LeftS105870,21.8217,36.1907,8.453e-17,1.784e-16,6.134e-16,0.0008,0.25,0
LeftS105874,21.1994,36.4956,1.953e-17,1.910e-17,1.295e-17,0.0008,-0.23,0
LeftS105876,22.2990,36.6963,3.605e-19,5.162e-19,7.652e-19,0.0002,1.18,0
LeftS105877,21.2639,36.6540,1.112e-18,1.432e-18,1.673e-18,0.0003,0.1,0
LeftS105885,21.4936,36.2366,9.986e-20,1.676e-19,3.548e-19,0.0007,-0.4,0
LeftS105887,21.5358,36.0202,3.006e-18,3.461e-18,3.236e-18,0.0001,-1.05,0
LeftS105889,21.6085,36.1173,1.528e-16,3.104e-16,9.613e-16,0.0003,-0.84,0
LeftS105890,21.1703,35.8633,1.223e-18,1.497e-18,1.712e-18,0.0001,-1.29,0
LeftS105891,21.6401,36.3334,4.787e-19,6.706e-19,9.477e-19,0.0,0.59,0
LeftS105892,21.9338,36.7026,1.899e-20,3.253e-20,7.196e-20,0.0002,1.25,0
LeftS105893,21.7690,36.6779,5.601e-19,7.542e-19,1.002e-18,0.0004,0.98,0
LeftS105894,21.7108,36.5576,2.559e-19,3.693e-19,5.569e-19,0.0003,0.81,0
LeftS105896,21.5569,36.2937,1.215e-18,1.503e-18,1.693e-18,-0.0009,-0.01,0
LeftS105897,21.6554,36.5351,2.766e-18,3.133e-18,2.969e-18,0.0005,1.2,0
LeftS105900,21.7978,36.2699,1.671e-17,1.647e-17,1.155e-17,0.0005,1.03,0
LeftS105901,21.5669,35.9545,9.344e-19,1.239e-18,1.602e-18,0.0003,-1.32,0
LeftS105902,21.3057,36.0971,5.452e-17,4.864e-17,2.849e-17,0.001,-1.21,0
LeftS105903,21.4298,36.1001,1.591e-20,2.984e-20,7.895e-20,0.0003,-1.34,0
LeftS105906,21.4533,36.2859,1.301e-16,2.414e-16,6.242e-16,0.0,-0.23,0
LeftS105907,21.5099,36.0108,1.718e-19,2.630e-19,4.590e-19,0.0003,-1.03,0
LeftS105908,21.8800,36.2080,2.363e-20,4.076e-20,9.089e-20,0.0004,0.45,0
LeftS105909,21.8342,36.6645,1.657e-20,3.154e-20,8.462e-20,0.0005,1.33,0
LeftS105910,21.4687,35.9795,2.023e-16,1.686e-16,8.582e-17,0.0001,-1.39,0
LeftS105911,21.8087,36.2408,6.628e-18,7.703e-18,7.523e-18,-0.0001,0.41,0
LeftS105912,21.7374,36.2311,8.935e-18,9.698e-18,8.284e-18,0.0014,0.22,0
LeftS105913,21.5677,36.0464,3.424e-19,5.008e-19,7.793e-19,-0.0003,-0.96,0
LeftS105914,21.8864,36.4064,1.002e-17,1.089e-17,9.446e-18,-0.0,1.31,0
LeftS105916,21.5885,35.8859,4.339e-12,3.931e-12,2.317e-12,0.0,-1.38,1
LeftS105918,21.6900,36.6942,2.123e-16,1.734e-16,8.516e-17,-0.0007,1.14,0
LeftS105919,21.3770,35.8141,5.649e-19,7.598e-19,1.001e-18,0.0006,-1.42,0
LeftS105920,21.8066,36.4486,5.344e-20,8.631e-20,1.690e-19,0.001,1.02,0
LeftS105923,21.3695,35.9735,7.881e-17,1.221e-16,2.148e-16,-0.0001,-1.14,0
LeftS105924,21.5480,36.0459,8.032e-17,6.808e-17,3.412e-17,0.0007,-0.99,0
LeftS105925,21.9526,36.1927,4.700e-17,4.227e-17,2.546e-17,-0.0001,0.91,0
LeftS105926,21.6885,36.1823,1.094e-16,1.717e-16,3.289e-16,-0.0003,0.13,0
LeftS105927,21.8605,36.1476,3.652e-18,4.327e-18,4.365e-18,0.0005,0.61,0
LeftS105928,21.9689,36.1584,1.703e-17,1.639e-17,1.088e-17,-0.0002,0.29,0
LeftS105929,21.3936,35.9409,1.230e-17,1.254e-17,9.581e-18,0.0004,-1.35,0
LeftS105930,21.7341,36.2384,1.193e-16,1.029e-16,5.474e-17,0.0011,0.87,0
LeftS105934,21.8864,36.0352,6.391e-12,4.713e-12,1.852e-12,0.0002,-0.1,0
LeftS105935,21.6298,36.4853,8.559e-18,8.683e-18,6.472e-18,-0.0002,1.13,0
LeftS105936,21.3756,36.0467,2.531e-17,4.362e-17,9.445e-17,0.0004,-1.3,0
LeftS105937,21.5442,36.0561,1.646e-17,1.680e-17,1.241e-17,0.0,-0.81,0
LeftS105938,21.4929,35.9011,8.641e-19,1.095e-18,1.292e-18,0.0007,-1.24,0
LeftS105939,21.7755,36.2361,1.464e-17,1.426e-17,9.688e-18,0.0,0.44,0
LeftS105941,21.7422,36.1884,8.360e-13,5.619e-13,1.844e-13,-0.0002,0.36,0
LeftS105942,21.6727,35.9928,1.762e-18,2.164e-18,2.412e-18,0.0005,-0.56,0
LeftS105944,21.6867,36.0348,9.584e-13,6.482e-13,2.083e-13,0.0007,-0.74,0
LeftS105945,21.5722,36.2624,1.553e-16,1.279e-16,6.309e-17,-0.0003,-0.01,0
LeftS105946,21.7974,36.1744,1.315e-16,1.205e-16,7.192e-17,0.0007,0.15,0
LeftS105948,21.5630,36.3064,8.141e-18,8.965e-18,7.767e-18,-0.0007,0.13,0
LeftS105950,21.4616,35.9377,1.771e-16,2.659e-16,4.371e-16,0.0006,-1.16,0
LeftS105951,21.6171,36.1451,6.072e-18,6.848e-18,6.276e-18,-0.0,-0.64,0
LeftS105952,21.8466,36.0963,1.341e-17,1.398e-17,1.085e-17,0.0003,0.09,0
LeftS105954,21.6787,36.1825,5.777e-16,4.431e-16,1.906e-16,0.0008,0.12,0
LeftS105956,21.2771,36.3361,5.036e-16,3.985e-16,1.774e-16,0.0,-0.37,0
LeftS105957,21.7216,35.8890,4.947e-18,5.451e-18,4.895e-18,0.001,-0.93,0
LeftS105958,21.6850,36.2299,4.793e-17,7.292e-17,1.230e-16,0.0002,0.14,0
LeftS105959,21.8045,36.5583,1.988e-20,3.746e-20,9.546e-20,0.0008,1.13,0
LeftS105960,21.8156,36.5168,3.727e-20,6.619e-20,1.649e-19,0.0008,1.15,0
LeftS105961,21.5966,36.3288,3.075e-16,2.542e-16,1.265e-16,0.0005,0.66,0
LeftS105965,21.5520,36.4437,1.633e-20,3.020e-20,7.671e-20,0.0005,1.14,0
LeftS105969,21.7137,36.1839,1.098e-17,1.136e-17,8.592e-18,-0.0001,0.08,0
LeftS105970,21.7225,36.1217,2.964e-16,2.446e-16,1.185e-16,0.0006,-0.43,0
LeftS105971,21.5988,36.2914,2.989e-16,2.427e-16,1.122e-16,-0.0001,0.1,0
LeftS105972,21.6633,36.2245,2.233e-17,2.120e-17,1.399e-17,-0.0003,0.02,0
LeftS105973,21.4889,36.1277,3.579e-17,5.684e-17,1.041e-16,0.0006,-0.91,0
LeftS105974,21.6710,36.6282,8.045e-17,7.581e-17,4.786e-17,-0.0002,1.13,0
LeftS105975,21.4231,36.1701,1.213e-16,1.039e-16,5.656e-17,0.0009,-0.83,0
LeftS105976,21.5626,36.0634,1.075e-16,9.515e-17,5.475e-17,0.0004,-0.99,0
LeftS105977,21.5579,36.0060,1.107e-17,1.220e-17,1.024e-17,-0.0,-0.84,0
LeftS105978,21.5495,35.9794,2.286e-18,2.791e-18,2.937e-18,-0.0002,-1.01,0
LeftS105980,21.9475,36.0963,7.918e-17,7.531e-17,4.733e-17,-0.0001,1.51,0
LeftS105981,21.6824,36.3464,1.578e-16,1.348e-16,7.214e-17,0.0006,0.65,0
LeftS105982,21.7830,36.1715,2.469e-17,5.059e-17,1.570e-16,-0.0002,0.5,0
LeftS105983,21.7919,36.2154,1.195e-20,2.297e-20,6.485e-20,0.0011,0.28,0
LeftS105985,21.5898,36.3012,2.704e-19,3.849e-19,5.877e-19,-0.0,0.45,0
LeftS105986,21.6708,36.0721,2.461e-19,3.636e-19,5.928e-19,0.0003,-0.43,0
LeftS105987,21.5581,36.3731,2.260e-15,1.733e-15,7.230e-16,0.0002,0.22,1
LeftS105988,21.7566,36.4061,6.231e-18,7.312e-18,7.032e-18,0.0002,0.94,0
LeftS105989,21.3072,36.2030,6.394e-16,1.039e-15,2.026e-15,-0.0002,-0.6,0
LeftS105990,21.4743,36.3945,7.367e-17,1.190e-16,2.314e-16,-0.0002,0.18,0
LeftS105993,21.3907,35.9542,1.174e-16,9.958e-17,5.117e-17,0.0007,-1.41,0
LeftS105995,21.6943,36.1722,8.128e-20,1.356e-19,2.783e-19,0.0001,0.09,0
LeftS105996,21.5964,36.1780,1.080e-18,1.287e-18,1.346e-18,0.0001,-0.43,0
LeftS105999,21.5329,35.7220,1.505e-20,2.769e-20,7.242e-20,0.0005,-1.48,0
LeftS106000,21.3124,35.9474,1.079e-17,1.131e-17,8.544e-18,0.0001,-1.31,0
LeftS106001,21.7617,36.0035,1.072e-18,1.399e-18,1.751e-18,-0.0003,-0.37,0
LeftS106002,21.3231,36.3256,4.846e-16,3.867e-16,1.768e-16,-0.0002,-0.45,0
LeftS106007,21.4677,36.1770,1.717e-16,4.435e-16,2.248e-15,-0.0005,-0.68,0
LeftS106009,21.4772,36.3254,8.895e-17,7.960e-17,4.574e-17,0.0012,-0.11,0
LeftS106010,21.7274,36.4465,1.335e-16,1.214e-16,7.046e-17,0.0004,0.67,0
LeftS106011,21.6571,36.0798,1.500e-17,1.533e-17,1.168e-17,0.0007,-0.48,0
LeftS106013,21.4874,36.2391,5.083e-20,9.207e-20,2.196e-19,-0.0002,-0.78,0
LeftS106014,21.6155,36.2840,2.566e-17,2.573e-17,1.802e-17,-0.0001,0.36,0
LeftS106015,21.4010,35.7284,1.121e-16,2.097e-16,5.454e-16,0.0009,-1.4,0
LeftS106017,21.5196,35.9318,2.663e-12,1.887e-12,6.713e-13,-0.0007,-1.18,0
LeftS106018,22.0812,36.5305,9.910e-17,8.889e-17,5.253e-17,0.0002,1.31,0
LeftS106019,21.6394,36.8266,7.216e-19,9.864e-19,1.353e-18,0.0004,1.08,0
LeftS106020,21.4235,35.9002,6.733e-18,7.828e-18,7.600e-18,0.0006,-1.31,0
LeftS106022,21.5703,36.1528,1.071e-18,1.320e-18,1.519e-18,0.0003,-0.64,0
LeftS106023,21.6092,36.4248,4.536e-18,5.384e-18,5.352e-18,0.0004,0.82,0
LeftS106024,21.4374,36.0099,3.350e-20,5.823e-20,1.371e-19,0.0,-1.2,0
LeftS106025,21.4191,36.1184,7.248e-20,1.182e-19,2.335e-19,0.0006,-1.34,0
LeftS106026,21.6929,36.1833,4.610e-16,3.664e-16,1.652e-16,0.0009,0.12,1
LeftS106027,21.6961,36.3446,6.929e-18,7.739e-18,7.027e-18,-0.0008,0.72,0
LeftS106029,21.5288,36.3815,3.185e-20,5.703e-20,1.383e-19,-0.0003,0.4,0
LeftS106030,21.6149,35.8796,1.757e-20,3.231e-20,8.508e-20,-0.0004,-1.15,0
LeftS106032,21.8155,36.6532,2.449e-18,2.837e-18,2.777e-18,0.0006,1.27,0
LeftS106033,21.7219,36.1659,1.017e-20,2.032e-20,6.118e-20,0.0,0.24,0
LeftS106034,21.7030,36.3169,9.984e-17,8.488e-17,4.571e-17,0.0005,0.76,0
LeftS106035,21.5750,36.0848,2.324e-18,2.653e-18,2.588e-18,0.0001,-0.64,0
LeftS106036,21.3826,36.0236,2.562e-17,2.534e-17,1.809e-17,0.0004,-1.29,0
LeftS106038,21.7682,36.2374,1.936e-20,3.552e-20,9.247e-20,0.0005,0.41,0
LeftS106039,21.7344,36.2604,1.956e-18,2.302e-18,2.342e-18,0.0009,0.39,0
LeftS106040,21.4210,36.0988,4.563e-17,4.025e-17,2.308e-17,-0.0002,-1.03,0
LeftS106041,21.8180,36.2784,5.413e-16,4.274e-16,1.979e-16,0.0009,0.61,0
LeftS106042,21.7629,36.2274,2.726e-17,2.683e-17,1.902e-17,0.0008,0.49,0
LeftS106043,21.8430,36.3459,2.323e-16,2.038e-16,1.152e-16,-0.0003,0.74,0
LeftS106044,21.7101,36.2392,2.688e-17,2.639e-17,1.809e-17,-0.0001,0.37,0
LeftS106045,21.5594,36.2057,1.758e-20,3.290e-20,8.727e-20,0.0006,-0.4,0
LeftS106046,21.4004,36.1009,8.343e-17,1.259e-16,2.083e-16,-0.0006,-0.96,0
LeftS106047,21.8287,36.2548,2.239e-19,3.515e-19,6.412e-19,-0.0002,0.45,0
LeftS106048,21.8093,36.3360,3.814e-20,6.648e-20,1.513e-19,0.0007,0.79,0
LeftS106055,21.4400,36.1855,2.512e-18,2.786e-18,2.519e-18,-0.0007,-0.59,0
LeftS106056,21.8215,36.3681,1.343e-19,1.953e-19,3.176e-19,0.001,0.69,0
LeftS106058,21.7864,36.3377,3.298e-20,5.419e-20,1.073e-19,0.0009,0.74,0
LeftS106059,21.8207,36.3097,5.259e-18,5.640e-18,4.952e-18,0.0013,0.68,0
LeftS106060,21.7686,36.2657,5.655e-17,1.013e-16,2.453e-16,0.0003,0.5,0
LeftS106061,21.7513,36.2235,1.622e-17,1.690e-17,1.341e-17,0.0003,0.34,0
LeftS106062,21.8338,36.3339,8.796e-17,1.650e-16,4.482e-16,0.0017,0.83,0
LeftS106063,21.8916,36.3165,3.477e-12,2.397e-12,8.642e-13,-0.0007,0.64,0
LeftS106064,21.3711,36.1149,4.172e-20,7.645e-20,1.894e-19,0.0003,-0.81,0
LeftS106065,21.8517,36.4082,3.583e-17,3.469e-17,2.274e-17,0.0004,0.91,0
LeftS106067,21.3654,36.1064,9.630e-17,8.339e-17,4.369e-17,0.0009,-0.9,0
LeftS106068,21.8949,36.3074,3.049e-17,2.955e-17,2.040e-17,0.0,0.71,0
LeftS106069,21.7599,36.2738,3.306e-19,4.923e-19,7.949e-19,0.0009,0.55,0
LeftS106070,21.7665,36.3103,2.350e-17,2.284e-17,1.529e-17,0.0002,0.64,0
LeftS106071,21.6969,36.2476,1.506e-17,1.640e-17,1.380e-17,-0.0003,0.51,0
LeftS106073,21.8519,36.3149,8.172e-20,1.301e-19,2.422e-19,0.0003,0.93,0
LeftS106074,21.4540,36.0740,2.331e-17,2.243e-17,1.517e-17,0.0011,-0.98,0
LeftS106075,21.4091,36.1953,1.729e-16,1.527e-16,8.428e-17,0.0004,-0.62,0
LeftS106076,21.5058,36.2307,8.140e-17,1.445e-16,3.480e-16,0.0,-0.36,0
LeftS106077,21.9116,36.3844,1.507e-19,2.272e-19,3.685e-19,-0.0008,1.02,0
LeftS106078,21.7505,36.3543,2.618e-16,5.043e-16,1.404e-15,0.0003,0.74,0
LeftS106080,21.3474,36.0156,4.937e-18,5.537e-18,4.986e-18,0.0007,-1.21,0
LeftS106084,21.8421,36.3323,1.043e-16,9.081e-17,4.891e-17,0.0005,0.78,0
LeftS106085,21.8376,36.3321,4.501e-19,5.899e-19,7.448e-19,0.0006,0.66,0
LeftS106086,21.7763,36.2997,1.151e-16,9.844e-17,5.338e-17,0.0002,0.68,0
LeftS106087,21.8540,36.2818,1.507e-17,1.494e-17,1.068e-17,0.0008,0.77,0
LeftS106088,21.3568,36.1094,3.142e-19,4.705e-19,7.715e-19,0.0004,-0.87,0
LeftS106089,21.8672,36.2977,1.671e-16,3.026e-16,7.622e-16,0.0005,0.61,0
LeftS106090,21.3219,36.1593,7.659e-18,8.182e-18,6.949e-18,0.001,-0.77,0
LeftS106091,21.8613,36.2643,1.757e-17,1.827e-17,1.479e-17,-0.0002,0.59,0
LeftS106092,21.9486,36.3917,2.884e-19,3.954e-19,5.548e-19,0.0003,1.03,0
LeftS106093,21.7503,36.1906,8.125e-17,1.451e-16,3.506e-16,0.0007,0.15,0
LeftS106094,21.8963,36.3571,4.563e-17,4.150e-17,2.520e-17,0.0003,0.82,0
LeftS106096,21.3883,36.1762,1.848e-20,3.320e-20,8.010e-20,0.0002,-0.69,0
LeftS106098,21.7619,36.2456,1.682e-18,2.011e-18,2.095e-18,-0.0002,0.51,0
LeftS106099,21.3312,36.0619,1.412e-20,2.718e-20,7.553e-20,-0.0006,-1.13,0
LeftS106101,21.3678,36.0998,4.578e-18,5.167e-18,4.697e-18,-0.0002,-0.99,0
LeftS106102,21.3948,36.1381,3.477e-16,2.943e-16,1.533e-16,0.0001,-0.62,0
LeftS106103,21.7375,36.2556,1.812e-16,3.211e-16,7.835e-16,0.0002,0.39,0
LeftS106104,21.8942,36.3633,4.981e-18,5.534e-18,5.076e-18,0.001,0.69,0
LeftS106106,21.3000,36.1011,2.463e-12,1.758e-12,6.366e-13,0.0004,-0.92,0
LeftS106109,21.3491,36.0802,1.365e-17,1.366e-17,1.006e-17,0.0004,-1.0,0
LeftS106111,21.9547,36.4289,1.426e-18,1.855e-18,2.261e-18,0.0008,0.99,0
LeftS106114,21.3002,36.0812,1.015e-16,9.105e-17,5.153e-17,0.0006,-0.93,0
LeftS106116,21.8081,36.2644,4.787e-19,6.646e-19,9.334e-19,0.0007,0.53,0
LeftS106117,21.3557,36.1266,5.070e-13,6.989e-13,9.798e-13,0.0,-0.77,0
LeftS106118,21.3818,36.0661,8.861e-20,1.525e-19,3.302e-19,-0.0004,-1.11,0
LeftS106121,21.3886,36.1438,4.190e-18,4.885e-18,4.859e-18,0.0007,-0.59,0
LeftS106123,21.4400,36.1202,2.396e-17,4.179e-17,9.464e-17,0.0005,-0.92,0
LeftS106124,21.8626,36.2385,3.127e-17,3.066e-17,2.009e-17,-0.0002,0.63,0
LeftS106125,21.8664,36.2864,1.043e-16,9.185e-17,5.167e-17,-0.0,0.64,0
LeftS106126,21.4008,36.0569,3.065e-17,4.504e-17,6.853e-17,0.0001,-1.08,0
LeftS106127,21.8413,36.2762,6.162e-16,4.832e-16,2.209e-16,0.0004,0.53,1
LeftS106128,21.3253,36.1048,6.125e-18,6.782e-18,5.984e-18,0.0004,-0.89,0
LeftS106129,21.9389,36.4101,6.732e-17,1.377e-16,4.478e-16,0.0006,0.98,0
LeftS106131,21.9489,36.3619,1.175e-16,2.327e-16,6.732e-16,0.0005,0.81,0
LeftS106132,21.3779,36.0788,1.760e-19,2.488e-19,3.604e-19,0.001,-0.94,0
LeftS106133,21.9416,36.3749,9.116e-18,9.491e-18,7.644e-18,-0.0,0.89,0
LeftS106134,21.9875,36.3854,4.181e-17,3.866e-17,2.476e-17,0.0007,0.82,0
LeftS106135,21.8430,36.3498,4.831e-19,6.676e-19,9.112e-19,0.0001,0.78,0
LeftS106137,21.2993,36.1175,5.038e-20,8.499e-20,1.871e-19,0.0001,-1.02,0
LeftS106138,21.3857,36.0690,5.294e-20,9.121e-20,2.020e-19,0.0011,-0.9,0
LeftS106139,21.4246,36.0933,1.398e-16,1.194e-16,6.454e-17,0.0009,-0.81,0
LeftS106141,21.4024,36.1125,7.018e-17,6.582e-17,4.253e-17,0.0005,-0.77,0
LeftS106144,21.8229,36.2831,1.747e-18,2.233e-18,2.629e-18,0.0,0.63,0
LeftS106146,21.2420,36.0462,2.167e-20,3.749e-20,8.705e-20,0.001,-0.98,0
LeftS106147,21.9031,36.3895,9.232e-19,1.080e-18,1.112e-18,0.0006,0.87,0
LeftS106149,21.3419,36.0954,1.065e-16,1.780e-16,3.620e-16,0.001,-1.04,0
LeftS106150,21.3213,36.0847,1.381e-17,1.372e-17,9.794e-18,-0.0004,-0.92,0
LeftS106151,21.8841,36.3612,2.538e-17,2.462e-17,1.671e-17,0.0004,0.69,0
LeftS106153,21.3163,36.0938,1.736e-16,1.526e-16,8.299e-17,0.0007,-1.12,0
LeftS106154,21.9226,36.3795,1.404e-18,1.805e-18,2.104e-18,-0.0005,0.85,0
LeftS106155,21.2865,36.0550,7.995e-18,8.683e-18,7.633e-18,-0.0002,-1.26,0
LeftS106156,21.9253,36.3536,1.274e-17,1.338e-17,1.034e-17,0.0005,0.92,0
LeftS106157,21.3942,36.1398,2.182e-20,4.195e-20,1.168e-19,-0.0003,-0.86,0
LeftS106160,22.0057,36.3689,1.579e-16,3.311e-16,1.108e-15,0.0002,0.74,0
LeftS106161,21.8647,36.3091,3.900e-19,5.692e-19,8.760e-19,0.0002,0.73,0
LeftS106162,21.2667,36.0564,6.578e-17,1.317e-16,3.907e-16,0.0006,-1.09,0
LeftS106163,21.3336,36.0473,5.562e-16,4.522e-16,2.081e-16,0.0002,-0.98,0
LeftS106165,21.2488,36.0499,1.815e-18,2.324e-18,2.768e-18,-0.0001,-1.02,0
LeftS106167,21.8936,36.3641,3.266e-18,4.026e-18,4.418e-18,0.0004,0.71,0
LeftS106168,21.9953,36.4332,4.805e-12,3.608e-12,1.460e-12,0.001,0.96,0
LeftS106169,22.0111,36.3579,6.278e-17,1.162e-16,2.960e-16,0.001,0.84,0
LeftS106170,21.2250,36.0426,2.002e-19,3.135e-19,5.572e-19,0.0001,-1.0,0
LeftS106171,21.9003,36.4030,1.115e-17,1.138e-17,8.268e-18,0.0005,0.89,0
LeftS106172,21.9374,36.3766,1.597e-17,1.609e-17,1.160e-17,0.0006,0.82,0
LeftS106173,21.9909,36.2873,1.290e-16,2.162e-16,4.366e-16,0.0009,0.69,0
LeftS106174,21.2798,36.0450,7.387e-19,1.049e-18,1.541e-18,0.0003,-1.03,0
LeftS106175,21.2160,36.0328,4.428e-17,4.101e-17,2.605e-17,0.0001,-1.05,0
LeftS106176,21.9927,36.3996,8.952e-17,8.046e-17,4.610e-17,-0.0002,0.74,0
LeftS106177,22.0048,36.3531,3.864e-17,3.962e-17,3.033e-17,-0.0002,0.75,0
LeftS106179,21.8903,36.3860,2.051e-19,3.083e-19,5.116e-19,0.0011,0.95,0
LeftS106180,21.9333,36.3900,3.214e-16,2.593e-16,1.263e-16,-0.0002,0.83,0
LeftS106181,21.2222,35.9927,9.204e-17,8.679e-17,5.459e-17,0.0006,-1.23,0
LeftS106182,21.9897,36.2832,1.969e-16,4.124e-16,1.404e-15,0.0012,0.68,0
LeftS106183,21.3459,36.0687,8.343e-20,1.348e-19,2.608e-19,0.0006,-1.15,0
LeftS106185,21.2990,36.0322,6.110e-18,6.933e-18,6.378e-18,0.0005,-1.09,0
LeftS106186,21.3693,36.1401,2.033e-16,1.686e-16,8.351e-17,-0.0005,-0.85,0
LeftS106187,21.9911,36.3903,3.252e-18,3.906e-18,4.194e-18,0.0017,0.88,0
LeftS106188,22.0478,36.4384,9.511e-17,8.272e-17,4.541e-17,-0.0001,0.83,0
LeftS106189,22.0327,36.4915,8.262e-18,8.519e-18,6.565e-18,-0.0002,1.04,0
LeftS106191,21.2230,35.9620,4.658e-17,7.916e-17,1.716e-16,0.0008,-1.16,0
LeftS106192,21.9363,36.3488,2.755e-19,4.187e-19,6.852e-19,-0.0002,0.86,0
LeftS106193,21.3164,36.1107,2.442e-16,2.039e-16,1.067e-16,0.0003,-0.82,0
LeftS106195,21.1693,36.0499,1.847e-20,3.285e-20,7.719e-20,0.0003,-1.01,0
LeftS106198,21.3129,35.9770,3.569e-18,4.016e-18,3.650e-18,0.0001,-1.25,0
LeftS106199,21.9456,36.3594,3.612e-16,2.756e-16,1.175e-16,0.0019,0.75,0
LeftS106200,22.0764,36.4226,1.417e-16,1.159e-16,5.780e-17,0.0003,0.88,0
LeftS106201,21.9755,36.4626,3.059e-18,3.832e-18,4.409e-18,0.0008,0.89,0
LeftS106202,21.3585,36.1000,5.204e-20,8.310e-20,1.548e-19,-0.0002,-0.96,0
LeftS106203,21.1936,36.0001,4.417e-16,3.580e-16,1.683e-16,0.0003,-1.05,0
LeftS106204,21.1846,35.9742,2.393e-20,4.266e-20,1.029e-19,-0.0009,-1.16,0
LeftS106205,21.9789,36.3718,1.565e-12,1.104e-12,3.851e-13,0.0007,0.92,0
LeftS106206,21.1925,35.9843,6.055e-20,9.918e-20,2.019e-19,0.0002,-1.14,0
LeftS106207,21.1870,36.0187,9.588e-17,8.622e-17,4.861e-17,0.0003,-1.18,0
LeftS106208,22.0248,36.3327,1.291e-18,1.539e-18,1.615e-18,-0.0003,0.77,0
LeftS106209,21.2382,36.0066,1.546e-17,1.597e-17,1.227e-17,0.0003,-1.03,0
LeftS106211,21.1804,35.9633,9.869e-18,1.045e-17,8.610e-18,0.0002,-1.16,0
LeftS106212,22.0150,36.3871,2.047e-17,1.993e-17,1.369e-17,0.0001,0.83,0
LeftS106213,22.0150,36.3932,1.214e-17,1.194e-17,8.624e-18,0.0003,0.8,0
LeftS106214,22.1118,36.4537,4.833e-12,4.032e-12,2.097e-12,0.0008,1.05,1
LeftS106215,21.1251,36.0370,2.833e-20,5.052e-20,1.236e-19,0.0008,-1.08,0
LeftS106216,22.0987,36.4448,2.177e-20,3.929e-20,9.793e-20,-0.0001,0.92,0
LeftS106218,21.2269,36.0221,3.596e-16,9.349e-16,4.965e-15,-0.0,-1.02,0
LeftS106219,21.9736,36.2762,7.006e-16,5.598e-16,2.541e-16,0.0005,0.62,1
LeftS106221,22.0842,36.4563,8.954e-17,1.564e-16,3.509e-16,0.0007,0.9,0
LeftS106222,22.1505,36.3902,1.173e-16,1.719e-16,2.879e-16,-0.0002,0.74,0
LeftS106223,21.2189,36.0430,2.246e-18,2.657e-18,2.633e-18,-0.0003,-0.95,0
LeftS106224,22.1175,36.3833,8.326e-17,7.772e-17,4.638e-17,0.0004,0.74,0
LeftS106225,21.1140,35.9389,6.254e-17,1.078e-16,2.400e-16,0.001,-1.12,0
LeftS106226,22.1050,36.4507,7.244e-17,6.578e-17,4.041e-17,0.0008,0.88,0
LeftS106227,22.1281,36.4462,2.114e-18,2.523e-18,2.659e-18,0.0002,0.8,0
LeftS106228,22.0659,36.4132,2.225e-16,1.908e-16,9.850e-17,0.0002,0.79,0
LeftS106229,21.1248,36.0252,5.462e-17,5.024e-17,3.125e-17,0.0002,-0.96,0
LeftS106230,21.2386,35.9826,2.805e-17,2.815e-17,2.029e-17,-0.0008,-1.05,0
LeftS106232,21.1757,35.9648,1.711e-16,3.520e-16,1.123e-15,0.0002,-1.1,0
LeftS106233,21.2405,36.0902,5.453e-17,7.932e-17,1.266e-16,0.0006,-0.95,0
LeftS106235,21.0601,35.9093,1.249e-18,1.589e-18,1.961e-18,-0.0004,-1.21,0
LeftS106237,22.0222,36.3871,3.088e-18,3.737e-18,3.987e-18,-0.0001,0.73,0
LeftS106238,21.0303,35.9991,1.743e-18,2.104e-18,2.201e-18,0.0008,-0.96,0
LeftS106239,21.0645,35.8820,1.616e-17,1.605e-17,1.182e-17,-0.0002,-1.39,0
LeftS106240,21.0865,36.0395,1.018e-12,6.979e-13,2.337e-13,0.0006,-1.1,0
LeftS106241,21.1277,35.9842,4.514e-16,3.514e-16,1.510e-16,0.0008,-0.99,0
LeftS106242,21.1445,36.0251,4.032e-17,3.996e-17,2.824e-17,0.0001,-1.01,0
LeftS106243,21.1047,36.0120,7.439e-17,7.110e-17,4.762e-17,0.0007,-0.97,0
LeftS106245,21.0973,36.0242,9.649e-18,1.030e-17,8.508e-18,0.0012,-0.96,0
LeftS106246,21.1300,36.0235,1.450e-20,2.641e-20,6.639e-20,0.0008,-1.05,0
LeftS106247,22.1583,36.4251,1.534e-17,1.570e-17,1.190e-17,-0.0003,0.86,0
LeftS106248,21.0095,35.9465,1.721e-20,3.282e-20,8.983e-20,-0.0002,-1.04,0
LeftS106249,22.1607,36.4602,2.497e-20,4.766e-20,1.326e-19,-0.0002,0.87,0
LeftS106250,21.1058,35.9789,2.445e-18,2.918e-18,3.071e-18,0.0009,-1.18,0
LeftS106251,22.2023,36.3779,1.818e-15,1.408e-15,5.906e-16,0.0008,0.77,0
LeftS106252,22.1004,36.3688,1.512e-19,2.386e-19,4.427e-19,0.0002,0.86,0
LeftS106255,22.1365,36.4260,9.179e-20,1.470e-19,2.810e-19,-0.0,0.89,0
LeftS106257,21.0971,35.9813,2.322e-18,2.992e-18,3.638e-18,0.0009,-1.11,0
LeftS106258,21.1172,36.1065,7.536e-20,1.246e-19,2.583e-19,0.0007,-0.81,0
LeftS106259,21.0772,35.9257,2.177e-20,4.018e-20,1.044e-19,-0.0001,-1.07,0
LeftS106260,21.1239,35.9339,7.948e-18,8.156e-18,6.435e-18,0.0004,-1.25,0
LeftS106261,21.0122,35.9017,6.001e-19,8.024e-19,1.057e-18,-0.0003,-1.11,0
LeftS106262,22.1577,36.3692,3.332e-18,3.727e-18,3.319e-18,0.0002,0.67,0
LeftS106263,22.1643,36.4995,1.035e-16,8.588e-17,4.435e-17,0.0008,0.88,0
LeftS106266,22.0964,36.3349,1.127e-18,1.417e-18,1.676e-18,0.0004,0.67,0
LeftS106267,21.0991,36.0415,2.142e-15,1.590e-15,6.465e-16,0.0005,-0.92,0
LeftS106269,21.0633,35.9707,1.327e-16,1.147e-16,6.223e-17,0.0004,-1.05,0
LeftS106271,21.0721,35.9761,1.775e-17,1.765e-17,1.267e-17,0.0008,-1.08,0
LeftS106272,22.2683,36.5147,2.594e-18,3.062e-18,3.004e-18,0.0003,0.87,0
LeftS106273,22.1781,36.3838,5.725e-17,1.082e-16,2.796e-16,0.0002,0.7,0
LeftS106274,20.9495,35.8856,2.913e-17,2.836e-17,1.905e-17,0.0008,-1.24,0
LeftS106275,22.1713,36.4218,3.025e-12,2.104e-12,7.343e-13,0.0005,0.83,0
LeftS106276,22.1918,36.4326,2.609e-15,1.932e-15,7.793e-16,0.0005,0.8,0
LeftS106277,21.1342,36.0243,2.043e-17,2.070e-17,1.528e-17,0.0011,-1.06,0
LeftS106278,22.1741,36.4464,6.283e-16,5.040e-16,2.255e-16,0.0006,0.92,1
LeftS106279,22.1483,36.4541,6.013e-16,4.611e-16,1.965e-16,0.0014,0.98,1
LeftS106280,21.1011,35.9750,1.691e-14,1.169e-14,4.098e-15,-0.0002,-1.05,0
LeftS106281,22.2085,36.4891,1.373e-14,9.248e-15,2.989e-15,-0.0002,0.95,0
LeftS106282,21.0259,35.9105,3.109e-15,2.403e-15,1.046e-15,0.0002,-1.04,0
LeftS106283,22.2207,36.5167,2.728e-17,4.560e-17,9.730e-17,0.0006,0.87,0
LeftS106284,21.0704,35.9260,2.721e-12,1.955e-12,7.469e-13,0.0001,-1.18,0
LeftS106285,22.2168,36.5407,6.893e-17,6.316e-17,3.634e-17,0.0008,0.99,0
LeftS106286,22.2189,36.5609,1.377e-18,1.748e-18,2.120e-18,0.0013,1.02,0
LeftS106287,22.2247,36.5617,7.769e-16,6.208e-16,2.846e-16,0.0006,1.12,0
LeftS106288,22.2514,36.5927,1.208e-15,9.342e-16,4.050e-16,0.0002,1.04,1
LeftS106289,21.0801,35.8731,6.572e-17,5.869e-17,3.227e-17,0.0008,-1.23,0
LeftS106290,21.0132,35.8162,1.429e-14,1.009e-14,3.604e-15,0.0002,-1.31,0
LeftS106291,21.0057,35.8218,3.091e-15,2.197e-15,7.892e-16,-0.0003,-1.32,0
LeftS106292,21.0284,35.8097,8.260e-16,6.437e-16,2.863e-16,0.0006,-1.36,1
LeftS106293,22.2608,36.6615,6.552e-19,8.769e-19,1.161e-18,0.0002,1.23,0
LeftS106294,20.9641,35.7632,3.536e-16,2.929e-16,1.426e-16,0.0002,-1.41,0
LeftS106295,21.0089,35.7662,8.859e-19,1.098e-18,1.280e-18,0.0002,-1.34,0
LeftS106297,21.0037,35.7261,2.602e-14,1.734e-14,5.473e-15,-0.0005,-1.57,0
LeftS106298,21.0157,35.7247,1.014e-14,7.107e-15,2.526e-15,-0.0006,-1.51,0
LeftS106299,22.2553,36.7522,1.943e-13,1.269e-13,4.011e-14,0.0004,1.17,0
LeftS106300,21.0109,35.6783,3.266e-16,2.770e-16,1.470e-16,0.0004,-1.42,0
LeftS106301,20.9943,35.6656,7.096e-16,5.758e-16,2.746e-16,0.0007,-1.28,0
LeftS106302,20.9981,35.6551,8.673e-15,6.179e-15,2.274e-15,0.0003,-1.44,0
LeftS106303,20.9619,35.6265,6.749e-17,6.531e-17,4.497e-17,0.0001,-1.49,0
LeftS106304,22.2764,36.8071,6.398e-15,4.632e-15,1.734e-15,-0.0001,1.2,0
LeftS106305,20.9719,35.5925,2.679e-16,2.194e-16,1.063e-16,0.0003,-1.53,0
LeftS106306,22.3218,36.8988,3.151e-16,2.512e-16,1.215e-16,-0.0,1.53,0
LeftS106307,20.9504,35.5478,3.365e-17,3.425e-17,2.509e-17,0.001,-1.57,0
LeftS106308,20.9737,35.5873,2.945e-15,2.044e-15,7.106e-16,0.0012,-1.69,0
LeftS106309,20.9481,35.5535,1.184e-15,8.552e-16,3.218e-16,0.0007,-1.58,0
LeftS106310,21.0086,35.5380,7.985e-17,7.368e-17,4.491e-17,0.0001,-1.69,0
LeftS106311,20.9377,35.4900,2.031e-16,1.801e-16,1.017e-16,0.0004,-1.53,0
LeftS106312,22.2995,36.9583,1.302e-16,1.127e-16,5.850e-17,0.0001,1.48,0
LeftS106313,20.9619,35.4881,6.091e-16,5.007e-16,2.396e-16,-0.0001,-1.65,0
LeftS106314,20.9947,35.4987,6.622e-17,5.776e-17,3.262e-17,0.0017,-1.83,0
LeftS106315,20.9857,35.4878,3.346e-12,2.394e-12,8.888e-13,0.0004,-1.52,0
LeftS106317,22.2058,36.9666,6.269e-16,5.076e-16,2.347e-16,0.0006,1.43,0
LeftS106318,20.9768,35.3934,2.107e-12,1.459e-12,4.934e-13,0.0004,-1.62,0
LeftS106319,20.9861,35.4140,2.047e-19,3.057e-19,4.937e-19,0.0008,-1.64,0
LeftS106320,22.2390,37.0262,5.623e-12,4.499e-12,2.074e-12,0.0008,1.45,1
LeftS106321,22.2725,37.0765,1.613e-15,1.176e-15,4.641e-16,0.0002,1.55,0
LeftS106322,22.2105,37.0510,6.038e-15,4.395e-15,1.678e-15,0.0,1.53,0
LeftS106323,22.2140,37.0667,1.843e-15,1.397e-15,6.087e-16,-0.0003,1.39,1
LeftS106324,22.2160,37.1057,2.187e-15,1.650e-15,6.685e-16,0.0012,1.47,0
LeftS106325,22.2267,37.1559,3.126e-18,3.905e-18,4.591e-18,-0.0001,1.4,0
LeftS106326,22.1846,37.1445,6.304e-18,7.280e-18,6.964e-18,-0.0003,1.44,0
LeftS106327,21.0469,35.3140,9.669e-18,1.012e-17,8.029e-18,0.0007,-1.67,0
LeftS106328,21.0597,35.2288,2.930e-15,2.104e-15,7.964e-16,-0.0,-1.65,0
LeftS106329,22.1621,37.1251,1.876e-14,1.297e-14,4.371e-15,0.0005,1.44,0
LeftS106330,22.1814,37.2096,2.204e-15,1.675e-15,6.992e-16,0.0,1.25,1
LeftS106331,21.1138,35.2787,4.475e-15,3.288e-15,1.239e-15,0.0008,-1.7,0
LeftS106332,21.0934,35.2404,1.913e-15,1.401e-15,5.345e-16,0.0009,-1.54,0
LeftS106333,22.1298,37.2408,5.264e-16,4.147e-16,1.875e-16,-0.0001,1.53,1
LeftS106334,22.1041,37.2162,2.262e-16,1.861e-16,8.952e-17,-0.0,1.25,0
LeftS106335,22.0994,37.1567,6.323e-17,1.117e-16,2.591e-16,0.0,1.38,0
LeftS106336,22.0865,37.2562,3.765e-17,3.516e-17,2.247e-17,0.0,1.42,0
LeftS106337,22.0728,37.2272,6.331e-16,4.972e-16,2.199e-16,-0.0001,1.37,1
LeftS106338,21.1986,35.1999,4.039e-15,2.927e-15,1.090e-15,0.0004,-1.61,0
LeftS106339,22.0430,37.2574,7.004e-13,9.033e-13,1.094e-12,-0.0001,1.26,0
LeftS106340,21.9982,37.2257,1.717e-16,3.036e-16,7.259e-16,0.0002,1.39,0
LeftS106341,21.2602,35.1971,3.064e-15,2.153e-15,7.872e-16,0.0006,-1.48,0
LeftS106343,21.9338,37.1855,4.298e-16,3.621e-16,1.824e-16,-0.0006,1.23,0
LeftS106344,21.9586,37.3225,1.033e-15,7.696e-16,3.058e-16,0.0008,1.08,0
LeftS106345,21.3260,35.2256,7.288e-17,1.095e-16,1.839e-16,0.0003,-1.47,0
LeftS106346,21.8826,37.2386,1.324e-15,9.921e-16,3.958e-16,-0.0003,0.97,0
LeftS106347,21.3909,35.2009,4.128e-16,3.288e-16,1.534e-16,0.001,-1.36,0
LeftS106348,21.3944,35.1836,1.856e-12,1.684e-12,1.017e-12,0.0,-1.32,1
LeftS106349,21.4174,35.1388,1.521e-16,1.298e-16,7.006e-17,-0.0003,-1.14,0
LeftS106350,21.4536,35.2398,1.969e-15,1.490e-15,5.931e-16,0.0002,-1.19,0
LeftS106351,21.7685,37.1822,4.889e-12,3.535e-12,1.327e-12,-0.0004,0.91,0
LeftS106352,21.5145,35.2330,5.420e-18,5.921e-18,5.102e-18,-0.0003,-1.25,0
LeftS106353,21.5442,35.2860,1.710e-17,1.715e-17,1.267e-17,-0.0001,-1.24,0
LeftS106355,21.6777,37.1731,2.801e-16,2.404e-16,1.226e-16,-0.0002,0.88,0
LeftS106356,21.6419,35.4185,5.588e-16,4.409e-16,2.084e-16,0.0003,-1.06,0
LeftS106357,21.6541,35.3372,1.094e-15,7.579e-16,2.736e-16,0.0002,-0.93,0
LeftS106358,21.6843,35.2823,1.059e-15,8.235e-16,3.631e-16,0.0005,-0.81,1
LeftS106359,21.7349,35.3453,1.036e-14,7.213e-15,2.634e-15,0.0007,-0.82,0
LeftS106360,21.5274,37.0615,2.513e-16,2.091e-16,1.057e-16,-0.0004,0.59,0
LeftS106361,21.7844,35.4196,2.879e-16,2.412e-16,1.204e-16,0.0013,-0.69,0
LeftS106362,21.3997,36.9593,2.566e-15,1.994e-15,8.717e-16,0.0002,0.5,0
LeftS106363,21.8662,35.5172,1.883e-16,3.172e-16,6.697e-16,0.0014,-0.75,0
LeftS106364,21.8761,35.4450,3.046e-19,4.241e-19,6.159e-19,0.0004,-0.56,0
LeftS106365,21.3433,36.9276,1.577e-15,1.190e-15,4.843e-16,-0.0004,0.38,0
LeftS106366,21.2638,36.8051,2.978e-17,5.694e-17,1.630e-16,0.0009,0.15,0
LeftS106367,21.9771,35.6034,4.838e-16,3.816e-16,1.671e-16,0.0004,-0.34,0
LeftS106368,21.2242,36.7747,5.195e-17,4.833e-17,3.068e-17,0.0013,0.11,0
LeftS106369,21.2162,36.7244,7.921e-17,7.217e-17,4.219e-17,0.0002,0.07,0
LeftS106370,22.0948,35.7082,2.136e-14,1.429e-14,4.694e-15,0.0001,-0.13,0
LeftS106371,21.1742,36.7133,8.905e-17,7.856e-17,4.502e-17,0.0003,-0.02,0
LeftS106372,22.1021,35.7474,5.879e-16,4.653e-16,2.023e-16,-0.0,-0.15,1
LeftS106373,21.0568,36.6134,2.768e-12,1.953e-12,6.973e-13,0.0003,-0.2,0
LeftS106374,22.2337,35.8982,3.714e-15,2.728e-15,1.052e-15,0.0009,0.12,0
LeftS106375,20.9792,36.5211,6.219e-15,4.465e-15,1.703e-15,-0.0004,-0.37,0
LeftS106376,22.2469,35.9229,5.294e-12,3.840e-12,1.424e-12,0.0003,0.14,0
LeftS106377,20.9079,36.3609,2.506e-16,2.200e-16,1.211e-16,0.0008,-0.49,0
LeftS106378,20.8874,36.3079,1.931e-16,1.629e-16,8.800e-17,0.0001,-0.45,0
LeftS106379,22.3232,36.1161,2.220e-15,1.631e-15,6.650e-16,0.0008,0.35,0
LeftS106380,20.8615,36.2409,5.080e-18,5.803e-18,5.568e-18,0.0,-0.7,0
LeftS106381,20.8325,36.2091,2.503e-17,4.146e-17,8.586e-17,0.0003,-0.79,0
LeftS106382,22.4692,36.3054,4.338e-16,3.495e-16,1.594e-16,-0.0002,0.63,0
LeftS106383,22.5149,36.3547,6.839e-17,6.209e-17,3.652e-17,0.0003,0.52,0
LeftS106384,22.5664,36.4485,5.828e-15,3.971e-15,1.376e-15,-0.0001,0.77,0
LeftS106385,22.6014,36.5012,9.646e-16,7.588e-16,3.362e-16,0.001,0.9,1
LeftS106386,20.7305,35.8966,3.360e-16,2.808e-16,1.433e-16,-0.0003,-0.98,0
LeftS106387,20.6583,35.8264,7.913e-15,5.667e-15,2.081e-15,0.0008,-1.18,0
LeftS106388,20.6582,35.7725,5.758e-16,4.516e-16,2.043e-16,0.0008,-1.19,1
LeftS106389,22.7178,36.7839,7.529e-16,5.854e-16,2.533e-16,0.0005,0.99,1
LeftS106390,20.5848,35.6215,6.734e-17,9.623e-17,1.473e-16,0.0008,-1.23,0
LeftS106391,22.6988,36.8796,3.374e-17,6.272e-17,1.617e-16,0.0003,1.19,0
LeftS106392,20.5915,35.5115,1.520e-17,1.500e-17,1.049e-17,-0.0001,-1.34,0
LeftS106393,22.6587,36.9866,1.004e-16,2.200e-16,7.891e-16,0.0008,1.05,0
LeftS106395,22.7070,37.1146,3.725e-12,2.649e-12,9.970e-13,0.0001,1.29,0
LeftS106396,20.5917,35.2885,8.937e-16,7.116e-16,3.325e-16,0.0002,-1.65,0
LeftS106397,20.5809,35.2228,1.131e-15,9.190e-16,4.308e-16,0.0006,-1.51,0
LeftS106398,22.6489,37.2571,2.610e-15,1.979e-15,8.239e-16,-0.0,1.24,1
LeftS106399,20.5829,35.0824,3.400e-14,2.315e-14,7.742e-15,0.0004,-1.64,0
LeftS106400,22.6628,37.3329,2.998e-15,2.237e-15,8.909e-16,0.0001,1.54,0
LeftS106401,22.5447,37.3734,2.888e-15,2.154e-15,8.626e-16,0.0,1.39,0
LeftS106402,20.6958,35.0604,2.878e-15,2.185e-15,9.051e-16,0.0002,-1.71,1
LeftS106403,20.6914,35.0293,1.943e-16,1.718e-16,9.677e-17,-0.0002,-1.66,0
LeftS106404,20.6968,34.9267,2.094e-15,1.534e-15,5.966e-16,-0.0,-1.77,0
LeftS106405,20.7542,34.9217,2.238e-16,1.869e-16,9.103e-17,0.0005,-1.78,0
LeftS106406,22.5039,37.6512,9.572e-15,6.807e-15,2.528e-15,-0.0004,1.46,0
LeftS106407,20.8356,34.9216,2.277e-15,1.708e-15,7.047e-16,0.0007,-1.67,0
LeftS106408,20.8364,34.8150,2.946e-16,2.374e-16,1.161e-16,0.0006,-1.61,0
LeftS106409,22.3631,37.7021,2.251e-12,1.672e-12,6.894e-13,0.0002,1.61,0
LeftS106410,20.9642,34.7444,2.991e-16,2.407e-16,1.091e-16,0.0011,-1.57,0
LeftS106411,22.2979,37.8059,3.079e-15,2.334e-15,9.306e-16,0.0008,1.48,0
LeftS106412,22.1747,37.6863,1.342e-16,1.198e-16,6.795e-17,-0.0002,1.34,0
LeftS106413,22.1652,37.7335,1.407e-17,1.447e-17,1.102e-17,0.0005,1.23,0
LeftS106414,22.0630,37.6305,3.528e-16,2.694e-16,1.190e-16,0.0011,1.26,0
LeftS106415,22.0131,37.7386,1.905e-15,1.407e-15,5.691e-16,0.0011,1.21,0
LeftS106416,21.3124,34.7727,2.372e-15,1.841e-15,7.990e-16,0.0003,-1.4,0
LeftS106417,22.2141,36.5847,5.417e-16,4.360e-16,2.002e-16,-0.0006,1.06,0
LeftS106418,22.1808,36.5557,1.073e-15,8.251e-16,3.584e-16,0.0005,0.95,1
LeftS106419,22.2204,36.5961,2.586e-19,3.684e-19,5.546e-19,0.0003,1.0,0
LeftS106420,21.0720,35.8738,6.781e-17,1.150e-16,2.483e-16,0.0009,-1.42,0
LeftS106422,21.0368,35.8105,3.064e-20,5.624e-20,1.395e-19,0.0005,-1.26,0
LeftS106423,21.0333,35.8350,1.251e-16,1.067e-16,5.452e-17,-0.0001,-1.26,0
LeftS106424,21.0497,35.8332,2.548e-12,1.750e-12,5.950e-13,0.0007,-1.25,0
LeftS106425,21.0297,35.8197,2.305e-15,1.686e-15,6.562e-16,0.0003,-1.18,0
LeftS106426,21.1136,35.8380,2.019e-16,1.699e-16,8.444e-17,0.0009,-1.3,0
LeftS106427,21.0021,35.7741,5.970e-20,9.910e-20,2.009e-19,0.0003,-1.46,0
LeftS106428,22.1916,36.6391,1.555e-17,1.610e-17,1.234e-17,-0.0001,1.09,0
LeftS106429,20.9623,35.7392,1.003e-15,8.021e-16,3.632e-16,0.0004,-1.2,0
LeftS106430,20.9883,35.7604,1.920e-12,1.309e-12,4.392e-13,0.0011,-1.46,0
LeftS106432,20.9812,35.7469,3.062e-12,2.143e-12,7.751e-13,0.0005,-1.35,0
LeftS106434,22.2460,36.7147,1.901e-16,1.642e-16,8.895e-17,0.0016,1.25,0
LeftS106436,21.0079,35.6819,1.527e-16,1.275e-16,6.501e-17,0.0005,-1.48,0
LeftS106437,21.0205,35.7106,4.418e-16,3.529e-16,1.678e-16,0.0005,-1.57,0
LeftS106438,22.2664,36.7449,1.811e-17,1.727e-17,1.134e-17,0.0006,1.21,0
LeftS106439,21.0101,35.6394,1.812e-16,1.587e-16,8.731e-17,-0.0002,-1.54,0
LeftS106440,22.3068,36.8158,4.581e-20,7.743e-20,1.673e-19,-0.0002,1.21,0
LeftS106441,22.3397,36.8402,2.395e-17,4.328e-17,1.063e-16,0.0015,1.28,0
LeftS106442,22.2224,36.7610,2.224e-16,1.801e-16,8.450e-17,0.0009,1.32,0
LeftS106444,22.2386,36.7848,7.801e-19,1.004e-18,1.182e-18,0.0001,1.26,0
LeftS106445,20.9614,35.6165,8.868e-17,8.002e-17,4.815e-17,-0.0001,-1.38,0
LeftS106447,22.1337,36.7670,6.356e-17,5.845e-17,3.456e-17,0.0002,1.29,0
LeftS106448,22.2103,36.8413,1.291e-16,1.099e-16,5.588e-17,-0.0,1.4,0
LeftS106449,20.8832,35.5667,4.390e-16,3.707e-16,1.840e-16,0.0011,-1.5,0
LeftS106450,20.9584,35.5302,9.267e-15,6.469e-15,2.322e-15,-0.0004,-1.58,0
LeftS106451,22.2506,36.8980,1.383e-16,1.160e-16,5.931e-17,0.0003,1.46,0
LeftS106455,20.9942,35.4993,1.653e-16,1.394e-16,7.148e-17,0.0004,-1.53,0
LeftS106456,21.0867,35.5578,8.772e-16,6.857e-16,3.041e-16,-0.0002,-1.58,1
LeftS106457,21.0818,35.5790,3.421e-17,6.352e-17,1.680e-16,-0.0001,-1.53,0
LeftS106459,21.0407,35.5505,8.124e-13,5.289e-13,1.608e-13,-0.0001,-1.55,0
LeftS106460,22.2454,36.9781,9.973e-19,1.243e-18,1.400e-18,0.001,1.51,0
LeftS106461,21.0391,35.4476,1.063e-20,2.111e-20,6.340e-20,0.0,-1.67,0
LeftS106462,21.0075,35.4663,5.270e-16,4.209e-16,2.021e-16,-0.0002,-1.52,0
LeftS106463,21.0280,35.5331,7.288e-19,1.009e-18,1.356e-18,0.0001,-1.65,0
LeftS106464,22.1968,36.9798,6.545e-17,1.214e-16,3.089e-16,-0.0007,1.44,0
LeftS106465,21.0356,35.5250,1.735e-18,2.113e-18,2.325e-18,0.0007,-1.53,0
LeftS106468,22.2581,37.0759,4.953e-16,9.651e-16,2.701e-15,-0.0002,1.47,0
LeftS106469,21.0551,35.3717,1.902e-16,1.594e-16,7.903e-17,0.0008,-1.66,0
LeftS106470,22.2289,37.0769,2.778e-17,5.637e-17,1.784e-16,-0.0002,1.5,0
LeftS106471,22.2358,37.1053,1.394e-16,3.028e-16,1.072e-15,0.0003,1.47,0
LeftS106473,22.1804,37.1042,1.112e-19,1.719e-19,3.047e-19,0.0004,1.51,0
LeftS106474,22.1916,37.1490,8.703e-16,6.724e-16,2.983e-16,0.0002,1.44,1
LeftS106475,21.0565,35.3545,6.883e-20,1.147e-19,2.363e-19,0.0006,-1.56,0
LeftS106476,21.1268,35.4020,2.334e-18,2.775e-18,2.799e-18,0.0001,-1.61,0
LeftS106477,22.1803,37.1811,1.241e-17,1.361e-17,1.178e-17,-0.0002,1.45,0
LeftS106478,22.1867,37.1316,1.252e-12,8.653e-13,2.928e-13,0.0006,1.44,0
LeftS106480,22.1183,37.1860,5.715e-16,4.905e-16,2.519e-16,0.0003,1.45,0
LeftS106481,21.1240,35.3010,9.566e-17,1.383e-16,2.133e-16,0.0016,-1.72,0
LeftS106482,22.0986,37.1144,1.033e-15,8.013e-16,3.527e-16,0.0001,1.43,1
LeftS106483,22.0908,37.0975,3.446e-16,2.896e-16,1.475e-16,0.0005,1.4,0
LeftS106485,22.0279,37.0502,5.578e-16,4.490e-16,2.143e-16,0.0008,1.41,0
LeftS106486,21.1973,35.3900,5.738e-16,4.566e-16,2.163e-16,0.0001,-1.6,0
LeftS106487,22.0414,37.1049,4.809e-18,5.225e-18,4.543e-18,-0.0003,1.5,0
LeftS106488,22.0676,37.3106,5.385e-16,4.415e-16,2.037e-16,0.0009,1.37,0
LeftS106489,22.0515,37.1292,3.840e-19,5.461e-19,8.278e-19,0.0002,1.47,0
LeftS106490,22.0729,37.2574,3.187e-18,3.844e-18,3.992e-18,-0.0,1.41,0
LeftS106491,22.0422,37.2068,4.452e-12,3.263e-12,1.300e-12,-0.0003,1.24,0
LeftS106492,22.0238,37.2528,7.398e-18,7.923e-18,6.773e-18,0.0002,1.36,0
LeftS106494,21.2422,35.2637,9.795e-17,9.085e-17,5.553e-17,0.0008,-1.37,0
LeftS106495,21.9867,37.1582,1.553e-19,2.445e-19,4.389e-19,-0.0003,1.46,0
LeftS106496,21.2480,35.2335,2.679e-15,1.956e-15,7.744e-16,-0.0001,-1.51,0
LeftS106497,21.9389,37.1909,1.258e-20,2.468e-20,7.188e-20,0.0009,1.22,0
LeftS106498,21.9359,37.0932,4.110e-18,4.780e-18,4.710e-18,0.0009,1.2,0
LeftS106499,21.9285,37.1366,1.015e-18,1.331e-18,1.657e-18,0.0005,1.22,0
LeftS106500,21.2964,35.2220,5.853e-19,7.537e-19,9.289e-19,0.001,-1.59,0
LeftS106501,21.8984,37.1178,9.118e-17,7.963e-17,4.347e-17,0.0008,1.23,0
LeftS106502,21.3780,35.3314,4.394e-12,3.180e-12,1.232e-12,-0.0006,-1.31,0
LeftS106503,21.8989,37.1677,6.094e-16,4.990e-16,2.403e-16,0.0001,1.32,0
LeftS106504,21.8696,37.1586,2.063e-16,1.597e-16,7.043e-17,0.001,1.24,0
LeftS106505,21.3625,35.2177,2.389e-16,3.860e-16,7.382e-16,0.0006,-1.24,0
LeftS106506,21.8405,37.1936,8.404e-15,5.972e-15,2.135e-15,0.0001,1.21,0
LeftS106508,21.4698,35.3648,2.394e-16,2.087e-16,1.136e-16,-0.0002,-1.13,0
LeftS106509,21.7953,37.2891,7.166e-19,9.393e-19,1.195e-18,0.001,1.07,0
LeftS106510,21.7472,37.1318,3.125e-16,2.650e-16,1.334e-16,0.0009,1.16,0
LeftS106512,21.4869,35.1855,3.739e-20,6.443e-20,1.434e-19,0.0004,-1.14,0
LeftS106513,21.7786,37.3211,4.664e-19,6.106e-19,7.818e-19,-0.0003,0.95,0
LeftS106514,21.7108,37.1571,1.059e-15,8.124e-16,3.356e-16,0.0016,0.94,1
LeftS106515,21.5958,35.4543,1.857e-17,1.953e-17,1.532e-17,0.0006,-1.03,0
LeftS106516,21.6875,37.2153,1.830e-16,3.084e-16,6.771e-16,0.0008,0.94,0
LeftS106517,21.6049,35.3016,8.344e-15,5.820e-15,2.076e-15,0.0009,-1.09,0
LeftS106519,21.6616,35.3650,2.142e-16,4.340e-16,1.357e-15,0.0001,-1.04,0
LeftS106521,21.5650,37.0735,1.076e-15,8.267e-16,3.481e-16,0.0007,0.58,1
LeftS106523,21.7902,35.5251,6.039e-17,5.764e-17,3.768e-17,0.0008,-0.61,0
LeftS106524,21.7966,35.4083,6.161e-18,6.812e-18,6.043e-18,0.0006,-0.84,0
LeftS106525,21.4518,36.9770,2.773e-16,2.337e-16,1.194e-16,0.0002,0.58,0
LeftS106526,21.8396,35.5188,1.365e-16,1.214e-16,7.142e-17,0.0003,-0.72,0
LeftS106527,21.7311,35.4238,7.966e-17,7.376e-17,4.321e-17,0.0012,-0.75,0
LeftS106528,21.4540,37.0278,3.738e-19,5.124e-19,7.039e-19,0.0008,0.64,0
LeftS106529,21.4490,36.9499,5.100e-16,4.140e-16,1.999e-16,0.0004,0.47,0
LeftS106530,21.8737,35.3555,8.260e-16,6.598e-16,3.093e-16,0.0004,-0.73,0
LeftS106531,21.8980,35.5554,1.976e-19,3.106e-19,5.860e-19,0.0001,-0.4,0
LeftS106532,21.3424,36.8742,4.072e-16,3.246e-16,1.536e-16,0.0007,0.17,0
LeftS106534,21.2026,36.8233,1.335e-20,2.559e-20,6.791e-20,0.0004,0.08,0
LeftS106535,21.2492,36.7622,6.038e-19,7.883e-19,9.851e-19,0.0004,0.13,0
LeftS106536,22.0910,35.7201,1.545e-16,1.287e-16,6.787e-17,0.0006,-0.24,0
LeftS106537,22.0651,35.6458,5.150e-16,4.177e-16,1.982e-16,0.0002,-0.34,0
LeftS106538,21.1751,36.7256,9.048e-17,1.741e-16,4.852e-16,0.0009,0.04,0
LeftS106540,21.0839,36.6485,2.033e-16,3.965e-16,1.126e-15,0.0006,-0.17,0
LeftS106541,22.0064,35.7494,7.388e-18,7.905e-18,6.750e-18,-0.0002,-0.29,0
LeftS106542,22.1567,35.8146,4.656e-20,7.815e-20,1.673e-19,-0.0001,-0.02,0
LeftS106543,22.2054,35.8999,6.380e-15,4.490e-15,1.650e-15,-0.0005,-0.03,0
LeftS106544,22.1950,35.9186,3.349e-18,3.877e-18,3.765e-18,0.0005,0.05,0
LeftS106545,20.9657,36.4624,3.654e-19,5.334e-19,8.397e-19,0.0003,-0.5,0
LeftS106546,22.2315,35.9298,2.200e-20,4.298e-20,1.247e-19,-0.0004,0.16,0
LeftS106547,22.3590,36.0611,1.037e-17,1.067e-17,7.953e-18,0.0001,0.43,0
LeftS106548,20.8244,36.2733,4.197e-17,7.605e-17,1.861e-16,0.0008,-0.57,0
LeftS106549,20.8431,36.3172,1.951e-16,1.654e-16,8.754e-17,0.0007,-0.69,0
LeftS106551,22.4095,36.2596,4.223e-16,3.361e-16,1.520e-16,0.0004,0.48,0
LeftS106552,20.8336,36.1772,5.410e-17,1.186e-16,4.366e-16,0.0012,-0.91,0
LeftS106553,22.6107,36.2955,1.420e-16,2.093e-16,3.319e-16,0.0007,0.59,0
LeftS106554,20.8293,36.1367,3.171e-12,3.079e-12,2.102e-12,0.0004,-0.91,1
LeftS106555,20.8318,36.1247,3.185e-16,2.542e-16,1.204e-16,-0.0002,-0.78,0
LeftS106556,20.7349,36.0390,5.241e-16,4.051e-16,1.759e-16,0.0006,-0.85,0
LeftS106557,22.5507,36.4321,9.258e-17,1.777e-16,5.207e-16,-0.0002,0.81,0
LeftS106558,22.4425,36.4308,7.850e-16,6.435e-16,3.108e-16,0.0003,0.73,0
LeftS106560,20.8574,35.9470,5.629e-17,1.022e-16,2.528e-16,-0.0,-0.98,0
LeftS106561,22.6871,36.6526,9.735e-17,8.822e-17,5.218e-17,0.0006,0.92,0
LeftS106562,22.5989,36.6295,3.293e-15,2.362e-15,9.084e-16,0.0006,0.94,0
LeftS106563,22.5813,36.6279,8.377e-17,7.564e-17,4.490e-17,0.0004,0.93,0
LeftS106564,20.5087,35.6736,7.079e-20,1.138e-19,2.160e-19,-0.0002,-1.27,0
LeftS106566,22.5285,36.7494,6.824e-18,7.483e-18,6.226e-18,-0.0004,1.2,0
LeftS106567,22.6910,36.8557,2.210e-17,2.215e-17,1.627e-17,0.0004,1.28,0
LeftS106569,22.8488,37.0392,1.753e-19,2.642e-19,4.417e-19,-0.0005,1.24,0
LeftS106571,22.6672,36.9811,5.517e-17,1.014e-16,2.546e-16,0.0006,1.34,0
LeftS106572,20.6490,35.3849,6.442e-18,6.777e-18,5.368e-18,0.0006,-1.54,0
LeftS106573,20.5933,35.3759,1.331e-15,9.896e-16,4.063e-16,0.0007,-1.51,0
LeftS106575,22.7855,37.2621,5.001e-19,7.035e-19,1.030e-18,-0.0002,1.4,0
LeftS106576,22.6829,37.2002,2.852e-12,2.709e-12,1.771e-12,-0.0005,1.34,1
LeftS106577,20.6664,35.1895,6.634e-18,7.080e-18,5.820e-18,-0.0002,-1.67,0
LeftS106578,22.5779,37.2240,5.856e-16,4.809e-16,2.406e-16,0.0,1.45,0
LeftS106581,22.6157,37.4399,3.879e-15,2.825e-15,1.103e-15,0.0003,1.56,0
LeftS106582,20.6808,35.0249,1.116e-15,8.987e-16,4.124e-16,0.0007,-1.73,0
LeftS106583,22.4992,37.4944,2.636e-16,2.268e-16,1.182e-16,0.0003,1.34,0
LeftS106585,22.5491,37.5885,2.063e-15,1.552e-15,6.341e-16,0.0007,1.61,0
LeftS106588,20.8369,34.8799,2.213e-17,2.185e-17,1.548e-17,0.0004,-1.74,0
LeftS106589,20.8709,34.8412,6.725e-16,5.027e-16,2.015e-16,0.0012,-1.68,0
LeftS106590,22.5147,37.7584,4.459e-17,7.540e-17,1.633e-16,-0.0004,1.63,0
LeftS106591,22.3365,37.6926,3.812e-16,3.061e-16,1.427e-16,0.0001,1.51,0
LeftS106592,22.3630,37.9546,8.881e-17,7.854e-17,4.425e-17,0.0005,1.24,0
LeftS106593,20.9261,34.8879,4.067e-15,2.877e-15,1.037e-15,0.0002,-1.54,0
LeftS106594,20.9935,34.7950,7.486e-17,1.669e-16,6.490e-16,0.0004,-1.53,0
LeftS106595,21.0115,34.6772,8.024e-13,5.500e-13,1.926e-13,0.0009,-1.5,0
LeftS106596,22.2244,37.8207,1.563e-16,1.308e-16,6.551e-17,0.0003,1.23,0
LeftS106597,21.1042,34.7397,5.405e-16,4.319e-16,2.027e-16,-0.0008,-1.64,0
LeftS106598,21.1452,34.7631,6.054e-18,6.484e-18,5.313e-18,0.0006,-1.55,0
LeftS106600,21.9785,37.5128,1.139e-12,7.815e-13,2.607e-13,-0.0001,1.19,0
LeftS106601,21.9529,37.5805,2.332e-15,1.725e-15,6.885e-16,0.0002,1.12,0
LeftS106602,21.3016,34.7204,1.970e-16,1.658e-16,8.546e-17,0.0007,-1.3,0
LeftS106603,21.3854,34.8497,3.331e-12,2.401e-12,9.183e-13,-0.0002,-1.24,0
LeftS106604,21.4933,35.0430,9.410e-18,9.866e-18,8.004e-18,0.0001,-1.12,0
LeftS106605,21.4592,34.8509,1.672e-17,1.796e-17,1.565e-17,0.0012,-1.01,0
LeftS106608,5.7453,12.8602,4.264e-16,3.309e-16,1.480e-16,0.0005,-7.58,1
LeftS106609,5.7910,12.8077,6.930e-19,8.638e-19,1.011e-18,-0.0003,-7.78,0
LeftS106610,6.9010,12.8985,2.129e-12,1.463e-12,4.978e-13,-0.0004,-11.23,0
LeftS106611,6.9028,12.7939,1.205e-19,1.837e-19,3.228e-19,0.0003,-11.33,0
LeftS106614,6.4949,13.0231,6.586e-18,6.768e-18,5.161e-18,-0.0004,-8.81,0
LeftS106615,6.6831,12.8593,1.183e-18,1.446e-18,1.568e-18,0.0008,-10.26,0
LeftS106616,6.4882,12.8332,9.883e-19,1.245e-18,1.370e-18,0.0017,-8.33,0
LeftS106618,6.8101,12.8753,1.093e-12,7.244e-13,2.401e-13,0.0008,-11.16,0
LeftS106621,6.4997,12.8355,1.129e-16,1.817e-16,3.406e-16,0.0012,-8.17,0
LeftS106626,6.6421,12.8299,1.053e-18,1.405e-18,1.780e-18,-0.0007,-9.08,0
LeftS106627,6.8791,12.7321,1.623e-20,2.953e-20,7.374e-20,0.001,-11.34,0
LeftS106628,6.8000,12.8420,6.698e-18,7.028e-18,5.568e-18,0.0002,-11.41,0
LeftS106629,6.4183,12.9088,7.051e-18,7.792e-18,6.723e-18,0.0005,-7.94,0
LeftS106634,6.7263,12.8967,1.920e-17,1.927e-17,1.358e-17,0.0007,-10.26,0
LeftS106635,6.3744,12.9226,1.742e-18,2.145e-18,2.395e-18,0.0,-8.12,0
LeftS106637,6.5435,12.9436,5.661e-17,1.041e-16,2.693e-16,0.0003,-8.92,0
LeftS106639,6.7735,12.8637,6.259e-20,1.025e-19,2.060e-19,0.0003,-11.26,0
LeftS106640,6.5268,12.8855,5.791e-20,9.316e-20,1.819e-19,0.0004,-8.2,0
LeftS106641,6.6704,12.8964,3.201e-20,5.424e-20,1.169e-19,-0.0006,-9.89,0
LeftS106642,6.7019,12.9199,2.187e-20,3.982e-20,1.022e-19,0.0006,-10.02,0
LeftS106644,6.9460,12.9525,8.204e-19,1.034e-18,1.211e-18,-0.0009,-10.9,0
LeftS106645,6.7025,12.8471,2.282e-18,2.728e-18,2.966e-18,-0.0001,-11.07,0
LeftS106646,6.6382,12.8699,1.271e-20,2.332e-20,5.936e-20,-0.0001,-8.38,0
LeftS106647,6.5984,12.8225,1.635e-18,2.075e-18,2.502e-18,0.0001,-8.35,0
LeftS106648,6.4192,12.7960,1.763e-19,2.793e-19,5.375e-19,0.0001,-8.35,0
LeftS106650,6.7389,12.8597,9.828e-18,1.125e-17,1.072e-17,0.0012,-11.22,0
LeftS106655,6.6401,12.8457,2.524e-20,4.602e-20,1.130e-19,-0.0006,-9.05,0
LeftS106658,6.6595,12.8023,9.804e-18,1.011e-17,7.962e-18,0.0005,-10.05,0
LeftS106659,6.6275,12.9391,8.802e-19,1.135e-18,1.330e-18,0.0003,-9.29,0
LeftS106660,6.6418,12.8940,1.844e-18,2.228e-18,2.324e-18,0.0005,-9.11,0
LeftS106662,6.7001,12.7940,3.363e-20,6.162e-20,1.532e-19,0.0006,-10.64,0
LeftS106663,7.2131,12.8585,2.572e-20,4.488e-20,1.052e-19,0.0009,-11.71,0
LeftS106664,6.6623,12.8189,1.175e-17,1.204e-17,9.310e-18,0.0011,-9.98,0
LeftS106665,6.6487,12.8374,5.692e-20,9.322e-20,1.923e-19,0.0007,-11.09,0
LeftS106666,6.8526,12.9096,6.718e-17,1.047e-16,1.843e-16,0.0006,-10.88,0
LeftS106667,6.5543,12.8271,1.259e-16,1.053e-16,5.168e-17,0.0003,-8.52,0
LeftS106668,6.6085,12.8399,2.706e-19,3.940e-19,6.234e-19,0.0005,-8.78,0
LeftS106669,6.6554,12.8753,1.161e-16,2.119e-16,5.192e-16,0.0012,-9.84,0
LeftS106673,6.4049,12.8720,1.714e-16,3.423e-16,1.045e-15,0.0008,-8.1,0
LeftS106674,6.5827,12.8261,2.364e-19,3.249e-19,4.726e-19,0.0001,-9.0,0
LeftS106677,6.5402,12.8057,3.018e-18,3.401e-18,3.169e-18,0.0006,-8.97,0
LeftS106680,6.7288,12.8186,8.935e-18,9.562e-18,7.845e-18,0.0006,-10.8,0
LeftS106682,6.3598,12.9657,1.020e-19,1.569e-19,2.682e-19,0.0002,-8.16,0
LeftS106683,6.5812,12.8159,1.506e-20,2.721e-20,6.650e-20,0.0001,-8.43,0
LeftS106684,6.6793,12.8532,1.883e-20,3.447e-20,8.524e-20,-0.0001,-10.55,0
LeftS106686,6.5525,12.8851,1.702e-18,2.035e-18,2.131e-18,0.0005,-8.62,0
LeftS106687,6.6813,12.8645,3.978e-19,5.236e-19,6.815e-19,0.0004,-10.59,0
LeftS106690,6.7650,12.8927,7.176e-13,4.796e-13,1.562e-13,0.0007,-10.41,0
LeftS106695,5.9002,13.0401,1.738e-19,2.683e-19,4.937e-19,-0.0002,-7.66,0
LeftS106697,6.4618,12.8118,2.162e-19,3.208e-19,5.160e-19,-0.0004,-8.16,0
LeftS106698,6.8769,12.8869,5.318e-12,4.131e-12,1.795e-12,0.0004,-10.96,1
LeftS106699,7.3630,12.9262,4.717e-20,7.805e-20,1.655e-19,0.0004,-11.38,0
LeftS106700,6.8022,12.8896,2.971e-18,3.618e-18,3.748e-18,0.0001,-10.91,0
LeftS106701,6.4630,12.9431,7.613e-20,1.301e-19,2.815e-19,-0.0004,-8.63,0
LeftS106706,6.6040,12.8069,3.514e-20,6.337e-20,1.591e-19,0.0011,-9.53,0
LeftS106708,6.6761,12.6315,7.043e-17,6.042e-17,3.344e-17,0.0002,-10.02,0
LeftS106709,6.8469,12.5386,1.584e-19,2.479e-19,4.302e-19,-0.0003,-10.27,0
LeftS106712,7.0514,12.5884,3.127e-12,2.411e-12,9.947e-13,0.0008,-11.14,1
LeftS106716,6.7028,12.7986,2.286e-18,2.602e-18,2.573e-18,0.0005,-10.42,0
LeftS106717,7.2506,12.7441,9.381e-20,1.471e-19,2.764e-19,0.0005,-11.95,0
LeftS106718,6.8477,12.8546,7.518e-19,9.376e-19,1.080e-18,0.0003,-11.01,0
LeftS106719,6.6096,12.9032,1.706e-19,2.543e-19,4.241e-19,-0.0002,-8.4,0
LeftS106720,6.5465,12.8533,7.263e-18,7.928e-18,6.984e-18,0.0005,-8.38,0
LeftS106721,6.7896,12.7556,1.372e-17,1.442e-17,1.123e-17,-0.0,-10.82,0
LeftS106724,6.7220,12.8013,2.196e-20,4.237e-20,1.144e-19,0.0007,-11.0,0
LeftS106725,6.6248,12.8562,8.441e-13,5.653e-13,1.835e-13,0.0009,-9.43,0
LeftS106726,6.4989,12.8936,8.371e-19,1.138e-18,1.521e-18,0.0007,-8.22,0
LeftS106727,6.7562,12.8506,7.751e-18,8.097e-18,6.422e-18,0.0003,-10.96,0
LeftS106728,6.6556,12.8561,1.558e-18,1.879e-18,1.952e-18,0.0008,-9.96,0
LeftS106729,6.5849,12.8887,8.153e-20,1.305e-19,2.576e-19,-0.0001,-8.67,0
LeftS106732,6.7693,12.8683,3.901e-17,3.540e-17,2.147e-17,0.0001,-11.27,0
LeftS106733,6.5032,12.6932,1.154e-18,1.453e-18,1.608e-18,0.0005,-9.32,0
LeftS106734,6.8204,12.9060,4.416e-20,7.523e-20,1.633e-19,0.0002,-10.93,0
LeftS106736,6.6631,12.8314,1.689e-17,1.795e-17,1.423e-17,0.0002,-11.22,0
LeftS106737,6.6546,12.8351,2.478e-20,4.516e-20,1.135e-19,0.0007,-10.29,0
LeftS106740,6.6322,12.8667,1.629e-17,1.611e-17,1.083e-17,0.0008,-9.14,0
LeftS106741,6.3655,12.7812,8.262e-19,1.052e-18,1.276e-18,0.0001,-8.31,0
LeftS106743,6.6592,12.8772,4.863e-18,5.523e-18,4.920e-18,0.0008,-10.91,0
LeftS106744,6.7303,12.9032,3.309e-18,4.014e-18,4.387e-18,0.0002,-10.83,0
LeftS106746,7.1968,12.8371,1.685e-16,2.266e-16,3.001e-16,0.0009,-11.82,0
LeftS106747,6.6184,12.8584,5.221e-20,8.547e-20,1.752e-19,-0.0007,-8.28,0
LeftS106748,6.7388,12.7325,2.343e-20,3.839e-20,7.766e-20,-0.0001,-10.27,0
LeftS106751,6.8573,12.9959,3.678e-20,6.713e-20,1.642e-19,0.0004,-10.51,0
LeftS106754,6.6460,12.8591,1.243e-20,2.491e-20,7.821e-20,0.0013,-9.74,0
LeftS106755,6.6358,12.8451,3.263e-17,3.001e-17,1.858e-17,0.0004,-8.3,0
LeftS106756,6.6744,12.8187,9.998e-18,1.053e-17,8.369e-18,0.0007,-11.16,0
LeftS106757,6.8091,12.9345,1.946e-20,3.592e-20,9.338e-20,0.0,-10.46,0
LeftS106758,6.5634,12.7985,1.562e-18,1.893e-18,2.074e-18,0.0006,-9.05,0
LeftS106762,6.6253,12.8189,1.289e-16,1.166e-16,6.738e-17,0.0006,-9.54,0
LeftS106764,6.8210,12.7742,1.489e-19,2.365e-19,4.441e-19,0.001,-11.41,0
LeftS106765,6.4501,12.9812,1.051e-20,2.174e-20,6.974e-20,0.0004,-8.18,0
LeftS106768,6.9044,12.6723,1.078e-16,1.923e-16,4.789e-16,-0.0002,-10.97,0
LeftS106770,6.6435,12.8347,5.275e-18,6.245e-18,6.381e-18,0.0008,-9.7,0
LeftS106775,6.6109,12.8776,1.565e-20,2.888e-20,7.744e-20,0.0004,-8.44,0
LeftS106777,6.7870,12.8985,4.864e-16,3.809e-16,1.688e-16,0.0003,-10.67,0
LeftS106778,6.8652,12.9086,1.370e-19,2.125e-19,3.827e-19,0.0013,-11.02,0
LeftS106779,5.6945,13.2786,1.772e-17,1.677e-17,1.094e-17,0.0004,-8.35,0
LeftS106781,6.6548,12.8513,1.196e-18,1.452e-18,1.565e-18,0.001,-9.87,0
LeftS106784,6.6100,12.8620,2.976e-19,3.979e-19,5.223e-19,-0.0,-8.6,0
LeftS106786,6.7083,12.8330,1.011e-16,2.139e-16,7.176e-16,-0.0008,-11.01,0
LeftS106790,6.6251,12.8722,1.736e-17,1.841e-17,1.510e-17,-0.0001,-8.27,0
LeftS106792,6.6059,12.8720,2.215e-20,4.121e-20,1.083e-19,0.0005,-8.86,0
LeftS106793,6.6544,12.7444,8.544e-17,7.951e-17,4.947e-17,0.0,-9.87,0
LeftS106794,6.5922,12.8448,5.966e-20,9.579e-20,1.791e-19,0.001,-8.43,0
LeftS106798,6.6466,12.8316,5.104e-18,5.380e-18,4.401e-18,0.0004,-9.8,0
LeftS106799,5.3626,12.9303,3.408e-12,2.401e-12,8.986e-13,0.0003,-7.78,0
LeftS106803,6.6855,12.8417,2.875e-19,3.818e-19,5.033e-19,0.0008,-11.03,0
LeftS106805,5.6020,13.0099,1.060e-19,1.675e-19,3.214e-19,-0.0,-7.62,0
LeftS106806,6.5430,12.8471,1.965e-18,2.378e-18,2.512e-18,-0.0001,-8.59,0
LeftS106808,6.5141,12.8205,6.780e-19,8.437e-19,9.796e-19,0.0001,-8.59,0
LeftS106812,6.5090,12.8843,4.678e-20,7.936e-20,1.735e-19,0.0007,-8.28,0
LeftS106813,5.1331,12.7944,5.384e-19,8.002e-19,1.280e-18,0.0001,-8.04,0
LeftS106815,6.6989,12.8257,1.294e-20,2.415e-20,6.266e-20,-0.0006,-10.58,0
LeftS106816,7.6977,12.7937,4.471e-20,7.531e-20,1.553e-19,-0.001,-11.88,0
LeftS106817,6.5089,12.8580,1.047e-19,1.720e-19,3.447e-19,0.0011,-8.13,0
LeftS106818,6.6564,12.8859,3.649e-19,4.924e-19,6.604e-19,0.001,-9.9,0
LeftS106823,6.8427,12.8796,5.783e-20,9.301e-20,1.732e-19,0.0002,-11.34,0
LeftS106824,6.7358,12.8466,2.781e-16,4.258e-16,7.345e-16,0.0002,-10.77,0
LeftS106826,6.6627,12.8408,1.050e-19,1.625e-19,2.866e-19,0.0001,-11.05,0
LeftS106829,6.6493,12.8648,1.594e-18,1.948e-18,2.140e-18,0.0001,-8.19,0
LeftS106833,6.8319,12.8704,1.081e-17,1.114e-17,8.206e-18,0.0,-11.22,0
LeftS106834,6.5763,12.6477,1.904e-16,3.846e-16,1.213e-15,0.0006,-7.93,0
LeftS106835,6.5388,12.9397,2.684e-16,2.140e-16,9.802e-17,0.0008,-8.49,0
LeftS106836,6.6520,12.9345,2.316e-18,2.955e-18,3.448e-18,0.0002,-8.75,0
LeftS106837,6.6936,12.6883,4.805e-19,6.567e-19,9.108e-19,-0.0001,-10.75,0
LeftS106840,6.7673,12.7280,6.139e-16,4.923e-16,2.282e-16,0.0001,-11.0,0
LeftS106843,6.4560,12.9055,1.479e-20,2.703e-20,6.761e-20,0.0004,-8.04,0
LeftS106844,6.6756,12.9320,7.794e-18,8.037e-18,6.340e-18,0.0004,-10.28,0
LeftS106846,6.6264,12.8668,6.954e-20,1.117e-19,2.240e-19,0.0005,-8.71,0
LeftS106847,6.7419,12.9092,2.827e-12,1.996e-12,7.294e-13,-0.0001,-10.45,0
LeftS106849,6.6327,12.8730,1.013e-19,1.577e-19,2.853e-19,0.0001,-9.39,0
LeftS106851,6.7045,12.8804,7.550e-18,8.183e-18,6.999e-18,0.0019,-10.1,0
LeftS106854,6.7790,12.8650,3.063e-19,4.727e-19,8.318e-19,-0.001,-11.34,0
LeftS106856,6.7921,12.9286,1.335e-16,1.091e-16,5.304e-17,-0.0008,-11.14,0
LeftS106857,6.8017,12.8688,1.134e-17,1.214e-17,1.024e-17,0.0,-11.39,0
LeftS106858,6.7624,12.8685,1.308e-16,2.362e-16,5.582e-16,0.0005,-10.85,0
LeftS106859,6.5846,12.7128,1.041e-17,1.077e-17,8.049e-18,0.0002,-8.26,0
LeftS106860,6.8182,12.7810,4.384e-17,4.075e-17,2.546e-17,0.0,-11.32,0
LeftS106861,6.6382,12.9062,3.086e-17,5.751e-17,1.484e-16,0.0007,-9.05,0
LeftS106862,6.8126,12.7686,2.376e-18,2.985e-18,3.466e-18,-0.0005,-11.57,0
LeftS106863,6.3835,12.9790,1.457e-17,1.458e-17,1.020e-17,0.0003,-7.88,0
LeftS106864,6.6642,12.8973,1.398e-17,1.413e-17,1.052e-17,-0.0003,-9.88,0
LeftS106866,6.7823,13.0501,5.486e-20,9.346e-20,2.028e-19,-0.0003,-10.72,0
LeftS106867,6.6944,12.8967,2.901e-19,4.021e-19,5.755e-19,0.001,-10.52,0
LeftS106868,6.7852,12.7582,3.048e-18,3.332e-18,2.762e-18,0.0001,-10.77,0
LeftS106869,6.6221,12.7516,1.926e-18,2.212e-18,2.068e-18,-0.0007,-9.54,0
LeftS106870,6.7846,12.7436,8.109e-19,1.087e-18,1.405e-18,-0.0001,-11.03,0
LeftS106872,6.7427,12.8432,1.030e-16,2.403e-16,9.715e-16,-0.0006,-10.73,0
LeftS106874,6.6574,12.9135,1.557e-19,2.355e-19,3.985e-19,0.0011,-9.72,0
LeftS106875,6.4937,12.9054,2.249e-17,2.301e-17,1.718e-17,0.001,-8.4,0
LeftS106878,6.5826,12.9251,9.172e-19,1.135e-18,1.263e-18,0.0009,-8.66,0
LeftS106879,6.8309,12.8525,8.685e-19,1.049e-18,1.119e-18,0.0005,-11.48,0
LeftS106880,6.7077,12.8087,8.040e-17,1.518e-16,4.034e-16,0.0004,-10.72,0
LeftS106881,6.7693,13.0856,4.400e-17,3.875e-17,2.259e-17,0.0002,-11.57,0
LeftS106882,6.5785,12.8554,6.798e-18,7.561e-18,6.888e-18,0.0006,-8.41,0
LeftS106883,6.5412,12.8730,4.447e-17,4.109e-17,2.511e-17,0.0002,-8.77,0
LeftS106885,6.6061,12.7796,7.167e-17,1.749e-16,7.995e-16,0.0012,-8.77,0
LeftS106887,6.5826,12.8424,1.479e-18,1.831e-18,2.065e-18,-0.0004,-8.5,0
LeftS106889,6.7050,12.7367,8.290e-17,1.600e-16,4.603e-16,0.0013,-10.67,0
LeftS106890,6.6161,12.7124,2.674e-19,3.858e-19,5.993e-19,-0.0006,-9.52,0
LeftS106891,6.7791,12.7376,7.800e-17,1.403e-16,3.468e-16,0.0005,-11.47,0
LeftS106892,6.7155,12.8892,2.144e-20,3.886e-20,9.289e-20,0.0,-11.03,0
LeftS106893,6.6849,13.0189,9.320e-18,9.878e-18,8.137e-18,0.0003,-11.25,0
LeftS106894,6.5762,12.8566,1.339e-19,1.997e-19,3.325e-19,-0.0006,-8.81,0
LeftS106895,6.6195,12.6859,1.379e-12,1.573e-12,1.475e-12,-0.0004,-9.34,0
LeftS106896,6.7820,12.8212,8.274e-17,7.367e-17,4.241e-17,0.0013,-11.04,0
LeftS106898,6.6363,12.7709,4.645e-19,6.079e-19,7.700e-19,0.0005,-9.8,0
LeftS106901,6.7513,12.7219,1.284e-18,1.611e-18,1.916e-18,-0.0001,-11.18,0
LeftS106902,6.6706,12.9945,8.236e-19,1.098e-18,1.421e-18,0.0007,-9.43,0
LeftS106903,6.4486,12.7330,9.416e-19,1.206e-18,1.455e-18,0.0006,-8.38,0
LeftS106904,6.8476,12.7724,5.177e-18,5.530e-18,4.605e-18,0.0006,-11.25,0
LeftS106905,6.6823,13.0073,1.805e-17,1.816e-17,1.322e-17,0.0001,-10.16,0
LeftS106908,6.6333,12.6663,1.414e-17,1.438e-17,1.104e-17,0.0005,-10.01,0
LeftS106909,6.7476,12.9377,8.367e-18,8.630e-18,6.826e-18,0.0,-11.03,0
LeftS106910,6.7115,12.8824,1.493e-12,1.034e-12,3.752e-13,0.0004,-10.33,0
LeftS106911,6.8316,12.7120,2.110e-17,2.036e-17,1.353e-17,0.0002,-11.37,0
LeftS106912,6.6107,13.0086,1.044e-17,1.091e-17,8.833e-18,0.0003,-8.31,0
LeftS106915,6.9066,12.8554,8.610e-17,1.613e-16,4.260e-16,0.0002,-11.3,0
LeftS106917,6.7280,13.0046,1.440e-20,2.890e-20,8.938e-20,0.0008,-10.55,0
LeftS106918,6.4834,12.7001,7.381e-20,1.192e-19,2.372e-19,0.0002,-7.88,0
LeftS106919,6.8057,12.7602,1.606e-18,2.078e-18,2.601e-18,-0.0006,-11.32,0
LeftS106921,6.6665,12.7180,3.593e-17,5.493e-17,9.191e-17,0.0006,-11.05,0
LeftS106923,6.5904,13.1409,2.067e-12,1.511e-12,5.549e-13,0.0005,-8.37,0
LeftS106925,6.5294,12.7851,2.182e-15,7.311e-15,6.272e-14,0.0,-8.2,0
LeftS106926,6.6491,12.7998,6.617e-17,1.238e-16,3.255e-16,-0.0,-9.96,0
LeftS106927,6.7064,12.6819,2.684e-17,4.200e-17,7.823e-17,0.0001,-11.04,0
LeftS106928,6.5274,12.7096,2.495e-19,3.539e-19,5.219e-19,0.0005,-8.83,0
LeftS106929,6.5354,12.9387,7.616e-19,1.000e-18,1.268e-18,-0.0004,-8.16,0
LeftS106930,6.9099,12.9324,3.934e-12,3.064e-12,1.348e-12,0.0012,-11.58,1
LeftS106931,6.7892,12.8683,9.741e-17,8.714e-17,5.076e-17,-0.0,-11.27,0
LeftS106932,6.6486,13.0757,1.288e-18,1.612e-18,1.857e-18,0.0005,-8.71,0
LeftS106933,6.8506,12.8908,2.502e-18,3.103e-18,3.451e-18,-0.0002,-11.41,0
LeftS106934,6.7132,12.8700,9.048e-20,1.425e-19,2.712e-19,-0.0001,-10.66,0
LeftS106935,6.6757,12.9203,2.137e-17,2.091e-17,1.403e-17,-0.0004,-10.36,0
LeftS106936,6.7713,12.8324,9.383e-19,1.196e-18,1.440e-18,-0.0002,-10.7,0
LeftS106937,6.7816,12.9062,5.524e-16,4.318e-16,1.915e-16,0.0003,-11.39,1
LeftS106939,6.8795,12.5792,3.213e-17,5.104e-17,9.638e-17,-0.0011,-11.81,0
LeftS106940,6.7048,12.8974,8.076e-20,1.342e-19,2.737e-19,0.0011,-10.83,0
LeftS106941,6.9069,12.8128,4.927e-12,3.970e-12,1.863e-12,0.0002,-11.67,1
LeftS106944,6.6471,12.8407,3.293e-20,5.743e-20,1.346e-19,-0.0003,-9.63,0
LeftS106945,6.4917,13.0575,4.031e-20,6.887e-20,1.515e-19,0.0006,-8.1,0
LeftS106946,6.5556,12.8890,8.584e-13,9.855e-13,9.464e-13,-0.0006,-8.42,0
LeftS106947,6.4384,12.7531,1.488e-20,2.836e-20,8.047e-20,0.0001,-7.9,0
LeftS106949,6.6852,12.8259,1.095e-19,1.815e-19,3.728e-19,-0.0007,-10.22,0
LeftS106951,6.5878,13.0119,1.456e-18,1.925e-18,2.471e-18,-0.0004,-7.96,0
LeftS106952,6.7129,12.9679,2.045e-16,1.713e-16,8.820e-17,0.0002,-11.06,0
LeftS106953,6.5757,12.8489,1.067e-16,9.052e-17,4.699e-17,0.0009,-8.83,0
LeftS106954,6.8031,12.7231,6.972e-19,9.980e-19,1.466e-18,0.0001,-11.09,0
LeftS106955,6.8190,12.9042,4.575e-12,3.343e-12,1.320e-12,0.0003,-11.18,0
LeftS106956,6.8182,12.8252,1.630e-18,2.168e-18,2.758e-18,0.001,-11.5,0
LeftS106958,6.5117,12.8012,5.009e-17,4.599e-17,2.843e-17,0.0009,-8.41,0
LeftS106959,6.5989,12.8193,1.624e-20,3.094e-20,8.470e-20,0.0012,-9.36,0
LeftS106960,6.6732,12.7975,8.070e-20,1.378e-19,3.015e-19,0.0001,-10.18,0
LeftS106961,6.6737,12.9109,6.344e-17,1.085e-16,2.414e-16,0.0008,-10.06,0
LeftS106963,6.5430,12.8694,2.860e-18,3.124e-18,2.687e-18,-0.0002,-8.33,0
LeftS106964,6.8159,12.7420,4.769e-18,5.312e-18,5.008e-18,0.0009,-11.45,0
LeftS106966,6.4625,12.8197,3.706e-17,6.136e-17,1.240e-16,-0.0002,-8.14,0
LeftS106967,6.6272,12.8643,7.698e-18,9.311e-18,9.722e-18,-0.0003,-9.53,0
LeftS106968,6.5761,12.8805,1.090e-15,7.765e-16,2.959e-16,0.0004,-8.59,0
LeftS106969,6.7577,12.7848,5.899e-18,6.805e-18,6.417e-18,-0.0,-11.17,0
LeftS106970,6.7715,12.8233,2.710e-18,3.075e-18,2.950e-18,0.0,-11.23,0
LeftS106971,6.5188,12.9115,1.207e-19,1.891e-19,3.501e-19,0.0006,-8.2,0
LeftS106972,6.6781,12.8017,2.902e-16,2.474e-16,1.360e-16,-0.0002,-10.36,0
LeftS106973,6.7308,12.8008,2.209e-18,2.761e-18,3.146e-18,0.0002,-10.76,0
LeftS106977,6.7662,12.8325,6.894e-17,6.105e-17,3.440e-17,0.0002,-11.16,0
LeftS106979,6.7375,12.8032,1.668e-20,2.944e-20,6.971e-20,0.0005,-11.04,0
LeftS106980,6.5714,12.8766,4.448e-17,8.499e-17,2.300e-16,0.0002,-8.71,0
LeftS106982,6.5323,12.9313,6.238e-19,8.106e-19,1.013e-18,-0.0006,-8.43,0
LeftS106983,6.7798,12.8022,4.722e-12,4.199e-12,2.446e-12,0.0011,-11.29,1
LeftS106984,6.7757,12.8677,1.266e-17,1.347e-17,1.097e-17,0.0004,-11.32,0
LeftS106985,6.5010,12.8590,3.698e-16,7.296e-16,2.146e-15,0.0003,-8.16,0
LeftS106986,6.6358,12.9380,4.643e-17,7.160e-17,1.305e-16,0.0008,-9.48,0
LeftS106987,6.7559,12.7978,2.964e-17,2.919e-17,2.087e-17,0.0006,-11.03,0
LeftS106988,6.5508,12.9130,9.408e-18,9.585e-18,7.221e-18,0.001,-8.71,0
LeftS106989,6.8446,12.7582,8.361e-18,8.921e-18,7.444e-18,-0.0003,-11.13,0
LeftS106990,6.4953,12.8980,2.556e-20,4.467e-20,1.047e-19,0.0003,-8.33,0
LeftS106991,6.7857,12.7984,6.912e-17,1.522e-16,5.410e-16,-0.0,-11.28,0
LeftS106992,6.5211,12.9500,2.959e-17,5.973e-17,1.855e-16,0.0007,-8.45,0
LeftS106993,6.4789,12.9174,4.885e-20,7.760e-20,1.486e-19,-0.0001,-8.41,0
LeftS106995,6.7377,12.8155,1.174e-16,2.048e-16,4.621e-16,-0.0002,-11.16,0
LeftS106996,6.5330,12.8938,1.220e-16,2.078e-16,4.473e-16,0.0003,-8.25,0
LeftS106997,6.7798,12.8305,1.153e-17,1.207e-17,9.341e-18,-0.0004,-11.12,0
LeftS106998,6.5071,12.9207,3.423e-18,4.006e-18,3.864e-18,0.0004,-8.32,0
LeftS106999,6.5067,12.8931,9.403e-17,8.485e-17,4.853e-17,-0.0,-8.31,0
LeftS107001,6.5540,12.8838,2.048e-19,3.156e-19,5.726e-19,0.0007,-8.78,0
LeftS107003,6.7774,12.7968,3.650e-17,3.404e-17,2.104e-17,0.0,-11.14,0
LeftS107005,6.7536,12.7980,7.468e-20,1.180e-19,2.205e-19,0.0008,-10.78,0
LeftS107006,6.5658,12.9176,8.164e-17,1.373e-16,2.926e-16,0.0004,-8.83,0
LeftS107007,6.5285,12.8817,3.380e-17,3.213e-17,2.132e-17,-0.0004,-8.4,0
LeftS107008,6.7957,12.8176,1.547e-20,2.934e-20,7.856e-20,-0.0008,-11.18,0
LeftS107009,6.7210,12.8224,1.878e-18,2.265e-18,2.355e-18,0.0004,-10.61,0
LeftS107011,6.5803,12.9071,1.032e-16,9.067e-17,4.970e-17,-0.0001,-8.56,0
LeftS107013,6.6989,12.7922,8.234e-20,1.329e-19,2.509e-19,0.0003,-10.64,0
LeftS107015,6.5299,12.8822,2.761e-20,5.083e-20,1.292e-19,0.0001,-8.41,0
LeftS107016,6.6995,12.7875,1.216e-20,2.332e-20,6.571e-20,0.0005,-10.59,0
LeftS107017,6.5359,12.8875,3.663e-17,6.623e-17,1.576e-16,0.0003,-8.42,0
LeftS107018,6.7248,12.8321,2.093e-19,3.167e-19,5.527e-19,0.0008,-10.77,0
LeftS107019,6.5215,12.8734,3.188e-15,2.246e-15,8.165e-16,0.0008,-8.55,0
LeftS107020,6.8068,12.8052,1.574e-17,1.547e-17,1.039e-17,0.0004,-11.19,0
LeftS107021,6.5125,12.9001,2.353e-16,1.961e-16,9.656e-17,-0.0002,-8.49,0
LeftS107022,6.7853,12.7905,5.422e-19,7.357e-19,9.764e-19,0.0002,-11.12,0
LeftS107023,6.7685,12.8033,8.500e-18,9.260e-18,7.884e-18,0.0009,-11.14,0
LeftS107026,6.4480,12.9105,6.131e-17,1.002e-16,1.986e-16,0.0,-8.14,0
LeftS107027,6.7939,12.8034,1.230e-19,1.935e-19,3.632e-19,-0.0001,-11.36,0
LeftS107030,6.7873,12.7903,1.756e-12,1.241e-12,4.476e-13,0.0009,-11.26,0
LeftS107031,6.8094,12.8143,3.105e-20,5.429e-20,1.225e-19,0.0003,-11.23,0
LeftS107032,6.4008,12.9435,3.320e-17,5.661e-17,1.269e-16,-0.0001,-8.08,0
LeftS107033,6.4660,12.9488,2.061e-17,3.848e-17,9.722e-17,0.0008,-8.3,0
LeftS107035,6.7912,12.7880,6.482e-19,8.320e-19,1.004e-18,-0.0002,-11.07,0
LeftS107037,6.4806,12.9134,2.913e-20,5.290e-20,1.248e-19,-0.0,-8.1,0
LeftS107040,6.4843,12.9190,6.625e-19,8.985e-19,1.182e-18,0.0008,-8.27,0
LeftS107041,6.5042,12.9198,7.159e-16,5.566e-16,2.484e-16,0.0008,-8.59,1
LeftS107044,6.4480,12.9248,1.921e-20,3.633e-20,1.005e-19,-0.0001,-8.14,0
LeftS107045,6.7786,12.7860,8.594e-17,7.630e-17,4.320e-17,0.0008,-11.07,0
LeftS107047,6.4724,12.8953,2.278e-16,3.659e-16,7.120e-16,0.0008,-8.17,0
LeftS107049,6.4934,12.9463,7.582e-20,1.198e-19,2.236e-19,0.0002,-8.49,0
LeftS107050,6.4750,12.9141,7.368e-18,8.063e-18,6.732e-18,0.0006,-8.37,0
LeftS107051,6.8430,12.8149,1.277e-16,1.965e-16,3.482e-16,-0.0005,-11.27,0
LeftS107052,6.7909,12.7748,4.193e-16,3.394e-16,1.593e-16,0.0004,-11.17,0
LeftS107053,6.8319,12.7990,1.791e-20,3.478e-20,9.963e-20,-0.0,-11.28,0
LeftS107054,6.4643,12.9342,1.173e-20,2.235e-20,6.153e-20,0.0002,-8.38,0
LeftS107056,6.8100,12.8062,9.898e-19,1.231e-18,1.409e-18,-0.0007,-11.11,0
LeftS107057,6.8146,12.7758,3.858e-17,3.509e-17,2.089e-17,0.0005,-11.22,0
LeftS107058,6.5152,12.9130,2.989e-16,2.471e-16,1.191e-16,0.0001,-8.34,0
LeftS107059,6.8030,12.7762,2.219e-18,2.760e-18,3.044e-18,-0.0009,-11.06,0
LeftS107060,6.4733,12.8884,6.833e-16,5.252e-16,2.232e-16,0.0004,-8.15,1
LeftS107061,6.5078,12.9268,1.063e-17,1.090e-17,8.562e-18,-0.0,-8.62,0
LeftS107062,6.4821,12.9511,2.414e-20,4.411e-20,1.079e-19,0.001,-8.48,0
LeftS107063,6.8326,12.8271,4.081e-18,4.775e-18,4.680e-18,-0.0011,-11.41,0
LeftS107064,6.5148,12.8967,8.389e-17,1.824e-16,6.465e-16,-0.0002,-8.51,0
LeftS107066,6.4281,12.9306,4.551e-17,4.256e-17,2.691e-17,0.0013,-8.13,0
LeftS107067,6.7927,12.8037,1.292e-18,1.523e-18,1.568e-18,0.0,-11.29,0
LeftS107069,6.4452,12.9153,1.117e-18,1.345e-18,1.421e-18,-0.0001,-8.2,0
LeftS107070,6.4388,12.9346,8.592e-17,7.714e-17,4.582e-17,0.0005,-8.25,0
LeftS107073,6.8412,12.7673,4.131e-17,3.755e-17,2.297e-17,0.0011,-11.4,0
LeftS107075,6.8149,12.7770,1.370e-15,1.047e-15,4.474e-16,-0.0009,-11.09,1
LeftS107076,6.4309,12.9439,2.176e-18,2.642e-18,2.868e-18,0.0006,-8.21,0
LeftS107078,6.7422,12.7819,7.388e-18,7.902e-18,6.732e-18,0.0005,-10.77,0
LeftS107080,6.5138,12.9410,3.614e-19,4.775e-19,5.902e-19,0.0003,-8.27,0
LeftS107081,6.4236,12.9482,3.385e-18,3.937e-18,3.934e-18,0.0005,-8.2,0
LeftS107083,6.5479,12.8649,8.251e-17,7.200e-17,4.113e-17,-0.0005,-8.59,0
LeftS107084,6.8282,12.7937,3.168e-17,2.956e-17,1.868e-17,-0.0001,-11.04,0
LeftS107085,6.8065,12.7999,7.520e-19,9.893e-19,1.243e-18,0.0004,-11.25,0
LeftS107086,6.8502,12.7841,2.069e-20,3.739e-20,8.997e-20,0.0006,-11.36,0
LeftS107087,6.4816,12.9268,1.115e-20,1.969e-20,4.604e-20,0.0006,-8.4,0
LeftS107088,6.8295,12.7733,2.903e-18,3.584e-18,3.975e-18,0.0004,-11.29,0
LeftS107092,6.8280,12.7827,9.465e-19,1.244e-18,1.613e-18,-0.0007,-11.27,0
LeftS107093,6.8193,12.7664,1.837e-16,1.528e-16,7.650e-17,0.0003,-11.02,0
LeftS107094,6.4103,12.9248,2.159e-19,3.382e-19,6.140e-19,0.0,-8.08,0
LeftS107096,6.8237,12.7965,2.119e-18,2.461e-18,2.523e-18,0.0,-10.96,0
LeftS107097,6.8808,12.7789,1.506e-16,1.265e-16,6.619e-17,0.0009,-11.24,0
LeftS107098,6.4979,12.9330,4.050e-17,3.746e-17,2.280e-17,0.0009,-8.46,0
LeftS107099,6.4192,12.9494,3.944e-17,6.483e-17,1.337e-16,-0.0002,-8.22,0
LeftS107103,6.9002,12.7702,7.737e-16,5.923e-16,2.532e-16,-0.0001,-11.51,1
LeftS107104,6.9009,12.7804,1.348e-17,1.428e-17,1.120e-17,-0.0008,-11.33,0
LeftS107105,6.8857,12.7783,4.669e-19,6.694e-19,1.009e-18,0.0006,-11.31,0
LeftS107106,6.8513,12.7856,4.336e-20,7.569e-20,1.782e-19,0.0004,-11.22,0
LeftS107108,6.4090,12.9496,4.998e-20,8.149e-20,1.617e-19,0.0008,-8.21,0
LeftS107111,6.8456,12.7862,2.160e-20,3.891e-20,9.474e-20,0.0,-11.14,0
LeftS107112,6.4387,12.9099,7.903e-18,8.538e-18,7.238e-18,0.0003,-8.19,0
LeftS107113,6.4094,12.9618,1.912e-16,4.957e-16,2.530e-15,0.0002,-8.23,0
LeftS107115,6.8799,12.7567,1.609e-18,1.958e-18,2.122e-18,0.0011,-11.33,0
LeftS107116,6.8689,12.7799,2.508e-17,2.507e-17,1.842e-17,0.0008,-11.36,0
LeftS107117,6.4699,12.9309,2.197e-18,2.518e-18,2.417e-18,0.0004,-8.33,0
LeftS107118,6.8639,12.7596,2.886e-17,2.791e-17,1.848e-17,0.0005,-11.25,0
LeftS107121,6.4277,12.9484,1.159e-16,2.241e-16,6.597e-16,-0.0007,-8.21,0
LeftS107123,6.3830,12.9443,1.500e-18,1.863e-18,2.098e-18,0.0002,-8.16,0
LeftS107125,6.9073,12.7916,3.300e-18,3.889e-18,3.903e-18,-0.0002,-11.45,0
LeftS107126,6.8856,12.7476,3.065e-12,2.172e-12,8.003e-13,0.0,-11.09,0
LeftS107127,6.4448,12.9331,2.633e-20,4.977e-20,1.296e-19,0.0006,-8.41,0
LeftS107130,6.3889,12.9886,1.646e-18,2.037e-18,2.289e-18,0.0005,-8.32,0
LeftS107132,6.4106,12.9274,1.779e-20,3.325e-20,8.816e-20,0.0,-8.11,0
LeftS107133,6.3784,12.9134,2.325e-19,3.544e-19,6.003e-19,0.0003,-8.21,0
LeftS107134,6.3888,12.9441,1.419e-19,2.237e-19,4.278e-19,0.0004,-8.1,0
LeftS107135,6.9683,12.7471,5.510e-17,5.102e-17,3.222e-17,0.0008,-11.45,0
LeftS107136,6.8819,12.8003,1.974e-16,1.655e-16,8.149e-17,0.0009,-11.42,0
LeftS107137,6.3246,12.9865,3.816e-18,4.294e-18,3.926e-18,0.0003,-8.18,0
LeftS107138,6.8999,12.7822,2.447e-19,3.601e-19,5.764e-19,-0.0,-11.4,0
LeftS107139,6.3913,12.9748,7.267e-16,5.886e-16,2.646e-16,0.0,-8.3,1
LeftS107140,6.9574,12.7652,8.350e-19,1.090e-18,1.402e-18,-0.0004,-11.53,0
LeftS107141,6.9001,12.7629,9.930e-18,1.049e-17,8.598e-18,0.0001,-11.2,0
LeftS107142,6.9711,12.7167,6.485e-17,9.775e-17,1.682e-16,-0.0004,-11.48,0
LeftS107143,6.8470,12.7518,5.420e-17,4.820e-17,2.707e-17,0.0002,-11.06,0
LeftS107146,6.8562,12.7772,2.294e-15,1.721e-15,7.055e-16,0.0008,-11.09,0
LeftS107147,6.3516,12.9403,4.284e-16,9.034e-16,3.015e-15,0.0013,-8.12,0
LeftS107151,6.3743,13.0065,8.826e-18,9.075e-18,6.833e-18,0.0007,-8.27,0
LeftS107155,6.9357,12.7482,1.541e-16,3.368e-16,1.281e-15,0.0003,-11.26,0
LeftS107156,6.3321,12.9914,1.414e-17,1.391e-17,1.003e-17,-0.0001,-8.2,0
LeftS107158,6.3858,12.9942,3.239e-16,2.497e-16,1.077e-16,0.0007,-8.39,0
LeftS107159,6.2956,13.0164,1.068e-16,9.163e-17,4.887e-17,0.0006,-8.14,0
LeftS107160,6.4107,12.9267,1.813e-18,2.170e-18,2.340e-18,0.0004,-8.37,0
LeftS107161,6.9822,12.7895,1.280e-16,1.057e-16,5.253e-17,-0.0004,-11.45,0
LeftS107162,6.9571,12.7620,3.646e-12,2.601e-12,9.547e-13,-0.0,-11.48,0
LeftS107163,6.9332,12.7362,3.669e-18,4.183e-18,3.974e-18,0.0006,-11.24,0
LeftS107164,6.2996,12.9824,3.860e-18,4.494e-18,4.378e-18,0.001,-8.11,0
LeftS107166,6.9610,12.7238,3.093e-12,2.263e-12,8.917e-13,-0.0002,-11.37,0
LeftS107167,6.9444,12.7427,7.438e-19,9.865e-19,1.300e-18,0.0002,-11.38,0
LeftS107169,6.9616,12.7555,1.239e-17,1.245e-17,9.018e-18,0.0001,-11.44,0
LeftS107170,6.8840,12.7536,6.209e-16,4.737e-16,1.977e-16,-0.0002,-11.23,1
LeftS107171,6.9824,12.7124,2.960e-17,2.854e-17,1.946e-17,0.0,-11.43,0
LeftS107172,6.3384,12.9650,5.151e-18,5.620e-18,4.792e-18,0.001,-8.14,0
LeftS107174,6.2853,13.0142,1.236e-15,9.549e-16,4.078e-16,-0.0003,-8.03,1
LeftS107175,6.9840,12.7248,2.377e-12,1.673e-12,5.907e-13,0.0004,-11.39,0
LeftS107176,6.9913,12.7701,6.030e-19,7.814e-19,9.826e-19,0.0002,-11.38,0
LeftS107177,6.2968,12.9766,3.658e-18,3.933e-18,3.285e-18,0.0004,-8.1,0
LeftS107179,6.3854,12.9616,1.458e-16,1.209e-16,6.289e-17,0.0002,-8.28,0
LeftS107180,6.3027,12.9723,7.104e-17,6.893e-17,4.584e-17,-0.0002,-8.1,0
LeftS107181,6.9581,12.7078,1.263e-15,3.887e-15,2.781e-14,-0.0001,-11.18,0
LeftS107182,6.9712,12.7298,1.464e-16,2.594e-16,5.929e-16,-0.0003,-11.29,0
LeftS107183,6.3321,12.9708,3.591e-18,3.842e-18,3.179e-18,0.0009,-8.24,0
LeftS107184,6.9540,12.7458,1.051e-18,1.357e-18,1.690e-18,-0.0005,-11.24,0
LeftS107186,7.0289,12.6692,1.538e-16,1.326e-16,7.157e-17,0.0005,-11.46,0
LeftS107187,6.3059,12.9622,5.350e-16,4.221e-16,1.910e-16,-0.0001,-8.06,0
LeftS107188,6.2729,13.0227,4.168e-19,5.888e-19,8.820e-19,-0.0001,-8.19,0
LeftS107189,6.2620,13.0156,9.204e-18,9.949e-18,8.230e-18,0.0004,-8.07,0
LeftS107190,6.3381,12.9494,4.676e-18,5.189e-18,4.775e-18,0.0001,-8.32,0
LeftS107191,6.3436,12.9489,1.205e-18,1.538e-18,1.892e-18,0.0005,-8.13,0
LeftS107192,7.0045,12.6987,1.956e-17,1.906e-17,1.278e-17,0.0003,-11.37,0
LeftS107193,6.9947,12.7195,8.169e-17,7.323e-17,4.097e-17,-0.0003,-11.42,0
LeftS107194,6.6497,12.8538,2.997e-12,2.113e-12,7.927e-13,0.0003,-5.05,0
LeftS107195,6.6503,12.8536,1.999e-12,1.406e-12,5.120e-13,-0.0003,-9.08,0
LeftS107196,6.6501,12.8544,1.007e-14,7.249e-15,2.669e-15,-0.0005,-3.34,0
LeftS107197,6.9889,12.7384,2.430e-14,1.679e-14,5.780e-15,-0.0007,-11.42,0
LeftS107198,6.9835,12.7265,7.415e-16,5.818e-16,2.598e-16,0.0,-11.48,1
LeftS107199,6.3099,12.9815,8.440e-13,5.655e-13,1.834e-13,0.0004,-8.11,0
LeftS107200,7.0087,12.7182,8.502e-16,2.518e-15,1.704e-14,0.0007,-11.41,0
LeftS107201,6.3063,12.9871,6.391e-15,4.594e-15,1.702e-15,-0.0007,-8.2,0
LeftS107202,6.9855,12.7080,2.526e-12,1.846e-12,6.895e-13,-0.0,-11.37,0
LeftS107203,6.3093,13.0105,1.987e-16,1.649e-16,8.179e-17,-0.0001,-8.2,0
LeftS107204,6.3249,12.9924,3.347e-17,2.873e-17,1.602e-17,0.0,-8.22,0
LeftS107205,6.9614,12.7289,1.230e-15,9.908e-16,4.646e-16,-0.0002,-11.34,0
LeftS107206,6.3380,12.9900,6.408e-16,4.975e-16,2.097e-16,0.0002,-8.29,1
LeftS107208,6.9610,12.7196,4.056e-12,3.484e-12,1.801e-12,0.0006,-11.24,1
LeftS107209,6.3533,12.9970,3.499e-17,7.770e-17,2.974e-16,0.0008,-8.35,0
LeftS107210,6.3461,13.0030,3.535e-15,2.542e-15,9.506e-16,0.001,-8.36,0
LeftS107211,6.9372,12.7041,2.071e-14,1.396e-14,4.598e-15,0.0004,-11.12,0
LeftS107212,6.3600,12.9968,1.916e-15,1.371e-15,5.141e-16,0.0006,-8.48,0
LeftS107213,6.3693,13.0027,1.218e-16,1.026e-16,5.388e-17,0.0002,-8.44,0
LeftS107214,6.3777,13.0143,1.673e-16,1.427e-16,7.487e-17,-0.0001,-8.48,0
LeftS107215,6.3793,13.0054,1.669e-15,1.229e-15,4.680e-16,-0.0,-8.51,0
LeftS107216,6.9050,12.7013,7.856e-17,1.376e-16,3.116e-16,0.0005,-10.94,0
LeftS107217,6.3637,13.0074,4.903e-17,4.393e-17,2.573e-17,0.0005,-8.49,0
LeftS107218,6.3795,13.0176,2.054e-15,1.570e-15,6.544e-16,0.0003,-8.66,0
LeftS107219,6.9189,12.6823,1.099e-14,7.856e-15,2.913e-15,0.0004,-10.96,0
LeftS107220,6.9145,12.6923,1.423e-15,1.054e-15,4.033e-16,0.0007,-10.93,0
LeftS107221,6.4065,13.0242,1.140e-16,1.106e-16,7.240e-17,0.001,-8.66,0
LeftS107222,6.8954,12.6791,4.585e-15,3.234e-15,1.200e-15,0.0006,-10.79,0
LeftS107223,6.8646,12.6852,1.971e-16,1.574e-16,7.236e-17,-0.0002,-10.8,0
LeftS107224,6.4328,13.0113,2.322e-15,1.631e-15,6.035e-16,0.0004,-8.78,0
LeftS107225,6.8474,12.6893,1.494e-15,1.138e-15,4.768e-16,-0.0003,-10.66,1
LeftS107226,6.4675,13.0128,7.496e-17,1.731e-16,7.219e-16,0.0005,-8.95,0
LeftS107227,6.7924,12.6898,1.740e-15,1.335e-15,5.542e-16,0.0004,-10.45,1
LeftS107228,6.8383,12.6828,1.274e-15,9.635e-16,3.879e-16,0.0002,-10.64,0
LeftS107229,6.4935,13.0115,1.528e-15,1.110e-15,4.246e-16,-0.0005,-8.98,0
LeftS107230,6.7951,12.6827,6.005e-15,4.285e-15,1.630e-15,0.0003,-10.41,0
LeftS107231,6.5023,13.0327,8.542e-19,1.213e-18,1.786e-18,0.0005,-9.01,0
LeftS107232,6.8009,12.6700,7.016e-16,5.344e-16,2.350e-16,0.0013,-10.45,1
LeftS107233,6.7568,12.6951,4.929e-16,3.992e-16,1.939e-16,0.0002,-10.26,0
LeftS107235,6.5560,13.0215,8.141e-16,6.197e-16,2.617e-16,0.0004,-9.29,1
LeftS107236,6.7375,12.6869,2.897e-14,1.943e-14,6.149e-15,-0.0001,-10.15,0
LeftS107237,6.7101,12.6762,5.557e-17,5.232e-17,3.276e-17,-0.0004,-10.06,0
LeftS107238,6.7082,12.6838,2.386e-16,1.994e-16,9.958e-17,0.0005,-10.17,0
LeftS107239,6.6616,12.7004,1.973e-16,5.264e-16,2.841e-15,-0.0003,-9.87,0
LeftS107240,6.6804,12.6794,5.063e-13,3.322e-13,1.025e-13,0.0001,-9.94,0
LeftS107241,6.6626,13.0233,1.322e-16,1.141e-16,5.956e-17,0.0012,-9.76,0
LeftS107242,6.6284,13.0291,1.339e-16,1.222e-16,7.343e-17,0.0002,-9.6,0
LeftS107243,6.6075,12.7040,2.936e-17,2.848e-17,1.907e-17,-0.0005,-9.71,0
LeftS107244,6.6384,12.6904,2.547e-17,4.778e-17,1.278e-16,0.0003,-9.73,0
LeftS107245,6.5841,12.6902,1.669e-16,1.384e-16,6.845e-17,0.0001,-9.61,0
LeftS107246,6.5934,12.7004,4.847e-17,4.474e-17,2.776e-17,0.0005,-9.67,0
LeftS107247,6.7308,13.0102,6.784e-17,6.144e-17,3.570e-17,-0.0004,-9.97,0
LeftS107248,6.7563,13.0129,4.570e-15,3.404e-15,1.349e-15,-0.0003,-10.06,0
LeftS107249,6.7820,12.9943,3.653e-13,2.443e-13,7.822e-14,0.0007,-10.08,0
LeftS107250,6.5294,12.6983,6.083e-16,4.926e-16,2.357e-16,0.0007,-9.45,0
LeftS107251,6.4900,12.7020,1.264e-14,8.769e-15,3.021e-15,-0.0,-9.26,0
LeftS107252,6.8362,13.0095,1.102e-15,8.717e-16,4.032e-16,-0.0001,-10.31,0
LeftS107253,6.4339,12.7136,6.587e-15,4.696e-15,1.687e-15,0.0008,-9.03,0
LeftS107254,6.8810,12.9992,3.782e-17,6.854e-17,1.736e-16,0.0009,-10.48,0
LeftS107255,6.8731,12.9874,2.851e-17,2.700e-17,1.789e-17,0.0003,-10.48,0
LeftS107256,6.8647,12.9789,5.630e-12,4.375e-12,1.907e-12,-0.0001,-10.37,1
LeftS107257,6.3530,12.7221,3.125e-17,2.951e-17,1.839e-17,0.0003,-8.81,0
LeftS107258,6.3599,12.7298,7.853e-19,1.007e-18,1.243e-18,-0.0,-8.79,0
LeftS107259,6.3422,12.7231,7.874e-17,7.066e-17,4.084e-17,0.0009,-8.78,0
LeftS107260,6.9772,12.9760,5.135e-16,4.155e-16,1.892e-16,-0.0002,-10.79,0
LeftS107261,6.9880,12.9713,3.993e-18,4.266e-18,3.577e-18,0.001,-10.82,0
LeftS107262,6.9792,12.9641,5.666e-15,4.071e-15,1.519e-15,0.0005,-10.89,0
LeftS107263,7.0164,12.9568,1.162e-15,8.846e-16,3.723e-16,0.0011,-10.89,1
LeftS107264,7.0220,12.9434,3.660e-15,2.786e-15,1.156e-15,0.0009,-11.03,0
LeftS107265,6.2732,12.7656,1.209e-16,9.886e-17,4.733e-17,0.0009,-8.39,0
LeftS107266,6.2087,12.7616,2.541e-15,1.804e-15,6.317e-16,-0.0003,-8.29,0
LeftS107267,6.2069,12.7762,5.153e-16,4.390e-16,2.236e-16,-0.0004,-8.26,0
LeftS107268,6.2019,12.7867,2.893e-17,2.779e-17,1.881e-17,-0.0007,-8.31,0
LeftS107269,6.1629,12.7783,6.415e-15,4.743e-15,1.785e-15,0.0003,-8.19,0
LeftS107270,6.1321,12.7969,2.129e-12,1.542e-12,5.857e-13,-0.0002,-8.08,0
LeftS107271,6.1168,12.7920,1.083e-15,8.306e-16,3.544e-16,0.0007,-8.09,1
LeftS107272,6.0912,12.7955,5.800e-16,4.548e-16,1.943e-16,0.0002,-8.04,1
LeftS107273,7.1796,12.8922,9.270e-16,7.291e-16,3.174e-16,0.0007,-11.53,1
LeftS107274,7.2069,12.8832,3.728e-15,2.670e-15,1.019e-15,0.0006,-11.54,0
LeftS107275,7.2494,12.8829,2.424e-15,1.651e-15,5.617e-16,0.0008,-11.61,0
LeftS107276,6.0477,12.8192,2.341e-14,1.586e-14,5.346e-15,-0.0001,-7.86,0
LeftS107277,6.0334,12.8485,1.999e-12,1.507e-12,6.274e-13,0.0005,-7.73,1
LeftS107278,7.2356,12.8477,1.930e-16,1.628e-16,8.264e-17,-0.0006,-11.72,0
LeftS107279,5.9739,12.8548,1.055e-16,1.645e-16,2.987e-16,0.0003,-7.75,0
LeftS107280,5.9721,12.8729,3.981e-16,5.688e-16,8.736e-16,0.0002,-7.68,0
LeftS107281,7.3167,12.8322,1.847e-16,1.555e-16,7.664e-17,-0.0,-11.81,0
LeftS107282,5.9846,12.8934,4.013e-16,3.078e-16,1.262e-16,0.0008,-7.61,0
LeftS107283,7.3390,12.8182,3.650e-15,2.686e-15,1.076e-15,0.0002,-11.84,0
LeftS107284,7.3605,12.8022,1.215e-19,1.986e-19,3.886e-19,-0.0005,-11.96,0
LeftS107285,5.9356,12.9155,1.454e-14,9.969e-15,3.348e-15,0.0005,-7.58,0
LeftS107286,7.3655,12.7848,9.289e-17,2.040e-16,7.746e-16,-0.0001,-11.94,0
LeftS107287,5.9732,12.9387,1.395e-15,1.028e-15,4.096e-16,0.0001,-7.62,0
LeftS107288,5.9327,12.9403,6.752e-18,7.058e-18,5.504e-18,0.0008,-7.54,0
LeftS107289,7.4055,12.7598,3.314e-15,2.424e-15,9.562e-16,0.0006,-12.08,0
LeftS107290,7.3627,12.7603,6.744e-16,5.220e-16,2.271e-16,0.0007,-11.98,1
LeftS107291,5.9244,12.9623,4.777e-16,3.754e-16,1.677e-16,-0.0003,-7.56,1
LeftS107292,5.9195,12.9887,3.368e-12,2.730e-12,1.299e-12,-0.0005,-7.56,1
LeftS107293,5.9362,12.9667,4.494e-15,3.245e-15,1.178e-15,0.0005,-7.55,0
LeftS107294,7.3606,12.7143,4.856e-16,3.808e-16,1.657e-16,0.0004,-12.03,0
LeftS107295,7.3569,12.7085,4.034e-17,3.877e-17,2.588e-17,0.0004,-11.91,0
LeftS107296,5.9313,13.0219,7.168e-15,5.103e-15,1.859e-15,0.0001,-7.74,0
LeftS107297,7.3788,12.6687,6.596e-16,5.067e-16,2.157e-16,0.0004,-11.96,1
LeftS107298,7.3346,12.6734,4.619e-12,3.327e-12,1.243e-12,0.0015,-11.71,0
LeftS107299,5.9688,13.0443,3.570e-15,2.517e-15,9.203e-16,0.0003,-7.77,0
LeftS107300,6.0060,13.0400,2.583e-17,3.801e-17,6.003e-17,0.0009,-7.77,0
LeftS107301,5.9992,13.0603,3.382e-16,2.864e-16,1.459e-16,0.0009,-7.93,0
LeftS107302,6.0371,13.0558,5.197e-15,3.609e-15,1.302e-15,0.0001,-7.92,0
LeftS107303,6.0507,13.0738,1.854e-15,1.329e-15,5.018e-16,-0.0001,-8.01,0
LeftS107304,6.0694,13.0813,1.557e-17,1.557e-17,1.142e-17,0.0014,-8.07,0
LeftS107305,7.2080,12.6238,1.104e-16,1.800e-16,3.588e-16,0.0003,-11.43,0
LeftS107306,6.1169,13.0898,1.413e-14,9.807e-15,3.338e-15,0.0004,-8.18,0
LeftS107307,6.1650,13.0906,1.104e-12,7.500e-13,2.528e-13,0.0019,-8.31,0
LeftS107308,6.1933,13.0947,2.669e-16,2.231e-16,1.092e-16,-0.0006,-8.44,0
LeftS107309,6.1940,13.1099,3.038e-15,2.217e-15,8.786e-16,0.0007,-8.43,0
LeftS107310,6.2572,13.1046,3.878e-16,3.007e-16,1.314e-16,0.0009,-8.57,0
LeftS107311,6.3277,13.0866,2.458e-16,2.022e-16,9.804e-17,0.0005,-8.74,0
LeftS107312,6.2953,13.1157,3.896e-15,2.850e-15,1.102e-15,0.0011,-8.69,0
LeftS107313,6.9477,12.5849,8.027e-16,6.149e-16,2.598e-16,0.0002,-10.72,1
LeftS107314,6.4232,13.1141,7.275e-17,1.279e-16,3.042e-16,0.001,-9.15,0
LeftS107315,6.4063,13.1220,3.484e-14,2.286e-14,7.413e-15,0.0007,-9.04,0
LeftS107316,6.7680,12.6039,2.071e-17,3.957e-17,1.046e-16,0.0004,-10.2,0
LeftS107317,6.7438,12.6024,1.520e-16,1.298e-16,6.953e-17,0.0005,-10.13,0
LeftS107318,6.7194,12.5803,2.154e-16,1.803e-16,9.358e-17,0.0004,-10.02,0
LeftS107319,6.6556,12.6011,1.160e-15,8.911e-16,3.760e-16,0.0006,-9.88,1
LeftS107320,6.6234,12.6024,1.810e-15,1.290e-15,4.797e-16,0.0017,-9.74,0
LeftS107321,6.7356,13.0942,1.885e-15,1.395e-15,5.553e-16,0.0,-9.92,0
LeftS107322,6.7964,13.0858,1.446e-14,1.013e-14,3.557e-15,0.0,-10.01,0
LeftS107323,6.4476,12.6188,5.609e-17,5.092e-17,2.896e-17,0.0005,-9.31,0
LeftS107324,6.8833,13.0765,2.670e-16,2.216e-16,1.135e-16,0.0001,-10.27,0
LeftS107325,6.3528,12.6331,4.819e-17,7.528e-17,1.305e-16,0.0013,-9.16,0
LeftS107326,7.0076,13.0461,9.717e-17,8.427e-17,4.606e-17,0.0007,-10.6,0
LeftS107327,7.0492,13.0370,4.475e-18,5.118e-18,4.914e-18,0.0,-10.69,0
LeftS107328,7.1159,13.0171,2.904e-15,2.081e-15,7.561e-16,0.0005,-10.81,0
LeftS107329,6.1321,12.6961,2.067e-12,1.671e-12,7.755e-13,0.0003,-8.57,1
LeftS107330,6.0580,12.7065,6.937e-17,6.072e-17,3.340e-17,-0.0004,-8.46,0
LeftS107331,6.0641,12.7438,4.505e-16,3.517e-16,1.556e-16,0.0005,-8.29,0
LeftS107332,6.9654,12.7259,1.226e-17,1.260e-17,9.609e-18,0.0012,-11.29,0
LeftS107333,6.9431,12.7110,9.379e-17,8.177e-17,4.668e-17,0.0011,-11.2,0
LeftS107334,6.9226,12.6977,5.030e-17,8.743e-17,2.010e-16,-0.0002,-11.15,0
LeftS107335,6.9736,12.6985,6.440e-20,1.059e-19,2.137e-19,0.0007,-11.18,0
LeftS107337,6.9168,12.7325,3.246e-15,2.355e-15,9.354e-16,0.001,-11.05,0
LeftS107338,6.8657,12.6896,1.221e-16,1.978e-16,3.851e-16,-0.0003,-11.03,0
LeftS107339,6.9319,12.7085,4.320e-16,3.461e-16,1.598e-16,0.0006,-11.12,0
LeftS107340,6.3779,13.0034,1.419e-17,1.391e-17,9.471e-18,0.0004,-8.42,0
LeftS107341,6.8979,12.7152,2.164e-16,1.824e-16,9.344e-17,0.0006,-11.01,0
LeftS107342,6.4130,12.9902,5.283e-19,7.246e-19,1.031e-18,0.0003,-8.64,0
LeftS107343,6.8676,12.7031,1.161e-16,1.024e-16,5.593e-17,0.0002,-10.88,0
LeftS107344,6.4547,13.0130,2.455e-16,1.942e-16,8.620e-17,0.0005,-8.7,0
LeftS107346,6.4527,12.9728,2.369e-16,2.076e-16,1.139e-16,0.0001,-8.65,0
LeftS107347,6.8668,12.7144,3.790e-16,5.816e-16,1.057e-15,0.0011,-10.87,0
LeftS107348,6.9433,12.7065,2.203e-16,1.829e-16,9.361e-17,0.0005,-11.05,0
LeftS107349,6.8702,12.7011,7.591e-20,1.214e-19,2.335e-19,0.0006,-10.77,0
LeftS107351,6.8659,12.6900,8.375e-17,1.574e-16,4.102e-16,0.0003,-10.76,0
LeftS107353,6.3974,12.9867,1.761e-16,1.527e-16,8.181e-17,-0.0001,-8.67,0
LeftS107354,6.4444,13.0149,1.079e-16,1.729e-16,3.331e-16,0.0003,-8.78,0
LeftS107355,6.8893,12.6776,3.250e-16,2.509e-16,1.079e-16,0.0005,-10.81,1
LeftS107356,6.8458,12.7026,2.031e-17,1.914e-17,1.216e-17,0.0002,-10.73,0
LeftS107357,6.8578,12.6895,1.612e-17,1.632e-17,1.210e-17,0.0008,-10.69,0
LeftS107358,6.4586,13.0227,9.286e-16,7.082e-16,2.993e-16,0.0003,-8.89,1
LeftS107359,6.8753,12.6875,1.865e-16,2.817e-16,4.641e-16,0.0013,-10.74,0
LeftS107360,6.8735,12.6564,2.398e-19,3.367e-19,4.986e-19,0.0003,-10.71,0
LeftS107362,6.5490,13.0094,1.104e-18,1.397e-18,1.638e-18,-0.0003,-9.22,0
LeftS107363,6.5330,13.0200,3.543e-19,5.025e-19,7.633e-19,0.0003,-9.21,0
LeftS107364,6.7698,12.6974,7.151e-19,9.252e-19,1.173e-18,-0.0001,-10.35,0
LeftS107365,6.5222,13.0172,1.304e-19,1.932e-19,3.115e-19,-0.0006,-9.18,0
LeftS107366,6.5343,13.0254,3.154e-19,4.497e-19,6.654e-19,0.0005,-9.22,0
LeftS107367,6.5110,13.0143,2.460e-19,3.393e-19,4.717e-19,0.0002,-9.12,0
LeftS107368,6.5793,12.9961,1.824e-16,1.506e-16,7.558e-17,0.0006,-9.4,0
LeftS107369,6.8054,12.6899,2.401e-15,7.224e-15,5.187e-14,0.0008,-10.45,0
LeftS107370,6.6724,12.7219,3.520e-18,3.883e-18,3.415e-18,0.0005,-9.95,0
LeftS107371,6.5852,12.9987,2.983e-18,3.425e-18,3.266e-18,-0.0,-9.37,0
LeftS107372,6.7386,12.6845,8.666e-17,7.570e-17,4.136e-17,0.0001,-10.23,0
LeftS107373,6.7054,12.6869,4.902e-13,6.994e-13,1.076e-12,0.0,-10.07,0
LeftS107374,6.5922,13.0202,3.132e-18,3.507e-18,3.139e-18,0.0006,-9.4,0
LeftS107376,6.7346,12.6566,2.078e-15,1.539e-15,6.208e-16,0.0003,-10.24,0
LeftS107377,6.6427,12.7000,3.085e-17,5.179e-17,1.077e-16,-0.0006,-9.77,0
LeftS107378,6.6661,12.9913,3.017e-17,2.872e-17,1.924e-17,0.0,-9.72,0
LeftS107380,6.6685,12.9930,1.375e-15,1.050e-15,4.443e-16,0.0007,-9.7,1
LeftS107381,6.6664,13.0346,3.678e-17,5.956e-17,1.190e-16,-0.0,-9.76,0
LeftS107382,6.6513,13.0127,2.117e-15,1.559e-15,6.364e-16,-0.0006,-9.69,0
LeftS107383,6.6004,12.6991,2.040e-18,2.398e-18,2.337e-18,0.001,-9.64,0
LeftS107384,6.6058,12.7226,4.640e-17,8.363e-17,2.111e-16,0.0,-9.65,0
LeftS107385,6.6758,13.0110,7.955e-17,7.223e-17,4.384e-17,0.0003,-9.79,0
LeftS107386,6.7119,13.0087,2.241e-17,2.183e-17,1.522e-17,0.0007,-9.92,0
LeftS107387,6.7491,12.9971,1.093e-16,2.485e-16,9.825e-16,-0.0001,-10.08,0
LeftS107388,6.7417,12.9684,6.810e-20,1.083e-19,2.068e-19,0.0004,-10.05,0
LeftS107389,6.5347,12.7082,4.881e-17,7.718e-17,1.438e-16,0.0,-9.4,0
LeftS107391,6.5050,12.7018,3.364e-17,3.089e-17,1.838e-17,0.0005,-9.33,0
LeftS107392,6.5769,12.7016,3.897e-16,3.065e-16,1.376e-16,0.0008,-9.55,0
LeftS107394,6.5189,12.7210,3.795e-15,2.708e-15,1.002e-15,-0.0003,-9.34,0
LeftS107395,6.4783,12.6912,2.402e-18,2.873e-18,2.954e-18,0.0009,-9.18,0
LeftS107396,6.8089,13.0150,8.777e-19,1.145e-18,1.436e-18,0.0004,-10.26,0
LeftS107397,6.4584,12.7223,5.081e-19,6.812e-19,8.700e-19,0.0001,-9.12,0
LeftS107398,6.8119,12.9794,8.630e-13,5.840e-13,1.895e-13,0.0001,-10.34,0
LeftS107399,6.4544,12.6979,1.004e-20,1.929e-20,5.391e-20,0.0006,-9.12,0
LeftS107400,6.4457,12.7402,1.693e-15,1.329e-15,6.091e-16,0.0007,-9.05,1
LeftS107401,6.4302,12.7317,1.587e-20,3.001e-20,8.145e-20,-0.0004,-8.95,0
LeftS107402,6.3915,12.6947,5.998e-20,1.044e-19,2.356e-19,0.0002,-8.98,0
LeftS107403,6.3731,12.7139,7.225e-16,5.659e-16,2.571e-16,0.0006,-8.89,1
LeftS107404,6.9213,12.9783,1.123e-16,9.482e-17,4.930e-17,-0.0015,-10.69,0
LeftS107405,6.3447,12.7428,1.105e-16,9.553e-17,5.129e-17,-0.0009,-8.77,0
LeftS107406,6.4118,12.7517,1.731e-16,1.430e-16,7.125e-17,-0.0004,-8.93,0
LeftS107408,6.3858,12.7673,1.062e-17,1.124e-17,9.411e-18,-0.0003,-8.74,0
LeftS107409,6.3355,12.7553,8.350e-18,8.841e-18,7.335e-18,0.0003,-8.68,0
LeftS107410,6.3040,12.7445,3.945e-19,5.498e-19,8.145e-19,0.0005,-8.64,0
LeftS107411,6.9789,12.9390,1.000e-17,1.092e-17,9.380e-18,0.0005,-10.9,0
LeftS107412,7.0187,12.9635,5.836e-19,7.610e-19,9.474e-19,0.0001,-11.01,0
LeftS107414,7.0197,12.9601,7.542e-19,9.870e-19,1.284e-18,0.0014,-11.04,0
LeftS107415,7.1310,12.9575,1.757e-16,1.519e-16,8.173e-17,-0.001,-11.16,0
LeftS107416,6.1877,12.7629,2.849e-17,2.723e-17,1.815e-17,0.0002,-8.31,0
LeftS107417,6.2021,12.7579,3.285e-13,2.211e-13,7.132e-14,0.0003,-8.36,0
LeftS107418,7.0777,12.9338,2.837e-12,2.777e-12,1.949e-12,-0.0005,-11.17,1
LeftS107419,7.1157,12.9096,7.255e-18,8.089e-18,7.413e-18,0.0005,-11.26,0
LeftS107420,6.2013,12.7860,1.142e-19,1.853e-19,3.642e-19,0.0005,-8.28,0
LeftS107422,7.1655,12.9228,1.726e-14,1.175e-14,4.091e-15,0.0004,-11.32,0
LeftS107423,7.0993,12.9003,3.680e-16,3.100e-16,1.598e-16,0.0002,-11.29,0
LeftS107424,6.1845,12.8012,1.632e-15,1.266e-15,5.351e-16,0.0009,-8.1,1
LeftS107426,6.0987,12.7956,6.302e-18,6.846e-18,6.087e-18,-0.0001,-8.04,0
LeftS107428,7.2203,12.8922,1.555e-18,2.018e-18,2.464e-18,0.0007,-11.5,0
LeftS107429,7.2112,12.8765,1.851e-15,1.405e-15,5.906e-16,0.0007,-11.6,1
LeftS107430,6.0796,12.8393,8.392e-17,7.207e-17,3.982e-17,0.0002,-7.82,0
LeftS107431,7.2742,12.8731,7.098e-18,7.518e-18,6.330e-18,0.0002,-11.68,0
LeftS107432,6.0721,12.8631,2.526e-18,2.869e-18,2.737e-18,0.0008,-7.89,0
LeftS107433,7.2760,12.8621,2.472e-16,1.989e-16,9.139e-17,0.0,-11.73,0
LeftS107434,7.2689,12.8517,1.227e-15,9.332e-16,3.992e-16,-0.0012,-11.76,1
LeftS107435,6.0081,12.8519,4.539e-15,3.243e-15,1.180e-15,0.0007,-7.84,0
LeftS107436,5.9783,12.8931,2.924e-17,2.771e-17,1.844e-17,-0.0009,-7.63,0
LeftS107437,6.0381,12.8871,3.566e-17,3.479e-17,2.327e-17,-0.0005,-7.65,0
LeftS107438,7.2322,12.8170,4.699e-18,5.278e-18,4.794e-18,0.0004,-11.88,0
LeftS107439,7.3075,12.8226,2.992e-18,3.376e-18,3.256e-18,-0.0001,-11.92,0
LeftS107440,7.2687,12.8198,4.240e-17,6.810e-17,1.324e-16,0.0001,-11.92,0
LeftS107442,7.2328,12.7751,2.371e-15,6.935e-15,4.835e-14,0.0003,-11.91,0
LeftS107443,5.9941,12.9172,2.638e-19,3.623e-19,5.171e-19,0.0002,-7.66,0
LeftS107444,5.9721,12.8848,1.118e-19,1.792e-19,3.395e-19,0.0001,-7.61,0
LeftS107445,5.8646,12.9409,5.614e-20,9.492e-20,1.983e-19,-0.0004,-7.61,0
LeftS107447,5.9198,12.9199,2.494e-16,2.015e-16,9.634e-17,0.0003,-7.5,0
LeftS107448,7.3366,12.7341,1.453e-18,1.958e-18,2.639e-18,-0.0002,-12.03,0
LeftS107449,6.0149,12.9326,3.380e-19,4.562e-19,6.262e-19,0.0001,-7.53,0
LeftS107450,5.9108,12.9765,1.456e-16,1.233e-16,6.550e-17,-0.0001,-7.57,0
LeftS107451,7.3680,12.7485,6.195e-17,5.789e-17,3.576e-17,-0.0,-11.95,0
LeftS107452,5.9647,12.9584,3.143e-18,3.709e-18,3.730e-18,0.0012,-7.55,0
LeftS107453,5.9311,12.9741,9.194e-16,7.161e-16,3.109e-16,0.0004,-7.6,1
LeftS107454,7.3852,12.7276,3.241e-16,2.643e-16,1.269e-16,0.0001,-11.97,0
LeftS107456,5.9818,12.9976,1.047e-15,8.515e-16,3.993e-16,0.0001,-7.67,0
LeftS107458,5.8826,13.0270,1.812e-17,3.020e-17,6.160e-17,-0.0,-7.63,0
LeftS107460,6.0005,13.0013,5.995e-18,6.512e-18,5.436e-18,0.0,-7.63,0
LeftS107461,7.3974,12.6384,4.260e-17,8.619e-17,2.644e-16,0.0006,-11.82,0
LeftS107463,5.9639,13.0462,7.080e-16,5.400e-16,2.288e-16,0.0006,-7.85,1
LeftS107464,7.2637,12.6964,1.557e-15,1.144e-15,4.569e-16,0.0001,-11.8,0
LeftS107465,6.0454,13.0263,3.013e-17,4.929e-17,9.682e-17,0.0008,-7.76,0
LeftS107466,6.0555,13.0474,4.561e-17,4.530e-17,3.163e-17,0.0003,-7.89,0
LeftS107467,7.2915,12.6327,2.660e-15,1.968e-15,7.685e-16,0.0006,-11.74,0
LeftS107468,6.0769,13.0323,7.951e-17,7.354e-17,4.423e-17,-0.0001,-7.92,0
LeftS107469,6.0400,13.0796,5.500e-17,4.890e-17,2.765e-17,0.0003,-8.04,0
LeftS107470,7.2134,12.6315,1.718e-17,1.704e-17,1.172e-17,-0.0004,-11.54,0
LeftS107471,7.2913,12.6126,9.222e-20,1.505e-19,2.950e-19,-0.0008,-11.5,0
LeftS107472,6.1419,13.0896,5.369e-16,4.183e-16,1.851e-16,0.0001,-8.2,1
LeftS107473,7.1009,12.6412,1.008e-19,1.624e-19,3.227e-19,0.0007,-11.29,0
LeftS107474,7.1133,12.6196,1.008e-17,1.078e-17,8.844e-18,0.0001,-11.25,0
LeftS107475,7.1190,12.6327,7.939e-17,1.205e-16,2.051e-16,0.0002,-11.2,0
LeftS107476,7.1199,12.6115,2.960e-16,2.300e-16,1.018e-16,0.0013,-11.2,0
LeftS107477,6.2894,13.0480,5.873e-17,9.415e-17,1.756e-16,0.0003,-8.46,0
LeftS107479,6.2792,13.1222,6.589e-17,6.107e-17,3.777e-17,0.001,-8.65,0
LeftS107480,7.0346,12.6212,4.050e-16,3.296e-16,1.599e-16,-0.0005,-10.9,0
LeftS107481,6.3009,13.1290,1.112e-18,1.328e-18,1.378e-18,0.0007,-8.67,0
LeftS107482,6.3145,13.1359,1.809e-17,1.789e-17,1.264e-17,0.0001,-8.79,0
LeftS107483,6.3423,13.1206,6.634e-17,6.192e-17,3.873e-17,-0.0003,-8.91,0
LeftS107484,6.4166,13.0840,4.673e-17,4.498e-17,2.927e-17,0.0005,-9.04,0
LeftS107485,6.4707,13.1023,9.899e-18,1.006e-17,7.306e-18,-0.0001,-9.26,0
LeftS107486,6.4770,13.1134,4.201e-18,4.714e-18,4.354e-18,0.0001,-9.24,0
LeftS107487,6.8385,12.5882,5.562e-17,1.065e-16,2.891e-16,0.0006,-10.29,0
LeftS107488,6.7763,12.5846,1.622e-19,2.645e-19,5.209e-19,0.0004,-10.18,0
LeftS107489,6.7523,12.6140,2.919e-17,4.955e-17,1.091e-16,-0.0009,-10.15,0
LeftS107490,6.5106,13.1179,4.642e-16,3.789e-16,1.793e-16,0.0012,-9.38,0
LeftS107491,6.7081,12.6031,3.470e-18,4.115e-18,4.197e-18,0.0002,-10.01,0
LeftS107492,6.6764,12.6059,2.856e-15,2.102e-15,8.451e-16,-0.0007,-9.93,0
LeftS107493,6.6085,12.6247,1.436e-17,1.480e-17,1.157e-17,0.0001,-9.74,0
LeftS107494,6.8217,13.0524,7.703e-18,8.143e-18,6.517e-18,-0.0002,-10.2,0
LeftS107495,6.5200,12.5827,1.968e-16,4.246e-16,1.503e-15,0.0002,-9.56,0
LeftS107497,6.4336,12.6337,5.298e-16,4.077e-16,1.707e-16,0.0005,-9.34,0
LeftS107498,6.8823,13.0756,9.959e-17,1.923e-16,5.485e-16,0.0014,-10.24,0
LeftS107500,6.4024,12.6359,2.166e-17,2.285e-17,1.795e-17,0.0005,-9.21,0
LeftS107501,6.3169,12.6324,3.455e-15,2.516e-15,9.396e-16,-0.0003,-9.03,0
LeftS107502,6.3846,12.7032,1.569e-16,3.228e-16,1.057e-15,-0.0003,-8.97,0
LeftS107503,7.1139,13.0772,3.989e-19,5.599e-19,8.191e-19,-0.0001,-10.66,0
LeftS107504,7.0955,13.0050,1.208e-18,1.537e-18,1.817e-18,-0.0003,-10.84,0
LeftS107505,6.1591,12.7112,4.950e-16,3.931e-16,1.736e-16,0.0003,-8.57,1
LeftS107506,6.1246,12.7037,4.617e-17,4.268e-17,2.590e-17,0.0003,-8.45,0
LeftS107509,6.0597,12.7554,1.441e-18,1.771e-18,1.951e-18,0.0002,-8.21,0
LeftS107510,7.2464,12.9566,5.553e-17,4.931e-17,2.776e-17,0.0009,-11.39,0
LeftS107511,7.4828,12.9533,1.155e-17,1.263e-17,1.090e-17,0.0006,-11.31,0
LeftS107512,7.5153,12.9000,2.392e-12,2.312e-12,1.555e-12,0.001,-11.44,1
LeftS107524,36.0031,-1.9622,9.105e-17,1.652e-16,4.020e-16,0.0007,-7.97,0
LeftS107528,36.5195,-1.2833,1.926e-19,2.984e-19,5.409e-19,0.0013,-8.62,0
LeftS107529,36.1798,-1.7481,8.885e-19,1.183e-18,1.575e-18,0.0009,-8.19,0
LeftS107530,36.4035,-1.7167,2.276e-20,4.589e-20,1.400e-19,0.0007,-8.64,0
LeftS107531,36.6671,-1.4368,3.244e-18,3.952e-18,4.274e-18,-0.0002,-8.64,0
LeftS107533,35.5600,-2.7014,4.506e-19,6.563e-19,1.024e-18,-0.0003,-7.65,0
LeftS107534,36.2332,-1.4069,4.674e-18,5.790e-18,6.233e-18,-0.0001,-8.52,0
LeftS107536,35.3297,-1.9939,5.039e-19,7.522e-19,1.205e-18,-0.0004,-7.83,0
LeftS107538,36.6170,-1.8642,1.067e-18,1.434e-18,1.922e-18,-0.0002,-8.65,0
LeftS107539,35.7007,-2.5998,6.709e-19,9.290e-19,1.295e-18,0.0001,-7.88,0
LeftS107540,36.0240,-3.0296,2.170e-18,2.700e-18,3.018e-18,0.0002,-8.02,0
LeftS107541,36.5262,-1.8039,1.720e-20,3.243e-20,8.686e-20,0.0007,-8.72,0
LeftS107542,35.8925,-1.6101,1.745e-18,2.269e-18,2.712e-18,0.0003,-7.87,0
LeftS107543,39.1135,-2.9482,2.108e-18,2.519e-18,2.603e-18,-0.0004,-8.24,0
LeftS107544,36.0226,-1.7744,8.305e-20,1.407e-19,2.981e-19,0.0005,-7.95,0
LeftS107545,36.1341,-1.2991,9.944e-17,8.842e-17,5.124e-17,0.0008,-8.52,0
LeftS107546,37.1911,-1.2154,7.583e-19,1.108e-18,1.690e-18,0.0004,-8.9,0
LeftS107547,36.3180,-1.7309,7.086e-19,9.891e-19,1.437e-18,0.0002,-8.57,0
LeftS107548,36.0055,-1.8810,3.179e-19,4.736e-19,7.852e-19,0.0004,-7.69,0
LeftS107550,35.8862,-1.8488,1.042e-19,1.703e-19,3.405e-19,0.0007,-7.83,0
LeftS107554,36.1367,-1.9748,2.619e-16,5.564e-16,1.854e-15,0.0005,-8.02,0
LeftS107557,35.8660,-1.6796,2.213e-20,4.251e-20,1.159e-19,0.0003,-7.82,0
LeftS107558,34.8679,-1.9005,1.072e-20,2.378e-20,8.973e-20,-0.0002,-8.0,0
LeftS107559,36.2633,-1.7409,5.865e-12,4.205e-12,1.566e-12,0.0009,-8.48,0
LeftS107561,36.8305,-2.2580,7.812e-20,1.335e-19,2.957e-19,-0.0004,-8.55,0
LeftS107562,35.0907,-1.6012,9.280e-20,1.579e-19,3.503e-19,-0.0,-7.91,0
LeftS107564,37.6558,-2.9518,3.043e-19,4.679e-19,8.190e-19,0.0002,-8.57,0
LeftS107566,36.3525,-1.7520,2.786e-20,5.028e-20,1.247e-19,0.0004,-8.71,0
LeftS107567,36.4598,-1.1102,2.017e-17,2.153e-17,1.747e-17,0.0004,-8.92,0
LeftS107572,37.2869,-1.1836,3.534e-19,5.223e-19,8.517e-19,-0.0005,-8.76,0
LeftS107573,36.1259,-1.5404,1.589e-17,1.708e-17,1.451e-17,0.0,-8.3,0
LeftS107574,36.3949,-2.3946,2.339e-20,4.653e-20,1.374e-19,-0.0003,-7.91,0
LeftS107575,36.4106,-2.0840,2.842e-16,2.412e-16,1.261e-16,0.0008,-8.47,0
LeftS107576,35.4219,-2.3594,2.025e-16,3.478e-16,8.028e-16,0.0007,-7.99,0
LeftS107581,36.1737,-1.9738,2.636e-19,4.101e-19,7.689e-19,-0.0001,-8.26,0
LeftS107582,36.1434,-1.8828,1.820e-19,2.837e-19,5.066e-19,-0.0002,-8.2,0
LeftS107583,35.1409,-1.6658,2.011e-17,2.057e-17,1.576e-17,0.0006,-8.03,0
LeftS107584,36.2845,-1.6405,8.335e-20,1.361e-19,2.680e-19,0.0002,-8.5,0
LeftS107586,36.7464,-1.5788,7.383e-20,1.321e-19,3.105e-19,0.0008,-8.56,0
LeftS107588,35.7849,-1.2608,3.898e-19,5.993e-19,1.009e-18,0.0002,-8.48,0
LeftS107589,34.0225,0.4681,6.199e-17,5.847e-17,3.729e-17,0.0006,-8.75,0
LeftS107590,37.6949,-0.5464,1.758e-16,2.930e-16,6.054e-16,-0.0004,-8.71,0
LeftS107591,36.1812,-1.7173,1.187e-18,1.628e-18,2.139e-18,0.0001,-8.47,0
LeftS107593,36.2156,-1.9330,5.469e-18,6.512e-18,6.726e-18,0.0011,-8.06,0
LeftS107594,36.4847,-1.8835,4.998e-18,6.083e-18,6.355e-18,0.0003,-8.5,0
LeftS107595,36.2164,-1.7678,8.184e-18,9.313e-18,8.661e-18,0.0011,-8.53,0
LeftS107596,36.1982,-1.7455,1.711e-17,1.829e-17,1.524e-17,-0.0006,-8.36,0
LeftS107597,36.4465,-1.5724,1.994e-19,3.383e-19,7.148e-19,-0.001,-8.74,0
LeftS107598,34.7689,-2.5891,1.072e-16,1.727e-16,3.300e-16,0.0001,-7.49,0
LeftS107599,35.9815,-1.7986,1.769e-20,3.301e-20,8.624e-20,-0.0005,-7.96,0
LeftS107604,36.3848,-1.6526,1.466e-16,1.316e-16,7.536e-17,0.0007,-8.66,0
LeftS107608,36.2078,-1.6338,2.001e-20,3.873e-20,1.147e-19,0.0006,-8.48,0
LeftS107613,36.4736,-1.8476,3.942e-19,6.086e-19,1.018e-18,-0.0004,-8.4,0
LeftS107614,36.5846,-3.2363,8.036e-20,1.322e-19,2.710e-19,0.0006,-7.83,0
LeftS107616,36.6272,-1.3318,5.201e-20,9.283e-20,2.207e-19,0.0004,-8.58,0
LeftS107617,37.1984,-2.2000,4.959e-20,8.333e-20,1.804e-19,0.0009,-8.42,0
LeftS107620,36.4867,-2.3922,1.736e-19,2.773e-19,5.182e-19,-0.0006,-8.1,0
LeftS107622,35.8536,-2.4978,1.958e-19,2.900e-19,4.795e-19,0.0009,-7.87,0
LeftS107625,36.7969,-1.5152,2.740e-19,4.378e-19,8.067e-19,0.0006,-8.74,0
LeftS107627,35.7643,-1.4558,7.603e-19,1.073e-18,1.618e-18,0.0009,-8.25,0
LeftS107628,36.3308,-1.6547,1.690e-20,3.356e-20,1.008e-19,0.0002,-8.65,0
LeftS107629,34.9272,-1.3438,1.858e-20,3.613e-20,1.018e-19,0.0003,-7.94,0
LeftS107632,35.5911,-2.1674,1.780e-20,3.502e-20,1.016e-19,0.0007,-7.68,0
LeftS107634,36.2763,-2.1127,6.327e-17,5.982e-17,3.778e-17,0.0003,-8.14,0
LeftS107635,36.0934,-1.7829,7.983e-18,9.165e-18,8.487e-18,0.0006,-7.91,0
LeftS107636,35.5407,-1.4219,2.857e-18,3.628e-18,4.111e-18,0.0002,-7.78,0
LeftS107637,36.2575,-2.2271,5.273e-19,7.159e-19,9.911e-19,0.0002,-8.07,0
LeftS107639,36.4370,-1.4007,1.370e-18,1.794e-18,2.216e-18,0.0005,-8.74,0
LeftS107643,37.9255,-2.2578,5.072e-19,7.147e-19,1.036e-18,0.0008,-8.56,0
LeftS107646,37.7297,-2.1291,2.838e-17,2.862e-17,2.101e-17,0.001,-8.32,0
LeftS107647,36.1682,-1.7782,4.974e-12,3.948e-12,1.780e-12,-0.0,-8.06,1
LeftS107648,35.7527,-1.6772,2.399e-20,4.144e-20,9.237e-20,0.0003,-8.09,0
LeftS107650,37.6777,-2.3853,3.302e-18,4.197e-18,4.934e-18,0.0001,-8.53,0
LeftS107653,36.4413,-1.9468,2.244e-17,2.240e-17,1.610e-17,-0.0002,-8.47,0
LeftS107654,36.1435,-1.4016,5.735e-19,8.164e-19,1.198e-18,0.0007,-8.5,0
LeftS107655,37.9940,-2.5121,2.593e-16,2.246e-16,1.184e-16,0.0007,-8.31,0
LeftS107656,36.2634,-1.6799,3.105e-16,5.914e-16,1.664e-15,0.0002,-8.43,0
LeftS107658,36.1656,-1.7255,8.025e-16,1.750e-15,6.556e-15,-0.0006,-8.27,0
LeftS107659,35.8745,-2.3475,9.236e-19,1.210e-18,1.579e-18,0.0001,-8.0,0
LeftS107661,34.4595,-1.3897,1.665e-17,1.697e-17,1.254e-17,-0.0003,-7.99,0
LeftS107662,35.4732,-1.9623,4.272e-20,7.617e-20,1.813e-19,0.0008,-7.78,0
LeftS107664,36.4521,-3.1703,2.662e-16,4.452e-16,9.271e-16,-0.0002,-8.1,0
LeftS107665,36.2425,-1.7772,2.351e-18,2.970e-18,3.375e-18,-0.0001,-8.38,0
LeftS107666,36.4588,-1.9574,3.252e-19,5.012e-19,8.652e-19,-0.0003,-8.48,0
LeftS107667,36.2333,-2.2107,4.730e-18,5.784e-18,6.153e-18,0.0005,-7.99,0
LeftS107668,36.6433,-1.5876,1.036e-19,1.835e-19,4.137e-19,0.0011,-8.65,0
LeftS107670,36.2276,-1.8109,6.294e-18,6.913e-18,5.850e-18,0.0007,-8.41,0
LeftS107671,36.7782,-1.5467,1.503e-20,2.828e-20,7.659e-20,-0.0001,-8.82,0
LeftS107672,36.7621,-1.8419,5.959e-20,1.010e-19,2.119e-19,0.0,-8.4,0
LeftS107675,36.1109,-2.7301,7.378e-20,1.282e-19,2.860e-19,0.0002,-7.89,0
LeftS107676,36.8627,-1.9117,2.885e-20,5.641e-20,1.585e-19,0.0001,-8.58,0
LeftS107677,36.4125,-1.7763,1.382e-18,1.853e-18,2.460e-18,0.0,-8.62,0
LeftS107682,35.1284,-2.0017,1.968e-17,1.961e-17,1.351e-17,-0.0005,-7.78,0
LeftS107684,37.0010,-2.0208,1.161e-16,1.048e-16,6.187e-17,0.0008,-8.67,0
LeftS107686,36.5464,-2.0409,2.759e-18,3.336e-18,3.510e-18,0.0003,-8.26,0
LeftS107689,35.1503,-3.4636,3.251e-19,4.963e-19,8.461e-19,0.0002,-7.67,0
LeftS107690,36.0210,-1.9659,1.782e-12,1.949e-12,1.674e-12,0.0013,-7.93,0
LeftS107691,36.6822,-0.7807,7.385e-19,1.058e-18,1.619e-18,0.0009,-8.68,0
LeftS107695,35.7403,-2.0775,5.498e-19,7.307e-19,9.256e-19,0.0004,-7.91,0
LeftS107696,36.7885,-1.8877,1.086e-18,1.454e-18,1.927e-18,0.0003,-8.55,0
LeftS107697,36.4961,-1.4230,3.338e-19,5.060e-19,8.667e-19,0.0008,-8.74,0
LeftS107699,34.0238,-0.9354,3.666e-20,7.136e-20,2.073e-19,0.0004,-8.25,0
LeftS107700,36.2149,-1.7003,3.894e-17,3.889e-17,2.881e-17,0.0002,-8.42,0
LeftS107701,36.7909,-0.7192,3.600e-18,4.368e-18,4.708e-18,0.001,-8.9,0
LeftS107702,36.1107,-1.6815,3.969e-18,4.702e-18,4.967e-18,0.0003,-8.12,0
LeftS107703,36.2266,-1.7909,6.134e-20,1.137e-19,2.802e-19,0.0006,-8.35,0
LeftS107704,35.9113,-2.7423,3.588e-17,3.556e-17,2.488e-17,0.0009,-7.91,0
LeftS107705,36.0977,-1.7535,2.023e-20,3.636e-20,8.938e-20,0.0009,-7.87,0
LeftS107706,34.7859,-1.5431,3.210e-20,5.407e-20,1.162e-19,0.0008,-7.81,0
LeftS107707,36.4422,-1.6657,1.160e-18,1.505e-18,1.823e-18,-0.0002,-8.57,0
LeftS107708,37.6273,-0.7528,4.517e-17,4.456e-17,3.286e-17,0.0009,-8.85,0
LeftS107712,37.5437,-1.7275,2.192e-17,2.294e-17,1.727e-17,0.0004,-8.79,0
LeftS107713,36.0735,-1.9962,2.791e-18,3.490e-18,3.841e-18,0.001,-8.08,0
LeftS107715,36.3534,-0.8115,8.704e-19,1.203e-18,1.702e-18,0.0011,-8.38,0
LeftS107717,36.4416,-1.5065,8.032e-20,1.496e-19,3.865e-19,0.0006,-8.43,0
LeftS107720,35.8894,-1.9689,4.615e-12,3.436e-12,1.435e-12,0.0011,-7.72,1
LeftS107722,38.0622,-2.0185,3.470e-20,6.360e-20,1.662e-19,0.0007,-8.52,0
LeftS107725,35.2552,-1.3372,5.723e-19,8.009e-19,1.181e-18,0.0003,-8.24,0
LeftS107727,36.4063,-1.9536,2.015e-20,4.003e-20,1.233e-19,-0.0002,-8.46,0
LeftS107731,35.4507,-3.0598,1.796e-19,2.787e-19,5.203e-19,0.0003,-7.62,0
LeftS107732,36.1915,-1.7442,3.280e-16,6.733e-16,2.138e-15,-0.0002,-8.26,0
LeftS107735,36.2522,-1.6422,7.603e-19,9.771e-19,1.223e-18,0.0009,-8.42,0
LeftS107737,36.1818,-1.5769,1.158e-16,2.053e-16,4.845e-16,0.0008,-8.32,0
LeftS107738,36.3397,-1.7056,7.294e-19,1.055e-18,1.605e-18,0.0007,-8.47,0
LeftS107739,35.1823,-2.9519,5.322e-20,9.554e-20,2.282e-19,-0.0001,-7.65,0
LeftS107741,35.8378,-1.1255,3.950e-20,7.207e-20,1.866e-19,0.0011,-8.45,0
LeftS107743,36.2444,-1.7525,4.916e-19,6.892e-19,9.575e-19,0.0004,-8.52,0
LeftS107744,36.3768,-1.7148,3.178e-18,3.763e-18,3.871e-18,0.0008,-8.53,0
LeftS107745,36.1250,-1.6370,6.060e-19,8.393e-19,1.181e-18,0.0006,-8.27,0
LeftS107749,36.1667,-1.8299,4.321e-19,6.773e-19,1.225e-18,0.0,-8.07,0
LeftS107751,36.3566,-1.3492,2.071e-20,4.050e-20,1.177e-19,0.0009,-8.66,0
LeftS107752,35.7322,-1.3295,2.297e-19,3.475e-19,5.992e-19,0.0004,-8.43,0
LeftS107753,35.9589,-1.3870,7.022e-18,7.950e-18,7.600e-18,0.0001,-8.15,0
LeftS107755,36.1965,-2.0498,3.715e-18,4.577e-18,5.034e-18,-0.0001,-8.19,0
LeftS107759,36.3494,-1.5823,1.280e-18,1.587e-18,1.747e-18,0.0006,-8.86,0
LeftS107761,36.3796,-1.6004,1.290e-20,2.515e-20,7.289e-20,0.0007,-8.4,0
LeftS107762,36.2777,-2.5087,3.072e-17,3.113e-17,2.363e-17,0.0008,-7.96,0
LeftS107763,36.8236,-1.4660,4.173e-12,2.935e-12,1.023e-12,0.0004,-8.73,0
LeftS107764,36.2130,-1.7911,4.747e-18,5.706e-18,6.235e-18,-0.0004,-8.44,0
LeftS107765,36.0320,-1.7322,3.959e-17,8.280e-17,2.667e-16,-0.0004,-8.01,0
LeftS107766,35.8382,-0.5151,3.433e-16,7.737e-16,2.916e-15,0.001,-8.46,0
LeftS107767,36.6379,-2.0526,1.431e-16,1.331e-16,7.982e-17,-0.0003,-8.4,0
LeftS107768,36.6276,-1.5142,1.474e-20,3.006e-20,9.481e-20,-0.0,-8.66,0
LeftS107769,36.2615,-1.7884,7.431e-12,5.290e-12,1.852e-12,-0.0007,-8.44,0
LeftS107773,35.8789,-2.1610,3.129e-20,5.701e-20,1.469e-19,0.0005,-7.64,0
LeftS107774,36.5423,-1.9873,6.513e-17,6.077e-17,3.925e-17,0.0008,-8.55,0
LeftS107775,36.1551,-1.8205,6.753e-17,6.320e-17,3.955e-17,0.0006,-7.81,0
LeftS107776,35.4632,-1.6647,2.800e-16,2.444e-16,1.305e-16,0.0007,-7.97,0
LeftS107777,36.1028,-1.9779,3.626e-16,3.241e-16,1.883e-16,0.0007,-8.09,0
LeftS107778,36.1916,-1.7634,2.259e-19,3.571e-19,6.639e-19,0.0011,-8.08,0
LeftS107779,36.1612,-1.7977,2.514e-20,4.821e-20,1.370e-19,0.0003,-7.89,0
LeftS107781,36.1394,-2.1735,3.161e-19,4.764e-19,8.015e-19,0.0009,-7.94,0
LeftS107782,36.2543,-1.8055,2.780e-19,4.266e-19,7.246e-19,0.0014,-8.55,0
LeftS107783,36.4928,-1.8812,1.349e-20,2.804e-20,8.860e-20,-0.0001,-8.56,0
LeftS107786,35.7014,-1.3935,6.995e-16,2.099e-15,1.443e-14,0.0004,-8.19,0
LeftS107787,36.1680,-1.5370,3.392e-16,2.834e-16,1.397e-16,0.0005,-8.37,0
LeftS107788,36.0556,-2.2747,2.564e-18,3.163e-18,3.602e-18,0.0003,-8.11,0
LeftS107790,35.8524,-1.5393,7.878e-19,1.104e-18,1.576e-18,0.0002,-8.34,0
LeftS107791,36.5275,-1.4922,5.009e-16,4.221e-16,2.190e-16,0.0008,-8.69,0
LeftS107792,35.9422,-1.2126,6.598e-18,7.551e-18,7.165e-18,-0.0001,-8.31,0
LeftS107793,36.3592,-2.0885,6.809e-16,5.527e-16,2.625e-16,0.0002,-8.04,0
LeftS107794,36.4135,-1.8459,4.314e-16,3.592e-16,1.793e-16,0.001,-8.45,0
LeftS107795,36.2618,-2.0864,9.626e-19,1.341e-18,1.878e-18,0.0011,-7.9,0
LeftS107797,36.3058,-1.8617,1.576e-12,1.094e-12,3.835e-13,0.0007,-8.5,0
LeftS107798,36.0660,-1.9689,1.066e-16,1.015e-16,6.951e-17,0.0003,-7.94,0
LeftS107799,36.0752,-1.4318,5.043e-17,4.813e-17,3.168e-17,0.0001,-8.28,0
LeftS107800,36.2732,-1.8421,2.578e-16,2.191e-16,1.189e-16,0.0013,-8.45,0
LeftS107801,36.2752,-1.5681,2.263e-16,4.502e-16,1.415e-15,0.0005,-8.45,0
LeftS107802,36.3418,-2.0023,8.839e-19,1.283e-18,1.914e-18,0.0005,-8.3,0
LeftS107804,36.2332,-2.1668,7.726e-17,7.550e-17,5.291e-17,0.0003,-8.12,0
LeftS107805,36.2789,-1.6741,2.631e-20,4.912e-20,1.287e-19,0.0005,-8.47,0
LeftS107807,35.8444,-1.6519,1.399e-20,2.806e-20,8.779e-20,-0.0001,-7.91,0
LeftS107808,35.8224,-1.6112,3.415e-16,2.818e-16,1.418e-16,0.0004,-8.08,0
LeftS107809,36.2365,-1.6054,9.358e-16,7.229e-16,3.067e-16,0.0008,-8.39,1
LeftS107811,36.2890,-1.7230,3.804e-16,1.079e-15,6.816e-15,0.0009,-8.62,0
LeftS107812,36.0413,-1.8827,4.022e-16,3.325e-16,1.616e-16,0.0009,-7.99,0
LeftS107813,36.1472,-1.7591,4.862e-16,3.791e-16,1.706e-16,0.0001,-7.99,0
LeftS107814,35.9932,-1.6381,3.352e-18,4.239e-18,4.899e-18,0.0001,-8.11,0
LeftS107815,36.6070,-1.9037,3.293e-18,4.166e-18,4.833e-18,-0.0011,-8.37,0
LeftS107816,36.0797,-2.2404,1.661e-19,2.584e-19,4.692e-19,0.0007,-8.17,0
LeftS107817,36.5964,-1.7269,2.773e-18,3.307e-18,3.419e-18,0.0007,-8.74,0
LeftS107819,36.0147,-1.5005,6.168e-18,7.261e-18,7.138e-18,-0.0002,-8.12,0
LeftS107824,35.7016,-1.9832,4.476e-17,4.215e-17,2.670e-17,0.0007,-7.81,0
LeftS107825,36.4424,-1.6856,7.720e-18,8.421e-18,7.178e-18,-0.0004,-8.5,0
LeftS107827,36.5793,-1.9314,9.027e-20,1.542e-19,3.266e-19,-0.0001,-8.81,0
LeftS107830,35.4713,-1.9552,5.496e-16,4.611e-16,2.333e-16,0.001,-7.77,0
LeftS107831,36.5260,-2.2268,5.254e-19,7.055e-19,9.548e-19,0.0006,-8.5,0
LeftS107832,36.0679,-1.6192,5.853e-17,1.117e-16,2.996e-16,0.0002,-8.04,0
LeftS107833,36.2986,-1.1571,1.957e-12,1.338e-12,4.398e-13,0.0,-8.6,0
LeftS107834,35.8705,-1.4271,3.027e-16,2.485e-16,1.233e-16,0.0008,-8.06,0
LeftS107835,36.6222,-1.9811,3.255e-16,2.781e-16,1.455e-16,0.0001,-8.44,0
LeftS107836,36.2192,-1.6889,2.172e-16,1.867e-16,9.991e-17,0.0003,-8.55,0
LeftS107838,35.8082,-1.6304,8.418e-18,9.419e-18,8.540e-18,0.0007,-8.08,0
LeftS107839,36.1579,-2.0390,1.312e-19,2.064e-19,3.920e-19,0.0007,-8.11,0
LeftS107841,36.4657,-1.6068,7.380e-18,8.423e-18,8.373e-18,-0.0003,-8.56,0
LeftS107842,36.3890,-1.8614,7.217e-13,4.837e-13,1.567e-13,0.0009,-8.5,0
LeftS107843,36.3271,-1.6496,7.034e-20,1.207e-19,2.604e-19,-0.0002,-8.73,0
LeftS107844,35.9155,-1.6642,9.683e-18,1.112e-17,1.100e-17,0.0004,-7.98,0
LeftS107845,35.8633,-1.9953,2.522e-16,2.185e-16,1.194e-16,0.0002,-7.82,0
LeftS107846,35.4235,-1.5896,1.253e-16,1.149e-16,7.330e-17,0.0003,-7.9,0
LeftS107847,36.0104,-1.4931,1.358e-17,1.536e-17,1.419e-17,0.0002,-8.06,0
LeftS107848,36.0195,-2.2337,3.413e-19,5.077e-19,8.043e-19,-0.0001,-7.99,0
LeftS107849,36.4768,-1.6312,7.647e-19,1.096e-18,1.617e-18,0.0009,-8.6,0
LeftS107850,36.2960,-2.2074,5.512e-17,1.003e-16,2.378e-16,0.0,-8.22,0
LeftS107852,36.3002,-1.5260,3.862e-16,3.188e-16,1.636e-16,0.0004,-8.56,0
LeftS107853,36.1697,-1.6897,3.578e-19,5.271e-19,8.174e-19,0.0003,-8.35,0
LeftS107854,35.8242,-1.7003,1.707e-17,1.855e-17,1.622e-17,0.0007,-7.87,0
LeftS107855,36.3230,-1.1828,5.269e-20,8.787e-20,1.857e-19,0.0001,-8.53,0
LeftS107856,35.8316,-1.8813,4.014e-19,5.916e-19,9.073e-19,0.0011,-7.95,0
LeftS107857,36.0074,-1.3491,2.600e-17,2.709e-17,2.106e-17,0.0005,-8.41,0
LeftS107861,36.1193,-1.9743,1.012e-14,7.206e-15,2.681e-15,-0.0007,-8.12,0
LeftS107862,35.9630,-1.6916,1.423e-17,1.568e-17,1.424e-17,0.0009,-7.94,0
LeftS107863,36.0216,-2.3647,2.079e-18,2.739e-18,3.475e-18,0.0007,-7.98,0
LeftS107864,36.3259,-1.8537,2.132e-20,4.163e-20,1.162e-19,-0.0002,-8.43,0
LeftS107865,35.8326,-1.3321,1.278e-18,1.708e-18,2.248e-18,0.0002,-8.29,0
LeftS107866,36.0448,-2.0461,2.576e-18,3.199e-18,3.500e-18,0.0008,-7.97,0
LeftS107867,36.3796,-1.8514,1.137e-18,1.512e-18,1.969e-18,0.0,-8.4,0
LeftS107868,35.8984,-1.9464,7.796e-17,7.260e-17,4.623e-17,0.001,-7.89,0
LeftS107869,35.8991,-1.4995,7.181e-17,1.461e-16,4.601e-16,0.0004,-8.18,0
LeftS107870,35.8226,-1.7999,3.097e-16,2.433e-16,1.076e-16,0.001,-7.97,0
LeftS107872,36.1703,-1.8755,1.356e-20,2.777e-20,8.824e-20,0.001,-7.93,0
LeftS107873,36.1211,-1.7823,6.766e-18,7.529e-18,6.778e-18,0.0004,-7.86,0
LeftS107876,36.7185,-1.7617,1.702e-19,2.895e-19,6.238e-19,0.0,-8.64,0
LeftS107877,36.4351,-2.0564,7.677e-19,1.033e-18,1.386e-18,-0.0002,-8.3,0
LeftS107878,36.0021,-1.7537,1.213e-20,2.474e-20,7.622e-20,-0.0003,-8.01,0
LeftS107880,36.6917,-1.3498,2.951e-16,2.473e-16,1.303e-16,-0.0001,-8.58,0
LeftS107881,36.1826,-1.5885,4.685e-20,8.477e-20,1.976e-19,0.0002,-8.48,0
LeftS107883,35.7372,-1.6265,6.090e-16,4.977e-16,2.317e-16,0.0002,-7.96,0
LeftS107884,35.9213,-1.8522,2.665e-17,2.703e-17,1.959e-17,0.0003,-8.0,0
LeftS107885,36.5996,-1.9032,1.622e-16,1.411e-16,7.576e-17,-0.0001,-8.87,0
LeftS107886,35.8277,-1.4765,5.583e-17,5.427e-17,3.678e-17,-0.0003,-8.22,0
LeftS107887,36.2273,-2.1901,5.522e-12,4.336e-12,1.868e-12,-0.0001,-7.96,1
LeftS107888,36.2797,-1.4919,2.467e-16,2.100e-16,1.102e-16,0.0004,-8.64,0
LeftS107889,36.5524,-1.8620,2.315e-16,5.226e-16,1.996e-15,0.0006,-8.56,0
LeftS107890,35.9466,-1.5690,3.616e-12,3.684e-12,2.886e-12,0.0018,-7.92,1
LeftS107891,35.9628,-1.4967,3.600e-17,3.667e-17,2.728e-17,0.0001,-8.24,0
LeftS107892,36.2199,-1.8245,1.808e-18,2.309e-18,2.765e-18,0.001,-8.15,0
LeftS107895,35.8685,-1.9967,6.073e-20,1.115e-19,2.765e-19,0.0005,-7.81,0
LeftS107897,36.0590,-1.9095,1.847e-17,1.849e-17,1.340e-17,0.0001,-7.8,0
LeftS107899,35.8072,-1.9388,2.243e-18,2.946e-18,3.657e-18,0.0003,-7.92,0
LeftS107900,35.9295,-1.8305,1.612e-16,1.474e-16,8.801e-17,-0.0001,-7.98,0
LeftS107901,36.5907,-1.7015,8.496e-18,9.631e-18,9.180e-18,0.0009,-8.65,0
LeftS107902,36.4387,-1.7508,5.301e-16,8.774e-16,1.745e-15,0.0004,-8.67,0
LeftS107903,35.8877,-1.6808,3.427e-16,2.872e-16,1.392e-16,0.0005,-7.89,0
LeftS107905,35.8803,-1.8548,9.931e-18,1.155e-17,1.172e-17,0.0005,-7.84,0
LeftS107906,35.9250,-1.9921,9.017e-17,8.620e-17,5.534e-17,0.0006,-7.81,0
LeftS107907,36.1159,-1.6340,1.772e-17,1.827e-17,1.380e-17,0.0009,-8.35,0
LeftS107908,36.2781,-1.9874,5.632e-16,8.457e-16,1.429e-15,-0.0001,-8.05,0
LeftS107909,35.7996,-1.7452,1.767e-17,1.806e-17,1.391e-17,-0.0,-8.1,0
LeftS107911,36.2106,-1.5875,3.448e-17,3.545e-17,2.703e-17,0.0004,-8.45,0
LeftS107912,36.2931,-1.3722,1.328e-16,2.165e-16,4.120e-16,0.0011,-8.43,0
LeftS107914,36.1405,-1.7415,1.983e-17,2.127e-17,1.774e-17,0.0004,-8.05,0
LeftS107915,36.2975,-1.4263,7.869e-18,8.832e-18,8.070e-18,0.0003,-8.58,0
LeftS107916,36.1788,-1.6873,3.820e-16,3.027e-16,1.383e-16,-0.0003,-8.27,0
LeftS107917,36.1416,-2.0580,9.940e-16,7.929e-16,3.755e-16,0.0005,-7.83,0
LeftS107918,36.5183,-1.7495,1.134e-17,1.328e-17,1.304e-17,-0.0001,-8.63,0
LeftS107919,36.6116,-1.8958,2.338e-19,3.494e-19,5.739e-19,0.0007,-8.66,0
LeftS107920,36.0855,-2.0379,6.250e-19,9.470e-19,1.611e-18,-0.0001,-8.09,0
LeftS107922,36.1420,-1.7170,7.499e-19,1.054e-18,1.485e-18,0.0003,-8.03,0
LeftS107923,36.4066,-1.7348,2.538e-12,1.781e-12,6.397e-13,-0.0001,-8.58,0
LeftS107924,36.1194,-2.1599,2.191e-20,4.329e-20,1.274e-19,0.0003,-8.07,0
LeftS107925,35.7770,-1.8409,1.157e-17,1.262e-17,1.086e-17,-0.0004,-7.65,0
LeftS107926,36.2892,-1.5609,2.733e-18,3.286e-18,3.529e-18,0.0012,-8.55,0
LeftS107927,36.4254,-1.7854,2.280e-18,2.752e-18,2.947e-18,0.0004,-8.76,0
LeftS107928,36.4701,-2.1856,1.157e-17,1.268e-17,1.087e-17,0.0007,-8.36,0
LeftS107929,35.7677,-2.0275,1.539e-20,3.162e-20,1.013e-19,0.0,-7.81,0
LeftS107932,36.5442,-2.0378,1.887e-16,3.968e-16,1.284e-15,0.0002,-8.38,0
LeftS107933,36.2304,-2.0405,4.436e-16,3.780e-16,1.987e-16,0.0007,-8.01,0
LeftS107935,35.5163,-1.8349,1.218e-17,1.226e-17,8.975e-18,0.0007,-7.9,0
LeftS107936,35.9066,-1.9086,1.611e-17,1.766e-17,1.508e-17,0.0003,-7.92,0
LeftS107937,35.9690,-2.1334,5.015e-17,4.747e-17,3.045e-17,-0.0001,-7.97,0
LeftS107939,36.2390,-1.5362,1.553e-16,2.922e-16,7.665e-16,-0.0002,-8.35,0
LeftS107941,36.2628,-2.2619,1.532e-16,3.029e-16,9.338e-16,0.0008,-8.12,0
LeftS107943,36.6869,-1.6066,2.119e-16,3.518e-16,7.306e-16,0.0013,-8.61,0
LeftS107944,36.7673,-1.8470,1.644e-19,2.627e-19,4.863e-19,0.0007,-8.75,0
LeftS107946,36.1073,-1.6128,1.797e-19,2.888e-19,5.599e-19,0.0001,-8.08,0
LeftS107947,35.9566,-2.0465,3.773e-16,3.134e-16,1.591e-16,0.0001,-7.95,0
LeftS107948,35.7496,-1.8950,3.021e-20,5.393e-20,1.270e-19,0.0007,-7.9,0
LeftS107950,35.7842,-1.8847,3.734e-17,3.816e-17,2.759e-17,0.0018,-7.93,0
LeftS107951,36.5123,-1.6946,8.364e-17,1.407e-16,2.973e-16,0.0001,-8.67,0
LeftS107952,36.5758,-1.6703,4.740e-19,6.727e-19,9.690e-19,0.0006,-8.67,0
LeftS107953,36.6436,-1.6709,3.373e-17,3.516e-17,2.690e-17,0.0012,-8.77,0
LeftS107954,36.0388,-1.7815,6.885e-17,1.291e-16,3.477e-16,0.0011,-7.9,0
LeftS107955,36.1002,-1.6803,3.180e-20,5.714e-20,1.381e-19,0.0012,-8.16,0
LeftS107957,35.7388,-1.7603,3.490e-18,4.477e-18,5.278e-18,0.0007,-7.84,0
LeftS107958,36.4544,-1.7965,1.769e-20,3.470e-20,1.032e-19,0.0001,-8.69,0
LeftS107959,36.2681,-1.8435,3.441e-17,3.315e-17,2.246e-17,-0.0001,-8.26,0
LeftS107960,35.9916,-1.7089,3.809e-17,3.783e-17,2.720e-17,-0.0005,-7.97,0
LeftS107964,35.8055,-1.7880,1.226e-17,1.334e-17,1.133e-17,0.0002,-7.96,0
LeftS107965,35.8114,-1.8328,4.936e-16,4.080e-16,2.033e-16,0.0005,-7.9,0
LeftS107966,35.8366,-1.7585,1.563e-17,1.650e-17,1.321e-17,0.0009,-8.02,0
LeftS107970,36.4024,-1.7347,5.619e-16,4.871e-16,2.606e-16,0.0001,-8.73,0
LeftS107971,36.4002,-1.8408,8.282e-16,6.779e-16,3.316e-16,0.0014,-8.45,0
LeftS107973,36.5975,-1.7076,3.857e-17,3.787e-17,2.672e-17,0.0003,-8.67,0
LeftS107975,36.5758,-1.8958,1.207e-20,2.725e-20,1.054e-19,0.0,-8.61,0
LeftS107976,36.5553,-1.8380,4.568e-17,4.307e-17,2.727e-17,0.0001,-8.6,0
LeftS107977,36.6874,-1.7901,1.847e-18,2.489e-18,3.279e-18,0.0002,-8.75,0
LeftS107978,35.8285,-1.8264,3.968e-20,7.178e-20,1.703e-19,0.001,-7.86,0
LeftS107980,35.9320,-1.8783,1.029e-18,1.446e-18,2.056e-18,0.0004,-7.87,0
LeftS107981,36.5876,-1.7537,1.394e-16,2.226e-16,4.303e-16,-0.0002,-8.75,0
LeftS107982,36.7360,-1.7796,1.298e-16,2.248e-16,5.101e-16,-0.0006,-8.59,0
LeftS107983,36.7323,-1.7581,2.632e-18,3.255e-18,3.617e-18,0.0005,-8.5,0
LeftS107985,36.7230,-1.6685,1.648e-17,1.730e-17,1.381e-17,0.0011,-8.7,0
LeftS107986,36.7371,-1.7512,3.836e-20,7.098e-20,1.800e-19,0.0003,-8.82,0
LeftS107987,36.7402,-1.8127,1.560e-16,2.976e-16,8.294e-16,-0.0007,-8.57,0
LeftS107988,35.7007,-1.8150,1.417e-18,1.925e-18,2.600e-18,-0.0001,-7.88,0
LeftS107989,35.7555,-1.8687,3.709e-15,2.784e-15,1.155e-15,0.001,-7.86,1
LeftS107990,36.5104,-1.7987,4.191e-16,6.580e-16,1.238e-15,-0.0005,-8.54,0
LeftS107991,36.6942,-1.8452,2.699e-16,2.285e-16,1.178e-16,0.0005,-8.62,0
LeftS107992,36.8713,-1.7049,1.572e-20,3.156e-20,9.557e-20,0.0008,-8.68,0
LeftS107994,36.8008,-1.8238,2.906e-16,4.008e-16,5.498e-16,0.0003,-8.52,0
LeftS107995,35.8483,-1.8148,1.893e-18,2.412e-18,2.833e-18,-0.0001,-7.96,0
LeftS107996,35.7407,-1.8168,7.021e-17,6.708e-17,4.459e-17,-0.0006,-7.81,0
LeftS107997,35.8589,-1.7970,7.304e-19,1.063e-18,1.590e-18,0.0002,-7.74,0
LeftS107998,35.6326,-1.7988,2.570e-15,1.862e-15,7.126e-16,0.0003,-7.84,0
LeftS107999,36.3557,-1.7878,8.180e-18,9.145e-18,8.621e-18,0.0001,-8.57,0
LeftS108000,35.7060,-1.8060,7.727e-19,1.098e-18,1.657e-18,0.0002,-7.95,0
LeftS108001,35.7392,-1.7646,2.520e-17,2.545e-17,1.903e-17,0.0004,-7.93,0
LeftS108002,35.8114,-1.6270,2.531e-19,3.952e-19,7.257e-19,0.0011,-7.93,0
LeftS108004,35.7411,-1.8896,1.503e-19,2.396e-19,4.520e-19,-0.0001,-7.75,0
LeftS108005,36.7952,-1.7187,1.084e-17,1.176e-17,1.010e-17,0.0014,-8.6,0
LeftS108006,35.7290,-1.8206,7.699e-19,1.107e-18,1.618e-18,0.0003,-7.76,0
LeftS108007,35.6590,-1.7344,6.279e-18,7.498e-18,7.760e-18,0.0,-7.98,0
LeftS108008,36.7947,-1.7372,1.622e-20,3.379e-20,1.064e-19,0.0008,-8.66,0
LeftS108009,35.8215,-1.7493,8.782e-17,8.226e-17,5.369e-17,0.0003,-7.98,0
LeftS108010,35.5846,-1.8105,5.121e-17,4.937e-17,3.262e-17,0.0008,-7.87,0
LeftS108011,35.7961,-1.7956,9.543e-19,1.305e-18,1.775e-18,-0.0002,-7.78,0
LeftS108012,36.3810,-1.8198,3.565e-16,2.977e-16,1.489e-16,0.0001,-8.42,0
LeftS108013,35.6814,-1.8751,1.457e-20,2.781e-20,7.791e-20,0.0011,-7.83,0
LeftS108014,35.7923,-1.8315,3.751e-16,3.337e-16,1.867e-16,0.0003,-7.98,0
LeftS108015,35.8115,-1.8017,1.379e-16,1.165e-16,6.166e-17,0.0002,-7.85,0
LeftS108016,36.7293,-1.6893,3.095e-16,2.644e-16,1.398e-16,0.0006,-8.6,0
LeftS108017,36.6174,-1.7764,8.067e-17,1.614e-16,5.116e-16,-0.0001,-8.69,0
LeftS108019,36.6438,-1.7318,9.177e-19,1.269e-18,1.798e-18,0.0004,-8.66,0
LeftS108020,35.6624,-1.8051,5.758e-20,1.020e-19,2.430e-19,0.0006,-7.86,0
LeftS108021,35.7899,-1.8206,5.734e-16,4.680e-16,2.275e-16,0.0006,-7.82,0
LeftS108022,36.7382,-1.7125,1.052e-17,1.202e-17,1.149e-17,0.0006,-8.8,0
LeftS108023,35.7197,-1.7830,1.067e-13,7.082e-14,2.216e-14,0.0013,-8.03,0
LeftS108024,36.7934,-1.6882,5.669e-20,1.009e-19,2.423e-19,0.0006,-8.81,0
LeftS108025,36.8327,-1.6569,5.795e-16,4.636e-16,2.045e-16,0.0004,-8.59,0
LeftS108026,36.6000,-1.6976,9.649e-17,1.725e-16,4.183e-16,0.0007,-8.75,0
LeftS108027,35.6040,-1.7876,5.189e-17,4.843e-17,3.088e-17,0.0005,-7.81,0
LeftS108028,36.7284,-1.8165,2.940e-15,2.200e-15,9.133e-16,-0.0001,-8.48,0
LeftS108029,36.7118,-1.6981,2.502e-20,4.831e-20,1.347e-19,0.0006,-8.78,0
LeftS108030,35.8296,-1.8231,8.772e-17,1.448e-16,2.969e-16,0.0006,-7.88,0
LeftS108031,35.6590,-1.7943,1.134e-16,2.140e-16,5.722e-16,0.0001,-7.78,0
LeftS108032,35.7063,-1.7254,4.471e-20,8.400e-20,2.275e-19,0.0003,-7.87,0
LeftS108033,35.7957,-1.8470,8.940e-18,9.982e-18,8.660e-18,-0.0003,-7.95,0
LeftS108034,36.7018,-1.8663,4.468e-18,5.330e-18,5.706e-18,-0.0001,-8.61,0
LeftS108037,36.7766,-1.8100,5.330e-20,9.224e-20,2.039e-19,0.0001,-8.57,0
LeftS108038,35.5196,-1.7717,1.910e-16,1.625e-16,8.725e-17,0.0011,-7.9,0
LeftS108039,36.7907,-1.7667,1.716e-16,2.888e-16,5.959e-16,0.0006,-8.5,0
LeftS108040,36.9679,-1.7623,1.482e-18,1.975e-18,2.534e-18,0.0009,-8.52,0
LeftS108042,36.6094,-1.8391,6.376e-17,6.052e-17,3.879e-17,0.0008,-8.65,0
LeftS108043,36.8161,-1.7605,1.167e-15,9.050e-16,3.933e-16,0.0003,-8.76,0
LeftS108044,36.6818,-1.8204,9.118e-16,1.962e-15,7.067e-15,0.0007,-8.68,0
LeftS108045,35.6275,-1.7688,3.133e-16,2.714e-16,1.528e-16,0.0007,-7.88,0
LeftS108047,35.5828,-1.7443,7.836e-12,7.356e-12,4.630e-12,0.0002,-7.85,1
LeftS108048,36.5948,-1.6889,1.511e-12,1.995e-12,2.532e-12,-0.0005,-8.51,0
LeftS108049,36.8662,-1.6602,4.205e-20,7.897e-20,2.057e-19,-0.0004,-8.71,0
LeftS108050,36.6538,-1.6459,1.403e-15,1.035e-15,4.097e-16,0.0006,-8.77,0
LeftS108053,36.9482,-1.7770,5.088e-19,7.008e-19,9.783e-19,-0.0002,-8.74,0
LeftS108054,35.6860,-1.7788,4.073e-17,4.110e-17,2.969e-17,0.0,-7.77,0
LeftS108055,36.9228,-1.8040,1.184e-20,2.430e-20,7.778e-20,-0.0005,-8.58,0
LeftS108057,36.8347,-1.8292,2.029e-17,2.077e-17,1.536e-17,0.0,-8.55,0
LeftS108058,36.6284,-1.7840,1.314e-16,1.157e-16,6.357e-17,0.0004,-8.65,0
LeftS108059,36.9345,-1.7214,1.344e-16,2.635e-16,7.584e-16,0.0004,-8.7,0
LeftS108060,36.7698,-1.6468,1.398e-19,2.209e-19,4.103e-19,-0.0001,-8.61,0
LeftS108062,36.5515,-1.7692,5.634e-16,4.592e-16,2.206e-16,0.0005,-8.76,0
LeftS108064,36.8178,-1.7560,6.483e-17,6.318e-17,4.212e-17,0.0007,-8.77,0
LeftS108065,36.8233,-1.7434,5.853e-18,6.610e-18,6.160e-18,0.0005,-8.89,0
LeftS108067,36.7500,-1.6997,5.864e-20,1.032e-19,2.435e-19,0.0015,-8.87,0
LeftS108068,36.6778,-1.7061,7.156e-17,6.476e-17,3.791e-17,0.0001,-8.56,0
LeftS108069,37.0685,-1.7005,4.174e-16,9.404e-16,3.655e-15,0.0013,-8.69,0
LeftS108070,35.5596,-1.8056,3.302e-18,3.990e-18,4.206e-18,-0.0001,-7.61,0
LeftS108071,35.5686,-1.8254,7.414e-20,1.294e-19,2.964e-19,0.0005,-7.81,0
LeftS108072,36.8536,-1.7662,5.724e-19,8.324e-19,1.297e-18,0.0009,-8.81,0
LeftS108074,36.5405,-1.7542,5.418e-19,8.171e-19,1.353e-18,-0.0,-8.78,0
LeftS108075,35.6442,-1.7878,2.754e-18,3.236e-18,3.333e-18,0.0007,-7.89,0
LeftS108076,35.5257,-1.8148,6.290e-18,7.716e-18,8.737e-18,0.0002,-7.9,0
LeftS108077,36.7726,-1.7150,1.477e-16,1.314e-16,7.349e-17,0.0006,-8.7,0
LeftS108078,35.4758,-1.8101,1.224e-16,1.085e-16,6.299e-17,0.0005,-7.81,0
LeftS108079,35.5512,-1.8615,8.775e-17,8.373e-17,5.384e-17,0.0005,-7.72,0
LeftS108082,35.6059,-1.8037,1.608e-16,1.406e-16,7.686e-17,-0.0002,-7.82,0
LeftS108085,35.5294,-1.7577,7.874e-18,9.286e-18,9.124e-18,0.0011,-7.94,0
LeftS108086,35.5035,-1.7736,1.284e-16,1.147e-16,6.476e-17,0.0007,-8.05,0
LeftS108089,35.5435,-1.8043,7.135e-16,5.767e-16,2.620e-16,0.0009,-7.92,0
LeftS108093,36.7599,-1.7735,3.015e-19,4.361e-19,6.864e-19,0.0012,-8.67,0
LeftS108094,36.9093,-1.6982,3.714e-12,2.629e-12,9.879e-13,0.0002,-8.8,0
LeftS108097,35.5819,-1.9287,5.991e-17,5.671e-17,3.578e-17,-0.0001,-7.75,0
LeftS108098,36.7867,-1.6638,1.657e-18,2.205e-18,2.852e-18,0.0009,-8.77,0
LeftS108099,35.3883,-1.7415,1.151e-17,1.238e-17,9.849e-18,0.0001,-7.87,0
LeftS108100,35.4200,-1.8503,1.386e-16,1.297e-16,8.076e-17,0.0002,-7.8,0
LeftS108101,35.6489,-1.8797,7.505e-19,1.025e-18,1.384e-18,0.0008,-7.85,0
LeftS108102,35.5517,-1.8945,7.224e-17,9.452e-17,1.184e-16,0.0005,-7.79,0
LeftS108103,35.6855,-1.7989,4.245e-16,3.419e-16,1.579e-16,-0.0,-7.87,0
LeftS108107,37.1093,-1.6895,1.044e-15,8.257e-16,3.756e-16,0.0011,-8.68,1
LeftS108108,35.3703,-1.8214,2.397e-16,4.883e-16,1.515e-15,0.0017,-7.94,0
LeftS108109,35.3845,-1.9492,1.193e-17,1.384e-17,1.358e-17,-0.0005,-7.78,0
LeftS108110,35.7295,-1.8607,1.841e-16,1.669e-16,9.892e-17,0.0006,-7.76,0
LeftS108111,35.4314,-1.8992,1.097e-15,8.979e-16,4.351e-16,0.0006,-8.02,0
LeftS108112,35.7061,-1.8911,2.549e-20,4.957e-20,1.394e-19,-0.0004,-7.83,0
LeftS108115,35.4822,-1.7119,1.235e-16,1.135e-16,6.824e-17,0.0011,-7.97,0
LeftS108116,35.4260,-1.8456,7.863e-19,1.073e-18,1.494e-18,0.0,-7.72,0
LeftS108117,35.4394,-1.8880,2.872e-18,3.358e-18,3.443e-18,-0.0004,-7.64,0
LeftS108119,37.0609,-1.7286,1.642e-19,2.408e-19,3.834e-19,0.0007,-8.69,0
LeftS108120,36.9835,-1.7408,9.956e-17,1.547e-16,2.875e-16,0.0006,-8.81,0
LeftS108123,36.9386,-1.6719,3.917e-17,3.941e-17,2.962e-17,0.0006,-8.81,0
LeftS108125,37.0082,-1.6559,3.313e-20,6.406e-20,1.724e-19,-0.0001,-8.86,0
LeftS108127,35.1778,-1.8294,1.463e-19,2.380e-19,4.747e-19,0.0,-7.93,0
LeftS108128,35.4490,-1.7639,1.226e-17,1.299e-17,1.088e-17,0.0003,-7.81,0
LeftS108129,35.3458,-1.8336,6.979e-17,6.551e-17,4.277e-17,0.0013,-7.75,0
LeftS108130,37.2683,-1.6773,1.134e-17,1.190e-17,9.395e-18,0.0011,-9.02,0
LeftS108133,36.9985,-1.7517,8.354e-16,6.482e-16,2.704e-16,0.0001,-8.78,0
LeftS108137,35.2185,-1.8485,2.535e-17,2.594e-17,1.928e-17,0.0003,-7.93,0
LeftS108139,36.9809,-1.7552,1.343e-15,1.046e-15,4.452e-16,0.0009,-8.55,1
LeftS108140,36.9982,-1.7865,4.860e-16,4.093e-16,2.055e-16,0.0008,-8.73,0
LeftS108143,35.4247,-1.8408,1.158e-17,1.238e-17,1.031e-17,0.0004,-8.01,0
LeftS108144,37.0201,-1.6766,3.494e-15,2.593e-15,1.053e-15,0.0007,-8.75,0
LeftS108146,35.2207,-1.8195,2.084e-16,1.757e-16,9.220e-17,0.0,-8.04,0
LeftS108149,35.1818,-1.6666,7.101e-19,9.956e-19,1.486e-18,-0.0,-7.91,0
LeftS108151,35.3214,-1.7550,1.321e-16,1.175e-16,6.698e-17,0.0014,-7.98,0
LeftS108152,36.8467,-1.7804,8.257e-17,8.075e-17,5.400e-17,0.0011,-8.78,0
LeftS108154,35.4630,-1.7673,5.284e-17,9.685e-17,2.463e-16,0.001,-7.84,0
LeftS108155,35.3130,-1.8043,1.231e-18,1.537e-18,1.835e-18,0.0008,-7.67,0
LeftS108157,35.2764,-1.7536,4.072e-16,3.470e-16,1.851e-16,0.001,-7.87,0
LeftS108158,36.9241,-1.7869,6.151e-12,4.380e-12,1.570e-12,0.001,-8.74,0
LeftS108160,35.3679,-1.8246,9.940e-20,1.658e-19,3.366e-19,0.0006,-7.94,0
LeftS108162,37.1459,-1.6952,9.214e-17,8.049e-17,4.560e-17,0.0008,-8.71,0
LeftS108165,37.0475,-1.7486,2.941e-16,5.921e-16,1.834e-15,-0.0003,-8.89,0
LeftS108168,35.2268,-1.7893,2.451e-16,4.424e-16,1.095e-15,0.0002,-7.96,0
LeftS108169,37.2236,-1.6650,1.084e-17,1.192e-17,1.068e-17,0.0008,-8.58,0
LeftS108171,37.1939,-1.8595,1.326e-20,2.522e-20,7.093e-20,-0.0003,-8.89,0
LeftS108172,37.0455,-1.7653,5.519e-18,6.514e-18,6.656e-18,-0.0004,-8.62,0
LeftS108175,35.2322,-1.8276,2.637e-17,2.806e-17,2.338e-17,-0.0002,-7.86,0
LeftS108176,35.1757,-1.8116,2.301e-12,1.551e-12,5.109e-13,0.0006,-7.85,0
LeftS108177,37.2126,-1.7456,3.763e-16,3.147e-16,1.606e-16,0.0004,-8.67,0
LeftS108178,35.1686,-1.8041,1.342e-18,1.749e-18,2.142e-18,0.0001,-8.12,0
LeftS108180,37.2581,-1.6851,3.391e-18,3.999e-18,4.130e-18,0.0006,-9.0,0
LeftS108182,37.3026,-1.7200,5.433e-20,1.055e-19,2.973e-19,0.0004,-9.0,0
LeftS108183,35.1794,-1.9192,4.527e-12,4.484e-12,3.252e-12,0.0011,-7.78,1
LeftS108184,35.1063,-1.8731,1.181e-18,1.522e-18,1.840e-18,0.0003,-7.75,0
LeftS108185,37.2085,-1.7466,6.776e-20,1.186e-19,2.727e-19,0.0011,-8.63,0
LeftS108186,37.1089,-1.6067,6.291e-20,1.116e-19,2.666e-19,0.0003,-8.66,0
LeftS108189,37.2508,-1.7250,4.823e-18,5.431e-18,5.072e-18,0.0009,-8.46,0
LeftS108190,37.5247,-1.7691,1.090e-16,1.718e-16,3.236e-16,0.0005,-8.77,0
LeftS108192,35.0554,-1.8454,1.236e-16,1.055e-16,5.690e-17,0.0004,-7.81,0
LeftS108193,35.0391,-1.8359,9.994e-17,9.120e-17,5.383e-17,0.0006,-7.8,0
LeftS108195,35.2358,-1.8642,2.529e-18,3.180e-18,3.631e-18,0.001,-7.9,0
LeftS108197,37.2769,-1.8900,8.513e-17,1.426e-16,2.982e-16,0.0003,-8.73,0
LeftS108198,35.1850,-1.6311,2.309e-17,2.388e-17,1.851e-17,0.0004,-8.0,0
LeftS108199,35.1489,-1.7941,2.297e-17,2.368e-17,1.815e-17,0.0008,-7.64,0
LeftS108201,34.8342,-1.7678,3.646e-15,2.699e-15,1.061e-15,0.0004,-7.63,0
LeftS108203,35.1616,-1.7945,2.150e-16,1.906e-16,1.074e-16,0.0003,-7.68,0
LeftS108204,34.9734,-1.7308,2.148e-18,2.607e-18,2.759e-18,0.0002,-7.78,0
LeftS108205,35.0839,-1.7989,2.477e-19,3.544e-19,5.363e-19,0.0001,-7.79,0
LeftS108207,35.0812,-1.7837,6.052e-17,6.061e-17,4.183e-17,0.0002,-7.77,0
LeftS108208,37.6212,-1.7225,6.764e-18,7.911e-18,7.699e-18,0.0009,-8.81,0
LeftS108209,37.3159,-1.7151,1.972e-16,1.738e-16,9.604e-17,0.001,-8.76,0
LeftS108211,37.4979,-1.7497,2.930e-19,4.514e-19,7.683e-19,0.001,-8.84,0
LeftS108214,37.4208,-1.6331,2.358e-17,2.455e-17,1.953e-17,-0.0005,-8.86,0
LeftS108215,35.1271,-1.8949,1.027e-16,1.585e-16,2.855e-16,0.0007,-7.79,0
LeftS108216,35.0284,-1.6814,7.097e-18,8.053e-18,7.249e-18,0.0005,-7.98,0
LeftS108218,37.4955,-1.6353,2.397e-16,2.078e-16,1.118e-16,0.0003,-8.83,0
LeftS108219,35.0959,-1.9480,3.056e-19,4.368e-19,6.662e-19,0.0008,-7.84,0
LeftS108220,37.4150,-1.7818,5.248e-19,7.505e-19,1.102e-18,0.0015,-8.88,0
LeftS108221,37.3836,-1.7714,1.731e-15,1.323e-15,5.467e-16,0.0001,-9.05,1
LeftS108222,37.2946,-1.7824,8.730e-16,7.292e-16,3.470e-16,-0.0001,-8.69,0
LeftS108223,35.0024,-1.7787,1.361e-15,1.043e-15,4.297e-16,0.0003,-7.93,1
LeftS108224,35.0880,-1.7965,1.673e-15,1.347e-15,6.084e-16,-0.0005,-7.97,1
LeftS108225,35.0227,-1.8164,2.478e-17,2.523e-17,1.836e-17,0.0005,-7.89,0
LeftS108226,37.3625,-1.7222,8.302e-15,6.168e-15,2.425e-15,0.0004,-8.71,0
LeftS108227,35.0672,-1.8394,3.687e-12,2.646e-12,9.398e-13,0.0012,-7.84,0
LeftS108228,37.4585,-1.6941,7.915e-17,1.392e-16,3.314e-16,0.0001,-8.57,0
LeftS108229,34.9921,-1.8746,6.522e-16,5.090e-16,2.184e-16,0.0001,-7.73,0
LeftS108230,35.0807,-1.8695,1.858e-15,1.463e-15,6.401e-16,0.0004,-7.92,1
LeftS108231,35.0252,-1.9001,1.074e-14,7.406e-15,2.575e-15,0.0005,-8.02,0
LeftS108232,37.3893,-1.6301,5.430e-12,3.900e-12,1.417e-12,0.0003,-8.84,0
LeftS108233,37.3459,-1.6350,4.150e-16,3.406e-16,1.657e-16,0.0017,-8.66,0
LeftS108235,37.4943,-1.5872,6.205e-15,4.712e-15,1.917e-15,0.0003,-8.91,0
LeftS108236,35.0205,-1.9620,5.285e-16,4.576e-16,2.471e-16,-0.0006,-7.56,0
LeftS108237,35.0679,-1.9692,3.247e-18,3.892e-18,4.053e-18,0.0006,-7.74,0
LeftS108238,35.0148,-1.9786,2.792e-16,7.104e-16,3.520e-15,0.0003,-7.73,0
LeftS108239,34.9954,-2.0004,2.682e-14,1.839e-14,6.188e-15,0.0009,-7.81,0
LeftS108240,37.4059,-1.5197,1.561e-15,1.148e-15,4.641e-16,-0.0002,-8.81,0
LeftS108241,37.3509,-1.5034,9.029e-16,7.267e-16,3.330e-16,0.0006,-8.67,0
LeftS108242,35.0763,-2.0646,1.021e-14,7.588e-15,3.041e-15,0.001,-7.86,0
LeftS108243,35.0305,-2.0791,2.143e-15,1.671e-15,7.343e-16,-0.0003,-7.89,1
LeftS108244,37.4592,-1.4480,4.132e-14,2.874e-14,9.648e-15,0.0011,-8.72,0
LeftS108245,37.3880,-1.4365,2.350e-15,1.781e-15,7.303e-16,-0.0002,-8.83,1
LeftS108246,37.3184,-1.4091,2.450e-19,3.729e-19,6.148e-19,-0.0001,-8.58,0
LeftS108247,34.9895,-2.1301,1.856e-15,1.438e-15,6.166e-16,-0.0004,-7.53,1
LeftS108248,34.9752,-2.1583,1.073e-14,7.632e-15,2.899e-15,0.0002,-7.86,0
LeftS108249,34.9484,-2.1635,2.771e-15,2.078e-15,8.255e-16,0.0008,-7.71,0
LeftS108250,37.4311,-1.3217,1.395e-15,1.021e-15,4.032e-16,0.0011,-8.6,0
LeftS108251,37.3618,-1.3175,6.709e-12,4.836e-12,1.827e-12,0.0003,-8.78,0
LeftS108252,37.4750,-1.3130,4.464e-15,3.179e-15,1.185e-15,0.0004,-8.77,0
LeftS108253,37.3915,-1.2768,1.121e-15,9.010e-16,4.117e-16,-0.0005,-8.88,1
LeftS108254,35.0628,-2.2216,5.181e-15,3.659e-15,1.391e-15,0.0007,-7.76,0
LeftS108255,37.2922,-1.2348,3.047e-18,3.855e-18,4.492e-18,0.0006,-8.78,0
LeftS108256,37.3298,-1.1959,8.449e-16,6.679e-16,3.101e-16,-0.0006,-8.74,1
LeftS108257,35.0652,-2.3298,9.803e-19,1.399e-18,2.063e-18,0.0017,-7.55,0
LeftS108258,35.1116,-2.3229,1.810e-14,1.296e-14,4.726e-15,0.0009,-7.5,0
LeftS108259,37.2968,-1.1862,4.614e-15,3.377e-15,1.304e-15,0.0004,-8.6,0
LeftS108260,35.0948,-2.3814,2.020e-15,1.542e-15,6.420e-16,0.0008,-7.97,1
LeftS108261,37.2937,-1.1211,1.717e-14,1.230e-14,4.520e-15,-0.0,-8.67,0
LeftS108262,35.1551,-2.4020,1.873e-16,4.132e-16,1.557e-15,-0.0003,-7.83,0
LeftS108263,37.2454,-1.1248,2.420e-12,1.677e-12,5.636e-13,0.0003,-8.74,0
LeftS108264,37.2502,-1.0812,1.388e-14,1.034e-14,3.970e-15,0.0005,-8.62,0
LeftS108265,35.1701,-2.4744,3.442e-14,2.353e-14,8.134e-15,0.0004,-7.7,0
LeftS108266,37.2664,-1.0499,1.426e-16,2.373e-16,4.808e-16,-0.0,-8.42,0
LeftS108267,37.3394,-1.0382,1.070e-15,8.583e-16,3.927e-16,0.0005,-8.86,1
LeftS108268,35.2026,-2.5007,2.066e-14,1.402e-14,4.846e-15,0.0005,-7.76,0
LeftS108269,37.2544,-0.9601,2.059e-16,1.738e-16,9.051e-17,0.0006,-8.79,0
LeftS108270,37.2335,-0.9483,4.137e-20,7.893e-20,2.194e-19,0.0013,-8.76,0
LeftS108271,35.2669,-2.5696,2.466e-14,1.654e-14,5.528e-15,0.0004,-7.74,0
LeftS108272,35.2564,-2.6235,3.694e-16,3.149e-16,1.727e-16,0.0004,-7.93,0
LeftS108273,35.3162,-2.6071,6.291e-15,4.492e-15,1.735e-15,0.0006,-7.75,0
LeftS108274,35.3077,-2.6100,1.044e-14,7.458e-15,2.795e-15,0.0002,-7.79,0
LeftS108275,37.0970,-0.9067,9.622e-15,7.012e-15,2.703e-15,0.0002,-8.83,0
LeftS108276,37.0580,-0.8531,1.121e-16,1.741e-16,3.027e-16,0.0011,-8.84,0
LeftS108277,35.4417,-2.7060,3.527e-15,2.689e-15,1.155e-15,0.0003,-7.77,0
LeftS108278,37.0660,-0.8210,7.083e-14,4.512e-14,1.366e-14,-0.0004,-8.83,0
LeftS108279,35.4522,-2.6997,6.102e-18,6.885e-18,6.437e-18,0.0006,-7.69,0
LeftS108280,36.9607,-0.8593,9.716e-16,7.820e-16,3.653e-16,0.0007,-8.77,0
LeftS108281,36.8878,-0.7402,1.370e-14,9.293e-15,2.998e-15,-0.0003,-8.54,0
LeftS108282,36.9447,-0.7724,8.236e-15,5.760e-15,2.068e-15,0.0016,-8.66,0
LeftS108283,35.5551,-2.7583,6.287e-16,5.087e-16,2.417e-16,-0.0001,-7.88,0
LeftS108284,36.8819,-0.7043,9.441e-15,6.817e-15,2.497e-15,-0.0003,-8.93,0
LeftS108285,36.8230,-0.6709,1.239e-12,8.306e-13,2.727e-13,0.0004,-8.73,0
LeftS108286,35.6504,-2.8673,1.505e-15,1.160e-15,4.923e-16,0.0008,-8.16,1
LeftS108288,35.6387,-2.8370,2.612e-14,1.855e-14,6.680e-15,0.0006,-7.75,0
LeftS108289,35.7018,-2.8433,1.580e-16,1.435e-16,8.495e-17,0.0002,-7.73,0
LeftS108290,36.6627,-0.6429,3.512e-15,2.697e-15,1.155e-15,0.0004,-8.81,0
LeftS108291,36.6460,-0.5976,6.182e-17,5.751e-17,3.682e-17,0.0002,-8.75,0
LeftS108292,36.5734,-0.5823,6.028e-15,4.351e-15,1.641e-15,0.0002,-8.79,0
LeftS108293,35.8926,-2.9471,1.072e-14,7.780e-15,2.853e-15,0.0002,-7.79,0
LeftS108294,36.5262,-0.5887,3.766e-15,2.929e-15,1.252e-15,0.0008,-8.69,0
LeftS108295,35.9380,-2.9596,2.312e-15,1.737e-15,6.919e-16,0.0002,-7.95,0
LeftS108296,36.4205,-0.5075,6.114e-16,5.157e-16,2.555e-16,0.0004,-8.55,0
LeftS108297,36.4029,-0.5958,1.447e-15,1.119e-15,4.844e-16,0.0003,-8.66,1
LeftS108298,36.0485,-3.0124,8.160e-17,1.438e-16,3.324e-16,0.0006,-8.01,0
LeftS108299,36.3102,-0.5905,1.091e-14,7.909e-15,2.855e-15,0.0001,-8.71,0
LeftS108300,36.1273,-2.9709,1.284e-17,1.340e-17,1.041e-17,0.0006,-8.03,0
LeftS108301,36.1728,-2.9914,1.569e-16,1.533e-16,1.022e-16,0.0009,-8.01,0
LeftS108302,36.2374,-3.0365,1.063e-16,1.799e-16,3.746e-16,0.0008,-8.08,0
LeftS108303,36.1439,-0.5348,1.513e-16,3.238e-16,1.097e-15,0.0,-8.55,0
LeftS108304,36.1093,-0.6001,2.726e-16,2.231e-16,1.094e-16,0.001,-8.57,0
LeftS108305,36.0551,-0.5425,3.708e-15,2.792e-15,1.147e-15,-0.0003,-8.51,0
LeftS108306,35.9881,-0.4796,1.721e-14,1.182e-14,4.043e-15,-0.0006,-8.64,0
LeftS108307,35.9618,-0.6112,1.248e-15,9.344e-16,3.936e-16,0.0005,-8.53,1
LeftS108308,35.8847,-0.5362,4.353e-14,2.952e-14,1.006e-14,0.0005,-8.8,0
LeftS108309,35.8277,-0.5156,2.421e-15,1.827e-15,7.564e-16,0.0008,-8.62,1
LeftS108310,36.6412,-2.9856,4.732e-15,3.526e-15,1.417e-15,-0.0,-8.04,0
LeftS108311,35.7534,-0.5859,1.960e-15,1.505e-15,6.586e-16,0.0003,-8.53,1
LeftS108312,35.6669,-0.5142,2.457e-15,1.825e-15,7.332e-16,-0.0001,-8.36,0
LeftS108313,36.7681,-3.0452,1.191e-14,8.471e-15,3.254e-15,0.0011,-8.32,0
LeftS108314,35.6089,-0.4758,2.321e-15,1.719e-15,6.846e-16,0.0006,-8.55,0
LeftS108315,35.5394,-0.4727,3.427e-15,2.619e-15,1.110e-15,0.0009,-8.4,1
LeftS108316,35.5098,-0.5244,7.077e-15,4.975e-15,1.837e-15,0.0007,-8.36,0
LeftS108317,37.0131,-3.0763,4.260e-17,4.170e-17,2.818e-17,0.0004,-8.27,0
LeftS108318,37.0183,-2.9894,3.682e-12,3.218e-12,1.774e-12,-0.0003,-8.05,1
LeftS108319,37.1046,-2.9856,6.879e-18,8.098e-18,8.039e-18,0.0003,-7.74,0
LeftS108320,37.1703,-2.9665,4.006e-15,1.200e-14,8.623e-14,-0.0,-8.37,0
LeftS108321,37.1459,-2.9977,1.843e-16,1.605e-16,8.639e-17,0.0011,-8.12,0
LeftS108322,37.2327,-2.8594,9.654e-16,7.872e-16,3.767e-16,0.0002,-8.1,0
LeftS108323,37.2832,-2.9427,6.572e-16,5.260e-16,2.555e-16,0.0004,-8.21,0
LeftS108324,35.0664,-0.7197,6.319e-18,7.135e-18,6.642e-18,0.0003,-8.29,0
LeftS108325,37.3386,-2.8359,1.921e-19,3.127e-19,6.240e-19,-0.0006,-8.38,0
LeftS108326,37.3417,-2.8297,1.025e-14,6.816e-15,2.144e-15,0.0002,-8.29,0
LeftS108327,37.5385,-2.7748,1.218e-15,9.578e-16,4.269e-16,0.0004,-8.23,1
LeftS108328,37.6783,-2.7657,1.326e-16,1.186e-16,7.020e-17,0.0004,-8.25,0
LeftS108329,37.6374,-2.6759,9.007e-15,6.301e-15,2.204e-15,0.0008,-8.33,0
LeftS108330,34.7506,-0.8995,7.407e-15,5.157e-15,1.830e-15,0.0008,-8.12,0
LeftS108331,37.7247,-2.6378,8.047e-16,6.577e-16,3.256e-16,0.0011,-8.26,0
LeftS108332,34.6904,-0.9718,1.039e-16,9.440e-17,5.789e-17,0.001,-7.98,0
LeftS108333,34.6819,-0.9987,8.666e-16,7.301e-16,3.677e-16,-0.0003,-8.23,0
LeftS108334,34.5847,-1.0713,6.051e-12,4.488e-12,1.757e-12,-0.0001,-8.02,0
LeftS108335,34.6391,-1.0396,1.056e-15,8.422e-16,3.901e-16,0.0004,-8.09,0
LeftS108336,37.9569,-2.4565,2.380e-15,1.790e-15,7.244e-16,0.0004,-8.48,0
LeftS108337,37.9359,-2.3986,3.713e-15,2.636e-15,9.977e-16,0.0008,-8.37,0
LeftS108338,37.9483,-2.3997,5.068e-17,4.932e-17,3.440e-17,0.0008,-8.33,0
LeftS108339,34.4002,-1.2796,2.496e-16,2.101e-16,1.052e-16,0.0011,-8.13,0
LeftS108341,34.3668,-1.3798,6.150e-12,4.693e-12,2.040e-12,0.0006,-7.98,1
LeftS108342,34.3936,-1.4340,3.677e-16,5.779e-16,1.051e-15,0.0011,-7.93,0
LeftS108343,34.3287,-1.4752,4.884e-16,7.588e-16,1.342e-15,0.0002,-8.11,0
LeftS108344,34.2319,-1.5113,4.488e-14,3.067e-14,9.983e-15,-0.0008,-8.07,0
LeftS108345,38.3509,-1.9771,1.015e-15,2.810e-15,1.697e-14,0.0001,-8.59,0
LeftS108346,38.2650,-1.9135,4.305e-14,2.895e-14,9.173e-15,0.0009,-8.36,0
LeftS108347,34.2916,-1.6918,1.944e-15,1.476e-15,6.170e-16,0.0002,-7.98,1
LeftS108348,34.1441,-1.7667,1.796e-16,3.420e-16,9.366e-16,-0.0004,-8.24,0
LeftS108349,34.3435,-1.8107,9.846e-16,8.096e-16,3.837e-16,0.0007,-7.75,0
LeftS108350,34.0996,-1.8921,1.166e-16,1.771e-16,3.171e-16,0.0007,-7.76,0
LeftS108351,38.1628,-1.6018,1.204e-15,9.624e-16,4.601e-16,0.0002,-8.6,0
LeftS108352,34.3187,-2.0049,1.151e-15,9.459e-16,4.688e-16,0.0001,-7.87,0
LeftS108353,38.0754,-1.4405,5.391e-17,5.213e-17,3.448e-17,0.0003,-8.75,0
LeftS108354,34.2062,-2.1395,3.388e-14,2.392e-14,8.570e-15,0.0007,-7.9,0
LeftS108355,38.2834,-1.3138,4.987e-15,3.652e-15,1.393e-15,-0.0,-8.9,0
LeftS108356,38.1352,-1.2873,8.543e-16,6.749e-16,3.043e-16,0.0013,-8.87,0
LeftS108357,38.1956,-1.1486,7.457e-19,1.054e-18,1.493e-18,0.0005,-8.86,0
LeftS108358,38.1085,-1.0844,5.135e-17,4.905e-17,3.190e-17,0.0012,-8.8,0
LeftS108359,34.3395,-2.4258,1.192e-16,1.101e-16,6.976e-17,-0.0002,-7.88,0
LeftS108360,34.3352,-2.5717,1.865e-15,1.353e-15,5.195e-16,0.0006,-7.76,0
LeftS108361,38.0893,-0.9085,7.452e-18,8.996e-18,9.462e-18,0.0014,-8.95,0
LeftS108362,37.9944,-0.7935,2.585e-15,1.894e-15,7.497e-16,-0.0002,-8.92,0
LeftS108363,34.5349,-2.7255,6.385e-14,4.339e-14,1.453e-14,-0.0004,-7.5,0
LeftS108364,37.8187,-0.7203,1.291e-16,1.189e-16,7.104e-17,0.0004,-8.83,0
LeftS108365,34.7097,-2.8856,4.465e-15,3.153e-15,1.187e-15,0.0006,-7.91,0
LeftS108366,34.7239,-2.8573,1.096e-14,7.822e-15,2.922e-15,0.0002,-7.74,0
LeftS108367,34.6818,-2.9826,8.959e-15,6.311e-15,2.315e-15,0.0006,-7.57,0
LeftS108368,37.5442,-0.4217,2.579e-15,1.971e-15,8.299e-16,0.0003,-8.89,1
LeftS108369,35.0731,-3.0934,6.759e-18,7.988e-18,8.299e-18,-0.0001,-7.48,0
LeftS108370,34.9795,-3.2259,2.204e-14,1.517e-14,5.271e-15,0.0001,-7.7,0
LeftS108371,35.1283,-3.2780,1.580e-18,2.041e-18,2.474e-18,0.0001,-7.75,0
LeftS108372,37.2541,-0.2071,1.573e-15,1.181e-15,4.641e-16,0.0006,-8.98,0
LeftS108373,37.1576,-0.2204,1.062e-15,8.674e-16,4.165e-16,0.0013,-8.86,0
LeftS108374,36.9920,-0.1724,7.055e-17,1.155e-16,2.272e-16,0.0005,-8.76,0
LeftS108375,36.9098,-0.1120,6.627e-15,4.835e-15,1.841e-15,0.0012,-8.9,0
LeftS108376,35.5804,-3.4740,3.519e-19,5.593e-19,1.044e-18,0.0009,-7.84,0
LeftS108377,35.7465,-3.3969,1.785e-15,1.356e-15,5.815e-16,0.0003,-7.87,1
LeftS108378,35.8489,-3.5973,5.165e-15,3.945e-15,1.689e-15,0.0013,-7.84,0
LeftS108379,36.4255,-0.0661,7.259e-16,5.821e-16,2.680e-16,0.0009,-8.66,0
LeftS108380,36.3399,-0.1574,3.934e-12,2.706e-12,9.416e-13,0.0008,-8.83,0
LeftS108381,36.1899,0.0430,3.662e-16,3.038e-16,1.483e-16,0.0004,-8.59,0
LeftS108382,36.3617,-3.7075,5.552e-15,4.083e-15,1.579e-15,0.0008,-7.82,0
LeftS108383,35.1820,-1.9492,2.088e-12,1.384e-12,4.602e-13,-0.0,-7.76,0
LeftS108384,37.3573,-1.6237,1.493e-15,1.155e-15,5.132e-16,0.0012,-8.63,0
LeftS108385,37.3337,-1.5953,1.627e-20,3.066e-20,8.314e-20,0.0,-8.73,0
LeftS108386,37.2341,-1.5833,7.110e-19,9.892e-19,1.429e-18,0.0004,-8.83,0
LeftS108387,35.1159,-1.9613,1.451e-15,1.133e-15,4.919e-16,0.0005,-7.52,1
LeftS108388,37.2707,-1.5984,1.560e-15,1.221e-15,5.485e-16,0.0006,-8.72,1
LeftS108389,35.0963,-2.0008,3.062e-19,4.565e-19,7.662e-19,0.0006,-7.76,0
LeftS108390,35.1880,-1.9897,3.260e-15,2.497e-15,1.041e-15,0.0004,-7.92,1
LeftS108391,35.1550,-1.9870,1.044e-15,8.166e-16,3.559e-16,0.0009,-7.57,1
LeftS108392,34.9946,-2.0129,6.159e-17,6.168e-17,4.306e-17,0.0009,-7.99,0
LeftS108393,37.3172,-1.5306,7.976e-17,7.297e-17,4.489e-17,-0.0,-8.79,0
LeftS108394,35.1567,-2.0165,1.371e-20,2.923e-20,9.896e-20,0.0004,-7.83,0
LeftS108395,37.3272,-1.5145,1.725e-16,1.504e-16,7.879e-17,0.0003,-8.4,0
LeftS108396,35.0100,-2.0426,8.673e-17,1.592e-16,3.903e-16,0.0005,-7.87,0
LeftS108397,35.2212,-2.0865,7.656e-17,7.107e-17,4.311e-17,-0.0001,-7.78,0
LeftS108399,37.4470,-1.4548,8.402e-19,1.077e-18,1.335e-18,-0.0004,-8.82,0
LeftS108400,37.2573,-1.4666,3.773e-16,3.183e-16,1.652e-16,0.0005,-8.81,0
LeftS108402,37.5263,-1.4114,7.134e-17,6.725e-17,4.206e-17,0.001,-8.78,0
LeftS108403,37.2788,-1.4492,1.671e-17,1.934e-17,1.921e-17,0.0002,-8.71,0
LeftS108404,37.4313,-1.3980,5.226e-15,3.789e-15,1.441e-15,0.0004,-8.58,0
LeftS108405,37.3092,-1.3761,3.417e-17,3.450e-17,2.476e-17,0.0011,-8.76,0
LeftS108406,35.1511,-2.1285,3.061e-16,5.425e-16,1.209e-15,0.0008,-7.81,0
LeftS108407,35.1948,-2.1872,4.562e-20,8.361e-20,2.082e-19,0.0007,-7.67,0
LeftS108408,37.5210,-1.3587,1.775e-20,3.551e-20,1.028e-19,0.0002,-9.0,0
LeftS108410,35.1092,-2.2045,5.031e-17,4.780e-17,3.083e-17,0.0002,-7.82,0
LeftS108411,37.3048,-1.2991,1.708e-14,1.172e-14,4.121e-15,-0.0,-8.67,0
LeftS108412,35.1321,-2.2094,8.180e-17,1.298e-16,2.389e-16,0.0014,-7.84,0
LeftS108413,37.3123,-1.3048,8.372e-17,8.172e-17,5.481e-17,-0.0001,-8.58,0
LeftS108415,35.1178,-2.2343,6.979e-16,5.565e-16,2.608e-16,0.0011,-7.79,0
LeftS108416,35.0771,-2.2927,1.785e-20,3.479e-20,9.807e-20,0.0008,-7.73,0
LeftS108417,35.0450,-2.3100,1.152e-15,8.857e-16,3.924e-16,-0.0002,-7.74,1
LeftS108418,37.2057,-1.2238,1.522e-16,1.341e-16,7.772e-17,0.0006,-8.88,0
LeftS108420,37.2787,-1.2817,6.708e-16,5.412e-16,2.493e-16,0.0001,-8.83,0
LeftS108421,35.2178,-2.3277,7.460e-19,1.006e-18,1.299e-18,-0.0001,-7.57,0
LeftS108422,37.2199,-1.1928,5.124e-17,4.948e-17,3.352e-17,0.0007,-8.75,0
LeftS108423,35.1490,-2.3472,2.537e-20,4.814e-20,1.307e-19,0.0005,-7.69,0
LeftS108424,37.3757,-1.1083,6.033e-17,6.119e-17,4.551e-17,0.0006,-8.85,0
LeftS108425,35.2598,-2.4081,2.104e-15,1.658e-15,7.501e-16,0.0007,-7.77,1
LeftS108426,35.3784,-2.3898,5.271e-17,5.145e-17,3.665e-17,0.0006,-7.56,0
LeftS108427,37.1802,-1.1290,3.840e-17,3.791e-17,2.696e-17,0.0004,-8.86,0
LeftS108429,35.2163,-2.4530,1.565e-17,1.690e-17,1.470e-17,0.0004,-7.62,0
LeftS108430,35.2006,-2.4793,1.030e-16,1.629e-16,2.964e-16,-0.0006,-7.81,0
LeftS108431,37.3363,-1.1052,1.142e-16,1.081e-16,6.846e-17,0.0006,-8.62,0
LeftS108433,37.2389,-1.0828,5.548e-15,4.151e-15,1.653e-15,0.0004,-8.63,0
LeftS108434,35.3437,-2.4760,1.220e-17,1.310e-17,1.076e-17,0.0002,-7.79,0
LeftS108435,35.1725,-2.5082,2.061e-16,2.826e-16,3.913e-16,0.0005,-7.84,0
LeftS108436,35.2787,-2.4541,4.580e-19,6.592e-19,1.026e-18,-0.0,-7.81,0
LeftS108437,35.2844,-2.4656,1.404e-20,2.840e-20,8.627e-20,0.0006,-7.58,0
LeftS108438,37.1860,-0.8754,9.492e-17,9.109e-17,6.108e-17,-0.0003,-8.69,0
LeftS108439,35.3360,-2.6103,1.298e-16,1.224e-16,7.611e-17,0.0005,-7.8,0
LeftS108440,35.2997,-2.5493,5.227e-18,6.035e-18,5.892e-18,0.0014,-7.56,0
LeftS108441,37.1452,-0.8569,6.807e-16,5.821e-16,3.081e-16,0.0005,-8.61,0
LeftS108442,35.3371,-2.6163,8.297e-17,1.578e-16,4.179e-16,0.0001,-7.8,0
LeftS108443,37.1049,-0.8965,2.646e-16,2.360e-16,1.314e-16,-0.0004,-8.89,0
LeftS108444,35.4245,-2.5603,2.637e-16,2.259e-16,1.164e-16,0.0008,-7.79,0
LeftS108445,35.3967,-2.5831,3.437e-19,4.925e-19,7.596e-19,0.0,-7.88,0
LeftS108447,37.1786,-0.9037,7.131e-15,4.937e-15,1.681e-15,0.001,-8.69,0
LeftS108449,36.9826,-0.8922,1.046e-16,1.931e-16,4.918e-16,0.0011,-8.95,0
LeftS108450,35.4923,-2.6799,1.232e-15,9.375e-16,3.956e-16,-0.0001,-7.93,1
LeftS108451,35.4975,-2.7968,4.523e-16,1.213e-15,6.955e-15,-0.0003,-7.72,0
LeftS108452,36.8625,-0.6942,2.917e-16,2.490e-16,1.322e-16,-0.0003,-8.74,0
LeftS108453,36.8926,-0.6862,2.258e-15,1.740e-15,7.338e-16,-0.0002,-8.88,1
LeftS108454,35.6069,-2.7225,6.610e-17,6.172e-17,3.914e-17,0.0002,-7.84,0
LeftS108455,36.8356,-0.5380,7.540e-17,1.195e-16,2.242e-16,0.0005,-8.75,0
LeftS108456,36.7828,-0.7740,5.900e-15,4.274e-15,1.656e-15,0.0002,-8.6,0
LeftS108457,36.9025,-0.7589,1.720e-19,2.691e-19,4.950e-19,0.0002,-8.8,0
LeftS108458,35.6392,-2.6915,8.940e-15,6.196e-15,2.173e-15,0.0,-7.83,0
LeftS108459,35.6589,-2.8057,3.673e-18,4.384e-18,4.709e-18,-0.0002,-7.78,0
LeftS108462,35.6764,-2.7835,1.175e-15,9.302e-16,4.195e-16,0.0011,-7.75,1
LeftS108463,35.6680,-2.8689,1.836e-20,3.291e-20,8.080e-20,0.0006,-7.57,0
LeftS108464,36.6610,-0.6259,2.191e-16,3.356e-16,5.846e-16,0.0001,-8.88,0
LeftS108465,36.6479,-0.7898,1.913e-16,1.738e-16,1.000e-16,0.0009,-8.69,0
LeftS108466,35.7256,-2.8029,6.448e-19,9.747e-19,1.607e-18,-0.0003,-7.81,0
LeftS108467,36.6033,-0.8195,5.121e-15,3.828e-15,1.559e-15,0.0003,-8.87,0
LeftS108468,36.6275,-0.7156,2.130e-16,4.868e-16,2.015e-15,0.0007,-9.06,0
LeftS108470,36.5463,-0.6115,7.910e-17,7.515e-17,4.885e-17,0.0007,-8.8,0
LeftS108471,35.8972,-2.8127,8.456e-18,1.006e-17,1.015e-17,-0.0006,-8.01,0
LeftS108472,35.8937,-2.8788,7.306e-18,8.414e-18,8.162e-18,0.0001,-7.77,0
LeftS108473,36.4908,-0.6632,2.258e-16,2.032e-16,1.168e-16,0.0002,-8.89,0
LeftS108474,35.9870,-2.8962,4.281e-17,7.503e-17,1.685e-16,-0.0002,-8.17,0
LeftS108475,36.4502,-0.4403,1.487e-12,6.454e-12,1.020e-10,0.0008,-8.6,0
LeftS108476,36.0430,-2.9986,3.399e-15,2.597e-15,1.074e-15,0.0016,-7.85,1
LeftS108477,36.0432,-2.9854,3.522e-17,3.446e-17,2.372e-17,0.0008,-7.96,0
LeftS108479,36.2853,-0.7062,3.678e-16,3.062e-16,1.552e-16,0.0004,-8.52,0
LeftS108480,36.1261,-2.9438,1.482e-16,1.344e-16,8.103e-17,0.0003,-8.01,0
LeftS108481,36.1716,-3.0246,5.762e-15,4.262e-15,1.677e-15,0.0002,-7.92,0
LeftS108483,36.2733,-3.1654,1.230e-15,9.648e-16,4.113e-16,0.0009,-7.75,1
LeftS108484,36.2424,-3.0801,2.301e-16,2.019e-16,1.118e-16,0.001,-8.06,0
LeftS108485,36.0982,-0.5712,1.905e-15,1.476e-15,6.284e-16,0.001,-8.56,1
LeftS108486,36.0827,-0.5868,2.608e-16,4.642e-16,1.046e-15,0.0005,-8.54,0
LeftS108487,36.3548,-3.0387,5.944e-18,6.792e-18,6.443e-18,-0.0003,-8.16,0
LeftS108488,36.4138,-3.1335,1.626e-15,1.281e-15,5.705e-16,0.0005,-8.06,1
LeftS108489,36.4279,-3.0062,7.034e-16,5.965e-16,3.067e-16,0.0003,-8.12,0
LeftS108490,36.3903,-2.9020,2.506e-16,5.564e-16,2.205e-15,0.0006,-7.89,0
LeftS108491,35.9146,-0.5318,3.110e-19,4.571e-19,7.049e-19,0.0003,-8.6,0
LeftS108492,36.5295,-3.1124,2.194e-19,3.466e-19,6.338e-19,-0.0001,-8.04,0
LeftS108494,35.7766,-0.6298,1.808e-15,1.410e-15,6.206e-16,0.0001,-8.63,1
LeftS108495,35.8327,-0.5598,1.143e-15,8.667e-16,3.490e-16,0.0008,-8.33,0
LeftS108496,35.8073,-0.6586,7.318e-17,7.380e-17,5.319e-17,0.0004,-8.59,0
LeftS108497,35.7188,-0.4996,1.661e-15,1.283e-15,5.467e-16,0.0004,-8.63,1
LeftS108499,35.6166,-0.5731,7.877e-20,1.395e-19,3.215e-19,0.0004,-8.32,0
LeftS108501,35.5387,-0.5837,2.702e-15,2.085e-15,8.933e-16,0.0004,-8.28,1
LeftS108502,35.5157,-0.6874,4.371e-18,5.296e-18,5.720e-18,0.0001,-8.62,0
LeftS108504,36.9508,-2.8925,2.580e-17,2.773e-17,2.329e-17,0.0002,-8.18,0
LeftS108506,37.0755,-3.0382,2.559e-20,4.979e-20,1.432e-19,0.0007,-8.17,0
LeftS108507,37.1489,-2.8703,2.384e-15,1.753e-15,6.709e-16,0.0001,-8.09,0
LeftS108509,37.1433,-2.9101,1.820e-18,2.295e-18,2.717e-18,0.0008,-8.05,0
LeftS108510,35.2663,-0.6658,3.114e-17,3.113e-17,2.158e-17,0.0009,-8.53,0
LeftS108511,35.2630,-0.7410,1.106e-20,2.098e-20,5.508e-20,-0.0006,-8.19,0
LeftS108512,37.2786,-2.9462,1.911e-18,2.453e-18,2.970e-18,0.0,-8.19,0
LeftS108513,35.1504,-0.8071,4.541e-17,7.435e-17,1.494e-16,0.0002,-8.21,0
LeftS108514,37.4759,-2.9669,2.957e-17,2.855e-17,1.957e-17,-0.0002,-8.04,0
LeftS108517,35.0717,-0.6847,5.851e-15,4.209e-15,1.603e-15,0.0004,-8.14,0
LeftS108518,37.3862,-2.7319,4.773e-18,5.751e-18,6.034e-18,0.0004,-8.31,0
LeftS108519,37.4443,-2.7606,2.592e-15,1.974e-15,8.406e-16,0.0005,-8.18,1
LeftS108520,34.9101,-0.6966,1.040e-16,9.263e-17,5.163e-17,0.0008,-8.42,0
LeftS108521,37.6413,-2.7474,1.126e-16,1.851e-16,3.794e-16,0.0004,-8.46,0
LeftS108522,34.7841,-0.8714,3.439e-15,2.655e-15,1.144e-15,0.0008,-8.43,1
LeftS108523,34.9158,-0.8695,4.516e-15,3.387e-15,1.359e-15,0.0008,-8.36,0
LeftS108524,34.7598,-0.9158,1.286e-16,1.162e-16,6.969e-17,0.0004,-8.03,0
LeftS108526,34.6563,-0.8682,7.411e-17,1.572e-16,5.356e-16,-0.0002,-8.28,0
LeftS108527,34.5886,-1.1227,7.588e-15,5.283e-15,1.919e-15,0.0003,-8.05,0
LeftS108529,34.4271,-1.1220,9.463e-17,1.954e-16,6.434e-16,-0.0001,-7.94,0
LeftS108530,38.0183,-2.4523,8.830e-16,7.205e-16,3.430e-16,-0.0002,-8.5,0
LeftS108531,37.9761,-2.5117,1.391e-17,1.526e-17,1.329e-17,-0.0003,-8.39,0
LeftS108532,37.8956,-2.5112,7.248e-17,6.741e-17,4.322e-17,0.0007,-8.44,0
LeftS108533,37.9620,-2.3755,7.274e-12,5.236e-12,2.036e-12,0.0007,-8.47,0
LeftS108534,38.1164,-2.2342,2.363e-14,1.592e-14,5.301e-15,0.0002,-8.52,0
LeftS108535,34.3380,-1.2073,8.345e-15,6.078e-15,2.314e-15,0.0005,-7.89,0
LeftS108536,38.1865,-2.2578,7.878e-12,7.037e-12,4.189e-12,0.0003,-8.79,1
LeftS108537,34.3430,-1.3177,6.606e-17,6.315e-17,4.219e-17,0.0,-8.19,0
LeftS108538,38.2325,-2.1363,1.296e-17,1.383e-17,1.118e-17,0.001,-8.3,0
LeftS108539,34.3978,-1.3906,9.713e-16,7.755e-16,3.475e-16,0.0001,-8.14,0
LeftS108540,38.1906,-2.1464,2.772e-16,2.384e-16,1.273e-16,-0.0,-8.59,0
LeftS108541,37.9385,-2.0691,1.402e-20,2.882e-20,9.630e-20,0.0013,-8.82,0
LeftS108542,38.0944,-2.0524,5.977e-20,1.006e-19,2.075e-19,-0.0003,-8.83,0
LeftS108543,34.6053,-1.5839,1.170e-16,1.933e-16,3.933e-16,0.0002,-8.18,0
LeftS108544,38.2036,-1.9584,1.438e-17,1.556e-17,1.259e-17,0.0005,-8.42,0
LeftS108545,38.2766,-1.8973,1.284e-17,1.320e-17,9.781e-18,0.0002,-8.6,0
LeftS108549,34.1774,-1.8135,1.371e-18,1.723e-18,2.024e-18,-0.0003,-7.78,0
LeftS108552,34.1924,-1.9633,5.938e-19,8.190e-19,1.186e-18,0.0002,-7.87,0
LeftS108553,34.3121,-1.9796,8.127e-12,6.549e-12,3.131e-12,0.001,-7.83,1
LeftS108554,38.2207,-1.5367,5.871e-17,9.736e-17,2.046e-16,0.0001,-8.6,0
LeftS108555,34.2683,-2.0388,7.764e-17,6.761e-17,3.853e-17,0.0005,-7.92,0
LeftS108556,34.0976,-2.1335,1.540e-15,1.232e-15,5.754e-16,0.0008,-7.87,0
LeftS108557,38.0284,-1.3797,4.332e-19,6.386e-19,1.038e-18,0.0002,-8.62,0
LeftS108558,38.2349,-1.2854,2.652e-16,5.121e-16,1.426e-15,0.0004,-8.77,0
LeftS108559,37.9927,-1.3665,1.007e-15,8.415e-16,4.196e-16,-0.0006,-8.67,0
LeftS108560,34.3875,-2.2953,3.715e-16,8.318e-16,3.169e-15,0.0003,-7.69,0
LeftS108561,34.3772,-2.3629,6.343e-15,4.587e-15,1.764e-15,0.0004,-7.75,0
LeftS108562,34.3970,-2.3751,5.723e-17,1.139e-16,3.432e-16,-0.0002,-7.69,0
LeftS108564,37.8621,-1.0228,1.871e-19,3.168e-19,6.846e-19,0.0001,-8.61,0
LeftS108565,34.2557,-2.5450,1.697e-14,1.157e-14,3.988e-15,-0.0004,-8.0,0
LeftS108566,34.6935,-2.5501,8.340e-17,1.366e-16,2.697e-16,0.0002,-7.57,0
LeftS108567,37.9643,-0.9286,1.405e-15,4.363e-15,3.342e-14,-0.0007,-8.85,0
LeftS108569,37.8519,-0.8059,7.056e-19,9.656e-19,1.302e-18,-0.0001,-9.1,0
LeftS108570,34.5916,-2.8223,5.705e-19,7.886e-19,1.143e-18,0.0004,-7.72,0
LeftS108571,37.8485,-0.5060,1.960e-16,1.721e-16,9.361e-17,-0.0001,-8.68,0
LeftS108572,37.8930,-0.7029,1.615e-17,1.730e-17,1.430e-17,0.0006,-9.02,0
LeftS108573,34.7594,-2.9745,6.731e-17,6.010e-17,3.482e-17,0.0004,-7.69,0
LeftS108574,34.7440,-3.0375,3.605e-16,3.027e-16,1.500e-16,0.0002,-7.9,0
LeftS108575,34.8758,-3.1543,1.212e-19,1.953e-19,3.854e-19,0.0005,-7.65,0
LeftS108576,37.4924,-0.5706,9.435e-16,7.201e-16,3.012e-16,0.0006,-8.85,1
LeftS108577,34.9155,-3.0031,5.667e-17,4.916e-17,2.686e-17,0.0008,-7.59,0
LeftS108578,35.0111,-3.1375,8.131e-15,5.770e-15,2.130e-15,0.0008,-7.55,1
LeftS108579,37.4488,-0.4351,4.013e-15,2.928e-15,1.167e-15,0.0015,-8.89,0
LeftS108580,37.2728,-0.1469,7.663e-15,5.629e-15,2.146e-15,0.0003,-8.83,0
LeftS108583,37.0684,-0.3561,1.280e-16,2.174e-16,4.552e-16,0.0007,-8.97,0
LeftS108584,37.1496,-0.2601,3.938e-16,6.025e-16,1.027e-15,0.0003,-8.79,0
LeftS108585,36.7079,-0.1106,2.653e-15,1.969e-15,8.093e-16,-0.0,-8.64,0
LeftS108586,36.8440,-0.0663,1.802e-17,1.834e-17,1.365e-17,0.0002,-8.78,0
LeftS108588,35.7543,-3.4808,2.248e-18,2.720e-18,2.953e-18,0.0004,-7.88,0
LeftS108589,36.6294,-0.1889,8.912e-17,8.369e-17,5.401e-17,-0.0004,-8.96,0
LeftS108590,35.8549,-3.2372,1.694e-18,2.198e-18,2.699e-18,0.0,-7.79,0
LeftS108591,36.4125,0.2555,8.125e-15,5.815e-15,2.193e-15,0.0006,-8.88,0
LeftS108592,36.0266,-3.5771,3.077e-15,2.231e-15,8.433e-16,0.0012,-7.77,0
LeftS108595,36.0536,0.1015,9.087e-20,1.576e-19,3.456e-19,0.0007,-8.77,0
LeftS108596,35.9682,0.1762,5.742e-17,5.222e-17,3.181e-17,0.0001,-8.68,0
LeftS108597,35.8826,-0.1346,1.248e-17,1.324e-17,1.084e-17,0.0007,-8.54,0
LeftS108598,35.7823,-0.0268,1.110e-16,1.883e-16,4.074e-16,0.0006,-8.78,0
LeftS108599,36.7492,-3.4941,1.467e-16,1.286e-16,7.001e-17,0.0013,-8.01,0
LeftS108600,35.5743,-0.0726,1.731e-16,1.507e-16,8.205e-17,0.0004,-8.87,0
LeftS108601,1.7532,-7.2273,1.979e-20,3.924e-20,1.217e-19,0.001,-5.27,0
LeftS108603,1.8455,-7.2021,6.630e-19,8.935e-19,1.203e-18,0.0007,-5.78,0
LeftS108604,1.7913,-6.8306,1.079e-19,1.719e-19,3.336e-19,0.0005,-5.51,0
LeftS108605,1.5477,-6.9107,3.572e-18,4.026e-18,3.745e-18,0.0007,-5.48,0
LeftS108606,1.6695,-7.2296,2.925e-20,5.341e-20,1.342e-19,0.0006,-5.26,0
LeftS108614,1.8150,-7.2747,1.212e-16,1.083e-16,6.339e-17,0.0008,-5.47,0
LeftS108616,2.2657,-7.0919,3.893e-20,6.306e-20,1.228e-19,0.0008,-5.92,0
LeftS108617,1.1765,-7.4387,1.310e-18,1.645e-18,1.922e-18,0.0,-5.04,0
LeftS108618,1.8223,-8.3351,7.242e-20,1.146e-19,2.171e-19,0.0001,-5.28,0
LeftS108620,1.8390,-7.2723,1.117e-16,1.812e-16,3.623e-16,0.0004,-5.54,0
LeftS108625,1.2655,-7.1146,5.079e-20,9.030e-20,2.120e-19,0.0001,-5.29,0
LeftS108627,1.7588,-7.3458,6.210e-18,7.196e-18,6.821e-18,0.0007,-5.4,0
LeftS108628,2.0903,-7.9379,1.077e-19,1.758e-19,3.570e-19,0.0005,-5.77,0
LeftS108629,1.7239,-7.2041,2.931e-16,2.426e-16,1.174e-16,-0.0001,-5.25,0
LeftS108632,1.8897,-7.4570,1.325e-20,2.489e-20,6.399e-20,0.001,-5.64,0
LeftS108633,1.6931,-6.9754,3.933e-20,7.203e-20,1.821e-19,0.0002,-5.5,0
LeftS108634,1.9006,-7.3473,7.082e-17,1.322e-16,3.475e-16,0.0011,-5.64,0
LeftS108635,1.8445,-7.2126,2.344e-19,3.584e-19,6.230e-19,-0.0001,-5.87,0
LeftS108639,1.8052,-7.2369,2.002e-17,2.180e-17,1.846e-17,-0.0002,-5.5,0
LeftS108641,1.4491,-7.5527,1.605e-20,3.135e-20,8.951e-20,0.0003,-5.3,0
LeftS108644,1.8030,-7.2405,1.573e-20,2.968e-20,8.155e-20,0.0003,-5.3,0
LeftS108646,0.7963,-6.8487,3.238e-19,4.877e-19,8.164e-19,-0.0007,-4.89,0
LeftS108648,1.7150,-7.1839,4.610e-19,6.844e-19,1.137e-18,0.0005,-5.36,0
LeftS108651,1.8044,-7.3459,1.563e-20,2.955e-20,8.028e-20,0.001,-5.48,0
LeftS108652,1.9544,-7.2179,2.075e-19,3.190e-19,5.558e-19,0.0,-5.95,0
LeftS108655,1.7855,-7.2242,8.461e-19,1.221e-18,1.883e-18,0.0006,-5.41,0
LeftS108656,1.7302,-7.2065,1.787e-19,2.769e-19,4.846e-19,0.0006,-5.22,0
LeftS108658,2.5758,-7.8190,5.871e-20,1.024e-19,2.332e-19,0.0002,-5.84,0
LeftS108659,1.9290,-7.2358,5.393e-18,6.102e-18,5.412e-18,0.0002,-5.87,0
LeftS108661,2.0059,-6.9697,9.206e-18,1.021e-17,9.005e-18,0.0005,-5.89,0
LeftS108663,1.8128,-7.2422,2.837e-19,4.336e-19,7.584e-19,0.0009,-5.9,0
LeftS108667,1.2443,-6.9053,3.604e-19,5.098e-19,7.680e-19,-0.0007,-5.29,0
LeftS108668,1.7949,-7.8692,6.298e-19,8.603e-19,1.217e-18,0.0,-5.08,0
LeftS108669,1.3399,-6.0840,7.629e-18,8.303e-18,7.159e-18,-0.0004,-5.51,0
LeftS108671,1.5495,-7.1370,4.283e-12,4.084e-12,2.619e-12,0.0013,-5.2,1
LeftS108673,1.8166,-7.3999,2.414e-18,3.058e-18,3.584e-18,0.0005,-5.6,0
LeftS108674,1.8088,-7.2410,8.530e-19,1.073e-18,1.273e-18,0.0011,-6.2,0
LeftS108680,1.8736,-7.2233,1.126e-19,1.683e-19,2.804e-19,0.0001,-5.7,0
LeftS108682,1.8188,-7.3164,1.075e-20,2.208e-20,7.079e-20,-0.0001,-5.67,0
LeftS108683,1.8023,-7.2316,1.043e-16,9.556e-17,5.728e-17,0.0,-5.4,0
LeftS108684,1.7783,-7.2017,1.826e-19,2.963e-19,5.826e-19,0.0003,-5.32,0
LeftS108685,1.8802,-7.1596,1.177e-19,1.810e-19,3.185e-19,-0.0001,-5.92,0
LeftS108686,2.1941,-7.6573,1.493e-16,2.136e-16,3.259e-16,0.0012,-5.72,0
LeftS108688,1.8573,-7.2667,4.383e-17,4.170e-17,2.746e-17,0.0001,-5.78,0
LeftS108690,1.9222,-7.3836,1.434e-20,2.949e-20,9.750e-20,-0.0001,-5.64,0
LeftS108691,1.6635,-7.2307,1.670e-16,2.742e-16,5.392e-16,0.001,-5.29,0
LeftS108692,1.8343,-7.4543,2.587e-19,3.857e-19,6.063e-19,-0.0,-5.39,0
LeftS108694,1.4616,-7.4794,5.400e-20,9.465e-20,2.085e-19,0.0006,-5.01,0
LeftS108696,1.4535,-7.1665,1.687e-20,3.300e-20,9.293e-20,0.0007,-5.23,0
LeftS108697,1.8938,-7.2709,2.591e-20,4.542e-20,1.071e-19,0.0005,-5.74,0
LeftS108698,1.8417,-7.3298,8.176e-18,9.238e-18,8.703e-18,-0.0,-5.76,0
LeftS108701,1.6609,-7.0256,5.779e-19,8.234e-19,1.276e-18,0.0008,-5.2,0
LeftS108702,1.7806,-7.2074,4.546e-19,6.410e-19,9.713e-19,0.0007,-5.49,0
LeftS108705,1.4371,-7.1343,8.398e-19,1.120e-18,1.473e-18,0.0002,-5.15,0
LeftS108707,2.1063,-7.0195,6.783e-18,7.518e-18,6.933e-18,0.0008,-5.88,0
LeftS108708,2.2131,-7.2838,3.880e-18,4.808e-18,5.482e-18,-0.0007,-5.83,0
LeftS108709,0.8179,-5.6842,1.445e-17,1.502e-17,1.200e-17,-0.0,-5.46,0
LeftS108710,1.2617,-6.8706,1.957e-16,2.844e-16,4.399e-16,0.0002,-5.27,0
LeftS108712,1.7420,-7.1988,1.383e-16,3.307e-16,1.433e-15,0.0004,-5.35,0
LeftS108713,1.7905,-7.2239,1.975e-17,2.042e-17,1.554e-17,-0.0007,-5.41,0
LeftS108714,1.7371,-7.3015,1.081e-12,7.597e-13,2.667e-13,0.0003,-5.29,0
LeftS108715,1.0718,-6.8140,4.471e-18,4.956e-18,4.509e-18,-0.0,-5.06,0
LeftS108716,1.7565,-7.0251,7.698e-19,1.037e-18,1.393e-18,0.0,-5.52,0
LeftS108717,1.4398,-6.7595,1.435e-16,3.376e-16,1.411e-15,0.0001,-5.32,0
LeftS108718,2.3949,-6.7967,6.286e-20,1.029e-19,1.989e-19,-0.0002,-6.13,0
LeftS108719,3.0591,-8.0623,2.692e-18,3.340e-18,3.701e-18,0.0006,-5.76,0
LeftS108721,1.8049,-7.2476,1.459e-17,1.492e-17,1.084e-17,-0.0002,-5.42,0
LeftS108723,1.8275,-7.3152,8.520e-18,8.882e-18,7.142e-18,0.0006,-5.68,0
LeftS108724,1.6786,-7.1875,1.163e-20,2.233e-20,6.444e-20,0.0002,-5.35,0
LeftS108725,1.4729,-7.2227,1.301e-16,1.098e-16,5.828e-17,-0.0001,-5.11,0
LeftS108727,1.6373,-6.9981,3.558e-19,5.168e-19,8.198e-19,0.0001,-5.3,0
LeftS108730,1.7407,-7.0859,2.117e-16,4.102e-16,1.170e-15,0.0004,-5.44,0
LeftS108734,1.7304,-7.2406,3.778e-17,3.483e-17,2.175e-17,0.0005,-5.38,0
LeftS108736,2.4916,-6.4812,9.313e-19,1.244e-18,1.550e-18,-0.0002,-6.0,0
LeftS108737,1.7334,-7.3246,1.049e-16,9.242e-17,5.132e-17,0.0002,-5.29,0
LeftS108740,1.8093,-7.1300,7.119e-20,1.175e-19,2.295e-19,0.0005,-5.62,0
LeftS108741,1.6728,-7.3636,1.481e-18,1.964e-18,2.606e-18,0.0004,-5.31,0
LeftS108742,2.6613,-6.9110,9.363e-19,1.238e-18,1.570e-18,-0.0002,-6.24,0
LeftS108744,1.7918,-7.2471,1.349e-18,1.895e-18,2.784e-18,0.0004,-5.21,0
LeftS108745,1.9681,-7.3750,2.855e-16,6.439e-16,2.555e-15,0.0004,-5.77,0
LeftS108746,2.2618,-7.1201,1.144e-17,1.200e-17,9.638e-18,0.0003,-5.88,0
LeftS108747,1.8562,-7.0278,3.370e-18,3.940e-18,3.888e-18,0.0001,-5.89,0
LeftS108749,1.5907,-7.1366,4.680e-18,5.456e-18,5.620e-18,0.0004,-5.39,0
LeftS108750,1.7970,-7.2366,1.220e-18,1.661e-18,2.215e-18,0.0013,-5.33,0
LeftS108752,1.9764,-7.0490,1.979e-17,2.113e-17,1.700e-17,-0.0006,-5.75,0
LeftS108754,2.3062,-7.7217,5.912e-19,8.592e-19,1.305e-18,-0.0005,-5.97,0
LeftS108755,1.1914,-6.7254,1.270e-18,1.625e-18,1.990e-18,0.0007,-5.15,0
LeftS108757,1.6817,-7.5874,4.835e-18,5.461e-18,5.066e-18,0.0003,-5.38,0
LeftS108758,2.6761,-6.7941,2.717e-16,3.913e-16,5.908e-16,0.0001,-6.3,0
LeftS108759,1.8333,-7.6339,1.431e-18,1.923e-18,2.611e-18,0.0002,-5.45,0
LeftS108760,1.5641,-7.3244,1.212e-20,2.328e-20,6.699e-20,0.0007,-5.16,0
LeftS108761,1.9112,-7.2341,1.142e-18,1.493e-18,1.931e-18,-0.0004,-5.88,0
LeftS108763,2.5054,-6.8926,4.481e-20,7.646e-20,1.700e-19,0.0005,-6.05,0
LeftS108764,1.6836,-7.7752,3.329e-20,6.221e-20,1.584e-19,0.0001,-5.09,0
LeftS108765,1.6900,-7.0428,1.157e-18,1.453e-18,1.732e-18,-0.0001,-5.32,0
LeftS108766,1.7911,-7.2521,2.920e-18,3.538e-18,3.751e-18,0.0003,-5.32,0
LeftS108767,1.8186,-7.2493,3.676e-19,5.123e-19,7.524e-19,0.0001,-5.71,0
LeftS108768,2.3799,-7.4891,6.185e-20,1.072e-19,2.438e-19,0.0006,-5.84,0
LeftS108769,1.7452,-6.7945,3.346e-19,4.715e-19,6.848e-19,0.0014,-5.49,0
LeftS108770,1.5209,-7.5682,8.121e-20,1.278e-19,2.427e-19,0.0007,-5.18,0
LeftS108773,1.7433,-7.2573,1.367e-19,2.217e-19,4.298e-19,0.0006,-5.45,0
LeftS108775,1.6466,-6.9959,1.508e-20,3.025e-20,9.296e-20,0.0005,-5.41,0
LeftS108776,2.8152,-7.1626,1.177e-20,2.285e-20,6.753e-20,0.0005,-6.32,0
LeftS108777,1.8645,-6.7822,3.854e-16,9.435e-16,4.317e-15,0.0006,-5.79,0
LeftS108779,1.8432,-7.2408,1.106e-17,1.104e-17,8.247e-18,0.0002,-5.81,0
LeftS108781,1.9462,-7.1575,5.884e-18,6.758e-18,6.810e-18,-0.0008,-5.82,0
LeftS108782,1.7934,-7.2558,5.534e-12,4.104e-12,1.594e-12,0.0003,-5.38,0
LeftS108785,1.8387,-7.2559,2.899e-19,4.146e-19,6.433e-19,0.0,-5.91,0
LeftS108786,2.0323,-8.0323,2.357e-20,4.524e-20,1.230e-19,0.0011,-5.47,0
LeftS108787,1.7785,-7.3337,2.705e-16,4.001e-16,6.485e-16,-0.0004,-5.47,0
LeftS108790,1.8744,-7.2624,1.447e-17,1.532e-17,1.248e-17,0.0006,-5.78,0
LeftS108794,1.5023,-7.0903,1.845e-20,3.687e-20,1.129e-19,0.0012,-5.19,0
LeftS108797,1.9866,-7.0473,1.605e-19,2.523e-19,4.685e-19,0.0003,-5.88,0
LeftS108798,1.5065,-7.4440,4.344e-20,7.193e-20,1.446e-19,0.0004,-5.14,0
LeftS108799,1.2885,-6.5509,7.908e-20,1.375e-19,3.146e-19,-0.0003,-5.2,0
LeftS108800,1.7541,-6.9346,6.731e-17,1.163e-16,2.699e-16,-0.0001,-5.53,0
LeftS108801,1.4628,-7.4386,3.241e-18,3.871e-18,4.039e-18,0.0012,-5.27,0
LeftS108806,1.7641,-7.2072,1.612e-17,1.671e-17,1.254e-17,0.0004,-5.43,0
LeftS108807,1.7994,-7.1756,3.906e-20,6.850e-20,1.574e-19,-0.0006,-5.52,0
LeftS108808,1.8254,-7.0361,6.813e-19,9.433e-19,1.318e-18,0.001,-5.83,0
LeftS108809,0.9420,-7.5336,4.630e-19,6.629e-19,1.044e-18,0.0006,-5.0,0
LeftS108814,1.8536,-7.1987,5.232e-18,5.855e-18,5.286e-18,0.0002,-5.74,0
LeftS108816,1.8059,-7.3067,3.913e-19,5.403e-19,7.774e-19,0.0004,-5.52,0
LeftS108817,1.7194,-5.9599,4.798e-16,3.815e-16,1.667e-16,0.0003,-5.76,0
LeftS108818,2.3192,-8.0501,1.233e-17,1.205e-17,8.306e-18,0.0003,-5.71,0
LeftS108820,1.5704,-7.6302,3.019e-19,4.495e-19,7.304e-19,0.0001,-5.34,0
LeftS108823,1.7961,-7.3967,3.068e-17,3.232e-17,2.597e-17,0.0005,-5.58,0
LeftS108825,1.8863,-6.9916,1.752e-20,3.311e-20,8.646e-20,0.0006,-5.81,0
LeftS108826,1.7804,-6.8375,1.981e-18,2.401e-18,2.613e-18,0.0007,-5.52,0
LeftS108827,1.2620,-7.5716,3.079e-16,2.538e-16,1.237e-16,-0.0001,-5.15,0
LeftS108830,1.9665,-6.4904,1.643e-19,2.623e-19,4.898e-19,0.0003,-5.66,0
LeftS108831,1.8064,-7.1533,3.129e-20,5.817e-20,1.491e-19,0.0004,-5.5,0
LeftS108832,1.7582,-7.1449,3.845e-18,4.763e-18,5.387e-18,0.0001,-5.49,0
LeftS108836,0.6423,-6.2765,2.810e-20,5.068e-20,1.209e-19,0.0005,-5.3,0
LeftS108837,1.8827,-7.3389,1.884e-18,2.283e-18,2.471e-18,0.001,-5.73,0
LeftS108838,1.6804,-7.3434,2.871e-20,5.281e-20,1.313e-19,0.0005,-5.36,0
LeftS108841,1.6864,-7.0872,7.052e-20,1.255e-19,3.056e-19,0.0002,-5.52,0
LeftS108842,1.4529,-7.2758,7.092e-20,1.095e-19,1.918e-19,0.0001,-5.13,0
LeftS108843,1.9074,-7.6355,2.374e-18,2.956e-18,3.289e-18,0.0004,-5.55,0
LeftS108844,1.8727,-7.0742,4.713e-20,8.697e-20,2.173e-19,0.0003,-5.69,0
LeftS108846,1.7414,-7.8055,5.783e-17,5.471e-17,3.551e-17,0.0005,-5.38,0
LeftS108847,1.7537,-7.2737,7.886e-19,1.100e-18,1.619e-18,-0.0002,-5.22,0
LeftS108848,1.7889,-7.6742,1.078e-18,1.398e-18,1.746e-18,-0.0001,-5.35,0
LeftS108851,1.9198,-6.9568,2.431e-17,2.341e-17,1.525e-17,0.0003,-5.77,0
LeftS108852,1.8660,-7.6293,1.392e-16,1.229e-16,6.989e-17,0.0001,-5.49,0
LeftS108854,1.8986,-7.2056,2.549e-17,2.545e-17,1.800e-17,-0.0001,-5.86,0
LeftS108855,1.7014,-7.3546,4.714e-19,6.766e-19,1.034e-18,0.001,-5.32,0
LeftS108856,1.8479,-7.4239,5.591e-20,9.031e-20,1.709e-19,0.0008,-5.49,0
LeftS108857,1.9290,-8.6958,1.048e-20,2.116e-20,6.568e-20,-0.0002,-5.69,0
LeftS108860,1.9399,-7.4474,4.302e-18,5.240e-18,5.743e-18,-0.0004,-5.54,0
LeftS108861,1.8629,-7.1345,4.191e-20,7.055e-20,1.552e-19,0.0006,-5.8,0
LeftS108863,1.8722,-7.3276,4.617e-19,6.430e-19,9.109e-19,0.0001,-5.56,0
LeftS108864,2.0289,-7.2754,7.639e-18,8.273e-18,7.063e-18,0.0004,-5.91,0
LeftS108865,1.7062,-7.2624,5.251e-17,5.110e-17,3.554e-17,0.0008,-5.39,0
LeftS108866,1.6320,-7.1817,4.601e-18,5.376e-18,5.483e-18,0.0003,-5.41,0
LeftS108867,1.9122,-7.2711,2.632e-20,5.166e-20,1.473e-19,0.0004,-5.82,0
LeftS108868,1.7382,-7.3921,4.123e-16,3.252e-16,1.491e-16,0.0015,-5.34,0
LeftS108869,1.9805,-7.3313,1.896e-16,1.622e-16,8.616e-17,0.0002,-5.79,0
LeftS108872,1.6830,-7.2687,3.418e-19,4.849e-19,7.439e-19,-0.0001,-5.3,0
LeftS108873,1.6660,-7.1072,1.232e-17,1.336e-17,1.146e-17,0.0008,-5.45,0
LeftS108874,1.7023,-7.2681,7.213e-17,7.074e-17,4.823e-17,-0.0001,-5.35,0
LeftS108876,1.7676,-7.2328,9.579e-17,9.459e-17,6.815e-17,0.0006,-5.27,0
LeftS108877,1.8338,-7.4258,2.142e-20,4.343e-20,1.305e-19,0.0001,-5.55,0
LeftS108879,1.9725,-7.1824,2.624e-16,4.886e-16,1.251e-15,0.0012,-5.74,0
LeftS108880,1.6824,-7.3394,4.936e-17,4.853e-17,3.436e-17,0.0015,-5.38,0
LeftS108881,1.9391,-7.4717,1.114e-20,2.268e-20,7.005e-20,-0.0,-5.72,0
LeftS108882,1.7263,-7.5584,3.301e-12,2.297e-12,8.293e-13,0.0007,-5.49,0
LeftS108883,1.8105,-6.9994,7.205e-17,1.496e-16,4.923e-16,0.0001,-5.68,0
LeftS108884,1.8033,-7.1365,5.607e-20,9.651e-20,2.201e-19,0.0009,-5.63,0
LeftS108885,1.9105,-7.0254,5.540e-12,4.162e-12,1.746e-12,0.0006,-5.78,1
LeftS108886,1.8554,-7.1917,2.094e-16,1.802e-16,9.632e-17,0.0001,-5.81,0
LeftS108888,2.1104,-7.0423,1.221e-15,9.084e-16,3.744e-16,0.0005,-5.86,0
LeftS108890,1.9696,-7.0317,3.175e-20,6.149e-20,1.673e-19,-0.0002,-5.8,0
LeftS108891,1.5910,-7.5316,2.592e-20,4.916e-20,1.311e-19,0.0005,-5.2,0
LeftS108892,1.8745,-7.4353,1.300e-15,1.030e-15,4.627e-16,0.0001,-5.6,1
LeftS108893,1.9171,-7.4610,1.010e-15,2.980e-15,2.068e-14,-0.0001,-5.59,0
LeftS108894,1.7791,-7.3569,1.024e-15,7.883e-16,3.272e-16,0.0001,-5.31,1
LeftS108895,1.7000,-6.9290,3.201e-12,2.235e-12,7.673e-13,0.0002,-5.39,0
LeftS108896,1.9396,-7.1860,2.108e-18,2.766e-18,3.530e-18,0.0,-5.86,0
LeftS108898,1.6475,-7.1825,2.442e-16,2.093e-16,1.132e-16,0.0008,-5.45,0
LeftS108899,1.6225,-7.2292,2.981e-12,2.110e-12,7.671e-13,-0.0001,-5.04,0
LeftS108901,1.8729,-6.9531,7.750e-17,7.321e-17,4.927e-17,0.0005,-5.69,0
LeftS108902,1.7009,-7.3781,1.582e-16,1.428e-16,8.147e-17,0.0008,-5.35,0
LeftS108903,1.9496,-7.2087,2.455e-12,1.677e-12,5.684e-13,0.0007,-5.88,0
LeftS108905,1.5926,-7.2142,6.772e-18,7.669e-18,7.143e-18,0.0008,-5.25,0
LeftS108908,1.7775,-7.2066,4.574e-17,4.252e-17,2.698e-17,0.0004,-5.49,0
LeftS108909,1.8034,-7.0768,9.018e-17,8.429e-17,5.260e-17,0.0003,-5.66,0
LeftS108910,1.7150,-6.8810,2.512e-20,4.632e-20,1.151e-19,0.0007,-5.58,0
LeftS108911,1.7778,-7.1533,1.946e-20,3.879e-20,1.131e-19,0.0004,-5.43,0
LeftS108912,2.1375,-7.3287,8.003e-20,1.301e-19,2.573e-19,0.0005,-6.04,0
LeftS108913,1.9472,-7.1608,1.144e-16,2.810e-16,1.336e-15,0.0004,-5.8,0
LeftS108914,1.8970,-7.3489,9.771e-20,1.660e-19,3.579e-19,0.0002,-5.66,0
LeftS108915,1.8980,-7.3513,5.934e-18,6.933e-18,6.666e-18,-0.0004,-5.65,0
LeftS108916,1.8775,-7.2237,1.745e-20,3.516e-20,1.092e-19,0.0006,-5.84,0
LeftS108917,1.9935,-7.4703,2.420e-20,4.448e-20,1.132e-19,-0.0,-5.77,0
LeftS108919,1.7453,-7.3546,5.721e-18,6.766e-18,7.071e-18,-0.0003,-5.24,0
LeftS108921,1.7840,-7.1527,9.519e-17,1.726e-16,4.263e-16,0.0,-5.55,0
LeftS108922,1.6744,-7.3550,3.948e-17,4.104e-17,3.145e-17,0.0008,-5.18,0
LeftS108924,1.5986,-7.2885,7.816e-12,6.034e-12,2.650e-12,0.0007,-5.38,1
LeftS108925,1.7362,-7.0497,7.417e-18,8.385e-18,7.805e-18,0.0002,-5.43,0
LeftS108926,1.7288,-6.9853,6.028e-20,1.031e-19,2.170e-19,0.001,-5.67,0
LeftS108927,2.0067,-7.1068,8.601e-17,1.386e-16,2.714e-16,0.0011,-5.7,0
LeftS108928,1.8194,-7.1182,6.923e-19,9.293e-19,1.215e-18,-0.0002,-5.64,0
LeftS108930,1.9539,-7.1025,3.564e-18,4.201e-18,4.360e-18,0.0001,-5.74,0
LeftS108932,1.7647,-7.3372,1.834e-20,3.664e-20,1.138e-19,0.0003,-5.43,0
LeftS108933,1.7689,-7.1146,1.586e-16,2.718e-16,5.989e-16,0.0011,-5.47,0
LeftS108934,1.9290,-7.0731,7.835e-17,7.033e-17,4.210e-17,-0.0,-5.62,0
LeftS108936,1.7210,-7.3421,1.595e-19,2.451e-19,4.251e-19,-0.0004,-5.42,0
LeftS108937,2.0044,-7.2188,9.680e-18,1.052e-17,8.939e-18,-0.0002,-5.89,0
LeftS108938,1.6529,-7.3114,2.116e-16,1.846e-16,1.021e-16,0.0003,-5.15,0
LeftS108939,1.8154,-7.1539,7.162e-17,1.514e-16,4.999e-16,-0.0,-5.69,0
LeftS108941,1.7739,-7.4424,9.443e-17,1.573e-16,3.408e-16,0.0005,-5.42,0
LeftS108942,1.9527,-7.2490,2.222e-17,2.264e-17,1.715e-17,0.0008,-5.75,0
LeftS108943,1.5532,-6.9999,9.235e-20,1.471e-19,2.728e-19,0.001,-5.1,0
LeftS108944,1.8082,-7.4075,1.145e-20,2.278e-20,7.074e-20,0.0007,-5.32,0
LeftS108946,1.5847,-7.2532,1.559e-17,1.684e-17,1.361e-17,-0.0002,-5.0,0
LeftS108948,1.7332,-7.0744,8.905e-16,6.800e-16,3.001e-16,0.0003,-5.48,1
LeftS108949,1.9070,-7.3839,1.052e-17,1.098e-17,8.741e-18,0.001,-5.61,0
LeftS108950,1.7054,-7.1042,1.042e-16,1.737e-16,3.557e-16,0.0005,-5.38,0
LeftS108951,1.7257,-7.1538,1.240e-17,1.377e-17,1.241e-17,-0.0003,-5.52,0
LeftS108953,1.9257,-7.3491,4.901e-16,1.034e-15,3.558e-15,0.0003,-5.69,0
LeftS108954,1.7738,-7.3851,2.413e-16,2.217e-16,1.292e-16,0.0005,-5.39,0
LeftS108955,1.9369,-7.1605,1.130e-18,1.553e-18,2.181e-18,0.0006,-5.89,0
LeftS108957,1.8369,-7.1341,1.546e-17,1.612e-17,1.272e-17,0.0009,-5.69,0
LeftS108958,2.0761,-7.2637,1.174e-17,1.322e-17,1.198e-17,0.0004,-5.9,0
LeftS108959,1.7123,-7.2424,1.275e-16,1.063e-16,5.431e-17,0.0011,-5.33,0
LeftS108960,2.0314,-7.0878,1.216e-17,1.349e-17,1.209e-17,0.0002,-5.95,0
LeftS108961,1.9969,-7.4282,3.706e-19,5.261e-19,7.806e-19,0.0,-5.63,0
LeftS108962,1.7070,-7.0220,4.297e-17,3.932e-17,2.391e-17,0.0008,-5.39,0
LeftS108963,1.9427,-6.9560,5.083e-19,7.229e-19,1.076e-18,0.0003,-5.89,0
LeftS108964,2.0381,-7.0762,3.076e-16,5.970e-16,1.684e-15,0.0005,-5.97,0
LeftS108966,1.7363,-7.2502,4.239e-17,4.069e-17,2.740e-17,0.0005,-5.22,0
LeftS108967,1.7461,-6.9548,8.187e-20,1.405e-19,3.160e-19,0.0003,-5.69,0
LeftS108969,2.1218,-7.3186,2.590e-16,2.187e-16,1.128e-16,0.0007,-5.99,0
LeftS108970,2.0154,-7.2362,1.053e-16,1.812e-16,3.849e-16,0.0004,-6.01,0
LeftS108971,1.6702,-6.9463,1.858e-16,3.924e-16,1.365e-15,0.0006,-5.36,0
LeftS108972,1.9151,-7.4250,3.838e-12,3.451e-12,2.005e-12,-0.0001,-5.57,1
LeftS108975,1.8228,-6.9548,6.725e-19,8.743e-19,1.059e-18,0.0003,-5.61,0
LeftS108976,1.8510,-6.9481,1.102e-18,1.422e-18,1.732e-18,0.0004,-5.9,0
LeftS108978,1.8913,-7.1388,2.347e-16,4.402e-16,1.187e-15,0.0004,-5.8,0
LeftS108979,1.5664,-7.2776,4.601e-18,5.501e-18,5.670e-18,-0.0008,-5.26,0
LeftS108980,1.8296,-7.0590,4.552e-18,5.314e-18,5.148e-18,0.0006,-5.68,0
LeftS108981,1.5649,-7.2466,6.168e-19,8.212e-19,1.077e-18,0.0003,-5.32,0
LeftS108983,1.6433,-7.2041,2.173e-16,3.361e-16,5.991e-16,0.0004,-5.2,0
LeftS108984,1.9537,-7.4593,5.963e-17,5.463e-17,3.299e-17,0.0008,-5.9,0
LeftS108986,1.5798,-7.2818,3.071e-16,4.859e-16,9.045e-16,0.0005,-5.24,0
LeftS108987,2.0368,-7.0212,3.199e-17,3.224e-17,2.365e-17,0.0009,-5.87,0
LeftS108988,1.7605,-7.5655,2.220e-16,1.899e-16,9.676e-17,-0.0006,-5.29,0
LeftS108989,1.7218,-7.4572,1.275e-20,2.359e-20,6.060e-20,0.0008,-5.22,0
LeftS108990,1.7350,-7.2388,5.904e-19,8.445e-19,1.323e-18,-0.0,-5.29,0
LeftS108991,1.6283,-7.2556,5.422e-19,8.013e-19,1.258e-18,-0.0006,-5.14,0
LeftS108992,1.8175,-7.3173,5.756e-18,6.552e-18,6.228e-18,0.0008,-5.58,0
LeftS108993,2.0327,-7.1272,3.076e-18,3.777e-18,4.104e-18,-0.0001,-5.83,0
LeftS108994,1.7997,-7.3023,3.068e-18,3.591e-18,3.451e-18,0.0009,-5.4,0
LeftS108995,1.9088,-7.2998,3.148e-17,5.626e-17,1.325e-16,-0.0011,-5.76,0
LeftS108996,1.9439,-7.3925,4.081e-18,4.825e-18,5.112e-18,0.0001,-5.71,0
LeftS108997,1.7137,-6.9728,2.406e-19,3.517e-19,5.563e-19,0.0008,-5.36,0
LeftS109001,1.6710,-7.2584,3.936e-19,5.466e-19,7.912e-19,0.0,-5.22,0
LeftS109002,1.7521,-7.2740,2.965e-16,4.664e-16,8.803e-16,0.0003,-5.29,0
LeftS109003,1.9323,-7.3198,2.763e-16,2.352e-16,1.224e-16,0.0002,-5.76,0
LeftS109004,1.9401,-7.2950,4.682e-19,7.012e-19,1.154e-18,0.0001,-5.89,0
LeftS109005,1.6383,-7.2376,2.212e-14,1.473e-14,4.603e-15,-0.0003,-5.11,0
LeftS109007,1.8138,-7.0891,3.024e-20,5.512e-20,1.357e-19,-0.0001,-5.67,0
LeftS109009,2.1671,-7.5340,1.220e-16,1.095e-16,6.298e-17,0.0007,-5.76,0
LeftS109011,1.6744,-7.2291,5.001e-20,8.412e-20,1.724e-19,-0.0001,-5.4,0
LeftS109012,1.8289,-7.3397,1.479e-17,1.590e-17,1.280e-17,0.0009,-5.44,0
LeftS109013,1.9131,-7.1529,8.748e-17,8.232e-17,5.406e-17,0.0008,-5.89,0
LeftS109014,1.6722,-7.3785,1.902e-17,2.017e-17,1.669e-17,-0.0002,-5.36,0
LeftS109015,1.8118,-7.3679,1.265e-15,1.022e-15,4.773e-16,0.0007,-5.33,0
LeftS109017,1.9900,-7.1280,2.513e-20,4.465e-20,1.050e-19,-0.0003,-5.9,0
LeftS109018,2.1016,-7.2129,4.723e-12,3.441e-12,1.298e-12,-0.0008,-6.14,0
LeftS109020,1.6891,-7.0988,6.247e-17,6.022e-17,4.135e-17,0.0004,-5.47,0
LeftS109021,2.0382,-7.2958,2.323e-16,4.564e-16,1.340e-15,0.0008,-5.85,0
LeftS109023,1.9436,-7.2723,1.647e-16,3.132e-16,8.622e-16,0.0007,-5.82,0
LeftS109024,1.6435,-7.2147,1.364e-18,1.787e-18,2.231e-18,0.0004,-5.28,0
LeftS109026,1.9176,-7.2840,1.139e-16,1.011e-16,5.605e-17,-0.0003,-5.84,0
LeftS109029,1.9410,-7.1731,2.787e-16,2.413e-16,1.343e-16,0.0005,-5.66,0
LeftS109030,1.9826,-7.2152,1.731e-18,2.276e-18,2.786e-18,0.0007,-6.02,0
LeftS109031,1.5678,-7.2235,3.948e-18,4.405e-18,4.083e-18,-0.0003,-5.06,0
LeftS109034,1.5711,-7.2610,2.323e-16,1.998e-16,1.074e-16,-0.0,-5.17,0
LeftS109035,1.5795,-7.3265,4.235e-19,6.124e-19,9.548e-19,-0.0,-5.16,0
LeftS109037,2.0448,-7.2181,2.514e-17,2.699e-17,2.277e-17,0.0001,-5.9,0
LeftS109038,2.0219,-7.2265,6.766e-17,1.295e-16,3.528e-16,0.0006,-5.75,0
LeftS109039,1.6045,-7.1978,1.139e-16,1.881e-16,3.864e-16,-0.0,-5.26,0
LeftS109041,2.0355,-7.2094,5.430e-17,5.247e-17,3.570e-17,0.0005,-5.87,0
LeftS109043,1.6472,-7.2086,2.128e-17,2.113e-17,1.524e-17,0.0003,-5.34,0
LeftS109044,1.6703,-7.2364,4.700e-19,6.797e-19,1.002e-18,-0.0008,-5.16,0
LeftS109045,1.6984,-7.2032,8.408e-19,1.173e-18,1.724e-18,0.0002,-5.37,0
LeftS109046,1.9933,-7.3117,5.740e-18,6.519e-18,6.009e-18,0.0008,-5.79,0
LeftS109047,1.9004,-7.2057,8.669e-19,1.150e-18,1.483e-18,0.0007,-5.84,0
LeftS109048,1.6116,-7.2943,2.095e-15,1.609e-15,6.805e-16,0.0008,-5.23,1
LeftS109049,1.6223,-7.2497,4.855e-20,8.937e-20,2.370e-19,0.0007,-5.25,0
LeftS109050,1.5744,-7.2073,4.965e-18,5.938e-18,6.012e-18,0.0014,-5.17,0
LeftS109052,1.5884,-7.2710,4.677e-17,7.461e-17,1.432e-16,0.0007,-5.15,0
LeftS109053,1.5745,-7.1805,1.380e-16,2.113e-16,3.481e-16,0.0008,-5.33,0
LeftS109054,1.6292,-7.2784,3.430e-15,2.595e-15,1.055e-15,0.0007,-5.08,0
LeftS109056,1.6162,-7.1821,5.322e-20,9.134e-20,2.025e-19,0.0005,-5.27,0
LeftS109058,1.9393,-7.2576,1.176e-16,1.943e-16,3.925e-16,0.0008,-5.75,0
LeftS109059,2.0477,-7.2536,9.052e-19,1.204e-18,1.527e-18,0.0008,-5.81,0
LeftS109060,2.0006,-7.2072,9.249e-14,3.588e-13,4.369e-12,0.0004,-5.83,0
LeftS109062,1.9548,-7.3044,6.988e-17,9.992e-17,1.488e-16,0.0002,-5.7,0
LeftS109063,2.0228,-7.2702,4.226e-12,3.435e-12,1.646e-12,0.0009,-5.81,1
LeftS109066,1.5359,-7.2320,1.031e-17,1.089e-17,8.631e-18,0.0004,-5.16,0
LeftS109067,2.0081,-7.2366,3.603e-17,3.439e-17,2.226e-17,-0.0,-5.82,0
LeftS109068,1.6000,-7.2607,5.286e-17,5.056e-17,3.489e-17,0.0004,-5.32,0
LeftS109069,1.9756,-7.1953,3.709e-15,2.833e-15,1.160e-15,0.0003,-5.95,0
LeftS109070,1.5140,-7.2671,2.143e-20,4.034e-20,1.065e-19,0.0012,-5.17,0
LeftS109071,1.6031,-7.2286,1.372e-20,2.759e-20,8.855e-20,0.0004,-5.28,0
LeftS109074,1.6142,-7.2370,4.640e-12,3.499e-12,1.441e-12,0.0004,-5.07,1
LeftS109075,2.0968,-7.2194,3.525e-18,4.145e-18,3.959e-18,0.0002,-6.06,0
LeftS109076,1.5646,-7.2174,1.160e-16,2.334e-16,7.341e-16,0.0002,-5.13,0
LeftS109077,1.9875,-7.2066,2.756e-18,3.285e-18,3.494e-18,0.0008,-5.89,0
LeftS109078,1.5809,-7.1950,2.561e-16,2.055e-16,9.829e-17,0.0004,-5.01,0
LeftS109080,1.5323,-7.2595,9.667e-17,9.009e-17,5.539e-17,0.0001,-5.18,0
LeftS109081,1.4498,-7.2504,1.912e-16,2.839e-16,4.676e-16,0.0,-5.11,0
LeftS109082,2.0748,-7.2561,3.275e-16,2.769e-16,1.368e-16,0.0005,-5.93,0
LeftS109083,2.0983,-7.1816,1.637e-18,2.057e-18,2.350e-18,0.0002,-5.85,0
LeftS109084,2.0816,-7.2985,1.593e-18,2.059e-18,2.559e-18,-0.0004,-5.85,0
LeftS109085,2.0447,-7.2268,6.962e-20,1.182e-19,2.482e-19,-0.0002,-5.87,0
LeftS109086,1.5953,-7.2388,1.198e-16,1.062e-16,5.987e-17,-0.0001,-5.16,0
LeftS109087,2.1170,-7.2567,3.146e-16,2.633e-16,1.392e-16,0.0006,-6.02,0
LeftS109088,1.4874,-7.2180,4.832e-20,8.793e-20,2.148e-19,0.0009,-5.3,0
LeftS109089,1.5434,-7.2261,3.759e-19,5.771e-19,9.751e-19,0.0002,-5.26,0
LeftS109090,2.0886,-7.2121,1.048e-18,1.307e-18,1.515e-18,0.0004,-5.9,0
LeftS109092,1.9990,-7.1829,1.468e-17,1.518e-17,1.180e-17,0.0014,-5.88,0
LeftS109095,2.1179,-7.2591,4.817e-18,5.719e-18,5.842e-18,-0.0,-5.74,0
LeftS109096,1.5654,-7.2219,2.417e-16,2.915e-16,3.079e-16,0.0004,-5.1,0
LeftS109097,1.6071,-7.2841,2.464e-19,3.909e-19,7.389e-19,0.001,-5.1,0
LeftS109098,1.6404,-7.1985,2.618e-17,2.517e-17,1.701e-17,0.0005,-5.31,0
LeftS109099,2.1013,-7.2042,7.925e-17,7.060e-17,3.999e-17,0.0002,-5.93,0
LeftS109100,1.9421,-7.2388,1.686e-18,2.150e-18,2.544e-18,0.0001,-5.82,0
LeftS109101,1.5160,-7.2747,1.329e-17,1.410e-17,1.155e-17,0.0009,-5.34,0
LeftS109102,2.0138,-7.2789,6.574e-20,1.095e-19,2.343e-19,-0.0004,-5.87,0
LeftS109104,2.1080,-7.2759,1.972e-18,2.547e-18,3.082e-18,0.0003,-5.91,0
LeftS109106,1.5480,-7.1888,2.145e-17,2.291e-17,1.878e-17,0.0006,-5.34,0
LeftS109107,1.4894,-7.2521,1.094e-17,1.203e-17,1.055e-17,0.0003,-5.1,0
LeftS109108,2.0120,-7.2548,5.877e-17,1.082e-16,2.839e-16,0.0009,-5.8,0
LeftS109110,1.5301,-7.1652,1.183e-15,9.148e-16,4.056e-16,0.0006,-5.35,1
LeftS109112,2.0504,-7.2861,2.045e-16,3.989e-16,1.137e-15,0.0005,-5.72,0
LeftS109113,2.0796,-7.2205,3.319e-20,6.070e-20,1.582e-19,0.0009,-5.86,0
LeftS109116,1.6347,-7.2234,1.642e-16,3.286e-16,9.894e-16,0.0012,-5.18,0
LeftS109117,1.4932,-7.2402,5.088e-18,5.657e-18,5.140e-18,0.0013,-4.94,0
LeftS109118,1.4908,-7.2215,1.299e-18,1.665e-18,1.977e-18,0.0006,-5.19,0
LeftS109119,2.0680,-7.3649,1.845e-15,1.422e-15,6.395e-16,0.001,-6.01,1
LeftS109120,1.5726,-7.2299,5.524e-17,5.152e-17,3.222e-17,0.0003,-5.11,0
LeftS109121,2.0826,-7.2570,1.328e-19,1.992e-19,3.293e-19,-0.0002,-5.99,0
LeftS109122,1.5781,-7.2112,1.502e-16,1.297e-16,6.836e-17,0.0002,-5.25,0
LeftS109123,2.1002,-7.1853,1.793e-20,3.545e-20,1.019e-19,0.0,-5.87,0
LeftS109125,2.1274,-7.2748,6.134e-20,1.119e-19,2.815e-19,0.0012,-5.96,0
LeftS109126,2.1048,-7.2940,1.493e-17,1.598e-17,1.335e-17,-0.0003,-5.88,0
LeftS109128,1.5102,-7.2307,1.384e-18,1.741e-18,2.011e-18,-0.0003,-5.04,0
LeftS109129,1.5353,-7.2278,1.825e-20,3.845e-20,1.320e-19,0.0006,-5.28,0
LeftS109130,2.1029,-7.2559,8.568e-19,1.149e-18,1.523e-18,0.0005,-5.93,0
LeftS109131,1.5668,-7.1349,1.566e-20,2.938e-20,7.709e-20,0.001,-5.16,0
LeftS109132,2.0205,-7.2781,1.013e-17,1.133e-17,1.015e-17,0.0,-5.83,0
LeftS109133,2.1593,-7.2926,4.456e-18,5.190e-18,5.298e-18,-0.0006,-6.04,0
LeftS109134,2.1714,-7.3049,8.430e-16,6.517e-16,2.821e-16,0.0,-5.93,0
LeftS109136,1.4926,-7.2676,6.702e-16,5.405e-16,2.492e-16,0.0006,-5.23,0
LeftS109137,2.2119,-7.2481,4.400e-19,6.594e-19,1.106e-18,0.0,-5.99,0
LeftS109138,1.4832,-7.2555,1.116e-17,1.108e-17,7.963e-18,0.0014,-5.15,0
LeftS109139,2.0883,-7.2454,9.981e-20,1.638e-19,3.323e-19,0.0003,-6.0,0
LeftS109140,1.4598,-7.2607,6.796e-16,5.430e-16,2.503e-16,0.0001,-5.28,0
LeftS109141,2.0747,-7.2422,4.885e-18,5.874e-18,6.087e-18,0.0007,-6.0,0
LeftS109142,1.4730,-7.2558,1.521e-16,2.444e-16,4.687e-16,0.0005,-5.22,0
LeftS109143,2.2020,-7.2815,3.106e-18,3.680e-18,3.786e-18,0.0006,-6.09,0
LeftS109144,1.4739,-7.2059,2.401e-16,2.063e-16,1.111e-16,-0.0004,-5.32,0
LeftS109146,2.2308,-7.2370,1.740e-16,1.539e-16,8.668e-17,0.0004,-5.91,0
LeftS109148,1.5208,-7.2262,8.167e-19,1.225e-18,1.991e-18,0.0003,-5.19,0
LeftS109150,2.1033,-7.3144,6.081e-17,1.003e-16,2.020e-16,0.0004,-5.9,0
LeftS109151,1.4302,-7.1869,4.824e-12,3.324e-12,1.162e-12,0.0001,-5.33,0
LeftS109152,1.5459,-7.2890,1.703e-15,1.272e-15,5.181e-16,0.0009,-5.05,0
LeftS109153,2.2116,-7.2552,1.494e-15,3.980e-15,2.194e-14,-0.0007,-5.95,0
LeftS109154,1.4418,-7.2611,1.125e-20,2.262e-20,6.930e-20,0.0003,-5.03,0
LeftS109155,2.1349,-7.2776,1.357e-18,1.719e-18,2.020e-18,0.0012,-6.05,0
LeftS109156,1.3752,-7.2457,1.444e-16,1.219e-16,6.356e-17,0.0001,-5.16,0
LeftS109157,1.4653,-7.2667,1.627e-18,2.057e-18,2.358e-18,0.0005,-5.17,0
LeftS109158,2.0904,-7.1754,3.472e-16,2.900e-16,1.486e-16,0.0005,-5.69,0
LeftS109159,1.5492,-7.2556,2.955e-17,2.933e-17,2.040e-17,0.0008,-5.29,0
LeftS109161,1.4944,-7.2439,3.462e-12,2.480e-12,9.109e-13,0.0006,-5.19,0
LeftS109163,2.1663,-7.2972,6.553e-19,8.498e-19,1.005e-18,0.0003,-6.09,0
LeftS109165,1.5089,-7.2517,2.146e-20,3.941e-20,1.015e-19,-0.0002,-5.11,0
LeftS109166,1.4486,-7.2614,1.840e-12,1.245e-12,4.109e-13,0.0001,-5.17,0
LeftS109167,2.1265,-7.2372,1.686e-19,2.589e-19,4.580e-19,-0.0,-5.84,0
LeftS109169,1.4225,-7.2133,6.571e-20,1.165e-19,2.758e-19,0.0009,-5.23,0
LeftS109171,2.1803,-7.2613,3.090e-17,2.905e-17,1.825e-17,0.0003,-5.93,0
LeftS109172,1.3832,-7.2101,3.040e-16,4.193e-16,5.896e-16,0.0009,-5.14,0
LeftS109173,1.4448,-7.2055,7.579e-17,1.702e-16,6.554e-16,0.0006,-5.35,0
LeftS109174,1.3763,-7.2399,1.963e-19,3.020e-19,5.276e-19,0.0005,-5.21,0
LeftS109176,2.1936,-7.2494,8.708e-17,7.838e-17,4.594e-17,0.0004,-6.04,0
LeftS109177,2.1415,-7.3005,6.191e-18,7.020e-18,6.522e-18,0.001,-5.79,0
LeftS109179,1.3941,-7.1665,9.956e-19,1.326e-18,1.666e-18,-0.0004,-5.03,0
LeftS109180,2.1971,-7.1785,8.179e-20,1.375e-19,2.995e-19,0.001,-6.0,0
LeftS109181,2.1046,-7.2378,3.462e-17,3.399e-17,2.365e-17,0.0004,-5.87,0
LeftS109183,2.2096,-7.1807,1.265e-19,1.990e-19,3.731e-19,0.0006,-5.77,0
LeftS109185,1.4735,-7.1943,8.683e-18,9.246e-18,7.602e-18,0.0007,-5.29,0
LeftS109186,1.3488,-7.2259,1.188e-19,2.000e-19,4.142e-19,0.0006,-5.03,0
LeftS109189,1.4386,-7.2463,5.471e-18,6.188e-18,5.648e-18,0.0013,-5.27,0
LeftS109191,2.2176,-7.2338,2.782e-19,4.294e-19,7.768e-19,0.0003,-6.04,0
LeftS109194,2.1689,-7.1948,7.838e-19,1.060e-18,1.438e-18,0.001,-6.0,0
LeftS109196,2.2500,-7.2416,2.482e-19,3.622e-19,5.811e-19,0.0006,-5.91,0
LeftS109197,1.3796,-7.2105,8.558e-20,1.444e-19,3.106e-19,0.0007,-4.99,0
LeftS109199,1.4533,-7.2685,2.573e-19,3.690e-19,5.666e-19,0.0007,-5.15,0
LeftS109201,2.1564,-7.2057,8.572e-17,7.728e-17,4.641e-17,-0.0005,-5.91,0
LeftS109202,2.2072,-7.3018,2.178e-16,2.013e-16,1.275e-16,-0.0006,-5.8,0
LeftS109203,1.3588,-7.1558,1.695e-19,2.825e-19,5.793e-19,0.0009,-5.13,0
LeftS109204,1.2753,-7.1912,6.213e-12,5.208e-12,2.722e-12,0.0003,-5.13,1
LeftS109207,1.3895,-7.2440,5.320e-20,9.150e-20,1.929e-19,0.0005,-5.0,0
LeftS109208,1.4281,-7.2280,1.230e-18,1.624e-18,2.042e-18,-0.0005,-5.3,0
LeftS109209,2.1600,-7.1906,3.852e-12,3.600e-12,2.220e-12,0.0012,-5.98,1
LeftS109210,1.3773,-7.3356,1.152e-17,1.234e-17,1.052e-17,-0.0006,-5.05,0
LeftS109211,1.2881,-7.2294,1.083e-18,1.361e-18,1.562e-18,-0.0,-5.13,0
LeftS109212,2.2600,-7.2052,7.153e-18,8.050e-18,7.669e-18,0.0003,-6.19,0
LeftS109215,2.2822,-7.1762,1.717e-16,1.504e-16,8.200e-17,0.0004,-6.02,0
LeftS109216,2.3570,-7.2586,6.344e-17,1.100e-16,2.545e-16,0.0001,-5.82,0
LeftS109217,1.3704,-7.2358,2.571e-19,3.685e-19,5.489e-19,0.0001,-5.1,0
LeftS109218,2.3111,-7.1836,5.797e-20,9.458e-20,1.951e-19,0.0001,-5.98,0
LeftS109219,2.3074,-7.2693,1.462e-17,1.479e-17,1.084e-17,0.0007,-6.05,0
LeftS109222,2.2309,-7.2159,8.996e-18,9.531e-18,7.806e-18,0.0009,-6.03,0
LeftS109223,1.3034,-7.2359,1.335e-17,1.511e-17,1.341e-17,0.0001,-5.2,0
LeftS109227,2.2959,-7.1917,3.929e-18,4.745e-18,5.215e-18,0.0011,-5.86,0
LeftS109228,2.2982,-7.2232,2.322e-18,2.982e-18,3.646e-18,-0.0001,-5.85,0
LeftS109229,1.3007,-7.1885,4.401e-18,5.111e-18,5.188e-18,0.001,-5.21,0
LeftS109232,1.2528,-7.2413,2.041e-16,1.690e-16,8.319e-17,0.0004,-4.9,0
LeftS109233,2.3244,-7.2637,2.526e-20,4.709e-20,1.202e-19,0.0005,-6.1,0
LeftS109235,2.2265,-7.2202,3.535e-20,6.322e-20,1.548e-19,0.0001,-5.71,0
LeftS109236,2.2287,-7.1839,7.027e-20,1.174e-19,2.509e-19,-0.0001,-5.99,0
LeftS109238,1.2669,-7.2963,5.304e-20,9.336e-20,2.176e-19,0.0002,-4.95,0
LeftS109239,1.3073,-7.1688,3.364e-20,5.969e-20,1.440e-19,0.0005,-5.06,0
LeftS109244,1.3207,-7.2206,2.375e-19,3.624e-19,6.127e-19,-0.0002,-5.17,0
LeftS109245,1.2622,-7.1460,1.151e-16,2.376e-16,7.625e-16,0.0005,-5.14,0
LeftS109247,2.2757,-7.1660,3.302e-16,8.228e-16,3.856e-15,-0.0001,-5.94,0
LeftS109248,1.2738,-7.2131,7.461e-19,1.037e-18,1.475e-18,0.0007,-5.26,0
LeftS109249,1.2539,-7.2428,1.280e-16,2.126e-16,4.354e-16,-0.0001,-5.21,0
LeftS109250,1.3822,-7.2827,2.267e-20,4.270e-20,1.109e-19,0.0006,-5.14,0
LeftS109251,2.3506,-7.2320,7.217e-20,1.259e-19,2.754e-19,-0.0002,-5.92,0
LeftS109252,1.2850,-7.2398,5.362e-16,4.295e-16,2.001e-16,0.0004,-5.19,0
LeftS109254,2.2928,-7.2130,1.031e-16,9.014e-17,5.099e-17,0.0003,-5.91,0
LeftS109255,2.3126,-7.2289,1.859e-18,2.402e-18,2.830e-18,-0.0004,-5.95,0
LeftS109258,2.3791,-7.2200,2.291e-17,2.391e-17,1.917e-17,0.0006,-6.16,0
LeftS109259,1.1867,-7.2507,5.973e-17,5.565e-17,3.481e-17,0.0006,-5.1,0
LeftS109260,1.2169,-7.2685,4.955e-19,7.410e-19,1.233e-18,0.0002,-4.9,0
LeftS109261,1.2055,-7.1625,1.071e-18,1.505e-18,2.234e-18,-0.0001,-5.22,0
LeftS109263,1.2199,-7.2449,1.216e-16,1.054e-16,5.801e-17,-0.0,-5.1,0
LeftS109264,1.2978,-7.2784,6.761e-16,5.306e-16,2.358e-16,0.0007,-5.12,0
LeftS109265,2.3229,-7.1955,3.791e-16,3.148e-16,1.636e-16,0.0009,-6.1,0
LeftS109266,2.4512,-7.2504,2.292e-16,4.359e-16,1.202e-15,0.0009,-6.04,0
LeftS109267,2.3780,-7.2433,4.331e-18,5.034e-18,4.971e-18,0.0008,-6.08,0
LeftS109268,1.2866,-7.2850,4.323e-20,7.716e-20,1.841e-19,0.0004,-5.1,0
LeftS109269,1.1284,-7.2311,7.864e-17,1.283e-16,2.642e-16,-0.0003,-5.07,0
LeftS109270,2.3920,-7.2564,6.683e-17,1.167e-16,2.730e-16,0.0004,-6.17,0
LeftS109271,2.4394,-7.2168,4.836e-18,5.545e-18,5.426e-18,-0.0004,-6.01,0
LeftS109273,2.3677,-7.2370,1.010e-16,9.080e-17,5.194e-17,0.0007,-5.83,0
LeftS109274,2.3548,-7.2609,1.289e-17,1.357e-17,1.084e-17,0.0006,-5.94,0
LeftS109275,1.2384,-7.2236,1.513e-16,2.405e-16,4.522e-16,0.0002,-5.12,0
LeftS109276,1.1793,-7.2399,3.158e-18,3.761e-18,3.873e-18,0.0006,-5.07,0
LeftS109278,1.2584,-7.1971,1.166e-18,1.503e-18,1.882e-18,0.0,-5.26,0
LeftS109279,1.2527,-7.2116,9.804e-20,1.575e-19,3.041e-19,-0.0003,-4.97,0
LeftS109280,2.3467,-7.1808,5.603e-17,5.303e-17,3.412e-17,0.0007,-6.02,0
LeftS109281,2.4102,-7.2947,1.024e-20,1.992e-20,5.641e-20,0.0001,-6.07,0
LeftS109282,2.4971,-7.2833,2.233e-17,2.301e-17,1.709e-17,0.0014,-6.05,0
LeftS109283,2.4576,-7.2415,1.004e-15,7.628e-16,3.142e-16,-0.0001,-6.32,1
LeftS109284,1.1656,-7.2344,2.291e-20,3.906e-20,8.863e-20,0.0011,-5.03,0
LeftS109285,1.8053,-7.2399,5.271e-16,9.514e-16,2.333e-15,0.0008,-6.64,0
LeftS109286,1.8052,-7.2405,1.269e-14,8.752e-15,3.037e-15,0.0007,-6.19,0
LeftS109287,1.8050,-7.2402,2.521e-15,1.881e-15,7.518e-16,0.0007,-6.78,0
LeftS109288,1.2343,-7.1902,2.283e-16,5.822e-16,2.857e-15,0.0004,-4.94,0
LeftS109289,2.4540,-7.2769,1.356e-14,9.246e-15,3.145e-15,0.0009,-5.9,0
LeftS109290,2.3410,-7.2769,1.157e-15,8.932e-16,3.904e-16,0.0005,-6.08,1
LeftS109291,2.4040,-7.2672,1.385e-15,1.058e-15,4.509e-16,0.0008,-5.99,1
LeftS109292,2.4180,-7.2732,7.678e-15,5.367e-15,1.849e-15,-0.0008,-5.91,0
LeftS109293,2.3835,-7.2511,5.393e-15,3.826e-15,1.413e-15,0.0004,-6.16,0
LeftS109294,2.4044,-7.2317,6.968e-16,5.544e-16,2.509e-16,0.0015,-6.14,1
LeftS109295,2.3717,-7.2276,7.234e-16,1.153e-15,2.200e-15,0.0002,-5.99,0
LeftS109296,1.2258,-7.2483,2.948e-15,2.174e-15,8.688e-16,0.0013,-5.07,0
LeftS109297,1.2019,-7.2610,3.760e-14,2.563e-14,8.875e-15,-0.0004,-4.71,0
LeftS109298,1.1593,-7.2773,1.612e-16,1.420e-16,7.761e-17,0.0006,-4.99,0
LeftS109299,1.2121,-7.2680,2.391e-12,1.733e-12,6.533e-13,0.0004,-4.96,0
LeftS109300,2.4161,-7.1867,2.056e-12,1.433e-12,5.127e-13,0.001,-5.86,0
LeftS109301,2.3913,-7.1743,1.179e-15,9.358e-16,4.223e-16,0.0007,-6.08,1
LeftS109302,1.2015,-7.3134,5.082e-15,3.612e-15,1.317e-15,0.0009,-5.19,0
LeftS109303,1.2138,-7.3215,2.011e-16,1.802e-16,1.026e-16,0.0001,-4.97,0
LeftS109304,2.3926,-7.1374,6.159e-16,4.880e-16,2.237e-16,-0.0,-6.03,0
LeftS109305,1.1879,-7.3353,2.883e-20,5.259e-20,1.332e-19,0.0009,-5.26,0
LeftS109306,2.4257,-7.1337,3.118e-17,3.138e-17,2.241e-17,0.0004,-6.06,0
LeftS109307,1.1708,-7.3698,1.124e-15,8.764e-16,3.783e-16,0.001,-5.03,1
LeftS109308,1.2021,-7.3805,7.706e-16,1.353e-15,3.007e-15,0.0003,-5.01,0
LeftS109309,2.4182,-7.0982,1.321e-14,9.593e-15,3.605e-15,-0.0001,-6.08,0
LeftS109310,1.1886,-7.3999,7.255e-17,1.428e-16,4.064e-16,0.0006,-4.97,0
LeftS109311,1.1707,-7.4024,6.291e-18,7.331e-18,7.096e-18,0.0006,-5.28,0
LeftS109312,2.4201,-7.0620,1.362e-16,2.663e-16,7.360e-16,-0.0002,-6.04,0
LeftS109313,1.2043,-7.4232,6.815e-15,4.955e-15,1.810e-15,0.0005,-5.05,0
LeftS109314,1.1870,-7.4373,9.085e-16,7.079e-16,3.109e-16,-0.0,-4.86,1
LeftS109315,2.4285,-7.0459,4.299e-15,3.151e-15,1.198e-15,0.0009,-6.06,0
LeftS109316,1.1644,-7.4665,1.723e-15,1.297e-15,5.344e-16,0.0002,-5.14,0
LeftS109317,1.1740,-7.4829,3.140e-20,5.698e-20,1.452e-19,0.0012,-5.04,0
LeftS109318,1.1575,-7.5082,1.302e-12,8.640e-13,2.868e-13,0.0011,-5.01,0
LeftS109319,1.1971,-7.4830,1.059e-16,2.024e-16,5.526e-16,-0.0011,-5.07,0
LeftS109320,1.2247,-7.5302,3.586e-12,2.496e-12,9.021e-13,0.0001,-4.93,0
LeftS109321,2.3910,-6.9519,3.509e-15,2.619e-15,1.071e-15,0.0004,-5.96,0
LeftS109322,2.4178,-6.9341,1.205e-15,9.688e-16,4.556e-16,0.0003,-6.16,0
LeftS109323,1.2315,-7.5691,1.432e-14,9.953e-15,3.562e-15,0.0009,-5.08,0
LeftS109324,2.3769,-6.9245,4.515e-17,8.405e-17,2.179e-16,-0.0006,-6.12,0
LeftS109325,1.2221,-7.5722,1.058e-15,8.220e-16,3.605e-16,0.0005,-5.02,1
LeftS109327,2.4291,-6.8815,8.512e-15,5.535e-15,1.704e-15,-0.0004,-5.94,0
LeftS109328,2.4348,-6.8802,1.778e-14,1.208e-14,3.961e-15,0.0003,-6.03,0
LeftS109329,1.2412,-7.6460,1.211e-15,9.632e-16,4.291e-16,0.0007,-5.18,1
LeftS109330,2.3728,-6.8359,7.843e-16,6.304e-16,2.827e-16,-0.0003,-6.0,1
LeftS109331,2.3931,-6.8238,1.892e-15,1.445e-15,5.972e-16,0.0012,-5.97,1
LeftS109332,1.2319,-7.6543,1.037e-14,7.251e-15,2.529e-15,0.0004,-5.09,0
LeftS109333,1.2652,-7.6804,7.108e-16,5.289e-16,2.217e-16,0.0,-5.14,0
LeftS109334,1.2514,-7.6940,1.372e-16,1.245e-16,7.488e-17,0.0006,-4.98,0
LeftS109335,1.2676,-7.7138,4.504e-16,3.634e-16,1.724e-16,0.0006,-5.27,0
LeftS109336,1.2488,-7.6956,3.483e-12,3.107e-12,1.757e-12,0.0005,-4.99,1
LeftS109337,1.2988,-7.7513,1.902e-16,1.603e-16,8.382e-17,-0.0012,-5.27,0
LeftS109338,2.3247,-6.7746,1.315e-18,1.736e-18,2.288e-18,0.0011,-6.03,0
LeftS109339,1.2705,-7.7528,1.292e-14,8.820e-15,3.013e-15,-0.0001,-4.85,0
LeftS109340,1.3039,-7.8353,1.387e-16,1.257e-16,7.617e-17,0.0003,-5.12,0
LeftS109341,2.3145,-6.7011,3.113e-12,2.241e-12,8.504e-13,0.0005,-6.0,0
LeftS109342,2.3079,-6.6977,2.066e-14,1.441e-14,5.084e-15,0.0003,-5.93,0
LeftS109343,2.2814,-6.7027,2.699e-16,2.249e-16,1.120e-16,0.0005,-5.97,0
LeftS109344,1.3518,-7.8533,6.224e-15,4.470e-15,1.707e-15,-0.0004,-5.05,0
LeftS109345,1.3410,-7.8288,8.490e-19,1.115e-18,1.403e-18,0.0004,-4.9,0
LeftS109346,2.2276,-6.6315,3.350e-15,2.466e-15,9.310e-16,-0.0006,-6.13,0
LeftS109347,2.2485,-6.6017,2.471e-15,1.839e-15,7.333e-16,0.0005,-5.83,0
LeftS109348,2.2310,-6.5888,5.184e-16,4.206e-16,2.036e-16,-0.0001,-5.97,0
LeftS109349,1.4179,-7.8983,2.408e-16,2.102e-16,1.159e-16,0.0004,-5.18,0
LeftS109350,2.1998,-6.5975,1.319e-15,1.006e-15,4.099e-16,-0.0006,-5.82,1
LeftS109351,2.1552,-6.5797,1.119e-16,1.935e-16,4.285e-16,0.0004,-5.74,0
LeftS109352,2.1658,-6.5121,5.413e-19,7.988e-19,1.254e-18,-0.0002,-6.33,0
LeftS109353,1.4630,-7.9512,2.533e-16,2.123e-16,1.103e-16,0.0003,-5.19,0
LeftS109354,1.5118,-7.9603,1.747e-15,1.341e-15,5.573e-16,0.001,-5.05,1
LeftS109355,1.4886,-7.9535,7.847e-17,1.248e-16,2.354e-16,-0.0001,-5.41,0
LeftS109356,1.5165,-8.0160,9.598e-15,7.013e-15,2.645e-15,0.0004,-5.26,0
LeftS109357,1.5565,-7.9747,1.951e-16,3.354e-16,7.379e-16,-0.0006,-5.19,0
LeftS109358,2.0436,-6.4666,4.711e-16,3.708e-16,1.711e-16,0.0006,-5.58,0
LeftS109359,1.5800,-7.9583,1.642e-15,1.201e-15,4.584e-16,0.0,-5.08,0
LeftS109360,1.5764,-8.0498,2.957e-15,2.189e-15,8.832e-16,0.0,-5.4,0
LeftS109361,1.6284,-8.0344,2.748e-15,2.092e-15,8.844e-16,-0.0002,-5.39,1
LeftS109362,1.6321,-8.0322,1.778e-16,3.623e-16,1.143e-15,0.0008,-5.14,0
LeftS109363,1.6601,-8.0280,1.345e-15,1.028e-15,4.288e-16,-0.0001,-5.16,1
LeftS109364,1.9262,-6.4378,3.055e-14,2.059e-14,6.746e-15,0.001,-5.7,0
LeftS109365,1.6915,-8.0245,7.017e-17,1.026e-16,1.703e-16,0.0001,-5.2,0
LeftS109366,1.8929,-6.4453,8.829e-17,1.633e-16,4.202e-16,0.0005,-5.81,0
LeftS109367,1.7320,-8.1286,2.403e-15,1.870e-15,8.200e-16,0.0004,-5.34,1
LeftS109368,1.8445,-6.4205,9.333e-17,1.414e-16,2.396e-16,0.0004,-5.73,0
LeftS109369,1.7875,-8.0442,8.037e-16,6.290e-16,2.698e-16,0.0002,-5.48,1
LeftS109370,1.7904,-6.3526,1.905e-19,3.130e-19,6.035e-19,0.0001,-5.62,0
LeftS109371,1.8391,-8.0597,1.049e-14,7.208e-15,2.460e-15,0.0008,-5.39,0
LeftS109372,1.7476,-6.4416,2.824e-15,2.064e-15,8.054e-16,0.0007,-5.66,0
LeftS109373,1.7182,-6.4289,4.457e-15,3.213e-15,1.256e-15,0.0005,-5.63,0
LeftS109374,1.6999,-6.4304,4.388e-17,6.972e-17,1.254e-16,-0.0001,-5.79,0
LeftS109375,1.9566,-8.0849,2.074e-15,1.616e-15,7.079e-16,-0.0004,-5.61,1
LeftS109376,1.9745,-8.0544,1.619e-16,3.549e-16,1.283e-15,-0.0005,-5.35,0
LeftS109377,1.5983,-6.4175,2.283e-16,1.983e-16,1.081e-16,0.0007,-5.47,0
LeftS109378,2.0337,-8.0425,1.659e-14,1.135e-14,3.908e-15,0.0006,-5.43,0
LeftS109379,1.5548,-6.4344,9.207e-17,8.633e-17,5.650e-17,0.0012,-5.45,0
LeftS109380,1.5485,-6.3228,1.806e-16,1.537e-16,8.298e-17,0.0003,-5.5,0
LeftS109381,1.4900,-6.3945,4.480e-12,4.298e-12,2.806e-12,0.0009,-5.44,1
LeftS109382,2.1395,-8.0529,2.934e-15,1.986e-15,6.721e-16,-0.0009,-5.72,0
LeftS109383,1.4473,-6.4343,1.112e-16,1.006e-16,5.920e-17,0.0012,-5.5,0
LeftS109384,1.4132,-6.4401,5.002e-15,3.685e-15,1.421e-15,-0.0001,-5.3,0
LeftS109385,2.1863,-8.0821,2.297e-16,1.961e-16,1.025e-16,0.0007,-5.62,0
LeftS109386,2.2273,-8.0269,1.823e-17,1.905e-17,1.556e-17,0.0007,-5.62,0
LeftS109387,1.3615,-6.3966,1.944e-14,1.318e-14,4.363e-15,0.0009,-5.21,0
LeftS109388,2.3257,-8.0473,4.046e-17,4.123e-17,3.126e-17,0.0006,-5.57,0
LeftS109389,1.2222,-6.5356,2.250e-17,2.156e-17,1.480e-17,0.0,-5.17,0
LeftS109390,1.2483,-6.4525,2.218e-14,1.478e-14,4.854e-15,0.0004,-5.3,0
LeftS109391,1.2346,-6.5014,6.460e-14,4.385e-14,1.478e-14,-0.0001,-5.27,0
LeftS109392,1.2203,-6.5423,1.188e-15,9.162e-16,3.899e-16,-0.0002,-5.26,1
LeftS109393,2.4505,-7.8978,4.046e-16,3.341e-16,1.618e-16,-0.0001,-5.58,0
LeftS109394,2.5160,-7.9247,8.085e-18,9.218e-18,8.721e-18,-0.0,-5.82,0
LeftS109395,1.1465,-6.5657,1.076e-15,8.561e-16,3.964e-16,0.0003,-5.5,0
LeftS109397,1.0089,-6.6397,1.355e-15,9.843e-16,3.838e-16,-0.0002,-5.4,0
LeftS109398,1.0223,-6.6533,5.581e-17,5.116e-17,3.203e-17,0.0002,-5.42,0
LeftS109399,0.9866,-6.6656,7.138e-19,9.838e-19,1.337e-18,0.0,-5.32,0
LeftS109400,2.6334,-7.7586,3.706e-16,3.094e-16,1.578e-16,-0.0002,-5.96,0
LeftS109401,2.6228,-7.7610,3.879e-18,4.790e-18,5.107e-18,0.0004,-5.83,0
LeftS109402,0.9299,-6.7953,4.689e-16,3.881e-16,1.908e-16,0.0004,-5.03,0
LeftS109403,0.9451,-6.8244,7.745e-15,5.779e-15,2.312e-15,-0.0005,-5.09,0
LeftS109404,0.9006,-6.8276,2.747e-15,2.039e-15,8.202e-16,-0.0005,-5.16,0
LeftS109405,0.8827,-6.8879,2.777e-14,1.805e-14,5.674e-15,0.0006,-5.16,0
LeftS109406,2.7602,-7.5634,3.694e-16,3.145e-16,1.648e-16,0.0007,-6.0,0
LeftS109407,2.7575,-7.5205,1.693e-14,1.161e-14,3.909e-15,0.0005,-6.07,0
LeftS109408,2.8129,-7.4871,5.178e-16,3.977e-16,1.660e-16,-0.0004,-5.97,0
LeftS109409,0.8591,-7.0275,2.802e-19,4.269e-19,7.209e-19,0.0003,-4.99,0
LeftS109410,0.8157,-7.0816,7.105e-14,4.776e-14,1.540e-14,0.0008,-5.02,0
LeftS109411,2.8704,-7.3550,5.633e-15,4.160e-15,1.672e-15,0.0002,-6.07,0
LeftS109412,2.8351,-7.3188,1.057e-16,1.953e-16,4.972e-16,0.0001,-5.87,0
LeftS109413,0.7488,-7.2021,2.526e-17,2.596e-17,2.057e-17,-0.0003,-5.04,0
LeftS109414,0.7710,-7.2383,4.327e-12,4.439e-12,3.411e-12,0.0003,-4.84,1
LeftS109415,0.7666,-7.2965,9.768e-17,2.021e-16,6.410e-16,0.0005,-4.98,0
LeftS109416,2.8341,-7.1423,3.781e-15,2.763e-15,1.083e-15,0.0005,-6.07,0
LeftS109417,0.7538,-7.3941,1.371e-14,9.960e-15,3.750e-15,0.0,-4.76,0
LeftS109418,2.8702,-7.0360,3.815e-17,6.461e-17,1.312e-16,0.001,-6.07,0
LeftS109419,2.8159,-6.9933,1.432e-14,1.015e-14,3.809e-15,0.0005,-6.24,0
LeftS109420,2.8253,-6.9616,1.844e-15,1.392e-15,5.780e-16,0.0001,-6.25,1
LeftS109421,0.8143,-7.5645,1.251e-17,1.391e-17,1.228e-17,0.0,-5.13,0
LeftS109422,2.7925,-6.8769,9.445e-16,7.056e-16,2.953e-16,0.0011,-5.9,1
LeftS109423,2.7497,-6.8079,1.438e-12,1.652e-12,1.602e-12,0.0004,-6.07,0
LeftS109424,2.7537,-6.7699,3.840e-16,5.504e-16,8.597e-16,0.0006,-6.23,0
LeftS109425,0.8402,-7.7714,3.621e-15,2.674e-15,1.087e-15,0.0011,-5.02,0
LeftS109426,0.8652,-7.8460,2.915e-18,3.444e-18,3.582e-18,-0.0005,-5.09,0
LeftS109427,0.8903,-7.8846,2.656e-16,2.288e-16,1.217e-16,0.0012,-5.21,0
LeftS109428,0.9705,-7.8386,5.296e-16,4.231e-16,1.973e-16,0.0006,-4.9,0
LeftS109429,1.0186,-7.9619,5.441e-12,4.076e-12,1.667e-12,0.0005,-4.98,1
LeftS109430,0.9421,-8.0431,1.407e-16,2.875e-16,9.270e-16,0.0005,-4.91,0
LeftS109431,2.6250,-6.4377,1.250e-14,8.877e-15,3.212e-15,0.0001,-6.01,0
LeftS109432,1.1128,-8.0798,3.229e-12,3.256e-12,2.293e-12,0.0003,-5.29,1
LeftS109433,1.0759,-8.1687,5.824e-16,4.672e-16,2.149e-16,0.0004,-4.98,0
LeftS109434,2.4098,-6.2703,9.248e-15,6.545e-15,2.372e-15,0.0002,-6.11,0
LeftS109435,1.2067,-8.1897,9.045e-17,8.541e-17,5.190e-17,0.0001,-5.0,0
LeftS109436,1.2491,-8.1886,1.283e-16,1.112e-16,5.964e-17,0.0004,-5.03,0
LeftS109437,1.3362,-8.1993,8.037e-15,5.701e-15,2.072e-15,0.0003,-5.07,0
LeftS109438,1.3447,-8.3699,4.377e-12,4.133e-12,2.696e-12,-0.0012,-5.25,1
LeftS109439,2.2022,-6.2013,1.018e-17,1.144e-17,1.019e-17,0.0006,-5.82,0
LeftS109440,1.4803,-8.4175,1.914e-12,1.342e-12,4.893e-13,0.0009,-5.08,0
LeftS109441,2.0886,-6.0550,9.130e-16,7.411e-16,3.620e-16,0.0003,-5.75,0
LeftS109442,2.0165,-6.0616,1.402e-16,1.249e-16,7.172e-17,0.0001,-6.04,0
LeftS109443,1.9562,-6.0227,7.565e-15,5.277e-15,1.854e-15,0.0008,-5.87,0
LeftS109444,1.8872,-5.9690,8.095e-15,5.628e-15,2.033e-15,0.0003,-5.74,0
LeftS109445,1.7821,-8.3772,1.213e-17,1.285e-17,1.063e-17,0.0002,-5.3,0
LeftS109446,1.2692,-7.3021,5.947e-16,4.657e-16,2.063e-16,-0.0,-5.15,0
LeftS109448,1.1867,-7.3278,1.111e-20,2.285e-20,7.381e-20,-0.0004,-5.0,0
LeftS109449,1.2098,-7.3116,6.016e-16,4.774e-16,2.144e-16,0.0002,-4.89,0
LeftS109450,2.3249,-7.1408,2.188e-18,2.689e-18,2.876e-18,0.0005,-5.99,0
LeftS109451,2.4031,-7.1304,5.847e-18,6.494e-18,5.799e-18,0.0005,-5.91,0
LeftS109453,2.3463,-7.1106,1.993e-17,1.945e-17,1.353e-17,0.0008,-6.08,0
LeftS109454,1.1664,-7.3565,4.216e-16,3.518e-16,1.717e-16,0.0002,-5.15,0
LeftS109455,2.3743,-7.1021,1.370e-18,1.748e-18,2.054e-18,0.0004,-6.13,0
LeftS109456,2.3615,-7.1087,9.360e-18,1.023e-17,8.926e-18,-0.0003,-6.09,0
LeftS109457,2.3507,-7.0876,8.433e-17,1.379e-16,2.701e-16,0.0007,-5.89,0
LeftS109458,2.3755,-7.1139,1.114e-16,1.009e-16,6.132e-17,-0.0001,-6.11,0
LeftS109459,1.2550,-7.4047,1.100e-17,1.186e-17,9.896e-18,0.0001,-4.95,0
LeftS109460,2.3909,-7.0621,2.386e-12,1.637e-12,5.731e-13,0.0007,-5.9,0
LeftS109461,1.2333,-7.3979,1.373e-16,1.166e-16,6.162e-17,-0.0002,-5.1,0
LeftS109462,2.3759,-7.0812,4.767e-17,4.462e-17,2.846e-17,0.0004,-6.09,0
LeftS109463,2.4936,-7.0613,4.147e-17,4.059e-17,2.733e-17,-0.0,-6.18,0
LeftS109464,2.4116,-7.0552,3.670e-17,6.292e-17,1.380e-16,0.0007,-6.09,0
LeftS109465,2.4099,-7.0424,2.290e-17,4.195e-17,1.117e-16,0.0007,-6.09,0
LeftS109466,1.2094,-7.4311,3.037e-18,3.473e-18,3.418e-18,0.0011,-5.15,0
LeftS109467,1.1491,-7.4401,1.137e-16,1.003e-16,5.587e-17,0.0004,-5.05,0
LeftS109468,2.3661,-7.0396,1.350e-17,1.415e-17,1.162e-17,-0.0003,-6.13,0
LeftS109469,2.3324,-6.9982,2.989e-15,2.136e-15,8.097e-16,-0.0007,-5.96,0
LeftS109470,2.4029,-7.0237,3.164e-19,4.766e-19,8.157e-19,-0.0006,-6.2,0
LeftS109472,2.4254,-6.9875,1.609e-17,1.653e-17,1.235e-17,0.0007,-5.96,0
LeftS109473,1.2240,-7.5105,3.466e-20,6.144e-20,1.406e-19,0.0008,-4.79,0
LeftS109474,2.3346,-6.9633,6.527e-17,6.093e-17,3.974e-17,-0.0005,-5.99,0
LeftS109475,2.4029,-6.9916,1.017e-15,8.318e-16,4.054e-16,0.0011,-6.02,0
LeftS109476,2.4014,-6.9367,1.635e-17,1.615e-17,1.144e-17,0.0006,-6.09,0
LeftS109477,1.2517,-7.5424,1.567e-16,1.344e-16,7.173e-17,0.0001,-5.02,0
LeftS109478,1.2290,-7.5022,1.228e-16,1.928e-16,3.494e-16,0.0013,-5.07,0
LeftS109479,1.2601,-7.5656,1.424e-16,1.224e-16,6.668e-17,0.0011,-5.23,0
LeftS109480,1.2612,-7.5062,4.862e-15,3.692e-15,1.538e-15,0.0005,-5.25,0
LeftS109481,2.3944,-6.9304,1.164e-19,1.933e-19,3.946e-19,0.0012,-5.99,0
LeftS109482,2.3919,-6.9170,1.785e-17,1.814e-17,1.316e-17,0.001,-6.07,0
LeftS109483,2.4554,-6.8871,1.820e-16,1.542e-16,7.788e-17,0.0001,-5.96,0
LeftS109484,2.3076,-6.8926,3.354e-16,2.832e-16,1.445e-16,0.0001,-6.13,0
LeftS109485,2.4778,-6.8501,8.500e-18,9.121e-18,7.355e-18,0.0006,-6.12,0
LeftS109486,1.2854,-7.6841,9.308e-18,1.020e-17,8.932e-18,0.0007,-4.82,0
LeftS109487,2.3850,-6.8538,8.462e-17,1.488e-16,3.483e-16,0.0006,-6.02,0
LeftS109488,1.2719,-7.6162,5.258e-17,5.248e-17,3.788e-17,-0.0,-5.1,0
LeftS109489,1.2906,-7.6367,3.690e-18,4.265e-18,4.044e-18,-0.0001,-5.12,0
LeftS109490,1.2378,-7.6851,1.737e-16,1.432e-16,7.085e-17,-0.0004,-5.05,0
LeftS109491,2.3631,-6.7780,3.670e-16,3.051e-16,1.532e-16,-0.0002,-5.98,0
LeftS109492,1.2320,-7.6603,5.922e-17,5.577e-17,3.673e-17,0.0,-5.02,0
LeftS109493,1.2220,-7.6864,1.073e-18,1.432e-18,1.828e-18,-0.0,-5.05,0
LeftS109494,2.2906,-6.8080,2.188e-19,3.486e-19,6.426e-19,0.0001,-5.92,0
LeftS109495,2.3492,-6.8453,6.659e-17,6.071e-17,3.673e-17,0.001,-6.28,0
LeftS109496,2.3222,-6.7923,8.352e-18,9.142e-18,7.747e-18,0.0001,-6.06,0
LeftS109498,2.3264,-6.8168,1.084e-15,8.663e-16,3.893e-16,0.0009,-5.86,1
LeftS109499,2.2560,-6.7591,1.567e-20,2.863e-20,7.419e-20,0.0011,-6.02,0
LeftS109501,1.2780,-7.6539,1.151e-16,1.923e-16,3.790e-16,-0.0005,-5.06,0
LeftS109502,2.2237,-6.7618,2.750e-16,4.266e-16,7.511e-16,-0.0001,-6.02,0
LeftS109505,2.2506,-6.6871,1.546e-19,2.310e-19,3.828e-19,0.0003,-6.0,0
LeftS109506,2.2474,-6.7363,7.591e-18,8.197e-18,6.666e-18,0.0005,-5.84,0
LeftS109507,1.3970,-7.8008,3.975e-15,2.904e-15,1.136e-15,0.0009,-5.25,0
LeftS109508,1.3741,-7.7712,1.824e-17,1.945e-17,1.622e-17,0.0009,-5.02,0
LeftS109509,1.4259,-7.8065,6.668e-17,5.911e-17,3.354e-17,-0.0004,-5.01,0
LeftS109510,2.2317,-6.6829,1.194e-16,1.028e-16,5.672e-17,-0.0002,-6.26,0
LeftS109511,1.3166,-7.8156,1.069e-16,9.808e-17,5.951e-17,0.0002,-5.12,0
LeftS109512,1.3740,-7.8509,2.381e-17,2.455e-17,1.899e-17,0.0007,-5.06,0
LeftS109513,1.3771,-7.7711,3.521e-15,2.635e-15,1.042e-15,0.0007,-4.94,0
LeftS109514,1.4200,-7.8819,4.859e-16,3.795e-16,1.655e-16,0.0007,-5.17,1
LeftS109515,1.3977,-7.8623,1.790e-16,2.948e-16,6.042e-16,-0.0001,-5.31,0
LeftS109516,2.1815,-6.7453,1.692e-15,1.305e-15,5.542e-16,0.0006,-6.04,1
LeftS109517,1.4469,-7.9019,1.536e-17,1.639e-17,1.327e-17,0.0004,-5.25,0
LeftS109519,2.1427,-6.5185,2.857e-15,2.185e-15,9.000e-16,0.0,-5.79,1
LeftS109520,1.4298,-7.8511,8.592e-16,6.493e-16,2.761e-16,0.0009,-5.25,1
LeftS109521,2.1347,-6.5906,1.486e-16,1.274e-16,6.989e-17,0.0002,-5.58,0
LeftS109523,2.1086,-6.6280,3.489e-20,6.428e-20,1.602e-19,0.0005,-6.1,0
LeftS109524,1.4992,-7.9492,6.304e-17,5.678e-17,3.268e-17,0.0009,-5.3,0
LeftS109525,2.0988,-6.5432,1.293e-16,1.149e-16,6.520e-17,0.0005,-5.93,0
LeftS109527,1.5913,-8.0435,5.505e-18,6.197e-18,5.397e-18,0.0006,-5.12,0
LeftS109528,1.5800,-7.9876,6.900e-17,6.149e-17,3.424e-17,-0.0003,-5.13,0
LeftS109529,2.0431,-6.5631,2.506e-17,4.224e-17,9.147e-17,0.0,-5.8,0
LeftS109530,1.5615,-7.8553,1.005e-18,1.277e-18,1.472e-18,-0.0001,-5.34,0
LeftS109531,1.6217,-8.0322,1.653e-20,3.290e-20,9.758e-20,0.0016,-5.43,0
LeftS109532,2.0083,-6.5642,2.981e-16,2.388e-16,1.149e-16,-0.0003,-5.98,0
LeftS109534,1.6178,-7.9980,1.178e-16,1.061e-16,5.931e-17,0.0014,-5.06,0
LeftS109535,1.6393,-8.0339,2.329e-20,4.635e-20,1.402e-19,0.0001,-5.15,0
LeftS109536,1.9644,-6.4187,1.517e-14,1.020e-14,3.337e-15,0.0004,-5.81,0
LeftS109537,1.9316,-6.4950,6.342e-16,5.441e-16,2.805e-16,0.0002,-5.98,0
LeftS109538,1.6878,-7.9432,3.339e-17,3.051e-17,1.890e-17,0.0004,-5.32,0
LeftS109539,1.9105,-6.4339,1.211e-17,1.301e-17,1.086e-17,0.0004,-5.62,0
LeftS109540,1.7255,-7.9678,1.861e-19,2.807e-19,4.862e-19,0.0008,-5.24,0
LeftS109542,1.8662,-6.4924,1.683e-14,1.140e-14,3.914e-15,0.0008,-5.89,0
LeftS109543,1.7700,-8.0136,5.360e-17,9.091e-17,1.968e-16,0.0002,-5.31,0
LeftS109544,1.7758,-8.0336,4.711e-16,9.161e-16,2.607e-15,0.0007,-5.34,0
LeftS109545,1.7922,-7.9843,2.255e-12,2.311e-12,1.804e-12,0.0006,-5.33,1
LeftS109546,1.7962,-6.3628,6.639e-20,1.140e-19,2.492e-19,0.0003,-5.65,0
LeftS109547,1.8342,-8.0691,5.207e-18,6.016e-18,5.815e-18,-0.0,-5.21,0
LeftS109548,1.7629,-6.3085,4.708e-12,3.465e-12,1.313e-12,-0.0006,-5.55,0
LeftS109549,1.7444,-6.4524,7.897e-17,1.256e-16,2.365e-16,-0.0,-5.73,0
LeftS109550,1.8862,-8.0552,5.789e-18,7.180e-18,7.942e-18,-0.0001,-5.51,0
LeftS109551,1.7206,-6.4343,2.635e-15,1.929e-15,7.359e-16,0.0003,-5.72,0
LeftS109552,1.6946,-6.3858,6.062e-16,4.609e-16,1.937e-16,0.001,-5.46,0
LeftS109553,1.9325,-8.0685,1.285e-16,1.176e-16,7.211e-17,-0.0002,-5.52,0
LeftS109554,1.9598,-8.1538,1.426e-15,1.101e-15,4.826e-16,0.0005,-5.34,1
LeftS109555,1.9963,-8.0340,2.770e-17,2.685e-17,1.815e-17,-0.0005,-5.5,0
LeftS109556,1.9698,-8.0723,3.128e-18,3.618e-18,3.659e-18,0.0006,-5.37,0
LeftS109557,1.5957,-6.3912,2.657e-16,5.167e-16,1.493e-15,0.0007,-5.87,0
LeftS109558,1.5862,-6.2518,1.191e-16,2.650e-16,1.003e-15,-0.0003,-5.55,0
LeftS109559,1.5554,-6.4955,6.805e-15,4.977e-15,1.858e-15,-0.0,-5.63,0
LeftS109560,2.0788,-8.0595,8.052e-16,6.265e-16,2.704e-16,-0.0008,-5.73,1
LeftS109561,1.5141,-6.4772,3.984e-17,3.856e-17,2.528e-17,-0.0001,-5.55,0
LeftS109562,1.5324,-6.4921,5.405e-17,9.695e-17,2.302e-16,0.0004,-5.51,0
LeftS109563,1.4684,-6.5577,1.018e-18,1.323e-18,1.656e-18,-0.0003,-5.5,0
LeftS109564,2.1223,-8.0196,1.506e-16,2.115e-16,3.062e-16,0.0008,-5.6,0
LeftS109565,1.4285,-6.4533,2.571e-18,3.202e-18,3.642e-18,0.001,-5.62,0
LeftS109566,1.4025,-6.4525,8.217e-16,6.074e-16,2.415e-16,0.0,-5.57,0
LeftS109567,2.2315,-8.0538,1.110e-14,7.734e-15,2.821e-15,-0.0004,-5.56,0
LeftS109568,1.3922,-6.3908,9.353e-12,7.314e-12,3.238e-12,0.0019,-5.55,1
LeftS109569,1.3690,-6.4088,2.936e-17,2.875e-17,1.982e-17,-0.0005,-5.45,0
LeftS109570,1.3357,-6.6365,1.784e-19,2.712e-19,4.700e-19,0.0001,-5.21,0
LeftS109571,1.3384,-6.4869,2.604e-16,2.227e-16,1.194e-16,0.0008,-5.46,0
LeftS109572,2.2952,-8.0178,1.037e-16,1.689e-16,3.346e-16,0.0006,-5.63,0
LeftS109573,1.3284,-6.4988,3.559e-16,2.833e-16,1.296e-16,-0.0,-5.4,0
LeftS109574,2.3110,-8.1040,6.195e-17,5.587e-17,3.296e-17,0.0004,-5.48,0
LeftS109577,2.3782,-7.9078,8.077e-17,7.380e-17,4.506e-17,-0.0001,-5.87,0
LeftS109579,1.1332,-6.6698,5.962e-18,6.529e-18,5.574e-18,0.0005,-5.23,0
LeftS109580,1.0798,-6.5926,1.370e-17,1.459e-17,1.172e-17,0.0004,-5.23,0
LeftS109581,1.1395,-6.5671,3.477e-15,2.522e-15,9.461e-16,0.0007,-5.25,0
LeftS109582,1.0907,-6.6552,2.416e-16,3.442e-16,5.227e-16,0.0003,-5.4,0
LeftS109583,1.0890,-6.6515,1.068e-17,1.133e-17,9.372e-18,0.001,-5.21,0
LeftS109584,1.0619,-6.6692,5.162e-19,7.013e-19,1.001e-18,0.0004,-5.19,0
LeftS109585,0.9422,-6.6234,2.940e-15,2.200e-15,8.942e-16,0.0006,-5.15,0
LeftS109586,2.6307,-7.8095,4.891e-19,7.277e-19,1.235e-18,-0.0002,-5.77,0
LeftS109587,1.0010,-6.6859,9.418e-16,7.036e-16,2.810e-16,0.0004,-5.44,0
LeftS109588,2.4647,-7.8108,4.360e-12,3.607e-12,1.790e-12,0.0002,-5.8,1
LeftS109589,1.0385,-6.7492,1.141e-20,2.494e-20,9.024e-20,0.0002,-5.13,0
LeftS109590,2.5582,-7.6586,5.965e-17,1.040e-16,2.327e-16,-0.0005,-6.04,0
LeftS109591,2.5331,-7.6705,1.112e-16,1.049e-16,6.788e-17,0.0001,-5.9,0
LeftS109592,0.9195,-6.7452,2.612e-16,2.259e-16,1.240e-16,-0.0,-5.23,0
LeftS109593,0.9507,-6.8183,2.602e-16,2.223e-16,1.165e-16,0.0007,-5.42,0
LeftS109594,2.6506,-7.6227,4.790e-17,4.665e-17,3.152e-17,0.001,-5.67,0
LeftS109595,2.7475,-7.6325,3.401e-16,2.595e-16,1.136e-16,0.0003,-5.88,0
LeftS109596,2.5847,-7.6015,6.366e-16,1.106e-15,2.459e-15,0.0002,-6.03,0
LeftS109597,0.8519,-6.9452,1.271e-15,9.987e-16,4.235e-16,0.0003,-5.01,1
LeftS109598,1.0013,-6.9478,4.678e-12,3.881e-12,1.975e-12,0.0002,-5.13,1
LeftS109600,2.7455,-7.4676,5.981e-12,4.946e-12,2.476e-12,0.0004,-5.72,1
LeftS109601,0.7271,-7.0399,9.244e-17,2.017e-16,7.128e-16,0.0,-4.85,0
LeftS109602,0.9116,-7.0710,1.039e-16,8.857e-17,4.497e-17,0.0008,-5.39,0
LeftS109603,2.8589,-7.3984,1.490e-20,3.025e-20,9.234e-20,0.0006,-5.93,0
LeftS109604,2.9229,-7.3564,5.848e-18,6.494e-18,5.772e-18,0.0007,-6.1,0
LeftS109605,0.7190,-7.1603,6.991e-18,8.175e-18,7.881e-18,0.0005,-4.87,0
LeftS109606,0.9441,-7.1804,7.185e-15,5.013e-15,1.759e-15,0.0002,-5.06,0
LeftS109607,2.8987,-7.2797,1.140e-16,1.034e-16,6.166e-17,0.0007,-6.11,0
LeftS109608,2.9483,-7.2494,3.902e-16,3.270e-16,1.633e-16,0.0012,-6.11,0
LeftS109609,0.8456,-7.2745,1.253e-14,8.854e-15,3.123e-15,0.0005,-5.04,0
LeftS109610,0.7801,-7.3097,1.228e-16,1.145e-16,7.054e-17,0.0006,-4.94,0
LeftS109611,2.8677,-7.1524,3.776e-14,2.484e-14,8.079e-15,-0.0002,-6.13,0
LeftS109612,0.7165,-7.3743,7.335e-20,1.249e-19,2.699e-19,0.0004,-4.95,0
LeftS109613,2.8855,-7.0947,3.157e-20,5.713e-20,1.381e-19,0.0003,-6.16,0
LeftS109614,0.7354,-7.4403,9.420e-17,1.503e-16,2.795e-16,0.0008,-4.95,0
LeftS109615,0.6575,-7.4117,5.268e-15,3.660e-15,1.321e-15,0.0003,-5.13,0
LeftS109616,0.8724,-7.5529,1.099e-16,1.842e-16,3.911e-16,-0.0003,-5.01,0
LeftS109617,0.8863,-7.5312,9.060e-18,1.015e-17,8.877e-18,-0.0001,-4.97,0
LeftS109618,2.8142,-6.8726,5.155e-15,3.664e-15,1.375e-15,0.0007,-6.25,0
LeftS109619,2.8215,-6.8849,3.709e-16,3.086e-16,1.540e-16,-0.0004,-6.05,0
LeftS109620,0.8070,-7.6671,5.731e-19,8.183e-19,1.269e-18,0.0001,-4.9,0
LeftS109621,2.8874,-6.8161,1.360e-20,2.646e-20,7.597e-20,0.0003,-6.16,0
LeftS109622,2.7192,-6.8244,5.275e-17,1.016e-16,2.866e-16,0.0003,-5.91,0
LeftS109623,2.7470,-6.7098,2.494e-16,2.162e-16,1.202e-16,0.0011,-6.21,0
LeftS109624,0.8135,-7.7704,6.268e-16,4.523e-16,1.763e-16,-0.0009,-5.01,0
LeftS109625,0.8732,-7.7573,1.876e-16,1.592e-16,8.349e-17,0.0002,-4.98,0
LeftS109626,0.8029,-7.7839,2.263e-16,4.772e-16,1.572e-15,0.0012,-4.9,0
LeftS109627,2.5961,-6.5660,1.020e-16,9.283e-17,5.533e-17,0.0012,-6.12,0
LeftS109629,2.6089,-6.5984,6.964e-12,5.671e-12,2.754e-12,0.001,-6.12,1
LeftS109630,0.9669,-7.8932,1.363e-16,2.475e-16,6.276e-16,0.0007,-4.94,0
LeftS109631,1.1522,-8.0631,1.178e-17,1.176e-17,8.359e-18,0.0007,-5.05,0
LeftS109632,2.5551,-6.4819,9.988e-16,7.955e-16,3.589e-16,-0.0001,-6.13,1
LeftS109633,2.5199,-6.5235,2.633e-15,1.947e-15,7.774e-16,0.0008,-5.95,0
LeftS109634,2.5964,-6.3901,7.660e-17,1.361e-16,3.336e-16,0.0,-6.14,0
LeftS109636,1.1778,-8.0762,1.025e-17,1.147e-17,1.049e-17,-0.0008,-5.16,0
LeftS109637,2.3430,-6.2776,8.973e-15,6.250e-15,2.296e-15,0.0006,-5.95,0
LeftS109638,1.2167,-8.1600,3.186e-18,3.904e-18,4.254e-18,-0.0003,-5.2,0
LeftS109639,2.3387,-6.1812,5.642e-16,4.434e-16,2.045e-16,-0.0005,-5.98,1
LeftS109640,2.3501,-6.3309,6.230e-16,5.102e-16,2.469e-16,0.0008,-6.18,0
LeftS109641,1.3413,-8.1442,6.457e-16,5.142e-16,2.376e-16,-0.0005,-5.03,0
LeftS109642,2.1475,-6.1869,3.185e-18,3.582e-18,3.273e-18,0.0005,-5.87,0
LeftS109643,2.1676,-6.0535,3.717e-16,3.165e-16,1.690e-16,0.0003,-5.86,0
LeftS109645,2.0779,-6.1254,3.049e-16,2.552e-16,1.318e-16,0.0,-5.79,0
LeftS109646,2.0355,-6.2310,5.103e-18,5.923e-18,5.789e-18,0.0007,-5.86,0
LeftS109647,2.0303,-6.1364,1.463e-17,1.549e-17,1.280e-17,-0.0001,-5.77,0
LeftS109648,1.6380,-8.4941,1.965e-20,3.456e-20,8.025e-20,-0.0005,-5.13,0
LeftS109649,1.6865,-8.4475,4.042e-17,3.951e-17,2.709e-17,0.0005,-5.4,0
LeftS109650,1.8631,-6.1999,1.182e-17,1.247e-17,9.689e-18,0.0006,-5.84,0
LeftS109651,1.7674,-8.2308,7.468e-16,5.871e-16,2.645e-16,-0.0005,-5.24,1
LeftS109652,1.8167,-8.4498,6.242e-16,5.047e-16,2.405e-16,0.0004,-5.49,0
LeftS109653,1.7363,-6.1742,1.066e-17,1.127e-17,9.094e-18,0.0009,-5.9,0
LeftS109654,1.6786,-6.0588,4.294e-15,3.198e-15,1.299e-15,0.0002,-5.48,0
LeftS109656,1.6074,-5.9498,1.228e-16,2.378e-16,6.479e-16,0.0011,-5.64,0
LeftS109665,-15.4925,-2.2566,2.082e-17,4.104e-17,1.215e-16,0.021,-3.61,0
LeftS109687,-12.1722,0.2339,7.717e-17,5.148e-17,1.656e-17,0.0225,-3.87,0
LeftS109701,43.5224,-10.4967,1.956e-12,1.885e-12,1.249e-12,0.0859,-3.75,0
LeftS109728,19.6912,0.3452,2.529e-13,5.751e-13,2.172e-12,0.0207,-4.11,0
LeftS109757,37.0514,4.8224,1.087e-18,3.627e-18,3.072e-17,0.0302,-4.15,0
LeftS109811,43.9359,-4.9264,2.487e-18,6.998e-18,4.387e-17,0.0323,-4.04,0
LeftS109821,31.0693,-0.5741,4.550e-08,4.714e-08,3.603e-08,0.0398,-4.36,1
LeftS109822,15.4702,-3.6335,5.625e-14,6.485e-14,6.127e-14,0.0252,-4.33,0
LeftS109832,11.2055,-0.9039,7.966e-18,1.615e-17,5.256e-17,0.0131,-3.69,0
LeftS109834,31.2829,-0.1456,7.214e-17,1.164e-16,2.263e-16,0.0098,-2.94,0
LeftS109846,33.9432,2.5141,6.848e-17,1.327e-16,3.733e-16,0.0311,-4.27,0
LeftS109847,37.4048,0.6747,7.068e-19,2.259e-18,1.824e-17,0.0343,-4.24,0
LeftS109911,-28.2653,-1.0325,1.449e-13,1.575e-13,1.375e-13,0.0444,-3.55,0
LeftS109917,28.2326,-0.7695,3.841e-19,1.122e-18,7.378e-18,0.0298,-4.34,0
LeftS109946,-10.5164,-12.2436,1.221e-17,3.492e-17,2.154e-16,0.096,-4.44,0
LeftS110009,24.8150,8.0571,2.984e-12,2.817e-12,1.794e-12,0.0595,-4.45,0
LeftS110085,44.9793,5.1468,5.313e-18,1.316e-17,6.095e-17,0.0222,-3.87,0
LeftS110332,41.4768,-0.3125,1.086e-10,7.577e-11,2.718e-11,0.0323,-4.15,0
LeftS110333,41.4357,0.9586,1.674e-12,1.452e-12,7.809e-13,0.037,-4.11,0
LeftS110335,37.5593,1.3893,3.685e-11,2.929e-11,1.298e-11,0.0451,-4.17,0
LeftS110337,41.9852,-0.9579,9.484e-15,1.356e-14,2.023e-14,0.0567,-3.98,0
LeftS110363,34.3629,-0.2444,4.224e-11,2.900e-11,9.796e-12,0.0173,-3.7,0
LeftS110364,30.6220,0.7293,9.729e-12,7.554e-12,3.202e-12,0.0187,-3.85,0
LeftS110366,23.7714,0.0764,1.295e-14,1.559e-14,1.641e-14,0.0206,-4.05,0
LeftS110368,21.6183,-0.5888,2.905e-13,3.040e-13,2.332e-13,0.0244,-4.27,0
LeftS110369,17.3951,0.2777,3.257e-12,2.681e-12,1.304e-12,0.0245,-4.34,0
LeftS110375,-16.2069,-0.3395,4.290e-13,4.274e-13,3.086e-13,0.0476,-4.11,0
LeftS110376,-7.3710,0.4380,4.129e-12,8.661e-12,2.985e-11,0.0643,-4.55,0
LeftS110377,-16.1042,-1.2609,6.808e-13,7.453e-13,6.399e-13,0.0845,-4.36,0
LeftS110398,33.1657,-0.2047,1.485e-12,1.139e-12,4.786e-13,0.0126,-3.28,1
LeftS110399,32.1943,-0.2616,1.489e-12,1.176e-12,5.398e-13,0.0136,-3.4,0
LeftS110402,20.4885,-0.0066,3.881e-13,3.528e-13,2.049e-13,0.0159,-3.73,0
LeftS110403,14.5642,-0.2402,6.271e-11,4.320e-11,1.449e-11,0.0152,-3.73,0
LeftS110404,13.7027,0.1292,2.123e-12,1.688e-12,7.854e-13,0.0173,-3.98,0
LeftS110405,10.1813,0.0696,2.004e-14,2.453e-14,2.673e-14,0.018,-3.99,0
LeftS110406,5.7384,0.2046,3.836e-11,2.685e-11,9.302e-12,0.0168,-3.91,0
LeftS110409,-7.0146,0.1887,4.963e-12,3.780e-12,1.593e-12,0.0213,-3.91,1
LeftS110410,-12.5320,0.1392,9.793e-13,8.678e-13,4.703e-13,0.023,-3.81,0
LeftS110411,-13.8131,-0.2690,8.395e-17,1.492e-16,3.592e-16,0.0244,-3.83,0
LeftS110414,-32.9970,0.3863,5.806e-11,4.243e-11,1.632e-11,0.0357,-3.31,0
LeftS110491,41.2406,1.4637,1.717e-14,2.102e-14,2.369e-14,0.0348,-4.17,0
LeftS110494,38.5122,2.8815,2.382e-16,1.659e-16,5.752e-17,0.0452,-4.13,0
LeftS110495,42.6055,-0.6120,1.339e-11,1.048e-11,4.664e-12,0.0478,-4.02,0
LeftS110496,38.3229,2.0895,3.943e-15,6.556e-15,1.351e-14,0.0608,-4.09,0
LeftS110529,41.2463,-2.1006,5.142e-12,3.979e-12,1.676e-12,0.0168,-3.51,1
LeftS110530,36.3630,-0.9463,7.502e-13,6.190e-13,3.081e-13,0.0164,-3.58,0
LeftS110531,34.6084,-0.4740,3.470e-13,2.909e-13,1.476e-13,0.0167,-3.65,0
LeftS110533,29.7613,-0.2449,1.366e-16,2.366e-16,5.311e-16,0.0178,-3.8,0
LeftS110538,16.8642,-1.2410,5.945e-17,4.085e-17,1.432e-17,0.0232,-4.28,0
LeftS110539,16.4554,-0.2442,5.566e-14,6.096e-14,5.414e-14,0.0243,-4.3,0
LeftS110541,14.3255,1.5768,1.093e-12,1.837e-12,3.745e-12,0.027,-4.4,0
LeftS110543,5.0337,2.1224,2.202e-14,2.514e-14,2.351e-14,0.0293,-4.39,0
LeftS110545,8.2506,2.1964,4.048e-12,3.283e-12,1.619e-12,0.0348,-4.57,0
LeftS110546,-5.2204,0.4195,9.534e-11,6.942e-11,2.611e-11,0.0387,-4.36,0
LeftS110548,-6.3544,0.0188,4.782e-11,3.560e-11,1.486e-11,0.0541,-4.5,1
LeftS110552,-29.0150,-3.0257,8.668e-11,6.954e-11,3.313e-11,0.1382,-3.88,0
LeftS110576,41.3878,-0.3504,3.211e-20,1.029e-19,8.129e-19,0.0131,-3.09,0
LeftS110580,26.2722,0.3552,8.094e-14,7.633e-14,4.781e-14,0.0122,-3.38,0
LeftS110581,30.4963,0.0856,4.227e-13,3.619e-13,1.851e-13,0.0154,-3.59,0
LeftS110583,22.7890,0.4872,4.195e-13,3.910e-13,2.346e-13,0.0169,-3.77,0
LeftS110584,18.4284,-1.6229,4.130e-14,4.339e-14,3.657e-14,0.016,-3.83,0
LeftS110585,16.3916,0.2317,2.621e-13,4.106e-13,7.797e-13,0.0164,-3.87,0
LeftS110587,11.9026,0.2810,4.856e-13,4.401e-13,2.633e-13,0.0198,-4.09,0
LeftS110590,4.9474,-0.7597,4.063e-13,7.688e-13,2.149e-12,0.0191,-4.08,0
LeftS110592,-7.2736,0.6366,3.024e-13,2.696e-13,1.594e-13,0.0219,-3.87,0
LeftS110594,-8.3192,0.1765,9.825e-13,3.491e-12,3.521e-11,0.0237,-3.99,0
LeftS110596,-29.6203,0.8635,1.121e-14,1.443e-14,1.685e-14,0.0225,-3.16,0
LeftS110598,-20.1343,-0.4505,4.298e-12,6.915e-12,1.342e-11,0.0312,-3.73,0
