Name,X,Y,BlueF,GreenF,RedF,Parallax,RadialVelocity,Variable?
FrontS08801,44.6977,0.3964,1.632e-18,1.385e-18,7.311e-19,0.0003,112.17,0
FrontS08803,44.8136,0.2548,7.839e-19,7.211e-19,4.286e-19,0.0001,111.27,0
FrontS08810,44.7749,0.3204,7.630e-20,8.800e-20,8.179e-20,-0.0003,111.73,0
FrontS08812,44.7874,0.2441,1.042e-19,1.213e-19,1.185e-19,0.0008,112.85,0
FrontS08814,44.8141,0.2549,8.395e-14,6.841e-14,3.382e-14,-0.0004,112.73,1
FrontS08820,44.8204,0.2259,4.938e-19,4.853e-19,3.350e-19,-0.0005,114.05,0
FrontS08823,44.8039,0.2425,1.688e-19,1.859e-19,1.613e-19,-0.0007,113.18,0
FrontS08824,44.8098,0.3598,5.494e-20,6.161e-20,5.868e-20,-0.0011,111.85,0
FrontS08826,44.8055,0.2406,2.371e-18,6.166e-18,3.273e-17,-0.0001,113.56,0
FrontS08833,44.8064,0.2584,6.358e-20,7.408e-20,7.298e-20,0.0002,111.88,0
FrontS08835,44.8068,0.2217,1.136e-19,1.279e-19,1.154e-19,0.0006,113.98,0
FrontS08844,44.8077,0.2219,2.937e-19,3.107e-19,2.470e-19,-0.0004,113.81,0
FrontS08849,44.7943,0.2595,1.070e-20,1.335e-20,1.506e-20,-0.0004,111.94,0
FrontS08853,44.8124,0.2566,2.420e-19,2.511e-19,1.995e-19,-0.0009,112.06,0
FrontS08856,44.8136,0.2276,1.472e-18,1.290e-18,7.127e-19,-0.0006,113.93,0
FrontS08857,44.8197,0.2327,8.873e-19,8.474e-19,5.529e-19,-0.0002,113.74,0
FrontS08869,44.8215,0.2376,1.033e-13,8.320e-14,3.980e-14,0.0002,113.42,1
FrontS08871,44.8336,0.2636,4.889e-20,5.691e-20,5.423e-20,-0.0005,112.58,0
FrontS08872,44.8083,0.2296,1.177e-20,1.534e-20,2.000e-20,0.0005,113.82,0
FrontS08874,44.8107,0.2523,1.953e-18,1.742e-18,1.019e-18,0.0005,113.24,0
FrontS08875,44.7964,0.2535,1.226e-20,1.653e-20,2.213e-20,0.0012,112.59,0
FrontS08881,44.8196,0.2587,3.800e-20,4.711e-20,5.002e-20,0.0,112.16,0
FrontS08882,44.8261,0.2129,8.878e-19,8.416e-19,5.642e-19,0.0,114.04,0
FrontS08884,44.8099,0.2699,2.353e-18,2.022e-18,1.060e-18,-0.0002,111.73,0
FrontS08889,44.8123,0.2571,2.055e-19,2.031e-19,1.487e-19,-0.0,111.62,0
FrontS08892,44.8094,0.2528,7.637e-20,8.501e-20,7.545e-20,-0.0006,115.62,0
FrontS08893,44.8081,0.2555,2.342e-20,3.084e-20,3.791e-20,-0.0007,112.47,0
FrontS08895,44.7748,0.4605,7.882e-20,9.269e-20,9.019e-20,-0.0008,111.92,0
FrontS08897,44.8134,0.2415,1.024e-19,1.202e-19,1.243e-19,-0.0004,113.49,0
FrontS08898,44.8122,0.2552,9.209e-15,6.158e-15,2.005e-15,0.0,112.69,0
FrontS08900,44.8315,0.1976,1.524e-20,1.930e-20,2.287e-20,0.0005,113.88,1
FrontS08902,44.8052,0.2535,2.045e-20,2.460e-20,2.670e-20,-0.0009,111.84,0
FrontS08918,44.8041,0.2542,1.594e-19,1.674e-19,1.309e-19,-0.0011,111.43,0
FrontS08928,44.7987,0.2542,1.703e-18,2.526e-18,3.995e-18,0.0001,112.4,0
FrontS08931,44.8150,0.2673,2.007e-18,1.727e-18,9.021e-19,-0.0006,112.17,0
FrontS08932,44.8204,0.2664,1.670e-18,1.501e-18,8.701e-19,-0.0001,112.33,0
FrontS08933,44.8534,0.2556,1.723e-18,1.465e-18,7.546e-19,0.0003,112.76,0
FrontS08934,44.8008,0.3363,2.494e-19,2.519e-19,1.886e-19,-0.0001,111.83,0
FrontS08938,44.7229,0.3874,1.136e-18,2.349e-18,7.695e-18,-0.0,112.06,0
FrontS08939,44.8156,0.2049,1.219e-20,1.853e-20,3.144e-20,-0.0006,113.96,0
FrontS08942,44.8155,0.2760,1.063e-17,2.546e-17,1.081e-16,0.0003,111.8,0
FrontS08945,44.8034,0.2455,6.721e-14,4.736e-14,1.684e-14,0.0007,113.15,0
FrontS08953,44.8106,0.2523,3.859e-19,3.850e-19,2.694e-19,0.001,114.06,0
FrontS08955,44.8171,0.2537,4.333e-19,4.397e-19,3.232e-19,0.0003,112.96,0
FrontS08958,44.8122,0.2594,3.463e-20,4.255e-20,4.698e-20,0.0003,111.93,0
FrontS08960,44.8109,0.2524,1.339e-20,1.806e-20,2.401e-20,0.0005,113.1,0
FrontS08965,44.8077,0.2513,1.302e-20,1.672e-20,2.025e-20,0.0004,112.85,0
FrontS08968,44.7898,0.2810,3.995e-20,5.117e-20,6.163e-20,0.0,111.77,0
FrontS08969,44.8312,0.2696,1.912e-18,1.790e-18,1.168e-18,-0.0002,112.48,0
FrontS08986,44.7922,0.2415,1.506e-19,1.628e-19,1.417e-19,0.0,112.96,0
FrontS08987,44.7426,0.2601,5.689e-18,9.981e-18,2.296e-17,0.0014,112.63,0
FrontS08991,44.8487,0.2239,1.517e-20,1.992e-20,2.526e-20,0.0012,113.2,0
FrontS08993,44.7912,0.2618,1.423e-20,1.794e-20,1.970e-20,0.0007,112.25,0
FrontS09003,44.8108,0.2492,1.148e-18,9.899e-19,5.289e-19,0.0003,114.1,0
FrontS09005,44.7898,0.2493,8.602e-19,7.849e-19,4.765e-19,0.0001,112.81,0
FrontS09007,44.8015,0.2634,9.937e-19,9.371e-19,5.975e-19,0.0001,111.66,0
FrontS09014,44.8108,0.2578,1.417e-19,1.514e-19,1.285e-19,-0.0008,111.41,0
FrontS09016,44.8159,0.2573,2.171e-19,2.306e-19,1.951e-19,0.0005,111.4,0
FrontS09019,44.7983,0.2927,7.001e-14,5.292e-14,2.166e-14,-0.0007,111.44,1
FrontS09023,44.8124,0.3052,6.927e-19,6.300e-19,3.767e-19,0.0009,111.84,0
FrontS09029,44.8109,0.2281,1.401e-19,1.595e-19,1.512e-19,0.0,113.59,0
FrontS09057,44.8209,0.2443,5.206e-20,5.847e-20,5.293e-20,0.0003,113.18,0
FrontS09060,44.8129,0.2541,3.853e-18,8.542e-18,3.168e-17,-0.0004,111.5,0
FrontS09063,44.8087,0.2346,5.431e-18,4.432e-18,2.094e-18,-0.0,113.63,0
FrontS09066,44.7773,0.2216,1.618e-20,2.086e-20,2.498e-20,0.0002,113.05,0
FrontS09079,44.7950,0.2617,2.766e-20,3.558e-20,4.210e-20,0.0004,112.12,0
FrontS09082,44.8536,0.2050,1.455e-17,3.904e-17,2.244e-16,-0.0002,113.34,0
FrontS09083,44.8101,0.2535,1.200e-18,1.055e-18,6.063e-19,0.0006,114.61,0
FrontS09088,44.8165,0.1931,2.693e-19,2.756e-19,2.094e-19,0.0006,113.89,0
FrontS09096,44.7945,0.2416,1.402e-20,1.753e-20,1.926e-20,0.0004,113.12,0
FrontS09097,44.7912,0.2482,1.747e-18,1.549e-18,8.458e-19,0.0004,112.81,0
FrontS09100,44.8559,0.1710,6.736e-18,5.511e-18,2.614e-18,0.0004,113.49,0
FrontS09102,44.8121,0.2644,2.450e-19,2.477e-19,1.906e-19,-0.0002,112.23,0
FrontS09103,44.7955,0.2710,1.335e-18,1.174e-18,6.751e-19,0.0004,111.85,0
FrontS09105,44.8107,0.2610,7.206e-20,8.346e-20,8.526e-20,0.0002,112.31,0
FrontS09108,44.8114,0.2551,2.631e-20,3.358e-20,4.030e-20,-0.0001,112.28,0
FrontS09114,44.8113,0.1156,1.312e-18,1.210e-18,7.478e-19,0.001,113.57,0
FrontS09121,44.7493,0.3098,8.265e-19,7.779e-19,4.846e-19,0.0005,112.21,0
FrontS09124,44.8071,0.2498,5.323e-20,6.068e-20,5.802e-20,-0.0005,113.61,0
FrontS09129,44.7851,0.2799,8.005e-19,7.323e-19,4.575e-19,-0.0001,111.42,0
FrontS09130,44.7773,0.2715,1.609e-14,1.091e-14,3.646e-15,-0.0002,111.9,0
FrontS09134,44.8256,0.2746,7.961e-19,1.569e-18,4.485e-18,-0.0005,111.59,0
FrontS09139,44.7811,0.2736,2.030e-18,1.842e-18,1.111e-18,-0.0002,111.46,0
FrontS09140,44.7989,0.2679,2.538e-20,3.252e-20,3.845e-20,0.0003,112.22,0
FrontS09142,44.8369,0.2582,1.065e-20,1.480e-20,2.065e-20,0.0002,112.6,0
FrontS09145,44.8242,0.2705,6.053e-19,5.644e-19,3.726e-19,0.0007,112.0,0
FrontS09147,44.8126,0.2476,6.053e-20,7.221e-20,7.671e-20,-0.0002,113.11,0
FrontS09150,44.8203,0.2236,5.473e-20,6.640e-20,7.093e-20,-0.0009,113.86,0
FrontS09151,44.8440,0.2310,2.663e-18,3.669e-18,5.292e-18,0.0003,113.69,0
FrontS09157,44.8047,0.2724,1.040e-18,1.977e-18,5.387e-18,0.0002,111.65,0
FrontS09160,44.8189,0.2348,4.892e-18,1.133e-17,4.787e-17,-0.0,113.75,0
FrontS09162,44.8319,0.2609,3.726e-18,2.946e-18,1.336e-18,0.0001,112.43,0
FrontS09165,44.8141,0.2480,9.057e-19,8.555e-19,5.620e-19,0.0005,113.39,0
FrontS09166,44.8115,0.2345,1.939e-18,1.678e-18,9.114e-19,0.0003,113.36,0
FrontS09167,44.8260,0.2488,3.131e-20,3.925e-20,4.524e-20,0.001,113.27,0
FrontS09168,44.8309,0.2427,5.098e-20,6.230e-20,6.785e-20,0.0008,113.53,0
FrontS09169,44.8397,0.2676,3.782e-14,2.768e-14,1.053e-14,-0.0006,112.03,0
FrontS09172,44.8201,0.2460,1.071e-20,1.447e-20,1.981e-20,-0.0005,113.21,0
FrontS09173,44.7912,0.2835,3.164e-19,3.223e-19,2.342e-19,-0.0001,111.72,0
FrontS09174,44.7682,0.2607,3.515e-18,2.902e-18,1.362e-18,0.0002,111.87,0
FrontS09176,44.8136,0.2302,5.596e-18,4.403e-18,1.937e-18,-0.0003,113.91,0
FrontS09177,44.8414,0.2598,1.760e-19,1.850e-19,1.498e-19,-0.0001,112.63,0
FrontS09178,44.8016,0.2508,7.796e-20,8.999e-20,8.858e-20,-0.0001,113.14,0
FrontS09184,44.8141,0.2357,4.146e-19,4.080e-19,2.779e-19,-0.0002,113.72,0
FrontS09186,44.8397,0.2504,1.784e-18,1.548e-18,8.378e-19,-0.0008,113.59,0
FrontS09190,44.8317,0.2636,6.891e-19,6.332e-19,3.902e-19,0.0002,112.5,0
FrontS09192,44.7875,0.2361,5.191e-19,5.124e-19,3.628e-19,0.0001,113.53,0
FrontS09193,44.8012,0.2643,8.341e-14,6.622e-14,2.961e-14,0.0002,112.39,1
FrontS09194,44.8251,0.2569,2.214e-18,3.094e-18,4.617e-18,-0.0008,112.49,0
FrontS09196,44.8023,0.2790,1.249e-19,1.435e-19,1.364e-19,0.0002,111.53,0
FrontS09198,44.8146,0.2395,2.173e-19,2.333e-19,1.931e-19,-0.0008,113.62,0
FrontS09199,44.8107,0.2597,4.358e-19,4.246e-19,2.918e-19,-0.0007,112.51,0
FrontS09200,44.8258,0.2365,1.630e-18,3.446e-18,1.179e-17,-0.0001,113.59,0
FrontS09201,44.7909,0.2423,6.477e-19,6.216e-19,4.030e-19,0.0007,113.73,0
FrontS09202,44.8035,0.2493,4.004e-19,6.428e-19,1.266e-18,0.0002,112.89,0
FrontS09207,44.7986,0.2768,1.215e-19,1.291e-19,1.017e-19,-0.0003,111.7,0
FrontS09210,44.8116,0.2326,8.707e-20,9.834e-20,9.262e-20,-0.0002,113.7,0
FrontS09212,44.7837,0.2589,1.736e-19,1.769e-19,1.319e-19,-0.0007,111.9,0
FrontS09214,44.8295,0.2457,1.629e-18,2.536e-18,4.406e-18,-0.0002,113.6,0
FrontS09220,44.7959,0.2531,5.487e-19,5.331e-19,3.623e-19,0.0009,112.47,0
FrontS09222,44.8178,0.2255,2.962e-18,2.536e-18,1.324e-18,0.0004,113.51,0
FrontS09224,44.8257,0.2696,1.317e-13,9.916e-14,4.014e-14,-0.0002,111.82,0
FrontS09225,44.7988,0.2585,7.981e-19,1.414e-18,3.365e-18,0.0004,112.29,0
FrontS09226,44.8445,0.2454,2.197e-18,1.902e-18,9.858e-19,-0.0001,113.26,0
FrontS09228,44.7798,0.2365,3.244e-18,7.950e-18,3.542e-17,-0.0003,113.45,0
FrontS09229,44.8059,0.2680,5.520e-19,1.272e-18,5.097e-18,0.001,112.03,0
FrontS09230,44.8036,0.2767,2.280e-18,1.961e-18,1.025e-18,0.0005,111.58,0
FrontS09232,44.8272,0.2286,3.253e-14,2.319e-14,8.317e-15,-0.0005,113.99,0
FrontS09233,44.8032,0.2518,3.544e-18,2.922e-18,1.436e-18,0.0001,112.85,0
FrontS09234,44.7913,0.2428,2.277e-20,2.838e-20,3.281e-20,0.0003,113.05,0
FrontS09236,44.7659,0.2583,2.445e-18,2.065e-18,1.091e-18,0.0005,112.03,0
FrontS09237,44.8237,0.2684,2.322e-20,3.229e-20,4.646e-20,0.0005,111.72,0
FrontS09238,44.8024,0.2469,1.870e-18,3.595e-18,9.668e-18,0.0003,112.99,0
FrontS09239,44.7958,0.2506,1.518e-18,2.789e-18,7.266e-18,0.0012,112.78,0
FrontS09242,44.7852,0.2536,2.582e-19,2.752e-19,2.282e-19,0.0002,111.84,0
FrontS09245,44.7800,0.2766,7.611e-20,9.266e-20,9.806e-20,0.0003,111.33,0
FrontS09246,44.7955,0.2539,8.952e-20,1.037e-19,9.873e-20,-0.0012,112.63,0
FrontS09247,44.8345,0.2366,2.201e-18,3.508e-18,6.658e-18,0.001,113.39,0
FrontS09248,44.7916,0.2710,2.274e-19,2.336e-19,1.768e-19,0.0001,111.86,0
FrontS09249,44.7552,0.2464,4.239e-20,5.144e-20,5.457e-20,-0.0,112.79,0
FrontS09250,44.8094,0.2544,1.481e-18,2.379e-18,4.731e-18,0.0009,112.7,0
FrontS09254,44.8105,0.2411,1.457e-20,1.826e-20,2.140e-20,-0.0002,113.8,0
FrontS09255,44.7914,0.2395,8.334e-20,9.600e-20,8.984e-20,0.0001,113.86,0
FrontS09257,44.8155,0.2742,1.111e-20,1.537e-20,2.081e-20,-0.0011,112.21,0
FrontS09259,44.8147,0.2769,6.437e-19,5.848e-19,3.521e-19,-0.0006,112.1,0
FrontS09260,44.8095,0.2535,9.858e-18,8.192e-18,4.087e-18,0.0004,115.26,0
FrontS09261,44.8096,0.2535,3.954e-17,3.027e-17,1.256e-17,-0.0,117.41,0
FrontS09262,44.8094,0.2536,2.401e-18,4.873e-18,1.504e-17,-0.0008,113.74,0
FrontS09263,44.8093,0.2536,6.232e-18,9.730e-18,1.718e-17,0.0007,113.05,0
FrontS09264,44.8093,0.2538,2.038e-17,1.508e-17,6.091e-18,-0.0001,108.05,0
FrontS09265,44.8093,0.2536,2.488e-18,2.051e-18,1.026e-18,-0.0,108.3,0
FrontS09266,44.8096,0.2538,1.374e-16,9.369e-17,3.143e-17,0.0004,109.53,0
FrontS09267,44.8033,0.2594,6.580e-15,4.349e-15,1.422e-15,-0.0001,112.32,0
FrontS09268,44.8197,0.2494,3.932e-16,2.632e-16,8.597e-17,-0.0003,113.04,0
FrontS09269,44.8016,0.2587,4.608e-18,3.752e-18,1.826e-18,0.0005,112.4,0
FrontS09270,44.7973,0.2583,2.418e-17,1.835e-17,7.708e-18,0.0005,112.44,1
FrontS09271,44.8264,0.2472,3.370e-17,2.549e-17,1.037e-17,-0.0008,113.07,0
FrontS09272,44.7958,0.2565,2.893e-19,3.051e-19,2.431e-19,0.0003,112.52,0
FrontS09273,44.7915,0.2566,6.191e-17,4.489e-17,1.674e-17,0.0004,112.6,0
FrontS09274,44.7913,0.2550,3.343e-16,2.306e-16,7.888e-17,-0.0002,112.6,0
FrontS09275,44.8279,0.2537,1.197e-18,2.141e-18,5.342e-18,0.0002,112.8,0
FrontS09276,44.7907,0.2518,1.783e-18,2.759e-18,4.962e-18,-0.0003,112.7,0
FrontS09277,44.8319,0.2566,6.044e-17,4.397e-17,1.647e-17,0.0002,112.71,0
FrontS09279,44.8298,0.2616,1.035e-16,7.347e-17,2.690e-17,0.0003,112.59,0
FrontS09280,44.7848,0.2462,2.683e-17,2.000e-17,7.784e-18,0.0003,112.84,0
FrontS09281,44.8338,0.2641,5.284e-19,1.032e-18,2.845e-18,-0.0004,112.59,0
FrontS09282,44.7840,0.2375,5.204e-16,3.578e-16,1.212e-16,0.0003,112.99,0
FrontS09283,44.8343,0.2693,6.897e-17,5.051e-17,1.933e-17,-0.0001,112.53,0
FrontS09284,44.7849,0.2364,5.407e-15,3.539e-15,1.136e-15,-0.0004,112.96,0
FrontS09285,44.8347,0.2791,6.140e-17,4.272e-17,1.536e-17,0.0005,112.38,0
FrontS09286,44.8381,0.2792,1.331e-17,1.055e-17,4.629e-18,0.0002,112.39,1
FrontS09287,44.8303,0.2850,4.714e-19,4.687e-19,3.265e-19,0.0002,112.3,0
FrontS09288,44.8353,0.2891,8.639e-18,6.863e-18,3.163e-18,0.0005,112.27,0
FrontS09289,44.7876,0.2119,3.922e-17,2.908e-17,1.168e-17,0.0003,113.22,0
FrontS09290,44.7853,0.2058,3.870e-18,6.978e-18,1.729e-17,-0.0003,113.28,0
FrontS09291,44.8345,0.3054,9.874e-18,7.892e-18,3.741e-18,-0.0007,112.21,0
FrontS09292,44.8321,0.3069,1.794e-18,2.503e-18,3.521e-18,0.0002,112.18,0
FrontS09293,44.7875,0.1915,4.109e-17,2.885e-17,1.060e-17,0.0002,113.35,0
FrontS09294,44.7881,0.1917,9.544e-18,7.616e-18,3.377e-18,-0.0004,113.33,0
FrontS09295,44.8301,0.3225,4.824e-17,3.557e-17,1.411e-17,-0.0006,112.11,0
FrontS09296,44.7876,0.1784,6.990e-17,4.912e-17,1.766e-17,-0.0003,113.34,0
FrontS09297,44.7932,0.1744,8.048e-19,1.654e-18,5.250e-18,0.0003,113.42,0
FrontS09298,44.7937,0.1708,1.633e-16,1.166e-16,4.176e-17,0.0001,113.39,0
FrontS09299,44.8272,0.3397,2.002e-14,1.339e-14,4.342e-15,0.0003,112.04,0
FrontS09300,44.7963,0.1645,3.371e-17,2.570e-17,1.054e-17,0.0004,113.49,1
FrontS09301,44.8217,0.3456,4.014e-19,4.103e-19,3.011e-19,-0.0001,111.98,0
FrontS09302,44.7985,0.1544,2.630e-17,2.085e-17,9.067e-18,-0.0003,113.49,1
FrontS09303,44.8005,0.1451,4.477e-17,3.338e-17,1.320e-17,0.0001,113.51,0
FrontS09304,44.8134,0.3704,5.526e-19,5.572e-19,4.009e-19,-0.0003,111.91,0
FrontS09305,44.8068,0.1438,1.345e-17,1.054e-17,4.515e-18,0.0001,113.53,1
FrontS09306,44.8075,0.1366,2.941e-16,2.088e-16,7.487e-17,-0.0009,113.56,0
FrontS09307,44.8074,0.3756,3.532e-14,2.488e-14,9.070e-15,0.0005,111.91,0
FrontS09308,44.8048,0.3798,2.580e-14,1.772e-14,6.009e-15,0.0008,111.86,0
FrontS09309,44.8012,0.3881,8.247e-17,6.014e-17,2.360e-17,0.001,111.84,0
FrontS09310,44.8182,0.1122,1.293e-18,1.140e-18,6.475e-19,-0.0006,113.63,0
FrontS09311,44.7979,0.3988,9.148e-17,6.590e-17,2.481e-17,0.0,111.84,0
FrontS09312,44.8247,0.1035,1.904e-18,1.673e-18,9.106e-19,0.0008,113.62,0
FrontS09313,44.8260,0.1064,1.312e-18,2.905e-18,1.112e-17,-0.0003,113.63,0
FrontS09314,44.7889,0.4083,7.142e-18,5.733e-18,2.677e-18,0.0004,111.79,0
FrontS09315,44.8338,0.0944,5.429e-14,5.132e-14,3.208e-14,-0.0,113.62,1
FrontS09316,44.8375,0.0934,8.307e-18,6.797e-18,3.309e-18,-0.0007,113.63,0
FrontS09317,44.7777,0.4122,1.989e-18,1.811e-18,1.044e-18,0.0007,111.81,0
FrontS09318,44.8428,0.0875,6.761e-20,7.537e-20,6.655e-20,0.0008,113.62,0
FrontS09319,44.8487,0.0823,3.568e-18,3.038e-18,1.565e-18,0.0008,113.63,0
FrontS09320,44.8508,0.0747,9.019e-18,7.566e-18,3.655e-18,-0.0004,113.63,0
FrontS09321,44.7655,0.4244,2.342e-17,1.834e-17,8.237e-18,0.0013,111.81,1
FrontS09324,44.7516,0.4376,5.138e-17,3.856e-17,1.592e-17,0.0005,111.85,0
FrontS09325,44.8704,0.0692,1.819e-16,1.311e-16,4.963e-17,-0.0008,113.61,0
FrontS09326,44.7496,0.4428,8.609e-18,6.688e-18,2.864e-18,0.0001,111.87,0
FrontS09327,44.8778,0.0778,6.614e-17,4.820e-17,1.824e-17,-0.0002,113.57,0
FrontS09328,44.7404,0.4351,7.445e-14,5.458e-14,2.112e-14,-0.0006,111.86,0
FrontS09329,44.7387,0.4467,4.440e-19,4.305e-19,2.960e-19,0.0006,111.91,0
FrontS09330,44.7363,0.4495,1.442e-20,1.958e-20,2.643e-20,-0.0001,111.88,0
FrontS09331,44.8905,0.0645,1.452e-16,1.004e-16,3.380e-17,-0.0001,113.55,0
FrontS09332,44.8031,0.2547,3.155e-20,4.133e-20,5.089e-20,-0.0,112.64,0
FrontS09333,44.8208,0.2527,1.818e-19,1.984e-19,1.718e-19,-0.0002,112.86,0
FrontS09335,44.8205,0.2560,1.765e-20,2.291e-20,2.779e-20,0.0002,112.65,0
FrontS09336,44.8001,0.2528,1.451e-18,1.343e-18,8.297e-19,-0.0001,112.67,0
FrontS09337,44.8185,0.2548,1.829e-20,2.370e-20,2.974e-20,-0.0009,112.73,0
FrontS09338,44.8241,0.2516,2.466e-18,2.236e-18,1.328e-18,-0.0002,112.89,0
FrontS09340,44.7978,0.2524,2.199e-18,4.501e-18,1.372e-17,-0.0007,112.73,0
FrontS09342,44.8209,0.2558,3.353e-18,6.047e-18,1.420e-17,-0.0008,112.72,0
FrontS09344,44.7935,0.2498,1.910e-17,1.473e-17,6.350e-18,-0.0008,112.79,1
FrontS09345,44.8247,0.2560,2.615e-19,2.543e-19,1.794e-19,0.0001,112.7,0
FrontS09346,44.8251,0.2575,6.248e-18,5.191e-18,2.527e-18,-0.0005,112.67,0
FrontS09347,44.8166,0.2640,6.922e-19,1.258e-18,3.012e-18,-0.0006,112.34,0
FrontS09348,44.8262,0.2654,5.607e-20,6.555e-20,6.266e-20,-0.0004,112.45,0
FrontS09349,44.8263,0.2627,3.357e-18,6.724e-18,2.156e-17,0.0012,112.53,0
FrontS09351,44.8310,0.2643,3.837e-18,4.929e-18,6.170e-18,-0.0003,112.51,0
FrontS09352,44.8292,0.2645,4.451e-18,7.303e-18,1.401e-17,0.0004,112.54,0
FrontS09353,44.8262,0.2692,1.028e-18,9.810e-19,6.349e-19,0.0002,112.33,0
FrontS09356,44.8334,0.2726,3.923e-19,4.074e-19,3.094e-19,0.0008,112.4,0
FrontS09357,44.7877,0.2315,2.673e-20,3.534e-20,4.654e-20,0.0001,113.11,0
FrontS09358,44.8255,0.2704,1.182e-17,9.541e-18,4.398e-18,0.0005,112.4,0
FrontS09359,44.8303,0.2811,7.220e-19,1.407e-18,4.081e-18,0.001,112.35,0
FrontS09360,44.8278,0.2740,1.278e-17,1.027e-17,4.830e-18,0.0002,112.34,0
FrontS09361,44.8298,0.2780,9.209e-19,8.821e-19,5.916e-19,0.0001,112.3,0
FrontS09364,44.8313,0.2875,7.865e-17,5.569e-17,2.067e-17,-0.0004,112.24,0
FrontS09366,44.7867,0.2281,6.637e-19,1.299e-18,3.857e-18,0.0007,113.16,0
FrontS09371,44.8264,0.3047,8.722e-14,8.535e-14,5.809e-14,0.0002,112.12,1
FrontS09372,44.8330,0.2991,2.560e-16,1.792e-16,6.161e-17,0.0007,112.18,0
FrontS09373,44.7857,0.2095,7.362e-19,1.265e-18,2.924e-18,-0.0006,113.33,0
FrontS09375,44.7928,0.2033,3.147e-18,2.729e-18,1.457e-18,-0.0003,113.36,0
FrontS09377,44.8264,0.2994,1.254e-18,2.688e-18,9.395e-18,0.0003,112.11,0
FrontS09378,44.7933,0.2045,2.163e-19,2.256e-19,1.763e-19,-0.0001,113.33,0
FrontS09381,44.7966,0.1929,1.298e-16,9.196e-17,3.298e-17,0.0001,113.41,0
FrontS09382,44.8273,0.3163,2.503e-17,1.902e-17,8.003e-18,-0.0001,112.05,1
FrontS09384,44.8204,0.3219,7.042e-19,6.666e-19,4.261e-19,0.0007,111.99,0
FrontS09385,44.7956,0.1796,2.387e-18,5.778e-18,2.622e-17,0.001,113.45,0
FrontS09386,44.8169,0.3265,3.273e-16,2.219e-16,7.235e-17,0.0002,111.97,0
FrontS09388,44.7963,0.1764,1.665e-20,2.245e-20,2.994e-20,-0.0004,113.47,0
FrontS09390,44.8005,0.1622,4.275e-17,3.094e-17,1.175e-17,0.0006,113.51,0
FrontS09391,44.7999,0.1754,7.237e-18,5.849e-18,2.772e-18,0.0,113.52,0
FrontS09392,44.8019,0.1589,1.755e-18,1.558e-18,8.884e-19,-0.0006,113.48,0
FrontS09393,44.8165,0.3426,1.074e-18,9.698e-19,5.594e-19,0.0001,111.91,0
FrontS09394,44.8039,0.1632,6.564e-17,4.786e-17,1.824e-17,0.0005,113.55,0
FrontS09396,44.8152,0.3542,1.340e-20,1.801e-20,2.395e-20,-0.0004,111.89,0
FrontS09397,44.8128,0.3478,6.417e-18,5.316e-18,2.686e-18,-0.0002,111.91,0
FrontS09398,44.8119,0.1641,5.351e-18,4.545e-18,2.286e-18,-0.0001,113.64,0
FrontS09399,44.8112,0.3652,3.090e-18,2.653e-18,1.365e-18,-0.0,111.89,0
FrontS09401,44.8106,0.1577,4.420e-18,7.506e-18,1.667e-17,0.0,113.62,0
FrontS09402,44.8095,0.1394,2.442e-20,3.101e-20,3.607e-20,-0.0002,113.56,0
FrontS09405,44.8140,0.1435,5.354e-18,4.428e-18,2.200e-18,0.0009,113.62,0
FrontS09407,44.8033,0.3662,2.556e-18,2.158e-18,1.119e-18,0.0002,111.82,0
FrontS09409,44.8014,0.3857,1.842e-18,2.773e-18,4.862e-18,0.0003,111.85,0
FrontS09410,44.7936,0.3803,5.957e-18,4.775e-18,2.218e-18,0.0003,111.8,0
FrontS09411,44.8200,0.1102,1.111e-19,1.224e-19,1.116e-19,-0.0001,113.61,0
FrontS09412,44.8225,0.1196,2.093e-19,2.145e-19,1.652e-19,-0.0003,113.61,0
FrontS09413,44.7953,0.3917,5.183e-18,6.962e-18,9.330e-18,0.0004,111.84,0
FrontS09415,44.8285,0.1106,1.030e-13,8.794e-14,4.511e-14,0.0015,113.63,1
FrontS09416,44.8273,0.1097,8.242e-14,6.245e-14,2.499e-14,0.0004,113.65,0
FrontS09417,44.7887,0.3926,2.863e-19,2.832e-19,2.014e-19,0.0007,111.81,0
FrontS09418,44.7871,0.3965,2.757e-18,3.989e-18,6.255e-18,-0.0006,111.82,0
FrontS09420,44.8386,0.1034,3.756e-17,2.845e-17,1.168e-17,0.0004,113.67,0
FrontS09422,44.7828,0.3847,2.110e-18,1.794e-18,9.538e-19,-0.0003,111.78,0
FrontS09423,44.8338,0.1066,8.565e-17,6.320e-17,2.537e-17,-0.0001,113.62,0
FrontS09424,44.8519,0.1166,1.614e-18,2.534e-18,4.760e-18,-0.0004,113.68,0
FrontS09426,44.7758,0.3980,3.952e-18,3.326e-18,1.716e-18,0.0006,111.8,0
FrontS09427,44.7667,0.4137,9.405e-19,8.800e-19,5.477e-19,-0.0,111.78,0
FrontS09428,44.7669,0.4158,8.728e-18,7.038e-18,3.199e-18,-0.0014,111.83,0
FrontS09429,44.8547,0.0809,3.025e-17,2.197e-17,8.582e-18,-0.0005,113.62,0
FrontS09432,44.8504,0.0926,2.103e-17,1.602e-17,6.699e-18,0.0004,113.66,1
FrontS09433,44.8524,0.0912,1.648e-18,1.452e-18,8.022e-19,-0.0,113.66,0
FrontS09434,44.8540,0.0855,9.523e-18,8.068e-18,4.172e-18,-0.0003,113.64,0
FrontS09436,44.7595,0.4369,2.165e-18,1.827e-18,9.458e-19,-0.0002,111.87,0
FrontS09438,44.8668,0.0899,1.150e-17,8.505e-18,3.311e-18,-0.0001,113.63,0
FrontS09439,44.7469,0.4367,2.292e-17,1.781e-17,8.038e-18,0.0007,111.86,1
FrontS09440,44.7561,0.4095,1.853e-20,2.502e-20,3.326e-20,0.0002,111.79,0
FrontS09441,44.7426,0.4325,8.756e-19,8.092e-19,4.905e-19,-0.0005,111.89,0
FrontS09442,44.7612,0.4316,2.541e-18,4.292e-18,9.017e-18,0.0004,111.83,0
FrontS09443,44.8825,0.0546,3.209e-19,3.290e-19,2.504e-19,0.0002,113.55,0
FrontS09444,44.8729,0.0756,8.742e-19,1.596e-18,3.849e-18,-0.0004,113.61,0
FrontS09445,44.7545,0.4020,3.141e-19,5.660e-19,1.352e-18,-0.0,111.81,0
FrontS09446,44.8732,0.0874,6.591e-18,5.497e-18,2.635e-18,-0.0002,113.58,0
FrontS09447,44.8678,0.1040,6.930e-20,8.074e-20,8.042e-20,0.0005,113.63,0
FrontS09448,44.7407,0.4292,4.242e-17,3.226e-17,1.299e-17,0.0013,111.91,0
FrontS09451,44.8874,0.0658,9.279e-18,7.547e-18,3.646e-18,0.0,113.54,0
FrontS09452,44.7231,0.4295,6.374e-18,1.638e-17,8.441e-17,-0.0003,111.9,0
FrontS09453,44.7281,0.4355,5.758e-18,1.462e-17,7.508e-17,-0.0004,111.94,0
FrontS09454,44.8866,0.0859,2.855e-18,2.512e-18,1.386e-18,-0.0001,113.55,0
FrontS09455,44.8857,0.0874,5.215e-18,1.160e-17,4.589e-17,-0.0002,113.51,0
FrontS09458,44.7369,0.4139,1.825e-17,1.390e-17,5.790e-18,-0.0002,111.9,1
FrontS09459,44.7194,0.4217,1.485e-18,2.780e-18,7.232e-18,0.0002,111.99,0
FrontS09460,44.8871,0.0939,1.273e-18,2.264e-18,5.301e-18,-0.0003,113.52,0
FrontS09461,44.9103,0.0789,4.538e-18,1.024e-17,4.036e-17,-0.0003,113.42,0
FrontS09462,44.7215,0.4182,2.752e-17,2.019e-17,7.943e-18,-0.0001,111.98,0
FrontS09463,44.1600,1.0107,1.179e-19,1.311e-19,1.189e-19,0.0005,119.93,0
FrontS09464,44.1243,1.0272,1.092e-18,1.012e-18,6.239e-19,0.0003,121.43,0
FrontS09466,44.1683,0.9947,1.063e-19,1.136e-19,9.319e-20,-0.0006,119.47,0
FrontS09470,44.1673,0.9880,2.086e-14,1.420e-14,4.720e-15,0.0001,119.45,0
FrontS09472,44.1371,1.0416,2.001e-19,3.789e-19,1.069e-18,-0.0005,121.46,0
FrontS09477,44.1694,1.0106,1.986e-20,2.496e-20,2.857e-20,0.0005,119.75,0
FrontS09478,44.1637,1.0268,2.843e-19,2.858e-19,2.011e-19,-0.0008,120.52,0
FrontS09479,44.1594,1.0496,2.481e-20,3.298e-20,4.154e-20,-0.0005,120.85,0
FrontS09483,44.1646,1.0307,1.416e-20,1.892e-20,2.591e-20,0.0007,120.63,0
FrontS09489,44.1051,1.0562,2.423e-19,2.652e-19,2.271e-19,-0.0003,121.87,0
FrontS09490,44.0273,1.1143,7.258e-20,8.441e-20,8.423e-20,-0.0007,121.89,0
FrontS09493,44.1059,1.0238,9.803e-20,1.113e-19,1.029e-19,0.0007,121.49,0
FrontS09501,44.1833,0.9857,1.373e-18,1.192e-18,6.516e-19,-0.0003,119.26,0
FrontS09514,44.1432,1.0321,9.240e-19,8.431e-19,5.080e-19,-0.0003,121.33,0
FrontS09520,44.0838,1.0441,8.316e-19,7.918e-19,5.286e-19,0.0001,121.62,0
FrontS09521,44.1169,0.9954,2.219e-18,4.631e-18,1.531e-17,0.0,120.56,0
FrontS09523,44.1789,1.0131,6.236e-19,1.222e-18,3.649e-18,-0.0009,119.87,0
FrontS09526,44.1500,1.0056,2.900e-20,3.519e-20,3.713e-20,-0.0004,120.07,0
FrontS09527,44.1278,0.9927,1.716e-19,1.834e-19,1.466e-19,-0.0001,120.42,0
FrontS09529,44.1260,1.0085,3.746e-20,4.653e-20,5.300e-20,-0.0003,120.75,0
FrontS09531,44.1512,1.0218,2.158e-18,4.950e-18,2.020e-17,0.0006,120.97,0
FrontS09536,44.1152,1.0810,1.546e-18,2.511e-18,5.079e-18,-0.0002,121.59,0
FrontS09537,44.1335,1.0210,4.941e-20,5.714e-20,5.534e-20,0.0002,121.34,0
FrontS09538,44.1543,1.0175,2.020e-18,3.799e-18,1.023e-17,-0.0003,119.8,0
FrontS09539,44.1344,1.0119,1.486e-20,2.074e-20,2.858e-20,-0.0002,120.67,0
FrontS09540,44.1462,1.0228,3.497e-20,4.262e-20,4.547e-20,-0.0009,121.56,0
FrontS09541,44.1499,1.0201,1.179e-18,1.060e-18,6.389e-19,0.0002,121.79,0
FrontS09547,44.1647,0.9895,3.752e-20,4.413e-20,4.269e-20,0.0004,119.59,0
FrontS09555,44.2111,1.0024,1.001e-18,8.588e-19,4.723e-19,0.0006,119.74,0
FrontS09562,44.0503,1.0731,2.489e-20,3.239e-20,4.089e-20,-0.0001,121.73,0
FrontS09564,44.1526,1.0031,2.111e-18,4.083e-18,1.156e-17,0.0003,119.77,0
FrontS09566,44.1045,1.0559,2.833e-19,2.715e-19,1.881e-19,-0.0001,121.93,0
FrontS09568,44.1409,1.0134,4.412e-20,5.428e-20,5.796e-20,-0.0,120.66,0
FrontS09571,44.1139,1.0113,2.192e-19,2.281e-19,1.747e-19,-0.0008,120.94,0
FrontS09573,44.1833,1.0678,3.397e-20,4.104e-20,4.371e-20,-0.0008,120.87,0
FrontS09574,44.2401,0.9272,5.726e-18,9.732e-18,2.153e-17,0.0003,119.29,0
FrontS09577,44.1016,1.0783,3.695e-20,4.624e-20,5.354e-20,-0.0002,121.76,0
FrontS09578,44.1865,0.9754,4.042e-19,4.177e-19,3.150e-19,0.0007,119.35,0
FrontS09581,44.1445,1.0215,2.452e-18,2.248e-18,1.365e-18,0.0001,121.5,0
FrontS09582,44.1847,1.0150,9.992e-14,7.718e-14,3.297e-14,0.0005,120.11,1
FrontS09591,44.1188,1.0134,5.535e-14,3.997e-14,1.529e-14,-0.0001,120.91,0
FrontS09597,44.1024,1.0400,6.542e-14,5.334e-14,2.559e-14,-0.0002,121.79,1
FrontS09604,44.1489,1.0629,1.063e-19,1.141e-19,9.516e-20,0.0003,121.15,0
FrontS09609,44.1563,1.0241,2.545e-18,4.607e-18,1.134e-17,0.0004,120.67,0
FrontS09611,44.1130,1.0410,1.633e-18,3.246e-18,9.632e-18,0.0006,121.75,0
FrontS09613,44.1023,1.0340,2.776e-20,3.260e-20,3.242e-20,0.0007,121.5,0
FrontS09627,44.1172,1.0299,1.253e-20,1.571e-20,1.828e-20,-0.0,121.58,0
FrontS09628,44.1049,1.0062,1.626e-20,2.135e-20,2.701e-20,-0.0005,120.77,0
FrontS09633,44.1259,1.0432,1.091e-19,1.195e-19,1.045e-19,-0.0005,121.75,0
FrontS09636,44.1413,1.0179,5.388e-19,5.182e-19,3.474e-19,-0.0003,121.22,0
FrontS09641,44.1435,1.0098,1.944e-18,3.195e-18,6.668e-18,0.0006,120.09,0
FrontS09642,44.1535,1.0219,2.932e-19,4.605e-19,8.554e-19,-0.0011,121.4,0
FrontS09643,44.0775,1.0624,4.135e-19,4.339e-19,3.523e-19,0.0001,121.76,0
FrontS09644,44.1364,1.0149,1.948e-19,2.024e-19,1.566e-19,-0.0004,120.9,0
FrontS09645,44.1965,1.0470,1.661e-18,2.739e-18,5.523e-18,0.0001,120.59,0
FrontS09654,44.3178,0.8567,5.318e-20,6.076e-20,5.864e-20,0.0001,119.5,0
FrontS09656,44.1569,1.0174,7.507e-19,7.180e-19,4.788e-19,-0.0003,120.35,0
FrontS09664,44.1109,1.0066,1.154e-18,1.061e-18,6.477e-19,0.0006,120.8,0
FrontS09665,44.1351,1.0041,8.102e-19,1.809e-18,6.673e-18,0.0001,120.37,0
FrontS09670,44.1323,1.0232,2.019e-18,4.102e-18,1.252e-17,-0.0006,121.36,0
FrontS09675,44.1860,1.0126,3.671e-19,3.803e-19,2.953e-19,0.0,119.76,0
FrontS09676,44.1645,1.0156,2.124e-18,1.893e-18,1.097e-18,-0.0001,120.1,0
FrontS09677,44.1517,1.0276,7.660e-20,8.790e-20,8.540e-20,-0.0007,120.92,0
FrontS09680,44.2082,0.9174,1.276e-20,1.732e-20,2.302e-20,-0.0009,119.55,0
FrontS09685,44.1963,1.0042,5.742e-14,4.962e-14,2.651e-14,-0.0001,119.53,1
FrontS09686,43.9541,1.1296,1.478e-20,1.792e-20,1.951e-20,-0.0003,121.7,0
FrontS09688,44.2158,0.8963,1.664e-19,1.762e-19,1.480e-19,0.0002,119.61,0
FrontS09691,44.1921,0.9848,1.251e-19,1.383e-19,1.241e-19,-0.0009,119.19,0
FrontS09693,44.1663,1.0310,4.364e-20,5.107e-20,5.078e-20,-0.0001,120.62,0
FrontS09699,44.2712,0.8731,1.332e-19,1.546e-19,1.483e-19,-0.0005,119.52,0
FrontS09701,44.1524,1.0524,7.811e-20,8.769e-20,8.477e-20,-0.0003,121.08,0
FrontS09708,44.1564,0.9896,2.703e-14,1.819e-14,5.957e-15,-0.0001,119.34,0
FrontS09712,44.1390,1.0022,2.133e-18,3.412e-18,6.457e-18,0.0004,119.62,0
FrontS09713,44.1394,1.0376,2.044e-20,2.767e-20,3.655e-20,0.001,121.37,0
FrontS09723,44.1592,1.0113,9.133e-20,9.784e-20,8.032e-20,0.0001,119.89,0
FrontS09724,44.1594,1.0070,4.706e-14,3.257e-14,1.095e-14,-0.0006,119.68,0
FrontS09725,44.1716,1.0311,3.199e-18,2.671e-18,1.324e-18,-0.0003,120.41,0
FrontS09727,44.1223,1.0390,2.466e-20,3.175e-20,3.918e-20,-0.0002,121.73,0
FrontS09728,44.1097,1.0123,4.539e-18,3.852e-18,1.971e-18,0.0002,121.36,0
FrontS09729,44.1948,1.0062,3.336e-18,4.590e-18,6.260e-18,0.0006,119.76,0
FrontS09730,44.1163,1.0212,4.805e-19,4.783e-19,3.428e-19,-0.0,121.65,0
FrontS09735,44.1343,1.0347,5.518e-18,9.043e-18,1.805e-17,0.0001,121.45,0
FrontS09736,44.1601,0.9946,7.784e-20,8.828e-20,8.673e-20,0.0008,119.47,0
FrontS09737,44.1221,0.9926,2.647e-18,2.183e-18,1.103e-18,0.0006,120.33,0
FrontS09738,44.1313,1.0096,7.400e-20,8.356e-20,7.666e-20,-0.0005,120.71,0
FrontS09740,44.1409,1.0282,3.518e-20,4.281e-20,4.520e-20,0.0008,121.26,0
FrontS09742,44.1532,1.0112,1.752e-18,1.536e-18,8.785e-19,0.0006,119.7,0
FrontS09743,44.1656,1.0195,3.196e-18,5.014e-18,9.334e-18,-0.0012,119.67,0
FrontS09744,44.1558,1.0005,6.161e-18,4.991e-18,2.308e-18,-0.0013,119.5,0
FrontS09747,44.0861,1.0256,1.067e-20,1.430e-20,1.875e-20,-0.0003,121.6,0
FrontS09748,44.1658,0.9808,5.336e-18,4.118e-18,1.802e-18,0.0006,119.33,0
FrontS09749,44.1707,1.0197,1.550e-20,2.007e-20,2.500e-20,-0.0,119.92,0
FrontS09751,44.1581,1.0287,5.845e-14,4.160e-14,1.508e-14,-0.0,120.76,0
FrontS09753,44.0964,0.9989,3.169e-18,2.725e-18,1.475e-18,0.0005,121.5,0
FrontS09754,44.1484,1.0122,7.215e-18,5.747e-18,2.577e-18,-0.0004,120.05,1
FrontS09755,44.1478,1.0299,2.114e-19,2.284e-19,2.036e-19,-0.0001,121.0,0
FrontS09756,44.1230,1.0003,8.960e-19,1.642e-18,3.990e-18,0.0002,120.6,0
FrontS09760,44.1331,0.9909,1.860e-14,1.277e-14,4.121e-15,-0.0003,120.16,0
FrontS09763,44.1721,1.0300,9.147e-20,1.030e-19,9.542e-20,-0.0003,120.46,0
FrontS09764,44.1183,1.0197,1.417e-19,1.562e-19,1.372e-19,-0.0008,121.26,0
FrontS09765,44.1465,1.0329,1.389e-20,1.815e-20,2.263e-20,0.0004,121.53,0
FrontS09769,44.1402,1.0393,1.751e-18,1.559e-18,9.357e-19,0.0003,121.64,0
FrontS09770,44.1758,1.0063,2.217e-18,1.977e-18,1.160e-18,0.0007,119.41,0
FrontS09774,44.1463,1.0584,3.337e-19,3.456e-19,2.562e-19,0.0007,121.73,0
FrontS09776,44.1618,0.9998,1.699e-20,2.153e-20,2.589e-20,-0.0007,119.5,0
FrontS09777,44.1871,0.9887,1.074e-20,1.438e-20,1.827e-20,0.0008,119.23,0
FrontS09778,44.1415,1.0381,2.594e-20,3.275e-20,3.734e-20,0.0006,121.65,0
FrontS09780,44.1553,1.0303,2.823e-20,3.368e-20,3.433e-20,-0.0008,120.95,0
FrontS09782,44.1535,1.0012,4.613e-19,4.340e-19,2.699e-19,-0.0004,119.73,0
FrontS09787,44.1449,0.9986,3.439e-14,2.473e-14,9.549e-15,0.0001,119.77,0
FrontS09788,44.1331,1.0479,5.221e-14,3.633e-14,1.251e-14,-0.0001,121.8,0
FrontS09789,44.1687,1.0379,2.449e-17,1.886e-17,7.820e-18,0.0002,120.98,1
FrontS09795,44.1375,1.0444,1.264e-18,1.097e-18,5.912e-19,0.0001,121.74,0
FrontS09796,44.1639,0.9977,6.003e-19,1.011e-18,2.125e-18,0.0005,119.56,0
FrontS09797,44.1384,1.0268,1.477e-18,1.337e-18,7.862e-19,-0.0001,121.28,0
FrontS09799,44.1395,0.9974,3.059e-19,3.124e-19,2.288e-19,0.0002,120.12,0
FrontS09800,44.2118,0.9963,8.504e-20,9.161e-20,7.683e-20,0.0006,119.35,0
FrontS09801,44.1617,1.0161,1.256e-18,1.125e-18,6.759e-19,0.0005,120.26,0
FrontS09802,44.1703,1.0260,1.207e-20,1.600e-20,2.038e-20,-0.0004,119.6,0
FrontS09803,44.1546,1.0395,4.319e-18,8.115e-18,2.176e-17,0.0004,121.51,0
FrontS09807,44.1514,1.0212,8.781e-19,8.820e-19,6.313e-19,-0.0,120.7,0
FrontS09809,44.1189,1.0260,1.028e-18,2.243e-18,8.035e-18,-0.0006,121.37,0
FrontS09811,44.1490,1.0116,4.614e-20,5.254e-20,5.158e-20,-0.0005,120.38,0
FrontS09812,44.1554,1.0120,1.354e-18,2.376e-18,5.552e-18,-0.0006,120.17,0
FrontS09813,44.1713,1.0372,2.145e-20,2.730e-20,3.290e-20,0.001,121.64,0
FrontS09815,44.1211,1.0020,2.533e-18,2.165e-18,1.160e-18,-0.0006,120.64,0
FrontS09816,44.1777,1.0162,1.712e-18,1.472e-18,7.929e-19,0.0004,119.76,0
FrontS09819,44.1269,1.0100,5.746e-18,4.744e-18,2.276e-18,-0.001,121.01,0
FrontS09820,44.1129,1.0085,9.845e-19,1.614e-18,3.319e-18,0.0005,121.75,0
FrontS09825,44.0777,1.0439,5.654e-18,4.544e-18,2.052e-18,-0.0001,121.8,0
FrontS09827,44.1824,1.0293,1.253e-19,1.337e-19,1.104e-19,0.0005,120.19,0
FrontS09828,44.1858,1.0226,5.324e-19,5.195e-19,3.574e-19,-0.0008,119.52,0
FrontS09829,44.1438,0.9909,2.488e-18,2.168e-18,1.177e-18,-0.0009,119.91,0
FrontS09831,44.1707,1.0000,1.030e-18,9.743e-19,6.191e-19,-0.0002,119.44,0
FrontS09835,44.1478,1.0049,3.439e-19,3.488e-19,2.648e-19,-0.0013,119.97,0
FrontS09837,44.1283,1.0179,5.743e-19,5.568e-19,3.718e-19,0.0006,121.1,0
FrontS09839,44.1380,1.0332,1.291e-18,2.401e-18,6.068e-18,-0.0007,121.1,0
FrontS09840,44.1269,1.0154,5.473e-20,6.200e-20,5.788e-20,0.0006,121.43,0
FrontS09842,44.1106,1.0229,1.946e-19,2.041e-19,1.592e-19,-0.0007,121.66,0
FrontS09849,44.1295,1.0312,3.730e-20,4.475e-20,4.787e-20,-0.0008,121.58,0
FrontS09851,44.1657,1.0396,2.992e-18,2.700e-18,1.563e-18,-0.0001,121.66,0
FrontS09856,44.1344,1.0169,6.751e-19,6.195e-19,3.645e-19,0.0002,120.86,0
FrontS09858,44.1555,1.0260,7.575e-18,5.965e-18,2.645e-18,-0.0004,120.75,0
FrontS09860,44.1484,1.0084,8.704e-19,8.227e-19,5.366e-19,-0.0003,120.25,0
FrontS09861,44.1649,1.0195,1.101e-17,8.512e-18,3.658e-18,-0.0009,120.22,0
FrontS09862,44.1320,1.0191,7.311e-20,8.417e-20,8.163e-20,0.0001,120.96,0
FrontS09863,44.1569,1.0159,1.852e-17,1.357e-17,5.521e-18,-0.0003,120.3,0
FrontS09866,44.1437,1.0105,3.358e-14,3.319e-14,2.301e-14,-0.0,120.41,1
FrontS09868,44.1660,1.0357,2.714e-18,2.444e-18,1.373e-18,0.0006,120.74,0
FrontS09869,44.1462,1.0151,6.435e-19,1.246e-18,3.480e-18,0.0003,120.53,0
FrontS09871,44.1629,1.0198,1.178e-20,1.563e-20,2.011e-20,0.0004,120.29,0
FrontS09872,44.1361,1.0117,4.418e-19,4.185e-19,2.729e-19,0.0,120.66,0
FrontS09873,44.1594,1.0333,1.192e-18,2.109e-18,4.832e-18,-0.0007,120.81,0
FrontS09877,44.1614,1.0293,1.549e-18,1.368e-18,7.625e-19,0.0001,120.7,0
FrontS09878,44.1398,1.0121,1.085e-19,1.235e-19,1.112e-19,0.0001,120.56,0
FrontS09882,44.1555,1.0300,1.715e-19,1.837e-19,1.518e-19,-0.0008,120.86,0
FrontS09887,44.1685,1.0268,3.137e-18,2.590e-18,1.334e-18,0.0005,120.44,0
FrontS09890,44.1568,1.0277,2.340e-18,4.146e-18,9.580e-18,-0.0002,120.72,0
FrontS09891,44.1626,1.0275,6.141e-19,9.493e-19,1.760e-18,0.0003,120.57,0
FrontS09892,44.1405,1.0018,1.995e-19,2.100e-19,1.705e-19,-0.0006,120.25,0
FrontS09897,44.1460,1.0055,2.930e-19,3.018e-19,2.242e-19,0.0001,120.25,0
FrontS09900,44.1702,1.0364,7.135e-18,5.634e-18,2.533e-18,0.0002,120.7,1
FrontS09902,44.1599,1.0164,2.231e-18,3.643e-18,7.160e-18,0.0003,120.29,0
FrontS09904,44.1689,1.0242,7.744e-20,8.893e-20,8.667e-20,0.0002,120.42,0
FrontS09906,44.1384,1.0156,2.025e-18,1.749e-18,9.653e-19,0.0001,120.72,0
FrontS09909,44.1653,1.0264,1.214e-20,1.606e-20,2.002e-20,-0.001,120.53,0
FrontS09911,44.1435,1.0090,4.015e-19,7.649e-19,2.062e-18,0.0008,120.4,0
FrontS09913,44.1331,1.0110,8.901e-19,8.087e-19,4.668e-19,0.0001,120.71,0
FrontS09914,44.1735,1.0261,7.972e-19,7.719e-19,5.115e-19,-0.0001,120.43,0
FrontS09916,44.1331,1.0027,2.663e-19,2.867e-19,2.404e-19,0.0001,120.43,0
FrontS09917,44.1333,1.0091,4.205e-19,4.133e-19,2.801e-19,-0.0001,120.64,0
FrontS09918,44.1599,1.0219,2.586e-20,3.264e-20,3.776e-20,-0.0001,120.46,0
FrontS09919,44.1251,1.0107,2.350e-20,2.812e-20,2.965e-20,0.0006,120.82,0
FrontS09921,44.1755,1.0289,5.336e-18,4.666e-18,2.528e-18,0.0001,120.39,0
FrontS09924,44.1321,1.0091,5.858e-19,1.036e-18,2.377e-18,-0.0004,120.65,0
FrontS09925,44.1333,1.0036,8.418e-19,1.495e-18,3.470e-18,-0.0005,120.54,0
FrontS09926,44.1323,1.0056,9.134e-20,1.044e-19,9.930e-20,0.0004,120.46,0
FrontS09928,44.1621,1.0267,1.455e-14,9.739e-15,3.253e-15,-0.0002,120.57,0
FrontS09934,44.1652,1.0307,4.223e-19,6.573e-19,1.176e-18,0.0002,120.63,0
FrontS09935,44.1688,1.0241,1.809e-17,1.378e-17,5.948e-18,-0.0007,120.33,1
FrontS09936,44.1576,1.0419,7.038e-19,6.622e-19,4.405e-19,0.0003,120.99,0
FrontS09938,44.1431,1.0050,4.526e-18,3.681e-18,1.738e-18,-0.0005,120.34,0
FrontS09940,44.1455,1.0106,2.804e-19,2.768e-19,2.001e-19,-0.0005,120.42,0
FrontS09941,44.1320,1.0118,1.623e-18,1.434e-18,8.146e-19,-0.0007,120.66,0
FrontS09945,44.1318,1.0016,4.617e-20,5.681e-20,6.488e-20,0.0001,120.42,0
FrontS09946,44.1311,1.0122,1.490e-18,2.836e-18,8.037e-18,0.0008,120.8,0
FrontS09952,44.1338,1.0017,3.913e-18,8.383e-18,2.931e-17,0.0004,120.45,0
FrontS09953,44.1341,1.0106,1.446e-19,1.635e-19,1.506e-19,0.0002,120.64,0
FrontS09954,44.1496,1.0094,4.439e-19,6.707e-19,1.143e-18,-0.0003,120.31,0
FrontS09956,44.1725,1.0283,9.443e-19,8.802e-19,5.367e-19,0.0,120.45,0
FrontS09958,44.1738,1.0269,5.406e-19,5.074e-19,3.195e-19,-0.0003,120.4,0
FrontS09959,44.1678,1.0262,5.342e-19,4.998e-19,3.197e-19,-0.0001,120.42,0
FrontS09960,44.1289,1.0052,8.753e-19,1.554e-18,3.784e-18,0.0006,120.63,0
FrontS09962,44.1584,1.0283,2.883e-18,5.757e-18,1.770e-17,0.0003,120.67,0
FrontS09965,44.1691,1.0323,6.665e-14,5.018e-14,2.154e-14,-0.0003,120.58,1
FrontS09966,44.1782,1.0323,2.017e-19,2.277e-19,2.038e-19,0.0001,120.41,0
FrontS09967,44.1673,1.0294,1.045e-17,7.983e-18,3.402e-18,-0.0004,120.55,0
FrontS09968,44.1357,1.0010,5.159e-19,5.324e-19,4.010e-19,-0.0001,120.45,0
FrontS09972,44.1731,1.0281,2.221e-19,2.337e-19,1.811e-19,0.0005,120.49,0
FrontS09974,44.1315,1.0039,9.199e-19,1.868e-18,5.916e-18,-0.0,120.52,0
FrontS09975,44.1772,1.0364,5.097e-18,7.666e-18,1.331e-17,-0.0011,120.57,0
FrontS09977,44.1305,1.0014,5.419e-20,6.328e-20,6.385e-20,-0.0001,120.49,0
FrontS09979,44.1641,1.0316,2.246e-20,2.982e-20,3.891e-20,0.0004,120.67,0
FrontS09981,44.1751,1.0254,1.476e-18,1.371e-18,8.612e-19,0.0003,120.38,0
FrontS09982,44.1419,1.0072,1.356e-20,1.719e-20,2.035e-20,0.0004,120.42,0
FrontS09983,44.1246,1.0060,2.557e-19,2.755e-19,2.294e-19,0.0004,120.66,0
FrontS09984,44.1725,1.0316,1.337e-20,1.671e-20,1.964e-20,-0.0002,120.55,0
FrontS09986,44.1660,1.0367,2.021e-20,2.628e-20,3.357e-20,-0.0005,120.67,0
FrontS09988,44.1707,1.0401,2.027e-20,2.483e-20,2.727e-20,-0.0004,120.73,0
FrontS09990,44.1649,1.0333,2.734e-18,2.356e-18,1.245e-18,0.0003,120.68,0
FrontS09991,44.1318,1.0087,3.826e-14,2.721e-14,9.993e-15,0.0005,120.63,0
FrontS09992,44.1769,1.0321,8.049e-19,7.533e-19,4.822e-19,-0.0003,120.55,0
FrontS09993,44.1294,1.0070,1.321e-19,1.485e-19,1.369e-19,0.0003,120.61,0
FrontS09994,44.1710,1.0298,1.691e-18,1.609e-18,1.052e-18,-0.0003,120.49,0
FrontS09997,44.1276,1.0108,2.672e-20,3.230e-20,3.555e-20,0.0002,120.83,0
FrontS09998,44.1271,0.9994,1.933e-18,3.130e-18,6.156e-18,-0.0003,120.48,0
FrontS10001,44.1751,1.0382,5.849e-19,5.564e-19,3.589e-19,-0.0001,120.58,0
FrontS10002,44.1813,1.0345,2.787e-20,3.356e-20,3.711e-20,0.0007,120.44,0
FrontS10003,44.1372,1.0030,1.819e-18,1.613e-18,9.494e-19,0.0007,120.43,0
FrontS10005,44.1313,0.9982,1.764e-19,1.837e-19,1.489e-19,0.0006,120.48,0
FrontS10009,44.1214,0.9973,1.806e-19,2.071e-19,1.884e-19,-0.0003,120.5,0
FrontS10011,44.1684,1.0422,1.143e-20,1.522e-20,1.962e-20,0.0002,120.74,0
FrontS10013,44.1796,1.0360,6.925e-18,5.425e-18,2.439e-18,0.0006,120.48,0
FrontS10014,44.1178,1.0045,1.945e-18,4.417e-18,1.691e-17,-0.0007,120.7,0
FrontS10015,44.1770,1.0348,5.150e-18,1.292e-17,6.623e-17,-0.0,120.49,0
FrontS10018,44.1283,1.0050,9.745e-18,7.842e-18,3.656e-18,-0.0007,120.61,0
FrontS10019,44.1866,1.0347,8.068e-14,5.866e-14,2.335e-14,0.0006,120.41,0
FrontS10020,44.1745,1.0283,1.768e-18,3.064e-18,6.942e-18,0.0006,120.4,0
FrontS10022,44.1820,1.0365,6.691e-19,1.240e-18,3.262e-18,0.0008,120.49,0
FrontS10024,44.1668,1.0377,5.490e-18,4.587e-18,2.266e-18,0.0008,120.73,0
FrontS10025,44.1253,0.9998,1.401e-16,9.609e-17,3.283e-17,0.0002,120.46,0
FrontS10026,44.1130,0.9970,3.138e-20,4.157e-20,5.224e-20,0.0005,120.59,0
FrontS10028,44.1707,1.0395,1.289e-17,1.047e-17,4.810e-18,0.001,120.68,0
FrontS10031,44.1105,0.9998,3.235e-19,3.235e-19,2.337e-19,0.0007,120.65,0
FrontS10034,44.1168,1.0060,1.205e-19,1.316e-19,1.106e-19,-0.0001,120.69,0
FrontS10036,44.1291,1.0047,2.408e-19,2.452e-19,1.887e-19,0.0008,120.65,0
FrontS10039,44.1267,0.9971,1.069e-18,2.116e-18,6.017e-18,-0.0005,120.45,0
FrontS10046,44.1723,1.0391,2.052e-18,3.574e-18,8.102e-18,-0.0,120.65,0
FrontS10049,44.1264,0.9944,1.998e-17,1.506e-17,6.448e-18,0.0005,120.42,1
FrontS10053,44.1168,0.9944,2.483e-18,5.417e-18,1.964e-17,0.0006,120.51,0
FrontS10054,44.1199,0.9985,1.814e-18,1.609e-18,9.035e-19,0.0002,120.55,0
FrontS10055,44.1750,1.0453,4.024e-19,3.821e-19,2.481e-19,-0.0005,120.71,0
FrontS10056,44.1717,1.0507,1.642e-18,2.990e-18,7.663e-18,0.0,120.85,0
FrontS10058,44.1856,1.0357,2.734e-18,2.289e-18,1.117e-18,-0.0003,120.49,0
FrontS10060,44.1790,1.0352,1.604e-20,2.083e-20,2.486e-20,0.0004,120.5,0
FrontS10061,44.1226,0.9956,2.282e-19,2.496e-19,2.152e-19,0.0001,120.48,0
FrontS10062,44.1180,0.9874,5.689e-20,6.944e-20,7.548e-20,0.0006,120.45,0
FrontS10063,44.1834,1.0324,4.067e-14,2.936e-14,1.131e-14,-0.0002,120.47,0
FrontS10066,44.1093,0.9936,7.886e-20,8.498e-20,7.283e-20,-0.0001,120.64,0
FrontS10067,44.1169,0.9893,3.581e-18,2.900e-18,1.405e-18,0.0003,120.46,0
FrontS10068,44.1175,0.9942,1.954e-19,2.088e-19,1.666e-19,0.0005,120.57,0
FrontS10069,44.1137,0.9940,8.606e-14,6.771e-14,3.056e-14,0.0002,120.58,1
FrontS10071,44.1254,0.9916,4.226e-19,4.285e-19,3.137e-19,-0.0002,120.44,0
FrontS10073,44.1814,1.0426,1.479e-19,1.483e-19,1.096e-19,0.0003,120.56,0
FrontS10074,44.1784,1.0421,1.206e-18,1.967e-18,3.879e-18,-0.0005,120.63,0
FrontS10077,44.1796,1.0359,3.882e-19,3.882e-19,2.781e-19,-0.0004,120.52,0
FrontS10078,44.1124,0.9946,1.377e-19,1.509e-19,1.308e-19,-0.0002,120.6,0
FrontS10079,44.1114,0.9949,1.639e-20,2.132e-20,2.713e-20,-0.0003,120.62,0
FrontS10080,44.1284,0.9926,4.316e-19,4.152e-19,2.801e-19,0.0005,120.37,0
FrontS10082,44.1832,1.0468,5.966e-20,6.574e-20,5.689e-20,0.001,120.61,0
FrontS10084,44.1240,0.9916,3.987e-18,3.638e-18,2.118e-18,-0.0001,120.44,0
FrontS10085,44.1813,1.0498,1.869e-18,1.702e-18,1.016e-18,-0.0,120.69,0
FrontS10086,44.1068,0.9894,7.435e-19,1.231e-18,2.617e-18,0.0002,120.53,0
FrontS10089,44.1833,1.0436,7.353e-19,7.027e-19,4.676e-19,-0.0002,120.62,0
FrontS10090,44.1222,0.9939,8.921e-14,8.488e-14,5.323e-14,0.0011,120.46,1
FrontS10091,44.1088,0.9914,1.178e-19,1.326e-19,1.235e-19,-0.0004,120.52,0
FrontS10092,44.1044,0.9893,1.651e-18,3.230e-18,9.110e-18,-0.0,120.53,0
FrontS10094,44.1138,0.9863,1.902e-19,2.005e-19,1.570e-19,-0.0002,120.45,0
FrontS10095,44.1499,1.0181,6.842e-17,4.890e-17,1.752e-17,0.0006,120.39,0
FrontS10096,44.1098,0.9983,2.887e-14,2.026e-14,7.246e-15,0.0003,120.72,0
FrontS10097,44.1111,0.9974,2.837e-18,6.805e-18,3.003e-17,-0.0007,120.59,0
FrontS10098,44.1896,1.0413,1.984e-17,1.541e-17,6.554e-18,-0.0004,120.5,1
FrontS10099,44.1113,0.9958,1.035e-16,7.249e-17,2.595e-17,0.0003,120.57,0
FrontS10100,44.1135,0.9944,1.019e-16,7.198e-17,2.577e-17,0.0004,120.59,0
FrontS10101,44.1104,0.9919,5.584e-18,4.862e-18,2.609e-18,0.0001,120.62,0
FrontS10102,44.1838,1.0427,7.684e-18,6.315e-18,3.094e-18,0.0006,120.68,0
FrontS10103,44.1176,0.9916,2.609e-17,1.878e-17,7.191e-18,-0.0002,120.52,0
FrontS10104,44.1788,1.0447,1.062e-17,8.592e-18,3.917e-18,0.0003,120.63,0
FrontS10105,44.1822,1.0460,1.525e-18,1.412e-18,8.824e-19,-0.0009,120.66,0
FrontS10106,44.1164,0.9874,6.891e-14,5.499e-14,2.473e-14,-0.0005,120.49,1
FrontS10107,44.1783,1.0475,3.257e-18,4.843e-18,8.219e-18,0.0003,120.67,0
FrontS10108,44.1795,1.0505,7.153e-19,1.138e-18,2.103e-18,-0.0017,120.76,0
FrontS10109,44.1788,1.0506,3.391e-16,2.334e-16,8.177e-17,-0.0009,120.69,0
FrontS10111,44.1746,1.0529,9.920e-19,9.349e-19,5.985e-19,-0.0001,120.84,0
FrontS10112,44.1253,0.9812,1.699e-16,1.168e-16,4.035e-17,0.0003,120.33,0
FrontS10113,44.1277,0.9799,6.948e-18,5.712e-18,2.697e-18,-0.0001,120.28,0
FrontS10114,44.1759,1.0588,1.874e-16,6.486e-16,5.912e-15,-0.0003,120.8,0
FrontS10115,44.1723,1.0599,8.133e-17,5.970e-17,2.315e-17,-0.0002,120.82,0
FrontS10116,44.1669,1.0591,5.456e-18,4.532e-18,2.188e-18,0.0001,120.89,0
FrontS10117,44.1660,1.0589,2.142e-17,1.699e-17,7.723e-18,0.001,120.88,1
FrontS10118,44.1675,1.0611,1.232e-14,1.206e-14,8.606e-15,-0.0006,120.9,0
FrontS10119,44.1650,1.0596,1.683e-14,1.114e-14,3.668e-15,0.0,120.92,0
FrontS10120,44.1595,1.0629,1.091e-16,7.659e-17,2.644e-17,-0.0001,121.06,0
FrontS10121,44.1401,0.9743,1.311e-17,9.895e-18,4.196e-18,0.0008,120.14,1
FrontS10122,44.1407,0.9725,1.970e-17,1.455e-17,5.947e-18,0.0003,120.09,0
FrontS10123,44.1599,1.0687,1.140e-16,8.261e-17,3.114e-17,-0.0003,121.06,0
FrontS10124,44.1466,0.9678,1.399e-18,2.727e-18,7.701e-18,0.0002,120.01,0
FrontS10125,44.1530,1.0712,1.906e-16,1.341e-16,4.742e-17,-0.0002,121.17,0
FrontS10126,44.1499,0.9656,4.842e-19,4.847e-19,3.492e-19,0.0001,119.98,0
FrontS10127,44.1489,0.9639,3.595e-18,6.280e-18,1.467e-17,0.0001,120.0,0
FrontS10128,44.1483,1.0749,1.602e-16,1.128e-16,4.055e-17,-0.0002,121.26,0
FrontS10129,44.1504,1.0706,4.556e-18,3.922e-18,2.105e-18,0.0004,121.1,0
FrontS10130,44.1549,0.9650,9.460e-17,6.664e-17,2.354e-17,0.0001,119.88,0
FrontS10131,44.1613,0.9636,6.527e-17,4.638e-17,1.637e-17,0.0008,119.89,0
FrontS10132,44.1386,1.0758,1.542e-18,1.510e-18,1.061e-18,0.0011,121.31,0
FrontS10133,44.1385,1.0803,1.424e-17,1.113e-17,4.918e-18,0.0,121.26,0
FrontS10134,44.1641,0.9555,6.284e-17,4.961e-17,2.197e-17,0.0005,119.84,0
FrontS10135,44.1329,1.0815,1.008e-13,9.473e-14,6.028e-14,-0.0009,121.35,1
FrontS10136,44.1321,1.0803,8.580e-19,8.192e-19,5.138e-19,0.0008,121.3,0
FrontS10137,44.1276,1.0841,3.637e-17,2.663e-17,1.029e-17,0.0004,121.38,0
FrontS10139,44.1294,1.0807,1.157e-17,9.052e-18,3.946e-18,-0.0002,121.4,1
FrontS10140,44.1214,1.0890,6.272e-18,4.909e-18,2.161e-18,0.0,121.52,0
FrontS10142,44.1193,1.0896,9.679e-17,6.823e-17,2.521e-17,-0.0,121.46,0
FrontS10143,44.1845,0.9491,7.689e-17,5.337e-17,1.859e-17,0.0008,119.56,0
FrontS10144,44.1869,0.9463,2.088e-19,2.258e-19,1.923e-19,0.0006,119.55,0
FrontS10145,44.1917,0.9459,1.160e-17,9.259e-18,4.329e-18,-0.0006,119.54,0
FrontS10146,44.1051,1.0931,1.303e-16,9.106e-17,3.233e-17,-0.0002,121.65,0
FrontS10147,44.1972,0.9411,1.442e-16,9.985e-17,3.506e-17,-0.001,119.44,0
FrontS10148,44.1944,0.9450,1.397e-18,1.241e-18,7.229e-19,0.0004,119.56,0
FrontS10149,44.0975,1.0951,2.454e-16,1.719e-16,6.294e-17,0.0005,121.66,0
FrontS10150,44.0987,1.0942,1.040e-19,1.182e-19,1.097e-19,0.0001,121.62,0
FrontS10151,44.0982,1.0926,2.140e-19,2.262e-19,1.905e-19,0.0001,121.71,0
FrontS10152,44.0935,1.0945,3.972e-18,3.514e-18,1.910e-18,-0.0002,121.69,0
FrontS10153,44.2096,0.9377,5.215e-17,3.804e-17,1.522e-17,-0.0001,119.38,0
FrontS10154,44.2057,0.9430,8.609e-14,6.966e-14,3.324e-14,-0.0003,119.41,1
FrontS10155,44.2124,0.9430,6.081e-17,4.302e-17,1.542e-17,-0.0006,119.45,0
FrontS10156,44.2149,0.9406,8.492e-14,7.034e-14,3.440e-14,-0.0007,119.39,1
FrontS10157,44.2232,0.9360,1.770e-20,2.381e-20,3.160e-20,-0.0003,119.36,0
FrontS10158,44.0794,1.0990,3.161e-18,2.584e-18,1.275e-18,-0.0001,121.76,0
FrontS10159,44.2237,0.9381,1.166e-16,8.351e-17,3.131e-17,0.0004,119.29,0
FrontS10160,44.0697,1.1025,7.486e-17,5.588e-17,2.167e-17,0.0005,121.79,0
FrontS10161,44.2306,0.9379,4.719e-19,4.605e-19,3.030e-19,0.0002,119.31,0
FrontS10162,44.2281,0.9403,3.882e-19,7.635e-19,2.247e-18,0.0002,119.29,0
FrontS10163,44.0700,1.0937,4.495e-17,3.378e-17,1.332e-17,0.0,121.85,0
FrontS10164,44.2393,0.9351,1.973e-17,1.529e-17,6.577e-18,-0.0,119.29,1
FrontS10165,44.0578,1.0988,4.952e-17,3.593e-17,1.399e-17,0.0002,121.88,0
FrontS10166,44.0524,1.1014,1.244e-18,1.027e-18,5.147e-19,0.0014,121.89,0
FrontS10167,44.2424,0.9374,1.010e-16,7.066e-17,2.477e-17,-0.0001,119.22,0
FrontS10168,44.2496,0.9337,6.430e-18,5.128e-18,2.335e-18,-0.0003,119.26,0
FrontS10169,44.2457,0.9402,2.567e-17,1.950e-17,8.040e-18,0.0006,119.27,1
FrontS10171,44.0508,1.0927,1.216e-18,1.130e-18,7.161e-19,0.0004,121.85,0
FrontS10172,44.2513,0.9435,2.457e-17,1.833e-17,7.587e-18,-0.0003,119.18,1
FrontS10173,44.0388,1.0963,3.787e-19,3.817e-19,2.882e-19,0.0007,121.92,0
FrontS10174,44.0434,1.0913,9.825e-18,7.549e-18,3.208e-18,-0.0004,121.88,0
FrontS10175,44.2646,0.9396,4.834e-18,3.928e-18,1.870e-18,0.0005,119.28,0
FrontS10176,44.2599,0.9452,2.219e-16,1.559e-16,5.581e-17,0.0006,119.21,0
FrontS10177,44.2643,0.9457,2.003e-19,2.137e-19,1.773e-19,0.0007,119.26,0
FrontS10178,44.2657,0.9440,1.306e-15,8.502e-16,2.729e-16,0.0004,119.28,0
FrontS10179,44.2635,0.9503,2.721e-17,1.996e-17,7.918e-18,0.0002,119.33,0
FrontS10180,44.0264,1.0898,1.203e-17,9.659e-18,4.668e-18,0.0001,121.83,0
FrontS10181,44.0243,1.0881,1.127e-17,9.426e-18,4.674e-18,0.0002,121.82,0
FrontS10182,44.2705,0.9550,6.076e-20,7.053e-20,6.954e-20,-0.0003,119.32,0
FrontS10183,44.0303,1.0769,8.851e-18,6.804e-18,3.007e-18,-0.0005,121.8,1
FrontS10184,44.0196,1.0800,4.955e-18,4.263e-18,2.321e-18,0.0008,121.65,0
FrontS10185,44.2796,0.9566,1.318e-18,1.939e-18,2.967e-18,0.0001,119.39,0
FrontS10186,44.2720,0.9634,1.054e-15,7.064e-16,2.222e-16,-0.0001,119.41,0
FrontS10187,44.0306,1.0694,8.625e-19,1.491e-18,3.399e-18,0.0008,121.78,0
FrontS10188,44.2797,0.9638,1.304e-16,9.084e-17,3.233e-17,0.0007,119.47,0
FrontS10189,44.2723,0.9707,5.097e-19,5.183e-19,3.786e-19,-0.0002,119.5,0
FrontS10190,44.2744,0.9710,2.359e-17,1.739e-17,6.687e-18,0.0004,119.42,0
FrontS10191,44.2721,0.9750,8.806e-20,1.096e-19,1.218e-19,-0.0001,119.59,0
FrontS10192,44.2751,0.9807,4.515e-17,3.261e-17,1.203e-17,0.0,119.65,0
FrontS10193,44.0286,1.0474,9.248e-14,7.262e-14,3.157e-14,-0.0003,121.44,1
FrontS10194,44.2682,0.9855,1.395e-17,1.104e-17,4.997e-18,0.0004,119.62,1
FrontS10195,44.2723,0.9885,8.803e-16,5.763e-16,1.829e-16,-0.0003,119.72,0
FrontS10196,44.2666,0.9927,4.101e-19,3.768e-19,2.283e-19,0.0001,119.76,0
FrontS10197,44.0352,1.0459,9.888e-16,6.530e-16,2.095e-16,0.0002,121.42,0
FrontS10198,44.0377,1.0376,3.232e-16,2.240e-16,7.515e-17,0.0002,121.31,0
FrontS10199,44.0455,1.0362,5.883e-17,4.322e-17,1.707e-17,0.0003,121.34,0
FrontS10200,44.2558,1.0042,2.272e-16,1.620e-16,5.867e-17,-0.0004,119.87,0
FrontS10201,44.2514,1.0097,1.065e-18,1.619e-18,2.704e-18,0.0002,119.96,0
FrontS10202,44.0417,1.0199,5.184e-20,6.128e-20,6.117e-20,0.0003,121.12,0
FrontS10203,44.2473,1.0206,2.501e-18,4.693e-18,1.264e-17,0.0006,120.05,0
FrontS10204,44.2489,1.0242,3.334e-16,2.257e-16,7.713e-17,-0.0,120.13,0
FrontS10205,44.0570,1.0089,8.452e-18,1.278e-17,2.221e-17,-0.0,120.95,0
FrontS10206,44.0568,1.0009,1.344e-18,2.115e-18,3.916e-18,0.0006,120.93,0
FrontS10207,44.0645,0.9988,1.968e-18,4.832e-18,2.210e-17,-0.0001,120.8,0
FrontS10208,44.2315,1.0464,2.668e-19,2.592e-19,1.787e-19,-0.0007,120.38,0
FrontS10209,44.2254,1.0475,1.156e-18,1.026e-18,5.696e-19,0.0007,120.4,0
FrontS10210,44.0789,0.9845,4.155e-16,2.792e-16,9.026e-17,-0.0002,120.71,0
FrontS10211,44.2176,1.0575,2.277e-17,1.816e-17,8.423e-18,-0.0005,120.55,0
FrontS10212,44.0873,0.9745,9.335e-17,6.696e-17,2.493e-17,0.0004,120.61,0
FrontS10213,44.0972,0.9712,2.894e-17,2.302e-17,1.036e-17,0.0003,120.5,1
FrontS10214,44.0965,0.9624,3.287e-14,2.586e-14,1.118e-14,0.0008,120.43,1
FrontS10215,44.1951,1.0767,1.345e-17,1.066e-17,4.939e-18,-0.0001,120.77,0
FrontS10216,44.1873,1.0814,6.047e-14,4.842e-14,2.276e-14,0.0007,120.88,1
FrontS10218,44.1281,0.9481,1.264e-17,9.620e-18,4.233e-18,0.0002,120.17,1
FrontS10219,44.1644,1.0921,2.575e-17,1.951e-17,8.203e-18,-0.0002,121.04,1
FrontS10220,44.1386,0.9413,1.539e-17,1.120e-17,4.273e-18,-0.0002,120.09,0
FrontS10221,44.1445,0.9346,5.710e-17,3.992e-17,1.418e-17,0.0001,120.0,0
FrontS10222,44.1415,1.1057,1.451e-13,1.142e-13,5.259e-14,0.0005,121.14,1
FrontS10223,44.1660,0.9218,9.260e-17,6.557e-17,2.376e-17,0.0009,119.81,0
FrontS10224,44.1240,1.1152,1.418e-17,1.123e-17,4.887e-18,0.0002,121.38,1
FrontS10225,44.1797,0.9131,4.011e-17,3.033e-17,1.234e-17,0.0004,119.8,0
FrontS10226,44.1899,0.9164,5.599e-18,8.616e-18,1.484e-17,0.0004,119.68,0
FrontS10227,44.1929,0.9153,8.396e-19,7.748e-19,4.777e-19,0.0,119.68,0
FrontS10228,44.2008,0.9127,5.435e-16,3.563e-16,1.089e-16,-0.001,119.68,0
FrontS10229,44.0892,1.1287,6.266e-17,4.656e-17,1.817e-17,0.0004,121.57,0
FrontS10230,44.0920,1.1206,3.950e-16,2.635e-16,8.626e-17,-0.0005,121.63,0
FrontS10231,44.2227,0.9014,2.795e-16,1.933e-16,6.869e-17,-0.0001,119.52,0
FrontS10232,44.2273,0.9074,1.057e-18,9.770e-19,6.058e-19,-0.0,119.42,0
FrontS10233,44.0590,1.1328,2.914e-18,4.636e-18,8.674e-18,0.0008,121.69,0
FrontS10234,44.2518,0.8973,1.282e-17,1.040e-17,5.008e-18,0.0001,119.36,0
FrontS10235,44.2608,0.8991,2.919e-17,2.138e-17,8.401e-18,0.0004,119.3,0
FrontS10236,44.2552,0.9077,1.011e-18,9.295e-19,5.729e-19,-0.0001,119.32,0
FrontS10237,44.2687,0.9022,6.113e-18,5.040e-18,2.466e-18,0.0003,119.33,0
FrontS10238,44.0126,1.1410,5.440e-17,4.038e-17,1.627e-17,-0.0001,121.82,0
FrontS10239,44.0168,1.1331,1.268e-18,1.122e-18,6.325e-19,-0.0002,121.83,0
FrontS10240,44.2911,0.9040,2.145e-19,2.159e-19,1.601e-19,-0.0003,119.31,0
FrontS10241,43.9935,1.1357,2.167e-17,1.624e-17,6.681e-18,-0.0002,121.85,1
FrontS10242,44.1789,1.0525,3.113e-18,5.349e-18,1.129e-17,0.0003,120.69,0
FrontS10243,44.1236,0.9873,8.128e-20,9.058e-20,8.115e-20,0.0001,120.37,0
FrontS10244,44.1733,1.0507,2.739e-17,2.093e-17,8.960e-18,-0.0,120.76,1
FrontS10246,44.1260,0.9876,6.122e-19,5.690e-19,3.603e-19,-0.0006,120.45,0
FrontS10247,44.1723,1.0506,7.735e-19,7.238e-19,4.632e-19,0.0012,120.77,0
FrontS10248,44.1348,0.9841,7.764e-19,1.485e-18,4.005e-18,0.0001,120.22,0
FrontS10250,44.1393,0.9845,3.737e-18,3.097e-18,1.489e-18,0.0008,120.2,0
FrontS10251,44.1303,0.9821,2.556e-17,1.949e-17,7.912e-18,0.0004,120.28,1
FrontS10252,44.1359,0.9820,1.152e-18,1.646e-18,2.507e-18,-0.0006,120.31,0
FrontS10254,44.1646,1.0588,5.439e-19,5.331e-19,3.634e-19,-0.0002,120.91,0
FrontS10255,44.1373,0.9813,1.755e-18,1.554e-18,8.940e-19,0.0004,120.21,0
FrontS10256,44.1635,1.0587,1.604e-18,2.769e-18,6.328e-18,0.0007,120.92,0
FrontS10258,44.1624,1.0592,1.963e-18,1.709e-18,9.575e-19,0.001,120.96,0
FrontS10259,44.1373,0.9818,4.326e-19,4.215e-19,3.002e-19,-0.0,120.15,0
FrontS10260,44.1579,1.0570,5.007e-19,4.873e-19,3.409e-19,0.0004,120.98,0
FrontS10261,44.1623,1.0634,3.096e-19,6.079e-19,1.767e-18,-0.0011,120.99,0
FrontS10262,44.1651,1.0679,3.224e-20,4.005e-20,4.507e-20,-0.0002,120.93,0
FrontS10263,44.1549,1.0624,4.088e-18,3.294e-18,1.552e-18,0.0,121.03,0
FrontS10264,44.1391,0.9762,5.329e-18,4.453e-18,2.247e-18,-0.0,120.23,0
FrontS10265,44.1492,1.0662,6.257e-20,7.334e-20,7.200e-20,0.0006,121.11,0
FrontS10267,44.1581,1.0677,1.187e-20,1.585e-20,2.119e-20,-0.0004,121.02,0
FrontS10268,44.1492,0.9733,9.668e-19,1.847e-18,4.929e-18,-0.0003,119.94,0
FrontS10270,44.1496,1.0738,2.008e-19,2.049e-19,1.516e-19,0.0,121.2,0
FrontS10271,44.1416,1.0654,1.815e-20,2.381e-20,2.971e-20,-0.0002,121.16,0
FrontS10273,44.1490,0.9695,7.568e-17,5.415e-17,1.999e-17,-0.0001,119.98,0
FrontS10274,44.1586,0.9747,2.206e-20,2.778e-20,3.189e-20,0.0,119.92,0
FrontS10276,44.1335,1.0791,1.653e-17,1.293e-17,5.675e-18,0.0001,121.34,1
FrontS10278,44.1499,0.9591,1.377e-18,1.247e-18,7.427e-19,-0.0001,119.96,0
FrontS10279,44.1401,1.0764,7.670e-18,1.751e-17,7.139e-17,0.0008,121.24,0
FrontS10283,44.1290,1.0807,4.528e-19,8.948e-19,2.637e-18,-0.0004,121.44,0
FrontS10284,44.1328,1.0756,4.906e-18,3.939e-18,1.918e-18,0.0001,121.28,0
FrontS10285,44.1705,0.9615,5.988e-14,4.335e-14,1.658e-14,0.0003,119.8,0
FrontS10287,44.1743,0.9541,1.935e-20,2.505e-20,3.147e-20,-0.0004,119.7,0
FrontS10288,44.1772,0.9534,8.483e-19,8.193e-19,5.309e-19,0.0,119.72,0
FrontS10293,44.1152,1.0880,6.582e-18,5.105e-18,2.287e-18,-0.0001,121.55,0
FrontS10294,44.1847,0.9445,6.343e-18,1.229e-17,3.598e-17,-0.0006,119.57,0
FrontS10295,44.1887,0.9481,4.259e-18,3.440e-18,1.589e-18,0.0002,119.55,0
FrontS10296,44.1091,1.0864,3.662e-20,4.455e-20,4.800e-20,0.0001,121.56,0
FrontS10297,44.1836,0.9554,2.601e-18,6.041e-18,2.504e-17,-0.0003,119.61,0
FrontS10301,44.2018,0.9412,9.903e-20,1.055e-19,8.954e-20,-0.0006,119.52,0
FrontS10302,44.2013,0.9389,1.137e-17,8.876e-18,3.847e-18,0.0006,119.45,1
FrontS10304,44.0913,1.0946,1.251e-20,1.600e-20,1.900e-20,-0.0005,121.77,0
FrontS10306,44.2025,0.9439,4.567e-18,3.824e-18,1.957e-18,-0.001,119.4,0
FrontS10307,44.0878,1.0984,6.148e-14,4.709e-14,1.919e-14,0.0006,121.69,1
FrontS10308,44.0854,1.0990,3.140e-18,5.458e-18,1.202e-17,0.0004,121.85,0
FrontS10309,44.2008,0.9491,3.339e-14,2.238e-14,7.481e-15,-0.0,119.46,0
FrontS10310,44.0853,1.0962,7.220e-19,1.320e-18,3.351e-18,-0.0008,121.7,0
FrontS10311,44.0842,1.0978,3.735e-18,3.326e-18,1.867e-18,0.0004,121.79,0
FrontS10312,44.2108,0.9388,1.523e-18,1.300e-18,6.818e-19,-0.0002,119.38,0
FrontS10313,44.0874,1.0908,2.123e-18,1.878e-18,1.036e-18,0.0004,121.76,0
FrontS10316,44.0849,1.0956,1.090e-18,1.547e-18,2.357e-18,-0.0,121.75,0
FrontS10317,44.2262,0.9385,4.279e-19,4.277e-19,3.077e-19,-0.0001,119.17,0
FrontS10318,44.0755,1.0970,1.472e-18,3.721e-18,1.887e-17,-0.0,121.77,0
FrontS10319,44.0632,1.1022,8.348e-19,1.400e-18,2.895e-18,0.0004,121.88,0
FrontS10320,44.2296,0.9434,3.602e-18,3.088e-18,1.655e-18,0.0008,119.36,0
FrontS10321,44.2350,0.9329,7.043e-14,5.437e-14,2.399e-14,0.0004,119.27,1
FrontS10323,44.2344,0.9406,1.975e-18,1.620e-18,7.936e-19,0.0006,119.26,0
FrontS10324,44.0664,1.0926,1.053e-16,7.389e-17,2.728e-17,-0.0003,121.81,0
FrontS10325,44.2346,0.9341,3.350e-18,2.694e-18,1.284e-18,0.0002,119.27,0
FrontS10326,44.2286,0.9439,1.149e-17,9.367e-18,4.396e-18,-0.0003,119.35,0
FrontS10327,44.2441,0.9381,1.225e-20,1.722e-20,2.383e-20,-0.0002,119.31,0
FrontS10328,44.2372,0.9459,9.191e-19,8.159e-19,4.617e-19,0.0003,119.23,0
FrontS10329,44.2350,0.9463,7.589e-14,6.737e-14,3.885e-14,-0.0,119.23,1
FrontS10331,44.0357,1.1043,6.454e-14,4.661e-14,1.755e-14,0.0005,121.87,0
FrontS10332,44.2456,0.9441,4.504e-20,5.444e-20,5.779e-20,0.0002,119.21,0
FrontS10334,44.2461,0.9415,1.053e-17,8.359e-18,3.694e-18,-0.0001,119.26,1
FrontS10335,44.0315,1.1088,7.547e-19,1.317e-18,3.075e-18,-0.0003,121.86,0
FrontS10336,44.2479,0.9441,2.976e-17,2.233e-17,8.800e-18,-0.0002,119.21,0
FrontS10337,44.0406,1.0916,4.851e-20,5.906e-20,6.439e-20,0.0001,121.87,0
FrontS10338,44.2544,0.9422,3.042e-18,2.677e-18,1.506e-18,-0.0,119.26,0
FrontS10339,44.0379,1.0883,8.137e-20,9.774e-20,1.012e-19,0.0001,121.85,0
FrontS10341,44.2600,0.9495,1.846e-20,2.472e-20,3.234e-20,0.0003,119.29,0
FrontS10342,44.2707,0.9413,6.661e-19,6.225e-19,3.900e-19,-0.0001,119.34,0
FrontS10344,44.2658,0.9467,2.786e-17,2.090e-17,8.531e-18,-0.0004,119.23,0
FrontS10345,44.2838,0.9374,1.186e-16,8.332e-17,3.008e-17,-0.0005,119.32,0
FrontS10346,44.0342,1.0835,2.001e-17,1.505e-17,6.284e-18,0.0002,121.82,1
FrontS10348,44.2808,0.9431,2.194e-19,2.449e-19,2.235e-19,0.0,119.25,0
FrontS10350,44.0229,1.0859,1.387e-17,1.124e-17,5.326e-18,-0.0007,121.78,0
FrontS10353,44.0330,1.0736,9.111e-19,1.424e-18,2.554e-18,-0.0006,121.71,0
FrontS10354,44.2688,0.9649,1.128e-17,8.965e-18,3.985e-18,0.0001,119.45,1
FrontS10355,44.2716,0.9703,7.860e-20,8.403e-20,7.349e-20,0.001,119.41,0
FrontS10356,44.0224,1.0763,7.191e-17,5.092e-17,1.845e-17,0.0007,121.77,0
FrontS10357,44.2876,0.9580,1.617e-18,1.394e-18,7.746e-19,-0.0009,119.41,0
FrontS10358,44.2616,0.9704,1.012e-20,1.366e-20,1.793e-20,0.0006,119.43,0
FrontS10359,44.2648,0.9779,5.293e-20,6.793e-20,7.910e-20,0.0003,119.56,0
FrontS10360,44.2758,0.9713,1.012e-20,1.342e-20,1.768e-20,0.0009,119.55,0
FrontS10361,44.0249,1.0635,4.043e-19,4.071e-19,3.081e-19,-0.0,121.54,0
FrontS10363,44.0284,1.0582,6.071e-19,5.545e-19,3.447e-19,-0.0005,121.61,0
FrontS10364,44.0199,1.0628,2.084e-18,1.796e-18,9.236e-19,0.0001,121.64,0
FrontS10365,44.2787,0.9753,5.628e-20,6.766e-20,7.224e-20,0.0003,119.51,0
FrontS10367,44.0261,1.0460,6.917e-20,8.356e-20,9.003e-20,-0.0008,121.46,0
FrontS10368,44.0315,1.0437,1.411e-17,1.091e-17,4.723e-18,0.0001,121.5,1
FrontS10371,44.0378,1.0379,8.955e-18,7.045e-18,3.164e-18,0.0007,121.26,0
FrontS10372,44.2487,1.0022,9.274e-19,8.884e-19,5.815e-19,0.0002,119.77,0
FrontS10373,44.2701,1.0020,9.572e-19,1.550e-18,2.917e-18,-0.0003,119.87,0
FrontS10375,44.2732,1.0101,2.535e-18,2.161e-18,1.172e-18,0.0001,119.89,0
FrontS10377,44.0440,1.0207,1.836e-18,2.970e-18,5.735e-18,0.0002,121.18,0
FrontS10378,44.0532,1.0163,3.380e-18,8.704e-18,4.657e-17,0.0005,121.11,0
FrontS10380,44.2464,1.0227,3.272e-18,4.603e-18,6.837e-18,-0.0009,120.13,0
FrontS10381,44.0552,1.0070,3.136e-18,2.591e-18,1.230e-18,0.0006,120.88,0
FrontS10382,44.2437,1.0321,1.511e-17,1.108e-17,4.524e-18,-0.0008,120.17,0
FrontS10383,44.0643,1.0039,2.088e-17,1.592e-17,6.639e-18,0.0002,120.9,1
FrontS10385,44.2261,1.0410,1.476e-18,3.131e-18,1.061e-17,0.0001,120.32,0
FrontS10386,44.2274,1.0429,1.943e-17,1.464e-17,6.008e-18,0.0003,120.37,0
FrontS10387,44.2153,1.0433,2.440e-19,2.691e-19,2.301e-19,0.0003,120.42,0
FrontS10391,44.2120,1.0581,4.657e-18,3.741e-18,1.760e-18,-0.0001,120.55,0
FrontS10393,44.0989,0.9729,2.938e-19,3.030e-19,2.297e-19,-0.0002,120.52,0
FrontS10394,44.1029,0.9710,1.545e-18,2.654e-18,5.648e-18,0.0006,120.47,0
FrontS10395,44.0971,0.9615,7.344e-18,5.830e-18,2.632e-18,0.001,120.38,0
FrontS10396,44.1944,1.0784,7.698e-19,7.297e-19,4.949e-19,0.0006,120.78,0
FrontS10397,44.1019,0.9532,1.417e-19,1.534e-19,1.279e-19,-0.0002,120.33,0
FrontS10398,44.1860,1.0879,3.808e-18,3.228e-18,1.653e-18,0.0007,120.88,0
FrontS10399,44.1240,0.9539,6.848e-19,6.145e-19,3.457e-19,0.0005,120.22,0
FrontS10401,44.1657,1.0889,2.816e-18,5.748e-18,1.814e-17,-0.0001,121.06,0
FrontS10402,44.1410,0.9430,7.933e-18,6.411e-18,3.032e-18,0.0005,120.02,0
FrontS10403,44.1507,0.9396,5.784e-18,1.111e-17,3.113e-17,0.0001,119.96,0
FrontS10405,44.1495,0.9356,1.416e-18,2.125e-18,3.507e-18,-0.0001,120.0,0
FrontS10407,44.1389,1.1033,6.949e-19,6.585e-19,4.403e-19,-0.0002,121.26,0
FrontS10408,44.1640,0.9259,4.088e-18,3.455e-18,1.815e-18,0.0011,119.86,0
FrontS10410,44.1161,1.1178,2.529e-18,2.156e-18,1.140e-18,0.0014,121.37,0
FrontS10411,44.1946,0.9240,7.692e-19,1.133e-18,1.779e-18,-0.001,119.62,0
FrontS10413,44.2035,0.9169,3.726e-17,2.779e-17,1.072e-17,0.0005,119.6,0
FrontS10417,44.2323,0.8961,1.771e-18,1.563e-18,8.843e-19,0.0004,119.56,0
FrontS10418,44.0940,1.1187,1.771e-18,3.124e-18,7.419e-18,-0.0,121.6,0
FrontS10420,44.0673,1.1228,9.816e-19,9.085e-19,5.448e-19,-0.0003,121.69,0
FrontS10421,44.2472,0.9033,1.480e-18,2.692e-18,6.724e-18,-0.0001,119.4,0
FrontS10423,44.0657,1.1227,5.050e-17,3.617e-17,1.364e-17,-0.0004,121.75,0
FrontS10424,44.0466,1.1345,3.316e-18,2.844e-18,1.515e-18,0.0004,121.78,0
FrontS10425,44.0333,1.1331,2.831e-19,2.826e-19,2.040e-19,-0.0001,121.75,0
FrontS10426,44.0332,1.1338,3.250e-17,2.477e-17,1.013e-17,-0.0,121.79,1
FrontS10427,44.2658,0.9038,2.288e-18,1.987e-18,1.067e-18,0.0001,119.27,0
FrontS10428,44.2857,0.9010,3.772e-20,4.877e-20,5.790e-20,0.0004,119.36,0
FrontS10429,44.0169,1.1300,1.203e-17,9.377e-18,4.053e-18,0.0005,121.86,1
FrontS10430,44.2953,0.8992,8.063e-18,6.542e-18,3.075e-18,0.0005,119.33,0
FrontS10432,44.0013,1.1273,2.730e-19,2.962e-19,2.529e-19,-0.0,121.86,0
FrontS10433,44.3004,0.9114,8.787e-18,6.904e-18,2.965e-18,0.0015,119.31,1
FrontS10434,44.3104,0.9054,5.248e-19,4.818e-19,2.994e-19,-0.0001,119.25,0
FrontS10435,43.9969,1.1187,8.865e-19,7.943e-19,4.677e-19,-0.0001,121.84,0
FrontS10436,44.3015,0.9203,1.290e-18,2.583e-18,7.780e-18,-0.0002,119.27,0
FrontS11508,43.7872,2.9934,5.345e-20,6.144e-20,5.897e-20,0.0002,119.66,0
FrontS11510,44.0021,2.7664,3.066e-20,3.730e-20,4.089e-20,0.0007,121.27,0
FrontS11511,43.7430,2.9092,4.338e-19,4.189e-19,2.871e-19,-0.001,121.29,0
FrontS11525,43.7518,2.8981,1.178e-20,1.585e-20,2.123e-20,0.0001,121.66,0
FrontS11526,43.7254,3.1837,5.847e-19,1.073e-18,2.701e-18,0.0002,119.72,0
FrontS11529,43.7417,2.9468,1.837e-20,2.336e-20,2.816e-20,-0.0006,120.38,0
FrontS11537,43.7702,2.9221,2.012e-19,2.194e-19,1.856e-19,-0.0007,122.14,0
FrontS11539,43.7447,2.7006,9.055e-20,1.008e-19,9.013e-20,0.0008,121.9,0
FrontS11540,43.7651,2.9164,5.483e-20,6.987e-20,8.366e-20,0.0002,121.84,0
FrontS11544,43.7736,2.9381,2.682e-20,3.218e-20,3.505e-20,0.0003,119.87,0
FrontS11546,43.7680,2.9079,8.064e-19,1.343e-18,2.764e-18,0.0002,121.99,0
FrontS11548,43.7380,3.0476,1.827e-19,1.900e-19,1.484e-19,-0.0007,119.69,0
FrontS11549,43.7658,2.9347,4.402e-18,3.710e-18,1.885e-18,0.0001,120.34,0
FrontS11550,43.8091,2.9318,3.594e-19,3.733e-19,2.857e-19,-0.0,120.79,0
FrontS11551,43.7626,2.9463,8.433e-14,6.011e-14,2.187e-14,0.0005,119.71,0
FrontS11555,43.7615,2.9275,2.411e-19,2.641e-19,2.278e-19,-0.0014,120.94,0
FrontS11557,43.8641,2.9516,2.843e-18,4.644e-18,9.300e-18,-0.0002,120.63,0
FrontS11558,43.7862,2.9286,3.037e-20,3.751e-20,4.037e-20,0.0002,120.9,0
FrontS11559,43.7557,2.9483,3.295e-14,2.932e-14,1.660e-14,-0.0012,120.14,1
FrontS11571,43.7447,2.9779,4.976e-20,5.774e-20,5.647e-20,0.0003,119.86,0
FrontS11574,43.7646,3.0993,3.471e-19,3.501e-19,2.520e-19,-0.0002,119.61,0
FrontS11576,43.8519,2.9682,5.470e-14,3.869e-14,1.428e-14,-0.0001,120.43,0
FrontS11577,43.7460,2.8948,2.522e-14,1.703e-14,5.689e-15,0.0008,121.67,0
FrontS11578,43.6988,2.8831,1.028e-18,9.459e-19,5.693e-19,0.0001,121.23,0
FrontS11588,43.7934,2.8957,5.995e-20,7.106e-20,6.979e-20,-0.0007,121.98,0
FrontS11593,43.7708,2.9411,9.293e-20,1.069e-19,1.027e-19,0.0001,119.53,0
FrontS11594,43.7835,2.9293,3.592e-19,3.286e-19,2.058e-19,-0.0004,120.92,0
FrontS11595,43.7695,2.9282,1.897e-19,2.071e-19,1.794e-19,-0.0003,122.25,0
FrontS11596,43.7605,2.9042,4.363e-20,5.094e-20,5.184e-20,-0.0004,122.0,0
FrontS11597,43.7813,3.0005,5.084e-19,4.772e-19,3.041e-19,0.0003,119.61,0
FrontS11598,43.7703,2.9482,4.351e-19,9.186e-19,3.061e-18,-0.0009,119.57,0
FrontS11601,43.7628,2.9377,6.596e-19,6.137e-19,3.920e-19,0.0006,120.34,0
FrontS11602,43.7823,2.9334,1.069e-20,1.444e-20,1.934e-20,0.0003,120.2,0
FrontS11603,43.7702,2.8530,1.672e-20,2.065e-20,2.352e-20,0.0005,122.05,0
FrontS11604,43.8314,2.8905,2.693e-19,2.816e-19,2.179e-19,0.0005,121.3,0
FrontS11607,43.7633,2.9304,1.218e-18,2.484e-18,7.717e-18,0.0006,120.74,0
FrontS11611,43.8041,2.9576,6.321e-19,9.950e-19,1.829e-18,-0.0006,120.08,0
FrontS11615,43.8003,2.9125,1.328e-18,1.116e-18,5.902e-19,-0.0005,121.18,0
FrontS11619,43.7619,2.9424,2.263e-18,2.025e-18,1.187e-18,-0.0001,120.05,0
FrontS11621,43.8119,2.9187,6.659e-20,8.195e-20,9.252e-20,0.0001,121.2,0
FrontS11622,43.8037,2.9294,9.437e-20,9.833e-20,7.907e-20,-0.0009,120.87,0
FrontS11625,43.7850,2.8321,8.097e-19,7.942e-19,5.239e-19,-0.0001,121.97,0
FrontS11626,43.7708,2.9234,2.535e-20,3.153e-20,3.686e-20,-0.0003,122.18,0
FrontS11630,43.8050,2.9498,3.363e-18,2.765e-18,1.373e-18,0.0004,120.47,0
FrontS11631,43.7685,2.9411,7.764e-19,1.311e-18,2.755e-18,-0.0005,119.56,0
FrontS11642,43.7500,2.8643,5.333e-20,6.515e-20,7.206e-20,0.0004,121.94,0
FrontS11644,43.7007,2.9500,6.578e-14,4.622e-14,1.700e-14,0.0008,120.54,0
FrontS11645,43.8298,3.0019,4.393e-18,1.029e-17,4.207e-17,-0.0,119.93,0
FrontS11654,43.8189,2.9343,3.186e-20,4.007e-20,4.696e-20,-0.0001,120.77,0
FrontS11658,43.7273,2.8336,2.985e-20,3.947e-20,4.917e-20,0.0003,121.7,0
FrontS11662,43.7508,2.8483,1.589e-18,2.369e-18,3.817e-18,0.0005,121.96,0
FrontS11665,43.7931,2.9475,1.728e-18,2.826e-18,5.649e-18,0.0005,120.37,0
FrontS11667,43.7764,2.8379,9.975e-20,1.168e-19,1.180e-19,-0.001,122.04,0
FrontS11669,43.7799,2.9185,7.486e-14,5.947e-14,2.711e-14,-0.0002,121.85,1
FrontS11672,43.6801,3.1181,4.237e-20,4.770e-20,4.480e-20,-0.0,119.8,0
FrontS11674,43.7504,2.9574,1.675e-18,3.080e-18,8.179e-18,-0.0002,119.62,0
FrontS11678,43.7296,2.9423,2.249e-18,3.595e-18,7.018e-18,-0.0005,120.57,0
FrontS11679,43.7766,2.9357,5.599e-20,6.570e-20,6.595e-20,0.0003,119.9,0
FrontS11681,43.7756,2.9480,6.679e-14,4.648e-14,1.704e-14,-0.0003,119.61,0
FrontS11685,43.6817,2.9287,2.841e-19,2.930e-19,2.271e-19,0.0009,120.75,0
FrontS11686,43.7705,2.9923,2.376e-20,2.935e-20,3.219e-20,0.0011,119.46,0
FrontS11688,43.7721,2.9433,1.088e-20,1.427e-20,1.826e-20,-0.0005,119.86,0
FrontS11689,43.7818,2.8654,1.007e-18,1.560e-18,2.793e-18,0.0006,122.05,0
FrontS11692,43.7589,2.8963,2.911e-19,2.930e-19,2.136e-19,0.0001,121.71,0
FrontS11697,43.6971,2.7706,6.003e-19,5.892e-19,4.060e-19,-0.0001,121.7,0
FrontS11700,43.7672,2.9235,3.333e-18,2.729e-18,1.373e-18,-0.0003,122.13,0
FrontS11702,43.8630,2.9187,5.318e-18,9.259e-18,2.022e-17,-0.0005,120.94,0
FrontS11711,43.7470,2.9592,7.407e-20,8.237e-20,7.493e-20,0.0002,120.0,0
FrontS11715,43.7760,2.9323,3.546e-20,4.292e-20,4.651e-20,0.0001,119.45,0
FrontS11718,43.7706,2.9441,1.524e-18,3.159e-18,1.037e-17,0.0004,119.83,0
FrontS11720,43.7924,2.9426,2.955e-19,3.027e-19,2.215e-19,0.0008,119.66,0
FrontS11722,43.7813,2.9290,1.565e-18,3.537e-18,1.408e-17,0.0015,122.02,0
FrontS11723,43.8261,3.0082,1.087e-20,1.392e-20,1.644e-20,0.0004,119.9,0
FrontS11729,43.7305,2.9360,2.907e-20,3.656e-20,4.056e-20,-0.0003,120.57,0
FrontS11735,43.7460,2.9644,1.810e-19,1.969e-19,1.760e-19,0.0,120.18,0
FrontS11737,43.7767,2.9083,7.631e-19,7.334e-19,4.892e-19,-0.0008,121.88,0
FrontS11738,43.7159,2.9381,8.352e-14,6.277e-14,2.592e-14,-0.0009,120.61,1
FrontS11739,43.7518,3.0362,7.275e-19,1.184e-18,2.364e-18,-0.0011,119.63,0
FrontS11741,43.7628,2.9406,9.177e-20,1.063e-19,1.045e-19,0.0006,119.52,0
FrontS11744,43.7011,2.8056,2.753e-19,2.820e-19,2.097e-19,0.0001,121.63,0
FrontS11745,43.7688,2.9196,4.337e-20,5.352e-20,5.778e-20,0.0001,122.03,0
FrontS11747,43.7123,2.9565,3.717e-20,4.378e-20,4.320e-20,-0.0011,120.44,0
FrontS11748,43.7602,2.9289,9.365e-19,8.744e-19,5.470e-19,0.0001,120.89,0
FrontS11749,43.7602,2.9275,1.442e-19,1.608e-19,1.397e-19,-0.0001,121.11,0
FrontS11761,43.7362,2.9839,4.078e-14,3.208e-14,1.394e-14,0.0005,119.98,1
FrontS11762,43.7992,2.9384,7.881e-20,8.957e-20,8.391e-20,-0.0002,120.56,0
FrontS11767,43.7664,2.9391,1.692e-14,1.160e-14,3.849e-15,0.0002,119.59,0
FrontS11777,43.7659,2.9740,2.904e-18,2.380e-18,1.162e-18,-0.0004,119.43,0
FrontS11785,43.7457,2.9206,1.187e-18,1.101e-18,6.545e-19,0.0001,121.13,0
FrontS11786,43.7473,2.9255,7.490e-19,6.998e-19,4.330e-19,-0.0,120.92,0
FrontS11787,43.7639,2.9223,1.204e-18,1.870e-18,3.330e-18,-0.0003,121.98,0
FrontS11790,43.7919,3.0265,2.936e-18,6.512e-18,2.460e-17,-0.001,119.65,0
FrontS11791,43.7671,2.9297,2.510e-20,3.078e-20,3.320e-20,-0.0008,121.13,0
FrontS11792,43.8378,2.9962,2.109e-19,2.087e-19,1.509e-19,-0.0001,120.26,0
FrontS11794,43.7640,2.9557,1.108e-20,1.539e-20,2.125e-20,-0.0,119.45,0
FrontS11795,43.7452,2.9498,1.858e-20,2.298e-20,2.597e-20,0.0006,119.92,0
FrontS11796,43.7678,2.9989,1.162e-19,1.223e-19,9.624e-20,-0.0,119.51,0
FrontS11799,43.7251,2.9842,6.066e-20,7.179e-20,7.551e-20,0.0007,119.8,0
FrontS11804,43.7289,2.9910,2.339e-18,4.915e-18,1.715e-17,-0.0003,120.03,0
FrontS11809,43.8479,2.9592,3.188e-14,2.252e-14,8.215e-15,-0.0,120.44,0
FrontS11817,43.7774,2.8619,2.407e-19,2.432e-19,1.738e-19,-0.0004,122.0,0
FrontS11819,43.8531,3.1307,5.735e-19,5.889e-19,4.433e-19,-0.0002,119.81,0
FrontS11822,43.7693,2.9632,1.076e-19,1.174e-19,1.031e-19,-0.0012,119.64,0
FrontS11829,43.7774,2.9386,1.094e-20,1.415e-20,1.751e-20,0.0006,120.33,0
FrontS11831,43.7565,2.8631,1.122e-20,1.416e-20,1.685e-20,-0.0004,122.0,0
FrontS11832,43.7992,2.9937,2.005e-20,2.542e-20,2.947e-20,0.0005,119.85,0
FrontS11843,43.7567,2.9456,3.143e-20,3.741e-20,3.965e-20,-0.0011,120.06,0
FrontS11845,43.7802,2.9145,1.848e-20,2.399e-20,3.001e-20,0.0001,121.76,0
FrontS11859,43.8060,2.9151,1.261e-20,1.759e-20,2.553e-20,0.0004,121.17,0
FrontS11860,43.7513,2.9562,3.555e-19,3.963e-19,3.443e-19,-0.0005,119.61,0
FrontS11861,43.7613,2.9536,2.802e-18,6.440e-18,2.633e-17,-0.0001,119.58,0
FrontS11862,43.7344,2.9256,7.840e-18,6.520e-18,3.260e-18,-0.0001,121.03,0
FrontS11864,43.8216,2.9426,5.682e-14,4.152e-14,1.540e-14,0.0003,120.42,0
FrontS11865,43.7783,3.0015,1.758e-18,1.639e-18,9.794e-19,-0.0001,119.67,0
FrontS11867,43.7845,2.8970,3.761e-14,2.722e-14,1.061e-14,0.0007,121.98,0
FrontS11869,43.7004,2.9272,2.586e-20,3.176e-20,3.691e-20,-0.0003,120.74,0
FrontS11873,43.7314,2.9329,1.730e-19,1.786e-19,1.388e-19,0.0001,120.64,0
FrontS11874,43.7928,2.9511,2.384e-18,2.080e-18,1.180e-18,-0.0002,120.15,0
FrontS11875,43.8235,2.9190,1.697e-19,1.842e-19,1.604e-19,-0.0002,121.53,0
FrontS11876,43.7899,2.9641,3.302e-19,3.194e-19,2.174e-19,-0.0009,119.58,0
FrontS11877,43.7061,2.8958,6.539e-20,7.589e-20,7.410e-20,-0.0002,121.6,0
FrontS11881,43.7913,2.9227,1.661e-18,1.485e-18,8.903e-19,0.0004,121.71,0
FrontS11883,43.8044,2.9220,2.050e-17,1.528e-17,6.097e-18,-0.0001,121.86,0
FrontS11885,43.7565,2.9035,2.902e-20,3.652e-20,4.147e-20,0.0008,121.8,0
FrontS11887,43.7775,2.9766,9.091e-20,9.899e-20,8.396e-20,0.0003,119.47,0
FrontS11888,43.7490,2.9275,1.858e-20,2.399e-20,2.921e-20,0.0008,120.84,0
FrontS11891,43.7098,2.8794,8.167e-19,7.540e-19,4.831e-19,-0.0002,122.11,0
FrontS11894,43.7910,2.8870,3.056e-19,3.218e-19,2.620e-19,-0.0005,121.9,0
FrontS11895,43.7867,2.9200,2.313e-19,2.537e-19,2.233e-19,-0.0002,121.29,0
FrontS11900,43.7516,2.9576,1.401e-17,1.070e-17,4.600e-18,0.0007,120.0,0
FrontS11901,43.7482,2.9139,1.303e-15,8.443e-16,2.634e-16,-0.0001,121.83,0
FrontS11905,43.7913,2.9017,9.836e-19,1.769e-18,4.251e-18,0.0004,121.93,0
FrontS11909,43.8092,2.9731,3.861e-20,4.650e-20,4.962e-20,-0.0007,119.87,0
FrontS11910,43.7330,2.8775,9.921e-19,2.114e-18,7.463e-18,-0.0001,121.71,0
FrontS11911,43.7036,2.9305,2.176e-19,2.221e-19,1.686e-19,-0.0002,120.75,0
FrontS11912,43.7727,2.9309,4.408e-17,1.460e-16,1.238e-15,0.0001,120.53,0
FrontS11914,43.8198,2.8632,3.328e-19,3.285e-19,2.236e-19,-0.0001,121.99,0
FrontS11916,43.7773,2.9838,3.179e-20,3.771e-20,3.887e-20,-0.0008,119.47,0
FrontS11917,43.7859,2.9252,1.428e-19,1.406e-19,1.023e-19,-0.0005,120.86,0
FrontS11919,43.7223,2.9759,8.407e-20,9.566e-20,8.955e-20,0.0003,119.42,0
FrontS11920,43.7456,2.9282,9.410e-18,7.856e-18,3.792e-18,-0.0002,120.82,0
FrontS11921,43.7181,2.9262,1.966e-20,2.548e-20,3.178e-20,0.0002,121.18,0
FrontS11922,43.7070,2.8888,4.588e-16,3.075e-16,9.553e-17,0.0011,122.01,0
FrontS11925,43.7718,2.9392,4.611e-20,5.503e-20,5.445e-20,0.0006,120.39,0
FrontS11926,43.7265,2.9217,8.793e-19,1.595e-18,3.988e-18,-0.0003,121.13,0
FrontS11928,43.8071,2.8880,2.414e-20,3.131e-20,3.945e-20,0.0013,122.06,0
FrontS11929,43.7133,2.9591,1.234e-19,1.382e-19,1.225e-19,0.0002,119.77,0
FrontS11930,43.7078,2.8870,2.971e-19,2.821e-19,1.903e-19,0.0004,121.44,0
FrontS11932,43.7560,2.9430,2.241e-18,2.065e-18,1.233e-18,-0.0009,119.82,0
FrontS11933,43.7857,2.9137,6.310e-14,4.726e-14,1.876e-14,0.001,121.87,0
FrontS11935,43.7858,2.9473,1.522e-19,1.661e-19,1.434e-19,0.0003,119.91,0
FrontS11938,43.7878,2.9103,6.974e-20,7.893e-20,7.437e-20,-0.0007,121.51,0
FrontS11940,43.8002,2.8820,5.060e-19,5.218e-19,3.965e-19,-0.0004,122.09,0
FrontS11941,43.8835,2.9653,5.855e-20,6.823e-20,6.784e-20,0.0,120.39,0
FrontS11948,43.7153,3.0065,1.165e-18,1.069e-18,6.644e-19,0.0005,119.64,0
FrontS11949,43.7599,2.9982,1.144e-18,1.836e-18,3.568e-18,0.0005,119.54,0
FrontS11950,43.7722,2.8735,9.265e-18,7.631e-18,3.761e-18,-0.0,122.11,0
FrontS11951,43.7831,2.9236,1.244e-20,1.606e-20,1.963e-20,0.0005,121.22,0
FrontS11952,43.7227,2.9339,9.956e-19,9.510e-19,6.278e-19,-0.0002,120.02,0
FrontS11954,43.7737,2.9121,1.584e-20,2.115e-20,2.664e-20,-0.0002,121.8,0
FrontS11957,43.7714,2.8842,1.165e-18,1.108e-18,7.155e-19,0.0002,121.67,0
FrontS11958,43.6745,2.9519,3.786e-18,3.325e-18,1.910e-18,-0.0001,120.05,0
FrontS11959,43.7987,2.9080,1.115e-18,1.049e-18,6.602e-19,-0.0,121.48,0
FrontS11961,43.7635,2.8971,3.346e-17,2.565e-17,1.048e-17,0.0012,122.08,1
FrontS11962,43.7900,2.9750,5.315e-19,4.995e-19,3.191e-19,-0.0003,119.5,0
FrontS11963,43.7579,2.9698,1.577e-17,1.267e-17,5.823e-18,-0.0001,119.53,0
FrontS11969,43.8022,2.9602,6.124e-19,6.072e-19,4.317e-19,-0.0,119.55,0
FrontS11970,43.7603,2.9687,5.357e-18,4.412e-18,2.097e-18,-0.0002,119.5,0
FrontS11972,43.8109,2.9221,1.089e-17,8.738e-18,4.136e-18,-0.0005,121.28,0
FrontS11974,43.7392,2.8989,1.228e-19,1.349e-19,1.216e-19,0.0008,121.77,0
FrontS11975,43.7721,2.9414,2.439e-18,2.107e-18,1.110e-18,0.0005,120.37,0
FrontS11976,43.7882,2.8806,9.898e-19,1.744e-18,4.134e-18,0.0003,121.76,0
FrontS11979,43.7683,2.9502,3.748e-14,2.631e-14,9.271e-15,0.0,119.71,0
FrontS11980,43.8094,2.9287,9.526e-20,1.098e-19,1.057e-19,0.0007,121.13,0
FrontS11981,43.7526,2.9711,2.081e-19,2.158e-19,1.734e-19,0.0001,119.81,0
FrontS11983,43.7807,2.8980,5.121e-18,1.112e-17,3.938e-17,-0.0007,122.05,0
FrontS11985,43.7440,2.9011,3.661e-20,4.709e-20,5.462e-20,0.0003,122.05,0
FrontS11986,43.7400,2.8976,2.102e-20,2.919e-20,4.042e-20,0.0,122.01,0
FrontS11989,43.7395,2.9365,2.322e-20,2.897e-20,3.204e-20,-0.001,120.57,0
FrontS11992,43.7491,2.9454,9.872e-18,7.937e-18,3.837e-18,-0.0002,119.55,0
FrontS11995,43.7718,2.9193,4.801e-19,4.778e-19,3.433e-19,0.0005,121.34,0
FrontS11996,43.8168,2.8675,3.958e-18,3.235e-18,1.604e-18,0.0,122.07,0
FrontS11997,43.6793,2.9222,1.939e-18,3.506e-18,8.980e-18,-0.0006,121.01,0
FrontS11998,43.7153,2.9291,6.155e-19,5.859e-19,4.041e-19,-0.0005,120.61,0
FrontS12002,43.8302,2.9485,2.874e-19,2.882e-19,2.068e-19,-0.0002,120.38,0
FrontS12003,43.7425,2.9020,4.492e-19,4.385e-19,3.022e-19,-0.0011,121.62,0
FrontS12006,43.7908,2.9632,1.067e-17,8.328e-18,3.674e-18,-0.0001,119.92,1
FrontS12007,43.7964,2.9700,5.115e-20,6.026e-20,5.959e-20,-0.0002,119.95,0
FrontS12008,43.8200,2.9268,4.059e-14,3.048e-14,1.245e-14,0.0002,120.99,0
FrontS12009,43.7271,2.9066,9.629e-20,1.073e-19,9.637e-20,-0.0005,121.39,0
FrontS12010,43.7861,2.9566,1.548e-20,2.095e-20,2.781e-20,-0.0005,119.58,0
FrontS12012,43.8141,2.9272,6.480e-19,6.357e-19,4.292e-19,-0.0003,121.33,0
FrontS12016,43.8046,2.9035,1.551e-19,1.670e-19,1.429e-19,0.0006,121.92,0
FrontS12017,43.8368,2.9227,2.517e-20,3.073e-20,3.384e-20,-0.0,121.22,0
FrontS12018,43.7514,2.9581,1.021e-18,1.708e-18,3.517e-18,-0.0001,119.64,0
FrontS12019,43.8071,2.9255,2.211e-20,3.129e-20,4.525e-20,0.0006,121.36,0
FrontS12020,43.7392,2.8841,3.852e-19,3.928e-19,2.978e-19,-0.0004,122.03,0
FrontS12021,43.7247,2.9651,1.593e-20,2.045e-20,2.542e-20,-0.0007,119.51,0
FrontS12023,43.7392,2.8905,4.292e-19,3.978e-19,2.555e-19,-0.0005,121.8,0
FrontS12024,43.7781,2.8962,8.479e-20,9.611e-20,8.912e-20,-0.0004,121.45,0
FrontS12027,43.7725,2.9650,1.452e-17,1.138e-17,4.959e-18,0.0002,119.63,1
FrontS12028,43.7351,2.9835,7.054e-18,5.738e-18,2.797e-18,0.0007,119.58,0
FrontS12029,43.7955,2.9339,6.397e-19,1.404e-18,5.016e-18,0.0003,120.54,0
FrontS12031,43.7865,2.9253,3.702e-18,3.052e-18,1.542e-18,-0.0002,121.87,0
FrontS12032,43.7993,2.9722,1.685e-18,3.075e-18,7.838e-18,0.0,120.05,0
FrontS12033,43.7230,2.9851,3.111e-19,3.239e-19,2.626e-19,-0.0003,119.53,0
FrontS12037,43.7462,2.9388,4.282e-20,5.163e-20,5.305e-20,-0.0001,120.47,0
FrontS12038,43.7983,2.9272,9.587e-19,9.076e-19,5.756e-19,-0.0,121.03,0
FrontS12039,43.7431,2.9430,1.687e-18,2.818e-18,5.632e-18,0.0001,120.2,0
FrontS12040,43.7544,2.9276,3.766e-20,4.823e-20,5.669e-20,-0.0001,120.89,0
FrontS12041,43.7852,2.9204,2.580e-18,2.246e-18,1.211e-18,-0.0008,121.39,0
FrontS12045,43.7840,2.9164,2.144e-19,2.232e-19,1.779e-19,-0.001,121.63,0
FrontS12048,43.7570,2.9416,8.648e-19,8.204e-19,5.401e-19,0.0,119.92,0
FrontS12050,43.7772,2.9259,5.808e-19,5.476e-19,3.548e-19,-0.0004,121.45,0
FrontS12052,43.7797,2.9355,1.333e-18,1.200e-18,7.140e-19,-0.0002,120.21,0
FrontS12056,43.7868,2.9263,2.969e-19,3.050e-19,2.313e-19,0.0006,121.01,0
FrontS12057,43.7446,2.9352,1.369e-20,1.816e-20,2.322e-20,-0.0005,120.55,0
FrontS12058,43.7814,2.9247,1.707e-18,2.529e-18,4.100e-18,-0.0001,121.21,0
FrontS12059,43.7845,2.9288,1.577e-18,2.438e-18,4.286e-18,0.0007,120.96,0
FrontS12060,43.7826,2.9246,5.133e-18,4.307e-18,2.123e-18,-0.0007,121.09,0
FrontS12062,43.7369,2.9264,1.938e-19,2.054e-19,1.670e-19,0.0004,120.92,0
FrontS12063,43.7482,2.9311,1.079e-20,1.362e-20,1.634e-20,0.0006,120.79,0
FrontS12065,43.7936,2.9362,1.696e-18,3.235e-18,8.889e-18,0.0002,120.64,0
FrontS12066,43.7893,2.9250,2.716e-14,1.848e-14,6.359e-15,0.0007,121.29,0
FrontS12067,43.7393,2.9385,1.584e-18,1.565e-18,1.072e-18,0.0007,120.44,0
FrontS12070,43.7596,2.9384,1.967e-19,2.142e-19,1.774e-19,-0.0011,120.17,0
FrontS12074,43.7468,2.9267,1.219e-18,2.880e-18,1.216e-17,-0.0001,120.84,0
FrontS12075,43.7919,2.9288,1.130e-19,1.301e-19,1.251e-19,0.0007,120.87,0
FrontS12077,43.7463,2.9400,7.148e-19,6.640e-19,4.132e-19,0.001,120.37,0
FrontS12079,43.7428,2.9330,1.919e-18,1.739e-18,1.031e-18,-0.0003,120.6,0
FrontS12080,43.7848,2.9173,5.163e-18,4.318e-18,2.182e-18,-0.0009,121.27,0
FrontS12081,43.7900,2.9169,2.552e-20,3.065e-20,3.309e-20,-0.0006,121.34,0
FrontS12083,43.7773,2.9237,1.773e-20,2.361e-20,3.074e-20,0.0004,121.19,0
FrontS12084,43.7414,2.9389,3.023e-19,3.201e-19,2.563e-19,0.0001,120.41,0
FrontS12086,43.7838,2.9245,1.921e-20,2.689e-20,3.969e-20,-0.0005,121.15,0
FrontS12087,43.7582,2.9367,1.066e-19,1.215e-19,1.129e-19,0.0002,120.45,0
FrontS12089,43.7844,2.9261,1.631e-18,2.337e-18,3.570e-18,0.0006,121.05,0
FrontS12090,43.7420,2.9373,6.173e-18,5.049e-18,2.495e-18,0.0002,120.46,0
FrontS12091,43.7412,2.9402,2.885e-19,3.122e-19,2.529e-19,0.0004,120.4,0
FrontS12093,43.7853,2.9215,2.011e-20,2.563e-20,3.120e-20,-0.0006,121.08,0
FrontS12094,43.7891,2.9272,4.836e-20,5.833e-20,6.308e-20,-0.0007,120.97,0
FrontS12097,43.7939,2.9226,8.022e-19,1.768e-18,6.518e-18,0.0001,121.12,0
FrontS12099,43.7534,2.9424,6.507e-18,1.750e-17,9.883e-17,0.0,120.12,0
FrontS12102,43.7422,2.9295,1.976e-17,1.517e-17,6.314e-18,-0.0008,120.72,1
FrontS12105,43.7998,2.9308,1.332e-20,1.775e-20,2.260e-20,-0.0003,120.83,0
FrontS12107,43.7906,2.9156,6.119e-18,4.830e-18,2.166e-18,-0.0001,121.4,0
FrontS12108,43.7608,2.9302,7.818e-18,6.283e-18,2.992e-18,0.0002,120.71,0
FrontS12109,43.7527,2.9377,1.129e-18,1.027e-18,6.158e-19,0.0004,120.48,0
FrontS12112,43.7951,2.9232,1.361e-18,2.401e-18,5.607e-18,0.0004,121.13,0
FrontS12114,43.7481,2.9403,7.610e-14,6.521e-14,3.499e-14,0.0001,120.39,1
FrontS12116,43.7472,2.9252,2.041e-18,3.425e-18,7.320e-18,0.0002,120.95,0
FrontS12118,43.7916,2.9274,3.436e-20,4.233e-20,4.632e-20,-0.0002,120.94,0
FrontS12119,43.7594,2.9215,1.776e-19,1.856e-19,1.442e-19,-0.0002,121.1,0
FrontS12121,43.7503,2.9371,6.159e-20,7.022e-20,6.696e-20,-0.0006,120.53,0
FrontS12122,43.7903,2.9213,1.146e-18,1.065e-18,6.354e-19,-0.0004,121.19,0
FrontS12123,43.7928,2.9172,1.653e-19,1.738e-19,1.401e-19,0.0003,121.45,0
FrontS12124,43.7569,2.9304,7.168e-19,1.625e-18,6.251e-18,0.0001,120.73,0
FrontS12125,43.7433,2.9382,1.959e-18,1.835e-18,1.143e-18,0.0002,120.57,0
FrontS12126,43.7432,2.9439,7.467e-19,7.030e-19,4.434e-19,-0.0002,120.32,0
FrontS12131,43.7970,2.9311,7.910e-19,1.609e-18,5.075e-18,-0.0002,120.8,0
FrontS12132,43.8095,2.9248,9.396e-19,9.627e-19,7.108e-19,-0.0,120.97,0
FrontS12137,43.8116,2.9249,4.969e-20,5.843e-20,5.853e-20,-0.0002,121.0,0
FrontS12138,43.7285,2.9458,7.363e-20,8.154e-20,7.435e-20,-0.0003,120.41,0
FrontS12139,43.8074,2.9138,1.535e-18,2.770e-18,7.028e-18,-0.0001,121.21,0
FrontS12143,43.8016,2.9147,2.056e-19,2.114e-19,1.616e-19,0.0003,121.2,0
FrontS12144,43.7295,2.9420,3.210e-20,3.886e-20,4.340e-20,-0.0006,120.37,0
FrontS12146,43.8100,2.9178,6.181e-19,1.059e-18,2.330e-18,-0.0001,121.05,0
FrontS12148,43.7450,2.9380,2.003e-19,2.111e-19,1.734e-19,-0.0002,120.54,0
FrontS12149,43.8027,2.9255,4.643e-19,7.878e-19,1.639e-18,-0.0002,120.92,0
FrontS12150,43.7365,2.9426,7.715e-20,8.906e-20,8.612e-20,-0.0,120.49,0
FrontS12151,43.7971,2.9179,1.801e-18,1.520e-18,7.866e-19,-0.0002,121.11,0
FrontS12152,43.7415,2.9423,1.399e-19,1.429e-19,1.077e-19,-0.0007,120.46,0
FrontS12156,43.7417,2.9310,3.614e-19,3.806e-19,3.162e-19,-0.0005,120.71,0
FrontS12163,43.8030,2.9246,1.454e-19,1.565e-19,1.363e-19,-0.0001,121.07,0
FrontS12167,43.8182,2.9223,6.137e-20,7.003e-20,6.501e-20,0.0001,121.09,0
FrontS12168,43.7426,2.9447,2.044e-20,2.652e-20,3.376e-20,-0.0003,120.22,0
FrontS12169,43.7591,2.9407,1.665e-20,2.114e-20,2.487e-20,-0.0002,120.33,0
FrontS12170,43.7376,2.9362,5.177e-20,5.717e-20,5.072e-20,-0.0009,120.63,0
FrontS12171,43.7961,2.9137,3.108e-18,2.536e-18,1.250e-18,0.0003,121.42,0
FrontS12172,43.7242,2.9496,3.430e-19,3.441e-19,2.555e-19,0.0005,120.31,0
FrontS12173,43.7396,2.9415,7.336e-19,6.881e-19,4.367e-19,-0.0008,120.37,0
FrontS12174,43.7980,2.9172,8.767e-19,7.701e-19,4.220e-19,0.0,121.16,0
FrontS12177,43.7395,2.9339,3.152e-19,3.113e-19,2.151e-19,-0.0006,120.62,0
FrontS12179,43.7493,2.9318,9.374e-20,1.051e-19,9.350e-20,0.0005,120.71,0
FrontS12180,43.7314,2.9386,2.369e-18,4.033e-18,9.001e-18,-0.0005,120.62,0
FrontS12182,43.7951,2.9216,2.404e-19,2.579e-19,2.160e-19,-0.0006,121.21,0
FrontS12184,43.8095,2.9262,5.998e-20,7.258e-20,7.710e-20,-0.0001,120.94,0
FrontS12185,43.7399,2.9393,1.529e-18,2.442e-18,4.622e-18,-0.0003,120.51,0
FrontS12188,43.7324,2.9425,3.219e-18,2.679e-18,1.380e-18,-0.0,120.48,0
FrontS12191,43.7287,2.9533,9.105e-14,8.430e-14,5.236e-14,-0.0003,120.29,1
FrontS12192,43.7355,2.9403,7.702e-14,5.342e-14,1.937e-14,-0.0001,120.49,0
FrontS12193,43.7312,2.9419,7.171e-19,6.665e-19,4.202e-19,-0.0,120.42,0
FrontS12195,43.8052,2.9276,5.565e-14,4.107e-14,1.536e-14,0.0001,120.95,0
FrontS12196,43.7348,2.9412,5.799e-19,5.903e-19,4.562e-19,0.0004,120.51,0
FrontS12197,43.8162,2.9127,3.770e-18,3.073e-18,1.425e-18,0.0003,121.21,0
FrontS12198,43.8030,2.9103,1.007e-19,1.126e-19,1.022e-19,0.0002,121.31,0
FrontS12199,43.7340,2.9453,2.405e-18,6.321e-18,3.363e-17,0.0004,120.44,0
FrontS12200,43.7272,2.9422,1.140e-19,1.275e-19,1.156e-19,0.0009,120.46,0
FrontS12201,43.7240,2.9435,1.607e-20,1.985e-20,2.154e-20,0.0005,120.49,0
FrontS12204,43.7239,2.9391,1.777e-19,1.896e-19,1.566e-19,-0.0001,120.53,0
FrontS12205,43.7981,2.9103,1.035e-18,9.609e-19,6.151e-19,0.0001,121.29,0
FrontS12206,43.8085,2.9159,6.990e-19,6.567e-19,4.262e-19,-0.0003,121.14,0
FrontS12208,43.7247,2.9410,6.883e-20,8.099e-20,7.835e-20,-0.0,120.5,0
FrontS12209,43.7327,2.9408,1.120e-13,8.483e-14,3.478e-14,0.0008,120.46,1
FrontS12210,43.8180,2.9171,1.600e-19,1.714e-19,1.456e-19,0.0002,121.13,0
FrontS12214,43.8116,2.9140,2.327e-19,2.486e-19,2.034e-19,-0.0007,121.08,0
FrontS12218,43.8132,2.9165,1.306e-20,1.690e-20,2.053e-20,-0.0002,121.07,0
FrontS12219,43.8061,2.9221,9.808e-19,8.947e-19,5.227e-19,0.0002,121.05,0
FrontS12226,43.8162,2.9259,1.585e-18,1.451e-18,8.654e-19,-0.0,120.91,0
FrontS12227,43.7260,2.9451,1.285e-18,1.134e-18,6.660e-19,0.0,120.42,0
FrontS12228,43.7252,2.9521,5.789e-19,5.832e-19,4.206e-19,0.0007,120.4,0
FrontS12230,43.8191,2.9212,1.831e-19,1.922e-19,1.486e-19,0.0004,120.97,0
FrontS12231,43.7215,2.9447,1.050e-18,1.025e-18,7.014e-19,-0.0004,120.5,0
FrontS12232,43.8147,2.9176,2.334e-19,2.417e-19,1.861e-19,-0.0005,121.08,0
FrontS12234,43.7215,2.9409,1.718e-18,1.454e-18,7.603e-19,0.0006,120.57,0
FrontS12235,43.8300,2.9206,1.796e-19,1.874e-19,1.479e-19,-0.0,121.02,0
FrontS12239,43.8071,2.9142,6.189e-20,7.330e-20,7.547e-20,-0.0006,121.15,0
FrontS12241,43.7180,2.9441,2.161e-18,1.867e-18,9.808e-19,-0.0003,120.51,0
FrontS12246,43.8162,2.9071,2.818e-18,6.108e-18,2.284e-17,0.0009,121.19,0
FrontS12249,43.7130,2.9432,2.092e-20,2.457e-20,2.350e-20,-0.0004,120.53,0
FrontS12250,43.7144,2.9384,1.948e-19,2.019e-19,1.537e-19,0.0,120.63,0
FrontS12253,43.8164,2.9066,2.013e-20,2.648e-20,3.289e-20,0.0003,121.21,0
FrontS12254,43.8327,2.9074,7.361e-19,1.579e-18,5.663e-18,-0.0,121.14,0
FrontS12255,43.7098,2.9517,4.165e-18,3.593e-18,1.919e-18,-0.0009,120.42,0
FrontS12256,43.8220,2.9147,7.612e-20,9.033e-20,9.255e-20,-0.0011,121.06,0
FrontS12257,43.8168,2.9155,1.117e-19,1.266e-19,1.173e-19,-0.0,121.14,0
FrontS12259,43.8316,2.9108,2.419e-20,2.983e-20,3.339e-20,-0.0004,121.11,0
FrontS12260,43.7359,2.9533,1.718e-18,3.271e-18,9.254e-18,0.0002,120.46,0
FrontS12261,43.6986,2.9436,1.003e-17,7.861e-18,3.476e-18,-0.0,120.58,1
FrontS12266,43.8312,2.9112,1.304e-19,1.486e-19,1.340e-19,0.0005,121.09,0
FrontS12268,43.8281,2.9027,4.478e-18,3.807e-18,1.945e-18,0.0001,121.2,0
FrontS12269,43.8370,2.9057,1.027e-17,8.360e-18,3.823e-18,-0.0005,121.19,0
FrontS12273,43.7713,2.9302,1.589e-18,2.651e-18,5.423e-18,0.0002,114.47,0
FrontS12274,43.7712,2.9300,1.352e-17,1.085e-17,5.105e-18,-0.0006,127.97,0
FrontS12275,43.7709,2.9303,7.025e-19,6.385e-19,3.660e-19,-0.0001,114.09,0
FrontS12276,43.7709,2.9300,2.552e-18,2.134e-18,1.022e-18,-0.0005,127.18,0
FrontS12277,43.7711,2.9301,1.029e-19,1.170e-19,1.067e-19,-0.0004,128.15,0
FrontS12278,43.7710,2.9301,3.869e-16,2.637e-16,9.114e-17,-0.0001,124.25,0
FrontS12279,43.7711,2.9301,1.515e-18,2.530e-18,5.239e-18,-0.0005,125.62,0
FrontS12280,43.7712,2.9302,6.781e-18,5.907e-18,3.212e-18,0.0005,119.28,0
FrontS12281,43.7711,2.9301,7.254e-18,6.150e-18,3.283e-18,0.0008,128.13,0
FrontS12282,43.7710,2.9302,1.067e-15,7.000e-16,2.201e-16,-0.0004,116.51,0
FrontS12283,43.7709,2.9300,7.353e-17,5.214e-17,1.886e-17,-0.0006,125.22,0
FrontS12284,43.7710,2.9302,5.090e-18,4.194e-18,2.099e-18,-0.0005,115.53,0
FrontS12285,43.7711,2.9302,2.671e-17,1.986e-17,7.864e-18,0.0001,120.19,0
FrontS12286,43.7710,2.9300,6.256e-18,4.980e-18,2.290e-18,-0.0003,124.96,0
FrontS12287,43.7711,2.9302,1.520e-20,1.982e-20,2.512e-20,0.0004,119.78,0
FrontS12288,43.7710,2.9302,3.227e-19,3.281e-19,2.491e-19,-0.0001,114.32,0
FrontS12289,43.7157,2.9557,7.753e-14,5.865e-14,2.364e-14,-0.0001,120.39,0
FrontS12290,43.7175,2.9501,2.369e-18,2.199e-18,1.352e-18,0.0,120.43,0
FrontS12291,43.8240,2.9121,1.875e-16,1.322e-16,4.726e-17,-0.0008,121.01,0
FrontS12292,43.8370,2.9158,6.127e-17,4.343e-17,1.650e-17,0.0009,121.03,0
FrontS12294,43.7082,2.9372,2.434e-17,1.797e-17,7.032e-18,-0.0008,120.65,0
FrontS12295,43.8326,2.9303,3.193e-17,2.410e-17,1.010e-17,-0.0003,120.83,1
FrontS12296,43.8339,2.9333,1.233e-16,8.632e-17,3.074e-17,0.0002,120.84,0
FrontS12297,43.8329,2.9392,6.251e-17,4.343e-17,1.544e-17,0.001,120.73,0
FrontS12298,43.7064,2.9176,2.970e-20,3.772e-20,4.482e-20,0.0007,120.89,0
FrontS12299,43.7031,2.9111,9.366e-17,6.524e-17,2.249e-17,-0.0001,120.95,0
FrontS12300,43.8303,2.9528,3.811e-17,2.736e-17,1.060e-17,0.0003,120.59,0
FrontS12301,43.8361,2.9589,2.287e-16,1.582e-16,5.362e-17,-0.0001,120.59,0
FrontS12302,43.8393,2.9612,8.177e-18,6.711e-18,3.257e-18,-0.0002,120.5,0
FrontS12303,43.8351,2.9632,4.735e-18,3.842e-18,1.883e-18,-0.0004,120.51,0
FrontS12304,43.7088,2.8937,1.078e-13,8.420e-14,3.703e-14,0.0,121.14,1
FrontS12305,43.7118,2.8789,6.903e-14,5.225e-14,2.254e-14,-0.0004,121.34,1
FrontS12306,43.8271,2.9750,1.705e-17,1.350e-17,6.272e-18,-0.0008,120.3,0
FrontS12307,43.7090,2.8724,7.953e-14,6.010e-14,2.432e-14,0.0006,121.36,0
FrontS12308,43.7118,2.8655,6.500e-19,1.219e-18,3.265e-18,-0.0007,121.4,0
FrontS12309,43.7117,2.8684,2.150e-19,2.303e-19,1.935e-19,0.0004,121.45,0
FrontS12310,43.7120,2.8627,2.839e-17,2.188e-17,9.335e-18,0.0005,121.39,1
FrontS12311,43.7190,2.8595,2.536e-17,1.848e-17,7.311e-18,0.0002,121.53,0
FrontS12312,43.7142,2.8495,4.651e-17,3.425e-17,1.336e-17,-0.0001,121.53,0
FrontS12313,43.7187,2.8458,1.031e-17,7.933e-18,3.494e-18,0.0005,121.57,0
FrontS12314,43.7207,2.8417,1.164e-14,7.726e-15,2.454e-15,0.0,121.63,0
FrontS12315,43.8157,3.0229,1.031e-16,7.382e-17,2.725e-17,-0.0001,119.83,0
FrontS12316,43.8176,3.0302,6.688e-14,4.845e-14,1.853e-14,0.0002,119.89,0
FrontS12317,43.7311,2.8322,1.545e-18,1.370e-18,7.448e-19,-0.0003,121.76,0
FrontS12318,43.7307,2.8197,5.288e-17,3.808e-17,1.476e-17,-0.0001,121.74,0
FrontS12319,43.7327,2.8158,1.468e-14,9.799e-15,3.224e-15,-0.0001,121.77,0
FrontS12320,43.7410,2.8155,7.924e-18,6.446e-18,3.076e-18,0.0005,121.83,0
FrontS12321,43.7402,2.8075,2.150e-17,1.610e-17,6.457e-18,-0.0,121.85,0
FrontS12322,43.7459,2.8174,1.962e-18,1.706e-18,9.039e-19,0.0008,121.89,0
FrontS12323,43.7485,2.8094,2.777e-18,2.549e-18,1.568e-18,-0.0004,121.85,0
FrontS12324,43.7888,3.0541,2.399e-16,1.634e-16,5.451e-17,0.0001,119.71,0
FrontS12325,43.7890,3.0551,1.458e-18,1.301e-18,7.695e-19,-0.0,119.69,0
FrontS12326,43.7812,3.0570,4.236e-20,5.317e-20,5.953e-20,-0.0004,119.66,0
FrontS12327,43.7804,3.0606,1.757e-17,1.365e-17,5.981e-18,-0.0001,119.66,1
FrontS12328,43.7656,2.8028,3.121e-16,2.202e-16,7.847e-17,-0.0003,121.94,0
FrontS12329,43.7719,3.0630,8.247e-18,6.823e-18,3.442e-18,0.0005,119.63,0
FrontS12330,43.7664,3.0618,4.856e-18,7.532e-18,1.374e-17,0.0003,119.65,0
FrontS12331,43.7632,3.0638,9.165e-17,6.474e-17,2.371e-17,-0.0,119.63,0
FrontS12332,43.7849,2.7960,5.505e-17,3.951e-17,1.537e-17,0.0004,121.92,0
FrontS12333,43.7554,3.0680,1.742e-14,1.116e-14,3.391e-15,-0.0003,119.6,0
FrontS12334,43.7549,3.0665,1.381e-18,1.224e-18,7.001e-19,0.0008,119.59,0
FrontS12335,43.7894,2.7958,3.076e-16,2.081e-16,6.968e-17,-0.0012,121.91,0
FrontS12336,43.7962,2.7911,1.771e-16,1.281e-16,4.703e-17,0.0007,121.91,0
FrontS12337,43.7374,3.0544,3.475e-17,2.516e-17,9.517e-18,0.0003,119.63,0
FrontS12338,43.8076,2.7960,2.265e-17,1.776e-17,8.202e-18,0.0003,121.93,1
FrontS12339,43.8135,2.7886,9.819e-19,1.939e-18,5.673e-18,0.0,121.92,0
FrontS12340,43.7278,3.0534,6.107e-17,4.424e-17,1.688e-17,-0.0004,119.76,0
FrontS12341,43.8211,2.8056,2.034e-19,2.211e-19,1.947e-19,-0.0007,121.82,0
FrontS12342,43.7190,3.0565,4.561e-18,3.727e-18,1.757e-18,0.0001,119.75,0
FrontS12344,43.8265,2.8165,2.186e-16,1.468e-16,4.943e-17,-0.0002,121.75,0
FrontS12345,43.7119,3.0448,1.819e-17,1.411e-17,6.136e-18,-0.0011,119.79,1
FrontS12346,43.7006,3.0380,6.394e-18,5.196e-18,2.541e-18,-0.0002,119.87,0
FrontS12347,43.8423,2.8200,1.099e-16,7.530e-17,2.656e-17,0.0001,121.65,0
FrontS12348,43.7029,3.0299,5.064e-18,4.176e-18,2.028e-18,0.0,119.97,0
FrontS12349,43.8439,2.8354,6.635e-17,4.843e-17,1.846e-17,0.0005,121.6,0
FrontS12350,43.8545,2.8340,1.341e-17,1.053e-17,4.817e-18,0.0002,121.54,1
FrontS12351,43.8478,2.8406,5.615e-17,4.034e-17,1.544e-17,-0.0,121.56,0
FrontS12352,43.6825,3.0107,8.434e-17,5.905e-17,2.103e-17,-0.0004,120.16,0
FrontS12353,43.6784,3.0094,2.309e-16,1.651e-16,6.093e-17,-0.0002,120.2,0
FrontS12354,43.8559,2.8564,6.428e-20,8.049e-20,8.985e-20,0.0005,121.4,0
FrontS12355,43.6781,2.9956,7.436e-18,5.824e-18,2.638e-18,0.0006,120.28,0
FrontS12356,43.8653,2.8668,2.098e-18,1.771e-18,9.190e-19,0.0001,121.33,0
FrontS12357,43.8712,2.8733,7.137e-18,5.857e-18,3.009e-18,-0.0005,121.25,0
FrontS12358,43.6730,2.9775,7.124e-18,5.751e-18,2.599e-18,0.0002,120.31,0
FrontS12359,43.8692,2.8869,5.355e-17,4.006e-17,1.623e-17,-0.0007,121.15,0
FrontS12360,43.6751,2.9650,5.179e-18,4.434e-18,2.345e-18,-0.0009,120.51,0
FrontS12361,43.8707,2.9012,1.121e-13,9.781e-14,5.627e-14,-0.0003,121.08,1
FrontS12362,43.6669,2.9521,5.153e-16,3.520e-16,1.234e-16,0.0001,120.55,0
FrontS12363,43.8760,2.9157,5.555e-19,5.600e-19,4.207e-19,-0.0001,120.9,0
FrontS12364,43.6608,2.9402,3.251e-17,2.482e-17,1.040e-17,0.0001,120.7,1
FrontS12365,43.6671,2.9295,1.167e-17,9.016e-18,3.911e-18,0.0005,120.78,0
FrontS12366,43.8825,2.9361,2.617e-17,1.972e-17,8.398e-18,0.0001,120.77,1
FrontS12367,43.8866,2.9425,1.014e-18,9.848e-19,6.626e-19,0.0,120.76,0
FrontS12368,43.6588,2.9104,6.684e-18,5.727e-18,2.915e-18,-0.0002,120.87,0
FrontS12369,43.6635,2.9078,3.403e-16,2.292e-16,7.664e-17,0.0006,120.86,0
FrontS12370,43.6681,2.8903,6.434e-20,7.455e-20,7.488e-20,-0.0003,121.05,0
FrontS12371,43.8826,2.9683,8.789e-17,6.307e-17,2.344e-17,0.0001,120.58,0
FrontS12372,43.6736,2.8729,8.234e-19,8.266e-19,5.879e-19,-0.0006,121.19,0
FrontS12373,43.8685,2.9826,1.149e-16,7.904e-17,2.749e-17,0.001,120.44,0
FrontS12374,43.8662,2.9949,1.957e-16,1.383e-16,5.005e-17,-0.0001,120.42,0
FrontS12375,43.8672,3.0029,1.484e-17,1.131e-17,4.809e-18,-0.0007,120.36,1
FrontS12376,43.6732,2.8477,1.526e-16,1.103e-16,4.292e-17,-0.0012,121.33,0
FrontS12377,43.8659,3.0179,4.394e-16,3.109e-16,1.095e-16,-0.0002,120.23,0
FrontS12378,43.6798,2.8322,7.794e-18,6.125e-18,2.724e-18,-0.0003,121.41,0
FrontS12379,43.8600,3.0308,5.152e-14,3.756e-14,1.480e-14,0.0001,120.11,0
FrontS12381,43.8507,3.0370,7.506e-19,1.317e-18,2.949e-18,0.0003,120.1,0
FrontS12382,43.6850,2.8045,1.426e-16,1.029e-16,3.790e-17,-0.0008,121.57,0
FrontS12383,43.6942,2.8047,4.768e-18,3.928e-18,1.919e-18,0.0004,121.61,0
FrontS12384,43.8405,3.0562,1.597e-16,1.084e-16,3.455e-17,-0.0001,119.87,0
FrontS12385,43.8381,3.0765,5.628e-17,4.243e-17,1.752e-17,-0.0005,119.92,0
FrontS12386,43.8368,3.0793,3.698e-18,3.106e-18,1.562e-18,0.0003,119.87,0
FrontS12388,43.7179,2.7802,4.730e-17,3.547e-17,1.437e-17,0.0004,121.76,0
FrontS12389,43.8208,3.0863,2.573e-16,1.799e-16,6.436e-17,-0.0003,119.84,0
FrontS12390,43.7255,2.7857,1.093e-18,2.018e-18,5.087e-18,-0.0001,121.81,0
FrontS12391,43.7266,2.7601,1.650e-16,1.207e-16,4.463e-17,0.0006,121.81,0
FrontS12392,43.8068,3.0989,1.963e-16,1.370e-16,4.956e-17,-0.0007,119.74,0
FrontS12393,43.7986,3.0765,6.288e-17,4.546e-17,1.652e-17,0.0003,119.73,0
FrontS12394,43.7994,3.1056,9.732e-17,7.125e-17,2.787e-17,-0.0003,119.68,0
FrontS12395,43.7504,2.7539,8.861e-14,7.047e-14,3.157e-14,0.0009,121.93,1
FrontS12396,43.7522,2.7409,2.293e-16,1.645e-16,5.929e-17,0.0007,121.97,0
FrontS12397,43.7839,3.1091,9.388e-19,8.909e-19,5.590e-19,0.0003,119.62,0
FrontS12398,43.7626,2.7443,1.357e-14,8.709e-15,2.631e-15,-0.0,122.0,0
FrontS12400,43.7669,3.1153,1.554e-16,1.065e-16,3.582e-17,0.0005,119.71,0
FrontS12401,43.7866,2.7583,1.033e-18,9.804e-19,6.412e-19,0.0003,121.99,0
FrontS12402,43.7847,2.7394,7.345e-17,5.412e-17,2.090e-17,0.0005,121.97,0
FrontS12403,43.7464,3.1134,2.097e-17,1.657e-17,7.313e-18,-0.0004,119.63,1
FrontS12405,43.7387,3.1222,3.116e-17,2.393e-17,1.055e-17,0.0001,119.6,1
FrontS12406,43.8043,2.7429,2.568e-18,2.181e-18,1.129e-18,0.0001,122.0,0
FrontS12407,43.7346,3.1184,7.909e-17,5.679e-17,2.147e-17,0.0004,119.64,0
FrontS12409,43.7136,3.1144,4.075e-18,6.395e-18,1.146e-17,0.0004,119.64,0
FrontS12410,43.8322,2.7533,8.676e-19,8.150e-19,5.287e-19,-0.0005,121.87,0
FrontS12411,43.8296,2.7620,1.811e-16,1.257e-16,4.489e-17,-0.0,121.87,0
FrontS12412,43.7039,3.0927,4.252e-17,3.284e-17,1.455e-17,0.0002,119.72,0
FrontS12413,43.6858,3.0962,2.218e-19,2.295e-19,1.743e-19,0.0006,119.8,0
FrontS12414,43.6935,3.0981,6.189e-18,5.479e-18,3.015e-18,0.0001,119.76,0
FrontS12415,43.6944,3.0806,3.280e-17,2.577e-17,1.152e-17,-0.0001,119.86,1
FrontS12416,43.6838,3.0812,2.509e-17,1.939e-17,8.377e-18,0.0002,119.83,1
FrontS12417,43.6805,3.0677,7.482e-16,5.111e-16,1.719e-16,0.0,119.86,0
FrontS12418,43.6785,3.0604,6.596e-14,4.549e-14,1.634e-14,0.0004,119.9,0
FrontS12419,43.8660,2.8015,8.248e-19,7.620e-19,4.597e-19,-0.0002,121.67,0
FrontS12420,43.6669,3.0515,1.117e-16,7.818e-17,2.779e-17,0.0,119.99,0
FrontS12421,43.6666,3.0417,2.658e-18,2.295e-18,1.210e-18,0.0009,120.12,0
FrontS12422,43.8820,2.8239,5.309e-18,7.933e-18,1.328e-17,0.001,121.5,0
FrontS12423,43.8804,2.8298,4.251e-17,3.186e-17,1.245e-17,0.001,121.42,0
FrontS12424,43.6557,3.0211,4.341e-17,3.213e-17,1.265e-17,0.0002,120.2,0
FrontS12425,43.8796,2.8479,1.328e-17,1.011e-17,4.124e-18,-0.0007,121.3,1
FrontS12426,43.8959,2.8513,3.106e-20,4.068e-20,5.147e-20,0.0004,121.23,0
FrontS12427,43.8941,2.8645,7.416e-17,5.294e-17,1.933e-17,-0.0003,121.22,0
FrontS12428,43.6375,2.9924,4.769e-17,3.334e-17,1.227e-17,0.0005,120.4,0
FrontS12429,43.8966,2.8779,2.149e-18,3.588e-18,7.198e-18,-0.0006,121.12,0
FrontS12430,43.8908,2.8895,1.331e-18,1.178e-18,6.690e-19,-0.0009,121.13,0
FrontS12431,43.9099,2.8929,3.854e-17,2.757e-17,1.031e-17,0.0007,121.03,0
FrontS12432,43.6480,2.9536,1.434e-19,1.642e-19,1.603e-19,-0.0004,120.58,0
FrontS12433,43.9109,2.9122,2.407e-17,1.821e-17,7.487e-18,0.0002,120.92,1
FrontS12434,43.6342,2.9398,1.819e-17,1.463e-17,6.814e-18,-0.0005,120.72,0
FrontS12435,43.9054,2.9343,5.203e-18,1.043e-17,3.088e-17,-0.0004,120.8,0
FrontS12436,43.6311,2.9152,6.406e-19,1.017e-18,1.872e-18,0.0002,120.8,0
FrontS12438,43.8994,2.9614,6.550e-14,4.819e-14,1.916e-14,0.0002,120.62,0
FrontS12439,43.6339,2.8897,4.938e-18,3.942e-18,1.793e-18,-0.0004,120.98,0
FrontS12440,43.6347,2.8877,4.489e-19,4.444e-19,3.121e-19,0.0005,120.93,0
FrontS12441,43.9098,2.9959,3.839e-17,2.875e-17,1.167e-17,0.0002,120.54,0
FrontS12442,43.6385,2.8667,1.129e-17,9.025e-18,4.113e-18,0.0005,121.09,0
FrontS12443,43.8955,3.0054,2.383e-18,2.052e-18,1.104e-18,0.0003,120.35,0
FrontS12444,43.6420,2.8456,6.039e-16,4.075e-16,1.391e-16,0.0002,121.21,0
FrontS12445,43.6565,2.8377,8.927e-18,7.297e-18,3.526e-18,-0.0001,121.36,0
FrontS12446,43.8806,3.0401,1.571e-17,1.242e-17,5.687e-18,-0.0005,120.18,1
FrontS12447,43.6553,2.8186,2.184e-17,1.723e-17,7.864e-18,-0.0002,121.39,1
FrontS12448,43.6573,2.8110,1.833e-18,1.579e-18,8.476e-19,-0.0003,121.43,0
FrontS12449,43.8785,3.0669,1.074e-17,8.467e-18,3.728e-18,-0.0001,120.07,1
FrontS12450,43.6698,2.8054,4.150e-18,3.572e-18,1.861e-18,0.0012,121.44,0
FrontS12451,43.6696,2.8000,2.415e-17,1.844e-17,7.769e-18,0.0001,121.51,1
FrontS12452,43.6711,2.7812,2.290e-19,2.409e-19,1.912e-19,0.0003,121.62,0
FrontS12453,43.8649,3.0946,1.749e-17,1.376e-17,6.210e-18,0.0008,119.91,1
FrontS12454,43.8615,3.1064,3.416e-19,3.545e-19,2.887e-19,0.0005,119.88,0
FrontS12455,43.6873,2.7666,1.397e-18,2.511e-18,6.148e-18,-0.0003,121.7,0
FrontS12456,43.6881,2.7462,1.091e-17,8.416e-18,3.607e-18,0.0006,121.71,1
FrontS12457,43.8396,3.0966,1.168e-19,1.249e-19,1.018e-19,-0.0005,119.8,0
FrontS12459,43.8370,3.1233,3.681e-17,2.682e-17,9.968e-18,-0.0002,119.74,0
FrontS12460,43.8293,3.1385,6.673e-17,4.868e-17,1.850e-17,-0.0002,119.72,0
FrontS12461,43.7159,2.7074,2.339e-17,1.807e-17,7.652e-18,0.0004,121.84,1
FrontS12462,43.8149,3.1341,6.697e-17,4.750e-17,1.793e-17,0.0005,119.67,0
FrontS12463,43.7318,2.7174,4.001e-17,2.943e-17,1.153e-17,0.0,121.88,0
FrontS12464,43.7355,2.7098,3.555e-18,6.440e-18,1.590e-17,-0.0002,121.94,0
FrontS12465,43.7964,3.1562,4.726e-17,3.644e-17,1.537e-17,0.0008,119.66,0
FrontS12467,43.7163,2.9322,7.103e-19,1.183e-18,2.467e-18,0.0001,120.72,0
FrontS12468,43.7157,2.9301,2.369e-18,4.546e-18,1.294e-17,-0.0001,120.78,0
FrontS12471,43.7031,2.9208,5.614e-18,4.637e-18,2.250e-18,-0.0003,120.9,0
FrontS12475,43.7049,2.9120,1.073e-18,9.509e-19,5.315e-19,-0.0002,120.94,0
FrontS12480,43.7134,2.8977,2.421e-18,4.890e-18,1.520e-17,0.0004,121.17,0
FrontS12481,43.7127,2.8898,5.396e-17,4.197e-17,1.812e-17,-0.0002,121.24,0
FrontS12482,43.7086,2.8852,1.140e-18,1.777e-18,3.309e-18,-0.0006,121.23,0
FrontS12483,43.7012,2.8796,2.657e-17,1.978e-17,7.909e-18,-0.0,121.25,0
FrontS12484,43.7140,2.8807,2.811e-19,2.969e-19,2.393e-19,0.0008,121.31,0
FrontS12485,43.7089,2.8781,6.411e-18,1.451e-17,5.850e-17,-0.0008,121.28,0
FrontS12487,43.8264,2.9913,6.637e-18,5.268e-18,2.418e-18,0.0001,120.16,0
FrontS12488,43.8226,3.0044,5.980e-18,5.042e-18,2.543e-18,0.0004,120.08,0
FrontS12489,43.7186,2.8491,5.694e-19,5.688e-19,3.942e-19,0.0002,121.62,0
FrontS12490,43.8295,3.0043,1.549e-19,1.660e-19,1.394e-19,-0.0006,120.09,0
FrontS12491,43.8237,3.0064,9.646e-19,9.232e-19,6.127e-19,0.0001,120.0,0
FrontS12492,43.7200,2.8618,1.012e-18,1.846e-18,4.516e-18,-0.0002,121.56,0
FrontS12494,43.7265,2.8344,1.528e-18,1.378e-18,8.217e-19,0.0001,121.67,0
FrontS12495,43.7284,2.8379,3.665e-18,3.122e-18,1.589e-18,0.0001,121.72,0
FrontS12498,43.7337,2.8377,3.068e-19,3.047e-19,2.147e-19,-0.0001,121.72,0
FrontS12499,43.7320,2.8380,4.299e-19,4.220e-19,2.954e-19,0.0006,121.77,0
FrontS12500,43.7389,2.8329,1.330e-20,1.795e-20,2.310e-20,-0.0001,121.81,0
FrontS12502,43.7997,3.0392,2.417e-17,1.918e-17,8.557e-18,0.0008,119.79,1
FrontS12505,43.7493,2.8237,3.445e-18,5.438e-18,9.786e-18,0.0008,121.9,0
FrontS12506,43.7447,2.8108,1.603e-17,1.194e-17,4.909e-18,-0.0001,121.93,0
FrontS12507,43.7942,3.0491,1.456e-18,1.265e-18,6.829e-19,0.0003,119.67,0
FrontS12509,43.7922,3.0491,2.662e-18,4.388e-18,9.243e-18,-0.0001,119.67,0
FrontS12510,43.7826,3.0565,8.081e-19,7.558e-19,4.756e-19,-0.0005,119.62,0
FrontS12511,43.7840,3.0567,3.029e-17,2.266e-17,9.421e-18,-0.0,119.64,1
FrontS12512,43.7784,3.0709,2.104e-17,1.621e-17,6.870e-18,-0.0007,119.64,1
FrontS12513,43.7620,2.7904,1.225e-18,2.144e-18,4.757e-18,-0.0006,121.92,0
FrontS12515,43.7678,2.7849,6.979e-19,6.918e-19,4.997e-19,-0.0007,121.91,0
FrontS12516,43.7677,3.0595,2.843e-18,2.382e-18,1.143e-18,0.0009,119.65,0
FrontS12517,43.7774,2.7873,4.464e-18,6.403e-18,9.689e-18,0.0008,121.98,0
FrontS12518,43.7573,3.0451,1.448e-18,1.266e-18,6.796e-19,0.0003,119.59,0
FrontS12519,43.7588,3.0644,7.460e-19,7.364e-19,5.078e-19,0.0002,119.59,0
FrontS12521,43.7985,2.8085,4.595e-19,7.696e-19,1.606e-18,-0.0002,121.91,0
FrontS12522,43.7931,2.8185,5.095e-18,4.042e-18,1.783e-18,0.0003,121.87,0
FrontS12523,43.7986,2.8055,8.305e-18,6.857e-18,3.470e-18,-0.0004,121.95,0
FrontS12524,43.8021,2.8061,8.128e-17,5.810e-17,2.148e-17,0.0003,121.88,0
FrontS12525,43.8131,2.8261,1.407e-18,3.085e-18,1.146e-17,0.0001,121.84,0
FrontS12526,43.7351,3.0438,4.494e-18,3.736e-18,1.911e-18,-0.0003,119.73,0
FrontS12528,43.8046,2.7935,2.683e-18,2.323e-18,1.272e-18,-0.0007,121.86,0
FrontS12529,43.8094,2.8182,2.068e-17,1.623e-17,7.030e-18,-0.0001,121.93,1
FrontS12530,43.7297,3.0592,1.900e-19,2.056e-19,1.722e-19,0.0001,119.72,0
FrontS12531,43.7216,3.0504,3.850e-20,4.621e-20,4.749e-20,-0.0005,119.81,0
FrontS12532,43.8138,2.8224,7.733e-19,7.228e-19,4.483e-19,-0.0004,121.79,0
FrontS12533,43.7132,3.0376,4.972e-19,8.868e-19,2.183e-18,0.0007,119.84,0
FrontS12536,43.7055,3.0425,6.174e-18,1.031e-17,2.073e-17,0.0002,119.86,0
FrontS12537,43.8416,2.8289,2.882e-17,2.130e-17,8.349e-18,-0.0001,121.66,0
FrontS12538,43.7084,3.0351,7.547e-19,1.192e-18,2.130e-18,0.0006,119.84,0
FrontS12539,43.7088,3.0308,2.369e-19,2.425e-19,1.788e-19,0.0,119.91,0
FrontS12540,43.8421,2.8366,2.145e-20,2.758e-20,3.357e-20,0.0001,121.6,0
FrontS12541,43.6916,3.0314,2.052e-16,1.387e-16,4.755e-17,-0.0003,119.99,0
FrontS12542,43.8478,2.8395,3.873e-18,3.177e-18,1.580e-18,-0.0001,121.59,0
FrontS12543,43.7016,3.0078,1.287e-17,1.080e-17,5.564e-18,0.0002,120.11,0
FrontS12544,43.8569,2.8484,8.550e-18,7.306e-18,3.719e-18,-0.0,121.53,0
FrontS12545,43.8450,2.8560,9.106e-17,6.776e-17,2.722e-17,0.0001,121.45,0
FrontS12546,43.8494,2.8606,6.859e-20,7.861e-20,7.620e-20,0.0007,121.41,0
FrontS12547,43.8662,2.8667,1.963e-18,1.722e-18,9.227e-19,-0.0004,121.31,0
FrontS12548,43.8747,2.8569,1.457e-18,2.371e-18,4.760e-18,-0.0005,121.32,0
FrontS12550,43.8706,2.8737,6.778e-19,1.256e-18,3.152e-18,0.0001,121.25,0
FrontS12551,43.6827,2.9840,4.682e-20,5.762e-20,6.482e-20,0.0009,120.35,0
FrontS12553,43.6766,2.9758,2.093e-17,1.593e-17,6.752e-18,0.0001,120.37,1
FrontS12554,43.6866,2.9684,3.868e-18,3.214e-18,1.645e-18,0.0008,120.44,0
FrontS12555,43.8778,2.8944,2.542e-16,1.750e-16,6.025e-17,-0.0,121.11,0
FrontS12556,43.6696,2.9610,1.126e-17,8.950e-18,4.132e-18,0.0002,120.48,0
FrontS12557,43.8502,2.9108,7.053e-18,5.989e-18,3.195e-18,0.0002,120.99,0
FrontS12558,43.8747,2.9118,6.362e-17,4.566e-17,1.749e-17,-0.0,120.99,0
FrontS12559,43.6717,2.9436,6.297e-19,1.089e-18,2.491e-18,-0.0007,120.66,0
FrontS12560,43.6549,2.9390,2.220e-18,3.493e-18,6.625e-18,-0.0006,120.61,0
FrontS12561,43.6620,2.9321,9.441e-18,7.701e-18,3.645e-18,0.0002,120.72,0
FrontS12562,43.6792,2.9285,6.629e-18,5.195e-18,2.360e-18,0.0006,120.77,0
FrontS12563,43.8727,2.9403,4.915e-18,4.025e-18,1.900e-18,-0.0,120.75,0
FrontS12564,43.6737,2.9087,2.621e-14,1.751e-14,5.805e-15,-0.0005,120.97,0
FrontS12565,43.6692,2.9132,4.242e-19,4.352e-19,3.239e-19,-0.0005,120.86,0
FrontS12567,43.6832,2.9010,8.569e-19,1.375e-18,2.644e-18,-0.0001,120.96,0
FrontS12568,43.6679,2.8954,1.006e-18,1.631e-18,3.283e-18,0.0001,120.98,0
FrontS12569,43.6788,2.8854,6.774e-18,5.671e-18,2.830e-18,-0.0007,121.07,0
FrontS12570,43.8634,2.9822,5.803e-19,5.642e-19,3.884e-19,0.0006,120.44,0
FrontS12574,43.6658,2.8666,4.432e-18,7.655e-18,1.742e-17,0.0003,121.14,0
FrontS12575,43.8582,2.9980,1.530e-17,1.192e-17,5.137e-18,0.0004,120.32,0
FrontS12576,43.6652,2.8492,1.971e-20,2.554e-20,3.078e-20,0.0001,121.26,0
FrontS12577,43.8611,3.0335,1.785e-19,1.833e-19,1.383e-19,-0.0002,120.14,0
FrontS12580,43.8601,3.0293,1.117e-17,8.955e-18,4.261e-18,0.0001,120.2,0
FrontS12581,43.6899,2.8198,2.168e-18,1.923e-18,1.083e-18,-0.0001,121.46,0
FrontS12583,43.6955,2.8306,4.565e-17,3.367e-17,1.286e-17,-0.0003,121.49,0
FrontS12584,43.6932,2.8191,1.369e-18,1.194e-18,6.413e-19,0.0001,121.57,0
FrontS12587,43.8497,3.0601,2.998e-19,3.014e-19,2.297e-19,0.0003,119.94,0
FrontS12588,43.8381,3.0710,5.364e-18,1.387e-17,7.383e-17,0.0004,119.92,0
FrontS12591,43.7074,2.7920,1.495e-18,2.323e-18,4.339e-18,0.0003,121.69,0
FrontS12594,43.8238,3.0905,8.474e-20,1.026e-19,1.110e-19,-0.0003,119.76,0
FrontS12596,43.7265,2.7633,2.180e-20,2.777e-20,3.377e-20,0.0,121.88,0
FrontS12597,43.7402,2.7682,8.748e-19,1.539e-18,3.638e-18,-0.0001,121.88,0
FrontS12598,43.8053,3.1114,1.501e-18,1.353e-18,7.801e-19,-0.0007,119.69,0
FrontS12599,43.7403,2.7675,1.712e-19,1.873e-19,1.633e-19,0.0003,121.85,0
FrontS12600,43.7986,3.1072,6.226e-20,7.432e-20,7.684e-20,-0.0001,119.65,0
FrontS12601,43.7922,3.1162,2.312e-18,4.129e-18,1.002e-17,-0.0002,119.66,0
FrontS12603,43.7561,2.7325,7.996e-19,1.320e-18,2.609e-18,0.0003,121.95,0
FrontS12604,43.7506,2.7547,3.103e-18,5.740e-18,1.422e-17,-0.0006,121.91,0
FrontS12605,43.7597,2.7426,2.132e-17,1.659e-17,7.460e-18,0.0005,121.97,1
FrontS12607,43.7699,2.7593,2.737e-18,4.652e-18,1.010e-17,-0.001,122.0,0
FrontS12608,43.7780,2.7789,7.451e-19,7.014e-19,4.418e-19,-0.0002,121.98,0
FrontS12610,43.7593,3.1493,1.271e-18,2.033e-18,3.814e-18,0.0001,119.63,0
FrontS12611,43.7871,2.7606,2.804e-20,3.466e-20,3.746e-20,0.0,121.9,0
FrontS12612,43.7543,3.0979,7.693e-19,1.223e-18,2.333e-18,0.0002,119.61,0
FrontS12613,43.7554,3.1055,2.552e-19,2.565e-19,1.843e-19,-0.0003,119.63,0
FrontS12614,43.7399,3.1149,2.331e-18,4.942e-18,1.719e-17,-0.0002,119.73,0
FrontS12615,43.8066,2.7420,8.532e-18,6.835e-18,3.205e-18,0.0012,121.96,0
FrontS12616,43.7428,3.1138,1.488e-18,2.391e-18,4.638e-18,-0.0001,119.63,0
FrontS12617,43.8221,2.7488,7.085e-18,5.715e-18,2.594e-18,-0.0,121.91,0
FrontS12620,43.7107,3.0896,1.973e-17,1.491e-17,6.121e-18,-0.0007,119.74,0
FrontS12621,43.8203,2.7539,4.676e-18,3.977e-18,2.048e-18,0.0007,121.86,0
FrontS12622,43.8269,2.7677,2.058e-17,1.672e-17,7.780e-18,0.0008,121.85,0
FrontS12623,43.6924,3.1060,9.683e-14,7.140e-14,2.885e-14,0.0002,119.77,0
FrontS12624,43.7018,3.0847,2.025e-18,4.179e-18,1.383e-17,0.0003,119.85,0
FrontS12625,43.8423,2.7651,1.131e-20,1.554e-20,2.183e-20,0.0005,121.78,0
FrontS12626,43.6937,3.0904,7.658e-17,5.623e-17,2.185e-17,-0.0008,119.74,0
FrontS12627,43.6900,3.0785,3.904e-19,3.904e-19,2.883e-19,0.0002,119.8,0
FrontS12628,43.8483,2.7689,1.897e-18,2.864e-18,4.739e-18,0.0004,121.77,0
FrontS12629,43.6879,3.0831,4.110e-17,3.048e-17,1.168e-17,-0.0005,119.85,0
FrontS12630,43.6789,3.0743,4.543e-18,3.668e-18,1.760e-18,-0.0003,119.89,0
FrontS12631,43.8712,2.7849,4.073e-17,2.976e-17,1.145e-17,0.0001,121.67,0
FrontS12632,43.8674,2.7854,1.156e-18,1.040e-18,5.800e-19,0.0,121.7,0
FrontS12634,43.8791,2.8069,6.211e-19,5.746e-19,3.588e-19,0.0005,121.56,0
FrontS12636,43.8921,2.8146,2.295e-17,1.720e-17,7.143e-18,0.0001,121.47,1
FrontS12637,43.8591,2.8193,2.814e-19,2.746e-19,1.913e-19,-0.0002,121.57,0
FrontS12640,43.6601,3.0268,2.703e-18,2.258e-18,1.144e-18,0.0005,120.19,0
FrontS12641,43.6446,3.0193,2.144e-18,4.478e-18,1.542e-17,0.0003,120.28,0
FrontS12642,43.8958,2.8477,7.561e-18,5.798e-18,2.446e-18,-0.0003,121.3,0
FrontS12646,43.6520,2.9827,6.742e-18,5.708e-18,2.854e-18,0.0001,120.44,0
FrontS12647,43.6504,2.9803,2.805e-19,2.922e-19,2.261e-19,-0.0002,120.45,0
FrontS12648,43.9025,2.8831,1.080e-16,7.644e-17,2.705e-17,0.0002,121.14,0
FrontS12649,43.9074,2.8922,1.884e-19,1.991e-19,1.555e-19,-0.0014,121.08,0
FrontS12650,43.6551,2.9589,2.178e-18,4.695e-18,1.667e-17,-0.0005,120.55,0
FrontS12651,43.6508,2.9545,1.660e-18,1.439e-18,7.894e-19,-0.0002,120.62,0
FrontS12653,43.9047,2.9162,9.782e-18,7.308e-18,2.941e-18,-0.0001,120.96,0
FrontS12654,43.9217,2.9213,8.923e-18,7.015e-18,3.297e-18,-0.0005,120.86,0
FrontS12656,43.6241,2.9293,9.384e-18,7.889e-18,4.082e-18,-0.0001,120.7,0
FrontS12657,43.8957,2.9501,3.789e-19,3.919e-19,2.914e-19,0.0005,120.74,0
FrontS12658,43.8942,2.9434,7.969e-17,5.785e-17,2.156e-17,-0.0006,120.79,0
FrontS12662,43.6457,2.8835,1.151e-18,1.009e-18,5.697e-19,-0.0002,121.03,0
FrontS12663,43.9062,2.9720,1.034e-18,1.901e-18,4.873e-18,0.0006,120.6,0
FrontS12664,43.6401,2.8765,1.586e-18,1.492e-18,9.541e-19,0.0001,121.05,0
FrontS12665,43.8972,3.0036,1.238e-18,2.278e-18,5.523e-18,-0.001,120.42,0
FrontS12666,43.6565,2.8583,4.724e-14,3.403e-14,1.295e-14,-0.0003,121.22,0
FrontS12667,43.6465,2.8405,1.770e-20,2.359e-20,3.126e-20,0.0006,121.23,0
FrontS12668,43.8761,3.0187,5.354e-19,5.079e-19,3.410e-19,-0.0,120.29,0
FrontS12669,43.9027,3.0260,5.517e-19,5.137e-19,3.181e-19,0.0004,120.36,0
FrontS12671,43.8882,3.0272,9.685e-19,8.808e-19,5.284e-19,0.0008,120.3,0
FrontS12672,43.8823,3.0388,9.511e-14,8.437e-14,4.879e-14,-0.0002,120.17,1
FrontS12673,43.8816,3.0370,1.078e-17,8.540e-18,3.766e-18,-0.0002,120.18,1
FrontS12674,43.6647,2.8006,8.390e-18,6.954e-18,3.436e-18,-0.0,121.46,0
FrontS12675,43.6651,2.7972,3.749e-18,5.572e-18,8.890e-18,-0.0008,121.5,0
FrontS12678,43.6750,2.7884,2.522e-18,3.983e-18,7.493e-18,-0.0001,121.5,0
FrontS12679,43.8613,3.0671,1.328e-18,1.361e-18,9.926e-19,0.0008,120.01,0
FrontS12680,43.6771,2.7595,9.947e-19,8.620e-19,4.664e-19,0.0012,121.63,0
FrontS12681,43.6843,2.7556,5.204e-18,4.448e-18,2.373e-18,-0.0,121.67,0
FrontS12683,43.8465,3.1232,4.176e-19,4.160e-19,2.874e-19,0.0001,119.82,0
FrontS12684,43.6910,2.7410,2.530e-18,4.228e-18,8.789e-18,0.0001,121.73,0
FrontS12685,43.8391,3.1086,9.964e-19,1.750e-18,3.848e-18,-0.0002,119.85,0
FrontS12686,43.8320,3.1230,3.095e-18,2.606e-18,1.346e-18,0.0005,119.81,0
FrontS12687,43.8300,3.1164,1.391e-18,2.888e-18,9.518e-18,0.0003,119.75,0
FrontS12689,43.7112,2.7146,5.929e-20,6.835e-20,6.829e-20,0.0005,121.82,0
FrontS12690,43.7202,2.7327,4.308e-18,3.537e-18,1.725e-18,0.0004,121.86,0
FrontS12691,43.7283,2.7205,1.681e-19,3.222e-19,8.948e-19,-0.0005,121.92,0
FrontS12693,43.7378,2.7196,2.910e-18,2.528e-18,1.365e-18,0.0001,121.99,0
FrontS12695,43.7952,3.1380,4.122e-19,4.252e-19,3.220e-19,0.0003,119.58,0
FrontS12696,43.7539,2.7311,1.722e-17,4.753e-17,2.936e-16,0.0001,121.92,0
FrontS12697,43.7532,2.7276,6.319e-18,5.154e-18,2.445e-18,0.0007,121.93,0
FrontS12699,43.7665,2.7032,2.603e-17,1.907e-17,7.244e-18,0.0003,121.94,0
FrontS12700,43.7694,2.7202,3.349e-18,5.603e-18,1.150e-17,0.0006,122.03,0
FrontS12701,43.7815,2.6867,1.111e-20,1.445e-20,1.806e-20,-0.0006,121.96,0
FrontS60965,-24.9936,-17.2479,2.537e-16,4.902e-16,1.365e-15,0.0016,3.24,0
FrontS60966,-25.5191,-16.9989,4.119e-17,4.338e-17,3.577e-17,0.0007,3.47,0
FrontS60968,-25.0604,-16.7683,2.154e-19,3.584e-19,7.452e-19,-0.0001,1.48,0
FrontS60969,-25.0543,-16.9522,2.023e-17,2.195e-17,1.881e-17,0.0004,3.94,0
FrontS60970,-25.3887,-17.5892,9.288e-17,1.712e-16,4.307e-16,0.0003,3.16,0
FrontS60971,-25.7189,-17.4943,5.553e-16,4.552e-16,2.252e-16,0.0005,2.75,0
FrontS60972,-25.3362,-17.0942,2.116e-16,4.042e-16,1.093e-15,0.0007,2.08,0
FrontS60973,-24.9162,-16.8063,3.459e-15,2.663e-15,1.132e-15,-0.0001,1.12,1
FrontS60974,-25.0223,-16.8178,5.465e-19,7.968e-19,1.271e-18,0.0,2.32,0
FrontS60975,-25.3225,-17.1131,1.304e-18,1.801e-18,2.450e-18,0.0005,1.36,0
FrontS60976,-25.0862,-17.1590,2.099e-17,2.395e-17,2.235e-17,-0.0001,0.87,0
FrontS60977,-25.4912,-17.4308,3.091e-18,3.751e-18,4.147e-18,-0.0003,3.14,0
FrontS60979,-25.8813,-17.2843,1.284e-17,1.528e-17,1.553e-17,0.0009,1.83,0
FrontS60980,-25.2247,-16.9696,1.165e-15,2.685e-15,1.062e-14,0.0003,3.4,0
FrontS60983,-25.8430,-17.3471,8.142e-16,6.987e-16,3.581e-16,0.0005,3.18,0
FrontS60985,-25.5152,-16.9069,5.906e-18,7.032e-18,7.280e-18,0.0013,4.01,0
FrontS60986,-25.4554,-17.0641,1.344e-16,2.503e-16,6.726e-16,0.0002,1.11,0
FrontS60988,-25.4992,-17.1876,2.462e-16,2.230e-16,1.318e-16,0.0004,3.4,0
FrontS60989,-25.2671,-17.0959,1.186e-16,1.164e-16,8.195e-17,0.0001,2.05,0
FrontS60990,-25.4548,-17.0293,1.824e-18,2.453e-18,3.275e-18,0.001,1.42,0
FrontS60991,-25.7080,-17.4917,5.165e-18,6.471e-18,7.186e-18,0.0012,1.58,0
FrontS60993,-25.3932,-17.2248,1.025e-16,1.014e-16,7.074e-17,0.0012,3.81,0
FrontS60994,-25.5033,-17.0003,4.256e-18,5.088e-18,5.442e-18,0.0007,2.16,0
FrontS60995,-25.3364,-17.2592,1.282e-16,2.112e-16,4.215e-16,0.0001,2.06,0
FrontS60997,-25.3035,-17.5850,2.870e-18,3.645e-18,4.274e-18,-0.0003,2.65,0
FrontS60999,-25.4606,-16.9368,8.806e-12,7.344e-12,3.682e-12,0.0,3.75,1
FrontS61000,-25.4695,-17.2291,2.413e-20,4.549e-20,1.225e-19,0.0001,0.74,0
FrontS61001,-25.7740,-17.3674,8.490e-20,1.542e-19,3.850e-19,0.0009,4.1,0
FrontS61002,-25.3365,-16.9237,1.487e-18,2.111e-18,3.062e-18,0.0012,2.65,0
FrontS61003,-25.4074,-16.6426,9.644e-18,1.093e-17,1.009e-17,-0.0001,3.47,0
FrontS61004,-25.5836,-17.2647,2.984e-19,4.759e-19,9.005e-19,0.0008,0.77,0
FrontS61005,-25.2331,-17.4473,6.723e-17,6.540e-17,4.593e-17,0.0007,3.75,0
FrontS61007,-25.6181,-17.2198,1.067e-20,2.234e-20,7.709e-20,0.0005,2.24,0
FrontS61008,-25.2670,-17.4527,6.303e-16,5.192e-16,2.532e-16,0.0,1.85,0
FrontS61010,-25.7373,-16.9387,8.610e-19,1.316e-18,2.369e-18,0.0008,3.71,0
FrontS61011,-25.4173,-17.3419,2.605e-16,2.332e-16,1.360e-16,0.0015,3.69,0
FrontS61012,-25.3707,-17.1802,8.456e-18,1.052e-17,1.150e-17,-0.0004,3.1,0
FrontS61013,-25.6707,-17.2048,1.495e-15,1.202e-15,5.421e-16,-0.0004,1.36,1
FrontS61014,-25.4944,-17.3200,1.837e-16,1.654e-16,9.585e-17,0.0005,3.7,0
FrontS61015,-25.6981,-17.8143,3.758e-20,7.135e-20,1.978e-19,0.0006,4.01,0
FrontS61016,-25.0696,-17.3399,2.703e-19,4.369e-19,8.586e-19,0.0006,4.15,0
FrontS61017,-25.7894,-17.3655,8.563e-16,6.682e-16,2.947e-16,0.0006,3.06,0
FrontS61018,-25.3811,-17.6385,1.827e-18,2.349e-18,2.721e-18,-0.0004,2.36,0
FrontS61019,-25.6452,-17.2912,6.564e-20,1.259e-19,3.391e-19,0.0004,1.47,0
FrontS61021,-25.2368,-17.0200,4.592e-19,7.264e-19,1.376e-18,0.0007,3.31,0
FrontS61022,-25.4857,-17.4971,1.150e-11,8.555e-12,3.324e-12,0.0004,3.26,0
FrontS61023,-25.0953,-17.0528,7.860e-18,9.574e-18,1.054e-17,0.0008,3.22,0
FrontS61024,-25.3772,-17.3296,7.083e-20,1.296e-19,3.228e-19,0.0009,3.21,0
FrontS61025,-25.8241,-17.2288,1.342e-17,1.532e-17,1.428e-17,0.0001,2.79,0
FrontS61026,-25.2532,-17.3354,6.600e-17,6.155e-17,3.881e-17,0.0006,2.14,0
FrontS61027,-25.1647,-17.4739,4.875e-17,4.935e-17,3.649e-17,0.001,4.16,0
FrontS61028,-25.4017,-17.0287,1.504e-17,1.562e-17,1.256e-17,0.0004,3.98,0
FrontS61029,-25.3387,-17.2932,3.522e-16,7.182e-16,2.259e-15,0.0,4.06,0
FrontS61032,-25.4907,-17.1380,2.806e-19,4.468e-19,8.831e-19,-0.0003,3.81,0
FrontS61033,-25.6055,-16.7058,2.359e-16,5.330e-16,2.034e-15,0.0019,3.7,0
FrontS61035,-25.3994,-17.3163,1.043e-18,1.523e-18,2.404e-18,0.0005,2.32,0
FrontS61036,-25.2507,-17.2922,3.979e-16,8.171e-16,2.585e-15,-0.0001,1.63,0
FrontS61037,-24.9996,-17.3273,2.225e-18,2.928e-18,3.601e-18,0.0005,1.49,0
FrontS61039,-25.6894,-17.2145,1.341e-17,1.459e-17,1.243e-17,0.0004,3.23,0
FrontS61041,-25.4705,-17.2641,2.412e-19,3.747e-19,6.732e-19,-0.0005,4.44,0
FrontS61043,-25.0846,-16.6354,2.145e-16,3.880e-16,9.714e-16,0.0012,3.31,0
FrontS61044,-25.8200,-17.1812,2.961e-17,3.063e-17,2.419e-17,-0.0,3.66,0
FrontS61045,-25.7570,-17.1133,2.018e-18,2.541e-18,2.964e-18,-0.0008,1.05,0
FrontS61048,-25.5146,-16.7903,6.993e-12,6.945e-12,4.975e-12,0.0013,2.44,1
FrontS61050,-25.6442,-17.3239,3.363e-16,6.811e-16,2.107e-15,0.0014,3.88,0
FrontS61051,-25.6709,-16.7857,2.153e-17,3.643e-17,7.659e-17,0.0009,3.17,0
FrontS61053,-25.0315,-17.4456,1.202e-19,2.063e-19,4.698e-19,0.0012,3.97,0
FrontS61054,-25.3246,-17.2629,2.793e-17,3.019e-17,2.613e-17,0.0013,2.56,0
FrontS61055,-25.2292,-17.2140,2.559e-18,3.313e-18,4.064e-18,0.0013,2.97,0
FrontS61057,-25.4019,-17.4127,5.997e-16,1.157e-15,3.367e-15,0.0009,2.54,0
FrontS61058,-25.4590,-17.1562,9.128e-16,2.399e-15,1.307e-14,0.001,0.99,0
FrontS61059,-25.2111,-17.3626,2.228e-17,2.440e-17,2.099e-17,0.0003,2.46,0
FrontS61060,-25.1041,-16.9435,1.915e-12,1.548e-12,7.637e-13,0.0006,2.5,0
FrontS61061,-25.3958,-17.0715,6.227e-18,7.542e-18,7.905e-18,-0.0003,2.41,0
FrontS61062,-25.2539,-17.5169,2.159e-16,4.168e-16,1.174e-15,0.0012,2.28,0
FrontS61064,-25.2115,-17.4045,3.074e-18,3.914e-18,4.766e-18,0.0007,2.09,0
FrontS61065,-25.4271,-17.0001,7.856e-17,7.850e-17,5.620e-17,0.0002,1.58,0
FrontS61066,-25.6783,-17.3299,3.744e-19,5.687e-19,9.731e-19,0.0007,1.25,0
FrontS61067,-25.4143,-17.1016,5.662e-20,1.066e-19,2.965e-19,0.0006,3.69,0
FrontS61068,-25.4945,-17.0599,9.175e-16,7.452e-16,3.595e-16,0.0006,2.42,0
FrontS61069,-25.2915,-17.2576,9.246e-20,1.568e-19,3.380e-19,0.0005,2.8,0
FrontS61070,-25.5219,-17.1811,4.067e-18,5.115e-18,5.936e-18,0.0006,3.06,0
FrontS61072,-25.6218,-17.2715,3.796e-15,2.903e-15,1.187e-15,0.0013,2.9,1
FrontS61074,-25.2238,-17.1528,3.818e-19,6.069e-19,1.117e-18,0.0014,1.1,0
FrontS61075,-25.5634,-17.3294,1.019e-17,1.095e-17,8.995e-18,0.0009,2.21,0
FrontS61076,-25.6411,-17.3838,1.062e-19,1.901e-19,4.659e-19,0.0004,0.98,0
FrontS61077,-25.5856,-17.4597,1.043e-18,1.521e-18,2.413e-18,0.0008,1.02,0
FrontS61078,-25.5179,-17.2049,1.762e-16,1.626e-16,1.005e-16,0.0006,3.2,0
FrontS61079,-25.7789,-17.3966,1.337e-19,2.333e-19,5.198e-19,0.0009,3.98,0
FrontS61082,-25.5854,-17.1910,1.788e-17,2.094e-17,2.104e-17,0.0012,3.85,0
FrontS61083,-25.5427,-17.2104,6.723e-16,5.480e-16,2.599e-16,0.0003,3.89,0
FrontS61084,-25.3184,-17.2519,1.809e-16,2.952e-16,6.050e-16,0.0001,1.46,0
FrontS61085,-25.3983,-16.9834,3.510e-17,3.575e-17,2.679e-17,0.0005,2.29,0
FrontS61086,-25.2834,-17.6639,2.083e-20,4.282e-20,1.345e-19,0.0007,1.03,0
FrontS61087,-25.0349,-16.7948,7.745e-16,6.611e-16,3.401e-16,-0.0,3.29,0
FrontS61088,-25.7053,-17.3979,7.321e-18,8.435e-18,8.131e-18,0.0005,2.31,0
FrontS61090,-25.0264,-17.0167,6.512e-18,7.801e-18,8.095e-18,0.0002,1.56,0
FrontS61091,-25.7409,-17.2679,9.671e-17,8.894e-17,5.425e-17,-0.0,3.86,0
FrontS61092,-25.2097,-16.9478,6.520e-20,1.109e-19,2.377e-19,-0.0,0.92,0
FrontS61094,-25.6235,-16.9139,1.064e-19,1.908e-19,4.445e-19,0.0006,1.18,0
FrontS61095,-25.0842,-17.3046,5.985e-20,1.077e-19,2.684e-19,0.0003,2.39,0
FrontS61096,-25.4137,-17.1931,1.056e-11,7.462e-12,2.762e-12,0.0009,4.06,0
FrontS61097,-25.5491,-17.4440,8.450e-18,9.695e-18,9.058e-18,0.0012,4.06,0
FrontS61098,-25.3949,-16.7637,2.695e-20,5.352e-20,1.575e-19,0.0003,2.73,0
FrontS61099,-25.4190,-16.9791,1.371e-17,1.496e-17,1.282e-17,0.001,2.44,0
FrontS61100,-25.4182,-17.3675,6.851e-16,5.678e-16,2.731e-16,-0.0005,3.56,0
FrontS61101,-25.3472,-17.3565,8.179e-20,1.473e-19,3.456e-19,-0.0001,3.99,0
FrontS61102,-25.1465,-16.8259,7.945e-19,1.149e-18,1.709e-18,0.0006,3.62,0
FrontS61103,-25.1665,-17.5410,5.820e-16,9.412e-16,1.812e-15,0.0001,0.86,0
FrontS61104,-25.1240,-17.1451,3.677e-16,3.208e-16,1.795e-16,0.0018,2.58,0
FrontS61106,-25.4384,-17.1208,3.397e-16,5.231e-16,9.241e-16,0.0003,1.78,0
FrontS61107,-25.9501,-17.5293,2.003e-17,2.143e-17,1.738e-17,0.0002,2.21,0
FrontS61108,-25.5020,-17.2211,4.029e-18,4.723e-18,4.760e-18,0.0001,2.17,0
FrontS61110,-25.3935,-17.1709,1.055e-19,1.815e-19,3.943e-19,0.0005,3.96,0
FrontS61111,-25.3266,-17.3723,1.550e-20,2.949e-20,7.919e-20,0.0014,4.06,0
FrontS61112,-25.8951,-17.3008,5.423e-16,4.547e-16,2.299e-16,0.0005,3.08,0
FrontS61113,-25.4663,-17.5222,4.767e-20,8.660e-20,2.106e-19,0.0012,2.48,0
FrontS61114,-25.3239,-17.1164,6.123e-16,5.075e-16,2.535e-16,0.0008,2.8,0
FrontS61115,-25.6677,-17.3480,1.079e-18,1.486e-18,2.121e-18,0.0011,2.56,0
FrontS61116,-25.6024,-17.1074,7.931e-19,1.171e-18,1.917e-18,0.0002,1.79,0
FrontS61118,-25.2628,-16.9420,6.333e-17,6.414e-17,4.721e-17,0.0011,1.72,0
FrontS61120,-25.5335,-17.2682,1.211e-20,2.552e-20,8.424e-20,-0.0,1.97,0
FrontS61121,-25.1358,-17.0443,5.602e-20,1.062e-19,2.859e-19,-0.0001,2.71,0
FrontS61122,-25.6082,-17.3142,4.226e-17,4.475e-17,3.702e-17,0.0002,3.38,0
FrontS61124,-25.5761,-17.2158,1.599e-19,2.640e-19,5.650e-19,0.0011,2.78,0
FrontS61125,-25.4926,-17.4119,6.863e-18,8.348e-18,9.066e-18,-0.0001,1.58,0
FrontS61126,-25.5241,-17.4790,2.309e-16,3.478e-16,6.033e-16,0.0013,3.55,0
FrontS61130,-25.2161,-17.1845,5.391e-17,5.678e-17,4.407e-17,0.0003,1.1,0
FrontS61131,-25.5636,-17.3544,1.154e-16,2.318e-16,6.807e-16,0.0001,1.93,0
FrontS61133,-25.4477,-17.3988,8.406e-19,1.311e-18,2.341e-18,0.0008,1.71,0
FrontS61135,-25.4978,-17.4060,9.799e-17,9.270e-17,5.867e-17,0.0001,3.53,0
FrontS61137,-25.6285,-17.2445,1.540e-16,1.417e-16,8.809e-17,0.0007,3.95,0
FrontS61138,-26.1054,-17.4162,2.101e-16,1.939e-16,1.173e-16,0.001,1.67,0
FrontS61140,-25.8500,-17.3516,2.184e-16,3.816e-16,8.634e-16,0.0004,2.32,0
FrontS61141,-25.4872,-17.4473,1.544e-16,2.114e-16,2.979e-16,0.0004,1.48,0
FrontS61142,-25.9322,-17.2179,3.780e-19,5.993e-19,1.133e-18,0.0003,3.3,0
FrontS61143,-24.9730,-17.1893,7.086e-18,8.525e-18,9.093e-18,0.0007,3.48,0
FrontS61144,-25.4109,-17.3059,5.575e-16,1.186e-15,3.998e-15,0.0005,2.43,0
FrontS61145,-25.3574,-17.2014,9.493e-17,8.958e-17,5.911e-17,-0.0003,3.17,0
FrontS61146,-25.9037,-17.0338,9.643e-18,1.145e-17,1.147e-17,0.0012,2.43,0
FrontS61147,-25.7977,-17.4365,5.578e-18,6.845e-18,7.772e-18,0.0018,3.1,0
FrontS61148,-25.8596,-17.1062,1.905e-19,3.151e-19,6.343e-19,0.0014,1.59,0
FrontS61149,-25.3699,-17.2220,5.469e-18,6.814e-18,7.824e-18,0.0006,3.3,0
FrontS61150,-25.3499,-17.3657,3.402e-19,5.146e-19,8.531e-19,0.0003,1.07,0
FrontS61151,-25.5241,-17.1429,2.041e-17,2.321e-17,2.067e-17,0.0003,3.93,0
FrontS61153,-25.7426,-17.3267,3.005e-16,4.224e-16,5.845e-16,0.0008,3.2,0
FrontS61155,-25.1876,-16.9919,1.158e-16,2.078e-16,4.980e-16,0.0005,2.74,0
FrontS61156,-25.3080,-17.2927,2.018e-20,4.373e-20,1.495e-19,0.0008,2.54,0
FrontS61157,-25.5368,-17.2340,2.314e-16,3.451e-16,5.667e-16,0.0007,3.73,0
FrontS61158,-25.2771,-17.0187,3.646e-17,3.718e-17,2.849e-17,0.0003,3.22,0
FrontS61159,-25.2334,-17.3408,1.179e-16,2.424e-16,7.509e-16,0.0002,3.56,0
FrontS61160,-25.5265,-17.4302,5.408e-17,5.428e-17,3.927e-17,0.0007,3.62,0
FrontS61161,-25.2072,-17.1908,9.726e-20,1.701e-19,3.872e-19,-0.0002,3.82,0
FrontS61163,-25.1171,-16.8827,5.460e-20,1.019e-19,2.673e-19,-0.0002,2.8,0
FrontS61164,-25.5384,-17.1051,2.768e-16,5.047e-16,1.290e-15,0.0003,3.95,0
FrontS61166,-25.8258,-17.4106,2.632e-16,2.389e-16,1.377e-16,0.0006,3.14,0
FrontS61168,-25.2838,-17.1499,4.775e-17,7.885e-17,1.570e-16,0.0003,2.86,0
FrontS61169,-24.9753,-17.1269,1.689e-16,1.590e-16,1.026e-16,0.0004,4.02,0
FrontS61170,-25.6976,-17.3406,3.724e-19,5.715e-19,9.996e-19,0.0005,1.34,0
FrontS61172,-25.6339,-17.3123,2.946e-16,5.966e-16,1.913e-15,0.0008,1.61,0
FrontS61173,-25.1570,-16.9203,8.361e-16,7.170e-16,3.770e-16,0.0005,2.57,0
FrontS61174,-25.5222,-17.3271,5.110e-16,7.599e-16,1.253e-15,0.0,3.37,0
FrontS61175,-25.2105,-17.2060,1.021e-18,1.477e-18,2.326e-18,0.0005,3.11,0
FrontS61176,-25.2243,-17.4563,7.442e-18,9.142e-18,9.976e-18,0.0013,3.94,0
FrontS61177,-25.2860,-16.8269,8.531e-19,1.193e-18,1.771e-18,0.0006,2.44,0
FrontS61178,-25.2019,-17.3072,5.766e-18,6.847e-18,7.056e-18,0.0001,1.32,0
FrontS61179,-25.4745,-17.2683,1.889e-16,1.803e-16,1.168e-16,0.0003,3.58,0
FrontS61180,-25.6221,-17.4983,1.716e-17,1.971e-17,1.852e-17,0.0008,1.83,0
FrontS61182,-25.2677,-17.5758,1.329e-16,1.219e-16,7.684e-17,0.0006,1.7,0
FrontS61183,-25.5310,-17.1910,3.016e-19,4.812e-19,9.007e-19,0.0003,1.77,0
FrontS61184,-25.3272,-16.7773,6.247e-18,7.581e-18,8.150e-18,0.0005,0.77,0
FrontS61187,-25.1096,-17.0043,1.529e-15,1.207e-15,5.417e-16,-0.0,1.57,1
FrontS61188,-25.4608,-17.2029,3.416e-12,4.058e-12,4.277e-12,-0.0004,2.9,0
FrontS61189,-25.6822,-17.4207,3.804e-16,6.038e-16,1.099e-15,0.0014,4.07,0
FrontS61190,-25.6818,-17.1194,1.289e-15,1.094e-15,5.641e-16,0.0018,3.93,0
FrontS61194,-25.2086,-17.2079,2.315e-17,2.586e-17,2.348e-17,-0.0002,3.93,0
FrontS61195,-25.7122,-17.1518,2.708e-16,2.394e-16,1.339e-16,0.0006,3.13,0
FrontS61196,-25.2573,-16.9664,1.796e-17,1.873e-17,1.527e-17,0.0005,3.88,0
FrontS61197,-25.1332,-17.4022,1.052e-20,2.102e-20,6.490e-20,-0.0,1.47,0
FrontS61198,-25.6443,-17.2839,8.601e-12,6.312e-12,2.408e-12,0.0007,1.27,0
FrontS61200,-25.6562,-17.5830,1.991e-19,3.294e-19,6.889e-19,0.0009,1.1,0
FrontS61201,-25.7020,-17.1779,5.048e-18,6.073e-18,6.257e-18,0.0008,3.55,0
FrontS61202,-25.5381,-17.2738,7.809e-17,6.871e-17,3.938e-17,0.0007,3.65,0
FrontS61203,-25.3536,-17.1985,1.320e-16,1.220e-16,7.507e-17,0.0009,3.64,0
FrontS61204,-25.1817,-17.3554,6.846e-18,7.843e-18,7.088e-18,0.0012,1.8,0
FrontS61205,-25.5443,-17.0085,3.996e-18,4.889e-18,5.375e-18,0.0001,3.12,0
FrontS61206,-24.9856,-17.0031,2.008e-16,1.825e-16,1.042e-16,0.0002,2.46,0
FrontS61207,-24.9088,-17.0175,3.874e-20,6.674e-20,1.523e-19,0.0012,2.3,0
FrontS61208,-25.5493,-17.4972,2.793e-18,3.491e-18,4.026e-18,-0.0004,2.9,0
FrontS61213,-25.2203,-17.0202,2.961e-13,1.977e-13,6.161e-14,0.0003,2.41,0
FrontS61215,-25.3932,-17.1548,1.216e-17,1.400e-17,1.283e-17,0.0003,2.09,0
FrontS61216,-25.3078,-17.2564,2.889e-16,2.436e-16,1.291e-16,-0.0002,1.81,0
FrontS61217,-25.6461,-17.5259,1.611e-18,2.282e-18,3.278e-18,0.0007,3.27,0
FrontS61218,-25.4879,-17.3084,1.782e-16,1.636e-16,9.818e-17,0.0011,2.93,0
FrontS61220,-25.4457,-17.6743,3.837e-16,6.402e-16,1.331e-15,-0.0,3.54,0
FrontS61221,-25.5460,-16.9588,3.829e-16,9.041e-16,3.951e-15,0.0003,3.44,0
FrontS61222,-25.8524,-17.5205,3.977e-18,4.903e-18,5.544e-18,-0.0002,3.88,0
FrontS61223,-25.8954,-17.3703,1.228e-16,1.134e-16,7.081e-17,0.0011,1.02,0
FrontS61225,-25.3913,-17.1431,2.545e-16,4.118e-16,8.393e-16,0.0012,1.33,0
FrontS61227,-25.6512,-16.7960,1.912e-16,3.507e-16,8.575e-16,0.001,4.04,0
FrontS61228,-25.3060,-17.0463,2.967e-20,5.624e-20,1.527e-19,0.0007,3.37,0
FrontS61230,-25.4879,-17.2633,8.318e-18,9.770e-18,9.703e-18,0.0006,1.39,0
FrontS61233,-25.4731,-17.2120,6.078e-18,7.015e-18,6.826e-18,0.0015,3.24,0
FrontS61235,-25.5638,-17.3781,1.644e-17,1.797e-17,1.577e-17,0.0013,0.97,0
FrontS61237,-25.1968,-17.2354,4.907e-17,5.000e-17,3.765e-17,-0.0001,3.37,0
FrontS61238,-25.5032,-16.9743,1.871e-19,2.991e-19,5.918e-19,0.0005,3.27,0
FrontS61239,-25.6161,-17.2206,9.807e-17,8.818e-17,5.255e-17,0.0005,3.05,0
FrontS61240,-25.4015,-16.9574,6.820e-20,1.218e-19,2.953e-19,0.0005,3.4,0
FrontS61241,-25.0132,-17.0120,2.812e-19,4.751e-19,1.006e-18,0.0001,3.26,0
FrontS61242,-25.5090,-17.3886,1.386e-20,2.919e-20,9.939e-20,0.0007,3.8,0
FrontS61243,-25.1891,-16.7944,7.355e-18,8.681e-18,9.052e-18,0.0011,2.25,0
FrontS61245,-25.2835,-17.0685,1.297e-18,1.939e-18,3.155e-18,0.0006,3.58,0
FrontS61246,-25.4540,-17.1654,7.816e-17,7.714e-17,5.426e-17,0.0004,1.37,0
FrontS61247,-25.8620,-17.2122,4.462e-18,5.473e-18,6.182e-18,0.0009,4.27,0
FrontS61248,-25.3388,-17.1485,2.146e-20,4.548e-20,1.590e-19,-0.0002,2.99,0
FrontS61249,-25.0052,-17.0358,2.208e-16,4.678e-16,1.615e-15,0.0001,3.45,0
FrontS61250,-25.1752,-16.8337,1.872e-18,2.558e-18,3.427e-18,0.0003,1.38,0
FrontS61251,-25.1831,-17.0703,1.556e-19,2.611e-19,5.529e-19,0.0009,4.15,0
FrontS61252,-25.2250,-17.2750,1.962e-16,4.721e-16,2.147e-15,0.0003,2.28,0
FrontS61253,-25.4688,-17.3040,4.806e-17,5.031e-17,3.891e-17,0.0011,2.0,0
FrontS61257,-25.3857,-16.7546,3.410e-16,2.868e-16,1.480e-16,0.0011,2.8,0
FrontS61258,-25.7207,-17.5049,1.048e-15,8.289e-16,3.722e-16,0.0006,1.42,0
FrontS61259,-25.5388,-17.1133,7.860e-15,5.588e-15,2.068e-15,0.0016,1.59,0
FrontS61260,-25.4429,-16.8493,1.403e-16,2.062e-16,3.153e-16,0.0002,1.51,0
FrontS61261,-25.6057,-16.8575,3.593e-18,4.743e-18,5.978e-18,0.0004,3.58,0
FrontS61262,-25.7401,-17.0644,1.213e-20,2.391e-20,6.910e-20,-0.0003,2.6,0
FrontS61263,-25.1970,-17.5350,1.150e-17,1.330e-17,1.274e-17,0.0002,3.2,0
FrontS61264,-25.5267,-17.2458,4.594e-19,6.929e-19,1.156e-18,0.0011,3.99,0
FrontS61266,-25.4064,-16.9376,7.063e-17,7.243e-17,5.518e-17,0.0006,3.56,0
FrontS61267,-25.0633,-16.8717,1.901e-19,3.061e-19,5.943e-19,0.0002,0.94,0
FrontS61268,-25.3729,-17.2658,2.006e-16,1.784e-16,1.026e-16,0.0012,2.02,0
FrontS61270,-25.7144,-17.5182,1.281e-16,1.144e-16,6.592e-17,0.0007,4.06,0
FrontS61271,-25.4652,-17.4074,1.547e-18,2.176e-18,3.161e-18,0.0007,2.64,0
FrontS61272,-25.1439,-16.9268,7.948e-16,6.758e-16,3.522e-16,0.0013,2.1,0
FrontS61273,-25.6200,-17.3031,3.584e-17,3.720e-17,2.926e-17,0.0003,3.14,0
FrontS61274,-25.7043,-17.1996,8.805e-19,1.217e-18,1.721e-18,0.0009,2.42,0
FrontS61275,-25.4305,-17.1316,5.660e-16,1.043e-15,2.684e-15,0.0009,1.73,0
FrontS61276,-25.1692,-17.5358,5.082e-16,4.022e-16,1.800e-16,0.0005,1.11,0
FrontS61279,-25.6160,-17.0656,6.287e-18,6.936e-18,6.105e-18,0.0001,3.94,0
FrontS61281,-25.6788,-17.0622,2.633e-16,4.134e-16,7.616e-16,0.0001,1.21,0
FrontS61282,-25.2555,-17.0255,5.327e-20,9.810e-20,2.512e-19,0.0001,2.31,0
FrontS61285,-25.8348,-17.3592,3.765e-17,4.082e-17,3.370e-17,0.0002,3.5,0
FrontS61286,-25.6747,-17.1055,5.345e-17,5.293e-17,3.652e-17,0.0006,4.03,0
FrontS61288,-25.6202,-17.5075,2.093e-15,1.544e-15,6.325e-16,0.0004,2.76,0
FrontS61289,-25.5108,-17.1649,2.221e-20,4.031e-20,9.723e-20,0.0006,1.85,0
FrontS61290,-25.5695,-17.5258,6.465e-17,6.322e-17,4.403e-17,0.0023,1.11,0
FrontS61292,-25.5610,-17.0586,8.423e-19,1.164e-18,1.589e-18,0.0008,3.36,0
FrontS61293,-25.4490,-17.2889,2.420e-20,4.877e-20,1.535e-19,0.0004,1.79,0
FrontS61294,-25.1275,-17.0016,3.520e-16,3.149e-16,1.770e-16,0.0011,3.66,0
FrontS61296,-25.2743,-17.4447,6.074e-15,4.602e-15,1.913e-15,-0.0,2.73,1
FrontS61297,-24.9347,-17.0095,2.781e-17,2.974e-17,2.466e-17,0.0002,3.62,0
FrontS61298,-25.6920,-16.8156,5.688e-16,5.070e-16,2.951e-16,0.0009,0.93,0
FrontS61299,-24.9447,-17.2946,2.935e-20,5.781e-20,1.694e-19,0.0015,0.9,0
FrontS61300,-25.4259,-17.5896,7.429e-17,7.209e-17,4.904e-17,0.0008,1.8,0
FrontS61301,-25.2067,-17.3471,3.641e-20,6.780e-20,1.834e-19,-0.0001,2.37,0
FrontS61302,-25.1238,-17.0493,1.696e-17,1.865e-17,1.679e-17,-0.0004,3.93,0
FrontS61304,-25.6132,-17.2401,8.326e-19,1.236e-18,1.981e-18,0.0003,3.91,0
FrontS61305,-25.3178,-17.3028,2.286e-16,2.089e-16,1.245e-16,0.0001,3.28,0
FrontS61307,-25.5585,-16.9545,5.080e-17,5.050e-17,3.722e-17,0.0007,3.97,0
FrontS61308,-25.0691,-17.2059,2.074e-20,3.738e-20,9.304e-20,0.0005,1.9,0
FrontS61310,-25.5576,-17.2340,8.676e-16,6.787e-16,2.941e-16,0.0012,1.12,0
FrontS61311,-25.9047,-16.7817,1.601e-16,1.476e-16,9.000e-17,0.0003,3.15,0
FrontS61312,-25.5320,-17.0380,5.508e-20,9.945e-20,2.469e-19,0.0006,2.1,0
FrontS61315,-25.5946,-17.5823,6.959e-18,8.174e-18,8.325e-18,0.0007,4.22,0
FrontS61316,-25.5475,-17.1027,6.208e-17,9.961e-17,1.913e-16,0.0004,2.94,0
FrontS61317,-25.1092,-17.2984,3.972e-18,5.026e-18,5.802e-18,0.0011,3.1,0
FrontS61318,-25.5840,-17.2438,3.637e-16,7.877e-16,2.828e-15,-0.0002,2.9,0
FrontS61319,-25.2229,-16.8513,2.112e-17,2.290e-17,1.936e-17,-0.0002,3.91,0
FrontS61320,-25.1593,-17.2236,8.789e-20,1.538e-19,3.568e-19,0.0011,1.9,0
FrontS61322,-26.0664,-17.2677,5.219e-16,9.767e-16,2.568e-15,0.0001,1.0,0
FrontS61323,-25.3155,-17.3233,1.005e-17,1.165e-17,1.126e-17,0.0004,1.01,0
FrontS61324,-25.1331,-17.2859,1.045e-20,2.096e-20,6.673e-20,0.0006,0.89,0
FrontS61325,-25.3737,-17.1575,1.016e-16,9.825e-17,6.385e-17,-0.0002,2.14,0
FrontS61326,-24.9162,-17.3388,1.705e-15,1.360e-15,6.337e-16,0.001,2.59,0
FrontS61327,-25.4795,-17.5484,9.489e-12,7.206e-12,2.988e-12,-0.0003,3.11,1
FrontS61328,-25.4655,-17.2793,3.400e-18,4.328e-18,5.208e-18,0.0003,3.35,0
FrontS61329,-25.3285,-17.2197,1.195e-11,1.085e-11,6.538e-12,0.0005,2.1,1
FrontS61330,-25.4811,-17.0129,1.988e-17,2.083e-17,1.643e-17,0.0005,1.59,0
FrontS61331,-25.6249,-17.0643,3.002e-16,2.563e-16,1.342e-16,0.0001,1.55,0
FrontS61332,-25.1785,-17.2157,1.280e-18,1.784e-18,2.532e-18,0.0007,2.45,0
FrontS61335,-25.8451,-17.5715,3.556e-17,3.856e-17,3.260e-17,0.0013,3.63,0
FrontS61336,-25.3506,-17.2918,8.675e-15,6.228e-15,2.307e-15,0.0009,1.17,0
FrontS61339,-25.9177,-17.1155,7.206e-16,5.708e-16,2.626e-16,0.0006,2.05,0
FrontS61340,-25.7434,-17.0152,7.224e-17,1.428e-16,4.245e-16,0.0014,3.51,0
FrontS61341,-25.2333,-17.1086,6.616e-19,9.744e-19,1.545e-18,0.0011,1.55,0
FrontS61343,-25.2751,-17.1239,2.710e-16,4.492e-16,9.449e-16,0.0004,3.54,0
FrontS61344,-25.1642,-17.3634,3.101e-20,5.637e-20,1.458e-19,0.0001,1.56,0
FrontS61346,-25.4437,-17.1624,2.055e-16,1.780e-16,9.745e-17,0.0006,3.48,0
FrontS61347,-25.4933,-17.4142,5.850e-17,5.680e-17,3.940e-17,0.0013,2.11,0
FrontS61348,-25.4468,-16.9727,1.073e-18,1.500e-18,2.226e-18,0.0008,1.02,0
FrontS61349,-25.3279,-17.2485,3.632e-16,3.127e-16,1.746e-16,0.0013,2.11,0
FrontS61350,-25.3702,-17.2513,3.059e-16,4.403e-16,6.579e-16,0.0005,4.05,0
FrontS61352,-25.5631,-17.0748,2.936e-17,3.002e-17,2.329e-17,0.0004,2.42,0
FrontS61354,-25.2855,-17.3746,4.609e-16,3.933e-16,2.019e-16,0.0006,1.39,0
FrontS61355,-25.7455,-17.2166,1.595e-15,1.253e-15,5.522e-16,0.0002,3.01,1
FrontS61356,-25.5226,-17.3244,3.374e-19,5.468e-19,1.077e-18,0.0004,2.42,0
FrontS61357,-25.5570,-17.2673,1.313e-20,2.734e-20,9.258e-20,0.0005,3.01,0
FrontS61358,-25.2081,-16.9870,1.615e-16,1.501e-16,9.300e-17,0.0006,1.59,0
FrontS61359,-25.3249,-16.8006,8.202e-12,7.523e-12,4.629e-12,0.0004,4.05,1
FrontS61360,-25.5347,-16.9581,8.250e-16,6.446e-16,2.941e-16,0.0004,3.44,0
FrontS61361,-25.3549,-16.9459,1.803e-18,2.378e-18,3.070e-18,-0.0001,3.17,0
FrontS61362,-25.6280,-17.1865,5.473e-18,6.658e-18,7.030e-18,0.0011,2.44,0
FrontS61364,-25.2576,-17.5135,1.561e-16,3.180e-16,1.012e-15,0.0005,4.12,0
FrontS61365,-25.1504,-17.0989,6.724e-16,5.841e-16,3.213e-16,0.0001,1.72,0
FrontS61366,-25.8270,-17.3941,6.366e-16,5.646e-16,3.222e-16,0.0006,1.84,0
FrontS61367,-25.8746,-17.2417,1.882e-16,4.320e-16,1.796e-15,0.0007,3.07,0
FrontS61368,-25.6068,-17.0890,2.834e-16,4.478e-16,8.339e-16,-0.0001,1.15,0
FrontS61369,-25.2906,-17.3761,6.386e-12,4.934e-12,2.137e-12,0.0012,3.21,1
FrontS61370,-25.4423,-17.6533,8.334e-16,6.608e-16,3.017e-16,0.001,1.71,0
FrontS61371,-25.4995,-17.0072,2.794e-16,4.659e-16,9.330e-16,-0.0004,3.77,0
FrontS61372,-25.3016,-17.4149,6.079e-17,6.108e-17,4.497e-17,-0.0004,3.87,0
FrontS61374,-25.4474,-17.0618,1.062e-11,8.140e-12,3.468e-12,0.0013,1.98,1
FrontS61376,-25.5696,-16.9547,1.145e-17,1.282e-17,1.159e-17,0.0,2.41,0
FrontS61379,-25.6287,-17.2099,1.376e-17,1.552e-17,1.484e-17,0.0007,2.72,0
FrontS61380,-25.6761,-17.4184,1.178e-16,1.083e-16,6.716e-17,0.0,2.78,0
FrontS61381,-25.5371,-17.3210,8.859e-17,8.431e-17,5.637e-17,0.0004,3.25,0
FrontS61382,-25.6367,-17.5760,1.686e-16,1.520e-16,8.980e-17,0.0018,3.52,0
FrontS61383,-25.0645,-17.2158,7.413e-20,1.317e-19,3.184e-19,0.0006,3.86,0
FrontS61384,-25.3076,-16.9949,1.078e-11,9.195e-12,4.907e-12,0.0011,4.11,1
FrontS61385,-25.2315,-17.3766,1.290e-16,2.099e-16,4.027e-16,0.0,2.96,0
FrontS61386,-25.7411,-16.8744,8.676e-18,9.809e-18,9.232e-18,0.0009,2.16,0
FrontS61388,-25.5583,-17.4149,1.934e-19,3.078e-19,6.054e-19,0.0007,2.56,0
FrontS61389,-25.3642,-17.1697,1.819e-15,1.374e-15,5.550e-16,0.0009,3.92,0
FrontS61390,-25.1906,-17.0588,9.643e-12,6.636e-12,2.275e-12,-0.0004,3.77,0
FrontS61391,-25.5308,-17.2637,1.191e-16,2.029e-16,4.371e-16,0.0009,3.57,0
FrontS61393,-25.3153,-17.0407,2.101e-17,2.320e-17,2.101e-17,-0.0003,1.92,0
FrontS61394,-25.2550,-17.5476,1.877e-20,3.683e-20,1.051e-19,0.0001,2.16,0
FrontS61395,-25.4594,-17.2138,1.878e-15,1.452e-15,6.149e-16,0.0004,12.72,1
FrontS61396,-25.4614,-17.2105,2.244e-15,1.780e-15,8.012e-16,0.0004,3.05,1
FrontS61397,-25.4590,-17.2147,1.697e-19,2.727e-19,5.381e-19,0.0001,-3.27,0
FrontS61398,-25.4601,-17.2125,4.573e-15,3.370e-15,1.317e-15,0.0005,4.89,0
FrontS61399,-25.4606,-17.2124,8.317e-15,5.901e-15,2.115e-15,-0.0003,5.01,0
FrontS61400,-25.4574,-17.2136,3.732e-14,2.539e-14,8.513e-15,-0.0001,0.81,0
FrontS61401,-25.4589,-17.2133,4.468e-15,3.209e-15,1.191e-15,0.0011,-5.96,0
FrontS61402,-25.4571,-17.2131,2.051e-15,1.731e-15,8.841e-16,-0.0004,-3.13,0
FrontS61403,-25.4603,-17.2137,3.028e-15,2.246e-15,8.757e-16,0.0005,-8.5,0
FrontS61404,-24.4496,-16.8870,5.619e-17,5.797e-17,4.491e-17,0.0006,3.53,0
FrontS61405,-27.8476,-18.4402,1.246e-20,2.483e-20,7.515e-20,0.0016,1.73,0
FrontS61408,-27.0417,-16.5132,5.919e-17,6.001e-17,4.511e-17,0.001,2.17,0
FrontS61412,-28.5733,-18.4388,1.922e-20,4.015e-20,1.356e-19,0.001,2.06,0
FrontS61414,-27.5549,-19.1607,3.078e-20,6.009e-20,1.780e-19,0.0008,2.31,0
FrontS61415,-23.9464,-16.9694,1.877e-20,3.875e-20,1.242e-19,0.0001,1.83,0
FrontS61417,-25.9929,-16.9796,4.509e-20,8.042e-20,1.877e-19,0.0009,3.09,0
FrontS61418,-23.3214,-14.8054,9.263e-19,1.301e-18,1.861e-18,0.0009,3.62,0
FrontS61420,-28.0783,-17.3578,2.146e-19,3.540e-19,7.414e-19,0.0007,1.85,0
FrontS61422,-26.8742,-17.1823,6.651e-20,1.201e-19,2.879e-19,0.001,2.17,0
FrontS61424,-26.3753,-16.7690,1.314e-17,1.455e-17,1.356e-17,0.0003,3.17,0
FrontS61426,-26.8084,-15.8208,3.462e-18,4.312e-18,4.895e-18,0.0003,2.16,0
FrontS61427,-29.9249,-16.9222,4.768e-19,7.125e-19,1.208e-18,-0.0004,1.14,0
FrontS61429,-28.6805,-14.8086,2.150e-19,3.504e-19,6.794e-19,0.0004,1.76,0
FrontS61430,-25.6022,-18.3539,2.667e-19,3.882e-19,5.775e-19,0.0,2.26,0
FrontS61432,-28.1845,-15.2920,3.925e-20,7.524e-20,2.081e-19,0.0012,2.89,0
FrontS61433,-24.8263,-17.3722,7.923e-20,1.404e-19,3.295e-19,0.0006,2.53,0
FrontS61434,-26.2881,-16.5717,1.198e-17,1.423e-17,1.420e-17,0.0008,2.98,0
FrontS61439,-27.1289,-17.2864,1.088e-17,1.237e-17,1.156e-17,0.0012,2.97,0
FrontS61441,-27.7015,-16.7891,1.414e-20,2.927e-20,9.808e-20,0.0012,2.87,0
FrontS61444,-24.3354,-18.2367,6.174e-20,1.143e-19,3.073e-19,0.0011,2.06,0
FrontS61445,-26.3730,-16.6101,2.214e-18,2.824e-18,3.329e-18,0.0005,2.28,0
FrontS61446,-25.2176,-17.2847,3.142e-16,5.614e-16,1.336e-15,0.0002,1.49,0
FrontS61450,-29.2811,-19.4954,9.633e-20,1.599e-19,3.320e-19,-0.0004,2.62,0
FrontS61451,-26.2470,-18.1132,5.761e-17,6.011e-17,4.807e-17,0.0004,2.09,0
FrontS61452,-24.2696,-17.2465,3.606e-18,4.254e-18,4.119e-18,0.0003,1.65,0
FrontS61454,-26.5738,-16.8081,4.236e-18,5.044e-18,5.250e-18,0.001,2.99,0
FrontS61455,-28.0491,-18.1691,1.070e-17,1.213e-17,1.173e-17,0.0005,2.71,0
FrontS61457,-26.8475,-20.0086,2.061e-18,2.782e-18,3.716e-18,-0.0005,2.02,0
FrontS61459,-26.9484,-20.8112,8.755e-18,1.020e-17,9.812e-18,0.0005,1.98,0
FrontS61461,-25.2793,-17.1985,7.908e-18,8.839e-18,8.257e-18,0.0004,3.56,0
FrontS61462,-27.3376,-18.3713,3.978e-18,5.028e-18,5.652e-18,0.0001,2.94,0
FrontS61468,-25.7518,-18.6433,2.055e-18,2.584e-18,2.933e-18,0.0009,1.47,0
FrontS61469,-26.6625,-18.2364,4.574e-20,8.510e-20,2.285e-19,0.0009,2.76,0
FrontS61471,-26.9622,-15.7252,1.868e-18,2.489e-18,3.118e-18,0.0004,1.81,0
FrontS61473,-25.3327,-18.6596,3.408e-19,5.158e-19,8.784e-19,0.0006,3.18,0
FrontS61474,-24.2765,-19.1141,1.373e-18,1.869e-18,2.443e-18,0.0002,2.62,0
FrontS61476,-24.2184,-18.7130,1.547e-15,3.829e-15,1.833e-14,0.0009,1.86,0
FrontS61477,-26.2022,-16.6257,6.771e-20,1.238e-19,3.077e-19,0.0007,2.44,0
FrontS61478,-27.7106,-21.3954,1.027e-20,2.095e-20,6.477e-20,0.0012,2.93,0
FrontS61483,-27.1043,-19.3698,2.492e-16,2.277e-16,1.332e-16,0.001,3.13,0
FrontS61484,-25.6419,-17.4637,1.540e-19,2.606e-19,5.602e-19,0.0015,2.17,0
FrontS61486,-27.6436,-18.7001,2.575e-20,5.281e-20,1.672e-19,0.0006,3.26,0
FrontS61488,-26.9928,-16.4049,3.496e-18,4.389e-18,5.077e-18,-0.0002,2.1,0
FrontS61489,-25.0718,-14.8255,7.067e-18,8.130e-18,7.756e-18,0.0012,3.5,0
FrontS61490,-25.0845,-17.3758,4.101e-20,8.082e-20,2.386e-19,0.0009,3.68,0
FrontS61492,-26.3834,-20.2078,3.290e-19,5.290e-19,9.999e-19,0.0007,2.98,0
FrontS61493,-26.4832,-17.2384,9.358e-19,1.254e-18,1.690e-18,0.0009,1.72,0
FrontS61494,-26.3640,-18.4280,7.460e-18,8.249e-18,7.216e-18,0.0001,3.19,0
FrontS61495,-26.4260,-13.5620,1.836e-16,3.222e-16,7.418e-16,0.0,2.88,0
FrontS61496,-25.2477,-19.9338,1.213e-18,1.580e-18,1.989e-18,0.0004,1.71,0
FrontS61497,-23.0605,-14.8610,4.851e-19,7.282e-19,1.214e-18,0.0001,3.24,0
FrontS61498,-24.1602,-17.3568,2.993e-18,4.112e-18,5.574e-18,-0.0001,3.19,0
FrontS61499,-25.2537,-16.8255,2.804e-18,3.643e-18,4.644e-18,-0.0006,1.42,0
FrontS61500,-25.7533,-15.5599,4.933e-20,9.775e-20,2.907e-19,0.0003,2.89,0
FrontS61501,-25.6461,-17.1842,4.077e-19,6.098e-19,1.051e-18,0.0001,2.16,0
FrontS61502,-23.4616,-17.6569,2.655e-20,5.146e-20,1.408e-19,-0.0002,3.09,0
FrontS61503,-24.8217,-13.9636,1.153e-17,1.276e-17,1.149e-17,-0.0003,1.61,0
FrontS61505,-23.9520,-15.9541,8.602e-19,1.267e-18,2.022e-18,0.0006,3.06,0
FrontS61506,-24.8005,-17.3064,3.784e-17,3.686e-17,2.598e-17,0.0014,2.68,0
FrontS61507,-23.4291,-15.6628,2.071e-20,4.488e-20,1.612e-19,0.0003,1.91,0
FrontS61508,-24.9122,-16.0685,1.376e-18,1.799e-18,2.246e-18,0.0006,1.82,0
FrontS61510,-25.4887,-15.3905,1.154e-20,2.549e-20,9.467e-20,0.0002,2.93,0
FrontS61512,-24.7311,-19.2981,8.549e-19,1.220e-18,1.875e-18,0.0005,2.83,0
FrontS61513,-23.3362,-15.4098,1.029e-16,1.934e-16,5.042e-16,0.001,2.02,0
FrontS61515,-25.9280,-14.2834,8.746e-17,8.366e-17,5.569e-17,-0.0002,2.76,0
FrontS61517,-27.6530,-19.3431,4.755e-18,5.874e-18,6.534e-18,0.001,1.67,0
FrontS61520,-25.8564,-15.9881,8.684e-18,9.797e-18,9.375e-18,0.0011,3.01,0
FrontS61522,-24.1649,-15.2676,3.194e-18,3.808e-18,3.833e-18,0.0001,1.65,0
FrontS61523,-23.9335,-16.7702,1.400e-18,1.840e-18,2.299e-18,0.0009,3.43,0
FrontS61524,-24.4917,-15.7420,1.812e-16,2.856e-16,5.304e-16,0.0007,1.69,0
FrontS61528,-22.9421,-16.5598,5.093e-17,5.053e-17,3.644e-17,0.0002,1.94,0
FrontS61529,-24.9492,-19.5959,1.906e-12,1.278e-12,4.118e-13,-0.0002,3.48,0
FrontS61530,-26.5192,-15.8926,1.886e-18,2.543e-18,3.410e-18,0.001,1.77,0
FrontS61531,-27.3114,-19.5155,1.221e-20,2.441e-20,7.224e-20,0.0006,2.16,0
FrontS61533,-24.8164,-17.8167,1.330e-19,2.241e-19,4.811e-19,0.0003,3.68,0
FrontS61534,-22.2178,-14.1237,1.366e-18,1.838e-18,2.438e-18,0.0006,3.64,0
FrontS61535,-23.4909,-16.0875,6.533e-17,6.525e-17,4.853e-17,0.0001,1.84,0
FrontS61536,-25.5892,-16.7312,3.050e-17,3.026e-17,2.236e-17,0.0004,3.33,0
FrontS61540,-27.0454,-16.9770,3.293e-16,7.806e-16,3.285e-15,0.0006,3.02,0
FrontS61541,-24.6701,-13.7816,1.470e-19,2.431e-19,4.842e-19,0.0006,2.12,0
FrontS61542,-22.9855,-17.9624,8.338e-20,1.560e-19,4.153e-19,0.0009,3.03,0
FrontS61543,-27.2695,-18.9509,3.248e-18,4.289e-18,5.234e-18,-0.0001,1.83,0
FrontS61544,-26.6528,-15.8569,8.005e-16,1.161e-15,1.781e-15,0.0006,1.73,0
FrontS61547,-23.4620,-15.5264,1.764e-16,1.638e-16,9.902e-17,0.0009,2.32,0
FrontS61549,-27.3303,-17.3190,3.800e-17,3.653e-17,2.533e-17,0.001,1.61,0
FrontS61551,-19.7089,-16.0177,3.538e-17,3.684e-17,2.883e-17,0.0003,2.57,0
FrontS61552,-26.0838,-18.7489,4.712e-18,5.396e-18,5.303e-18,0.0005,3.29,0
FrontS61553,-25.4150,-16.0299,2.013e-20,3.945e-20,1.170e-19,-0.0005,1.94,0
FrontS61556,-26.9931,-18.0715,5.380e-20,9.655e-20,2.309e-19,-0.0005,2.34,0
FrontS61557,-27.0773,-17.7025,9.222e-18,1.150e-17,1.324e-17,0.0005,2.84,0
FrontS61558,-25.8087,-18.4750,4.262e-20,7.944e-20,2.020e-19,0.0009,3.59,0
FrontS61561,-25.6895,-16.1366,9.960e-17,9.641e-17,6.368e-17,-0.0001,3.05,0
FrontS61562,-24.7976,-17.6124,6.710e-20,1.215e-19,2.833e-19,0.0008,2.14,0
FrontS61566,-24.4777,-20.2619,4.209e-16,7.483e-16,1.850e-15,-0.0004,3.73,0
FrontS61568,-26.5460,-15.4905,1.246e-20,2.645e-20,8.781e-20,0.0005,2.69,0
FrontS61569,-26.8366,-15.7750,1.258e-19,2.110e-19,4.492e-19,0.0012,2.29,0
FrontS61574,-27.6443,-18.6682,3.045e-19,4.786e-19,8.451e-19,0.0012,3.31,0
FrontS61575,-26.0164,-14.9552,3.867e-20,7.381e-20,1.966e-19,0.0007,2.2,0
FrontS61576,-27.0171,-19.4376,1.002e-20,2.095e-20,6.936e-20,0.0006,3.18,0
FrontS61577,-26.2993,-15.0491,1.088e-11,7.902e-12,2.977e-12,0.001,2.43,0
FrontS61580,-22.5556,-17.9246,1.302e-16,2.488e-16,6.868e-16,0.0011,2.78,0
FrontS61582,-24.1117,-16.9045,2.504e-20,4.709e-20,1.313e-19,0.0011,1.73,0
FrontS61583,-23.8863,-15.6862,6.391e-12,4.394e-12,1.526e-12,0.0006,2.01,0
FrontS61584,-23.3955,-15.1808,2.789e-18,3.584e-18,4.375e-18,0.0006,3.57,0
FrontS61585,-23.2203,-16.7935,6.221e-19,8.885e-19,1.304e-18,0.0005,2.43,0
FrontS61589,-24.5569,-17.8049,1.267e-17,1.395e-17,1.273e-17,0.0005,2.51,0
FrontS61590,-24.9855,-17.9153,8.544e-16,6.717e-16,2.960e-16,-0.0001,2.13,0
FrontS61591,-23.7186,-18.4567,5.255e-17,5.085e-17,3.432e-17,0.0007,1.73,0
FrontS61592,-26.6697,-16.7198,2.180e-17,2.421e-17,2.235e-17,0.0004,2.16,0
FrontS61597,-25.4230,-19.2032,3.459e-17,3.574e-17,2.812e-17,0.0005,2.11,0
FrontS61599,-24.7747,-14.6035,5.535e-18,6.641e-18,7.183e-18,0.0009,2.29,0
FrontS61600,-27.7111,-16.4828,1.481e-20,3.173e-20,1.127e-19,0.0001,2.81,0
FrontS61602,-22.2994,-15.0630,1.877e-17,1.937e-17,1.554e-17,0.0008,3.13,0
FrontS61604,-27.5714,-15.5463,6.559e-19,9.565e-19,1.461e-18,0.0001,3.26,0
FrontS61605,-25.8220,-16.8421,5.043e-19,7.294e-19,1.111e-18,0.0,3.02,0
FrontS61606,-24.4117,-16.4270,4.698e-16,3.954e-16,2.020e-16,0.0013,1.83,0
FrontS61607,-28.9168,-18.3282,6.496e-17,6.134e-17,3.919e-17,0.0005,1.55,0
FrontS61610,-25.1312,-18.8580,2.069e-16,4.678e-16,1.786e-15,0.0005,2.42,0
FrontS61611,-24.2234,-16.8222,1.090e-20,2.212e-20,6.752e-20,-0.0,3.66,0
FrontS61613,-26.0187,-17.5817,1.108e-16,1.064e-16,7.055e-17,0.0005,2.66,0
FrontS61615,-28.0580,-16.5461,1.838e-16,3.750e-16,1.188e-15,0.0008,2.73,0
FrontS61616,-26.3994,-14.5210,1.970e-20,4.146e-20,1.358e-19,0.0004,2.18,0
FrontS61617,-28.6748,-17.5181,3.668e-17,3.873e-17,3.027e-17,0.0,1.95,0
FrontS61618,-25.3068,-17.0020,1.339e-17,1.464e-17,1.289e-17,0.0006,2.89,0
FrontS61619,-27.2479,-17.1094,2.376e-18,2.941e-18,3.185e-18,0.0001,2.37,0
FrontS61620,-28.7983,-16.3895,1.632e-17,1.910e-17,1.832e-17,0.0006,3.19,0
FrontS61621,-25.0011,-18.1627,1.317e-18,1.998e-18,3.339e-18,-0.0002,3.36,0
FrontS61624,-26.1600,-18.0865,1.093e-18,1.557e-18,2.286e-18,0.0003,2.35,0
FrontS61627,-25.6725,-19.2435,3.614e-18,4.550e-18,5.188e-18,-0.0001,1.81,0
FrontS61628,-24.7398,-18.1298,6.540e-18,7.655e-18,7.670e-18,0.001,2.83,0
FrontS61630,-24.6501,-16.4943,8.747e-19,1.295e-18,2.133e-18,0.0011,1.53,0
FrontS61631,-22.1655,-17.8587,1.650e-16,1.518e-16,8.999e-17,0.0002,2.12,0
FrontS61632,-26.9314,-16.2234,2.158e-20,4.536e-20,1.568e-19,0.0003,2.82,0
FrontS61634,-24.0254,-15.4038,8.003e-19,1.132e-18,1.686e-18,0.0008,2.23,0
FrontS61636,-26.0365,-16.8823,2.203e-16,4.085e-16,1.060e-15,0.0012,2.7,0
FrontS61637,-24.3400,-20.5030,6.479e-18,7.409e-18,7.079e-18,0.0009,3.41,0
FrontS61641,-25.6248,-17.6829,9.519e-17,9.024e-17,5.843e-17,0.0002,1.95,0
FrontS61642,-29.4517,-17.6718,1.732e-18,2.448e-18,3.608e-18,0.0006,1.17,0
FrontS61643,-22.3500,-16.0110,3.770e-19,6.222e-19,1.252e-18,0.0004,2.5,0
FrontS61645,-23.8147,-18.5411,1.919e-19,3.281e-19,7.163e-19,-0.0004,3.23,0
FrontS61647,-27.0014,-16.8710,2.663e-19,4.140e-19,7.190e-19,-0.0001,1.33,0
FrontS61648,-24.1565,-15.3555,2.971e-19,4.552e-19,8.071e-19,0.0007,1.61,0
FrontS61654,-26.2725,-18.8659,1.068e-19,1.815e-19,3.934e-19,-0.0007,3.52,0
FrontS61655,-25.0062,-17.7874,5.878e-19,8.562e-19,1.353e-18,0.0001,1.84,0
FrontS61658,-25.6629,-16.8106,9.216e-16,1.316e-15,2.058e-15,0.0017,3.23,0
FrontS61660,-24.0430,-17.8798,1.269e-19,2.299e-19,5.829e-19,0.0002,1.65,0
FrontS61662,-25.8246,-17.5622,1.418e-20,3.011e-20,1.036e-19,0.0004,1.56,0
FrontS61663,-25.0964,-14.4477,1.044e-18,1.482e-18,2.209e-18,0.0012,1.68,0
FrontS61665,-23.6788,-14.9726,2.040e-20,4.175e-20,1.336e-19,0.0006,2.67,0
FrontS61668,-25.3626,-17.2892,2.885e-19,4.576e-19,8.373e-19,-0.0003,2.85,0
FrontS61669,-23.0547,-16.7511,1.208e-18,1.551e-18,1.969e-18,0.001,2.52,0
FrontS61672,-27.8900,-15.0927,5.145e-17,5.167e-17,3.862e-17,0.0001,1.23,0
FrontS61674,-24.7535,-16.1958,1.343e-16,1.292e-16,8.527e-17,0.0012,1.71,0
FrontS61676,-25.1720,-18.4379,3.340e-18,4.264e-18,5.226e-18,0.0009,3.41,0
FrontS61678,-22.0113,-17.0085,1.880e-20,3.865e-20,1.240e-19,0.0002,3.43,0
FrontS61680,-22.7281,-18.6935,9.731e-17,8.917e-17,5.336e-17,0.0003,1.82,0
FrontS61681,-25.2728,-17.1107,7.132e-16,5.894e-16,2.956e-16,0.0007,2.28,0
FrontS61682,-25.0694,-17.1783,2.382e-17,2.496e-17,2.051e-17,0.0004,1.87,0
FrontS61684,-23.5879,-14.7005,6.819e-18,8.654e-18,1.010e-17,0.0009,3.48,0
FrontS61686,-26.9808,-16.0629,1.372e-20,2.917e-20,1.056e-19,0.0012,2.65,0
FrontS61687,-21.6937,-16.0184,5.473e-17,5.415e-17,3.947e-17,0.0016,1.93,0
FrontS61688,-25.9591,-14.8590,3.410e-16,3.062e-16,1.763e-16,0.0008,2.31,0
FrontS61691,-22.4099,-16.2672,2.526e-16,2.236e-16,1.255e-16,0.0009,2.47,0
FrontS61694,-24.4327,-16.1085,1.697e-19,2.859e-19,6.117e-19,0.0009,3.04,0
FrontS61695,-26.3421,-15.3854,1.570e-19,2.628e-19,5.373e-19,-0.0006,2.63,0
FrontS61696,-20.4656,-15.9809,5.134e-20,1.036e-19,3.111e-19,0.0002,3.64,0
FrontS61698,-28.8912,-17.2348,7.077e-19,1.041e-18,1.681e-18,0.0011,1.5,0
FrontS61699,-26.1099,-19.4655,6.370e-17,6.496e-17,5.116e-17,-0.0003,1.74,0
FrontS61700,-25.5940,-18.9027,2.917e-18,3.620e-18,4.090e-18,-0.0005,3.55,0
FrontS61701,-23.9252,-13.4935,2.168e-18,2.939e-18,3.938e-18,0.0009,2.57,0
FrontS61702,-26.1348,-15.3586,9.257e-20,1.671e-19,4.111e-19,0.0002,2.97,0
FrontS61703,-29.3606,-19.5697,8.087e-13,5.275e-13,1.634e-13,-0.0003,3.01,0
FrontS61704,-25.1132,-21.2953,9.802e-18,1.219e-17,1.379e-17,0.0005,3.1,0
FrontS61705,-26.8240,-18.6077,3.613e-20,6.634e-20,1.645e-19,0.0,1.64,0
FrontS61707,-26.9573,-18.4719,2.649e-20,4.759e-20,1.160e-19,0.0004,1.98,0
FrontS61708,-24.8587,-14.0557,1.519e-17,1.741e-17,1.655e-17,0.0007,3.45,0
FrontS61709,-25.4069,-19.8894,1.593e-19,2.663e-19,5.517e-19,0.0003,3.29,0
FrontS61710,-24.7747,-17.1781,2.232e-20,4.335e-20,1.255e-19,0.0011,2.31,0
FrontS61711,-25.2139,-16.3505,1.685e-16,2.606e-16,4.557e-16,0.0007,3.77,0
FrontS61712,-25.4678,-15.8141,1.796e-16,3.248e-16,7.854e-16,0.0003,3.31,0
FrontS61714,-27.1408,-16.1356,7.202e-20,1.275e-19,2.996e-19,0.0008,1.89,0
FrontS61715,-27.7927,-20.6542,2.193e-19,3.509e-19,6.624e-19,-0.0002,1.33,0
FrontS61716,-23.7328,-16.8249,2.069e-18,2.907e-18,4.228e-18,0.0009,3.68,0
FrontS61719,-25.3754,-16.3609,3.373e-20,6.241e-20,1.636e-19,0.0003,2.29,0
FrontS61720,-25.9471,-18.5023,4.105e-20,7.583e-20,1.904e-19,0.0004,2.96,0
FrontS61721,-24.4135,-18.2638,1.693e-17,1.862e-17,1.628e-17,0.0008,3.0,0
FrontS61723,-24.1128,-18.7331,6.852e-18,8.317e-18,8.909e-18,0.0007,3.48,0
FrontS61724,-26.4936,-19.1947,5.628e-19,8.390e-19,1.409e-18,0.0006,2.23,0
FrontS61725,-26.7077,-14.4746,1.011e-16,1.802e-16,4.198e-16,0.0007,1.86,0
FrontS61729,-23.3570,-21.0408,3.893e-20,7.561e-20,2.133e-19,0.0012,2.17,0
FrontS61730,-28.2430,-18.9347,4.231e-19,6.607e-19,1.245e-18,-0.0003,1.91,0
FrontS61735,-24.2417,-16.4655,1.006e-16,1.755e-16,4.088e-16,-0.0001,2.77,0
FrontS61738,-26.8236,-14.5874,9.113e-20,1.637e-19,3.921e-19,0.0004,3.2,0
FrontS61739,-28.0518,-18.0641,9.781e-20,1.782e-19,4.326e-19,-0.0003,2.7,0
FrontS61742,-26.8977,-17.9746,2.029e-19,3.387e-19,7.119e-19,0.0015,2.74,0
FrontS61743,-25.3894,-20.6217,9.233e-12,8.165e-12,4.512e-12,-0.0006,2.4,1
FrontS61744,-24.3842,-17.1067,4.827e-18,5.609e-18,5.552e-18,0.0007,1.83,0
FrontS61745,-24.8882,-17.6443,2.973e-18,3.671e-18,4.133e-18,0.0,3.57,0
FrontS61748,-25.1750,-18.3667,3.474e-16,8.852e-16,4.360e-15,-0.0001,3.5,0
FrontS61750,-25.8103,-18.2479,4.990e-17,5.105e-17,3.927e-17,0.0004,3.53,0
FrontS61752,-23.3866,-19.4411,1.228e-20,2.299e-20,5.993e-20,0.0007,1.8,0
FrontS61755,-22.4966,-17.8885,4.791e-18,6.023e-18,6.874e-18,0.0007,2.61,0
FrontS61756,-25.4691,-20.9198,1.625e-15,1.284e-15,5.675e-16,-0.0004,2.57,0
FrontS61757,-26.6133,-16.4326,5.185e-19,8.111e-19,1.477e-18,0.0013,2.27,0
FrontS61758,-26.1291,-18.2107,1.631e-18,2.170e-18,2.787e-18,0.001,3.34,0
FrontS61759,-28.0761,-18.1826,1.257e-19,2.142e-19,4.698e-19,0.0005,2.67,0
FrontS61760,-22.0869,-16.8832,1.003e-17,1.163e-17,1.162e-17,0.0008,2.78,0
FrontS61761,-22.5643,-20.1269,3.621e-20,6.656e-20,1.652e-19,-0.0001,1.88,0
FrontS61763,-25.2015,-16.1459,1.952e-16,1.735e-16,1.003e-16,0.0011,1.98,0
FrontS61764,-25.6000,-16.2117,1.409e-16,1.222e-16,6.711e-17,0.0002,2.32,0
FrontS61765,-26.3095,-14.0151,1.217e-11,8.842e-12,3.276e-12,0.0004,1.9,0
FrontS61768,-25.2341,-17.8849,1.241e-20,2.606e-20,8.961e-20,0.0001,3.96,0
FrontS61769,-23.7291,-17.1073,9.427e-20,1.636e-19,3.750e-19,0.0007,1.9,0
FrontS61773,-25.1988,-14.6546,7.513e-17,7.458e-17,5.311e-17,-0.0002,2.65,0
FrontS61775,-26.3981,-19.6465,2.909e-19,4.303e-19,7.219e-19,0.0009,3.27,0
FrontS61776,-28.4662,-17.6836,4.136e-20,7.721e-20,2.031e-19,0.001,2.72,0
FrontS61778,-27.3128,-18.1320,5.651e-17,5.783e-17,4.243e-17,-0.0001,3.36,0
FrontS61781,-30.8282,-17.7485,1.354e-19,2.346e-19,5.318e-19,0.0003,2.7,0
FrontS61783,-27.4945,-15.1099,1.170e-19,1.982e-19,4.425e-19,0.0008,2.88,0
FrontS61784,-24.4782,-17.1697,4.078e-20,8.056e-20,2.317e-19,0.0004,2.99,0
FrontS61786,-27.5958,-18.7876,1.124e-20,2.442e-20,8.917e-20,0.0007,2.05,0
FrontS61788,-25.1542,-18.8067,1.887e-20,3.838e-20,1.190e-19,0.0009,2.64,0
FrontS61791,-21.7129,-16.9304,1.333e-17,1.518e-17,1.468e-17,0.0005,3.58,0
FrontS61792,-22.6019,-17.6496,8.849e-19,1.265e-18,1.837e-18,0.0,2.63,0
FrontS61797,-23.8861,-18.0892,4.575e-20,9.082e-20,2.750e-19,0.0006,2.1,0
FrontS61798,-26.4365,-16.7552,5.045e-17,4.900e-17,3.347e-17,0.0006,2.43,0
FrontS61799,-24.3600,-15.7465,9.498e-18,1.105e-17,1.077e-17,0.0002,2.58,0
FrontS61800,-24.6734,-18.3420,3.537e-16,8.271e-16,3.542e-15,-0.0001,3.12,0
FrontS61801,-27.3212,-18.6414,2.233e-16,1.951e-16,1.088e-16,0.0009,1.79,0
FrontS61806,-28.0295,-17.7655,5.313e-18,6.284e-18,6.154e-18,0.0006,2.06,0
FrontS61807,-25.2412,-16.8948,2.956e-18,3.574e-18,3.927e-18,0.0004,2.81,0
FrontS61810,-25.6776,-17.2802,1.362e-15,1.055e-15,4.693e-16,0.0014,4.16,1
FrontS61813,-26.8356,-18.2902,7.157e-16,1.158e-15,2.333e-15,0.0008,2.17,0
FrontS61819,-24.7059,-18.7303,1.099e-19,1.920e-19,4.327e-19,0.0004,1.55,0
FrontS61820,-28.0253,-17.6096,2.631e-19,4.257e-19,8.078e-19,0.0004,2.82,0
FrontS61821,-25.8821,-19.7192,7.296e-19,1.044e-18,1.601e-18,0.0014,3.2,0
FrontS61822,-28.0557,-19.3033,5.289e-18,6.540e-18,7.251e-18,0.0004,2.71,0
FrontS61823,-26.8838,-19.0219,6.250e-19,9.270e-19,1.475e-18,0.0007,2.41,0
FrontS61825,-24.6146,-16.9514,4.320e-20,8.030e-20,2.122e-19,-0.0001,2.02,0
FrontS61826,-27.6615,-19.1889,4.244e-19,6.386e-19,1.080e-18,0.0007,2.58,0
FrontS61828,-26.1950,-17.2302,3.036e-12,2.046e-12,6.815e-13,0.0012,2.63,0
FrontS61829,-23.7913,-16.9026,4.554e-19,6.673e-19,1.051e-18,0.0003,1.81,0
FrontS61831,-23.8564,-16.4796,1.110e-11,9.255e-12,4.586e-12,0.0008,2.89,1
FrontS61834,-23.6230,-18.0957,1.432e-18,1.884e-18,2.417e-18,0.0007,2.67,0
FrontS61836,-24.2681,-17.6993,6.710e-18,8.079e-18,8.664e-18,0.0008,2.92,0
FrontS61837,-23.0563,-14.1394,8.192e-18,9.429e-18,9.100e-18,0.0004,2.47,0
FrontS61839,-25.4085,-15.2912,1.412e-16,1.331e-16,8.736e-17,0.0004,2.66,0
FrontS61845,-25.6893,-16.2924,4.757e-18,6.000e-18,6.890e-18,0.0012,3.53,0
FrontS61850,-26.0671,-13.4137,5.197e-15,1.516e-14,1.019e-13,0.0001,1.53,0
FrontS61852,-25.6700,-16.3014,4.311e-17,4.453e-17,3.365e-17,-0.0001,2.92,0
FrontS61855,-26.7134,-20.0774,8.967e-19,1.238e-18,1.738e-18,0.0,3.13,0
FrontS61856,-27.4721,-20.0156,4.540e-20,8.623e-20,2.363e-19,-0.0005,3.09,0
FrontS61857,-23.5042,-17.3063,3.263e-18,4.157e-18,4.902e-18,-0.0001,2.1,0
FrontS61859,-26.5425,-15.6387,4.170e-20,8.062e-20,2.306e-19,0.0009,1.39,0
FrontS61860,-26.1060,-16.7740,1.167e-20,2.366e-20,7.260e-20,-0.0002,1.8,0
FrontS61861,-26.9458,-18.6612,2.285e-16,3.921e-16,8.652e-16,0.0005,1.44,0
FrontS61862,-27.1004,-16.7892,3.113e-16,4.561e-16,7.170e-16,0.0006,2.3,0
FrontS61863,-25.7707,-15.1976,9.304e-17,8.839e-17,5.645e-17,0.0004,3.22,0
FrontS61864,-28.2456,-18.4538,2.820e-18,3.706e-18,4.718e-18,0.0007,2.17,0
FrontS61867,-22.0195,-16.9933,1.657e-16,2.344e-16,3.483e-16,0.0,3.04,0
FrontS61869,-28.5481,-19.0063,1.854e-18,2.343e-18,2.833e-18,0.0001,2.63,0
FrontS61871,-27.9876,-19.4341,2.527e-18,3.284e-18,4.071e-18,0.0004,2.33,0
FrontS61872,-25.4070,-13.9551,1.190e-17,1.391e-17,1.389e-17,0.0003,2.55,0
FrontS61873,-26.8161,-18.2911,6.344e-16,1.590e-15,7.910e-15,0.0003,2.5,0
FrontS61875,-29.1573,-16.9016,9.956e-19,1.317e-18,1.723e-18,0.0006,2.68,0
FrontS61876,-26.3288,-19.1331,2.148e-17,2.268e-17,1.848e-17,0.0006,3.07,0
FrontS61877,-28.7564,-18.1244,6.062e-19,8.771e-19,1.356e-18,0.0002,1.33,0
FrontS61878,-24.4826,-14.9977,1.219e-19,2.050e-19,4.233e-19,0.0003,2.63,0
FrontS61879,-26.5472,-14.5714,3.367e-19,5.524e-19,1.108e-18,0.0003,1.8,0
FrontS61880,-24.9418,-17.0068,4.336e-19,6.934e-19,1.319e-18,-0.0002,1.72,0
FrontS61883,-27.2756,-13.5813,3.523e-17,3.511e-17,2.480e-17,0.0001,1.43,0
FrontS61884,-25.8975,-17.3261,2.440e-17,2.577e-17,2.137e-17,0.0006,2.68,0
FrontS61885,-25.2015,-17.2278,5.337e-16,4.495e-16,2.313e-16,0.0011,3.53,0
FrontS61886,-26.5754,-19.6741,1.032e-18,1.467e-18,2.203e-18,0.0004,2.46,0
FrontS61888,-23.9672,-17.2134,2.210e-16,2.047e-16,1.244e-16,0.0004,3.66,0
FrontS61890,-26.1789,-13.0084,2.380e-18,3.178e-18,4.004e-18,0.0011,1.54,0
FrontS61891,-23.0134,-15.4812,6.259e-20,1.181e-19,3.206e-19,0.0002,2.3,0
FrontS61892,-25.3349,-17.9013,4.328e-19,6.487e-19,1.086e-18,0.0002,3.22,0
FrontS61893,-25.5071,-18.1341,2.388e-20,4.473e-20,1.224e-19,0.0001,2.87,0
FrontS61894,-27.1293,-16.4273,5.378e-19,8.742e-19,1.633e-18,0.0006,2.54,0
FrontS61895,-23.9397,-17.7698,1.127e-20,2.452e-20,8.827e-20,0.0007,3.5,0
FrontS61896,-25.0209,-17.9885,7.638e-20,1.501e-19,4.200e-19,0.0016,2.19,0
FrontS61897,-23.3311,-16.2600,9.667e-17,9.227e-17,6.206e-17,0.0007,2.48,0
FrontS61899,-25.9215,-17.7357,9.800e-20,1.731e-19,4.135e-19,0.0007,2.11,0
FrontS61900,-23.9795,-16.7202,2.533e-16,4.531e-16,1.068e-15,0.0003,2.62,0
FrontS61902,-24.3019,-16.3966,2.940e-19,4.738e-19,9.252e-19,-0.0002,2.23,0
FrontS61903,-26.9987,-18.7649,3.445e-20,6.347e-20,1.660e-19,0.0003,1.9,0
FrontS61904,-26.8650,-19.9972,6.763e-20,1.231e-19,3.187e-19,0.0015,3.06,0
FrontS61906,-24.9198,-15.6647,2.128e-16,3.670e-16,8.309e-16,0.0001,2.11,0
FrontS61911,-24.3596,-17.6258,1.181e-19,2.163e-19,5.429e-19,0.0006,3.07,0
FrontS61913,-22.7924,-17.5185,2.253e-20,4.655e-20,1.556e-19,-0.0,2.34,0
FrontS61916,-26.0638,-16.0053,2.162e-18,2.888e-18,3.639e-18,0.0005,2.36,0
FrontS61919,-25.9793,-16.5813,6.100e-20,1.104e-19,2.701e-19,0.0014,3.16,0
FrontS61920,-26.4472,-14.9171,2.857e-16,5.642e-16,1.643e-15,0.0012,2.35,0
FrontS61921,-24.5397,-17.2229,2.872e-20,5.442e-20,1.440e-19,0.001,2.53,0
FrontS61925,-29.7066,-18.0791,2.592e-17,2.690e-17,2.108e-17,0.0007,2.92,0
FrontS61927,-24.9501,-17.1202,2.322e-20,4.758e-20,1.464e-19,0.0002,1.72,0
FrontS61928,-28.8572,-16.9853,5.781e-19,8.297e-19,1.248e-18,0.0002,2.85,0
FrontS61933,-22.6053,-17.3706,1.501e-18,2.093e-18,3.135e-18,0.0003,3.42,0
FrontS61934,-24.3618,-18.9817,2.645e-18,3.449e-18,4.132e-18,-0.0003,3.5,0
FrontS61935,-25.0996,-18.2727,5.444e-18,6.559e-18,6.740e-18,-0.0001,2.36,0
FrontS61936,-27.0441,-18.1853,4.038e-19,5.898e-19,9.195e-19,0.0002,1.82,0
FrontS61938,-24.9039,-16.3980,1.364e-18,1.852e-18,2.527e-18,0.0003,1.79,0
FrontS61939,-26.4678,-17.7452,2.192e-19,3.589e-19,7.400e-19,0.0014,1.53,0
FrontS61940,-26.1794,-13.9462,8.075e-17,7.823e-17,5.438e-17,0.0006,1.6,0
FrontS61942,-25.5873,-19.0539,1.784e-19,2.900e-19,5.838e-19,0.001,1.45,0
FrontS61943,-26.6295,-19.1944,2.304e-18,3.069e-18,4.015e-18,0.0009,3.16,0
FrontS61944,-22.6466,-17.6861,4.076e-17,4.238e-17,3.374e-17,0.0007,3.46,0
FrontS61945,-25.5884,-16.8806,2.710e-16,5.397e-16,1.591e-15,0.0007,3.85,0
FrontS61946,-23.3333,-17.8316,3.191e-19,4.948e-19,8.905e-19,0.0006,2.88,0
FrontS61947,-21.4719,-18.8480,1.895e-18,2.507e-18,3.220e-18,0.0009,2.43,0
FrontS61948,-28.2425,-19.3129,2.079e-16,3.629e-16,8.399e-16,0.0004,3.35,0
FrontS61950,-22.6830,-17.4619,3.378e-16,5.421e-16,1.050e-15,0.0007,3.32,0
FrontS61951,-27.6856,-15.3689,6.825e-18,8.493e-18,9.375e-18,-0.0001,2.75,0
FrontS61953,-23.8637,-16.0969,3.482e-20,6.605e-20,1.802e-19,0.0001,1.6,0
FrontS61955,-26.6079,-16.9203,1.857e-16,3.932e-16,1.366e-15,0.0002,2.58,0
FrontS61956,-23.7654,-15.0969,1.384e-20,2.846e-20,9.507e-20,0.0007,1.64,0
FrontS61957,-23.6598,-14.6091,1.374e-15,1.119e-15,5.422e-16,0.0009,2.29,0
FrontS61958,-27.1178,-17.0970,1.792e-18,2.468e-18,3.442e-18,0.0004,3.41,0
FrontS61959,-25.9477,-18.7206,2.240e-18,3.064e-18,4.261e-18,-0.0002,3.48,0
FrontS61960,-23.5500,-17.9681,2.954e-20,5.939e-20,1.815e-19,-0.0003,1.99,0
FrontS61961,-22.7795,-16.9571,9.915e-19,1.452e-18,2.203e-18,0.0007,1.95,0
FrontS61962,-24.2493,-15.4694,6.130e-20,1.115e-19,2.801e-19,0.0004,2.7,0
FrontS61963,-28.2810,-19.0684,1.021e-17,1.107e-17,9.606e-18,0.0007,2.22,0
FrontS61964,-25.0519,-19.7872,8.712e-12,6.400e-12,2.475e-12,-0.0006,2.49,0
FrontS61965,-27.8435,-18.5851,8.982e-17,8.549e-17,5.708e-17,0.0002,2.53,0
FrontS61966,-25.0040,-20.0626,7.450e-16,1.202e-15,2.278e-15,0.0003,3.55,0
FrontS61967,-25.2792,-14.8326,2.249e-20,4.526e-20,1.442e-19,0.0011,2.47,0
FrontS61968,-25.3330,-16.3411,2.263e-18,2.868e-18,3.391e-18,0.0008,2.92,0
FrontS61969,-25.2932,-19.5802,4.631e-20,8.738e-20,2.333e-19,0.0011,2.36,0
FrontS61971,-22.9542,-14.3895,3.275e-16,5.640e-16,1.244e-15,0.0003,2.43,0
FrontS61972,-28.3592,-16.0505,2.461e-16,3.606e-16,5.984e-16,0.0005,1.47,0
FrontS61973,-24.8533,-18.6239,8.322e-19,1.214e-18,1.928e-18,0.0003,1.55,0
FrontS61974,-25.4836,-13.7606,4.038e-18,4.942e-18,5.554e-18,0.0005,1.73,0
FrontS61977,-28.5162,-16.0562,1.996e-19,3.219e-19,6.179e-19,0.0004,1.45,0
FrontS61979,-24.6807,-17.6942,8.823e-19,1.284e-18,1.926e-18,0.0003,3.25,0
FrontS61981,-24.1267,-15.7583,4.925e-17,5.027e-17,3.811e-17,0.0003,3.55,0
FrontS61983,-24.9472,-17.4564,1.082e-19,1.864e-19,4.272e-19,-0.0,2.01,0
FrontS61984,-25.3905,-16.1979,1.601e-17,1.715e-17,1.431e-17,0.0007,2.71,0
FrontS61986,-29.6790,-16.6016,5.157e-17,5.156e-17,3.695e-17,-0.0,1.71,0
FrontS61988,-25.3943,-17.7361,1.825e-16,4.490e-16,2.024e-15,0.0006,2.41,0
FrontS61989,-28.4746,-19.1936,2.862e-20,5.572e-20,1.698e-19,0.0011,1.64,0
FrontS61992,-26.3460,-16.9494,4.269e-18,5.116e-18,5.483e-18,0.0002,1.7,0
FrontS61994,-25.5566,-16.9451,3.363e-20,6.325e-20,1.737e-19,0.001,3.5,0
FrontS61996,-27.2908,-17.3218,1.442e-19,2.619e-19,6.313e-19,0.0003,1.94,0
FrontS61997,-24.9705,-19.5782,3.839e-16,6.153e-16,1.184e-15,0.0005,3.09,0
FrontS61998,-26.2621,-16.9461,3.566e-19,5.580e-19,1.040e-18,0.0004,2.8,0
FrontS61999,-24.6731,-15.7204,5.348e-20,9.971e-20,2.619e-19,-0.0001,3.48,0
FrontS62000,-26.0329,-16.9143,7.358e-20,1.354e-19,3.438e-19,0.0002,1.93,0
FrontS62001,-25.4000,-16.9165,1.796e-20,3.585e-20,1.061e-19,-0.0002,4.07,0
FrontS62002,-25.6396,-19.2551,7.189e-20,1.305e-19,3.099e-19,0.0011,1.59,0
FrontS62004,-27.7745,-15.3217,4.906e-19,7.110e-19,1.106e-18,-0.0001,2.22,0
FrontS62005,-23.8171,-17.0807,1.727e-16,1.469e-16,7.986e-17,0.0003,2.85,0
FrontS62008,-28.4335,-17.9119,6.140e-20,1.080e-19,2.542e-19,0.001,1.34,0
FrontS62010,-22.5746,-16.0466,1.004e-20,2.088e-20,6.633e-20,0.0004,2.99,0
FrontS62014,-26.6710,-15.4367,2.785e-17,2.999e-17,2.483e-17,0.0003,2.65,0
FrontS62015,-28.0618,-16.0396,4.249e-19,6.367e-19,1.063e-18,0.0007,2.42,0
FrontS62016,-25.6350,-15.7313,1.345e-17,1.421e-17,1.152e-17,0.0002,2.56,0
FrontS62021,-26.7536,-21.6424,1.730e-17,1.912e-17,1.716e-17,0.001,2.2,0
FrontS62022,-26.6123,-16.8199,3.787e-16,7.227e-16,2.055e-15,0.0001,2.81,0
FrontS62025,-29.3950,-18.1721,1.393e-17,1.574e-17,1.457e-17,0.0007,2.93,0
FrontS62026,-28.7924,-20.6867,3.914e-20,6.726e-20,1.521e-19,0.0001,2.2,0
FrontS62028,-25.5300,-19.6017,1.604e-18,2.032e-18,2.465e-18,0.0014,3.63,0
FrontS62030,-27.9401,-17.2389,1.070e-18,1.542e-18,2.402e-18,-0.0005,2.29,0
FrontS62031,-25.7973,-16.7392,5.181e-16,8.761e-16,1.922e-15,0.001,1.65,0
FrontS62032,-24.7175,-16.7418,1.360e-19,2.294e-19,4.971e-19,0.0008,3.18,0
FrontS62033,-23.4953,-19.8558,1.946e-20,3.606e-20,9.298e-20,-0.0002,2.3,0
FrontS62034,-23.8029,-15.2455,4.772e-17,4.692e-17,3.261e-17,-0.0004,3.37,0
FrontS62035,-23.7228,-18.7374,7.251e-19,1.040e-18,1.532e-18,-0.0,1.99,0
FrontS62036,-26.1231,-21.2913,1.367e-20,2.799e-20,8.650e-20,0.0008,2.6,0
FrontS62037,-26.0734,-18.2816,1.998e-20,3.958e-20,1.165e-19,0.0003,1.87,0
FrontS62039,-23.1476,-19.1707,2.869e-13,1.890e-13,5.904e-14,0.0005,3.59,0
FrontS62040,-22.9499,-15.8818,2.172e-20,4.333e-20,1.323e-19,0.0007,3.34,0
FrontS62041,-24.9758,-14.7455,2.071e-20,4.014e-20,1.181e-19,0.0002,3.53,0
FrontS62043,-25.2691,-16.4902,1.509e-19,2.636e-19,5.963e-19,0.0006,2.34,0
FrontS62045,-24.9158,-18.8945,1.379e-17,1.645e-17,1.632e-17,0.0003,2.37,0
FrontS62046,-26.3435,-18.1503,1.139e-17,1.284e-17,1.225e-17,-0.0003,1.97,0
FrontS62048,-25.5060,-18.4622,9.533e-18,1.121e-17,1.127e-17,0.0004,3.11,0
FrontS62049,-26.9489,-16.7910,1.549e-16,2.463e-16,4.518e-16,0.0006,3.06,0
FrontS62051,-27.9110,-14.1141,2.968e-16,4.883e-16,9.699e-16,0.0007,2.56,0
FrontS62053,-27.8095,-15.8420,2.271e-12,1.584e-12,5.720e-13,0.0001,2.1,0
FrontS62054,-25.8832,-16.5517,2.616e-20,4.671e-20,1.123e-19,0.0001,2.6,0
FrontS62057,-26.5470,-15.9468,2.283e-19,3.606e-19,6.715e-19,0.0001,1.85,0
FrontS62059,-21.3553,-15.0774,1.294e-18,1.757e-18,2.321e-18,0.0003,3.57,0
FrontS62060,-26.0244,-20.2697,5.204e-19,8.118e-19,1.483e-18,0.0004,1.91,0
FrontS62062,-27.6040,-18.4587,1.139e-16,1.129e-16,7.984e-17,-0.0005,1.85,0
FrontS62063,-28.3413,-18.5548,2.539e-18,3.114e-18,3.545e-18,0.0003,1.36,0
FrontS62065,-23.5008,-16.6747,5.463e-19,7.980e-19,1.298e-18,0.0002,1.9,0
FrontS62067,-24.6783,-19.8777,4.772e-19,7.130e-19,1.189e-18,0.0007,2.2,0
FrontS62068,-24.5240,-16.5987,3.557e-19,5.517e-19,9.989e-19,0.0003,2.29,0
FrontS62069,-25.8058,-15.3926,3.388e-19,4.907e-19,7.812e-19,0.0011,2.76,0
FrontS62070,-24.3684,-17.7024,1.362e-15,1.094e-15,5.134e-16,0.0001,3.21,0
FrontS62075,-24.7689,-16.3543,1.796e-18,2.474e-18,3.579e-18,0.0,3.12,0
FrontS62076,-26.1454,-17.3579,5.132e-19,7.428e-19,1.187e-18,0.0015,1.75,0
FrontS62077,-28.1605,-15.1198,5.394e-13,8.499e-13,1.595e-12,0.0008,2.08,0
FrontS62078,-28.8424,-16.9804,5.224e-17,5.089e-17,3.430e-17,-0.0003,2.44,0
FrontS62079,-25.9448,-15.4006,3.589e-18,4.463e-18,4.944e-18,0.001,3.33,0
FrontS62080,-25.0768,-15.8654,1.067e-20,2.214e-20,7.320e-20,0.001,1.84,0
FrontS62081,-25.1659,-17.1928,3.221e-19,5.335e-19,1.081e-18,0.0012,1.32,0
FrontS62083,-26.6199,-17.5387,8.083e-17,7.765e-17,5.332e-17,0.0008,2.16,0
FrontS62084,-23.7205,-18.0813,3.216e-17,3.359e-17,2.762e-17,0.0005,2.63,0
FrontS62085,-28.8270,-17.1574,5.807e-20,1.067e-19,2.746e-19,0.0007,3.01,0
FrontS62086,-24.6078,-14.5323,5.530e-18,6.130e-18,5.650e-18,0.0007,2.91,0
FrontS62090,-24.3701,-17.7766,4.178e-19,6.564e-19,1.189e-18,0.0011,3.22,0
FrontS62091,-24.2453,-17.0508,2.031e-18,2.579e-18,3.124e-18,0.0007,3.26,0
FrontS62093,-24.7534,-17.1466,2.619e-16,5.871e-16,2.363e-15,0.0011,3.68,0
FrontS62094,-26.1470,-16.5871,1.757e-17,1.957e-17,1.769e-17,-0.0008,1.58,0
FrontS62097,-24.3971,-15.7683,5.406e-16,4.730e-16,2.626e-16,0.001,2.07,0
FrontS62098,-28.4979,-19.9711,4.824e-17,4.869e-17,3.528e-17,0.0002,2.36,0
FrontS62099,-23.8515,-15.3976,1.513e-17,1.685e-17,1.459e-17,0.0006,1.97,0
FrontS62101,-25.5401,-14.6897,1.118e-17,1.233e-17,1.101e-17,0.0012,2.88,0
FrontS62103,-21.9300,-13.7939,3.825e-19,6.238e-19,1.245e-18,-0.0001,2.82,0
FrontS62104,-25.6711,-18.4656,4.850e-16,6.587e-16,8.670e-16,-0.0005,3.3,0
FrontS62108,-24.2838,-17.8862,3.210e-19,5.294e-19,1.085e-18,-0.0001,3.33,0
FrontS62111,-26.9344,-16.2597,2.731e-17,2.882e-17,2.259e-17,-0.0004,2.62,0
FrontS62115,-25.8184,-17.5837,5.618e-18,7.025e-18,7.675e-18,0.001,2.03,0
FrontS62117,-24.8867,-17.2028,9.332e-18,1.022e-17,9.113e-18,0.0004,3.28,0
FrontS62118,-29.1200,-17.3012,6.904e-19,9.731e-19,1.388e-18,0.0004,1.33,0
FrontS62120,-21.3250,-17.2139,7.948e-18,9.947e-18,1.095e-17,-0.0,2.38,0
FrontS62122,-26.7544,-18.0527,5.400e-20,9.824e-20,2.445e-19,0.001,3.46,0
FrontS62123,-25.0953,-18.0365,8.990e-16,7.168e-16,3.356e-16,0.0007,3.48,0
FrontS62124,-23.7771,-15.4777,1.115e-20,2.361e-20,8.165e-20,0.0008,1.74,0
FrontS62126,-24.9097,-14.7339,1.062e-18,1.468e-18,2.025e-18,0.0005,3.19,0
FrontS62127,-25.1740,-19.2202,3.411e-20,6.819e-20,2.069e-19,0.0006,2.42,0
FrontS62129,-29.0431,-18.6107,3.655e-18,4.649e-18,5.403e-18,0.0001,2.22,0
FrontS62131,-23.6639,-16.6695,9.409e-20,1.641e-19,3.836e-19,0.0011,3.72,0
FrontS62133,-23.4942,-16.5738,8.135e-17,7.848e-17,5.178e-17,0.0002,2.03,0
FrontS62135,-25.7465,-15.9868,2.953e-16,4.780e-16,9.217e-16,0.0011,2.58,0
FrontS62138,-27.0290,-17.6033,4.191e-19,6.507e-19,1.178e-18,0.0003,2.07,0
FrontS62139,-25.2765,-13.9124,7.259e-18,8.248e-18,7.963e-18,0.0001,3.04,0
FrontS62143,-28.3536,-17.4764,7.483e-18,9.621e-18,1.173e-17,-0.0002,1.89,0
FrontS62144,-25.1850,-14.0582,2.280e-16,2.136e-16,1.355e-16,-0.0,3.14,0
FrontS62145,-27.6405,-18.3684,1.611e-15,1.290e-15,5.853e-16,0.0011,2.05,1
FrontS62146,-23.3144,-14.3845,1.379e-16,2.542e-16,6.242e-16,0.0001,2.78,0
FrontS62147,-27.2245,-17.4708,3.814e-18,4.631e-18,4.950e-18,0.0007,2.32,0
FrontS62148,-25.0847,-16.4223,1.293e-11,9.660e-12,3.997e-12,0.001,1.96,1
FrontS62149,-25.0510,-16.9835,2.855e-19,4.420e-19,8.153e-19,0.0015,3.16,0
FrontS62151,-27.2831,-18.4555,1.916e-20,3.494e-20,8.541e-20,0.0015,2.79,0
FrontS62158,-24.7031,-18.4444,8.234e-19,1.138e-18,1.602e-18,0.0002,2.65,0
FrontS62160,-26.0648,-14.9312,7.162e-20,1.316e-19,3.180e-19,0.0005,2.24,0
FrontS62162,-23.8086,-18.5600,1.156e-16,2.369e-16,7.491e-16,0.0003,1.81,0
FrontS62165,-25.5557,-15.7111,5.826e-17,5.888e-17,4.493e-17,0.0003,1.91,0
FrontS62167,-24.0491,-12.9043,4.587e-20,8.762e-20,2.441e-19,0.0008,1.88,0
FrontS62170,-23.9544,-15.6215,4.122e-19,6.039e-19,9.740e-19,0.0,2.83,0
FrontS62172,-23.9741,-17.7062,5.540e-19,8.238e-19,1.324e-18,0.0006,2.58,0
FrontS62173,-26.2621,-14.2602,3.350e-17,3.409e-17,2.559e-17,0.0006,1.45,0
FrontS62175,-28.2290,-20.5497,1.601e-18,2.155e-18,2.776e-18,0.0007,1.54,0
FrontS62176,-25.2162,-19.5787,7.968e-18,8.866e-18,8.004e-18,0.0018,3.38,0
FrontS62177,-24.9410,-19.0321,1.047e-15,2.082e-15,6.397e-15,0.0,1.98,0
FrontS62178,-22.3362,-15.8316,1.386e-18,1.874e-18,2.459e-18,0.0001,3.13,0
FrontS62180,-26.0266,-16.6167,5.489e-18,6.541e-18,6.906e-18,0.0008,3.01,0
FrontS62181,-21.7281,-17.5637,5.833e-20,1.028e-19,2.309e-19,0.0002,3.17,0
FrontS62182,-24.5373,-18.6082,3.927e-16,5.604e-16,8.651e-16,0.002,2.76,0
FrontS62183,-23.6043,-15.6663,1.705e-16,1.516e-16,8.320e-17,0.0009,1.97,0
FrontS62185,-25.8548,-18.4835,4.261e-16,3.672e-16,1.919e-16,0.0005,1.89,0
FrontS62186,-30.1178,-17.4234,2.639e-16,4.453e-16,9.534e-16,0.0008,1.53,0
FrontS62187,-22.0824,-18.4550,4.056e-16,7.998e-16,2.307e-15,0.0004,1.98,0
FrontS62188,-25.2326,-16.5729,1.226e-18,1.749e-18,2.638e-18,0.0006,2.57,0
FrontS62192,-24.3817,-15.7178,5.013e-20,8.984e-20,2.217e-19,0.0002,1.71,0
FrontS62195,-28.0345,-17.3360,9.256e-18,1.089e-17,1.103e-17,0.0003,1.31,0
FrontS62196,-31.1063,-18.3674,1.737e-20,3.969e-20,1.527e-19,0.0006,1.23,0
FrontS62198,-27.3521,-16.9847,3.549e-18,4.523e-18,5.383e-18,0.0007,2.86,0
FrontS62199,-27.7672,-19.3105,1.731e-20,3.382e-20,9.799e-20,0.0008,2.88,0
FrontS62200,-25.3878,-19.3565,1.126e-18,1.584e-18,2.274e-18,0.0001,1.53,0
FrontS62201,-29.8122,-16.8894,1.669e-19,2.814e-19,5.834e-19,0.0006,1.62,0
FrontS62204,-26.8228,-16.5915,2.410e-20,4.780e-20,1.453e-19,0.0,2.53,0
FrontS62205,-24.0593,-15.3576,5.562e-18,6.721e-18,6.993e-18,0.0016,3.32,0
FrontS62206,-27.9810,-17.1083,2.207e-17,2.446e-17,2.155e-17,0.0003,2.47,0
FrontS62209,-26.0009,-19.6203,5.558e-19,8.485e-19,1.464e-18,0.0007,3.06,0
FrontS62211,-23.9191,-16.6784,7.086e-16,6.124e-16,3.380e-16,0.0,2.2,0
FrontS62213,-25.4817,-18.6963,1.351e-12,9.079e-13,2.917e-13,0.0004,3.4,0
FrontS62215,-26.1151,-18.5718,4.416e-20,7.928e-20,1.865e-19,0.0012,3.55,0
FrontS62216,-22.9649,-18.3181,1.333e-16,1.215e-16,7.509e-17,0.0006,2.34,0
FrontS62217,-22.8675,-15.6200,1.123e-16,1.065e-16,7.181e-17,0.0006,3.02,0
FrontS62218,-24.4086,-17.3646,7.395e-12,5.308e-12,1.948e-12,0.0,2.25,0
FrontS62219,-23.5712,-18.1583,1.413e-20,2.828e-20,8.620e-20,0.0006,3.44,0
FrontS62220,-27.0303,-17.4834,1.518e-19,2.645e-19,5.759e-19,0.0009,2.03,0
FrontS62222,-24.1682,-15.7932,4.274e-20,7.594e-20,1.809e-19,-0.0001,2.09,0
FrontS62223,-26.1613,-18.6698,8.778e-17,1.334e-16,2.287e-16,0.0007,3.53,0
FrontS62224,-22.4400,-15.8758,5.699e-19,8.453e-19,1.358e-18,0.0004,3.51,0
FrontS62225,-24.6730,-15.2677,5.261e-18,6.338e-18,6.805e-18,0.0002,3.25,0
FrontS62227,-24.8046,-14.6475,1.723e-20,3.377e-20,1.006e-19,0.0013,3.54,0
FrontS62228,-28.3971,-19.6212,4.116e-18,4.898e-18,5.186e-18,0.0006,1.87,0
FrontS62229,-23.5598,-14.7618,1.250e-20,2.532e-20,7.898e-20,0.0014,2.1,0
FrontS62232,-30.7039,-16.2222,1.684e-20,3.507e-20,1.149e-19,0.0012,1.46,0
FrontS62233,-27.3147,-19.2458,2.025e-20,4.269e-20,1.457e-19,0.0011,1.86,0
FrontS62234,-26.0774,-17.7126,1.183e-16,2.006e-16,4.464e-16,0.0004,2.33,0
FrontS62238,-25.1760,-16.6657,3.928e-19,5.904e-19,9.946e-19,-0.0004,1.52,0
FrontS62241,-25.0836,-15.7521,7.167e-20,1.307e-19,3.313e-19,0.001,3.05,0
FrontS62242,-26.1363,-15.9815,9.663e-20,1.745e-19,4.154e-19,0.0009,2.85,0
FrontS62243,-24.2487,-17.2045,2.739e-16,2.451e-16,1.445e-16,0.0004,1.95,0
FrontS62246,-24.9780,-17.1052,1.873e-20,3.797e-20,1.148e-19,0.0011,1.07,0
FrontS62247,-27.7692,-16.5053,7.636e-18,8.698e-18,7.985e-18,0.0007,2.76,0
FrontS62248,-26.5071,-14.2085,1.693e-19,2.774e-19,5.735e-19,0.0011,2.72,0
FrontS62249,-22.6720,-14.5241,1.362e-18,1.777e-18,2.250e-18,0.0008,2.3,0
FrontS62250,-24.6615,-18.9414,2.757e-20,5.244e-20,1.478e-19,0.0003,2.92,0
FrontS62251,-25.1188,-15.5507,4.560e-20,8.080e-20,1.963e-19,0.0009,2.02,0
FrontS62252,-26.0166,-15.0614,4.390e-20,8.008e-20,1.998e-19,0.0013,1.6,0
FrontS62253,-26.4954,-16.6009,3.121e-19,4.866e-19,9.062e-19,-0.0002,3.39,0
FrontS62254,-26.0191,-17.3787,6.342e-18,8.418e-18,1.090e-17,0.0008,3.07,0
FrontS62257,-26.4681,-17.7529,3.017e-20,5.938e-20,1.716e-19,0.0009,2.8,0
FrontS62260,-26.2011,-18.5336,4.959e-16,7.428e-16,1.197e-15,0.0001,1.44,0
FrontS62261,-25.1833,-17.3054,1.176e-17,1.362e-17,1.318e-17,0.0004,2.06,0
FrontS62263,-23.8360,-16.4236,1.294e-19,2.187e-19,4.727e-19,0.001,2.81,0
FrontS62264,-21.9124,-17.2628,2.932e-20,5.826e-20,1.805e-19,0.0001,3.0,0
FrontS62265,-27.6959,-14.5600,5.397e-17,5.415e-17,3.822e-17,0.0001,1.55,0
FrontS62266,-25.3759,-17.8749,1.613e-15,1.264e-15,5.631e-16,0.0013,2.55,0
FrontS62267,-25.9622,-18.2654,2.061e-20,4.427e-20,1.528e-19,0.001,1.76,0
FrontS62269,-24.7559,-18.3281,3.162e-18,3.973e-18,4.386e-18,0.0007,2.57,0
FrontS62271,-29.2477,-18.6176,1.100e-17,1.207e-17,1.048e-17,0.0001,1.78,0
FrontS62274,-25.2867,-16.9764,3.166e-18,4.312e-18,5.674e-18,0.0008,1.83,0
FrontS62275,-26.9732,-18.7183,3.611e-20,7.478e-20,2.453e-19,0.0001,1.34,0
FrontS62276,-24.8774,-15.2153,3.548e-19,5.391e-19,9.513e-19,0.0008,1.61,0
FrontS62277,-27.2999,-20.0688,9.815e-19,1.374e-18,1.993e-18,0.0005,1.43,0
FrontS62278,-27.5648,-19.6298,1.383e-16,2.130e-16,3.802e-16,0.0012,1.92,0
FrontS62280,-23.4924,-17.8055,4.739e-18,6.345e-18,8.302e-18,0.0002,2.97,0
FrontS62282,-24.6059,-17.6388,3.423e-20,7.004e-20,2.239e-19,0.0001,2.35,0
FrontS62283,-23.7624,-13.6468,8.409e-20,1.470e-19,3.234e-19,0.0008,2.25,0
FrontS62284,-23.9886,-15.7973,5.844e-20,1.037e-19,2.468e-19,0.0007,3.51,0
FrontS62286,-26.1291,-19.8283,4.141e-19,6.049e-19,9.789e-19,0.0012,2.4,0
FrontS62288,-25.2669,-18.7548,6.012e-20,1.087e-19,2.668e-19,0.0003,3.55,0
FrontS62291,-25.5504,-19.0458,2.341e-20,4.524e-20,1.272e-19,0.0004,2.84,0
FrontS62293,-24.7377,-19.0288,3.440e-17,3.397e-17,2.425e-17,0.0006,2.12,0
FrontS62295,-27.9390,-16.3394,1.413e-19,2.342e-19,4.691e-19,0.0003,2.78,0
FrontS62296,-23.8541,-14.4764,1.014e-19,1.759e-19,3.913e-19,0.0003,1.58,0
FrontS62297,-25.5099,-16.6483,2.648e-20,5.215e-20,1.565e-19,-0.0003,1.75,0
FrontS62298,-24.9731,-16.7512,1.024e-18,1.445e-18,2.084e-18,0.0007,2.8,0
FrontS62300,-22.8435,-17.0765,4.880e-12,3.330e-12,1.090e-12,0.0003,1.9,0
FrontS62301,-27.2546,-19.2427,4.597e-17,4.750e-17,3.783e-17,0.001,1.59,0
FrontS62303,-29.2634,-16.6673,2.546e-18,3.272e-18,3.890e-18,-0.0002,2.64,0
FrontS62304,-24.4487,-16.5346,2.284e-20,4.268e-20,1.158e-19,0.0006,3.33,0
FrontS62306,-24.1699,-17.2825,1.111e-18,1.595e-18,2.450e-18,-0.0003,2.15,0
FrontS62307,-26.7979,-18.3008,1.278e-18,1.729e-18,2.272e-18,0.0004,2.7,0
FrontS62310,-24.6258,-16.1126,7.607e-16,6.745e-16,3.832e-16,0.0005,3.62,0
FrontS62313,-23.8004,-19.4280,1.980e-18,2.736e-18,3.703e-18,0.0015,2.86,0
FrontS62314,-26.6931,-16.5876,1.550e-16,1.484e-16,9.612e-17,0.0002,1.44,0
FrontS62316,-25.3419,-16.5081,1.908e-17,2.131e-17,1.848e-17,0.0009,3.05,0
FrontS62319,-23.6707,-19.4221,2.300e-19,3.569e-19,6.476e-19,0.001,2.37,0
FrontS62321,-25.7975,-14.3496,1.654e-17,1.893e-17,1.769e-17,0.0011,3.46,0
FrontS62322,-26.8671,-19.7267,3.510e-20,6.382e-20,1.625e-19,0.001,1.8,0
FrontS62324,-25.9145,-17.3197,5.527e-19,8.419e-19,1.453e-18,0.0013,3.42,0
FrontS62325,-26.1517,-17.3457,1.648e-19,2.888e-19,6.429e-19,-0.0003,3.75,0
FrontS62327,-26.8950,-19.3200,7.634e-16,6.196e-16,2.945e-16,0.0002,2.75,0
FrontS62330,-27.9445,-20.3657,3.444e-16,2.830e-16,1.352e-16,0.0005,2.76,0
FrontS62331,-26.0649,-18.4630,8.173e-18,9.380e-18,8.921e-18,0.0007,3.44,0
FrontS62333,-25.5655,-15.9641,3.739e-19,6.113e-19,1.172e-18,0.0001,1.64,0
FrontS62335,-29.0924,-18.3571,3.594e-16,6.996e-16,1.977e-15,0.0011,2.13,0
FrontS62337,-25.8622,-13.7314,1.105e-17,1.264e-17,1.233e-17,0.0009,2.63,0
FrontS62341,-22.5966,-16.0208,1.995e-17,2.189e-17,1.903e-17,0.0005,2.89,0
FrontS62343,-21.1001,-15.6186,1.127e-19,2.106e-19,5.628e-19,-0.0005,3.04,0
FrontS62344,-26.0177,-19.0664,5.357e-18,6.695e-18,7.743e-18,0.0007,1.51,0
FrontS62347,-27.6861,-18.8165,6.466e-20,1.215e-19,3.201e-19,0.0008,2.12,0
FrontS62348,-20.7409,-16.8757,2.912e-18,3.530e-18,3.885e-18,0.0009,2.48,0
FrontS62350,-24.1859,-17.7285,2.158e-20,4.435e-20,1.422e-19,-0.0002,2.64,0
FrontS62351,-24.4677,-22.1958,5.914e-19,9.569e-19,1.768e-18,0.0009,2.65,0
FrontS62353,-26.2664,-17.0042,3.402e-19,5.297e-19,9.283e-19,0.0014,3.31,0
FrontS62355,-25.9073,-15.9897,2.192e-20,4.557e-20,1.472e-19,0.0004,3.49,0
FrontS62356,-26.1796,-17.7036,3.635e-17,3.649e-17,2.683e-17,0.0004,2.58,0
FrontS62357,-24.9134,-16.6729,9.869e-19,1.430e-18,2.282e-18,0.0005,3.15,0
FrontS62359,-27.3167,-18.4669,2.171e-17,2.454e-17,2.267e-17,0.001,3.06,0
FrontS62361,-25.9455,-19.1884,2.056e-15,1.570e-15,6.348e-16,0.0006,2.56,1
FrontS62362,-24.2470,-18.3174,2.714e-17,3.020e-17,2.627e-17,-0.0002,3.23,0
FrontS62364,-24.8152,-17.5663,7.014e-17,6.818e-17,4.721e-17,0.0014,1.73,0
FrontS62365,-27.0260,-16.9408,1.365e-16,2.505e-16,6.453e-16,0.0003,1.91,0
FrontS62367,-26.2296,-16.6332,2.463e-16,2.062e-16,1.084e-16,0.0006,3.13,0
FrontS62368,-22.5290,-15.2433,2.041e-16,1.941e-16,1.215e-16,0.0001,1.9,0
FrontS62370,-29.0279,-13.9476,1.287e-15,9.783e-16,4.173e-16,0.0003,1.42,0
FrontS62371,-23.1886,-15.9916,3.873e-18,4.690e-18,5.165e-18,0.0012,3.42,0
FrontS62373,-27.1221,-16.3456,9.059e-17,8.363e-17,5.240e-17,0.0,2.98,0
FrontS62375,-25.0140,-14.3290,2.562e-18,3.315e-18,4.008e-18,0.0008,2.25,0
FrontS62377,-22.6842,-17.9279,1.305e-17,1.442e-17,1.310e-17,0.0003,1.82,0
FrontS62378,-24.4777,-16.1343,2.876e-12,1.949e-12,6.412e-13,0.0009,3.8,0
FrontS62379,-23.4863,-20.3721,7.421e-20,1.399e-19,3.621e-19,0.0005,3.59,0
FrontS62380,-26.3065,-19.2607,3.731e-17,3.741e-17,2.781e-17,0.0003,3.42,0
FrontS62381,-24.2746,-16.7372,2.141e-18,2.928e-18,3.949e-18,0.0005,2.88,0
FrontS62382,-28.1545,-17.5629,1.600e-18,2.002e-18,2.263e-18,0.0008,3.02,0
FrontS62383,-24.0968,-15.1816,7.765e-19,1.069e-18,1.544e-18,0.0003,2.57,0
FrontS62384,-26.1017,-19.8232,9.519e-19,1.338e-18,1.994e-18,0.0011,2.96,0
FrontS62386,-24.0454,-17.3897,8.808e-18,1.045e-17,1.044e-17,0.001,3.55,0
FrontS62387,-26.7730,-17.0933,3.679e-20,7.040e-20,2.050e-19,0.0001,3.09,0
FrontS62388,-24.5480,-17.9925,1.098e-20,2.224e-20,6.963e-20,0.0011,1.69,0
FrontS62390,-25.1949,-16.4106,4.174e-20,8.265e-20,2.400e-19,0.0002,3.12,0
FrontS62391,-25.9541,-20.7192,4.144e-12,2.839e-12,9.904e-13,0.0004,2.88,0
FrontS62392,-24.9695,-14.5669,1.330e-19,2.245e-19,4.824e-19,0.0004,2.5,0
FrontS62395,-28.0122,-15.3615,1.888e-19,3.217e-19,7.199e-19,0.0006,2.08,0
FrontS62399,-30.2449,-17.9622,2.610e-17,2.905e-17,2.637e-17,-0.0003,2.47,0
FrontS62400,-24.4779,-15.8297,2.766e-17,2.914e-17,2.340e-17,0.0003,2.86,0
FrontS62402,-25.0288,-16.8889,3.273e-16,6.725e-16,2.142e-15,0.0001,3.76,0
FrontS62403,-24.5638,-14.9391,8.114e-17,8.125e-17,5.883e-17,0.0008,3.33,0
FrontS62404,-27.3490,-16.5329,1.938e-18,2.522e-18,3.079e-18,0.0001,1.57,0
FrontS62405,-22.6396,-17.6434,6.132e-19,9.326e-19,1.595e-18,0.001,3.14,0
FrontS62406,-25.1403,-15.1716,3.813e-20,7.179e-20,1.907e-19,-0.0003,2.2,0
FrontS62409,-26.3205,-18.5258,1.106e-19,1.942e-19,4.433e-19,0.0009,2.12,0
FrontS62410,-25.6359,-16.9158,7.485e-19,1.098e-18,1.722e-18,0.0014,1.51,0
FrontS62411,-25.3993,-19.2181,1.580e-17,1.663e-17,1.345e-17,0.0009,2.06,0
FrontS62412,-26.7024,-17.0110,8.628e-18,1.025e-17,1.053e-17,0.0,1.79,0
FrontS62414,-23.3117,-14.0865,8.753e-12,6.748e-12,2.960e-12,0.0003,2.3,1
FrontS62415,-24.8595,-16.4830,1.575e-16,2.538e-16,4.952e-16,0.0008,1.86,0
FrontS62417,-27.3588,-18.3271,1.694e-19,2.543e-19,4.282e-19,0.0005,1.86,0
FrontS62419,-25.4989,-16.0328,9.151e-20,1.573e-19,3.516e-19,0.0004,3.33,0
FrontS62420,-26.0399,-17.2503,8.199e-18,9.464e-18,9.492e-18,0.0001,3.44,1
FrontS62423,-25.8285,-16.1229,2.545e-19,4.003e-19,7.305e-19,0.0013,1.96,0
FrontS62424,-23.1117,-15.0066,1.226e-18,1.646e-18,2.186e-18,-0.0001,3.42,0
FrontS62427,-25.9990,-15.9132,1.385e-17,1.523e-17,1.369e-17,0.0012,1.43,0
FrontS62428,-28.8436,-19.0614,1.462e-18,2.047e-18,3.017e-18,0.0012,2.35,0
FrontS62429,-25.3218,-17.4522,2.481e-17,2.547e-17,1.903e-17,0.001,2.05,0
FrontS62431,-23.5372,-14.8592,5.208e-20,9.093e-20,2.034e-19,0.0006,2.84,0
FrontS62432,-24.7934,-19.2802,2.296e-19,3.890e-19,8.464e-19,0.0006,2.95,0
FrontS62434,-27.6210,-17.2803,3.755e-17,3.892e-17,3.038e-17,0.0004,2.19,0
FrontS62436,-24.3936,-15.1042,2.054e-11,1.700e-11,8.822e-12,-0.0,2.96,1
FrontS62437,-24.3181,-17.5076,5.073e-19,7.530e-19,1.203e-18,0.0008,3.6,0
FrontS62441,-22.6480,-16.5714,7.312e-19,1.036e-18,1.584e-18,0.0011,3.77,0
FrontS62444,-24.1021,-18.4606,1.724e-17,1.835e-17,1.517e-17,0.0006,2.6,0
FrontS62445,-24.4395,-19.2696,1.079e-17,1.263e-17,1.228e-17,-0.0002,1.95,0
FrontS62446,-23.6965,-16.2210,1.528e-18,2.030e-18,2.590e-18,-0.0002,2.37,0
FrontS62447,-23.8479,-17.1041,2.266e-20,4.135e-20,1.037e-19,0.0,3.4,0
FrontS62448,-25.4020,-15.5917,9.185e-19,1.303e-18,1.854e-18,0.0003,3.02,0
FrontS62449,-27.0718,-16.3385,1.840e-19,2.870e-19,5.288e-19,0.0005,3.24,0
FrontS62451,-27.5620,-15.8132,9.208e-18,1.014e-17,9.019e-18,0.001,2.83,0
FrontS62452,-27.5769,-19.3453,1.863e-20,3.905e-20,1.270e-19,0.0008,1.54,0
FrontS62453,-26.2463,-17.5081,2.344e-19,3.667e-19,6.451e-19,0.001,1.79,0
FrontS62454,-25.2464,-18.8602,7.502e-16,2.209e-15,1.486e-14,-0.0003,2.02,0
FrontS62455,-25.0543,-16.2677,1.033e-17,1.191e-17,1.164e-17,0.0004,2.82,0
FrontS62458,-25.9263,-17.0533,1.178e-16,1.066e-16,6.101e-17,0.0009,2.22,0
FrontS62460,-26.5640,-16.6952,6.081e-19,9.274e-19,1.594e-18,0.0005,2.37,0
FrontS62461,-28.1572,-19.1341,5.173e-18,6.487e-18,7.305e-18,0.0007,1.93,0
FrontS62464,-24.1472,-15.2318,1.811e-17,2.050e-17,1.885e-17,0.0006,3.42,0
FrontS62465,-25.1192,-14.1614,2.432e-18,3.131e-18,3.738e-18,0.0013,2.9,0
FrontS62466,-25.7472,-16.0205,2.539e-16,2.240e-16,1.259e-16,0.0013,2.04,0
FrontS62467,-24.8723,-15.8548,6.948e-12,4.875e-12,1.722e-12,0.0003,1.72,0
FrontS62470,-26.1703,-19.1264,1.324e-20,2.819e-20,9.557e-20,0.0008,2.9,0
FrontS62472,-23.8771,-16.4992,1.567e-16,3.071e-16,8.574e-16,0.0002,2.04,0
FrontS62473,-23.2470,-16.8163,8.694e-20,1.559e-19,3.861e-19,0.0002,2.53,0
FrontS62474,-24.3230,-15.8005,1.295e-16,1.154e-16,6.507e-17,0.0003,3.3,0
FrontS62475,-26.1779,-18.0649,2.557e-20,5.165e-20,1.638e-19,0.0004,2.19,0
FrontS62476,-26.5998,-15.1875,7.325e-18,8.992e-18,9.617e-18,0.0008,1.6,0
FrontS62477,-24.3725,-16.2281,5.074e-18,5.979e-18,5.928e-18,-0.0,2.05,0
FrontS62478,-26.6380,-17.1024,7.939e-19,1.152e-18,1.845e-18,0.0002,3.27,0
FrontS62479,-28.1304,-18.2237,5.499e-18,6.178e-18,5.887e-18,0.0009,2.18,0
FrontS62480,-25.5946,-15.9576,2.193e-20,4.684e-20,1.574e-19,-0.0003,3.61,0
FrontS62481,-25.6295,-16.1290,4.472e-20,8.454e-20,2.322e-19,0.0001,3.57,0
FrontS62483,-26.8477,-19.3185,2.788e-17,4.995e-17,1.218e-16,-0.0001,2.27,0
FrontS62484,-27.0413,-15.3177,3.056e-19,4.765e-19,8.401e-19,0.0014,1.66,0
FrontS62486,-22.5201,-15.7290,1.463e-17,1.698e-17,1.651e-17,-0.0001,3.62,0
FrontS62487,-28.6741,-17.0844,7.662e-16,6.005e-16,2.705e-16,0.0008,2.42,0
FrontS62491,-26.8397,-19.4999,1.253e-17,1.379e-17,1.197e-17,-0.0009,2.44,0
FrontS62494,-23.7686,-15.7270,1.594e-20,3.379e-20,1.119e-19,0.0006,1.92,0
FrontS62495,-27.7061,-18.7650,2.001e-16,3.168e-16,5.946e-16,-0.0002,2.1,0
FrontS62498,-25.8727,-16.9582,1.082e-19,1.856e-19,4.175e-19,0.0014,2.33,0
FrontS62499,-29.3175,-18.1699,5.851e-20,1.039e-19,2.505e-19,0.0002,2.17,0
FrontS62501,-26.8485,-18.3098,2.647e-17,2.778e-17,2.162e-17,0.0011,1.55,0
FrontS62504,-24.2057,-15.9318,9.750e-19,1.454e-18,2.363e-18,0.001,1.86,0
FrontS62505,-23.5189,-17.1815,8.256e-20,1.443e-19,3.369e-19,0.0005,2.02,0
FrontS62507,-24.4697,-19.1173,3.451e-19,5.612e-19,1.142e-18,0.0013,3.18,0
FrontS62510,-24.4394,-16.6665,1.829e-19,2.953e-19,5.689e-19,0.0008,2.14,0
FrontS62512,-27.7320,-20.6410,1.319e-15,1.020e-15,4.437e-16,0.0012,2.55,0
FrontS62520,-27.6435,-17.3692,1.232e-18,1.744e-18,2.564e-18,0.0008,1.38,0
FrontS62521,-24.8719,-14.9390,3.013e-16,5.081e-16,1.043e-15,0.0007,2.62,0
FrontS62524,-28.8879,-15.7126,1.143e-17,1.256e-17,1.111e-17,0.0008,1.38,0
FrontS62527,-26.6292,-15.9756,4.812e-17,4.976e-17,3.883e-17,0.0005,3.04,0
FrontS62528,-24.9521,-17.6399,8.375e-20,1.507e-19,3.728e-19,-0.0002,3.38,0
FrontS62530,-23.3417,-18.4132,1.218e-20,2.328e-20,6.429e-20,0.0007,3.0,0
FrontS62531,-26.3391,-19.2165,4.109e-17,3.993e-17,2.795e-17,-0.0,2.06,0
FrontS62534,-29.4537,-18.3514,1.724e-20,3.207e-20,8.545e-20,0.0008,2.64,0
FrontS62535,-27.8041,-16.6250,7.800e-19,1.113e-18,1.651e-18,0.0014,2.48,0
FrontS62536,-23.4993,-16.9743,9.402e-18,1.088e-17,1.044e-17,-0.0002,3.02,0
FrontS62537,-26.2087,-18.3819,2.087e-16,3.874e-16,9.857e-16,0.001,1.58,0
FrontS62541,-25.1540,-16.5662,1.659e-20,3.435e-20,1.110e-19,0.0006,3.55,0
FrontS62545,-25.0054,-17.6360,1.412e-17,1.525e-17,1.302e-17,0.0007,1.97,0
FrontS62546,-27.5433,-18.4143,4.463e-19,6.967e-19,1.266e-18,0.0009,1.69,0
FrontS62547,-25.2670,-17.0927,1.828e-20,3.735e-20,1.212e-19,0.0002,2.54,0
FrontS62548,-25.5660,-15.1111,2.662e-17,2.673e-17,2.026e-17,0.0003,2.65,0
FrontS62550,-24.4911,-16.0923,8.139e-19,1.179e-18,1.819e-18,0.0004,2.82,0
FrontS62551,-26.3863,-20.0155,2.603e-17,2.747e-17,2.233e-17,0.0003,2.66,0
FrontS62552,-25.3576,-15.3300,2.659e-20,4.971e-20,1.385e-19,0.0004,2.33,0
FrontS62553,-28.8745,-18.7758,1.575e-19,2.453e-19,4.499e-19,0.0004,3.04,0
FrontS62554,-26.4286,-20.2531,5.904e-19,8.522e-19,1.291e-18,0.0008,3.12,0
FrontS62555,-24.0511,-19.4461,2.159e-16,4.301e-16,1.255e-15,0.0,3.5,0
FrontS62556,-26.6677,-16.3654,1.324e-11,1.202e-11,7.074e-12,0.0003,1.36,1
FrontS62557,-23.6620,-18.5201,4.321e-16,6.257e-16,9.669e-16,-0.0004,2.13,0
FrontS62559,-25.3524,-20.5559,4.054e-19,6.381e-19,1.161e-18,-0.0003,3.59,0
FrontS62560,-24.2879,-20.2354,2.786e-16,4.138e-16,6.790e-16,-0.0,2.58,0
FrontS62563,-28.4237,-20.5003,1.659e-20,3.375e-20,1.050e-19,0.0008,2.61,0
FrontS62564,-25.3624,-17.5641,3.140e-17,3.301e-17,2.708e-17,0.0006,3.61,0
FrontS62565,-26.8891,-16.8426,1.577e-19,2.809e-19,6.617e-19,0.0002,1.85,0
FrontS62568,-26.7431,-16.0713,1.166e-17,1.257e-17,1.071e-17,0.0003,2.06,0
FrontS62569,-24.9041,-19.9238,1.630e-18,2.230e-18,3.051e-18,0.0006,3.02,0
FrontS62571,-27.1022,-16.9866,1.919e-12,1.267e-12,4.157e-13,-0.0002,2.06,0
FrontS62572,-22.5837,-16.7389,5.731e-19,8.576e-19,1.417e-18,-0.001,2.01,0
FrontS62574,-24.8247,-18.9177,2.210e-19,3.436e-19,5.994e-19,0.001,3.43,0
FrontS62575,-27.1238,-17.5445,1.810e-18,2.222e-18,2.502e-18,0.0013,3.34,0
FrontS62579,-26.4607,-15.8058,4.840e-20,8.946e-20,2.276e-19,0.0001,2.7,0
FrontS62580,-28.8502,-18.3602,1.290e-19,2.254e-19,5.335e-19,0.0007,1.2,0
FrontS62585,-25.9943,-17.0473,8.462e-20,1.562e-19,3.993e-19,0.0004,1.68,0
FrontS62587,-23.5014,-19.7231,4.972e-16,4.147e-16,2.053e-16,-0.0,3.33,0
FrontS62588,-25.1697,-15.9736,7.857e-17,1.270e-16,2.470e-16,0.0005,2.55,0
FrontS62589,-24.2747,-14.6173,7.567e-20,1.400e-19,3.665e-19,0.0001,2.72,0
FrontS62590,-25.1576,-19.0683,4.312e-20,8.020e-20,2.022e-19,0.0001,3.21,0
FrontS62592,-24.7870,-17.1190,5.950e-19,8.857e-19,1.470e-18,0.0005,2.67,0
FrontS62593,-24.8443,-18.2002,2.925e-19,4.396e-19,7.495e-19,-0.0003,2.57,0
FrontS62595,-25.6579,-17.2629,1.110e-15,2.736e-15,1.296e-14,0.0004,1.28,0
FrontS62597,-26.9434,-16.9250,2.281e-18,3.076e-18,4.183e-18,0.0009,1.31,0
FrontS62602,-27.8496,-19.8072,2.502e-16,2.179e-16,1.240e-16,0.0012,2.43,0
FrontS62603,-25.1621,-17.0201,1.004e-20,2.014e-20,6.288e-20,-0.0002,3.46,0
FrontS62604,-27.3622,-17.1383,4.832e-20,8.211e-20,1.787e-19,0.0009,2.31,0
FrontS62608,-21.4009,-15.1733,3.815e-16,6.625e-16,1.514e-15,0.0011,3.31,0
FrontS62611,-25.8115,-16.9218,2.889e-19,4.545e-19,8.527e-19,0.0003,2.72,0
FrontS62612,-25.8372,-18.0087,2.356e-16,4.471e-16,1.207e-15,0.0004,3.6,0
FrontS62613,-23.8524,-17.3311,5.706e-20,1.021e-19,2.426e-19,0.0004,2.78,0
FrontS62619,-25.6097,-16.9719,1.662e-17,1.781e-17,1.473e-17,0.0006,2.45,0
FrontS62620,-24.2973,-18.2067,1.308e-17,1.455e-17,1.304e-17,0.0018,1.97,0
FrontS62621,-23.4189,-17.2001,1.159e-16,2.557e-16,9.826e-16,0.0003,1.84,0
FrontS62625,-23.3026,-17.5031,1.805e-17,1.970e-17,1.668e-17,-0.0002,2.42,0
FrontS62626,-25.5373,-17.4529,8.191e-17,8.320e-17,6.278e-17,0.0008,1.65,0
FrontS62628,-28.1592,-15.4887,1.014e-18,1.372e-18,1.821e-18,0.0014,2.37,0
FrontS62630,-23.5241,-18.8356,1.263e-19,2.228e-19,5.125e-19,0.0001,3.26,0
FrontS62631,-24.3994,-18.8252,7.726e-19,1.066e-18,1.504e-18,0.0005,1.75,0
FrontS62633,-27.6815,-16.2530,2.721e-20,5.249e-20,1.503e-19,0.0003,1.53,0
FrontS62634,-28.1026,-17.0006,2.447e-18,3.057e-18,3.518e-18,0.0008,2.48,0
FrontS62635,-27.5240,-19.3984,1.080e-18,1.562e-18,2.310e-18,-0.0002,2.4,0
FrontS62640,-24.9186,-17.1813,1.378e-16,2.329e-16,4.881e-16,0.0008,1.84,0
FrontS62641,-23.5630,-19.4462,5.928e-18,7.129e-18,7.521e-18,-0.0004,1.87,0
FrontS62644,-24.0002,-17.7275,1.133e-16,2.513e-16,9.536e-16,0.0004,3.23,0
FrontS62645,-27.5022,-21.9624,3.213e-18,4.057e-18,4.866e-18,0.0002,2.9,0
FrontS62646,-25.7984,-18.3160,1.607e-16,2.484e-16,4.451e-16,0.0006,1.41,0
FrontS62647,-25.2910,-17.1831,1.328e-20,2.658e-20,7.893e-20,-0.0004,2.26,0
FrontS62648,-27.5270,-16.4385,1.253e-20,2.753e-20,1.061e-19,0.0012,1.23,0
FrontS62650,-27.2919,-14.3941,1.507e-20,3.201e-20,1.119e-19,0.0001,2.3,0
FrontS62655,-25.9946,-19.7386,5.273e-20,9.120e-20,2.106e-19,-0.0005,2.93,0
FrontS62658,-26.7963,-18.4260,4.990e-18,5.943e-18,6.008e-18,0.0004,1.48,0
FrontS62660,-26.2153,-13.2654,1.926e-17,2.151e-17,1.919e-17,0.0014,2.19,0
FrontS62662,-24.1189,-17.7051,3.664e-20,6.929e-20,1.902e-19,0.001,2.92,0
FrontS62666,-25.3264,-17.9868,7.219e-20,1.294e-19,3.001e-19,0.0004,3.27,0
FrontS62667,-28.3917,-17.5744,1.210e-11,8.983e-12,3.682e-12,0.0011,1.68,0
FrontS62669,-26.3245,-15.0437,6.451e-20,1.206e-19,3.219e-19,0.0011,3.17,0
FrontS62670,-22.0713,-16.9253,1.748e-17,1.854e-17,1.558e-17,0.0004,2.99,0
FrontS62671,-24.8784,-17.1741,3.236e-20,6.522e-20,1.987e-19,-0.0001,2.12,0
FrontS62673,-29.0416,-17.9755,1.690e-18,2.247e-18,2.900e-18,0.0006,2.58,0
FrontS62677,-27.3742,-16.8159,5.629e-18,6.735e-18,7.074e-18,0.0007,3.37,0
FrontS62680,-24.7996,-14.2443,7.060e-19,1.002e-18,1.505e-18,0.0011,3.42,0
FrontS62682,-23.5247,-17.9001,2.022e-19,3.113e-19,5.430e-19,0.0003,3.4,0
FrontS62683,-24.1330,-19.3421,3.117e-18,3.979e-18,4.827e-18,0.0005,2.93,0
FrontS62685,-27.1197,-19.0503,1.112e-20,2.429e-20,9.196e-20,0.0009,2.3,0
FrontS62686,-25.0815,-21.2861,1.064e-17,1.227e-17,1.220e-17,0.0011,3.27,0
FrontS62689,-26.7044,-17.6488,3.305e-20,6.150e-20,1.609e-19,0.0008,1.98,0
FrontS62690,-25.4287,-16.1479,2.176e-16,4.726e-16,1.652e-15,-0.0001,2.84,0
FrontS62691,-25.4552,-19.4761,8.346e-18,1.013e-17,1.115e-17,0.0007,2.73,0
FrontS62692,-31.2018,-16.3108,3.776e-17,3.834e-17,2.850e-17,0.0007,1.19,0
FrontS62693,-25.1040,-16.4461,4.132e-20,8.116e-20,2.414e-19,0.0014,2.55,0
FrontS62695,-27.1053,-16.2245,1.658e-11,1.278e-11,5.460e-12,0.0005,3.32,1
FrontS62698,-24.2929,-16.6337,2.551e-20,4.989e-20,1.414e-19,0.0009,2.37,0
FrontS62701,-25.0018,-18.4611,1.031e-19,1.770e-19,3.884e-19,0.0004,1.96,0
FrontS62702,-26.1872,-16.6613,7.289e-18,8.403e-18,8.231e-18,-0.0,1.82,0
FrontS62705,-25.4324,-17.8426,8.337e-20,1.541e-19,3.854e-19,-0.0003,3.39,0
FrontS62706,-24.7990,-19.9257,6.783e-19,9.838e-19,1.555e-18,-0.0,1.73,0
FrontS62707,-23.8698,-18.2377,5.297e-20,9.623e-20,2.329e-19,0.0004,1.8,0
FrontS62708,-26.7675,-18.3698,2.224e-18,3.172e-18,4.728e-18,0.0009,2.98,0
FrontS62715,-24.8748,-16.8897,1.131e-17,1.325e-17,1.302e-17,0.0,3.19,0
FrontS62716,-23.1796,-14.1167,1.670e-19,2.745e-19,5.485e-19,0.0005,2.84,0
FrontS62717,-26.5864,-19.8349,1.442e-18,1.992e-18,2.808e-18,-0.0005,2.26,0
FrontS62718,-27.6825,-18.9329,5.812e-16,4.756e-16,2.290e-16,0.0006,1.92,0
FrontS62719,-28.7590,-16.0731,3.058e-20,5.874e-20,1.579e-19,0.0006,1.42,0
FrontS62720,-25.6702,-16.5409,2.243e-18,2.773e-18,3.109e-18,-0.0005,3.62,0
FrontS62721,-23.3572,-19.0689,2.346e-19,3.719e-19,6.629e-19,0.0002,2.73,0
FrontS62725,-25.3218,-16.5053,1.367e-17,1.474e-17,1.251e-17,-0.0005,1.72,0
FrontS62726,-24.0866,-13.7962,5.756e-20,1.042e-19,2.668e-19,-0.0002,3.06,0
FrontS62727,-26.4702,-16.2720,3.271e-17,3.485e-17,2.765e-17,0.002,3.26,0
FrontS62733,-24.0267,-17.9872,1.791e-18,2.371e-18,3.029e-18,0.0007,2.76,0
FrontS62734,-24.8258,-15.1576,2.651e-20,5.179e-20,1.499e-19,0.0006,1.9,0
FrontS62736,-24.1911,-15.1264,9.965e-20,1.683e-19,3.605e-19,0.0008,2.12,0
FrontS62738,-25.1512,-15.0932,1.536e-20,3.441e-20,1.256e-19,-0.0001,3.63,0
FrontS62741,-27.8397,-17.1367,1.941e-18,2.572e-18,3.395e-18,0.0007,2.55,0
FrontS62742,-27.6613,-18.7813,1.499e-15,1.189e-15,5.261e-16,-0.0001,2.78,0
FrontS62743,-25.0216,-19.6856,8.216e-20,1.489e-19,3.708e-19,0.0005,2.35,0
FrontS62744,-26.7163,-16.2707,9.170e-19,1.280e-18,1.836e-18,0.0019,3.51,0
FrontS62745,-24.9694,-14.7801,1.357e-18,1.880e-18,2.679e-18,-0.0002,2.69,0
FrontS62748,-25.1953,-19.7332,3.552e-12,2.450e-12,8.205e-13,-0.0006,2.68,0
FrontS62749,-24.9857,-14.4947,1.078e-17,1.238e-17,1.203e-17,0.0015,1.99,0
FrontS62752,-27.0750,-18.6102,8.508e-18,1.012e-17,1.059e-17,0.0004,2.19,0
FrontS62753,-24.9943,-18.6889,4.813e-20,8.501e-20,2.074e-19,0.0001,1.53,0
FrontS62754,-29.6641,-18.5250,2.232e-16,1.941e-16,1.087e-16,0.0006,1.84,0
FrontS62758,-26.2747,-15.2680,4.617e-19,7.271e-19,1.313e-18,0.0001,2.52,0
FrontS62759,-28.2544,-21.6269,2.392e-16,3.945e-16,7.892e-16,0.0004,1.71,0
FrontS62764,-26.9672,-16.5306,2.176e-19,3.400e-19,6.273e-19,0.0002,2.26,0
FrontS62766,-28.2336,-19.2338,4.126e-20,7.970e-20,2.181e-19,0.0012,1.31,0
FrontS62767,-29.1954,-18.6198,2.024e-16,4.181e-16,1.346e-15,0.0007,2.86,0
FrontS62770,-23.8050,-14.7052,4.997e-19,7.643e-19,1.330e-18,-0.0004,2.65,0
FrontS62772,-27.7614,-16.7467,2.756e-19,4.572e-19,9.548e-19,0.0001,1.79,0
FrontS62775,-27.4692,-18.0679,2.542e-18,3.101e-18,3.469e-18,0.0016,2.37,0
FrontS62776,-25.6626,-17.7084,1.129e-18,1.609e-18,2.423e-18,0.0003,3.81,0
FrontS62781,-26.9110,-16.4732,1.553e-17,1.649e-17,1.329e-17,0.0003,3.06,0
FrontS62783,-25.9287,-19.9024,7.585e-18,9.775e-18,1.160e-17,0.0009,2.12,0
FrontS62785,-27.9944,-19.4744,3.310e-18,4.232e-18,5.122e-18,0.0,2.56,0
FrontS62786,-23.9511,-18.8753,4.121e-19,6.793e-19,1.385e-18,0.0011,1.85,0
FrontS62787,-23.5000,-15.0546,8.185e-19,1.196e-18,1.879e-18,0.0005,3.06,0
FrontS62790,-24.5817,-20.8142,3.645e-18,4.559e-18,5.231e-18,0.0004,2.26,0
FrontS62792,-24.4626,-14.0011,2.135e-16,3.629e-16,7.767e-16,0.0002,2.43,0
FrontS62793,-25.6787,-17.5965,5.904e-19,8.375e-19,1.235e-18,0.0011,3.53,0
FrontS62794,-26.5167,-16.4880,1.123e-17,1.267e-17,1.178e-17,0.0007,1.7,0
FrontS62798,-24.2460,-17.5208,2.028e-20,4.051e-20,1.286e-19,-0.0003,3.22,0
FrontS62799,-25.1379,-15.4256,1.127e-19,1.948e-19,4.493e-19,-0.0001,1.96,0
FrontS62800,-29.3213,-16.0220,1.817e-17,1.951e-17,1.647e-17,0.0008,2.65,0
FrontS62801,-24.9298,-17.0901,5.257e-18,6.482e-18,7.233e-18,0.0004,3.32,0
FrontS62804,-27.4772,-20.5585,8.163e-18,9.261e-18,8.269e-18,0.0004,2.85,0
FrontS62806,-25.2776,-15.8940,2.047e-16,4.232e-16,1.358e-15,0.0003,3.32,0
FrontS62808,-23.3510,-15.3552,1.316e-18,1.691e-18,2.086e-18,0.0002,1.64,0
FrontS62809,-24.1077,-17.0790,2.096e-16,4.356e-16,1.393e-15,0.0008,1.84,0
FrontS62810,-28.8268,-16.8960,6.308e-17,6.353e-17,4.568e-17,0.0013,1.45,0
FrontS62813,-25.6116,-17.3853,1.189e-18,1.607e-18,2.226e-18,0.0005,3.15,0
FrontS62815,-27.2656,-18.6870,2.676e-18,3.486e-18,4.293e-18,0.0005,2.35,0
FrontS62816,-26.8110,-19.0752,1.735e-20,3.420e-20,1.015e-19,-0.0002,2.5,0
FrontS62817,-27.3999,-14.5023,1.397e-20,3.022e-20,1.072e-19,0.0002,1.37,0
FrontS62819,-27.7767,-17.9798,5.389e-20,8.833e-20,1.732e-19,0.0005,2.67,0
FrontS62820,-22.2816,-18.5163,2.189e-17,2.370e-17,2.083e-17,0.0006,3.42,0
FrontS62821,-26.5225,-19.3031,7.890e-19,1.162e-18,1.863e-18,0.0006,1.83,0
FrontS62823,-23.1438,-18.3330,1.302e-20,2.432e-20,6.677e-20,0.0002,2.74,0
FrontS62824,-24.1304,-16.7790,3.208e-19,5.224e-19,1.038e-18,0.0016,2.34,0
FrontS62828,-25.6416,-16.0729,3.610e-18,4.512e-18,5.029e-18,0.0001,3.16,0
FrontS62829,-26.1567,-18.7088,6.263e-20,1.102e-19,2.649e-19,0.0008,2.25,0
FrontS62830,-24.8218,-16.8473,3.913e-20,7.343e-20,1.914e-19,0.0016,3.08,0
FrontS62834,-23.0312,-16.0005,9.128e-18,1.076e-17,1.125e-17,0.001,2.4,0
FrontS62835,-25.7304,-18.9947,1.564e-20,3.176e-20,9.490e-20,-0.0002,2.13,0
FrontS62836,-25.2070,-18.5038,8.827e-20,1.553e-19,3.724e-19,0.0006,3.06,0
FrontS62837,-26.8806,-18.7752,8.611e-18,1.000e-17,9.749e-18,0.0004,3.39,0
FrontS62838,-28.1703,-16.9930,1.392e-19,2.469e-19,5.843e-19,0.0006,2.02,0
FrontS62840,-25.3399,-14.4889,7.533e-19,1.112e-18,1.779e-18,0.0015,1.59,0
FrontS62841,-25.9683,-16.5459,1.282e-18,1.873e-18,2.903e-18,0.0007,2.74,0
FrontS62842,-28.5983,-19.2851,1.601e-20,2.986e-20,8.035e-20,0.0006,2.88,0
FrontS62847,-23.2984,-18.0771,3.001e-20,5.677e-20,1.550e-19,0.0009,3.78,0
FrontS62848,-25.9518,-17.3096,1.364e-17,1.515e-17,1.359e-17,0.0006,3.34,0
FrontS62850,-26.3058,-16.8112,7.530e-20,1.290e-19,2.928e-19,0.0008,1.5,0
FrontS62851,-25.9229,-17.9377,8.917e-20,1.625e-19,4.271e-19,0.0007,3.04,0
FrontS62852,-26.3900,-15.6509,2.732e-16,2.372e-16,1.233e-16,0.001,1.65,0
FrontS62855,-26.4813,-15.4664,1.663e-16,1.442e-16,7.735e-17,0.0,3.03,0
FrontS62865,-25.1176,-15.5046,8.498e-19,1.266e-18,2.140e-18,0.001,2.29,0
FrontS62866,-25.9451,-17.2733,1.870e-19,3.079e-19,6.298e-19,-0.0002,3.29,0
FrontS62867,-26.3276,-16.9643,5.879e-20,1.074e-19,2.743e-19,0.0006,1.48,0
FrontS62872,-23.2967,-16.7407,1.898e-17,2.173e-17,1.992e-17,0.0011,3.76,0
FrontS62875,-26.5049,-17.3111,2.066e-18,2.675e-18,3.363e-18,0.0008,2.67,0
FrontS62876,-26.3222,-17.9957,2.003e-18,2.647e-18,3.411e-18,0.0003,1.33,0
FrontS62877,-26.0818,-18.3943,2.321e-20,4.006e-20,8.637e-20,0.0002,2.59,0
FrontS62878,-23.9911,-20.1851,2.425e-16,4.288e-16,1.018e-15,-0.0003,2.38,0
FrontS62880,-27.5095,-17.3946,1.524e-16,1.442e-16,9.312e-17,0.0001,1.48,0
FrontS62882,-23.7280,-17.6213,2.158e-20,4.231e-20,1.237e-19,0.0006,3.06,0
FrontS62884,-26.1475,-18.0339,1.425e-20,2.851e-20,8.576e-20,-0.0005,2.52,0
FrontS62885,-27.5515,-18.7981,3.812e-18,4.811e-18,5.541e-18,0.0008,2.84,0
FrontS62887,-25.4154,-18.5048,7.772e-17,1.231e-16,2.302e-16,0.0009,3.04,0
FrontS62889,-22.4699,-17.5889,7.016e-16,1.046e-15,1.744e-15,0.0002,3.61,0
FrontS62890,-26.7736,-17.1378,1.870e-17,1.988e-17,1.630e-17,0.0004,3.27,0
FrontS62891,-25.4300,-15.2277,7.343e-19,1.043e-18,1.563e-18,-0.0,2.38,0
FrontS62893,-27.3351,-18.1090,7.715e-18,9.185e-18,9.431e-18,0.0001,2.07,0
FrontS62894,-25.1643,-19.9909,2.215e-16,5.188e-16,2.156e-15,0.0003,2.83,0
FrontS62895,-22.4280,-13.8607,4.400e-20,8.233e-20,2.190e-19,-0.0,2.58,0
FrontS62896,-27.7078,-17.3855,2.280e-16,3.966e-16,9.315e-16,0.0005,1.86,0
FrontS62897,-25.1190,-17.7813,1.995e-18,2.812e-18,4.084e-18,0.0016,2.35,0
FrontS62899,-30.2547,-17.7871,3.098e-16,7.754e-16,3.790e-15,-0.0001,1.7,0
FrontS62902,-25.2657,-16.5564,1.683e-18,2.403e-18,3.498e-18,0.0002,2.16,0
FrontS62904,-24.9726,-17.6438,5.952e-20,1.083e-19,2.762e-19,0.0011,2.11,0
FrontS62905,-23.4475,-16.4585,6.562e-16,1.215e-15,3.168e-15,0.0003,2.77,0
FrontS62906,-25.3697,-17.8440,1.751e-19,2.820e-19,5.419e-19,0.0001,2.59,0
FrontS62907,-26.0009,-16.9764,5.123e-17,5.032e-17,3.560e-17,0.0005,3.56,0
FrontS62910,-27.2431,-19.2582,1.623e-16,1.431e-16,7.793e-17,0.0013,3.14,0
FrontS62911,-28.0005,-15.5683,8.185e-12,6.916e-12,3.532e-12,0.0007,1.73,1
FrontS62912,-26.6157,-16.2813,3.649e-18,4.841e-18,6.239e-18,-0.0001,1.84,0
FrontS62913,-24.1753,-16.8178,1.634e-19,2.686e-19,5.589e-19,0.0009,3.32,0
FrontS62916,-23.4779,-17.4925,1.421e-20,2.607e-20,6.568e-20,0.0006,3.18,0
FrontS62918,-28.4417,-20.4185,8.648e-20,1.500e-19,3.210e-19,0.0006,2.69,0
FrontS62919,-23.5849,-14.4063,9.648e-16,7.855e-16,3.795e-16,0.0004,1.81,0
FrontS62922,-26.6654,-17.8213,5.766e-19,8.401e-19,1.302e-18,0.0005,1.79,0
FrontS62923,-26.6916,-15.2425,5.017e-19,7.376e-19,1.177e-18,-0.0004,2.65,0
FrontS62925,-24.9042,-17.2189,1.168e-20,2.652e-20,1.054e-19,-0.0006,2.72,0
FrontS62926,-26.4253,-19.3348,6.400e-18,8.097e-18,9.413e-18,0.0005,1.65,0
FrontS62927,-24.8024,-15.2098,1.534e-17,1.820e-17,1.780e-17,-0.0006,3.19,0
FrontS62929,-23.5958,-17.1186,1.163e-19,1.982e-19,4.230e-19,0.0004,1.81,0
FrontS62930,-23.2768,-16.2474,2.098e-17,2.226e-17,1.881e-17,0.0002,3.08,0
FrontS62931,-22.7403,-13.8039,5.654e-20,1.060e-19,2.776e-19,0.0003,1.92,0
FrontS62934,-25.4836,-17.5978,1.508e-19,2.481e-19,4.957e-19,0.0005,1.48,0
FrontS62935,-27.5817,-19.2804,1.015e-17,1.105e-17,9.509e-18,0.0007,3.23,0
FrontS62936,-29.7217,-17.3724,1.334e-16,1.293e-16,8.816e-17,0.0002,2.07,0
FrontS62937,-25.7584,-17.4684,1.298e-17,1.444e-17,1.293e-17,0.0005,1.86,0
FrontS62939,-23.9807,-16.0532,3.697e-17,3.940e-17,3.150e-17,0.0003,3.77,0
FrontS62940,-24.2981,-18.8040,1.390e-18,1.897e-18,2.640e-18,0.0005,3.25,0
FrontS62941,-24.3014,-16.4956,4.174e-17,4.119e-17,2.908e-17,-0.0001,2.19,0
FrontS62944,-26.1675,-14.1197,9.558e-18,1.173e-17,1.321e-17,0.0004,2.46,0
FrontS62945,-27.5728,-18.3218,2.008e-16,3.231e-16,6.362e-16,0.0004,2.86,0
FrontS62947,-24.9435,-16.1021,4.076e-19,6.253e-19,1.089e-18,0.0005,2.88,0
FrontS62948,-24.6002,-17.5036,3.240e-19,5.038e-19,8.976e-19,0.0004,2.09,0
FrontS62949,-25.1090,-17.2815,1.161e-20,2.717e-20,1.105e-19,0.0,3.24,0
FrontS62950,-23.4503,-16.7276,4.250e-20,7.722e-20,1.820e-19,-0.0004,2.25,0
FrontS62951,-24.4783,-14.5749,4.415e-20,8.423e-20,2.302e-19,-0.0001,2.46,0
FrontS62953,-23.5543,-16.8496,5.428e-18,6.474e-18,6.592e-18,0.0003,2.35,0
FrontS62955,-23.1407,-17.7559,4.932e-16,7.294e-16,1.227e-15,0.0001,2.26,0
FrontS62956,-25.1498,-18.8466,4.450e-19,6.976e-19,1.297e-18,-0.001,1.66,0
FrontS62961,-25.8658,-17.2331,1.151e-19,1.912e-19,3.854e-19,0.001,3.45,0
FrontS62962,-23.7051,-17.8324,1.575e-19,2.588e-19,5.410e-19,0.0001,3.28,0
FrontS62963,-23.3720,-16.5767,6.338e-18,7.824e-18,8.335e-18,0.0009,2.01,0
FrontS62965,-25.2963,-18.1564,1.127e-19,1.973e-19,4.592e-19,0.0005,2.31,0
FrontS62966,-27.2557,-19.1163,9.620e-18,1.147e-17,1.142e-17,0.0003,1.52,0
FrontS62968,-28.8538,-16.9703,1.688e-17,1.795e-17,1.523e-17,0.0005,2.03,0
FrontS62970,-27.7103,-16.8071,3.385e-17,3.597e-17,2.894e-17,0.0002,2.56,0
FrontS62972,-28.4956,-15.4926,1.139e-17,1.220e-17,1.004e-17,0.0007,1.7,0
FrontS62973,-25.3842,-15.2468,4.279e-20,8.540e-20,2.525e-19,0.001,2.86,0
FrontS62974,-25.9676,-19.7624,1.403e-20,3.066e-20,1.142e-19,0.0011,3.39,0
FrontS62975,-27.5754,-20.6332,1.668e-19,2.884e-19,6.404e-19,0.0014,1.5,0
FrontS62978,-23.3727,-19.5237,8.821e-20,1.524e-19,3.477e-19,0.0005,3.41,0
FrontS62982,-25.4168,-18.2095,5.129e-18,6.074e-18,6.093e-18,-0.0003,3.73,0
FrontS62983,-25.5267,-14.4304,5.790e-17,5.647e-17,3.886e-17,0.0007,1.65,0
FrontS62985,-27.6115,-17.7406,2.333e-19,3.787e-19,7.628e-19,0.0011,3.22,0
FrontS62986,-28.0924,-16.6845,5.561e-19,8.316e-19,1.411e-18,-0.0004,2.71,0
FrontS62987,-23.7606,-17.0045,4.075e-19,6.684e-19,1.286e-18,0.0004,2.99,0
FrontS62991,-32.5988,-21.0751,1.260e-20,2.707e-20,9.497e-20,0.0004,2.31,0
FrontS62992,-25.8586,-16.4665,2.573e-18,3.428e-18,4.487e-18,0.0003,2.32,0
FrontS62993,-30.1386,-18.4568,3.411e-19,5.665e-19,1.160e-18,0.0007,1.35,0
FrontS62994,-27.2514,-18.3736,7.666e-17,1.355e-16,3.140e-16,-0.0002,3.37,0
FrontS62995,-25.5799,-17.0577,6.365e-18,7.404e-18,7.678e-18,0.001,2.42,0
FrontS62996,-29.2251,-18.3286,1.109e-19,1.972e-19,4.723e-19,0.0002,1.3,0
FrontS63001,-25.4894,-17.9924,1.020e-19,1.808e-19,4.267e-19,0.0019,2.44,0
FrontS63003,-25.6943,-18.4709,2.121e-20,3.961e-20,1.019e-19,0.0007,2.49,0
FrontS63004,-25.4132,-18.3018,8.634e-20,1.581e-19,3.921e-19,0.0007,1.62,0
FrontS63005,-27.6347,-21.0381,3.559e-19,5.811e-19,1.181e-18,0.0004,2.33,0
FrontS63006,-23.6709,-15.2686,1.391e-16,1.286e-16,7.653e-17,0.0012,3.38,0
FrontS63010,-27.1839,-16.9480,6.470e-19,9.379e-19,1.453e-18,-0.0003,1.91,0
FrontS63011,-25.4058,-18.5652,6.638e-12,4.844e-12,1.916e-12,0.0004,3.17,0
FrontS63012,-26.4241,-19.8006,1.021e-20,2.119e-20,6.870e-20,0.0005,2.64,0
FrontS63013,-24.9151,-19.3247,1.280e-19,2.274e-19,5.300e-19,0.0005,3.19,0
FrontS63014,-28.4251,-17.7771,8.429e-19,1.237e-18,1.991e-18,0.0005,3.0,0
FrontS63016,-23.8339,-14.9101,1.027e-11,7.340e-12,2.701e-12,0.0004,2.21,0
FrontS63019,-25.3148,-15.1287,1.070e-19,1.822e-19,4.068e-19,0.0006,1.62,0
FrontS63020,-24.1410,-17.2718,9.530e-20,1.712e-19,4.280e-19,0.0007,2.88,0
FrontS63021,-23.9510,-16.5918,1.037e-11,7.671e-12,3.167e-12,0.0005,3.61,1
FrontS63022,-26.8652,-18.8947,4.435e-16,9.995e-16,4.002e-15,0.0006,3.26,0
FrontS63026,-26.4655,-15.6459,4.227e-12,2.867e-12,9.778e-13,0.0012,1.91,0
FrontS63027,-22.3067,-16.2431,8.428e-19,1.201e-18,1.875e-18,-0.0006,2.96,0
FrontS63028,-26.7745,-17.2932,2.491e-20,5.184e-20,1.775e-19,0.0009,1.79,0
FrontS63029,-27.3349,-18.7861,8.087e-20,1.532e-19,4.049e-19,0.0003,2.91,0
FrontS63032,-26.6261,-16.7403,1.227e-17,1.383e-17,1.309e-17,-0.0001,2.93,0
FrontS63033,-28.3961,-17.5943,4.724e-20,8.842e-20,2.353e-19,0.0013,1.46,0
FrontS63036,-24.9603,-14.1526,3.226e-16,5.652e-16,1.306e-15,0.0002,2.86,0
FrontS63038,-29.9957,-20.4185,3.293e-20,5.791e-20,1.360e-19,0.0006,1.93,0
FrontS63040,-22.2813,-17.9862,4.977e-19,8.332e-19,1.752e-18,-0.0001,3.27,0
FrontS63041,-24.8004,-19.2851,7.370e-17,7.270e-17,5.151e-17,0.0008,2.59,0
FrontS63042,-24.1334,-18.0777,5.787e-19,8.880e-19,1.586e-18,0.0011,2.3,0
FrontS63043,-26.2539,-18.1015,1.192e-20,2.661e-20,9.966e-20,0.0006,2.02,0
FrontS63045,-27.2562,-18.3538,5.498e-20,9.928e-20,2.542e-19,0.0012,2.42,1
FrontS63046,-25.4179,-15.9826,5.859e-18,7.083e-18,7.393e-18,0.0013,3.23,0
FrontS63047,-26.5017,-15.1575,3.203e-17,3.380e-17,2.715e-17,0.0001,1.64,0
FrontS63048,-24.4853,-16.9805,1.904e-16,1.789e-16,1.123e-16,0.0011,3.68,0
FrontS63051,-23.3404,-18.7557,2.743e-18,3.525e-18,4.276e-18,0.0013,3.06,0
FrontS63054,-24.1548,-16.6453,2.844e-20,5.777e-20,1.790e-19,0.0004,2.72,0
FrontS63057,-22.1333,-16.6066,5.044e-19,7.562e-19,1.249e-18,0.0012,2.39,0
FrontS63062,-26.8011,-15.2576,5.941e-20,1.058e-19,2.509e-19,0.0007,1.98,0
FrontS63066,-27.9282,-16.9278,1.147e-19,2.017e-19,4.618e-19,0.0002,2.4,0
FrontS63068,-22.2962,-14.7460,3.568e-18,4.363e-18,4.970e-18,0.001,3.81,0
FrontS63070,-27.6904,-17.4582,2.159e-18,2.850e-18,3.536e-18,0.0006,3.15,0
FrontS63073,-24.0535,-15.4650,1.640e-19,2.934e-19,6.890e-19,0.0006,3.54,0
FrontS63074,-23.2750,-18.1711,9.302e-19,1.285e-18,1.781e-18,0.0005,3.28,0
FrontS63075,-26.0545,-15.1354,6.384e-12,4.506e-12,1.612e-12,0.0007,1.8,0
FrontS63078,-24.5401,-19.8737,1.475e-16,2.641e-16,6.032e-16,0.0005,3.62,0
FrontS63083,-22.8860,-17.1803,2.810e-16,5.186e-16,1.369e-15,0.0007,1.89,0
FrontS63084,-27.5679,-17.6101,5.183e-17,5.203e-17,3.809e-17,0.0009,1.72,0
FrontS63086,-28.0746,-18.8516,7.034e-18,8.698e-18,9.705e-18,0.0008,2.76,0
FrontS63087,-27.2807,-16.2412,3.766e-17,3.860e-17,2.870e-17,-0.0001,2.45,0
FrontS63088,-26.1018,-16.6634,1.558e-16,1.465e-16,8.982e-17,0.001,3.65,0
FrontS63090,-27.0123,-16.7251,2.274e-20,4.520e-20,1.385e-19,0.0002,2.29,0
FrontS63091,-27.4359,-18.8636,2.049e-18,2.566e-18,3.047e-18,0.0008,3.4,0
FrontS63094,-24.5195,-14.8623,1.186e-20,2.639e-20,9.907e-20,0.0009,2.1,0
FrontS63096,-24.4602,-15.2739,2.193e-17,2.328e-17,1.833e-17,0.0012,3.47,0
FrontS63097,-25.1425,-16.9140,6.455e-19,9.028e-19,1.322e-18,0.0001,1.35,0
FrontS63099,-23.8098,-16.4006,1.656e-16,1.515e-16,9.064e-17,0.0004,3.67,0
FrontS63103,-22.9027,-17.7829,5.324e-19,7.557e-19,1.116e-18,0.0014,3.79,0
FrontS63105,-27.2007,-14.2666,4.980e-17,5.049e-17,3.707e-17,0.0007,3.14,0
FrontS63107,-26.3937,-12.9791,2.396e-20,4.427e-20,1.160e-19,-0.0001,2.7,0
FrontS63108,-26.7485,-15.3471,2.338e-20,4.516e-20,1.304e-19,0.0001,3.1,0
FrontS63109,-26.7761,-16.1690,3.411e-20,6.224e-20,1.624e-19,0.0005,2.25,0
FrontS63110,-26.4842,-18.2507,4.675e-19,7.119e-19,1.191e-18,0.0,2.23,0
FrontS63111,-28.6360,-19.0344,1.736e-19,2.937e-19,6.304e-19,0.0005,2.83,0
FrontS63114,-25.7732,-15.2276,2.456e-20,4.735e-20,1.291e-19,0.0014,3.11,0
FrontS63116,-29.6143,-19.9786,8.502e-19,1.245e-18,1.964e-18,0.0006,2.71,0
FrontS63117,-22.7437,-19.3334,1.487e-20,3.045e-20,9.962e-20,-0.0002,1.84,0
FrontS63118,-23.3134,-20.3271,1.144e-17,1.238e-17,1.044e-17,-0.0,2.39,0
FrontS63119,-24.0649,-16.5630,2.907e-20,5.608e-20,1.558e-19,0.0007,2.17,0
FrontS63120,-22.1596,-19.0677,2.809e-17,2.889e-17,2.186e-17,0.0002,2.62,0
FrontS63125,-21.6322,-16.5094,1.596e-19,2.704e-19,5.849e-19,0.0001,2.42,0
FrontS63126,-25.2369,-15.5945,3.711e-17,3.938e-17,3.201e-17,0.0006,2.74,0
FrontS63127,-25.0091,-17.4307,9.753e-18,1.139e-17,1.131e-17,0.0004,3.46,0
FrontS63128,-27.8899,-15.3862,1.288e-20,2.492e-20,6.871e-20,0.0006,1.46,0
FrontS63129,-27.0013,-18.0730,1.854e-20,3.462e-20,8.931e-20,0.0008,1.98,0
FrontS65191,-23.4153,-17.2237,3.646e-17,3.782e-17,2.843e-17,0.0001,-0.02,0
FrontS65193,-23.8691,-17.4591,2.098e-19,3.419e-19,7.035e-19,0.0003,-0.65,0
FrontS65194,-23.5292,-17.5203,6.935e-16,5.818e-16,2.959e-16,0.001,0.25,0
FrontS65195,-23.7611,-17.1024,1.830e-12,1.228e-12,4.026e-13,0.0005,-0.44,0
FrontS65198,-23.8266,-17.4546,4.870e-18,5.545e-18,5.426e-18,0.0004,-0.81,0
FrontS65199,-23.5177,-17.0423,1.008e-16,9.040e-17,5.320e-17,0.0004,0.21,0
FrontS65201,-23.7872,-17.3450,2.039e-16,1.802e-16,1.022e-16,0.0009,-0.49,0
FrontS65202,-23.8576,-17.3109,4.451e-12,3.265e-12,1.287e-12,0.0001,-0.09,0
FrontS65203,-23.6644,-17.5007,8.088e-17,7.231e-17,4.332e-17,0.0011,-0.11,0
FrontS65204,-23.7870,-17.6094,4.811e-19,6.742e-19,9.791e-19,0.0004,-1.58,0
FrontS65206,-23.7392,-17.4807,5.003e-20,9.038e-20,2.257e-19,0.0002,-0.21,0
FrontS65207,-23.8624,-17.7021,4.143e-19,5.901e-19,9.026e-19,0.0005,-1.25,0
FrontS65208,-23.4104,-17.0990,7.402e-17,1.314e-16,3.185e-16,0.0002,0.09,0
FrontS65209,-23.8351,-17.2740,2.279e-16,3.567e-16,6.358e-16,-0.0,0.39,0
FrontS65210,-23.9010,-17.4561,1.102e-17,1.208e-17,1.073e-17,0.0001,-0.5,0
FrontS65211,-24.1410,-17.3521,1.783e-20,3.457e-20,1.006e-19,0.0007,-0.54,0
FrontS65213,-23.7672,-17.1559,3.320e-16,2.777e-16,1.378e-16,-0.0002,-0.97,0
FrontS65214,-23.6313,-17.4243,9.093e-17,8.421e-17,5.242e-17,-0.0004,-0.58,0
FrontS65215,-23.5896,-17.2902,7.201e-17,1.375e-16,3.707e-16,0.0007,-1.56,0
FrontS65216,-23.6508,-17.1798,5.497e-18,6.307e-18,5.982e-18,0.0011,-1.36,0
FrontS65217,-23.7874,-17.1679,7.196e-18,7.792e-18,6.646e-18,0.0007,-0.25,0
FrontS65218,-23.8610,-17.6680,1.136e-16,1.096e-16,7.538e-17,0.0007,-0.96,0
FrontS65220,-23.9668,-17.5044,1.014e-18,1.396e-18,1.917e-18,0.0006,0.48,0
FrontS65223,-23.8974,-17.4109,5.970e-18,7.149e-18,7.289e-18,-0.0,-0.49,0
FrontS65224,-23.7304,-17.0437,2.234e-19,3.362e-19,5.544e-19,0.0003,0.45,0
FrontS65225,-23.7549,-17.2175,8.439e-19,1.158e-18,1.618e-18,-0.0003,-1.12,0
FrontS65226,-23.5189,-16.9134,3.365e-17,3.449e-17,2.617e-17,-0.0004,0.66,0
FrontS65227,-23.7640,-17.0543,1.023e-15,8.236e-16,3.893e-16,-0.0001,0.11,0
FrontS65228,-23.3243,-17.3064,5.646e-17,1.121e-16,3.488e-16,0.0002,-0.21,0
FrontS65229,-23.6377,-17.5830,5.285e-16,4.252e-16,2.065e-16,0.0002,-0.39,0
FrontS65230,-23.7232,-17.1872,1.897e-16,1.683e-16,9.493e-17,0.0005,-1.21,0
FrontS65231,-23.3510,-17.2035,5.436e-19,8.394e-19,1.428e-18,0.0002,-1.33,0
FrontS65232,-23.6096,-17.1728,3.978e-19,5.523e-19,7.939e-19,0.0012,0.37,0
FrontS65234,-23.8895,-17.3220,4.225e-17,4.271e-17,3.089e-17,0.0003,0.08,0
FrontS65235,-23.7583,-17.0771,1.028e-19,1.765e-19,4.018e-19,0.0,-1.39,0
FrontS65237,-24.1213,-17.1154,7.784e-19,1.050e-18,1.372e-18,0.0006,-1.27,0
FrontS65238,-23.6946,-17.5915,4.247e-18,4.834e-18,4.374e-18,0.0,-1.36,0
FrontS65239,-23.9587,-17.8113,3.803e-12,2.781e-12,1.105e-12,0.0009,-1.3,0
FrontS65240,-23.8485,-17.3189,1.490e-15,1.143e-15,4.982e-16,0.0011,0.28,1
FrontS65241,-23.6560,-17.2983,3.593e-19,5.464e-19,8.981e-19,0.0005,-0.2,0
FrontS65242,-24.0072,-17.2654,7.894e-20,1.323e-19,2.825e-19,-0.0007,-1.13,0
FrontS65243,-23.7585,-17.3793,1.178e-20,2.346e-20,6.850e-20,-0.0002,-1.16,0
FrontS65245,-24.0531,-17.4625,2.480e-19,3.459e-19,4.957e-19,-0.0001,-1.02,0
FrontS65246,-23.7005,-17.1891,1.199e-20,2.396e-20,7.070e-20,0.0003,-0.0,0
FrontS65250,-23.7692,-16.8936,3.359e-15,2.530e-15,1.008e-15,0.0001,-0.9,0
FrontS65251,-24.0148,-17.3020,3.331e-18,4.216e-18,4.753e-18,-0.0002,-0.49,0
FrontS65252,-23.6005,-17.4120,9.836e-19,1.365e-18,1.944e-18,0.0006,0.1,0
FrontS65254,-23.5138,-17.1743,1.472e-16,1.270e-16,6.842e-17,0.0001,-0.05,0
FrontS65255,-23.6321,-17.1099,9.390e-18,1.018e-17,8.580e-18,-0.0003,0.28,0
FrontS65257,-23.7019,-17.2405,2.277e-17,2.298e-17,1.724e-17,0.0003,0.34,0
FrontS65259,-23.5325,-17.1290,2.451e-16,2.288e-16,1.436e-16,0.0004,-0.76,0
FrontS65260,-23.7794,-17.4801,7.728e-16,6.120e-16,2.731e-16,0.0006,0.08,0
FrontS65261,-23.4149,-17.2406,8.566e-12,8.025e-12,4.951e-12,0.0011,0.39,1
FrontS65262,-23.8376,-16.9727,1.022e-15,8.172e-16,3.798e-16,0.0007,-1.22,0
FrontS65263,-23.6197,-17.3608,3.213e-16,8.440e-16,4.422e-15,0.0003,0.33,0
FrontS65265,-24.1078,-17.3060,1.123e-18,1.481e-18,1.824e-18,0.0001,0.38,0
FrontS65266,-23.8658,-17.3813,5.318e-18,6.301e-18,6.524e-18,-0.0002,0.47,0
FrontS65268,-23.9073,-17.3618,1.692e-16,3.156e-16,8.701e-16,0.0002,-0.13,0
FrontS65269,-23.6650,-17.2925,2.626e-19,3.924e-19,6.602e-19,0.0008,-0.39,0
FrontS65271,-23.9975,-17.2137,5.579e-16,4.677e-16,2.477e-16,0.0005,-0.55,0
FrontS65273,-24.1815,-17.3147,9.665e-17,8.803e-17,5.306e-17,-0.0002,-0.8,0
FrontS65274,-23.8193,-17.3166,1.029e-16,9.467e-17,5.759e-17,0.0016,-1.41,0
FrontS65275,-23.9554,-17.2187,3.342e-17,3.231e-17,2.175e-17,0.0002,-1.21,0
FrontS65276,-23.6012,-17.2542,1.311e-16,1.174e-16,6.826e-17,0.001,-0.49,0
FrontS65278,-24.0271,-17.1443,9.402e-20,1.551e-19,3.068e-19,0.0005,-1.55,0
FrontS65279,-24.0883,-17.3643,1.475e-18,1.871e-18,2.255e-18,-0.0002,-0.32,0
FrontS65281,-23.6947,-17.2357,9.036e-20,1.482e-19,3.011e-19,0.0003,-1.37,0
FrontS65285,-23.4891,-17.1145,6.820e-17,1.286e-16,3.548e-16,0.0005,-0.85,0
FrontS65286,-23.6688,-17.0822,1.713e-16,3.314e-16,9.473e-16,0.0001,-0.28,0
FrontS65287,-23.8333,-16.8717,1.881e-16,3.404e-16,8.393e-16,-0.0002,-0.6,0
FrontS65288,-24.0875,-17.2909,2.393e-17,2.406e-17,1.722e-17,0.0007,-1.56,0
FrontS65290,-24.0871,-17.4597,4.041e-16,8.230e-16,2.687e-15,-0.0003,-0.17,0
FrontS65291,-23.8102,-17.2890,1.066e-18,1.458e-18,1.954e-18,0.0006,-0.49,0
FrontS65294,-23.5349,-17.5866,4.282e-18,5.113e-18,5.164e-18,0.0006,-0.24,0
FrontS65295,-23.5367,-17.2515,2.669e-16,2.311e-16,1.227e-16,0.0,-0.0,0
FrontS65297,-23.7941,-17.2772,1.555e-16,1.367e-16,7.712e-17,0.0006,-0.25,0
FrontS65299,-23.7989,-17.2822,7.855e-16,6.061e-16,2.616e-16,0.0004,-1.0,1
FrontS65301,-23.7638,-17.5115,3.298e-12,2.356e-12,8.737e-13,0.0001,0.03,0
FrontS65302,-23.7792,-17.3375,1.569e-16,3.189e-16,9.971e-16,0.0006,0.06,0
FrontS65303,-23.8723,-17.5438,5.166e-16,4.435e-16,2.440e-16,0.0001,-0.18,0
FrontS65304,-23.8603,-17.4234,2.532e-16,5.977e-16,2.582e-15,0.0,-1.48,0
FrontS65305,-23.6837,-17.2923,3.340e-19,4.933e-19,7.885e-19,0.0006,-1.09,0
FrontS65306,-23.8244,-17.1857,1.372e-17,1.462e-17,1.227e-17,0.0003,-1.5,0
FrontS65307,-23.6786,-17.2541,9.642e-17,8.945e-17,5.595e-17,-0.0002,-0.06,0
FrontS65309,-24.1748,-17.6931,1.907e-17,1.981e-17,1.517e-17,0.0007,-1.36,0
FrontS65310,-23.5531,-17.3534,3.623e-18,4.407e-18,4.633e-18,0.0001,-0.7,0
FrontS65311,-23.6276,-17.2320,2.241e-19,3.623e-19,6.812e-19,0.0005,-1.43,0
FrontS65315,-23.8868,-17.2646,1.278e-19,1.999e-19,3.640e-19,0.0009,-0.95,0
FrontS65316,-23.5185,-17.2029,6.980e-18,7.715e-18,6.750e-18,0.0004,0.61,0
FrontS65318,-23.2036,-17.1194,2.349e-18,2.776e-18,2.819e-18,0.0008,0.31,0
FrontS65319,-23.7385,-17.3508,2.945e-19,4.745e-19,9.292e-19,0.001,-1.35,0
FrontS65322,-23.7781,-17.1352,3.947e-18,4.791e-18,5.177e-18,0.001,-0.86,0
FrontS65324,-24.0521,-17.3254,4.426e-16,3.600e-16,1.700e-16,0.0,-0.31,0
FrontS65325,-23.8314,-17.1260,8.898e-17,7.965e-17,4.550e-17,0.0007,-1.07,0
FrontS65326,-24.0373,-17.5671,7.991e-17,7.829e-17,5.487e-17,0.0006,-0.63,0
FrontS65327,-23.9061,-17.5196,5.178e-16,4.501e-16,2.529e-16,0.0003,0.21,0
FrontS65331,-23.7225,-17.4573,1.247e-16,2.395e-16,6.762e-16,0.0,-0.06,0
FrontS65332,-24.1054,-16.7985,5.539e-20,9.601e-20,2.177e-19,0.0003,0.43,0
FrontS65333,-23.4047,-16.7684,3.713e-17,3.685e-17,2.671e-17,0.0008,-0.19,0
FrontS65334,-23.4096,-17.2604,1.062e-17,1.197e-17,1.098e-17,0.0003,-1.5,0
FrontS65335,-23.9216,-16.8910,7.303e-18,8.417e-18,7.737e-18,-0.0005,-0.96,0
FrontS65336,-24.0467,-17.2653,2.555e-18,3.138e-18,3.365e-18,0.0005,0.31,0
FrontS65337,-23.6604,-17.2985,3.897e-17,3.891e-17,2.673e-17,0.0006,0.02,0
FrontS65339,-23.7645,-17.2485,1.875e-18,2.372e-18,2.695e-18,0.0008,-0.59,0
FrontS65340,-23.9272,-17.4755,2.008e-19,2.956e-19,4.686e-19,0.0001,-0.46,0
FrontS65342,-23.5656,-17.4535,6.573e-16,5.091e-16,2.271e-16,0.0006,-0.23,0
FrontS65343,-23.9547,-17.3767,2.000e-19,3.163e-19,5.863e-19,0.0001,0.23,0
FrontS65344,-23.6695,-17.2340,6.557e-12,5.027e-12,2.156e-12,0.0007,0.29,1
FrontS65345,-23.9655,-17.0009,3.871e-16,3.153e-16,1.488e-16,0.0008,-0.79,0
FrontS65346,-23.6428,-17.1870,4.007e-20,6.918e-20,1.594e-19,0.0005,0.53,0
FrontS65347,-23.7148,-16.8346,2.905e-16,2.582e-16,1.465e-16,0.0003,-0.47,0
FrontS65349,-23.6121,-17.0229,2.213e-17,2.193e-17,1.550e-17,0.0019,-0.59,0
FrontS65352,-23.7306,-17.3280,7.034e-17,6.475e-17,3.969e-17,0.0001,-0.45,0
FrontS65353,-24.1378,-17.2454,2.591e-17,2.643e-17,1.972e-17,0.0006,-0.58,0
FrontS65354,-23.7699,-17.4724,4.797e-17,7.771e-17,1.494e-16,0.0007,-1.16,0
FrontS65355,-24.1633,-17.3210,9.610e-19,1.296e-18,1.732e-18,-0.0001,-0.14,0
FrontS65356,-23.9083,-16.9197,1.044e-19,1.800e-19,4.058e-19,0.0001,-0.67,0
FrontS65357,-23.8621,-17.2714,7.722e-13,5.023e-13,1.548e-13,0.0008,-0.63,0
FrontS65358,-23.3912,-17.1751,3.733e-16,3.073e-16,1.539e-16,0.0007,-0.82,0
FrontS65359,-23.6582,-17.2029,3.972e-19,5.589e-19,7.888e-19,0.001,-0.72,0
FrontS65364,-23.7594,-17.2299,4.011e-20,7.042e-20,1.636e-19,0.0009,-0.23,0
FrontS65365,-23.5756,-17.3265,1.142e-18,1.617e-18,2.334e-18,0.0007,-0.42,0
FrontS65366,-23.8606,-17.5023,4.091e-12,3.859e-12,2.428e-12,0.001,-1.36,1
FrontS65368,-23.9113,-17.6114,7.388e-17,7.118e-17,4.682e-17,0.0002,-0.86,0
FrontS65370,-23.9116,-17.0700,7.592e-16,6.151e-16,2.976e-16,0.0005,-1.46,0
FrontS65371,-24.1514,-17.3970,9.977e-12,8.105e-12,3.817e-12,0.0002,0.33,1
FrontS65372,-23.5502,-16.9989,2.069e-17,2.111e-17,1.578e-17,0.0009,0.41,0
FrontS65373,-23.5582,-17.3674,6.689e-17,1.533e-16,6.066e-16,0.0006,-1.54,0
FrontS65375,-23.6184,-17.4476,1.635e-19,2.559e-19,4.627e-19,0.0005,0.53,0
FrontS65376,-23.7274,-17.4397,1.605e-15,1.197e-15,4.906e-16,0.0011,0.55,0
FrontS65377,-23.8483,-17.2127,1.261e-16,1.127e-16,6.245e-17,0.0003,0.56,0
FrontS65378,-24.1974,-17.2113,3.594e-18,4.445e-18,5.113e-18,-0.0007,-1.37,0
FrontS65379,-23.6111,-17.2487,5.703e-19,8.202e-19,1.251e-18,0.0007,0.44,0
FrontS65381,-23.9554,-17.3183,4.237e-19,6.082e-19,9.333e-19,0.0008,-1.13,0
FrontS65382,-23.8757,-17.0150,1.138e-19,1.980e-19,4.354e-19,0.0001,-1.07,0
FrontS65383,-23.7659,-17.2655,2.296e-20,4.409e-20,1.217e-19,0.0014,-0.41,0
FrontS65384,-23.5183,-17.4613,1.939e-20,3.709e-20,1.016e-19,0.0006,0.37,0
FrontS65385,-24.0946,-17.5468,5.250e-20,9.244e-20,2.268e-19,0.0,-0.11,0
FrontS65387,-23.7878,-17.2531,1.549e-16,1.385e-16,8.056e-17,0.0004,-0.5,0
FrontS65388,-23.7598,-17.7758,1.744e-16,3.768e-16,1.389e-15,0.0007,0.26,0
FrontS65389,-23.6104,-17.1750,4.411e-17,4.219e-17,2.724e-17,-0.0006,-0.26,0
FrontS65392,-23.8007,-17.2698,5.828e-18,7.156e-18,7.560e-18,0.0006,0.06,0
FrontS65393,-23.5812,-17.2290,9.167e-20,1.568e-19,3.393e-19,-0.0001,-0.5,0
FrontS65394,-24.1877,-17.0340,5.674e-19,8.363e-19,1.380e-18,-0.0001,-0.34,0
FrontS65395,-23.6698,-17.0047,3.127e-16,2.626e-16,1.343e-16,0.0004,-0.37,0
FrontS65396,-23.3897,-17.3560,1.279e-20,2.550e-20,7.963e-20,0.0005,0.4,0
FrontS65397,-23.7028,-17.4739,7.867e-17,7.447e-17,4.937e-17,0.0003,-0.77,0
FrontS65398,-23.7003,-17.5397,1.879e-16,3.277e-16,7.689e-16,0.0008,-1.15,0
FrontS65400,-24.0503,-17.2390,4.150e-16,1.023e-15,4.748e-15,0.0015,-1.36,0
FrontS65401,-24.1899,-17.2809,3.739e-13,2.513e-13,7.948e-14,0.0011,-1.4,0
FrontS65402,-23.8604,-16.9163,1.264e-20,2.590e-20,8.157e-20,0.0006,-0.56,0
FrontS65403,-23.2826,-17.2133,1.951e-17,2.030e-17,1.610e-17,0.0001,-0.81,0
FrontS65404,-23.9382,-17.3397,1.296e-16,1.123e-16,6.221e-17,-0.0007,0.02,0
FrontS65406,-23.6086,-17.5093,4.667e-17,4.590e-17,3.246e-17,0.0004,-0.96,0
FrontS65407,-23.6722,-17.0583,3.671e-17,3.577e-17,2.454e-17,-0.0001,-0.3,0
FrontS65408,-23.8298,-17.1450,1.884e-16,4.131e-16,1.550e-15,0.001,0.37,0
FrontS65410,-23.7855,-17.2554,2.655e-17,2.742e-17,2.138e-17,-0.0,-1.36,0
FrontS65411,-24.1313,-17.4151,1.648e-19,2.570e-19,4.575e-19,0.0006,-1.51,0
FrontS65415,-23.5878,-17.3522,8.565e-19,1.182e-18,1.679e-18,0.0003,-1.17,0
FrontS65416,-23.6567,-17.0916,2.551e-16,2.153e-16,1.079e-16,0.0005,0.51,0
FrontS65417,-24.0421,-17.1136,3.489e-16,2.948e-16,1.560e-16,-0.0001,0.27,0
FrontS65418,-23.6701,-17.4803,2.357e-18,2.894e-18,3.230e-18,0.001,-0.35,0
FrontS65420,-23.6470,-17.0595,3.375e-18,3.972e-18,4.088e-18,0.001,-1.13,0
FrontS65421,-23.6940,-17.5710,3.541e-16,6.598e-16,1.723e-15,0.0001,-0.46,0
FrontS65422,-23.8339,-16.9105,1.268e-20,2.727e-20,9.819e-20,0.0005,-0.84,0
FrontS65423,-23.8631,-17.6053,4.030e-17,3.857e-17,2.491e-17,0.0002,-0.68,0
FrontS65425,-23.7992,-17.2054,3.838e-16,3.227e-16,1.675e-16,0.0006,-0.48,0
FrontS65426,-23.5234,-16.9378,3.174e-19,4.657e-19,7.425e-19,-0.0001,-0.65,0
FrontS65427,-23.4537,-17.0295,7.531e-19,1.021e-18,1.371e-18,0.0002,-0.54,0
FrontS65431,-23.7772,-17.2114,1.732e-16,1.521e-16,8.091e-17,0.0005,-0.59,0
FrontS65432,-23.6996,-17.0327,1.177e-19,1.990e-19,4.151e-19,0.0004,0.28,0
FrontS65433,-23.5471,-17.1145,8.705e-17,1.530e-16,3.452e-16,0.0009,-0.33,0
FrontS65435,-23.8975,-17.1430,7.340e-19,9.651e-19,1.220e-18,0.0003,-0.77,0
FrontS65436,-23.9054,-17.3096,8.741e-13,5.648e-13,1.713e-13,0.0006,0.0,0
FrontS65438,-23.5192,-16.8037,2.294e-20,4.548e-20,1.327e-19,0.0011,-0.48,0
FrontS65439,-23.7391,-17.3070,1.763e-16,3.673e-16,1.190e-15,0.0004,-0.01,0
FrontS65442,-23.7317,-17.2532,1.648e-19,2.566e-19,4.603e-19,0.0009,-0.82,0
FrontS65444,-23.3622,-17.3276,2.571e-18,3.187e-18,3.483e-18,-0.0005,0.3,0
FrontS65445,-23.7873,-17.4844,1.618e-18,2.086e-18,2.518e-18,-0.0001,-0.49,0
FrontS65446,-23.4338,-17.2169,2.309e-16,1.984e-16,1.095e-16,0.0008,0.07,0
FrontS65447,-23.6835,-17.2309,1.488e-17,1.570e-17,1.242e-17,0.0001,-1.19,0
FrontS65448,-24.1278,-17.1569,2.157e-16,3.917e-16,9.503e-16,0.0007,-0.09,0
FrontS65449,-24.2806,-17.1523,6.795e-19,9.440e-19,1.413e-18,-0.0004,0.63,0
FrontS65451,-24.0095,-17.3160,1.576e-19,2.578e-19,5.088e-19,0.0007,0.64,0
FrontS65452,-23.9344,-17.1529,5.489e-19,7.390e-19,9.877e-19,0.0002,-0.1,0
FrontS65453,-23.5892,-17.2801,6.024e-18,7.213e-18,7.644e-18,0.0003,-0.98,0
FrontS65454,-23.4422,-17.2956,5.987e-17,1.252e-16,4.171e-16,0.0006,-0.83,0
FrontS65455,-23.9535,-17.0260,1.353e-16,2.254e-16,4.844e-16,0.0003,-0.6,0
FrontS65459,-23.7117,-17.4055,1.790e-18,2.268e-18,2.683e-18,-0.0004,0.58,0
FrontS65461,-23.6574,-17.1360,1.065e-17,1.092e-17,8.553e-18,-0.0004,-1.07,0
FrontS65462,-23.5867,-16.8525,4.887e-17,4.902e-17,3.566e-17,0.0007,-1.26,0
FrontS65463,-23.7608,-17.2840,2.265e-15,1.739e-15,7.422e-16,0.0002,-1.71,1
FrontS65464,-23.7624,-17.2848,1.481e-16,2.303e-16,4.242e-16,-0.0003,-4.93,0
FrontS65465,-23.7623,-17.2839,7.727e-17,1.901e-16,8.749e-16,-0.0001,-7.2,0
FrontS65466,-23.7631,-17.2846,1.814e-15,1.368e-15,5.804e-16,0.0009,-5.17,1
FrontS65467,-23.7611,-17.2853,2.838e-15,2.107e-15,8.420e-16,0.0004,-2.72,0
FrontS65468,-23.7610,-17.2845,8.070e-16,6.474e-16,3.020e-16,-0.0005,-6.62,0
FrontS65469,-23.7620,-17.2834,4.107e-16,3.480e-16,1.877e-16,-0.0001,-7.33,0
FrontS65470,-23.7632,-17.2835,3.202e-15,2.353e-15,9.107e-16,0.0003,-6.55,0
FrontS65472,-23.8814,-17.9423,2.469e-16,3.633e-16,5.777e-16,-0.0003,-0.14,0
FrontS65475,-26.2772,-17.6954,1.742e-19,2.913e-19,5.944e-19,0.0014,-1.39,0
FrontS65476,-24.1831,-16.2220,7.547e-16,6.374e-16,3.265e-16,0.0008,0.24,0
FrontS65477,-26.2181,-18.0633,6.982e-20,1.221e-19,2.775e-19,-0.0002,-0.03,0
FrontS65481,-24.2478,-19.3250,2.498e-20,4.814e-20,1.312e-19,0.0013,-0.22,0
FrontS65482,-23.2627,-18.3705,7.292e-18,8.313e-18,7.852e-18,-0.0006,-0.24,0
FrontS65483,-23.3281,-19.2892,8.909e-18,1.020e-17,9.790e-18,0.0006,-0.73,0
FrontS65486,-23.2557,-19.3692,3.203e-20,5.774e-20,1.424e-19,0.0002,-1.06,0
FrontS65487,-24.5545,-15.3284,9.379e-17,8.561e-17,5.154e-17,0.0001,-0.85,0
FrontS65489,-24.0090,-15.2920,1.337e-17,1.401e-17,1.117e-17,0.0008,-0.54,0
FrontS65496,-25.0876,-16.9404,1.034e-20,1.964e-20,5.304e-20,0.0009,-1.15,0
FrontS65498,-23.0996,-16.3680,9.040e-20,1.497e-19,3.013e-19,0.0017,0.33,0
FrontS65500,-20.4864,-17.5839,1.173e-17,1.309e-17,1.175e-17,0.0012,0.0,0
FrontS65501,-24.2051,-16.1682,3.201e-18,3.839e-18,4.043e-18,0.0,0.39,0
FrontS65502,-25.3804,-16.5338,2.789e-20,5.488e-20,1.694e-19,-0.0002,-0.29,0
FrontS65503,-25.8529,-16.2396,7.754e-17,6.929e-17,4.028e-17,0.0004,-1.08,0
FrontS65506,-21.5647,-16.7905,1.502e-16,2.331e-16,4.121e-16,0.0,0.33,0
FrontS65507,-23.4308,-17.3965,1.240e-18,1.620e-18,1.975e-18,0.0004,-0.58,0
FrontS65513,-25.1455,-16.8582,2.308e-18,3.036e-18,3.865e-18,-0.0001,0.29,0
FrontS65514,-26.6447,-14.2875,7.503e-20,1.170e-19,2.128e-19,0.0004,-0.16,0
FrontS65517,-24.7729,-17.0953,1.983e-17,2.169e-17,1.910e-17,0.0006,-0.47,0
FrontS65518,-26.7889,-16.3851,1.013e-20,2.012e-20,5.901e-20,0.0009,-0.38,0
FrontS65519,-24.5939,-16.3777,6.517e-12,4.593e-12,1.610e-12,0.0006,-0.85,0
FrontS65521,-22.0823,-16.5890,1.132e-20,2.318e-20,7.150e-20,0.0004,-0.03,0
FrontS65522,-20.5561,-15.9006,5.749e-19,8.263e-19,1.274e-18,0.0,-0.14,0
FrontS65524,-24.5877,-16.9145,5.144e-17,4.882e-17,3.206e-17,0.0005,-0.12,0
FrontS65526,-21.5938,-18.0669,1.236e-18,1.674e-18,2.279e-18,-0.0005,-0.95,0
FrontS65529,-25.4448,-16.0029,1.595e-19,2.475e-19,4.406e-19,-0.0001,-0.5,0
FrontS65532,-24.2896,-17.2361,2.398e-20,4.614e-20,1.296e-19,0.0009,-1.24,0
FrontS65534,-23.6701,-15.1113,1.481e-18,2.067e-18,2.967e-18,-0.0002,0.45,0
FrontS65536,-22.4774,-18.2805,1.951e-16,3.146e-16,6.258e-16,0.0012,-0.02,0
FrontS65539,-26.0950,-17.4107,8.937e-19,1.217e-18,1.623e-18,0.0013,-0.34,0
FrontS65544,-23.3813,-19.7331,9.514e-17,8.803e-17,5.375e-17,0.0006,-1.32,0
FrontS65549,-22.0152,-18.9367,1.747e-17,1.839e-17,1.434e-17,0.0009,-0.21,0
FrontS65551,-24.6022,-18.5368,7.727e-12,5.835e-12,2.473e-12,0.0002,-1.1,1
FrontS65552,-24.8701,-18.2292,1.533e-17,1.566e-17,1.162e-17,0.0001,-1.31,0
FrontS65556,-25.5681,-17.2485,1.825e-17,1.971e-17,1.632e-17,0.0009,-0.73,0
FrontS65560,-22.1924,-16.4844,1.568e-18,2.013e-18,2.401e-18,0.0009,0.45,0
FrontS65561,-23.1654,-16.9614,1.089e-19,1.727e-19,3.114e-19,0.0009,-0.37,0
FrontS65562,-20.7963,-18.3018,4.367e-18,5.204e-18,5.302e-18,-0.0,-0.69,0
FrontS65564,-23.2344,-17.3450,8.072e-18,8.716e-18,7.774e-18,-0.0002,-0.38,0
FrontS65565,-23.0801,-19.0589,5.999e-17,1.269e-16,4.356e-16,0.001,0.16,0
FrontS65567,-25.0793,-16.3943,1.147e-18,1.528e-18,1.901e-18,-0.0005,0.3,0
FrontS65568,-21.7486,-20.0276,1.928e-18,2.412e-18,2.752e-18,0.0004,-0.79,0
FrontS65569,-23.4379,-16.7066,5.770e-12,5.058e-12,2.825e-12,-0.0002,-0.66,1
FrontS65571,-21.8546,-16.5623,4.514e-19,6.361e-19,9.317e-19,-0.0002,-0.18,0
FrontS65573,-22.3758,-18.5193,1.129e-16,1.919e-16,4.219e-16,0.0002,-0.74,0
FrontS65574,-22.2402,-17.7617,2.581e-18,3.302e-18,4.007e-18,0.0003,-0.77,0
FrontS65575,-23.1582,-15.0641,4.080e-20,7.387e-20,1.868e-19,0.0004,-0.35,0
FrontS65576,-23.7654,-17.0895,1.024e-17,1.105e-17,9.595e-18,0.0005,-0.8,0
FrontS65578,-23.8811,-16.2655,7.324e-18,8.544e-18,8.497e-18,0.0002,0.05,0
FrontS65581,-23.5440,-17.9919,1.200e-17,1.282e-17,1.072e-17,0.0001,0.02,0
FrontS65583,-24.4831,-19.0705,1.172e-19,2.034e-19,4.637e-19,-0.0002,-1.09,0
FrontS65584,-21.2110,-17.9231,2.668e-20,5.416e-20,1.673e-19,-0.0005,0.12,0
FrontS65586,-24.2297,-18.7233,1.181e-18,1.584e-18,2.191e-18,0.0006,-0.13,0
FrontS65588,-22.5094,-17.1062,2.214e-19,3.388e-19,5.965e-19,0.0002,0.34,0
FrontS65589,-23.1973,-16.5879,1.233e-16,1.112e-16,6.593e-17,-0.0003,0.27,0
FrontS65590,-24.5434,-18.1797,3.178e-16,8.304e-16,4.572e-15,0.0004,0.09,0
FrontS65593,-22.8102,-15.4035,7.226e-19,9.259e-19,1.149e-18,-0.0004,-0.09,0
FrontS65595,-22.4018,-18.0610,1.946e-19,2.963e-19,5.310e-19,-0.0002,0.17,0
FrontS65598,-26.0100,-20.0338,4.263e-19,6.026e-19,9.175e-19,0.0013,-0.1,0
FrontS65600,-23.4326,-16.6182,3.283e-17,3.399e-17,2.701e-17,-0.0008,-0.91,0
FrontS65602,-22.5902,-19.4585,1.820e-16,1.544e-16,8.186e-17,0.0004,-0.27,0
FrontS65604,-22.4915,-16.4368,1.935e-20,3.803e-20,1.136e-19,0.0009,-0.91,0
FrontS65605,-22.2776,-16.8861,5.810e-19,8.463e-19,1.304e-18,0.0007,-0.55,0
FrontS65606,-23.3485,-15.9962,5.969e-20,1.049e-19,2.388e-19,0.0003,-0.37,0
FrontS65607,-24.4262,-16.7485,3.733e-18,4.638e-18,5.449e-18,0.0008,-1.19,0
FrontS65609,-22.7286,-16.0378,2.125e-20,4.285e-20,1.323e-19,0.0005,-0.84,0
FrontS65611,-24.2807,-18.2968,1.639e-19,2.508e-19,4.338e-19,-0.0002,-0.06,0
FrontS65612,-24.5063,-14.1270,7.460e-18,8.693e-18,8.437e-18,0.0007,-0.79,0
FrontS65615,-21.5627,-18.3214,2.420e-17,2.417e-17,1.790e-17,-0.0001,0.31,0
FrontS65616,-24.5384,-18.3538,2.878e-20,5.476e-20,1.544e-19,0.0003,-1.1,0
FrontS65618,-22.6181,-15.5481,1.345e-20,2.540e-20,6.978e-20,0.0006,-0.89,0
FrontS65619,-23.2533,-16.9278,2.223e-17,2.309e-17,1.741e-17,0.0009,0.5,0
FrontS65622,-23.6739,-17.1814,2.351e-19,3.558e-19,5.920e-19,0.0009,-0.42,0
FrontS65623,-23.0091,-14.2419,3.067e-19,4.645e-19,7.778e-19,0.0007,0.18,0
FrontS65629,-24.4892,-20.0024,6.332e-19,8.923e-19,1.310e-18,-0.0,-1.2,0
FrontS65630,-24.8233,-18.1555,2.993e-17,3.193e-17,2.618e-17,0.0011,-1.02,0
FrontS65631,-19.1021,-16.8847,1.145e-18,1.548e-18,2.050e-18,0.0002,0.37,0
FrontS65632,-23.6451,-18.3084,2.514e-18,3.122e-18,3.537e-18,0.0002,-0.59,0
FrontS65635,-25.0089,-15.3308,2.235e-17,2.292e-17,1.737e-17,0.0011,-0.3,0
FrontS65636,-23.8465,-16.0599,4.413e-17,7.237e-17,1.437e-16,0.0005,-0.55,0
FrontS65638,-23.0866,-18.0931,2.707e-17,2.663e-17,1.914e-17,0.0008,-0.98,0
FrontS65642,-22.0017,-16.0066,1.250e-19,1.952e-19,3.677e-19,0.0007,-0.24,0
FrontS65643,-23.5828,-19.9883,1.205e-20,2.399e-20,7.212e-20,0.0013,-0.02,0
FrontS65646,-25.4091,-16.8066,6.437e-20,1.113e-19,2.541e-19,0.0003,0.04,0
FrontS65649,-23.6239,-20.1597,1.302e-12,8.806e-13,2.975e-13,0.0008,-1.04,0
FrontS65651,-23.4254,-15.2063,1.696e-18,2.137e-18,2.507e-18,0.0008,-0.88,0
FrontS65652,-22.7891,-14.7990,6.465e-19,9.408e-19,1.477e-18,0.0003,0.1,0
FrontS65653,-25.5375,-15.9678,2.259e-18,2.870e-18,3.468e-18,0.0006,-0.45,0
FrontS65654,-23.9157,-17.6233,5.100e-18,5.979e-18,5.926e-18,0.0007,0.11,0
FrontS65655,-23.5656,-15.6887,2.623e-20,5.013e-20,1.401e-19,0.0007,-0.46,0
FrontS65656,-22.3414,-20.7437,4.138e-20,7.252e-20,1.623e-19,0.0008,-0.55,0
FrontS65657,-23.7555,-17.8165,9.542e-18,1.125e-17,1.131e-17,-0.0001,-0.34,0
FrontS65658,-26.3400,-16.6251,3.675e-20,6.395e-20,1.406e-19,0.0006,-1.32,0
FrontS65660,-23.6255,-17.6841,1.999e-19,3.176e-19,6.097e-19,-0.0006,0.22,0
FrontS65661,-21.2065,-14.4776,4.187e-13,2.748e-13,8.547e-14,0.0003,-0.45,0
FrontS65664,-26.2652,-16.4725,6.577e-18,6.991e-18,5.827e-18,0.0002,-0.53,0
FrontS65665,-26.2114,-19.3528,7.686e-18,8.643e-18,7.764e-18,-0.0005,-0.56,0
FrontS65666,-24.0788,-15.6051,1.762e-19,2.924e-19,5.894e-19,0.0007,-0.71,0
FrontS65668,-25.2436,-19.1440,2.687e-19,4.104e-19,6.987e-19,0.0006,0.12,0
FrontS65671,-23.8605,-16.7045,4.720e-16,1.001e-15,3.557e-15,0.0002,-0.07,0
FrontS65672,-21.0391,-16.3588,1.246e-18,1.654e-18,2.140e-18,0.0003,0.35,0
FrontS65674,-22.7718,-17.3193,1.044e-20,2.169e-20,6.837e-20,-0.0001,-0.04,0
FrontS65676,-22.5686,-14.7851,8.061e-20,1.369e-19,2.946e-19,-0.0005,-0.33,0
FrontS65677,-25.8795,-16.2633,9.060e-17,8.031e-17,4.742e-17,0.0008,0.2,0
FrontS65679,-22.0303,-16.8579,1.229e-20,2.427e-20,7.259e-20,0.0006,-0.57,0
FrontS65680,-25.6550,-18.1906,2.721e-16,5.710e-16,1.904e-15,0.0007,-0.61,0
FrontS65681,-24.2868,-17.4868,5.360e-16,4.293e-16,2.032e-16,-0.0,-0.54,0
FrontS65682,-26.0364,-17.9755,1.777e-18,2.431e-18,3.360e-18,0.0007,-0.47,0
FrontS65683,-22.7210,-16.6899,2.582e-17,2.640e-17,1.983e-17,-0.0007,-0.88,0
FrontS65684,-23.6413,-17.3680,2.972e-20,5.810e-20,1.640e-19,0.0003,-0.82,0
FrontS65685,-23.2805,-17.0267,2.539e-16,2.134e-16,1.080e-16,0.0004,-0.08,0
FrontS65686,-25.0900,-16.2578,3.523e-20,6.853e-20,1.956e-19,0.0003,0.05,0
FrontS65687,-24.8500,-19.6889,3.496e-19,5.062e-19,7.926e-19,-0.0007,-0.93,0
FrontS65688,-23.0710,-19.9837,1.200e-18,1.564e-18,1.930e-18,0.0003,-1.11,0
FrontS65696,-24.3675,-16.6305,2.863e-18,3.518e-18,3.832e-18,0.0012,-1.36,0
FrontS65697,-22.6129,-14.9389,3.123e-20,5.894e-20,1.580e-19,-0.0005,-0.1,0
FrontS65702,-24.2047,-16.1840,3.156e-17,3.130e-17,2.175e-17,0.0012,-0.38,0
FrontS65705,-24.3379,-16.3517,3.052e-16,5.293e-16,1.184e-15,0.0008,-0.03,0
FrontS65706,-23.0280,-16.5145,8.850e-17,8.017e-17,4.777e-17,0.0002,0.22,0
FrontS65708,-23.5954,-17.8780,5.113e-18,5.870e-18,5.648e-18,0.0003,0.04,0
FrontS65709,-23.5967,-16.7334,1.321e-16,1.127e-16,5.945e-17,0.001,-1.43,0
FrontS65710,-25.6997,-18.9885,2.670e-19,4.107e-19,7.392e-19,0.0005,-0.6,0
FrontS65715,-23.7576,-17.4668,2.887e-17,2.949e-17,2.242e-17,0.0005,-0.32,0
FrontS65717,-26.9194,-15.6097,3.634e-20,6.578e-20,1.601e-19,0.001,-0.48,0
FrontS65719,-24.6499,-18.8743,2.571e-16,4.641e-16,1.148e-15,0.0004,-0.1,0
FrontS65721,-24.4227,-18.5240,3.184e-17,3.270e-17,2.518e-17,0.0002,-0.2,0
FrontS65722,-23.6580,-19.2504,3.407e-18,4.035e-18,4.329e-18,0.0002,-0.28,0
FrontS65725,-25.8023,-18.5600,5.535e-18,6.058e-18,5.474e-18,0.0005,-0.63,0
FrontS65726,-23.7020,-15.6711,1.408e-19,2.385e-19,5.035e-19,-0.0005,-0.4,0
FrontS65730,-24.5257,-15.6780,2.448e-20,5.006e-20,1.531e-19,0.0002,-0.09,0
FrontS65731,-22.4181,-17.0983,1.560e-19,2.532e-19,4.833e-19,0.0003,-0.53,0
FrontS65734,-21.2647,-16.7870,6.318e-17,5.731e-17,3.463e-17,0.0011,-0.24,0
FrontS65735,-23.7176,-17.1775,4.098e-17,7.403e-17,1.769e-16,-0.0002,-0.7,0
FrontS65739,-25.1380,-18.4297,2.455e-17,2.482e-17,1.862e-17,0.0001,-0.91,0
FrontS65740,-24.5775,-19.4534,1.039e-18,1.332e-18,1.565e-18,0.0004,-0.36,0
FrontS65741,-22.7773,-18.4854,1.886e-19,2.886e-19,5.038e-19,0.0006,-0.28,0
FrontS65742,-22.7992,-15.5307,2.052e-16,1.778e-16,9.750e-17,0.0007,-0.51,0
FrontS65752,-25.6335,-18.8748,3.012e-20,5.743e-20,1.511e-19,0.0004,-0.57,0
FrontS65754,-23.9629,-15.0335,4.088e-20,6.884e-20,1.455e-19,0.0012,-0.06,0
FrontS65755,-24.3848,-18.0270,2.558e-20,4.462e-20,1.065e-19,-0.0001,-0.52,0
FrontS65757,-24.5941,-17.1916,1.533e-16,1.373e-16,7.684e-17,0.0008,-0.95,0
FrontS65758,-22.5031,-18.6112,2.230e-15,1.617e-15,6.191e-16,0.0002,-0.53,0
FrontS65760,-20.6434,-15.7309,3.289e-19,4.551e-19,6.293e-19,0.0004,-0.07,0
FrontS65761,-23.7216,-16.0483,1.031e-18,1.372e-18,1.866e-18,-0.0003,-0.19,0
FrontS65763,-25.3533,-16.4872,1.949e-19,3.116e-19,5.940e-19,0.0007,-0.12,0
FrontS65765,-23.4673,-17.7422,2.725e-18,3.283e-18,3.312e-18,0.0005,-0.59,0
FrontS65766,-25.1759,-17.6821,4.007e-20,7.340e-20,1.817e-19,-0.0015,-0.32,0
FrontS65771,-24.0364,-17.7066,4.609e-19,6.763e-19,1.106e-18,0.0009,-0.06,0
FrontS65772,-25.1599,-14.9115,1.301e-17,1.395e-17,1.171e-17,-0.0001,-0.27,0
FrontS65774,-24.2560,-15.6407,7.209e-18,8.266e-18,7.750e-18,0.0013,0.36,0
FrontS65776,-21.2749,-18.1829,3.777e-18,4.410e-18,4.471e-18,0.0013,-0.64,0
FrontS65777,-22.0912,-18.1884,6.195e-19,9.024e-19,1.380e-18,0.0004,-0.57,0
FrontS65778,-20.6840,-15.1671,2.532e-12,1.735e-12,5.905e-13,0.0011,0.3,0
FrontS65780,-24.8326,-16.6195,2.744e-19,4.101e-19,6.899e-19,-0.0005,-1.07,0
FrontS65781,-21.6554,-16.3906,1.016e-19,1.632e-19,3.082e-19,0.0003,0.39,0
FrontS65782,-23.7760,-17.6132,3.420e-17,3.322e-17,2.303e-17,0.0011,-0.37,0
FrontS65783,-23.6041,-17.6067,9.631e-17,1.424e-16,2.326e-16,0.0007,-0.95,0
FrontS65784,-25.6671,-15.7600,2.281e-20,4.397e-20,1.174e-19,-0.0002,-1.18,0
FrontS65785,-22.8097,-16.4718,1.117e-20,2.301e-20,7.365e-20,-0.0,0.05,0
FrontS65786,-21.2677,-15.9447,1.753e-16,1.599e-16,9.241e-17,-0.0001,0.44,0
FrontS65787,-23.2583,-19.1185,3.507e-18,4.447e-18,5.097e-18,0.0003,-1.08,0
FrontS65788,-24.4671,-18.3970,4.024e-19,5.919e-19,9.438e-19,0.0007,-1.21,0
FrontS65789,-25.9996,-15.6066,3.218e-17,3.245e-17,2.314e-17,0.0008,0.08,0
FrontS65790,-22.6145,-14.5509,1.470e-16,1.323e-16,7.691e-17,-0.0002,0.46,0
FrontS65792,-25.1533,-15.8547,5.761e-17,5.732e-17,4.195e-17,0.0002,-0.53,0
FrontS65793,-23.4192,-17.0801,7.678e-18,8.316e-18,7.438e-18,0.0008,-0.17,0
FrontS65794,-21.4419,-16.5554,1.454e-19,2.245e-19,3.971e-19,0.0007,-0.29,0
FrontS65795,-24.9763,-17.6490,1.334e-20,2.615e-20,7.805e-20,0.0007,-0.72,0
FrontS65796,-25.4537,-17.4539,4.103e-17,4.048e-17,2.899e-17,0.0001,-0.83,0
FrontS65798,-24.3641,-16.4238,9.903e-20,1.734e-19,4.102e-19,0.0011,-0.08,0
FrontS65799,-24.5917,-15.6712,9.976e-17,1.654e-16,3.536e-16,0.0006,0.33,0
FrontS65800,-24.0705,-15.7406,1.803e-16,2.971e-16,6.148e-16,0.0006,-0.37,0
FrontS65801,-23.1997,-16.6756,2.644e-17,2.711e-17,2.065e-17,0.0004,-0.33,0
FrontS65803,-23.1049,-18.6714,3.491e-18,4.275e-18,4.545e-18,0.0007,0.24,0
FrontS65804,-23.4434,-17.6440,2.568e-18,3.055e-18,3.259e-18,0.0001,-0.52,0
FrontS65807,-24.0506,-16.9249,2.267e-20,4.231e-20,1.120e-19,0.0011,-0.45,0
FrontS65809,-22.0024,-17.3881,2.480e-20,4.770e-20,1.347e-19,0.0003,-0.37,0
FrontS65812,-25.4448,-18.0920,1.188e-20,2.376e-20,7.112e-20,0.0006,-0.29,0
FrontS65814,-25.9280,-20.1026,1.762e-20,3.353e-20,9.106e-20,0.0003,-1.45,0
FrontS65816,-21.3201,-16.1306,1.672e-18,2.152e-18,2.562e-18,0.0003,-0.05,0
FrontS65817,-23.8522,-13.5470,1.372e-18,1.946e-18,2.791e-18,0.0004,-0.16,0
FrontS65820,-25.6997,-17.4486,6.521e-18,7.652e-18,7.519e-18,0.0003,-0.04,0
FrontS65821,-25.6598,-17.7546,1.840e-19,2.842e-19,4.956e-19,0.0007,-1.01,0
FrontS65822,-23.9906,-19.4892,1.521e-18,2.020e-18,2.574e-18,0.0009,-1.39,0
FrontS65823,-24.5986,-14.4106,5.086e-18,6.567e-18,8.067e-18,0.0005,-0.26,0
FrontS65826,-21.7000,-16.0303,3.315e-18,3.846e-18,3.958e-18,0.0007,-0.16,0
FrontS65827,-21.0607,-18.8604,4.208e-20,7.488e-20,1.739e-19,0.001,-0.35,0
FrontS65832,-23.9685,-16.6580,2.141e-20,4.037e-20,1.126e-19,0.0003,-0.17,0
FrontS65834,-21.4778,-15.7961,1.324e-16,2.336e-16,5.460e-16,-0.0001,-0.27,0
FrontS65835,-22.4957,-16.1494,4.577e-19,6.694e-19,1.041e-18,0.0007,-0.74,0
FrontS65836,-22.0692,-18.1528,1.646e-16,2.456e-16,3.948e-16,-0.0002,-1.02,0
FrontS65837,-24.4829,-18.6270,2.978e-20,5.501e-20,1.422e-19,0.0006,-0.96,0
FrontS65840,-23.0610,-16.2950,1.051e-20,2.140e-20,6.628e-20,0.0003,-0.42,0
FrontS65843,-22.3067,-16.4656,7.766e-12,6.685e-12,3.484e-12,0.001,-0.28,1
FrontS65845,-22.2762,-17.7465,2.107e-20,4.153e-20,1.220e-19,-0.0001,0.16,0
FrontS65846,-22.8555,-19.1680,3.444e-20,6.085e-20,1.451e-19,0.0012,-1.1,0
FrontS65848,-22.0743,-16.6290,5.625e-17,5.164e-17,2.991e-17,-0.0003,-0.56,0
FrontS65849,-25.5811,-16.2188,3.387e-19,5.017e-19,7.872e-19,0.0005,-0.96,0
FrontS65851,-22.7946,-16.7484,3.507e-17,3.579e-17,2.643e-17,0.0009,0.09,0
FrontS65853,-23.8358,-17.4153,2.045e-19,3.143e-19,5.533e-19,0.0002,0.32,0
FrontS65855,-24.0084,-18.6113,4.914e-19,6.989e-19,1.008e-18,0.0003,-0.91,0
FrontS65859,-24.3113,-16.7534,1.426e-19,2.406e-19,5.063e-19,0.0002,0.23,0
FrontS65862,-20.7714,-17.3743,1.952e-16,1.664e-16,8.880e-17,0.0012,0.23,0
FrontS65864,-25.1559,-17.4666,1.570e-18,2.063e-18,2.697e-18,0.0002,-0.71,0
FrontS65868,-21.0696,-15.3585,1.539e-19,2.274e-19,3.775e-19,0.0001,-0.16,0
FrontS65871,-23.8676,-19.2558,1.176e-16,1.748e-16,2.728e-16,0.0006,-0.68,0
FrontS65872,-25.0906,-18.4549,2.101e-16,3.782e-16,9.481e-16,0.0013,-1.08,0
FrontS65877,-23.6952,-17.6820,4.043e-16,3.404e-16,1.736e-16,0.0001,-0.53,0
FrontS65878,-22.7414,-18.7075,4.228e-19,6.264e-19,1.056e-18,-0.0003,-1.07,0
FrontS65882,-23.8566,-16.5593,3.203e-20,5.887e-20,1.482e-19,0.0004,-1.15,0
FrontS65884,-24.6484,-17.0232,2.774e-19,4.163e-19,7.112e-19,0.0003,-0.92,0
FrontS65885,-28.1273,-18.7523,2.077e-19,3.326e-19,6.335e-19,0.001,-1.35,0
FrontS65886,-22.7905,-18.7665,7.180e-17,6.498e-17,3.942e-17,0.0004,-0.97,0
FrontS65887,-23.6402,-15.1248,2.416e-20,4.319e-20,1.063e-19,0.0005,-0.13,0
FrontS65888,-24.6561,-17.9972,1.663e-16,1.519e-16,9.252e-17,-0.0004,-0.66,0
FrontS65889,-24.8400,-16.2758,1.376e-19,2.158e-19,3.985e-19,0.001,-1.06,0
FrontS65891,-22.2184,-14.1546,1.650e-20,3.231e-20,9.180e-20,0.0,0.51,0
FrontS65894,-24.9868,-14.9347,8.963e-14,5.870e-14,1.857e-14,0.0004,-0.86,0
FrontS65895,-22.8101,-15.6291,8.202e-18,9.032e-18,8.159e-18,0.0004,-0.43,0
FrontS65896,-24.3008,-14.6449,2.694e-17,2.786e-17,2.200e-17,0.0005,0.08,0
FrontS65898,-23.2147,-16.5602,1.578e-19,2.735e-19,6.088e-19,0.0004,-1.08,0
FrontS65899,-24.0741,-18.7965,1.894e-19,2.988e-19,5.760e-19,-0.0004,-1.12,0
FrontS65903,-23.8893,-17.4344,3.761e-17,3.599e-17,2.328e-17,0.0001,-0.16,0
FrontS65904,-22.2597,-16.9931,1.723e-19,2.681e-19,5.094e-19,0.0002,-1.02,0
FrontS65906,-23.2320,-14.5916,1.765e-19,2.744e-19,4.753e-19,0.0012,-0.33,0
FrontS65909,-24.2338,-19.9825,3.949e-19,6.125e-19,1.068e-18,0.0009,-1.01,0
FrontS65910,-24.0494,-19.4295,9.822e-17,8.795e-17,5.196e-17,0.0002,-0.76,0
FrontS65912,-24.8940,-19.0383,5.204e-20,9.875e-20,2.750e-19,0.0016,-0.73,0
FrontS65916,-23.1870,-19.6353,1.604e-20,2.846e-20,6.767e-20,0.0,0.17,0
FrontS65917,-22.5466,-17.4946,2.587e-20,5.245e-20,1.618e-19,0.0008,-0.02,0
FrontS65919,-24.4324,-17.1043,1.319e-19,2.124e-19,4.276e-19,0.0001,-1.27,0
FrontS65920,-23.5295,-17.9561,8.462e-19,1.180e-18,1.714e-18,0.0008,0.01,0
FrontS65921,-24.3521,-16.5190,1.491e-18,1.975e-18,2.501e-18,0.001,-0.11,0
FrontS65926,-24.0490,-16.2058,1.940e-19,2.920e-19,4.855e-19,-0.0002,0.23,0
FrontS65928,-22.1563,-14.9591,1.392e-18,1.812e-18,2.234e-18,0.0005,0.2,0
FrontS65929,-24.2657,-18.6721,4.998e-17,4.918e-17,3.342e-17,0.0,-0.21,0
FrontS65934,-24.8315,-15.5961,1.002e-16,1.448e-16,2.245e-16,0.0006,0.26,0
FrontS65935,-21.9420,-14.2861,5.358e-20,9.087e-20,1.960e-19,-0.0006,-0.46,0
FrontS65936,-22.4703,-18.3419,2.876e-18,3.825e-18,4.862e-18,0.0008,-1.05,0
FrontS65937,-22.1382,-17.6912,1.006e-20,2.045e-20,6.410e-20,0.0008,-0.66,0
FrontS65938,-24.0751,-19.4977,9.286e-20,1.542e-19,3.123e-19,0.0,-0.19,0
FrontS65940,-22.9146,-16.8172,6.344e-20,1.038e-19,2.123e-19,0.0005,-0.14,0
FrontS65941,-22.5344,-13.9615,3.002e-16,2.536e-16,1.299e-16,-0.0004,-0.27,0
FrontS65942,-24.0478,-15.0364,2.122e-17,2.287e-17,1.893e-17,-0.0001,-0.22,0
FrontS65944,-25.7609,-19.1144,5.043e-19,7.110e-19,1.059e-18,0.0006,-0.98,0
FrontS65949,-21.2693,-17.7171,2.567e-19,3.785e-19,6.264e-19,0.0004,0.03,0
FrontS65951,-23.3446,-16.8346,7.253e-17,7.131e-17,4.773e-17,-0.0003,-0.25,0
FrontS65952,-23.8242,-18.0365,3.297e-16,7.012e-16,2.395e-15,-0.0002,0.09,0
FrontS65953,-25.6861,-18.3961,1.070e-16,9.751e-17,5.684e-17,0.0001,0.14,0
FrontS65954,-21.3990,-17.5671,7.705e-17,1.335e-16,2.943e-16,0.0002,-0.69,0
FrontS65956,-22.1694,-16.0784,1.247e-20,2.376e-20,6.284e-20,0.0009,-0.92,0
FrontS65958,-22.3180,-16.0645,8.072e-16,6.371e-16,2.837e-16,0.0001,0.51,0
FrontS65959,-22.8254,-18.1716,9.463e-20,1.555e-19,3.146e-19,0.0003,-0.04,0
FrontS65961,-25.7045,-18.5402,3.641e-20,6.510e-20,1.559e-19,0.0013,-0.6,0
FrontS65962,-23.8946,-15.4087,1.269e-17,1.403e-17,1.271e-17,0.0005,-0.54,0
FrontS65963,-22.8785,-16.5333,4.677e-18,5.360e-18,5.310e-18,0.0,-0.56,0
FrontS65964,-23.2161,-15.2111,1.929e-17,1.917e-17,1.367e-17,0.0006,0.32,0
FrontS65967,-24.7911,-17.3377,2.604e-17,2.629e-17,1.975e-17,0.0002,0.06,0
FrontS65968,-25.5421,-16.8558,9.337e-19,1.204e-18,1.506e-18,0.0004,0.05,0
FrontS65969,-25.7058,-16.3273,1.643e-19,2.729e-19,5.481e-19,0.0002,-0.14,0
FrontS65971,-23.0586,-16.3817,9.661e-18,1.139e-17,1.125e-17,0.0007,0.31,0
FrontS65972,-24.3479,-18.4821,5.568e-12,4.413e-12,2.002e-12,0.001,-0.45,1
FrontS65974,-23.4974,-17.0480,8.236e-20,1.385e-19,2.852e-19,-0.0002,-0.08,0
FrontS65979,-26.3819,-17.3883,1.599e-20,3.042e-20,8.705e-20,0.0002,-0.03,0
FrontS65982,-23.8855,-16.8765,1.901e-20,3.349e-20,8.075e-20,-0.0002,-0.67,0
FrontS65985,-23.4378,-15.4682,1.494e-17,1.604e-17,1.294e-17,0.0011,-0.9,0
FrontS65988,-23.4978,-15.9697,1.197e-20,2.566e-20,8.618e-20,0.0006,-1.12,0
FrontS65989,-23.2162,-17.1112,1.122e-12,1.072e-12,7.342e-13,0.0004,-1.13,0
FrontS65993,-24.3218,-17.9516,1.481e-16,1.311e-16,7.535e-17,0.0,-0.37,0
FrontS65997,-25.0584,-18.3427,1.064e-20,2.186e-20,7.335e-20,0.0011,-0.3,0
FrontS65999,-22.1645,-19.1001,4.408e-20,7.604e-20,1.731e-19,0.0005,-0.52,0
FrontS66001,-25.8813,-16.6194,5.694e-20,9.977e-20,2.325e-19,-0.0006,-1.26,0
FrontS66002,-24.8695,-15.7566,1.388e-19,2.259e-19,4.472e-19,0.0001,0.24,0
FrontS66005,-23.8618,-17.2652,1.513e-19,2.299e-19,4.047e-19,-0.0004,0.28,0
FrontS66007,-26.6057,-16.0833,4.265e-19,6.001e-19,8.846e-19,0.0002,-0.28,0
FrontS66009,-23.5332,-15.6576,2.562e-12,2.893e-12,2.622e-12,0.0005,-0.31,0
FrontS66010,-24.4289,-18.7148,3.515e-19,5.142e-19,8.089e-19,0.0002,-0.97,0
FrontS66011,-21.7740,-15.0948,2.198e-20,3.844e-20,8.664e-20,0.0005,-0.16,0
FrontS66012,-24.5866,-16.5565,1.002e-19,1.757e-19,3.952e-19,-0.0001,-0.34,0
FrontS66013,-23.9626,-17.5987,3.595e-17,3.705e-17,2.845e-17,0.0008,0.11,0
FrontS66014,-25.6101,-17.1671,5.539e-18,6.296e-18,5.983e-18,0.0003,-0.63,0
FrontS66018,-23.8354,-19.5262,3.156e-20,5.710e-20,1.412e-19,0.0002,-0.54,0
FrontS66019,-23.2692,-17.2099,3.667e-20,6.276e-20,1.382e-19,-0.0001,-0.66,0
FrontS66020,-25.1676,-18.5491,1.248e-17,1.316e-17,1.047e-17,0.0005,-0.78,0
FrontS66021,-24.2118,-17.3669,5.265e-19,7.360e-19,1.066e-18,-0.0004,-0.61,0
FrontS66022,-22.1688,-17.8349,4.168e-19,6.170e-19,9.780e-19,0.001,0.32,0
FrontS66027,-22.3796,-15.2333,1.342e-18,1.697e-18,2.040e-18,0.0001,-0.87,0
FrontS66028,-25.9330,-20.0462,1.700e-16,3.122e-16,7.678e-16,0.0004,-0.12,0
FrontS66031,-23.4869,-16.2463,3.223e-20,5.566e-20,1.219e-19,-0.0004,-0.99,0
FrontS66033,-25.2732,-17.1177,5.334e-20,9.430e-20,2.201e-19,0.0005,-0.42,0
FrontS66035,-21.6628,-18.2110,1.145e-18,1.525e-18,2.017e-18,0.0001,0.08,0
FrontS66037,-26.9945,-18.2134,5.668e-19,8.282e-19,1.320e-18,0.0002,-0.31,0
FrontS66039,-25.6382,-16.5394,1.206e-16,2.333e-16,6.594e-16,0.0004,-0.51,0
FrontS66041,-22.7482,-17.7141,7.617e-18,8.644e-18,8.052e-18,0.0001,-1.03,0
FrontS66042,-24.5980,-16.2895,1.207e-18,1.613e-18,2.062e-18,0.0002,0.07,0
FrontS66045,-21.6630,-16.4994,2.397e-20,4.433e-20,1.183e-19,-0.0005,0.12,0
FrontS66046,-21.9411,-17.4091,2.882e-20,5.337e-20,1.403e-19,0.0002,0.18,0
FrontS66047,-22.8846,-16.6728,1.289e-17,1.345e-17,1.099e-17,-0.0001,0.12,0
FrontS66049,-21.5929,-15.7288,1.046e-16,9.363e-17,5.272e-17,0.0006,-0.52,0
FrontS66051,-25.3503,-19.2050,3.909e-17,7.423e-17,2.058e-16,-0.0004,-1.44,0
FrontS66053,-23.4756,-16.5239,1.457e-19,2.362e-19,4.668e-19,0.0009,-1.31,0
FrontS66054,-25.2528,-16.6891,2.263e-19,3.474e-19,6.071e-19,-0.0004,-0.28,0
FrontS66056,-23.6254,-17.1630,1.530e-16,1.298e-16,6.855e-17,0.001,0.03,0
FrontS66058,-22.6566,-17.1203,2.809e-20,5.137e-20,1.260e-19,0.0008,-0.84,0
FrontS66059,-25.0839,-16.7212,1.390e-16,2.272e-16,4.426e-16,0.0008,-0.23,0
FrontS66061,-24.1803,-17.8786,4.671e-18,5.559e-18,5.536e-18,-0.0004,-1.22,0
FrontS66063,-23.6151,-17.2214,1.571e-20,2.941e-20,8.136e-20,0.0004,-0.12,0
FrontS66064,-24.2820,-18.0853,8.942e-18,1.069e-17,1.081e-17,-0.0003,0.22,0
FrontS66067,-21.7824,-18.6364,9.323e-20,1.582e-19,3.406e-19,0.0004,-1.05,0
FrontS66071,-21.2314,-16.5148,1.256e-17,1.325e-17,1.044e-17,0.0007,0.45,0
FrontS66072,-22.3845,-16.6879,2.622e-18,3.250e-18,3.779e-18,0.0008,-0.75,0
FrontS66073,-25.1279,-14.1972,5.464e-20,9.230e-20,1.964e-19,-0.0006,-0.26,0
FrontS66074,-23.7737,-16.3594,1.626e-18,2.004e-18,2.180e-18,0.0013,-0.89,0
FrontS66075,-25.7631,-16.8165,7.476e-20,1.232e-19,2.549e-19,0.0001,-0.97,0
FrontS66078,-23.1469,-16.6234,1.371e-18,1.711e-18,1.969e-18,-0.0001,0.01,0
FrontS66079,-23.7728,-17.7374,5.555e-19,7.801e-19,1.119e-18,0.0008,-0.17,0
FrontS66080,-24.9799,-18.8433,2.443e-12,1.673e-12,5.530e-13,0.0007,-0.03,0
FrontS66081,-23.9858,-14.4928,1.013e-20,2.161e-20,7.419e-20,0.0002,-0.12,0
FrontS66082,-22.4588,-16.7127,7.642e-19,1.033e-18,1.408e-18,0.0006,0.38,0
FrontS66084,-22.5840,-17.5451,2.138e-17,2.422e-17,2.219e-17,-0.0004,-0.3,0
FrontS66085,-22.0691,-18.7300,4.794e-18,5.215e-18,4.514e-18,-0.0003,0.01,0
FrontS66086,-24.0547,-18.1405,3.095e-12,2.155e-12,7.665e-13,0.0001,0.13,0
FrontS66090,-24.1156,-16.5181,3.211e-20,5.334e-20,1.135e-19,0.0005,-0.88,0
FrontS66092,-22.4683,-17.2770,1.021e-19,1.657e-19,3.235e-19,0.0004,0.21,0
FrontS66093,-24.5958,-15.6787,2.431e-17,2.285e-17,1.494e-17,0.0006,0.17,0
FrontS66094,-23.1922,-16.0818,1.156e-20,2.412e-20,8.110e-20,0.0001,-0.83,0
FrontS66095,-24.6488,-19.8681,1.370e-18,1.859e-18,2.606e-18,0.0001,-0.13,0
FrontS66096,-27.1963,-17.0843,9.483e-20,1.570e-19,3.172e-19,0.0002,-0.73,0
FrontS66098,-25.2587,-17.8402,1.921e-17,1.939e-17,1.467e-17,0.0002,-1.13,0
FrontS66100,-23.0717,-17.6718,1.943e-20,3.722e-20,1.037e-19,-0.0003,0.16,0
FrontS66102,-25.1096,-16.2108,1.114e-18,1.482e-18,1.956e-18,0.0004,-0.4,0
FrontS66104,-22.0775,-17.6754,5.299e-19,7.290e-19,1.029e-18,0.0003,-0.61,0
FrontS66105,-24.9587,-19.2379,1.979e-19,3.308e-19,6.891e-19,0.0008,-0.51,0
FrontS66108,-22.6072,-19.9480,5.185e-17,5.100e-17,3.568e-17,0.0008,-0.19,0
FrontS66109,-22.9712,-17.7193,1.094e-17,1.153e-17,9.263e-18,0.0003,-1.29,0
FrontS66111,-25.4926,-18.1651,1.910e-20,3.504e-20,9.247e-20,-0.0002,-0.46,0
FrontS66114,-23.1359,-18.6814,8.649e-19,1.221e-18,1.764e-18,0.0009,-0.83,0
FrontS66117,-26.4322,-17.9600,2.412e-18,2.807e-18,2.742e-18,0.0005,-0.99,0
FrontS66118,-23.9950,-17.1930,6.792e-20,1.152e-19,2.475e-19,0.0003,-0.81,0
FrontS66121,-22.1164,-15.7865,1.355e-20,2.685e-20,7.987e-20,0.0001,-0.28,0
FrontS66122,-21.8980,-15.8486,7.557e-20,1.301e-19,2.988e-19,-0.0005,0.2,0
FrontS66123,-24.6728,-15.5214,1.761e-18,2.403e-18,3.205e-18,-0.0004,-0.21,0
FrontS66124,-20.8893,-17.3753,8.099e-18,8.764e-18,7.587e-18,0.0009,0.0,0
FrontS66125,-26.1132,-17.7865,1.704e-19,2.523e-19,4.167e-19,-0.0001,0.05,0
FrontS66126,-22.6849,-17.3298,8.202e-18,9.949e-18,1.015e-17,0.0001,-0.76,0
FrontS66127,-23.9155,-15.6200,2.610e-19,3.891e-19,6.213e-19,0.0005,0.37,0
FrontS66128,-21.5931,-16.7688,1.422e-17,1.546e-17,1.297e-17,0.0005,0.41,0
FrontS66129,-22.5998,-14.4585,4.701e-19,6.989e-19,1.131e-18,0.0002,-0.81,0
FrontS66130,-25.5043,-18.0073,3.764e-19,5.606e-19,9.450e-19,0.0013,-0.52,0
FrontS66132,-23.3447,-17.4446,5.721e-20,1.019e-19,2.377e-19,0.0013,-1.13,0
FrontS66133,-24.1011,-15.7479,1.747e-20,3.328e-20,9.244e-20,0.001,-0.78,0
FrontS66137,-22.8785,-15.4255,2.728e-16,2.206e-16,1.087e-16,-0.0005,0.11,0
FrontS66140,-21.6342,-14.9207,5.659e-19,8.057e-19,1.195e-18,0.0007,-0.66,0
FrontS66142,-24.6591,-18.8029,2.784e-19,4.296e-19,7.752e-19,-0.0001,-1.25,0
FrontS66145,-24.0444,-15.3408,2.551e-20,4.708e-20,1.225e-19,0.0002,0.29,0
FrontS66146,-23.8887,-16.8946,3.427e-19,5.153e-19,8.560e-19,-0.0001,-0.98,0
FrontS66147,-24.1328,-17.6348,2.987e-18,3.475e-18,3.506e-18,0.0005,0.08,0
FrontS66149,-24.6239,-18.9336,3.751e-20,7.193e-20,1.990e-19,0.0011,-0.35,0
FrontS66152,-25.7475,-18.2134,2.302e-20,4.391e-20,1.207e-19,0.0007,-1.08,0
FrontS66153,-23.2051,-18.6155,4.115e-17,7.168e-17,1.662e-16,0.0002,-0.17,0
FrontS66154,-24.8183,-19.0002,7.334e-20,1.229e-19,2.644e-19,-0.0003,-1.14,0
FrontS66155,-23.7487,-17.6052,3.057e-17,2.930e-17,1.888e-17,-0.0001,-0.14,0
FrontS66157,-22.7076,-16.0505,3.059e-16,2.560e-16,1.307e-16,0.0004,0.26,0
FrontS66158,-26.2623,-16.9255,1.452e-16,2.476e-16,5.443e-16,0.0007,-0.49,0
FrontS66159,-24.9813,-17.6720,8.590e-16,2.240e-15,1.188e-14,-0.0003,-1.19,0
FrontS66160,-24.5642,-16.2118,1.195e-19,1.889e-19,3.645e-19,0.0002,0.25,0
FrontS66161,-23.6377,-18.5066,5.026e-12,3.884e-12,1.675e-12,0.0001,0.02,1
FrontS66165,-23.3135,-16.5732,3.026e-19,4.799e-19,8.878e-19,0.0004,-0.09,0
FrontS66166,-24.6416,-17.8256,1.925e-18,2.512e-18,3.164e-18,0.0002,-0.16,0
FrontS66167,-24.5724,-15.6169,2.029e-18,2.486e-18,2.739e-18,-0.0006,-0.4,0
FrontS66170,-24.5915,-16.4330,3.065e-19,4.698e-19,8.398e-19,-0.0004,0.33,0
FrontS66171,-23.3302,-17.1734,1.740e-16,3.083e-16,7.251e-16,0.0006,-0.15,0
FrontS66172,-23.5670,-15.8314,4.356e-19,6.193e-19,9.571e-19,-0.0002,-0.77,0
FrontS66174,-23.1031,-18.9887,3.278e-20,5.840e-20,1.363e-19,0.0003,-0.63,0
FrontS66178,-24.0303,-18.2016,1.787e-16,3.098e-16,7.223e-16,0.0001,0.24,0
FrontS66179,-22.0163,-18.0267,3.165e-19,4.775e-19,7.908e-19,0.0008,0.2,0
FrontS66181,-23.3615,-18.8201,2.687e-18,3.487e-18,4.437e-18,0.0006,-1.24,0
FrontS66182,-21.1643,-17.1751,2.588e-20,4.878e-20,1.263e-19,0.0006,0.13,0
FrontS66185,-22.3941,-17.4785,6.971e-20,1.224e-19,2.966e-19,0.0,-0.19,0
FrontS66190,-25.0802,-15.5390,3.967e-20,7.376e-20,1.936e-19,-0.0001,-0.59,0
FrontS66193,-24.2060,-15.3773,2.157e-20,3.862e-20,9.542e-20,0.0013,-0.62,0
FrontS66194,-24.8158,-18.6610,7.554e-20,1.299e-19,2.778e-19,0.0001,-1.1,0
FrontS66195,-21.4540,-15.5740,1.701e-20,3.459e-20,1.080e-19,0.0005,-0.68,0
FrontS66197,-22.8573,-16.8865,2.298e-20,4.315e-20,1.099e-19,-0.0001,0.41,0
FrontS66199,-27.7601,-18.5801,4.924e-20,8.304e-20,1.798e-19,0.0005,-0.39,0
FrontS66200,-24.2332,-16.5088,1.052e-19,1.721e-19,3.417e-19,-0.0001,0.25,0
FrontS66203,-23.3577,-16.3284,7.813e-20,1.344e-19,3.058e-19,0.0004,-1.03,0
FrontS66206,-25.3792,-15.2810,4.304e-20,8.227e-20,2.263e-19,0.0002,-0.52,0
FrontS66207,-22.6993,-18.5183,1.213e-19,1.881e-19,3.450e-19,0.0004,-0.65,0
FrontS66208,-25.6500,-17.2524,6.194e-18,6.985e-18,6.233e-18,0.0007,-0.63,0
FrontS66210,-24.3524,-15.3568,9.305e-19,1.288e-18,1.817e-18,0.0003,0.07,0
FrontS66212,-25.1042,-15.2178,3.797e-17,3.761e-17,2.630e-17,0.0011,0.28,0
FrontS66213,-21.3594,-16.6530,1.617e-20,3.201e-20,9.823e-20,0.0011,-0.37,0
FrontS66215,-24.3114,-19.2356,6.926e-19,9.788e-19,1.425e-18,0.0007,-1.3,0
FrontS66216,-24.6037,-18.5391,1.036e-19,1.796e-19,4.034e-19,0.0003,-1.19,0
FrontS66218,-24.3768,-17.3161,2.144e-20,3.798e-20,8.578e-20,0.0011,-0.56,0
FrontS66219,-22.9946,-18.6602,1.203e-20,2.264e-20,5.935e-20,-0.0006,0.06,0
FrontS66220,-22.9091,-18.3303,5.467e-19,8.076e-19,1.275e-18,0.0001,-0.02,0
FrontS66221,-26.4894,-18.2510,2.137e-20,4.008e-20,1.090e-19,0.0001,-1.08,0
FrontS66222,-25.4694,-17.3905,6.709e-18,7.966e-18,8.094e-18,-0.0008,-0.83,0
FrontS66224,-25.2954,-17.5849,1.042e-17,1.127e-17,9.316e-18,0.0005,-0.65,0
FrontS66226,-24.6861,-17.3992,2.280e-16,1.993e-16,1.092e-16,0.0003,-0.33,0
FrontS66227,-23.0904,-19.0252,7.550e-18,8.697e-18,8.368e-18,0.0005,-0.11,0
FrontS66228,-21.0333,-13.2810,5.898e-20,9.997e-20,2.228e-19,0.0002,-0.52,0
FrontS66230,-25.4261,-17.8326,2.244e-17,2.396e-17,1.914e-17,0.0004,-0.31,0
FrontS66231,-24.7565,-16.3158,1.536e-19,2.523e-19,4.943e-19,0.0,-0.93,0
FrontS66234,-24.2359,-16.2194,5.549e-18,6.483e-18,6.232e-18,-0.0001,-0.81,0
FrontS66235,-24.9375,-19.7455,9.231e-17,9.039e-17,6.146e-17,0.0006,-0.31,0
FrontS66237,-21.2834,-16.9650,5.077e-17,9.147e-17,2.286e-16,0.0001,-0.87,0
FrontS66238,-24.6099,-19.0556,5.710e-19,8.416e-19,1.297e-18,0.0007,-0.02,0
FrontS66239,-21.6817,-17.3807,2.133e-17,2.285e-17,1.910e-17,0.0001,-0.63,0
FrontS66240,-21.2767,-16.2297,7.261e-19,1.057e-18,1.660e-18,0.0003,-0.73,0
FrontS66242,-25.7466,-14.4299,4.722e-17,4.586e-17,3.179e-17,-0.0006,-0.27,0
FrontS66244,-24.0672,-17.6468,1.806e-18,2.479e-18,3.381e-18,0.0016,-1.18,0
FrontS66245,-22.6581,-18.3527,4.678e-20,7.761e-20,1.675e-19,0.0007,-0.45,0
FrontS66246,-23.8877,-19.1428,1.267e-19,2.008e-19,3.832e-19,0.0012,-0.94,0
FrontS66248,-24.4490,-13.7179,6.668e-19,8.915e-19,1.207e-18,0.0004,-0.51,0
FrontS66249,-23.2353,-17.1409,1.093e-20,2.153e-20,6.461e-20,0.0008,-0.18,0
FrontS66251,-25.5358,-17.9699,2.033e-17,1.981e-17,1.373e-17,0.0004,-0.72,0
FrontS66254,-22.2850,-14.3256,1.491e-19,2.541e-19,5.372e-19,0.0008,-0.54,0
FrontS66255,-22.3484,-14.8555,8.353e-18,9.464e-18,8.824e-18,0.0009,0.31,0
FrontS66256,-26.4108,-16.6788,2.652e-19,3.873e-19,6.202e-19,0.0006,-0.79,0
FrontS66259,-20.4826,-15.8753,4.148e-17,5.868e-17,8.732e-17,0.0005,-0.4,0
FrontS66264,-23.2719,-19.0451,2.486e-18,3.157e-18,3.824e-18,0.0005,-1.16,0
FrontS66265,-24.9319,-16.3296,2.312e-20,4.425e-20,1.278e-19,-0.0003,-0.02,0
FrontS66266,-23.2571,-19.3643,8.680e-20,1.463e-19,2.969e-19,0.0006,0.09,0
FrontS66267,-24.6184,-18.8044,8.050e-18,8.779e-18,7.330e-18,0.0001,-0.61,0
FrontS66268,-25.2968,-16.5976,8.426e-19,1.211e-18,1.835e-18,-0.0001,-0.24,0
FrontS66269,-24.7761,-15.5847,4.221e-19,6.067e-19,9.542e-19,0.0001,0.34,0
FrontS66270,-21.3580,-16.0029,6.449e-19,9.095e-19,1.345e-18,0.0006,0.01,0
FrontS66271,-26.1974,-14.6765,2.462e-18,3.118e-18,3.574e-18,0.0008,-0.96,0
FrontS66272,-26.0062,-18.0347,7.374e-17,1.240e-16,2.635e-16,0.0005,0.08,0
FrontS66273,-23.7733,-18.2807,1.984e-16,3.048e-16,5.327e-16,0.0006,0.13,0
FrontS66274,-21.0714,-16.5656,5.163e-19,7.453e-19,1.156e-18,0.0002,0.19,0
FrontS66275,-21.7831,-16.4917,7.047e-20,1.219e-19,2.737e-19,0.0005,-0.23,0
FrontS66277,-24.3623,-18.2112,1.963e-17,2.077e-17,1.667e-17,0.0003,-0.48,0
FrontS66279,-23.7470,-19.3422,4.709e-20,7.584e-20,1.527e-19,0.001,-0.94,0
FrontS66280,-23.5198,-14.9093,5.992e-19,8.549e-19,1.279e-18,0.0016,0.39,0
FrontS66281,-24.2282,-14.7148,4.636e-20,7.274e-20,1.357e-19,-0.0005,-0.4,0
FrontS66282,-22.9786,-16.8704,6.526e-18,7.550e-18,7.444e-18,0.001,-0.46,0
FrontS66284,-26.9912,-16.7850,2.613e-19,3.983e-19,7.035e-19,0.0006,-0.79,0
FrontS66287,-24.8737,-16.7141,3.163e-16,7.176e-16,2.848e-15,-0.0001,-0.44,0
FrontS66288,-25.0420,-15.4689,5.168e-20,9.261e-20,2.191e-19,0.001,-0.27,0
FrontS66290,-25.4909,-16.5213,1.609e-18,2.123e-18,2.702e-18,0.0005,-0.34,0
FrontS66291,-24.6568,-17.8455,8.978e-18,9.723e-18,8.525e-18,0.0004,-1.39,0
FrontS66293,-21.3864,-15.9687,5.732e-17,1.013e-16,2.470e-16,-0.0003,-0.36,0
FrontS66295,-24.8500,-17.1619,1.489e-16,2.052e-16,2.916e-16,-0.0009,-1.23,0
FrontS66296,-23.2200,-14.8627,5.532e-12,4.128e-12,1.608e-12,-0.0,-0.02,0
FrontS66297,-26.6670,-19.5142,3.335e-20,6.306e-20,1.742e-19,-0.0,-1.09,0
FrontS66298,-21.8550,-17.4408,1.445e-16,2.042e-16,3.114e-16,-0.0005,0.32,0
FrontS66300,-25.9958,-18.7266,8.615e-19,1.151e-18,1.474e-18,0.0007,-1.45,0
FrontS66301,-24.7421,-17.1008,3.675e-20,7.185e-20,2.130e-19,0.0002,0.21,0
FrontS66302,-22.7441,-16.2624,3.648e-19,5.099e-19,7.413e-19,0.0003,-0.09,0
FrontS66304,-23.0367,-17.2456,2.094e-19,3.309e-19,6.302e-19,0.0004,-0.78,0
FrontS66305,-23.3075,-16.5374,1.120e-19,1.807e-19,3.631e-19,0.0005,-1.1,0
FrontS66308,-23.5368,-17.3787,4.914e-20,9.023e-20,2.272e-19,-0.0001,0.08,0
FrontS66309,-24.4643,-16.8764,9.923e-12,7.979e-12,3.649e-12,0.0004,-0.88,1
FrontS66311,-25.7110,-17.1979,2.320e-18,2.944e-18,3.378e-18,-0.0001,-0.68,0
FrontS66313,-26.1624,-18.7481,5.427e-18,6.245e-18,6.029e-18,-0.0,-0.1,0
FrontS66314,-23.4940,-15.4282,2.184e-17,2.201e-17,1.601e-17,0.0013,0.12,0
FrontS66316,-21.7292,-15.5281,4.902e-17,9.295e-17,2.560e-16,0.0007,-0.83,0
FrontS66317,-22.3118,-16.3097,7.112e-20,1.223e-19,2.667e-19,0.0008,0.33,0
FrontS66318,-22.9006,-18.3991,2.610e-18,3.154e-18,3.280e-18,-0.0004,-0.51,0
FrontS66319,-22.3230,-15.5023,3.802e-19,5.869e-19,1.006e-18,0.0011,0.19,0
FrontS66320,-24.5197,-18.9487,2.236e-20,4.465e-20,1.401e-19,0.0008,-0.66,0
FrontS66321,-21.8166,-17.2316,1.245e-17,1.336e-17,1.158e-17,0.0015,-0.76,0
FrontS66323,-22.3414,-14.8307,5.098e-19,7.379e-19,1.149e-18,0.0004,-0.84,0
FrontS66324,-24.5765,-16.6366,3.361e-18,4.058e-18,4.151e-18,-0.0002,-0.86,0
FrontS66325,-23.0584,-16.7054,1.527e-20,3.018e-20,8.746e-20,0.001,-0.6,0
FrontS66330,-25.2823,-19.4360,9.004e-20,1.526e-19,3.238e-19,0.0005,-1.32,0
FrontS66332,-23.7732,-15.0860,8.261e-18,9.370e-18,8.899e-18,0.0004,0.09,0
FrontS66333,-21.4594,-19.0820,1.926e-17,2.033e-17,1.630e-17,0.0013,-0.94,0
FrontS66334,-25.0233,-17.2443,2.227e-20,4.436e-20,1.357e-19,0.0003,0.12,0
FrontS66335,-24.1029,-17.0920,6.329e-20,1.103e-19,2.382e-19,0.0003,-1.42,0
FrontS66336,-24.2620,-19.1724,1.420e-17,1.606e-17,1.473e-17,0.0002,-0.86,0
FrontS66338,-23.9704,-16.4153,1.632e-18,2.252e-18,3.064e-18,0.0003,-0.43,0
FrontS66339,-24.3279,-16.9751,3.667e-18,4.242e-18,4.077e-18,0.0003,0.07,0
FrontS66340,-24.9790,-16.5878,1.234e-19,2.032e-19,4.034e-19,0.0007,-0.84,0
FrontS66341,-21.8638,-16.7281,5.748e-16,1.375e-15,6.137e-15,0.0007,0.39,0
FrontS66344,-23.4863,-18.2686,7.845e-19,1.053e-18,1.455e-18,0.0009,0.21,0
FrontS66345,-24.9015,-15.6110,3.924e-19,5.810e-19,9.293e-19,0.0004,-0.32,0
FrontS66346,-25.1111,-19.8409,8.658e-18,9.053e-18,7.238e-18,-0.0005,-0.03,0
FrontS66347,-21.5906,-18.2623,1.332e-17,1.409e-17,1.157e-17,0.0009,0.24,0
FrontS66349,-22.0173,-15.5879,3.516e-16,5.909e-16,1.269e-15,0.0002,-0.37,0
FrontS66350,-24.1468,-17.5294,1.324e-17,1.439e-17,1.218e-17,0.0005,-0.04,0
FrontS66351,-22.3688,-19.2922,4.186e-19,5.913e-19,8.819e-19,0.0004,-0.74,0
FrontS66354,-21.4985,-17.7959,2.450e-20,4.589e-20,1.239e-19,0.0,-0.54,0
FrontS66357,-22.6819,-18.0703,4.050e-18,4.927e-18,5.145e-18,0.0007,-0.23,0
FrontS66359,-21.7539,-16.3687,2.936e-18,3.474e-18,3.697e-18,0.0002,-0.64,0
FrontS66363,-27.1553,-18.4664,1.577e-20,3.155e-20,9.484e-20,0.001,-0.98,0
FrontS66366,-23.3708,-17.6442,3.553e-16,7.981e-16,3.032e-15,0.0001,-1.01,0
FrontS66367,-24.9263,-15.7054,1.184e-19,1.911e-19,3.734e-19,-0.0,-0.41,0
FrontS66368,-22.8108,-15.6178,8.821e-18,1.027e-17,9.750e-18,-0.0006,-0.49,0
FrontS66369,-23.0761,-13.6829,6.059e-17,5.874e-17,3.883e-17,0.0007,0.09,0
FrontS66372,-24.7185,-18.0562,8.983e-18,9.358e-18,7.306e-18,0.0004,-0.64,0
FrontS66374,-24.9493,-15.9430,1.451e-16,3.148e-16,1.144e-15,-0.0002,-1.21,0
FrontS66377,-24.9046,-16.6206,2.261e-19,3.493e-19,6.339e-19,0.0004,0.14,0
FrontS66378,-25.2335,-17.9929,4.414e-18,5.149e-18,5.023e-18,0.0015,0.0,0
FrontS66381,-24.9189,-14.7844,2.583e-20,4.545e-20,1.098e-19,0.0009,0.25,0
FrontS66382,-21.6371,-16.5316,8.313e-18,9.477e-18,8.813e-18,0.001,0.23,0
FrontS66383,-22.3295,-14.8594,1.778e-19,2.737e-19,4.736e-19,0.0006,-0.45,0
FrontS66384,-23.8987,-18.0054,5.784e-19,8.489e-19,1.344e-18,0.0,0.3,0
FrontS66386,-23.5888,-18.4159,1.001e-17,1.075e-17,8.651e-18,0.0005,-0.28,0
FrontS66387,-24.6816,-18.8850,1.222e-18,1.579e-18,1.945e-18,0.0002,-1.2,0
FrontS66389,-23.2422,-15.2627,1.591e-20,3.210e-20,9.997e-20,0.0002,0.07,0
FrontS66391,-25.7261,-17.2300,6.978e-19,9.781e-19,1.467e-18,-0.0001,-0.11,0
FrontS66392,-22.3415,-16.5565,1.569e-18,2.077e-18,2.643e-18,0.0007,-0.69,0
FrontS66393,-24.4164,-17.7099,2.290e-19,3.342e-19,5.328e-19,-0.0002,-0.8,0
FrontS66395,-23.4016,-20.6719,1.162e-16,1.054e-16,6.038e-17,-0.0,-0.57,0
FrontS66396,-26.1888,-18.5709,1.717e-18,2.311e-18,3.094e-18,0.0001,-0.51,0
FrontS66397,-24.2828,-16.0112,7.716e-19,1.066e-18,1.499e-18,0.0006,-0.29,0
FrontS66399,-22.2505,-17.7127,9.795e-17,1.990e-16,6.435e-16,-0.0004,-0.61,0
FrontS66400,-23.6178,-15.5531,1.198e-19,1.898e-19,3.402e-19,0.0003,-0.77,0
FrontS66401,-24.0495,-15.2268,5.170e-17,9.310e-17,2.206e-16,-0.0012,-0.74,0
FrontS66402,-24.0937,-18.2156,7.682e-18,8.735e-18,8.393e-18,0.0006,-0.38,0
FrontS66403,-22.6276,-17.2812,6.417e-16,1.132e-15,2.572e-15,-0.0003,-1.14,0
FrontS66408,-21.2962,-17.1891,1.386e-16,1.256e-16,7.302e-17,0.0003,-0.12,0
FrontS66410,-27.4007,-17.3155,1.669e-16,2.851e-16,6.171e-16,-0.0003,-1.27,0
FrontS66411,-22.2289,-17.3726,1.890e-15,5.717e-15,4.241e-14,0.0004,0.41,0
FrontS66413,-24.6605,-17.3380,1.013e-18,1.341e-18,1.704e-18,0.0005,-0.39,0
FrontS66415,-20.4168,-17.4427,3.533e-20,6.915e-20,2.010e-19,0.0,0.34,0
FrontS66416,-23.7803,-16.3716,2.981e-18,3.515e-18,3.643e-18,-0.0007,-0.26,0
FrontS66417,-24.0909,-17.6412,2.991e-17,5.350e-17,1.288e-16,0.0012,-0.51,0
FrontS66418,-23.4247,-16.1466,6.005e-18,7.286e-18,7.846e-18,0.0007,0.24,0
FrontS66419,-23.0912,-18.6566,1.020e-18,1.417e-18,2.011e-18,0.0005,-0.69,0
FrontS66420,-21.7776,-14.3134,1.814e-19,3.230e-19,7.285e-19,0.0002,-0.24,0
FrontS66422,-24.4903,-18.8531,1.735e-20,3.326e-20,9.177e-20,0.0002,-0.63,0
FrontS66425,-22.9553,-17.8721,1.899e-18,2.467e-18,3.111e-18,0.0008,-0.02,0
FrontS66428,-24.8888,-17.5619,7.357e-20,1.244e-19,2.680e-19,-0.0002,-0.62,0
FrontS66430,-22.8040,-15.6554,3.935e-18,4.873e-18,5.404e-18,0.0004,-0.96,0
FrontS66431,-22.6596,-19.2887,7.908e-20,1.315e-19,2.729e-19,0.0008,-0.71,0
FrontS66432,-24.4000,-18.9651,7.789e-20,1.248e-19,2.421e-19,0.0004,-0.24,0
FrontS66437,-23.7294,-18.7758,1.599e-17,1.745e-17,1.439e-17,0.0004,-0.37,0
FrontS66439,-23.5044,-19.1167,3.017e-19,4.942e-19,9.761e-19,0.0,-0.33,0
FrontS66441,-26.7261,-17.9077,1.710e-20,3.469e-20,1.057e-19,0.0011,-0.99,0
FrontS66445,-22.6677,-17.6533,4.617e-20,8.768e-20,2.395e-19,0.0003,0.26,0
FrontS66446,-22.8634,-17.5701,1.316e-16,2.506e-16,6.687e-16,-0.0003,-0.52,0
FrontS66449,-25.7370,-18.8496,1.121e-18,1.488e-18,1.959e-18,0.0012,-0.88,0
FrontS66450,-23.0891,-18.0410,1.809e-18,2.355e-18,2.926e-18,0.0004,-1.1,0
FrontS66452,-22.0776,-17.6926,7.474e-17,1.456e-16,4.056e-16,0.001,-0.91,0
FrontS66453,-25.1869,-20.4188,8.900e-19,1.225e-18,1.664e-18,0.0011,-1.41,1
FrontS66454,-24.1009,-16.4402,2.665e-16,4.032e-16,6.709e-16,0.0007,-0.54,0
FrontS66456,-23.7799,-20.8451,2.471e-16,2.094e-16,1.104e-16,0.0001,-1.1,0
FrontS66460,-24.2240,-15.8675,4.235e-19,6.093e-19,9.263e-19,0.0002,-0.33,0
FrontS66463,-23.0268,-17.6807,3.079e-17,3.216e-17,2.523e-17,-0.0002,0.27,0
FrontS66464,-22.0922,-16.9579,6.056e-17,5.541e-17,3.307e-17,0.0005,-0.04,0
FrontS66465,-24.4196,-16.7005,1.938e-17,2.073e-17,1.685e-17,0.0004,0.08,0
FrontS66467,-23.3929,-20.3823,8.170e-18,9.543e-18,9.499e-18,-0.0001,0.08,0
FrontS66468,-24.5429,-16.1253,2.730e-16,6.038e-16,2.231e-15,0.0002,0.25,0
FrontS66469,-24.3228,-16.0594,7.570e-18,8.562e-18,8.029e-18,0.0006,0.05,0
FrontS66470,-24.8268,-17.0197,3.904e-19,5.802e-19,9.584e-19,0.0003,-1.22,0
FrontS66472,-24.0206,-18.4862,2.944e-19,4.462e-19,7.552e-19,0.0002,-0.14,0
FrontS66475,-23.2968,-16.2146,1.250e-19,2.089e-19,4.365e-19,-0.0001,-0.67,0
FrontS66478,-25.0167,-18.5545,1.803e-20,3.587e-20,1.086e-19,0.0002,-1.02,0
FrontS66482,-25.7939,-16.2053,3.075e-19,4.457e-19,6.802e-19,0.0001,-0.43,0
FrontS66483,-24.0179,-15.8935,1.308e-16,2.228e-16,4.661e-16,0.0002,-0.94,0
FrontS66492,-21.9672,-19.3863,7.210e-20,1.255e-19,2.840e-19,-0.0,-0.43,0
FrontS66496,-23.7411,-17.1258,1.068e-18,1.460e-18,1.977e-18,0.0005,-0.47,0
FrontS66497,-23.4891,-17.9311,4.478e-20,7.999e-20,1.927e-19,0.0002,-1.36,0
FrontS66499,-23.4556,-16.0702,4.024e-18,4.788e-18,5.118e-18,0.0004,-0.1,0
FrontS66500,-22.3138,-16.9896,2.780e-16,4.361e-16,7.855e-16,0.001,-0.77,0
FrontS66501,-24.4621,-16.5434,1.348e-18,1.774e-18,2.216e-18,0.0008,0.3,0
FrontS66502,-25.8638,-17.2561,9.421e-17,9.088e-17,5.859e-17,0.0,-0.68,0
FrontS66504,-22.2484,-17.8762,1.571e-20,2.997e-20,8.375e-20,0.0001,0.24,0
FrontS66505,-22.1937,-18.4255,4.185e-18,5.080e-18,5.364e-18,0.0007,-0.89,0
FrontS66506,-22.4529,-19.0457,6.085e-18,7.010e-18,6.452e-18,0.0009,-1.24,0
FrontS66508,-23.7221,-20.7533,1.181e-17,1.309e-17,1.131e-17,0.0005,-0.7,0
FrontS66510,-23.5201,-16.3340,1.142e-19,1.866e-19,3.701e-19,0.0002,-0.94,0
FrontS66513,-23.7939,-16.9254,3.476e-18,4.044e-18,3.948e-18,0.0004,-0.2,0
FrontS66515,-25.7759,-19.7264,6.771e-19,9.575e-19,1.400e-18,0.0011,-0.48,0
FrontS66516,-24.9861,-14.9953,9.240e-18,9.797e-18,8.088e-18,0.0007,0.17,0
FrontS66518,-22.9114,-15.8801,2.061e-20,4.024e-20,1.160e-19,-0.0004,0.12,0
FrontS66521,-24.6716,-16.3808,8.738e-17,1.428e-16,2.898e-16,0.0014,-0.46,0
FrontS66522,-23.9399,-17.1025,4.922e-18,5.841e-18,6.110e-18,-0.0,-0.72,0
FrontS66525,-27.0003,-16.9154,4.590e-18,5.604e-18,6.075e-18,-0.0002,-0.41,0
FrontS66526,-26.6909,-19.9408,5.047e-12,3.699e-12,1.383e-12,0.0001,-0.72,0
FrontS66527,-23.9446,-14.5141,5.122e-19,6.885e-19,9.443e-19,0.001,-0.09,0
FrontS66528,-22.8574,-16.9892,1.190e-17,1.313e-17,1.183e-17,0.0007,-0.97,0
FrontS66529,-22.6806,-16.1454,2.399e-18,3.336e-18,4.745e-18,0.0006,0.04,0
FrontS66530,-26.4110,-16.6272,4.156e-17,7.576e-17,1.816e-16,-0.0012,-0.31,0
FrontS66531,-21.7887,-18.1715,2.004e-19,3.032e-19,5.180e-19,0.001,0.09,0
FrontS66533,-25.1090,-17.4383,1.085e-16,1.799e-16,3.847e-16,0.0003,-0.37,0
FrontS66534,-22.9102,-14.8829,3.507e-20,6.312e-20,1.559e-19,-0.0003,-0.03,0
FrontS66536,-22.1085,-16.0000,1.756e-16,3.850e-16,1.426e-15,0.0002,-0.95,0
FrontS66538,-24.6158,-16.2077,1.038e-19,1.690e-19,3.292e-19,0.0006,-0.21,0
FrontS66539,-24.5868,-18.9406,9.034e-19,1.308e-18,2.009e-18,-0.0003,-0.94,0
FrontS66542,-22.6109,-16.0727,1.063e-17,1.174e-17,1.028e-17,0.0005,-0.48,0
FrontS66543,-24.4236,-19.6528,2.087e-19,3.413e-19,6.604e-19,-0.0003,-0.03,0
FrontS66547,-26.4920,-17.9294,1.539e-18,2.062e-18,2.769e-18,0.0004,-1.13,0
FrontS66548,-21.9240,-17.5095,5.253e-19,7.458e-19,1.080e-18,-0.0001,-0.77,0
FrontS66549,-26.5555,-20.2221,1.468e-18,1.822e-18,2.107e-18,0.0003,-0.69,0
FrontS66550,-24.1457,-17.5290,5.371e-17,1.084e-16,3.349e-16,-0.0003,0.35,0
FrontS66552,-23.7394,-17.9521,3.195e-18,3.819e-18,3.992e-18,-0.0006,-1.26,0
FrontS66553,-22.2524,-18.0813,4.394e-18,5.432e-18,5.948e-18,0.001,0.23,0
FrontS66554,-25.0027,-17.1612,1.214e-19,1.907e-19,3.557e-19,-0.0002,-0.9,0
FrontS66555,-21.8056,-19.7415,3.051e-18,3.727e-18,3.946e-18,0.0004,-0.75,0
FrontS66556,-22.6134,-16.9480,7.436e-20,1.276e-19,2.777e-19,-0.0002,0.05,0
FrontS66559,-25.2733,-20.1315,7.211e-19,1.027e-18,1.534e-18,0.0009,-1.48,0
FrontS66560,-24.1725,-16.9839,6.655e-20,1.159e-19,2.682e-19,0.0006,0.5,0
FrontS66562,-27.0535,-20.4033,4.090e-20,7.632e-20,2.000e-19,0.0008,-0.5,0
FrontS66563,-24.4214,-19.8920,8.718e-19,1.208e-18,1.700e-18,0.001,0.09,0
FrontS66565,-25.4907,-17.6544,6.830e-20,1.247e-19,3.107e-19,0.0003,-1.18,0
FrontS66566,-25.5852,-17.1738,2.066e-18,2.524e-18,2.869e-18,0.0002,-1.34,0
FrontS66567,-22.2726,-18.4354,1.089e-20,2.156e-20,6.253e-20,0.0005,-0.49,0
FrontS66569,-21.3222,-16.7092,5.404e-17,5.203e-17,3.508e-17,0.0004,-0.19,0
FrontS67606,-13.0950,-16.7761,9.948e-20,1.700e-19,3.799e-19,-0.0002,-3.82,0
FrontS67608,-13.3106,-16.6503,8.407e-18,8.989e-18,7.400e-18,0.0002,-3.23,0
FrontS67609,-13.6131,-16.4217,2.425e-17,2.388e-17,1.670e-17,0.0004,-3.97,0
FrontS67610,-13.1177,-16.6884,3.092e-20,5.674e-20,1.451e-19,-0.0,-3.42,0
FrontS67612,-12.9803,-16.7321,4.994e-18,5.765e-18,5.658e-18,-0.0001,-2.58,0
FrontS67613,-13.1179,-16.7007,7.321e-18,8.139e-18,7.256e-18,-0.0001,-3.68,0
FrontS67614,-13.3631,-16.5190,1.513e-18,1.889e-18,2.191e-18,0.0007,-3.58,0
FrontS67616,-13.1178,-16.7345,2.195e-18,2.600e-18,2.597e-18,0.0006,-4.0,0
FrontS67617,-13.0131,-16.7565,7.461e-19,9.759e-19,1.256e-18,-0.0003,-3.32,0
FrontS67618,-12.9313,-16.9285,3.914e-12,3.442e-12,1.954e-12,0.0009,-1.59,1
FrontS67620,-13.4844,-16.3823,4.025e-20,6.806e-20,1.451e-19,0.0003,-3.95,0
FrontS67621,-13.3754,-16.5238,3.008e-19,4.369e-19,6.910e-19,0.0003,-3.72,0
FrontS67622,-12.7512,-16.9952,2.198e-16,3.949e-16,9.380e-16,0.0005,-1.52,0
FrontS67625,-13.0449,-16.7335,4.282e-20,7.182e-20,1.498e-19,-0.0003,-3.79,0
FrontS67630,-13.6888,-16.3268,1.079e-16,9.333e-17,5.221e-17,0.0004,-4.14,0
FrontS67631,-13.0775,-16.7276,2.622e-16,2.065e-16,9.279e-17,0.0008,-3.11,0
FrontS67632,-13.0048,-16.8271,1.891e-19,2.890e-19,4.946e-19,0.0004,-1.38,0
FrontS67634,-13.1526,-16.7197,4.166e-20,7.313e-20,1.623e-19,0.0007,-3.49,0
FrontS67635,-13.4156,-16.5092,2.898e-17,2.856e-17,1.992e-17,-0.0,-3.57,0
FrontS67636,-13.0809,-16.7444,7.574e-20,1.230e-19,2.422e-19,0.0004,-3.37,0
FrontS67637,-13.0842,-16.7499,1.398e-16,2.720e-16,7.591e-16,0.0006,-3.81,0
FrontS67640,-13.6185,-16.3001,3.161e-12,2.991e-12,1.963e-12,-0.0007,-4.12,1
FrontS67641,-13.0951,-16.7092,4.806e-17,4.475e-17,2.717e-17,-0.0,-3.97,0
FrontS67642,-12.9533,-16.7797,2.039e-17,1.985e-17,1.376e-17,0.0004,-2.58,0
FrontS67644,-13.0235,-16.7780,5.996e-19,7.830e-19,9.964e-19,-0.0001,-3.72,0
FrontS67645,-12.9234,-16.8029,1.059e-20,1.937e-20,5.022e-20,0.0005,-1.68,0
FrontS67652,-12.9382,-16.8057,1.392e-17,1.462e-17,1.188e-17,0.0007,-2.46,0
FrontS67653,-12.9404,-16.8332,1.296e-16,1.710e-16,2.182e-16,0.0001,-2.08,0
FrontS67654,-13.0235,-16.7628,4.216e-18,4.821e-18,4.396e-18,0.0013,-3.61,0
FrontS67655,-13.0275,-16.8078,6.686e-19,9.069e-19,1.212e-18,0.0,-2.53,0
FrontS67657,-13.4017,-16.4876,6.516e-19,8.605e-19,1.120e-18,-0.0004,-3.97,0
FrontS67659,-12.5486,-17.1331,6.715e-20,1.135e-19,2.515e-19,-0.0005,-1.4,0
FrontS67663,-12.8162,-16.9489,1.407e-19,2.167e-19,3.779e-19,0.0012,-2.09,0
FrontS67664,-12.8413,-16.8883,6.355e-19,8.620e-19,1.149e-18,0.0015,-1.6,0
FrontS67667,-12.9264,-16.8053,1.699e-17,1.725e-17,1.294e-17,-0.0003,-2.3,0
FrontS67668,-13.3270,-16.5535,8.790e-20,1.515e-19,3.364e-19,-0.0001,-3.51,0
FrontS67669,-12.9307,-16.8351,1.840e-18,2.285e-18,2.453e-18,0.0001,-1.35,0
FrontS67671,-12.9220,-16.8454,3.026e-20,5.277e-20,1.193e-19,0.0009,-2.38,0
FrontS67675,-13.0276,-16.7806,2.321e-19,3.365e-19,5.290e-19,0.0012,-4.21,0
FrontS67677,-13.0148,-16.7984,2.479e-18,3.092e-18,3.533e-18,0.001,-2.37,0
FrontS67678,-13.0490,-16.8142,1.445e-17,1.550e-17,1.254e-17,0.0008,-2.72,0
FrontS67680,-12.4963,-17.1816,4.605e-19,6.084e-19,7.828e-19,0.0012,-1.53,0
FrontS67682,-12.8964,-16.8414,2.498e-19,3.689e-19,6.120e-19,-0.0,-1.39,0
FrontS67684,-12.6713,-17.0224,1.310e-19,2.046e-19,3.778e-19,0.0006,-1.85,0
FrontS67689,-12.6319,-17.0370,1.709e-12,1.169e-12,4.008e-13,-0.0001,-1.94,0
FrontS67690,-12.2346,-17.3094,2.756e-19,3.833e-19,5.524e-19,0.0012,-1.41,0
FrontS67693,-13.0209,-16.7461,5.305e-18,6.048e-18,5.578e-18,0.0,-3.48,0
FrontS67696,-13.3595,-16.5828,4.425e-19,5.928e-19,8.130e-19,0.0003,-4.01,0
FrontS67697,-13.0297,-16.7937,2.799e-19,3.969e-19,6.093e-19,0.0004,-2.68,0
FrontS67699,-12.9802,-16.7072,8.763e-20,1.396e-19,2.638e-19,0.0002,-2.91,0
FrontS67701,-14.0098,-15.9857,1.466e-19,2.436e-19,4.949e-19,0.0002,-3.66,0
FrontS67703,-12.8922,-16.8515,4.770e-19,6.446e-19,8.739e-19,0.0,-1.5,0
FrontS67705,-13.5176,-16.4435,2.327e-20,3.874e-20,8.189e-20,-0.0002,-3.96,0
FrontS67706,-13.0737,-16.6969,2.233e-20,3.780e-20,7.763e-20,0.0007,-3.79,0
FrontS67707,-13.0809,-16.7228,4.536e-20,8.110e-20,1.982e-19,0.0012,-3.84,0
FrontS67710,-12.8796,-16.8964,1.147e-17,1.176e-17,8.841e-18,0.0009,-2.33,0
FrontS67712,-12.8682,-16.8650,3.124e-20,5.503e-20,1.322e-19,-0.0001,-1.64,0
FrontS67715,-12.9879,-16.8104,1.497e-16,1.319e-16,7.074e-17,0.0011,-2.52,0
FrontS67723,-12.8671,-16.9338,1.373e-17,1.423e-17,1.133e-17,-0.0003,-1.68,0
FrontS67724,-13.1537,-16.6894,1.235e-17,1.274e-17,9.847e-18,0.0014,-3.82,0
FrontS67725,-13.0363,-16.7465,1.859e-18,2.222e-18,2.314e-18,0.0005,-4.21,0
FrontS67727,-13.0058,-16.7963,9.091e-20,1.540e-19,3.158e-19,-0.0006,-1.02,0
FrontS67728,-12.7702,-16.9695,6.033e-19,8.473e-19,1.220e-18,0.0003,-2.39,0
FrontS67736,-13.0323,-16.7901,1.142e-17,1.212e-17,9.583e-18,-0.0002,-2.96,0
FrontS67741,-13.4190,-16.5358,4.361e-17,9.938e-17,4.064e-16,-0.0005,-4.04,0
FrontS67742,-13.0742,-16.7459,5.528e-18,6.181e-18,5.622e-18,0.0002,-3.42,0
FrontS67743,-13.1797,-16.6022,1.158e-19,1.817e-19,3.477e-19,0.0002,-4.11,0
FrontS67744,-13.0467,-16.7827,3.115e-18,3.655e-18,3.543e-18,-0.0001,-2.82,0
FrontS67745,-13.2528,-16.6670,9.978e-20,1.584e-19,2.996e-19,-0.0008,-4.13,0
FrontS67746,-13.2569,-16.6034,1.195e-20,2.207e-20,5.776e-20,0.0006,-3.96,0
FrontS67747,-12.9754,-16.7664,3.145e-18,3.657e-18,3.622e-18,0.001,-1.45,0
FrontS67748,-13.0093,-16.8446,9.460e-17,8.353e-17,4.793e-17,0.0006,-1.81,0
FrontS67752,-13.0406,-16.8053,3.368e-17,3.248e-17,2.198e-17,0.0012,-2.23,0
FrontS67753,-13.0036,-16.7671,5.219e-20,8.545e-20,1.748e-19,0.0007,-1.54,0
FrontS67754,-13.3697,-16.5349,1.486e-20,2.784e-20,7.341e-20,0.0013,-3.63,0
FrontS67755,-13.0214,-16.7777,3.288e-12,2.958e-12,1.708e-12,0.0002,-3.09,1
FrontS67757,-13.1167,-16.7097,1.025e-17,1.063e-17,8.220e-18,-0.0003,-3.99,0
FrontS67763,-13.1580,-16.6829,6.579e-20,1.081e-19,2.164e-19,0.0006,-3.4,0
FrontS67764,-12.9995,-16.8221,8.568e-19,1.190e-18,1.682e-18,-0.0002,-2.0,0
FrontS67765,-12.9235,-16.8175,4.629e-20,7.773e-20,1.616e-19,0.0006,-1.47,0
FrontS67766,-13.0185,-16.7841,4.018e-16,3.285e-16,1.584e-16,0.0009,-2.58,0
FrontS67767,-13.0652,-16.7309,5.526e-18,6.152e-18,5.451e-18,0.0001,-3.83,0
FrontS67768,-13.0220,-16.7707,5.925e-19,8.109e-19,1.116e-18,-0.0002,-4.68,0
FrontS67769,-13.3112,-16.5397,3.428e-17,5.709e-17,1.132e-16,-0.0001,-3.66,0
FrontS67772,-12.9859,-16.7995,1.783e-17,1.864e-17,1.493e-17,-0.0,-1.39,0
FrontS67773,-13.0138,-16.7858,1.056e-19,1.642e-19,3.040e-19,-0.0002,-1.63,0
FrontS67775,-13.1011,-16.6916,5.974e-20,1.010e-19,2.284e-19,0.0001,-4.01,0
FrontS67776,-12.9331,-16.7705,3.116e-19,4.872e-19,8.368e-19,0.0006,-1.4,0
FrontS67777,-13.2092,-16.7203,1.891e-18,2.280e-18,2.373e-18,-0.0003,-3.93,0
FrontS67778,-12.9971,-16.7595,1.390e-20,2.415e-20,5.363e-20,0.0006,-2.18,0
FrontS67779,-13.0129,-16.7545,1.421e-19,2.241e-19,4.061e-19,0.0004,-2.81,0
FrontS67781,-14.3607,-15.7152,3.915e-17,3.602e-17,2.299e-17,0.0006,-3.7,0
FrontS67784,-12.9136,-16.8432,6.428e-19,8.916e-19,1.277e-18,-0.0004,-2.06,0
FrontS67786,-12.8766,-16.8770,5.216e-19,7.573e-19,1.172e-18,0.0004,-2.05,0
FrontS67791,-12.2248,-17.3568,7.742e-19,1.037e-18,1.360e-18,0.0001,-1.25,0
FrontS67794,-13.0818,-16.7448,2.820e-17,5.440e-17,1.578e-16,0.0005,-3.91,0
FrontS67795,-12.8959,-16.8361,1.095e-18,1.431e-18,1.882e-18,0.0006,-1.47,0
FrontS67796,-12.9321,-16.8272,2.167e-20,3.863e-20,9.531e-20,0.0003,-1.89,0
FrontS67797,-12.9876,-16.8532,2.734e-18,3.443e-18,3.914e-18,0.0001,-1.51,0
FrontS67798,-13.0768,-16.7112,9.539e-18,1.066e-17,9.561e-18,0.0002,-2.93,0
FrontS67802,-12.9965,-16.8726,1.061e-17,1.101e-17,8.674e-18,0.0006,-1.35,0
FrontS67803,-13.5493,-16.3709,6.925e-18,8.093e-18,7.992e-18,0.0002,-4.02,0
FrontS67805,-13.0292,-16.7936,6.396e-18,6.894e-18,5.710e-18,0.0003,-1.02,0
FrontS67806,-13.1697,-16.6545,1.128e-18,1.477e-18,1.812e-18,-0.0002,-3.82,0
FrontS67811,-12.7167,-16.9670,2.797e-18,3.520e-18,4.116e-18,0.0,-1.31,0
FrontS67814,-13.0169,-16.7968,2.330e-19,3.221e-19,4.492e-19,-0.0001,-1.89,0
FrontS67815,-13.1428,-16.7055,3.753e-18,4.253e-18,3.972e-18,-0.0002,-3.76,0
FrontS67818,-13.1633,-16.7041,3.161e-18,3.923e-18,4.333e-18,0.0,-3.81,0
FrontS67819,-13.3525,-16.5209,6.207e-19,8.172e-19,1.028e-18,-0.0007,-4.04,0
FrontS67820,-12.9446,-16.8092,2.003e-18,2.324e-18,2.374e-18,-0.0006,-2.15,0
FrontS67821,-13.0324,-16.7633,4.964e-19,6.821e-19,9.139e-19,0.0005,-3.0,0
FrontS67822,-13.0416,-16.7958,1.545e-18,1.889e-18,2.069e-18,-0.0004,-4.25,0
FrontS67825,-13.0318,-16.8090,1.925e-19,2.918e-19,4.887e-19,0.0005,-2.32,0
FrontS67826,-13.2510,-16.5907,1.628e-17,1.572e-17,1.084e-17,0.0004,-4.16,0
FrontS67827,-12.7269,-16.9999,2.516e-17,2.459e-17,1.721e-17,-0.0004,-1.67,0
FrontS67828,-13.0368,-16.7510,1.382e-12,9.240e-13,3.094e-13,-0.0006,-2.85,0
FrontS67829,-12.9899,-16.7950,5.908e-18,6.542e-18,5.713e-18,0.0007,-1.43,0
FrontS67836,-12.9906,-16.8381,2.965e-19,4.119e-19,5.780e-19,-0.0002,-1.72,0
FrontS67838,-13.6705,-16.2685,1.281e-19,2.165e-19,4.507e-19,0.0005,-4.11,0
FrontS67839,-13.1278,-16.7325,4.814e-17,4.651e-17,3.217e-17,0.0001,-3.2,0
FrontS67841,-13.1072,-16.6279,3.361e-18,3.889e-18,3.777e-18,0.0007,-3.95,0
FrontS67842,-12.9795,-16.7710,9.029e-18,9.680e-18,7.752e-18,0.0011,-2.12,0
FrontS67843,-13.6072,-16.3052,1.848e-18,2.239e-18,2.390e-18,0.0007,-3.98,0
FrontS67845,-13.4119,-16.4609,2.094e-18,2.546e-18,2.818e-18,-0.0008,-3.97,0
FrontS67846,-12.8567,-16.8276,3.210e-20,6.100e-20,1.606e-19,-0.0007,-1.54,0
FrontS67847,-12.9367,-16.8226,7.915e-17,1.429e-16,3.581e-16,0.0001,-2.03,0
FrontS67849,-13.1061,-16.7586,1.671e-20,3.327e-20,1.018e-19,0.0006,-3.97,0
FrontS67852,-13.1754,-16.6429,1.020e-18,1.346e-18,1.750e-18,-0.0007,-3.16,0
FrontS67853,-12.9192,-16.8895,5.097e-19,6.713e-19,8.442e-19,0.0005,-2.37,0
FrontS67854,-13.5336,-16.4672,7.368e-20,1.263e-19,2.730e-19,0.0008,-3.92,0
FrontS67857,-12.9086,-16.8818,8.592e-17,7.556e-17,4.164e-17,-0.001,-1.74,0
FrontS67858,-12.9223,-16.8905,1.157e-20,2.089e-20,5.168e-20,0.0002,-1.37,0
FrontS67859,-12.9669,-16.8392,8.882e-18,8.864e-18,6.508e-18,0.0008,-1.44,0
FrontS67861,-12.7667,-17.0309,2.364e-18,2.842e-18,3.039e-18,0.0006,-1.67,0
FrontS67862,-13.0422,-16.7217,2.608e-20,4.506e-20,9.892e-20,0.0007,-3.95,0
FrontS67864,-12.8354,-16.8392,1.022e-12,7.239e-13,2.742e-13,0.0005,-1.56,0
FrontS67865,-12.9321,-16.8517,2.755e-18,3.160e-18,2.967e-18,-0.0001,-1.41,0
FrontS67866,-13.0918,-16.7353,2.321e-17,2.230e-17,1.516e-17,0.0005,-4.13,0
FrontS67869,-13.0214,-16.7588,1.662e-18,2.053e-18,2.250e-18,0.0004,-4.52,0
FrontS67871,-13.1025,-16.7355,1.004e-20,2.005e-20,6.329e-20,0.0002,-2.9,0
FrontS67874,-13.2509,-16.5649,2.816e-19,4.304e-19,7.302e-19,0.0001,-3.12,0
FrontS67875,-12.9381,-16.8088,6.660e-17,5.921e-17,3.433e-17,0.0013,-1.37,0
FrontS67876,-12.8101,-16.9132,9.540e-16,1.871e-15,5.282e-15,0.0004,-1.95,0
FrontS67877,-12.9056,-16.8574,5.358e-20,8.734e-20,1.795e-19,0.0007,-1.51,0
FrontS67880,-13.0528,-16.7247,2.625e-18,3.163e-18,3.342e-18,0.0003,-3.76,0
FrontS67882,-13.0679,-16.7282,7.117e-13,4.614e-13,1.410e-13,0.0004,-3.8,0
FrontS67883,-12.8219,-16.9469,3.627e-19,5.282e-19,8.022e-19,0.001,-1.57,0
FrontS67884,-12.9728,-16.8644,7.097e-19,9.068e-19,1.051e-18,-0.0,-1.85,0
FrontS67887,-13.0423,-16.7547,5.192e-19,7.088e-19,1.004e-18,0.0002,-2.76,0
FrontS67889,-13.0133,-16.7890,3.728e-12,3.222e-12,1.735e-12,0.0002,-2.05,1
FrontS67890,-13.1905,-16.7542,6.271e-20,1.065e-19,2.287e-19,-0.0001,-3.95,0
FrontS67891,-12.9195,-16.9072,2.114e-16,1.788e-16,9.079e-17,-0.0003,-1.45,0
FrontS67892,-13.2170,-17.0635,4.295e-19,6.398e-19,1.032e-18,0.0015,-2.67,0
FrontS67893,-13.0175,-16.7255,3.112e-18,3.815e-18,4.024e-18,0.0009,-3.04,0
FrontS67894,-12.9733,-16.9293,1.642e-17,1.575e-17,1.052e-17,0.0007,-1.39,0
FrontS67895,-12.6263,-16.8315,3.124e-18,3.526e-18,3.268e-18,0.0,-1.29,0
FrontS67897,-12.9470,-16.5328,4.998e-17,4.645e-17,3.014e-17,0.0011,-3.76,0
FrontS67898,-13.1557,-16.7157,6.204e-20,1.167e-19,3.053e-19,0.0013,-3.7,0
FrontS67899,-12.9606,-16.7381,2.018e-20,3.796e-20,9.656e-20,-0.0003,-2.19,0
FrontS67900,-12.9704,-17.0119,4.471e-17,4.176e-17,2.677e-17,-0.0007,-1.32,0
FrontS67901,-13.0601,-16.8930,1.283e-20,2.277e-20,5.321e-20,-0.0002,-2.37,0
FrontS67902,-12.9844,-16.7891,2.701e-19,3.986e-19,6.414e-19,0.0003,-2.26,0
FrontS67903,-13.0454,-16.8010,9.811e-20,1.538e-19,2.788e-19,0.0008,-3.04,0
FrontS67904,-12.9349,-16.7238,1.049e-16,9.324e-17,5.155e-17,0.001,-1.68,0
FrontS67905,-13.0345,-16.6863,1.269e-18,1.693e-18,2.240e-18,0.0004,-3.2,0
FrontS67906,-12.9587,-17.0281,2.797e-19,4.195e-19,6.997e-19,0.0008,-1.34,0
FrontS67907,-13.0907,-16.7424,3.445e-18,4.172e-18,4.405e-18,0.0001,-3.42,0
FrontS67908,-13.0918,-16.6808,1.497e-20,2.778e-20,7.166e-20,-0.0004,-3.22,0
FrontS67909,-13.0577,-16.8143,1.577e-16,3.187e-16,9.588e-16,0.0003,-3.08,0
FrontS67912,-12.8148,-16.5128,2.396e-17,2.273e-17,1.519e-17,-0.0005,-2.62,0
FrontS67914,-13.1650,-16.8047,6.989e-17,6.474e-17,3.957e-17,0.0008,-4.02,0
FrontS67915,-13.0806,-16.7786,6.784e-20,1.139e-19,2.378e-19,-0.0004,-3.34,0
FrontS67916,-12.9324,-16.7667,2.826e-19,4.204e-19,6.840e-19,-0.0002,-2.19,0
FrontS67917,-13.0762,-16.6060,6.798e-18,7.507e-18,6.761e-18,0.0,-4.02,0
FrontS67918,-12.7292,-16.8525,6.594e-17,6.394e-17,4.321e-17,0.0004,-1.27,0
FrontS67921,-13.0780,-16.6445,2.419e-16,1.960e-16,9.428e-17,-0.0015,-3.67,0
FrontS67922,-13.0482,-16.8208,5.401e-12,3.898e-12,1.453e-12,-0.0002,-2.38,0
FrontS67923,-13.0057,-16.5893,2.049e-18,2.482e-18,2.666e-18,-0.0001,-3.77,0
FrontS67924,-13.1012,-16.9802,9.609e-17,2.171e-16,8.761e-16,-0.0007,-1.97,0
FrontS67926,-12.8083,-16.7248,1.780e-16,1.568e-16,8.477e-17,0.0,-1.34,0
FrontS67928,-12.9863,-16.9888,1.775e-16,3.568e-16,1.095e-15,-0.0002,-1.79,0
FrontS67929,-13.2024,-16.8848,1.573e-18,1.954e-18,2.237e-18,0.0005,-3.55,0
FrontS67930,-13.0400,-16.8953,1.520e-18,1.925e-18,2.251e-18,0.0012,-2.29,0
FrontS67931,-12.9184,-16.8178,3.658e-20,6.541e-20,1.572e-19,0.0001,-1.61,0
FrontS67932,-13.1332,-16.8130,1.425e-16,1.248e-16,7.053e-17,-0.0006,-3.0,0
FrontS67933,-13.0476,-16.8659,1.289e-19,1.937e-19,3.355e-19,0.0,-2.47,0
FrontS67934,-13.1814,-16.7448,1.657e-18,2.056e-18,2.299e-18,0.0012,-3.86,0
FrontS67935,-12.8530,-16.8503,5.603e-17,5.059e-17,3.086e-17,0.0003,-1.43,0
FrontS67936,-12.9634,-16.7976,1.340e-16,2.204e-16,4.393e-16,0.0012,-1.85,0
FrontS67937,-13.0131,-16.7500,5.083e-20,8.582e-20,1.890e-19,0.0003,-2.76,0
FrontS67939,-13.2098,-16.9713,5.996e-19,8.308e-19,1.173e-18,0.0003,-3.22,0
FrontS67940,-13.1190,-16.7428,1.024e-16,9.055e-17,5.128e-17,0.0001,-3.37,0
FrontS67941,-13.0922,-16.8573,6.028e-20,1.015e-19,2.200e-19,0.0004,-2.77,0
FrontS67942,-12.8306,-16.8833,3.636e-20,6.425e-20,1.478e-19,0.0009,-1.28,0
FrontS67943,-12.9606,-17.0425,1.282e-16,1.093e-16,5.542e-17,-0.0007,-1.4,0
FrontS67944,-13.0246,-16.7046,6.000e-17,1.143e-16,3.144e-16,-0.0,-3.07,0
FrontS67945,-12.9801,-16.7818,7.009e-20,1.137e-19,2.195e-19,0.0006,-2.42,0
FrontS67948,-13.2027,-16.7767,1.143e-16,1.004e-16,5.778e-17,0.0017,-3.58,0
FrontS67951,-12.7127,-16.7845,1.223e-18,1.522e-18,1.719e-18,0.0008,-1.69,0
FrontS67952,-13.1759,-16.7969,2.159e-19,3.291e-19,5.556e-19,0.0003,-3.69,0
FrontS67954,-12.9562,-16.7763,8.724e-17,8.080e-17,5.002e-17,0.0002,-1.88,0
FrontS67955,-12.8566,-16.7951,6.229e-20,1.074e-19,2.378e-19,-0.0003,-1.39,0
FrontS67956,-13.1561,-16.9257,3.304e-16,2.811e-16,1.415e-16,0.0005,-2.91,0
FrontS67957,-12.8839,-16.8756,9.312e-19,1.251e-18,1.604e-18,0.0008,-1.75,0
FrontS67958,-13.0247,-16.6993,6.953e-17,1.390e-16,4.178e-16,-0.0007,-3.19,0
FrontS67959,-12.8348,-16.8347,1.679e-18,2.088e-18,2.430e-18,0.0004,-1.33,0
FrontS67960,-13.0357,-16.8280,4.583e-16,3.636e-16,1.613e-16,0.0007,-1.44,0
FrontS67961,-13.0007,-16.9329,1.267e-16,2.018e-16,3.738e-16,0.0005,-2.04,0
FrontS67962,-12.8141,-16.7186,2.346e-18,2.907e-18,3.239e-18,-0.0007,-1.81,0
FrontS67963,-12.9101,-16.8963,4.614e-18,5.176e-18,4.675e-18,0.0006,-1.59,0
FrontS67964,-13.3470,-16.9101,5.453e-14,3.578e-14,1.129e-14,0.0003,-4.09,0
FrontS67965,-12.8289,-16.5840,4.424e-20,7.303e-20,1.469e-19,0.0005,-2.13,0
FrontS67966,-13.2760,-16.8280,4.173e-19,5.916e-19,8.727e-19,-0.0005,-3.76,0
FrontS67968,-12.9729,-16.8238,6.438e-17,9.720e-17,1.590e-16,-0.0003,-1.49,0
FrontS67970,-12.9047,-16.8562,2.987e-17,2.803e-17,1.850e-17,0.0007,-1.4,0
FrontS67971,-12.9206,-17.0349,1.610e-16,2.556e-16,4.879e-16,0.0001,-1.27,0
FrontS67974,-12.9813,-16.8269,4.508e-18,4.946e-18,4.326e-18,0.0008,-1.47,0
FrontS67975,-12.9766,-16.8364,2.897e-20,5.317e-20,1.365e-19,0.0009,-2.18,0
FrontS67976,-13.1423,-16.8285,4.982e-13,3.228e-13,9.870e-14,-0.0002,-3.27,0
FrontS67977,-12.9706,-16.5458,2.797e-17,2.668e-17,1.785e-17,0.0001,-3.62,0
FrontS67978,-12.9914,-16.6939,3.726e-17,7.205e-17,2.019e-16,0.0008,-2.95,0
FrontS67981,-13.0853,-17.0979,1.453e-17,1.459e-17,1.079e-17,0.0009,-1.37,0
FrontS67982,-12.8957,-16.6007,2.935e-13,1.941e-13,6.100e-14,-0.0005,-3.07,0
FrontS67983,-13.2300,-16.7214,6.726e-18,7.125e-18,5.878e-18,0.0005,-3.55,0
FrontS67984,-13.2531,-16.6317,4.700e-17,4.356e-17,2.785e-17,0.0001,-3.98,0
FrontS67986,-13.2464,-16.7991,1.153e-19,1.927e-19,4.018e-19,0.0,-4.15,0
FrontS67989,-12.9963,-16.9763,3.449e-18,3.941e-18,3.845e-18,0.0004,-1.8,0
FrontS67990,-13.2415,-16.8374,7.119e-20,1.259e-19,3.019e-19,0.0001,-3.8,0
FrontS67991,-12.8326,-16.9501,4.105e-16,3.440e-16,1.732e-16,0.0003,-1.26,0
FrontS67993,-13.0520,-16.9217,4.257e-20,7.376e-20,1.599e-19,0.0014,-2.04,0
FrontS67995,-12.8410,-16.7062,6.702e-17,1.236e-16,3.114e-16,0.0005,-1.34,0
FrontS67996,-12.8548,-16.7185,5.816e-17,9.672e-17,1.939e-16,0.001,-1.56,0
FrontS67997,-13.0285,-16.7312,4.021e-19,5.778e-19,8.704e-19,0.0001,-3.23,0
FrontS67999,-13.0055,-16.9223,7.687e-18,8.535e-18,7.626e-18,0.0,-1.84,0
FrontS68000,-12.9200,-16.8427,1.261e-16,1.049e-16,5.287e-17,-0.0002,-1.61,0
FrontS68001,-12.9442,-17.0496,1.887e-18,2.328e-18,2.600e-18,0.001,-1.45,0
FrontS68002,-12.9632,-16.7047,2.242e-16,3.276e-16,4.974e-16,0.0004,-2.63,0
FrontS68003,-13.0658,-16.6901,1.688e-16,1.392e-16,6.907e-17,0.001,-3.94,0
FrontS68004,-13.0847,-16.8575,1.296e-17,1.396e-17,1.135e-17,0.0004,-2.85,0
FrontS68006,-12.8574,-16.8799,3.269e-20,5.920e-20,1.489e-19,0.0006,-1.91,0
FrontS68007,-13.1501,-16.8641,2.121e-17,2.187e-17,1.623e-17,0.0002,-3.32,0
FrontS68008,-12.9454,-16.7709,2.299e-13,1.527e-13,4.737e-14,0.0003,-1.5,0
FrontS68011,-12.6466,-16.7436,4.425e-19,6.051e-19,8.166e-19,0.0011,-1.42,0
FrontS68014,-12.9921,-16.9218,3.275e-18,3.799e-18,3.697e-18,0.0003,-2.04,0
FrontS68015,-13.0084,-16.7109,5.735e-18,6.569e-18,6.207e-18,0.0005,-3.1,0
FrontS68017,-12.8027,-16.6548,3.153e-19,4.959e-19,9.239e-19,0.001,-1.25,0
FrontS68018,-13.0887,-16.8571,1.410e-18,1.753e-18,2.025e-18,0.0,-2.75,0
FrontS68021,-12.9817,-16.7065,1.561e-20,2.948e-20,8.261e-20,0.0004,-3.38,0
FrontS68022,-12.9675,-16.9535,1.977e-16,1.756e-16,9.590e-17,-0.0004,-1.58,0
FrontS68023,-13.0023,-16.7769,1.143e-17,1.257e-17,1.114e-17,0.001,-2.56,0
FrontS68027,-12.9738,-16.6074,4.277e-12,3.033e-12,1.102e-12,0.0002,-3.3,0
FrontS68028,-12.9359,-16.7545,2.610e-18,3.130e-18,3.270e-18,0.0015,-2.14,0
FrontS68029,-12.9666,-16.7664,6.876e-18,7.871e-18,7.384e-18,-0.0002,-1.45,0
FrontS68031,-12.8732,-16.7267,9.138e-17,7.701e-17,3.864e-17,-0.0006,-1.74,0
FrontS68033,-12.9440,-16.9452,1.000e-20,1.918e-20,5.487e-20,0.0011,-1.72,0
FrontS68034,-13.2462,-16.7220,7.284e-20,1.250e-19,2.782e-19,-0.0002,-3.91,0
FrontS68036,-12.7966,-17.0878,1.038e-18,1.386e-18,1.778e-18,0.001,-1.36,0
FrontS68038,-12.9602,-16.8479,1.085e-16,1.773e-16,3.405e-16,0.0003,-2.07,0
FrontS68043,-13.1108,-16.7323,4.793e-20,8.147e-20,1.804e-19,-0.0003,-3.9,0
FrontS68045,-13.0985,-16.6476,4.023e-19,5.764e-19,8.628e-19,0.0006,-3.61,0
FrontS68046,-13.2252,-16.6035,1.759e-16,3.774e-16,1.351e-15,0.0006,-4.17,0
FrontS68048,-13.0064,-16.7609,1.665e-17,1.701e-17,1.296e-17,0.0007,-2.65,0
FrontS68049,-12.9664,-16.6861,3.927e-12,3.522e-12,2.051e-12,0.0007,-2.81,1
FrontS68050,-13.0393,-16.7509,1.135e-17,1.254e-17,1.109e-17,0.0003,-3.11,0
FrontS68051,-12.9453,-16.7775,1.472e-17,2.261e-17,3.977e-17,0.0005,-1.97,0
FrontS68052,-12.7990,-16.8456,2.788e-18,3.358e-18,3.472e-18,0.0,-1.25,0
FrontS68054,-13.0231,-16.4966,4.082e-16,3.515e-16,1.826e-16,0.0003,-4.15,0
FrontS68057,-12.9259,-16.7628,1.518e-17,1.621e-17,1.355e-17,0.0001,-2.15,0
FrontS68058,-13.0988,-16.8609,4.273e-19,6.061e-19,9.067e-19,0.001,-2.79,0
FrontS68060,-12.9989,-16.7488,6.035e-17,5.870e-17,3.841e-17,0.0004,-2.68,0
FrontS68061,-13.0344,-16.7904,1.565e-17,1.616e-17,1.260e-17,0.0002,-2.72,0
FrontS68063,-12.9958,-16.8662,4.387e-17,8.262e-17,2.204e-16,0.0005,-2.1,0
FrontS68064,-13.0196,-16.7691,6.757e-17,1.143e-16,2.444e-16,0.0002,-2.73,0
FrontS68065,-13.0079,-16.8429,5.158e-17,4.844e-17,2.997e-17,0.0004,-2.39,0
FrontS68066,-13.0343,-16.7319,1.448e-18,1.771e-18,1.863e-18,-0.0002,-3.03,0
FrontS68067,-13.0042,-16.7960,1.157e-16,9.855e-17,5.037e-17,-0.0005,-2.49,0
FrontS68070,-12.9908,-16.8752,3.090e-20,5.502e-20,1.298e-19,0.0008,-2.01,0
FrontS68071,-12.9824,-16.7485,1.104e-15,2.132e-15,6.014e-15,-0.0001,-2.59,0
FrontS68072,-13.0200,-16.7616,8.741e-18,9.917e-18,9.161e-18,0.0005,-2.79,0
FrontS68073,-12.9963,-16.7701,1.028e-18,1.297e-18,1.478e-18,-0.0004,-2.56,0
FrontS68074,-13.0226,-16.7518,4.021e-18,4.471e-18,3.969e-18,0.0008,-2.8,0
FrontS68075,-12.9593,-16.8643,6.103e-18,6.826e-18,6.343e-18,-0.0,-1.89,0
FrontS68076,-12.9605,-16.7990,2.140e-16,1.716e-16,8.058e-17,0.0004,-2.1,0
FrontS68078,-12.9816,-16.7790,4.616e-20,8.200e-20,1.980e-19,0.0002,-2.36,0
FrontS68081,-13.1065,-16.7515,2.162e-16,1.760e-16,8.479e-17,0.0009,-3.26,0
FrontS68082,-13.0051,-16.7976,4.869e-16,4.021e-16,2.010e-16,0.0007,-2.44,0
FrontS68083,-13.0562,-16.7219,1.455e-17,1.561e-17,1.308e-17,0.0007,-3.11,0
FrontS68084,-12.8939,-16.8641,2.522e-19,3.824e-19,6.266e-19,0.0004,-1.58,0
FrontS68085,-13.0991,-16.7145,1.723e-19,2.665e-19,4.662e-19,0.0001,-3.49,0
FrontS68086,-13.0114,-16.7241,2.451e-18,2.873e-18,2.960e-18,-0.0007,-3.26,0
FrontS68087,-13.0333,-16.7720,1.606e-17,1.567e-17,1.092e-17,-0.0004,-2.82,0
FrontS68088,-13.1021,-16.7608,5.989e-19,8.031e-19,1.036e-18,-0.0003,-3.23,0
FrontS68089,-12.9679,-16.7935,1.379e-19,2.137e-19,3.827e-19,-0.0001,-2.32,0
FrontS68091,-13.0678,-16.7767,4.928e-19,6.750e-19,9.462e-19,0.0003,-2.97,0
FrontS68092,-13.0390,-16.7212,1.124e-19,1.748e-19,3.160e-19,0.0003,-2.97,0
FrontS68093,-13.0211,-16.7225,1.163e-18,1.625e-18,2.319e-18,0.0008,-2.91,0
FrontS68094,-13.1392,-16.7448,1.662e-17,1.758e-17,1.435e-17,0.0005,-3.34,0
FrontS68096,-13.1403,-16.7152,1.711e-19,2.680e-19,4.999e-19,0.0002,-3.42,0
FrontS68097,-12.9625,-16.8507,5.780e-17,5.137e-17,2.844e-17,0.0007,-2.16,0
FrontS68098,-13.0692,-16.7663,7.189e-17,6.436e-17,3.623e-17,0.0003,-3.01,0
FrontS68100,-13.1644,-16.6560,3.287e-16,2.686e-16,1.286e-16,0.0007,-3.39,0
FrontS68101,-12.9862,-16.8267,9.203e-20,1.452e-19,2.607e-19,0.0005,-2.25,0
FrontS68103,-12.9907,-16.8715,1.275e-16,1.102e-16,5.848e-17,0.0005,-2.04,0
FrontS68104,-13.1330,-16.7419,1.052e-16,1.992e-16,5.427e-16,-0.0001,-3.25,0
FrontS68105,-13.0868,-16.6861,3.905e-18,4.458e-18,4.237e-18,0.0005,-3.13,0
FrontS68107,-12.9771,-16.8133,7.764e-17,1.528e-16,4.409e-16,0.0002,-2.03,0
FrontS68108,-13.0697,-16.7486,1.996e-16,4.503e-16,1.732e-15,-0.0001,-3.01,0
FrontS68110,-13.0488,-16.7639,2.902e-19,4.034e-19,5.718e-19,0.0,-2.9,0
FrontS68111,-12.9948,-16.7932,1.086e-19,1.673e-19,2.987e-19,0.0003,-2.46,0
FrontS68112,-12.9562,-16.7834,1.270e-18,1.613e-18,1.890e-18,0.0002,-2.37,0
FrontS68113,-12.9496,-16.8522,6.450e-17,1.082e-16,2.298e-16,-0.0001,-1.89,0
FrontS68114,-13.1051,-16.7293,9.196e-17,8.013e-17,4.557e-17,0.0008,-3.2,0
FrontS68118,-13.0793,-16.7404,3.135e-20,5.499e-20,1.292e-19,0.0006,-3.18,0
FrontS68119,-12.9964,-16.7638,3.174e-16,2.701e-16,1.419e-16,-0.0005,-2.61,0
FrontS68120,-13.1113,-16.7541,2.604e-17,2.600e-17,1.876e-17,0.0011,-3.36,0
FrontS68121,-13.0888,-16.6917,1.388e-15,1.108e-15,5.056e-16,0.0001,-3.21,0
FrontS68122,-13.0931,-16.7447,8.511e-18,9.263e-18,7.959e-18,0.0002,-3.2,0
FrontS68123,-12.9920,-16.8352,2.511e-19,3.663e-19,5.819e-19,-0.0006,-2.36,0
FrontS68124,-12.9478,-16.8044,5.018e-17,9.483e-17,2.539e-16,0.0003,-2.16,0
FrontS68125,-13.0451,-16.7917,1.202e-16,1.097e-16,6.589e-17,0.0003,-2.77,0
FrontS68127,-13.0689,-16.7372,4.448e-18,5.154e-18,5.034e-18,0.0003,-3.05,0
FrontS68128,-13.0556,-16.7581,2.273e-19,3.451e-19,5.939e-19,0.0007,-2.92,0
FrontS68129,-12.9781,-16.8578,2.548e-16,2.299e-16,1.373e-16,0.0003,-2.2,0
FrontS68130,-13.0906,-16.7638,9.423e-18,1.082e-17,1.016e-17,0.0004,-3.05,0
FrontS68131,-13.1193,-16.6873,7.453e-18,7.989e-18,6.539e-18,0.0008,-3.39,0
FrontS68132,-12.9737,-16.8004,5.801e-17,9.199e-17,1.641e-16,-0.0003,-2.37,0
FrontS68134,-13.0972,-16.7423,7.931e-20,1.252e-19,2.430e-19,0.0009,-3.23,0
FrontS68135,-12.9472,-16.8060,2.169e-18,2.678e-18,2.935e-18,0.0004,-2.25,0
FrontS68136,-12.9925,-16.7886,4.107e-18,4.807e-18,4.684e-18,0.0003,-2.47,0
FrontS68138,-13.0048,-16.7804,1.102e-16,9.623e-17,5.161e-17,0.0005,-2.61,0
FrontS68139,-13.0107,-16.8443,4.861e-19,6.699e-19,9.412e-19,0.0003,-2.42,0
FrontS68140,-13.0575,-16.6771,2.090e-17,1.974e-17,1.281e-17,0.0003,-3.32,0
FrontS68141,-13.0702,-16.7357,4.096e-12,3.775e-12,2.329e-12,0.0005,-3.38,1
FrontS68142,-13.0803,-16.7811,1.068e-15,8.357e-16,3.739e-16,-0.0,-2.93,1
FrontS68143,-13.1505,-16.7006,4.445e-16,3.416e-16,1.476e-16,0.0008,-3.39,0
FrontS68144,-13.1067,-16.7356,4.236e-17,7.545e-17,1.791e-16,-0.0006,-3.21,0
FrontS68146,-13.0215,-16.7260,1.219e-18,1.589e-18,1.868e-18,0.0007,-2.86,0
FrontS68147,-13.0970,-16.7210,1.145e-18,1.448e-18,1.715e-18,-0.0006,-3.24,0
FrontS68148,-12.9597,-16.8593,1.688e-18,2.071e-18,2.212e-18,0.0008,-2.12,0
FrontS68150,-12.9694,-16.8444,2.303e-16,1.925e-16,9.792e-17,0.0,-2.21,0
FrontS68151,-12.9736,-16.7500,1.494e-16,2.623e-16,6.233e-16,-0.0001,-2.56,0
FrontS68152,-12.9543,-16.8290,1.671e-19,2.707e-19,5.230e-19,0.0005,-2.12,0
FrontS68153,-12.9673,-16.8427,1.698e-16,1.428e-16,7.107e-17,0.0006,-2.24,0
FrontS68154,-12.9604,-16.9009,4.955e-18,5.957e-18,6.156e-18,0.0007,-2.01,0
FrontS68155,-13.1761,-16.7155,9.550e-17,1.761e-16,4.539e-16,0.0003,-3.25,0
FrontS68156,-13.0584,-16.7403,9.364e-17,8.310e-17,4.696e-17,0.0008,-3.11,0
FrontS68157,-12.9312,-16.8479,1.651e-16,1.425e-16,7.510e-17,0.0006,-2.05,0
FrontS68160,-12.9142,-16.8582,7.767e-17,7.133e-17,4.217e-17,0.0008,-1.99,0
FrontS68161,-12.9425,-16.8346,6.960e-18,7.813e-18,7.035e-18,-0.0001,-2.28,0
FrontS68163,-13.0881,-16.7144,1.257e-18,1.568e-18,1.738e-18,0.0004,-3.28,0
FrontS68164,-12.9669,-16.8457,9.186e-17,8.212e-17,4.789e-17,0.0009,-2.28,0
FrontS68165,-13.1342,-16.6768,3.876e-18,4.460e-18,4.366e-18,0.0007,-3.46,0
FrontS68166,-12.9417,-16.8030,3.933e-17,3.682e-17,2.375e-17,0.0007,-2.23,0
FrontS68167,-13.0741,-16.7673,1.361e-20,2.691e-20,8.031e-20,-0.0006,-3.08,0
FrontS68171,-12.9692,-16.7952,2.214e-16,1.821e-16,8.740e-17,-0.0001,-2.38,0
FrontS68172,-13.1244,-16.7483,5.612e-18,6.317e-18,5.782e-18,0.0002,-3.28,0
FrontS68175,-13.1037,-16.7543,3.408e-16,2.863e-16,1.505e-16,0.0001,-3.17,0
FrontS68177,-12.9480,-16.8389,4.198e-18,4.704e-18,4.278e-18,0.0005,-2.3,0
FrontS68178,-12.8959,-16.8920,4.911e-18,5.500e-18,4.933e-18,0.0002,-2.05,0
FrontS68179,-13.0281,-16.7903,2.326e-16,1.961e-16,1.025e-16,-0.0002,-2.68,0
FrontS68182,-12.9559,-16.8527,1.586e-20,2.736e-20,6.161e-20,-0.0004,-2.27,0
FrontS68183,-13.1189,-16.7437,5.681e-16,4.502e-16,1.987e-16,-0.0001,-3.21,0
FrontS68184,-13.0946,-16.7377,2.113e-15,1.530e-15,5.764e-16,0.0008,-3.16,0
FrontS68186,-13.0935,-16.7478,2.129e-16,3.408e-16,6.717e-16,-0.0001,-3.12,0
FrontS68187,-12.9443,-16.8324,1.321e-16,1.134e-16,6.138e-17,0.0009,-2.26,0
FrontS68189,-13.0527,-16.6916,4.581e-18,5.339e-18,5.282e-18,0.0005,-3.03,0
FrontS68191,-13.0455,-16.7223,8.187e-17,1.500e-16,3.791e-16,0.0012,-2.98,0
FrontS68192,-13.1639,-16.7180,3.265e-16,2.808e-16,1.453e-16,0.0004,-3.34,0
FrontS68194,-13.1279,-16.7036,1.501e-19,2.353e-19,4.271e-19,-0.0005,-3.21,0
FrontS68197,-13.0730,-16.7428,1.066e-18,1.490e-18,2.169e-18,0.0004,-3.05,0
FrontS68198,-13.0687,-16.6964,2.200e-20,3.738e-20,8.091e-20,0.0008,-3.12,0
FrontS68200,-13.0931,-16.7483,3.475e-17,3.467e-17,2.507e-17,0.0001,-3.04,0
FrontS68201,-13.1465,-16.7183,1.040e-16,2.144e-16,7.095e-16,0.0008,-3.28,0
FrontS68203,-12.9780,-16.8579,2.911e-12,2.041e-12,7.203e-13,0.0002,-2.3,0
FrontS68204,-12.9014,-16.8541,1.953e-18,2.266e-18,2.171e-18,0.0007,-2.05,0
FrontS68205,-12.9590,-16.8259,2.381e-18,2.875e-18,2.948e-18,-0.0002,-2.34,0
FrontS68206,-12.9733,-16.8272,1.130e-17,1.168e-17,8.754e-18,0.0001,-2.4,0
FrontS68207,-13.1225,-16.7425,2.325e-19,3.609e-19,6.190e-19,0.0003,-3.11,0
FrontS68208,-13.0905,-16.7627,9.744e-19,1.261e-18,1.582e-18,0.0004,-3.05,0
FrontS68209,-13.1724,-16.7327,5.383e-17,1.008e-16,2.645e-16,0.0005,-3.25,0
FrontS68210,-12.9211,-16.8091,1.158e-16,1.019e-16,5.713e-17,0.0001,-2.25,0
FrontS68211,-13.0201,-16.7913,1.739e-16,1.526e-16,8.489e-17,-0.0006,-2.64,0
FrontS68214,-12.9750,-16.8873,1.888e-20,3.468e-20,9.015e-20,-0.0,-2.1,0
FrontS68215,-12.9110,-16.8520,5.815e-18,6.444e-18,5.499e-18,0.0003,-2.12,0
FrontS68216,-13.1045,-16.7789,1.143e-16,9.978e-17,5.658e-17,-0.0006,-2.95,0
FrontS68217,-13.0007,-16.7563,2.421e-19,3.579e-19,5.627e-19,0.0006,-2.67,0
FrontS68219,-12.9409,-16.8293,5.420e-17,4.933e-17,2.899e-17,-0.0002,-2.24,0
FrontS68221,-12.9733,-16.9141,7.087e-17,6.423e-17,3.936e-17,0.0006,-2.17,0
FrontS68222,-13.0623,-16.7362,1.976e-16,3.190e-16,6.225e-16,0.0008,-2.99,0
FrontS68225,-13.1330,-16.7125,2.862e-19,4.078e-19,6.028e-19,-0.0001,-3.13,0
FrontS68227,-12.9696,-16.8810,5.337e-19,7.191e-19,9.240e-19,-0.0004,-2.19,0
FrontS68229,-13.1580,-16.6957,1.373e-18,1.694e-18,1.915e-18,-0.0,-3.22,0
FrontS68230,-13.0956,-16.7383,3.948e-17,3.788e-17,2.573e-17,-0.0007,-3.03,0
FrontS68231,-13.1209,-16.6976,3.886e-17,3.712e-17,2.555e-17,-0.0002,-3.38,0
FrontS68232,-12.8461,-16.8308,2.339e-17,2.394e-17,1.785e-17,-0.0001,-1.96,0
FrontS68233,-13.0675,-16.7352,3.120e-16,8.505e-16,4.955e-15,0.0007,-2.98,0
FrontS68234,-13.0956,-16.6871,4.037e-16,3.286e-16,1.598e-16,0.0008,-3.1,0
FrontS68235,-13.1050,-16.7683,2.619e-17,2.485e-17,1.607e-17,0.0006,-3.1,0
FrontS68239,-13.1105,-16.7172,6.232e-17,1.462e-16,6.406e-16,0.0004,-3.15,0
FrontS68241,-12.9304,-16.8421,6.296e-20,1.100e-19,2.566e-19,0.0006,-2.16,0
FrontS68242,-13.1249,-16.7284,6.645e-16,4.973e-16,2.062e-16,0.0002,-3.26,0
FrontS68243,-13.1133,-16.6892,1.363e-20,2.717e-20,8.314e-20,-0.0003,-3.09,0
FrontS68244,-12.9007,-16.8671,8.953e-19,1.144e-18,1.317e-18,0.001,-2.17,0
FrontS68249,-12.9427,-16.8018,7.699e-19,1.064e-18,1.500e-18,0.0004,-2.42,0
FrontS68250,-12.9325,-16.8814,2.339e-20,4.274e-20,1.054e-19,0.0004,-2.33,0
FrontS68251,-12.9528,-16.9101,6.495e-18,6.964e-18,5.784e-18,0.0007,-2.23,0
FrontS68253,-13.0609,-16.7386,1.519e-18,1.751e-18,1.760e-18,0.0012,-2.97,0
FrontS68254,-12.8948,-16.8561,7.190e-17,6.424e-17,3.786e-17,0.001,-2.26,0
FrontS68255,-12.9068,-16.8425,4.146e-17,6.029e-17,9.662e-17,-0.0,-2.16,0
FrontS68256,-13.1736,-16.6995,5.433e-17,1.082e-16,3.272e-16,-0.0001,-3.3,0
FrontS68257,-12.9204,-16.8849,1.376e-18,1.788e-18,2.205e-18,0.0005,-2.21,0
FrontS68258,-13.1001,-16.6670,1.682e-16,2.855e-16,6.375e-16,0.0004,-3.15,0
FrontS68260,-12.9393,-16.8955,1.946e-19,3.009e-19,5.347e-19,0.0014,-2.24,0
FrontS68261,-12.8648,-16.8626,8.546e-17,7.729e-17,4.501e-17,0.0004,-2.25,0
FrontS68263,-12.8966,-16.8731,1.004e-18,1.303e-18,1.569e-18,0.0009,-2.14,0
FrontS68264,-12.9361,-16.8235,1.802e-18,2.254e-18,2.481e-18,-0.0005,-2.36,0
FrontS68265,-12.9297,-16.8769,8.321e-16,6.795e-16,3.343e-16,0.0002,-2.12,0
FrontS68266,-12.9509,-16.8233,7.983e-17,6.736e-17,3.400e-17,0.0003,-2.34,0
FrontS68267,-13.0710,-16.7694,4.954e-20,8.275e-20,1.744e-19,0.0004,-2.85,0
FrontS68268,-12.9414,-16.8355,1.476e-15,1.190e-15,5.404e-16,0.0005,-2.34,0
FrontS68269,-13.1265,-16.7203,9.375e-16,7.256e-16,3.134e-16,0.0003,-3.1,1
FrontS68270,-12.9212,-16.8507,1.166e-17,1.283e-17,1.113e-17,0.0008,-2.14,0
FrontS68271,-13.1021,-16.7153,1.268e-16,1.128e-16,6.528e-17,-0.0,-3.06,0
FrontS68272,-12.9045,-16.9195,3.926e-17,3.675e-17,2.236e-17,-0.0001,-2.12,0
FrontS68273,-12.8718,-16.8830,2.643e-12,2.382e-12,1.362e-12,0.0006,-2.11,1
FrontS68274,-12.8786,-16.8884,2.211e-20,4.062e-20,1.076e-19,0.001,-2.21,0
FrontS68276,-13.1721,-16.6613,1.458e-16,1.253e-16,6.609e-17,0.0003,-3.27,0
FrontS68277,-12.9233,-16.8503,9.759e-17,1.454e-16,2.329e-16,0.0008,-2.34,0
FrontS68279,-12.9316,-16.8034,2.715e-19,4.206e-19,7.439e-19,0.0004,-2.41,0
FrontS68280,-12.8433,-16.8600,6.241e-17,5.709e-17,3.469e-17,0.001,-2.12,0
FrontS68281,-13.1215,-16.6413,1.651e-15,1.264e-15,5.389e-16,0.0001,-3.12,1
FrontS68282,-12.8609,-16.8682,9.269e-19,1.201e-18,1.470e-18,-0.0006,-2.19,0
FrontS68283,-12.8874,-16.9103,6.498e-17,1.307e-16,4.175e-16,-0.0007,-2.16,0
FrontS68285,-12.8984,-16.8420,2.525e-19,3.877e-19,6.818e-19,0.0003,-2.31,0
FrontS68286,-13.0923,-16.7008,1.894e-20,3.455e-20,8.560e-20,0.0002,-2.99,0
FrontS68287,-13.1206,-16.6695,8.472e-17,1.417e-16,2.969e-16,0.0002,-3.19,0
FrontS68288,-13.1560,-16.6252,7.921e-17,7.207e-17,4.353e-17,0.0008,-3.15,0
FrontS68289,-12.8930,-16.9431,8.097e-18,8.813e-18,7.661e-18,0.0003,-2.17,0
FrontS68290,-12.8605,-16.9275,1.334e-19,2.031e-19,3.469e-19,0.0003,-1.98,0
FrontS68291,-13.1045,-16.6457,5.353e-17,9.223e-17,2.135e-16,0.0007,-3.11,0
FrontS68292,-13.0945,-16.7232,4.879e-20,8.096e-20,1.662e-19,0.0001,-2.91,0
FrontS68293,-13.1682,-16.6615,2.946e-17,2.950e-17,2.159e-17,0.0005,-3.34,0
FrontS68294,-13.1222,-16.7219,1.131e-17,1.153e-17,8.786e-18,0.0005,-3.12,0
FrontS68295,-12.8760,-16.8776,4.486e-18,5.110e-18,4.642e-18,0.0003,-2.24,0
FrontS68296,-13.1871,-16.6483,2.918e-20,5.445e-20,1.484e-19,0.0012,-3.26,0
FrontS68297,-13.1036,-16.6439,7.412e-20,1.276e-19,2.886e-19,0.0003,-3.21,0
FrontS68298,-12.8926,-16.8127,2.013e-19,2.893e-19,4.387e-19,0.0004,-2.32,0
FrontS68299,-13.1055,-16.6683,1.396e-20,2.679e-20,7.180e-20,-0.0,-3.04,0
FrontS68300,-12.9375,-16.8885,2.705e-20,4.435e-20,9.089e-20,0.0009,-2.35,0
FrontS68305,-13.0544,-16.6814,2.017e-17,2.117e-17,1.703e-17,0.0006,-2.95,0
FrontS68306,-12.9315,-16.8542,1.088e-19,1.709e-19,3.087e-19,0.0013,-2.3,0
FrontS68308,-12.8977,-16.8596,2.807e-18,3.453e-18,3.747e-18,0.0004,-2.33,0
FrontS68309,-12.9312,-16.8876,1.445e-16,3.087e-16,1.107e-15,0.0001,-2.26,0
FrontS68311,-13.1518,-16.6831,1.097e-19,1.697e-19,3.061e-19,0.0003,-3.12,0
FrontS68312,-12.8466,-16.9165,1.014e-17,1.096e-17,8.838e-18,0.0002,-2.23,0
FrontS68313,-12.9010,-16.8485,1.317e-16,1.796e-16,2.531e-16,0.0,-2.34,0
FrontS68314,-13.1807,-16.6811,6.823e-18,7.221e-18,6.044e-18,-0.0001,-3.14,0
FrontS68316,-12.8541,-16.9234,2.253e-19,3.339e-19,5.233e-19,-0.0001,-2.2,0
FrontS68317,-12.8910,-16.8540,1.799e-16,3.962e-16,1.433e-15,0.0009,-2.21,0
FrontS68318,-13.1529,-16.6334,2.048e-17,2.075e-17,1.515e-17,0.0,-3.19,0
FrontS68319,-12.9073,-16.8893,2.739e-16,2.206e-16,1.005e-16,0.0005,-2.32,0
FrontS68322,-12.8862,-16.9078,2.905e-18,3.301e-18,3.179e-18,0.0008,-2.27,0
FrontS68325,-12.9836,-16.8531,1.067e-18,1.444e-18,1.901e-18,0.0013,-2.51,0
FrontS68326,-13.2025,-16.6668,1.575e-16,1.435e-16,8.101e-17,-0.0001,-3.24,0
FrontS68327,-13.2276,-16.6663,5.199e-16,4.317e-16,2.165e-16,0.0002,-3.24,0
FrontS68331,-13.1170,-16.6571,3.023e-18,3.275e-18,2.860e-18,0.0004,-3.05,0
FrontS68332,-12.8862,-16.8858,7.868e-20,1.280e-19,2.528e-19,0.0014,-2.23,0
FrontS68333,-13.1806,-16.6790,4.189e-17,7.466e-17,1.812e-16,0.0004,-3.12,0
FrontS68334,-12.8545,-16.8769,9.072e-19,1.170e-18,1.478e-18,0.0006,-2.24,0
FrontS68336,-13.1039,-16.5865,1.081e-16,9.372e-17,5.202e-17,0.0005,-3.09,0
FrontS68337,-12.8967,-16.9043,8.423e-17,7.221e-17,3.694e-17,0.0007,-2.29,0
FrontS68338,-13.1726,-16.6953,7.896e-17,1.608e-16,4.937e-16,-0.0001,-3.09,0
FrontS68339,-13.1196,-16.6311,7.858e-20,1.360e-19,3.011e-19,-0.0001,-3.06,0
FrontS68340,-12.9024,-16.9447,2.662e-16,2.247e-16,1.125e-16,0.0002,-2.26,0
FrontS68342,-12.9035,-16.8377,2.039e-17,3.746e-17,9.475e-17,0.0006,-2.34,0
FrontS68343,-13.2046,-16.6709,4.681e-17,4.350e-17,2.708e-17,0.0006,-3.18,0
FrontS68344,-13.0214,-16.7801,1.041e-15,8.047e-16,3.397e-16,0.0005,2.54,1
FrontS68345,-13.0214,-16.7806,2.355e-15,1.783e-15,7.293e-16,0.0008,1.72,1
FrontS68346,-13.0213,-16.7789,8.779e-13,5.879e-13,1.918e-13,0.0007,1.59,0
FrontS68347,-13.0232,-16.7798,1.077e-15,8.248e-16,3.604e-16,-0.0005,-8.13,1
FrontS68348,-13.0223,-16.7790,8.487e-15,6.009e-15,2.230e-15,-0.0004,-3.09,0
FrontS68349,-13.0223,-16.7791,1.942e-15,1.572e-15,7.252e-16,0.0001,-2.6,0
FrontS68350,-12.9085,-16.8564,1.120e-15,8.767e-16,3.806e-16,0.0011,-2.37,1
FrontS68351,-13.1370,-16.7054,1.213e-15,9.249e-16,3.737e-16,0.0004,-3.02,0
FrontS68352,-13.1308,-16.6918,6.228e-16,5.017e-16,2.357e-16,0.0008,-3.03,0
FrontS68353,-12.8833,-16.8789,6.997e-16,5.509e-16,2.432e-16,0.0013,-2.31,0
FrontS68354,-12.8749,-16.8843,3.016e-15,2.339e-15,1.015e-15,-0.0003,-2.3,0
FrontS68355,-12.8843,-16.9011,9.426e-15,6.396e-15,2.124e-15,0.0006,-2.27,0
FrontS68356,-13.1693,-16.6715,3.270e-16,2.634e-16,1.232e-16,0.0006,-3.1,0
FrontS68357,-13.1790,-16.6589,6.400e-17,5.947e-17,3.622e-17,-0.0005,-3.12,0
FrontS68358,-12.8582,-16.9064,1.273e-17,1.440e-17,1.349e-17,0.0011,-2.23,0
FrontS68359,-13.1790,-16.6562,4.261e-16,3.638e-16,1.845e-16,0.0008,-3.17,0
FrontS68360,-13.1922,-16.6455,4.868e-16,3.767e-16,1.621e-16,0.0006,-3.17,0
FrontS68361,-13.1888,-16.6475,1.920e-15,1.380e-15,5.089e-16,0.0006,-3.17,0
FrontS68362,-12.8422,-16.9052,1.573e-14,1.112e-14,4.102e-15,-0.0,-2.19,0
FrontS68363,-13.2192,-16.6420,8.652e-18,9.710e-18,8.519e-18,0.0003,-3.23,0
FrontS68364,-12.8236,-16.9362,5.050e-16,4.002e-16,1.902e-16,0.0005,-2.12,0
FrontS68365,-12.8177,-16.9496,1.974e-15,1.451e-15,5.594e-16,-0.0002,-2.1,0
FrontS68366,-13.2278,-16.6245,9.462e-19,1.170e-18,1.285e-18,0.0005,-3.29,0
FrontS68367,-12.7900,-16.9537,5.492e-13,3.556e-13,1.078e-13,0.001,-2.07,0
FrontS68368,-12.7892,-16.9368,4.046e-16,3.403e-16,1.719e-16,-0.0002,-2.05,0
FrontS68369,-12.7824,-16.9396,5.129e-18,5.432e-18,4.421e-18,0.0006,-2.04,0
FrontS68370,-13.2700,-16.5937,3.237e-12,2.340e-12,8.886e-13,0.0007,-3.34,0
FrontS68371,-13.2491,-16.6013,8.244e-17,7.294e-17,3.994e-17,-0.0001,-3.38,0
FrontS68372,-13.2762,-16.5877,1.463e-16,1.284e-16,6.986e-17,0.0003,-3.38,0
FrontS68373,-12.7627,-16.9753,2.575e-17,2.587e-17,1.929e-17,-0.0,-1.94,0
FrontS68374,-12.7463,-16.9741,5.412e-15,4.046e-15,1.649e-15,0.0004,-1.94,0
FrontS68375,-13.3204,-16.5729,9.449e-16,7.521e-16,3.413e-16,0.0016,-3.46,1
FrontS68376,-12.7404,-16.9958,1.452e-16,1.242e-16,6.468e-17,0.001,-1.92,0
FrontS68377,-13.2950,-16.5577,3.202e-16,2.647e-16,1.277e-16,0.0,-3.47,0
FrontS68378,-13.3213,-16.5660,3.524e-15,2.611e-15,1.007e-15,-0.0002,-3.49,0
FrontS68379,-12.7173,-17.0130,7.214e-16,5.831e-16,2.750e-16,0.0006,-1.84,0
FrontS68380,-13.3071,-16.5504,3.684e-16,7.970e-16,2.937e-15,-0.0,-3.51,0
FrontS68381,-12.7122,-17.0114,2.742e-15,1.952e-15,7.447e-16,0.0008,-1.83,0
FrontS68382,-13.3382,-16.5260,4.679e-15,3.309e-15,1.189e-15,0.0004,-3.57,0
FrontS68383,-13.3505,-16.5081,4.217e-12,3.715e-12,2.142e-12,0.0007,-3.61,1
FrontS68384,-13.3755,-16.5067,4.016e-15,2.941e-15,1.144e-15,-0.0,-3.61,0
FrontS68385,-13.3703,-16.5192,2.400e-17,2.420e-17,1.841e-17,0.0005,-3.61,0
FrontS68386,-13.3827,-16.5076,5.469e-16,4.263e-16,1.828e-16,-0.0001,-3.62,0
FrontS68387,-13.3830,-16.5083,1.956e-14,1.347e-14,4.864e-15,-0.0004,-3.69,0
FrontS68388,-12.6323,-17.0705,2.201e-15,1.685e-15,7.009e-16,0.0007,-1.67,0
FrontS68389,-12.6308,-17.0704,5.455e-12,3.949e-12,1.529e-12,0.0005,-1.67,0
FrontS68390,-13.4056,-16.4959,2.650e-16,2.167e-16,1.045e-16,0.0002,-3.69,0
FrontS68391,-12.6187,-17.0974,1.919e-16,1.652e-16,8.953e-17,0.0011,-1.65,0
FrontS68392,-13.4244,-16.4860,1.437e-16,1.300e-16,7.417e-17,-0.0,-3.71,0
FrontS68393,-13.4275,-16.4811,7.372e-15,5.305e-15,2.008e-15,0.0009,-3.76,0
FrontS68394,-13.4469,-16.4491,7.955e-15,5.608e-15,1.987e-15,0.0005,-3.79,0
FrontS68395,-13.4497,-16.4579,2.378e-12,1.631e-12,5.656e-13,0.0,-3.75,0
FrontS68396,-12.5893,-17.1154,3.179e-15,2.336e-15,9.013e-16,0.0006,-1.58,0
FrontS68397,-12.5479,-17.1279,2.168e-16,1.765e-16,8.726e-17,0.0001,-1.55,0
FrontS68398,-12.5834,-17.0952,2.025e-16,1.720e-16,8.927e-17,0.0004,-1.57,0
FrontS68399,-12.5593,-17.1341,1.346e-17,1.402e-17,1.109e-17,0.0008,-1.55,0
FrontS68400,-13.5075,-16.4146,3.208e-16,2.799e-16,1.471e-16,0.0011,-3.89,0
FrontS68401,-13.4738,-16.4282,1.195e-14,8.458e-15,3.027e-15,-0.0001,-3.85,0
FrontS68402,-13.5119,-16.3964,2.124e-15,1.494e-15,5.308e-16,0.0014,-3.93,0
FrontS68403,-12.5377,-17.1407,4.700e-16,3.793e-16,1.788e-16,0.0009,-1.44,0
FrontS68404,-12.5483,-17.1353,2.462e-16,2.152e-16,1.148e-16,-0.0006,-1.49,0
FrontS68405,-13.4974,-16.4106,1.130e-14,8.046e-15,3.039e-15,0.0011,-3.92,0
FrontS68406,-13.5609,-16.3965,3.328e-15,2.374e-15,8.839e-16,-0.0005,-3.97,0
FrontS68407,-12.5038,-17.1609,5.059e-15,3.631e-15,1.370e-15,-0.0003,-1.4,0
FrontS68408,-13.5471,-16.3674,4.268e-12,3.139e-12,1.260e-12,0.0003,-3.99,0
FrontS68409,-13.5576,-16.3721,5.014e-15,3.680e-15,1.431e-15,0.0002,-4.0,0
FrontS68410,-13.5631,-16.3760,4.033e-16,3.522e-16,1.928e-16,0.0014,-4.02,0
FrontS68411,-13.5552,-16.3868,1.680e-16,1.444e-16,7.566e-17,0.0003,-3.99,0
FrontS68412,-13.5528,-16.3821,6.201e-15,4.404e-15,1.627e-15,0.0002,-4.02,0
FrontS68413,-13.5961,-16.3667,4.409e-15,3.192e-15,1.229e-15,0.0005,-4.06,0
FrontS68414,-12.4258,-17.2207,5.101e-16,4.120e-16,1.954e-16,0.0006,-1.28,0
FrontS68415,-12.4475,-17.2165,2.326e-16,1.998e-16,1.082e-16,-0.0005,-1.32,0
FrontS68416,-13.5545,-16.3847,1.764e-16,1.573e-16,8.791e-17,0.0,-4.04,0
FrontS68417,-12.4550,-17.2038,1.047e-17,1.130e-17,9.699e-18,-0.0003,-1.33,0
FrontS68418,-12.4540,-17.1953,1.500e-15,1.148e-15,4.912e-16,0.0002,-1.29,1
FrontS68419,-13.6172,-16.3284,2.450e-16,2.051e-16,1.020e-16,0.0011,-4.08,0
FrontS68420,-13.6163,-16.3305,9.654e-15,6.590e-15,2.278e-15,-0.0008,-4.08,0
FrontS68421,-12.3769,-17.2459,1.558e-17,1.658e-17,1.336e-17,-0.0002,-1.28,0
FrontS68422,-13.6764,-16.3000,5.909e-15,4.119e-15,1.393e-15,-0.0,-4.12,0
FrontS68423,-13.6247,-16.3363,1.664e-15,1.237e-15,4.955e-16,-0.0002,-4.1,0
FrontS68424,-13.6536,-16.3104,1.086e-12,7.122e-13,2.138e-13,0.0007,-4.12,0
FrontS68426,-13.6093,-16.3524,2.521e-12,1.788e-12,6.552e-13,-0.0001,-4.11,0
FrontS68427,-13.6261,-16.3341,1.125e-15,8.572e-16,3.532e-16,0.0007,-4.1,1
FrontS68428,-12.4495,-17.1988,7.124e-15,4.929e-15,1.712e-15,-0.0003,-1.33,0
FrontS68429,-13.6221,-16.3433,7.286e-14,4.799e-14,1.501e-14,0.0003,-4.09,0
FrontS68430,-12.3869,-17.2390,1.406e-17,1.439e-17,1.079e-17,0.0007,-1.28,0
FrontS68431,-12.4070,-17.2368,7.608e-15,5.413e-15,1.951e-15,0.0001,-1.27,0
FrontS68432,-12.3841,-17.2420,5.169e-15,3.696e-15,1.378e-15,0.0007,-1.3,0
FrontS68433,-13.6675,-16.3067,8.016e-16,6.053e-16,2.495e-16,0.0001,-4.11,1
FrontS68434,-13.6299,-16.3189,2.869e-14,1.916e-14,6.152e-15,0.0006,-4.1,0
FrontS68435,-13.6412,-16.3224,1.498e-15,1.105e-15,4.366e-16,-0.0005,-4.09,0
FrontS68436,-13.6461,-16.3159,4.168e-15,3.008e-15,1.154e-15,-0.0003,-4.05,0
FrontS68437,-12.4000,-17.2632,3.517e-12,2.474e-12,8.818e-13,0.0007,-1.32,0
FrontS68438,-12.4453,-17.2131,1.087e-16,9.834e-17,6.008e-17,0.0003,-1.35,0
FrontS68439,-12.4077,-17.2350,5.471e-17,9.094e-17,1.855e-16,-0.0,-1.35,0
FrontS68440,-12.3936,-17.2555,3.851e-18,4.457e-18,4.345e-18,0.0001,-1.39,0
FrontS68441,-13.6246,-16.3434,5.641e-16,4.462e-16,2.045e-16,-0.0002,-4.0,0
FrontS68442,-13.5950,-16.3682,3.499e-15,2.656e-15,1.119e-15,0.0005,-3.98,0
FrontS68443,-12.4742,-17.1689,9.655e-17,2.285e-16,9.844e-16,0.0003,-1.44,0
FrontS68444,-13.6010,-16.3526,1.205e-14,8.343e-15,2.901e-15,-0.0002,-3.95,0
FrontS68445,-12.4335,-17.2022,1.730e-14,1.198e-14,4.100e-15,0.0012,-1.46,0
FrontS68446,-12.4469,-17.1964,1.204e-15,8.988e-16,3.753e-16,-0.0001,-1.5,1
FrontS68447,-12.4893,-17.1645,1.574e-14,1.039e-14,3.458e-15,0.0001,-1.52,0
FrontS68448,-13.5904,-16.3718,2.451e-14,1.674e-14,5.526e-15,0.0005,-3.89,0
FrontS68449,-13.5624,-16.3866,9.332e-16,7.246e-16,3.256e-16,0.0018,-3.84,1
FrontS68450,-12.5201,-17.1482,3.800e-12,2.725e-12,1.010e-12,0.0006,-1.6,0
FrontS68451,-12.5156,-17.1648,2.267e-16,3.353e-16,5.364e-16,0.0005,-1.61,0
FrontS68452,-13.5311,-16.4084,6.783e-20,1.134e-19,2.443e-19,0.0003,-3.75,0
FrontS68453,-12.5385,-17.1285,1.073e-16,9.609e-17,5.587e-17,0.0006,-1.66,0
FrontS68454,-13.5481,-16.3983,5.588e-17,9.284e-17,1.952e-16,-0.0004,-3.73,0
FrontS68455,-12.5763,-17.0970,1.886e-16,3.232e-16,7.161e-16,0.0006,-1.76,0
FrontS68456,-13.5098,-16.4257,1.953e-19,3.144e-19,6.077e-19,-0.0001,-3.69,0
FrontS68457,-13.4653,-16.4775,1.273e-16,1.931e-16,3.206e-16,0.0,-3.62,0
FrontS68458,-12.6038,-17.0741,1.576e-14,1.086e-14,3.856e-15,0.0001,-1.83,0
FrontS68459,-13.4424,-16.4651,3.305e-15,2.470e-15,1.040e-15,0.0007,-3.57,0
FrontS68460,-12.6348,-17.0513,4.747e-16,1.261e-15,6.682e-15,0.0005,-1.92,0
FrontS68461,-13.4150,-16.4801,1.662e-16,1.487e-16,8.423e-17,0.0012,-3.49,0
FrontS68462,-13.3459,-16.5405,3.946e-15,2.902e-15,1.139e-15,0.0005,-3.37,0
FrontS68463,-12.7072,-17.0097,1.972e-15,1.447e-15,5.396e-16,-0.0003,-2.08,0
FrontS68464,-12.7118,-16.9941,3.515e-15,2.537e-15,9.395e-16,0.0012,-2.04,0
FrontS68465,-13.2882,-16.5914,4.655e-13,6.988e-13,1.147e-12,-0.0003,-3.22,0
FrontS68466,-12.7561,-16.9736,6.035e-15,4.184e-15,1.442e-15,0.0006,-2.16,0
FrontS68467,-12.7988,-16.9208,6.794e-15,4.900e-15,1.926e-15,-0.0001,-2.29,0
FrontS68468,-12.8174,-16.9269,8.568e-16,6.710e-16,2.944e-16,-0.0001,-2.29,1
FrontS68469,-13.2555,-16.6186,2.263e-15,1.702e-15,6.662e-16,0.0003,-3.14,0
FrontS68470,-13.2216,-16.6489,5.337e-16,4.544e-16,2.369e-16,0.0009,-3.07,0
FrontS68471,-12.8951,-16.8700,3.761e-15,2.604e-15,8.898e-16,-0.0001,-2.46,0
FrontS68472,-12.8893,-16.8756,2.852e-12,1.969e-12,6.746e-13,0.0004,-2.43,0
FrontS68473,-12.9215,-16.8534,1.086e-17,1.125e-17,8.555e-18,0.0,-2.49,0
FrontS68474,-12.9413,-16.8366,1.662e-15,1.285e-15,5.564e-16,0.0005,-2.54,1
FrontS68475,-12.9520,-16.8240,1.205e-14,8.749e-15,3.299e-15,0.0003,-2.56,0
FrontS68476,-12.9919,-16.8016,2.415e-15,1.823e-15,7.583e-16,-0.0004,-2.63,1
FrontS68477,-13.0192,-16.7960,9.926e-18,1.070e-17,9.303e-18,0.001,-2.67,0
FrontS68478,-13.0441,-16.7484,1.294e-16,2.237e-16,5.119e-16,-0.0,-2.75,0
FrontS68479,-13.0727,-16.7411,5.901e-17,1.082e-16,2.745e-16,0.0005,-2.79,0
FrontS68480,-12.9168,-16.8657,8.320e-17,1.210e-16,1.931e-16,0.0003,-2.49,0
FrontS68481,-12.8764,-16.8956,6.384e-17,5.982e-17,3.802e-17,0.0004,-2.43,0
FrontS68482,-12.8723,-16.8963,1.308e-16,1.080e-16,5.419e-17,0.0004,-2.4,0
FrontS68483,-13.2015,-16.6306,3.433e-15,2.562e-15,1.018e-15,0.0002,-3.03,0
FrontS68484,-13.2290,-16.6315,1.184e-14,8.067e-15,2.783e-15,0.0009,-3.08,0
FrontS68485,-13.2622,-16.5777,1.376e-16,2.210e-16,4.255e-16,0.0001,-3.15,0
FrontS68486,-13.2757,-16.5707,5.074e-15,3.649e-15,1.358e-15,0.0011,-3.19,0
FrontS68487,-12.7052,-17.0431,5.788e-14,3.845e-14,1.228e-14,0.0004,-2.11,0
FrontS68488,-13.3196,-16.5405,3.509e-15,2.623e-15,1.052e-15,0.0001,-3.3,0
FrontS68489,-13.3677,-16.5275,1.958e-18,2.420e-18,2.612e-18,0.0006,-3.37,0
FrontS68490,-12.6019,-17.0865,1.078e-12,7.304e-13,2.394e-13,-0.0002,-1.97,0
FrontS68491,-12.5959,-17.1091,2.761e-15,2.028e-15,8.114e-16,-0.0004,-1.91,0
FrontS68492,-12.5571,-17.1297,5.097e-19,6.768e-19,9.226e-19,0.0003,-1.82,0
FrontS68493,-13.5050,-16.4087,1.138e-15,8.821e-16,3.786e-16,0.0007,-3.58,1
FrontS68494,-12.4985,-17.1678,1.993e-17,2.096e-17,1.713e-17,-0.0002,-1.73,0
FrontS68495,-13.5616,-16.3691,1.345e-15,1.031e-15,4.413e-16,0.0003,-3.64,1
FrontS68496,-13.5691,-16.3496,5.219e-17,9.433e-17,2.278e-16,0.0002,-3.69,0
FrontS68497,-13.6179,-16.3469,1.736e-16,1.481e-16,7.911e-17,0.0002,-3.7,0
FrontS68498,-12.4087,-17.2495,9.380e-15,6.475e-15,2.227e-15,0.0003,-1.58,0
FrontS68499,-12.3931,-17.2560,1.718e-15,1.250e-15,4.941e-16,0.0003,-1.61,0
FrontS68500,-12.3386,-17.3070,4.835e-17,9.413e-17,2.609e-16,-0.0001,-1.48,0
FrontS68501,-12.3324,-17.2957,5.747e-17,8.288e-17,1.277e-16,0.0017,-1.43,0
FrontS68502,-13.7486,-16.2392,1.037e-16,9.552e-17,5.762e-17,-0.0005,-3.93,0
FrontS68503,-12.2393,-17.3568,1.158e-14,7.852e-15,2.588e-15,0.0008,-1.38,0
FrontS68504,-12.2772,-17.3410,1.785e-15,1.387e-15,5.836e-16,0.0011,-1.37,1
FrontS68505,-12.2201,-17.3719,1.625e-17,1.684e-17,1.325e-17,-0.0004,-1.36,0
FrontS68506,-12.1912,-17.3956,1.912e-16,1.610e-16,8.535e-17,0.0005,-1.33,0
FrontS68507,-13.8637,-16.1640,3.146e-15,2.332e-15,9.476e-16,0.0004,-4.03,0
FrontS68508,-13.8348,-16.1723,1.310e-14,9.546e-15,3.672e-15,-0.0003,-4.09,0
FrontS68509,-13.9064,-16.1327,3.749e-15,2.767e-15,1.104e-15,0.0003,-4.1,0
FrontS68510,-12.1696,-17.3926,1.289e-16,1.187e-16,7.110e-17,-0.0001,-1.26,0
FrontS68511,-13.8773,-16.1580,1.370e-15,1.102e-15,5.097e-16,0.0005,-4.11,0
FrontS68512,-13.8721,-16.1431,8.679e-17,7.984e-17,4.775e-17,-0.0,-4.1,0
FrontS68513,-13.8959,-16.1324,2.270e-16,1.952e-16,1.017e-16,0.0002,-4.11,0
FrontS68514,-12.1152,-17.4353,4.920e-15,3.527e-15,1.297e-15,0.0008,-1.3,0
FrontS68515,-13.8513,-16.1603,2.443e-14,1.637e-14,5.330e-15,0.0007,-4.13,0
FrontS68516,-12.2209,-17.3683,2.665e-15,1.943e-15,7.626e-16,0.0009,-1.24,0
FrontS68517,-13.8824,-16.1370,7.764e-16,5.780e-16,2.224e-16,-0.0009,-4.11,0
FrontS68518,-12.2275,-17.3726,4.627e-15,3.251e-15,1.197e-15,0.0009,-1.31,0
FrontS68519,-13.8920,-16.1707,3.257e-12,2.254e-12,7.914e-13,0.0004,-4.04,0
FrontS68521,-13.2039,-16.6534,4.112e-18,4.945e-18,5.072e-18,-0.0001,-3.3,0
FrontS68522,-12.7983,-16.9149,5.691e-16,4.503e-16,2.035e-16,0.0011,-2.11,0
FrontS68523,-12.8187,-16.9531,6.543e-16,5.193e-16,2.345e-16,-0.0003,-2.09,1
FrontS68524,-13.1982,-16.6425,4.484e-16,3.773e-16,1.976e-16,-0.0006,-3.33,0
FrontS68525,-12.7892,-16.9495,9.963e-19,1.261e-18,1.543e-18,-0.0001,-2.05,0
FrontS68528,-12.8250,-16.9370,1.500e-18,1.878e-18,2.060e-18,-0.0012,-2.04,0
FrontS68529,-13.2447,-16.5939,2.175e-17,3.685e-17,8.120e-17,0.0012,-3.37,0
FrontS68530,-13.2617,-16.5546,2.110e-16,3.195e-16,5.393e-16,0.0008,-3.37,0
FrontS68532,-12.7867,-16.9829,8.055e-17,1.248e-16,2.256e-16,0.0001,-1.99,0
FrontS68534,-12.7530,-16.9798,4.549e-18,5.162e-18,4.798e-18,0.0002,-2.01,0
FrontS68536,-13.2691,-16.6063,2.593e-17,4.269e-17,8.540e-17,0.0005,-3.45,0
FrontS68537,-13.3406,-16.5625,1.085e-15,8.619e-16,4.050e-16,0.0006,-3.5,0
FrontS68538,-12.7289,-16.9685,5.900e-17,1.066e-16,2.648e-16,0.0013,-1.91,0
FrontS68539,-13.3227,-16.5421,2.809e-16,4.471e-16,8.155e-16,0.0011,-3.51,0
FrontS68540,-13.3018,-16.5666,2.090e-18,2.312e-18,2.084e-18,0.001,-3.46,0
FrontS68542,-12.7291,-17.0302,2.908e-20,5.425e-20,1.400e-19,0.0008,-1.85,0
FrontS68543,-12.7574,-16.9765,3.547e-16,6.245e-16,1.459e-15,-0.0005,-1.86,0
FrontS68544,-13.3386,-16.5535,3.955e-16,1.072e-15,6.258e-15,0.0002,-3.48,0
FrontS68546,-13.3363,-16.5470,1.465e-20,2.785e-20,7.854e-20,0.0002,-3.57,0
FrontS68547,-12.7313,-17.0364,2.549e-18,2.982e-18,2.972e-18,0.0001,-1.87,0
FrontS68548,-12.7111,-17.0231,2.718e-16,3.867e-16,5.545e-16,0.0005,-1.81,0
FrontS68549,-12.6789,-17.0413,3.905e-18,4.458e-18,4.179e-18,-0.0002,-1.78,0
FrontS68550,-12.6856,-17.0676,1.085e-14,7.626e-15,2.737e-15,0.0003,-1.78,0
FrontS68551,-12.7049,-17.0163,5.587e-17,5.087e-17,2.982e-17,-0.0002,-1.83,0
FrontS68552,-13.3863,-16.4957,2.826e-17,5.207e-17,1.333e-16,0.0006,-3.6,0
FrontS68554,-13.3232,-16.4950,7.546e-17,1.299e-16,2.939e-16,-0.0002,-3.69,0
FrontS68555,-13.3883,-16.4992,7.985e-16,6.563e-16,3.157e-16,0.0002,-3.7,0
FrontS68556,-13.3744,-16.4964,5.681e-17,5.196e-17,3.078e-17,0.0003,-3.68,0
FrontS68557,-12.6691,-17.0144,8.853e-18,9.949e-18,9.078e-18,0.0012,-1.7,0
FrontS68558,-12.6623,-17.0873,2.950e-17,5.337e-17,1.319e-16,-0.0,-1.67,0
FrontS68559,-13.4140,-16.5196,9.307e-17,8.597e-17,5.130e-17,0.0006,-3.77,0
FrontS68560,-13.4325,-16.4639,1.565e-18,1.957e-18,2.217e-18,-0.0001,-3.73,0
FrontS68561,-13.4531,-16.4742,5.790e-18,6.531e-18,6.060e-18,0.0,-3.81,0
FrontS68563,-12.6317,-17.0663,6.551e-17,6.012e-17,3.691e-17,0.0005,-1.61,0
FrontS68564,-13.4650,-16.4674,2.600e-15,1.851e-15,6.826e-16,0.0002,-3.82,0
FrontS68565,-12.6135,-17.0835,1.748e-17,1.814e-17,1.409e-17,-0.0,-1.59,0
FrontS68566,-12.6086,-17.0941,3.052e-16,2.489e-16,1.200e-16,0.0004,-1.55,0
FrontS68569,-12.5928,-17.0961,3.956e-15,2.925e-15,1.162e-15,0.0004,-1.58,0
FrontS68570,-13.4632,-16.4518,1.456e-17,1.520e-17,1.181e-17,0.0008,-3.85,0
FrontS68571,-13.4338,-16.4683,5.187e-16,4.167e-16,1.968e-16,0.0,-3.8,0
FrontS68572,-12.5664,-17.0965,4.000e-16,3.387e-16,1.733e-16,-0.0003,-1.52,0
FrontS68573,-13.4849,-16.4283,2.131e-17,2.120e-17,1.551e-17,0.0009,-3.89,0
FrontS68574,-12.5521,-17.1608,7.594e-17,6.654e-17,3.752e-17,0.0007,-1.46,0
FrontS68576,-13.5100,-16.3994,6.106e-17,6.129e-17,4.417e-17,0.0,-3.9,0
FrontS68578,-13.4642,-16.4369,6.962e-17,6.199e-17,3.486e-17,0.0009,-3.89,0
FrontS68579,-13.4820,-16.4573,1.027e-15,7.548e-16,3.020e-16,0.0007,-3.9,0
FrontS68580,-12.5692,-17.1082,4.525e-16,3.726e-16,1.761e-16,0.0004,-1.49,0
FrontS68581,-13.4898,-16.4316,1.424e-19,2.178e-19,3.882e-19,0.0005,-3.93,0
FrontS68582,-12.5470,-17.1580,1.043e-14,7.262e-15,2.562e-15,-0.0001,-1.46,0
FrontS68583,-12.5024,-17.1391,7.379e-17,6.847e-17,4.160e-17,0.0006,-1.37,0
FrontS68584,-13.5592,-16.3441,1.190e-16,1.064e-16,5.947e-17,0.0009,-3.98,0
FrontS68585,-12.4399,-17.1860,5.816e-18,6.561e-18,6.019e-18,0.0005,-1.34,0
FrontS68587,-13.5820,-16.3770,2.220e-15,1.646e-15,6.737e-16,0.0008,-4.04,0
FrontS68588,-13.5318,-16.3704,8.694e-17,1.323e-16,2.256e-16,0.0013,-3.99,0
FrontS68589,-12.4937,-17.1839,2.729e-16,4.786e-16,1.107e-15,0.0003,-1.36,0
FrontS68591,-12.5204,-17.1361,2.399e-16,5.089e-16,1.816e-15,-0.0005,-1.38,0
FrontS68592,-12.4889,-17.1923,2.581e-18,3.144e-18,3.427e-18,0.0002,-1.36,0
FrontS68593,-12.4787,-17.2203,2.427e-17,3.866e-17,7.386e-17,0.0006,-1.31,0
FrontS68594,-13.5992,-16.3624,2.192e-16,5.262e-16,2.445e-15,0.0002,-4.05,0
FrontS68595,-13.5852,-16.3722,2.128e-16,1.769e-16,8.758e-17,0.001,-4.05,0
FrontS68596,-13.6374,-16.3396,5.380e-15,3.827e-15,1.408e-15,0.0005,-4.07,0
FrontS68598,-12.4735,-17.1889,1.515e-17,1.528e-17,1.119e-17,-0.0003,-1.33,0
FrontS68599,-12.4762,-17.1600,8.950e-17,8.097e-17,4.633e-17,0.0009,-1.33,0
FrontS68600,-12.4132,-17.2468,1.891e-16,3.433e-16,8.764e-16,-0.0,-1.3,0
FrontS68601,-12.5346,-17.1675,5.544e-16,4.409e-16,2.017e-16,0.0,-1.36,0
FrontS68602,-13.6198,-16.3504,2.156e-18,2.474e-18,2.420e-18,0.0005,-4.08,0
FrontS68603,-12.4639,-17.1936,2.259e-16,1.864e-16,9.280e-17,0.0007,-1.31,0
FrontS68604,-13.5467,-16.4291,8.957e-17,1.349e-16,2.302e-16,0.0007,-4.03,0
FrontS68605,-13.5710,-16.3510,7.694e-17,7.147e-17,4.300e-17,-0.0002,-4.08,0
FrontS68606,-12.4286,-17.2136,1.298e-15,9.639e-16,3.856e-16,0.0005,-1.26,0
FrontS68607,-12.4517,-17.2013,4.298e-16,3.522e-16,1.693e-16,0.0013,-1.3,0
FrontS68609,-12.4860,-17.1693,2.647e-16,2.139e-16,1.023e-16,0.0011,-1.34,0
FrontS68610,-12.4037,-17.2456,5.673e-19,7.906e-19,1.108e-18,0.0007,-1.28,0
FrontS68611,-13.5415,-16.3869,3.954e-17,6.568e-17,1.331e-16,0.0014,-4.06,0
FrontS68612,-13.6437,-16.3176,2.698e-20,4.787e-20,1.155e-19,-0.0003,-4.13,0
FrontS68613,-12.4651,-17.1569,6.081e-16,4.798e-16,2.061e-16,-0.0006,-1.33,0
FrontS68614,-13.6064,-16.3668,3.582e-18,4.114e-18,3.862e-18,0.0011,-4.12,0
FrontS68615,-12.3896,-17.2616,1.098e-17,1.114e-17,8.352e-18,0.0009,-1.26,0
FrontS68616,-12.3943,-17.2117,2.886e-19,4.278e-19,6.934e-19,0.0,-1.32,0
FrontS68617,-13.5868,-16.3563,4.071e-19,5.592e-19,7.910e-19,-0.0001,-4.08,0
FrontS68619,-12.4839,-17.1568,7.103e-19,1.005e-18,1.456e-18,-0.0008,-1.36,0
FrontS68620,-12.4452,-17.1954,1.733e-16,1.528e-16,8.766e-17,0.0006,-1.31,0
FrontS68621,-13.6653,-16.3024,7.755e-16,5.895e-16,2.430e-16,0.0006,-4.1,1
FrontS68622,-12.4441,-17.2175,7.301e-20,1.199e-19,2.378e-19,0.0001,-1.3,0
FrontS68623,-13.6854,-16.2542,3.401e-15,2.459e-15,9.272e-16,0.0008,-4.08,0
FrontS68624,-12.4887,-17.2106,1.037e-18,1.368e-18,1.683e-18,0.0005,-1.35,0
FrontS68625,-12.3470,-17.2360,4.151e-16,3.359e-16,1.541e-16,0.0004,-1.28,0
FrontS68626,-12.4722,-17.1547,3.285e-19,4.625e-19,6.755e-19,0.0005,-1.37,0
FrontS68627,-13.6639,-16.3429,8.452e-20,1.302e-19,2.336e-19,0.0001,-4.05,0
FrontS68628,-12.5740,-17.0975,1.630e-15,1.181e-15,4.675e-16,-0.0001,-1.46,0
FrontS68629,-13.6101,-16.3633,2.588e-16,2.189e-16,1.165e-16,0.0004,-4.03,0
FrontS68632,-12.3833,-17.2129,7.081e-17,1.229e-16,2.801e-16,0.0009,-1.4,0
FrontS68634,-13.6777,-16.2996,2.338e-17,2.348e-17,1.706e-17,-0.0002,-3.99,0
FrontS68635,-12.3634,-17.2424,8.974e-20,1.502e-19,3.094e-19,-0.0006,-1.4,0
FrontS68636,-13.5802,-16.3630,1.313e-16,1.174e-16,6.794e-17,0.0,-3.93,0
FrontS68637,-13.6804,-16.3017,1.155e-16,1.002e-16,5.560e-17,0.0012,-3.97,0
FrontS68638,-13.5471,-16.4077,5.185e-17,8.895e-17,1.959e-16,0.0001,-3.93,0
FrontS68639,-12.5156,-17.1252,4.752e-20,8.564e-20,2.031e-19,0.0004,-1.53,0
FrontS68640,-13.5656,-16.3971,2.254e-19,3.533e-19,6.587e-19,0.0016,-3.86,0
FrontS68641,-12.5119,-17.1507,2.085e-16,3.076e-16,4.818e-16,0.0006,-1.54,0
FrontS68642,-12.5480,-17.1026,6.373e-17,1.354e-16,4.805e-16,0.0005,-1.54,0
FrontS68644,-13.4704,-16.4612,2.937e-20,5.071e-20,1.109e-19,0.0004,-3.76,0
FrontS68645,-13.5493,-16.4153,2.723e-12,1.897e-12,6.834e-13,0.0008,-3.81,0
FrontS68646,-13.5413,-16.4231,9.766e-19,1.261e-18,1.562e-18,0.0006,-3.74,0
FrontS68648,-12.5871,-17.0861,3.144e-18,3.905e-18,4.283e-18,0.0008,-1.71,0
FrontS68649,-12.5066,-17.1332,8.153e-16,6.529e-16,3.044e-16,-0.0002,-1.64,0
FrontS68651,-12.4701,-17.1651,1.820e-16,1.600e-16,8.735e-17,-0.0003,-1.63,0
FrontS68652,-12.5028,-17.1348,6.099e-17,1.027e-16,2.076e-16,0.0002,-1.68,0
FrontS68653,-13.4685,-16.4890,2.700e-17,2.789e-17,2.109e-17,0.0006,-3.66,0
FrontS68654,-12.5682,-17.1202,1.521e-17,1.599e-17,1.271e-17,0.0006,-1.76,0
FrontS68655,-13.5556,-16.3896,8.194e-17,1.301e-16,2.492e-16,0.0001,-3.67,0
FrontS68656,-13.4094,-16.5044,1.541e-16,1.335e-16,6.982e-17,0.0003,-3.5,0
FrontS68657,-12.6308,-17.0464,8.248e-17,8.377e-17,6.007e-17,0.0008,-1.9,0
FrontS68658,-13.4141,-16.4851,4.062e-17,7.889e-17,2.319e-16,0.0006,-3.51,0
FrontS68661,-13.2791,-16.5573,8.184e-16,6.226e-16,2.669e-16,-0.0002,-3.3,1
FrontS68662,-13.3141,-16.5612,1.276e-14,8.961e-15,3.237e-15,0.0006,-3.29,0
FrontS68664,-13.3271,-16.5536,1.875e-16,1.612e-16,8.462e-17,0.0009,-3.34,0
FrontS68665,-12.7352,-16.9711,8.379e-16,6.382e-16,2.708e-16,0.0002,-2.15,1
FrontS68666,-12.6700,-17.0228,3.347e-16,2.666e-16,1.197e-16,0.0008,-2.02,0
FrontS68667,-12.7847,-16.9160,9.861e-18,1.079e-17,9.602e-18,0.0003,-2.25,0
FrontS68669,-13.2540,-16.6241,1.177e-14,8.369e-15,3.107e-15,0.0008,-3.16,0
FrontS68670,-12.8294,-16.9096,3.706e-17,3.625e-17,2.518e-17,0.0,-2.32,0
FrontS68671,-13.2514,-16.6292,7.571e-18,7.865e-18,6.197e-18,0.001,-3.14,0
FrontS68672,-12.8137,-16.9383,1.315e-18,1.719e-18,2.063e-18,0.0007,-2.27,0
FrontS68673,-13.2621,-16.6078,2.328e-17,2.301e-17,1.666e-17,0.0007,-3.23,0
FrontS68674,-12.8464,-16.9128,5.542e-16,4.510e-16,2.135e-16,-0.0,-2.37,0
FrontS68675,-13.1480,-16.6728,5.275e-16,4.356e-16,2.058e-16,0.0002,-2.96,0
FrontS68676,-13.1275,-16.7148,1.083e-15,8.324e-16,3.636e-16,0.0004,-2.88,1
FrontS68677,-12.9303,-16.8377,4.241e-18,4.849e-18,4.643e-18,0.0004,-2.51,0
FrontS68679,-13.1693,-16.6863,1.147e-15,8.777e-16,3.701e-16,0.0005,-2.99,1
FrontS68680,-12.9541,-16.8103,1.691e-16,3.659e-16,1.325e-15,0.0004,-2.57,0
FrontS68681,-13.0639,-16.7821,1.427e-16,3.170e-16,1.188e-15,0.0002,-2.74,0
FrontS68683,-13.0149,-16.7564,1.576e-16,2.770e-16,6.426e-16,0.0001,-2.7,0
FrontS68684,-13.0117,-16.7923,1.739e-16,3.022e-16,6.938e-16,0.0002,-2.66,0
FrontS68686,-12.9770,-16.8138,8.277e-17,1.243e-16,1.985e-16,0.0011,-2.59,0
FrontS68687,-12.9225,-16.8662,2.917e-16,2.375e-16,1.121e-16,0.0014,-2.49,0
FrontS68688,-13.1658,-16.6974,1.035e-15,7.968e-16,3.441e-16,-0.0007,-2.96,1
FrontS68689,-12.8610,-16.8830,2.728e-17,5.326e-17,1.579e-16,0.0006,-2.41,0
FrontS68690,-12.8602,-16.8888,3.518e-19,4.936e-19,7.160e-19,-0.0001,-2.38,0
FrontS68691,-13.1861,-16.6381,5.376e-20,9.468e-20,2.201e-19,-0.0004,-3.01,0
FrontS68692,-12.8243,-16.9343,2.409e-20,4.528e-20,1.226e-19,0.0002,-2.31,0
FrontS68693,-12.8013,-16.9824,4.559e-16,3.718e-16,1.792e-16,-0.0001,-2.27,0
FrontS68694,-12.7575,-16.9841,3.371e-16,2.825e-16,1.457e-16,0.0013,-2.2,0
FrontS68695,-12.7936,-16.9739,3.458e-16,2.903e-16,1.497e-16,0.0003,-2.17,0
FrontS68696,-12.7134,-17.0249,2.775e-16,2.337e-16,1.136e-16,-0.0002,-2.12,0
FrontS68698,-13.3648,-16.5206,1.448e-20,2.660e-20,6.877e-20,0.0006,-3.31,0
FrontS68699,-12.6496,-17.1002,9.315e-20,1.441e-19,2.661e-19,0.0013,-2.03,0
FrontS68700,-13.4290,-16.4770,1.688e-17,1.657e-17,1.148e-17,0.0002,-3.37,0
FrontS68701,-13.4122,-16.4859,5.309e-19,7.582e-19,1.151e-18,0.0001,-3.42,0
FrontS68702,-12.5835,-17.1220,5.453e-18,6.075e-18,5.750e-18,0.001,-1.92,0
FrontS68703,-12.5331,-17.1477,1.942e-19,2.977e-19,5.093e-19,0.0006,-1.85,0
FrontS68704,-12.5151,-17.1892,1.043e-19,1.710e-19,3.499e-19,-0.0002,-1.8,0
FrontS68705,-13.4784,-16.3988,4.696e-18,5.189e-18,4.634e-18,0.0004,-3.51,0
FrontS68706,-13.5031,-16.4123,3.435e-18,3.928e-18,3.846e-18,0.0008,-3.53,0
FrontS68707,-13.4831,-16.4461,7.383e-17,1.616e-16,5.755e-16,-0.0002,-3.65,0
FrontS68708,-13.5839,-16.3905,5.442e-18,6.355e-18,6.328e-18,-0.0004,-3.64,0
FrontS68709,-12.4526,-17.2067,7.661e-19,1.032e-18,1.385e-18,-0.0001,-1.64,0
FrontS68710,-13.5561,-16.3807,6.690e-16,5.328e-16,2.391e-16,0.0002,-3.72,1
FrontS68711,-13.6421,-16.3031,2.729e-16,3.905e-16,5.908e-16,0.0,-3.8,0
FrontS68712,-12.4165,-17.2477,7.723e-17,7.560e-17,5.258e-17,0.0002,-1.5,0
FrontS68713,-13.5936,-16.3522,7.063e-17,1.207e-16,2.713e-16,0.0004,-3.85,0
FrontS68714,-13.6252,-16.3269,7.323e-18,8.409e-18,8.035e-18,0.0008,-3.74,0
FrontS68715,-12.2799,-17.3350,1.141e-18,1.439e-18,1.702e-18,0.0001,-1.4,0
FrontS68716,-12.2918,-17.3157,3.093e-18,3.791e-18,3.999e-18,0.0007,-1.42,0
FrontS68717,-12.3644,-17.2703,3.518e-16,2.776e-16,1.268e-16,0.0004,-1.39,0
FrontS68718,-13.6680,-16.2993,1.728e-16,1.544e-16,8.897e-17,0.0004,-3.89,0
FrontS68719,-12.2760,-17.3291,5.173e-20,9.157e-20,2.068e-19,0.0009,-1.45,0
FrontS68720,-13.7455,-16.2321,4.738e-17,7.411e-17,1.398e-16,-0.0,-3.98,0
FrontS68721,-12.2774,-17.2970,2.057e-16,3.355e-16,6.754e-16,0.0005,-1.41,0
FrontS68722,-12.2085,-17.3797,9.554e-18,1.053e-17,9.251e-18,0.001,-1.33,0
FrontS68723,-12.2407,-17.3359,3.048e-16,2.581e-16,1.368e-16,0.0002,-1.3,0
FrontS68724,-13.9184,-16.1341,6.387e-18,7.056e-18,6.155e-18,-0.0003,-4.04,0
FrontS68725,-13.8701,-16.1357,9.108e-17,7.932e-17,4.428e-17,0.0006,-4.13,0
FrontS68726,-12.1351,-17.4263,2.059e-15,1.532e-15,6.245e-16,0.0006,-1.3,0
FrontS68728,-12.1651,-17.4165,4.067e-19,5.291e-19,6.574e-19,-0.0006,-1.27,0
FrontS68729,-13.8110,-16.2251,2.005e-18,2.317e-18,2.269e-18,0.0002,-4.06,0
FrontS68730,-13.8772,-16.1512,2.028e-19,3.007e-19,4.920e-19,0.0007,-4.08,0
FrontS68732,-12.2803,-17.3302,1.134e-16,2.787e-16,1.315e-15,0.0006,-1.23,0
FrontS68733,-12.2134,-17.3369,8.367e-20,1.441e-19,3.167e-19,-0.0001,-1.24,0
FrontS68734,-12.0183,-17.5109,5.907e-18,6.475e-18,5.501e-18,0.0004,-1.35,0
FrontS68735,-12.1653,-17.3772,2.289e-16,1.979e-16,1.041e-16,0.0,-1.26,0
FrontS68736,-12.1238,-17.4399,1.905e-19,2.969e-19,5.286e-19,0.0005,-1.31,0
FrontS68737,-12.1647,-17.4110,4.463e-15,3.135e-15,1.115e-15,0.0003,-1.28,0
FrontS68738,-14.0230,-16.0379,3.001e-17,2.885e-17,1.891e-17,0.0002,-4.0,0
FrontS68739,-12.1078,-17.4666,9.066e-17,1.827e-16,5.485e-16,0.0005,-1.33,0
FrontS68740,-12.2464,-17.3712,2.025e-17,2.050e-17,1.526e-17,0.0007,-1.34,0
FrontS68741,-12.2097,-17.4026,7.188e-17,6.933e-17,4.539e-17,0.0006,-1.36,0
FrontS68742,-13.8378,-16.1442,9.648e-17,1.818e-16,4.992e-16,0.0001,-4.03,0
FrontS68744,-12.0725,-17.4794,1.020e-15,7.748e-16,3.085e-16,0.0004,-1.49,0
FrontS68745,-13.9034,-16.1383,3.074e-16,2.485e-16,1.195e-16,0.0001,-3.95,0
FrontS68746,-12.2606,-17.3521,7.861e-20,1.344e-19,2.903e-19,0.0014,-1.49,0
FrontS68748,-4.0989,-7.7322,3.060e-19,4.741e-19,8.246e-19,0.0008,-2.94,0
FrontS68752,-3.9344,-7.6506,6.051e-17,1.026e-16,2.188e-16,-0.0004,-2.67,0
FrontS68753,-3.8897,-7.6404,1.511e-16,1.358e-16,7.982e-17,0.0001,-2.54,0
FrontS68756,-3.9406,-7.3571,4.167e-19,6.132e-19,1.006e-18,0.0004,-2.88,0
FrontS68762,-3.8094,-7.6801,4.927e-19,7.220e-19,1.122e-18,0.0008,-4.18,0
FrontS68763,-3.7887,-7.5976,7.326e-20,1.202e-19,2.482e-19,-0.0001,-4.03,0
FrontS68765,-5.3303,-6.9279,2.512e-16,2.130e-16,1.101e-16,0.0005,-2.76,0
FrontS68767,-3.8296,-7.6476,5.601e-19,8.231e-19,1.307e-18,0.0009,-3.8,0
FrontS68769,-3.4738,-8.0435,2.245e-20,4.530e-20,1.401e-19,0.0004,-4.07,0
FrontS68770,-3.8917,-7.7046,5.649e-19,8.154e-19,1.250e-18,0.0006,-3.36,0
FrontS68772,-3.5475,-6.8228,1.407e-19,2.198e-19,3.962e-19,0.0,-3.4,0
FrontS68773,-3.8153,-7.6248,2.428e-12,1.739e-12,6.352e-13,0.001,-4.57,0
FrontS68774,-3.7354,-7.5854,7.557e-13,5.026e-13,1.622e-13,0.0004,-4.06,0
FrontS68776,-3.9278,-7.5959,1.222e-17,1.279e-17,1.005e-17,0.0005,-2.57,0
FrontS68778,-3.4356,-7.9093,4.166e-18,4.759e-18,4.703e-18,0.0012,-4.15,0
FrontS68780,-4.0031,-7.9259,2.280e-20,4.434e-20,1.272e-19,0.0013,-3.38,0
FrontS68782,-4.6567,-7.6798,7.692e-19,1.107e-18,1.713e-18,0.0007,-2.7,0
FrontS68783,-3.4448,-7.4232,3.157e-20,5.896e-20,1.604e-19,0.0004,-3.89,0
FrontS68785,-3.7315,-7.6083,1.253e-16,2.073e-16,4.182e-16,0.0007,-4.1,0
FrontS68786,-3.6850,-7.0657,3.042e-17,2.997e-17,2.134e-17,0.0001,-3.4,0
FrontS68787,-3.7478,-7.6467,3.315e-19,5.076e-19,8.860e-19,0.0006,-4.29,0
FrontS68788,-4.0348,-7.9954,7.234e-17,1.363e-16,3.678e-16,-0.001,-3.36,0
FrontS68790,-3.9672,-7.5752,8.868e-20,1.517e-19,3.259e-19,0.0003,-2.57,0
FrontS68796,-4.2318,-7.5195,1.668e-20,2.979e-20,7.180e-20,0.0002,-2.6,0
FrontS68798,-3.8526,-7.4652,2.434e-20,4.352e-20,1.084e-19,0.0007,-3.19,0
FrontS68801,-3.8274,-7.6113,2.081e-17,2.308e-17,2.037e-17,-0.0001,-4.47,0
FrontS68802,-3.5097,-7.7116,4.229e-16,9.779e-16,3.956e-15,0.0001,-4.28,0
FrontS68803,-3.8866,-7.4451,5.229e-19,7.221e-19,1.007e-18,0.0007,-2.98,0
FrontS68804,-3.7902,-6.7084,1.134e-19,1.868e-19,3.823e-19,0.0005,-3.21,0
FrontS68806,-3.7648,-7.1427,3.721e-18,4.614e-18,5.213e-18,-0.0003,-3.29,0
FrontS68807,-3.7854,-7.8147,8.408e-19,1.150e-18,1.582e-18,0.0001,-3.91,0
FrontS68808,-3.8094,-7.6591,1.875e-18,2.363e-18,2.798e-18,-0.0002,-4.15,0
FrontS68810,-3.6323,-7.6518,1.731e-16,2.978e-16,6.737e-16,0.0004,-4.16,0
FrontS68811,-4.0775,-7.6551,7.976e-19,1.132e-18,1.668e-18,0.0011,-2.84,0
FrontS68814,-4.0552,-7.6410,1.777e-18,2.309e-18,2.850e-18,0.0002,-2.76,0
FrontS68817,-3.7865,-7.3878,8.445e-19,1.197e-18,1.833e-18,-0.0001,-3.37,0
FrontS68818,-3.9231,-7.5565,9.907e-19,1.300e-18,1.663e-18,0.0003,-2.6,0
FrontS68821,-4.2917,-7.9456,4.396e-20,8.108e-20,2.184e-19,0.0001,-3.1,0
FrontS68823,-3.8260,-7.6223,4.184e-19,6.652e-19,1.193e-18,0.0001,-3.92,0
FrontS68824,-3.9601,-7.7413,1.271e-16,2.328e-16,5.684e-16,-0.0001,-3.2,0
FrontS68826,-3.6618,-7.8534,6.622e-17,1.386e-16,4.720e-16,0.0002,-4.14,0
FrontS68827,-3.8460,-7.4612,3.435e-12,2.444e-12,8.886e-13,0.0011,-3.16,0
FrontS68828,-3.8312,-7.6416,2.022e-16,3.090e-16,5.400e-16,0.0,-4.42,0
FrontS68829,-5.3981,-8.0061,5.739e-17,5.471e-17,3.744e-17,0.0001,-2.9,0
FrontS68831,-3.8838,-7.6568,5.910e-19,7.957e-19,1.056e-18,0.0006,-2.77,0
FrontS68832,-3.8254,-7.6416,5.781e-20,1.054e-19,2.708e-19,0.0007,-4.72,0
FrontS68836,-3.6251,-7.8193,7.163e-20,1.244e-19,2.783e-19,0.0002,-4.21,0
FrontS68837,-3.8357,-7.6387,4.093e-12,3.041e-12,1.217e-12,0.0003,-3.66,0
FrontS68838,-3.8678,-7.6758,1.318e-15,1.024e-15,4.313e-16,-0.0005,-2.67,0
FrontS68841,-3.8134,-7.5865,1.864e-16,3.036e-16,5.820e-16,0.0003,-3.57,0
FrontS68843,-3.8311,-7.5672,1.987e-16,5.135e-16,2.671e-15,0.0005,-3.19,0
FrontS68844,-4.8019,-7.6813,7.989e-17,7.522e-17,4.661e-17,-0.0001,-2.73,0
FrontS68845,-3.8213,-7.7095,7.817e-17,1.849e-16,8.292e-16,0.0,-3.86,0
FrontS68846,-3.7976,-7.7310,2.013e-19,3.062e-19,5.088e-19,0.0008,-3.98,0
FrontS68847,-3.7377,-7.7674,4.033e-19,5.731e-19,8.316e-19,0.0003,-4.1,0
FrontS68848,-3.8179,-7.6390,9.232e-17,1.771e-16,4.965e-16,0.0009,-4.24,0
FrontS68849,-3.4119,-7.6856,1.114e-16,1.036e-16,6.436e-17,0.0009,-4.33,0
FrontS68851,-3.4436,-7.4365,9.254e-19,1.237e-18,1.644e-18,0.0,-3.94,0
FrontS68852,-3.5913,-8.4248,6.728e-17,1.108e-16,2.197e-16,0.0008,-3.84,0
FrontS68855,-3.8020,-7.6061,4.646e-17,4.509e-17,3.127e-17,-0.0,-4.02,0
FrontS68856,-3.8998,-7.4143,5.729e-18,7.090e-18,7.814e-18,0.0001,-2.93,0
FrontS68857,-3.8001,-7.6355,1.505e-17,1.678e-17,1.493e-17,0.0008,-4.51,0
FrontS68858,-3.8601,-7.6562,3.045e-19,4.764e-19,8.479e-19,0.001,-3.17,0
FrontS68861,-4.0998,-7.8485,1.907e-20,3.034e-20,5.775e-20,0.0006,-3.13,0
FrontS68863,-3.0650,-7.3482,1.315e-19,2.059e-19,3.834e-19,0.0011,-4.02,0
FrontS68864,-3.3523,-7.4797,4.120e-19,5.842e-19,8.658e-19,0.0011,-4.03,0
FrontS68866,-3.8602,-7.7396,3.044e-19,4.638e-19,7.959e-19,0.0001,-3.53,0
FrontS68867,-4.0291,-7.7075,7.453e-17,7.347e-17,5.176e-17,-0.0001,-3.07,0
FrontS68868,-4.3066,-7.1736,1.239e-19,2.048e-19,4.128e-19,0.0005,-2.71,0
FrontS68869,-3.8499,-8.0353,6.583e-16,5.369e-16,2.638e-16,0.0004,-3.61,0
FrontS68870,-3.8089,-7.6339,2.178e-19,3.398e-19,5.970e-19,0.0007,-4.41,0
FrontS68878,-4.0360,-7.7898,2.645e-19,3.868e-19,6.095e-19,0.0006,-3.23,0
FrontS68880,-3.8782,-7.7787,1.989e-16,3.398e-16,7.331e-16,-0.0007,-3.54,0
FrontS68881,-3.9875,-7.7805,2.046e-18,2.701e-18,3.483e-18,0.0008,-3.15,0
FrontS68882,-4.3116,-7.4333,4.438e-18,5.248e-18,5.411e-18,0.0001,-2.57,0
FrontS68884,-3.9751,-7.7777,2.629e-20,4.746e-20,1.225e-19,0.0,-3.2,0
FrontS68885,-3.9138,-7.5595,2.196e-19,3.235e-19,5.274e-19,0.0001,-2.71,0
FrontS68887,-3.8475,-7.6468,8.006e-18,8.852e-18,8.152e-18,0.0007,-3.35,0
FrontS68889,-3.8856,-7.5968,3.498e-20,6.113e-20,1.396e-19,0.0006,-2.48,0
FrontS68890,-3.8172,-7.3701,1.138e-16,1.064e-16,6.671e-17,-0.0001,-3.24,0
FrontS68892,-3.7995,-8.1390,3.464e-16,2.826e-16,1.358e-16,-0.0003,-3.69,0
FrontS68893,-3.8341,-7.6699,1.462e-16,1.334e-16,7.865e-17,0.0004,-3.79,0
FrontS68894,-4.2870,-7.2326,3.325e-17,3.298e-17,2.411e-17,0.0008,-2.66,0
FrontS68895,-3.8150,-7.6179,7.697e-19,1.062e-18,1.500e-18,0.0002,-3.91,0
FrontS68897,-4.1300,-7.7802,2.512e-19,3.884e-19,6.916e-19,0.0004,-2.9,0
FrontS68898,-3.8348,-7.6171,1.132e-19,1.912e-19,4.108e-19,0.0004,-3.09,0
FrontS68900,-2.8595,-7.5675,4.338e-18,5.368e-18,5.992e-18,0.0004,-4.1,0
FrontS68901,-3.8875,-8.2958,1.108e-11,8.643e-12,3.713e-12,0.0009,-3.6,1
FrontS68903,-3.8482,-7.6549,1.500e-18,1.936e-18,2.347e-18,0.0002,-3.44,0
FrontS68906,-3.7151,-7.2926,1.012e-20,2.134e-20,7.397e-20,0.0009,-3.33,0
FrontS68907,-3.2296,-7.8135,1.550e-20,3.059e-20,8.994e-20,0.0005,-4.15,0
FrontS68908,-3.6887,-7.5955,2.265e-20,4.392e-20,1.302e-19,0.0008,-4.12,0
FrontS68910,-3.6991,-7.7139,6.175e-20,1.072e-19,2.391e-19,-0.0002,-4.23,0
FrontS68911,-4.1837,-7.4292,1.047e-20,2.205e-20,7.358e-20,-0.0001,-2.66,0
FrontS68912,-2.9641,-8.3280,1.409e-12,9.736e-13,3.257e-13,0.0003,-4.25,0
FrontS68913,-3.7233,-7.4682,5.805e-17,1.187e-16,3.675e-16,0.0005,-3.6,0
FrontS68914,-4.3443,-7.3360,5.052e-20,8.757e-20,1.966e-19,0.0006,-2.7,0
FrontS68917,-3.7177,-7.4296,6.109e-19,8.644e-19,1.263e-18,0.0003,-3.5,0
FrontS68921,-3.9980,-7.5814,1.768e-17,1.888e-17,1.545e-17,0.0008,-2.73,0
FrontS68922,-3.5958,-7.6254,1.091e-20,2.200e-20,6.784e-20,-0.0004,-4.11,0
FrontS68925,-4.0389,-7.7264,1.912e-20,3.474e-20,8.595e-20,0.0006,-3.02,0
FrontS68929,-3.8424,-7.5884,4.656e-12,3.340e-12,1.275e-12,-0.0002,-3.06,0
FrontS68930,-4.1180,-7.4927,1.287e-20,2.785e-20,1.016e-19,0.0004,-2.54,0
FrontS68931,-4.1513,-7.4729,3.181e-19,4.656e-19,7.581e-19,0.0005,-2.58,0
FrontS68933,-3.8410,-7.6261,7.832e-17,7.228e-17,4.428e-17,0.0001,-2.27,0
FrontS68934,-4.3675,-7.5958,6.427e-18,7.474e-18,7.351e-18,-0.0002,-2.72,0
FrontS68935,-3.9643,-7.5903,1.018e-18,1.351e-18,1.718e-18,-0.0,-2.67,0
FrontS68936,-4.1232,-7.4597,1.163e-19,1.908e-19,3.801e-19,0.0012,-2.52,0
FrontS68938,-3.1225,-7.5815,2.275e-18,2.892e-18,3.334e-18,-0.0002,-4.16,0
FrontS68939,-3.8374,-6.8567,7.501e-20,1.292e-19,2.989e-19,-0.0002,-3.22,0
FrontS68942,-4.8492,-7.9238,1.486e-17,1.594e-17,1.306e-17,0.0001,-2.84,0
FrontS68943,-3.8279,-7.6053,3.003e-18,3.730e-18,4.234e-18,0.0012,-3.48,0
FrontS68945,-3.8486,-7.5416,9.617e-18,1.062e-17,9.136e-18,0.0001,-3.06,0
FrontS68947,-3.9724,-7.4846,4.770e-20,8.647e-20,2.185e-19,-0.0002,-2.69,0
FrontS68950,-3.5711,-7.8793,2.232e-19,3.358e-19,5.826e-19,-0.0011,-4.1,0
FrontS68951,-2.5165,-7.7798,7.131e-20,1.177e-19,2.443e-19,-0.0,-4.19,0
FrontS68952,-3.7727,-7.7031,2.844e-18,3.524e-18,3.960e-18,0.0006,-3.79,0
FrontS68954,-4.1302,-7.5550,6.966e-20,1.216e-19,2.800e-19,-0.0008,-2.59,0
FrontS68955,-3.8266,-7.5010,5.317e-17,5.128e-17,3.505e-17,0.0008,-2.82,0
FrontS68957,-4.1118,-7.5400,1.652e-18,2.082e-18,2.461e-18,-0.0003,-2.55,0
FrontS68958,-3.6800,-7.6322,3.309e-16,6.448e-16,1.792e-15,0.0003,-4.24,0
FrontS68959,-3.7712,-7.7340,3.693e-19,5.340e-19,8.325e-19,0.0007,-4.24,0
FrontS68961,-4.0177,-7.6043,1.252e-20,2.603e-20,8.743e-20,0.001,-2.64,0
FrontS68962,-3.9907,-7.3580,2.107e-17,2.114e-17,1.599e-17,0.0003,-2.68,0
FrontS68963,-3.8587,-7.4617,6.851e-16,1.991e-15,1.369e-14,0.0009,-3.23,0
FrontS68964,-4.2004,-7.9354,1.464e-15,1.116e-15,4.814e-16,0.0003,-3.08,1
FrontS68965,-3.9747,-7.7279,6.841e-17,6.575e-17,4.447e-17,0.0007,-2.64,0
FrontS68966,-4.2528,-7.4963,2.630e-17,2.684e-17,2.041e-17,0.0005,-2.68,0
FrontS68968,-4.0720,-7.6473,1.461e-18,1.847e-18,2.060e-18,0.0004,-2.71,0
FrontS68969,-3.5199,-7.6820,4.393e-12,3.102e-12,1.087e-12,0.0001,-4.2,0
FrontS68970,-3.7136,-7.6412,3.273e-18,3.749e-18,3.723e-18,0.0,-4.09,0
FrontS68971,-3.7225,-7.5297,1.401e-20,2.709e-20,7.841e-20,0.0,-3.76,0
FrontS68972,-3.7497,-7.4455,5.653e-17,5.275e-17,3.305e-17,-0.0003,-3.5,0
FrontS68974,-3.6095,-7.7103,1.433e-16,1.334e-16,8.268e-17,0.0015,-4.31,0
FrontS68975,-3.8969,-7.6589,3.639e-20,6.532e-20,1.551e-19,0.0005,-3.3,0
FrontS68979,-3.8254,-7.7095,1.837e-17,1.968e-17,1.596e-17,-0.0003,-4.01,0
FrontS68983,-4.0721,-7.6862,2.075e-16,1.849e-16,1.047e-16,0.0007,-2.68,0
FrontS68985,-3.5755,-7.7651,3.333e-17,3.331e-17,2.418e-17,0.0,-4.26,0
FrontS68986,-3.9447,-7.5711,1.346e-17,1.481e-17,1.354e-17,0.0009,-2.68,0
FrontS68987,-4.0012,-7.5479,1.269e-16,1.065e-16,5.507e-17,0.0004,-2.58,0
FrontS68989,-3.5901,-7.6833,2.855e-17,3.024e-17,2.365e-17,-0.0009,-4.37,0
FrontS68990,-3.8768,-7.7862,2.929e-16,5.935e-16,1.929e-15,-0.0,-3.46,0
FrontS68992,-3.6621,-7.5339,1.472e-16,2.144e-16,3.307e-16,0.0001,-4.06,0
FrontS68994,-4.0224,-7.6077,2.099e-17,2.166e-17,1.655e-17,0.0005,-2.66,0
FrontS68995,-3.8662,-7.8213,1.979e-18,2.368e-18,2.437e-18,0.0001,-3.55,0
FrontS68996,-3.9732,-7.5374,7.213e-12,5.617e-12,2.514e-12,0.0,-2.78,1
FrontS68997,-3.9888,-7.7186,7.346e-16,5.792e-16,2.518e-16,0.0,-3.02,0
FrontS68998,-3.9964,-7.4636,1.553e-18,1.967e-18,2.222e-18,0.0013,-2.7,0
FrontS68999,-3.7936,-7.4627,3.815e-19,5.736e-19,9.559e-19,0.0005,-2.9,0
FrontS69000,-3.8442,-7.5878,1.053e-16,1.693e-16,3.266e-16,0.0017,-3.24,0
FrontS69001,-3.8289,-7.5727,1.120e-16,1.904e-16,4.288e-16,0.0005,-2.95,0
FrontS69002,-3.9266,-7.6531,3.100e-17,3.353e-17,2.813e-17,-0.0003,-2.93,0
FrontS69004,-3.8686,-7.4054,1.329e-16,2.971e-16,1.119e-15,0.0009,-2.95,0
FrontS69005,-3.6784,-7.6901,3.707e-18,4.521e-18,5.096e-18,0.0001,-4.02,0
FrontS69006,-3.7540,-7.6575,9.214e-18,9.927e-18,8.482e-18,-0.0003,-3.78,0
FrontS69008,-3.7868,-7.4227,1.679e-17,1.883e-17,1.678e-17,0.0002,-2.97,0
FrontS69010,-3.7341,-7.8085,1.162e-20,2.264e-20,6.567e-20,0.0007,-4.31,0
FrontS69011,-4.0479,-7.9178,7.070e-20,1.151e-19,2.375e-19,0.0014,-3.23,0
FrontS69012,-3.8351,-7.3059,1.080e-18,1.499e-18,2.074e-18,0.0008,-3.07,0
FrontS69015,-3.8363,-7.6002,8.689e-17,8.066e-17,5.040e-17,0.0002,-3.28,0
FrontS69017,-3.6603,-7.5824,1.006e-15,7.749e-16,3.308e-16,-0.0002,-4.24,0
FrontS69018,-3.6725,-7.8542,1.225e-16,2.386e-16,6.811e-16,-0.0004,-4.23,0
FrontS69020,-3.6028,-7.7357,1.608e-18,2.071e-18,2.584e-18,-0.0002,-4.36,0
FrontS69025,-3.7398,-7.8954,4.362e-18,5.340e-18,5.921e-18,0.0006,-4.16,0
FrontS69026,-3.7006,-7.6181,2.208e-20,4.323e-20,1.204e-19,0.0002,-3.95,0
FrontS69027,-3.7099,-7.7254,3.196e-20,6.027e-20,1.631e-19,0.001,-4.23,0
FrontS69028,-4.0746,-7.7903,1.612e-15,1.255e-15,5.397e-16,0.0003,-2.69,1
FrontS69030,-3.6525,-7.4370,4.420e-19,6.262e-19,9.411e-19,0.001,-3.74,0
FrontS69031,-4.0255,-7.6080,1.003e-15,7.878e-16,3.470e-16,0.0004,-2.99,1
FrontS69033,-3.5751,-7.6778,7.284e-20,1.228e-19,2.566e-19,0.0006,-4.24,0
FrontS69034,-3.6161,-7.6716,2.228e-12,1.526e-12,5.120e-13,0.0003,-4.23,0
FrontS69035,-3.9070,-7.6372,2.530e-18,3.075e-18,3.409e-18,0.0005,-2.86,0
FrontS69036,-3.8481,-7.5541,3.980e-20,6.907e-20,1.546e-19,0.0007,-2.6,0
FrontS69037,-3.8641,-7.6524,1.114e-19,1.924e-19,4.344e-19,-0.0,-3.29,0
FrontS69038,-3.8496,-7.5092,3.021e-17,2.947e-17,1.975e-17,0.0005,-3.14,0
FrontS69039,-3.8674,-7.5927,1.053e-17,1.174e-17,1.042e-17,-0.0008,-3.2,0
FrontS69042,-3.9630,-7.4556,1.449e-18,1.897e-18,2.284e-18,-0.0001,-2.85,0
FrontS69043,-4.0640,-7.7590,1.047e-17,1.230e-17,1.208e-17,0.0011,-2.92,0
FrontS69044,-3.8443,-7.7561,4.103e-18,4.875e-18,4.905e-18,0.0011,-3.75,0
FrontS69045,-3.9159,-7.6165,1.648e-18,2.204e-18,2.972e-18,-0.0004,-2.64,0
FrontS69046,-3.7274,-7.7450,7.491e-18,8.570e-18,8.142e-18,0.0006,-4.2,0
FrontS69048,-4.2578,-7.6162,1.014e-19,1.772e-19,4.055e-19,0.0009,-2.66,0
FrontS69050,-4.0090,-7.5849,6.080e-12,4.807e-12,2.105e-12,-0.0002,-2.67,1
FrontS69053,-3.7757,-7.6423,8.071e-18,9.077e-18,8.116e-18,0.0002,-3.93,0
FrontS69055,-4.0624,-7.4705,5.881e-18,7.124e-18,7.677e-18,0.0005,-2.62,0
FrontS69056,-4.0397,-7.4438,9.972e-12,7.373e-12,2.971e-12,0.0006,-2.63,0
FrontS69057,-3.6917,-7.6204,1.855e-18,2.411e-18,2.883e-18,0.0004,-4.11,0
FrontS69058,-4.1831,-7.4152,1.358e-15,1.053e-15,4.490e-16,0.0,-2.66,1
FrontS69062,-3.8742,-7.6147,4.778e-17,6.916e-17,1.025e-16,0.0006,-2.93,0
FrontS69063,-3.8739,-7.7585,1.435e-18,1.864e-18,2.330e-18,0.0,-3.74,0
FrontS69064,-3.7855,-7.7449,9.983e-16,7.653e-16,3.362e-16,0.0004,-4.24,1
FrontS69065,-3.8128,-7.6756,1.835e-19,2.970e-19,5.623e-19,0.0011,-4.11,0
FrontS69066,-4.2972,-7.6597,6.228e-19,8.451e-19,1.185e-18,0.0005,-2.77,0
FrontS69067,-3.7650,-7.6961,1.336e-18,1.795e-18,2.317e-18,0.0003,-3.87,0
FrontS69069,-3.9089,-7.5101,6.770e-17,6.437e-17,4.061e-17,0.0003,-2.89,0
FrontS69070,-3.6570,-7.6393,2.434e-17,2.561e-17,2.050e-17,0.0014,-4.24,0
FrontS69071,-3.7375,-7.7548,1.150e-20,2.153e-20,5.928e-20,0.001,-4.2,0
FrontS69072,-3.6680,-7.8014,2.847e-16,2.478e-16,1.329e-16,0.0008,-4.15,0
FrontS69074,-3.8690,-7.7341,6.516e-19,9.140e-19,1.310e-18,-0.0,-3.71,0
FrontS69075,-3.6549,-7.5702,5.373e-17,4.840e-17,2.951e-17,0.0016,-4.0,0
FrontS69076,-3.8092,-7.5279,3.841e-17,3.826e-17,2.813e-17,0.0007,-3.42,0
FrontS69077,-3.7260,-7.4625,3.438e-20,6.243e-20,1.491e-19,-0.0001,-3.55,0
FrontS69078,-3.9288,-7.7066,4.003e-18,4.761e-18,4.878e-18,0.0006,-3.16,0
FrontS69079,-3.9385,-7.7266,3.373e-19,4.961e-19,7.843e-19,0.0013,-3.15,0
FrontS69080,-3.9300,-7.6407,3.068e-19,4.869e-19,9.129e-19,-0.0002,-2.76,0
FrontS69082,-3.9137,-7.6270,3.492e-18,4.242e-18,4.668e-18,0.001,-2.92,0
FrontS69083,-3.7957,-7.5068,1.432e-18,1.795e-18,2.112e-18,0.0002,-3.44,0
FrontS69084,-3.8813,-7.6960,2.163e-18,2.646e-18,2.950e-18,-0.0001,-3.33,0
FrontS69087,-3.8812,-7.7579,1.150e-18,1.680e-18,2.711e-18,0.0012,-3.49,0
FrontS69093,-3.6219,-7.5057,5.142e-20,9.228e-20,2.125e-19,0.0009,-3.88,0
FrontS69094,-3.6749,-7.5060,6.883e-17,1.013e-16,1.610e-16,0.001,-3.79,0
FrontS69095,-3.9609,-7.7957,1.857e-17,1.965e-17,1.517e-17,0.0,-3.25,0
FrontS69097,-3.9545,-7.7589,9.299e-17,7.847e-17,4.039e-17,0.0002,-3.23,0
FrontS69100,-3.9283,-7.7700,1.778e-15,1.375e-15,5.739e-16,-0.0003,-3.29,1
FrontS69102,-3.8830,-7.8406,2.410e-20,4.352e-20,1.034e-19,0.0002,-3.59,0
FrontS69103,-3.7310,-7.5400,5.751e-17,5.233e-17,3.193e-17,-0.0001,-3.79,0
FrontS69104,-3.6957,-7.4290,2.583e-16,2.231e-16,1.184e-16,0.0007,-3.58,0
FrontS69105,-4.0061,-7.7402,4.230e-18,4.900e-18,4.838e-18,0.0001,-3.11,0
FrontS69107,-3.7040,-7.5662,4.353e-18,4.969e-18,4.755e-18,0.0002,-3.86,0
FrontS69108,-3.7592,-7.4039,9.589e-17,2.034e-16,6.792e-16,0.0003,-3.36,0
FrontS69109,-3.9070,-7.7271,2.313e-19,3.586e-19,6.635e-19,0.0007,-3.32,0
FrontS69111,-4.0095,-7.7791,1.688e-16,1.494e-16,8.012e-17,0.001,-3.08,0
FrontS69113,-3.7676,-7.5232,1.111e-16,1.047e-16,6.678e-17,0.0002,-3.54,0
FrontS69115,-3.9773,-7.6981,9.018e-16,7.269e-16,3.371e-16,0.0,-3.01,0
FrontS69116,-3.6683,-7.4054,2.270e-16,1.867e-16,8.872e-17,-0.0001,-3.56,0
FrontS69118,-3.9169,-7.7823,1.077e-19,1.719e-19,3.366e-19,0.001,-3.38,0
FrontS69120,-3.9128,-7.8366,5.268e-17,5.163e-17,3.591e-17,0.0002,-3.47,0
FrontS69121,-3.6515,-7.5124,5.117e-17,4.862e-17,3.165e-17,-0.0005,-3.91,0
FrontS69122,-4.0376,-7.7701,3.916e-17,7.489e-17,2.054e-16,0.0006,-3.11,0
FrontS69123,-3.7222,-7.4651,1.057e-16,1.998e-16,5.263e-16,0.0002,-3.54,0
FrontS69126,-3.7853,-7.4455,1.739e-15,1.273e-15,4.998e-16,-0.0001,-3.28,0
FrontS69127,-3.6843,-7.4971,2.574e-16,2.269e-16,1.308e-16,0.0005,-3.71,0
FrontS69128,-3.9360,-7.7789,2.157e-19,3.441e-19,6.761e-19,0.0004,-3.28,0
FrontS69129,-3.8317,-7.7563,1.153e-17,1.254e-17,1.088e-17,0.0003,-3.7,0
FrontS69130,-3.9759,-7.7692,2.798e-18,3.493e-18,4.032e-18,0.0005,-3.19,0
FrontS69132,-3.7179,-7.3828,8.471e-17,8.035e-17,5.247e-17,0.001,-3.46,0
FrontS69133,-3.7262,-7.4649,2.822e-17,2.952e-17,2.374e-17,-0.0002,-3.51,0
FrontS69134,-4.0059,-7.7415,7.256e-20,1.253e-19,2.812e-19,0.0006,-2.99,0
FrontS69135,-3.9666,-7.7605,2.204e-12,1.497e-12,5.217e-13,0.0007,-3.22,0
FrontS69136,-3.9798,-7.7952,3.184e-20,5.622e-20,1.271e-19,0.0009,-3.24,0
FrontS69137,-3.9514,-7.7504,5.135e-16,4.045e-16,1.860e-16,-0.0003,-3.23,0
FrontS69139,-3.9415,-7.7812,2.958e-16,4.201e-16,6.363e-16,0.0005,-3.23,0
FrontS69140,-3.5962,-7.4166,4.024e-19,5.996e-19,1.000e-18,0.0009,-3.75,0
FrontS69141,-3.9847,-7.8149,1.014e-16,8.782e-17,4.922e-17,0.0,-3.26,0
FrontS69142,-3.9466,-7.7541,2.411e-16,5.946e-16,2.790e-15,-0.0001,-3.22,0
FrontS69143,-4.0116,-7.8045,7.307e-19,1.074e-18,1.756e-18,0.0,-3.14,0
FrontS69144,-3.6075,-7.5147,3.806e-18,4.712e-18,5.225e-18,0.0009,-3.9,0
FrontS69147,-4.0093,-7.8159,1.836e-16,3.319e-16,8.108e-16,0.0007,-3.18,0
FrontS69148,-3.6351,-7.4360,1.310e-16,1.140e-16,6.038e-17,0.0001,-3.79,0
FrontS69149,-3.6254,-7.3733,1.637e-17,1.747e-17,1.401e-17,0.0002,-3.58,0
FrontS69150,-3.7419,-7.4745,1.465e-18,1.920e-18,2.353e-18,0.0009,-3.57,0
FrontS69151,-3.6458,-7.4205,3.723e-19,5.387e-19,8.330e-19,0.0003,-3.77,0
FrontS69152,-4.0161,-7.7809,3.766e-17,3.715e-17,2.634e-17,-0.0002,-3.07,0
FrontS69154,-3.9671,-7.7773,5.149e-12,3.593e-12,1.286e-12,0.0006,-3.23,0
FrontS69156,-3.7758,-7.4415,1.131e-16,1.012e-16,5.793e-17,0.0005,-3.42,0
FrontS69157,-3.9514,-7.7672,4.736e-19,6.614e-19,9.431e-19,0.0003,-3.29,0
FrontS69158,-3.6349,-7.3740,1.601e-20,3.078e-20,8.594e-20,-0.0,-3.57,0
FrontS69160,-3.7522,-7.4097,5.604e-17,9.741e-17,2.236e-16,0.0002,-3.49,0
FrontS69161,-3.7174,-7.4992,3.509e-17,3.574e-17,2.585e-17,0.0006,-3.63,0
FrontS69162,-3.6626,-7.4083,1.022e-16,9.444e-17,5.885e-17,0.0003,-3.62,0
FrontS69163,-3.9978,-7.8583,1.257e-17,1.396e-17,1.256e-17,0.0001,-3.38,0
FrontS69164,-4.0285,-7.8370,3.028e-18,3.362e-18,3.006e-18,0.0002,-3.25,0
FrontS69165,-3.9497,-7.7799,3.155e-19,4.600e-19,7.379e-19,0.0013,-3.29,0
FrontS69166,-3.7442,-7.4382,4.139e-16,6.239e-16,1.032e-15,0.0004,-3.51,0
FrontS69167,-3.9646,-7.8253,6.837e-17,6.799e-17,4.841e-17,-0.0004,-3.41,0
FrontS69168,-3.9908,-7.8358,4.845e-16,7.490e-16,1.335e-15,0.0003,-3.25,0
FrontS69169,-4.0119,-7.7561,1.976e-20,3.977e-20,1.237e-19,0.0004,-3.13,0
FrontS69170,-4.0311,-7.8594,1.766e-16,1.580e-16,9.047e-17,-0.0001,-3.19,0
FrontS69171,-4.0100,-7.7712,1.602e-18,1.983e-18,2.263e-18,-0.0001,-3.18,0
FrontS69172,-3.9829,-7.7414,1.931e-16,4.032e-16,1.301e-15,0.0004,-3.14,0
FrontS69173,-4.0029,-7.8313,2.204e-18,2.704e-18,2.979e-18,0.0001,-3.25,0
FrontS69174,-3.9713,-7.8673,4.579e-17,4.687e-17,3.545e-17,0.0006,-3.37,0
FrontS69175,-3.9626,-7.7911,2.389e-16,2.111e-16,1.200e-16,-0.0005,-3.2,0
FrontS69176,-3.9774,-7.8453,7.292e-18,8.360e-18,8.019e-18,0.0007,-3.4,0
FrontS69177,-3.9860,-7.8091,3.471e-12,2.397e-12,8.231e-13,0.0002,-3.23,0
FrontS69178,-3.9612,-7.8523,2.950e-17,3.010e-17,2.257e-17,0.0008,-3.39,0
FrontS69179,-3.9444,-7.8401,1.062e-17,1.173e-17,1.038e-17,-0.0003,-3.45,0
FrontS69180,-3.6434,-7.3929,2.605e-17,2.694e-17,2.068e-17,0.0011,-3.67,0
FrontS69182,-3.6239,-7.3857,1.143e-19,1.899e-19,4.064e-19,0.0005,-3.74,0
FrontS69183,-4.0432,-7.8505,4.784e-17,4.572e-17,3.048e-17,0.0001,-3.16,0
FrontS69184,-3.5710,-7.3758,2.349e-18,3.062e-18,3.827e-18,0.001,-3.7,0
FrontS69185,-3.6542,-7.5260,6.738e-17,6.671e-17,4.649e-17,-0.0001,-3.89,0
FrontS69186,-3.6496,-7.3129,2.615e-17,2.691e-17,2.016e-17,-0.0001,-3.51,0
FrontS69187,-3.9502,-7.7825,3.472e-17,3.601e-17,2.794e-17,0.0005,-3.31,0
FrontS69188,-3.5746,-7.3554,1.125e-20,2.240e-20,6.831e-20,0.0007,-3.72,0
FrontS69189,-4.0149,-7.8517,6.080e-18,7.595e-18,8.409e-18,0.0007,-3.2,0
FrontS69190,-4.0407,-7.8924,1.747e-16,1.620e-16,1.003e-16,0.0006,-3.22,0
FrontS69191,-3.6900,-7.3551,5.388e-17,5.427e-17,4.037e-17,0.0004,-3.52,0
FrontS69192,-3.6027,-7.3917,1.363e-18,1.739e-18,2.031e-18,0.0002,-3.68,0
FrontS69193,-3.5729,-7.3271,2.356e-16,2.016e-16,1.061e-16,0.001,-3.61,0
FrontS69197,-4.1051,-7.7744,8.739e-17,7.834e-17,4.696e-17,-0.0002,-3.0,0
FrontS69198,-3.6636,-7.4379,2.233e-15,1.740e-15,7.645e-16,0.0003,-3.61,1
FrontS69199,-3.6527,-7.3520,7.652e-17,7.271e-17,4.691e-17,0.0004,-3.61,0
FrontS69200,-3.5939,-7.4380,3.577e-18,4.755e-18,6.386e-18,0.0007,-3.74,0
FrontS69203,-4.1522,-7.9121,2.372e-17,2.493e-17,1.996e-17,0.0001,-3.16,0
FrontS69204,-3.6387,-7.3881,2.284e-19,3.430e-19,5.911e-19,0.0008,-3.6,0
FrontS69205,-4.1053,-7.9148,2.092e-19,3.293e-19,6.150e-19,0.0005,-3.2,0
FrontS69206,-4.0347,-7.9230,1.087e-16,2.007e-16,5.350e-16,-0.0,-3.33,0
FrontS69211,-4.0374,-7.9069,9.176e-19,1.253e-18,1.681e-18,-0.0001,-3.24,0
FrontS69213,-4.1012,-7.9464,2.032e-16,3.249e-16,6.205e-16,0.0001,-3.25,0
FrontS69214,-3.6934,-7.3626,6.624e-16,9.536e-16,1.436e-15,0.0001,-3.49,0
FrontS69215,-3.7118,-7.4000,5.730e-16,9.396e-16,1.846e-15,-0.0001,-3.53,0
FrontS69216,-4.0183,-7.8004,7.165e-16,1.793e-15,8.873e-15,0.0001,-3.14,0
FrontS69218,-3.6342,-7.4170,3.974e-17,3.933e-17,2.724e-17,-0.0001,-3.77,0
FrontS69219,-3.6853,-7.4349,4.622e-12,3.379e-12,1.281e-12,-0.0001,-3.68,0
FrontS69222,-3.6466,-7.3290,6.040e-18,7.257e-18,7.512e-18,0.0003,-3.56,0
FrontS69223,-3.5551,-7.3308,1.430e-20,2.708e-20,7.380e-20,0.0003,-3.71,0
FrontS69225,-3.5834,-7.3356,1.502e-16,1.377e-16,8.271e-17,0.0004,-3.59,0
FrontS69226,-3.5561,-7.3333,6.705e-16,5.361e-16,2.496e-16,0.0008,-3.69,0
FrontS69228,-4.0391,-7.9115,1.011e-18,1.416e-18,1.988e-18,-0.0,-3.28,0
FrontS69229,-3.5203,-7.3296,4.378e-18,4.974e-18,4.666e-18,0.0007,-3.75,0
FrontS69230,-3.5872,-7.3259,4.048e-20,7.397e-20,1.851e-19,0.0015,-3.62,0
FrontS69231,-3.6368,-7.4232,3.834e-18,4.248e-18,3.767e-18,-0.0,-3.61,0
FrontS69232,-3.5218,-7.2924,3.497e-18,4.280e-18,4.571e-18,0.0003,-3.64,0
FrontS69235,-4.1443,-7.9826,2.105e-18,2.617e-18,3.036e-18,0.0011,-3.22,0
FrontS69236,-4.0420,-7.9088,1.657e-16,3.098e-16,7.990e-16,0.0006,-3.27,0
FrontS69238,-3.6323,-7.3784,6.077e-16,5.057e-16,2.532e-16,0.0008,-3.64,0
FrontS69239,-3.5438,-7.2659,5.168e-18,6.168e-18,6.205e-18,0.0,-3.6,0
FrontS69240,-3.5761,-7.2391,2.391e-18,2.994e-18,3.454e-18,0.0006,-3.6,0
FrontS69241,-3.5720,-7.3409,8.191e-17,7.644e-17,4.776e-17,0.0001,-3.61,0
FrontS69242,-4.0529,-7.9326,3.163e-16,2.693e-16,1.360e-16,0.0,-3.24,0
FrontS69243,-3.5969,-7.4057,3.247e-20,5.709e-20,1.315e-19,0.0002,-3.67,0
FrontS69244,-3.5848,-7.2736,2.112e-17,2.210e-17,1.757e-17,-0.0005,-3.61,0
FrontS69245,-4.0429,-7.8927,1.436e-20,2.944e-20,9.705e-20,0.0008,-3.29,0
FrontS69247,-4.0717,-7.9415,4.527e-12,3.224e-12,1.175e-12,0.0005,-3.22,0
FrontS69248,-3.5603,-7.3102,1.009e-17,1.140e-17,1.007e-17,0.0,-3.68,0
FrontS69249,-3.6121,-7.2612,1.700e-16,3.289e-16,9.198e-16,0.001,-3.52,0
FrontS69250,-3.9967,-7.9164,4.879e-18,5.716e-18,5.906e-18,0.0005,-3.41,0
FrontS69251,-4.0638,-7.9275,1.560e-20,3.149e-20,9.805e-20,0.0011,-3.24,0
FrontS69252,-4.1047,-7.8396,3.027e-19,4.457e-19,7.315e-19,-0.0002,-3.05,0
FrontS69254,-3.5900,-7.3245,2.195e-16,1.969e-16,1.148e-16,-0.0004,-3.66,0
FrontS69256,-3.4913,-7.2622,8.912e-18,9.500e-18,8.167e-18,-0.0001,-3.68,0
FrontS69257,-4.1260,-7.9975,1.068e-18,1.501e-18,2.217e-18,0.0008,-3.28,0
FrontS69259,-3.5647,-7.2768,4.204e-20,7.492e-20,1.844e-19,-0.0006,-3.61,0
FrontS69261,-4.0960,-7.9906,3.075e-16,2.505e-16,1.198e-16,-0.0003,-3.34,0
FrontS69262,-4.0956,-7.9552,7.243e-17,1.331e-16,3.465e-16,0.0003,-3.33,0
FrontS69264,-4.2237,-7.9795,8.895e-17,1.635e-16,4.039e-16,0.0003,-3.15,0
FrontS69265,-3.5193,-7.2247,1.760e-16,1.550e-16,8.683e-17,0.0013,-3.61,0
FrontS69267,-4.0674,-7.9655,2.229e-12,1.545e-12,5.478e-13,0.0005,-3.35,0
FrontS69268,-3.4695,-7.2719,2.088e-18,2.654e-18,3.091e-18,0.0004,-3.69,0
FrontS69269,-3.5641,-7.2678,1.285e-18,1.693e-18,2.090e-18,0.0009,-3.54,0
FrontS69271,-4.1095,-7.9958,3.084e-19,4.690e-19,7.839e-19,0.0001,-3.24,0
FrontS69272,-4.2021,-8.0130,2.570e-17,2.617e-17,2.038e-17,0.0008,-3.14,0
FrontS69273,-3.5319,-7.2426,1.603e-19,2.511e-19,4.558e-19,0.0001,-3.65,0
FrontS69274,-3.5523,-7.2354,1.908e-18,2.455e-18,3.042e-18,0.0001,-3.56,0
FrontS69275,-4.1150,-7.9977,1.763e-18,2.371e-18,3.045e-18,0.0007,-3.33,0
FrontS69276,-3.5899,-7.3216,1.185e-18,1.699e-18,2.497e-18,-0.0002,-3.54,0
FrontS69278,-4.1858,-7.9626,1.695e-20,3.211e-20,8.988e-20,0.001,-3.07,0
FrontS69280,-3.8346,-7.6219,8.231e-16,6.633e-16,3.037e-16,0.0002,-6.53,0
FrontS69281,-3.8360,-7.6224,1.259e-15,1.006e-15,4.636e-16,0.0008,-3.25,0
FrontS69282,-3.8353,-7.6230,3.884e-15,2.951e-15,1.208e-15,0.0004,-6.47,0
FrontS69283,-3.8350,-7.6218,7.962e-16,6.316e-16,2.848e-16,-0.0002,-6.3,0
FrontS69284,-3.8358,-7.6216,1.770e-15,1.336e-15,5.680e-16,0.0006,-0.6,1
FrontS69285,-3.8341,-7.6214,4.479e-16,3.525e-16,1.605e-16,0.0,-6.33,0
FrontS69286,-3.8354,-7.6221,1.279e-14,9.251e-15,3.431e-15,0.0007,-4.64,0
FrontS69287,-3.5242,-7.3141,3.546e-15,2.637e-15,1.094e-15,0.0007,-3.68,1
FrontS69288,-3.5225,-7.2995,1.316e-14,9.210e-15,3.188e-15,0.0012,-3.65,0
FrontS69289,-3.5355,-7.2794,3.463e-12,2.458e-12,8.690e-13,0.0002,-3.62,0
FrontS69290,-4.1374,-7.9615,1.921e-12,1.307e-12,4.252e-13,0.0,-3.17,0
FrontS69291,-4.1310,-7.9751,1.615e-14,1.130e-14,4.135e-15,0.0008,-3.14,0
FrontS69292,-3.5447,-7.2380,2.201e-18,2.926e-18,3.831e-18,0.0005,-3.71,0
FrontS69293,-4.1000,-7.9890,1.788e-15,1.391e-15,5.829e-16,0.0005,-3.25,1
FrontS69294,-3.5689,-7.2387,6.365e-15,4.492e-15,1.576e-15,0.0003,-3.54,0
FrontS69295,-3.5828,-7.2342,9.764e-17,1.564e-16,2.949e-16,0.0001,-3.65,0
FrontS69296,-4.0845,-8.0200,3.924e-15,2.822e-15,1.088e-15,0.0011,-3.31,0
FrontS69297,-3.5640,-7.1767,5.614e-19,8.576e-19,1.487e-18,0.0007,-3.52,0
FrontS69298,-4.0587,-8.0338,1.586e-16,1.389e-16,7.669e-17,0.0012,-3.41,0
FrontS69299,-4.0555,-8.0370,4.823e-20,9.400e-20,2.715e-19,0.0002,-3.37,0
FrontS69300,-4.0324,-8.0457,2.869e-14,1.979e-14,6.816e-15,0.0009,-3.41,0
FrontS69301,-3.6291,-7.1721,1.647e-16,2.427e-16,3.855e-16,0.0007,-3.53,0
FrontS69302,-3.6568,-7.1647,6.630e-18,7.532e-18,7.046e-18,0.0003,-3.4,0
FrontS69303,-3.6731,-7.1484,1.718e-16,1.511e-16,8.512e-17,0.0006,-3.4,0
FrontS69304,-3.9979,-8.0812,5.197e-16,8.798e-16,1.846e-15,0.0003,-3.42,0
FrontS69305,-3.6893,-7.1359,2.854e-15,2.144e-15,8.556e-16,0.001,-3.41,0
FrontS69306,-3.9688,-8.0995,1.913e-16,1.722e-16,9.995e-17,-0.0001,-3.54,0
FrontS69307,-3.7118,-7.1213,1.775e-16,1.582e-16,8.802e-17,-0.0,-3.32,0
FrontS69308,-3.9799,-8.1304,2.289e-15,1.716e-15,6.848e-16,-0.0002,-3.53,0
FrontS69309,-3.7308,-7.1012,3.322e-15,2.629e-15,1.187e-15,0.001,-3.31,0
FrontS69310,-3.7569,-7.0979,2.741e-15,2.114e-15,9.084e-16,0.0011,-3.32,1
FrontS69311,-3.7548,-7.0920,1.264e-15,9.459e-16,3.933e-16,0.0003,-3.25,1
FrontS69312,-3.8886,-8.1539,2.688e-15,1.987e-15,7.758e-16,-0.0001,-3.62,0
FrontS69313,-3.8639,-8.1676,7.411e-16,6.137e-16,2.962e-16,0.0011,-3.61,0
FrontS69314,-3.7876,-7.0434,1.287e-14,9.009e-15,3.168e-15,0.0004,-3.32,0
FrontS69315,-3.8214,-7.0641,5.079e-19,7.436e-19,1.170e-18,0.0011,-3.17,0
FrontS69316,-3.8347,-7.0728,8.987e-15,6.380e-15,2.230e-15,0.0003,-3.19,0
FrontS69317,-3.8106,-8.1942,2.224e-15,1.683e-15,6.862e-16,0.0002,-3.68,0
FrontS69318,-3.8886,-7.0206,3.413e-15,2.631e-15,1.136e-15,0.0002,-3.12,1
FrontS69319,-3.7599,-8.2353,1.514e-17,1.620e-17,1.387e-17,0.0007,-3.7,0
FrontS69320,-3.9074,-7.0475,4.544e-19,6.517e-19,9.965e-19,-0.0001,-3.03,0
FrontS69321,-3.9044,-7.0412,2.517e-15,1.923e-15,7.921e-16,0.0009,-3.21,0
FrontS69322,-3.9371,-7.0211,2.487e-16,2.207e-16,1.261e-16,0.0005,-3.05,0
FrontS69323,-3.7093,-8.1926,1.019e-15,8.281e-16,3.911e-16,0.0008,-3.69,0
FrontS69324,-4.0293,-7.0331,4.365e-12,3.056e-12,1.067e-12,-0.0002,-3.07,0
FrontS69325,-3.6532,-8.2282,8.957e-14,5.912e-14,1.897e-14,-0.0,-3.94,0
FrontS69326,-3.6617,-8.2226,8.720e-15,6.252e-15,2.288e-15,-0.0001,-3.86,0
FrontS69327,-3.6010,-8.2167,1.814e-15,1.341e-15,5.471e-16,0.0003,-3.9,0
FrontS69328,-4.0839,-7.0136,5.119e-16,4.260e-16,2.134e-16,-0.0001,-2.96,0
FrontS69329,-4.0875,-7.0130,6.082e-15,4.378e-15,1.686e-15,0.0007,-2.92,0
FrontS69330,-4.1826,-6.9902,6.570e-14,4.493e-14,1.500e-14,0.0005,-2.84,0
FrontS69331,-4.1513,-7.0188,5.696e-17,5.300e-17,3.287e-17,0.0005,-2.88,0
FrontS69332,-4.1794,-7.0156,9.723e-15,6.665e-15,2.305e-15,-0.0006,-2.86,0
FrontS69333,-3.4530,-8.2292,1.659e-14,1.148e-14,4.033e-15,0.0003,-4.02,0
FrontS69334,-3.5192,-8.1990,1.625e-13,1.063e-13,3.271e-14,0.0008,-3.92,0
FrontS69335,-4.2402,-7.0201,7.120e-17,6.869e-17,4.433e-17,0.0012,-2.81,0
FrontS69336,-4.2548,-7.0205,4.514e-15,3.326e-15,1.265e-15,0.0004,-2.75,0
FrontS69337,-4.2755,-7.0234,5.701e-14,3.683e-14,1.139e-14,0.0008,-2.77,0
FrontS69338,-3.3694,-8.2194,1.818e-16,3.718e-16,1.154e-15,0.0003,-4.09,0
FrontS69339,-3.3368,-8.2217,4.162e-12,3.192e-12,1.330e-12,0.0005,-4.1,1
FrontS69340,-3.3203,-8.1914,1.736e-12,1.170e-12,3.873e-13,0.0004,-4.12,0
FrontS69341,-3.2989,-8.1809,2.332e-14,1.619e-14,5.683e-15,0.0009,-4.17,0
FrontS69342,-4.4674,-7.0427,1.487e-15,1.131e-15,4.827e-16,0.0008,-2.68,1
FrontS69343,-3.2896,-8.1467,1.594e-17,1.679e-17,1.334e-17,0.0007,-4.12,0
FrontS69344,-4.4156,-7.0976,1.289e-16,1.211e-16,7.784e-17,0.0007,-2.74,0
FrontS69345,-3.2219,-8.1692,8.294e-16,6.816e-16,3.252e-16,-0.0003,-4.16,0
FrontS69346,-4.5262,-7.0791,4.769e-12,3.568e-12,1.369e-12,0.0003,-2.58,0
FrontS69347,-4.4504,-7.1399,3.050e-14,2.065e-14,7.183e-15,0.0007,-2.73,0
FrontS69348,-3.1779,-8.1006,3.463e-16,2.734e-16,1.264e-16,0.0005,-4.24,0
FrontS69349,-3.0851,-8.1359,1.107e-13,7.284e-14,2.380e-14,0.0008,-4.25,0
FrontS69350,-3.1407,-8.0503,1.027e-15,7.927e-16,3.385e-16,-0.0001,-4.31,1
FrontS69351,-4.5773,-7.1768,1.027e-14,6.983e-15,2.323e-15,-0.0002,-2.55,0
FrontS69352,-4.5836,-7.2075,8.581e-15,6.381e-15,2.576e-15,0.0,-2.59,0
FrontS69353,-3.1031,-8.0075,3.661e-16,2.912e-16,1.376e-16,0.0003,-4.3,0
FrontS69354,-3.0314,-8.0119,1.951e-17,2.123e-17,1.778e-17,0.0008,-4.21,0
FrontS69355,-4.6620,-7.2526,1.223e-16,2.057e-16,4.306e-16,0.0002,-2.52,0
FrontS69356,-3.0357,-7.9465,5.837e-15,4.130e-15,1.468e-15,-0.0002,-4.28,0
FrontS69357,-4.6774,-7.3059,7.914e-16,6.478e-16,3.119e-16,0.0003,-2.62,0
FrontS69358,-4.6669,-7.3417,2.254e-14,1.601e-14,5.745e-15,0.0007,-2.67,0
FrontS69359,-2.9084,-7.9253,6.625e-15,4.602e-15,1.644e-15,0.0008,-4.27,0
FrontS69360,-4.7053,-7.3899,1.871e-16,1.572e-16,8.009e-17,0.0003,-2.64,0
FrontS69361,-4.7632,-7.4107,1.355e-18,1.865e-18,2.586e-18,0.001,-2.64,0
FrontS69362,-2.9689,-7.7841,6.027e-15,4.455e-15,1.765e-15,-0.0001,-4.36,0
FrontS69363,-2.9212,-7.7766,2.966e-15,2.246e-15,8.960e-16,0.0002,-4.24,0
FrontS69364,-2.9201,-7.7362,8.864e-16,6.918e-16,3.090e-16,-0.0002,-4.22,0
FrontS69366,-2.9120,-7.6923,1.084e-14,7.789e-15,2.913e-15,0.0005,-4.24,0
FrontS69367,-2.9321,-7.6387,3.103e-14,2.165e-14,7.343e-15,0.0002,-4.23,0
FrontS69368,-4.7291,-7.6235,2.305e-16,2.028e-16,1.124e-16,0.0006,-2.76,0
FrontS69369,-4.7165,-7.6998,2.726e-12,1.877e-12,6.344e-13,0.0004,-2.78,0
FrontS69370,-2.9091,-7.5286,1.014e-16,9.276e-17,5.647e-17,0.0005,-4.2,0
FrontS69371,-4.7623,-7.7686,2.443e-17,2.448e-17,1.811e-17,0.0,-2.74,0
FrontS69372,-2.9539,-7.4362,2.920e-14,1.950e-14,6.190e-15,-0.0001,-4.06,0
FrontS69373,-4.6694,-7.8298,5.769e-16,4.720e-16,2.296e-16,0.0013,-2.86,0
FrontS69374,-4.6698,-7.8408,7.731e-15,5.624e-15,2.136e-15,0.0006,-2.8,0
FrontS69375,-4.6164,-7.8480,6.272e-13,4.074e-13,1.253e-13,0.0006,-2.9,0
FrontS69376,-2.9889,-7.3088,9.271e-12,7.411e-12,3.415e-12,0.001,-3.97,1
FrontS69377,-4.6092,-7.9602,1.799e-14,1.260e-14,4.531e-15,-0.0004,-2.94,0
FrontS69378,-4.6005,-8.0519,6.159e-15,4.479e-15,1.730e-15,0.0005,-3.01,0
FrontS69379,-4.5750,-8.0660,1.289e-17,1.388e-17,1.206e-17,0.0004,-3.0,0
FrontS69380,-3.1402,-7.1651,7.439e-19,1.050e-18,1.535e-18,0.0017,-3.85,0
FrontS69381,-3.1517,-7.0951,5.080e-15,3.824e-15,1.601e-15,-0.0008,-3.76,0
FrontS69382,-3.1944,-7.0615,7.117e-14,4.803e-14,1.585e-14,0.0015,-3.8,0
FrontS69383,-4.4174,-8.2157,1.241e-16,2.381e-16,6.856e-16,0.0004,-3.12,0
FrontS69384,-3.2641,-6.9450,1.259e-16,1.120e-16,6.527e-17,0.0003,-3.73,0
FrontS69385,-3.3546,-6.9580,1.600e-14,1.102e-14,3.800e-15,0.0005,-3.57,0
FrontS69386,-3.3721,-6.9042,2.442e-15,1.954e-15,8.647e-16,0.0004,-3.6,1
FrontS69387,-3.4529,-6.8719,6.124e-15,4.555e-15,1.803e-15,0.0,-3.49,0
FrontS69388,-4.1177,-8.2942,6.483e-15,4.742e-15,1.810e-15,0.0009,-3.43,0
FrontS69389,-3.5250,-6.7992,2.151e-19,3.301e-19,5.896e-19,0.0003,-3.45,0
FrontS69390,-4.0705,-8.4354,7.375e-15,5.398e-15,2.044e-15,0.0008,-3.51,0
FrontS69391,-4.0153,-8.4714,1.227e-16,1.100e-16,6.314e-17,0.0003,-3.54,0
FrontS69392,-3.7497,-6.8020,1.306e-15,1.075e-15,5.322e-16,0.0006,-3.24,0
FrontS69393,-3.8069,-6.7264,1.330e-16,2.421e-16,6.008e-16,-0.0006,-3.18,0
FrontS69394,-3.7991,-8.4824,3.206e-12,2.176e-12,7.432e-13,0.0004,-3.76,0
FrontS69395,-3.9852,-6.7372,9.431e-14,6.400e-14,2.101e-14,-0.0011,-3.05,0
FrontS69396,-3.6270,-8.5002,2.964e-15,2.135e-15,8.144e-16,0.0002,-3.78,0
FrontS69397,-4.0804,-6.6890,6.068e-17,5.730e-17,3.542e-17,0.0002,-3.01,0
FrontS69398,-4.1979,-6.6873,7.151e-12,5.230e-12,1.978e-12,0.0009,-2.97,0
FrontS69399,-3.4190,-8.5577,5.311e-16,4.215e-16,1.992e-16,-0.0001,-3.88,0
FrontS69400,-3.4647,-8.5070,7.178e-12,5.460e-12,2.301e-12,-0.0001,-3.85,1
FrontS69401,-4.3380,-6.7383,4.197e-16,3.473e-16,1.719e-16,-0.0005,-2.96,0
FrontS69402,-4.4312,-6.7049,2.162e-16,3.703e-16,8.389e-16,-0.0001,-2.83,0
FrontS69403,-3.1074,-8.5170,2.182e-14,1.453e-14,4.709e-15,-0.0006,-4.15,0
FrontS69404,-4.5476,-6.7959,1.875e-15,1.426e-15,5.971e-16,0.0009,-2.77,1
FrontS69405,-4.6559,-6.8236,6.056e-17,9.818e-17,1.964e-16,-0.0001,-2.74,0
FrontS69406,-4.6371,-6.8994,2.994e-14,2.073e-14,7.168e-15,0.0013,-2.66,0
FrontS69407,-2.9471,-8.3361,2.816e-16,2.385e-16,1.258e-16,0.0011,-4.19,0
FrontS69408,-4.8304,-6.9182,2.063e-16,1.760e-16,9.088e-17,0.0008,-2.66,0
FrontS69409,-2.8013,-8.2784,2.533e-18,3.022e-18,3.164e-18,0.0003,-4.21,0
FrontS69411,-3.6480,-7.2433,5.057e-16,4.157e-16,1.969e-16,0.0005,-3.38,0
FrontS69413,-3.6626,-7.2562,1.845e-16,3.251e-16,7.634e-16,0.0004,-3.42,0
FrontS69414,-3.6305,-7.2080,1.320e-16,2.907e-16,1.062e-15,-0.0001,-3.54,0
FrontS69415,-4.0362,-8.0245,9.648e-15,6.943e-15,2.495e-15,0.0002,-3.33,0
FrontS69416,-3.6296,-7.1997,1.590e-16,1.549e-16,1.062e-16,0.0013,-3.45,0
FrontS69417,-4.0291,-8.0785,6.420e-15,4.609e-15,1.741e-15,0.0006,-3.42,0
FrontS69418,-4.0252,-8.0442,2.490e-12,1.766e-12,6.348e-13,0.0001,-3.36,0
FrontS69419,-3.9625,-8.0534,3.820e-16,1.007e-15,5.331e-15,0.0007,-3.52,0
FrontS69421,-3.9829,-8.1108,7.731e-17,1.605e-16,5.222e-16,0.0007,-3.49,0
FrontS69422,-3.6725,-7.0829,9.960e-17,9.047e-17,5.297e-17,0.0,-3.33,0
FrontS69423,-3.9226,-8.0229,1.023e-15,7.867e-16,3.437e-16,0.0011,-3.46,0
FrontS69425,-3.7344,-7.1642,2.184e-16,1.904e-16,1.011e-16,0.0005,-3.27,0
FrontS69426,-3.7297,-7.1746,2.661e-13,1.756e-13,5.584e-14,0.0007,-3.38,0
FrontS69427,-3.9022,-8.0744,1.214e-15,9.694e-16,4.512e-16,0.0004,-3.55,0
FrontS69428,-3.9456,-8.1091,1.909e-16,4.382e-16,1.748e-15,0.0009,-3.54,0
FrontS69429,-3.7617,-7.0864,9.049e-13,5.859e-13,1.799e-13,0.0004,-3.27,0
FrontS69430,-3.8085,-7.1622,1.342e-15,1.094e-15,5.240e-16,0.0002,-3.33,0
FrontS69432,-3.8687,-8.1221,1.014e-17,1.073e-17,8.986e-18,0.0009,-3.59,0
FrontS69433,-3.8615,-7.1556,1.958e-19,3.108e-19,5.687e-19,0.0004,-3.18,0
FrontS69434,-3.8461,-7.1532,2.364e-17,2.481e-17,1.977e-17,0.0,-3.21,0
FrontS69435,-3.7607,-7.0539,6.337e-16,5.113e-16,2.422e-16,0.0007,-3.24,0
FrontS69437,-3.8567,-8.1038,1.962e-20,3.791e-20,1.075e-19,0.0006,-3.58,0
FrontS69438,-3.8646,-7.1384,5.297e-20,9.972e-20,2.617e-19,0.0003,-3.12,0
FrontS69439,-3.8761,-7.0775,1.447e-16,1.315e-16,7.820e-17,0.0001,-3.24,0
FrontS69440,-3.8892,-7.1666,2.219e-16,3.365e-16,5.873e-16,0.0004,-3.14,0
FrontS69441,-3.9098,-7.0636,1.131e-15,8.790e-16,3.969e-16,-0.0005,-3.07,1
FrontS69442,-3.7552,-8.1729,6.112e-16,4.987e-16,2.365e-16,0.001,-3.74,0
FrontS69443,-3.9843,-6.9692,7.826e-17,7.121e-17,4.319e-17,0.0004,-3.03,0
FrontS69444,-3.7368,-8.1614,4.862e-15,3.511e-15,1.319e-15,0.0006,-3.77,0
FrontS69445,-3.7405,-8.1436,1.398e-16,1.259e-16,7.409e-17,-0.0009,-3.73,0
FrontS69446,-3.6950,-8.2364,7.139e-20,1.203e-19,2.499e-19,0.001,-3.83,0
FrontS69447,-3.9771,-7.1076,1.714e-20,3.514e-20,1.139e-19,0.0009,-2.98,0
FrontS69448,-3.6927,-8.2097,2.062e-16,1.872e-16,1.109e-16,0.0007,-3.76,0
FrontS69449,-3.9652,-7.0443,1.022e-19,1.625e-19,3.147e-19,0.0005,-3.16,0
FrontS69451,-4.0682,-7.0622,1.776e-20,3.653e-20,1.129e-19,0.0001,-2.94,0
FrontS69453,-4.0789,-7.0296,1.308e-18,1.786e-18,2.356e-18,0.0003,-2.94,0
FrontS69454,-3.5314,-8.2199,1.115e-19,1.897e-19,3.981e-19,0.0008,-3.95,0
FrontS69455,-3.5321,-8.2346,6.040e-15,4.493e-15,1.758e-15,0.0012,-3.9,0
FrontS69457,-3.5764,-8.1319,1.530e-18,1.926e-18,2.306e-18,0.0011,-3.98,0
FrontS69458,-4.0908,-7.0005,5.546e-18,6.367e-18,6.063e-18,0.0002,-2.89,0
FrontS69459,-3.5737,-8.2016,1.483e-14,1.020e-14,3.580e-15,-0.0001,-3.89,0
FrontS69460,-3.4994,-8.2452,1.410e-18,1.876e-18,2.525e-18,-0.0006,-4.03,0
FrontS69461,-4.1819,-7.0247,4.193e-17,7.625e-17,1.837e-16,0.0003,-2.86,0
FrontS69462,-4.1512,-7.1013,5.617e-19,8.054e-19,1.242e-18,0.0001,-2.84,0
FrontS69463,-4.1519,-7.0000,1.244e-17,1.353e-17,1.174e-17,0.0007,-2.92,0
FrontS69464,-3.3813,-8.2037,4.433e-16,3.733e-16,1.904e-16,0.0003,-4.14,0
FrontS69465,-3.5591,-8.1005,3.231e-18,3.889e-18,4.105e-18,0.0009,-3.93,0
FrontS69466,-3.4255,-8.1635,1.791e-18,2.212e-18,2.497e-18,-0.0001,-4.12,0
FrontS69467,-3.4656,-8.1652,1.933e-15,1.455e-15,5.867e-16,0.0008,-4.01,0
FrontS69468,-3.3910,-8.2050,8.670e-17,1.457e-16,3.208e-16,0.0005,-4.04,0
FrontS69469,-3.4163,-8.1671,3.379e-16,2.753e-16,1.291e-16,0.0007,-4.07,0
FrontS69470,-3.3223,-8.2104,5.696e-16,5.201e-16,3.076e-16,-0.0003,-4.11,0
FrontS69471,-4.4378,-7.0002,1.341e-16,2.225e-16,4.506e-16,0.0007,-2.73,0
FrontS69472,-4.3773,-7.0506,2.698e-17,2.705e-17,1.903e-17,0.0007,-2.72,0
FrontS69473,-3.4296,-8.1361,1.545e-15,1.238e-15,5.595e-16,0.0004,-4.1,1
FrontS69474,-3.3310,-8.1918,1.911e-16,3.063e-16,5.848e-16,0.0003,-4.11,0
FrontS69475,-3.2710,-8.1706,4.452e-17,4.449e-17,3.178e-17,0.0003,-4.18,0
FrontS69477,-3.2516,-8.1378,2.745e-19,4.434e-19,8.409e-19,0.0007,-4.12,0
FrontS69479,-4.4815,-7.0768,6.777e-15,4.914e-15,1.871e-15,0.0002,-2.65,0
FrontS69480,-3.2346,-8.1204,8.293e-17,1.389e-16,2.887e-16,-0.0003,-4.14,0
FrontS69481,-3.1477,-8.1453,1.456e-15,1.111e-15,4.631e-16,0.0003,-4.24,1
FrontS69482,-3.0942,-8.1634,1.513e-16,1.245e-16,6.109e-17,0.0006,-4.19,0
FrontS69483,-4.5308,-7.1007,6.970e-19,1.007e-18,1.520e-18,0.0007,-2.64,0
FrontS69484,-4.4349,-7.1953,7.375e-17,1.347e-16,3.362e-16,-0.0004,-2.69,0
FrontS69487,-4.5283,-7.1773,8.909e-18,9.988e-18,9.268e-18,0.0004,-2.58,0
FrontS69488,-4.4481,-7.2530,4.081e-20,7.358e-20,1.806e-19,0.0004,-2.62,0
FrontS69489,-3.0923,-8.0243,1.106e-17,1.188e-17,9.974e-18,0.001,-4.23,0
FrontS69491,-4.6323,-7.1957,9.310e-19,1.278e-18,1.720e-18,-0.0001,-2.42,0
FrontS69492,-3.1309,-7.9624,1.130e-16,2.031e-16,4.780e-16,-0.0,-4.27,0
FrontS69493,-3.1280,-7.9348,9.376e-16,7.339e-16,3.212e-16,-0.0001,-4.28,0
FrontS69494,-2.9652,-7.9935,1.362e-17,1.501e-17,1.336e-17,0.0,-4.26,0
FrontS69495,-4.7373,-7.2254,5.177e-18,6.079e-18,6.135e-18,-0.0006,-2.66,0
FrontS69496,-4.6366,-7.3082,4.172e-16,7.747e-16,2.059e-15,-0.0001,-2.64,0
FrontS69497,-3.1029,-7.8316,7.113e-18,7.783e-18,6.841e-18,0.0011,-4.19,0
FrontS69498,-3.0880,-7.8585,4.509e-17,4.221e-17,2.736e-17,0.0013,-4.18,0
FrontS69501,-4.5192,-7.4858,6.373e-17,1.194e-16,3.238e-16,0.0008,-2.64,0
FrontS69502,-2.9351,-7.8619,1.515e-16,1.436e-16,9.011e-17,-0.0006,-4.32,0
FrontS69504,-4.5880,-7.4996,1.626e-17,1.615e-17,1.149e-17,0.0004,-2.65,0
FrontS69505,-2.8837,-7.7982,6.856e-17,6.189e-17,3.508e-17,0.0008,-4.2,0
FrontS69506,-4.7271,-7.4963,2.640e-17,2.678e-17,2.012e-17,0.0003,-2.6,0
FrontS69507,-2.9679,-7.7412,1.378e-17,1.431e-17,1.118e-17,0.0004,-4.22,0
FrontS69508,-4.6906,-7.5754,1.620e-16,1.490e-16,9.234e-17,0.0005,-2.65,0
FrontS69510,-2.9621,-7.6645,7.487e-17,1.333e-16,3.114e-16,0.0014,-4.22,0
FrontS69511,-2.8691,-7.6373,7.104e-16,2.047e-15,1.326e-14,0.0007,-4.23,0
FrontS69512,-4.7057,-7.6691,1.209e-15,9.642e-16,4.326e-16,0.0005,-2.72,1
FrontS69513,-4.6976,-7.6879,3.777e-12,4.032e-12,3.290e-12,0.0008,-2.74,1
FrontS69514,-4.6830,-7.7588,2.888e-16,2.509e-16,1.382e-16,0.0,-2.7,0
FrontS69515,-2.9617,-7.6399,9.347e-17,1.819e-16,5.158e-16,0.0007,-4.14,0
FrontS69516,-2.9740,-7.5072,1.903e-16,3.839e-16,1.140e-15,0.0012,-4.2,0
FrontS69517,-3.0252,-7.4437,7.162e-16,5.735e-16,2.592e-16,0.0009,-4.16,0
FrontS69520,-3.0383,-7.3617,1.984e-16,3.229e-16,6.239e-16,-0.0,-3.96,0
FrontS69522,-3.1032,-7.4089,8.033e-16,6.770e-16,3.426e-16,-0.0003,-4.0,0
FrontS69523,-3.0631,-7.3051,1.066e-18,1.423e-18,1.887e-18,0.0005,-3.95,0
FrontS69524,-2.9906,-7.2729,4.835e-17,4.683e-17,3.160e-17,-0.0002,-3.87,0
FrontS69526,-3.1705,-7.2694,5.820e-16,4.740e-16,2.267e-16,0.0006,-3.8,0
FrontS69527,-4.4730,-7.9401,1.776e-15,1.387e-15,5.942e-16,-0.0005,-2.96,1
FrontS69528,-4.5318,-7.9998,3.076e-16,2.630e-16,1.381e-16,0.0003,-2.96,0
FrontS69529,-3.1123,-7.1183,1.707e-20,3.605e-20,1.266e-19,0.0003,-3.86,0
FrontS69530,-4.5164,-8.1448,6.901e-17,6.547e-17,4.214e-17,0.0008,-3.1,0
FrontS69531,-3.1572,-7.0347,1.871e-16,3.465e-16,9.007e-16,-0.0003,-3.77,0
FrontS69532,-3.2325,-7.0680,1.086e-17,1.168e-17,9.646e-18,-0.0001,-3.85,0
FrontS69533,-3.2930,-7.0835,1.066e-17,1.198e-17,1.101e-17,0.0003,-3.73,0
FrontS69535,-4.2083,-8.0733,9.653e-16,7.686e-16,3.594e-16,0.0004,-3.31,0
FrontS69536,-4.2949,-8.2594,1.511e-16,2.586e-16,5.517e-16,-0.0007,-3.25,0
FrontS69537,-4.2794,-8.2850,6.464e-16,5.231e-16,2.553e-16,0.0004,-3.23,0
FrontS69538,-3.4500,-6.9455,2.047e-16,3.095e-16,5.309e-16,0.0004,-3.5,0
FrontS69539,-4.1591,-8.3118,2.756e-18,3.575e-18,4.556e-18,0.0,-3.42,0
FrontS69541,-4.1858,-8.4478,3.205e-15,2.295e-15,8.714e-16,0.0004,-3.32,0
FrontS69542,-4.1279,-8.4419,1.035e-19,1.716e-19,3.515e-19,0.0002,-3.4,0
FrontS69544,-3.7279,-6.8083,6.207e-16,5.005e-16,2.427e-16,0.0007,-3.25,0
FrontS69545,-3.9157,-8.4906,1.198e-14,8.437e-15,3.099e-15,0.0005,-3.59,0
FrontS69546,-3.7286,-6.8284,1.765e-12,2.290e-12,2.877e-12,0.0005,-3.27,0
FrontS69547,-3.8341,-8.4186,4.480e-18,5.284e-18,5.427e-18,0.001,-3.7,0
FrontS69548,-3.8381,-8.4256,3.608e-16,3.014e-16,1.487e-16,-0.0001,-3.64,0
FrontS69550,-3.9200,-6.6650,1.954e-19,3.119e-19,5.865e-19,0.0005,-3.21,0
FrontS69551,-3.7917,-8.5160,5.519e-12,4.294e-12,1.798e-12,0.0016,-3.69,1
FrontS69552,-4.1083,-6.7422,8.235e-16,6.850e-16,3.464e-16,0.0006,-2.99,0
FrontS69553,-4.1200,-6.8000,3.210e-15,2.366e-15,9.659e-16,0.0002,-3.06,0
FrontS69554,-3.5644,-8.4856,1.600e-16,2.841e-16,6.844e-16,0.0008,-3.78,0
FrontS69555,-3.4329,-8.5820,2.995e-15,2.233e-15,9.016e-16,0.0006,-3.89,0
FrontS69556,-3.4387,-8.5003,1.387e-16,1.205e-16,6.684e-17,0.0003,-4.0,0
FrontS69557,-4.2952,-6.7406,4.817e-17,4.855e-17,3.593e-17,0.0007,-2.84,0
FrontS69559,-4.3471,-6.6915,1.915e-17,1.978e-17,1.478e-17,0.0014,-2.79,0
FrontS69560,-4.3188,-6.8027,2.601e-12,1.743e-12,5.823e-13,0.0009,-2.89,0
FrontS69561,-3.0751,-8.5227,4.668e-17,7.391e-17,1.382e-16,-0.0001,-4.09,0
FrontS69563,-3.1069,-8.4129,1.140e-16,1.081e-16,6.748e-17,0.0005,-4.11,0
FrontS69564,-3.1253,-8.3626,2.201e-16,1.875e-16,1.012e-16,0.0011,-4.21,0
FrontS69565,-4.6516,-6.8561,5.169e-16,4.192e-16,2.092e-16,0.0014,-2.73,0
FrontS69566,-4.7262,-6.9136,3.967e-16,3.437e-16,1.774e-16,0.0007,-2.63,0
FrontS69567,-3.0182,-8.2478,9.577e-17,1.721e-16,4.100e-16,0.0002,-4.2,0
FrontS69569,-4.8656,-6.9540,4.453e-17,6.713e-17,1.138e-16,0.0004,-2.64,0
FrontS69570,-2.8920,-8.1979,1.706e-16,1.502e-16,8.386e-17,0.0,-4.23,0
FrontS69571,-2.7515,-8.2117,3.600e-17,3.397e-17,2.189e-17,0.0001,-4.25,0
FrontS69572,-4.9272,-7.1094,1.517e-16,3.462e-16,1.405e-15,-0.0003,-2.66,0
FrontS69574,-3.6910,26.6155,4.471e-17,5.193e-17,5.270e-17,0.0012,5.27,0
FrontS69575,-2.7723,26.1951,1.147e-20,2.837e-20,1.354e-19,0.0016,5.45,0
FrontS69576,-3.6767,26.5875,2.775e-20,6.239e-20,2.456e-19,0.0005,2.07,0
FrontS69577,-3.5017,26.8764,2.269e-19,4.381e-19,1.236e-18,0.0005,4.44,0
FrontS69578,-3.3858,28.0058,2.417e-17,2.870e-17,2.909e-17,0.0009,4.56,0
FrontS69580,-3.9641,26.5443,1.370e-17,1.759e-17,2.169e-17,0.0007,5.92,0
FrontS69581,-3.0615,26.7586,1.253e-19,2.497e-19,7.331e-19,0.0015,5.06,0
FrontS69583,-4.6600,28.2795,7.323e-16,6.783e-16,4.090e-16,0.0011,5.24,0
FrontS69584,-3.9231,27.6896,7.010e-20,1.428e-19,4.408e-19,0.0013,4.9,0
FrontS69585,-3.5418,26.7621,2.678e-18,3.893e-18,5.958e-18,0.0004,4.62,0
FrontS69589,-4.9652,25.7157,6.228e-19,1.064e-18,2.379e-18,0.0001,6.31,0
FrontS69592,-3.4812,24.2812,1.154e-17,1.444e-17,1.670e-17,0.0013,6.2,0
FrontS69594,-4.8541,24.6608,7.467e-19,1.230e-18,2.533e-18,0.0007,6.54,0
FrontS69595,-4.1310,26.6137,8.765e-20,1.845e-19,6.182e-19,0.0016,5.86,0
FrontS69596,-0.2115,26.1456,1.139e-18,1.754e-18,3.181e-18,0.0018,5.2,0
FrontS69597,-3.7901,26.5532,1.098e-16,1.142e-16,9.198e-17,0.0016,6.12,0
FrontS69598,-4.7406,25.6645,2.884e-20,6.663e-20,2.713e-19,0.001,6.38,0
FrontS69599,-3.3666,27.6541,1.254e-19,2.466e-19,7.254e-19,0.0008,4.44,0
FrontS69602,-2.9013,27.0674,3.583e-17,4.217e-17,4.257e-17,0.0004,4.8,0
FrontS69603,-3.7199,25.3670,1.183e-20,3.116e-20,1.705e-19,0.0016,6.41,0
FrontS69604,-3.7939,25.8150,1.215e-19,2.323e-19,6.467e-19,0.0018,6.54,0
FrontS69607,-3.5460,26.6657,2.070e-19,3.966e-19,1.059e-18,-0.0,4.63,0
FrontS69609,-5.7051,28.6281,1.566e-18,2.419e-18,4.230e-18,0.0015,5.47,0
FrontS69611,-3.6285,26.5570,1.784e-20,4.300e-20,1.913e-19,0.0009,5.93,0
FrontS69612,-3.7434,26.6792,2.749e-17,3.259e-17,3.291e-17,-0.0,4.95,0
FrontS69613,-4.8251,26.0985,8.921e-19,1.451e-18,2.877e-18,0.0019,6.17,0
FrontS69614,-4.6907,26.5178,2.144e-19,3.779e-19,8.748e-19,0.0009,5.92,0
FrontS69616,-3.1932,27.0377,7.335e-20,1.584e-19,5.653e-19,0.0006,4.65,0
FrontS69617,-4.0912,27.8659,1.126e-15,2.099e-15,5.581e-15,0.002,5.0,0
FrontS69621,-2.3862,27.9716,8.979e-20,1.761e-19,5.152e-19,0.0011,4.62,0
FrontS69622,-4.0617,25.4022,3.382e-20,7.025e-20,2.326e-19,0.001,6.66,0
FrontS69623,-4.9510,28.0699,2.894e-20,5.956e-20,1.964e-19,0.0008,5.37,0
FrontS69624,-2.8534,28.4119,1.076e-19,2.257e-19,7.371e-19,0.001,4.44,0
FrontS69625,-3.7168,26.1723,1.430e-20,3.340e-20,1.378e-19,0.0018,6.61,0
FrontS69626,-3.4100,26.7548,2.296e-15,4.064e-15,9.623e-15,0.0017,4.54,0
FrontS69628,-3.1473,28.4129,2.268e-18,3.324e-18,5.298e-18,0.0009,4.43,0
FrontS69629,-3.5240,26.7386,1.390e-20,3.538e-20,1.789e-19,0.0011,4.57,0
FrontS69630,-5.4572,23.5268,7.892e-19,1.266e-18,2.425e-18,0.0018,6.53,0
FrontS69633,-3.9555,23.3656,2.274e-18,3.403e-18,5.417e-18,0.0003,6.38,0
FrontS69634,-3.4459,25.4072,6.392e-19,1.054e-18,2.192e-18,0.0009,6.26,0
FrontS69635,-4.9618,29.5009,3.215e-18,4.406e-18,6.207e-18,0.0015,5.2,0
FrontS69636,-3.7015,26.3393,3.277e-20,7.211e-20,2.629e-19,0.0005,6.51,0
FrontS69637,-3.1405,25.4816,6.348e-11,5.794e-11,3.457e-11,0.001,5.98,1
FrontS69638,-3.7145,26.6361,4.133e-16,3.736e-16,2.207e-16,0.0003,4.98,0
FrontS69639,-3.6139,26.1664,2.425e-17,2.917e-17,3.069e-17,0.0011,6.14,0
FrontS69641,-3.4427,27.2181,2.988e-20,7.245e-20,3.252e-19,0.0009,4.37,0
FrontS69643,-3.0130,27.4157,1.163e-16,1.235e-16,1.049e-16,0.0016,4.57,0
FrontS69644,-3.1372,26.2089,4.765e-18,7.060e-18,1.154e-17,0.0008,5.61,0
FrontS69645,-2.9714,25.7307,5.061e-15,3.969e-15,1.753e-15,0.001,5.85,0
FrontS69646,-4.4802,25.5677,2.909e-19,5.167e-19,1.232e-18,-0.0002,6.48,0
FrontS69647,-3.5676,25.7924,1.160e-19,2.289e-19,6.630e-19,0.0019,6.39,0
FrontS69648,-2.2429,25.9494,8.382e-16,1.307e-15,2.448e-15,0.0013,5.42,0
FrontS69649,-2.7397,27.3508,4.374e-20,9.132e-20,2.961e-19,0.001,4.79,0
FrontS69650,-2.5054,25.8876,1.241e-20,2.997e-20,1.333e-19,0.001,5.54,0
FrontS69652,-3.4012,27.0383,8.330e-16,7.382e-16,4.205e-16,0.0009,4.55,0
FrontS69654,-5.1350,31.9470,1.968e-20,4.483e-20,1.736e-19,0.0005,5.25,0
FrontS69655,-3.1629,26.8361,2.522e-15,6.212e-15,2.805e-14,0.0007,4.86,0
FrontS69658,-3.8414,26.5023,1.786e-20,3.936e-20,1.453e-19,0.0013,6.67,0
FrontS69660,-3.0728,27.4740,1.899e-16,2.026e-16,1.681e-16,0.0014,4.58,0
FrontS69661,-3.5925,26.5745,2.494e-19,4.624e-19,1.211e-18,0.0007,5.14,0
FrontS69662,-4.2003,24.8070,1.270e-17,1.616e-17,1.900e-17,0.0019,6.59,0
FrontS69663,-3.4440,26.7534,6.411e-20,1.245e-19,3.604e-19,0.0015,4.68,0
FrontS69664,-3.4517,27.8749,3.426e-19,6.366e-19,1.626e-18,0.0014,4.46,0
FrontS69665,-3.5573,27.0013,4.151e-11,3.046e-11,1.212e-11,0.0008,4.51,0
FrontS69666,-3.2628,26.1447,3.358e-17,3.997e-17,4.156e-17,0.0014,5.75,0
FrontS69671,-3.7187,26.9952,2.011e-18,3.163e-18,5.862e-18,0.0014,4.92,0
FrontS69673,-3.5225,26.1804,1.164e-18,1.946e-18,4.054e-18,0.0013,6.06,0
FrontS69674,-4.8041,26.4805,2.322e-18,3.386e-18,5.320e-18,0.0005,5.97,0
FrontS69677,-3.5763,27.0510,9.031e-16,2.026e-15,7.637e-15,0.0011,4.42,0
FrontS69679,-3.3790,26.2935,5.048e-17,5.806e-17,5.835e-17,0.001,5.83,0
FrontS69680,-3.6172,26.5559,2.942e-19,5.241e-19,1.250e-18,0.0012,5.39,0
FrontS69681,-4.6089,29.5127,1.023e-16,1.090e-16,8.779e-17,0.0005,5.02,0
FrontS69682,-3.5530,26.6391,7.802e-20,1.626e-19,5.417e-19,0.0018,4.56,0
FrontS69684,-3.7780,27.4659,3.796e-20,7.982e-20,2.727e-19,0.0004,4.57,0
FrontS69685,-3.5346,27.0123,1.329e-17,1.784e-17,2.361e-17,0.0011,4.46,0
FrontS69686,-4.5935,25.2996,1.095e-15,2.662e-15,1.205e-14,0.0018,6.45,0
FrontS69687,-2.3708,26.4608,3.094e-20,6.790e-20,2.470e-19,0.001,5.25,0
FrontS69688,-3.9164,26.3116,3.042e-17,3.656e-17,3.883e-17,0.0009,6.32,0
FrontS69690,-1.7362,21.9962,4.953e-16,4.816e-16,3.326e-16,0.0016,5.77,0
FrontS69692,-2.8802,26.7195,1.295e-15,1.137e-15,6.217e-16,0.0001,5.06,0
FrontS69695,-4.9444,25.8228,9.965e-18,1.354e-17,1.769e-17,0.0009,6.27,0
FrontS69696,-3.7802,26.6254,2.327e-20,5.300e-20,2.166e-19,0.001,5.63,0
FrontS69697,-4.0002,26.7830,1.415e-20,3.487e-20,1.627e-19,0.0009,5.48,0
FrontS69698,-1.9977,24.8877,8.338e-11,6.374e-11,2.621e-11,0.0008,5.65,1
FrontS69699,-3.4652,26.5318,1.351e-20,3.033e-20,1.174e-19,0.0016,5.28,0
FrontS69703,-4.1494,24.9252,1.754e-18,2.780e-18,5.114e-18,0.001,6.58,0
FrontS69704,-3.3231,25.1874,9.495e-17,1.071e-16,9.530e-17,0.0016,6.15,0
FrontS69705,-3.7468,26.7630,9.735e-19,1.702e-18,3.933e-18,0.0,5.27,0
FrontS69707,-3.5552,26.7215,2.558e-15,6.294e-15,3.025e-14,0.001,4.55,0
FrontS69708,-3.9684,26.0801,2.995e-17,3.665e-17,3.909e-17,0.0012,6.54,0
FrontS69709,-3.6727,26.1138,1.628e-17,1.849e-17,1.722e-17,0.0002,6.5,0
FrontS69710,-4.6353,26.7341,8.466e-20,1.635e-19,4.673e-19,0.0011,5.76,0
FrontS69712,-3.6442,26.8180,1.637e-18,2.405e-18,3.871e-18,0.0015,4.97,0
FrontS69713,-3.6744,25.9329,1.686e-15,3.387e-15,1.082e-14,0.0004,6.52,0
FrontS69714,-2.1389,27.0253,1.661e-16,1.766e-16,1.434e-16,0.0021,5.05,0
FrontS69715,-4.3726,28.0035,2.230e-20,4.884e-20,1.775e-19,0.0003,5.21,0
FrontS69716,-3.6996,26.6059,4.058e-20,9.035e-20,3.349e-19,0.0014,5.53,0
FrontS69718,-3.6168,25.6344,1.131e-17,1.431e-17,1.747e-17,0.0006,6.4,0
FrontS69719,-4.5162,25.7411,3.437e-19,6.337e-19,1.601e-18,0.0012,6.38,0
FrontS69720,-3.4868,26.5187,2.715e-11,1.927e-11,6.853e-12,0.001,5.48,0
FrontS69721,-4.0968,25.3026,2.675e-18,3.769e-18,5.631e-18,0.0008,6.65,0
FrontS69722,-5.0842,27.8987,2.094e-17,2.551e-17,2.675e-17,0.0012,5.44,0
FrontS69724,-3.4059,27.3138,2.863e-19,5.019e-19,1.188e-18,0.0008,4.44,0
FrontS69725,-6.2906,23.5115,2.082e-18,3.060e-18,4.873e-18,0.0005,6.37,0
FrontS69728,-3.6751,26.7856,4.578e-16,4.274e-16,2.668e-16,0.0012,4.62,0
FrontS69731,-4.2817,27.0161,1.013e-18,1.575e-18,2.849e-18,0.0002,5.49,0
FrontS69736,-3.8814,27.1222,3.828e-20,7.788e-20,2.437e-19,0.0017,4.95,0
FrontS69737,-3.6951,26.5898,5.344e-18,7.565e-18,1.113e-17,0.0022,5.63,0
FrontS69738,-4.1093,25.8603,1.363e-20,3.435e-20,1.638e-19,0.0006,6.64,0
FrontS69739,-4.0576,26.9192,2.688e-18,3.726e-18,5.337e-18,0.0016,5.45,0
FrontS69740,-3.7588,26.7421,9.444e-20,1.770e-19,4.654e-19,0.0007,4.87,0
FrontS69741,-4.0494,29.1201,9.841e-18,1.294e-17,1.702e-17,0.0016,4.98,0
FrontS69742,-3.7308,26.4781,1.635e-17,1.964e-17,2.017e-17,0.001,6.5,0
FrontS69743,-5.5812,25.2122,4.153e-18,5.769e-18,8.084e-18,0.0014,6.33,0
FrontS69744,-3.6986,26.8141,1.157e-16,1.265e-16,1.104e-16,0.0009,4.59,0
FrontS69745,-3.5001,25.9429,1.269e-20,2.882e-20,1.134e-19,0.0008,6.16,0
FrontS69746,-4.3830,25.7430,7.171e-17,7.653e-17,6.301e-17,0.001,6.51,0
FrontS69747,-3.7138,26.3480,1.472e-17,2.012e-17,2.778e-17,0.0015,6.53,0
FrontS69749,-3.7609,26.7617,5.726e-16,1.196e-15,4.074e-15,0.0013,4.86,0
FrontS69750,-4.0031,26.0975,1.252e-18,1.966e-18,3.489e-18,0.0009,6.59,0
FrontS69751,-3.7093,26.6012,1.228e-16,1.253e-16,9.194e-17,0.0015,5.73,0
FrontS69752,-2.8276,29.2272,1.468e-18,2.222e-18,3.808e-18,0.0021,4.72,0
FrontS69753,-3.7164,28.3335,1.227e-15,2.393e-15,7.062e-15,0.0006,4.77,0
FrontS69754,-5.2302,28.3788,9.660e-16,1.557e-15,3.039e-15,0.0015,5.36,0
FrontS69755,-4.3177,27.4594,3.036e-19,5.315e-19,1.250e-18,0.0009,5.22,0
FrontS69756,-3.5551,26.4458,1.564e-20,3.520e-20,1.358e-19,0.0002,6.75,0
FrontS69757,-4.0299,26.0219,3.388e-19,5.916e-19,1.375e-18,0.0016,6.59,0
FrontS69758,-3.3419,26.9267,1.407e-18,2.281e-18,4.344e-18,0.0016,4.51,0
FrontS69759,-3.7773,27.1884,1.270e-18,2.014e-18,3.824e-18,0.001,4.87,0
FrontS69760,-3.1175,27.4436,5.654e-20,1.162e-19,3.818e-19,0.0016,4.38,0
FrontS69761,-3.9367,24.9160,2.473e-19,4.621e-19,1.217e-18,0.0008,6.48,0
FrontS69762,-2.3839,26.8692,3.255e-20,7.509e-20,3.048e-19,0.0013,5.02,0
FrontS69764,-2.4451,28.2267,6.161e-20,1.339e-19,4.748e-19,0.0013,4.55,0
FrontS69767,-3.6715,26.5441,1.813e-19,3.348e-19,8.880e-19,0.0008,6.52,0
FrontS69768,-3.6167,26.5444,1.134e-19,2.162e-19,5.887e-19,0.0013,5.65,0
FrontS69771,-4.7594,25.2218,4.251e-20,9.597e-20,3.853e-19,0.0012,6.45,0
FrontS69772,-3.7804,25.5275,7.214e-19,1.306e-18,3.081e-18,0.0004,6.6,0
FrontS69773,-3.8525,26.6600,1.766e-20,4.037e-20,1.576e-19,0.0004,5.81,0
FrontS69774,-3.7562,26.7078,6.777e-20,1.440e-19,4.906e-19,0.0016,5.02,0
FrontS69775,-3.5686,26.6211,1.016e-18,1.585e-18,2.871e-18,0.0015,4.41,0
FrontS69776,-2.5123,27.0055,2.001e-15,1.739e-15,9.271e-16,0.0003,5.02,0
FrontS69778,-2.3361,25.2686,3.515e-18,5.354e-18,8.988e-18,0.0014,5.7,0
FrontS69780,-2.6836,27.0095,8.346e-20,1.604e-19,4.443e-19,0.0009,5.0,0
FrontS69781,-3.6394,26.6785,1.983e-18,3.040e-18,5.387e-18,0.0015,4.18,0
FrontS69782,-4.3196,25.9102,4.424e-17,4.958e-17,4.732e-17,0.0011,6.44,0
FrontS69783,-5.4373,23.8096,2.047e-20,4.512e-20,1.708e-19,0.0012,6.44,0
FrontS69784,-2.6416,24.3094,5.201e-19,9.015e-19,1.991e-18,0.0015,6.0,0
FrontS69785,-3.4212,25.8929,1.744e-20,3.933e-20,1.589e-19,0.002,6.21,0
FrontS69787,-3.1086,32.2063,2.589e-18,3.561e-18,4.928e-18,0.0006,4.88,0
FrontS69788,-3.3207,26.3640,3.127e-19,5.705e-19,1.494e-18,0.0009,5.57,0
FrontS69789,-4.2648,28.8960,8.900e-20,1.733e-19,4.873e-19,0.0018,5.07,0
FrontS69790,-2.2811,26.6585,2.084e-20,4.585e-20,1.706e-19,0.0007,5.17,0
FrontS69791,-3.4283,26.7861,1.964e-19,3.726e-19,9.896e-19,0.001,4.93,0
FrontS69793,-2.5245,27.2367,1.829e-17,2.164e-17,2.215e-17,0.0015,4.83,0
FrontS69794,-3.9360,26.9136,8.711e-20,1.585e-19,3.958e-19,0.0007,5.37,0
FrontS69795,-3.8059,25.0851,2.770e-20,6.025e-20,2.126e-19,0.0007,6.56,0
FrontS69796,-3.5917,26.8408,9.806e-17,1.004e-16,7.432e-17,0.0001,4.56,0
FrontS69798,-3.0291,27.3687,5.220e-16,1.046e-15,3.209e-15,0.0018,4.64,0
FrontS69799,-3.2970,27.1612,4.039e-17,4.574e-17,4.296e-17,0.0008,4.47,0
FrontS69802,-4.3957,25.1289,1.021e-16,1.057e-16,8.603e-17,0.0011,6.58,0
FrontS69803,-3.3905,26.2358,6.187e-19,1.006e-18,2.049e-18,0.0005,5.89,0
FrontS69804,-4.0775,25.4617,2.485e-18,3.942e-18,6.993e-18,0.0017,6.71,0
FrontS69805,-3.4114,28.0651,1.828e-16,1.837e-16,1.343e-16,0.001,4.46,0
FrontS69807,-3.7061,26.5320,2.513e-15,3.808e-15,6.445e-15,0.0009,6.63,0
FrontS69810,-3.8089,27.2688,3.631e-16,6.935e-16,1.916e-15,0.0018,4.95,0
FrontS69811,-2.0420,27.9528,2.134e-20,4.452e-20,1.428e-19,0.0017,4.83,0
FrontS69812,-3.4158,26.7396,1.682e-19,3.261e-19,9.235e-19,0.001,4.78,0
FrontS69814,-3.5966,26.0014,3.099e-20,6.254e-20,1.945e-19,0.001,6.35,0
FrontS69815,-3.7517,26.5920,8.172e-11,6.362e-11,2.692e-11,0.0007,5.89,1
FrontS69816,-3.0630,24.1537,1.006e-15,8.800e-16,4.885e-16,0.0007,6.09,0
FrontS69819,-3.6397,26.5970,6.373e-17,7.064e-17,6.524e-17,0.0005,4.99,0
FrontS69820,-3.6559,26.6929,9.617e-17,1.007e-16,8.000e-17,0.0011,4.74,0
FrontS69821,-4.2154,26.9525,1.649e-19,2.991e-19,7.167e-19,0.0001,5.5,0
FrontS69822,-3.7124,26.3359,1.401e-18,2.142e-18,3.818e-18,0.0008,6.61,0
FrontS69823,-3.7665,25.8354,9.053e-18,1.188e-17,1.494e-17,0.0011,6.56,0
FrontS69824,-3.2649,27.5492,2.970e-11,2.058e-11,6.979e-12,0.0009,4.36,0
FrontS69825,-3.6952,26.4651,9.235e-20,1.886e-19,6.204e-19,0.0013,6.76,0
FrontS69828,2.7015,29.5785,3.009e-17,3.804e-17,4.355e-17,0.0006,4.99,0
FrontS69833,-4.3461,26.5104,1.154e-20,2.425e-20,8.073e-20,0.0018,5.97,0
FrontS69834,-3.8093,26.6237,1.573e-20,3.950e-20,2.032e-19,0.0014,5.83,0
FrontS69835,-3.6721,27.2686,9.987e-19,1.529e-18,2.743e-18,0.0008,4.68,0
FrontS69836,-4.1964,23.7863,2.233e-16,2.151e-16,1.417e-16,0.0002,6.35,0
FrontS69838,-3.6253,26.8391,6.089e-18,8.313e-18,1.173e-17,0.0014,4.75,0
FrontS69839,-3.6453,27.2888,4.898e-16,1.036e-15,3.410e-15,0.001,4.47,0
FrontS69842,-3.7343,26.7147,1.605e-20,3.860e-20,1.702e-19,0.0011,5.1,0
FrontS69843,-5.1048,27.8897,4.981e-19,8.231e-19,1.676e-18,0.0012,5.46,0
FrontS69844,0.1088,23.1181,3.902e-19,7.043e-19,1.687e-18,0.0008,5.43,0
FrontS69845,-3.5058,26.3066,9.382e-20,1.826e-19,5.325e-19,0.0011,5.81,0
FrontS69846,-4.9178,28.0185,2.469e-20,5.772e-20,2.347e-19,0.0009,5.37,0
FrontS69847,-3.6349,26.4961,9.976e-16,1.784e-15,4.280e-15,0.0006,6.83,0
FrontS69850,-3.9287,26.3192,6.786e-20,1.330e-19,3.876e-19,0.0014,6.46,0
FrontS69851,-3.6179,25.7531,1.240e-20,3.147e-20,1.506e-19,0.0006,6.45,0
FrontS69852,-4.4074,24.3869,9.323e-17,1.013e-16,8.572e-17,0.0005,6.41,0
FrontS69853,-3.6507,26.3547,3.945e-19,7.049e-19,1.684e-18,0.0012,6.67,0
FrontS69854,-3.7488,26.5775,1.703e-16,1.781e-16,1.366e-16,0.0006,6.06,0
FrontS69855,-3.7888,27.0015,7.402e-19,1.223e-18,2.445e-18,0.0015,4.88,0
FrontS69858,-3.7190,26.6051,2.047e-17,2.625e-17,3.154e-17,0.0012,5.87,0
FrontS69861,-3.9896,25.9524,4.851e-20,1.111e-19,4.548e-19,0.0007,6.67,0
FrontS69862,-4.8002,26.4604,3.333e-20,7.403e-20,2.712e-19,0.0009,6.01,0
FrontS69863,-3.4561,26.8123,1.710e-20,3.892e-20,1.575e-19,-0.0002,4.61,0
FrontS69864,-3.3455,26.5670,4.162e-17,4.541e-17,3.929e-17,0.0015,5.32,0
FrontS69866,-2.6551,28.2994,2.216e-19,4.251e-19,1.164e-18,0.0015,4.57,0
FrontS69867,-3.5679,26.7422,1.102e-16,1.220e-16,1.068e-16,0.0009,4.72,0
FrontS69868,-3.3053,27.1797,1.477e-15,2.249e-15,3.741e-15,0.0004,4.49,0
FrontS69869,-2.5229,27.0176,2.619e-17,3.190e-17,3.505e-17,0.0009,4.96,0
FrontS69870,-4.6303,24.5645,1.009e-19,1.861e-19,4.849e-19,0.0012,6.55,0
FrontS69871,-1.3141,28.5688,1.563e-17,1.991e-17,2.338e-17,0.0015,4.82,0
FrontS69873,-3.1144,26.1596,2.888e-20,6.547e-20,2.497e-19,0.0014,5.65,0
FrontS69874,-3.3195,27.3184,2.563e-19,4.921e-19,1.312e-18,0.001,4.46,0
FrontS69878,-4.7099,27.0210,9.880e-19,1.580e-18,3.186e-18,0.0006,5.57,0
FrontS69879,-5.5534,26.0637,2.892e-19,5.281e-19,1.312e-18,0.0005,6.03,0
FrontS69880,-3.4367,27.2045,4.196e-20,9.101e-20,3.336e-19,0.0014,4.52,0
FrontS69881,-3.8049,26.5268,3.940e-16,6.579e-16,1.320e-15,0.0017,6.63,0
FrontS69883,-5.2404,25.8994,8.158e-18,1.097e-17,1.438e-17,0.0008,6.13,0
FrontS69884,-3.5371,26.8273,3.162e-19,5.658e-19,1.422e-18,0.0001,4.45,0
FrontS69885,-4.2091,26.4714,1.040e-17,1.327e-17,1.650e-17,0.0007,6.08,0
FrontS69886,-3.6165,26.4938,3.604e-20,8.048e-20,3.101e-19,0.0004,6.11,0
FrontS69887,-3.9355,25.3049,6.395e-19,1.114e-18,2.471e-18,0.0009,6.65,0
FrontS69888,-3.8757,26.2330,5.169e-18,6.863e-18,8.648e-18,0.0008,6.53,0
FrontS69889,-3.0025,25.3636,6.353e-19,1.041e-18,2.168e-18,0.001,5.84,0
FrontS69890,-2.9521,27.3477,7.727e-16,1.229e-15,2.269e-15,0.0014,4.59,0
FrontS69891,-4.2068,24.9917,4.776e-18,6.576e-18,9.478e-18,0.0013,6.55,0
FrontS69892,-3.9325,29.5120,1.153e-20,2.607e-20,1.059e-19,0.0011,4.93,0
FrontS69893,-2.4802,26.7646,6.503e-11,4.758e-11,1.877e-11,0.0016,5.1,0
FrontS69895,-3.3033,26.1373,1.167e-17,1.423e-17,1.571e-17,0.0008,5.88,0
FrontS69896,-3.8129,26.4635,6.720e-17,7.595e-17,6.781e-17,0.0007,6.78,0
FrontS69897,-4.2884,29.0836,6.792e-16,1.287e-15,3.587e-15,0.0007,5.05,0
FrontS69898,-3.5991,26.6655,6.948e-16,1.376e-15,4.056e-15,0.0005,5.26,0
FrontS69901,-3.6394,26.6599,6.208e-17,6.805e-17,5.934e-17,0.001,4.39,0
FrontS69902,-3.7510,26.5277,8.770e-20,1.613e-19,4.145e-19,0.0012,6.5,0
FrontS69903,-3.8425,26.8500,1.040e-19,7.216e-20,2.597e-20,0.0014,5.02,0
FrontS69904,-3.5695,26.9257,8.702e-16,7.924e-16,4.660e-16,0.0005,4.47,0
FrontS69905,-3.5400,26.2270,6.175e-20,1.329e-19,4.776e-19,0.001,6.0,0
FrontS69906,-3.5514,26.2772,1.169e-17,1.527e-17,1.923e-17,0.0016,6.22,0
FrontS69907,-3.6858,26.5059,1.373e-15,2.254e-15,4.471e-15,0.0006,6.73,0
FrontS69908,-4.3990,25.2231,1.616e-16,1.540e-16,1.015e-16,0.0013,6.46,0
FrontS69910,-3.5741,26.6963,1.011e-20,2.420e-20,1.026e-19,0.0015,4.46,0
FrontS69912,-3.7177,26.8596,2.742e-15,2.163e-15,9.732e-16,0.0,4.9,0
FrontS69915,-3.4493,27.5709,1.404e-19,2.491e-19,5.830e-19,0.0016,4.47,0
FrontS69916,-3.6387,26.5388,1.759e-15,1.435e-15,7.017e-16,0.0,6.76,0
FrontS69918,-3.7667,26.2374,6.539e-19,1.091e-18,2.204e-18,0.001,6.51,0
FrontS69919,-3.7274,25.4225,2.672e-19,5.055e-19,1.331e-18,0.001,6.46,0
FrontS69920,-3.3015,29.5001,1.024e-19,1.997e-19,5.657e-19,0.0005,4.77,0
FrontS69921,-2.8394,26.6530,3.624e-18,5.298e-18,8.487e-18,0.0011,5.14,0
FrontS69922,-2.8026,27.9365,1.759e-20,3.846e-20,1.418e-19,0.0005,4.53,0
FrontS69924,-4.4080,25.8765,5.303e-19,8.932e-19,1.832e-18,0.0005,6.54,0
FrontS69927,-3.6993,26.8868,5.259e-19,8.616e-19,1.733e-18,0.001,4.64,0
FrontS69928,-3.8280,28.2332,1.106e-19,7.651e-20,2.671e-20,0.0009,4.69,0
FrontS69931,-4.1321,26.4376,1.085e-19,2.151e-19,6.472e-19,0.0006,6.11,0
FrontS69932,-3.4248,27.4394,2.151e-17,2.722e-17,3.208e-17,0.0003,4.37,0
FrontS69933,-4.4034,24.9108,1.212e-20,2.997e-20,1.379e-19,0.0005,6.51,0
FrontS69934,-3.3864,26.6010,4.445e-19,7.028e-19,1.248e-18,0.0012,5.01,0
FrontS69935,-4.5479,25.8262,3.294e-18,4.864e-18,7.620e-18,0.0008,6.44,0
FrontS69937,-4.2603,26.0193,8.495e-17,8.988e-17,7.060e-17,0.0021,6.62,0
FrontS69938,-3.6032,26.4555,4.536e-11,3.705e-11,1.838e-11,0.0014,5.99,1
FrontS69939,-3.5862,26.4398,2.823e-19,5.184e-19,1.368e-18,0.0017,6.03,0
FrontS69941,-4.1341,26.5150,1.765e-17,2.128e-17,2.207e-17,0.0021,5.94,0
FrontS69942,-2.3198,26.0878,7.406e-17,8.101e-17,7.246e-17,0.0016,5.48,0
FrontS69944,-3.5690,25.8711,4.249e-16,4.131e-16,2.880e-16,0.0008,6.36,0
FrontS69946,-3.4676,26.0116,1.064e-17,1.398e-17,1.787e-17,0.0008,6.0,0
FrontS69948,-4.0612,26.8709,6.539e-15,4.948e-15,2.125e-15,0.0012,5.56,0
FrontS69949,-5.0345,26.0306,7.715e-16,1.489e-15,4.203e-15,0.0016,6.06,0
FrontS69950,-3.6471,25.8358,4.125e-18,5.833e-18,8.624e-18,0.0017,6.54,0
FrontS69952,-3.6079,26.7618,5.995e-17,6.840e-17,6.265e-17,0.0012,4.38,0
FrontS69953,-3.7322,25.9597,7.911e-18,1.055e-17,1.334e-17,0.0011,6.6,0
FrontS69955,-4.3520,25.9640,1.146e-20,2.674e-20,1.082e-19,0.002,6.57,0
FrontS69956,-3.6378,25.0436,1.781e-18,2.867e-18,5.364e-18,0.0005,6.36,0
FrontS69957,-3.7952,25.8196,6.405e-15,1.492e-14,6.408e-14,0.0008,6.6,0
FrontS69960,-2.3898,26.5876,2.034e-19,3.582e-19,8.746e-19,0.0002,5.18,0
FrontS69961,-4.7102,26.0972,4.348e-20,1.017e-19,4.279e-19,0.0007,6.16,0
FrontS69962,-4.1183,25.5994,1.184e-13,3.699e-13,2.787e-12,0.0013,6.72,0
FrontS69963,-2.9610,26.1082,1.687e-18,2.697e-18,5.102e-18,0.0015,5.5,0
FrontS69966,-2.0125,28.2333,2.075e-17,2.769e-17,3.544e-17,0.0011,4.7,0
FrontS69967,-3.8262,28.4110,3.920e-15,6.620e-15,1.443e-14,0.0008,4.73,0
FrontS69968,-3.7698,26.4561,1.344e-17,1.682e-17,1.945e-17,0.0007,5.93,0
FrontS69969,-3.7961,26.8691,3.495e-16,3.234e-16,1.994e-16,0.0013,4.76,0
FrontS69970,-4.1007,27.0776,9.273e-20,6.717e-20,2.468e-20,0.0003,4.74,0
FrontS69971,-3.6066,26.6834,4.533e-19,7.505e-19,1.498e-18,0.0012,5.33,0
FrontS69972,-3.9584,26.6056,1.180e-19,8.227e-20,2.834e-20,0.0018,5.63,0
FrontS69973,-3.5874,26.8527,6.657e-18,8.563e-18,1.061e-17,0.0005,5.07,0
FrontS69974,-3.6395,26.8903,5.498e-17,6.206e-17,5.779e-17,0.0004,4.41,0
FrontS69975,-3.8070,26.9323,1.735e-19,3.408e-19,1.011e-18,0.0006,4.6,0
FrontS69976,-3.8226,25.5482,4.446e-15,3.751e-15,1.947e-15,0.0017,6.68,0
FrontS69977,-3.2658,26.0801,4.410e-16,4.250e-16,2.781e-16,0.0018,6.73,0
FrontS69978,-3.2957,27.0427,2.828e-20,6.125e-20,2.135e-19,0.001,5.03,0
FrontS69979,-4.0425,26.5004,8.345e-18,1.097e-17,1.370e-17,0.0008,6.44,0
FrontS69980,-3.8715,26.8129,4.427e-18,6.094e-18,8.739e-18,0.0023,5.38,0
FrontS69983,-3.5601,25.9586,1.054e-19,7.370e-20,2.606e-20,0.001,6.2,0
FrontS69984,-3.5696,26.5301,1.041e-19,7.259e-20,2.592e-20,0.0007,5.55,0
FrontS69986,-3.6677,26.7748,2.883e-15,2.498e-15,1.338e-15,0.0005,5.01,0
FrontS69987,-3.6039,25.6988,3.772e-17,4.366e-17,4.230e-17,0.0009,6.67,0
FrontS69988,-3.4947,26.5215,4.816e-17,5.045e-17,4.128e-17,0.0001,5.25,0
FrontS69989,-4.3679,27.0358,3.812e-20,8.633e-20,3.447e-19,0.0005,5.44,0
FrontS69990,-3.6112,26.3113,1.708e-16,1.740e-16,1.270e-16,0.0013,5.87,0
FrontS69991,-3.8281,26.3678,3.093e-11,2.245e-11,8.588e-12,0.0006,6.14,0
FrontS69992,-3.9181,25.7262,1.003e-20,2.149e-20,7.621e-20,0.0012,6.68,0
FrontS69993,-3.4084,26.0444,2.140e-17,2.621e-17,2.855e-17,0.0017,6.25,0
FrontS69994,-3.9864,27.1049,9.078e-20,1.851e-19,5.748e-19,0.0014,4.78,0
FrontS69995,-2.7841,26.5132,3.473e-15,2.899e-15,1.418e-15,0.0009,4.88,0
FrontS69996,-3.2374,26.7477,3.892e-15,1.016e-14,5.463e-14,0.0011,4.45,0
FrontS69997,-3.6726,26.0838,1.088e-19,7.578e-20,2.707e-20,0.001,6.5,0
FrontS69998,-4.4030,26.0198,2.085e-16,2.036e-16,1.405e-16,0.0011,6.41,0
FrontS70000,-4.0931,26.1394,9.842e-18,1.339e-17,1.829e-17,0.0019,6.7,0
FrontS70001,-3.1598,26.1670,3.485e-20,7.310e-20,2.396e-19,0.0015,5.69,0
FrontS70002,-3.7832,26.0384,4.066e-17,4.974e-17,5.436e-17,0.0011,6.53,0
FrontS70003,-4.0611,26.9015,1.030e-15,9.422e-16,5.406e-16,0.0009,5.18,0
FrontS70004,-4.1219,26.1512,5.813e-15,4.732e-15,2.288e-15,0.0001,6.62,0
FrontS70006,-4.0759,26.7399,1.883e-17,2.267e-17,2.317e-17,0.0018,5.74,0
FrontS70007,-3.1463,26.0755,1.796e-17,2.274e-17,2.633e-17,0.0009,5.95,0
FrontS70008,-3.3331,26.7877,7.925e-18,1.124e-17,1.662e-17,0.0008,4.92,0
FrontS70009,-3.6528,26.8289,3.298e-17,3.975e-17,4.274e-17,0.0004,4.48,0
FrontS70010,-3.2725,26.6994,7.393e-18,1.030e-17,1.524e-17,0.0018,4.78,0
FrontS70011,-4.0031,27.3250,2.169e-15,1.836e-15,9.717e-16,0.0017,4.95,0
FrontS70012,-2.9887,27.0801,5.437e-16,4.973e-16,3.086e-16,0.0014,4.68,0
FrontS70013,-3.9921,26.9716,4.932e-16,1.253e-15,6.190e-15,0.0014,5.27,0
FrontS70014,-3.6260,25.7489,1.751e-19,3.111e-19,7.138e-19,0.0016,6.26,0
FrontS70015,-3.9709,26.1199,1.481e-11,1.061e-11,3.919e-12,0.0015,6.56,0
FrontS70016,-3.9510,26.5697,1.045e-15,9.088e-16,5.126e-16,0.0016,6.58,0
FrontS70017,-3.4399,27.4320,4.233e-11,3.638e-11,1.977e-11,0.0011,4.54,1
FrontS70018,-3.5157,26.3374,3.169e-11,2.154e-11,7.528e-12,0.0009,5.81,0
FrontS70019,-3.0576,26.6707,1.782e-20,3.557e-20,1.114e-19,0.0011,4.46,0
FrontS70020,-3.5473,26.4381,1.042e-15,9.794e-16,6.251e-16,0.0004,6.05,0
FrontS70021,-3.8852,27.2550,8.762e-19,1.407e-18,2.612e-18,0.001,4.53,0
FrontS70023,-3.0144,27.0530,1.721e-16,1.735e-16,1.222e-16,0.0011,4.48,0
FrontS70024,-3.9349,26.9715,4.201e-20,9.638e-20,3.692e-19,-0.0001,5.03,0
FrontS70025,-3.6808,25.6238,2.019e-18,3.134e-18,5.458e-18,0.0012,6.64,0
FrontS70026,-4.0730,26.9944,3.609e-19,6.365e-19,1.483e-18,0.0004,5.11,0
FrontS70028,-2.9813,27.4075,5.661e-16,5.284e-16,3.284e-16,0.0009,4.64,0
FrontS70029,-3.6947,27.0937,7.907e-17,8.921e-17,7.870e-17,0.0011,4.69,0
FrontS70030,-3.1251,26.1020,1.348e-14,1.052e-14,4.741e-15,0.0013,5.83,1
FrontS70031,-3.7334,27.4019,1.360e-20,2.993e-20,1.096e-19,0.0016,4.61,0
FrontS70032,-2.9986,27.3927,2.779e-19,5.045e-19,1.231e-18,0.0013,4.44,0
FrontS70033,-3.5306,27.5814,1.147e-19,7.989e-20,2.791e-20,0.0002,4.48,0
FrontS70034,-3.8042,25.6351,1.145e-19,7.906e-20,2.753e-20,0.0018,6.63,0
FrontS70035,-3.4968,26.7025,2.409e-20,4.696e-20,1.339e-19,0.0008,4.44,0
FrontS70036,-3.6575,25.7329,4.684e-20,1.022e-19,3.714e-19,0.0003,6.22,0
FrontS70037,-2.9048,25.7905,4.245e-17,5.374e-17,6.082e-17,0.0008,5.97,0
FrontS70038,-3.7854,27.5466,6.091e-20,1.211e-19,3.639e-19,0.0018,4.33,0
FrontS70039,-3.1908,27.0243,2.294e-19,4.268e-19,1.106e-18,0.0009,4.6,0
FrontS70040,-3.5014,25.9966,4.203e-15,3.384e-15,1.583e-15,0.0014,6.55,0
FrontS70041,-3.0676,27.2618,2.393e-16,2.389e-16,1.764e-16,0.0009,4.47,0
FrontS70044,-4.3170,26.0415,8.770e-17,9.116e-17,7.216e-17,0.0011,6.11,0
FrontS70045,-3.2935,26.7247,1.513e-19,1.010e-19,3.288e-20,0.002,4.93,0
FrontS70046,-4.5255,26.9274,9.891e-18,1.236e-17,1.422e-17,0.0011,5.7,0
FrontS70047,-3.8835,26.1132,6.820e-17,8.113e-17,8.474e-17,0.0014,6.4,0
FrontS70048,-3.9458,27.1088,8.056e-18,1.072e-17,1.448e-17,0.0012,4.92,0
FrontS70049,-3.5498,26.1354,3.533e-18,5.037e-18,7.710e-18,0.0008,6.39,0
FrontS70052,-3.6848,26.6189,6.634e-17,7.248e-17,6.254e-17,0.0011,5.35,0
FrontS70053,-3.5090,26.1855,7.618e-18,1.010e-17,1.244e-17,0.0019,6.03,0
FrontS70054,-4.2252,26.4130,1.296e-17,1.735e-17,2.313e-17,0.0008,6.45,0
FrontS70055,-4.1224,27.1709,3.291e-16,3.269e-16,2.252e-16,0.0013,4.79,0
FrontS70056,-3.7303,26.9008,5.725e-16,5.216e-16,3.207e-16,0.0011,4.96,0
FrontS70057,-4.1069,27.1302,2.133e-18,3.032e-18,4.653e-18,0.0006,4.65,0
FrontS70058,-4.0046,26.9670,1.335e-15,2.248e-15,4.885e-15,0.0003,5.2,0
FrontS70059,-2.5221,27.1192,1.453e-15,2.034e-15,2.906e-15,0.0014,4.91,0
FrontS70060,-2.8096,26.4736,4.418e-20,8.313e-20,2.240e-19,0.0017,4.72,0
FrontS70061,-4.1035,26.3959,5.580e-20,1.236e-19,4.597e-19,0.0007,6.32,0
FrontS70062,-4.2293,24.9023,9.671e-17,1.033e-16,8.828e-17,0.0015,6.58,0
FrontS70063,-2.9827,27.3380,8.802e-17,1.032e-16,9.886e-17,0.0012,4.67,0
FrontS70064,-3.2783,25.9738,1.348e-18,2.117e-18,3.883e-18,0.0014,6.3,0
FrontS70065,-4.4745,27.2330,1.709e-15,1.527e-15,8.811e-16,-0.0002,5.18,0
FrontS70067,-4.1477,26.6644,1.431e-19,9.680e-20,3.187e-20,0.0013,6.5,0
FrontS70068,-2.8335,26.4335,3.576e-16,3.273e-16,2.001e-16,0.0013,5.05,0
FrontS70069,-3.6313,27.2454,4.696e-17,5.308e-17,4.955e-17,0.0017,4.75,0
FrontS70070,-3.5836,26.6361,3.403e-16,6.030e-16,1.427e-15,0.001,5.34,0
FrontS70071,-3.6098,26.4635,3.693e-11,2.714e-11,1.019e-11,0.0015,5.87,0
FrontS70072,-3.0643,26.1929,8.181e-17,8.960e-17,7.969e-17,0.0008,5.89,0
FrontS70073,-3.4676,26.9778,2.724e-18,4.063e-18,6.518e-18,0.0005,4.71,0
FrontS70074,-3.9332,27.1889,5.771e-19,9.405e-19,1.843e-18,0.0006,4.88,0
FrontS70075,-3.9268,26.0153,1.163e-17,1.509e-17,1.782e-17,0.0012,6.64,0
FrontS70076,-3.7913,26.1128,1.964e-15,1.659e-15,8.596e-16,-0.0004,6.5,0
FrontS70077,-3.6581,26.0687,2.127e-19,4.067e-19,1.123e-18,0.0014,6.05,0
FrontS70078,-4.2399,27.0684,1.988e-19,3.619e-19,8.778e-19,0.0005,5.4,0
FrontS70079,-3.4399,26.6345,2.585e-19,4.604e-19,1.109e-18,0.0006,5.22,0
FrontS70080,-4.2942,26.0200,2.859e-15,6.744e-15,2.908e-14,0.0003,6.73,0
FrontS70081,-2.9795,26.3657,3.285e-16,3.184e-16,2.202e-16,0.0006,5.26,0
FrontS70082,-3.2040,26.9090,4.311e-16,4.278e-16,2.986e-16,0.0007,4.45,0
FrontS70084,-3.4515,27.3129,7.005e-20,5.171e-20,2.074e-20,0.0017,4.79,0
FrontS70085,-3.1543,26.4259,1.027e-15,9.114e-16,5.159e-16,0.0009,5.42,0
FrontS70086,-3.1759,27.1973,8.027e-19,1.369e-18,2.988e-18,0.001,4.37,0
FrontS70087,-3.8746,26.2183,1.160e-17,1.525e-17,1.995e-17,0.0014,6.62,0
FrontS70088,-3.0687,26.5620,2.327e-18,3.511e-18,5.858e-18,0.0012,5.02,0
FrontS70089,-3.6524,26.9060,1.131e-19,7.794e-20,2.730e-20,0.0012,4.83,0
FrontS70090,-3.7312,25.9900,2.907e-11,2.047e-11,7.167e-12,0.0009,6.57,0
FrontS70091,-3.6997,26.5187,4.264e-11,3.386e-11,1.532e-11,0.0003,6.5,1
FrontS70092,-3.6170,27.1089,1.330e-20,2.983e-20,1.154e-19,0.0006,5.12,0
FrontS70093,-3.1343,26.1916,6.084e-17,6.655e-17,5.800e-17,0.0008,5.66,0
FrontS70094,-3.6186,26.1008,1.045e-16,1.115e-16,8.977e-17,0.0009,6.68,0
FrontS70095,-3.1819,26.2625,3.539e-18,5.329e-18,8.532e-18,0.0006,5.64,0
FrontS70096,-3.1931,26.7161,1.160e-19,8.029e-20,2.786e-20,0.0006,4.44,0
FrontS70098,-3.5762,27.2076,1.865e-19,1.203e-19,3.747e-20,0.0003,4.64,0
FrontS70099,-3.2163,26.9255,6.589e-16,6.343e-16,4.371e-16,0.001,5.06,0
FrontS70101,-3.7142,26.5021,1.605e-15,1.356e-15,7.155e-16,0.0006,5.64,0
FrontS70102,-3.8504,26.8058,2.569e-20,6.253e-20,2.837e-19,0.0001,5.29,0
FrontS70103,-3.0661,26.7091,2.010e-17,2.479e-17,2.781e-17,0.0006,5.0,0
FrontS70105,-3.1677,26.7623,1.399e-20,3.455e-20,1.640e-19,0.0009,4.86,0
FrontS70106,-4.3640,26.1921,1.668e-16,1.809e-16,1.578e-16,0.0013,6.71,0
FrontS70107,-3.6440,26.4252,3.517e-18,4.948e-18,7.270e-18,0.0013,5.91,0
FrontS70108,-3.7441,27.4395,2.505e-17,2.916e-17,2.788e-17,0.0009,4.78,0
FrontS70109,-3.7911,26.8355,3.435e-15,2.733e-15,1.275e-15,0.0012,4.81,0
FrontS70110,-4.1186,26.4651,1.456e-16,1.440e-16,9.857e-17,0.0012,6.24,0
FrontS70111,-3.3943,26.6211,7.225e-16,6.753e-16,4.251e-16,0.0014,5.21,0
FrontS70112,-3.3039,27.2863,6.341e-16,1.035e-15,2.098e-15,0.0017,4.34,0
FrontS70113,-3.3702,26.3168,6.826e-16,6.288e-16,3.863e-16,0.0011,5.59,0
FrontS70114,-3.4832,25.9928,2.964e-18,4.367e-18,6.873e-18,0.0005,6.26,0
FrontS70115,-3.0491,27.3466,3.230e-15,2.662e-15,1.288e-15,0.0013,4.48,0
FrontS70116,-3.0988,25.2818,3.566e-16,3.491e-16,2.419e-16,0.0007,6.36,0
FrontS70117,-3.3279,26.0461,2.974e-16,2.916e-16,2.082e-16,0.0015,6.22,0
FrontS70118,-3.8754,26.7967,6.147e-17,6.679e-17,5.815e-17,0.0004,5.36,0
FrontS70119,-3.3006,26.2251,1.430e-19,2.896e-19,9.178e-19,0.001,6.63,0
FrontS70120,-3.5722,26.2156,8.280e-16,1.566e-15,4.139e-15,0.0009,6.05,0
FrontS70121,-3.8176,26.1371,3.616e-19,6.434e-19,1.535e-18,0.0009,6.66,0
FrontS70122,-3.9696,26.5550,3.174e-18,4.804e-18,7.948e-18,0.0009,5.88,0
FrontS70123,-3.1340,26.2991,3.042e-16,2.976e-16,2.024e-16,0.0012,5.5,0
FrontS70124,-3.6651,26.4000,2.325e-19,4.308e-19,1.122e-18,0.0001,6.2,0
FrontS70125,-3.7247,25.9043,2.906e-17,3.345e-17,3.194e-17,0.0003,6.5,0
FrontS70126,-4.2741,25.9243,4.055e-16,3.754e-16,2.230e-16,0.0008,6.51,0
FrontS70127,-3.6252,26.5894,2.291e-17,2.953e-17,3.526e-17,0.002,4.63,0
FrontS70129,-3.5821,27.1606,1.300e-15,1.161e-15,6.485e-16,0.0011,4.69,0
FrontS70130,-3.8437,25.9993,5.292e-17,5.748e-17,4.970e-17,0.0011,6.42,0
FrontS70132,-3.8154,26.9391,3.086e-16,3.062e-16,2.181e-16,0.0007,5.23,0
FrontS70134,-4.2135,26.0543,3.101e-11,2.126e-11,7.328e-12,0.001,6.63,0
FrontS70135,-2.9321,26.5298,5.015e-15,4.060e-15,1.953e-15,0.002,5.03,0
FrontS70136,-3.7655,26.8288,1.110e-15,9.593e-16,5.182e-16,0.0016,4.94,0
FrontS70137,-3.7031,26.7555,5.417e-11,4.148e-11,1.763e-11,0.0008,4.66,1
FrontS70139,-3.9144,27.1606,3.060e-15,2.693e-15,1.453e-15,0.0001,4.38,0
FrontS70140,-3.7266,25.7715,5.730e-18,8.462e-18,1.316e-17,0.0004,6.64,0
FrontS70141,-3.4323,26.1671,7.925e-16,7.042e-16,4.014e-16,0.0014,6.68,0
FrontS70143,-3.6626,27.0170,1.057e-20,2.544e-20,1.167e-19,0.001,4.64,0
FrontS70144,-4.1621,27.2988,5.126e-12,3.409e-12,1.081e-12,0.0013,4.95,0
FrontS70145,-3.7038,25.5990,3.282e-16,3.406e-16,2.581e-16,0.0014,6.64,0
FrontS70146,-3.7666,26.1011,1.032e-15,2.297e-15,8.581e-15,0.0006,6.46,0
FrontS70149,-3.3446,27.7832,5.859e-16,1.138e-15,3.113e-15,0.0015,4.41,0
FrontS70150,-4.1192,26.3008,6.183e-19,1.068e-18,2.377e-18,0.001,6.64,0
FrontS70152,-3.8883,26.6646,2.104e-17,2.638e-17,2.981e-17,0.0004,6.17,0
FrontS70153,-3.7871,26.6191,8.990e-16,8.205e-16,4.922e-16,0.0014,5.72,0
FrontS70154,-3.7748,25.9638,3.958e-15,3.295e-15,1.591e-15,-0.0003,6.58,0
FrontS70157,-3.4218,26.1877,9.321e-18,1.278e-17,1.781e-17,0.0007,6.3,0
FrontS70158,-4.7184,27.0048,2.596e-20,2.202e-20,1.117e-20,0.0001,5.77,0
FrontS70159,-4.1909,25.6544,4.863e-16,4.619e-16,3.063e-16,0.0012,6.56,0
FrontS70160,-3.7930,26.3818,2.168e-20,4.333e-20,1.307e-19,0.0007,5.83,0
FrontS70161,-3.9690,26.4973,6.670e-18,8.721e-18,1.117e-17,0.0024,6.35,0
FrontS70162,-4.3864,26.6908,3.910e-19,6.604e-19,1.412e-18,0.0007,5.77,0
FrontS70163,-3.5519,26.2523,1.052e-19,7.276e-20,2.592e-20,0.0005,6.59,0
FrontS70164,-3.6592,25.8478,1.243e-15,2.778e-15,1.082e-14,0.0014,6.64,0
FrontS70165,-3.1442,27.0397,1.758e-16,1.755e-16,1.295e-16,0.0016,4.83,0
FrontS70166,-3.2929,26.7359,1.143e-19,2.285e-19,6.913e-19,0.0012,4.82,0
FrontS70168,-4.2702,25.9287,7.617e-16,6.815e-16,3.880e-16,0.0011,6.62,0
FrontS70170,-4.1499,26.3805,2.450e-16,2.406e-16,1.684e-16,0.0011,6.04,0
FrontS70172,-3.1806,26.7214,1.086e-17,1.414e-17,1.753e-17,0.0013,4.98,0
FrontS70173,-3.9350,26.5011,3.609e-20,7.514e-20,2.580e-19,0.0009,5.82,0
FrontS70175,-2.8406,27.0792,4.704e-15,3.771e-15,1.743e-15,0.0021,4.73,0
FrontS70176,-4.0998,26.3447,1.613e-15,2.512e-15,4.284e-15,0.0005,6.13,0
FrontS70177,-4.2459,25.9764,2.478e-15,4.312e-15,9.904e-15,0.0005,6.58,0
FrontS70179,-4.5739,26.1386,4.410e-17,5.247e-17,5.258e-17,0.0014,6.24,0
FrontS70180,-3.1811,26.7175,1.067e-19,7.423e-20,2.681e-20,0.0004,5.06,0
FrontS70181,-4.2615,25.9625,6.088e-18,8.217e-18,1.118e-17,0.0013,6.46,0
FrontS70182,-4.1855,26.2979,1.363e-20,3.279e-20,1.467e-19,0.0009,6.31,0
FrontS70183,-3.1785,26.8432,1.774e-20,4.175e-20,1.788e-19,0.0014,4.67,0
FrontS70184,-3.0202,27.0200,2.392e-17,3.068e-17,3.605e-17,0.0009,4.61,0
FrontS70185,-4.1201,26.4026,3.302e-20,7.333e-20,2.798e-19,0.0013,6.21,0
FrontS70186,-2.5758,27.2276,1.096e-17,1.456e-17,1.857e-17,0.0013,4.78,0
FrontS70187,-4.2396,26.4295,8.739e-16,1.240e-15,1.843e-15,0.0016,6.07,0
FrontS70190,-3.4076,26.9100,6.200e-16,1.071e-15,2.317e-15,0.0016,4.46,0
FrontS70191,-3.1958,26.9225,1.628e-15,3.134e-15,8.831e-15,0.0018,4.7,0
FrontS70192,-4.1198,26.2235,6.430e-17,7.134e-17,6.409e-17,0.0004,6.44,0
FrontS70193,-4.2631,25.9971,1.296e-15,2.534e-15,7.210e-15,0.0013,6.47,0
FrontS70194,-4.5296,25.8809,2.956e-20,6.314e-20,2.198e-19,0.0008,6.29,0
FrontS70195,-3.0796,27.0705,3.724e-19,6.738e-19,1.708e-18,0.0009,4.73,0
FrontS70196,-3.1556,26.5376,6.222e-19,9.974e-19,1.966e-18,0.0015,5.21,0
FrontS70197,-4.3400,26.2850,5.760e-20,1.218e-19,4.264e-19,0.001,6.21,0
FrontS70199,-3.0193,27.0263,8.820e-18,1.186e-17,1.566e-17,0.0019,4.8,0
FrontS70200,-3.3495,27.0693,2.437e-15,4.064e-15,8.138e-15,0.0012,4.6,0
FrontS70201,-4.0256,25.9038,1.034e-17,1.336e-17,1.623e-17,0.0016,6.65,0
FrontS70202,-4.6559,25.9544,6.347e-20,1.313e-19,4.403e-19,0.0018,6.39,0
FrontS70203,-2.8399,26.8541,5.236e-16,4.845e-16,2.987e-16,0.0015,4.83,0
FrontS70204,-4.2690,25.9449,2.597e-16,2.578e-16,1.829e-16,0.0006,6.42,0
FrontS70205,-4.4450,26.0264,1.613e-18,2.498e-18,4.366e-18,0.0014,6.43,0
FrontS70206,-4.5046,25.6734,7.329e-20,1.509e-19,4.987e-19,0.001,6.4,0
FrontS70207,-2.9411,26.8620,9.948e-16,1.565e-15,2.830e-15,0.0005,4.83,0
FrontS70209,-2.6697,26.9234,1.629e-15,1.445e-15,8.118e-16,0.0011,4.98,0
FrontS70210,-3.0798,26.9704,4.526e-15,3.813e-15,1.980e-15,0.0012,4.76,0
FrontS70211,-4.1159,25.9576,6.005e-16,5.658e-16,3.751e-16,0.0012,6.48,0
FrontS70212,-4.2815,26.3087,3.582e-17,4.143e-17,4.091e-17,0.0013,6.21,1
FrontS70213,-3.0643,27.0232,2.680e-17,3.290e-17,3.648e-17,0.0009,4.61,0
FrontS70214,-4.4691,25.9448,2.083e-16,1.959e-16,1.243e-16,0.0004,6.37,0
FrontS70215,-4.0832,26.2624,2.715e-15,2.335e-15,1.220e-15,0.0005,6.08,0
FrontS70216,-4.5104,25.7378,5.573e-11,4.207e-11,1.699e-11,0.0007,6.32,0
FrontS70217,-2.6292,27.1809,7.299e-19,1.194e-18,2.371e-18,0.0008,4.71,0
FrontS70218,-2.8738,27.0690,4.945e-11,3.541e-11,1.354e-11,0.0021,4.84,0
FrontS70219,-4.4361,25.7283,5.903e-16,1.178e-15,3.685e-15,0.0015,6.46,0
FrontS70220,-2.9165,26.9329,8.544e-16,1.327e-15,2.323e-15,0.0003,4.84,0
FrontS70221,-2.6164,27.0341,1.787e-16,1.780e-16,1.294e-16,0.0005,4.88,0
FrontS70224,-2.9834,26.8737,2.687e-18,3.852e-18,5.828e-18,0.0015,4.89,0
FrontS70225,-4.2400,26.1179,3.487e-17,4.135e-17,4.360e-17,0.0013,6.38,0
FrontS70226,-4.4419,26.1280,4.864e-18,6.944e-18,1.079e-17,0.0011,6.24,0
FrontS70227,-2.6853,27.0382,8.767e-17,9.368e-17,7.728e-17,0.0009,4.93,0
FrontS70228,-2.6703,27.0216,3.915e-20,7.615e-20,2.084e-19,0.0018,4.83,0
FrontS70229,-2.8497,27.4164,1.962e-20,4.768e-20,2.149e-19,0.0005,4.77,0
FrontS70230,-4.6068,26.2697,5.976e-16,5.546e-16,3.399e-16,0.0012,6.29,0
FrontS70231,-2.8218,27.1642,1.619e-16,1.707e-16,1.374e-16,0.0007,4.61,0
FrontS70234,-2.9655,26.9699,6.624e-17,7.135e-17,6.029e-17,0.0014,4.74,0
FrontS70235,-4.6754,25.8227,6.392e-16,5.728e-16,3.299e-16,0.0012,6.27,0
FrontS70236,-4.2234,25.9257,6.416e-18,8.398e-18,1.062e-17,0.0013,6.49,0
FrontS70237,-4.3573,26.0767,1.986e-11,1.360e-11,4.494e-12,0.0004,6.38,0
FrontS70238,-4.3116,25.9559,2.436e-15,2.112e-15,1.131e-15,0.001,6.55,0
FrontS70239,-4.3625,26.0969,2.660e-20,6.085e-20,2.381e-19,0.0011,6.45,0
FrontS70240,-4.3813,25.9326,1.097e-17,1.419e-17,1.820e-17,0.0012,6.39,0
FrontS70241,-4.1660,26.0887,3.464e-11,2.502e-11,9.533e-12,0.0001,6.41,0
FrontS70242,-4.3420,26.1610,9.284e-20,1.793e-19,4.944e-19,0.0008,6.28,0
FrontS70243,-4.1469,26.0249,1.310e-19,8.872e-20,3.023e-20,0.0001,6.73,0
FrontS70245,-2.6727,27.2428,3.560e-17,4.295e-17,4.593e-17,0.0009,5.0,0
FrontS70246,-4.5829,25.6692,3.568e-11,2.576e-11,9.526e-12,0.0021,6.34,0
FrontS70247,-4.6054,26.1667,2.382e-18,3.682e-18,6.273e-18,0.0013,6.16,0
FrontS70248,-2.7624,27.0860,2.176e-19,3.832e-19,9.073e-19,0.0006,4.86,0
FrontS70249,-4.3840,26.1504,5.486e-17,6.112e-17,5.647e-17,0.001,6.26,0
FrontS70250,-2.5677,27.1225,5.336e-17,6.063e-17,5.596e-17,0.0018,4.87,0
FrontS70251,-4.4176,26.0398,6.882e-16,1.270e-15,3.376e-15,0.001,6.34,0
FrontS70252,-4.3988,25.9347,2.456e-11,1.776e-11,6.694e-12,0.001,6.43,0
FrontS70253,-4.6097,25.9253,1.450e-17,1.816e-17,2.128e-17,0.0011,6.17,0
FrontS70254,-4.4842,26.0494,7.277e-17,8.199e-17,7.828e-17,0.0009,6.13,0
FrontS70255,-2.5335,27.1701,6.725e-15,5.252e-15,2.307e-15,0.0016,4.81,1
FrontS70256,-2.6604,26.9532,1.502e-19,2.909e-19,8.067e-19,0.0013,4.97,0
FrontS70257,-2.4526,27.5106,1.005e-19,2.133e-19,7.403e-19,0.0011,4.69,0
FrontS70258,-2.7738,27.0195,2.688e-20,5.990e-20,2.266e-19,0.0022,4.84,0
FrontS70259,-2.7038,27.1933,1.242e-15,1.138e-15,6.997e-16,0.0012,4.76,0
FrontS70260,-2.7915,26.8946,6.444e-20,1.427e-19,5.281e-19,0.0014,4.94,0
FrontS70261,-4.6439,25.8195,4.634e-17,5.461e-17,5.374e-17,0.0009,6.38,0
FrontS70262,-2.5481,27.3969,1.309e-19,8.950e-20,3.015e-20,0.0012,4.7,0
FrontS70263,-2.8637,27.0743,1.096e-19,7.582e-20,2.660e-20,0.0021,4.87,0
FrontS70264,-4.5867,25.8218,3.101e-17,3.707e-17,3.749e-17,0.0007,6.28,0
FrontS70266,-4.7508,25.8069,1.145e-19,1.901e-19,3.926e-19,0.0011,6.3,0
FrontS70267,-4.7045,25.9965,1.440e-16,1.585e-16,1.383e-16,-0.0002,6.19,0
FrontS70268,-2.7461,27.0177,2.248e-19,4.134e-19,1.059e-18,0.0005,4.8,0
FrontS70269,-2.7249,27.1832,2.536e-18,3.930e-18,6.996e-18,0.0009,4.84,0
FrontS70270,-2.6399,27.3610,5.704e-18,7.973e-18,1.120e-17,0.0002,4.77,0
FrontS70271,-2.7485,26.6013,6.577e-20,1.393e-19,4.698e-19,0.0007,5.13,0
FrontS70272,-4.9614,26.0093,1.432e-16,1.448e-16,1.041e-16,0.0013,6.2,0
FrontS70273,-4.5469,26.0608,1.053e-15,9.287e-16,5.216e-16,0.0008,6.07,0
FrontS70274,-4.4325,26.3252,8.303e-19,1.352e-18,2.696e-18,0.0019,6.17,0
FrontS70275,-2.5315,27.4732,1.482e-19,9.965e-20,3.306e-20,0.0007,4.68,0
FrontS70276,-4.7419,25.8504,2.023e-11,1.393e-11,4.803e-12,0.0019,6.23,0
FrontS70277,-4.4504,26.1949,3.212e-20,7.624e-20,3.289e-19,0.0001,6.07,0
FrontS70278,-2.4349,27.2316,1.502e-18,2.468e-18,4.968e-18,0.0008,4.84,0
FrontS70280,-4.7501,25.5896,8.823e-16,8.170e-16,5.118e-16,0.0009,6.4,0
FrontS70281,-2.7409,27.2270,9.746e-20,6.877e-20,2.512e-20,0.0004,4.67,0
FrontS70282,-4.5553,25.8564,3.802e-18,5.521e-18,8.501e-18,0.0009,6.35,0
FrontS70283,-2.4039,27.7390,2.310e-19,4.109e-19,9.841e-19,0.0015,4.65,0
FrontS70284,-2.3308,27.3817,4.957e-16,4.824e-16,3.202e-16,0.0008,4.74,0
FrontS70285,-4.5906,25.9119,1.021e-19,7.046e-20,2.505e-20,0.0006,6.26,0
FrontS70286,-2.5615,27.0586,3.611e-18,5.318e-18,8.702e-18,0.0013,4.94,0
FrontS70287,-4.4638,26.2376,2.437e-20,5.468e-20,2.086e-19,0.0005,6.17,0
FrontS70288,-2.6815,27.1814,2.103e-18,3.131e-18,5.152e-18,0.0008,4.8,0
FrontS70289,-2.5360,27.1478,1.634e-15,2.643e-15,5.093e-15,0.0011,4.88,0
FrontS70291,-2.1562,27.4027,1.901e-20,4.194e-20,1.531e-19,0.0017,4.81,0
FrontS70292,-2.3268,27.1430,4.799e-17,5.380e-17,4.968e-17,0.0003,4.86,0
FrontS70293,-4.9398,25.7159,3.386e-20,7.332e-20,2.652e-19,-0.0001,6.34,0
FrontS70294,-2.4449,27.4129,3.164e-11,2.271e-11,8.535e-12,0.001,4.76,0
FrontS70295,-4.8241,26.0385,2.750e-11,1.890e-11,6.594e-12,0.0011,6.19,0
FrontS70296,-4.9685,26.0842,1.225e-17,1.495e-17,1.641e-17,0.001,6.1,0
FrontS70297,-4.8601,25.7195,4.890e-20,3.757e-20,1.590e-20,0.0013,6.35,0
FrontS70298,-4.4500,25.9576,2.141e-20,4.474e-20,1.498e-19,0.0009,6.31,0
FrontS70299,-4.9366,25.7263,1.729e-20,3.571e-20,1.134e-19,0.0004,6.27,0
FrontS70300,-4.5652,26.1116,1.249e-19,8.479e-20,2.834e-20,0.0012,6.33,0
FrontS70301,-2.5048,27.5840,2.447e-11,1.664e-11,5.715e-12,0.0012,4.86,0
FrontS70302,-2.3632,27.3824,6.700e-19,1.133e-18,2.316e-18,0.0002,4.82,0
FrontS70303,-2.4184,27.1567,1.944e-17,2.540e-17,3.183e-17,0.0002,4.88,0
FrontS70306,-4.9744,25.8914,6.042e-17,6.707e-17,5.980e-17,0.0014,6.28,0
FrontS70307,-4.8306,26.0454,5.671e-17,6.392e-17,5.951e-17,0.0006,6.2,0
FrontS70308,-5.0039,25.6132,4.025e-19,7.563e-19,1.943e-18,0.0,6.33,0
FrontS70309,-4.6347,25.6950,6.940e-11,5.413e-11,2.372e-11,0.0014,6.22,1
FrontS70310,-5.0844,25.6275,1.817e-20,4.297e-20,1.885e-19,0.0013,6.27,0
FrontS70311,-4.6956,25.7928,7.531e-19,1.244e-18,2.557e-18,0.0007,6.29,0
FrontS70312,-1.9826,27.1906,3.210e-20,7.494e-20,3.144e-19,0.0008,4.95,0
FrontS70313,-4.9250,26.2120,8.494e-18,1.160e-17,1.584e-17,0.0003,6.12,0
FrontS70314,-4.5315,25.6803,1.377e-20,3.484e-20,1.731e-19,0.0012,6.34,0
FrontS70315,-2.3155,27.4287,5.799e-20,1.206e-19,3.857e-19,0.0019,4.87,0
FrontS70316,-2.4569,27.2182,5.571e-17,6.603e-17,6.823e-17,0.0011,4.86,0
FrontS70317,-2.2986,27.9363,1.078e-15,9.886e-16,6.058e-16,0.0005,4.71,0
FrontS70318,-1.9891,27.5452,3.444e-20,7.780e-20,3.065e-19,0.0018,4.83,0
FrontS70319,-2.1633,27.5249,1.024e-15,8.893e-16,4.688e-16,0.0015,4.86,0
FrontS70321,-5.0855,25.7314,3.712e-17,4.339e-17,4.254e-17,-0.0002,6.24,0
FrontS70322,-2.2694,27.2139,1.314e-19,8.923e-20,2.995e-20,0.0008,4.91,0
FrontS70323,-4.9685,25.6807,1.063e-15,9.662e-16,5.579e-16,0.0009,6.12,0
FrontS70324,-4.9367,26.0608,7.918e-20,1.591e-19,4.716e-19,0.0014,6.13,0
FrontS70325,-2.3273,27.5598,6.861e-19,1.149e-18,2.397e-18,0.0023,4.71,0
FrontS70326,-4.9170,25.6013,4.808e-20,1.048e-19,3.851e-19,0.0001,6.29,0
FrontS70327,-2.2903,27.4256,7.747e-20,5.723e-20,2.237e-20,0.0011,4.83,0
FrontS70329,-4.9047,25.4958,2.544e-15,4.032e-15,7.432e-15,0.0019,6.37,0
FrontS70330,-5.2643,25.7549,9.361e-18,1.183e-17,1.450e-17,0.0012,6.11,0
FrontS70331,-2.2556,27.6719,4.048e-11,3.779e-11,2.332e-11,-0.0,4.86,1
FrontS70332,-4.8233,25.8601,1.964e-19,3.476e-19,8.079e-19,0.0013,6.23,0
FrontS70333,-5.1848,25.5153,2.356e-18,3.487e-18,5.528e-18,0.0013,6.12,0
FrontS70334,-4.9967,25.5900,2.374e-16,2.540e-16,2.122e-16,0.0002,6.28,0
FrontS70335,-2.4149,27.4595,1.004e-15,1.468e-15,2.379e-15,0.0006,4.81,0
FrontS70336,-2.2724,27.9024,4.583e-15,3.656e-15,1.688e-15,0.0004,4.81,0
FrontS70337,-4.9843,26.0123,1.354e-16,1.388e-16,1.021e-16,0.001,6.15,0
FrontS70338,-2.2534,27.2830,2.362e-19,4.536e-19,1.284e-18,0.0008,4.84,0
FrontS70339,-5.0297,25.5911,8.305e-16,7.327e-16,4.123e-16,0.0009,6.23,0
FrontS70340,-2.2192,27.6306,3.788e-11,2.805e-11,1.119e-11,0.0017,4.79,0
FrontS70342,-1.9890,27.6014,2.398e-15,2.028e-15,1.088e-15,0.0006,4.87,0
FrontS70343,-5.0014,25.6032,2.491e-18,3.549e-18,5.286e-18,0.0013,6.36,0
FrontS70344,-2.0550,27.8007,2.084e-20,4.456e-20,1.569e-19,-0.0001,4.83,0
FrontS70345,-5.0170,25.6315,6.843e-20,1.402e-19,4.477e-19,-0.0001,6.22,0
FrontS70346,-2.0554,27.9887,3.672e-16,3.735e-16,2.692e-16,0.001,4.79,0
FrontS70347,-1.9834,27.5783,3.550e-15,2.868e-15,1.302e-15,0.0007,4.88,0
FrontS70348,-1.9985,27.7338,1.514e-15,3.143e-15,1.050e-14,0.0019,4.85,0
FrontS70349,-2.2412,27.6414,1.002e-16,1.080e-16,9.111e-17,-0.0002,4.79,0
FrontS70350,-5.2014,25.4826,1.017e-19,2.104e-19,7.074e-19,0.0004,6.26,0
FrontS70351,-5.3142,25.7500,2.547e-20,5.520e-20,1.991e-19,0.0016,6.13,0
FrontS70352,-5.2582,25.6242,2.689e-19,4.897e-19,1.211e-18,0.0005,6.26,0
FrontS70353,-5.3795,25.3994,3.644e-17,4.152e-17,4.056e-17,0.0008,6.2,0
FrontS70355,-2.2194,27.7005,3.456e-17,4.302e-17,4.818e-17,0.0018,4.76,0
FrontS70357,-5.2485,25.6123,1.012e-15,1.951e-15,5.799e-15,0.0018,6.23,0
FrontS70358,-1.9718,27.6500,2.801e-15,2.308e-15,1.107e-15,0.0004,4.82,0
FrontS70359,-2.0760,27.6015,1.091e-16,1.139e-16,9.051e-17,0.0013,4.86,0
FrontS70360,-1.8928,27.6728,6.501e-18,9.038e-18,1.276e-17,-0.0,4.85,0
FrontS70361,-5.4559,25.6428,1.694e-19,3.286e-19,9.543e-19,0.0008,6.15,0
FrontS70362,-3.6729,26.5846,4.739e-16,4.282e-16,2.548e-16,0.0008,3.01,0
FrontS70363,-3.6735,26.5847,1.909e-15,2.893e-15,4.860e-15,0.0012,2.12,0
FrontS70364,-3.6710,26.5837,2.664e-14,1.948e-14,7.632e-15,0.0002,3.69,0
FrontS70365,-3.6710,26.5801,1.796e-16,1.854e-16,1.414e-16,0.0016,9.05,0
FrontS70366,-3.6756,26.5837,5.648e-14,4.239e-14,1.680e-14,0.0004,6.17,0
FrontS70367,-3.6766,26.5821,7.407e-17,7.668e-17,6.004e-17,0.001,9.29,0
FrontS70368,-3.6746,26.5825,2.168e-14,1.589e-14,5.978e-15,0.0017,8.81,0
FrontS70369,-3.6728,26.5838,3.155e-14,2.302e-14,8.975e-15,0.0009,3.56,0
FrontS70370,-3.6734,26.5831,2.748e-15,6.688e-15,3.153e-14,0.0004,5.29,0
FrontS70371,-5.3317,25.3819,2.795e-14,1.898e-14,6.551e-15,0.0018,6.17,0
FrontS70372,-5.4085,25.2861,1.041e-14,7.687e-15,3.078e-15,0.0012,6.27,0
FrontS70373,-5.3163,25.4007,2.036e-13,1.397e-13,4.653e-14,-0.0001,6.2,0
FrontS70374,-5.3403,25.3939,1.795e-15,1.609e-15,9.234e-16,0.0011,6.2,0
FrontS70375,-1.7686,27.8638,8.401e-11,7.135e-11,3.692e-11,0.0004,4.86,1
FrontS70376,-5.3965,25.5024,6.541e-14,4.582e-14,1.636e-14,0.0014,6.17,0
FrontS70377,-5.3298,25.5299,3.282e-16,3.366e-16,2.530e-16,0.0011,6.18,0
FrontS70378,-1.8493,27.7213,8.971e-14,6.436e-14,2.445e-14,0.0012,4.94,1
FrontS70379,-1.7777,27.6768,2.813e-15,2.242e-15,1.044e-15,0.0009,4.93,0
FrontS70380,-5.3144,25.6579,5.186e-15,4.054e-15,1.774e-15,0.0021,6.12,1
FrontS70381,-5.2988,25.6498,5.841e-15,4.765e-15,2.265e-15,0.0003,6.17,0
FrontS70382,-1.7965,27.5473,5.157e-15,4.245e-15,2.018e-15,0.0013,4.87,0
FrontS70383,-5.4806,25.6053,1.292e-13,9.074e-14,3.274e-14,0.001,6.16,0
FrontS70384,-5.5139,25.6877,3.875e-14,2.750e-14,1.031e-14,0.0005,6.12,0
FrontS70385,-1.8169,27.4511,6.082e-11,4.597e-11,1.881e-11,0.0013,4.97,1
FrontS70386,-1.7399,27.4573,1.175e-14,9.131e-15,4.132e-15,0.0008,4.95,1
FrontS70387,-1.7387,27.4108,2.274e-15,1.885e-15,9.275e-16,0.0009,4.92,0
FrontS70388,-5.3455,25.9635,1.015e-13,6.932e-14,2.407e-14,0.002,6.06,0
FrontS70389,-1.6771,27.3413,8.689e-14,6.142e-14,2.203e-14,0.0014,4.99,0
FrontS70390,-1.6829,27.2151,2.576e-13,1.721e-13,5.572e-14,0.0004,4.99,0
FrontS70391,-5.5781,25.9597,5.373e-16,1.118e-15,3.644e-15,0.0008,5.98,0
FrontS70392,-5.4792,26.0345,6.890e-15,5.313e-15,2.182e-15,0.0002,5.99,1
FrontS70393,-1.6134,27.2181,3.237e-11,2.595e-11,1.210e-11,0.0007,4.99,1
FrontS70394,-5.4670,26.1648,4.176e-12,2.782e-12,8.745e-13,0.0018,5.9,0
FrontS70395,-1.5868,27.1091,1.151e-16,1.351e-16,1.323e-16,0.0022,4.99,0
FrontS70396,-5.5012,26.2530,1.302e-13,9.119e-14,3.140e-14,0.0007,5.96,0
FrontS70397,-1.6251,27.0449,4.132e-11,2.877e-11,1.008e-11,0.0014,5.01,0
FrontS70398,-5.4651,26.3780,1.633e-14,1.241e-14,5.325e-15,0.0018,5.95,1
FrontS70399,-1.5987,26.8063,1.587e-19,1.081e-19,3.530e-20,0.0005,5.15,0
FrontS70400,-1.7077,26.7299,1.082e-14,8.600e-15,3.938e-15,0.0006,5.16,1
FrontS70401,-1.7399,26.8124,5.278e-14,3.766e-14,1.433e-14,0.0012,5.14,0
FrontS70402,-5.5486,26.5560,1.376e-13,9.332e-14,3.089e-14,0.0003,5.88,0
FrontS70403,-1.6713,26.5996,1.668e-16,1.817e-16,1.516e-16,0.001,5.2,0
FrontS70404,-1.7458,26.4847,2.379e-17,2.761e-17,2.694e-17,0.0017,5.18,0
FrontS70405,-5.3889,26.8429,4.094e-14,2.883e-14,1.011e-14,0.0004,5.81,0
FrontS70406,-5.4034,26.9152,2.450e-14,1.863e-14,7.547e-15,0.002,5.7,0
FrontS70407,-5.3953,26.9298,4.507e-15,3.479e-15,1.486e-15,0.001,5.79,0
FrontS70408,-5.4891,26.8480,2.140e-11,1.531e-11,5.697e-12,0.0001,5.88,0
FrontS70409,-5.4615,26.9464,2.426e-14,1.767e-14,6.779e-15,0.0006,5.8,0
FrontS70410,-5.4318,26.9592,5.188e-14,3.808e-14,1.479e-14,0.0016,5.77,0
FrontS70411,-1.9670,26.1937,2.215e-13,1.512e-13,5.162e-14,0.0017,5.31,0
FrontS70412,-1.7701,25.8236,4.476e-11,4.333e-11,2.885e-11,-0.0001,5.38,1
FrontS70413,-1.8867,25.8215,5.259e-15,4.404e-15,2.265e-15,0.0011,5.46,0
FrontS70414,-5.4312,27.2328,7.047e-14,5.058e-14,1.988e-14,0.0001,5.71,0
FrontS70415,-1.8666,25.8370,8.374e-17,9.150e-17,7.833e-17,0.0019,5.42,0
FrontS70416,-2.0550,25.7403,3.320e-19,6.091e-19,1.544e-18,0.0006,5.49,0
FrontS70417,-5.3265,27.4752,3.804e-14,2.750e-14,1.028e-14,0.0009,5.66,0
FrontS70418,-1.9554,25.5367,1.972e-14,1.502e-14,6.214e-15,0.0015,5.49,1
FrontS70419,-5.3987,27.5957,7.205e-15,5.854e-15,2.750e-15,0.001,5.61,0
FrontS70420,-1.9383,25.3604,2.677e-14,2.006e-14,7.969e-15,0.0012,5.51,0
FrontS70421,-5.2914,27.6130,1.317e-16,1.442e-16,1.236e-16,0.0015,5.62,0
FrontS70422,-2.0730,25.2321,1.163e-15,1.083e-15,6.851e-16,0.0016,5.61,0
FrontS70423,-5.1960,27.7453,2.771e-11,1.916e-11,6.652e-12,0.0011,5.52,0
FrontS70424,-5.1853,28.0584,7.124e-15,5.567e-15,2.493e-15,0.0009,5.44,1
FrontS70425,-5.1350,28.0467,8.222e-14,5.818e-14,2.098e-14,0.0011,5.47,0
FrontS70426,-5.1710,27.9905,1.934e-14,1.394e-14,5.263e-15,0.0014,5.47,0
FrontS70427,-5.2236,27.9943,4.673e-16,4.357e-16,2.715e-16,0.0007,5.5,0
FrontS70428,-2.1523,24.7294,2.198e-15,1.789e-15,8.552e-16,0.0014,5.81,0
FrontS70429,-2.1951,24.7600,3.894e-14,2.923e-14,1.148e-14,0.0014,5.75,0
FrontS70430,-2.1458,24.7493,9.054e-15,7.024e-15,2.955e-15,0.0016,5.74,1
FrontS70431,-5.0218,28.3887,1.013e-14,7.911e-15,3.435e-15,0.0026,5.36,1
FrontS70432,-2.1972,24.5639,5.891e-14,4.552e-14,1.875e-14,0.0006,5.79,0
FrontS70433,-2.3537,24.4750,4.133e-13,2.819e-13,9.594e-14,0.0017,5.83,0
FrontS70434,-2.3623,24.3193,4.154e-14,2.984e-14,1.102e-14,0.001,5.82,0
FrontS70435,-4.9003,29.0534,6.644e-14,4.817e-14,1.857e-14,0.0008,5.18,0
FrontS70436,-4.8305,28.7886,9.473e-14,6.800e-14,2.585e-14,0.0005,5.27,0
FrontS70437,-2.4180,24.3760,2.004e-16,2.139e-16,1.739e-16,0.0009,5.83,0
FrontS70438,-2.4422,23.9914,8.301e-16,7.467e-16,4.377e-16,0.0012,5.86,0
FrontS70439,-4.6974,28.9938,1.154e-14,8.715e-15,3.630e-15,0.0016,5.12,1
FrontS70440,-4.6432,29.1211,6.552e-14,4.709e-14,1.718e-14,0.0007,5.13,0
FrontS70441,-4.6693,29.0919,2.590e-11,1.859e-11,6.908e-12,0.0,5.25,0
FrontS70442,-4.5813,29.4175,1.464e-13,1.037e-13,3.805e-14,0.0019,5.13,0
FrontS70443,-2.7601,24.0048,2.425e-11,1.655e-11,5.616e-12,0.0023,6.04,0
FrontS70444,-4.4908,29.4888,2.887e-13,2.049e-13,7.259e-14,0.001,5.04,0
FrontS70445,-2.9374,23.6610,5.940e-13,3.960e-13,1.264e-13,0.0009,6.13,0
FrontS70446,-4.3636,29.7541,1.462e-14,1.076e-14,4.086e-15,0.0003,5.04,0
FrontS70447,-3.0300,23.5070,5.699e-15,4.400e-15,1.866e-15,0.0016,6.12,0
FrontS70448,-4.2388,29.9012,5.881e-14,4.253e-14,1.564e-14,0.0022,4.96,0
FrontS70449,-4.2288,29.9855,2.026e-14,1.460e-14,5.463e-15,0.0007,4.96,0
FrontS70450,-3.2435,23.1371,3.096e-14,2.285e-14,8.689e-15,0.0006,6.23,0
FrontS70451,-4.0280,29.8635,4.833e-14,3.500e-14,1.311e-14,0.0012,4.91,0
FrontS70452,-3.3447,23.3452,4.619e-13,3.176e-13,1.042e-13,0.0011,6.16,0
FrontS70453,-3.4014,22.9563,7.785e-16,7.119e-16,4.347e-16,0.0012,6.18,0
FrontS70454,-3.8604,30.2282,5.569e-15,4.286e-15,1.841e-15,0.0005,4.85,1
FrontS70455,-3.7830,30.3562,1.135e-14,8.622e-15,3.755e-15,0.0014,4.85,1
FrontS70456,-3.6794,22.8702,5.829e-16,5.671e-16,3.913e-16,0.0012,6.33,0
FrontS70457,-3.6287,30.3154,1.633e-16,1.671e-16,1.233e-16,0.0017,4.74,0
FrontS70458,-3.7592,22.7844,2.446e-15,2.147e-15,1.144e-15,0.001,6.31,0
FrontS70459,-3.8321,22.9553,6.848e-15,5.420e-15,2.475e-15,0.0009,6.3,1
FrontS70460,-4.0074,23.1473,2.663e-14,1.961e-14,7.777e-15,0.0015,6.36,0
FrontS70461,-3.3255,30.3938,1.167e-14,9.469e-15,4.398e-15,0.0005,4.67,0
FrontS70462,-3.2588,30.8297,4.878e-14,3.584e-14,1.381e-14,0.001,4.78,0
FrontS70463,-3.1108,30.4403,2.658e-14,2.044e-14,8.689e-15,0.0015,4.67,0
FrontS70464,-3.0147,30.6229,5.833e-14,4.253e-14,1.612e-14,0.0004,4.69,0
FrontS70465,-4.4750,22.5497,1.569e-14,1.171e-14,4.778e-15,0.0016,6.42,0
FrontS70466,-4.3878,22.6488,4.563e-14,3.388e-14,1.387e-14,0.001,6.46,0
FrontS70467,-2.7006,30.6051,1.331e-15,1.192e-15,6.830e-16,0.0007,4.6,0
FrontS70468,-2.7187,30.6874,1.161e-19,7.974e-20,2.760e-20,0.0015,4.69,0
FrontS70469,-5.3229,25.8915,8.492e-17,9.029e-17,7.308e-17,0.0012,6.13,0
FrontS70470,-1.8779,27.3351,1.046e-15,2.020e-15,5.766e-15,0.0011,5.0,0
FrontS70471,-2.2531,27.2598,1.273e-19,2.607e-19,8.416e-19,0.0017,4.93,0
FrontS70472,-5.4046,25.8556,1.226e-15,2.068e-15,4.549e-15,0.0012,6.09,0
FrontS70473,-5.2794,26.0231,9.631e-20,2.022e-19,6.988e-19,0.0008,6.05,0
FrontS70474,-1.6860,27.3771,1.366e-14,1.011e-14,4.054e-15,0.0014,5.01,0
FrontS70475,-5.1999,26.2008,3.125e-15,2.497e-15,1.172e-15,0.001,5.94,0
FrontS70476,-1.9202,27.0882,2.121e-14,1.618e-14,6.638e-15,0.0016,5.08,1
FrontS70477,-1.8963,27.0977,2.416e-19,4.549e-19,1.184e-18,0.0008,5.08,0
FrontS70478,-1.7252,27.0043,3.162e-14,2.335e-14,8.993e-15,0.0005,5.05,0
FrontS70479,-5.3212,26.0963,6.366e-17,7.543e-17,7.683e-17,0.0002,6.02,0
FrontS70480,-5.2206,26.3726,9.189e-15,7.238e-15,3.376e-15,0.0011,5.92,1
FrontS70481,-5.5284,26.1551,1.146e-16,1.277e-16,1.114e-16,0.0015,5.98,0
FrontS70482,-5.5164,26.2537,1.025e-15,8.899e-16,4.824e-16,0.0017,5.97,0
FrontS70483,-1.8984,26.9971,4.353e-15,3.790e-15,2.063e-15,0.0011,5.07,0
FrontS70484,-2.1700,26.5479,7.492e-15,5.715e-15,2.373e-15,0.0017,5.23,1
FrontS70485,-5.5957,26.2710,1.873e-11,1.318e-11,4.733e-12,0.001,5.99,0
FrontS70486,-1.8493,26.6938,1.066e-16,1.155e-16,9.598e-17,-0.0005,5.17,0
FrontS70487,-1.9670,26.5244,2.145e-20,4.876e-20,1.910e-19,0.0003,5.21,0
FrontS70488,-2.0042,26.6876,2.829e-18,4.427e-18,8.007e-18,0.0004,5.24,0
FrontS70489,-1.6922,26.7622,6.688e-16,6.295e-16,3.996e-16,0.0011,5.19,0
FrontS70490,-1.7972,26.5686,5.235e-16,4.829e-16,2.967e-16,0.0017,5.15,0
FrontS70491,-2.0140,26.2133,1.824e-16,1.861e-16,1.435e-16,0.0009,5.3,0
FrontS70492,-5.3676,26.6222,2.927e-20,6.462e-20,2.384e-19,0.0011,5.87,0
FrontS70493,-1.9447,26.1739,7.563e-19,1.224e-18,2.409e-18,0.0001,5.35,0
FrontS70494,-5.4680,26.7150,2.698e-17,3.178e-17,3.253e-17,0.0009,5.82,0
FrontS70495,-1.6447,26.4146,2.420e-15,2.027e-15,9.978e-16,0.0009,5.18,0
FrontS70496,-2.0813,26.0476,1.022e-14,8.043e-15,3.550e-15,0.0009,5.45,1
FrontS70497,-5.5108,26.6718,1.571e-19,3.000e-19,8.304e-19,0.0006,5.84,0
FrontS70498,-5.5879,26.9249,1.250e-17,1.586e-17,1.891e-17,0.0009,5.79,0
FrontS70499,-1.8065,25.9607,1.287e-15,1.195e-15,7.385e-16,0.0002,5.38,0
FrontS70500,-5.2746,27.3352,6.677e-17,7.336e-17,6.489e-17,0.0004,5.64,0
FrontS70501,-5.4554,27.1841,1.143e-20,2.426e-20,8.695e-20,0.001,5.63,0
FrontS70502,-1.7205,25.9974,1.838e-20,3.903e-20,1.314e-19,0.0007,5.39,0
FrontS70503,-1.9972,25.7332,2.475e-20,5.565e-20,2.143e-19,0.0008,5.44,0
FrontS70504,-1.8426,25.6398,8.366e-15,6.436e-15,2.755e-15,0.0011,5.46,0
FrontS70505,-1.9378,25.9221,5.461e-19,9.758e-19,2.337e-18,0.0007,5.4,0
FrontS70506,-1.8658,25.5745,7.123e-16,1.332e-15,3.387e-15,0.0004,5.44,0
FrontS70507,-1.9163,25.4499,2.316e-18,3.560e-18,6.090e-18,0.0006,5.59,0
FrontS70508,-5.2514,27.4748,3.464e-14,2.532e-14,9.890e-15,0.0015,5.58,0
FrontS70509,-2.0391,25.7067,3.116e-14,2.348e-14,9.833e-15,0.0012,5.53,1
FrontS70510,-2.1487,25.5772,1.058e-20,2.577e-20,1.185e-19,0.0006,5.46,0
FrontS70511,-1.7709,25.4830,2.092e-19,4.064e-19,1.184e-18,0.0006,5.51,0
FrontS70512,-2.1236,25.0837,2.108e-11,1.457e-11,4.841e-12,0.0005,5.64,0
FrontS70513,-5.1296,28.0573,3.989e-20,8.427e-20,2.870e-19,0.0011,5.42,0
FrontS70514,-5.0325,27.9577,4.799e-14,3.566e-14,1.378e-14,0.0004,5.48,0
FrontS70515,-2.3080,24.9061,9.090e-17,9.529e-17,7.661e-17,0.0015,5.77,0
FrontS70516,-5.1845,28.1801,5.107e-16,4.777e-16,2.962e-16,0.001,5.46,0
FrontS70517,-5.0101,28.2344,1.841e-15,3.627e-15,1.096e-14,0.001,5.42,0
FrontS70518,-2.3110,24.4937,1.557e-14,1.199e-14,5.294e-15,0.0006,5.78,1
FrontS70519,-4.9534,28.3256,3.160e-18,4.647e-18,7.480e-18,0.0011,5.39,0
FrontS70520,-4.8431,28.2894,9.591e-16,1.450e-15,2.391e-15,0.0005,5.32,0
FrontS70521,-2.3255,24.6588,3.370e-19,6.175e-19,1.542e-18,0.0024,5.75,0
FrontS70522,-2.3344,24.4314,5.045e-17,5.573e-17,4.932e-17,0.0012,5.79,0
FrontS70523,-4.8047,28.3285,1.120e-16,1.180e-16,9.690e-17,0.0012,5.36,0
FrontS70524,-2.5034,24.7218,2.127e-14,1.554e-14,5.931e-15,0.0008,5.84,0
FrontS70525,-2.4790,24.3153,1.420e-15,1.275e-15,7.418e-16,0.0007,5.95,0
FrontS70526,-4.7560,28.6848,2.129e-15,1.859e-15,1.015e-15,0.0012,5.23,0
FrontS70527,-2.5203,23.7392,1.044e-16,1.120e-16,9.303e-17,0.0007,5.93,0
FrontS70528,-4.7334,29.0534,8.164e-15,6.615e-15,3.196e-15,0.0006,5.19,0
FrontS70529,-4.7956,29.1831,1.148e-20,2.572e-20,1.018e-19,0.0013,5.2,0
FrontS70531,-4.6781,29.1995,9.544e-15,7.607e-15,3.514e-15,0.0006,5.21,0
FrontS70532,-4.4724,29.1823,2.194e-15,1.858e-15,9.837e-16,0.0004,5.09,0
FrontS70533,-2.7855,23.5980,1.686e-15,1.482e-15,8.276e-16,0.0008,6.02,0
FrontS70534,-2.8909,23.6892,1.284e-19,2.429e-19,6.453e-19,0.0011,6.07,0
FrontS70535,-2.9572,23.8822,2.152e-15,5.303e-15,2.497e-14,0.0022,6.09,0
FrontS70536,-4.2567,29.1794,6.138e-16,5.305e-16,2.937e-16,0.0012,5.0,0
FrontS70537,-4.3304,29.4124,2.601e-18,3.643e-18,5.300e-18,0.0009,5.04,0
FrontS70538,-4.2121,29.5734,1.754e-16,1.830e-16,1.464e-16,0.0013,4.95,0
FrontS70539,-4.2174,29.2462,1.264e-15,2.168e-15,4.860e-15,0.0008,4.95,0
FrontS70540,-4.1956,29.4867,4.589e-20,9.195e-20,2.842e-19,0.0008,4.96,0
FrontS70541,-3.2571,23.1487,1.729e-15,1.585e-15,9.690e-16,0.0017,6.22,0
FrontS70542,-4.0237,29.4055,9.469e-20,1.887e-19,5.895e-19,0.0012,4.93,0
FrontS70543,-4.0165,29.9680,2.436e-17,3.016e-17,3.386e-17,0.0009,4.89,0
FrontS70544,-3.5005,22.9746,1.263e-15,2.394e-15,6.608e-15,0.0013,6.18,0
FrontS70545,-3.5504,23.1568,6.155e-16,5.772e-16,3.571e-16,0.0011,6.33,0
FrontS70547,-3.6705,30.2091,4.852e-18,6.435e-18,8.429e-18,0.0012,4.83,0
FrontS70548,-3.6713,30.6612,3.902e-16,7.894e-16,2.502e-15,-0.0001,4.83,0
FrontS70550,-3.9010,22.6706,1.147e-16,1.235e-16,1.036e-16,0.0011,6.37,0
FrontS70551,-3.9849,22.9140,7.962e-19,1.290e-18,2.601e-18,0.0024,6.38,0
FrontS70552,-4.0589,22.5154,2.448e-16,2.398e-16,1.686e-16,0.0015,6.39,0
FrontS70554,-4.0879,22.4344,6.936e-14,4.856e-14,1.724e-14,0.0012,6.33,0
FrontS70555,-4.2827,22.8920,2.200e-15,4.007e-15,9.620e-15,0.0015,6.43,0
FrontS70556,-4.5004,22.4783,1.656e-15,1.448e-15,8.196e-16,0.0009,6.43,0
FrontS70557,-4.3667,22.5589,8.476e-19,1.488e-18,3.452e-18,0.001,6.48,0
FrontS70558,-4.6387,22.7631,1.537e-15,2.586e-15,5.538e-15,0.001,6.45,0
FrontS70559,-4.4858,22.7084,3.137e-15,5.791e-15,1.456e-14,0.0007,6.48,0
FrontS70560,-2.6740,30.8973,2.761e-17,3.565e-17,4.492e-17,0.0006,4.65,0
FrontS70561,-4.9731,22.5637,2.546e-14,1.886e-14,7.508e-15,0.0016,6.46,0
FrontS70562,-2.3461,30.2012,1.071e-15,1.596e-15,2.672e-15,0.0008,4.56,0
FrontS70563,-4.6505,22.6861,1.738e-17,2.106e-17,2.292e-17,0.0009,6.51,0
FrontS70564,-4.8004,22.5735,5.558e-17,6.508e-17,6.311e-17,0.0005,6.52,0
FrontS70565,-2.2128,30.4347,4.203e-17,5.050e-17,5.187e-17,-0.0001,4.55,0
FrontS70566,-5.1500,22.3724,1.326e-20,2.782e-20,9.126e-20,0.0003,6.37,0
FrontS70567,34.5898,-33.1821,1.313e-19,2.249e-19,4.821e-19,0.0001,1.26,0
FrontS70568,35.4737,-32.1625,5.913e-20,1.184e-19,3.738e-19,0.0004,1.54,0
FrontS70569,32.9615,-32.6892,1.383e-17,1.723e-17,1.931e-17,0.0003,-0.86,0
FrontS70570,35.1977,-33.8202,2.324e-17,2.598e-17,2.448e-17,0.0008,1.11,0
FrontS70572,34.4638,-32.9054,4.516e-18,5.931e-18,7.669e-18,0.0014,1.58,0
FrontS70575,34.7320,-32.7006,1.107e-20,2.456e-20,9.557e-20,0.0008,1.37,0
FrontS70578,34.3294,-32.6901,5.979e-18,7.977e-18,1.032e-17,0.001,0.93,0
FrontS70579,32.3729,-31.7694,1.369e-18,1.920e-18,2.716e-18,0.0004,-0.08,0
FrontS70584,34.0804,-32.9102,6.027e-20,1.284e-19,4.434e-19,0.0009,-0.02,0
FrontS70585,37.5047,-33.6135,1.269e-19,2.290e-19,5.811e-19,0.0006,2.02,0
FrontS70587,33.3945,-33.0952,1.140e-18,1.657e-18,2.572e-18,-0.0001,-0.13,0
FrontS70588,35.8690,-33.2720,9.508e-20,1.767e-19,4.724e-19,0.0012,2.09,0
FrontS70590,34.3156,-33.1647,4.135e-20,3.011e-20,1.181e-20,0.0009,0.79,0
FrontS70592,33.5917,-31.7813,2.992e-18,4.125e-18,5.643e-18,0.0009,0.42,0
FrontS70594,35.5871,-33.2958,2.099e-18,3.033e-18,4.697e-18,-0.0002,2.12,0
FrontS70595,34.1924,-32.6863,6.994e-20,4.770e-20,1.613e-20,0.001,1.6,0
FrontS70596,34.5929,-31.6151,4.613e-18,5.652e-18,6.414e-18,0.0006,0.86,0
FrontS70598,35.0043,-33.0765,9.983e-17,1.062e-16,8.577e-17,0.0005,2.08,0
FrontS70599,34.3744,-32.5969,1.117e-17,1.311e-17,1.336e-17,0.0006,0.98,0
FrontS70600,34.2140,-32.8990,7.438e-20,1.374e-19,3.541e-19,0.0013,0.81,0
FrontS70601,35.2649,-32.4383,4.819e-20,9.827e-20,3.200e-19,0.0006,1.61,0
FrontS70602,34.1468,-32.8613,1.470e-20,3.443e-20,1.413e-19,0.0008,0.48,0
FrontS70603,34.1159,-32.5011,7.249e-20,1.545e-19,5.465e-19,0.0004,0.64,0
FrontS70606,34.2276,-32.9200,1.065e-18,1.621e-18,2.827e-18,0.0004,1.76,0
FrontS70607,36.1466,-33.7484,2.327e-16,2.163e-16,1.374e-16,-0.0003,1.67,0
FrontS70608,34.2419,-33.0052,3.757e-17,4.241e-17,3.835e-17,0.0009,1.3,0
FrontS70610,34.1811,-32.8698,2.315e-19,4.094e-19,9.284e-19,0.0012,-0.42,0
FrontS70611,34.8501,-32.9499,2.658e-18,3.584e-18,4.768e-18,0.001,1.9,0
FrontS70613,34.4257,-32.7870,1.437e-17,1.762e-17,1.879e-17,0.0012,1.54,0
FrontS70616,34.2403,-32.9355,3.164e-20,6.256e-20,1.940e-19,0.0007,0.74,0
FrontS70617,31.7946,-32.2124,2.351e-19,3.816e-19,7.634e-19,0.0001,-0.65,0
FrontS70618,30.4158,-32.7402,2.250e-19,4.012e-19,9.299e-19,0.0005,-0.75,0
FrontS70619,33.2615,-32.9228,1.039e-17,1.244e-17,1.323e-17,0.0008,-0.79,0
FrontS70622,34.2504,-32.8782,1.376e-17,1.666e-17,1.762e-17,0.0003,0.97,0
FrontS70623,35.0245,-33.0161,1.544e-17,1.826e-17,1.840e-17,0.001,2.04,0
FrontS70625,35.0019,-33.3097,1.182e-20,2.882e-20,1.355e-19,0.0008,1.76,0
FrontS70627,32.5178,-33.3807,7.733e-18,1.019e-17,1.293e-17,0.0005,-0.2,0
FrontS70629,34.3132,-32.8528,7.342e-19,1.157e-18,2.107e-18,0.0012,1.85,0
FrontS70630,32.2035,-32.8704,3.211e-17,3.553e-17,3.204e-17,0.0005,-0.72,0
FrontS70631,34.1977,-32.7372,2.449e-16,3.537e-16,5.506e-16,0.0012,0.74,0
FrontS70632,33.3191,-32.9050,3.263e-20,7.181e-20,2.664e-19,0.0012,-0.56,0
FrontS70633,33.3558,-33.2027,6.699e-20,1.256e-19,3.424e-19,0.0013,-0.05,0
FrontS70634,31.1244,-32.0038,4.006e-20,8.273e-20,2.696e-19,0.0007,-0.65,0
FrontS70636,34.3580,-33.0721,6.916e-20,1.287e-19,3.329e-19,0.0012,1.13,0
FrontS70637,33.4312,-32.4931,1.009e-19,1.709e-19,3.585e-19,0.0015,-0.66,0
FrontS70638,34.5959,-31.9139,1.265e-16,1.207e-16,8.073e-17,0.0012,0.93,0
FrontS70639,34.1306,-32.6411,9.843e-18,1.230e-17,1.410e-17,0.0012,0.53,0
FrontS70640,34.2424,-32.7522,1.162e-15,1.460e-15,1.675e-15,-0.0003,0.93,0
FrontS70641,34.2142,-32.8519,5.698e-18,7.392e-18,9.218e-18,0.0003,0.73,0
FrontS70643,34.2281,-32.9748,5.483e-20,1.066e-19,2.972e-19,0.001,1.0,0
FrontS70645,34.5742,-32.9745,7.288e-20,1.413e-19,4.112e-19,-0.0001,1.52,0
FrontS70647,33.7664,-32.3238,5.327e-19,8.866e-19,1.859e-18,0.0014,0.3,0
FrontS70651,33.9087,-32.3460,1.870e-19,3.342e-19,8.150e-19,0.0006,0.36,0
FrontS70653,33.2659,-32.2617,7.854e-20,5.214e-20,1.712e-20,0.0008,-0.63,0
FrontS70654,34.1635,-32.7976,1.054e-17,1.269e-17,1.322e-17,0.0006,-0.05,0
FrontS70655,34.0989,-33.0005,4.756e-19,7.783e-19,1.527e-18,0.0007,0.14,0
FrontS70656,35.1322,-32.8259,1.518e-18,2.348e-18,4.139e-18,0.0014,2.09,0
FrontS70657,34.4102,-32.9299,1.755e-18,2.404e-18,3.407e-18,0.0005,1.83,0
FrontS70658,35.1054,-34.0252,1.283e-16,1.396e-16,1.207e-16,0.001,0.97,0
FrontS70659,34.0894,-32.9070,1.751e-20,3.672e-20,1.234e-19,0.0015,-0.5,0
FrontS70661,34.5377,-32.9572,1.292e-16,1.318e-16,9.574e-17,0.0009,1.33,0
FrontS70662,30.5663,-31.9834,9.752e-16,8.004e-16,3.881e-16,0.0004,-0.68,0
FrontS70664,32.4636,-32.3574,6.687e-16,1.222e-15,2.978e-15,0.0006,-0.55,0
FrontS70666,33.6478,-33.9231,1.906e-16,1.862e-16,1.313e-16,0.0008,0.29,0
FrontS70667,35.2635,-32.7302,7.302e-16,1.836e-15,9.007e-15,0.001,1.66,0
FrontS70668,34.1839,-32.8354,8.153e-20,5.452e-20,1.755e-20,0.0005,0.15,0
FrontS70669,33.8876,-32.4696,2.601e-19,4.670e-19,1.115e-18,0.0016,0.39,0
FrontS70670,34.2547,-32.8327,3.553e-17,3.886e-17,3.499e-17,0.0012,1.61,0
FrontS70675,34.4697,-33.0163,4.415e-20,8.974e-20,2.836e-19,0.0001,1.83,0
FrontS70676,32.9518,-32.9334,5.880e-20,4.111e-20,1.487e-20,0.0011,-0.63,0
FrontS70677,34.1375,-32.7799,1.813e-16,3.201e-16,7.365e-16,0.0005,0.17,0
FrontS70678,38.2033,-33.0041,6.755e-12,4.558e-12,1.517e-12,0.0007,1.97,0
FrontS70679,34.1153,-32.7376,5.208e-19,8.600e-19,1.800e-18,0.0013,0.54,0
FrontS70680,33.2553,-32.2214,1.112e-12,7.537e-13,2.415e-13,0.001,-0.09,0
FrontS70681,33.4556,-33.0324,1.800e-16,3.374e-16,9.203e-16,0.0007,-0.22,0
FrontS70682,31.8977,-34.1268,2.767e-19,4.844e-19,1.165e-18,0.0008,-0.1,0
FrontS70684,32.9542,-32.8435,1.385e-17,1.625e-17,1.582e-17,0.0005,-0.67,0
FrontS70685,34.1921,-32.8261,3.986e-16,8.249e-16,2.705e-15,0.001,0.6,0
FrontS70686,34.0233,-32.5869,3.202e-20,7.078e-20,2.611e-19,0.0008,0.28,0
FrontS70687,34.2078,-32.9658,5.819e-20,1.126e-19,3.285e-19,0.0008,0.12,0
FrontS70688,31.9129,-30.6287,6.362e-20,4.361e-20,1.496e-20,0.0006,0.22,0
FrontS70689,33.4804,-32.6936,1.874e-11,1.648e-11,9.321e-12,0.0015,-0.71,1
FrontS70690,34.2677,-32.6498,4.147e-16,3.891e-16,2.431e-16,0.001,1.02,0
FrontS70693,33.7866,-31.9092,7.676e-18,9.583e-18,1.066e-17,0.0008,0.53,0
FrontS70694,34.2190,-32.9097,1.152e-17,1.479e-17,1.783e-17,0.001,1.29,0
FrontS70696,34.1333,-32.8147,1.388e-19,2.543e-19,6.376e-19,0.0003,0.32,0
FrontS70699,35.2839,-33.2120,6.095e-18,7.974e-18,1.028e-17,-0.0002,1.82,0
FrontS70700,31.7316,-32.0679,4.931e-20,9.816e-20,2.967e-19,0.0012,-0.64,0
FrontS70701,33.3199,-33.4218,1.295e-18,1.944e-18,3.199e-18,0.0011,0.01,0
FrontS70702,35.6960,-32.9494,2.728e-19,4.795e-19,1.101e-18,0.0011,2.06,0
FrontS70703,35.8746,-33.5292,3.957e-20,7.899e-20,2.449e-19,0.0008,1.75,0
FrontS70706,34.0968,-32.6590,1.513e-20,3.421e-20,1.285e-19,0.0009,-0.19,0
FrontS70707,33.8173,-32.6257,2.892e-20,6.272e-20,2.209e-19,0.0008,-0.13,0
FrontS70709,34.3244,-32.7071,1.855e-17,2.265e-17,2.438e-17,0.0002,0.91,0
FrontS70710,34.1412,-32.6373,5.715e-19,9.148e-19,1.722e-18,0.0006,0.58,0
FrontS70711,34.0122,-33.0936,2.298e-19,3.928e-19,8.746e-19,0.001,0.19,0
FrontS70712,33.2005,-32.7288,4.132e-17,4.455e-17,3.848e-17,0.0008,-0.7,0
FrontS70713,34.2367,-32.8415,1.513e-16,1.492e-16,1.047e-16,0.0013,2.28,0
FrontS70715,34.3209,-33.0534,3.330e-17,3.603e-17,3.080e-17,0.0007,1.2,0
FrontS70716,34.7645,-32.8433,3.221e-16,3.096e-16,2.064e-16,0.0011,1.94,0
FrontS70717,34.5381,-32.6310,2.404e-18,3.343e-18,4.662e-18,0.0005,1.35,0
FrontS70718,33.0413,-32.7165,8.334e-18,1.072e-17,1.318e-17,0.0003,-0.83,0
FrontS70719,34.0738,-32.7013,8.041e-18,1.015e-17,1.204e-17,0.0005,-0.41,0
FrontS70722,33.2323,-33.4979,1.936e-20,4.117e-20,1.414e-19,0.0013,-0.01,0
FrontS70723,33.8384,-32.3592,3.549e-17,4.171e-17,4.273e-17,0.0007,0.2,0
FrontS70724,33.5613,-32.8720,5.598e-20,1.123e-19,3.444e-19,0.0012,-0.41,0
FrontS70725,35.2433,-32.9909,9.683e-19,1.453e-18,2.407e-18,0.0008,2.02,0
FrontS70726,34.6325,-32.9479,2.575e-16,5.608e-16,1.979e-15,0.0004,1.78,0
FrontS70728,34.1230,-32.7770,3.037e-20,6.786e-20,2.532e-19,0.0017,0.21,0
FrontS70729,34.1770,-32.8690,2.971e-18,4.126e-18,5.904e-18,0.0001,-0.33,0
FrontS70732,33.4927,-32.5671,1.640e-17,1.997e-17,2.066e-17,0.0014,-0.64,0
FrontS70733,33.5458,-32.8035,7.396e-20,1.418e-19,3.857e-19,0.0011,-0.61,0
FrontS70734,35.7357,-33.5666,1.584e-11,1.114e-11,3.973e-12,0.0007,1.96,0
FrontS70735,36.6865,-33.5265,5.667e-16,1.131e-15,3.499e-15,0.0012,2.02,0
FrontS70736,33.2227,-32.3566,1.103e-17,1.430e-17,1.716e-17,0.0004,-0.54,0
FrontS70737,34.1788,-32.7779,9.416e-16,2.215e-15,9.095e-15,0.001,0.33,0
FrontS70738,32.2912,-32.9492,7.943e-18,1.012e-17,1.170e-17,0.0012,-0.55,0
FrontS70739,33.3171,-33.4549,1.695e-19,2.999e-19,6.876e-19,0.0006,-0.12,0
FrontS70740,34.0907,-32.8023,1.587e-16,1.609e-16,1.201e-16,0.0009,-0.39,0
FrontS70741,37.0738,-33.7540,6.386e-18,8.249e-18,9.803e-18,0.0005,1.96,0
FrontS70742,34.0367,-32.6541,4.523e-18,5.845e-18,7.256e-18,0.0007,0.35,0
FrontS70745,34.0236,-32.9644,5.297e-17,5.625e-17,4.630e-17,0.0001,-0.45,0
FrontS70746,33.9331,-32.8865,2.714e-16,4.475e-16,9.072e-16,0.0004,-0.32,0
FrontS70748,34.7078,-32.7730,8.641e-19,1.388e-18,2.595e-18,-0.0001,1.69,0
FrontS70750,32.0903,-33.0722,3.273e-17,3.529e-17,2.993e-17,0.0001,-0.45,0
FrontS70752,33.4618,-32.8225,2.467e-18,3.463e-18,4.942e-18,0.0009,-0.8,0
FrontS70754,34.8003,-32.9003,5.663e-20,4.002e-20,1.404e-20,0.0004,2.03,0
FrontS70755,34.1387,-32.5761,1.366e-17,1.686e-17,1.861e-17,0.0008,0.67,0
FrontS70757,33.4785,-32.8071,1.632e-17,1.909e-17,1.871e-17,0.0004,-0.7,0
FrontS70760,35.5781,-33.1471,7.357e-19,1.149e-18,2.055e-18,-0.0003,2.16,0
FrontS70762,34.5112,-32.9743,9.083e-17,9.015e-17,6.623e-17,0.0017,1.46,0
FrontS70763,34.2015,-32.8820,1.703e-18,2.527e-18,4.128e-18,0.0019,-1.15,0
FrontS70764,35.5232,-32.9121,2.261e-19,3.939e-19,9.107e-19,0.0015,2.08,0
FrontS70767,34.1538,-32.8049,1.600e-18,2.281e-18,3.444e-18,0.0006,0.44,0
FrontS70768,34.6450,-33.6225,5.001e-20,9.528e-20,2.627e-19,0.0005,0.8,0
FrontS70769,34.3706,-32.8035,6.071e-19,9.104e-19,1.565e-18,0.0005,1.52,0
FrontS70772,34.0856,-32.8650,9.496e-18,1.169e-17,1.321e-17,0.0006,-0.38,0
FrontS70773,33.5742,-33.0608,3.312e-16,6.143e-16,1.612e-15,0.0011,-0.31,0
FrontS70774,34.3321,-32.8230,3.986e-18,5.384e-18,7.040e-18,0.0003,1.7,0
FrontS70775,33.6154,-32.8610,1.717e-19,2.916e-19,6.408e-19,-0.0001,-0.44,0
FrontS70776,33.7426,-33.0474,2.327e-20,4.706e-20,1.441e-19,0.0007,-0.23,0
FrontS70779,32.6588,-32.5431,1.455e-20,2.911e-20,8.828e-20,0.0018,-0.79,0
FrontS70781,34.0067,-32.8791,6.431e-16,5.488e-16,2.925e-16,0.0009,-0.45,0
FrontS70782,33.1058,-32.2547,4.679e-19,7.581e-19,1.515e-18,0.0009,-0.2,0
FrontS70783,34.2682,-32.7900,2.680e-20,5.535e-20,1.810e-19,0.0007,1.9,0
FrontS70787,35.9098,-33.6112,6.772e-18,9.342e-18,1.263e-17,0.0014,1.91,0
FrontS70788,34.2367,-32.8101,4.255e-18,5.688e-18,7.190e-18,0.0017,0.87,0
FrontS70790,35.0488,-31.9330,5.004e-19,8.238e-19,1.630e-18,-0.0,1.11,0
FrontS70792,33.7855,-32.7760,7.510e-17,8.168e-17,6.897e-17,0.0019,-0.45,0
FrontS70794,35.0623,-33.5163,2.043e-15,1.663e-15,8.134e-16,0.0013,1.33,0
FrontS70795,35.6227,-33.0740,8.849e-20,1.692e-19,4.521e-19,0.0009,2.07,0
FrontS70796,34.0127,-32.8216,3.720e-17,4.065e-17,3.628e-17,0.0009,-0.35,0
FrontS70797,34.6410,-32.8969,7.463e-18,9.794e-18,1.213e-17,0.0009,1.72,0
FrontS70798,33.9810,-32.6584,2.393e-20,4.746e-20,1.381e-19,0.0009,0.21,0
FrontS70799,34.8977,-33.1696,5.494e-16,5.040e-16,3.058e-16,0.0012,1.38,0
FrontS70801,34.0215,-32.9802,1.240e-20,2.812e-20,1.131e-19,0.0012,0.11,0
FrontS70802,32.7420,-32.1581,1.894e-16,1.928e-16,1.431e-16,0.001,-0.27,0
FrontS70804,34.1463,-32.6688,4.386e-19,7.038e-19,1.387e-18,0.0007,0.64,0
FrontS70805,33.7780,-32.7974,8.446e-16,7.233e-16,3.850e-16,0.0014,-0.46,0
FrontS70806,33.7735,-32.6957,1.894e-17,2.159e-17,1.993e-17,0.0013,-0.3,0
FrontS70808,34.3968,-33.0014,2.394e-19,4.183e-19,9.195e-19,0.0018,1.67,0
FrontS70809,32.9717,-32.9681,7.278e-17,7.585e-17,6.011e-17,0.0004,-0.51,0
FrontS70810,33.8439,-32.1940,2.660e-19,4.252e-19,8.194e-19,0.0015,0.53,0
FrontS70811,32.2847,-32.6225,2.185e-17,2.435e-17,2.182e-17,0.0003,-0.74,0
FrontS70812,38.0581,-32.8602,1.415e-18,2.147e-18,3.781e-18,0.0016,1.95,0
FrontS70817,37.4428,-33.6849,1.406e-17,1.642e-17,1.634e-17,0.0007,2.01,0
FrontS70818,33.2756,-32.9871,2.662e-17,3.067e-17,2.942e-17,0.001,-0.74,0
FrontS70819,34.1058,-32.9478,3.851e-20,7.936e-20,2.587e-19,0.0012,-0.55,0
FrontS70822,34.7295,-33.1744,5.911e-19,9.580e-19,1.883e-18,0.0009,1.71,0
FrontS70824,34.3800,-33.0453,5.145e-17,5.500e-17,4.766e-17,0.0015,1.72,0
FrontS70825,33.9023,-32.4464,6.357e-19,9.628e-19,1.641e-18,0.0009,-0.18,0
FrontS70826,38.5512,-33.6056,1.053e-17,1.236e-17,1.213e-17,0.0016,2.03,0
FrontS70827,33.8609,-33.1364,7.292e-20,5.001e-20,1.688e-20,0.0016,0.13,0
FrontS70828,34.1930,-33.0097,5.621e-17,6.074e-17,5.041e-17,0.0012,0.38,0
FrontS70829,33.9604,-32.7131,9.118e-17,9.768e-17,7.968e-17,0.0006,-0.45,0
FrontS70832,34.6423,-33.1332,2.755e-18,4.088e-18,6.707e-18,0.0007,1.25,0
FrontS70833,34.1664,-32.8236,1.388e-17,1.570e-17,1.478e-17,0.0017,0.42,0
FrontS70834,34.0474,-32.7975,3.653e-19,6.281e-19,1.398e-18,0.0008,0.34,0
FrontS70838,34.0115,-32.8074,7.315e-18,9.253e-18,1.065e-17,0.0002,-0.53,0
FrontS70839,34.5217,-33.0026,1.332e-20,2.746e-20,9.122e-20,0.0011,1.58,0
FrontS70841,34.2641,-33.0243,4.913e-18,6.432e-18,8.037e-18,0.0008,0.74,0
FrontS70842,34.1865,-32.7179,3.049e-20,6.189e-20,1.981e-19,0.0007,0.77,0
FrontS70844,35.8613,-32.4637,1.047e-19,1.922e-19,4.680e-19,0.0006,1.57,0
FrontS70845,34.2097,-32.8921,5.556e-17,5.906e-17,4.847e-17,0.0011,0.63,0
FrontS70846,34.4941,-32.7504,7.575e-17,7.765e-17,5.757e-17,0.0009,1.73,0
FrontS70849,36.6488,-33.3609,3.218e-19,4.992e-19,9.128e-19,0.0013,2.04,0
FrontS70851,33.9117,-32.7419,1.497e-18,2.228e-18,3.673e-18,0.0006,-0.34,0
FrontS70852,33.9717,-32.7045,9.000e-17,9.887e-17,8.531e-17,0.001,-0.49,0
FrontS70855,34.1276,-32.7431,2.908e-17,3.196e-17,2.901e-17,-0.0001,-0.47,0
FrontS70856,38.2096,-34.0046,5.155e-19,8.427e-19,1.748e-18,0.0009,2.02,0
FrontS70857,34.1091,-32.8678,4.164e-20,8.536e-20,2.673e-19,0.0007,-0.31,0
FrontS70858,33.9430,-32.5224,5.206e-19,8.356e-19,1.574e-18,0.0009,0.28,0
FrontS70859,36.0681,-33.7463,4.591e-18,6.224e-18,8.687e-18,0.0009,1.77,0
FrontS70863,32.8189,-31.9860,3.016e-20,5.896e-20,1.738e-19,0.0002,-0.15,0
FrontS70864,34.7732,-32.8338,2.393e-19,4.100e-19,8.735e-19,0.0006,1.91,0
FrontS70865,34.2610,-32.7193,1.966e-14,1.433e-14,5.371e-15,0.0013,1.35,0
FrontS70866,36.7003,-33.4111,1.659e-16,1.659e-16,1.157e-16,0.0007,2.0,0
FrontS70867,35.4491,-33.1053,1.906e-17,2.147e-17,1.929e-17,0.0014,2.12,0
FrontS70868,33.5972,-32.8553,8.725e-18,1.118e-17,1.363e-17,0.0005,-0.52,0
FrontS70869,35.1520,-32.6482,2.048e-20,4.559e-20,1.719e-19,0.0009,1.66,0
FrontS70870,35.0272,-32.8866,4.002e-20,8.011e-20,2.449e-19,0.0004,2.08,0
FrontS70871,32.9373,-32.1331,1.700e-19,3.053e-19,7.082e-19,0.0007,-0.27,0
FrontS70873,36.4312,-33.8094,1.044e-11,7.010e-12,2.292e-12,0.0004,1.74,0
FrontS70876,33.1295,-32.4236,4.816e-16,8.605e-16,2.027e-15,0.0007,-0.76,0
FrontS70878,34.3887,-32.9914,1.952e-20,3.930e-20,1.194e-19,0.0014,1.19,0
FrontS70880,31.8360,-32.6104,7.028e-20,1.326e-19,3.672e-19,0.0011,-0.73,0
FrontS70881,34.0361,-34.2461,4.435e-20,8.687e-20,2.491e-19,0.0013,0.47,0
FrontS70882,34.1467,-32.8789,1.979e-18,2.715e-18,3.763e-18,0.0008,-0.01,0
FrontS70883,32.2430,-32.9620,1.390e-20,3.244e-20,1.319e-19,0.0013,-0.49,0
FrontS70884,34.6846,-32.9935,2.037e-18,2.910e-18,4.362e-18,0.0006,1.8,0
FrontS70886,33.8020,-33.1461,2.558e-19,4.561e-19,1.063e-18,0.0013,-0.11,0
FrontS70887,34.3831,-32.8828,3.270e-18,4.306e-18,5.540e-18,0.0005,1.78,0
FrontS70888,35.7972,-33.1514,3.151e-18,4.292e-18,6.020e-18,0.0002,2.06,0
FrontS70890,34.0139,-32.2529,2.104e-16,1.975e-16,1.267e-16,0.0001,0.6,0
FrontS70891,34.3223,-32.8994,1.719e-17,1.922e-17,1.707e-17,0.0013,1.21,0
FrontS70892,34.4716,-33.1710,8.570e-19,1.358e-18,2.425e-18,0.0009,1.04,0
FrontS70893,34.1858,-32.8760,1.100e-18,1.649e-18,2.782e-18,0.0005,0.43,0
FrontS70896,34.2880,-33.2125,6.448e-20,4.469e-20,1.555e-20,0.0006,0.68,0
FrontS70897,34.2813,-32.8915,4.814e-20,9.972e-20,3.198e-19,0.0009,2.14,0
FrontS70898,33.9194,-32.5931,1.390e-15,3.441e-15,1.657e-14,-0.0,0.2,0
FrontS70899,34.1329,-32.7165,1.622e-18,2.428e-18,4.106e-18,0.0006,0.48,0
FrontS70900,33.7954,-32.7119,4.503e-19,7.386e-19,1.473e-18,0.001,-0.39,0
FrontS70901,34.4257,-32.8999,5.984e-17,6.620e-17,5.679e-17,0.0023,1.68,0
FrontS70902,36.5162,-33.2609,2.107e-20,4.629e-20,1.737e-19,0.0009,2.08,0
FrontS70903,34.0994,-33.6252,6.289e-20,1.332e-19,4.405e-19,0.0005,0.41,0
FrontS70906,34.1590,-32.8590,1.949e-20,4.342e-20,1.603e-19,0.0001,0.31,0
FrontS70907,34.4372,-32.9396,2.104e-16,2.014e-16,1.280e-16,0.001,1.78,0
FrontS70910,35.2712,-33.9842,1.714e-17,2.144e-17,2.360e-17,0.0011,1.09,0
FrontS70911,34.1721,-32.7316,8.177e-19,1.300e-18,2.515e-18,0.0003,-0.45,0
FrontS70912,34.7058,-33.3722,1.928e-19,3.376e-19,7.872e-19,0.0006,1.29,0
FrontS70914,34.4112,-32.7803,1.585e-16,1.513e-16,9.531e-17,0.0017,1.65,0
FrontS70915,36.5878,-34.1789,1.928e-20,3.863e-20,1.172e-19,0.0009,1.7,0
FrontS70917,32.5859,-30.6146,5.555e-20,3.893e-20,1.348e-20,0.0009,0.38,0
FrontS70918,34.9197,-33.4448,4.402e-19,7.860e-19,1.872e-18,0.0013,1.2,0
FrontS70921,33.4105,-32.8524,5.068e-20,9.810e-20,2.779e-19,0.0011,-0.76,0
FrontS70922,34.1883,-32.7694,1.947e-16,1.817e-16,1.171e-16,0.0014,2.07,0
FrontS70923,34.1942,-33.2750,1.088e-20,2.564e-20,1.118e-19,0.0002,0.5,0
FrontS70924,34.3204,-32.7279,1.367e-17,1.723e-17,1.978e-17,0.0013,1.46,0
FrontS70925,34.1934,-32.9936,2.808e-20,6.335e-20,2.497e-19,0.0018,0.44,0
FrontS70927,33.5729,-33.1464,5.147e-19,8.518e-19,1.723e-18,0.001,-0.41,0
FrontS70928,33.8975,-32.8196,3.615e-18,4.971e-18,6.795e-18,0.0008,-0.42,0
FrontS70929,34.0236,-32.9283,5.157e-16,4.541e-16,2.482e-16,0.0009,-0.48,0
FrontS70930,35.8167,-32.4379,9.181e-19,1.451e-18,2.665e-18,0.0005,1.54,0
FrontS70931,34.3704,-32.6041,5.759e-19,9.521e-19,1.922e-18,0.0004,1.02,0
FrontS70932,36.0129,-32.9424,6.513e-20,1.397e-19,4.640e-19,0.0003,2.1,0
FrontS70933,34.0054,-32.9108,3.100e-18,4.078e-18,5.162e-18,0.0006,-0.05,0
FrontS70936,34.1998,-32.7975,1.238e-18,1.786e-18,2.750e-18,0.0003,1.9,0
FrontS70937,34.0463,-32.3288,1.562e-18,2.249e-18,3.383e-18,0.0014,0.64,0
FrontS70940,34.1201,-32.8816,7.126e-16,6.421e-16,3.759e-16,0.0004,0.21,0
FrontS70942,34.0793,-32.8235,4.107e-16,3.773e-16,2.320e-16,0.0013,0.13,0
FrontS70944,34.0283,-33.0074,1.118e-20,2.490e-20,9.292e-20,0.0007,0.08,0
FrontS70945,34.1829,-32.8939,2.030e-19,3.420e-19,7.390e-19,0.0006,0.04,0
FrontS70946,33.9662,-32.8270,1.313e-19,2.410e-19,6.396e-19,0.0006,-0.05,0
FrontS70948,34.4555,-32.7477,2.202e-20,4.033e-20,1.028e-19,0.0012,1.56,0
FrontS70949,34.6548,-33.0730,4.366e-20,9.028e-20,3.042e-19,0.0002,1.85,0
FrontS70950,36.2209,-33.7777,1.987e-19,3.545e-19,8.608e-19,0.0007,1.62,0
FrontS70951,34.3336,-32.9225,3.049e-20,5.904e-20,1.595e-19,0.0009,1.88,0
FrontS70955,34.6955,-33.1953,6.037e-16,1.099e-15,2.740e-15,0.0009,1.84,0
FrontS70957,35.1244,-33.3217,2.282e-12,1.504e-12,4.886e-13,0.0015,1.84,0
FrontS70958,33.3602,-31.9311,1.764e-11,1.352e-11,5.885e-12,0.0007,-0.52,1
FrontS70960,34.7115,-32.2246,9.648e-16,8.116e-16,4.092e-16,0.0014,1.83,0
FrontS70961,34.6667,-32.3278,4.001e-16,3.421e-16,1.859e-16,0.0009,1.46,0
FrontS70963,34.0760,-33.0543,6.348e-20,4.406e-20,1.549e-20,0.001,0.28,0
FrontS70964,33.2867,-33.0558,1.446e-14,1.099e-14,4.480e-15,0.0006,-0.76,0
FrontS70965,34.5228,-32.7637,1.480e-17,1.800e-17,1.869e-17,0.0007,1.65,0
FrontS70966,34.1421,-33.2810,1.261e-20,3.153e-20,1.542e-19,0.001,-0.16,0
FrontS70967,35.1625,-32.7804,1.008e-20,2.554e-20,1.267e-19,0.0011,2.16,0
FrontS70968,33.6017,-32.7073,3.086e-19,5.034e-19,1.036e-18,0.0005,-0.47,0
FrontS70969,33.9954,-33.1500,6.588e-20,4.535e-20,1.566e-20,0.0004,0.16,0
FrontS70970,34.6346,-32.9343,5.594e-19,8.850e-19,1.675e-18,0.0007,1.72,0
FrontS70972,33.9886,-32.8337,2.680e-19,4.783e-19,1.133e-18,0.0005,-0.25,0
FrontS70974,34.1994,-32.9899,8.266e-16,1.635e-15,5.073e-15,0.0017,0.45,0
FrontS70975,35.5447,-32.9279,5.302e-16,4.634e-16,2.599e-16,0.0012,1.9,0
FrontS70976,34.2933,-32.7839,2.162e-19,3.630e-19,7.432e-19,0.0002,1.45,0
FrontS70978,34.9763,-32.2206,2.274e-19,4.190e-19,1.043e-18,0.0008,1.85,0
FrontS70979,34.0157,-32.6118,6.689e-20,1.245e-19,3.141e-19,0.0009,0.3,0
FrontS70980,33.0818,-33.3663,2.736e-20,5.295e-20,1.462e-19,0.0004,-0.7,0
FrontS70981,34.0272,-32.3571,2.020e-20,4.209e-20,1.338e-19,0.0006,0.57,0
FrontS70982,33.9583,-33.2762,6.374e-20,4.454e-20,1.521e-20,0.0007,-0.48,0
FrontS70984,34.2624,-32.8461,9.966e-16,2.228e-15,8.822e-15,0.0006,0.79,0
FrontS70985,35.5855,-34.1026,1.248e-18,1.951e-18,3.692e-18,0.0015,1.81,0
FrontS70986,33.7798,-32.5353,1.060e-17,1.280e-17,1.337e-17,0.0006,0.24,0
FrontS70987,33.4173,-32.9510,1.037e-17,1.317e-17,1.502e-17,0.0023,-0.56,0
FrontS70988,35.0602,-33.4269,1.291e-20,3.008e-20,1.270e-19,0.0012,2.07,0
FrontS70990,34.2281,-32.8277,3.579e-16,3.254e-16,1.992e-16,0.0008,0.92,0
FrontS70991,33.4340,-33.2551,6.670e-17,7.251e-17,6.315e-17,-0.0,-0.61,0
FrontS70992,34.2230,-33.2894,6.739e-16,1.437e-15,4.770e-15,0.0007,-0.0,0
FrontS70993,34.1611,-33.4123,5.934e-18,7.620e-18,9.018e-18,0.002,0.08,0
FrontS70994,34.4925,-32.9603,1.108e-14,8.264e-15,3.254e-15,0.001,1.01,0
FrontS70995,33.8749,-33.3754,2.071e-16,1.968e-16,1.334e-16,0.0011,-0.33,0
FrontS70996,33.7267,-32.8368,4.295e-16,7.321e-16,1.547e-15,0.0002,-0.48,0
FrontS70997,34.8963,-32.6745,2.651e-15,2.156e-15,1.003e-15,0.0019,1.69,0
FrontS70998,34.6989,-33.4532,4.629e-17,5.163e-17,4.616e-17,0.001,1.3,0
FrontS70999,33.9205,-32.6249,1.040e-15,9.141e-16,5.234e-16,0.0005,-0.34,0
FrontS71001,33.7397,-32.9737,8.110e-18,1.026e-17,1.216e-17,0.0011,-0.58,0
FrontS71002,33.3373,-32.9294,1.183e-17,1.465e-17,1.667e-17,-0.0002,-0.8,0
FrontS71003,34.6178,-33.2955,2.341e-14,1.690e-14,6.404e-15,0.0013,1.85,0
FrontS71004,34.0924,-33.0496,8.934e-20,5.985e-20,1.909e-20,-0.0002,-0.3,0
FrontS71006,33.1963,-32.1035,4.135e-17,4.705e-17,4.293e-17,0.0009,-0.69,0
FrontS71011,33.3172,-33.2855,6.414e-20,1.306e-19,4.072e-19,0.0014,-0.63,0
FrontS71012,34.6773,-33.3697,1.806e-11,1.470e-11,7.154e-12,0.0005,1.58,1
FrontS71013,34.5016,-32.9890,9.556e-16,2.700e-15,1.691e-14,0.0013,1.17,1
FrontS71014,35.0287,-33.0040,6.108e-16,1.050e-15,2.298e-15,0.0,1.93,0
FrontS71015,35.2533,-33.3527,2.684e-16,2.409e-16,1.422e-16,0.0008,2.13,0
FrontS71016,34.3060,-32.2972,2.289e-16,2.230e-16,1.496e-16,0.0013,1.52,0
FrontS71017,34.6302,-33.6883,5.885e-16,1.302e-15,4.724e-15,0.0005,1.73,0
FrontS71018,33.7855,-32.9173,4.104e-12,2.766e-12,9.048e-13,-0.0002,-0.51,0
FrontS71019,34.1205,-33.1192,1.101e-17,1.392e-17,1.675e-17,0.0009,0.41,0
FrontS71020,33.7635,-32.4435,1.639e-16,1.612e-16,1.126e-16,0.0009,0.07,0
FrontS71023,34.0429,-32.6000,4.299e-16,3.982e-16,2.398e-16,0.0009,-0.05,0
FrontS71024,34.9970,-33.1886,1.933e-15,1.593e-15,7.755e-16,0.0008,1.94,0
FrontS71025,35.1212,-33.2008,4.472e-19,7.752e-19,1.673e-18,0.0012,2.04,0
FrontS71026,34.3501,-32.5166,2.532e-18,3.365e-18,4.366e-18,0.0014,1.07,0
FrontS71027,34.1565,-32.8011,5.337e-20,3.821e-20,1.371e-20,0.0005,0.47,0
FrontS71028,34.3093,-31.3723,3.501e-15,5.828e-15,1.213e-14,0.0,1.42,0
FrontS71029,34.5697,-32.9141,1.003e-18,1.470e-18,2.303e-18,0.0005,1.79,0
FrontS71030,34.4531,-33.3541,1.040e-17,1.277e-17,1.417e-17,0.0005,1.05,0
FrontS71031,34.5249,-33.2721,1.325e-12,8.610e-13,2.694e-13,0.0015,1.32,0
FrontS71032,33.5353,-32.3223,2.946e-17,3.383e-17,3.159e-17,0.0012,-0.15,0
FrontS71033,34.2914,-33.5446,6.239e-20,4.344e-20,1.528e-20,0.0006,0.53,0
FrontS71034,34.3494,-32.6927,1.440e-17,1.729e-17,1.862e-17,0.001,1.13,0
FrontS71035,33.9494,-33.6604,2.301e-19,3.796e-19,7.596e-19,0.0008,-0.77,0
FrontS71036,35.4574,-33.3175,4.694e-16,1.059e-15,4.033e-15,0.0016,2.03,0
FrontS71037,34.5832,-33.2147,2.110e-16,3.828e-16,9.616e-16,0.0007,1.64,0
FrontS71038,33.9694,-32.8921,2.198e-16,2.002e-16,1.206e-16,0.0008,0.2,0
FrontS71040,34.6487,-32.8592,4.153e-19,6.608e-19,1.234e-18,0.0002,1.83,0
FrontS71042,33.0843,-32.1775,8.696e-15,6.629e-15,2.750e-15,0.001,-0.67,1
FrontS71043,33.8913,-32.7172,5.654e-19,8.580e-19,1.467e-18,0.0011,-0.44,0
FrontS71044,34.5595,-33.5107,9.940e-16,8.264e-16,3.979e-16,0.0018,1.92,0
FrontS71045,35.0408,-32.8395,8.642e-16,7.658e-16,4.397e-16,0.0003,2.0,0
FrontS71048,33.8589,-32.9828,3.053e-11,2.321e-11,9.717e-12,0.0013,-0.41,1
FrontS71051,33.6377,-33.4026,3.044e-17,3.418e-17,3.136e-17,0.0004,-0.8,0
FrontS71052,34.3900,-33.2842,7.734e-19,1.299e-18,2.714e-18,0.0015,0.81,0
FrontS71053,33.9318,-33.5668,1.014e-17,1.202e-17,1.271e-17,0.0007,-0.13,0
FrontS71054,33.5544,-33.1948,3.742e-16,3.386e-16,1.956e-16,0.0008,-0.79,0
FrontS71055,34.2768,-32.5651,3.842e-17,4.207e-17,3.618e-17,0.0014,1.26,0
FrontS71056,34.4162,-33.3866,7.854e-17,1.500e-16,3.999e-16,0.001,0.9,0
FrontS71057,34.0404,-33.4277,5.105e-18,6.826e-18,8.774e-18,0.0006,-0.52,0
FrontS71058,34.2061,-33.6319,2.812e-16,4.218e-16,6.782e-16,0.0015,-0.34,0
FrontS71059,34.0215,-33.4430,2.386e-16,2.167e-16,1.293e-16,0.0013,0.19,0
FrontS71060,34.1941,-33.3393,4.372e-16,3.869e-16,2.237e-16,0.0006,0.51,0
FrontS71061,33.3317,-32.3853,9.272e-17,9.861e-17,7.708e-17,0.0008,-0.8,0
FrontS71062,34.8078,-32.5423,1.661e-17,2.009e-17,2.232e-17,0.0011,1.85,0
FrontS71064,33.8287,-32.1043,8.011e-20,1.645e-19,5.127e-19,0.0003,-0.45,0
FrontS71065,34.0733,-33.4481,2.371e-11,1.717e-11,6.633e-12,0.001,0.02,0
FrontS71066,34.4341,-32.3661,2.615e-11,2.064e-11,8.923e-12,0.0009,1.13,1
FrontS71067,33.6852,-32.9289,7.427e-20,5.104e-20,1.701e-20,0.0,-0.62,0
FrontS71068,34.0880,-33.0960,5.732e-16,4.981e-16,2.748e-16,0.0012,0.18,0
FrontS71070,34.2664,-32.5085,8.623e-20,5.771e-20,1.861e-20,0.0013,1.27,0
FrontS71071,33.3194,-32.9982,6.262e-16,5.541e-16,2.983e-16,0.0003,-0.82,0
FrontS71072,34.0791,-32.8466,5.793e-20,4.099e-20,1.421e-20,0.0008,0.44,0
FrontS71073,34.4893,-32.4295,3.862e-20,2.819e-20,1.049e-20,0.0009,1.15,0
FrontS71074,34.7259,-33.3010,4.046e-18,5.397e-18,7.354e-18,0.0004,1.81,0
FrontS71075,33.7675,-31.9116,2.061e-15,1.649e-15,7.473e-16,0.0014,-0.57,0
FrontS71078,34.3509,-33.3418,8.113e-20,5.403e-20,1.770e-20,0.0008,0.8,0
FrontS71079,34.7628,-33.4011,8.282e-12,5.647e-12,1.864e-12,0.0018,1.39,0
FrontS71080,35.3780,-32.8660,7.169e-16,8.873e-16,9.875e-16,0.0012,2.14,0
FrontS71081,34.5013,-32.9549,7.599e-18,9.537e-18,1.068e-17,0.0003,1.78,0
FrontS71083,34.1726,-32.6864,3.605e-16,3.390e-16,2.222e-16,0.001,0.67,0
FrontS71084,34.7279,-33.1619,1.354e-19,2.452e-19,6.075e-19,0.0012,1.83,0
FrontS71085,34.6067,-33.0282,2.478e-20,5.287e-20,1.834e-19,0.0007,1.79,0
FrontS71086,33.4632,-32.4581,2.462e-18,3.678e-18,5.942e-18,0.0007,-0.59,0
FrontS71087,34.2402,-32.4867,2.873e-17,3.318e-17,3.245e-17,0.0008,0.94,0
FrontS71088,33.5722,-33.2683,3.354e-16,5.195e-16,9.220e-16,0.0011,-0.85,0
FrontS71089,35.4128,-33.0287,3.338e-20,6.726e-20,2.012e-19,0.0006,2.04,0
FrontS71090,33.4523,-32.3558,4.334e-20,3.132e-20,1.251e-20,0.0004,-0.72,0
FrontS71091,34.7111,-32.9760,2.788e-18,3.899e-18,5.474e-18,-0.0005,1.62,0
FrontS71092,34.7814,-32.9348,6.225e-16,9.156e-16,1.455e-15,0.0012,1.87,0
FrontS71093,34.5896,-33.1940,1.097e-15,1.934e-15,4.400e-15,-0.0004,1.8,0
FrontS71094,34.5514,-33.4266,1.521e-11,1.054e-11,3.631e-12,0.0004,1.39,0
FrontS71095,34.3015,-32.0218,1.128e-19,2.191e-19,6.196e-19,0.0014,1.83,0
FrontS71096,32.9961,-32.1153,4.450e-20,3.218e-20,1.203e-20,0.0004,-0.87,0
FrontS71099,33.4434,-32.1375,9.256e-17,8.911e-17,6.191e-17,0.0009,0.1,0
FrontS71100,35.0208,-33.2819,5.149e-16,4.518e-16,2.596e-16,0.0007,1.86,0
FrontS71101,33.6440,-32.3015,1.646e-17,1.861e-17,1.732e-17,0.001,-0.23,0
FrontS71102,34.2673,-33.1470,9.618e-16,8.631e-16,5.086e-16,0.0006,0.63,0
FrontS71104,34.6133,-33.2996,9.049e-17,9.584e-17,7.791e-17,0.0014,1.16,0
FrontS71105,33.9525,-32.5452,2.924e-19,4.932e-19,1.056e-18,0.0003,0.14,0
FrontS71106,34.4832,-33.0124,2.464e-20,5.377e-20,2.025e-19,0.0012,1.29,0
FrontS71108,34.2115,-32.5240,4.891e-16,4.334e-16,2.474e-16,0.0011,0.9,0
FrontS71109,34.0602,-32.9862,1.254e-18,1.887e-18,3.120e-18,-0.0004,0.23,0
FrontS71110,34.1310,-32.0817,1.764e-12,1.174e-12,3.758e-13,0.0002,0.93,0
FrontS71111,35.0693,-32.6595,1.741e-15,2.538e-15,4.026e-15,0.0005,2.01,0
FrontS71112,34.5184,-33.4701,4.372e-17,4.636e-17,3.749e-17,0.0008,1.02,0
FrontS71113,33.1506,-32.5854,1.138e-17,1.389e-17,1.476e-17,0.0008,-0.75,0
FrontS71114,33.6062,-32.5461,3.759e-17,4.100e-17,3.583e-17,0.0007,-0.63,0
FrontS71115,34.1499,-32.3904,1.401e-19,2.396e-19,5.201e-19,0.0011,0.72,0
FrontS71116,34.4328,-32.5297,3.783e-17,4.644e-17,4.896e-17,0.0003,1.12,0
FrontS71117,33.5106,-31.7065,5.949e-16,5.458e-16,3.286e-16,0.0008,-0.73,0
FrontS71118,34.3493,-33.5339,1.124e-16,1.141e-16,8.308e-17,0.0003,0.87,0
FrontS71119,34.6461,-32.6748,2.565e-20,5.272e-20,1.646e-19,0.0005,1.73,0
FrontS71120,33.7256,-33.0963,1.034e-11,7.076e-12,2.362e-12,0.001,-0.61,0
FrontS71121,34.1080,-33.2479,4.457e-16,9.986e-16,3.885e-15,0.001,-0.51,0
FrontS71123,34.6519,-32.7843,5.414e-19,8.612e-19,1.599e-18,0.0007,1.58,0
FrontS71124,34.2906,-33.0156,1.603e-11,1.481e-11,9.168e-12,0.0012,1.27,1
FrontS71125,33.3239,-32.2840,2.497e-20,5.764e-20,2.266e-19,0.0003,-0.63,0
FrontS71126,35.1846,-33.4584,1.553e-16,1.605e-16,1.222e-16,0.0004,2.14,0
FrontS71127,34.2005,-32.8512,2.805e-15,2.221e-15,9.955e-16,0.0016,-4.92,1
FrontS71128,34.2036,-32.8526,2.577e-11,1.920e-11,7.884e-12,0.0012,7.07,0
FrontS71129,34.2054,-32.8543,5.591e-15,4.390e-15,1.963e-15,0.0021,5.94,1
FrontS71130,34.4066,-33.0381,9.109e-14,6.534e-14,2.415e-14,0.0016,1.01,0
FrontS71131,34.4356,-33.0548,5.673e-15,4.455e-15,1.910e-15,0.0,1.12,1
FrontS71132,33.9202,-32.6178,4.621e-14,3.378e-14,1.303e-14,0.0008,0.12,0
FrontS71134,34.5398,-33.0811,1.981e-11,1.618e-11,7.469e-12,0.0006,1.29,1
FrontS71135,33.8041,-32.5575,1.300e-14,9.843e-15,3.968e-15,0.0006,-0.07,0
FrontS71136,33.8180,-32.6124,2.979e-15,2.310e-15,1.026e-15,0.0014,-0.06,0
FrontS71137,33.7647,-32.5481,4.022e-12,2.610e-12,7.999e-13,0.0017,-0.08,0
FrontS71138,34.6849,-33.1025,1.914e-14,1.449e-14,6.161e-15,0.001,1.5,0
FrontS71139,33.6392,-32.5599,3.512e-14,2.621e-14,1.056e-14,0.0003,-0.3,0
FrontS71140,33.5774,-32.5263,1.846e-17,2.159e-17,2.177e-17,0.0011,-0.36,0
FrontS71141,34.8584,-33.1842,5.716e-14,3.935e-14,1.405e-14,0.001,1.67,0
FrontS71142,34.9661,-33.1685,2.014e-15,4.229e-15,1.449e-14,0.0008,1.79,0
FrontS71143,34.9696,-33.1701,1.881e-13,1.249e-13,4.119e-14,0.0008,1.75,0
FrontS71144,33.4250,-32.5086,1.681e-13,1.135e-13,3.912e-14,0.0005,-0.55,0
FrontS71145,33.3851,-32.4991,7.578e-15,5.860e-15,2.556e-15,0.001,-0.58,1
FrontS71146,35.1295,-33.1667,9.274e-15,6.925e-15,2.813e-15,0.0012,1.94,0
FrontS71147,35.1374,-33.1687,7.348e-15,5.608e-15,2.357e-15,0.0009,1.96,1
FrontS71148,35.2761,-33.2194,1.633e-15,1.328e-15,6.288e-16,0.0007,2.03,0
FrontS71149,33.1968,-32.5333,6.370e-16,1.053e-15,2.158e-15,0.0003,-0.67,0
FrontS71150,35.2584,-33.1834,2.131e-16,2.088e-16,1.421e-16,0.0006,1.98,0
FrontS71151,35.4017,-33.2157,2.299e-14,1.627e-14,6.037e-15,0.0007,2.11,0
FrontS71152,33.0860,-32.5671,1.789e-14,1.314e-14,5.291e-15,0.0011,-0.79,0
FrontS71153,35.4863,-33.1732,1.082e-15,9.446e-16,5.104e-16,0.0005,2.08,0
FrontS71154,32.9903,-32.5861,7.472e-16,6.225e-16,3.222e-16,0.0011,-0.78,0
FrontS71155,35.4928,-33.1114,4.945e-20,3.468e-20,1.254e-20,0.0004,2.1,0
FrontS71156,32.9388,-32.6102,3.968e-15,3.000e-15,1.268e-15,0.0006,-0.8,0
FrontS71157,33.0103,-32.6218,6.416e-16,1.272e-15,3.825e-15,0.0007,-0.9,0
FrontS71158,35.5137,-33.0863,1.955e-11,1.376e-11,4.944e-12,0.001,2.1,0
FrontS71159,32.7945,-32.6302,3.709e-16,3.567e-16,2.324e-16,0.0003,-0.83,0
FrontS71160,35.6219,-33.0881,1.981e-15,1.603e-15,7.545e-16,0.0013,2.12,0
FrontS71161,35.7327,-33.0842,5.920e-15,4.485e-15,1.876e-15,0.0005,2.07,1
FrontS71162,32.7449,-32.6969,1.539e-14,1.138e-14,4.509e-15,0.0009,-0.8,0
FrontS71163,32.7909,-32.7719,3.867e-15,3.135e-15,1.430e-15,0.0009,-0.77,0
FrontS71164,35.7791,-32.9934,1.603e-11,1.173e-11,4.434e-12,0.0006,2.06,0
FrontS71165,35.8026,-32.9210,8.985e-15,6.723e-15,2.751e-15,0.0008,2.05,0
FrontS71166,35.7792,-32.9106,2.288e-16,3.375e-16,5.367e-16,0.0004,2.02,0
FrontS71167,35.7439,-32.8635,3.366e-12,2.248e-12,7.450e-13,0.0011,2.0,0
FrontS71168,32.7196,-32.8006,7.605e-15,5.851e-15,2.457e-15,0.0003,-0.75,1
FrontS71169,35.7948,-32.8124,1.029e-14,7.701e-15,3.168e-15,0.0005,1.98,0
FrontS71170,32.6977,-32.8973,1.857e-16,1.759e-16,1.134e-16,0.0014,-0.7,0
FrontS71171,35.6880,-32.7765,6.594e-17,6.649e-17,5.021e-17,-0.0003,1.84,0
FrontS71172,35.6528,-32.7421,1.212e-13,8.382e-14,2.890e-14,0.0012,1.92,0
FrontS71173,35.5747,-32.7023,1.403e-19,2.602e-19,6.665e-19,0.0009,1.89,0
FrontS71174,32.8197,-33.0257,2.391e-14,1.727e-14,6.563e-15,0.0019,-0.56,0
FrontS71175,35.5634,-32.6141,3.298e-11,2.401e-11,9.287e-12,0.0017,1.72,0
FrontS71176,32.8598,-33.1104,1.749e-11,1.787e-11,1.348e-11,0.0016,-0.49,1
FrontS71177,32.8641,-33.1439,8.900e-16,8.256e-16,5.036e-16,0.0011,-0.36,0
FrontS71178,35.4188,-32.5538,4.931e-14,3.425e-14,1.213e-14,0.0017,1.63,0
FrontS71179,32.9558,-33.2160,1.787e-15,1.480e-15,7.030e-16,0.0003,-0.27,0
FrontS71180,33.0514,-33.2562,6.465e-13,4.289e-13,1.339e-13,0.0007,-0.28,0
FrontS71181,33.1103,-33.3286,3.697e-15,2.981e-15,1.404e-15,0.002,-0.15,0
FrontS71182,33.1399,-33.3821,8.989e-14,6.251e-14,2.178e-14,-0.0,-0.14,0
FrontS71183,35.0875,-32.3336,2.792e-16,2.688e-16,1.827e-16,0.0006,1.38,0
FrontS71184,33.3225,-33.3799,2.233e-16,2.058e-16,1.298e-16,0.0005,-0.04,0
FrontS71185,33.4503,-33.4711,2.089e-15,1.673e-15,7.701e-16,0.0007,-0.01,0
FrontS71186,34.8469,-32.2734,9.095e-12,6.161e-12,2.061e-12,0.0008,1.25,0
FrontS71187,34.7463,-32.2246,6.432e-14,4.627e-14,1.720e-14,0.0008,1.13,0
FrontS71188,33.6830,-33.5912,2.072e-15,1.704e-15,8.154e-16,0.0001,0.19,0
FrontS71189,33.7465,-33.5983,1.829e-16,1.779e-16,1.241e-16,0.0002,0.21,0
FrontS71190,33.8364,-33.7165,2.353e-14,1.689e-14,6.104e-15,0.0012,0.36,0
FrontS71191,34.4228,-32.0962,6.584e-17,6.777e-17,5.298e-17,0.0011,0.89,0
FrontS71192,34.3151,-32.0395,1.411e-15,1.286e-15,7.349e-16,0.0008,0.83,0
FrontS71193,34.1735,-33.7899,1.075e-14,8.101e-15,3.344e-15,0.0006,0.58,1
FrontS71194,34.1572,-32.0004,1.159e-13,7.897e-14,2.753e-14,0.0018,0.73,0
FrontS71195,34.5233,-33.8776,1.355e-15,1.163e-15,6.190e-16,0.001,0.63,0
FrontS71196,34.5916,-33.7681,7.305e-14,5.218e-14,1.945e-14,0.0018,0.73,0
FrontS71197,33.6632,-31.9011,2.263e-15,1.887e-15,9.163e-16,0.0015,0.47,0
FrontS71198,33.6356,-31.8592,9.117e-16,1.590e-15,3.619e-15,-0.0,0.42,0
FrontS71199,33.5957,-31.8452,1.013e-13,6.754e-14,2.191e-14,0.0006,0.43,0
FrontS71200,35.0882,-34.0561,1.402e-14,1.062e-14,4.430e-15,0.0011,0.96,1
FrontS71201,35.2027,-34.0252,5.066e-16,4.461e-16,2.454e-16,0.0019,1.05,0
FrontS71202,35.3812,-34.0442,4.897e-15,3.771e-15,1.627e-15,0.0018,1.08,1
FrontS71203,35.4646,-34.0282,1.856e-11,1.338e-11,5.109e-12,0.0005,1.13,0
FrontS71204,32.9594,-31.6763,4.442e-15,3.471e-15,1.539e-15,0.0008,0.2,1
FrontS71205,32.7625,-31.7464,8.031e-15,5.852e-15,2.247e-15,0.0024,0.09,0
FrontS71206,32.6500,-31.7889,1.164e-13,8.004e-14,2.758e-14,0.001,-0.04,0
FrontS71207,32.6617,-31.7680,5.523e-16,9.756e-16,2.285e-15,0.0006,-0.02,0
FrontS71208,36.0314,-34.0605,1.595e-15,1.383e-15,7.183e-16,0.0011,1.37,0
FrontS71209,36.3340,-34.1976,7.807e-15,5.871e-15,2.430e-15,0.0011,1.44,0
FrontS71210,32.2877,-31.7214,1.048e-11,1.036e-11,7.501e-12,0.0003,-0.12,1
FrontS71211,36.6441,-34.1127,3.378e-15,2.869e-15,1.468e-15,0.0011,1.6,0
FrontS71212,32.0420,-31.7522,6.441e-14,4.410e-14,1.559e-14,0.0016,-0.22,0
FrontS71213,36.9138,-34.1062,4.253e-14,2.989e-14,1.068e-14,0.0004,1.7,0
FrontS71214,31.9957,-31.7943,1.599e-14,1.111e-14,3.722e-15,0.0004,-0.34,0
FrontS71215,31.6659,-31.7851,1.116e-16,1.105e-16,7.817e-17,0.0002,-0.35,0
FrontS71216,36.9069,-33.9809,9.111e-16,1.351e-15,2.263e-15,0.0002,1.77,0
FrontS71217,37.1568,-33.9986,3.184e-16,5.232e-16,1.055e-15,0.0016,1.82,0
FrontS71218,31.3326,-31.7926,5.995e-15,4.654e-15,2.016e-15,0.0014,-0.53,1
FrontS71219,31.2957,-31.8442,7.230e-14,4.897e-14,1.702e-14,0.0011,-0.51,0
FrontS71220,37.5578,-33.9739,9.091e-13,1.521e-12,3.250e-12,0.0011,1.89,0
FrontS71221,37.2063,-33.8240,2.036e-15,1.719e-15,8.610e-16,0.0002,1.94,0
FrontS71222,38.0108,-34.0218,2.076e-14,1.478e-14,5.379e-15,0.0009,1.97,0
FrontS71223,37.7982,-33.9283,4.548e-14,3.172e-14,1.150e-14,0.0005,2.0,0
FrontS71224,37.6971,-33.7743,5.340e-15,4.252e-15,1.951e-15,0.0014,1.98,0
FrontS71225,30.9683,-32.0336,7.694e-15,5.686e-15,2.297e-15,0.0008,-0.69,0
FrontS71226,37.8240,-33.7174,5.988e-15,4.524e-15,1.938e-15,0.0012,2.08,1
FrontS71227,30.6907,-32.0674,3.728e-15,3.023e-15,1.413e-15,0.0013,-0.75,0
FrontS71228,37.9784,-33.5725,4.674e-16,4.272e-16,2.574e-16,0.0007,2.07,0
FrontS71229,38.0564,-33.5861,3.792e-16,3.441e-16,2.014e-16,-0.0003,2.09,0
FrontS71230,30.6111,-32.2147,1.205e-14,9.028e-15,3.709e-15,0.0015,-0.74,0
FrontS71231,30.6032,-32.3189,1.265e-15,2.232e-15,5.083e-15,0.0005,-0.76,0
FrontS71232,38.0336,-33.4091,1.559e-16,2.661e-16,5.721e-16,0.0005,2.03,0
FrontS71233,38.1662,-33.4214,1.272e-14,9.509e-15,3.926e-15,0.0009,2.08,0
FrontS71234,30.6187,-32.4215,1.179e-14,8.379e-15,3.098e-15,0.001,-0.77,0
FrontS71235,37.9500,-33.2158,4.107e-16,6.749e-16,1.377e-15,0.0006,2.05,0
FrontS71236,38.1707,-33.1515,9.017e-14,6.113e-14,1.999e-14,0.0006,2.02,0
FrontS71237,37.9147,-33.1206,2.008e-13,1.323e-13,4.274e-14,0.0004,2.0,0
FrontS71238,30.6818,-32.6541,1.907e-14,1.446e-14,5.970e-15,0.0004,-0.7,0
FrontS71239,30.6986,-32.6840,8.337e-16,1.801e-15,6.500e-15,0.0014,-0.77,0
FrontS71240,38.1170,-32.9774,8.338e-15,6.437e-15,2.858e-15,0.0007,1.92,1
FrontS71241,37.6811,-32.7550,6.446e-15,4.882e-15,2.008e-15,0.0,1.93,1
FrontS71242,30.9405,-32.8992,2.983e-19,5.073e-19,1.102e-18,0.0003,-0.65,0
FrontS71243,37.6937,-32.7220,3.282e-16,6.180e-16,1.635e-15,0.0003,1.91,0
FrontS71244,30.8410,-33.1369,6.759e-16,1.074e-15,2.026e-15,0.0002,-0.6,0
FrontS71245,30.9910,-33.0516,7.239e-14,5.115e-14,1.843e-14,0.0011,-0.6,0
FrontS71246,37.2986,-32.4343,4.456e-18,5.822e-18,7.351e-18,0.0011,1.73,0
FrontS71247,31.0735,-33.2741,4.055e-15,3.152e-15,1.447e-15,0.0003,-0.49,1
FrontS71248,37.0941,-32.3931,8.157e-15,6.529e-15,2.918e-15,0.0005,1.67,1
FrontS71249,36.9491,-32.2892,2.272e-14,1.648e-14,6.250e-15,0.0018,1.58,0
FrontS71250,31.4799,-33.5514,7.797e-15,5.995e-15,2.611e-15,0.0013,-0.4,1
FrontS71251,36.6292,-32.0780,1.666e-15,2.513e-15,4.273e-15,0.0011,1.56,0
FrontS71252,36.5691,-31.9935,2.614e-15,2.086e-15,9.705e-16,0.0007,1.47,0
FrontS71253,31.9251,-33.8200,7.064e-15,5.470e-15,2.314e-15,0.0011,-0.22,1
FrontS71254,32.0457,-33.8885,1.121e-13,7.742e-14,2.690e-14,0.0015,-0.13,0
FrontS71255,36.0433,-31.8603,3.475e-12,4.719e-12,6.606e-12,0.0,1.3,0
FrontS71256,32.4223,-33.9572,8.291e-17,8.553e-17,6.418e-17,0.0005,-0.08,0
FrontS71257,35.7102,-31.7237,7.290e-15,5.574e-15,2.373e-15,0.001,1.27,1
FrontS71258,32.6894,-34.1755,3.063e-15,2.555e-15,1.303e-15,0.0006,0.08,0
FrontS71259,34.4669,-33.0194,4.353e-18,5.920e-18,7.863e-18,0.0009,1.17,0
FrontS71260,33.8964,-32.6540,1.698e-15,1.342e-15,6.097e-16,0.0006,0.02,0
FrontS71261,34.5039,-32.9922,2.606e-18,3.566e-18,4.682e-18,0.0012,1.32,0
FrontS71262,34.5410,-33.0517,5.224e-16,7.289e-16,1.059e-15,0.0019,1.32,0
FrontS71263,33.8890,-32.6923,3.330e-15,4.794e-15,7.348e-15,0.0002,0.02,0
FrontS71264,34.6518,-33.1116,7.430e-17,7.517e-17,5.667e-17,0.0004,1.49,0
FrontS71265,34.6367,-32.9948,2.272e-15,1.828e-15,8.808e-16,0.0006,1.64,0
FrontS71267,33.6366,-32.5592,1.620e-15,3.716e-15,1.502e-14,0.0017,-0.34,0
FrontS71268,34.7096,-33.0893,8.303e-17,8.677e-17,6.628e-17,0.0003,1.59,0
FrontS71270,34.7925,-33.0952,2.834e-17,3.077e-17,2.607e-17,0.0,1.71,0
FrontS71271,34.8057,-33.1559,1.650e-19,3.013e-19,7.452e-19,0.0012,1.62,0
FrontS71272,33.5145,-32.5253,1.810e-16,1.773e-16,1.243e-16,0.0016,-0.53,0
FrontS71274,34.9543,-33.1478,4.414e-16,4.143e-16,2.558e-16,0.0004,1.86,0
FrontS71275,33.3505,-32.5144,1.912e-15,1.537e-15,6.934e-16,0.0011,-0.65,0
FrontS71276,35.0208,-33.1418,3.308e-15,2.710e-15,1.346e-15,0.0015,1.94,0
FrontS71277,33.4071,-32.6117,1.094e-18,1.627e-18,2.597e-18,0.0013,-0.61,0
FrontS71278,33.1674,-32.4829,1.977e-15,3.598e-15,8.826e-15,0.0008,-0.71,0
FrontS71279,35.0512,-33.0968,6.069e-16,9.615e-16,1.743e-15,0.0019,1.98,0
FrontS71280,33.1920,-32.5457,8.502e-16,7.506e-16,4.141e-16,0.0009,-0.74,0
FrontS71281,33.0836,-32.5626,4.062e-15,3.223e-15,1.469e-15,0.0009,-0.75,1
FrontS71282,33.2023,-32.5471,2.636e-16,2.473e-16,1.595e-16,-0.0001,-0.74,0
FrontS71283,35.2746,-33.1151,3.626e-16,6.446e-16,1.546e-15,0.0007,2.04,0
FrontS71284,33.1826,-32.6179,2.079e-14,1.485e-14,5.557e-15,0.0009,-0.75,0
FrontS71285,35.2576,-33.0766,6.082e-12,4.082e-12,1.325e-12,0.001,2.14,0
FrontS71286,35.5112,-33.1381,1.466e-15,1.195e-15,5.898e-16,0.0014,2.12,0
FrontS71287,33.0326,-32.5123,1.433e-18,2.171e-18,3.665e-18,0.0011,-0.82,0
FrontS71288,33.0712,-32.5618,2.961e-14,2.198e-14,8.839e-15,0.0005,-0.91,0
FrontS71290,35.3639,-32.9976,8.563e-17,9.476e-17,8.017e-17,0.0012,2.23,0
FrontS71291,32.9594,-32.5737,9.140e-18,1.153e-17,1.408e-17,0.0007,-0.88,0
FrontS71292,32.9806,-32.6423,2.451e-20,5.502e-20,2.134e-19,0.0004,-0.82,0
FrontS71293,35.6291,-33.0193,1.388e-11,9.491e-12,3.315e-12,0.0012,2.11,0
FrontS71294,32.9475,-32.6230,3.562e-17,3.828e-17,3.195e-17,0.0018,-0.85,0
FrontS71295,35.5723,-33.0558,8.301e-17,9.079e-17,7.629e-17,0.001,2.12,0
FrontS71296,35.4958,-32.9693,1.233e-14,9.079e-15,3.576e-15,0.0008,2.13,0
FrontS71297,32.8420,-32.6981,5.927e-16,5.165e-16,2.802e-16,0.0014,-0.82,0
FrontS71298,35.8478,-33.0005,3.065e-15,2.573e-15,1.296e-15,0.0008,2.11,0
FrontS71299,32.7858,-32.7119,7.951e-16,7.172e-16,4.108e-16,0.0011,-0.77,0
FrontS71300,35.7244,-33.0341,7.651e-16,1.353e-15,3.184e-15,0.0004,2.09,0
FrontS71301,35.5680,-32.9272,2.030e-15,2.931e-15,4.617e-15,0.0003,2.0,0
FrontS71302,32.8057,-32.8294,4.527e-19,7.308e-19,1.428e-18,0.0005,-0.68,0
FrontS71303,32.8123,-32.7537,3.125e-15,2.499e-15,1.208e-15,0.0008,-0.74,0
FrontS71304,35.6332,-32.8865,1.149e-17,1.353e-17,1.367e-17,0.0003,1.99,0
FrontS71305,35.7631,-32.7918,1.099e-18,1.710e-18,3.234e-18,0.0005,2.02,0
FrontS71306,35.4745,-32.8574,9.887e-16,2.044e-15,6.919e-15,0.0007,1.83,0
FrontS71307,35.4315,-32.7696,1.562e-16,1.514e-16,1.014e-16,0.0009,1.84,0
FrontS71308,35.5014,-32.7144,2.917e-17,3.324e-17,3.049e-17,0.0002,1.82,0
FrontS71311,35.4741,-32.6714,5.811e-12,3.943e-12,1.321e-12,0.0009,1.8,0
FrontS71312,33.0556,-33.0620,8.804e-20,1.723e-19,5.002e-19,0.0013,-0.43,0
FrontS71313,33.0823,-33.0115,6.952e-16,1.244e-15,3.044e-15,0.0017,-0.46,0
FrontS71315,35.3525,-32.6734,1.806e-15,1.491e-15,7.019e-16,0.0003,1.68,0
FrontS71316,32.9822,-33.1436,4.229e-15,3.264e-15,1.413e-15,0.0012,-0.39,1
FrontS71317,35.3100,-32.4851,1.141e-19,2.163e-19,5.934e-19,0.0005,1.61,0
FrontS71318,33.1282,-33.2263,1.642e-16,1.614e-16,1.148e-16,0.0007,-0.31,0
FrontS71319,33.0867,-33.2412,4.835e-16,7.616e-16,1.336e-15,0.001,-0.23,0
FrontS71320,33.2198,-33.1607,1.497e-15,1.296e-15,6.790e-16,0.0001,-0.27,0
FrontS71321,35.2505,-32.4603,2.677e-16,2.429e-16,1.396e-16,0.0009,1.5,0
FrontS71322,33.2100,-33.2360,8.615e-18,1.105e-17,1.322e-17,0.0005,-0.19,0
FrontS71323,33.3061,-33.3494,1.322e-15,1.139e-15,6.119e-16,0.0012,-0.11,0
FrontS71324,35.0537,-32.3065,2.902e-18,4.088e-18,5.776e-18,0.0011,1.34,0
FrontS71325,34.9587,-32.3058,3.817e-15,3.066e-15,1.442e-15,0.0011,1.39,0
FrontS71326,34.9036,-32.3236,1.218e-19,2.112e-19,4.635e-19,0.0008,1.25,0
FrontS71327,33.4909,-33.4396,6.492e-20,4.441e-20,1.541e-20,0.0006,0.04,0
FrontS71329,33.6060,-33.5097,2.784e-19,4.815e-19,1.073e-18,0.0016,0.13,0
FrontS71330,34.6392,-32.3116,7.479e-16,6.640e-16,3.918e-16,0.0008,1.04,0
FrontS71331,34.6187,-32.1159,5.499e-20,1.141e-19,3.639e-19,0.0009,1.01,0
FrontS71332,33.7902,-33.6419,4.802e-16,4.375e-16,2.652e-16,0.0006,0.26,0
FrontS71333,33.7451,-33.7827,6.672e-16,1.266e-15,3.441e-15,-0.0003,0.27,0
FrontS71334,33.9445,-33.5619,4.362e-18,5.971e-18,8.505e-18,0.0018,0.35,0
FrontS71335,33.9824,-33.5389,3.028e-16,6.028e-16,1.814e-15,0.0003,0.37,0
FrontS71336,34.2732,-32.1790,4.846e-15,3.968e-15,1.966e-15,0.0004,0.8,0
FrontS71337,34.0576,-33.8948,8.965e-20,6.144e-20,2.034e-20,0.0014,0.44,0
FrontS71339,34.5131,-33.7525,1.130e-16,1.208e-16,9.587e-17,0.0018,0.65,0
FrontS71340,33.9913,-31.8555,2.695e-16,2.497e-16,1.504e-16,0.0014,0.64,0
FrontS71341,34.5684,-33.8070,4.992e-16,7.406e-16,1.205e-15,0.001,0.74,0
FrontS71342,34.4880,-33.8901,4.947e-19,8.322e-19,1.776e-18,0.0012,0.62,0
FrontS71343,33.9027,-31.9374,2.081e-11,1.541e-11,5.876e-12,0.0013,0.64,0
FrontS71344,34.8973,-33.8001,1.329e-17,1.573e-17,1.596e-17,0.0007,0.98,0
FrontS71345,33.4406,-31.9262,9.386e-16,2.114e-15,7.983e-15,0.0008,0.3,0
FrontS71346,33.5356,-31.9839,8.768e-18,1.099e-17,1.249e-17,0.0017,0.34,0
FrontS71347,33.4122,-32.0531,2.836e-16,5.188e-16,1.285e-15,0.0005,0.27,0
FrontS71348,33.2828,-31.6920,2.416e-17,2.822e-17,2.761e-17,0.0008,0.33,0
FrontS71349,35.2520,-34.0125,1.022e-15,9.199e-16,5.414e-16,0.0005,1.03,0
FrontS71350,35.1850,-33.8895,3.654e-16,8.283e-16,3.238e-15,0.0008,1.01,0
FrontS71351,33.0815,-31.7632,6.756e-16,1.156e-15,2.500e-15,0.0009,0.19,0
FrontS71352,32.8186,-31.7499,3.370e-18,4.432e-18,5.631e-18,0.001,0.08,0
FrontS71353,32.9106,-31.8081,8.854e-19,1.318e-18,2.095e-18,0.0015,0.1,0
FrontS71354,32.6939,-31.9452,2.867e-20,5.394e-20,1.477e-19,0.001,-0.06,0
FrontS71355,32.7664,-31.8229,9.573e-16,1.498e-15,2.651e-15,0.0001,-0.02,0
FrontS71356,32.8560,-31.8383,1.072e-15,9.381e-16,5.127e-16,0.0007,-0.03,0
FrontS71357,32.8288,-31.7933,3.297e-19,5.445e-19,1.117e-18,0.0009,-0.02,0
FrontS71358,32.4090,-31.6682,6.098e-15,4.645e-15,1.978e-15,0.0006,-0.07,1
FrontS71359,36.5181,-34.2198,1.833e-17,2.188e-17,2.262e-17,0.0013,1.54,0
FrontS71360,32.3348,-31.7358,8.164e-16,7.136e-16,3.961e-16,0.0005,-0.21,0
FrontS71361,32.6281,-31.9902,3.392e-15,2.746e-15,1.277e-15,-0.0,-0.28,0
FrontS71362,31.8392,-31.7688,2.050e-15,1.639e-15,7.893e-16,0.0008,-0.32,0
FrontS71363,32.0550,-31.9037,1.061e-15,2.655e-15,1.321e-14,0.0013,-0.39,0
FrontS71364,31.7908,-31.6742,1.115e-20,2.535e-20,1.020e-19,0.0003,-0.34,0
FrontS71365,36.9606,-34.1494,1.447e-15,2.380e-15,4.929e-15,0.0008,1.69,0
FrontS71366,36.9744,-34.0395,1.142e-20,2.598e-20,1.042e-19,-0.0003,1.71,0
FrontS71367,36.6462,-33.8561,4.890e-17,5.380e-17,4.826e-17,0.0003,1.7,0
FrontS71368,36.8163,-33.9201,3.784e-17,4.146e-17,3.469e-17,0.001,1.77,0
FrontS71369,36.8760,-33.9592,1.005e-15,1.759e-15,3.990e-15,0.0005,1.83,0
FrontS71370,31.7297,-31.9330,2.927e-17,3.178e-17,2.695e-17,0.002,-0.52,0
FrontS71371,37.1122,-33.9162,2.719e-16,2.435e-16,1.405e-16,0.0009,1.91,0
FrontS71372,36.9665,-33.7375,1.890e-14,1.410e-14,5.577e-15,-0.0003,1.87,0
FrontS71373,37.6646,-33.9816,4.313e-16,7.411e-16,1.587e-15,0.0008,1.92,0
FrontS71374,31.0747,-31.8701,7.488e-16,7.132e-16,4.567e-16,0.0006,-0.62,0
FrontS71375,31.0671,-31.8937,1.878e-11,1.483e-11,6.886e-12,0.0006,-0.6,1
FrontS71376,37.4118,-33.7833,6.153e-20,4.331e-20,1.529e-20,0.0001,1.98,0
FrontS71377,37.7348,-33.8460,6.859e-20,4.756e-20,1.610e-20,0.0007,1.98,0
FrontS71378,30.9104,-32.0202,8.917e-20,1.725e-19,4.809e-19,0.0003,-0.64,0
FrontS71379,31.4000,-32.1463,7.810e-16,1.378e-15,3.347e-15,0.0009,-0.72,0
FrontS71380,31.1495,-32.0510,2.624e-16,2.522e-16,1.688e-16,0.001,-0.71,0
FrontS71381,30.9180,-32.0746,1.009e-15,8.826e-16,4.871e-16,-0.0006,-0.69,0
FrontS71383,30.7762,-32.1195,1.436e-18,2.134e-18,3.426e-18,0.0012,-0.76,0
FrontS71384,30.9269,-32.2858,2.330e-17,2.859e-17,3.132e-17,0.0006,-0.72,0
FrontS71385,30.7579,-32.2107,7.676e-19,1.140e-18,1.897e-18,0.0012,-0.75,0
FrontS71386,31.1482,-32.2976,2.040e-17,2.315e-17,2.226e-17,0.0005,-0.76,0
FrontS71387,37.9836,-33.4853,7.767e-16,1.138e-15,1.771e-15,0.0005,2.06,0
FrontS71388,37.9939,-33.4588,3.344e-15,2.585e-15,1.093e-15,0.0007,2.08,0
FrontS71389,37.7944,-33.2926,4.712e-19,7.595e-19,1.492e-18,-0.0001,2.07,0
FrontS71390,30.3980,-32.2823,3.008e-20,6.547e-20,2.392e-19,0.0016,-0.76,0
FrontS71391,31.0056,-32.5978,2.084e-17,2.403e-17,2.323e-17,0.0002,-0.74,0
FrontS71392,30.9480,-32.4089,2.808e-14,2.024e-14,7.416e-15,0.0012,-0.75,0
FrontS71393,30.7407,-32.4240,7.491e-16,1.131e-15,1.949e-15,0.0,-0.75,0
FrontS71394,30.3391,-32.5400,8.531e-16,1.235e-15,1.894e-15,0.0012,-0.74,0
FrontS71395,37.6221,-32.9639,3.181e-16,2.882e-16,1.667e-16,0.0019,2.03,0
FrontS71396,30.8385,-32.6169,8.274e-19,1.347e-18,2.652e-18,-0.0001,-0.7,0
FrontS71397,37.6146,-33.0051,7.076e-16,6.121e-16,3.293e-16,0.0009,1.92,0
FrontS71398,37.6894,-32.9090,2.563e-11,1.861e-11,7.342e-12,0.0011,1.94,0
FrontS71399,30.4963,-32.7341,9.051e-19,1.388e-18,2.451e-18,0.0016,-0.74,0
FrontS71400,37.7163,-32.7761,1.258e-15,3.040e-15,1.403e-14,0.0008,1.87,0
FrontS71401,30.8919,-32.8593,6.698e-20,4.626e-20,1.654e-20,0.0015,-0.59,0
FrontS71402,37.3650,-32.7579,2.664e-17,2.996e-17,2.808e-17,0.0016,1.88,0
FrontS71403,37.2318,-32.7625,2.380e-16,2.225e-16,1.352e-16,0.0004,1.81,0
FrontS71404,30.4716,-32.9658,4.924e-19,7.969e-19,1.546e-18,0.0012,-0.7,0
FrontS71405,31.1355,-33.0284,6.513e-16,6.024e-16,3.855e-16,0.001,-0.62,0
FrontS71406,31.0914,-33.1515,2.032e-16,3.813e-16,9.869e-16,0.0005,-0.55,0
FrontS71407,31.3408,-33.1256,3.847e-17,4.168e-17,3.560e-17,0.0011,-0.52,0
FrontS71408,31.1630,-33.3099,1.137e-16,1.153e-16,8.852e-17,0.0003,-0.51,0
FrontS71409,37.2192,-32.2702,6.222e-16,5.299e-16,2.808e-16,0.0009,1.67,0
FrontS71410,37.3987,-32.4419,2.663e-16,4.762e-16,1.132e-15,0.0005,1.78,0
FrontS71412,31.3600,-33.5505,1.605e-15,1.331e-15,6.595e-16,0.0002,-0.38,0
FrontS71413,36.9499,-32.3825,5.983e-18,8.108e-18,1.069e-17,0.0005,1.66,0
FrontS71414,31.7151,-33.4567,6.981e-17,7.624e-17,6.421e-17,0.0008,-0.38,0
FrontS71415,31.5078,-33.6380,7.298e-17,7.194e-17,5.146e-17,0.0004,-0.3,0
FrontS71416,31.6901,-33.7377,9.318e-16,8.043e-16,4.337e-16,0.0009,-0.27,0
FrontS71417,36.3003,-32.0480,1.289e-17,1.565e-17,1.683e-17,0.0005,1.47,0
FrontS71418,32.1268,-33.7058,3.398e-16,3.216e-16,2.086e-16,-0.0004,-0.21,0
FrontS71419,36.0621,-32.0488,5.288e-20,3.683e-20,1.330e-20,0.0011,1.42,0
FrontS71420,35.8790,-31.9242,1.191e-18,1.828e-18,3.199e-18,-0.0001,1.39,0
FrontS71421,32.3956,-33.8963,5.160e-16,4.789e-16,2.972e-16,0.0013,-0.06,0
FrontS71423,32.5209,-34.2167,6.758e-16,6.170e-16,3.836e-16,0.0006,0.03,0
FrontS71424,32.8125,-34.0828,7.802e-18,9.628e-18,1.115e-17,0.0012,0.03,0
FrontS71425,32.9956,-34.2195,1.937e-17,2.303e-17,2.346e-17,0.002,0.13,0
FrontS71426,33.2274,-34.0555,2.619e-20,4.875e-20,1.305e-19,0.0004,0.16,0
FrontS71427,35.0456,-31.6918,2.545e-14,1.795e-14,6.327e-15,0.0004,1.01,0
FrontS71428,35.0176,-31.5525,9.442e-16,1.443e-15,2.437e-15,0.001,1.05,0
FrontS71429,34.6971,-31.5384,4.192e-16,7.901e-16,2.097e-15,0.001,0.95,0
FrontS71430,33.5311,-34.2313,2.932e-16,2.824e-16,1.869e-16,0.0005,0.31,0
FrontS72369,-27.2776,8.8739,2.210e-20,5.022e-20,2.012e-19,0.0014,5.54,0
FrontS72370,-27.3263,8.9721,1.041e-17,1.215e-17,1.204e-17,0.0003,5.4,0
FrontS72371,-28.9768,9.4818,4.606e-20,9.306e-20,2.834e-19,-0.0003,5.04,0
FrontS72373,-27.1502,9.5638,2.470e-16,2.335e-16,1.532e-16,0.0004,4.59,0
FrontS72374,-27.6137,9.0547,1.503e-19,2.623e-19,6.017e-19,0.0,5.71,0
FrontS72375,-27.7717,9.3356,1.437e-16,1.422e-16,9.867e-17,0.0004,4.62,0
FrontS72378,-27.7047,9.1733,4.731e-18,6.358e-18,8.288e-18,0.0005,4.87,0
FrontS72379,-27.6229,9.1413,2.234e-18,3.068e-18,4.038e-18,0.0004,4.88,0
FrontS72380,-27.8740,9.2155,2.117e-17,2.313e-17,1.927e-17,0.0009,5.01,0
FrontS72381,-27.9582,9.1915,1.498e-15,1.227e-15,5.935e-16,0.0,5.07,0
FrontS72382,-29.5222,9.2789,2.827e-18,3.948e-18,5.573e-18,0.0006,5.19,0
FrontS72383,-27.9204,9.1862,1.807e-16,3.912e-16,1.450e-15,0.0004,5.08,0
FrontS72384,-28.4044,8.2350,4.167e-20,8.344e-20,2.523e-19,0.0004,5.8,0
FrontS72385,-27.2960,9.2406,7.497e-16,6.318e-16,3.289e-16,0.0014,5.02,0
FrontS72386,-27.5797,9.4003,1.736e-19,3.008e-19,6.592e-19,0.0009,4.65,0
FrontS72387,-27.7706,8.3928,6.191e-16,1.222e-15,3.600e-15,-0.0005,6.02,0
FrontS72388,-27.7517,9.2245,4.815e-20,3.263e-20,1.109e-20,0.0012,4.77,0
FrontS72390,-28.1527,9.0246,5.529e-17,5.762e-17,4.441e-17,-0.0003,5.4,0
FrontS72394,-27.8810,8.9870,3.291e-16,4.943e-16,8.299e-16,-0.0001,5.58,0
FrontS72396,-28.2437,9.3086,3.790e-19,5.901e-19,1.095e-18,0.0007,5.01,0
FrontS72397,-27.6896,9.5251,2.874e-19,4.746e-19,9.562e-19,0.0008,4.36,0
FrontS72398,-27.7177,9.0191,1.659e-16,2.659e-16,5.035e-16,0.0004,5.65,0
FrontS72399,-27.5201,9.2413,1.017e-15,1.618e-15,3.136e-15,0.0012,4.88,0
FrontS72400,-27.8915,8.2986,7.286e-18,8.971e-18,9.806e-18,0.001,6.04,0
FrontS72401,-27.9766,9.3553,8.895e-18,1.079e-17,1.145e-17,0.0003,4.88,0
FrontS72402,-28.1988,10.1586,4.093e-19,6.699e-19,1.327e-18,0.0001,4.55,0
FrontS72403,-27.9239,10.2138,1.018e-18,1.595e-18,3.020e-18,0.0007,4.41,0
FrontS72404,-29.8308,8.7885,3.702e-19,6.020e-19,1.176e-18,0.0002,5.27,0
FrontS72406,-28.1316,9.2595,3.299e-18,4.422e-18,5.773e-18,0.0003,5.03,0
FrontS72410,-27.3170,9.3842,2.016e-16,1.908e-16,1.195e-16,0.001,4.74,0
FrontS72411,-27.9975,8.8948,9.445e-16,7.768e-16,3.750e-16,0.0011,5.66,0
FrontS72412,-27.5600,9.2321,1.560e-19,2.733e-19,6.263e-19,0.0001,4.77,0
FrontS72414,-27.9895,8.8664,8.613e-17,8.138e-17,5.434e-17,0.0004,5.74,0
FrontS72416,-27.6067,9.2616,7.038e-20,1.335e-19,3.753e-19,0.0003,4.7,0
FrontS72418,-27.5162,8.9776,6.199e-17,6.741e-17,5.535e-17,0.0015,5.57,0
FrontS72419,-27.7971,9.3387,4.851e-20,9.670e-20,2.886e-19,0.0014,4.77,0
FrontS72420,-27.6777,9.0320,1.625e-15,1.358e-15,6.979e-16,0.0007,5.84,0
FrontS72421,-27.9036,8.8316,2.047e-18,2.846e-18,3.994e-18,0.0016,5.85,0
FrontS72422,-27.8862,9.3821,1.589e-20,3.288e-20,1.102e-19,0.0009,4.69,0
FrontS72423,-28.3928,9.8870,2.890e-18,3.975e-18,5.434e-18,0.0005,4.68,0
FrontS72424,-29.8117,6.7442,3.952e-18,5.120e-18,6.305e-18,-0.0001,5.56,0
FrontS72427,-26.7551,10.5497,3.171e-17,3.308e-17,2.706e-17,0.0012,4.46,0
FrontS72428,-27.7588,9.1719,6.887e-19,1.095e-18,1.965e-18,0.0019,4.61,0
FrontS72429,-27.7445,9.1005,2.689e-18,3.554e-18,4.690e-18,0.001,5.62,0
FrontS72431,-28.0369,9.2860,1.434e-20,2.795e-20,8.376e-20,0.0003,4.98,0
FrontS72432,-27.7322,9.0754,1.988e-18,2.710e-18,3.687e-18,0.0001,5.85,0
FrontS72433,-28.3407,8.9957,3.311e-18,4.495e-18,5.965e-18,0.001,5.36,0
FrontS72434,-27.0702,8.8493,2.354e-17,2.641e-17,2.329e-17,0.0009,5.49,0
FrontS72435,-26.9305,8.1626,4.160e-20,2.867e-20,1.009e-20,0.0003,5.72,0
FrontS72436,-28.0497,9.0960,1.351e-19,2.374e-19,5.545e-19,0.0011,5.31,0
FrontS72437,-27.6419,7.9545,1.871e-16,1.832e-16,1.278e-16,0.0002,5.87,0
FrontS72438,-27.6197,9.1118,4.488e-17,4.648e-17,3.597e-17,0.0014,5.12,0
FrontS72440,-27.8088,9.0328,1.960e-16,2.849e-16,4.399e-16,0.0009,5.67,0
FrontS72441,-27.7497,8.5484,1.228e-17,1.417e-17,1.376e-17,0.0012,6.16,0
FrontS72446,-27.7656,9.7250,6.724e-18,8.260e-18,9.197e-18,0.0006,4.36,0
FrontS72449,-27.4012,9.1098,3.638e-20,7.193e-20,2.205e-19,0.0006,5.14,0
FrontS72451,-29.1386,7.1979,1.964e-17,2.184e-17,1.946e-17,0.0011,5.74,0
FrontS72453,-27.8803,8.6151,1.413e-19,2.518e-19,6.043e-19,-0.0003,5.99,0
FrontS72454,-27.0825,8.2193,1.560e-17,1.827e-17,1.823e-17,0.0014,5.78,0
FrontS72455,-27.6262,9.1652,4.149e-18,5.407e-18,6.964e-18,0.001,4.72,0
FrontS72456,-27.7240,9.1477,4.219e-20,2.896e-20,1.011e-20,0.0003,4.73,0
FrontS72459,-27.6178,9.1060,1.497e-18,2.126e-18,3.010e-18,-0.0002,5.26,0
FrontS72463,-26.9304,8.4988,6.371e-20,1.277e-19,3.940e-19,0.0005,5.63,0
FrontS72464,-27.9036,9.1075,2.002e-17,2.257e-17,1.983e-17,0.0012,5.26,0
FrontS72465,-28.1338,9.1779,2.845e-19,4.597e-19,9.154e-19,-0.0001,5.19,0
FrontS72469,-28.0200,8.6798,4.467e-20,8.786e-20,2.638e-19,-0.0002,5.97,0
FrontS72470,-27.3229,7.6443,2.426e-15,1.941e-15,8.845e-16,0.0008,6.01,0
FrontS72474,-27.4524,9.1382,1.474e-19,2.741e-19,7.267e-19,0.001,5.05,0
FrontS72475,-27.8338,9.0864,1.779e-20,3.646e-20,1.171e-19,0.0002,5.34,0
FrontS72476,-27.7673,9.5432,4.822e-20,9.976e-20,3.214e-19,0.0001,4.39,0
FrontS72478,-27.3233,9.0907,2.798e-19,4.846e-19,1.066e-18,0.0003,5.25,0
FrontS72480,-27.7196,9.1212,3.082e-17,3.041e-17,2.219e-17,0.001,5.3,0
FrontS72481,-27.1450,10.7328,7.665e-20,1.463e-19,3.843e-19,0.0003,4.42,0
FrontS72483,-28.6474,7.3961,1.272e-18,1.823e-18,2.729e-18,0.0013,5.86,0
FrontS72485,-27.5264,8.9347,1.676e-19,2.855e-19,6.365e-19,0.0004,5.71,0
FrontS72486,-27.5795,9.1200,9.525e-18,1.232e-17,1.553e-17,0.0011,4.8,0
FrontS72487,-27.7356,8.5282,1.341e-19,2.352e-19,5.278e-19,0.0007,6.19,0
FrontS72489,-27.6659,9.0642,1.733e-18,2.477e-18,3.879e-18,-0.0001,5.61,0
FrontS72492,-28.1027,9.0840,1.306e-20,2.952e-20,1.181e-19,0.0003,5.3,0
FrontS72493,-27.0113,9.3060,5.096e-13,3.403e-13,1.059e-13,0.0006,5.04,0
FrontS72494,-30.2072,9.3825,7.403e-12,6.014e-12,2.860e-12,0.0007,5.18,1
FrontS72498,-27.7069,9.1916,4.724e-20,8.835e-20,2.376e-19,0.0015,4.77,0
FrontS72499,-27.6234,9.1029,1.392e-20,2.922e-20,1.006e-19,0.0006,5.85,0
FrontS72500,-27.6977,9.1094,1.257e-16,1.202e-16,7.971e-17,0.0007,5.39,0
FrontS72501,-27.4097,8.8425,1.349e-17,1.593e-17,1.605e-17,0.0009,5.53,0
FrontS72503,-28.2918,9.7360,2.816e-20,5.547e-20,1.634e-19,0.0013,4.66,0
FrontS72504,-27.2019,8.2697,9.490e-17,9.181e-17,6.172e-17,0.0003,5.91,0
FrontS72505,-27.9092,9.2584,3.468e-20,7.354e-20,2.558e-19,0.0003,5.01,0
FrontS72508,-27.7070,9.0755,2.246e-20,4.635e-20,1.531e-19,0.0009,5.83,0
FrontS72509,-27.5333,9.4725,5.680e-20,3.775e-20,1.229e-20,0.0006,4.5,0
FrontS72510,-27.9155,11.6836,1.462e-16,1.465e-16,1.045e-16,0.001,4.49,0
FrontS72511,-27.4742,9.1265,1.852e-11,1.317e-11,4.811e-12,0.0005,5.09,0
FrontS72512,-27.7096,9.1343,5.788e-20,3.898e-20,1.241e-20,0.0002,5.0,0
FrontS72513,-27.4098,9.0726,8.365e-19,1.257e-18,2.147e-18,0.0008,5.22,0
FrontS72514,-27.5530,9.1231,2.479e-20,4.783e-20,1.377e-19,0.0002,5.01,0
FrontS72515,-27.6617,9.1148,1.121e-19,1.912e-19,4.236e-19,0.0014,5.18,0
FrontS72516,-26.8454,9.5380,4.432e-12,2.951e-12,9.797e-13,0.0006,4.92,0
FrontS72519,-28.1880,9.8505,2.821e-20,5.621e-20,1.717e-19,-0.0,4.62,0
FrontS72520,-27.6275,9.1293,9.111e-19,1.405e-18,2.570e-18,0.0003,5.04,0
FrontS72521,-28.1347,8.7629,1.997e-20,4.273e-20,1.486e-19,0.0015,5.8,0
FrontS72522,-27.7601,9.3190,1.512e-16,1.474e-16,9.955e-17,0.0007,4.73,0
FrontS72524,-28.9327,7.8846,7.220e-17,7.043e-17,4.849e-17,0.0013,5.74,0
FrontS72525,-28.6341,9.8112,5.457e-16,1.088e-15,3.307e-15,0.0005,4.73,0
FrontS72529,-27.7814,9.3682,6.446e-12,7.207e-12,6.466e-12,0.0007,4.67,0
FrontS72532,-30.1836,8.8035,1.695e-19,2.937e-19,6.609e-19,0.0002,5.29,0
FrontS72534,-27.7133,9.1110,7.042e-17,7.667e-17,6.571e-17,0.0006,5.66,0
FrontS72535,-26.9855,9.3270,2.837e-20,5.628e-20,1.606e-19,-0.0004,4.86,0
FrontS72536,-28.6937,7.9728,1.125e-17,1.325e-17,1.331e-17,0.0006,5.79,0
FrontS72538,-27.6832,9.3019,3.489e-20,7.267e-20,2.303e-19,0.0003,4.62,0
FrontS72539,-27.0296,8.9694,3.917e-18,5.114e-18,6.216e-18,0.0005,5.35,0
FrontS72541,-27.6847,9.0305,1.215e-18,1.851e-18,3.239e-18,0.0002,5.78,0
FrontS72542,-29.2979,10.7143,3.188e-20,6.239e-20,1.787e-19,0.0008,4.69,0
FrontS72543,-28.2811,8.3506,1.536e-19,2.665e-19,6.120e-19,0.0011,5.76,0
FrontS72544,-27.9094,9.7194,1.595e-16,1.532e-16,1.022e-16,0.0003,4.53,0
FrontS72546,-27.6028,9.0488,3.460e-20,7.204e-20,2.286e-19,0.0013,5.46,0
FrontS72549,-27.0550,8.1131,1.139e-17,1.256e-17,1.100e-17,0.0007,5.86,0
FrontS72551,-27.4702,9.3104,1.337e-20,2.812e-20,9.709e-20,0.0016,4.76,0
FrontS72552,-27.5427,9.4958,7.348e-20,1.394e-19,3.678e-19,0.0003,4.37,0
FrontS72554,-27.2729,8.9547,6.588e-18,8.062e-18,8.792e-18,0.0004,5.44,0
FrontS72555,-27.9106,9.4327,8.382e-19,1.283e-18,2.202e-18,0.0015,4.65,0
FrontS72556,-27.4943,9.1238,4.322e-20,7.735e-20,1.898e-19,0.0009,5.16,0
FrontS72557,-27.4009,9.2586,1.872e-17,2.132e-17,1.994e-17,0.0009,4.84,0
FrontS72558,-28.0317,8.2527,5.769e-17,5.925e-17,4.601e-17,0.0006,6.02,0
FrontS72559,-28.1072,10.5075,1.933e-19,3.400e-19,7.916e-19,0.0019,4.38,0
FrontS72560,-27.5555,9.4180,2.680e-19,4.635e-19,1.069e-18,0.001,4.56,0
FrontS72561,-27.6552,8.5941,1.733e-19,3.082e-19,7.192e-19,0.0001,5.99,0
FrontS72563,-27.8795,9.8054,2.089e-18,2.882e-18,4.031e-18,0.0013,4.5,0
FrontS72564,-28.2719,9.3694,5.283e-20,9.866e-20,2.672e-19,0.0011,4.97,0
FrontS72565,-27.5940,9.1925,9.221e-18,1.123e-17,1.220e-17,0.0005,4.72,0
FrontS72566,-28.2104,10.8470,2.834e-19,4.888e-19,1.084e-18,0.0004,4.41,0
FrontS72567,-27.6470,9.3649,1.674e-20,3.401e-20,1.105e-19,0.0009,4.52,0
FrontS72569,-27.3535,9.1827,2.897e-17,3.170e-17,2.823e-17,0.0003,4.96,0
FrontS72570,-27.8251,8.3791,1.026e-17,1.231e-17,1.326e-17,0.0008,6.02,0
FrontS72571,-27.8850,9.8465,1.014e-17,1.254e-17,1.405e-17,0.0007,4.37,0
FrontS72572,-27.3646,9.9772,3.979e-20,2.822e-20,1.005e-20,0.0001,4.45,0
FrontS72576,-27.7826,8.9983,3.217e-19,5.195e-19,1.002e-18,0.0001,5.64,0
FrontS72577,-27.7023,9.2134,4.777e-16,4.217e-16,2.356e-16,0.0002,4.6,0
FrontS72579,-28.2090,11.0753,3.087e-16,5.463e-16,1.322e-15,0.0012,4.38,0
FrontS72581,-27.6365,9.0270,1.339e-19,2.395e-19,5.786e-19,0.0007,5.71,0
FrontS72582,-25.5875,11.7295,2.496e-18,3.413e-18,4.502e-18,0.0011,4.82,0
FrontS72584,-28.4217,9.4819,1.130e-16,1.113e-16,7.584e-17,0.0012,5.03,0
FrontS72585,-27.8857,9.0441,6.601e-20,1.299e-19,3.749e-19,0.0004,5.46,0
FrontS72587,-27.6536,9.3222,7.362e-16,6.494e-16,3.587e-16,0.0004,4.59,0
FrontS72588,-27.7153,9.1129,1.388e-16,1.328e-16,8.472e-17,0.0003,5.85,0
FrontS72592,-27.7031,8.7141,1.758e-16,1.709e-16,1.193e-16,-0.0004,5.96,0
FrontS72593,-28.6659,8.5737,4.463e-20,8.854e-20,2.622e-19,0.0001,5.64,0
FrontS72596,-27.5387,8.9888,1.007e-17,1.219e-17,1.348e-17,0.0004,5.67,0
FrontS72598,-27.5392,8.9311,1.260e-15,1.008e-15,4.599e-16,0.0002,5.65,0
FrontS72599,-27.4066,8.8082,1.894e-18,2.481e-18,3.172e-18,0.0005,5.67,0
FrontS72600,-27.4929,9.9309,4.571e-16,8.862e-16,2.629e-15,0.0007,4.39,0
FrontS72601,-27.5370,9.2099,2.359e-20,5.481e-20,2.161e-19,0.0001,4.85,0
FrontS72602,-27.4547,9.2176,2.541e-17,2.815e-17,2.396e-17,0.0001,4.9,0
FrontS72603,-27.3196,9.1913,5.676e-18,7.101e-18,8.030e-18,0.0013,5.01,0
FrontS72604,-27.7640,9.0942,2.109e-20,4.573e-20,1.610e-19,0.0015,5.61,0
FrontS72607,-27.0563,9.0591,1.130e-20,2.396e-20,8.533e-20,0.0005,5.14,0
FrontS72608,-28.1951,8.4211,6.564e-20,4.383e-20,1.408e-20,0.0008,5.78,0
FrontS72609,-27.2492,9.1186,1.523e-16,1.434e-16,9.560e-17,0.0011,5.16,0
FrontS72611,-26.9025,8.9332,3.343e-20,6.649e-20,1.961e-19,0.0006,5.24,0
FrontS72612,-27.7515,8.7549,5.383e-17,5.750e-17,4.743e-17,0.0003,5.91,0
FrontS72613,-29.0244,7.2854,2.874e-17,3.018e-17,2.401e-17,0.0011,5.79,0
FrontS72615,-27.5213,9.1619,4.584e-20,9.177e-20,2.671e-19,0.0005,4.93,0
FrontS72616,-28.0403,7.9459,2.060e-19,3.392e-19,6.774e-19,0.0002,5.99,0
FrontS72620,-27.8382,8.8565,1.123e-16,1.109e-16,7.771e-17,0.0004,5.8,0
FrontS72621,-27.8631,9.1515,1.758e-19,3.096e-19,6.949e-19,0.0011,5.15,0
FrontS72622,-28.2361,8.9798,5.157e-19,8.202e-19,1.577e-18,0.0003,5.33,0
FrontS72623,-27.2142,8.7069,1.455e-17,1.694e-17,1.707e-17,0.0,6.11,0
FrontS72626,-27.1026,8.7119,3.824e-16,3.582e-16,2.244e-16,0.0001,5.72,1
FrontS72627,-27.2180,9.1628,5.134e-16,4.543e-16,2.583e-16,-0.0001,4.98,0
FrontS72628,-27.6871,8.9790,1.423e-20,3.336e-20,1.390e-19,0.0006,5.65,0
FrontS72629,-27.7736,9.3256,1.587e-16,1.524e-16,1.002e-16,-0.0002,4.7,0
FrontS72630,-27.1742,8.8932,4.694e-17,5.071e-17,4.203e-17,0.0016,5.72,0
FrontS72632,-27.6010,9.0305,6.849e-18,8.232e-18,8.887e-18,-0.0008,5.52,0
FrontS72633,-28.3437,9.1357,5.425e-18,6.880e-18,8.146e-18,0.0013,5.25,0
FrontS72634,-27.8964,9.1094,1.869e-18,2.644e-18,3.699e-18,-0.0001,5.29,0
FrontS72636,-27.4737,8.8162,1.525e-20,3.307e-20,1.223e-19,0.0008,5.78,0
FrontS72637,-27.8575,8.9768,5.875e-20,1.085e-19,2.852e-19,0.0004,5.67,0
FrontS72639,-28.1650,9.4758,1.722e-11,1.470e-11,7.557e-12,0.0004,4.45,1
FrontS72640,-28.2972,8.9990,2.943e-16,2.659e-16,1.545e-16,0.0006,5.62,0
FrontS72641,-27.6433,9.5583,1.419e-20,2.906e-20,9.049e-20,0.0008,4.42,0
FrontS72643,-27.5692,9.1111,1.949e-20,3.629e-20,9.402e-20,0.0011,5.13,0
FrontS72644,-27.3984,9.7185,5.129e-19,8.247e-19,1.565e-18,0.0016,4.46,0
FrontS72645,-28.1374,9.0468,2.284e-11,1.655e-11,6.388e-12,0.0001,5.5,0
FrontS72646,-27.9598,9.7138,1.724e-11,1.240e-11,4.693e-12,0.0013,4.46,0
FrontS72647,-27.6844,8.6825,2.860e-18,3.859e-18,5.237e-18,0.0005,6.06,0
FrontS72648,-27.6339,9.4143,2.447e-18,3.502e-18,5.312e-18,0.001,4.55,0
FrontS72649,-27.2719,9.0855,8.456e-17,8.044e-17,5.408e-17,0.0006,5.24,0
FrontS72650,-27.9314,8.6830,2.233e-16,4.285e-16,1.187e-15,0.001,5.85,0
FrontS72651,-27.9729,8.9099,1.771e-19,3.045e-19,6.734e-19,0.001,5.66,0
FrontS72653,-27.5575,8.7212,2.662e-18,3.610e-18,4.734e-18,0.0006,6.04,0
FrontS72654,-27.0995,9.0652,4.912e-16,4.100e-16,2.123e-16,0.0009,5.2,0
FrontS72655,-27.9125,8.6666,2.950e-17,3.292e-17,3.088e-17,0.0014,6.05,0
FrontS72656,-27.8430,8.8932,4.241e-17,4.634e-17,4.042e-17,0.0012,5.72,0
FrontS72657,-28.1123,9.1800,1.118e-11,8.019e-12,3.059e-12,0.0012,5.22,0
FrontS72659,-27.7884,8.6127,1.609e-20,3.109e-20,8.801e-20,0.0013,5.97,0
FrontS72660,-27.7015,9.0541,2.733e-16,2.485e-16,1.417e-16,0.0012,5.55,0
FrontS72662,-27.5498,9.1017,3.960e-16,6.964e-16,1.689e-15,0.0003,5.15,0
FrontS72663,-27.7448,9.8602,3.988e-16,3.634e-16,2.139e-16,0.0006,4.49,0
FrontS72664,-27.1402,8.9389,1.679e-17,1.964e-17,1.914e-17,0.0011,5.55,0
FrontS72665,-27.8280,9.4261,5.465e-16,4.735e-16,2.593e-16,0.0019,4.65,0
FrontS72666,-27.5671,9.2673,9.030e-12,6.378e-12,2.228e-12,0.0009,4.87,0
FrontS72667,-27.6293,9.3694,1.530e-17,1.705e-17,1.557e-17,0.0006,4.68,0
FrontS72669,-27.2789,9.0383,2.589e-17,3.012e-17,3.009e-17,0.0002,5.28,0
FrontS72670,-27.7097,9.1823,1.428e-17,1.633e-17,1.524e-17,0.0005,4.97,0
FrontS72671,-27.2582,8.7556,3.210e-16,6.495e-16,2.088e-15,0.0004,5.85,0
FrontS72672,-27.9865,9.1411,3.546e-20,6.938e-20,2.083e-19,-0.0001,5.26,0
FrontS72673,-27.8341,8.6813,1.816e-17,2.101e-17,2.005e-17,0.0011,5.94,0
FrontS72674,-27.6305,8.6391,1.294e-17,1.504e-17,1.488e-17,0.0003,5.98,0
FrontS72678,-27.5001,8.6519,4.277e-16,3.611e-16,1.878e-16,0.0006,5.92,0
FrontS72679,-27.5403,8.9881,2.989e-19,5.090e-19,1.109e-18,0.0008,5.51,0
FrontS72681,-27.8306,9.2745,2.330e-18,3.347e-18,5.124e-18,0.0011,4.59,0
FrontS72682,-27.9713,8.8174,5.291e-19,8.169e-19,1.451e-18,0.0002,5.84,0
FrontS72683,-27.9088,9.2871,7.449e-18,8.823e-18,8.961e-18,0.0007,4.89,0
FrontS72685,-27.3445,9.0231,2.201e-11,1.648e-11,6.553e-12,0.0002,5.36,0
FrontS72686,-27.3885,8.6963,4.330e-20,3.002e-20,1.054e-20,0.0013,6.07,0
FrontS72687,-27.6871,8.9104,2.423e-11,2.023e-11,1.022e-11,0.0017,5.75,1
FrontS72688,-27.9104,9.2979,1.714e-20,4.228e-20,1.974e-19,0.0001,4.78,0
FrontS72689,-28.4315,9.4709,5.627e-17,5.828e-17,4.648e-17,0.0001,4.76,0
FrontS72690,-27.8563,9.6047,4.725e-19,7.522e-19,1.413e-18,0.0009,4.38,0
FrontS72691,-27.2842,8.7569,2.562e-18,3.275e-18,3.891e-18,0.001,5.71,0
FrontS72692,-28.3939,9.4934,2.488e-15,1.941e-15,8.698e-16,-0.0002,4.75,1
FrontS72693,-27.7388,9.2599,4.467e-20,3.050e-20,1.076e-20,0.001,4.88,0
FrontS72694,-28.0003,9.2174,2.761e-15,2.251e-15,1.079e-15,0.0004,5.13,0
FrontS72696,-28.0437,9.1429,2.433e-20,4.799e-20,1.390e-19,0.0004,5.17,0
FrontS72697,-27.2236,9.1200,4.049e-16,3.595e-16,1.975e-16,0.0012,4.94,0
FrontS72698,-27.5445,9.7389,4.977e-20,9.691e-20,2.792e-19,0.0008,4.41,0
FrontS72699,-27.5766,9.2961,1.280e-18,1.719e-18,2.331e-18,0.0009,4.74,0
FrontS72700,-28.2273,9.1503,1.036e-17,1.275e-17,1.404e-17,0.0013,5.27,0
FrontS72702,-27.7569,8.7823,5.591e-18,7.015e-18,8.185e-18,0.0011,5.88,0
FrontS72703,-27.3380,9.6188,1.548e-15,3.731e-15,1.726e-14,0.0007,4.32,0
FrontS72704,-27.7984,9.5454,7.047e-17,7.094e-17,5.175e-17,0.0002,4.43,0
FrontS72705,-27.8148,9.3228,4.079e-16,6.714e-16,1.343e-15,-0.0001,4.74,0
FrontS72706,-27.7958,9.5996,4.522e-20,3.074e-20,1.058e-20,0.0012,4.35,0
FrontS72707,-28.3889,9.0356,2.105e-18,2.911e-18,4.310e-18,0.0006,5.32,0
FrontS72708,-27.5205,9.0941,1.325e-19,2.263e-19,4.992e-19,0.0002,5.22,0
FrontS72709,-27.4204,8.4826,1.660e-18,2.359e-18,3.373e-18,0.001,5.85,0
FrontS72710,-27.2919,9.0686,3.401e-19,5.489e-19,1.032e-18,0.001,5.18,0
FrontS72712,-27.3248,9.0599,3.192e-17,3.442e-17,2.850e-17,0.0017,5.28,0
FrontS72713,-28.1380,9.0327,2.103e-20,4.334e-20,1.397e-19,0.0001,5.51,0
FrontS72714,-28.1723,9.4281,4.802e-20,3.326e-20,1.136e-20,0.0005,4.72,0
FrontS72715,-27.3087,9.3102,5.244e-20,3.556e-20,1.189e-20,-0.0,4.78,0
FrontS72717,-27.4462,8.7594,8.707e-16,7.420e-16,3.812e-16,0.0019,6.19,0
FrontS72718,-27.5934,9.3041,7.653e-17,7.266e-17,4.763e-17,0.0002,4.76,0
FrontS72719,-28.2368,9.1543,3.543e-16,6.604e-16,1.686e-15,0.0005,5.37,0
FrontS72720,-27.3440,8.7564,5.488e-16,4.763e-16,2.558e-16,0.0005,5.73,0
FrontS72721,-27.7774,9.3177,1.905e-16,1.758e-16,1.087e-16,-0.0002,4.75,0
FrontS72722,-27.5402,8.8963,3.358e-16,3.059e-16,1.810e-16,0.0009,5.76,0
FrontS72723,-27.8634,9.0521,4.395e-17,4.524e-17,3.459e-17,0.0001,5.32,0
FrontS72724,-27.9351,9.0542,7.632e-16,1.850e-15,8.533e-15,0.0016,5.7,0
FrontS72726,-27.5160,9.0216,4.884e-16,4.325e-16,2.427e-16,0.001,5.36,0
FrontS72727,-27.3743,9.5119,4.572e-19,7.372e-19,1.398e-18,0.0003,4.39,0
FrontS72729,-27.4012,8.8948,1.211e-20,2.488e-20,8.000e-20,0.0001,5.59,0
FrontS72730,-27.5157,9.3624,7.696e-17,7.736e-17,5.498e-17,-0.0001,4.59,0
FrontS72731,-28.0076,8.8392,1.041e-16,9.569e-17,5.621e-17,-0.0002,5.74,0
FrontS72733,-27.3376,9.0354,4.938e-20,3.361e-20,1.142e-20,0.0006,5.4,0
FrontS72734,-28.0953,8.9953,2.078e-16,1.991e-16,1.315e-16,0.0,5.6,0
FrontS72735,-27.7578,8.9831,1.536e-18,2.251e-18,3.585e-18,0.0012,5.56,0
FrontS72736,-27.2499,9.2948,4.968e-20,1.030e-19,3.337e-19,0.001,4.45,0
FrontS72739,-27.7984,9.2982,8.832e-18,1.084e-17,1.147e-17,0.0004,4.73,0
FrontS72740,-27.4020,8.9199,4.443e-20,3.122e-20,1.068e-20,0.0,5.57,0
FrontS72742,-27.6149,8.9068,2.040e-20,4.092e-20,1.238e-19,0.0011,5.76,0
FrontS72743,-27.8592,8.9270,2.147e-19,3.515e-19,7.134e-19,0.0005,5.97,0
FrontS72744,-27.4594,9.4888,2.594e-18,3.420e-18,4.435e-18,0.0002,4.43,0
FrontS72745,-28.1017,8.8986,4.601e-16,8.644e-16,2.339e-15,0.0009,5.67,0
FrontS72747,-28.1361,8.9782,2.816e-17,3.031e-17,2.519e-17,0.0016,5.73,0
FrontS72748,-27.5497,8.8814,2.504e-18,3.505e-18,4.994e-18,-0.0006,5.7,0
FrontS72749,-27.8494,9.1404,4.401e-16,4.033e-16,2.347e-16,0.0001,5.15,0
FrontS72750,-27.3686,8.6986,1.346e-16,1.270e-16,8.221e-17,0.0012,6.06,0
FrontS72751,-27.4220,8.9054,3.224e-15,2.461e-15,1.012e-15,0.0012,5.61,1
FrontS72752,-27.4851,8.8320,1.044e-19,1.899e-19,4.527e-19,0.0011,5.74,0
FrontS72753,-27.6050,8.8563,1.028e-17,1.270e-17,1.385e-17,0.0003,5.71,0
FrontS72755,-27.4859,9.4982,4.925e-20,3.356e-20,1.135e-20,0.0006,4.35,0
FrontS72756,-28.1713,9.3206,1.598e-15,1.252e-15,5.643e-16,0.0011,5.07,0
FrontS72757,-27.4703,8.6857,1.020e-17,1.224e-17,1.268e-17,0.0008,6.02,0
FrontS72759,-28.0476,8.7504,1.998e-16,1.919e-16,1.253e-16,0.0009,6.02,0
FrontS72761,-27.5337,9.3649,3.255e-16,6.800e-16,2.232e-15,0.0003,4.64,0
FrontS72763,-27.5223,8.8439,1.353e-19,2.579e-19,6.919e-19,0.0005,5.73,0
FrontS72764,-27.3648,9.4278,3.890e-20,7.382e-20,2.025e-19,0.0004,4.78,0
FrontS72765,-27.7005,9.2820,1.727e-19,3.071e-19,7.190e-19,0.0011,4.74,0
FrontS72766,-27.8110,9.6590,1.447e-17,1.604e-17,1.470e-17,0.0004,4.37,0
FrontS72767,-27.8742,9.5363,9.561e-19,1.392e-18,2.201e-18,-0.0002,4.53,0
FrontS72768,-27.8464,9.4545,9.099e-19,1.361e-18,2.288e-18,0.0001,4.58,0
FrontS72769,-27.8915,9.3461,1.545e-19,2.574e-19,5.359e-19,0.0001,4.76,0
FrontS72770,-27.5116,8.9400,1.252e-16,1.248e-16,8.840e-17,-0.0004,5.59,0
FrontS72771,-27.5087,8.7051,3.132e-16,2.879e-16,1.807e-16,-0.0007,5.95,0
FrontS72772,-27.4825,8.8161,1.088e-16,1.077e-16,7.783e-17,0.0007,5.8,0
FrontS72773,-27.5639,8.9518,1.764e-20,3.752e-20,1.294e-19,-0.0003,5.64,0
FrontS72774,-27.3579,8.7096,7.999e-17,7.978e-17,5.548e-17,-0.0,5.86,0
FrontS72775,-27.3639,8.6781,8.968e-16,2.317e-15,1.219e-14,0.0011,5.89,0
FrontS72776,-27.3959,8.7222,5.839e-20,3.839e-20,1.196e-20,0.0013,5.82,0
FrontS72777,-27.5811,8.6812,2.055e-19,3.595e-19,8.391e-19,0.0002,5.92,0
FrontS72778,-27.7800,9.2418,8.562e-19,1.261e-18,1.936e-18,0.0,4.83,0
FrontS72779,-27.8676,9.4022,5.254e-16,4.647e-16,2.567e-16,0.0013,4.65,0
FrontS72780,-27.7623,9.4199,5.961e-19,8.987e-19,1.477e-18,0.0009,4.58,0
FrontS72781,-27.8328,9.5198,9.576e-16,8.055e-16,4.103e-16,0.0002,4.56,0
FrontS72782,-27.8571,9.2144,4.521e-15,3.543e-15,1.628e-15,0.0008,4.94,1
FrontS72783,-27.5933,8.7405,2.779e-20,5.754e-20,1.817e-19,0.0007,5.95,0
FrontS72784,-27.4583,8.6409,3.617e-17,3.741e-17,2.955e-17,0.0007,5.92,0
FrontS72785,-27.7650,9.4338,1.607e-19,2.937e-19,7.334e-19,0.0013,4.62,0
FrontS72788,-27.8628,9.4976,2.439e-16,3.621e-16,5.883e-16,0.0003,4.49,0
FrontS72790,-27.4162,8.5420,6.041e-19,9.726e-19,1.845e-18,0.0003,5.99,0
FrontS72793,-27.4051,8.6271,7.287e-12,5.242e-12,1.896e-12,0.0014,5.93,0
FrontS72794,-27.4467,8.6589,1.007e-20,2.409e-20,1.026e-19,0.0011,5.96,0
FrontS72800,-27.9201,9.4767,1.989e-15,1.599e-15,7.504e-16,0.0006,4.65,0
FrontS72801,-27.4994,8.8313,3.862e-18,5.367e-18,7.831e-18,0.0007,5.72,0
FrontS72803,-27.4760,8.7139,4.673e-20,3.218e-20,1.093e-20,0.0008,5.9,0
FrontS72804,-27.5681,8.6613,2.257e-18,2.960e-18,3.662e-18,0.0013,5.99,0
FrontS72805,-27.5416,8.8117,1.745e-18,2.379e-18,3.174e-18,0.0014,5.7,0
FrontS72806,-27.9746,9.5322,2.830e-20,5.677e-20,1.694e-19,0.001,4.63,0
FrontS72807,-27.4192,8.7155,8.966e-19,1.351e-18,2.246e-18,0.0008,5.88,0
FrontS72810,-27.8440,9.4186,1.190e-17,1.445e-17,1.512e-17,0.0001,4.58,0
FrontS72811,-28.0743,9.5372,4.188e-20,2.878e-20,1.017e-20,0.0003,4.53,0
FrontS72812,-27.7867,9.6276,1.133e-18,1.614e-18,2.427e-18,0.0001,4.31,0
FrontS72814,-27.5357,8.5485,2.274e-19,3.960e-19,9.124e-19,0.0006,5.96,0
FrontS72815,-27.6218,9.4833,3.624e-18,4.830e-18,6.178e-18,0.001,4.54,0
FrontS72817,-27.9095,9.4434,1.450e-15,1.209e-15,6.099e-16,0.0012,4.64,0
FrontS72818,-27.4260,8.6072,3.902e-19,6.171e-19,1.132e-18,-0.0002,5.99,0
FrontS72821,-27.8895,9.5926,9.960e-17,1.014e-16,7.419e-17,0.0004,4.51,0
FrontS72822,-27.3836,8.6339,4.456e-19,6.996e-19,1.224e-18,-0.0004,5.91,0
FrontS72824,-27.9227,9.6072,4.248e-20,2.935e-20,1.039e-20,0.0002,4.43,0
FrontS72825,-27.5818,8.8217,2.284e-20,5.059e-20,1.823e-19,0.0008,5.75,0
FrontS72827,-27.9101,9.4523,1.877e-18,2.582e-18,3.690e-18,0.0001,4.62,0
FrontS72828,-27.7470,9.5095,5.484e-16,5.032e-16,3.177e-16,0.0007,4.61,0
FrontS72829,-27.8761,9.4997,1.761e-16,1.654e-16,1.035e-16,0.0008,4.54,0
FrontS72830,-27.8493,9.6193,8.519e-17,8.478e-17,6.190e-17,0.0007,4.49,0
FrontS72831,-27.5520,8.5964,6.593e-16,5.422e-16,2.726e-16,0.0012,6.03,0
FrontS72833,-27.8333,9.4671,1.241e-15,2.104e-15,4.419e-15,0.0005,4.59,0
FrontS72835,-27.9888,9.6665,1.191e-16,1.136e-16,7.236e-17,0.0012,4.45,0
FrontS72836,-27.5326,8.7449,1.155e-15,1.724e-15,2.907e-15,0.0,5.84,0
FrontS72837,-27.3068,8.4241,1.054e-19,1.918e-19,4.860e-19,-0.0,5.96,0
FrontS72838,-27.7411,9.6467,2.202e-17,2.527e-17,2.371e-17,0.0003,4.35,0
FrontS72839,-27.7925,9.4416,3.159e-17,3.675e-17,3.651e-17,0.0004,4.61,0
FrontS72840,-27.4647,8.6724,6.495e-18,8.123e-18,9.174e-18,0.0007,5.83,0
FrontS72842,-27.3965,8.7155,4.710e-17,5.085e-17,4.215e-17,0.0011,5.87,0
FrontS72843,-27.7438,9.5209,1.204e-15,2.297e-15,6.387e-15,0.001,4.49,0
FrontS72844,-27.4593,8.7997,4.782e-18,6.093e-18,6.946e-18,0.001,5.8,0
FrontS72846,-27.8504,9.6394,1.614e-11,1.112e-11,3.848e-12,0.0001,4.39,0
FrontS72847,-27.8480,9.5950,4.742e-13,3.147e-13,9.994e-14,0.001,4.4,0
FrontS72848,-27.9031,9.5276,2.033e-15,1.575e-15,6.846e-16,0.001,4.58,0
FrontS72849,-27.4174,8.7185,2.158e-17,2.376e-17,2.027e-17,0.0008,5.79,0
FrontS72850,-27.7228,9.6553,1.077e-16,2.078e-16,5.789e-16,0.0007,4.35,0
FrontS72852,-27.3503,8.4637,1.841e-19,3.215e-19,7.177e-19,0.0008,5.99,0
FrontS72853,-27.4843,8.6643,2.996e-17,3.205e-17,2.602e-17,0.0007,5.86,0
FrontS72854,-27.3463,8.5169,1.552e-15,1.251e-15,5.981e-16,0.0011,5.95,0
FrontS72855,-27.4556,8.5690,1.370e-20,2.942e-20,1.024e-19,0.0003,5.98,0
FrontS72856,-28.0844,9.8204,8.253e-16,6.804e-16,3.294e-16,0.0014,4.56,0
FrontS72857,-27.5088,8.6583,4.388e-20,3.068e-20,1.058e-20,0.0003,5.9,0
FrontS72858,-27.5111,8.6534,1.957e-15,1.574e-15,7.198e-16,-0.0001,5.93,0
FrontS72859,-27.4733,8.5228,9.859e-17,9.975e-17,7.540e-17,0.0007,5.9,0
FrontS72861,-27.8879,9.6500,3.461e-19,5.758e-19,1.210e-18,-0.0006,4.4,0
FrontS72862,-27.5225,8.5471,1.231e-15,2.998e-15,1.347e-14,0.0008,6.06,0
FrontS72863,-27.8532,9.4190,5.023e-18,6.352e-18,7.532e-18,0.0004,4.68,0
FrontS72865,-27.8540,9.5620,6.396e-19,9.168e-19,1.404e-18,0.0007,4.57,0
FrontS72867,-27.7589,9.5073,1.826e-15,1.514e-15,7.749e-16,0.0018,4.5,0
FrontS72868,-27.3227,8.5520,7.889e-18,9.392e-18,9.522e-18,0.0012,5.97,0
FrontS72869,-27.3485,8.4019,1.254e-20,2.697e-20,9.687e-20,0.0006,5.96,0
FrontS72870,-28.1245,9.5497,2.489e-11,2.082e-11,1.037e-11,0.0001,4.73,1
FrontS72871,-27.9028,9.9447,2.558e-18,3.554e-18,4.987e-18,0.001,4.4,0
FrontS72872,-27.9809,9.6668,1.090e-15,2.339e-15,8.288e-15,0.0003,4.36,0
FrontS72873,-27.9138,9.5899,2.040e-18,2.854e-18,4.219e-18,-0.0,4.41,0
FrontS72874,-27.8466,9.6311,2.221e-20,4.805e-20,1.743e-19,0.0005,4.44,0
FrontS72875,-27.8623,9.5147,1.424e-18,2.120e-18,3.457e-18,0.0003,4.45,0
FrontS72876,-27.5810,8.6648,1.541e-18,2.045e-18,2.649e-18,-0.0004,5.99,0
FrontS72877,-27.4757,8.6468,1.424e-11,1.038e-11,4.061e-12,0.0009,5.89,0
FrontS72878,-28.0218,9.6325,3.552e-16,3.377e-16,2.249e-16,0.0003,4.44,0
FrontS72879,-27.5349,8.6483,3.436e-18,4.671e-18,6.159e-18,0.0007,5.8,0
FrontS72880,-27.8578,9.6257,1.744e-19,3.105e-19,7.196e-19,0.0009,4.3,0
FrontS72881,-27.5431,8.6243,4.174e-15,3.194e-15,1.354e-15,0.0008,5.96,1
FrontS72882,-27.9261,9.7966,1.007e-14,7.495e-15,2.958e-15,0.0007,4.35,0
FrontS72883,-27.9514,9.7791,1.499e-16,1.436e-16,9.619e-17,0.0001,4.53,0
FrontS72884,-27.5998,8.6689,7.667e-16,1.190e-15,2.134e-15,0.001,5.88,0
FrontS72885,-27.8663,9.6660,8.871e-18,1.088e-17,1.158e-17,0.0005,4.41,0
FrontS72886,-27.2656,8.6681,1.702e-19,2.740e-19,5.275e-19,0.001,5.78,0
FrontS72889,-27.2972,8.4751,2.549e-17,2.883e-17,2.711e-17,0.001,5.99,0
FrontS72890,-27.4447,8.5958,3.689e-15,2.833e-15,1.207e-15,0.0005,5.99,1
FrontS72892,-27.4617,8.4148,1.636e-19,2.799e-19,6.190e-19,0.0003,5.99,0
FrontS72894,-27.4082,8.3612,4.879e-20,3.313e-20,1.118e-20,0.0011,6.0,0
FrontS72895,-27.4513,8.6488,8.799e-19,1.307e-18,2.104e-18,-0.0003,5.98,0
FrontS72896,-27.4220,8.4047,4.875e-19,7.958e-19,1.605e-18,0.0007,6.01,0
FrontS72898,-28.1682,9.7095,7.324e-16,6.185e-16,3.204e-16,0.0018,4.67,0
FrontS72899,-27.9724,9.4196,4.749e-16,9.579e-16,3.051e-15,0.001,4.63,0
FrontS72900,-27.8832,9.6642,8.293e-17,8.544e-17,6.695e-17,0.0003,4.36,0
FrontS72901,-27.8834,9.5143,1.662e-16,2.573e-16,4.534e-16,0.0005,4.53,0
FrontS72902,-27.9516,9.8288,5.512e-20,1.025e-19,2.751e-19,-0.0002,4.37,0
FrontS72903,-27.3440,8.4259,1.595e-19,2.796e-19,6.446e-19,0.0009,5.88,0
FrontS72906,-27.3798,8.3119,1.801e-19,3.188e-19,7.294e-19,0.0002,5.87,0
FrontS72907,-27.9496,9.7347,3.880e-16,3.382e-16,1.871e-16,0.0006,4.44,0
FrontS72908,-27.4014,8.4532,4.670e-15,3.663e-15,1.584e-15,0.0011,5.95,1
FrontS72909,-27.8450,9.6293,1.618e-11,1.184e-11,4.570e-12,0.0004,4.5,0
FrontS72910,-27.3781,8.6456,8.903e-19,1.287e-18,2.049e-18,0.0009,5.95,0
FrontS72911,-27.9614,9.7325,2.896e-16,2.502e-16,1.327e-16,0.0007,4.36,0
FrontS72912,-28.0651,10.0163,4.160e-16,3.595e-16,1.991e-16,0.0007,4.5,0
FrontS72913,-27.9725,9.7528,1.469e-19,2.553e-19,5.539e-19,0.0008,4.37,0
FrontS72914,-27.3674,8.4886,1.604e-19,2.883e-19,7.035e-19,0.0008,5.93,0
FrontS72915,-27.3297,8.5275,3.110e-17,3.288e-17,2.762e-17,0.0001,5.93,0
FrontS72916,-28.0990,9.8732,3.278e-16,2.950e-16,1.700e-16,0.0011,4.49,0
FrontS72918,-27.3361,8.5258,1.805e-17,2.197e-17,2.343e-17,0.0009,5.89,0
FrontS72920,-27.8310,9.6359,2.945e-15,2.401e-15,1.195e-15,0.001,4.41,0
FrontS72921,-27.3829,8.4753,3.553e-16,5.591e-16,1.053e-15,0.0012,6.01,0
FrontS72923,-27.2911,8.4083,3.517e-17,3.939e-17,3.613e-17,-0.0005,5.92,0
FrontS72924,-27.8517,9.9625,9.861e-19,1.511e-18,2.643e-18,0.0018,4.44,0
FrontS72925,-27.3945,8.4949,4.245e-20,2.908e-20,1.022e-20,0.0003,6.03,0
FrontS72926,-27.3594,8.3733,8.314e-16,1.409e-15,2.996e-15,0.0014,6.01,0
FrontS72927,-27.9640,9.8511,1.057e-18,1.561e-18,2.520e-18,0.0003,4.34,0
FrontS72928,-27.9397,9.7885,1.168e-17,1.371e-17,1.329e-17,0.0013,4.47,0
FrontS72929,-28.0256,9.9651,1.063e-20,2.263e-20,7.788e-20,0.0001,4.48,0
FrontS72930,-28.1323,9.7238,1.124e-17,1.231e-17,1.089e-17,0.0003,4.49,0
FrontS72931,-27.3657,8.4810,5.399e-18,6.888e-18,8.209e-18,0.0008,5.93,0
FrontS72932,-27.4707,8.4293,9.015e-19,1.375e-18,2.382e-18,0.001,5.99,0
FrontS72936,-27.3402,8.4875,1.388e-16,1.321e-16,8.502e-17,0.0008,5.94,0
FrontS72937,-27.2980,8.3541,3.528e-14,2.475e-14,8.557e-15,0.0012,6.02,0
FrontS72938,-27.4425,8.3636,3.542e-18,4.788e-18,6.460e-18,-0.0002,6.08,0
FrontS72940,-27.9455,9.8937,4.520e-20,3.108e-20,1.066e-20,0.0006,4.48,0
FrontS72941,-27.2914,8.2568,4.406e-17,4.586e-17,3.703e-17,-0.0008,5.95,0
FrontS72942,-27.2831,8.2233,2.135e-16,2.072e-16,1.359e-16,0.0005,5.88,0
FrontS72943,-27.9459,9.8010,4.349e-18,5.742e-18,7.450e-18,0.0004,4.42,0
FrontS72944,-27.9178,9.7644,1.499e-18,2.099e-18,3.083e-18,0.0004,4.47,0
FrontS72945,-28.0824,9.8798,5.296e-20,1.093e-19,3.561e-19,-0.0003,4.48,0
FrontS72946,-27.8738,9.8436,6.412e-18,8.038e-18,9.105e-18,0.0003,4.49,0
FrontS72949,-27.3630,8.2738,1.542e-19,2.745e-19,6.509e-19,0.0008,5.97,0
FrontS72950,-27.2507,8.4081,1.096e-16,1.932e-16,4.555e-16,0.0009,5.98,0
FrontS72951,-28.0904,9.8201,2.895e-17,3.155e-17,2.697e-17,0.0009,4.55,0
FrontS72952,-27.9731,9.7776,5.866e-16,5.015e-16,2.559e-16,0.0005,4.49,0
FrontS72953,-28.0591,10.1109,3.155e-16,2.769e-16,1.568e-16,0.0008,4.5,0
FrontS72954,-27.1826,8.3395,4.154e-20,2.850e-20,1.004e-20,0.001,5.82,0
FrontS72955,-27.1639,8.3072,1.099e-17,1.329e-17,1.410e-17,0.0008,5.84,0
FrontS72956,-27.1686,8.2157,1.119e-17,1.385e-17,1.532e-17,0.0002,5.88,0
FrontS72958,-28.0946,9.9363,1.064e-17,1.305e-17,1.449e-17,0.0003,4.55,0
FrontS72959,-27.4194,8.3806,1.135e-16,1.089e-16,7.398e-17,0.0006,5.9,0
FrontS72960,-27.3519,8.2789,2.442e-19,4.163e-19,9.028e-19,0.0008,5.98,0
FrontS72961,-27.5082,8.4549,4.288e-20,3.025e-20,1.073e-20,0.0007,6.06,0
FrontS72962,-28.1359,9.9788,6.400e-16,1.137e-15,2.700e-15,0.0003,4.49,0
FrontS72964,-28.1242,10.2976,5.673e-16,4.800e-16,2.418e-16,-0.0002,4.45,0
FrontS72965,-28.0362,9.9942,2.711e-20,5.461e-20,1.682e-19,0.0006,4.44,0
FrontS72966,-28.1571,9.8629,2.849e-17,3.126e-17,2.633e-17,0.0004,4.59,0
FrontS72967,-28.0763,9.9708,3.674e-17,3.794e-17,2.842e-17,0.0009,4.49,0
FrontS72968,-27.1144,8.3187,3.619e-19,5.970e-19,1.258e-18,0.0011,5.86,0
FrontS72969,-28.0207,9.8746,2.542e-16,4.975e-16,1.458e-15,0.0014,4.49,0
FrontS72971,-28.0492,10.0499,2.880e-17,3.170e-17,2.891e-17,0.0007,4.48,0
FrontS72972,-27.3065,8.3548,2.399e-16,2.166e-16,1.261e-16,-0.0001,5.87,0
FrontS72973,-27.3407,8.4021,6.421e-16,5.427e-16,2.825e-16,0.0005,5.96,0
FrontS72974,-27.1138,8.1530,9.506e-17,9.605e-17,7.127e-17,0.0004,5.8,0
FrontS72975,-28.0680,10.0784,5.255e-15,3.819e-15,1.474e-15,0.0005,4.48,0
FrontS72976,-28.1087,10.0406,9.709e-19,1.382e-18,2.042e-18,0.0012,4.51,0
FrontS72977,-27.2345,8.3369,2.582e-18,3.539e-18,4.955e-18,0.001,5.95,0
FrontS72979,-28.0516,10.1015,1.456e-17,1.674e-17,1.616e-17,0.002,4.56,0
FrontS72980,-27.2945,8.2508,4.359e-19,7.123e-19,1.351e-18,0.0005,5.85,0
FrontS72982,-28.1865,10.1459,1.971e-18,2.533e-18,3.118e-18,0.0008,4.49,0
FrontS72983,-28.1456,10.0788,1.915e-19,3.174e-19,6.358e-19,0.0002,4.56,0
FrontS72984,-28.2155,10.1139,8.932e-16,7.580e-16,3.863e-16,-0.0002,4.56,0
FrontS72985,-27.2435,8.0780,4.051e-17,4.075e-17,3.030e-17,0.0007,5.86,0
FrontS72986,-28.2335,10.1900,1.435e-16,1.431e-16,1.001e-16,0.0,4.55,0
FrontS72987,-27.3133,8.1135,6.206e-18,8.207e-18,1.039e-17,0.0008,5.97,0
FrontS72988,-28.0792,10.2771,3.309e-18,4.424e-18,5.646e-18,0.0012,4.5,0
FrontS72989,-28.0447,9.9777,8.395e-18,9.770e-18,9.791e-18,0.0009,4.49,0
FrontS72990,-28.1166,10.0200,9.709e-18,1.216e-17,1.420e-17,0.0012,4.51,0
FrontS72991,-28.1931,10.0600,4.816e-17,5.330e-17,4.708e-17,0.0009,4.65,0
FrontS72992,-27.3950,8.1330,8.048e-19,1.272e-18,2.346e-18,0.0005,5.89,0
FrontS72994,-28.2954,10.1795,4.505e-16,6.768e-16,1.181e-15,0.0,4.55,0
FrontS72996,-27.2160,8.2145,4.587e-16,3.999e-16,2.152e-16,-0.0003,5.86,0
FrontS72997,-28.2088,10.4834,7.987e-17,7.834e-17,5.410e-17,0.0006,4.46,0
FrontS72998,-27.0823,8.0672,3.706e-16,5.908e-16,1.097e-15,0.0009,5.92,0
FrontS72999,-28.2790,10.2110,3.799e-18,4.917e-18,5.972e-18,0.0014,4.6,0
FrontS73000,-27.2940,8.0476,6.026e-18,7.344e-18,8.114e-18,0.001,5.94,0
FrontS73001,-28.1071,10.1445,4.760e-19,7.635e-19,1.409e-18,-0.0003,4.59,0
FrontS73002,-27.0999,8.0954,2.154e-11,1.606e-11,6.210e-12,0.0009,5.96,0
FrontS73003,-28.2404,10.2915,4.173e-17,4.682e-17,4.353e-17,0.0009,4.49,0
FrontS73004,-28.1682,10.2337,6.643e-16,1.014e-15,1.711e-15,0.0002,4.54,0
FrontS73005,-28.1718,10.2805,1.179e-16,1.871e-16,3.554e-16,0.001,4.5,0
FrontS73006,-27.1439,7.9582,2.563e-16,2.268e-16,1.265e-16,0.001,5.82,0
FrontS73007,-27.2043,7.8628,1.544e-19,2.728e-19,6.287e-19,0.0004,5.93,0
FrontS73008,-28.0943,10.2654,6.876e-17,6.675e-17,4.484e-17,0.0005,4.47,0
FrontS73012,-27.3629,7.9559,1.660e-16,1.557e-16,1.002e-16,-0.0002,5.94,0
FrontS73013,-27.0892,8.1696,1.161e-19,2.027e-19,4.589e-19,0.0009,5.82,0
FrontS73014,-27.2138,8.0453,1.376e-17,1.675e-17,1.783e-17,0.0009,5.94,0
FrontS73015,-27.0658,7.8663,7.334e-19,1.135e-18,2.082e-18,0.0004,5.89,0
FrontS73016,-27.6810,9.1200,4.769e-15,3.668e-15,1.545e-15,0.001,2.81,1
FrontS73017,-27.1670,8.0866,2.620e-15,2.192e-15,1.138e-15,0.0004,5.86,0
FrontS73018,-28.1910,10.1051,1.898e-11,1.578e-11,7.930e-12,0.0003,4.6,1
FrontS73020,-27.1768,8.0425,4.022e-16,3.697e-16,2.200e-16,0.0004,5.88,0
FrontS73021,-28.1774,10.1040,6.416e-16,5.347e-16,2.670e-16,-0.0001,4.54,0
FrontS73022,-28.1679,10.1569,1.033e-14,7.957e-15,3.545e-15,0.001,4.52,0
FrontS73023,-28.1068,10.1588,1.110e-15,9.318e-16,4.715e-16,0.0015,4.54,0
FrontS73024,-27.2043,7.9818,1.217e-15,9.885e-16,4.809e-16,0.0011,5.95,0
FrontS73025,-27.2470,7.9861,9.221e-16,7.672e-16,3.890e-16,-0.0007,5.98,0
FrontS73026,-28.1005,10.1633,6.917e-16,5.921e-16,2.998e-16,0.0001,4.55,0
FrontS73027,-27.2494,8.0002,2.565e-14,1.868e-14,7.218e-15,0.0013,5.96,0
FrontS73028,-27.2771,8.0336,6.772e-15,5.149e-15,2.125e-15,0.0012,5.96,1
FrontS73029,-27.3061,8.0271,1.193e-14,8.946e-15,3.722e-15,0.0001,5.98,0
FrontS73030,-28.0446,10.3096,2.546e-16,4.705e-16,1.220e-15,0.0006,4.43,0
FrontS73032,-27.3272,7.8895,9.757e-14,6.665e-14,2.231e-14,0.0013,5.96,0
FrontS73033,-28.0196,10.3119,2.058e-15,1.616e-15,7.085e-16,-0.0004,4.47,0
FrontS73034,-28.0126,10.3943,1.506e-14,1.066e-14,3.701e-15,0.0005,4.44,0
FrontS73035,-27.4047,7.9345,3.782e-15,2.967e-15,1.355e-15,0.0012,5.92,1
FrontS73036,-27.9815,10.3851,2.276e-15,1.831e-15,8.532e-16,0.0009,4.42,0
FrontS73037,-27.9529,10.3721,5.723e-16,5.160e-16,3.012e-16,0.001,4.49,0
FrontS73038,-27.4088,7.8337,4.144e-15,3.257e-15,1.392e-15,0.0002,6.01,1
FrontS73039,-27.8866,10.3369,5.500e-16,4.874e-16,2.804e-16,0.0006,4.36,0
FrontS73040,-27.4353,7.8176,1.757e-14,1.312e-14,5.314e-15,0.0011,5.94,0
FrontS73041,-27.8860,10.4442,1.612e-15,1.337e-15,6.774e-16,0.0005,4.37,0
FrontS73042,-27.8722,10.4338,1.843e-17,2.127e-17,2.039e-17,-0.0001,4.29,0
FrontS73043,-27.5505,7.8120,2.127e-14,1.537e-14,5.728e-15,0.0005,5.94,0
FrontS73044,-27.7947,10.3661,1.195e-14,8.770e-15,3.571e-15,-0.0003,4.4,0
FrontS73045,-27.7781,10.4358,5.012e-16,4.234e-16,2.202e-16,0.0007,4.4,0
FrontS73046,-27.7765,10.5278,1.190e-15,9.923e-16,4.897e-16,-0.0008,4.41,0
FrontS73047,-27.7338,10.4394,1.237e-16,1.234e-16,8.765e-17,0.0009,4.48,0
FrontS73048,-27.7875,10.4953,1.143e-15,9.224e-16,4.369e-16,0.0013,4.37,0
FrontS73049,-27.7218,10.4373,1.872e-17,2.165e-17,2.026e-17,0.0007,4.46,0
FrontS73050,-27.6658,7.7440,2.320e-15,1.912e-15,9.417e-16,0.0009,6.04,0
FrontS73051,-27.6476,10.5028,5.693e-15,4.131e-15,1.563e-15,0.0001,4.44,0
FrontS73052,-27.6925,7.6694,1.413e-11,1.102e-11,4.861e-12,0.0015,6.03,1
FrontS73053,-27.6185,10.4720,1.989e-20,4.072e-20,1.320e-19,0.001,4.35,0
FrontS73054,-27.5738,10.5207,3.386e-15,2.663e-15,1.235e-15,0.0007,4.45,0
FrontS73055,-27.7431,7.7450,2.749e-16,5.589e-16,1.739e-15,0.0015,6.03,0
FrontS73056,-27.5179,10.4650,8.800e-15,6.434e-15,2.537e-15,0.0012,4.46,0
FrontS73057,-27.8412,7.7564,3.705e-14,2.590e-14,9.435e-15,0.0011,6.04,0
FrontS73058,-27.8330,7.8188,3.647e-15,2.843e-15,1.229e-15,-0.0001,5.99,1
FrontS73059,-27.4772,10.5517,2.056e-16,3.125e-16,5.490e-16,0.0002,4.34,0
FrontS73060,-27.8757,7.6778,3.899e-14,2.725e-14,9.664e-15,0.0009,5.97,0
FrontS73061,-27.8549,7.7586,7.689e-15,5.942e-15,2.620e-15,0.0008,6.04,1
FrontS73062,-27.9857,7.7262,9.771e-15,7.298e-15,2.911e-15,0.0012,5.97,0
FrontS73063,-27.9759,7.7166,9.023e-15,6.307e-15,2.311e-15,0.0001,5.98,0
FrontS73064,-27.2975,10.5183,1.472e-15,1.175e-15,5.469e-16,0.001,4.4,0
FrontS73065,-28.1226,7.6912,4.381e-16,7.830e-16,1.901e-15,0.0011,5.99,0
FrontS73066,-27.1857,10.5077,1.373e-15,1.159e-15,6.003e-16,0.0009,4.44,0
FrontS73067,-28.1421,7.7081,3.459e-18,4.560e-18,5.843e-18,0.0,6.07,0
FrontS73068,-27.2143,10.5636,2.312e-15,1.742e-15,7.444e-16,0.0017,4.42,1
FrontS73069,-28.2165,7.8332,6.199e-15,4.777e-15,1.991e-15,-0.0001,6.0,1
FrontS73070,-28.1787,7.8600,8.002e-17,8.047e-17,6.026e-17,0.0007,5.88,0
FrontS73071,-28.3040,7.7610,3.038e-16,7.073e-16,2.819e-15,0.0002,5.85,0
FrontS73072,-28.2052,7.8232,8.712e-14,6.020e-14,2.126e-14,-0.0002,5.89,0
FrontS73073,-28.3358,7.8780,5.535e-15,4.104e-15,1.620e-15,0.0002,5.95,0
FrontS73074,-28.3686,7.8507,6.598e-12,4.586e-12,1.643e-12,0.0006,5.92,0
FrontS73075,-28.3970,7.8434,9.710e-16,2.056e-15,7.034e-15,0.0011,5.99,0
FrontS73076,-28.3836,7.8441,9.053e-15,6.794e-15,2.726e-15,0.0015,5.88,0
FrontS73077,-26.9050,10.3859,6.687e-20,4.384e-20,1.374e-20,-0.0001,4.53,0
FrontS73078,-26.9332,10.3032,5.659e-16,5.003e-16,2.841e-16,-0.0005,4.51,0
FrontS73079,-26.7624,10.3149,1.871e-15,1.478e-15,6.646e-16,-0.0002,4.56,0
FrontS73080,-28.4935,8.0004,7.909e-15,5.995e-15,2.515e-15,0.0004,5.82,1
FrontS73081,-28.6185,7.9410,9.899e-16,8.486e-16,4.527e-16,0.0015,5.78,0
FrontS73082,-28.6654,7.9501,4.788e-16,8.985e-16,2.473e-15,0.0004,5.84,0
FrontS73083,-26.8005,10.1368,1.764e-14,1.240e-14,4.553e-15,0.0015,4.53,0
FrontS73084,-28.7095,8.0567,4.817e-15,3.636e-15,1.525e-15,0.0006,5.77,1
FrontS73085,-26.6984,10.1182,1.406e-13,9.684e-14,3.248e-14,0.0007,4.61,0
FrontS73086,-28.7985,8.0869,1.058e-13,7.444e-14,2.619e-14,0.0001,5.69,0
FrontS73087,-26.5747,10.1350,2.068e-16,1.967e-16,1.290e-16,0.0009,4.68,0
FrontS73088,-26.6398,10.0084,3.791e-15,2.895e-15,1.225e-15,0.001,4.72,1
FrontS73089,-26.5526,10.0219,2.728e-16,2.390e-16,1.377e-16,0.0017,4.65,0
FrontS73090,-26.4669,10.0217,3.311e-14,2.357e-14,8.409e-15,0.0005,4.71,0
FrontS73091,-28.7890,8.3268,4.835e-16,4.228e-16,2.310e-16,0.0017,5.68,0
FrontS73092,-28.8895,8.3587,1.266e-14,8.973e-15,3.253e-15,0.0002,5.65,0
FrontS73093,-28.9094,8.4102,4.520e-14,3.231e-14,1.242e-14,0.0014,5.68,0
FrontS73094,-28.9636,8.3992,7.684e-16,6.722e-16,3.623e-16,0.0008,5.6,0
FrontS73095,-28.9839,8.4367,1.927e-14,1.428e-14,5.700e-15,0.0005,5.49,0
FrontS73096,-28.9530,8.5335,5.153e-19,8.095e-19,1.472e-18,0.0006,5.47,0
FrontS73097,-29.0456,8.5641,8.824e-18,1.013e-17,9.491e-18,0.002,5.55,0
FrontS73098,-26.1975,9.6946,9.867e-16,8.042e-16,3.829e-16,0.0012,4.82,0
FrontS73099,-29.0599,8.6608,6.246e-15,4.726e-15,2.033e-15,0.0005,5.47,1
FrontS73100,-29.0574,8.7765,4.230e-20,2.940e-20,1.020e-20,0.0007,5.46,0
FrontS73101,-26.2632,9.4519,2.178e-16,2.077e-16,1.369e-16,0.0002,4.99,0
FrontS73102,-26.1828,9.4415,1.113e-13,7.703e-14,2.669e-14,0.0009,4.99,0
FrontS73103,-29.2097,8.8671,3.650e-15,2.831e-15,1.211e-15,-0.0001,5.38,1
FrontS73104,-26.2670,9.3013,1.786e-14,1.284e-14,4.797e-15,0.0005,5.04,0
FrontS73105,-29.1912,9.0203,4.522e-16,3.816e-16,2.008e-16,0.0012,5.35,0
FrontS73106,-26.0208,9.2869,3.396e-15,2.651e-15,1.134e-15,0.0006,5.05,1
FrontS73107,-29.1065,9.1342,7.052e-16,6.154e-16,3.453e-16,0.0009,5.4,0
FrontS73108,-29.1658,9.2227,1.052e-13,7.047e-14,2.268e-14,0.0002,5.22,0
FrontS73109,-29.1802,9.1677,2.495e-14,1.760e-14,6.326e-15,0.0004,5.21,0
FrontS73110,-26.1673,8.9466,6.505e-14,4.521e-14,1.619e-14,0.0002,5.27,0
FrontS73111,-26.1212,8.8814,8.424e-16,7.437e-16,4.111e-16,0.0009,5.36,0
FrontS73112,-29.2115,9.4566,1.220e-17,1.430e-17,1.394e-17,0.0004,5.11,0
FrontS73113,-26.0566,8.7135,9.375e-14,6.543e-14,2.252e-14,0.0012,5.27,0
FrontS73114,-26.0927,8.6836,4.529e-16,6.673e-16,1.022e-15,0.0009,5.29,0
FrontS73115,-29.2407,9.5878,7.490e-14,4.960e-14,1.598e-14,0.0011,5.01,0
FrontS73116,-29.1461,9.7112,4.423e-16,3.956e-16,2.292e-16,0.0003,5.03,0
FrontS73117,-29.1489,9.8761,1.647e-14,1.201e-14,4.795e-15,0.0001,4.98,0
FrontS73118,-29.1778,9.8964,1.017e-17,1.316e-17,1.606e-17,0.0013,4.97,0
FrontS73119,-26.2104,8.4057,1.794e-16,3.232e-16,8.021e-16,-0.0003,5.51,0
FrontS73120,-26.2070,8.1510,7.354e-15,5.372e-15,2.110e-15,-0.0003,5.64,0
FrontS73121,-26.2039,8.2146,8.202e-16,6.566e-16,3.047e-16,0.0004,5.48,0
FrontS73122,-26.2028,8.0442,6.433e-15,4.808e-15,1.926e-15,0.0008,5.67,0
FrontS73123,-26.2923,8.0746,2.406e-11,1.870e-11,8.083e-12,0.0007,5.62,1
FrontS73124,-26.3065,7.9922,3.109e-17,3.459e-17,3.080e-17,0.0006,5.73,0
FrontS73125,-29.0702,10.3561,7.067e-15,5.073e-15,1.897e-15,0.0008,4.69,0
FrontS73126,-26.3325,7.8702,3.591e-15,2.835e-15,1.275e-15,0.0007,5.63,1
FrontS73127,-29.0140,10.4637,1.288e-15,1.096e-15,5.513e-16,0.0011,4.72,0
FrontS73128,-26.4202,7.6301,1.293e-14,9.559e-15,3.721e-15,0.0001,5.78,0
FrontS73129,-26.4998,7.6119,2.062e-14,1.538e-14,6.209e-15,0.0009,5.75,0
FrontS73130,-26.4781,7.4588,9.842e-14,6.630e-14,2.267e-14,0.0005,5.75,0
FrontS73131,-28.7851,10.7577,4.336e-15,3.449e-15,1.507e-15,0.0002,4.59,1
FrontS73132,-28.7155,10.7748,8.756e-14,5.948e-14,2.058e-14,0.001,4.59,0
FrontS73133,-26.6570,7.2275,2.494e-11,1.941e-11,8.668e-12,0.0001,5.9,1
FrontS73134,-28.6201,10.9299,1.495e-14,1.096e-14,4.377e-15,0.0013,4.54,0
FrontS73135,-28.5244,10.9683,1.697e-14,1.197e-14,4.335e-15,0.0003,4.53,0
FrontS73136,-28.4834,11.0091,1.289e-15,1.055e-15,5.238e-16,0.0017,4.56,0
FrontS73137,-26.8978,7.0942,4.373e-16,3.936e-16,2.255e-16,0.0004,5.97,0
FrontS73138,-26.9906,7.0666,7.730e-15,5.716e-15,2.278e-15,0.0005,6.01,0
FrontS73139,-27.1576,7.1366,4.107e-16,6.681e-16,1.330e-15,0.0006,5.95,0
FrontS73140,-28.1861,11.1484,1.368e-15,1.055e-15,4.581e-16,0.0007,4.46,0
FrontS73141,-28.0884,11.2350,7.842e-17,7.341e-17,4.595e-17,-0.0006,4.54,0
FrontS73142,-27.3479,6.9055,3.817e-15,3.068e-15,1.488e-15,0.0006,5.94,0
FrontS73143,-27.4068,6.9187,1.224e-15,1.001e-15,4.829e-16,0.0001,5.98,0
FrontS73144,-27.9092,11.3438,5.004e-20,3.452e-20,1.166e-20,0.0005,4.33,0
FrontS73145,-27.6136,7.0729,7.028e-16,1.198e-15,2.644e-15,0.0009,6.09,0
FrontS73146,-27.6507,6.9513,1.808e-14,1.330e-14,5.209e-15,0.0013,5.9,0
FrontS73147,-27.7996,6.9890,1.210e-18,1.728e-18,2.583e-18,0.0003,5.99,0
FrontS73148,-27.8913,6.9709,6.490e-17,6.345e-17,4.546e-17,0.0004,6.02,0
FrontS73149,-27.4041,11.3018,2.537e-14,1.815e-14,6.513e-15,0.0007,4.45,0
FrontS73150,-28.0529,7.0531,9.628e-14,6.369e-14,2.005e-14,0.001,5.89,0
FrontS73151,-27.2050,11.3145,3.664e-16,3.230e-16,1.763e-16,0.0007,4.43,0
FrontS73152,-27.0680,11.2715,2.276e-16,4.626e-16,1.512e-15,0.0,4.49,0
FrontS73153,-28.3399,7.1558,5.278e-17,5.510e-17,4.154e-17,0.0013,5.97,0
FrontS73154,-26.7730,11.2362,9.973e-15,7.498e-15,3.113e-15,0.0007,4.47,1
FrontS73155,-26.7280,11.0879,1.729e-17,1.981e-17,1.962e-17,0.0003,4.39,0
FrontS73156,-28.6638,7.3453,3.108e-15,2.425e-15,1.063e-15,0.001,5.97,1
FrontS73157,-26.6111,10.9540,8.445e-17,8.654e-17,6.500e-17,0.0005,4.49,0
FrontS73158,-28.9647,7.3190,8.846e-17,8.851e-17,6.417e-17,-0.0001,5.79,0
FrontS73159,-28.9095,7.5252,8.156e-17,1.519e-16,3.876e-16,0.0003,5.83,0
FrontS73160,-26.3013,10.7100,1.990e-14,1.415e-14,5.280e-15,0.0001,4.68,0
FrontS73161,-26.1872,10.5767,1.949e-17,2.271e-17,2.258e-17,0.0011,4.72,0
FrontS73162,-26.0928,10.5041,5.977e-16,5.188e-16,2.840e-16,0.0005,4.76,0
FrontS73163,-29.2452,7.8960,4.005e-14,2.782e-14,9.694e-15,0.0007,5.72,0
FrontS73164,-25.9087,10.3277,2.686e-15,2.088e-15,9.028e-16,-0.0,4.87,0
FrontS73165,-26.0081,10.0835,3.315e-16,3.021e-16,1.773e-16,0.0017,4.76,0
FrontS73167,-27.3295,7.9523,3.134e-17,3.515e-17,3.187e-17,0.0018,5.88,0
FrontS73168,-27.3733,8.0298,6.280e-16,1.329e-15,4.523e-15,0.0005,5.91,0
FrontS73169,-27.9560,10.2187,2.465e-18,3.299e-18,4.246e-18,0.0005,4.35,0
FrontS73170,-27.4232,8.0541,6.730e-15,5.087e-15,2.086e-15,0.0007,5.96,1
FrontS73171,-28.0290,10.2037,2.625e-14,1.888e-14,6.942e-15,0.0006,4.44,0
FrontS73172,-27.4051,7.9938,8.579e-18,1.044e-17,1.116e-17,0.0009,5.98,0
FrontS73173,-27.9324,10.2241,3.825e-14,2.705e-14,9.591e-15,0.0007,4.48,0
FrontS73174,-27.4040,7.8481,7.157e-17,7.481e-17,5.752e-17,0.0004,5.98,0
FrontS73175,-27.3892,7.9252,8.447e-17,8.740e-17,6.595e-17,0.0003,6.03,0
FrontS73176,-27.3910,7.9910,3.804e-16,8.168e-16,2.967e-15,0.0012,5.87,0
FrontS73177,-27.3588,7.8910,7.799e-16,6.733e-16,3.586e-16,0.0007,5.97,0
FrontS73178,-28.0147,10.3716,3.499e-13,2.325e-13,7.318e-14,0.0011,4.49,0
FrontS73179,-27.9210,10.3240,1.232e-15,1.003e-15,4.749e-16,0.0013,4.54,0
FrontS73180,-27.9260,10.4004,1.437e-14,1.027e-14,3.758e-15,0.0012,4.45,0
FrontS73181,-27.5067,7.9755,9.593e-17,9.507e-17,6.544e-17,0.0012,5.9,0
FrontS73182,-27.4587,7.8661,1.338e-20,2.671e-20,8.251e-20,0.0001,5.93,0
FrontS73183,-27.4144,7.9108,4.649e-16,4.120e-16,2.230e-16,0.0015,6.02,0
FrontS73184,-27.5323,7.9198,2.122e-19,3.753e-19,8.768e-19,0.0013,5.94,0
FrontS73185,-27.8262,10.3222,2.294e-18,3.022e-18,3.796e-18,-0.001,4.51,0
FrontS73186,-27.6887,10.1502,3.613e-16,5.891e-16,1.213e-15,0.0008,4.4,0
FrontS73187,-27.7820,10.4413,4.524e-20,3.098e-20,1.067e-20,-0.0003,4.38,0
FrontS73188,-27.8216,10.4112,2.174e-11,1.646e-11,7.105e-12,0.0009,4.49,1
FrontS73189,-27.8005,10.4410,6.115e-16,9.690e-16,1.828e-15,0.0006,4.43,0
FrontS73190,-27.7224,10.2245,5.171e-17,5.250e-17,3.974e-17,-0.0002,4.42,0
FrontS73191,-27.7192,10.3644,4.836e-15,1.359e-14,8.455e-14,-0.0007,4.44,0
FrontS73193,-27.7133,7.9553,2.766e-16,2.455e-16,1.457e-16,0.0004,5.95,0
FrontS73194,-27.5988,7.7665,3.303e-16,3.029e-16,1.815e-16,0.0008,6.04,0
FrontS73195,-27.6096,7.7952,1.973e-13,1.330e-13,4.437e-14,0.0006,6.0,0
FrontS73196,-27.7825,10.5573,7.490e-19,1.176e-18,2.154e-18,0.0008,4.38,0
FrontS73197,-27.6237,10.4515,5.574e-16,4.948e-16,2.800e-16,0.0012,4.45,0
FrontS73198,-27.6627,10.3852,4.514e-20,3.156e-20,1.080e-20,0.001,4.46,0
FrontS73200,-27.7363,7.8219,9.575e-16,1.656e-15,3.621e-15,0.0008,5.99,0
FrontS73201,-27.7984,7.7430,5.014e-16,4.346e-16,2.433e-16,0.0006,5.94,0
FrontS73202,-27.6240,10.5243,6.742e-14,4.717e-14,1.687e-14,0.0018,4.4,0
FrontS73203,-27.5840,10.3380,6.314e-16,5.689e-16,3.341e-16,0.0009,4.41,0
FrontS73204,-27.5723,10.3977,1.641e-16,1.545e-16,9.642e-17,0.0011,4.3,0
FrontS73205,-27.9275,7.9034,5.250e-17,5.375e-17,4.018e-17,0.0009,5.96,0
FrontS73206,-27.8295,7.7334,1.077e-15,1.627e-15,2.789e-15,0.0005,6.04,0
FrontS73207,-27.9683,7.8364,1.001e-17,1.169e-17,1.161e-17,0.0012,5.98,0
FrontS73208,-27.2821,10.4678,2.226e-16,2.205e-16,1.520e-16,0.0005,4.44,0
FrontS73209,-27.4382,10.4444,4.109e-16,3.847e-16,2.363e-16,0.0001,4.4,0
FrontS73210,-27.4531,10.6677,3.882e-20,7.623e-20,2.212e-19,-0.0001,4.36,0
FrontS73211,-27.4802,10.5773,3.000e-15,2.478e-15,1.196e-15,0.0005,4.41,0
FrontS73212,-27.4559,10.1929,9.352e-15,7.053e-15,2.919e-15,0.0007,4.51,1
FrontS73213,-27.8866,7.9009,9.800e-16,8.702e-16,4.929e-16,0.0002,6.07,0
FrontS73214,-27.9045,7.8489,2.210e-18,2.981e-18,4.148e-18,-0.0002,6.03,0
FrontS73215,-28.0218,7.8541,5.476e-16,4.486e-16,2.244e-16,0.0005,5.95,0
FrontS73216,-27.4269,10.3781,3.884e-15,2.969e-15,1.274e-15,0.0009,4.42,1
FrontS73217,-27.2087,10.4403,1.749e-14,1.290e-14,5.147e-15,-0.0005,4.44,0
FrontS73218,-27.9639,7.9492,2.936e-15,2.239e-15,9.472e-16,0.0018,5.91,1
FrontS73219,-28.1004,7.8356,4.411e-16,3.723e-16,1.909e-16,-0.0001,5.91,0
FrontS73220,-27.2832,10.5591,8.103e-16,7.081e-16,3.996e-16,0.001,4.38,0
FrontS73222,-28.1732,7.8606,1.877e-18,2.581e-18,3.580e-18,0.0013,5.92,0
FrontS73223,-28.1901,7.9233,1.613e-16,1.624e-16,1.216e-16,0.0007,5.94,0
FrontS73224,-27.2705,10.3983,5.290e-14,3.648e-14,1.288e-14,0.0008,4.38,0
FrontS73225,-28.1345,7.7732,4.096e-15,3.212e-15,1.372e-15,-0.0,5.94,1
FrontS73226,-28.1997,7.8430,1.946e-15,3.675e-15,9.882e-15,0.0009,5.96,0
FrontS73228,-28.1795,8.0097,5.079e-15,3.895e-15,1.684e-15,0.0002,5.86,1
FrontS73229,-28.2422,7.8713,4.363e-16,9.994e-16,4.128e-15,0.0013,5.92,0
FrontS73230,-27.2026,10.2727,4.228e-17,4.571e-17,3.869e-17,0.0005,4.5,0
FrontS73231,-26.9781,10.3069,4.016e-18,5.004e-18,5.738e-18,0.0007,4.52,0
FrontS73232,-27.0689,10.2518,5.476e-16,8.183e-16,1.345e-15,0.0009,4.4,0
FrontS73233,-28.3768,7.9980,3.613e-17,4.054e-17,3.549e-17,0.0006,5.84,0
FrontS73234,-28.3944,7.8576,9.436e-15,7.578e-15,3.417e-15,0.001,5.92,0
FrontS73235,-26.9549,10.3608,8.227e-12,6.858e-12,3.374e-12,0.0004,4.53,1
FrontS73236,-28.3311,8.0082,5.944e-16,1.011e-15,2.089e-15,0.0002,5.85,0
FrontS73237,-28.4613,7.9134,2.013e-16,1.878e-16,1.134e-16,0.0012,5.86,0
FrontS73238,-28.4153,8.0070,2.965e-15,2.339e-15,1.010e-15,0.0016,5.85,0
FrontS73239,-28.4614,8.0477,9.006e-18,1.082e-17,1.134e-17,0.001,5.81,0
FrontS73240,-26.9345,10.1842,7.477e-15,5.582e-15,2.242e-15,0.0007,4.58,0
FrontS73241,-28.4494,7.9131,3.718e-16,6.024e-16,1.152e-15,0.0007,5.85,0
FrontS73242,-26.8346,10.1842,6.472e-17,7.000e-17,5.743e-17,0.0011,4.58,0
FrontS73244,-28.4070,8.0844,4.454e-20,3.021e-20,1.062e-20,0.0001,5.88,0
FrontS73245,-26.8028,10.1393,1.289e-17,1.465e-17,1.350e-17,0.0012,4.59,0
FrontS73246,-28.6073,8.1460,1.705e-15,1.378e-15,6.410e-16,0.0001,5.85,0
FrontS73247,-26.6904,10.1873,9.845e-20,1.778e-19,4.269e-19,-0.0002,4.53,0
FrontS73248,-26.6336,10.1727,7.612e-16,1.803e-15,7.817e-15,0.0013,4.68,0
FrontS73249,-26.7365,10.0427,9.384e-16,7.919e-16,4.051e-16,-0.0002,4.65,0
FrontS73250,-28.5997,8.2496,2.577e-19,4.159e-19,7.922e-19,-0.0001,5.71,0
FrontS73251,-28.7329,8.2481,4.086e-18,5.388e-18,7.010e-18,0.0007,5.76,0
FrontS73252,-26.5895,10.0093,1.510e-17,1.703e-17,1.619e-17,0.0013,4.62,0
FrontS73253,-26.5240,10.0343,6.459e-16,9.057e-16,1.334e-15,0.0011,4.66,0
FrontS73254,-26.8328,9.9143,3.759e-15,2.860e-15,1.247e-15,0.0009,4.76,1
FrontS73255,-26.6239,9.9152,2.598e-15,1.997e-15,8.559e-16,0.001,4.71,1
FrontS73256,-28.7694,8.3904,2.084e-12,1.413e-12,4.690e-13,0.0005,5.7,0
FrontS73257,-26.3077,9.9762,1.088e-16,1.922e-16,4.323e-16,-0.0005,4.81,0
FrontS73258,-28.7988,8.4084,4.393e-16,7.090e-16,1.394e-15,0.0005,5.62,0
FrontS73259,-26.3473,9.8736,7.660e-16,6.532e-16,3.389e-16,0.0007,4.78,0
FrontS73260,-28.7881,8.5278,1.307e-17,1.508e-17,1.528e-17,-0.0003,5.56,0
FrontS73261,-26.3001,9.8115,1.442e-15,3.528e-15,1.630e-14,0.0004,4.83,0
FrontS73262,-26.4188,9.7306,3.052e-16,2.792e-16,1.724e-16,-0.0007,4.84,0
FrontS73263,-29.0205,8.5039,1.173e-20,2.549e-20,9.255e-20,0.0014,5.54,0
FrontS73264,-26.3027,9.7050,4.975e-15,3.742e-15,1.537e-15,0.0007,4.84,1
FrontS73265,-26.3724,9.6365,4.607e-20,9.409e-20,2.934e-19,0.0008,4.94,0
FrontS73266,-26.1382,9.7508,3.912e-17,4.232e-17,3.661e-17,0.0014,4.84,0
FrontS73267,-29.0430,8.6712,1.485e-16,2.212e-16,3.681e-16,0.0,5.48,0
FrontS73268,-29.1479,8.6870,6.789e-16,1.262e-15,3.298e-15,0.0005,5.42,0
FrontS73269,-28.9371,8.7567,4.801e-16,4.400e-16,2.672e-16,-0.0003,5.48,0
FrontS73270,-26.2811,9.4460,3.379e-15,2.653e-15,1.170e-15,0.0007,4.93,1
FrontS73271,-28.9495,8.8620,3.942e-18,5.396e-18,7.560e-18,0.0001,5.39,0
FrontS73272,-29.1743,8.8274,1.082e-16,1.080e-16,7.577e-17,0.0006,5.36,0
FrontS73273,-26.3631,9.3313,9.414e-17,9.707e-17,7.361e-17,0.0007,4.94,0
FrontS73274,-26.2817,9.2783,5.333e-14,3.648e-14,1.246e-14,0.0006,5.06,0
FrontS73275,-26.0013,9.4196,3.798e-15,2.855e-15,1.202e-15,0.001,4.99,1
FrontS73276,-29.0662,8.9672,8.246e-16,2.126e-15,1.115e-14,-0.0002,5.37,0
FrontS73277,-26.2189,9.1851,4.489e-15,3.448e-15,1.410e-15,0.0007,5.02,1
FrontS73279,-29.1010,9.0743,2.060e-19,3.497e-19,7.583e-19,0.0016,5.27,0
FrontS73280,-26.3250,8.9137,1.103e-14,8.287e-15,3.329e-15,0.0006,5.32,0
FrontS73281,-29.1243,9.2736,6.353e-20,1.249e-19,3.636e-19,-0.0,5.19,0
FrontS73282,-29.0228,9.2235,2.163e-16,3.294e-16,5.778e-16,0.0001,5.2,0
FrontS73283,-29.1860,9.3117,2.520e-15,1.969e-15,8.519e-16,0.0007,5.08,0
FrontS73284,-26.1081,8.8969,2.599e-15,2.096e-15,9.818e-16,0.0002,5.24,0
FrontS73286,-29.1728,9.5313,3.408e-16,3.097e-16,1.914e-16,0.0004,5.08,0
FrontS73287,-29.0505,9.5862,8.752e-19,1.267e-18,1.930e-18,0.0012,5.05,0
FrontS73288,-26.1942,8.7352,2.440e-16,2.228e-16,1.376e-16,0.0007,5.33,0
FrontS73289,-26.2609,8.6624,4.830e-16,4.104e-16,2.122e-16,-0.0001,5.36,0
FrontS73290,-29.2034,9.7371,5.059e-17,5.332e-17,4.444e-17,0.0004,4.99,0
FrontS73291,-29.2252,9.7812,5.654e-16,1.073e-15,2.912e-15,0.0002,4.93,0
FrontS73293,-29.1655,9.8299,6.576e-17,6.744e-17,5.051e-17,0.0009,4.87,0
FrontS73295,-26.2293,8.3155,8.499e-15,6.205e-15,2.415e-15,0.0004,5.54,0
FrontS73296,-26.3918,8.4430,9.743e-15,6.866e-15,2.478e-15,0.0011,5.42,0
FrontS73297,-28.9764,9.9485,4.687e-17,5.126e-17,4.304e-17,0.0001,4.79,0
FrontS73298,-26.1809,8.2641,3.568e-15,2.961e-15,1.459e-15,0.0003,5.53,0
FrontS73299,-29.2571,9.9764,8.405e-19,1.232e-18,1.943e-18,0.0011,4.99,0
FrontS73300,-26.1312,7.9886,1.406e-20,3.286e-20,1.380e-19,0.0005,5.49,0
FrontS73301,-29.0496,10.1621,2.649e-20,5.574e-20,1.890e-19,0.0006,4.79,0
FrontS73302,-26.2740,7.9799,3.319e-18,4.423e-18,5.773e-18,0.0008,5.59,0
FrontS73303,-26.4311,8.0610,1.188e-18,1.802e-18,2.993e-18,0.001,5.67,0
FrontS73304,-29.0314,10.3535,8.126e-17,8.349e-17,6.373e-17,-0.0001,4.75,0
FrontS73305,-29.0166,10.2885,1.113e-16,1.035e-16,6.290e-17,0.0011,4.68,0
FrontS73306,-26.3901,7.7836,2.008e-15,1.677e-15,8.510e-16,0.0013,5.72,0
FrontS73307,-26.4763,7.7939,1.004e-15,9.152e-16,5.390e-16,-0.0001,5.71,0
FrontS73308,-28.9205,10.5922,2.620e-16,2.375e-16,1.370e-16,0.0008,4.75,0
FrontS73309,-28.8855,10.4544,5.052e-15,3.826e-15,1.591e-15,0.0005,4.63,1
FrontS73311,-28.8171,10.7235,1.286e-15,1.017e-15,4.650e-16,0.001,4.63,0
FrontS73312,-26.6823,7.7031,2.061e-15,1.655e-15,7.862e-16,0.0008,5.9,0
FrontS73313,-26.6078,7.5154,1.894e-16,2.854e-16,4.733e-16,0.0004,5.86,0
FrontS73314,-28.6977,10.6871,1.019e-15,8.403e-16,4.159e-16,-0.0001,4.53,0
FrontS73315,-28.4941,10.5599,3.431e-16,6.639e-16,1.860e-15,0.0005,4.55,0
FrontS73318,-26.9225,7.3958,4.903e-16,8.751e-16,2.092e-15,0.0003,5.87,0
FrontS73319,-28.3195,10.7936,1.659e-20,3.699e-20,1.394e-19,-0.0005,4.54,0
FrontS73320,-28.4574,11.1085,1.135e-16,1.048e-16,6.631e-17,0.0013,4.46,0
FrontS73321,-27.0530,7.3077,1.992e-20,3.827e-20,1.117e-19,0.0008,6.02,0
FrontS73322,-26.7682,6.6993,1.569e-16,1.456e-16,9.035e-17,0.0011,5.87,0
FrontS73323,-27.0696,7.1642,6.836e-15,5.143e-15,2.133e-15,0.0004,6.04,1
FrontS73324,-28.1851,11.0898,6.136e-17,6.089e-17,4.305e-17,-0.0001,4.39,0
FrontS73325,-27.9631,10.8386,3.726e-17,3.936e-17,3.218e-17,0.0001,4.45,0
FrontS73329,-28.0338,11.2040,8.357e-16,6.983e-16,3.526e-16,0.0006,4.53,0
FrontS73330,-27.8538,11.2545,4.985e-17,5.300e-17,4.484e-17,0.0006,4.43,0
FrontS73331,-27.8244,11.4179,1.290e-15,1.065e-15,5.288e-16,0.002,4.37,0
FrontS73332,-27.5361,7.0848,1.695e-14,1.231e-14,4.653e-15,0.0009,6.04,0
FrontS73333,-27.7113,6.9319,2.599e-20,5.417e-20,1.795e-19,0.001,6.04,0
FrontS73334,-27.5378,11.0136,4.442e-18,5.845e-18,7.100e-18,0.0011,4.35,0
FrontS73335,-27.3863,10.9470,2.384e-20,4.571e-20,1.279e-19,0.0008,4.45,0
FrontS73336,-27.7296,6.9559,7.728e-20,1.399e-19,3.495e-19,0.0009,5.98,0
FrontS73337,-28.1151,7.3565,4.522e-20,8.885e-20,2.652e-19,0.0007,5.99,0
FrontS73338,-28.0274,7.0433,6.792e-17,6.912e-17,5.245e-17,0.0002,5.98,0
FrontS73340,-27.2195,11.1850,3.340e-18,4.672e-18,6.746e-18,0.0008,4.36,0
FrontS73343,-28.4824,7.3054,4.906e-15,3.912e-15,1.747e-15,-0.0004,5.89,1
FrontS73344,-28.5227,7.1251,1.872e-15,1.484e-15,6.670e-16,0.0006,5.86,0
FrontS73345,-26.7362,11.2682,1.767e-20,3.832e-20,1.424e-19,0.0003,4.51,0
FrontS73346,-26.7591,11.1370,2.818e-16,2.547e-16,1.543e-16,-0.0,4.5,0
FrontS73347,-28.6648,7.4035,5.878e-15,4.406e-15,1.789e-15,-0.0003,5.82,0
FrontS73348,-28.7878,7.1924,5.987e-18,7.663e-18,9.186e-18,0.0005,5.85,0
FrontS73349,-28.6994,7.4518,1.158e-11,8.262e-12,3.028e-12,0.0008,5.74,0
FrontS73350,-28.7045,7.5304,1.032e-17,1.180e-17,1.090e-17,-0.0003,5.86,0
FrontS73351,-28.8935,7.5115,7.626e-16,6.566e-16,3.534e-16,0.0008,5.81,0
FrontS73352,-26.0011,10.8129,2.353e-15,1.895e-15,8.644e-16,0.001,4.68,1
FrontS73353,-26.3258,10.5494,2.915e-16,5.124e-16,1.183e-15,0.0005,4.71,0
FrontS73354,-25.9083,10.6950,7.635e-12,5.118e-12,1.689e-12,-0.0002,4.72,0
FrontS73355,-26.2635,10.3746,1.347e-17,1.565e-17,1.563e-17,0.0004,4.63,0
FrontS73356,-29.2384,7.8878,1.982e-16,3.304e-16,6.874e-16,0.0002,5.65,0
FrontS73357,-25.9814,10.4131,2.394e-15,1.952e-15,9.151e-16,0.0005,4.73,0
FrontS73358,-29.5313,7.8985,1.103e-18,1.632e-18,2.606e-18,0.0007,5.55,0
FrontS73359,-29.2610,8.1572,3.408e-16,3.180e-16,1.992e-16,0.0001,5.62,0
FrontS73360,-26.1181,9.9573,2.495e-20,5.286e-20,1.758e-19,0.0005,4.77,0
FrontS73361,-25.8541,10.0375,1.398e-15,1.169e-15,5.992e-16,0.0005,4.82,0
FrontS73362,-29.3562,8.4399,2.780e-16,4.637e-16,9.502e-16,0.0008,5.54,0
FrontS73363,-29.5170,8.5214,3.472e-19,5.750e-19,1.119e-18,0.0011,5.47,0
FrontS73364,-29.6927,8.4850,3.377e-17,3.645e-17,3.024e-17,0.0011,5.48,0
FrontS74398,-4.7145,7.2845,2.614e-16,4.487e-16,9.801e-16,0.0013,6.59,0
FrontS74399,-4.5129,7.9792,2.653e-19,4.234e-19,8.201e-19,-0.0001,6.67,0
FrontS74405,-4.8469,7.1203,1.335e-18,1.567e-18,1.547e-18,0.001,5.88,0
FrontS74406,-4.7523,7.2133,1.873e-19,2.988e-19,5.671e-19,0.0009,5.91,0
FrontS74411,-5.1927,6.7957,4.062e-16,1.010e-15,4.723e-15,0.0005,6.05,0
FrontS74412,-4.9778,7.2409,7.735e-18,8.417e-18,7.432e-18,0.0005,6.37,0
FrontS74413,-4.7834,7.2400,3.472e-12,3.364e-12,2.277e-12,0.0004,6.63,1
FrontS74415,-4.0937,7.1320,2.386e-19,3.683e-19,6.351e-19,-0.0001,6.12,0
FrontS74416,-4.9714,7.1809,4.128e-17,6.464e-17,1.153e-16,0.0006,6.2,0
FrontS74417,-4.6279,7.1942,1.449e-18,1.945e-18,2.558e-18,0.0,5.91,0
FrontS74421,-5.5166,6.7704,2.044e-19,3.104e-19,5.094e-19,-0.0001,6.02,0
FrontS74422,-5.1374,7.9643,1.523e-20,3.197e-20,1.082e-19,0.0005,6.9,0
FrontS74424,-4.7768,7.2079,6.000e-20,1.081e-19,2.592e-19,-0.0001,5.9,0
FrontS74430,-4.5622,7.1033,3.864e-18,4.802e-18,5.344e-18,0.0005,5.77,0
FrontS74431,-5.0053,7.1043,3.134e-19,4.770e-19,7.990e-19,0.0004,6.28,0
FrontS74433,-4.8116,7.1756,2.075e-19,3.250e-19,6.093e-19,-0.0001,5.97,0
FrontS74434,-4.7942,7.2319,3.273e-19,4.847e-19,7.732e-19,0.0001,6.17,0
FrontS74435,-5.0851,6.8596,8.807e-17,1.536e-16,3.566e-16,-0.0009,5.97,0
FrontS74442,-4.9649,7.4238,9.104e-18,9.855e-18,8.546e-18,-0.0004,6.75,0
FrontS74443,-4.7884,7.1816,2.618e-18,3.095e-18,3.113e-18,0.0013,6.0,0
FrontS74444,-4.8387,7.3849,2.885e-16,4.529e-16,8.365e-16,-0.0004,6.89,0
FrontS74445,-5.1179,7.9274,3.420e-18,4.113e-18,4.464e-18,0.0004,6.86,0
FrontS74448,-4.7562,7.2550,1.319e-19,2.123e-19,4.096e-19,0.0004,6.6,0
FrontS74450,-4.6317,7.2357,1.088e-17,1.163e-17,9.531e-18,0.0004,6.4,0
FrontS74451,-4.9228,7.0461,7.185e-20,1.202e-19,2.493e-19,0.0001,5.88,0
FrontS74456,-4.6524,7.2494,4.006e-19,5.627e-19,8.543e-19,-0.0002,6.22,0
FrontS74459,-4.6100,7.2773,1.492e-17,1.539e-17,1.170e-17,-0.0003,6.28,0
FrontS74460,-4.8014,7.2938,5.024e-18,5.788e-18,5.462e-18,-0.0003,6.67,0
FrontS74466,-4.7662,7.2781,3.596e-16,5.905e-16,1.175e-15,0.0005,6.65,0
FrontS74467,-4.6540,7.1175,3.986e-19,5.719e-19,8.490e-19,0.0001,5.88,0
FrontS74468,-5.2118,7.3008,6.941e-17,6.226e-17,3.715e-17,0.0004,6.39,0
FrontS74471,-4.3501,8.2555,8.825e-19,1.143e-18,1.437e-18,0.0004,6.85,0
FrontS74473,-4.7870,7.3258,2.447e-18,3.043e-18,3.394e-18,0.0011,6.87,0
FrontS74474,-4.7416,7.2738,3.765e-17,3.679e-17,2.543e-17,0.0006,6.6,0
FrontS74475,-4.7656,7.0971,1.732e-19,2.569e-19,4.143e-19,0.0001,5.73,0
FrontS74476,-5.5172,7.5632,1.031e-16,1.742e-16,3.768e-16,0.0002,6.57,0
FrontS74477,-5.1562,6.6476,1.359e-17,1.417e-17,1.118e-17,0.0001,6.06,0
FrontS74481,-4.7795,7.3257,8.327e-20,1.479e-19,3.350e-19,-0.0003,6.8,0
FrontS74482,-4.7814,7.2854,1.770e-20,3.407e-20,9.206e-20,-0.0,6.8,0
FrontS74486,-4.7893,7.4203,6.831e-12,5.341e-12,2.441e-12,0.0,6.82,1
FrontS74489,-4.7552,7.2506,1.927e-20,3.513e-20,8.583e-20,0.0004,6.68,0
FrontS74491,-4.9016,7.3489,2.613e-20,4.783e-20,1.203e-19,0.0005,6.63,0
FrontS74492,-4.9767,7.0805,2.047e-12,1.419e-12,4.864e-13,0.0008,6.18,0
FrontS74495,-4.9678,7.2854,1.160e-16,1.913e-16,3.816e-16,0.0019,6.45,0
FrontS74497,-5.2904,6.5469,3.892e-12,2.974e-12,1.215e-12,0.0003,6.02,1
FrontS74499,-4.4463,7.7429,1.064e-18,1.393e-18,1.707e-18,0.0007,6.65,0
FrontS74500,-4.7177,7.0804,1.955e-18,2.418e-18,2.705e-18,0.0006,5.77,0
FrontS74504,-4.4136,7.3458,2.791e-12,2.170e-12,9.683e-13,-0.0004,6.4,1
FrontS74506,-4.6041,7.2172,1.365e-17,1.512e-17,1.347e-17,0.0005,6.06,0
FrontS74507,-4.6137,7.2555,1.625e-18,1.990e-18,2.158e-18,0.0002,6.3,0
FrontS74509,-4.8071,7.1429,1.585e-16,2.453e-16,4.347e-16,-0.0005,5.86,0
FrontS74510,-4.7099,7.5960,3.529e-18,4.195e-18,4.182e-18,0.0004,6.89,0
FrontS74512,-4.8844,7.6050,2.498e-20,4.719e-20,1.229e-19,0.0015,6.79,0
FrontS74513,-4.7768,7.2569,4.454e-17,4.328e-17,2.919e-17,-0.0003,6.7,0
FrontS74514,-4.7766,7.2620,5.379e-19,7.862e-19,1.256e-18,0.0002,6.58,0
FrontS74515,-4.6790,7.3518,3.376e-17,3.353e-17,2.432e-17,-0.0003,6.59,0
FrontS74516,-4.7065,7.2551,5.427e-18,6.027e-18,5.346e-18,-0.0002,6.22,0
FrontS74517,-5.6372,6.6022,6.233e-17,5.566e-17,3.302e-17,0.0005,6.13,0
FrontS74518,-4.7540,7.2410,1.125e-17,1.202e-17,9.451e-18,-0.0008,6.11,0
FrontS74521,-5.0372,7.7296,2.902e-20,5.461e-20,1.473e-19,-0.0007,6.76,0
FrontS74524,-4.7587,7.2342,4.175e-16,9.439e-16,3.835e-15,0.0004,5.77,0
FrontS74526,-4.7250,7.2312,9.871e-17,1.703e-16,3.741e-16,-0.0002,6.0,0
FrontS74529,-4.6567,7.4826,3.646e-12,2.534e-12,8.967e-13,0.0,6.69,0
FrontS74531,-4.8167,6.9986,2.628e-18,3.247e-18,3.487e-18,-0.0001,5.9,0
FrontS74532,-4.1686,6.7043,3.234e-20,5.902e-20,1.439e-19,0.0005,5.91,0
FrontS74533,-4.7218,7.2571,2.463e-20,4.411e-20,1.069e-19,-0.0007,6.4,0
FrontS74535,-4.7428,7.2235,1.895e-19,3.010e-19,5.824e-19,-0.0002,5.96,0
FrontS74536,-4.4400,7.1882,5.731e-20,9.203e-20,1.769e-19,-0.0,6.14,0
FrontS74538,-4.8360,7.4080,1.662e-20,3.301e-20,1.033e-19,-0.0,6.79,0
FrontS74540,-4.6388,6.3618,6.220e-20,1.097e-19,2.656e-19,-0.0001,5.69,0
FrontS74543,-4.6528,7.1346,1.139e-17,1.202e-17,9.841e-18,0.0014,5.84,0
FrontS74544,-4.7781,7.2613,1.074e-17,1.073e-17,7.878e-18,0.001,6.8,0
FrontS74545,-4.7610,7.7286,4.029e-17,6.930e-17,1.482e-16,0.0013,6.68,0
FrontS74548,-4.6951,7.2627,2.892e-17,2.961e-17,2.212e-17,-0.0003,6.25,0
FrontS74552,-4.7730,7.3639,1.758e-18,2.204e-18,2.564e-18,-0.0,6.6,0
FrontS74553,-4.8579,7.4259,1.266e-16,1.982e-16,3.428e-16,-0.0,6.82,0
FrontS74555,-4.7079,7.5266,1.746e-20,3.417e-20,9.636e-20,0.001,6.82,0
FrontS74556,-4.3967,7.3202,6.794e-18,7.594e-18,6.885e-18,-0.0003,6.3,0
FrontS74557,-5.2812,6.8678,1.364e-18,1.672e-18,1.870e-18,0.0004,6.06,0
FrontS74558,-4.9490,7.3903,7.475e-19,9.780e-19,1.217e-18,-0.0002,6.65,0
FrontS74561,-4.6299,7.0697,3.209e-18,3.814e-18,3.912e-18,0.0009,5.75,0
FrontS74563,-4.5139,7.5812,2.729e-19,4.229e-19,7.660e-19,0.0003,6.64,0
FrontS74565,-4.8196,7.2804,1.410e-19,2.344e-19,4.747e-19,0.0006,6.66,0
FrontS74566,-4.4980,7.0114,1.041e-16,1.841e-16,4.160e-16,0.0006,5.72,0
FrontS74567,-4.7552,7.6527,1.100e-17,1.164e-17,9.633e-18,0.0006,6.9,0
FrontS74569,-4.7295,7.2380,1.692e-17,1.826e-17,1.565e-17,-0.0003,6.21,0
FrontS74571,-4.7599,7.1797,5.969e-19,8.523e-19,1.260e-18,0.0007,5.89,0
FrontS74572,-4.4730,7.3849,1.502e-20,2.836e-20,7.527e-20,0.0007,6.32,0
FrontS74578,-4.7251,7.1186,2.009e-17,2.119e-17,1.728e-17,0.0004,5.8,0
FrontS74579,-4.1096,7.3088,3.042e-12,2.138e-12,7.550e-13,-0.0004,6.26,0
FrontS74580,-4.7633,7.2942,6.902e-19,8.777e-19,1.045e-18,0.0006,6.72,0
FrontS74581,-4.5414,7.4643,1.895e-12,2.116e-12,1.835e-12,0.0006,6.53,0
FrontS74582,-4.9746,7.0280,7.208e-19,1.037e-18,1.559e-18,0.001,6.02,0
FrontS74583,-4.9164,7.2067,2.822e-19,4.069e-19,6.417e-19,0.0007,6.34,0
FrontS74585,-4.8877,7.5140,1.120e-16,2.653e-16,1.118e-15,0.0003,6.91,0
FrontS74586,-4.7905,7.2324,1.503e-15,1.152e-15,4.887e-16,-0.0006,6.11,1
FrontS74587,-3.8141,7.0656,7.666e-17,1.659e-16,5.718e-16,-0.0002,6.21,0
FrontS74588,-4.5425,7.2507,5.358e-18,5.969e-18,5.501e-18,0.0003,6.21,0
FrontS74589,-4.6316,7.3413,2.030e-16,1.798e-16,1.040e-16,0.0001,6.51,0
FrontS74590,-4.7666,6.8947,2.410e-18,2.788e-18,2.795e-18,-0.0002,5.79,0
FrontS74592,-4.6313,7.3429,1.064e-19,1.754e-19,3.608e-19,0.0004,6.48,0
FrontS74593,-4.6781,7.1826,4.327e-17,4.371e-17,3.126e-17,-0.0001,5.95,0
FrontS74595,-4.9549,7.0843,3.065e-20,5.370e-20,1.231e-19,0.0009,6.11,0
FrontS74596,-4.8791,7.2774,1.196e-20,2.152e-20,5.178e-20,0.0003,6.48,0
FrontS74598,-4.8366,7.1987,2.262e-19,3.625e-19,7.125e-19,0.0,6.15,0
FrontS74601,-4.6353,7.1483,2.880e-20,5.490e-20,1.567e-19,0.0009,6.03,0
FrontS74603,-4.7687,7.2275,7.068e-18,7.703e-18,6.819e-18,-0.0002,5.74,0
FrontS74604,-4.7930,7.2438,5.165e-19,7.630e-19,1.216e-18,0.0008,6.29,0
FrontS74605,-5.1263,7.6314,1.087e-20,2.033e-20,5.430e-20,0.0014,6.79,0
FrontS74606,-4.7124,7.2363,2.639e-20,4.687e-20,1.076e-19,0.0008,6.11,0
FrontS74608,-5.3959,7.9978,6.661e-19,9.719e-19,1.522e-18,0.0013,6.62,0
FrontS74615,-4.5277,7.3346,2.296e-20,4.397e-20,1.269e-19,0.0011,6.34,0
FrontS74616,-4.8348,7.2084,1.126e-17,1.155e-17,8.832e-18,-0.0,6.14,0
FrontS74623,-4.7149,7.1538,1.871e-18,2.469e-18,3.014e-18,0.0005,5.84,0
FrontS74625,-4.8764,7.2048,2.220e-12,1.506e-12,5.031e-13,0.0002,6.18,0
FrontS74628,-4.1981,7.9816,1.863e-19,2.742e-19,4.444e-19,-0.0001,6.53,0
FrontS74630,-4.7654,7.2428,2.012e-16,1.688e-16,8.658e-17,0.0008,6.18,0
FrontS74631,-4.7674,7.2395,5.399e-19,7.662e-19,1.177e-18,-0.0011,6.18,0
FrontS74632,-4.6394,7.3492,1.389e-20,2.826e-20,9.095e-20,0.0007,6.57,0
FrontS74633,-5.2496,7.1268,1.649e-19,2.671e-19,5.094e-19,0.0005,6.32,0
FrontS74636,-4.7728,7.2449,1.152e-17,1.243e-17,1.041e-17,0.0002,6.5,0
FrontS74642,-4.6839,7.2826,1.358e-16,1.166e-16,6.151e-17,0.0003,6.56,0
FrontS74646,-4.8505,7.2370,6.907e-19,8.790e-19,1.098e-18,0.0009,6.25,0
FrontS74647,-4.7350,7.4751,1.057e-16,2.364e-16,9.020e-16,0.0008,6.87,0
FrontS74648,-4.9441,7.0481,1.260e-17,1.358e-17,1.175e-17,0.0,6.01,0
FrontS74649,-4.7369,7.2473,2.180e-18,2.669e-18,2.953e-18,0.0005,6.27,0
FrontS74651,-4.6803,7.3748,3.376e-17,3.418e-17,2.509e-17,-0.0007,6.51,0
FrontS74652,-4.8393,7.3033,6.935e-18,7.531e-18,6.433e-18,0.0009,6.66,0
FrontS74653,-3.9194,6.7100,1.010e-17,1.193e-17,1.229e-17,-0.0008,5.98,0
FrontS74658,-4.7305,7.2416,2.164e-20,3.920e-20,9.831e-20,-0.0006,6.24,0
FrontS74659,-4.7851,7.8547,2.590e-19,4.087e-19,7.283e-19,0.0005,6.64,0
FrontS74661,-4.5239,7.2435,2.548e-20,4.852e-20,1.342e-19,-0.0002,6.2,0
FrontS74662,-5.1447,7.4785,3.926e-18,5.068e-18,6.011e-18,0.0001,6.64,0
FrontS74664,-4.5199,7.5117,2.889e-18,3.645e-18,4.296e-18,0.0014,6.61,0
FrontS74665,-4.5979,6.5300,5.576e-17,4.998e-17,2.848e-17,0.0004,5.72,0
FrontS74668,-4.8272,7.2085,2.929e-17,2.842e-17,1.943e-17,-0.0004,6.16,0
FrontS74670,-4.4643,6.3771,4.335e-17,4.322e-17,3.140e-17,0.001,5.87,0
FrontS74671,-4.7468,6.9671,9.709e-20,1.505e-19,2.724e-19,0.0007,5.76,0
FrontS74672,-4.4135,6.8034,4.542e-20,7.868e-20,1.743e-19,0.0006,5.91,0
FrontS74674,-4.6557,6.9142,3.269e-20,5.974e-20,1.445e-19,0.0002,5.67,0
FrontS74683,-4.3247,7.3062,8.276e-19,1.087e-18,1.372e-18,0.0003,6.24,0
FrontS74685,-4.8741,7.4323,7.192e-19,9.649e-19,1.256e-18,0.0,6.88,0
FrontS74686,-4.9716,7.5428,1.861e-17,2.050e-17,1.744e-17,-0.0002,6.81,0
FrontS74687,-5.0221,6.7898,8.641e-19,1.162e-18,1.591e-18,0.0012,5.93,0
FrontS74688,-4.7375,7.2317,1.137e-17,1.256e-17,1.077e-17,0.0016,6.09,0
FrontS74691,-5.0055,7.9448,4.339e-18,5.206e-18,5.277e-18,-0.0002,6.74,0
FrontS74692,-4.5608,7.2143,1.310e-16,1.121e-16,5.840e-17,-0.0001,6.13,0
FrontS74695,-5.2151,7.7835,3.632e-18,4.222e-18,4.220e-18,-0.0007,6.67,0
FrontS74698,-4.6167,7.2916,1.606e-16,2.481e-16,4.393e-16,0.0002,6.39,0
FrontS74699,-4.7235,7.3871,1.204e-17,1.307e-17,1.150e-17,0.0002,6.82,0
FrontS74701,-4.6501,7.1318,4.971e-16,9.234e-16,2.330e-15,0.0006,5.86,0
FrontS74703,-4.4338,6.9734,4.201e-19,6.309e-19,1.055e-18,-0.0005,5.88,0
FrontS74705,-5.2510,6.6657,6.306e-18,7.278e-18,7.004e-18,-0.0001,6.0,0
FrontS74706,-4.6827,7.2303,6.565e-17,1.061e-16,2.119e-16,0.0006,6.05,0
FrontS74707,-4.7451,7.2411,3.435e-20,6.197e-20,1.555e-19,0.0007,6.25,0
FrontS74709,-5.1052,7.0703,2.752e-20,5.165e-20,1.426e-19,0.0005,6.25,0
FrontS74712,-5.3814,7.9042,1.232e-19,1.968e-19,3.752e-19,-0.0008,6.66,0
FrontS74713,-3.8537,6.7752,7.315e-19,9.364e-19,1.124e-18,0.0002,6.03,0
FrontS74714,-4.7576,7.2376,3.261e-19,4.952e-19,8.740e-19,0.0007,5.97,0
FrontS74717,-4.8485,7.2144,5.162e-18,5.815e-18,5.440e-18,0.0006,6.15,0
FrontS74718,-4.7122,7.0583,1.312e-18,1.706e-18,2.037e-18,0.0007,5.76,0
FrontS74719,-4.7762,6.8125,5.798e-20,1.004e-19,2.285e-19,0.0006,5.69,0
FrontS74721,-4.7930,7.2442,4.053e-19,5.946e-19,9.274e-19,0.0002,6.36,0
FrontS74726,-4.5757,7.1277,2.692e-18,3.574e-18,4.537e-18,0.0004,5.85,0
FrontS74727,-4.7780,7.2053,8.169e-19,1.168e-18,1.765e-18,0.0007,5.82,0
FrontS74731,-4.7933,6.3207,1.799e-20,3.577e-20,1.060e-19,0.0019,5.78,0
FrontS74732,-4.5816,7.1951,1.136e-18,1.588e-18,2.256e-18,-0.0002,5.98,0
FrontS74734,-4.0780,6.4418,7.345e-20,1.328e-19,3.255e-19,0.0004,5.88,0
FrontS74735,-4.4792,7.2661,2.011e-17,2.082e-17,1.571e-17,-0.0004,6.13,0
FrontS74737,-4.6737,7.0956,1.290e-18,1.675e-18,2.073e-18,0.0002,5.65,0
FrontS74739,-4.7557,7.2570,4.923e-18,5.818e-18,5.996e-18,-0.0001,6.82,0
FrontS74743,-4.4689,6.4747,6.891e-19,9.856e-19,1.454e-18,-0.0004,5.74,0
FrontS74745,-4.7595,7.1899,2.068e-20,4.258e-20,1.362e-19,0.0011,5.78,0
FrontS74746,-4.7613,7.2317,2.441e-17,2.337e-17,1.531e-17,0.0015,6.06,0
FrontS74747,-4.7093,7.2743,4.734e-18,5.682e-18,5.781e-18,0.0003,6.49,0
FrontS74748,-5.1738,6.7384,1.227e-19,1.975e-19,3.836e-19,0.0011,6.05,0
FrontS74749,-4.7920,7.3364,1.210e-16,1.101e-16,6.480e-17,-0.0003,6.81,0
FrontS74751,-4.9271,7.1328,1.477e-18,1.879e-18,2.260e-18,-0.0002,6.17,0
FrontS74753,-4.7857,7.2321,2.659e-16,4.253e-16,8.011e-16,-0.0,6.07,0
FrontS74755,-4.3113,7.3229,1.599e-18,2.000e-18,2.275e-18,0.0003,6.24,0
FrontS74756,-4.8024,7.2776,7.103e-17,1.166e-16,2.430e-16,0.0004,6.75,0
FrontS74757,-4.8207,7.3805,1.036e-17,1.074e-17,8.136e-18,0.001,6.77,0
FrontS74758,-4.7661,7.2362,2.167e-19,3.287e-19,5.768e-19,-0.0001,5.75,0
FrontS74759,-4.7203,7.1169,6.536e-20,1.171e-19,2.759e-19,0.0007,5.75,0
FrontS74761,-3.8635,7.5995,2.103e-16,3.690e-16,8.666e-16,0.0004,6.44,0
FrontS74762,-4.6693,7.0183,4.851e-20,8.763e-20,2.150e-19,0.0002,5.77,0
FrontS74763,-4.5278,7.6674,1.571e-17,1.538e-17,1.114e-17,0.0,6.74,0
FrontS74765,-5.4507,7.3359,9.835e-17,8.834e-17,5.252e-17,0.0011,6.46,0
FrontS74767,-4.7281,7.2513,7.432e-17,1.036e-16,1.446e-16,0.0006,6.21,0
FrontS74768,-4.8201,7.4395,1.379e-20,2.642e-20,7.466e-20,0.0003,6.97,0
FrontS74769,-4.7446,7.2554,3.304e-17,3.235e-17,2.215e-17,-0.0003,6.46,0
FrontS74770,-3.9467,6.7721,5.615e-20,9.408e-20,2.053e-19,0.0003,6.04,0
FrontS74771,-4.9349,7.2636,1.892e-17,1.870e-17,1.325e-17,0.0012,6.55,0
FrontS74772,-4.8325,7.1165,5.186e-19,7.439e-19,1.152e-18,0.0,5.99,0
FrontS74774,-4.7883,7.3514,9.247e-19,1.246e-18,1.632e-18,0.0006,6.77,0
FrontS74778,-4.4864,7.6308,8.079e-19,1.083e-18,1.431e-18,0.0001,6.57,0
FrontS74783,-4.6929,7.4935,8.658e-20,1.407e-19,2.768e-19,0.0011,6.78,0
FrontS74785,-4.4467,7.2841,2.507e-16,2.170e-16,1.181e-16,0.001,6.28,0
FrontS74787,-4.5123,7.1902,1.054e-17,1.159e-17,9.722e-18,0.0004,5.95,0
FrontS74790,-4.9675,6.9704,1.150e-19,1.801e-19,3.337e-19,0.0008,6.1,0
FrontS74792,-5.0466,7.4547,6.565e-20,1.128e-19,2.461e-19,0.0007,6.66,0
FrontS74794,-4.5437,7.0647,3.280e-18,4.049e-18,4.571e-18,0.0012,5.88,0
FrontS74795,-5.5419,6.9489,8.020e-17,1.308e-16,2.636e-16,0.0006,6.17,0
FrontS74797,-4.7011,7.3439,3.549e-18,4.573e-18,5.624e-18,0.0004,6.56,0
FrontS74802,-4.6120,7.0960,2.230e-17,2.390e-17,1.973e-17,0.0009,5.89,0
FrontS74803,-4.8237,7.2740,9.014e-17,1.627e-16,4.019e-16,0.0016,6.56,0
FrontS74804,-4.1544,7.3827,1.810e-18,2.269e-18,2.600e-18,0.0008,6.32,0
FrontS74811,-4.6383,6.9124,1.766e-20,3.685e-20,1.222e-19,-0.0002,5.8,0
FrontS74813,-4.6437,7.2318,3.491e-12,2.553e-12,9.742e-13,0.0004,6.19,0
FrontS74816,-4.7805,7.2822,7.640e-18,8.241e-18,7.117e-18,0.0005,6.8,0
FrontS74817,-4.5290,6.7650,1.550e-20,3.049e-20,9.107e-20,-0.0,5.75,0
FrontS74821,-5.0802,6.9786,6.604e-17,6.374e-17,4.280e-17,0.0008,5.92,0
FrontS74823,-4.5230,7.7329,3.680e-19,5.428e-19,8.858e-19,-0.0,6.67,0
FrontS74831,-4.5257,7.2668,3.752e-18,4.527e-18,4.970e-18,0.0005,6.32,0
FrontS74832,-4.7199,6.9574,8.469e-18,9.844e-18,1.002e-17,0.0008,5.81,0
FrontS74834,-4.5892,7.0489,2.582e-20,4.901e-20,1.331e-19,-0.0001,5.86,0
FrontS74835,-4.5987,7.3446,3.393e-19,4.998e-19,8.245e-19,-0.0,6.5,0
FrontS74836,-4.8209,7.0510,2.411e-15,1.827e-15,7.581e-16,-0.0001,5.76,1
FrontS74837,-4.7386,7.3617,8.760e-17,8.008e-17,4.732e-17,0.0002,6.58,0
FrontS74838,-4.8567,7.1809,1.961e-16,1.639e-16,8.240e-17,0.001,6.14,0
FrontS74840,-4.8177,7.1685,3.708e-12,2.672e-12,9.882e-13,0.0004,6.06,0
FrontS74841,-4.7814,7.1389,1.923e-16,1.635e-16,8.905e-17,-0.0,5.88,0
FrontS74843,-4.6631,7.2570,1.955e-16,3.927e-16,1.195e-15,0.0007,6.28,0
FrontS74844,-4.9365,7.1455,7.713e-18,8.465e-18,7.450e-18,0.0004,6.24,0
FrontS74847,-4.6652,7.3131,5.460e-19,7.237e-19,9.145e-19,0.0006,6.52,0
FrontS74850,-4.9230,7.4647,1.076e-16,1.008e-16,6.296e-17,0.0008,6.74,0
FrontS74852,-4.7484,7.1036,8.842e-18,9.467e-18,7.847e-18,0.001,5.86,0
FrontS74853,-4.7864,7.1725,3.465e-19,4.781e-19,6.703e-19,0.0002,5.75,0
FrontS74854,-4.8641,7.1198,2.418e-18,2.975e-18,3.256e-18,0.0003,5.98,0
FrontS74856,-4.8190,7.3016,1.148e-17,1.227e-17,1.006e-17,0.0014,6.73,0
FrontS74857,-4.8495,7.2169,3.012e-17,3.004e-17,2.231e-17,0.0003,6.18,0
FrontS74859,-4.6861,7.2627,2.126e-16,3.694e-16,8.336e-16,0.0002,6.38,0
FrontS74860,-4.6740,7.3119,8.508e-18,9.641e-18,8.705e-18,0.0002,6.65,0
FrontS74861,-4.5447,7.2683,2.046e-18,2.628e-18,3.096e-18,0.0004,6.38,0
FrontS74862,-4.6790,7.2044,1.984e-19,3.176e-19,5.811e-19,-0.0003,6.06,0
FrontS74865,-4.9985,7.3445,2.045e-17,2.126e-17,1.648e-17,-0.0005,6.69,0
FrontS74866,-4.9590,7.1981,2.665e-17,2.618e-17,1.843e-17,0.0002,6.16,0
FrontS74868,-4.7408,7.3512,3.238e-17,3.262e-17,2.394e-17,-0.0002,6.62,0
FrontS74869,-4.8003,7.1192,6.677e-19,9.065e-19,1.234e-18,0.0005,5.62,0
FrontS74870,-5.0150,7.2297,2.095e-20,4.295e-20,1.367e-19,0.0,6.32,0
FrontS74871,-4.8036,7.3526,3.036e-18,3.552e-18,3.481e-18,0.0001,6.78,0
FrontS74872,-4.7204,7.1747,1.763e-19,2.861e-19,5.622e-19,-0.0006,5.9,0
FrontS74874,-4.9890,7.2150,2.456e-18,3.141e-18,3.735e-18,-0.0001,6.28,0
FrontS74875,-4.7282,7.2663,3.403e-18,4.097e-18,4.329e-18,-0.0002,6.42,0
FrontS74877,-4.5284,7.3958,1.571e-17,1.702e-17,1.482e-17,0.0005,6.52,0
FrontS74879,-4.6892,7.3277,1.820e-19,2.797e-19,5.009e-19,0.0,6.86,0
FrontS74880,-4.7241,7.2631,6.797e-20,1.179e-19,2.595e-19,0.0006,6.54,0
FrontS74881,-4.6004,7.1392,3.518e-16,3.043e-16,1.595e-16,0.0002,5.82,0
FrontS74882,-4.7009,7.1122,5.363e-20,9.051e-20,1.956e-19,-0.0001,5.88,0
FrontS74883,-4.8190,7.3154,6.246e-16,5.384e-16,2.968e-16,-0.0,6.71,0
FrontS74885,-4.7620,7.1118,1.511e-17,1.569e-17,1.234e-17,0.0006,5.75,0
FrontS74887,-4.7587,7.3493,1.373e-17,1.473e-17,1.224e-17,0.0012,6.69,0
FrontS74888,-4.6989,7.1436,3.548e-18,4.310e-18,4.654e-18,-0.0,5.76,0
FrontS74889,-4.9018,7.3350,8.528e-17,8.012e-17,5.082e-17,0.0013,6.6,0
FrontS74890,-4.4984,7.4344,2.818e-16,2.484e-16,1.352e-16,0.0007,6.46,0
FrontS74891,-4.9558,7.2259,2.161e-18,2.620e-18,2.908e-18,0.0009,6.48,0
FrontS74893,-4.5965,7.1465,1.279e-16,2.341e-16,5.915e-16,0.0001,6.04,0
FrontS74894,-4.9372,7.0660,1.335e-17,1.405e-17,1.142e-17,-0.0003,5.96,0
FrontS74895,-4.6877,6.9509,2.331e-20,4.301e-20,1.074e-19,0.0,5.83,0
FrontS74898,-4.5652,7.1544,3.693e-17,5.507e-17,9.371e-17,-0.0001,5.97,0
FrontS74900,-4.7286,7.1072,2.869e-16,2.432e-16,1.305e-16,-0.0,5.87,0
FrontS74901,-4.9549,7.4819,2.917e-13,1.913e-13,6.082e-14,0.0005,6.84,0
FrontS74902,-4.7014,7.1263,2.005e-16,1.757e-16,9.502e-17,0.0004,5.83,0
FrontS74906,-4.7192,7.3198,1.540e-19,2.429e-19,4.621e-19,0.0008,6.61,0
FrontS74907,-4.4574,7.3529,6.490e-20,1.101e-19,2.475e-19,0.0004,6.39,0
FrontS74908,-4.4260,7.2292,4.070e-18,4.907e-18,5.229e-18,0.0006,6.18,0
FrontS74909,-4.8661,7.3535,5.253e-16,4.105e-16,1.896e-16,0.0007,6.84,0
FrontS74910,-4.8734,7.3060,7.694e-19,1.014e-18,1.291e-18,-0.0002,6.62,0
FrontS74912,-4.7568,7.2589,1.312e-20,2.650e-20,8.419e-20,0.0004,6.38,0
FrontS74914,-4.7212,7.0212,1.086e-16,9.428e-17,5.291e-17,0.0001,5.8,0
FrontS74915,-4.8496,7.4213,3.145e-20,5.721e-20,1.443e-19,-0.0,6.83,0
FrontS74916,-4.7020,7.5865,2.646e-20,4.438e-20,9.464e-20,0.0007,6.79,0
FrontS74917,-4.7510,7.2370,3.588e-16,6.994e-16,2.083e-15,0.0004,6.28,0
FrontS74919,-4.7556,7.1964,7.784e-17,1.407e-16,3.447e-16,0.0008,5.82,0
FrontS74920,-5.0300,7.2231,2.287e-19,3.856e-19,8.212e-19,-0.0014,6.29,0
FrontS74921,-4.6578,7.1400,1.645e-17,1.719e-17,1.313e-17,-0.001,5.94,0
FrontS74922,-4.5164,7.1970,3.897e-17,3.729e-17,2.517e-17,0.0009,6.19,0
FrontS74923,-4.7130,7.2855,1.074e-19,1.664e-19,3.018e-19,0.0001,6.36,0
FrontS74924,-4.6508,7.2424,5.901e-16,1.345e-15,5.529e-15,0.0001,6.11,0
FrontS74926,-4.7793,7.2281,2.251e-17,2.501e-17,2.274e-17,-0.0001,5.82,0
FrontS74927,-4.8070,7.0743,2.011e-18,2.493e-18,2.830e-18,0.0004,5.97,1
FrontS74928,-4.6821,7.1274,5.413e-17,5.215e-17,3.462e-17,0.001,5.9,0
FrontS74932,-4.9241,7.3234,2.563e-15,1.848e-15,7.030e-16,0.0003,6.6,0
FrontS74933,-4.9696,7.4690,3.818e-17,6.789e-17,1.609e-16,-0.0001,6.87,0
FrontS74934,-4.5094,7.1277,1.137e-18,1.455e-18,1.718e-18,0.0013,5.83,0
FrontS74935,-4.8939,7.1546,1.978e-16,1.734e-16,9.516e-17,0.0011,6.03,0
FrontS74937,-4.6728,7.2868,2.138e-16,1.771e-16,9.047e-17,-0.0004,6.35,0
FrontS74938,-4.5984,7.3734,5.360e-17,5.345e-17,3.823e-17,0.0005,6.62,0
FrontS74940,-4.8187,7.2268,1.364e-17,1.437e-17,1.170e-17,0.0004,6.19,0
FrontS74941,-5.0375,7.5187,2.176e-17,2.276e-17,1.799e-17,-0.0005,6.7,0
FrontS74943,-4.6522,7.0590,6.086e-18,6.641e-18,5.830e-18,0.0008,5.85,0
FrontS74944,-4.6169,7.3078,1.101e-16,9.468e-17,4.952e-17,0.0013,6.36,0
FrontS74946,-5.0459,7.0643,2.549e-18,3.196e-18,3.624e-18,0.0005,5.94,0
FrontS74947,-4.9966,7.1744,1.952e-16,3.886e-16,1.177e-15,0.0005,6.29,0
FrontS74948,-4.9344,7.4241,6.233e-19,8.372e-19,1.119e-18,-0.0003,6.78,0
FrontS74949,-4.7599,7.2884,5.579e-17,5.203e-17,3.418e-17,0.0,6.8,0
FrontS74950,-4.7343,7.1210,2.190e-19,3.454e-19,6.338e-19,-0.0008,5.88,0
FrontS74951,-4.6232,7.0866,1.763e-19,2.735e-19,4.926e-19,0.0002,5.68,0
FrontS74952,-4.9016,7.1869,3.370e-18,4.122e-18,4.370e-18,-0.0001,6.32,0
FrontS74953,-4.7139,7.1517,1.147e-16,1.952e-16,4.262e-16,0.001,5.8,0
FrontS74954,-4.9129,7.1518,1.212e-20,2.520e-20,8.641e-20,-0.0008,6.03,0
FrontS74955,-4.6470,7.2134,1.956e-17,2.012e-17,1.496e-17,-0.0001,5.84,0
FrontS74957,-4.6277,7.2865,3.924e-17,3.992e-17,3.003e-17,0.0009,6.43,0
FrontS74958,-4.8353,7.0617,3.043e-16,6.678e-16,2.498e-15,0.0006,5.88,0
FrontS74959,-4.7017,7.1765,2.325e-16,1.907e-16,9.314e-17,-0.0002,5.98,0
FrontS74962,-4.6844,7.1857,3.509e-16,2.918e-16,1.477e-16,0.0002,5.94,0
FrontS74964,-4.9967,7.2266,3.668e-16,3.064e-16,1.551e-16,0.0003,6.43,0
FrontS74965,-4.6278,7.1567,7.193e-17,6.642e-17,4.007e-17,0.0009,5.89,0
FrontS74966,-4.7683,7.1401,5.493e-18,6.231e-18,6.107e-18,0.0005,5.86,0
FrontS74968,-4.7563,7.4357,1.590e-18,2.017e-18,2.476e-18,-0.0003,6.86,0
FrontS74969,-4.7741,7.0906,2.872e-16,5.973e-16,2.002e-15,0.0004,5.69,0
FrontS74971,-4.7936,7.4147,1.392e-17,1.535e-17,1.398e-17,-0.0,6.84,0
FrontS74972,-4.8294,6.9980,9.337e-19,1.293e-18,1.793e-18,0.0012,5.72,0
FrontS74973,-4.6389,7.2017,1.153e-18,1.509e-18,1.860e-18,0.0012,6.01,0
FrontS74974,-4.8511,7.1035,1.268e-16,1.128e-16,6.433e-17,0.0007,5.88,0
FrontS74975,-4.8436,7.1244,2.098e-16,3.269e-16,5.717e-16,0.0004,5.99,0
FrontS74976,-4.5619,7.1887,1.720e-20,3.075e-20,7.478e-20,0.001,6.07,0
FrontS74977,-4.5264,7.1077,5.893e-16,4.761e-16,2.347e-16,0.0007,5.92,0
FrontS74978,-4.9205,7.1190,3.564e-20,6.237e-20,1.460e-19,0.0008,6.16,0
FrontS74981,-4.7262,7.1347,8.023e-17,1.313e-16,2.628e-16,0.0002,5.9,0
FrontS74982,-4.8181,7.3303,1.092e-15,8.617e-16,3.912e-16,0.0006,6.71,1
FrontS74985,-4.6060,7.1070,2.092e-16,1.714e-16,8.186e-17,0.0009,5.79,0
FrontS74986,-4.7545,7.2613,4.087e-16,5.918e-16,9.344e-16,0.0003,6.74,0
FrontS74988,-5.0231,7.3189,6.076e-20,1.031e-19,2.235e-19,0.0011,6.55,0
FrontS74989,-4.6994,7.3909,4.648e-17,9.272e-17,2.816e-16,0.0008,6.84,0
FrontS74990,-4.7534,7.2833,4.526e-16,1.098e-15,5.080e-15,0.0001,6.73,0
FrontS74992,-4.8796,7.3796,2.165e-20,3.930e-20,1.001e-19,0.0007,6.86,0
FrontS74993,-4.6314,7.0947,1.493e-17,1.650e-17,1.478e-17,0.0001,5.83,0
FrontS74994,-4.7205,7.3601,1.953e-16,3.345e-16,7.206e-16,0.0,6.91,0
FrontS74997,-4.8204,7.2236,2.125e-16,1.822e-16,1.011e-16,-0.0002,5.76,0
FrontS74998,-4.4666,7.2306,1.014e-16,9.384e-17,5.573e-17,0.0003,6.17,0
FrontS74999,-4.8196,7.1895,7.484e-19,1.015e-18,1.359e-18,0.0017,5.76,0
FrontS75000,-4.7250,7.4500,7.854e-18,8.568e-18,7.361e-18,0.0005,6.81,0
FrontS75001,-4.8155,7.3711,8.715e-19,1.154e-18,1.472e-18,0.0005,6.83,0
FrontS75002,-4.6750,7.0828,3.397e-19,5.126e-19,8.496e-19,0.001,5.77,0
FrontS75003,-5.0102,7.0498,1.573e-15,1.253e-15,5.562e-16,0.0013,6.03,1
FrontS75004,-4.6897,7.3710,9.161e-17,1.603e-16,3.588e-16,-0.0001,6.71,0
FrontS75005,-4.7218,7.3824,1.179e-17,1.312e-17,1.176e-17,-0.0002,6.9,0
FrontS75006,-4.8782,7.2852,2.320e-18,2.950e-18,3.529e-18,-0.0001,6.63,0
FrontS75007,-4.8416,7.2146,1.616e-16,1.450e-16,8.540e-17,-0.0002,6.28,0
FrontS75010,-4.7470,7.2434,1.288e-16,1.165e-16,6.724e-17,0.0004,6.26,0
FrontS75011,-4.8965,7.2540,1.962e-17,1.912e-17,1.358e-17,0.0012,6.41,0
FrontS75014,-5.0263,7.2153,2.573e-16,2.100e-16,1.021e-16,0.0,6.43,0
FrontS75015,-4.4301,7.3260,8.747e-17,7.902e-17,4.681e-17,-0.0001,6.35,0
FrontS75017,-4.7983,7.1794,2.006e-16,4.294e-16,1.448e-15,-0.0003,5.98,0
FrontS75019,-4.8241,7.0941,5.845e-17,5.767e-17,4.000e-17,-0.0004,5.77,0
FrontS75021,-4.7302,7.4079,5.866e-12,4.281e-12,1.668e-12,0.0001,6.75,0
FrontS75022,-4.7693,7.2173,5.654e-17,5.516e-17,3.671e-17,0.0002,5.99,0
FrontS75024,-4.7141,7.2123,5.623e-18,7.110e-18,8.161e-18,0.0006,6.01,0
FrontS75025,-4.7994,7.3838,4.295e-20,7.320e-20,1.550e-19,0.0014,6.79,0
FrontS75026,-4.7657,7.4881,2.132e-20,3.937e-20,1.021e-19,0.0003,6.88,0
FrontS75027,-4.7697,7.1930,2.625e-19,3.925e-19,6.642e-19,0.0006,5.95,0
FrontS75028,-4.5409,7.2547,2.299e-16,2.052e-16,1.191e-16,0.0006,6.13,0
FrontS75029,-4.7750,7.3400,2.098e-17,2.095e-17,1.497e-17,0.0,6.7,0
FrontS75030,-4.8930,7.4595,7.411e-17,1.318e-16,3.138e-16,0.0001,6.77,0
FrontS75031,-4.6883,7.1347,3.374e-12,2.479e-12,9.596e-13,0.0004,5.74,0
FrontS75032,-4.8439,7.3552,4.751e-17,4.662e-17,3.285e-17,0.0006,6.76,0
FrontS75033,-4.8518,7.3548,4.851e-16,3.960e-16,1.882e-16,-0.0002,6.8,0
FrontS75035,-4.6516,7.1239,2.266e-16,1.941e-16,1.032e-16,-0.0001,5.84,0
FrontS75036,-4.8808,7.3586,2.235e-16,2.040e-16,1.171e-16,0.0007,6.65,0
FrontS75037,-4.8767,7.3600,4.698e-15,3.357e-15,1.237e-15,-0.0004,6.82,0
FrontS75038,-4.8886,7.3621,4.935e-14,3.335e-14,1.073e-14,0.0004,6.64,0
FrontS75039,-4.6278,7.1239,5.629e-17,5.339e-17,3.520e-17,0.0003,5.89,0
FrontS75040,-4.6100,7.1256,1.810e-16,1.540e-16,7.901e-17,0.0001,5.85,0
FrontS75041,-4.9130,7.3605,6.521e-16,5.353e-16,2.555e-16,0.0015,6.6,0
FrontS75042,-4.5943,7.1312,8.242e-17,1.607e-16,4.592e-16,-0.0004,5.83,0
FrontS75043,-4.9299,7.3610,4.256e-17,4.222e-17,2.988e-17,-0.0006,6.65,0
FrontS75044,-4.9393,7.3520,1.423e-15,1.122e-15,4.909e-16,-0.0002,6.57,1
FrontS75045,-4.5716,7.1374,1.337e-16,2.820e-16,9.378e-16,0.0012,5.93,0
FrontS75046,-4.5554,7.1474,8.888e-20,1.513e-19,3.284e-19,0.001,6.08,0
FrontS75047,-4.9869,7.3366,1.185e-16,1.077e-16,6.250e-17,0.001,6.49,0
FrontS75048,-4.5469,7.1576,6.812e-13,4.444e-13,1.356e-13,-0.0004,5.93,0
FrontS75049,-4.5347,7.1599,3.758e-16,3.209e-16,1.624e-16,0.0002,5.9,0
FrontS75050,-5.0075,7.3158,1.250e-15,9.958e-16,4.436e-16,0.0001,6.59,1
FrontS75051,-5.0213,7.3080,1.929e-16,3.126e-16,6.342e-16,-0.0001,6.44,0
FrontS75052,-4.5061,7.1838,5.938e-15,4.336e-15,1.712e-15,-0.0001,6.05,0
FrontS75053,-4.4725,7.1931,2.227e-16,3.290e-16,5.308e-16,0.0001,6.29,0
FrontS75054,-5.0493,7.2806,6.471e-15,4.654e-15,1.773e-15,0.0002,6.34,0
FrontS75055,-5.0594,7.2726,3.030e-17,2.849e-17,1.900e-17,-0.0007,6.43,0
FrontS75056,-5.0575,7.2626,2.390e-14,1.644e-14,5.578e-15,0.0005,6.47,0
FrontS75057,-4.4715,7.2419,2.134e-15,1.629e-15,6.727e-16,0.0004,6.09,1
FrontS75058,-4.4357,7.2457,7.916e-15,5.455e-15,1.932e-15,-0.0003,6.25,0
FrontS75059,-5.0630,7.2188,5.489e-17,9.664e-17,2.232e-16,0.0001,6.51,0
FrontS75060,-4.4606,7.2847,3.524e-20,6.308e-20,1.496e-19,-0.0002,6.25,0
FrontS75061,-4.4696,7.2903,5.210e-17,5.039e-17,3.407e-17,0.0006,6.33,0
FrontS75062,-5.0821,7.1730,2.158e-15,1.676e-15,7.437e-16,0.0002,6.35,1
FrontS75063,-5.1093,7.1576,5.284e-12,4.620e-12,2.508e-12,0.0007,6.36,1
FrontS75064,-5.0986,7.1430,4.060e-15,3.037e-15,1.174e-15,0.0003,6.31,0
FrontS75065,-5.0750,7.1325,1.840e-14,1.257e-14,4.369e-15,0.0006,6.22,0
FrontS75066,-5.0706,7.1133,5.317e-15,4.156e-15,1.834e-15,0.0013,6.19,0
FrontS75067,-5.0757,7.0942,4.820e-15,3.543e-15,1.358e-15,0.0002,6.19,0
FrontS75068,-5.1090,7.0828,8.772e-17,8.353e-17,5.413e-17,0.0014,6.15,0
FrontS75069,-4.4247,7.4179,5.080e-17,4.628e-17,2.846e-17,0.0015,6.37,0
FrontS75071,-4.4401,7.4721,2.563e-16,2.292e-16,1.310e-16,0.0006,6.55,0
FrontS75072,-4.4625,7.4744,5.425e-16,4.359e-16,2.031e-16,0.0005,6.44,0
FrontS75073,-4.4533,7.4846,9.371e-16,7.486e-16,3.458e-16,-0.0004,6.53,0
FrontS75074,-5.1046,6.9758,9.358e-17,1.610e-16,3.462e-16,0.0,6.09,0
FrontS75075,-4.4478,7.5303,1.566e-15,1.237e-15,5.619e-16,0.0009,6.61,1
FrontS75076,-5.0701,6.9517,1.380e-15,1.072e-15,4.551e-16,0.0007,6.03,1
FrontS75077,-4.4814,7.5705,5.598e-18,6.460e-18,6.151e-18,0.0004,6.57,0
FrontS75078,-5.0392,6.8952,1.263e-15,9.633e-16,4.069e-16,0.0,6.08,1
FrontS75079,-4.4690,7.5812,7.164e-15,4.992e-15,1.788e-15,0.0008,6.59,0
FrontS75080,-4.5103,7.6158,1.340e-16,1.176e-16,6.302e-17,0.0002,6.65,0
FrontS75082,-4.5129,7.6609,5.766e-12,5.051e-12,2.875e-12,-0.0005,6.47,1
FrontS75083,-5.0016,6.8222,1.296e-15,9.868e-16,4.249e-16,0.001,5.86,1
FrontS75084,-4.9941,6.8177,1.212e-14,8.224e-15,2.890e-15,-0.0002,5.94,0
FrontS75085,-4.5622,7.6637,6.925e-15,4.881e-15,1.831e-15,0.0005,6.65,0
FrontS75086,-4.5673,7.7251,3.157e-15,2.282e-15,8.806e-16,-0.0003,6.79,0
FrontS75087,-4.5790,7.7119,2.604e-16,2.200e-16,1.113e-16,0.0005,6.72,0
FrontS75088,-4.9369,6.7768,1.428e-16,1.320e-16,8.431e-17,0.0009,5.93,0
FrontS75089,-4.6025,7.7540,1.934e-14,1.352e-14,4.733e-15,0.0005,6.68,0
FrontS75090,-4.6304,7.7858,1.318e-15,1.017e-15,4.423e-16,0.0001,6.75,1
FrontS75091,-4.8951,6.6724,4.103e-14,2.727e-14,8.848e-15,0.0002,5.73,0
FrontS75092,-4.8549,6.7184,2.353e-16,3.426e-16,5.342e-16,0.0004,5.72,0
FrontS75093,-4.8464,6.6860,2.823e-15,2.108e-15,8.621e-16,0.0001,5.72,0
FrontS75094,-4.7026,7.8156,1.313e-14,9.183e-15,3.363e-15,0.0007,6.83,0
FrontS75095,-4.8024,6.6721,9.111e-15,6.381e-15,2.279e-15,0.0001,5.8,0
FrontS75096,-4.7857,6.6769,2.336e-17,3.689e-17,6.980e-17,0.001,5.73,0
FrontS75097,-4.7609,6.6390,1.712e-16,1.483e-16,8.047e-17,0.0001,5.74,0
FrontS75098,-4.7353,6.6476,4.517e-16,6.212e-16,8.543e-16,-0.0003,5.74,0
FrontS75099,-4.8101,7.8642,3.351e-15,2.448e-15,9.448e-16,0.0004,6.8,0
FrontS75100,-4.6998,6.6145,5.934e-15,4.505e-15,1.815e-15,0.0009,5.83,0
FrontS75101,-4.6625,6.6366,1.740e-14,1.275e-14,4.704e-15,-0.0,5.81,0
FrontS75102,-4.8740,7.8542,2.103e-15,1.583e-15,6.533e-16,0.0003,6.7,0
FrontS75103,-4.6313,6.6302,3.572e-15,2.548e-15,9.406e-16,0.0004,5.81,0
FrontS75104,-4.9387,7.8634,3.457e-17,5.179e-17,8.599e-17,0.0001,6.7,0
FrontS75105,-4.9474,7.8577,1.714e-15,1.340e-15,5.999e-16,-0.0003,6.79,1
FrontS75106,-4.9826,7.8880,9.626e-16,8.236e-16,4.423e-16,0.001,6.75,0
FrontS75107,-4.5148,6.6561,4.604e-15,3.287e-15,1.209e-15,0.0005,5.78,0
FrontS75108,-5.0138,7.8763,1.279e-16,1.196e-16,7.329e-17,-0.0004,6.82,0
FrontS75109,-4.4805,6.6117,5.151e-16,4.117e-16,1.944e-16,0.0008,5.8,0
FrontS75110,-5.0572,7.8686,6.891e-16,5.587e-16,2.682e-16,0.0004,6.89,0
FrontS75111,-4.4326,6.5865,6.066e-16,4.819e-16,2.249e-16,0.0004,5.75,0
FrontS75112,-4.3848,6.6804,1.188e-14,8.691e-15,3.229e-15,0.0004,5.71,0
FrontS75113,-4.3994,6.6144,3.671e-15,2.747e-15,1.131e-15,-0.0004,5.75,0
FrontS75114,-4.3545,6.6318,1.519e-15,1.197e-15,5.211e-16,0.0003,5.85,1
FrontS75115,-5.2372,7.8538,4.090e-16,3.346e-16,1.606e-16,0.0013,6.79,0
FrontS75116,-5.1899,7.8355,1.089e-15,8.850e-16,4.243e-16,-0.0003,6.7,0
FrontS75117,-5.2340,7.7896,1.533e-15,1.217e-15,5.729e-16,-0.0,6.79,0
FrontS75118,-4.2601,6.6806,3.234e-17,5.057e-17,9.262e-17,0.0008,5.9,0
FrontS75119,-5.2981,7.7754,1.309e-15,1.013e-15,4.436e-16,-0.0001,6.64,1
FrontS75120,-5.3068,7.7349,2.509e-15,1.784e-15,6.561e-16,0.0004,6.77,0
FrontS75121,-5.3185,7.7277,1.569e-12,1.083e-12,3.737e-13,-0.0002,6.72,0
FrontS75122,-4.1493,6.7579,3.098e-14,2.102e-14,6.858e-15,0.001,5.96,0
FrontS75123,-5.3745,7.6748,9.222e-15,6.374e-15,2.240e-15,0.0006,6.62,0
FrontS75124,-5.3818,7.6649,5.677e-15,4.255e-15,1.682e-15,-0.0001,6.57,0
FrontS75125,-4.0817,6.8329,1.492e-16,1.355e-16,7.802e-17,0.0002,6.0,0
FrontS75126,-5.4236,7.6376,8.301e-16,6.661e-16,3.118e-16,0.0002,6.63,0
FrontS75127,-4.0682,6.8800,3.999e-16,8.895e-16,3.429e-15,0.0012,5.96,0
FrontS75128,-5.5070,7.5822,6.507e-15,4.691e-15,1.743e-15,0.0012,6.49,0
FrontS75129,-5.4884,7.5671,1.203e-15,8.902e-16,3.660e-16,0.0008,6.51,0
FrontS75130,-4.0117,6.9614,8.005e-16,6.345e-16,2.880e-16,0.0007,6.05,0
FrontS75131,-3.9583,6.9854,3.447e-16,2.890e-16,1.413e-16,0.0009,6.06,0
FrontS75132,-5.5665,7.4706,2.553e-14,1.726e-14,5.640e-15,0.0,6.42,0
FrontS75133,-5.5585,7.4307,1.393e-16,2.980e-16,1.046e-15,0.0002,6.47,0
FrontS75134,-5.5654,7.4030,6.089e-17,1.152e-16,3.054e-16,-0.0002,6.48,0
FrontS75135,-5.5747,7.3715,1.001e-14,7.156e-15,2.764e-15,0.0,6.41,0
FrontS75136,-3.9179,7.1470,6.048e-14,4.123e-14,1.403e-14,0.0004,6.09,0
FrontS75137,-5.6042,7.3058,2.596e-17,2.586e-17,1.911e-17,0.001,6.47,0
FrontS75138,-5.6210,7.2731,5.457e-16,4.663e-16,2.565e-16,0.0002,6.35,0
FrontS75139,-3.9751,7.2565,2.702e-17,2.644e-17,1.906e-17,0.0,6.27,0
FrontS75140,-3.9352,7.2804,1.479e-14,1.020e-14,3.639e-15,-0.0002,6.27,0
FrontS75141,-5.6730,7.1765,1.238e-16,1.146e-16,6.798e-17,0.0002,6.43,0
FrontS75142,-5.6343,7.1333,5.256e-15,3.820e-15,1.494e-15,0.001,6.31,0
FrontS75143,-5.5422,7.0868,3.314e-15,2.364e-15,8.901e-16,0.0003,6.28,0
FrontS75144,-5.6565,7.0628,7.522e-15,5.266e-15,1.808e-15,-0.0003,6.22,0
FrontS75145,-5.6514,7.0217,5.776e-15,4.157e-15,1.570e-15,-0.0,6.21,0
FrontS75146,-3.9400,7.5107,3.135e-15,2.214e-15,8.092e-16,0.0006,6.26,0
FrontS75147,-3.9021,7.5903,1.302e-17,1.432e-17,1.287e-17,0.0001,6.32,0
FrontS75148,-5.5919,6.9352,2.842e-15,2.137e-15,8.884e-16,0.0005,6.29,1
FrontS75149,-5.5682,6.8839,3.955e-16,3.267e-16,1.651e-16,0.0007,6.14,0
FrontS75150,-3.9571,7.6919,1.974e-16,4.252e-16,1.491e-15,0.0002,6.42,0
FrontS75151,-3.9130,7.6998,5.351e-18,6.437e-18,6.674e-18,0.0007,6.44,0
FrontS75152,-5.5300,6.7510,7.966e-15,5.570e-15,1.938e-15,0.0002,6.1,0
FrontS75153,-3.9439,7.7625,2.183e-15,1.591e-15,6.043e-16,0.001,6.46,0
FrontS75154,-5.5023,6.6924,1.506e-15,1.167e-15,5.031e-16,-0.0002,6.08,1
FrontS75155,-4.0286,7.8186,1.093e-16,9.893e-17,6.010e-17,-0.0004,6.46,0
FrontS75156,-5.4618,6.6422,1.481e-19,2.464e-19,4.912e-19,0.0007,6.09,0
FrontS75157,-4.0573,7.9490,1.321e-16,1.257e-16,7.973e-17,0.0009,6.47,0
FrontS75158,-4.1069,7.8895,5.754e-17,5.483e-17,3.495e-17,0.0004,6.57,0
FrontS75159,-4.0889,7.9500,8.128e-17,7.931e-17,5.317e-17,0.0009,6.67,0
FrontS75160,-5.4295,6.4835,2.891e-15,2.176e-15,8.909e-16,0.0006,5.96,1
FrontS75161,-4.1272,8.0328,1.516e-15,1.162e-15,4.680e-16,-0.0004,6.54,1
FrontS75162,-5.3130,6.3645,6.468e-13,4.258e-13,1.398e-13,0.0007,5.85,0
FrontS75163,-4.1953,8.1308,5.915e-16,4.595e-16,2.038e-16,-0.0002,6.63,0
FrontS75164,-5.3452,6.3874,1.942e-18,2.470e-18,2.963e-18,0.0006,6.03,0
FrontS75165,-5.2915,6.2798,2.319e-16,1.907e-16,9.019e-17,0.0011,5.95,0
FrontS75166,-4.2793,8.2737,5.123e-15,3.745e-15,1.421e-15,0.0008,6.6,0
FrontS75167,-4.3207,8.2695,3.689e-12,2.540e-12,8.748e-13,0.0002,6.63,0
FrontS75168,-5.1546,6.2789,6.466e-15,4.699e-15,1.799e-15,-0.0,5.85,0
FrontS75169,-5.1529,6.2487,5.266e-17,5.143e-17,3.481e-17,0.0004,5.95,0
FrontS75170,-4.4032,8.3817,4.807e-15,1.600e-14,1.395e-13,0.0007,6.68,0
FrontS75171,-5.0592,6.1599,1.371e-15,1.036e-15,4.348e-16,0.0004,5.73,1
FrontS75172,-5.0216,6.1456,1.763e-15,1.338e-15,5.382e-16,0.0001,5.66,0
FrontS75173,-4.5343,8.3010,3.904e-15,2.871e-15,1.127e-15,0.0012,6.71,0
FrontS75174,-4.9513,6.1155,5.254e-16,4.150e-16,1.891e-16,0.0009,5.94,0
FrontS75175,-4.9042,6.1831,2.472e-14,1.681e-14,5.705e-15,0.0006,5.81,0
FrontS75176,-4.6629,8.4099,4.450e-15,3.139e-15,1.126e-15,0.001,6.71,0
FrontS75177,-4.6684,7.1537,2.539e-19,3.989e-19,7.348e-19,0.0003,5.92,0
FrontS75178,-4.8643,7.3442,1.767e-17,1.892e-17,1.596e-17,0.0002,6.82,0
FrontS75179,-4.6688,7.1485,1.127e-19,1.821e-19,3.584e-19,0.0007,5.91,0
FrontS75180,-4.8806,7.3529,8.684e-17,8.177e-17,5.461e-17,0.0009,6.63,0
FrontS75181,-4.8785,7.3360,8.591e-12,6.573e-12,2.734e-12,0.0008,6.78,1
FrontS75182,-4.6324,7.1528,1.305e-17,1.450e-17,1.305e-17,0.0006,5.83,0
FrontS75183,-4.6511,7.1468,1.279e-16,1.155e-16,6.478e-17,-0.0002,5.8,0
FrontS75184,-4.6330,7.1342,1.528e-16,1.280e-16,6.504e-17,0.0006,5.84,0
FrontS75185,-4.6346,7.1324,1.272e-17,1.385e-17,1.198e-17,0.0012,5.93,0
FrontS75187,-4.6041,7.1527,2.926e-16,6.271e-16,2.215e-15,0.0002,6.07,0
FrontS75188,-4.9172,7.3372,1.341e-16,2.576e-16,7.005e-16,0.0006,6.59,0
FrontS75189,-4.9149,7.3307,1.282e-18,1.707e-18,2.235e-18,0.0004,6.68,0
FrontS75190,-4.9001,7.3360,2.939e-16,4.018e-16,5.532e-16,0.0008,6.7,0
FrontS75191,-4.9290,7.3180,2.009e-20,3.866e-20,1.037e-19,0.0004,6.6,0
FrontS75193,-4.5789,7.1701,9.317e-17,1.650e-16,3.873e-16,0.0007,5.93,0
FrontS75194,-4.5270,7.1758,2.136e-20,4.181e-20,1.267e-19,0.0004,5.96,0
FrontS75195,-4.5361,7.1784,3.524e-18,4.315e-18,4.630e-18,0.0001,5.99,0
FrontS75196,-4.5486,7.1849,6.842e-16,5.468e-16,2.562e-16,0.0008,6.08,0
FrontS75197,-4.9820,7.2993,1.332e-17,1.434e-17,1.230e-17,-0.0001,6.4,0
FrontS75198,-4.9961,7.2886,2.028e-18,2.609e-18,3.237e-18,0.0004,6.48,0
FrontS75199,-5.0089,7.2871,3.261e-15,2.400e-15,9.525e-16,-0.0,6.57,0
FrontS75200,-4.5445,7.2053,2.639e-15,1.934e-15,7.605e-16,0.0002,6.16,0
FrontS75201,-5.0085,7.2736,8.567e-17,8.365e-17,5.544e-17,-0.0002,6.51,0
FrontS75202,-4.9960,7.2637,8.430e-17,1.609e-16,4.576e-16,0.0005,6.51,0
FrontS75203,-4.9958,7.2592,1.723e-15,1.343e-15,5.856e-16,0.0003,6.41,1
FrontS75204,-4.5134,7.2393,2.908e-15,2.073e-15,7.601e-16,-0.0005,6.2,0
FrontS75205,-4.5080,7.2444,2.924e-16,6.510e-16,2.482e-15,-0.0005,6.13,0
FrontS75206,-5.0330,7.2373,4.559e-18,5.235e-18,5.067e-18,-0.0006,6.37,0
FrontS75207,-5.0399,7.2186,3.926e-17,3.865e-17,2.732e-17,0.0008,6.37,0
FrontS75208,-4.4668,7.2573,6.507e-19,9.432e-19,1.405e-18,-0.0004,6.13,0
FrontS75210,-5.0461,7.1866,3.823e-16,3.257e-16,1.766e-16,0.0015,6.29,0
FrontS75211,-4.5150,7.2925,1.960e-16,1.686e-16,9.082e-17,0.0006,6.26,0
FrontS75212,-5.0709,7.1890,1.063e-17,1.232e-17,1.188e-17,0.0004,6.37,0
FrontS75213,-4.4917,7.3129,9.930e-20,1.655e-19,3.375e-19,0.0003,6.42,0
FrontS75214,-5.0492,7.1485,2.792e-14,1.923e-14,6.596e-15,0.0003,6.13,0
FrontS75215,-4.4934,7.3499,4.003e-20,7.413e-20,1.938e-19,-0.0,6.35,0
FrontS75216,-5.0554,7.1349,4.083e-16,3.402e-16,1.706e-16,0.0003,6.29,0
FrontS75217,-4.4311,7.3702,4.742e-18,5.602e-18,5.830e-18,0.0004,6.37,0
FrontS75218,-4.4693,7.3547,3.326e-16,2.920e-16,1.659e-16,0.0011,6.35,0
FrontS75219,-5.0403,7.0982,8.469e-17,1.492e-16,3.507e-16,0.0012,6.16,0
FrontS75220,-5.0405,7.0564,2.877e-18,3.494e-18,3.657e-18,-0.0004,6.02,0
FrontS75221,-4.4730,7.4255,9.423e-17,8.949e-17,5.723e-17,0.0008,6.64,0
FrontS75222,-4.4550,7.4475,1.165e-18,1.591e-18,2.139e-18,0.001,6.44,0
FrontS75223,-4.4895,7.4316,2.706e-15,2.165e-15,9.642e-16,0.0018,6.59,1
FrontS75224,-4.4432,7.4413,1.276e-18,1.572e-18,1.804e-18,0.0011,6.64,0
FrontS75226,-5.0497,7.0041,7.670e-17,7.194e-17,4.569e-17,0.0006,6.22,0
FrontS75228,-5.0526,7.0211,1.376e-16,2.351e-16,5.307e-16,0.0007,6.09,0
FrontS75229,-4.4923,7.4721,3.236e-18,3.908e-18,4.006e-18,0.0013,6.5,0
FrontS75231,-5.0505,6.9473,4.500e-16,3.686e-16,1.791e-16,-0.0005,5.98,0
FrontS75232,-5.0202,6.9859,5.515e-16,4.715e-16,2.409e-16,-0.0001,6.04,0
FrontS75233,-4.5056,7.5717,1.703e-17,1.860e-17,1.565e-17,0.0004,6.61,0
FrontS75234,-5.0213,6.9431,1.506e-16,2.509e-16,5.397e-16,0.001,6.02,0
FrontS75235,-4.5312,7.5759,2.648e-16,2.172e-16,1.086e-16,0.0011,6.56,0
FrontS75236,-5.0177,6.9015,7.935e-17,7.128e-17,4.101e-17,0.0011,5.98,0
FrontS75237,-4.5367,7.6080,2.171e-19,3.418e-19,6.103e-19,0.0006,6.65,0
FrontS75238,-4.9953,6.9271,1.827e-16,3.634e-16,1.088e-15,0.0008,5.99,0
FrontS75240,-4.5272,7.6492,9.735e-17,1.731e-16,3.987e-16,0.0017,6.67,0
FrontS75241,-4.5452,7.6583,3.366e-16,2.834e-16,1.494e-16,0.0006,6.78,0
FrontS75242,-4.5684,7.6903,2.820e-18,3.426e-18,3.635e-18,0.0011,6.64,0
FrontS75243,-4.5580,7.7115,1.281e-15,9.716e-16,4.083e-16,-0.0002,6.74,1
FrontS75244,-4.5904,7.7256,1.414e-16,1.323e-16,8.355e-17,0.0004,6.75,0
FrontS75246,-4.6058,7.7424,1.700e-16,2.841e-16,6.026e-16,0.0005,6.79,0
FrontS75247,-4.9388,6.7661,9.414e-18,1.611e-17,3.693e-17,-0.0001,5.96,0
FrontS75248,-4.9032,6.8248,5.211e-17,5.038e-17,3.465e-17,-0.0001,5.87,0
FrontS75249,-4.8992,6.7003,2.888e-20,5.119e-20,1.172e-19,0.0003,5.93,0
FrontS75250,-4.6454,7.7453,7.755e-15,2.459e-14,1.947e-13,0.0001,6.71,0
FrontS75251,-4.6550,7.7142,5.760e-16,1.249e-15,4.707e-15,0.0004,6.72,0
FrontS75252,-4.6716,7.7739,6.772e-19,9.227e-19,1.319e-18,0.0003,6.73,0
FrontS75253,-4.6876,7.7881,3.558e-15,2.684e-15,1.121e-15,-0.0,6.73,1
FrontS75255,-4.7281,7.7515,1.105e-20,2.120e-20,6.126e-20,0.0005,6.82,0
FrontS75256,-4.7980,6.6333,2.112e-16,3.409e-16,6.824e-16,0.0,5.78,0
FrontS75257,-4.7891,6.6625,4.328e-17,8.106e-17,2.099e-16,0.0005,5.8,0
FrontS75258,-4.7851,6.6142,3.028e-20,5.444e-20,1.373e-19,0.0003,5.91,0
FrontS75260,-4.7356,6.6711,7.528e-17,6.823e-17,4.085e-17,0.0007,5.77,0
FrontS75262,-4.8418,7.8116,2.215e-17,2.279e-17,1.761e-17,0.0005,6.74,0
FrontS75263,-4.8535,7.7775,9.480e-17,8.943e-17,5.532e-17,0.0007,6.86,0
FrontS75264,-4.8539,7.8218,4.437e-19,6.164e-19,9.104e-19,-0.0005,6.73,0
FrontS75265,-4.6559,6.7327,3.311e-17,3.340e-17,2.422e-17,0.0,5.88,0
FrontS75266,-4.8624,7.9485,1.743e-19,2.751e-19,5.013e-19,-0.0,6.78,0
FrontS75267,-4.9285,7.8062,6.463e-16,5.182e-16,2.371e-16,0.0001,6.78,0
FrontS75268,-4.6013,6.6277,1.444e-16,1.317e-16,7.702e-17,0.0003,5.77,0
FrontS75269,-4.5661,6.6562,1.700e-16,3.179e-16,8.518e-16,0.0011,5.84,0
FrontS75270,-4.5564,6.6858,8.109e-16,6.529e-16,3.086e-16,0.0008,5.8,0
FrontS75271,-4.5369,6.5421,3.206e-16,2.709e-16,1.420e-16,0.0001,5.79,0
FrontS75272,-4.9378,7.9464,1.246e-16,2.499e-16,7.612e-16,0.0005,6.82,0
FrontS75273,-5.0221,7.8489,2.048e-20,3.984e-20,1.134e-19,0.0003,6.72,0
FrontS75276,-5.0583,7.8152,6.602e-17,6.222e-17,3.890e-17,0.0006,6.8,0
FrontS75277,-5.0747,7.8295,7.631e-20,1.296e-19,2.791e-19,0.0002,6.79,0
FrontS75278,-5.1273,7.8077,8.847e-12,6.748e-12,2.878e-12,0.0007,6.8,1
FrontS75279,-5.1438,7.7874,8.966e-17,8.251e-17,4.841e-17,0.0003,6.79,0
FrontS75280,-5.1014,7.8624,4.133e-15,3.013e-15,1.160e-15,0.0006,6.85,0
FrontS75281,-5.1809,7.7690,1.927e-16,2.888e-16,4.806e-16,0.0002,6.71,0
FrontS75283,-5.2326,7.8560,1.220e-19,1.964e-19,3.782e-19,0.0004,6.75,0
FrontS75284,-5.1859,7.7631,1.321e-16,1.170e-16,6.788e-17,0.0001,6.73,0
FrontS75286,-4.2643,6.6968,2.070e-16,1.783e-16,9.762e-17,0.0004,5.97,0
FrontS75287,-4.2370,6.7342,1.622e-16,1.479e-16,8.779e-17,-0.0001,5.86,0
FrontS75288,-4.2571,6.7749,3.700e-17,3.828e-17,2.918e-17,0.0005,5.9,0
FrontS75289,-4.2091,6.7378,6.299e-16,5.176e-16,2.591e-16,0.0002,5.84,0
FrontS75290,-5.3150,7.6833,1.894e-16,1.552e-16,7.497e-17,0.0003,6.57,0
FrontS75291,-4.2046,6.7686,3.158e-16,7.358e-16,3.048e-15,0.0009,5.92,0
FrontS75292,-4.1930,6.8013,6.630e-16,5.365e-16,2.451e-16,0.0003,5.8,0
FrontS75293,-5.3349,7.7091,9.354e-16,7.113e-16,3.020e-16,0.0003,6.64,1
FrontS75294,-5.3681,7.6544,6.432e-12,4.783e-12,1.907e-12,0.0008,6.54,0
FrontS75295,-5.3840,7.6587,2.162e-19,3.385e-19,6.330e-19,0.0003,6.72,0
FrontS75296,-4.1075,6.8443,1.266e-16,2.241e-16,5.226e-16,0.0007,6.03,0
FrontS75298,-5.4118,7.5859,8.933e-13,5.964e-13,1.993e-13,0.0004,6.62,0
FrontS75299,-4.1017,6.9074,1.280e-14,9.051e-15,3.310e-15,0.0002,6.05,0
FrontS75301,-4.1350,6.9671,4.111e-17,7.537e-17,1.953e-16,0.0007,6.15,0
FrontS75302,-4.0315,6.9771,2.739e-16,2.250e-16,1.109e-16,0.0001,6.0,0
FrontS75304,-5.4682,7.4809,1.981e-16,1.673e-16,8.748e-17,0.0005,6.56,0
FrontS75305,-3.9809,7.0190,4.175e-16,3.364e-16,1.522e-16,0.0005,6.07,0
FrontS75306,-3.9757,7.0410,8.486e-17,8.064e-17,5.125e-17,0.0005,6.17,0
FrontS75307,-5.5302,7.4142,2.346e-18,2.914e-18,3.399e-18,0.0006,6.48,0
FrontS75308,-5.5765,7.4088,2.083e-16,1.688e-16,7.873e-17,0.0008,6.45,0
FrontS75309,-3.9269,7.1062,6.154e-20,1.038e-19,2.241e-19,0.0,6.13,0
FrontS75310,-3.9414,7.1348,1.404e-14,9.902e-15,3.621e-15,-0.0006,6.08,0
FrontS75311,-5.5997,7.3221,7.517e-19,1.023e-18,1.447e-18,0.0007,6.48,0
FrontS75312,-3.9769,7.1862,4.035e-19,5.718e-19,8.536e-19,0.0001,6.07,0
FrontS75314,-5.4133,7.2271,2.717e-19,4.097e-19,6.606e-19,-0.0002,6.29,0
FrontS75316,-3.9444,7.2844,6.769e-19,9.095e-19,1.225e-18,0.0021,6.22,0
FrontS75317,-5.4617,7.1470,8.491e-18,9.168e-18,7.814e-18,-0.0004,6.31,0
FrontS75318,-5.4978,7.1239,5.555e-20,1.056e-19,2.867e-19,0.0003,6.23,0
FrontS75319,-3.9142,7.3269,4.831e-15,3.528e-15,1.381e-15,0.0004,6.22,0
FrontS75320,-5.5676,7.0678,8.697e-16,7.029e-16,3.359e-16,0.0008,6.29,0
FrontS75322,-5.4750,7.0443,3.079e-19,4.429e-19,6.862e-19,0.0,6.22,0
FrontS75323,-3.9722,7.4820,1.264e-16,1.093e-16,5.877e-17,-0.0002,6.44,0
FrontS75324,-3.8854,7.4787,3.607e-16,3.024e-16,1.567e-16,-0.0001,6.37,0
FrontS75325,-3.9841,7.5428,7.812e-17,6.957e-17,3.961e-17,0.0008,6.39,0
FrontS75326,-3.9391,7.5386,3.448e-15,2.517e-15,9.649e-16,0.0004,6.5,0
FrontS75327,-3.9709,7.5883,2.234e-17,2.251e-17,1.603e-17,0.0005,6.36,0
FrontS75328,-3.9645,7.6455,7.664e-18,8.926e-18,8.595e-18,-0.0008,6.42,0
FrontS75329,-3.9027,7.6634,7.454e-17,1.473e-16,4.505e-16,0.0012,6.37,0
FrontS75331,-5.4487,6.8341,7.748e-20,1.328e-19,3.021e-19,-0.0003,6.12,0
FrontS75333,-5.5511,6.7852,5.649e-15,4.003e-15,1.496e-15,-0.0002,6.2,0
FrontS75334,-3.9165,7.7356,1.565e-12,1.048e-12,3.526e-13,-0.0004,6.41,0
FrontS75335,-4.0783,7.8032,1.506e-18,1.909e-18,2.246e-18,0.0007,6.53,0
FrontS75336,-5.4478,6.7162,2.873e-16,2.326e-16,1.113e-16,-0.0002,6.09,0
FrontS75337,-5.5810,6.5759,1.506e-20,3.088e-20,9.707e-20,0.0,6.12,0
FrontS75338,-4.0540,7.9671,6.529e-19,9.174e-19,1.315e-18,-0.0006,6.52,0
FrontS75339,-4.0105,7.8978,2.617e-14,1.810e-14,6.165e-15,0.0001,6.55,0
FrontS75340,-4.1082,7.9248,1.799e-17,1.955e-17,1.715e-17,0.0001,6.51,0
FrontS75341,-4.1557,7.9819,4.780e-17,9.498e-17,2.784e-16,0.0,6.6,0
FrontS75342,-4.1064,7.9009,2.867e-17,2.833e-17,1.993e-17,-0.0001,6.52,0
FrontS75343,-4.1277,8.0355,3.067e-16,4.834e-16,9.104e-16,0.0009,6.54,0
FrontS75344,-5.3324,6.4664,4.892e-16,3.922e-16,1.815e-16,0.0008,5.91,0
FrontS75346,-5.3664,6.4486,1.463e-16,1.327e-16,7.735e-17,-0.0003,6.0,0
FrontS75348,-4.2185,8.0297,4.872e-20,8.883e-20,2.178e-19,0.0009,6.57,0
FrontS75350,-4.3431,8.1909,1.966e-15,1.507e-15,6.398e-16,0.0012,6.71,1
FrontS75351,-4.2994,8.1909,8.200e-18,8.587e-18,7.003e-18,0.0003,6.62,0
FrontS75352,-4.3254,8.1542,1.516e-15,1.167e-15,4.982e-16,0.0007,6.62,1
FrontS75353,-5.1623,6.4121,9.498e-16,7.435e-16,3.302e-16,0.0002,5.86,0
FrontS75354,-5.1751,6.2532,3.276e-20,6.155e-20,1.625e-19,0.0007,5.87,0
FrontS75355,-4.4039,8.0793,1.948e-19,3.086e-19,5.817e-19,0.0012,6.65,0
FrontS75356,-5.1090,6.1817,3.333e-19,4.701e-19,6.842e-19,-0.0001,5.88,0
FrontS75357,-5.0472,6.2423,5.671e-16,4.624e-16,2.198e-16,0.0003,5.81,0
FrontS75358,-4.4767,8.3548,5.433e-16,4.314e-16,2.027e-16,-0.0004,6.72,0
FrontS75359,-5.0444,6.0604,4.682e-17,4.444e-17,2.886e-17,-0.0002,5.82,0
FrontS75360,-4.9821,6.0579,5.655e-16,4.672e-16,2.272e-16,0.0007,5.91,0
FrontS75363,-4.6426,8.3409,3.669e-17,3.688e-17,2.691e-17,0.0004,6.75,0
FrontS75364,-4.8706,6.0470,7.239e-16,5.755e-16,2.669e-16,0.0002,5.87,0
FrontS75365,-4.8155,6.3535,4.349e-17,8.166e-17,2.169e-16,0.0002,5.82,0
FrontS75366,-4.7366,8.2036,3.313e-20,5.632e-20,1.206e-19,-0.0,6.65,0
FrontS75367,-4.7414,8.5196,2.182e-20,4.063e-20,1.109e-19,0.0005,6.7,0
FrontS75368,-4.7599,8.5619,6.317e-16,5.542e-16,3.105e-16,0.001,6.73,0
FrontS75369,-4.8161,8.3324,1.960e-16,1.598e-16,7.543e-17,0.0003,6.77,0
FrontS75370,-4.8737,8.4241,2.579e-16,4.529e-16,1.046e-15,0.0002,6.78,0
FrontS75371,-4.6270,6.2423,7.687e-20,1.290e-19,2.711e-19,0.0002,5.9,0
FrontS75372,-11.5712,-3.1435,4.104e-20,7.171e-20,1.666e-19,-0.0003,-1.85,0
FrontS75373,-11.5523,-2.2091,8.123e-19,1.011e-18,1.173e-18,0.0004,-2.82,0
FrontS75374,-11.5860,-2.3671,1.624e-16,2.453e-16,4.217e-16,0.0012,-2.02,0
FrontS75375,-11.6928,-2.1191,9.580e-20,1.440e-19,2.438e-19,0.0001,-2.78,0
FrontS75376,-11.4291,-2.2903,1.046e-20,1.854e-20,4.378e-20,0.0001,-2.37,0
FrontS75377,-11.3964,-2.3337,8.476e-20,1.309e-19,2.363e-19,0.0009,-2.23,0
FrontS75379,-11.5861,-2.5452,4.508e-20,7.205e-20,1.360e-19,0.0001,-1.97,0
FrontS75383,-11.4328,-2.2989,1.922e-19,2.938e-19,4.932e-19,0.0009,-2.41,0
FrontS75384,-12.1015,-1.9345,2.442e-18,2.678e-18,2.360e-18,-0.0001,-2.72,0
FrontS75386,-10.8151,-2.1325,6.590e-17,1.182e-16,2.926e-16,0.0008,-2.53,0
FrontS75388,-11.3436,-2.2790,3.201e-20,5.373e-20,1.144e-19,0.0001,-2.49,0
FrontS75390,-10.9034,-2.0990,1.922e-20,3.505e-20,9.193e-20,0.0007,-2.61,0
FrontS75391,-11.4135,-2.3420,1.800e-16,1.497e-16,7.908e-17,-0.0004,-2.37,0
FrontS75395,-11.3305,-2.9868,1.270e-18,1.581e-18,1.842e-18,-0.0003,-1.96,0
FrontS75397,-11.4682,-2.5970,4.769e-17,8.337e-17,1.904e-16,-0.0005,-2.01,0
FrontS75398,-11.3104,-2.2132,4.224e-19,6.233e-19,9.996e-19,0.0007,-2.66,0
FrontS75400,-11.3956,-2.2436,1.289e-19,2.014e-19,3.628e-19,-0.0005,-2.6,0
FrontS75401,-11.7056,-2.3504,1.858e-19,2.876e-19,5.105e-19,-0.0007,-2.3,0
FrontS75403,-11.4957,-2.2366,1.961e-19,2.960e-19,4.922e-19,0.0006,-2.75,0
FrontS75405,-11.9045,-2.4917,2.478e-20,3.917e-20,7.362e-20,0.0009,-2.14,0
FrontS75409,-11.5286,-2.1876,9.702e-20,1.559e-19,2.924e-19,0.0006,-2.96,0
FrontS75410,-11.3341,-1.8667,6.999e-19,9.364e-19,1.253e-18,0.0002,-2.91,0
FrontS75417,-11.6042,-2.1322,2.559e-17,2.374e-17,1.479e-17,0.0001,-2.89,0
FrontS75419,-11.6382,-1.9692,1.637e-19,2.503e-19,4.426e-19,0.0,-3.04,0
FrontS75421,-11.5411,-2.5887,3.474e-17,3.191e-17,1.971e-17,0.0003,-1.81,0
FrontS75426,-11.7259,-2.2949,5.197e-19,6.753e-19,8.422e-19,0.0006,-2.26,0
FrontS75427,-11.7409,-2.2708,1.693e-17,1.687e-17,1.175e-17,0.0006,-2.24,0
FrontS75432,-11.5050,-2.3595,4.561e-18,4.872e-18,3.944e-18,0.0004,-2.04,0
FrontS75435,-11.5969,-2.2474,3.354e-12,2.437e-12,9.493e-13,0.0003,-2.55,0
FrontS75437,-11.2809,-1.7781,2.753e-18,3.304e-18,3.426e-18,-0.0002,-2.97,0
FrontS75438,-11.5707,-2.3868,1.099e-18,1.369e-18,1.509e-18,-0.0005,-1.98,0
FrontS75440,-11.4949,-2.0887,9.960e-18,1.026e-17,8.086e-18,0.0005,-3.08,0
FrontS75441,-11.5402,-2.2390,1.243e-17,1.260e-17,9.206e-18,-0.0005,-2.73,0
FrontS75444,-11.2487,-1.3687,1.387e-16,1.157e-16,6.015e-17,-0.0001,-2.96,0
FrontS75445,-11.5643,-2.2708,4.523e-18,4.844e-18,4.139e-18,-0.0003,-2.35,0
FrontS75446,-11.6990,-2.4641,3.400e-20,6.034e-20,1.439e-19,-0.0003,-2.03,0
FrontS75449,-12.1124,-2.2386,2.318e-19,3.288e-19,4.912e-19,0.0007,-2.46,0
FrontS75450,-11.4934,-2.2785,3.805e-17,3.634e-17,2.345e-17,0.0006,-2.38,0
FrontS75453,-10.8939,-1.7126,2.425e-20,4.408e-20,1.051e-19,0.0003,-2.87,0
FrontS75454,-11.7415,-2.2664,4.128e-20,6.911e-20,1.434e-19,0.0004,-2.41,0
FrontS75456,-11.6509,-2.2887,1.586e-20,3.033e-20,8.213e-20,0.0002,-2.3,0
FrontS75457,-11.4776,-2.2175,1.119e-18,1.403e-18,1.616e-18,0.0003,-2.74,0
FrontS75459,-11.4077,-2.3078,3.912e-16,5.797e-16,9.338e-16,0.0008,-2.37,0
FrontS75460,-11.5061,-2.3484,3.697e-18,4.241e-18,4.124e-18,0.0004,-2.08,0
FrontS75461,-11.5187,-2.2387,4.565e-20,7.550e-20,1.577e-19,0.0004,-2.74,0
FrontS75462,-11.5439,-2.2680,1.029e-19,1.606e-19,2.974e-19,0.0007,-2.77,0
FrontS75463,-11.9796,-2.0175,1.973e-17,1.962e-17,1.412e-17,-0.0004,-2.61,0
FrontS75465,-11.4826,-2.2337,2.434e-17,2.307e-17,1.509e-17,-0.0004,-2.63,0
FrontS75466,-11.5865,-2.2701,1.640e-20,3.278e-20,9.742e-20,0.0002,-2.36,0
FrontS75468,-11.5854,-2.5509,9.205e-17,7.858e-17,4.118e-17,0.001,-1.98,0
FrontS75469,-11.5210,-1.9973,1.588e-12,1.133e-12,4.200e-13,0.0006,-2.98,0
FrontS75471,-11.6468,-2.3032,1.212e-18,1.541e-18,1.821e-18,0.0007,-2.36,0
FrontS75472,-11.1093,-1.9406,1.292e-18,1.668e-18,2.053e-18,-0.0001,-2.79,0
FrontS75473,-11.6780,-1.5035,8.684e-18,8.904e-18,6.521e-18,0.0001,-3.04,0
FrontS75474,-11.5509,-2.2167,1.851e-17,1.787e-17,1.178e-17,0.0,-2.83,0
FrontS75481,-11.4514,-2.3926,1.733e-20,3.073e-20,6.978e-20,-0.0007,-2.02,0
FrontS75483,-11.6602,-2.0223,1.945e-20,3.630e-20,9.468e-20,0.0002,-2.94,0
FrontS75484,-11.4868,-2.3495,6.645e-14,4.392e-14,1.382e-14,-0.0003,-2.12,0
FrontS75485,-11.5738,-2.2269,1.722e-19,2.481e-19,3.942e-19,-0.0003,-2.59,0
FrontS75486,-11.2772,-2.2876,6.515e-18,7.246e-18,6.743e-18,-0.0003,-2.4,0
FrontS75487,-11.6457,-2.2561,8.530e-18,8.783e-18,6.791e-18,-0.0004,-2.53,0
FrontS75488,-11.6668,-2.2262,2.050e-18,2.379e-18,2.392e-18,0.0001,-2.59,0
FrontS75489,-11.7453,-0.5723,2.094e-18,2.438e-18,2.375e-18,0.0002,-2.86,0
FrontS75493,-11.5774,-2.2206,5.343e-20,8.740e-20,1.707e-19,0.0014,-2.78,0
FrontS75495,-11.4920,-2.2569,2.083e-17,1.953e-17,1.235e-17,0.0009,-2.55,0
FrontS75496,-11.3617,-2.5729,4.615e-17,4.153e-17,2.397e-17,0.0006,-2.02,0
FrontS75498,-11.6590,-2.7069,1.437e-19,2.149e-19,3.555e-19,0.0005,-1.95,0
FrontS75500,-11.7482,-2.2244,6.781e-18,7.165e-18,5.965e-18,-0.0008,-2.49,0
FrontS75504,-11.4998,-2.4515,4.666e-18,4.949e-18,4.064e-18,0.0008,-1.9,0
FrontS75510,-11.5733,-2.0605,7.490e-18,7.940e-18,6.514e-18,0.0004,-3.01,0
FrontS75511,-11.6627,-2.1053,5.849e-20,9.354e-20,1.822e-19,-0.0002,-2.83,0
FrontS75513,-11.6823,-1.5966,7.262e-20,1.226e-19,2.570e-19,0.0009,-3.07,0
FrontS75514,-11.3960,-2.2029,6.225e-17,5.457e-17,2.973e-17,0.0007,-2.75,0
FrontS75517,-12.1193,-1.7718,1.512e-19,2.283e-19,3.977e-19,-0.0006,-2.82,0
FrontS75518,-11.6492,-2.2337,1.963e-19,2.848e-19,4.431e-19,0.0007,-2.61,0
FrontS75519,-11.3013,-2.6458,2.034e-20,3.593e-20,8.463e-20,0.0007,-2.0,0
FrontS75520,-11.4352,-2.3730,1.018e-17,1.074e-17,8.634e-18,0.0001,-2.11,0
FrontS75522,-11.3288,-2.4412,8.785e-13,5.929e-13,2.009e-13,0.0005,-2.19,0
FrontS75526,-11.3760,-1.8823,1.097e-20,2.119e-20,5.984e-20,-0.0,-2.89,0
FrontS75530,-11.2420,-2.4720,1.304e-20,2.417e-20,6.146e-20,-0.0003,-2.1,0
FrontS75531,-11.5487,-2.1222,2.905e-17,5.858e-17,1.795e-16,0.0008,-2.87,0
FrontS75532,-11.8129,-2.6129,1.005e-19,1.568e-19,2.893e-19,-0.0009,-1.98,0
FrontS75533,-11.7849,-2.4797,1.041e-19,1.524e-19,2.445e-19,0.0002,-2.11,0
FrontS75534,-11.5619,-2.2910,9.042e-18,9.274e-18,7.130e-18,0.001,-2.32,0
FrontS75540,-10.9514,-2.1213,1.117e-16,2.259e-16,6.741e-16,-0.0003,-2.67,0
FrontS75543,-11.4654,-2.5261,1.990e-18,2.389e-18,2.411e-18,-0.0001,-1.9,0
FrontS75544,-11.4152,-1.9133,4.393e-19,5.718e-19,7.057e-19,0.0005,-2.87,0
FrontS75546,-11.2921,-2.3265,2.188e-20,3.846e-20,9.141e-20,0.0002,-2.37,0
FrontS75549,-11.5238,-2.2277,7.190e-17,1.353e-16,3.622e-16,-0.0002,-2.82,0
FrontS75550,-11.2705,-2.2421,1.545e-19,2.287e-19,3.611e-19,0.0004,-2.63,0
FrontS75551,-11.4899,-2.0587,9.277e-20,1.531e-19,3.100e-19,0.0006,-3.02,0
FrontS75553,-11.3451,-2.1453,1.091e-19,1.773e-19,3.511e-19,-0.0008,-2.79,0
FrontS75555,-11.7257,-2.0105,8.084e-19,1.041e-18,1.272e-18,-0.0004,-2.87,0
FrontS75557,-11.5233,-2.2235,7.019e-18,7.319e-18,5.850e-18,0.0005,-2.88,0
FrontS75560,-11.5320,-2.2798,4.562e-13,2.927e-13,9.062e-14,0.0001,-2.16,0
FrontS75563,-11.4677,-2.2905,3.127e-20,5.340e-20,1.179e-19,0.0006,-2.37,0
FrontS75565,-11.5708,-2.0666,6.334e-18,6.675e-18,5.333e-18,0.0003,-2.92,0
FrontS75566,-11.6425,-2.3744,5.894e-20,1.012e-19,2.207e-19,-0.0004,-2.05,0
FrontS75567,-11.7365,-1.9708,1.734e-19,2.516e-19,3.958e-19,0.0008,-2.79,0
FrontS75568,-11.6430,-1.9042,5.945e-20,9.165e-20,1.684e-19,0.0007,-2.98,0
FrontS75569,-11.6042,-2.5487,2.472e-20,4.261e-20,9.753e-20,-0.0003,-1.89,0
FrontS75570,-10.7047,-2.2134,1.332e-16,1.146e-16,6.160e-17,0.0003,-2.57,0
FrontS75572,-11.4861,-2.2733,2.688e-19,3.907e-19,6.079e-19,0.0004,-2.44,0
FrontS75573,-11.4909,-2.2310,2.314e-20,4.356e-20,1.178e-19,0.0006,-2.8,0
FrontS75575,-11.7237,-2.4502,3.361e-18,3.976e-18,3.986e-18,-0.0001,-2.03,0
FrontS75578,-11.6134,-2.0212,2.477e-17,2.332e-17,1.523e-17,0.0001,-3.04,0
FrontS75580,-11.3079,-1.9596,4.092e-19,5.098e-19,5.976e-19,0.0003,-2.83,0
FrontS75584,-11.4818,-2.2966,2.265e-20,3.949e-20,9.038e-20,0.0001,-2.23,0
FrontS75587,-10.6881,-2.3451,1.716e-16,3.909e-16,1.543e-15,0.0001,-2.4,0
FrontS75588,-11.4769,-2.2467,7.333e-18,8.263e-18,7.461e-18,-0.0001,-2.64,0
FrontS75589,-11.4830,-2.1130,5.946e-19,7.626e-19,9.274e-19,0.0003,-2.91,0
FrontS75591,-11.4411,-2.1584,6.164e-18,7.079e-18,6.829e-18,-0.0006,-2.89,0
FrontS75595,-11.7700,-2.2878,9.244e-19,1.182e-18,1.399e-18,0.0006,-2.35,0
FrontS75596,-11.7022,-2.3893,8.033e-19,1.009e-18,1.182e-18,-0.0003,-2.12,0
FrontS75597,-11.4977,-2.2247,4.532e-18,4.981e-18,4.378e-18,0.0003,-2.78,0
FrontS75601,-11.5313,-2.4430,6.075e-18,6.665e-18,5.634e-18,0.0003,-1.88,0
FrontS75603,-11.5366,-2.2669,7.493e-20,1.158e-19,2.096e-19,-0.0001,-2.66,0
FrontS75605,-11.9046,-2.5894,1.214e-18,1.482e-18,1.566e-18,0.0007,-2.05,0
FrontS75606,-11.8267,-2.4789,8.452e-20,1.335e-19,2.410e-19,0.0006,-2.07,0
FrontS75610,-11.5309,-2.3296,6.819e-20,1.168e-19,2.553e-19,-0.0002,-2.16,0
FrontS75611,-11.4206,-2.1988,1.263e-19,1.900e-19,3.275e-19,-0.0,-2.7,0
FrontS75612,-11.7852,-2.2950,1.150e-17,1.158e-17,8.679e-18,0.0004,-2.27,0
FrontS75613,-11.5308,-2.2683,2.532e-17,2.409e-17,1.571e-17,0.0011,-2.54,0
FrontS75615,-11.6852,-1.4816,1.959e-20,3.416e-20,7.815e-20,-0.0005,-3.06,0
FrontS75619,-11.3036,-1.9197,1.127e-19,1.750e-19,3.181e-19,-0.0001,-2.86,0
FrontS75620,-11.6628,-2.2143,6.053e-20,9.812e-20,1.908e-19,0.0017,-2.59,0
FrontS75625,-11.5727,-2.0846,5.460e-17,4.728e-17,2.526e-17,0.0004,-2.82,0
FrontS75626,-11.6204,-2.5305,1.435e-16,3.300e-16,1.349e-15,0.0003,-1.95,0
FrontS75627,-11.3778,-2.2184,1.121e-20,2.146e-20,5.837e-20,-0.0,-2.64,0
FrontS75629,-11.4214,-2.4398,4.350e-16,3.498e-16,1.638e-16,0.0003,-2.09,0
FrontS75631,-11.3493,-2.2974,3.673e-19,5.262e-19,7.993e-19,0.0003,-2.4,0
FrontS75633,-11.5769,-2.4694,7.582e-20,1.197e-19,2.206e-19,0.0,-1.97,0
FrontS75634,-11.3843,-2.2930,1.111e-19,1.790e-19,3.374e-19,0.0004,-2.35,0
FrontS75635,-11.6083,-2.1463,1.709e-18,2.142e-18,2.460e-18,0.0006,-2.79,0
FrontS75637,-11.3272,-2.1945,5.791e-17,5.217e-17,2.983e-17,-0.0004,-2.68,0
FrontS75638,-11.5654,-2.1707,1.359e-16,1.151e-16,5.740e-17,0.0003,-2.92,0
FrontS75640,-11.4631,-2.2736,3.007e-17,2.902e-17,1.906e-17,-0.0001,-2.45,0
FrontS75642,-11.5107,-2.4495,5.021e-17,4.385e-17,2.358e-17,-0.0006,-2.05,0
FrontS75643,-11.4745,-2.4834,1.060e-16,9.867e-17,6.064e-17,0.0,-1.88,0
FrontS75646,-11.5660,-2.4503,1.333e-16,1.168e-16,6.401e-17,0.0009,-1.96,0
FrontS75647,-11.6219,-2.1160,5.976e-12,4.871e-12,2.308e-12,-0.0004,-2.81,1
FrontS75648,-11.4168,-2.0896,2.793e-12,2.284e-12,1.122e-12,0.002,-2.9,1
FrontS75649,-11.6035,-2.3281,1.223e-20,2.279e-20,6.083e-20,0.0004,-1.97,0
FrontS75651,-11.4871,-2.1961,2.696e-17,2.562e-17,1.691e-17,-0.0007,-2.88,0
FrontS75653,-11.5878,-2.1199,3.050e-18,3.636e-18,3.655e-18,-0.0004,-2.93,0
FrontS75656,-11.6814,-2.4226,3.107e-20,5.506e-20,1.296e-19,0.0009,-1.99,0
FrontS75658,-11.7062,-2.3344,2.803e-19,4.072e-19,6.486e-19,0.0,-2.19,0
FrontS75659,-11.3821,-2.4036,7.964e-18,8.582e-18,7.391e-18,0.0002,-2.23,0
FrontS75660,-11.6420,-2.2483,3.620e-17,3.436e-17,2.198e-17,-0.0002,-2.7,0
FrontS75661,-11.5433,-2.1392,7.608e-17,1.290e-16,2.813e-16,0.0005,-3.03,0
FrontS75662,-11.5508,-2.2826,2.652e-17,2.636e-17,1.835e-17,-0.0002,-2.14,0
FrontS75664,-11.5332,-2.1248,2.739e-17,4.009e-17,6.277e-17,0.0005,-2.93,0
FrontS75668,-11.4938,-2.2252,1.948e-19,2.752e-19,4.178e-19,0.0,-2.82,0
FrontS75669,-11.7428,-2.3292,7.226e-19,9.144e-19,1.093e-18,-0.0001,-2.27,0
FrontS75670,-11.6585,-2.1807,1.148e-16,2.427e-16,8.437e-16,-0.0001,-2.75,0
FrontS75671,-11.5411,-2.3013,6.435e-18,7.187e-18,6.601e-18,0.0001,-2.09,0
FrontS75672,-11.5321,-2.3529,1.054e-16,1.873e-16,4.364e-16,0.0001,-2.01,0
FrontS75673,-11.4401,-2.3256,3.488e-17,3.283e-17,2.081e-17,-0.0002,-2.34,0
FrontS75675,-11.6814,-2.2013,9.961e-18,1.040e-17,7.977e-18,-0.0005,-2.65,0
FrontS75676,-11.6146,-2.3265,3.165e-19,4.302e-19,5.977e-19,0.0008,-2.15,0
FrontS75677,-11.5121,-2.5144,9.308e-17,1.880e-16,5.921e-16,0.0006,-1.94,0
FrontS75678,-11.5756,-2.0593,2.726e-18,3.179e-18,3.136e-18,0.0011,-2.86,0
FrontS75679,-11.3295,-2.3319,4.509e-17,4.035e-17,2.292e-17,0.0003,-2.31,0
FrontS75682,-11.6121,-2.4496,1.290e-18,1.596e-18,1.731e-18,0.0002,-2.02,0
FrontS75683,-11.6109,-2.2556,8.632e-18,9.500e-18,8.096e-18,-0.0004,-2.47,0
FrontS75684,-11.7457,-2.4539,1.154e-16,9.607e-17,4.970e-17,0.0002,-2.2,0
FrontS75686,-11.4353,-2.1929,2.269e-16,1.855e-16,8.999e-17,0.0005,-2.92,0
FrontS75687,-11.5877,-2.4351,8.162e-17,1.225e-16,2.076e-16,0.001,-1.91,0
FrontS75688,-11.6024,-2.3868,3.089e-18,3.658e-18,3.716e-18,0.0004,-2.07,0
FrontS75690,-11.5556,-2.3294,1.948e-17,1.878e-17,1.283e-17,0.0004,-2.07,0
FrontS75691,-11.5650,-2.1799,2.147e-19,3.350e-19,5.871e-19,0.0001,-2.92,0
FrontS75692,-11.5712,-2.4098,1.738e-16,1.389e-16,6.147e-17,0.0006,-1.96,0
FrontS75693,-11.5341,-2.0018,1.038e-17,1.135e-17,9.884e-18,0.0011,-3.02,0
FrontS75694,-11.5912,-2.3348,1.094e-20,2.049e-20,5.449e-20,0.0005,-2.03,0
FrontS75695,-11.5515,-2.3472,6.160e-20,1.005e-19,1.967e-19,-0.0001,-2.03,0
FrontS75698,-11.5648,-2.3139,2.076e-18,2.643e-18,3.174e-18,0.0004,-2.1,0
FrontS75700,-11.7242,-2.2127,1.014e-19,1.669e-19,3.289e-19,0.0002,-2.68,0
FrontS75701,-11.5641,-2.3904,7.460e-19,9.683e-19,1.236e-18,0.0002,-2.04,0
FrontS75702,-11.5539,-2.1915,4.516e-17,7.957e-17,1.785e-16,0.0008,-2.83,0
FrontS75706,-11.3624,-2.1688,1.067e-18,1.318e-18,1.459e-18,0.0008,-2.89,0
FrontS75707,-11.5716,-2.2025,3.807e-12,2.843e-12,1.121e-12,0.0003,-2.74,0
FrontS75708,-11.4418,-2.3216,1.442e-18,1.614e-18,1.506e-18,0.0017,-2.17,0
FrontS75709,-11.5985,-2.5043,6.844e-17,1.382e-16,4.222e-16,-0.0,-1.91,0
FrontS75711,-11.3988,-2.3255,3.567e-17,6.332e-17,1.516e-16,-0.0005,-2.3,0
FrontS75712,-11.3647,-2.3064,2.757e-16,2.311e-16,1.159e-16,0.0007,-2.37,0
FrontS75713,-11.5562,-2.3821,6.246e-19,8.492e-19,1.112e-18,0.0002,-1.98,0
FrontS75714,-11.7001,-2.3181,2.657e-20,4.634e-20,1.036e-19,0.0004,-2.33,0
FrontS75715,-11.3709,-2.1510,1.295e-17,1.316e-17,9.852e-18,-0.0001,-2.88,0
FrontS75716,-11.6814,-2.3323,9.318e-17,8.022e-17,4.358e-17,0.0003,-2.2,0
FrontS75720,-11.4224,-2.2372,4.450e-16,3.564e-16,1.651e-16,-0.0006,-2.6,0
FrontS75721,-11.5673,-2.4995,4.383e-16,3.664e-16,1.873e-16,0.0011,-1.89,0
FrontS75722,-11.3553,-2.4803,2.657e-16,2.129e-16,1.000e-16,0.0,-1.95,0
FrontS75723,-11.2468,-2.1919,4.848e-16,4.006e-16,1.978e-16,0.0005,-2.68,0
FrontS75724,-11.5361,-2.3845,8.252e-20,1.307e-19,2.322e-19,0.0003,-2.03,0
FrontS75725,-11.6842,-2.2664,6.957e-17,6.334e-17,3.779e-17,0.0008,-2.48,0
FrontS75729,-11.6077,-2.3008,1.199e-15,8.779e-16,3.505e-16,0.0003,-2.18,0
FrontS75730,-11.5780,-2.2483,1.435e-16,1.217e-16,6.172e-17,-0.0007,-2.67,0
FrontS75731,-11.8044,-2.2858,3.163e-17,6.131e-17,1.664e-16,0.0004,-2.38,0
FrontS75732,-11.6661,-2.3875,2.992e-19,4.416e-19,7.019e-19,0.0002,-2.14,0
FrontS75733,-11.4837,-2.3094,2.106e-13,1.393e-13,4.474e-14,-0.0003,-2.13,0
FrontS75734,-11.5672,-2.2513,1.910e-16,1.558e-16,7.810e-17,0.0002,-2.68,0
FrontS75735,-11.5146,-1.9801,1.237e-19,1.954e-19,3.620e-19,0.0006,-3.03,0
FrontS75737,-11.5012,-2.3142,3.284e-18,3.562e-18,3.034e-18,0.0001,-2.09,0
FrontS75738,-11.4375,-2.2895,3.353e-18,3.999e-18,4.165e-18,0.0006,-2.42,0
FrontS75739,-11.5553,-2.2353,1.665e-19,2.448e-19,3.935e-19,-0.0,-2.97,0
FrontS75742,-11.3100,-2.3847,3.640e-17,3.274e-17,1.983e-17,0.001,-2.22,0
FrontS75744,-11.4203,-2.2631,1.205e-16,1.034e-16,5.382e-17,0.0004,-2.55,0
FrontS75745,-11.5599,-2.1585,5.731e-20,9.523e-20,1.977e-19,0.0009,-2.86,0
FrontS75746,-11.5417,-2.3792,1.511e-19,2.441e-19,4.797e-19,-0.0007,-2.02,0
FrontS75755,-11.5700,-2.1839,2.112e-16,3.912e-16,1.003e-15,0.0003,-2.77,0
FrontS75758,-11.4889,-2.2076,4.411e-17,4.073e-17,2.446e-17,0.0008,-2.93,0
FrontS75759,-11.5933,-2.0441,1.005e-12,6.777e-13,2.223e-13,0.0005,-2.78,0
FrontS75761,-11.6776,-2.1692,4.811e-19,6.311e-19,8.117e-19,0.0004,-2.77,0
FrontS75762,-11.4438,-2.0513,6.928e-20,1.194e-19,2.726e-19,0.0004,-2.93,0
FrontS75763,-11.5388,-2.3601,1.217e-16,2.032e-16,4.399e-16,0.0003,-2.04,0
FrontS75765,-11.4352,-2.4088,3.508e-17,3.235e-17,1.971e-17,0.0002,-1.98,0
FrontS75766,-11.3573,-2.2233,4.160e-19,5.895e-19,9.086e-19,-0.0004,-2.7,0
FrontS75768,-11.6596,-2.4128,2.780e-16,2.329e-16,1.214e-16,0.0008,-1.94,0
FrontS75769,-11.4798,-2.3261,5.329e-19,7.232e-19,9.964e-19,0.0004,-2.17,0
FrontS75770,-11.4641,-2.1418,5.869e-18,6.391e-18,5.452e-18,0.0018,-2.91,0
FrontS75771,-11.5388,-2.4855,2.005e-16,1.616e-16,7.835e-17,-0.0,-2.04,0
FrontS75773,-11.6702,-2.1675,1.203e-19,1.802e-19,2.920e-19,0.0003,-2.91,0
FrontS75774,-11.4982,-2.2155,7.832e-18,8.590e-18,7.212e-18,0.0002,-2.88,0
FrontS75775,-11.5890,-2.3236,3.174e-18,3.627e-18,3.450e-18,0.0002,-2.09,0
FrontS75776,-11.3694,-2.2327,1.994e-18,2.505e-18,2.786e-18,0.0009,-2.44,0
FrontS75777,-11.4746,-2.2957,1.396e-16,1.173e-16,5.837e-17,0.0009,-2.31,0
FrontS75778,-11.5092,-2.1625,7.493e-19,9.480e-19,1.087e-18,-0.0003,-2.88,0
FrontS75779,-11.5942,-2.3857,3.381e-17,3.076e-17,1.850e-17,0.0005,-2.01,0
FrontS75780,-11.6380,-2.2521,2.399e-19,3.220e-19,4.417e-19,0.0002,-2.5,0
FrontS75781,-11.6658,-2.2134,1.190e-19,1.751e-19,2.904e-19,0.0007,-2.6,0
FrontS75783,-11.6826,-2.2182,3.315e-19,4.419e-19,5.696e-19,0.0002,-2.62,0
FrontS75784,-11.4580,-2.2907,2.360e-19,3.562e-19,5.947e-19,-0.0003,-2.29,0
FrontS75785,-11.4203,-2.2510,2.838e-20,4.845e-20,1.076e-19,0.0016,-2.59,0
FrontS75786,-11.3986,-2.2754,4.109e-20,7.091e-20,1.638e-19,0.0003,-2.43,0
FrontS75787,-11.5734,-2.2008,1.166e-18,1.493e-18,1.815e-18,0.0008,-2.86,0
FrontS75788,-11.6673,-2.2610,1.572e-20,2.756e-20,6.320e-20,-0.0004,-2.44,0
FrontS75789,-11.4327,-2.2846,1.716e-17,1.675e-17,1.168e-17,-0.0003,-2.47,0
FrontS75791,-11.4425,-2.2622,2.906e-18,3.410e-18,3.404e-18,-0.0005,-2.45,0
FrontS75792,-11.6307,-2.2223,5.435e-17,4.850e-17,2.686e-17,-0.0007,-2.58,0
FrontS75794,-11.6948,-2.2058,3.284e-12,2.978e-12,1.792e-12,0.0012,-2.55,1
FrontS75796,-11.6433,-2.2318,2.892e-16,2.393e-16,1.177e-16,0.0006,-2.63,0
FrontS75798,-11.4125,-2.3007,7.792e-17,1.376e-16,3.269e-16,-0.0008,-2.34,0
FrontS75799,-11.6523,-2.2528,1.021e-18,1.276e-18,1.421e-18,-0.0004,-2.47,0
FrontS75800,-11.3813,-2.3140,1.286e-17,1.353e-17,1.063e-17,-0.0001,-2.37,0
FrontS75802,-11.6276,-2.2510,8.204e-19,1.068e-18,1.327e-18,0.0015,-2.56,0
FrontS75803,-11.6375,-2.2345,4.521e-18,4.823e-18,3.980e-18,0.0007,-2.51,0
FrontS75804,-11.3976,-2.3543,4.787e-19,6.209e-19,7.677e-19,0.0011,-2.1,0
FrontS75806,-11.3724,-2.2770,1.044e-16,1.593e-16,2.700e-16,0.0005,-2.43,0
FrontS75807,-11.3748,-2.2710,7.775e-17,6.648e-17,3.585e-17,0.0001,-2.55,0
FrontS75808,-11.7407,-2.2383,1.050e-18,1.340e-18,1.587e-18,-0.0005,-2.54,0
FrontS75809,-11.3957,-2.2647,2.107e-12,1.470e-12,5.061e-13,0.0002,-2.46,0
FrontS75811,-11.3623,-2.2951,2.484e-17,2.359e-17,1.547e-17,-0.0,-2.43,0
FrontS75812,-11.6683,-2.1942,1.784e-17,3.504e-17,9.770e-17,-0.0004,-2.68,0
FrontS75813,-11.6888,-2.2777,2.529e-17,5.150e-17,1.638e-16,-0.0001,-2.48,0
FrontS75814,-11.3484,-2.2731,4.434e-20,7.555e-20,1.570e-19,-0.0004,-2.58,0
FrontS75816,-11.7309,-2.2068,4.015e-18,4.280e-18,3.481e-18,-0.0001,-2.57,0
FrontS75817,-11.3814,-2.2771,3.171e-15,2.265e-15,8.144e-16,0.0008,-2.41,0
FrontS75820,-11.5721,-2.2257,5.291e-16,4.050e-16,1.712e-16,0.0001,-2.73,0
FrontS75822,-11.7185,-2.2422,1.935e-17,2.882e-17,4.681e-17,-0.0,-2.51,0
FrontS75825,-11.7410,-2.2363,3.830e-18,4.538e-18,4.592e-18,0.0002,-2.55,0
FrontS75826,-11.4438,-2.3142,3.881e-19,5.223e-19,6.830e-19,-0.0004,-2.36,0
FrontS75829,-11.4184,-2.3062,4.685e-19,6.079e-19,7.556e-19,0.0005,-2.41,0
FrontS75830,-11.3954,-2.3110,4.387e-18,4.794e-18,4.098e-18,0.0003,-2.36,0
FrontS75831,-11.6324,-2.2401,1.448e-16,2.480e-16,5.288e-16,0.0004,-2.55,0
FrontS75832,-11.6767,-2.2699,3.767e-16,3.200e-16,1.625e-16,-0.0006,-2.41,0
FrontS75834,-11.3180,-2.3100,1.614e-13,1.055e-13,3.332e-14,0.0001,-2.38,0
FrontS75835,-11.6868,-2.3012,3.116e-17,5.276e-17,1.119e-16,-0.0003,-2.39,0
FrontS75836,-11.6895,-2.3243,1.683e-14,1.108e-14,3.480e-15,-0.0001,-2.36,0
FrontS75837,-11.4150,-2.2726,1.007e-19,1.600e-19,3.021e-19,-0.0008,-2.59,0
FrontS75842,-11.3682,-2.3519,4.026e-19,5.800e-19,8.867e-19,-0.0007,-2.23,0
FrontS75843,-11.7380,-2.2068,1.984e-20,3.415e-20,7.593e-20,0.0006,-2.53,0
FrontS75844,-11.4531,-2.2822,1.091e-16,2.017e-16,5.397e-16,0.0003,-2.42,0
FrontS75845,-11.6284,-2.2594,2.036e-18,2.497e-18,2.685e-18,0.001,-2.44,0
FrontS75847,-11.6615,-2.2412,3.732e-15,2.569e-15,9.104e-16,0.0007,-2.49,0
FrontS75849,-11.7598,-2.2497,2.738e-20,4.737e-20,1.025e-19,0.0006,-2.45,0
FrontS75850,-11.3122,-2.2863,8.678e-18,9.235e-18,7.505e-18,0.0006,-2.41,0
FrontS75852,-11.7154,-2.2670,2.961e-18,3.422e-18,3.381e-18,0.0008,-2.32,0
FrontS75853,-11.4032,-2.2324,1.789e-19,2.588e-19,4.117e-19,0.0011,-2.56,0
FrontS75854,-11.7295,-2.1985,3.207e-17,3.078e-17,2.045e-17,-0.0004,-2.56,0
FrontS75856,-11.2720,-2.2632,9.499e-20,1.445e-19,2.463e-19,0.0013,-2.46,0
FrontS75857,-11.7440,-2.3160,3.194e-19,4.589e-19,6.787e-19,0.0008,-2.3,0
FrontS75859,-11.3672,-2.2803,1.813e-17,1.859e-17,1.378e-17,0.0011,-2.52,0
FrontS75861,-11.7151,-2.2502,5.306e-17,1.005e-16,2.802e-16,0.0002,-2.4,0
FrontS75862,-11.7266,-2.2358,2.066e-17,1.996e-17,1.331e-17,0.0013,-2.5,0
FrontS75863,-11.3383,-2.2664,1.282e-20,2.475e-20,6.983e-20,-0.0001,-2.55,0
FrontS75865,-11.7671,-2.2320,4.493e-17,4.022e-17,2.373e-17,-0.0003,-2.56,0
FrontS75866,-11.7454,-2.2568,1.498e-17,1.514e-17,1.134e-17,0.0,-2.37,0
FrontS75867,-11.4098,-2.3321,4.651e-17,4.338e-17,2.632e-17,0.001,-2.34,0
FrontS75868,-11.3197,-2.2845,5.485e-18,6.226e-18,5.890e-18,0.0,-2.44,0
FrontS75870,-11.6850,-2.2359,4.465e-19,5.782e-19,7.398e-19,0.0007,-2.54,0
FrontS75872,-11.7942,-2.2149,2.344e-16,1.948e-16,9.906e-17,-0.0002,-2.58,0
FrontS75874,-11.7173,-2.2708,2.357e-17,2.439e-17,1.828e-17,-0.0005,-2.41,0
FrontS75875,-11.3605,-2.2739,1.057e-17,1.086e-17,8.546e-18,0.0002,-2.45,0
FrontS75876,-11.3021,-2.3120,6.512e-18,7.043e-18,5.915e-18,0.0,-2.36,0
FrontS75877,-11.6642,-2.2443,3.615e-20,6.078e-20,1.283e-19,0.0004,-2.51,0
FrontS75879,-11.3592,-2.3670,1.389e-16,1.239e-16,7.227e-17,0.0011,-2.26,0
FrontS75880,-11.7831,-2.2146,1.601e-17,1.563e-17,1.072e-17,-0.0003,-2.52,0
FrontS75881,-11.7936,-2.2600,2.169e-16,3.837e-16,9.162e-16,0.0006,-2.38,0
FrontS75882,-11.7419,-2.2568,5.375e-17,4.889e-17,2.821e-17,0.0005,-2.48,0
FrontS75883,-11.7211,-2.2137,1.348e-18,1.624e-18,1.786e-18,0.0005,-2.51,0
FrontS75884,-11.3446,-2.3040,1.070e-17,1.123e-17,8.824e-18,-0.0,-2.42,0
FrontS75885,-11.8234,-2.2391,1.474e-20,2.625e-20,6.351e-20,-0.0001,-2.4,0
FrontS75887,-11.7281,-2.2631,1.603e-18,1.819e-18,1.736e-18,0.0011,-2.39,0
FrontS75888,-11.6781,-2.2422,7.017e-17,1.188e-16,2.544e-16,0.0003,-2.49,0
FrontS75891,-11.7343,-2.1871,2.705e-18,3.232e-18,3.421e-18,0.0007,-2.56,0
FrontS75894,-11.2904,-2.3306,4.900e-20,8.072e-20,1.641e-19,-0.0,-2.36,0
FrontS75895,-11.3171,-2.3273,1.435e-12,9.830e-13,3.394e-13,0.0003,-2.34,0
FrontS75896,-11.7353,-2.2990,4.629e-17,4.016e-17,2.227e-17,0.0,-2.42,0
FrontS75898,-11.3153,-2.2831,2.796e-20,4.602e-20,9.430e-20,-0.0007,-2.43,0
FrontS75899,-11.8156,-2.2620,1.864e-20,3.424e-20,8.613e-20,0.0004,-2.44,0
FrontS75900,-11.8006,-2.2736,1.194e-19,1.848e-19,3.350e-19,0.0007,-2.33,0
FrontS75901,-11.7372,-2.2485,1.257e-17,1.256e-17,8.934e-18,0.0008,-2.49,0
FrontS75902,-11.7199,-2.2151,6.120e-17,5.738e-17,3.527e-17,0.0002,-2.54,0
FrontS75904,-11.3657,-2.2668,5.265e-17,8.303e-17,1.561e-16,0.0008,-2.5,0
FrontS75906,-11.7198,-2.2063,2.151e-17,2.143e-17,1.540e-17,0.0005,-2.63,0
FrontS75907,-11.2959,-2.2141,3.554e-20,6.078e-20,1.332e-19,-0.0,-2.52,0
FrontS75909,-11.3348,-2.3278,5.347e-20,8.930e-20,1.881e-19,0.0004,-2.43,0
FrontS75910,-11.7599,-2.2404,2.442e-17,3.983e-17,8.072e-17,-0.0004,-2.3,0
FrontS75911,-11.7591,-2.2378,2.759e-17,2.546e-17,1.565e-17,0.0002,-2.46,0
FrontS75914,-11.2486,-2.2726,5.466e-19,7.235e-19,9.317e-19,-0.0001,-2.47,0
FrontS75915,-11.2971,-2.2955,3.668e-17,5.749e-17,1.064e-16,0.0012,-2.35,0
FrontS75916,-11.8167,-2.2443,1.184e-16,1.021e-16,5.406e-17,0.0005,-2.56,0
FrontS75917,-11.7473,-2.2756,1.118e-20,2.027e-20,5.071e-20,0.0003,-2.44,0
FrontS75918,-11.2709,-2.2993,1.546e-17,1.564e-17,1.168e-17,0.0005,-2.49,0
FrontS75919,-11.7923,-2.2635,4.438e-17,4.057e-17,2.507e-17,0.0008,-2.6,0
FrontS75922,-11.3101,-2.3192,2.106e-20,3.713e-20,8.986e-20,-0.0006,-2.31,0
FrontS75924,-11.2624,-2.3294,6.673e-17,6.194e-17,3.747e-17,0.0011,-2.33,0
FrontS75927,-11.3281,-2.2432,7.749e-20,1.233e-19,2.335e-19,-0.0004,-2.59,0
FrontS75928,-11.7805,-2.2607,6.431e-17,1.177e-16,3.079e-16,0.0,-2.39,0
FrontS75929,-11.8215,-2.2877,2.373e-12,2.157e-12,1.300e-12,0.0003,-2.4,1
FrontS75930,-11.2742,-2.2740,3.030e-19,4.254e-19,6.025e-19,0.0006,-2.47,0
FrontS75931,-11.7417,-2.1879,2.840e-19,3.908e-19,5.364e-19,-0.0005,-2.52,0
FrontS75932,-11.2743,-2.3203,1.292e-19,2.041e-19,3.815e-19,-0.0001,-2.36,0
FrontS75934,-11.3593,-2.2858,5.384e-18,6.146e-18,5.658e-18,0.0004,-2.48,0
FrontS75937,-11.2719,-2.3069,1.521e-17,1.542e-17,1.117e-17,0.001,-2.44,0
FrontS75938,-11.8197,-2.2308,4.586e-17,7.750e-17,1.698e-16,0.0004,-2.44,0
FrontS75940,-11.8074,-2.2901,3.176e-19,4.261e-19,5.761e-19,0.0,-2.41,0
FrontS75941,-11.2793,-2.3394,2.394e-20,3.976e-20,8.399e-20,0.0004,-2.42,0
FrontS75942,-11.7837,-2.2933,3.484e-17,6.523e-17,1.676e-16,0.0004,-2.27,0
FrontS75943,-11.8437,-2.2009,4.202e-18,4.717e-18,4.244e-18,0.0016,-2.48,0
FrontS75944,-11.8166,-2.3179,1.297e-12,8.735e-13,2.924e-13,-0.0006,-2.39,0
FrontS75945,-11.8314,-2.2465,9.225e-13,5.987e-13,1.754e-13,-0.0002,-2.45,0
FrontS75946,-11.2450,-2.2950,2.489e-12,1.775e-12,6.324e-13,-0.0004,-2.45,0
FrontS75947,-11.7810,-2.2440,1.749e-17,1.700e-17,1.120e-17,-0.0002,-2.49,0
FrontS75948,-11.2644,-2.3191,1.031e-16,8.838e-17,4.859e-17,0.0009,-2.39,0
FrontS75950,-11.2110,-2.3194,2.087e-16,1.757e-16,9.161e-17,0.0005,-2.35,0
FrontS75951,-11.2403,-2.3338,1.148e-17,1.256e-17,1.067e-17,0.0008,-2.3,0
FrontS75952,-11.2314,-2.2901,3.630e-18,4.169e-18,3.876e-18,0.0003,-2.41,0
FrontS75953,-11.8509,-2.2530,3.655e-16,2.924e-16,1.365e-16,-0.0002,-2.54,0
FrontS75954,-11.8819,-2.2331,3.561e-20,5.796e-20,1.189e-19,0.0006,-2.49,0
FrontS75957,-11.2017,-2.3238,4.877e-18,5.701e-18,5.818e-18,0.001,-2.42,0
FrontS75958,-11.2253,-2.2700,1.613e-18,2.001e-18,2.261e-18,-0.0,-2.45,0
FrontS75960,-11.8547,-2.1722,2.722e-19,3.970e-19,5.990e-19,0.0006,-2.58,0
FrontS75962,-11.2126,-2.2748,7.657e-17,6.884e-17,4.210e-17,0.0015,-2.56,0
FrontS75963,-11.1647,-2.2722,1.445e-17,1.512e-17,1.206e-17,0.0007,-2.44,0
FrontS75964,-11.2695,-2.3400,1.304e-18,1.701e-18,2.129e-18,-0.0008,-2.41,0
FrontS75966,-11.8286,-2.2759,6.755e-17,1.269e-16,3.298e-16,0.0007,-2.39,0
FrontS75967,-11.8512,-2.2199,7.203e-19,9.609e-19,1.225e-18,-0.0004,-2.42,0
FrontS75968,-11.8271,-2.1824,2.185e-17,1.985e-17,1.194e-17,0.0005,-2.66,0
FrontS75969,-11.8217,-2.2439,3.277e-16,6.242e-16,1.728e-15,0.0002,-2.54,0
FrontS75971,-11.2020,-2.2859,7.123e-13,4.837e-13,1.560e-13,0.0003,-2.48,0
FrontS75973,-11.8117,-2.2326,3.395e-13,2.268e-13,7.256e-14,0.0001,-2.49,0
FrontS75974,-11.2312,-2.3056,7.872e-19,1.043e-18,1.395e-18,-0.0003,-2.41,0
FrontS75975,-11.8238,-2.2138,5.372e-19,6.774e-19,8.040e-19,-0.0003,-2.45,0
FrontS75976,-11.2277,-2.2586,1.416e-16,1.197e-16,6.129e-17,-0.0008,-2.43,0
FrontS75977,-11.2584,-2.3268,3.881e-18,4.241e-18,3.708e-18,0.0002,-2.36,0
FrontS75978,-11.9095,-2.2074,1.230e-18,1.449e-18,1.485e-18,0.0006,-2.46,0
FrontS75979,-11.1995,-2.2927,2.125e-19,3.041e-19,4.726e-19,0.0004,-2.46,0
FrontS75980,-11.2263,-2.3023,8.252e-19,1.015e-18,1.131e-18,0.0002,-2.5,0
FrontS75982,-11.2097,-2.3318,2.821e-12,2.064e-12,7.739e-13,0.0001,-2.46,0
FrontS75983,-11.2055,-2.3238,1.423e-20,2.814e-20,8.427e-20,0.0008,-2.33,0
FrontS75984,-11.9293,-2.2116,5.432e-18,5.688e-18,4.356e-18,0.0003,-2.51,0
FrontS75985,-11.2107,-2.2465,8.183e-19,1.045e-18,1.277e-18,-0.0001,-2.55,0
FrontS75987,-11.1782,-2.3473,4.269e-20,7.298e-20,1.553e-19,-0.0006,-2.45,0
FrontS75988,-11.8935,-2.2282,2.939e-12,2.781e-12,1.806e-12,0.0008,-2.38,1
FrontS75990,-11.1703,-2.3526,2.894e-17,2.838e-17,1.895e-17,0.001,-2.35,0
FrontS75992,-11.8946,-2.2266,1.877e-12,1.894e-12,1.376e-12,0.0009,-2.48,1
FrontS75993,-11.8643,-2.2178,1.280e-16,1.181e-16,7.207e-17,0.0007,-2.52,0
FrontS75994,-11.8807,-2.2510,7.265e-17,6.345e-17,3.513e-17,0.0004,-2.43,0
FrontS75995,-11.1609,-2.2995,1.809e-16,1.471e-16,6.954e-17,0.0003,-2.4,0
FrontS75996,-11.1993,-2.3094,1.025e-18,1.291e-18,1.496e-18,0.0,-2.46,0
FrontS75997,-11.1420,-2.3635,2.099e-17,2.225e-17,1.784e-17,0.0006,-2.37,0
FrontS75999,-11.9110,-2.2057,4.055e-17,8.421e-17,2.762e-16,0.0007,-2.47,0
FrontS76000,-11.8695,-2.1935,2.271e-19,3.284e-19,5.048e-19,-0.0005,-2.49,0
FrontS76001,-11.1535,-2.2701,1.324e-16,1.146e-16,6.198e-17,0.0006,-2.43,0
FrontS76002,-11.1992,-2.2850,3.038e-17,2.787e-17,1.775e-17,-0.0004,-2.46,0
FrontS76004,-11.9945,-2.2422,2.450e-19,3.672e-19,5.850e-19,0.0006,-2.45,0
FrontS76005,-11.9913,-2.2047,5.694e-18,6.402e-18,6.042e-18,0.0005,-2.57,0
FrontS76006,-11.1309,-2.3383,2.903e-17,4.281e-17,6.831e-17,0.0003,-2.43,0
FrontS76007,-11.1012,-2.2990,1.071e-16,9.039e-17,4.583e-17,0.0004,-2.42,0
FrontS76008,-11.1358,-2.3331,2.463e-17,2.563e-17,2.000e-17,0.0007,-2.4,0
FrontS76009,-11.1622,-2.3225,1.300e-20,2.382e-20,5.770e-20,0.0005,-2.45,0
FrontS76010,-11.9415,-2.2144,5.044e-20,9.161e-20,2.231e-19,-0.0003,-2.5,0
FrontS76011,-11.1456,-2.3197,2.438e-19,3.298e-19,4.403e-19,0.0009,-2.48,0
FrontS76013,-11.9203,-2.1772,4.180e-17,3.824e-17,2.296e-17,0.0003,-2.62,0
FrontS76014,-11.1764,-2.3312,1.047e-17,1.025e-17,7.165e-18,0.0001,-2.42,0
FrontS76015,-11.1108,-2.3392,1.100e-17,1.173e-17,9.440e-18,-0.0002,-2.33,0
FrontS76017,-11.1050,-2.3419,3.454e-16,2.743e-16,1.273e-16,0.0006,-2.48,0
FrontS76018,-11.9794,-2.2502,4.016e-18,4.372e-18,3.827e-18,0.0,-2.53,0
FrontS76019,-11.9152,-2.1871,6.555e-17,5.645e-17,2.952e-17,0.0001,-2.48,0
FrontS76020,-11.9954,-2.2048,4.340e-17,9.312e-17,3.263e-16,0.0004,-2.54,0
FrontS76021,-11.1391,-2.3627,1.496e-17,1.474e-17,1.025e-17,-0.0009,-2.44,0
FrontS76022,-11.9888,-2.1782,1.367e-16,1.181e-16,6.568e-17,-0.0,-2.46,0
FrontS76023,-11.9142,-2.1862,1.095e-16,9.561e-17,5.214e-17,0.0009,-2.45,0
FrontS76024,-11.1172,-2.3498,2.197e-19,3.360e-19,5.901e-19,0.0,-2.45,0
FrontS76026,-11.1017,-2.3361,2.105e-12,2.315e-12,1.993e-12,0.0001,-2.45,0
FrontS76027,-11.0981,-2.3457,1.055e-19,1.703e-19,3.175e-19,-0.0007,-2.36,0
FrontS76028,-12.0051,-2.1657,3.525e-12,2.663e-12,1.138e-12,0.0003,-2.56,1
FrontS76029,-11.1286,-2.2999,6.857e-17,6.160e-17,3.554e-17,-0.0004,-2.41,0
FrontS76031,-11.9538,-2.2557,1.999e-17,3.880e-17,1.121e-16,0.0002,-2.47,0
FrontS76032,-11.0622,-2.3654,2.793e-16,2.250e-16,1.102e-16,-0.0,-2.32,0
FrontS76033,-11.1062,-2.3337,1.754e-19,2.546e-19,3.867e-19,0.0,-2.42,0
FrontS76034,-11.9190,-2.2012,5.857e-17,5.166e-17,2.790e-17,0.0008,-2.43,0
FrontS76035,-11.1217,-2.2907,7.223e-16,5.535e-16,2.288e-16,-0.0002,-2.41,1
FrontS76036,-11.9227,-2.2425,8.144e-13,9.279e-13,8.506e-13,0.0001,-2.48,0
FrontS76037,-11.1485,-2.2978,3.991e-15,2.799e-15,9.990e-16,0.0004,-2.45,0
FrontS76038,-11.9355,-2.2272,2.585e-15,1.929e-15,7.680e-16,0.0011,-2.47,0
FrontS76039,-11.9590,-2.2184,1.034e-14,7.209e-15,2.447e-15,0.0013,-2.48,0
FrontS76040,-11.9529,-2.2189,2.795e-16,2.355e-16,1.211e-16,0.0001,-2.55,0
FrontS76041,-11.9472,-2.2015,9.001e-17,8.144e-17,4.732e-17,0.0013,-2.44,0
FrontS76042,-11.9733,-2.1958,1.008e-16,1.977e-16,5.908e-16,0.0004,-2.5,0
FrontS76043,-11.9200,-2.1975,6.874e-13,8.922e-13,1.097e-12,0.0002,-2.51,0
FrontS76044,-11.9509,-2.1817,1.477e-19,2.226e-19,3.792e-19,-0.0,-2.67,0
FrontS76045,-11.9562,-2.1766,3.432e-15,2.430e-15,8.968e-16,0.0002,-2.51,0
FrontS76046,-11.9359,-2.1695,3.848e-16,3.186e-16,1.520e-16,0.0004,-2.49,0
FrontS76047,-11.1417,-2.3651,2.992e-16,2.424e-16,1.130e-16,-0.0005,-2.34,0
FrontS76048,-11.1134,-2.3924,4.255e-15,3.226e-15,1.366e-15,-0.0002,-2.47,0
FrontS76049,-11.9717,-2.1391,5.104e-15,3.467e-15,1.210e-15,0.0002,-2.55,0
FrontS76050,-11.9439,-2.1392,9.868e-17,8.957e-17,5.241e-17,0.0003,-2.61,0
FrontS76051,-11.1114,-2.4098,1.309e-12,8.899e-13,3.017e-13,0.0004,-2.27,0
FrontS76052,-11.0834,-2.4171,6.688e-15,4.638e-15,1.616e-15,-0.0003,-2.33,0
FrontS76053,-11.0779,-2.4365,6.217e-15,4.355e-15,1.548e-15,0.0008,-2.35,0
FrontS76054,-11.1061,-2.4313,1.226e-14,8.365e-15,2.729e-15,-0.0,-2.32,0
FrontS76055,-11.1265,-2.4305,7.452e-15,5.095e-15,1.762e-15,-0.0001,-2.34,0
FrontS76056,-11.9832,-2.0762,3.983e-15,2.742e-15,9.613e-16,-0.0005,-2.66,0
FrontS76057,-11.9806,-2.0726,1.431e-15,1.036e-15,3.921e-16,0.0003,-2.64,0
FrontS76058,-11.9581,-2.0763,1.033e-14,7.471e-15,2.728e-15,0.0004,-2.66,0
FrontS76059,-11.1604,-2.4737,2.529e-19,3.584e-19,5.411e-19,0.0005,-2.2,0
FrontS76060,-11.1008,-2.4813,6.272e-17,1.008e-16,1.984e-16,-0.0003,-2.23,0
FrontS76061,-11.9682,-2.0464,5.514e-17,4.886e-17,2.700e-17,0.0002,-2.66,0
FrontS76062,-11.1176,-2.5037,1.523e-15,1.121e-15,4.444e-16,0.0005,-2.27,0
FrontS76063,-11.1238,-2.5208,6.270e-15,4.325e-15,1.520e-15,-0.0003,-2.1,0
FrontS76064,-11.9371,-2.0171,2.143e-17,2.105e-17,1.466e-17,-0.0,-2.82,0
FrontS76065,-11.1165,-2.5273,1.806e-16,3.156e-16,7.407e-16,0.0004,-2.31,0
FrontS76066,-11.1671,-2.5321,3.360e-15,2.333e-15,8.194e-16,0.0,-2.13,0
FrontS76067,-11.1459,-2.5427,4.543e-17,7.272e-17,1.390e-16,0.0002,-2.12,0
FrontS76068,-11.9349,-1.9686,3.184e-17,6.180e-17,1.781e-16,-0.0,-2.79,0
FrontS76069,-11.1674,-2.5700,6.094e-15,4.388e-15,1.637e-15,0.0005,-2.18,0
FrontS76070,-11.1509,-2.5856,5.394e-17,4.974e-17,3.083e-17,0.0001,-2.09,0
FrontS76071,-11.9031,-1.9514,2.036e-16,1.732e-16,9.019e-17,-0.0001,-2.69,0
FrontS76072,-11.1661,-2.5923,5.549e-18,5.932e-18,4.895e-18,0.0001,-2.16,0
FrontS76073,-11.8879,-1.9239,3.455e-17,3.281e-17,2.143e-17,0.0004,-2.71,0
FrontS76074,-11.9036,-1.9231,6.281e-17,1.021e-16,2.044e-16,0.0002,-2.84,0
FrontS76075,-11.8822,-1.9025,3.049e-15,2.169e-15,8.064e-16,-0.0009,-2.82,0
FrontS76076,-11.1796,-2.6401,3.116e-15,2.396e-15,1.019e-15,-0.0006,-2.07,0
FrontS76077,-11.1941,-2.6340,2.578e-15,1.846e-15,6.938e-16,0.0007,-2.03,0
FrontS76078,-11.8812,-1.8823,2.139e-15,1.527e-15,5.818e-16,0.0003,-2.86,0
FrontS76079,-11.1740,-2.6855,2.736e-16,2.135e-16,9.324e-17,0.001,-1.97,0
FrontS76080,-11.8502,-1.8799,1.205e-15,9.103e-16,3.632e-16,0.0005,-2.89,0
FrontS76081,-11.8678,-1.8570,5.627e-16,4.340e-16,1.878e-16,0.0005,-2.81,1
FrontS76082,-11.8538,-1.8686,5.925e-15,4.135e-15,1.413e-15,-0.0004,-2.8,0
FrontS76083,-11.8464,-1.8082,1.911e-17,3.167e-17,6.391e-17,0.0009,-2.96,0
FrontS76084,-11.2517,-2.7547,3.535e-15,2.538e-15,9.354e-16,-0.0003,-1.98,0
FrontS76085,-11.8189,-1.7957,1.718e-12,1.511e-12,8.688e-13,0.0009,-2.95,1
FrontS76086,-11.2832,-2.7752,2.800e-18,3.206e-18,2.981e-18,0.0006,-2.04,0
FrontS76087,-11.3045,-2.7219,1.446e-16,1.198e-16,6.215e-17,-0.0,-1.95,0
FrontS76088,-11.2802,-2.7339,7.001e-16,5.481e-16,2.501e-16,0.0007,-1.98,1
FrontS76089,-11.7877,-1.7996,1.006e-16,8.625e-17,4.486e-17,0.0005,-2.87,0
FrontS76090,-11.7681,-1.7577,7.214e-15,5.135e-15,1.881e-15,-0.0003,-2.84,0
FrontS76091,-11.3231,-2.7833,3.621e-12,2.764e-12,1.154e-12,0.0002,-1.93,1
FrontS76092,-11.3042,-2.7696,6.244e-17,5.581e-17,3.188e-17,0.0001,-1.97,0
FrontS76093,-11.3136,-2.8088,3.485e-12,2.553e-12,1.028e-12,0.0005,-1.89,0
FrontS76094,-11.7399,-1.7449,1.946e-17,1.956e-17,1.403e-17,0.0001,-2.96,0
FrontS76095,-11.7254,-1.7656,3.873e-16,3.117e-16,1.432e-16,0.0001,-2.96,0
FrontS76096,-11.7186,-1.7598,1.811e-17,3.231e-17,7.701e-17,-0.0004,-2.94,0
FrontS76097,-11.6877,-1.7074,2.094e-15,1.561e-15,6.314e-16,0.0004,-3.12,0
FrontS76098,-11.3874,-2.8104,8.304e-17,7.519e-17,4.372e-17,0.0001,-1.94,0
FrontS76099,-11.4001,-2.8424,1.165e-15,8.870e-16,3.791e-16,-0.0002,-1.9,1
FrontS76100,-11.4249,-2.8611,6.308e-13,4.343e-13,1.511e-13,0.0006,-1.92,0
FrontS76101,-11.4393,-2.8287,1.757e-16,1.440e-16,6.825e-17,0.0006,-1.88,0
FrontS76102,-11.6297,-1.7018,9.109e-16,7.242e-16,3.285e-16,0.0002,-2.97,1
FrontS76103,-11.4647,-2.8473,1.802e-17,1.770e-17,1.223e-17,0.0008,-1.85,0
FrontS76104,-11.4624,-2.8748,1.894e-15,1.347e-15,5.041e-16,0.0009,-1.87,0
FrontS76105,-11.5931,-1.6977,6.216e-17,9.630e-17,1.701e-16,0.0004,-3.03,0
FrontS76106,-11.5863,-1.7078,1.328e-15,1.014e-15,4.232e-16,0.0005,-3.12,1
FrontS76107,-11.5240,-2.9071,2.136e-15,1.575e-15,6.148e-16,0.0009,-1.84,0
FrontS76108,-11.5338,-1.6063,7.985e-17,1.271e-16,2.369e-16,0.0003,-3.03,0
FrontS76109,-11.5221,-1.6437,3.863e-15,2.826e-15,1.055e-15,0.0003,-3.0,0
FrontS76110,-11.5063,-1.6779,3.892e-15,2.831e-15,1.076e-15,-0.0001,-3.0,0
FrontS76111,-11.5788,-2.8647,6.154e-17,5.468e-17,3.147e-17,-0.0005,-1.87,0
FrontS76112,-11.4761,-1.6371,8.341e-17,7.294e-17,4.177e-17,0.0006,-3.02,0
FrontS76113,-11.6228,-2.9121,4.057e-17,9.499e-17,4.033e-16,0.0001,-1.87,0
FrontS76114,-11.4396,-1.6381,2.940e-16,2.434e-16,1.197e-16,0.0013,-3.03,0
FrontS76115,-11.6701,-2.9370,2.879e-18,3.337e-18,3.390e-18,0.0007,-1.79,0
FrontS76116,-11.6636,-2.8463,3.311e-15,2.356e-15,8.812e-16,-0.0001,-1.88,0
FrontS76117,-11.3828,-1.6543,1.051e-15,8.036e-16,3.352e-16,0.0006,-3.15,1
FrontS76118,-11.3600,-1.6272,9.830e-16,7.229e-16,2.829e-16,-0.0,-3.04,0
FrontS76119,-11.3399,-1.7005,7.212e-17,6.507e-17,3.796e-17,0.0002,-2.98,0
FrontS76120,-11.3315,-1.6429,2.692e-18,3.423e-18,4.259e-18,0.0003,-3.05,0
FrontS76121,-11.7740,-2.8912,7.560e-17,6.789e-17,3.932e-17,0.0001,-1.97,0
FrontS76122,-11.7978,-2.8551,4.175e-17,6.055e-17,9.763e-17,0.0006,-1.87,0
FrontS76123,-11.7874,-2.8839,3.343e-16,2.685e-16,1.271e-16,-0.0004,-1.92,0
FrontS76124,-11.8294,-2.9124,3.496e-14,2.327e-14,7.750e-15,0.0003,-1.82,0
FrontS76125,-11.8347,-2.9125,5.651e-18,6.278e-18,5.614e-18,0.0008,-1.8,0
FrontS76126,-11.2086,-1.6600,4.190e-18,4.571e-18,3.856e-18,0.0007,-3.11,0
FrontS76127,-11.8912,-2.8471,6.440e-17,5.675e-17,3.245e-17,-0.0001,-1.91,0
FrontS76128,-11.9241,-2.8622,1.686e-16,1.416e-16,7.195e-17,0.0005,-1.9,0
FrontS76129,-11.9461,-2.8356,1.823e-12,1.245e-12,4.237e-13,0.0,-2.08,0
FrontS76130,-11.9381,-2.8080,1.455e-16,2.465e-16,5.070e-16,-0.001,-2.03,0
FrontS76131,-11.1315,-1.7175,1.230e-15,9.449e-16,4.007e-16,0.0004,-2.9,0
FrontS76132,-11.0838,-1.7763,2.125e-16,1.757e-16,8.609e-17,0.0002,-2.78,0
FrontS76133,-12.0056,-2.7216,9.574e-16,7.113e-16,2.820e-16,-0.0004,-2.05,0
FrontS76134,-11.0566,-1.8206,3.782e-15,2.621e-15,9.288e-16,0.0005,-3.02,0
FrontS76135,-12.0317,-2.7483,2.104e-15,1.597e-15,6.743e-16,0.0004,-2.01,0
FrontS76136,-11.0406,-1.8419,3.607e-17,3.623e-17,2.747e-17,0.0003,-2.96,0
FrontS76137,-10.9860,-1.8294,3.002e-15,2.193e-15,8.442e-16,0.0006,-2.9,0
FrontS76138,-10.9924,-1.8396,6.005e-16,4.853e-16,2.263e-16,-0.0007,-2.74,0
FrontS76139,-12.0856,-2.6542,3.907e-16,3.236e-16,1.580e-16,0.0003,-2.12,0
FrontS76140,-10.9254,-1.8928,1.681e-17,1.694e-17,1.237e-17,0.0001,-2.87,0
FrontS76141,-12.1158,-2.6275,8.048e-15,5.685e-15,2.041e-15,-0.0003,-2.2,0
FrontS76142,-12.1360,-2.5736,4.995e-15,3.386e-15,1.147e-15,0.0014,-2.13,0
FrontS76143,-10.8863,-1.9640,3.643e-16,2.927e-16,1.354e-16,0.0008,-2.74,0
FrontS76144,-12.1472,-2.5372,1.018e-15,7.714e-16,3.137e-16,-0.0003,-2.16,1
FrontS76145,-12.1624,-2.5306,1.605e-16,1.406e-16,7.494e-17,0.0001,-2.18,0
FrontS76146,-12.2098,-2.5162,1.999e-17,1.981e-17,1.461e-17,0.0001,-2.2,0
FrontS76147,-10.8629,-2.0587,1.939e-15,1.396e-15,5.467e-16,0.0004,-2.63,0
FrontS76148,-12.2052,-2.4498,4.670e-17,9.063e-17,2.626e-16,0.0,-2.26,0
FrontS76149,-10.8428,-2.1089,8.247e-15,5.858e-15,2.119e-15,0.0008,-2.72,0
FrontS76150,-12.2040,-2.3874,3.034e-13,1.985e-13,6.027e-14,0.0012,-2.38,0
FrontS76151,-10.8511,-2.1818,9.270e-15,6.367e-15,2.233e-15,0.0002,-2.57,0
FrontS76152,-10.8403,-2.2143,6.137e-18,6.340e-18,4.973e-18,0.0004,-2.55,0
FrontS76153,-10.8109,-2.2594,1.457e-15,1.133e-15,4.885e-16,0.0006,-2.48,1
FrontS76154,-12.2449,-2.2528,3.208e-12,2.332e-12,9.096e-13,0.0006,-2.32,0
FrontS76155,-10.8143,-2.3187,9.279e-18,9.296e-18,6.980e-18,0.0005,-2.42,0
FrontS76156,-10.8186,-2.3514,2.591e-15,1.797e-15,6.518e-16,-0.0008,-2.42,0
FrontS76157,-10.8356,-2.3869,4.104e-16,8.035e-16,2.227e-15,0.0007,-2.43,0
FrontS76158,-12.2827,-2.1187,1.747e-16,1.419e-16,6.842e-17,-0.0001,-2.59,0
FrontS76159,-10.8538,-2.4516,1.220e-16,1.034e-16,5.327e-17,-0.0002,-2.32,0
FrontS76160,-12.2087,-2.0544,6.622e-14,4.392e-14,1.405e-14,0.0006,-2.63,0
FrontS76161,-10.8670,-2.5150,2.758e-16,2.229e-16,1.057e-16,0.0011,-2.32,0
FrontS76162,-12.1860,-1.9900,3.395e-17,5.576e-17,1.090e-16,0.0002,-2.63,0
FrontS76163,-12.1883,-1.9359,1.430e-17,1.471e-17,1.131e-17,0.0005,-2.73,0
FrontS76164,-10.8752,-2.6479,4.918e-16,1.534e-15,1.199e-14,0.0007,-2.2,0
FrontS76165,-12.1334,-1.8791,2.680e-16,2.161e-16,1.032e-16,0.0003,-2.77,0
FrontS76166,-12.1733,-1.8291,2.449e-15,1.761e-15,6.533e-16,0.001,-2.79,0
FrontS76167,-12.1289,-1.7679,2.772e-18,3.295e-18,3.321e-18,0.0004,-2.89,0
FrontS76168,-10.9410,-2.7851,1.008e-14,6.735e-15,2.283e-15,-0.0002,-2.02,0
FrontS76169,-10.9889,-2.7893,1.322e-15,1.052e-15,4.614e-16,0.0005,-2.19,1
FrontS76170,-12.1008,-1.7156,1.551e-16,1.297e-16,6.396e-17,0.0004,-2.7,0
FrontS76171,-12.0246,-1.6190,1.260e-15,8.819e-16,3.264e-16,0.0005,-2.86,0
FrontS76172,-11.0468,-2.9234,3.776e-15,2.542e-15,8.556e-16,-0.0,-2.06,0
FrontS76173,-11.0854,-2.9586,2.958e-15,2.159e-15,8.264e-16,0.0012,-1.91,0
FrontS76174,-11.9469,-1.5984,4.164e-15,3.001e-15,1.124e-15,-0.0002,-2.93,0
FrontS76175,-11.1010,-2.9544,7.307e-19,9.385e-19,1.112e-18,0.0003,-2.02,0
FrontS76176,-11.9052,-1.5159,1.725e-16,1.478e-16,7.664e-17,0.0,-3.06,0
FrontS76177,-11.1994,-3.0831,5.565e-17,5.016e-17,2.899e-17,-0.0002,-1.99,0
FrontS76178,-11.7749,-1.4438,6.052e-15,4.229e-15,1.545e-15,0.0007,-2.88,0
FrontS76179,-11.3023,-3.0949,2.943e-12,2.472e-12,1.256e-12,0.0001,-1.86,1
FrontS76180,-11.3384,-3.1504,2.966e-19,4.148e-19,5.802e-19,0.0009,-1.86,0
FrontS76181,-11.3728,-3.1352,1.153e-16,2.411e-16,7.902e-16,0.0002,-2.01,0
FrontS76182,-11.4077,-3.0821,1.573e-15,1.215e-15,5.211e-16,0.0004,-1.97,0
FrontS76183,-11.6135,-1.4078,1.943e-15,1.410e-15,5.522e-16,-0.0005,-3.06,0
FrontS76184,-11.5378,-1.3910,2.420e-16,1.937e-16,8.991e-17,0.0003,-3.06,0
FrontS76185,-11.5060,-1.3366,6.805e-17,1.017e-16,1.633e-16,-0.0006,-3.01,0
FrontS76186,-11.4508,-1.3567,5.933e-16,4.827e-16,2.305e-16,0.0,-2.98,0
FrontS76187,-11.3996,-1.3648,2.037e-15,1.427e-15,5.063e-16,0.0011,-3.05,0
FrontS76188,-11.1768,-2.3952,3.135e-17,2.948e-17,1.929e-17,0.0006,-2.34,0
FrontS76189,-11.1855,-2.3855,6.459e-17,5.941e-17,3.566e-17,0.0005,-2.39,0
FrontS76190,-11.1323,-2.3941,5.688e-19,7.148e-19,8.151e-19,0.0005,-2.42,0
FrontS76191,-11.0970,-2.3858,6.533e-17,1.231e-16,3.327e-16,0.0,-2.33,0
FrontS76193,-11.1252,-2.4052,7.495e-19,9.382e-19,1.112e-18,0.0006,-2.34,0
FrontS76195,-11.9341,-2.1221,4.231e-16,3.233e-16,1.406e-16,0.0005,-2.59,1
FrontS76196,-11.9661,-2.1205,1.610e-17,1.617e-17,1.184e-17,0.0008,-2.52,0
FrontS76197,-11.1379,-2.4256,2.341e-19,3.497e-19,5.878e-19,0.0008,-2.34,0
FrontS76198,-11.1394,-2.4390,2.087e-14,1.382e-14,4.341e-15,0.0012,-2.21,0
FrontS76200,-11.1632,-2.4581,1.771e-16,1.461e-16,7.361e-17,0.0006,-2.22,0
FrontS76201,-11.8736,-2.1087,7.236e-18,7.915e-18,6.856e-18,0.0006,-2.6,0
FrontS76202,-11.9268,-2.0961,2.413e-17,2.404e-17,1.748e-17,0.0002,-2.66,0
FrontS76203,-11.8899,-2.0984,3.236e-15,2.216e-15,7.606e-16,0.0004,-2.66,0
FrontS76204,-11.1176,-2.4854,1.718e-15,1.212e-15,4.434e-16,-0.0003,-2.22,0
FrontS76205,-11.9056,-2.0881,5.130e-18,5.421e-18,4.311e-18,0.0008,-2.56,0
FrontS76206,-11.8456,-2.0843,4.972e-16,4.041e-16,1.867e-16,0.0003,-2.73,0
FrontS76207,-11.9742,-2.0479,3.991e-20,6.856e-20,1.508e-19,0.0002,-2.7,0
FrontS76208,-11.1738,-2.4861,1.412e-17,1.355e-17,8.848e-18,0.0002,-2.29,0
FrontS76209,-11.1763,-2.4870,1.023e-15,7.955e-16,3.502e-16,-0.0002,-2.39,1
FrontS76210,-11.2024,-2.5047,1.207e-16,1.879e-16,3.465e-16,0.0003,-2.21,0
FrontS76211,-11.1643,-2.4997,1.045e-12,7.078e-13,2.371e-13,-0.0006,-2.12,0
FrontS76215,-11.1435,-2.5148,6.942e-18,7.604e-18,6.818e-18,-0.0009,-2.19,0
FrontS76216,-11.8853,-2.0170,1.546e-16,1.349e-16,7.656e-17,0.0004,-2.76,0
FrontS76217,-11.9883,-2.0172,2.334e-19,3.384e-19,4.983e-19,0.0006,-2.75,0
FrontS76218,-11.9387,-1.9684,6.996e-17,6.381e-17,3.873e-17,0.0007,-2.7,0
FrontS76219,-11.9402,-1.9782,2.289e-17,2.349e-17,1.786e-17,0.0002,-2.72,0
FrontS76220,-11.1344,-2.5813,3.207e-16,4.790e-16,7.903e-16,0.0013,-2.18,0
FrontS76221,-11.1671,-2.5427,2.287e-17,2.331e-17,1.830e-17,-0.0003,-2.19,0
FrontS76222,-11.1560,-2.5615,6.594e-18,6.642e-18,5.038e-18,0.0005,-2.12,0
FrontS76223,-11.1924,-2.5839,1.543e-20,2.962e-20,8.244e-20,0.0002,-2.12,0
FrontS76224,-11.8936,-1.9519,8.202e-16,6.292e-16,2.691e-16,0.0003,-2.81,1
FrontS76225,-11.8766,-1.9751,1.704e-12,1.192e-12,4.254e-13,-0.0,-2.75,0
FrontS76226,-11.1851,-2.5785,9.073e-17,7.951e-17,4.247e-17,-0.0002,-2.15,0
FrontS76227,-11.2011,-2.6038,1.560e-20,2.885e-20,7.437e-20,-0.0006,-2.08,0
FrontS76228,-11.1751,-2.6107,9.237e-18,9.489e-18,7.199e-18,0.0005,-2.12,0
FrontS76231,-11.8618,-1.9310,3.190e-16,2.511e-16,1.141e-16,0.0006,-2.79,0
FrontS76232,-11.1440,-2.6503,5.818e-20,9.204e-20,1.771e-19,0.0011,-2.06,0
FrontS76233,-11.2069,-2.6178,1.902e-18,2.267e-18,2.387e-18,-0.0002,-1.93,0
FrontS76234,-11.2045,-2.6622,1.007e-16,9.387e-17,6.024e-17,0.0005,-2.11,0
FrontS76235,-11.2200,-2.6126,1.009e-16,8.333e-17,4.288e-17,0.0,-2.13,0
FrontS76237,-11.8171,-1.8573,7.484e-18,7.973e-18,6.615e-18,-0.0002,-2.87,0
FrontS76238,-11.2516,-2.6960,6.146e-13,4.159e-13,1.398e-13,0.0003,-2.02,0
FrontS76239,-11.8473,-1.8349,7.836e-13,5.128e-13,1.555e-13,0.0005,-3.01,0
FrontS76240,-11.2716,-2.6997,1.738e-18,2.161e-18,2.508e-18,0.0008,-1.98,0
FrontS76242,-11.8184,-1.8134,1.308e-18,1.567e-18,1.668e-18,-0.0001,-2.96,0
FrontS76246,-11.7939,-1.8163,6.111e-17,5.497e-17,3.070e-17,-0.0001,-2.87,0
FrontS76247,-11.7452,-1.7661,3.178e-17,5.561e-17,1.275e-16,-0.0003,-2.93,0
FrontS76249,-11.7683,-1.8162,6.381e-20,1.089e-19,2.395e-19,0.0005,-2.88,0
FrontS76250,-11.8016,-1.7761,1.127e-19,1.701e-19,2.947e-19,0.0009,-2.78,0
FrontS76251,-11.7589,-1.8447,6.337e-17,9.592e-17,1.681e-16,0.0008,-2.83,0
FrontS76252,-11.7588,-1.7756,9.284e-18,9.522e-18,7.318e-18,0.0004,-2.98,0
FrontS76253,-11.3483,-2.7566,4.536e-17,7.681e-17,1.657e-16,0.0007,-2.02,0
FrontS76254,-11.7470,-1.7422,3.555e-12,2.588e-12,9.751e-13,-0.0005,-2.96,0
FrontS76255,-11.3486,-2.8148,3.870e-18,4.325e-18,3.929e-18,0.0011,-1.94,0
FrontS76256,-11.2976,-2.7951,1.461e-15,4.619e-15,3.631e-14,0.0004,-2.08,0
FrontS76257,-11.3178,-2.8220,3.144e-19,4.204e-19,5.326e-19,-0.0005,-1.9,0
FrontS76258,-11.3648,-2.7753,3.528e-16,2.786e-16,1.192e-16,0.0009,-2.0,0
FrontS76259,-11.3688,-2.8197,1.978e-16,1.625e-16,7.871e-17,0.0002,-1.96,0
FrontS76261,-11.3971,-2.8327,2.862e-18,3.454e-18,3.709e-18,-0.0003,-1.8,0
FrontS76262,-11.7118,-1.7357,3.063e-17,2.958e-17,1.994e-17,-0.0,-2.9,0
FrontS76263,-11.4015,-2.8462,7.794e-17,1.477e-16,4.064e-16,-0.0002,-1.89,0
FrontS76264,-11.6667,-1.6445,2.593e-18,3.103e-18,3.242e-18,0.0003,-2.92,0
FrontS76266,-11.4576,-2.8722,4.765e-17,7.673e-17,1.442e-16,-0.0002,-1.95,0
FrontS76267,-11.6336,-1.6788,9.827e-13,6.681e-13,2.201e-13,-0.0005,-3.14,0
FrontS76268,-11.5984,-1.7074,2.321e-15,1.670e-15,6.221e-16,0.0008,-2.97,0
FrontS76269,-11.4740,-2.7376,6.628e-19,8.550e-19,1.056e-18,0.0002,-1.87,0
FrontS76272,-11.5021,-2.8827,3.771e-16,2.767e-16,1.100e-16,-0.0006,-1.93,0
FrontS76273,-11.5082,-2.9179,2.818e-17,2.771e-17,1.992e-17,-0.0002,-1.9,0
FrontS76275,-11.5382,-1.7159,6.187e-18,6.630e-18,5.498e-18,-0.0003,-3.07,0
FrontS76276,-11.5422,-1.6557,3.061e-20,5.285e-20,1.209e-19,-0.0003,-3.0,0
FrontS76277,-11.5413,-1.7239,2.660e-12,1.889e-12,6.750e-13,0.0001,-3.03,0
FrontS76278,-11.5568,-2.9104,7.188e-17,1.352e-16,3.536e-16,0.0002,-1.77,0
FrontS76279,-11.5719,-2.9159,1.030e-16,2.046e-16,5.835e-16,-0.0006,-1.92,0
FrontS76281,-11.4802,-1.6988,5.125e-20,8.426e-20,1.733e-19,-0.0001,-3.11,0
FrontS76282,-11.4697,-1.6788,1.050e-16,1.862e-16,4.306e-16,0.0001,-2.99,0
FrontS76283,-11.6246,-2.9313,8.781e-17,1.854e-16,6.203e-16,0.0009,-1.81,0
FrontS76284,-11.6367,-2.9173,4.487e-17,8.314e-17,2.206e-16,0.0007,-1.9,0
FrontS76285,-11.6424,-2.9952,2.517e-17,2.541e-17,1.887e-17,0.0002,-1.86,0
FrontS76286,-11.4176,-1.6094,1.870e-19,2.899e-19,5.278e-19,-0.0002,-3.05,0
FrontS76287,-11.3967,-1.6141,8.568e-17,1.572e-16,3.879e-16,0.0,-2.99,0
FrontS76288,-11.3978,-1.6753,1.203e-18,1.477e-18,1.600e-18,-0.0005,-3.04,0
FrontS76289,-11.6775,-2.7887,4.520e-15,3.174e-15,1.151e-15,-0.0005,-1.84,0
FrontS76290,-11.6872,-2.9090,2.924e-19,4.102e-19,6.102e-19,0.0008,-1.82,0
FrontS76292,-11.3284,-1.6816,4.742e-16,3.941e-16,1.975e-16,-0.0001,-3.14,0
FrontS76293,-11.3387,-1.6853,3.235e-15,2.395e-15,9.274e-16,-0.0001,-3.03,0
FrontS76294,-11.3336,-1.7140,3.495e-18,4.009e-18,3.745e-18,0.0004,-3.01,0
FrontS76295,-11.3024,-1.6633,4.764e-17,4.347e-17,2.581e-17,0.0,-2.99,0
FrontS76296,-11.2694,-1.6271,1.602e-16,1.437e-16,8.342e-17,0.0007,-3.08,0
FrontS76297,-11.8066,-2.9738,1.640e-16,4.344e-16,2.400e-15,0.0006,-1.87,0
FrontS76298,-11.2643,-1.7182,4.022e-17,3.736e-17,2.361e-17,0.0014,-2.96,0
FrontS76299,-11.2574,-1.6722,1.036e-16,2.197e-16,7.734e-16,0.0002,-3.01,0
FrontS76300,-11.8415,-2.7647,2.587e-16,6.996e-16,3.968e-15,0.0001,-1.99,0
FrontS76301,-11.2034,-1.7457,2.919e-17,2.708e-17,1.667e-17,0.0001,-2.9,0
FrontS76302,-11.9032,-2.8378,6.345e-16,4.959e-16,2.172e-16,0.0007,-1.99,1
FrontS76303,-11.2048,-1.6280,4.836e-17,8.858e-17,2.206e-16,-0.0004,-3.05,0
FrontS76304,-11.1752,-1.7137,2.615e-16,2.132e-16,1.025e-16,0.0011,-2.96,0
FrontS76305,-11.9084,-2.8565,3.348e-19,4.781e-19,7.092e-19,-0.0001,-1.83,0
FrontS76306,-11.9049,-2.8043,1.088e-15,8.163e-16,3.365e-16,0.0006,-1.88,0
FrontS76307,-11.1429,-1.7329,1.775e-19,2.694e-19,4.484e-19,0.0006,-3.02,0
FrontS76308,-11.1395,-1.7469,8.702e-18,9.490e-18,8.088e-18,-0.0008,-2.85,0
FrontS76309,-11.1284,-1.7390,1.206e-19,1.898e-19,3.507e-19,0.0002,-2.99,0
FrontS76310,-11.9929,-2.7857,3.323e-15,2.388e-15,8.866e-16,0.0,-1.97,0
FrontS76312,-11.0731,-1.7863,5.176e-18,5.594e-18,4.773e-18,0.0001,-2.89,0
FrontS76314,-10.9878,-1.8372,8.098e-16,6.307e-16,2.744e-16,0.0,-3.02,1
FrontS76315,-12.0485,-2.7314,1.240e-14,8.665e-15,3.014e-15,0.0006,-2.14,0
FrontS76316,-11.0601,-1.8328,1.687e-19,2.479e-19,3.893e-19,0.0011,-2.88,0
FrontS76317,-10.9914,-1.7696,4.467e-18,5.095e-18,4.871e-18,0.0009,-2.86,0
FrontS76318,-10.9760,-1.8169,1.548e-16,3.235e-16,1.123e-15,0.0001,-2.76,0
FrontS76319,-12.0729,-2.6836,9.855e-17,8.206e-17,4.237e-17,0.0002,-2.08,0
FrontS76321,-12.1085,-2.5916,9.336e-17,1.867e-16,5.609e-16,-0.0004,-2.15,0
FrontS76322,-10.8651,-1.9227,1.324e-19,1.963e-19,3.197e-19,0.0005,-2.77,0
FrontS76323,-10.8374,-1.9237,4.337e-17,4.003e-17,2.434e-17,-0.0004,-2.7,0
FrontS76324,-12.1551,-2.5452,2.404e-18,2.958e-18,3.343e-18,-0.0009,-2.12,0
FrontS76325,-12.1137,-2.5881,1.242e-15,9.093e-16,3.600e-16,0.0002,-2.11,0
FrontS76326,-11.0073,-1.9254,2.805e-16,2.191e-16,9.659e-17,0.0003,-2.85,0
FrontS76327,-10.9289,-2.0330,9.116e-17,2.076e-16,8.309e-16,0.0009,-2.77,0
FrontS76328,-12.1797,-2.5368,1.176e-16,9.954e-17,5.149e-17,0.0007,-2.22,0
FrontS76329,-10.7777,-2.0597,2.399e-16,1.994e-16,9.594e-17,-0.0004,-2.62,0
FrontS76330,-12.1923,-2.4668,1.597e-16,1.421e-16,8.231e-17,0.0006,-2.29,0
FrontS76331,-12.2455,-2.4483,6.060e-17,5.357e-17,3.128e-17,0.0005,-2.4,0
FrontS76335,-10.9392,-2.1694,6.987e-18,7.214e-18,5.629e-18,0.0008,-2.6,0
FrontS76336,-12.1621,-2.3644,1.002e-19,1.572e-19,2.922e-19,-0.0003,-2.24,0
FrontS76337,-12.2622,-2.3351,6.608e-18,7.532e-18,6.963e-18,0.0007,-2.3,0
FrontS76338,-10.8479,-2.2054,3.323e-13,2.375e-13,8.711e-14,0.0005,-2.67,0
FrontS76339,-12.2811,-2.2865,1.596e-19,2.505e-19,4.411e-19,-0.0003,-2.4,0
FrontS76340,-12.1638,-2.2713,5.720e-15,3.984e-15,1.369e-15,-0.0005,-2.41,0
FrontS76343,-12.3307,-2.1725,1.061e-18,1.253e-18,1.322e-18,0.0005,-2.49,0
FrontS76346,-12.2139,-2.1263,2.745e-17,2.630e-17,1.708e-17,0.0,-2.6,0
FrontS76347,-10.8755,-2.4489,6.780e-17,1.436e-16,4.747e-16,0.0002,-2.32,0
FrontS76348,-10.8422,-2.4550,5.189e-19,7.190e-19,9.789e-19,-0.0,-2.32,0
FrontS76349,-12.2593,-2.0441,6.421e-17,5.881e-17,3.455e-17,0.001,-2.55,0
FrontS76350,-12.1815,-2.0350,1.426e-15,1.020e-15,3.820e-16,-0.0001,-2.57,0
FrontS76352,-10.8233,-2.5525,4.590e-16,3.740e-16,1.756e-16,0.0017,-2.29,0
FrontS76353,-10.7605,-2.6085,2.730e-16,6.518e-16,2.958e-15,-0.001,-2.27,0
FrontS76354,-10.8776,-2.6497,6.940e-17,6.453e-17,3.963e-17,0.0015,-2.3,0
FrontS76355,-10.9051,-2.6502,3.752e-16,3.142e-16,1.601e-16,-0.0,-2.13,0
FrontS76356,-10.8484,-2.7052,6.584e-17,5.659e-17,3.153e-17,0.0003,-2.2,0
FrontS76357,-12.1334,-1.8463,1.004e-17,1.046e-17,7.999e-18,-0.0008,-2.88,0
FrontS76359,-11.0681,-2.6621,1.790e-16,1.671e-16,1.034e-16,0.0004,-2.24,0
FrontS76361,-10.9877,-2.8191,4.404e-17,3.983e-17,2.399e-17,-0.0001,-2.1,0
FrontS76362,-10.9576,-2.8278,4.689e-18,5.365e-18,4.946e-18,0.0005,-2.1,0
FrontS76363,-10.9965,-2.7772,7.318e-19,9.692e-19,1.208e-18,0.0,-2.22,0
FrontS76364,-11.0645,-2.8712,3.438e-16,2.900e-16,1.440e-16,0.0008,-2.13,0
FrontS76365,-11.0141,-2.9216,1.664e-16,1.440e-16,7.759e-17,0.0004,-2.11,0
FrontS76366,-11.0352,-2.8993,7.231e-17,1.094e-16,1.815e-16,-0.0008,-2.1,0
FrontS76367,-11.1144,-2.9442,1.001e-19,1.560e-19,2.915e-19,-0.0006,-2.1,0
FrontS76368,-11.0895,-2.9805,3.242e-16,5.235e-16,1.022e-15,-0.0004,-2.02,0
FrontS76369,-11.8912,-1.5812,8.299e-17,7.045e-17,3.683e-17,0.0005,-2.93,0
FrontS76370,-11.1686,-3.0554,1.305e-16,2.466e-16,6.754e-16,0.0011,-1.93,0
FrontS76371,-11.8851,-1.5593,4.644e-18,5.587e-18,5.806e-18,0.0006,-2.82,0
FrontS76372,-11.2421,-3.0128,4.611e-18,5.248e-18,4.884e-18,-0.001,-1.95,0
FrontS76373,-11.2155,-3.0928,3.493e-18,4.189e-18,4.530e-18,0.0001,-2.05,0
FrontS76374,-11.2647,-3.0494,3.050e-13,2.004e-13,6.389e-14,0.0005,-2.08,0
FrontS76375,-11.7908,-1.5712,5.774e-17,5.121e-17,2.962e-17,0.0007,-2.99,0
FrontS76376,-11.3726,-3.0480,7.862e-18,8.349e-18,6.581e-18,-0.0007,-1.93,0
FrontS76377,-11.7534,-1.5386,1.262e-15,9.517e-16,3.822e-16,0.0007,-3.0,0
FrontS76378,-11.4385,-3.1157,1.303e-16,1.086e-16,5.507e-17,0.0001,-1.93,0
FrontS76379,-11.6969,-1.4574,7.223e-17,1.151e-16,2.198e-16,-0.0,-2.96,0
FrontS76380,-11.4272,-3.0510,8.289e-16,6.510e-16,2.891e-16,0.0011,-1.86,1
FrontS76381,-11.5787,-1.3893,2.745e-15,1.978e-15,7.455e-16,0.0001,-3.08,0
FrontS76382,-11.5125,-3.2715,6.932e-17,6.405e-17,3.856e-17,-0.0001,-1.85,0
FrontS76383,-11.5427,-3.1113,3.978e-17,3.697e-17,2.187e-17,0.0001,-1.88,0
FrontS76384,-11.4502,-1.2554,1.868e-17,2.023e-17,1.745e-17,0.0008,-3.04,0
FrontS76385,-11.4518,-1.3037,5.395e-17,1.209e-16,4.614e-16,-0.0001,-2.99,0
FrontS76386,-11.4306,-1.4790,1.019e-18,1.218e-18,1.293e-18,0.0004,-3.03,0
FrontS76387,-11.3995,-1.4099,8.149e-19,1.072e-18,1.320e-18,0.0001,-3.11,0
FrontS76389,-11.3263,-1.3540,1.726e-17,3.346e-17,9.154e-17,0.0001,-2.96,0
FrontS76390,-11.7972,-3.2080,4.574e-17,4.328e-17,2.746e-17,-0.0005,-1.95,0
FrontS76391,-11.2426,-1.4530,6.093e-15,4.113e-15,1.364e-15,0.0006,-3.05,0
FrontS76394,13.6814,1.8036,4.153e-15,6.179e-15,9.941e-15,0.0299,1.26,0
FrontS76395,-2.2724,0.2253,9.609e-18,2.058e-17,7.430e-17,0.0218,-0.19,0
FrontS76396,-2.5148,-0.9183,3.039e-17,2.107e-17,7.208e-18,0.0174,-0.16,0
FrontS76397,4.8736,4.3117,7.619e-15,9.583e-15,1.131e-14,0.029,0.86,0
FrontS76398,9.9022,-0.2104,4.047e-16,6.204e-16,1.063e-15,0.0192,0.72,0
FrontS76399,-24.8462,1.5259,1.964e-16,4.068e-16,1.395e-15,0.0737,-1.32,0
FrontS76400,-5.9163,-1.5157,8.181e-14,8.850e-14,7.496e-14,0.0263,-0.89,0
FrontS76404,3.1535,-1.9760,7.675e-14,8.199e-14,6.569e-14,0.0251,0.47,0
FrontS76405,-16.7374,0.8295,2.093e-14,2.231e-14,1.884e-14,0.0139,-0.73,0
FrontS76406,12.5236,1.2201,7.317e-19,2.104e-18,1.336e-17,0.0281,1.24,0
FrontS76407,11.4109,1.4182,5.948e-17,4.474e-17,1.851e-17,0.0345,1.09,0
FrontS76408,-29.5998,2.9008,8.781e-18,2.568e-17,1.740e-16,0.1031,-1.41,0
FrontS76409,-1.8877,-0.8579,1.731e-13,1.596e-13,9.460e-14,0.0229,-0.21,0
FrontS76410,0.9896,0.0614,1.425e-16,2.621e-16,6.499e-16,0.0287,1.19,0
FrontS76411,41.8663,-5.9425,5.608e-17,1.091e-16,3.232e-16,0.0285,1.82,0
FrontS76412,6.7819,-0.8505,4.682e-15,6.342e-15,8.497e-15,0.0223,0.66,0
FrontS76415,4.3316,-2.8165,1.485e-17,3.419e-17,1.395e-16,0.0247,0.64,0
FrontS76416,-0.0543,-1.9419,5.005e-14,5.644e-14,5.111e-14,0.0286,-0.87,0
FrontS76417,-4.6029,1.8988,7.452e-17,5.242e-17,1.901e-17,0.0289,-0.95,0
FrontS76419,2.5654,-3.3700,8.926e-14,9.848e-14,8.450e-14,0.0356,0.31,0
FrontS76421,8.9149,-3.1736,6.746e-17,1.289e-16,3.494e-16,0.0217,0.72,0
FrontS76422,-0.2104,1.0785,7.462e-13,1.173e-12,2.207e-12,0.0273,-0.21,0
FrontS76424,0.0090,-0.2739,2.402e-18,6.436e-18,3.604e-17,0.0289,2.33,0
FrontS76425,0.0285,-1.8490,9.799e-14,9.699e-14,6.937e-14,0.0278,0.67,0
FrontS76426,25.0448,-2.5681,4.809e-16,8.143e-16,1.702e-15,0.021,1.35,0
FrontS76428,4.6188,1.4714,2.930e-17,5.943e-17,1.844e-16,0.0272,0.91,0
FrontS76429,-12.3756,-0.2832,3.352e-20,1.155e-19,1.098e-18,0.0128,-0.57,0
FrontS76430,3.0266,0.7635,1.124e-18,3.017e-18,1.694e-17,0.0234,0.35,0
FrontS76431,33.2483,-1.2345,4.804e-16,8.093e-16,1.748e-15,0.0327,1.77,0
FrontS76434,-17.4449,1.1065,2.037e-18,4.752e-18,1.997e-17,0.0107,-0.65,0
FrontS76435,3.7175,1.8013,1.613e-18,4.328e-18,2.345e-17,0.0201,0.3,0
FrontS76436,-6.5934,-0.4422,2.441e-16,3.405e-16,4.719e-16,0.009,-0.23,0
FrontS76437,44.5586,3.6119,1.304e-16,2.512e-16,7.069e-16,0.0269,1.77,0
FrontS76438,-6.2707,-2.9748,1.327e-15,2.116e-15,3.921e-15,0.0322,-0.76,0
FrontS76439,-0.0717,1.7700,5.743e-13,1.189e-12,3.957e-12,0.0276,-0.13,0
FrontS76441,-17.6085,-2.1983,6.844e-18,1.701e-17,8.119e-17,0.0351,-1.39,0
FrontS76442,-0.6500,0.0913,1.173e-18,3.030e-18,1.604e-17,0.0273,-0.63,0
FrontS76443,-8.0893,3.4750,3.060e-13,2.751e-13,1.621e-13,0.0258,-0.96,0
FrontS76444,2.3300,-0.3800,5.576e-16,9.437e-16,1.963e-15,0.029,1.06,0
FrontS76445,-29.9501,2.5186,7.226e-19,2.355e-18,1.992e-17,0.0316,-1.74,0
FrontS76446,-6.3409,3.0626,6.825e-17,1.439e-16,4.751e-16,0.0274,-0.93,0
FrontS76447,0.3349,0.3767,9.100e-19,2.540e-18,1.590e-17,0.029,1.69,0
FrontS76448,3.5317,-2.1535,8.015e-13,7.498e-13,4.881e-13,0.0316,0.55,0
FrontS76449,-3.8904,0.2826,1.713e-18,4.667e-18,2.708e-17,0.0239,-0.44,0
FrontS76450,-10.1068,-0.1564,5.786e-15,7.100e-15,7.438e-15,0.0146,-0.47,0
FrontS76451,6.4908,2.3323,3.286e-19,9.981e-19,7.376e-18,0.0215,0.55,0
FrontS76452,-23.6287,-1.4485,1.199e-14,1.410e-14,1.388e-14,0.0201,-1.3,0
FrontS76453,-23.6010,3.3595,2.458e-17,4.977e-17,1.570e-16,0.0213,-1.37,0
FrontS76455,7.4958,2.1473,7.462e-13,6.389e-13,3.457e-13,0.0231,0.75,0
FrontS76457,2.0365,-2.1439,1.069e-17,2.492e-17,1.024e-16,0.0283,1.0,0
FrontS76458,-30.6587,-2.7236,1.642e-18,5.072e-18,3.716e-17,0.0717,-1.49,0
FrontS76459,-7.1633,-1.9239,8.248e-15,1.102e-14,1.406e-14,0.0346,-0.77,0
FrontS76460,32.1920,-0.8046,1.442e-19,4.484e-19,3.453e-18,0.0117,1.03,0
FrontS76461,13.0626,-0.4239,1.148e-13,1.273e-13,1.120e-13,0.0331,1.21,0
FrontS76462,-16.1135,-0.9823,5.146e-18,1.198e-17,5.129e-17,0.032,-1.31,0
FrontS76463,0.6971,2.8769,5.556e-13,1.026e-12,2.583e-12,0.0248,0.11,0
FrontS76467,-2.1698,0.9227,1.060e-18,3.143e-18,2.194e-17,0.0328,-0.32,0
FrontS76469,0.0077,-0.9470,3.477e-18,8.651e-18,4.281e-17,0.028,0.35,0
FrontS76470,14.1721,2.9747,7.801e-18,2.215e-17,1.421e-16,0.0435,1.09,0
FrontS76471,22.6512,-3.3761,6.142e-17,1.242e-16,3.943e-16,0.0296,1.63,0
FrontS76472,3.8903,1.7609,9.855e-15,1.265e-14,1.557e-14,0.028,0.91,0
FrontS76473,-6.9386,-3.3476,6.584e-18,1.421e-17,5.074e-17,0.021,-0.57,0
FrontS76475,6.1035,-0.2062,7.933e-13,7.363e-13,4.583e-13,0.0308,0.86,0
FrontS76477,5.2544,2.4110,1.910e-20,7.191e-20,8.403e-19,0.0242,0.63,0
FrontS76478,-1.0891,2.7867,3.866e-16,6.949e-16,1.649e-15,0.0273,-0.95,0
FrontS76480,-2.2703,3.4203,1.358e-14,1.624e-14,1.658e-14,0.0289,-0.84,0
FrontS76481,2.7812,-4.2849,1.777e-13,1.765e-13,1.276e-13,0.0238,0.37,0
FrontS76482,-1.2638,-0.6221,3.070e-19,8.860e-19,5.734e-18,0.0272,-0.56,0
FrontS76483,-22.7549,-0.2848,2.001e-14,2.411e-14,2.548e-14,0.0271,-1.54,0
FrontS76485,-0.4645,-1.7858,4.455e-15,6.039e-15,7.902e-15,0.0277,-1.04,0
FrontS76486,7.7889,5.0509,1.878e-20,7.550e-20,1.001e-18,0.0296,0.97,0
FrontS76487,-3.2160,0.5145,2.609e-14,3.219e-14,3.648e-14,0.0268,-0.8,0
FrontS76488,7.3169,1.0350,7.079e-09,5.678e-09,2.590e-09,0.0097,0.28,1
FrontS76489,-34.5787,1.3700,2.645e-17,5.638e-17,1.943e-16,0.0274,-1.76,0
FrontS76490,-0.0434,2.8666,4.066e-17,8.484e-17,2.765e-16,0.0275,-0.05,0
FrontS76492,0.2863,-6.2241,8.168e-18,2.045e-17,9.712e-17,0.028,0.24,0
FrontS76493,1.8502,-0.3666,7.589e-17,1.546e-16,5.079e-16,0.0269,0.73,0
FrontS76496,13.3626,-0.8383,1.708e-17,4.408e-17,2.222e-16,0.0397,1.07,0
FrontS76498,5.9827,-2.7623,4.570e-17,8.890e-17,2.631e-16,0.0185,0.44,0
FrontS76499,17.6434,0.4950,1.876e-16,3.589e-16,9.958e-16,0.0487,1.2,0
FrontS76500,17.2441,-1.2020,1.384e-12,2.983e-12,1.043e-11,0.0244,1.32,0
FrontS76501,13.4739,2.1645,5.757e-18,1.186e-17,3.973e-17,0.0155,0.68,0
FrontS76502,34.7035,2.6338,2.474e-13,2.191e-13,1.288e-13,0.0206,1.52,0
FrontS76503,3.1010,-1.1502,4.965e-17,9.879e-17,2.998e-16,0.0332,0.42,0
FrontS76506,-21.4868,-1.9554,1.375e-13,1.547e-13,1.413e-13,0.0433,-1.43,0
FrontS76507,-19.7478,-6.5217,3.564e-18,8.933e-18,4.382e-17,0.0295,-1.48,0
FrontS76508,-1.9747,-3.2811,3.402e-14,4.054e-14,4.185e-14,0.0297,-0.74,0
FrontS76509,-0.0205,-0.4784,2.971e-17,5.906e-17,1.759e-16,0.028,-0.22,0
FrontS76510,-27.9567,1.2727,5.698e-17,3.850e-17,1.280e-17,0.0211,-1.36,0
FrontS76511,3.6091,2.9468,4.682e-18,1.216e-17,6.296e-17,0.0291,0.92,0
FrontS76512,-16.2227,-1.4900,1.690e-16,2.800e-16,5.563e-16,0.0129,-0.66,0
FrontS76515,-25.2966,1.0180,7.618e-13,6.433e-13,3.388e-13,0.021,-1.37,0
FrontS76516,1.6232,2.8469,3.792e-19,1.151e-18,8.390e-18,0.027,0.64,0
FrontS76518,30.5777,0.4470,1.311e-19,4.446e-19,4.186e-18,0.0203,1.44,0
FrontS76519,2.0849,0.6256,8.854e-13,1.731e-12,4.989e-12,0.02,0.17,0
FrontS76520,4.6591,-3.4545,6.417e-16,1.047e-15,2.078e-15,0.0232,0.56,0
FrontS76521,19.3677,-2.1999,2.148e-15,2.895e-15,4.033e-15,0.0211,1.18,0
FrontS76522,-1.8463,0.9048,3.176e-16,5.489e-16,1.220e-15,0.0261,-0.37,0
FrontS76523,-16.8520,-0.4307,1.367e-14,1.687e-14,1.877e-14,0.0228,-1.25,0
FrontS76524,30.5900,-1.6790,8.073e-16,1.246e-15,2.269e-15,0.031,1.75,0
FrontS76526,-6.8865,-0.1949,3.367e-20,1.299e-19,1.608e-18,0.0255,-0.82,0
FrontS76528,0.4734,1.3445,1.025e-12,2.634e-12,1.374e-11,0.0266,0.39,0
FrontS76529,-9.7038,-0.7376,1.373e-17,3.215e-17,1.321e-16,0.0197,-0.73,0
FrontS76530,8.1586,0.0161,8.872e-19,2.324e-18,1.217e-17,0.0149,0.45,0
FrontS76531,-7.0847,3.9558,2.167e-17,4.800e-17,1.832e-16,0.0287,-1.0,0
FrontS76533,-1.7184,-4.3196,1.115e-13,1.121e-13,8.074e-14,0.0294,-0.87,0
FrontS76534,-2.1013,1.1579,7.374e-17,5.124e-17,1.832e-17,0.0277,-0.98,0
FrontS76535,-8.4216,-2.3299,8.887e-13,1.878e-12,6.663e-12,0.0295,-1.0,0
FrontS76536,1.5784,-0.1885,2.591e-17,6.492e-17,3.177e-16,0.0428,0.14,0
FrontS76537,5.8789,0.1424,4.619e-17,3.251e-17,1.151e-17,0.0207,0.5,0
FrontS76538,-4.7251,-4.6392,1.581e-16,2.697e-16,5.924e-16,0.026,-0.78,0
FrontS76539,-2.5432,1.3837,8.875e-17,1.833e-16,5.863e-16,0.025,-0.38,0
FrontS76540,11.5348,-0.0030,6.910e-14,7.191e-14,5.559e-14,0.0225,0.96,0
FrontS76542,-11.9546,0.8130,9.150e-20,3.348e-19,3.508e-18,0.0311,-1.22,0
FrontS76543,-43.1921,-3.0855,1.562e-15,2.497e-15,4.594e-15,0.0347,-1.87,0
FrontS76544,41.2294,10.0349,3.982e-12,3.706e-12,2.290e-12,0.0727,1.71,0
FrontS76546,6.0586,-0.9715,4.784e-15,6.826e-15,1.009e-14,0.0328,0.72,0
FrontS76547,2.9672,-0.2148,2.081e-18,5.646e-18,3.162e-17,0.0184,0.2,0
FrontS76549,7.5727,0.3299,7.661e-18,1.856e-17,8.556e-17,0.0187,0.53,0
FrontS76551,16.1171,2.9082,7.683e-18,1.889e-17,8.618e-17,0.0412,1.23,0
FrontS76552,6.8484,-2.2797,4.195e-15,5.488e-15,6.975e-15,0.018,0.48,0
FrontS76553,3.1034,-0.7757,5.645e-15,7.495e-15,9.746e-15,0.0301,0.75,0
FrontS76555,-14.9397,1.4047,3.258e-16,5.355e-16,1.078e-15,0.018,-0.88,0
FrontS76556,42.8224,3.2844,1.490e-18,4.870e-18,4.014e-17,0.0788,1.74,0
FrontS76557,-36.1163,-4.3730,1.128e-08,7.710e-09,2.678e-09,0.0261,-1.68,0
FrontS76558,9.2142,-2.9788,3.810e-20,1.352e-19,1.348e-18,0.0229,0.78,0
FrontS76559,-9.3381,0.0259,5.003e-15,8.065e-15,1.571e-14,0.0101,-0.38,0
FrontS76560,5.0094,3.2708,5.785e-16,1.015e-15,2.344e-15,0.0334,0.62,0
FrontS76561,10.9704,-2.0522,5.713e-17,1.124e-16,3.431e-16,0.0344,1.07,0
FrontS76562,-7.9575,-0.0334,8.104e-16,1.171e-15,1.801e-15,0.0213,-0.66,0
FrontS76563,-3.1393,1.9797,2.554e-17,5.543e-17,1.923e-16,0.0287,-0.96,0
FrontS76564,29.6322,0.7009,1.367e-17,2.571e-17,6.597e-17,0.0092,0.9,0
FrontS76565,-11.8760,-0.1068,1.232e-14,1.577e-14,1.824e-14,0.0302,-1.23,0
FrontS76566,-5.9573,1.6180,1.099e-20,5.158e-20,9.314e-19,0.0259,-0.88,0
FrontS76567,5.2983,1.0943,3.464e-20,1.259e-19,1.284e-18,0.0196,0.42,0
FrontS76568,-0.2839,-0.8287,3.138e-17,7.123e-17,2.856e-16,0.0323,-0.05,0
FrontS76569,-21.9521,1.4347,6.044e-17,4.142e-17,1.424e-17,0.0227,-1.34,0
FrontS76570,0.8205,2.2256,7.586e-14,7.871e-14,6.104e-14,0.0242,0.1,0
FrontS76571,7.8125,-0.2262,2.218e-17,1.499e-17,5.050e-18,0.0136,0.37,0
FrontS76572,-34.1244,-3.1195,7.970e-16,1.140e-15,1.666e-15,0.0178,-1.34,0
FrontS76573,2.1199,-2.7585,1.442e-15,2.190e-15,3.839e-15,0.0289,0.9,0
FrontS76574,-17.6399,-6.6412,1.622e-15,2.397e-15,3.725e-15,0.024,-1.37,0
FrontS76575,-0.8231,-5.6570,1.305e-13,2.189e-13,4.522e-13,0.0206,-0.07,0
FrontS76576,-4.0542,22.5906,2.300e-15,3.615e-15,6.530e-15,0.0421,-0.28,0
FrontS76577,-18.4169,4.2791,8.180e-17,1.601e-16,4.589e-16,0.0262,-1.4,0
FrontS76578,-35.9627,29.0149,2.809e-14,3.137e-14,2.841e-14,0.0224,-1.47,0
FrontS76579,0.1219,10.6476,3.663e-19,9.467e-19,5.041e-18,0.0215,0.0,0
FrontS76580,4.3973,-8.0817,5.963e-16,1.025e-15,2.313e-15,0.0301,0.79,0
FrontS76581,-10.4019,12.3814,1.941e-15,2.919e-15,5.039e-15,0.0258,-1.22,0
FrontS76582,-6.9140,-17.6112,4.043e-08,3.254e-08,1.598e-08,0.0247,-1.03,1
FrontS76583,17.8102,-10.1032,5.077e-16,8.846e-16,2.012e-15,0.0272,1.43,0
FrontS76584,36.0388,-12.7170,9.110e-17,1.803e-16,5.305e-16,0.0327,1.79,0
FrontS76585,5.2843,-4.0623,2.971e-14,3.246e-14,2.763e-14,0.0173,0.35,0
FrontS76586,2.6601,14.4897,2.610e-17,5.945e-17,2.377e-16,0.026,0.82,0
FrontS76587,12.0350,10.2797,5.602e-13,5.013e-13,2.842e-13,0.0231,1.09,0
FrontS76588,-12.2298,3.3007,6.621e-15,8.125e-15,9.123e-15,0.0183,-0.76,0
FrontS76589,6.2746,-7.5335,3.182e-08,2.389e-08,9.822e-09,0.0274,0.96,0
FrontS76590,9.9703,-2.7942,1.260e-12,1.083e-12,5.831e-13,0.0266,1.07,0
FrontS76591,4.4419,7.8697,5.642e-12,4.723e-12,2.399e-12,0.0467,0.36,0
FrontS76592,-2.6609,3.4793,5.585e-17,1.101e-16,3.376e-16,0.0244,-0.45,0
FrontS76593,-3.5491,-6.0544,1.041e-15,1.653e-15,3.014e-15,0.0262,-0.64,0
FrontS76594,-7.0461,-7.2574,9.888e-12,7.606e-12,3.205e-12,0.0303,-0.99,1
FrontS76595,-35.0283,21.0768,3.865e-13,3.737e-13,2.570e-13,0.0396,-1.74,0
FrontS76596,-1.3719,-3.2559,8.349e-18,1.703e-17,5.474e-17,0.0274,-0.54,0
FrontS76597,-0.1380,6.8817,9.758e-17,6.634e-17,2.131e-17,0.0265,-0.05,0
FrontS76598,-8.0284,-5.7988,7.638e-14,7.154e-14,4.315e-14,0.0208,-0.68,0
FrontS76599,-3.1623,9.4485,3.072e-15,4.126e-15,5.417e-15,0.017,-0.22,0
FrontS76601,17.3688,0.1811,4.802e-19,1.288e-18,7.045e-18,0.0249,1.31,0
FrontS76602,-6.6719,2.3852,1.181e-15,2.081e-15,4.851e-15,0.0503,-0.53,0
FrontS76603,-1.3533,7.3274,2.048e-13,2.010e-13,1.410e-13,0.0273,-0.82,0
FrontS76604,7.7969,-9.5560,2.342e-12,1.844e-12,8.103e-13,0.0202,0.6,0
FrontS76605,-0.4992,-3.4830,1.955e-16,1.357e-16,4.533e-17,0.0414,-0.04,0
FrontS76606,9.6055,2.2466,5.987e-13,1.250e-12,4.102e-12,0.0268,1.09,0
FrontS76607,-18.4548,6.9541,3.214e-18,7.888e-18,3.627e-17,0.0224,-1.29,0
FrontS76608,-4.5645,-11.7679,7.534e-17,1.420e-16,3.730e-16,0.0217,-0.5,0
FrontS76609,-4.2821,-10.6892,5.483e-15,7.381e-15,9.829e-15,0.0269,-1.01,0
FrontS76610,-8.4760,7.7541,6.671e-13,1.191e-12,2.826e-12,0.0393,-0.73,0
FrontS76611,3.2615,13.3643,2.259e-15,3.529e-15,6.295e-15,0.0353,0.34,0
FrontS76612,-6.7584,-20.1666,1.299e-17,2.836e-17,1.006e-16,0.0368,-0.54,0
FrontS76613,-8.1433,-21.5390,3.235e-12,5.795e-12,1.378e-11,0.0436,-0.58,0
FrontS76614,-5.0034,0.0889,1.694e-13,2.012e-13,2.107e-13,0.0566,-0.37,0
FrontS76615,-8.8110,-12.1800,7.601e-17,1.356e-16,3.199e-16,0.0234,-0.93,0
FrontS76616,2.1515,9.4479,5.249e-13,4.825e-13,3.008e-13,0.0318,0.34,0
FrontS76617,5.6528,15.1235,1.546e-13,1.584e-13,1.216e-13,0.0394,0.49,0
FrontS76618,-22.1869,-21.3595,9.514e-18,2.291e-17,1.056e-16,0.0302,-1.48,0
FrontS76619,14.7492,-12.7749,1.121e-17,2.385e-17,8.240e-17,0.0208,1.08,0
FrontS76620,5.8518,-8.3098,5.720e-19,1.659e-18,1.119e-17,0.025,0.96,0
FrontS76621,-9.6913,14.2346,1.682e-13,1.855e-13,1.610e-13,0.0512,-0.67,0
FrontS76622,-26.5286,-6.9423,1.677e-14,1.840e-14,1.634e-14,0.0212,-1.39,0
FrontS76623,-9.0516,6.8868,1.513e-11,1.139e-11,4.618e-12,0.0249,-1.05,0
FrontS76624,18.8736,-1.2934,7.569e-13,7.215e-13,4.571e-13,0.0316,1.47,0
FrontS76625,14.3604,7.1395,1.064e-13,1.164e-13,9.956e-14,0.03,1.26,0
FrontS76626,13.8894,-4.5062,1.938e-12,2.914e-12,4.804e-12,0.0273,1.22,0
FrontS76628,5.9052,-12.4064,1.290e-18,3.625e-18,2.229e-17,0.0263,0.99,0
FrontS76629,-1.3700,11.7792,3.425e-17,7.654e-17,2.851e-16,0.0221,-0.2,0
FrontS76630,6.5386,-4.2873,3.472e-15,4.836e-15,7.020e-15,0.0242,0.8,0
FrontS76631,3.5275,-1.3153,3.072e-16,5.087e-16,1.041e-15,0.0226,0.36,0
FrontS76632,17.0821,5.3710,1.809e-17,3.922e-17,1.420e-16,0.0266,1.35,0
FrontS76633,-34.3320,19.8263,2.610e-13,2.899e-13,2.618e-13,0.0514,-1.67,0
FrontS76634,19.0112,0.1682,1.794e-12,1.463e-12,7.075e-13,0.0253,1.4,0
FrontS76635,5.2627,-0.9401,4.881e-18,1.256e-17,6.390e-17,0.0212,0.45,0
FrontS76636,11.3734,5.5595,1.599e-13,1.543e-13,1.033e-13,0.0224,0.93,0
FrontS76637,13.4875,-7.4228,3.486e-13,3.358e-13,2.271e-13,0.026,1.16,0
FrontS76638,-17.5821,6.4356,3.099e-13,3.044e-13,2.135e-13,0.035,-1.39,0
FrontS76639,7.7793,-20.3075,1.210e-14,1.619e-14,2.140e-14,0.0357,0.76,0
FrontS76640,15.7343,18.1485,1.488e-17,3.409e-17,1.372e-16,0.0237,1.24,0
FrontS76641,-36.9490,2.6056,6.917e-13,6.534e-13,4.032e-13,0.0318,-1.84,0
FrontS76642,7.9760,-0.3843,1.011e-11,7.234e-12,2.822e-12,0.0209,0.64,0
FrontS76644,7.2805,2.3052,7.159e-19,2.105e-18,1.424e-17,0.0269,0.99,0
FrontS76645,2.9651,-6.0326,5.091e-13,1.111e-12,4.150e-12,0.0217,0.28,0
FrontS76646,14.4601,14.0257,2.543e-13,2.397e-13,1.519e-13,0.0264,1.31,0
FrontS76647,-9.2360,11.0131,1.362e-12,1.132e-12,5.789e-13,0.0269,-1.07,0
FrontS76648,-6.7087,-7.9609,1.178e-17,2.596e-17,9.742e-17,0.03,-1.02,0
FrontS76649,-20.2120,18.7502,3.293e-17,6.993e-17,2.448e-16,0.0239,-1.41,0
FrontS76650,-11.0966,-6.6757,7.878e-20,2.938e-19,3.380e-18,0.0266,-1.15,0
FrontS76651,-9.2595,4.0160,6.190e-19,1.529e-18,7.011e-18,0.0221,-0.8,0
FrontS76652,12.2440,10.2915,6.733e-13,1.231e-12,3.105e-12,0.0229,1.03,0
FrontS76653,-7.3588,-0.4835,4.506e-14,4.862e-14,4.106e-14,0.0216,-0.62,0
FrontS76654,-20.5301,12.9539,5.728e-13,7.519e-13,9.487e-13,0.0278,-1.52,0
FrontS76655,13.1136,13.2149,1.360e-12,1.142e-12,5.741e-13,0.0312,1.25,0
FrontS76656,-0.0055,-5.7314,5.503e-14,5.890e-14,4.950e-14,0.0241,0.0,0
FrontS76657,0.5827,6.6549,2.409e-12,2.107e-12,1.156e-12,0.0347,0.07,0
FrontS76658,-7.4889,6.6305,4.664e-13,7.929e-13,1.738e-12,0.0276,-1.05,0
FrontS76659,14.8412,-0.0181,4.285e-14,5.153e-14,5.413e-14,0.0268,1.22,0
FrontS76660,-4.3754,-5.6635,2.589e-18,6.781e-18,3.573e-17,0.023,-0.5,0
FrontS76661,3.3859,-16.6224,2.759e-17,6.038e-17,2.144e-16,0.0392,0.33,0
FrontS76662,-10.0078,15.6367,6.712e-19,2.003e-18,1.437e-17,0.0246,-1.13,0
FrontS76663,9.5340,-8.7489,1.682e-14,2.219e-14,2.734e-14,0.0389,0.84,0
FrontS76664,-4.2170,17.2312,1.573e-15,2.275e-15,3.543e-15,0.0231,-0.7,0
FrontS76665,18.3442,13.8468,1.992e-16,3.658e-16,9.168e-16,0.0221,1.25,0
FrontS76666,-31.6076,-5.8356,9.975e-14,1.058e-13,8.711e-14,0.0394,-1.74,0
FrontS76667,-3.5789,0.2207,1.568e-17,3.859e-17,1.776e-16,0.0308,-0.7,0
FrontS76668,1.5876,3.0714,1.013e-13,1.053e-13,8.088e-14,0.027,0.49,0
FrontS76669,20.5618,8.0976,1.258e-15,1.964e-15,3.719e-15,0.0307,1.51,0
FrontS76670,-27.2774,-12.8603,2.229e-18,6.756e-18,4.937e-17,0.0439,-1.55,0
FrontS76671,-8.5891,-8.4021,1.246e-17,2.926e-17,1.225e-16,0.037,-0.75,0
FrontS76672,-12.5130,0.2682,2.845e-14,3.226e-14,2.928e-14,0.0203,-0.91,0
FrontS76673,-28.4871,-13.1676,7.129e-18,2.020e-17,1.310e-16,0.0362,-1.62,0
FrontS76674,19.8506,-6.4118,3.651e-12,2.858e-12,1.201e-12,0.0366,1.45,0
FrontS76675,-16.8179,-0.0157,1.223e-14,1.517e-14,1.639e-14,0.0222,-1.22,0
FrontS76676,1.3932,2.6374,7.872e-18,1.952e-17,8.965e-17,0.0212,0.12,0
FrontS76677,4.4906,-1.2296,1.372e-13,2.768e-13,8.648e-13,0.025,0.61,0
FrontS76678,-12.8833,-8.2192,5.961e-18,1.471e-17,6.828e-17,0.0199,-0.96,0
FrontS76679,7.1514,17.5976,4.758e-13,4.558e-13,3.127e-13,0.0268,1.11,0
FrontS76680,-3.0287,-6.6027,1.969e-18,5.081e-18,2.707e-17,0.0181,-0.2,0
FrontS76681,10.6217,-10.6571,2.906e-14,3.125e-14,2.628e-14,0.0231,0.95,0
FrontS76682,1.8904,-9.0964,1.302e-08,9.255e-09,3.482e-09,0.0177,0.15,0
FrontS76683,16.9022,4.5887,1.048e-18,2.596e-18,1.239e-17,0.027,1.34,0
FrontS76684,17.3018,3.7256,1.587e-13,1.650e-13,1.310e-13,0.0277,1.36,0
FrontS76685,-19.0119,-3.0485,1.861e-13,1.823e-13,1.250e-13,0.0283,-1.48,0
FrontS76686,-17.3400,0.6926,6.441e-12,4.674e-12,1.810e-12,0.0273,-1.36,0
FrontS76687,16.5848,-3.7007,1.453e-15,2.216e-15,3.952e-15,0.0254,1.3,0
FrontS76688,16.1219,-1.1173,1.727e-14,2.121e-14,2.370e-14,0.0272,1.3,0
FrontS76689,11.3547,1.5977,2.055e-13,1.905e-13,1.180e-13,0.0271,1.16,0
FrontS76690,-11.7596,2.5329,1.243e-13,1.249e-13,9.024e-14,0.0277,-1.21,0
FrontS76691,9.5778,-2.6457,1.828e-17,3.812e-17,1.304e-16,0.0268,1.13,0
FrontS76692,7.8223,-2.9845,3.433e-16,6.190e-16,1.548e-15,0.0295,0.98,0
FrontS76693,-19.2367,1.1475,3.615e-16,6.055e-16,1.247e-15,0.0256,-1.41,0
FrontS76694,22.0101,-1.9779,2.722e-13,2.602e-13,1.722e-13,0.0283,1.58,0
FrontS76695,14.4340,-2.6403,4.636e-14,4.895e-14,3.909e-14,0.0263,1.22,0
FrontS76696,12.6652,0.4230,1.077e-14,1.378e-14,1.605e-14,0.0245,1.08,0
FrontS76697,8.1913,-1.9052,2.210e-12,4.626e-12,1.542e-11,0.026,0.98,0
FrontS76698,-17.4729,-0.2831,5.551e-18,1.421e-17,6.899e-17,0.0258,-1.37,0
FrontS76699,24.3148,-0.2091,3.267e-15,4.355e-15,5.594e-15,0.0263,1.57,0
FrontS76700,-21.0471,0.8871,8.313e-19,2.213e-18,1.194e-17,0.0229,-1.41,0
FrontS76701,16.7798,4.4155,2.164e-12,1.818e-12,9.064e-13,0.0266,1.37,0
FrontS76702,16.7176,-0.6317,7.945e-16,1.203e-15,2.034e-15,0.0264,1.32,0
FrontS76703,-11.4326,-1.7769,1.003e-15,1.498e-15,2.455e-15,0.0269,-1.17,0
FrontS76704,14.9135,-1.6249,7.041e-18,1.856e-17,9.827e-17,0.0246,1.24,0
FrontS76705,-17.6675,0.8591,3.333e-14,3.904e-14,3.715e-14,0.0299,-1.4,0
FrontS76706,-13.0673,0.9297,4.582e-16,7.964e-16,1.821e-15,0.026,-1.16,0
FrontS76707,-8.6757,2.3466,2.219e-19,7.737e-19,7.418e-18,0.0266,-0.98,0
FrontS76708,-17.5837,-1.9372,3.840e-13,3.598e-13,2.310e-13,0.0264,-1.36,0
FrontS76709,-15.1046,-1.1148,1.891e-16,3.714e-16,1.089e-15,0.0295,-1.26,0
FrontS76710,15.6739,-0.6163,3.692e-10,2.406e-10,7.614e-11,0.025,1.24,0
FrontS76711,17.4929,-5.0156,1.697e-12,3.240e-12,8.889e-12,0.0262,1.39,0
FrontS76712,-18.7035,-1.7361,1.101e-18,3.014e-18,1.749e-17,0.0256,-1.4,0
FrontS76713,-17.9299,-0.3645,1.573e-13,2.933e-13,7.384e-13,0.0241,-1.36,0
FrontS76714,-23.2788,-2.6137,2.964e-13,2.803e-13,1.848e-13,0.0244,-1.49,0
FrontS76715,-16.4910,3.4460,3.748e-15,5.338e-15,7.575e-15,0.03,-1.31,0
FrontS76716,10.7409,-1.1387,4.934e-16,7.836e-16,1.509e-15,0.0275,1.18,0
FrontS76717,18.3298,-3.0567,3.996e-13,6.872e-13,1.596e-12,0.0273,1.41,0
FrontS76718,-10.1428,2.1914,2.561e-08,1.785e-08,6.343e-09,0.0283,-1.16,0
FrontS76719,-20.4423,3.5577,2.554e-17,5.458e-17,1.904e-16,0.0266,-1.44,0
FrontS76720,22.3467,2.7259,1.610e-13,1.571e-13,1.093e-13,0.0265,1.52,0
FrontS76721,15.8518,1.0679,1.522e-12,1.358e-12,7.996e-13,0.0281,1.29,0
FrontS76722,25.0411,0.8599,3.886e-08,3.062e-08,1.386e-08,0.0281,1.61,1
FrontS76723,-21.0020,-0.6738,2.118e-19,6.616e-19,5.012e-18,0.0267,-1.52,0
FrontS76724,4.0206,0.1993,3.813e-15,5.071e-15,6.705e-15,0.0286,0.98,0
FrontS76725,-20.5280,1.4102,1.001e-14,1.245e-14,1.472e-14,0.0242,-1.4,0
FrontS76726,15.7852,1.0159,9.411e-09,6.211e-09,2.037e-09,0.0264,1.22,0
FrontS76727,12.0518,-0.6266,5.706e-15,7.602e-15,9.794e-15,0.0311,1.26,0
FrontS76728,-21.0287,-0.7383,3.859e-13,3.499e-13,2.157e-13,0.0228,-1.34,0
FrontS76729,9.7630,1.8110,2.026e-12,3.762e-12,9.871e-12,0.026,1.06,0
FrontS76730,18.3109,-3.5218,2.351e-15,3.206e-15,4.398e-15,0.025,1.4,0
FrontS76731,28.0358,3.8210,4.150e-13,3.962e-13,2.558e-13,0.0253,1.59,0
FrontS76732,19.8385,-3.9267,2.025e-15,2.994e-15,4.882e-15,0.0285,1.47,0
FrontS76733,-22.1193,1.8823,1.135e-16,2.205e-16,6.211e-16,0.0255,-1.49,0
FrontS76734,21.5716,-0.1871,7.912e-14,8.229e-14,6.653e-14,0.0264,1.52,0
FrontS76735,-20.0471,3.7777,4.470e-17,9.276e-17,3.114e-16,0.0245,-1.42,0
FrontS76736,13.6412,0.7318,4.574e-16,7.944e-16,1.827e-15,0.0244,1.13,0
FrontS76737,13.0431,-0.0814,4.207e-15,5.353e-15,6.454e-15,0.0268,1.17,0
FrontS76738,-18.7891,-0.1548,1.635e-12,1.389e-12,7.216e-13,0.024,-1.38,0
FrontS76739,-17.8701,3.5993,1.321e-15,2.070e-15,3.776e-15,0.0285,-1.4,0
FrontS76740,-18.0707,-1.6377,6.329e-15,8.355e-15,1.084e-14,0.027,-1.41,0
FrontS76741,16.4722,-1.3524,7.624e-15,9.900e-15,1.240e-14,0.0255,1.29,0
FrontS76742,-22.9103,1.4434,4.974e-17,3.539e-17,1.349e-17,0.026,-1.52,0
FrontS76743,-24.1683,-1.7230,2.591e-17,5.747e-17,2.090e-16,0.0239,-1.45,0
FrontS76744,16.6570,0.4460,2.795e-13,2.605e-13,1.634e-13,0.0225,1.25,0
FrontS76745,-26.0395,-1.2115,3.786e-14,4.309e-14,4.048e-14,0.0259,-1.57,0
FrontS76746,-15.6894,3.4132,2.467e-18,6.240e-18,2.984e-17,0.0266,-1.27,0
FrontS76747,27.1668,2.3326,5.984e-16,9.935e-16,2.047e-15,0.0253,1.57,0
FrontS76748,-9.2044,2.1543,6.340e-13,5.714e-13,3.189e-13,0.0232,-0.93,0
FrontS76749,-24.7117,0.6889,2.746e-12,2.188e-12,1.022e-12,0.0268,-1.55,0
FrontS76750,21.2768,-2.2583,3.985e-15,5.391e-15,7.123e-15,0.0245,1.5,0
FrontS76751,19.3264,-5.8621,6.017e-12,4.596e-12,1.937e-12,0.0261,1.45,1
FrontS76752,21.4486,-3.1179,8.459e-12,6.201e-12,2.431e-12,0.0238,1.45,0
FrontS76753,16.7441,0.4962,1.512e-17,3.826e-17,1.931e-16,0.0268,1.34,0
FrontS76754,12.7179,0.5685,8.983e-12,7.105e-12,3.090e-12,0.029,1.26,1
FrontS76756,-25.0814,-1.3905,8.007e-13,1.389e-12,3.130e-12,0.0241,-1.48,0
FrontS76757,19.8488,1.7476,2.504e-14,2.946e-14,2.947e-14,0.0239,1.35,0
FrontS76758,26.4552,-1.9750,4.615e-18,1.136e-17,5.384e-17,0.0239,1.53,0
FrontS76759,-29.7128,-0.7679,3.573e-14,3.943e-14,3.443e-14,0.0248,-1.61,0
FrontS76760,-20.2807,-1.5795,3.545e-20,1.462e-19,1.997e-18,0.025,-1.46,0
FrontS76761,23.2160,0.1310,5.680e-15,7.537e-15,9.417e-15,0.0267,1.57,0
FrontS76762,-25.4773,2.0529,2.827e-12,2.328e-12,1.143e-12,0.0252,-1.55,0
FrontS76763,26.0488,-1.6623,1.847e-08,1.298e-08,4.655e-09,0.0237,1.48,0
FrontS76764,-25.2298,-2.5210,9.245e-16,1.498e-15,2.967e-15,0.0235,-1.48,0
FrontS76765,-20.5886,0.2317,2.012e-13,3.406e-13,7.563e-13,0.0239,-1.46,0
FrontS76766,21.0886,4.4713,5.261e-13,1.054e-12,3.155e-12,0.0246,1.43,0
FrontS76767,-32.1123,2.2866,1.079e-16,2.030e-16,5.349e-16,0.0244,-1.61,0
FrontS76768,28.7090,0.6635,1.385e-13,1.412e-13,1.054e-13,0.0249,1.61,0
FrontS76769,36.8643,3.6562,8.231e-14,8.499e-14,6.377e-14,0.0251,1.69,0
FrontS76770,28.1947,1.8764,6.531e-13,5.705e-13,3.163e-13,0.0234,1.52,0
FrontS76771,20.4396,0.4611,1.423e-17,3.336e-17,1.382e-16,0.0246,1.47,0
FrontS76772,-23.9223,2.3858,3.951e-13,3.469e-13,1.942e-13,0.0239,-1.47,0
FrontS76773,18.8348,1.1000,3.961e-13,7.083e-13,1.673e-12,0.0227,1.29,0
FrontS76774,25.5753,-0.9855,2.833e-14,3.251e-14,3.002e-14,0.0235,1.48,0
FrontS76775,-21.3741,-0.2639,4.048e-16,6.970e-16,1.560e-15,0.0257,-1.45,0
FrontS76776,-26.7673,2.1584,4.713e-16,7.912e-16,1.667e-15,0.0231,-1.54,0
FrontS76777,20.4855,-2.5990,5.228e-13,9.045e-13,2.037e-12,0.0232,1.4,0
FrontS76778,-24.1596,-1.0941,3.311e-12,2.648e-12,1.258e-12,0.0235,-1.45,0
FrontS76779,34.6247,0.5550,8.809e-14,8.917e-14,6.663e-14,0.0232,1.62,0
FrontS76780,38.5932,0.2175,1.283e-14,1.587e-14,1.763e-14,0.0237,1.66,0
FrontS76781,-36.1291,-1.4223,3.281e-15,4.318e-15,5.438e-15,0.0226,-1.61,0
FrontS76782,-35.5736,0.4184,5.606e-13,4.763e-13,2.518e-13,0.0219,-1.58,0
FrontS76783,-27.3049,-0.9398,7.669e-09,5.684e-09,2.202e-09,0.0236,-1.48,0
FrontS76785,38.3875,-0.5929,9.523e-13,8.209e-13,4.383e-13,0.0217,1.62,0
FrontS76786,-34.4070,3.1044,8.625e-12,6.458e-12,2.541e-12,0.0237,-1.61,0
FrontS76787,33.3685,-0.1222,5.989e-13,5.090e-13,2.651e-13,0.0235,1.58,0
FrontS76788,26.1281,2.3683,8.551e-16,1.364e-15,2.551e-15,0.0228,1.48,0
FrontS76789,-37.8329,1.4352,2.193e-14,2.373e-14,2.030e-14,0.0224,-1.6,0
FrontS76790,-28.6328,-0.8302,3.193e-12,2.541e-12,1.139e-12,0.0243,-1.59,1
FrontS76791,-39.9612,2.6364,1.633e-12,1.348e-12,6.627e-13,0.0237,-1.69,0
FrontS76792,32.8966,-1.0090,8.507e-17,5.778e-17,1.952e-17,0.0252,1.66,0
FrontS76793,30.3640,0.4734,1.503e-14,1.767e-14,1.808e-14,0.0242,1.64,0
FrontS76794,31.6806,1.2495,1.088e-13,1.713e-13,3.143e-13,0.022,1.51,0
FrontS76795,-31.9448,2.9620,1.524e-13,1.462e-13,9.586e-14,0.0218,-1.56,0
FrontS76796,-25.6922,-2.4342,2.896e-14,3.350e-14,3.269e-14,0.0251,-1.55,0
FrontS76797,37.2407,-2.6505,3.656e-18,9.363e-18,4.791e-17,0.0222,1.6,0
FrontS76798,-42.8433,0.4862,7.476e-17,1.335e-16,3.259e-16,0.0213,-1.65,0
FrontS76799,27.0583,-0.6859,2.098e-08,1.501e-08,5.574e-09,0.0237,1.54,0
FrontS76800,-33.6918,-0.6013,6.701e-18,1.653e-17,7.765e-17,0.0206,-1.51,0
FrontS76801,29.6039,-0.9559,1.389e-15,1.962e-15,2.912e-15,0.0209,1.46,0
FrontS76802,-38.9063,-2.7862,1.460e-08,1.442e-08,1.030e-08,0.0231,-1.65,1
FrontS76803,33.6800,2.0172,3.211e-16,5.712e-16,1.330e-15,0.0241,1.64,0
FrontS76804,-37.6513,4.1046,8.604e-09,6.197e-09,2.309e-09,0.0214,-1.58,0
FrontS76805,-36.7521,-0.8243,1.446e-12,1.178e-12,5.540e-13,0.0229,-1.64,0
FrontS76806,-26.8853,-1.2034,8.098e-13,6.438e-13,2.933e-13,0.0217,-1.4,0
FrontS76807,-35.2361,-2.3972,1.329e-15,2.032e-15,3.581e-15,0.0236,-1.62,0
FrontS76808,-33.0873,0.2798,7.417e-16,1.208e-15,2.377e-15,0.0229,-1.56,0
FrontS76810,-33.8036,-0.5185,7.342e-17,1.368e-16,3.733e-16,0.0204,-1.51,0
FrontS76811,38.1369,-3.9089,1.620e-12,4.020e-12,1.900e-11,0.0236,1.64,0
FrontS76812,-34.2669,5.6885,2.847e-13,2.579e-13,1.595e-13,0.0218,-1.56,0
FrontS76814,37.7700,0.4287,4.109e-18,9.738e-18,4.168e-17,0.0255,1.69,0
FrontS76815,35.0287,5.6761,3.591e-15,4.574e-15,5.300e-15,0.0204,1.56,0
FrontS76816,-31.3000,-5.5304,1.312e-11,3.878e-11,2.709e-10,0.0238,-1.56,0
FrontS76817,-38.9624,-0.5138,1.757e-13,1.738e-13,1.260e-13,0.0229,-1.64,0
FrontS76818,-28.8762,0.2772,2.105e-13,3.908e-13,9.902e-13,0.0202,-1.42,0
FrontS76819,34.8839,-3.2568,1.187e-17,2.604e-17,9.470e-17,0.022,1.55,0
FrontS76820,44.5130,4.7577,2.883e-15,3.826e-15,4.909e-15,0.0227,1.7,0
FrontS76821,30.6944,0.8467,3.658e-14,4.098e-14,3.693e-14,0.0219,1.44,0
FrontS76822,36.5523,-1.1525,5.602e-17,3.827e-17,1.292e-17,0.0212,1.54,0
FrontS76823,-39.8161,3.1741,9.861e-18,2.294e-17,9.702e-17,0.0221,-1.64,0
FrontS76824,-32.4139,2.4068,3.406e-15,4.951e-15,7.510e-15,0.0234,-1.57,0
FrontS76826,36.0197,0.6091,5.972e-13,5.275e-13,2.924e-13,0.0227,1.6,0
FrontS76828,-34.7409,-0.4505,1.287e-15,1.881e-15,2.960e-15,0.0198,-1.47,0
FrontS76829,-39.6950,1.5616,1.919e-08,1.401e-08,5.439e-09,0.0217,-1.62,0
FrontS76830,33.1746,1.6362,3.158e-14,3.522e-14,3.206e-14,0.0226,1.56,0
FrontS76831,31.7708,1.5619,6.607e-13,5.458e-13,2.720e-13,0.0205,1.48,0
FrontS76832,-34.7720,1.0689,1.359e-13,1.306e-13,8.801e-14,0.0197,-1.51,0
FrontS76833,-39.7042,2.9380,3.375e-17,6.767e-17,2.048e-16,0.0215,-1.58,0
FrontS76834,-40.9690,-3.6580,1.607e-15,2.307e-15,3.375e-15,0.0222,-1.64,0
FrontS76835,-37.7529,-1.7607,7.652e-18,1.887e-17,9.108e-17,0.0215,-1.59,0
FrontS76836,35.0350,0.2276,4.169e-17,3.012e-17,1.121e-17,0.0229,1.57,0
FrontS76837,-32.6249,-2.5070,1.101e-12,2.018e-12,5.212e-12,0.0223,-1.53,0
FrontS76840,39.3378,-2.2482,3.952e-11,1.349e-10,1.267e-09,0.0175,1.41,0
FrontS76841,-36.9488,-2.6828,6.401e-19,1.816e-18,1.156e-17,0.021,-1.57,0
FrontS76843,-44.1754,-1.9988,1.437e-09,9.356e-10,2.920e-10,0.0215,-1.63,0
FrontS76846,-37.0003,-0.9507,2.139e-08,1.599e-08,6.491e-09,0.0215,-1.56,0
FrontS76847,42.9449,-3.3709,5.130e-17,1.024e-16,3.204e-16,0.0199,1.56,0
FrontS76848,44.1228,-0.0493,7.548e-17,1.452e-16,4.014e-16,0.0184,1.51,0
FrontS76849,-42.3891,-1.4880,4.315e-13,4.103e-13,2.793e-13,0.0207,-1.59,0
FrontS76850,-44.5796,0.2907,5.707e-15,7.265e-15,8.416e-15,0.0196,-1.53,0
FrontS76855,44.4428,-1.3425,6.284e-13,5.696e-13,3.345e-13,0.0199,1.6,0
FrontS76861,-41.4181,-1.4583,2.025e-13,3.679e-13,9.159e-13,0.0179,-1.46,0
FrontS76863,-43.4951,-1.6344,9.015e-13,7.486e-13,3.689e-13,0.0185,-1.5,0
FrontS76864,43.7355,1.4403,1.618e-13,1.536e-13,9.563e-14,0.0185,1.49,0
FrontS76865,-42.7803,-0.5334,3.676e-11,2.561e-11,8.835e-12,0.0193,-1.52,0
FrontS76874,43.5023,0.4503,1.731e-11,1.243e-11,4.659e-12,0.0183,1.49,0
FrontS76875,42.2094,-0.5725,1.092e-11,7.914e-12,2.947e-12,0.0182,1.47,0
FrontS76876,41.1789,0.0739,3.583e-12,2.756e-12,1.167e-12,0.018,1.43,1
FrontS76877,40.1096,-0.5549,4.032e-12,3.043e-12,1.275e-12,0.0171,1.42,1
FrontS76879,38.3578,-0.0313,2.844e-13,2.549e-13,1.495e-13,0.0165,1.39,0
FrontS76882,32.9240,-0.3340,2.400e-12,1.891e-12,8.416e-13,0.0171,1.27,1
FrontS76883,36.3585,0.8348,7.815e-09,5.498e-09,1.993e-09,0.0158,1.32,0
FrontS76884,37.0417,0.1653,4.384e-12,3.233e-12,1.303e-12,0.0155,1.34,0
FrontS76886,33.9781,0.2502,3.614e-15,4.630e-15,5.573e-15,0.0158,1.27,0
FrontS76887,30.7792,-0.5692,5.725e-12,4.012e-12,1.468e-12,0.016,1.19,0
FrontS76889,33.0632,-0.1918,1.163e-11,8.285e-12,2.962e-12,0.0148,1.21,0
FrontS76891,29.1743,0.4686,3.160e-11,2.201e-11,7.470e-12,0.0146,1.14,0
FrontS76893,27.4659,-0.0730,1.481e-11,1.056e-11,3.921e-12,0.0141,1.08,0
FrontS76894,28.0742,0.2153,7.797e-13,6.334e-13,2.980e-13,0.014,1.06,0
FrontS76896,21.2680,0.0902,3.604e-14,3.714e-14,2.802e-14,0.0144,0.88,0
FrontS76897,22.4798,-0.1684,1.601e-11,1.115e-11,3.737e-12,0.0135,0.92,0
FrontS76900,20.4281,0.1098,6.076e-14,5.760e-14,3.589e-14,0.0135,0.84,0
FrontS76901,20.1866,-0.3101,4.020e-14,6.007e-14,9.800e-14,0.0136,0.83,0
FrontS76905,15.4009,-0.0487,2.378e-12,1.765e-12,6.914e-13,0.0119,0.65,0
FrontS76906,15.0096,0.5498,6.702e-16,9.402e-16,1.398e-15,0.0124,0.63,0
FrontS76907,14.2787,-0.3118,2.544e-11,1.767e-11,6.159e-12,0.0125,0.6,0
FrontS76909,12.5332,0.3279,8.273e-12,5.926e-12,2.228e-12,0.0111,0.53,0
FrontS76910,10.2347,0.0740,1.777e-13,1.580e-13,8.878e-14,0.0118,0.44,0
FrontS76914,7.8071,0.3889,4.945e-13,3.944e-13,1.832e-13,0.0118,0.33,0
FrontS76915,6.2092,-0.3884,2.518e-12,2.035e-12,9.436e-13,0.0116,0.26,0
FrontS76917,4.2458,0.1532,2.073e-12,1.555e-12,6.367e-13,0.0118,0.19,0
FrontS76918,3.3098,0.2777,8.143e-09,6.161e-09,2.629e-09,0.0115,0.15,1
FrontS76921,-0.2052,0.2945,4.661e-12,3.621e-12,1.536e-12,0.0124,-0.01,0
FrontS76922,-1.1825,0.1759,9.262e-12,6.387e-12,2.297e-12,0.0109,-0.05,0
FrontS76925,-5.2780,-0.4861,6.465e-11,4.145e-11,1.222e-11,0.0113,-0.23,0
FrontS76926,-5.8424,-0.3441,2.665e-12,1.907e-12,7.192e-13,0.0108,-0.24,0
FrontS76928,-9.2240,0.0567,2.059e-12,1.545e-12,6.267e-13,0.0103,-0.38,1
FrontS76929,-10.9857,-0.2342,5.155e-12,3.849e-12,1.543e-12,0.0113,-0.46,0
FrontS76930,-11.4226,-0.1399,8.451e-12,6.351e-12,2.523e-12,0.011,-0.47,0
FrontS76931,-12.7176,-0.0565,5.640e-12,4.131e-12,1.530e-12,0.0105,-0.5,0
FrontS76932,-13.4889,0.3067,2.973e-12,2.211e-12,8.706e-13,0.0106,-0.53,0
FrontS76933,-17.6509,-0.1512,1.332e-11,9.331e-12,3.304e-12,0.0122,-0.69,0
FrontS76934,-17.2551,0.0137,1.385e-12,1.083e-12,4.788e-13,0.0112,-0.67,1
FrontS76939,-27.3085,-0.1720,1.407e-09,1.019e-09,3.915e-10,0.012,-0.97,0
FrontS76959,41.1031,-0.0235,1.653e-12,1.260e-12,5.448e-13,0.0107,1.16,1
FrontS76960,34.5515,-0.0506,3.418e-12,2.407e-12,8.777e-13,0.0103,1.05,0
FrontS76961,34.3801,-0.0853,9.329e-14,1.745e-13,4.633e-13,0.0106,1.04,0
FrontS76963,27.3816,0.2028,3.716e-12,2.815e-12,1.185e-12,0.0103,0.89,0
FrontS76964,22.0544,0.2972,2.406e-12,1.797e-12,7.044e-13,0.01,0.75,0
FrontS76965,20.4777,-0.1458,6.845e-12,4.923e-12,1.854e-12,0.0096,0.69,0
FrontS76966,18.2991,0.0959,1.517e-12,1.125e-12,4.433e-13,0.0097,0.65,0
FrontS76968,13.7532,-0.2515,4.302e-12,3.166e-12,1.212e-12,0.0094,0.5,0
FrontS76971,5.1449,-0.1942,6.676e-12,4.633e-12,1.587e-12,0.0087,0.19,0
FrontS76972,2.4954,-0.0443,2.230e-09,1.542e-09,5.547e-10,0.0083,0.09,0
FrontS76973,-0.0542,-0.1877,4.740e-13,4.036e-13,2.070e-13,0.0096,-0.0,0
FrontS76974,36.2208,-0.5004,2.412e-11,1.675e-11,5.823e-12,0.0202,1.48,0
FrontS76978,43.3035,-0.5265,5.448e-14,5.687e-14,4.350e-14,0.0169,1.47,0
FrontS76980,30.8905,-0.2572,7.909e-09,5.398e-09,1.858e-09,0.019,1.39,0
FrontS76981,39.2666,0.9921,5.607e-15,7.214e-15,8.820e-15,0.0159,1.38,0
FrontS76982,33.7923,0.7310,3.160e-17,2.232e-17,7.935e-18,0.018,1.36,0
FrontS76983,36.5371,-0.6396,2.435e-13,4.110e-13,8.862e-13,0.0168,1.35,0
FrontS76987,37.4695,-0.0465,1.148e-11,7.998e-12,2.771e-12,0.0159,1.35,0
FrontS76989,35.4779,-0.9118,4.755e-12,3.726e-12,1.606e-12,0.0163,1.3,1
FrontS76990,37.1150,1.5880,8.070e-14,8.147e-14,5.725e-14,0.0153,1.31,0
FrontS76991,33.8090,-0.2665,1.894e-12,1.435e-12,5.828e-13,0.015,1.26,1
FrontS76993,33.8455,-0.4215,1.691e-12,1.260e-12,5.284e-13,0.0155,1.27,1
FrontS76994,31.2365,-0.8450,4.480e-15,5.499e-15,6.068e-15,0.0152,1.21,0
FrontS76998,29.0503,-0.6032,7.085e-14,1.113e-13,2.084e-13,0.0151,1.14,0
FrontS77000,30.7335,0.4592,1.071e-13,1.068e-13,7.801e-14,0.014,1.16,0
FrontS77001,30.8746,-1.2181,2.030e-12,1.549e-12,6.546e-13,0.0138,1.17,1
FrontS77002,22.5325,-0.1801,2.836e-12,2.140e-12,8.766e-13,0.0139,0.95,1
FrontS77003,26.8524,0.7375,6.918e-14,1.079e-13,1.882e-13,0.0134,1.05,0
FrontS77004,21.4714,-0.1473,3.751e-13,3.369e-13,1.907e-13,0.0149,0.91,0
FrontS77005,23.2124,-0.2172,5.608e-18,1.152e-17,3.618e-17,0.0141,0.95,0
FrontS77006,23.8140,0.4690,9.181e-14,1.732e-13,4.650e-13,0.0144,0.97,0
FrontS77007,22.6307,0.1194,1.617e-15,2.299e-15,3.481e-15,0.0134,0.92,0
FrontS77009,23.9867,-0.5714,4.357e-15,5.085e-15,5.229e-15,0.0156,0.99,0
FrontS77010,22.5107,-0.2110,2.478e-13,4.645e-13,1.217e-12,0.0142,0.92,0
FrontS77011,23.0514,-0.0104,1.422e-09,9.811e-10,3.469e-10,0.0138,0.96,0
FrontS77012,17.6444,-0.5391,3.028e-12,2.237e-12,8.780e-13,0.0133,0.76,0
FrontS77013,18.0987,0.2027,5.097e-13,4.453e-13,2.429e-13,0.0145,0.79,0
FrontS77017,15.5825,-1.3196,4.686e-14,4.650e-14,3.282e-14,0.013,0.65,0
FrontS77019,15.9222,-0.6071,1.730e-13,2.485e-13,3.789e-13,0.0134,0.7,0
FrontS77021,12.1032,-0.2296,9.076e-11,6.264e-11,2.130e-11,0.0115,0.51,0
FrontS77023,14.4150,0.3184,2.761e-13,5.844e-13,1.981e-12,0.0123,0.62,0
FrontS77024,12.9100,0.1227,3.420e-13,5.202e-13,8.926e-13,0.0129,0.58,0
FrontS77025,13.0846,0.0901,2.518e-15,3.080e-15,3.329e-15,0.0124,0.56,0
FrontS77026,10.3477,-0.1545,1.008e-17,1.978e-17,5.568e-17,0.0125,0.44,0
FrontS77027,10.2822,-0.5962,6.413e-13,5.576e-13,2.975e-13,0.0126,0.45,0
FrontS77029,8.5026,0.4407,7.783e-16,1.172e-15,1.932e-15,0.0123,0.37,0
FrontS77030,9.3317,0.6128,1.117e-16,1.860e-16,3.778e-16,0.0131,0.42,0
FrontS77033,7.2797,-1.6338,1.444e-13,1.248e-13,6.942e-14,0.0135,0.34,0
FrontS77034,5.9338,-0.6447,1.133e-17,2.072e-17,5.274e-17,0.0117,0.26,0
FrontS77035,5.5357,0.0151,2.956e-09,2.104e-09,7.660e-10,0.0116,0.24,0
FrontS77036,4.4057,-0.3378,2.632e-13,2.259e-13,1.206e-13,0.0128,0.2,0
FrontS77037,2.9468,0.1009,6.627e-14,1.042e-13,1.966e-13,0.0117,0.12,0
FrontS77038,3.2538,0.0226,9.220e-19,2.146e-18,8.810e-18,0.0107,0.14,0
FrontS77040,1.6040,0.6584,4.784e-12,3.581e-12,1.433e-12,0.0112,0.07,0
FrontS77041,0.7626,0.1833,7.519e-15,8.464e-15,7.653e-15,0.0123,0.03,0
FrontS77043,-0.7912,-0.6637,6.626e-13,5.709e-13,3.009e-13,0.011,-0.03,0
FrontS77044,-1.9294,0.0791,8.891e-14,1.498e-13,3.168e-13,0.0127,-0.09,0
FrontS77046,-2.8430,0.6107,4.959e-15,5.973e-15,6.347e-15,0.0109,-0.13,0
FrontS77051,-6.4252,0.1187,1.028e-15,1.422e-15,1.943e-15,0.0119,-0.27,0
FrontS77052,-7.8199,-0.3428,2.957e-13,4.627e-13,8.676e-13,0.0101,-0.31,0
FrontS77053,-10.8832,0.1423,5.422e-09,3.962e-09,1.506e-09,0.0112,-0.46,0
FrontS77055,-10.1854,-0.2075,2.585e-15,3.250e-15,3.662e-15,0.01,-0.4,0
FrontS77056,-11.8868,-0.3847,1.616e-16,2.500e-16,4.473e-16,0.011,-0.47,0
FrontS77062,-18.2262,0.0654,3.309e-12,2.305e-12,8.151e-13,0.0105,-0.69,0
FrontS77063,-21.1589,-0.2672,4.577e-14,4.404e-14,2.838e-14,0.0125,-0.81,0
FrontS77069,-33.9361,0.7042,3.107e-18,7.706e-18,3.511e-17,0.0117,-1.07,0
FrontS77073,-36.8544,0.2772,1.098e-14,1.270e-14,1.185e-14,0.012,-1.18,0
FrontS77074,-37.2830,0.4437,3.463e-15,4.308e-15,4.781e-15,0.0132,-1.2,0
FrontS77100,27.7781,-1.4720,1.730e-13,1.493e-13,7.802e-14,0.0104,0.9,0
FrontS77104,20.3378,0.2495,5.809e-16,7.779e-16,1.029e-15,0.0095,0.71,0
FrontS77107,13.1425,-0.1311,1.680e-13,1.466e-13,8.213e-14,0.0089,0.47,0
FrontS77110,9.5875,-0.2223,3.423e-13,2.899e-13,1.464e-13,0.0105,0.37,0
FrontS77112,4.4637,-0.2089,2.475e-14,2.490e-14,1.875e-14,0.0095,0.17,0
FrontS77113,2.5949,-0.2566,8.464e-15,8.663e-15,6.591e-15,0.0091,0.09,0
FrontS77116,-2.1329,0.0071,3.147e-12,2.366e-12,9.716e-13,0.0097,-0.08,0
FrontS77117,-4.3752,0.2905,1.372e-13,1.143e-13,5.789e-14,0.009,-0.16,0
