Name,X,Y,BlueF,GreenF,RedF,Parallax,RadialVelocity,Variable?
BottomS22142,13.4475,-9.2304,1.644e-18,1.449e-18,8.269e-19,0.0,53.89,0
BottomS22143,13.4880,-9.2239,4.849e-20,5.545e-20,5.316e-20,-0.0002,52.66,0
BottomS22144,13.4441,-9.2070,6.543e-14,4.766e-14,1.785e-14,-0.0,54.03,0
BottomS22145,13.4693,-9.2534,1.813e-19,1.881e-19,1.426e-19,0.0003,52.65,0
BottomS22146,13.4907,-9.2469,4.127e-19,4.071e-19,2.823e-19,0.0004,53.49,0
BottomS22147,13.4525,-9.2520,1.494e-18,3.171e-18,1.069e-17,0.0002,52.01,0
BottomS22148,13.4487,-9.2147,6.814e-18,5.326e-18,2.358e-18,-0.0003,53.63,0
BottomS22149,13.4799,-9.2458,2.563e-20,3.182e-20,3.518e-20,0.0004,53.31,0
BottomS22150,13.4671,-9.2266,2.912e-20,3.620e-20,3.946e-20,0.0,52.22,0
BottomS22151,13.4770,-9.2105,8.637e-19,1.502e-18,3.427e-18,0.0001,51.85,0
BottomS22152,13.4523,-9.2149,8.637e-19,1.319e-18,2.356e-18,-0.0006,53.91,0
BottomS22154,13.4686,-9.2219,1.789e-19,1.838e-19,1.424e-19,0.0004,53.6,0
BottomS22156,13.4806,-9.2500,2.834e-19,2.624e-19,1.664e-19,-0.0005,51.83,0
BottomS22157,13.4180,-9.2537,3.621e-20,4.300e-20,4.306e-20,-0.0007,51.93,0
BottomS22160,13.4965,-9.2417,3.554e-20,4.372e-20,4.902e-20,-0.0004,53.21,0
BottomS22162,13.4660,-9.2166,6.059e-20,7.008e-20,6.968e-20,-0.0004,52.78,0
BottomS22164,13.4877,-9.2566,2.849e-19,4.569e-19,8.807e-19,0.0003,53.54,0
BottomS22165,13.4800,-9.2344,1.174e-20,1.540e-20,1.980e-20,0.0008,52.6,0
BottomS22166,13.4407,-9.2661,6.340e-19,9.919e-19,1.795e-18,0.0003,52.29,0
BottomS22167,13.4987,-9.2441,2.908e-19,3.004e-19,2.284e-19,0.0002,53.16,0
BottomS22169,13.4786,-9.2149,1.232e-18,1.926e-18,3.489e-18,0.0007,52.19,0
BottomS22171,13.4911,-9.2292,7.927e-19,7.542e-19,4.730e-19,-0.0004,51.78,0
BottomS22172,13.4617,-9.2106,4.952e-18,7.064e-18,1.045e-17,0.0005,53.44,0
BottomS22173,13.4458,-9.2205,1.118e-20,1.453e-20,1.759e-20,-0.0012,53.34,0
BottomS22174,13.4773,-9.2440,3.775e-17,2.849e-17,1.158e-17,0.0002,51.79,0
BottomS22175,13.4580,-9.2489,3.413e-14,2.356e-14,8.150e-15,-0.0009,53.0,0
BottomS22178,13.4648,-9.2145,6.920e-19,1.288e-18,3.429e-18,-0.0004,52.55,0
BottomS22179,13.4550,-9.2528,4.405e-18,1.128e-17,5.749e-17,0.0007,51.92,0
BottomS22180,13.4648,-9.2407,3.595e-20,4.581e-20,5.515e-20,0.0,52.14,0
BottomS22181,13.4677,-9.2441,6.919e-17,4.980e-17,1.898e-17,0.0004,52.97,0
BottomS22182,13.4587,-9.2363,1.616e-19,1.610e-19,1.181e-19,-0.0004,53.16,0
BottomS22185,13.4575,-9.2073,8.361e-18,6.589e-18,2.977e-18,0.0,52.2,0
BottomS22186,13.4611,-9.2419,7.328e-18,5.722e-18,2.555e-18,0.0003,53.24,0
BottomS22187,13.4502,-9.2224,1.684e-20,2.217e-20,2.867e-20,0.0,53.83,0
BottomS22188,13.4384,-9.2263,1.236e-18,2.767e-18,1.041e-17,-0.0001,53.46,0
BottomS22189,13.4760,-9.2303,1.098e-18,1.007e-18,6.316e-19,-0.0002,52.6,0
BottomS22191,13.4224,-9.2177,1.365e-18,2.221e-18,4.411e-18,-0.0001,52.84,0
BottomS22192,13.5050,-9.2035,1.066e-19,1.142e-19,9.319e-20,0.0002,51.66,0
BottomS22195,13.4745,-9.2397,4.443e-18,3.576e-18,1.697e-18,0.0003,53.51,0
BottomS22197,13.4793,-9.2440,6.105e-14,4.649e-14,1.905e-14,0.0003,51.96,1
BottomS22199,13.4609,-9.2051,6.722e-18,5.397e-18,2.576e-18,0.0007,53.12,0
BottomS22200,13.4610,-9.2032,6.940e-14,5.198e-14,2.053e-14,-0.0004,52.48,0
BottomS22201,13.4752,-9.2544,2.755e-20,3.367e-20,3.561e-20,0.0003,52.0,0
BottomS22202,13.4616,-9.2569,1.412e-19,1.510e-19,1.272e-19,-0.0003,53.81,0
BottomS22203,13.4812,-9.2402,5.484e-19,9.052e-19,1.835e-18,-0.0004,53.75,0
BottomS22204,13.4763,-9.2143,1.524e-20,1.951e-20,2.262e-20,-0.0001,52.71,0
BottomS22207,13.4589,-9.2432,7.243e-19,1.240e-18,2.804e-18,-0.0004,53.84,0
BottomS22208,13.4706,-9.2104,4.025e-19,5.829e-19,8.777e-19,-0.0005,54.1,0
BottomS22209,13.4706,-9.2753,5.372e-18,1.419e-17,7.582e-17,-0.0005,52.94,0
BottomS22216,13.4598,-9.2421,7.117e-19,1.353e-18,3.657e-18,0.0005,52.78,0
BottomS22217,13.4909,-9.2371,2.719e-20,3.296e-20,3.466e-20,0.0004,53.94,0
BottomS22221,13.4673,-9.2209,1.654e-20,2.085e-20,2.318e-20,-0.0003,53.87,0
BottomS22223,13.4701,-9.2388,2.213e-19,3.673e-19,7.843e-19,0.0011,53.98,0
BottomS22225,13.4700,-9.2573,7.958e-18,6.408e-18,2.902e-18,-0.0004,53.66,1
BottomS22228,13.4304,-9.2288,1.946e-18,1.692e-18,9.294e-19,-0.0007,52.1,0
BottomS22229,13.4701,-9.2334,3.728e-19,3.523e-19,2.359e-19,-0.0,53.28,0
BottomS22230,13.4196,-9.2291,2.928e-14,2.075e-14,7.630e-15,0.0002,53.6,0
BottomS22231,13.4701,-9.2640,2.791e-18,5.000e-18,1.233e-17,-0.0006,52.49,0
BottomS22232,13.4545,-9.2641,9.883e-18,7.641e-18,3.299e-18,-0.0003,54.14,1
BottomS22233,13.4616,-9.2277,5.355e-19,1.101e-18,3.547e-18,-0.0002,51.85,0
BottomS22234,13.4783,-9.2292,1.857e-20,2.367e-20,2.767e-20,-0.0003,53.38,0
BottomS22235,13.4676,-9.2488,2.849e-19,2.942e-19,2.228e-19,0.0,52.81,0
BottomS22236,13.4934,-9.2411,2.883e-14,1.993e-14,6.684e-15,-0.0001,53.03,0
BottomS22242,13.4723,-9.2638,5.974e-20,6.762e-20,6.231e-20,0.0004,51.71,0
BottomS22244,13.4668,-9.2489,4.023e-18,3.373e-18,1.712e-18,0.0003,52.99,0
BottomS22249,13.4535,-9.2263,3.524e-14,2.679e-14,1.138e-14,0.0004,53.19,1
BottomS22250,13.4958,-9.2440,6.669e-20,7.554e-20,6.773e-20,-0.0003,53.38,0
BottomS22252,13.4534,-9.2229,1.121e-20,1.464e-20,1.855e-20,-0.0004,53.38,0
BottomS22253,13.4467,-9.2386,2.382e-18,2.202e-18,1.303e-18,-0.0004,52.4,0
BottomS22254,13.4700,-9.2320,2.716e-18,4.376e-18,8.323e-18,-0.0009,52.12,0
BottomS22255,13.4600,-9.2318,5.479e-19,9.244e-19,1.958e-18,0.0002,52.75,0
BottomS22259,13.4808,-9.2229,2.292e-20,2.803e-20,3.147e-20,-0.0002,52.0,0
BottomS22262,13.4394,-9.2625,4.480e-20,5.408e-20,5.709e-20,-0.0006,51.89,0
BottomS22263,13.4414,-9.2430,3.742e-18,5.530e-18,9.189e-18,0.0005,53.84,0
BottomS22264,13.4287,-9.2206,7.995e-19,7.588e-19,5.091e-19,0.0007,52.01,0
BottomS22265,13.4595,-9.2051,6.769e-19,6.080e-19,3.544e-19,0.0002,52.85,0
BottomS22266,13.4404,-9.2337,2.742e-18,2.323e-18,1.197e-18,-0.0001,52.59,0
BottomS22269,13.4784,-9.2312,3.780e-18,3.034e-18,1.369e-18,-0.0009,54.11,0
BottomS22271,13.4974,-9.2405,1.018e-18,8.997e-19,5.183e-19,-0.0007,52.92,0
BottomS22272,13.4443,-9.2447,4.221e-19,4.072e-19,2.685e-19,0.0003,51.93,0
BottomS22273,13.4774,-9.2326,9.305e-19,8.550e-19,5.242e-19,-0.0007,52.83,0
BottomS22275,13.4477,-9.2700,3.451e-20,4.161e-20,4.562e-20,0.0007,53.0,0
BottomS22277,13.4564,-9.2021,1.137e-18,1.690e-18,2.854e-18,0.0008,52.7,0
BottomS22278,13.4542,-9.2253,1.680e-20,2.018e-20,2.175e-20,-0.0004,52.9,0
BottomS22280,13.4698,-9.2066,4.090e-18,9.630e-18,3.995e-17,0.0004,54.01,0
BottomS22281,13.4499,-9.2099,3.043e-18,8.796e-18,5.697e-17,0.0002,52.83,0
BottomS22282,13.4498,-9.2027,4.961e-19,8.427e-19,1.818e-18,-0.0005,52.43,0
BottomS22284,13.4254,-9.2468,1.579e-18,3.847e-18,1.773e-17,0.0004,53.28,0
BottomS22287,13.4698,-9.2472,4.229e-20,4.913e-20,4.986e-20,-0.0006,53.3,0
BottomS22288,13.4316,-9.2448,7.627e-20,8.385e-20,7.253e-20,0.0005,51.62,0
BottomS22289,13.4695,-9.2201,9.573e-19,1.995e-18,6.688e-18,-0.0004,52.64,0
BottomS22292,13.4649,-9.2236,1.245e-17,9.604e-18,4.180e-18,0.0002,53.88,1
BottomS22293,13.4560,-9.2477,2.846e-18,2.398e-18,1.190e-18,0.0003,51.69,0
BottomS22294,13.4032,-9.2257,6.582e-20,7.855e-20,8.190e-20,0.0,54.1,0
BottomS22297,13.4448,-9.2574,1.897e-19,1.969e-19,1.563e-19,0.0001,53.54,0
BottomS22300,13.4638,-9.2289,1.610e-18,1.456e-18,8.491e-19,0.0003,53.79,0
BottomS22301,13.4448,-9.2192,7.727e-19,1.155e-18,1.912e-18,-0.0003,53.62,0
BottomS22304,13.4604,-9.2374,2.561e-20,3.077e-20,3.284e-20,-0.0001,52.22,0
BottomS22308,13.4738,-9.2759,2.068e-20,2.566e-20,2.911e-20,0.0001,51.58,0
BottomS22309,13.4524,-9.2393,2.165e-20,2.655e-20,2.776e-20,0.0001,52.02,0
BottomS22310,13.4365,-9.2196,6.394e-19,1.057e-18,2.142e-18,-0.0005,51.98,0
BottomS22311,13.4806,-9.2217,9.648e-19,9.228e-19,5.914e-19,0.001,53.06,0
BottomS22312,13.4769,-9.2056,3.331e-20,3.918e-20,3.891e-20,-0.0004,51.79,0
BottomS22314,13.4918,-9.2184,1.996e-19,2.042e-19,1.545e-19,0.0002,53.46,0
BottomS22315,13.4643,-9.1975,1.421e-18,2.147e-18,3.627e-18,0.0001,51.95,0
BottomS22316,13.4551,-9.2304,4.498e-14,3.160e-14,1.134e-14,-0.0012,53.61,0
BottomS22317,13.4496,-9.2602,8.261e-16,5.465e-16,1.694e-16,-0.0,53.11,0
BottomS22318,13.4249,-9.2131,5.077e-20,6.147e-20,6.408e-20,-0.0005,52.91,0
BottomS22319,13.4954,-9.2142,4.803e-19,4.613e-19,3.121e-19,-0.0013,53.53,0
BottomS22320,13.4475,-9.2248,4.727e-19,4.452e-19,2.790e-19,-0.0008,53.45,0
BottomS22322,13.4598,-9.2459,4.443e-20,5.114e-20,5.040e-20,-0.0008,53.06,0
BottomS22325,13.4617,-9.2496,9.257e-19,1.705e-18,4.411e-18,0.0005,52.18,0
BottomS22326,13.4716,-9.2319,3.037e-19,2.887e-19,1.920e-19,0.0,52.54,0
BottomS22327,13.4754,-9.2353,9.154e-18,7.046e-18,3.019e-18,-0.0001,53.74,1
BottomS22329,13.4555,-9.2401,8.333e-20,9.262e-20,8.155e-20,-0.0009,53.64,0
BottomS22330,13.4645,-9.2383,1.691e-19,1.730e-19,1.330e-19,0.0,53.23,0
BottomS22331,13.4809,-9.2139,4.468e-20,5.189e-20,5.240e-20,0.0006,52.95,0
BottomS22333,13.4244,-9.2305,2.368e-20,2.785e-20,2.838e-20,0.0007,53.76,0
BottomS22334,13.4708,-9.2325,7.956e-19,1.199e-18,2.056e-18,0.001,53.93,0
BottomS22336,13.4545,-9.1915,5.132e-20,6.379e-20,6.812e-20,-0.0008,52.99,0
BottomS22337,13.4055,-9.2365,6.788e-19,6.216e-19,3.724e-19,0.0005,52.46,0
BottomS22338,13.4752,-9.2385,1.572e-20,1.983e-20,2.312e-20,-0.0002,53.0,0
BottomS22339,13.4774,-9.2255,1.207e-17,9.279e-18,3.907e-18,0.0001,53.72,1
BottomS22340,13.4505,-9.2345,4.742e-20,5.250e-20,4.845e-20,0.0,53.86,0
BottomS22343,13.4637,-9.2469,3.629e-18,3.082e-18,1.607e-18,0.0012,53.45,0
BottomS22344,13.4561,-9.2172,2.325e-18,1.955e-18,1.014e-18,-0.0006,53.04,0
BottomS22346,13.4727,-9.2174,4.778e-18,3.855e-18,1.851e-18,0.0003,51.61,0
BottomS22347,13.4718,-9.2272,7.806e-20,8.715e-20,7.719e-20,0.0004,53.61,0
BottomS22348,13.4675,-9.2513,1.094e-19,1.140e-19,9.029e-20,-0.0006,53.74,0
BottomS22349,13.4755,-9.2302,9.308e-20,1.061e-19,9.850e-20,0.0004,52.58,0
BottomS22350,13.4580,-9.2720,1.271e-14,8.422e-15,2.756e-15,-0.0008,53.44,0
BottomS22351,13.4265,-9.2359,2.653e-19,2.706e-19,2.051e-19,0.0002,54.14,0
BottomS22352,13.4503,-9.2336,1.259e-19,1.371e-19,1.139e-19,0.0,53.6,0
BottomS22353,13.4289,-9.2025,1.170e-20,1.675e-20,2.577e-20,-0.0,53.57,0
BottomS22354,13.4353,-9.1965,8.358e-20,9.384e-20,8.464e-20,0.0008,52.1,0
BottomS22355,13.4613,-9.2643,2.089e-19,2.131e-19,1.572e-19,-0.0001,52.12,0
BottomS22357,13.4644,-9.1872,3.937e-18,6.072e-18,1.048e-17,0.0009,54.09,0
BottomS22358,13.4723,-9.2560,7.719e-18,6.282e-18,2.892e-18,0.0002,52.43,0
BottomS22359,13.4615,-9.2255,9.248e-18,6.989e-18,2.943e-18,-0.0,52.94,1
BottomS22360,13.4591,-9.2389,2.206e-18,1.857e-18,9.745e-19,-0.0002,52.08,0
BottomS22363,13.4847,-9.2632,3.997e-19,3.856e-19,2.543e-19,-0.0001,52.84,0
BottomS22365,13.4740,-9.2248,1.785e-18,1.599e-18,9.277e-19,0.0005,52.66,0
BottomS22366,13.4637,-9.2312,1.007e-19,1.065e-19,8.611e-20,0.0006,53.93,0
BottomS22367,13.4218,-9.2017,4.867e-18,3.929e-18,1.845e-18,-0.0004,52.24,0
BottomS22368,13.4296,-9.2165,1.189e-18,1.064e-18,6.159e-19,0.0001,51.6,0
BottomS22371,13.4774,-9.2406,1.007e-20,1.353e-20,1.753e-20,0.0002,52.61,0
BottomS22374,13.4476,-9.2107,1.124e-19,1.260e-19,1.108e-19,0.0005,53.72,0
BottomS22375,13.4580,-9.2830,9.005e-19,7.840e-19,4.323e-19,0.0006,51.91,0
BottomS22379,13.4472,-9.2491,1.808e-14,1.258e-14,4.472e-15,-0.0008,52.72,0
BottomS22381,13.5028,-9.2384,3.080e-18,4.927e-18,9.394e-18,0.001,53.4,0
BottomS22382,13.4529,-9.2619,1.045e-18,2.038e-18,6.074e-18,-0.0001,52.21,0
BottomS22383,13.4654,-9.2493,1.809e-18,1.564e-18,8.732e-19,0.0002,52.91,0
BottomS22384,13.4590,-9.2366,1.845e-18,1.662e-18,9.712e-19,-0.0003,53.2,0
BottomS22386,13.4505,-9.2134,1.235e-18,1.113e-18,6.441e-19,0.0003,53.01,0
BottomS22387,13.4263,-9.2449,2.490e-20,2.922e-20,2.988e-20,0.0001,53.74,0
BottomS22389,13.4816,-9.2412,3.473e-18,2.922e-18,1.495e-18,0.0004,51.99,0
BottomS22390,13.4855,-9.2419,4.113e-18,3.520e-18,1.903e-18,0.0,51.98,0
BottomS22392,13.4611,-9.2464,4.100e-20,4.797e-20,4.955e-20,0.0002,52.53,0
BottomS22393,13.4225,-9.2243,5.154e-14,3.618e-14,1.313e-14,-0.0001,53.08,0
BottomS22395,13.4513,-9.2402,2.933e-19,2.927e-19,2.056e-19,-0.0002,54.2,0
BottomS22397,13.4393,-9.2209,4.449e-20,5.088e-20,4.763e-20,0.0004,53.92,0
BottomS22398,13.4462,-9.2216,2.109e-18,1.707e-18,7.887e-19,-0.0,52.78,0
BottomS22400,13.4712,-9.2529,1.134e-19,1.132e-19,8.161e-20,-0.0002,51.95,0
BottomS22401,13.4418,-9.2316,5.317e-18,4.545e-18,2.448e-18,0.0004,53.87,0
BottomS22404,13.4316,-9.2751,3.283e-18,2.878e-18,1.586e-18,-0.0006,53.67,0
BottomS22405,13.4771,-9.2169,6.168e-18,4.995e-18,2.299e-18,0.0002,52.06,0
BottomS22407,13.4325,-9.2369,1.295e-19,1.374e-19,1.099e-19,-0.0009,53.07,0
BottomS22408,13.4656,-9.2384,1.256e-19,1.312e-19,1.022e-19,-0.0002,53.74,0
BottomS22409,13.4713,-9.2247,5.149e-14,3.754e-14,1.403e-14,0.0001,52.57,0
BottomS22411,13.4633,-9.2286,1.649e-14,1.120e-14,3.695e-15,-0.0007,52.64,0
BottomS22412,13.4767,-9.1997,3.565e-20,4.238e-20,4.403e-20,-0.0001,51.77,0
BottomS22413,13.4675,-9.2188,5.286e-19,4.877e-19,3.036e-19,0.0002,53.16,0
BottomS22414,13.4384,-9.2205,3.674e-20,4.253e-20,4.168e-20,-0.0001,52.52,0
BottomS22415,13.4861,-9.2406,3.006e-18,2.329e-18,1.016e-18,-0.0004,51.89,0
BottomS22417,13.4694,-9.2068,1.020e-19,1.133e-19,1.003e-19,0.0003,53.44,0
BottomS22418,13.4852,-9.2318,2.205e-18,3.435e-18,6.192e-18,0.0001,52.45,0
BottomS22422,13.4638,-9.2288,4.355e-20,5.573e-20,6.551e-20,0.0006,53.43,0
BottomS22426,13.4602,-9.1915,1.929e-18,1.577e-18,7.527e-19,0.0003,51.96,0
BottomS22427,13.4751,-9.2212,1.436e-20,1.915e-20,2.481e-20,0.0004,53.22,0
BottomS22429,13.4533,-9.2135,4.481e-19,7.850e-19,1.891e-18,0.0001,53.62,0
BottomS22431,13.4904,-9.2582,7.602e-19,1.192e-18,2.233e-18,0.0005,54.22,0
BottomS22432,13.4653,-9.2488,4.743e-19,4.469e-19,3.023e-19,0.0002,52.44,0
BottomS22435,13.4542,-9.2453,1.836e-18,1.599e-18,8.695e-19,-0.0002,52.66,0
BottomS22436,13.4803,-9.2444,1.688e-20,2.088e-20,2.364e-20,-0.0002,53.22,0
BottomS22438,13.4443,-9.2180,5.573e-20,6.680e-20,7.119e-20,0.0005,54.29,0
BottomS22443,13.4658,-9.2347,3.923e-19,3.896e-19,2.698e-19,-0.0006,53.95,0
BottomS22444,13.4410,-9.2236,8.772e-18,7.427e-18,3.725e-18,-0.0009,53.51,0
BottomS22445,13.4525,-9.2564,8.459e-19,1.920e-18,7.589e-18,0.0,52.04,0
BottomS22448,13.4517,-9.2335,1.853e-18,1.530e-18,7.455e-19,0.0006,53.0,0
BottomS22449,13.5014,-9.2477,4.065e-20,4.970e-20,5.434e-20,0.0007,53.43,0
BottomS22451,13.4412,-9.2689,3.352e-17,2.510e-17,9.918e-18,0.0003,51.68,0
BottomS22454,13.4567,-9.2209,2.081e-19,2.119e-19,1.602e-19,-0.0006,53.69,0
BottomS22456,13.4929,-9.1982,8.917e-18,6.850e-18,2.875e-18,0.0006,52.95,1
BottomS22458,13.4565,-9.2585,3.824e-19,3.748e-19,2.578e-19,0.0006,53.0,0
BottomS22460,13.4685,-9.2388,2.284e-20,2.740e-20,2.872e-20,-0.0,53.22,0
BottomS22462,13.4507,-9.2266,6.898e-19,5.971e-19,3.163e-19,-0.0001,52.68,0
BottomS22463,13.4409,-9.2505,1.426e-18,2.929e-18,9.491e-18,-0.0003,52.66,0
BottomS22468,13.4803,-9.2117,9.884e-20,1.073e-19,9.112e-20,0.0002,52.74,0
BottomS22473,13.4602,-9.1965,2.624e-19,2.542e-19,1.785e-19,-0.0004,53.77,0
BottomS22475,13.4225,-9.2182,3.898e-20,4.660e-20,5.089e-20,0.0003,52.16,0
BottomS22477,13.4569,-9.2150,1.504e-20,2.040e-20,2.667e-20,0.0009,53.01,0
BottomS22478,13.4880,-9.2397,1.825e-19,1.882e-19,1.439e-19,0.0006,52.09,0
BottomS22479,13.4757,-9.2260,5.186e-19,8.237e-19,1.474e-18,-0.0003,53.24,0
BottomS22482,13.4781,-9.2392,6.197e-20,6.949e-20,6.452e-20,-0.0001,52.5,0
BottomS22486,13.4635,-9.1870,4.271e-20,4.781e-20,4.174e-20,-0.0001,54.05,0
BottomS22489,13.4376,-9.2397,3.455e-20,4.010e-20,3.870e-20,-0.0002,53.87,0
BottomS22490,13.4400,-9.2229,2.353e-18,1.940e-18,9.667e-19,0.0006,53.13,0
BottomS22492,13.4285,-9.2276,1.664e-18,3.207e-18,9.306e-18,-0.0004,53.39,0
BottomS22495,13.4545,-9.2205,1.598e-18,2.825e-18,6.704e-18,-0.0001,53.85,0
BottomS22497,13.4740,-9.2382,8.461e-20,8.686e-20,6.778e-20,-0.0005,52.01,0
BottomS22498,13.4370,-9.2436,4.288e-18,3.509e-18,1.726e-18,0.0006,53.46,0
BottomS22500,13.4463,-9.2554,2.488e-18,2.087e-18,1.077e-18,0.0001,53.26,0
BottomS22501,13.4574,-9.2521,4.205e-19,3.935e-19,2.466e-19,-0.0002,52.81,0
BottomS22504,13.4490,-9.2445,8.256e-18,6.215e-18,2.551e-18,0.0005,53.41,0
BottomS22505,13.4332,-9.2233,6.255e-18,4.748e-18,1.992e-18,-0.0004,54.01,1
BottomS22512,13.4554,-9.2409,6.392e-19,5.922e-19,3.624e-19,-0.0009,51.96,0
BottomS22513,13.4169,-9.2479,6.131e-20,6.968e-20,6.563e-20,-0.0008,52.58,0
BottomS22521,13.4968,-9.2382,1.482e-19,1.637e-19,1.435e-19,0.0002,53.77,0
BottomS22522,13.4467,-9.2373,4.021e-18,3.201e-18,1.465e-18,-0.0006,51.96,0
BottomS22523,13.4898,-9.2202,1.430e-18,1.984e-18,2.738e-18,0.0007,52.76,0
BottomS22524,13.4649,-9.2050,1.193e-20,1.600e-20,2.097e-20,0.0004,53.06,0
BottomS22525,13.4716,-9.2501,1.479e-19,1.507e-19,1.126e-19,0.0006,53.25,0
BottomS22528,13.4856,-9.2405,1.726e-20,2.279e-20,2.836e-20,-0.0005,53.6,0
BottomS22529,13.4522,-9.2718,3.596e-14,2.532e-14,8.979e-15,0.0002,52.35,0
BottomS22532,13.4301,-9.2091,3.032e-18,2.489e-18,1.209e-18,-0.0002,53.3,0
BottomS22533,13.4607,-9.2344,4.337e-18,3.498e-18,1.606e-18,0.0,45.9,0
BottomS22534,13.4607,-9.2342,2.289e-18,1.949e-18,1.007e-18,-0.0,48.2,0
BottomS22535,13.4607,-9.2344,1.111e-20,1.386e-20,1.577e-20,0.0,51.67,0
BottomS22536,13.4606,-9.2343,1.538e-18,2.865e-18,7.614e-18,-0.0007,60.01,0
BottomS22537,13.4608,-9.2345,3.364e-18,2.874e-18,1.453e-18,0.0003,57.58,0
BottomS22542,13.6732,-9.1446,4.678e-18,8.228e-18,1.928e-17,0.0002,53.62,0
BottomS22543,13.1959,-9.3279,1.013e-19,1.070e-19,8.468e-20,-0.0001,53.57,0
BottomS22544,13.2769,-9.1339,5.333e-20,5.921e-20,5.119e-20,0.0004,52.49,0
BottomS22545,13.6724,-9.1166,1.097e-19,1.173e-19,9.490e-20,0.0,52.18,0
BottomS22552,13.3751,-9.1071,3.213e-20,3.886e-20,4.268e-20,-0.0011,53.28,0
BottomS22557,13.3451,-9.2929,3.175e-20,3.854e-20,4.228e-20,0.0001,53.38,0
BottomS22559,13.4823,-9.1542,3.704e-20,4.568e-20,5.084e-20,0.0003,53.29,0
BottomS22563,13.3679,-8.9877,1.081e-19,1.141e-19,9.478e-20,0.0009,52.34,0
BottomS22568,13.4934,-9.2447,1.825e-19,1.857e-19,1.390e-19,0.0001,52.03,0
BottomS22572,13.6069,-9.1756,4.277e-20,5.124e-20,5.262e-20,-0.0002,53.52,0
BottomS22573,13.5804,-9.4399,2.946e-18,4.215e-18,6.371e-18,-0.0001,53.1,0
BottomS22577,13.3938,-9.3883,2.082e-19,3.734e-19,9.042e-19,0.0006,52.18,0
BottomS22578,13.4098,-9.3072,8.406e-19,1.531e-18,3.757e-18,-0.0,53.49,0
BottomS22579,13.4953,-9.3903,1.730e-18,3.228e-18,8.201e-18,0.001,53.25,0
BottomS22582,13.3993,-9.1840,1.376e-18,2.598e-18,6.923e-18,0.0006,52.29,0
BottomS22590,13.6405,-9.3612,1.260e-19,1.415e-19,1.321e-19,-0.0009,52.29,0
BottomS22591,13.3237,-9.3421,2.051e-20,2.603e-20,3.040e-20,-0.0,53.14,0
BottomS22595,13.3419,-9.3091,5.417e-20,6.152e-20,5.821e-20,0.0001,53.01,1
BottomS22596,13.3803,-9.1924,6.834e-19,1.350e-18,3.941e-18,-0.0007,53.62,0
BottomS22598,13.3207,-9.0840,1.621e-19,1.740e-19,1.396e-19,-0.0,52.13,0
BottomS22600,13.5296,-9.1003,1.464e-19,1.588e-19,1.394e-19,0.0002,52.48,0
BottomS22601,13.5984,-8.9709,1.781e-20,2.300e-20,2.872e-20,0.0001,52.66,0
BottomS22604,13.5199,-9.2136,1.669e-18,1.444e-18,7.626e-19,0.0005,52.4,0
BottomS22607,13.5306,-9.3316,1.570e-20,1.963e-20,2.229e-20,0.0002,53.21,0
BottomS22614,13.4861,-9.0944,4.098e-20,5.138e-20,5.851e-20,0.0003,53.48,0
BottomS22616,13.4445,-9.1046,1.425e-19,1.523e-19,1.270e-19,-0.0002,52.57,0
BottomS22621,13.1583,-9.4128,3.049e-20,3.769e-20,4.047e-20,-0.0002,52.99,0
BottomS22623,13.5998,-9.1988,6.727e-20,8.224e-20,8.827e-20,-0.0003,52.44,0
BottomS22630,13.4686,-9.3864,6.248e-13,3.217e-12,7.177e-11,-0.0007,53.13,0
BottomS22632,13.4853,-9.1117,3.087e-20,3.728e-20,4.055e-20,0.0003,52.85,0
BottomS22639,13.3143,-8.9704,1.700e-19,1.804e-19,1.504e-19,-0.0001,53.42,0
BottomS22640,13.4659,-9.4733,6.276e-20,7.299e-20,7.218e-20,0.0004,52.55,0
BottomS22641,13.3982,-8.9583,1.527e-18,2.990e-18,8.700e-18,0.0001,52.61,0
BottomS22646,13.3640,-9.1557,1.324e-19,1.303e-19,9.192e-20,-0.0007,53.3,0
BottomS22651,13.3345,-9.2695,1.756e-19,1.906e-19,1.610e-19,0.0002,53.15,0
BottomS22653,13.4902,-9.1497,1.178e-18,2.846e-18,1.333e-17,-0.0001,52.82,0
BottomS22655,13.6579,-9.2498,2.568e-19,2.632e-19,1.973e-19,0.0001,52.79,0
BottomS22656,13.4936,-9.3445,3.748e-19,3.622e-19,2.386e-19,0.0001,53.04,0
BottomS22666,13.6842,-9.1215,6.577e-19,6.033e-19,3.695e-19,-0.0001,52.84,0
BottomS22667,13.3082,-9.0934,4.061e-19,4.071e-19,2.853e-19,0.0002,52.77,0
BottomS22669,13.5398,-9.2786,7.377e-19,1.270e-18,2.942e-18,0.0003,52.15,0
BottomS22673,13.6413,-8.8457,1.098e-20,1.470e-20,1.912e-20,0.0001,52.78,0
BottomS22675,13.2643,-9.5505,2.410e-20,2.778e-20,2.753e-20,-0.0002,53.68,0
BottomS22676,13.3513,-9.4320,5.710e-20,6.061e-20,4.964e-20,-0.0003,52.28,0
BottomS22681,13.5379,-9.2166,1.530e-20,2.081e-20,2.712e-20,0.0004,52.16,0
BottomS22685,13.3286,-9.2190,3.044e-19,3.248e-19,2.603e-19,0.0005,52.51,0
BottomS22687,13.3081,-9.2598,4.836e-20,5.236e-20,4.479e-20,0.0005,52.37,0
BottomS22689,13.6373,-9.3902,4.388e-19,4.056e-19,2.597e-19,-0.0007,53.13,0
BottomS22690,13.3299,-9.2610,5.126e-19,8.479e-19,1.691e-18,-0.0001,52.62,0
BottomS22692,13.6869,-9.2762,1.520e-20,1.890e-20,2.148e-20,0.0002,52.79,0
BottomS22693,13.4133,-9.3801,4.449e-18,3.712e-18,1.805e-18,0.0003,53.35,0
BottomS22696,13.5805,-9.4663,1.101e-18,9.711e-19,5.359e-19,-0.0001,53.58,0
BottomS22697,13.6208,-9.2183,1.687e-18,2.733e-18,5.148e-18,0.0004,52.41,0
BottomS22698,13.7217,-9.2211,1.065e-19,1.144e-19,9.471e-20,0.0,53.06,0
BottomS22700,13.6694,-9.2974,1.017e-18,8.756e-19,4.685e-19,0.0,53.52,0
BottomS22701,13.5180,-9.0112,4.762e-18,3.920e-18,1.916e-18,-0.0,53.13,0
BottomS22702,13.3316,-9.1072,2.379e-20,2.953e-20,3.248e-20,-0.0003,53.57,0
BottomS22704,13.5654,-9.2935,8.714e-20,9.430e-20,8.315e-20,-0.0001,53.78,0
BottomS22705,13.4903,-9.1030,4.903e-20,6.091e-20,6.857e-20,0.0004,52.46,0
BottomS22707,13.2712,-8.9990,3.242e-14,3.392e-14,2.733e-14,0.0,52.56,1
BottomS22710,13.3653,-9.1880,1.982e-20,2.323e-20,2.328e-20,0.0003,53.3,0
BottomS22711,13.2590,-9.1966,1.066e-19,1.093e-19,8.433e-20,-0.0002,53.36,0
BottomS22716,13.4386,-9.2925,1.680e-18,1.449e-18,7.769e-19,-0.0001,53.94,0
BottomS22720,13.5540,-8.9232,5.204e-20,5.860e-20,5.563e-20,0.0006,52.63,0
BottomS22722,13.5626,-9.1119,2.843e-19,2.905e-19,2.148e-19,-0.0001,53.58,0
BottomS22730,13.5790,-9.1161,1.353e-20,1.688e-20,1.913e-20,0.0006,52.32,0
BottomS22732,13.6267,-9.3322,8.301e-19,7.568e-19,4.552e-19,-0.0002,53.55,0
BottomS22734,13.3626,-9.2130,1.393e-19,1.401e-19,9.947e-20,0.0002,53.4,0
BottomS22736,13.4317,-9.1577,2.411e-20,2.991e-20,3.496e-20,0.0,52.81,0
BottomS22738,13.5633,-9.0628,3.897e-14,2.742e-14,9.620e-15,-0.0011,53.0,0
BottomS22746,13.6052,-9.1775,1.247e-18,2.300e-18,6.174e-18,-0.0008,53.08,0
BottomS22747,13.6719,-8.9575,1.261e-20,1.633e-20,2.009e-20,-0.0002,53.12,0
BottomS22752,13.4268,-9.2744,9.758e-19,1.970e-18,6.042e-18,0.0003,52.22,0
BottomS22754,13.2925,-9.2977,1.243e-18,2.127e-18,4.700e-18,0.0003,52.99,0
BottomS22756,13.2818,-9.1447,1.201e-18,2.214e-18,5.663e-18,-0.0,52.39,0
BottomS22758,13.3087,-9.3766,1.767e-18,2.907e-18,5.811e-18,0.0001,53.25,0
BottomS22762,13.3480,-9.1187,3.455e-20,4.183e-20,4.455e-20,0.0007,52.69,0
BottomS22769,13.3014,-9.3451,5.757e-19,5.373e-19,3.417e-19,0.0009,52.33,0
BottomS22770,13.3903,-9.3382,1.244e-20,1.595e-20,1.951e-20,-0.0001,52.11,0
BottomS22771,13.3234,-9.0089,4.086e-18,3.395e-18,1.735e-18,-0.0003,52.9,0
BottomS22777,13.2596,-9.2290,2.250e-19,2.368e-19,1.917e-19,-0.0004,53.12,0
BottomS22778,13.4184,-9.2297,6.469e-19,5.980e-19,3.791e-19,0.0009,52.77,0
BottomS22781,13.3599,-9.2860,4.723e-19,4.580e-19,2.997e-19,0.0,52.92,0
BottomS22787,13.4335,-9.2155,1.457e-19,1.466e-19,1.097e-19,-0.0001,52.4,0
BottomS22789,13.4099,-9.2474,1.657e-20,2.051e-20,2.308e-20,0.0003,53.7,0
BottomS22790,13.3703,-8.9733,1.420e-20,1.830e-20,2.252e-20,-0.0004,52.32,0
BottomS22791,13.5360,-9.0809,1.769e-20,2.231e-20,2.669e-20,0.0004,52.96,0
BottomS22794,13.6450,-9.2320,1.514e-19,1.516e-19,1.083e-19,-0.0004,52.93,0
BottomS22805,13.7201,-9.2972,1.664e-20,2.057e-20,2.354e-20,-0.0,53.38,0
BottomS22806,13.6804,-9.3878,7.861e-14,6.144e-14,2.656e-14,-0.001,53.64,1
BottomS22807,13.4661,-9.2645,1.566e-18,2.651e-18,5.603e-18,-0.001,52.32,0
BottomS22814,13.3898,-9.1739,5.140e-20,6.160e-20,6.481e-20,-0.0004,53.65,0
BottomS22818,13.2003,-9.3403,6.824e-20,7.722e-20,7.044e-20,0.0004,53.07,0
BottomS22820,13.6246,-9.3372,1.546e-19,1.614e-19,1.261e-19,0.0002,52.31,0
BottomS22822,13.3580,-9.0439,3.205e-19,3.157e-19,2.154e-19,0.0011,52.79,0
BottomS22823,13.5577,-9.2702,1.022e-19,1.113e-19,9.655e-20,-0.0001,53.55,0
BottomS22826,13.4484,-9.2915,5.532e-19,9.565e-19,2.134e-18,-0.0002,53.15,0
BottomS22828,13.2921,-8.9541,6.567e-14,5.250e-14,2.485e-14,0.0001,53.11,1
BottomS22836,13.5956,-9.0778,2.344e-20,2.860e-20,3.113e-20,-0.0003,53.49,0
BottomS22838,13.4568,-9.4317,2.180e-20,2.595e-20,2.621e-20,0.0002,52.64,0
BottomS22840,13.3803,-9.1677,4.266e-20,5.045e-20,5.030e-20,0.0002,53.42,0
BottomS22843,13.7672,-8.9324,2.524e-20,3.104e-20,3.409e-20,0.0001,53.08,0
BottomS22852,13.4507,-9.4428,2.993e-20,3.554e-20,3.655e-20,-0.0002,53.07,0
BottomS22859,13.4746,-9.2119,1.639e-20,2.053e-20,2.377e-20,0.0002,51.92,0
BottomS22860,13.5252,-9.3054,2.393e-19,2.511e-19,2.002e-19,0.0005,52.74,0
BottomS22865,13.5206,-9.2893,1.171e-20,1.576e-20,2.182e-20,-0.0008,52.34,0
BottomS22867,13.3998,-9.3395,5.962e-20,7.139e-20,7.495e-20,0.0011,53.42,0
BottomS22869,13.4466,-8.9525,1.737e-20,2.178e-20,2.452e-20,-0.0,53.61,0
BottomS22878,13.6675,-9.2066,2.472e-18,4.013e-18,8.061e-18,0.0001,53.57,0
BottomS22881,13.5789,-9.2740,1.254e-20,1.683e-20,2.214e-20,-0.0002,52.96,0
BottomS22885,13.5707,-9.0310,3.650e-20,4.321e-20,4.430e-20,0.0002,53.55,0
BottomS22886,13.5144,-9.2606,4.352e-20,5.102e-20,5.237e-20,-0.0004,53.61,0
BottomS22897,13.3421,-9.2913,2.118e-20,2.598e-20,2.831e-20,0.0003,53.42,0
BottomS22899,13.4483,-9.3636,1.294e-17,9.920e-18,4.241e-18,-0.0001,52.36,1
BottomS22905,13.4504,-9.1272,2.706e-18,4.093e-18,6.847e-18,-0.0003,52.4,0
BottomS22911,13.4075,-9.4283,5.135e-14,3.874e-14,1.586e-14,0.0,52.18,1
BottomS22918,13.4426,-9.0065,4.679e-20,5.419e-20,5.267e-20,0.0,53.52,0
BottomS22925,13.5788,-9.0968,1.101e-19,1.165e-19,9.650e-20,-0.0013,52.93,0
BottomS22927,13.5208,-9.2202,2.260e-18,5.549e-18,2.576e-17,0.0,52.87,0
BottomS22933,13.5200,-9.3115,1.018e-20,1.339e-20,1.730e-20,0.0,52.28,0
BottomS22936,13.4000,-9.3843,2.000e-20,2.349e-20,2.370e-20,-0.0004,52.62,0
BottomS22938,13.1877,-9.0962,3.271e-19,3.181e-19,2.163e-19,0.0001,52.24,0
BottomS22940,13.6196,-9.0299,1.968e-18,3.463e-18,8.204e-18,-0.0001,52.47,0
BottomS22942,13.2874,-9.1742,6.715e-20,7.512e-20,6.592e-20,0.0,53.36,0
BottomS22943,13.6965,-9.2749,5.956e-20,6.825e-20,6.236e-20,0.0004,52.49,0
BottomS22945,13.5603,-9.5364,6.827e-19,1.391e-18,4.226e-18,-0.0004,53.27,0
BottomS22949,13.5545,-9.1696,5.187e-20,5.666e-20,4.660e-20,0.0004,53.85,0
BottomS22951,13.7511,-9.4424,1.308e-20,1.812e-20,2.545e-20,0.0007,53.45,0
BottomS22955,13.5325,-9.1011,7.157e-14,5.599e-14,2.518e-14,-0.0009,52.78,1
BottomS22956,13.5774,-9.0541,8.780e-19,1.559e-18,3.565e-18,0.0003,52.28,0
BottomS22960,13.4135,-9.0103,2.016e-19,2.013e-19,1.431e-19,-0.0002,52.48,0
BottomS22964,13.6351,-9.2184,9.000e-19,1.909e-18,6.668e-18,-0.0001,52.62,0
BottomS22965,13.3431,-9.1410,1.996e-20,2.578e-20,3.193e-20,-0.0002,52.47,0
BottomS22966,13.3553,-9.4114,8.307e-20,8.860e-20,7.567e-20,-0.0003,52.46,0
BottomS22968,13.4615,-9.3311,7.880e-20,8.634e-20,7.416e-20,0.0005,52.08,0
BottomS22970,13.8184,-9.1536,1.406e-20,1.819e-20,2.282e-20,-0.0005,53.44,0
BottomS22971,13.6778,-9.1666,6.906e-14,6.020e-14,3.370e-14,0.0005,53.16,1
BottomS22972,13.5297,-9.0432,2.216e-20,2.743e-20,3.081e-20,-0.0005,52.16,0
BottomS22973,13.4319,-9.0142,4.489e-19,4.532e-19,3.302e-19,-0.0002,52.8,0
BottomS22975,13.3680,-9.0268,5.908e-20,6.497e-20,5.646e-20,-0.0003,53.73,0
BottomS22989,13.3143,-9.3239,4.378e-20,5.134e-20,5.087e-20,-0.0006,52.2,0
BottomS22991,13.3339,-9.0092,1.798e-20,2.393e-20,2.992e-20,-0.0005,52.9,0
BottomS22993,13.4741,-9.4513,3.374e-20,3.942e-20,3.924e-20,0.0004,52.23,0
BottomS22996,13.5379,-9.2938,4.752e-18,3.714e-18,1.625e-18,-0.0,52.64,0
BottomS22997,13.5717,-9.1406,1.269e-20,1.706e-20,2.173e-20,-0.0004,52.8,0
BottomS22999,13.3253,-9.4879,1.455e-19,1.525e-19,1.190e-19,-0.0004,52.67,0
BottomS23001,13.2500,-9.4012,5.860e-18,1.064e-17,2.576e-17,-0.0006,52.79,0
BottomS23002,13.5209,-9.4085,2.663e-19,2.807e-19,2.210e-19,0.0004,53.73,0
BottomS23007,13.6906,-9.0923,1.107e-20,1.420e-20,1.700e-20,-0.0003,53.64,0
BottomS23022,13.6116,-9.0307,1.371e-19,1.493e-19,1.246e-19,0.0005,52.58,0
BottomS23032,13.2118,-9.0984,2.738e-20,3.413e-20,3.702e-20,0.0001,52.71,0
BottomS23038,13.3481,-9.2388,1.756e-18,3.077e-18,6.884e-18,-0.0001,52.51,0
BottomS23042,13.3675,-9.3829,3.640e-20,4.226e-20,4.196e-20,-0.0006,52.87,0
BottomS23046,13.6307,-9.0766,1.933e-19,2.001e-19,1.543e-19,-0.0001,52.93,0
BottomS23049,13.4360,-9.3853,1.674e-20,2.144e-20,2.570e-20,-0.0001,53.06,0
BottomS23057,13.3281,-9.2114,1.128e-19,1.248e-19,1.087e-19,0.001,52.49,0
BottomS23080,13.4043,-9.4054,2.127e-18,3.231e-18,5.659e-18,-0.0,52.58,0
BottomS23081,13.4677,-9.3926,5.694e-20,6.352e-20,5.885e-20,0.0004,52.91,0
BottomS23091,13.3432,-9.5776,7.325e-19,6.973e-19,4.437e-19,0.0,53.12,0
BottomS23094,13.2528,-9.1679,6.719e-14,5.890e-14,3.387e-14,-0.0012,52.33,1
BottomS23101,13.3440,-9.1463,4.379e-19,7.767e-19,1.900e-18,0.0002,53.17,0
BottomS23103,13.5531,-9.5020,1.223e-20,1.626e-20,2.139e-20,0.0011,53.71,0
BottomS23105,13.5636,-9.2759,2.028e-19,2.036e-19,1.487e-19,-0.0003,53.61,0
BottomS23107,13.4831,-9.5041,4.684e-20,5.345e-20,4.980e-20,-0.0003,52.28,0
BottomS23109,13.4701,-8.9901,1.233e-20,1.530e-20,1.712e-20,0.0007,52.29,0
BottomS23113,13.4942,-9.2202,1.818e-18,1.562e-18,8.393e-19,0.001,53.12,0
BottomS23131,13.4733,-8.9598,1.741e-18,1.503e-18,7.829e-19,0.0005,53.76,0
BottomS23133,13.5593,-9.1153,5.550e-14,4.080e-14,1.595e-14,-0.0003,53.7,0
BottomS23137,13.4555,-9.2442,3.329e-14,2.291e-14,8.028e-15,-0.0006,53.67,0
BottomS23140,13.4346,-9.5935,2.299e-19,2.326e-19,1.652e-19,-0.0004,53.55,0
BottomS23141,13.5657,-9.3567,8.724e-19,1.373e-18,2.599e-18,-0.0009,53.1,0
BottomS23142,13.2680,-9.2313,5.209e-19,4.731e-19,2.946e-19,0.0009,53.32,0
BottomS23143,13.4413,-9.2134,2.577e-20,3.161e-20,3.536e-20,0.0008,53.47,0
BottomS23145,13.5806,-9.2551,6.103e-14,5.137e-14,2.555e-14,0.0003,53.3,1
BottomS23152,13.3306,-9.0607,4.526e-18,1.068e-17,4.637e-17,0.0007,52.47,0
BottomS23156,13.2915,-9.1106,3.434e-19,3.431e-19,2.462e-19,0.0,52.09,0
BottomS23158,13.4621,-9.3359,1.758e-19,1.811e-19,1.347e-19,-0.0001,52.95,0
BottomS23159,13.3958,-9.0898,1.323e-18,1.165e-18,6.518e-19,0.0003,53.0,0
BottomS23167,13.1775,-9.2444,4.895e-19,4.396e-19,2.637e-19,0.0002,52.22,0
BottomS23177,13.4416,-9.2833,4.098e-19,3.831e-19,2.426e-19,-0.0001,52.22,0
BottomS23178,13.5266,-9.3061,1.052e-18,9.235e-19,5.084e-19,0.0001,53.57,0
BottomS23181,13.3467,-9.2280,1.506e-20,1.844e-20,2.004e-20,0.0001,53.41,0
BottomS23189,13.3237,-9.2236,2.317e-20,2.844e-20,3.073e-20,-0.0002,52.7,0
BottomS23193,13.3208,-9.3044,4.071e-19,3.777e-19,2.400e-19,0.0004,53.26,0
BottomS23194,13.2220,-9.2388,1.868e-19,1.996e-19,1.683e-19,0.0005,53.12,0
BottomS23195,13.6246,-8.9607,4.933e-19,9.899e-19,3.022e-18,0.0004,52.76,0
BottomS23198,13.3979,-9.1913,2.637e-14,1.832e-14,6.417e-15,0.0,52.04,0
BottomS23203,13.6026,-8.9833,1.576e-19,1.641e-19,1.245e-19,0.0004,52.3,0
BottomS23206,13.4785,-9.2578,3.391e-20,4.072e-20,4.133e-20,-0.0006,52.31,0
BottomS23212,13.3907,-9.2495,1.379e-18,3.300e-18,1.486e-17,0.0007,52.33,0
BottomS23213,13.5619,-9.5555,6.706e-19,1.363e-18,4.281e-18,0.0002,53.56,0
BottomS23215,13.4513,-9.3887,4.663e-19,4.521e-19,3.070e-19,-0.0002,53.44,0
BottomS23218,13.3988,-9.4475,2.752e-14,1.930e-14,6.608e-15,0.0007,53.18,0
BottomS23219,13.4040,-9.1876,1.984e-18,1.710e-18,9.087e-19,0.0004,53.26,0
BottomS23221,13.1544,-9.2367,2.180e-19,2.271e-19,1.747e-19,0.0002,53.26,0
BottomS23233,13.6240,-9.1834,3.061e-20,4.039e-20,5.053e-20,-0.0002,52.72,0
BottomS23234,13.4860,-9.2661,7.454e-19,1.111e-18,1.781e-18,0.0003,52.35,0
BottomS23238,13.6514,-9.3232,2.278e-20,2.739e-20,2.866e-20,-0.0003,52.94,0
BottomS23239,13.3236,-9.0231,1.237e-19,1.371e-19,1.160e-19,0.0001,53.49,0
BottomS23250,13.3850,-9.2474,8.861e-20,9.575e-20,8.195e-20,0.0004,52.75,0
BottomS23253,13.5409,-9.3639,1.729e-18,2.826e-18,5.569e-18,-0.0006,53.17,0
BottomS23254,13.4888,-9.0856,1.274e-20,1.669e-20,2.056e-20,-0.0006,52.62,0
BottomS23260,13.3693,-8.9711,3.756e-20,4.215e-20,3.807e-20,0.0,52.31,0
BottomS23266,13.3282,-9.2543,1.036e-19,1.170e-19,1.074e-19,-0.0003,53.14,0
BottomS23274,13.3268,-9.3211,1.644e-20,2.141e-20,2.627e-20,-0.0005,53.09,0
BottomS23277,13.2811,-9.1568,2.761e-20,3.310e-20,3.316e-20,0.0006,53.24,0
BottomS23287,13.5479,-9.2354,5.675e-14,4.115e-14,1.585e-14,-0.0001,53.45,0
BottomS23292,13.6242,-9.5442,5.394e-20,6.178e-20,5.831e-20,0.0002,53.12,0
BottomS23303,13.1963,-8.9011,8.541e-20,9.451e-20,8.425e-20,-0.0004,53.02,0
BottomS23304,13.1429,-9.3273,1.806e-20,2.328e-20,2.843e-20,-0.0004,52.36,0
BottomS23305,13.4724,-9.4441,8.122e-14,6.002e-14,2.345e-14,-0.0003,53.53,0
BottomS23306,13.4151,-9.0954,2.470e-19,2.492e-19,1.821e-19,0.0011,52.54,0
BottomS23314,13.5380,-9.5418,7.676e-20,9.066e-20,9.087e-20,0.0002,52.97,0
BottomS23324,13.5960,-9.1862,3.260e-20,3.763e-20,3.541e-20,0.0001,52.79,0
BottomS23327,13.6163,-9.0428,3.363e-20,4.024e-20,4.189e-20,0.0005,53.28,0
BottomS23328,13.7132,-9.3674,7.473e-20,8.476e-20,8.070e-20,-0.0001,52.25,0
BottomS23340,13.3302,-9.4420,3.178e-19,2.978e-19,1.900e-19,0.0006,53.47,0
BottomS23344,13.4826,-9.2925,2.481e-20,3.124e-20,3.603e-20,0.0003,53.04,0
BottomS23347,13.5772,-9.2099,1.391e-18,2.432e-18,5.513e-18,0.0007,53.54,0
BottomS23349,13.3658,-9.3132,1.360e-19,1.465e-19,1.231e-19,0.0005,53.5,0
BottomS23351,13.4181,-9.3761,8.953e-20,9.944e-20,8.732e-20,-0.0001,53.27,0
BottomS23356,13.4608,-9.2635,4.117e-14,2.882e-14,1.051e-14,0.0006,52.72,0
BottomS23357,13.4548,-9.4238,1.882e-20,2.326e-20,2.530e-20,0.0005,53.6,0
BottomS23359,13.3587,-9.2856,1.086e-20,1.358e-20,1.623e-20,-0.0008,53.57,0
BottomS23360,13.5542,-9.3545,5.556e-20,6.484e-20,6.491e-20,0.0004,53.47,0
BottomS23364,13.3153,-9.3080,2.515e-19,2.450e-19,1.713e-19,-0.0002,52.75,0
BottomS23365,13.5319,-9.1931,3.039e-18,2.571e-18,1.320e-18,0.0003,52.68,0
BottomS23366,13.4365,-9.0402,2.490e-19,2.548e-19,1.931e-19,-0.0,53.12,0
BottomS23369,13.5832,-9.2895,1.054e-20,1.407e-20,1.797e-20,-0.0006,53.03,0
BottomS23379,13.2360,-9.2209,1.872e-20,2.426e-20,2.971e-20,-0.0009,52.9,0
BottomS23384,13.6965,-9.2725,1.862e-20,2.347e-20,2.762e-20,0.0003,52.67,0
BottomS23387,13.3393,-9.1180,2.585e-18,7.290e-18,4.627e-17,0.0004,52.29,0
BottomS23388,13.4663,-9.3546,1.021e-20,1.345e-20,1.746e-20,0.0004,53.55,0
BottomS23389,13.5908,-9.4669,1.068e-20,1.504e-20,2.220e-20,0.0007,52.23,0
BottomS23390,13.6018,-9.3104,1.257e-20,1.767e-20,2.554e-20,0.0006,52.77,0
BottomS23396,13.4148,-9.2270,7.760e-15,5.066e-15,1.516e-15,-0.0002,52.07,0
BottomS23397,13.5973,-9.3594,1.303e-19,1.353e-19,1.091e-19,0.0,53.47,0
BottomS23398,13.3751,-8.9643,1.688e-18,3.956e-18,1.615e-17,0.0017,53.57,0
BottomS23406,13.2679,-8.9886,8.900e-19,1.534e-18,3.454e-18,0.0003,52.29,0
BottomS23407,13.4862,-9.1889,6.976e-19,1.291e-18,3.278e-18,-0.0004,52.47,0
BottomS23410,13.4375,-8.9700,1.583e-20,2.004e-20,2.388e-20,0.0007,53.35,0
BottomS23420,13.5466,-9.2699,2.439e-20,2.791e-20,2.637e-20,-0.0001,52.99,0
BottomS23424,13.4343,-9.2270,3.934e-20,4.517e-20,4.281e-20,-0.0009,51.81,0
BottomS23425,13.7341,-9.1505,8.017e-20,9.334e-20,8.899e-20,0.0005,52.54,0
BottomS23438,13.3526,-9.2823,1.089e-19,1.169e-19,9.631e-20,-0.0003,53.64,0
BottomS23440,13.4855,-9.3032,2.754e-18,4.662e-18,1.008e-17,-0.0004,53.5,0
BottomS23442,13.5822,-9.1047,3.066e-19,3.133e-19,2.350e-19,0.0001,53.44,0
BottomS23445,13.5184,-9.1573,9.014e-20,1.006e-19,8.745e-20,0.0003,53.31,0
BottomS23449,13.4629,-9.1914,5.891e-18,1.461e-17,6.918e-17,-0.0002,52.53,0
BottomS23453,13.6081,-9.2778,1.960e-20,2.464e-20,2.970e-20,0.0013,53.77,0
BottomS23457,13.4455,-9.0484,2.188e-18,4.656e-18,1.625e-17,0.0002,52.85,0
BottomS23459,13.3779,-9.0352,4.262e-19,3.961e-19,2.503e-19,-0.0004,52.78,0
BottomS23462,13.3842,-9.5969,3.263e-20,4.070e-20,4.603e-20,0.0006,53.09,0
BottomS23463,13.1872,-9.1972,1.969e-19,2.158e-19,1.819e-19,-0.0006,53.61,0
BottomS23469,13.3684,-9.0260,1.009e-20,1.321e-20,1.574e-20,-0.0002,52.76,0
BottomS23473,13.5964,-9.2721,1.658e-18,1.379e-18,6.863e-19,0.0001,53.06,0
BottomS23474,13.3167,-9.0514,2.573e-18,2.077e-18,9.877e-19,0.0001,52.37,0
BottomS23476,13.6657,-9.1482,7.323e-19,1.331e-18,3.276e-18,-0.0012,53.03,0
BottomS23477,13.4980,-9.0540,5.710e-19,5.346e-19,3.391e-19,0.0006,53.5,0
BottomS23479,13.5635,-8.9085,3.192e-20,3.813e-20,3.917e-20,-0.0,52.48,0
BottomS23487,13.5282,-9.3356,1.278e-20,1.616e-20,1.909e-20,0.0007,52.33,0
BottomS23491,13.3488,-9.1790,1.226e-18,1.087e-18,6.096e-19,0.0011,53.34,0
BottomS23494,13.5140,-9.1568,5.159e-19,9.924e-19,2.797e-18,0.0009,53.17,0
BottomS23496,13.4936,-9.0908,2.454e-19,2.332e-19,1.495e-19,-0.0011,52.93,0
BottomS23498,13.3190,-9.2746,3.413e-14,2.518e-14,9.860e-15,-0.0,53.22,0
BottomS23500,13.3003,-9.2916,1.877e-20,2.362e-20,2.718e-20,-0.0008,53.42,0
BottomS23502,13.3304,-9.1482,1.261e-20,1.582e-20,1.840e-20,-0.0007,53.26,0
BottomS23504,13.5237,-9.4499,1.653e-19,1.761e-19,1.495e-19,-0.0002,53.21,0
BottomS23505,13.3664,-9.4239,3.658e-18,7.077e-18,1.959e-17,-0.0003,53.19,0
BottomS23517,13.5538,-9.2259,1.561e-20,1.992e-20,2.355e-20,-0.0013,53.57,0
BottomS23519,13.5165,-9.3544,7.643e-19,7.278e-19,4.833e-19,0.0008,52.11,0
BottomS23525,13.3715,-9.2050,1.213e-20,1.517e-20,1.751e-20,0.0003,52.78,0
BottomS23532,13.4009,-8.9288,1.108e-19,1.268e-19,1.192e-19,0.0002,53.63,0
BottomS23534,13.5885,-9.3475,1.220e-14,8.616e-15,3.013e-15,0.0001,52.72,0
BottomS23535,13.4538,-9.2836,7.415e-20,8.355e-20,7.428e-20,-0.0001,53.42,0
BottomS23536,13.3851,-9.0354,1.229e-18,2.103e-18,4.547e-18,0.0001,53.48,0
BottomS23544,13.3013,-9.1939,6.985e-20,8.288e-20,8.113e-20,0.0003,52.12,0
BottomS23551,13.6146,-9.3015,2.158e-19,2.214e-19,1.703e-19,-0.0001,52.31,0
BottomS23552,13.5548,-9.0615,7.648e-20,8.439e-20,7.354e-20,0.0008,52.88,0
BottomS23554,13.4623,-9.3424,2.029e-18,1.773e-18,9.850e-19,-0.0003,52.44,0
BottomS23560,13.4756,-9.3385,2.212e-20,2.675e-20,2.992e-20,0.0004,52.91,0
BottomS23561,13.2423,-9.4534,4.858e-19,4.582e-19,2.873e-19,0.0004,53.6,0
BottomS23563,13.5003,-9.1471,2.443e-20,2.830e-20,2.907e-20,-0.0007,53.53,0
BottomS23566,13.5519,-9.1813,2.273e-14,1.584e-14,5.437e-15,-0.0005,52.81,0
BottomS23579,13.2965,-9.4649,2.155e-14,1.479e-14,4.981e-15,0.0009,52.61,0
BottomS23590,13.1908,-9.1375,1.451e-20,1.967e-20,2.729e-20,0.0009,53.05,0
BottomS23591,13.5564,-9.3940,3.797e-18,9.345e-18,4.377e-17,-0.0006,52.85,0
BottomS23594,13.3739,-9.3620,8.542e-19,1.917e-18,7.237e-18,0.0,53.15,0
BottomS23595,13.5373,-9.0117,1.743e-18,2.692e-18,4.703e-18,-0.0002,52.7,0
BottomS23596,13.3162,-9.4301,3.508e-20,4.309e-20,4.784e-20,-0.0006,53.3,0
BottomS23600,13.4631,-9.2674,3.290e-20,4.091e-20,4.808e-20,-0.0,53.79,0
BottomS23602,13.4049,-9.2070,4.843e-20,5.498e-20,4.955e-20,0.0003,53.56,0
BottomS23607,13.3054,-9.4418,3.620e-19,3.593e-19,2.611e-19,-0.0007,52.63,0
BottomS23608,13.3378,-9.3400,2.326e-18,2.030e-18,1.103e-18,-0.0003,52.32,0
BottomS23609,13.5987,-9.2311,1.905e-20,2.492e-20,3.085e-20,0.0001,52.21,0
BottomS23611,13.3314,-9.2641,8.983e-19,1.810e-18,5.635e-18,0.0008,53.2,0
BottomS23612,13.7769,-9.1782,1.347e-18,2.086e-18,3.589e-18,0.0003,53.5,0
BottomS23615,13.4839,-8.9281,5.261e-20,6.125e-20,5.864e-20,0.0002,53.36,0
BottomS23617,13.4230,-9.1902,5.769e-19,9.271e-19,1.814e-18,-0.0007,53.96,0
BottomS23618,13.1604,-9.1747,1.475e-19,1.399e-19,9.428e-20,-0.0001,52.61,0
BottomS23621,13.3498,-9.4465,2.310e-19,2.267e-19,1.605e-19,0.0012,52.83,0
BottomS23625,13.4756,-9.1379,2.170e-19,2.220e-19,1.681e-19,-0.0003,52.16,0
BottomS23626,13.5484,-9.4407,3.559e-20,4.154e-20,4.141e-20,-0.0002,52.81,0
BottomS23628,13.3672,-9.1647,1.452e-18,2.564e-18,5.853e-18,0.0006,53.22,0
BottomS23629,13.4235,-9.4538,3.106e-20,3.834e-20,4.119e-20,0.001,53.51,0
BottomS23631,13.4149,-8.9102,4.470e-14,3.212e-14,1.211e-14,0.0003,53.0,0
BottomS23632,13.4861,-9.1573,1.510e-20,1.968e-20,2.346e-20,-0.0,52.53,0
BottomS23636,13.2589,-9.2900,1.026e-20,1.296e-20,1.502e-20,0.0004,52.14,0
BottomS23639,13.5924,-9.3802,1.316e-20,1.656e-20,1.897e-20,-0.0004,53.69,0
BottomS23640,13.3355,-9.1815,1.453e-20,1.786e-20,2.064e-20,0.0011,53.57,0
BottomS23645,13.6076,-9.0959,4.671e-14,3.550e-14,1.480e-14,0.0005,52.84,1
BottomS23654,13.4160,-9.2468,2.250e-20,2.949e-20,3.587e-20,-0.0001,52.71,0
BottomS23656,13.4834,-9.7517,3.953e-19,3.961e-19,2.915e-19,-0.0011,52.46,0
BottomS23659,13.2767,-9.1849,7.316e-19,6.963e-19,4.468e-19,-0.0002,52.66,0
BottomS23660,13.6214,-9.1561,2.427e-19,2.432e-19,1.778e-19,0.0001,52.11,0
BottomS23662,13.3272,-9.2705,2.588e-18,3.578e-18,5.257e-18,-0.0009,52.99,0
BottomS23663,13.5117,-9.0461,4.878e-20,5.617e-20,5.517e-20,-0.0005,52.98,0
BottomS23664,13.4144,-9.1342,5.837e-19,1.041e-18,2.497e-18,-0.0001,52.65,0
BottomS23670,13.5805,-9.2026,2.775e-20,3.346e-20,3.657e-20,-0.0002,53.05,0
BottomS23677,13.5727,-9.3656,3.150e-20,3.703e-20,3.812e-20,-0.0001,53.06,0
BottomS23687,13.2305,-9.1595,4.894e-20,5.787e-20,5.817e-20,0.0006,53.73,0
BottomS23691,13.3095,-9.3285,1.095e-20,1.422e-20,1.726e-20,-0.0009,52.55,0
BottomS23696,13.3307,-9.1930,1.002e-15,6.676e-16,2.068e-16,-0.0001,52.27,0
BottomS23697,13.3995,-9.5216,7.602e-20,8.406e-20,7.444e-20,-0.0007,53.18,0
BottomS23699,13.4288,-9.2159,1.213e-20,1.517e-20,1.705e-20,0.0005,52.54,0
BottomS23703,13.2096,-9.3052,3.106e-19,2.985e-19,2.027e-19,0.0002,53.72,0
BottomS23704,13.3608,-9.2978,2.161e-20,2.697e-20,3.072e-20,0.0001,53.15,0
BottomS23711,13.3218,-9.2052,2.789e-20,3.195e-20,3.093e-20,-0.0001,52.63,0
BottomS23717,13.4402,-8.9167,1.246e-19,1.259e-19,9.123e-20,0.0002,53.38,0
BottomS23718,13.3697,-9.5060,2.630e-19,2.606e-19,1.903e-19,-0.0005,52.82,0
BottomS23720,13.3854,-9.3080,6.938e-20,7.804e-20,7.346e-20,0.0005,52.76,0
BottomS23721,13.4019,-9.4131,2.603e-19,2.608e-19,1.872e-19,-0.0003,52.27,0
BottomS23724,13.4061,-9.1286,1.944e-20,2.382e-20,2.531e-20,-0.0003,52.83,0
BottomS23731,13.4738,-9.3240,2.466e-18,4.115e-18,8.762e-18,-0.0002,53.03,0
BottomS23735,13.3786,-9.2017,2.175e-18,3.585e-18,7.534e-18,-0.0001,52.91,0
BottomS23737,13.7054,-9.1952,2.200e-19,2.242e-19,1.618e-19,0.0002,52.89,0
BottomS23739,13.2802,-9.4357,4.497e-19,4.014e-19,2.354e-19,0.0003,53.13,0
BottomS23745,13.5150,-9.2908,4.602e-19,4.661e-19,3.469e-19,0.001,53.87,0
BottomS23747,13.2520,-9.3572,1.017e-20,1.309e-20,1.604e-20,0.0001,53.66,0
BottomS23748,13.4747,-9.1807,1.537e-19,1.647e-19,1.329e-19,-0.0003,53.07,0
BottomS23754,13.6455,-9.0811,2.270e-20,2.759e-20,2.911e-20,0.0,53.58,0
BottomS23755,13.4591,-9.2624,1.584e-20,1.925e-20,2.011e-20,0.0001,52.32,0
BottomS23756,13.6631,-9.2534,9.587e-19,8.857e-19,5.240e-19,-0.0002,52.51,0
BottomS23758,13.2689,-9.0120,1.019e-19,1.086e-19,9.277e-20,0.0005,53.36,0
BottomS23760,13.4866,-9.3734,3.428e-20,4.193e-20,4.616e-20,0.0001,53.07,0
BottomS23764,13.6069,-9.1665,1.677e-19,1.705e-19,1.256e-19,0.0003,52.69,0
BottomS23767,13.4509,-9.3601,4.291e-20,4.891e-20,4.646e-20,-0.001,52.76,0
BottomS23769,13.7445,-8.9606,5.507e-19,1.137e-18,3.636e-18,0.0001,53.37,0
BottomS23783,13.4815,-9.1198,2.654e-14,2.385e-14,1.423e-14,-0.0005,52.7,1
BottomS23787,13.5297,-9.1781,1.851e-19,2.008e-19,1.698e-19,-0.0001,52.1,0
BottomS23789,13.6879,-9.3378,4.610e-19,7.617e-19,1.571e-18,0.0001,53.48,0
BottomS23791,13.4311,-9.1906,7.320e-20,8.233e-20,7.652e-20,-0.0002,52.41,0
BottomS23797,13.5926,-9.2718,4.772e-19,4.362e-19,2.598e-19,-0.0001,52.93,0
BottomS23803,13.4245,-9.1951,1.372e-18,1.139e-18,5.950e-19,0.0002,53.8,0
BottomS23809,13.6542,-9.3965,3.483e-20,4.104e-20,4.042e-20,-0.0003,52.38,0
BottomS23810,13.3563,-9.1755,2.040e-18,1.807e-18,9.961e-19,0.0003,53.09,0
BottomS23811,13.3720,-9.3940,1.025e-18,1.922e-18,5.161e-18,0.0002,52.76,0
BottomS23819,13.3724,-9.2738,8.270e-19,1.648e-18,4.963e-18,0.0003,53.25,1
BottomS23824,13.3947,-9.1234,2.338e-18,2.012e-18,1.087e-18,0.0004,52.91,0
BottomS23826,13.3001,-9.2771,1.043e-18,1.632e-18,2.829e-18,0.0,52.44,0
BottomS23842,13.4913,-9.3128,8.750e-19,1.410e-18,2.676e-18,-0.0004,53.25,0
BottomS23851,13.5670,-9.3980,4.111e-19,7.352e-19,1.844e-18,0.0007,53.58,0
BottomS23853,13.6614,-9.3637,2.681e-19,2.663e-19,1.850e-19,0.0002,53.07,0
BottomS23857,13.5112,-9.3768,6.097e-20,6.909e-20,6.600e-20,0.0,52.69,0
BottomS23861,13.2620,-9.3076,1.983e-18,5.415e-18,3.155e-17,0.0004,52.77,0
BottomS23868,13.4888,-9.2442,7.065e-19,6.505e-19,3.822e-19,0.0006,53.43,0
BottomS23875,13.3987,-9.3686,1.273e-14,8.550e-15,2.752e-15,-0.0013,52.17,0
BottomS23880,13.5542,-9.2423,2.771e-20,3.281e-20,3.354e-20,0.0003,53.36,0
BottomS23881,13.5856,-9.2748,1.020e-20,1.340e-20,1.640e-20,0.0001,53.71,0
BottomS23882,13.2979,-8.9683,2.105e-18,2.997e-18,4.383e-18,0.0004,52.69,0
BottomS23884,13.3301,-8.9914,7.446e-20,8.745e-20,8.899e-20,-0.0001,53.44,0
BottomS23887,13.2891,-9.0956,3.239e-19,3.244e-19,2.384e-19,-0.0002,52.42,0
BottomS23893,13.2537,-9.2539,9.016e-20,1.010e-19,9.156e-20,0.0006,52.98,0
BottomS23900,13.3836,-9.1302,3.679e-14,2.722e-14,1.083e-14,0.0003,52.5,0
BottomS23903,13.5759,-9.1728,6.334e-19,5.747e-19,3.385e-19,-0.0003,53.69,0
BottomS23905,13.5753,-9.2864,1.794e-20,2.305e-20,2.750e-20,0.0002,53.26,0
BottomS23915,13.6544,-9.1244,1.060e-20,1.440e-20,1.916e-20,0.0002,52.3,0
BottomS23916,13.6059,-8.9859,7.546e-19,6.676e-19,3.850e-19,-0.0001,52.6,0
BottomS23917,13.4802,-9.0011,2.580e-18,2.129e-18,1.069e-18,0.0002,52.29,0
BottomS23919,13.4768,-9.0724,7.301e-19,6.865e-19,4.348e-19,0.0007,52.72,0
BottomS23927,13.5055,-9.3147,1.912e-19,1.953e-19,1.503e-19,-0.0001,53.42,0
BottomS23928,13.2689,-9.3020,1.844e-19,1.889e-19,1.420e-19,0.0002,52.23,0
BottomS23933,13.6672,-9.1383,8.316e-19,1.626e-18,4.797e-18,0.0002,53.04,0
BottomS23936,13.3193,-9.2307,3.993e-20,4.856e-20,5.011e-20,0.0007,52.84,0
BottomS23939,13.2646,-9.1183,3.771e-19,3.801e-19,2.692e-19,-0.0001,52.3,0
BottomS23943,13.4546,-9.4277,1.873e-19,1.965e-19,1.638e-19,0.0007,52.71,0
BottomS23944,13.3578,-9.1799,1.588e-19,1.637e-19,1.252e-19,0.0006,52.21,0
BottomS23945,13.5765,-9.2758,2.319e-20,2.948e-20,3.471e-20,0.0001,53.28,0
BottomS23946,13.4444,-9.1241,4.273e-19,3.973e-19,2.524e-19,-0.0001,52.4,0
BottomS23949,13.5218,-9.3825,1.938e-20,2.383e-20,2.762e-20,0.0002,52.34,0
BottomS23954,13.2766,-8.9382,4.666e-19,4.273e-19,2.519e-19,0.0007,53.64,0
BottomS23956,13.2283,-9.2335,3.046e-20,3.668e-20,3.823e-20,-0.0,53.37,0
BottomS23958,13.5586,-9.1447,6.919e-20,7.625e-20,6.774e-20,-0.0004,53.39,0
BottomS23959,13.4542,-8.9771,2.379e-18,3.935e-18,8.038e-18,0.0,52.59,0
BottomS23967,13.5321,-9.4091,8.424e-20,9.418e-20,8.705e-20,0.0007,52.89,0
BottomS23968,13.3616,-9.3560,1.321e-18,2.195e-18,4.622e-18,0.0002,52.43,0
BottomS23969,13.3758,-9.2877,1.536e-20,1.844e-20,1.940e-20,0.0006,53.46,0
BottomS23970,13.2292,-9.2934,6.211e-20,7.048e-20,6.763e-20,-0.0001,52.51,0
BottomS23971,13.6357,-9.4908,1.525e-18,1.314e-18,7.120e-19,0.0002,53.56,0
BottomS23972,13.5290,-9.0118,6.088e-14,4.731e-14,2.095e-14,0.0007,52.93,1
BottomS23974,13.6638,-9.3374,6.608e-18,5.258e-18,2.440e-18,-0.0004,53.7,0
BottomS23979,13.2830,-9.2525,2.883e-20,3.393e-20,3.479e-20,-0.0002,53.67,0
BottomS23980,13.3847,-9.1887,3.226e-19,3.162e-19,2.298e-19,0.0001,53.68,0
BottomS23983,13.4793,-9.4848,1.464e-18,2.546e-18,5.687e-18,-0.0002,53.7,0
BottomS23984,13.6861,-9.2725,2.133e-20,2.609e-20,2.911e-20,-0.0,53.51,0
BottomS23986,13.4046,-9.3590,5.258e-19,5.053e-19,3.302e-19,0.0004,52.97,0
BottomS23991,13.5576,-9.2399,5.866e-20,6.902e-20,7.029e-20,-0.0013,53.83,0
BottomS23994,13.6477,-9.3101,1.173e-18,9.687e-19,4.757e-19,-0.0001,52.46,0
BottomS23997,13.3364,-9.1683,1.588e-20,1.992e-20,2.243e-20,-0.0002,52.7,0
BottomS24001,13.4500,-9.1242,1.431e-18,2.424e-18,5.128e-18,0.0005,52.07,0
BottomS24009,13.2600,-9.0952,1.819e-18,4.156e-18,1.655e-17,-0.0003,53.09,0
BottomS24012,13.3572,-9.4258,1.489e-18,2.243e-18,3.834e-18,-0.0011,53.38,0
BottomS24016,13.5021,-9.3091,1.700e-19,1.758e-19,1.344e-19,0.0006,52.52,0
BottomS24017,13.6401,-9.5798,1.122e-19,1.236e-19,1.123e-19,0.0003,52.23,0
BottomS24022,13.5154,-9.3603,1.259e-20,1.579e-20,1.806e-20,-0.0001,52.91,0
BottomS24024,13.6866,-9.3639,2.384e-20,2.946e-20,3.351e-20,0.0004,52.12,0
BottomS24029,13.4110,-9.2189,4.018e-18,3.201e-18,1.444e-18,-0.0001,53.09,0
BottomS24030,13.4021,-9.2345,1.007e-19,1.090e-19,9.188e-20,0.0004,52.39,0
BottomS24034,13.3556,-9.2536,2.577e-20,3.069e-20,3.149e-20,0.0,53.47,0
BottomS24035,13.4566,-9.2886,1.807e-20,2.418e-20,3.090e-20,0.0005,53.41,0
BottomS24038,13.5015,-9.4079,5.190e-20,6.006e-20,5.940e-20,-0.0001,52.34,0
BottomS24039,13.1838,-9.3478,2.040e-19,2.071e-19,1.554e-19,0.0007,53.09,0
BottomS24043,13.6349,-9.1913,4.024e-20,4.760e-20,4.808e-20,-0.0006,53.17,0
BottomS24045,13.4005,-9.2670,1.873e-12,9.804e-12,2.226e-10,-0.0004,52.55,0
BottomS24049,13.6156,-9.1217,8.096e-20,9.122e-20,8.426e-20,0.0004,53.5,0
BottomS24050,13.4694,-9.4027,2.320e-19,2.364e-19,1.753e-19,-0.0,52.88,0
BottomS24051,13.6074,-9.1758,5.307e-19,1.063e-18,3.233e-18,-0.0004,53.67,0
BottomS24052,13.5046,-9.3536,9.503e-20,1.062e-19,9.358e-20,-0.0006,52.83,0
BottomS24053,13.5137,-9.0507,6.813e-20,7.857e-20,7.324e-20,-0.0004,53.66,0
BottomS24054,13.1837,-9.3140,7.761e-20,8.252e-20,6.654e-20,-0.0001,53.61,0
BottomS24057,13.2708,-9.0878,1.383e-18,1.256e-18,7.302e-19,-0.0009,53.42,0
BottomS24061,13.3807,-9.4168,1.095e-20,1.434e-20,1.786e-20,0.0001,53.02,0
BottomS24064,13.3186,-9.1331,9.637e-20,1.045e-19,9.186e-20,0.0002,52.76,0
BottomS24067,13.5022,-9.1964,9.210e-19,1.888e-18,6.153e-18,0.0004,52.17,0
BottomS24068,13.1624,-9.0260,9.616e-19,8.776e-19,5.348e-19,0.0003,52.61,0
BottomS24070,13.5884,-9.3514,7.044e-19,6.784e-19,4.651e-19,0.0001,53.41,0
BottomS24080,13.3359,-8.9224,8.270e-20,9.221e-20,8.339e-20,0.0002,52.2,0
BottomS24085,13.5315,-9.2425,4.756e-20,5.418e-20,5.202e-20,0.0001,52.96,0
BottomS24091,13.5691,-9.3293,5.905e-20,6.600e-20,6.250e-20,-0.0003,52.44,0
BottomS24093,13.4946,-9.5172,3.527e-14,2.678e-14,1.132e-14,0.0001,53.21,1
BottomS24096,13.4425,-9.2848,1.385e-19,1.375e-19,9.401e-20,0.0005,51.79,0
BottomS24103,12.8532,-7.8261,9.000e-19,7.850e-19,4.446e-19,0.0001,53.48,0
BottomS24104,12.8432,-7.7884,3.816e-19,3.676e-19,2.404e-19,-0.0007,54.38,0
BottomS24106,12.8317,-7.7500,2.155e-20,2.609e-20,2.672e-20,0.0001,55.71,0
BottomS24108,12.8510,-7.7825,2.614e-20,3.092e-20,3.237e-20,-0.0008,55.03,0
BottomS24113,12.8470,-7.7886,2.162e-19,2.118e-19,1.486e-19,0.0008,53.63,0
BottomS24115,12.8656,-7.8097,1.967e-20,2.405e-20,2.608e-20,-0.0009,54.18,0
BottomS24116,12.8514,-7.7434,1.132e-19,1.222e-19,1.068e-19,-0.0004,55.69,0
BottomS24123,12.8606,-7.8011,4.299e-20,4.728e-20,4.096e-20,0.001,53.94,0
BottomS24124,12.8497,-7.7609,2.823e-19,2.798e-19,1.961e-19,-0.0011,55.95,0
BottomS24125,12.8314,-7.7871,2.109e-18,4.121e-18,1.138e-17,0.0001,54.65,0
BottomS24126,12.8490,-7.8039,8.698e-20,9.379e-20,7.673e-20,-0.0,53.52,0
BottomS24130,12.8500,-7.8091,8.991e-19,7.640e-19,4.097e-19,0.0001,53.46,0
BottomS24139,12.8451,-7.8013,5.640e-20,6.987e-20,7.611e-20,0.0003,53.75,0
BottomS24142,12.8239,-7.8428,3.574e-18,3.015e-18,1.512e-18,0.0,53.83,0
BottomS24144,12.8379,-7.7827,1.674e-20,2.048e-20,2.153e-20,0.0008,54.94,0
BottomS24151,12.8472,-7.7829,1.024e-19,1.192e-19,1.165e-19,0.0005,54.97,0
BottomS24152,12.8428,-7.7661,7.284e-20,8.337e-20,7.800e-20,0.0002,55.7,0
BottomS24160,12.8470,-7.7951,2.050e-20,2.537e-20,2.845e-20,0.0001,53.82,0
BottomS24163,12.8628,-7.8170,6.567e-20,7.466e-20,6.928e-20,-0.0004,53.65,0
BottomS24167,12.8249,-7.7259,2.852e-19,2.812e-19,1.995e-19,0.0001,55.69,0
BottomS24169,12.8367,-7.7548,4.129e-20,5.098e-20,5.540e-20,-0.001,55.95,0
BottomS24171,12.8534,-7.7663,8.992e-20,9.529e-20,7.589e-20,0.0003,55.59,0
BottomS24172,12.8424,-7.7994,1.884e-19,1.908e-19,1.462e-19,0.0002,54.04,0
BottomS24178,12.8563,-7.7938,1.822e-19,1.849e-19,1.367e-19,0.0005,54.25,0
BottomS24180,12.8368,-7.8117,3.116e-19,3.135e-19,2.279e-19,-0.0003,53.84,0
BottomS24181,12.8403,-7.7730,8.780e-19,1.358e-18,2.416e-18,-0.0002,55.62,0
BottomS24183,12.8481,-7.7739,1.657e-18,1.461e-18,8.369e-19,0.0013,55.37,0
BottomS24186,12.8532,-7.8169,7.896e-20,8.747e-20,7.675e-20,0.0005,53.36,0
BottomS24193,12.8498,-7.8014,5.706e-20,6.401e-20,5.800e-20,0.0006,53.66,0
BottomS24197,12.8550,-7.7699,1.453e-20,1.928e-20,2.487e-20,0.0006,55.38,0
BottomS24204,12.8424,-7.8370,1.065e-20,1.332e-20,1.553e-20,0.0,53.67,0
BottomS24206,12.8566,-7.8181,8.792e-19,1.453e-18,2.997e-18,-0.0003,53.53,0
BottomS24218,12.8317,-7.7905,3.314e-20,4.097e-20,4.462e-20,0.0,54.58,0
BottomS24227,12.8366,-7.7523,1.028e-18,8.777e-19,4.641e-19,0.0006,56.01,0
BottomS24228,12.8392,-7.7926,6.523e-20,7.139e-20,6.262e-20,0.0009,54.27,0
BottomS24237,12.8442,-7.7833,3.208e-18,5.544e-18,1.285e-17,-0.0001,55.04,0
BottomS24240,12.8538,-7.7871,1.377e-20,1.748e-20,2.073e-20,-0.0011,54.57,0
BottomS24244,12.8467,-7.7805,2.017e-18,1.678e-18,7.999e-19,0.0001,55.61,0
BottomS24247,12.8583,-7.7904,3.350e-19,3.380e-19,2.504e-19,-0.0004,54.43,0
BottomS24253,12.8448,-7.7655,2.713e-20,3.234e-20,3.233e-20,0.0004,55.93,0
BottomS24255,12.8509,-7.7918,4.885e-20,5.306e-20,4.652e-20,0.0002,53.8,0
BottomS24258,12.8538,-7.8110,1.088e-20,1.379e-20,1.670e-20,0.0003,53.4,0
BottomS24259,12.8483,-7.7657,8.042e-20,8.724e-20,7.307e-20,-0.0,55.73,0
BottomS24263,12.8506,-7.7985,1.895e-20,2.380e-20,2.754e-20,0.0005,53.76,0
BottomS24264,12.8228,-7.8090,6.496e-19,1.211e-18,3.228e-18,-0.0004,54.31,0
BottomS24266,12.8395,-7.8145,1.944e-18,3.099e-18,6.030e-18,0.0003,53.83,0
BottomS24267,12.8365,-7.8245,8.474e-20,9.059e-20,7.367e-20,0.0001,53.82,0
BottomS24286,12.8357,-7.8284,2.186e-19,2.153e-19,1.504e-19,-0.0003,53.96,0
BottomS24290,12.8387,-7.7831,1.565e-20,2.075e-20,2.652e-20,-0.0006,54.91,0
BottomS24295,12.8681,-7.8171,3.061e-19,3.022e-19,2.133e-19,0.0005,53.95,0
BottomS24298,12.8414,-7.8340,4.296e-18,6.557e-18,1.105e-17,-0.0,53.74,0
BottomS24304,12.8438,-7.6563,1.474e-20,1.891e-20,2.304e-20,0.0,55.81,0
BottomS24306,12.8521,-7.7972,2.473e-19,4.586e-19,1.152e-18,0.0008,53.89,0
BottomS24307,12.8389,-7.8501,6.054e-19,5.645e-19,3.476e-19,-0.0004,53.53,0
BottomS24311,12.8506,-7.7884,4.636e-19,4.464e-19,2.985e-19,-0.0001,54.32,0
BottomS24313,12.8514,-7.7878,1.191e-19,1.205e-19,8.900e-20,0.0002,54.46,0
BottomS24317,12.8412,-7.7832,9.622e-20,1.028e-19,8.464e-20,0.0002,55.54,0
BottomS24328,12.8406,-7.7780,4.299e-20,5.062e-20,5.163e-20,0.0002,55.5,0
BottomS24329,12.8251,-7.7682,2.707e-14,1.916e-14,7.193e-15,-0.0004,55.1,0
BottomS24332,12.9108,-7.8217,2.349e-19,2.443e-19,1.968e-19,-0.0003,54.4,0
BottomS24336,12.8361,-7.7929,2.189e-20,2.661e-20,2.783e-20,0.0005,54.5,0
BottomS24337,12.8414,-7.7810,1.085e-18,2.616e-18,1.213e-17,0.0002,55.41,0
BottomS24341,12.8350,-7.7811,5.247e-19,4.907e-19,3.231e-19,-0.0003,54.89,0
BottomS24344,12.8184,-7.7166,4.420e-14,3.118e-14,1.168e-14,0.0004,55.72,0
BottomS24351,12.8458,-7.7803,5.813e-19,1.159e-18,3.453e-18,0.0005,55.1,0
BottomS24352,12.8322,-7.7749,6.367e-18,5.020e-18,2.242e-18,-0.0001,55.25,0
BottomS24353,12.8393,-7.7790,5.102e-18,4.274e-18,2.148e-18,0.0008,55.06,0
BottomS24355,12.8425,-7.7837,4.218e-19,4.010e-19,2.575e-19,-0.0003,54.8,0
BottomS24357,12.8566,-7.7912,4.439e-14,3.278e-14,1.289e-14,0.0008,54.31,0
BottomS24358,12.8459,-7.7740,4.437e-14,3.168e-14,1.205e-14,0.0004,55.28,0
BottomS24360,12.8303,-7.7939,2.215e-20,2.633e-20,2.712e-20,0.0004,54.19,0
BottomS24361,12.8326,-7.7645,4.334e-20,4.963e-20,4.669e-20,0.0002,55.75,0
BottomS24364,12.8590,-7.7910,9.125e-19,1.761e-18,5.204e-18,0.0004,54.31,0
BottomS24365,12.8396,-7.7745,9.127e-18,1.625e-17,3.814e-17,0.0001,55.64,0
BottomS24367,12.8478,-7.8001,1.187e-18,2.026e-18,4.264e-18,0.0006,53.79,0
BottomS24369,12.8393,-7.8075,3.692e-19,6.759e-19,1.699e-18,-0.0002,53.58,0
BottomS24378,12.8482,-7.7976,1.208e-19,1.298e-19,1.082e-19,-0.0009,53.71,0
BottomS24379,12.8426,-7.7790,1.269e-18,1.115e-18,6.378e-19,0.0001,55.2,0
BottomS24380,12.8447,-7.7853,8.295e-20,9.231e-20,8.407e-20,-0.0004,54.82,0
BottomS24382,12.8409,-7.7971,3.302e-20,4.089e-20,4.495e-20,0.0003,53.74,0
BottomS24383,12.8464,-7.7851,5.699e-20,6.413e-20,5.994e-20,0.0,54.76,0
BottomS24385,12.8610,-7.7942,2.937e-18,7.047e-18,3.151e-17,0.0003,53.55,0
BottomS24386,12.8541,-7.7705,1.170e-20,1.613e-20,2.231e-20,0.0,55.44,0
BottomS24387,12.8367,-7.7734,5.051e-20,5.988e-20,6.135e-20,0.0002,55.31,0
BottomS24388,12.8362,-7.7859,4.743e-14,3.613e-14,1.517e-14,-0.0,55.13,1
BottomS24389,12.8449,-7.7781,6.682e-19,8.737e-19,1.071e-18,0.0003,55.54,0
BottomS24394,12.8423,-7.8009,2.549e-20,3.368e-20,4.381e-20,0.0002,53.57,0
BottomS24395,12.8507,-7.7872,3.068e-20,3.763e-20,4.072e-20,0.0002,54.51,0
BottomS24396,12.8473,-7.7850,1.224e-14,8.240e-15,2.701e-15,0.0002,55.19,0
BottomS24399,12.8621,-7.7972,2.186e-19,2.257e-19,1.778e-19,-0.0001,53.97,0
BottomS24403,12.8336,-7.7982,1.747e-18,3.027e-18,6.723e-18,-0.0002,54.26,0
BottomS24405,12.8680,-7.7802,8.380e-20,8.887e-20,7.030e-20,0.0001,55.18,0
BottomS24406,12.8373,-7.7715,1.073e-18,1.898e-18,4.337e-18,-0.0002,55.59,0
BottomS24408,12.8631,-7.8073,1.616e-18,1.345e-18,6.943e-19,0.0001,53.73,0
BottomS24411,12.8672,-7.8094,4.202e-20,5.015e-20,5.150e-20,0.0007,53.47,0
BottomS24413,12.8626,-7.7697,1.223e-17,9.451e-18,4.040e-18,0.0006,55.86,1
BottomS24416,12.8566,-7.7804,9.585e-15,6.389e-15,2.085e-15,-0.0001,55.27,0
BottomS24417,12.8397,-7.7817,1.044e-19,1.158e-19,1.028e-19,0.0003,55.04,0
BottomS24419,12.8525,-7.7850,2.955e-19,3.017e-19,2.293e-19,-0.0012,54.78,0
BottomS24420,12.8395,-7.7715,2.198e-18,1.944e-18,1.129e-18,-0.0004,55.76,0
BottomS24422,12.8524,-7.7621,7.101e-20,7.596e-20,6.375e-20,0.0008,55.97,0
BottomS24423,12.8398,-7.7649,3.294e-20,4.073e-20,4.545e-20,0.0001,55.95,0
BottomS24426,12.8381,-7.7717,1.617e-18,1.465e-18,8.952e-19,0.0001,55.69,0
BottomS24428,12.8694,-7.7957,8.866e-18,2.614e-17,1.827e-16,0.0002,54.05,0
BottomS24430,12.8425,-7.7710,1.722e-18,1.550e-18,9.184e-19,-0.0008,55.68,0
BottomS24431,12.8368,-7.7771,3.875e-20,4.585e-20,4.704e-20,0.0,55.71,0
BottomS24433,12.8609,-7.7809,3.717e-20,4.534e-20,4.940e-20,0.0002,55.52,0
BottomS24436,12.8426,-7.7818,6.826e-20,7.657e-20,7.068e-20,-0.0004,54.91,0
BottomS24438,12.8296,-7.7552,8.186e-20,8.821e-20,7.139e-20,-0.0002,55.69,0
BottomS24439,12.8594,-7.7808,5.556e-19,9.271e-19,1.866e-18,0.0006,55.56,0
BottomS24441,12.8377,-7.7904,6.961e-14,6.161e-14,3.436e-14,0.0005,53.95,1
BottomS24443,12.8460,-7.7722,1.050e-18,1.915e-18,4.589e-18,-0.0008,55.33,0
BottomS24444,12.8528,-7.7729,6.536e-19,6.401e-19,4.559e-19,-0.0001,55.57,0
BottomS24448,12.8334,-7.7829,5.856e-19,8.992e-19,1.561e-18,-0.0006,55.02,0
BottomS24450,12.8528,-7.7803,1.965e-14,1.381e-14,4.788e-15,-0.0002,55.04,0
BottomS24454,12.8311,-7.7801,1.103e-18,9.386e-19,4.961e-19,0.001,55.21,0
BottomS24457,12.8525,-7.7927,6.633e-19,6.254e-19,4.019e-19,-0.0003,53.99,0
BottomS24458,12.8674,-7.7973,9.824e-19,1.681e-18,3.773e-18,-0.0006,53.64,0
BottomS24459,12.8529,-7.8006,4.396e-14,3.237e-14,1.271e-14,0.0003,53.63,0
BottomS24461,12.8550,-7.7714,1.232e-18,1.066e-18,5.850e-19,-0.0004,55.51,0
BottomS24462,12.8430,-7.8048,3.908e-14,2.790e-14,9.948e-15,0.0002,53.54,0
BottomS24463,12.8398,-7.7589,8.348e-18,6.571e-18,2.948e-18,-0.0006,55.8,0
BottomS24467,12.8313,-7.7873,1.076e-18,1.775e-18,3.676e-18,-0.001,54.4,0
BottomS24468,12.8301,-7.7655,5.466e-19,9.013e-19,1.849e-18,0.0003,55.94,0
BottomS24469,12.8351,-7.7979,8.553e-19,7.999e-19,5.211e-19,-0.0001,53.74,0
BottomS24470,12.8437,-7.8047,1.470e-19,1.635e-19,1.456e-19,0.0,53.53,0
BottomS24471,12.8628,-7.7749,1.930e-18,3.448e-18,8.005e-18,-0.0013,55.55,0
BottomS24472,12.8344,-7.8083,7.056e-20,8.056e-20,7.367e-20,-0.0011,53.52,0
BottomS24474,12.8518,-7.8202,2.948e-18,2.531e-18,1.337e-18,0.0004,53.41,0
BottomS24475,12.8394,-7.7710,5.011e-18,4.177e-18,2.096e-18,0.0001,55.51,0
BottomS24477,12.8406,-7.7860,2.660e-18,2.191e-18,1.051e-18,0.0011,54.69,0
BottomS24478,12.8213,-7.7569,3.796e-18,2.976e-18,1.322e-18,0.0006,55.83,0
BottomS24480,12.8464,-7.8056,1.332e-17,1.005e-17,4.135e-18,0.0001,53.77,1
BottomS24482,12.8326,-7.7770,2.728e-18,4.628e-18,9.993e-18,-0.0007,55.39,0
BottomS24484,12.8445,-7.7828,3.787e-20,4.381e-20,4.384e-20,0.0002,55.73,0
BottomS24487,12.8633,-7.7719,2.592e-18,2.258e-18,1.216e-18,0.0008,55.59,0
BottomS24490,12.8478,-7.7869,1.295e-19,1.350e-19,1.084e-19,-0.0003,54.61,0
BottomS24491,12.8336,-7.8001,3.827e-14,2.710e-14,1.002e-14,0.0002,53.72,0
BottomS24494,12.8413,-7.8018,8.933e-19,1.666e-18,4.354e-18,0.0009,53.8,0
BottomS24497,12.8511,-7.8021,9.946e-19,1.576e-18,2.906e-18,0.0003,53.55,0
BottomS24498,12.8450,-7.8064,1.263e-18,1.937e-18,3.410e-18,-0.0002,53.45,0
BottomS24499,12.8509,-7.8030,2.295e-18,4.800e-18,1.579e-17,0.0011,53.55,0
BottomS24500,12.8430,-7.8018,3.868e-20,4.482e-20,4.471e-20,0.0003,53.61,0
BottomS24501,12.8417,-7.7945,2.369e-18,5.792e-18,2.686e-17,-0.0004,54.03,0
BottomS24502,12.8447,-7.7632,2.565e-20,3.185e-20,3.522e-20,0.0004,55.91,0
BottomS24503,12.8461,-7.7663,2.919e-20,3.629e-20,3.956e-20,0.0003,55.88,0
BottomS24504,12.8442,-7.7997,4.496e-18,3.646e-18,1.783e-18,-0.0008,53.73,0
BottomS24506,12.8487,-7.7707,2.348e-19,4.008e-19,8.876e-19,-0.0005,55.6,0
BottomS24509,12.8510,-7.7939,7.093e-19,6.451e-19,3.818e-19,-0.0005,53.92,0
BottomS24510,12.8474,-7.8141,5.177e-20,6.117e-20,6.277e-20,-0.0003,53.43,0
BottomS24513,12.8452,-7.8067,1.635e-19,1.612e-19,1.148e-19,0.0005,53.51,0
BottomS24514,12.8530,-7.7547,3.196e-18,2.673e-18,1.343e-18,0.0,55.92,0
BottomS24518,12.8474,-7.7659,4.892e-19,9.046e-19,2.234e-18,0.0001,55.89,0
BottomS24521,12.8443,-7.8082,3.117e-19,3.063e-19,2.135e-19,0.0003,53.51,0
BottomS24523,12.8431,-7.7586,5.686e-18,4.415e-18,1.993e-18,-0.0004,55.98,0
BottomS24525,12.8414,-7.8043,1.672e-19,1.734e-19,1.323e-19,-0.0,53.71,0
BottomS24527,12.8446,-7.8045,2.254e-18,3.835e-18,8.217e-18,0.0001,53.56,0
BottomS24528,12.8468,-7.7724,5.951e-19,5.550e-19,3.474e-19,0.0007,55.7,0
BottomS24530,12.8477,-7.7696,8.580e-19,7.832e-19,4.626e-19,0.0003,55.71,0
BottomS24532,12.8423,-7.7524,2.163e-18,5.550e-18,2.826e-17,-0.0012,55.99,0
BottomS24533,12.8511,-7.7752,4.400e-14,4.330e-14,3.070e-14,0.0004,55.52,1
BottomS24534,12.8467,-7.7572,3.879e-14,3.095e-14,1.430e-14,-0.0005,56.02,1
BottomS24535,12.8410,-7.8077,6.344e-19,5.666e-19,3.355e-19,-0.0003,53.46,0
BottomS24538,12.8499,-7.8146,1.850e-20,2.416e-20,2.920e-20,-0.0007,53.41,0
BottomS24542,12.8542,-7.7668,1.093e-18,1.741e-18,3.212e-18,-0.0004,55.94,0
BottomS24543,12.8451,-7.8139,3.067e-18,2.651e-18,1.449e-18,-0.0001,53.51,0
BottomS24544,12.8523,-7.7597,4.055e-18,3.398e-18,1.710e-18,0.0002,55.83,0
BottomS24545,12.8465,-7.7732,2.850e-20,3.629e-20,4.375e-20,0.0006,55.62,0
BottomS24548,12.8473,-7.7571,4.240e-20,4.862e-20,4.573e-20,0.0003,55.82,0
BottomS24549,12.8418,-7.7549,1.523e-19,1.655e-19,1.401e-19,0.0,55.94,0
BottomS24551,12.8479,-7.8107,3.036e-19,5.282e-19,1.216e-18,0.0007,53.43,0
BottomS24556,12.8406,-7.7647,3.931e-20,4.545e-20,4.581e-20,0.0002,55.98,0
BottomS24557,12.8461,-7.8127,6.320e-19,5.997e-19,3.885e-19,-0.0001,53.5,0
BottomS24560,12.8510,-7.8083,5.583e-19,5.169e-19,3.165e-19,-0.0003,53.41,0
BottomS24561,12.8464,-7.7561,4.839e-19,4.580e-19,3.094e-19,0.001,55.95,0
BottomS24562,12.8501,-7.8090,4.678e-20,5.427e-20,5.274e-20,0.0003,53.48,0
BottomS24563,12.8439,-7.8041,2.188e-18,1.834e-18,9.375e-19,-0.0004,53.51,0
BottomS24564,12.8443,-7.7676,6.632e-18,5.052e-18,2.148e-18,-0.0002,55.81,0
BottomS24567,12.8477,-7.7624,2.798e-14,1.904e-14,6.478e-15,-0.0012,55.88,0
BottomS24569,12.8486,-7.8060,2.788e-18,2.444e-18,1.358e-18,0.0001,53.46,0
BottomS24571,12.8449,-7.7607,3.835e-20,4.400e-20,4.296e-20,0.0003,55.93,0
BottomS24572,12.8454,-7.8128,1.766e-19,1.902e-19,1.612e-19,0.0006,53.59,0
BottomS24574,12.8450,-7.8066,2.389e-18,3.277e-18,4.502e-18,-0.0002,53.46,0
BottomS24576,12.8428,-7.7700,3.215e-20,3.907e-20,4.126e-20,-0.0003,55.79,0
BottomS24580,12.8481,-7.8163,1.946e-18,1.692e-18,9.297e-19,-0.0003,53.43,0
BottomS24581,12.8519,-7.8147,3.732e-19,3.527e-19,2.362e-19,0.001,53.36,0
BottomS24582,12.8446,-7.8071,4.189e-20,4.935e-20,4.962e-20,-0.0003,53.6,0
BottomS24584,12.8480,-7.7603,6.965e-18,5.485e-18,2.457e-18,0.0007,55.81,0
BottomS24585,12.8463,-7.8142,7.934e-19,7.492e-19,4.795e-19,0.0001,53.45,0
BottomS24586,12.8507,-7.8184,3.970e-19,4.191e-19,3.325e-19,-0.0002,53.39,0
BottomS24589,12.8433,-7.7574,1.951e-20,2.437e-20,2.750e-20,-0.0005,55.98,0
BottomS24592,12.8459,-7.8094,3.185e-20,3.942e-20,4.426e-20,-0.001,53.69,0
BottomS24596,12.8505,-7.7568,2.860e-14,2.187e-14,9.163e-15,0.0006,55.82,1
BottomS24598,12.8446,-7.8092,2.753e-19,5.099e-19,1.288e-18,0.0007,53.49,0
BottomS24599,12.8453,-7.7552,5.297e-19,8.358e-19,1.508e-18,-0.0003,55.9,0
BottomS24600,12.8513,-7.8140,1.015e-18,9.150e-19,5.447e-19,-0.0008,53.4,0
BottomS24601,12.8461,-7.7564,1.376e-20,1.770e-20,2.138e-20,-0.0008,55.92,0
BottomS24604,12.8473,-7.8149,6.632e-19,6.321e-19,4.085e-19,0.0008,53.45,0
BottomS24605,12.8489,-7.8059,1.734e-18,1.448e-18,7.410e-19,-0.0002,53.54,0
BottomS24606,12.8521,-7.7581,2.613e-19,2.637e-19,1.909e-19,-0.0006,55.9,0
BottomS24607,12.8495,-7.8165,4.788e-20,5.405e-20,5.006e-20,0.0002,53.41,0
BottomS24610,12.8514,-7.7619,6.063e-14,5.048e-14,2.620e-14,0.0001,55.91,1
BottomS24612,12.8499,-7.7561,2.532e-19,2.482e-19,1.772e-19,-0.0003,55.94,0
BottomS24613,12.8448,-7.7538,1.165e-19,1.279e-19,1.139e-19,0.0006,55.95,0
BottomS24615,12.8459,-7.8135,2.115e-19,2.108e-19,1.557e-19,-0.0001,53.4,0
BottomS24617,12.8552,-7.8236,3.907e-20,4.553e-20,4.466e-20,0.0004,53.45,0
BottomS24618,12.8435,-7.8190,1.143e-20,1.476e-20,1.834e-20,0.0,53.48,0
BottomS24619,12.8473,-7.7480,3.788e-18,3.163e-18,1.610e-18,-0.0008,55.89,0
BottomS24621,12.8422,-7.8214,1.102e-19,1.212e-19,1.058e-19,-0.0002,53.52,0
BottomS24626,12.8464,-7.7489,4.794e-14,3.486e-14,1.371e-14,0.0001,55.93,0
BottomS24627,12.8453,-7.8232,8.228e-18,6.743e-18,3.291e-18,0.0004,53.56,0
BottomS24628,12.8501,-7.8214,3.718e-14,3.059e-14,1.540e-14,0.0002,53.45,1
BottomS24631,12.8454,-7.8329,3.081e-20,3.690e-20,3.926e-20,0.0001,53.55,0
BottomS24633,12.8494,-7.7586,1.409e-18,1.231e-18,6.900e-19,-0.0003,55.94,0
BottomS24635,12.8438,-7.8174,1.238e-18,2.234e-18,5.466e-18,-0.0008,53.58,0
BottomS24636,12.8463,-7.8361,1.285e-19,1.330e-19,1.024e-19,0.0001,53.57,0
BottomS24637,12.8450,-7.7500,3.722e-19,3.409e-19,2.076e-19,-0.0003,55.92,0
BottomS24639,12.8415,-7.8210,2.652e-18,2.221e-18,1.137e-18,0.0004,53.59,0
BottomS24640,12.8465,-7.8319,8.098e-19,7.558e-19,4.884e-19,0.0006,53.55,0
BottomS24641,12.8474,-7.7510,2.209e-19,2.293e-19,1.830e-19,0.0006,55.9,0
BottomS24642,12.8430,-7.8240,9.020e-20,9.533e-20,7.877e-20,-0.0005,53.49,0
BottomS24643,12.8437,-7.7566,1.427e-19,1.495e-19,1.181e-19,0.0006,55.91,0
BottomS24646,12.8450,-7.7395,1.669e-18,2.531e-18,4.385e-18,-0.0002,55.86,0
BottomS24648,12.8442,-7.8269,1.973e-18,4.258e-18,1.514e-17,-0.0007,53.51,0
BottomS24650,12.8464,-7.7545,2.993e-20,3.837e-20,4.580e-20,-0.0005,55.77,0
BottomS24651,12.8469,-7.8303,1.369e-19,1.480e-19,1.244e-19,-0.0001,53.52,0
BottomS24652,12.8496,-7.8228,2.012e-19,1.977e-19,1.427e-19,-0.0001,53.47,0
BottomS24653,12.8517,-7.7469,1.542e-19,1.622e-19,1.299e-19,0.0002,55.88,0
BottomS24656,12.8443,-7.8304,2.070e-20,2.569e-20,2.914e-20,0.0006,53.6,0
BottomS24657,12.8452,-7.7509,2.167e-20,2.657e-20,2.778e-20,-0.0003,55.83,0
BottomS24661,12.8425,-7.7429,1.198e-18,1.077e-18,6.151e-19,0.0003,55.9,0
BottomS24662,12.8462,-7.7376,1.056e-18,1.770e-18,3.718e-18,0.0001,55.84,0
BottomS24663,12.8439,-7.8280,3.612e-18,2.967e-18,1.434e-18,0.0002,53.56,0
BottomS24664,12.8427,-7.7421,3.374e-20,4.128e-20,4.518e-20,-0.0003,55.91,0
BottomS24665,12.8453,-7.8355,3.933e-19,3.664e-19,2.250e-19,0.0001,53.57,0
BottomS24666,12.8450,-7.7378,1.408e-19,1.429e-19,1.078e-19,0.0006,55.86,0
BottomS24668,12.8480,-7.8256,1.585e-18,1.398e-18,8.074e-19,-0.001,53.5,0
BottomS24673,12.8445,-7.7292,1.150e-18,1.068e-18,6.431e-19,0.001,55.81,0
BottomS24676,12.8422,-7.8276,4.695e-18,3.676e-18,1.682e-18,-0.0003,53.51,0
BottomS24677,12.8449,-7.7454,2.276e-19,2.387e-19,1.888e-19,-0.0011,55.87,0
BottomS24680,12.8474,-7.8342,1.280e-18,2.377e-18,5.969e-18,-0.0002,53.56,0
BottomS24683,12.8426,-7.7355,9.216e-20,1.085e-19,1.102e-19,-0.0005,55.87,0
BottomS24685,12.8476,-7.8291,5.257e-18,4.285e-18,2.043e-18,0.0004,53.53,0
BottomS24689,12.8491,-7.8243,6.934e-20,7.829e-20,7.320e-20,0.0003,53.46,0
BottomS24690,12.8451,-7.7406,5.766e-18,4.502e-18,1.982e-18,0.0006,55.78,0
BottomS24691,12.8463,-7.7320,1.666e-19,1.698e-19,1.313e-19,0.0004,55.81,0
BottomS24692,12.8517,-7.7343,2.092e-17,1.611e-17,6.651e-18,0.0002,55.79,1
BottomS24693,12.8500,-7.7432,1.012e-20,1.396e-20,1.914e-20,0.0002,55.8,0
BottomS24694,12.8462,-7.8442,3.874e-20,4.711e-20,5.157e-20,0.0008,53.59,0
BottomS24696,12.8512,-7.7378,2.960e-18,4.475e-18,7.406e-18,0.0005,55.83,0
BottomS24700,12.8486,-7.7362,1.164e-20,1.551e-20,2.029e-20,0.001,55.81,0
BottomS24704,12.8459,-7.7407,1.584e-18,1.396e-18,7.659e-19,0.0002,55.85,0
BottomS24709,12.8464,-7.7307,3.790e-18,6.001e-18,1.185e-17,-0.0003,55.71,0
BottomS24710,12.8463,-7.8249,6.134e-19,5.327e-19,2.986e-19,0.0001,53.48,0
BottomS24712,12.8502,-7.7331,1.903e-18,3.702e-18,1.031e-17,-0.0001,55.77,0
BottomS24715,12.8489,-7.8475,1.607e-20,1.895e-20,1.876e-20,-0.0003,53.55,0
BottomS24716,12.8480,-7.8475,1.043e-17,7.647e-18,2.984e-18,-0.0,53.57,0
BottomS24717,12.8540,-7.8440,6.481e-19,5.922e-19,3.663e-19,0.0005,53.53,0
BottomS24718,12.8473,-7.8401,4.426e-19,4.248e-19,2.881e-19,-0.0003,53.6,0
BottomS24721,12.8440,-7.8319,1.917e-19,1.949e-19,1.419e-19,0.0,53.55,0
BottomS24722,12.8443,-7.7302,1.769e-18,1.541e-18,8.278e-19,-0.0002,55.87,0
BottomS24724,12.8468,-7.7364,1.657e-18,1.509e-18,9.041e-19,-0.0,55.79,0
BottomS24726,12.8469,-7.8434,1.766e-19,1.815e-19,1.421e-19,-0.0001,53.59,0
BottomS24729,12.8422,-7.7289,1.148e-20,1.491e-20,1.783e-20,-0.0003,55.76,0
BottomS24733,12.8510,-7.8462,9.485e-19,8.479e-19,4.733e-19,-0.0008,53.56,0
BottomS24735,12.8371,-7.8498,1.884e-18,1.573e-18,7.952e-19,0.0004,53.52,0
BottomS24736,12.8444,-7.8388,2.605e-17,2.021e-17,8.651e-18,-0.0009,53.61,0
BottomS24738,12.8459,-7.8418,3.393e-19,3.370e-19,2.415e-19,0.0003,53.63,0
BottomS24739,12.8466,-7.7255,2.554e-16,1.731e-16,5.867e-17,0.0007,55.83,0
BottomS24740,12.8458,-7.7288,1.954e-17,1.517e-17,6.595e-18,0.0008,55.81,1
BottomS24741,12.8468,-7.8426,1.068e-17,8.429e-18,3.702e-18,0.0001,53.62,1
BottomS24742,12.8474,-7.8417,2.276e-18,1.965e-18,1.023e-18,0.0002,53.62,0
BottomS24743,12.8466,-7.7242,3.137e-17,2.456e-17,1.030e-17,0.0009,55.84,1
BottomS24744,12.8447,-7.7252,3.398e-17,2.618e-17,1.096e-17,0.0009,55.76,0
BottomS24745,12.8476,-7.8419,8.356e-17,5.964e-17,2.272e-17,-0.0012,53.52,0
BottomS24746,12.8485,-7.8462,2.040e-16,1.381e-16,4.616e-17,0.0006,53.54,0
BottomS24747,12.8498,-7.8417,2.392e-14,1.759e-14,6.909e-15,-0.0005,53.58,0
BottomS24748,12.8422,-7.7232,7.134e-15,9.982e-15,1.412e-14,-0.0004,55.8,0
BottomS24749,12.8418,-7.7229,2.871e-18,2.424e-18,1.292e-18,-0.0004,55.85,0
BottomS24750,12.8508,-7.8436,2.754e-18,5.480e-18,1.629e-17,0.0002,53.5,0
BottomS24751,12.8412,-7.7204,8.081e-17,5.515e-17,1.885e-17,0.0006,55.9,0
BottomS24752,12.8414,-7.7217,8.907e-19,8.153e-19,4.761e-19,-0.0,55.87,0
BottomS24753,12.8407,-7.7227,2.567e-16,1.756e-16,6.061e-17,0.0002,55.87,0
BottomS24754,12.8522,-7.8501,1.393e-16,9.578e-17,3.292e-17,-0.0001,53.49,0
BottomS24755,12.8536,-7.8504,5.134e-17,3.716e-17,1.437e-17,0.0004,53.53,0
BottomS24756,12.8397,-7.7229,5.601e-14,3.921e-14,1.419e-14,0.0006,55.89,0
BottomS24757,12.8533,-7.8480,2.243e-18,2.003e-18,1.141e-18,0.0011,53.54,0
BottomS24758,12.8535,-7.8509,1.028e-17,8.008e-18,3.518e-18,0.0003,53.46,1
BottomS24760,12.8373,-7.7198,6.792e-14,5.151e-14,2.173e-14,-0.0004,55.95,1
BottomS24761,12.8376,-7.7228,1.076e-17,8.371e-18,3.657e-18,0.0001,55.9,1
BottomS24762,12.8575,-7.8527,4.602e-19,4.464e-19,3.007e-19,-0.0004,53.52,0
BottomS24763,12.8575,-7.8517,2.878e-17,2.137e-17,8.159e-18,0.0004,53.47,0
BottomS24764,12.8353,-7.7192,6.979e-18,5.311e-18,2.293e-18,-0.0007,55.92,0
BottomS24765,12.8342,-7.7205,6.575e-18,5.030e-18,2.183e-18,0.0001,55.9,0
BottomS24766,12.8586,-7.8545,2.574e-19,2.658e-19,2.084e-19,-0.0005,53.52,0
BottomS24767,12.8580,-7.8521,2.298e-18,2.070e-18,1.198e-18,-0.0,53.5,0
BottomS24768,12.8322,-7.7132,1.150e-18,1.066e-18,6.575e-19,0.0005,55.94,0
BottomS24770,12.8316,-7.7173,2.464e-18,2.101e-18,1.074e-18,-0.0,55.89,0
BottomS24771,12.8304,-7.7170,8.790e-17,6.272e-17,2.289e-17,-0.0003,55.9,0
BottomS24772,12.8322,-7.7196,2.189e-17,1.618e-17,6.360e-18,0.0,55.87,0
BottomS24773,12.8639,-7.8526,1.183e-18,1.729e-18,2.690e-18,-0.0,53.57,0
BottomS24774,12.8305,-7.7177,5.509e-19,5.421e-19,3.854e-19,-0.0004,55.86,0
BottomS24775,12.8285,-7.7155,3.442e-19,3.352e-19,2.317e-19,-0.0004,55.9,0
BottomS24776,12.8648,-7.8541,4.422e-18,3.527e-18,1.603e-18,0.0002,53.57,0
BottomS24777,12.8276,-7.7211,5.759e-14,4.470e-14,1.963e-14,0.0004,55.84,1
BottomS24778,12.8650,-7.8527,6.721e-17,4.916e-17,1.888e-17,-0.0004,53.54,0
BottomS24779,12.8662,-7.8558,2.562e-17,1.939e-17,8.168e-18,-0.0,53.53,1
BottomS24780,12.8679,-7.8506,9.447e-17,6.845e-17,2.611e-17,0.0004,53.62,0
BottomS24781,12.8254,-7.7234,6.888e-19,1.506e-18,5.484e-18,-0.0004,55.77,0
BottomS24782,12.8244,-7.7214,2.525e-17,1.898e-17,7.766e-18,0.0005,55.8,0
BottomS24783,12.8250,-7.7209,9.163e-17,6.612e-17,2.447e-17,-0.001,55.81,0
BottomS24784,12.8240,-7.7228,6.913e-19,1.439e-18,4.708e-18,-0.0,55.77,0
BottomS24785,12.8232,-7.7273,1.677e-17,1.262e-17,5.179e-18,0.0004,55.75,0
BottomS24786,12.8693,-7.8460,7.130e-19,6.743e-19,4.307e-19,-0.0,53.6,0
BottomS24787,12.8227,-7.7250,2.123e-14,2.517e-14,2.496e-14,0.0003,55.7,0
BottomS24788,12.8208,-7.7261,2.244e-18,3.366e-18,5.609e-18,-0.0001,55.64,0
BottomS24789,12.8205,-7.7260,2.624e-17,1.935e-17,7.581e-18,-0.0002,55.7,0
BottomS24790,12.8209,-7.7288,2.992e-17,2.181e-17,8.396e-18,0.0005,55.6,0
BottomS24791,12.8190,-7.7290,2.072e-16,1.418e-16,4.781e-17,-0.0004,55.65,0
BottomS24792,12.8745,-7.8433,6.177e-20,7.132e-20,7.178e-20,0.0004,53.72,0
BottomS24793,12.8197,-7.7315,8.151e-14,6.331e-14,2.788e-14,-0.0002,55.63,1
BottomS24794,12.8189,-7.7318,7.439e-18,6.166e-18,3.090e-18,-0.0,55.59,0
BottomS24795,12.8192,-7.7318,1.174e-19,1.345e-19,1.240e-19,0.0004,55.56,0
BottomS24797,12.8182,-7.7359,2.355e-16,1.597e-16,5.312e-17,0.0004,55.57,0
BottomS24798,12.8766,-7.8333,3.111e-18,2.585e-18,1.246e-18,0.0008,53.84,0
BottomS24799,12.8804,-7.8340,3.968e-17,2.813e-17,1.027e-17,-0.0,53.95,0
BottomS24800,12.8156,-7.7418,3.925e-20,4.729e-20,4.991e-20,-0.0003,55.44,0
BottomS24801,12.8778,-7.8292,7.937e-14,6.549e-14,3.212e-14,0.0002,53.97,1
BottomS24802,12.8137,-7.7427,4.154e-17,3.020e-17,1.144e-17,-0.0003,55.39,0
BottomS24803,12.8779,-7.8243,1.185e-16,8.477e-17,3.105e-17,0.0012,54.09,0
BottomS24804,12.8802,-7.8259,3.467e-18,2.848e-18,1.375e-18,-0.0003,54.08,0
BottomS24805,12.8799,-7.8222,2.097e-17,1.521e-17,5.706e-18,-0.0008,54.09,0
BottomS24806,12.8792,-7.8203,1.593e-18,1.399e-18,7.802e-19,-0.0003,54.09,0
BottomS24807,12.8785,-7.8186,8.138e-18,6.512e-18,3.006e-18,-0.0003,54.14,0
BottomS24808,12.8126,-7.7532,1.165e-17,9.506e-18,4.516e-18,-0.0005,55.22,0
BottomS24809,12.8133,-7.7575,6.271e-18,4.908e-18,2.240e-18,-0.0007,55.18,0
BottomS24810,12.8115,-7.7587,1.866e-17,5.443e-17,3.526e-16,0.0004,55.1,0
BottomS24811,12.8794,-7.8084,2.445e-19,2.455e-19,1.805e-19,0.0005,54.27,0
BottomS24812,12.8791,-7.8056,3.379e-14,2.993e-14,1.703e-14,-0.0001,54.37,1
BottomS24813,12.8113,-7.7669,5.678e-19,5.540e-19,3.745e-19,-0.0002,55.0,0
BottomS24814,12.8109,-7.7689,6.338e-17,4.675e-17,1.823e-17,-0.0006,54.96,0
BottomS24815,12.8806,-7.7995,2.405e-18,5.004e-18,1.697e-17,0.0003,54.51,0
BottomS24816,12.8129,-7.7759,4.733e-18,4.128e-18,2.203e-18,-0.0008,54.89,0
BottomS24817,12.8112,-7.7768,8.533e-18,6.482e-18,2.764e-18,0.0004,54.83,1
BottomS24818,12.8806,-7.7907,7.599e-17,5.592e-17,2.253e-17,-0.0004,54.59,0
BottomS24819,12.8824,-7.7888,2.482e-19,2.492e-19,1.796e-19,0.0005,54.6,0
BottomS24820,12.8133,-7.7887,5.643e-18,4.497e-18,2.026e-18,0.0001,54.69,1
BottomS24821,12.8089,-7.7880,3.072e-14,2.154e-14,7.923e-15,-0.0006,54.7,0
BottomS24822,12.8824,-7.7811,9.686e-17,6.890e-17,2.550e-17,0.0003,54.73,0
BottomS24823,12.8102,-7.7924,5.654e-19,5.311e-19,3.494e-19,-0.0002,54.6,0
BottomS24824,12.8832,-7.7732,1.174e-16,8.395e-17,3.151e-17,0.0001,54.84,0
BottomS24825,12.8777,-7.7679,7.348e-17,5.245e-17,2.007e-17,0.0002,54.9,0
BottomS24826,12.8156,-7.8048,8.214e-19,1.495e-18,3.895e-18,0.001,54.47,0
BottomS24827,12.8770,-7.7632,2.185e-18,1.813e-18,9.063e-19,-0.0002,54.93,0
BottomS24828,12.8786,-7.7576,1.155e-17,9.095e-18,3.906e-18,0.0002,55.07,1
BottomS24829,12.8779,-7.7563,6.372e-18,5.124e-18,2.418e-18,-0.0002,55.06,0
BottomS24830,12.8173,-7.8209,9.901e-19,2.027e-18,6.463e-18,0.0011,54.26,0
BottomS24831,12.8754,-7.7502,3.778e-17,2.788e-17,1.091e-17,0.0002,55.07,0
BottomS24832,12.8171,-7.8269,2.086e-16,1.431e-16,4.812e-17,-0.0,54.18,0
BottomS24833,12.8185,-7.8267,6.752e-19,1.147e-18,2.409e-18,0.0006,54.21,0
BottomS24834,12.8178,-7.8212,2.835e-18,5.154e-18,1.314e-17,0.0012,54.25,0
BottomS24836,12.8722,-7.7307,1.353e-17,1.016e-17,4.152e-18,0.0,55.39,0
BottomS24837,12.8238,-7.8357,3.980e-18,3.293e-18,1.651e-18,0.0001,54.06,0
BottomS24838,12.8232,-7.8452,4.007e-14,2.770e-14,9.715e-15,0.0003,53.93,0
BottomS24839,12.8253,-7.8435,5.383e-17,4.030e-17,1.579e-17,-0.0001,53.89,0
BottomS24840,12.8667,-7.7178,5.967e-16,4.069e-16,1.421e-16,0.0006,55.56,0
BottomS24841,12.8299,-7.8567,4.984e-17,3.829e-17,1.587e-17,0.0005,53.84,0
BottomS24842,12.8625,-7.7097,1.183e-16,7.900e-17,2.520e-17,0.0004,55.63,0
BottomS24843,12.8611,-7.7080,1.604e-18,4.344e-18,2.497e-17,0.0,55.65,0
BottomS24844,12.8602,-7.7052,1.619e-17,1.229e-17,5.321e-18,-0.0006,55.71,1
BottomS24845,12.8328,-7.8723,3.565e-17,2.586e-17,1.008e-17,0.0,53.71,0
BottomS24846,12.8370,-7.8704,3.065e-14,2.158e-14,7.813e-15,-0.0001,53.62,0
BottomS24847,12.8377,-7.8783,4.231e-14,3.824e-14,2.220e-14,-0.0006,53.6,1
BottomS24848,12.8551,-7.6939,7.535e-17,5.433e-17,2.014e-17,0.0007,55.74,0
BottomS24850,12.8493,-7.6870,5.321e-17,3.892e-17,1.545e-17,0.0,55.87,0
BottomS24851,12.8446,-7.8840,5.717e-17,4.181e-17,1.542e-17,-0.0007,53.51,0
BottomS24852,12.8475,-7.8831,1.997e-17,1.473e-17,5.669e-18,-0.0012,53.49,0
BottomS24853,12.8446,-7.6885,1.433e-16,1.014e-16,3.548e-17,-0.0002,55.89,0
BottomS24854,12.8410,-7.6829,4.815e-19,4.506e-19,2.882e-19,0.0003,55.93,0
BottomS24855,12.8525,-7.8935,7.187e-14,5.461e-14,2.276e-14,0.0,53.46,1
BottomS24856,12.8548,-7.8912,3.620e-14,2.588e-14,9.822e-15,0.0002,53.43,0
BottomS24857,12.8583,-7.8918,3.684e-19,3.626e-19,2.630e-19,0.0006,53.4,0
BottomS24858,12.8593,-7.8980,1.384e-18,2.928e-18,1.010e-17,0.0003,53.41,0
BottomS24859,12.8334,-7.6797,3.237e-18,2.762e-18,1.472e-18,-0.0001,55.98,0
BottomS24860,12.8281,-7.6787,2.333e-18,1.988e-18,1.051e-18,0.0,55.9,0
BottomS24861,12.8257,-7.6759,7.859e-19,7.021e-19,4.142e-19,0.0005,55.94,0
BottomS24862,12.8239,-7.6767,3.368e-17,2.482e-17,9.784e-18,0.0003,55.93,0
BottomS24863,12.8210,-7.6806,1.591e-16,1.122e-16,3.943e-17,0.0004,55.92,0
BottomS24864,12.8720,-7.8890,4.059e-18,3.357e-18,1.716e-18,-0.0001,53.51,0
BottomS24865,12.8179,-7.6804,2.667e-16,1.950e-16,7.653e-17,-0.0002,55.87,0
BottomS24866,12.8776,-7.8924,1.413e-16,9.736e-17,3.345e-17,-0.0008,53.51,0
BottomS24867,12.8152,-7.6817,6.392e-17,4.423e-17,1.496e-17,-0.0003,55.85,0
BottomS24868,12.8800,-7.8849,6.914e-14,5.762e-14,2.959e-14,0.0005,53.61,1
BottomS24869,12.8805,-7.8829,7.882e-17,5.696e-17,2.132e-17,-0.0005,53.62,0
BottomS24870,12.8074,-7.6977,1.858e-18,2.840e-18,4.753e-18,0.0006,55.67,0
BottomS24871,12.8871,-7.8792,3.299e-20,3.976e-20,4.284e-20,0.0005,53.67,0
BottomS24872,12.8040,-7.7006,3.387e-19,3.458e-19,2.631e-19,-0.0003,55.61,0
BottomS24873,12.8897,-7.8683,2.904e-17,2.177e-17,8.635e-18,-0.0001,53.84,0
BottomS24874,12.8028,-7.7084,2.349e-19,4.179e-19,9.590e-19,-0.0001,55.51,0
BottomS24875,12.8929,-7.8567,3.018e-18,2.519e-18,1.332e-18,0.0008,53.93,0
BottomS24876,12.8028,-7.7236,6.793e-20,7.399e-20,6.269e-20,-0.0003,55.42,0
BottomS24877,12.8960,-7.8457,1.851e-17,1.366e-17,5.626e-18,-0.0001,54.05,0
BottomS24878,12.8943,-7.8399,5.572e-19,5.225e-19,3.379e-19,0.0003,54.06,0
BottomS24879,12.8973,-7.8334,2.624e-20,3.300e-20,3.687e-20,0.0008,54.19,0
BottomS24880,12.7990,-7.7463,5.228e-19,4.875e-19,3.145e-19,0.0001,55.14,0
BottomS24881,12.8928,-7.8174,2.872e-17,2.145e-17,8.696e-18,0.0005,54.33,0
BottomS24882,12.8436,-7.7267,3.160e-17,2.266e-17,8.572e-18,-0.0003,55.88,0
BottomS24883,12.8420,-7.7370,7.820e-19,7.264e-19,4.440e-19,-0.0004,55.85,0
BottomS24884,12.8414,-7.7256,1.285e-19,1.374e-19,1.155e-19,0.0007,55.89,0
BottomS24885,12.8424,-7.7275,1.435e-20,1.803e-20,2.055e-20,0.0002,55.84,0
BottomS24886,12.8436,-7.7309,4.794e-15,3.650e-15,1.540e-15,0.0008,55.84,0
BottomS24887,12.8503,-7.8422,1.393e-17,1.036e-17,4.324e-18,0.0004,53.51,1
BottomS24888,12.8426,-7.7197,4.200e-19,4.162e-19,2.849e-19,0.0005,55.85,0
BottomS24890,12.8503,-7.8439,2.112e-18,1.810e-18,9.500e-19,0.0007,53.51,0
BottomS24891,12.8520,-7.8425,5.165e-18,4.046e-18,1.786e-18,-0.0004,53.51,0
BottomS24892,12.8393,-7.7177,7.287e-14,5.623e-14,2.513e-14,0.0004,55.86,1
BottomS24893,12.8512,-7.8527,4.031e-18,3.214e-18,1.502e-18,0.0003,53.51,0
BottomS24894,12.8423,-7.7249,1.128e-17,8.621e-18,3.806e-18,0.0001,55.86,1
BottomS24895,12.8411,-7.7290,3.436e-18,2.941e-18,1.539e-18,-0.0002,55.83,0
BottomS24896,12.8578,-7.8478,1.477e-18,1.290e-18,7.250e-19,-0.0004,53.52,0
BottomS24897,12.8390,-7.7178,7.273e-17,5.197e-17,1.895e-17,-0.0006,55.92,0
BottomS24898,12.8418,-7.7195,1.000e-18,9.068e-19,5.257e-19,-0.0001,55.9,0
BottomS24900,12.8364,-7.7254,1.086e-17,8.438e-18,3.583e-18,0.0009,55.86,1
BottomS24901,12.8386,-7.7247,1.207e-17,9.164e-18,3.857e-18,-0.0013,55.84,1
BottomS24903,12.8552,-7.8474,3.816e-18,6.590e-18,1.447e-17,-0.0004,53.56,0
BottomS24904,12.8553,-7.8450,5.267e-20,5.991e-20,5.618e-20,0.0003,53.54,0
BottomS24905,12.8555,-7.8474,1.545e-18,2.787e-18,6.742e-18,-0.0009,53.51,0
BottomS24906,12.8342,-7.7246,3.985e-19,4.107e-19,3.177e-19,-0.0004,55.88,0
BottomS24911,12.8352,-7.7221,8.822e-20,9.657e-20,8.414e-20,-0.0002,55.89,0
BottomS24912,12.8577,-7.8413,9.450e-20,1.064e-19,9.798e-20,-0.0004,53.56,0
BottomS24913,12.8600,-7.8381,1.684e-19,1.692e-19,1.225e-19,0.0003,53.58,0
BottomS24914,12.8337,-7.7204,9.517e-20,1.040e-19,8.728e-20,0.0007,55.89,0
BottomS24918,12.8588,-7.8432,1.446e-18,2.410e-18,4.977e-18,-0.0001,53.58,0
BottomS24919,12.8633,-7.8533,4.336e-20,5.033e-20,4.956e-20,0.0012,53.53,0
BottomS24920,12.8644,-7.8505,3.924e-14,3.327e-14,1.695e-14,0.0003,53.54,1
BottomS24921,12.8648,-7.8473,1.532e-20,2.006e-20,2.590e-20,-0.0007,53.59,0
BottomS24923,12.8292,-7.7313,7.237e-19,1.546e-18,5.481e-18,-0.0003,55.74,0
BottomS24924,12.8635,-7.8509,7.614e-19,7.009e-19,4.361e-19,0.0003,53.55,0
BottomS24925,12.8649,-7.8467,5.542e-19,5.381e-19,3.688e-19,-0.0004,53.61,0
BottomS24926,12.8644,-7.8507,2.388e-18,2.117e-18,1.186e-18,-0.0,53.6,0
BottomS24927,12.8279,-7.7224,3.017e-18,2.519e-18,1.294e-18,-0.0001,55.8,0
BottomS24928,12.8689,-7.8603,2.053e-19,2.095e-19,1.581e-19,-0.0002,53.54,0
BottomS24929,12.8264,-7.7227,4.875e-19,8.313e-19,1.821e-18,0.0002,55.85,0
BottomS24932,12.8678,-7.8464,8.583e-20,9.109e-20,7.477e-20,0.0007,53.59,0
BottomS24933,12.8647,-7.8498,3.563e-19,3.497e-19,2.466e-19,0.0004,53.63,0
BottomS24935,12.8259,-7.7299,1.854e-17,1.312e-17,4.857e-18,-0.0002,55.74,0
BottomS24936,12.8254,-7.7244,8.273e-19,1.439e-18,3.245e-18,-0.0009,55.78,0
BottomS24938,12.8710,-7.8465,1.929e-18,1.638e-18,8.713e-19,0.0002,53.71,0
BottomS24939,12.8727,-7.8451,1.471e-20,1.858e-20,2.217e-20,-0.0001,53.69,0
BottomS24940,12.8694,-7.8390,1.515e-18,2.816e-18,7.420e-18,0.0004,53.68,0
BottomS24941,12.8261,-7.7348,3.564e-18,2.898e-18,1.444e-18,0.0001,55.68,0
BottomS24942,12.8208,-7.7361,7.118e-19,1.434e-18,4.669e-18,0.0003,55.6,0
BottomS24943,12.8728,-7.8423,4.274e-18,3.482e-18,1.712e-18,-0.0002,53.79,0
BottomS24945,12.8715,-7.8423,7.795e-19,7.477e-19,4.868e-19,-0.0007,53.79,0
BottomS24946,12.8678,-7.8330,7.319e-19,1.364e-18,3.377e-18,0.0001,53.82,0
BottomS24950,12.8740,-7.8404,4.534e-18,3.857e-18,1.991e-18,-0.0017,53.75,0
BottomS24951,12.8204,-7.7335,3.392e-18,2.863e-18,1.453e-18,0.0001,55.58,0
BottomS24952,12.8701,-7.8265,1.223e-18,1.716e-18,2.455e-18,0.0001,53.92,0
BottomS24953,12.8724,-7.8308,5.965e-19,5.684e-19,3.588e-19,-0.0009,53.89,0
BottomS24954,12.8772,-7.8347,4.961e-18,1.246e-17,6.229e-17,-0.0003,53.91,0
BottomS24955,12.8755,-7.8334,2.919e-18,2.463e-18,1.289e-18,0.0001,53.89,0
BottomS24956,12.8787,-7.8245,9.441e-20,1.040e-19,8.918e-20,0.0003,54.02,0
BottomS24957,12.8767,-7.8284,2.603e-18,6.462e-18,3.101e-17,-0.0002,53.95,0
BottomS24959,12.8149,-7.7416,3.157e-17,2.296e-17,8.606e-18,0.0001,55.44,0
BottomS24960,12.8812,-7.8314,2.213e-18,1.868e-18,9.706e-19,0.0005,54.0,0
BottomS24961,12.8758,-7.8275,4.930e-19,4.715e-19,3.151e-19,-0.0002,53.96,0
BottomS24962,12.8165,-7.7462,3.088e-17,2.403e-17,1.057e-17,0.0003,55.37,0
BottomS24963,12.8164,-7.7490,6.692e-19,9.973e-19,1.679e-18,0.0005,55.3,0
BottomS24964,12.8155,-7.7502,3.064e-18,2.518e-18,1.272e-18,0.0013,55.32,0
BottomS24965,12.8741,-7.8208,4.813e-19,4.707e-19,3.263e-19,-0.0001,54.12,0
BottomS24969,12.8140,-7.7574,7.919e-18,6.305e-18,2.902e-18,0.0007,55.26,0
BottomS24970,12.8770,-7.8124,1.854e-16,1.283e-16,4.473e-17,-0.0006,54.24,0
BottomS24972,12.8128,-7.7593,7.725e-19,6.943e-19,4.037e-19,0.001,55.12,0
BottomS24973,12.8831,-7.8129,2.700e-20,3.289e-20,3.622e-20,-0.0004,54.26,0
BottomS24974,12.8804,-7.8082,9.683e-17,6.922e-17,2.492e-17,0.0002,54.28,0
BottomS24978,12.8793,-7.8018,8.332e-18,6.467e-18,2.792e-18,-0.0002,54.47,1
BottomS24979,12.8799,-7.7995,1.332e-19,1.408e-19,1.152e-19,-0.0001,54.47,0
BottomS24980,12.8781,-7.7973,2.014e-19,2.107e-19,1.653e-19,0.0003,54.45,0
BottomS24982,12.8132,-7.7768,3.691e-19,3.428e-19,2.084e-19,0.0009,54.83,0
BottomS24983,12.8177,-7.7823,3.567e-18,3.034e-18,1.548e-18,0.0003,54.84,0
BottomS24984,12.8807,-7.7914,4.802e-17,3.508e-17,1.317e-17,0.0009,54.58,0
BottomS24985,12.8804,-7.7886,9.167e-19,1.601e-18,3.553e-18,0.0002,54.6,0
BottomS24986,12.8794,-7.7858,8.053e-18,6.062e-18,2.555e-18,0.0003,54.65,1
BottomS24989,12.8807,-7.7777,1.253e-17,9.628e-18,4.113e-18,-0.0003,54.73,1
BottomS24990,12.8726,-7.7708,7.147e-19,6.459e-19,3.749e-19,0.0004,54.91,0
BottomS24993,12.8143,-7.7974,2.892e-18,2.451e-18,1.284e-18,-0.0003,54.55,0
BottomS24995,12.8110,-7.7992,8.799e-18,6.827e-18,2.985e-18,0.0003,54.56,1
BottomS24996,12.8183,-7.8114,2.360e-17,1.756e-17,6.932e-18,-0.0006,54.36,0
BottomS24997,12.8172,-7.8000,9.416e-19,8.769e-19,5.488e-19,0.0005,54.49,0
BottomS24998,12.8807,-7.7615,7.761e-19,7.159e-19,4.415e-19,0.0008,55.0,0
BottomS24999,12.8190,-7.8152,1.455e-17,1.121e-17,4.827e-18,-0.0006,54.35,1
BottomS25000,12.8738,-7.7499,1.963e-18,1.715e-18,9.342e-19,0.0005,55.1,0
BottomS25002,12.8247,-7.8225,7.012e-19,6.740e-19,4.300e-19,0.0008,54.22,0
BottomS25003,12.8183,-7.8276,6.759e-19,1.516e-18,5.950e-18,-0.0009,54.19,0
BottomS25004,12.8762,-7.7465,2.322e-19,2.407e-19,1.874e-19,-0.0001,55.17,0
BottomS25005,12.8753,-7.7423,5.273e-14,3.880e-14,1.547e-14,-0.0009,55.22,0
BottomS25007,12.8731,-7.7331,7.685e-19,6.807e-19,3.995e-19,0.0009,55.36,0
BottomS25008,12.8778,-7.7412,7.234e-18,5.669e-18,2.521e-18,-0.0003,55.21,0
BottomS25011,12.8230,-7.8418,4.949e-14,3.530e-14,1.332e-14,0.0008,54.01,0
BottomS25012,12.8681,-7.7180,2.895e-20,3.450e-20,3.518e-20,-0.0001,55.52,0
BottomS25013,12.8274,-7.8429,8.518e-18,6.509e-18,2.713e-18,0.0004,53.92,1
BottomS25014,12.8733,-7.7250,1.189e-16,9.059e-17,3.774e-17,0.0,55.41,0
BottomS25015,12.8688,-7.7241,2.084e-14,1.414e-14,4.655e-15,-0.0003,55.46,0
BottomS25016,12.8609,-7.7121,1.057e-17,7.732e-18,2.927e-18,-0.0004,55.62,0
BottomS25017,12.8629,-7.7176,1.882e-17,1.413e-17,5.694e-18,0.0016,55.59,0
BottomS25018,12.8304,-7.8459,1.796e-20,2.310e-20,2.761e-20,0.0001,53.8,0
BottomS25019,12.8638,-7.7207,5.054e-18,4.016e-18,1.854e-18,0.0001,55.55,0
BottomS25021,12.8341,-7.8769,1.992e-17,1.520e-17,6.370e-18,-0.0007,53.64,1
BottomS25022,12.8336,-7.8711,1.265e-18,2.216e-18,5.305e-18,0.0,53.7,0
BottomS25024,12.8385,-7.8691,1.601e-18,1.365e-18,7.288e-19,-0.0,53.64,0
BottomS25026,12.8554,-7.6962,2.591e-19,2.611e-19,1.902e-19,0.0003,55.74,0
BottomS25027,12.8419,-7.8758,1.940e-18,1.604e-18,8.084e-19,-0.0,53.58,0
BottomS25028,12.8499,-7.7060,3.518e-16,2.337e-16,7.505e-17,0.0005,55.8,0
BottomS25031,12.8464,-7.8893,3.325e-18,2.684e-18,1.248e-18,0.0003,53.48,0
BottomS25032,12.8463,-7.6831,1.591e-18,1.346e-18,6.904e-19,0.0003,55.93,0
BottomS25034,12.8486,-7.8845,1.909e-18,1.548e-18,7.425e-19,-0.0005,53.49,0
BottomS25035,12.8404,-7.6737,1.440e-18,1.321e-18,7.913e-19,0.0008,55.89,0
BottomS25036,12.8426,-7.6750,5.990e-18,4.991e-18,2.494e-18,0.0003,55.93,0
BottomS25037,12.8382,-7.6889,1.384e-18,2.862e-18,9.375e-18,0.0006,55.95,0
BottomS25038,12.8367,-7.6740,3.624e-17,2.661e-17,1.053e-17,0.0005,55.94,0
BottomS25041,12.8305,-7.6818,1.688e-18,1.436e-18,7.776e-19,-0.0009,55.98,0
BottomS25042,12.8617,-7.8916,5.345e-19,8.258e-19,1.459e-18,0.0002,53.42,0
BottomS25043,12.8630,-7.8889,1.277e-18,2.415e-18,6.509e-18,-0.0002,53.43,0
BottomS25044,12.8681,-7.8730,1.077e-16,7.574e-17,2.743e-17,0.0006,53.51,0
BottomS25045,12.8225,-7.6716,1.177e-17,3.395e-17,2.240e-16,-0.0005,55.93,0
BottomS25049,12.8690,-7.8830,1.032e-17,7.995e-18,3.594e-18,-0.0,53.47,1
BottomS25050,12.8720,-7.8817,4.669e-18,3.861e-18,1.886e-18,-0.001,53.54,0
BottomS25051,12.8137,-7.6824,4.065e-20,4.936e-20,5.353e-20,0.0005,55.87,0
BottomS25052,12.8180,-7.6907,2.244e-18,3.868e-18,8.637e-18,0.0006,55.85,0
BottomS25053,12.8776,-7.8754,6.103e-18,4.516e-18,1.858e-18,0.0009,53.54,0
BottomS25054,12.8749,-7.8826,3.169e-17,2.344e-17,9.161e-18,-0.0003,53.53,0
BottomS25055,12.8760,-7.8800,3.409e-18,7.410e-18,2.709e-17,-0.0002,53.59,0
BottomS25056,12.8839,-7.8717,2.945e-17,2.143e-17,8.256e-18,-0.0009,53.67,0
BottomS25057,12.8828,-7.8707,5.041e-18,4.041e-18,1.909e-18,0.0003,53.72,0
BottomS25058,12.8105,-7.7081,2.996e-17,2.242e-17,9.124e-18,-0.0001,55.62,0
BottomS25059,12.8059,-7.7040,2.519e-19,2.426e-19,1.666e-19,-0.0002,55.64,0
BottomS25060,12.8904,-7.8643,1.240e-18,2.523e-18,7.812e-18,0.0007,53.8,0
BottomS25061,12.8123,-7.7183,1.444e-18,3.043e-18,1.073e-17,-0.0011,55.59,0
BottomS25062,12.7972,-7.7068,7.294e-18,5.779e-18,2.659e-18,0.0008,55.47,1
BottomS25064,12.8867,-7.8508,3.019e-17,2.237e-17,8.546e-18,0.0008,53.9,0
BottomS25067,12.8048,-7.7322,3.356e-17,2.456e-17,9.420e-18,-0.0004,55.37,0
BottomS25068,12.7890,-7.7266,6.878e-20,7.650e-20,6.547e-20,-0.001,55.21,0
BottomS25069,12.8886,-7.8259,2.339e-19,2.515e-19,2.076e-19,-0.0002,54.18,0
BottomS25071,12.8938,-7.8230,5.768e-19,5.377e-19,3.373e-19,-0.0007,54.25,0
BottomS25072,12.7942,-7.7526,9.624e-19,8.506e-19,4.875e-19,-0.0005,55.06,0
BottomS25074,12.8878,-7.7998,1.770e-19,1.910e-19,1.599e-19,0.0002,54.49,0
BottomS25077,13.7636,-8.6640,5.375e-19,5.193e-19,3.387e-19,-0.0002,58.26,0
BottomS25080,13.7616,-8.6180,1.169e-18,1.913e-18,3.768e-18,0.0007,57.94,0
BottomS25087,13.7545,-8.6271,4.753e-20,5.471e-20,5.527e-20,0.0001,57.41,0
BottomS25089,13.7376,-8.6391,9.781e-20,1.059e-19,9.271e-20,-0.0009,58.95,0
BottomS25090,13.7639,-8.6310,4.841e-19,4.648e-19,3.055e-19,0.0002,57.74,0
BottomS25095,13.7385,-8.7165,1.630e-18,3.108e-18,8.408e-18,-0.0006,58.6,0
BottomS25097,13.7676,-8.6381,4.560e-18,3.614e-18,1.606e-18,-0.0006,57.86,0
BottomS25100,13.7623,-8.6316,5.734e-18,1.366e-17,6.102e-17,0.0002,57.69,0
BottomS25101,13.7065,-8.6360,1.080e-18,9.299e-19,4.985e-19,-0.0007,59.27,0
BottomS25105,13.7460,-8.6313,8.980e-20,9.638e-20,8.138e-20,-0.0002,58.93,0
BottomS25113,13.7692,-8.6271,3.726e-20,4.272e-20,4.054e-20,-0.0007,57.71,0
BottomS25115,13.8315,-8.6712,5.417e-19,5.055e-19,3.199e-19,0.0002,57.59,0
BottomS25119,13.7992,-8.6069,1.868e-20,2.391e-20,2.927e-20,0.0,57.7,0
BottomS25122,13.7296,-8.6203,3.007e-20,3.435e-20,3.319e-20,-0.0004,59.27,0
BottomS25129,13.7572,-8.6056,4.746e-18,7.539e-18,1.407e-17,0.0007,58.25,0
BottomS25131,13.7650,-8.6474,4.234e-20,4.888e-20,4.666e-20,0.0004,58.03,0
BottomS25133,13.7490,-8.6434,4.324e-19,8.557e-19,2.572e-18,0.0002,58.56,0
BottomS25135,13.7591,-8.6283,1.343e-18,2.794e-18,9.205e-18,0.0007,57.69,0
BottomS25139,13.7856,-8.6231,2.876e-18,2.365e-18,1.136e-18,0.0008,57.47,0
BottomS25140,13.7771,-8.6517,2.197e-18,1.893e-18,1.006e-18,-0.0003,57.92,0
BottomS25142,13.7638,-8.6208,6.789e-19,1.219e-18,2.895e-18,0.0,57.94,0
BottomS25145,13.7533,-8.6301,3.416e-20,3.962e-20,3.952e-20,0.0012,58.29,0
BottomS25154,13.7232,-8.6575,1.260e-19,1.365e-19,1.153e-19,0.0003,58.99,0
BottomS25155,13.7703,-8.5922,1.120e-19,1.195e-19,9.854e-20,-0.0004,57.99,0
BottomS25160,13.7253,-8.5876,7.816e-20,8.504e-20,7.329e-20,0.0002,58.9,0
BottomS25165,13.8306,-8.5853,7.703e-19,1.501e-18,4.344e-18,0.0006,57.64,0
BottomS25166,13.7620,-8.6470,5.581e-20,6.480e-20,6.348e-20,0.0003,58.09,0
BottomS25170,13.7239,-8.5925,1.917e-19,1.999e-19,1.540e-19,0.0,58.88,0
BottomS25179,13.7866,-8.6280,8.342e-18,2.214e-17,1.186e-16,-0.0008,57.52,0
BottomS25181,13.7222,-8.5999,4.421e-14,3.100e-14,1.116e-14,-0.0,59.08,0
BottomS25183,13.7507,-8.6263,8.015e-18,6.268e-18,2.849e-18,0.0001,59.2,0
BottomS25188,13.7426,-8.6221,1.815e-18,1.506e-18,7.281e-19,-0.0004,58.99,0
BottomS25196,13.8440,-8.6448,4.550e-19,4.234e-19,2.544e-19,0.0002,57.63,0
BottomS25198,13.7325,-8.6324,3.538e-20,4.017e-20,3.760e-20,0.0006,59.23,0
BottomS25206,13.7586,-8.6462,1.451e-18,1.252e-18,6.819e-19,-0.0002,58.27,0
BottomS25207,13.7722,-8.6280,2.145e-19,2.206e-19,1.689e-19,0.0005,57.64,0
BottomS25211,13.7569,-8.6279,2.672e-18,5.309e-18,1.580e-17,0.0005,57.59,0
BottomS25213,13.7436,-8.6737,1.607e-18,2.942e-18,7.399e-18,-0.0003,58.55,0
BottomS25218,13.7565,-8.6357,3.576e-14,2.732e-14,1.183e-14,0.0003,58.17,1
BottomS25221,13.7256,-8.6373,1.144e-19,1.282e-19,1.162e-19,-0.0003,59.3,0
BottomS25225,13.7551,-8.6273,1.002e-19,1.049e-19,8.229e-20,0.0,57.44,0
BottomS25228,13.7501,-8.6339,2.764e-19,2.751e-19,1.920e-19,0.0007,58.71,0
BottomS25231,13.7558,-8.6303,4.934e-20,5.589e-20,5.434e-20,0.0006,58.13,0
BottomS25232,13.7715,-8.6137,1.063e-20,1.476e-20,2.081e-20,0.0001,57.73,0
BottomS25235,13.7545,-8.6217,3.045e-18,6.436e-18,2.270e-17,-0.0001,58.25,0
BottomS25236,13.7106,-8.6399,6.349e-15,4.310e-15,1.388e-15,-0.0002,59.27,0
BottomS25247,13.7883,-8.6636,3.375e-20,4.096e-20,4.430e-20,0.0002,57.86,0
BottomS25248,13.6093,-8.6732,3.286e-20,3.809e-20,3.754e-20,0.0002,59.2,0
BottomS25249,13.7771,-8.6399,7.978e-20,8.654e-20,7.100e-20,0.0001,57.6,0
BottomS25250,13.8098,-8.6483,1.456e-20,1.870e-20,2.258e-20,0.0002,57.6,0
BottomS25251,13.7527,-8.6258,1.767e-18,2.815e-18,5.395e-18,-0.0008,58.66,0
BottomS25252,13.7342,-8.6024,1.647e-19,1.757e-19,1.433e-19,0.0001,58.84,0
BottomS25253,13.7183,-8.6221,5.925e-20,6.802e-20,6.450e-20,0.0003,59.42,0
BottomS25259,13.7214,-8.6168,2.249e-20,2.672e-20,2.766e-20,-0.0002,59.33,0
BottomS25268,13.8091,-8.6740,3.159e-19,3.340e-19,2.588e-19,0.0004,57.86,0
BottomS25273,13.7681,-8.6637,4.784e-20,5.214e-20,4.651e-20,-0.0006,58.17,0
BottomS25279,13.8303,-8.6279,1.142e-19,1.213e-19,1.010e-19,-0.0008,57.62,0
BottomS25281,13.7546,-8.6038,1.654e-19,1.726e-19,1.360e-19,0.0002,58.33,0
BottomS25290,13.7852,-8.5612,4.296e-20,4.998e-20,4.821e-20,-0.0002,58.02,0
BottomS25295,13.7686,-8.5886,1.752e-18,2.810e-18,5.198e-18,0.0008,58.12,0
BottomS25298,13.7501,-8.6342,1.173e-19,1.297e-19,1.129e-19,-0.0003,58.76,0
BottomS25299,13.7796,-8.6441,8.258e-19,1.308e-18,2.374e-18,-0.0003,57.61,0
BottomS25300,13.8008,-8.6291,1.655e-20,2.123e-20,2.546e-20,-0.0007,57.64,0
BottomS25301,13.7466,-8.6417,3.252e-19,3.204e-19,2.208e-19,0.0003,58.65,0
BottomS25304,13.7735,-8.6488,8.552e-18,1.946e-17,7.673e-17,-0.0003,57.86,0
BottomS25307,13.7856,-8.6125,2.286e-20,2.871e-20,3.314e-20,0.0,57.59,0
BottomS25308,13.7513,-8.6483,7.717e-19,6.959e-19,4.130e-19,-0.0001,58.54,0
BottomS25311,13.7376,-8.5954,1.116e-19,1.153e-19,8.819e-20,-0.0003,58.79,0
BottomS25312,13.7529,-8.6053,4.255e-18,7.783e-18,1.913e-17,0.0009,58.4,0
BottomS25313,13.7485,-8.6015,4.742e-19,4.183e-19,2.309e-19,0.0008,58.51,0
BottomS25314,13.8673,-8.5137,4.272e-19,9.233e-19,3.316e-18,0.0003,57.86,0
BottomS25324,13.7560,-8.6158,1.654e-19,1.732e-19,1.329e-19,-0.0009,58.31,0
BottomS25326,13.7603,-8.6321,1.466e-20,1.773e-20,1.903e-20,-0.0002,57.93,0
BottomS25327,13.7516,-8.5885,1.187e-20,1.465e-20,1.602e-20,-0.0006,58.35,0
BottomS25349,13.7556,-8.6180,7.083e-14,5.307e-14,2.177e-14,0.0,58.25,1
BottomS25352,13.7606,-8.6326,1.048e-20,1.363e-20,1.701e-20,0.0004,57.88,0
BottomS25361,13.7325,-8.6502,1.573e-20,1.974e-20,2.310e-20,0.0003,59.07,0
BottomS25362,13.7686,-8.6027,1.162e-20,1.470e-20,1.744e-20,0.0005,57.96,0
BottomS25363,13.7747,-8.6608,6.930e-20,7.737e-20,6.933e-20,0.0004,57.94,0
BottomS25367,13.7492,-8.6296,3.631e-20,4.356e-20,4.433e-20,0.0004,59.27,0
BottomS25370,13.7606,-8.6178,2.516e-20,3.015e-20,3.048e-20,0.0,57.9,0
BottomS25372,13.7545,-8.6291,5.815e-18,4.475e-18,1.881e-18,-0.0,57.56,0
BottomS25375,13.7601,-8.6393,6.961e-20,7.926e-20,7.323e-20,-0.0007,58.09,0
BottomS25382,13.7465,-8.5829,2.782e-19,2.684e-19,1.765e-19,0.0002,58.48,0
BottomS25387,13.7598,-8.6258,2.337e-19,2.411e-19,1.902e-19,0.0006,57.77,0
BottomS25389,13.7946,-8.6134,6.182e-20,6.640e-20,5.758e-20,-0.0003,57.6,0
BottomS25393,13.7559,-8.6277,7.907e-20,9.140e-20,8.818e-20,0.0006,57.42,0
BottomS25395,13.7866,-8.6291,5.797e-19,5.565e-19,3.677e-19,0.0002,57.38,0
BottomS25396,13.7250,-8.6512,4.266e-19,4.158e-19,2.747e-19,0.0004,59.2,0
BottomS25405,13.7442,-8.6021,1.470e-18,2.220e-18,3.659e-18,0.0005,58.6,0
BottomS25409,13.7574,-8.6317,2.680e-18,5.265e-18,1.600e-17,0.0001,58.04,0
BottomS25412,13.7137,-8.7234,1.269e-20,1.613e-20,1.958e-20,-0.0002,58.78,0
BottomS25414,13.7700,-8.5866,2.112e-20,2.680e-20,3.191e-20,-0.0002,58.13,0
BottomS25415,13.7258,-8.6361,5.374e-19,5.224e-19,3.551e-19,0.0003,59.27,0
BottomS25420,13.7620,-8.5571,5.260e-20,6.405e-20,6.823e-20,-0.0004,58.3,0
BottomS25422,13.7689,-8.6415,5.266e-20,5.964e-20,5.482e-20,0.0003,57.88,0
BottomS25423,13.7557,-8.6299,3.089e-16,1.086e-15,1.099e-14,0.0002,58.29,0
BottomS25424,13.7800,-8.6298,3.121e-18,5.377e-18,1.151e-17,0.0003,57.61,0
BottomS25429,13.7660,-8.6588,1.337e-18,1.137e-18,5.931e-19,0.0006,57.98,0
BottomS25430,13.7266,-8.6292,2.947e-19,3.116e-19,2.491e-19,-0.0004,59.28,0
BottomS25431,13.7453,-8.6256,2.117e-18,1.863e-18,1.016e-18,0.0,58.79,0
BottomS25432,13.7408,-8.6116,7.918e-20,8.861e-20,7.969e-20,0.0,58.84,0
BottomS25433,13.7247,-8.6187,1.476e-18,1.254e-18,6.473e-19,0.0003,59.35,0
BottomS25434,13.7674,-8.6186,1.970e-19,2.048e-19,1.557e-19,0.0008,57.91,0
BottomS25435,13.7674,-8.6561,1.148e-18,1.938e-18,4.151e-18,0.0003,58.11,0
BottomS25436,13.7466,-8.6040,6.180e-20,6.485e-20,5.273e-20,-0.0006,58.54,0
BottomS25437,13.7585,-8.6095,1.875e-20,2.357e-20,2.625e-20,0.0001,58.24,0
BottomS25439,13.7201,-8.6099,1.791e-20,2.170e-20,2.365e-20,-0.0011,59.38,0
BottomS25440,13.7736,-8.5925,4.745e-14,3.248e-14,1.151e-14,0.0006,57.91,0
BottomS25442,13.7464,-8.6249,6.727e-19,5.975e-19,3.513e-19,0.0004,59.03,0
BottomS25444,13.7524,-8.6006,3.407e-18,2.883e-18,1.467e-18,-0.0002,58.41,0
BottomS25446,13.7361,-8.6122,1.399e-18,2.707e-18,7.456e-18,0.0003,59.0,0
BottomS25449,13.7712,-8.6468,2.515e-19,2.567e-19,1.948e-19,0.0001,57.92,0
BottomS25450,13.7556,-8.6403,2.982e-19,3.057e-19,2.233e-19,0.0007,57.82,0
BottomS25452,13.7463,-8.6024,1.145e-20,1.409e-20,1.643e-20,0.0004,58.72,0
BottomS25455,13.7610,-8.6381,4.646e-19,4.229e-19,2.423e-19,0.0001,57.78,0
BottomS25456,13.7315,-8.6276,1.476e-19,1.613e-19,1.347e-19,-0.0006,59.23,0
BottomS25458,13.7302,-8.6171,1.366e-18,3.192e-18,1.349e-17,-0.0001,59.14,0
BottomS25459,13.7416,-8.6271,4.188e-20,5.197e-20,6.020e-20,0.0003,59.02,0
BottomS25460,13.7784,-8.6320,1.635e-18,1.343e-18,6.499e-19,0.0014,57.59,0
BottomS25461,13.7674,-8.6607,2.778e-20,3.451e-20,3.770e-20,-0.0003,58.12,0
BottomS25462,13.7343,-8.6220,7.331e-20,8.221e-20,7.626e-20,0.0001,59.0,0
BottomS25463,13.7647,-8.6666,7.545e-18,5.960e-18,2.726e-18,0.0001,58.08,0
BottomS25464,13.7510,-8.6391,4.709e-15,3.115e-15,1.009e-15,-0.0005,58.6,0
BottomS25466,13.7378,-8.6255,3.908e-19,3.804e-19,2.593e-19,0.0003,59.19,0
BottomS25468,13.7264,-8.6249,1.340e-14,9.408e-15,3.334e-15,0.0007,59.36,0
BottomS25469,13.7421,-8.6039,4.507e-19,4.444e-19,3.021e-19,-0.0001,59.25,0
BottomS25470,13.7554,-8.6086,5.674e-14,4.294e-14,1.758e-14,0.0002,58.36,1
BottomS25471,13.7631,-8.6590,6.658e-19,1.379e-18,4.339e-18,0.0001,58.01,0
BottomS25474,13.7308,-8.6012,2.145e-19,2.230e-19,1.691e-19,-0.0003,58.87,0
BottomS25475,13.7757,-8.6227,1.141e-19,1.213e-19,9.892e-20,-0.0003,57.56,0
BottomS25477,13.7475,-8.6121,1.512e-18,2.364e-18,4.215e-18,0.0006,59.39,0
BottomS25478,13.7532,-8.6214,3.312e-20,3.903e-20,3.987e-20,-0.0003,58.34,0
BottomS25481,13.7526,-8.6639,5.805e-20,6.846e-20,6.796e-20,-0.0002,58.54,0
BottomS25482,13.7442,-8.6131,2.876e-19,2.770e-19,1.820e-19,0.0001,59.06,0
BottomS25484,13.7701,-8.6179,3.981e-18,3.250e-18,1.553e-18,-0.0001,57.7,0
BottomS25485,13.7354,-8.6277,1.188e-20,1.557e-20,1.949e-20,-0.0009,59.15,0
BottomS25488,13.7329,-8.6475,4.260e-19,4.099e-19,2.754e-19,-0.0,58.94,0
BottomS25489,13.7513,-8.6282,3.839e-19,3.745e-19,2.599e-19,0.0004,58.65,0
BottomS25491,13.7729,-8.6035,1.199e-18,1.044e-18,5.710e-19,0.0004,57.65,0
BottomS25494,13.7353,-8.5970,3.846e-14,2.861e-14,1.168e-14,0.0008,58.87,0
BottomS25495,13.7286,-8.6257,1.323e-18,1.117e-18,5.518e-19,-0.0001,59.24,0
BottomS25496,13.7770,-8.6186,1.900e-19,1.877e-19,1.385e-19,0.0005,57.56,0
BottomS25497,13.7356,-8.6174,1.364e-19,1.438e-19,1.178e-19,-0.0004,59.1,0
BottomS25498,13.7797,-8.6171,9.649e-19,1.714e-18,4.054e-18,-0.0004,57.55,0
BottomS25501,13.7496,-8.6263,2.038e-20,2.459e-20,2.587e-20,0.0,58.69,0
BottomS25502,13.7489,-8.6054,8.566e-18,6.737e-18,2.966e-18,0.0001,58.55,0
BottomS25504,13.7842,-8.6105,8.883e-14,7.006e-14,3.174e-14,0.0003,57.62,1
BottomS25505,13.7619,-8.5976,3.380e-18,2.964e-18,1.615e-18,-0.0007,57.96,0
BottomS25508,13.7422,-8.6402,8.240e-19,7.095e-19,3.761e-19,-0.0004,58.97,0
BottomS25511,13.7635,-8.6358,1.688e-14,1.139e-14,3.796e-15,0.0002,57.69,0
BottomS25512,13.7664,-8.6196,8.775e-18,6.880e-18,3.096e-18,-0.0002,57.59,1
BottomS25513,13.7188,-8.6134,2.146e-18,3.919e-18,9.980e-18,0.0005,59.35,0
BottomS25514,13.7239,-8.6528,6.462e-14,5.069e-14,2.266e-14,-0.0006,59.07,1
BottomS25515,13.7381,-8.6406,1.872e-15,1.241e-15,3.874e-16,0.0003,59.05,0
BottomS25516,13.7724,-8.6012,1.384e-18,1.255e-18,7.382e-19,0.0002,57.83,0
BottomS25521,13.7329,-8.5922,6.168e-20,6.797e-20,5.912e-20,-0.0006,58.7,0
BottomS25523,13.7687,-8.6193,8.446e-19,7.557e-19,4.372e-19,-0.0001,57.67,0
BottomS25525,13.7308,-8.6098,2.421e-18,5.533e-18,2.234e-17,0.0001,59.32,0
BottomS25528,13.7272,-8.6364,9.704e-19,2.118e-18,7.610e-18,0.0002,59.2,0
BottomS25529,13.7716,-8.6423,1.147e-18,1.924e-18,4.032e-18,-0.0001,57.63,0
BottomS25533,13.7327,-8.6309,3.214e-19,3.121e-19,2.156e-19,-0.0001,59.25,0
BottomS25535,13.7613,-8.6323,6.687e-19,6.231e-19,3.801e-19,-0.0004,57.94,0
BottomS25536,13.7462,-8.6293,5.469e-19,5.035e-19,3.133e-19,-0.0,58.83,0
BottomS25537,13.7527,-8.6090,1.361e-20,1.702e-20,1.939e-20,0.0012,58.41,0
BottomS25538,13.7434,-8.6266,3.210e-19,3.293e-19,2.490e-19,0.0002,58.95,0
BottomS25540,13.7456,-8.6411,6.247e-14,4.886e-14,2.151e-14,-0.0005,58.63,1
BottomS25541,13.7830,-8.6390,6.927e-20,7.624e-20,6.508e-20,0.0003,57.45,0
BottomS25542,13.7623,-8.6063,7.479e-20,8.023e-20,6.613e-20,-0.0002,57.93,0
BottomS25544,13.7549,-8.6633,5.501e-14,3.892e-14,1.403e-14,0.0009,58.49,0
BottomS25546,13.7782,-8.6155,8.067e-19,7.410e-19,4.658e-19,0.0002,57.51,0
BottomS25551,13.7904,-8.6434,5.013e-19,4.699e-19,2.960e-19,-0.0002,57.48,0
BottomS25552,13.7583,-8.6446,2.160e-19,2.178e-19,1.690e-19,-0.0,58.2,0
BottomS25553,13.7525,-8.6342,8.296e-20,9.455e-20,8.677e-20,-0.0003,58.42,0
BottomS25555,13.7447,-8.5860,1.852e-20,2.350e-20,2.674e-20,0.0002,58.57,0
BottomS25556,13.7509,-8.6347,4.402e-19,4.028e-19,2.509e-19,0.0017,58.42,0
BottomS25560,13.7521,-8.6328,1.553e-18,1.338e-18,6.946e-19,0.0004,58.53,0
BottomS25562,13.7428,-8.6270,4.263e-20,5.148e-20,5.443e-20,-0.0008,58.9,0
BottomS25564,13.7550,-8.6468,1.653e-19,1.667e-19,1.238e-19,-0.0004,58.5,0
BottomS25568,13.7500,-8.6296,1.929e-20,2.523e-20,3.126e-20,-0.0001,58.98,0
BottomS25569,13.7523,-8.5960,1.704e-18,1.476e-18,8.020e-19,0.0003,58.44,0
BottomS25570,13.7711,-8.6419,4.728e-19,7.928e-19,1.692e-18,0.0007,57.58,0
BottomS25572,13.7396,-8.6164,4.379e-18,3.575e-18,1.744e-18,0.0003,58.85,0
BottomS25573,13.7508,-8.6488,9.588e-19,8.840e-19,5.218e-19,0.0004,58.95,0
BottomS25574,13.7493,-8.6202,8.229e-18,6.525e-18,2.831e-18,0.0007,58.64,1
BottomS25577,13.7323,-8.6531,1.153e-19,1.244e-19,1.020e-19,0.0007,58.98,0
BottomS25578,13.7454,-8.6119,1.737e-19,1.784e-19,1.376e-19,0.0001,58.71,0
BottomS25583,13.7990,-8.6339,2.641e-20,3.335e-20,3.898e-20,0.0002,57.45,0
BottomS25585,13.7385,-8.6188,8.378e-19,7.558e-19,4.424e-19,-0.0003,58.97,0
BottomS25586,13.7501,-8.6389,5.185e-20,5.968e-20,5.632e-20,-0.0,58.57,0
BottomS25587,13.7424,-8.6025,2.316e-18,1.961e-18,1.013e-18,0.0004,58.82,0
BottomS25588,13.7733,-8.6376,4.626e-14,3.730e-14,1.746e-14,0.0002,57.55,1
BottomS25590,13.7595,-8.6223,1.914e-19,1.954e-19,1.488e-19,-0.0001,57.75,0
BottomS25592,13.7255,-8.6232,1.739e-18,2.990e-18,6.861e-18,-0.0001,59.18,0
BottomS25597,13.7646,-8.6238,4.419e-18,8.113e-18,2.038e-17,-0.0001,57.69,0
BottomS25598,13.7642,-8.6172,4.752e-20,5.318e-20,5.035e-20,-0.0002,57.9,0
BottomS25599,13.7387,-8.6345,1.822e-19,3.365e-19,8.715e-19,0.0001,59.01,0
BottomS25601,13.7708,-8.6148,9.710e-20,1.067e-19,9.640e-20,-0.0005,57.67,0
BottomS25602,13.7411,-8.6332,4.052e-20,4.734e-20,4.812e-20,0.0006,59.05,0
BottomS25603,13.7697,-8.6170,3.359e-18,2.777e-18,1.380e-18,0.0004,57.65,0
BottomS25604,13.7347,-8.6392,1.474e-20,1.924e-20,2.445e-20,-0.0,59.0,0
BottomS25605,13.7706,-8.6207,1.045e-18,9.299e-19,5.273e-19,0.0004,57.66,0
BottomS25607,13.7403,-8.6393,7.051e-19,6.587e-19,4.193e-19,0.0001,59.1,0
BottomS25609,13.7433,-8.6436,1.964e-20,2.412e-20,2.580e-20,-0.0002,58.82,0
BottomS25610,13.7363,-8.6316,5.297e-19,8.973e-19,1.843e-18,-0.0009,59.19,0
BottomS25612,13.7436,-8.6323,1.564e-18,1.314e-18,7.036e-19,-0.0001,59.01,0
BottomS25613,13.7480,-8.6329,8.515e-20,9.343e-20,8.323e-20,0.0006,58.93,0
BottomS25614,13.7568,-8.6213,5.097e-20,5.542e-20,4.809e-20,0.0015,58.08,0
BottomS25616,13.7673,-8.6226,2.449e-18,2.106e-18,1.094e-18,0.0003,57.74,0
BottomS25617,13.7320,-8.6361,3.950e-14,2.816e-14,1.043e-14,-0.0003,59.26,0
BottomS25618,13.7681,-8.6151,1.227e-18,1.078e-18,5.924e-19,-0.0006,57.72,0
BottomS25619,13.7408,-8.6343,1.204e-19,1.248e-19,9.669e-20,0.0,59.07,0
BottomS25620,13.7642,-8.6174,9.632e-19,8.905e-19,5.315e-19,0.0002,57.83,0
BottomS25621,13.7679,-8.6237,2.122e-18,1.690e-18,7.925e-19,0.0001,57.62,0
BottomS25624,13.7387,-8.6329,1.806e-19,1.883e-19,1.451e-19,-0.0003,59.1,0
BottomS25627,13.7656,-8.6172,6.063e-14,4.827e-14,2.187e-14,0.0001,57.84,1
BottomS25630,13.7373,-8.6333,4.269e-18,3.488e-18,1.647e-18,0.0002,59.09,0
BottomS25633,13.7427,-8.6383,1.339e-18,1.200e-18,6.845e-19,-0.0005,58.9,0
BottomS25634,13.7399,-8.6354,2.144e-14,1.437e-14,4.822e-15,-0.0002,59.13,0
BottomS25635,13.7319,-8.6411,5.004e-19,4.820e-19,3.280e-19,0.0008,59.08,0
BottomS25638,13.7369,-8.6425,9.063e-18,7.120e-18,3.155e-18,-0.0003,59.2,1
BottomS25639,13.7392,-8.6341,7.267e-19,1.284e-18,2.975e-18,-0.0004,59.2,0
BottomS25643,13.7729,-8.6170,4.588e-20,5.406e-20,5.398e-20,-0.0002,57.66,0
BottomS25647,13.7691,-8.6241,6.268e-20,7.127e-20,6.831e-20,0.0001,57.62,0
BottomS25650,13.7672,-8.6253,3.498e-20,3.926e-20,3.605e-20,0.0006,57.62,0
BottomS25651,13.7366,-8.6393,4.062e-18,3.260e-18,1.512e-18,-0.0001,59.1,0
BottomS25654,13.7774,-8.6127,2.841e-14,1.938e-14,6.582e-15,0.0,57.72,0
BottomS25655,13.7273,-8.6373,1.112e-14,7.525e-15,2.597e-15,0.001,59.26,0
BottomS25656,13.7688,-8.6202,6.327e-20,7.052e-20,6.158e-20,-0.0006,57.59,0
BottomS25658,13.7370,-8.6390,1.934e-18,1.829e-18,1.146e-18,0.0006,59.1,0
BottomS25659,13.7730,-8.6175,3.346e-20,4.321e-20,5.089e-20,0.0005,57.68,0
BottomS25663,13.7376,-8.6414,4.974e-19,4.824e-19,3.342e-19,-0.0007,59.01,0
BottomS25672,13.7788,-8.6146,3.066e-20,3.779e-20,4.198e-20,0.0002,57.59,0
BottomS25674,13.7324,-8.6409,6.744e-20,7.711e-20,7.424e-20,0.0005,59.2,0
BottomS25675,13.7395,-8.6387,1.508e-19,1.798e-19,1.918e-19,0.0006,58.97,0
BottomS25678,13.7652,-8.6146,4.260e-14,3.218e-14,1.287e-14,0.0006,57.9,0
BottomS25679,13.7700,-8.6167,5.748e-19,5.189e-19,3.053e-19,0.0002,57.76,0
BottomS25681,13.7350,-8.6352,2.440e-18,2.030e-18,1.052e-18,-0.0009,59.15,0
BottomS25683,13.7779,-8.6185,1.661e-18,1.524e-18,8.829e-19,-0.0003,57.62,0
BottomS25685,13.7705,-8.6204,4.564e-19,6.788e-19,1.078e-18,-0.0001,57.58,0
BottomS25686,13.7441,-8.6391,1.432e-18,3.379e-18,1.496e-17,0.001,58.89,0
BottomS25691,13.7727,-8.6166,1.451e-20,1.790e-20,2.050e-20,-0.0003,57.66,0
BottomS25695,13.7302,-8.6363,1.748e-18,3.188e-18,7.814e-18,-0.0003,59.2,0
BottomS25696,13.7711,-8.6214,1.145e-18,9.800e-19,5.299e-19,0.0001,57.6,0
BottomS25697,13.7722,-8.6165,1.437e-19,1.535e-19,1.273e-19,0.0003,57.66,0
BottomS25698,13.7312,-8.6400,1.725e-19,1.745e-19,1.293e-19,-0.0001,59.13,0
BottomS25701,13.7741,-8.6131,8.576e-19,1.358e-18,2.438e-18,0.0007,57.73,0
BottomS25703,13.7280,-8.6417,2.427e-17,1.828e-17,7.448e-18,0.0007,59.07,0
BottomS25706,13.7713,-8.6128,3.243e-19,3.240e-19,2.345e-19,-0.0003,57.75,0
BottomS25709,13.7294,-8.6365,5.473e-18,4.407e-18,2.028e-18,0.0003,59.24,0
BottomS25711,13.7274,-8.6445,9.183e-15,6.062e-15,1.940e-15,0.0004,59.27,0
BottomS25712,13.7733,-8.6222,1.573e-20,1.860e-20,1.929e-20,0.0007,57.62,0
BottomS25713,13.7306,-8.6422,3.535e-20,4.208e-20,4.317e-20,0.0005,59.11,0
BottomS25714,13.7294,-8.6411,3.096e-14,2.869e-14,1.738e-14,-0.0002,59.21,1
BottomS25718,13.7387,-8.6373,1.965e-20,2.458e-20,2.732e-20,0.0009,59.01,0
BottomS25719,13.7328,-8.6408,1.893e-19,1.974e-19,1.484e-19,0.0004,59.03,0
BottomS25725,13.7833,-8.6090,2.274e-20,2.768e-20,3.028e-20,-0.0002,57.53,0
BottomS25726,13.7811,-8.6064,3.398e-19,3.308e-19,2.307e-19,0.0004,57.74,0
BottomS25730,13.7824,-8.6130,7.706e-18,1.231e-17,2.299e-17,0.0007,57.61,0
BottomS25731,13.7277,-8.6485,1.410e-18,1.281e-18,7.638e-19,0.0005,59.03,0
BottomS25732,13.7798,-8.6126,1.335e-18,2.439e-18,6.117e-18,0.0007,57.64,0
BottomS25735,13.7819,-8.6141,1.003e-19,1.054e-19,8.846e-20,-0.0005,57.5,0
BottomS25736,13.7780,-8.6187,2.302e-18,5.890e-18,3.072e-17,-0.0002,57.51,0
BottomS25738,13.7280,-8.6367,1.183e-20,1.454e-20,1.659e-20,-0.0005,59.19,0
BottomS25740,13.7831,-8.6155,2.066e-14,1.420e-14,4.990e-15,0.0002,57.6,0
BottomS25741,13.7744,-8.6183,5.888e-18,4.763e-18,2.250e-18,0.0001,57.58,0
BottomS25743,13.7879,-8.6105,2.938e-19,2.811e-19,1.903e-19,0.0006,57.62,0
BottomS25745,13.7816,-8.6141,1.232e-20,1.626e-20,2.076e-20,-0.0003,57.53,0
BottomS25747,13.7839,-8.6133,1.344e-18,1.242e-18,7.464e-19,-0.0003,57.52,0
BottomS25753,13.7768,-8.6126,3.659e-20,4.277e-20,4.381e-20,0.0001,57.65,0
BottomS25754,13.7201,-8.6461,5.538e-20,6.190e-20,5.632e-20,0.0001,59.2,0
BottomS25755,13.7213,-8.6437,6.534e-19,1.218e-18,3.244e-18,0.0006,59.24,0
BottomS25756,13.7298,-8.6382,3.898e-19,3.756e-19,2.478e-19,0.0003,59.15,0
BottomS25758,13.7201,-8.6453,5.495e-19,1.003e-18,2.597e-18,0.0003,59.24,0
BottomS25759,13.7310,-8.6426,7.747e-20,8.645e-20,8.123e-20,0.0003,59.26,0
BottomS25761,13.7237,-8.6413,9.451e-20,1.011e-19,8.580e-20,-0.0001,59.34,0
BottomS25763,13.7183,-8.6439,1.999e-19,2.082e-19,1.628e-19,-0.0006,59.23,0
BottomS25764,13.7181,-8.6459,8.490e-19,1.353e-18,2.579e-18,0.0016,59.19,0
BottomS25765,13.7212,-8.6436,4.910e-19,4.696e-19,3.066e-19,0.0007,59.36,0
BottomS25768,13.7793,-8.6113,6.241e-19,1.170e-18,3.062e-18,0.0003,57.58,0
BottomS25771,13.7118,-8.6454,1.903e-19,1.941e-19,1.450e-19,-0.0004,59.17,0
BottomS25773,13.7839,-8.6105,9.091e-19,1.768e-18,4.929e-18,-0.0002,57.67,0
BottomS25774,13.7203,-8.6466,1.541e-20,1.983e-20,2.414e-20,-0.0007,59.21,0
BottomS25775,13.7875,-8.6154,3.524e-19,5.942e-19,1.283e-18,0.0,57.65,0
BottomS25776,13.7932,-8.6069,3.270e-19,3.291e-19,2.335e-19,0.0008,57.56,0
BottomS25777,13.7220,-8.6466,3.536e-18,2.777e-18,1.271e-18,0.0009,59.07,0
BottomS25779,13.7226,-8.6413,3.299e-19,3.411e-19,2.572e-19,-0.0,59.25,0
BottomS25782,13.7206,-8.6474,2.101e-17,1.588e-17,6.421e-18,0.0001,59.06,0
BottomS25783,13.7881,-8.6118,2.317e-19,2.402e-19,1.956e-19,0.0003,57.51,0
BottomS25784,13.7864,-8.6054,9.369e-19,1.582e-18,3.332e-18,0.0001,57.71,0
BottomS25785,13.7873,-8.6060,1.075e-18,9.702e-19,5.628e-19,-0.0006,57.51,0
BottomS25788,13.7188,-8.6412,2.027e-18,1.746e-18,9.410e-19,0.0007,59.31,0
BottomS25789,13.7846,-8.6147,3.719e-20,4.363e-20,4.322e-20,-0.0003,57.59,0
BottomS25790,13.7930,-8.6064,4.261e-19,4.059e-19,2.680e-19,0.0006,57.69,0
BottomS25791,13.7852,-8.6052,2.337e-20,2.849e-20,3.017e-20,-0.0008,57.75,0
BottomS25792,13.7913,-8.6039,2.819e-19,3.002e-19,2.455e-19,0.0001,57.72,0
BottomS25795,13.7900,-8.6089,7.694e-19,1.048e-18,1.419e-18,-0.0005,57.6,0
BottomS25796,13.7943,-8.6058,1.870e-18,1.559e-18,7.981e-19,0.0006,57.68,0
BottomS25798,13.7881,-8.6049,9.872e-18,8.050e-18,3.997e-18,0.0007,57.68,0
BottomS25804,13.7046,-8.6475,4.197e-14,3.116e-14,1.213e-14,-0.0007,59.12,0
BottomS25807,13.7917,-8.6094,2.542e-19,2.465e-19,1.617e-19,-0.0008,57.62,0
BottomS25808,13.7151,-8.6483,3.057e-14,2.103e-14,7.227e-15,0.0008,59.12,0
BottomS25809,13.7970,-8.6089,1.893e-19,1.814e-19,1.198e-19,0.0004,57.58,0
BottomS25810,13.7977,-8.6076,3.204e-19,3.095e-19,2.021e-19,0.0008,57.5,0
BottomS25813,13.7158,-8.6476,4.016e-18,3.378e-18,1.801e-18,-0.0005,59.23,0
BottomS25815,13.7979,-8.6002,2.115e-20,2.807e-20,3.668e-20,0.0003,57.64,0
BottomS25821,13.7109,-8.6477,5.651e-19,5.143e-19,3.041e-19,0.0009,59.16,0
BottomS25822,13.7531,-8.6276,7.242e-18,5.440e-18,2.224e-18,-0.0008,60.3,0
BottomS25823,13.7531,-8.6277,8.164e-17,5.753e-17,2.069e-17,0.0002,61.37,0
BottomS25824,13.7530,-8.6277,1.637e-14,1.110e-14,3.659e-15,0.0005,62.78,0
BottomS25825,13.7531,-8.6278,2.934e-17,2.187e-17,8.919e-18,0.0006,57.78,1
BottomS25826,13.7530,-8.6277,1.520e-16,1.095e-16,4.118e-17,-0.0002,61.81,0
BottomS25827,13.7076,-8.6468,3.008e-17,2.180e-17,8.216e-18,0.0002,59.19,0
BottomS25828,13.7955,-8.6068,7.623e-20,8.229e-20,6.714e-20,0.0001,57.6,0
BottomS25829,13.7959,-8.6059,3.360e-14,2.940e-14,1.622e-14,-0.0001,57.72,1
BottomS25830,13.7971,-8.6023,3.811e-16,2.534e-16,8.233e-17,-0.0004,57.64,0
BottomS25831,13.7955,-8.6000,2.459e-17,1.840e-17,7.564e-18,-0.0003,57.68,0
BottomS25833,13.7120,-8.6590,9.113e-17,6.323e-17,2.182e-17,-0.0,58.97,0
BottomS25834,13.7133,-8.6623,3.647e-18,2.943e-18,1.397e-18,-0.0,59.01,0
BottomS25835,13.7887,-8.5937,2.047e-17,1.521e-17,6.157e-18,0.0002,57.67,0
BottomS25836,13.7175,-8.6637,1.100e-18,9.760e-19,5.426e-19,0.0004,59.02,0
BottomS25837,13.7220,-8.6651,1.320e-18,1.153e-18,6.295e-19,0.0004,58.92,0
BottomS25838,13.7824,-8.5879,5.108e-17,3.612e-17,1.352e-17,-0.0007,57.96,0
BottomS25839,13.7260,-8.6709,2.094e-16,1.446e-16,5.054e-17,-0.0002,58.87,0
BottomS25840,13.7801,-8.5855,1.278e-14,9.037e-15,3.233e-15,0.0004,57.94,0
BottomS25841,13.7298,-8.6710,3.274e-18,2.575e-18,1.128e-18,-0.0004,58.78,0
BottomS25842,13.7724,-8.5820,2.883e-14,1.991e-14,6.964e-15,-0.0004,58.1,0
BottomS25843,13.7673,-8.5806,7.942e-18,6.081e-18,2.573e-18,-0.0003,58.16,0
BottomS25844,13.7682,-8.5827,4.742e-18,3.862e-18,1.907e-18,0.0001,58.16,0
BottomS25845,13.7403,-8.6781,1.304e-17,1.004e-17,4.222e-18,0.0007,58.64,1
BottomS25846,13.7460,-8.6825,3.137e-16,2.093e-16,6.806e-17,0.0004,58.67,0
BottomS25847,13.7481,-8.6749,1.310e-19,1.396e-19,1.150e-19,0.0003,58.57,0
BottomS25848,13.7572,-8.5767,1.702e-16,1.204e-16,4.217e-17,-0.0004,58.21,0
BottomS25849,13.7543,-8.5761,9.158e-18,7.045e-18,2.943e-18,-0.0002,58.33,1
BottomS25850,13.7541,-8.6796,2.212e-17,1.586e-17,5.827e-18,-0.0001,58.37,0
BottomS25851,13.7476,-8.5715,3.032e-17,2.346e-17,9.863e-18,-0.0005,58.33,1
BottomS25852,13.7446,-8.5725,4.286e-19,6.764e-19,1.214e-18,0.0003,58.41,0
BottomS25853,13.7634,-8.6819,1.022e-15,6.953e-16,2.243e-16,-0.0004,58.34,0
BottomS25854,13.7677,-8.6821,4.604e-18,3.692e-18,1.737e-18,0.0003,58.28,0
BottomS25855,13.7349,-8.5739,3.137e-20,3.818e-20,4.157e-20,-0.0004,58.56,0
BottomS25856,13.7750,-8.6817,2.129e-18,1.805e-18,9.489e-19,-0.0003,58.18,0
BottomS25857,13.7289,-8.5749,2.844e-19,2.747e-19,1.856e-19,0.0009,58.74,0
BottomS25858,13.7228,-8.5728,3.178e-16,2.174e-16,7.231e-17,-0.0001,58.74,0
BottomS25859,13.7174,-8.5727,1.251e-18,2.481e-18,7.699e-18,-0.0001,58.75,0
BottomS25860,13.7901,-8.6789,4.377e-18,3.335e-18,1.405e-18,0.0007,58.03,0
BottomS25861,13.7147,-8.5769,8.267e-14,6.914e-14,3.492e-14,0.0006,58.69,1
BottomS25862,13.7958,-8.6780,2.370e-17,1.845e-17,8.202e-18,-0.0001,57.92,1
BottomS25863,13.7046,-8.5755,1.492e-18,3.022e-18,9.231e-18,-0.0004,58.93,0
BottomS25864,13.7035,-8.5804,1.143e-18,2.202e-18,6.063e-18,-0.0001,58.91,0
BottomS25865,13.7019,-8.5838,3.028e-18,2.444e-18,1.175e-18,-0.0005,58.92,0
BottomS25866,13.6995,-8.5844,2.829e-17,2.056e-17,7.818e-18,-0.0003,58.92,0
BottomS25867,13.8111,-8.6715,2.401e-17,1.790e-17,7.217e-18,-0.0,57.82,0
BottomS25868,13.6962,-8.5905,1.445e-18,1.169e-18,5.711e-19,0.0006,59.13,0
BottomS25869,13.8157,-8.6680,3.527e-18,2.918e-18,1.427e-18,-0.0002,57.79,0
BottomS25870,13.6894,-8.5927,1.402e-18,1.208e-18,6.552e-19,-0.0007,59.09,0
BottomS25871,13.8216,-8.6621,1.221e-17,9.494e-18,4.222e-18,-0.0001,57.81,1
BottomS25872,13.6828,-8.5949,8.855e-17,6.362e-17,2.392e-17,-0.0004,59.11,0
BottomS25873,13.8266,-8.6556,1.417e-18,2.088e-18,3.304e-18,-0.0007,57.67,0
BottomS25875,13.6745,-8.6028,1.002e-17,7.887e-18,3.633e-18,0.0003,59.22,0
BottomS25876,13.6749,-8.6057,6.231e-18,5.223e-18,2.728e-18,0.0006,59.13,0
BottomS25878,13.8374,-8.6430,7.824e-19,7.429e-19,4.862e-19,0.0001,57.47,0
BottomS25879,13.6700,-8.6135,7.494e-17,5.233e-17,1.869e-17,-0.0003,59.15,0
BottomS25881,13.6693,-8.6196,4.187e-14,2.888e-14,1.018e-14,-0.0006,59.17,0
BottomS25882,13.8371,-8.6317,1.345e-17,1.056e-17,4.670e-18,0.0003,57.48,1
BottomS25883,13.8387,-8.6319,6.236e-14,4.622e-14,1.871e-14,-0.0001,57.52,0
BottomS25884,13.6675,-8.6263,3.353e-18,2.841e-18,1.449e-18,0.0008,59.3,0
BottomS25885,13.6613,-8.6301,6.291e-17,4.625e-17,1.817e-17,-0.0,59.25,0
BottomS25886,13.6617,-8.6363,2.221e-17,1.638e-17,6.637e-18,0.0002,59.29,0
BottomS25887,13.6660,-8.6402,5.427e-19,5.226e-19,3.359e-19,0.0,59.31,0
BottomS25888,13.8431,-8.6115,7.445e-14,5.443e-14,2.139e-14,0.0006,57.43,0
BottomS25889,13.6714,-8.6425,2.801e-14,2.026e-14,7.390e-15,-0.0013,59.32,0
BottomS25890,13.6647,-8.6493,4.771e-17,3.412e-17,1.264e-17,-0.0004,59.29,0
BottomS25891,13.8400,-8.6024,4.617e-19,4.571e-19,3.197e-19,0.0,57.61,0
BottomS25892,13.8421,-8.5984,2.153e-18,1.902e-18,1.059e-18,0.0,57.58,0
BottomS25893,13.6751,-8.6543,2.182e-17,1.672e-17,6.965e-18,-0.0002,59.27,1
BottomS25894,13.6707,-8.6607,1.530e-18,3.253e-18,1.062e-17,-0.0004,59.17,0
BottomS25895,13.8323,-8.5921,5.904e-18,4.620e-18,2.024e-18,0.0001,57.57,0
BottomS25896,13.8321,-8.5872,1.631e-18,3.095e-18,8.632e-18,0.0,57.7,0
BottomS25897,13.8303,-8.5858,4.061e-17,2.967e-17,1.177e-17,0.0004,57.63,0
BottomS25898,13.8286,-8.5820,7.027e-14,5.079e-14,1.965e-14,-0.0002,57.65,0
BottomS25899,13.8203,-8.5816,1.041e-18,1.460e-18,2.170e-18,0.0,57.74,0
BottomS25900,13.8201,-8.5772,8.989e-17,6.090e-17,2.013e-17,0.0003,57.79,0
BottomS25901,13.8163,-8.5743,4.749e-17,3.215e-17,1.093e-17,0.0005,57.75,0
BottomS25903,13.6944,-8.6851,1.336e-18,1.208e-18,7.298e-19,-0.0002,58.98,0
BottomS25905,13.8054,-8.5670,5.414e-14,3.931e-14,1.505e-14,0.0006,57.9,0
BottomS25906,13.8037,-8.5638,8.625e-19,8.367e-19,5.404e-19,-0.0003,57.93,0
BottomS25907,13.7098,-8.6940,6.459e-18,5.257e-18,2.479e-18,0.0005,58.82,0
BottomS25908,13.7236,-8.6904,5.080e-18,4.034e-18,1.818e-18,0.0004,58.62,0
BottomS25909,13.7915,-8.5578,2.420e-16,1.639e-16,5.452e-17,0.0004,58.01,0
BottomS25910,13.7802,-8.5555,4.994e-15,3.320e-15,1.067e-15,-0.0005,58.05,0
BottomS25911,13.7840,-8.5516,3.276e-17,2.451e-17,9.788e-18,0.0001,58.18,0
BottomS25912,13.7751,-8.5514,3.910e-16,2.623e-16,8.473e-17,0.0006,58.19,0
BottomS25913,13.7314,-8.7062,5.637e-17,3.895e-17,1.384e-17,0.0006,58.63,0
BottomS25914,13.7413,-8.7073,1.378e-16,9.102e-17,2.872e-17,0.0,58.46,0
BottomS25915,13.7646,-8.5520,1.675e-17,1.307e-17,5.873e-18,0.0005,58.23,1
BottomS25916,13.7467,-8.7096,2.723e-19,2.588e-19,1.699e-19,0.0006,58.47,0
BottomS25917,13.7569,-8.7074,3.669e-19,6.816e-19,1.749e-18,-0.0001,58.49,0
BottomS25918,13.7512,-8.5536,9.543e-17,6.826e-17,2.437e-17,0.0001,58.4,0
BottomS25919,13.7440,-8.5527,3.946e-18,3.259e-18,1.617e-18,0.0002,58.41,0
BottomS25920,13.7720,-8.7087,1.051e-16,7.459e-17,2.827e-17,0.0007,58.26,0
BottomS25921,13.7303,-8.5471,2.731e-19,2.742e-19,2.059e-19,-0.0004,58.5,0
BottomS25922,13.7765,-8.7064,8.291e-17,6.000e-17,2.243e-17,0.0,58.2,0
BottomS25923,13.7295,-8.5547,2.604e-17,1.879e-17,7.211e-18,0.0009,58.62,0
BottomS25924,13.7883,-8.7068,6.248e-17,4.443e-17,1.687e-17,0.0002,58.11,0
BottomS25925,13.7889,-8.7015,1.689e-18,1.572e-18,9.913e-19,0.0007,58.15,0
BottomS25926,13.7930,-8.7021,2.623e-15,1.742e-15,5.591e-16,0.0007,58.17,0
BottomS25927,13.7006,-8.5491,5.507e-19,1.102e-18,3.370e-18,0.0,58.82,0
BottomS25928,13.8072,-8.7026,2.672e-18,2.307e-18,1.266e-18,-0.0004,58.0,0
BottomS25929,13.6943,-8.5529,9.548e-19,8.905e-19,5.555e-19,-0.0007,58.89,0
BottomS25930,13.8112,-8.6951,7.464e-17,5.273e-17,1.881e-17,-0.0003,58.03,0
BottomS25931,13.8187,-8.6954,1.816e-17,1.298e-17,4.821e-18,0.0001,58.03,0
BottomS25932,13.8233,-8.6941,2.567e-16,1.757e-16,6.062e-17,-0.0,57.94,0
BottomS25933,13.6785,-8.5613,1.252e-16,8.737e-17,3.142e-17,0.0,58.95,0
BottomS25934,13.6780,-8.5697,2.692e-16,1.879e-16,6.289e-17,0.0004,59.05,0
BottomS25935,13.8332,-8.6857,5.540e-17,3.909e-17,1.450e-17,0.0004,57.85,0
BottomS25936,13.8366,-8.6838,2.093e-17,1.653e-17,7.401e-18,-0.0004,57.74,0
BottomS25937,13.8396,-8.6789,2.857e-17,2.183e-17,9.492e-18,0.0001,57.74,0
BottomS25938,13.6610,-8.5772,3.143e-14,2.587e-14,1.310e-14,-0.0002,59.14,1
BottomS25939,13.8518,-8.6771,3.857e-17,2.789e-17,1.069e-17,-0.0006,57.72,0
BottomS25940,13.8552,-8.6736,2.751e-14,1.954e-14,7.000e-15,0.0006,57.63,0
BottomS25941,13.8528,-8.6637,1.986e-18,1.799e-18,1.023e-18,0.0002,57.71,0
BottomS25942,13.6500,-8.5880,4.138e-18,3.355e-18,1.603e-18,-0.0005,59.15,0
BottomS25943,13.6455,-8.5954,4.100e-17,2.965e-17,1.149e-17,0.0001,59.24,0
BottomS25944,13.8585,-8.6604,4.668e-16,3.147e-16,1.068e-16,-0.0003,57.53,0
BottomS25945,13.6484,-8.6002,4.979e-19,7.860e-19,1.391e-18,-0.0001,59.24,0
BottomS25946,13.6515,-8.6096,2.706e-18,2.432e-18,1.421e-18,0.0006,59.3,0
BottomS25947,13.8657,-8.6480,1.596e-18,1.431e-18,8.349e-19,0.0008,57.51,0
BottomS25948,13.6431,-8.6104,4.760e-18,4.025e-18,2.082e-18,-0.0002,59.23,0
BottomS25949,13.8619,-8.6392,1.748e-18,1.566e-18,9.227e-19,-0.0006,57.57,0
BottomS25950,13.6468,-8.6170,1.476e-17,1.118e-17,4.804e-18,0.0004,59.37,1
BottomS25951,13.8698,-8.6291,1.010e-17,8.237e-18,3.850e-18,-0.0006,57.59,0
BottomS25952,13.6333,-8.6329,3.148e-17,2.392e-17,9.986e-18,-0.0008,59.14,0
BottomS25953,13.8667,-8.6232,1.260e-18,1.099e-18,6.042e-19,-0.0002,57.55,0
BottomS25954,13.6351,-8.6384,2.452e-18,2.121e-18,1.155e-18,-0.0,59.31,0
BottomS25955,13.6414,-8.6408,3.598e-14,3.046e-14,1.564e-14,-0.0001,59.33,1
BottomS25956,13.8622,-8.6126,1.967e-18,1.698e-18,8.860e-19,-0.0001,57.52,0
BottomS25957,13.6365,-8.6528,1.823e-18,1.622e-18,9.032e-19,-0.0011,59.28,0
BottomS25958,13.6383,-8.6569,6.542e-17,4.855e-17,1.963e-17,0.0002,59.33,0
BottomS25959,13.8683,-8.5942,1.680e-17,1.251e-17,5.212e-18,0.0002,57.55,1
BottomS25960,13.8630,-8.5931,2.464e-17,1.788e-17,6.772e-18,0.0004,57.54,0
BottomS25961,13.6447,-8.6678,1.307e-19,1.363e-19,1.073e-19,-0.0012,59.19,0
BottomS25962,13.8595,-8.5842,7.502e-17,5.154e-17,1.786e-17,-0.0,57.6,0
BottomS25963,13.6472,-8.6772,1.284e-18,1.171e-18,6.782e-19,-0.0001,59.16,0
BottomS25964,13.8477,-8.5799,4.630e-14,4.448e-14,2.961e-14,0.0001,57.7,1
BottomS25965,13.6589,-8.6809,1.104e-16,8.141e-17,3.215e-17,0.0007,59.2,0
BottomS25966,13.6586,-8.6877,4.371e-18,3.669e-18,1.836e-18,0.0001,59.18,0
BottomS25967,13.8509,-8.5626,1.596e-17,1.194e-17,4.837e-18,0.0002,57.57,0
BottomS25968,13.6641,-8.6941,3.982e-19,8.186e-19,2.599e-18,0.0003,59.09,0
BottomS25969,13.6732,-8.6946,4.797e-19,4.403e-19,2.669e-19,-0.0006,59.05,0
BottomS25971,13.6823,-8.7008,1.622e-17,1.248e-17,5.183e-18,0.0003,58.91,1
BottomS25972,13.6881,-8.7023,1.353e-17,1.052e-17,4.678e-18,-0.0,58.92,1
BottomS25973,13.8135,-8.5522,9.644e-19,9.217e-19,6.023e-19,-0.0002,57.95,0
BottomS25974,13.6941,-8.7112,7.281e-18,5.700e-18,2.521e-18,0.0001,58.92,0
BottomS25975,13.8046,-8.5418,1.124e-17,9.058e-18,4.286e-18,0.0014,58.01,0
BottomS25976,13.7957,-8.5451,1.787e-17,1.429e-17,6.546e-18,-0.0004,58.06,0
BottomS25977,13.7968,-8.5391,7.565e-17,5.394e-17,2.042e-17,0.0005,58.0,0
BottomS25978,13.7153,-8.7160,2.017e-18,1.813e-18,1.024e-18,-0.001,58.73,0
BottomS25979,13.7859,-8.5302,5.344e-17,3.612e-17,1.253e-17,-0.0001,58.17,0
BottomS25980,13.7782,-8.5348,5.183e-18,4.196e-18,1.999e-18,0.0001,58.1,0
BottomS25981,13.7779,-8.5300,1.268e-17,9.963e-18,4.265e-18,-0.0001,58.15,1
BottomS25982,13.7349,-8.7261,2.041e-16,1.412e-16,4.903e-17,-0.0001,58.62,0
BottomS25983,13.7411,-8.7234,3.746e-18,3.057e-18,1.505e-18,-0.0001,58.51,0
BottomS25984,13.7619,-8.5292,7.219e-19,1.536e-18,5.449e-18,0.0006,58.31,0
BottomS25985,13.7609,-8.7297,1.367e-19,1.465e-19,1.244e-19,0.0002,58.53,0
BottomS25986,13.7681,-8.7337,2.867e-18,2.535e-18,1.465e-18,-0.0006,58.29,0
BottomS25987,13.7667,-8.7235,2.844e-17,2.097e-17,8.109e-18,0.0009,58.44,0
BottomS25988,13.7330,-8.5281,3.826e-18,3.134e-18,1.514e-18,-0.0001,58.47,0
BottomS25989,13.7781,-8.7264,1.424e-17,1.073e-17,4.464e-18,0.0005,58.33,1
BottomS25990,13.7288,-8.5333,2.450e-19,2.615e-19,2.087e-19,-0.0003,58.47,0
BottomS25991,13.7148,-8.5283,1.128e-14,1.310e-14,1.316e-14,0.0005,58.59,0
BottomS25992,13.7947,-8.7223,5.250e-18,4.235e-18,1.998e-18,0.0001,58.22,0
BottomS25993,13.7066,-8.5350,1.783e-20,2.175e-20,2.318e-20,0.0009,58.69,0
BottomS25994,13.6974,-8.5344,1.054e-17,8.606e-18,4.080e-18,0.0002,58.76,0
BottomS25995,13.6957,-8.5375,5.371e-19,5.102e-19,3.213e-19,0.001,58.74,0
BottomS25997,13.8257,-8.7180,1.675e-18,3.291e-18,9.299e-18,-0.0005,58.01,0
BottomS25998,13.6829,-8.5484,6.962e-15,4.745e-15,1.521e-15,0.0003,58.87,0
BottomS25999,13.7163,-8.6523,1.050e-18,2.203e-18,7.434e-18,-0.0007,59.0,0
BottomS26001,13.7103,-8.6589,9.948e-18,7.752e-18,3.306e-18,-0.0005,59.03,1
BottomS26002,13.7866,-8.6010,4.073e-18,3.523e-18,1.888e-18,0.0004,57.69,0
BottomS26003,13.7196,-8.6589,3.738e-18,3.019e-18,1.431e-18,0.0009,59.0,0
BottomS26004,13.7871,-8.5934,4.563e-18,3.806e-18,1.863e-18,0.0006,57.84,0
BottomS26005,13.7156,-8.6626,6.370e-19,9.599e-19,1.643e-18,0.0006,59.05,0
BottomS26006,13.7215,-8.6600,1.113e-19,1.197e-19,1.013e-19,0.0008,59.02,0
BottomS26007,13.7847,-8.5880,5.081e-20,5.695e-20,5.233e-20,0.0005,57.91,0
BottomS26008,13.7133,-8.6708,2.067e-18,4.192e-18,1.344e-17,0.0005,58.88,0
BottomS26009,13.7260,-8.6677,3.567e-18,2.830e-18,1.284e-18,0.0007,58.76,0
BottomS26011,13.7825,-8.5854,9.579e-19,8.305e-19,4.285e-19,0.0006,58.05,0
BottomS26012,13.7287,-8.6741,4.294e-18,3.429e-18,1.592e-18,0.0008,58.87,0
BottomS26013,13.7756,-8.5800,2.581e-18,2.185e-18,1.161e-18,-0.0006,58.06,0
BottomS26014,13.7372,-8.6697,6.818e-19,5.984e-19,3.424e-19,-0.0007,58.63,0
BottomS26015,13.7705,-8.5834,2.936e-17,2.242e-17,9.405e-18,0.0004,58.07,1
BottomS26017,13.7424,-8.6763,1.484e-17,1.130e-17,4.853e-18,-0.0,58.41,1
BottomS26018,13.7649,-8.5753,1.747e-18,1.462e-18,7.575e-19,0.0004,58.32,0
BottomS26019,13.7617,-8.5751,2.881e-19,2.839e-19,1.945e-19,-0.0009,58.24,0
BottomS26020,13.7448,-8.6786,2.007e-18,1.817e-18,1.036e-18,0.0008,58.52,0
BottomS26021,13.7552,-8.5790,3.156e-20,3.756e-20,3.819e-20,0.0002,58.4,0
BottomS26022,13.7476,-8.5721,2.775e-18,4.970e-18,1.202e-17,-0.0007,58.42,0
BottomS26023,13.7531,-8.6770,6.959e-18,5.411e-18,2.363e-18,0.0008,58.49,0
BottomS26024,13.7548,-8.6727,8.823e-19,8.071e-19,4.886e-19,0.0001,58.41,0
BottomS26025,13.7561,-8.6802,8.384e-19,1.719e-18,5.240e-18,-0.0004,58.38,0
BottomS26026,13.7669,-8.6840,3.096e-18,5.263e-18,1.117e-17,0.0001,58.28,0
BottomS26027,13.7407,-8.5725,2.712e-18,4.208e-18,7.665e-18,-0.0005,58.59,0
BottomS26028,13.7603,-8.6791,3.878e-18,3.287e-18,1.672e-18,-0.0001,58.42,0
BottomS26029,13.7406,-8.5760,1.035e-18,1.589e-18,2.841e-18,0.0003,58.54,0
BottomS26030,13.7404,-8.5800,8.824e-19,1.460e-18,3.079e-18,0.0005,58.51,0
BottomS26031,13.7288,-8.5727,1.011e-19,1.114e-19,9.544e-20,0.0,58.67,0
BottomS26032,13.7340,-8.5780,8.372e-19,1.343e-18,2.594e-18,0.0006,58.61,0
BottomS26034,13.7285,-8.5797,1.141e-18,9.915e-19,5.351e-19,-0.0002,58.77,0
BottomS26035,13.7829,-8.6809,3.942e-19,6.334e-19,1.249e-18,0.0001,58.12,0
BottomS26036,13.7901,-8.6837,3.340e-20,3.936e-20,3.873e-20,0.0006,57.98,0
BottomS26037,13.7873,-8.6792,5.025e-14,4.741e-14,2.990e-14,0.0004,58.02,1
BottomS26039,13.7923,-8.6786,1.471e-18,2.165e-18,3.559e-18,0.0006,57.99,0
BottomS26040,13.7894,-8.6709,5.217e-18,4.207e-18,1.922e-18,0.0009,57.96,0
BottomS26041,13.8032,-8.6816,1.498e-18,2.337e-18,4.053e-18,-0.0006,57.95,0
BottomS26042,13.7006,-8.5751,5.019e-14,3.730e-14,1.432e-14,-0.0005,58.96,0
BottomS26043,13.8000,-8.6733,2.449e-18,2.083e-18,1.066e-18,-0.0004,57.81,0
BottomS26044,13.7126,-8.5951,6.308e-19,5.833e-19,3.544e-19,0.0001,58.95,0
BottomS26045,13.8100,-8.6758,7.825e-18,6.153e-18,2.797e-18,0.0003,57.81,0
BottomS26046,13.8092,-8.6660,1.188e-18,1.023e-18,5.582e-19,-0.0003,57.79,0
BottomS26047,13.8115,-8.6724,4.369e-14,4.367e-14,3.141e-14,-0.0008,57.87,1
BottomS26048,13.8079,-8.6660,1.821e-18,3.011e-18,6.281e-18,0.0,57.82,0
BottomS26050,13.8256,-8.6715,2.655e-18,2.256e-18,1.161e-18,-0.0,57.79,0
BottomS26051,13.6860,-8.5934,7.277e-18,5.996e-18,2.872e-18,-0.0005,59.17,0
BottomS26055,13.6801,-8.5966,3.964e-18,3.161e-18,1.411e-18,0.0005,59.11,0
BottomS26057,13.8350,-8.6630,2.562e-18,4.831e-18,1.327e-17,0.0002,57.68,0
BottomS26058,13.6760,-8.6088,9.145e-19,8.332e-19,5.135e-19,-0.0001,59.14,0
BottomS26059,13.6752,-8.6101,3.634e-17,2.533e-17,9.108e-18,-0.0001,59.28,0
BottomS26061,13.6751,-8.6199,2.237e-18,1.828e-18,8.750e-19,0.0008,59.23,0
BottomS26062,13.8303,-8.6452,2.432e-14,1.704e-14,6.115e-15,0.0006,57.59,0
BottomS26063,13.6818,-8.6149,1.774e-20,2.208e-20,2.526e-20,0.0008,59.26,0
BottomS26064,13.8371,-8.6422,2.663e-19,2.589e-19,1.834e-19,0.0002,57.54,0
BottomS26065,13.6704,-8.6204,9.704e-18,7.403e-18,3.017e-18,-0.0001,59.18,0
BottomS26067,13.8360,-8.6339,1.632e-18,1.363e-18,7.107e-19,-0.0002,57.6,0
BottomS26068,13.8425,-8.6259,2.117e-17,1.558e-17,6.093e-18,-0.0002,57.47,0
BottomS26069,13.8369,-8.6275,4.045e-17,2.852e-17,1.015e-17,-0.0002,57.6,0
BottomS26070,13.6601,-8.6304,1.550e-19,1.669e-19,1.405e-19,0.0012,59.38,0
BottomS26072,13.6725,-8.6329,1.424e-17,1.079e-17,4.457e-18,-0.0003,59.31,1
BottomS26073,13.8394,-8.6198,9.191e-19,8.809e-19,5.870e-19,-0.0001,57.46,0
BottomS26074,13.8362,-8.6167,1.877e-18,1.617e-18,8.450e-19,-0.0001,57.49,0
BottomS26075,13.6686,-8.6422,8.957e-19,8.252e-19,5.049e-19,0.0003,59.21,0
BottomS26077,13.6727,-8.6421,2.393e-18,2.045e-18,1.092e-18,0.0002,59.24,0
BottomS26078,13.8419,-8.6104,4.349e-19,4.331e-19,3.153e-19,0.0014,57.62,0
BottomS26079,13.8346,-8.6015,8.644e-20,9.317e-20,8.093e-20,0.0006,57.47,0
BottomS26080,13.6639,-8.6594,2.951e-20,3.569e-20,3.842e-20,-0.0006,59.29,0
BottomS26081,13.8262,-8.6067,7.852e-19,1.644e-18,5.436e-18,0.0004,57.59,0
BottomS26082,13.6765,-8.6568,4.262e-18,1.020e-17,4.579e-17,-0.0008,59.23,0
BottomS26083,13.8379,-8.5911,4.436e-17,3.199e-17,1.206e-17,-0.0002,57.63,0
BottomS26086,13.8306,-8.5858,3.393e-18,2.811e-18,1.392e-18,0.0002,57.66,0
BottomS26087,13.8169,-8.5919,1.213e-18,2.422e-18,7.295e-18,0.0001,57.68,0
BottomS26089,13.8191,-8.5833,3.452e-14,3.342e-14,2.268e-14,0.0003,57.77,1
BottomS26090,13.8311,-8.5743,1.846e-18,1.603e-18,8.673e-19,-0.0001,57.73,0
BottomS26091,13.8159,-8.5795,3.970e-19,3.816e-19,2.573e-19,0.001,57.7,0
BottomS26092,13.6886,-8.6790,4.260e-20,4.994e-20,4.875e-20,0.0005,59.09,0
BottomS26093,13.8167,-8.5734,1.323e-18,1.170e-18,6.362e-19,-0.0005,57.73,0
BottomS26094,13.8152,-8.5715,1.898e-18,3.141e-18,6.449e-18,-0.0001,57.76,0
BottomS26095,13.6899,-8.6867,6.567e-19,6.127e-19,3.690e-19,-0.0,59.0,0
BottomS26096,13.7079,-8.6818,6.119e-20,6.520e-20,5.344e-20,0.0003,58.89,0
BottomS26097,13.8000,-8.5674,3.880e-19,3.832e-19,2.740e-19,0.0006,57.93,0
BottomS26098,13.7968,-8.5716,9.773e-19,8.654e-19,4.675e-19,0.0006,57.95,0
BottomS26099,13.7995,-8.5637,1.183e-18,1.768e-18,2.977e-18,-0.0002,57.91,0
BottomS26103,13.7199,-8.6995,2.474e-19,2.499e-19,1.806e-19,-0.0002,58.75,0
BottomS26104,13.7238,-8.6916,5.658e-14,4.302e-14,1.800e-14,-0.0002,58.83,1
BottomS26107,13.7688,-8.5544,4.373e-18,3.527e-18,1.700e-18,0.0001,58.19,0
BottomS26109,13.7633,-8.5573,3.541e-19,3.409e-19,2.245e-19,0.0003,58.24,0
BottomS26111,13.7469,-8.7071,3.312e-20,3.989e-20,4.042e-20,0.0007,58.62,0
BottomS26113,13.7504,-8.5466,3.849e-14,2.670e-14,9.303e-15,0.0009,58.34,0
BottomS26114,13.7389,-8.5407,9.979e-19,9.394e-19,5.999e-19,-0.0006,58.43,0
BottomS26115,13.7560,-8.6959,4.707e-17,3.325e-17,1.229e-17,-0.0005,58.53,0
BottomS26117,13.7342,-8.5408,1.346e-18,1.206e-18,6.833e-19,-0.0009,58.51,0
BottomS26119,13.7754,-8.7023,3.434e-17,2.574e-17,1.012e-17,0.0005,58.25,0
BottomS26120,13.7779,-8.7060,1.107e-18,2.373e-18,8.173e-18,0.0004,58.25,0
BottomS26121,13.7838,-8.7069,6.962e-19,1.623e-18,6.545e-18,-0.0001,58.19,0
BottomS26122,13.7179,-8.5477,9.744e-18,7.620e-18,3.417e-18,-0.0003,58.55,1
BottomS26123,13.7996,-8.7171,9.313e-18,7.259e-18,3.155e-18,-0.0,58.12,1
BottomS26124,13.7974,-8.7100,2.968e-19,2.926e-19,2.051e-19,0.0,58.06,0
BottomS26125,13.7135,-8.5505,1.951e-17,1.508e-17,6.373e-18,-0.0003,58.74,1
BottomS26126,13.7077,-8.5538,5.659e-17,4.105e-17,1.591e-17,-0.0001,58.74,0
BottomS26128,13.8161,-8.7103,1.325e-16,8.705e-17,2.713e-17,0.0001,58.06,0
BottomS26129,13.7010,-8.5565,1.323e-19,1.377e-19,1.028e-19,-0.0005,58.73,0
BottomS26132,13.8243,-8.7013,8.527e-17,5.990e-17,2.137e-17,-0.0002,57.87,0
BottomS26133,13.6835,-8.5596,5.303e-18,4.405e-18,2.145e-18,-0.0005,58.91,0
BottomS26134,13.8187,-8.6863,6.493e-16,4.241e-16,1.359e-16,-0.0006,57.97,0
BottomS26135,13.6800,-8.5697,1.016e-18,1.952e-18,5.292e-18,-0.0001,59.0,0
BottomS26137,13.6725,-8.5711,7.824e-19,7.249e-19,4.680e-19,0.0001,58.94,0
BottomS26139,13.6755,-8.5724,1.669e-17,1.291e-17,5.529e-18,0.0,59.05,1
BottomS26143,13.6481,-8.5792,1.559e-19,1.660e-19,1.376e-19,-0.0007,59.09,0
BottomS26144,13.8438,-8.6708,6.928e-18,5.565e-18,2.594e-18,-0.0006,57.69,0
BottomS26146,13.8588,-8.6677,6.222e-18,5.103e-18,2.421e-18,0.0007,57.67,0
BottomS26147,13.8583,-8.6620,2.850e-18,2.338e-18,1.141e-18,-0.0006,57.54,0
BottomS26148,13.8496,-8.6659,1.127e-18,9.735e-19,5.215e-19,-0.0007,57.58,0
BottomS26149,13.6511,-8.6022,2.848e-19,2.871e-19,2.150e-19,-0.0004,59.19,0
BottomS26151,13.6497,-8.6089,8.002e-18,6.151e-18,2.661e-18,-0.0007,59.12,0
BottomS26152,13.8567,-8.6505,3.623e-18,2.995e-18,1.495e-18,0.0001,57.62,0
BottomS26153,13.8666,-8.6446,1.856e-20,2.153e-20,2.188e-20,0.0006,57.65,0
BottomS26154,13.8717,-8.6433,2.679e-17,1.996e-17,8.164e-18,-0.0002,57.46,0
BottomS26155,13.6478,-8.6103,1.284e-18,1.108e-18,5.921e-19,-0.0001,59.3,0
BottomS26156,13.6343,-8.6145,7.417e-17,5.478e-17,2.137e-17,0.0003,59.31,0
BottomS26157,13.6468,-8.6258,1.087e-20,1.451e-20,1.860e-20,0.001,59.2,0
BottomS26158,13.6432,-8.6183,9.769e-19,8.646e-19,5.005e-19,-0.0002,59.26,0
BottomS26159,13.6395,-8.6300,2.631e-18,4.579e-18,1.061e-17,0.0003,59.32,0
BottomS26160,13.8616,-8.6214,8.475e-20,9.326e-20,8.053e-20,-0.0003,57.48,0
BottomS26161,13.6365,-8.6302,1.238e-17,9.903e-18,4.518e-18,0.0002,59.27,1
BottomS26162,13.8648,-8.6241,3.570e-20,4.288e-20,4.546e-20,0.0004,57.49,0
BottomS26164,13.8589,-8.6119,3.849e-20,4.831e-20,5.564e-20,-0.0009,57.67,0
BottomS26165,13.6489,-8.6417,1.086e-17,8.590e-18,3.769e-18,0.0006,59.21,1
BottomS26166,13.8625,-8.6055,1.105e-18,1.693e-18,3.098e-18,-0.0001,57.44,0
BottomS26167,13.8578,-8.6107,1.011e-18,1.927e-18,5.165e-18,-0.0003,57.59,0
BottomS26168,13.8571,-8.6034,2.670e-19,2.666e-19,1.926e-19,-0.0003,57.61,0
BottomS26171,13.8570,-8.5933,5.520e-19,5.091e-19,3.113e-19,0.0003,57.55,0
BottomS26172,13.6495,-8.6639,1.894e-18,3.528e-18,9.383e-18,-0.0001,59.31,0
BottomS26173,13.8525,-8.5874,3.161e-17,2.430e-17,1.050e-17,0.0001,57.54,0
BottomS26174,13.8555,-8.5832,2.213e-19,3.715e-19,8.061e-19,0.0004,57.59,0
BottomS26175,13.8536,-8.5799,3.440e-15,2.278e-15,7.234e-16,-0.0003,57.67,0
BottomS26177,13.8489,-8.5727,3.025e-14,2.135e-14,7.790e-15,0.0006,57.7,0
BottomS26179,13.8459,-8.5651,1.228e-18,1.094e-18,6.133e-19,-0.0001,57.65,0
BottomS26180,13.6738,-8.6869,4.977e-19,4.491e-19,2.681e-19,0.0002,59.19,0
BottomS26181,13.8450,-8.5566,1.957e-19,1.946e-19,1.395e-19,0.0012,57.84,0
BottomS26182,13.8339,-8.5609,1.333e-17,1.009e-17,4.290e-18,0.0006,57.76,1
BottomS26185,13.6731,-8.7026,1.964e-19,1.940e-19,1.352e-19,-0.0004,59.01,0
BottomS26189,13.6899,-8.7098,8.604e-19,1.419e-18,2.997e-18,-0.0003,58.93,0
BottomS26190,13.8028,-8.5396,4.881e-20,5.610e-20,5.441e-20,0.0001,57.96,0
BottomS26191,13.8127,-8.5390,7.250e-19,7.042e-19,4.884e-19,0.0008,57.88,0
BottomS26194,13.7980,-8.5398,8.714e-19,1.790e-18,5.603e-18,-0.0001,58.09,0
BottomS26195,13.7882,-8.5292,1.728e-17,1.316e-17,5.411e-18,0.0002,58.1,1
BottomS26196,13.7302,-8.7286,1.208e-19,1.328e-19,1.140e-19,-0.0004,58.74,0
BottomS26197,13.7197,-8.7234,7.549e-18,2.001e-17,1.117e-16,-0.0007,58.74,0
BottomS26198,13.7694,-8.5412,2.183e-20,2.479e-20,2.334e-20,-0.0001,58.23,0
BottomS26199,13.7421,-8.7130,3.829e-18,3.124e-18,1.525e-18,0.0,58.58,0
BottomS26200,13.7326,-8.7172,1.047e-20,1.454e-20,2.095e-20,-0.0008,58.62,0
BottomS26201,13.7451,-8.7189,2.186e-18,4.052e-18,1.066e-17,-0.0,58.52,0
BottomS26202,13.7464,-8.7210,4.975e-18,4.015e-18,1.893e-18,0.0001,58.52,0
BottomS26203,13.7455,-8.7204,4.050e-19,7.178e-19,1.766e-18,0.0008,58.49,0
BottomS26204,13.7581,-8.5308,7.491e-19,1.310e-18,3.027e-18,0.0002,58.36,0
BottomS26205,13.7577,-8.7248,1.850e-19,1.853e-19,1.329e-19,0.0005,58.37,0
BottomS26206,13.7761,-8.7243,2.106e-19,2.185e-19,1.681e-19,-0.0004,58.44,0
BottomS26207,13.7688,-8.7236,4.020e-17,2.891e-17,1.067e-17,0.0004,58.41,0
BottomS26208,13.7274,-8.5248,2.714e-19,4.572e-19,9.760e-19,-0.0004,58.5,0
BottomS26209,13.7769,-8.7312,5.026e-20,5.808e-20,5.663e-20,0.0005,58.28,0
BottomS26211,13.7908,-8.7299,3.207e-20,3.775e-20,3.802e-20,-0.0005,58.26,0
BottomS26212,13.7178,-8.5373,1.776e-17,1.339e-17,5.489e-18,0.0008,58.7,1
BottomS26213,13.7839,-8.7167,2.665e-19,2.602e-19,1.839e-19,0.0007,58.23,0
BottomS26214,13.8011,-8.7244,1.271e-18,1.204e-18,7.914e-19,0.0006,58.08,0
BottomS26215,13.7118,-8.5417,7.416e-19,6.946e-19,4.269e-19,-0.0,58.61,0
BottomS26216,13.6958,-8.5292,9.163e-19,1.667e-18,4.130e-18,0.0,58.77,0
BottomS26217,13.7016,-8.5436,1.274e-18,1.099e-18,5.905e-19,0.0007,58.75,0
BottomS26219,13.6919,-8.5467,1.184e-18,2.182e-18,5.529e-18,0.0008,58.78,0
BottomS26220,13.6901,-8.5496,3.909e-17,2.758e-17,1.005e-17,-0.0004,58.76,0
BottomS26222,13.6795,-8.5514,2.702e-19,2.760e-19,2.078e-19,-0.0001,58.93,0
BottomS26223,13.6793,-8.5550,7.121e-20,7.968e-20,7.166e-20,0.0005,58.94,0
BottomS26224,13.6762,-8.5574,2.018e-18,1.788e-18,1.043e-18,0.0004,58.92,0
BottomS26225,13.8317,-8.6930,8.271e-19,1.458e-18,3.382e-18,-0.0002,57.93,0
BottomS26230,11.8588,-10.3936,1.348e-18,1.252e-18,7.498e-19,0.0004,55.27,0
BottomS26231,11.8694,-10.3741,1.035e-19,1.099e-19,9.120e-20,0.0001,53.02,0
BottomS26233,11.9265,-10.3020,5.848e-20,6.632e-20,5.984e-20,0.0004,52.84,0
BottomS26234,11.8044,-10.4300,1.121e-19,1.214e-19,9.978e-20,0.0002,55.66,0
BottomS26235,11.8645,-10.3852,1.319e-20,1.683e-20,1.991e-20,0.0005,55.01,0
BottomS26240,11.8698,-10.3784,1.218e-20,1.519e-20,1.700e-20,0.0005,53.06,0
BottomS26241,11.8730,-10.3815,7.461e-19,1.106e-18,1.794e-18,-0.0004,53.52,0
BottomS26246,11.8223,-10.4222,1.856e-18,2.956e-18,5.400e-18,0.0004,55.72,0
BottomS26247,11.8664,-10.3718,3.644e-20,4.065e-20,3.523e-20,-0.0003,53.45,0
BottomS26248,11.8636,-10.3848,2.227e-20,2.706e-20,2.941e-20,0.0004,54.79,0
BottomS26257,11.8685,-10.3729,1.045e-20,1.402e-20,1.779e-20,-0.0,53.14,0
BottomS26260,11.8559,-10.3915,4.498e-19,4.354e-19,2.879e-19,-0.0007,55.42,0
BottomS26261,11.8744,-10.3678,1.083e-20,1.394e-20,1.691e-20,0.0001,52.89,0
BottomS26263,11.8480,-10.3907,1.074e-20,1.506e-20,2.195e-20,0.0001,55.5,0
BottomS26269,11.8631,-10.3848,8.045e-19,1.748e-18,6.395e-18,-0.0001,55.01,0
BottomS26277,11.8494,-10.3971,3.354e-20,4.105e-20,4.480e-20,-0.0004,55.6,0
BottomS26279,11.8504,-10.3961,2.259e-18,3.711e-18,7.756e-18,-0.0003,55.39,0
BottomS26281,11.8489,-10.3941,6.620e-19,1.087e-18,2.215e-18,-0.0003,55.61,0
BottomS26282,11.8585,-10.3800,5.719e-20,6.282e-20,5.616e-20,-0.0007,55.4,0
BottomS26284,11.8603,-10.3847,2.606e-19,2.543e-19,1.752e-19,0.0004,55.29,0
BottomS26285,11.8689,-10.3740,3.647e-14,2.601e-14,9.544e-15,0.0005,53.32,0
BottomS26286,11.8610,-10.3822,5.033e-18,4.221e-18,2.094e-18,0.0006,54.95,0
BottomS26289,11.8812,-10.3717,3.857e-19,3.686e-19,2.420e-19,-0.0012,53.12,0
BottomS26290,11.8738,-10.3587,1.247e-20,1.622e-20,1.996e-20,-0.0001,53.11,0
BottomS26291,11.8534,-10.3857,5.125e-18,4.179e-18,1.931e-18,0.0003,54.81,0
BottomS26295,11.8659,-10.3850,1.390e-20,1.771e-20,2.019e-20,0.0,54.21,0
BottomS26303,11.9786,-10.3664,9.272e-19,1.910e-18,6.220e-18,0.0006,53.88,0
BottomS26305,11.8429,-10.3948,7.443e-15,9.082e-15,9.883e-15,0.0003,55.5,0
BottomS26308,11.8736,-10.3733,7.061e-20,8.061e-20,7.609e-20,0.0008,53.13,0
BottomS26309,11.8641,-10.3811,9.369e-20,1.028e-19,8.975e-20,0.0004,53.9,0
BottomS26314,11.8559,-10.3837,3.571e-20,4.005e-20,3.747e-20,0.0011,55.36,0
BottomS26318,11.8474,-10.3937,5.828e-20,6.222e-20,5.195e-20,0.0001,55.72,0
BottomS26320,11.8784,-10.3609,1.009e-19,1.064e-19,8.513e-20,-0.0006,52.78,0
BottomS26324,11.8531,-10.3901,6.992e-20,7.575e-20,6.540e-20,-0.0004,55.39,0
BottomS26325,11.8725,-10.3766,5.281e-19,8.516e-19,1.662e-18,-0.0003,52.97,0
BottomS26330,11.8672,-10.3709,3.256e-19,3.194e-19,2.250e-19,-0.0,53.26,0
BottomS26331,11.8574,-10.3951,1.972e-18,1.701e-18,8.988e-19,-0.0006,54.95,0
BottomS26342,11.8613,-10.3850,6.463e-14,5.426e-14,2.824e-14,0.0,55.09,1
BottomS26344,11.8823,-10.3954,3.610e-20,4.335e-20,4.671e-20,0.0003,54.09,0
BottomS26345,11.8522,-10.4020,5.226e-19,4.939e-19,3.082e-19,0.0009,55.18,0
BottomS26346,11.8606,-10.3905,1.063e-19,1.197e-19,1.073e-19,0.0014,55.44,0
BottomS26353,11.8604,-10.3797,2.533e-18,5.855e-18,2.306e-17,0.0003,54.3,0
BottomS26354,11.8808,-10.3746,8.420e-19,8.002e-19,4.970e-19,0.0,53.21,0
BottomS26360,11.8724,-10.3631,2.269e-20,2.748e-20,2.858e-20,-0.0004,53.22,0
BottomS26374,11.8442,-10.4174,2.873e-20,3.471e-20,3.780e-20,-0.0002,55.21,0
BottomS26378,11.8779,-10.3854,1.215e-19,1.229e-19,9.283e-20,-0.0001,53.96,0
BottomS26380,11.8326,-10.4200,1.274e-20,1.640e-20,2.053e-20,0.0007,55.49,0
BottomS26383,11.8626,-10.3834,2.512e-20,3.086e-20,3.440e-20,-0.0006,55.71,0
BottomS26386,11.8604,-10.4289,2.743e-18,4.305e-18,7.758e-18,-0.0006,54.67,0
BottomS26389,11.8096,-10.4106,4.507e-18,7.676e-18,1.702e-17,0.0,55.15,0
BottomS26392,11.8650,-10.3783,7.070e-20,7.987e-20,7.211e-20,0.0003,53.15,0
BottomS26396,11.8281,-10.4128,3.055e-14,2.176e-14,8.183e-15,0.0003,55.56,0
BottomS26399,11.8894,-10.3508,1.418e-20,1.792e-20,2.080e-20,0.0001,52.97,0
BottomS26402,11.8587,-10.3844,1.478e-18,2.872e-18,8.106e-18,0.0003,54.62,0
BottomS26404,11.8680,-10.3782,1.119e-18,9.880e-19,5.736e-19,-0.0004,52.97,0
BottomS26405,11.8237,-10.4191,4.646e-19,4.479e-19,2.995e-19,0.0001,55.62,0
BottomS26407,11.8660,-10.3855,1.934e-19,2.022e-19,1.607e-19,-0.0002,54.71,0
BottomS26408,11.8734,-10.3657,1.290e-19,1.388e-19,1.152e-19,0.0005,52.68,0
BottomS26420,11.8573,-10.3824,3.184e-19,3.126e-19,2.145e-19,-0.0006,55.44,0
BottomS26425,11.8657,-10.3707,8.755e-19,1.351e-18,2.419e-18,0.0012,53.66,0
BottomS26429,11.8683,-10.3804,1.264e-20,1.599e-20,1.781e-20,-0.0011,53.09,0
BottomS26430,11.8608,-10.3866,3.481e-19,3.399e-19,2.339e-19,0.0008,55.35,0
BottomS26431,11.8573,-10.3590,1.120e-19,1.224e-19,1.112e-19,-0.0005,53.86,0
BottomS26434,11.8571,-10.3942,8.367e-20,9.781e-20,9.313e-20,0.0003,55.28,0
BottomS26436,11.8665,-10.3783,2.941e-18,4.084e-18,5.801e-18,0.0001,53.32,0
BottomS26437,11.8858,-10.3743,3.395e-18,4.966e-18,7.666e-18,0.0003,53.6,0
BottomS26443,11.8344,-10.3995,2.962e-20,3.465e-20,3.411e-20,0.0003,55.62,0
BottomS26444,11.8732,-10.3662,1.151e-19,1.226e-19,1.037e-19,0.001,52.98,0
BottomS26445,11.8662,-10.3792,1.484e-18,1.394e-18,8.746e-19,-0.0002,53.07,0
BottomS26446,11.8573,-10.3804,3.595e-14,2.511e-14,8.961e-15,0.0001,55.43,0
BottomS26448,11.8594,-10.3327,3.845e-20,4.346e-20,3.952e-20,0.0006,53.85,0
BottomS26451,11.8648,-10.3830,1.738e-18,3.106e-18,7.265e-18,0.0,53.93,0
BottomS26456,11.8624,-10.3925,8.970e-19,1.322e-18,2.136e-18,0.0006,54.51,0
BottomS26462,11.8661,-10.3951,2.312e-19,2.290e-19,1.593e-19,-0.0007,54.49,0
BottomS26464,11.8394,-10.3955,2.454e-19,2.451e-19,1.798e-19,-0.0006,55.21,0
BottomS26470,11.8569,-10.3939,9.544e-19,2.076e-18,7.354e-18,-0.0002,55.44,0
BottomS26471,11.8704,-10.3797,5.651e-20,6.185e-20,5.613e-20,0.0005,52.97,0
BottomS26474,11.8616,-10.3823,7.017e-19,6.282e-19,3.599e-19,-0.0005,54.47,0
BottomS26475,11.8573,-10.3860,4.951e-19,9.026e-19,2.266e-18,-0.0001,55.49,0
BottomS26476,11.8588,-10.3804,2.359e-18,4.695e-18,1.444e-17,0.0002,54.96,0
BottomS26477,11.8644,-10.3793,1.013e-19,1.096e-19,9.089e-20,0.0003,53.43,0
BottomS26478,11.8761,-10.3847,4.500e-20,5.320e-20,5.251e-20,-0.0006,53.05,0
BottomS26480,11.8521,-10.3721,4.128e-20,4.695e-20,4.643e-20,0.0007,55.52,0
BottomS26481,11.8753,-10.3724,8.974e-20,9.992e-20,8.929e-20,-0.0002,52.97,0
BottomS26482,11.8524,-10.3998,3.597e-20,4.416e-20,4.690e-20,0.0001,55.64,0
BottomS26485,11.8680,-10.3880,3.062e-18,7.673e-18,3.583e-17,0.0007,54.31,0
BottomS26486,11.8697,-10.3879,6.338e-19,1.206e-18,3.419e-18,0.0008,54.14,0
BottomS26487,11.8529,-10.3852,5.054e-20,5.998e-20,6.103e-20,-0.0,55.37,0
BottomS26488,11.8625,-10.3733,4.500e-20,5.409e-20,5.605e-20,-0.0001,53.05,0
BottomS26489,11.8422,-10.3927,1.006e-18,9.308e-19,5.619e-19,-0.0006,55.68,0
BottomS26491,11.8648,-10.3611,3.097e-19,3.181e-19,2.382e-19,-0.0001,52.77,0
BottomS26492,11.8671,-10.3706,9.691e-20,1.059e-19,8.866e-20,0.0008,53.22,0
BottomS26496,11.8612,-10.3909,1.522e-18,1.361e-18,8.003e-19,-0.0002,55.0,0
BottomS26498,11.8668,-10.3674,1.080e-19,1.217e-19,1.067e-19,-0.0,53.18,0
BottomS26502,11.8618,-10.3942,1.068e-18,9.718e-19,5.730e-19,-0.0002,54.98,0
BottomS26503,11.8413,-10.4093,7.120e-19,1.020e-18,1.543e-18,-0.0002,55.38,0
BottomS26504,11.8476,-10.3755,1.488e-17,1.075e-17,4.014e-18,0.0003,55.63,0
BottomS26505,11.8501,-10.3739,7.157e-19,1.114e-18,1.922e-18,-0.0,54.82,0
BottomS26506,11.8733,-10.3786,9.030e-20,1.052e-19,1.052e-19,0.0001,53.2,0
BottomS26507,11.8528,-10.3693,3.381e-19,5.803e-19,1.294e-18,-0.0001,54.02,0
BottomS26509,11.8605,-10.3865,3.542e-20,4.365e-20,4.778e-20,-0.0005,54.57,0
BottomS26511,11.8501,-10.3906,1.116e-20,1.475e-20,1.938e-20,0.0007,55.28,0
BottomS26514,11.8668,-10.3881,3.183e-19,3.071e-19,2.081e-19,-0.0005,54.35,0
BottomS26515,11.8712,-10.3675,3.089e-20,3.690e-20,3.647e-20,-0.0002,52.7,0
BottomS26517,11.8689,-10.3579,5.331e-19,5.284e-19,3.641e-19,0.0006,52.75,0
BottomS26518,11.8442,-10.3831,3.048e-18,2.637e-18,1.488e-18,-0.0004,55.35,0
BottomS26519,11.8569,-10.3577,7.236e-19,6.957e-19,4.503e-19,-0.0002,53.33,0
BottomS26522,11.8677,-10.3779,2.931e-18,4.214e-18,6.370e-18,-0.0001,53.51,0
BottomS26523,11.8639,-10.3697,1.989e-18,1.682e-18,8.801e-19,0.0012,52.99,0
BottomS26524,11.8580,-10.3880,4.343e-14,3.035e-14,1.083e-14,0.0004,55.43,0
BottomS26529,11.8701,-10.3798,1.751e-18,1.501e-18,8.095e-19,-0.0,53.19,0
BottomS26530,11.8710,-10.3873,4.075e-20,4.974e-20,5.331e-20,0.0003,54.02,0
BottomS26531,11.8460,-10.3721,1.203e-18,1.078e-18,6.236e-19,0.0004,55.65,0
BottomS26533,11.8491,-10.3908,6.482e-18,1.704e-17,9.007e-17,0.0001,55.64,0
BottomS26534,11.8589,-10.3768,1.764e-20,2.199e-20,2.407e-20,0.0002,54.16,0
BottomS26535,11.8647,-10.3927,1.687e-19,1.757e-19,1.379e-19,0.001,54.7,0
BottomS26536,11.8674,-10.3845,3.022e-19,2.933e-19,2.013e-19,0.0006,54.02,0
BottomS26537,11.8635,-10.3784,1.409e-18,1.185e-18,5.990e-19,-0.0009,53.92,0
BottomS26539,11.8483,-10.3910,4.597e-19,7.978e-19,1.796e-18,-0.0005,55.36,0
BottomS26540,11.8501,-10.3790,1.029e-14,6.658e-15,2.051e-15,-0.0005,55.51,0
BottomS26542,11.8781,-10.3844,3.303e-19,6.251e-19,1.639e-18,0.0002,53.41,0
BottomS26544,11.8612,-10.3701,9.858e-20,1.101e-19,9.784e-20,-0.0007,53.65,0
BottomS26548,11.8771,-10.3918,7.924e-20,8.563e-20,7.519e-20,0.0007,53.62,0
BottomS26551,11.8499,-10.3859,3.482e-19,3.502e-19,2.480e-19,0.0007,55.52,0
BottomS26555,11.8644,-10.3924,2.693e-18,2.365e-18,1.286e-18,0.0,55.1,0
BottomS26556,11.8561,-10.3852,3.608e-19,6.297e-19,1.471e-18,0.0008,55.2,0
BottomS26557,11.8695,-10.3695,3.151e-18,2.656e-18,1.369e-18,0.0001,52.96,0
BottomS26560,11.8841,-10.3657,3.092e-14,2.842e-14,1.750e-14,0.0004,52.7,1
BottomS26562,11.8701,-10.3657,8.690e-19,1.571e-18,3.932e-18,0.0003,52.71,0
BottomS26563,11.8588,-10.3737,3.404e-20,3.948e-20,3.783e-20,0.0011,53.83,0
BottomS26566,11.8552,-10.3807,1.406e-18,1.308e-18,8.241e-19,0.0006,54.8,0
BottomS26568,11.8753,-10.3908,1.639e-18,3.500e-18,1.248e-17,-0.001,53.57,0
BottomS26569,11.8726,-10.3836,4.726e-20,5.683e-20,5.781e-20,0.0004,53.52,0
BottomS26571,11.8635,-10.3836,5.701e-20,6.663e-20,6.675e-20,0.0005,55.71,0
BottomS26573,11.8598,-10.3934,2.779e-14,2.725e-14,1.938e-14,0.0001,55.21,1
BottomS26574,11.8492,-10.3940,5.000e-18,4.228e-18,2.180e-18,0.0,55.19,0
BottomS26576,11.8604,-10.3838,1.073e-20,1.444e-20,1.936e-20,-0.0,55.27,0
BottomS26578,11.8750,-10.3913,1.146e-19,1.220e-19,9.729e-20,-0.0002,53.88,0
BottomS26582,11.8490,-10.3873,3.817e-19,3.871e-19,2.886e-19,-0.0001,55.46,0
BottomS26583,11.8460,-10.3842,1.751e-19,1.801e-19,1.325e-19,0.0006,55.66,0
BottomS26584,11.8520,-10.3898,1.816e-18,1.542e-18,8.102e-19,-0.0002,55.42,0
BottomS26585,11.8573,-10.3832,1.699e-14,1.171e-14,3.995e-15,0.0005,55.2,0
BottomS26587,11.8641,-10.3813,8.425e-18,6.779e-18,3.125e-18,0.0011,54.11,0
BottomS26589,11.8722,-10.3899,2.507e-19,2.548e-19,1.884e-19,-0.0006,53.83,0
BottomS26590,11.8722,-10.3848,2.268e-18,1.815e-18,8.570e-19,0.0008,53.78,0
BottomS26591,11.8582,-10.4071,7.531e-20,8.136e-20,6.834e-20,-0.0009,55.49,0
BottomS26592,11.8718,-10.3866,2.946e-19,2.873e-19,2.008e-19,0.0007,53.93,0
BottomS26597,11.8657,-10.3795,6.743e-19,6.079e-19,3.445e-19,-0.0001,53.98,0
BottomS26598,11.8568,-10.3621,2.203e-19,2.258e-19,1.762e-19,0.0002,53.2,0
BottomS26599,11.8569,-10.3751,4.418e-20,5.528e-20,6.159e-20,0.0004,54.08,0
BottomS26600,11.8522,-10.3950,3.057e-14,2.249e-14,9.179e-15,-0.0006,55.14,0
BottomS26601,11.8619,-10.3783,1.934e-18,1.618e-18,8.429e-19,-0.0004,53.85,0
BottomS26602,11.8720,-10.3807,1.551e-18,1.385e-18,8.150e-19,0.0011,53.25,0
BottomS26604,11.8452,-10.3892,7.775e-18,2.061e-17,1.115e-16,0.0003,55.49,0
BottomS26605,11.8607,-10.3884,4.291e-19,4.163e-19,2.729e-19,0.0002,54.76,0
BottomS26606,11.8535,-10.3969,1.652e-17,1.239e-17,4.895e-18,0.0007,55.67,0
BottomS26607,11.8729,-10.3764,1.150e-19,1.248e-19,1.069e-19,-0.0,52.9,0
BottomS26609,11.8513,-10.3933,1.136e-18,9.870e-19,5.431e-19,0.0004,55.64,0
BottomS26613,11.8735,-10.3734,6.331e-18,5.099e-18,2.449e-18,-0.0002,53.0,0
BottomS26616,11.8520,-10.3899,3.931e-19,3.613e-19,2.259e-19,-0.0003,55.27,0
BottomS26617,11.8726,-10.3719,9.622e-15,1.212e-14,1.392e-14,-0.0006,52.97,0
BottomS26620,11.8747,-10.3700,9.763e-19,8.945e-19,5.400e-19,0.0009,53.02,0
BottomS26621,11.8524,-10.3870,4.103e-14,3.032e-14,1.161e-14,0.0002,55.52,0
BottomS26622,11.8731,-10.3697,4.464e-20,5.267e-20,5.347e-20,-0.0007,52.78,0
BottomS26623,11.8818,-10.3701,7.330e-20,8.777e-20,8.938e-20,-0.0005,52.83,0
BottomS26624,11.8739,-10.3709,2.822e-18,2.418e-18,1.262e-18,0.0002,52.79,0
BottomS26627,11.8470,-10.3905,1.758e-19,1.804e-19,1.390e-19,-0.0006,55.41,0
BottomS26630,11.8588,-10.3885,2.354e-18,4.155e-18,9.565e-18,-0.0004,55.45,0
BottomS26631,11.8448,-10.3948,2.145e-18,1.825e-18,9.255e-19,0.0002,55.57,0
BottomS26633,11.8698,-10.3720,1.131e-18,1.019e-18,5.994e-19,-0.0003,53.08,0
BottomS26634,11.8758,-10.3729,5.121e-20,5.788e-20,5.619e-20,-0.0003,52.94,0
BottomS26638,11.8499,-10.3966,6.888e-19,6.464e-19,3.915e-19,-0.0001,55.58,0
BottomS26640,11.8376,-10.3949,1.680e-18,1.421e-18,7.626e-19,0.0001,55.58,0
BottomS26642,11.8780,-10.3732,1.232e-18,2.234e-18,5.483e-18,0.0,52.98,0
BottomS26644,11.8443,-10.3970,2.191e-17,1.635e-17,6.494e-18,-0.0008,55.62,0
BottomS26646,11.8796,-10.3658,1.620e-17,1.300e-17,5.929e-18,-0.0006,52.85,0
BottomS26647,11.8556,-10.3806,6.836e-20,8.038e-20,7.935e-20,0.0002,55.51,0
BottomS26649,11.8509,-10.3895,4.902e-20,6.155e-20,7.141e-20,-0.0008,55.4,0
BottomS26652,11.8719,-10.3740,1.698e-19,1.764e-19,1.376e-19,-0.0006,52.98,0
BottomS26653,11.8784,-10.3775,8.564e-15,5.735e-15,1.821e-15,-0.0005,52.93,0
BottomS26654,11.8756,-10.3745,1.217e-17,9.542e-18,4.220e-18,0.0006,52.89,1
BottomS26655,11.8498,-10.3906,4.740e-19,4.563e-19,2.953e-19,0.0,55.59,0
BottomS26658,11.8488,-10.3867,1.398e-18,2.770e-18,7.942e-18,0.0002,55.44,0
BottomS26659,11.8782,-10.3730,4.812e-20,5.771e-20,5.987e-20,0.0002,53.04,0
BottomS26660,11.8495,-10.3929,1.211e-18,1.138e-18,7.064e-19,0.0001,55.68,0
BottomS26663,11.8771,-10.3679,5.997e-19,9.447e-19,1.752e-18,-0.0001,52.89,0
BottomS26664,11.8488,-10.3894,3.475e-18,2.786e-18,1.310e-18,-0.0002,55.57,0
BottomS26665,11.8806,-10.3690,2.163e-20,2.734e-20,3.086e-20,-0.0004,52.91,0
BottomS26667,11.8798,-10.3620,1.515e-17,1.173e-17,5.104e-18,0.0002,52.92,1
BottomS26670,11.8504,-10.3890,4.056e-19,8.275e-19,2.621e-18,0.0001,55.41,0
BottomS26672,11.8459,-10.3935,8.902e-20,9.531e-20,8.008e-20,-0.0003,55.65,0
BottomS26675,11.8839,-10.3620,1.165e-18,1.986e-18,4.365e-18,-0.0005,52.77,0
BottomS26677,11.8508,-10.3950,1.834e-20,2.372e-20,2.849e-20,-0.0007,55.6,0
BottomS26684,11.8565,-10.3959,5.922e-18,4.831e-18,2.298e-18,0.0003,55.65,0
BottomS26686,11.8780,-10.3728,8.357e-19,7.473e-19,4.325e-19,-0.0001,52.89,0
BottomS26687,11.8769,-10.3619,4.030e-20,4.511e-20,4.145e-20,0.0001,52.78,0
BottomS26689,11.8493,-10.3920,1.432e-20,1.906e-20,2.528e-20,0.0003,55.52,0
BottomS26690,11.8483,-10.3992,3.347e-20,3.869e-20,3.798e-20,-0.0003,55.51,0
BottomS26692,11.8723,-10.3726,5.759e-19,5.327e-19,3.217e-19,-0.0,52.92,0
BottomS26696,11.8512,-10.3941,4.290e-19,4.373e-19,3.238e-19,0.0006,55.6,0
BottomS26699,11.8539,-10.3962,4.931e-14,4.263e-14,2.212e-14,0.0002,55.58,1
BottomS26700,11.8442,-10.3987,1.945e-19,2.063e-19,1.692e-19,-0.0001,55.65,0
BottomS26705,11.8430,-10.3981,1.032e-18,1.662e-18,3.362e-18,-0.0002,55.64,0
BottomS26706,11.8430,-10.3961,1.607e-18,1.356e-18,7.121e-19,0.0004,55.58,0
BottomS26709,11.8818,-10.3664,2.392e-18,2.082e-18,1.129e-18,0.0005,52.82,0
BottomS26710,11.8849,-10.3629,8.557e-19,7.858e-19,4.584e-19,-0.0009,52.89,0
BottomS26713,11.8500,-10.3971,1.167e-17,2.643e-17,1.062e-16,0.0011,55.57,0
BottomS26715,11.8372,-10.3981,1.165e-18,1.091e-18,7.059e-19,-0.0005,55.53,0
BottomS26719,11.8445,-10.3962,1.370e-18,3.136e-18,1.275e-17,0.0006,55.6,0
BottomS26720,11.8857,-10.3673,7.294e-14,5.528e-14,2.272e-14,-0.0005,52.83,1
BottomS26724,11.8463,-10.3957,1.670e-19,1.772e-19,1.483e-19,0.0007,55.57,0
BottomS26726,11.8457,-10.3977,8.210e-19,7.488e-19,4.582e-19,0.001,55.64,0
BottomS26729,11.8425,-10.3967,5.061e-19,4.869e-19,3.139e-19,-0.0002,55.55,0
BottomS26732,11.8850,-10.3614,1.196e-18,2.125e-18,5.246e-18,0.0003,52.85,0
BottomS26734,11.8818,-10.3631,1.819e-19,1.888e-19,1.464e-19,-0.0011,52.77,0
BottomS26736,11.8442,-10.3958,1.043e-18,9.115e-19,5.088e-19,-0.0001,55.53,0
BottomS26739,11.8877,-10.3612,7.581e-18,1.614e-17,5.796e-17,0.0002,52.84,0
BottomS26740,11.8371,-10.3999,1.631e-19,1.819e-19,1.658e-19,0.0009,55.49,0
BottomS26741,11.8817,-10.3673,1.379e-18,2.652e-18,7.803e-18,-0.0001,52.87,0
BottomS26742,11.8434,-10.3998,5.220e-19,9.474e-19,2.256e-18,-0.0001,55.53,0
BottomS26744,11.8499,-10.3940,2.359e-18,4.709e-18,1.418e-17,-0.0004,55.39,0
BottomS26747,11.8419,-10.3953,2.532e-18,2.138e-18,1.079e-18,-0.0002,55.6,0
BottomS26749,11.8420,-10.3942,1.482e-18,2.997e-18,9.555e-18,0.0002,55.6,0
BottomS26750,11.8801,-10.3617,3.291e-18,5.276e-18,1.023e-17,0.0001,52.79,0
BottomS26751,11.8393,-10.3963,2.643e-20,3.193e-20,3.408e-20,-0.0003,55.55,0
BottomS26752,11.8487,-10.4035,4.495e-20,5.328e-20,5.381e-20,0.0002,55.59,0
BottomS26753,11.8844,-10.3582,1.355e-19,1.427e-19,1.142e-19,0.0008,52.84,0
BottomS26756,11.8882,-10.3576,2.393e-20,3.000e-20,3.324e-20,-0.0008,52.85,0
BottomS26758,11.8798,-10.3618,1.126e-18,9.668e-19,5.322e-19,0.0003,52.81,0
BottomS26760,11.8777,-10.3659,2.225e-20,2.785e-20,3.116e-20,-0.0005,52.8,0
BottomS26762,11.8869,-10.3652,3.089e-20,3.708e-20,4.019e-20,-0.0006,52.86,0
BottomS26764,11.8408,-10.4019,1.131e-17,8.690e-18,3.676e-18,0.0002,55.59,0
BottomS26765,11.8452,-10.3962,1.626e-18,2.866e-18,6.522e-18,-0.0008,55.5,0
BottomS26766,11.8912,-10.3622,3.125e-20,3.569e-20,3.426e-20,0.0009,52.91,0
BottomS26767,11.8355,-10.3981,2.107e-14,1.438e-14,4.888e-15,0.0005,55.46,0
BottomS26768,11.8872,-10.3618,7.775e-19,6.978e-19,4.084e-19,0.0001,52.99,0
BottomS26770,11.8796,-10.3682,1.095e-14,7.288e-15,2.365e-15,-0.0001,52.93,0
BottomS26771,11.8385,-10.4035,1.689e-18,1.459e-18,7.862e-19,0.0001,55.49,0
BottomS26773,11.8878,-10.3598,7.706e-19,6.890e-19,4.054e-19,0.0,52.93,0
BottomS26774,11.8381,-10.4055,6.267e-14,5.623e-14,3.236e-14,0.0014,55.54,1
BottomS26775,11.8854,-10.3614,4.283e-19,4.017e-19,2.586e-19,0.0,52.94,0
BottomS26778,11.8942,-10.3531,2.715e-19,2.848e-19,2.251e-19,0.0009,52.95,0
BottomS26779,11.8887,-10.3629,2.550e-20,3.213e-20,3.828e-20,0.0004,52.85,0
BottomS26780,11.8804,-10.3632,4.639e-20,5.544e-20,5.675e-20,0.0004,52.83,0
BottomS26781,11.8327,-10.4044,1.132e-18,1.776e-18,3.275e-18,-0.0002,55.43,0
BottomS26783,11.8454,-10.3970,1.510e-20,1.848e-20,2.018e-20,0.0007,55.45,0
BottomS26786,11.8353,-10.4007,5.125e-20,5.917e-20,5.573e-20,0.0007,55.52,0
BottomS26789,11.8342,-10.4048,1.940e-19,2.008e-19,1.508e-19,0.0004,55.49,0
BottomS26790,11.8905,-10.3598,4.778e-18,3.828e-18,1.795e-18,0.0008,52.84,0
BottomS26792,11.8360,-10.3999,2.998e-20,3.814e-20,4.441e-20,0.0,55.55,0
BottomS26793,11.8936,-10.3555,1.057e-18,1.824e-18,4.145e-18,-0.0003,52.9,0
BottomS26794,11.8932,-10.3602,3.728e-18,8.685e-18,3.599e-17,-0.0,52.87,0
BottomS26795,11.8927,-10.3624,1.083e-20,1.465e-20,1.938e-20,0.0,52.93,0
BottomS26796,11.8900,-10.3610,2.985e-14,2.097e-14,7.258e-15,0.001,52.82,0
BottomS26800,11.8883,-10.3600,1.994e-18,1.744e-18,9.762e-19,0.0009,52.87,0
BottomS26801,11.8361,-10.4071,1.772e-19,1.742e-19,1.257e-19,-0.0001,55.51,0
BottomS26803,11.8940,-10.3584,5.403e-20,6.023e-20,5.606e-20,0.0005,52.86,0
BottomS26804,11.8913,-10.3561,3.150e-18,2.698e-18,1.480e-18,0.0008,52.88,0
BottomS26805,11.8295,-10.4051,2.238e-19,4.313e-19,1.221e-18,0.0001,55.39,0
BottomS26806,11.8379,-10.4003,2.004e-19,2.264e-19,2.078e-19,0.0001,55.43,0
BottomS26810,11.8368,-10.3997,2.531e-19,2.599e-19,1.983e-19,0.0003,55.55,0
BottomS26812,11.8306,-10.4032,9.149e-20,9.790e-20,7.967e-20,0.0002,55.43,0
BottomS26814,11.8253,-10.4084,2.928e-19,2.962e-19,2.204e-19,0.0002,55.42,0
BottomS26818,11.8998,-10.3524,2.988e-20,3.700e-20,4.110e-20,-0.0004,52.91,0
BottomS26823,11.8254,-10.4073,4.226e-19,4.072e-19,2.652e-19,0.0002,55.44,0
BottomS26824,11.8944,-10.3576,9.129e-19,8.567e-19,5.523e-19,0.0006,52.89,0
BottomS26826,11.9013,-10.3523,1.530e-19,1.536e-19,1.145e-19,0.0007,52.91,0
BottomS26829,11.8325,-10.4069,2.242e-18,4.142e-18,1.058e-17,0.0005,55.42,0
BottomS26830,11.8325,-10.4063,3.008e-18,2.615e-18,1.381e-18,-0.0003,55.45,0
BottomS26831,11.8292,-10.4075,5.483e-19,5.184e-19,3.447e-19,-0.0002,55.44,0
BottomS26834,11.8977,-10.3549,4.665e-18,3.991e-18,2.059e-18,0.0008,52.96,0
BottomS26835,11.8977,-10.3560,3.955e-14,2.839e-14,1.039e-14,0.0012,52.97,0
BottomS26837,11.8211,-10.4104,6.296e-20,7.104e-20,6.621e-20,0.0002,55.5,0
BottomS26840,11.9030,-10.3510,3.491e-14,2.456e-14,8.672e-15,-0.0001,52.82,0
BottomS26841,11.8957,-10.3538,1.259e-18,1.898e-18,3.209e-18,0.0003,52.91,0
BottomS26842,11.8226,-10.4107,4.875e-19,4.799e-19,3.272e-19,0.0004,55.52,0
BottomS26845,11.8628,-10.3818,4.426e-16,3.186e-16,1.153e-16,-0.0002,56.84,0
BottomS26846,11.8629,-10.3817,5.175e-17,3.855e-17,1.537e-17,-0.0003,56.01,0
BottomS26847,11.8630,-10.3816,5.887e-19,5.399e-19,3.307e-19,0.0001,49.73,0
BottomS26848,11.8629,-10.3816,4.249e-17,2.979e-17,1.090e-17,-0.0002,53.93,0
BottomS26849,11.8628,-10.3816,2.038e-17,1.624e-17,7.355e-18,-0.0006,49.51,0
BottomS26850,11.8267,-10.4057,4.994e-20,5.734e-20,5.541e-20,-0.0001,55.32,0
BottomS26851,11.8302,-10.4047,2.875e-18,2.496e-18,1.354e-18,-0.0001,55.41,0
BottomS26852,11.8266,-10.4067,1.422e-17,1.081e-17,4.517e-18,-0.0001,55.44,1
BottomS26853,11.8267,-10.4098,2.837e-18,2.339e-18,1.158e-18,-0.0001,55.41,0
BottomS26854,11.8983,-10.3551,5.389e-17,3.959e-17,1.544e-17,-0.0001,52.98,0
BottomS26855,11.8301,-10.4057,3.422e-17,2.528e-17,1.006e-17,-0.0002,55.43,0
BottomS26856,11.8263,-10.4090,3.833e-17,2.739e-17,1.004e-17,0.0004,55.43,0
BottomS26857,11.8272,-10.4078,5.988e-17,4.177e-17,1.429e-17,-0.0002,55.46,0
BottomS26858,11.8264,-10.4095,1.506e-16,1.037e-16,3.659e-17,0.0003,55.45,0
BottomS26859,11.8256,-10.4123,5.216e-14,3.776e-14,1.437e-14,0.0001,55.53,0
BottomS26860,11.8243,-10.4121,2.381e-17,1.850e-17,8.240e-18,0.0005,55.51,1
BottomS26861,11.8952,-10.3547,1.743e-17,1.377e-17,6.225e-18,-0.0007,52.89,1
BottomS26862,11.9005,-10.3504,7.626e-18,6.646e-18,3.671e-18,0.0004,52.88,0
BottomS26864,11.8271,-10.4118,1.518e-18,2.834e-18,7.626e-18,-0.0001,55.51,0
BottomS26865,11.8254,-10.4123,4.135e-18,3.365e-18,1.608e-18,-0.0001,55.54,0
BottomS26866,11.8989,-10.3506,1.997e-19,2.100e-19,1.676e-19,0.0005,52.86,0
BottomS26867,11.8252,-10.4148,7.127e-19,7.176e-19,5.104e-19,0.0004,55.6,0
BottomS26868,11.8243,-10.4149,5.221e-19,5.323e-19,3.904e-19,-0.0005,55.58,0
BottomS26869,11.9024,-10.3473,1.195e-18,1.075e-18,6.058e-19,0.0004,52.75,0
BottomS26870,11.8257,-10.4143,6.744e-18,5.498e-18,2.712e-18,0.0006,55.57,0
BottomS26871,11.8245,-10.4162,4.805e-17,3.513e-17,1.322e-17,0.0,55.58,0
BottomS26872,11.8254,-10.4159,1.067e-17,8.357e-18,3.693e-18,0.0003,55.57,1
BottomS26873,11.9009,-10.3470,3.385e-16,2.259e-16,7.196e-17,-0.0004,52.76,0
BottomS26874,11.8273,-10.4162,2.191e-18,1.792e-18,8.559e-19,0.0001,55.62,0
BottomS26875,11.9009,-10.3460,8.515e-18,6.679e-18,2.922e-18,0.0001,52.77,0
BottomS26876,11.9034,-10.3430,6.222e-19,6.038e-19,3.972e-19,0.0002,52.77,0
BottomS26877,11.8256,-10.4178,6.991e-17,5.043e-17,1.890e-17,0.0003,55.58,0
BottomS26878,11.9029,-10.3415,6.025e-18,4.836e-18,2.302e-18,-0.0001,52.74,0
BottomS26879,11.8261,-10.4175,2.111e-17,1.639e-17,6.924e-18,-0.0007,55.59,1
BottomS26880,11.8256,-10.4187,3.704e-14,2.817e-14,1.175e-14,0.0007,55.63,1
BottomS26881,11.8223,-10.4211,1.534e-14,1.039e-14,3.635e-15,0.0003,55.63,0
BottomS26882,11.8993,-10.3432,3.156e-17,2.455e-17,1.072e-17,-0.0005,52.72,1
BottomS26883,11.8229,-10.4230,1.404e-16,9.516e-17,3.270e-17,-0.0,55.65,0
BottomS26884,11.8248,-10.4212,1.582e-18,3.027e-18,8.426e-18,0.0006,55.62,0
BottomS26885,11.8996,-10.3441,4.302e-14,3.059e-14,1.148e-14,-0.0,52.78,0
BottomS26886,11.9019,-10.3397,3.781e-14,2.799e-14,1.132e-14,-0.0001,52.71,0
BottomS26887,11.8981,-10.3422,2.007e-18,3.603e-18,8.948e-18,0.0004,52.79,0
BottomS26888,11.8251,-10.4226,1.371e-20,1.763e-20,2.056e-20,-0.0003,55.57,0
BottomS26889,11.9004,-10.3407,1.868e-18,3.324e-18,7.944e-18,-0.0007,52.78,0
BottomS26890,11.9004,-10.3400,2.366e-17,1.801e-17,7.804e-18,-0.0004,52.76,1
BottomS26891,11.8286,-10.4226,1.658e-19,1.828e-19,1.544e-19,-0.0,55.63,0
BottomS26892,11.8282,-10.4225,6.366e-17,4.645e-17,1.823e-17,0.0005,55.63,0
BottomS26893,11.8290,-10.4239,1.432e-17,1.173e-17,5.639e-18,0.0002,55.56,0
BottomS26894,11.8259,-10.4252,1.335e-18,1.203e-18,7.268e-19,0.0009,55.66,0
BottomS26895,11.8308,-10.4218,1.103e-17,9.032e-18,4.280e-18,-0.0,55.52,0
BottomS26896,11.8302,-10.4228,3.777e-17,2.804e-17,1.145e-17,-0.0001,55.57,0
BottomS26897,11.8284,-10.4224,1.208e-18,1.172e-18,7.993e-19,0.0006,55.54,0
BottomS26898,11.8963,-10.3391,2.519e-18,2.194e-18,1.210e-18,0.0004,52.88,0
BottomS26899,11.8313,-10.4252,1.029e-16,7.172e-17,2.511e-17,-0.0,55.51,0
BottomS26900,11.8327,-10.4238,5.877e-14,4.257e-14,1.613e-14,0.0007,55.48,0
BottomS26901,11.8305,-10.4261,7.505e-17,5.521e-17,2.086e-17,-0.0001,55.53,0
BottomS26902,11.8954,-10.3379,8.968e-18,6.944e-18,3.007e-18,0.0013,52.91,1
BottomS26903,11.8342,-10.4235,9.481e-18,7.245e-18,3.124e-18,0.0002,55.42,1
BottomS26904,11.8912,-10.3389,1.922e-18,1.665e-18,8.966e-19,0.0002,52.98,0
BottomS26905,11.8904,-10.3392,1.616e-19,1.588e-19,1.127e-19,-0.0002,52.98,0
BottomS26907,11.8882,-10.3416,2.654e-16,1.748e-16,5.437e-17,-0.0006,53.0,0
BottomS26908,11.8363,-10.4241,4.257e-14,3.174e-14,1.276e-14,-0.0006,55.29,0
BottomS26909,11.8869,-10.3387,3.426e-19,3.308e-19,2.236e-19,0.0005,53.11,0
BottomS26911,11.8412,-10.4222,4.094e-18,3.425e-18,1.741e-18,-0.0001,55.28,0
BottomS26912,11.8853,-10.3402,2.323e-17,1.792e-17,7.864e-18,-0.0007,53.13,1
BottomS26913,11.8438,-10.4164,4.444e-18,3.548e-18,1.668e-18,-0.0006,55.16,0
BottomS26914,11.8818,-10.3461,9.681e-18,7.828e-18,3.662e-18,0.0006,53.18,0
BottomS26915,11.8437,-10.4194,1.025e-16,7.296e-17,2.723e-17,0.0006,55.13,0
BottomS26916,11.8795,-10.3437,1.148e-18,1.999e-18,4.568e-18,0.0005,53.35,0
BottomS26918,11.8769,-10.3453,3.058e-19,3.075e-19,2.196e-19,-0.0007,53.42,0
BottomS26919,11.8751,-10.3473,7.022e-18,5.668e-18,2.750e-18,0.0001,53.46,0
BottomS26920,11.8738,-10.3483,2.984e-17,2.226e-17,8.745e-18,0.0004,53.48,0
BottomS26921,11.8729,-10.3474,2.291e-17,1.691e-17,6.550e-18,-0.0003,53.5,0
BottomS26922,11.8553,-10.4127,4.559e-17,3.372e-17,1.321e-17,-0.0002,54.87,0
BottomS26923,11.8702,-10.3506,5.283e-19,4.840e-19,2.927e-19,0.0001,53.61,0
BottomS26924,11.8679,-10.3517,1.966e-18,4.059e-18,1.339e-17,0.0001,53.63,0
BottomS26925,11.8587,-10.4120,9.057e-19,2.126e-18,8.933e-18,-0.0003,54.68,0
BottomS26926,11.8605,-10.4081,7.419e-19,1.390e-18,3.689e-18,-0.0003,54.67,0
BottomS26927,11.8630,-10.4085,1.262e-19,1.313e-19,1.062e-19,0.0005,54.61,0
BottomS26928,11.8612,-10.3568,5.058e-17,3.709e-17,1.443e-17,-0.0004,53.87,0
BottomS26929,11.8611,-10.3562,2.644e-17,1.918e-17,7.531e-18,-0.0001,53.82,0
BottomS26930,11.8685,-10.4034,2.575e-16,1.750e-16,5.813e-17,-0.0011,54.46,0
BottomS26931,11.8559,-10.3612,4.642e-14,3.388e-14,1.290e-14,-0.0003,53.97,0
BottomS26932,11.8535,-10.3635,3.250e-17,2.337e-17,8.855e-18,-0.0002,54.06,0
BottomS26933,11.8735,-10.4001,4.980e-18,4.059e-18,1.945e-18,-0.0003,54.28,0
BottomS26934,11.8762,-10.3990,7.883e-18,6.288e-18,2.956e-18,0.0007,54.21,0
BottomS26935,11.8467,-10.3671,3.038e-18,2.504e-18,1.199e-18,0.0002,54.21,0
BottomS26936,11.8794,-10.3939,3.443e-18,9.363e-18,5.334e-17,-0.0009,54.11,0
BottomS26937,11.8435,-10.3725,4.510e-17,3.138e-17,1.103e-17,0.0002,54.34,0
BottomS26938,11.8457,-10.3702,1.049e-17,8.319e-18,3.770e-18,-0.0004,54.32,1
BottomS26939,11.8842,-10.3900,8.796e-18,6.711e-18,2.845e-18,0.0005,53.99,1
BottomS26940,11.8856,-10.3878,3.465e-14,2.485e-14,9.260e-15,-0.0006,53.94,0
BottomS26941,11.8885,-10.3873,6.775e-14,5.223e-14,2.201e-14,-0.0005,53.94,1
BottomS26942,11.8921,-10.3810,5.948e-14,4.880e-14,2.368e-14,-0.0004,53.76,1
BottomS26943,11.8933,-10.3812,1.790e-16,1.255e-16,4.461e-17,-0.0002,53.76,0
BottomS26944,11.8299,-10.3842,6.098e-16,3.991e-16,1.293e-16,0.0,54.69,0
BottomS26945,11.8963,-10.3770,6.605e-17,4.632e-17,1.703e-17,-0.0004,53.67,0
BottomS26946,11.8248,-10.3907,9.654e-20,1.107e-19,1.058e-19,0.0,54.78,0
BottomS26947,11.9017,-10.3720,3.083e-16,2.032e-16,6.427e-17,0.0006,53.55,0
BottomS26948,11.8232,-10.3920,3.128e-19,3.097e-19,2.286e-19,-0.0001,54.87,0
BottomS26949,11.8212,-10.3958,9.452e-20,1.037e-19,8.995e-20,-0.0003,54.98,0
BottomS26950,11.9045,-10.3667,2.037e-14,1.378e-14,4.566e-15,-0.0004,53.4,0
BottomS26951,11.8167,-10.4008,4.814e-19,4.521e-19,2.849e-19,0.0011,55.08,0
BottomS26952,11.9101,-10.3607,7.400e-18,5.730e-18,2.480e-18,0.0009,53.29,0
BottomS26953,11.9107,-10.3597,4.637e-17,3.470e-17,1.434e-17,-0.0,53.26,0
BottomS26954,11.8124,-10.4074,6.600e-18,5.291e-18,2.446e-18,0.0004,55.23,0
BottomS26955,11.8121,-10.4084,9.944e-18,7.337e-18,3.009e-18,-0.0003,55.26,0
BottomS26956,11.8079,-10.4125,7.774e-19,7.503e-19,5.003e-19,0.0,55.25,0
BottomS26957,11.9178,-10.3480,3.750e-19,3.944e-19,3.235e-19,-0.0,53.04,0
BottomS26958,11.8064,-10.4164,5.407e-14,4.985e-14,3.092e-14,0.0005,55.43,1
BottomS26959,11.8053,-10.4185,6.402e-17,4.627e-17,1.717e-17,-0.0,55.45,0
BottomS26960,11.9155,-10.3457,9.338e-20,1.047e-19,9.311e-20,-0.0002,52.95,0
BottomS26961,11.8029,-10.4248,9.759e-19,2.187e-18,8.298e-18,-0.0001,55.52,0
BottomS26962,11.8025,-10.4253,5.210e-17,3.798e-17,1.477e-17,0.0009,55.58,0
BottomS26963,11.8010,-10.4287,1.741e-20,2.316e-20,2.919e-20,-0.0002,55.61,0
BottomS26964,11.7975,-10.4342,3.274e-14,2.392e-14,9.057e-15,-0.0007,55.61,0
BottomS26965,11.9250,-10.3312,9.782e-19,9.518e-19,6.551e-19,0.0006,52.82,0
BottomS26966,11.9268,-10.3281,4.181e-19,7.016e-19,1.535e-18,0.0008,52.78,0
BottomS26967,11.8003,-10.4357,4.687e-18,3.764e-18,1.740e-18,-0.0006,55.65,0
BottomS26968,11.8037,-10.4345,2.698e-14,1.990e-14,7.892e-15,-0.0004,55.64,0
BottomS26969,11.7988,-10.4403,7.297e-20,8.060e-20,7.191e-20,-0.0005,55.64,0
BottomS26970,11.8030,-10.4391,9.738e-18,7.796e-18,3.500e-18,0.0007,55.72,1
BottomS26971,11.8031,-10.4402,1.554e-18,2.552e-18,5.135e-18,-0.0001,55.71,0
BottomS26972,11.8059,-10.4400,2.270e-16,1.582e-16,5.676e-17,0.0004,55.66,0
BottomS26973,11.8006,-10.4453,7.608e-17,5.628e-17,2.155e-17,0.0008,55.63,0
BottomS26974,11.8038,-10.4450,1.356e-17,1.081e-17,4.892e-18,0.0002,55.67,1
BottomS26975,11.8039,-10.4477,1.240e-17,1.016e-17,4.859e-18,0.0002,55.6,0
BottomS26976,11.9168,-10.3203,1.751e-17,1.331e-17,5.765e-18,-0.0001,52.75,1
BottomS26977,11.8101,-10.4449,5.377e-19,7.731e-19,1.217e-18,0.0002,55.61,0
BottomS26978,11.8110,-10.4477,1.644e-16,1.097e-16,3.566e-17,-0.0002,55.56,0
BottomS26979,11.9123,-10.3169,1.670e-17,1.293e-17,5.597e-18,-0.0,52.87,1
BottomS26981,11.8151,-10.4477,1.162e-17,8.820e-18,3.699e-18,0.0009,55.42,1
BottomS26982,11.8195,-10.4422,2.111e-17,1.571e-17,6.270e-18,-0.0002,55.47,0
BottomS26983,11.8235,-10.4441,8.137e-19,1.351e-18,2.790e-18,0.0,55.37,0
BottomS26984,11.8997,-10.3207,1.399e-17,1.033e-17,4.029e-18,0.0006,53.15,0
BottomS26985,11.8279,-10.4415,7.405e-18,5.708e-18,2.491e-18,0.001,55.28,0
BottomS26986,11.8325,-10.4390,1.588e-16,1.154e-16,4.248e-17,0.0001,55.21,0
BottomS26987,11.8889,-10.3250,1.243e-16,9.021e-17,3.428e-17,-0.0005,53.29,0
BottomS26988,11.8410,-10.4351,1.111e-18,1.016e-18,5.928e-19,-0.0008,55.02,0
BottomS26989,11.8443,-10.4331,3.302e-16,2.282e-16,7.883e-17,-0.0008,54.94,0
BottomS26990,11.8499,-10.4289,2.776e-19,2.940e-19,2.492e-19,0.0008,54.89,0
BottomS26991,11.8522,-10.4255,5.206e-18,4.196e-18,1.997e-18,-0.0006,54.81,0
BottomS26993,11.8993,-10.3536,1.048e-18,9.405e-19,5.636e-19,0.0004,52.86,0
BottomS26994,11.8950,-10.3539,2.150e-20,2.570e-20,2.706e-20,0.0,52.85,0
BottomS26996,11.8984,-10.3538,4.391e-19,4.023e-19,2.432e-19,-0.0003,52.89,0
BottomS26998,11.8247,-10.4142,3.792e-18,7.254e-18,2.050e-17,-0.0001,55.59,0
BottomS27000,11.9046,-10.3483,7.204e-19,6.674e-19,4.088e-19,0.0004,52.78,0
BottomS27001,11.9014,-10.3469,3.020e-14,2.190e-14,8.320e-15,-0.0002,52.81,0
BottomS27003,11.8314,-10.4121,1.341e-18,1.209e-18,7.077e-19,0.0003,55.56,0
BottomS27004,11.8252,-10.4141,2.962e-16,1.983e-16,6.646e-17,-0.0004,55.54,0
BottomS27005,11.8269,-10.4164,4.982e-18,4.007e-18,1.852e-18,-0.0001,55.55,0
BottomS27006,11.9004,-10.3456,1.049e-20,1.391e-20,1.734e-20,0.0004,52.82,0
BottomS27007,11.8980,-10.3476,1.260e-17,9.533e-18,3.939e-18,-0.0007,52.84,1
BottomS27008,11.8282,-10.4111,4.313e-19,4.158e-19,2.839e-19,-0.0,55.58,0
BottomS27009,11.8995,-10.3496,9.860e-19,1.680e-18,3.575e-18,0.0006,52.87,0
BottomS27010,11.8246,-10.4172,2.389e-20,2.854e-20,2.974e-20,-0.0009,55.65,0
BottomS27011,11.8223,-10.4195,1.698e-17,1.290e-17,5.490e-18,0.0001,55.65,1
BottomS27012,11.8252,-10.4174,1.973e-18,1.729e-18,9.443e-19,-0.0003,55.64,0
BottomS27013,11.8999,-10.3455,1.664e-16,1.179e-16,4.129e-17,0.0003,52.78,0
BottomS27014,11.8216,-10.4203,2.060e-19,2.217e-19,1.858e-19,0.0001,55.63,0
BottomS27017,11.9006,-10.3482,3.319e-17,2.447e-17,9.803e-18,0.0005,52.8,0
BottomS27018,11.8268,-10.4173,8.477e-19,1.776e-18,5.762e-18,0.0,55.56,0
BottomS27019,11.9024,-10.3441,8.560e-18,6.689e-18,3.003e-18,-0.0002,52.75,1
BottomS27020,11.8273,-10.4170,2.214e-19,2.327e-19,1.855e-19,0.0,55.54,0
BottomS27021,11.8288,-10.4186,2.192e-14,1.504e-14,5.257e-15,0.0005,55.5,0
BottomS27023,11.8264,-10.4197,5.985e-17,4.454e-17,1.785e-17,0.0,55.67,0
BottomS27024,11.8265,-10.4165,8.170e-20,8.768e-20,7.490e-20,-0.0001,55.55,0
BottomS27025,11.9014,-10.3427,4.370e-18,3.604e-18,1.790e-18,-0.0002,52.74,0
BottomS27027,11.8962,-10.3441,8.671e-18,6.888e-18,3.094e-18,0.0008,52.82,1
BottomS27029,11.8273,-10.4183,7.315e-19,1.576e-18,5.511e-18,0.0002,55.58,0
BottomS27030,11.8992,-10.3423,5.050e-18,4.259e-18,2.130e-18,-0.0,52.81,0
BottomS27032,11.8245,-10.4247,1.736e-20,2.101e-20,2.298e-20,-0.0005,55.69,0
BottomS27033,11.8294,-10.4201,5.915e-19,1.028e-18,2.287e-18,-0.0007,55.53,0
BottomS27034,11.8298,-10.4188,1.760e-20,2.134e-20,2.290e-20,-0.0002,55.55,0
BottomS27035,11.8282,-10.4236,1.462e-18,2.818e-18,8.062e-18,-0.0001,55.57,0
BottomS27037,11.8235,-10.4212,5.651e-19,9.750e-19,2.157e-18,0.0008,55.6,0
BottomS27038,11.8943,-10.3428,1.268e-18,1.066e-18,5.390e-19,0.0003,52.91,0
BottomS27039,11.8296,-10.4203,1.116e-18,1.050e-18,6.619e-19,0.0004,55.55,0
BottomS27040,11.8304,-10.4241,6.022e-19,5.606e-19,3.466e-19,0.0001,55.6,0
BottomS27042,11.8941,-10.3433,2.666e-20,3.175e-20,3.245e-20,0.0003,52.87,0
BottomS27043,11.8283,-10.4232,1.536e-18,1.270e-18,6.430e-19,-0.0005,55.61,0
BottomS27045,11.8982,-10.3369,4.093e-20,5.078e-20,5.586e-20,0.0001,52.75,0
BottomS27047,11.8329,-10.4225,9.982e-18,7.656e-18,3.322e-18,-0.0002,55.46,1
BottomS27048,11.8348,-10.4252,1.744e-16,1.222e-16,4.241e-17,0.0004,55.52,0
BottomS27049,11.8355,-10.4202,4.287e-14,3.845e-14,2.216e-14,0.0001,55.37,1
BottomS27050,11.8365,-10.4204,2.442e-18,2.072e-18,1.106e-18,0.0006,55.43,0
BottomS27051,11.8321,-10.4239,3.316e-17,2.484e-17,1.005e-17,0.0004,55.47,0
BottomS27053,11.8866,-10.3444,1.325e-17,1.012e-17,4.263e-18,0.0002,52.99,1
BottomS27054,11.8891,-10.3426,3.735e-19,3.624e-19,2.539e-19,-0.0007,53.02,0
BottomS27055,11.8877,-10.3432,5.595e-18,4.734e-18,2.378e-18,-0.0002,53.07,0
BottomS27057,11.8879,-10.3437,4.689e-20,5.173e-20,4.711e-20,0.0003,53.05,0
BottomS27058,11.8413,-10.4226,7.498e-19,1.217e-18,2.482e-18,-0.0011,55.3,0
BottomS27059,11.8880,-10.3396,1.315e-18,3.027e-18,1.180e-17,-0.0001,52.99,0
BottomS27060,11.8872,-10.3448,5.027e-18,1.105e-17,4.138e-17,0.0002,53.11,0
BottomS27061,11.8902,-10.3412,4.430e-17,3.203e-17,1.227e-17,0.0001,53.07,0
BottomS27062,11.8400,-10.4215,8.485e-19,1.327e-18,2.443e-18,0.0009,55.26,0
BottomS27063,11.8409,-10.4205,6.533e-18,5.166e-18,2.255e-18,0.0,55.28,0
BottomS27064,11.8836,-10.3461,1.127e-18,1.784e-18,3.409e-18,0.0,53.22,0
BottomS27065,11.8412,-10.4190,1.102e-19,1.149e-19,9.438e-20,-0.0002,55.24,0
BottomS27069,11.8435,-10.4196,4.345e-20,5.150e-20,5.116e-20,0.0004,55.15,0
BottomS27070,11.8782,-10.3472,3.072e-18,2.692e-18,1.466e-18,-0.0001,53.32,0
BottomS27071,11.8795,-10.3429,7.085e-19,6.923e-19,4.776e-19,-0.0002,53.27,0
BottomS27073,11.8494,-10.4188,2.776e-18,2.501e-18,1.410e-18,-0.0003,55.02,0
BottomS27074,11.8758,-10.3478,1.379e-18,1.233e-18,7.192e-19,-0.0006,53.42,0
BottomS27075,11.8497,-10.4140,1.421e-18,2.089e-18,3.416e-18,0.0013,54.98,0
BottomS27076,11.8510,-10.4164,1.703e-19,1.810e-19,1.467e-19,0.0002,54.94,0
BottomS27077,11.8751,-10.3507,2.809e-18,4.159e-18,6.697e-18,-0.0004,53.46,0
BottomS27078,11.8716,-10.3496,2.487e-18,2.029e-18,9.728e-19,-0.0001,53.53,0
BottomS27079,11.8721,-10.3463,7.742e-18,5.976e-18,2.564e-18,0.0009,53.57,0
BottomS27080,11.8704,-10.3528,5.486e-19,5.092e-19,3.266e-19,0.0005,53.58,0
BottomS27081,11.8686,-10.3532,3.778e-18,3.196e-18,1.630e-18,-0.0001,53.58,0
BottomS27082,11.8691,-10.3502,1.305e-18,1.151e-18,6.369e-19,-0.0004,53.61,0
BottomS27083,11.8592,-10.4088,2.134e-18,5.272e-18,2.527e-17,-0.0001,54.66,0
BottomS27085,11.8630,-10.3564,5.887e-20,6.393e-20,5.681e-20,0.0004,53.76,0
BottomS27087,11.8610,-10.3571,2.446e-19,2.435e-19,1.781e-19,0.0007,53.76,0
BottomS27088,11.8618,-10.3554,2.989e-19,3.021e-19,2.162e-19,0.0003,53.82,0
BottomS27089,11.8638,-10.4109,1.355e-19,1.408e-19,1.112e-19,0.0004,54.6,0
BottomS27090,11.8574,-10.3580,8.105e-19,7.334e-19,4.442e-19,-0.0002,53.94,0
BottomS27091,11.8704,-10.4026,2.769e-19,2.668e-19,1.859e-19,0.0011,54.37,0
BottomS27092,11.8572,-10.3578,2.800e-17,2.075e-17,8.108e-18,-0.0003,53.92,0
BottomS27093,11.8525,-10.3652,1.091e-18,9.916e-19,6.202e-19,0.0008,54.11,0
BottomS27095,11.8704,-10.4051,6.014e-18,4.903e-18,2.260e-18,0.0003,54.46,0
BottomS27096,11.8451,-10.3701,2.171e-19,2.215e-19,1.702e-19,-0.0003,54.32,0
BottomS27097,11.8765,-10.3960,3.540e-20,4.309e-20,4.667e-20,0.0004,54.21,0
BottomS27098,11.8478,-10.3715,3.864e-20,4.332e-20,4.052e-20,0.0002,54.23,0
BottomS27099,11.8805,-10.3944,2.953e-18,2.445e-18,1.198e-18,0.0006,54.14,0
BottomS27100,11.8412,-10.3720,6.477e-19,1.001e-18,1.802e-18,0.0003,54.34,0
BottomS27101,11.8828,-10.3879,9.818e-19,8.753e-19,5.068e-19,-0.0007,53.99,0
BottomS27102,11.8440,-10.3660,2.160e-20,2.650e-20,2.940e-20,0.0007,54.24,0
BottomS27103,11.8403,-10.3746,5.736e-19,8.232e-19,1.259e-18,-0.001,54.44,0
BottomS27104,11.8878,-10.3870,1.992e-17,1.478e-17,5.741e-18,0.0007,53.86,0
BottomS27106,11.8905,-10.3868,1.344e-17,1.010e-17,4.060e-18,-0.0006,53.92,0
BottomS27107,11.8886,-10.3851,7.864e-19,1.176e-18,1.875e-18,0.0004,53.88,0
BottomS27108,11.8351,-10.3846,6.275e-18,5.115e-18,2.397e-18,0.0002,54.72,0
BottomS27110,11.8323,-10.3827,2.148e-18,1.880e-18,1.064e-18,0.0004,54.59,0
BottomS27111,11.8930,-10.3839,2.803e-17,2.129e-17,8.856e-18,-0.0005,53.81,0
BottomS27113,11.8290,-10.3882,4.149e-18,3.326e-18,1.569e-18,0.0009,54.76,0
BottomS27115,11.8228,-10.3915,2.858e-20,3.330e-20,3.337e-20,-0.0004,54.75,0
BottomS27116,11.8234,-10.3941,5.086e-20,6.133e-20,6.665e-20,-0.0002,54.95,0
BottomS27117,11.8992,-10.3706,5.753e-19,5.487e-19,3.632e-19,-0.0017,53.54,0
BottomS27118,11.9036,-10.3684,2.177e-20,2.705e-20,3.089e-20,-0.0005,53.38,0
BottomS27119,11.9067,-10.3636,1.074e-20,1.494e-20,2.174e-20,-0.0002,53.33,0
BottomS27123,11.8152,-10.4028,6.763e-20,7.707e-20,6.928e-20,-0.0001,55.14,0
BottomS27124,11.9107,-10.3554,1.029e-18,9.390e-19,5.508e-19,-0.0012,53.15,0
BottomS27125,11.8152,-10.4065,6.752e-20,7.416e-20,6.668e-20,0.0004,55.22,0
BottomS27126,11.8141,-10.4091,2.930e-19,4.557e-19,8.074e-19,-0.0001,55.27,0
BottomS27127,11.8112,-10.4088,7.290e-18,5.985e-18,2.844e-18,0.0002,55.3,0
BottomS27128,11.8127,-10.4117,1.184e-18,2.311e-18,6.681e-18,0.0002,55.29,0
BottomS27129,11.9150,-10.3499,2.935e-18,8.009e-18,4.757e-17,0.0005,53.03,0
BottomS27130,11.9145,-10.3504,1.011e-17,7.847e-18,3.438e-18,0.0005,52.97,0
BottomS27131,11.8080,-10.4182,1.167e-20,1.521e-20,1.882e-20,-0.0005,55.42,0
BottomS27132,11.9245,-10.3398,3.040e-14,2.192e-14,8.043e-15,0.0007,52.97,0
BottomS27134,11.9264,-10.3356,4.664e-19,8.600e-19,2.269e-18,0.0001,52.93,0
BottomS27135,11.8046,-10.4220,2.063e-18,4.106e-18,1.273e-17,0.0001,55.55,0
BottomS27137,11.8131,-10.4193,1.697e-19,1.841e-19,1.575e-19,-0.0006,55.54,0
BottomS27138,11.9294,-10.3282,1.702e-18,2.981e-18,6.921e-18,0.0005,52.83,0
BottomS27139,11.9242,-10.3325,1.398e-18,2.660e-18,7.345e-18,0.0005,52.79,0
BottomS27141,11.9199,-10.3355,5.352e-17,3.785e-17,1.377e-17,0.0001,52.74,0
BottomS27143,11.9247,-10.3291,5.286e-19,4.960e-19,3.096e-19,-0.0007,52.72,0
BottomS27144,11.8056,-10.4352,1.579e-19,1.743e-19,1.527e-19,0.0008,55.7,0
BottomS27145,11.9231,-10.3266,1.387e-19,1.545e-19,1.355e-19,0.0012,52.71,0
BottomS27148,11.9291,-10.3197,4.832e-18,3.933e-18,1.908e-18,-0.0001,52.71,0
BottomS27149,11.9209,-10.3255,3.761e-14,3.668e-14,2.518e-14,-0.0007,52.68,1
BottomS27150,11.7957,-10.4462,2.026e-19,2.080e-19,1.549e-19,0.0,55.68,0
BottomS27151,11.9276,-10.3191,6.504e-20,6.958e-20,5.692e-20,0.0002,52.71,0
BottomS27153,11.8061,-10.4432,6.191e-18,5.155e-18,2.630e-18,0.0007,55.68,0
BottomS27154,11.9175,-10.3171,1.678e-17,1.203e-17,4.663e-18,-0.0002,52.77,0
BottomS27155,11.9239,-10.3123,1.213e-20,1.534e-20,1.779e-20,-0.0002,52.78,0
BottomS27159,11.9059,-10.3215,1.096e-18,1.985e-18,4.862e-18,-0.0004,52.92,0
BottomS27160,11.9147,-10.3128,2.033e-14,2.015e-14,1.396e-14,-0.0005,52.84,1
BottomS27161,11.8173,-10.4402,1.341e-18,2.329e-18,5.197e-18,0.0001,55.56,0
BottomS27162,11.8217,-10.4408,1.653e-17,1.305e-17,5.711e-18,-0.0,55.52,1
BottomS27164,11.8181,-10.4461,4.232e-18,3.360e-18,1.516e-18,0.0005,55.39,0
BottomS27165,11.9034,-10.3180,1.242e-18,1.093e-18,6.215e-19,0.0,53.02,0
BottomS27166,11.9013,-10.3198,3.543e-18,3.093e-18,1.683e-18,0.0006,53.14,0
BottomS27167,11.8305,-10.4374,1.661e-18,1.434e-18,7.710e-19,0.0011,55.23,0
BottomS27168,11.8348,-10.4324,5.902e-20,6.782e-20,6.285e-20,0.0003,55.22,0
BottomS27169,11.8906,-10.3238,7.433e-19,6.949e-19,4.546e-19,0.001,53.21,0
BottomS27171,11.8871,-10.3272,6.915e-14,6.363e-14,3.707e-14,-0.0007,53.26,1
BottomS27173,11.8813,-10.3325,9.327e-19,8.354e-19,4.974e-19,0.0002,53.4,0
BottomS27175,11.8499,-10.4262,1.646e-16,1.146e-16,3.988e-17,0.0001,54.88,0
BottomS27176,11.8697,-10.3475,1.476e-19,1.541e-19,1.227e-19,0.0003,53.62,0
BottomS27177,11.8571,-10.4259,3.056e-19,5.782e-19,1.561e-18,0.0003,54.7,0
BottomS27178,11.8621,-10.4237,1.812e-18,1.560e-18,8.546e-19,-0.0003,54.66,0
BottomS27179,11.8649,-10.3428,1.451e-18,2.733e-18,7.259e-18,0.0004,53.8,0
BottomS27181,12.7135,-8.0477,2.489e-20,3.238e-20,3.866e-20,-0.001,51.96,0
BottomS27183,12.7012,-8.0390,2.288e-19,2.402e-19,1.930e-19,0.0,52.42,0
BottomS27188,12.7290,-8.0414,2.814e-19,2.843e-19,2.094e-19,-0.0006,52.31,0
BottomS27191,12.6848,-8.0409,2.250e-19,2.224e-19,1.495e-19,0.0007,50.36,0
BottomS27193,12.6901,-8.0488,1.344e-20,1.683e-20,1.866e-20,-0.0007,50.06,0
BottomS27196,12.6950,-8.0455,4.988e-14,3.491e-14,1.265e-14,0.0007,50.54,0
BottomS27202,12.7392,-8.0652,7.874e-19,1.576e-18,4.904e-18,0.001,51.63,0
BottomS27204,12.7004,-8.0468,1.076e-18,1.633e-18,2.757e-18,0.0,52.07,0
BottomS27209,12.6941,-8.0435,1.533e-20,2.002e-20,2.509e-20,0.0004,50.18,0
BottomS27210,12.7183,-8.0411,7.906e-19,7.108e-19,4.137e-19,0.0003,52.44,0
BottomS27211,12.6999,-8.0710,1.275e-17,3.524e-17,2.051e-16,0.0005,50.98,0
BottomS27212,12.7138,-8.0829,1.646e-19,1.649e-19,1.236e-19,-0.0008,51.2,0
BottomS27214,12.6917,-8.0310,1.030e-19,1.120e-19,9.426e-20,0.0001,51.19,0
BottomS27215,12.6386,-8.0659,1.950e-15,1.297e-15,4.055e-16,-0.0001,50.02,0
BottomS27225,12.7170,-8.0260,2.069e-20,2.521e-20,2.687e-20,-0.0006,52.31,0
BottomS27227,12.6347,-8.0820,7.775e-19,6.545e-19,3.426e-19,0.0,50.2,0
BottomS27236,12.7018,-8.0458,3.217e-20,3.871e-20,4.117e-20,0.0001,52.08,0
BottomS27239,12.6573,-8.0624,9.075e-20,1.006e-19,8.851e-20,-0.0001,49.84,0
BottomS27240,12.7570,-8.0088,4.670e-19,7.474e-19,1.441e-18,-0.0001,52.01,0
BottomS27246,12.6794,-8.0593,6.407e-14,4.534e-14,1.690e-14,-0.0004,50.17,0
BottomS27249,12.6944,-8.0449,1.300e-20,1.647e-20,1.936e-20,-0.0004,49.21,0
BottomS27251,12.6190,-8.0180,1.365e-20,1.686e-20,1.926e-20,-0.0002,50.54,0
BottomS27254,12.7075,-8.0416,1.702e-18,3.104e-18,7.955e-18,-0.0003,52.21,0
BottomS27259,12.6621,-8.0569,1.039e-20,1.347e-20,1.686e-20,-0.0007,49.81,0
BottomS27263,12.6121,-8.0303,1.476e-19,1.620e-19,1.378e-19,-0.0011,50.36,0
BottomS27270,12.6881,-8.0546,1.761e-19,1.877e-19,1.515e-19,-0.0002,50.24,0
BottomS27272,12.6931,-8.0432,1.642e-20,2.094e-20,2.508e-20,-0.0011,50.52,0
BottomS27279,12.7342,-8.0271,1.287e-19,1.396e-19,1.193e-19,-0.0003,52.22,0
BottomS27284,12.7069,-8.0163,1.785e-20,2.153e-20,2.337e-20,0.0001,51.5,0
BottomS27298,12.6182,-8.1223,1.209e-19,1.296e-19,1.058e-19,0.0002,50.51,0
BottomS27305,12.6935,-8.0447,9.500e-19,8.853e-19,5.598e-19,0.0002,49.01,0
BottomS27307,12.6915,-8.0423,1.774e-19,1.869e-19,1.428e-19,-0.0003,50.82,0
BottomS27315,12.7073,-8.0270,7.284e-20,8.169e-20,7.487e-20,0.0002,51.79,0
BottomS27316,12.6588,-8.0712,6.357e-14,4.752e-14,1.933e-14,-0.0005,50.31,0
BottomS27318,12.7134,-8.0396,1.149e-20,1.449e-20,1.722e-20,-0.0001,52.46,0
BottomS27321,12.6998,-8.0315,5.074e-20,6.094e-20,6.477e-20,-0.0001,51.74,0
BottomS27324,12.6906,-8.0471,1.299e-18,1.170e-18,6.741e-19,-0.0006,49.83,0
BottomS27330,12.7335,-8.0466,1.193e-19,1.256e-19,9.947e-20,-0.0001,52.13,0
BottomS27333,12.6949,-8.0426,7.350e-20,8.792e-20,9.046e-20,-0.0001,52.98,0
BottomS27334,12.7159,-8.0403,1.169e-19,1.279e-19,1.099e-19,-0.0006,52.48,0
BottomS27338,12.7047,-8.0458,2.791e-18,5.003e-18,1.200e-17,-0.0001,51.89,0
BottomS27347,12.6963,-8.0479,1.636e-14,1.095e-14,3.560e-15,0.0001,51.18,0
BottomS27348,12.7900,-8.0389,5.958e-15,8.118e-15,1.102e-14,0.0008,52.13,0
BottomS27352,12.7050,-8.0527,3.020e-20,3.617e-20,3.873e-20,0.0,51.73,0
BottomS27353,12.7244,-8.0496,1.091e-18,9.767e-19,5.761e-19,0.0011,52.02,0
BottomS27356,12.6796,-8.0435,2.501e-18,2.164e-18,1.141e-18,0.0013,50.12,0
BottomS27358,12.6939,-8.0357,5.038e-14,3.727e-14,1.515e-14,-0.0013,51.26,0
BottomS27359,12.7673,-8.0385,9.985e-14,7.869e-14,3.593e-14,-0.0008,52.15,1
BottomS27362,12.6920,-8.0438,1.749e-20,2.216e-20,2.663e-20,0.001,50.37,0
BottomS27364,12.7047,-8.0532,1.349e-20,1.732e-20,2.021e-20,0.0007,51.46,0
BottomS27367,12.6910,-8.0116,7.532e-20,8.380e-20,7.710e-20,0.0007,51.18,0
BottomS27375,12.5517,-8.0691,1.557e-20,1.953e-20,2.241e-20,0.0,50.18,0
BottomS27381,12.6849,-8.0561,1.939e-20,2.516e-20,3.152e-20,-0.0001,50.43,0
BottomS27385,12.6826,-8.0349,5.725e-20,6.470e-20,5.862e-20,-0.0003,50.76,0
BottomS27386,12.7306,-8.0074,1.052e-18,9.675e-19,5.651e-19,0.0009,51.78,0
BottomS27387,12.7159,-8.0314,7.409e-20,8.251e-20,7.536e-20,0.0006,52.29,0
BottomS27389,12.6900,-8.0431,2.312e-18,3.668e-18,6.756e-18,-0.0006,49.73,0
BottomS27393,12.6220,-8.0746,2.122e-19,2.166e-19,1.615e-19,0.0011,50.07,0
BottomS27395,12.6817,-8.0458,3.613e-20,4.227e-20,4.266e-20,0.0007,49.94,0
BottomS27398,12.6960,-8.0411,7.884e-19,7.080e-19,4.243e-19,0.0006,52.39,0
BottomS27400,12.6303,-8.0376,6.928e-20,7.452e-20,6.360e-20,0.0009,50.32,0
BottomS27404,12.6448,-8.0586,2.425e-18,3.816e-18,7.172e-18,-0.0006,49.88,0
BottomS27405,12.7414,-8.0472,1.915e-20,2.432e-20,2.866e-20,0.0003,52.08,0
BottomS27407,12.7078,-8.0499,2.679e-19,2.670e-19,1.932e-19,0.0002,52.04,0
BottomS27408,12.6849,-8.0455,1.096e-19,1.197e-19,1.049e-19,0.0008,49.91,0
BottomS27412,12.6528,-8.0427,6.897e-19,6.573e-19,4.280e-19,0.0004,50.09,0
BottomS27416,12.7166,-8.0260,6.278e-20,7.182e-20,6.931e-20,0.0014,52.19,0
BottomS27418,12.6963,-8.0475,8.677e-19,1.776e-18,5.568e-18,-0.0003,51.17,0
BottomS27419,12.6662,-8.0864,5.822e-19,1.059e-18,2.647e-18,-0.0003,50.56,0
BottomS27420,12.6811,-8.0490,2.060e-20,2.543e-20,2.738e-20,-0.0006,50.0,0
BottomS27422,12.6887,-8.0429,5.321e-20,6.129e-20,5.639e-20,0.0007,50.6,0
BottomS27424,12.6743,-8.0502,6.878e-18,1.622e-17,7.207e-17,-0.0011,49.82,0
BottomS27426,12.6713,-8.0502,2.378e-19,4.030e-19,8.618e-19,0.0005,49.76,0
BottomS27432,12.6693,-8.1323,1.399e-18,2.285e-18,4.680e-18,-0.0004,50.91,0
BottomS27439,12.6816,-8.0374,2.200e-20,2.754e-20,3.079e-20,-0.0,50.41,0
BottomS27443,12.6964,-8.0467,4.907e-19,8.867e-19,2.205e-18,-0.0005,52.25,0
BottomS27449,12.6851,-8.0545,1.800e-20,2.264e-20,2.627e-20,0.0002,50.39,0
BottomS27451,12.7147,-8.0342,2.195e-20,2.780e-20,3.373e-20,-0.0009,52.43,0
BottomS27453,12.6493,-8.0376,1.692e-20,2.204e-20,2.795e-20,0.0003,50.37,0
BottomS27456,12.6228,-8.0083,3.432e-20,3.906e-20,3.615e-20,0.0003,50.65,0
BottomS27463,12.7272,-8.0555,7.231e-20,8.163e-20,7.401e-20,-0.0004,51.73,0
BottomS27464,12.6907,-8.0346,1.099e-20,1.419e-20,1.707e-20,0.0001,51.07,0
BottomS27465,12.6998,-8.0465,1.065e-19,1.089e-19,8.449e-20,-0.0003,51.82,0
BottomS27474,12.7947,-8.0369,1.795e-20,2.276e-20,2.731e-20,-0.0005,52.2,0
BottomS27481,12.6945,-8.0401,1.754e-20,2.316e-20,2.905e-20,-0.0002,51.77,0
BottomS27485,12.7444,-8.0187,1.156e-20,1.490e-20,1.777e-20,-0.0003,52.16,0
BottomS27487,12.6895,-8.0438,1.711e-14,1.890e-14,1.640e-14,0.0005,49.97,0
BottomS27492,12.7100,-8.0409,7.933e-14,6.216e-14,2.736e-14,0.0003,52.32,1
BottomS27497,12.7067,-8.0458,8.164e-19,7.406e-19,4.438e-19,0.0005,52.0,0
BottomS27500,12.6930,-8.0390,1.419e-18,2.574e-18,6.585e-18,0.0006,51.11,0
BottomS27503,12.6707,-8.0496,1.267e-18,2.314e-18,5.860e-18,-0.0007,49.77,0
BottomS27504,12.7838,-8.0130,1.529e-20,1.895e-20,2.143e-20,-0.0005,52.25,0
BottomS27505,12.6996,-8.0448,1.288e-19,1.423e-19,1.284e-19,0.0001,51.94,0
BottomS27506,12.6460,-8.0272,1.941e-18,1.646e-18,8.381e-19,-0.0006,50.53,0
BottomS27507,12.6914,-8.0473,3.508e-20,4.292e-20,4.742e-20,0.0003,50.32,0
BottomS27508,12.6933,-8.0446,3.892e-14,2.706e-14,9.662e-15,-0.0002,49.15,0
BottomS27510,12.6812,-8.0532,8.648e-20,9.645e-20,8.572e-20,-0.0012,50.12,0
BottomS27512,12.7171,-8.0533,2.501e-19,2.488e-19,1.825e-19,0.0001,51.78,0
BottomS27513,12.7154,-8.0339,2.494e-18,2.198e-18,1.225e-18,0.0005,52.39,0
BottomS27515,12.7161,-8.0456,1.333e-19,1.406e-19,1.156e-19,0.0001,52.18,0
BottomS27517,12.6958,-8.0476,6.617e-14,5.122e-14,2.159e-14,0.0002,50.38,1
BottomS27524,12.6876,-8.0480,7.511e-19,1.116e-18,1.879e-18,-0.0003,50.57,0
BottomS27528,12.6089,-8.0495,1.726e-20,2.180e-20,2.615e-20,-0.0,50.09,0
BottomS27531,12.7192,-8.0456,7.945e-19,7.389e-19,4.569e-19,0.0001,52.28,0
BottomS27537,12.6965,-8.0450,1.751e-18,1.562e-18,9.075e-19,0.0001,52.12,0
BottomS27538,12.6956,-8.0320,2.054e-19,2.046e-19,1.442e-19,0.0002,52.36,0
BottomS27541,12.7073,-8.0571,3.579e-19,3.479e-19,2.409e-19,0.0004,51.72,0
BottomS27543,12.6816,-8.0448,1.785e-19,1.861e-19,1.440e-19,-0.0002,50.08,0
BottomS27544,12.6780,-8.0486,1.411e-18,2.094e-18,3.504e-18,0.0,49.76,0
BottomS27549,12.6885,-8.0635,1.051e-20,1.402e-20,1.874e-20,-0.0005,50.11,0
BottomS27550,12.7055,-8.0545,1.283e-19,1.404e-19,1.263e-19,0.0003,52.32,0
BottomS27557,12.6912,-8.0337,6.302e-19,5.630e-19,3.298e-19,0.0009,51.09,0
BottomS27559,12.7051,-8.0293,3.516e-14,3.155e-14,1.883e-14,-0.0004,52.3,1
BottomS27562,12.7182,-8.0422,2.021e-19,2.101e-19,1.614e-19,-0.0004,52.42,0
BottomS27563,12.6993,-8.0388,1.224e-19,1.319e-19,1.099e-19,-0.0005,51.64,0
BottomS27566,12.6865,-8.0325,2.531e-16,1.737e-16,6.032e-17,0.0004,50.43,0
BottomS27567,12.6829,-8.0337,2.420e-14,1.649e-14,5.505e-15,0.0001,49.99,0
BottomS27569,12.7208,-8.0310,1.764e-20,2.169e-20,2.411e-20,0.0006,52.44,0
BottomS27570,12.6967,-8.0499,5.537e-20,6.230e-20,5.749e-20,-0.0001,51.2,0
BottomS27571,12.6855,-8.0483,2.684e-19,2.644e-19,1.828e-19,0.0005,49.81,0
BottomS27572,12.7167,-8.0462,2.770e-19,2.821e-19,2.189e-19,0.0005,52.36,0
BottomS27574,12.6997,-8.0194,7.959e-18,6.297e-18,2.788e-18,-0.0004,52.29,0
BottomS27578,12.7115,-8.0516,5.676e-18,4.623e-18,2.198e-18,-0.0002,52.39,0
BottomS27579,12.6937,-8.0572,2.928e-17,2.139e-17,7.956e-18,-0.0008,50.7,0
BottomS27581,12.6759,-8.0583,4.307e-20,5.268e-20,5.622e-20,0.0003,50.06,0
BottomS27582,12.6944,-8.0365,1.755e-20,2.353e-20,3.085e-20,-0.0009,51.47,0
BottomS27585,12.7142,-8.0444,8.658e-19,1.656e-18,4.647e-18,-0.0,52.09,0
BottomS27586,12.7011,-8.0440,7.326e-17,5.295e-17,1.967e-17,-0.0008,51.53,0
BottomS27587,12.7131,-8.0522,3.723e-18,3.184e-18,1.707e-18,0.0007,52.42,0
BottomS27588,12.7013,-8.0713,2.305e-18,2.031e-18,1.113e-18,0.0006,50.87,0
BottomS27589,12.6981,-8.0549,2.377e-18,2.070e-18,1.124e-18,0.0001,51.06,0
BottomS27590,12.7160,-8.0392,7.751e-19,7.322e-19,4.556e-19,0.0007,52.37,0
BottomS27591,12.6981,-8.0219,3.273e-20,4.083e-20,4.590e-20,0.0004,51.6,0
BottomS27592,12.7003,-8.0471,1.257e-18,1.074e-18,5.876e-19,0.0005,52.46,0
BottomS27594,12.6979,-8.0483,1.461e-20,1.852e-20,2.126e-20,-0.0005,51.28,0
BottomS27595,12.6785,-8.0335,1.775e-19,1.753e-19,1.219e-19,0.0004,50.31,0
BottomS27597,12.7118,-8.0494,1.472e-20,1.837e-20,2.022e-20,-0.0006,52.43,0
BottomS27599,12.6855,-8.0389,1.639e-19,1.669e-19,1.283e-19,0.0006,50.72,0
BottomS27601,12.6891,-8.0517,4.651e-19,4.471e-19,2.979e-19,-0.0002,50.56,0
BottomS27602,12.7110,-8.0503,1.881e-20,2.205e-20,2.268e-20,0.0,52.28,0
BottomS27606,12.7170,-8.0635,2.144e-14,1.454e-14,4.984e-15,0.0003,52.28,0
BottomS27611,12.6946,-8.0418,6.663e-19,1.139e-18,2.359e-18,0.0004,51.41,0
BottomS27612,12.6848,-8.0550,6.517e-19,5.767e-19,3.281e-19,0.0007,50.11,0
BottomS27615,12.6907,-8.0665,7.853e-19,7.318e-19,4.564e-19,0.0003,50.17,0
BottomS27617,12.6910,-8.0492,8.996e-19,1.652e-18,4.253e-18,-0.0004,50.52,0
BottomS27619,12.7019,-8.0391,5.939e-18,4.694e-18,2.104e-18,0.0001,52.2,1
BottomS27623,12.6936,-8.0624,9.977e-20,1.120e-19,1.033e-19,0.0006,50.82,0
BottomS27625,12.6997,-8.0342,3.082e-19,3.186e-19,2.489e-19,0.0,52.0,0
BottomS27628,12.6820,-8.0509,2.637e-18,4.729e-18,1.101e-17,-0.0008,50.01,0
BottomS27629,12.7125,-8.0402,2.807e-20,3.698e-20,4.633e-20,0.0006,52.46,0
BottomS27632,12.7103,-8.0393,2.868e-20,3.640e-20,4.082e-20,-0.001,51.98,0
BottomS27633,12.7045,-8.0567,2.203e-18,1.964e-18,1.161e-18,0.0002,52.14,0
BottomS27635,12.6962,-8.0623,4.052e-20,4.781e-20,4.804e-20,-0.001,50.4,0
BottomS27638,12.7120,-8.0418,8.911e-19,8.885e-19,6.127e-19,-0.001,52.17,0
BottomS27639,12.7038,-8.0283,2.308e-20,2.860e-20,3.285e-20,0.0003,52.39,0
BottomS27640,12.7091,-8.0529,5.377e-20,6.247e-20,6.147e-20,0.0004,51.96,0
BottomS27642,12.6890,-8.0220,3.970e-19,3.982e-19,2.921e-19,-0.0001,51.28,0
BottomS27645,12.6762,-8.0401,3.168e-20,3.862e-20,4.189e-20,-0.0001,49.94,0
BottomS27647,12.6892,-8.0263,5.103e-19,4.953e-19,3.359e-19,-0.0003,51.14,0
BottomS27650,12.6822,-8.0305,1.512e-17,1.178e-17,5.187e-18,0.0004,50.36,1
BottomS27653,12.7187,-8.0567,1.138e-19,1.202e-19,9.870e-20,0.0009,52.07,0
BottomS27654,12.6860,-8.0441,3.032e-18,6.694e-18,2.499e-17,0.0006,49.91,0
BottomS27655,12.6799,-8.0378,6.262e-20,7.265e-20,7.097e-20,-0.0001,50.25,0
BottomS27657,12.7073,-8.0583,8.697e-19,1.398e-18,2.613e-18,0.0002,51.67,0
BottomS27660,12.6902,-8.0570,3.701e-20,4.315e-20,4.340e-20,0.0001,50.78,0
BottomS27661,12.7081,-8.0486,1.819e-18,3.594e-18,1.097e-17,-0.0006,52.35,1
BottomS27663,12.6739,-8.0472,2.071e-18,4.298e-18,1.406e-17,-0.0006,49.86,0
BottomS27664,12.7124,-8.0337,5.580e-18,4.673e-18,2.283e-18,-0.0007,52.3,0
BottomS27665,12.6756,-8.0485,9.571e-19,8.901e-19,5.540e-19,0.0004,49.87,0
BottomS27666,12.6932,-8.0644,4.528e-14,4.207e-14,2.568e-14,0.0009,49.8,1
BottomS27667,12.7075,-8.0428,5.493e-19,9.848e-19,2.294e-18,0.0007,52.22,0
BottomS27669,12.7047,-8.0557,1.669e-20,2.013e-20,2.125e-20,0.0,52.3,0
BottomS27673,12.6921,-8.0294,3.173e-20,3.770e-20,3.763e-20,0.0003,52.47,0
BottomS27674,12.7002,-8.0489,1.457e-20,1.764e-20,1.923e-20,0.0002,52.04,0
BottomS27676,12.6906,-8.0605,1.155e-18,1.015e-18,5.728e-19,0.0007,49.96,0
BottomS27677,12.6901,-8.0257,2.711e-18,2.355e-18,1.265e-18,-0.0002,51.31,0
BottomS27678,12.7087,-8.0536,3.599e-19,3.593e-19,2.619e-19,-0.0011,52.12,0
BottomS27682,12.7111,-8.0407,1.259e-19,1.337e-19,1.102e-19,0.0004,52.12,0
BottomS27683,12.6712,-8.0602,1.427e-18,2.620e-18,6.512e-18,-0.0006,49.89,0
BottomS27685,12.6814,-8.0613,3.315e-18,2.821e-18,1.516e-18,0.0001,49.94,0
BottomS27686,12.6903,-8.0387,2.147e-18,1.787e-18,8.880e-19,-0.0002,50.92,0
BottomS27687,12.6904,-8.0506,2.496e-19,2.369e-19,1.588e-19,-0.0003,50.56,0
BottomS27689,12.7034,-8.0355,3.328e-18,2.824e-18,1.449e-18,0.0008,52.14,0
BottomS27690,12.6899,-8.0350,1.021e-15,1.867e-15,4.708e-15,0.0002,50.91,0
BottomS27692,12.7149,-8.0272,1.691e-19,1.692e-19,1.273e-19,-0.0003,52.27,0
BottomS27694,12.7203,-8.0394,9.714e-19,8.996e-19,5.555e-19,-0.0007,52.45,0
BottomS27696,12.6917,-8.0386,3.478e-18,4.835e-18,7.039e-18,-0.0002,50.99,0
BottomS27700,12.6976,-8.0489,5.039e-18,1.107e-17,4.163e-17,0.0005,51.24,0
BottomS27702,12.6534,-8.0559,6.134e-19,5.544e-19,3.343e-19,-0.0001,49.87,0
BottomS27705,12.7123,-8.0473,4.293e-19,7.922e-19,1.940e-18,0.0004,51.8,0
BottomS27708,12.6864,-8.0307,7.297e-14,5.760e-14,2.615e-14,0.0012,50.32,1
BottomS27710,12.7053,-8.0450,3.933e-18,3.363e-18,1.796e-18,-0.0,52.14,0
BottomS27711,12.6812,-8.0287,8.472e-19,7.557e-19,4.486e-19,-0.0005,49.82,0
BottomS27712,12.7046,-8.0529,1.693e-20,2.192e-20,2.684e-20,0.0002,51.65,0
BottomS27713,12.6800,-8.0470,3.089e-19,2.998e-19,2.103e-19,0.0002,49.92,0
BottomS27714,12.6859,-8.0470,1.245e-18,1.064e-18,5.562e-19,0.0005,49.8,0
BottomS27715,12.6704,-8.0680,2.617e-20,3.280e-20,3.879e-20,-0.0003,49.87,0
BottomS27717,12.6756,-8.0513,4.503e-19,6.341e-19,9.163e-19,-0.0002,49.81,0
BottomS27721,12.6762,-8.0442,4.544e-19,4.277e-19,2.804e-19,-0.0006,49.88,0
BottomS27723,12.7163,-8.0384,6.872e-19,6.573e-19,4.148e-19,-0.0006,52.42,0
BottomS27726,12.7233,-8.0430,1.368e-18,3.465e-18,1.731e-17,0.0004,52.45,0
BottomS27727,12.6776,-8.0459,4.037e-18,3.213e-18,1.432e-18,0.0002,49.92,0
BottomS27728,12.6771,-8.0471,1.328e-20,1.728e-20,2.117e-20,-0.0006,49.82,0
BottomS27732,12.6654,-8.0511,1.651e-20,2.048e-20,2.302e-20,-0.001,49.75,0
BottomS27733,12.6648,-8.0472,1.049e-18,1.854e-18,4.307e-18,-0.0004,49.77,0
BottomS27734,12.7148,-8.0336,7.346e-19,6.857e-19,4.486e-19,0.0003,52.46,0
BottomS27735,12.6737,-8.0488,4.272e-19,4.127e-19,2.718e-19,-0.0003,49.83,0
BottomS27736,12.7147,-8.0462,1.337e-20,1.766e-20,2.315e-20,0.0002,52.35,0
BottomS27737,12.7107,-8.0373,1.893e-18,3.523e-18,9.384e-18,0.0001,52.4,0
BottomS27738,12.7159,-8.0341,3.184e-19,3.116e-19,2.174e-19,0.0004,52.49,0
BottomS27739,12.6783,-8.0480,5.230e-19,4.920e-19,2.990e-19,0.0001,49.81,0
BottomS27740,12.6631,-8.0498,5.054e-20,6.194e-20,6.687e-20,0.0004,49.82,0
BottomS27743,12.6712,-8.0505,8.675e-19,7.494e-19,4.103e-19,-0.0002,49.73,0
BottomS27744,12.6691,-8.0431,1.734e-19,1.733e-19,1.242e-19,0.0001,49.75,0
BottomS27745,12.7237,-8.0384,1.304e-18,1.145e-18,6.619e-19,0.0007,52.43,0
BottomS27747,12.7220,-8.0396,4.042e-19,3.979e-19,2.771e-19,0.0009,52.49,0
BottomS27748,12.7236,-8.0417,2.748e-19,5.362e-19,1.513e-18,-0.0009,52.35,0
BottomS27750,12.7222,-8.0329,3.136e-20,3.807e-20,3.922e-20,-0.001,52.39,0
BottomS27752,12.7174,-8.0373,2.623e-14,2.077e-14,9.280e-15,-0.0007,52.45,1
BottomS27755,12.7295,-8.0359,2.274e-19,2.413e-19,2.032e-19,0.0001,52.4,0
BottomS27757,12.7221,-8.0452,9.555e-19,8.735e-19,5.134e-19,0.0005,52.36,0
BottomS27759,12.6660,-8.0544,2.318e-18,3.813e-18,7.734e-18,-0.0006,49.74,0
BottomS27761,12.6678,-8.0520,3.358e-19,3.311e-19,2.384e-19,-0.0006,49.79,0
BottomS27763,12.7229,-8.0363,3.143e-19,3.067e-19,2.212e-19,-0.0001,52.46,0
BottomS27772,12.7256,-8.0388,3.894e-20,4.725e-20,4.963e-20,-0.0002,52.48,0
BottomS27776,12.6586,-8.0517,2.245e-18,3.264e-18,5.098e-18,0.0007,49.81,0
BottomS27777,12.6462,-8.0541,8.258e-18,1.937e-17,8.044e-17,-0.0,49.92,0
BottomS27778,12.7249,-8.0345,9.598e-20,1.078e-19,9.620e-20,-0.0,52.48,0
BottomS27780,12.6597,-8.0555,5.999e-18,4.931e-18,2.362e-18,-0.0002,49.85,0
BottomS27783,12.7170,-8.0351,1.657e-19,1.842e-19,1.635e-19,0.0003,52.4,0
BottomS27784,12.6595,-8.0625,1.157e-18,1.067e-18,6.521e-19,0.0006,49.85,0
BottomS27785,12.6560,-8.0538,3.229e-19,3.183e-19,2.227e-19,0.0005,49.84,0
BottomS27787,12.6592,-8.0485,2.147e-19,2.329e-19,1.928e-19,0.0001,49.85,0
BottomS27788,12.7252,-8.0318,4.233e-18,3.213e-18,1.327e-18,0.0002,52.46,0
BottomS27789,12.6631,-8.0572,5.953e-19,5.707e-19,3.758e-19,0.0007,49.82,0
BottomS27791,12.7321,-8.0359,5.264e-14,5.069e-14,3.449e-14,-0.0005,52.4,1
BottomS27795,12.6659,-8.0525,4.669e-18,1.120e-17,4.781e-17,0.0002,49.78,0
BottomS27796,12.6566,-8.0565,1.744e-18,1.548e-18,9.060e-19,-0.0009,49.85,0
BottomS27797,12.6620,-8.0531,7.789e-19,7.370e-19,4.883e-19,0.0003,49.81,0
BottomS27801,12.6660,-8.0467,1.684e-18,1.468e-18,7.909e-19,0.0005,49.84,0
BottomS27802,12.6411,-8.0623,6.922e-20,7.954e-20,7.598e-20,-0.0002,49.93,0
BottomS27805,12.7297,-8.0338,2.858e-19,2.917e-19,2.225e-19,-0.0002,52.41,0
BottomS27809,12.6594,-8.0522,1.624e-20,1.981e-20,2.153e-20,0.0006,49.79,0
BottomS27810,12.7221,-8.0406,5.943e-20,7.078e-20,7.150e-20,-0.0002,52.52,0
BottomS27811,12.6682,-8.0540,1.410e-19,1.477e-19,1.198e-19,0.0002,49.79,0
BottomS27812,12.6415,-8.0558,2.981e-18,2.462e-18,1.224e-18,0.0011,49.94,0
BottomS27813,12.6557,-8.0525,4.507e-19,7.328e-19,1.480e-18,0.0001,49.86,0
BottomS27815,12.7315,-8.0400,1.534e-14,1.063e-14,3.796e-15,0.0,52.4,0
BottomS27816,12.6463,-8.0585,1.085e-19,1.157e-19,9.333e-20,0.0,49.96,0
BottomS27817,12.7352,-8.0336,3.744e-18,6.380e-18,1.455e-17,0.0005,52.41,0
BottomS27819,12.6631,-8.0480,2.045e-19,2.060e-19,1.532e-19,0.0001,49.79,0
BottomS27820,12.7474,-8.0344,3.599e-14,3.487e-14,2.418e-14,0.0002,52.3,1
BottomS27822,12.6550,-8.0492,1.437e-18,2.546e-18,6.077e-18,0.0007,49.79,0
BottomS27823,12.6640,-8.0546,1.445e-20,1.816e-20,2.144e-20,-0.0001,49.73,0
BottomS27826,12.6476,-8.0526,1.295e-17,1.036e-17,4.785e-18,0.0001,49.9,0
BottomS27827,12.6583,-8.0557,8.509e-19,1.311e-18,2.327e-18,-0.0003,49.8,0
BottomS27828,12.7369,-8.0350,2.100e-18,4.369e-18,1.442e-17,-0.0004,52.39,0
BottomS27832,12.7317,-8.0393,5.712e-18,4.697e-18,2.230e-18,0.0002,52.32,0
BottomS27833,12.7454,-8.0333,3.737e-20,4.393e-20,4.504e-20,0.0001,52.28,0
BottomS27835,12.6645,-8.0516,3.778e-14,3.819e-14,2.876e-14,-0.0003,49.79,1
BottomS27836,12.7370,-8.0342,8.061e-20,8.844e-20,7.896e-20,0.0006,52.38,0
BottomS27837,12.7452,-8.0292,5.317e-20,6.022e-20,5.715e-20,0.0006,52.28,0
BottomS27839,12.6525,-8.0523,4.473e-20,5.341e-20,5.611e-20,0.0002,49.82,0
BottomS27841,12.6392,-8.0592,2.975e-19,2.978e-19,2.201e-19,0.0,49.93,0
BottomS27843,12.7334,-8.0359,6.040e-20,6.869e-20,6.629e-20,0.0003,52.4,0
BottomS27844,12.7461,-8.0286,1.287e-14,8.617e-15,2.895e-15,-0.0006,52.26,0
BottomS27847,12.6423,-8.0557,7.049e-20,8.334e-20,8.790e-20,0.0005,49.86,0
BottomS27848,12.7443,-8.0331,2.451e-18,3.700e-18,6.288e-18,-0.0007,52.29,0
BottomS27849,12.7491,-8.0289,5.149e-19,8.386e-19,1.626e-18,0.0003,52.3,0
BottomS27852,12.6502,-8.0599,1.620e-18,1.387e-18,7.289e-19,-0.0001,49.93,0
BottomS27853,12.6428,-8.0597,1.442e-18,2.511e-18,5.714e-18,0.0002,49.9,0
BottomS27859,12.7457,-8.0324,1.192e-18,2.666e-18,1.064e-17,0.0,52.32,0
BottomS27862,12.7517,-8.0356,9.916e-19,1.811e-18,4.659e-18,0.0004,52.28,0
BottomS27863,12.6280,-8.0574,1.287e-19,1.401e-19,1.193e-19,0.0,49.92,0
BottomS27864,12.6454,-8.0561,1.401e-18,1.279e-18,7.767e-19,0.0009,49.87,0
BottomS27866,12.7562,-8.0248,2.387e-18,1.975e-18,9.594e-19,-0.0004,52.23,0
BottomS27869,12.6398,-8.0563,8.863e-19,1.747e-18,5.144e-18,-0.0,49.99,0
BottomS27870,12.6270,-8.0592,2.113e-18,1.805e-18,9.589e-19,-0.0004,49.96,0
BottomS27871,12.7498,-8.0241,2.812e-18,2.323e-18,1.128e-18,0.0,52.32,0
BottomS27872,12.6372,-8.0542,5.571e-20,6.544e-20,6.890e-20,0.0006,49.97,0
BottomS27873,12.6312,-8.0622,1.635e-19,1.702e-19,1.322e-19,-0.0002,49.97,0
BottomS27874,12.7477,-8.0379,5.315e-17,3.739e-17,1.364e-17,-0.0001,52.36,0
BottomS27878,12.7526,-8.0281,8.093e-20,9.113e-20,8.527e-20,0.0004,52.26,0
BottomS27883,12.6349,-8.0598,1.161e-19,1.248e-19,1.023e-19,-0.0003,49.93,0
BottomS27884,12.7680,-8.0235,4.860e-20,5.824e-20,6.031e-20,0.0008,52.3,0
BottomS27886,12.7677,-8.0248,9.305e-20,1.041e-19,9.518e-20,0.0002,52.25,0
BottomS27887,12.6380,-8.0693,4.967e-18,1.280e-17,6.666e-17,0.0003,49.93,0
BottomS27893,12.7757,-8.0242,3.441e-19,3.484e-19,2.589e-19,0.0,52.27,0
BottomS27894,12.6948,-8.0445,5.674e-18,4.562e-18,2.120e-18,0.0007,49.28,0
BottomS27895,12.6949,-8.0444,9.659e-19,1.334e-18,1.918e-18,0.0002,54.48,0
BottomS27896,12.6947,-8.0445,3.931e-14,2.737e-14,9.895e-15,-0.0008,48.75,0
BottomS27897,12.6948,-8.0446,4.928e-17,3.520e-17,1.328e-17,0.0004,48.64,0
BottomS27898,12.6306,-8.0648,5.352e-14,4.760e-14,2.732e-14,0.0003,49.97,1
BottomS27899,12.7615,-8.0261,3.185e-16,2.158e-16,7.022e-17,-0.0003,52.28,0
BottomS27900,12.7656,-8.0248,9.370e-17,6.865e-17,2.723e-17,-0.0006,52.24,0
BottomS27901,12.6303,-8.0612,1.707e-19,1.814e-19,1.485e-19,0.0005,49.98,0
BottomS27902,12.6268,-8.0629,4.408e-18,3.724e-18,1.943e-18,0.0001,49.99,0
BottomS27903,12.7635,-8.0264,1.519e-17,1.158e-17,4.714e-18,-0.0009,52.25,1
BottomS27904,12.6252,-8.0615,6.068e-17,4.158e-17,1.444e-17,0.0007,49.95,0
BottomS27905,12.6221,-8.0623,5.247e-19,4.725e-19,2.852e-19,0.0004,49.96,0
BottomS27906,12.6282,-8.0600,1.644e-17,1.226e-17,5.031e-18,-0.0004,49.98,0
BottomS27907,12.6251,-8.0602,2.193e-18,1.888e-18,1.019e-18,0.0001,49.97,0
BottomS27908,12.6216,-8.0609,6.096e-18,5.126e-18,2.515e-18,0.0004,49.93,0
BottomS27909,12.7607,-8.0312,3.305e-19,3.429e-19,2.592e-19,-0.0,52.2,0
BottomS27910,12.7606,-8.0327,2.255e-17,1.752e-17,7.824e-18,0.0005,52.26,1
BottomS27911,12.6268,-8.0579,2.400e-17,1.810e-17,7.191e-18,-0.0001,49.97,0
BottomS27912,12.6201,-8.0580,5.859e-20,6.484e-20,5.715e-20,-0.0003,50.0,0
BottomS27913,12.7645,-8.0315,4.484e-19,4.382e-19,2.967e-19,-0.0004,52.24,0
BottomS27914,12.7671,-8.0318,3.863e-17,2.857e-17,1.136e-17,0.0002,52.17,0
BottomS27915,12.6249,-8.0560,1.445e-18,2.540e-18,6.038e-18,0.0002,49.99,0
BottomS27916,12.7688,-8.0321,2.059e-17,1.650e-17,7.573e-18,-0.0013,52.26,1
BottomS27917,12.6241,-8.0538,1.305e-18,1.182e-18,6.946e-19,0.0002,50.0,0
BottomS27918,12.7666,-8.0346,7.119e-19,1.412e-18,4.364e-18,-0.0004,52.19,0
BottomS27919,12.6200,-8.0529,6.998e-19,1.192e-18,2.551e-18,-0.0006,50.03,0
BottomS27920,12.7650,-8.0364,7.825e-17,5.750e-17,2.266e-17,-0.0007,52.22,0
BottomS27921,12.6286,-8.0510,3.767e-14,3.951e-14,3.122e-14,0.0007,50.04,1
BottomS27922,12.7718,-8.0365,6.128e-20,6.893e-20,6.343e-20,0.0005,52.14,0
BottomS27923,12.6228,-8.0524,5.221e-19,4.994e-19,3.293e-19,-0.0005,50.01,0
BottomS27924,12.7651,-8.0386,4.906e-19,4.771e-19,3.183e-19,-0.0006,52.11,0
BottomS27925,12.7669,-8.0395,3.900e-18,3.184e-18,1.516e-18,0.0004,52.15,0
BottomS27926,12.7670,-8.0385,2.413e-17,1.888e-17,7.986e-18,-0.0001,52.14,1
BottomS27927,12.6240,-8.0479,5.114e-17,3.614e-17,1.339e-17,-0.0004,50.13,0
BottomS27928,12.6220,-8.0494,4.220e-18,3.613e-18,1.903e-18,0.0002,50.15,0
BottomS27929,12.6231,-8.0478,9.766e-17,6.797e-17,2.382e-17,0.0004,50.07,0
BottomS27930,12.7647,-8.0420,1.254e-17,9.642e-18,4.148e-18,-0.0004,52.09,1
BottomS27931,12.7635,-8.0445,1.172e-17,8.655e-18,3.527e-18,0.0002,52.13,0
BottomS27932,12.7682,-8.0430,9.253e-17,6.554e-17,2.364e-17,-0.0007,52.08,0
BottomS27934,12.7666,-8.0455,3.733e-18,2.990e-18,1.420e-18,0.0006,52.04,0
BottomS27935,12.6227,-8.0443,1.194e-18,2.095e-18,4.968e-18,-0.0006,50.22,0
BottomS27936,12.6197,-8.0435,5.556e-14,4.941e-14,2.742e-14,0.0005,50.19,1
BottomS27937,12.7663,-8.0489,4.005e-19,4.012e-19,2.862e-19,-0.0005,51.98,0
BottomS27938,12.6291,-8.0397,2.853e-18,2.432e-18,1.290e-18,-0.0008,50.22,0
BottomS27939,12.6253,-8.0401,2.807e-18,4.469e-18,8.219e-18,0.0001,50.26,0
BottomS27940,12.6286,-8.0367,2.957e-18,6.448e-18,2.305e-17,0.0002,50.32,0
BottomS27941,12.6301,-8.0371,4.162e-19,4.134e-19,2.837e-19,-0.0009,50.35,0
BottomS27942,12.6332,-8.0345,2.217e-18,1.944e-18,1.090e-18,-0.0001,50.33,0
BottomS27943,12.7588,-8.0542,2.650e-17,2.036e-17,8.657e-18,-0.0004,51.83,1
BottomS27944,12.7584,-8.0548,3.435e-19,3.457e-19,2.580e-19,-0.0003,51.89,0
BottomS27945,12.6295,-8.0329,1.460e-16,1.023e-16,3.567e-17,0.0014,50.32,0
BottomS27946,12.6348,-8.0333,3.511e-17,2.564e-17,1.018e-17,0.0008,50.39,0
BottomS27947,12.7567,-8.0557,7.198e-17,5.244e-17,1.960e-17,0.0007,51.8,0
BottomS27948,12.7567,-8.0577,8.802e-17,6.106e-17,2.126e-17,-0.0004,51.84,0
BottomS27949,12.7542,-8.0591,3.802e-18,2.973e-18,1.349e-18,-0.0002,51.79,0
BottomS27950,12.7530,-8.0614,3.493e-17,2.616e-17,1.067e-17,0.0009,51.73,0
BottomS27952,12.6393,-8.0284,3.289e-17,2.360e-17,8.943e-18,-0.0005,50.48,0
BottomS27953,12.7464,-8.0628,2.027e-19,2.086e-19,1.644e-19,-0.0008,51.69,0
BottomS27954,12.7473,-8.0632,7.670e-19,1.368e-18,3.350e-18,-0.0005,51.65,0
BottomS27955,12.7453,-8.0694,5.903e-20,6.985e-20,6.929e-20,-0.0001,51.54,0
BottomS27956,12.6491,-8.0222,4.230e-19,4.121e-19,2.800e-19,0.0004,50.58,0
BottomS27957,12.6497,-8.0190,2.245e-20,2.615e-20,2.657e-20,0.0004,50.62,0
BottomS27958,12.7387,-8.0697,5.041e-17,3.620e-17,1.381e-17,0.0008,51.54,0
BottomS27959,12.6538,-8.0168,1.779e-18,3.504e-18,9.957e-18,-0.0005,50.76,0
BottomS27960,12.7381,-8.0716,2.205e-17,1.706e-17,7.229e-18,0.0006,51.47,1
BottomS27961,12.6576,-8.0169,1.725e-18,1.480e-18,7.924e-19,0.0,50.78,0
BottomS27962,12.7302,-8.0754,8.085e-18,1.807e-17,6.699e-17,-0.0006,51.34,0
BottomS27963,12.7274,-8.0753,3.973e-17,2.928e-17,1.192e-17,0.0005,51.39,0
BottomS27964,12.6632,-8.0114,5.722e-14,5.589e-14,3.821e-14,0.0001,50.89,1
BottomS27965,12.6665,-8.0125,2.990e-18,4.769e-18,9.140e-18,0.0004,50.87,0
BottomS27966,12.6696,-8.0093,9.147e-18,7.184e-18,3.244e-18,0.0003,50.96,0
BottomS27967,12.6706,-8.0081,2.362e-18,2.004e-18,1.066e-18,0.0,50.97,0
BottomS27968,12.6727,-8.0092,3.209e-19,3.255e-19,2.485e-19,0.0003,51.0,0
BottomS27969,12.6770,-8.0090,1.656e-14,1.138e-14,3.850e-15,0.0005,51.08,0
BottomS27970,12.7094,-8.0836,9.248e-17,6.664e-17,2.519e-17,0.0006,51.15,0
BottomS27971,12.7084,-8.0857,8.347e-19,7.717e-19,4.727e-19,-0.0006,51.11,0
BottomS27972,12.6868,-8.0075,1.733e-17,1.256e-17,4.686e-18,-0.0003,51.15,0
BottomS27973,12.7013,-8.0863,2.315e-18,1.926e-18,9.623e-19,-0.0006,51.01,0
BottomS27974,12.6907,-7.9998,5.569e-14,3.949e-14,1.393e-14,-0.0006,51.17,0
BottomS27975,12.6956,-8.0041,3.939e-14,2.793e-14,9.821e-15,-0.0001,51.29,0
BottomS27976,12.6981,-8.0002,6.629e-14,5.331e-14,2.501e-14,-0.0003,51.3,1
BottomS27977,12.6897,-8.0887,4.839e-17,3.620e-17,1.409e-17,0.0001,50.86,0
BottomS27978,12.6866,-8.0904,2.874e-18,2.364e-18,1.168e-18,-0.0001,50.9,0
BottomS27979,12.7096,-8.0006,8.829e-19,1.528e-18,3.478e-18,-0.0001,51.45,0
BottomS27980,12.7110,-7.9993,4.573e-18,3.792e-18,1.817e-18,0.0001,51.39,0
BottomS27981,12.6758,-8.0917,1.659e-18,1.461e-18,8.278e-19,-0.0005,50.72,0
BottomS27982,12.7183,-7.9953,1.321e-17,1.015e-17,4.343e-18,0.0007,51.52,1
BottomS27983,12.7216,-7.9955,1.311e-17,1.044e-17,4.953e-18,0.0006,51.52,0
BottomS27984,12.6633,-8.0970,3.475e-18,2.830e-18,1.390e-18,-0.0003,50.66,0
BottomS27985,12.6625,-8.0939,4.261e-18,3.524e-18,1.740e-18,-0.0001,50.6,0
BottomS27986,12.7287,-7.9921,1.814e-18,2.997e-18,6.202e-18,-0.0006,51.59,0
BottomS27987,12.7648,-8.0323,2.064e-19,2.128e-19,1.686e-19,-0.0005,52.2,0
BottomS27988,12.7690,-8.0320,1.113e-18,1.032e-18,6.324e-19,0.0002,52.29,0
BottomS27989,12.7636,-8.0320,3.135e-18,2.526e-18,1.197e-18,-0.0002,52.21,0
BottomS27991,12.7534,-8.0334,2.239e-18,3.909e-18,8.663e-18,-0.0001,52.26,0
BottomS27992,12.7549,-8.0370,1.118e-17,8.537e-18,3.466e-18,0.0004,52.2,0
BottomS27993,12.7538,-8.0366,1.098e-18,1.590e-18,2.494e-18,0.001,52.21,0
BottomS27995,12.7687,-8.0306,7.338e-20,8.231e-20,7.755e-20,0.0009,52.24,0
BottomS27996,12.7636,-8.0334,7.615e-20,8.328e-20,7.383e-20,-0.0004,52.19,0
BottomS27998,12.7681,-8.0354,7.588e-19,7.165e-19,4.708e-19,0.0001,52.2,0
BottomS27999,12.7658,-8.0367,3.781e-14,2.858e-14,1.161e-14,0.0012,52.18,0
BottomS28000,12.6315,-8.0467,1.900e-18,1.632e-18,8.756e-19,-0.0001,50.09,0
BottomS28004,12.6226,-8.0505,6.045e-18,4.793e-18,2.184e-18,-0.0004,50.09,0
BottomS28005,12.7702,-8.0397,4.706e-20,5.120e-20,4.390e-20,-0.0,52.2,0
BottomS28006,12.7610,-8.0420,4.057e-19,4.046e-19,2.839e-19,-0.0,52.07,0
BottomS28007,12.7612,-8.0425,3.289e-18,2.634e-18,1.260e-18,0.0,52.14,0
BottomS28008,12.7646,-8.0415,8.200e-20,8.739e-20,6.936e-20,0.0007,52.15,0
BottomS28009,12.7597,-8.0448,3.846e-19,3.757e-19,2.657e-19,0.0005,52.06,0
BottomS28010,12.7649,-8.0463,2.014e-20,2.619e-20,3.162e-20,0.0001,52.09,0
BottomS28011,12.6323,-8.0441,6.088e-20,7.161e-20,7.276e-20,-0.0001,50.14,0
BottomS28012,12.7687,-8.0423,3.418e-20,4.198e-20,4.445e-20,-0.0003,52.07,0
BottomS28013,12.6320,-8.0404,4.332e-19,4.307e-19,2.975e-19,-0.0005,50.18,0
BottomS28014,12.7643,-8.0468,2.085e-17,1.524e-17,6.120e-18,0.001,52.06,0
BottomS28015,12.7658,-8.0435,2.282e-20,2.756e-20,2.978e-20,-0.0002,52.06,0
BottomS28017,12.6295,-8.0393,2.090e-18,4.109e-18,1.170e-17,-0.0005,50.23,0
BottomS28020,12.7619,-8.0445,2.185e-19,2.282e-19,1.820e-19,0.0011,52.01,0
BottomS28022,12.6240,-8.0369,1.561e-18,1.389e-18,8.039e-19,-0.0006,50.25,0
BottomS28024,12.6391,-8.0334,8.088e-20,8.998e-20,7.822e-20,-0.0003,50.35,0
BottomS28026,12.7560,-8.0576,7.306e-18,5.450e-18,2.242e-18,-0.0001,51.81,1
BottomS28029,12.6397,-8.0335,9.053e-20,9.993e-20,8.577e-20,0.0003,50.29,0
BottomS28030,12.6389,-8.0307,2.114e-17,1.509e-17,5.446e-18,-0.0003,50.44,0
BottomS28031,12.7466,-8.0572,8.791e-19,8.261e-19,5.312e-19,0.0001,51.79,0
BottomS28034,12.6500,-8.0249,6.706e-19,6.427e-19,4.241e-19,0.0005,50.58,0
BottomS28035,12.6420,-8.0264,6.044e-17,4.338e-17,1.626e-17,0.0005,50.54,0
BottomS28036,12.7454,-8.0683,9.289e-20,1.078e-19,1.035e-19,0.0004,51.64,0
BottomS28037,12.6481,-8.0279,4.690e-18,3.954e-18,2.069e-18,0.0004,50.53,0
BottomS28038,12.7442,-8.0620,7.186e-20,8.172e-20,7.660e-20,-0.0006,51.7,0
BottomS28039,12.6558,-8.0169,9.562e-19,1.679e-18,3.792e-18,-0.0002,50.73,0
BottomS28040,12.6454,-8.0208,1.105e-18,2.083e-18,5.635e-18,0.0007,50.67,0
BottomS28042,12.7343,-8.0684,1.483e-18,3.384e-18,1.353e-17,-0.0005,51.45,0
BottomS28043,12.6602,-8.0114,4.398e-17,3.198e-17,1.237e-17,-0.0002,50.9,0
BottomS28044,12.7318,-8.0773,6.203e-18,5.056e-18,2.371e-18,-0.0002,51.34,0
BottomS28045,12.7300,-8.0752,1.575e-18,1.394e-18,7.783e-19,-0.0004,51.44,0
BottomS28048,12.6662,-8.0089,1.603e-17,1.232e-17,5.141e-18,0.0002,50.95,1
BottomS28049,12.6710,-8.0117,5.584e-19,1.132e-18,3.517e-18,-0.0004,50.94,0
BottomS28051,12.6774,-8.0096,6.240e-17,4.503e-17,1.651e-17,0.0001,51.05,0
BottomS28052,12.7093,-8.0812,9.689e-19,1.783e-18,4.378e-18,-0.0004,51.15,0
BottomS28053,12.7087,-8.0834,2.341e-20,2.933e-20,3.248e-20,0.0001,51.15,0
BottomS28054,12.7063,-8.0845,1.933e-18,1.647e-18,8.743e-19,-0.0001,51.1,0
BottomS28055,12.6864,-8.0062,2.229e-20,2.684e-20,2.850e-20,0.0003,51.15,0
BottomS28060,12.6874,-8.0904,2.129e-20,2.522e-20,2.532e-20,0.0,50.9,0
BottomS28061,12.6828,-8.0924,1.136e-18,9.915e-19,5.681e-19,-0.0001,50.85,0
BottomS28062,12.6804,-8.0945,5.290e-18,1.269e-17,5.649e-17,-0.0003,50.81,0
BottomS28063,12.6793,-8.0847,1.610e-19,1.705e-19,1.418e-19,-0.0001,50.7,0
BottomS28064,12.6722,-8.0919,2.248e-19,2.257e-19,1.624e-19,-0.0006,50.73,0
BottomS28065,12.6738,-8.0988,5.907e-18,4.836e-18,2.260e-18,-0.0002,50.78,0
BottomS28066,12.7232,-7.9997,1.129e-17,9.269e-18,4.433e-18,0.0014,51.57,0
BottomS28067,12.7236,-7.9973,3.315e-17,2.461e-17,1.002e-17,0.0003,51.62,0
BottomS28068,12.7259,-7.9919,3.543e-18,8.432e-18,3.802e-17,-0.0001,51.59,0
BottomS28070,12.7360,-7.9974,1.202e-19,1.271e-19,1.019e-19,-0.0005,51.72,0
BottomS28071,12.6601,-8.0917,5.938e-18,4.664e-18,2.100e-18,0.0002,50.6,0
BottomS28072,12.6454,-8.0943,1.305e-19,1.358e-19,1.103e-19,0.0002,50.42,0
BottomS28073,12.7489,-7.9895,2.334e-19,2.463e-19,1.957e-19,-0.0003,51.75,0
BottomS28075,12.7504,-7.9955,3.896e-19,3.910e-19,2.773e-19,0.0008,51.89,0
BottomS28080,15.0225,-10.2613,2.584e-19,2.650e-19,2.052e-19,-0.0007,51.81,0
BottomS28083,15.0241,-10.2499,1.060e-17,8.007e-18,3.351e-18,0.0002,51.48,1
BottomS28088,15.0055,-10.2611,2.874e-18,2.373e-18,1.170e-18,0.0001,51.53,0
BottomS28090,15.0364,-10.2345,2.598e-20,3.245e-20,3.621e-20,0.0003,53.77,0
BottomS28095,14.9768,-10.2292,1.582e-20,2.035e-20,2.387e-20,-0.0007,52.49,0
BottomS28097,15.0216,-10.2495,1.854e-19,2.056e-19,1.847e-19,-0.0004,51.89,0
BottomS28100,15.0378,-10.1409,1.748e-20,2.022e-20,2.050e-20,-0.0001,53.27,0
BottomS28104,15.0748,-10.1719,1.338e-20,1.755e-20,2.281e-20,-0.0008,53.84,0
BottomS28111,15.0095,-10.2784,2.429e-20,2.935e-20,3.260e-20,0.0007,51.19,0
BottomS28112,15.0182,-10.2548,1.990e-20,2.470e-20,2.689e-20,-0.0008,51.52,0
BottomS28116,15.1280,-10.1051,1.460e-19,1.462e-19,1.099e-19,-0.0004,53.67,0
BottomS28122,15.0825,-10.1979,2.458e-14,1.678e-14,5.714e-15,-0.0001,53.52,0
BottomS28130,14.9740,-10.3093,3.225e-19,3.254e-19,2.379e-19,0.0003,51.45,0
BottomS28133,15.0365,-10.2428,2.000e-19,2.130e-19,1.765e-19,-0.0,53.19,0
BottomS28141,15.0417,-10.2100,2.101e-15,1.407e-15,4.448e-16,0.0,53.91,0
BottomS28143,14.9909,-10.3099,5.620e-20,6.088e-20,5.312e-20,0.0001,51.31,0
BottomS28146,15.0253,-10.2466,1.477e-20,1.957e-20,2.400e-20,0.0,52.46,0
BottomS28150,15.0242,-10.2665,4.225e-20,5.035e-20,5.226e-20,-0.0004,51.74,0
BottomS28155,15.0129,-10.2332,4.060e-20,4.711e-20,4.578e-20,0.0003,52.7,0
BottomS28162,15.1094,-10.1540,3.972e-20,4.523e-20,4.045e-20,-0.0001,53.66,0
BottomS28163,14.9927,-10.3026,1.924e-19,1.968e-19,1.465e-19,0.0,51.25,0
BottomS28165,15.0258,-10.2443,1.996e-18,1.720e-18,8.954e-19,0.0006,53.91,0
BottomS28166,15.0277,-10.2453,7.213e-20,7.767e-20,6.353e-20,0.0004,54.58,0
BottomS28170,15.0296,-10.1733,2.808e-18,2.313e-18,1.130e-18,0.0001,53.31,0
BottomS28185,15.0318,-10.2368,1.086e-18,9.315e-19,5.104e-19,0.0001,53.53,0
BottomS28186,15.0177,-10.2554,3.330e-19,3.264e-19,2.265e-19,-0.0007,51.68,0
BottomS28193,15.0221,-10.2519,1.982e-20,2.515e-20,2.894e-20,-0.0,51.92,0
BottomS28195,15.0508,-10.2006,1.321e-14,9.086e-15,3.039e-15,-0.0001,53.88,0
BottomS28199,15.0275,-10.2452,2.151e-19,2.230e-19,1.693e-19,0.0001,54.62,0
BottomS28200,15.0313,-10.2464,1.994e-20,2.379e-20,2.392e-20,0.0009,52.83,0
BottomS28205,15.0339,-10.2125,2.364e-18,3.939e-18,8.127e-18,0.0004,53.72,0
BottomS28206,15.0275,-10.2304,1.822e-20,2.141e-20,2.149e-20,0.0001,53.01,0
BottomS28208,15.0267,-10.2472,1.095e-18,1.908e-18,4.412e-18,0.0004,50.04,0
BottomS28213,15.0342,-10.2428,3.423e-14,2.779e-14,1.310e-14,0.0004,53.63,1
BottomS28216,15.0097,-10.2555,6.319e-20,6.859e-20,6.088e-20,-0.0003,51.8,0
BottomS28226,14.9728,-10.2935,1.024e-20,1.370e-20,1.787e-20,-0.0002,51.74,0
BottomS28227,15.0124,-10.2650,2.521e-20,3.128e-20,3.553e-20,-0.0005,51.31,0
BottomS28238,15.0365,-10.2369,8.667e-19,1.696e-18,4.946e-18,-0.0001,53.53,0
BottomS28239,15.0415,-10.2106,6.253e-19,5.656e-19,3.370e-19,0.0,53.93,0
BottomS28240,15.0555,-10.2415,1.017e-19,1.110e-19,9.635e-20,-0.0002,52.93,0
BottomS28241,15.0209,-10.2137,1.617e-19,1.681e-19,1.333e-19,0.0003,53.05,0
BottomS28246,15.0046,-10.2542,2.377e-20,3.069e-20,3.713e-20,-0.0002,52.12,0
BottomS28247,15.0272,-10.2479,2.595e-20,3.090e-20,3.072e-20,0.0003,52.52,0
BottomS28248,15.0248,-10.2434,2.638e-19,2.672e-19,1.937e-19,-0.0002,52.75,0
BottomS28250,15.0572,-10.2219,1.334e-18,2.092e-18,3.774e-18,0.0002,53.5,0
BottomS28253,15.0221,-10.2627,9.799e-19,8.944e-19,5.309e-19,-0.0002,51.5,0
BottomS28261,15.0233,-10.2447,1.666e-20,2.138e-20,2.593e-20,0.0004,52.62,0
BottomS28262,15.0118,-10.2857,4.095e-14,3.034e-14,1.200e-14,-0.0011,51.4,0
BottomS28270,15.0240,-10.2805,1.235e-20,1.658e-20,2.133e-20,0.0,51.84,0
BottomS28271,15.0802,-10.1274,1.302e-18,2.383e-18,5.996e-18,-0.0012,53.82,0
BottomS28273,15.0246,-10.2428,3.646e-19,3.415e-19,2.141e-19,-0.0005,53.64,0
BottomS28274,15.0282,-10.2465,1.805e-19,1.885e-19,1.515e-19,-0.0,52.91,0
BottomS28276,15.0176,-10.2398,3.583e-14,2.626e-14,1.041e-14,-0.0005,52.66,0
BottomS28280,15.0181,-10.2280,8.696e-19,1.546e-18,3.630e-18,-0.0002,52.78,0
BottomS28282,14.9964,-10.2719,2.209e-18,1.863e-18,9.353e-19,-0.0007,51.85,0
BottomS28285,15.0251,-10.2414,1.977e-20,2.420e-20,2.685e-20,-0.0001,52.9,0
BottomS28287,15.0684,-10.2893,1.158e-19,1.179e-19,8.929e-20,0.0003,52.46,0
BottomS28288,14.9996,-10.2526,1.986e-19,1.934e-19,1.391e-19,0.0008,52.28,0
BottomS28289,15.0221,-10.2531,4.690e-20,5.856e-20,6.446e-20,0.0004,51.48,0
BottomS28305,15.0112,-10.2560,1.156e-19,1.237e-19,1.019e-19,-0.0001,51.5,0
BottomS28307,15.0404,-10.2686,1.078e-19,1.121e-19,8.854e-20,-0.0003,52.37,0
BottomS28308,15.0305,-10.2375,1.414e-19,1.468e-19,1.158e-19,-0.0002,53.27,0
BottomS28318,15.0315,-10.2446,2.019e-20,2.541e-20,3.023e-20,-0.0002,53.66,0
BottomS28320,15.0235,-10.2454,1.033e-18,8.955e-19,4.794e-19,-0.0012,52.39,0
BottomS28321,15.0351,-10.2280,8.355e-20,9.294e-20,8.054e-20,-0.0003,53.76,0
BottomS28329,15.0281,-10.2505,4.830e-20,5.462e-20,5.061e-20,0.0007,52.46,0
BottomS28336,15.0135,-10.2531,3.900e-20,4.978e-20,5.992e-20,-0.0,51.52,1
BottomS28341,15.0198,-10.2550,2.124e-20,2.699e-20,3.191e-20,0.0001,51.63,0
BottomS28342,14.9952,-10.2956,4.150e-20,4.875e-20,4.882e-20,0.0001,51.32,0
BottomS28348,15.0260,-10.2474,5.755e-20,6.519e-20,6.067e-20,-0.0008,50.97,0
BottomS28354,15.0308,-10.2896,8.715e-19,1.395e-18,2.752e-18,-0.0003,52.13,0
BottomS28355,15.0002,-10.2526,1.220e-19,1.295e-19,1.071e-19,-0.0,52.16,0
BottomS28361,15.0206,-10.2120,6.213e-19,1.045e-18,2.128e-18,-0.0013,53.05,0
BottomS28366,15.0239,-10.2802,1.298e-18,2.548e-18,7.377e-18,-0.0001,51.86,0
BottomS28376,15.0231,-10.2554,6.498e-20,7.451e-20,7.225e-20,-0.0002,51.47,0
BottomS28383,15.0296,-10.2439,7.215e-19,6.737e-19,4.299e-19,-0.0004,53.73,0
BottomS28384,15.0048,-10.2566,3.248e-19,3.156e-19,2.176e-19,0.0006,51.93,0
BottomS28387,15.0309,-10.2418,6.134e-14,4.706e-14,2.006e-14,-0.0001,53.18,1
BottomS28388,15.0173,-10.2432,1.856e-20,2.226e-20,2.286e-20,0.0001,52.5,0
BottomS28389,15.0387,-10.2282,5.219e-19,5.118e-19,3.443e-19,-0.0005,53.79,0
BottomS28391,15.0643,-10.1555,6.874e-20,7.687e-20,7.018e-20,0.0005,53.69,0
BottomS28393,15.0507,-10.2060,8.270e-19,7.592e-19,4.631e-19,-0.0001,53.96,0
BottomS28395,15.0086,-10.2653,3.057e-20,3.738e-20,4.068e-20,-0.001,51.44,0
BottomS28398,15.0237,-10.2217,1.772e-20,2.246e-20,2.594e-20,0.0007,53.03,0
BottomS28400,14.9876,-10.2687,3.206e-20,3.728e-20,3.771e-20,0.0006,51.94,0
BottomS28405,15.0025,-10.2980,2.179e-19,2.113e-19,1.417e-19,0.0001,51.49,0
BottomS28406,15.0572,-10.2521,1.330e-20,1.709e-20,2.083e-20,-0.0006,52.82,0
BottomS28409,15.0171,-10.2714,2.964e-20,3.572e-20,3.868e-20,0.0001,51.36,0
BottomS28412,15.0286,-10.2492,1.939e-18,3.228e-18,6.777e-18,-0.0001,52.15,0
BottomS28415,15.0304,-10.2400,4.063e-20,5.202e-20,6.075e-20,-0.0,53.45,0
BottomS28416,14.9977,-10.3294,1.087e-20,1.438e-20,1.880e-20,0.0007,51.49,0
BottomS28419,15.0471,-10.2496,4.151e-14,2.901e-14,1.018e-14,0.0,53.0,0
BottomS28420,15.0140,-10.2464,6.146e-18,4.950e-18,2.252e-18,-0.0002,52.05,0
BottomS28423,15.0057,-10.2799,2.606e-20,3.181e-20,3.501e-20,-0.001,51.27,0
BottomS28424,15.0404,-10.2307,2.237e-20,2.743e-20,3.004e-20,-0.0005,53.9,0
BottomS28428,14.9905,-10.2528,2.433e-20,2.814e-20,2.690e-20,-0.0006,51.79,0
BottomS28429,15.0109,-10.2611,4.591e-20,5.838e-20,6.647e-20,-0.0004,51.51,0
BottomS28430,15.0143,-10.2202,2.322e-19,2.283e-19,1.602e-19,0.0004,53.67,0
BottomS28431,15.0440,-10.2478,1.028e-14,6.578e-15,2.053e-15,0.001,53.1,0
BottomS28434,15.0304,-10.2324,6.778e-20,7.726e-20,7.106e-20,-0.0012,53.67,0
BottomS28436,15.0012,-10.2368,3.917e-14,2.687e-14,9.511e-15,-0.0001,52.2,0
BottomS28437,14.9972,-10.2575,4.385e-20,5.222e-20,5.115e-20,-0.0001,51.48,0
BottomS28438,15.0011,-10.2366,2.981e-20,3.559e-20,3.677e-20,0.0001,52.11,0
BottomS28441,15.0463,-10.2696,5.835e-19,1.134e-18,3.317e-18,-0.0005,51.86,0
BottomS28442,15.0427,-10.2546,2.542e-17,1.821e-17,6.730e-18,0.0005,52.71,0
BottomS28443,15.0530,-10.2404,1.449e-18,1.299e-18,7.673e-19,-0.0002,53.96,0
BottomS28445,15.0248,-10.2621,1.175e-18,2.322e-18,6.751e-18,0.0003,51.73,0
BottomS28447,15.0262,-10.2502,1.085e-20,1.400e-20,1.709e-20,0.0004,52.16,0
BottomS28448,15.0342,-10.2842,1.180e-19,1.305e-19,1.170e-19,-0.001,51.49,0
BottomS28452,15.0348,-10.2475,1.212e-19,1.399e-19,1.367e-19,0.0003,52.89,0
BottomS28453,15.0280,-10.2585,2.672e-17,1.958e-17,7.831e-18,-0.0004,52.25,0
BottomS28457,15.0217,-10.2297,1.934e-14,1.341e-14,4.686e-15,0.0004,53.69,0
BottomS28458,15.0414,-10.2562,1.785e-18,1.579e-18,8.942e-19,0.0004,52.53,0
BottomS28462,15.0084,-10.2341,6.248e-20,6.742e-20,5.705e-20,-0.0,53.17,0
BottomS28465,15.0331,-10.2275,1.861e-19,1.996e-19,1.649e-19,0.0006,53.66,0
BottomS28470,15.0282,-10.2528,9.350e-20,1.033e-19,9.293e-20,-0.0001,51.81,0
BottomS28471,15.0357,-10.2413,6.188e-19,5.752e-19,3.591e-19,0.0002,53.76,0
BottomS28474,15.0267,-10.2316,7.763e-18,6.601e-18,3.485e-18,0.0002,53.59,0
BottomS28476,14.9963,-10.2834,2.815e-19,2.856e-19,2.155e-19,0.0002,51.25,0
BottomS28477,15.0145,-10.2702,1.244e-17,9.951e-18,4.433e-18,-0.0,51.48,1
BottomS28479,15.0324,-10.2265,2.316e-16,8.361e-16,8.728e-15,0.0004,53.62,0
BottomS28482,15.0382,-10.2295,1.412e-20,1.748e-20,1.942e-20,0.0011,53.88,0
BottomS28484,15.0158,-10.2402,3.089e-18,2.469e-18,1.133e-18,-0.0003,53.38,0
BottomS28489,15.0110,-10.2597,3.620e-19,3.487e-19,2.337e-19,0.0001,51.48,0
BottomS28490,15.0128,-10.2161,2.263e-18,3.993e-18,9.777e-18,-0.0,53.74,0
BottomS28491,15.0186,-10.2846,1.422e-19,1.541e-19,1.332e-19,-0.0007,51.22,0
BottomS28492,14.9986,-10.2456,5.046e-19,4.815e-19,3.163e-19,0.0005,51.46,0
BottomS28496,15.0224,-10.2379,1.520e-20,1.940e-20,2.277e-20,-0.0003,53.68,0
BottomS28500,15.0257,-10.2654,4.692e-14,3.343e-14,1.235e-14,0.0,51.33,0
BottomS28503,15.0473,-10.2634,5.992e-19,5.781e-19,3.754e-19,0.0006,51.99,0
BottomS28505,15.0168,-10.2691,6.968e-19,1.126e-18,2.224e-18,0.0002,51.85,0
BottomS28506,15.0164,-10.2782,3.522e-20,4.508e-20,5.351e-20,0.0,51.29,0
BottomS28512,15.0109,-10.2876,1.120e-20,1.481e-20,1.938e-20,0.0007,51.29,0
BottomS28513,15.0027,-10.2419,1.271e-18,2.071e-18,4.233e-18,0.0,51.54,0
BottomS28514,15.0024,-10.2509,9.048e-19,1.671e-18,4.386e-18,-0.0001,51.81,0
BottomS28515,15.0215,-10.2589,1.150e-18,9.985e-19,5.665e-19,-0.0004,51.41,0
BottomS28516,15.0522,-10.2358,5.705e-19,5.511e-19,3.794e-19,0.0002,53.7,0
BottomS28517,15.0470,-10.2338,3.493e-14,2.562e-14,1.009e-14,-0.0004,53.89,0
BottomS28518,15.0192,-10.2461,1.122e-18,2.281e-18,7.134e-18,-0.0002,52.16,0
BottomS28520,15.0211,-10.2312,6.438e-19,6.113e-19,3.980e-19,0.0003,53.79,0
BottomS28522,15.0102,-10.2161,1.216e-18,2.742e-18,1.033e-17,0.0001,53.45,0
BottomS28523,15.0151,-10.2546,1.122e-19,1.224e-19,1.075e-19,0.0001,51.94,0
BottomS28524,15.0332,-10.2474,2.724e-18,2.265e-18,1.175e-18,-0.0002,53.26,0
BottomS28527,14.9923,-10.2385,1.573e-20,2.029e-20,2.458e-20,-0.0,51.18,0
BottomS28528,15.0063,-10.2250,1.645e-19,1.685e-19,1.291e-19,-0.0012,52.94,0
BottomS28530,15.0622,-10.2499,6.997e-19,6.596e-19,4.161e-19,0.0,53.69,0
BottomS28531,15.0364,-10.2327,2.846e-15,1.900e-15,6.121e-16,0.0002,53.66,0
BottomS28533,15.0389,-10.2585,1.285e-18,1.170e-18,6.826e-19,0.0004,52.32,0
BottomS28535,15.0311,-10.2841,6.049e-20,6.794e-20,6.360e-20,0.0004,51.5,0
BottomS28537,15.0258,-10.2693,1.093e-18,1.017e-18,6.386e-19,0.0013,51.43,0
BottomS28538,14.9991,-10.2589,3.885e-19,5.829e-19,9.442e-19,0.0002,51.98,0
BottomS28540,15.0192,-10.2444,1.572e-19,1.659e-19,1.353e-19,0.0004,51.55,0
BottomS28541,15.0223,-10.2479,2.267e-18,4.478e-18,1.348e-17,-0.0001,52.41,0
BottomS28542,15.0429,-10.2327,2.055e-18,1.814e-18,9.868e-19,-0.0009,53.84,0
BottomS28544,15.0274,-10.2261,1.152e-18,9.962e-19,5.351e-19,-0.0001,53.64,0
BottomS28545,15.0274,-10.2376,1.087e-18,2.340e-18,8.524e-18,-0.0004,53.76,0
BottomS28548,15.0240,-10.2638,1.269e-20,1.631e-20,1.971e-20,0.0003,51.55,0
BottomS28549,15.0376,-10.2434,7.721e-19,7.424e-19,4.986e-19,0.0007,53.65,0
BottomS28550,15.0423,-10.2492,9.950e-19,1.755e-18,4.176e-18,-0.0001,52.81,0
BottomS28551,15.0243,-10.2588,9.380e-19,9.159e-19,6.422e-19,0.0,51.45,0
BottomS28552,15.0234,-10.2553,1.717e-20,2.164e-20,2.510e-20,0.0,51.91,0
BottomS28553,15.0444,-10.2406,2.682e-20,3.406e-20,4.054e-20,0.0006,53.77,0
BottomS28554,15.0057,-10.2314,3.545e-20,4.111e-20,3.998e-20,0.0003,53.21,0
BottomS28555,15.0262,-10.2299,2.060e-20,2.583e-20,3.067e-20,-0.0004,53.36,0
BottomS28558,15.0092,-10.2517,8.142e-19,7.596e-19,4.806e-19,-0.0002,51.76,0
BottomS28559,15.0452,-10.2142,3.814e-18,3.194e-18,1.585e-18,0.0,53.76,0
BottomS28560,15.0281,-10.2371,4.029e-18,3.260e-18,1.581e-18,-0.0007,53.48,0
BottomS28561,15.0302,-10.2649,3.378e-18,2.840e-18,1.410e-18,0.0006,51.31,0
BottomS28564,15.0520,-10.2464,2.492e-20,2.985e-20,3.183e-20,0.0001,53.39,0
BottomS28566,15.0280,-10.2554,2.245e-19,2.215e-19,1.560e-19,0.0004,52.08,0
BottomS28567,15.0245,-10.2490,2.662e-20,3.356e-20,3.880e-20,0.0001,51.4,0
BottomS28568,15.0498,-10.2783,1.700e-19,2.712e-19,4.935e-19,-0.0003,51.23,0
BottomS28569,15.0198,-10.2636,1.023e-18,1.466e-18,2.132e-18,0.0006,51.7,0
BottomS28573,15.0226,-10.2667,7.975e-19,1.645e-18,5.338e-18,0.0007,51.35,0
BottomS28578,15.0107,-10.2436,2.658e-14,1.868e-14,6.592e-15,-0.0004,51.5,0
BottomS28580,15.0179,-10.2780,2.067e-19,2.100e-19,1.586e-19,0.0012,51.21,0
BottomS28581,15.0266,-10.2700,1.328e-17,1.059e-17,5.022e-18,0.0002,51.33,0
BottomS28582,15.0557,-10.2309,2.200e-18,1.812e-18,8.941e-19,0.0004,53.88,0
BottomS28584,15.0529,-10.2316,1.671e-19,1.693e-19,1.306e-19,-0.0,53.7,0
BottomS28585,15.0120,-10.2362,6.710e-20,7.451e-20,6.652e-20,0.0,52.71,0
BottomS28587,14.9967,-10.2798,7.465e-19,7.209e-19,4.902e-19,0.0001,51.21,0
BottomS28589,15.0183,-10.2008,5.952e-19,1.437e-18,6.505e-18,0.0001,53.92,0
BottomS28591,15.0246,-10.2459,3.928e-19,3.834e-19,2.634e-19,-0.0,52.53,0
BottomS28593,15.0220,-10.2464,2.646e-19,2.840e-19,2.328e-19,-0.0008,52.43,0
BottomS28594,15.0262,-10.2493,9.947e-19,9.008e-19,5.444e-19,-0.0008,52.18,0
BottomS28595,15.0203,-10.2424,1.813e-19,1.899e-19,1.503e-19,0.0001,52.67,0
BottomS28597,15.0225,-10.2404,2.221e-18,1.833e-18,8.997e-19,0.0001,52.79,0
BottomS28598,15.0293,-10.2504,1.158e-20,1.470e-20,1.784e-20,0.0,52.45,0
BottomS28599,15.0318,-10.2497,7.151e-20,8.101e-20,7.564e-20,-0.0003,52.59,0
BottomS28601,15.0194,-10.2542,2.928e-14,2.054e-14,7.257e-15,-0.0006,51.69,0
BottomS28602,15.0172,-10.2506,2.315e-19,2.384e-19,1.799e-19,-0.0002,51.95,0
BottomS28603,15.0223,-10.2437,3.645e-20,4.103e-20,3.901e-20,0.0008,52.63,0
BottomS28605,15.0301,-10.2484,1.064e-18,1.712e-18,3.211e-18,0.0004,52.6,0
BottomS28606,15.0210,-10.2491,2.932e-18,2.424e-18,1.212e-18,0.0003,52.23,0
BottomS28607,15.0304,-10.2498,5.812e-18,4.773e-18,2.269e-18,-0.0003,52.55,0
BottomS28608,15.0256,-10.2480,9.941e-19,1.639e-18,3.208e-18,0.0,52.47,0
BottomS28613,15.0348,-10.2494,8.797e-19,1.685e-18,4.686e-18,0.0002,52.69,0
BottomS28615,15.0204,-10.2431,9.520e-19,8.527e-19,4.852e-19,0.0001,52.57,0
BottomS28620,15.0217,-10.2472,1.612e-20,2.129e-20,2.654e-20,-0.001,52.35,0
BottomS28622,15.0221,-10.2440,6.622e-19,6.183e-19,3.871e-19,0.0002,52.61,0
BottomS28623,15.0329,-10.2449,1.759e-18,4.496e-18,2.333e-17,-0.0003,52.97,0
BottomS28624,15.0337,-10.2516,7.352e-19,7.049e-19,4.562e-19,0.0004,52.62,0
BottomS28626,15.0263,-10.2434,4.347e-20,5.098e-20,5.094e-20,0.0,52.74,0
BottomS28627,15.0367,-10.2451,2.378e-18,1.983e-18,1.014e-18,-0.0007,53.01,0
BottomS28630,15.0228,-10.2486,4.355e-20,5.286e-20,5.583e-20,-0.0004,52.33,0
BottomS28631,15.0293,-10.2454,8.557e-20,9.638e-20,9.114e-20,0.0003,52.75,0
BottomS28632,15.0341,-10.2511,2.446e-19,2.509e-19,1.845e-19,-0.0002,52.6,0
BottomS28635,15.0177,-10.2423,1.638e-18,3.018e-18,7.930e-18,-0.0001,52.52,0
BottomS28638,15.0312,-10.2447,6.370e-18,5.275e-18,2.662e-18,-0.0001,52.97,0
BottomS28639,15.0312,-10.2492,4.480e-19,4.220e-19,2.590e-19,-0.001,52.6,0
BottomS28641,15.0127,-10.2446,4.768e-18,1.037e-17,3.822e-17,-0.0008,52.27,0
BottomS28642,15.0240,-10.2430,1.462e-18,2.689e-18,6.556e-18,0.0001,52.74,0
BottomS28643,15.0303,-10.2488,2.989e-20,3.466e-20,3.322e-20,0.0008,52.63,0
BottomS28644,15.0189,-10.2482,5.483e-19,5.421e-19,3.750e-19,-0.0001,52.22,0
BottomS28645,15.0317,-10.2507,5.569e-19,9.976e-19,2.322e-18,-0.0007,52.57,0
BottomS28648,15.0359,-10.2484,1.840e-18,2.833e-18,4.919e-18,0.0,52.81,0
BottomS28649,15.0181,-10.2465,3.214e-19,3.073e-19,2.042e-19,-0.0001,52.42,0
BottomS28650,15.0225,-10.2470,1.528e-19,1.687e-19,1.460e-19,0.0002,52.4,0
BottomS28654,15.0343,-10.2524,6.391e-19,6.094e-19,4.069e-19,0.0002,52.56,0
BottomS28657,15.0333,-10.2483,2.364e-18,2.050e-18,1.108e-18,-0.0009,52.71,0
BottomS28659,15.0209,-10.2427,3.484e-20,4.113e-20,4.212e-20,-0.0007,52.63,0
BottomS28660,15.0157,-10.2449,2.453e-18,2.060e-18,1.082e-18,-0.0003,52.3,0
BottomS28662,15.0308,-10.2473,7.003e-20,7.150e-20,5.529e-20,-0.0004,52.72,0
BottomS28664,15.0198,-10.2448,3.711e-19,3.628e-19,2.546e-19,0.0001,52.46,0
BottomS28665,15.0364,-10.2502,2.015e-18,1.737e-18,9.261e-19,0.0004,52.72,0
BottomS28668,15.0167,-10.2431,5.895e-20,6.775e-20,6.517e-20,0.0,52.5,0
BottomS28669,15.0193,-10.2420,7.475e-19,1.295e-18,2.852e-18,0.0,52.65,0
BottomS28670,15.0332,-10.2469,7.554e-19,1.233e-18,2.415e-18,-0.0003,52.8,0
BottomS28672,15.0307,-10.2492,3.439e-20,4.457e-20,5.551e-20,-0.0001,52.59,0
BottomS28673,15.0197,-10.2439,2.157e-18,1.886e-18,1.020e-18,-0.0006,52.53,0
BottomS28674,15.0171,-10.2475,1.107e-18,9.530e-19,5.197e-19,0.0002,52.29,0
BottomS28675,15.0156,-10.2506,1.153e-19,2.013e-19,4.439e-19,-0.0002,52.05,0
BottomS28676,15.0148,-10.2470,1.247e-20,1.609e-20,1.957e-20,-0.0002,52.24,0
BottomS28678,15.0341,-10.2498,1.995e-17,1.424e-17,5.248e-18,0.0004,52.64,0
BottomS28686,15.0346,-10.2483,2.340e-19,2.304e-19,1.661e-19,0.0006,52.71,0
BottomS28687,15.0184,-10.2489,1.535e-19,3.312e-19,1.209e-18,0.0002,52.26,0
BottomS28688,15.0327,-10.2551,7.306e-20,7.910e-20,6.709e-20,0.0008,52.38,0
BottomS28690,15.0368,-10.2519,1.518e-18,2.104e-18,3.101e-18,-0.0002,52.62,0
BottomS28693,15.0339,-10.2517,5.335e-18,9.365e-18,2.083e-17,-0.0006,52.55,0
BottomS28696,15.0167,-10.2458,1.159e-19,1.229e-19,1.013e-19,-0.0005,52.37,0
BottomS28698,15.0406,-10.2483,1.601e-18,1.457e-18,9.003e-19,-0.0002,52.9,0
BottomS28699,15.0374,-10.2528,6.006e-19,5.607e-19,3.683e-19,-0.0001,52.6,0
BottomS28700,15.0146,-10.2488,2.561e-20,3.159e-20,3.465e-20,0.0005,52.21,0
BottomS28702,15.0359,-10.2408,6.477e-20,7.455e-20,6.881e-20,-0.0002,53.17,0
BottomS28703,15.0210,-10.2488,8.688e-20,1.010e-19,1.002e-19,0.0005,52.26,0
BottomS28706,15.0191,-10.2489,3.827e-20,4.319e-20,3.992e-20,-0.0005,52.27,0
BottomS28709,15.0135,-10.2454,9.749e-19,1.588e-18,3.121e-18,-0.0001,52.34,0
BottomS28710,15.0319,-10.2449,4.940e-19,4.712e-19,3.091e-19,0.0009,52.81,0
BottomS28712,15.0355,-10.2479,3.543e-17,2.583e-17,1.005e-17,0.0008,52.75,0
BottomS28713,15.0368,-10.2480,4.525e-17,3.334e-17,1.277e-17,-0.0001,52.79,0
BottomS28715,15.0186,-10.2465,1.050e-19,1.156e-19,1.040e-19,-0.0003,52.4,0
BottomS28718,15.0206,-10.2530,1.319e-18,1.871e-18,2.704e-18,-0.0,52.07,0
BottomS28720,15.0203,-10.2467,1.892e-16,1.349e-16,4.975e-17,0.0004,52.43,0
BottomS28722,15.0195,-10.2429,3.329e-20,4.027e-20,4.342e-20,-0.0001,52.6,0
BottomS28723,15.0355,-10.2547,3.938e-19,3.841e-19,2.598e-19,-0.0004,52.5,0
BottomS28724,15.0375,-10.2522,1.094e-18,2.296e-18,7.577e-18,0.0001,52.64,0
BottomS28726,15.0115,-10.2481,1.236e-19,1.296e-19,1.042e-19,0.0003,52.18,0
BottomS28728,15.0321,-10.2547,5.997e-19,5.704e-19,3.747e-19,-0.0006,52.36,0
BottomS28729,15.0383,-10.2522,1.723e-18,4.254e-18,2.089e-17,-0.0006,52.66,0
BottomS28730,15.0339,-10.2496,4.174e-18,8.564e-18,2.695e-17,0.0013,52.62,0
BottomS28732,15.0426,-10.2526,2.863e-18,2.400e-18,1.192e-18,-0.0,52.71,0
BottomS28734,15.0138,-10.2473,1.414e-20,1.890e-20,2.425e-20,-0.0001,52.27,0
BottomS28736,15.0160,-10.2447,3.699e-19,3.564e-19,2.413e-19,-0.0,52.37,0
BottomS28739,15.0435,-10.2496,1.476e-14,9.935e-15,3.292e-15,-0.0002,52.76,0
BottomS28740,15.0370,-10.2434,7.740e-18,6.271e-18,2.869e-18,0.0004,52.98,0
BottomS28741,15.0185,-10.2473,8.338e-19,1.418e-18,3.015e-18,0.0002,52.41,0
BottomS28743,15.0093,-10.2429,6.706e-20,7.619e-20,7.170e-20,-0.0006,52.37,0
BottomS28746,15.0373,-10.2487,1.846e-18,1.577e-18,8.290e-19,-0.0004,52.81,0
BottomS28747,15.0374,-10.2512,8.550e-20,9.319e-20,8.246e-20,0.0008,52.69,0
BottomS28749,15.0397,-10.2483,4.873e-14,3.441e-14,1.228e-14,-0.0002,52.79,0
BottomS28750,15.0121,-10.2471,1.630e-20,2.055e-20,2.351e-20,0.0004,52.34,0
BottomS28751,15.0119,-10.2433,3.545e-18,2.893e-18,1.428e-18,0.0001,52.41,0
BottomS28752,15.0408,-10.2514,2.957e-19,3.074e-19,2.456e-19,0.0007,52.68,0
BottomS28753,15.0416,-10.2477,1.105e-18,2.021e-18,5.132e-18,-0.0005,52.81,0
BottomS28754,15.0140,-10.2426,3.814e-19,3.736e-19,2.607e-19,0.0006,52.49,0
BottomS28755,15.0120,-10.2418,4.318e-19,4.179e-19,2.809e-19,0.0003,52.49,0
BottomS28760,15.0177,-10.2470,2.135e-18,1.815e-18,9.170e-19,0.0,52.36,0
BottomS28766,15.0124,-10.2496,5.163e-15,3.408e-15,1.083e-15,-0.0003,52.15,0
BottomS28767,15.0090,-10.2403,1.300e-18,1.122e-18,5.840e-19,-0.0002,52.49,0
BottomS28769,15.0088,-10.2391,2.103e-15,1.377e-15,4.276e-16,0.0005,52.52,0
BottomS28771,15.0442,-10.2486,1.218e-18,1.670e-18,2.324e-18,-0.0,52.81,0
BottomS28773,15.0472,-10.2534,1.674e-19,1.763e-19,1.481e-19,0.0005,52.7,0
BottomS28774,15.0105,-10.2474,8.512e-19,1.451e-18,3.006e-18,-0.0005,52.19,0
BottomS28779,15.0128,-10.2419,1.015e-19,1.175e-19,1.088e-19,0.0011,52.44,0
BottomS28780,15.0395,-10.2480,9.341e-20,1.053e-19,9.578e-20,0.0004,52.78,0
BottomS28787,15.0448,-10.2483,1.961e-18,1.722e-18,9.382e-19,-0.0005,52.83,0
BottomS28788,15.0381,-10.2562,2.456e-18,2.148e-18,1.149e-18,0.0003,52.54,0
BottomS28791,15.0117,-10.2397,5.070e-20,5.919e-20,5.827e-20,-0.0002,52.57,0
BottomS28794,15.0105,-10.2487,3.722e-19,3.653e-19,2.588e-19,0.0005,52.25,0
BottomS28796,15.0124,-10.2368,1.092e-17,8.466e-18,3.756e-18,0.0012,52.61,1
BottomS28797,15.0479,-10.2481,8.381e-20,9.189e-20,7.685e-20,0.0016,52.82,0
BottomS28802,15.0377,-10.2445,1.462e-19,1.582e-19,1.348e-19,0.0,52.85,0
BottomS28803,15.0058,-10.2469,5.511e-18,4.518e-18,2.206e-18,0.0003,52.3,0
BottomS28808,15.0100,-10.2432,3.625e-14,2.666e-14,1.050e-14,0.0002,52.43,0
BottomS28809,15.0086,-10.2431,1.935e-19,1.981e-19,1.478e-19,0.0009,52.39,0
BottomS28813,15.0073,-10.2405,2.395e-18,2.119e-18,1.225e-18,-0.0006,52.48,0
BottomS28816,15.0059,-10.2410,1.597e-17,1.249e-17,5.381e-18,-0.0004,52.45,1
BottomS28818,15.0463,-10.2466,3.637e-18,3.019e-18,1.453e-18,0.0007,52.83,0
BottomS28819,15.0263,-10.2466,1.651e-16,1.163e-16,4.309e-17,-0.0004,47.66,0
BottomS28820,15.0263,-10.2465,4.434e-16,2.949e-16,9.768e-17,-0.0009,56.42,0
BottomS28822,15.0264,-10.2465,1.091e-18,9.906e-19,5.755e-19,-0.0005,57.36,0
BottomS28823,15.0263,-10.2466,1.375e-15,9.077e-16,2.884e-16,0.001,52.78,0
BottomS28824,15.0263,-10.2465,3.053e-16,2.126e-16,7.255e-17,-0.0004,55.1,0
BottomS28825,15.0107,-10.2396,2.601e-18,2.162e-18,1.099e-18,0.0009,52.54,0
BottomS28826,15.0411,-10.2501,3.252e-14,2.241e-14,7.888e-15,-0.0007,52.69,0
BottomS28827,15.0453,-10.2493,2.127e-19,2.249e-19,1.829e-19,0.0008,52.75,0
BottomS28828,15.0043,-10.2455,6.988e-17,5.065e-17,2.017e-17,-0.0004,52.34,0
BottomS28829,15.0054,-10.2490,1.484e-17,1.123e-17,4.488e-18,0.0001,52.27,0
BottomS28830,15.0466,-10.2410,4.205e-17,3.067e-17,1.171e-17,0.0002,52.95,0
BottomS28831,15.0013,-10.2529,1.660e-18,1.385e-18,7.277e-19,0.0007,52.19,0
BottomS28832,15.0518,-10.2375,9.964e-17,6.874e-17,2.393e-17,-0.0007,53.07,0
BottomS28833,15.0551,-10.2358,9.128e-18,7.044e-18,2.927e-18,-0.0001,53.11,1
BottomS28834,14.9965,-10.2601,4.642e-17,3.425e-17,1.327e-17,-0.0001,52.02,0
BottomS28835,15.0548,-10.2302,7.546e-18,5.991e-18,2.640e-18,0.0008,53.23,1
BottomS28836,14.9927,-10.2652,7.502e-17,5.620e-17,2.186e-17,0.0001,51.92,0
BottomS28837,14.9947,-10.2695,4.321e-17,3.203e-17,1.283e-17,-0.0004,51.82,0
BottomS28839,15.0600,-10.2200,5.729e-14,4.274e-14,1.707e-14,0.0003,53.39,0
BottomS28840,15.0631,-10.2164,8.818e-19,1.959e-18,7.205e-18,0.0002,53.46,0
BottomS28841,14.9920,-10.2791,1.303e-18,1.148e-18,6.522e-19,0.0001,51.69,0
BottomS28842,15.0634,-10.2130,2.869e-17,2.214e-17,9.730e-18,0.0004,53.54,1
BottomS28843,15.0626,-10.2071,1.061e-17,2.573e-17,1.112e-16,-0.0004,53.63,0
BottomS28844,15.0657,-10.2051,5.902e-17,4.316e-17,1.666e-17,-0.0006,53.7,0
BottomS28845,15.0662,-10.2034,2.733e-18,5.207e-18,1.376e-17,-0.0009,53.65,0
BottomS28846,14.9880,-10.2890,1.137e-19,1.219e-19,9.923e-20,0.0005,51.47,0
BottomS28847,14.9854,-10.2953,6.207e-20,7.670e-20,8.489e-20,-0.0004,51.47,0
BottomS28848,14.9848,-10.2993,1.953e-17,1.484e-17,6.167e-18,-0.0006,51.42,0
BottomS28849,15.0663,-10.1972,7.840e-17,5.530e-17,1.963e-17,0.0011,53.75,0
BottomS28850,15.0626,-10.1981,2.546e-18,2.150e-18,1.109e-18,-0.0002,53.77,0
BottomS28851,14.9852,-10.3016,1.747e-16,1.230e-16,4.472e-17,0.0007,51.4,0
BottomS28852,14.9873,-10.3039,2.042e-17,1.625e-17,7.348e-18,-0.0001,51.33,1
BottomS28853,15.0651,-10.1888,7.927e-18,6.256e-18,2.726e-18,0.0004,53.81,1
BottomS28854,14.9898,-10.3025,4.527e-19,4.565e-19,3.290e-19,0.0007,51.3,0
BottomS28855,15.0672,-10.1838,6.034e-14,5.011e-14,2.483e-14,0.0005,53.87,1
BottomS28856,15.0642,-10.1833,7.799e-20,8.832e-20,8.241e-20,0.0002,53.84,0
BottomS28857,14.9883,-10.3097,2.502e-17,1.877e-17,7.379e-18,-0.0001,51.32,0
BottomS28858,14.9882,-10.3084,5.967e-17,4.154e-17,1.452e-17,-0.0001,51.33,0
BottomS28859,15.0613,-10.1841,3.047e-17,2.116e-17,7.714e-18,-0.0007,53.83,0
BottomS28860,14.9938,-10.3095,1.164e-16,7.977e-17,2.773e-17,-0.0001,51.33,0
BottomS28861,15.0610,-10.1774,4.109e-17,2.973e-17,1.119e-17,0.0003,53.87,0
BottomS28862,14.9940,-10.3115,1.953e-16,1.337e-16,4.580e-17,0.0002,51.35,0
BottomS28863,15.0579,-10.1783,8.779e-18,7.232e-18,3.564e-18,-0.0002,53.81,0
BottomS28864,15.0564,-10.1793,1.773e-17,1.296e-17,5.030e-18,-0.0007,53.78,0
BottomS28866,14.9985,-10.3139,2.342e-14,1.990e-14,1.032e-14,-0.0005,51.42,1
BottomS28867,15.0517,-10.1806,8.522e-18,7.053e-18,3.536e-18,-0.0006,53.77,0
BottomS28868,15.0529,-10.1767,8.109e-18,6.616e-18,3.218e-18,-0.0005,53.72,0
BottomS28869,15.0493,-10.1812,1.402e-18,1.252e-18,7.455e-19,0.0004,53.71,0
BottomS28870,15.0070,-10.3073,2.202e-18,4.297e-18,1.216e-17,-0.0005,51.54,0
BottomS28871,15.0480,-10.1799,5.543e-15,3.654e-15,1.181e-15,-0.0005,53.66,0
BottomS28872,15.0080,-10.3102,5.161e-17,3.718e-17,1.391e-17,-0.0003,51.64,0
BottomS28873,15.0093,-10.3122,2.512e-17,1.975e-17,8.885e-18,-0.0007,51.64,1
BottomS28874,15.0159,-10.3085,5.096e-18,3.935e-18,1.730e-18,0.0007,51.73,1
BottomS28875,15.0382,-10.1857,1.708e-18,1.472e-18,7.975e-19,-0.0005,53.48,0
BottomS28876,15.0347,-10.1896,1.816e-18,1.641e-18,9.412e-19,-0.0001,53.41,0
BottomS28877,15.0345,-10.1879,2.087e-17,1.526e-17,5.984e-18,0.0002,53.37,0
BottomS28878,15.0200,-10.3018,8.994e-17,6.323e-17,2.347e-17,0.0002,51.87,0
BottomS28879,15.0303,-10.1949,2.326e-20,2.786e-20,2.770e-20,0.0,53.27,0
BottomS28880,15.0257,-10.2959,2.070e-18,1.804e-18,9.832e-19,-0.0001,51.92,0
BottomS28881,15.0255,-10.1977,5.881e-18,4.696e-18,2.216e-18,-0.0005,53.23,0
BottomS28882,15.0220,-10.2014,1.455e-17,1.079e-17,4.355e-18,0.0006,53.07,0
BottomS28883,15.0192,-10.2041,1.840e-19,3.012e-19,6.109e-19,0.0002,53.08,0
BottomS28884,15.0161,-10.2075,9.704e-17,6.721e-17,2.314e-17,-0.0007,52.98,0
BottomS28885,15.0147,-10.2095,4.916e-17,3.559e-17,1.288e-17,0.0005,52.95,0
BottomS28886,15.0147,-10.2130,1.794e-14,1.244e-14,4.354e-15,0.0003,52.94,0
BottomS28887,15.0116,-10.2153,1.952e-18,1.699e-18,9.436e-19,-0.0002,52.85,0
BottomS28888,15.0061,-10.2200,2.176e-16,1.488e-16,5.052e-17,0.0005,52.77,0
BottomS28889,15.0477,-10.2698,1.028e-17,7.873e-18,3.438e-18,0.0006,52.46,1
BottomS28890,15.0017,-10.2264,1.701e-14,1.710e-14,1.290e-14,-0.0001,52.65,0
BottomS28891,15.0522,-10.2628,2.460e-17,1.779e-17,6.732e-18,0.0005,52.61,0
BottomS28892,14.9963,-10.2340,1.974e-17,1.502e-17,6.418e-18,0.0006,52.55,1
BottomS28893,15.0561,-10.2554,1.134e-16,8.050e-17,2.892e-17,-0.0006,52.73,0
BottomS28894,14.9950,-10.2421,3.581e-17,2.689e-17,1.067e-17,0.0008,52.38,0
BottomS28895,15.0594,-10.2473,1.339e-17,1.026e-17,4.432e-18,0.001,52.82,1
BottomS28896,15.0631,-10.2434,3.318e-18,2.782e-18,1.389e-18,0.0001,52.84,0
BottomS28897,15.0621,-10.2397,4.675e-18,3.654e-18,1.693e-18,-0.0006,52.96,0
BottomS28898,14.9855,-10.2559,3.864e-19,6.356e-19,1.229e-18,-0.0,52.18,0
BottomS28900,14.9847,-10.2651,6.413e-18,5.182e-18,2.409e-18,0.0009,52.08,0
BottomS28901,15.0706,-10.2242,1.388e-16,9.646e-17,3.381e-17,0.0005,53.16,0
BottomS28902,14.9815,-10.2746,8.386e-19,7.698e-19,4.789e-19,0.0006,51.94,0
BottomS28903,15.0759,-10.2191,5.374e-18,4.535e-18,2.285e-18,-0.0012,53.23,0
BottomS28904,14.9773,-10.2822,5.582e-18,4.558e-18,2.200e-18,0.0007,51.85,0
BottomS28905,14.9736,-10.2852,3.499e-17,2.601e-17,1.058e-17,-0.0006,51.8,0
BottomS28906,15.0787,-10.2023,2.471e-17,1.827e-17,7.227e-18,0.0005,53.46,0
BottomS28907,15.0827,-10.2025,3.222e-17,2.271e-17,8.284e-18,0.0001,53.45,0
BottomS28908,15.0834,-10.1918,8.618e-18,6.520e-18,2.738e-18,0.0008,53.57,0
BottomS28909,15.0793,-10.1956,1.099e-17,8.349e-18,3.395e-18,-0.0003,53.53,0
BottomS28910,14.9698,-10.2989,1.484e-17,1.196e-17,5.486e-18,0.0018,51.64,1
BottomS28911,15.0826,-10.1900,1.661e-16,1.143e-16,3.854e-17,-0.0003,53.58,0
BottomS28912,14.9691,-10.3071,1.080e-16,7.652e-17,2.779e-17,0.0004,51.55,0
BottomS28913,15.0855,-10.1776,2.078e-17,1.653e-17,7.314e-18,-0.0008,53.68,1
BottomS28914,14.9688,-10.3132,2.271e-17,1.779e-17,7.803e-18,0.0005,51.5,1
BottomS28916,14.9671,-10.3221,3.466e-18,2.766e-18,1.311e-18,-0.0005,51.43,0
BottomS28917,14.9690,-10.3202,2.201e-14,1.536e-14,5.378e-15,-0.0002,51.41,0
BottomS28918,15.0878,-10.1635,4.495e-17,3.286e-17,1.243e-17,0.0006,53.75,0
BottomS28919,14.9685,-10.3260,3.331e-18,2.722e-18,1.321e-18,0.0001,51.36,0
BottomS28920,14.9660,-10.3375,5.236e-18,4.370e-18,2.198e-18,0.0001,51.32,0
BottomS28921,14.9702,-10.3260,4.570e-17,3.274e-17,1.199e-17,0.0001,51.33,0
BottomS28922,14.9750,-10.3269,3.204e-20,3.849e-20,4.115e-20,0.0002,51.32,0
BottomS28923,15.0820,-10.1528,3.100e-18,5.836e-18,1.569e-17,0.0004,53.8,0
BottomS28924,14.9697,-10.3394,1.380e-17,1.063e-17,4.604e-18,0.0001,51.37,1
BottomS28925,15.0816,-10.1533,3.893e-17,2.720e-17,9.551e-18,-0.0005,53.85,0
BottomS28926,14.9757,-10.3366,4.637e-14,3.457e-14,1.366e-14,0.0003,51.31,0
BottomS28927,15.0786,-10.1497,2.515e-19,2.651e-19,2.156e-19,0.0006,53.87,0
BottomS28928,14.9773,-10.3436,2.504e-16,1.727e-16,5.960e-17,-0.0007,51.36,0
BottomS28929,15.0759,-10.1484,5.066e-17,3.618e-17,1.379e-17,0.0003,53.84,0
BottomS28930,15.0765,-10.1473,2.272e-20,2.710e-20,2.771e-20,0.0006,53.82,0
BottomS28931,15.0709,-10.1475,7.562e-17,5.410e-17,2.001e-17,0.0,53.83,0
BottomS28932,15.0664,-10.1539,4.151e-17,3.060e-17,1.201e-17,0.0001,53.78,0
BottomS28933,15.0696,-10.1466,1.216e-17,9.757e-18,4.598e-18,0.0,53.8,0
BottomS28934,15.0676,-10.1468,2.220e-17,1.651e-17,6.602e-18,-0.0005,53.76,0
BottomS28935,15.0649,-10.1506,7.551e-14,5.638e-14,2.330e-14,0.0,53.73,1
BottomS28936,14.9930,-10.3401,7.964e-17,5.699e-17,2.086e-17,-0.0001,51.49,0
BottomS28937,14.9945,-10.3387,1.567e-18,1.377e-18,7.648e-19,0.0002,51.52,0
BottomS28938,15.0522,-10.1581,2.451e-17,1.897e-17,8.214e-18,-0.0002,53.6,1
BottomS28939,15.0022,-10.3385,2.595e-16,1.711e-16,5.187e-17,-0.0,51.62,0
BottomS28940,15.0036,-10.3327,1.452e-16,9.815e-17,3.266e-17,-0.0,51.62,0
BottomS28941,15.0470,-10.1639,1.076e-17,8.266e-18,3.589e-18,0.0003,53.52,1
BottomS28942,15.0435,-10.1661,2.371e-17,1.813e-17,7.795e-18,-0.0006,53.49,1
BottomS28943,15.0400,-10.1687,5.310e-19,1.064e-18,3.248e-18,0.0009,53.47,0
BottomS28944,15.0371,-10.1696,3.972e-17,2.982e-17,1.192e-17,-0.0007,53.4,0
BottomS28945,15.0347,-10.1721,3.713e-17,2.805e-17,1.131e-17,0.0007,53.33,1
BottomS28946,15.0236,-10.3190,2.437e-18,2.124e-18,1.194e-18,-0.0003,51.91,0
BottomS28947,15.0300,-10.1785,2.517e-18,4.882e-18,1.363e-17,-0.0002,53.29,0
BottomS28948,15.0235,-10.1809,8.682e-17,6.216e-17,2.279e-17,-0.0007,53.18,0
BottomS28949,15.0306,-10.3065,1.916e-19,2.046e-19,1.739e-19,0.0003,52.0,0
BottomS28951,15.0157,-10.1933,2.297e-18,2.061e-18,1.140e-18,0.0004,53.02,1
BottomS28953,15.0422,-10.2914,4.311e-18,3.635e-18,1.835e-18,0.0003,52.27,0
BottomS28954,15.0073,-10.2067,4.948e-14,3.579e-14,1.369e-14,0.0001,52.88,0
BottomS28955,15.0505,-10.2863,1.152e-18,1.055e-18,6.208e-19,-0.0005,52.37,0
BottomS28956,15.0518,-10.2777,3.814e-18,3.067e-18,1.443e-18,0.0003,52.48,0
BottomS28957,15.0547,-10.2737,1.335e-18,1.147e-18,6.100e-19,0.0003,52.47,0
BottomS28958,14.9931,-10.2217,1.205e-17,9.418e-18,4.073e-18,-0.0015,52.63,1
BottomS28959,14.9913,-10.2274,2.468e-17,1.869e-17,7.720e-18,-0.0001,52.56,1
BottomS28961,14.9841,-10.2380,1.163e-18,2.409e-18,7.802e-18,-0.0008,52.48,0
BottomS28962,14.9811,-10.2424,3.816e-16,2.508e-16,7.864e-17,-0.0001,52.4,0
BottomS28963,14.9803,-10.2470,8.556e-17,5.882e-17,2.050e-17,-0.0007,52.34,0
BottomS28964,14.9783,-10.2533,9.533e-19,1.567e-18,3.132e-18,-0.0002,52.26,0
BottomS28965,14.9749,-10.2567,2.333e-18,3.299e-18,4.822e-18,-0.0001,52.23,0
BottomS28966,15.0827,-10.2291,2.278e-16,1.664e-16,6.478e-17,0.0005,53.05,0
BottomS28967,15.0815,-10.2248,1.478e-18,1.229e-18,6.204e-19,-0.0,53.12,0
BottomS28968,14.9686,-10.2720,6.419e-18,5.318e-18,2.646e-18,0.0005,52.01,0
BottomS28969,15.0850,-10.2162,1.304e-17,9.857e-18,4.180e-18,-0.0006,53.16,1
BottomS28970,14.9646,-10.2838,2.280e-19,2.417e-19,1.966e-19,0.0004,51.93,0
BottomS28972,14.9626,-10.2909,1.344e-20,1.699e-20,1.961e-20,0.0001,51.87,0
BottomS28973,14.9588,-10.2977,2.636e-16,1.851e-16,6.422e-17,0.0002,51.81,0
BottomS28975,15.0935,-10.1880,3.330e-18,2.821e-18,1.445e-18,0.0004,53.47,0
BottomS28976,15.0982,-10.1807,3.649e-14,2.875e-14,1.263e-14,-0.0006,53.53,1
BottomS28977,14.9543,-10.3164,7.861e-19,7.390e-19,4.633e-19,-0.0008,51.58,0
BottomS28978,15.0976,-10.1771,2.386e-17,1.792e-17,7.198e-18,-0.0007,53.57,0
BottomS28979,14.9535,-10.3210,1.730e-18,3.642e-18,1.174e-17,-0.0002,51.53,0
BottomS28980,14.9543,-10.3287,3.318e-20,3.983e-20,4.226e-20,-0.0002,51.48,0
BottomS28982,14.9497,-10.3363,4.554e-17,3.252e-17,1.189e-17,0.0005,51.47,0
BottomS28983,14.9508,-10.3465,1.686e-18,1.430e-18,7.537e-19,-0.0003,51.44,0
BottomS28984,14.9529,-10.3435,1.520e-20,1.894e-20,2.114e-20,-0.0002,51.41,0
BottomS28985,15.0988,-10.1477,3.522e-17,2.528e-17,9.502e-18,0.0001,53.82,0
BottomS28986,14.9561,-10.3445,1.282e-17,9.926e-18,4.436e-18,0.0002,51.34,1
BottomS28987,14.9592,-10.3395,3.267e-17,2.379e-17,9.565e-18,0.0003,51.42,0
BottomS28988,15.0972,-10.1415,6.526e-18,5.287e-18,2.453e-18,0.0002,53.86,0
BottomS28989,15.0995,-10.1338,4.577e-18,3.747e-18,1.806e-18,0.0001,53.83,0
BottomS28991,15.0926,-10.1382,3.364e-16,2.445e-16,9.171e-17,-0.0005,53.83,0
BottomS28992,14.9603,-10.3590,3.787e-17,2.610e-17,9.426e-18,-0.0001,51.34,0
BottomS28993,15.0892,-10.1360,1.641e-18,2.934e-18,7.125e-18,-0.0,53.85,0
BottomS28994,15.0847,-10.1402,5.061e-17,3.728e-17,1.492e-17,-0.0001,53.89,0
BottomS28995,14.9631,-10.3677,4.737e-17,3.213e-17,1.076e-17,0.0003,51.37,0
BottomS28996,15.0496,-10.2446,2.521e-19,2.470e-19,1.701e-19,-0.0,52.89,0
BottomS28997,15.0062,-10.2521,4.752e-17,3.435e-17,1.261e-17,0.0004,52.22,0
BottomS28998,15.0052,-10.2515,3.274e-18,2.666e-18,1.288e-18,-0.0001,52.2,0
BottomS28999,15.0031,-10.2535,1.576e-18,3.093e-18,8.870e-18,-0.0003,52.2,0
BottomS29000,14.9982,-10.2562,7.267e-18,5.877e-18,2.808e-18,0.0005,52.08,0
BottomS29002,14.9992,-10.2606,1.415e-20,1.855e-20,2.354e-20,0.0003,52.0,0
BottomS29003,14.9955,-10.2631,1.105e-19,1.227e-19,1.085e-19,0.0004,51.97,0
BottomS29004,14.9994,-10.2612,1.924e-18,3.161e-18,6.455e-18,0.0005,51.94,0
BottomS29005,14.9931,-10.2654,3.282e-19,3.197e-19,2.195e-19,-0.0,51.85,0
BottomS29007,15.0566,-10.2280,9.870e-18,7.546e-18,3.183e-18,-0.001,53.26,1
BottomS29008,14.9947,-10.2712,2.212e-18,1.958e-18,1.086e-18,0.0,51.78,0
BottomS29010,14.9945,-10.2754,8.035e-18,1.793e-17,7.050e-17,0.0003,51.72,0
BottomS29011,15.0584,-10.2181,3.810e-19,6.013e-19,1.084e-18,-0.0001,53.48,0
BottomS29013,15.0594,-10.2151,4.508e-18,8.898e-18,2.548e-17,0.0002,53.61,0
BottomS29014,14.9928,-10.2811,1.899e-18,1.607e-18,8.553e-19,-0.0004,51.6,0
BottomS29015,15.0605,-10.2128,5.865e-17,4.368e-17,1.750e-17,-0.0005,53.51,0
BottomS29016,15.0630,-10.2103,1.588e-18,1.394e-18,7.946e-19,0.0004,53.55,0
BottomS29017,15.0612,-10.2097,1.639e-18,1.377e-18,7.142e-19,0.0007,53.69,0
BottomS29018,14.9921,-10.2844,4.637e-17,3.241e-17,1.170e-17,0.0005,51.58,0
BottomS29019,14.9875,-10.2889,5.958e-18,5.141e-18,2.741e-18,-0.0,51.46,0
BottomS29020,14.9874,-10.2906,2.563e-18,2.218e-18,1.218e-18,-0.0006,51.45,0
BottomS29021,14.9904,-10.2938,5.346e-14,4.567e-14,2.381e-14,0.0001,51.42,1
BottomS29022,14.9900,-10.2931,2.806e-20,3.372e-20,3.493e-20,-0.0002,51.43,0
BottomS29023,14.9867,-10.2992,1.495e-20,1.921e-20,2.371e-20,0.0006,51.38,0
BottomS29024,15.0623,-10.1954,3.862e-17,2.879e-17,1.155e-17,-0.0003,53.84,0
BottomS29025,15.0657,-10.1935,1.204e-17,8.981e-18,3.600e-18,-0.0001,53.82,0
BottomS29027,14.9883,-10.3018,1.938e-18,1.629e-18,8.478e-19,-0.0003,51.36,0
BottomS29028,15.0573,-10.1995,5.761e-19,5.279e-19,3.160e-19,0.0004,53.81,0
BottomS29029,14.9885,-10.3061,5.163e-14,4.107e-14,1.919e-14,0.0003,51.31,1
BottomS29032,15.0661,-10.1867,1.460e-17,1.131e-17,4.796e-18,-0.0001,53.84,1
BottomS29033,14.9917,-10.3034,9.150e-19,1.688e-18,4.196e-18,-0.0004,51.27,0
BottomS29036,14.9912,-10.3087,2.490e-19,2.393e-19,1.566e-19,0.0003,51.3,0
BottomS29037,15.0612,-10.1790,4.344e-19,4.090e-19,2.625e-19,-0.0003,53.91,0
BottomS29038,14.9905,-10.3116,2.557e-19,2.625e-19,2.025e-19,0.0003,51.34,0
BottomS29040,15.0594,-10.1792,6.842e-20,7.950e-20,7.739e-20,-0.0001,53.84,0
BottomS29041,15.0627,-10.1727,3.850e-19,3.881e-19,2.765e-19,-0.0006,53.84,0
BottomS29043,14.9955,-10.3109,4.190e-19,4.145e-19,2.883e-19,-0.0,51.4,0
BottomS29044,14.9943,-10.3150,1.081e-18,9.588e-19,5.268e-19,-0.0006,51.35,0
BottomS29046,15.0583,-10.1780,1.864e-18,2.847e-18,4.960e-18,0.0004,53.77,0
BottomS29047,15.0046,-10.3136,1.537e-17,1.238e-17,5.669e-18,0.0002,51.45,0
BottomS29048,15.0490,-10.1827,9.647e-15,1.265e-14,1.589e-14,0.0002,53.7,0
BottomS29049,15.0467,-10.1873,1.743e-19,2.615e-19,4.363e-19,-0.0008,53.65,0
BottomS29050,15.0024,-10.3174,3.909e-19,3.592e-19,2.179e-19,-0.0001,51.48,0
BottomS29051,15.0057,-10.3126,4.521e-18,3.702e-18,1.816e-18,0.0005,51.5,0
BottomS29052,15.0014,-10.3200,1.694e-19,1.761e-19,1.355e-19,-0.0004,51.57,0
BottomS29054,15.0107,-10.2998,1.797e-17,1.369e-17,5.774e-18,-0.0005,51.62,1
BottomS29057,15.0368,-10.1905,1.014e-17,7.902e-18,3.437e-18,-0.0004,53.38,1
BottomS29058,15.0206,-10.2983,3.091e-19,3.005e-19,1.972e-19,0.0,51.84,0
BottomS29059,15.0128,-10.3081,1.980e-18,1.664e-18,8.716e-19,-0.0007,51.64,0
BottomS29061,15.0186,-10.3042,1.794e-14,1.506e-14,7.569e-15,-0.0006,51.8,0
BottomS29062,15.0252,-10.2017,2.269e-18,1.917e-18,9.923e-19,-0.0,53.17,0
BottomS29063,15.0211,-10.2963,2.126e-18,1.922e-18,1.100e-18,0.0005,51.9,0
BottomS29064,15.0250,-10.2019,2.063e-18,3.087e-18,5.245e-18,0.0,53.21,0
BottomS29065,15.0235,-10.2065,1.101e-18,1.038e-18,6.626e-19,0.0006,53.11,0
BottomS29066,15.0314,-10.2856,1.408e-16,9.716e-17,3.397e-17,-0.0003,52.12,0
BottomS29067,15.0193,-10.2122,1.423e-18,3.209e-18,1.279e-17,0.001,52.97,0
BottomS29068,15.0207,-10.2065,3.022e-18,5.062e-18,1.031e-17,0.0002,53.09,0
BottomS29069,15.0198,-10.2090,7.093e-18,5.716e-18,2.712e-18,0.0003,53.06,0
BottomS29070,15.0339,-10.2844,4.557e-19,4.522e-19,3.183e-19,0.0007,52.16,0
BottomS29071,15.0357,-10.2792,5.632e-18,4.289e-18,1.850e-18,-0.0001,52.24,0
BottomS29072,15.0355,-10.2807,2.704e-18,5.489e-18,1.755e-17,-0.0,52.24,0
BottomS29073,15.0377,-10.2749,2.342e-18,1.908e-18,9.545e-19,-0.0004,52.3,0
BottomS29074,15.0098,-10.2178,6.245e-19,1.081e-18,2.388e-18,-0.0004,52.83,0
BottomS29075,15.0095,-10.2232,1.197e-18,2.019e-18,4.310e-18,-0.0002,52.77,0
BottomS29078,15.0498,-10.2670,3.990e-19,4.043e-19,2.916e-19,-0.0005,52.55,0
BottomS29081,15.0032,-10.2385,1.758e-14,1.181e-14,3.880e-15,-0.0012,52.51,0
BottomS29082,15.0008,-10.2410,8.367e-18,6.898e-18,3.273e-18,-0.0001,52.49,0
BottomS29084,15.0654,-10.2498,6.987e-18,5.765e-18,2.786e-18,0.0005,52.78,0
BottomS29089,14.9868,-10.2600,7.332e-19,6.700e-19,4.006e-19,-0.0002,52.07,0
BottomS29090,15.0664,-10.2318,6.074e-19,5.538e-19,3.197e-19,-0.0011,53.02,0
BottomS29091,14.9853,-10.2650,1.092e-18,2.019e-18,5.285e-18,-0.0002,52.04,0
BottomS29095,14.9791,-10.2738,1.465e-18,1.294e-18,7.235e-19,-0.0006,51.96,0
BottomS29098,15.0742,-10.2099,1.359e-17,1.012e-17,4.042e-18,-0.0008,53.44,0
BottomS29101,14.9703,-10.2919,6.850e-19,1.323e-18,3.548e-18,0.0007,51.78,0
BottomS29102,14.9689,-10.2993,6.310e-19,5.783e-19,3.654e-19,0.0004,51.67,0
BottomS29103,15.0798,-10.2000,9.611e-19,1.346e-18,1.982e-18,0.0007,53.45,0
BottomS29104,14.9588,-10.3068,1.258e-18,2.535e-18,7.791e-18,-0.0,51.65,0
BottomS29105,15.0807,-10.1886,4.134e-19,4.098e-19,2.920e-19,0.0009,53.61,0
BottomS29107,14.9688,-10.3082,8.896e-20,1.017e-19,9.615e-20,-0.0004,51.55,0
BottomS29108,14.9673,-10.3106,6.406e-18,5.064e-18,2.267e-18,0.0001,51.51,0
BottomS29109,15.0795,-10.1874,3.226e-17,2.366e-17,9.159e-18,0.0003,53.64,0
BottomS29110,15.0837,-10.1752,7.382e-19,6.962e-19,4.342e-19,0.0007,53.77,0
BottomS29111,14.9649,-10.3160,2.998e-20,3.721e-20,4.037e-20,0.0007,51.48,0
BottomS29112,15.0801,-10.1817,6.092e-18,4.773e-18,2.140e-18,0.0003,53.74,0
BottomS29113,14.9638,-10.3262,3.755e-19,3.660e-19,2.503e-19,-0.0001,51.4,0
BottomS29116,15.0812,-10.1701,1.823e-19,1.948e-19,1.558e-19,-0.0003,53.85,0
BottomS29117,15.0859,-10.1597,1.883e-18,2.859e-18,4.985e-18,0.0001,53.86,0
BottomS29118,14.9716,-10.3310,2.494e-20,3.114e-20,3.562e-20,0.0007,51.31,0
BottomS29121,15.0787,-10.1664,9.846e-19,9.072e-19,5.576e-19,0.0009,53.84,0
BottomS29122,14.9691,-10.3393,2.309e-18,5.035e-18,1.855e-17,0.0002,51.34,0
BottomS29124,15.0824,-10.1498,3.218e-19,3.279e-19,2.493e-19,-0.0001,53.87,0
BottomS29125,14.9772,-10.3338,2.162e-19,2.268e-19,1.781e-19,-0.0006,51.33,0
BottomS29126,15.0762,-10.1552,3.788e-18,7.264e-18,2.082e-17,-0.0001,53.83,0
BottomS29127,14.9791,-10.3367,9.509e-19,9.109e-19,5.922e-19,0.0005,51.32,0
BottomS29128,14.9825,-10.3277,2.104e-19,2.068e-19,1.438e-19,0.0006,51.31,0
BottomS29129,14.9760,-10.3482,5.200e-18,1.449e-17,8.751e-17,-0.0001,51.31,0
BottomS29131,15.0782,-10.1429,9.510e-18,7.298e-18,3.113e-18,0.0006,53.88,1
BottomS29132,14.9807,-10.3434,5.141e-17,3.724e-17,1.423e-17,0.0004,51.37,0
BottomS29133,15.0687,-10.1549,4.334e-18,3.524e-18,1.689e-18,0.0002,53.79,0
BottomS29134,14.9856,-10.3335,4.546e-19,4.439e-19,3.006e-19,-0.0004,51.4,0
BottomS29135,14.9929,-10.3332,1.700e-17,1.262e-17,5.141e-18,0.0008,51.39,0
BottomS29137,14.9955,-10.3335,2.324e-18,1.955e-18,9.638e-19,0.0007,51.46,0
BottomS29138,15.0562,-10.1597,6.774e-19,6.482e-19,4.348e-19,0.0001,53.64,0
BottomS29140,14.9865,-10.3480,1.310e-14,8.872e-15,2.909e-15,0.0004,51.48,0
BottomS29141,14.9913,-10.3496,3.766e-19,3.722e-19,2.574e-19,-0.0006,51.55,0
BottomS29143,15.0009,-10.3346,7.816e-19,7.344e-19,4.611e-19,-0.0003,51.52,0
BottomS29145,15.0049,-10.3315,1.567e-20,2.104e-20,2.793e-20,-0.0006,51.63,0
BottomS29147,15.0400,-10.1674,9.740e-17,6.745e-17,2.341e-17,-0.0008,53.45,0
BottomS29148,15.0454,-10.1653,8.263e-19,1.529e-18,3.913e-18,-0.0001,53.47,0
BottomS29149,15.0088,-10.3301,2.906e-18,6.379e-18,2.326e-17,0.0005,51.73,0
BottomS29151,15.0297,-10.1822,5.498e-17,4.007e-17,1.536e-17,-0.0004,53.26,0
BottomS29152,15.0222,-10.3242,7.249e-18,5.773e-18,2.584e-18,-0.0003,51.81,1
BottomS29153,15.0253,-10.3121,1.738e-17,1.298e-17,5.454e-18,-0.0003,51.99,1
BottomS29154,15.0227,-10.3101,6.854e-19,1.120e-18,2.220e-18,-0.0003,51.95,0
BottomS29156,15.0275,-10.1881,3.545e-18,5.380e-18,9.035e-18,-0.0005,53.18,0
BottomS29159,15.0091,-10.2022,5.996e-19,1.109e-18,2.762e-18,0.0009,52.89,0
BottomS29160,15.0325,-10.2995,5.633e-18,4.583e-18,2.180e-18,0.0005,52.14,0
BottomS29161,15.0104,-10.2006,3.405e-18,2.896e-18,1.535e-18,0.0005,52.89,0
BottomS29162,15.0119,-10.2080,1.468e-17,1.100e-17,4.387e-18,0.0001,52.87,0
BottomS29165,15.0462,-10.2769,1.065e-19,1.168e-19,1.032e-19,0.0004,52.43,0
BottomS29167,15.0597,-10.2743,5.399e-19,5.101e-19,3.194e-19,-0.0003,52.5,0
BottomS29168,14.9939,-10.2210,4.110e-17,2.999e-17,1.169e-17,-0.0007,52.64,0
BottomS29170,15.0661,-10.2681,2.668e-18,6.445e-18,2.913e-17,0.0002,52.6,0
BottomS29171,15.0598,-10.2593,1.941e-17,1.527e-17,6.936e-18,-0.0006,52.66,1
BottomS29172,15.0710,-10.2587,2.051e-19,2.128e-19,1.659e-19,0.0007,52.7,0
BottomS29173,14.9883,-10.2396,3.724e-17,2.807e-17,1.140e-17,-0.0006,52.43,1
BottomS29174,15.0653,-10.2488,2.983e-18,2.465e-18,1.180e-18,0.0006,52.77,0
BottomS29175,15.0594,-10.2449,7.217e-17,5.100e-17,1.813e-17,-0.0006,52.84,0
BottomS29178,15.0767,-10.2358,3.615e-19,6.091e-19,1.262e-18,-0.0003,53.0,0
BottomS29180,15.0885,-10.2269,1.406e-18,2.505e-18,5.884e-18,0.0004,53.01,0
BottomS29181,15.0852,-10.2198,2.570e-18,2.069e-18,9.718e-19,0.0003,53.15,0
BottomS29183,14.9702,-10.2800,4.095e-18,3.364e-18,1.654e-18,0.0001,51.93,0
BottomS29185,15.0847,-10.2160,2.493e-20,2.929e-20,2.886e-20,0.0005,53.21,0
BottomS29187,14.9614,-10.2910,4.096e-19,4.252e-19,3.153e-19,0.0001,51.84,0
BottomS29189,14.9590,-10.2962,1.062e-18,2.117e-18,6.574e-18,0.0003,51.77,0
BottomS29190,15.0929,-10.1896,6.039e-20,6.872e-20,6.531e-20,0.0007,53.44,0
BottomS29191,15.0968,-10.1866,1.185e-18,1.828e-18,3.212e-18,0.0005,53.41,0
BottomS29192,15.0903,-10.1848,8.282e-20,8.743e-20,7.249e-20,-0.0004,53.5,0
BottomS29193,15.0946,-10.1724,1.499e-17,1.180e-17,5.215e-18,-0.0008,53.59,1
BottomS29194,14.9645,-10.3020,3.663e-14,2.570e-14,9.196e-15,-0.0003,51.74,0
BottomS29196,14.9501,-10.3215,1.502e-17,1.114e-17,4.569e-18,0.0004,51.61,0
BottomS29197,15.0977,-10.1693,1.850e-18,1.648e-18,9.621e-19,0.0012,53.62,0
BottomS29198,14.9633,-10.3199,2.175e-18,1.968e-18,1.149e-18,0.0008,51.55,0
BottomS29199,15.0922,-10.1800,5.580e-18,4.602e-18,2.244e-18,-0.0001,53.63,0
BottomS29200,15.1005,-10.1712,4.678e-18,1.207e-17,6.292e-17,0.0003,53.64,0
BottomS29201,15.1002,-10.1537,6.748e-18,5.616e-18,2.765e-18,0.0009,53.72,0
BottomS29202,15.0963,-10.1604,1.840e-20,2.296e-20,2.608e-20,0.0006,53.72,0
BottomS29203,14.9525,-10.3427,1.211e-19,1.253e-19,9.750e-20,0.0002,51.42,0
BottomS29204,15.1020,-10.1568,1.509e-17,1.179e-17,5.057e-18,0.0002,53.73,1
BottomS29206,14.9500,-10.3521,2.977e-17,2.175e-17,8.444e-18,0.0002,51.38,0
BottomS29207,15.0913,-10.1577,2.882e-19,2.798e-19,1.951e-19,0.0008,53.78,0
BottomS29211,14.9527,-10.3647,2.173e-18,1.898e-18,1.094e-18,0.0005,51.37,0
BottomS29213,15.0913,-10.1403,1.277e-18,1.114e-18,6.266e-19,-0.0007,53.88,0
BottomS29214,15.0838,-10.1520,3.620e-17,2.668e-17,1.087e-17,0.0006,53.85,0
BottomS29216,15.0891,-10.1360,1.726e-19,1.734e-19,1.268e-19,-0.0004,53.88,0
BottomS29218,15.0856,-10.1324,3.347e-17,2.522e-17,1.009e-17,-0.0002,53.88,0
BottomS29220,15.0828,-10.1334,3.987e-19,3.837e-19,2.587e-19,-0.0002,53.83,0
BottomS29226,13.2393,-10.7233,2.866e-20,3.518e-20,3.975e-20,0.0001,54.36,0
BottomS29228,13.2484,-10.7383,5.331e-18,4.309e-18,2.045e-18,-0.0004,54.93,0
BottomS29229,13.2621,-10.7546,1.564e-19,1.621e-19,1.312e-19,0.0,54.48,0
BottomS29230,13.2277,-10.7379,1.106e-20,1.402e-20,1.733e-20,-0.0004,53.37,0
BottomS29232,13.1835,-10.6799,1.170e-19,1.288e-19,1.078e-19,0.0009,53.94,0
BottomS29241,13.1820,-10.7441,2.678e-18,2.203e-18,1.064e-18,0.0007,53.49,0
BottomS29245,13.2462,-10.7410,1.143e-18,1.019e-18,5.773e-19,-0.0003,55.14,0
BottomS29248,13.2410,-10.7451,3.173e-20,3.665e-20,3.581e-20,-0.0,53.2,0
BottomS29254,13.2229,-10.7743,3.318e-20,3.762e-20,3.615e-20,-0.0011,53.48,0
BottomS29255,13.2562,-10.7414,1.996e-18,1.711e-18,9.027e-19,-0.0004,54.82,0
BottomS29258,13.2445,-10.7421,1.031e-20,1.342e-20,1.679e-20,0.0001,55.34,0
BottomS29259,13.2474,-10.7352,4.213e-19,4.009e-19,2.676e-19,0.0003,54.69,0
BottomS29266,13.2458,-10.7423,1.073e-18,2.115e-18,6.306e-18,0.0003,55.07,0
BottomS29268,13.2435,-10.7144,2.263e-14,1.548e-14,5.236e-15,-0.0006,54.56,0
BottomS29269,13.2458,-10.7472,3.271e-20,4.007e-20,4.373e-20,-0.0011,54.04,0
BottomS29271,13.2714,-10.7278,1.588e-19,1.613e-19,1.231e-19,-0.0001,55.06,0
BottomS29273,13.2324,-10.7602,6.155e-20,7.129e-20,6.997e-20,0.0002,53.47,0
BottomS29274,13.2529,-10.7213,2.726e-19,2.677e-19,1.799e-19,0.0007,54.57,0
BottomS29277,13.2268,-10.7891,2.014e-19,2.083e-19,1.616e-19,0.0007,53.56,0
BottomS29279,13.3339,-10.7647,5.657e-20,6.506e-20,6.427e-20,0.0,54.75,0
BottomS29280,13.2841,-10.7814,1.749e-18,1.480e-18,7.368e-19,-0.0003,54.32,0
BottomS29281,13.2859,-10.7136,2.762e-14,1.931e-14,6.533e-15,-0.001,54.98,0
BottomS29284,13.2419,-10.7577,3.753e-19,3.610e-19,2.367e-19,0.0002,53.49,0
BottomS29292,13.2184,-10.7197,8.938e-19,1.648e-18,4.204e-18,0.0001,53.78,0
BottomS29295,13.2902,-10.7198,4.008e-19,3.774e-19,2.461e-19,-0.0001,54.92,0
BottomS29301,13.2455,-10.7539,3.845e-14,2.826e-14,1.080e-14,0.0001,53.79,0
BottomS29302,13.2335,-10.7184,1.797e-18,3.225e-18,7.777e-18,0.0,54.35,0
BottomS29303,13.1803,-10.6860,5.074e-19,4.772e-19,3.041e-19,-0.0003,53.89,0
BottomS29305,13.2579,-10.7833,5.762e-18,8.620e-18,1.445e-17,0.0004,54.02,0
BottomS29306,13.2404,-10.7316,1.249e-20,1.598e-20,1.916e-20,-0.0002,54.39,0
BottomS29307,13.2308,-10.7610,9.032e-19,1.745e-18,4.900e-18,-0.0007,53.33,0
BottomS29311,13.2514,-10.7439,9.774e-20,1.070e-19,9.086e-20,-0.0002,54.96,0
BottomS29313,13.2440,-10.7382,5.397e-14,4.421e-14,2.182e-14,-0.0001,54.37,1
BottomS29315,13.2448,-10.7486,1.325e-18,2.825e-18,9.261e-18,0.0004,53.86,0
BottomS29317,13.2433,-10.7436,1.441e-19,1.451e-19,1.088e-19,0.0005,53.06,0
BottomS29322,13.2437,-10.7429,1.699e-19,1.820e-19,1.512e-19,0.0004,53.09,0
BottomS29323,13.2421,-10.7409,1.066e-20,1.400e-20,1.745e-20,0.0001,53.8,0
BottomS29324,13.2444,-10.7336,1.364e-20,1.744e-20,2.089e-20,0.0001,54.47,0
BottomS29326,13.2430,-10.7325,5.707e-19,5.408e-19,3.535e-19,-0.0001,54.34,0
BottomS29327,13.2450,-10.7480,1.688e-19,1.711e-19,1.266e-19,0.0003,53.95,0
BottomS29328,13.2682,-10.7397,1.814e-20,2.353e-20,2.962e-20,0.0001,54.98,0
BottomS29335,13.2436,-10.7334,2.550e-15,1.678e-15,5.314e-16,-0.0,54.38,0
BottomS29341,13.2556,-10.7556,1.470e-20,1.848e-20,2.126e-20,0.0004,54.38,0
BottomS29343,13.2325,-10.7556,3.924e-14,3.134e-14,1.399e-14,-0.0011,53.25,1
BottomS29349,13.1780,-10.7514,1.721e-18,1.600e-18,9.884e-19,0.0001,53.41,0
BottomS29350,13.2437,-10.7415,7.904e-20,8.632e-20,7.354e-20,-0.0,55.38,0
BottomS29351,13.2211,-10.7548,1.442e-19,1.493e-19,1.189e-19,0.0003,53.22,0
BottomS29356,13.2844,-10.7648,2.006e-20,2.502e-20,2.828e-20,0.0,54.57,0
BottomS29363,13.2417,-10.7455,1.444e-18,2.819e-18,8.399e-18,-0.0008,53.42,0
BottomS29365,13.2484,-10.7317,1.318e-20,1.593e-20,1.734e-20,-0.0003,54.76,0
BottomS29368,13.2439,-10.7480,3.296e-14,2.422e-14,9.208e-15,-0.0001,53.71,0
BottomS29372,13.2522,-10.7412,1.049e-19,1.102e-19,8.636e-20,0.0004,54.87,0
BottomS29383,13.2067,-10.7131,2.448e-18,2.099e-18,1.108e-18,-0.0,53.78,0
BottomS29386,13.2164,-10.7082,1.203e-18,1.075e-18,6.336e-19,0.0001,54.0,0
BottomS29390,13.2497,-10.7369,6.059e-20,6.626e-20,5.897e-20,-0.0006,54.78,0
BottomS29393,13.2013,-10.6943,1.640e-18,1.361e-18,6.694e-19,0.0005,54.0,0
BottomS29395,13.2601,-10.7388,2.376e-19,2.367e-19,1.665e-19,0.0004,54.99,0
BottomS29396,13.2043,-10.7508,6.663e-19,1.015e-18,1.787e-18,0.0002,53.29,0
BottomS29400,13.2428,-10.7859,2.990e-19,2.988e-19,2.138e-19,0.0,53.86,0
BottomS29416,13.2423,-10.7295,3.885e-19,3.759e-19,2.585e-19,0.0,54.62,0
BottomS29427,13.2178,-10.7338,1.322e-18,2.132e-18,4.052e-18,0.0007,53.38,0
BottomS29428,13.2471,-10.7644,4.846e-19,7.953e-19,1.548e-18,-0.0005,53.74,0
BottomS29431,13.2481,-10.7544,2.353e-18,3.487e-18,5.788e-18,0.0003,54.05,0
BottomS29435,13.1555,-10.8350,6.271e-20,7.099e-20,6.734e-20,-0.0004,53.51,0
BottomS29440,13.2379,-10.7234,4.705e-20,5.693e-20,6.110e-20,-0.0,54.11,0
BottomS29443,13.2339,-10.6841,2.969e-19,2.793e-19,1.795e-19,-0.0006,54.28,0
BottomS29444,13.2464,-10.7476,6.521e-15,8.493e-15,1.072e-14,0.0002,54.04,0
BottomS29445,13.2107,-10.7021,6.025e-19,1.010e-18,2.205e-18,-0.0001,53.86,0
BottomS29446,13.2642,-10.7237,2.058e-18,1.691e-18,8.087e-19,0.0,55.05,0
BottomS29448,13.2091,-10.7188,1.117e-14,8.223e-15,3.264e-15,0.0007,53.52,0
BottomS29450,13.2466,-10.7445,1.367e-20,1.627e-20,1.695e-20,-0.0003,54.34,0
BottomS29452,13.2436,-10.7428,1.011e-19,1.026e-19,7.719e-20,-0.0003,53.51,0
BottomS29463,13.2405,-10.7327,3.782e-19,3.693e-19,2.502e-19,0.0001,54.1,0
BottomS29468,13.1904,-10.7528,4.703e-19,8.719e-19,2.204e-18,-0.0,53.37,0
BottomS29471,13.2476,-10.7392,3.921e-20,4.695e-20,4.822e-20,0.0005,54.86,0
BottomS29479,13.2543,-10.7540,9.004e-20,1.001e-19,8.895e-20,0.0005,54.34,0
BottomS29480,13.2625,-10.7499,3.807e-20,4.131e-20,3.482e-20,-0.0009,54.64,0
BottomS29483,13.2713,-10.7464,2.634e-19,2.653e-19,1.924e-19,-0.0004,54.97,0
BottomS29485,13.3062,-10.7227,4.193e-19,3.996e-19,2.553e-19,0.0004,54.83,0
BottomS29486,13.2319,-10.7617,4.422e-15,6.876e-15,1.244e-14,0.0004,53.37,0
BottomS29488,13.2578,-10.7537,8.101e-19,7.281e-19,4.123e-19,-0.0002,54.38,0
BottomS29490,13.2362,-10.7296,2.608e-20,3.130e-20,3.218e-20,-0.0002,54.02,0
BottomS29493,13.2405,-10.7435,4.675e-20,5.353e-20,5.246e-20,0.0007,53.35,0
BottomS29496,13.2519,-10.7450,5.825e-20,6.628e-20,6.304e-20,-0.0006,54.65,0
BottomS29498,13.2431,-10.7464,1.447e-20,1.882e-20,2.327e-20,-0.0003,53.8,0
BottomS29503,13.2445,-10.7428,3.040e-20,3.728e-20,3.952e-20,-0.0005,54.94,0
BottomS29507,13.2664,-10.7617,9.985e-20,1.101e-19,9.453e-20,0.0008,54.37,0
BottomS29510,13.2179,-10.7126,4.585e-20,5.280e-20,4.977e-20,-0.0,53.94,0
BottomS29513,13.2402,-10.7432,2.421e-19,2.556e-19,2.007e-19,-0.0004,53.45,0
BottomS29519,13.2437,-10.7417,4.111e-19,3.820e-19,2.267e-19,-0.0005,52.52,0
BottomS29523,13.1796,-10.7452,1.685e-18,2.473e-18,3.988e-18,-0.0006,53.43,0
BottomS29528,13.2062,-10.7401,1.926e-18,3.288e-18,7.081e-18,0.0006,53.42,0
BottomS29532,13.2309,-10.7541,4.889e-19,8.468e-19,1.886e-18,0.0002,53.21,0
BottomS29533,13.1626,-10.7509,1.985e-20,2.380e-20,2.517e-20,-0.0002,53.56,0
BottomS29535,13.2024,-10.7173,2.626e-20,3.145e-20,3.165e-20,0.0011,53.79,0
BottomS29547,13.2625,-10.7580,2.624e-20,3.147e-20,3.260e-20,-0.0001,54.48,0
BottomS29551,13.2488,-10.7380,1.297e-17,3.715e-17,2.463e-16,0.0003,54.9,0
BottomS29554,13.3089,-10.7296,3.268e-19,5.036e-19,9.277e-19,-0.0002,54.78,0
BottomS29555,13.2439,-10.7588,4.952e-20,5.526e-20,4.962e-20,-0.0001,53.74,0
BottomS29562,13.2520,-10.7472,3.639e-20,4.241e-20,4.273e-20,0.0003,54.64,0
BottomS29563,13.2438,-10.7412,1.764e-20,2.294e-20,2.831e-20,0.0001,54.21,0
BottomS29564,13.2599,-10.7712,4.660e-20,5.265e-20,4.983e-20,-0.0005,54.2,0
BottomS29569,13.2922,-10.7348,2.904e-14,1.992e-14,7.152e-15,0.0003,54.92,0
BottomS29571,13.2425,-10.7038,7.086e-20,7.745e-20,6.856e-20,0.001,54.36,0
BottomS29574,13.1533,-10.7494,2.619e-20,3.240e-20,3.576e-20,-0.0,53.5,0
BottomS29575,13.2747,-10.7057,1.025e-18,1.912e-18,4.897e-18,-0.0004,54.89,0
BottomS29578,13.2448,-10.7165,4.151e-19,3.850e-19,2.459e-19,0.0004,54.41,0
BottomS29579,13.2530,-10.7389,6.005e-20,6.689e-20,6.140e-20,0.0005,55.02,0
BottomS29583,13.2324,-10.7516,3.261e-20,3.854e-20,3.989e-20,0.0005,53.27,0
BottomS29584,13.2443,-10.7437,4.047e-19,6.601e-19,1.300e-18,0.0007,53.88,0
BottomS29587,13.2444,-10.7461,3.204e-18,2.657e-18,1.292e-18,0.0002,53.76,0
BottomS29589,13.2440,-10.7417,3.846e-19,3.759e-19,2.697e-19,-0.0005,54.12,0
BottomS29592,13.2403,-10.7552,1.642e-14,1.122e-14,3.786e-15,0.0005,53.59,0
BottomS29593,13.2409,-10.7367,1.173e-20,1.506e-20,1.792e-20,0.0006,54.06,0
BottomS29597,13.1687,-10.7579,1.912e-18,1.571e-18,7.891e-19,0.0001,53.36,0
BottomS29601,13.2479,-10.7416,3.163e-20,3.752e-20,3.765e-20,0.0001,54.6,0
BottomS29611,13.2961,-10.7406,1.968e-20,2.422e-20,2.629e-20,-0.0,54.92,0
BottomS29612,13.2510,-10.7606,1.154e-18,9.967e-19,5.402e-19,-0.0001,54.05,0
BottomS29619,13.2465,-10.7397,3.396e-19,3.303e-19,2.272e-19,-0.0008,54.64,0
BottomS29620,13.2414,-10.7288,4.626e-14,3.185e-14,1.110e-14,0.0003,54.31,0
BottomS29621,13.2423,-10.7582,1.406e-19,1.517e-19,1.245e-19,-0.0001,53.62,0
BottomS29622,13.2513,-10.7488,3.621e-19,5.582e-19,9.517e-19,0.0007,54.86,0
BottomS29624,13.2391,-10.7298,2.636e-19,2.626e-19,1.893e-19,0.0007,54.14,0
BottomS29625,13.2465,-10.7326,7.103e-14,5.584e-14,2.508e-14,0.0003,54.77,1
BottomS29628,13.2271,-10.7498,1.080e-20,1.401e-20,1.665e-20,0.0005,53.29,0
BottomS29629,13.2507,-10.7339,7.821e-19,7.138e-19,4.292e-19,-0.0005,54.95,0
BottomS29630,13.2372,-10.7429,7.202e-20,8.008e-20,7.152e-20,-0.0005,53.54,0
BottomS29633,13.2307,-10.7347,1.693e-18,2.708e-18,5.006e-18,-0.0002,53.54,0
BottomS29636,13.2479,-10.7479,3.644e-14,2.575e-14,9.137e-15,0.0005,54.28,0
BottomS29639,13.2399,-10.7418,4.134e-20,4.958e-20,5.152e-20,-0.0007,53.47,0
BottomS29641,13.2355,-10.7397,1.470e-18,3.170e-18,1.140e-17,0.0004,53.63,0
BottomS29642,13.2296,-10.7650,1.327e-18,1.196e-18,6.871e-19,0.0004,53.34,0
BottomS29643,13.2157,-10.7389,2.593e-19,2.539e-19,1.724e-19,0.0005,53.31,0
BottomS29644,13.2248,-10.7373,6.127e-14,4.976e-14,2.357e-14,0.0006,53.26,1
BottomS29646,13.2400,-10.7442,5.483e-19,5.114e-19,3.298e-19,0.0005,53.49,0
BottomS29647,13.2309,-10.7504,3.930e-19,3.725e-19,2.398e-19,0.0005,53.22,0
BottomS29652,13.2373,-10.7329,1.931e-18,1.599e-18,7.893e-19,0.0009,54.06,0
BottomS29654,13.2331,-10.7389,1.058e-17,8.405e-18,3.753e-18,0.0001,53.5,1
BottomS29655,13.2306,-10.7391,1.132e-20,1.421e-20,1.599e-20,0.0006,53.33,0
BottomS29657,13.2515,-10.7463,2.857e-19,2.816e-19,1.952e-19,-0.0001,54.48,0
BottomS29658,13.2273,-10.7481,1.455e-18,3.053e-18,1.030e-17,-0.0007,53.19,0
BottomS29664,13.2322,-10.7270,1.402e-19,1.397e-19,1.003e-19,0.0006,53.81,0
BottomS29666,13.2619,-10.7503,2.637e-18,2.193e-18,1.111e-18,0.0002,55.12,0
BottomS29669,13.2412,-10.7603,1.704e-20,2.099e-20,2.405e-20,0.0005,53.47,0
BottomS29670,13.2390,-10.7427,1.074e-19,1.156e-19,9.780e-20,-0.0005,53.62,0
BottomS29671,13.2653,-10.7449,1.870e-19,1.926e-19,1.479e-19,0.0,55.15,0
BottomS29673,13.2484,-10.7440,4.950e-15,3.275e-15,1.040e-15,-0.0002,54.74,0
BottomS29674,13.2351,-10.7425,1.856e-17,1.398e-17,5.597e-18,0.0003,53.35,0
BottomS29676,13.2303,-10.7561,6.797e-19,6.317e-19,3.774e-19,0.0002,53.34,0
BottomS29679,13.2612,-10.7505,1.180e-19,1.236e-19,9.652e-20,0.0009,54.74,0
BottomS29682,13.2356,-10.7447,2.594e-19,2.597e-19,1.927e-19,-0.0002,53.47,0
BottomS29683,13.2428,-10.7435,3.472e-18,2.919e-18,1.446e-18,-0.0,53.95,0
BottomS29686,13.2544,-10.7239,1.435e-18,1.261e-18,7.132e-19,-0.0003,54.89,0
BottomS29687,13.2349,-10.7459,4.190e-19,4.161e-19,2.919e-19,-0.0005,53.3,0
BottomS29690,13.2395,-10.7455,2.498e-19,2.552e-19,1.919e-19,-0.0004,53.46,0
BottomS29692,13.2583,-10.7257,7.910e-20,8.806e-20,7.686e-20,-0.0002,54.83,0
BottomS29695,13.2844,-10.7430,1.916e-18,1.601e-18,8.109e-19,-0.0002,55.05,0
BottomS29698,13.2628,-10.7529,4.067e-14,3.401e-14,1.647e-14,0.0005,54.6,1
BottomS29700,13.2437,-10.7499,4.761e-19,4.374e-19,2.671e-19,-0.0002,53.8,0
BottomS29701,13.2519,-10.7378,1.717e-20,2.152e-20,2.491e-20,-0.0002,54.96,0
BottomS29702,13.2590,-10.7300,1.058e-18,9.618e-19,5.719e-19,-0.0002,54.95,0
BottomS29704,13.2427,-10.7552,9.335e-20,1.055e-19,9.425e-20,0.0007,53.72,0
BottomS29706,13.2370,-10.7430,1.219e-18,1.088e-18,6.164e-19,0.0001,53.28,0
BottomS29707,13.2563,-10.7233,3.232e-18,2.713e-18,1.378e-18,0.0002,54.99,0
BottomS29708,13.2469,-10.7382,4.432e-20,5.343e-20,5.604e-20,-0.0009,54.99,0
BottomS29712,13.2172,-10.7327,2.000e-20,2.491e-20,2.772e-20,-0.0003,53.28,0
BottomS29723,13.2222,-10.7334,4.985e-19,4.757e-19,3.164e-19,0.0008,53.5,0
BottomS29724,13.2567,-10.7451,4.793e-14,3.478e-14,1.284e-14,0.0002,54.8,0
BottomS29725,13.2281,-10.7572,1.060e-18,9.635e-19,5.549e-19,-0.0006,53.28,0
BottomS29727,13.2617,-10.7297,2.579e-19,2.570e-19,1.860e-19,-0.001,55.08,0
BottomS29729,13.2395,-10.7234,9.343e-19,8.934e-19,5.815e-19,-0.0003,54.51,0
BottomS29730,13.2640,-10.7512,7.021e-19,6.527e-19,4.123e-19,-0.0003,54.85,0
BottomS29734,13.2521,-10.7444,6.526e-20,7.629e-20,7.404e-20,0.0004,54.66,0
BottomS29735,13.2570,-10.7506,1.838e-20,2.157e-20,2.233e-20,0.0005,54.74,0
BottomS29736,13.2337,-10.7294,1.272e-20,1.736e-20,2.350e-20,0.001,53.93,0
BottomS29741,13.2584,-10.7308,1.117e-18,1.025e-18,6.256e-19,0.0005,54.99,0
BottomS29742,13.2425,-10.7283,4.433e-20,5.019e-20,4.810e-20,-0.0003,54.37,0
BottomS29745,13.2428,-10.7290,6.004e-19,1.005e-18,2.170e-18,0.0005,54.35,0
BottomS29746,13.2369,-10.7417,2.572e-18,5.177e-18,1.593e-17,-0.0003,53.29,0
BottomS29747,13.2482,-10.7329,1.721e-18,1.444e-18,7.547e-19,0.0004,54.87,0
BottomS29750,13.2432,-10.7410,1.417e-18,2.523e-18,6.155e-18,0.0005,53.99,0
BottomS29752,13.2199,-10.7273,4.381e-19,4.249e-19,2.871e-19,0.0,53.56,0
BottomS29757,13.2566,-10.7532,4.202e-19,3.992e-19,2.622e-19,-0.0002,54.54,0
BottomS29759,13.2436,-10.7212,2.065e-19,2.195e-19,1.863e-19,0.0003,54.4,0
BottomS29765,13.2594,-10.7396,4.591e-18,3.648e-18,1.683e-18,-0.0001,55.05,0
BottomS29766,13.2509,-10.7454,1.780e-14,1.210e-14,4.065e-15,-0.0003,54.6,0
BottomS29767,13.2292,-10.7341,8.411e-20,8.570e-20,6.546e-20,0.0001,53.55,0
BottomS29768,13.2418,-10.7405,1.296e-18,2.451e-18,6.377e-18,0.0008,54.1,0
BottomS29769,13.2380,-10.7322,7.446e-15,9.633e-15,1.205e-14,-0.0,54.08,0
BottomS29770,13.2503,-10.7479,1.267e-18,1.113e-18,6.169e-19,-0.0008,54.53,0
BottomS29771,13.2497,-10.7620,1.152e-20,1.544e-20,2.086e-20,0.0001,53.96,0
BottomS29772,13.2303,-10.7478,2.194e-18,2.969e-18,4.105e-18,0.0001,53.25,0
BottomS29777,13.2260,-10.7476,4.967e-19,4.627e-19,2.969e-19,-0.0002,53.18,0
BottomS29779,13.2448,-10.7254,4.938e-20,6.155e-20,7.038e-20,-0.0002,54.67,0
BottomS29780,13.2513,-10.7436,1.519e-18,2.501e-18,5.089e-18,0.0003,54.83,0
BottomS29782,13.2630,-10.7406,3.020e-18,2.472e-18,1.188e-18,0.0002,55.07,0
BottomS29783,13.2537,-10.7508,2.186e-19,2.280e-19,1.829e-19,-0.0006,54.68,0
BottomS29784,13.2355,-10.7480,4.091e-14,2.893e-14,1.048e-14,-0.0007,53.31,0
BottomS29785,13.2455,-10.7305,2.516e-19,2.538e-19,1.810e-19,0.0007,54.76,0
BottomS29787,13.2473,-10.7430,3.472e-18,2.862e-18,1.394e-18,0.0006,54.74,0
BottomS29789,13.2121,-10.7458,1.149e-18,1.911e-18,3.827e-18,-0.0005,53.26,0
BottomS29790,13.2473,-10.7400,2.940e-20,3.802e-20,4.552e-20,-0.0001,54.72,0
BottomS29792,13.2412,-10.7425,2.762e-14,1.911e-14,6.536e-15,0.0004,53.9,0
BottomS29794,13.2325,-10.7549,4.404e-19,4.255e-19,2.861e-19,0.0002,53.51,0
BottomS29795,13.2467,-10.7569,1.700e-18,1.543e-18,9.497e-19,0.0002,53.84,0
BottomS29797,13.2344,-10.7277,8.342e-19,7.669e-19,4.618e-19,-0.0006,54.0,0
BottomS29800,13.2653,-10.7273,3.267e-17,2.366e-17,8.642e-18,0.0001,55.05,0
BottomS29801,13.2553,-10.7178,1.663e-18,2.538e-18,4.529e-18,0.0008,54.81,0
BottomS29803,13.2503,-10.7435,7.231e-20,7.664e-20,6.303e-20,-0.0,54.6,0
BottomS29804,13.2299,-10.7323,1.483e-20,1.828e-20,2.108e-20,-0.0007,53.84,0
BottomS29809,13.2398,-10.7267,2.394e-19,2.380e-19,1.671e-19,0.0005,54.39,0
BottomS29811,13.2402,-10.7428,1.394e-19,1.467e-19,1.141e-19,-0.0001,53.97,0
BottomS29813,13.2630,-10.7516,3.672e-19,8.373e-19,3.388e-18,0.0004,54.86,0
BottomS29815,13.2327,-10.7371,1.332e-18,2.409e-18,5.662e-18,0.0004,53.58,0
BottomS29816,13.2537,-10.7487,3.377e-20,3.836e-20,3.463e-20,-0.0002,54.45,0
BottomS29817,13.2503,-10.7491,5.953e-19,5.764e-19,3.994e-19,0.0003,54.28,0
BottomS29818,13.2541,-10.7561,3.514e-20,4.285e-20,4.433e-20,0.0005,54.32,0
BottomS29819,13.2329,-10.7344,1.357e-18,2.060e-18,3.569e-18,-0.0008,53.78,0
BottomS29822,13.2585,-10.7544,5.340e-19,5.179e-19,3.455e-19,-0.0,54.39,0
BottomS29824,13.2386,-10.7294,4.535e-19,4.390e-19,2.979e-19,-0.0001,54.25,0
BottomS29825,13.2573,-10.7532,5.880e-14,4.674e-14,2.101e-14,-0.0002,54.3,1
BottomS29828,13.2355,-10.7355,7.915e-19,7.098e-19,4.003e-19,0.0005,53.84,0
BottomS29831,13.2290,-10.7365,2.814e-14,2.241e-14,1.022e-14,-0.0004,53.44,1
BottomS29832,13.2272,-10.7265,2.080e-18,1.829e-18,9.795e-19,-0.0004,54.0,0
BottomS29834,13.2199,-10.7294,4.484e-14,3.204e-14,1.179e-14,0.0004,53.66,0
BottomS29836,13.2273,-10.7295,2.760e-18,2.367e-18,1.292e-18,-0.0001,53.68,0
BottomS29837,13.2498,-10.7545,2.063e-18,4.464e-18,1.600e-17,-0.0001,54.0,0
BottomS29840,13.2677,-10.7642,2.554e-19,2.551e-19,1.851e-19,0.0002,54.49,0
BottomS29843,13.2578,-10.7612,5.869e-20,6.552e-20,6.048e-20,-0.0001,54.29,0
BottomS29844,13.2212,-10.7265,4.507e-18,3.762e-18,1.906e-18,0.0008,53.62,0
BottomS29845,13.2323,-10.7290,6.135e-19,5.663e-19,3.405e-19,0.0003,53.88,0
BottomS29846,13.2576,-10.7498,1.021e-19,1.035e-19,7.904e-20,-0.0012,54.59,0
BottomS29847,13.2565,-10.7549,1.827e-19,1.806e-19,1.284e-19,-0.0001,54.27,0
BottomS29848,13.2647,-10.7583,1.255e-18,2.034e-18,4.133e-18,0.0005,54.47,0
BottomS29849,13.2312,-10.7310,1.205e-18,1.094e-18,6.529e-19,-0.0003,53.67,0
BottomS29850,13.2618,-10.7599,1.096e-18,9.653e-19,5.368e-19,-0.0002,54.36,0
BottomS29853,13.2279,-10.7265,3.269e-18,2.801e-18,1.462e-18,0.0005,53.87,0
BottomS29854,13.2196,-10.7315,3.837e-17,2.724e-17,1.026e-17,0.0003,53.5,0
BottomS29856,13.2576,-10.7496,7.595e-19,1.554e-18,4.876e-18,0.0004,54.68,0
BottomS29857,13.2611,-10.7512,5.534e-20,6.282e-20,5.735e-20,0.0012,54.44,0
BottomS29860,13.2208,-10.7297,4.217e-18,3.665e-18,1.938e-18,-0.0001,53.67,0
BottomS29861,13.2537,-10.7533,4.881e-19,4.657e-19,3.058e-19,-0.0003,54.23,0
BottomS29862,13.2654,-10.7524,1.857e-19,1.911e-19,1.446e-19,0.0003,54.65,0
BottomS29863,13.2615,-10.7536,3.339e-18,2.879e-18,1.522e-18,0.0002,54.73,0
BottomS29867,13.2328,-10.7397,1.469e-14,9.849e-15,3.230e-15,-0.0003,53.42,0
BottomS29869,13.2708,-10.7526,2.894e-19,4.712e-19,9.307e-19,0.0006,54.76,0
BottomS29871,13.2215,-10.7252,2.021e-20,2.464e-20,2.648e-20,-0.0002,53.68,0
BottomS29873,13.2227,-10.7346,4.010e-18,3.262e-18,1.614e-18,-0.0008,53.51,0
BottomS29876,13.2570,-10.7621,1.079e-18,1.664e-18,2.892e-18,0.0008,54.21,0
BottomS29877,13.2718,-10.7584,1.255e-18,1.126e-18,6.444e-19,0.0005,54.61,0
BottomS29878,13.2676,-10.7559,5.721e-19,5.501e-19,3.568e-19,0.0003,54.59,0
BottomS29879,13.2235,-10.7243,4.102e-18,3.392e-18,1.705e-18,0.0003,53.79,0
BottomS29880,13.2203,-10.7299,1.133e-20,1.499e-20,2.009e-20,-0.0002,53.71,0
BottomS29881,13.2244,-10.7262,3.584e-18,3.057e-18,1.625e-18,-0.0007,53.74,0
BottomS29882,13.2204,-10.7230,1.327e-17,1.014e-17,4.365e-18,0.0009,53.85,1
BottomS29885,13.2226,-10.7317,1.078e-17,8.059e-18,3.281e-18,-0.0006,53.56,0
BottomS29886,13.2651,-10.7551,1.817e-19,1.879e-19,1.428e-19,0.0007,54.5,0
BottomS29889,13.2192,-10.7242,8.481e-15,5.622e-15,1.815e-15,-0.0002,53.75,0
BottomS29890,13.2725,-10.7545,8.044e-16,3.103e-15,3.819e-14,0.0008,54.59,0
BottomS29891,13.2224,-10.7274,4.071e-19,7.017e-19,1.576e-18,0.0001,53.69,0
BottomS29893,13.2638,-10.7626,4.828e-18,1.009e-17,3.360e-17,0.0002,54.42,0
BottomS29896,13.2650,-10.7538,6.822e-20,7.792e-20,7.722e-20,-0.0001,54.61,0
BottomS29897,13.2672,-10.7672,2.537e-18,2.176e-18,1.138e-18,0.0004,54.17,0
BottomS29898,13.2673,-10.7555,1.211e-18,1.731e-18,2.542e-18,-0.0007,54.61,0
BottomS29899,13.2660,-10.7660,2.007e-19,3.648e-19,9.076e-19,-0.0009,54.21,0
BottomS29900,13.2712,-10.7658,1.261e-20,1.625e-20,2.014e-20,0.0011,54.38,0
BottomS29903,13.2740,-10.7622,5.597e-19,5.237e-19,3.310e-19,-0.0001,54.56,0
BottomS29904,13.2592,-10.7594,2.724e-20,3.420e-20,4.012e-20,0.001,54.27,0
BottomS29905,13.2189,-10.7274,6.669e-19,6.081e-19,3.646e-19,-0.0003,53.73,0
BottomS29907,13.2648,-10.7584,2.842e-19,2.828e-19,1.979e-19,0.0001,54.46,0
BottomS29908,13.2681,-10.7638,5.446e-20,6.100e-20,5.485e-20,-0.0003,54.47,0
BottomS29909,13.2249,-10.7348,1.414e-18,1.927e-18,2.663e-18,0.0001,53.51,0
BottomS29911,13.2141,-10.7210,3.076e-20,3.770e-20,4.107e-20,-0.0001,53.74,0
BottomS29912,13.2637,-10.7657,6.823e-18,5.322e-18,2.450e-18,0.0005,54.28,1
BottomS29914,13.2687,-10.7663,1.769e-18,1.552e-18,8.641e-19,-0.0002,54.34,0
BottomS29915,13.2751,-10.7704,6.216e-14,5.231e-14,2.758e-14,0.0003,54.46,1
BottomS29917,13.2722,-10.7655,1.254e-18,2.316e-18,5.879e-18,-0.0002,54.48,0
BottomS29918,13.2254,-10.7305,2.884e-20,3.350e-20,3.399e-20,-0.0,53.68,0
BottomS29919,13.2220,-10.7224,1.519e-20,1.826e-20,1.924e-20,-0.0001,53.7,0
BottomS29920,13.2148,-10.7139,1.651e-18,1.397e-18,7.139e-19,-0.0004,53.93,0
BottomS29921,13.2643,-10.7594,1.057e-18,9.522e-19,5.613e-19,0.0011,54.41,0
BottomS29922,13.2735,-10.7646,7.708e-18,6.211e-18,2.990e-18,-0.0003,54.49,0
BottomS29927,13.2645,-10.7569,3.125e-18,6.379e-18,2.033e-17,-0.0001,54.47,0
BottomS29933,13.2662,-10.7583,2.881e-19,2.998e-19,2.419e-19,0.0004,54.49,0
BottomS29934,13.2869,-10.7706,2.591e-14,1.776e-14,5.917e-15,-0.001,54.59,0
BottomS29937,13.2780,-10.7699,5.817e-19,9.285e-19,1.747e-18,0.0003,54.34,0
BottomS29938,13.2834,-10.7626,2.928e-20,3.346e-20,3.111e-20,0.0003,54.6,0
BottomS29945,13.2165,-10.7242,1.599e-18,1.381e-18,7.349e-19,0.0008,53.82,0
BottomS29947,13.2821,-10.7676,1.512e-17,1.117e-17,4.525e-18,-0.0007,54.42,0
BottomS29949,13.2732,-10.7670,2.441e-19,2.384e-19,1.634e-19,0.0003,54.55,0
BottomS29950,13.2161,-10.7184,1.322e-17,1.009e-17,4.268e-18,-0.0002,53.74,1
BottomS29952,13.2762,-10.7600,1.771e-18,1.534e-18,8.552e-19,0.0003,54.68,0
BottomS29954,13.2814,-10.7664,1.305e-20,1.694e-20,2.012e-20,-0.0003,54.38,0
BottomS29955,13.2709,-10.7630,2.640e-19,2.584e-19,1.810e-19,-0.0008,54.35,0
BottomS29957,13.2082,-10.7139,1.375e-19,1.402e-19,1.072e-19,0.001,53.85,0
BottomS29960,13.2095,-10.7209,1.078e-17,8.107e-18,3.195e-18,-0.0003,53.69,0
BottomS29962,13.2030,-10.7247,1.131e-18,1.041e-18,6.252e-19,-0.0001,53.69,0
BottomS29963,13.2729,-10.7711,1.364e-18,2.726e-18,8.074e-18,0.0001,54.41,0
BottomS29964,13.2169,-10.7152,5.236e-14,4.094e-14,1.770e-14,-0.0003,53.94,1
BottomS29966,13.2002,-10.7059,2.161e-18,3.819e-18,9.032e-18,-0.0001,53.8,0
BottomS29968,13.2826,-10.7612,1.710e-19,1.812e-19,1.412e-19,0.0005,54.56,0
BottomS29972,13.2056,-10.7010,2.380e-19,2.285e-19,1.543e-19,-0.0003,53.88,0
BottomS29973,13.2094,-10.7149,3.974e-19,3.960e-19,2.873e-19,-0.0002,53.88,0
BottomS29974,13.2095,-10.7173,8.182e-20,9.187e-20,8.500e-20,-0.0002,53.75,0
BottomS29975,13.2078,-10.7080,7.709e-18,2.287e-17,1.530e-16,0.0003,53.93,0
BottomS29976,13.2059,-10.7117,1.998e-18,1.767e-18,9.709e-19,-0.0002,53.82,0
BottomS29978,13.2051,-10.7109,1.255e-18,2.178e-18,4.881e-18,-0.0003,53.86,0
BottomS29980,13.1967,-10.7046,2.239e-20,2.700e-20,2.955e-20,-0.0003,53.74,0
BottomS29982,13.2105,-10.7181,4.211e-20,4.970e-20,4.900e-20,0.0,53.82,0
BottomS29984,13.2720,-10.7768,6.224e-19,1.176e-18,3.179e-18,0.0005,54.22,0
BottomS29985,13.2053,-10.7120,3.164e-20,3.914e-20,4.501e-20,0.0002,53.83,0
BottomS29988,13.2875,-10.7800,1.094e-18,2.032e-18,5.071e-18,-0.0008,54.41,0
BottomS29989,13.2875,-10.7728,1.016e-19,1.099e-19,9.261e-20,-0.0002,54.42,0
BottomS29990,13.2825,-10.7709,2.416e-18,3.930e-18,7.514e-18,0.0005,54.4,0
BottomS29992,13.2902,-10.7745,7.879e-19,7.104e-19,4.120e-19,0.0005,54.49,0
BottomS29993,13.2956,-10.7786,4.195e-19,4.191e-19,2.995e-19,0.0005,54.57,0
BottomS29997,13.2791,-10.7782,1.368e-20,1.805e-20,2.344e-20,-0.0003,54.37,0
BottomS29998,13.1953,-10.7078,1.217e-18,1.100e-18,6.352e-19,-0.0011,53.89,0
BottomS29999,13.2027,-10.7063,8.107e-19,7.248e-19,4.192e-19,0.0004,53.94,0
BottomS30000,13.2078,-10.7151,2.389e-18,2.023e-18,1.040e-18,-0.0004,53.65,0
BottomS30003,13.2889,-10.7850,2.070e-19,2.064e-19,1.483e-19,-0.0004,54.35,0
BottomS30004,13.1919,-10.7073,1.775e-18,1.546e-18,8.703e-19,-0.0,53.72,0
BottomS30008,13.2063,-10.7048,7.696e-18,6.124e-18,2.708e-18,0.0005,53.99,1
BottomS30009,13.2440,-10.7420,2.197e-19,2.260e-19,1.719e-19,-0.0005,56.29,0
BottomS30010,13.2438,-10.7421,2.197e-17,1.617e-17,6.545e-18,-0.0003,51.01,0
BottomS30011,13.2440,-10.7423,7.649e-15,5.230e-15,1.733e-15,-0.0007,52.87,0
BottomS30012,13.2440,-10.7422,3.481e-17,2.455e-17,9.021e-18,-0.0002,56.01,0
BottomS30013,13.2439,-10.7421,1.126e-16,8.026e-17,2.867e-17,0.0003,54.46,0
BottomS30014,13.2437,-10.7422,9.664e-18,7.702e-18,3.560e-18,0.0001,51.39,0
BottomS30015,13.2441,-10.7422,3.188e-17,2.324e-17,9.198e-18,-0.0001,57.67,0
BottomS30016,13.2042,-10.7065,3.901e-18,3.191e-18,1.578e-18,0.0008,53.91,0
BottomS30017,13.2035,-10.7052,7.188e-18,5.872e-18,2.755e-18,-0.0006,53.85,0
BottomS30018,13.2047,-10.7073,1.593e-17,1.156e-17,4.409e-18,0.0013,53.79,0
BottomS30019,13.2885,-10.7790,2.034e-17,1.486e-17,5.830e-18,0.0001,54.43,0
BottomS30020,13.2869,-10.7779,3.858e-17,2.816e-17,1.061e-17,-0.0003,54.47,0
BottomS30021,13.2898,-10.7781,3.816e-16,2.520e-16,8.097e-17,0.0003,54.46,0
BottomS30022,13.1944,-10.7044,8.399e-18,6.676e-18,3.018e-18,-0.0002,53.88,1
BottomS30023,13.2925,-10.7773,1.493e-18,1.426e-18,9.119e-19,-0.0006,54.54,0
BottomS30024,13.1939,-10.7070,1.730e-17,1.310e-17,5.351e-18,-0.0005,53.81,1
BottomS30025,13.1964,-10.7101,5.644e-17,3.941e-17,1.440e-17,-0.0006,53.85,0
BottomS30026,13.2936,-10.7757,5.664e-18,4.432e-18,1.999e-18,-0.0004,54.48,0
BottomS30027,13.1906,-10.7081,5.215e-17,3.817e-17,1.488e-17,-0.0002,53.78,0
BottomS30028,13.2971,-10.7759,1.406e-16,9.689e-17,3.493e-17,0.0007,54.56,0
BottomS30029,13.1940,-10.7114,9.749e-15,1.269e-14,1.542e-14,0.0008,53.72,0
BottomS30031,13.2967,-10.7715,7.627e-17,5.563e-17,2.172e-17,0.0003,54.51,0
BottomS30032,13.1892,-10.7131,2.202e-18,1.893e-18,1.029e-18,0.0001,53.73,0
BottomS30033,13.3018,-10.7715,2.995e-14,3.058e-14,2.275e-14,-0.0002,54.62,1
BottomS30034,13.1891,-10.7163,5.980e-14,4.737e-14,2.181e-14,-0.0,53.63,1
BottomS30035,13.1836,-10.7144,1.708e-17,1.349e-17,6.118e-18,-0.0002,53.62,1
BottomS30036,13.1851,-10.7148,1.355e-16,9.385e-17,3.206e-17,0.0006,53.76,0
BottomS30037,13.3033,-10.7681,1.133e-19,1.168e-19,8.920e-20,0.0002,54.48,0
BottomS30038,13.1828,-10.7156,6.505e-17,4.791e-17,1.875e-17,0.0002,53.76,0
BottomS30039,13.1795,-10.7149,1.194e-16,8.320e-17,2.979e-17,-0.0001,53.65,0
BottomS30040,13.3073,-10.7654,2.276e-17,1.665e-17,6.768e-18,0.0006,54.77,0
BottomS30041,13.3089,-10.7671,4.404e-19,7.058e-19,1.369e-18,-0.0007,54.69,0
BottomS30042,13.3098,-10.7626,2.843e-20,3.359e-20,3.559e-20,0.0004,54.67,0
BottomS30043,13.3091,-10.7647,3.253e-17,2.342e-17,8.797e-18,-0.0005,54.64,0
BottomS30044,13.1767,-10.7228,1.526e-17,1.172e-17,4.927e-18,-0.0003,53.63,1
BottomS30045,13.3110,-10.7633,4.384e-16,3.026e-16,1.035e-16,-0.0004,54.7,0
BottomS30046,13.3090,-10.7593,1.959e-17,5.361e-17,3.266e-16,-0.0001,54.62,0
BottomS30047,13.3095,-10.7594,5.546e-18,4.656e-18,2.296e-18,-0.0003,54.63,0
BottomS30048,13.3136,-10.7606,1.630e-17,1.204e-17,4.933e-18,0.0007,54.59,0
BottomS30049,13.3142,-10.7577,4.047e-17,1.249e-16,9.517e-16,0.0001,54.66,0
BottomS30050,13.3143,-10.7579,2.193e-16,1.543e-16,5.599e-17,0.0005,54.74,0
BottomS30051,13.3164,-10.7568,5.444e-19,5.302e-19,3.686e-19,-0.0002,54.64,0
BottomS30052,13.3135,-10.7532,3.271e-17,2.478e-17,1.001e-17,-0.0004,54.77,0
BottomS30053,13.1748,-10.7306,3.350e-17,2.493e-17,9.922e-18,-0.0,53.54,0
BottomS30054,13.1705,-10.7330,2.663e-14,1.882e-14,6.729e-15,0.0005,53.55,0
BottomS30056,13.1669,-10.7337,1.502e-17,1.179e-17,5.274e-18,0.0013,53.47,1
BottomS30057,13.3198,-10.7467,3.388e-17,2.533e-17,1.014e-17,-0.0002,54.86,0
BottomS30059,13.1664,-10.7374,1.853e-17,1.417e-17,5.790e-18,-0.0002,53.39,1
BottomS30060,13.1643,-10.7402,1.687e-18,2.686e-18,5.161e-18,0.0005,53.51,0
BottomS30061,13.3229,-10.7427,2.593e-14,1.775e-14,5.995e-15,-0.0001,54.81,0
BottomS30062,13.1687,-10.7455,4.432e-17,3.224e-17,1.256e-17,-0.0009,53.48,0
BottomS30063,13.1673,-10.7417,1.241e-20,1.571e-20,1.901e-20,0.0003,53.45,0
BottomS30064,13.1641,-10.7455,1.172e-16,8.154e-17,2.908e-17,0.0001,53.42,0
BottomS30065,13.3235,-10.7384,9.803e-19,8.809e-19,5.142e-19,-0.0005,54.92,0
BottomS30066,13.1658,-10.7501,4.093e-19,3.951e-19,2.628e-19,-0.0002,53.48,0
BottomS30067,13.3220,-10.7359,2.821e-14,1.956e-14,6.732e-15,-0.0007,54.88,0
BottomS30068,13.3222,-10.7307,1.184e-17,9.348e-18,4.009e-18,0.0,54.83,1
BottomS30069,13.3209,-10.7302,1.411e-16,9.739e-17,3.372e-17,0.0006,54.9,0
BottomS30070,13.1653,-10.7538,1.758e-18,1.565e-18,9.161e-19,0.0002,53.34,0
BottomS30071,13.1668,-10.7579,5.087e-18,4.093e-18,1.931e-18,0.0003,53.35,0
BottomS30072,13.3228,-10.7258,3.647e-17,2.626e-17,9.867e-18,-0.001,54.82,0
BottomS30073,13.3233,-10.7219,3.029e-17,2.293e-17,9.654e-18,0.0002,54.8,1
BottomS30074,13.3225,-10.7257,7.994e-17,5.613e-17,2.040e-17,-0.0001,54.85,0
BottomS30075,13.1629,-10.7631,1.260e-17,9.598e-18,4.044e-18,-0.0002,53.27,1
BottomS30076,13.3254,-10.7186,7.710e-17,5.432e-17,1.958e-17,0.0003,54.85,0
BottomS30077,13.3252,-10.7173,1.754e-17,1.316e-17,5.248e-18,-0.0007,54.93,0
BottomS30078,13.3257,-10.7134,5.471e-19,5.094e-19,3.224e-19,-0.0,54.92,0
BottomS30079,13.1689,-10.7701,7.143e-19,6.807e-19,4.534e-19,-0.0007,53.39,0
BottomS30080,13.3196,-10.7148,1.454e-14,9.831e-15,3.340e-15,-0.0007,54.86,0
BottomS30081,13.3240,-10.7092,2.272e-20,2.809e-20,3.226e-20,-0.0004,54.88,0
BottomS30082,13.1695,-10.7739,6.680e-18,5.259e-18,2.330e-18,-0.0004,53.33,1
BottomS30083,13.1658,-10.7772,5.207e-19,5.090e-19,3.449e-19,0.0006,53.4,0
BottomS30084,13.1642,-10.7845,3.707e-18,3.226e-18,1.729e-18,0.0004,53.46,0
BottomS30085,13.3200,-10.7002,1.662e-16,1.204e-16,4.497e-17,0.0002,54.96,0
BottomS30086,13.1705,-10.7801,3.509e-19,3.321e-19,2.087e-19,-0.0002,53.39,0
BottomS30087,13.3197,-10.6973,4.051e-19,4.151e-19,3.151e-19,-0.0004,54.93,0
BottomS30088,13.3178,-10.6978,3.043e-17,2.274e-17,9.204e-18,0.0004,54.8,0
BottomS30089,13.3189,-10.6936,2.860e-18,6.317e-18,2.429e-17,0.0003,54.92,0
BottomS30090,13.3164,-10.6945,5.643e-17,4.140e-17,1.646e-17,-0.0006,54.95,0
BottomS30091,13.1743,-10.7915,4.366e-18,3.625e-18,1.802e-18,0.0001,53.31,0
BottomS30093,13.1771,-10.7944,1.789e-19,1.926e-19,1.576e-19,0.0001,53.39,0
BottomS30094,13.1782,-10.7963,3.546e-18,2.886e-18,1.367e-18,0.0,53.45,0
BottomS30095,13.3060,-10.6887,7.135e-19,6.854e-19,4.550e-19,0.0003,54.78,0
BottomS30096,13.3093,-10.6835,3.986e-17,2.936e-17,1.169e-17,-0.0001,54.95,0
BottomS30097,13.1789,-10.8048,1.055e-16,7.565e-17,2.813e-17,-0.0008,53.38,0
BottomS30098,13.3006,-10.6839,3.742e-19,7.275e-19,2.139e-18,0.0003,54.75,0
BottomS30099,13.3070,-10.6744,3.712e-14,2.652e-14,9.971e-15,-0.0002,54.85,0
BottomS30100,13.1867,-10.8073,4.669e-17,3.295e-17,1.211e-17,-0.0005,53.49,0
BottomS30101,13.3008,-10.6742,7.269e-18,5.676e-18,2.547e-18,-0.0005,54.89,1
BottomS30102,13.2954,-10.6767,1.561e-17,1.217e-17,5.319e-18,0.0004,54.87,1
BottomS30103,13.1915,-10.8111,3.643e-18,3.058e-18,1.519e-18,0.0001,53.42,0
BottomS30104,13.2946,-10.6703,1.976e-16,1.342e-16,4.411e-17,0.0008,54.67,0
BottomS30105,13.1998,-10.8122,2.797e-18,5.077e-18,1.273e-17,0.0001,53.42,0
BottomS30106,13.1984,-10.8171,4.994e-17,3.575e-17,1.343e-17,0.0006,53.43,0
BottomS30107,13.2025,-10.8172,2.471e-18,3.586e-18,5.448e-18,0.0005,53.55,0
BottomS30108,13.2037,-10.8197,9.120e-19,8.412e-19,5.092e-19,0.0004,53.5,0
BottomS30109,13.2784,-10.6670,3.208e-14,2.272e-14,8.290e-15,0.0009,54.64,0
BottomS30110,13.2032,-10.8251,3.534e-16,2.396e-16,8.192e-17,-0.001,53.53,0
BottomS30111,13.2104,-10.8265,1.545e-19,1.633e-19,1.296e-19,0.0,53.59,0
BottomS30112,13.2154,-10.8235,7.205e-17,5.279e-17,2.057e-17,-0.0003,53.65,0
BottomS30113,13.2695,-10.6586,9.924e-17,7.063e-17,2.607e-17,0.0,54.67,0
BottomS30114,13.2921,-10.7712,1.379e-18,1.907e-18,2.743e-18,-0.0002,54.44,0
BottomS30116,13.2962,-10.7706,5.457e-17,3.823e-17,1.354e-17,0.0004,54.59,0
BottomS30117,13.2970,-10.7698,5.267e-19,9.182e-19,2.107e-18,0.001,54.56,0
BottomS30118,13.1900,-10.7150,5.561e-17,3.978e-17,1.512e-17,0.0001,53.69,0
BottomS30120,13.3031,-10.7700,7.636e-18,6.233e-18,2.969e-18,-0.0004,54.59,0
BottomS30121,13.3007,-10.7684,1.534e-18,1.278e-18,6.303e-19,0.0008,54.62,0
BottomS30122,13.2942,-10.7604,2.221e-19,2.259e-19,1.638e-19,-0.0002,54.68,0
BottomS30124,13.1827,-10.7130,9.898e-19,1.835e-18,5.002e-18,0.0004,53.57,0
BottomS30125,13.3022,-10.7636,5.469e-19,5.096e-19,3.281e-19,0.0004,54.72,0
BottomS30126,13.1874,-10.7221,1.504e-19,1.550e-19,1.156e-19,0.0007,53.62,0
BottomS30127,13.3019,-10.7607,1.413e-19,1.468e-19,1.177e-19,-0.0002,54.71,0
BottomS30128,13.1877,-10.7209,1.130e-17,8.755e-18,3.712e-18,-0.0007,53.54,1
BottomS30129,13.3075,-10.7627,2.595e-19,2.871e-19,2.588e-19,0.0001,54.68,0
BottomS30131,13.3052,-10.7591,1.928e-19,1.987e-19,1.551e-19,-0.0011,54.74,0
BottomS30132,13.3109,-10.7627,2.917e-14,2.020e-14,6.773e-15,-0.0004,54.61,0
BottomS30133,13.1829,-10.7242,2.530e-20,3.091e-20,3.385e-20,0.0003,53.61,0
BottomS30134,13.1859,-10.7304,7.501e-14,5.484e-14,2.166e-14,-0.0001,53.62,0
BottomS30135,13.3120,-10.7593,4.504e-19,4.193e-19,2.618e-19,0.0003,54.58,0
BottomS30136,13.3127,-10.7558,3.308e-20,3.883e-20,3.937e-20,-0.0001,54.73,0
BottomS30141,13.1775,-10.7352,6.425e-18,5.193e-18,2.473e-18,0.0011,53.64,0
BottomS30143,13.3069,-10.7457,4.353e-18,3.432e-18,1.531e-18,0.001,54.72,0
BottomS30144,13.1681,-10.7356,2.329e-19,2.302e-19,1.609e-19,-0.0007,53.6,0
BottomS30145,13.3197,-10.7509,4.979e-19,4.534e-19,2.758e-19,0.0003,54.71,0
BottomS30146,13.1718,-10.7387,2.346e-18,1.966e-18,9.911e-19,0.0008,53.52,0
BottomS30147,13.1835,-10.7426,5.325e-14,4.135e-14,1.840e-14,0.0005,53.52,1
BottomS30148,13.1753,-10.7432,1.855e-17,1.384e-17,5.764e-18,-0.0008,53.51,1
BottomS30149,13.1729,-10.7416,1.364e-19,1.430e-19,1.141e-19,-0.0002,53.39,0
BottomS30150,13.3191,-10.7428,1.331e-18,1.176e-18,6.445e-19,-0.0007,54.85,0
BottomS30153,13.3185,-10.7424,2.142e-18,1.763e-18,9.055e-19,-0.0001,54.85,0
BottomS30154,13.1734,-10.7423,1.918e-18,1.659e-18,9.241e-19,-0.0,53.44,0
BottomS30155,13.1646,-10.7520,1.364e-19,1.404e-19,1.128e-19,0.0002,53.34,0
BottomS30156,13.1667,-10.7483,7.758e-19,6.971e-19,4.138e-19,0.0004,53.35,0
BottomS30157,13.3185,-10.7351,7.284e-19,6.754e-19,4.210e-19,-0.0002,54.83,0
BottomS30158,13.1648,-10.7521,1.211e-18,1.036e-18,5.235e-19,-0.0004,53.43,0
BottomS30159,13.1656,-10.7592,1.055e-18,9.700e-19,6.077e-19,-0.0011,53.37,0
BottomS30160,13.3220,-10.7379,1.563e-20,2.150e-20,2.974e-20,0.0005,54.79,0
BottomS30161,13.1673,-10.7555,5.097e-18,4.147e-18,1.990e-18,-0.0004,53.4,0
BottomS30162,13.1734,-10.7587,7.841e-18,6.262e-18,2.993e-18,-0.0001,53.45,0
BottomS30163,13.3161,-10.7254,4.024e-18,3.246e-18,1.540e-18,-0.0008,54.85,0
BottomS30164,13.3204,-10.7192,9.484e-19,1.946e-18,6.282e-18,0.0003,54.83,0
BottomS30165,13.3285,-10.7167,1.535e-20,1.937e-20,2.330e-20,-0.0007,54.86,0
BottomS30166,13.3285,-10.7089,1.289e-20,1.657e-20,2.035e-20,0.0001,54.94,0
BottomS30167,13.3199,-10.7179,3.578e-20,4.159e-20,4.082e-20,-0.0002,54.94,0
BottomS30168,13.3269,-10.7176,6.007e-19,5.646e-19,3.520e-19,-0.0006,54.81,0
BottomS30169,13.1763,-10.7609,2.162e-18,4.927e-18,1.951e-17,0.0007,53.43,0
BottomS30170,13.3242,-10.7079,1.795e-18,3.465e-18,9.871e-18,-0.0002,54.86,0
BottomS30171,13.3181,-10.7068,1.528e-19,1.595e-19,1.238e-19,-0.0003,54.92,0
BottomS30172,13.3259,-10.7079,7.026e-19,6.463e-19,3.959e-19,0.0001,54.86,0
BottomS30173,13.3153,-10.7050,1.622e-17,1.266e-17,5.639e-18,0.0008,54.8,1
BottomS30174,13.1742,-10.7752,2.381e-20,2.991e-20,3.482e-20,0.0002,53.42,0
BottomS30175,13.1680,-10.7808,3.149e-18,2.688e-18,1.423e-18,0.0013,53.27,0
BottomS30176,13.1672,-10.7845,7.099e-18,5.410e-18,2.320e-18,0.0006,53.35,1
BottomS30177,13.1703,-10.7828,2.152e-20,2.617e-20,2.788e-20,0.0004,53.41,0
BottomS30178,13.1723,-10.7852,9.693e-20,9.962e-20,7.676e-20,0.0003,53.4,0
BottomS30179,13.1791,-10.7819,1.740e-18,1.478e-18,7.796e-19,0.0004,53.3,0
BottomS30181,13.3168,-10.6912,5.093e-19,8.215e-19,1.595e-18,-0.0006,54.81,0
BottomS30182,13.3114,-10.6933,8.495e-14,6.988e-14,3.378e-14,0.0001,54.84,1
BottomS30183,13.1710,-10.7989,1.434e-18,1.264e-18,6.928e-19,0.0003,53.51,0
BottomS30184,13.1839,-10.7904,1.335e-19,1.469e-19,1.243e-19,-0.0012,53.44,0
BottomS30186,13.3014,-10.6931,6.708e-19,6.004e-19,3.450e-19,0.0007,54.85,0
BottomS30187,13.1779,-10.8029,4.597e-18,8.847e-18,2.447e-17,-0.0006,53.46,0
BottomS30189,13.3074,-10.6774,3.774e-18,3.002e-18,1.358e-18,-0.0001,54.92,0
BottomS30190,13.3002,-10.6818,9.647e-20,1.054e-19,9.140e-20,-0.0002,54.92,0
BottomS30192,13.2962,-10.6774,3.507e-18,2.982e-18,1.513e-18,0.0005,54.9,0
BottomS30193,13.2994,-10.6708,2.222e-17,1.643e-17,6.597e-18,-0.0005,54.77,0
BottomS30195,13.1954,-10.8107,8.095e-18,6.254e-18,2.708e-18,0.0012,53.49,1
BottomS30196,13.2058,-10.8069,9.800e-19,8.653e-19,4.955e-19,-0.0002,53.47,0
BottomS30197,13.1985,-10.8166,4.393e-18,3.528e-18,1.690e-18,0.0,53.47,0
BottomS30199,13.2777,-10.6737,1.535e-17,1.237e-17,5.685e-18,0.0003,54.7,0
BottomS30200,13.2026,-10.8230,1.940e-18,1.690e-18,9.386e-19,0.0004,53.59,0
BottomS30201,13.2068,-10.8250,8.742e-14,6.811e-14,3.030e-14,0.0004,53.59,1
BottomS30202,13.2039,-10.8239,6.407e-18,5.160e-18,2.472e-18,-0.0003,53.52,0
BottomS30203,13.2102,-10.8274,1.626e-18,1.482e-18,8.961e-19,0.0005,53.55,0
BottomS30204,13.2094,-10.8228,1.180e-18,1.083e-18,6.606e-19,-0.0003,53.54,0
BottomS30205,13.2689,-10.6622,4.552e-20,5.432e-20,5.653e-20,0.0,54.64,0
BottomS30206,13.2706,-10.6544,6.973e-19,6.514e-19,4.074e-19,0.0001,54.59,0
BottomS30207,13.2174,-10.8241,4.568e-18,3.706e-18,1.752e-18,0.0,53.6,0
BottomS30209,13.2451,-10.6577,2.194e-18,2.021e-18,1.177e-18,-0.0012,54.51,0
BottomS30210,13.2326,-10.8348,6.067e-19,5.730e-19,3.670e-19,0.0004,53.75,0
BottomS30211,13.2520,-10.6603,7.894e-19,1.690e-18,5.890e-18,0.0006,54.54,0
BottomS30213,14.9246,-9.8944,7.866e-20,8.814e-20,7.706e-20,-0.0006,58.03,0
BottomS30216,14.9904,-9.8969,6.927e-20,7.492e-20,6.297e-20,-0.0002,60.51,0
BottomS30217,14.9857,-9.9019,4.847e-14,3.644e-14,1.514e-14,-0.0004,59.54,1
BottomS30221,15.0006,-9.9193,3.793e-20,4.512e-20,4.739e-20,0.0007,59.61,0
BottomS30223,15.0118,-9.8877,1.752e-20,2.175e-20,2.336e-20,0.0009,60.28,0
BottomS30226,14.9800,-9.8881,2.103e-20,2.679e-20,3.088e-20,0.0002,59.16,0
BottomS30228,14.9358,-9.9058,1.109e-19,1.159e-19,9.323e-20,0.0001,58.43,0
BottomS30235,14.9542,-9.8962,1.362e-18,2.553e-18,6.864e-18,-0.0001,58.17,0
BottomS30236,14.9599,-9.8972,2.203e-19,2.297e-19,1.781e-19,0.0009,58.02,0
BottomS30241,14.9734,-9.8797,1.637e-20,2.116e-20,2.702e-20,-0.0007,59.28,0
BottomS30242,14.9941,-9.8881,2.725e-19,2.835e-19,2.145e-19,-0.0007,59.89,0
BottomS30246,14.9818,-9.8959,5.364e-20,6.311e-20,6.263e-20,0.0009,59.33,0
BottomS30251,14.9933,-9.8930,4.414e-14,3.304e-14,1.307e-14,-0.0002,60.44,0
BottomS30254,15.0983,-9.8975,2.634e-20,3.013e-20,2.808e-20,0.0006,60.87,0
BottomS30255,14.9835,-9.8895,7.112e-20,7.942e-20,7.411e-20,0.0007,60.13,0
BottomS30258,15.0936,-9.9103,2.554e-19,2.509e-19,1.787e-19,0.0007,60.55,0
BottomS30259,14.9828,-9.8974,3.960e-19,3.763e-19,2.463e-19,0.0002,59.99,0
BottomS30262,14.9889,-9.9098,1.400e-19,1.480e-19,1.237e-19,0.0005,59.56,0
BottomS30267,15.0155,-9.9098,2.477e-20,3.041e-20,3.241e-20,-0.0,60.19,0
BottomS30268,15.0088,-9.8862,1.786e-18,2.856e-18,5.452e-18,-0.0002,60.48,0
BottomS30272,14.9830,-9.8940,7.307e-19,1.004e-18,1.334e-18,-0.0003,59.87,0
BottomS30273,14.9944,-9.8947,1.921e-14,1.282e-14,4.268e-15,-0.0007,60.52,0
BottomS30277,14.9993,-9.8837,1.292e-19,1.369e-19,1.089e-19,-0.0007,60.47,0
BottomS30282,14.9656,-9.8948,1.040e-19,1.126e-19,9.825e-20,0.0005,58.44,0
BottomS30288,14.9652,-9.8973,1.038e-18,9.266e-19,5.222e-19,0.0005,58.23,0
BottomS30298,15.0260,-9.8962,9.720e-19,8.868e-19,5.376e-19,-0.0001,60.83,0
BottomS30304,14.9648,-9.9017,2.208e-18,5.350e-18,2.446e-17,0.0007,58.71,0
BottomS30310,15.0307,-9.8953,1.535e-20,1.913e-20,2.096e-20,-0.001,60.61,0
BottomS30314,15.0045,-9.8995,3.685e-20,4.395e-20,4.777e-20,0.0001,60.81,0
BottomS30317,15.0487,-9.9063,9.241e-19,1.310e-18,1.934e-18,-0.0002,60.39,0
BottomS30319,15.0078,-9.9041,1.268e-19,1.325e-19,1.028e-19,0.0004,60.59,0
BottomS30320,14.9555,-9.9431,2.182e-18,4.257e-18,1.200e-17,0.0006,59.31,0
BottomS30322,15.0168,-9.8919,3.071e-20,3.767e-20,4.181e-20,0.0003,60.91,0
BottomS30323,14.9212,-9.8859,3.632e-20,4.406e-20,4.766e-20,-0.0002,58.17,0
BottomS30326,15.0088,-9.8926,8.816e-19,1.724e-18,4.988e-18,-0.0003,60.63,0
BottomS30334,14.9795,-9.8875,2.882e-19,2.736e-19,1.837e-19,-0.0004,59.25,0
BottomS30336,14.8629,-9.8802,2.699e-19,2.848e-19,2.224e-19,-0.0,58.21,0
BottomS30338,14.9873,-9.8928,1.007e-18,1.647e-18,3.390e-18,0.0006,60.59,0
BottomS30339,14.9933,-9.8837,1.031e-19,1.155e-19,1.033e-19,-0.0006,59.67,0
BottomS30341,14.9989,-9.8824,8.214e-19,1.785e-18,6.328e-18,0.0001,60.08,0
BottomS30343,15.0236,-9.8934,3.622e-19,3.486e-19,2.360e-19,0.001,60.87,0
BottomS30345,14.9642,-9.8861,1.136e-19,1.300e-19,1.222e-19,0.0,58.71,0
BottomS30346,14.9083,-9.8811,5.176e-19,9.542e-19,2.463e-18,-0.0001,58.3,0
BottomS30350,14.9989,-9.8936,2.939e-14,2.102e-14,7.639e-15,-0.0001,60.6,0
BottomS30352,14.9570,-9.8833,1.549e-20,1.912e-20,2.096e-20,0.0008,58.58,0
BottomS30359,14.8780,-9.9013,2.304e-18,1.955e-18,9.871e-19,0.0001,58.35,0
BottomS30361,14.9896,-9.8972,1.967e-20,2.452e-20,2.707e-20,0.0005,59.92,0
BottomS30364,14.9625,-9.8958,1.526e-20,1.842e-20,2.033e-20,-0.0003,58.02,0
BottomS30367,14.9882,-9.8934,1.254e-19,1.279e-19,9.334e-20,-0.0005,60.01,0
BottomS30376,14.9688,-9.9001,2.111e-20,2.599e-20,2.907e-20,0.0004,58.27,0
BottomS30378,14.9440,-9.8877,4.034e-20,4.961e-20,5.242e-20,-0.0007,58.38,0
BottomS30388,14.9999,-9.8897,2.484e-19,2.428e-19,1.647e-19,0.0008,60.66,0
BottomS30390,14.9817,-9.8895,3.770e-19,3.588e-19,2.476e-19,0.0004,59.19,0
BottomS30392,14.9446,-9.8953,5.066e-20,6.073e-20,6.353e-20,-0.0008,58.17,0
BottomS30394,14.9775,-9.8931,2.794e-19,2.750e-19,1.865e-19,0.0003,58.93,0
BottomS30397,14.9777,-9.8938,2.520e-20,3.165e-20,3.648e-20,-0.0003,58.94,0
BottomS30401,14.9811,-9.8949,4.611e-20,5.310e-20,5.147e-20,0.0013,58.29,0
BottomS30402,14.8848,-9.8775,6.426e-19,6.123e-19,3.983e-19,0.0001,58.11,0
BottomS30408,14.9602,-9.9044,1.319e-20,1.670e-20,1.932e-20,-0.0005,59.05,0
BottomS30413,14.9349,-9.8870,3.005e-18,5.287e-18,1.194e-17,-0.0009,57.98,0
BottomS30414,14.9760,-9.8859,1.894e-20,2.386e-20,2.841e-20,0.0008,58.84,0
BottomS30415,14.9901,-9.8954,1.095e-20,1.462e-20,1.909e-20,0.0001,59.78,0
BottomS30417,14.9872,-9.8910,8.184e-19,1.210e-18,1.948e-18,-0.0002,60.28,0
BottomS30420,14.9824,-9.8915,1.279e-18,2.692e-18,9.080e-18,0.0006,60.81,0
BottomS30423,14.9764,-9.8880,1.370e-19,1.474e-19,1.183e-19,0.0015,59.04,0
BottomS30426,14.9621,-9.8938,3.015e-19,4.202e-19,5.981e-19,0.0003,58.02,0
BottomS30427,14.9936,-9.8903,7.471e-19,1.610e-18,5.710e-18,0.0002,59.95,0
BottomS30429,15.0360,-9.8977,1.960e-18,3.694e-18,1.014e-17,0.0002,60.83,0
BottomS30433,14.8905,-9.8882,4.362e-14,3.254e-14,1.324e-14,-0.0004,58.06,0
BottomS30436,15.0037,-9.9004,1.467e-18,1.256e-18,6.772e-19,-0.0002,60.01,0
BottomS30437,14.9873,-9.8920,1.185e-18,1.045e-18,5.803e-19,-0.0007,60.58,0
BottomS30438,14.9876,-9.8952,1.039e-19,1.156e-19,1.055e-19,-0.0006,59.77,0
BottomS30440,14.9665,-9.8895,7.570e-19,1.528e-18,4.748e-18,-0.0003,58.23,0
BottomS30442,14.9371,-9.9014,2.202e-20,2.741e-20,3.177e-20,0.0,58.51,0
BottomS30443,14.9433,-9.8947,3.553e-18,5.496e-18,9.676e-18,0.0002,58.08,0
BottomS30444,14.9770,-9.8945,6.171e-19,5.590e-19,3.272e-19,-0.0001,58.34,0
BottomS30445,14.9847,-9.8894,1.362e-20,1.696e-20,1.920e-20,0.0002,59.69,0
BottomS30448,14.9693,-9.8953,3.491e-14,2.419e-14,8.494e-15,0.0008,58.52,0
BottomS30457,14.9340,-9.8969,8.863e-19,1.691e-18,4.718e-18,0.0001,58.22,0
BottomS30459,14.9380,-9.8953,3.747e-19,3.583e-19,2.405e-19,-0.0002,57.99,0
BottomS30462,14.9701,-9.8824,1.193e-18,2.169e-18,5.517e-18,0.0001,59.1,0
BottomS30469,15.0065,-9.8909,7.674e-20,8.419e-20,7.278e-20,-0.0002,60.9,0
BottomS30470,14.9961,-9.9019,3.421e-20,4.297e-20,4.950e-20,-0.0007,60.29,0
BottomS30472,14.9750,-9.8920,8.203e-19,7.747e-19,4.985e-19,-0.0003,58.41,0
BottomS30475,15.0082,-9.8968,5.658e-20,6.406e-20,6.025e-20,0.0008,60.7,0
BottomS30478,14.9755,-9.8904,3.943e-19,3.825e-19,2.685e-19,-0.0007,58.39,0
BottomS30479,15.0350,-9.8938,1.282e-18,2.639e-18,8.270e-18,0.0003,60.78,0
BottomS30481,14.9332,-9.8984,9.298e-20,9.871e-20,8.095e-20,0.0,58.16,0
BottomS30483,14.9772,-9.8917,4.496e-19,4.085e-19,2.452e-19,-0.0005,58.27,0
BottomS30485,14.9805,-9.8885,9.551e-19,8.405e-19,4.695e-19,0.0008,58.61,0
BottomS30490,14.9994,-9.8920,1.326e-14,9.070e-15,2.968e-15,0.0005,60.48,0
BottomS30491,15.0008,-9.8951,1.225e-20,1.488e-20,1.640e-20,0.0003,60.44,0
BottomS30493,14.9896,-9.8917,2.043e-19,2.057e-19,1.561e-19,0.0005,60.34,0
BottomS30498,14.8929,-9.8904,4.984e-20,5.867e-20,5.868e-20,-0.0003,58.03,0
BottomS30499,14.9425,-9.8860,2.227e-20,2.790e-20,3.227e-20,0.0002,58.05,0
BottomS30502,14.9891,-9.8869,2.207e-20,2.824e-20,3.446e-20,-0.0,59.96,0
BottomS30503,14.8982,-9.8828,1.763e-18,1.555e-18,8.832e-19,-0.0001,58.05,0
BottomS30505,14.9705,-9.8987,4.240e-14,3.065e-14,1.125e-14,0.0002,58.92,0
BottomS30509,14.9809,-9.8913,3.671e-19,3.589e-19,2.474e-19,-0.0003,58.63,0
BottomS30510,14.9754,-9.9051,1.045e-18,1.804e-18,4.083e-18,0.001,59.26,0
BottomS30512,14.9740,-9.8770,8.628e-20,9.183e-20,7.463e-20,0.0004,59.29,0
BottomS30518,14.9821,-9.8930,2.510e-19,2.500e-19,1.831e-19,0.0005,58.91,0
BottomS30521,14.9252,-9.8816,2.311e-19,2.358e-19,1.736e-19,-0.0002,58.33,0
BottomS30522,14.9821,-9.8903,2.418e-19,2.521e-19,1.929e-19,-0.0007,59.66,0
BottomS30524,14.9847,-9.8963,2.843e-18,2.610e-18,1.668e-18,-0.0002,60.59,0
BottomS30528,15.0078,-9.8919,2.725e-20,3.331e-20,3.597e-20,-0.0001,60.92,0
BottomS30532,14.9935,-9.8963,9.567e-20,1.007e-19,8.048e-20,-0.0001,60.5,0
BottomS30534,14.9759,-9.8936,5.353e-20,6.062e-20,5.926e-20,0.0003,58.73,0
BottomS30535,14.9481,-9.8745,5.270e-14,4.522e-14,2.364e-14,-0.0003,58.92,1
BottomS30537,15.0008,-9.8986,2.248e-18,1.839e-18,8.838e-19,-0.0002,60.48,0
BottomS30538,15.0043,-9.8958,3.216e-19,4.871e-19,8.148e-19,0.0008,60.79,0
BottomS30540,14.9701,-9.9017,4.930e-14,3.533e-14,1.295e-14,0.0007,58.25,0
BottomS30542,14.9855,-9.9155,9.455e-18,7.749e-18,3.727e-18,0.0005,59.73,0
BottomS30543,14.9770,-9.8819,5.384e-18,4.526e-18,2.306e-18,-0.0002,59.12,0
BottomS30545,14.9560,-9.9088,1.477e-18,1.322e-18,7.682e-19,-0.0,58.14,0
BottomS30546,14.9729,-9.8858,3.359e-17,2.431e-17,9.128e-18,0.0003,58.92,0
BottomS30548,14.9568,-9.8792,6.870e-14,6.558e-14,4.320e-14,0.0001,58.66,1
BottomS30549,14.9816,-9.8938,1.208e-19,1.254e-19,9.721e-20,0.0,59.29,0
BottomS30551,14.9775,-9.8903,1.369e-20,1.776e-20,2.153e-20,0.0001,59.02,0
BottomS30552,15.0023,-9.9068,1.323e-18,2.823e-18,9.944e-18,-0.0006,60.94,0
BottomS30553,14.9800,-9.8914,4.704e-19,4.490e-19,3.030e-19,0.0005,59.05,0
BottomS30555,14.9823,-9.8967,1.572e-17,1.228e-17,5.193e-18,0.0012,59.42,1
BottomS30557,14.9629,-9.9006,2.337e-17,1.767e-17,7.336e-18,0.0003,57.96,1
BottomS30560,15.0091,-9.9156,1.318e-20,1.599e-20,1.734e-20,0.0003,60.22,0
BottomS30561,14.9867,-9.8953,1.527e-17,1.210e-17,5.404e-18,0.0001,59.67,1
BottomS30564,15.0202,-9.9151,4.078e-18,9.320e-18,3.672e-17,-0.0014,60.57,0
BottomS30565,14.9889,-9.8979,3.617e-20,4.367e-20,4.696e-20,0.0005,60.3,0
BottomS30568,14.9836,-9.9222,2.807e-19,2.886e-19,2.152e-19,-0.0012,59.52,0
BottomS30570,14.9705,-9.8948,1.508e-20,1.909e-20,2.282e-20,0.0009,58.66,0
BottomS30571,14.9819,-9.8917,1.815e-19,1.815e-19,1.298e-19,0.0007,59.42,0
BottomS30572,15.0178,-9.8954,3.546e-20,4.203e-20,4.177e-20,-0.0007,60.83,0
BottomS30573,14.9863,-9.9140,8.335e-18,6.381e-18,2.737e-18,-0.0001,59.8,0
BottomS30575,14.9990,-9.8940,2.567e-18,2.194e-18,1.177e-18,0.0007,60.4,0
BottomS30577,15.0024,-9.8858,5.538e-19,1.053e-18,2.842e-18,-0.0007,60.82,0
BottomS30580,15.0001,-9.8873,1.744e-20,2.114e-20,2.281e-20,0.0011,60.81,0
BottomS30585,14.9821,-9.8825,1.873e-18,3.037e-18,5.959e-18,-0.0,59.62,0
BottomS30586,14.9685,-9.8783,1.461e-19,1.604e-19,1.389e-19,-0.0,58.23,0
BottomS30588,14.9479,-9.9003,3.277e-20,4.047e-20,4.568e-20,-0.0,58.0,0
BottomS30589,14.9742,-9.8758,2.428e-20,3.008e-20,3.331e-20,0.0002,58.11,0
BottomS30590,14.9709,-9.8890,7.005e-19,1.173e-18,2.468e-18,-0.0005,58.34,0
BottomS30594,15.0109,-9.8891,1.441e-17,1.056e-17,4.309e-18,-0.0001,60.71,0
BottomS30595,14.9839,-9.8821,3.798e-19,3.567e-19,2.247e-19,-0.0002,59.99,0
BottomS30597,14.9760,-9.8966,1.595e-18,1.348e-18,6.997e-19,0.0001,58.8,0
BottomS30598,14.9775,-9.8942,1.558e-18,1.396e-18,7.852e-19,-0.0012,58.28,0
BottomS30599,14.9942,-9.8835,3.144e-20,4.024e-20,4.682e-20,0.0,60.59,0
BottomS30600,14.9839,-9.9199,4.133e-19,3.847e-19,2.515e-19,-0.0002,59.55,0
BottomS30605,14.9581,-9.8952,5.894e-19,5.505e-19,3.469e-19,-0.0005,57.88,0
BottomS30606,14.9816,-9.8910,1.685e-20,2.205e-20,2.801e-20,-0.0004,59.37,0
BottomS30608,14.9832,-9.8982,1.708e-14,1.980e-14,1.870e-14,0.0002,59.65,0
BottomS30611,14.9793,-9.8859,1.344e-18,2.516e-18,6.616e-18,-0.0001,58.83,0
BottomS30613,14.9755,-9.8743,2.611e-18,2.167e-18,1.076e-18,-0.0004,57.98,0
BottomS30614,14.9659,-9.8809,2.275e-18,4.427e-18,1.263e-17,-0.0,58.05,0
BottomS30615,14.9744,-9.9029,1.444e-20,1.896e-20,2.385e-20,0.0002,58.43,0
BottomS30616,14.9661,-9.9063,1.825e-18,1.593e-18,8.630e-19,-0.0001,58.22,0
BottomS30618,14.9767,-9.8999,1.752e-20,2.385e-20,3.259e-20,0.0003,59.03,0
BottomS30619,15.0101,-9.8740,5.479e-20,6.385e-20,6.307e-20,-0.0008,60.29,0
BottomS30620,15.0030,-9.8982,3.585e-19,3.584e-19,2.683e-19,-0.0003,60.52,0
BottomS30627,14.9602,-9.8954,1.030e-19,1.142e-19,1.010e-19,0.0002,58.1,0
BottomS30629,14.9742,-9.8823,3.290e-18,2.773e-18,1.471e-18,0.0002,58.71,0
BottomS30630,14.9719,-9.8877,4.092e-19,4.031e-19,2.808e-19,0.0004,58.43,0
BottomS30631,14.9860,-9.9040,4.056e-19,3.934e-19,2.611e-19,0.0005,59.95,0
BottomS30633,14.9784,-9.8807,6.730e-18,5.334e-18,2.379e-18,0.0001,59.07,0
BottomS30634,14.9835,-9.8970,4.948e-19,1.123e-18,4.342e-18,0.0007,59.51,0
BottomS30635,14.9689,-9.9107,2.970e-18,2.548e-18,1.350e-18,-0.0003,58.2,0
BottomS30639,14.9705,-9.8787,6.418e-20,7.163e-20,6.687e-20,0.0003,58.37,0
BottomS30640,14.9778,-9.8981,6.707e-19,8.905e-19,1.188e-18,-0.0001,59.16,0
BottomS30641,15.0120,-9.8857,4.828e-20,5.701e-20,5.818e-20,0.0002,60.63,0
BottomS30643,14.9554,-9.8782,1.784e-18,1.602e-18,9.039e-19,0.0,58.08,0
BottomS30646,14.9705,-9.9124,1.400e-19,1.493e-19,1.248e-19,0.0006,58.0,0
BottomS30648,14.9725,-9.8895,1.040e-20,1.377e-20,1.753e-20,0.0006,58.32,0
BottomS30656,14.9995,-9.8841,2.009e-20,2.635e-20,3.456e-20,0.0001,60.55,0
BottomS30657,14.9829,-9.9067,7.017e-20,8.384e-20,8.613e-20,0.0003,59.44,0
BottomS30660,14.9755,-9.8939,3.023e-18,6.109e-18,1.929e-17,0.0005,59.08,0
BottomS30662,14.9898,-9.8957,3.311e-19,3.118e-19,1.971e-19,0.0001,59.76,0
BottomS30664,14.9650,-9.8809,3.494e-18,5.138e-18,8.169e-18,-0.0001,58.13,0
BottomS30665,14.9848,-9.8897,1.325e-18,2.821e-18,9.589e-18,-0.0001,60.6,0
BottomS30666,14.9708,-9.8945,1.335e-18,1.202e-18,6.997e-19,-0.0003,58.37,0
BottomS30668,14.9865,-9.8992,7.717e-20,9.174e-20,9.532e-20,0.0007,59.65,0
BottomS30669,14.9726,-9.8936,1.105e-18,1.731e-18,3.255e-18,-0.0006,58.51,0
BottomS30670,14.9999,-9.8824,6.017e-14,4.491e-14,1.788e-14,-0.0002,60.23,0
BottomS30671,14.9783,-9.8965,4.422e-19,4.165e-19,2.696e-19,-0.0004,58.55,0
BottomS30675,14.9935,-9.8904,2.020e-18,4.033e-18,1.221e-17,0.0005,60.29,0
BottomS30679,14.9957,-9.9091,1.586e-19,1.678e-19,1.317e-19,0.0003,60.37,0
BottomS30680,14.9826,-9.8973,2.286e-20,2.806e-20,3.058e-20,0.0003,59.49,0
BottomS30682,15.0079,-9.8761,1.183e-18,1.813e-18,3.150e-18,0.0009,60.46,0
BottomS30683,14.9822,-9.8743,5.541e-19,4.969e-19,2.822e-19,-0.0005,59.5,0
BottomS30686,14.9831,-9.8823,6.582e-14,4.703e-14,1.765e-14,0.0002,59.53,0
BottomS30687,14.9762,-9.8932,2.606e-18,2.122e-18,1.020e-18,0.0005,59.25,0
BottomS30688,15.0133,-9.8976,2.177e-18,1.840e-18,9.558e-19,-0.0002,60.91,0
BottomS30691,14.9793,-9.8982,4.104e-18,3.489e-18,1.865e-18,0.0001,59.19,0
BottomS30694,14.9609,-9.9215,3.480e-20,4.054e-20,3.963e-20,0.0,57.98,0
BottomS30695,14.9896,-9.8736,1.682e-20,2.099e-20,2.493e-20,0.0008,60.01,0
BottomS30696,14.9953,-9.8767,3.834e-19,3.947e-19,2.946e-19,0.0003,60.84,0
BottomS30699,14.9776,-9.8999,1.632e-19,1.660e-19,1.245e-19,0.0006,59.1,0
BottomS30703,14.9839,-9.9073,1.197e-19,1.243e-19,9.734e-20,-0.0002,60.14,0
BottomS30706,14.9960,-9.8914,3.566e-19,3.577e-19,2.579e-19,-0.0004,60.61,0
BottomS30709,14.9710,-9.8920,1.864e-19,1.967e-19,1.574e-19,-0.0001,58.41,0
BottomS30711,15.0015,-9.8924,2.170e-18,3.908e-18,9.491e-18,0.0002,60.78,0
BottomS30714,14.9723,-9.8928,6.340e-19,5.859e-19,3.645e-19,-0.0007,58.35,0
BottomS30715,14.9949,-9.8912,3.659e-18,2.876e-18,1.278e-18,-0.0009,60.5,0
BottomS30716,14.9957,-9.8909,2.049e-19,2.075e-19,1.528e-19,0.0014,60.49,0
BottomS30718,14.9934,-9.8940,9.194e-19,8.142e-19,4.706e-19,-0.0006,60.45,0
BottomS30720,14.9648,-9.8948,1.754e-19,1.782e-19,1.309e-19,0.0005,58.25,0
BottomS30723,14.9727,-9.8962,3.387e-18,2.833e-18,1.425e-18,-0.0005,58.56,0
BottomS30724,15.0025,-9.8946,2.649e-15,1.105e-14,1.491e-13,0.0004,60.72,0
BottomS30725,14.9973,-9.8905,4.625e-19,4.409e-19,2.895e-19,0.0001,60.57,0
BottomS30727,14.9972,-9.8950,3.335e-14,2.318e-14,8.252e-15,0.0,60.57,0
BottomS30728,14.9634,-9.8977,9.167e-19,8.357e-19,4.975e-19,0.0001,58.07,0
BottomS30730,14.9680,-9.8920,1.395e-20,1.893e-20,2.529e-20,-0.0012,58.29,0
BottomS30732,14.9645,-9.8951,8.966e-19,2.017e-18,7.834e-18,0.0015,58.11,0
BottomS30733,14.9971,-9.8983,1.094e-18,1.930e-18,4.400e-18,0.0005,60.63,0
BottomS30734,15.0014,-9.8960,2.084e-19,2.137e-19,1.649e-19,0.0004,60.73,0
BottomS30735,14.9948,-9.8924,2.085e-19,2.145e-19,1.686e-19,-0.0003,60.59,0
BottomS30736,14.9709,-9.8945,3.430e-19,3.501e-19,2.584e-19,-0.001,58.38,0
BottomS30737,14.9690,-9.8920,2.121e-19,2.172e-19,1.658e-19,0.0003,58.33,0
BottomS30739,15.0001,-9.8967,1.381e-19,1.558e-19,1.499e-19,0.0,60.78,0
BottomS30741,14.9950,-9.8906,2.786e-18,2.294e-18,1.123e-18,0.0005,60.42,0
BottomS30742,14.9662,-9.8950,1.539e-20,1.993e-20,2.431e-20,0.0002,58.16,0
BottomS30746,14.9688,-9.8936,4.857e-20,5.461e-20,5.216e-20,-0.0005,58.36,0
BottomS30747,15.0075,-9.8936,6.036e-18,4.945e-18,2.503e-18,0.0,60.91,0
BottomS30748,14.9934,-9.8916,4.076e-18,3.276e-18,1.536e-18,-0.0005,60.25,0
BottomS30750,14.9564,-9.8909,1.956e-19,2.025e-19,1.558e-19,0.0007,57.93,0
BottomS30754,14.9966,-9.8912,3.488e-19,3.322e-19,2.222e-19,-0.0001,60.58,0
BottomS30755,15.0019,-9.8927,6.326e-19,1.164e-18,3.026e-18,-0.0,60.83,0
BottomS30757,14.9989,-9.8936,5.049e-19,4.988e-19,3.514e-19,-0.0008,60.64,0
BottomS30758,14.9663,-9.8961,3.100e-17,2.224e-17,8.325e-18,-0.0006,58.23,0
BottomS30760,14.9662,-9.8942,6.827e-20,7.782e-20,7.444e-20,0.001,58.2,0
BottomS30761,14.9690,-9.8967,3.776e-18,9.497e-18,4.625e-17,0.0002,58.36,0
BottomS30762,14.9614,-9.8941,1.100e-18,9.385e-19,4.962e-19,-0.0001,58.01,0
BottomS30764,14.9650,-9.8931,5.272e-19,5.050e-19,3.261e-19,0.0001,58.22,0
BottomS30766,14.9986,-9.8915,3.124e-19,3.032e-19,2.095e-19,0.0001,60.73,0
BottomS30767,14.9934,-9.8910,2.668e-17,1.989e-17,7.831e-18,-0.0005,60.49,0
BottomS30769,14.9985,-9.8937,4.576e-20,5.427e-20,5.477e-20,-0.0001,60.66,0
BottomS30770,14.9608,-9.8914,3.700e-20,4.503e-20,4.797e-20,-0.0001,58.07,0
BottomS30771,15.0008,-9.8947,2.290e-19,2.347e-19,1.700e-19,-0.0001,60.7,0
BottomS30772,14.9644,-9.8904,2.471e-19,2.439e-19,1.727e-19,-0.0001,58.11,0
BottomS30777,14.9966,-9.8931,7.022e-19,6.299e-19,3.700e-19,0.0005,60.55,0
BottomS30778,15.0001,-9.8935,1.397e-18,3.148e-18,1.204e-17,0.0003,60.75,0
BottomS30779,15.0068,-9.8927,4.565e-14,3.348e-14,1.274e-14,-0.0002,60.83,0
BottomS30784,14.9990,-9.8921,1.678e-18,3.001e-18,7.385e-18,0.0004,60.66,0
BottomS30788,14.9579,-9.8928,7.900e-19,6.991e-19,3.921e-19,-0.0,58.03,0
BottomS30789,15.0053,-9.8920,2.031e-19,2.130e-19,1.693e-19,0.0002,60.88,0
BottomS30791,15.0044,-9.8962,3.445e-14,2.431e-14,8.905e-15,-0.0003,60.83,0
BottomS30792,14.9679,-9.8960,1.058e-18,9.563e-19,5.672e-19,-0.0003,58.3,0
BottomS30794,14.9597,-9.8908,6.257e-14,4.521e-14,1.742e-14,-0.0011,58.02,0
BottomS30795,14.9622,-9.8941,1.781e-18,1.560e-18,8.504e-19,0.0001,58.04,0
BottomS30797,14.9615,-9.8922,2.491e-19,2.541e-19,1.900e-19,0.0001,58.02,0
BottomS30800,15.0062,-9.8948,6.277e-20,7.263e-20,7.244e-20,0.0004,60.86,0
BottomS30802,15.0078,-9.8939,5.296e-20,6.085e-20,5.553e-20,0.0007,60.84,0
BottomS30804,14.9998,-9.8925,1.580e-18,3.198e-18,9.966e-18,-0.0006,60.77,0
BottomS30807,14.9920,-9.8899,2.808e-19,2.862e-19,2.196e-19,0.0002,60.37,0
BottomS30808,14.9572,-9.8922,4.325e-19,4.236e-19,2.903e-19,-0.0009,58.03,0
BottomS30809,14.9591,-9.8897,1.523e-20,1.949e-20,2.375e-20,0.0002,57.96,0
BottomS30810,15.0052,-9.8951,6.226e-14,5.050e-14,2.387e-14,-0.0003,60.88,1
BottomS30813,14.9626,-9.8963,2.608e-19,2.711e-19,2.156e-19,-0.0005,58.05,0
BottomS30815,15.0045,-9.8908,1.954e-18,1.587e-18,7.562e-19,0.0008,60.87,0
BottomS30816,15.0011,-9.8973,2.825e-19,3.031e-19,2.517e-19,-0.0,60.78,0
BottomS30819,14.9587,-9.8929,1.082e-19,1.196e-19,1.074e-19,-0.0002,57.93,0
BottomS30823,15.0123,-9.8924,9.141e-19,8.140e-19,4.570e-19,0.0,60.86,0
BottomS30824,15.0086,-9.8938,3.807e-19,3.804e-19,2.776e-19,-0.0002,60.88,0
BottomS30825,14.9552,-9.8936,2.644e-18,5.747e-18,2.022e-17,0.0002,57.97,0
BottomS30826,15.0144,-9.8866,3.359e-19,6.935e-19,2.231e-18,-0.0004,60.82,0
BottomS30827,15.0090,-9.8902,4.289e-18,3.365e-18,1.465e-18,0.0001,60.77,0
BottomS30828,14.9521,-9.8950,2.847e-18,4.071e-18,6.172e-18,0.0008,58.02,0
BottomS30830,14.9573,-9.8932,6.531e-19,1.085e-18,2.265e-18,-0.0003,58.0,0
BottomS30832,15.0099,-9.8942,1.351e-18,2.143e-18,3.976e-18,0.0009,60.89,0
BottomS30834,14.9625,-9.8944,6.906e-14,5.431e-14,2.443e-14,0.0003,58.03,1
BottomS30836,14.9586,-9.8929,1.789e-19,1.837e-19,1.417e-19,0.0005,58.08,0
BottomS30839,15.0010,-9.8896,3.155e-20,3.765e-20,3.939e-20,-0.0001,60.69,0
BottomS30841,14.9977,-9.8929,2.509e-18,2.035e-18,9.669e-19,-0.001,60.61,0
BottomS30848,14.9498,-9.8945,6.441e-19,1.206e-18,3.138e-18,0.0,58.0,0
BottomS30851,15.0130,-9.8877,1.134e-20,1.514e-20,1.996e-20,0.0008,60.8,0
BottomS30853,14.9494,-9.8962,2.248e-18,3.490e-18,6.108e-18,0.0008,57.97,0
BottomS30854,15.0125,-9.8891,1.314e-20,1.712e-20,2.116e-20,0.0003,60.85,0
BottomS30860,15.0042,-9.8923,9.139e-20,9.552e-20,7.325e-20,-0.0004,60.79,0
BottomS30861,15.0108,-9.8955,1.235e-18,1.061e-18,5.779e-19,-0.0005,60.85,0
BottomS30863,15.0157,-9.8940,5.274e-14,4.131e-14,1.799e-14,0.0008,60.82,1
BottomS30864,15.0134,-9.8934,1.794e-18,1.584e-18,8.983e-19,0.0008,60.85,0
BottomS30866,15.0241,-9.8936,1.538e-20,1.995e-20,2.510e-20,-0.0005,60.85,0
BottomS30867,15.0202,-9.8936,2.669e-19,2.738e-19,2.074e-19,0.0004,60.91,0
BottomS30868,14.9485,-9.8946,3.990e-18,3.291e-18,1.616e-18,0.0009,57.97,0
BottomS30869,15.0141,-9.8900,7.179e-19,1.421e-18,4.207e-18,0.0006,60.86,0
BottomS30871,15.0159,-9.8913,9.929e-19,8.973e-19,5.477e-19,-0.0001,60.81,0
BottomS30873,14.9453,-9.8960,3.113e-20,3.686e-20,3.869e-20,-0.0015,58.06,0
BottomS30874,14.9514,-9.8959,3.956e-18,3.208e-18,1.486e-18,0.0006,58.1,0
BottomS30875,15.0143,-9.8893,7.556e-19,1.245e-18,2.426e-18,0.0004,60.8,0
BottomS30877,14.9419,-9.8956,4.306e-20,4.770e-20,4.236e-20,0.0003,58.01,0
BottomS30878,15.0120,-9.8886,9.952e-19,9.086e-19,5.466e-19,-0.0003,60.76,0
BottomS30883,15.0241,-9.8930,2.015e-19,2.033e-19,1.547e-19,0.0008,60.84,0
BottomS30886,14.9381,-9.8928,2.312e-18,3.638e-18,6.647e-18,0.0004,58.1,0
BottomS30888,14.9482,-9.8937,3.838e-20,4.294e-20,3.918e-20,-0.0004,57.99,0
BottomS30890,14.9507,-9.8975,3.467e-14,2.583e-14,1.023e-14,0.0002,58.02,0
BottomS30891,14.9423,-9.8933,9.379e-19,1.561e-18,3.242e-18,0.0001,58.05,0
BottomS30893,14.9455,-9.8964,1.906e-18,3.043e-18,5.736e-18,0.0001,57.96,0
BottomS30894,15.0278,-9.8941,3.657e-14,2.572e-14,9.143e-15,-0.0001,60.77,0
BottomS30895,15.0189,-9.8888,4.881e-20,5.406e-20,4.897e-20,0.0001,60.83,0
BottomS30896,15.0213,-9.8883,7.746e-19,7.253e-19,4.522e-19,0.0004,60.92,0
BottomS30897,14.9401,-9.8910,1.038e-18,9.162e-19,5.290e-19,-0.0001,58.01,0
BottomS30899,14.9446,-9.8956,8.912e-19,1.414e-18,2.611e-18,-0.0011,58.16,0
BottomS30902,14.9434,-9.8926,2.211e-19,2.210e-19,1.591e-19,-0.0011,58.05,0
BottomS30904,14.9394,-9.8967,1.515e-18,1.267e-18,6.475e-19,0.001,58.06,0
BottomS30905,14.9354,-9.8918,1.606e-18,3.371e-18,1.113e-17,0.0002,58.06,0
BottomS30906,15.0231,-9.8902,1.798e-17,1.379e-17,5.999e-18,-0.0007,60.84,1
BottomS30907,15.0193,-9.8935,1.235e-19,1.302e-19,1.091e-19,-0.0006,60.83,0
BottomS30909,15.0236,-9.8901,2.801e-19,2.930e-19,2.235e-19,-0.0002,60.8,0
BottomS30910,14.9387,-9.8962,6.234e-19,9.902e-19,1.901e-18,-0.0002,58.05,0
BottomS30913,14.9455,-9.8955,2.234e-19,2.379e-19,1.937e-19,0.0005,57.95,0
BottomS30914,15.0292,-9.8947,4.338e-17,2.991e-17,1.041e-17,-0.0009,60.82,0
BottomS30915,15.0201,-9.8916,3.833e-20,4.330e-20,3.850e-20,0.0001,60.76,0
BottomS30918,14.9366,-9.8923,1.467e-18,2.826e-18,7.759e-18,-0.0004,58.09,0
BottomS30920,14.9360,-9.8956,2.419e-20,2.934e-20,3.129e-20,-0.0001,58.08,0
BottomS30923,14.9333,-9.8934,2.352e-20,2.911e-20,3.271e-20,-0.0006,58.04,0
BottomS30925,14.9375,-9.8953,4.933e-19,4.695e-19,3.095e-19,0.0006,58.04,0
BottomS30926,14.9339,-9.8945,2.732e-17,2.007e-17,7.679e-18,-0.0003,58.14,0
BottomS30927,14.9341,-9.8950,2.491e-17,1.867e-17,7.578e-18,0.0002,58.14,0
BottomS30928,15.0317,-9.8914,7.249e-17,5.455e-17,2.216e-17,-0.0001,60.7,0
BottomS30929,15.0270,-9.8901,1.931e-17,1.492e-17,6.692e-18,0.0001,60.63,1
BottomS30931,14.9378,-9.8972,1.401e-18,2.255e-18,4.441e-18,0.0003,58.31,0
BottomS30932,15.0281,-9.8880,2.021e-17,1.531e-17,6.228e-18,0.0005,60.56,1
BottomS30933,14.9397,-9.8995,6.874e-17,4.969e-17,1.834e-17,0.0,58.38,0
BottomS30934,14.9417,-9.8990,1.291e-16,9.197e-17,3.337e-17,-0.0007,58.43,0
BottomS30935,15.0209,-9.8869,7.796e-17,5.472e-17,1.958e-17,-0.0003,60.4,0
BottomS30936,14.9449,-9.8995,2.529e-16,1.692e-16,5.474e-17,-0.0004,58.49,0
BottomS30937,14.9451,-9.9004,7.985e-17,5.757e-17,2.130e-17,-0.0006,58.55,0
BottomS30938,15.0154,-9.8861,1.257e-19,1.337e-19,1.097e-19,0.0002,60.25,0
BottomS30939,14.9533,-9.9008,2.275e-18,2.020e-18,1.110e-18,0.0001,58.72,0
BottomS30940,14.9530,-9.9020,1.609e-16,1.114e-16,3.870e-17,0.0005,58.76,0
BottomS30941,14.9554,-9.9031,1.458e-18,2.309e-18,4.242e-18,0.0005,58.82,0
BottomS30942,15.0081,-9.8839,1.491e-18,3.081e-18,1.002e-17,-0.0001,60.03,0
BottomS30943,14.9592,-9.9021,3.627e-20,4.225e-20,4.243e-20,-0.0001,58.94,0
BottomS30944,14.9641,-9.9020,2.299e-18,1.974e-18,1.076e-18,-0.001,59.01,0
BottomS30945,14.9672,-9.9030,1.562e-18,3.141e-18,9.687e-18,0.0004,59.08,0
BottomS30946,14.9948,-9.8818,1.617e-16,1.096e-16,3.711e-17,0.0007,59.72,0
BottomS30947,14.9688,-9.9029,6.596e-18,5.517e-18,2.738e-18,-0.0006,59.08,0
BottomS30948,14.9746,-9.9054,1.612e-15,1.061e-15,3.315e-16,0.0001,59.26,0
BottomS30949,14.9772,-9.9052,2.716e-16,1.954e-16,7.087e-17,0.0009,59.31,0
BottomS30950,14.9800,-9.9053,4.721e-19,7.718e-19,1.528e-18,0.0007,59.38,0
BottomS30951,14.9817,-9.8808,4.152e-17,3.039e-17,1.152e-17,-0.0004,59.42,0
BottomS30952,14.9787,-9.8803,6.054e-17,4.514e-17,1.817e-17,0.0012,59.35,0
BottomS30953,14.9741,-9.8803,5.892e-16,4.024e-16,1.365e-16,0.0006,59.26,0
BottomS30954,14.9698,-9.8794,2.035e-18,1.775e-18,9.502e-19,-0.0004,59.21,0
BottomS30955,14.9964,-9.9065,1.014e-16,7.280e-17,2.704e-17,-0.0005,59.69,0
BottomS30956,15.0009,-9.9052,6.079e-17,4.435e-17,1.748e-17,-0.0011,59.79,0
BottomS30957,15.0041,-9.9061,3.831e-14,3.540e-14,2.195e-14,-0.0002,59.83,1
BottomS30958,15.0063,-9.9058,1.941e-18,3.032e-18,5.409e-18,-0.0,59.93,0
BottomS30959,15.0115,-9.9062,3.936e-19,3.903e-19,2.719e-19,-0.0006,59.96,0
BottomS30960,15.0144,-9.9061,6.224e-14,4.783e-14,2.006e-14,-0.0001,60.04,1
BottomS30961,15.0170,-9.9065,1.384e-18,2.433e-18,5.752e-18,0.0003,60.11,0
BottomS30962,14.9451,-9.8812,8.389e-17,5.791e-17,2.023e-17,-0.0009,58.71,0
BottomS30963,14.9403,-9.8802,5.656e-19,5.651e-19,4.073e-19,-0.0004,58.66,0
BottomS30964,14.9387,-9.8808,2.154e-14,1.469e-14,4.885e-15,-0.0003,58.59,0
BottomS30965,15.0290,-9.9057,6.654e-18,5.219e-18,2.297e-18,-0.0,60.31,0
BottomS30966,15.0317,-9.9042,1.242e-18,1.100e-18,6.184e-19,0.0,60.42,0
BottomS30967,15.0361,-9.9041,2.118e-18,1.963e-18,1.225e-18,0.0003,60.44,0
BottomS30968,15.0366,-9.9041,5.178e-17,3.722e-17,1.410e-17,-0.0001,60.43,0
BottomS30970,14.9231,-9.8816,2.435e-18,2.009e-18,1.030e-18,-0.0006,58.29,0
BottomS30971,15.0470,-9.9035,1.393e-17,1.049e-17,4.329e-18,0.0013,60.55,1
BottomS30972,15.0484,-9.9018,4.334e-18,3.471e-18,1.588e-18,0.0002,60.61,0
BottomS30973,14.9152,-9.8850,1.773e-18,1.441e-18,6.674e-19,0.0012,58.25,0
BottomS30974,14.9162,-9.8854,5.252e-17,3.855e-17,1.464e-17,-0.0,58.14,0
BottomS30975,14.9159,-9.8854,1.151e-17,8.619e-18,3.569e-18,0.0,58.2,1
BottomS30976,14.9072,-9.8869,7.160e-17,5.013e-17,1.829e-17,0.0003,58.14,0
BottomS30977,14.9053,-9.8855,1.843e-18,1.627e-18,9.147e-19,-0.0005,58.14,0
BottomS30978,14.8985,-9.8882,5.622e-17,3.868e-17,1.368e-17,-0.0009,58.07,0
BottomS30979,14.9010,-9.8879,1.990e-16,1.389e-16,4.928e-17,0.0003,58.08,0
BottomS30980,14.9036,-9.8882,1.672e-18,1.488e-18,8.497e-19,-0.0009,58.07,0
BottomS30981,14.9010,-9.8888,4.264e-17,2.954e-17,9.934e-18,0.0004,58.09,0
BottomS30982,14.9015,-9.8907,4.000e-19,3.839e-19,2.567e-19,0.0005,58.1,0
BottomS30983,14.8992,-9.8902,2.123e-18,1.779e-18,8.911e-19,0.0002,58.07,0
BottomS30984,15.0670,-9.8943,1.211e-17,9.354e-18,4.242e-18,0.0007,60.81,1
BottomS30985,14.9021,-9.8927,1.147e-16,8.130e-17,2.918e-17,0.0005,58.07,0
BottomS30986,15.0668,-9.8926,4.618e-17,3.363e-17,1.263e-17,-0.0008,60.8,0
BottomS30987,15.0690,-9.8927,2.283e-18,1.861e-18,9.290e-19,-0.001,60.77,0
BottomS30988,15.0660,-9.8920,1.111e-18,2.590e-18,1.088e-17,-0.0002,60.77,0
BottomS30989,15.0679,-9.8901,5.078e-18,4.108e-18,1.945e-18,-0.0004,60.75,0
BottomS30990,15.0640,-9.8893,1.193e-16,8.430e-17,3.074e-17,0.0004,60.7,0
BottomS30991,15.0641,-9.8894,8.518e-18,2.165e-17,1.046e-16,-0.0004,60.71,0
BottomS30992,14.9049,-9.8973,3.963e-17,2.934e-17,1.129e-17,0.0007,58.22,0
BottomS30993,14.9085,-9.8978,4.920e-18,4.096e-18,2.030e-18,-0.0007,58.24,0
BottomS30994,15.0586,-9.8870,5.373e-16,3.603e-16,1.158e-16,-0.0001,60.61,0
BottomS30995,14.9095,-9.9006,5.704e-17,4.131e-17,1.604e-17,0.0014,58.28,0
BottomS30996,14.9110,-9.9003,8.937e-19,1.745e-18,5.061e-18,-0.0001,58.32,0
BottomS30997,15.0470,-9.8855,1.550e-18,1.333e-18,6.943e-19,-0.0006,60.49,0
BottomS30998,15.0477,-9.8849,8.830e-19,8.479e-19,5.606e-19,0.0004,60.45,0
BottomS30999,14.9199,-9.9018,5.115e-17,3.679e-17,1.429e-17,0.0002,58.49,0
BottomS31000,15.0463,-9.8828,1.947e-14,1.371e-14,4.866e-15,0.0006,60.39,0
BottomS31001,15.0443,-9.8824,6.356e-16,4.319e-16,1.440e-16,0.0002,60.38,0
BottomS31002,15.0369,-9.8818,2.232e-20,2.834e-20,3.261e-20,0.0002,60.27,0
BottomS31003,15.0295,-9.8809,3.986e-14,2.884e-14,1.072e-14,-0.0006,60.16,0
BottomS31005,15.0257,-9.8796,3.463e-17,2.519e-17,9.609e-18,0.0002,60.07,0
BottomS31006,14.9478,-9.9089,4.897e-14,4.187e-14,2.149e-14,-0.0005,58.88,1
BottomS31007,14.9479,-9.9071,3.279e-17,1.015e-16,7.849e-16,0.0002,58.89,0
BottomS31008,14.9517,-9.9096,1.678e-17,1.236e-17,4.859e-18,0.0005,58.95,0
BottomS31009,15.0145,-9.8776,9.845e-17,6.935e-17,2.482e-17,-0.0004,59.94,0
BottomS31011,15.0031,-9.8764,2.960e-17,2.189e-17,8.535e-18,0.0001,59.71,0
BottomS31012,14.9935,-9.8775,9.681e-18,7.558e-18,3.329e-18,0.0003,59.6,1
BottomS31013,14.9708,-9.9107,1.139e-16,8.243e-17,3.122e-17,0.0,59.25,0
BottomS31015,14.9842,-9.9106,4.788e-18,4.068e-18,2.150e-18,-0.0002,59.46,0
BottomS31016,14.9839,-9.9095,8.328e-18,6.360e-18,2.711e-18,-0.0005,59.46,1
BottomS31017,14.9908,-9.9109,9.753e-15,6.796e-15,2.374e-15,-0.0003,59.54,0
BottomS31018,14.9707,-9.8768,9.103e-17,6.576e-17,2.546e-17,0.0003,59.24,0
BottomS31019,15.0009,-9.9105,2.547e-18,2.215e-18,1.179e-18,-0.0002,59.67,0
BottomS31020,14.9582,-9.8737,8.886e-15,5.941e-15,1.932e-15,0.0,59.1,0
BottomS31021,15.0093,-9.9121,4.212e-14,2.982e-14,1.101e-14,-0.0005,59.8,0
BottomS31022,14.9525,-9.8764,1.815e-16,1.250e-16,4.410e-17,-0.0003,58.98,0
BottomS31023,14.9440,-9.8733,2.219e-17,1.681e-17,7.171e-18,-0.0008,58.92,1
BottomS31024,15.0235,-9.9109,7.469e-20,9.035e-20,9.646e-20,-0.001,60.02,0
BottomS31025,14.9370,-9.8762,8.250e-20,9.487e-20,9.107e-20,-0.0003,58.79,0
BottomS31026,14.9332,-9.8769,3.111e-17,2.356e-17,9.613e-18,-0.0006,58.7,1
BottomS31027,14.9293,-9.8768,1.212e-18,1.049e-18,5.841e-19,0.0006,58.65,0
BottomS31028,14.9244,-9.8757,1.443e-16,1.005e-16,3.560e-17,0.0007,58.61,0
BottomS31029,15.0448,-9.9102,7.711e-19,7.105e-19,4.331e-19,0.0,60.29,0
BottomS31030,14.9116,-9.8778,9.576e-18,7.349e-18,3.185e-18,-0.0001,58.43,1
BottomS31031,15.0533,-9.9086,2.944e-18,2.554e-18,1.397e-18,0.0006,60.38,0
BottomS31032,15.0561,-9.9099,1.023e-17,7.767e-18,3.291e-18,0.0001,60.41,1
BottomS31033,15.0610,-9.9079,5.912e-19,1.033e-18,2.380e-18,-0.0005,60.49,0
BottomS31034,14.9028,-9.8815,1.781e-16,1.206e-16,4.051e-17,-0.0,58.23,0
BottomS31035,15.0703,-9.9068,1.512e-18,1.300e-18,7.006e-19,0.0001,60.62,0
BottomS31036,15.0684,-9.9050,9.054e-17,6.459e-17,2.332e-17,0.0,60.59,0
BottomS31037,14.8904,-9.8806,1.352e-18,1.209e-18,6.817e-19,0.0005,58.14,0
BottomS31038,15.0798,-9.9054,1.341e-17,1.037e-17,4.627e-18,0.0007,60.68,1
BottomS31039,14.8954,-9.8816,6.443e-17,4.640e-17,1.713e-17,-0.0002,58.16,0
BottomS31040,15.0809,-9.9030,7.145e-17,4.928e-17,1.735e-17,0.0002,60.77,0
BottomS31041,15.0769,-9.9030,1.556e-20,1.991e-20,2.352e-20,-0.0002,60.78,0
BottomS31042,15.0799,-9.9004,1.980e-17,1.462e-17,6.007e-18,-0.0001,60.83,0
BottomS31043,14.8766,-9.8851,5.724e-19,5.333e-19,3.368e-19,-0.0004,58.05,0
BottomS31044,14.8815,-9.8861,7.843e-19,1.408e-18,3.457e-18,0.0003,58.04,0
BottomS31045,14.8824,-9.8873,2.921e-16,6.318e-16,2.223e-15,0.0002,58.01,0
BottomS31046,15.0970,-9.8976,8.989e-14,7.334e-14,3.517e-14,-0.0007,60.81,1
BottomS31047,14.8720,-9.8900,6.941e-18,5.710e-18,2.763e-18,0.001,58.04,0
BottomS31048,15.0973,-9.8961,2.832e-17,2.086e-17,8.067e-18,0.0006,60.86,0
BottomS31049,15.0868,-9.8947,4.141e-18,8.614e-18,2.902e-17,-0.0003,60.88,0
BottomS31050,14.8769,-9.8932,5.148e-19,5.106e-19,3.518e-19,-0.0002,58.06,0
BottomS31051,15.0869,-9.8935,2.978e-19,2.902e-19,2.021e-19,-0.0001,60.85,0
BottomS31052,15.0897,-9.8928,1.384e-18,1.166e-18,6.178e-19,-0.0001,60.8,0
BottomS31053,14.8717,-9.8950,2.031e-19,2.055e-19,1.567e-19,0.0011,58.05,0
BottomS31054,14.8802,-9.8971,2.201e-16,1.472e-16,4.969e-17,0.0007,58.11,0
BottomS31055,15.0841,-9.8888,4.790e-18,3.897e-18,1.872e-18,0.0009,60.76,0
BottomS31057,14.8854,-9.8981,1.489e-17,1.125e-17,4.861e-18,0.0002,58.16,1
BottomS31058,14.8822,-9.8997,1.897e-18,1.647e-18,8.800e-19,0.0008,58.19,0
BottomS31059,14.8843,-9.9011,1.817e-16,1.261e-16,4.529e-17,0.0003,58.24,0
BottomS31060,15.0655,-9.8837,2.138e-17,1.550e-17,6.114e-18,0.0003,60.55,0
BottomS31061,15.0712,-9.8846,5.377e-19,4.961e-19,3.040e-19,0.0001,60.55,0
BottomS31063,14.9054,-9.9060,2.783e-18,2.386e-18,1.292e-18,0.0003,58.45,0
BottomS31064,14.9061,-9.9074,1.216e-17,9.335e-18,4.136e-18,0.0001,58.45,1
BottomS31065,15.0537,-9.8800,8.003e-19,1.729e-18,6.283e-18,-0.0005,60.32,0
BottomS31066,14.9088,-9.9083,1.355e-15,8.875e-16,2.765e-16,0.0008,58.56,0
BottomS31067,15.0484,-9.8772,1.572e-18,1.383e-18,7.884e-19,-0.0006,60.24,0
BottomS31068,14.9183,-9.9081,1.284e-18,1.173e-18,6.844e-19,0.0007,58.65,0
BottomS31070,14.9321,-9.9107,4.069e-14,2.924e-14,1.123e-14,-0.0006,58.83,0
BottomS31071,14.9269,-9.9102,5.361e-14,3.883e-14,1.486e-14,-0.0002,58.73,0
BottomS31072,15.0270,-9.8756,9.270e-18,7.425e-18,3.483e-18,-0.0008,60.0,0
BottomS31073,15.0220,-9.8714,4.746e-18,3.829e-18,1.805e-18,0.0,59.89,0
BottomS31074,14.9429,-9.9119,1.453e-20,1.782e-20,1.988e-20,0.0003,58.93,0
BottomS31075,14.9558,-9.9140,1.235e-18,1.156e-18,7.070e-19,0.0,59.11,0
BottomS31076,15.0004,-9.8729,1.102e-14,7.430e-15,2.457e-15,0.0005,59.63,0
BottomS31077,14.9960,-9.8724,2.494e-16,1.720e-16,5.773e-17,-0.0005,59.58,0
BottomS31078,14.9715,-9.9143,4.541e-18,3.928e-18,2.103e-18,0.0004,59.29,0
BottomS31079,14.9791,-9.9148,2.336e-18,4.947e-18,1.636e-17,0.0002,59.39,0
BottomS31080,14.9820,-9.8708,3.384e-17,2.488e-17,9.855e-18,-0.0002,59.45,0
BottomS31081,14.9895,-9.9154,4.120e-19,3.985e-19,2.788e-19,0.0004,59.53,0
BottomS31082,14.9968,-9.9159,4.611e-18,3.695e-18,1.647e-18,0.0005,59.57,0
BottomS31083,14.9605,-9.8700,5.351e-17,3.983e-17,1.578e-17,0.0007,59.22,0
BottomS31084,15.0110,-9.9181,9.937e-17,7.071e-17,2.527e-17,-0.0009,59.74,0
BottomS31085,14.9512,-9.8715,1.402e-17,1.064e-17,4.311e-18,-0.0001,59.06,1
BottomS31086,14.9446,-9.8703,6.240e-18,4.889e-18,2.137e-18,-0.0009,59.02,0
BottomS31087,14.9369,-9.8951,8.427e-18,6.431e-18,2.771e-18,0.0002,58.08,0
BottomS31091,15.0219,-9.8901,9.871e-19,1.695e-18,3.705e-18,-0.0003,60.61,0
BottomS31092,14.9432,-9.8992,1.485e-16,4.822e-16,4.233e-15,-0.0002,58.29,0
BottomS31093,14.9461,-9.8976,3.610e-19,3.519e-19,2.394e-19,0.0013,58.26,0
BottomS31094,14.9447,-9.8976,2.026e-14,2.133e-14,1.748e-14,0.0002,58.35,1
BottomS31095,15.0202,-9.8874,6.429e-19,6.118e-19,3.994e-19,0.0002,60.42,0
BottomS31096,14.9425,-9.8996,1.263e-18,1.173e-18,7.372e-19,-0.0004,58.34,0
BottomS31098,14.9441,-9.9012,6.971e-18,5.565e-18,2.483e-18,-0.0001,58.47,1
BottomS31100,14.9518,-9.8996,5.537e-20,6.493e-20,6.491e-20,-0.0002,58.57,0
BottomS31101,14.9524,-9.8981,5.950e-20,6.887e-20,6.543e-20,0.0007,58.6,0
BottomS31103,15.0146,-9.8847,5.129e-19,4.844e-19,3.057e-19,-0.0001,60.25,0
BottomS31104,15.0130,-9.8854,1.222e-17,9.088e-18,3.796e-18,0.0007,60.19,1
BottomS31106,14.9544,-9.9011,1.811e-18,3.350e-18,8.565e-18,-0.0008,58.76,0
BottomS31107,14.9976,-9.8850,1.411e-17,1.101e-17,4.724e-18,-0.0004,59.81,1
BottomS31108,14.9628,-9.9044,5.383e-18,4.198e-18,1.898e-18,-0.0008,59.0,0
BottomS31112,14.9905,-9.8799,6.494e-19,1.367e-18,4.824e-18,0.0,59.6,0
BottomS31113,14.9700,-9.9037,5.617e-19,5.475e-19,3.642e-19,0.001,59.17,0
BottomS31114,14.9741,-9.9058,7.318e-19,6.677e-19,3.956e-19,0.0006,59.26,0
BottomS31115,14.9730,-9.9019,3.863e-14,3.574e-14,2.194e-14,0.0003,59.16,1
BottomS31116,14.9756,-9.9040,5.994e-18,5.036e-18,2.498e-18,-0.0004,59.28,0
BottomS31118,14.9792,-9.9044,1.204e-18,2.158e-18,5.319e-18,0.0001,59.34,0
BottomS31119,14.9868,-9.9058,5.803e-18,4.668e-18,2.137e-18,0.001,59.52,0
BottomS31120,14.9757,-9.8809,3.249e-18,2.551e-18,1.126e-18,0.0008,59.31,0
BottomS31121,14.9734,-9.8781,1.449e-20,1.907e-20,2.439e-20,0.0012,59.28,0
BottomS31126,14.9624,-9.8792,4.160e-18,3.353e-18,1.552e-18,-0.0005,59.06,0
BottomS31127,14.9631,-9.8825,8.492e-18,6.509e-18,2.753e-18,0.0,58.99,1
BottomS31128,15.0056,-9.9054,1.627e-17,1.230e-17,5.092e-18,-0.0006,59.89,1
BottomS31129,15.0087,-9.9044,4.687e-14,3.884e-14,1.953e-14,-0.0008,59.96,1
BottomS31131,14.9501,-9.8810,3.755e-18,3.010e-18,1.363e-18,-0.0005,58.84,0
BottomS31132,14.9502,-9.8811,2.333e-16,1.588e-16,5.312e-17,0.0002,58.8,0
BottomS31133,14.9488,-9.8828,9.638e-19,1.530e-18,2.860e-18,-0.0002,58.72,0
BottomS31134,14.9452,-9.8782,1.552e-19,1.637e-19,1.301e-19,-0.0002,58.71,0
BottomS31135,14.9402,-9.8797,9.341e-19,1.744e-18,4.442e-18,0.0004,58.68,0
BottomS31136,15.0237,-9.9027,5.418e-18,4.477e-18,2.204e-18,0.0006,60.3,0
BottomS31138,14.9357,-9.8785,4.163e-20,4.978e-20,5.199e-20,0.0016,58.5,0
BottomS31139,15.0315,-9.9015,5.232e-19,5.057e-19,3.368e-19,0.0006,60.42,0
BottomS31140,14.9329,-9.8804,1.446e-17,1.114e-17,4.643e-18,0.0004,58.54,1
BottomS31141,15.0299,-9.9034,3.950e-18,3.362e-18,1.750e-18,0.0011,60.31,0
BottomS31142,15.0486,-9.9058,2.102e-18,1.759e-18,9.220e-19,-0.0,60.47,0
BottomS31143,14.9233,-9.8834,2.757e-19,2.812e-19,2.130e-19,0.0004,58.4,0
BottomS31145,15.0471,-9.9025,1.814e-18,3.003e-18,6.070e-18,-0.0005,60.61,0
BottomS31149,15.0462,-9.9005,3.161e-19,3.058e-19,2.073e-19,-0.0011,60.68,0
BottomS31150,15.0446,-9.9022,5.350e-18,4.172e-18,1.839e-18,0.0001,60.6,0
BottomS31151,15.0531,-9.9015,8.508e-19,7.765e-19,4.567e-19,0.0015,60.79,0
BottomS31152,14.9084,-9.8829,2.391e-17,1.793e-17,7.236e-18,0.0007,58.2,0
BottomS31154,14.9052,-9.8869,9.592e-19,1.728e-18,4.367e-18,0.0008,58.1,0
BottomS31158,14.9087,-9.8853,1.066e-18,1.773e-18,3.674e-18,0.0004,58.03,0
BottomS31160,15.0648,-9.8972,3.377e-15,2.214e-15,7.002e-16,0.0001,60.8,0
BottomS31162,14.8953,-9.8915,9.391e-20,1.065e-19,9.705e-20,0.0002,58.03,0
BottomS31163,14.9010,-9.8899,7.122e-18,5.780e-18,2.625e-18,0.0007,58.06,0
BottomS31165,14.9092,-9.8952,5.851e-19,8.850e-19,1.453e-18,-0.0008,58.04,0
BottomS31166,14.9019,-9.8932,2.638e-18,2.198e-18,1.071e-18,0.0009,58.06,0
BottomS31169,15.0650,-9.8925,5.228e-18,4.222e-18,2.027e-18,0.001,60.75,0
BottomS31170,15.0588,-9.8906,1.815e-17,1.375e-17,5.550e-18,-0.0004,60.71,0
BottomS31171,14.9076,-9.8950,1.343e-20,1.638e-20,1.769e-20,0.0001,58.14,0
BottomS31173,14.9122,-9.8971,9.685e-19,9.262e-19,5.901e-19,0.0001,58.14,0
BottomS31174,15.0599,-9.8894,5.928e-18,4.845e-18,2.361e-18,-0.0003,60.62,0
BottomS31175,15.0590,-9.8891,2.601e-14,1.768e-14,5.959e-15,0.0009,60.63,0
BottomS31176,14.9015,-9.9007,6.627e-20,6.965e-20,5.623e-20,0.0014,58.21,0
BottomS31177,14.9135,-9.8974,6.718e-18,5.477e-18,2.551e-18,0.0,58.27,0
BottomS31178,15.0623,-9.8867,3.290e-18,7.813e-18,3.523e-17,-0.0002,60.64,0
BottomS31179,14.9187,-9.9019,1.993e-19,2.155e-19,1.913e-19,0.0002,58.38,0
BottomS31180,15.0613,-9.8847,1.330e-18,1.160e-18,6.358e-19,-0.0007,60.56,0
BottomS31181,15.0452,-9.8830,1.700e-18,1.452e-18,7.546e-19,0.0002,60.41,0
BottomS31182,15.0446,-9.8824,4.069e-19,3.885e-19,2.620e-19,-0.0006,60.4,0
BottomS31184,14.9183,-9.9035,2.221e-18,1.825e-18,8.818e-19,0.0007,58.44,0
BottomS31185,15.0453,-9.8829,2.190e-19,2.248e-19,1.649e-19,0.0007,60.4,0
BottomS31187,14.9292,-9.9038,1.216e-18,2.504e-18,8.173e-18,0.0002,58.57,0
BottomS31188,14.9305,-9.9043,1.148e-18,1.066e-18,6.630e-19,-0.0002,58.63,0
BottomS31189,15.0264,-9.8825,6.513e-20,7.405e-20,6.733e-20,-0.0003,60.17,0
BottomS31190,14.9335,-9.9060,6.193e-20,7.046e-20,6.360e-20,-0.0002,58.66,0
BottomS31191,15.0235,-9.8797,1.532e-20,1.915e-20,2.167e-20,-0.0001,60.13,0
BottomS31192,15.0256,-9.8775,6.225e-18,4.817e-18,2.169e-18,0.0001,60.06,1
BottomS31193,15.0235,-9.8804,2.422e-19,2.468e-19,1.808e-19,-0.0009,60.08,0
BottomS31194,14.9478,-9.9067,1.830e-19,1.862e-19,1.362e-19,0.0007,58.9,0
BottomS31195,14.9434,-9.9069,2.146e-18,1.838e-18,9.499e-19,0.0001,58.77,0
BottomS31196,15.0111,-9.8794,9.980e-18,7.670e-18,3.394e-18,0.0002,59.87,1
BottomS31199,14.9661,-9.9121,2.361e-18,2.024e-18,1.089e-18,0.0002,59.23,0
BottomS31202,14.9757,-9.9107,3.398e-18,2.860e-18,1.463e-18,-0.0002,59.31,0
BottomS31204,14.9842,-9.8754,1.230e-19,1.436e-19,1.394e-19,0.0003,59.46,0
BottomS31207,14.9936,-9.9132,6.666e-19,1.094e-18,2.214e-18,0.0004,59.58,0
BottomS31208,14.9976,-9.9122,1.989e-19,2.086e-19,1.630e-19,-0.0009,59.62,0
BottomS31209,14.9942,-9.9127,3.152e-18,2.617e-18,1.254e-18,0.0003,59.59,0
BottomS31210,14.9984,-9.9087,8.791e-17,6.293e-17,2.412e-17,-0.0,59.69,0
BottomS31211,15.0032,-9.9100,1.380e-18,2.225e-18,4.345e-18,-0.0007,59.73,0
BottomS31212,14.9564,-9.8731,1.455e-19,1.506e-19,1.176e-19,0.0006,59.05,0
BottomS31213,15.0088,-9.9094,3.473e-20,3.860e-20,3.499e-20,0.0003,59.82,0
BottomS31214,15.0144,-9.9107,1.448e-20,1.935e-20,2.573e-20,-0.0005,59.89,0
BottomS31215,14.9508,-9.8792,4.008e-18,3.412e-18,1.791e-18,-0.0001,58.9,0
BottomS31216,15.0172,-9.9071,8.351e-17,5.998e-17,2.200e-17,0.0003,59.95,0
BottomS31217,14.9413,-9.8749,1.632e-19,1.701e-19,1.339e-19,0.0007,58.8,0
BottomS31218,14.9379,-9.8757,1.088e-17,8.729e-18,3.970e-18,-0.0012,58.76,1
BottomS31219,15.0230,-9.9082,5.601e-18,4.401e-18,1.971e-18,0.0003,60.09,0
BottomS31220,14.9346,-9.8784,8.160e-19,1.602e-18,4.646e-18,0.0001,58.72,0
BottomS31221,14.9246,-9.8733,1.972e-18,4.898e-18,2.384e-17,-0.0004,58.68,0
BottomS31222,15.0417,-9.9096,3.788e-18,2.990e-18,1.346e-18,-0.0,60.25,0
BottomS31223,15.0459,-9.9088,2.982e-19,2.854e-19,1.871e-19,-0.0003,60.35,0
BottomS31224,14.9198,-9.8790,8.488e-19,1.755e-18,5.525e-18,-0.0006,58.53,0
BottomS31226,15.0500,-9.9076,4.729e-19,4.257e-19,2.466e-19,-0.0001,60.46,0
BottomS31227,14.9139,-9.8796,1.283e-18,2.638e-18,8.277e-18,0.0001,58.41,0
BottomS31228,14.9067,-9.8788,3.578e-18,2.893e-18,1.338e-18,0.0003,58.39,0
BottomS31229,14.9102,-9.8820,1.065e-19,1.186e-19,1.104e-19,0.0004,58.34,0
BottomS31230,14.9037,-9.8773,2.076e-19,2.128e-19,1.635e-19,0.0002,58.33,0
BottomS31231,15.0721,-9.9055,1.360e-19,1.500e-19,1.344e-19,-0.0,60.61,0
BottomS31232,15.0693,-9.9066,1.957e-18,1.715e-18,9.058e-19,0.0004,60.62,0
BottomS31233,14.8841,-9.8848,5.542e-14,3.943e-14,1.506e-14,-0.0002,58.11,0
BottomS31235,15.0840,-9.9054,2.701e-19,4.606e-19,1.035e-18,-0.0002,60.68,0
BottomS31236,15.0760,-9.9035,2.282e-16,1.607e-16,5.734e-17,-0.0006,60.76,0
BottomS31237,14.8946,-9.8814,1.002e-18,8.613e-19,4.651e-19,-0.0001,58.15,0
BottomS31238,14.8871,-9.8811,2.210e-20,2.666e-20,2.897e-20,-0.0002,58.18,0
BottomS31240,14.8792,-9.8847,4.795e-19,7.440e-19,1.273e-18,0.0006,58.07,0
BottomS31242,15.0876,-9.9007,2.322e-18,1.962e-18,9.952e-19,-0.0001,60.84,0
BottomS31243,15.0935,-9.9035,4.940e-14,3.763e-14,1.589e-14,-0.0002,60.82,1
BottomS31244,14.8819,-9.8878,2.701e-19,2.761e-19,2.134e-19,0.0006,58.02,0
BottomS31245,15.0900,-9.9000,6.954e-19,6.592e-19,4.312e-19,0.0001,60.83,0
BottomS31246,15.0780,-9.8962,3.466e-19,3.349e-19,2.260e-19,-0.0009,60.84,0
BottomS31247,15.0831,-9.8965,1.660e-19,1.822e-19,1.614e-19,-0.0006,60.82,0
BottomS31249,14.8773,-9.8898,2.793e-18,2.323e-18,1.135e-18,-0.0,58.04,0
BottomS31250,14.8839,-9.8935,2.393e-18,4.701e-18,1.356e-17,0.0006,58.0,0
BottomS31251,14.8800,-9.8906,5.758e-20,6.510e-20,6.293e-20,0.0002,58.0,0
BottomS31252,15.1019,-9.8946,8.635e-19,1.465e-18,3.062e-18,0.0005,60.79,0
BottomS31253,15.0860,-9.8945,9.022e-19,2.035e-18,8.188e-18,0.0004,60.8,0
BottomS31254,14.8864,-9.8946,1.386e-19,1.465e-19,1.163e-19,-0.0001,58.04,0
BottomS31255,14.8903,-9.8941,3.499e-19,3.445e-19,2.431e-19,0.0,58.02,0
BottomS31257,15.0869,-9.8886,1.012e-17,2.911e-17,1.831e-16,0.0002,60.73,0
BottomS31258,15.0752,-9.8893,6.280e-18,4.883e-18,2.069e-18,-0.0001,60.74,1
BottomS31259,14.8818,-9.8974,8.939e-20,9.559e-20,7.873e-20,-0.0,58.13,0
BottomS31260,14.8918,-9.8994,6.206e-20,7.274e-20,7.112e-20,0.0001,58.17,0
BottomS31262,14.8790,-9.8995,4.922e-18,4.002e-18,1.896e-18,-0.0002,58.19,0
BottomS31263,15.0737,-9.8874,2.544e-18,2.112e-18,1.058e-18,0.0002,60.63,0
BottomS31264,15.0835,-9.8834,9.379e-19,8.156e-19,4.457e-19,0.0004,60.65,0
BottomS31265,15.0880,-9.8818,1.240e-20,1.585e-20,1.944e-20,-0.0003,60.56,0
BottomS31266,15.0707,-9.8817,2.951e-20,3.515e-20,3.648e-20,-0.0007,60.5,0
BottomS31268,15.0632,-9.8815,1.083e-18,1.860e-18,4.013e-18,-0.0,60.5,0
BottomS31271,14.9062,-9.9057,4.283e-18,1.078e-17,5.312e-17,0.0006,58.45,0
BottomS31272,15.0638,-9.8799,2.451e-16,1.651e-16,5.465e-17,-0.0005,60.35,0
BottomS31273,15.0471,-9.8779,2.122e-18,1.775e-18,9.011e-19,-0.0006,60.26,0
BottomS31274,14.9226,-9.9093,4.047e-20,4.733e-20,4.677e-20,-0.0005,58.66,0
BottomS31275,15.0455,-9.8792,5.305e-17,3.853e-17,1.418e-17,-0.001,60.23,0
BottomS31276,14.9232,-9.9086,3.297e-19,3.087e-19,1.988e-19,-0.0003,58.71,0
BottomS31277,14.9289,-9.9107,4.249e-14,3.011e-14,1.065e-14,0.0007,58.82,0
BottomS31279,15.0327,-9.8746,1.029e-17,8.041e-18,3.577e-18,0.0002,60.05,1
BottomS31280,14.9376,-9.9084,9.575e-19,1.512e-18,2.757e-18,0.0005,58.84,0
BottomS31281,14.9337,-9.9125,3.350e-18,2.648e-18,1.228e-18,0.0006,58.83,0
BottomS31282,14.9438,-9.9138,2.983e-19,2.819e-19,1.836e-19,0.0002,58.99,0
BottomS31283,14.9468,-9.9093,1.744e-18,1.511e-18,8.329e-19,0.0002,58.93,0
BottomS31284,15.0102,-9.8692,1.053e-20,1.348e-20,1.618e-20,-0.0003,59.74,0
BottomS31285,15.0073,-9.8747,1.140e-18,1.539e-18,2.039e-18,-0.0001,59.74,0
BottomS31291,14.9782,-9.8683,6.993e-18,5.437e-18,2.457e-18,0.0008,59.41,1
BottomS31292,14.9817,-9.8730,1.389e-19,1.398e-19,1.046e-19,0.0001,59.42,0
BottomS31296,14.9663,-9.8739,3.640e-19,3.447e-19,2.163e-19,-0.0,59.19,0
BottomS31298,14.9550,-9.8726,1.655e-17,1.194e-17,4.602e-18,0.0002,59.09,0
BottomS31299,14.9509,-9.8724,2.663e-17,2.026e-17,8.138e-18,0.0001,59.06,0
BottomS31300,14.9435,-9.8712,3.764e-18,3.040e-18,1.410e-18,0.0001,58.99,0
BottomS31301,14.9331,-9.8692,1.050e-19,1.172e-19,1.014e-19,-0.0002,58.93,0
BottomS31302,14.9344,-9.8716,5.185e-20,5.962e-20,5.598e-20,0.0002,58.9,0
BottomS31303,15.0230,-9.9116,2.257e-19,2.149e-19,1.450e-19,0.0001,60.0,0
BottomS31304,15.0346,-9.9138,1.838e-20,2.441e-20,3.154e-20,0.0001,60.06,0
BottomS31305,14.9219,-9.8697,9.345e-19,1.960e-18,6.307e-18,0.0004,58.74,0
BottomS31308,14.8735,-10.1250,9.589e-20,1.066e-19,9.498e-20,-0.0,52.42,0
BottomS31312,14.9893,-10.1277,4.834e-19,4.642e-19,3.012e-19,0.0002,51.1,0
BottomS31316,15.0141,-10.1336,1.256e-19,1.285e-19,9.694e-20,0.0004,50.45,0
BottomS31320,15.0100,-10.1277,1.522e-20,1.862e-20,1.986e-20,-0.0011,50.64,0
BottomS31321,14.9858,-10.1292,1.044e-20,1.409e-20,1.896e-20,-0.0003,51.28,0
BottomS31327,14.9890,-10.1399,3.090e-20,3.651e-20,3.819e-20,-0.0001,51.1,0
BottomS31328,15.0021,-10.1440,1.244e-18,2.165e-18,4.856e-18,-0.0002,50.5,0
BottomS31333,15.0268,-10.2059,1.944e-20,2.591e-20,3.305e-20,0.0004,51.18,0
BottomS31334,14.9777,-10.1289,1.412e-19,1.465e-19,1.120e-19,0.0004,52.05,0
BottomS31338,14.9562,-10.1234,1.079e-18,1.668e-18,3.000e-18,-0.0001,52.35,0
BottomS31339,14.9520,-10.1402,2.160e-20,2.533e-20,2.572e-20,0.0013,51.97,0
BottomS31340,14.9914,-10.1310,3.048e-20,3.775e-20,4.158e-20,0.0008,50.98,0
BottomS31341,15.0259,-10.1473,3.142e-19,2.979e-19,1.958e-19,-0.0001,50.25,0
BottomS31350,14.9924,-10.1338,4.612e-20,5.283e-20,5.157e-20,0.0006,50.77,0
BottomS31353,14.8996,-10.1288,7.138e-14,5.025e-14,1.853e-14,0.0002,52.42,0
BottomS31359,14.9902,-10.1350,1.169e-19,1.218e-19,9.369e-20,-0.0,50.53,0
BottomS31360,14.9755,-10.1232,9.314e-19,8.251e-19,4.619e-19,-0.0001,51.96,0
BottomS31362,14.9716,-10.1169,1.115e-19,1.241e-19,1.120e-19,0.0008,51.84,0
BottomS31366,14.9831,-10.1640,1.315e-20,1.631e-20,1.869e-20,0.0004,51.37,0
BottomS31377,14.9675,-10.1071,2.593e-18,4.801e-18,1.236e-17,0.0006,51.61,0
BottomS31382,14.9833,-10.1112,5.432e-14,3.783e-14,1.403e-14,0.0002,51.42,0
BottomS31386,14.9788,-10.1390,1.494e-19,1.666e-19,1.446e-19,0.0001,51.66,0
BottomS31388,14.9786,-10.1324,5.180e-20,5.842e-20,5.518e-20,0.0001,52.06,0
BottomS31392,14.9878,-10.1468,8.666e-20,9.956e-20,9.722e-20,-0.0011,51.17,0
BottomS31398,14.9853,-10.1385,2.072e-20,2.491e-20,2.699e-20,-0.0,51.32,0
BottomS31402,14.9868,-10.1311,1.180e-18,1.066e-18,6.396e-19,-0.0001,51.13,0
BottomS31407,15.0026,-10.1447,3.677e-19,5.083e-19,7.056e-19,-0.0001,50.69,0
BottomS31412,15.0062,-10.1527,1.379e-19,1.477e-19,1.227e-19,-0.0004,51.02,0
BottomS31413,15.0169,-10.1479,1.623e-19,1.699e-19,1.334e-19,-0.0004,50.6,0
BottomS31415,15.0322,-10.1441,3.012e-19,2.975e-19,2.139e-19,-0.0001,50.31,0
BottomS31421,14.9851,-10.1320,2.205e-18,1.907e-18,1.012e-18,0.0005,52.15,0
BottomS31422,14.9618,-10.1120,3.022e-20,3.421e-20,3.251e-20,-0.0,51.91,0
BottomS31424,14.9786,-10.1332,1.797e-19,1.928e-19,1.535e-19,0.0004,51.79,0
BottomS31429,14.9842,-10.1031,1.173e-18,2.283e-18,6.637e-18,0.0002,51.41,0
BottomS31430,14.9851,-10.1312,8.751e-15,5.824e-15,1.898e-15,0.0,52.13,0
BottomS31434,15.0514,-10.1382,1.463e-19,1.526e-19,1.257e-19,0.0003,50.32,0
BottomS31437,14.9871,-10.1363,7.441e-19,6.531e-19,3.546e-19,-0.0006,51.02,0
BottomS31439,14.9923,-10.1360,5.910e-19,5.787e-19,4.038e-19,-0.0005,50.61,0
BottomS31444,14.9455,-10.1389,1.548e-18,3.032e-18,8.525e-18,-0.0003,52.02,0
BottomS31445,15.0019,-10.1414,3.150e-19,3.224e-19,2.342e-19,-0.0003,50.7,0
BottomS31451,14.9744,-10.1231,2.674e-20,3.162e-20,3.366e-20,0.0002,51.9,0
BottomS31455,14.9871,-10.1383,2.946e-20,3.654e-20,4.089e-20,0.0003,50.91,0
BottomS31459,14.9847,-10.1356,1.138e-19,1.326e-19,1.257e-19,-0.0006,51.6,0
BottomS31462,14.9991,-10.1389,5.300e-19,4.943e-19,3.138e-19,-0.0,50.61,0
BottomS31463,14.9416,-10.1262,2.715e-20,3.432e-20,3.964e-20,0.0007,52.45,0
BottomS31466,15.0212,-10.1310,5.198e-15,7.621e-15,1.225e-14,-0.001,50.61,0
BottomS31468,14.9925,-10.1320,4.390e-19,4.037e-19,2.498e-19,0.0006,50.61,0
BottomS31469,14.9811,-10.1262,1.365e-18,1.158e-18,6.115e-19,0.0005,51.79,0
BottomS31471,14.9823,-10.1315,4.567e-20,5.417e-20,5.608e-20,-0.0007,51.87,0
BottomS31472,15.0083,-10.1489,6.139e-19,5.787e-19,3.808e-19,-0.0004,50.81,0
BottomS31475,15.0008,-10.1258,5.433e-19,1.043e-18,2.969e-18,-0.0002,50.64,0
BottomS31483,14.9760,-10.1277,7.118e-19,6.939e-19,4.854e-19,0.0001,52.18,0
BottomS31484,15.0193,-10.1349,4.593e-14,4.324e-14,2.801e-14,0.0007,50.25,1
BottomS31487,14.9774,-10.1153,3.915e-20,4.565e-20,4.478e-20,-0.001,51.55,0
BottomS31488,15.0378,-10.1532,1.067e-20,1.347e-20,1.573e-20,-0.0004,50.39,0
BottomS31495,14.8903,-10.1031,7.981e-19,7.280e-19,4.395e-19,-0.0003,52.38,0
BottomS31502,15.0125,-10.1274,4.214e-19,6.180e-19,1.013e-18,0.0001,50.54,0
BottomS31506,15.0052,-10.1328,3.013e-18,4.521e-18,7.674e-18,0.0,50.37,0
BottomS31510,14.9784,-10.1281,3.880e-19,3.842e-19,2.717e-19,0.0,51.84,0
BottomS31512,14.9790,-10.1306,2.387e-20,3.000e-20,3.426e-20,-0.0006,52.39,0
BottomS31514,14.9815,-10.1334,4.718e-19,9.430e-19,2.877e-18,0.0002,52.44,0
BottomS31521,14.9724,-10.1293,6.661e-18,5.578e-18,2.886e-18,0.0007,52.07,0
BottomS31525,14.9943,-10.1510,2.737e-17,1.978e-17,7.617e-18,-0.0002,50.58,0
BottomS31528,14.9760,-10.1204,2.655e-19,2.663e-19,1.981e-19,-0.0001,51.98,0
BottomS31529,14.9999,-10.1226,1.029e-20,1.375e-20,1.767e-20,-0.0002,50.76,0
BottomS31530,15.0143,-10.1501,7.479e-19,6.998e-19,4.350e-19,-0.0001,50.3,0
BottomS31531,14.9843,-10.1568,5.692e-19,5.434e-19,3.654e-19,-0.0004,51.09,0
BottomS31539,15.0084,-10.1339,1.970e-20,2.582e-20,3.301e-20,-0.0002,50.55,0
BottomS31542,14.9829,-10.1355,1.547e-20,2.018e-20,2.504e-20,0.0003,51.47,0
BottomS31548,14.9500,-10.1335,2.602e-18,2.273e-18,1.273e-18,0.0014,52.21,0
BottomS31549,14.9772,-10.1306,2.282e-19,2.254e-19,1.600e-19,-0.0003,51.96,0
BottomS31551,14.9703,-10.1276,5.700e-20,6.395e-20,6.072e-20,-0.0001,52.17,0
BottomS31553,15.0222,-10.1158,1.157e-18,1.003e-18,5.498e-19,0.0001,50.26,0
BottomS31554,14.9938,-10.1671,4.908e-20,6.058e-20,6.804e-20,-0.0001,50.32,0
BottomS31556,14.9779,-10.1458,1.015e-19,1.036e-19,8.021e-20,0.0001,51.76,0
BottomS31557,14.9893,-10.1320,1.005e-18,9.157e-19,5.530e-19,0.0007,50.45,0
BottomS31559,14.9764,-10.1310,1.638e-17,1.256e-17,5.206e-18,-0.0001,51.72,1
BottomS31560,14.9865,-10.1261,1.474e-20,1.861e-20,2.168e-20,-0.0002,51.33,0
BottomS31564,14.9836,-10.1411,1.579e-18,2.879e-18,7.391e-18,0.0003,51.45,0
BottomS31565,14.9917,-10.1380,4.848e-20,5.729e-20,5.744e-20,0.0001,51.01,0
BottomS31568,14.9513,-10.1341,2.345e-18,2.033e-18,1.062e-18,0.0006,52.48,0
BottomS31569,14.9933,-10.1166,1.460e-19,1.467e-19,1.083e-19,0.0002,50.82,0
BottomS31570,14.9844,-10.1642,5.476e-19,8.752e-19,1.721e-18,0.0002,50.99,0
BottomS31572,14.9764,-10.1310,3.984e-18,3.258e-18,1.597e-18,-0.0009,51.75,0
BottomS31574,15.0157,-10.1494,1.039e-18,1.832e-18,4.249e-18,0.0004,50.23,0
BottomS31575,15.0054,-10.1530,2.728e-19,2.700e-19,1.882e-19,0.0011,50.6,0
BottomS31578,15.0009,-10.1326,1.047e-19,1.155e-19,9.861e-20,0.0003,50.49,1
BottomS31579,14.9838,-10.1185,4.061e-20,4.842e-20,5.007e-20,0.0001,51.49,0
BottomS31580,14.9971,-10.1552,5.995e-19,5.956e-19,4.139e-19,0.0005,50.33,0
BottomS31584,14.9886,-10.1356,7.781e-20,8.905e-20,8.408e-20,0.0002,50.91,0
BottomS31585,14.9725,-10.1250,5.522e-19,1.218e-18,4.534e-18,0.0001,52.22,0
BottomS31588,14.9775,-10.1653,2.750e-20,3.289e-20,3.354e-20,-0.0009,52.01,0
BottomS31589,14.9638,-10.1215,4.720e-20,5.690e-20,5.768e-20,-0.0001,52.39,0
BottomS31594,14.9663,-10.1119,8.325e-19,1.445e-18,3.231e-18,-0.0008,52.43,0
BottomS31602,14.9755,-10.1223,2.226e-20,2.781e-20,3.159e-20,-0.0002,52.11,0
BottomS31604,14.9892,-10.1294,2.762e-18,6.972e-18,3.536e-17,-0.0002,51.2,0
BottomS31605,15.0173,-10.1378,1.045e-20,1.427e-20,1.960e-20,-0.0,50.28,0
BottomS31606,15.0047,-10.1254,9.004e-18,7.074e-18,3.146e-18,0.0003,50.31,0
BottomS31607,15.0041,-10.1217,2.721e-20,3.308e-20,3.535e-20,-0.0003,50.53,0
BottomS31608,15.0024,-10.1351,2.014e-14,2.225e-14,1.952e-14,-0.0001,50.52,0
BottomS31610,14.9931,-10.1333,2.968e-19,2.823e-19,1.861e-19,-0.0001,50.77,0
BottomS31611,14.9892,-10.1226,2.468e-19,2.410e-19,1.651e-19,-0.0001,51.22,0
BottomS31612,14.9957,-10.1508,2.242e-18,3.417e-18,5.988e-18,0.0003,50.65,0
BottomS31613,14.9710,-10.1157,1.154e-19,1.232e-19,1.041e-19,0.0006,52.36,0
BottomS31614,14.9706,-10.1421,2.815e-14,1.959e-14,6.869e-15,-0.0005,51.77,0
BottomS31615,15.0100,-10.1373,6.572e-19,6.193e-19,3.860e-19,0.0002,50.46,0
BottomS31619,15.0006,-10.1331,4.287e-19,4.264e-19,2.990e-19,-0.0003,50.76,0
BottomS31620,14.9807,-10.1231,4.236e-19,4.004e-19,2.706e-19,-0.0004,51.83,0
BottomS31622,14.9676,-10.1630,3.024e-20,3.738e-20,4.231e-20,-0.0002,52.01,0
BottomS31626,14.9683,-10.1503,2.281e-18,2.050e-18,1.159e-18,0.0002,52.37,0
BottomS31627,14.9893,-10.1178,5.899e-19,5.511e-19,3.504e-19,-0.0,50.96,0
BottomS31628,14.9918,-10.1190,8.849e-20,9.567e-20,8.144e-20,0.0001,51.08,0
BottomS31630,14.9791,-10.1570,1.166e-20,1.599e-20,2.218e-20,0.0001,51.65,0
BottomS31632,14.9967,-10.1367,9.290e-19,8.314e-19,4.853e-19,-0.0005,50.7,0
BottomS31637,14.9892,-10.1217,1.084e-18,9.878e-19,5.759e-19,-0.0005,50.69,0
BottomS31638,14.9748,-10.1455,1.385e-18,1.263e-18,7.535e-19,0.0002,51.62,0
BottomS31639,14.9932,-10.1391,5.758e-19,5.353e-19,3.294e-19,0.0005,50.51,0
BottomS31641,14.9906,-10.1225,4.233e-19,8.252e-19,2.286e-18,0.0,50.89,0
BottomS31642,14.9893,-10.1233,4.198e-20,4.988e-20,5.078e-20,-0.0007,50.94,0
BottomS31644,14.9796,-10.1298,4.406e-19,7.344e-19,1.531e-18,-0.0005,51.62,0
BottomS31645,14.9757,-10.1452,3.396e-19,3.408e-19,2.424e-19,-0.0007,51.73,0
BottomS31647,14.9781,-10.1381,2.630e-18,5.630e-18,1.887e-17,0.0005,51.81,0
BottomS31649,15.0025,-10.1309,1.484e-18,1.305e-18,7.460e-19,-0.0002,50.54,0
BottomS31651,14.9651,-10.1296,1.208e-20,1.548e-20,1.829e-20,-0.0001,52.35,0
BottomS31653,14.9715,-10.1297,5.188e-18,4.344e-18,2.199e-18,-0.0001,52.21,0
BottomS31654,14.9661,-10.1270,2.000e-18,3.997e-18,1.206e-17,-0.0005,52.25,0
BottomS31661,15.0133,-10.1318,2.353e-19,2.423e-19,1.863e-19,-0.0,50.43,0
BottomS31663,15.0105,-10.1300,1.590e-18,1.334e-18,6.934e-19,0.0002,50.43,0
BottomS31666,14.9705,-10.1291,6.583e-18,5.294e-18,2.443e-18,0.0003,52.25,0
BottomS31667,15.0037,-10.1346,8.400e-15,5.595e-15,1.813e-15,0.0007,50.49,0
BottomS31668,15.0065,-10.1381,1.005e-20,1.257e-20,1.476e-20,0.0004,50.32,0
BottomS31669,15.0008,-10.1288,1.874e-19,1.931e-19,1.455e-19,-0.0001,50.51,0
BottomS31671,14.9712,-10.1287,3.761e-19,3.725e-19,2.631e-19,0.0002,52.18,0
BottomS31672,14.9624,-10.1288,1.160e-20,1.583e-20,2.120e-20,-0.001,52.3,0
BottomS31673,14.9553,-10.1314,1.211e-18,2.071e-18,4.495e-18,0.0005,52.4,0
BottomS31675,14.9609,-10.1361,4.035e-14,3.030e-14,1.251e-14,0.0001,52.14,0
BottomS31676,14.9657,-10.1334,6.683e-19,1.252e-18,3.374e-18,0.0008,52.29,0
BottomS31677,14.9619,-10.1292,5.184e-19,4.862e-19,3.104e-19,-0.0001,52.26,0
BottomS31680,14.9684,-10.1269,5.183e-19,5.202e-19,3.685e-19,0.0001,52.24,0
BottomS31681,15.0017,-10.1331,2.359e-18,3.672e-18,6.736e-18,0.0,50.56,0
BottomS31682,14.9599,-10.1287,7.006e-20,7.806e-20,6.858e-20,0.0001,52.41,0
BottomS31684,14.9511,-10.1293,5.724e-18,4.679e-18,2.296e-18,-0.0007,52.44,0
BottomS31686,14.9680,-10.1317,6.758e-18,5.490e-18,2.562e-18,0.0,52.18,0
BottomS31687,15.0163,-10.1386,4.054e-18,3.349e-18,1.600e-18,0.0001,50.3,0
BottomS31688,15.0176,-10.1388,2.443e-20,3.051e-20,3.399e-20,-0.0007,50.26,0
BottomS31690,15.0025,-10.1341,2.815e-20,3.587e-20,4.186e-20,0.0015,50.52,0
BottomS31692,14.9615,-10.1318,2.344e-18,1.993e-18,1.028e-18,0.0002,52.27,0
BottomS31694,14.9676,-10.1288,1.627e-20,2.130e-20,2.623e-20,0.0003,52.12,0
BottomS31696,15.0129,-10.1293,6.826e-19,6.152e-19,3.645e-19,-0.0007,50.41,0
BottomS31697,14.9676,-10.1296,3.244e-20,3.782e-20,3.763e-20,-0.0003,52.22,0
BottomS31698,15.0043,-10.1265,9.672e-18,7.557e-18,3.341e-18,0.0008,50.59,1
BottomS31701,15.0067,-10.1273,2.419e-20,2.948e-20,3.101e-20,-0.0003,50.49,0
BottomS31704,15.0087,-10.1305,1.259e-18,2.110e-18,4.490e-18,-0.0003,50.56,0
BottomS31705,14.9955,-10.1326,7.659e-19,1.480e-18,4.331e-18,-0.0006,50.86,0
BottomS31707,14.9644,-10.1341,1.155e-19,1.199e-19,9.176e-20,-0.0006,52.3,0
BottomS31710,15.0158,-10.1353,3.502e-20,4.075e-20,3.935e-20,-0.0001,50.3,0
BottomS31711,15.0019,-10.1322,8.173e-19,7.586e-19,4.877e-19,-0.0001,50.56,0
BottomS31712,14.9529,-10.1335,1.514e-18,1.366e-18,7.969e-19,-0.0009,52.38,0
BottomS31717,14.9534,-10.1316,8.256e-20,9.088e-20,8.127e-20,0.0006,52.33,0
BottomS31720,15.0071,-10.1343,1.384e-17,1.068e-17,4.554e-18,-0.0004,50.44,1
BottomS31721,14.9497,-10.1327,7.836e-20,8.775e-20,7.807e-20,0.0006,52.35,0
BottomS31725,14.9602,-10.1355,2.284e-18,3.689e-18,7.135e-18,0.0006,52.22,0
BottomS31726,15.0067,-10.1330,4.632e-19,7.312e-19,1.332e-18,-0.0014,50.49,0
BottomS31727,14.9501,-10.1367,3.502e-20,4.028e-20,3.911e-20,-0.0004,52.3,0
BottomS31728,15.0235,-10.1364,7.402e-20,8.083e-20,6.964e-20,-0.0006,50.38,0
BottomS31731,14.9585,-10.1339,1.137e-19,1.246e-19,1.067e-19,-0.0006,52.19,0
BottomS31733,15.0159,-10.1251,6.362e-14,4.578e-14,1.714e-14,-0.0004,50.36,0
BottomS31734,15.0084,-10.1334,1.538e-20,2.008e-20,2.484e-20,0.0,50.37,0
BottomS31735,14.9654,-10.1307,1.921e-20,2.327e-20,2.542e-20,-0.0004,52.28,0
BottomS31738,14.9566,-10.1322,1.098e-18,9.789e-19,5.685e-19,0.0007,52.28,0
BottomS31740,14.9597,-10.1267,3.207e-19,3.063e-19,1.988e-19,-0.0007,52.31,0
BottomS31741,14.9608,-10.1369,3.333e-19,3.333e-19,2.422e-19,0.0003,52.27,0
BottomS31743,15.0155,-10.1308,3.843e-19,6.374e-19,1.331e-18,-0.0003,50.38,0
BottomS31744,14.9611,-10.1287,1.626e-18,2.880e-18,6.628e-18,0.0,52.3,0
BottomS31745,14.9599,-10.1342,2.680e-18,3.947e-18,6.471e-18,-0.0002,52.34,0
BottomS31746,15.0127,-10.1337,1.060e-20,1.330e-20,1.532e-20,-0.0003,50.39,0
BottomS31747,14.9584,-10.1289,3.474e-18,4.616e-18,5.863e-18,-0.0005,52.4,0
BottomS31748,15.0050,-10.1378,6.983e-19,6.803e-19,4.650e-19,0.0005,50.34,0
BottomS31752,15.0065,-10.1285,3.811e-20,4.433e-20,4.298e-20,0.0004,50.65,0
BottomS31754,14.9515,-10.1327,2.408e-18,3.836e-18,7.518e-18,0.0003,52.36,0
BottomS31755,15.0211,-10.1347,2.543e-19,2.586e-19,1.956e-19,-0.0002,50.43,0
BottomS31758,15.0218,-10.1339,4.961e-14,3.825e-14,1.676e-14,-0.0002,50.45,1
BottomS31760,14.9589,-10.1321,1.873e-18,3.976e-18,1.388e-17,-0.0011,52.31,0
BottomS31761,14.9552,-10.1310,8.483e-19,7.891e-19,4.829e-19,-0.0002,52.34,0
BottomS31766,15.0150,-10.1267,6.245e-19,5.876e-19,3.732e-19,-0.0001,50.45,0
BottomS31768,15.0212,-10.1388,2.816e-20,3.127e-20,2.863e-20,0.0011,50.3,0
BottomS31770,14.9447,-10.1278,1.280e-19,1.364e-19,1.135e-19,0.0,52.3,0
BottomS31772,14.9604,-10.1333,5.608e-19,5.578e-19,3.911e-19,0.0001,52.28,0
BottomS31773,15.0262,-10.1300,1.616e-19,1.622e-19,1.241e-19,-0.0003,50.28,0
BottomS31774,15.0123,-10.1291,4.375e-19,4.213e-19,2.821e-19,0.0003,50.41,0
BottomS31778,14.9389,-10.1377,4.885e-19,5.022e-19,3.886e-19,-0.0006,52.34,0
BottomS31779,14.9469,-10.1359,2.030e-18,1.717e-18,8.880e-19,-0.0003,52.36,0
BottomS31781,15.0324,-10.1327,1.501e-18,1.319e-18,7.275e-19,0.0004,50.43,0
BottomS31782,14.9484,-10.1292,2.345e-19,2.276e-19,1.609e-19,0.0005,52.45,0
BottomS31783,14.9460,-10.1258,3.511e-17,2.317e-17,7.253e-18,-0.0001,52.32,0
BottomS31784,15.0191,-10.1321,2.191e-18,4.257e-18,1.213e-17,-0.0006,50.37,0
BottomS31785,15.0209,-10.1347,2.151e-19,2.220e-19,1.777e-19,-0.0003,50.36,0
BottomS31787,15.0233,-10.1335,1.741e-18,1.499e-18,7.644e-19,-0.0003,50.38,0
BottomS31788,15.0427,-10.1340,1.068e-19,1.128e-19,8.731e-20,0.0003,50.48,0
BottomS31789,14.9430,-10.1274,8.351e-20,9.429e-20,8.850e-20,0.0008,52.4,0
BottomS31790,14.9372,-10.1268,6.608e-18,1.092e-17,2.262e-17,-0.0004,52.31,0
BottomS31792,15.0128,-10.1324,2.209e-19,2.160e-19,1.475e-19,-0.0002,50.46,0
BottomS31796,14.9435,-10.1325,1.657e-18,3.465e-18,1.189e-17,0.0006,52.26,0
BottomS31797,14.9393,-10.1319,1.829e-18,3.036e-18,6.176e-18,0.0002,52.32,0
BottomS31798,15.0275,-10.1297,8.005e-19,1.549e-18,4.441e-18,-0.0002,50.44,0
BottomS31800,15.0314,-10.1317,6.747e-20,7.710e-20,7.385e-20,-0.0002,50.5,0
BottomS31801,15.0119,-10.1276,4.283e-18,3.628e-18,1.838e-18,0.0001,50.44,0
BottomS31807,14.9408,-10.1277,1.136e-19,1.194e-19,9.298e-20,-0.0005,52.31,0
BottomS31808,15.0311,-10.1326,2.995e-18,6.088e-18,1.935e-17,0.0004,50.39,0
BottomS31810,15.0315,-10.1303,1.755e-20,2.171e-20,2.493e-20,0.0001,50.44,0
BottomS31814,14.9297,-10.1372,2.413e-19,2.504e-19,1.952e-19,-0.0001,52.19,0
BottomS31818,15.0336,-10.1327,4.327e-19,4.221e-19,2.827e-19,-0.0004,50.45,0
BottomS31820,15.0276,-10.1325,3.127e-20,3.685e-20,3.732e-20,-0.0001,50.47,0
BottomS31824,14.9398,-10.1296,1.302e-19,1.436e-19,1.243e-19,-0.0001,52.29,0
BottomS31826,14.9318,-10.1302,8.756e-18,7.025e-18,3.221e-18,-0.0002,52.3,0
BottomS31828,14.9314,-10.1307,2.223e-19,2.269e-19,1.743e-19,0.0002,52.29,0
BottomS31829,14.9216,-10.1333,5.945e-19,9.374e-19,1.771e-18,0.0,52.27,0
BottomS31832,14.9280,-10.1336,6.915e-19,9.638e-19,1.367e-18,0.0002,52.28,0
BottomS31837,14.9280,-10.1324,7.912e-19,1.475e-18,3.862e-18,0.0,52.27,0
BottomS31838,14.9250,-10.1327,3.762e-18,3.180e-18,1.645e-18,0.0011,52.29,0
BottomS31841,15.0440,-10.1351,1.357e-18,3.065e-18,1.219e-17,0.0004,50.43,0
BottomS31843,14.9255,-10.1348,8.386e-19,7.479e-19,4.184e-19,0.0002,52.26,0
BottomS31845,14.9403,-10.1365,2.572e-18,2.129e-18,1.067e-18,-0.0007,52.23,0
BottomS31847,15.0379,-10.1372,3.623e-18,2.986e-18,1.464e-18,0.0004,50.46,0
BottomS31849,14.9263,-10.1301,1.900e-14,1.298e-14,4.263e-15,-0.0001,52.25,0
BottomS31850,15.0502,-10.1362,2.124e-19,2.223e-19,1.740e-19,0.0009,50.38,0
BottomS31851,15.0376,-10.1305,7.292e-19,1.360e-18,3.514e-18,0.0002,50.44,0
BottomS31853,14.9306,-10.1273,4.943e-19,4.697e-19,3.097e-19,-0.0008,52.26,0
BottomS31855,14.9275,-10.1320,2.589e-18,2.124e-18,1.066e-18,0.0006,52.27,0
BottomS31858,14.9290,-10.1293,1.259e-19,1.277e-19,9.463e-20,-0.0002,52.25,0
BottomS31860,14.9853,-10.1324,3.033e-17,2.208e-17,8.341e-18,0.0003,47.9,0
BottomS31861,15.0425,-10.1324,5.095e-18,1.112e-17,3.963e-17,-0.0001,50.49,0
BottomS31862,14.9297,-10.1312,7.806e-20,8.453e-20,7.110e-20,0.0003,52.22,0
BottomS31863,15.0413,-10.1321,1.637e-17,1.274e-17,5.434e-18,0.0001,50.47,1
BottomS31864,14.9280,-10.1319,1.244e-17,9.534e-18,4.094e-18,0.0001,52.24,1
BottomS31865,15.0433,-10.1332,3.083e-16,2.072e-16,7.046e-17,-0.0007,50.45,0
BottomS31867,14.9228,-10.1301,1.394e-17,1.055e-17,4.439e-18,-0.0006,52.31,1
BottomS31868,15.0467,-10.1336,2.685e-19,2.710e-19,1.951e-19,0.0001,50.42,0
BottomS31869,15.0464,-10.1354,3.438e-19,5.953e-19,1.395e-18,0.0002,50.4,0
BottomS31870,14.9237,-10.1287,8.912e-17,6.376e-17,2.357e-17,-0.0002,52.32,0
BottomS31871,15.0486,-10.1361,2.026e-17,1.517e-17,6.300e-18,0.0008,50.37,1
BottomS31872,15.0500,-10.1376,2.912e-17,2.273e-17,9.666e-18,-0.0007,50.4,1
BottomS31874,14.9208,-10.1288,9.835e-18,7.518e-18,3.227e-18,-0.0009,52.38,0
BottomS31875,15.0493,-10.1379,1.276e-18,2.756e-18,9.767e-18,-0.0003,50.35,0
BottomS31876,14.9149,-10.1266,1.820e-16,1.229e-16,4.080e-17,-0.001,52.37,0
BottomS31877,15.0576,-10.1385,6.061e-17,4.354e-17,1.667e-17,-0.0004,50.33,0
BottomS31878,14.9157,-10.1238,1.727e-17,1.293e-17,5.400e-18,-0.0008,52.36,1
BottomS31879,14.9128,-10.1233,2.810e-17,2.107e-17,8.551e-18,-0.0002,52.44,0
BottomS31880,14.9121,-10.1246,1.450e-16,1.013e-16,3.574e-17,-0.0005,52.44,0
BottomS31881,14.9153,-10.1223,7.641e-18,6.312e-18,3.061e-18,-0.001,52.4,0
BottomS31882,14.9140,-10.1243,2.321e-16,1.563e-16,5.050e-17,0.0003,52.41,0
BottomS31883,14.9119,-10.1226,3.074e-19,3.062e-19,2.241e-19,-0.0,52.41,0
BottomS31884,14.9098,-10.1225,2.254e-14,1.540e-14,5.162e-15,0.001,52.45,0
BottomS31885,14.9120,-10.1197,4.900e-18,4.297e-18,2.330e-18,0.0002,52.41,0
BottomS31886,15.0575,-10.1436,2.471e-18,2.024e-18,1.006e-18,0.0008,50.28,0
BottomS31887,14.9097,-10.1207,5.711e-19,5.531e-19,3.652e-19,0.0004,52.45,0
BottomS31888,15.0646,-10.1452,6.079e-17,4.307e-17,1.600e-17,-0.0003,50.29,0
BottomS31889,14.9081,-10.1196,5.121e-14,3.639e-14,1.381e-14,0.0006,52.46,0
BottomS31890,14.9088,-10.1176,2.058e-18,1.747e-18,9.315e-19,-0.0002,52.47,0
BottomS31891,14.9089,-10.1168,1.905e-18,1.635e-18,8.620e-19,-0.0001,52.46,0
BottomS31892,14.9098,-10.1174,7.954e-19,7.749e-19,5.178e-19,0.0006,52.47,0
BottomS31893,14.9069,-10.1165,3.125e-18,2.766e-18,1.586e-18,-0.0002,52.4,0
BottomS31894,15.0649,-10.1476,7.899e-17,5.878e-17,2.325e-17,-0.0004,50.27,0
BottomS31895,14.9070,-10.1160,3.922e-17,2.818e-17,1.034e-17,-0.0,52.43,0
BottomS31896,14.9080,-10.1143,2.197e-17,1.731e-17,7.676e-18,-0.0006,52.44,1
BottomS31897,15.0641,-10.1497,1.715e-17,1.341e-17,5.907e-18,0.001,50.25,1
BottomS31898,15.0630,-10.1518,4.606e-17,3.482e-17,1.387e-17,0.0002,50.26,0
BottomS31899,14.9032,-10.1149,2.738e-17,1.997e-17,7.657e-18,-0.0002,52.48,0
BottomS31900,15.0612,-10.1523,6.564e-19,9.497e-19,1.491e-18,-0.0003,50.28,0
BottomS31901,15.0630,-10.1550,2.490e-18,2.084e-18,1.071e-18,-0.0,50.27,0
BottomS31902,15.0613,-10.1540,2.502e-19,2.492e-19,1.740e-19,-0.0002,50.34,0
BottomS31903,15.0613,-10.1555,6.933e-17,5.083e-17,2.032e-17,0.0002,50.34,0
BottomS31904,14.9101,-10.1081,6.686e-14,4.953e-14,1.966e-14,0.0,52.38,0
BottomS31905,14.9068,-10.1104,2.182e-19,3.431e-19,6.327e-19,-0.0006,52.41,0
BottomS31906,14.9103,-10.1093,1.651e-18,1.387e-18,7.386e-19,0.0001,52.4,0
BottomS31907,15.0589,-10.1570,9.185e-18,7.090e-18,3.097e-18,0.0005,50.38,1
BottomS31908,14.9074,-10.1047,7.464e-17,5.515e-17,2.134e-17,-0.0007,52.29,0
BottomS31909,14.9110,-10.1071,6.035e-18,4.661e-18,2.006e-18,-0.0,52.32,0
BottomS31910,15.0602,-10.1574,1.065e-18,1.800e-18,3.942e-18,0.0003,50.38,0
BottomS31911,15.0583,-10.1570,2.326e-19,2.459e-19,1.900e-19,0.0001,50.39,0
BottomS31912,14.9139,-10.1049,1.060e-16,7.629e-17,2.808e-17,-0.0001,52.28,0
BottomS31913,15.0560,-10.1621,1.201e-17,8.981e-18,3.659e-18,0.0011,50.45,0
BottomS31914,14.9155,-10.1030,2.475e-16,1.677e-16,5.633e-17,-0.0001,52.23,0
BottomS31915,14.9197,-10.1034,7.681e-19,7.154e-19,4.394e-19,0.0011,52.23,0
BottomS31916,15.0472,-10.1605,1.288e-17,9.894e-18,4.216e-18,0.0003,50.54,1
BottomS31917,14.9225,-10.1047,1.390e-17,1.048e-17,4.325e-18,0.0001,52.17,0
BottomS31918,14.9184,-10.1002,3.762e-18,3.080e-18,1.494e-18,0.0,52.15,0
BottomS31919,15.0474,-10.1633,2.740e-18,2.402e-18,1.306e-18,0.0002,50.58,0
BottomS31920,15.0409,-10.1621,4.686e-17,3.301e-17,1.237e-17,0.0007,50.58,0
BottomS31921,15.0409,-10.1628,9.234e-19,8.472e-19,5.218e-19,0.001,50.65,0
BottomS31922,14.9325,-10.1028,5.128e-20,5.760e-20,5.356e-20,-0.0005,52.01,0
BottomS31923,15.0386,-10.1634,8.345e-18,6.555e-18,2.887e-18,0.0,50.69,0
BottomS31924,14.9378,-10.1040,8.310e-19,7.710e-19,4.764e-19,-0.0002,51.96,0
BottomS31925,14.9360,-10.0998,2.289e-17,1.725e-17,6.932e-18,-0.0001,51.92,0
BottomS31926,15.0322,-10.1644,1.709e-18,2.709e-18,4.836e-18,0.0009,50.78,0
BottomS31927,15.0270,-10.1638,4.857e-19,4.809e-19,3.338e-19,0.0,50.82,0
BottomS31928,15.0270,-10.1645,3.632e-18,2.906e-18,1.374e-18,-0.0,50.88,0
BottomS31929,14.9490,-10.1011,1.877e-19,1.890e-19,1.382e-19,-0.0007,51.82,0
BottomS31931,15.0152,-10.1633,3.512e-19,5.446e-19,9.864e-19,-0.0002,51.01,0
BottomS31932,15.0112,-10.1643,1.133e-16,7.993e-17,2.868e-17,-0.0,51.04,0
BottomS31933,15.0065,-10.1616,5.584e-18,4.405e-18,1.991e-18,-0.0003,51.08,0
BottomS31934,14.9640,-10.1005,2.546e-18,2.069e-18,9.963e-19,0.0006,51.64,0
BottomS31935,15.0014,-10.1631,2.014e-17,1.530e-17,6.227e-18,-0.0003,51.12,0
BottomS31936,14.9719,-10.1005,4.405e-16,3.102e-16,1.109e-16,0.0009,51.56,0
BottomS31937,14.9921,-10.1620,5.750e-17,4.080e-17,1.510e-17,0.0008,51.25,0
BottomS31938,14.9771,-10.1001,8.926e-16,6.035e-16,1.968e-16,-0.0001,51.48,0
BottomS31939,14.9870,-10.1629,1.228e-16,8.635e-17,3.130e-17,-0.0003,51.32,0
BottomS31941,14.9803,-10.1604,3.956e-17,2.902e-17,1.140e-17,0.0001,51.35,0
BottomS31942,14.9682,-10.1579,3.096e-19,3.166e-19,2.311e-19,0.0,51.51,0
BottomS31943,14.9723,-10.1604,2.484e-15,3.941e-15,7.279e-15,-0.0003,51.44,0
BottomS31944,15.0110,-10.1052,6.220e-17,4.439e-17,1.641e-17,-0.0006,51.09,0
BottomS31945,15.0123,-10.1101,2.945e-16,2.049e-16,7.384e-17,-0.0005,51.08,0
BottomS31947,14.9487,-10.1549,6.584e-17,4.799e-17,1.863e-17,0.0015,51.72,0
BottomS31948,15.0235,-10.1097,1.710e-17,1.325e-17,5.790e-18,-0.0001,50.94,0
BottomS31949,14.9417,-10.1535,6.857e-19,6.992e-19,5.207e-19,0.0003,51.77,0
BottomS31950,14.9439,-10.1520,3.725e-17,2.740e-17,1.058e-17,-0.0006,51.76,0
BottomS31951,15.0397,-10.1143,1.264e-17,9.533e-18,4.063e-18,0.0001,50.81,1
BottomS31952,14.9348,-10.1476,3.258e-17,2.405e-17,9.746e-18,-0.0001,51.91,0
BottomS31953,15.0500,-10.1156,3.387e-19,6.336e-19,1.653e-18,0.0007,50.77,0
BottomS31954,15.0524,-10.1194,1.914e-17,1.458e-17,6.179e-18,-0.0009,50.71,1
BottomS31955,15.0558,-10.1205,1.896e-18,1.658e-18,9.087e-19,-0.0003,50.67,0
BottomS31956,14.9063,-10.1422,1.889e-18,1.646e-18,9.304e-19,0.0006,52.13,0
BottomS31957,14.9047,-10.1406,1.454e-18,2.100e-18,3.412e-18,-0.0005,52.16,0
BottomS31959,15.0748,-10.1288,1.003e-18,8.963e-19,5.327e-19,0.0005,50.5,0
BottomS31960,15.0770,-10.1286,1.401e-18,1.258e-18,7.165e-19,-0.0003,50.48,0
BottomS31961,14.8869,-10.1326,3.726e-17,2.736e-17,1.065e-17,0.0006,52.29,0
BottomS31962,14.8820,-10.1299,8.396e-19,7.359e-19,4.115e-19,0.0004,52.31,0
BottomS31963,14.8787,-10.1282,3.921e-17,2.843e-17,1.086e-17,0.0006,52.35,0
BottomS31964,15.0986,-10.1383,1.043e-16,7.357e-17,2.741e-17,0.0006,50.39,0
BottomS31965,14.8775,-10.1252,9.954e-19,8.391e-19,4.429e-19,0.0012,52.41,0
BottomS31966,14.8676,-10.1205,1.130e-17,8.478e-18,3.470e-18,0.0008,52.41,0
BottomS31967,14.8693,-10.1202,1.492e-18,1.288e-18,7.009e-19,-0.0001,52.43,0
BottomS31969,14.8735,-10.1165,9.365e-17,6.517e-17,2.278e-17,-0.0001,52.46,0
BottomS31970,14.8556,-10.1142,1.479e-18,1.264e-18,6.577e-19,-0.0003,52.46,0
BottomS31971,15.1069,-10.1533,1.460e-15,9.621e-16,3.033e-16,-0.0004,50.24,0
BottomS31972,14.8712,-10.1098,4.265e-17,3.249e-17,1.360e-17,0.0001,52.48,0
BottomS31973,15.1067,-10.1579,3.134e-19,5.524e-19,1.261e-18,0.0006,50.23,0
BottomS31974,15.1050,-10.1592,2.784e-17,2.107e-17,8.708e-18,0.0005,50.25,1
BottomS31975,14.8665,-10.1048,4.055e-19,4.296e-19,3.336e-19,0.0004,52.47,0
BottomS31976,14.8705,-10.1012,3.212e-18,2.809e-18,1.546e-18,-0.0008,52.41,0
BottomS31977,15.1073,-10.1662,2.028e-17,1.597e-17,7.175e-18,0.0001,50.28,1
BottomS31978,15.0945,-10.1657,2.474e-19,2.542e-19,1.947e-19,-0.0005,50.36,0
BottomS31979,15.0952,-10.1698,1.889e-16,1.273e-16,4.231e-17,0.0008,50.39,0
BottomS31980,14.8810,-10.0960,2.054e-18,1.762e-18,9.481e-19,-0.0001,52.3,0
BottomS31981,14.8810,-10.0932,9.129e-18,7.423e-18,3.654e-18,-0.0003,52.27,0
BottomS31982,14.8858,-10.0895,5.145e-17,3.676e-17,1.363e-17,0.0005,52.17,0
BottomS31983,14.8864,-10.0883,2.460e-17,1.990e-17,9.432e-18,0.0001,52.16,0
BottomS31984,15.0727,-10.1745,1.322e-15,9.018e-16,2.925e-16,-0.0006,50.53,0
BottomS31985,15.0673,-10.1753,1.151e-17,8.889e-18,3.792e-18,0.0005,50.65,1
BottomS31986,15.0637,-10.1781,9.123e-17,6.357e-17,2.239e-17,0.0003,50.69,0
BottomS31987,15.0534,-10.1784,2.910e-17,2.141e-17,8.453e-18,0.0002,50.76,0
BottomS31988,14.9270,-10.0881,1.644e-18,1.367e-18,7.070e-19,-0.0001,51.9,0
BottomS31989,15.0462,-10.1388,1.642e-19,1.787e-19,1.548e-19,-0.0002,50.4,0
BottomS31990,15.0470,-10.1352,5.104e-20,5.466e-20,4.666e-20,-0.0001,50.39,0
BottomS31991,15.0536,-10.1368,1.600e-16,1.136e-16,4.190e-17,0.0004,50.33,0
BottomS31992,14.9191,-10.1282,9.423e-17,6.729e-17,2.433e-17,0.0002,52.37,0
BottomS31993,14.9119,-10.1281,2.588e-17,1.921e-17,7.333e-18,0.0004,52.42,0
BottomS31994,15.0445,-10.1393,1.706e-20,2.226e-20,2.791e-20,0.0004,50.4,0
BottomS31995,15.0449,-10.1403,5.542e-19,5.293e-19,3.568e-19,-0.0002,50.34,0
BottomS31997,14.9201,-10.1248,8.996e-19,1.341e-18,2.099e-18,-0.0,52.35,0
BottomS31998,15.0524,-10.1373,5.481e-19,5.224e-19,3.495e-19,-0.0005,50.34,0
BottomS32000,14.9115,-10.1259,2.116e-18,3.840e-18,9.243e-18,0.0004,52.42,0
BottomS32001,14.9219,-10.1267,4.374e-18,8.114e-18,2.044e-17,-0.0001,52.36,0
BottomS32002,14.9164,-10.1252,7.515e-18,1.247e-17,2.565e-17,0.0,52.42,0
BottomS32003,14.9198,-10.1248,1.859e-18,1.563e-18,8.113e-19,0.0003,52.4,0
BottomS32004,15.0472,-10.1402,1.411e-17,1.040e-17,4.220e-18,-0.0,50.34,0
BottomS32005,15.0511,-10.1387,2.172e-18,5.386e-18,2.599e-17,0.0,50.34,0
BottomS32007,15.0588,-10.1421,4.625e-20,5.441e-20,5.573e-20,0.0,50.3,0
BottomS32008,14.9235,-10.1217,3.719e-18,3.032e-18,1.471e-18,0.0005,52.38,0
BottomS32009,15.0530,-10.1430,3.407e-17,2.662e-17,1.145e-17,-0.0003,50.3,0
BottomS32010,15.0625,-10.1460,1.703e-18,1.515e-18,8.325e-19,0.0007,50.27,0
BottomS32011,14.9195,-10.1235,7.111e-18,5.727e-18,2.765e-18,0.0008,52.42,0
BottomS32012,15.0638,-10.1475,2.844e-19,4.754e-19,9.980e-19,0.0002,50.22,0
BottomS32013,15.0541,-10.1425,3.506e-19,3.478e-19,2.425e-19,0.0,50.27,0
BottomS32016,15.0617,-10.1478,1.457e-19,1.644e-19,1.492e-19,-0.0005,50.28,0
BottomS32017,14.9125,-10.1179,2.087e-18,3.587e-18,8.144e-18,-0.0003,52.44,0
BottomS32018,15.0586,-10.1446,8.540e-20,1.004e-19,9.773e-20,-0.0001,50.29,0
BottomS32019,15.0556,-10.1468,9.532e-18,7.337e-18,3.041e-18,0.0003,50.28,1
BottomS32020,14.9165,-10.1214,1.755e-19,1.873e-19,1.531e-19,-0.0002,52.41,0
BottomS32021,15.0587,-10.1500,2.021e-18,4.205e-18,1.349e-17,-0.0011,50.28,0
BottomS32022,15.0611,-10.1483,2.156e-19,2.246e-19,1.736e-19,0.0005,50.25,0
BottomS32023,14.9183,-10.1162,3.491e-17,2.407e-17,8.590e-18,-0.0004,52.41,0
BottomS32024,15.0584,-10.1512,3.550e-17,2.581e-17,9.972e-18,0.0006,50.32,0
BottomS32025,14.8975,-10.1148,7.994e-18,6.340e-18,2.835e-18,-0.0004,52.49,1
BottomS32026,15.0586,-10.1516,1.042e-20,1.378e-20,1.773e-20,0.0006,50.28,0
BottomS32027,15.0655,-10.1475,1.268e-18,1.148e-18,6.785e-19,0.0002,50.25,0
BottomS32028,15.0567,-10.1528,4.889e-17,1.594e-16,1.319e-15,0.0,50.3,0
BottomS32029,14.9101,-10.1164,9.953e-18,7.752e-18,3.451e-18,0.0002,52.43,1
BottomS32030,14.9078,-10.1120,3.481e-18,7.963e-18,3.185e-17,0.0,52.41,0
BottomS32031,15.0584,-10.1519,2.183e-20,2.656e-20,2.895e-20,0.0011,50.27,0
BottomS32032,14.9140,-10.1166,2.694e-20,3.332e-20,3.683e-20,0.0008,52.38,0
BottomS32033,14.9122,-10.1134,8.388e-18,6.628e-18,2.929e-18,0.0003,52.37,0
BottomS32034,14.9115,-10.1115,2.325e-20,2.928e-20,3.434e-20,0.001,52.37,0
BottomS32037,14.9105,-10.1121,3.600e-19,5.550e-19,9.482e-19,-0.0007,52.39,0
BottomS32039,14.9118,-10.1100,7.909e-18,6.210e-18,2.663e-18,-0.0005,52.33,0
BottomS32041,15.0572,-10.1570,7.277e-14,5.879e-14,2.848e-14,0.0003,50.38,1
BottomS32043,15.0516,-10.1568,9.499e-19,1.713e-18,4.154e-18,-0.0004,50.36,0
BottomS32044,14.9111,-10.1077,2.102e-18,1.877e-18,1.060e-18,-0.0006,52.33,0
BottomS32045,15.0594,-10.1586,3.308e-18,2.881e-18,1.513e-18,-0.0007,50.4,0
BottomS32049,15.0529,-10.1602,1.128e-19,1.217e-19,1.017e-19,-0.0003,50.48,0
BottomS32050,14.9241,-10.1090,3.115e-18,2.571e-18,1.233e-18,0.0006,52.23,0
BottomS32053,14.9194,-10.1084,6.290e-19,1.080e-18,2.350e-18,-0.0004,52.18,0
BottomS32056,15.0460,-10.1657,1.727e-20,2.182e-20,2.601e-20,0.0001,50.58,0
BottomS32057,14.9267,-10.1011,6.378e-14,5.436e-14,2.829e-14,0.0004,52.1,1
BottomS32059,15.0443,-10.1622,7.636e-19,6.942e-19,4.221e-19,0.0003,50.61,0
BottomS32060,15.0377,-10.1605,2.467e-20,3.139e-20,3.606e-20,-0.0,50.63,0
BottomS32061,15.0362,-10.1606,3.549e-20,4.316e-20,4.620e-20,0.0001,50.64,0
BottomS32063,14.9372,-10.1070,5.207e-18,4.316e-18,2.147e-18,-0.0004,52.01,0
BottomS32064,15.0481,-10.1743,1.344e-18,1.144e-18,5.803e-19,0.0002,50.74,0
BottomS32065,14.9423,-10.1040,9.843e-20,1.038e-19,8.622e-20,-0.0002,51.95,0
BottomS32066,14.9423,-10.1036,1.956e-17,1.525e-17,6.627e-18,-0.0004,51.98,1
BottomS32067,15.0356,-10.1658,2.817e-18,4.009e-18,6.104e-18,-0.0005,50.77,0
BottomS32070,14.9504,-10.1050,1.478e-18,3.001e-18,9.294e-18,0.0004,51.87,0
BottomS32072,14.9526,-10.1034,1.668e-18,2.585e-18,4.871e-18,0.0004,51.82,0
BottomS32073,14.9523,-10.1027,2.618e-18,2.275e-18,1.222e-18,-0.0003,51.79,0
BottomS32074,15.0194,-10.1679,1.226e-19,1.303e-19,1.068e-19,0.0007,50.94,0
BottomS32075,14.9582,-10.1038,2.019e-20,2.579e-20,3.159e-20,-0.0005,51.73,0
BottomS32076,15.0126,-10.1611,1.140e-20,1.552e-20,2.052e-20,-0.0,50.97,0
BottomS32077,14.9646,-10.1051,1.497e-17,1.149e-17,5.119e-18,0.0003,51.67,1
BottomS32078,15.0018,-10.1611,3.137e-18,2.633e-18,1.366e-18,0.0002,51.14,0
BottomS32079,14.9744,-10.1069,3.054e-20,3.769e-20,4.161e-20,0.0002,51.51,0
BottomS32080,15.0099,-10.1660,8.651e-20,9.613e-20,8.885e-20,0.0008,51.06,0
BottomS32082,15.0019,-10.1648,5.838e-17,4.240e-17,1.582e-17,0.0007,51.14,0
BottomS32083,14.9921,-10.1620,4.004e-20,4.883e-20,5.321e-20,0.0004,51.26,0
BottomS32085,14.9767,-10.1021,1.101e-16,7.797e-17,2.747e-17,0.0001,51.5,0
BottomS32086,14.9831,-10.1015,6.726e-18,9.343e-18,1.371e-17,0.0006,51.44,0
BottomS32088,14.9896,-10.1028,9.043e-19,8.185e-19,4.986e-19,-0.0004,51.39,0
BottomS32090,14.9765,-10.1619,1.251e-18,1.739e-18,2.536e-18,-0.0014,51.38,0
BottomS32092,14.9552,-10.1526,1.737e-18,1.421e-18,6.909e-19,0.0001,51.67,0
BottomS32093,14.9709,-10.1632,9.148e-19,1.811e-18,5.494e-18,0.0006,51.45,0
BottomS32094,14.9495,-10.1491,5.782e-14,4.077e-14,1.464e-14,0.0003,51.75,0
BottomS32095,14.9554,-10.1545,9.450e-20,1.047e-19,9.195e-20,0.0009,51.61,0
BottomS32096,15.0135,-10.1102,1.232e-18,2.261e-18,5.606e-18,-0.0006,51.08,0
BottomS32097,15.0196,-10.1097,1.139e-17,8.948e-18,4.080e-18,-0.0001,50.97,1
BottomS32098,15.0177,-10.1103,2.941e-14,2.168e-14,8.665e-15,-0.0002,51.05,0
BottomS32100,14.9407,-10.1518,3.520e-19,3.521e-19,2.520e-19,-0.0007,51.8,0
BottomS32101,15.0276,-10.1180,4.328e-18,3.564e-18,1.757e-18,0.0003,50.9,0
BottomS32103,15.0350,-10.1119,2.645e-19,2.681e-19,1.954e-19,0.0002,50.85,0
BottomS32104,15.0468,-10.1161,1.074e-18,1.029e-18,6.612e-19,0.0003,50.75,0
BottomS32105,14.9343,-10.1502,9.588e-18,7.479e-18,3.353e-18,0.0004,51.92,1
BottomS32106,15.0655,-10.1167,3.199e-19,3.165e-19,2.248e-19,-0.0001,50.64,0
BottomS32107,15.0413,-10.1167,3.085e-18,2.510e-18,1.207e-18,0.0001,50.78,0
BottomS32108,14.9141,-10.1458,7.567e-19,6.885e-19,4.223e-19,0.0003,52.02,0
BottomS32109,14.9094,-10.1422,2.328e-18,1.977e-18,1.024e-18,0.0004,52.11,0
BottomS32110,15.0639,-10.1251,2.699e-19,2.842e-19,2.287e-19,0.0004,50.59,0
BottomS32113,15.0740,-10.1254,8.201e-19,7.684e-19,4.665e-19,-0.0006,50.55,0
BottomS32114,14.8941,-10.1353,1.492e-17,1.099e-17,4.565e-18,-0.0004,52.24,0
BottomS32116,15.0778,-10.1316,5.531e-19,1.025e-18,2.580e-18,-0.0002,50.45,0
BottomS32118,14.8832,-10.1281,9.159e-19,1.988e-18,6.981e-18,-0.0002,52.32,0
BottomS32119,15.1018,-10.1358,2.830e-18,4.881e-18,1.087e-17,-0.0001,50.38,0
BottomS32120,15.0718,-10.1346,9.602e-19,1.633e-18,3.599e-18,-0.0006,50.36,0
BottomS32123,14.8688,-10.1226,3.103e-17,2.229e-17,8.157e-18,0.0007,52.38,0
BottomS32124,14.8808,-10.1229,9.895e-19,2.405e-18,1.088e-17,-0.0002,52.45,0
BottomS32125,14.8753,-10.1195,1.109e-19,1.177e-19,9.889e-20,0.0015,52.45,0
BottomS32126,14.8724,-10.1152,3.447e-17,2.560e-17,9.885e-18,-0.0007,52.45,0
BottomS32128,15.1155,-10.1498,3.693e-17,2.766e-17,1.119e-17,0.0001,50.26,1
BottomS32129,14.8688,-10.1155,1.446e-18,2.740e-18,7.433e-18,0.0002,52.45,0
BottomS32131,14.8565,-10.1106,6.223e-19,1.061e-18,2.283e-18,-0.0007,52.5,0
BottomS32134,15.0959,-10.1550,1.260e-18,1.933e-18,3.291e-18,-0.0001,50.26,0
BottomS32136,14.8665,-10.1054,5.092e-20,5.784e-20,5.409e-20,0.0005,52.45,0
BottomS32138,14.8702,-10.1014,8.024e-20,9.167e-20,8.602e-20,0.0004,52.43,0
BottomS32139,14.8599,-10.1007,1.976e-19,2.013e-19,1.507e-19,-0.0001,52.43,0
BottomS32142,14.8768,-10.0971,3.844e-17,2.880e-17,1.150e-17,-0.0004,52.33,0
BottomS32143,15.0895,-10.1706,5.870e-18,4.672e-18,2.143e-18,0.0002,50.42,0
BottomS32144,15.0810,-10.1668,2.566e-18,4.801e-18,1.257e-17,0.0004,50.4,0
BottomS32145,15.0863,-10.1707,1.060e-17,8.197e-18,3.634e-18,0.0001,50.39,1
BottomS32146,14.8919,-10.0938,1.235e-20,1.549e-20,1.856e-20,0.0001,52.34,0
BottomS32147,15.0719,-10.1709,1.427e-17,1.163e-17,5.641e-18,0.0016,50.53,0
BottomS32149,14.8985,-10.0917,4.068e-19,9.537e-19,4.198e-18,-0.0002,52.16,0
BottomS32150,14.9031,-10.0853,1.167e-20,1.474e-20,1.734e-20,-0.0001,51.99,0
BottomS32151,14.9073,-10.0849,1.247e-19,1.297e-19,9.995e-20,-0.0009,52.06,0
BottomS32153,15.0508,-10.1764,8.106e-19,7.647e-19,5.001e-19,0.001,50.78,0
BottomS32155,15.0382,-10.1738,6.364e-18,5.241e-18,2.591e-18,-0.0005,50.87,0
BottomS32157,14.9449,-10.0925,1.147e-16,8.442e-17,3.234e-17,-0.0006,51.78,0
BottomS32158,15.0137,-10.1698,2.721e-14,1.902e-14,6.692e-15,-0.0003,51.04,0
BottomS32160,11.6945,-10.1123,1.052e-18,1.814e-18,4.123e-18,0.0005,58.66,0
BottomS32161,11.6992,-10.1103,6.608e-14,5.418e-14,2.700e-14,-0.0005,58.63,1
BottomS32162,11.6696,-10.1437,1.275e-19,1.324e-19,1.022e-19,-0.0001,57.16,0
BottomS32166,11.8147,-9.8399,2.507e-20,2.950e-20,2.920e-20,-0.0003,58.93,0
BottomS32168,11.7073,-10.0963,1.608e-18,1.512e-18,9.954e-19,0.0008,59.72,0
BottomS32169,11.6908,-10.1109,2.145e-20,2.643e-20,2.953e-20,-0.0001,59.56,0
BottomS32172,11.7271,-10.0594,4.126e-19,4.131e-19,2.857e-19,-0.0001,59.35,0
BottomS32174,11.6707,-10.1576,2.293e-18,3.670e-18,6.820e-18,-0.0001,57.13,0
BottomS32175,11.6962,-10.0931,3.375e-19,3.306e-19,2.304e-19,0.0006,59.74,0
BottomS32176,11.7025,-10.0926,2.268e-18,1.919e-18,1.014e-18,-0.0011,59.06,0
BottomS32181,11.7062,-10.0805,1.311e-20,1.573e-20,1.654e-20,-0.0001,59.91,0
BottomS32195,11.6891,-10.1131,1.166e-20,1.470e-20,1.740e-20,-0.0,58.28,0
BottomS32197,11.6863,-10.1195,1.399e-18,3.265e-18,1.358e-17,-0.0001,57.64,0
BottomS32202,11.6781,-10.1488,1.682e-14,1.142e-14,3.849e-15,-0.0001,57.83,0
BottomS32203,11.6988,-10.1068,2.490e-19,2.451e-19,1.700e-19,-0.0006,59.03,0
BottomS32211,11.7100,-10.0679,6.864e-20,7.582e-20,6.695e-20,0.0004,59.79,0
BottomS32216,11.7153,-10.0557,4.904e-20,5.412e-20,4.794e-20,-0.0007,59.28,0
BottomS32223,11.6647,-10.1586,1.538e-20,2.052e-20,2.591e-20,-0.0002,57.19,0
BottomS32224,11.6657,-10.1542,3.820e-20,4.542e-20,4.694e-20,0.0006,57.53,0
BottomS32233,11.6997,-10.1094,7.043e-20,7.785e-20,6.927e-20,-0.0011,58.65,0
BottomS32240,11.6958,-10.1061,1.158e-14,7.860e-15,2.664e-15,-0.0001,59.31,0
BottomS32251,11.6964,-10.1098,5.044e-20,5.459e-20,4.733e-20,-0.001,58.55,0
BottomS32253,11.6872,-10.1202,1.171e-20,1.493e-20,1.744e-20,0.0,58.1,0
BottomS32257,11.7253,-10.0678,1.122e-20,1.475e-20,1.895e-20,-0.0003,59.68,0
BottomS32259,11.7011,-10.0986,5.978e-19,5.626e-19,3.570e-19,-0.0003,58.8,0
BottomS32260,11.6980,-10.1119,3.031e-19,2.867e-19,1.896e-19,0.0002,58.57,0
BottomS32261,11.6910,-10.1106,1.844e-19,1.938e-19,1.548e-19,-0.0006,58.79,0
BottomS32264,11.6803,-10.1366,1.031e-19,1.122e-19,9.837e-20,0.0007,57.15,0
BottomS32266,11.7019,-10.1035,1.305e-18,2.199e-18,4.703e-18,-0.0002,59.54,0
BottomS32269,11.6970,-10.1054,2.114e-19,2.109e-19,1.487e-19,0.0002,58.84,0
BottomS32275,11.6707,-10.1750,9.369e-20,1.042e-19,9.600e-20,0.0,57.18,0
BottomS32278,11.6904,-10.1070,1.336e-18,2.439e-18,6.070e-18,0.0001,59.2,0
BottomS32285,11.6693,-10.1486,5.732e-20,6.314e-20,5.612e-20,0.0003,57.47,0
BottomS32286,11.6881,-10.1189,3.784e-14,2.704e-14,1.008e-14,-0.0002,57.83,0
BottomS32305,11.6950,-10.1122,2.230e-20,2.614e-20,2.554e-20,-0.0009,58.93,0
BottomS32306,11.6990,-10.0983,5.188e-14,4.804e-14,3.038e-14,-0.0004,59.19,1
BottomS32308,11.6946,-10.1121,1.283e-20,1.719e-20,2.253e-20,0.0009,59.52,0
BottomS32313,11.6835,-10.1392,5.908e-20,6.718e-20,6.244e-20,0.0001,57.3,0
BottomS32314,11.6726,-10.1483,2.500e-20,3.101e-20,3.462e-20,-0.0004,57.4,0
BottomS32316,11.7020,-10.1001,6.236e-19,1.236e-18,3.596e-18,-0.0004,59.63,0
BottomS32317,11.6783,-10.1417,6.714e-19,6.119e-19,3.638e-19,0.0008,57.19,0
BottomS32318,11.6859,-10.1297,3.509e-18,9.265e-18,4.980e-17,-0.0005,57.33,0
BottomS32319,11.6841,-10.1176,9.456e-19,1.810e-18,5.007e-18,-0.0004,57.96,0
BottomS32321,11.6982,-10.0981,8.360e-20,8.912e-20,7.297e-20,-0.0001,59.48,0
BottomS32323,11.6931,-10.1173,1.011e-18,1.880e-18,4.826e-18,-0.0007,58.24,0
BottomS32326,11.6938,-10.1156,6.175e-14,4.478e-14,1.728e-14,-0.0001,58.03,0
BottomS32333,11.6920,-10.1030,3.354e-18,4.978e-18,8.263e-18,0.0,59.45,0
BottomS32334,11.6923,-10.1210,1.173e-20,1.470e-20,1.756e-20,-0.0,57.76,0
BottomS32340,11.6403,-10.1975,1.746e-20,2.174e-20,2.533e-20,-0.0001,57.41,0
BottomS32342,11.6855,-10.1255,1.621e-20,1.982e-20,2.152e-20,-0.0008,58.14,0
BottomS32344,11.6906,-10.1126,6.712e-20,7.650e-20,7.349e-20,-0.0007,58.46,0
BottomS32353,11.7093,-10.0791,1.033e-20,1.432e-20,2.063e-20,-0.0001,59.23,0
BottomS32357,11.6905,-10.1254,4.520e-19,4.290e-19,2.716e-19,-0.0001,57.33,0
BottomS32360,11.6421,-10.1985,1.311e-18,1.896e-18,2.982e-18,-0.0008,57.23,0
BottomS32364,11.6899,-10.0883,1.119e-19,1.188e-19,9.656e-20,0.0003,58.65,0
BottomS32371,11.6805,-10.1338,8.932e-20,9.677e-20,8.687e-20,-0.0006,57.72,0
BottomS32374,11.6812,-10.1321,7.524e-20,8.362e-20,7.490e-20,0.0005,57.3,0
BottomS32378,11.6888,-10.1212,1.769e-20,2.303e-20,2.877e-20,0.0006,58.05,0
BottomS32400,11.6736,-10.1420,3.310e-20,3.979e-20,4.135e-20,-0.0006,57.61,0
BottomS32401,11.6846,-10.1311,6.139e-19,5.664e-19,3.421e-19,0.0009,57.44,0
BottomS32402,11.7060,-10.0959,1.260e-19,1.410e-19,1.225e-19,0.0009,59.5,0
BottomS32406,11.7414,-10.0254,5.809e-19,1.131e-18,3.339e-18,-0.0001,59.64,0
BottomS32407,11.6785,-10.1107,1.239e-18,2.542e-18,8.205e-18,-0.0007,58.39,0
BottomS32408,11.6669,-10.1624,6.283e-20,7.123e-20,6.391e-20,0.0001,57.21,0
BottomS32411,11.6766,-10.1448,7.327e-20,8.023e-20,7.049e-20,0.0,57.1,0
BottomS32415,11.6892,-10.1121,2.815e-20,3.402e-20,3.632e-20,-0.0005,57.47,0
BottomS32417,11.6879,-10.1101,2.663e-18,5.073e-18,1.363e-17,0.0006,58.51,0
BottomS32421,11.6890,-10.1229,2.437e-18,5.947e-18,2.697e-17,0.0008,58.18,0
BottomS32423,11.6916,-10.1109,3.594e-20,4.232e-20,4.298e-20,-0.0001,58.51,0
BottomS32430,11.6729,-10.1435,3.643e-20,4.280e-20,4.264e-20,0.0004,57.48,0
BottomS32431,11.6904,-10.1306,2.353e-20,2.946e-20,3.449e-20,0.0013,57.91,0
BottomS32435,11.7436,-10.0094,3.105e-19,3.018e-19,2.073e-19,-0.0003,59.15,0
BottomS32438,11.6865,-10.0989,1.162e-14,1.143e-14,7.881e-15,0.0003,58.59,0
BottomS32440,11.7239,-10.0542,1.935e-20,2.398e-20,2.682e-20,-0.0009,59.35,0
BottomS32447,11.6766,-10.1349,1.271e-20,1.617e-20,1.941e-20,0.0004,57.15,0
BottomS32448,11.6980,-10.1037,3.194e-14,2.390e-14,9.429e-15,-0.0007,59.48,0
BottomS32450,11.6700,-10.1586,4.097e-20,5.147e-20,5.796e-20,0.0005,57.21,0
BottomS32453,11.6757,-10.1369,1.104e-18,1.866e-18,3.956e-18,0.0001,57.67,0
BottomS32454,11.7013,-10.0999,2.159e-18,3.323e-18,5.832e-18,-0.0004,59.48,0
BottomS32456,11.7145,-10.0882,2.208e-20,2.746e-20,3.089e-20,0.0013,59.47,0
BottomS32460,11.6889,-10.1101,1.897e-20,2.431e-20,2.857e-20,-0.0002,59.05,0
BottomS32461,11.6875,-10.1340,1.467e-20,1.825e-20,2.046e-20,0.0009,57.97,0
BottomS32463,11.6911,-10.1179,1.977e-20,2.397e-20,2.556e-20,-0.0,58.28,0
BottomS32465,11.6816,-10.1360,1.459e-18,2.547e-18,5.949e-18,0.0005,57.56,0
BottomS32467,11.6810,-10.1263,1.322e-18,2.936e-18,1.073e-17,0.0001,57.38,0
BottomS32473,11.6564,-10.1965,4.557e-19,4.232e-19,2.691e-19,-0.0001,57.68,0
BottomS32481,11.6774,-10.1318,1.382e-20,1.715e-20,1.920e-20,0.0003,57.14,0
BottomS32484,11.6637,-10.1209,4.028e-19,3.886e-19,2.628e-19,-0.0,57.23,0
BottomS32485,11.6725,-10.1289,4.328e-18,3.513e-18,1.676e-18,0.0005,57.2,0
BottomS32486,11.6662,-10.0911,2.237e-18,3.378e-18,5.766e-18,0.0006,58.96,0
BottomS32487,11.6745,-10.1098,5.441e-18,4.654e-18,2.366e-18,0.0004,57.59,0
BottomS32488,11.6801,-10.1181,5.893e-18,4.661e-18,2.117e-18,0.0003,57.55,0
BottomS32490,11.6906,-10.0743,6.000e-19,5.487e-19,3.237e-19,-0.0002,59.89,0
BottomS32491,11.6659,-10.1284,1.655e-20,2.077e-20,2.328e-20,0.0,57.35,0
BottomS32493,11.6644,-10.1386,1.705e-18,1.426e-18,7.246e-19,0.0006,57.13,0
BottomS32494,11.7099,-10.1055,1.125e-20,1.503e-20,1.877e-20,-0.0003,59.69,0
BottomS32496,11.7039,-10.1108,3.911e-20,4.748e-20,4.991e-20,-0.0007,58.72,0
BottomS32497,11.6805,-10.0783,3.911e-19,3.682e-19,2.341e-19,0.0002,59.81,0
BottomS32498,11.6788,-10.1246,4.247e-19,4.199e-19,3.029e-19,0.0001,57.38,0
BottomS32499,11.7104,-10.1158,2.594e-18,4.502e-18,9.930e-18,-0.0006,58.88,0
BottomS32500,11.7001,-10.0855,2.404e-20,3.225e-20,4.094e-20,-0.0001,59.7,0
BottomS32501,11.7359,-10.0930,2.553e-20,3.085e-20,3.304e-20,-0.0005,59.83,0
BottomS32505,11.6956,-10.1269,4.692e-20,5.683e-20,5.930e-20,0.0008,57.57,0
BottomS32506,11.6852,-10.1242,1.923e-20,2.402e-20,2.773e-20,0.0009,57.72,0
BottomS32509,11.6890,-10.0736,7.355e-19,7.169e-19,4.794e-19,0.0008,59.87,0
BottomS32512,11.7124,-10.0812,2.446e-19,2.457e-19,1.766e-19,-0.0006,59.76,0
BottomS32513,11.6967,-10.1075,5.917e-19,1.321e-18,5.100e-18,-0.0003,59.18,0
BottomS32514,11.6925,-10.1433,1.487e-20,1.917e-20,2.398e-20,0.0001,57.12,0
BottomS32515,11.6776,-10.1245,5.460e-19,5.076e-19,3.189e-19,-0.0003,57.55,0
BottomS32521,11.7027,-10.1359,1.839e-18,1.627e-18,8.893e-19,0.0002,57.67,0
BottomS32525,11.6911,-10.1305,2.142e-14,1.453e-14,4.933e-15,-0.0004,57.66,0
BottomS32526,11.7001,-10.1112,3.789e-20,4.333e-20,4.077e-20,-0.0004,59.16,0
BottomS32529,11.7036,-10.1324,7.976e-19,7.253e-19,4.334e-19,0.0001,57.72,0
BottomS32530,11.6655,-10.1007,4.051e-19,3.923e-19,2.666e-19,0.0003,57.79,0
BottomS32531,11.6703,-10.1355,3.497e-20,4.062e-20,3.801e-20,0.0006,57.09,0
BottomS32533,11.6835,-10.1141,3.562e-18,2.872e-18,1.297e-18,-0.0004,58.19,0
BottomS32534,11.6718,-10.1426,6.189e-20,6.921e-20,6.244e-20,-0.001,57.04,0
BottomS32535,11.6822,-10.1071,1.717e-20,2.217e-20,2.717e-20,-0.0007,58.7,0
BottomS32536,11.6872,-10.1118,1.153e-18,2.075e-18,5.089e-18,-0.0001,57.85,0
BottomS32540,11.6965,-10.1061,1.202e-20,1.617e-20,2.200e-20,-0.0003,59.31,0
BottomS32542,11.6820,-10.1223,4.467e-18,3.675e-18,1.841e-18,-0.0002,57.9,0
BottomS32544,11.6699,-10.1246,2.294e-20,3.022e-20,3.780e-20,0.0005,57.91,0
BottomS32545,11.6794,-10.1360,1.153e-18,1.021e-18,5.775e-19,0.0002,57.18,0
BottomS32546,11.6790,-10.1196,3.414e-20,3.867e-20,3.641e-20,-0.0005,57.69,0
BottomS32547,11.7015,-10.1039,2.036e-19,1.997e-19,1.326e-19,-0.0003,59.18,0
BottomS32550,11.6724,-10.1240,1.248e-14,8.542e-15,2.826e-15,-0.0007,57.28,0
BottomS32551,11.6964,-10.1099,3.035e-18,2.729e-18,1.595e-18,0.0006,58.74,0
BottomS32552,11.7172,-10.0930,1.338e-18,2.175e-18,4.126e-18,-0.0004,59.89,0
BottomS32554,11.6953,-10.0910,7.123e-19,7.005e-19,4.743e-19,-0.0003,59.7,0
BottomS32556,11.6650,-10.1162,1.155e-19,1.235e-19,9.846e-20,0.0002,57.3,0
BottomS32560,11.6820,-10.1085,2.502e-20,3.015e-20,3.145e-20,0.0008,58.41,0
BottomS32561,11.7019,-10.1216,4.827e-19,4.563e-19,2.998e-19,-0.0001,58.17,0
BottomS32562,11.7077,-10.0840,6.805e-14,4.837e-14,1.817e-14,0.0008,59.85,0
BottomS32567,11.6863,-10.1008,3.996e-14,2.794e-14,9.757e-15,-0.0008,58.88,0
BottomS32568,11.6902,-10.0972,2.484e-19,2.559e-19,1.989e-19,0.0001,59.62,0
BottomS32570,11.6975,-10.0945,1.213e-19,1.299e-19,1.053e-19,-0.0001,59.62,0
BottomS32571,11.6808,-10.0911,4.913e-20,5.915e-20,6.081e-20,0.0006,59.14,0
BottomS32572,11.7182,-10.1227,1.063e-18,9.549e-19,5.656e-19,-0.0003,59.04,0
BottomS32573,11.6966,-10.1113,3.161e-18,7.365e-18,3.085e-17,-0.0003,58.83,0
BottomS32575,11.6719,-10.1111,7.639e-19,6.872e-19,4.113e-19,0.0003,57.4,0
BottomS32576,11.6797,-10.1544,3.193e-20,4.041e-20,4.691e-20,-0.0001,57.14,0
BottomS32577,11.6921,-10.1253,1.267e-18,2.612e-18,8.342e-18,0.0002,57.41,0
BottomS32580,11.6757,-10.1212,1.661e-18,3.723e-18,1.450e-17,-0.0001,57.68,0
BottomS32584,11.7070,-10.0812,7.303e-15,9.981e-15,1.385e-14,-0.0,59.87,0
BottomS32588,11.7260,-10.0923,5.826e-18,4.612e-18,2.117e-18,-0.0004,59.86,0
BottomS32589,11.7029,-10.1249,9.284e-20,9.974e-20,8.537e-20,0.0003,57.59,0
BottomS32595,11.7016,-10.1009,3.126e-19,2.964e-19,1.905e-19,-0.0003,59.58,0
BottomS32596,11.6747,-10.1094,6.709e-20,7.371e-20,6.300e-20,0.0,58.19,0
BottomS32597,11.6728,-10.1044,1.471e-19,1.493e-19,1.128e-19,0.0001,58.39,0
BottomS32598,11.6828,-10.1435,7.935e-20,8.855e-20,8.074e-20,-0.0001,57.32,0
BottomS32600,11.6652,-10.0967,4.041e-19,4.070e-19,3.005e-19,0.0008,58.53,0
BottomS32601,11.6792,-10.1031,8.188e-20,9.431e-20,9.090e-20,-0.0006,59.06,0
BottomS32602,11.6713,-10.1353,1.122e-20,1.450e-20,1.749e-20,-0.0005,57.34,0
BottomS32604,11.6889,-10.0784,9.867e-19,9.576e-19,6.492e-19,0.0002,59.79,0
BottomS32605,11.6967,-10.1300,3.158e-20,3.873e-20,4.206e-20,-0.0005,57.53,0
BottomS32606,11.7027,-10.0902,1.442e-18,1.221e-18,6.116e-19,-0.0004,59.59,0
BottomS32607,11.7079,-10.1063,5.785e-18,4.344e-18,1.800e-18,-0.0004,59.61,0
BottomS32609,11.6789,-10.1044,2.089e-19,2.217e-19,1.793e-19,0.0008,58.75,0
BottomS32612,11.6679,-10.1021,1.343e-18,2.183e-18,4.271e-18,0.0001,58.31,0
BottomS32613,11.6917,-10.1081,1.087e-18,9.921e-19,6.273e-19,-0.0002,58.78,0
BottomS32614,11.7160,-10.1081,2.862e-18,2.396e-18,1.223e-18,0.0002,59.6,0
BottomS32615,11.6825,-10.0978,1.725e-19,1.792e-19,1.416e-19,0.0003,59.08,0
BottomS32616,11.6896,-10.0939,1.650e-18,1.479e-18,8.520e-19,-0.0004,59.32,0
BottomS32617,11.6744,-10.1303,3.932e-19,7.563e-19,2.144e-18,-0.0,57.14,0
BottomS32619,11.7005,-10.0796,8.968e-19,1.424e-18,2.704e-18,0.0004,59.84,0
BottomS32624,11.7114,-10.0822,6.773e-19,1.213e-18,2.911e-18,0.0001,59.46,0
BottomS32625,11.6820,-10.1350,1.598e-18,1.360e-18,7.372e-19,-0.0008,57.28,0
BottomS32626,11.6787,-10.1192,3.943e-20,4.515e-20,4.457e-20,-0.0006,57.37,0
BottomS32628,11.6809,-10.1125,5.899e-20,6.329e-20,5.242e-20,-0.0004,58.12,0
BottomS32629,11.6857,-10.1094,6.449e-19,5.937e-19,3.698e-19,0.0011,58.49,0
BottomS32630,11.6989,-10.1129,3.353e-18,9.112e-18,5.246e-17,0.0002,58.68,0
BottomS32635,11.6845,-10.1449,7.767e-19,1.418e-18,3.430e-18,-0.0009,57.3,0
BottomS32641,11.6876,-10.1279,3.793e-19,4.004e-19,3.189e-19,0.0002,57.32,0
BottomS32643,11.6874,-10.1237,6.046e-14,5.372e-14,3.046e-14,0.0001,57.39,1
BottomS32644,11.7015,-10.0986,6.564e-19,1.478e-18,5.636e-18,-0.001,59.59,0
BottomS32645,11.7024,-10.0995,4.966e-19,4.676e-19,2.983e-19,0.0,59.61,0
BottomS32646,11.6883,-10.1211,4.167e-19,8.676e-19,2.814e-18,0.0004,57.63,0
BottomS32647,11.6878,-10.1226,1.182e-19,1.272e-19,1.058e-19,-0.001,57.46,0
BottomS32649,11.6989,-10.1028,1.125e-18,1.008e-18,5.789e-19,-0.0005,59.64,0
BottomS32650,11.6816,-10.1298,2.959e-20,3.683e-20,4.051e-20,0.0001,57.3,0
BottomS32651,11.6869,-10.1135,2.257e-19,2.308e-19,1.746e-19,0.0003,58.18,0
BottomS32652,11.6837,-10.1294,1.233e-20,1.664e-20,2.238e-20,-0.0006,57.33,0
BottomS32653,11.6984,-10.0980,2.255e-19,2.169e-19,1.446e-19,0.0002,59.62,0
BottomS32655,11.7001,-10.1003,1.800e-20,2.387e-20,3.074e-20,-0.0005,59.55,0
BottomS32656,11.6824,-10.1286,5.126e-19,9.348e-19,2.316e-18,-0.0005,57.31,0
BottomS32658,11.6869,-10.1234,4.443e-14,3.223e-14,1.212e-14,0.0002,57.38,0
BottomS32659,11.6968,-10.0930,1.633e-18,3.011e-18,7.583e-18,-0.0001,59.65,0
BottomS32660,11.6833,-10.1362,3.114e-18,2.554e-18,1.266e-18,-0.0004,57.13,0
BottomS32663,11.6825,-10.1247,1.139e-18,2.145e-18,5.873e-18,-0.0003,57.32,0
BottomS32664,11.6874,-10.1184,2.831e-20,3.390e-20,3.527e-20,0.0002,57.56,0
BottomS32665,11.6850,-10.1313,5.225e-19,4.660e-19,2.695e-19,-0.0004,57.3,0
BottomS32667,11.7020,-10.0963,9.705e-19,1.843e-18,5.163e-18,-0.0001,59.71,0
BottomS32668,11.7024,-10.0925,1.294e-19,1.421e-19,1.218e-19,0.0003,59.72,0
BottomS32672,11.7056,-10.0977,3.118e-20,3.867e-20,4.377e-20,0.0,59.72,0
BottomS32673,11.6760,-10.1339,9.956e-19,2.391e-18,1.074e-17,-0.0002,57.14,0
BottomS32675,11.6816,-10.1292,1.963e-14,1.343e-14,4.695e-15,-0.0004,57.3,0
BottomS32677,11.6826,-10.1285,3.943e-19,3.990e-19,2.940e-19,-0.0007,57.36,0
BottomS32679,11.6995,-10.0897,3.213e-17,2.263e-17,8.180e-18,-0.0009,59.76,0
BottomS32680,11.7044,-10.0925,2.010e-18,4.679e-18,2.031e-17,0.0012,59.76,0
BottomS32681,11.7018,-10.0904,4.952e-18,4.014e-18,1.944e-18,-0.0006,59.75,0
BottomS32683,11.7020,-10.0964,7.097e-19,6.288e-19,3.494e-19,-0.0005,59.65,0
BottomS32684,11.6772,-10.1263,3.484e-19,5.454e-19,9.649e-19,0.0002,57.24,0
BottomS32685,11.6787,-10.1320,3.877e-20,4.498e-20,4.341e-20,-0.0008,57.22,0
BottomS32688,11.7009,-10.0960,1.130e-20,1.478e-20,1.887e-20,0.0005,59.65,0
BottomS32689,11.6821,-10.1319,6.030e-19,9.800e-19,1.917e-18,0.0002,57.23,0
BottomS32692,11.6823,-10.1361,4.611e-19,4.479e-19,3.078e-19,-0.0,57.15,0
BottomS32695,11.6816,-10.1337,7.752e-20,8.273e-20,6.952e-20,0.0005,57.22,0
BottomS32696,11.6787,-10.1342,1.655e-18,3.242e-18,9.560e-18,0.0007,57.13,0
BottomS32700,11.6751,-10.1330,2.372e-18,1.946e-18,9.593e-19,0.0006,57.17,0
BottomS32702,11.6831,-10.1368,1.543e-18,2.204e-18,3.344e-18,0.0002,57.14,0
BottomS32703,11.7088,-10.0909,4.063e-19,7.671e-19,2.072e-18,0.0008,59.83,0
BottomS32704,11.6803,-10.1348,7.127e-19,6.513e-19,4.038e-19,0.0006,57.16,0
BottomS32707,11.6827,-10.1286,8.205e-20,8.861e-20,7.522e-20,0.0005,57.35,0
BottomS32708,11.6784,-10.1397,1.559e-18,1.399e-18,8.046e-19,0.0,57.16,0
BottomS32710,11.7065,-10.0953,7.858e-19,1.428e-18,3.456e-18,-0.0005,59.72,0
BottomS32713,11.7028,-10.0835,2.718e-19,2.713e-19,1.928e-19,0.0013,59.83,0
BottomS32717,11.7038,-10.0958,1.678e-20,2.058e-20,2.326e-20,0.0001,59.71,0
BottomS32719,11.6774,-10.1415,1.137e-19,1.196e-19,9.484e-20,-0.0007,57.07,0
BottomS32720,11.7015,-10.0953,2.101e-17,1.673e-17,7.662e-18,-0.0,59.72,0
BottomS32721,11.7097,-10.0883,2.050e-18,1.779e-18,9.409e-19,-0.001,59.86,0
BottomS32723,11.6877,-10.1304,4.458e-19,4.296e-19,2.835e-19,-0.0002,57.41,0
BottomS32724,11.7016,-10.0967,8.573e-19,7.482e-19,4.066e-19,0.0008,59.66,0
BottomS32725,11.6753,-10.1356,8.176e-19,1.562e-18,4.364e-18,-0.0008,57.06,0
BottomS32726,11.6772,-10.1361,5.672e-20,6.602e-20,6.687e-20,-0.0003,57.09,0
BottomS32729,11.7038,-10.0934,1.588e-19,1.706e-19,1.433e-19,-0.0004,59.74,0
BottomS32732,11.7053,-10.0931,1.098e-20,1.479e-20,1.958e-20,0.0011,59.77,0
BottomS32734,11.6780,-10.1368,5.273e-20,6.174e-20,6.168e-20,-0.0001,57.11,0
BottomS32735,11.7016,-10.0921,3.119e-20,3.726e-20,3.878e-20,0.0005,59.72,0
BottomS32736,11.6759,-10.1383,7.298e-20,8.235e-20,7.314e-20,-0.0001,57.09,0
BottomS32740,11.6788,-10.1340,2.525e-20,3.076e-20,3.466e-20,-0.0002,57.15,0
BottomS32742,11.6739,-10.1479,3.611e-14,3.257e-14,1.907e-14,0.0003,57.05,1
BottomS32744,11.6860,-10.1354,1.267e-19,1.432e-19,1.323e-19,0.0002,57.25,0
BottomS32745,11.7098,-10.0845,3.507e-19,6.734e-19,1.879e-18,-0.0007,59.86,0
BottomS32749,11.6738,-10.1385,5.129e-20,5.838e-20,5.596e-20,0.0,57.12,0
BottomS32750,11.7077,-10.0896,9.482e-19,8.382e-19,4.790e-19,0.0,59.83,0
BottomS32753,11.6749,-10.1403,1.039e-18,9.412e-19,5.765e-19,0.0,57.06,0
BottomS32754,11.7055,-10.0854,3.699e-18,6.850e-18,1.740e-17,0.0005,59.84,0
BottomS32755,11.6765,-10.1408,1.307e-18,1.142e-18,6.119e-19,0.0007,57.11,0
BottomS32757,11.6791,-10.1307,1.429e-19,1.475e-19,1.112e-19,-0.001,57.23,0
BottomS32760,11.6872,-10.1367,4.947e-14,4.087e-14,2.063e-14,-0.0003,57.19,1
BottomS32762,11.7105,-10.0868,1.621e-18,3.265e-18,1.025e-17,-0.0008,59.89,0
BottomS32763,11.7057,-10.0825,1.719e-18,2.771e-18,5.430e-18,0.0006,59.86,0
BottomS32764,11.6824,-10.1388,7.042e-19,1.140e-18,2.210e-18,0.0002,57.13,0
BottomS32765,11.6745,-10.1465,1.648e-18,1.381e-18,7.025e-19,0.0005,57.05,0
BottomS32768,11.6734,-10.1387,5.780e-15,3.792e-15,1.221e-15,-0.0,57.08,0
BottomS32771,11.6801,-10.1446,1.112e-17,9.149e-18,4.458e-18,0.001,57.08,0
BottomS32772,11.6743,-10.1431,3.856e-14,2.945e-14,1.259e-14,0.0003,57.07,1
BottomS32773,11.6737,-10.1431,8.329e-19,8.062e-19,5.594e-19,-0.0005,57.05,0
BottomS32775,11.6804,-10.1375,5.817e-18,4.561e-18,1.985e-18,0.0001,57.16,0
BottomS32777,11.7105,-10.0784,1.087e-19,1.207e-19,1.063e-19,0.0008,59.92,0
BottomS32778,11.6801,-10.1389,9.824e-20,1.012e-19,7.886e-20,0.0004,57.09,0
BottomS32779,11.7081,-10.0846,2.362e-19,2.411e-19,1.846e-19,-0.0005,59.88,0
BottomS32780,11.6754,-10.1436,3.586e-19,3.418e-19,2.307e-19,0.0007,57.07,0
BottomS32781,11.6759,-10.1387,1.335e-18,2.558e-18,7.139e-18,0.0001,57.09,0
BottomS32782,11.6709,-10.1444,2.908e-19,2.897e-19,2.166e-19,0.0004,57.08,0
BottomS32783,11.7078,-10.0816,1.259e-14,8.619e-15,2.878e-15,0.0003,59.87,0
BottomS32785,11.7060,-10.0764,1.534e-18,2.907e-18,7.703e-18,-0.0002,59.91,0
BottomS32786,11.7125,-10.0848,2.637e-20,3.432e-20,4.206e-20,0.0009,59.89,0
BottomS32789,11.6740,-10.1439,5.079e-19,4.947e-19,3.295e-19,0.0001,57.05,0
BottomS32791,11.6800,-10.1389,4.026e-18,3.277e-18,1.606e-18,-0.0001,57.12,0
BottomS32794,11.7105,-10.0791,5.383e-19,4.964e-19,2.963e-19,-0.0004,59.89,0
BottomS32796,11.7032,-10.0811,8.127e-20,9.335e-20,9.338e-20,-0.0004,59.88,0
BottomS32803,11.6704,-10.1459,4.701e-19,4.303e-19,2.633e-19,0.0003,57.07,0
BottomS32805,11.7092,-10.0774,1.683e-18,3.095e-18,7.937e-18,-0.0001,59.91,0
BottomS32808,11.7084,-10.0824,5.311e-19,4.778e-19,2.821e-19,0.001,59.88,0
BottomS32811,11.6741,-10.1532,4.767e-18,3.771e-18,1.725e-18,0.0003,57.07,0
BottomS32812,11.6707,-10.1508,7.445e-19,7.018e-19,4.634e-19,0.0005,57.08,0
BottomS32816,11.7086,-10.0805,5.216e-19,4.932e-19,3.236e-19,0.0004,59.92,0
BottomS32817,11.7122,-10.0769,8.993e-19,7.971e-19,4.589e-19,-0.0003,59.89,0
BottomS32819,11.7114,-10.0786,1.692e-18,1.446e-18,7.590e-19,-0.0,59.87,0
BottomS32820,11.6712,-10.1522,5.541e-20,6.377e-20,6.126e-20,0.0,57.1,0
BottomS32822,11.6703,-10.1540,3.168e-19,3.004e-19,1.948e-19,0.0002,57.13,0
BottomS32825,11.6704,-10.1585,6.471e-14,5.128e-14,2.264e-14,0.0002,57.11,1
BottomS32826,11.7139,-10.0721,2.434e-18,2.112e-18,1.127e-18,0.0002,59.85,0
BottomS32827,11.6694,-10.1523,1.251e-18,1.101e-18,6.025e-19,0.0002,57.1,0
BottomS32831,11.6692,-10.1544,3.368e-19,3.397e-19,2.445e-19,0.0007,57.12,0
BottomS32833,11.7127,-10.0739,1.609e-18,1.397e-18,7.486e-19,0.0009,59.87,0
BottomS32834,11.7143,-10.0718,1.513e-18,2.519e-18,5.170e-18,-0.0001,59.84,0
BottomS32837,11.7202,-10.0660,2.323e-14,1.602e-14,5.440e-15,-0.0002,59.8,0
BottomS32838,11.6708,-10.1550,4.982e-20,5.899e-20,6.168e-20,0.0001,57.09,0
BottomS32839,11.6729,-10.1517,1.506e-19,1.630e-19,1.418e-19,0.0,57.08,0
BottomS32842,11.7171,-10.0686,1.012e-20,1.258e-20,1.393e-20,-0.0002,59.78,0
BottomS32846,11.6668,-10.1608,2.345e-14,1.613e-14,5.491e-15,-0.0002,57.15,0
BottomS32847,11.6581,-10.1714,3.413e-18,5.558e-18,1.152e-17,-0.0005,57.19,0
BottomS32848,11.6920,-10.1131,2.277e-18,1.995e-18,1.095e-18,0.0001,59.31,0
BottomS32849,11.6920,-10.1132,6.107e-17,4.358e-17,1.609e-17,-0.0003,53.73,0
BottomS32850,11.6686,-10.1554,5.838e-19,5.897e-19,4.173e-19,-0.0008,57.11,0
BottomS32851,11.6639,-10.1648,1.643e-17,1.279e-17,5.723e-18,0.0008,57.18,1
BottomS32852,11.6644,-10.1628,3.109e-17,2.306e-17,9.242e-18,-0.0002,57.14,0
BottomS32853,11.7194,-10.0605,9.552e-18,7.549e-18,3.459e-18,0.0001,59.75,1
BottomS32854,11.7170,-10.0662,4.463e-18,3.555e-18,1.676e-18,-0.0,59.78,0
BottomS32855,11.6660,-10.1651,1.170e-16,7.945e-17,2.743e-17,0.0001,57.21,0
BottomS32856,11.7168,-10.0665,5.754e-17,4.038e-17,1.475e-17,-0.0003,59.72,0
BottomS32857,11.6695,-10.1604,8.526e-17,6.110e-17,2.242e-17,0.0004,57.24,0
BottomS32858,11.6677,-10.1600,7.810e-17,5.723e-17,2.201e-17,-0.0003,57.26,0
BottomS32859,11.7146,-10.0703,3.287e-18,2.698e-18,1.328e-18,0.0006,59.62,0
BottomS32860,11.7148,-10.0645,7.413e-19,1.299e-18,2.939e-18,-0.0,59.6,0
BottomS32861,11.7161,-10.0648,3.819e-17,2.883e-17,1.194e-17,-0.0007,59.55,0
BottomS32862,11.7153,-10.0657,1.642e-16,1.171e-16,4.388e-17,0.0005,59.52,0
BottomS32863,11.7114,-10.0694,3.340e-19,3.464e-19,2.634e-19,-0.0005,59.46,0
BottomS32864,11.6682,-10.1596,4.980e-17,3.709e-17,1.484e-17,-0.0004,57.46,0
BottomS32865,11.7105,-10.0718,2.700e-17,1.979e-17,7.973e-18,-0.0012,59.34,0
BottomS32866,11.6736,-10.1539,1.246e-16,8.570e-17,2.886e-17,0.0001,57.62,0
BottomS32867,11.6736,-10.1523,1.128e-17,8.858e-18,3.883e-18,0.0001,57.58,1
BottomS32868,11.6766,-10.1508,1.775e-18,1.462e-18,7.410e-19,-0.0012,57.72,0
BottomS32869,11.6796,-10.1470,1.797e-18,1.530e-18,8.187e-19,0.0005,57.77,0
BottomS32870,11.7048,-10.0788,1.511e-17,1.095e-17,4.345e-18,-0.0005,59.17,0
BottomS32871,11.6793,-10.1461,6.800e-18,5.275e-18,2.263e-18,-0.0007,57.81,1
BottomS32873,11.6844,-10.1393,1.204e-17,9.563e-18,4.338e-18,-0.0,57.98,0
BottomS32874,11.7002,-10.0897,1.914e-17,1.503e-17,6.848e-18,-0.0003,58.91,1
BottomS32875,11.6864,-10.1328,5.546e-18,4.249e-18,1.828e-18,0.0002,58.11,0
BottomS32876,11.6968,-10.0932,4.467e-14,3.304e-14,1.313e-14,-0.0005,58.83,0
BottomS32877,11.6939,-10.0971,8.344e-17,5.878e-17,2.059e-17,-0.0005,58.72,0
BottomS32878,11.6917,-10.0995,6.255e-18,4.920e-18,2.269e-18,-0.0003,58.67,0
BottomS32879,11.6898,-10.1037,1.229e-17,9.667e-18,4.164e-18,0.0005,58.59,1
BottomS32880,11.6950,-10.1185,3.005e-17,2.266e-17,9.383e-18,0.0002,58.42,1
BottomS32882,11.6861,-10.1138,5.288e-19,5.104e-19,3.447e-19,0.0012,58.4,0
BottomS32883,11.7003,-10.1092,2.329e-17,1.803e-17,7.930e-18,0.0007,58.61,1
BottomS32884,11.6802,-10.1215,2.674e-18,2.252e-18,1.116e-18,0.0,58.27,0
BottomS32885,11.6803,-10.1245,1.360e-19,1.476e-19,1.268e-19,0.0005,58.24,0
BottomS32886,11.7057,-10.0995,1.905e-17,1.426e-17,5.700e-18,-0.0001,58.8,0
BottomS32887,11.6763,-10.1312,6.662e-18,5.505e-18,2.629e-18,0.0004,58.07,0
BottomS32888,11.6749,-10.1354,6.995e-20,8.007e-20,7.431e-20,0.0001,58.02,0
BottomS32889,11.7121,-10.0863,5.226e-18,4.339e-18,2.125e-18,0.0001,59.02,0
BottomS32890,11.6728,-10.1404,4.539e-14,3.347e-14,1.323e-14,-0.0001,57.93,0
BottomS32891,11.6689,-10.1420,1.329e-18,1.192e-18,6.765e-19,-0.0,57.89,0
BottomS32892,11.6672,-10.1504,1.700e-19,1.707e-19,1.247e-19,-0.0006,57.82,0
BottomS32893,11.7173,-10.0761,2.183e-20,2.543e-20,2.526e-20,0.0005,59.12,0
BottomS32894,11.6638,-10.1530,3.717e-17,2.689e-17,1.020e-17,0.0003,57.75,0
BottomS32895,11.7244,-10.0648,1.451e-18,2.028e-18,2.945e-18,0.0008,59.29,0
BottomS32896,11.7241,-10.0636,4.964e-17,3.693e-17,1.463e-17,0.0,59.34,0
BottomS32897,11.7241,-10.0618,1.994e-17,1.484e-17,5.901e-18,0.0,59.36,0
BottomS32898,11.6610,-10.1623,6.356e-17,4.570e-17,1.728e-17,0.0004,57.58,0
BottomS32899,11.7290,-10.0520,6.508e-16,4.452e-16,1.477e-16,-0.0004,59.49,0
BottomS32900,11.6571,-10.1707,1.053e-16,7.842e-17,3.013e-17,0.0003,57.45,0
BottomS32901,11.6526,-10.1780,1.138e-17,8.991e-18,4.005e-18,0.0,57.39,1
BottomS32902,11.7337,-10.0412,3.576e-18,3.013e-18,1.519e-18,0.0003,59.58,0
BottomS32903,11.7330,-10.0420,1.361e-18,1.221e-18,7.291e-19,-0.0004,59.6,0
BottomS32904,11.7341,-10.0412,8.712e-19,1.579e-18,3.872e-18,0.0,59.63,0
BottomS32905,11.7358,-10.0396,7.829e-19,7.348e-19,4.634e-19,0.0003,59.62,0
BottomS32906,11.7340,-10.0384,1.076e-18,9.813e-19,5.834e-19,-0.0008,59.66,0
BottomS32907,11.7354,-10.0382,1.108e-18,1.776e-18,3.439e-18,0.0003,59.68,0
BottomS32908,11.6497,-10.1903,3.944e-17,2.930e-17,1.152e-17,0.0003,57.25,0
BottomS32909,11.7376,-10.0302,4.980e-17,3.498e-17,1.274e-17,-0.0004,59.71,0
BottomS32910,11.7368,-10.0311,1.172e-18,1.070e-18,6.589e-19,-0.0005,59.72,0
BottomS32911,11.6473,-10.1978,5.995e-19,1.040e-18,2.315e-18,0.0009,57.2,0
BottomS32912,11.7380,-10.0297,1.002e-16,7.164e-17,2.663e-17,0.0009,59.74,0
BottomS32913,11.6468,-10.1984,1.633e-17,1.214e-17,4.828e-18,0.0002,57.18,0
BottomS32914,11.7375,-10.0286,2.873e-16,1.982e-16,7.138e-17,0.0007,59.74,0
BottomS32915,11.7356,-10.0272,6.492e-14,5.010e-14,2.075e-14,-0.0005,59.72,1
BottomS32916,11.6465,-10.1986,1.334e-16,9.266e-17,3.205e-17,0.0001,57.22,0
BottomS32917,11.6482,-10.1977,4.140e-18,3.305e-18,1.536e-18,0.0004,57.21,0
BottomS32919,11.7313,-10.0338,7.729e-18,6.030e-18,2.618e-18,0.0002,59.65,0
BottomS32920,11.7384,-10.0246,2.098e-16,1.419e-16,4.755e-17,0.0001,59.64,0
BottomS32921,11.7313,-10.0332,1.715e-18,2.505e-18,3.975e-18,0.0006,59.62,0
BottomS32922,11.6546,-10.1864,4.815e-18,1.208e-17,5.881e-17,-0.0001,57.37,0
BottomS32923,11.6557,-10.1886,2.615e-18,2.243e-18,1.228e-18,-0.0005,57.39,0
BottomS32924,11.7270,-10.0389,2.325e-19,5.250e-19,2.109e-18,-0.0003,59.51,0
BottomS32925,11.6588,-10.1864,3.688e-17,2.590e-17,9.285e-18,0.001,57.46,0
BottomS32926,11.6581,-10.1864,5.063e-17,3.753e-17,1.453e-17,-0.0005,57.49,0
BottomS32927,11.6607,-10.1845,1.567e-17,1.221e-17,5.421e-18,0.0002,57.53,1
BottomS32928,11.6622,-10.1784,1.663e-19,1.679e-19,1.225e-19,0.0005,57.58,0
BottomS32929,11.6610,-10.1799,5.836e-19,1.275e-18,4.802e-18,-0.0003,57.61,0
BottomS32930,11.6682,-10.1661,5.390e-18,4.311e-18,2.051e-18,0.0001,57.72,0
BottomS32931,11.6665,-10.1728,4.252e-19,4.030e-19,2.667e-19,0.0006,57.73,0
BottomS32932,11.6704,-10.1670,2.740e-18,2.333e-18,1.222e-18,0.0004,57.76,0
BottomS32933,11.7133,-10.0644,2.436e-17,1.803e-17,7.068e-18,-0.0,59.1,0
BottomS32934,11.7069,-10.0706,2.690e-17,2.038e-17,8.305e-18,-0.0002,59.03,0
BottomS32935,11.6789,-10.1530,4.066e-17,3.001e-17,1.141e-17,0.0002,57.97,0
BottomS32936,11.6814,-10.1464,3.656e-18,2.842e-18,1.275e-18,0.0008,58.03,0
BottomS32937,11.7021,-10.0817,1.985e-18,1.807e-18,1.052e-18,0.0011,58.88,0
BottomS32938,11.6986,-10.0834,8.159e-19,7.621e-19,4.762e-19,0.0001,58.81,0
BottomS32939,11.6866,-10.1398,1.026e-18,9.119e-19,5.278e-19,0.0004,58.17,0
BottomS32940,11.6965,-10.0924,9.542e-18,7.648e-18,3.560e-18,-0.0004,58.7,0
BottomS32941,11.6921,-10.0993,6.997e-19,1.088e-18,1.971e-18,0.0008,58.61,0
BottomS32942,11.6951,-10.1253,9.751e-17,6.755e-17,2.378e-17,0.0006,58.38,0
BottomS32943,11.6984,-10.1197,1.489e-16,9.950e-17,3.305e-17,0.0004,58.45,0
BottomS32944,11.6855,-10.1114,1.820e-18,1.589e-18,8.769e-19,0.0001,58.46,0
BottomS32945,11.6803,-10.1165,4.671e-18,3.594e-18,1.587e-18,0.0002,58.37,0
BottomS32946,11.6788,-10.1204,1.138e-17,8.691e-18,3.632e-18,0.0003,58.32,1
BottomS32947,11.6770,-10.1248,1.998e-19,2.050e-19,1.580e-19,0.0001,58.27,0
BottomS32948,11.6725,-10.1301,1.386e-16,9.481e-17,3.324e-17,0.001,58.18,0
BottomS32949,11.7149,-10.0905,1.568e-18,1.337e-18,6.925e-19,-0.0002,58.8,0
BottomS32950,11.6683,-10.1389,2.177e-18,1.934e-18,1.096e-18,-0.0,58.07,0
BottomS32951,11.7199,-10.0794,2.280e-18,1.937e-18,1.006e-18,0.0004,58.95,0
BottomS32952,11.6646,-10.1502,2.311e-14,1.554e-14,5.247e-15,0.0,57.94,0
BottomS32953,11.6594,-10.1576,6.164e-19,5.663e-19,3.455e-19,-0.0003,57.85,0
BottomS32954,11.6597,-10.1582,2.038e-16,1.396e-16,4.652e-17,-0.0009,57.86,0
BottomS32955,11.6580,-10.1636,8.580e-18,6.669e-18,2.786e-18,0.0001,57.77,1
BottomS32956,11.6544,-10.1668,1.797e-16,1.224e-16,4.152e-17,0.0002,57.73,0
BottomS32957,11.6534,-10.1709,2.861e-17,2.093e-17,8.115e-18,0.0001,57.71,0
BottomS32958,11.6495,-10.1769,2.060e-18,1.805e-18,1.018e-18,0.0003,57.58,0
BottomS32959,11.7384,-10.0427,5.383e-17,3.736e-17,1.333e-17,0.0009,59.37,0
BottomS32960,11.7366,-10.0434,2.966e-16,1.947e-16,6.088e-17,0.0007,59.37,0
BottomS32961,11.7397,-10.0378,1.113e-18,9.990e-19,5.782e-19,0.0002,59.48,0
BottomS32962,11.7378,-10.0368,2.138e-17,1.576e-17,6.388e-18,0.0005,59.46,0
BottomS32963,11.7436,-10.0292,5.382e-14,4.115e-14,1.756e-14,0.0003,59.52,1
BottomS32964,11.7415,-10.0293,1.037e-16,7.186e-17,2.584e-17,-0.0006,59.54,0
BottomS32965,11.6403,-10.2005,7.376e-17,5.302e-17,1.974e-17,0.0004,57.38,0
BottomS32966,11.6390,-10.2016,2.216e-17,1.576e-17,5.747e-18,0.001,57.35,0
BottomS32967,11.6372,-10.2090,7.106e-19,1.161e-18,2.317e-18,-0.0003,57.32,0
BottomS32968,11.6360,-10.2083,1.546e-17,1.147e-17,4.614e-18,0.0,57.26,0
BottomS32969,11.6321,-10.2190,8.791e-19,7.713e-19,4.357e-19,0.0003,57.24,0
BottomS32970,11.7467,-10.0172,7.281e-18,5.880e-18,2.772e-18,-0.0003,59.69,0
BottomS32971,11.6363,-10.2124,1.502e-17,1.181e-17,5.262e-18,-0.0004,57.26,1
BottomS32972,11.6341,-10.2170,1.557e-18,2.330e-18,3.886e-18,-0.0006,57.23,0
BottomS32973,11.7535,-10.0025,6.311e-19,6.054e-19,3.858e-19,0.0002,59.76,0
BottomS32975,11.7497,-10.0068,2.238e-19,4.553e-19,1.404e-18,-0.0004,59.74,0
BottomS32976,11.7523,-10.0010,3.943e-19,3.637e-19,2.204e-19,0.0005,59.75,0
BottomS32977,11.6355,-10.2232,1.349e-19,1.493e-19,1.366e-19,-0.0004,57.2,0
BottomS32978,11.6341,-10.2238,6.971e-14,5.633e-14,2.588e-14,0.0004,57.2,1
BottomS32979,11.7454,-10.0073,3.236e-17,2.389e-17,9.351e-18,0.0002,59.69,0
BottomS32980,11.6348,-10.2215,2.294e-17,1.780e-17,7.495e-18,-0.0003,57.23,1
BottomS32981,11.6399,-10.2148,2.641e-18,2.158e-18,1.055e-18,0.0002,57.28,0
BottomS32982,11.7446,-10.0092,9.706e-17,7.135e-17,2.838e-17,-0.0003,59.66,0
BottomS32983,11.6404,-10.2160,2.111e-19,2.274e-19,1.885e-19,-0.0007,57.28,0
BottomS32984,11.6418,-10.2154,3.168e-19,3.221e-19,2.418e-19,0.0005,57.33,0
BottomS32985,11.6414,-10.2127,6.279e-18,5.360e-18,2.805e-18,0.0004,57.37,0
BottomS32986,11.7393,-10.0164,1.234e-18,1.179e-18,7.612e-19,0.0003,59.55,0
BottomS32987,11.7375,-10.0172,2.756e-17,2.022e-17,8.108e-18,-0.0007,59.52,0
BottomS32988,11.6499,-10.2024,6.012e-18,4.675e-18,1.995e-18,-0.0001,57.44,0
BottomS32989,11.6485,-10.2041,7.927e-17,5.558e-17,1.986e-17,0.0,57.45,0
BottomS32990,11.6510,-10.1988,1.148e-18,1.074e-18,6.682e-19,0.0006,57.51,0
BottomS32991,11.7246,-10.0362,6.364e-18,5.154e-18,2.399e-18,-0.0003,59.36,0
BottomS32992,11.6597,-10.1883,2.556e-18,2.137e-18,1.060e-18,-0.0002,57.64,0
BottomS32993,11.7236,-10.0423,7.307e-20,7.847e-20,6.412e-20,0.0002,59.28,0
BottomS32994,11.7194,-10.0482,1.899e-18,1.654e-18,8.931e-19,-0.0001,59.17,0
BottomS32995,11.6670,-10.1749,3.306e-17,2.461e-17,9.793e-18,0.001,57.82,0
BottomS32996,11.7168,-10.0517,3.775e-19,7.859e-19,2.614e-18,0.0002,59.12,0
BottomS32997,11.6708,-10.1710,1.160e-18,1.474e-18,1.793e-18,0.0002,57.88,0
BottomS32998,11.6740,-10.1618,2.927e-14,1.995e-14,6.930e-15,-0.0002,57.93,0
BottomS32999,11.7098,-10.0663,4.412e-17,3.191e-17,1.204e-17,0.0003,58.96,0
BottomS33000,11.6800,-10.1519,7.982e-18,6.100e-18,2.484e-18,-0.0004,58.08,0
BottomS33001,11.7022,-10.0773,5.321e-18,4.085e-18,1.772e-18,-0.0001,58.83,0
BottomS33002,11.6960,-10.0856,8.481e-17,6.128e-17,2.274e-17,0.0001,58.72,0
BottomS33003,11.6932,-10.0911,3.019e-17,2.179e-17,8.398e-18,0.0002,58.64,0
BottomS33004,11.6899,-10.0974,1.627e-18,1.391e-18,7.357e-19,-0.0011,58.59,0
BottomS33005,11.6881,-10.1007,7.956e-17,5.560e-17,1.953e-17,0.0004,58.56,0
BottomS33006,11.6988,-10.1186,1.306e-16,9.464e-17,3.612e-17,0.0004,58.46,0
BottomS33007,11.6811,-10.1126,3.129e-16,2.183e-16,7.482e-17,0.0001,58.43,0
BottomS33008,11.6780,-10.1192,1.058e-16,7.330e-17,2.627e-17,-0.0006,58.36,0
BottomS33009,11.6659,-10.1592,9.203e-18,7.361e-18,3.332e-18,0.0007,57.19,1
BottomS33011,11.6687,-10.1596,7.178e-19,1.354e-18,3.572e-18,-0.0007,57.2,0
BottomS33014,11.7148,-10.0707,1.015e-16,7.046e-17,2.506e-17,-0.0003,59.63,0
BottomS33015,11.6691,-10.1613,2.322e-17,1.770e-17,7.378e-18,-0.0007,57.32,1
BottomS33016,11.7169,-10.0645,1.488e-18,2.224e-18,3.721e-18,0.0001,59.63,0
BottomS33017,11.7114,-10.0719,4.442e-19,8.582e-19,2.407e-18,0.0003,59.56,0
BottomS33018,11.6715,-10.1583,4.227e-17,2.995e-17,1.110e-17,-0.0003,57.39,0
BottomS33019,11.6710,-10.1584,1.713e-20,2.081e-20,2.204e-20,-0.0014,57.35,0
BottomS33020,11.6749,-10.1510,4.379e-19,4.195e-19,2.699e-19,0.0002,57.44,0
BottomS33022,11.6755,-10.1528,8.103e-19,1.796e-18,6.658e-18,-0.0004,57.47,0
BottomS33024,11.6714,-10.1560,6.932e-20,8.162e-20,8.287e-20,0.0004,57.55,0
BottomS33025,11.6732,-10.1572,2.854e-19,2.847e-19,2.039e-19,0.0003,57.61,0
BottomS33026,11.6760,-10.1552,8.356e-18,6.961e-18,3.490e-18,-0.0007,57.62,0
BottomS33027,11.6736,-10.1508,1.172e-18,1.880e-18,3.701e-18,0.0003,57.62,0
BottomS33028,11.7090,-10.0760,1.605e-19,1.698e-19,1.421e-19,0.0005,59.21,0
BottomS33029,11.6760,-10.1534,1.667e-18,1.383e-18,6.973e-19,0.0,57.7,0
BottomS33030,11.6769,-10.1478,4.662e-18,3.878e-18,1.945e-18,-0.0001,57.76,0
BottomS33031,11.7034,-10.0844,9.409e-19,1.794e-18,4.962e-18,0.0016,59.08,0
BottomS33032,11.7013,-10.0824,2.278e-17,1.725e-17,6.982e-18,0.0003,59.07,1
BottomS33033,11.6818,-10.1405,2.267e-17,1.709e-17,7.207e-18,-0.0006,57.91,1
BottomS33034,11.6806,-10.1394,2.053e-17,1.504e-17,5.980e-18,-0.001,57.94,0
BottomS33035,11.6861,-10.1370,1.287e-20,1.659e-20,1.969e-20,0.0001,58.0,0
BottomS33036,11.6869,-10.1363,3.450e-18,2.899e-18,1.459e-18,0.0001,58.04,0
BottomS33037,11.6875,-10.1362,1.642e-18,1.492e-18,9.053e-19,-0.0001,58.07,0
BottomS33038,11.6883,-10.1310,2.097e-18,3.681e-18,8.649e-18,0.0003,58.15,0
BottomS33039,11.6922,-10.1276,3.806e-19,6.647e-19,1.467e-18,0.0001,58.26,0
BottomS33040,11.6937,-10.0979,2.255e-18,1.858e-18,9.487e-19,0.0004,58.74,0
BottomS33042,11.6938,-10.1024,7.787e-18,6.346e-18,2.971e-18,0.0004,58.68,0
BottomS33043,11.6889,-10.1054,2.360e-19,2.417e-19,1.838e-19,-0.0004,58.56,0
BottomS33044,11.6916,-10.1185,7.902e-19,7.028e-19,4.000e-19,-0.0004,58.39,0
BottomS33045,11.6981,-10.1165,2.219e-18,1.845e-18,9.523e-19,-0.0001,58.48,0
BottomS33048,11.6962,-10.1073,1.664e-18,1.421e-18,7.301e-19,0.0001,58.61,0
BottomS33049,11.7032,-10.1066,1.964e-19,1.987e-19,1.485e-19,0.0001,58.65,0
BottomS33050,11.6814,-10.1223,8.388e-19,7.642e-19,4.634e-19,-0.0001,58.26,0
BottomS33051,11.6791,-10.1257,2.218e-20,2.781e-20,3.236e-20,0.0007,58.21,0
BottomS33052,11.7070,-10.0995,3.888e-20,4.573e-20,4.552e-20,0.0002,58.82,0
BottomS33055,11.7129,-10.0910,3.522e-18,2.897e-18,1.395e-18,0.0001,58.95,0
BottomS33056,11.6717,-10.1352,1.162e-18,1.024e-18,5.699e-19,0.0006,58.01,0
BottomS33057,11.6726,-10.1401,1.091e-17,8.350e-18,3.578e-18,-0.0001,57.98,1
BottomS33058,11.7161,-10.0795,2.981e-17,2.279e-17,9.387e-18,0.0008,59.06,0
BottomS33059,11.7124,-10.0855,1.296e-18,1.166e-18,7.053e-19,0.0007,59.09,0
BottomS33060,11.7185,-10.0754,5.703e-20,6.095e-20,5.067e-20,-0.0006,59.16,0
BottomS33063,11.7183,-10.0714,1.203e-16,8.464e-17,3.011e-17,-0.0003,59.22,0
BottomS33064,11.6640,-10.1557,1.763e-20,2.141e-20,2.305e-20,-0.0005,57.7,0
BottomS33066,11.6593,-10.1655,8.906e-19,1.306e-18,2.087e-18,-0.0,57.51,0
BottomS33067,11.7308,-10.0508,2.742e-19,2.698e-19,1.873e-19,0.0001,59.43,0
BottomS33068,11.7270,-10.0597,5.260e-17,3.877e-17,1.502e-17,0.0006,59.39,0
BottomS33069,11.6566,-10.1673,2.999e-14,2.162e-14,8.051e-15,0.0004,57.51,0
BottomS33071,11.7250,-10.0613,5.163e-20,6.100e-20,6.176e-20,-0.0006,59.46,0
BottomS33072,11.6564,-10.1695,8.238e-20,9.061e-20,7.989e-20,0.0004,57.48,0
BottomS33074,11.6530,-10.1806,9.784e-17,6.819e-17,2.394e-17,0.0005,57.34,0
BottomS33076,11.6495,-10.1851,2.040e-19,2.111e-19,1.648e-19,-0.0001,57.38,0
BottomS33077,11.6487,-10.1816,1.969e-17,1.420e-17,5.385e-18,0.0002,57.32,0
BottomS33078,11.7309,-10.0434,4.401e-18,3.773e-18,1.934e-18,-0.0001,59.68,0
BottomS33079,11.7349,-10.0374,4.577e-19,7.839e-19,1.736e-18,0.0,59.7,0
BottomS33080,11.7351,-10.0338,8.430e-19,7.796e-19,4.728e-19,0.0006,59.67,0
BottomS33081,11.6475,-10.1947,1.642e-16,1.125e-16,3.801e-17,-0.0002,57.27,0
BottomS33082,11.6489,-10.1830,1.544e-18,1.367e-18,7.616e-19,0.001,57.24,0
BottomS33084,11.6472,-10.1947,4.155e-19,7.491e-19,1.817e-18,0.0006,57.23,0
BottomS33085,11.6520,-10.1863,1.047e-18,9.921e-19,6.286e-19,-0.0001,57.22,0
BottomS33086,11.6425,-10.1975,1.639e-17,1.206e-17,4.959e-18,-0.0002,57.2,0
BottomS33087,11.6432,-10.2050,2.650e-20,3.311e-20,3.736e-20,0.0004,57.21,0
BottomS33088,11.7374,-10.0271,2.910e-18,2.433e-18,1.187e-18,-0.0,59.75,0
BottomS33089,11.7359,-10.0307,3.665e-18,2.981e-18,1.422e-18,-0.0001,59.74,0
BottomS33090,11.7319,-10.0374,2.180e-18,5.000e-18,2.014e-17,-0.0001,59.71,0
BottomS33091,11.7336,-10.0359,3.990e-14,3.060e-14,1.274e-14,-0.0005,59.72,1
BottomS33092,11.6542,-10.1907,6.055e-17,4.158e-17,1.447e-17,0.0001,57.26,0
BottomS33094,11.7369,-10.0318,4.891e-18,4.161e-18,2.111e-18,-0.0002,59.68,0
BottomS33096,11.7342,-10.0334,5.908e-19,1.058e-18,2.538e-18,0.0005,59.66,0
BottomS33097,11.6547,-10.1914,1.976e-20,2.523e-20,3.127e-20,-0.0005,57.3,0
BottomS33098,11.6564,-10.1880,1.395e-18,2.912e-18,9.607e-18,-0.0005,57.36,0
BottomS33100,11.6480,-10.1976,3.460e-19,3.492e-19,2.548e-19,-0.0001,57.33,0
BottomS33101,11.7281,-10.0365,3.011e-18,2.665e-18,1.477e-18,0.0001,59.58,0
BottomS33104,11.6527,-10.1911,8.360e-20,1.003e-19,1.056e-19,0.0002,57.42,0
BottomS33105,11.6632,-10.1756,1.697e-18,2.731e-18,5.216e-18,0.0002,57.58,0
BottomS33106,11.6637,-10.1788,8.481e-19,1.766e-18,6.017e-18,0.0003,57.52,0
BottomS33107,11.7239,-10.0453,2.813e-18,2.302e-18,1.135e-18,-0.0004,59.43,0
BottomS33108,11.6678,-10.1725,1.791e-18,1.628e-18,9.729e-19,-0.0005,57.65,0
BottomS33109,11.7200,-10.0493,3.338e-14,2.335e-14,8.048e-15,0.0006,59.29,0
BottomS33110,11.6685,-10.1657,9.120e-18,7.724e-18,3.973e-18,-0.0006,57.77,0
BottomS33115,11.7076,-10.0734,1.223e-18,1.059e-18,5.632e-19,0.0001,58.99,0
BottomS33116,11.7096,-10.0661,4.128e-20,5.211e-20,5.919e-20,0.0004,59.03,0
BottomS33117,11.6812,-10.1523,2.544e-16,1.708e-16,5.708e-17,-0.0004,58.02,0
BottomS33119,11.6981,-10.0795,4.033e-18,3.422e-18,1.775e-18,0.0003,58.87,0
BottomS33120,11.7029,-10.0797,6.940e-19,1.526e-18,5.543e-18,0.0005,58.93,0
BottomS33121,11.6827,-10.1445,1.011e-20,1.327e-20,1.737e-20,-0.0005,58.08,0
BottomS33123,11.6982,-10.0894,2.912e-17,2.246e-17,9.616e-18,-0.0004,58.77,1
BottomS33127,11.6973,-10.1219,8.269e-18,6.547e-18,2.960e-18,0.0002,58.41,1
BottomS33128,11.6895,-10.1083,8.970e-20,1.020e-19,9.278e-20,-0.0006,58.51,0
BottomS33129,11.6889,-10.1112,5.557e-19,5.176e-19,3.297e-19,-0.0002,58.47,0
BottomS33130,11.7028,-10.1127,2.137e-18,1.846e-18,1.008e-18,-0.0004,58.53,0
BottomS33131,11.7037,-10.1079,5.475e-20,6.077e-20,5.512e-20,0.0002,58.59,0
BottomS33132,11.7049,-10.1051,3.620e-18,2.973e-18,1.486e-18,0.0008,58.64,0
BottomS33134,11.7118,-10.0959,4.558e-14,3.387e-14,1.372e-14,-0.001,58.74,0
BottomS33135,11.6745,-10.1331,2.480e-19,2.527e-19,1.802e-19,-0.0006,58.15,0
BottomS33136,11.7169,-10.0889,4.737e-18,1.083e-17,4.251e-17,0.0001,58.82,0
BottomS33137,11.7145,-10.0904,8.160e-17,5.812e-17,2.168e-17,0.0002,58.85,0
BottomS33138,11.7172,-10.0844,8.685e-19,7.508e-19,4.114e-19,0.0006,58.92,0
BottomS33139,11.6598,-10.1475,1.055e-19,1.173e-19,1.029e-19,-0.0002,57.97,0
BottomS33140,11.6647,-10.1480,3.301e-19,5.724e-19,1.297e-18,0.0009,57.99,0
BottomS33143,11.7227,-10.0675,1.339e-18,1.133e-18,5.902e-19,-0.0001,59.07,0
BottomS33144,11.7241,-10.0633,8.181e-19,7.588e-19,4.725e-19,0.0001,59.15,0
BottomS33148,11.6467,-10.1853,6.578e-18,5.302e-18,2.432e-18,0.0009,57.54,0
BottomS33149,11.7339,-10.0415,6.332e-18,5.165e-18,2.488e-18,-0.0008,59.38,0
BottomS33150,11.7352,-10.0420,7.033e-14,5.766e-14,2.807e-14,-0.0002,59.35,1
BottomS33152,11.7360,-10.0459,1.859e-18,3.336e-18,7.941e-18,-0.0002,59.37,0
BottomS33153,11.7461,-10.0274,3.504e-20,3.994e-20,3.707e-20,-0.0002,59.55,0
BottomS33156,11.6381,-10.2042,4.338e-19,7.650e-19,1.785e-18,-0.0003,57.37,0
BottomS33159,11.6380,-10.2050,7.249e-19,1.538e-18,5.184e-18,-0.0008,57.32,0
BottomS33160,11.6443,-10.1952,9.958e-17,6.888e-17,2.492e-17,-0.0001,57.33,0
BottomS33161,11.6424,-10.2065,2.110e-20,2.634e-20,2.982e-20,-0.0004,57.32,0
BottomS33162,11.6331,-10.2125,1.751e-18,2.554e-18,3.979e-18,0.0,57.26,0
BottomS33163,11.7453,-10.0197,1.055e-19,1.106e-19,9.184e-20,0.0007,59.71,0
BottomS33164,11.7489,-10.0180,2.089e-19,3.947e-19,1.031e-18,0.0004,59.71,0
BottomS33166,11.6358,-10.2097,2.619e-18,2.195e-18,1.136e-18,0.0004,57.23,0
BottomS33168,11.7448,-10.0203,5.328e-20,6.161e-20,6.121e-20,0.0007,59.72,0
BottomS33172,11.6330,-10.2239,2.338e-18,4.393e-18,1.135e-17,-0.0,57.21,0
BottomS33174,11.6350,-10.2233,8.038e-19,1.205e-18,2.039e-18,0.0004,57.19,0
BottomS33175,11.6263,-10.2398,1.060e-18,2.389e-18,9.364e-18,-0.0003,57.27,0
BottomS33176,11.6361,-10.2210,1.268e-17,9.698e-18,4.221e-18,0.0004,57.24,1
BottomS33178,11.6439,-10.2008,2.438e-18,2.037e-18,1.036e-18,0.0011,57.27,0
BottomS33179,11.7462,-10.0093,9.208e-18,7.505e-18,3.496e-18,0.0009,59.7,0
BottomS33180,11.7464,-10.0071,1.140e-18,2.052e-18,4.944e-18,-0.0005,59.67,0
BottomS33181,11.6296,-10.2294,7.554e-19,1.393e-18,3.567e-18,0.0004,57.28,0
BottomS33182,11.7402,-10.0173,4.868e-17,3.723e-17,1.551e-17,0.0,59.62,0
BottomS33184,11.7417,-10.0146,2.534e-19,2.429e-19,1.679e-19,0.0007,59.59,0
BottomS33186,11.7361,-10.0244,5.545e-17,3.988e-17,1.459e-17,0.0008,59.52,0
BottomS33187,11.7327,-10.0241,5.838e-18,4.726e-18,2.232e-18,0.0004,59.5,0
BottomS33189,11.6539,-10.1904,7.340e-19,6.887e-19,4.238e-19,0.0003,57.61,0
BottomS33190,11.7305,-10.0292,1.033e-17,7.858e-18,3.226e-18,-0.0003,59.39,1
BottomS33191,11.6601,-10.1913,4.568e-19,8.214e-19,2.042e-18,-0.0002,57.64,0
BottomS33192,11.6585,-10.1902,3.628e-18,2.994e-18,1.474e-18,0.0007,57.62,0
BottomS33193,11.6569,-10.1915,9.162e-19,1.451e-18,2.597e-18,-0.0,57.57,0
BottomS33194,11.7316,-10.0287,1.675e-18,1.452e-18,7.964e-19,-0.0001,59.33,0
BottomS33195,11.7195,-10.0450,9.318e-20,1.012e-19,8.548e-20,-0.0003,59.2,0
BottomS33199,11.7096,-10.0608,1.678e-19,1.739e-19,1.335e-19,0.0008,58.98,0
BottomS33201,11.6764,-10.1623,4.961e-19,8.764e-19,2.011e-18,0.0001,57.97,0
BottomS33205,11.6983,-10.0738,8.308e-19,1.759e-18,5.735e-18,0.0002,58.79,0
BottomS33207,11.6921,-10.0891,1.394e-17,1.045e-17,4.219e-18,-0.0007,58.65,0
BottomS33208,11.6914,-10.0921,1.047e-18,1.778e-18,3.683e-18,0.0005,58.63,0
BottomS33209,11.6902,-10.0971,3.481e-18,2.876e-18,1.409e-18,0.0003,58.59,0
BottomS33211,11.6878,-10.1016,7.136e-19,7.109e-19,4.999e-19,0.0,58.54,0
BottomS33212,11.6995,-10.1196,1.177e-18,1.025e-18,5.424e-19,-0.0006,58.46,0
BottomS33213,11.6828,-10.1128,2.149e-17,1.566e-17,6.246e-18,-0.0005,58.44,0
BottomS33217,11.6751,-10.1292,3.414e-18,2.821e-18,1.351e-18,0.0004,58.28,0
BottomS33218,11.6731,-10.1330,2.761e-18,2.573e-18,1.548e-18,-0.0002,58.2,0
BottomS33220,11.7164,-10.0834,1.320e-18,2.313e-18,5.184e-18,-0.0008,58.86,0
BottomS33222,12.7075,-11.1154,2.500e-20,3.138e-20,3.740e-20,0.0007,50.29,0
BottomS33226,12.6635,-11.0939,1.596e-19,1.568e-19,1.143e-19,0.0013,50.81,0
BottomS33227,12.7043,-11.0958,1.489e-15,9.870e-16,3.087e-16,0.0003,50.54,0
BottomS33233,12.6776,-11.1044,4.439e-20,5.603e-20,6.582e-20,0.0003,50.81,0
BottomS33234,12.6916,-11.1307,7.936e-19,1.538e-18,4.490e-18,0.0003,50.29,0
BottomS33238,12.6988,-11.0737,7.882e-19,1.650e-18,5.553e-18,-0.0005,51.08,0
BottomS33240,12.6587,-11.0290,3.808e-19,3.591e-19,2.341e-19,-0.0004,51.02,0
BottomS33249,12.6976,-11.1188,5.438e-19,1.049e-18,2.922e-18,0.0006,50.45,0
BottomS33252,12.7370,-11.1443,4.589e-20,5.139e-20,4.462e-20,0.0001,50.28,0
BottomS33255,12.6981,-11.0876,3.124e-20,3.469e-20,3.086e-20,-0.0003,51.02,0
BottomS33263,12.6890,-11.0843,4.385e-20,5.156e-20,5.242e-20,0.0005,51.11,0
BottomS33264,12.6849,-11.1245,2.577e-20,3.248e-20,3.674e-20,0.0003,50.53,0
BottomS33273,12.7224,-11.1022,4.969e-20,5.718e-20,5.471e-20,-0.0013,50.38,0
BottomS33280,12.7119,-11.0897,7.081e-20,7.749e-20,6.722e-20,-0.0005,50.65,0
BottomS33283,12.7107,-11.1015,6.741e-19,6.428e-19,4.071e-19,-0.0007,50.35,0
BottomS33290,12.7445,-11.0242,3.988e-19,4.028e-19,2.925e-19,-0.0004,50.92,0
BottomS33298,12.6042,-11.1115,4.605e-20,5.299e-20,5.022e-20,-0.0006,50.87,0
BottomS33299,12.7116,-11.0901,1.573e-18,2.350e-18,3.861e-18,-0.0005,50.61,0
BottomS33300,12.7125,-11.0562,1.832e-18,3.847e-18,1.247e-17,-0.0002,51.01,0
BottomS33304,12.7084,-11.0544,3.365e-20,3.848e-20,3.570e-20,-0.0002,50.94,0
BottomS33305,12.7976,-11.0643,6.336e-14,4.683e-14,1.873e-14,0.0004,50.54,0
BottomS33318,12.6911,-11.1120,1.115e-18,1.006e-18,5.704e-19,0.0005,50.57,0
BottomS33319,12.6849,-11.0518,8.540e-19,7.824e-19,4.736e-19,-0.0,51.08,0
BottomS33321,12.6984,-11.0811,1.060e-20,1.395e-20,1.736e-20,0.0004,51.08,0
BottomS33328,12.7040,-11.0916,4.204e-20,4.848e-20,4.870e-20,0.0006,51.12,0
BottomS33329,12.7069,-11.0959,5.001e-20,5.789e-20,5.786e-20,-0.0001,50.41,0
BottomS33331,12.7040,-11.0849,1.802e-19,1.973e-19,1.696e-19,-0.0007,51.09,0
BottomS33335,12.7037,-11.1065,3.238e-19,5.640e-19,1.261e-18,0.0002,50.38,0
BottomS33337,12.6869,-11.0786,6.122e-20,6.571e-20,5.552e-20,0.0004,51.24,0
BottomS33339,12.6991,-11.0709,7.046e-14,5.632e-14,2.639e-14,0.0,51.16,1
BottomS33343,12.7036,-11.0855,8.450e-20,9.095e-20,7.730e-20,-0.0,50.93,0
BottomS33346,12.7482,-11.1072,1.811e-18,3.360e-18,8.987e-18,-0.0004,50.22,0
BottomS33347,12.6577,-11.2675,4.191e-20,4.747e-20,4.516e-20,0.0001,50.56,0
BottomS33361,12.6985,-11.0957,8.644e-19,1.222e-18,1.832e-18,-0.0019,50.7,0
BottomS33363,12.7080,-11.0971,1.162e-19,1.233e-19,1.038e-19,0.0007,50.39,0
BottomS33365,12.7437,-11.0950,3.800e-20,4.445e-20,4.560e-20,0.0005,50.26,0
BottomS33369,12.7038,-11.0930,1.018e-18,1.926e-18,5.125e-18,-0.0001,50.82,0
BottomS33371,12.7202,-11.1581,2.539e-18,4.309e-18,9.459e-18,-0.0005,50.32,0
BottomS33372,12.7299,-11.0893,2.000e-19,2.052e-19,1.549e-19,0.0004,50.44,0
BottomS33376,12.6732,-11.0765,5.705e-19,5.360e-19,3.416e-19,0.0011,51.0,0
BottomS33381,12.6679,-11.0919,1.473e-18,1.986e-18,2.725e-18,-0.0003,50.92,0
BottomS33382,12.7110,-11.1217,7.457e-19,1.524e-18,4.806e-18,-0.0006,50.42,0
BottomS33385,12.6751,-11.0987,1.015e-20,1.287e-20,1.498e-20,0.0002,50.89,0
BottomS33386,12.6943,-11.0891,1.190e-20,1.557e-20,1.936e-20,0.0004,50.91,0
BottomS33387,12.7330,-11.0747,1.740e-19,1.784e-19,1.340e-19,0.0002,50.54,0
BottomS33392,12.7000,-11.0914,6.098e-19,5.621e-19,3.380e-19,-0.0004,50.92,0
BottomS33396,12.7177,-11.0767,1.385e-18,2.327e-18,4.915e-18,-0.0002,50.84,0
BottomS33400,12.6706,-11.1049,6.914e-20,8.005e-20,7.957e-20,-0.0004,50.95,0
BottomS33406,12.7123,-11.0976,4.689e-14,3.383e-14,1.284e-14,0.0002,50.4,0
BottomS33411,12.7651,-11.1143,3.290e-20,3.868e-20,3.872e-20,-0.0007,50.34,0
BottomS33419,12.7331,-11.0855,1.025e-20,1.313e-20,1.628e-20,0.0001,50.59,0
BottomS33424,12.7290,-11.0905,2.728e-20,3.354e-20,3.664e-20,0.0,50.53,0
BottomS33425,12.7197,-11.2033,8.186e-20,9.142e-20,8.021e-20,-0.0,50.36,0
BottomS33432,12.6617,-11.0766,1.486e-19,1.597e-19,1.352e-19,0.001,51.05,0
BottomS33434,12.7075,-11.1041,1.362e-18,2.962e-18,1.062e-17,-0.0003,50.35,0
BottomS33441,12.6809,-11.1659,1.161e-20,1.509e-20,1.885e-20,0.0007,50.49,0
BottomS33446,12.6986,-11.0182,9.527e-19,1.926e-18,6.006e-18,0.0001,50.94,0
BottomS33448,12.7027,-11.0541,9.775e-18,7.567e-18,3.134e-18,0.0002,51.08,0
BottomS33453,12.7018,-11.0846,6.700e-14,5.690e-14,2.974e-14,-0.0003,51.03,1
BottomS33454,12.6693,-11.0558,5.499e-20,5.959e-20,5.180e-20,-0.0001,51.21,0
BottomS33459,12.6706,-11.0701,5.364e-14,4.050e-14,1.697e-14,0.0003,51.15,1
BottomS33462,12.7014,-11.1125,1.514e-19,1.640e-19,1.373e-19,0.0,50.37,0
BottomS33465,12.6723,-11.1095,3.187e-14,2.701e-14,1.380e-14,0.0004,50.79,1
BottomS33468,12.7176,-11.1040,1.597e-18,3.385e-18,1.173e-17,0.0007,50.33,0
BottomS33469,12.6667,-11.0238,3.720e-19,3.670e-19,2.546e-19,-0.0008,51.09,0
BottomS33470,12.7879,-11.0857,3.801e-20,4.366e-20,4.272e-20,0.0,50.48,0
BottomS33471,12.6771,-11.0957,2.474e-19,2.572e-19,2.007e-19,0.0,50.98,0
BottomS33475,12.6951,-11.0886,2.241e-15,1.477e-15,4.655e-16,-0.0002,51.0,0
BottomS33477,12.7052,-11.1746,3.920e-20,4.764e-20,5.199e-20,0.0003,50.37,0
BottomS33483,12.7039,-11.0960,1.785e-20,2.264e-20,2.735e-20,0.0004,50.49,0
BottomS33484,12.7575,-11.0778,2.588e-20,3.210e-20,3.666e-20,-0.0008,50.45,0
BottomS33485,12.7458,-11.1048,2.284e-18,3.944e-18,8.536e-18,-0.0004,50.38,0
BottomS33488,12.7089,-11.0889,9.471e-20,1.006e-19,7.983e-20,-0.0005,50.68,0
BottomS33493,12.7246,-11.0936,1.347e-19,1.387e-19,1.081e-19,-0.001,50.45,0
BottomS33494,12.7423,-11.1351,2.580e-19,2.574e-19,1.890e-19,-0.0004,50.26,0
BottomS33498,12.7173,-11.0885,2.515e-20,3.086e-20,3.412e-20,0.0004,50.62,0
BottomS33501,12.7256,-11.1351,8.949e-20,1.016e-19,9.376e-20,-0.0003,50.28,0
BottomS33502,12.7754,-11.0838,1.835e-19,1.963e-19,1.653e-19,-0.0002,50.52,0
BottomS33505,12.7027,-11.0863,1.446e-20,1.911e-20,2.547e-20,0.0002,50.94,0
BottomS33508,12.7027,-11.0945,1.197e-19,1.243e-19,9.306e-20,-0.0002,50.46,0
BottomS33510,12.6736,-11.0643,1.038e-20,1.339e-20,1.592e-20,-0.0001,51.1,0
BottomS33512,12.7288,-11.0649,1.044e-20,1.411e-20,1.841e-20,0.0006,50.78,0
BottomS33514,12.7225,-11.0785,1.028e-19,1.122e-19,9.414e-20,0.0016,50.77,0
BottomS33515,12.7090,-11.1023,1.289e-20,1.640e-20,1.974e-20,-0.0008,50.33,0
BottomS33518,12.7031,-11.0235,9.401e-20,1.030e-19,9.220e-20,0.0012,51.02,0
BottomS33519,12.7128,-11.1061,3.672e-20,4.275e-20,4.085e-20,-0.0001,50.32,0
BottomS33522,12.7428,-11.0770,2.870e-19,2.937e-19,2.128e-19,-0.0004,50.6,0
BottomS33523,12.5152,-11.0544,7.691e-20,8.781e-20,8.009e-20,0.0003,50.93,0
BottomS33529,12.7566,-11.1182,1.216e-19,1.299e-19,1.079e-19,0.0001,50.5,0
BottomS33532,12.6969,-11.0848,2.499e-20,3.077e-20,3.429e-20,-0.0005,51.02,0
BottomS33534,12.7070,-11.0881,1.236e-19,1.333e-19,1.120e-19,0.0002,50.8,0
BottomS33536,12.7210,-11.1101,1.612e-19,1.677e-19,1.308e-19,0.0004,50.3,0
BottomS33546,12.7049,-11.0927,3.401e-20,3.686e-20,3.230e-20,0.0002,50.26,0
BottomS33548,12.7267,-11.0786,1.391e-20,1.855e-20,2.389e-20,0.0002,50.79,0
BottomS33551,12.7139,-11.0835,1.258e-19,1.434e-19,1.296e-19,0.0003,50.72,0
BottomS33553,12.6881,-11.0808,1.747e-20,2.203e-20,2.562e-20,0.0011,51.2,0
BottomS33557,12.6952,-11.0554,4.471e-20,5.172e-20,5.111e-20,0.0002,51.11,0
BottomS33563,12.7032,-11.0929,1.497e-20,1.998e-20,2.537e-20,0.0003,50.78,0
BottomS33564,12.6979,-11.0660,1.408e-20,1.825e-20,2.237e-20,0.0,51.17,0
BottomS33566,12.6788,-11.0696,2.302e-18,3.688e-18,7.172e-18,0.0003,51.16,0
BottomS33571,12.6997,-11.0877,1.019e-18,9.130e-19,5.202e-19,-0.0004,50.99,0
BottomS33574,12.7041,-11.0803,7.308e-20,8.768e-20,8.825e-20,-0.0004,50.95,0
BottomS33580,12.7061,-11.0992,1.363e-18,2.531e-18,6.477e-18,-0.0,50.41,0
BottomS33584,12.7093,-11.1001,5.009e-18,9.731e-18,2.722e-17,-0.0011,50.45,0
BottomS33588,12.7082,-11.1003,1.776e-19,1.807e-19,1.371e-19,-0.0003,50.41,0
BottomS33591,12.6552,-11.1028,7.115e-14,5.387e-14,2.174e-14,0.0007,50.94,0
BottomS33598,12.7068,-11.0958,1.255e-20,1.697e-20,2.233e-20,-0.0,50.35,0
BottomS33600,12.7065,-11.1025,4.389e-18,3.521e-18,1.673e-18,-0.001,50.36,0
BottomS33609,12.6963,-11.0971,1.176e-18,1.907e-18,3.788e-18,0.0005,50.72,0
BottomS33610,12.6971,-11.1039,9.888e-20,1.058e-19,8.869e-20,0.0002,50.39,0
BottomS33611,12.6910,-11.0687,8.128e-19,7.610e-19,4.747e-19,0.0001,51.02,0
BottomS33613,12.7101,-11.1017,7.749e-20,8.085e-20,6.642e-20,-0.0004,50.29,0
BottomS33614,12.7013,-11.0956,5.151e-19,4.767e-19,2.937e-19,-0.0,50.64,0
BottomS33616,12.7098,-11.1008,2.788e-19,2.983e-19,2.574e-19,0.001,50.17,0
BottomS33618,12.7098,-11.0921,1.754e-20,2.318e-20,2.900e-20,0.0003,50.58,0
BottomS33619,12.6794,-11.0845,6.946e-19,6.450e-19,4.033e-19,0.0001,51.09,0
BottomS33621,12.6979,-11.0851,1.489e-19,1.543e-19,1.238e-19,-0.0005,51.06,0
BottomS33622,12.7177,-11.1001,3.059e-18,4.569e-18,7.219e-18,0.0003,50.3,0
BottomS33624,12.7240,-11.0903,3.006e-19,3.156e-19,2.477e-19,-0.0006,50.58,0
BottomS33626,12.7158,-11.1212,5.596e-19,1.129e-18,3.521e-18,0.0003,50.2,0
BottomS33630,12.7018,-11.0768,4.386e-20,5.554e-20,6.288e-20,0.0003,51.09,0
BottomS33631,12.7061,-11.1074,1.470e-19,1.656e-19,1.489e-19,0.0004,50.3,0
BottomS33634,12.7022,-11.1189,4.421e-19,4.318e-19,2.963e-19,0.0003,50.43,0
BottomS33635,12.7099,-11.0998,1.171e-19,1.249e-19,1.034e-19,-0.0003,50.33,0
BottomS33637,12.7039,-11.0864,3.255e-20,3.976e-20,4.321e-20,0.0003,51.0,0
BottomS33639,12.7070,-11.1120,6.321e-18,5.110e-18,2.387e-18,0.0002,50.43,0
BottomS33640,12.6998,-11.0813,3.627e-14,2.570e-14,9.454e-15,0.0003,51.09,0
BottomS33642,12.6879,-11.0855,8.240e-15,5.613e-15,1.873e-15,0.0,51.11,0
BottomS33643,12.7097,-11.0844,7.827e-20,8.625e-20,7.541e-20,0.0001,51.01,0
BottomS33644,12.6971,-11.0848,3.065e-17,2.246e-17,8.880e-18,0.0004,51.21,0
BottomS33647,12.7142,-11.0801,1.842e-18,3.553e-18,9.900e-18,-0.0007,50.9,0
BottomS33648,12.7005,-11.0878,3.971e-14,3.796e-14,2.457e-14,0.0004,51.06,1
BottomS33649,12.7016,-11.0870,7.357e-14,5.537e-14,2.237e-14,-0.0005,51.05,0
BottomS33650,12.7017,-11.0983,7.054e-19,6.430e-19,3.848e-19,-0.0012,50.5,0
BottomS33653,12.6823,-11.0965,9.436e-19,8.564e-19,5.187e-19,0.0001,50.9,0
BottomS33656,12.6863,-11.0902,4.015e-18,3.283e-18,1.570e-18,-0.0004,51.07,0
BottomS33658,12.6808,-11.0777,5.307e-20,6.362e-20,6.371e-20,-0.0003,51.18,0
BottomS33660,12.6956,-11.1165,2.826e-19,2.814e-19,1.967e-19,-0.0003,50.42,0
BottomS33662,12.7201,-11.0929,3.828e-20,4.368e-20,4.043e-20,-0.0001,50.34,0
BottomS33664,12.6961,-11.1060,8.044e-19,1.534e-18,4.236e-18,-0.0001,50.63,0
BottomS33666,12.7030,-11.1075,1.046e-18,1.717e-18,3.434e-18,-0.0005,50.31,0
BottomS33667,12.6960,-11.1059,2.049e-18,1.745e-18,9.080e-19,-0.0004,50.5,0
BottomS33668,12.7195,-11.0752,4.722e-19,4.539e-19,2.986e-19,-0.0008,50.88,0
BottomS33670,12.7087,-11.0880,2.948e-18,2.443e-18,1.209e-18,0.0,50.74,0
BottomS33671,12.7330,-11.0711,1.389e-19,1.464e-19,1.188e-19,0.0003,50.8,0
BottomS33673,12.7254,-11.1013,3.404e-15,2.228e-15,7.144e-16,0.0001,50.46,0
BottomS33675,12.6834,-11.0563,4.891e-18,7.773e-18,1.456e-17,0.0005,51.11,0
BottomS33676,12.7289,-11.0861,2.253e-18,3.545e-18,6.531e-18,0.001,50.44,0
BottomS33678,12.7201,-11.0907,5.309e-20,6.233e-20,6.177e-20,0.0002,50.39,0
BottomS33681,12.6892,-11.0784,6.112e-18,4.740e-18,2.075e-18,0.0008,51.22,0
BottomS33683,12.6881,-11.1178,2.646e-16,9.885e-16,1.096e-14,0.0003,50.47,0
BottomS33684,12.6934,-11.1054,2.122e-18,4.149e-18,1.168e-17,-0.0002,50.46,0
BottomS33685,12.6884,-11.0958,3.144e-20,3.824e-20,4.218e-20,-0.0001,50.81,0
BottomS33687,12.6800,-11.0727,5.227e-18,4.368e-18,2.208e-18,-0.0008,50.97,0
BottomS33688,12.7164,-11.0943,9.116e-18,7.373e-18,3.408e-18,0.0001,50.44,0
BottomS33689,12.6932,-11.0996,1.073e-18,9.666e-19,5.475e-19,0.0007,50.73,0
BottomS33692,12.6993,-11.0775,3.706e-19,3.654e-19,2.690e-19,-0.0002,51.04,0
BottomS33694,12.6903,-11.0801,2.120e-18,1.841e-18,1.002e-18,0.0,51.1,0
BottomS33696,12.7157,-11.0656,2.805e-19,2.890e-19,2.219e-19,-0.0004,50.86,0
BottomS33698,12.7131,-11.0956,1.432e-20,1.886e-20,2.423e-20,-0.0002,50.27,0
BottomS33699,12.6890,-11.1032,3.924e-18,3.286e-18,1.665e-18,0.0001,50.71,0
BottomS33700,12.7151,-11.0912,8.243e-19,1.315e-18,2.476e-18,0.0002,50.54,0
BottomS33701,12.7261,-11.0969,5.663e-17,3.988e-17,1.449e-17,-0.0001,50.39,0
BottomS33702,12.6750,-11.0786,6.745e-19,1.347e-18,3.927e-18,-0.0004,51.02,0
BottomS33703,12.6885,-11.0911,2.963e-19,5.023e-19,1.105e-18,-0.0001,50.92,0
BottomS33704,12.6929,-11.0682,5.184e-20,5.656e-20,4.988e-20,0.0004,51.22,0
BottomS33705,12.6808,-11.0962,3.094e-20,3.761e-20,4.081e-20,-0.0007,51.04,0
BottomS33708,12.6873,-11.1233,3.662e-20,4.061e-20,3.570e-20,0.0007,50.56,0
BottomS33709,12.7089,-11.0871,8.690e-14,7.585e-14,4.052e-14,0.0003,50.72,1
BottomS33715,12.7015,-11.0987,1.452e-19,1.472e-19,1.126e-19,0.0005,50.41,0
BottomS33717,12.7099,-11.1011,1.389e-18,1.324e-18,8.809e-19,-0.0003,50.45,0
BottomS33718,12.7021,-11.1032,1.617e-18,3.572e-18,1.286e-17,-0.0004,50.37,0
BottomS33719,12.7213,-11.0747,2.599e-18,2.193e-18,1.091e-18,0.0001,50.74,0
BottomS33725,12.7088,-11.0887,1.799e-18,1.565e-18,8.344e-19,-0.0004,50.75,0
BottomS33726,12.7020,-11.0988,3.820e-19,3.582e-19,2.262e-19,-0.0001,50.38,0
BottomS33730,12.7152,-11.0727,5.169e-20,5.603e-20,4.827e-20,-0.0003,50.85,0
BottomS33733,12.6803,-11.1105,4.394e-18,6.539e-18,1.063e-17,-0.0001,50.62,0
BottomS33734,12.6978,-11.1131,3.281e-18,5.357e-18,1.030e-17,0.0,50.42,0
BottomS33735,12.7138,-11.0962,1.320e-18,1.196e-18,6.924e-19,-0.0005,50.34,0
BottomS33741,12.6894,-11.1174,2.431e-20,2.918e-20,2.971e-20,0.0002,50.53,0
BottomS33747,12.6977,-11.0663,2.647e-20,3.192e-20,3.467e-20,-0.0007,51.06,0
BottomS33748,12.6804,-11.0958,6.262e-20,7.168e-20,6.681e-20,-0.0007,50.93,0
BottomS33749,12.7083,-11.0885,1.064e-18,9.482e-19,5.408e-19,-0.0004,51.15,0
BottomS33751,12.6962,-11.0820,3.142e-14,2.188e-14,7.736e-15,0.0001,51.01,0
BottomS33752,12.7208,-11.0993,6.626e-19,1.363e-18,4.500e-18,0.0002,50.34,0
BottomS33755,12.7149,-11.1003,3.534e-19,3.354e-19,2.242e-19,0.001,50.21,0
BottomS33757,12.7022,-11.0749,4.239e-19,4.153e-19,2.898e-19,-0.0003,51.22,0
BottomS33762,12.6876,-11.0870,1.023e-20,1.373e-20,1.914e-20,-0.0001,51.01,0
BottomS33765,12.6765,-11.0860,8.725e-15,5.854e-15,1.885e-15,0.0003,51.06,0
BottomS33767,12.6920,-11.0931,5.897e-19,1.245e-18,4.158e-18,0.0002,50.93,0
BottomS33768,12.7106,-11.0905,4.495e-14,3.148e-14,1.128e-14,0.0001,50.74,0
BottomS33770,12.7123,-11.0702,1.309e-19,1.433e-19,1.228e-19,0.0006,50.86,0
BottomS33771,12.7001,-11.1075,1.497e-19,1.649e-19,1.452e-19,-0.0003,50.51,0
BottomS33775,12.7064,-11.0916,2.198e-18,1.857e-18,9.669e-19,0.0001,50.52,0
BottomS33776,12.7124,-11.1024,1.526e-18,2.813e-18,7.037e-18,0.0003,50.3,0
BottomS33778,12.6939,-11.0914,5.009e-19,4.805e-19,3.179e-19,0.0005,51.14,0
BottomS33779,12.7091,-11.1073,6.739e-19,6.624e-19,4.655e-19,-0.0002,50.28,0
BottomS33781,12.7125,-11.0742,5.915e-20,6.684e-20,5.970e-20,0.0014,50.93,0
BottomS33782,12.7183,-11.0920,4.851e-19,4.547e-19,2.868e-19,-0.0002,50.45,0
BottomS33783,12.7158,-11.0735,1.120e-18,2.739e-18,1.228e-17,0.0,50.77,0
BottomS33786,12.7099,-11.1157,4.355e-19,4.437e-19,3.239e-19,-0.0002,50.23,0
BottomS33787,12.6823,-11.0858,5.116e-14,3.852e-14,1.618e-14,0.0002,51.18,1
BottomS33788,12.7338,-11.0799,4.109e-19,3.876e-19,2.463e-19,-0.0001,50.54,0
BottomS33791,12.7277,-11.0929,5.002e-19,4.822e-19,3.316e-19,0.0,50.53,0
BottomS33794,12.6937,-11.0786,1.065e-18,9.419e-19,5.452e-19,0.0008,51.06,0
BottomS33796,12.6967,-11.0825,4.183e-16,8.639e-16,2.926e-15,-0.0005,51.13,0
BottomS33797,12.6945,-11.0929,1.331e-17,1.031e-17,4.502e-18,-0.0003,51.1,1
BottomS33799,12.7258,-11.0759,2.527e-19,2.523e-19,1.859e-19,0.0,50.55,0
BottomS33800,12.7047,-11.0791,2.043e-18,3.276e-18,6.007e-18,0.0004,50.95,0
BottomS33801,12.7105,-11.0892,1.435e-19,2.536e-19,6.065e-19,0.0008,50.61,0
BottomS33802,12.7081,-11.0964,2.811e-17,8.779e-17,6.850e-16,0.0002,50.36,0
BottomS33804,12.7136,-11.0861,1.146e-18,1.014e-18,5.577e-19,-0.0003,50.65,0
BottomS33806,12.6982,-11.1085,2.464e-20,2.876e-20,2.907e-20,-0.0002,50.48,0
BottomS33807,12.7095,-11.0652,5.046e-14,3.739e-14,1.534e-14,-0.0002,51.03,0
BottomS33808,12.7165,-11.0891,7.909e-19,1.742e-18,6.461e-18,0.0006,50.47,0
BottomS33809,12.7101,-11.0673,5.544e-18,1.341e-17,5.963e-17,0.0001,50.98,0
BottomS33815,12.6930,-11.1101,1.776e-19,1.683e-19,1.132e-19,-0.0001,50.61,0
BottomS33816,12.7198,-11.0715,1.532e-18,1.423e-18,8.746e-19,0.0004,50.71,0
BottomS33817,12.7119,-11.0837,1.225e-18,2.714e-18,9.846e-18,0.0005,50.85,0
BottomS33818,12.7159,-11.0776,6.413e-19,1.045e-18,2.113e-18,-0.0001,50.85,0
BottomS33822,12.6752,-11.1101,3.499e-20,4.160e-20,4.123e-20,-0.0006,50.8,0
BottomS33823,12.6909,-11.1130,5.133e-18,4.128e-18,1.893e-18,-0.0011,50.55,0
BottomS33824,12.6875,-11.1009,1.044e-18,9.765e-19,5.928e-19,-0.0001,50.76,0
BottomS33828,12.7223,-11.0630,4.348e-15,2.874e-15,9.058e-16,-0.0002,50.84,0
BottomS33829,12.6960,-11.1142,4.678e-14,3.253e-14,1.125e-14,-0.0009,50.56,0
BottomS33830,12.7221,-11.0784,2.780e-19,2.846e-19,2.209e-19,0.0001,50.67,0
BottomS33836,12.7190,-11.0700,1.210e-19,2.266e-19,6.066e-19,-0.0005,50.81,0
BottomS33838,12.7221,-11.0733,5.934e-18,4.737e-18,2.097e-18,-0.0003,50.73,0
BottomS33839,12.6841,-11.1220,7.684e-18,5.995e-18,2.731e-18,0.0005,50.65,1
BottomS33840,12.7205,-11.0657,1.747e-18,1.495e-18,7.717e-19,0.0007,50.76,0
BottomS33841,12.7077,-11.0658,3.834e-19,3.546e-19,2.219e-19,-0.0002,50.85,0
BottomS33844,12.6942,-11.1116,2.122e-18,4.984e-18,2.137e-17,-0.0001,50.65,0
BottomS33845,12.6968,-11.1105,3.248e-19,3.198e-19,2.220e-19,0.0005,50.39,0
BottomS33848,12.6866,-11.1044,7.269e-20,8.535e-20,8.536e-20,0.0003,50.64,0
BottomS33849,12.6922,-11.1233,9.089e-19,1.748e-18,4.976e-18,-0.0005,50.5,0
BottomS33851,12.6846,-11.1183,4.970e-19,4.629e-19,2.839e-19,-0.0005,50.65,0
BottomS33852,12.7241,-11.0772,5.145e-19,9.729e-19,2.624e-18,-0.0012,50.67,0
BottomS33856,12.7260,-11.0637,2.525e-19,2.651e-19,2.153e-19,-0.0003,50.78,0
BottomS33858,12.7306,-11.0706,1.036e-18,9.248e-19,5.488e-19,0.0004,50.65,0
BottomS33859,12.6809,-11.1223,1.257e-18,1.129e-18,6.416e-19,0.0006,50.57,0
BottomS33860,12.6878,-11.1129,3.770e-19,3.737e-19,2.687e-19,0.0003,50.65,0
BottomS33862,12.6878,-11.1191,3.447e-14,2.698e-14,1.204e-14,0.0001,50.47,1
BottomS33863,12.6882,-11.1187,1.146e-20,1.524e-20,2.003e-20,-0.0003,50.48,0
BottomS33867,12.6864,-11.1055,1.302e-20,1.595e-20,1.765e-20,0.0001,50.76,0
BottomS33868,12.7127,-11.0749,1.239e-14,8.384e-15,2.839e-15,-0.0,51.01,0
BottomS33869,12.7196,-11.0746,1.224e-19,1.362e-19,1.272e-19,-0.0004,50.74,0
BottomS33870,12.6915,-11.1139,1.646e-18,3.167e-18,8.667e-18,0.0001,50.46,0
BottomS33872,12.6913,-11.1128,1.866e-18,1.648e-18,8.888e-19,0.0007,50.57,0
BottomS33873,12.7296,-11.0695,1.732e-18,1.517e-18,8.555e-19,-0.0002,50.79,0
BottomS33874,12.6791,-11.1354,4.449e-19,4.539e-19,3.295e-19,0.0003,50.49,0
BottomS33877,12.6913,-11.1094,1.148e-18,1.031e-18,6.262e-19,0.0007,50.58,0
BottomS33878,12.7239,-11.0654,3.594e-19,5.535e-19,9.334e-19,-0.0002,50.79,0
BottomS33879,12.7274,-11.0656,6.614e-18,1.747e-17,9.600e-17,-0.0002,50.9,0
BottomS33882,12.7157,-11.0612,5.839e-19,1.128e-18,3.203e-18,0.0003,50.86,0
BottomS33885,12.7289,-11.0488,3.642e-20,4.251e-20,4.162e-20,0.0003,50.79,0
BottomS33890,12.6947,-11.1062,3.811e-20,4.418e-20,4.270e-20,0.0001,50.56,0
BottomS33892,12.6700,-11.1412,1.075e-20,1.536e-20,2.345e-20,-0.0002,50.55,0
BottomS33894,12.7249,-11.0634,1.788e-18,2.408e-18,3.155e-18,0.0,50.75,0
BottomS33899,12.7259,-11.0570,4.775e-19,4.511e-19,2.974e-19,-0.001,50.83,0
BottomS33901,12.6808,-11.1226,8.787e-19,7.991e-19,4.876e-19,0.0003,50.69,0
BottomS33902,12.7317,-11.0561,3.766e-19,3.773e-19,2.641e-19,0.0004,50.75,0
BottomS33903,12.6848,-11.1261,5.932e-18,4.688e-18,2.154e-18,-0.0001,50.57,0
BottomS33904,12.7228,-11.0597,2.998e-18,4.551e-18,7.485e-18,-0.0,50.91,0
BottomS33905,12.6785,-11.1261,4.073e-18,3.311e-18,1.598e-18,0.0003,50.62,0
BottomS33907,12.6834,-11.1304,1.053e-18,1.929e-18,4.759e-18,-0.0005,50.49,0
BottomS33908,12.7223,-11.0547,5.052e-19,5.074e-19,3.648e-19,-0.0003,50.89,0
BottomS33909,12.6746,-11.1299,3.992e-20,4.652e-20,4.620e-20,0.0004,50.59,0
BottomS33911,12.6843,-11.1206,6.765e-19,6.491e-19,4.278e-19,0.0002,50.61,0
BottomS33912,12.6867,-11.1174,4.472e-19,6.549e-19,1.059e-18,0.0009,50.57,0
BottomS33915,12.6860,-11.1300,3.032e-18,6.259e-18,2.020e-17,0.0009,50.49,0
BottomS33917,12.7321,-11.0565,5.489e-20,6.214e-20,5.825e-20,-0.0007,50.73,0
BottomS33918,12.6740,-11.1291,1.347e-17,1.037e-17,4.588e-18,0.0007,50.69,1
BottomS33919,12.7218,-11.0647,5.486e-14,4.070e-14,1.675e-14,0.0003,50.8,1
BottomS33920,12.6829,-11.1251,5.990e-19,5.801e-19,3.756e-19,0.0001,50.51,0
BottomS33923,12.6873,-11.1134,1.091e-18,9.666e-19,5.445e-19,0.0002,50.47,0
BottomS33925,12.7254,-11.0475,2.083e-19,2.133e-19,1.666e-19,0.0009,50.85,0
BottomS33926,12.7322,-11.0504,4.530e-20,5.239e-20,5.143e-20,0.0006,50.84,0
BottomS33927,12.7299,-11.0657,4.410e-20,5.196e-20,5.039e-20,-0.0001,50.83,0
BottomS33929,12.7235,-11.0617,7.734e-19,7.053e-19,4.271e-19,0.0004,50.87,0
BottomS33931,12.7367,-11.0535,2.139e-19,2.246e-19,1.815e-19,0.0002,50.85,0
BottomS33933,12.7258,-11.0444,2.877e-20,3.433e-20,3.587e-20,-0.0003,50.9,0
BottomS33934,12.6794,-11.1422,6.205e-20,6.707e-20,5.715e-20,0.0003,50.39,0
BottomS33937,12.7271,-11.0499,7.272e-19,1.279e-18,2.917e-18,-0.0007,50.96,0
BottomS33938,12.6809,-11.1346,7.024e-20,8.395e-20,8.919e-20,-0.0004,50.44,0
BottomS33945,12.7297,-11.0507,1.511e-20,1.906e-20,2.290e-20,0.0003,50.86,0
BottomS33946,12.7343,-11.0532,1.586e-18,1.369e-18,7.244e-19,0.0011,50.78,0
BottomS33948,12.7275,-11.0516,2.497e-19,2.550e-19,1.945e-19,-0.0004,50.82,0
BottomS33950,12.7405,-11.0626,8.058e-18,6.434e-18,2.975e-18,-0.0004,50.75,0
BottomS33953,12.7281,-11.0503,1.422e-18,2.451e-18,5.602e-18,-0.0002,50.78,0
BottomS33954,12.7395,-11.0442,1.762e-18,2.986e-18,6.481e-18,0.0002,50.75,0
BottomS33957,12.6681,-11.1433,1.147e-18,1.048e-18,6.271e-19,-0.0002,50.64,0
BottomS33958,12.7359,-11.0362,1.571e-18,1.422e-18,8.259e-19,-0.0007,50.88,0
BottomS33959,12.6720,-11.1357,2.213e-19,2.299e-19,1.792e-19,0.0007,50.65,0
BottomS33960,12.6752,-11.1390,1.083e-19,1.147e-19,9.149e-20,-0.0001,50.48,0
BottomS33963,12.7371,-11.0362,4.962e-20,5.526e-20,4.963e-20,-0.0002,50.9,0
BottomS33964,12.7382,-11.0586,9.435e-19,8.849e-19,5.577e-19,0.0005,50.75,0
BottomS33968,12.7420,-11.0419,4.466e-18,3.571e-18,1.672e-18,0.0,50.9,0
BottomS33969,12.7426,-11.0389,1.522e-20,2.113e-20,2.927e-20,-0.0007,50.91,0
BottomS33970,12.7361,-11.0546,6.850e-14,5.008e-14,1.968e-14,-0.001,50.79,0
BottomS33973,12.7440,-11.0415,1.125e-18,1.580e-18,2.306e-18,-0.0002,50.8,0
BottomS33974,12.6697,-11.1422,5.094e-19,4.624e-19,2.799e-19,-0.0006,50.58,0
BottomS33975,12.7384,-11.0351,2.880e-20,3.421e-20,3.400e-20,0.0003,50.74,0
BottomS33979,12.7400,-11.0266,1.321e-20,1.764e-20,2.326e-20,-0.0003,50.83,0
BottomS33980,12.6728,-11.1378,1.829e-20,2.225e-20,2.389e-20,0.0001,50.68,0
BottomS33981,12.6683,-11.1327,1.114e-18,9.952e-19,5.675e-19,0.0002,50.6,0
BottomS33983,12.7441,-11.0373,1.854e-18,1.627e-18,8.988e-19,0.0006,50.84,0
BottomS33985,12.7369,-11.0404,2.627e-18,4.485e-18,9.563e-18,-0.0003,50.62,0
BottomS33993,12.6656,-11.1404,8.124e-18,6.461e-18,3.018e-18,0.0,50.58,0
BottomS33994,12.6537,-11.1490,4.122e-20,4.569e-20,4.156e-20,0.0003,50.71,0
BottomS33995,12.7425,-11.0427,7.920e-20,9.359e-20,9.313e-20,0.0007,50.78,0
BottomS33996,12.6573,-11.1554,2.477e-19,2.500e-19,1.769e-19,-0.0003,50.51,0
BottomS33997,12.7476,-11.0381,4.525e-14,3.237e-14,1.228e-14,-0.0008,50.78,0
BottomS33998,12.7486,-11.0349,2.643e-18,2.151e-18,1.047e-18,-0.0002,50.78,0
BottomS33999,12.7442,-11.0414,3.070e-18,2.640e-18,1.370e-18,0.0002,50.78,0
BottomS34000,12.6630,-11.1461,1.344e-17,1.055e-17,4.806e-18,0.0001,50.63,1
BottomS34001,12.7469,-11.0333,1.494e-18,1.354e-18,7.862e-19,-0.0003,50.86,0
BottomS34002,12.6648,-11.1495,3.573e-18,2.898e-18,1.348e-18,0.0004,50.54,0
BottomS34003,12.7447,-11.0341,5.183e-18,4.184e-18,1.943e-18,0.0003,50.74,0
BottomS34004,12.6673,-11.1502,3.634e-17,2.633e-17,9.893e-18,0.0006,50.58,0
BottomS34005,12.6669,-11.1512,4.816e-15,7.318e-15,1.267e-14,-0.0009,50.66,0
BottomS34006,12.7426,-11.0308,6.271e-19,1.130e-18,2.632e-18,0.0004,50.86,0
BottomS34007,12.7411,-11.0320,3.488e-17,2.477e-17,9.360e-18,-0.0001,50.78,0
BottomS34008,12.7378,-11.0351,3.927e-19,7.528e-19,2.089e-18,0.0001,50.88,0
BottomS34009,12.7382,-11.0285,6.739e-18,5.244e-18,2.228e-18,-0.0003,50.85,1
BottomS34010,12.6710,-11.1563,8.249e-14,6.523e-14,2.931e-14,-0.0006,50.59,1
BottomS34011,12.7367,-11.0282,2.410e-20,2.956e-20,3.172e-20,-0.0006,50.76,0
BottomS34012,12.6723,-11.1583,3.181e-19,5.424e-19,1.187e-18,-0.0002,50.45,0
BottomS34013,12.6725,-11.1585,9.080e-17,6.396e-17,2.245e-17,0.0004,50.53,0
BottomS34014,12.7289,-11.0299,3.541e-18,2.827e-18,1.281e-18,0.0001,50.79,0
BottomS34015,12.7345,-11.0223,5.020e-17,3.655e-17,1.424e-17,-0.0003,50.92,0
BottomS34016,12.6758,-11.1624,2.951e-17,2.285e-17,9.854e-18,-0.0001,50.43,0
BottomS34017,12.6791,-11.1611,1.960e-17,1.445e-17,5.629e-18,-0.0002,50.45,0
BottomS34018,12.7322,-11.0163,2.742e-17,2.017e-17,7.877e-18,-0.0003,50.98,0
BottomS34020,12.6806,-11.1659,8.991e-17,6.353e-17,2.353e-17,-0.0,50.46,0
BottomS34021,12.7271,-11.0171,1.779e-17,1.314e-17,5.399e-18,-0.0004,50.98,0
BottomS34022,12.7278,-11.0133,1.007e-18,2.028e-18,6.077e-18,0.0006,51.05,0
BottomS34023,12.7245,-11.0144,1.457e-16,1.043e-16,3.840e-17,0.0005,50.96,0
BottomS34024,12.6907,-11.1669,4.380e-17,3.209e-17,1.221e-17,-0.0007,50.32,0
BottomS34025,12.7193,-11.0134,7.780e-18,6.204e-18,2.827e-18,0.0002,50.96,0
BottomS34026,12.7217,-11.0131,4.103e-14,2.938e-14,1.074e-14,0.0004,50.93,0
BottomS34027,12.6901,-11.1763,2.455e-19,2.410e-19,1.719e-19,-0.0007,50.33,0
BottomS34028,12.7178,-11.0086,1.610e-16,1.122e-16,3.940e-17,0.0003,50.99,0
BottomS34029,12.7139,-11.0130,2.959e-17,2.167e-17,8.356e-18,0.0003,50.93,0
BottomS34030,12.7185,-11.0132,2.670e-20,3.376e-20,4.020e-20,-0.0003,50.87,0
BottomS34031,12.6978,-11.1736,3.673e-16,2.483e-16,8.573e-17,-0.0,50.47,0
BottomS34032,12.6991,-11.1764,6.057e-18,4.677e-18,2.045e-18,-0.0001,50.44,0
BottomS34033,12.7004,-11.1745,1.526e-18,2.791e-18,7.092e-18,-0.0006,50.46,0
BottomS34034,12.6997,-11.1764,2.055e-17,1.539e-17,6.058e-18,-0.0001,50.31,0
BottomS34035,12.7038,-11.1746,5.510e-17,3.984e-17,1.490e-17,-0.0001,50.35,0
BottomS34036,12.7087,-11.1758,9.907e-20,1.054e-19,8.932e-20,-0.0003,50.31,0
BottomS34037,12.7041,-11.0078,7.631e-18,5.963e-18,2.696e-18,0.0008,51.01,0
BottomS34038,12.7016,-11.0041,3.569e-20,4.368e-20,4.704e-20,-0.0004,51.02,0
BottomS34039,12.6973,-11.0060,4.432e-14,3.184e-14,1.189e-14,-0.0001,51.0,0
BottomS34040,12.6969,-11.0076,1.627e-17,1.250e-17,5.243e-18,0.0001,51.05,1
BottomS34041,12.7158,-11.1770,1.306e-17,1.039e-17,4.815e-18,-0.0,50.4,0
BottomS34042,12.6916,-11.0054,2.018e-16,1.388e-16,4.919e-17,0.0004,51.06,0
BottomS34043,12.6909,-11.0000,6.438e-16,4.319e-16,1.448e-16,-0.0004,51.06,0
BottomS34044,12.6918,-11.0079,1.137e-19,1.330e-19,1.341e-19,-0.0007,50.9,0
BottomS34045,12.7204,-11.1796,9.860e-18,7.878e-18,3.590e-18,0.0009,50.43,1
BottomS34046,12.6862,-11.0003,1.421e-18,1.285e-18,7.518e-19,-0.0003,51.07,0
BottomS34047,12.7244,-11.1815,7.722e-19,7.048e-19,4.414e-19,0.0,50.31,0
BottomS34048,12.7289,-11.1814,9.582e-18,7.569e-18,3.538e-18,-0.0,50.46,0
BottomS34049,12.6813,-11.0001,1.171e-18,2.525e-18,8.904e-18,0.0,51.13,0
BottomS34050,12.7286,-11.1814,3.234e-19,3.143e-19,2.144e-19,-0.0002,50.27,0
BottomS34051,12.6756,-11.0030,4.054e-18,3.315e-18,1.624e-18,-0.0003,51.1,0
BottomS34052,12.6709,-11.0028,1.423e-19,1.543e-19,1.276e-19,0.0004,51.01,0
BottomS34053,12.7333,-11.1834,2.025e-18,1.724e-18,9.015e-19,-0.0002,50.55,0
BottomS34054,12.7369,-11.1816,6.340e-19,1.310e-18,4.407e-18,0.0002,50.29,0
BottomS34055,12.6735,-11.0077,3.716e-17,2.627e-17,9.322e-18,0.0003,51.1,0
BottomS34056,12.7438,-11.1791,1.351e-16,9.352e-17,3.216e-17,0.0003,50.28,0
BottomS34057,12.7495,-11.1821,4.648e-17,3.422e-17,1.321e-17,0.0011,50.17,0
BottomS34058,12.7479,-11.1812,5.556e-17,3.951e-17,1.428e-17,-0.0002,50.34,0
BottomS34059,12.7462,-11.1771,1.450e-17,1.063e-17,4.042e-18,-0.0009,50.24,0
BottomS34060,12.7490,-11.1798,2.866e-18,2.318e-18,1.115e-18,-0.0001,50.31,0
BottomS34061,12.6618,-11.0081,2.310e-17,1.694e-17,6.519e-18,-0.0,51.06,0
BottomS34062,12.6536,-11.0076,1.354e-16,9.241e-17,3.091e-17,0.0007,51.13,0
BottomS34063,12.6503,-11.0080,2.511e-16,1.742e-16,6.076e-17,0.0,51.1,0
BottomS34064,12.7633,-11.1796,1.271e-17,1.013e-17,4.634e-18,-0.0007,50.33,0
BottomS34065,12.7652,-11.1780,3.392e-17,2.478e-17,9.435e-18,0.0004,50.34,0
BottomS34066,12.6519,-11.0140,1.055e-18,9.794e-19,5.941e-19,-0.0001,51.06,0
BottomS34067,12.7698,-11.1738,2.242e-16,1.529e-16,5.035e-17,0.0007,50.26,0
BottomS34068,12.6348,-11.0121,6.201e-14,5.798e-14,3.655e-14,-0.0004,51.04,1
BottomS34069,12.6350,-11.0135,2.048e-18,1.704e-18,8.761e-19,-0.0004,51.09,0
BottomS34070,12.6395,-11.0204,9.216e-19,7.788e-19,4.125e-19,0.0007,51.06,0
BottomS34071,12.6332,-11.0172,8.052e-17,5.541e-17,1.934e-17,-0.0008,51.15,0
BottomS34072,12.6266,-11.0131,9.668e-19,8.886e-19,5.238e-19,0.0002,51.05,0
BottomS34073,12.7813,-11.1697,1.363e-16,9.499e-17,3.339e-17,0.0003,50.2,0
BottomS34074,12.7875,-11.1684,1.012e-17,7.970e-18,3.567e-18,-0.0005,50.3,0
BottomS34075,12.6216,-11.0212,1.562e-16,1.108e-16,3.939e-17,-0.0005,51.05,0
BottomS34076,12.7845,-11.1599,7.678e-17,5.618e-17,2.227e-17,-0.0002,50.39,0
BottomS34077,12.6162,-11.0231,2.930e-17,2.212e-17,9.154e-18,0.0004,51.1,0
BottomS34078,12.7893,-11.1567,2.873e-14,1.970e-14,6.866e-15,-0.0005,50.26,0
BottomS34079,12.6139,-11.0290,5.620e-16,3.708e-16,1.205e-16,0.0003,51.08,0
BottomS34080,12.6128,-11.0316,3.537e-17,2.664e-17,1.104e-17,0.0007,51.0,0
BottomS34081,12.7943,-11.1493,2.212e-14,1.518e-14,5.052e-15,0.0004,50.32,0
BottomS34082,12.6072,-11.0374,1.835e-17,1.392e-17,5.652e-18,-0.0002,51.09,1
BottomS34083,12.7988,-11.1445,1.486e-18,1.357e-18,8.154e-19,-0.0004,50.35,0
BottomS34084,12.6119,-11.0447,3.494e-19,3.404e-19,2.235e-19,-0.0001,51.02,0
BottomS34085,12.6025,-11.0419,5.127e-18,8.534e-18,1.738e-17,-0.0007,51.12,0
BottomS34086,12.6033,-11.0477,9.789e-16,6.514e-16,2.135e-16,-0.0001,51.04,0
BottomS34087,12.5987,-11.0492,1.411e-17,1.185e-17,5.848e-18,0.0007,51.08,0
BottomS34088,12.6022,-11.0572,6.714e-17,4.906e-17,1.912e-17,0.0004,51.02,0
BottomS34089,12.8037,-11.1246,2.826e-17,2.121e-17,8.915e-18,-0.0003,50.37,1
BottomS34090,12.8107,-11.1264,4.345e-14,2.987e-14,1.073e-14,-0.0001,50.38,0
BottomS34091,12.8160,-11.1228,5.453e-17,3.866e-17,1.422e-17,0.0003,50.32,0
BottomS34092,12.8105,-11.1209,8.091e-15,1.064e-14,1.312e-14,0.001,50.31,0
BottomS34093,12.8148,-11.1135,6.120e-18,5.206e-18,2.654e-18,-0.0005,50.41,0
BottomS34094,12.6726,-11.1539,1.328e-17,1.068e-17,4.875e-18,0.0007,50.55,0
BottomS34096,12.6756,-11.1523,1.105e-18,1.051e-18,6.824e-19,-0.0005,50.46,0
BottomS34097,12.7297,-11.0351,3.869e-17,2.808e-17,1.064e-17,0.0001,50.73,0
BottomS34098,12.6734,-11.1588,2.426e-19,2.425e-19,1.844e-19,0.0005,50.56,0
BottomS34100,12.6797,-11.1527,4.272e-19,7.793e-19,2.012e-18,-0.0004,50.42,0
BottomS34102,12.7275,-11.0271,1.055e-18,1.657e-18,3.016e-18,0.0,50.83,0
BottomS34104,12.7249,-11.0216,3.971e-14,2.792e-14,9.693e-15,0.0002,50.89,0
BottomS34106,12.6862,-11.1612,5.597e-19,1.001e-18,2.308e-18,0.0005,50.43,0
BottomS34107,12.7185,-11.0267,1.583e-18,1.334e-18,6.712e-19,0.001,50.81,0
BottomS34109,12.6919,-11.1560,1.952e-17,1.460e-17,6.160e-18,-0.0005,50.51,1
BottomS34110,12.7214,-11.0205,6.699e-18,5.721e-18,3.017e-18,-0.0006,50.99,0
BottomS34111,12.7162,-11.0293,9.371e-19,8.731e-19,5.494e-19,0.0001,50.87,0
BottomS34112,12.6892,-11.1754,2.782e-18,2.434e-18,1.397e-18,-0.0002,50.41,0
BottomS34113,12.6871,-11.1665,3.633e-20,4.387e-20,4.639e-20,0.0001,50.38,0
BottomS34114,12.6926,-11.1703,5.973e-14,4.397e-14,1.725e-14,0.0004,50.52,0
BottomS34115,12.7086,-11.0166,1.169e-17,9.175e-18,4.150e-18,-0.001,51.03,1
BottomS34117,12.7046,-11.1565,1.432e-18,1.330e-18,8.565e-19,-0.0003,50.39,0
BottomS34118,12.7101,-11.0143,4.833e-19,4.743e-19,3.238e-19,0.0003,51.05,0
BottomS34119,12.7028,-11.1647,2.524e-18,2.127e-18,1.088e-18,-0.0003,50.39,0
BottomS34120,12.7113,-11.0023,1.083e-20,1.421e-20,1.834e-20,-0.0002,51.01,0
BottomS34121,12.7099,-11.0162,7.274e-18,5.688e-18,2.547e-18,0.0001,50.98,1
BottomS34122,12.7049,-11.1645,9.244e-15,6.227e-15,2.007e-15,-0.0005,50.46,0
BottomS34123,12.7064,-11.0062,1.407e-17,1.080e-17,4.709e-18,-0.0014,50.94,1
BottomS34124,12.7008,-11.1780,8.125e-19,7.450e-19,4.732e-19,0.0005,50.44,0
BottomS34125,12.7001,-11.0058,1.226e-18,1.073e-18,5.789e-19,0.0004,51.03,0
BottomS34127,12.7017,-11.0112,2.535e-18,2.105e-18,9.938e-19,-0.0004,50.95,0
BottomS34129,12.7158,-11.1644,4.606e-17,3.489e-17,1.397e-17,-0.0001,50.46,0
BottomS34131,12.6946,-11.0114,1.048e-18,1.594e-18,2.780e-18,0.0,51.12,0
BottomS34133,12.7180,-11.1704,1.879e-18,1.616e-18,8.381e-19,0.0002,50.33,0
BottomS34135,12.6838,-11.0039,6.026e-18,4.764e-18,2.102e-18,-0.0005,50.98,0
BottomS34136,12.6867,-11.0112,7.453e-19,6.960e-19,4.400e-19,0.0005,51.05,0
BottomS34137,12.6799,-11.0173,2.051e-18,1.831e-18,1.081e-18,-0.0004,51.06,0
BottomS34138,12.6754,-11.0008,7.046e-18,5.577e-18,2.500e-18,-0.0004,51.07,0
BottomS34140,12.6824,-11.0123,4.534e-19,4.487e-19,3.170e-19,0.0003,51.05,0
BottomS34141,12.7415,-11.1807,1.261e-16,9.145e-17,3.406e-17,-0.0002,50.26,0
BottomS34142,12.6706,-11.0035,9.493e-19,1.650e-18,3.713e-18,-0.0009,51.12,0
BottomS34144,12.7450,-11.1872,5.412e-19,5.209e-19,3.402e-19,0.0004,50.38,0
BottomS34145,12.6735,-11.0157,1.416e-17,1.018e-17,3.934e-18,-0.0002,51.13,0
BottomS34146,12.6543,-11.0029,3.357e-18,3.040e-18,1.767e-18,0.0005,51.08,0
BottomS34148,12.7476,-11.1741,7.744e-18,6.356e-18,3.006e-18,-0.0006,50.27,0
BottomS34149,12.6607,-11.0083,6.137e-20,6.838e-20,6.105e-20,0.0002,51.09,0
BottomS34150,12.6589,-11.0142,1.178e-17,9.478e-18,4.492e-18,-0.0005,51.2,0
BottomS34151,12.7569,-11.1779,2.933e-17,2.189e-17,8.803e-18,-0.0,50.26,0
BottomS34152,12.6608,-11.0198,1.068e-17,8.632e-18,3.948e-18,0.0003,50.98,0
BottomS34153,12.7583,-11.1688,1.220e-18,1.103e-18,6.210e-19,-0.0005,50.39,0
BottomS34154,12.7671,-11.1792,8.585e-19,1.510e-18,3.484e-18,0.0007,50.22,0
BottomS34155,12.7630,-11.1708,2.336e-18,2.046e-18,1.113e-18,0.0007,50.39,0
BottomS34157,12.7737,-11.1761,3.818e-18,3.224e-18,1.613e-18,0.0008,50.39,0
BottomS34158,12.7543,-11.1595,1.611e-17,1.205e-17,4.781e-18,0.0008,50.23,0
BottomS34159,12.7705,-11.1718,1.432e-14,1.015e-14,3.643e-15,-0.0,50.35,0
BottomS34160,12.7747,-11.1673,9.890e-20,1.073e-19,8.973e-20,0.0003,50.31,0
BottomS34161,12.6362,-11.0229,3.605e-18,3.037e-18,1.574e-18,-0.0003,51.02,0
BottomS34165,12.7747,-11.1557,2.532e-18,4.367e-18,9.505e-18,0.0002,50.28,0
BottomS34167,12.7917,-11.1616,5.393e-20,6.212e-20,6.104e-20,-0.0003,50.36,0
BottomS34168,12.6205,-11.0305,1.442e-17,1.067e-17,4.351e-18,0.0002,51.01,0
BottomS34169,12.6142,-11.0274,1.460e-18,1.307e-18,7.420e-19,-0.0002,51.02,0
BottomS34170,12.7985,-11.1566,1.095e-18,1.760e-18,3.452e-18,-0.0001,50.3,0
BottomS34171,12.7899,-11.1481,6.423e-18,5.423e-18,2.746e-18,-0.0005,50.26,0
BottomS34172,12.6148,-11.0407,2.976e-18,2.510e-18,1.257e-18,-0.0004,50.95,0
BottomS34173,12.6195,-11.0464,1.883e-19,2.034e-19,1.649e-19,0.0004,51.09,0
BottomS34174,12.6014,-11.0365,1.022e-19,1.096e-19,9.139e-20,0.0009,50.97,0
BottomS34175,12.6020,-11.0413,1.967e-17,1.488e-17,6.408e-18,0.0,50.97,1
BottomS34176,12.6101,-11.0510,9.032e-19,1.332e-18,2.104e-18,0.0005,51.01,0
BottomS34177,12.8172,-11.1451,5.507e-19,5.268e-19,3.482e-19,-0.0,50.29,0
BottomS34178,12.8064,-11.1321,3.850e-14,2.742e-14,1.018e-14,-0.0004,50.4,0
BottomS34179,12.5974,-11.0480,8.065e-19,1.222e-18,2.107e-18,-0.0001,51.05,0
BottomS34180,12.6002,-11.0603,7.093e-15,4.791e-15,1.610e-15,-0.0001,51.04,0
BottomS34183,12.8061,-11.1111,8.143e-19,1.419e-18,3.341e-18,-0.0001,50.52,0
BottomS34184,12.7918,-11.1107,3.311e-19,3.419e-19,2.549e-19,0.0003,50.41,0
BottomS34185,12.5987,-11.0727,6.912e-19,6.476e-19,4.026e-19,-0.0007,51.0,0
BottomS34186,12.5933,-11.0747,9.591e-20,1.005e-19,7.925e-20,-0.0009,51.12,0
BottomS34187,12.5942,-11.0789,1.092e-18,1.046e-18,6.817e-19,0.0003,51.03,0
BottomS34188,12.8143,-11.1133,3.098e-20,3.856e-20,4.289e-20,0.0005,50.42,0
BottomS34189,12.6043,-11.0950,4.386e-19,4.070e-19,2.540e-19,0.0008,50.85,0
BottomS34195,13.1074,-11.4824,1.765e-19,1.900e-19,1.613e-19,0.0001,56.93,0
BottomS34196,13.1256,-11.4667,4.099e-20,4.522e-20,4.051e-20,0.0005,57.89,0
BottomS34197,13.1676,-11.5060,8.176e-19,7.497e-19,4.499e-19,0.0011,58.92,0
BottomS34201,13.1206,-11.4543,2.142e-19,2.185e-19,1.599e-19,0.0003,57.86,0
BottomS34206,13.1261,-11.4773,1.280e-18,1.802e-18,2.633e-18,-0.0002,56.97,0
BottomS34211,13.1220,-11.4745,4.998e-19,4.657e-19,2.832e-19,-0.0,57.32,0
BottomS34212,13.1098,-11.4624,9.490e-20,9.793e-20,7.549e-20,0.0001,57.32,0
BottomS34224,13.1297,-11.4799,7.538e-19,6.965e-19,4.410e-19,0.0008,59.09,0
BottomS34231,13.0962,-11.4170,4.024e-20,4.764e-20,4.836e-20,-0.0003,57.69,0
BottomS34232,13.0664,-11.4588,3.470e-19,3.476e-19,2.472e-19,-0.0005,57.11,0
BottomS34233,13.0869,-11.4522,1.185e-18,2.086e-18,4.910e-18,-0.0004,57.15,0
BottomS34236,13.1109,-11.4859,4.960e-20,5.689e-20,5.552e-20,-0.0003,57.14,0
BottomS34238,13.1090,-11.4613,4.942e-20,5.634e-20,5.303e-20,-0.0006,57.28,0
BottomS34243,13.1673,-11.4950,2.862e-20,3.475e-20,3.623e-20,0.0004,59.13,0
BottomS34249,13.1289,-11.4786,8.291e-20,9.292e-20,8.646e-20,0.0002,58.5,0
BottomS34253,13.1668,-11.4042,1.426e-19,1.634e-19,1.556e-19,-0.0004,58.28,0
BottomS34263,13.1561,-11.4664,1.366e-18,2.949e-18,1.076e-17,0.0005,58.88,0
BottomS34271,13.0518,-11.4608,1.191e-18,1.064e-18,6.122e-19,0.0001,57.02,0
BottomS34278,13.1132,-11.4851,1.106e-18,1.869e-18,3.980e-18,-0.0,57.23,0
BottomS34284,13.1135,-11.5124,2.439e-20,2.999e-20,3.268e-20,0.0001,57.86,0
BottomS34289,13.1249,-11.4749,1.283e-20,1.719e-20,2.198e-20,-0.0008,57.92,0
BottomS34290,13.1289,-11.4699,8.163e-19,7.400e-19,4.330e-19,-0.0001,58.28,0
BottomS34295,13.1151,-11.4807,7.406e-19,6.714e-19,4.011e-19,-0.0008,57.03,0
BottomS34297,13.0414,-11.4759,6.376e-20,6.965e-20,6.051e-20,0.0001,57.05,0
BottomS34299,13.1215,-11.5936,2.014e-20,2.593e-20,3.014e-20,0.0004,58.08,0
BottomS34305,13.1495,-11.4795,1.002e-18,2.554e-18,1.285e-17,0.0001,59.21,0
BottomS34306,13.1057,-11.4775,1.419e-18,2.586e-18,6.445e-18,-0.0003,57.03,0
BottomS34310,13.1159,-11.4492,2.290e-19,2.270e-19,1.641e-19,-0.0009,57.68,0
BottomS34313,13.1207,-11.4861,3.504e-20,4.144e-20,4.263e-20,0.0001,57.24,0
BottomS34314,13.1217,-11.4840,1.133e-19,1.323e-19,1.280e-19,-0.0004,57.64,0
BottomS34317,13.1298,-11.4741,1.254e-18,1.131e-18,6.792e-19,0.0004,58.68,0
BottomS34318,13.0719,-11.4882,1.055e-18,9.450e-19,5.481e-19,-0.0001,57.2,0
BottomS34320,13.0367,-11.4276,9.361e-19,1.454e-18,2.589e-18,0.0006,57.2,0
BottomS34321,13.1983,-11.4994,1.766e-18,2.519e-18,3.814e-18,0.0,59.03,0
BottomS34322,13.1266,-11.4815,3.170e-18,7.292e-18,3.050e-17,0.0007,59.32,0
BottomS34326,13.1718,-11.4823,3.194e-14,2.306e-14,8.733e-15,0.0009,59.02,0
BottomS34329,13.1431,-11.4941,3.328e-20,4.024e-20,4.310e-20,0.0007,59.05,0
BottomS34330,13.1461,-11.5034,3.269e-18,6.283e-18,1.803e-17,0.0003,58.86,0
BottomS34331,13.1108,-11.4930,8.415e-19,7.340e-19,4.000e-19,0.0008,57.49,0
BottomS34332,13.1284,-11.4741,1.348e-14,9.325e-15,3.249e-15,-0.0008,58.21,0
BottomS34335,13.1278,-11.4836,7.522e-19,6.941e-19,4.312e-19,0.0006,59.15,0
BottomS34340,13.0746,-11.4834,1.937e-20,2.305e-20,2.394e-20,0.0,57.15,0
BottomS34344,13.1216,-11.4747,1.852e-18,1.609e-18,8.433e-19,-0.0008,57.32,0
BottomS34352,13.1740,-11.5048,3.717e-14,2.727e-14,1.081e-14,-0.0009,59.09,0
BottomS34357,13.1775,-11.5136,2.443e-20,2.944e-20,3.099e-20,0.0001,58.89,0
BottomS34359,13.1100,-11.4694,7.159e-19,1.424e-18,4.262e-18,-0.0008,57.11,0
BottomS34365,13.1076,-11.4819,9.438e-19,1.890e-18,5.794e-18,0.0002,56.85,0
BottomS34367,13.1294,-11.4516,5.372e-19,8.863e-19,1.761e-18,0.0002,58.13,0
BottomS34370,13.0992,-11.4763,1.958e-18,1.677e-18,9.191e-19,-0.0008,56.83,0
BottomS34372,13.1544,-11.4731,3.421e-20,4.178e-20,4.555e-20,0.0001,58.95,0
BottomS34374,13.1367,-11.4744,1.886e-18,2.771e-18,4.590e-18,0.0005,58.91,0
BottomS34379,13.1245,-11.4858,2.302e-18,1.909e-18,9.504e-19,0.0007,57.94,0
BottomS34381,13.1337,-11.4865,2.271e-19,2.217e-19,1.590e-19,-0.0004,58.96,0
BottomS34382,13.2013,-11.4272,5.242e-19,4.770e-19,2.926e-19,-0.0,58.48,0
BottomS34384,13.1255,-11.4828,2.936e-19,2.982e-19,2.245e-19,-0.0003,57.34,0
BottomS34390,13.1651,-11.4603,4.539e-19,4.366e-19,2.879e-19,-0.0001,58.76,0
BottomS34398,13.1425,-11.5190,9.695e-19,1.998e-18,6.485e-18,-0.0002,58.47,0
BottomS34400,13.1063,-11.4672,3.675e-19,3.375e-19,2.136e-19,0.0005,56.92,0
BottomS34402,13.1377,-11.5047,1.180e-19,1.212e-19,9.246e-20,-0.0004,58.56,0
BottomS34404,13.1204,-11.4989,1.214e-20,1.661e-20,2.262e-20,0.0011,57.95,0
BottomS34410,13.1740,-11.4775,2.952e-18,2.497e-18,1.279e-18,0.0003,59.03,0
BottomS34413,13.0889,-11.4405,1.635e-20,2.128e-20,2.626e-20,0.0003,57.39,0
BottomS34414,13.1237,-11.4794,3.488e-20,4.320e-20,4.731e-20,0.0002,56.76,0
BottomS34415,13.1287,-11.4774,1.650e-20,2.045e-20,2.193e-20,0.0008,59.19,0
BottomS34416,13.1310,-11.4818,7.816e-19,6.935e-19,4.073e-19,0.0001,59.3,0
BottomS34420,13.1254,-11.4781,2.510e-19,3.974e-19,7.246e-19,0.0006,57.27,0
BottomS34421,13.1356,-11.4815,5.692e-18,1.044e-17,2.644e-17,0.0004,59.13,0
BottomS34423,12.9800,-11.4329,1.643e-20,2.098e-20,2.513e-20,-0.0005,57.28,0
BottomS34433,13.1249,-11.4866,8.933e-19,7.864e-19,4.588e-19,-0.0003,57.99,0
BottomS34436,13.1142,-11.4848,3.035e-18,2.467e-18,1.212e-18,-0.0001,57.28,0
BottomS34438,13.1310,-11.4818,7.188e-20,8.437e-20,8.347e-20,0.0009,59.08,0
BottomS34444,13.2956,-11.4647,1.458e-19,1.508e-19,1.192e-19,0.0007,58.78,0
BottomS34445,13.0613,-11.4841,1.303e-19,1.392e-19,1.117e-19,0.0002,57.03,0
BottomS34446,13.0693,-11.4701,2.167e-19,2.301e-19,1.866e-19,0.0009,57.09,0
BottomS34450,13.1163,-11.4893,3.035e-19,2.932e-19,1.943e-19,0.001,57.33,0
BottomS34451,13.1203,-11.4936,2.635e-19,2.596e-19,1.897e-19,0.0011,57.86,0
BottomS34456,13.1326,-11.4799,1.873e-18,3.128e-18,6.499e-18,-0.0,58.82,0
BottomS34459,13.0917,-11.4986,8.424e-19,7.225e-19,3.855e-19,-0.0004,57.42,0
BottomS34460,13.1511,-11.4850,1.231e-19,1.295e-19,1.062e-19,0.0003,59.33,0
BottomS34468,13.0963,-11.4364,6.084e-20,6.377e-20,5.182e-20,0.0,57.5,0
BottomS34469,13.1300,-11.4856,1.742e-19,1.912e-19,1.694e-19,0.0002,58.53,0
BottomS34470,13.1305,-11.5038,2.468e-20,3.108e-20,3.789e-20,-0.0007,58.39,0
BottomS34474,13.1804,-11.4865,3.173e-19,2.951e-19,1.834e-19,0.0008,59.08,0
BottomS34475,13.2621,-11.5021,8.029e-19,1.111e-18,1.577e-18,0.0007,58.9,0
BottomS34476,13.1032,-11.5033,1.308e-20,1.678e-20,2.049e-20,0.0002,57.48,0
BottomS34480,13.1232,-11.4596,1.314e-19,1.483e-19,1.368e-19,-0.0008,57.82,0
BottomS34482,13.0812,-11.4493,1.216e-20,1.575e-20,1.952e-20,0.0005,57.21,0
BottomS34483,13.0823,-11.4403,2.217e-20,2.674e-20,2.752e-20,0.0007,57.26,0
BottomS34493,13.1257,-11.4814,8.394e-20,8.996e-20,7.610e-20,0.0002,57.81,0
BottomS34496,13.0963,-11.5186,4.906e-19,4.672e-19,3.161e-19,0.0003,57.63,0
BottomS34498,13.1545,-11.4623,7.407e-20,8.089e-20,6.993e-20,0.0003,58.72,0
BottomS34499,13.0468,-11.4406,1.633e-19,1.708e-19,1.333e-19,-0.0001,57.15,0
BottomS34504,13.1622,-11.4843,3.944e-19,3.765e-19,2.521e-19,0.0004,59.18,0
BottomS34507,13.1181,-11.4729,2.654e-20,3.240e-20,3.364e-20,-0.0003,57.02,0
BottomS34510,13.1380,-11.4775,1.236e-20,1.596e-20,1.870e-20,0.0009,59.07,0
BottomS34513,13.1291,-11.4803,1.879e-20,2.260e-20,2.340e-20,0.0004,59.21,0
BottomS34515,13.1259,-11.4792,3.590e-19,6.029e-19,1.277e-18,0.0007,57.88,0
BottomS34516,13.1764,-11.4735,3.563e-19,3.378e-19,2.115e-19,-0.0002,59.0,0
BottomS34517,13.1346,-11.4829,3.881e-19,3.740e-19,2.503e-19,-0.0004,59.01,0
BottomS34533,13.1185,-11.4718,5.258e-20,5.941e-20,5.498e-20,0.0001,57.34,0
BottomS34534,13.1432,-11.5101,1.327e-18,2.645e-18,8.239e-18,-0.0002,58.73,0
BottomS34539,13.1307,-11.4696,3.248e-19,3.124e-19,2.107e-19,-0.0004,58.37,0
BottomS34542,13.1770,-11.4917,3.700e-19,3.718e-19,2.587e-19,0.0002,59.14,0
BottomS34543,13.1414,-11.4820,1.299e-19,1.311e-19,9.682e-20,0.0004,59.23,0
BottomS34544,13.1268,-11.4682,6.394e-18,4.890e-18,2.123e-18,-0.001,57.93,0
BottomS34549,13.1230,-11.4808,1.112e-18,9.820e-19,5.582e-19,0.0001,56.7,0
BottomS34550,13.1056,-11.4748,9.031e-20,1.027e-19,9.699e-20,-0.0002,56.91,0
BottomS34551,13.1342,-11.4929,2.909e-20,3.701e-20,4.400e-20,0.0002,58.79,0
BottomS34553,13.1278,-11.4800,1.066e-20,1.426e-20,1.931e-20,0.0005,58.47,0
BottomS34555,12.9600,-11.4849,1.278e-19,1.349e-19,1.067e-19,0.0006,57.39,0
BottomS34560,13.1222,-11.4673,1.602e-18,2.723e-18,5.975e-18,-0.0,57.63,0
BottomS34566,13.1220,-11.4488,2.617e-15,1.713e-15,5.395e-16,0.0003,57.81,0
BottomS34571,13.1121,-11.4798,1.225e-19,1.271e-19,1.005e-19,0.0008,56.97,0
BottomS34574,13.1253,-11.4864,3.052e-18,2.461e-18,1.111e-18,-0.0003,58.11,0
BottomS34575,13.1571,-11.4796,1.785e-20,2.186e-20,2.397e-20,0.0004,59.14,0
BottomS34582,13.1273,-11.4852,1.274e-18,2.386e-18,6.300e-18,0.0002,58.92,0
BottomS34583,13.1498,-11.4704,9.681e-20,1.013e-19,7.894e-20,-0.0002,58.89,0
BottomS34589,13.1291,-11.4853,2.916e-15,2.163e-15,8.806e-16,0.0004,58.78,0
BottomS34591,13.1201,-11.4800,1.231e-18,1.117e-18,6.709e-19,-0.0014,57.18,0
BottomS34592,13.1748,-11.4956,1.696e-18,2.593e-18,4.584e-18,-0.0001,59.06,0
BottomS34595,13.1337,-11.4858,1.368e-20,1.888e-20,2.627e-20,0.0001,59.0,0
BottomS34597,13.1332,-11.4838,1.097e-20,1.397e-20,1.637e-20,-0.0005,59.14,0
BottomS34599,13.1484,-11.5033,4.036e-19,3.861e-19,2.633e-19,-0.0006,58.81,0
BottomS34600,13.1197,-11.4693,5.026e-20,5.842e-20,5.792e-20,-0.0002,57.34,0
BottomS34601,13.1282,-11.4786,5.382e-14,3.946e-14,1.526e-14,0.0008,58.85,0
BottomS34604,13.1242,-11.4813,3.494e-18,2.923e-18,1.449e-18,0.0012,57.0,0
BottomS34605,13.1434,-11.4861,7.350e-19,6.885e-19,4.232e-19,-0.0001,59.14,0
BottomS34606,13.1657,-11.4813,2.426e-20,2.959e-20,3.190e-20,0.0001,59.17,0
BottomS34608,13.1055,-11.5191,3.127e-14,3.290e-14,2.635e-14,0.0008,57.89,1
BottomS34611,13.1108,-11.4804,1.230e-18,2.263e-18,5.668e-18,0.0003,56.94,0
BottomS34613,13.1259,-11.4772,1.123e-17,8.790e-18,3.836e-18,0.0002,57.78,1
BottomS34614,13.1251,-11.4906,2.065e-20,2.425e-20,2.477e-20,0.0001,58.09,0
BottomS34615,13.1530,-11.4668,1.497e-19,1.547e-19,1.222e-19,-0.0008,58.82,0
BottomS34619,13.1083,-11.4858,1.489e-20,1.858e-20,2.082e-20,0.0004,57.12,0
BottomS34625,13.1135,-11.4649,2.131e-20,2.629e-20,2.940e-20,0.0001,57.4,0
BottomS34635,13.1243,-11.4698,1.440e-18,2.566e-18,6.144e-18,0.0008,57.24,0
BottomS34638,13.1350,-11.4652,3.671e-18,7.598e-18,2.533e-17,0.0001,58.47,0
BottomS34640,13.0916,-11.4670,1.408e-20,1.855e-20,2.417e-20,0.0003,56.92,0
BottomS34643,13.1086,-11.4608,3.512e-20,4.015e-20,3.754e-20,0.0,57.2,0
BottomS34648,13.1290,-11.4817,2.630e-18,5.822e-18,2.201e-17,0.0003,58.64,0
BottomS34650,13.1273,-11.4888,1.278e-18,2.670e-18,9.048e-18,-0.0007,58.45,0
BottomS34652,13.1354,-11.4808,7.382e-18,6.301e-18,3.342e-18,0.0011,59.05,0
BottomS34655,13.1413,-11.4716,1.359e-20,1.712e-20,1.925e-20,-0.0,59.23,0
BottomS34661,13.1185,-11.4893,5.731e-19,1.180e-18,3.730e-18,0.0013,57.58,0
BottomS34663,13.1267,-11.4667,1.232e-18,1.992e-18,3.787e-18,0.0003,57.95,0
BottomS34664,13.1622,-11.4968,2.343e-18,6.197e-18,3.327e-17,-0.0,59.24,0
BottomS34665,13.1328,-11.4631,4.710e-19,8.534e-19,2.063e-18,-0.0006,58.37,0
BottomS34667,13.1257,-11.4510,4.214e-14,3.269e-14,1.436e-14,-0.0009,57.91,1
BottomS34669,13.1291,-11.4718,2.472e-17,1.812e-17,6.906e-18,0.0004,58.29,0
BottomS34670,13.1364,-11.4727,1.275e-19,1.370e-19,1.098e-19,0.0003,59.19,0
BottomS34671,13.1329,-11.4563,1.276e-18,1.088e-18,5.681e-19,0.0005,58.24,0
BottomS34672,13.1094,-11.4643,4.300e-19,4.163e-19,2.908e-19,-0.0001,57.01,0
BottomS34674,13.1284,-11.4735,2.441e-14,2.903e-14,3.016e-14,0.0002,58.44,0
BottomS34675,13.1182,-11.4669,2.889e-18,2.400e-18,1.182e-18,0.0002,57.17,0
BottomS34676,13.1077,-11.4769,7.339e-18,5.726e-18,2.587e-18,0.0001,56.82,0
BottomS34678,13.1258,-11.4817,2.693e-14,1.925e-14,7.249e-15,-0.0,58.04,0
BottomS34679,13.1556,-11.4997,1.028e-19,1.055e-19,7.938e-20,0.0008,59.08,0
BottomS34680,13.1307,-11.4924,1.425e-20,1.758e-20,1.964e-20,0.0006,58.45,0
BottomS34681,13.1278,-11.4961,3.552e-19,5.826e-19,1.168e-18,-0.0009,58.53,0
BottomS34683,13.1468,-11.4864,1.034e-20,1.363e-20,1.722e-20,0.0009,59.17,0
BottomS34685,13.1258,-11.5022,1.774e-20,2.214e-20,2.604e-20,0.0009,58.23,0
BottomS34686,13.1472,-11.4870,1.649e-17,1.304e-17,5.774e-18,0.0003,59.15,1
BottomS34687,13.1281,-11.4857,1.140e-18,9.729e-19,5.170e-19,0.0001,58.36,0
BottomS34688,13.1364,-11.4656,5.364e-19,8.590e-19,1.670e-18,-0.0,58.79,0
BottomS34689,13.1137,-11.4844,1.649e-20,2.118e-20,2.573e-20,-0.0004,57.34,0
BottomS34690,13.1300,-11.5015,7.282e-20,8.327e-20,7.789e-20,0.0005,59.14,0
BottomS34693,13.1294,-11.4889,2.355e-18,4.294e-18,1.069e-17,0.0006,58.35,0
BottomS34694,13.1117,-11.4688,1.101e-18,1.033e-18,6.357e-19,0.0003,56.86,0
BottomS34696,13.1399,-11.4770,1.333e-18,2.275e-18,4.886e-18,0.0004,59.13,0
BottomS34697,13.1322,-11.4992,2.187e-18,1.795e-18,8.594e-19,0.0002,58.62,0
BottomS34698,13.1187,-11.4801,4.449e-19,4.335e-19,3.075e-19,-0.0003,57.59,0
BottomS34700,13.1270,-11.4795,9.922e-18,7.545e-18,3.166e-18,0.0,58.34,1
BottomS34702,13.1209,-11.4783,2.576e-18,2.122e-18,1.070e-18,-0.0008,57.5,0
BottomS34706,13.1071,-11.4908,4.832e-20,5.560e-20,5.322e-20,-0.0011,56.92,0
BottomS34707,13.1436,-11.4669,1.464e-19,1.504e-19,1.180e-19,-0.0005,59.27,0
BottomS34709,13.1162,-11.4776,1.061e-18,1.523e-18,2.263e-18,0.0011,57.09,0
BottomS34712,13.1260,-11.4870,3.521e-18,2.662e-18,1.104e-18,-0.0005,59.1,0
BottomS34716,13.1162,-11.4648,5.170e-20,6.289e-20,6.775e-20,0.0002,56.96,0
BottomS34722,13.1283,-11.4919,2.052e-20,2.648e-20,3.213e-20,-0.0008,58.65,0
BottomS34723,13.1316,-11.5182,4.858e-18,3.781e-18,1.674e-18,0.0001,58.52,0
BottomS34725,13.1222,-11.4738,3.108e-20,3.783e-20,4.132e-20,-0.0004,57.14,0
BottomS34726,13.1087,-11.4624,1.092e-18,2.186e-18,6.526e-18,0.0001,57.09,0
BottomS34728,13.1080,-11.4847,1.364e-19,1.440e-19,1.140e-19,0.0004,57.08,0
BottomS34729,13.1097,-11.4922,5.598e-19,5.223e-19,3.216e-19,0.0008,57.19,0
BottomS34730,13.1202,-11.4830,1.805e-19,1.819e-19,1.343e-19,0.0003,57.52,0
BottomS34736,13.1150,-11.4618,2.254e-18,4.565e-18,1.387e-17,0.0002,57.14,0
BottomS34740,13.1103,-11.4573,4.683e-20,5.458e-20,5.196e-20,-0.0,57.28,0
BottomS34741,13.1150,-11.4884,2.769e-20,3.303e-20,3.389e-20,0.0001,57.43,0
BottomS34748,13.1162,-11.4610,4.950e-18,7.877e-18,1.532e-17,-0.0001,57.01,0
BottomS34749,13.1500,-11.4836,9.589e-19,9.107e-19,5.755e-19,0.0003,58.95,0
BottomS34750,13.1256,-11.4892,2.028e-19,1.980e-19,1.408e-19,0.0004,58.11,0
BottomS34755,13.1404,-11.4984,3.271e-20,3.886e-20,3.868e-20,-0.0,59.06,0
BottomS34756,13.1460,-11.4891,1.079e-18,1.701e-18,3.124e-18,0.0005,58.96,0
BottomS34757,13.1226,-11.4809,2.458e-19,2.447e-19,1.729e-19,-0.0007,57.2,0
BottomS34758,13.1392,-11.4823,1.464e-19,1.541e-19,1.229e-19,0.0006,59.11,0
BottomS34759,13.1070,-11.4643,2.196e-18,1.867e-18,9.707e-19,0.0002,57.1,0
BottomS34760,13.1292,-11.4730,3.892e-19,3.653e-19,2.296e-19,-0.0005,58.29,0
BottomS34763,13.1187,-11.4730,4.642e-20,5.760e-20,6.347e-20,0.0003,57.34,0
BottomS34764,13.1407,-11.4656,1.452e-19,1.438e-19,1.032e-19,-0.0005,58.72,0
BottomS34768,13.1143,-11.4762,5.051e-19,4.838e-19,3.228e-19,0.0,56.96,0
BottomS34769,13.1270,-11.4772,6.961e-19,1.318e-18,3.557e-18,0.0002,58.02,0
BottomS34770,13.1322,-11.4717,9.944e-20,1.061e-19,8.803e-20,-0.0003,58.98,0
BottomS34774,13.1158,-11.4695,1.518e-19,1.571e-19,1.203e-19,-0.0006,57.44,0
BottomS34776,13.1240,-11.4709,1.208e-18,2.261e-18,5.646e-18,-0.0001,57.52,0
BottomS34777,13.1203,-11.5001,2.537e-18,2.185e-18,1.121e-18,-0.001,57.81,0
BottomS34779,13.1145,-11.4702,7.778e-19,1.292e-18,2.709e-18,0.0,57.49,0
BottomS34780,13.1052,-11.4465,1.246e-18,2.450e-18,7.313e-18,-0.0005,57.34,0
BottomS34781,13.1215,-11.4780,6.894e-19,1.376e-18,4.306e-18,-0.0008,57.14,0
BottomS34782,13.1147,-11.4652,2.945e-17,2.115e-17,8.071e-18,0.0,57.43,0
BottomS34784,13.1353,-11.5022,1.987e-20,2.574e-20,3.078e-20,0.0008,58.45,0
BottomS34786,13.1269,-11.4771,1.674e-19,1.902e-19,1.708e-19,-0.0002,58.05,0
BottomS34787,13.1561,-11.4753,3.612e-19,6.355e-19,1.477e-18,-0.0002,59.23,0
BottomS34790,13.1382,-11.4738,4.104e-20,4.750e-20,4.578e-20,-0.0,58.49,0
BottomS34794,13.1310,-11.4935,1.381e-20,1.741e-20,2.017e-20,0.0003,58.96,0
BottomS34796,13.1141,-11.5040,1.061e-20,1.420e-20,1.881e-20,0.0008,57.56,0
BottomS34797,13.1389,-11.4921,8.194e-19,1.576e-18,4.521e-18,-0.001,59.29,0
BottomS34798,13.1353,-11.4558,1.529e-19,1.600e-19,1.241e-19,-0.0007,58.35,0
BottomS34799,13.1195,-11.4879,3.030e-14,2.151e-14,7.711e-15,-0.0002,57.36,0
BottomS34800,13.1197,-11.4873,1.022e-20,1.345e-20,1.684e-20,0.0002,57.86,0
BottomS34801,13.1332,-11.4480,2.871e-18,2.475e-18,1.307e-18,-0.0003,58.08,0
BottomS34803,13.1232,-11.4795,2.258e-14,2.310e-14,1.808e-14,0.0001,57.03,1
BottomS34805,13.1683,-11.4974,3.186e-19,3.156e-19,2.283e-19,-0.0003,59.11,0
BottomS34806,13.1153,-11.4654,4.998e-15,3.341e-15,1.086e-15,-0.0001,57.34,0
BottomS34810,13.1425,-11.4799,2.027e-18,1.675e-18,8.084e-19,-0.0002,58.94,0
BottomS34812,13.1287,-11.4874,1.650e-19,1.722e-19,1.391e-19,0.0007,58.51,0
BottomS34813,13.1122,-11.4580,3.403e-19,3.657e-19,2.988e-19,0.0003,56.94,0
BottomS34814,13.1112,-11.4559,3.467e-18,2.849e-18,1.361e-18,-0.0002,57.46,0
BottomS34816,13.1547,-11.4613,1.660e-18,2.818e-18,6.142e-18,0.0004,59.15,0
BottomS34819,13.1304,-11.5061,3.604e-19,3.448e-19,2.260e-19,0.0002,58.48,0
BottomS34820,13.1150,-11.4844,1.459e-18,3.297e-18,1.284e-17,-0.0001,56.91,0
BottomS34821,13.1216,-11.4673,2.271e-18,3.107e-18,4.208e-18,-0.0,57.2,0
BottomS34822,13.1210,-11.5113,6.879e-19,6.386e-19,4.072e-19,0.0004,58.05,0
BottomS34823,13.1258,-11.5109,3.586e-17,2.577e-17,1.013e-17,0.0003,58.15,0
BottomS34824,13.1314,-11.4691,6.621e-19,6.036e-19,3.653e-19,0.0,58.87,0
BottomS34825,13.1535,-11.4768,3.190e-20,3.622e-20,3.327e-20,0.0006,59.02,0
BottomS34828,13.1325,-11.4986,2.112e-19,2.161e-19,1.648e-19,0.0003,59.08,0
BottomS34829,13.1251,-11.4659,1.187e-20,1.529e-20,1.910e-20,0.0005,57.85,0
BottomS34830,13.1156,-11.4816,4.131e-20,4.948e-20,5.025e-20,0.0002,57.03,0
BottomS34831,13.1221,-11.4718,1.196e-20,1.608e-20,2.043e-20,0.0009,57.64,0
BottomS34832,13.1260,-11.4805,1.807e-17,1.353e-17,5.394e-18,0.0003,56.88,0
BottomS34834,13.1261,-11.4803,3.135e-18,4.861e-18,8.808e-18,-0.0,61.54,0
BottomS34835,13.1259,-11.4803,2.938e-18,2.489e-18,1.321e-18,-0.0002,54.55,0
BottomS34837,13.1261,-11.4804,2.902e-17,2.072e-17,7.622e-18,0.0004,61.53,0
BottomS34838,13.1262,-11.4803,2.283e-18,1.892e-18,9.195e-19,-0.0002,61.78,0
BottomS34839,13.1260,-11.4804,1.871e-18,1.652e-18,8.963e-19,0.0002,53.65,0
BottomS34840,13.1260,-11.4804,5.318e-16,3.451e-16,1.087e-16,-0.0,53.52,0
BottomS34841,13.1271,-11.4877,6.463e-14,4.989e-14,2.066e-14,-0.0004,58.25,1
BottomS34842,13.1238,-11.4729,8.431e-19,1.525e-18,3.701e-18,0.0009,57.82,0
BottomS34843,13.1232,-11.4734,1.366e-18,1.249e-18,7.487e-19,-0.0007,57.59,0
BottomS34844,13.1217,-11.4725,2.901e-18,4.801e-18,9.672e-18,0.0004,57.49,0
BottomS34845,13.1314,-11.4883,3.343e-18,2.837e-18,1.446e-18,0.0003,58.69,0
BottomS34846,13.1198,-11.4725,1.498e-17,1.117e-17,4.579e-18,-0.0002,57.43,0
BottomS34847,13.1184,-11.4720,3.209e-18,2.724e-18,1.359e-18,-0.0006,57.31,0
BottomS34848,13.1168,-11.4721,2.217e-17,1.749e-17,7.558e-18,0.001,57.27,1
BottomS34851,13.1131,-11.4720,8.854e-17,6.436e-17,2.367e-17,-0.0005,57.13,0
BottomS34852,13.1130,-11.4728,1.442e-18,1.284e-18,7.314e-19,-0.0001,57.04,0
BottomS34853,13.1427,-11.4889,1.481e-16,1.021e-16,3.471e-17,0.0002,59.07,0
BottomS34854,13.1432,-11.4874,1.529e-19,1.563e-19,1.178e-19,0.0007,59.14,0
BottomS34855,13.1067,-11.4746,1.207e-17,9.151e-18,3.764e-18,0.0007,56.97,1
BottomS34856,13.1442,-11.4854,2.876e-17,2.097e-17,8.205e-18,0.0008,59.17,0
BottomS34857,13.1059,-11.4756,2.131e-16,1.455e-16,4.922e-17,-0.0004,56.91,0
BottomS34858,13.1045,-11.4763,6.331e-17,4.350e-17,1.505e-17,0.0003,56.9,0
BottomS34859,13.1033,-11.4772,3.464e-17,2.607e-17,1.074e-17,-0.0001,56.81,0
BottomS34860,13.1030,-11.4792,6.333e-17,4.475e-17,1.604e-17,0.0006,56.82,0
BottomS34861,13.1491,-11.4799,1.062e-18,9.626e-19,5.808e-19,0.0,59.1,0
BottomS34862,13.1036,-11.4821,3.140e-18,2.661e-18,1.375e-18,-0.0004,56.93,0
BottomS34864,13.1502,-11.4756,3.086e-19,5.994e-19,1.688e-18,-0.0012,59.07,0
BottomS34865,13.1016,-11.4869,1.404e-16,9.845e-17,3.608e-17,0.0006,57.09,0
BottomS34866,13.1031,-11.4890,5.797e-19,5.422e-19,3.458e-19,0.0002,57.11,0
BottomS34867,13.1471,-11.4707,4.040e-17,2.994e-17,1.159e-17,-0.0011,58.93,0
BottomS34868,13.1469,-11.4700,4.559e-18,6.625e-18,1.036e-17,0.0001,58.67,0
BottomS34869,13.1462,-11.4666,2.052e-18,4.077e-18,1.185e-17,0.0001,58.8,0
BottomS34870,13.1075,-11.4952,1.637e-16,1.160e-16,4.373e-17,0.0007,57.48,0
BottomS34871,13.1072,-11.4984,1.895e-15,2.995e-15,5.674e-15,0.0007,57.4,0
BottomS34872,13.1423,-11.4614,6.443e-17,4.531e-17,1.620e-17,0.0003,58.5,0
BottomS34874,13.1379,-11.4585,6.362e-17,4.495e-17,1.645e-17,-0.0004,58.38,0
BottomS34875,13.1146,-11.5044,1.838e-18,1.606e-18,8.932e-19,-0.0008,57.9,0
BottomS34876,13.1338,-11.4559,9.504e-18,7.015e-18,2.667e-18,-0.0008,58.22,0
BottomS34877,13.1313,-11.4539,1.272e-18,1.125e-18,6.323e-19,-0.0,58.24,0
BottomS34878,13.1248,-11.5071,3.771e-18,3.140e-18,1.501e-18,0.0004,58.11,0
BottomS34879,13.1261,-11.5080,5.361e-18,4.340e-18,2.080e-18,-0.0003,58.1,0
BottomS34880,13.1215,-11.4519,1.830e-17,1.373e-17,5.555e-18,-0.0005,57.79,0
BottomS34881,13.1173,-11.4529,1.034e-17,7.775e-18,3.256e-18,0.0003,57.65,1
BottomS34882,13.1154,-11.4520,2.719e-17,2.025e-17,8.285e-18,-0.0,57.6,0
BottomS34883,13.1112,-11.4511,6.401e-18,5.225e-18,2.502e-18,0.0003,57.58,0
BottomS34884,13.1415,-11.5090,4.923e-17,3.627e-17,1.387e-17,-0.0,58.6,0
BottomS34885,13.1453,-11.5091,2.072e-18,1.734e-18,8.665e-19,0.0001,58.69,0
BottomS34886,13.1011,-11.4517,2.656e-16,1.812e-16,6.241e-17,0.0003,57.3,0
BottomS34888,13.1554,-11.5067,1.649e-17,1.278e-17,5.433e-18,0.0002,58.85,1
BottomS34889,13.0917,-11.4530,5.519e-19,1.016e-18,2.518e-18,0.0003,57.18,0
BottomS34890,13.1621,-11.5065,7.339e-17,5.229e-17,1.895e-17,0.0002,59.0,0
BottomS34891,13.0853,-11.4559,8.159e-18,6.550e-18,2.923e-18,-0.0006,57.14,0
BottomS34892,13.0829,-11.4572,1.714e-17,1.204e-17,4.410e-18,-0.0005,57.07,0
BottomS34893,13.0835,-11.4609,5.432e-18,1.300e-17,5.710e-17,0.0002,56.99,0
BottomS34894,13.0815,-11.4629,3.077e-18,5.322e-18,1.174e-17,0.0,56.89,0
BottomS34895,13.1730,-11.4959,3.596e-19,3.332e-19,2.032e-19,0.0002,59.04,0
BottomS34896,13.1741,-11.4922,1.664e-19,1.767e-19,1.409e-19,0.0001,59.01,0
BottomS34897,13.1777,-11.4897,2.045e-20,2.564e-20,3.012e-20,-0.0001,59.13,0
BottomS34898,13.0761,-11.4758,1.308e-17,1.007e-17,4.388e-18,0.0004,57.04,1
BottomS34899,13.0766,-11.4746,2.537e-18,3.714e-18,5.786e-18,0.0003,56.98,0
BottomS34900,13.0735,-11.4799,3.157e-17,2.370e-17,9.531e-18,-0.0008,57.06,0
BottomS34901,13.1750,-11.4779,5.468e-20,6.038e-20,5.435e-20,-0.0005,59.14,0
BottomS34902,13.1788,-11.4745,3.623e-17,2.731e-17,1.167e-17,0.0,58.99,0
BottomS34903,13.0734,-11.4900,1.462e-18,1.262e-18,6.568e-19,0.0014,57.09,0
BottomS34904,13.1761,-11.4707,1.602e-18,1.457e-18,8.501e-19,0.0003,59.06,0
BottomS34905,13.0793,-11.4942,2.033e-17,1.521e-17,6.125e-18,-0.0002,57.13,0
BottomS34906,13.1740,-11.4605,6.418e-19,6.123e-19,4.056e-19,0.0011,58.85,0
BottomS34907,13.0791,-11.5040,1.076e-16,7.694e-17,2.842e-17,0.0004,57.4,0
BottomS34908,13.1722,-11.4526,2.718e-17,2.081e-17,8.971e-18,-0.0001,58.78,1
BottomS34909,13.1638,-11.4538,3.923e-18,3.295e-18,1.707e-18,0.0002,58.63,0
BottomS34910,13.1621,-11.4481,3.792e-19,7.259e-19,1.918e-18,-0.0002,58.59,0
BottomS34911,13.0928,-11.5149,4.625e-19,4.392e-19,2.916e-19,0.0008,57.62,0
BottomS34912,13.1533,-11.4438,3.575e-19,3.514e-19,2.534e-19,-0.0,58.38,0
BottomS34913,13.1522,-11.4402,4.928e-18,4.172e-18,2.165e-18,-0.0,58.39,0
BottomS34914,13.1440,-11.4405,1.256e-17,1.012e-17,4.630e-18,0.001,58.2,0
BottomS34916,13.1358,-11.4316,1.476e-17,1.162e-17,5.165e-18,0.0001,58.22,1
BottomS34917,13.1173,-11.5283,1.458e-17,1.118e-17,4.723e-18,0.0008,58.18,1
BottomS34918,13.1275,-11.5288,1.653e-18,1.422e-18,7.718e-19,-0.0004,58.17,0
BottomS34919,13.1198,-11.4303,2.619e-17,1.960e-17,7.864e-18,-0.0,57.93,0
BottomS34920,13.1370,-11.5307,3.896e-18,3.172e-18,1.531e-18,-0.0002,58.34,0
BottomS34921,13.1426,-11.5286,7.563e-17,5.458e-17,2.091e-17,0.0001,58.36,0
BottomS34922,13.1025,-11.4273,3.814e-18,6.757e-18,1.606e-17,-0.0002,57.69,0
BottomS34923,13.1518,-11.5268,5.757e-19,1.189e-18,3.903e-18,-0.0007,58.48,0
BottomS34924,13.0920,-11.4308,1.476e-17,1.140e-17,5.027e-18,0.0001,57.53,1
BottomS34925,13.1648,-11.5305,1.034e-17,8.529e-18,4.175e-18,-0.0003,58.64,0
BottomS34926,13.0863,-11.4344,1.715e-18,3.295e-18,9.224e-18,-0.0008,57.47,0
BottomS34927,13.1741,-11.5279,1.375e-16,9.815e-17,3.503e-17,0.0006,58.73,0
BottomS34928,13.1790,-11.5258,2.909e-17,2.205e-17,8.850e-18,-0.0003,58.79,0
BottomS34929,13.0696,-11.4384,6.851e-19,6.320e-19,4.054e-19,0.0002,57.25,0
BottomS34930,13.1856,-11.5185,6.284e-20,7.170e-20,6.748e-20,0.0009,58.87,0
BottomS34931,13.1904,-11.5174,1.797e-18,1.555e-18,8.296e-19,-0.0009,58.96,0
BottomS34932,13.0577,-11.4473,7.652e-18,6.003e-18,2.679e-18,-0.0004,57.2,0
BottomS34933,13.0490,-11.4473,1.973e-14,1.994e-14,1.453e-14,0.0003,57.1,1
BottomS34934,13.1997,-11.5044,1.668e-17,1.298e-17,5.671e-18,-0.0003,59.0,1
BottomS34935,13.2024,-11.5015,4.722e-14,3.318e-14,1.174e-14,-0.0005,59.03,0
BottomS34936,13.0437,-11.4615,8.046e-20,9.519e-20,9.405e-20,-0.0001,57.17,0
BottomS34937,13.0455,-11.4689,2.147e-14,1.454e-14,4.798e-15,0.0002,57.05,0
BottomS34938,13.0438,-11.4694,1.473e-20,1.945e-20,2.522e-20,0.0004,57.1,0
BottomS34939,13.2067,-11.4857,1.309e-14,9.220e-15,3.199e-15,0.0006,58.93,0
BottomS34940,13.0469,-11.4820,6.431e-19,1.033e-18,2.046e-18,-0.0003,57.15,0
BottomS34941,13.2057,-11.4746,6.446e-18,5.345e-18,2.706e-18,0.0005,59.02,0
BottomS34942,13.2018,-11.4719,2.212e-20,2.663e-20,2.759e-20,-0.0011,59.01,0
BottomS34943,13.2035,-11.4668,1.344e-18,1.238e-18,7.681e-19,0.0001,58.94,0
BottomS34944,13.0507,-11.4995,1.757e-19,1.869e-19,1.534e-19,0.0004,57.28,0
BottomS34945,13.1969,-11.4573,1.390e-17,1.087e-17,4.802e-18,-0.001,58.81,1
BottomS34946,13.1963,-11.4513,2.925e-17,2.163e-17,8.546e-18,0.0006,58.87,0
BottomS34947,13.0600,-11.5139,1.718e-18,1.441e-18,7.291e-19,-0.0012,57.42,0
BottomS34948,13.1878,-11.4417,4.362e-19,6.507e-19,1.085e-18,-0.0,58.72,0
BottomS34949,13.1798,-11.4388,5.142e-19,8.775e-19,1.852e-18,-0.0004,58.57,0
BottomS34951,13.1734,-11.4271,3.679e-18,8.009e-18,2.959e-17,-0.0003,58.53,0
BottomS34952,13.0880,-11.5352,1.912e-17,1.417e-17,5.714e-18,0.0003,57.69,0
BottomS34953,13.1568,-11.4209,1.516e-17,1.230e-17,5.835e-18,-0.0003,58.29,0
BottomS34954,13.0963,-11.5446,1.909e-17,1.516e-17,6.888e-18,0.0004,57.93,1
BottomS34955,13.1462,-11.4123,2.123e-19,2.979e-19,4.456e-19,-0.0002,58.16,0
BottomS34956,13.1126,-11.5469,2.919e-17,2.101e-17,7.859e-18,0.0002,58.14,0
BottomS34957,13.1288,-11.4076,9.324e-18,7.170e-18,2.962e-18,-0.0006,58.02,1
BottomS34958,13.1196,-11.4104,3.743e-19,6.867e-19,1.767e-18,0.0006,57.8,0
BottomS34959,13.1114,-11.4073,1.003e-19,1.080e-19,9.005e-20,0.0001,57.88,0
BottomS34960,13.1072,-11.4040,1.969e-16,1.341e-16,4.497e-17,0.0004,57.87,0
BottomS34961,13.0963,-11.4026,3.349e-14,2.372e-14,8.688e-15,-0.0004,57.64,0
BottomS34962,13.0908,-11.4083,1.612e-18,2.439e-18,4.230e-18,0.0006,57.69,0
BottomS34963,13.0877,-11.4098,3.033e-17,2.254e-17,9.163e-18,0.0001,57.66,0
BottomS34964,13.1750,-11.5502,1.327e-18,1.197e-18,7.156e-19,0.0008,58.54,0
BottomS34965,13.0679,-11.4085,4.982e-19,4.468e-19,2.673e-19,-0.0,57.46,0
BottomS34966,13.1833,-11.5412,1.224e-18,1.065e-18,5.861e-19,-0.0007,58.81,0
BottomS34967,13.0518,-11.4124,1.029e-16,7.398e-17,2.836e-17,0.0001,57.4,0
BottomS34968,13.2042,-11.5427,1.751e-17,1.299e-17,5.299e-18,0.0006,58.8,0
BottomS34969,13.2084,-11.5377,2.403e-18,1.988e-18,9.805e-19,-0.0004,58.77,0
BottomS34970,13.2128,-11.5327,1.444e-17,1.132e-17,5.026e-18,0.0007,58.84,1
BottomS34971,13.2111,-11.5227,1.131e-17,8.658e-18,3.715e-18,0.0004,58.98,1
BottomS34972,13.0308,-11.4373,1.516e-17,1.233e-17,5.872e-18,-0.0005,57.16,0
BottomS34973,13.2308,-11.5227,2.128e-18,5.144e-18,2.359e-17,-0.0001,58.96,0
BottomS34974,13.2368,-11.5171,1.181e-16,8.361e-17,3.150e-17,-0.0007,58.88,0
BottomS34975,13.0198,-11.4529,3.252e-18,2.586e-18,1.230e-18,0.0008,57.19,0
BottomS34976,13.0153,-11.4572,2.669e-18,2.173e-18,1.060e-18,0.0002,57.16,0
BottomS34977,13.2370,-11.4970,7.148e-19,1.406e-18,4.081e-18,0.0008,58.86,0
BottomS34978,13.0185,-11.4729,1.063e-18,9.984e-19,6.310e-19,0.0002,57.28,0
BottomS34979,13.0183,-11.4729,5.026e-19,4.643e-19,2.968e-19,-0.0003,57.18,0
BottomS34980,13.2374,-11.4759,2.800e-14,1.927e-14,6.472e-15,0.0,58.92,0
BottomS34981,13.0139,-11.4884,3.883e-17,2.869e-17,1.146e-17,-0.0003,57.15,0
BottomS34982,13.0193,-11.4944,4.967e-17,3.725e-17,1.471e-17,0.0001,57.23,0
BottomS34983,13.0246,-11.5026,8.661e-16,5.631e-16,1.763e-16,0.0,57.24,0
BottomS34984,13.2251,-11.4514,1.477e-17,1.149e-17,4.856e-18,-0.0005,58.74,1
BottomS34985,13.2204,-11.4456,1.186e-18,1.071e-18,6.321e-19,-0.0005,58.75,0
BottomS34986,13.2189,-11.4387,7.844e-18,6.241e-18,2.917e-18,0.0,58.66,0
BottomS34987,13.0407,-11.5294,2.908e-14,2.039e-14,7.432e-15,0.0002,57.51,0
BottomS34988,13.1990,-11.4299,2.711e-19,2.725e-19,1.960e-19,-0.0,58.65,0
BottomS34989,13.1233,-11.4739,1.528e-18,1.317e-18,7.040e-19,-0.0004,57.54,0
BottomS34990,13.1301,-11.4862,1.841e-18,1.677e-18,9.737e-19,-0.0002,58.62,0
BottomS34991,13.1306,-11.4879,3.221e-18,7.522e-18,3.118e-17,0.0005,58.78,0
BottomS34992,13.1316,-11.4880,1.652e-19,1.751e-19,1.420e-19,0.0009,58.68,0
BottomS34993,13.1196,-11.4721,5.356e-18,4.402e-18,2.102e-18,0.0002,57.35,0
BottomS34994,13.1339,-11.4895,9.231e-19,1.288e-18,1.805e-18,-0.0003,58.96,0
BottomS34997,13.1181,-11.4744,1.624e-19,1.780e-19,1.558e-19,0.0006,57.16,0
BottomS34999,13.1121,-11.4709,8.986e-18,6.720e-18,2.846e-18,0.0009,57.06,1
BottomS35001,13.1124,-11.4732,4.983e-20,5.646e-20,5.292e-20,-0.0001,57.04,0
BottomS35002,13.1126,-11.4746,4.212e-17,3.142e-17,1.270e-17,0.0003,56.93,0
BottomS35003,13.1112,-11.4739,6.281e-19,5.729e-19,3.498e-19,0.0004,56.92,0
BottomS35005,13.1103,-11.4751,3.101e-18,2.565e-18,1.299e-18,0.0016,56.87,0
BottomS35006,13.1082,-11.4757,3.074e-18,2.489e-18,1.218e-18,-0.0001,56.95,0
BottomS35007,13.1060,-11.4759,1.352e-18,2.182e-18,4.303e-18,0.0006,57.02,0
BottomS35008,13.1468,-11.4852,2.185e-18,3.972e-18,9.987e-18,0.0003,59.23,0
BottomS35009,13.1445,-11.4819,2.419e-17,1.840e-17,7.692e-18,0.0003,59.2,1
BottomS35010,13.1046,-11.4793,4.638e-20,5.144e-20,4.538e-20,-0.0008,56.9,0
BottomS35011,13.1469,-11.4800,7.349e-19,1.278e-18,2.873e-18,-0.0004,59.16,0
BottomS35012,13.1047,-11.4817,9.267e-19,1.420e-18,2.493e-18,0.0,56.91,0
BottomS35013,13.1061,-11.4819,3.049e-19,5.611e-19,1.423e-18,0.0003,57.01,0
BottomS35016,13.1046,-11.4843,6.410e-19,5.900e-19,3.723e-19,-0.0002,57.03,0
BottomS35017,13.1458,-11.4751,1.411e-20,1.776e-20,1.990e-20,0.0,58.99,0
BottomS35018,13.1479,-11.4729,1.784e-17,1.336e-17,5.496e-18,-0.0003,59.0,1
BottomS35019,13.1467,-11.4748,1.224e-18,1.874e-18,3.254e-18,0.0004,59.03,0
BottomS35020,13.1050,-11.4893,4.300e-19,4.120e-19,2.742e-19,-0.0,57.21,0
BottomS35021,13.1050,-11.4913,1.098e-18,2.309e-18,7.597e-18,-0.0002,57.19,0
BottomS35022,13.1044,-11.4927,5.087e-18,4.097e-18,1.912e-18,-0.0007,57.22,0
BottomS35023,13.1422,-11.4693,1.261e-18,1.813e-18,2.775e-18,-0.0,58.87,0
BottomS35026,13.1422,-11.4637,8.187e-18,6.562e-18,2.964e-18,-0.0,58.46,1
BottomS35027,13.1126,-11.4969,4.774e-14,3.350e-14,1.241e-14,0.0002,57.59,0
BottomS35028,13.1136,-11.4994,5.109e-18,4.246e-18,2.091e-18,-0.0003,57.75,0
BottomS35030,13.1369,-11.4594,1.057e-18,9.531e-19,5.438e-19,-0.0007,58.4,0
BottomS35031,13.1193,-11.5009,1.392e-19,1.471e-19,1.194e-19,0.0,57.9,0
BottomS35032,13.1320,-11.4570,1.778e-18,3.514e-18,1.059e-17,-0.0009,58.19,0
BottomS35033,13.1254,-11.5032,5.719e-18,4.679e-18,2.287e-18,0.0009,58.13,0
BottomS35034,13.1229,-11.5028,3.146e-18,5.611e-18,1.275e-17,0.0,58.02,0
BottomS35035,13.1290,-11.4533,1.815e-18,3.246e-18,7.971e-18,-0.0003,58.02,0
BottomS35036,13.1291,-11.4571,1.818e-20,2.331e-20,2.829e-20,0.0002,58.08,0
BottomS35039,13.1299,-11.5061,7.605e-18,5.976e-18,2.626e-18,-0.0009,58.29,1
BottomS35040,13.1115,-11.4507,4.309e-19,4.169e-19,2.844e-19,0.0002,57.59,0
BottomS35041,13.1373,-11.5091,3.086e-17,2.331e-17,9.468e-18,-0.0003,58.49,0
BottomS35042,13.1092,-11.4490,1.215e-18,1.053e-18,5.700e-19,-0.0003,57.53,0
BottomS35043,13.1405,-11.5065,1.534e-18,2.651e-18,5.886e-18,0.0001,58.63,0
BottomS35045,13.1476,-11.5084,7.446e-19,1.234e-18,2.510e-18,0.0005,58.73,0
BottomS35046,13.1101,-11.4594,3.083e-18,7.074e-18,2.779e-17,0.0002,57.41,0
BottomS35047,13.1497,-11.5060,1.704e-18,1.467e-18,7.725e-19,0.0004,58.8,0
BottomS35048,13.1548,-11.5062,2.835e-20,3.679e-20,4.414e-20,-0.0002,58.84,0
BottomS35050,13.1595,-11.5063,1.006e-18,2.135e-18,7.431e-18,-0.0001,58.89,0
BottomS35051,13.0869,-11.4513,1.517e-18,2.221e-18,3.538e-18,-0.0002,57.12,0
BottomS35052,13.1572,-11.4987,3.606e-18,3.100e-18,1.591e-18,-0.0002,58.98,0
BottomS35053,13.0881,-11.4607,3.109e-20,3.704e-20,3.818e-20,-0.0006,57.05,0
BottomS35055,13.0881,-11.4655,1.600e-17,1.199e-17,4.738e-18,0.0002,57.07,0
BottomS35056,13.1762,-11.5007,1.441e-17,1.133e-17,4.977e-18,0.0001,59.0,1
BottomS35058,13.0853,-11.4727,1.935e-19,1.954e-19,1.447e-19,0.0004,56.96,0
BottomS35059,13.0819,-11.4687,1.869e-18,1.616e-18,9.075e-19,0.0003,57.04,0
BottomS35061,13.0779,-11.4720,1.284e-18,2.317e-18,5.383e-18,0.0005,56.98,0
BottomS35062,13.1781,-11.4887,6.682e-18,5.544e-18,2.714e-18,-0.0003,59.06,0
BottomS35063,13.0719,-11.4708,6.980e-20,7.560e-20,6.716e-20,0.0002,57.03,0
BottomS35064,13.0790,-11.4780,3.694e-18,3.161e-18,1.678e-18,0.0005,57.06,0
BottomS35065,13.1746,-11.4830,8.719e-19,8.000e-19,4.789e-19,0.0002,58.95,0
BottomS35066,13.1777,-11.4822,4.000e-19,4.075e-19,2.965e-19,-0.0,59.05,0
BottomS35067,13.0726,-11.4851,3.713e-18,6.973e-18,1.895e-17,0.0002,57.17,0
BottomS35070,13.0779,-11.4908,1.887e-19,1.949e-19,1.488e-19,-0.0003,57.2,0
BottomS35071,13.0805,-11.4954,1.711e-19,1.696e-19,1.210e-19,0.0001,57.19,0
BottomS35072,13.1738,-11.4596,8.368e-19,7.722e-19,4.922e-19,-0.0003,58.65,0
BottomS35073,13.1687,-11.4624,9.591e-19,2.265e-18,9.768e-18,-0.0007,58.82,0
BottomS35074,13.0800,-11.5035,1.359e-17,1.062e-17,4.694e-18,0.0,57.33,1
BottomS35076,13.1627,-11.4550,1.805e-18,1.561e-18,8.210e-19,0.0,58.7,0
BottomS35077,13.0863,-11.5111,1.036e-18,2.073e-18,6.476e-18,0.0004,57.49,0
BottomS35078,13.0892,-11.5130,2.496e-20,2.951e-20,3.129e-20,0.0005,57.54,0
BottomS35079,13.0957,-11.5116,4.343e-17,3.225e-17,1.254e-17,0.0009,57.56,0
BottomS35080,13.1542,-11.4463,1.174e-16,8.206e-17,2.850e-17,0.0007,58.41,0
BottomS35081,13.1506,-11.4465,1.077e-18,9.489e-19,5.366e-19,0.0,58.39,0
BottomS35082,13.0975,-11.5211,4.328e-18,3.513e-18,1.671e-18,-0.0006,57.74,0
BottomS35083,13.1048,-11.5222,3.453e-19,6.026e-19,1.354e-18,0.0008,57.84,0
BottomS35084,13.1420,-11.4357,2.867e-20,3.247e-20,3.086e-20,-0.0002,58.28,0
BottomS35085,13.1109,-11.5218,5.446e-19,1.020e-18,2.649e-18,0.0005,57.83,0
BottomS35086,13.1213,-11.5264,1.721e-18,3.159e-18,7.965e-18,-0.0005,58.1,0
BottomS35087,13.1234,-11.5275,3.564e-20,4.343e-20,4.561e-20,0.0005,58.09,0
BottomS35089,13.1276,-11.5287,3.534e-17,2.576e-17,9.951e-18,-0.0003,58.24,0
BottomS35090,13.1289,-11.5287,1.180e-18,1.019e-18,5.637e-19,-0.0007,58.17,0
BottomS35091,13.1341,-11.5307,1.665e-19,1.708e-19,1.296e-19,0.0001,58.2,0
BottomS35094,13.1479,-11.5311,1.553e-18,3.106e-18,9.577e-18,0.0003,58.52,0
BottomS35095,13.1537,-11.5330,1.161e-18,2.358e-18,7.455e-18,-0.0001,58.58,0
BottomS35096,13.0968,-11.4384,1.808e-20,2.213e-20,2.390e-20,-0.0003,57.55,0
BottomS35097,13.0864,-11.4281,1.371e-18,2.201e-18,4.281e-18,0.0002,57.49,0
BottomS35098,13.0867,-11.4325,1.021e-16,7.030e-17,2.476e-17,-0.0007,57.37,0
BottomS35100,13.0788,-11.4310,3.461e-18,2.858e-18,1.434e-18,-0.0003,57.41,0
BottomS35102,13.1764,-11.5213,3.436e-18,2.821e-18,1.332e-18,-0.0001,58.78,0
BottomS35103,13.1802,-11.5212,1.147e-17,9.289e-18,4.305e-18,0.0005,58.86,0
BottomS35107,13.0543,-11.4444,8.969e-19,8.172e-19,4.691e-19,0.001,57.15,0
BottomS35108,13.0514,-11.4442,2.725e-18,2.179e-18,9.901e-19,0.0,57.21,0
BottomS35109,13.2030,-11.5123,9.652e-17,6.635e-17,2.336e-17,-0.0008,59.03,0
BottomS35110,13.1937,-11.4954,2.184e-18,3.944e-18,1.008e-17,0.0003,58.99,0
BottomS35111,13.1991,-11.4986,4.347e-17,3.178e-17,1.223e-17,-0.0004,58.99,0
BottomS35112,13.2122,-11.5023,1.257e-17,9.180e-18,3.601e-18,0.0003,59.02,0
BottomS35113,13.1959,-11.4911,3.855e-18,8.962e-18,3.615e-17,-0.0007,58.99,0
BottomS35114,13.2101,-11.4986,6.208e-18,5.050e-18,2.386e-18,0.0004,59.09,0
BottomS35115,13.2015,-11.4841,4.172e-19,6.938e-19,1.433e-18,0.0001,59.08,0
BottomS35116,13.1962,-11.4845,5.536e-19,4.993e-19,3.012e-19,0.0006,59.01,0
BottomS35117,13.2091,-11.4803,7.773e-18,6.316e-18,3.001e-18,-0.0001,58.97,0
BottomS35118,13.0510,-11.4822,9.628e-19,1.579e-18,3.148e-18,0.0001,57.12,0
BottomS35119,13.0478,-11.4810,1.360e-20,1.787e-20,2.344e-20,0.0004,57.17,0
BottomS35120,13.2031,-11.4701,1.474e-20,1.886e-20,2.262e-20,-0.0008,58.95,0
BottomS35122,13.0508,-11.4947,1.082e-18,2.231e-18,7.135e-18,-0.0003,57.2,0
BottomS35123,13.0519,-11.4982,4.432e-19,8.169e-19,2.049e-18,-0.0009,57.27,0
BottomS35125,13.0559,-11.5100,8.396e-19,7.871e-19,4.827e-19,0.0005,57.46,0
BottomS35128,13.0632,-11.5181,6.476e-20,7.653e-20,7.676e-20,0.0003,57.42,0
BottomS35129,13.0685,-11.5197,1.114e-18,2.229e-18,6.831e-18,0.0007,57.47,0
BottomS35131,13.0736,-11.5273,1.161e-17,8.803e-18,3.718e-18,-0.0004,57.56,1
BottomS35133,13.0768,-11.5368,3.020e-19,5.415e-19,1.255e-18,0.0005,57.58,0
BottomS35134,13.1595,-11.4247,7.683e-19,1.489e-18,4.207e-18,0.0009,58.17,0
BottomS35135,13.1009,-11.5399,1.104e-18,1.014e-18,6.121e-19,-0.0002,57.88,0
BottomS35136,13.0944,-11.5390,1.260e-20,1.675e-20,2.143e-20,-0.0002,57.81,0
BottomS35137,13.1040,-11.5390,1.533e-18,1.318e-18,7.035e-19,0.0003,57.91,0
BottomS35138,13.1371,-11.4140,1.428e-19,1.436e-19,1.079e-19,0.0004,58.07,0
BottomS35140,13.1269,-11.4115,1.062e-19,1.110e-19,8.813e-20,0.0004,58.03,0
BottomS35141,13.1248,-11.5557,7.161e-20,7.835e-20,6.802e-20,-0.0003,58.08,0
BottomS35143,13.1416,-11.5550,5.610e-18,4.453e-18,2.024e-18,0.0005,58.38,0
BottomS35144,13.1467,-11.5546,5.557e-19,9.630e-19,2.137e-18,0.0003,58.25,0
BottomS35147,13.1599,-11.5580,4.710e-17,3.354e-17,1.267e-17,0.0006,58.53,0
BottomS35148,13.0744,-11.3992,5.969e-17,4.208e-17,1.560e-17,-0.0007,57.46,0
BottomS35150,13.1799,-11.5533,6.630e-19,6.076e-19,3.693e-19,-0.0001,58.6,0
BottomS35152,13.1880,-11.5458,2.627e-19,2.552e-19,1.741e-19,-0.0002,58.71,0
BottomS35153,13.1885,-11.5431,5.835e-18,8.694e-18,1.466e-17,-0.0003,58.66,0
BottomS35154,13.0538,-11.4166,5.664e-19,5.233e-19,3.201e-19,0.0006,57.41,0
BottomS35155,13.0619,-11.4289,1.532e-18,3.222e-18,1.122e-17,0.0003,57.22,0
BottomS35158,13.0432,-11.4304,6.274e-14,5.028e-14,2.340e-14,-0.0,57.34,1
BottomS35159,13.2186,-11.5289,1.223e-19,1.312e-19,1.086e-19,0.0002,59.0,0
BottomS35160,13.2241,-11.5297,5.382e-20,6.520e-20,6.706e-20,0.0,58.85,0
BottomS35162,13.2209,-11.5091,1.005e-17,8.068e-18,3.730e-18,-0.0002,58.92,0
BottomS35165,13.0184,-11.4518,3.750e-20,4.545e-20,4.942e-20,-0.0006,57.05,0
BottomS35166,13.2281,-11.4938,1.066e-17,7.991e-18,3.347e-18,0.0003,58.96,1
BottomS35167,13.0079,-11.4613,6.171e-17,4.428e-17,1.638e-17,0.0011,57.13,0
BottomS35168,13.0173,-11.4648,2.192e-17,1.685e-17,7.115e-18,0.0001,57.16,1
BottomS35169,13.2396,-11.4768,4.635e-19,8.867e-19,2.389e-18,0.0004,59.0,0
BottomS35170,13.2370,-11.4813,6.652e-20,7.858e-20,7.970e-20,0.0003,58.9,0
BottomS35171,13.0209,-11.4872,1.943e-17,1.500e-17,6.241e-18,0.0001,57.2,1
BottomS35172,13.0117,-11.4891,7.741e-14,6.008e-14,2.713e-14,-0.0003,57.28,1
BottomS35173,13.2418,-11.4698,5.532e-19,5.149e-19,3.136e-19,0.0012,58.95,0
BottomS35174,13.2215,-11.4638,1.089e-19,1.117e-19,8.712e-20,0.0004,58.81,0
BottomS35175,13.0390,-11.5052,5.561e-17,3.969e-17,1.518e-17,0.0001,57.29,0
BottomS35176,13.0273,-11.5048,1.451e-18,1.978e-18,2.749e-18,0.0005,57.25,0
BottomS35177,13.2313,-11.4474,2.344e-18,1.976e-18,1.038e-18,0.0002,58.73,0
BottomS35178,13.0425,-11.5121,4.898e-20,5.572e-20,5.416e-20,0.0007,57.47,0
BottomS35179,13.0339,-11.5257,1.864e-20,2.414e-20,2.896e-20,0.0001,57.41,0
BottomS35180,13.0276,-11.5366,1.574e-20,1.980e-20,2.308e-20,0.0009,57.55,0
BottomS35182,13.0458,-11.5381,6.554e-20,7.018e-20,5.821e-20,0.0,57.53,0
BottomS35184,13.1986,-11.4120,3.426e-17,2.501e-17,9.364e-18,0.0003,58.57,0
BottomS35185,13.0719,-11.5403,1.125e-19,1.247e-19,1.123e-19,-0.0006,57.72,0
